<?xml version="1.0" encoding="UTF-8"?>
<stratego>
 <game type="barrage">
  
  <field content="AAAAAABMEDAAAAAAALCDAAAAAAAAAAAAAAAAKAAAAA__AA__AAAA__AA__AAAAAAXAAAAAAAAAAAAAAAAAAAAAAPOPAAAAAAWYNQ"/>
  <move id="1" source="K2" target="K3"/>
  <move id="2" source="E7" target="E6"/>
  <move id="3" source="G4" target="F4"/>
  <move id="4" source="E6" target="E7"/>
  <move id="5" source="F4" target="F5"/>
  <move id="6" source="E7" target="F7"/>
  <move id="7" source="F5" target="E5"/>
  <move id="8" source="F7" target="G7"/>
  <move id="9" source="E5" target="E6"/>
  <move id="10" source="G7" target="H7"/>
  <move id="11" source="E6" target="E7"/>
  <move id="12" source="H7" target="I7"/>
  <move id="13" source="E7" target="F7"/>
  <move id="14" source="I7" target="I6"/>
  <move id="15" source="K3" target="I3"/>
  <move id="16" source="I6" target="I5"/>
  <move id="17" source="H2" target="H3"/>
  <move id="18" source="I5" target="K5"/>
  <move id="19" source="I3" target="K3"/>
  <move id="20" source="H9" target="H8"/>
  <move id="21" source="F7" target="F8"/>
  <move id="22" source="H8" target="I8"/>
  <move id="23" source="I2" target="I3"/>
  <move id="24" source="I8" target="I7"/>
  <move id="25" source="K3" target="K5"/>
  <move id="26" source="K5" target="K4"/>
  <move id="27" source="H3" target="H4"/>
  <move id="28" source="I7" target="H7"/>
  <move id="29" source="H4" target="I4"/>
  <move id="30" source="K4" target="I4"/>
  <move id="31" source="F8" target="F7"/>
  <move id="32" source="H7" target="I7"/>
  <move id="33" source="F7" target="G7"/>
  <move id="34" source="G:" target="F:"/>
  <move id="35" source="I3" target="I4"/>
  <move id="36" source="F:" target="F9"/>
  <move id="37" source="I4" target="I5"/>
  <move id="38" source="I7" target="K7"/>
  <move id="39" source="G7" target="H7"/>
  <move id="40" source="F9" target="F8"/>
  <move id="41" source="H7" target="I7"/>
  <move id="42" source="K7" target="K3"/>
  <move id="43" source="I5" target="K5"/>
  <move id="44" source="K3" target="H3"/>
  <move id="45" source="K1" target="K2"/>
  <move id="46" source="F8" target="F7"/>
  <move id="47" source="K2" target="H2"/>
  <move id="48" source="F7" target="F6"/>
  <move id="49" source="I7" target="I6"/>
  <move id="50" source="F6" target="F5"/>
  <move id="51" source="I6" target="I5"/>
  <move id="52" source="F5" target="F4"/>
  <move id="53" source="I1" target="I2"/>
  <move id="54" source="F4" target="F3"/>
  <move id="55" source="H2" target="H3"/>
  <move id="56" source="F3" target="G3"/>
  <move id="57" source="I2" target="H2"/>
  <move id="58" source="G3" target="H3"/>
  <move id="59" source="I5" target="I4"/>
  <move id="60" source="H3" target="H2"/>
  <move id="61" source="I4" target="I3"/>
  <move id="62" source="K9" target="K8"/>
  <move id="63" source="I3" target="I2"/>
  <move id="64" source="H2" target="H1"/>
  <player id="1">Player 1</player>
  <player id="2">Player 2</player>
  <result type="1" winner="2"/>
 </game>
</stratego>