<?xml version="1.0" encoding="UTF-8"?>
<stratego>
 <game type="barrage">
  
  <field content="AAAAAAADMBAAAAAAALDEAAAAAAAACKAAAAAAAAAAAA__AA__AAAA__AA__AAQAAAAAAAAAOPPAAAAAAANXAAAAAAAAYWAAAAAAAA"/>
  <move id="1" source="K3" target="K4"/>
  <move id="2" source="C8" target="C9"/>
  <move id="3" source="K4" target="K5"/>
  <move id="4" source="B8" target="C8"/>
  <move id="5" source="K5" target="K6"/>
  <move id="6" source="B9" target="B8"/>
  <move id="7" source="K6" target="K7"/>
  <move id="8" source="C9" target="B9"/>
  <move id="9" source="K7" target="I7"/>
  <move id="10" source="C8" target="C9"/>
  <move id="11" source="I7" target="H7"/>
  <move id="12" source="B8" target="C8"/>
  <move id="13" source="H7" target="G7"/>
  <move id="14" source="B9" target="B8"/>
  <move id="15" source="G7" target="G8"/>
  <move id="16" source="C8" target="D8"/>
  <move id="17" source="G8" target="G9"/>
  <move id="18" source="B8" target="C8"/>
  <move id="19" source="H2" target="G2"/>
  <move id="20" source="D8" target="D9"/>
  <move id="21" source="G2" target="F2"/>
  <move id="22" source="C8" target="D8"/>
  <move id="23" source="F2" target="F3"/>
  <move id="24" source="D9" target="D:"/>
  <move id="25" source="F3" target="F4"/>
  <move id="26" source="D:" target="E:"/>
  <move id="27" source="F4" target="F5"/>
  <move id="28" source="E:" target="F:"/>
  <move id="29" source="G9" target="G8"/>
  <move id="30" source="D8" target="E8"/>
  <move id="31" source="G8" target="H8"/>
  <move id="32" source="E8" target="F8"/>
  <move id="33" source="F5" target="F6"/>
  <move id="34" source="F8" target="G8"/>
  <move id="35" source="H8" target="H7"/>
  <move id="36" source="G8" target="G7"/>
  <move id="37" source="H7" target="I7"/>
  <move id="38" source="G7" target="H7"/>
  <move id="39" source="I7" target="I6"/>
  <move id="40" source="H7" target="G7"/>
  <move id="41" source="I6" target="I7"/>
  <move id="42" source="F:" target="F9"/>
  <move id="43" source="I7" target="I8"/>
  <move id="44" source="F9" target="F8"/>
  <move id="45" source="I8" target="H8"/>
  <move id="46" source="F8" target="F7"/>
  <move id="47" source="F6" target="F5"/>
  <move id="48" source="F7" target="F6"/>
  <move id="49" source="F5" target="F6"/>
  <move id="50" source="G7" target="F7"/>
  <move id="51" source="H8" target="H7"/>
  <move id="52" source="F7" target="F6"/>
  <move id="53" source="H7" target="G7"/>
  <move id="54" source="F6" target="F5"/>
  <move id="55" source="G7" target="F7"/>
  <move id="56" source="F5" target="F4"/>
  <move id="57" source="F7" target="E7"/>
  <move id="58" source="F4" target="F3"/>
  <move id="59" source="E7" target="D7"/>
  <move id="60" source="F3" target="F2"/>
  <move id="61" source="D7" target="C7"/>
  <move id="62" source="F2" target="G2"/>
  <move id="63" source="C7" target="C8"/>
  <move id="64" source="C9" target="D9"/>
  <move id="65" source="C8" target="C9"/>
  <move id="66" source="D9" target="D8"/>
  <move id="67" source="I3" target="K3"/>
  <move id="68" source="D8" target="E8"/>
  <move id="69" source="I2" target="I:"/>
  <move id="70" source="E8" target="E:"/>
  <move id="71" source="I:" target="I8"/>
  <move id="72" source="E:" target="E8"/>
  <move id="73" source="I8" target="I9"/>
  <move id="74" source="E8" target="E9"/>
  <move id="75" source="I9" target="I:"/>
  <move id="76" source="E9" target="E:"/>
  <move id="77" source="I:" target="I9"/>
  <move id="78" source="E:" target="E9"/>
  <move id="79" source="I9" target="I8"/>
  <move id="80" source="E9" target="E8"/>
  <move id="81" source="I8" target="I9"/>
  <move id="82" source="E8" target="E9"/>
  <move id="83" source="I9" target="I:"/>
  <move id="84" source="E9" target="E:"/>
  <move id="85" source="I:" target="I9"/>
  <move id="86" source="E:" target="E9"/>
  <move id="87" source="I9" target="I8"/>
  <move id="88" source="E9" target="E8"/>
  <move id="89" source="I8" target="I7"/>
  <move id="90" source="E8" target="E7"/>
  <move id="91" source="I7" target="I8"/>
  <move id="92" source="E7" target="E8"/>
  <move id="93" source="I8" target="I9"/>
  <move id="94" source="E8" target="E9"/>
  <move id="95" source="I9" target="I4"/>
  <move id="96" source="B:" target="B9"/>
  <move id="97" source="C9" target="C8"/>
  <move id="98" source="B9" target="B8"/>
  <move id="99" source="C8" target="C9"/>
  <move id="100" source="A7" target="B7"/>
  <move id="101" source="C9" target="D9"/>
  <move id="102" source="E9" target="E3"/>
  <move id="103" source="I4" target="I:"/>
  <move id="104" source="E3" target="E:"/>
  <move id="105" source="I:" target="I4"/>
  <move id="106" source="B7" target="C7"/>
  <move id="107" source="D9" target="D8"/>
  <move id="108" source="B8" target="C8"/>
  <move id="109" source="D8" target="D9"/>
  <move id="110" source="C7" target="D7"/>
  <move id="111" source="D9" target="E9"/>
  <move id="112" source="E:" target="I:"/>
  <move id="113" source="E9" target="D9"/>
  <move id="114" source="D7" target="D8"/>
  <move id="115" source="D9" target="C9"/>
  <move id="116" source="C8" target="C9"/>
  <move id="117" source="I4" target="I9"/>
  <move id="118" source="D8" target="E8"/>
  <move id="119" source="I9" target="G9"/>
  <move id="120" source="E8" target="F8"/>
  <move id="121" source="G9" target="G:"/>
  <move id="122" source="I:" target="G:"/>
  <move id="123" source="K3" target="K4"/>
  <move id="124" source="F8" target="G8"/>
  <move id="125" source="K2" target="I2"/>
  <move id="126" source="G2" target="F2"/>
  <move id="127" source="H1" target="G1"/>
  <move id="128" source="G8" target="H8"/>
  <move id="129" source="G1" target="F1"/>
  <move id="130" source="F2" target="F3"/>
  <move id="131" source="F1" target="F3"/>
  <move id="132" source="H8" target="I8"/>
  <move id="133" source="I2" target="H2"/>
  <move id="134" source="I8" target="K8"/>
  <move id="135" source="K4" target="I4"/>
  <move id="136" source="K8" target="K7"/>
  <move id="137" source="I4" target="H4"/>
  <move id="138" source="K7" target="K6"/>
  <move id="139" source="H4" target="G4"/>
  <move id="140" source="K6" target="K5"/>
  <move id="141" source="G4" target="F4"/>
  <move id="142" source="K5" target="K4"/>
  <move id="143" source="F4" target="F5"/>
  <move id="144" source="K4" target="K3"/>
  <move id="145" source="H2" target="I2"/>
  <move id="146" source="K3" target="K4"/>
  <move id="147" source="I2" target="I3"/>
  <move id="148" source="K4" target="K5"/>
  <move id="149" source="I3" target="I4"/>
  <move id="150" source="K5" target="K6"/>
  <move id="151" source="F5" target="F6"/>
  <move id="152" source="K6" target="I6"/>
  <move id="153" source="F6" target="F7"/>
  <move id="154" source="I6" target="I5"/>
  <move id="155" source="F7" target="E7"/>
  <move id="156" source="I5" target="I4"/>
  <move id="157" source="E7" target="D7"/>
  <move id="158" source="A8" target="B8"/>
  <move id="159" source="D7" target="D8"/>
  <move id="160" source="B8" target="C8"/>
  <move id="161" source="D8" target="D9"/>
  <move id="162" source="C8" target="C9"/>
  <move id="163" source="D9" target="D8"/>
  <move id="164" source="C9" target="C8"/>
  <move id="165" source="D8" target="D7"/>
  <move id="166" source="C8" target="C7"/>
  <move id="167" source="D7" target="D8"/>
  <move id="168" source="C7" target="C8"/>
  <move id="169" source="D8" target="D9"/>
  <move id="170" source="C8" target="B8"/>
  <move id="171" source="D9" target="C9"/>
  <move id="172" source="B8" target="B9"/>
  <move id="173" source="C9" target="C8"/>
  <move id="174" source="B9" target="C9"/>
  <move id="175" source="C8" target="B8"/>
  <move id="176" source="C9" target="B9"/>
  <move id="177" source="B8" target="C8"/>
  <move id="178" source="B9" target="C9"/>
  <move id="179" source="C8" target="B8"/>
  <move id="180" source="C9" target="C8"/>
  <move id="181" source="B8" target="B9"/>
  <move id="182" source="C8" target="C9"/>
  <move id="183" source="B9" target="B:"/>
  <move id="184" source="C9" target="B9"/>
  <move id="185" source="B:" target="C:"/>
  <move id="186" source="B9" target="B:"/>
  <move id="187" source="C:" target="C9"/>
  <move id="188" source="B:" target="B9"/>
  <move id="189" source="C9" target="C:"/>
  <move id="190" source="B9" target="B:"/>
  <move id="191" source="C:" target="C9"/>
  <move id="192" source="B:" target="C:"/>
  <move id="193" source="C9" target="B9"/>
  <move id="194" source="C:" target="B:"/>
  <move id="195" source="B9" target="C9"/>
  <move id="196" source="B:" target="C:"/>
  <move id="197" source="C9" target="B9"/>
  <move id="198" source="C:" target="B:"/>
  <move id="199" source="B9" target="C9"/>
  <move id="200" source="B:" target="C:"/>
  <move id="201" source="C9" target="B9"/>
  <move id="202" source="C:" target="D:"/>
  <move id="203" source="B9" target="B:"/>
  <move id="204" source="D:" target="C:"/>
  <move id="205" source="B:" target="A:"/>
  <player id="1">Player 1</player>
  <player id="2">Player 2</player>
  <result type="1" winner="1"/>
 </game>
</stratego>