<?xml version="1.0" encoding="UTF-8"?>
<stratego>
 <game type="barrage">
  
  <field content="MDBCAAAAAALKAAAAAAAAAAAAAAAAAAAAAADEAAAAAA__AA__AAAA__AA__AAAWAAXAAAAAAAOPAAAAAAAPAAQAAAAAAANYAAAAAA"/>
  <move id="1" source="E4" target="D4"/>
  <move id="2" source="B7" target="B6"/>
  <move id="3" source="F4" target="F5"/>
  <move id="4" source="B6" target="B5"/>
  <move id="5" source="D4" target="C4"/>
  <move id="6" source="E7" target="E6"/>
  <move id="7" source="F5" target="F6"/>
  <move id="8" source="E6" target="F6"/>
  <move id="9" source="C4" target="B4"/>
  <move id="10" source="B5" target="B6"/>
  <move id="11" source="B4" target="B5"/>
  <move id="12" source="B6" target="B7"/>
  <move id="13" source="B5" target="B6"/>
  <move id="14" source="B7" target="B8"/>
  <move id="15" source="B6" target="B7"/>
  <move id="16" source="F6" target="F5"/>
  <move id="17" source="B7" target="C7"/>
  <move id="18" source="C8" target="C7"/>
  <move id="19" source="C7" target="C:"/>
  <move id="20" source="F5" target="F4"/>
  <move id="21" source="B2" target="B3"/>
  <move id="22" source="F4" target="F3"/>
  <move id="23" source="B3" target="B4"/>
  <move id="24" source="F3" target="E3"/>
  <move id="25" source="B4" target="B5"/>
  <move id="26" source="E3" target="D3"/>
  <move id="27" source="B5" target="B6"/>
  <move id="28" source="D3" target="C3"/>
  <move id="29" source="B6" target="B7"/>
  <move id="30" source="C3" target="C2"/>
  <move id="31" source="B7" target="B8"/>
  <move id="32" source="C2" target="C1"/>
  <move id="33" source="D1" target="D2"/>
  <move id="34" source="B9" target="B8"/>
  <move id="35" source="D2" target="D3"/>
  <move id="36" source="B8" target="B1"/>
  <move id="37" source="D3" target="D4"/>
  <move id="38" source="D8" target="C8"/>
  <move id="39" source="D4" target="E4"/>
  <move id="40" source="C8" target="B8"/>
  <move id="41" source="A2" target="B2"/>
  <move id="42" source="B8" target="A8"/>
  <move id="43" source="B2" target="A2"/>
  <move id="44" source="E9" target="E8"/>
  <move id="45" source="E4" target="E5"/>
  <move id="46" source="E8" target="E7"/>
  <move id="47" source="E5" target="E6"/>
  <move id="48" source="E7" target="E6"/>
  <move id="49" source="A2" target="A3"/>
  <move id="50" source="E6" target="E5"/>
  <move id="51" source="A3" target="A4"/>
  <move id="52" source="A8" target="F8"/>
  <move id="53" source="A4" target="B4"/>
  <move id="54" source="F8" target="F2"/>
  <move id="55" source="B4" target="C4"/>
  <move id="56" source="F2" target="A2"/>
  <player id="1">Player 1</player>
  <player id="2">Player 2</player>
  <result type="3" winner="2"/>
 </game>
</stratego>