<?xml version="1.0" encoding="UTF-8"?>
<stratego>
 <game type="classic">
  
  <field content="LBFEDDCEFBGIBMKHJHBEDFEDHEFDDGHDJIGBBIGDAA__AA__AAAA__AA__AARNVTPSXTSNPWOPUQUVRPNRSUPNSTRNQPQPQTQPNY"/>
  <move id="1" source="A4" target="A5"/>
  <move id="2" source="F7" target="F6"/>
  <move id="3" source="A5" target="A6"/>
  <move id="4" source="E7" target="E6"/>
  <move id="5" source="A6" target="A7"/>
  <move id="6" source="E6" target="E5"/>
  <move id="7" source="A7" target="A8"/>
  <move id="8" source="E5" target="E4"/>
  <move id="9" source="A8" target="A9"/>
  <move id="10" source="E8" target="E7"/>
  <move id="11" source="A3" target="A8"/>
  <move id="12" source="E7" target="E6"/>
  <move id="13" source="A8" target="B8"/>
  <move id="14" source="E6" target="E5"/>
  <move id="15" source="B3" target="A3"/>
  <move id="16" source="F6" target="E6"/>
  <move id="17" source="A3" target="A4"/>
  <move id="18" source="E9" target="E8"/>
  <move id="19" source="A4" target="A5"/>
  <move id="20" source="E8" target="E7"/>
  <move id="21" source="A5" target="A6"/>
  <move id="22" source="E7" target="F7"/>
  <move id="23" source="B4" target="B5"/>
  <move id="24" source="F7" target="F6"/>
  <move id="25" source="A6" target="B6"/>
  <move id="26" source="F6" target="F5"/>
  <move id="27" source="A2" target="A3"/>
  <move id="28" source="D9" target="E9"/>
  <move id="29" source="A3" target="A4"/>
  <move id="30" source="E9" target="E8"/>
  <move id="31" source="A4" target="A5"/>
  <move id="32" source="E8" target="E7"/>
  <move id="33" source="A5" target="A6"/>
  <move id="34" source="E7" target="F7"/>
  <move id="35" source="A6" target="A7"/>
  <move id="36" source="F7" target="F6"/>
  <move id="37" source="A7" target="B7"/>
  <move id="38" source="F5" target="F4"/>
  <move id="39" source="B5" target="A5"/>
  <move id="40" source="F6" target="F7"/>
  <move id="41" source="A5" target="A6"/>
  <move id="42" source="F7" target="E7"/>
  <move id="43" source="A6" target="A7"/>
  <move id="44" source="F8" target="F7"/>
  <move id="45" source="A7" target="A8"/>
  <move id="46" source="F7" target="F6"/>
  <move id="47" source="C3" target="B3"/>
  <move id="48" source="F6" target="F5"/>
  <move id="49" source="B3" target="B4"/>
  <move id="50" source="F5" target="F4"/>
  <move id="51" source="E4" target="F4"/>
  <move id="52" source="E5" target="F5"/>
  <move id="53" source="F4" target="E4"/>
  <move id="54" source="E6" target="E5"/>
  <move id="55" source="B4" target="B5"/>
  <move id="56" source="E7" target="E6"/>
  <move id="57" source="B5" target="A5"/>
  <move id="58" source="F5" target="F6"/>
  <move id="59" source="A5" target="A6"/>
  <move id="60" source="E5" target="F5"/>
  <move id="61" source="A6" target="A7"/>
  <move id="62" source="E6" target="E5"/>
  <move id="63" source="A7" target="B7"/>
  <move id="64" source="D7" target="E7"/>
  <move id="65" source="B7" target="C7"/>
  <move id="66" source="C7" target="D7"/>
  <move id="67" source="B6" target="B7"/>
  <move id="68" source="C9" target="D9"/>
  <move id="69" source="B7" target="C7"/>
  <move id="70" source="D7" target="C7"/>
  <move id="71" source="D3" target="C3"/>
  <move id="72" source="B8" target="B7"/>
  <move id="73" source="A8" target="C8"/>
  <move id="74" source="D8" target="C8"/>
  <move id="75" source="C3" target="B3"/>
  <move id="76" source="C7" target="C8"/>
  <move id="77" source="B3" target="B4"/>
  <move id="78" source="B7" target="A7"/>
  <move id="79" source="B4" target="A4"/>
  <move id="80" source="A7" target="B7"/>
  <move id="81" source="A4" target="B4"/>
  <move id="82" source="B7" target="A7"/>
  <move id="83" source="B4" target="A4"/>
  <move id="84" source="A7" target="B7"/>
  <move id="85" source="A4" target="B4"/>
  <move id="86" source="B7" target="A7"/>
  <move id="87" source="B4" target="B3"/>
  <move id="88" source="E7" target="E8"/>
  <move id="89" source="B3" target="C3"/>
  <move id="90" source="E8" target="E9"/>
  <move id="91" source="C3" target="B3"/>
  <move id="92" source="F6" target="E6"/>
  <move id="93" source="B3" target="B4"/>
  <move id="94" source="F5" target="F6"/>
  <move id="95" source="B4" target="B5"/>
  <move id="96" source="G7" target="F7"/>
  <move id="97" source="B5" target="B6"/>
  <move id="98" source="C8" target="D8"/>
  <move id="99" source="B6" target="B7"/>
  <move id="100" source="A7" target="A6"/>
  <move id="101" source="B7" target="B6"/>
  <move id="102" source="A6" target="A7"/>
  <move id="103" source="B6" target="B7"/>
  <move id="104" source="A7" target="A6"/>
  <move id="105" source="K4" target="K7"/>
  <move id="106" source="B9" target="C9"/>
  <move id="107" source="A1" target="A2"/>
  <move id="108" source="B:" target="B7"/>
  <move id="109" source="A2" target="A3"/>
  <move id="110" source="C9" target="C8"/>
  <move id="111" source="A3" target="A4"/>
  <move id="112" source="A6" target="B6"/>
  <move id="113" source="A4" target="B4"/>
  <move id="114" source="B6" target="A6"/>
  <move id="115" source="B4" target="A4"/>
  <move id="116" source="A6" target="B6"/>
  <move id="117" source="A4" target="B4"/>
  <move id="118" source="B6" target="A6"/>
  <move id="119" source="B4" target="A4"/>
  <move id="120" source="A6" target="B6"/>
  <move id="121" source="A4" target="B4"/>
  <move id="122" source="B6" target="B7"/>
  <move id="123" source="B4" target="B5"/>
  <move id="124" source="B7" target="C7"/>
  <move id="125" source="B5" target="B6"/>
  <move id="126" source="C7" target="D7"/>
  <move id="127" source="B6" target="B7"/>
  <move id="128" source="C8" target="C7"/>
  <move id="129" source="B7" target="C7"/>
  <move id="130" source="D7" target="E7"/>
  <move id="131" source="C7" target="D7"/>
  <move id="132" source="E7" target="E8"/>
  <move id="133" source="D7" target="E7"/>
  <move id="134" source="F7" target="E7"/>
  <move id="135" source="C4" target="B4"/>
  <move id="136" source="E8" target="E7"/>
  <move id="137" source="E3" target="D3"/>
  <move id="138" source="E7" target="D7"/>
  <move id="139" source="E2" target="E3"/>
  <move id="140" source="F6" target="F7"/>
  <move id="141" source="E4" target="F4"/>
  <move id="142" source="E5" target="F5"/>
  <move id="143" source="E3" target="E4"/>
  <move id="144" source="E6" target="E7"/>
  <move id="145" source="E4" target="E5"/>
  <move id="146" source="F5" target="F4"/>
  <move id="147" source="E5" target="F5"/>
  <move id="148" source="F4" target="E4"/>
  <move id="149" source="F5" target="F6"/>
  <move id="150" source="E7" target="E8"/>
  <move id="151" source="F6" target="F7"/>
  <move id="152" source="D7" target="E7"/>
  <move id="153" source="F7" target="F8"/>
  <move id="154" source="E4" target="F4"/>
  <move id="155" source="F8" target="E8"/>
  <move id="156" source="E7" target="E8"/>
  <move id="157" source="D4" target="E4"/>
  <move id="158" source="F4" target="F5"/>
  <move id="159" source="E4" target="E5"/>
  <move id="160" source="F5" target="F6"/>
  <move id="161" source="E5" target="E6"/>
  <move id="162" source="F6" target="F7"/>
  <move id="163" source="E6" target="E7"/>
  <move id="164" source="F7" target="F8"/>
  <move id="165" source="E7" target="E6"/>
  <move id="166" source="D8" target="D7"/>
  <move id="167" source="E6" target="E5"/>
  <move id="168" source="D7" target="E7"/>
  <move id="169" source="E5" target="E4"/>
  <move id="170" source="E7" target="E6"/>
  <move id="171" source="E4" target="D4"/>
  <move id="172" source="E6" target="E5"/>
  <move id="173" source="D4" target="C4"/>
  <move id="174" source="E5" target="E4"/>
  <move id="175" source="C4" target="C3"/>
  <move id="176" source="E4" target="D4"/>
  <move id="177" source="C3" target="B3"/>
  <move id="178" source="D9" target="D8"/>
  <move id="179" source="B4" target="C4"/>
  <move id="180" source="D4" target="C4"/>
  <move id="181" source="B3" target="B4"/>
  <move id="182" source="D:" target="D9"/>
  <move id="183" source="B4" target="C4"/>
  <move id="184" source="D9" target="C9"/>
  <move id="185" source="F2" target="E2"/>
  <move id="186" source="C9" target="C8"/>
  <move id="187" source="F3" target="E3"/>
  <move id="188" source="C8" target="C7"/>
  <move id="189" source="C4" target="D4"/>
  <move id="190" source="C7" target="D7"/>
  <move id="191" source="F1" target="F5"/>
  <move id="192" source="D7" target="E7"/>
  <move id="193" source="F5" target="E5"/>
  <move id="194" source="E7" target="F7"/>
  <move id="195" source="E5" target="F5"/>
  <move id="196" source="F7" target="E7"/>
  <move id="197" source="F5" target="E5"/>
  <move id="198" source="E7" target="D7"/>
  <move id="199" source="E5" target="E7"/>
  <move id="200" source="D8" target="E8"/>
  <move id="201" source="E7" target="D7"/>
  <move id="202" source="E8" target="E7"/>
  <move id="203" source="D4" target="C4"/>
  <move id="204" source="E7" target="E6"/>
  <move id="205" source="E3" target="F3"/>
  <move id="206" source="E6" target="E5"/>
  <move id="207" source="C4" target="B4"/>
  <move id="208" source="E5" target="E4"/>
  <move id="209" source="E2" target="F2"/>
  <move id="210" source="E4" target="F4"/>
  <move id="211" source="F2" target="F1"/>
  <move id="212" source="F4" target="F3"/>
  <move id="213" source="B4" target="C4"/>
  <move id="214" source="F3" target="G3"/>
  <move id="215" source="G2" target="G3"/>
  <move id="216" source="F8" target="E8"/>
  <move id="217" source="G3" target="F3"/>
  <move id="218" source="E8" target="D8"/>
  <move id="219" source="F3" target="F4"/>
  <move id="220" source="D8" target="C8"/>
  <move id="221" source="F4" target="F5"/>
  <move id="222" source="C8" target="B8"/>
  <move id="223" source="F5" target="F6"/>
  <move id="224" source="B8" target="B7"/>
  <move id="225" source="F6" target="F7"/>
  <move id="226" source="B7" target="B6"/>
  <move id="227" source="F7" target="F8"/>
  <move id="228" source="B6" target="B5"/>
  <move id="229" source="F8" target="E8"/>
  <move id="230" source="B5" target="B4"/>
  <move id="231" source="C4" target="B4"/>
  <move id="232" source="C:" target="C9"/>
  <move id="233" source="E1" target="E4"/>
  <move id="234" source="C9" target="B9"/>
  <move id="235" source="E4" target="B4"/>
  <move id="236" source="B9" target="B8"/>
  <move id="237" source="B4" target="B8"/>
  <move id="238" source="B8" target="B7"/>
  <move id="239" source="G1" target="G2"/>
  <move id="240" source="B7" target="B6"/>
  <move id="241" source="G2" target="G3"/>
  <move id="242" source="E:" target="D:"/>
  <move id="243" source="E8" target="D8"/>
  <move id="244" source="D:" target="C:"/>
  <move id="245" source="D8" target="C8"/>
  <move id="246" source="G8" target="G7"/>
  <move id="247" source="G3" target="F3"/>
  <move id="248" source="G7" target="F7"/>
  <move id="249" source="F3" target="F4"/>
  <move id="250" source="F7" target="F6"/>
  <move id="251" source="F4" target="F5"/>
  <move id="252" source="F6" target="F5"/>
  <move id="253" source="H3" target="G3"/>
  <move id="254" source="F5" target="F4"/>
  <move id="255" source="G3" target="F3"/>
  <move id="256" source="F4" target="F3"/>
  <move id="257" source="B2" target="B3"/>
  <move id="258" source="F3" target="G3"/>
  <move id="259" source="B3" target="B4"/>
  <move id="260" source="B6" target="A6"/>
  <move id="261" source="B4" target="A4"/>
  <move id="262" source="A6" target="B6"/>
  <move id="263" source="A4" target="B4"/>
  <move id="264" source="B6" target="B5"/>
  <move id="265" source="B4" target="B5"/>
  <move id="266" source="E9" target="E8"/>
  <move id="267" source="C8" target="D8"/>
  <move id="268" source="E8" target="E7"/>
  <move id="269" source="D8" target="E8"/>
  <move id="270" source="E7" target="E6"/>
  <move id="271" source="H4" target="H3"/>
  <move id="272" source="G3" target="H3"/>
  <move id="273" source="I3" target="E3"/>
  <move id="274" source="E6" target="E5"/>
  <move id="275" source="E3" target="E5"/>
  <move id="276" source="E5" target="E4"/>
  <move id="277" source="E8" target="E7"/>
  <move id="278" source="E4" target="E3"/>
  <move id="279" source="F1" target="E1"/>
  <move id="280" source="E3" target="E2"/>
  <move id="281" source="E1" target="E2"/>
  <move id="282" source="I7" target="I6"/>
  <move id="283" source="E7" target="F7"/>
  <move id="284" source="I6" target="I5"/>
  <move id="285" source="F7" target="F8"/>
  <move id="286" source="I5" target="I4"/>
  <move id="287" source="H1" target="G1"/>
  <move id="288" source="I8" target="I7"/>
  <move id="289" source="G1" target="G2"/>
  <move id="290" source="I7" target="I6"/>
  <move id="291" source="G2" target="G3"/>
  <move id="292" source="I6" target="I5"/>
  <move id="293" source="G3" target="F3"/>
  <move id="294" source="I5" target="I4"/>
  <move id="295" source="F3" target="F4"/>
  <move id="296" source="I4" target="I3"/>
  <move id="297" source="K3" target="I3"/>
  <move id="298" source="H7" target="I7"/>
  <move id="299" source="I3" target="H3"/>
  <move id="300" source="I7" target="I6"/>
  <move id="301" source="F4" target="F5"/>
  <move id="302" source="I6" target="I5"/>
  <move id="303" source="F5" target="F6"/>
  <move id="304" source="I5" target="I4"/>
  <move id="305" source="F6" target="F7"/>
  <move id="306" source="I4" target="I3"/>
  <move id="307" source="H3" target="H4"/>
  <move id="308" source="I3" target="I4"/>
  <move id="309" source="H4" target="H3"/>
  <move id="310" source="I4" target="H4"/>
  <move id="311" source="H3" target="I3"/>
  <move id="312" source="H4" target="H3"/>
  <move id="313" source="I3" target="I4"/>
  <move id="314" source="H8" target="I8"/>
  <move id="315" source="F7" target="G7"/>
  <move id="316" source="I8" target="I7"/>
  <move id="317" source="G7" target="G8"/>
  <move id="318" source="I7" target="I6"/>
  <move id="319" source="H2" target="H3"/>
  <move id="320" source="H9" target="H8"/>
  <move id="321" source="G8" target="G9"/>
  <move id="322" source="H8" target="H7"/>
  <move id="323" source="F8" target="G8"/>
  <move id="324" source="I6" target="I5"/>
  <move id="325" source="I4" target="I3"/>
  <move id="326" source="I5" target="I4"/>
  <move id="327" source="I3" target="H3"/>
  <move id="328" source="I4" target="I3"/>
  <move id="329" source="H3" target="H4"/>
  <move id="330" source="H7" target="I7"/>
  <move id="331" source="G8" target="G9"/>
  <move id="332" source="F:" target="E:"/>
  <move id="333" source="G9" target="G8"/>
  <move id="334" source="I7" target="I6"/>
  <move id="335" source="G8" target="F8"/>
  <move id="336" source="I6" target="I5"/>
  <move id="337" source="F8" target="E8"/>
  <move id="338" source="I5" target="I4"/>
  <move id="339" source="E8" target="E9"/>
  <move id="340" source="E:" target="D:"/>
  <move id="341" source="E9" target="D9"/>
  <move id="342" source="D:" target="E:"/>
  <move id="343" source="D9" target="E9"/>
  <move id="344" source="E:" target="D:"/>
  <move id="345" source="E9" target="D9"/>
  <move id="346" source="I4" target="H4"/>
  <move id="347" source="D9" target="D:"/>
  <move id="348" source="H4" target="H3"/>
  <move id="349" source="D:" target="C:"/>
  <move id="350" source="H3" target="H2"/>
  <move id="351" source="D3" target="E3"/>
  <move id="352" source="H2" target="I2"/>
  <move id="353" source="E3" target="E2"/>
  <move id="354" source="G:" target="G9"/>
  <move id="355" source="C:" target="C9"/>
  <move id="356" source="G9" target="G8"/>
  <move id="357" source="E2" target="E3"/>
  <move id="358" source="G8" target="G7"/>
  <move id="359" source="C9" target="C8"/>
  <move id="360" source="G7" target="H7"/>
  <move id="361" source="C8" target="C7"/>
  <move id="362" source="H7" target="I7"/>
  <move id="363" source="C7" target="D7"/>
  <move id="364" source="I7" target="I6"/>
  <move id="365" source="D7" target="E7"/>
  <move id="366" source="I6" target="I5"/>
  <move id="367" source="E7" target="F7"/>
  <move id="368" source="I5" target="I4"/>
  <move id="369" source="F7" target="F6"/>
  <move id="370" source="I4" target="K4"/>
  <move id="371" source="F6" target="F5"/>
  <move id="372" source="K4" target="K3"/>
  <move id="373" source="F5" target="F4"/>
  <move id="374" source="K3" target="K2"/>
  <move id="375" source="F4" target="F3"/>
  <move id="376" source="I3" target="H3"/>
  <move id="377" source="F3" target="G3"/>
  <move id="378" source="H3" target="H2"/>
  <move id="379" source="G3" target="G2"/>
  <move id="380" source="H2" target="H1"/>
  <move id="381" source="G2" target="G1"/>
  <move id="382" source="H1" target="I1"/>
  <move id="383" source="G1" target="H1"/>
  <move id="384" source="I1" target="K1"/>
  <move id="385" source="H1" target="G1"/>
  <move id="386" source="A:" target="B:"/>
  <move id="387" source="G1" target="F1"/>
  <move id="388" source="B:" target="B9"/>
  <move id="389" source="F1" target="F2"/>
  <move id="390" source="H:" target="H9"/>
  <move id="391" source="D1" target="E1"/>
  <move id="392" source="H9" target="H8"/>
  <move id="393" source="F2" target="F3"/>
  <move id="394" source="H8" target="H7"/>
  <move id="395" source="F3" target="G3"/>
  <move id="396" source="H7" target="I7"/>
  <move id="397" source="G3" target="H3"/>
  <move id="398" source="I7" target="H7"/>
  <move id="399" source="B5" target="B6"/>
  <move id="400" source="H7" target="F7"/>
  <move id="401" source="H3" target="G3"/>
  <move id="402" source="F7" target="F6"/>
  <move id="403" source="B6" target="B7"/>
  <move id="404" source="F6" target="E6"/>
  <move id="405" source="B7" target="B8"/>
  <move id="406" source="B9" target="C9"/>
  <move id="407" source="B8" target="C8"/>
  <move id="408" source="C9" target="D9"/>
  <move id="409" source="C8" target="D8"/>
  <move id="410" source="D9" target="E9"/>
  <move id="411" source="D8" target="E8"/>
  <move id="412" source="E9" target="E:"/>
  <move id="413" source="E8" target="E7"/>
  <move id="414" source="E6" target="E5"/>
  <move id="415" source="E7" target="E6"/>
  <move id="416" source="E5" target="E4"/>
  <move id="417" source="E3" target="E4"/>
  <move id="418" source="E:" target="E9"/>
  <move id="419" source="E4" target="E3"/>
  <move id="420" source="E9" target="D9"/>
  <move id="421" source="E6" target="E7"/>
  <move id="422" source="D9" target="C9"/>
  <move id="423" source="E7" target="D7"/>
  <move id="424" source="I9" target="I8"/>
  <move id="425" source="D7" target="D8"/>
  <move id="426" source="I8" target="H8"/>
  <move id="427" source="G3" target="F3"/>
  <move id="428" source="H8" target="H7"/>
  <move id="429" source="F3" target="F4"/>
  <move id="430" source="H7" target="I7"/>
  <move id="431" source="F4" target="F5"/>
  <move id="432" source="I7" target="I6"/>
  <move id="433" source="F5" target="F6"/>
  <move id="434" source="I6" target="I5"/>
  <move id="435" source="F6" target="F5"/>
  <move id="436" source="I5" target="I4"/>
  <move id="437" source="F5" target="F4"/>
  <move id="438" source="I4" target="I3"/>
  <move id="439" source="F4" target="F3"/>
  <move id="440" source="I3" target="H3"/>
  <move id="441" source="F3" target="G3"/>
  <move id="442" source="H3" target="H2"/>
  <move id="443" source="E3" target="E2"/>
  <move id="444" source="H2" target="H1"/>
  <move id="445" source="G3" target="G2"/>
  <move id="446" source="H1" target="I1"/>
  <move id="447" source="G2" target="G1"/>
  <move id="448" source="C9" target="C:"/>
  <move id="449" source="E2" target="E3"/>
  <move id="450" source="C:" target="D:"/>
  <move id="451" source="G1" target="H1"/>
  <move id="452" source="D:" target="E:"/>
  <move id="453" source="H1" target="I1"/>
  <move id="454" source="E:" target="F:"/>
  <move id="455" source="I1" target="H1"/>
  <move id="456" source="F:" target="G:"/>
  <move id="457" source="H1" target="H2"/>
  <move id="458" source="G:" target="G9"/>
  <move id="459" source="D8" target="D7"/>
  <move id="460" source="G9" target="G8"/>
  <move id="461" source="D7" target="E7"/>
  <move id="462" source="G8" target="H8"/>
  <move id="463" source="E7" target="E6"/>
  <move id="464" source="H8" target="H7"/>
  <move id="465" source="E6" target="E5"/>
  <move id="466" source="H7" target="I7"/>
  <move id="467" source="E5" target="E4"/>
  <move id="468" source="I7" target="I6"/>
  <move id="469" source="E4" target="D4"/>
  <move id="470" source="I6" target="I5"/>
  <move id="471" source="H2" target="H3"/>
  <move id="472" source="I5" target="K5"/>
  <move id="473" source="H3" target="I3"/>
  <move id="474" source="K8" target="H8"/>
  <move id="475" source="I3" target="I4"/>
  <move id="476" source="H8" target="B8"/>
  <move id="477" source="D4" target="D3"/>
  <move id="478" source="B8" target="B1"/>
  <move id="479" source="E1" target="E2"/>
  <move id="480" source="K5" target="K4"/>
  <move id="481" source="E2" target="F2"/>
  <move id="482" source="K4" target="K3"/>
  <move id="483" source="F2" target="F3"/>
  <move id="484" source="K3" target="K2"/>
  <move id="485" source="F3" target="F4"/>
  <move id="486" source="K2" target="I2"/>
  <move id="487" source="E3" target="E2"/>
  <move id="488" source="I2" target="H2"/>
  <move id="489" source="F4" target="F5"/>
  <move id="490" source="H2" target="G2"/>
  <move id="491" source="F5" target="F6"/>
  <move id="492" source="G2" target="F2"/>
  <move id="493" source="F6" target="F7"/>
  <move id="494" source="F2" target="F1"/>
  <move id="495" source="F7" target="F8"/>
  <move id="496" source="F1" target="E1"/>
  <move id="497" source="C1" target="D1"/>
  <move id="498" source="E1" target="F1"/>
  <move id="499" source="F8" target="F9"/>
  <move id="500" source="F1" target="F2"/>
  <move id="501" source="F9" target="G9"/>
  <move id="502" source="F2" target="F3"/>
  <move id="503" source="G9" target="H9"/>
  <move id="504" source="F3" target="E3"/>
  <move id="505" source="H9" target="I9"/>
  <move id="506" source="E3" target="D3"/>
  <player id="1">Player 1</player>
  <player id="2">Player 2</player>
  <result type="0" winner="1"/>
 </game>
</stratego>