<?xml version="1.0" encoding="UTF-8"?>
<stratego>
 <game type="classic">
  
  <field content="EDIEEDEIBDDJMGBGBGBHLKCBHBEJFDHIFDDFDHGFAA__AA__AAAA__AA__AATSPWPUXPTPSTVOPSNVTNNUQQPPUSQRRQNPRNYNRQ"/>
  <move id="1" source="A4" target="A5"/>
  <move id="2" source="B7" target="B6"/>
  <move id="3" source="A3" target="A4"/>
  <move id="4" source="C7" target="B7"/>
  <move id="5" source="A5" target="A6"/>
  <move id="6" source="D7" target="C7"/>
  <move id="7" source="A4" target="A5"/>
  <move id="8" source="E7" target="E6"/>
  <move id="9" source="A5" target="B5"/>
  <move id="10" source="F7" target="F6"/>
  <move id="11" source="A6" target="B6"/>
  <move id="12" source="A7" target="A6"/>
  <move id="13" source="B6" target="B7"/>
  <move id="14" source="B8" target="B7"/>
  <move id="15" source="B4" target="A4"/>
  <move id="16" source="C7" target="B7"/>
  <move id="17" source="A4" target="A5"/>
  <move id="18" source="B7" target="A7"/>
  <move id="19" source="B5" target="B6"/>
  <move id="20" source="E6" target="E5"/>
  <move id="21" source="B6" target="B7"/>
  <move id="22" source="A6" target="A5"/>
  <move id="23" source="B7" target="A7"/>
  <move id="24" source="A8" target="B8"/>
  <move id="25" source="A5" target="B5"/>
  <move id="26" source="C8" target="C7"/>
  <move id="27" source="B5" target="B6"/>
  <move id="28" source="B8" target="C8"/>
  <move id="29" source="B6" target="B7"/>
  <move id="30" source="E8" target="E7"/>
  <move id="31" source="B7" target="C7"/>
  <move id="32" source="E7" target="E8"/>
  <move id="33" source="B3" target="B4"/>
  <move id="34" source="G7" target="F7"/>
  <move id="35" source="B4" target="B5"/>
  <move id="36" source="F7" target="E7"/>
  <move id="37" source="B5" target="B6"/>
  <move id="38" source="E7" target="D7"/>
  <move id="39" source="B6" target="B7"/>
  <move id="40" source="C8" target="B8"/>
  <move id="41" source="B7" target="B6"/>
  <move id="42" source="E5" target="E4"/>
  <move id="43" source="A7" target="B7"/>
  <move id="44" source="C7" target="C8"/>
  <move id="45" source="B7" target="B8"/>
  <move id="46" source="C8" target="C7"/>
  <move id="47" source="B8" target="B7"/>
  <move id="48" source="C7" target="C8"/>
  <move id="49" source="B6" target="A6"/>
  <move id="50" source="C8" target="C7"/>
  <move id="51" source="A6" target="B6"/>
  <move id="52" source="E8" target="E3"/>
  <move id="53" source="A2" target="A8"/>
  <move id="54" source="D8" target="C8"/>
  <player id="1">Player 1</player>
  <player id="2">Player 2</player>
  <result type="3" winner="1"/>
 </game>
</stratego>