<?xml version="1.0" encoding="UTF-8"?>
<stratego>
 <game type="classic">
  
  <field content="EDBFBMBEEGDBBCJBHIDHIFKGDDELGEGDFHDFIJDHAA__AA__AAAA__AA__AARPSTPSNUSPTPUNRNTOUTRSVRNVYWXQPQNQNQPPQP"/>
  <move id="1" source="I4" target="I7"/>
  <move id="2" source="K7" target="K6"/>
  <move id="3" source="K4" target="I4"/>
  <move id="4" source="K6" target="K5"/>
  <move id="5" source="K3" target="K4"/>
  <move id="6" source="K5" target="K6"/>
  <move id="7" source="K4" target="K5"/>
  <move id="8" source="K6" target="K7"/>
  <move id="9" source="K5" target="K6"/>
  <move id="10" source="I7" target="I6"/>
  <move id="11" source="K6" target="K5"/>
  <move id="12" source="K7" target="I7"/>
  <move id="13" source="I4" target="K4"/>
  <move id="14" source="I6" target="I5"/>
  <move id="15" source="K5" target="K6"/>
  <move id="16" source="K8" target="K7"/>
  <move id="17" source="E4" target="E5"/>
  <move id="18" source="K7" target="K6"/>
  <move id="19" source="E5" target="E6"/>
  <move id="20" source="K6" target="K7"/>
  <move id="21" source="H4" target="I4"/>
  <move id="22" source="I5" target="I6"/>
  <move id="23" source="K4" target="K5"/>
  <move id="24" source="K7" target="K8"/>
  <move id="25" source="K5" target="K6"/>
  <move id="26" source="I6" target="K6"/>
  <move id="27" source="I4" target="H4"/>
  <move id="28" source="K8" target="K7"/>
  <move id="29" source="I3" target="I4"/>
  <move id="30" source="I8" target="K8"/>
  <move id="31" source="I4" target="K4"/>
  <move id="32" source="I7" target="I2"/>
  <move id="33" source="K4" target="I4"/>
  <move id="34" source="K8" target="I8"/>
  <move id="35" source="I4" target="I5"/>
  <move id="36" source="K7" target="K6"/>
  <move id="37" source="H4" target="I4"/>
  <move id="38" source="K9" target="K8"/>
  <move id="39" source="I5" target="K5"/>
  <move id="40" source="K8" target="K7"/>
  <move id="41" source="K5" target="K6"/>
  <move id="42" source="K7" target="K8"/>
  <move id="43" source="K6" target="K5"/>
  <move id="44" source="K:" target="K9"/>
  <move id="45" source="B4" target="B5"/>
  <move id="46" source="I:" target="K:"/>
  <move id="47" source="B5" target="B6"/>
  <move id="48" source="K8" target="K7"/>
  <move id="49" source="B6" target="B7"/>
  <move id="50" source="K7" target="I7"/>
  <move id="51" source="K5" target="I5"/>
  <move id="52" source="K9" target="K8"/>
  <move id="53" source="I5" target="I6"/>
  <move id="54" source="K:" target="K9"/>
  <move id="55" source="I6" target="I7"/>
  <move id="56" source="I8" target="I7"/>
  <move id="57" source="H3" target="I3"/>
  <move id="58" source="K8" target="K7"/>
  <move id="59" source="I4" target="H4"/>
  <move id="60" source="K7" target="K6"/>
  <move id="61" source="I3" target="I4"/>
  <move id="62" source="K9" target="K8"/>
  <move id="63" source="I4" target="I5"/>
  <move id="64" source="I7" target="I8"/>
  <move id="65" source="H4" target="I4"/>
  <move id="66" source="H:" target="I:"/>
  <move id="67" source="E6" target="E7"/>
  <move id="68" source="I:" target="K:"/>
  <move id="69" source="I4" target="K4"/>
  <move id="70" source="K8" target="K7"/>
  <move id="71" source="K4" target="K5"/>
  <move id="72" source="B8" target="B7"/>
  <move id="73" source="B3" target="B4"/>
  <move id="74" source="K7" target="I7"/>
  <move id="75" source="K5" target="K6"/>
  <move id="76" source="I7" target="I6"/>
  <move id="77" source="I5" target="I6"/>
  <move id="78" source="K:" target="K9"/>
  <move id="79" source="K6" target="K7"/>
  <move id="80" source="K9" target="K:"/>
  <move id="81" source="K7" target="K6"/>
  <move id="82" source="G:" target="H:"/>
  <move id="83" source="K6" target="K5"/>
  <move id="84" source="H:" target="I:"/>
  <move id="85" source="B4" target="B5"/>
  <move id="86" source="K:" target="K9"/>
  <move id="87" source="B5" target="B6"/>
  <move id="88" source="K9" target="K8"/>
  <move id="89" source="B6" target="B7"/>
  <move id="90" source="C7" target="B7"/>
  <move id="91" source="A3" target="B3"/>
  <move id="92" source="B7" target="C7"/>
  <move id="93" source="B3" target="B4"/>
  <move id="94" source="I9" target="K9"/>
  <move id="95" source="K5" target="K6"/>
  <move id="96" source="I8" target="I9"/>
  <move id="97" source="B4" target="B5"/>
  <move id="98" source="I:" target="K:"/>
  <move id="99" source="B5" target="B6"/>
  <move id="100" source="I9" target="I:"/>
  <move id="101" source="B6" target="B7"/>
  <move id="102" source="K8" target="I8"/>
  <move id="103" source="B7" target="A7"/>
  <move id="104" source="K9" target="K8"/>
  <move id="105" source="K6" target="K5"/>
  <move id="106" source="K8" target="K7"/>
  <move id="107" source="A4" target="B4"/>
  <move id="108" source="I8" target="I7"/>
  <move id="109" source="I6" target="K6"/>
  <move id="110" source="K7" target="K8"/>
  <move id="111" source="A7" target="A8"/>
  <move id="112" source="C8" target="B8"/>
  <move id="113" source="A8" target="A7"/>
  <move id="114" source="B8" target="B7"/>
  <move id="115" source="A7" target="A6"/>
  <move id="116" source="B7" target="B6"/>
  <move id="117" source="A6" target="A5"/>
  <move id="118" source="B6" target="B5"/>
  <move id="119" source="A5" target="A4"/>
  <move id="120" source="B5" target="A5"/>
  <move id="121" source="A4" target="A3"/>
  <move id="122" source="A5" target="A4"/>
  <move id="123" source="A3" target="B3"/>
  <move id="124" source="H9" target="I9"/>
  <move id="125" source="A2" target="A4"/>
  <move id="126" source="A4" target="A3"/>
  <move id="127" source="B3" target="A3"/>
  <move id="128" source="I7" target="I6"/>
  <move id="129" source="K6" target="I6"/>
  <move id="130" source="I9" target="I8"/>
  <move id="131" source="I6" target="K6"/>
  <move id="132" source="I8" target="I7"/>
  <move id="133" source="G3" target="H3"/>
  <move id="134" source="K8" target="K7"/>
  <move id="135" source="H3" target="I3"/>
  <move id="136" source="I7" target="I8"/>
  <move id="137" source="K6" target="K7"/>
  <move id="138" source="K:" target="K9"/>
  <move id="139" source="I3" target="K3"/>
  <move id="140" source="K9" target="K8"/>
  <move id="141" source="K5" target="I5"/>
  <move id="142" source="K8" target="K7"/>
  <move id="143" source="B4" target="B5"/>
  <move id="144" source="K7" target="K6"/>
  <move id="145" source="I5" target="I4"/>
  <move id="146" source="I8" target="I7"/>
  <move id="147" source="I4" target="H4"/>
  <move id="148" source="I7" target="I6"/>
  <move id="149" source="F3" target="I3"/>
  <move id="150" source="I6" target="I5"/>
  <move id="151" source="H4" target="H3"/>
  <move id="152" source="I5" target="I4"/>
  <move id="153" source="I3" target="I4"/>
  <move id="154" source="I4" target="I3"/>
  <move id="155" source="H3" target="H4"/>
  <move id="156" source="I3" target="I4"/>
  <move id="157" source="H4" target="H3"/>
  <move id="158" source="I4" target="I3"/>
  <move id="159" source="H3" target="H4"/>
  <move id="160" source="I3" target="I4"/>
  <move id="161" source="H4" target="H3"/>
  <move id="162" source="I4" target="I3"/>
  <move id="163" source="H3" target="H4"/>
  <move id="164" source="I3" target="K3"/>
  <move id="165" source="H4" target="I4"/>
  <move id="166" source="K3" target="K2"/>
  <move id="167" source="I4" target="I5"/>
  <move id="168" source="H7" target="I7"/>
  <move id="169" source="E3" target="E4"/>
  <move id="170" source="K2" target="I2"/>
  <move id="171" source="E4" target="E5"/>
  <move id="172" source="K6" target="K1"/>
  <move id="173" source="E5" target="E6"/>
  <move id="174" source="I2" target="K2"/>
  <move id="175" source="E6" target="E7"/>
  <move id="176" source="K2" target="K1"/>
  <move id="177" source="E7" target="E8"/>
  <move id="178" source="K1" target="K2"/>
  <move id="179" source="E2" target="E3"/>
  <move id="180" source="K2" target="I2"/>
  <move id="181" source="E3" target="E4"/>
  <move id="182" source="I2" target="I3"/>
  <move id="183" source="E4" target="E5"/>
  <move id="184" source="I3" target="H3"/>
  <move id="185" source="E5" target="E6"/>
  <move id="186" source="H3" target="G3"/>
  <move id="187" source="E6" target="E7"/>
  <move id="188" source="G3" target="G2"/>
  <move id="189" source="I5" target="I6"/>
  <move id="190" source="I7" target="K7"/>
  <move id="191" source="I6" target="K6"/>
  <move id="192" source="K7" target="I7"/>
  <move id="193" source="K6" target="I6"/>
  <move id="194" source="I7" target="K7"/>
  <move id="195" source="I6" target="K6"/>
  <move id="196" source="K7" target="I7"/>
  <move id="197" source="K6" target="I6"/>
  <move id="198" source="I7" target="K7"/>
  <move id="199" source="I6" target="K6"/>
  <move id="200" source="K7" target="K8"/>
  <move id="201" source="K6" target="K7"/>
  <move id="202" source="H8" target="I8"/>
  <move id="203" source="K7" target="K8"/>
  <move id="204" source="I8" target="I7"/>
  <move id="205" source="D3" target="E3"/>
  <move id="206" source="I7" target="I6"/>
  <move id="207" source="E3" target="E4"/>
  <move id="208" source="I6" target="I5"/>
  <move id="209" source="C3" target="D3"/>
  <move id="210" source="I5" target="I4"/>
  <move id="211" source="D3" target="E3"/>
  <move id="212" source="I4" target="I3"/>
  <move id="213" source="E3" target="F3"/>
  <move id="214" source="I3" target="I2"/>
  <move id="215" source="F3" target="G3"/>
  <move id="216" source="C9" target="C8"/>
  <move id="217" source="E4" target="E5"/>
  <move id="218" source="G2" target="G3"/>
  <move id="219" source="B5" target="B6"/>
  <move id="220" source="C8" target="B8"/>
  <move id="221" source="B6" target="B7"/>
  <move id="222" source="B8" target="B7"/>
  <move id="223" source="E7" target="D7"/>
  <move id="224" source="B7" target="B6"/>
  <move id="225" source="E5" target="F5"/>
  <move id="226" source="B6" target="B5"/>
  <move id="227" source="D7" target="E7"/>
  <move id="228" source="B5" target="B4"/>
  <move id="229" source="E7" target="E6"/>
  <move id="230" source="B4" target="B3"/>
  <move id="231" source="E6" target="E5"/>
  <move id="232" source="B3" target="C3"/>
  <move id="233" source="E5" target="E4"/>
  <move id="234" source="C3" target="C2"/>
  <move id="235" source="D2" target="D3"/>
  <move id="236" source="A9" target="A8"/>
  <move id="237" source="D3" target="E3"/>
  <move id="238" source="A8" target="A7"/>
  <move id="239" source="E3" target="F3"/>
  <move id="240" source="A7" target="A6"/>
  <move id="241" source="F3" target="G3"/>
  <move id="242" source="A6" target="A5"/>
  <move id="243" source="G3" target="H3"/>
  <move id="244" source="A5" target="A4"/>
  <move id="245" source="H3" target="I3"/>
  <move id="246" source="I2" target="H2"/>
  <move id="247" source="I3" target="I4"/>
  <move id="248" source="A4" target="A3"/>
  <move id="249" source="I4" target="I5"/>
  <move id="250" source="A3" target="A2"/>
  <move id="251" source="I5" target="I6"/>
  <move id="252" source="A2" target="A1"/>
  <move id="253" source="I6" target="I7"/>
  <move id="254" source="A1" target="B1"/>
  <move id="255" source="K8" target="I8"/>
  <move id="256" source="B1" target="C1"/>
  <move id="257" source="I8" target="H8"/>
  <move id="258" source="C7" target="B7"/>
  <move id="259" source="I7" target="H7"/>
  <move id="260" source="B7" target="B6"/>
  <move id="261" source="H7" target="G7"/>
  <move id="262" source="B6" target="B5"/>
  <move id="263" source="E4" target="E3"/>
  <move id="264" source="I:" target="K:"/>
  <move id="265" source="H8" target="I8"/>
  <move id="266" source="K:" target="K9"/>
  <move id="267" source="C4" target="B4"/>
  <move id="268" source="B5" target="B4"/>
  <move id="269" source="D4" target="C4"/>
  <move id="270" source="B4" target="B3"/>
  <move id="271" source="C4" target="B4"/>
  <move id="272" source="B3" target="C3"/>
  <move id="273" source="E3" target="D3"/>
  <move id="274" source="C3" target="D3"/>
  <move id="275" source="D3" target="D4"/>
  <move id="276" source="A:" target="A1"/>
  <move id="277" source="D4" target="D3"/>
  <move id="278" source="F:" target="G:"/>
  <move id="279" source="F5" target="E5"/>
  <move id="280" source="G:" target="H:"/>
  <move id="281" source="E5" target="E6"/>
  <move id="282" source="H:" target="I:"/>
  <move id="283" source="E6" target="E7"/>
  <move id="284" source="F9" target="F:"/>
  <move id="285" source="E7" target="E8"/>
  <move id="286" source="F:" target="G:"/>
  <move id="287" source="E8" target="E7"/>
  <move id="288" source="G:" target="H:"/>
  <move id="289" source="D3" target="E3"/>
  <move id="290" source="H:" target="H9"/>
  <move id="291" source="E3" target="F3"/>
  <move id="292" source="H9" target="H8"/>
  <move id="293" source="I8" target="H8"/>
  <move id="294" source="K9" target="K8"/>
  <move id="295" source="F3" target="G3"/>
  <move id="296" source="K8" target="K7"/>
  <move id="297" source="G3" target="H3"/>
  <move id="298" source="K7" target="K6"/>
  <move id="299" source="H3" target="H4"/>
  <move id="300" source="K6" target="K5"/>
  <move id="301" source="H4" target="I4"/>
  <move id="302" source="A1" target="A3"/>
  <move id="303" source="G4" target="G3"/>
  <move id="304" source="F7" target="F6"/>
  <move id="305" source="G3" target="F3"/>
  <move id="306" source="F6" target="F5"/>
  <move id="307" source="F4" target="F5"/>
  <move id="308" source="F5" target="E5"/>
  <move id="309" source="E7" target="E6"/>
  <move id="310" source="E5" target="E6"/>
  <move id="311" source="F3" target="F4"/>
  <move id="312" source="I:" target="I9"/>
  <move id="313" source="F4" target="F5"/>
  <move id="314" source="I9" target="I8"/>
  <move id="315" source="F5" target="F6"/>
  <move id="316" source="I8" target="I7"/>
  <move id="317" source="F6" target="F7"/>
  <move id="318" source="I7" target="K7"/>
  <move id="319" source="F7" target="E7"/>
  <move id="320" source="K7" target="K8"/>
  <move id="321" source="E7" target="E8"/>
  <move id="322" source="K8" target="K9"/>
  <move id="323" source="E8" target="E7"/>
  <move id="324" source="G8" target="H8"/>
  <move id="325" source="E7" target="F7"/>
  <move id="326" source="H8" target="I8"/>
  <move id="327" source="F7" target="E7"/>
  <move id="328" source="I8" target="I7"/>
  <move id="329" source="I4" target="K4"/>
  <move id="330" source="K5" target="I5"/>
  <move id="331" source="E7" target="E6"/>
  <move id="332" source="I7" target="K7"/>
  <move id="333" source="E6" target="E5"/>
  <move id="334" source="K7" target="K6"/>
  <move id="335" source="E5" target="E4"/>
  <move id="336" source="K6" target="K5"/>
  <move id="337" source="K4" target="I4"/>
  <move id="338" source="I5" target="I6"/>
  <move id="339" source="I4" target="I5"/>
  <move id="340" source="I6" target="I7"/>
  <move id="341" source="I5" target="K5"/>
  <player id="1">Player 1</player>
  <player id="2">Player 2</player>
  <result type="3" winner="1"/>
 </game>
</stratego>