<?xml version="1.0" encoding="UTF-8"?>
<stratego>
 <game type="classic">
  
  <field content="DDGDGIEHEEFBFBEBIDDIBGBEBHCJDJDFHDGFKLHMAA__AA__AAAA__AA__AAPRUWPPXVTPRNVOTSPRNRNSPQTNUPUQQTQSNYNSPQ"/>
  <move id="1" source="I4" target="I5"/>
  <move id="2" source="F7" target="F6"/>
  <move id="3" source="I5" target="K5"/>
  <move id="4" source="E7" target="E6"/>
  <move id="5" source="I3" target="I4"/>
  <move id="6" source="E8" target="E7"/>
  <move id="7" source="I4" target="I5"/>
  <move id="8" source="D8" target="E8"/>
  <move id="9" source="I5" target="I6"/>
  <move id="10" source="F8" target="F7"/>
  <move id="11" source="H4" target="I4"/>
  <move id="12" source="G8" target="F8"/>
  <move id="13" source="I6" target="K6"/>
  <move id="14" source="H8" target="G8"/>
  <move id="15" source="K6" target="K7"/>
  <move id="16" source="K8" target="K7"/>
  <move id="17" source="I4" target="I5"/>
  <move id="18" source="H7" target="H8"/>
  <move id="19" source="I5" target="I6"/>
  <move id="20" source="G7" target="H7"/>
  <move id="21" source="K5" target="K6"/>
  <move id="22" source="F6" target="F5"/>
  <move id="23" source="K6" target="K7"/>
  <move id="24" source="F5" target="F4"/>
  <move id="25" source="K7" target="K6"/>
  <move id="26" source="F7" target="F6"/>
  <move id="27" source="K6" target="K5"/>
  <move id="28" source="F6" target="F5"/>
  <move id="29" source="H3" target="H4"/>
  <move id="30" source="E6" target="E4"/>
  <move id="31" source="I6" target="K6"/>
  <move id="32" source="F5" target="E5"/>
  <move id="33" source="I2" target="I7"/>
  <move id="34" source="E5" target="E4"/>
  <move id="35" source="K5" target="I5"/>
  <move id="36" source="K9" target="K8"/>
  <move id="37" source="I5" target="K5"/>
  <move id="38" source="K8" target="K7"/>
  <move id="39" source="K6" target="I6"/>
  <move id="40" source="K7" target="K6"/>
  <move id="41" source="K5" target="K6"/>
  <move id="42" source="F8" target="F4"/>
  <move id="43" source="I6" target="I7"/>
  <move id="44" source="G8" target="F8"/>
  <move id="45" source="I7" target="H7"/>
  <move id="46" source="E7" target="F7"/>
  <move id="47" source="H4" target="H3"/>
  <move id="48" source="D7" target="E7"/>
  <move id="49" source="K6" target="K5"/>
  <move id="50" source="E7" target="E6"/>
  <move id="51" source="F4" target="F5"/>
  <move id="52" source="E6" target="E5"/>
  <move id="53" source="F5" target="E5"/>
  <move id="54" source="E5" target="E4"/>
  <move id="55" source="H3" target="H4"/>
  <move id="56" source="E4" target="D4"/>
  <move id="57" source="H4" target="I4"/>
  <move id="58" source="D4" target="D3"/>
  <move id="59" source="G4" target="F4"/>
  <move id="60" source="D3" target="C3"/>
  <move id="61" source="I4" target="I5"/>
  <player id="1">Player 1</player>
  <player id="2">Player 2</player>
  <result type="3" winner="1"/>
 </game>
</stratego>