<?xml version="1.0" encoding="UTF-8"?>
<stratego>
 <game type="classic">
  
  <field content="EBFJIIGFDDEBFBCEIHFDLBMBGHHEGDDDBKDHJEDGAA__AA__AAAA__AA__AARPSTPPTUSPPRUNSNWPXRSTQVQNVOPUPQNQNRYNQT"/>
  <move id="1" source="A4" target="A7"/>
  <move id="2" source="K7" target="K6"/>
  <move id="3" source="B4" target="B7"/>
  <move id="4" source="A7" target="A6"/>
  <move id="5" source="A3" target="A4"/>
  <move id="6" source="A6" target="B6"/>
  <move id="7" source="A2" target="A3"/>
  <move id="8" source="B6" target="B5"/>
  <move id="9" source="E4" target="E7"/>
  <move id="10" source="K6" target="I6"/>
  <move id="11" source="I4" target="I6"/>
  <move id="12" source="A8" target="A7"/>
  <move id="13" source="A4" target="A5"/>
  <move id="14" source="B5" target="B4"/>
  <move id="15" source="A5" target="A4"/>
  <move id="16" source="B4" target="C4"/>
  <move id="17" source="A4" target="A5"/>
  <move id="18" source="A7" target="B7"/>
  <move id="19" source="A3" target="A4"/>
  <move id="20" source="B7" target="B3"/>
  <move id="21" source="A5" target="B5"/>
  <move id="22" source="F7" target="F6"/>
  <move id="23" source="E3" target="E4"/>
  <move id="24" source="G7" target="F7"/>
  <move id="25" source="F4" target="F5"/>
  <move id="26" source="I7" target="I6"/>
  <move id="27" source="F5" target="F6"/>
  <move id="28" source="F7" target="F6"/>
  <move id="29" source="B5" target="B6"/>
  <move id="30" source="H7" target="I7"/>
  <move id="31" source="B6" target="B7"/>
  <move id="32" source="H8" target="H7"/>
  <move id="33" source="B7" target="C7"/>
  <move id="34" source="D7" target="E7"/>
  <move id="35" source="C7" target="B7"/>
  <move id="36" source="H7" target="G7"/>
  <move id="37" source="B7" target="B6"/>
  <move id="38" source="G7" target="F7"/>
  <move id="39" source="G4" target="F4"/>
  <move id="40" source="I7" target="H7"/>
  <move id="41" source="H4" target="G4"/>
  <move id="42" source="H7" target="H8"/>
  <move id="43" source="A4" target="A5"/>
  <move id="44" source="F7" target="F6"/>
  <move id="45" source="A1" target="A2"/>
  <move id="46" source="E7" target="F7"/>
  <move id="47" source="A2" target="A3"/>
  <move id="48" source="F7" target="G7"/>
  <move id="49" source="B6" target="B5"/>
  <move id="50" source="G7" target="H7"/>
  <move id="51" source="A5" target="A6"/>
  <move id="52" source="H7" target="I7"/>
  <move id="53" source="A6" target="A7"/>
  <move id="54" source="H8" target="H7"/>
  <move id="55" source="A7" target="A8"/>
  <move id="56" source="H7" target="G7"/>
  <move id="57" source="A8" target="A9"/>
  <move id="58" source="A9" target="A8"/>
  <move id="59" source="B5" target="A5"/>
  <move id="60" source="A8" target="A7"/>
  <move id="61" source="A3" target="A4"/>
  <move id="62" source="I7" target="K7"/>
  <move id="63" source="A5" target="B5"/>
  <move id="64" source="K7" target="K6"/>
  <move id="65" source="B5" target="B6"/>
  <move id="66" source="F6" target="E6"/>
  <move id="67" source="A4" target="A5"/>
  <move id="68" source="G7" target="H7"/>
  <move id="69" source="B6" target="B7"/>
  <move id="70" source="A7" target="A6"/>
  <move id="71" source="A5" target="B5"/>
  <move id="72" source="A6" target="A5"/>
  <move id="73" source="B5" target="B6"/>
  <move id="74" source="A5" target="A6"/>
  <move id="75" source="B6" target="B5"/>
  <move id="76" source="A6" target="A5"/>
  <move id="77" source="B5" target="B6"/>
  <move id="78" source="A5" target="A6"/>
  <move id="79" source="B6" target="B5"/>
  <move id="80" source="A6" target="A5"/>
  <move id="81" source="B5" target="B6"/>
  <move id="82" source="E6" target="E7"/>
  <move id="83" source="B7" target="A7"/>
  <move id="84" source="E7" target="D7"/>
  <move id="85" source="A7" target="A6"/>
  <move id="86" source="A5" target="A4"/>
  <move id="87" source="A6" target="A5"/>
  <move id="88" source="A4" target="A3"/>
  <move id="89" source="B6" target="B5"/>
  <move id="90" source="D7" target="C7"/>
  <move id="91" source="A5" target="A6"/>
  <move id="92" source="A3" target="A4"/>
  <move id="93" source="F4" target="F5"/>
  <move id="94" source="H7" target="G7"/>
  <move id="95" source="E4" target="E5"/>
  <move id="96" source="G7" target="F7"/>
  <move id="97" source="E5" target="E6"/>
  <move id="98" source="I6" target="I7"/>
  <move id="99" source="F5" target="E5"/>
  <move id="100" source="I7" target="H7"/>
  <move id="101" source="E6" target="E7"/>
  <move id="102" source="F7" target="E7"/>
  <move id="103" source="E5" target="E6"/>
  <move id="104" source="E7" target="F7"/>
  <move id="105" source="E6" target="F6"/>
  <move id="106" source="F7" target="G7"/>
  <move id="107" source="F6" target="F7"/>
  <move id="108" source="H7" target="I7"/>
  <move id="109" source="F7" target="G7"/>
  <move id="110" source="G8" target="G7"/>
  <move id="111" source="A6" target="A5"/>
  <move id="112" source="A4" target="A3"/>
  <move id="113" source="B5" target="B6"/>
  <move id="114" source="A3" target="A2"/>
  <move id="115" source="A5" target="A6"/>
  <move id="116" source="G7" target="G8"/>
  <move id="117" source="A6" target="A7"/>
  <move id="118" source="K6" target="I6"/>
  <move id="119" source="I3" target="I4"/>
  <move id="120" source="I7" target="H7"/>
  <move id="121" source="A7" target="B7"/>
  <move id="122" source="C7" target="D7"/>
  <move id="123" source="B7" target="B8"/>
  <move id="124" source="C8" target="C7"/>
  <move id="125" source="B8" target="B7"/>
  <move id="126" source="C7" target="C8"/>
  <move id="127" source="B7" target="B8"/>
  <move id="128" source="C8" target="C7"/>
  <move id="129" source="B6" target="B7"/>
  <move id="130" source="H7" target="G7"/>
  <move id="131" source="B7" target="A7"/>
  <move id="132" source="G7" target="F7"/>
  <move id="133" source="B8" target="B7"/>
  <move id="134" source="C7" target="C8"/>
  <move id="135" source="A7" target="A8"/>
  <move id="136" source="F7" target="F6"/>
  <move id="137" source="A8" target="A9"/>
  <move id="138" source="F6" target="F5"/>
  <move id="139" source="A9" target="A:"/>
  <move id="140" source="B:" target="A:"/>
  <move id="141" source="B7" target="A7"/>
  <move id="142" source="D7" target="E7"/>
  <move id="143" source="A7" target="A8"/>
  <move id="144" source="E7" target="F7"/>
  <move id="145" source="A8" target="A9"/>
  <move id="146" source="F7" target="G7"/>
  <move id="147" source="A9" target="A:"/>
  <move id="148" source="G7" target="H7"/>
  <move id="149" source="D4" target="E4"/>
  <move id="150" source="H7" target="I7"/>
  <move id="151" source="I4" target="I5"/>
  <move id="152" source="A2" target="B2"/>
  <move id="153" source="I5" target="I6"/>
  <move id="154" source="I7" target="H7"/>
  <move id="155" source="A:" target="B:"/>
  <move id="156" source="H7" target="G7"/>
  <move id="157" source="E4" target="E5"/>
  <move id="158" source="F5" target="E5"/>
  <move id="159" source="E5" target="E6"/>
  <move id="160" source="G7" target="F7"/>
  <move id="161" source="E6" target="E7"/>
  <move id="162" source="F7" target="F6"/>
  <move id="163" source="E7" target="D7"/>
  <move id="164" source="G8" target="G7"/>
  <move id="165" source="D7" target="D8"/>
  <move id="166" source="G7" target="G8"/>
  <move id="167" source="B:" target="C:"/>
  <move id="168" source="F6" target="F7"/>
  <move id="169" source="E2" target="E3"/>
  <move id="170" source="G8" target="G7"/>
  <move id="171" source="E3" target="E4"/>
  <move id="172" source="F7" target="A7"/>
  <move id="173" source="E4" target="D4"/>
  <move id="174" source="G7" target="F7"/>
  <move id="175" source="F3" target="F4"/>
  <move id="176" source="F7" target="F6"/>
  <move id="177" source="F4" target="F5"/>
  <move id="178" source="F6" target="F5"/>
  <move id="179" source="K4" target="K5"/>
  <move id="180" source="F5" target="E5"/>
  <move id="181" source="K5" target="K6"/>
  <move id="182" source="I6" target="I7"/>
  <move id="183" source="K6" target="I6"/>
  <move id="184" source="E5" target="E4"/>
  <move id="185" source="I6" target="I7"/>
  <move id="186" source="E4" target="D4"/>
  <move id="187" source="F2" target="F3"/>
  <move id="188" source="D4" target="E4"/>
  <move id="189" source="K3" target="K8"/>
  <move id="190" source="A7" target="A1"/>
  <move id="191" source="E1" target="E2"/>
  <move id="192" source="A1" target="B1"/>
  <move id="193" source="E2" target="F2"/>
  <move id="194" source="C8" target="C7"/>
  <move id="195" source="H3" target="H4"/>
  <move id="196" source="C7" target="D7"/>
  <move id="197" source="H2" target="H3"/>
  <move id="198" source="D7" target="E7"/>
  <move id="199" source="H3" target="I3"/>
  <move id="200" source="C9" target="C8"/>
  <move id="201" source="I3" target="I4"/>
  <move id="202" source="C8" target="C7"/>
  <move id="203" source="I4" target="I5"/>
  <move id="204" source="C7" target="B7"/>
  <move id="205" source="I5" target="I6"/>
  <move id="206" source="I7" target="H7"/>
  <move id="207" source="I6" target="I7"/>
  <move id="208" source="I8" target="I7"/>
  <move id="209" source="G2" target="H2"/>
  <move id="210" source="B7" target="B6"/>
  <move id="211" source="H2" target="H3"/>
  <move id="212" source="B6" target="B5"/>
  <move id="213" source="G3" target="G2"/>
  <move id="214" source="I7" target="I6"/>
  <move id="215" source="H3" target="I3"/>
  <move id="216" source="I6" target="I5"/>
  <move id="217" source="H4" target="I4"/>
  <move id="218" source="I5" target="I4"/>
  <move id="219" source="K2" target="K6"/>
  <move id="220" source="I9" target="I8"/>
  <move id="221" source="K6" target="I6"/>
  <move id="222" source="I8" target="H8"/>
  <move id="223" source="I6" target="I:"/>
  <move id="224" source="H8" target="G8"/>
  <move id="225" source="G2" target="G3"/>
  <move id="226" source="B5" target="B4"/>
  <move id="227" source="G3" target="H3"/>
  <move id="228" source="E7" target="E6"/>
  <move id="229" source="G4" target="F4"/>
  <move id="230" source="E4" target="F4"/>
  <move id="231" source="I2" target="K2"/>
  <move id="232" source="G8" target="G7"/>
  <move id="233" source="K2" target="K3"/>
  <move id="234" source="G7" target="F7"/>
  <move id="235" source="H3" target="H4"/>
  <move id="236" source="F7" target="F6"/>
  <move id="237" source="I1" target="I2"/>
  <move id="238" source="F6" target="F5"/>
  <move id="239" source="I2" target="H2"/>
  <move id="240" source="E6" target="E5"/>
  <move id="241" source="H2" target="H3"/>
  <move id="242" source="E5" target="E4"/>
  <move id="243" source="H1" target="H2"/>
  <move id="244" source="E4" target="D4"/>
  <move id="245" source="G1" target="H1"/>
  <move id="246" source="B4" target="C4"/>
  <move id="247" source="F3" target="G3"/>
  <move id="248" source="C4" target="B4"/>
  <move id="249" source="F2" target="F3"/>
  <move id="250" source="D4" target="C4"/>
  <move id="251" source="F3" target="E3"/>
  <move id="252" source="F5" target="E5"/>
  <move id="253" source="E3" target="E4"/>
  <move id="254" source="F4" target="E4"/>
  <move id="255" source="F1" target="F2"/>
  <move id="256" source="E4" target="F4"/>
  <move id="257" source="F2" target="E2"/>
  <move id="258" source="E5" target="E4"/>
  <move id="259" source="H1" target="G1"/>
  <move id="260" source="E4" target="D4"/>
  <move id="261" source="K3" target="K4"/>
  <move id="262" source="I4" target="K4"/>
  <move id="263" source="I3" target="I4"/>
  <move id="264" source="K4" target="I4"/>
  <move id="265" source="H3" target="K3"/>
  <move id="266" source="D4" target="D3"/>
  <move id="267" source="K3" target="K6"/>
  <move id="268" source="C4" target="C3"/>
  <player id="1">Player 1</player>
  <player id="2">Player 2</player>
  <result type="1" winner="2"/>
 </game>
</stratego>