<?xml version="1.0" encoding="UTF-8"?>
<stratego>
 <game type="classic">
  
  <field content="HBEDIGMBFEDFEBDHJJDDFBBCHDEHEIBGKDGFILGDAA__AA__AAAA__AA__AARTWURTVXTRSVONSPSPSUPNQNTPPPUNPQNQPQQRNY"/>
  <move id="1" source="K4" target="K5"/>
  <move id="2" source="E7" target="E6"/>
  <move id="3" source="K3" target="K4"/>
  <move id="4" source="E6" target="F6"/>
  <move id="5" source="I4" target="I5"/>
  <move id="6" source="F6" target="E6"/>
  <move id="7" source="K5" target="K6"/>
  <move id="8" source="E6" target="F6"/>
  <move id="9" source="K4" target="K5"/>
  <move id="10" source="F6" target="F5"/>
  <move id="11" source="K6" target="I6"/>
  <move id="12" source="F5" target="F6"/>
  <move id="13" source="I6" target="I7"/>
  <move id="14" source="K7" target="K6"/>
  <move id="15" source="H4" target="I4"/>
  <move id="16" source="K8" target="K7"/>
  <move id="17" source="I4" target="K4"/>
  <move id="18" source="F6" target="F5"/>
  <move id="19" source="I5" target="I4"/>
  <move id="20" source="F5" target="E5"/>
  <move id="21" source="I4" target="H4"/>
  <move id="22" source="E5" target="E6"/>
  <move id="23" source="I3" target="I4"/>
  <move id="24" source="E6" target="E7"/>
  <move id="25" source="I4" target="I5"/>
  <move id="26" source="E7" target="E6"/>
  <move id="27" source="K4" target="I4"/>
  <move id="28" source="E6" target="F6"/>
  <move id="29" source="K5" target="K6"/>
  <move id="30" source="K7" target="K6"/>
  <move id="31" source="I5" target="I6"/>
  <move id="32" source="F6" target="E6"/>
  <move id="33" source="I4" target="I5"/>
  <move id="34" source="I8" target="K8"/>
  <move id="35" source="K2" target="K8"/>
  <move id="36" source="H8" target="I8"/>
  <move id="37" source="I2" target="K2"/>
  <move id="38" source="E6" target="E5"/>
  <move id="39" source="H3" target="I3"/>
  <move id="40" source="E5" target="E4"/>
  <move id="41" source="I3" target="K3"/>
  <move id="42" source="F7" target="F6"/>
  <move id="43" source="K3" target="K4"/>
  <move id="44" source="F6" target="E6"/>
  <move id="45" source="K4" target="K5"/>
  <move id="46" source="E6" target="E5"/>
  <move id="47" source="K5" target="K6"/>
  <move id="48" source="I8" target="H8"/>
  <move id="49" source="K6" target="K7"/>
  <move id="50" source="K8" target="I8"/>
  <move id="51" source="K7" target="K8"/>
  <move id="52" source="E5" target="E4"/>
  <move id="53" source="K8" target="I8"/>
  <move id="54" source="I9" target="I8"/>
  <move id="55" source="I6" target="K6"/>
  <move id="56" source="E4" target="E5"/>
  <move id="57" source="I5" target="I6"/>
  <move id="58" source="H9" target="I9"/>
  <move id="59" source="K6" target="K7"/>
  <move id="60" source="H8" target="H9"/>
  <move id="61" source="K7" target="K8"/>
  <move id="62" source="G8" target="H8"/>
  <move id="63" source="K8" target="K9"/>
  <move id="64" source="G7" target="G8"/>
  <move id="65" source="K9" target="K:"/>
  <player id="1">Player 1</player>
  <player id="2">Player 2</player>
  <result type="1" winner="1"/>
 </game>
</stratego>