<?xml version="1.0" encoding="UTF-8"?>
<stratego>
 <game type="classic">
  
  <field content="EDFBFEDEDHDGBDBIDGEBFDIEDFIHJCGHJLGHBMBKAA__AA__AAAA__AA__AAQSRUPRNPRPPXVWNPSPPNUQVOTSQNQRYUTTTNSQPN"/>
  <move id="1" source="E4" target="E5"/>
  <move id="2" source="B7" target="B6"/>
  <move id="3" source="B4" target="B5"/>
  <move id="4" source="B6" target="B5"/>
  <move id="5" source="B5" target="A5"/>
  <move id="6" source="C7" target="B7"/>
  <move id="7" source="B3" target="B7"/>
  <move id="8" source="B7" target="C7"/>
  <move id="9" source="A5" target="A6"/>
  <move id="10" source="B8" target="B7"/>
  <move id="11" source="C4" target="B4"/>
  <move id="12" source="A8" target="B8"/>
  <move id="13" source="B4" target="B5"/>
  <move id="14" source="B7" target="B6"/>
  <move id="15" source="B5" target="B6"/>
  <move id="16" source="B6" target="A6"/>
  <move id="17" source="E5" target="E6"/>
  <move id="18" source="A6" target="A5"/>
  <move id="19" source="E6" target="E7"/>
  <move id="20" source="C7" target="B7"/>
  <move id="21" source="E7" target="F7"/>
  <move id="22" source="B7" target="B6"/>
  <move id="23" source="F7" target="F8"/>
  <move id="24" source="G8" target="F8"/>
  <move id="25" source="D4" target="C4"/>
  <move id="26" source="B6" target="B5"/>
  <move id="27" source="C4" target="B4"/>
  <move id="28" source="B5" target="B4"/>
  <move id="29" source="C3" target="C4"/>
  <move id="30" source="A5" target="B5"/>
  <move id="31" source="C4" target="D4"/>
  <move id="32" source="B5" target="B4"/>
  <move id="33" source="D4" target="E4"/>
  <move id="34" source="A7" target="A6"/>
  <move id="35" source="E4" target="E5"/>
  <move id="36" source="A6" target="B6"/>
  <move id="37" source="E5" target="E6"/>
  <move id="38" source="B6" target="B5"/>
  <move id="39" source="E6" target="F6"/>
  <move id="40" source="B5" target="B4"/>
  <move id="41" source="E3" target="E8"/>
  <move id="42" source="B4" target="C4"/>
  <move id="43" source="D3" target="E3"/>
  <move id="44" source="C4" target="D4"/>
  <move id="45" source="D2" target="D4"/>
  <move id="46" source="D4" target="E4"/>
  <move id="47" source="F4" target="E4"/>
  <move id="48" source="H8" target="F8"/>
  <move id="49" source="E4" target="E5"/>
  <move id="50" source="F8" target="F6"/>
  <move id="51" source="E5" target="E6"/>
  <move id="52" source="B8" target="B7"/>
  <move id="53" source="E6" target="E7"/>
  <move id="54" source="D7" target="E7"/>
  <move id="55" source="F3" target="F4"/>
  <move id="56" source="B7" target="B6"/>
  <move id="57" source="F4" target="F5"/>
  <move id="58" source="B6" target="B5"/>
  <move id="59" source="F5" target="E5"/>
  <move id="60" source="E7" target="D7"/>
  <move id="61" source="E5" target="E6"/>
  <move id="62" source="D7" target="C7"/>
  <move id="63" source="E6" target="E7"/>
  <move id="64" source="C7" target="B7"/>
  <move id="65" source="E7" target="D7"/>
  <move id="66" source="D8" target="D7"/>
  <move id="67" source="F6" target="F7"/>
  <move id="68" source="B5" target="B4"/>
  <move id="69" source="F7" target="G7"/>
  <move id="70" source="B4" target="C4"/>
  <move id="71" source="E3" target="E4"/>
  <move id="72" source="C4" target="E4"/>
  <move id="73" source="E4" target="D4"/>
  <move id="74" source="B7" target="B6"/>
  <move id="75" source="B2" target="B3"/>
  <move id="76" source="B6" target="B5"/>
  <move id="77" source="B3" target="B4"/>
  <move id="78" source="B5" target="A5"/>
  <move id="79" source="D4" target="E4"/>
  <move id="80" source="B9" target="B8"/>
  <move id="81" source="E4" target="E5"/>
  <move id="82" source="B8" target="B7"/>
  <move id="83" source="E5" target="E6"/>
  <move id="84" source="B7" target="B6"/>
  <move id="85" source="E6" target="F6"/>
  <move id="86" source="B6" target="B5"/>
  <move id="87" source="F6" target="F7"/>
  <move id="88" source="B5" target="B4"/>
  <move id="89" source="F7" target="G7"/>
  <move id="90" source="H7" target="H8"/>
  <move id="91" source="G7" target="F7"/>
  <move id="92" source="A5" target="B5"/>
  <move id="93" source="F7" target="F8"/>
  <move id="94" source="B5" target="B4"/>
  <move id="95" source="F8" target="E8"/>
  <move id="96" source="E9" target="E8"/>
  <move id="97" source="A4" target="A5"/>
  <move id="98" source="C8" target="B8"/>
  <move id="99" source="A5" target="A6"/>
  <move id="100" source="B8" target="B7"/>
  <move id="101" source="F2" target="F3"/>
  <move id="102" source="B4" target="B5"/>
  <move id="103" source="A6" target="A7"/>
  <move id="104" source="B7" target="A7"/>
  <move id="105" source="F3" target="F4"/>
  <move id="106" source="H8" target="G8"/>
  <move id="107" source="F4" target="F5"/>
  <move id="108" source="G8" target="F8"/>
  <move id="109" source="F5" target="F6"/>
  <move id="110" source="F8" target="F6"/>
  <move id="111" source="F6" target="F7"/>
  <move id="112" source="D7" target="E7"/>
  <move id="113" source="F7" target="F8"/>
  <move id="114" source="E8" target="D8"/>
  <move id="115" source="G3" target="F3"/>
  <move id="116" source="D8" target="C8"/>
  <move id="117" source="F3" target="E3"/>
  <move id="118" source="D9" target="D8"/>
  <move id="119" source="H3" target="G3"/>
  <move id="120" source="C9" target="D9"/>
  <move id="121" source="G3" target="F3"/>
  <move id="122" source="D9" target="E9"/>
  <move id="123" source="F3" target="F2"/>
  <move id="124" source="E9" target="E8"/>
  <move id="125" source="I3" target="H3"/>
  <move id="126" source="E8" target="F8"/>
  <move id="127" source="H3" target="G3"/>
  <move id="128" source="B5" target="B6"/>
  <move id="129" source="G3" target="F3"/>
  <move id="130" source="B6" target="B7"/>
  <move id="131" source="E3" target="D3"/>
  <move id="132" source="B7" target="B8"/>
  <move id="133" source="D3" target="C3"/>
  <move id="134" source="B8" target="B9"/>
  <move id="135" source="C3" target="B3"/>
  <move id="136" source="E7" target="D7"/>
  <move id="137" source="F3" target="F4"/>
  <move id="138" source="C8" target="C9"/>
  <move id="139" source="F4" target="F5"/>
  <move id="140" source="D8" target="C8"/>
  <move id="141" source="F5" target="F6"/>
  <move id="142" source="C8" target="C7"/>
  <move id="143" source="F6" target="F7"/>
  <move id="144" source="F8" target="F7"/>
  <move id="145" source="H2" target="H3"/>
  <move id="146" source="C7" target="B7"/>
  <move id="147" source="G2" target="G3"/>
  <move id="148" source="B7" target="B6"/>
  <move id="149" source="I2" target="I3"/>
  <move id="150" source="B6" target="B5"/>
  <move id="151" source="B3" target="C3"/>
  <move id="152" source="B5" target="B4"/>
  <move id="153" source="C3" target="D3"/>
  <move id="154" source="B4" target="C4"/>
  <move id="155" source="D3" target="E3"/>
  <move id="156" source="C4" target="D4"/>
  <move id="157" source="A3" target="A4"/>
  <move id="158" source="A7" target="A6"/>
  <move id="159" source="A4" target="A5"/>
  <move id="160" source="D7" target="C7"/>
  <move id="161" source="E3" target="F3"/>
  <move id="162" source="D4" target="E4"/>
  <move id="163" source="A2" target="A3"/>
  <move id="164" source="A6" target="A5"/>
  <move id="165" source="A3" target="B3"/>
  <move id="166" source="A5" target="A4"/>
  <move id="167" source="B3" target="C3"/>
  <move id="168" source="A4" target="B4"/>
  <move id="169" source="C3" target="D3"/>
  <move id="170" source="B4" target="C4"/>
  <move id="171" source="D3" target="E3"/>
  <move id="172" source="E4" target="F4"/>
  <move id="173" source="F3" target="F4"/>
  <move id="174" source="C4" target="D4"/>
  <move id="175" source="F4" target="F5"/>
  <move id="176" source="D4" target="E4"/>
  <move id="177" source="F5" target="F6"/>
  <move id="178" source="E4" target="E3"/>
  <move id="179" source="F6" target="F7"/>
  <move id="180" source="E3" target="E4"/>
  <move id="181" source="F7" target="G7"/>
  <move id="182" source="E4" target="E3"/>
  <move id="183" source="G7" target="H7"/>
  <move id="184" source="E3" target="F3"/>
  <move id="185" source="H7" target="I7"/>
  <move id="186" source="F3" target="G3"/>
  <move id="187" source="I7" target="K7"/>
  <move id="188" source="G3" target="H3"/>
  <move id="189" source="K7" target="K8"/>
  <move id="190" source="H3" target="I3"/>
  <move id="191" source="F2" target="F3"/>
  <move id="192" source="I3" target="H3"/>
  <move id="193" source="F3" target="F4"/>
  <move id="194" source="H3" target="G3"/>
  <move id="195" source="F4" target="F5"/>
  <move id="196" source="C7" target="D7"/>
  <move id="197" source="F5" target="F6"/>
  <move id="198" source="D7" target="E7"/>
  <move id="199" source="A1" target="A2"/>
  <move id="200" source="G3" target="F3"/>
  <move id="201" source="A2" target="A3"/>
  <move id="202" source="F3" target="F4"/>
  <move id="203" source="A3" target="A4"/>
  <move id="204" source="E7" target="D7"/>
  <move id="205" source="F6" target="F7"/>
  <move id="206" source="F4" target="F5"/>
  <move id="207" source="F7" target="G7"/>
  <move id="208" source="F5" target="F6"/>
  <move id="209" source="G7" target="H7"/>
  <move id="210" source="F6" target="F7"/>
  <move id="211" source="H7" target="I7"/>
  <move id="212" source="F7" target="G7"/>
  <move id="213" source="I7" target="K7"/>
  <move id="214" source="G7" target="H7"/>
  <move id="215" source="A4" target="A5"/>
  <move id="216" source="D7" target="C7"/>
  <move id="217" source="A5" target="A6"/>
  <move id="218" source="C7" target="B7"/>
  <player id="1">Player 1</player>
  <player id="2">Player 2</player>
  <result type="3" winner="2"/>
 </game>
</stratego>