<?xml version="1.0" encoding="UTF-8"?>
<stratego>
 <game type="classic">
  
  <field content="EMBEDDFEFDBHLCJBIBHFDEKGHDJHBDFGIIGDBGDEAA__AA__AAAA__AA__AARUOSRTVNRTTWVSXPSNUPNPQNTUPSNRQYPPPQPQNQ"/>
  <move id="1" source="E4" target="E5"/>
  <move id="2" source="F7" target="F6"/>
  <move id="3" source="F4" target="E4"/>
  <move id="4" source="F6" target="F5"/>
  <move id="5" source="F3" target="F4"/>
  <move id="6" source="F5" target="E5"/>
  <move id="7" source="F4" target="F5"/>
  <move id="8" source="E5" target="E6"/>
  <move id="9" source="F5" target="F6"/>
  <move id="10" source="F8" target="F6"/>
  <move id="11" source="E4" target="F4"/>
  <move id="12" source="E6" target="F6"/>
  <move id="13" source="E3" target="E4"/>
  <move id="14" source="F6" target="F7"/>
  <move id="15" source="E4" target="E5"/>
  <move id="16" source="G8" target="F8"/>
  <move id="17" source="E5" target="F5"/>
  <move id="18" source="A7" target="A6"/>
  <move id="19" source="F5" target="F6"/>
  <move id="20" source="A6" target="A5"/>
  <move id="21" source="F6" target="F7"/>
  <move id="22" source="E7" target="F7"/>
  <move id="23" source="D3" target="E3"/>
  <move id="24" source="D7" target="E7"/>
  <move id="25" source="E3" target="E4"/>
  <move id="26" source="D8" target="D7"/>
  <move id="27" source="C3" target="D3"/>
  <move id="28" source="A5" target="A4"/>
  <move id="29" source="D3" target="E3"/>
  <move id="30" source="A8" target="A7"/>
  <move id="31" source="C2" target="C3"/>
  <move id="32" source="A7" target="A6"/>
  <move id="33" source="B4" target="A4"/>
  <move id="34" source="A6" target="A5"/>
  <move id="35" source="B3" target="B4"/>
  <move id="36" source="K7" target="K6"/>
  <move id="37" source="C3" target="B3"/>
  <move id="38" source="K6" target="K5"/>
  <move id="39" source="B4" target="B5"/>
  <move id="40" source="A5" target="A4"/>
  <move id="41" source="B5" target="B6"/>
  <move id="42" source="A4" target="A5"/>
  <move id="43" source="C4" target="B4"/>
  <move id="44" source="A5" target="A6"/>
  <move id="45" source="B6" target="B5"/>
  <move id="46" source="K5" target="K4"/>
  <move id="47" source="I4" target="I7"/>
  <move id="48" source="K4" target="K3"/>
  <move id="49" source="B4" target="A4"/>
  <move id="50" source="K3" target="K2"/>
  <move id="51" source="A4" target="A5"/>
  <move id="52" source="A6" target="B6"/>
  <move id="53" source="A5" target="A6"/>
  <move id="54" source="B6" target="B5"/>
  <move id="55" source="D4" target="C4"/>
  <move id="56" source="B5" target="B6"/>
  <move id="57" source="A6" target="B6"/>
  <move id="58" source="B7" target="B6"/>
  <move id="59" source="B3" target="C3"/>
  <move id="60" source="K2" target="K1"/>
  <move id="61" source="C3" target="D3"/>
  <move id="62" source="K8" target="K2"/>
  <move id="63" source="C4" target="C3"/>
  <move id="64" source="K2" target="I2"/>
  <move id="65" source="D3" target="D4"/>
  <move id="66" source="K1" target="I1"/>
  <move id="67" source="I2" target="I1"/>
  <move id="68" source="B8" target="B7"/>
  <move id="69" source="A3" target="B3"/>
  <move id="70" source="B9" target="B8"/>
  <move id="71" source="B3" target="B4"/>
  <move id="72" source="B8" target="A8"/>
  <move id="73" source="D4" target="C4"/>
  <move id="74" source="A8" target="A7"/>
  <move id="75" source="D2" target="D3"/>
  <move id="76" source="A7" target="A6"/>
  <move id="77" source="D3" target="D4"/>
  <move id="78" source="F7" target="F6"/>
  <move id="79" source="C3" target="B3"/>
  <move id="80" source="F6" target="F5"/>
  <move id="81" source="E3" target="F3"/>
  <move id="82" source="F5" target="E5"/>
  <move id="83" source="F3" target="E3"/>
  <move id="84" source="E5" target="F5"/>
  <move id="85" source="G3" target="F3"/>
  <move id="86" source="F5" target="F4"/>
  <move id="87" source="E4" target="F4"/>
  <move id="88" source="E7" target="E6"/>
  <move id="89" source="F4" target="E4"/>
  <move id="90" source="E6" target="E5"/>
  <move id="91" source="F3" target="F4"/>
  <move id="92" source="D7" target="E7"/>
  <move id="93" source="E2" target="D2"/>
  <move id="94" source="E5" target="E4"/>
  <move id="95" source="F4" target="E4"/>
  <move id="96" source="E7" target="E6"/>
  <move id="97" source="E3" target="D3"/>
  <move id="98" source="E6" target="E5"/>
  <move id="99" source="D2" target="E2"/>
  <move id="100" source="F8" target="F7"/>
  <move id="101" source="E2" target="E3"/>
  <move id="102" source="F7" target="F6"/>
  <move id="103" source="E3" target="F3"/>
  <move id="104" source="F6" target="F5"/>
  <move id="105" source="F3" target="F4"/>
  <move id="106" source="G7" target="F7"/>
  <move id="107" source="D3" target="E3"/>
  <move id="108" source="F7" target="F6"/>
  <move id="109" source="E3" target="D3"/>
  <move id="110" source="I7" target="I6"/>
  <move id="111" source="D3" target="E3"/>
  <move id="112" source="I6" target="I5"/>
  <move id="113" source="D1" target="D2"/>
  <move id="114" source="I5" target="I4"/>
  <move id="115" source="B3" target="C3"/>
  <move id="116" source="I4" target="H4"/>
  <move id="117" source="C3" target="C2"/>
  <move id="118" source="G9" target="G8"/>
  <move id="119" source="D2" target="D3"/>
  <move id="120" source="G8" target="G7"/>
  <move id="121" source="D3" target="C3"/>
  <move id="122" source="G7" target="F7"/>
  <move id="123" source="C3" target="B3"/>
  <move id="124" source="F7" target="E7"/>
  <move id="125" source="B3" target="A3"/>
  <move id="126" source="F6" target="E6"/>
  <move id="127" source="C2" target="C3"/>
  <move id="128" source="F5" target="F6"/>
  <move id="129" source="C3" target="B3"/>
  <move id="130" source="E5" target="F5"/>
  <move id="131" source="E3" target="F3"/>
  <move id="132" source="E6" target="E5"/>
  <move id="133" source="F3" target="E3"/>
  <move id="134" source="F6" target="E6"/>
  <move id="135" source="F4" target="F3"/>
  <move id="136" source="E7" target="F7"/>
  <move id="137" source="F3" target="F4"/>
  <move id="138" source="F7" target="F6"/>
  <move id="139" source="H4" target="I4"/>
  <move id="140" source="E6" target="E7"/>
  <move id="141" source="I4" target="H4"/>
  <move id="142" source="E5" target="E6"/>
  <move id="143" source="B3" target="C3"/>
  <move id="144" source="F5" target="E5"/>
  <move id="145" source="C3" target="C2"/>
  <move id="146" source="F6" target="F4"/>
  <move id="147" source="F4" target="F3"/>
  <move id="148" source="E5" target="F5"/>
  <move id="149" source="F3" target="G3"/>
  <move id="150" source="F5" target="F4"/>
  <move id="151" source="E1" target="E2"/>
  <move id="152" source="F4" target="G4"/>
  <move id="153" source="E2" target="E1"/>
  <move id="154" source="E6" target="E5"/>
  <move id="155" source="E3" target="E2"/>
  <move id="156" source="E5" target="F5"/>
  <move id="157" source="G3" target="F3"/>
  <move id="158" source="F5" target="F4"/>
  <move id="159" source="F3" target="E3"/>
  <move id="160" source="F4" target="F5"/>
  <move id="161" source="E3" target="D3"/>
  <move id="162" source="F5" target="F6"/>
  <move id="163" source="E2" target="E3"/>
  <move id="164" source="E7" target="E6"/>
  <move id="165" source="D3" target="D2"/>
  <move id="166" source="E6" target="E5"/>
  <move id="167" source="E1" target="E2"/>
  <move id="168" source="E5" target="F5"/>
  <move id="169" source="E3" target="D3"/>
  <move id="170" source="F5" target="F4"/>
  <move id="171" source="E2" target="E3"/>
  <move id="172" source="F4" target="F3"/>
  <move id="173" source="C2" target="C3"/>
  <move id="174" source="C7" target="D7"/>
  <move id="175" source="C3" target="B3"/>
  <move id="176" source="F6" target="F7"/>
  <move id="177" source="C4" target="C3"/>
  <move id="178" source="F7" target="G7"/>
  <move id="179" source="C3" target="C4"/>
  <move id="180" source="D7" target="E7"/>
  <move id="181" source="C4" target="C3"/>
  <move id="182" source="E7" target="F7"/>
  <move id="183" source="C3" target="C4"/>
  <move id="184" source="B7" target="C7"/>
  <move id="185" source="D2" target="E2"/>
  <move id="186" source="C7" target="D7"/>
  <move id="187" source="C4" target="C3"/>
  <move id="188" source="D7" target="E7"/>
  <move id="189" source="C3" target="C4"/>
  <move id="190" source="E7" target="E6"/>
  <move id="191" source="E2" target="D2"/>
  <move id="192" source="E6" target="E5"/>
  <move id="193" source="D2" target="C2"/>
  <move id="194" source="F7" target="F6"/>
  <move id="195" source="C4" target="C3"/>
  <move id="196" source="F6" target="F5"/>
  <move id="197" source="D3" target="D2"/>
  <move id="198" source="F5" target="F4"/>
  <move id="199" source="D2" target="E2"/>
  <move id="200" source="E5" target="E4"/>
  <move id="201" source="C3" target="D3"/>
  <move id="202" source="A6" target="B6"/>
  <move id="203" source="D4" target="C4"/>
  <move id="204" source="B6" target="B4"/>
  <move id="205" source="E3" target="F3"/>
  <move id="206" source="E4" target="E5"/>
  <move id="207" source="E2" target="E3"/>
  <move id="208" source="F4" target="F5"/>
  <move id="209" source="E3" target="E4"/>
  <move id="210" source="F3" target="F4"/>
  <move id="211" source="D3" target="E3"/>
  <move id="212" source="F4" target="E4"/>
  <move id="213" source="E4" target="D4"/>
  <move id="214" source="F5" target="F6"/>
  <move id="215" source="E3" target="D3"/>
  <move id="216" source="E5" target="E6"/>
  <move id="217" source="D3" target="C3"/>
  <move id="218" source="F6" target="F7"/>
  <move id="219" source="B3" target="B4"/>
  <move id="220" source="E6" target="E5"/>
  <move id="221" source="C3" target="D3"/>
  <move id="222" source="E5" target="E4"/>
  <move id="223" source="C4" target="C3"/>
  <move id="224" source="E4" target="D4"/>
  <move id="225" source="D3" target="D4"/>
  <move id="226" source="F7" target="F8"/>
  <move id="227" source="D4" target="E4"/>
  <move id="228" source="E8" target="E7"/>
  <move id="229" source="E4" target="E5"/>
  <move id="230" source="E9" target="E8"/>
  <move id="231" source="E5" target="E6"/>
  <move id="232" source="E7" target="E6"/>
  <move id="233" source="C2" target="D2"/>
  <move id="234" source="G7" target="F7"/>
  <move id="235" source="D2" target="D3"/>
  <move id="236" source="F7" target="E7"/>
  <move id="237" source="D3" target="D4"/>
  <move id="238" source="E7" target="E6"/>
  <move id="239" source="B4" target="B3"/>
  <move id="240" source="E6" target="E5"/>
  <move id="241" source="C3" target="C4"/>
  <move id="242" source="E5" target="E4"/>
  <move id="243" source="C4" target="B4"/>
  <move id="244" source="E4" target="D4"/>
  <move id="245" source="B4" target="B5"/>
  <move id="246" source="F9" target="G9"/>
  <move id="247" source="B5" target="B6"/>
  <move id="248" source="G9" target="G8"/>
  <move id="249" source="B6" target="B7"/>
  <move id="250" source="G8" target="G7"/>
  <move id="251" source="B7" target="C7"/>
  <move id="252" source="C8" target="C7"/>
  <move id="253" source="B3" target="C3"/>
  <move id="254" source="F8" target="F7"/>
  <move id="255" source="C3" target="C4"/>
  <move id="256" source="F7" target="F6"/>
  <move id="257" source="C4" target="D4"/>
  <move id="258" source="F6" target="E6"/>
  <move id="259" source="D4" target="E4"/>
  <move id="260" source="E6" target="E5"/>
  <move id="261" source="E4" target="E5"/>
  <move id="262" source="C7" target="D7"/>
  <move id="263" source="E5" target="F5"/>
  <move id="264" source="D7" target="E7"/>
  <move id="265" source="F5" target="F6"/>
  <move id="266" source="G7" target="G8"/>
  <move id="267" source="G2" target="G3"/>
  <move id="268" source="E8" target="E9"/>
  <move id="269" source="G3" target="F3"/>
  <move id="270" source="G8" target="F8"/>
  <move id="271" source="F3" target="E3"/>
  <move id="272" source="F8" target="E8"/>
  <move id="273" source="E3" target="D3"/>
  <move id="274" source="E8" target="D8"/>
  <move id="275" source="D3" target="D4"/>
  <move id="276" source="D8" target="C8"/>
  <move id="277" source="D4" target="C4"/>
  <move id="278" source="C8" target="B8"/>
  <move id="279" source="C4" target="B4"/>
  <move id="280" source="B8" target="B7"/>
  <move id="281" source="B4" target="B5"/>
  <move id="282" source="I8" target="I7"/>
  <move id="283" source="H3" target="G3"/>
  <move id="284" source="I7" target="I6"/>
  <move id="285" source="G3" target="F3"/>
  <move id="286" source="I6" target="I5"/>
  <move id="287" source="F3" target="E3"/>
  <move id="288" source="I5" target="I4"/>
  <move id="289" source="H4" target="H3"/>
  <move id="290" source="I4" target="H4"/>
  <move id="291" source="E3" target="D3"/>
  <move id="292" source="H4" target="H3"/>
  <move id="293" source="D3" target="C3"/>
  <move id="294" source="H3" target="G3"/>
  <move id="295" source="F6" target="F5"/>
  <move id="296" source="G3" target="F3"/>
  <move id="297" source="B5" target="B4"/>
  <move id="298" source="F3" target="E3"/>
  <move id="299" source="B4" target="C4"/>
  <move id="300" source="E3" target="D3"/>
  <move id="301" source="C3" target="B3"/>
  <move id="302" source="E7" target="E6"/>
  <move id="303" source="C4" target="C3"/>
  <move id="304" source="D3" target="D4"/>
  <move id="305" source="F5" target="F4"/>
  <move id="306" source="E6" target="E5"/>
  <move id="307" source="C3" target="C4"/>
  <move id="308" source="D4" target="D3"/>
  <move id="309" source="B3" target="B4"/>
  <move id="310" source="B7" target="B6"/>
  <move id="311" source="B4" target="A4"/>
  <move id="312" source="B6" target="A6"/>
  <move id="313" source="A4" target="B4"/>
  <move id="314" source="A6" target="B6"/>
  <move id="315" source="B4" target="B3"/>
  <move id="316" source="B6" target="B5"/>
  <move id="317" source="C4" target="C3"/>
  <move id="318" source="B5" target="B4"/>
  <move id="319" source="C3" target="D3"/>
  <move id="320" source="B4" target="B3"/>
  <move id="321" source="F4" target="F3"/>
  <move id="322" source="E5" target="E4"/>
  <move id="323" source="F3" target="G3"/>
  <move id="324" source="E4" target="E3"/>
  <move id="325" source="G3" target="H3"/>
  <move id="326" source="E3" target="F3"/>
  <move id="327" source="H3" target="H4"/>
  <move id="328" source="F3" target="G3"/>
  <move id="329" source="H4" target="I4"/>
  <move id="330" source="G3" target="H3"/>
  <move id="331" source="I4" target="I5"/>
  <move id="332" source="H3" target="H4"/>
  <move id="333" source="I5" target="I6"/>
  <move id="334" source="H4" target="I4"/>
  <move id="335" source="I6" target="I7"/>
  <move id="336" source="I4" target="I5"/>
  <move id="337" source="I7" target="I8"/>
  <move id="338" source="I5" target="I6"/>
  <move id="339" source="I8" target="H8"/>
  <player id="1">Player 1</player>
  <player id="2">Player 2</player>
  <result type="3" winner="2"/>
 </game>
</stratego>