<?xml version="1.0" encoding="UTF-8"?>
<stratego>
 <game type="classic">
  
  <field content="BGEEJDEBIFFJEMGDHKGBBHCDDDEBDHFBILHDIGFDAA__AA__AAAA__AA__AANNRPSRNQWPNRUPNTVOXPRSTPNTUYVPSSQQPQTUQP"/>
  <move id="1" source="F4" target="F7"/>
  <move id="2" source="K7" target="K4"/>
  <move id="3" source="E4" target="F4"/>
  <move id="4" source="I7" target="I6"/>
  <move id="5" source="E3" target="E7"/>
  <move id="6" source="I6" target="I5"/>
  <move id="7" source="F4" target="F5"/>
  <move id="8" source="I8" target="I7"/>
  <move id="9" source="F5" target="F6"/>
  <move id="10" source="I7" target="I6"/>
  <move id="11" source="G4" target="F4"/>
  <move id="12" source="K8" target="K7"/>
  <move id="13" source="F4" target="F5"/>
  <move id="14" source="K7" target="K6"/>
  <move id="15" source="F5" target="E5"/>
  <move id="16" source="K6" target="K5"/>
  <move id="17" source="E5" target="E6"/>
  <move id="18" source="K5" target="K4"/>
  <move id="19" source="I4" target="K4"/>
  <move id="20" source="I5" target="I4"/>
  <move id="21" source="K4" target="I4"/>
  <move id="22" source="I6" target="I5"/>
  <move id="23" source="H4" target="G4"/>
  <move id="24" source="K9" target="K3"/>
  <move id="25" source="G4" target="F4"/>
  <move id="26" source="I4" target="K4"/>
  <move id="27" source="G3" target="G4"/>
  <move id="28" source="K4" target="K3"/>
  <move id="29" source="G4" target="H4"/>
  <move id="30" source="K3" target="K4"/>
  <move id="31" source="H4" target="I4"/>
  <move id="32" source="I5" target="I4"/>
  <move id="33" source="F6" target="F7"/>
  <move id="34" source="F8" target="F7"/>
  <move id="35" source="E6" target="E7"/>
  <move id="36" source="I4" target="H4"/>
  <move id="37" source="D3" target="E3"/>
  <move id="38" source="H4" target="G4"/>
  <move id="39" source="E3" target="E4"/>
  <move id="40" source="K4" target="I4"/>
  <move id="41" source="F4" target="F5"/>
  <move id="42" source="K:" target="K2"/>
  <move id="43" source="F3" target="F4"/>
  <move id="44" source="G4" target="F4"/>
  <move id="45" source="F5" target="F6"/>
  <move id="46" source="F4" target="E4"/>
  <move id="47" source="E7" target="F7"/>
  <move id="48" source="E4" target="E5"/>
  <move id="49" source="F7" target="G7"/>
  <move id="50" source="H7" target="I7"/>
  <move id="51" source="C3" target="D3"/>
  <move id="52" source="E5" target="E4"/>
  <move id="53" source="F2" target="F3"/>
  <move id="54" source="I7" target="I6"/>
  <move id="55" source="F3" target="E3"/>
  <move id="56" source="E4" target="F4"/>
  <move id="57" source="F1" target="F2"/>
  <move id="58" source="D7" target="E7"/>
  <move id="59" source="F6" target="E6"/>
  <move id="60" source="E7" target="F7"/>
  <move id="61" source="E6" target="E5"/>
  <move id="62" source="F7" target="F6"/>
  <move id="63" source="E5" target="E4"/>
  <move id="64" source="I6" target="I5"/>
  <move id="65" source="E4" target="E5"/>
  <move id="66" source="I5" target="K5"/>
  <move id="67" source="D4" target="E4"/>
  <move id="68" source="F4" target="F5"/>
  <move id="69" source="E3" target="F3"/>
  <move id="70" source="F5" target="E5"/>
  <move id="71" source="E4" target="F4"/>
  <move id="72" source="K5" target="K4"/>
  <move id="73" source="F4" target="G4"/>
  <move id="74" source="K4" target="K3"/>
  <move id="75" source="G4" target="H4"/>
  <move id="76" source="I4" target="I5"/>
  <move id="77" source="H4" target="I4"/>
  <move id="78" source="I5" target="I6"/>
  <move id="79" source="I4" target="I5"/>
  <move id="80" source="I6" target="I7"/>
  <move id="81" source="I5" target="I6"/>
  <move id="82" source="I7" target="H7"/>
  <move id="83" source="I6" target="I7"/>
  <move id="84" source="K3" target="K2"/>
  <move id="85" source="I2" target="K2"/>
  <move id="86" source="F6" target="F3"/>
  <move id="87" source="D3" target="E3"/>
  <move id="88" source="D8" target="D7"/>
  <move id="89" source="F2" target="F3"/>
  <move id="90" source="E5" target="F5"/>
  <move id="91" source="E3" target="D3"/>
  <move id="92" source="D7" target="E7"/>
  <move id="93" source="E2" target="F2"/>
  <move id="94" source="E7" target="E4"/>
  <move id="95" source="E1" target="E2"/>
  <move id="96" source="E4" target="I4"/>
  <move id="97" source="I3" target="I4"/>
  <move id="98" source="D9" target="D8"/>
  <move id="99" source="E2" target="E3"/>
  <move id="100" source="D8" target="D7"/>
  <move id="101" source="H2" target="I2"/>
  <move id="102" source="D7" target="E7"/>
  <move id="103" source="I2" target="I3"/>
  <move id="104" source="E7" target="E6"/>
  <move id="105" source="I3" target="I4"/>
  <move id="106" source="E6" target="E5"/>
  <move id="107" source="I4" target="H4"/>
  <move id="108" source="E5" target="E4"/>
  <move id="109" source="E3" target="E4"/>
  <move id="110" source="F5" target="E5"/>
  <move id="111" source="E4" target="E3"/>
  <move id="112" source="E5" target="E4"/>
  <move id="113" source="E3" target="E2"/>
  <move id="114" source="G8" target="F8"/>
  <move id="115" source="F3" target="E3"/>
  <move id="116" source="E4" target="E5"/>
  <move id="117" source="F2" target="F3"/>
  <move id="118" source="F8" target="F7"/>
  <move id="119" source="H4" target="G4"/>
  <move id="120" source="F7" target="F6"/>
  <move id="121" source="F3" target="F4"/>
  <move id="122" source="F6" target="F5"/>
  <move id="123" source="D3" target="D4"/>
  <move id="124" source="C7" target="D7"/>
  <move id="125" source="E3" target="E4"/>
  <move id="126" source="E5" target="E6"/>
  <move id="127" source="F4" target="F5"/>
  <move id="128" source="F5" target="E5"/>
  <move id="129" source="E4" target="E3"/>
  <move id="130" source="E5" target="E4"/>
  <move id="131" source="G4" target="F4"/>
  <move id="132" source="E4" target="D4"/>
  <move id="133" source="F4" target="F5"/>
  <move id="134" source="D4" target="E4"/>
  <move id="135" source="E3" target="F3"/>
  <move id="136" source="E4" target="E3"/>
  <move id="137" source="F3" target="G3"/>
  <move id="138" source="E3" target="E2"/>
  <move id="139" source="G3" target="G4"/>
  <move id="140" source="E6" target="F6"/>
  <move id="141" source="F5" target="E5"/>
  <move id="142" source="F6" target="E6"/>
  <move id="143" source="E5" target="F5"/>
  <move id="144" source="D7" target="E7"/>
  <move id="145" source="G4" target="H4"/>
  <move id="146" source="E7" target="F7"/>
  <move id="147" source="H4" target="I4"/>
  <move id="148" source="F7" target="F6"/>
  <move id="149" source="I4" target="K4"/>
  <move id="150" source="F6" target="F5"/>
  <move id="151" source="K4" target="K5"/>
  <move id="152" source="E6" target="F6"/>
  <move id="153" source="F5" target="E5"/>
  <move id="154" source="I9" target="I8"/>
  <move id="155" source="K5" target="K6"/>
  <move id="156" source="I8" target="K8"/>
  <move id="157" source="K6" target="K7"/>
  <move id="158" source="K8" target="K7"/>
  <move id="159" source="I7" target="K7"/>
  <move id="160" source="F6" target="F5"/>
  <move id="161" source="E5" target="E6"/>
  <move id="162" source="F5" target="F6"/>
  <move id="163" source="E6" target="E7"/>
  <move id="164" source="F6" target="F7"/>
  <move id="165" source="E7" target="E6"/>
  <move id="166" source="F7" target="E7"/>
  <move id="167" source="E6" target="F6"/>
  <move id="168" source="E7" target="F7"/>
  <move id="169" source="F6" target="E6"/>
  <move id="170" source="F7" target="E7"/>
  <move id="171" source="E6" target="F6"/>
  <move id="172" source="E7" target="F7"/>
  <move id="173" source="F6" target="E6"/>
  <move id="174" source="F7" target="E7"/>
  <move id="175" source="E6" target="F6"/>
  <move id="176" source="H8" target="G8"/>
  <move id="177" source="K7" target="I7"/>
  <move id="178" source="H7" target="H8"/>
  <move id="179" source="I7" target="I8"/>
  <move id="180" source="I:" target="I9"/>
  <move id="181" source="I8" target="H8"/>
  <move id="182" source="G8" target="H8"/>
  <move id="183" source="C2" target="C3"/>
  <move id="184" source="E7" target="F7"/>
  <move id="185" source="F6" target="E6"/>
  <move id="186" source="F7" target="F6"/>
  <move id="187" source="E6" target="E7"/>
  <move id="188" source="F6" target="F5"/>
  <move id="189" source="E7" target="F7"/>
  <move id="190" source="F5" target="F4"/>
  <move id="191" source="C3" target="D3"/>
  <move id="192" source="F4" target="E4"/>
  <move id="193" source="F7" target="F8"/>
  <move id="194" source="I9" target="I8"/>
  <move id="195" source="F8" target="G8"/>
  <move id="196" source="I8" target="I7"/>
  <move id="197" source="G8" target="H8"/>
  <move id="198" source="I7" target="I6"/>
  <move id="199" source="H8" target="H7"/>
  <move id="200" source="I6" target="I5"/>
  <move id="201" source="H7" target="I7"/>
  <move id="202" source="C8" target="D8"/>
  <move id="203" source="I7" target="I6"/>
  <move id="204" source="I5" target="I4"/>
  <move id="205" source="I6" target="I5"/>
  <move id="206" source="I4" target="K4"/>
  <move id="207" source="I5" target="I4"/>
  <move id="208" source="K4" target="K3"/>
  <move id="209" source="I4" target="I3"/>
  <move id="210" source="K3" target="K2"/>
  <move id="211" source="I3" target="I4"/>
  <move id="212" source="D8" target="D7"/>
  <move id="213" source="G1" target="F1"/>
  <move id="214" source="D7" target="E7"/>
  <move id="215" source="I4" target="H4"/>
  <move id="216" source="E4" target="E5"/>
  <move id="217" source="H4" target="G4"/>
  <move id="218" source="E5" target="E6"/>
  <move id="219" source="G4" target="F4"/>
  <move id="220" source="E6" target="F6"/>
  <move id="221" source="F4" target="E4"/>
  <move id="222" source="E7" target="F7"/>
  <move id="223" source="D3" target="E3"/>
  <move id="224" source="G9" target="G8"/>
  <move id="225" source="E3" target="F3"/>
  <move id="226" source="G8" target="H8"/>
  <move id="227" source="E4" target="F4"/>
  <move id="228" source="F6" target="F5"/>
  <move id="229" source="F4" target="G4"/>
  <move id="230" source="F5" target="F4"/>
  <move id="231" source="G4" target="H4"/>
  <move id="232" source="F4" target="F3"/>
  <move id="233" source="H4" target="I4"/>
  <move id="234" source="F3" target="F4"/>
  <move id="235" source="I4" target="I5"/>
  <move id="236" source="F7" target="E7"/>
  <move id="237" source="I5" target="I6"/>
  <move id="238" source="H8" target="G8"/>
  <move id="239" source="I6" target="I7"/>
  <move id="240" source="G8" target="F8"/>
  <move id="241" source="I7" target="H7"/>
  <move id="242" source="F8" target="F7"/>
  <move id="243" source="H7" target="H8"/>
  <move id="244" source="F7" target="F6"/>
  <move id="245" source="H8" target="G8"/>
  <move id="246" source="F6" target="F5"/>
  <move id="247" source="G8" target="F8"/>
  <move id="248" source="E7" target="E6"/>
  <move id="249" source="F8" target="F7"/>
  <move id="250" source="F4" target="E4"/>
  <move id="251" source="F7" target="F6"/>
  <move id="252" source="E4" target="E5"/>
  <move id="253" source="C4" target="C3"/>
  <move id="254" source="F5" target="F4"/>
  <move id="255" source="C3" target="D3"/>
  <move id="256" source="F4" target="F3"/>
  <move id="257" source="D3" target="E3"/>
  <move id="258" source="F3" target="F2"/>
  <move id="259" source="E3" target="E2"/>
  <move id="260" source="F2" target="F1"/>
  <move id="261" source="E2" target="E1"/>
  <move id="262" source="F1" target="G1"/>
  <move id="263" source="E1" target="F1"/>
  <move id="264" source="G1" target="H1"/>
  <move id="265" source="K2" target="K3"/>
  <move id="266" source="E6" target="E7"/>
  <move id="267" source="F6" target="F7"/>
  <move id="268" source="E7" target="E6"/>
  <move id="269" source="F7" target="F6"/>
  <move id="270" source="E6" target="E7"/>
  <move id="271" source="F6" target="F7"/>
  <move id="272" source="E7" target="E6"/>
  <move id="273" source="F7" target="F6"/>
  <move id="274" source="E6" target="E7"/>
  <move id="275" source="F6" target="F7"/>
  <move id="276" source="E7" target="D7"/>
  <move id="277" source="K3" target="K4"/>
  <move id="278" source="E5" target="E4"/>
  <move id="279" source="K4" target="K5"/>
  <move id="280" source="E4" target="E3"/>
  <move id="281" source="F7" target="E7"/>
  <move id="282" source="D7" target="D8"/>
  <move id="283" source="E7" target="D7"/>
  <move id="284" source="D8" target="C8"/>
  <move id="285" source="D7" target="C7"/>
  <move id="286" source="C8" target="D8"/>
  <move id="287" source="C7" target="D7"/>
  <move id="288" source="D8" target="D9"/>
  <move id="289" source="D7" target="D8"/>
  <move id="290" source="E3" target="E4"/>
  <move id="291" source="D8" target="D9"/>
  <move id="292" source="E4" target="E5"/>
  <move id="293" source="D9" target="D8"/>
  <move id="294" source="E5" target="E6"/>
  <move id="295" source="D8" target="C8"/>
  <move id="296" source="E6" target="E7"/>
  <move id="297" source="B2" target="C2"/>
  <move id="298" source="E7" target="D7"/>
  <move id="299" source="C2" target="C3"/>
  <move id="300" source="D7" target="D8"/>
  <move id="301" source="C8" target="C7"/>
  <move id="302" source="D8" target="D7"/>
  <move id="303" source="C7" target="C8"/>
  <move id="304" source="D7" target="D8"/>
  <move id="305" source="C8" target="C7"/>
  <move id="306" source="D8" target="D7"/>
  <move id="307" source="C7" target="C8"/>
  <move id="308" source="D7" target="D8"/>
  <move id="309" source="C8" target="C7"/>
  <move id="310" source="D8" target="C8"/>
  <move id="311" source="C7" target="D7"/>
  <move id="312" source="C8" target="C7"/>
  <move id="313" source="D7" target="D8"/>
  <move id="314" source="C7" target="D7"/>
  <move id="315" source="D8" target="C8"/>
  <move id="316" source="D7" target="C7"/>
  <move id="317" source="C8" target="D8"/>
  <move id="318" source="C7" target="D7"/>
  <move id="319" source="D8" target="C8"/>
  <move id="320" source="D7" target="C7"/>
  <move id="321" source="C8" target="D8"/>
  <move id="322" source="C7" target="D7"/>
  <move id="323" source="D8" target="C8"/>
  <move id="324" source="D7" target="E7"/>
  <move id="325" source="C3" target="D3"/>
  <move id="326" source="E7" target="E6"/>
  <move id="327" source="C8" target="D8"/>
  <move id="328" source="E6" target="E7"/>
  <move id="329" source="D8" target="C8"/>
  <move id="330" source="E7" target="E6"/>
  <move id="331" source="C8" target="D8"/>
  <move id="332" source="E6" target="E5"/>
  <move id="333" source="D8" target="D7"/>
  <move id="334" source="F9" target="F8"/>
  <move id="335" source="D7" target="E7"/>
  <move id="336" source="E5" target="E6"/>
  <move id="337" source="E7" target="F7"/>
  <move id="338" source="F8" target="G8"/>
  <move id="339" source="F7" target="F8"/>
  <move id="340" source="G8" target="H8"/>
  <move id="341" source="F8" target="G8"/>
  <move id="342" source="H8" target="H7"/>
  <move id="343" source="G8" target="H8"/>
  <move id="344" source="H7" target="I7"/>
  <move id="345" source="H8" target="I8"/>
  <move id="346" source="I7" target="I6"/>
  <move id="347" source="I8" target="I7"/>
  <move id="348" source="I6" target="I5"/>
  <move id="349" source="K5" target="K6"/>
  <move id="350" source="I5" target="I4"/>
  <move id="351" source="K6" target="K7"/>
  <move id="352" source="I4" target="I3"/>
  <move id="353" source="K7" target="K8"/>
  <move id="354" source="I3" target="I2"/>
  <move id="355" source="I1" target="I2"/>
  <move id="356" source="E6" target="E7"/>
  <move id="357" source="K8" target="K9"/>
  <move id="358" source="E7" target="E6"/>
  <move id="359" source="K9" target="I9"/>
  <move id="360" source="E6" target="E5"/>
  <move id="361" source="I9" target="I:"/>
  <move id="362" source="E5" target="E4"/>
  <move id="363" source="I:" target="H:"/>
  <move id="364" source="E4" target="F4"/>
  <move id="365" source="I7" target="I8"/>
  <move id="366" source="F4" target="F3"/>
  <move id="367" source="I8" target="I9"/>
  <move id="368" source="F3" target="G3"/>
  <move id="369" source="I9" target="I:"/>
  <move id="370" source="G3" target="G4"/>
  <move id="371" source="I:" target="H:"/>
  <move id="372" source="G4" target="H4"/>
  <move id="373" source="I2" target="K2"/>
  <move id="374" source="F:" target="F9"/>
  <move id="375" source="D1" target="E1"/>
  <move id="376" source="F9" target="F8"/>
  <move id="377" source="D3" target="E3"/>
  <move id="378" source="F8" target="F7"/>
  <move id="379" source="E3" target="E4"/>
  <move id="380" source="H4" target="G4"/>
  <move id="381" source="E4" target="E5"/>
  <move id="382" source="F7" target="F6"/>
  <move id="383" source="H:" target="I:"/>
  <move id="384" source="G4" target="F4"/>
  <move id="385" source="I:" target="I9"/>
  <move id="386" source="F4" target="E4"/>
  <move id="387" source="E5" target="F5"/>
  <move id="388" source="F6" target="E6"/>
  <move id="389" source="I9" target="I8"/>
  <move id="390" source="E4" target="E5"/>
  <move id="391" source="F5" target="F6"/>
  <move id="392" source="E6" target="E7"/>
  <move id="393" source="I8" target="I7"/>
  <move id="394" source="E5" target="E6"/>
  <move id="395" source="F6" target="F7"/>
  <move id="396" source="E7" target="D7"/>
  <move id="397" source="E1" target="E2"/>
  <move id="398" source="E6" target="E7"/>
  <move id="399" source="F7" target="F6"/>
  <move id="400" source="E7" target="F7"/>
  <move id="401" source="F6" target="E6"/>
  <move id="402" source="F7" target="E7"/>
  <move id="403" source="E6" target="F6"/>
  <move id="404" source="E7" target="F7"/>
  <move id="405" source="F6" target="E6"/>
  <move id="406" source="F7" target="E7"/>
  <move id="407" source="E6" target="F6"/>
  <move id="408" source="E7" target="E6"/>
  <move id="409" source="F6" target="F7"/>
  <move id="410" source="E6" target="E5"/>
  <move id="411" source="E2" target="F2"/>
  <move id="412" source="E5" target="E4"/>
  <move id="413" source="F2" target="F3"/>
  <move id="414" source="E4" target="F4"/>
  <move id="415" source="F3" target="E3"/>
  <move id="416" source="F4" target="E4"/>
  <move id="417" source="E3" target="F3"/>
  <move id="418" source="E4" target="F4"/>
  <move id="419" source="F3" target="E3"/>
  <move id="420" source="F4" target="E4"/>
  <move id="421" source="E3" target="F3"/>
  <move id="422" source="E4" target="F4"/>
  <move id="423" source="F3" target="E3"/>
  <move id="424" source="F4" target="F3"/>
  <move id="425" source="E3" target="E4"/>
  <move id="426" source="F3" target="E3"/>
  <move id="427" source="E4" target="F4"/>
  <move id="428" source="E3" target="E4"/>
  <move id="429" source="F4" target="F3"/>
  <move id="430" source="E4" target="E3"/>
  <move id="431" source="F3" target="F4"/>
  <move id="432" source="E:" target="F:"/>
  <move id="433" source="F7" target="E7"/>
  <move id="434" source="F:" target="F4"/>
  <move id="435" source="E7" target="D7"/>
  <move id="436" source="E3" target="E4"/>
  <move id="437" source="F4" target="F3"/>
  <move id="438" source="E4" target="E5"/>
  <move id="439" source="F3" target="G3"/>
  <move id="440" source="E5" target="E6"/>
  <move id="441" source="D7" target="D8"/>
  <move id="442" source="E6" target="E7"/>
  <move id="443" source="D8" target="C8"/>
  <move id="444" source="E7" target="D7"/>
  <move id="445" source="G3" target="G4"/>
  <move id="446" source="D7" target="D8"/>
  <move id="447" source="C8" target="C7"/>
  <move id="448" source="D8" target="D7"/>
  <move id="449" source="C7" target="C8"/>
  <move id="450" source="D7" target="D8"/>
  <move id="451" source="C8" target="C7"/>
  <move id="452" source="D8" target="D7"/>
  <move id="453" source="C7" target="C8"/>
  <move id="454" source="D7" target="D8"/>
  <move id="455" source="C8" target="C7"/>
  <move id="456" source="D8" target="C8"/>
  <move id="457" source="C7" target="D7"/>
  <move id="458" source="C8" target="C7"/>
  <move id="459" source="D7" target="D8"/>
  <move id="460" source="C7" target="D7"/>
  <move id="461" source="D8" target="C8"/>
  <move id="462" source="D7" target="C7"/>
  <move id="463" source="C8" target="D8"/>
  <move id="464" source="C7" target="D7"/>
  <move id="465" source="D8" target="C8"/>
  <move id="466" source="G:" target="F:"/>
  <move id="467" source="I7" target="I8"/>
  <move id="468" source="F:" target="F9"/>
  <move id="469" source="I8" target="H8"/>
  <move id="470" source="F9" target="F8"/>
  <move id="471" source="H8" target="G8"/>
  <move id="472" source="F8" target="F7"/>
  <move id="473" source="F1" target="F2"/>
  <move id="474" source="F7" target="F6"/>
  <move id="475" source="F2" target="F3"/>
  <move id="476" source="D7" target="E7"/>
  <move id="477" source="F3" target="F4"/>
  <move id="478" source="E7" target="E6"/>
  <move id="479" source="F4" target="F5"/>
  <move id="480" source="F6" target="F7"/>
  <move id="481" source="G4" target="H4"/>
  <move id="482" source="E6" target="F6"/>
  <move id="483" source="F5" target="E5"/>
  <move id="484" source="F6" target="E6"/>
  <move id="485" source="E5" target="F5"/>
  <move id="486" source="F7" target="F6"/>
  <move id="487" source="H4" target="I4"/>
  <move id="488" source="E6" target="E5"/>
  <move id="489" source="F5" target="F6"/>
  <move id="490" source="E5" target="E4"/>
  <move id="491" source="I4" target="I5"/>
  <move id="492" source="E4" target="D4"/>
  <move id="493" source="I5" target="I6"/>
  <move id="494" source="D4" target="C4"/>
  <move id="495" source="I6" target="I7"/>
  <move id="496" source="C4" target="C3"/>
  <move id="497" source="I7" target="I8"/>
  <move id="498" source="C3" target="D3"/>
  <move id="499" source="I8" target="I9"/>
  <move id="500" source="D3" target="E3"/>
  <move id="501" source="I9" target="H9"/>
  <player id="1">Player 1</player>
  <player id="2">Player 2</player>
  <result type="1" winner="1"/>
 </game>
</stratego>