<?xml version="1.0" encoding="UTF-8"?>
<stratego>
 <game type="classic">
  
  <field content="GDDGBFBIEIEDDBFBIHJCHDHEBGKEEMFDDFBDHLGJAA__AA__AAAA__AA__AAPSRUSPTTPSUPQWPTQQTUPPNOVPNNVXQNRQSRNYNR"/>
  <move id="1" source="I4" target="I5"/>
  <move id="2" source="I7" target="I5"/>
  <move id="3" source="I5" target="I6"/>
  <move id="4" source="K7" target="I7"/>
  <move id="5" source="I6" target="I7"/>
  <move id="6" source="H7" target="I7"/>
  <move id="7" source="I3" target="I4"/>
  <move id="8" source="I7" target="K7"/>
  <move id="9" source="I4" target="I5"/>
  <move id="10" source="K7" target="K6"/>
  <move id="11" source="I5" target="I6"/>
  <move id="12" source="K6" target="K5"/>
  <move id="13" source="I6" target="I7"/>
  <move id="14" source="K5" target="K4"/>
  <move id="15" source="I7" target="I8"/>
  <move id="16" source="H8" target="H7"/>
  <move id="17" source="H4" target="I4"/>
  <move id="18" source="H7" target="I7"/>
  <move id="19" source="I4" target="I5"/>
  <move id="20" source="I7" target="K7"/>
  <move id="21" source="I5" target="I6"/>
  <move id="22" source="K7" target="K6"/>
  <move id="23" source="I6" target="K6"/>
  <move id="24" source="F7" target="F4"/>
  <move id="25" source="K6" target="K7"/>
  <move id="26" source="E7" target="E6"/>
  <move id="27" source="K7" target="I7"/>
  <move id="28" source="E6" target="E5"/>
  <move id="29" source="I7" target="I8"/>
  <move id="30" source="E5" target="E4"/>
  <move id="31" source="H3" target="I3"/>
  <move id="32" source="E8" target="E7"/>
  <move id="33" source="I3" target="I4"/>
  <move id="34" source="E7" target="F7"/>
  <move id="35" source="I4" target="I5"/>
  <move id="36" source="F7" target="F3"/>
  <move id="37" source="I5" target="I6"/>
  <move id="38" source="D8" target="E8"/>
  <move id="39" source="I6" target="I7"/>
  <move id="40" source="E8" target="E7"/>
  <move id="41" source="I7" target="K7"/>
  <move id="42" source="E7" target="E6"/>
  <move id="43" source="K7" target="K8"/>
  <move id="44" source="K8" target="K7"/>
  <move id="45" source="I2" target="I3"/>
  <move id="46" source="E6" target="E5"/>
  <move id="47" source="I3" target="I2"/>
  <move id="48" source="E5" target="F5"/>
  <move id="49" source="K4" target="K5"/>
  <move id="50" source="F5" target="F4"/>
  <move id="51" source="K5" target="K6"/>
  <move id="52" source="F4" target="G4"/>
  <move id="53" source="G3" target="G4"/>
  <move id="54" source="E9" target="E8"/>
  <move id="55" source="K6" target="K7"/>
  <move id="56" source="E8" target="E7"/>
  <move id="57" source="K7" target="K6"/>
  <move id="58" source="E7" target="E6"/>
  <move id="59" source="K6" target="K5"/>
  <move id="60" source="E6" target="E5"/>
  <move id="61" source="K5" target="K4"/>
  <move id="62" source="E5" target="F5"/>
  <move id="63" source="F3" target="F4"/>
  <move id="64" source="F5" target="F4"/>
  <move id="65" source="I2" target="I3"/>
  <move id="66" source="F4" target="F3"/>
  <move id="67" source="I3" target="H3"/>
  <player id="1">Player 1</player>
  <player id="2">Player 2</player>
  <result type="3" winner="1"/>
 </game>
</stratego>