<?xml version="1.0" encoding="UTF-8"?>
<stratego>
 <game type="classic">
  
  <field content="FBBMBFBEJEDEHIBBECLIJDEGDDKIHDHFDGGHFDGDAA__AA__AAAA__AA__AARPSPPRQWPTPTUVNSUUPXSNTNRTVQOQQRNYNSQPPN"/>
  <move id="1" source="I4" target="I5"/>
  <move id="2" source="I7" target="I5"/>
  <move id="3" source="I5" target="I4"/>
  <move id="4" source="I8" target="I7"/>
  <move id="5" source="K4" target="K5"/>
  <move id="6" source="H8" target="I8"/>
  <move id="7" source="I4" target="K4"/>
  <move id="8" source="I7" target="I3"/>
  <move id="9" source="H4" target="I4"/>
  <move id="10" source="I8" target="I7"/>
  <move id="11" source="H3" target="H4"/>
  <move id="12" source="H9" target="H8"/>
  <move id="13" source="I3" target="H3"/>
  <move id="14" source="H8" target="I8"/>
  <move id="15" source="K3" target="I3"/>
  <move id="16" source="K7" target="K6"/>
  <move id="17" source="K5" target="K6"/>
  <move id="18" source="K6" target="K5"/>
  <move id="19" source="K4" target="K3"/>
  <move id="20" source="K5" target="K4"/>
  <move id="21" source="I4" target="I5"/>
  <move id="22" source="K4" target="K3"/>
  <move id="23" source="K2" target="K3"/>
  <move id="24" source="H:" target="H9"/>
  <move id="25" source="K3" target="K2"/>
  <move id="26" source="I7" target="I6"/>
  <move id="27" source="H4" target="I4"/>
  <move id="28" source="I6" target="I5"/>
  <move id="29" source="I4" target="I5"/>
  <move id="30" source="I8" target="I7"/>
  <move id="31" source="G4" target="H4"/>
  <move id="32" source="H9" target="H8"/>
  <move id="33" source="H4" target="I4"/>
  <move id="34" source="H8" target="I8"/>
  <move id="35" source="H3" target="H4"/>
  <move id="36" source="I7" target="K7"/>
  <move id="37" source="I4" target="K4"/>
  <move id="38" source="G8" target="H8"/>
  <move id="39" source="K4" target="K5"/>
  <move id="40" source="I8" target="I7"/>
  <move id="41" source="K5" target="K6"/>
  <move id="42" source="H8" target="I8"/>
  <move id="43" source="H4" target="I4"/>
  <move id="44" source="I7" target="I4"/>
  <move id="45" source="I4" target="H4"/>
  <move id="46" source="I8" target="I7"/>
  <move id="47" source="H4" target="H3"/>
  <move id="48" source="I7" target="I6"/>
  <move id="49" source="K6" target="I6"/>
  <move id="50" source="I6" target="I7"/>
  <move id="51" source="H3" target="H4"/>
  <move id="52" source="I7" target="I8"/>
  <move id="53" source="H4" target="I4"/>
  <move id="54" source="F8" target="G8"/>
  <move id="55" source="I4" target="I5"/>
  <move id="56" source="G8" target="H8"/>
  <move id="57" source="I5" target="I6"/>
  <move id="58" source="H7" target="I7"/>
  <move id="59" source="I3" target="I4"/>
  <move id="60" source="I7" target="I6"/>
  <move id="61" source="I4" target="H4"/>
  <move id="62" source="I6" target="I7"/>
  <move id="63" source="H4" target="H3"/>
  <move id="64" source="I7" target="H7"/>
  <move id="65" source="G3" target="G4"/>
  <move id="66" source="I8" target="I7"/>
  <move id="67" source="G4" target="H4"/>
  <move id="68" source="H8" target="I8"/>
  <move id="69" source="H4" target="I4"/>
  <move id="70" source="H7" target="H8"/>
  <move id="71" source="I4" target="I5"/>
  <move id="72" source="I7" target="H7"/>
  <move id="73" source="I5" target="I6"/>
  <move id="74" source="I8" target="I7"/>
  <move id="75" source="I6" target="I7"/>
  <move id="76" source="H8" target="H9"/>
  <move id="77" source="I7" target="H7"/>
  <move id="78" source="K7" target="K6"/>
  <move id="79" source="H7" target="I7"/>
  <move id="80" source="K8" target="K7"/>
  <move id="81" source="I7" target="I6"/>
  <move id="82" source="K6" target="K5"/>
  <move id="83" source="K2" target="K3"/>
  <move id="84" source="K7" target="K6"/>
  <move id="85" source="I6" target="I5"/>
  <move id="86" source="K5" target="K4"/>
  <move id="87" source="K3" target="K4"/>
  <move id="88" source="K6" target="K5"/>
  <move id="89" source="I5" target="I4"/>
  <move id="90" source="K5" target="I5"/>
  <move id="91" source="I4" target="H4"/>
  <move id="92" source="I5" target="I4"/>
  <move id="93" source="H4" target="G4"/>
  <move id="94" source="I4" target="H4"/>
  <move id="95" source="G4" target="G3"/>
  <move id="96" source="H4" target="G4"/>
  <move id="97" source="H3" target="H4"/>
  <move id="98" source="H9" target="H8"/>
  <move id="99" source="G3" target="H3"/>
  <move id="100" source="G4" target="G3"/>
  <move id="101" source="G2" target="G3"/>
  <move id="102" source="G3" target="H3"/>
  <move id="103" source="H2" target="H3"/>
  <move id="104" source="H8" target="H7"/>
  <move id="105" source="H4" target="I4"/>
  <move id="106" source="H7" target="I7"/>
  <move id="107" source="I4" target="I7"/>
  <move id="108" source="I7" target="I6"/>
  <move id="109" source="B4" target="B5"/>
  <move id="110" source="I6" target="I5"/>
  <move id="111" source="A4" target="B4"/>
  <move id="112" source="I5" target="I4"/>
  <move id="113" source="K4" target="K3"/>
  <move id="114" source="I4" target="I3"/>
  <move id="115" source="I2" target="I3"/>
  <move id="116" source="E7" target="E4"/>
  <move id="117" source="I3" target="I4"/>
  <move id="118" source="F7" target="E7"/>
  <move id="119" source="I4" target="H4"/>
  <move id="120" source="G9" target="G8"/>
  <move id="121" source="H4" target="G4"/>
  <move id="122" source="G8" target="H8"/>
  <move id="123" source="H3" target="H4"/>
  <move id="124" source="H8" target="H7"/>
  <move id="125" source="H4" target="I4"/>
  <move id="126" source="H7" target="I7"/>
  <move id="127" source="I4" target="I5"/>
  <move id="128" source="I7" target="K7"/>
  <move id="129" source="I5" target="K5"/>
  <move id="130" source="K7" target="K6"/>
  <move id="131" source="K5" target="K6"/>
  <move id="132" source="K6" target="K5"/>
  <move id="133" source="K3" target="I3"/>
  <move id="134" source="K5" target="K4"/>
  <move id="135" source="B5" target="A5"/>
  <move id="136" source="K4" target="K3"/>
  <move id="137" source="I3" target="H3"/>
  <move id="138" source="I9" target="H9"/>
  <move id="139" source="A3" target="A4"/>
  <move id="140" source="I:" target="I1"/>
  <move id="141" source="I1" target="I2"/>
  <player id="1">Player 1</player>
  <player id="2">Player 2</player>
  <result type="3" winner="1"/>
 </game>
</stratego>