<?xml version="1.0" encoding="UTF-8"?>
<stratego>
 <game type="classic">
  
  <field content="EGBBHBEHEBGDEHDDIEBMIDKJDFDLJBDGFGDIFCFHAA__AA__AAAA__AA__AASNPPTPPQNRQPTPNWPSXSUPNVORQNSURRUYNTQTVQ"/>
  <move id="1" source="E4" target="E5"/>
  <move id="2" source="F7" target="F6"/>
  <move id="3" source="E5" target="F5"/>
  <move id="4" source="G7" target="F7"/>
  <move id="5" source="E3" target="E7"/>
  <move id="6" source="F6" target="F5"/>
  <move id="7" source="F4" target="E4"/>
  <move id="8" source="F7" target="F6"/>
  <move id="9" source="E4" target="E5"/>
  <move id="10" source="E7" target="F7"/>
  <move id="11" source="E5" target="F5"/>
  <move id="12" source="F7" target="G7"/>
  <move id="13" source="F5" target="F6"/>
  <move id="14" source="A7" target="A6"/>
  <move id="15" source="F6" target="F7"/>
  <move id="16" source="F8" target="F7"/>
  <move id="17" source="B4" target="B5"/>
  <move id="18" source="A6" target="B6"/>
  <move id="19" source="B5" target="B6"/>
  <move id="20" source="A8" target="A7"/>
  <move id="21" source="A4" target="A7"/>
  <move id="22" source="A7" target="A6"/>
  <move id="23" source="B3" target="B7"/>
  <move id="24" source="A6" target="A5"/>
  <move id="25" source="C4" target="B4"/>
  <move id="26" source="A9" target="A8"/>
  <move id="27" source="D4" target="C4"/>
  <move id="28" source="A8" target="A7"/>
  <move id="29" source="D3" target="D4"/>
  <move id="30" source="B8" target="A8"/>
  <move id="31" source="C3" target="D3"/>
  <move id="32" source="F7" target="F8"/>
  <move id="33" source="D3" target="E3"/>
  <move id="34" source="D7" target="E7"/>
  <move id="35" source="E3" target="E4"/>
  <move id="36" source="G7" target="F7"/>
  <move id="37" source="E4" target="F4"/>
  <move id="38" source="G8" target="G7"/>
  <move id="39" source="E2" target="E7"/>
  <move id="40" source="G9" target="G8"/>
  <move id="41" source="F4" target="F5"/>
  <move id="42" source="F9" target="G9"/>
  <move id="43" source="F5" target="F6"/>
  <move id="44" source="F7" target="E7"/>
  <move id="45" source="F6" target="E6"/>
  <move id="46" source="E7" target="F7"/>
  <move id="47" source="E6" target="F6"/>
  <move id="48" source="F7" target="E7"/>
  <move id="49" source="F6" target="E6"/>
  <move id="50" source="E7" target="F7"/>
  <move id="51" source="E6" target="F6"/>
  <move id="52" source="F7" target="E7"/>
  <move id="53" source="F6" target="E6"/>
  <move id="54" source="E9" target="F9"/>
  <move id="55" source="E6" target="E7"/>
  <move id="56" source="G7" target="F7"/>
  <move id="57" source="E7" target="F7"/>
  <move id="58" source="H7" target="G7"/>
  <move id="59" source="F7" target="F8"/>
  <move id="60" source="G8" target="F8"/>
  <move id="61" source="F3" target="F4"/>
  <move id="62" source="H8" target="H7"/>
  <move id="63" source="F4" target="F5"/>
  <move id="64" source="I8" target="H8"/>
  <move id="65" source="F5" target="F6"/>
  <move id="66" source="H8" target="G8"/>
  <move id="67" source="F6" target="F7"/>
  <move id="68" source="K7" target="K6"/>
  <move id="69" source="F7" target="F8"/>
  <move id="70" source="F9" target="E9"/>
  <move id="71" source="F8" target="F9"/>
  <move id="72" source="F:" target="F9"/>
  <move id="73" source="D2" target="E2"/>
  <move id="74" source="F9" target="F8"/>
  <move id="75" source="E2" target="E3"/>
  <move id="76" source="F8" target="F7"/>
  <move id="77" source="E3" target="E4"/>
  <move id="78" source="F7" target="F6"/>
  <move id="79" source="E4" target="E5"/>
  <move id="80" source="C7" target="E7"/>
  <move id="81" source="E5" target="F5"/>
  <move id="82" source="F6" target="F7"/>
  <move id="83" source="F5" target="F6"/>
  <move id="84" source="F7" target="F8"/>
  <move id="85" source="F6" target="F7"/>
  <move id="86" source="F8" target="F9"/>
  <move id="87" source="F7" target="F8"/>
  <move id="88" source="G8" target="F8"/>
  <move id="89" source="B4" target="B3"/>
  <move id="90" source="A5" target="A4"/>
  <move id="91" source="C4" target="C3"/>
  <move id="92" source="A4" target="A3"/>
  <move id="93" source="D4" target="C4"/>
  <move id="94" source="A8" target="B8"/>
  <move id="95" source="C4" target="B4"/>
  <move id="96" source="E7" target="E4"/>
  <move id="97" source="C3" target="C4"/>
  <move id="98" source="I9" target="I8"/>
  <move id="99" source="B4" target="A4"/>
  <move id="100" source="I8" target="H8"/>
  <move id="101" source="A4" target="A5"/>
  <move id="102" source="D8" target="D7"/>
  <move id="103" source="A5" target="A6"/>
  <move id="104" source="A7" target="A8"/>
  <move id="105" source="A6" target="A7"/>
  <move id="106" source="A8" target="A9"/>
  <move id="107" source="A7" target="A8"/>
  <move id="108" source="D9" target="D8"/>
  <move id="109" source="A8" target="B8"/>
  <move id="110" source="C8" target="C7"/>
  <move id="111" source="B8" target="A8"/>
  <move id="112" source="E4" target="C4"/>
  <move id="113" source="A8" target="A9"/>
  <move id="114" source="D7" target="E7"/>
  <move id="115" source="A9" target="A8"/>
  <move id="116" source="E7" target="E6"/>
  <move id="117" source="A8" target="B8"/>
  <move id="118" source="D8" target="C8"/>
  <move id="119" source="B8" target="C8"/>
  <move id="120" source="K6" target="K5"/>
  <move id="121" source="C4" target="C3"/>
  <move id="122" source="K5" target="K4"/>
  <move id="123" source="I4" target="I5"/>
  <move id="124" source="K8" target="K7"/>
  <move id="125" source="I3" target="I4"/>
  <move id="126" source="K7" target="K6"/>
  <move id="127" source="I5" target="K5"/>
  <move id="128" source="K6" target="K5"/>
  <move id="129" source="K4" target="K5"/>
  <move id="130" source="I:" target="I9"/>
  <move id="131" source="K5" target="K4"/>
  <move id="132" source="I9" target="I8"/>
  <move id="133" source="I4" target="I5"/>
  <move id="134" source="I8" target="K8"/>
  <move id="135" source="I5" target="I6"/>
  <move id="136" source="K8" target="K7"/>
  <move id="137" source="G3" target="F3"/>
  <move id="138" source="K7" target="K6"/>
  <move id="139" source="I6" target="K6"/>
  <move id="140" source="K9" target="K8"/>
  <move id="141" source="H3" target="I3"/>
  <move id="142" source="K8" target="K7"/>
  <move id="143" source="I3" target="I4"/>
  <move id="144" source="K7" target="K6"/>
  <move id="145" source="F3" target="E3"/>
  <move id="146" source="K6" target="K5"/>
  <move id="147" source="G2" target="G3"/>
  <move id="148" source="K5" target="K4"/>
  <move id="149" source="I4" target="K4"/>
  <move id="150" source="B9" target="A9"/>
  <move id="151" source="E3" target="E2"/>
  <move id="152" source="B:" target="B9"/>
  <move id="153" source="G3" target="F3"/>
  <move id="154" source="B9" target="B8"/>
  <move id="155" source="F3" target="E3"/>
  <move id="156" source="B8" target="A8"/>
  <move id="157" source="E3" target="E4"/>
  <move id="158" source="C:" target="B:"/>
  <move id="159" source="E4" target="E5"/>
  <move id="160" source="B:" target="B9"/>
  <move id="161" source="E5" target="E6"/>
  <move id="162" source="A8" target="B8"/>
  <move id="163" source="E6" target="E7"/>
  <move id="164" source="B8" target="C8"/>
  <move id="165" source="A3" target="A4"/>
  <move id="166" source="B9" target="B8"/>
  <move id="167" source="A4" target="A5"/>
  <move id="168" source="B8" target="A8"/>
  <move id="169" source="A5" target="A6"/>
  <move id="170" source="A8" target="A7"/>
  <move id="171" source="E7" target="D7"/>
  <move id="172" source="A7" target="A6"/>
  <move id="173" source="D7" target="D8"/>
  <move id="174" source="F8" target="F7"/>
  <move id="175" source="D8" target="C8"/>
  <move id="176" source="C7" target="D7"/>
  <move id="177" source="K4" target="I4"/>
  <move id="178" source="D7" target="E7"/>
  <move id="179" source="I4" target="I3"/>
  <move id="180" source="E7" target="E6"/>
  <move id="181" source="I3" target="H3"/>
  <move id="182" source="E6" target="E5"/>
  <move id="183" source="E2" target="E5"/>
  <move id="184" source="E5" target="E4"/>
  <move id="185" source="H3" target="G3"/>
  <move id="186" source="F7" target="E7"/>
  <move id="187" source="G3" target="F3"/>
  <move id="188" source="E7" target="D7"/>
  <move id="189" source="C8" target="B8"/>
  <move id="190" source="A9" target="A4"/>
  <move id="191" source="E1" target="E2"/>
  <move id="192" source="A4" target="C4"/>
  <move id="193" source="E2" target="D2"/>
  <move id="194" source="C4" target="C3"/>
  <move id="195" source="D2" target="D3"/>
  <move id="196" source="E4" target="D4"/>
  <move id="197" source="D3" target="D4"/>
  <move id="198" source="D7" target="C7"/>
  <move id="199" source="B8" target="A8"/>
  <move id="200" source="C7" target="C8"/>
  <move id="201" source="A8" target="A7"/>
  <move id="202" source="C8" target="B8"/>
  <move id="203" source="A7" target="A6"/>
  <move id="204" source="B8" target="A8"/>
  <move id="205" source="A6" target="B6"/>
  <move id="206" source="A8" target="A7"/>
  <move id="207" source="B6" target="B5"/>
  <move id="208" source="A7" target="A6"/>
  <move id="209" source="F3" target="E3"/>
  <move id="210" source="A6" target="A5"/>
  <move id="211" source="B5" target="B6"/>
  <move id="212" source="G7" target="F7"/>
  <move id="213" source="H2" target="G2"/>
  <move id="214" source="F7" target="F6"/>
  <move id="215" source="H1" target="H2"/>
  <move id="216" source="F6" target="F5"/>
  <move id="217" source="E3" target="E4"/>
  <move id="218" source="F9" target="F8"/>
  <move id="219" source="H2" target="H3"/>
  <move id="220" source="F8" target="F7"/>
  <move id="221" source="H3" target="G3"/>
  <move id="222" source="F7" target="E7"/>
  <move id="223" source="G3" target="F3"/>
  <move id="224" source="E9" target="D9"/>
  <move id="225" source="F3" target="F4"/>
  <move id="226" source="F5" target="F6"/>
  <move id="227" source="F4" target="F5"/>
  <move id="228" source="F6" target="F7"/>
  <move id="229" source="F5" target="F6"/>
  <move id="230" source="F7" target="F8"/>
  <move id="231" source="F6" target="F7"/>
  <move id="232" source="E7" target="F7"/>
  <move id="233" source="F2" target="F3"/>
  <move id="234" source="G9" target="F9"/>
  <move id="235" source="F3" target="F4"/>
  <move id="236" source="G:" target="F:"/>
  <move id="237" source="F4" target="F5"/>
  <move id="238" source="H:" target="G:"/>
  <move id="239" source="F5" target="E5"/>
  <move id="240" source="G:" target="G9"/>
  <move id="241" source="E5" target="E6"/>
  <move id="242" source="G9" target="G8"/>
  <move id="243" source="E6" target="E7"/>
  <move id="244" source="G8" target="G7"/>
  <move id="245" source="E7" target="D7"/>
  <move id="246" source="G7" target="F7"/>
  <move id="247" source="D7" target="D9"/>
  <move id="248" source="F9" target="E9"/>
  <move id="249" source="D9" target="D:"/>
  <player id="1">Player 1</player>
  <player id="2">Player 2</player>
  <result type="1" winner="1"/>
 </game>
</stratego>