<?xml version="1.0" encoding="UTF-8"?>
<stratego>
 <game type="classic">
  
  <field content="MFBJEDHEDGBDIEDDEBIDILEHDKCFBHGHJDGGBFBFAA__AA__AAAA__AA__AAPTQVTPPRNPUWOSXUSNQPNSUPTQVRNTYNRQPPSQNR"/>
  <move id="1" source="B4" target="B5"/>
  <move id="2" source="A7" target="A4"/>
  <move id="3" source="B5" target="B6"/>
  <move id="4" source="B7" target="B6"/>
  <move id="5" source="A4" target="B4"/>
  <move id="6" source="A8" target="A7"/>
  <move id="7" source="B4" target="B5"/>
  <move id="8" source="A7" target="A6"/>
  <move id="9" source="B5" target="B6"/>
  <move id="10" source="A6" target="B6"/>
  <move id="11" source="B3" target="B4"/>
  <move id="12" source="B6" target="B7"/>
  <move id="13" source="B4" target="B5"/>
  <move id="14" source="B8" target="A8"/>
  <move id="15" source="B5" target="B6"/>
  <move id="16" source="A8" target="A7"/>
  <move id="17" source="B6" target="B7"/>
  <move id="18" source="A7" target="A6"/>
  <move id="19" source="B2" target="B4"/>
  <move id="20" source="A6" target="A5"/>
  <move id="21" source="B7" target="B6"/>
  <move id="22" source="A5" target="A4"/>
  <move id="23" source="B6" target="B5"/>
  <move id="24" source="A4" target="A3"/>
  <move id="25" source="B4" target="B2"/>
  <move id="26" source="A3" target="A4"/>
  <move id="27" source="F4" target="F5"/>
  <move id="28" source="F7" target="F5"/>
  <move id="29" source="F5" target="F4"/>
  <move id="30" source="E7" target="E6"/>
  <move id="31" source="K4" target="K5"/>
  <move id="32" source="E6" target="E5"/>
  <move id="33" source="K5" target="K6"/>
  <move id="34" source="E5" target="F5"/>
  <move id="35" source="K6" target="I6"/>
  <move id="36" source="F8" target="F7"/>
  <move id="37" source="B2" target="B3"/>
  <move id="38" source="F7" target="E7"/>
  <move id="39" source="B3" target="B2"/>
  <move id="40" source="E7" target="E6"/>
  <move id="41" source="B2" target="B3"/>
  <move id="42" source="E6" target="E5"/>
  <move id="43" source="B3" target="B4"/>
  <move id="44" source="F5" target="F4"/>
  <move id="45" source="F3" target="F4"/>
  <move id="46" source="E8" target="F8"/>
  <move id="47" source="F4" target="F3"/>
  <move id="48" source="F8" target="F7"/>
  <move id="49" source="E4" target="F4"/>
  <move id="50" source="E5" target="F5"/>
  <move id="51" source="E3" target="E5"/>
  <move id="52" source="F7" target="F6"/>
  <move id="53" source="E5" target="E6"/>
  <move id="54" source="F6" target="F7"/>
  <move id="55" source="E6" target="F6"/>
  <move id="56" source="F7" target="E7"/>
  <move id="57" source="E2" target="E7"/>
  <move id="58" source="F5" target="F6"/>
  <move id="59" source="F4" target="E4"/>
  <move id="60" source="E7" target="E6"/>
  <move id="61" source="F3" target="F4"/>
  <move id="62" source="E6" target="E5"/>
  <move id="63" source="E4" target="E3"/>
  <move id="64" source="E5" target="F5"/>
  <move id="65" source="F4" target="E4"/>
  <move id="66" source="F6" target="F7"/>
  <move id="67" source="E3" target="E2"/>
  <move id="68" source="F7" target="F8"/>
  <move id="69" source="D3" target="E3"/>
  <move id="70" source="C7" target="B7"/>
  <move id="71" source="E3" target="F3"/>
  <move id="72" source="D7" target="E7"/>
  <move id="73" source="E4" target="E3"/>
  <move id="74" source="F5" target="E5"/>
  <move id="75" source="F3" target="F4"/>
  <move id="76" source="E7" target="F7"/>
  <move id="77" source="D4" target="E4"/>
  <move id="78" source="F7" target="F6"/>
  <move id="79" source="E4" target="D4"/>
  <move id="80" source="F6" target="F5"/>
  <move id="81" source="E3" target="F3"/>
  <move id="82" source="F5" target="F6"/>
  <move id="83" source="C3" target="D3"/>
  <move id="84" source="F6" target="E6"/>
  <move id="85" source="D3" target="E3"/>
  <move id="86" source="G7" target="F7"/>
  <move id="87" source="D4" target="D3"/>
  <move id="88" source="F7" target="F4"/>
  <move id="89" source="D3" target="C3"/>
  <move id="90" source="E5" target="F5"/>
  <move id="91" source="F4" target="E4"/>
  <move id="92" source="E6" target="E5"/>
  <move id="93" source="E4" target="D4"/>
  <move id="94" source="E5" target="E4"/>
  <move id="95" source="D4" target="D3"/>
  <move id="96" source="E4" target="D4"/>
  <move id="97" source="C4" target="D4"/>
  <move id="98" source="F8" target="E8"/>
  <move id="99" source="B4" target="E4"/>
  <move id="100" source="G8" target="G7"/>
  <move id="101" source="B5" target="B4"/>
  <move id="102" source="A4" target="A5"/>
  <move id="103" source="D3" target="D4"/>
  <move id="104" source="G9" target="G8"/>
  <move id="105" source="D4" target="C4"/>
  <move id="106" source="G8" target="F8"/>
  <move id="107" source="C4" target="D4"/>
  <move id="108" source="F8" target="F7"/>
  <move id="109" source="C3" target="C4"/>
  <move id="110" source="F7" target="E7"/>
  <move id="111" source="E3" target="D3"/>
  <move id="112" source="E7" target="E6"/>
  <move id="113" source="F3" target="E3"/>
  <move id="114" source="F5" target="E5"/>
  <move id="115" source="C4" target="C3"/>
  <move id="116" source="E6" target="F6"/>
  <move id="117" source="D4" target="C4"/>
  <move id="118" source="E5" target="E4"/>
  <move id="119" source="E3" target="F3"/>
  <move id="120" source="F6" target="E6"/>
  <move id="121" source="C4" target="D4"/>
  <move id="122" source="E4" target="E5"/>
  <move id="123" source="D3" target="E3"/>
  <move id="124" source="E5" target="F5"/>
  <move id="125" source="E3" target="D3"/>
  <move id="126" source="E6" target="E5"/>
  <move id="127" source="F3" target="E3"/>
  <move id="128" source="E5" target="E6"/>
  <move id="129" source="C3" target="B3"/>
  <move id="130" source="F5" target="E5"/>
  <move id="131" source="B3" target="A3"/>
  <move id="132" source="E5" target="E4"/>
  <move id="133" source="E3" target="F3"/>
  <move id="134" source="E4" target="E5"/>
  <move id="135" source="D3" target="E3"/>
  <move id="136" source="F9" target="G9"/>
  <move id="137" source="F3" target="F4"/>
  <move id="138" source="E5" target="F5"/>
  <move id="139" source="F4" target="E4"/>
  <move id="140" source="E6" target="E7"/>
  <move id="141" source="F2" target="F3"/>
  <move id="142" source="E7" target="F7"/>
  <move id="143" source="D4" target="D3"/>
  <move id="144" source="B7" target="B6"/>
  <move id="145" source="D3" target="D4"/>
  <move id="146" source="A5" target="A6"/>
  <move id="147" source="A3" target="B3"/>
  <move id="148" source="A6" target="A7"/>
  <move id="149" source="B4" target="A4"/>
  <move id="150" source="B6" target="A6"/>
  <move id="151" source="B3" target="B6"/>
  <move id="152" source="A7" target="B7"/>
  <move id="153" source="B6" target="A6"/>
  <move id="154" source="F5" target="E5"/>
  <move id="155" source="E4" target="F4"/>
  <move id="156" source="B7" target="C7"/>
  <move id="157" source="A4" target="A5"/>
  <move id="158" source="A6" target="A7"/>
  <move id="159" source="A5" target="A6"/>
  <move id="160" source="A7" target="A8"/>
  <move id="161" source="A6" target="A7"/>
  <move id="162" source="A8" target="B8"/>
  <move id="163" source="A7" target="B7"/>
  <move id="164" source="C7" target="D7"/>
  <move id="165" source="D4" target="C4"/>
  <move id="166" source="D7" target="E7"/>
  <move id="167" source="C4" target="B4"/>
  <move id="168" source="E7" target="E6"/>
  <move id="169" source="B4" target="A4"/>
  <move id="170" source="E6" target="F6"/>
  <move id="171" source="A4" target="A5"/>
  <move id="172" source="E5" target="E4"/>
  <move id="173" source="F4" target="F5"/>
  <move id="174" source="E4" target="E3"/>
  <move id="175" source="A5" target="A6"/>
  <move id="176" source="F6" target="F5"/>
  <move id="177" source="A6" target="A7"/>
  <move id="178" source="F7" target="F6"/>
  <move id="179" source="A7" target="A8"/>
  <move id="180" source="F6" target="F5"/>
  <move id="181" source="A8" target="B8"/>
  <move id="182" source="F5" target="F4"/>
  <move id="183" source="F3" target="F2"/>
  <move id="184" source="F4" target="F3"/>
  <move id="185" source="B8" target="C8"/>
  <move id="186" source="C9" target="C8"/>
  <move id="187" source="B7" target="C7"/>
  <move id="188" source="C8" target="B8"/>
  <move id="189" source="C7" target="D7"/>
  <move id="190" source="E8" target="F8"/>
  <move id="191" source="D7" target="E7"/>
  <move id="192" source="F3" target="F2"/>
  <move id="193" source="E7" target="F7"/>
  <move id="194" source="F8" target="E8"/>
  <move id="195" source="I6" target="I7"/>
  <move id="196" source="K7" target="K3"/>
  <move id="197" source="K3" target="K4"/>
  <move id="198" source="B8" target="A8"/>
  <move id="199" source="K4" target="K5"/>
  <move id="200" source="A8" target="A7"/>
  <move id="201" source="F7" target="E7"/>
  <move id="202" source="E8" target="F8"/>
  <move id="203" source="C2" target="C3"/>
  <move id="204" source="E3" target="E4"/>
  <move id="205" source="C3" target="B3"/>
  <move id="206" source="E4" target="E5"/>
  <move id="207" source="E7" target="F7"/>
  <move id="208" source="F8" target="E8"/>
  <move id="209" source="F7" target="E7"/>
  <move id="210" source="E8" target="F8"/>
  <move id="211" source="E7" target="D7"/>
  <move id="212" source="E5" target="E6"/>
  <move id="213" source="D7" target="C7"/>
  <move id="214" source="F8" target="G8"/>
  <move id="215" source="C7" target="B7"/>
  <move id="216" source="A7" target="A6"/>
  <move id="217" source="B7" target="B6"/>
  <move id="218" source="A6" target="A7"/>
  <move id="219" source="B3" target="A3"/>
  <move id="220" source="F:" target="F4"/>
  <move id="221" source="D2" target="C2"/>
  <move id="222" source="F2" target="F3"/>
  <move id="223" source="B6" target="B5"/>
  <move id="224" source="F4" target="G4"/>
  <move id="225" source="B5" target="B4"/>
  <move id="226" source="E6" target="E5"/>
  <move id="227" source="B4" target="B5"/>
  <move id="228" source="F3" target="E3"/>
  <move id="229" source="B5" target="B4"/>
  <move id="230" source="E:" target="F:"/>
  <move id="231" source="B4" target="B3"/>
  <move id="232" source="E5" target="E4"/>
  <move id="233" source="B3" target="C3"/>
  <move id="234" source="E4" target="D4"/>
  <move id="235" source="A3" target="A4"/>
  <move id="236" source="F:" target="F3"/>
  <move id="237" source="F1" target="F3"/>
  <move id="238" source="E3" target="F3"/>
  <move id="239" source="A4" target="B4"/>
  <move id="240" source="E9" target="E:"/>
  <move id="241" source="C3" target="B3"/>
  <move id="242" source="D9" target="F9"/>
  <move id="243" source="B3" target="A3"/>
  <move id="244" source="F3" target="E3"/>
  <move id="245" source="A3" target="A4"/>
  <move id="246" source="A7" target="B7"/>
  <move id="247" source="A4" target="A5"/>
  <move id="248" source="F9" target="F3"/>
  <move id="249" source="A5" target="B5"/>
  <move id="250" source="B7" target="A7"/>
  <move id="251" source="B5" target="A5"/>
  <move id="252" source="A7" target="B7"/>
  <move id="253" source="A5" target="B5"/>
  <move id="254" source="B7" target="A7"/>
  <move id="255" source="B5" target="B6"/>
  <move id="256" source="F3" target="G3"/>
  <move id="257" source="H3" target="G3"/>
  <move id="258" source="E3" target="F3"/>
  <move id="259" source="G3" target="H3"/>
  <move id="260" source="F3" target="G3"/>
  <move id="261" source="B6" target="B7"/>
  <move id="262" source="A7" target="A6"/>
  <move id="263" source="B4" target="A4"/>
  <move id="264" source="G3" target="H3"/>
  <move id="265" source="B7" target="C7"/>
  <move id="266" source="G8" target="F8"/>
  <move id="267" source="C7" target="D7"/>
  <move id="268" source="A6" target="A5"/>
  <move id="269" source="D7" target="E7"/>
  <move id="270" source="A5" target="A4"/>
  <move id="271" source="E7" target="F7"/>
  <move id="272" source="F8" target="E8"/>
  <move id="273" source="F7" target="E7"/>
  <move id="274" source="E8" target="F8"/>
  <move id="275" source="E7" target="F7"/>
  <move id="276" source="F8" target="E8"/>
  <move id="277" source="F7" target="E7"/>
  <move id="278" source="E8" target="F8"/>
  <move id="279" source="E7" target="F7"/>
  <move id="280" source="F8" target="E8"/>
  <move id="281" source="F7" target="F6"/>
  <move id="282" source="D4" target="E4"/>
  <move id="283" source="F6" target="F7"/>
  <move id="284" source="H3" target="G3"/>
  <move id="285" source="F7" target="E7"/>
  <move id="286" source="E8" target="F8"/>
  <move id="287" source="E7" target="E8"/>
  <move id="288" source="F8" target="F7"/>
  <move id="289" source="E8" target="E9"/>
  <move id="290" source="G3" target="F3"/>
  <move id="291" source="E9" target="D9"/>
  <move id="292" source="F3" target="E3"/>
  <move id="293" source="D9" target="D:"/>
  <move id="294" source="E3" target="D3"/>
  <move id="295" source="D:" target="D9"/>
  <move id="296" source="F7" target="F6"/>
  <move id="297" source="D9" target="E9"/>
  <move id="298" source="F6" target="F5"/>
  <move id="299" source="K5" target="I5"/>
  <move id="300" source="F5" target="F4"/>
  <move id="301" source="K2" target="K8"/>
  <move id="302" source="D3" target="C3"/>
  <move id="303" source="K1" target="K2"/>
  <move id="304" source="F4" target="F3"/>
  <move id="305" source="K2" target="K3"/>
  <move id="306" source="C3" target="C2"/>
  <move id="307" source="K3" target="K4"/>
  <move id="308" source="E4" target="E3"/>
  <move id="309" source="K4" target="K5"/>
  <move id="310" source="F3" target="F2"/>
  <move id="311" source="K5" target="K6"/>
  <move id="312" source="F2" target="F1"/>
  <move id="313" source="E1" target="F1"/>
  <move id="314" source="F1" target="E1"/>
  <move id="315" source="D1" target="E1"/>
  <move id="316" source="C2" target="C1"/>
  <move id="317" source="K6" target="K7"/>
  <move id="318" source="E3" target="F3"/>
  <move id="319" source="K7" target="K8"/>
  <move id="320" source="F3" target="G3"/>
  <move id="321" source="K8" target="I8"/>
  <move id="322" source="G3" target="H3"/>
  <move id="323" source="I8" target="H8"/>
  <move id="324" source="H3" target="H4"/>
  <move id="325" source="I5" target="K5"/>
  <move id="326" source="H4" target="H3"/>
  <move id="327" source="K5" target="K6"/>
  <move id="328" source="H3" target="I3"/>
  <move id="329" source="K6" target="K7"/>
  <player id="1">Player 1</player>
  <player id="2">Player 2</player>
  <result type="3" winner="1"/>
 </game>
</stratego>