<?xml version="1.0" encoding="UTF-8"?>
<stratego>
 <game type="classic">
  
  <field content="HGDHGFIBBEIJBIDEFDCELDHJBKDDEDEDBMBFGHGFAA__AA__AAAA__AA__AAPRSTTUONRPTPNRWXQSPTQRNVQNVQSQPPSUNYNUPP"/>
  <move id="1" source="F4" target="F5"/>
  <move id="2" source="K7" target="K4"/>
  <move id="3" source="F5" target="F6"/>
  <move id="4" source="A7" target="A4"/>
  <move id="5" source="F6" target="F7"/>
  <move id="6" source="B7" target="B6"/>
  <move id="7" source="F3" target="F4"/>
  <move id="8" source="B6" target="B5"/>
  <move id="9" source="F4" target="F5"/>
  <move id="10" source="B5" target="A5"/>
  <move id="11" source="F5" target="F6"/>
  <move id="12" source="A5" target="A4"/>
  <move id="13" source="F6" target="F7"/>
  <move id="14" source="F8" target="F7"/>
  <move id="15" source="A3" target="A4"/>
  <move id="16" source="B8" target="B4"/>
  <move id="17" source="B3" target="A3"/>
  <move id="18" source="E7" target="E6"/>
  <move id="19" source="A4" target="B4"/>
  <move id="20" source="E6" target="E5"/>
  <move id="21" source="A3" target="A8"/>
  <move id="22" source="E8" target="E7"/>
  <move id="23" source="A2" target="A3"/>
  <move id="24" source="E7" target="E6"/>
  <move id="25" source="A3" target="A4"/>
  <move id="26" source="E6" target="F6"/>
  <move id="27" source="A4" target="A5"/>
  <move id="28" source="A8" target="B8"/>
  <move id="29" source="A5" target="A6"/>
  <move id="30" source="F6" target="F5"/>
  <move id="31" source="A6" target="B6"/>
  <move id="32" source="F5" target="F4"/>
  <move id="33" source="B6" target="B7"/>
  <move id="34" source="E5" target="E4"/>
  <move id="35" source="G4" target="F4"/>
  <move id="36" source="G8" target="F8"/>
  <move id="37" source="B7" target="B8"/>
  <move id="38" source="F7" target="E7"/>
  <move id="39" source="B8" target="C8"/>
  <move id="40" source="F8" target="F7"/>
  <move id="41" source="B2" target="A2"/>
  <move id="42" source="F7" target="F6"/>
  <move id="43" source="A2" target="A3"/>
  <move id="44" source="F6" target="E6"/>
  <move id="45" source="A3" target="A4"/>
  <move id="46" source="E6" target="E5"/>
  <move id="47" source="A4" target="A5"/>
  <move id="48" source="E5" target="E4"/>
  <move id="49" source="A5" target="A6"/>
  <move id="50" source="E4" target="D4"/>
  <player id="1">Player 1</player>
  <player id="2">Player 2</player>
  <result type="1" winner="2"/>
 </game>
</stratego>