<?xml version="1.0" encoding="UTF-8"?>
<stratego>
 <game type="classic">
  
  <field content="MBDDDDGEFDBFHEGEEFEDIJBHDDICJHBBFBHILKGGAA__AA__AAAA__AA__AAPRSTTUONRPTPNRWXQSPTQRNVQNVQSQPPSUNYNUPP"/>
  <move id="1" source="I4" target="I5"/>
  <move id="2" source="K7" target="K4"/>
  <move id="3" source="K4" target="K5"/>
  <move id="4" source="A7" target="A4"/>
  <move id="5" source="K5" target="K6"/>
  <move id="6" source="B7" target="A7"/>
  <move id="7" source="I5" target="I6"/>
  <move id="8" source="K8" target="K7"/>
  <move id="9" source="H4" target="I4"/>
  <move id="10" source="K7" target="K6"/>
  <move id="11" source="I6" target="I7"/>
  <move id="12" source="K6" target="K7"/>
  <move id="13" source="I7" target="I6"/>
  <move id="14" source="K7" target="I7"/>
  <move id="15" source="I6" target="K6"/>
  <move id="16" source="I7" target="K7"/>
  <move id="17" source="K6" target="K5"/>
  <move id="18" source="I8" target="I4"/>
  <move id="19" source="I4" target="I5"/>
  <move id="20" source="K7" target="K6"/>
  <move id="21" source="K5" target="K4"/>
  <move id="22" source="H8" target="I8"/>
  <move id="23" source="I5" target="K5"/>
  <move id="24" source="K6" target="I6"/>
  <move id="25" source="K4" target="I4"/>
  <move id="26" source="I8" target="I7"/>
  <move id="27" source="I4" target="K4"/>
  <move id="28" source="I7" target="K7"/>
  <move id="29" source="K5" target="I5"/>
  <move id="30" source="K7" target="K6"/>
  <move id="31" source="K4" target="K5"/>
  <move id="32" source="I6" target="I7"/>
  <move id="33" source="K5" target="K6"/>
  <move id="34" source="I7" target="I8"/>
  <move id="35" source="I5" target="I6"/>
  <move id="36" source="I8" target="H8"/>
  <move id="37" source="I6" target="I5"/>
  <move id="38" source="B8" target="B4"/>
  <move id="39" source="I5" target="I4"/>
  <move id="40" source="A7" target="B7"/>
  <move id="41" source="I4" target="H4"/>
  <move id="42" source="B7" target="B8"/>
  <move id="43" source="F4" target="F5"/>
  <move id="44" source="A8" target="A7"/>
  <move id="45" source="F5" target="F6"/>
  <move id="46" source="A7" target="A6"/>
  <move id="47" source="E4" target="E5"/>
  <move id="48" source="A6" target="A5"/>
  <move id="49" source="E5" target="E6"/>
  <move id="50" source="A5" target="B5"/>
  <move id="51" source="E6" target="E7"/>
  <move id="52" source="D7" target="E7"/>
  <move id="53" source="E3" target="E7"/>
  <move id="54" source="C7" target="D7"/>
  <move id="55" source="F3" target="E3"/>
  <move id="56" source="B8" target="B7"/>
  <move id="57" source="E3" target="E4"/>
  <move id="58" source="B7" target="C7"/>
  <move id="59" source="E4" target="E5"/>
  <move id="60" source="A9" target="A8"/>
  <move id="61" source="F6" target="F7"/>
  <move id="62" source="E7" target="F7"/>
  <move id="63" source="E5" target="E6"/>
  <move id="64" source="D7" target="E7"/>
  <move id="65" source="E6" target="E7"/>
  <move id="66" source="C7" target="D7"/>
  <move id="67" source="G4" target="F4"/>
  <move id="68" source="A8" target="A7"/>
  <move id="69" source="F4" target="F5"/>
  <move id="70" source="A7" target="A6"/>
  <move id="71" source="F5" target="E5"/>
  <move id="72" source="B5" target="B6"/>
  <move id="73" source="E5" target="E6"/>
  <move id="74" source="B6" target="B7"/>
  <move id="75" source="E6" target="E7"/>
  <move id="76" source="A6" target="A5"/>
  <move id="77" source="E7" target="D7"/>
  <move id="78" source="A5" target="A4"/>
  <move id="79" source="D7" target="C7"/>
  <move id="80" source="B7" target="A7"/>
  <move id="81" source="C7" target="B7"/>
  <move id="82" source="A7" target="A6"/>
  <move id="83" source="B7" target="A7"/>
  <move id="84" source="A6" target="B6"/>
  <move id="85" source="A7" target="A6"/>
  <move id="86" source="B6" target="B7"/>
  <move id="87" source="A6" target="B6"/>
  <move id="88" source="B7" target="C7"/>
  <move id="89" source="B6" target="B5"/>
  <move id="90" source="C7" target="D7"/>
  <move id="91" source="B5" target="A5"/>
  <move id="92" source="A4" target="B4"/>
  <move id="93" source="C4" target="B4"/>
  <move id="94" source="D7" target="E7"/>
  <move id="95" source="A5" target="A6"/>
  <move id="96" source="E7" target="E6"/>
  <move id="97" source="A6" target="B6"/>
  <move id="98" source="E6" target="E5"/>
  <move id="99" source="B6" target="B7"/>
  <move id="100" source="E5" target="E4"/>
  <move id="101" source="B7" target="C7"/>
  <move id="102" source="E4" target="D4"/>
  <move id="103" source="C7" target="D7"/>
  <move id="104" source="B9" target="B8"/>
  <move id="105" source="D7" target="C7"/>
  <move id="106" source="B8" target="A8"/>
  <move id="107" source="C7" target="B7"/>
  <move id="108" source="E8" target="E7"/>
  <move id="109" source="B4" target="B5"/>
  <move id="110" source="E7" target="E6"/>
  <move id="111" source="B5" target="B6"/>
  <move id="112" source="E6" target="E5"/>
  <move id="113" source="B6" target="A6"/>
  <move id="114" source="E5" target="E4"/>
  <move id="115" source="A6" target="A7"/>
  <move id="116" source="E4" target="E3"/>
  <move id="117" source="A7" target="A8"/>
  <move id="118" source="E3" target="D3"/>
  <move id="119" source="B7" target="C7"/>
  <move id="120" source="D3" target="E3"/>
  <move id="121" source="C7" target="D7"/>
  <move id="122" source="E3" target="E4"/>
  <move id="123" source="D7" target="E7"/>
  <move id="124" source="E4" target="E3"/>
  <move id="125" source="E7" target="E6"/>
  <move id="126" source="E3" target="E2"/>
  <move id="127" source="E6" target="E5"/>
  <move id="128" source="E2" target="E3"/>
  <move id="129" source="E5" target="E4"/>
  <move id="130" source="E3" target="F3"/>
  <move id="131" source="E4" target="F4"/>
  <move id="132" source="F3" target="E3"/>
  <move id="133" source="F4" target="F3"/>
  <move id="134" source="E3" target="E4"/>
  <move id="135" source="F3" target="F4"/>
  <move id="136" source="E4" target="E5"/>
  <move id="137" source="F4" target="F5"/>
  <move id="138" source="E5" target="E6"/>
  <move id="139" source="F5" target="F6"/>
  <move id="140" source="E6" target="E7"/>
  <move id="141" source="F6" target="E6"/>
  <move id="142" source="E7" target="D7"/>
  <move id="143" source="E6" target="E7"/>
  <move id="144" source="D7" target="C7"/>
  <move id="145" source="E7" target="D7"/>
  <move id="146" source="C7" target="B7"/>
  <move id="147" source="A3" target="A4"/>
  <move id="148" source="B7" target="B6"/>
  <move id="149" source="A4" target="A5"/>
  <move id="150" source="B6" target="A6"/>
  <move id="151" source="A5" target="B5"/>
  <move id="152" source="A6" target="B6"/>
  <move id="153" source="B5" target="A5"/>
  <move id="154" source="B6" target="A6"/>
  <move id="155" source="A5" target="B5"/>
  <move id="156" source="A6" target="B6"/>
  <move id="157" source="B5" target="B4"/>
  <move id="158" source="B6" target="B5"/>
  <move id="159" source="B4" target="A4"/>
  <move id="160" source="B5" target="A5"/>
  <move id="161" source="D7" target="C7"/>
  <move id="162" source="A5" target="A4"/>
  <move id="163" source="C7" target="B7"/>
  <move id="164" source="A4" target="A5"/>
  <move id="165" source="B7" target="B6"/>
  <move id="166" source="D8" target="D7"/>
  <move id="167" source="B6" target="B7"/>
  <move id="168" source="D7" target="E7"/>
  <move id="169" source="B7" target="C7"/>
  <move id="170" source="E7" target="E6"/>
  <move id="171" source="C7" target="D7"/>
  <move id="172" source="E6" target="E5"/>
  <move id="173" source="D7" target="E7"/>
  <move id="174" source="E5" target="E4"/>
  <move id="175" source="E7" target="F7"/>
  <move id="176" source="G7" target="F7"/>
  <move id="177" source="E1" target="E4"/>
  <move id="178" source="E4" target="E3"/>
  <move id="179" source="H4" target="G4"/>
  <move id="180" source="E3" target="E2"/>
  <move id="181" source="G4" target="F4"/>
  <move id="182" source="E2" target="E1"/>
  <move id="183" source="F4" target="E4"/>
  <move id="184" source="E1" target="D1"/>
  <move id="185" source="E4" target="E5"/>
  <move id="186" source="D1" target="C1"/>
  <move id="187" source="E5" target="E6"/>
  <move id="188" source="C1" target="B1"/>
  <move id="189" source="E6" target="E7"/>
  <move id="190" source="B:" target="B3"/>
  <move id="191" source="E7" target="E8"/>
  <move id="192" source="F8" target="E8"/>
  <player id="1">Player 1</player>
  <player id="2">Player 2</player>
  <result type="3" winner="2"/>
 </game>
</stratego>