<?xml version="1.0" encoding="UTF-8"?>
<stratego>
 <game type="classic">
  
  <field content="DFDGGHJMIHEBDBHBHBBGFBICEFDDLEDIEDFKEGJDAA__AA__AAAA__AA__AASTVOTRTPPPRUQVUPPQSPNXPQWNQUQNYNPSSRNTNR"/>
  <move id="1" source="E4" target="E5"/>
  <move id="2" source="B7" target="B6"/>
  <move id="3" source="B4" target="B5"/>
  <move id="4" source="C7" target="B7"/>
  <move id="5" source="A4" target="B4"/>
  <move id="6" source="D7" target="C7"/>
  <move id="7" source="I4" target="I5"/>
  <move id="8" source="A7" target="A6"/>
  <move id="9" source="F4" target="F5"/>
  <move id="10" source="A8" target="A7"/>
  <move id="11" source="I5" target="I6"/>
  <move id="12" source="A6" target="A5"/>
  <move id="13" source="B4" target="A4"/>
  <move id="14" source="A7" target="A6"/>
  <move id="15" source="F3" target="F4"/>
  <move id="16" source="D8" target="D7"/>
  <move id="17" source="D4" target="E4"/>
  <move id="18" source="E8" target="D8"/>
  <move id="19" source="E5" target="E6"/>
  <move id="20" source="E9" target="E8"/>
  <move id="21" source="K4" target="I4"/>
  <move id="22" source="D9" target="E9"/>
  <move id="23" source="I6" target="I7"/>
  <move id="24" source="C9" target="D9"/>
  <move id="25" source="I7" target="H7"/>
  <move id="26" source="C:" target="C9"/>
  <move id="27" source="I4" target="K4"/>
  <move id="28" source="C9" target="C:"/>
  <move id="29" source="H4" target="I4"/>
  <move id="30" source="C8" target="C9"/>
  <move id="31" source="E6" target="E7"/>
  <move id="32" source="B8" target="C8"/>
  <move id="33" source="I4" target="I5"/>
  <move id="34" source="B9" target="B8"/>
  <move id="35" source="H7" target="G7"/>
  <move id="36" source="B8" target="A8"/>
  <move id="37" source="I5" target="I6"/>
  <move id="38" source="A8" target="A7"/>
  <move id="39" source="E4" target="E5"/>
  <move id="40" source="B6" target="B5"/>
  <move id="41" source="D3" target="D4"/>
  <move id="42" source="B7" target="B6"/>
  <move id="43" source="C4" target="B4"/>
  <move id="44" source="B6" target="B5"/>
  <move id="45" source="B4" target="C4"/>
  <move id="46" source="A5" target="A4"/>
  <move id="47" source="G7" target="F7"/>
  <move id="48" source="B5" target="A5"/>
  <move id="49" source="G3" target="F3"/>
  <move id="50" source="A4" target="A3"/>
  <move id="51" source="H3" target="H4"/>
  <move id="52" source="A3" target="A2"/>
  <move id="53" source="C4" target="B4"/>
  <move id="54" source="A2" target="A1"/>
  <move id="55" source="C3" target="C4"/>
  <move id="56" source="C7" target="B7"/>
  <move id="57" source="B4" target="B5"/>
  <move id="58" source="A5" target="B5"/>
  <move id="59" source="C4" target="B4"/>
  <move id="60" source="B7" target="B6"/>
  <move id="61" source="B4" target="A4"/>
  <move id="62" source="A1" target="B1"/>
  <move id="63" source="A4" target="A3"/>
  <move id="64" source="B1" target="C1"/>
  <move id="65" source="A3" target="A2"/>
  <move id="66" source="C1" target="D1"/>
  <move id="67" source="A2" target="A1"/>
  <move id="68" source="E7" target="E6"/>
  <move id="69" source="H4" target="I4"/>
  <move id="70" source="E6" target="E5"/>
  <move id="71" source="D4" target="E4"/>
  <move id="72" source="E5" target="F5"/>
  <move id="73" source="I6" target="I7"/>
  <move id="74" source="E8" target="E7"/>
  <move id="75" source="I4" target="I5"/>
  <move id="76" source="E7" target="F7"/>
  <move id="77" source="I7" target="K7"/>
  <move id="78" source="F7" target="F6"/>
  <move id="79" source="K7" target="K8"/>
  <move id="80" source="F6" target="F5"/>
  <move id="81" source="K8" target="I8"/>
  <move id="82" source="A6" target="A5"/>
  <move id="83" source="E4" target="E5"/>
  <move id="84" source="A5" target="A4"/>
  <move id="85" source="E3" target="E4"/>
  <move id="86" source="A4" target="B4"/>
  <move id="87" source="I5" target="I6"/>
  <move id="88" source="B4" target="B3"/>
  <move id="89" source="I6" target="I7"/>
  <move id="90" source="B5" target="B4"/>
  <move id="91" source="E5" target="E6"/>
  <move id="92" source="B6" target="B5"/>
  <move id="93" source="F4" target="F5"/>
  <move id="94" source="B4" target="C4"/>
  <move id="95" source="G2" target="G3"/>
  <move id="96" source="C4" target="C3"/>
  <move id="97" source="G3" target="H3"/>
  <move id="98" source="C3" target="C2"/>
  <move id="99" source="G4" target="H4"/>
  <move id="100" source="C2" target="B2"/>
  <move id="101" source="F5" target="F6"/>
  <move id="102" source="F8" target="F6"/>
  <move id="103" source="F6" target="F7"/>
  <move id="104" source="B5" target="B6"/>
  <move id="105" source="H3" target="G3"/>
  <move id="106" source="G8" target="E8"/>
  <move id="107" source="G3" target="G4"/>
  <move id="108" source="B6" target="B7"/>
  <move id="109" source="G4" target="F4"/>
  <move id="110" source="B7" target="C7"/>
  <move id="111" source="F4" target="F5"/>
  <move id="112" source="E8" target="E6"/>
  <move id="113" source="F5" target="F6"/>
  <move id="114" source="E6" target="F6"/>
  <move id="115" source="F6" target="E6"/>
  <move id="116" source="A7" target="A6"/>
  <move id="117" source="E4" target="F4"/>
  <move id="118" source="D7" target="E7"/>
  <move id="119" source="E6" target="E5"/>
  <move id="120" source="E7" target="F7"/>
  <move id="121" source="E5" target="E4"/>
  <move id="122" source="F7" target="G7"/>
  <move id="123" source="E4" target="D4"/>
  <move id="124" source="G7" target="H7"/>
  <move id="125" source="D4" target="C4"/>
  <move id="126" source="H7" target="I7"/>
  <move id="127" source="C4" target="B4"/>
  <move id="128" source="A6" target="A5"/>
  <move id="129" source="B4" target="B5"/>
  <move id="130" source="A5" target="B5"/>
  <move id="131" source="F4" target="F5"/>
  <move id="132" source="B5" target="B4"/>
  <move id="133" source="H4" target="I4"/>
  <move id="134" source="B4" target="C4"/>
  <move id="135" source="I4" target="I5"/>
  <move id="136" source="C4" target="D4"/>
  <move id="137" source="I3" target="I4"/>
  <move id="138" source="D4" target="E4"/>
  <move id="139" source="I4" target="H4"/>
  <move id="140" source="E4" target="F4"/>
  <move id="141" source="H4" target="G4"/>
  <move id="142" source="F4" target="F5"/>
  <move id="143" source="G4" target="F4"/>
  <move id="144" source="F5" target="F4"/>
  <move id="145" source="F3" target="F4"/>
  <move id="146" source="I7" target="I6"/>
  <move id="147" source="I5" target="K5"/>
  <move id="148" source="I6" target="I5"/>
  <move id="149" source="G1" target="G2"/>
  <move id="150" source="I5" target="K5"/>
  <move id="151" source="K3" target="I3"/>
  <move id="152" source="K5" target="K4"/>
  <move id="153" source="I3" target="I4"/>
  <move id="154" source="K4" target="I4"/>
  <move id="155" source="G2" target="G3"/>
  <move id="156" source="I4" target="H4"/>
  <move id="157" source="G3" target="G4"/>
  <move id="158" source="H4" target="G4"/>
  <move id="159" source="E2" target="E3"/>
  <move id="160" source="D8" target="E8"/>
  <move id="161" source="F4" target="F3"/>
  <move id="162" source="E8" target="E7"/>
  <move id="163" source="K2" target="K3"/>
  <move id="164" source="C7" target="B7"/>
  <move id="165" source="K3" target="I3"/>
  <move id="166" source="B7" target="B6"/>
  <move id="167" source="I3" target="H3"/>
  <move id="168" source="B6" target="B5"/>
  <move id="169" source="H3" target="G3"/>
  <move id="170" source="B5" target="B4"/>
  <move id="171" source="G3" target="G4"/>
  <move id="172" source="B4" target="C4"/>
  <move id="173" source="G4" target="F4"/>
  <move id="174" source="E7" target="E6"/>
  <move id="175" source="E3" target="E2"/>
  <move id="176" source="E6" target="E5"/>
  <move id="177" source="F3" target="E3"/>
  <move id="178" source="E5" target="E4"/>
  <move id="179" source="F4" target="F3"/>
  <move id="180" source="E4" target="E3"/>
  <move id="181" source="A1" target="B1"/>
  <move id="182" source="E3" target="F3"/>
  <move id="183" source="B1" target="C1"/>
  <move id="184" source="F3" target="F2"/>
  <move id="185" source="C1" target="C2"/>
  <move id="186" source="C8" target="C7"/>
  <move id="187" source="C2" target="C3"/>
  <move id="188" source="C4" target="D4"/>
  <move id="189" source="C3" target="C4"/>
  <move id="190" source="D4" target="E4"/>
  <move id="191" source="C4" target="B4"/>
  <move id="192" source="E4" target="F4"/>
  <move id="193" source="B4" target="B5"/>
  <move id="194" source="I9" target="I8"/>
  <move id="195" source="B5" target="B6"/>
  <move id="196" source="I8" target="I7"/>
  <move id="197" source="B6" target="B7"/>
  <move id="198" source="C7" target="D7"/>
  <move id="199" source="B7" target="B8"/>
  <move id="200" source="I7" target="I6"/>
  <move id="201" source="B8" target="B9"/>
  <move id="202" source="C9" target="B9"/>
  <move id="203" source="B9" target="C9"/>
  <move id="204" source="I6" target="I5"/>
  <move id="205" source="C9" target="D9"/>
  <move id="206" source="I5" target="I4"/>
  <move id="207" source="D9" target="D:"/>
  <move id="208" source="I4" target="I3"/>
  <move id="209" source="D:" target="E:"/>
  <move id="210" source="I3" target="I2"/>
  <move id="211" source="I1" target="I2"/>
  <move id="212" source="D7" target="E7"/>
  <move id="213" source="E:" target="F:"/>
  <move id="214" source="F4" target="G4"/>
  <move id="215" source="F:" target="E:"/>
  <move id="216" source="G4" target="H4"/>
  <move id="217" source="E:" target="D:"/>
  <move id="218" source="E7" target="F7"/>
  <move id="219" source="D:" target="C:"/>
  <move id="220" source="F7" target="G7"/>
  <move id="221" source="C:" target="B:"/>
  <move id="222" source="G7" target="H7"/>
  <move id="223" source="K1" target="K2"/>
  <move id="224" source="H7" target="I7"/>
  <move id="225" source="K2" target="K3"/>
  <move id="226" source="I7" target="I6"/>
  <move id="227" source="K3" target="I3"/>
  <move id="228" source="I6" target="I5"/>
  <move id="229" source="I3" target="H3"/>
  <move id="230" source="H4" target="I4"/>
  <move id="231" source="H3" target="G3"/>
  <move id="232" source="I4" target="K4"/>
  <move id="233" source="E2" target="E3"/>
  <move id="234" source="I5" target="I4"/>
  <move id="235" source="E3" target="E4"/>
  <move id="236" source="I4" target="I3"/>
  <move id="237" source="E4" target="E5"/>
  <move id="238" source="I3" target="H3"/>
  <move id="239" source="E5" target="E6"/>
  <move id="240" source="H3" target="H2"/>
  <move id="241" source="E6" target="E7"/>
  <move id="242" source="K4" target="K3"/>
  <move id="243" source="E7" target="D7"/>
  <move id="244" source="K3" target="K2"/>
  <move id="245" source="I2" target="I1"/>
  <move id="246" source="H9" target="I9"/>
  <move id="247" source="D7" target="C7"/>
  <move id="248" source="I9" target="I8"/>
  <move id="249" source="C7" target="C8"/>
  <move id="250" source="I8" target="I7"/>
  <move id="251" source="C8" target="C9"/>
  <move id="252" source="I7" target="I6"/>
  <move id="253" source="C9" target="B9"/>
  <move id="254" source="I6" target="I5"/>
  <move id="255" source="B9" target="A9"/>
  <move id="256" source="I5" target="I4"/>
  <move id="257" source="G3" target="H3"/>
  <move id="258" source="I4" target="I3"/>
  <move id="259" source="H3" target="I3"/>
  <move id="260" source="I3" target="I2"/>
  <move id="261" source="E1" target="E2"/>
  <move id="262" source="I2" target="I1"/>
  <move id="263" source="F1" target="G1"/>
  <move id="264" source="K2" target="I2"/>
  <move id="265" source="G1" target="G2"/>
  <move id="266" source="I2" target="I1"/>
  <move id="267" source="G2" target="G3"/>
  <move id="268" source="I1" target="H1"/>
  <player id="1">Player 1</player>
  <player id="2">Player 2</player>
  <result type="1" winner="2"/>
 </game>
</stratego>