<?xml version="1.0" encoding="UTF-8"?>
<stratego>
 <game type="classic">
  
  <field content="FDBMBEDEFEFCEBHDIJBHBJLKGIBGIDDHEGDDGFHDAA__AA__AAAA__AA__AAPRUWPPXVTPRNVOTSPRNRNSPQTNUPUQQTQSNYNSPQ"/>
  <move id="1" source="K4" target="K7"/>
  <move id="2" source="K8" target="K7"/>
  <move id="3" source="A4" target="A7"/>
  <move id="4" source="F7" target="F4"/>
  <move id="5" source="E4" target="E7"/>
  <move id="6" source="E8" target="E7"/>
  <move id="7" source="I4" target="K4"/>
  <move id="8" source="F8" target="F7"/>
  <move id="9" source="K4" target="K5"/>
  <move id="10" source="F7" target="F6"/>
  <move id="11" source="K5" target="K6"/>
  <move id="12" source="F6" target="E6"/>
  <move id="13" source="K6" target="K7"/>
  <move id="14" source="G8" target="F8"/>
  <move id="15" source="K7" target="K6"/>
  <move id="16" source="F8" target="F3"/>
  <move id="17" source="B4" target="B5"/>
  <move id="18" source="G7" target="F7"/>
  <move id="19" source="B5" target="B6"/>
  <move id="20" source="F7" target="F6"/>
  <move id="21" source="B6" target="B7"/>
  <move id="22" source="F6" target="F5"/>
  <move id="23" source="B7" target="B6"/>
  <move id="24" source="F5" target="F4"/>
  <move id="25" source="B6" target="B5"/>
  <move id="26" source="H8" target="G8"/>
  <move id="27" source="B5" target="A5"/>
  <move id="28" source="G8" target="G7"/>
  <move id="29" source="A5" target="A4"/>
  <move id="30" source="G7" target="F7"/>
  <move id="31" source="K6" target="K5"/>
  <move id="32" source="F7" target="F6"/>
  <move id="33" source="K5" target="I5"/>
  <move id="34" source="F6" target="F5"/>
  <move id="35" source="I3" target="I4"/>
  <move id="36" source="F5" target="E5"/>
  <move id="37" source="I4" target="K4"/>
  <move id="38" source="E5" target="E4"/>
  <move id="39" source="K4" target="K5"/>
  <move id="40" source="E4" target="E3"/>
  <move id="41" source="K5" target="K6"/>
  <move id="42" source="E6" target="E5"/>
  <move id="43" source="K6" target="K7"/>
  <move id="44" source="E5" target="E4"/>
  <move id="45" source="K7" target="K8"/>
  <move id="46" source="E4" target="E3"/>
  <move id="47" source="K8" target="I8"/>
  <move id="48" source="H9" target="H8"/>
  <move id="49" source="D3" target="E3"/>
  <move id="50" source="H8" target="G8"/>
  <move id="51" source="E3" target="E4"/>
  <move id="52" source="F4" target="E4"/>
  <move id="53" source="B3" target="B4"/>
  <move id="54" source="G8" target="F8"/>
  <move id="55" source="B4" target="B5"/>
  <move id="56" source="F8" target="F3"/>
  <move id="57" source="B5" target="A5"/>
  <move id="58" source="H7" target="G7"/>
  <move id="59" source="C3" target="B3"/>
  <move id="60" source="G7" target="F7"/>
  <move id="61" source="B3" target="B4"/>
  <move id="62" source="F7" target="F6"/>
  <move id="63" source="B4" target="B5"/>
  <move id="64" source="F6" target="F5"/>
  <move id="65" source="B5" target="B6"/>
  <move id="66" source="F5" target="F4"/>
  <move id="67" source="B6" target="B7"/>
  <move id="68" source="F4" target="F3"/>
  <move id="69" source="B7" target="C7"/>
  <move id="70" source="F3" target="F4"/>
  <move id="71" source="C7" target="C8"/>
  <move id="72" source="D8" target="C8"/>
  <move id="73" source="A5" target="B5"/>
  <move id="74" source="E7" target="E8"/>
  <move id="75" source="B5" target="B4"/>
  <move id="76" source="F4" target="F5"/>
  <move id="77" source="B4" target="B5"/>
  <move id="78" source="F5" target="F4"/>
  <move id="79" source="B5" target="B6"/>
  <move id="80" source="F4" target="F3"/>
  <move id="81" source="B6" target="B7"/>
  <move id="82" source="F3" target="E3"/>
  <move id="83" source="B7" target="C7"/>
  <move id="84" source="D7" target="C7"/>
  <move id="85" source="I5" target="I6"/>
  <move id="86" source="C7" target="D7"/>
  <move id="87" source="I6" target="I7"/>
  <move id="88" source="D7" target="E7"/>
  <move id="89" source="K3" target="K9"/>
  <move id="90" source="E7" target="F7"/>
  <move id="91" source="H3" target="I3"/>
  <move id="92" source="F7" target="G7"/>
  <move id="93" source="I3" target="I4"/>
  <move id="94" source="G7" target="H7"/>
  <move id="95" source="I4" target="I5"/>
  <move id="96" source="H7" target="I7"/>
  <move id="97" source="I5" target="I6"/>
  <move id="98" source="E4" target="E5"/>
  <move id="99" source="I6" target="I7"/>
  <move id="100" source="E5" target="E6"/>
  <move id="101" source="F2" target="F9"/>
  <move id="102" source="E3" target="D3"/>
  <move id="103" source="G2" target="F2"/>
  <move id="104" source="D3" target="E3"/>
  <move id="105" source="F2" target="F3"/>
  <move id="106" source="E3" target="F3"/>
  <player id="1">Player 1</player>
  <player id="2">Player 2</player>
  <result type="3" winner="2"/>
 </game>
</stratego>