<?xml version="1.0" encoding="UTF-8"?>
<stratego>
 <game type="classic">
  
  <field content="EDFHBMBGEDFBEDJBIDEDBIJCFHLEBHGFHKDGDIGDAA__AA__AAAA__AA__AAPRSTTUONRPTPNRWXQSPTQRNVQNVQSQPPSUNYNUPP"/>
  <move id="1" source="B4" target="B5"/>
  <move id="2" source="K7" target="K4"/>
  <move id="3" source="I4" target="I5"/>
  <move id="4" source="K8" target="K7"/>
  <move id="5" source="I5" target="K5"/>
  <move id="6" source="K7" target="K6"/>
  <move id="7" source="K5" target="K6"/>
  <move id="8" source="A7" target="A4"/>
  <move id="9" source="K3" target="K4"/>
  <move id="10" source="K6" target="K7"/>
  <move id="11" source="H4" target="I4"/>
  <move id="12" source="K7" target="K8"/>
  <move id="13" source="B5" target="B6"/>
  <move id="14" source="I7" target="I6"/>
  <move id="15" source="B6" target="B7"/>
  <move id="16" source="B8" target="B3"/>
  <move id="17" source="A4" target="A5"/>
  <move id="18" source="I8" target="I7"/>
  <move id="19" source="A5" target="A6"/>
  <move id="20" source="I7" target="K7"/>
  <move id="21" source="A6" target="A7"/>
  <move id="22" source="A8" target="A7"/>
  <move id="23" source="I4" target="I5"/>
  <move id="24" source="K7" target="K4"/>
  <move id="25" source="I5" target="I6"/>
  <move id="26" source="K8" target="I8"/>
  <move id="27" source="K4" target="K5"/>
  <move id="28" source="A7" target="B7"/>
  <move id="29" source="K5" target="K6"/>
  <move id="30" source="B7" target="B6"/>
  <move id="31" source="K6" target="K7"/>
  <move id="32" source="C7" target="B7"/>
  <move id="33" source="I6" target="I7"/>
  <move id="34" source="I8" target="K8"/>
  <move id="35" source="K7" target="K6"/>
  <move id="36" source="B7" target="A7"/>
  <move id="37" source="I7" target="K7"/>
  <move id="38" source="K8" target="I8"/>
  <move id="39" source="G4" target="H4"/>
  <move id="40" source="A7" target="A6"/>
  <move id="41" source="H4" target="I4"/>
  <move id="42" source="A6" target="A5"/>
  <move id="43" source="C4" target="B4"/>
  <move id="44" source="A5" target="A4"/>
  <move id="45" source="I4" target="I5"/>
  <move id="46" source="A4" target="B4"/>
  <move id="47" source="D4" target="C4"/>
  <move id="48" source="B9" target="B8"/>
  <move id="49" source="I5" target="I6"/>
  <move id="50" source="B8" target="B7"/>
  <move id="51" source="I6" target="I7"/>
  <move id="52" source="B7" target="A7"/>
  <move id="53" source="I7" target="H7"/>
  <move id="54" source="A7" target="A6"/>
  <move id="55" source="K7" target="I7"/>
  <move id="56" source="I8" target="K8"/>
  <move id="57" source="K6" target="K7"/>
  <move id="58" source="K8" target="K7"/>
  <move id="59" source="K2" target="K9"/>
  <move id="60" source="A6" target="A5"/>
  <move id="61" source="I7" target="K7"/>
  <move id="62" source="H8" target="I8"/>
  <move id="63" source="K7" target="K8"/>
  <move id="64" source="I8" target="I7"/>
  <move id="65" source="K8" target="K9"/>
  <move id="66" source="I7" target="I6"/>
  <move id="67" source="K9" target="K8"/>
  <move id="68" source="I6" target="K6"/>
  <move id="69" source="K8" target="K7"/>
  <move id="70" source="K6" target="K5"/>
  <move id="71" source="K7" target="I7"/>
  <move id="72" source="K5" target="K4"/>
  <move id="73" source="K1" target="K2"/>
  <move id="74" source="K4" target="K3"/>
  <move id="75" source="H3" target="H4"/>
  <move id="76" source="K3" target="K2"/>
  <move id="77" source="H4" target="I4"/>
  <move id="78" source="K2" target="K1"/>
  <move id="79" source="I4" target="I5"/>
  <move id="80" source="K1" target="I1"/>
  <move id="81" source="H1" target="I1"/>
  <move id="82" source="H9" target="H8"/>
  <move id="83" source="I7" target="K7"/>
  <move id="84" source="G9" target="H9"/>
  <move id="85" source="I5" target="I6"/>
  <move id="86" source="G8" target="G9"/>
  <move id="87" source="I6" target="I7"/>
  <move id="88" source="I9" target="I8"/>
  <move id="89" source="I7" target="H7"/>
  <move id="90" source="H8" target="H7"/>
  <move id="91" source="E4" target="E7"/>
  <move id="92" source="H9" target="H8"/>
  <move id="93" source="H2" target="H3"/>
  <move id="94" source="H8" target="H7"/>
  <move id="95" source="H3" target="H4"/>
  <move id="96" source="H7" target="I7"/>
  <move id="97" source="K7" target="K6"/>
  <move id="98" source="I7" target="K7"/>
  <move id="99" source="K6" target="K5"/>
  <move id="100" source="I8" target="I7"/>
  <move id="101" source="K5" target="K4"/>
  <move id="102" source="I7" target="I6"/>
  <move id="103" source="K4" target="K3"/>
  <move id="104" source="I6" target="I5"/>
  <move id="105" source="K3" target="K2"/>
  <move id="106" source="I5" target="I4"/>
  <move id="107" source="K2" target="K1"/>
  <move id="108" source="I4" target="H4"/>
  <move id="109" source="K1" target="I1"/>
  <move id="110" source="I:" target="I3"/>
  <move id="111" source="I1" target="H1"/>
  <move id="112" source="H4" target="I4"/>
  <move id="113" source="H1" target="I1"/>
  <move id="114" source="K7" target="I7"/>
  <move id="115" source="F4" target="G4"/>
  <move id="116" source="I4" target="I5"/>
  <move id="117" source="G4" target="H4"/>
  <move id="118" source="I5" target="I6"/>
  <move id="119" source="H4" target="I4"/>
  <move id="120" source="I7" target="H7"/>
  <move id="121" source="I4" target="I5"/>
  <move id="122" source="I6" target="I7"/>
  <move id="123" source="I5" target="I6"/>
  <move id="124" source="A9" target="A8"/>
  <move id="125" source="I6" target="I7"/>
  <move id="126" source="A8" target="A7"/>
  <move id="127" source="F3" target="F4"/>
  <move id="128" source="B6" target="A6"/>
  <move id="129" source="F4" target="F5"/>
  <move id="130" source="A5" target="B5"/>
  <move id="131" source="F5" target="F6"/>
  <move id="132" source="A6" target="B6"/>
  <move id="133" source="F6" target="F7"/>
  <move id="134" source="A7" target="B7"/>
  <move id="135" source="G3" target="G4"/>
  <move id="136" source="A:" target="A3"/>
  <move id="137" source="G4" target="F4"/>
  <move id="138" source="B6" target="A6"/>
  <move id="139" source="F4" target="F5"/>
  <move id="140" source="A6" target="A5"/>
  <move id="141" source="F5" target="F6"/>
  <move id="142" source="A5" target="A4"/>
  <move id="143" source="B4" target="A4"/>
  <move id="144" source="B5" target="B4"/>
  <move id="145" source="C4" target="B4"/>
  <move id="146" source="B7" target="C7"/>
  <move id="147" source="B4" target="B5"/>
  <move id="148" source="G9" target="H9"/>
  <move id="149" source="B5" target="B6"/>
  <move id="150" source="H9" target="I9"/>
  <move id="151" source="F6" target="F7"/>
  <move id="152" source="G7" target="F7"/>
  <move id="153" source="B6" target="B7"/>
  <move id="154" source="E7" target="E6"/>
  <move id="155" source="B7" target="C7"/>
  <move id="156" source="D7" target="E7"/>
  <move id="157" source="C7" target="B7"/>
  <move id="158" source="E6" target="E5"/>
  <move id="159" source="E3" target="E4"/>
  <move id="160" source="E7" target="E6"/>
  <move id="161" source="E2" target="E3"/>
  <move id="162" source="E8" target="E7"/>
  <move id="163" source="E3" target="F3"/>
  <move id="164" source="F7" target="G7"/>
  <move id="165" source="F3" target="F4"/>
  <move id="166" source="E7" target="F7"/>
  <move id="167" source="F4" target="G4"/>
  <move id="168" source="F7" target="F6"/>
  <move id="169" source="G4" target="H4"/>
  <move id="170" source="F6" target="F5"/>
  <move id="171" source="H4" target="I4"/>
  <move id="172" source="F5" target="F4"/>
  <move id="173" source="E4" target="E5"/>
  <move id="174" source="F4" target="G4"/>
  <move id="175" source="I4" target="I5"/>
  <move id="176" source="G4" target="H4"/>
  <move id="177" source="I5" target="I6"/>
  <move id="178" source="H4" target="H3"/>
  <move id="179" source="I6" target="I7"/>
  <move id="180" source="H3" target="H2"/>
  <move id="181" source="I7" target="I8"/>
  <move id="182" source="H2" target="H1"/>
  <move id="183" source="I1" target="K1"/>
  <move id="184" source="H1" target="I1"/>
  <move id="185" source="K1" target="K2"/>
  <move id="186" source="I1" target="K1"/>
  <move id="187" source="K2" target="K3"/>
  <move id="188" source="K1" target="K2"/>
  <move id="189" source="K3" target="K4"/>
  <move id="190" source="K2" target="K3"/>
  <move id="191" source="K4" target="I4"/>
  <move id="192" source="K3" target="K4"/>
  <move id="193" source="I4" target="H4"/>
  <move id="194" source="F8" target="F7"/>
  <move id="195" source="H4" target="G4"/>
  <move id="196" source="F7" target="F6"/>
  <move id="197" source="G4" target="F4"/>
  <move id="198" source="F6" target="F5"/>
  <move id="199" source="F4" target="E4"/>
  <move id="200" source="K4" target="I4"/>
  <move id="201" source="E4" target="D4"/>
  <move id="202" source="F5" target="F4"/>
  <move id="203" source="D4" target="C4"/>
  <move id="204" source="E5" target="E4"/>
  <move id="205" source="C4" target="D4"/>
  <move id="206" source="E4" target="E3"/>
  <move id="207" source="D4" target="C4"/>
  <move id="208" source="E3" target="F3"/>
  <move id="209" source="I8" target="H8"/>
  <move id="210" source="H7" target="H8"/>
  <move id="211" source="C4" target="B4"/>
  <move id="212" source="G7" target="F7"/>
  <move id="213" source="B7" target="A7"/>
  <move id="214" source="F7" target="F6"/>
  <move id="215" source="B4" target="B5"/>
  <move id="216" source="B:" target="B5"/>
  <move id="217" source="B5" target="B6"/>
  <move id="218" source="E6" target="E7"/>
  <move id="219" source="B6" target="B7"/>
  <move id="220" source="E7" target="D7"/>
  <move id="221" source="B7" target="B8"/>
  <move id="222" source="D7" target="C7"/>
  <move id="223" source="B8" target="B9"/>
  <move id="224" source="C7" target="B7"/>
  <move id="225" source="A7" target="B7"/>
  <move id="226" source="D8" target="D7"/>
  <move id="227" source="B9" target="C9"/>
  <move id="228" source="F6" target="E6"/>
  <move id="229" source="B7" target="B8"/>
  <move id="230" source="E6" target="E5"/>
  <move id="231" source="B8" target="C8"/>
  <move id="232" source="E5" target="E4"/>
  <player id="1">Player 1</player>
  <player id="2">Player 2</player>
  <result type="3" winner="2"/>
 </game>
</stratego>