<?xml version="1.0" encoding="UTF-8"?>
<stratego>
 <game type="classic">
  
  <field content="EDGBMBGEHEEIDIBHEDGBFBFDGHCJBFDHJLDDKIFDAA__AA__AAAA__AA__AATUPXUTRPTSSPWRPSNUPPPVOVTNRNSPQQQQNYNRNQ"/>
  <move id="1" source="F4" target="F5"/>
  <move id="2" source="E7" target="E6"/>
  <move id="3" source="F5" target="F7"/>
  <move id="4" source="I7" target="I6"/>
  <move id="5" source="F3" target="F4"/>
  <move id="6" source="I6" target="I5"/>
  <move id="7" source="G3" target="F3"/>
  <move id="8" source="B7" target="B6"/>
  <move id="9" source="A4" target="A5"/>
  <move id="10" source="B6" target="B5"/>
  <move id="11" source="E4" target="E5"/>
  <move id="12" source="E6" target="E5"/>
  <move id="13" source="K4" target="K5"/>
  <move id="14" source="I5" target="K5"/>
  <move id="15" source="A5" target="A6"/>
  <move id="16" source="E5" target="F5"/>
  <move id="17" source="A6" target="A7"/>
  <move id="18" source="E8" target="E7"/>
  <move id="19" source="E3" target="E4"/>
  <move id="20" source="E7" target="E4"/>
  <move id="21" source="E4" target="E3"/>
  <move id="22" source="F5" target="F4"/>
  <move id="23" source="G4" target="F4"/>
  <move id="24" source="F7" target="E7"/>
  <move id="25" source="A3" target="A4"/>
  <move id="26" source="G7" target="F7"/>
  <move id="27" source="E3" target="E4"/>
  <move id="28" source="F7" target="F6"/>
  <move id="29" source="A4" target="A5"/>
  <move id="30" source="B5" target="A5"/>
  <move id="31" source="I4" target="I5"/>
  <move id="32" source="K5" target="I5"/>
  <move id="33" source="K3" target="K4"/>
  <move id="34" source="E7" target="E6"/>
  <move id="35" source="E4" target="E3"/>
  <move id="36" source="F6" target="F5"/>
  <move id="37" source="D4" target="E4"/>
  <move id="38" source="D7" target="E7"/>
  <move id="39" source="E4" target="E5"/>
  <move id="40" source="E7" target="F7"/>
  <move id="41" source="E5" target="F5"/>
  <move id="42" source="F7" target="E7"/>
  <move id="43" source="F5" target="F6"/>
  <move id="44" source="E6" target="E5"/>
  <move id="45" source="D3" target="D4"/>
  <move id="46" source="C7" target="D7"/>
  <move id="47" source="D4" target="E4"/>
  <move id="48" source="E7" target="E8"/>
  <move id="49" source="F6" target="E6"/>
  <move id="50" source="E5" target="E4"/>
  <move id="51" source="F4" target="E4"/>
  <move id="52" source="C8" target="C7"/>
  <move id="53" source="E4" target="F4"/>
  <move id="54" source="D8" target="C8"/>
  <move id="55" source="E6" target="E5"/>
  <move id="56" source="C7" target="B7"/>
  <move id="57" source="E5" target="E4"/>
  <move id="58" source="B7" target="B6"/>
  <move id="59" source="C3" target="D3"/>
  <move id="60" source="B6" target="B5"/>
  <move id="61" source="E4" target="D4"/>
  <move id="62" source="B5" target="B4"/>
  <move id="63" source="C4" target="C3"/>
  <move id="64" source="B4" target="B3"/>
  <move id="65" source="D4" target="E4"/>
  <player id="1">Player 1</player>
  <player id="2">Player 2</player>
  <result type="3" winner="1"/>
 </game>
</stratego>