<?xml version="1.0" encoding="UTF-8"?>
<stratego>
 <game type="classic">
  
  <field content="DDIBMBIGDDEGEJBEJBFEHDGELKFBDHDFBCIHHGFDAA__AA__AAAA__AA__AARNVQPRQPNNSPOTSQNUPPTRUXPTWQRNNPPYVUTSQS"/>
  <move id="1" source="K4" target="K7"/>
  <move id="2" source="F7" target="F6"/>
  <move id="3" source="A4" target="A7"/>
  <move id="4" source="E7" target="E6"/>
  <move id="5" source="A3" target="A4"/>
  <move id="6" source="F6" target="F5"/>
  <move id="7" source="A4" target="A5"/>
  <move id="8" source="E6" target="E5"/>
  <move id="9" source="A5" target="A6"/>
  <move id="10" source="E8" target="E7"/>
  <move id="11" source="A6" target="A7"/>
  <move id="12" source="E7" target="E6"/>
  <move id="13" source="A7" target="A8"/>
  <move id="14" source="A9" target="A8"/>
  <move id="15" source="I4" target="I5"/>
  <move id="16" source="E5" target="E4"/>
  <move id="17" source="I3" target="I4"/>
  <move id="18" source="F5" target="F4"/>
  <move id="19" source="I5" target="I6"/>
  <move id="20" source="F8" target="E8"/>
  <move id="21" source="I4" target="I5"/>
  <move id="22" source="E6" target="E7"/>
  <move id="23" source="K3" target="K4"/>
  <move id="24" source="F9" target="F8"/>
  <move id="25" source="K4" target="K5"/>
  <move id="26" source="F8" target="F7"/>
  <move id="27" source="K5" target="K6"/>
  <move id="28" source="F7" target="F6"/>
  <move id="29" source="K6" target="K7"/>
  <move id="30" source="F6" target="E6"/>
  <move id="31" source="I6" target="K6"/>
  <move id="32" source="G9" target="F9"/>
  <move id="33" source="I5" target="I7"/>
  <move id="34" source="E6" target="E5"/>
  <move id="35" source="K2" target="K3"/>
  <move id="36" source="F9" target="F8"/>
  <move id="37" source="K3" target="K4"/>
  <move id="38" source="F8" target="F7"/>
  <move id="39" source="K4" target="I4"/>
  <move id="40" source="F7" target="F6"/>
  <move id="41" source="I4" target="I5"/>
  <move id="42" source="F6" target="F5"/>
  <move id="43" source="I5" target="I6"/>
  <move id="44" source="F5" target="F4"/>
  <move id="45" source="I6" target="I7"/>
  <move id="46" source="F4" target="F5"/>
  <move id="47" source="I7" target="K7"/>
  <move id="48" source="I8" target="I4"/>
  <move id="49" source="H4" target="I4"/>
  <move id="50" source="E5" target="E6"/>
  <move id="51" source="K7" target="I7"/>
  <move id="52" source="F5" target="F4"/>
  <move id="53" source="I7" target="H7"/>
  <move id="54" source="G7" target="H7"/>
  <move id="55" source="I4" target="I5"/>
  <move id="56" source="E6" target="F6"/>
  <move id="57" source="I5" target="I6"/>
  <move id="58" source="F6" target="F7"/>
  <move id="59" source="I6" target="I7"/>
  <move id="60" source="F7" target="G7"/>
  <move id="61" source="I7" target="I8"/>
  <move id="62" source="I9" target="I8"/>
  <move id="63" source="I8" target="I9"/>
  <move id="64" source="H9" target="G9"/>
  <move id="65" source="I9" target="K9"/>
  <move id="66" source="G7" target="H7"/>
  <move id="67" source="K6" target="K7"/>
  <move id="68" source="H7" target="I7"/>
  <move id="69" source="K7" target="K8"/>
  <move id="70" source="H:" target="H9"/>
  <move id="71" source="B4" target="A4"/>
  <move id="72" source="H9" target="I9"/>
  <move id="73" source="B3" target="B7"/>
  <move id="74" source="I9" target="I8"/>
  <move id="75" source="A4" target="B4"/>
  <move id="76" source="I8" target="K8"/>
  <move id="77" source="I2" target="K2"/>
  <move id="78" source="I7" target="I6"/>
  <move id="79" source="I1" target="I6"/>
  <move id="80" source="I6" target="I5"/>
  <move id="81" source="G4" target="H4"/>
  <move id="82" source="I5" target="I4"/>
  <move id="83" source="H4" target="I4"/>
  <move id="84" source="F4" target="F3"/>
  <move id="85" source="G3" target="F3"/>
  <move id="86" source="E7" target="F7"/>
  <move id="87" source="F3" target="F4"/>
  <move id="88" source="F7" target="F6"/>
  <move id="89" source="F4" target="F5"/>
  <move id="90" source="F6" target="F5"/>
  <move id="91" source="B4" target="B5"/>
  <move id="92" source="F5" target="F6"/>
  <move id="93" source="B2" target="B3"/>
  <move id="94" source="F6" target="F7"/>
  <move id="95" source="B3" target="B4"/>
  <move id="96" source="F7" target="F8"/>
  <move id="97" source="B5" target="B6"/>
  <move id="98" source="H8" target="H7"/>
  <move id="99" source="B4" target="B5"/>
  <move id="100" source="H7" target="G7"/>
  <move id="101" source="B1" target="B4"/>
  <move id="102" source="G7" target="F7"/>
  <move id="103" source="B4" target="A4"/>
  <move id="104" source="F7" target="F6"/>
  <move id="105" source="A4" target="A8"/>
  <move id="106" source="F6" target="F5"/>
  <move id="107" source="A8" target="B8"/>
  <move id="108" source="F5" target="F4"/>
  <move id="109" source="B5" target="A5"/>
  <move id="110" source="F4" target="F3"/>
  <move id="111" source="E3" target="F3"/>
  <move id="112" source="F8" target="F9"/>
  <move id="113" source="A5" target="A6"/>
  <move id="114" source="E8" target="F8"/>
  <move id="115" source="A6" target="A5"/>
  <move id="116" source="D8" target="E8"/>
  <move id="117" source="B6" target="A6"/>
  <move id="118" source="E8" target="E7"/>
  <move id="119" source="A6" target="A7"/>
  <move id="120" source="B9" target="B8"/>
  <move id="121" source="A7" target="A8"/>
  <move id="122" source="C9" target="B9"/>
  <move id="123" source="A8" target="B8"/>
  <move id="124" source="E7" target="E6"/>
  <move id="125" source="F3" target="F4"/>
  <move id="126" source="E6" target="E5"/>
  <move id="127" source="K2" target="K3"/>
  <move id="128" source="C8" target="C9"/>
  <move id="129" source="K3" target="K4"/>
  <move id="130" source="B9" target="B8"/>
  <move id="131" source="K4" target="K5"/>
  <move id="132" source="B8" target="A8"/>
  <move id="133" source="K5" target="K6"/>
  <move id="134" source="A8" target="A7"/>
  <move id="135" source="K6" target="K7"/>
  <move id="136" source="K8" target="I8"/>
  <move id="137" source="K7" target="I7"/>
  <move id="138" source="I8" target="H8"/>
  <move id="139" source="I7" target="H7"/>
  <move id="140" source="H8" target="I8"/>
  <move id="141" source="H7" target="H8"/>
  <move id="142" source="I8" target="I7"/>
  <move id="143" source="H8" target="H9"/>
  <move id="144" source="A7" target="A6"/>
  <move id="145" source="H9" target="H:"/>
  <move id="146" source="A6" target="A5"/>
  <move id="147" source="H:" target="G:"/>
  <move id="148" source="D9" target="D8"/>
  <move id="149" source="C3" target="B3"/>
  <move id="150" source="D8" target="C8"/>
  <move id="151" source="B3" target="B4"/>
  <move id="152" source="C8" target="B8"/>
  <move id="153" source="B4" target="A4"/>
  <move id="154" source="A5" target="B5"/>
  <move id="155" source="A4" target="B4"/>
  <move id="156" source="B5" target="A5"/>
  <move id="157" source="B4" target="A4"/>
  <move id="158" source="A5" target="A6"/>
  <move id="159" source="A4" target="A5"/>
  <move id="160" source="A6" target="A7"/>
  <move id="161" source="A5" target="A6"/>
  <move id="162" source="A7" target="A8"/>
  <move id="163" source="A6" target="A7"/>
  <move id="164" source="A8" target="A9"/>
  <move id="165" source="A7" target="A8"/>
  <move id="166" source="A9" target="A8"/>
  <move id="167" source="G2" target="G3"/>
  <move id="168" source="A8" target="A7"/>
  <move id="169" source="G3" target="G4"/>
  <move id="170" source="A7" target="A8"/>
  <move id="171" source="G4" target="H4"/>
  <move id="172" source="A8" target="A9"/>
  <move id="173" source="H4" target="I4"/>
  <move id="174" source="A9" target="B9"/>
  <move id="175" source="I4" target="I5"/>
  <move id="176" source="B8" target="A8"/>
  <move id="177" source="I5" target="I6"/>
  <move id="178" source="I7" target="H7"/>
  <move id="179" source="I6" target="I7"/>
  <move id="180" source="H7" target="G7"/>
  <move id="181" source="I7" target="H7"/>
  <move id="182" source="G7" target="F7"/>
  <move id="183" source="K1" target="K8"/>
  <move id="184" source="A8" target="A7"/>
  <move id="185" source="K8" target="G8"/>
  <move id="186" source="A7" target="A6"/>
  <move id="187" source="H7" target="H8"/>
  <move id="188" source="A6" target="A5"/>
  <move id="189" source="H8" target="H9"/>
  <move id="190" source="A5" target="A4"/>
  <move id="191" source="H9" target="H:"/>
  <move id="192" source="C7" target="C8"/>
  <move id="193" source="H:" target="G:"/>
  <move id="194" source="C8" target="B8"/>
  <move id="195" source="G:" target="H:"/>
  <move id="196" source="B8" target="A8"/>
  <move id="197" source="H:" target="H9"/>
  <move id="198" source="A8" target="A7"/>
  <move id="199" source="H9" target="H8"/>
  <move id="200" source="A7" target="A6"/>
  <move id="201" source="H8" target="H7"/>
  <move id="202" source="A6" target="B6"/>
  <move id="203" source="H7" target="G7"/>
  <move id="204" source="B6" target="B5"/>
  <move id="205" source="H1" target="I1"/>
  <move id="206" source="B5" target="B4"/>
  <move id="207" source="D3" target="E3"/>
  <move id="208" source="B4" target="B3"/>
  <move id="209" source="D2" target="D3"/>
  <move id="210" source="B3" target="C3"/>
  <move id="211" source="A1" target="B1"/>
  <move id="212" source="C3" target="D3"/>
  <move id="213" source="I1" target="I2"/>
  <move id="214" source="A4" target="B4"/>
  <move id="215" source="B1" target="B4"/>
  <move id="216" source="B4" target="B3"/>
  <move id="217" source="I2" target="I3"/>
  <move id="218" source="B3" target="B2"/>
  <move id="219" source="I3" target="I4"/>
  <move id="220" source="B2" target="B1"/>
  <move id="221" source="I4" target="I5"/>
  <move id="222" source="B1" target="C1"/>
  <move id="223" source="I5" target="I6"/>
  <move id="224" source="C1" target="B1"/>
  <move id="225" source="I6" target="I7"/>
  <move id="226" source="B1" target="B2"/>
  <move id="227" source="G7" target="F7"/>
  <move id="228" source="B2" target="B3"/>
  <move id="229" source="F7" target="E7"/>
  <move id="230" source="B3" target="B4"/>
  <move id="231" source="I7" target="H7"/>
  <move id="232" source="B4" target="B5"/>
  <move id="233" source="H7" target="H8"/>
  <move id="234" source="B5" target="B6"/>
  <move id="235" source="H8" target="H9"/>
  <move id="236" source="F:" target="G:"/>
  <move id="237" source="H9" target="H:"/>
  <move id="238" source="G:" target="H:"/>
  <move id="239" source="E7" target="F7"/>
  <move id="240" source="H:" target="H9"/>
  <move id="241" source="F7" target="G7"/>
  <move id="242" source="H9" target="I9"/>
  <move id="243" source="G7" target="H7"/>
  <move id="244" source="I9" target="I8"/>
  <move id="245" source="H7" target="I7"/>
  <move id="246" source="I8" target="H8"/>
  <move id="247" source="E3" target="F3"/>
  <move id="248" source="E9" target="E8"/>
  <move id="249" source="I7" target="H7"/>
  <move id="250" source="H8" target="I8"/>
  <move id="251" source="F3" target="G3"/>
  <move id="252" source="E8" target="D8"/>
  <move id="253" source="G3" target="G4"/>
  <move id="254" source="D8" target="C8"/>
  <move id="255" source="E4" target="E3"/>
  <move id="256" source="C8" target="B8"/>
  <move id="257" source="G4" target="H4"/>
  <move id="258" source="B8" target="A8"/>
  <move id="259" source="H4" target="I4"/>
  <move id="260" source="A8" target="A7"/>
  <move id="261" source="I4" target="I5"/>
  <move id="262" source="A7" target="A6"/>
  <move id="263" source="I5" target="K5"/>
  <move id="264" source="A6" target="A5"/>
  <move id="265" source="K5" target="K6"/>
  <move id="266" source="A5" target="A4"/>
  <move id="267" source="H7" target="I7"/>
  <move id="268" source="I8" target="H8"/>
  <move id="269" source="K6" target="K7"/>
  <move id="270" source="A4" target="A3"/>
  <move id="271" source="A2" target="A3"/>
  <move id="272" source="B9" target="B8"/>
  <move id="273" source="K7" target="K8"/>
  <move id="274" source="B8" target="A8"/>
  <move id="275" source="K8" target="K9"/>
  <move id="276" source="K:" target="K9"/>
  <move id="277" source="I7" target="I8"/>
  <move id="278" source="H8" target="H7"/>
  <move id="279" source="I8" target="I7"/>
  <move id="280" source="H7" target="H8"/>
  <move id="281" source="I7" target="K7"/>
  <move id="282" source="K9" target="I9"/>
  <move id="283" source="K7" target="K8"/>
  <move id="284" source="H8" target="H7"/>
  <move id="285" source="K8" target="I8"/>
  <move id="286" source="I9" target="K9"/>
  <move id="287" source="I8" target="H8"/>
  <move id="288" source="H7" target="I7"/>
  <move id="289" source="H8" target="H9"/>
  <move id="290" source="K9" target="K8"/>
  <move id="291" source="H9" target="H:"/>
  <move id="292" source="A8" target="A7"/>
  <move id="293" source="H:" target="G:"/>
  <move id="294" source="A7" target="A6"/>
  <move id="295" source="G:" target="F:"/>
  <move id="296" source="E:" target="F:"/>
  <move id="297" source="G1" target="G2"/>
  <move id="298" source="A6" target="A5"/>
  <move id="299" source="G2" target="G3"/>
  <move id="300" source="A5" target="A4"/>
  <move id="301" source="A3" target="B3"/>
  <move id="302" source="A4" target="B4"/>
  <move id="303" source="B3" target="C3"/>
  <move id="304" source="B4" target="B3"/>
  <move id="305" source="C3" target="D3"/>
  <move id="306" source="B3" target="C3"/>
  <move id="307" source="D3" target="D2"/>
  <move id="308" source="C3" target="D3"/>
  <move id="309" source="E3" target="D3"/>
  <move id="310" source="I7" target="I6"/>
  <move id="311" source="G3" target="F3"/>
  <move id="312" source="I6" target="I5"/>
  <move id="313" source="F3" target="E3"/>
  <move id="314" source="I5" target="K5"/>
  <move id="315" source="E3" target="E4"/>
  <move id="316" source="E5" target="E6"/>
  <move id="317" source="E4" target="E5"/>
  <move id="318" source="E6" target="E7"/>
  <move id="319" source="E5" target="E6"/>
  <move id="320" source="E7" target="E8"/>
  <move id="321" source="E6" target="E7"/>
  <move id="322" source="E8" target="D8"/>
  <move id="323" source="E7" target="E8"/>
  <move id="324" source="D8" target="C8"/>
  <move id="325" source="E8" target="E9"/>
  <move id="326" source="F9" target="E9"/>
  <move id="327" source="E9" target="E:"/>
  <move id="328" source="C8" target="B8"/>
  <move id="329" source="E:" target="D:"/>
  <player id="1">Player 1</player>
  <player id="2">Player 2</player>
  <result type="1" winner="1"/>
 </game>
</stratego>