<?xml version="1.0" encoding="UTF-8"?>
<stratego>
 <game type="classic">
  
  <field content="DBMBEDDDDEDIBEIDFIBDGKJLEFEBFGHHCGHGJFBHAA__AA__AAAA__AA__AATTQPTPPTRPXPSSWPSRNRUVQUVNOUSPNQQPYNQNRN"/>
  <move id="1" source="A4" target="A5"/>
  <move id="2" source="A7" target="A6"/>
  <move id="3" source="A5" target="A6"/>
  <move id="4" source="B7" target="B6"/>
  <move id="5" source="B4" target="A4"/>
  <move id="6" source="B6" target="A6"/>
  <move id="7" source="B3" target="B4"/>
  <move id="8" source="B8" target="B4"/>
  <move id="9" source="B4" target="B5"/>
  <move id="10" source="C7" target="B7"/>
  <move id="11" source="C4" target="B4"/>
  <move id="12" source="B7" target="B6"/>
  <move id="13" source="C3" target="B3"/>
  <move id="14" source="A6" target="A7"/>
  <move id="15" source="K4" target="K5"/>
  <move id="16" source="F7" target="F6"/>
  <move id="17" source="K5" target="K6"/>
  <move id="18" source="F6" target="E6"/>
  <move id="19" source="K6" target="I6"/>
  <move id="20" source="E6" target="E4"/>
  <move id="21" source="K3" target="K4"/>
  <move id="22" source="E7" target="F7"/>
  <move id="23" source="K4" target="K5"/>
  <move id="24" source="E8" target="E7"/>
  <move id="25" source="D4" target="C4"/>
  <move id="26" source="E7" target="E6"/>
  <move id="27" source="C4" target="C3"/>
  <move id="28" source="E6" target="E5"/>
  <move id="29" source="D3" target="D4"/>
  <move id="30" source="E5" target="E4"/>
  <move id="31" source="D4" target="E4"/>
  <move id="32" source="F7" target="F6"/>
  <move id="33" source="E4" target="E5"/>
  <move id="34" source="B6" target="A6"/>
  <move id="35" source="K5" target="K6"/>
  <move id="36" source="A6" target="A5"/>
  <move id="37" source="K6" target="K7"/>
  <move id="38" source="I7" target="I6"/>
  <move id="39" source="K7" target="K8"/>
  <move id="40" source="H7" target="I7"/>
  <move id="41" source="I6" target="I5"/>
  <move id="42" source="I7" target="I6"/>
  <move id="43" source="I5" target="K5"/>
  <move id="44" source="I6" target="K6"/>
  <move id="45" source="K8" target="K9"/>
  <move id="46" source="K6" target="K5"/>
  <move id="47" source="K9" target="I9"/>
  <move id="48" source="A5" target="A4"/>
  <move id="49" source="F4" target="E4"/>
  <move id="50" source="H8" target="H7"/>
  <move id="51" source="F3" target="F4"/>
  <move id="52" source="H7" target="I7"/>
  <move id="53" source="F4" target="F5"/>
  <move id="54" source="F6" target="F7"/>
  <move id="55" source="F5" target="F6"/>
  <move id="56" source="I7" target="I6"/>
  <move id="57" source="F6" target="F7"/>
  <move id="58" source="I6" target="I5"/>
  <move id="59" source="E5" target="E6"/>
  <move id="60" source="I5" target="I4"/>
  <move id="61" source="E6" target="F6"/>
  <move id="62" source="F7" target="E7"/>
  <move id="63" source="E4" target="D4"/>
  <move id="64" source="B9" target="B8"/>
  <move id="65" source="E3" target="D3"/>
  <move id="66" source="B8" target="B7"/>
  <move id="67" source="E2" target="E3"/>
  <move id="68" source="B7" target="B6"/>
  <move id="69" source="E3" target="E4"/>
  <move id="70" source="B6" target="A6"/>
  <move id="71" source="E4" target="E5"/>
  <move id="72" source="A6" target="A5"/>
  <move id="73" source="E5" target="E6"/>
  <move id="74" source="A5" target="A4"/>
  <move id="75" source="B4" target="C4"/>
  <move id="76" source="A4" target="A3"/>
  <move id="77" source="B3" target="A3"/>
  <move id="78" source="C8" target="C7"/>
  <move id="79" source="B2" target="B3"/>
  <move id="80" source="C7" target="B7"/>
  <move id="81" source="B3" target="A3"/>
  <move id="82" source="B7" target="B6"/>
  <move id="83" source="A3" target="A4"/>
  <move id="84" source="B6" target="A6"/>
  <move id="85" source="C4" target="B4"/>
  <move id="86" source="A6" target="A5"/>
  <move id="87" source="B5" target="A5"/>
  <move id="88" source="A8" target="B8"/>
  <move id="89" source="A5" target="B5"/>
  <move id="90" source="B8" target="B7"/>
  <move id="91" source="E6" target="E7"/>
  <move id="92" source="B7" target="B6"/>
  <move id="93" source="E7" target="E6"/>
  <move id="94" source="B6" target="A6"/>
  <move id="95" source="E6" target="E5"/>
  <move id="96" source="A6" target="A5"/>
  <move id="97" source="B5" target="A5"/>
  <move id="98" source="A7" target="A6"/>
  <move id="99" source="A4" target="A3"/>
  <move id="100" source="A6" target="B6"/>
  <move id="101" source="E5" target="E6"/>
  <move id="102" source="E9" target="E8"/>
  <move id="103" source="E6" target="E7"/>
  <move id="104" source="E8" target="E7"/>
  <move id="105" source="F6" target="E6"/>
  <move id="106" source="E7" target="F7"/>
  <move id="107" source="A3" target="B3"/>
  <move id="108" source="B6" target="B5"/>
  <move id="109" source="B4" target="C4"/>
  <move id="110" source="B5" target="B4"/>
  <move id="111" source="B3" target="B4"/>
  <move id="112" source="A9" target="A8"/>
  <move id="113" source="K2" target="K:"/>
  <move id="114" source="A8" target="A7"/>
  <move id="115" source="D3" target="E3"/>
  <move id="116" source="A7" target="A6"/>
  <move id="117" source="E3" target="E4"/>
  <move id="118" source="A6" target="B6"/>
  <move id="119" source="C3" target="D3"/>
  <move id="120" source="B6" target="B5"/>
  <move id="121" source="D3" target="C3"/>
  <move id="122" source="B5" target="B4"/>
  <move id="123" source="C3" target="B3"/>
  <move id="124" source="D8" target="C8"/>
  <move id="125" source="B3" target="B4"/>
  <move id="126" source="G7" target="H7"/>
  <move id="127" source="E6" target="F6"/>
  <move id="128" source="F7" target="E7"/>
  <move id="129" source="F6" target="E6"/>
  <move id="130" source="E7" target="F7"/>
  <move id="131" source="G4" target="F4"/>
  <move id="132" source="H7" target="I7"/>
  <move id="133" source="F4" target="F5"/>
  <move id="134" source="I7" target="K7"/>
  <move id="135" source="F5" target="F6"/>
  <move id="136" source="K7" target="K3"/>
  <move id="137" source="F6" target="F7"/>
  <move id="138" source="K3" target="I3"/>
  <move id="139" source="F2" target="F8"/>
  <move id="140" source="C8" target="C7"/>
  <move id="141" source="E6" target="F6"/>
  <move id="142" source="D9" target="D8"/>
  <move id="143" source="F6" target="F7"/>
  <move id="144" source="D8" target="C8"/>
  <move id="145" source="E4" target="E5"/>
  <move id="146" source="C8" target="B8"/>
  <move id="147" source="E5" target="E6"/>
  <move id="148" source="D7" target="D8"/>
  <move id="149" source="E6" target="E7"/>
  <move id="150" source="B8" target="B7"/>
  <move id="151" source="E7" target="E8"/>
  <move id="152" source="D8" target="D7"/>
  <move id="153" source="E8" target="F8"/>
  <move id="154" source="B7" target="B6"/>
  <move id="155" source="F8" target="F9"/>
  <move id="156" source="B6" target="B5"/>
  <move id="157" source="F9" target="F:"/>
  <move id="158" source="G:" target="F:"/>
  <move id="159" source="F1" target="F2"/>
  <move id="160" source="B5" target="B4"/>
  <move id="161" source="D4" target="E4"/>
  <move id="162" source="B4" target="C4"/>
  <move id="163" source="E4" target="E5"/>
  <move id="164" source="A5" target="A6"/>
  <move id="165" source="E5" target="E6"/>
  <move id="166" source="A6" target="A7"/>
  <move id="167" source="E6" target="E7"/>
  <move id="168" source="A7" target="A8"/>
  <move id="169" source="E7" target="D7"/>
  <move id="170" source="C7" target="D7"/>
  <move id="171" source="F7" target="E7"/>
  <move id="172" source="A8" target="B8"/>
  <move id="173" source="F2" target="F8"/>
  <move id="174" source="B8" target="C8"/>
  <move id="175" source="F8" target="G8"/>
  <move id="176" source="C8" target="D8"/>
  <move id="177" source="E7" target="E6"/>
  <move id="178" source="D8" target="D7"/>
  <move id="179" source="A2" target="A:"/>
  <move id="180" source="C4" target="C3"/>
  <move id="181" source="E6" target="E5"/>
  <move id="182" source="G8" target="F8"/>
  <move id="183" source="A1" target="A9"/>
  <move id="184" source="C9" target="B9"/>
  <move id="185" source="A9" target="A8"/>
  <move id="186" source="B9" target="B8"/>
  <move id="187" source="A8" target="A7"/>
  <move id="188" source="D7" target="C7"/>
  <move id="189" source="A7" target="A4"/>
  <move id="190" source="B8" target="A8"/>
  <move id="191" source="A4" target="B4"/>
  <move id="192" source="A8" target="A7"/>
  <move id="193" source="B4" target="B:"/>
  <move id="194" source="A7" target="A6"/>
  <move id="195" source="E5" target="E4"/>
  <move id="196" source="C7" target="B7"/>
  <move id="197" source="E4" target="D4"/>
  <move id="198" source="B7" target="B6"/>
  <move id="199" source="D4" target="C4"/>
  <move id="200" source="C3" target="D3"/>
  <move id="201" source="C4" target="B4"/>
  <move id="202" source="B6" target="B5"/>
  <move id="203" source="B4" target="A4"/>
  <move id="204" source="B5" target="A5"/>
  <move id="205" source="A4" target="B4"/>
  <move id="206" source="A5" target="B5"/>
  <move id="207" source="B4" target="C4"/>
  <move id="208" source="B5" target="B4"/>
  <move id="209" source="C4" target="D4"/>
  <move id="210" source="D3" target="C3"/>
  <move id="211" source="D4" target="E4"/>
  <move id="212" source="A6" target="A5"/>
  <move id="213" source="E4" target="E5"/>
  <move id="214" source="A5" target="A4"/>
  <move id="215" source="E5" target="E6"/>
  <move id="216" source="A4" target="A3"/>
  <move id="217" source="E6" target="E7"/>
  <move id="218" source="A3" target="A2"/>
  <move id="219" source="E7" target="D7"/>
  <move id="220" source="A2" target="A1"/>
  <move id="221" source="D7" target="C7"/>
  <move id="222" source="A1" target="B1"/>
  <move id="223" source="G1" target="F1"/>
  <move id="224" source="C3" target="D3"/>
  <move id="225" source="C7" target="C8"/>
  <move id="226" source="D3" target="E3"/>
  <move id="227" source="C8" target="C9"/>
  <move id="228" source="B1" target="C1"/>
  <player id="1">Player 1</player>
  <player id="2">Player 2</player>
  <result type="1" winner="2"/>
 </game>
</stratego>