<?xml version="1.0" encoding="UTF-8"?>
<stratego>
 <game type="classic">
  
  <field content="EBHHBBHHBBEDDDDDDDGBEDJJIIGFGGMLKCIFEEFFAA__AA__AAAA__AA__AATRORUPSRSPNVXPRPVWPUYNQUPPTQPSNQTQNTNNSQ"/>
  <move id="1" source="B4" target="B5"/>
  <move id="2" source="F7" target="F6"/>
  <move id="3" source="B5" target="A5"/>
  <move id="4" source="F6" target="E6"/>
  <move id="5" source="B3" target="B7"/>
  <move id="6" source="E6" target="E4"/>
  <move id="7" source="A5" target="A6"/>
  <move id="8" source="F8" target="F4"/>
  <move id="9" source="C4" target="B4"/>
  <move id="10" source="E7" target="E6"/>
  <move id="11" source="B4" target="B5"/>
  <move id="12" source="E6" target="E5"/>
  <move id="13" source="D4" target="C4"/>
  <move id="14" source="G7" target="F7"/>
  <move id="15" source="B5" target="A5"/>
  <move id="16" source="F7" target="F6"/>
  <move id="17" source="A6" target="B6"/>
  <move id="18" source="F6" target="F5"/>
  <move id="19" source="B6" target="B7"/>
  <move id="20" source="C7" target="B7"/>
  <move id="21" source="A5" target="A6"/>
  <move id="22" source="E5" target="E4"/>
  <move id="23" source="B2" target="B7"/>
  <move id="24" source="A7" target="B7"/>
  <move id="25" source="C3" target="B3"/>
  <move id="26" source="B7" target="A7"/>
  <move id="27" source="B3" target="B4"/>
  <move id="28" source="D7" target="C7"/>
  <move id="29" source="B4" target="B5"/>
  <move id="30" source="C7" target="B7"/>
  <move id="31" source="A6" target="B6"/>
  <move id="32" source="C8" target="C7"/>
  <move id="33" source="B5" target="A5"/>
  <move id="34" source="G8" target="G7"/>
  <move id="35" source="C4" target="C3"/>
  <move id="36" source="H8" target="G8"/>
  <move id="37" source="B6" target="A6"/>
  <move id="38" source="G8" target="F8"/>
  <move id="39" source="C2" target="B2"/>
  <move id="40" source="F8" target="F7"/>
  <move id="41" source="B2" target="B7"/>
  <move id="42" source="F7" target="F6"/>
  <move id="43" source="A6" target="A7"/>
  <move id="44" source="B7" target="B6"/>
  <move id="45" source="D2" target="B2"/>
  <move id="46" source="F6" target="E6"/>
  <move id="47" source="A5" target="B5"/>
  <move id="48" source="E6" target="E5"/>
  <move id="49" source="B5" target="B6"/>
  <move id="50" source="C7" target="B7"/>
  <move id="51" source="A7" target="B7"/>
  <move id="52" source="B7" target="B6"/>
  <move id="53" source="F4" target="F5"/>
  <move id="54" source="E5" target="E4"/>
  <move id="55" source="F3" target="F4"/>
  <move id="56" source="E4" target="F4"/>
  <move id="57" source="B2" target="B3"/>
  <move id="58" source="F4" target="E4"/>
  <move id="59" source="K4" target="K5"/>
  <move id="60" source="F5" target="E5"/>
  <move id="61" source="K5" target="K6"/>
  <move id="62" source="F9" target="F4"/>
  <move id="63" source="K6" target="K7"/>
  <move id="64" source="I7" target="K7"/>
  <move id="65" source="K3" target="K4"/>
  <move id="66" source="F4" target="G4"/>
  <move id="67" source="K4" target="K5"/>
  <move id="68" source="E4" target="F4"/>
  <move id="69" source="K5" target="K6"/>
  <move id="70" source="F4" target="G4"/>
  <move id="71" source="K6" target="K7"/>
  <move id="72" source="I8" target="F8"/>
  <move id="73" source="D3" target="D4"/>
  <move id="74" source="G4" target="F4"/>
  <move id="75" source="I4" target="I5"/>
  <move id="76" source="H7" target="H8"/>
  <move id="77" source="I5" target="I6"/>
  <move id="78" source="G7" target="H7"/>
  <move id="79" source="I6" target="K6"/>
  <move id="80" source="H7" target="I7"/>
  <move id="81" source="K6" target="K7"/>
  <move id="82" source="I7" target="K7"/>
  <move id="83" source="H4" target="I4"/>
  <move id="84" source="K7" target="K6"/>
  <move id="85" source="I4" target="I5"/>
  <move id="86" source="F4" target="E4"/>
  <move id="87" source="D4" target="D3"/>
  <move id="88" source="E4" target="D4"/>
  <move id="89" source="D3" target="D2"/>
  <move id="90" source="D4" target="D3"/>
  <move id="91" source="D2" target="C2"/>
  <move id="92" source="D3" target="D2"/>
  <move id="93" source="C2" target="B2"/>
  <move id="94" source="D2" target="C2"/>
  <move id="95" source="C3" target="C4"/>
  <move id="96" source="C2" target="B2"/>
  <move id="97" source="G3" target="G4"/>
  <move id="98" source="B2" target="B3"/>
  <move id="99" source="G4" target="F4"/>
  <move id="100" source="D8" target="C8"/>
  <move id="101" source="E3" target="E4"/>
  <move id="102" source="D9" target="D8"/>
  <move id="103" source="E4" target="E5"/>
  <move id="104" source="D8" target="D7"/>
  <move id="105" source="E5" target="E6"/>
  <move id="106" source="D7" target="E7"/>
  <move id="107" source="E6" target="F6"/>
  <move id="108" source="K8" target="I8"/>
  <move id="109" source="F6" target="F7"/>
  <move id="110" source="E7" target="F7"/>
  <move id="111" source="F4" target="F5"/>
  <move id="112" source="G9" target="G8"/>
  <move id="113" source="F5" target="F6"/>
  <move id="114" source="G8" target="G7"/>
  <move id="115" source="F6" target="F7"/>
  <move id="116" source="G7" target="F7"/>
  <move id="117" source="E2" target="E8"/>
  <move id="118" source="F7" target="F6"/>
  <move id="119" source="D1" target="D2"/>
  <move id="120" source="F6" target="F5"/>
  <move id="121" source="D2" target="E2"/>
  <move id="122" source="F5" target="F4"/>
  <move id="123" source="E2" target="E3"/>
  <move id="124" source="K6" target="K5"/>
  <move id="125" source="I5" target="I6"/>
  <move id="126" source="K5" target="I5"/>
  <move id="127" source="I6" target="I7"/>
  <move id="128" source="I8" target="I7"/>
  <move id="129" source="E3" target="E4"/>
  <move id="130" source="F4" target="E4"/>
  <move id="131" source="F2" target="F3"/>
  <move id="132" source="F8" target="G8"/>
  <move id="133" source="F3" target="F4"/>
  <move id="134" source="F:" target="F9"/>
  <move id="135" source="F4" target="F5"/>
  <move id="136" source="F9" target="F8"/>
  <move id="137" source="F5" target="F6"/>
  <move id="138" source="F8" target="F7"/>
  <move id="139" source="F6" target="E6"/>
  <move id="140" source="F7" target="E7"/>
  <move id="141" source="E6" target="F6"/>
  <move id="142" source="I7" target="H7"/>
  <move id="143" source="F6" target="F:"/>
  <move id="144" source="I5" target="I4"/>
  <move id="145" source="F:" target="G:"/>
  <move id="146" source="I9" target="I8"/>
  <move id="147" source="G2" target="F2"/>
  <move id="148" source="I8" target="K8"/>
  <move id="149" source="F2" target="F:"/>
  <move id="150" source="K8" target="K2"/>
  <move id="151" source="F:" target="E:"/>
  <move id="152" source="H9" target="I9"/>
  <move id="153" source="I3" target="I4"/>
  <move id="154" source="I4" target="I3"/>
  <move id="155" source="H3" target="H4"/>
  <move id="156" source="I3" target="I2"/>
  <move id="157" source="H4" target="I4"/>
  <move id="158" source="I9" target="I8"/>
  <move id="159" source="I4" target="K4"/>
  <move id="160" source="H7" target="I7"/>
  <move id="161" source="K4" target="K5"/>
  <move id="162" source="I7" target="I6"/>
  <move id="163" source="K5" target="K6"/>
  <move id="164" source="I6" target="K6"/>
  <move id="165" source="H2" target="H3"/>
  <move id="166" source="I8" target="I7"/>
  <move id="167" source="H3" target="G3"/>
  <move id="168" source="I7" target="I6"/>
  <move id="169" source="G3" target="G4"/>
  <move id="170" source="I6" target="I5"/>
  <move id="171" source="G4" target="F4"/>
  <move id="172" source="I5" target="I4"/>
  <move id="173" source="F4" target="F3"/>
  <move id="174" source="I4" target="I3"/>
  <move id="175" source="F3" target="G3"/>
  <move id="176" source="I3" target="K3"/>
  <move id="177" source="G3" target="G4"/>
  <move id="178" source="K3" target="K2"/>
  <move id="179" source="G4" target="F4"/>
  <move id="180" source="K2" target="K3"/>
  <move id="181" source="F4" target="F3"/>
  <move id="182" source="K3" target="I3"/>
  <move id="183" source="F3" target="G3"/>
  <move id="184" source="I2" target="H2"/>
  <move id="185" source="G3" target="G4"/>
  <move id="186" source="I3" target="I2"/>
  <move id="187" source="G4" target="F4"/>
  <move id="188" source="I2" target="I1"/>
  <move id="189" source="H1" target="I1"/>
  <move id="190" source="H2" target="I2"/>
  <move id="191" source="F4" target="F3"/>
  <move id="192" source="I2" target="I1"/>
  <move id="193" source="F3" target="G3"/>
  <move id="194" source="I1" target="K1"/>
  <move id="195" source="G3" target="G4"/>
  <move id="196" source="K6" target="K5"/>
  <move id="197" source="G4" target="F4"/>
  <move id="198" source="K5" target="K4"/>
  <move id="199" source="F4" target="F3"/>
  <move id="200" source="K4" target="I4"/>
  <move id="201" source="F3" target="G3"/>
  <move id="202" source="I4" target="H4"/>
  <move id="203" source="G3" target="F3"/>
  <move id="204" source="H4" target="G4"/>
  <move id="205" source="F3" target="F2"/>
  <move id="206" source="G4" target="G3"/>
  <move id="207" source="F2" target="E2"/>
  <move id="208" source="G3" target="G2"/>
  <move id="209" source="E2" target="E3"/>
  <move id="210" source="G8" target="F8"/>
  <move id="211" source="E3" target="E4"/>
  <move id="212" source="F8" target="F1"/>
  <move id="213" source="E4" target="F4"/>
  <move id="214" source="E7" target="E6"/>
  <move id="215" source="F4" target="G4"/>
  <move id="216" source="E6" target="E5"/>
  <move id="217" source="G4" target="H4"/>
  <move id="218" source="E5" target="E4"/>
  <move id="219" source="H4" target="I4"/>
  <move id="220" source="E4" target="E3"/>
  <move id="221" source="I4" target="K4"/>
  <move id="222" source="E3" target="D3"/>
  <move id="223" source="K4" target="K5"/>
  <move id="224" source="D3" target="D4"/>
  <move id="225" source="K5" target="I5"/>
  <move id="226" source="D4" target="C4"/>
  <move id="227" source="I5" target="I4"/>
  <move id="228" source="E8" target="D8"/>
  <move id="229" source="I4" target="K4"/>
  <move id="230" source="C4" target="C3"/>
  <move id="231" source="K4" target="K5"/>
  <move id="232" source="C3" target="C2"/>
  <move id="233" source="K5" target="I5"/>
  <move id="234" source="G2" target="F2"/>
  <move id="235" source="C1" target="C2"/>
  <move id="236" source="E9" target="E1"/>
  <move id="237" source="I5" target="I4"/>
  <move id="238" source="D8" target="D7"/>
  <move id="239" source="I4" target="K4"/>
  <move id="240" source="D7" target="E7"/>
  <move id="241" source="K4" target="K5"/>
  <move id="242" source="E7" target="E6"/>
  <move id="243" source="K5" target="I5"/>
  <move id="244" source="E6" target="E5"/>
  <move id="245" source="I5" target="I6"/>
  <move id="246" source="E5" target="E4"/>
  <move id="247" source="I6" target="K6"/>
  <move id="248" source="E4" target="F4"/>
  <move id="249" source="K6" target="K5"/>
  <move id="250" source="F4" target="G4"/>
  <move id="251" source="K5" target="I5"/>
  <move id="252" source="G4" target="G3"/>
  <move id="253" source="I5" target="I6"/>
  <move id="254" source="G3" target="G2"/>
  <move id="255" source="G1" target="G2"/>
  <move id="256" source="F2" target="G2"/>
  <move id="257" source="I6" target="K6"/>
  <move id="258" source="G2" target="F2"/>
  <move id="259" source="K6" target="K5"/>
  <move id="260" source="F2" target="E2"/>
  <move id="261" source="K5" target="I5"/>
  <move id="262" source="E2" target="D2"/>
  <move id="263" source="I5" target="I6"/>
  <move id="264" source="D2" target="C2"/>
  <move id="265" source="I6" target="I5"/>
  <move id="266" source="C2" target="B2"/>
  <move id="267" source="I5" target="I4"/>
  <move id="268" source="B2" target="B1"/>
  <move id="269" source="I4" target="I3"/>
  <move id="270" source="B3" target="A3"/>
  <move id="271" source="I3" target="I4"/>
  <move id="272" source="A3" target="A2"/>
  <move id="273" source="I4" target="K4"/>
  <move id="274" source="A2" target="A1"/>
  <move id="275" source="K4" target="I4"/>
  <move id="276" source="C8" target="C7"/>
  <move id="277" source="I4" target="F4"/>
  <move id="278" source="C7" target="B7"/>
  <move id="279" source="F4" target="F9"/>
  <move id="280" source="B7" target="A7"/>
  <move id="281" source="F9" target="H9"/>
  <move id="282" source="A7" target="A4"/>
  <player id="1">Player 1</player>
  <player id="2">Player 2</player>
  <result type="1" winner="2"/>
 </game>
</stratego>