<?xml version="1.0" encoding="UTF-8"?>
<stratego>
 <game type="classic">
  
  <field content="DDBHEDEIDMBGEJFDIGEHEBIBBJLHDBGFDFHGCKDFAA__AA__AAAA__AA__AARRXVRTWURPPPTUNPOSTPNNPTSPSUNNYNQQQPSQVQ"/>
  <move id="1" source="I4" target="I5"/>
  <move id="2" source="E7" target="E6"/>
  <move id="3" source="H4" target="I4"/>
  <move id="4" source="B7" target="B6"/>
  <move id="5" source="F4" target="F5"/>
  <move id="6" source="F7" target="E7"/>
  <move id="7" source="F3" target="F4"/>
  <move id="8" source="B6" target="A6"/>
  <move id="9" source="F5" target="E5"/>
  <move id="10" source="K7" target="K4"/>
  <move id="11" source="F4" target="F5"/>
  <move id="12" source="I7" target="K7"/>
  <move id="13" source="F5" target="F6"/>
  <move id="14" source="B8" target="B7"/>
  <move id="15" source="F6" target="E6"/>
  <move id="16" source="G7" target="F7"/>
  <move id="17" source="F2" target="F7"/>
  <move id="18" source="I8" target="I7"/>
  <move id="19" source="G3" target="F3"/>
  <move id="20" source="I7" target="I6"/>
  <move id="21" source="F3" target="F4"/>
  <move id="22" source="I6" target="I7"/>
  <move id="23" source="F4" target="F5"/>
  <move id="24" source="G8" target="G7"/>
  <move id="25" source="E4" target="F4"/>
  <move id="26" source="F8" target="G8"/>
  <move id="27" source="F4" target="F3"/>
  <move id="28" source="A8" target="B8"/>
  <move id="29" source="F3" target="F2"/>
  <move id="30" source="B7" target="B6"/>
  <move id="31" source="F5" target="F6"/>
  <move id="32" source="B8" target="A8"/>
  <move id="33" source="I5" target="I7"/>
  <move id="34" source="I7" target="I6"/>
  <move id="35" source="I4" target="I5"/>
  <move id="36" source="I6" target="I7"/>
  <move id="37" source="I5" target="I6"/>
  <move id="38" source="I7" target="I8"/>
  <move id="39" source="K4" target="K5"/>
  <move id="40" source="K7" target="I7"/>
  <move id="41" source="I6" target="I5"/>
  <move id="42" source="K8" target="K7"/>
  <move id="43" source="K5" target="K6"/>
  <move id="44" source="I8" target="K8"/>
  <move id="45" source="G4" target="H4"/>
  <move id="46" source="C7" target="B7"/>
  <move id="47" source="K6" target="K7"/>
  <move id="48" source="K8" target="K7"/>
  <move id="49" source="I5" target="K5"/>
  <move id="50" source="B6" target="B4"/>
  <move id="51" source="I3" target="I7"/>
  <move id="52" source="B7" target="C7"/>
  <move id="53" source="K5" target="K6"/>
  <move id="54" source="K7" target="K8"/>
  <move id="55" source="K6" target="K7"/>
  <move id="56" source="K8" target="I8"/>
  <move id="57" source="H3" target="I3"/>
  <move id="58" source="I7" target="I6"/>
  <move id="59" source="K7" target="K6"/>
  <move id="60" source="H7" target="I7"/>
  <move id="61" source="K6" target="K5"/>
  <move id="62" source="I7" target="K7"/>
  <move id="63" source="K5" target="I5"/>
  <move id="64" source="I6" target="I7"/>
  <move id="65" source="I3" target="H3"/>
  <move id="66" source="I8" target="K8"/>
  <move id="67" source="I2" target="I3"/>
  <move id="68" source="H8" target="H7"/>
  <move id="69" source="I3" target="I4"/>
  <move id="70" source="G8" target="H8"/>
  <move id="71" source="I4" target="K4"/>
  <move id="72" source="H8" target="I8"/>
  <move id="73" source="K4" target="K5"/>
  <move id="74" source="A7" target="B7"/>
  <move id="75" source="K5" target="K6"/>
  <move id="76" source="A6" target="B6"/>
  <move id="77" source="K6" target="K7"/>
  <move id="78" source="I7" target="I6"/>
  <move id="79" source="I5" target="I4"/>
  <move id="80" source="I6" target="K6"/>
  <move id="81" source="I4" target="K4"/>
  <move id="82" source="A8" target="A4"/>
  <move id="83" source="K4" target="K5"/>
  <move id="84" source="I8" target="I1"/>
  <move id="85" source="K5" target="K6"/>
  <move id="86" source="K7" target="I7"/>
  <move id="87" source="K6" target="I6"/>
  <move id="88" source="I7" target="I8"/>
  <move id="89" source="H3" target="I3"/>
  <move id="90" source="F7" target="F8"/>
  <move id="91" source="I6" target="I7"/>
  <move id="92" source="I8" target="H8"/>
  <move id="93" source="I7" target="H7"/>
  <move id="94" source="F8" target="G8"/>
  <move id="95" source="F6" target="F5"/>
  <move id="96" source="H8" target="I8"/>
  <move id="97" source="H7" target="I7"/>
  <move id="98" source="G8" target="H8"/>
  <move id="99" source="F5" target="F4"/>
  <move id="100" source="B7" target="B8"/>
  <move id="101" source="E5" target="F5"/>
  <move id="102" source="E7" target="F7"/>
  <move id="103" source="F5" target="F6"/>
  <move id="104" source="D7" target="E7"/>
  <move id="105" source="E6" target="E5"/>
  <move id="106" source="F7" target="F8"/>
  <move id="107" source="F4" target="F5"/>
  <move id="108" source="C7" target="D7"/>
  <move id="109" source="E5" target="E4"/>
  <move id="110" source="E7" target="F7"/>
  <move id="111" source="I3" target="I4"/>
  <move id="112" source="D7" target="E7"/>
  <move id="113" source="I4" target="K4"/>
  <move id="114" source="F8" target="G8"/>
  <move id="115" source="H4" target="G4"/>
  <move id="116" source="E7" target="E6"/>
  <move id="117" source="F6" target="E6"/>
  <move id="118" source="B8" target="A8"/>
  <move id="119" source="H1" target="I1"/>
  <move id="120" source="F7" target="E7"/>
  <move id="121" source="K4" target="K5"/>
  <move id="122" source="E7" target="D7"/>
  <move id="123" source="K5" target="K6"/>
  <move id="124" source="H8" target="H7"/>
  <move id="125" source="I7" target="I8"/>
  <move id="126" source="H7" target="I7"/>
  <move id="127" source="I8" target="H8"/>
  <move id="128" source="I7" target="H7"/>
  <move id="129" source="H8" target="G8"/>
  <move id="130" source="E6" target="F6"/>
  <move id="131" source="F5" target="F4"/>
  <move id="132" source="F6" target="F7"/>
  <move id="133" source="G4" target="G3"/>
  <move id="134" source="D7" target="C7"/>
  <move id="135" source="H2" target="I2"/>
  <move id="136" source="C7" target="B7"/>
  <move id="137" source="E4" target="E5"/>
  <move id="138" source="B6" target="A6"/>
  <move id="139" source="F4" target="G4"/>
  <move id="140" source="B7" target="B6"/>
  <move id="141" source="E5" target="F5"/>
  <move id="142" source="B6" target="B5"/>
  <move id="143" source="F5" target="F4"/>
  <move id="144" source="B5" target="B4"/>
  <move id="145" source="F4" target="F5"/>
  <move id="146" source="B4" target="A4"/>
  <move id="147" source="G4" target="H4"/>
  <move id="148" source="A6" target="B6"/>
  <move id="149" source="G3" target="G4"/>
  <move id="150" source="C8" target="C7"/>
  <move id="151" source="H4" target="H3"/>
  <move id="152" source="K8" target="I8"/>
  <move id="153" source="G1" target="H1"/>
  <move id="154" source="B6" target="B5"/>
  <move id="155" source="H1" target="H2"/>
  <move id="156" source="B5" target="B4"/>
  <move id="157" source="H3" target="G3"/>
  <move id="158" source="B4" target="B3"/>
  <move id="159" source="G3" target="F3"/>
  <move id="160" source="C9" target="C8"/>
  <move id="161" source="F3" target="F4"/>
  <move id="162" source="C8" target="B8"/>
  <move id="163" source="F4" target="E4"/>
  <move id="164" source="B8" target="B4"/>
  <move id="165" source="F5" target="F4"/>
  <move id="166" source="B4" target="C4"/>
  <move id="167" source="D4" target="C4"/>
  <move id="168" source="A4" target="A5"/>
  <move id="169" source="E4" target="E5"/>
  <move id="170" source="C:" target="C9"/>
  <move id="171" source="F4" target="F5"/>
  <move id="172" source="C9" target="C8"/>
  <move id="173" source="G4" target="F4"/>
  <move id="174" source="C8" target="B8"/>
  <move id="175" source="E5" target="E4"/>
  <move id="176" source="B8" target="B7"/>
  <move id="177" source="G8" target="H8"/>
  <move id="178" source="H7" target="H8"/>
  <move id="179" source="F4" target="F3"/>
  <move id="180" source="D:" target="C:"/>
  <move id="181" source="C4" target="B4"/>
  <move id="182" source="A5" target="A6"/>
  <move id="183" source="E4" target="D4"/>
  <move id="184" source="B7" target="B6"/>
  <move id="185" source="D4" target="C4"/>
  <move id="186" source="F7" target="E7"/>
  <move id="187" source="B4" target="A4"/>
  <move id="188" source="F9" target="F5"/>
  <move id="189" source="C4" target="B4"/>
  <move id="190" source="E7" target="E6"/>
  <move id="191" source="F3" target="F4"/>
  <move id="192" source="E6" target="F6"/>
  <move id="193" source="F5" target="E5"/>
  <move id="194" source="A6" target="A7"/>
  <move id="195" source="B4" target="B5"/>
  <move id="196" source="B6" target="B7"/>
  <move id="197" source="B5" target="B6"/>
  <move id="198" source="F6" target="E6"/>
  <move id="199" source="E5" target="F5"/>
  <move id="200" source="B7" target="B6"/>
  <move id="201" source="B6" target="A6"/>
  <move id="202" source="A7" target="B7"/>
  <move id="203" source="A6" target="B6"/>
  <move id="204" source="B7" target="B8"/>
  <move id="205" source="G2" target="G1"/>
  <move id="206" source="C7" target="C8"/>
  <move id="207" source="B6" target="B7"/>
  <move id="208" source="E6" target="E7"/>
  <move id="209" source="F2" target="G2"/>
  <move id="210" source="E7" target="D7"/>
  <move id="211" source="K6" target="I6"/>
  <move id="212" source="G7" target="F7"/>
  <move id="213" source="F5" target="F6"/>
  <move id="214" source="D7" target="E7"/>
  <move id="215" source="I6" target="I7"/>
  <move id="216" source="F7" target="F8"/>
  <move id="217" source="I7" target="H7"/>
  <move id="218" source="E7" target="F7"/>
  <move id="219" source="F6" target="F5"/>
  <move id="220" source="F7" target="G7"/>
  <move id="221" source="H7" target="H8"/>
  <move id="222" source="G7" target="H7"/>
  <move id="223" source="H8" target="G8"/>
  <move id="224" source="G9" target="G8"/>
  <move id="225" source="G8" target="F8"/>
  <move id="226" source="H7" target="G7"/>
  <move id="227" source="F8" target="F9"/>
  <move id="228" source="G7" target="G8"/>
  <move id="229" source="F9" target="E9"/>
  <move id="230" source="G8" target="F8"/>
  <move id="231" source="E9" target="E:"/>
  <move id="232" source="F8" target="F9"/>
  <move id="233" source="E:" target="D:"/>
  <move id="234" source="F9" target="E9"/>
  <move id="235" source="F5" target="F6"/>
  <move id="236" source="E9" target="E:"/>
  <move id="237" source="D:" target="D9"/>
  <move id="238" source="E:" target="E9"/>
  <move id="239" source="B7" target="B8"/>
  <move id="240" source="E9" target="D9"/>
  <move id="241" source="B8" target="C8"/>
  <move id="242" source="H9" target="G9"/>
  <move id="243" source="A4" target="A5"/>
  <move id="244" source="G9" target="F9"/>
  <move id="245" source="E2" target="F2"/>
  <move id="246" source="F9" target="F8"/>
  <move id="247" source="D2" target="E2"/>
  <move id="248" source="F8" target="F7"/>
  <move id="249" source="G1" target="H1"/>
  <move id="250" source="F7" target="E7"/>
  <move id="251" source="G2" target="G1"/>
  <move id="252" source="H:" target="H9"/>
  <move id="253" source="F2" target="G2"/>
  <move id="254" source="H9" target="G9"/>
  <move id="255" source="E2" target="F2"/>
  <move id="256" source="G9" target="F9"/>
  <move id="257" source="F2" target="F3"/>
  <move id="258" source="I:" target="H:"/>
  <move id="259" source="F3" target="G3"/>
  <move id="260" source="H:" target="H9"/>
  <move id="261" source="G3" target="G4"/>
  <move id="262" source="H9" target="G9"/>
  <move id="263" source="F6" target="E6"/>
  <move id="264" source="E7" target="D7"/>
  <move id="265" source="F4" target="E4"/>
  <move id="266" source="F9" target="E9"/>
  <move id="267" source="E6" target="E7"/>
  <move id="268" source="G9" target="F9"/>
  <move id="269" source="G4" target="F4"/>
  <move id="270" source="F9" target="F8"/>
  <move id="271" source="E7" target="D7"/>
  <move id="272" source="F8" target="F7"/>
  <move id="273" source="F4" target="F5"/>
  <move id="274" source="F7" target="F6"/>
  <move id="275" source="F5" target="F6"/>
  <move id="276" source="D9" target="C9"/>
  <move id="277" source="C8" target="C9"/>
  <move id="278" source="D8" target="C8"/>
  <move id="279" source="C3" target="C4"/>
  <player id="1">Player 1</player>
  <player id="2">Player 2</player>
  <result type="3" winner="1"/>
 </game>
</stratego>