<?xml version="1.0" encoding="UTF-8"?>
<stratego>
 <game type="classic">
  
  <field content="GHBMBGEDBFBEHBIEFEIBDJELDDCKGFGDHDIFJHDDAA__AA__AAAA__AA__AAPSVRPTRVPPRTUNRTTQUSNWNQPSSNQPPPQNQUXYNO"/>
  <move id="1" source="A4" target="A5"/>
  <move id="2" source="A7" target="A5"/>
  <move id="3" source="A5" target="B5"/>
  <move id="4" source="E7" target="E4"/>
  <move id="5" source="B5" target="B6"/>
  <move id="6" source="D7" target="E7"/>
  <move id="7" source="B6" target="B7"/>
  <move id="8" source="E7" target="E6"/>
  <move id="9" source="F4" target="F5"/>
  <move id="10" source="I7" target="I4"/>
  <move id="11" source="F5" target="E5"/>
  <move id="12" source="K7" target="K4"/>
  <move id="13" source="E5" target="E6"/>
  <move id="14" source="K8" target="K7"/>
  <move id="15" source="B4" target="B8"/>
  <move id="16" source="K7" target="K6"/>
  <move id="17" source="C4" target="B4"/>
  <move id="18" source="K6" target="K5"/>
  <move id="19" source="B4" target="B5"/>
  <move id="20" source="K5" target="K4"/>
  <move id="21" source="B5" target="B6"/>
  <move id="22" source="K4" target="K3"/>
  <move id="23" source="B6" target="B7"/>
  <move id="24" source="K3" target="I3"/>
  <move id="25" source="B7" target="B8"/>
  <move id="26" source="K9" target="K2"/>
  <move id="27" source="A3" target="A8"/>
  <move id="28" source="F7" target="F6"/>
  <move id="29" source="F3" target="F6"/>
  <move id="30" source="I8" target="I7"/>
  <move id="31" source="E4" target="E5"/>
  <move id="32" source="I7" target="I6"/>
  <move id="33" source="E5" target="E6"/>
  <move id="34" source="F6" target="F5"/>
  <move id="35" source="E6" target="F6"/>
  <move id="36" source="F5" target="F4"/>
  <move id="37" source="G4" target="F4"/>
  <move id="38" source="I6" target="I5"/>
  <move id="39" source="F4" target="G4"/>
  <move id="40" source="H8" target="I8"/>
  <move id="41" source="H4" target="I4"/>
  <move id="42" source="I5" target="K5"/>
  <move id="43" source="F6" target="F5"/>
  <move id="44" source="I8" target="I7"/>
  <move id="45" source="F5" target="E5"/>
  <move id="46" source="I7" target="I6"/>
  <move id="47" source="I4" target="I5"/>
  <move id="48" source="K5" target="K4"/>
  <move id="49" source="I5" target="I6"/>
  <move id="50" source="K4" target="K3"/>
  <move id="51" source="I6" target="I7"/>
  <move id="52" source="H7" target="I7"/>
  <move id="53" source="H3" target="I3"/>
  <move id="54" source="K3" target="I3"/>
  <move id="55" source="I3" target="I4"/>
  <move id="56" source="G8" target="H8"/>
  <move id="57" source="I4" target="I5"/>
  <move id="58" source="H8" target="H7"/>
  <move id="59" source="I5" target="I6"/>
  <move id="60" source="B9" target="B8"/>
  <move id="61" source="E3" target="F3"/>
  <move id="62" source="B8" target="B7"/>
  <move id="63" source="F3" target="F7"/>
  <move id="64" source="B7" target="B6"/>
  <move id="65" source="F7" target="G7"/>
  <move id="66" source="A8" target="A7"/>
  <move id="67" source="F2" target="F3"/>
  <move id="68" source="B6" target="A6"/>
  <move id="69" source="F3" target="E3"/>
  <move id="70" source="B:" target="B3"/>
  <move id="71" source="F1" target="F2"/>
  <move id="72" source="A6" target="A5"/>
  <move id="73" source="C3" target="C4"/>
  <move id="74" source="A7" target="A6"/>
  <move id="75" source="D3" target="C3"/>
  <move id="76" source="A6" target="B6"/>
  <move id="77" source="F2" target="F3"/>
  <move id="78" source="B6" target="B5"/>
  <move id="79" source="F3" target="F4"/>
  <move id="80" source="A5" target="A4"/>
  <move id="81" source="F4" target="F5"/>
  <move id="82" source="A4" target="B4"/>
  <move id="83" source="F5" target="F6"/>
  <move id="84" source="B4" target="C4"/>
  <move id="85" source="C3" target="C4"/>
  <move id="86" source="B5" target="A5"/>
  <move id="87" source="C4" target="B4"/>
  <move id="88" source="F8" target="F7"/>
  <move id="89" source="F6" target="F7"/>
  <move id="90" source="C7" target="D7"/>
  <move id="91" source="E5" target="E6"/>
  <move id="92" source="D7" target="E7"/>
  <move id="93" source="E6" target="F6"/>
  <move id="94" source="C8" target="B8"/>
  <move id="95" source="D4" target="E4"/>
  <move id="96" source="B8" target="B7"/>
  <move id="97" source="E4" target="E7"/>
  <move id="98" source="B7" target="B6"/>
  <move id="99" source="G4" target="F4"/>
  <move id="100" source="B6" target="B5"/>
  <move id="101" source="B4" target="C4"/>
  <move id="102" source="B5" target="B4"/>
  <move id="103" source="C4" target="B4"/>
  <move id="104" source="A:" target="B:"/>
  <move id="105" source="F4" target="F5"/>
  <move id="106" source="K:" target="K9"/>
  <move id="107" source="F5" target="E5"/>
  <move id="108" source="I9" target="I8"/>
  <move id="109" source="E5" target="E6"/>
  <move id="110" source="E7" target="D7"/>
  <move id="111" source="F6" target="F7"/>
  <move id="112" source="I8" target="K8"/>
  <move id="113" source="F7" target="G7"/>
  <move id="114" source="K8" target="K7"/>
  <move id="115" source="G7" target="H7"/>
  <move id="116" source="I7" target="I8"/>
  <move id="117" source="H7" target="G7"/>
  <move id="118" source="G9" target="G8"/>
  <move id="119" source="G7" target="F7"/>
  <move id="120" source="I8" target="H8"/>
  <move id="121" source="B3" target="A3"/>
  <move id="122" source="H8" target="H7"/>
  <move id="123" source="A3" target="A4"/>
  <move id="124" source="G8" target="F8"/>
  <move id="125" source="A4" target="A5"/>
  <move id="126" source="G:" target="G9"/>
  <move id="127" source="F7" target="F6"/>
  <move id="128" source="G9" target="G8"/>
  <move id="129" source="F6" target="F5"/>
  <move id="130" source="G8" target="H8"/>
  <move id="131" source="B4" target="C4"/>
  <move id="132" source="H8" target="I8"/>
  <move id="133" source="C4" target="D4"/>
  <move id="134" source="I8" target="I7"/>
  <move id="135" source="I6" target="I5"/>
  <move id="136" source="I7" target="I6"/>
  <move id="137" source="I5" target="I4"/>
  <move id="138" source="K7" target="K6"/>
  <move id="139" source="I4" target="H4"/>
  <move id="140" source="K6" target="K5"/>
  <move id="141" source="H4" target="H3"/>
  <move id="142" source="I6" target="I5"/>
  <move id="143" source="D4" target="E4"/>
  <move id="144" source="I5" target="I4"/>
  <move id="145" source="E4" target="F4"/>
  <move id="146" source="K5" target="K4"/>
  <move id="147" source="F4" target="G4"/>
  <move id="148" source="K4" target="K3"/>
  <move id="149" source="F5" target="F4"/>
  <move id="150" source="K3" target="K2"/>
  <move id="151" source="K1" target="K2"/>
  <move id="152" source="I4" target="I3"/>
  <move id="153" source="K2" target="K1"/>
  <move id="154" source="I3" target="K3"/>
  <move id="155" source="G4" target="H4"/>
  <move id="156" source="K3" target="K2"/>
  <move id="157" source="H4" target="I4"/>
  <move id="158" source="K2" target="K1"/>
  <move id="159" source="I4" target="I5"/>
  <move id="160" source="B:" target="B2"/>
  <move id="161" source="I5" target="I6"/>
  <move id="162" source="K9" target="I9"/>
  <move id="163" source="E6" target="F6"/>
  <move id="164" source="I9" target="I8"/>
  <move id="165" source="F6" target="F7"/>
  <move id="166" source="I8" target="H8"/>
  <move id="167" source="F7" target="G7"/>
  <move id="168" source="H7" target="G7"/>
  <move id="169" source="A5" target="B5"/>
  <move id="170" source="H8" target="G8"/>
  <move id="171" source="B5" target="B4"/>
  <move id="172" source="G8" target="G7"/>
  <move id="173" source="B4" target="C4"/>
  <move id="174" source="D7" target="E7"/>
  <move id="175" source="C4" target="D4"/>
  <move id="176" source="G7" target="F7"/>
  <move id="177" source="D4" target="E4"/>
  <move id="178" source="E7" target="E6"/>
  <move id="179" source="E4" target="E5"/>
  <move id="180" source="E6" target="F6"/>
  <move id="181" source="E5" target="F5"/>
  <move id="182" source="F6" target="E6"/>
  <move id="183" source="F5" target="E5"/>
  <move id="184" source="E6" target="F6"/>
  <move id="185" source="E5" target="F5"/>
  <move id="186" source="F6" target="E6"/>
  <move id="187" source="F5" target="E5"/>
  <move id="188" source="E6" target="F6"/>
  <move id="189" source="E5" target="F5"/>
  <move id="190" source="F7" target="E7"/>
  <move id="191" source="F5" target="F6"/>
  <move id="192" source="F8" target="F7"/>
  <move id="193" source="F4" target="F5"/>
  <move id="194" source="F:" target="G:"/>
  <move id="195" source="F5" target="F6"/>
  <move id="196" source="F7" target="F6"/>
  <move id="197" source="I6" target="I7"/>
  <move id="198" source="G:" target="G9"/>
  <move id="199" source="I7" target="H7"/>
  <move id="200" source="K1" target="I1"/>
  <move id="201" source="H3" target="H4"/>
  <move id="202" source="E8" target="F8"/>
  <move id="203" source="F6" target="F7"/>
  <move id="204" source="E7" target="E6"/>
  <move id="205" source="F7" target="F8"/>
  <move id="206" source="E6" target="E5"/>
  <move id="207" source="H4" target="G4"/>
  <move id="208" source="E9" target="E8"/>
  <move id="209" source="G4" target="F4"/>
  <move id="210" source="E8" target="E7"/>
  <move id="211" source="F8" target="F7"/>
  <move id="212" source="E7" target="E6"/>
  <move id="213" source="F7" target="F6"/>
  <move id="214" source="E6" target="E8"/>
  <move id="215" source="F6" target="E6"/>
  <move id="216" source="G9" target="G8"/>
  <move id="217" source="E6" target="E5"/>
  <move id="218" source="C:" target="B:"/>
  <move id="219" source="H7" target="G7"/>
  <move id="220" source="G8" target="G7"/>
  <move id="221" source="G7" target="G8"/>
  <move id="222" source="B:" target="B9"/>
  <move id="223" source="F4" target="E4"/>
  <move id="224" source="E8" target="F8"/>
  <move id="225" source="G8" target="F8"/>
  <move id="226" source="B9" target="B8"/>
  <move id="227" source="E4" target="D4"/>
  <move id="228" source="B8" target="B7"/>
  <move id="229" source="D4" target="C4"/>
  <move id="230" source="D9" target="E9"/>
  <move id="231" source="C4" target="B4"/>
  <move id="232" source="B7" target="C7"/>
  <move id="233" source="F8" target="E8"/>
  <move id="234" source="C7" target="D7"/>
  <move id="235" source="E8" target="E9"/>
  <move id="236" source="D7" target="E7"/>
  <move id="237" source="E9" target="E8"/>
  <move id="238" source="E7" target="F7"/>
  <move id="239" source="E8" target="F8"/>
  <move id="240" source="F7" target="G7"/>
  <move id="241" source="F8" target="G8"/>
  <move id="242" source="G7" target="H7"/>
  <move id="243" source="I2" target="I3"/>
  <move id="244" source="H7" target="I7"/>
  <move id="245" source="I3" target="I4"/>
  <move id="246" source="I7" target="I6"/>
  <move id="247" source="I4" target="I5"/>
  <move id="248" source="I6" target="K6"/>
  <move id="249" source="G8" target="H8"/>
  <move id="250" source="F9" target="F8"/>
  <move id="251" source="E5" target="E6"/>
  <move id="252" source="E:" target="E9"/>
  <move id="253" source="E6" target="E7"/>
  <move id="254" source="K6" target="K7"/>
  <move id="255" source="E7" target="E8"/>
  <move id="256" source="F8" target="F7"/>
  <move id="257" source="E8" target="D8"/>
  <move id="258" source="K7" target="K6"/>
  <move id="259" source="H8" target="G8"/>
  <move id="260" source="F7" target="F6"/>
  <move id="261" source="E3" target="D3"/>
  <move id="262" source="F6" target="F5"/>
  <move id="263" source="E2" target="E3"/>
  <move id="264" source="F5" target="F4"/>
  <move id="265" source="G3" target="G4"/>
  <move id="266" source="F4" target="G4"/>
  <move id="267" source="E3" target="F3"/>
  <move id="268" source="G4" target="H4"/>
  <move id="269" source="F3" target="G3"/>
  <move id="270" source="E9" target="E8"/>
  <move id="271" source="I5" target="I4"/>
  <move id="272" source="E8" target="E7"/>
  <move id="273" source="I4" target="H4"/>
  <move id="274" source="E7" target="E6"/>
  <move id="275" source="G8" target="G9"/>
  <move id="276" source="K6" target="K5"/>
  <move id="277" source="G9" target="G:"/>
  <move id="278" source="K5" target="K4"/>
  <move id="279" source="G:" target="H:"/>
  <player id="1">Player 1</player>
  <player id="2">Player 2</player>
  <result type="1" winner="1"/>
 </game>
</stratego>