<?xml version="1.0" encoding="UTF-8"?>
<stratego>
 <game type="classic">
  
  <field content="DDBMBEGEEHEGBBBIEHHDLBFCGJDDGIHFIKDFDJFDAA__AA__AAAA__AA__AANTPXRTPUTNSPVQPVQPWSQSNOTUNUSQRPRPQNYNRP"/>
  <move id="1" source="E4" target="E7"/>
  <move id="2" source="F7" target="F6"/>
  <move id="3" source="F4" target="F5"/>
  <move id="4" source="F6" target="F5"/>
  <move id="5" source="B4" target="B5"/>
  <move id="6" source="E7" target="E6"/>
  <move id="7" source="B5" target="B6"/>
  <move id="8" source="E6" target="E5"/>
  <move id="9" source="B6" target="B7"/>
  <move id="10" source="E5" target="E4"/>
  <move id="11" source="E3" target="E4"/>
  <move id="12" source="F5" target="E5"/>
  <move id="13" source="E4" target="E3"/>
  <move id="14" source="E5" target="E4"/>
  <move id="15" source="D4" target="E4"/>
  <move id="16" source="E8" target="E7"/>
  <move id="17" source="A4" target="A5"/>
  <move id="18" source="E7" target="E6"/>
  <move id="19" source="A5" target="B5"/>
  <move id="20" source="E6" target="E5"/>
  <move id="21" source="D3" target="D4"/>
  <move id="22" source="E5" target="F5"/>
  <move id="23" source="B5" target="B6"/>
  <move id="24" source="F5" target="F4"/>
  <move id="25" source="B6" target="B7"/>
  <move id="26" source="F4" target="F3"/>
  <move id="27" source="K4" target="K7"/>
  <move id="28" source="G7" target="F7"/>
  <move id="29" source="K3" target="K4"/>
  <move id="30" source="D7" target="E7"/>
  <move id="31" source="K4" target="K5"/>
  <move id="32" source="F7" target="F6"/>
  <move id="33" source="K5" target="K6"/>
  <move id="34" source="E7" target="E6"/>
  <move id="35" source="K6" target="I6"/>
  <move id="36" source="F6" target="F5"/>
  <move id="37" source="I6" target="I7"/>
  <move id="38" source="I8" target="I7"/>
  <move id="39" source="K2" target="K3"/>
  <move id="40" source="F5" target="F4"/>
  <move id="41" source="E4" target="F4"/>
  <move id="42" source="E6" target="F6"/>
  <move id="43" source="F4" target="E4"/>
  <move id="44" source="F6" target="F5"/>
  <move id="45" source="C4" target="B4"/>
  <move id="46" source="F5" target="F4"/>
  <move id="47" source="B4" target="B5"/>
  <move id="48" source="F4" target="F3"/>
  <move id="49" source="B5" target="B6"/>
  <move id="50" source="F3" target="F4"/>
  <move id="51" source="E4" target="E5"/>
  <move id="52" source="F4" target="F5"/>
  <move id="53" source="E5" target="E4"/>
  <move id="54" source="B8" target="B7"/>
  <move id="55" source="B6" target="B7"/>
  <move id="56" source="C7" target="D7"/>
  <move id="57" source="B7" target="B8"/>
  <move id="58" source="C8" target="B8"/>
  <move id="59" source="A3" target="A4"/>
  <move id="60" source="D7" target="C7"/>
  <move id="61" source="A4" target="A5"/>
  <move id="62" source="B8" target="B7"/>
  <move id="63" source="A5" target="A6"/>
  <move id="64" source="B7" target="B8"/>
  <move id="65" source="A6" target="B6"/>
  <move id="66" source="C7" target="B7"/>
  <move id="67" source="B6" target="B7"/>
  <move id="68" source="B8" target="C8"/>
  <move id="69" source="B7" target="B8"/>
  <move id="70" source="C8" target="C7"/>
  <move id="71" source="B8" target="B9"/>
  <move id="72" source="D8" target="E8"/>
  <move id="73" source="B9" target="B:"/>
  <move id="74" source="C7" target="B7"/>
  <move id="75" source="B:" target="C:"/>
  <move id="76" source="B7" target="B6"/>
  <move id="77" source="C:" target="D:"/>
  <move id="78" source="D9" target="D:"/>
  <move id="79" source="K3" target="K4"/>
  <move id="80" source="B6" target="B5"/>
  <move id="81" source="K4" target="K5"/>
  <move id="82" source="H7" target="G7"/>
  <move id="83" source="K5" target="I5"/>
  <move id="84" source="I7" target="I6"/>
  <move id="85" source="I5" target="K5"/>
  <move id="86" source="G7" target="F7"/>
  <move id="87" source="D4" target="C4"/>
  <move id="88" source="F7" target="E7"/>
  <move id="89" source="A2" target="A3"/>
  <move id="90" source="E7" target="E6"/>
  <move id="91" source="A3" target="A4"/>
  <move id="92" source="H8" target="H7"/>
  <move id="93" source="G4" target="F4"/>
  <move id="94" source="F5" target="F6"/>
  <move id="95" source="K5" target="K6"/>
  <move id="96" source="I6" target="K6"/>
  <move id="97" source="A4" target="B4"/>
  <move id="98" source="H7" target="B7"/>
  <move id="99" source="A1" target="A7"/>
  <move id="100" source="B5" target="B4"/>
  <move id="101" source="C4" target="B4"/>
  <move id="102" source="F6" target="F5"/>
  <move id="103" source="I4" target="I5"/>
  <move id="104" source="K6" target="I6"/>
  <move id="105" source="I5" target="I4"/>
  <move id="106" source="E6" target="E7"/>
  <move id="107" source="B1" target="A1"/>
  <move id="108" source="F5" target="E5"/>
  <move id="109" source="A1" target="A5"/>
  <move id="110" source="E5" target="E4"/>
  <move id="111" source="F4" target="F8"/>
  <move id="112" source="B4" target="A4"/>
  <move id="113" source="A5" target="A6"/>
  <move id="114" source="A4" target="A5"/>
  <move id="115" source="A6" target="B6"/>
  <move id="116" source="B7" target="B6"/>
  <move id="117" source="H4" target="G4"/>
  <move id="118" source="E7" target="E6"/>
  <move id="119" source="K1" target="K2"/>
  <move id="120" source="E4" target="F4"/>
  <move id="121" source="K2" target="K3"/>
  <move id="122" source="F4" target="G4"/>
  <move id="123" source="E3" target="E4"/>
  <move id="124" source="E6" target="E5"/>
  <move id="125" source="E4" target="E5"/>
  <move id="126" source="I6" target="I5"/>
  <move id="127" source="K3" target="K4"/>
  <move id="128" source="I5" target="I4"/>
  <move id="129" source="K4" target="K5"/>
  <move id="130" source="I4" target="I5"/>
  <move id="131" source="I3" target="I4"/>
  <move id="132" source="I5" target="I4"/>
  <move id="133" source="K5" target="K6"/>
  <move id="134" source="I4" target="I5"/>
  <move id="135" source="K6" target="I6"/>
  <move id="136" source="I5" target="I6"/>
  <move id="137" source="H3" target="I3"/>
  <move id="138" source="G8" target="G7"/>
  <move id="139" source="G3" target="H3"/>
  <move id="140" source="G7" target="H7"/>
  <move id="141" source="I3" target="K3"/>
  <move id="142" source="I6" target="I5"/>
  <move id="143" source="H3" target="I3"/>
  <move id="144" source="I5" target="I4"/>
  <move id="145" source="K3" target="K6"/>
  <move id="146" source="H7" target="I7"/>
  <move id="147" source="I3" target="H3"/>
  <move id="148" source="I4" target="I3"/>
  <move id="149" source="H3" target="D3"/>
  <move id="150" source="I7" target="I6"/>
  <move id="151" source="K6" target="K5"/>
  <move id="152" source="I6" target="I5"/>
  <move id="153" source="K5" target="K4"/>
  <move id="154" source="I5" target="I4"/>
  <move id="155" source="K4" target="K6"/>
  <move id="156" source="I3" target="K3"/>
  <move id="157" source="K6" target="I6"/>
  <move id="158" source="I4" target="H4"/>
  <move id="159" source="I6" target="I7"/>
  <move id="160" source="H4" target="H3"/>
  <move id="161" source="H2" target="H3"/>
  <move id="162" source="K3" target="I3"/>
  <move id="163" source="I7" target="H7"/>
  <move id="164" source="I3" target="H3"/>
  <move id="165" source="H7" target="H9"/>
  <move id="166" source="H3" target="H2"/>
  <move id="167" source="I2" target="I3"/>
  <move id="168" source="H2" target="H1"/>
  <move id="169" source="I3" target="I4"/>
  <move id="170" source="H1" target="G1"/>
  <move id="171" source="I4" target="I5"/>
  <move id="172" source="G1" target="F1"/>
  <move id="173" source="I5" target="I6"/>
  <move id="174" source="F8" target="G8"/>
  <move id="175" source="I6" target="I7"/>
  <move id="176" source="G8" target="H8"/>
  <move id="177" source="I1" target="I2"/>
  <move id="178" source="F1" target="E1"/>
  <move id="179" source="I2" target="I3"/>
  <move id="180" source="E5" target="E4"/>
  <move id="181" source="I3" target="I4"/>
  <move id="182" source="E4" target="E3"/>
  <move id="183" source="D3" target="D4"/>
  <move id="184" source="E3" target="E2"/>
  <move id="185" source="I4" target="I5"/>
  <move id="186" source="E8" target="E7"/>
  <move id="187" source="I5" target="K5"/>
  <move id="188" source="E7" target="E6"/>
  <move id="189" source="K5" target="K6"/>
  <move id="190" source="E6" target="E5"/>
  <move id="191" source="K6" target="K7"/>
  <move id="192" source="K8" target="K7"/>
  <move id="193" source="I7" target="K7"/>
  <move id="194" source="H8" target="I8"/>
  <move id="195" source="F2" target="F3"/>
  <move id="196" source="G4" target="F4"/>
  <move id="197" source="F3" target="G3"/>
  <move id="198" source="A5" target="B5"/>
  <move id="199" source="G3" target="H3"/>
  <move id="200" source="B5" target="B4"/>
  <move id="201" source="H3" target="H4"/>
  <move id="202" source="B4" target="C4"/>
  <move id="203" source="H4" target="I4"/>
  <move id="204" source="C4" target="D4"/>
  <move id="205" source="I4" target="I5"/>
  <move id="206" source="E5" target="E4"/>
  <move id="207" source="I5" target="I6"/>
  <move id="208" source="H9" target="H8"/>
  <move id="209" source="G2" target="H2"/>
  <move id="210" source="E4" target="E3"/>
  <move id="211" source="H2" target="H3"/>
  <move id="212" source="E3" target="E2"/>
  <move id="213" source="H3" target="H4"/>
  <move id="214" source="E2" target="E1"/>
  <move id="215" source="I6" target="I7"/>
  <move id="216" source="E1" target="D1"/>
  <player id="1">Player 1</player>
  <player id="2">Player 2</player>
  <result type="1" winner="2"/>
 </game>
</stratego>