<?xml version="1.0" encoding="UTF-8"?>
<stratego>
 <game type="barrage">
  
  <field content="AAAKAAMAAAACAAAAAAAAAAAAAAAAADDAAABEAALAAA__AA__AAAA__AA__AAAAAAWXAAONAAAAAAAAAAAAAAAAAAPYAAAAAAAAQP"/>
  <move id="1" source="A4" target="A5"/>
  <move id="2" source="I7" target="I6"/>
  <move id="3" source="K3" target="K4"/>
  <move id="4" source="I6" target="K6"/>
  <move id="5" source="I4" target="I5"/>
  <move id="6" source="I9" target="I5"/>
  <move id="7" source="K4" target="K6"/>
  <move id="8" source="E7" target="E6"/>
  <move id="9" source="I5" target="I6"/>
  <move id="10" source="E6" target="E5"/>
  <move id="11" source="I6" target="I7"/>
  <move id="12" source="E5" target="E4"/>
  <move id="13" source="I7" target="I8"/>
  <move id="14" source="F7" target="F6"/>
  <move id="15" source="I8" target="I9"/>
  <move id="16" source="F6" target="F5"/>
  <move id="17" source="F4" target="F5"/>
  <move id="18" source="F5" target="F4"/>
  <move id="19" source="K6" target="K7"/>
  <move id="20" source="F4" target="G4"/>
  <move id="21" source="I9" target="K9"/>
  <player id="1">Player 1</player>
  <player id="2">Player 2</player>
  <result type="1" winner="1"/>
 </game>
</stratego>