<?xml version="1.0" encoding="UTF-8"?>
<stratego>
 <game type="barrage">
  
  <field content="AAAAAAAAKMAAAAAAAAABAAAAACAAAAADAAAEAALDAA__AA__AAAA__AA__AAAAAAAAAAAXAWAPOAAPAAAAAAAAAANYAAAAAAAAAQ"/>
  <move id="1" source="B4" target="A4"/>
  <move id="2" source="B8" target="B7"/>
  <move id="3" source="A4" target="A5"/>
  <move id="4" source="B7" target="A7"/>
  <move id="5" source="A5" target="B5"/>
  <move id="6" source="A7" target="A6"/>
  <move id="7" source="F4" target="F5"/>
  <move id="8" source="A6" target="B6"/>
  <move id="9" source="B5" target="A5"/>
  <move id="10" source="E8" target="E7"/>
  <move id="11" source="F5" target="F6"/>
  <move id="12" source="E7" target="F7"/>
  <move id="13" source="F6" target="E6"/>
  <move id="14" source="K7" target="K6"/>
  <move id="15" source="I4" target="I5"/>
  <move id="16" source="H8" target="I8"/>
  <move id="17" source="K4" target="K5"/>
  <move id="18" source="I8" target="I7"/>
  <move id="19" source="F3" target="F4"/>
  <move id="20" source="K6" target="K5"/>
  <move id="21" source="I5" target="I6"/>
  <move id="22" source="I7" target="K7"/>
  <move id="23" source="F4" target="F5"/>
  <move id="24" source="B6" target="B7"/>
  <move id="25" source="A5" target="A6"/>
  <move id="26" source="B7" target="C7"/>
  <move id="27" source="F5" target="F6"/>
  <move id="28" source="C7" target="D7"/>
  <move id="29" source="A6" target="A7"/>
  <move id="30" source="D7" target="E7"/>
  <move id="31" source="A7" target="A8"/>
  <move id="32" source="F7" target="F6"/>
  <move id="33" source="E6" target="E5"/>
  <move id="34" source="E7" target="E6"/>
  <move id="35" source="E5" target="E4"/>
  <move id="36" source="E6" target="E5"/>
  <move id="37" source="E4" target="D4"/>
  <move id="38" source="E5" target="E4"/>
  <move id="39" source="D4" target="C4"/>
  <move id="40" source="K5" target="K4"/>
  <move id="41" source="C4" target="B4"/>
  <move id="42" source="K4" target="K3"/>
  <move id="43" source="B4" target="B5"/>
  <move id="44" source="K3" target="I3"/>
  <move id="45" source="A8" target="A9"/>
  <move id="46" source="K7" target="K2"/>
  <move id="47" source="A9" target="I9"/>
  <move id="48" source="I3" target="I2"/>
  <player id="1">Player 1</player>
  <player id="2">Player 2</player>
  <result type="3" winner="2"/>
 </game>
</stratego>