<?xml version="1.0" encoding="UTF-8"?>
<stratego>
 <game type="barrage">
  
  <field content="MEAAAAAAAABKAAAAAAAAAAAAAAAAAALCADDAAAAAAA__AA__AAAA__AA__AAAAAAAOAAAXAAAAAWAPPAAAAAAAAAAYAAAAAAAAQN"/>
  <move id="1" source="B4" target="B5"/>
  <move id="2" source="H8" target="G8"/>
  <move id="3" source="B5" target="B6"/>
  <move id="4" source="G8" target="G9"/>
  <move id="5" source="B6" target="B7"/>
  <move id="6" source="G9" target="F9"/>
  <move id="7" source="B7" target="B8"/>
  <move id="8" source="F9" target="E9"/>
  <move id="9" source="B8" target="C8"/>
  <move id="10" source="E9" target="D9"/>
  <move id="11" source="A4" target="A5"/>
  <move id="12" source="F8" target="F9"/>
  <move id="13" source="A5" target="A6"/>
  <move id="14" source="F9" target="E9"/>
  <move id="15" source="A6" target="A7"/>
  <move id="16" source="E9" target="E8"/>
  <move id="17" source="A7" target="A8"/>
  <move id="18" source="E8" target="D8"/>
  <move id="19" source="C8" target="C7"/>
  <move id="20" source="D9" target="C9"/>
  <move id="21" source="A8" target="B8"/>
  <move id="22" source="C9" target="C8"/>
  <move id="23" source="C7" target="B7"/>
  <move id="24" source="K7" target="I7"/>
  <move id="25" source="E4" target="E8"/>
  <move id="26" source="I8" target="E8"/>
  <move id="27" source="D4" target="E4"/>
  <move id="28" source="I7" target="I6"/>
  <move id="29" source="E4" target="E8"/>
  <move id="30" source="I6" target="I7"/>
  <move id="31" source="E8" target="D8"/>
  <move id="32" source="C8" target="C:"/>
  <move id="33" source="B7" target="C7"/>
  <move id="34" source="D8" target="E8"/>
  <move id="35" source="C7" target="D7"/>
  <move id="36" source="I7" target="H7"/>
  <move id="37" source="B8" target="C8"/>
  <move id="38" source="F7" target="F8"/>
  <move id="39" source="C8" target="D8"/>
  <move id="40" source="H7" target="G7"/>
  <move id="41" source="D7" target="E7"/>
  <move id="42" source="G7" target="G8"/>
  <move id="43" source="E7" target="F7"/>
  <move id="44" source="E8" target="E9"/>
  <move id="45" source="D8" target="D9"/>
  <move id="46" source="E9" target="F9"/>
  <move id="47" source="D9" target="E9"/>
  <move id="48" source="F9" target="G9"/>
  <move id="49" source="B2" target="B3"/>
  <move id="50" source="G9" target="H9"/>
  <move id="51" source="B3" target="C3"/>
  <move id="52" source="H9" target="H8"/>
  <move id="53" source="C3" target="D3"/>
  <move id="54" source="F8" target="F7"/>
  <move id="55" source="E9" target="F9"/>
  <move id="56" source="G8" target="G9"/>
  <move id="57" source="F9" target="F8"/>
  <move id="58" source="G9" target="G8"/>
  <move id="59" source="F8" target="F9"/>
  <move id="60" source="G8" target="G9"/>
  <move id="61" source="F9" target="F:"/>
  <move id="62" source="H8" target="G8"/>
  <move id="63" source="D3" target="E3"/>
  <move id="64" source="G8" target="G7"/>
  <move id="65" source="E3" target="E4"/>
  <move id="66" source="G7" target="F7"/>
  <move id="67" source="E4" target="E5"/>
  <move id="68" source="F7" target="F6"/>
  <move id="69" source="E5" target="F5"/>
  <move id="70" source="F6" target="E6"/>
  <move id="71" source="F5" target="E5"/>
  <move id="72" source="E6" target="F6"/>
  <move id="73" source="E5" target="F5"/>
  <move id="74" source="F6" target="E6"/>
  <move id="75" source="F5" target="F6"/>
  <move id="76" source="E6" target="E5"/>
  <move id="77" source="F6" target="F7"/>
  <move id="78" source="E5" target="E4"/>
  <move id="79" source="F7" target="G7"/>
  <move id="80" source="G9" target="H9"/>
  <move id="81" source="F:" target="G:"/>
  <move id="82" source="H9" target="H8"/>
  <move id="83" source="G:" target="H:"/>
  <move id="84" source="H8" target="H7"/>
  <move id="85" source="G7" target="G8"/>
  <move id="86" source="H7" target="H8"/>
  <move id="87" source="G8" target="G9"/>
  <move id="88" source="H8" target="H9"/>
  <move id="89" source="H:" target="H9"/>
  <move id="90" source="E4" target="D4"/>
  <move id="91" source="G9" target="H9"/>
  <move id="92" source="D4" target="C4"/>
  <move id="93" source="H9" target="I9"/>
  <move id="94" source="I:" target="I9"/>
  <move id="95" source="I9" target="I:"/>
  <move id="96" source="C4" target="C3"/>
  <move id="97" source="I:" target="K:"/>
  <move id="98" source="C3" target="B3"/>
  <move id="99" source="B1" target="C1"/>
  <move id="100" source="B3" target="B2"/>
  <move id="101" source="C1" target="D1"/>
  <move id="102" source="B2" target="B1"/>
  <move id="103" source="D1" target="D2"/>
  <move id="104" source="B1" target="A1"/>
  <player id="1">Player 1</player>
  <player id="2">Player 2</player>
  <result type="1" winner="2"/>
 </game>
</stratego>