<?xml version="1.0" encoding="UTF-8"?>
<stratego>
 <game type="barrage">
  
  <field content="AAAAAAAAKBAAAAAAAAAMAAAAAAAAACAAAAELAADDAA__AA__AAAA__AA__AAXOAAWAAAAAAQAAAAAAAAYPAAAAAAAANPAAAAAAAA"/>
  <move id="1" source="E4" target="E5"/>
  <move id="2" source="E7" target="E8"/>
  <move id="3" source="F4" target="F5"/>
  <move id="4" source="E8" target="D8"/>
  <move id="5" source="E5" target="E6"/>
  <move id="6" source="A7" target="A6"/>
  <move id="7" source="E6" target="E7"/>
  <move id="8" source="A6" target="A5"/>
  <move id="9" source="F5" target="F6"/>
  <move id="10" source="A5" target="B5"/>
  <move id="11" source="F6" target="F7"/>
  <move id="12" source="B5" target="B4"/>
  <move id="13" source="F7" target="F8"/>
  <move id="14" source="B4" target="C4"/>
  <move id="15" source="F8" target="F9"/>
  <move id="16" source="C4" target="D4"/>
  <move id="17" source="E7" target="E8"/>
  <move id="18" source="D8" target="D9"/>
  <move id="19" source="E8" target="E9"/>
  <move id="20" source="D9" target="C9"/>
  <move id="21" source="E9" target="D9"/>
  <move id="22" source="B8" target="C8"/>
  <move id="23" source="F9" target="E9"/>
  <move id="24" source="D4" target="E4"/>
  <move id="25" source="D9" target="D:"/>
  <move id="26" source="E4" target="F4"/>
  <move id="27" source="E9" target="D9"/>
  <move id="28" source="F4" target="G4"/>
  <move id="29" source="D:" target="C:"/>
  <move id="30" source="C9" target="D9"/>
  <move id="31" source="C:" target="B:"/>
  <move id="32" source="G4" target="H4"/>
  <move id="33" source="B:" target="A:"/>
  <move id="34" source="H4" target="I4"/>
  <move id="35" source="A:" target="A9"/>
  <player id="1">Player 1</player>
  <player id="2">Player 2</player>
  <result type="1" winner="1"/>
 </game>
</stratego>