<?xml version="1.0" encoding="UTF-8"?>
<stratego>
 <game type="barrage">
  
  <field content="AACAAMDBEAAAAKADAAAAAAAALAAAAAAAAAAAAAAAAA__AA__AAAA__AA__AAAAAAPAAAAAWAAAAAAAAAOQXAAAAAAAYNPAAAAAAA"/>
  <move id="1" source="D2" target="D1"/>
  <move id="2" source="E7" target="E6"/>
  <move id="3" source="E3" target="E4"/>
  <move id="4" source="C9" target="C8"/>
  <move id="5" source="E4" target="E5"/>
  <move id="6" source="E6" target="E7"/>
  <move id="7" source="E5" target="E6"/>
  <move id="8" source="E7" target="D7"/>
  <move id="9" source="E6" target="E7"/>
  <move id="10" source="D7" target="C7"/>
  <move id="11" source="E7" target="D7"/>
  <move id="12" source="C7" target="B7"/>
  <move id="13" source="D7" target="C7"/>
  <move id="14" source="C8" target="C7"/>
  <move id="15" source="I1" target="I2"/>
  <move id="16" source="A8" target="A7"/>
  <move id="17" source="I2" target="I3"/>
  <move id="18" source="A7" target="A6"/>
  <move id="19" source="C1" target="C2"/>
  <move id="20" source="A6" target="A5"/>
  <move id="21" source="C2" target="C3"/>
  <move id="22" source="A5" target="A4"/>
  <move id="23" source="I3" target="I4"/>
  <move id="24" source="A4" target="B4"/>
  <move id="25" source="I4" target="I5"/>
  <move id="26" source="B4" target="C4"/>
  <move id="27" source="C3" target="B3"/>
  <move id="28" source="C4" target="D4"/>
  <move id="29" source="I5" target="I4"/>
  <move id="30" source="D4" target="D3"/>
  <move id="31" source="I4" target="H4"/>
  <move id="32" source="D3" target="D2"/>
  <move id="33" source="D1" target="D2"/>
  <move id="34" source="B7" target="C7"/>
  <move id="35" source="H4" target="G4"/>
  <move id="36" source="C7" target="D7"/>
  <move id="37" source="B3" target="B4"/>
  <move id="38" source="D7" target="E7"/>
  <move id="39" source="B4" target="B5"/>
  <move id="40" source="E7" target="E1"/>
  <move id="41" source="B5" target="B6"/>
  <move id="42" source="E1" target="F1"/>
  <player id="1">Player 1</player>
  <player id="2">Player 2</player>
  <result type="1" winner="2"/>
 </game>
</stratego>