<?xml version="1.0" encoding="UTF-8"?>
<stratego>
 <game type="barrage">
  
  <field content="AAABAEMAAAADAAAAAAAAAAAAAAAAAADAAAKCAALAAA__AA__AAAA__AA__AAAAAAPXAANWAAAAAAAAAAAAAAAAAAPOAAAAAAAAQY"/>
  <move id="1" source="I4" target="I5"/>
  <move id="2" source="F7" target="F6"/>
  <move id="3" source="E4" target="E5"/>
  <move id="4" source="E7" target="E6"/>
  <move id="5" source="F4" target="F5"/>
  <move id="6" source="F6" target="F5"/>
  <move id="7" source="E5" target="E6"/>
  <move id="8" source="F5" target="F4"/>
  <move id="9" source="E6" target="E7"/>
  <move id="10" source="F4" target="F3"/>
  <move id="11" source="I5" target="I6"/>
  <move id="12" source="F3" target="F2"/>
  <move id="13" source="I6" target="I7"/>
  <move id="14" source="K7" target="K8"/>
  <move id="15" source="E7" target="F7"/>
  <move id="16" source="K8" target="I8"/>
  <move id="17" source="F7" target="G7"/>
  <move id="18" source="I8" target="H8"/>
  <move id="19" source="A4" target="I4"/>
  <move id="20" source="I9" target="I8"/>
  <player id="1">Player 1</player>
  <player id="2">Player 2</player>
  <result type="3" winner="2"/>
 </game>
</stratego>