<?xml version="1.0" encoding="UTF-8"?>
<stratego>
 <game type="barrage">
  
  <field content="AAAAAAAAAAAAAAAAAAAADMAAACAAAAELAABDKAAAAA__AA__AAAA__AA__AAOWAAXQAAPAAAAAAAAAAANAAAAAAAAAYPAAAAAAAA"/>
  <move id="1" source="A4" target="A5"/>
  <move id="2" source="B7" target="B6"/>
  <move id="3" source="A3" target="A4"/>
  <move id="4" source="I7" target="I6"/>
  <move id="5" source="A5" target="B5"/>
  <move id="6" source="B6" target="A6"/>
  <move id="7" source="B5" target="A5"/>
  <move id="8" source="A6" target="B6"/>
  <move id="9" source="B4" target="B5"/>
  <move id="10" source="B6" target="A6"/>
  <move id="11" source="B5" target="B6"/>
  <move id="12" source="I6" target="I1"/>
  <move id="13" source="B6" target="A6"/>
  <move id="14" source="A7" target="A6"/>
  <move id="15" source="A5" target="A6"/>
  <move id="16" source="I1" target="B1"/>
  <move id="17" source="A6" target="A7"/>
  <move id="18" source="B1" target="B3"/>
  <player id="1">Player 1</player>
  <player id="2">Player 2</player>
  <result type="1" winner="2"/>
 </game>
</stratego>