<?xml version="1.0" encoding="UTF-8"?>
<stratego>
 <game type="classic">
  
  <field content="MEEDDFBDDDEIHFBDEFBFLJCBDGIBGBIHEJGHKDGHAA__AA__AAAA__AA__AATSTPRTPPSRXRVOUWTNNSPUVNQPUSNPQQNYNQPQRP"/>
  <move id="1" source="A4" target="A5"/>
  <move id="2" source="B7" target="B6"/>
  <move id="3" source="A5" target="A6"/>
  <move id="4" source="B8" target="B7"/>
  <move id="5" source="A3" target="A4"/>
  <move id="6" source="C8" target="B8"/>
  <move id="7" source="A4" target="A5"/>
  <move id="8" source="D8" target="C8"/>
  <move id="9" source="F4" target="F5"/>
  <move id="10" source="E7" target="E6"/>
  <move id="11" source="F5" target="F6"/>
  <move id="12" source="E8" target="E7"/>
  <move id="13" source="E4" target="E5"/>
  <move id="14" source="C8" target="D8"/>
  <move id="15" source="F6" target="E6"/>
  <move id="16" source="E7" target="E6"/>
  <move id="17" source="E5" target="F5"/>
  <move id="18" source="E6" target="E7"/>
  <move id="19" source="B4" target="B5"/>
  <move id="20" source="E7" target="E8"/>
  <move id="21" source="B5" target="B6"/>
  <move id="22" source="D7" target="E7"/>
  <move id="23" source="A5" target="B5"/>
  <move id="24" source="C7" target="D7"/>
  <move id="25" source="A6" target="A5"/>
  <move id="26" source="E7" target="E6"/>
  <move id="27" source="F5" target="F6"/>
  <move id="28" source="F7" target="F6"/>
  <move id="29" source="G4" target="F4"/>
  <move id="30" source="E8" target="E7"/>
  <move id="31" source="F4" target="F5"/>
  <move id="32" source="F8" target="F7"/>
  <move id="33" source="F5" target="F6"/>
  <move id="34" source="F7" target="F6"/>
  <move id="35" source="H4" target="G4"/>
  <move id="36" source="G7" target="F7"/>
  <move id="37" source="G4" target="F4"/>
  <move id="38" source="E7" target="E8"/>
  <move id="39" source="F4" target="F5"/>
  <move id="40" source="B7" target="C7"/>
  <move id="41" source="B6" target="A6"/>
  <move id="42" source="C7" target="B7"/>
  <move id="43" source="A6" target="B6"/>
  <move id="44" source="B7" target="C7"/>
  <move id="45" source="B6" target="A6"/>
  <move id="46" source="B8" target="C8"/>
  <move id="47" source="B5" target="B6"/>
  <move id="48" source="C7" target="B7"/>
  <move id="49" source="B6" target="B7"/>
  <move id="50" source="E8" target="F8"/>
  <move id="51" source="A6" target="A7"/>
  <move id="52" source="D8" target="E8"/>
  <move id="53" source="D4" target="E4"/>
  <move id="54" source="C8" target="D8"/>
  <move id="55" source="E4" target="E5"/>
  <move id="56" source="E8" target="E7"/>
  <move id="57" source="F5" target="F6"/>
  <move id="58" source="D8" target="E8"/>
  <move id="59" source="C4" target="B4"/>
  <move id="60" source="D7" target="D8"/>
  <move id="61" source="B4" target="B5"/>
  <move id="62" source="E7" target="D7"/>
  <move id="63" source="B5" target="B6"/>
  <move id="64" source="E8" target="E7"/>
  <move id="65" source="B6" target="A6"/>
  <move id="66" source="D8" target="C8"/>
  <move id="67" source="A6" target="A7"/>
  <move id="68" source="D7" target="C7"/>
  <move id="69" source="B7" target="B6"/>
  <move id="70" source="A8" target="B8"/>
  <move id="71" source="A7" target="B7"/>
  <move id="72" source="B8" target="B7"/>
  <move id="73" source="E5" target="E6"/>
  <move id="74" source="F7" target="F6"/>
  <move id="75" source="E6" target="E7"/>
  <move id="76" source="B7" target="B6"/>
  <move id="77" source="I4" target="H4"/>
  <move id="78" source="C7" target="D7"/>
  <move id="79" source="H4" target="G4"/>
  <move id="80" source="D7" target="E7"/>
  <move id="81" source="G4" target="F4"/>
  <move id="82" source="E7" target="F7"/>
  <move id="83" source="B3" target="B4"/>
  <move id="84" source="A9" target="A8"/>
  <move id="85" source="B4" target="B5"/>
  <move id="86" source="A8" target="A7"/>
  <move id="87" source="B5" target="B6"/>
  <move id="88" source="F7" target="E7"/>
  <move id="89" source="B6" target="B7"/>
  <move id="90" source="A7" target="B7"/>
  <move id="91" source="B7" target="C7"/>
  <move id="92" source="C8" target="B8"/>
  <move id="93" source="C7" target="C8"/>
  <move id="94" source="B8" target="B7"/>
  <move id="95" source="A5" target="A6"/>
  <move id="96" source="F8" target="F7"/>
  <move id="97" source="A6" target="B6"/>
  <move id="98" source="F7" target="F6"/>
  <move id="99" source="B6" target="B7"/>
  <move id="100" source="F6" target="F5"/>
  <move id="101" source="F4" target="E4"/>
  <move id="102" source="F5" target="E5"/>
  <move id="103" source="E4" target="D4"/>
  <move id="104" source="E5" target="E4"/>
  <move id="105" source="D4" target="C4"/>
  <move id="106" source="E7" target="F7"/>
  <move id="107" source="C4" target="B4"/>
  <move id="108" source="F7" target="F6"/>
  <move id="109" source="B4" target="B5"/>
  <move id="110" source="F6" target="F5"/>
  <move id="111" source="C8" target="D8"/>
  <move id="112" source="F5" target="F4"/>
  <move id="113" source="D8" target="E8"/>
  <move id="114" source="F4" target="F3"/>
  <move id="115" source="E8" target="F8"/>
  <move id="116" source="E4" target="F4"/>
  <move id="117" source="E3" target="E9"/>
  <move id="118" source="F4" target="F3"/>
  <move id="119" source="G3" target="F3"/>
  <move id="120" source="K7" target="K6"/>
  <move id="121" source="F8" target="E8"/>
  <move id="122" source="K6" target="K5"/>
  <move id="123" source="F2" target="F9"/>
  <move id="124" source="K5" target="I5"/>
  <move id="125" source="E8" target="E9"/>
  <move id="126" source="I5" target="I4"/>
  <move id="127" source="E9" target="E8"/>
  <move id="128" source="I4" target="H4"/>
  <move id="129" source="E8" target="E7"/>
  <move id="130" source="H4" target="G4"/>
  <move id="131" source="E7" target="E6"/>
  <move id="132" source="G4" target="F4"/>
  <move id="133" source="E6" target="E5"/>
  <move id="134" source="G9" target="F9"/>
  <move id="135" source="B5" target="B6"/>
  <move id="136" source="F9" target="F8"/>
  <move id="137" source="B7" target="A7"/>
  <move id="138" source="F8" target="E8"/>
  <move id="139" source="B6" target="B7"/>
  <move id="140" source="E8" target="D8"/>
  <move id="141" source="B7" target="B8"/>
  <move id="142" source="B9" target="B8"/>
  <move id="143" source="A7" target="B7"/>
  <move id="144" source="B8" target="A8"/>
  <move id="145" source="B7" target="B8"/>
  <move id="146" source="A8" target="A9"/>
  <move id="147" source="E5" target="E6"/>
  <move id="148" source="D8" target="C8"/>
  <move id="149" source="B8" target="A8"/>
  <move id="150" source="A9" target="B9"/>
  <move id="151" source="E6" target="E7"/>
  <move id="152" source="C8" target="C7"/>
  <move id="153" source="E7" target="D7"/>
  <move id="154" source="C7" target="B7"/>
  <move id="155" source="D7" target="C7"/>
  <move id="156" source="B7" target="B6"/>
  <move id="157" source="C7" target="C8"/>
  <move id="158" source="B9" target="A9"/>
  <move id="159" source="C8" target="B8"/>
  <move id="160" source="B6" target="B5"/>
  <move id="161" source="C3" target="C4"/>
  <move id="162" source="B5" target="B4"/>
  <move id="163" source="A8" target="A9"/>
  <move id="164" source="B4" target="C4"/>
  <move id="165" source="B2" target="B3"/>
  <move id="166" source="F4" target="E4"/>
  <move id="167" source="B3" target="B4"/>
  <move id="168" source="C4" target="C3"/>
  <move id="169" source="A2" target="A3"/>
  <move id="170" source="E4" target="E3"/>
  <move id="171" source="A3" target="A4"/>
  <move id="172" source="E3" target="D3"/>
  <move id="173" source="A4" target="A5"/>
  <move id="174" source="H7" target="G7"/>
  <move id="175" source="A5" target="A6"/>
  <move id="176" source="G7" target="F7"/>
  <move id="177" source="A6" target="A7"/>
  <move id="178" source="F7" target="E7"/>
  <move id="179" source="B8" target="B9"/>
  <move id="180" source="E7" target="E6"/>
  <move id="181" source="A7" target="A8"/>
  <move id="182" source="E6" target="E5"/>
  <move id="183" source="A8" target="A9"/>
  <move id="184" source="E5" target="E4"/>
  <move id="185" source="A9" target="A:"/>
  <move id="186" source="G8" target="F8"/>
  <move id="187" source="B9" target="B8"/>
  <move id="188" source="F8" target="F7"/>
  <move id="189" source="B8" target="C8"/>
  <move id="190" source="E4" target="F4"/>
  <move id="191" source="C8" target="D8"/>
  <move id="192" source="F4" target="G4"/>
  <move id="193" source="D8" target="E8"/>
  <move id="194" source="G4" target="G3"/>
  <move id="195" source="B1" target="B2"/>
  <move id="196" source="G3" target="F3"/>
  <move id="197" source="B2" target="A2"/>
  <move id="198" source="F3" target="F4"/>
  <move id="199" source="A2" target="A3"/>
  <move id="200" source="F4" target="E4"/>
  <move id="201" source="A3" target="A4"/>
  <move id="202" source="E4" target="F4"/>
  <move id="203" source="A4" target="A5"/>
  <move id="204" source="F4" target="F3"/>
  <move id="205" source="A5" target="A6"/>
  <move id="206" source="K8" target="K7"/>
  <move id="207" source="A6" target="A7"/>
  <move id="208" source="K7" target="K6"/>
  <move id="209" source="A7" target="B7"/>
  <move id="210" source="K6" target="K5"/>
  <move id="211" source="B7" target="C7"/>
  <move id="212" source="K5" target="I5"/>
  <move id="213" source="C7" target="D7"/>
  <move id="214" source="C9" target="C8"/>
  <move id="215" source="D7" target="D8"/>
  <move id="216" source="C8" target="D8"/>
  <move id="217" source="E8" target="E7"/>
  <move id="218" source="F7" target="F8"/>
  <move id="219" source="E7" target="F7"/>
  <move id="220" source="F8" target="E8"/>
  <move id="221" source="F7" target="F6"/>
  <move id="222" source="F3" target="E3"/>
  <move id="223" source="F6" target="F5"/>
  <move id="224" source="E3" target="E2"/>
  <move id="225" source="F5" target="F4"/>
  <move id="226" source="D8" target="C8"/>
  <move id="227" source="F4" target="G4"/>
  <move id="228" source="I5" target="K5"/>
  <move id="229" source="G4" target="H4"/>
  <move id="230" source="K5" target="K6"/>
  <move id="231" source="H4" target="I4"/>
  <move id="232" source="C8" target="B8"/>
  <move id="233" source="I4" target="I5"/>
  <move id="234" source="B8" target="B7"/>
  <move id="235" source="I5" target="I6"/>
  <move id="236" source="K6" target="K5"/>
  <move id="237" source="K4" target="K5"/>
  <move id="238" source="B7" target="B6"/>
  <move id="239" source="B4" target="C4"/>
  <move id="240" source="C3" target="B3"/>
  <move id="241" source="I6" target="I5"/>
  <move id="242" source="B3" target="A3"/>
  <move id="243" source="I5" target="I4"/>
  <move id="244" source="A3" target="A2"/>
  <move id="245" source="I4" target="H4"/>
  <move id="246" source="A2" target="A1"/>
  <player id="1">Player 1</player>
  <player id="2">Player 2</player>
  <result type="1" winner="2"/>
 </game>
</stratego>