<?xml version="1.0" encoding="UTF-8"?>
<stratego>
 <game type="classic">
  
  <field content="EEBFBMHBIDFKGEFBCDDEHIJBBDDLHEDDGHFGJGDIAA__AA__AAAA__AA__AASRTUTSPPTQVPWTOVNXNRPPUUPPQNRNPQSQQSNYNR"/>
  <move id="1" source="K4" target="K5"/>
  <move id="2" source="F7" target="F6"/>
  <move id="3" source="K5" target="K6"/>
  <move id="4" source="E7" target="E6"/>
  <move id="5" source="I4" target="I7"/>
  <move id="6" source="E6" target="E5"/>
  <move id="7" source="K6" target="K7"/>
  <move id="8" source="I7" target="I6"/>
  <move id="9" source="K7" target="K6"/>
  <move id="10" source="I6" target="I5"/>
  <move id="11" source="F4" target="F5"/>
  <move id="12" source="E5" target="E6"/>
  <move id="13" source="F5" target="E5"/>
  <move id="14" source="G7" target="F7"/>
  <move id="15" source="I3" target="I4"/>
  <move id="16" source="H7" target="I7"/>
  <move id="17" source="I4" target="I5"/>
  <move id="18" source="I7" target="K7"/>
  <move id="19" source="K6" target="I6"/>
  <move id="20" source="K7" target="K6"/>
  <move id="21" source="I6" target="I5"/>
  <move id="22" source="K6" target="K5"/>
  <move id="23" source="I5" target="I4"/>
  <move id="24" source="K5" target="K4"/>
  <move id="25" source="I4" target="I3"/>
  <move id="26" source="K4" target="I4"/>
  <move id="27" source="G4" target="F4"/>
  <move id="28" source="F6" target="F5"/>
  <move id="29" source="E5" target="E6"/>
  <move id="30" source="F5" target="E5"/>
  <move id="31" source="F4" target="F5"/>
  <move id="32" source="E5" target="E4"/>
  <move id="33" source="D4" target="E4"/>
  <move id="34" source="F7" target="F6"/>
  <move id="35" source="F5" target="E5"/>
  <move id="36" source="F6" target="F3"/>
  <move id="37" source="E5" target="E6"/>
  <move id="38" source="B7" target="B6"/>
  <move id="39" source="E4" target="F4"/>
  <move id="40" source="C7" target="B7"/>
  <move id="41" source="F4" target="F3"/>
  <move id="42" source="A7" target="A6"/>
  <move id="43" source="C4" target="D4"/>
  <move id="44" source="A8" target="A7"/>
  <move id="45" source="D4" target="E4"/>
  <move id="46" source="B6" target="B5"/>
  <move id="47" source="E4" target="F4"/>
  <move id="48" source="B7" target="B6"/>
  <move id="49" source="F4" target="F5"/>
  <move id="50" source="A6" target="A5"/>
  <move id="51" source="F5" target="F6"/>
  <move id="52" source="A7" target="A6"/>
  <move id="53" source="F6" target="F7"/>
  <move id="54" source="C8" target="C7"/>
  <move id="55" source="F7" target="G7"/>
  <move id="56" source="D8" target="C8"/>
  <move id="57" source="G7" target="G8"/>
  <move id="58" source="B8" target="B7"/>
  <move id="59" source="H4" target="G4"/>
  <move id="60" source="D7" target="D8"/>
  <move id="61" source="G4" target="F4"/>
  <move id="62" source="C7" target="D7"/>
  <move id="63" source="F4" target="F5"/>
  <move id="64" source="D7" target="E7"/>
  <move id="65" source="E6" target="E5"/>
  <move id="66" source="E7" target="E6"/>
  <move id="67" source="E5" target="E4"/>
  <move id="68" source="B7" target="C7"/>
  <move id="69" source="G3" target="G4"/>
  <move id="70" source="C7" target="D7"/>
  <move id="71" source="G4" target="I4"/>
  <move id="72" source="D7" target="E7"/>
  <move id="73" source="F5" target="F6"/>
  <move id="74" source="E6" target="E5"/>
  <move id="75" source="E4" target="F4"/>
  <move id="76" source="E7" target="E6"/>
  <move id="77" source="F6" target="F7"/>
  <move id="78" source="E6" target="E7"/>
  <move id="79" source="F7" target="G7"/>
  <move id="80" source="E5" target="F5"/>
  <move id="81" source="F4" target="G4"/>
  <move id="82" source="F5" target="F4"/>
  <move id="83" source="G4" target="G3"/>
  <move id="84" source="F4" target="G4"/>
  <move id="85" source="I3" target="I4"/>
  <move id="86" source="E7" target="G7"/>
  <move id="87" source="I4" target="I5"/>
  <move id="88" source="G4" target="H4"/>
  <move id="89" source="H3" target="H4"/>
  <move id="90" source="F8" target="F7"/>
  <move id="91" source="G7" target="H7"/>
  <move id="92" source="F7" target="G7"/>
  <move id="93" source="H7" target="H8"/>
  <move id="94" source="H8" target="H7"/>
  <move id="95" source="G3" target="G4"/>
  <move id="96" source="G7" target="F7"/>
  <move id="97" source="G4" target="F4"/>
  <move id="98" source="F7" target="F8"/>
  <move id="99" source="F4" target="F5"/>
  <move id="100" source="H7" target="G7"/>
  <move id="101" source="F5" target="E5"/>
  <move id="102" source="G7" target="F7"/>
  <move id="103" source="E5" target="E6"/>
  <move id="104" source="F7" target="E7"/>
  <move id="105" source="E6" target="F6"/>
  <move id="106" source="A6" target="A7"/>
  <move id="107" source="I5" target="I6"/>
  <move id="108" source="A7" target="B7"/>
  <move id="109" source="I6" target="I7"/>
  <move id="110" source="B7" target="C7"/>
  <move id="111" source="I7" target="I8"/>
  <move id="112" source="C7" target="D7"/>
  <move id="113" source="F3" target="G3"/>
  <move id="114" source="E7" target="E6"/>
  <move id="115" source="F6" target="F7"/>
  <move id="116" source="D7" target="E7"/>
  <move id="117" source="F7" target="G7"/>
  <move id="118" source="E7" target="F7"/>
  <move id="119" source="G7" target="H7"/>
  <move id="120" source="E6" target="E5"/>
  <move id="121" source="G3" target="H3"/>
  <move id="122" source="E5" target="E4"/>
  <move id="123" source="H3" target="I3"/>
  <move id="124" source="E4" target="E3"/>
  <move id="125" source="H4" target="G4"/>
  <move id="126" source="F7" target="G7"/>
  <move id="127" source="I3" target="I4"/>
  <move id="128" source="G7" target="H7"/>
  <move id="129" source="I4" target="I5"/>
  <move id="130" source="K8" target="K7"/>
  <move id="131" source="I5" target="I6"/>
  <move id="132" source="A5" target="A4"/>
  <move id="133" source="A3" target="A4"/>
  <move id="134" source="B6" target="A6"/>
  <move id="135" source="B4" target="B5"/>
  <move id="136" source="A6" target="A5"/>
  <move id="137" source="A4" target="B4"/>
  <move id="138" source="B5" target="B6"/>
  <move id="139" source="B4" target="C4"/>
  <move id="140" source="A5" target="B5"/>
  <move id="141" source="C4" target="D4"/>
  <move id="142" source="B5" target="B4"/>
  <move id="143" source="D4" target="E4"/>
  <move id="144" source="A9" target="A2"/>
  <move id="145" source="E4" target="E5"/>
  <move id="146" source="B4" target="B3"/>
  <move id="147" source="B3" target="B4"/>
  <move id="148" source="F8" target="F7"/>
  <move id="149" source="B4" target="B5"/>
  <move id="150" source="B6" target="B7"/>
  <move id="151" source="B5" target="B6"/>
  <move id="152" source="B7" target="C7"/>
  <move id="153" source="B6" target="B7"/>
  <move id="154" source="C7" target="D7"/>
  <move id="155" source="G4" target="F4"/>
  <move id="156" source="D7" target="E7"/>
  <move id="157" source="F4" target="F5"/>
  <move id="158" source="E7" target="E6"/>
  <move id="159" source="E5" target="E4"/>
  <move id="160" source="F7" target="E7"/>
  <move id="161" source="E4" target="F4"/>
  <move id="162" source="B9" target="B8"/>
  <move id="163" source="B7" target="B8"/>
  <move id="164" source="E7" target="D7"/>
  <move id="165" source="B2" target="B3"/>
  <move id="166" source="D7" target="C7"/>
  <move id="167" source="B8" target="A8"/>
  <move id="168" source="C9" target="B9"/>
  <move id="169" source="B3" target="B4"/>
  <move id="170" source="C7" target="B7"/>
  <move id="171" source="B4" target="B5"/>
  <move id="172" source="B7" target="A7"/>
  <move id="173" source="A8" target="B8"/>
  <move id="174" source="B9" target="B8"/>
  <move id="175" source="B5" target="B6"/>
  <move id="176" source="A:" target="A9"/>
  <move id="177" source="B6" target="B7"/>
  <move id="178" source="A7" target="A6"/>
  <move id="179" source="B7" target="C7"/>
  <move id="180" source="A9" target="A8"/>
  <move id="181" source="C7" target="D7"/>
  <move id="182" source="A8" target="A7"/>
  <move id="183" source="D7" target="E7"/>
  <move id="184" source="E6" target="E5"/>
  <move id="185" source="F5" target="E5"/>
  <move id="186" source="A7" target="E7"/>
  <move id="187" source="E5" target="E4"/>
  <move id="188" source="A6" target="A5"/>
  <move id="189" source="E4" target="D4"/>
  <move id="190" source="A5" target="A4"/>
  <move id="191" source="C3" target="B3"/>
  <move id="192" source="A4" target="B4"/>
  <move id="193" source="B3" target="B4"/>
  <move id="194" source="C8" target="B8"/>
  <move id="195" source="E7" target="D7"/>
  <move id="196" source="B8" target="A8"/>
  <move id="197" source="D4" target="C4"/>
  <move id="198" source="A8" target="A7"/>
  <move id="199" source="C4" target="B4"/>
  <move id="200" source="A7" target="A6"/>
  <move id="201" source="B4" target="B5"/>
  <move id="202" source="C:" target="C9"/>
  <move id="203" source="D7" target="C7"/>
  <move id="204" source="C9" target="B9"/>
  <move id="205" source="C7" target="B7"/>
  <move id="206" source="B9" target="A9"/>
  <move id="207" source="B7" target="A7"/>
  <move id="208" source="D8" target="D7"/>
  <move id="209" source="A7" target="A6"/>
  <move id="210" source="D7" target="E7"/>
  <move id="211" source="B5" target="B4"/>
  <move id="212" source="E7" target="E6"/>
  <move id="213" source="B4" target="C4"/>
  <move id="214" source="E6" target="F6"/>
  <move id="215" source="C4" target="D4"/>
  <move id="216" source="F6" target="F5"/>
  <move id="217" source="D4" target="E4"/>
  <move id="218" source="E8" target="E7"/>
  <move id="219" source="A6" target="A7"/>
  <move id="220" source="E7" target="E6"/>
  <move id="221" source="F4" target="F5"/>
  <move id="222" source="F5" target="F6"/>
  <move id="223" source="A7" target="B7"/>
  <move id="224" source="F6" target="F7"/>
  <move id="225" source="B7" target="C7"/>
  <move id="226" source="F7" target="G7"/>
  <move id="227" source="C7" target="D7"/>
  <move id="228" source="E6" target="F6"/>
  <move id="229" source="D7" target="E7"/>
  <move id="230" source="G7" target="H7"/>
  <move id="231" source="E4" target="E5"/>
  <move id="232" source="H7" target="I7"/>
  <move id="233" source="I6" target="I5"/>
  <move id="234" source="I7" target="I6"/>
  <move id="235" source="I5" target="I4"/>
  <move id="236" source="I6" target="I5"/>
  <move id="237" source="E7" target="F7"/>
  <move id="238" source="I5" target="I4"/>
  <move id="239" source="F7" target="F6"/>
  <move id="240" source="I4" target="I3"/>
  <move id="241" source="E5" target="E4"/>
  <move id="242" source="I3" target="I2"/>
  <move id="243" source="I1" target="I2"/>
  <move id="244" source="D9" target="D8"/>
  <move id="245" source="F6" target="F7"/>
  <move id="246" source="A9" target="A8"/>
  <move id="247" source="C2" target="C3"/>
  <move id="248" source="A8" target="A7"/>
  <move id="249" source="C3" target="C4"/>
  <move id="250" source="A7" target="A6"/>
  <move id="251" source="C4" target="B4"/>
  <move id="252" source="A6" target="A5"/>
  <move id="253" source="F7" target="E7"/>
  <move id="254" source="K7" target="K6"/>
  <move id="255" source="E4" target="F4"/>
  <move id="256" source="K6" target="K5"/>
  <move id="257" source="F4" target="G4"/>
  <move id="258" source="K5" target="K4"/>
  <move id="259" source="G4" target="H4"/>
  <move id="260" source="K4" target="K5"/>
  <move id="261" source="H4" target="I4"/>
  <move id="262" source="F9" target="F8"/>
  <move id="263" source="G2" target="G3"/>
  <move id="264" source="D8" target="C8"/>
  <move id="265" source="G3" target="G4"/>
  <move id="266" source="C8" target="C7"/>
  <move id="267" source="G4" target="F4"/>
  <move id="268" source="C7" target="B7"/>
  <move id="269" source="F4" target="E4"/>
  <move id="270" source="B7" target="B6"/>
  <move id="271" source="E4" target="D4"/>
  <move id="272" source="B6" target="B5"/>
  <move id="273" source="B4" target="A4"/>
  <move id="274" source="B5" target="B4"/>
  <move id="275" source="A4" target="A5"/>
  <move id="276" source="B4" target="B3"/>
  <move id="277" source="D4" target="C4"/>
  <move id="278" source="B:" target="B9"/>
  <move id="279" source="C4" target="C3"/>
  <move id="280" source="B9" target="B8"/>
  <move id="281" source="C3" target="B3"/>
  <move id="282" source="B8" target="B7"/>
  <move id="283" source="G1" target="G2"/>
  <move id="284" source="B7" target="B6"/>
  <move id="285" source="G2" target="G3"/>
  <move id="286" source="B6" target="B5"/>
  <move id="287" source="G3" target="G4"/>
  <move id="288" source="B5" target="B4"/>
  <move id="289" source="G4" target="F4"/>
  <move id="290" source="B4" target="A4"/>
  <move id="291" source="F4" target="F5"/>
  <move id="292" source="A4" target="A3"/>
  <move id="293" source="F5" target="F6"/>
  <move id="294" source="A3" target="A2"/>
  <move id="295" source="F6" target="F7"/>
  <move id="296" source="B3" target="B2"/>
  <move id="297" source="A2" target="A3"/>
  <move id="298" source="B2" target="B3"/>
  <move id="299" source="F7" target="F8"/>
  <move id="300" source="B3" target="A3"/>
  <move id="301" source="F8" target="F7"/>
  <move id="302" source="A3" target="B3"/>
  <move id="303" source="E7" target="E6"/>
  <move id="304" source="B3" target="B4"/>
  <move id="305" source="F7" target="G7"/>
  <move id="306" source="B4" target="C4"/>
  <move id="307" source="E6" target="E5"/>
  <move id="308" source="D:" target="C:"/>
  <move id="309" source="G7" target="H7"/>
  <move id="310" source="C:" target="B:"/>
  <move id="311" source="H7" target="I7"/>
  <move id="312" source="B:" target="B9"/>
  <move id="313" source="I7" target="K7"/>
  <move id="314" source="B9" target="B8"/>
  <move id="315" source="K7" target="K6"/>
  <move id="316" source="B8" target="B7"/>
  <move id="317" source="K6" target="K5"/>
  <move id="318" source="B7" target="A7"/>
  <move id="319" source="E5" target="E4"/>
  <move id="320" source="C4" target="B4"/>
  <move id="321" source="E4" target="D4"/>
  <move id="322" source="B4" target="B5"/>
  <move id="323" source="D4" target="C4"/>
  <move id="324" source="B5" target="B6"/>
  <move id="325" source="C4" target="B4"/>
  <move id="326" source="B6" target="B7"/>
  <move id="327" source="B4" target="B5"/>
  <move id="328" source="B7" target="C7"/>
  <move id="329" source="B5" target="B6"/>
  <move id="330" source="C7" target="D7"/>
  <move id="331" source="I4" target="H4"/>
  <move id="332" source="D7" target="E7"/>
  <move id="333" source="K5" target="K4"/>
  <move id="334" source="E7" target="F7"/>
  <move id="335" source="K4" target="I4"/>
  <move id="336" source="F7" target="F6"/>
  <move id="337" source="H4" target="G4"/>
  <move id="338" source="F6" target="F5"/>
  <move id="339" source="I4" target="I3"/>
  <move id="340" source="E9" target="E8"/>
  <move id="341" source="B6" target="B7"/>
  <move id="342" source="A7" target="A6"/>
  <move id="343" source="B7" target="C7"/>
  <move id="344" source="F5" target="F6"/>
  <move id="345" source="C7" target="D7"/>
  <move id="346" source="F6" target="F7"/>
  <move id="347" source="D7" target="E7"/>
  <move id="348" source="F7" target="G7"/>
  <move id="349" source="E7" target="E8"/>
  <move id="350" source="G7" target="H7"/>
  <move id="351" source="E8" target="E7"/>
  <move id="352" source="H7" target="I7"/>
  <move id="353" source="I3" target="H3"/>
  <move id="354" source="I7" target="I6"/>
  <move id="355" source="G4" target="H4"/>
  <move id="356" source="A6" target="A5"/>
  <move id="357" source="H3" target="G3"/>
  <move id="358" source="A5" target="A4"/>
  <move id="359" source="G3" target="F3"/>
  <move id="360" source="A4" target="A3"/>
  <move id="361" source="F3" target="F4"/>
  <move id="362" source="A3" target="B3"/>
  <move id="363" source="F4" target="E4"/>
  <move id="364" source="B3" target="B2"/>
  <move id="365" source="E4" target="D4"/>
  <move id="366" source="B2" target="C2"/>
  <move id="367" source="D4" target="C4"/>
  <move id="368" source="C2" target="D2"/>
  <move id="369" source="H4" target="I4"/>
  <move id="370" source="I6" target="K6"/>
  <move id="371" source="I4" target="I5"/>
  <move id="372" source="E:" target="D:"/>
  <move id="373" source="C4" target="B4"/>
  <move id="374" source="D:" target="C:"/>
  <move id="375" source="B4" target="B5"/>
  <move id="376" source="C:" target="C9"/>
  <move id="377" source="B5" target="B6"/>
  <move id="378" source="C9" target="C8"/>
  <move id="379" source="B6" target="B7"/>
  <move id="380" source="F:" target="E:"/>
  <move id="381" source="E7" target="E8"/>
  <move id="382" source="E:" target="D:"/>
  <move id="383" source="E8" target="D8"/>
  <move id="384" source="G9" target="F9"/>
  <move id="385" source="D8" target="C8"/>
  <move id="386" source="F9" target="F8"/>
  <move id="387" source="C8" target="D8"/>
  <move id="388" source="F8" target="F7"/>
  <move id="389" source="D8" target="D9"/>
  <move id="390" source="D:" target="C:"/>
  <move id="391" source="B7" target="C7"/>
  <move id="392" source="F7" target="F6"/>
  <move id="393" source="D9" target="D:"/>
  <move id="394" source="C:" target="B:"/>
  <move id="395" source="D:" target="C:"/>
  <move id="396" source="B:" target="A:"/>
  <move id="397" source="C:" target="B:"/>
  <move id="398" source="A:" target="A9"/>
  <move id="399" source="B:" target="A:"/>
  <move id="400" source="A9" target="A8"/>
  <move id="401" source="C7" target="B7"/>
  <move id="402" source="F6" target="F5"/>
  <move id="403" source="A:" target="A9"/>
  <move id="404" source="F5" target="F4"/>
  <move id="405" source="A9" target="A8"/>
  <move id="406" source="F4" target="G4"/>
  <move id="407" source="B7" target="C7"/>
  <move id="408" source="G4" target="G3"/>
  <move id="409" source="H2" target="G2"/>
  <move id="410" source="G3" target="F3"/>
  <move id="411" source="C7" target="D7"/>
  <move id="412" source="F3" target="E3"/>
  <move id="413" source="E2" target="E3"/>
  <move id="414" source="K6" target="K7"/>
  <move id="415" source="I5" target="I6"/>
  <move id="416" source="K7" target="K8"/>
  <move id="417" source="D7" target="E7"/>
  <move id="418" source="K8" target="K7"/>
  <move id="419" source="E7" target="F7"/>
  <move id="420" source="K7" target="K8"/>
  <player id="1">Player 1</player>
  <player id="2">Player 2</player>
  <result type="0" winner="1"/>
 </game>
</stratego>