<?xml version="1.0" encoding="UTF-8"?>
<stratego>
 <game type="classic">
  
  <field content="EEEFBMBEGFBFHCKBHHEDGBIDLJIHBGDDDJGIDDDFAA__AA__AAAA__AA__AAPSWUSRTPPTSPQOPPXPRVVRQUTQUQPSTNNRNNNYQN"/>
  <move id="1" source="F4" target="F5"/>
  <move id="2" source="K7" target="K6"/>
  <move id="3" source="F5" target="F6"/>
  <move id="4" source="K6" target="K5"/>
  <move id="5" source="E4" target="E5"/>
  <move id="6" source="K5" target="K4"/>
  <move id="7" source="E5" target="E6"/>
  <move id="8" source="K4" target="K3"/>
  <move id="9" source="E3" target="E4"/>
  <move id="10" source="K3" target="K2"/>
  <move id="11" source="E4" target="E5"/>
  <move id="12" source="K2" target="K1"/>
  <move id="13" source="E6" target="E7"/>
  <move id="14" source="E8" target="E5"/>
  <move id="15" source="E5" target="E6"/>
  <move id="16" source="B7" target="B6"/>
  <move id="17" source="E6" target="E7"/>
  <move id="18" source="F7" target="F6"/>
  <move id="19" source="F6" target="F5"/>
  <move id="20" source="B6" target="B5"/>
  <move id="21" source="F5" target="E5"/>
  <move id="22" source="B5" target="B4"/>
  <move id="23" source="G4" target="F4"/>
  <move id="24" source="C7" target="B7"/>
  <move id="25" source="F4" target="F5"/>
  <move id="26" source="B4" target="B3"/>
  <move id="27" source="F5" target="F6"/>
  <move id="28" source="A7" target="A4"/>
  <move id="29" source="F6" target="F7"/>
  <move id="30" source="A8" target="A7"/>
  <move id="31" source="F7" target="F8"/>
  <move id="32" source="A7" target="A6"/>
  <move id="33" source="H4" target="G4"/>
  <move id="34" source="A6" target="A5"/>
  <move id="35" source="G4" target="F4"/>
  <move id="36" source="A5" target="A4"/>
  <move id="37" source="F4" target="F5"/>
  <move id="38" source="A4" target="A3"/>
  <move id="39" source="F5" target="F6"/>
  <move id="40" source="B8" target="A8"/>
  <move id="41" source="F6" target="F7"/>
  <move id="42" source="F9" target="F8"/>
  <move id="43" source="H3" target="H4"/>
  <move id="44" source="A8" target="A2"/>
  <move id="45" source="H4" target="G4"/>
  <move id="46" source="C8" target="B8"/>
  <move id="47" source="G4" target="F4"/>
  <move id="48" source="B8" target="A8"/>
  <move id="49" source="F4" target="F5"/>
  <move id="50" source="A8" target="A7"/>
  <move id="51" source="F5" target="F6"/>
  <move id="52" source="A7" target="A6"/>
  <move id="53" source="D4" target="E4"/>
  <move id="54" source="A6" target="A5"/>
  <move id="55" source="E4" target="F4"/>
  <move id="56" source="A5" target="A4"/>
  <move id="57" source="E2" target="E3"/>
  <move id="58" source="A4" target="A3"/>
  <move id="59" source="F4" target="G4"/>
  <move id="60" source="A9" target="A8"/>
  <move id="61" source="E5" target="E6"/>
  <move id="62" source="A8" target="A7"/>
  <move id="63" source="E3" target="E4"/>
  <move id="64" source="A7" target="A6"/>
  <move id="65" source="F7" target="G7"/>
  <move id="66" source="F8" target="E8"/>
  <move id="67" source="F6" target="F7"/>
  <move id="68" source="A6" target="A5"/>
  <move id="69" source="D3" target="E3"/>
  <move id="70" source="A5" target="A4"/>
  <move id="71" source="E4" target="D4"/>
  <move id="72" source="A3" target="A2"/>
  <move id="73" source="B2" target="A2"/>
  <move id="74" source="A4" target="A3"/>
  <move id="75" source="E3" target="E4"/>
  <move id="76" source="A3" target="A2"/>
  <move id="77" source="E4" target="F4"/>
  <move id="78" source="A2" target="A1"/>
  <move id="79" source="F4" target="F5"/>
  <move id="80" source="K1" target="I1"/>
  <move id="81" source="I2" target="K2"/>
  <move id="82" source="I1" target="H1"/>
  <move id="83" source="F5" target="F6"/>
  <move id="84" source="H1" target="G1"/>
  <move id="85" source="F7" target="G7"/>
  <move id="86" source="K8" target="K7"/>
  <move id="87" source="G4" target="H4"/>
  <move id="88" source="I7" target="I4"/>
  <move id="89" source="H4" target="I4"/>
  <move id="90" source="H7" target="I7"/>
  <move id="91" source="K2" target="K3"/>
  <move id="92" source="I7" target="I4"/>
  <move id="93" source="K3" target="K4"/>
  <move id="94" source="K7" target="I7"/>
  <move id="95" source="I4" target="H4"/>
  <move id="96" source="I8" target="K8"/>
  <move id="97" source="F6" target="F7"/>
  <move id="98" source="K8" target="K7"/>
  <move id="99" source="F7" target="F8"/>
  <move id="100" source="G8" target="F8"/>
  <move id="101" source="E6" target="E5"/>
  <move id="102" source="A1" target="B1"/>
  <move id="103" source="E5" target="F5"/>
  <move id="104" source="B1" target="C1"/>
  <move id="105" source="D4" target="E4"/>
  <move id="106" source="C1" target="C2"/>
  <move id="107" source="D2" target="D3"/>
  <move id="108" source="C2" target="C3"/>
  <move id="109" source="E4" target="D4"/>
  <move id="110" source="C3" target="C2"/>
  <move id="111" source="F3" target="E3"/>
  <move id="112" source="C2" target="D2"/>
  <move id="113" source="E3" target="E2"/>
  <move id="114" source="D2" target="D1"/>
  <move id="115" source="E2" target="D2"/>
  <move id="116" source="D1" target="E1"/>
  <move id="117" source="D2" target="E2"/>
  <move id="118" source="K7" target="K6"/>
  <move id="119" source="D4" target="E4"/>
  <move id="120" source="K6" target="K5"/>
  <move id="121" source="F5" target="F6"/>
  <move id="122" source="K5" target="K4"/>
  <move id="123" source="E4" target="E5"/>
  <move id="124" source="K4" target="K3"/>
  <move id="125" source="E5" target="E6"/>
  <move id="126" source="K3" target="I3"/>
  <move id="127" source="E7" target="F7"/>
  <move id="128" source="B7" target="B6"/>
  <move id="129" source="F7" target="F8"/>
  <move id="130" source="B6" target="B5"/>
  <move id="131" source="E6" target="E5"/>
  <move id="132" source="B5" target="B4"/>
  <move id="133" source="E5" target="E4"/>
  <move id="134" source="B4" target="A4"/>
  <move id="135" source="D3" target="C3"/>
  <move id="136" source="A4" target="A3"/>
  <move id="137" source="C3" target="C2"/>
  <move id="138" source="A3" target="A2"/>
  <move id="139" source="E2" target="D2"/>
  <move id="140" source="A2" target="B2"/>
  <move id="141" source="E4" target="E3"/>
  <move id="142" source="B2" target="C2"/>
  <move id="143" source="D2" target="D1"/>
  <move id="144" source="C2" target="C1"/>
  <move id="145" source="D1" target="D2"/>
  <move id="146" source="C1" target="C2"/>
  <move id="147" source="D2" target="D3"/>
  <move id="148" source="C2" target="C3"/>
  <move id="149" source="D3" target="D2"/>
  <move id="150" source="C3" target="D3"/>
  <move id="151" source="E3" target="D3"/>
  <move id="152" source="I7" target="I6"/>
  <move id="153" source="D2" target="D3"/>
  <move id="154" source="I6" target="I7"/>
  <move id="155" source="D3" target="E3"/>
  <move id="156" source="I7" target="H7"/>
  <move id="157" source="E3" target="E4"/>
  <move id="158" source="H7" target="G7"/>
  <move id="159" source="E4" target="E5"/>
  <move id="160" source="G7" target="F7"/>
  <move id="161" source="F6" target="F5"/>
  <move id="162" source="F7" target="F6"/>
  <move id="163" source="F5" target="F4"/>
  <move id="164" source="F6" target="F5"/>
  <move id="165" source="E5" target="F5"/>
  <move id="166" source="D7" target="E7"/>
  <move id="167" source="H4" target="G4"/>
  <move id="168" source="E7" target="E6"/>
  <move id="169" source="F4" target="F3"/>
  <move id="170" source="E6" target="E5"/>
  <move id="171" source="G4" target="F4"/>
  <move id="172" source="G9" target="G8"/>
  <move id="173" source="G3" target="H3"/>
  <move id="174" source="G8" target="G7"/>
  <move id="175" source="H3" target="H4"/>
  <move id="176" source="G7" target="H7"/>
  <move id="177" source="H4" target="I4"/>
  <move id="178" source="H7" target="I7"/>
  <move id="179" source="F4" target="F5"/>
  <move id="180" source="E5" target="E4"/>
  <move id="181" source="F5" target="F6"/>
  <move id="182" source="E4" target="E3"/>
  <move id="183" source="F3" target="F4"/>
  <move id="184" source="E3" target="F3"/>
  <move id="185" source="F4" target="F3"/>
  <move id="186" source="I7" target="I6"/>
  <move id="187" source="I4" target="H4"/>
  <move id="188" source="I6" target="I5"/>
  <move id="189" source="H4" target="G4"/>
  <move id="190" source="I5" target="I4"/>
  <move id="191" source="G4" target="F4"/>
  <move id="192" source="I4" target="H4"/>
  <move id="193" source="H2" target="I2"/>
  <move id="194" source="H4" target="G4"/>
  <move id="195" source="F4" target="E4"/>
  <move id="196" source="G4" target="G3"/>
  <move id="197" source="E4" target="E5"/>
  <move id="198" source="G3" target="G2"/>
  <move id="199" source="E5" target="E6"/>
  <move id="200" source="C9" target="C8"/>
  <move id="201" source="E6" target="E7"/>
  <move id="202" source="C8" target="C7"/>
  <move id="203" source="E7" target="F7"/>
  <move id="204" source="C7" target="B7"/>
  <move id="205" source="F7" target="F8"/>
  <move id="206" source="B7" target="B6"/>
  <move id="207" source="F8" target="F9"/>
  <move id="208" source="E9" target="F9"/>
  <move id="209" source="F9" target="F:"/>
  <move id="210" source="B6" target="B5"/>
  <move id="211" source="F6" target="F7"/>
  <move id="212" source="B5" target="B4"/>
  <move id="213" source="C4" target="F4"/>
  <move id="214" source="B4" target="B3"/>
  <move id="215" source="F4" target="E4"/>
  <move id="216" source="B3" target="C3"/>
  <move id="217" source="E4" target="E3"/>
  <move id="218" source="C3" target="D3"/>
  <move id="219" source="F7" target="F8"/>
  <move id="220" source="D3" target="E3"/>
  <move id="221" source="F8" target="F9"/>
  <move id="222" source="E8" target="E7"/>
  <move id="223" source="F9" target="E9"/>
  <move id="224" source="G2" target="F2"/>
  <move id="225" source="E9" target="E:"/>
  <move id="226" source="E3" target="E2"/>
  <move id="227" source="I2" target="H2"/>
  <move id="228" source="E2" target="E1"/>
  <move id="229" source="H2" target="H3"/>
  <move id="230" source="E1" target="F1"/>
  <player id="1">Player 1</player>
  <player id="2">Player 2</player>
  <result type="1" winner="2"/>
 </game>
</stratego>