<?xml version="1.0" encoding="UTF-8"?>
<stratego>
 <game type="classic">
  
  <field content="BBEBMBGBFDFIGEEIEBDHHJEFHKCJFDDGLDDGIDDHAA__AA__AAAA__AA__AAPRSNPPTURSPTPQRPTOWXSPQNRNUUVQNPSQNQYNTV"/>
  <move id="1" source="I4" target="I7"/>
  <move id="2" source="K7" target="K6"/>
  <move id="3" source="K4" target="K5"/>
  <move id="4" source="K8" target="K7"/>
  <move id="5" source="K5" target="K6"/>
  <move id="6" source="K7" target="K8"/>
  <move id="7" source="K6" target="I6"/>
  <move id="8" source="I7" target="K7"/>
  <move id="9" source="I6" target="K6"/>
  <move id="10" source="H7" target="I7"/>
  <move id="11" source="K6" target="K7"/>
  <move id="12" source="I7" target="K7"/>
  <move id="13" source="F4" target="F5"/>
  <move id="14" source="K7" target="K6"/>
  <move id="15" source="H4" target="I4"/>
  <move id="16" source="G7" target="H7"/>
  <move id="17" source="F5" target="F6"/>
  <move id="18" source="K8" target="K7"/>
  <move id="19" source="I4" target="I5"/>
  <move id="20" source="K7" target="I7"/>
  <move id="21" source="I5" target="I7"/>
  <move id="22" source="I7" target="I6"/>
  <move id="23" source="F3" target="F4"/>
  <move id="24" source="I6" target="I5"/>
  <move id="25" source="F4" target="F5"/>
  <move id="26" source="I5" target="I4"/>
  <move id="27" source="F5" target="E5"/>
  <move id="28" source="H7" target="I7"/>
  <move id="29" source="F6" target="E6"/>
  <move id="30" source="I7" target="K7"/>
  <move id="31" source="E6" target="E7"/>
  <move id="32" source="F7" target="G7"/>
  <move id="33" source="E5" target="E6"/>
  <move id="34" source="G7" target="H7"/>
  <move id="35" source="E7" target="D7"/>
  <move id="36" source="H7" target="I7"/>
  <move id="37" source="E6" target="E7"/>
  <move id="38" source="I7" target="I6"/>
  <move id="39" source="E7" target="F7"/>
  <move id="40" source="I8" target="I7"/>
  <move id="41" source="E4" target="E8"/>
  <move id="42" source="I6" target="I5"/>
  <move id="43" source="F7" target="G7"/>
  <move id="44" source="I7" target="H7"/>
  <move id="45" source="G7" target="H7"/>
  <move id="46" source="I9" target="I8"/>
  <move id="47" source="D4" target="E4"/>
  <move id="48" source="I5" target="K5"/>
  <move id="49" source="E4" target="F4"/>
  <move id="50" source="K5" target="K4"/>
  <move id="51" source="F4" target="F5"/>
  <move id="52" source="I8" target="I7"/>
  <move id="53" source="F5" target="F6"/>
  <move id="54" source="K6" target="K5"/>
  <move id="55" source="F6" target="F7"/>
  <move id="56" source="I7" target="H7"/>
  <move id="57" source="C4" target="D4"/>
  <move id="58" source="K4" target="K3"/>
  <move id="59" source="E3" target="F3"/>
  <move id="60" source="K5" target="I5"/>
  <move id="61" source="D3" target="E3"/>
  <move id="62" source="K7" target="K6"/>
  <move id="63" source="E3" target="E4"/>
  <move id="64" source="K6" target="K5"/>
  <move id="65" source="E4" target="E5"/>
  <move id="66" source="K5" target="K4"/>
  <move id="67" source="E5" target="E6"/>
  <move id="68" source="K4" target="K3"/>
  <move id="69" source="E6" target="E7"/>
  <move id="70" source="K3" target="K2"/>
  <move id="71" source="K1" target="K9"/>
  <move id="72" source="I5" target="K5"/>
  <move id="73" source="C3" target="C4"/>
  <move id="74" source="K5" target="K6"/>
  <move id="75" source="B3" target="C3"/>
  <move id="76" source="F8" target="F7"/>
  <move id="77" source="C3" target="D3"/>
  <move id="78" source="H7" target="G7"/>
  <move id="79" source="D3" target="E3"/>
  <move id="80" source="G7" target="F7"/>
  <move id="81" source="E7" target="E6"/>
  <move id="82" source="F7" target="F6"/>
  <move id="83" source="E6" target="E7"/>
  <move id="84" source="F6" target="F7"/>
  <move id="85" source="E7" target="E8"/>
  <move id="86" source="F7" target="F6"/>
  <move id="87" source="D4" target="E4"/>
  <move id="88" source="E9" target="E8"/>
  <move id="89" source="E4" target="E5"/>
  <move id="90" source="E8" target="F8"/>
  <move id="91" source="E5" target="F5"/>
  <move id="92" source="F8" target="E8"/>
  <move id="93" source="F5" target="F6"/>
  <move id="94" source="K6" target="K5"/>
  <move id="95" source="F6" target="F7"/>
  <move id="96" source="K5" target="K4"/>
  <move id="97" source="E3" target="E4"/>
  <move id="98" source="K4" target="K3"/>
  <move id="99" source="E4" target="E5"/>
  <move id="100" source="K3" target="I3"/>
  <move id="101" source="E5" target="E6"/>
  <move id="102" source="I3" target="I2"/>
  <move id="103" source="E6" target="E7"/>
  <move id="104" source="I2" target="I1"/>
  <move id="105" source="E7" target="E8"/>
  <move id="106" source="I1" target="I2"/>
  <move id="107" source="E8" target="F8"/>
  <move id="108" source="I2" target="I3"/>
  <move id="109" source="C4" target="D4"/>
  <move id="110" source="I3" target="H3"/>
  <move id="111" source="D4" target="E4"/>
  <move id="112" source="H9" target="I9"/>
  <move id="113" source="E4" target="E5"/>
  <move id="114" source="I9" target="I8"/>
  <move id="115" source="E5" target="E6"/>
  <move id="116" source="I8" target="I7"/>
  <move id="117" source="F3" target="E3"/>
  <move id="118" source="I7" target="I6"/>
  <move id="119" source="E6" target="E7"/>
  <move id="120" source="I6" target="I5"/>
  <move id="121" source="E7" target="E8"/>
  <move id="122" source="I5" target="K5"/>
  <move id="123" source="G3" target="F3"/>
  <move id="124" source="K5" target="K4"/>
  <move id="125" source="E8" target="E9"/>
  <move id="126" source="K4" target="K3"/>
  <move id="127" source="E9" target="F9"/>
  <move id="128" source="F:" target="F9"/>
  <move id="129" source="D2" target="D3"/>
  <move id="130" source="I4" target="I3"/>
  <move id="131" source="H3" target="G3"/>
  <move id="132" source="K3" target="K2"/>
  <move id="133" source="D3" target="D4"/>
  <move id="134" source="K2" target="I2"/>
  <move id="135" source="D4" target="E4"/>
  <move id="136" source="I2" target="H2"/>
  <move id="137" source="E4" target="E5"/>
  <move id="138" source="K9" target="K8"/>
  <move id="139" source="E5" target="E6"/>
  <move id="140" source="K8" target="K7"/>
  <move id="141" source="E6" target="E7"/>
  <move id="142" source="K7" target="K6"/>
  <move id="143" source="E7" target="E8"/>
  <move id="144" source="K6" target="K5"/>
  <move id="145" source="E8" target="E9"/>
  <move id="146" source="K5" target="K4"/>
  <move id="147" source="E9" target="F9"/>
  <move id="148" source="G9" target="F9"/>
  <move id="149" source="F8" target="F9"/>
  <move id="150" source="I3" target="I2"/>
  <move id="151" source="F9" target="G9"/>
  <move id="152" source="K4" target="K3"/>
  <move id="153" source="F7" target="F6"/>
  <move id="154" source="K3" target="K2"/>
  <move id="155" source="G9" target="H9"/>
  <move id="156" source="I2" target="I1"/>
  <move id="157" source="F6" target="F5"/>
  <move id="158" source="I1" target="H1"/>
  <move id="159" source="H9" target="H:"/>
  <move id="160" source="K2" target="I2"/>
  <move id="161" source="G4" target="H4"/>
  <move id="162" source="I2" target="I1"/>
  <move id="163" source="H4" target="I4"/>
  <move id="164" source="I1" target="H1"/>
  <move id="165" source="G1" target="H1"/>
  <move id="166" source="K:" target="K9"/>
  <move id="167" source="I4" target="I5"/>
  <move id="168" source="K9" target="K8"/>
  <move id="169" source="I5" target="I6"/>
  <move id="170" source="H8" target="I8"/>
  <move id="171" source="I6" target="I7"/>
  <move id="172" source="I8" target="I7"/>
  <move id="173" source="I7" target="I8"/>
  <move id="174" source="K8" target="I8"/>
  <move id="175" source="F5" target="F6"/>
  <move id="176" source="I8" target="I7"/>
  <move id="177" source="F6" target="F7"/>
  <move id="178" source="I7" target="I6"/>
  <move id="179" source="G3" target="G4"/>
  <move id="180" source="I6" target="I5"/>
  <move id="181" source="G4" target="H4"/>
  <move id="182" source="I5" target="I4"/>
  <move id="183" source="H4" target="I4"/>
  <move id="184" source="D8" target="E8"/>
  <move id="185" source="H1" target="I1"/>
  <move id="186" source="E8" target="E7"/>
  <move id="187" source="I1" target="I2"/>
  <move id="188" source="E7" target="E6"/>
  <move id="189" source="I2" target="I3"/>
  <move id="190" source="E6" target="E5"/>
  <move id="191" source="I3" target="I4"/>
  <move id="192" source="E5" target="F5"/>
  <move id="193" source="I4" target="I5"/>
  <move id="194" source="F5" target="F4"/>
  <move id="195" source="I5" target="I6"/>
  <move id="196" source="F4" target="G4"/>
  <move id="197" source="I6" target="I7"/>
  <move id="198" source="G4" target="H4"/>
  <move id="199" source="I7" target="I8"/>
  <move id="200" source="H4" target="H3"/>
  <move id="201" source="I8" target="I9"/>
  <move id="202" source="H3" target="I3"/>
  <move id="203" source="I9" target="I:"/>
  <move id="204" source="I:" target="I9"/>
  <move id="205" source="F7" target="F8"/>
  <move id="206" source="I9" target="I8"/>
  <move id="207" source="F8" target="F9"/>
  <move id="208" source="I8" target="I7"/>
  <move id="209" source="F9" target="G9"/>
  <move id="210" source="I7" target="I6"/>
  <move id="211" source="G9" target="G:"/>
  <player id="1">Player 1</player>
  <player id="2">Player 2</player>
  <result type="1" winner="1"/>
 </game>
</stratego>