<?xml version="1.0" encoding="UTF-8"?>
<stratego>
 <game type="classic">
  
  <field content="MEDFBEEFHBGFHHDEHBDDLJCBFIBBDEIGDJDGDKIGAA__AA__AAAA__AA__AAPSRXTRSPPSRTVOWUVTPUPUQNNQQPNPQPNNYNTSRQ"/>
  <move id="1" source="I4" target="I5"/>
  <move id="2" source="I7" target="I5"/>
  <move id="3" source="I5" target="I6"/>
  <move id="4" source="A7" target="A4"/>
  <move id="5" source="A4" target="A5"/>
  <move id="6" source="B7" target="B6"/>
  <move id="7" source="F4" target="F5"/>
  <move id="8" source="B8" target="B7"/>
  <move id="9" source="F5" target="F6"/>
  <move id="10" source="B7" target="A7"/>
  <move id="11" source="B4" target="B5"/>
  <move id="12" source="A7" target="A6"/>
  <move id="13" source="A3" target="A4"/>
  <move id="14" source="B6" target="B5"/>
  <move id="15" source="C4" target="B4"/>
  <move id="16" source="C8" target="B8"/>
  <move id="17" source="B4" target="B5"/>
  <move id="18" source="C7" target="B7"/>
  <move id="19" source="B3" target="B4"/>
  <move id="20" source="B7" target="B6"/>
  <move id="21" source="E4" target="E5"/>
  <move id="22" source="B6" target="B5"/>
  <move id="23" source="B4" target="B5"/>
  <move id="24" source="B8" target="B7"/>
  <move id="25" source="B5" target="B4"/>
  <move id="26" source="B7" target="B6"/>
  <move id="27" source="A5" target="B5"/>
  <move id="28" source="B6" target="B5"/>
  <move id="29" source="A4" target="A5"/>
  <move id="30" source="B5" target="B4"/>
  <move id="31" source="A5" target="A6"/>
  <move id="32" source="E7" target="E6"/>
  <move id="33" source="F6" target="E6"/>
  <move id="34" source="E6" target="E5"/>
  <move id="35" source="K4" target="K5"/>
  <move id="36" source="E5" target="E4"/>
  <move id="37" source="G4" target="F4"/>
  <move id="38" source="E4" target="E3"/>
  <move id="39" source="F3" target="E3"/>
  <move id="40" source="E8" target="E7"/>
  <move id="41" source="F4" target="F5"/>
  <move id="42" source="E7" target="E6"/>
  <move id="43" source="H4" target="G4"/>
  <move id="44" source="E6" target="F6"/>
  <move id="45" source="G4" target="F4"/>
  <move id="46" source="F6" target="F5"/>
  <move id="47" source="F4" target="F5"/>
  <move id="48" source="D7" target="E7"/>
  <move id="49" source="D4" target="E4"/>
  <move id="50" source="E7" target="E6"/>
  <move id="51" source="C3" target="C4"/>
  <move id="52" source="E6" target="E5"/>
  <move id="53" source="C4" target="D4"/>
  <move id="54" source="E5" target="F5"/>
  <move id="55" source="I3" target="I4"/>
  <move id="56" source="F5" target="F4"/>
  <move id="57" source="I4" target="H4"/>
  <move id="58" source="F4" target="G4"/>
  <move id="59" source="K5" target="K6"/>
  <move id="60" source="F8" target="E8"/>
  <move id="61" source="E3" target="F3"/>
  <move id="62" source="F7" target="E7"/>
  <move id="63" source="E4" target="E5"/>
  <move id="64" source="G8" target="F8"/>
  <move id="65" source="D4" target="E4"/>
  <move id="66" source="F8" target="F7"/>
  <move id="67" source="F3" target="F4"/>
  <move id="68" source="F7" target="F6"/>
  <move id="69" source="H4" target="G4"/>
  <move id="70" source="F6" target="F5"/>
  <move id="71" source="E5" target="F5"/>
  <move id="72" source="E7" target="D7"/>
  <move id="73" source="F4" target="F5"/>
  <move id="74" source="E8" target="E7"/>
  <move id="75" source="F5" target="F6"/>
  <move id="76" source="E7" target="E6"/>
  <move id="77" source="F6" target="E6"/>
  <move id="78" source="G7" target="G8"/>
  <move id="79" source="A6" target="B6"/>
  <move id="80" source="H7" target="G7"/>
  <move id="81" source="B6" target="B5"/>
  <move id="82" source="G7" target="F7"/>
  <move id="83" source="B5" target="B4"/>
  <move id="84" source="F7" target="E7"/>
  <move id="85" source="B4" target="C4"/>
  <move id="86" source="E7" target="E4"/>
  <move id="87" source="K6" target="K7"/>
  <move id="88" source="E4" target="F4"/>
  <move id="89" source="C4" target="D4"/>
  <move id="90" source="G4" target="H4"/>
  <move id="91" source="D4" target="E4"/>
  <move id="92" source="F4" target="F2"/>
  <move id="93" source="I6" target="I7"/>
  <move id="94" source="H4" target="I4"/>
  <move id="95" source="I7" target="H7"/>
  <move id="96" source="I4" target="K4"/>
  <move id="97" source="I2" target="I8"/>
  <move id="98" source="K8" target="K7"/>
  <move id="99" source="H7" target="G7"/>
  <move id="100" source="K9" target="K8"/>
  <move id="101" source="G7" target="F7"/>
  <move id="102" source="K8" target="I8"/>
  <move id="103" source="E4" target="F4"/>
  <move id="104" source="I8" target="I3"/>
  <move id="105" source="F7" target="F8"/>
  <move id="106" source="I3" target="K3"/>
  <move id="107" source="E2" target="E9"/>
  <move id="108" source="K4" target="K3"/>
  <move id="109" source="F8" target="E8"/>
  <move id="110" source="K7" target="I7"/>
  <move id="111" source="F4" target="F5"/>
  <move id="112" source="I7" target="H7"/>
  <move id="113" source="F5" target="F6"/>
  <move id="114" source="H7" target="G7"/>
  <move id="115" source="E8" target="F8"/>
  <move id="116" source="H8" target="I8"/>
  <move id="117" source="K2" target="I2"/>
  <move id="118" source="K3" target="I3"/>
  <move id="119" source="I2" target="K2"/>
  <move id="120" source="I3" target="K3"/>
  <move id="121" source="F2" target="F3"/>
  <move id="122" source="K3" target="K2"/>
  <move id="123" source="F6" target="E6"/>
  <move id="124" source="H9" target="H7"/>
  <move id="125" source="F3" target="F4"/>
  <move id="126" source="H7" target="I7"/>
  <move id="127" source="F4" target="F5"/>
  <move id="128" source="I7" target="I1"/>
  <move id="129" source="F5" target="F6"/>
  <move id="130" source="K2" target="I2"/>
  <move id="131" source="F6" target="F7"/>
  <move id="132" source="G7" target="F7"/>
  <move id="133" source="F8" target="F9"/>
  <move id="134" source="F7" target="F8"/>
  <move id="135" source="F1" target="F2"/>
  <move id="136" source="F8" target="F9"/>
  <move id="137" source="F2" target="F3"/>
  <move id="138" source="I2" target="I1"/>
  <move id="139" source="F3" target="F4"/>
  <move id="140" source="I1" target="I2"/>
  <move id="141" source="F4" target="F5"/>
  <move id="142" source="I2" target="I3"/>
  <move id="143" source="F5" target="F6"/>
  <move id="144" source="I3" target="I4"/>
  <move id="145" source="F6" target="F7"/>
  <move id="146" source="I4" target="I5"/>
  <move id="147" source="F7" target="E7"/>
  <move id="148" source="D7" target="E7"/>
  <move id="149" source="E6" target="E7"/>
  <move id="150" source="I5" target="I6"/>
  <move id="151" source="E7" target="F7"/>
  <move id="152" source="I6" target="I7"/>
  <move id="153" source="F7" target="F6"/>
  <move id="154" source="I7" target="H7"/>
  <move id="155" source="F6" target="F5"/>
  <move id="156" source="H7" target="G7"/>
  <move id="157" source="F5" target="F4"/>
  <move id="158" source="G7" target="F7"/>
  <move id="159" source="F4" target="G4"/>
  <move id="160" source="F7" target="F6"/>
  <move id="161" source="G4" target="H4"/>
  <move id="162" source="I8" target="I7"/>
  <move id="163" source="H4" target="I4"/>
  <move id="164" source="I7" target="H7"/>
  <move id="165" source="I4" target="I5"/>
  <move id="166" source="H7" target="G7"/>
  <move id="167" source="I5" target="I6"/>
  <move id="168" source="G7" target="F7"/>
  <move id="169" source="H1" target="I1"/>
  <move id="170" source="F7" target="E7"/>
  <move id="171" source="I1" target="I2"/>
  <move id="172" source="F6" target="F5"/>
  <move id="173" source="I2" target="I3"/>
  <move id="174" source="F5" target="F4"/>
  <move id="175" source="I3" target="K3"/>
  <move id="176" source="F4" target="G4"/>
  <move id="177" source="K3" target="K4"/>
  <move id="178" source="G4" target="H4"/>
  <move id="179" source="K4" target="K5"/>
  <move id="180" source="H4" target="I4"/>
  <move id="181" source="K5" target="K6"/>
  <move id="182" source="I4" target="I5"/>
  <move id="183" source="K6" target="K7"/>
  <move id="184" source="I5" target="I6"/>
  <move id="185" source="K7" target="K8"/>
  <move id="186" source="E7" target="E6"/>
  <move id="187" source="K8" target="K9"/>
  <move id="188" source="E6" target="E5"/>
  <move id="189" source="B2" target="B3"/>
  <move id="190" source="E5" target="E4"/>
  <move id="191" source="B3" target="B4"/>
  <move id="192" source="A8" target="B8"/>
  <move id="193" source="B4" target="B5"/>
  <move id="194" source="B8" target="B7"/>
  <move id="195" source="B5" target="B6"/>
  <move id="196" source="B7" target="B6"/>
  <move id="197" source="G1" target="H1"/>
  <move id="198" source="E4" target="D4"/>
  <move id="199" source="H1" target="I1"/>
  <move id="200" source="D4" target="C4"/>
  <move id="201" source="D2" target="E2"/>
  <move id="202" source="C4" target="C3"/>
  <move id="203" source="E2" target="E3"/>
  <move id="204" source="A9" target="A8"/>
  <move id="205" source="E3" target="E4"/>
  <move id="206" source="D8" target="E8"/>
  <move id="207" source="E4" target="E5"/>
  <move id="208" source="E8" target="E7"/>
  <move id="209" source="E5" target="E6"/>
  <move id="210" source="E7" target="E6"/>
  <move id="211" source="E6" target="E7"/>
  <move id="212" source="A8" target="B8"/>
  <move id="213" source="E7" target="D7"/>
  <move id="214" source="B8" target="B1"/>
  <move id="215" source="D7" target="D8"/>
  <move id="216" source="C3" target="B3"/>
  <move id="217" source="D8" target="D9"/>
  <move id="218" source="B3" target="B2"/>
  <move id="219" source="C2" target="C3"/>
  <move id="220" source="B2" target="B1"/>
  <move id="221" source="C3" target="C4"/>
  <move id="222" source="B1" target="B2"/>
  <move id="223" source="C4" target="D4"/>
  <move id="224" source="B9" target="B8"/>
  <move id="225" source="D4" target="E4"/>
  <move id="226" source="B8" target="C8"/>
  <move id="227" source="I1" target="I2"/>
  <move id="228" source="C8" target="D8"/>
  <move id="229" source="I2" target="I3"/>
  <move id="230" source="D8" target="E8"/>
  <move id="231" source="I3" target="I4"/>
  <move id="232" source="B2" target="C2"/>
  <move id="233" source="I4" target="I5"/>
  <move id="234" source="B:" target="B1"/>
  <move id="235" source="C1" target="B1"/>
  <move id="236" source="C2" target="D2"/>
  <move id="237" source="I5" target="I6"/>
  <move id="238" source="D2" target="E2"/>
  <move id="239" source="I6" target="I7"/>
  <move id="240" source="E2" target="E3"/>
  <move id="241" source="E4" target="D4"/>
  <move id="242" source="C9" target="B9"/>
  <move id="243" source="I7" target="H7"/>
  <move id="244" source="B9" target="B8"/>
  <move id="245" source="H7" target="H8"/>
  <move id="246" source="B8" target="B7"/>
  <move id="247" source="H8" target="G8"/>
  <move id="248" source="B7" target="B6"/>
  <move id="249" source="K9" target="K:"/>
  <move id="250" source="B6" target="B5"/>
  <move id="251" source="K:" target="I:"/>
  <move id="252" source="B5" target="B4"/>
  <move id="253" source="D4" target="C4"/>
  <move id="254" source="B4" target="B3"/>
  <move id="255" source="C4" target="C3"/>
  <move id="256" source="B3" target="B2"/>
  <move id="257" source="A2" target="B2"/>
  <move id="258" source="E3" target="E2"/>
  <move id="259" source="B2" target="B3"/>
  <move id="260" source="E2" target="D2"/>
  <move id="261" source="B3" target="B4"/>
  <move id="262" source="D2" target="C2"/>
  <move id="263" source="B4" target="B5"/>
  <move id="264" source="C2" target="C3"/>
  <move id="265" source="B5" target="B6"/>
  <move id="266" source="G8" target="G7"/>
  <move id="267" source="B6" target="B7"/>
  <move id="268" source="G7" target="F7"/>
  <move id="269" source="G2" target="F2"/>
  <move id="270" source="F7" target="E7"/>
  <move id="271" source="F2" target="F3"/>
  <move id="272" source="E7" target="D7"/>
  <move id="273" source="B7" target="B6"/>
  <move id="274" source="D7" target="C7"/>
  <move id="275" source="B6" target="B5"/>
  <move id="276" source="C7" target="B7"/>
  <move id="277" source="B5" target="B4"/>
  <move id="278" source="B7" target="B6"/>
  <move id="279" source="B4" target="C4"/>
  <move id="280" source="B6" target="B5"/>
  <move id="281" source="C4" target="D4"/>
  <move id="282" source="B5" target="B4"/>
  <move id="283" source="D4" target="E4"/>
  <move id="284" source="A:" target="A9"/>
  <move id="285" source="E4" target="F4"/>
  <move id="286" source="A9" target="A8"/>
  <move id="287" source="F3" target="E3"/>
  <move id="288" source="A8" target="A7"/>
  <move id="289" source="E3" target="E4"/>
  <move id="290" source="A7" target="A6"/>
  <move id="291" source="E4" target="D4"/>
  <move id="292" source="B4" target="B3"/>
  <move id="293" source="D4" target="C4"/>
  <move id="294" source="B3" target="B2"/>
  <move id="295" source="C4" target="B4"/>
  <move id="296" source="B2" target="C2"/>
  <move id="297" source="B4" target="B3"/>
  <move id="298" source="C2" target="D2"/>
  <move id="299" source="B3" target="A3"/>
  <move id="300" source="A6" target="B6"/>
  <move id="301" source="A3" target="A4"/>
  <move id="302" source="D2" target="E2"/>
  <move id="303" source="A4" target="A5"/>
  <move id="304" source="E2" target="E3"/>
  <move id="305" source="D1" target="D2"/>
  <move id="306" source="E8" target="E7"/>
  <move id="307" source="A5" target="A6"/>
  <move id="308" source="B6" target="B7"/>
  <move id="309" source="A6" target="A7"/>
  <move id="310" source="B7" target="C7"/>
  <move id="311" source="A7" target="B7"/>
  <move id="312" source="C7" target="D7"/>
  <move id="313" source="B7" target="C7"/>
  <move id="314" source="G9" target="G8"/>
  <move id="315" source="D2" target="C2"/>
  <move id="316" source="G8" target="G7"/>
  <move id="317" source="C2" target="C3"/>
  <move id="318" source="G:" target="G9"/>
  <move id="319" source="C3" target="B3"/>
  <move id="320" source="G9" target="G8"/>
  <move id="321" source="B3" target="B4"/>
  <move id="322" source="G8" target="F8"/>
  <move id="323" source="B4" target="B5"/>
  <move id="324" source="F8" target="E8"/>
  <move id="325" source="B5" target="B6"/>
  <move id="326" source="E8" target="D8"/>
  <move id="327" source="B6" target="B7"/>
  <move id="328" source="D8" target="C8"/>
  <move id="329" source="B7" target="A7"/>
  <move id="330" source="C8" target="C7"/>
  <move id="331" source="A7" target="B7"/>
  <move id="332" source="H:" target="H9"/>
  <move id="333" source="B7" target="C7"/>
  <move id="334" source="H9" target="H8"/>
  <move id="335" source="C7" target="C8"/>
  <move id="336" source="H8" target="I8"/>
  <move id="337" source="F4" target="E4"/>
  <move id="338" source="E3" target="E4"/>
  <move id="339" source="C8" target="D8"/>
  <move id="340" source="G7" target="F7"/>
  <move id="341" source="D8" target="D7"/>
  <move id="342" source="E7" target="D7"/>
  <player id="1">Player 1</player>
  <player id="2">Player 2</player>
  <result type="0" winner="2"/>
 </game>
</stratego>