<?xml version="1.0" encoding="UTF-8"?>
<stratego>
 <game type="classic">
  
  <field content="BGMHIEIDDDFBBBDHDJEEHFEGBJCEDDFGDBGFKLIHAA__AA__AAAA__AA__AARPPOUTSPUPPSUPXVPRWTQRVTSPQTSQNNQYNQNNRN"/>
  <move id="1" source="K4" target="K5"/>
  <move id="2" source="K7" target="K6"/>
  <move id="3" source="K5" target="K6"/>
  <move id="4" source="I7" target="K7"/>
  <move id="5" source="K6" target="K7"/>
  <move id="6" source="H7" target="I7"/>
  <move id="7" source="I4" target="K4"/>
  <move id="8" source="I7" target="I6"/>
  <move id="9" source="H4" target="I4"/>
  <move id="10" source="K7" target="I7"/>
  <move id="11" source="K4" target="K5"/>
  <move id="12" source="B7" target="B4"/>
  <move id="13" source="I4" target="H4"/>
  <move id="14" source="B8" target="B7"/>
  <move id="15" source="I3" target="I4"/>
  <move id="16" source="B7" target="B6"/>
  <move id="17" source="I4" target="I5"/>
  <move id="18" source="B6" target="B5"/>
  <move id="19" source="K5" target="K6"/>
  <move id="20" source="C7" target="B7"/>
  <move id="21" source="K6" target="I6"/>
  <move id="22" source="I7" target="K7"/>
  <move id="23" source="I5" target="K5"/>
  <move id="24" source="I8" target="I7"/>
  <move id="25" source="I6" target="I5"/>
  <move id="26" source="I7" target="I6"/>
  <move id="27" source="I5" target="I4"/>
  <move id="28" source="I6" target="I5"/>
  <move id="29" source="I4" target="I3"/>
  <move id="30" source="I5" target="I4"/>
  <move id="31" source="I3" target="I4"/>
  <move id="32" source="K7" target="I7"/>
  <move id="33" source="H4" target="I4"/>
  <move id="34" source="I7" target="H7"/>
  <move id="35" source="I4" target="I5"/>
  <move id="36" source="H8" target="I8"/>
  <move id="37" source="I5" target="I6"/>
  <move id="38" source="H7" target="H8"/>
  <move id="39" source="K5" target="K6"/>
  <move id="40" source="E7" target="E6"/>
  <move id="41" source="K6" target="K7"/>
  <move id="42" source="E8" target="E7"/>
  <move id="43" source="K7" target="I7"/>
  <move id="44" source="I8" target="I7"/>
  <move id="45" source="I6" target="I7"/>
  <move id="46" source="E6" target="E5"/>
  <move id="47" source="K3" target="K4"/>
  <move id="48" source="E7" target="E6"/>
  <move id="49" source="K4" target="K8"/>
  <move id="50" source="E5" target="F5"/>
  <move id="51" source="H3" target="H4"/>
  <move id="52" source="E6" target="F6"/>
  <move id="53" source="H2" target="H3"/>
  <move id="54" source="F5" target="F4"/>
  <move id="55" source="F3" target="F4"/>
  <move id="56" source="F6" target="F5"/>
  <move id="57" source="G3" target="F3"/>
  <move id="58" source="F5" target="F4"/>
  <move id="59" source="F3" target="F4"/>
  <move id="60" source="F8" target="E8"/>
  <move id="61" source="F4" target="F3"/>
  <move id="62" source="E8" target="E7"/>
  <move id="63" source="H3" target="I3"/>
  <move id="64" source="E7" target="E6"/>
  <move id="65" source="I3" target="I4"/>
  <move id="66" source="E6" target="E5"/>
  <move id="67" source="I4" target="I5"/>
  <move id="68" source="E5" target="E4"/>
  <move id="69" source="I5" target="K5"/>
  <player id="1">Player 1</player>
  <player id="2">Player 2</player>
  <result type="3" winner="1"/>
 </game>
</stratego>