<?xml version="1.0" encoding="UTF-8"?>
<stratego>
 <game type="classic">
  
  <field content="DEBEDDEEIMFDBFJIHHJBBGLEGFCKGHDDGIDBHFDBAA__AA__AAAA__AA__AATWQQTPRUPPPSPPPPSXNSSURVQTNVNRQQTOUNYNRN"/>
  <move id="1" source="I4" target="I5"/>
  <move id="2" source="F7" target="F4"/>
  <move id="3" source="I3" target="I4"/>
  <move id="4" source="G7" target="F7"/>
  <move id="5" source="E4" target="E5"/>
  <move id="6" source="A7" target="A6"/>
  <move id="7" source="E3" target="E4"/>
  <move id="8" source="A6" target="B6"/>
  <move id="9" source="E2" target="E3"/>
  <move id="10" source="F7" target="F6"/>
  <move id="11" source="B4" target="B6"/>
  <move id="12" source="F6" target="F5"/>
  <move id="13" source="C4" target="B4"/>
  <move id="14" source="F8" target="F7"/>
  <move id="15" source="D4" target="C4"/>
  <move id="16" source="F7" target="F6"/>
  <move id="17" source="I2" target="I3"/>
  <move id="18" source="F6" target="E6"/>
  <move id="19" source="I5" target="K5"/>
  <move id="20" source="F5" target="E5"/>
  <move id="21" source="I4" target="I5"/>
  <move id="22" source="E5" target="F5"/>
  <move id="23" source="I3" target="I4"/>
  <move id="24" source="E6" target="F6"/>
  <move id="25" source="E4" target="E5"/>
  <move id="26" source="H7" target="G7"/>
  <move id="27" source="E3" target="E4"/>
  <move id="28" source="G7" target="F7"/>
  <move id="29" source="F2" target="E2"/>
  <move id="30" source="F6" target="E6"/>
  <move id="31" source="E5" target="F5"/>
  <move id="32" source="F7" target="F6"/>
  <move id="33" source="F5" target="E5"/>
  <move id="34" source="F6" target="F5"/>
  <move id="35" source="F3" target="F2"/>
  <move id="36" source="E6" target="F6"/>
  <move id="37" source="G3" target="F3"/>
  <move id="38" source="E7" target="E6"/>
  <move id="39" source="D3" target="D4"/>
  <move id="40" source="F6" target="F7"/>
  <move id="41" source="I5" target="I6"/>
  <move id="42" source="F7" target="E7"/>
  <move id="43" source="I4" target="I5"/>
  <move id="44" source="E6" target="E5"/>
  <move id="45" source="E4" target="E3"/>
  <move id="46" source="E5" target="E6"/>
  <move id="47" source="D4" target="E4"/>
  <move id="48" source="F5" target="F6"/>
  <move id="49" source="E4" target="E5"/>
  <move id="50" source="F6" target="F7"/>
  <move id="51" source="E5" target="F5"/>
  <move id="52" source="F7" target="G7"/>
  <move id="53" source="F5" target="F6"/>
  <move id="54" source="E8" target="F8"/>
  <move id="55" source="E3" target="E4"/>
  <move id="56" source="F8" target="F7"/>
  <move id="57" source="E4" target="E5"/>
  <move id="58" source="E6" target="F6"/>
  <move id="59" source="E5" target="E4"/>
  <move id="60" source="F7" target="F8"/>
  <move id="61" source="E4" target="E3"/>
  <move id="62" source="F8" target="E8"/>
  <move id="63" source="C3" target="D3"/>
  <move id="64" source="G7" target="F7"/>
  <move id="65" source="D3" target="D4"/>
  <move id="66" source="F7" target="F8"/>
  <move id="67" source="E3" target="E4"/>
  <move id="68" source="H8" target="H7"/>
  <move id="69" source="H4" target="I4"/>
  <move id="70" source="H7" target="G7"/>
  <move id="71" source="H3" target="H4"/>
  <move id="72" source="F6" target="F5"/>
  <move id="73" source="I4" target="I3"/>
  <move id="74" source="G7" target="F7"/>
  <move id="75" source="I3" target="I2"/>
  <move id="76" source="F7" target="F6"/>
  <move id="77" source="G4" target="G3"/>
  <move id="78" source="F6" target="E6"/>
  <move id="79" source="H4" target="G4"/>
  <move id="80" source="E6" target="E5"/>
  <move id="81" source="F3" target="E3"/>
  <move id="82" source="E5" target="E4"/>
  <move id="83" source="E3" target="E4"/>
  <move id="84" source="E7" target="E4"/>
  <move id="85" source="D4" target="D3"/>
  <move id="86" source="E4" target="E7"/>
  <move id="87" source="D3" target="E3"/>
  <move id="88" source="F5" target="F6"/>
  <move id="89" source="E3" target="F3"/>
  <move id="90" source="F6" target="F7"/>
  <move id="91" source="G3" target="H3"/>
  <move id="92" source="F7" target="G7"/>
  <move id="93" source="H3" target="H4"/>
  <move id="94" source="E7" target="E2"/>
  <move id="95" source="B3" target="C3"/>
  <move id="96" source="D7" target="E7"/>
  <move id="97" source="C3" target="D3"/>
  <move id="98" source="E7" target="F7"/>
  <move id="99" source="D3" target="D4"/>
  <move id="100" source="F7" target="F6"/>
  <move id="101" source="D4" target="E4"/>
  <move id="102" source="F6" target="F5"/>
  <move id="103" source="C4" target="D4"/>
  <move id="104" source="A8" target="A4"/>
  <move id="105" source="F3" target="E3"/>
  <move id="106" source="B8" target="A8"/>
  <move id="107" source="D4" target="C4"/>
  <move id="108" source="A8" target="A7"/>
  <move id="109" source="B4" target="A4"/>
  <move id="110" source="A7" target="A6"/>
  <move id="111" source="C4" target="B4"/>
  <move id="112" source="A6" target="A5"/>
  <move id="113" source="B2" target="B3"/>
  <move id="114" source="A5" target="A4"/>
  <move id="115" source="B4" target="C4"/>
  <move id="116" source="C8" target="B8"/>
  <move id="117" source="B3" target="B4"/>
  <move id="118" source="B8" target="A8"/>
  <move id="119" source="A2" target="B2"/>
  <move id="120" source="A8" target="A7"/>
  <move id="121" source="B2" target="B3"/>
  <move id="122" source="A7" target="A6"/>
  <move id="123" source="A1" target="A2"/>
  <move id="124" source="A6" target="A5"/>
  <move id="125" source="A2" target="B2"/>
  <move id="126" source="A5" target="A4"/>
  <move id="127" source="E4" target="E5"/>
  <move id="128" source="F5" target="F4"/>
  <move id="129" source="G4" target="G3"/>
  <move id="130" source="D8" target="D7"/>
  <move id="131" source="H4" target="G4"/>
  <move id="132" source="F4" target="F5"/>
  <move id="133" source="E5" target="F5"/>
  <move id="134" source="D7" target="E7"/>
  <move id="135" source="F5" target="E5"/>
  <move id="136" source="E7" target="E6"/>
  <move id="137" source="E5" target="E4"/>
  <move id="138" source="E6" target="E5"/>
  <move id="139" source="F2" target="F3"/>
  <move id="140" source="E5" target="F5"/>
  <move id="141" source="F3" target="F4"/>
  <move id="142" source="G7" target="F7"/>
  <move id="143" source="E3" target="F3"/>
  <move id="144" source="F7" target="F6"/>
  <move id="145" source="E4" target="E3"/>
  <move id="146" source="F5" target="E5"/>
  <move id="147" source="F4" target="E4"/>
  <move id="148" source="F6" target="F5"/>
  <move id="149" source="G4" target="H4"/>
  <move id="150" source="I7" target="H7"/>
  <move id="151" source="G3" target="G4"/>
  <move id="152" source="H7" target="G7"/>
  <move id="153" source="F3" target="G3"/>
  <move id="154" source="G7" target="F7"/>
  <move id="155" source="F1" target="F5"/>
  <move id="156" source="F5" target="F6"/>
  <move id="157" source="G3" target="F3"/>
  <move id="158" source="F7" target="E7"/>
  <move id="159" source="F3" target="F4"/>
  <move id="160" source="E7" target="D7"/>
  <move id="161" source="E4" target="E5"/>
  <move id="162" source="D7" target="D8"/>
  <move id="163" source="F4" target="E4"/>
  <move id="164" source="F6" target="E6"/>
  <move id="165" source="G4" target="F4"/>
  <move id="166" source="D8" target="C8"/>
  <move id="167" source="F4" target="F5"/>
  <move id="168" source="C8" target="B8"/>
  <move id="169" source="F5" target="F6"/>
  <move id="170" source="E6" target="E7"/>
  <move id="171" source="F6" target="F7"/>
  <move id="172" source="E7" target="D7"/>
  <move id="173" source="F7" target="E7"/>
  <move id="174" source="D7" target="D8"/>
  <move id="175" source="E7" target="D7"/>
  <move id="176" source="D8" target="C8"/>
  <move id="177" source="D7" target="D8"/>
  <move id="178" source="B8" target="A8"/>
  <move id="179" source="D8" target="C8"/>
  <move id="180" source="A8" target="A7"/>
  <move id="181" source="C8" target="D8"/>
  <move id="182" source="A7" target="A8"/>
  <move id="183" source="D8" target="D7"/>
  <move id="184" source="A8" target="B8"/>
  <move id="185" source="D7" target="E7"/>
  <move id="186" source="B8" target="C8"/>
  <move id="187" source="E5" target="E6"/>
  <move id="188" source="C8" target="D8"/>
  <move id="189" source="E7" target="F7"/>
  <move id="190" source="D8" target="D7"/>
  <move id="191" source="E6" target="E7"/>
  <move id="192" source="C7" target="C8"/>
  <move id="193" source="E7" target="D7"/>
  <move id="194" source="B7" target="C7"/>
  <move id="195" source="D7" target="D8"/>
  <move id="196" source="C8" target="B8"/>
  <move id="197" source="D8" target="C8"/>
  <move id="198" source="C9" target="C8"/>
  <move id="199" source="B4" target="A4"/>
  <move id="200" source="C7" target="D7"/>
  <move id="201" source="F7" target="F6"/>
  <move id="202" source="D7" target="E7"/>
  <move id="203" source="F6" target="F5"/>
  <move id="204" source="E7" target="E6"/>
  <move id="205" source="F5" target="F4"/>
  <move id="206" source="E6" target="E5"/>
  <move id="207" source="E4" target="E5"/>
  <move id="208" source="B6" target="B5"/>
  <move id="209" source="F4" target="E4"/>
  <move id="210" source="B5" target="B4"/>
  <move id="211" source="E4" target="D4"/>
  <move id="212" source="H9" target="H8"/>
  <move id="213" source="B3" target="B4"/>
  <move id="214" source="H8" target="H7"/>
  <move id="215" source="D4" target="E4"/>
  <move id="216" source="H7" target="I7"/>
  <move id="217" source="E4" target="F4"/>
  <move id="218" source="I7" target="I6"/>
  <move id="219" source="F4" target="G4"/>
  <move id="220" source="I6" target="I5"/>
  <move id="221" source="C4" target="B4"/>
  <move id="222" source="B8" target="B7"/>
  <move id="223" source="E5" target="E4"/>
  <move id="224" source="B7" target="B6"/>
  <move id="225" source="E4" target="D4"/>
  <move id="226" source="B6" target="A6"/>
  <player id="1">Player 1</player>
  <player id="2">Player 2</player>
  <result type="3" winner="1"/>
 </game>
</stratego>