<?xml version="1.0" encoding="UTF-8"?>
<stratego>
 <game type="classic">
  
  <field content="DEBEDDEEIMFDBFIHIHJBBGKCGFELGHDDGJDBHFDBAA__AA__AAAA__AA__AAPPPPPPRWRPTSRSNTVOVSRPQNTUXNQSQQNTUUNYNQ"/>
  <move id="1" source="B4" target="B5"/>
  <move id="2" source="A7" target="A4"/>
  <move id="3" source="B5" target="A5"/>
  <move id="4" source="A8" target="A7"/>
  <move id="5" source="C4" target="B4"/>
  <move id="6" source="A7" target="A6"/>
  <move id="7" source="A5" target="A4"/>
  <move id="8" source="A6" target="A5"/>
  <move id="9" source="C3" target="C4"/>
  <move id="10" source="A5" target="A4"/>
  <move id="11" source="E4" target="E5"/>
  <move id="12" source="A4" target="A3"/>
  <move id="13" source="B4" target="A4"/>
  <move id="14" source="F7" target="F4"/>
  <move id="15" source="E3" target="E4"/>
  <move id="16" source="K7" target="K4"/>
  <move id="17" source="B3" target="B4"/>
  <move id="18" source="I7" target="I6"/>
  <move id="19" source="B4" target="B5"/>
  <move id="20" source="I6" target="I5"/>
  <move id="21" source="C4" target="B4"/>
  <move id="22" source="I5" target="I4"/>
  <move id="23" source="I3" target="I4"/>
  <move id="24" source="K8" target="K7"/>
  <move id="25" source="I2" target="I3"/>
  <move id="26" source="K7" target="I7"/>
  <move id="27" source="I4" target="I5"/>
  <move id="28" source="I7" target="I6"/>
  <move id="29" source="I3" target="I4"/>
  <move id="30" source="I6" target="I5"/>
  <move id="31" source="I4" target="I3"/>
  <move id="32" source="F8" target="F7"/>
  <move id="33" source="H4" target="I4"/>
  <move id="34" source="F7" target="F6"/>
  <move id="35" source="I4" target="I5"/>
  <move id="36" source="F6" target="F5"/>
  <move id="37" source="I3" target="I4"/>
  <move id="38" source="F5" target="E5"/>
  <move id="39" source="H3" target="H4"/>
  <move id="40" source="E5" target="E4"/>
  <move id="41" source="D4" target="E4"/>
  <move id="42" source="E7" target="E6"/>
  <move id="43" source="E4" target="D4"/>
  <move id="44" source="E6" target="E5"/>
  <move id="45" source="F3" target="E3"/>
  <move id="46" source="E5" target="E4"/>
  <move id="47" source="G3" target="F3"/>
  <move id="48" source="E4" target="E5"/>
  <move id="49" source="E3" target="E4"/>
  <move id="50" source="E5" target="E6"/>
  <move id="51" source="F3" target="E3"/>
  <move id="52" source="K9" target="K8"/>
  <move id="53" source="H2" target="I2"/>
  <move id="54" source="K8" target="K7"/>
  <move id="55" source="H1" target="H2"/>
  <move id="56" source="K7" target="I7"/>
  <move id="57" source="H2" target="H3"/>
  <move id="58" source="I7" target="I6"/>
  <move id="59" source="I2" target="H2"/>
  <move id="60" source="I6" target="I5"/>
  <move id="61" source="I4" target="I5"/>
  <move id="62" source="H7" target="I7"/>
  <move id="63" source="I5" target="I4"/>
  <move id="64" source="I7" target="K7"/>
  <move id="65" source="I4" target="I3"/>
  <move id="66" source="G7" target="H7"/>
  <move id="67" source="I3" target="I2"/>
  <move id="68" source="H7" target="I7"/>
  <move id="69" source="H3" target="I3"/>
  <move id="70" source="I7" target="I6"/>
  <move id="71" source="I3" target="I4"/>
  <move id="72" source="I6" target="I5"/>
  <move id="73" source="E3" target="F3"/>
  <move id="74" source="I5" target="I4"/>
  <move id="75" source="H4" target="H3"/>
  <move id="76" source="I4" target="H4"/>
  <move id="77" source="G4" target="H4"/>
  <move id="78" source="D7" target="E7"/>
  <move id="79" source="F3" target="G3"/>
  <move id="80" source="E7" target="F7"/>
  <move id="81" source="G3" target="G4"/>
  <move id="82" source="F7" target="G7"/>
  <move id="83" source="H4" target="I4"/>
  <move id="84" source="G7" target="H7"/>
  <move id="85" source="H3" target="H4"/>
  <move id="86" source="H7" target="I7"/>
  <move id="87" source="B4" target="C4"/>
  <move id="88" source="I7" target="I4"/>
  <move id="89" source="I4" target="I3"/>
  <move id="90" source="F9" target="F8"/>
  <move id="91" source="D3" target="E3"/>
  <move id="92" source="F8" target="F7"/>
  <move id="93" source="D4" target="D3"/>
  <move id="94" source="F7" target="G7"/>
  <move id="95" source="C4" target="D4"/>
  <move id="96" source="G7" target="H7"/>
  <move id="97" source="E3" target="F3"/>
  <move id="98" source="H7" target="I7"/>
  <move id="99" source="F3" target="G3"/>
  <move id="100" source="I7" target="I6"/>
  <move id="101" source="G3" target="H3"/>
  <move id="102" source="I6" target="I5"/>
  <move id="103" source="I3" target="I4"/>
  <move id="104" source="I5" target="I4"/>
  <move id="105" source="H4" target="I4"/>
  <move id="106" source="K7" target="I7"/>
  <move id="107" source="I4" target="H4"/>
  <move id="108" source="I7" target="H7"/>
  <move id="109" source="H3" target="G3"/>
  <move id="110" source="H7" target="G7"/>
  <move id="111" source="G3" target="F3"/>
  <move id="112" source="G7" target="F7"/>
  <move id="113" source="F3" target="E3"/>
  <move id="114" source="F7" target="F6"/>
  <move id="115" source="H4" target="H3"/>
  <move id="116" source="F6" target="F5"/>
  <move id="117" source="H3" target="G3"/>
  <move id="118" source="F5" target="E5"/>
  <move id="119" source="G3" target="F3"/>
  <move id="120" source="E5" target="E4"/>
  <move id="121" source="D4" target="E4"/>
  <move id="122" source="I8" target="I7"/>
  <move id="123" source="D3" target="D4"/>
  <move id="124" source="I7" target="I6"/>
  <move id="125" source="F3" target="G3"/>
  <move id="126" source="I6" target="I5"/>
  <move id="127" source="G3" target="H3"/>
  <move id="128" source="I5" target="I4"/>
  <move id="129" source="G4" target="H4"/>
  <move id="130" source="G8" target="F8"/>
  <move id="131" source="H4" target="I4"/>
  <move id="132" source="F8" target="F7"/>
  <move id="133" source="I2" target="I3"/>
  <move id="134" source="F7" target="F6"/>
  <move id="135" source="I3" target="I4"/>
  <move id="136" source="F6" target="F5"/>
  <move id="137" source="D4" target="E4"/>
  <move id="138" source="F5" target="E5"/>
  <move id="139" source="H3" target="G3"/>
  <move id="140" source="E5" target="E4"/>
  <move id="141" source="E3" target="D3"/>
  <move id="142" source="E6" target="E5"/>
  <move id="143" source="E2" target="E3"/>
  <move id="144" source="E5" target="E4"/>
  <move id="145" source="E3" target="E4"/>
  <move id="146" source="F:" target="F9"/>
  <move id="147" source="H2" target="H1"/>
  <move id="148" source="F9" target="F8"/>
  <move id="149" source="G3" target="F3"/>
  <move id="150" source="F8" target="F7"/>
  <move id="151" source="G2" target="H2"/>
  <move id="152" source="F7" target="G7"/>
  <move id="153" source="F3" target="G3"/>
  <move id="154" source="G7" target="H7"/>
  <move id="155" source="G3" target="G4"/>
  <move id="156" source="H7" target="I7"/>
  <move id="157" source="H2" target="H3"/>
  <move id="158" source="C7" target="D7"/>
  <move id="159" source="H3" target="G3"/>
  <move id="160" source="D7" target="E7"/>
  <move id="161" source="G3" target="F3"/>
  <move id="162" source="E7" target="E6"/>
  <move id="163" source="D3" target="D4"/>
  <move id="164" source="E6" target="E5"/>
  <move id="165" source="F3" target="E3"/>
  <move id="166" source="I7" target="K7"/>
  <move id="167" source="F2" target="F3"/>
  <move id="168" source="B7" target="C7"/>
  <move id="169" source="E3" target="D3"/>
  <move id="170" source="C7" target="D7"/>
  <move id="171" source="B5" target="B4"/>
  <move id="172" source="D7" target="E7"/>
  <move id="173" source="B4" target="C4"/>
  <move id="174" source="E7" target="F7"/>
  <move id="175" source="F3" target="E3"/>
  <move id="176" source="F7" target="G7"/>
  <move id="177" source="E3" target="F3"/>
  <move id="178" source="G7" target="H7"/>
  <move id="179" source="D3" target="E3"/>
  <move id="180" source="H7" target="I7"/>
  <move id="181" source="G4" target="H4"/>
  <move id="182" source="I7" target="I6"/>
  <move id="183" source="F1" target="F2"/>
  <move id="184" source="I6" target="I5"/>
  <move id="185" source="F2" target="G2"/>
  <move id="186" source="I5" target="I4"/>
  <move id="187" source="H4" target="I4"/>
  <move id="188" source="K7" target="K6"/>
  <move id="189" source="I1" target="I2"/>
  <move id="190" source="E:" target="F:"/>
  <move id="191" source="I2" target="I3"/>
  <move id="192" source="F:" target="F9"/>
  <move id="193" source="G2" target="H2"/>
  <move id="194" source="F9" target="F8"/>
  <move id="195" source="I3" target="H3"/>
  <move id="196" source="F8" target="F7"/>
  <move id="197" source="H3" target="G3"/>
  <move id="198" source="F7" target="E7"/>
  <move id="199" source="H2" target="H3"/>
  <move id="200" source="E7" target="D7"/>
  <move id="201" source="I4" target="H4"/>
  <move id="202" source="D7" target="C7"/>
  <move id="203" source="E3" target="D3"/>
  <move id="204" source="C7" target="B7"/>
  <move id="205" source="D3" target="C3"/>
  <move id="206" source="B7" target="A7"/>
  <move id="207" source="B2" target="B3"/>
  <move id="208" source="A7" target="A6"/>
  <move id="209" source="B3" target="B4"/>
  <move id="210" source="A6" target="A5"/>
  <move id="211" source="C3" target="B3"/>
  <move id="212" source="A5" target="A4"/>
  <move id="213" source="B4" target="B5"/>
  <move id="214" source="A4" target="A5"/>
  <move id="215" source="B5" target="B6"/>
  <move id="216" source="A5" target="A6"/>
  <move id="217" source="B6" target="B7"/>
  <move id="218" source="A6" target="A7"/>
  <move id="219" source="B7" target="C7"/>
  <move id="220" source="E5" target="E6"/>
  <move id="221" source="C7" target="E7"/>
  <move id="222" source="A7" target="B7"/>
  <move id="223" source="E7" target="E6"/>
  <move id="224" source="B7" target="B6"/>
  <move id="225" source="A2" target="B2"/>
  <move id="226" source="B6" target="B5"/>
  <move id="227" source="D4" target="D3"/>
  <move id="228" source="B5" target="B4"/>
  <move id="229" source="B3" target="B4"/>
  <move id="230" source="K6" target="I6"/>
  <move id="231" source="H3" target="I3"/>
  <move id="232" source="I6" target="I5"/>
  <move id="233" source="I3" target="I4"/>
  <move id="234" source="I5" target="I6"/>
  <move id="235" source="I4" target="I5"/>
  <move id="236" source="I6" target="I7"/>
  <move id="237" source="I5" target="I6"/>
  <move id="238" source="I7" target="H7"/>
  <move id="239" source="I6" target="I7"/>
  <move id="240" source="H7" target="G7"/>
  <move id="241" source="I7" target="H7"/>
  <move id="242" source="G7" target="F7"/>
  <move id="243" source="H7" target="G7"/>
  <move id="244" source="F7" target="F8"/>
  <move id="245" source="G7" target="F7"/>
  <move id="246" source="F8" target="F9"/>
  <move id="247" source="F7" target="F8"/>
  <move id="248" source="F9" target="F:"/>
  <move id="249" source="F8" target="F9"/>
  <move id="250" source="G9" target="F9"/>
  <move id="251" source="D3" target="E3"/>
  <move id="252" source="F9" target="F8"/>
  <move id="253" source="G3" target="G2"/>
  <move id="254" source="F8" target="F7"/>
  <move id="255" source="G2" target="F2"/>
  <move id="256" source="F7" target="F6"/>
  <move id="257" source="F2" target="E2"/>
  <move id="258" source="F6" target="E6"/>
  <move id="259" source="E4" target="D4"/>
  <move id="260" source="E6" target="F6"/>
  <move id="261" source="E3" target="D3"/>
  <move id="262" source="F6" target="F5"/>
  <move id="263" source="E2" target="E3"/>
  <move id="264" source="F5" target="E5"/>
  <move id="265" source="C4" target="B4"/>
  <move id="266" source="E5" target="F5"/>
  <move id="267" source="D4" target="C4"/>
  <move id="268" source="F5" target="E5"/>
  <move id="269" source="D3" target="D4"/>
  <move id="270" source="E5" target="E6"/>
  <move id="271" source="E3" target="E4"/>
  <move id="272" source="E6" target="E7"/>
  <move id="273" source="B4" target="B3"/>
  <move id="274" source="E7" target="D7"/>
  <move id="275" source="B3" target="C3"/>
  <move id="276" source="D7" target="C7"/>
  <move id="277" source="E4" target="E5"/>
  <move id="278" source="C7" target="B7"/>
  <move id="279" source="D4" target="D3"/>
  <move id="280" source="B7" target="B6"/>
  <move id="281" source="C4" target="D4"/>
  <move id="282" source="B6" target="B5"/>
  <move id="283" source="C3" target="C4"/>
  <move id="284" source="B5" target="B4"/>
  <move id="285" source="D3" target="C3"/>
  <move id="286" source="B8" target="B7"/>
  <move id="287" source="E5" target="E6"/>
  <move id="288" source="B7" target="B6"/>
  <move id="289" source="E6" target="E7"/>
  <move id="290" source="B6" target="B5"/>
  <move id="291" source="B2" target="B3"/>
  <move id="292" source="B4" target="A4"/>
  <move id="293" source="C3" target="D3"/>
  <move id="294" source="B5" target="B4"/>
  <move id="295" source="B3" target="C3"/>
  <move id="296" source="B4" target="B3"/>
  <move id="297" source="D3" target="E3"/>
  <move id="298" source="A4" target="B4"/>
  <move id="299" source="C3" target="B3"/>
  <move id="300" source="B4" target="C4"/>
  <move id="301" source="D4" target="D3"/>
  <move id="302" source="C4" target="C3"/>
  <move id="303" source="E7" target="E6"/>
  <move id="304" source="B3" target="B2"/>
  <move id="305" source="E6" target="E5"/>
  <move id="306" source="B2" target="A2"/>
  <move id="307" source="D3" target="D4"/>
  <move id="308" source="A2" target="A1"/>
  <move id="309" source="F3" target="G3"/>
  <move id="310" source="A1" target="B1"/>
  <move id="311" source="D4" target="D3"/>
  <move id="312" source="B1" target="B2"/>
  <move id="313" source="H4" target="G4"/>
  <move id="314" source="B2" target="C2"/>
  <move id="315" source="G3" target="H3"/>
  <move id="316" source="B9" target="B1"/>
  <move id="317" source="G4" target="G3"/>
  <move id="318" source="B1" target="C1"/>
  <move id="319" source="E5" target="F5"/>
  <move id="320" source="C9" target="B9"/>
  <move id="321" source="G3" target="F3"/>
  <move id="322" source="B9" target="B8"/>
  <move id="323" source="D3" target="D4"/>
  <move id="324" source="B8" target="B7"/>
  <move id="325" source="E3" target="E4"/>
  <move id="326" source="B7" target="B6"/>
  <move id="327" source="F3" target="E3"/>
  <move id="328" source="B6" target="B5"/>
  <move id="329" source="E3" target="D3"/>
  <move id="330" source="B5" target="B4"/>
  <move id="331" source="D3" target="C3"/>
  <move id="332" source="B4" target="B3"/>
  <move id="333" source="D4" target="D3"/>
  <move id="334" source="B3" target="B2"/>
  <move id="335" source="F5" target="F6"/>
  <move id="336" source="B2" target="B1"/>
  <move id="337" source="F6" target="F7"/>
  <move id="338" source="B1" target="C1"/>
  <move id="339" source="F7" target="G7"/>
  <move id="340" source="C1" target="D1"/>
  <move id="341" source="G7" target="H7"/>
  <move id="342" source="F:" target="F9"/>
  <move id="343" source="E4" target="E5"/>
  <move id="344" source="F9" target="F8"/>
  <move id="345" source="E5" target="E6"/>
  <move id="346" source="F8" target="F7"/>
  <move id="347" source="E6" target="F6"/>
  <move id="348" source="F7" target="F6"/>
  <move id="349" source="H3" target="G3"/>
  <move id="350" source="F6" target="F5"/>
  <move id="351" source="G3" target="F3"/>
  <move id="352" source="H8" target="H7"/>
  <move id="353" source="G1" target="G2"/>
  <move id="354" source="F5" target="E5"/>
  <move id="355" source="D3" target="D4"/>
  <move id="356" source="E5" target="E4"/>
  <move id="357" source="D4" target="E4"/>
  <move id="358" source="I9" target="K9"/>
  <move id="359" source="H7" target="I7"/>
  <move id="360" source="K9" target="K8"/>
  <move id="361" source="G2" target="G3"/>
  <move id="362" source="E9" target="F9"/>
  <move id="363" source="I7" target="H7"/>
  <move id="364" source="F9" target="F8"/>
  <move id="365" source="H7" target="G7"/>
  <move id="366" source="K8" target="K7"/>
  <move id="367" source="G3" target="G4"/>
  <move id="368" source="K7" target="I7"/>
  <move id="369" source="F3" target="G3"/>
  <move id="370" source="C8" target="B8"/>
  <move id="371" source="G3" target="H3"/>
  <move id="372" source="I7" target="K7"/>
  <move id="373" source="H3" target="I3"/>
  <move id="374" source="B8" target="B7"/>
  <move id="375" source="I3" target="I4"/>
  <move id="376" source="B7" target="B6"/>
  <move id="377" source="I4" target="I5"/>
  <move id="378" source="B6" target="B5"/>
  <move id="379" source="H1" target="G1"/>
  <move id="380" source="B5" target="B4"/>
  <move id="381" source="G1" target="G2"/>
  <move id="382" source="B4" target="B3"/>
  <move id="383" source="G2" target="F2"/>
  <move id="384" source="B3" target="B2"/>
  <move id="385" source="F2" target="E2"/>
  <move id="386" source="B2" target="B1"/>
  <move id="387" source="D2" target="D3"/>
  <move id="388" source="B1" target="C1"/>
  <move id="389" source="E2" target="D2"/>
  <move id="390" source="C1" target="B1"/>
  <move id="391" source="D3" target="E3"/>
  <move id="392" source="D8" target="D7"/>
  <move id="393" source="I5" target="I6"/>
  <move id="394" source="D7" target="C7"/>
  <move id="395" source="I6" target="I7"/>
  <move id="396" source="K7" target="K6"/>
  <move id="397" source="I7" target="K7"/>
  <move id="398" source="K6" target="K5"/>
  <move id="399" source="K7" target="K6"/>
  <move id="400" source="K5" target="K4"/>
  <move id="401" source="K3" target="K4"/>
  <move id="402" source="C7" target="B7"/>
  <move id="403" source="K4" target="I4"/>
  <move id="404" source="B7" target="B6"/>
  <move id="405" source="I4" target="I3"/>
  <move id="406" source="B6" target="B5"/>
  <move id="407" source="I3" target="H3"/>
  <move id="408" source="B5" target="B4"/>
  <move id="409" source="H3" target="G3"/>
  <move id="410" source="B4" target="C4"/>
  <move id="411" source="G3" target="F3"/>
  <move id="412" source="C4" target="D4"/>
  <move id="413" source="E3" target="E2"/>
  <move id="414" source="D4" target="D3"/>
  <move id="415" source="F3" target="F2"/>
  <move id="416" source="D3" target="D2"/>
  <move id="417" source="G4" target="H4"/>
  <move id="418" source="B1" target="B2"/>
  <move id="419" source="H4" target="I4"/>
  <move id="420" source="B2" target="B3"/>
  <move id="421" source="E1" target="F1"/>
  <move id="422" source="B3" target="B4"/>
  <move id="423" source="F1" target="G1"/>
  <move id="424" source="B4" target="B5"/>
  <move id="425" source="G1" target="G2"/>
  <move id="426" source="B5" target="B6"/>
  <move id="427" source="G2" target="H2"/>
  <move id="428" source="B6" target="B5"/>
  <move id="429" source="H2" target="I2"/>
  <move id="430" source="B5" target="B4"/>
  <move id="431" source="I4" target="H4"/>
  <move id="432" source="B4" target="B5"/>
  <move id="433" source="I2" target="I3"/>
  <move id="434" source="B5" target="B6"/>
  <move id="435" source="I3" target="I4"/>
  <move id="436" source="B6" target="B7"/>
  <move id="437" source="I4" target="I5"/>
  <move id="438" source="B7" target="C7"/>
  <move id="439" source="I5" target="I6"/>
  <move id="440" source="C7" target="D7"/>
  <move id="441" source="F2" target="F3"/>
  <move id="442" source="D7" target="E7"/>
  <move id="443" source="I6" target="I7"/>
  <move id="444" source="E7" target="E6"/>
  <move id="445" source="I7" target="H7"/>
  <move id="446" source="E6" target="E7"/>
  <move id="447" source="H7" target="H8"/>
  <move id="448" source="E7" target="D7"/>
  <move id="449" source="H8" target="H9"/>
  <move id="450" source="D7" target="C7"/>
  <move id="451" source="E2" target="F2"/>
  <move id="452" source="C7" target="B7"/>
  <move id="453" source="F2" target="G2"/>
  <move id="454" source="B7" target="B6"/>
  <move id="455" source="G2" target="H2"/>
  <move id="456" source="B6" target="B5"/>
  <move id="457" source="H2" target="I2"/>
  <move id="458" source="B5" target="B4"/>
  <move id="459" source="I2" target="I3"/>
  <move id="460" source="B4" target="C4"/>
  <move id="461" source="I3" target="I4"/>
  <move id="462" source="C4" target="D4"/>
  <move id="463" source="I4" target="I5"/>
  <move id="464" source="D4" target="E4"/>
  <move id="465" source="I5" target="I6"/>
  <move id="466" source="E4" target="D4"/>
  <move id="467" source="I6" target="I7"/>
  <move id="468" source="D4" target="C4"/>
  <move id="469" source="K6" target="K7"/>
  <move id="470" source="C4" target="B4"/>
  <move id="471" source="I7" target="I8"/>
  <move id="472" source="B4" target="A4"/>
  <move id="473" source="I8" target="K8"/>
  <move id="474" source="A4" target="A5"/>
  <move id="475" source="K7" target="I7"/>
  <move id="476" source="A5" target="B5"/>
  <move id="477" source="I7" target="I8"/>
  <move id="478" source="B5" target="B4"/>
  <move id="479" source="I8" target="I9"/>
  <move id="480" source="B4" target="B3"/>
  <move id="481" source="K8" target="K9"/>
  <move id="482" source="B3" target="B2"/>
  <move id="483" source="K9" target="K:"/>
  <move id="484" source="B2" target="B1"/>
  <move id="485" source="D2" target="D1"/>
  <move id="486" source="B1" target="B2"/>
  <move id="487" source="K:" target="K9"/>
  <move id="488" source="B2" target="B3"/>
  <move id="489" source="K9" target="K8"/>
  <move id="490" source="B3" target="B4"/>
  <move id="491" source="H4" target="I4"/>
  <move id="492" source="B4" target="B5"/>
  <move id="493" source="I4" target="I5"/>
  <move id="494" source="B5" target="B6"/>
  <move id="495" source="I5" target="I6"/>
  <move id="496" source="B6" target="B7"/>
  <move id="497" source="K8" target="K7"/>
  <move id="498" source="B7" target="C7"/>
  <move id="499" source="K7" target="K6"/>
  <move id="500" source="C7" target="D7"/>
  <move id="501" source="K6" target="K5"/>
  <move id="502" source="D7" target="E7"/>
  <move id="503" source="I9" target="I8"/>
  <move id="504" source="E7" target="F7"/>
  <move id="505" source="I8" target="H8"/>
  <move id="506" source="F7" target="E7"/>
  <move id="507" source="F3" target="E3"/>
  <move id="508" source="E7" target="D7"/>
  <move id="509" source="E3" target="E4"/>
  <move id="510" source="D7" target="C7"/>
  <move id="511" source="D1" target="D2"/>
  <move id="512" source="C7" target="B7"/>
  <move id="513" source="D2" target="D3"/>
  <move id="514" source="B7" target="B6"/>
  <move id="515" source="D3" target="C3"/>
  <move id="516" source="B6" target="B5"/>
  <move id="517" source="C3" target="C4"/>
  <move id="518" source="B5" target="B6"/>
  <move id="519" source="C4" target="B4"/>
  <move id="520" source="B6" target="B7"/>
  <move id="521" source="B4" target="B5"/>
  <move id="522" source="B7" target="C7"/>
  <move id="523" source="E4" target="E5"/>
  <move id="524" source="C7" target="C8"/>
  <move id="525" source="H8" target="G8"/>
  <move id="526" source="C8" target="D8"/>
  <move id="527" source="G8" target="F8"/>
  <move id="528" source="D:" target="E:"/>
  <move id="529" source="G7" target="F7"/>
  <move id="530" source="E:" target="F:"/>
  <move id="531" source="E5" target="E6"/>
  <move id="532" source="F:" target="E:"/>
  <move id="533" source="I6" target="I7"/>
  <move id="534" source="D8" target="C8"/>
  <move id="535" source="B5" target="B6"/>
  <move id="536" source="E:" target="F:"/>
  <move id="537" source="F7" target="F8"/>
  <move id="538" source="F:" target="E:"/>
  <move id="539" source="I7" target="H7"/>
  <move id="540" source="C8" target="D8"/>
  <move id="541" source="H7" target="H8"/>
  <move id="542" source="D8" target="C8"/>
  <move id="543" source="H8" target="H9"/>
  <move id="544" source="C8" target="C9"/>
  <move id="545" source="H9" target="H:"/>
  <player id="1">Player 1</player>
  <player id="2">Player 2</player>
  <result type="1" winner="1"/>
 </game>
</stratego>