<?xml version="1.0" encoding="UTF-8"?>
<stratego>
 <game type="classic">
  
  <field content="DGBHBEGIBMEDFEFJDHCBDHEGBIEKGJDDDFBFLIDHAA__AA__AAAA__AA__AANRVONPSURPSTTQUUPRSPRWTYXQQQSPPVNQNTNNPP"/>
  <move id="1" source="B4" target="B5"/>
  <move id="2" source="F7" target="F6"/>
  <move id="3" source="B3" target="B4"/>
  <move id="4" source="I7" target="I6"/>
  <move id="5" source="B5" target="B6"/>
  <move id="6" source="I8" target="I7"/>
  <move id="7" source="B4" target="B5"/>
  <move id="8" source="G7" target="F7"/>
  <move id="9" source="A4" target="A5"/>
  <move id="10" source="I6" target="K6"/>
  <move id="11" source="A5" target="A6"/>
  <move id="12" source="F6" target="E6"/>
  <move id="13" source="B5" target="A5"/>
  <move id="14" source="F7" target="F6"/>
  <move id="15" source="F4" target="F5"/>
  <move id="16" source="F8" target="F7"/>
  <move id="17" source="F3" target="F4"/>
  <move id="18" source="I7" target="I6"/>
  <move id="19" source="F5" target="E5"/>
  <move id="20" source="I6" target="I5"/>
  <move id="21" source="F4" target="F5"/>
  <move id="22" source="K6" target="K5"/>
  <move id="23" source="I4" target="I5"/>
  <move id="24" source="K5" target="K4"/>
  <move id="25" source="I3" target="I4"/>
  <move id="26" source="I5" target="I6"/>
  <move id="27" source="I4" target="I5"/>
  <move id="28" source="I6" target="I7"/>
  <move id="29" source="I5" target="I6"/>
  <move id="30" source="H8" target="I8"/>
  <move id="31" source="I6" target="I7"/>
  <move id="32" source="G8" target="H8"/>
  <move id="33" source="H4" target="I4"/>
  <move id="34" source="E8" target="F8"/>
  <move id="35" source="I4" target="I3"/>
  <move id="36" source="F8" target="G8"/>
  <move id="37" source="I3" target="I4"/>
  <move id="38" source="G8" target="G7"/>
  <move id="39" source="I2" target="I3"/>
  <move id="40" source="D8" target="E8"/>
  <move id="41" source="I4" target="I5"/>
  <move id="42" source="E8" target="F8"/>
  <move id="43" source="I3" target="I4"/>
  <move id="44" source="C8" target="D8"/>
  <move id="45" source="I5" target="I6"/>
  <move id="46" source="I8" target="I7"/>
  <move id="47" source="I4" target="I5"/>
  <move id="48" source="H8" target="I8"/>
  <move id="49" source="K4" target="K5"/>
  <move id="50" source="C9" target="C8"/>
  <move id="51" source="G3" target="F3"/>
  <move id="52" source="D8" target="E8"/>
  <move id="53" source="A6" target="A7"/>
  <move id="54" source="F8" target="G8"/>
  <move id="55" source="A5" target="A6"/>
  <move id="56" source="E8" target="F8"/>
  <move id="57" source="B6" target="B7"/>
  <move id="58" source="G8" target="H8"/>
  <move id="59" source="A6" target="B6"/>
  <move id="60" source="F8" target="G8"/>
  <move id="61" source="K5" target="K6"/>
  <move id="62" source="F6" target="F5"/>
  <move id="63" source="F5" target="F4"/>
  <move id="64" source="E6" target="F6"/>
  <move id="65" source="E5" target="F5"/>
  <move id="66" source="C8" target="D8"/>
  <move id="67" source="F3" target="G3"/>
  <move id="68" source="D8" target="E8"/>
  <move id="69" source="H3" target="I3"/>
  <move id="70" source="G8" target="F8"/>
  <move id="71" source="I3" target="I4"/>
  <move id="72" source="H8" target="G8"/>
  <move id="73" source="I4" target="K4"/>
  <move id="74" source="F6" target="E6"/>
  <move id="75" source="K4" target="K5"/>
  <move id="76" source="F7" target="F6"/>
  <move id="77" source="G3" target="H3"/>
  <move id="78" source="F6" target="F5"/>
  <move id="79" source="F4" target="F5"/>
  <move id="80" source="F8" target="F7"/>
  <move id="81" source="G2" target="G3"/>
  <move id="82" source="F7" target="F6"/>
  <move id="83" source="G3" target="F3"/>
  <move id="84" source="E8" target="F8"/>
  <move id="85" source="F3" target="F4"/>
  <move id="86" source="G8" target="H8"/>
  <move id="87" source="H3" target="I3"/>
  <move id="88" source="F8" target="G8"/>
  <move id="89" source="I3" target="I2"/>
  <move id="90" source="G8" target="F8"/>
  <move id="91" source="F4" target="F5"/>
  <move id="92" source="F8" target="F7"/>
  <move id="93" source="F5" target="F6"/>
  <move id="94" source="F7" target="F8"/>
  <move id="95" source="I5" target="I4"/>
  <move id="96" source="F8" target="G8"/>
  <move id="97" source="I6" target="I5"/>
  <move id="98" source="F6" target="F7"/>
  <move id="99" source="I4" target="H4"/>
  <move id="100" source="E6" target="F6"/>
  <move id="101" source="I5" target="I4"/>
  <move id="102" source="F7" target="F8"/>
  <move id="103" source="I4" target="I3"/>
  <move id="104" source="F8" target="E8"/>
  <move id="105" source="I3" target="H3"/>
  <move id="106" source="E8" target="D8"/>
  <move id="107" source="H3" target="G3"/>
  <move id="108" source="D8" target="C8"/>
  <move id="109" source="G3" target="F3"/>
  <move id="110" source="F6" target="F5"/>
  <move id="111" source="K5" target="I5"/>
  <move id="112" source="C8" target="C9"/>
  <move id="113" source="K6" target="K5"/>
  <move id="114" source="G8" target="F8"/>
  <move id="115" source="K5" target="K4"/>
  <move id="116" source="F8" target="E8"/>
  <move id="117" source="K4" target="I4"/>
  <move id="118" source="H8" target="G8"/>
  <move id="119" source="I4" target="I3"/>
  <move id="120" source="G8" target="F8"/>
  <move id="121" source="I3" target="H3"/>
  <move id="122" source="F8" target="F7"/>
  <move id="123" source="F3" target="G3"/>
  <move id="124" source="F7" target="F8"/>
  <move id="125" source="G3" target="G2"/>
  <move id="126" source="F8" target="G8"/>
  <move id="127" source="H3" target="G3"/>
  <move id="128" source="C9" target="C8"/>
  <move id="129" source="G3" target="F3"/>
  <move id="130" source="C8" target="D8"/>
  <move id="131" source="F3" target="F4"/>
  <move id="132" source="F5" target="F6"/>
  <move id="133" source="F4" target="F3"/>
  <move id="134" source="E8" target="F8"/>
  <move id="135" source="F3" target="F4"/>
  <move id="136" source="G8" target="H8"/>
  <move id="137" source="H4" target="I4"/>
  <move id="138" source="D8" target="E8"/>
  <move id="139" source="I4" target="H4"/>
  <move id="140" source="G7" target="F7"/>
  <move id="141" source="G4" target="G3"/>
  <move id="142" source="F8" target="G8"/>
  <move id="143" source="G3" target="H3"/>
  <move id="144" source="G8" target="G7"/>
  <move id="145" source="H3" target="I3"/>
  <move id="146" source="F7" target="F8"/>
  <move id="147" source="G2" target="G3"/>
  <move id="148" source="F8" target="G8"/>
  <move id="149" source="G3" target="G4"/>
  <move id="150" source="E8" target="F8"/>
  <move id="151" source="I3" target="H3"/>
  <move id="152" source="F6" target="F7"/>
  <move id="153" source="H3" target="G3"/>
  <move id="154" source="C7" target="C8"/>
  <move id="155" source="G3" target="F3"/>
  <move id="156" source="C8" target="D8"/>
  <move id="157" source="H2" target="H3"/>
  <move id="158" source="D8" target="E8"/>
  <move id="159" source="H3" target="I3"/>
  <move id="160" source="F7" target="F6"/>
  <move id="161" source="I3" target="I4"/>
  <move id="162" source="F8" target="F7"/>
  <move id="163" source="I4" target="K4"/>
  <move id="164" source="E8" target="F8"/>
  <move id="165" source="G4" target="G3"/>
  <move id="166" source="B7" target="C7"/>
  <move id="167" source="G3" target="G2"/>
  <move id="168" source="B8" target="B7"/>
  <move id="169" source="B6" target="B5"/>
  <move id="170" source="B7" target="B6"/>
  <move id="171" source="B5" target="B4"/>
  <move id="172" source="B6" target="B5"/>
  <move id="173" source="B4" target="B3"/>
  <move id="174" source="F8" target="E8"/>
  <move id="175" source="K4" target="K5"/>
  <move id="176" source="G8" target="F8"/>
  <move id="177" source="K5" target="K6"/>
  <move id="178" source="E8" target="D8"/>
  <move id="179" source="H4" target="H3"/>
  <move id="180" source="D8" target="C8"/>
  <move id="181" source="H3" target="H4"/>
  <move id="182" source="C8" target="B8"/>
  <move id="183" source="H4" target="G4"/>
  <move id="184" source="B8" target="B7"/>
  <move id="185" source="I5" target="K5"/>
  <move id="186" source="B7" target="B6"/>
  <move id="187" source="K6" target="I6"/>
  <move id="188" source="B5" target="A5"/>
  <move id="189" source="K5" target="I5"/>
  <move id="190" source="B6" target="B5"/>
  <move id="191" source="G2" target="G3"/>
  <move id="192" source="A5" target="A4"/>
  <move id="193" source="G1" target="G2"/>
  <move id="194" source="C7" target="C8"/>
  <move id="195" source="G2" target="H2"/>
  <move id="196" source="A4" target="B4"/>
  <move id="197" source="H2" target="H3"/>
  <move id="198" source="C8" target="C7"/>
  <move id="199" source="H3" target="I3"/>
  <move id="200" source="C7" target="B7"/>
  <move id="201" source="I3" target="I4"/>
  <move id="202" source="F8" target="E8"/>
  <move id="203" source="I4" target="K4"/>
  <move id="204" source="D7" target="C7"/>
  <move id="205" source="K4" target="K5"/>
  <move id="206" source="B7" target="B6"/>
  <move id="207" source="K5" target="K6"/>
  <move id="208" source="B6" target="A6"/>
  <move id="209" source="K6" target="K7"/>
  <move id="210" source="I7" target="I6"/>
  <move id="211" source="K7" target="K6"/>
  <move id="212" source="H7" target="I7"/>
  <move id="213" source="K6" target="K5"/>
  <move id="214" source="I7" target="K7"/>
  <move id="215" source="K5" target="K4"/>
  <move id="216" source="K7" target="K6"/>
  <move id="217" source="K4" target="K5"/>
  <move id="218" source="C7" target="B7"/>
  <move id="219" source="K5" target="K6"/>
  <move id="220" source="K6" target="K7"/>
  <move id="221" source="I5" target="I4"/>
  <move id="222" source="K7" target="I7"/>
  <move id="223" source="I6" target="I5"/>
  <move id="224" source="I7" target="I6"/>
  <move id="225" source="I5" target="K5"/>
  <move id="226" source="G7" target="G8"/>
  <move id="227" source="I4" target="H4"/>
  <move id="228" source="I6" target="I5"/>
  <move id="229" source="K5" target="K4"/>
  <move id="230" source="B7" target="B6"/>
  <move id="231" source="K4" target="I4"/>
  <move id="232" source="A6" target="A5"/>
  <move id="233" source="I4" target="I3"/>
  <move id="234" source="G8" target="F8"/>
  <move id="235" source="I3" target="H3"/>
  <move id="236" source="A5" target="A4"/>
  <move id="237" source="H3" target="H2"/>
  <move id="238" source="E8" target="D8"/>
  <move id="239" source="H2" target="G2"/>
  <move id="240" source="D8" target="D7"/>
  <move id="241" source="G2" target="G1"/>
  <move id="242" source="I5" target="I6"/>
  <move id="243" source="G3" target="H3"/>
  <move id="244" source="I6" target="I7"/>
  <move id="245" source="H3" target="I3"/>
  <move id="246" source="I7" target="H7"/>
  <move id="247" source="I3" target="I4"/>
  <move id="248" source="F8" target="E8"/>
  <move id="249" source="I4" target="I5"/>
  <move id="250" source="E8" target="D8"/>
  <move id="251" source="I5" target="I6"/>
  <move id="252" source="I8" target="I7"/>
  <move id="253" source="I6" target="I7"/>
  <move id="254" source="H7" target="I7"/>
  <move id="255" source="G4" target="G3"/>
  <move id="256" source="F7" target="F8"/>
  <move id="257" source="H4" target="H3"/>
  <move id="258" source="F6" target="F7"/>
  <move id="259" source="H3" target="H2"/>
  <move id="260" source="F7" target="G7"/>
  <move id="261" source="G3" target="H3"/>
  <move id="262" source="G7" target="H7"/>
  <move id="263" source="H3" target="H4"/>
  <move id="264" source="H7" target="I7"/>
  <move id="265" source="F2" target="G2"/>
  <move id="266" source="F8" target="F7"/>
  <move id="267" source="G2" target="G3"/>
  <move id="268" source="D8" target="C8"/>
  <move id="269" source="H4" target="H3"/>
  <move id="270" source="C8" target="C7"/>
  <move id="271" source="G3" target="G4"/>
  <move id="272" source="D7" target="D8"/>
  <move id="273" source="G4" target="H4"/>
  <move id="274" source="D8" target="E8"/>
  <move id="275" source="H4" target="I4"/>
  <move id="276" source="E8" target="F8"/>
  <move id="277" source="I4" target="I5"/>
  <move id="278" source="F8" target="G8"/>
  <move id="279" source="H3" target="H4"/>
  <move id="280" source="G8" target="G7"/>
  <move id="281" source="H2" target="H3"/>
  <move id="282" source="G7" target="H7"/>
  <move id="283" source="H3" target="G3"/>
  <move id="284" source="F7" target="F8"/>
  <move id="285" source="G3" target="G4"/>
  <move id="286" source="F8" target="G8"/>
  <move id="287" source="F3" target="G3"/>
  <move id="288" source="F9" target="F8"/>
  <move id="289" source="G3" target="H3"/>
  <move id="290" source="F8" target="F7"/>
  <move id="291" source="H3" target="I3"/>
  <move id="292" source="E9" target="E8"/>
  <move id="293" source="I3" target="I4"/>
  <move id="294" source="E8" target="F8"/>
  <move id="295" source="I4" target="I3"/>
  <move id="296" source="G8" target="G7"/>
  <move id="297" source="I3" target="H3"/>
  <move id="298" source="F8" target="F9"/>
  <move id="299" source="H3" target="G3"/>
  <move id="300" source="H8" target="G8"/>
  <move id="301" source="E2" target="F2"/>
  <move id="302" source="G8" target="F8"/>
  <move id="303" source="F2" target="G2"/>
  <move id="304" source="F8" target="E8"/>
  <move id="305" source="G2" target="H2"/>
  <move id="306" source="E8" target="D8"/>
  <move id="307" source="H2" target="H3"/>
  <move id="308" source="D8" target="C8"/>
  <move id="309" source="H3" target="I3"/>
  <move id="310" source="K8" target="K7"/>
  <move id="311" source="I3" target="I4"/>
  <move id="312" source="K7" target="K6"/>
  <move id="313" source="I4" target="K4"/>
  <move id="314" source="C7" target="B7"/>
  <move id="315" source="K4" target="K5"/>
  <move id="316" source="K6" target="K7"/>
  <move id="317" source="K5" target="K6"/>
  <move id="318" source="K7" target="K8"/>
  <move id="319" source="K6" target="K7"/>
  <move id="320" source="K8" target="I8"/>
  <move id="321" source="K7" target="K8"/>
  <move id="322" source="I8" target="H8"/>
  <move id="323" source="K8" target="K9"/>
  <move id="324" source="I9" target="K9"/>
  <move id="325" source="G3" target="H3"/>
  <move id="326" source="H8" target="I8"/>
  <move id="327" source="H3" target="I3"/>
  <move id="328" source="I8" target="K8"/>
  <move id="329" source="I3" target="I4"/>
  <move id="330" source="K9" target="I9"/>
  <move id="331" source="I5" target="K5"/>
  <move id="332" source="I9" target="I8"/>
  <move id="333" source="I4" target="I5"/>
  <move id="334" source="K8" target="K7"/>
  <move id="335" source="K5" target="K4"/>
  <move id="336" source="K7" target="K4"/>
  <move id="337" source="K4" target="I4"/>
  <move id="338" source="I8" target="K8"/>
  <move id="339" source="I4" target="K4"/>
  <move id="340" source="K8" target="K7"/>
  <move id="341" source="K4" target="K5"/>
  <move id="342" source="C8" target="C7"/>
  <move id="343" source="K5" target="K4"/>
  <move id="344" source="B7" target="B8"/>
  <move id="345" source="K4" target="I4"/>
  <move id="346" source="C7" target="C8"/>
  <move id="347" source="I4" target="I3"/>
  <move id="348" source="K7" target="K8"/>
  <move id="349" source="I3" target="H3"/>
  <move id="350" source="K8" target="I8"/>
  <move id="351" source="H3" target="G3"/>
  <move id="352" source="I8" target="H8"/>
  <move id="353" source="G3" target="G2"/>
  <move id="354" source="H8" target="G8"/>
  <move id="355" source="I5" target="K5"/>
  <move id="356" source="G8" target="F8"/>
  <move id="357" source="K5" target="K6"/>
  <move id="358" source="F8" target="E8"/>
  <move id="359" source="K6" target="K7"/>
  <move id="360" source="E8" target="D8"/>
  <move id="361" source="K7" target="K8"/>
  <move id="362" source="D8" target="D7"/>
  <move id="363" source="K8" target="I8"/>
  <move id="364" source="I7" target="I8"/>
  <move id="365" source="I2" target="I3"/>
  <move id="366" source="G7" target="G8"/>
  <move id="367" source="I3" target="I4"/>
  <move id="368" source="F7" target="F6"/>
  <move id="369" source="I4" target="K4"/>
  <move id="370" source="A4" target="A3"/>
  <move id="371" source="F4" target="F3"/>
  <move id="372" source="A3" target="A2"/>
  <move id="373" source="G4" target="F4"/>
  <move id="374" source="A2" target="A1"/>
  <move id="375" source="H4" target="G4"/>
  <move id="376" source="F6" target="F7"/>
  <move id="377" source="K4" target="K5"/>
  <move id="378" source="H7" target="G7"/>
  <move id="379" source="K5" target="K6"/>
  <move id="380" source="F7" target="F8"/>
  <move id="381" source="F3" target="F2"/>
  <move id="382" source="F8" target="E8"/>
  <move id="383" source="G2" target="G3"/>
  <move id="384" source="G7" target="F7"/>
  <move id="385" source="G3" target="F3"/>
  <move id="386" source="E8" target="D8"/>
  <move id="387" source="K6" target="K7"/>
  <move id="388" source="C8" target="C7"/>
  <move id="389" source="K7" target="I7"/>
  <move id="390" source="B8" target="C8"/>
  <move id="391" source="I7" target="H7"/>
  <move id="392" source="C8" target="C9"/>
  <move id="393" source="H7" target="H8"/>
  <move id="394" source="G8" target="F8"/>
  <move id="395" source="H8" target="H9"/>
  <move id="396" source="F8" target="G8"/>
  <move id="397" source="F2" target="G2"/>
  <move id="398" source="B6" target="B7"/>
  <move id="399" source="G2" target="H2"/>
  <move id="400" source="B7" target="B8"/>
  <move id="401" source="H2" target="I2"/>
  <move id="402" source="B8" target="C8"/>
  <move id="403" source="I2" target="I3"/>
  <move id="404" source="A8" target="B8"/>
  <move id="405" source="I3" target="I4"/>
  <move id="406" source="B8" target="B7"/>
  <move id="407" source="I4" target="I5"/>
  <move id="408" source="B7" target="B6"/>
  <move id="409" source="I5" target="I6"/>
  <move id="410" source="B6" target="A6"/>
  <move id="411" source="C4" target="B4"/>
  <move id="412" source="A6" target="A5"/>
  <move id="413" source="I6" target="I7"/>
  <move id="414" source="A5" target="A4"/>
  <move id="415" source="I7" target="K7"/>
  <move id="416" source="A4" target="A3"/>
  <move id="417" source="B3" target="B4"/>
  <move id="418" source="A3" target="B3"/>
  <move id="419" source="K7" target="K8"/>
  <move id="420" source="A9" target="A8"/>
  <move id="421" source="K8" target="K9"/>
  <move id="422" source="A8" target="B8"/>
  <move id="423" source="K9" target="I9"/>
  <move id="424" source="B8" target="B7"/>
  <move id="425" source="D2" target="E2"/>
  <move id="426" source="B7" target="B6"/>
  <move id="427" source="E2" target="F2"/>
  <move id="428" source="A1" target="B1"/>
  <move id="429" source="F2" target="G2"/>
  <move id="430" source="B6" target="A6"/>
  <move id="431" source="G2" target="H2"/>
  <move id="432" source="A6" target="A5"/>
  <move id="433" source="H2" target="I2"/>
  <move id="434" source="A5" target="A4"/>
  <move id="435" source="I2" target="I3"/>
  <move id="436" source="A4" target="B4"/>
  <move id="437" source="I3" target="I4"/>
  <move id="438" source="B4" target="C4"/>
  <move id="439" source="I4" target="K4"/>
  <move id="440" source="B5" target="B4"/>
  <move id="441" source="K4" target="K5"/>
  <move id="442" source="B3" target="A3"/>
  <move id="443" source="K5" target="K6"/>
  <move id="444" source="B9" target="B8"/>
  <move id="445" source="K6" target="K7"/>
  <move id="446" source="B8" target="B7"/>
  <move id="447" source="K7" target="K8"/>
  <move id="448" source="B7" target="B6"/>
  <move id="449" source="K8" target="K9"/>
  <move id="450" source="B6" target="B5"/>
  <move id="451" source="K9" target="K:"/>
  <move id="452" source="A3" target="A2"/>
  <move id="453" source="K:" target="I:"/>
  <move id="454" source="A2" target="A1"/>
  <move id="455" source="I:" target="H:"/>
  <move id="456" source="C4" target="D4"/>
  <move id="457" source="H:" target="G:"/>
  <move id="458" source="G9" target="G:"/>
  <move id="459" source="I9" target="H9"/>
  <move id="460" source="B4" target="B3"/>
  <move id="461" source="H9" target="H8"/>
  <move id="462" source="G8" target="F8"/>
  <move id="463" source="H8" target="H9"/>
  <move id="464" source="D8" target="E8"/>
  <move id="465" source="I8" target="H8"/>
  <move id="466" source="E8" target="E9"/>
  <move id="467" source="H9" target="H:"/>
  <move id="468" source="C8" target="D8"/>
  <move id="469" source="H:" target="G:"/>
  <move id="470" source="D8" target="E8"/>
  <move id="471" source="G:" target="F:"/>
  <move id="472" source="A1" target="B1"/>
  <move id="473" source="F1" target="F2"/>
  <move id="474" source="B5" target="B4"/>
  <move id="475" source="F2" target="G2"/>
  <move id="476" source="B4" target="C4"/>
  <move id="477" source="G2" target="H2"/>
  <move id="478" source="C4" target="D4"/>
  <move id="479" source="H2" target="I2"/>
  <move id="480" source="A:" target="A9"/>
  <move id="481" source="I2" target="I3"/>
  <move id="482" source="A9" target="B9"/>
  <move id="483" source="I3" target="I4"/>
  <move id="484" source="B9" target="B4"/>
  <move id="485" source="I4" target="I5"/>
  <move id="486" source="B4" target="A4"/>
  <move id="487" source="I5" target="I6"/>
  <move id="488" source="F7" target="G7"/>
  <move id="489" source="I6" target="I7"/>
  <move id="490" source="A4" target="A1"/>
  <move id="491" source="I7" target="I8"/>
  <move id="492" source="A1" target="C1"/>
  <move id="493" source="I8" target="I9"/>
  <move id="494" source="C7" target="B7"/>
  <move id="495" source="I9" target="H9"/>
  <move id="496" source="B7" target="B6"/>
  <move id="497" source="H9" target="H:"/>
  <move id="498" source="B6" target="B5"/>
  <move id="499" source="H:" target="G:"/>
  <move id="500" source="B5" target="B4"/>
  <move id="501" source="G:" target="F:"/>
  <move id="502" source="B4" target="A4"/>
  <move id="503" source="F:" target="E:"/>
  <move id="504" source="E9" target="E:"/>
  <move id="505" source="G1" target="G2"/>
  <move id="506" source="A4" target="A3"/>
  <move id="507" source="G2" target="H2"/>
  <move id="508" source="A3" target="A2"/>
  <move id="509" source="H2" target="I2"/>
  <move id="510" source="A2" target="A1"/>
  <move id="511" source="I2" target="I3"/>
  <move id="512" source="A1" target="B1"/>
  <move id="513" source="I3" target="I4"/>
  <move id="514" source="B1" target="C1"/>
  <move id="515" source="C2" target="C1"/>
  <move id="516" source="B3" target="A3"/>
  <move id="517" source="I4" target="I5"/>
  <move id="518" source="A3" target="A2"/>
  <move id="519" source="I5" target="I6"/>
  <move id="520" source="A2" target="A1"/>
  <move id="521" source="I6" target="I7"/>
  <move id="522" source="A1" target="B1"/>
  <move id="523" source="I7" target="I8"/>
  <move id="524" source="B1" target="C1"/>
  <move id="525" source="I8" target="I9"/>
  <move id="526" source="D7" target="C7"/>
  <move id="527" source="I9" target="H9"/>
  <move id="528" source="C7" target="B7"/>
  <move id="529" source="H9" target="H:"/>
  <move id="530" source="B7" target="B6"/>
  <move id="531" source="H:" target="G:"/>
  <move id="532" source="B6" target="B5"/>
  <move id="533" source="G:" target="F:"/>
  <move id="534" source="F9" target="F:"/>
  <move id="535" source="F4" target="F5"/>
  <move id="536" source="F:" target="F9"/>
  <move id="537" source="F5" target="F6"/>
  <move id="538" source="B5" target="B4"/>
  <move id="539" source="F6" target="F7"/>
  <move id="540" source="B4" target="C4"/>
  <move id="541" source="F7" target="G7"/>
  <move id="542" source="C4" target="C3"/>
  <move id="543" source="G7" target="F7"/>
  <move id="544" source="C3" target="C2"/>
  <move id="545" source="F7" target="E7"/>
  <move id="546" source="C2" target="D2"/>
  <move id="547" source="D3" target="D2"/>
  <move id="548" source="F9" target="G9"/>
  <move id="549" source="H8" target="H7"/>
  <move id="550" source="G9" target="G8"/>
  <move id="551" source="H7" target="I7"/>
  <move id="552" source="E8" target="D8"/>
  <move id="553" source="I7" target="I6"/>
  <move id="554" source="D8" target="C8"/>
  <move id="555" source="F3" target="G3"/>
  <move id="556" source="C8" target="C7"/>
  <move id="557" source="G3" target="H3"/>
  <move id="558" source="C7" target="B7"/>
  <move id="559" source="H3" target="I3"/>
  <move id="560" source="B7" target="B6"/>
  <move id="561" source="I3" target="I4"/>
  <move id="562" source="B6" target="B5"/>
  <move id="563" source="I4" target="K4"/>
  <move id="564" source="B5" target="B4"/>
  <move id="565" source="K4" target="K5"/>
  <move id="566" source="B:" target="B9"/>
  <move id="567" source="K5" target="K6"/>
  <move id="568" source="B9" target="B8"/>
  <move id="569" source="K6" target="K7"/>
  <move id="570" source="B8" target="C8"/>
  <move id="571" source="K7" target="K8"/>
  <move id="572" source="C8" target="D8"/>
  <move id="573" source="K8" target="K9"/>
  <move id="574" source="D8" target="E8"/>
  <move id="575" source="K9" target="K:"/>
  <move id="576" source="E8" target="E9"/>
  <move id="577" source="K:" target="I:"/>
  <move id="578" source="E9" target="F9"/>
  <move id="579" source="I:" target="H:"/>
  <move id="580" source="F9" target="G9"/>
  <move id="581" source="H:" target="I:"/>
  <move id="582" source="G9" target="H9"/>
  <move id="583" source="I:" target="K:"/>
  <move id="584" source="H9" target="I9"/>
  <move id="585" source="K3" target="I3"/>
  <move id="586" source="D4" target="D3"/>
  <move id="587" source="I3" target="H3"/>
  <move id="588" source="C1" target="C2"/>
  <move id="589" source="I6" target="I5"/>
  <move id="590" source="D3" target="D2"/>
  <move id="591" source="I5" target="I4"/>
  <move id="592" source="C2" target="C3"/>
  <move id="593" source="I4" target="I3"/>
  <move id="594" source="C3" target="D3"/>
  <move id="595" source="I3" target="I2"/>
  <move id="596" source="B4" target="C4"/>
  <move id="597" source="I2" target="H2"/>
  <move id="598" source="G8" target="G7"/>
  <move id="599" source="H2" target="G2"/>
  <move id="600" source="G7" target="H7"/>
  <move id="601" source="G2" target="F2"/>
  <move id="602" source="D:" target="E:"/>
  <move id="603" source="H3" target="G3"/>
  <move id="604" source="E:" target="E9"/>
  <move id="605" source="G3" target="F3"/>
  <move id="606" source="E9" target="F9"/>
  <move id="607" source="F3" target="G3"/>
  <move id="608" source="D3" target="D4"/>
  <move id="609" source="G3" target="H3"/>
  <move id="610" source="H7" target="I7"/>
  <move id="611" source="G4" target="H4"/>
  <move id="612" source="F9" target="G9"/>
  <move id="613" source="H3" target="G3"/>
  <move id="614" source="G9" target="H9"/>
  <move id="615" source="F2" target="G2"/>
  <move id="616" source="H9" target="H8"/>
  <move id="617" source="G3" target="G4"/>
  <move id="618" source="I7" target="I6"/>
  <move id="619" source="H4" target="I4"/>
  <move id="620" source="H8" target="H7"/>
  <move id="621" source="G2" target="H2"/>
  <move id="622" source="H7" target="I7"/>
  <move id="623" source="H2" target="I2"/>
  <move id="624" source="F8" target="F7"/>
  <move id="625" source="G4" target="F4"/>
  <move id="626" source="C4" target="C3"/>
  <move id="627" source="F4" target="F5"/>
  <move id="628" source="D2" target="E2"/>
  <move id="629" source="I2" target="I3"/>
  <move id="630" source="E2" target="F2"/>
  <move id="631" source="I3" target="H3"/>
  <move id="632" source="D4" target="D3"/>
  <move id="633" source="H3" target="I3"/>
  <move id="634" source="F2" target="G2"/>
  <move id="635" source="I3" target="H3"/>
  <move id="636" source="I7" target="K7"/>
  <move id="637" source="D1" target="D2"/>
  <move id="638" source="D3" target="D2"/>
  <move id="639" source="K:" target="I:"/>
  <move id="640" source="I9" target="I:"/>
  <move id="641" source="H1" target="G1"/>
  <move id="642" source="G2" target="G1"/>
  <move id="643" source="F5" target="F6"/>
  <move id="644" source="G1" target="H1"/>
  <move id="645" source="F6" target="F7"/>
  <move id="646" source="K7" target="K6"/>
  <move id="647" source="H3" target="I3"/>
  <move id="648" source="K6" target="K5"/>
  <move id="649" source="I3" target="K3"/>
  <move id="650" source="D2" target="E2"/>
  <move id="651" source="F7" target="F8"/>
  <move id="652" source="E2" target="F2"/>
  <move id="653" source="F8" target="F9"/>
  <move id="654" source="F2" target="G2"/>
  <move id="655" source="F9" target="E9"/>
  <move id="656" source="G2" target="G3"/>
  <move id="657" source="E9" target="E:"/>
  <move id="658" source="G3" target="H3"/>
  <move id="659" source="E:" target="D:"/>
  <move id="660" source="C3" target="D3"/>
  <move id="661" source="D:" target="C:"/>
  <move id="662" source="D3" target="D2"/>
  <move id="663" source="K3" target="K4"/>
  <move id="664" source="K5" target="K6"/>
  <move id="665" source="K4" target="K5"/>
  <move id="666" source="H3" target="I3"/>
  <move id="667" source="I4" target="K4"/>
  <move id="668" source="K6" target="K7"/>
  <move id="669" source="B2" target="B8"/>
  <move id="670" source="D2" target="E2"/>
  <move id="671" source="B8" target="F8"/>
  <move id="672" source="E2" target="D2"/>
  <move id="673" source="F8" target="F9"/>
  <move id="674" source="D2" target="D1"/>
  <move id="675" source="F9" target="F8"/>
  <move id="676" source="I3" target="K3"/>
  <move id="677" source="K4" target="I4"/>
  <move id="678" source="H1" target="H2"/>
  <move id="679" source="I4" target="H4"/>
  <move id="680" source="K3" target="I3"/>
  <move id="681" source="F8" target="B8"/>
  <move id="682" source="I3" target="I4"/>
  <move id="683" source="H4" target="G4"/>
  <move id="684" source="K7" target="I7"/>
  <move id="685" source="G4" target="F4"/>
  <move id="686" source="I7" target="H7"/>
  <move id="687" source="K5" target="K4"/>
  <move id="688" source="I4" target="I5"/>
  <move id="689" source="K4" target="I4"/>
  <move id="690" source="I5" target="K5"/>
  <move id="691" source="F4" target="F5"/>
  <move id="692" source="H7" target="G7"/>
  <move id="693" source="I4" target="H4"/>
  <move id="694" source="I6" target="I5"/>
  <move id="695" source="H4" target="G4"/>
  <move id="696" source="G7" target="H7"/>
  <move id="697" source="F5" target="E5"/>
  <move id="698" source="H7" target="I7"/>
  <move id="699" source="G4" target="F4"/>
  <move id="700" source="I7" target="K7"/>
  <move id="701" source="F4" target="F5"/>
  <move id="702" source="K7" target="K6"/>
  <move id="703" source="F5" target="F6"/>
  <move id="704" source="K5" target="K4"/>
  <move id="705" source="F6" target="F7"/>
  <move id="706" source="K4" target="I4"/>
  <move id="707" source="F7" target="F8"/>
  <move id="708" source="K6" target="K5"/>
  <move id="709" source="F8" target="E8"/>
  <move id="710" source="K5" target="K4"/>
  <move id="711" source="E8" target="D8"/>
  <move id="712" source="K4" target="K3"/>
  <move id="713" source="D8" target="D9"/>
  <player id="1">Player 1</player>
  <player id="2">Player 2</player>
  <result type="1" winner="1"/>
 </game>
</stratego>