<?xml version="1.0" encoding="UTF-8"?>
<stratego>
 <game type="classic">
  
  <field content="DDEEMEEDDDBFHGHHEHFBFBGILICGBFBJDDIGKDJBAA__AA__AAAA__AA__AANSWRNPQPQTTQSPTNTNNORUQPPRUUVQPNVSYPXPSR"/>
  <move id="1" source="I4" target="I5"/>
  <move id="2" source="B7" target="B6"/>
  <move id="3" source="B4" target="B5"/>
  <move id="4" source="I7" target="I6"/>
  <move id="5" source="E4" target="E5"/>
  <move id="6" source="H7" target="I7"/>
  <move id="7" source="F4" target="F5"/>
  <move id="8" source="I6" target="K6"/>
  <move id="9" source="E5" target="E6"/>
  <move id="10" source="I7" target="I6"/>
  <move id="11" source="I5" target="K5"/>
  <move id="12" source="G7" target="H7"/>
  <move id="13" source="H4" target="I4"/>
  <move id="14" source="H7" target="I7"/>
  <move id="15" source="I4" target="I5"/>
  <move id="16" source="F7" target="F5"/>
  <move id="17" source="C4" target="B4"/>
  <move id="18" source="G8" target="G7"/>
  <move id="19" source="B5" target="B6"/>
  <move id="20" source="G7" target="F7"/>
  <move id="21" source="E3" target="E4"/>
  <move id="22" source="F7" target="F6"/>
  <move id="23" source="E4" target="E5"/>
  <move id="24" source="G9" target="G8"/>
  <move id="25" source="B4" target="B5"/>
  <move id="26" source="G8" target="G7"/>
  <move id="27" source="B6" target="A6"/>
  <move id="28" source="G7" target="H7"/>
  <move id="29" source="B5" target="B6"/>
  <move id="30" source="B8" target="B7"/>
  <move id="31" source="D4" target="C4"/>
  <move id="32" source="G:" target="G9"/>
  <move id="33" source="C4" target="B4"/>
  <move id="34" source="G9" target="G8"/>
  <move id="35" source="B4" target="B5"/>
  <move id="36" source="G8" target="G7"/>
  <move id="37" source="E6" target="F6"/>
  <move id="38" source="C8" target="B8"/>
  <move id="39" source="F6" target="E6"/>
  <move id="40" source="G7" target="F7"/>
  <move id="41" source="H3" target="H4"/>
  <move id="42" source="F7" target="F6"/>
  <move id="43" source="H4" target="I4"/>
  <move id="44" source="F6" target="E6"/>
  <move id="45" source="E5" target="E6"/>
  <move id="46" source="B8" target="C8"/>
  <move id="47" source="F5" target="F6"/>
  <move id="48" source="B7" target="B8"/>
  <move id="49" source="F6" target="F7"/>
  <move id="50" source="C7" target="B7"/>
  <move id="51" source="B5" target="B4"/>
  <move id="52" source="B7" target="B6"/>
  <move id="53" source="A6" target="A5"/>
  <move id="54" source="B6" target="B5"/>
  <move id="55" source="A5" target="A6"/>
  <move id="56" source="B5" target="B6"/>
  <move id="57" source="A6" target="A5"/>
  <move id="58" source="B6" target="B5"/>
  <move id="59" source="B4" target="C4"/>
  <move id="60" source="B5" target="A5"/>
  <move id="61" source="K5" target="K6"/>
  <move id="62" source="A5" target="B5"/>
  <move id="63" source="K6" target="I6"/>
  <move id="64" source="B5" target="B4"/>
  <move id="65" source="I6" target="I7"/>
  <move id="66" source="B4" target="C4"/>
  <move id="67" source="I7" target="I8"/>
  <move id="68" source="C4" target="D4"/>
  <move id="69" source="F7" target="F8"/>
  <move id="70" source="D4" target="E4"/>
  <move id="71" source="I5" target="I7"/>
  <move id="72" source="H7" target="G7"/>
  <move id="73" source="I7" target="H7"/>
  <move id="74" source="G7" target="H7"/>
  <move id="75" source="C3" target="C4"/>
  <move id="76" source="E4" target="D4"/>
  <move id="77" source="C4" target="B4"/>
  <move id="78" source="H9" target="G9"/>
  <move id="79" source="B4" target="B5"/>
  <move id="80" source="G9" target="G:"/>
  <move id="81" source="B5" target="B6"/>
  <move id="82" source="I9" target="H9"/>
  <move id="83" source="I4" target="I5"/>
  <move id="84" source="H9" target="G9"/>
  <move id="85" source="I5" target="I6"/>
  <move id="86" source="H7" target="G7"/>
  <move id="87" source="G4" target="F4"/>
  <move id="88" source="G9" target="G8"/>
  <move id="89" source="F4" target="F5"/>
  <move id="90" source="G7" target="H7"/>
  <move id="91" source="F5" target="F6"/>
  <move id="92" source="G8" target="G7"/>
  <move id="93" source="F6" target="F7"/>
  <move id="94" source="D4" target="E4"/>
  <move id="95" source="F7" target="G7"/>
  <move id="96" source="H7" target="I7"/>
  <move id="97" source="G3" target="H3"/>
  <move id="98" source="I7" target="I6"/>
  <move id="99" source="H3" target="H4"/>
  <move id="100" source="I6" target="I5"/>
  <move id="101" source="H4" target="I4"/>
  <move id="102" source="I5" target="I4"/>
  <move id="103" source="B6" target="B7"/>
  <move id="104" source="I4" target="H4"/>
  <move id="105" source="F3" target="G3"/>
  <move id="106" source="E4" target="F4"/>
  <move id="107" source="G7" target="G8"/>
  <move id="108" source="F4" target="G4"/>
  <move id="109" source="G3" target="H3"/>
  <move id="110" source="H4" target="H3"/>
  <move id="111" source="G8" target="G9"/>
  <move id="112" source="G4" target="G3"/>
  <move id="113" source="G9" target="G:"/>
  <move id="114" source="G3" target="G2"/>
  <move id="115" source="G:" target="F:"/>
  <player id="1">Player 1</player>
  <player id="2">Player 2</player>
  <result type="3" winner="1"/>
 </game>
</stratego>