<?xml version="1.0" encoding="UTF-8"?>
<stratego>
 <game type="classic">
  
  <field content="EBFHBMBEDEFHBFGBFEDIDBJCKDEGGLDGIDHDDJHIAA__AA__AAAA__AA__AAUPSVSRVTPRQTXRPUSWSPQPPTNTQONNPUQNYNQPNR"/>
  <move id="1" source="E4" target="E5"/>
  <move id="2" source="I7" target="I4"/>
  <move id="3" source="E3" target="E4"/>
  <move id="4" source="H7" target="I7"/>
  <move id="5" source="E5" target="E6"/>
  <move id="6" source="I7" target="I6"/>
  <move id="7" source="E4" target="E5"/>
  <move id="8" source="I6" target="I5"/>
  <move id="9" source="F4" target="F7"/>
  <move id="10" source="I5" target="K5"/>
  <move id="11" source="G4" target="F4"/>
  <move id="12" source="K5" target="K4"/>
  <move id="13" source="H4" target="G4"/>
  <move id="14" source="H8" target="H7"/>
  <move id="15" source="I4" target="H4"/>
  <move id="16" source="H7" target="I7"/>
  <move id="17" source="I3" target="I4"/>
  <move id="18" source="I7" target="I6"/>
  <move id="19" source="I4" target="I5"/>
  <move id="20" source="I6" target="I5"/>
  <move id="21" source="H3" target="I3"/>
  <move id="22" source="I5" target="K5"/>
  <move id="23" source="K4" target="I4"/>
  <move id="24" source="K5" target="K4"/>
  <move id="25" source="K3" target="K4"/>
  <player id="1">Player 1</player>
  <player id="2">Player 2</player>
  <result type="3" winner="1"/>
 </game>
</stratego>