<?xml version="1.0" encoding="UTF-8"?>
<stratego>
 <game type="classic">
  
  <field content="DDDEBMBFGFHDDEBBBFGCDIDJKBLFHJDHEIEHGEIGAA__AA__AAAA__AA__AANVNSRPPUQNWNXTPPVSPRNYSTOPTRUUNQPTQPQQSR"/>
  <move id="1" source="A4" target="A7"/>
  <move id="2" source="E7" target="E6"/>
  <move id="3" source="A3" target="A5"/>
  <move id="4" source="E8" target="E7"/>
  <move id="5" source="A5" target="B5"/>
  <move id="6" source="D8" target="E8"/>
  <move id="7" source="B5" target="B7"/>
  <move id="8" source="E6" target="E5"/>
  <move id="9" source="E4" target="E5"/>
  <move id="10" source="F7" target="F4"/>
  <move id="11" source="D4" target="E4"/>
  <move id="12" source="E5" target="E6"/>
  <move id="13" source="F4" target="F5"/>
  <move id="14" source="D7" target="D8"/>
  <move id="15" source="E4" target="E5"/>
  <move id="16" source="E6" target="E5"/>
  <move id="17" source="D3" target="D4"/>
  <move id="18" source="F8" target="F7"/>
  <move id="19" source="E3" target="E4"/>
  <move id="20" source="G8" target="F8"/>
  <move id="21" source="F5" target="F6"/>
  <move id="22" source="G7" target="G8"/>
  <move id="23" source="F6" target="F7"/>
  <move id="24" source="F8" target="F7"/>
  <move id="25" source="E4" target="F4"/>
  <move id="26" source="G8" target="F8"/>
  <move id="27" source="F4" target="F5"/>
  <move id="28" source="G9" target="G8"/>
  <move id="29" source="F5" target="F6"/>
  <move id="30" source="H9" target="G9"/>
  <move id="31" source="F6" target="F7"/>
  <move id="32" source="E7" target="D7"/>
  <move id="33" source="F7" target="E7"/>
  <move id="34" source="H:" target="H9"/>
  <move id="35" source="E7" target="D7"/>
  <move id="36" source="F8" target="F3"/>
  <move id="37" source="D7" target="E7"/>
  <move id="38" source="D8" target="D7"/>
  <move id="39" source="E7" target="E6"/>
  <move id="40" source="F9" target="F8"/>
  <move id="41" source="E6" target="F6"/>
  <move id="42" source="C8" target="D8"/>
  <move id="43" source="F6" target="F5"/>
  <move id="44" source="E8" target="E7"/>
  <move id="45" source="F5" target="F4"/>
  <move id="46" source="F8" target="E8"/>
  <move id="47" source="F4" target="E4"/>
  <move id="48" source="H7" target="G7"/>
  <move id="49" source="E4" target="E3"/>
  <move id="50" source="I7" target="I6"/>
  <move id="51" source="I4" target="I5"/>
  <move id="52" source="I6" target="I5"/>
  <move id="53" source="I5" target="I6"/>
  <move id="54" source="H8" target="H7"/>
  <move id="55" source="I6" target="K6"/>
  <move id="56" source="H9" target="H8"/>
  <move id="57" source="K4" target="K5"/>
  <move id="58" source="I8" target="I7"/>
  <move id="59" source="K3" target="K4"/>
  <move id="60" source="I9" target="I8"/>
  <move id="61" source="K4" target="I4"/>
  <move id="62" source="K9" target="I9"/>
  <move id="63" source="I4" target="I5"/>
  <move id="64" source="E7" target="F7"/>
  <move id="65" source="I5" target="I6"/>
  <move id="66" source="F7" target="F6"/>
  <move id="67" source="I6" target="I7"/>
  <move id="68" source="E8" target="E7"/>
  <move id="69" source="I7" target="I8"/>
  <move id="70" source="F6" target="F5"/>
  <move id="71" source="I8" target="I9"/>
  <move id="72" source="F5" target="F4"/>
  <move id="73" source="I9" target="H9"/>
  <move id="74" source="F4" target="F3"/>
  <move id="75" source="H9" target="G9"/>
  <move id="76" source="I:" target="I9"/>
  <move id="77" source="G9" target="G:"/>
  <move id="78" source="I9" target="I8"/>
  <move id="79" source="G:" target="F:"/>
  <move id="80" source="I8" target="I7"/>
  <move id="81" source="F:" target="E:"/>
  <move id="82" source="I7" target="I6"/>
  <move id="83" source="E:" target="E9"/>
  <move id="84" source="I6" target="K6"/>
  <move id="85" source="E9" target="E:"/>
  <move id="86" source="G7" target="F7"/>
  <move id="87" source="E:" target="D:"/>
  <move id="88" source="F7" target="F6"/>
  <move id="89" source="D:" target="C:"/>
  <move id="90" source="F6" target="F5"/>
  <move id="91" source="C:" target="C9"/>
  <move id="92" source="F5" target="F6"/>
  <move id="93" source="C9" target="B9"/>
  <player id="1">Player 1</player>
  <player id="2">Player 2</player>
  <result type="1" winner="1"/>
 </game>
</stratego>