<?xml version="1.0" encoding="UTF-8"?>
<stratego>
 <game type="classic">
  
  <field content="IEEEFBMBBEIDICHGBFGDFDJJKDFBBGLHGEDHDDDHAA__AA__AAAA__AA__AARSNRRSNVXYTNRQTNWSPUNUQTNOVQPUTSQPPPPPPQ"/>
  <move id="1" source="B4" target="B5"/>
  <move id="2" source="I7" target="I6"/>
  <move id="3" source="E4" target="E5"/>
  <move id="4" source="I6" target="K6"/>
  <move id="5" source="E5" target="E6"/>
  <move id="6" source="I8" target="I7"/>
  <move id="7" source="B3" target="B4"/>
  <move id="8" source="I7" target="I6"/>
  <move id="9" source="B5" target="A5"/>
  <move id="10" source="I6" target="I5"/>
  <move id="11" source="B4" target="B7"/>
  <move id="12" source="I5" target="K5"/>
  <move id="13" source="A5" target="B5"/>
  <move id="14" source="I9" target="I4"/>
  <move id="15" source="H4" target="I4"/>
  <move id="16" source="I:" target="I4"/>
  <move id="17" source="B5" target="A5"/>
  <move id="18" source="H:" target="I:"/>
  <move id="19" source="A5" target="A6"/>
  <move id="20" source="I:" target="I3"/>
  <move id="21" source="B2" target="B3"/>
  <move id="22" source="K8" target="I8"/>
  <move id="23" source="B3" target="B4"/>
  <move id="24" source="I8" target="I7"/>
  <move id="25" source="B4" target="B5"/>
  <move id="26" source="I7" target="I6"/>
  <move id="27" source="A6" target="B6"/>
  <move id="28" source="I6" target="I5"/>
  <move id="29" source="B5" target="A5"/>
  <move id="30" source="K5" target="K4"/>
  <move id="31" source="A5" target="A7"/>
  <move id="32" source="K6" target="K5"/>
  <move id="33" source="B6" target="A6"/>
  <move id="34" source="I5" target="I4"/>
  <move id="35" source="A6" target="A7"/>
  <move id="36" source="B7" target="B6"/>
  <move id="37" source="C4" target="B4"/>
  <move id="38" source="I4" target="K4"/>
  <move id="39" source="A4" target="A5"/>
  <move id="40" source="A8" target="A7"/>
  <move id="41" source="A5" target="A4"/>
  <move id="42" source="G:" target="I:"/>
  <move id="43" source="C3" target="B3"/>
  <move id="44" source="I:" target="I6"/>
  <move id="45" source="B4" target="C4"/>
  <move id="46" source="I6" target="K6"/>
  <move id="47" source="B3" target="B4"/>
  <move id="48" source="B6" target="A6"/>
  <move id="49" source="B4" target="B5"/>
  <move id="50" source="K4" target="I4"/>
  <move id="51" source="B5" target="B6"/>
  <move id="52" source="A6" target="A5"/>
  <move id="53" source="C4" target="B4"/>
  <move id="54" source="K5" target="I5"/>
  <move id="55" source="B4" target="B5"/>
  <move id="56" source="A5" target="A4"/>
  <move id="57" source="B6" target="A6"/>
  <move id="58" source="K6" target="K3"/>
  <move id="59" source="B5" target="B6"/>
  <move id="60" source="I4" target="K4"/>
  <move id="61" source="B6" target="B7"/>
  <move id="62" source="K4" target="K3"/>
  <move id="63" source="B7" target="B8"/>
  <move id="64" source="K3" target="K4"/>
  <move id="65" source="D4" target="C4"/>
  <move id="66" source="F:" target="I:"/>
  <move id="67" source="C4" target="B4"/>
  <move id="68" source="I:" target="I6"/>
  <move id="69" source="A6" target="B6"/>
  <move id="70" source="I6" target="K6"/>
  <move id="71" source="B4" target="B5"/>
  <move id="72" source="K4" target="I4"/>
  <move id="73" source="B5" target="A5"/>
  <move id="74" source="K6" target="K2"/>
  <move id="75" source="A5" target="A6"/>
  <move id="76" source="I4" target="K4"/>
  <move id="77" source="A6" target="A7"/>
  <move id="78" source="E:" target="I:"/>
  <move id="79" source="B6" target="B7"/>
  <move id="80" source="I:" target="I6"/>
  <move id="81" source="A4" target="A5"/>
  <move id="82" source="I6" target="K6"/>
  <move id="83" source="B1" target="B2"/>
  <move id="84" source="K4" target="I4"/>
  <move id="85" source="B2" target="B3"/>
  <move id="86" source="K6" target="K1"/>
  <move id="87" source="B3" target="B4"/>
  <move id="88" source="I4" target="K4"/>
  <move id="89" source="B4" target="B5"/>
  <move id="90" source="K4" target="K3"/>
  <move id="91" source="B5" target="B6"/>
  <move id="92" source="K3" target="K2"/>
  <move id="93" source="B6" target="A6"/>
  <move id="94" source="K2" target="K1"/>
  <move id="95" source="A7" target="A8"/>
  <move id="96" source="I5" target="K5"/>
  <move id="97" source="A8" target="B8"/>
  <move id="98" source="C8" target="B8"/>
  <move id="99" source="B7" target="B8"/>
  <move id="100" source="H8" target="I8"/>
  <move id="101" source="A6" target="A7"/>
  <move id="102" source="G8" target="H8"/>
  <move id="103" source="A7" target="A8"/>
  <move id="104" source="I8" target="I7"/>
  <move id="105" source="A8" target="A9"/>
  <move id="106" source="A:" target="A9"/>
  <move id="107" source="A5" target="A6"/>
  <move id="108" source="H8" target="I8"/>
  <move id="109" source="A6" target="A7"/>
  <move id="110" source="I7" target="I6"/>
  <move id="111" source="A7" target="A8"/>
  <move id="112" source="I8" target="I7"/>
  <move id="113" source="A8" target="A9"/>
  <move id="114" source="I6" target="I5"/>
  <move id="115" source="C1" target="B1"/>
  <move id="116" source="I5" target="I4"/>
  <move id="117" source="B1" target="B2"/>
  <move id="118" source="I7" target="I6"/>
  <move id="119" source="B2" target="B3"/>
  <move id="120" source="I6" target="I5"/>
  <move id="121" source="B3" target="B4"/>
  <move id="122" source="I4" target="H4"/>
  <move id="123" source="B4" target="B5"/>
  <move id="124" source="I5" target="I4"/>
  <move id="125" source="B5" target="B6"/>
  <move id="126" source="H4" target="G4"/>
  <move id="127" source="F4" target="G4"/>
  <move id="128" source="I4" target="H4"/>
  <move id="129" source="E3" target="E4"/>
  <move id="130" source="H4" target="G4"/>
  <move id="131" source="E4" target="F4"/>
  <move id="132" source="G4" target="F4"/>
  <move id="133" source="B6" target="A6"/>
  <move id="134" source="H7" target="I7"/>
  <move id="135" source="A6" target="A7"/>
  <move id="136" source="I7" target="I6"/>
  <move id="137" source="A7" target="A8"/>
  <move id="138" source="I6" target="I5"/>
  <move id="139" source="A9" target="A:"/>
  <move id="140" source="I5" target="I4"/>
  <move id="141" source="A8" target="A9"/>
  <move id="142" source="I4" target="H4"/>
  <move id="143" source="A9" target="B9"/>
  <move id="144" source="H4" target="G4"/>
  <move id="145" source="B8" target="B9"/>
  <move id="146" source="G4" target="F4"/>
  <move id="147" source="D1" target="C1"/>
  <move id="148" source="F4" target="E4"/>
  <move id="149" source="C1" target="B1"/>
  <move id="150" source="E4" target="E5"/>
  <move id="151" source="B1" target="B2"/>
  <move id="152" source="E5" target="E6"/>
  <move id="153" source="B2" target="B3"/>
  <move id="154" source="E6" target="E5"/>
  <move id="155" source="D3" target="D4"/>
  <move id="156" source="E5" target="E4"/>
  <move id="157" source="D4" target="E4"/>
  <move id="158" source="G9" target="G8"/>
  <move id="159" source="B3" target="B4"/>
  <move id="160" source="G8" target="H8"/>
  <move id="161" source="B4" target="B5"/>
  <move id="162" source="H8" target="I8"/>
  <move id="163" source="B5" target="A5"/>
  <move id="164" source="I8" target="I7"/>
  <move id="165" source="A5" target="A6"/>
  <move id="166" source="I7" target="I6"/>
  <move id="167" source="A6" target="A7"/>
  <move id="168" source="I6" target="I5"/>
  <move id="169" source="A7" target="A8"/>
  <move id="170" source="I5" target="I4"/>
  <move id="171" source="A8" target="A9"/>
  <move id="172" source="I4" target="H4"/>
  <move id="173" source="A3" target="A4"/>
  <move id="174" source="H4" target="G4"/>
  <move id="175" source="A4" target="A5"/>
  <move id="176" source="D:" target="I:"/>
  <move id="177" source="A5" target="A6"/>
  <move id="178" source="I:" target="I4"/>
  <move id="179" source="A6" target="A7"/>
  <move id="180" source="G4" target="F4"/>
  <move id="181" source="A7" target="A8"/>
  <move id="182" source="E7" target="E6"/>
  <move id="183" source="B9" target="B8"/>
  <move id="184" source="E6" target="E5"/>
  <move id="185" source="B8" target="B7"/>
  <move id="186" source="E5" target="E4"/>
  <move id="187" source="F3" target="B3"/>
  <move id="188" source="E4" target="E3"/>
  <move id="189" source="B7" target="A7"/>
  <move id="190" source="F4" target="E4"/>
  <move id="191" source="B3" target="B:"/>
  <move id="192" source="E3" target="E2"/>
  <move id="193" source="A7" target="B7"/>
  <move id="194" source="E4" target="E3"/>
  <move id="195" source="B7" target="B8"/>
  <move id="196" source="E3" target="E2"/>
  <move id="197" source="D2" target="D3"/>
  <move id="198" source="E2" target="E3"/>
  <move id="199" source="D3" target="C3"/>
  <move id="200" source="E3" target="D3"/>
  <move id="201" source="C3" target="B3"/>
  <move id="202" source="D3" target="C3"/>
  <move id="203" source="B3" target="B4"/>
  <move id="204" source="C3" target="B3"/>
  <move id="205" source="B4" target="B5"/>
  <move id="206" source="B3" target="B4"/>
  <move id="207" source="B5" target="B6"/>
  <move id="208" source="B4" target="B5"/>
  <move id="209" source="B6" target="B7"/>
  <move id="210" source="I4" target="B4"/>
  <move id="211" source="B8" target="B9"/>
  <move id="212" source="B4" target="B1"/>
  <move id="213" source="B7" target="B8"/>
  <move id="214" source="B1" target="A1"/>
  <move id="215" source="B9" target="B:"/>
  <move id="216" source="B5" target="B4"/>
  <move id="217" source="A9" target="B9"/>
  <move id="218" source="K5" target="I5"/>
  <move id="219" source="B9" target="C9"/>
  <move id="220" source="B4" target="B3"/>
  <move id="221" source="B:" target="C:"/>
  <move id="222" source="I5" target="I6"/>
  <move id="223" source="B8" target="B9"/>
  <move id="224" source="I6" target="I7"/>
  <move id="225" source="C:" target="D:"/>
  <move id="226" source="I7" target="I8"/>
  <move id="227" source="D:" target="E:"/>
  <move id="228" source="I8" target="I9"/>
  <move id="229" source="E:" target="E9"/>
  <move id="230" source="B3" target="B2"/>
  <move id="231" source="B9" target="C9"/>
  <move id="232" source="I9" target="I:"/>
  <move id="233" source="C2" target="D2"/>
  <move id="234" source="B2" target="B1"/>
  <move id="235" source="D2" target="E2"/>
  <move id="236" source="B1" target="A1"/>
  <move id="237" source="E2" target="E3"/>
  <move id="238" source="K1" target="K2"/>
  <move id="239" source="E3" target="E4"/>
  <move id="240" source="K2" target="K3"/>
  <move id="241" source="E4" target="E5"/>
  <move id="242" source="K3" target="K4"/>
  <move id="243" source="E5" target="E6"/>
  <move id="244" source="K4" target="K5"/>
  <move id="245" source="E6" target="E7"/>
  <move id="246" source="F7" target="F6"/>
  <move id="247" source="E7" target="D7"/>
  <move id="248" source="F6" target="F5"/>
  <move id="249" source="C9" target="C8"/>
  <move id="250" source="F5" target="E5"/>
  <move id="251" source="C8" target="D8"/>
  <move id="252" source="E5" target="E4"/>
  <move id="253" source="D7" target="D8"/>
  <move id="254" source="E8" target="E7"/>
  <move id="255" source="A2" target="A3"/>
  <move id="256" source="A1" target="B1"/>
  <move id="257" source="A3" target="A4"/>
  <move id="258" source="B1" target="C1"/>
  <move id="259" source="A4" target="A5"/>
  <move id="260" source="C1" target="D1"/>
  <move id="261" source="E1" target="D1"/>
  <move id="262" source="E4" target="E3"/>
  <move id="263" source="A5" target="A6"/>
  <move id="264" source="E3" target="E2"/>
  <move id="265" source="A6" target="A7"/>
  <move id="266" source="E2" target="E1"/>
  <move id="267" source="A7" target="B7"/>
  <move id="268" source="E1" target="F1"/>
  <move id="269" source="A8" target="B8"/>
  <move id="270" source="E7" target="E6"/>
  <move id="271" source="B8" target="C8"/>
  <move id="272" source="E6" target="E5"/>
  <move id="273" source="C8" target="C7"/>
  <move id="274" source="I:" target="H:"/>
  <move id="275" source="D8" target="D9"/>
  <move id="276" source="H:" target="G:"/>
  <move id="277" source="D9" target="D:"/>
  <move id="278" source="E5" target="E4"/>
  <move id="279" source="D:" target="E:"/>
  <move id="280" source="E4" target="E3"/>
  <move id="281" source="E:" target="F:"/>
  <move id="282" source="G:" target="F:"/>
  <move id="283" source="B7" target="B8"/>
  <move id="284" source="D1" target="D2"/>
  <move id="285" source="B8" target="C8"/>
  <move id="286" source="E3" target="F3"/>
  <move id="287" source="C8" target="D8"/>
  <move id="288" source="D2" target="E2"/>
  <move id="289" source="D8" target="E8"/>
  <move id="290" source="H9" target="H8"/>
  <move id="291" source="E8" target="F8"/>
  <move id="292" source="F3" target="F2"/>
  <move id="293" source="G3" target="G4"/>
  <move id="294" source="F2" target="F3"/>
  <move id="295" source="G4" target="H4"/>
  <move id="296" source="F3" target="G3"/>
  <move id="297" source="H4" target="I4"/>
  <move id="298" source="G3" target="H3"/>
  <move id="299" source="I4" target="I5"/>
  <move id="300" source="K5" target="I5"/>
  <move id="301" source="A:" target="A9"/>
  <move id="302" source="I5" target="K5"/>
  <move id="303" source="A9" target="A8"/>
  <move id="304" source="H8" target="H7"/>
  <move id="305" source="A8" target="A7"/>
  <move id="306" source="H7" target="I7"/>
  <move id="307" source="A7" target="A6"/>
  <move id="308" source="I7" target="I6"/>
  <move id="309" source="A6" target="A5"/>
  <move id="310" source="I6" target="I5"/>
  <move id="311" source="A5" target="A4"/>
  <move id="312" source="I5" target="I4"/>
  <move id="313" source="A4" target="B4"/>
  <move id="314" source="I4" target="H4"/>
  <move id="315" source="B4" target="C4"/>
  <move id="316" source="H4" target="G4"/>
  <move id="317" source="C4" target="D4"/>
  <move id="318" source="G4" target="G3"/>
  <move id="319" source="D4" target="E4"/>
  <move id="320" source="G3" target="G2"/>
  <move id="321" source="H2" target="G2"/>
  <move id="322" source="E2" target="F2"/>
  <move id="323" source="E4" target="E3"/>
  <move id="324" source="F2" target="G2"/>
  <move id="325" source="E3" target="E2"/>
  <move id="326" source="G2" target="G1"/>
  <player id="1">Player 1</player>
  <player id="2">Player 2</player>
  <result type="1" winner="2"/>
 </game>
</stratego>