<?xml version="1.0" encoding="UTF-8"?>
<stratego>
 <game type="classic">
  
  <field content="DEGMEIBIDBBFBIEECJDHFBJBGFDEGFHGDLDHDKHDAA__AA__AAAA__AA__AATSPQUPXQRPPUTWPTUPSTRNOPVPSNVRNSNYQNRQNQ"/>
  <move id="1" source="I4" target="I5"/>
  <move id="2" source="A7" target="A6"/>
  <move id="3" source="I5" target="I6"/>
  <move id="4" source="A6" target="A5"/>
  <move id="5" source="K4" target="K7"/>
  <move id="6" source="A5" target="A4"/>
  <move id="7" source="K3" target="K4"/>
  <move id="8" source="A8" target="A3"/>
  <move id="9" source="K4" target="K5"/>
  <move id="10" source="A9" target="A8"/>
  <move id="11" source="K5" target="K6"/>
  <move id="12" source="K8" target="K7"/>
  <move id="13" source="K6" target="K7"/>
  <move id="14" source="I7" target="I6"/>
  <move id="15" source="I6" target="K6"/>
  <move id="16" source="I8" target="I7"/>
  <move id="17" source="K6" target="K7"/>
  <move id="18" source="I9" target="I8"/>
  <move id="19" source="I3" target="I4"/>
  <move id="20" source="I8" target="K8"/>
  <move id="21" source="H3" target="I3"/>
  <move id="22" source="I7" target="K7"/>
  <move id="23" source="I3" target="K3"/>
  <move id="24" source="H8" target="I8"/>
  <move id="25" source="G3" target="H3"/>
  <move id="26" source="H7" target="I7"/>
  <move id="27" source="H3" target="I3"/>
  <move id="28" source="G7" target="H7"/>
  <move id="29" source="F4" target="F5"/>
  <move id="30" source="F7" target="G7"/>
  <move id="31" source="F5" target="F6"/>
  <move id="32" source="E7" target="F7"/>
  <move id="33" source="F6" target="F7"/>
  <move id="34" source="B7" target="A7"/>
  <move id="35" source="E4" target="E8"/>
  <move id="36" source="C7" target="B7"/>
  <move id="37" source="F3" target="F4"/>
  <move id="38" source="D7" target="C7"/>
  <move id="39" source="F4" target="E4"/>
  <move id="40" source="D8" target="E8"/>
  <move id="41" source="E4" target="E5"/>
  <move id="42" source="C8" target="D8"/>
  <move id="43" source="E5" target="E6"/>
  <move id="44" source="D8" target="D7"/>
  <move id="45" source="D4" target="E4"/>
  <move id="46" source="C9" target="C8"/>
  <move id="47" source="E4" target="F4"/>
  <move id="48" source="C8" target="D8"/>
  <move id="49" source="F4" target="F5"/>
  <move id="50" source="K7" target="K6"/>
  <move id="51" source="F5" target="F6"/>
  <move id="52" source="K8" target="K7"/>
  <move id="53" source="F6" target="F7"/>
  <move id="54" source="K6" target="K5"/>
  <move id="55" source="E6" target="E7"/>
  <move id="56" source="K7" target="K6"/>
  <move id="57" source="E7" target="D7"/>
  <move id="58" source="C7" target="C8"/>
  <move id="59" source="C4" target="D4"/>
  <move id="60" source="D7" target="C7"/>
  <move id="61" source="D4" target="E4"/>
  <move id="62" source="D8" target="D7"/>
  <move id="63" source="E4" target="E8"/>
  <move id="64" source="K6" target="I6"/>
  <move id="65" source="E3" target="E4"/>
  <move id="66" source="I6" target="I5"/>
  <move id="67" source="E4" target="E5"/>
  <move id="68" source="I7" target="I6"/>
  <move id="69" source="E5" target="E6"/>
  <move id="70" source="K5" target="K4"/>
  <move id="71" source="E6" target="E7"/>
  <move id="72" source="E8" target="E7"/>
  <move id="73" source="F7" target="F6"/>
  <move id="74" source="I6" target="K6"/>
  <move id="75" source="G4" target="F4"/>
  <move id="76" source="I5" target="K5"/>
  <move id="77" source="F4" target="E4"/>
  <move id="78" source="I8" target="I4"/>
  <move id="79" source="E4" target="E3"/>
  <move id="80" source="G8" target="H8"/>
  <move id="81" source="H4" target="G4"/>
  <move id="82" source="G7" target="G8"/>
  <move id="83" source="G4" target="F4"/>
  <move id="84" source="H8" target="I8"/>
  <move id="85" source="F4" target="E4"/>
  <move id="86" source="I8" target="I7"/>
  <move id="87" source="E4" target="E5"/>
  <move id="88" source="H7" target="G7"/>
  <move id="89" source="F6" target="F7"/>
  <move id="90" source="G7" target="F7"/>
  <move id="91" source="E5" target="E6"/>
  <move id="92" source="E7" target="E6"/>
  <move id="93" source="H2" target="H3"/>
  <move id="94" source="I7" target="I6"/>
  <move id="95" source="I4" target="H4"/>
  <move id="96" source="I6" target="I5"/>
  <move id="97" source="H4" target="G4"/>
  <move id="98" source="K4" target="I4"/>
  <move id="99" source="C3" target="C4"/>
  <move id="100" source="I4" target="H4"/>
  <move id="101" source="H3" target="H4"/>
  <move id="102" source="K5" target="K4"/>
  <move id="103" source="H4" target="I4"/>
  <move id="104" source="K4" target="I4"/>
  <move id="105" source="I3" target="I5"/>
  <move id="106" source="K6" target="K5"/>
  <move id="107" source="H1" target="H2"/>
  <move id="108" source="K5" target="K4"/>
  <move id="109" source="H2" target="H3"/>
  <move id="110" source="I5" target="I4"/>
  <move id="111" source="C4" target="D4"/>
  <move id="112" source="G8" target="G7"/>
  <move id="113" source="D4" target="E4"/>
  <move id="114" source="G7" target="F7"/>
  <move id="115" source="E4" target="E5"/>
  <move id="116" source="F7" target="F2"/>
  <move id="117" source="E5" target="E6"/>
  <move id="118" source="E9" target="E8"/>
  <move id="119" source="E6" target="E7"/>
  <move id="120" source="E8" target="E7"/>
  <move id="121" source="E3" target="E:"/>
  <move id="122" source="F8" target="F7"/>
  <move id="123" source="G2" target="G3"/>
  <move id="124" source="F7" target="F6"/>
  <move id="125" source="G3" target="F3"/>
  <move id="126" source="K4" target="K3"/>
  <move id="127" source="F3" target="F4"/>
  <move id="128" source="K9" target="K8"/>
  <move id="129" source="F2" target="G2"/>
  <move id="130" source="K8" target="K7"/>
  <move id="131" source="F1" target="F2"/>
  <move id="132" source="K:" target="K9"/>
  <move id="133" source="F2" target="F3"/>
  <move id="134" source="K9" target="K8"/>
  <move id="135" source="F4" target="E4"/>
  <move id="136" source="K7" target="K6"/>
  <move id="137" source="F3" target="F4"/>
  <move id="138" source="I4" target="I5"/>
  <move id="139" source="F4" target="F5"/>
  <move id="140" source="I5" target="I6"/>
  <move id="141" source="F5" target="F6"/>
  <move id="142" source="I6" target="I7"/>
  <move id="143" source="F6" target="F7"/>
  <move id="144" source="I7" target="H7"/>
  <move id="145" source="F7" target="E7"/>
  <move id="146" source="D7" target="D8"/>
  <move id="147" source="E7" target="D7"/>
  <move id="148" source="D8" target="E8"/>
  <move id="149" source="D7" target="C7"/>
  <move id="150" source="B7" target="B4"/>
  <move id="151" source="C7" target="C8"/>
  <move id="152" source="B8" target="C8"/>
  <move id="153" source="H3" target="G3"/>
  <move id="154" source="K8" target="K7"/>
  <move id="155" source="E2" target="F2"/>
  <move id="156" source="H7" target="G7"/>
  <move id="157" source="G3" target="F3"/>
  <move id="158" source="G7" target="F7"/>
  <move id="159" source="F3" target="F4"/>
  <move id="160" source="F7" target="E7"/>
  <move id="161" source="D2" target="E2"/>
  <move id="162" source="E7" target="D7"/>
  <move id="163" source="E4" target="E5"/>
  <move id="164" source="D7" target="C7"/>
  <move id="165" source="B4" target="C4"/>
  <move id="166" source="C7" target="B7"/>
  <move id="167" source="C4" target="D4"/>
  <move id="168" source="B7" target="B6"/>
  <move id="169" source="D4" target="E4"/>
  <move id="170" source="B6" target="B5"/>
  <move id="171" source="E4" target="E3"/>
  <move id="172" source="G9" target="G8"/>
  <move id="173" source="E3" target="F3"/>
  <move id="174" source="G:" target="G9"/>
  <move id="175" source="F4" target="F5"/>
  <move id="176" source="G8" target="G7"/>
  <move id="177" source="F5" target="F6"/>
  <move id="178" source="G7" target="H7"/>
  <move id="179" source="F6" target="F7"/>
  <move id="180" source="H7" target="I7"/>
  <move id="181" source="K2" target="K3"/>
  <move id="182" source="I7" target="I6"/>
  <move id="183" source="K3" target="K4"/>
  <move id="184" source="I6" target="I5"/>
  <move id="185" source="F7" target="E7"/>
  <move id="186" source="H:" target="G:"/>
  <move id="187" source="E7" target="E8"/>
  <move id="188" source="B5" target="B4"/>
  <move id="189" source="E8" target="F8"/>
  <move id="190" source="D9" target="D7"/>
  <move id="191" source="F8" target="G8"/>
  <move id="192" source="D7" target="B7"/>
  <move id="193" source="G8" target="G9"/>
  <move id="194" source="B7" target="B5"/>
  <move id="195" source="G9" target="G:"/>
  <move id="196" source="B5" target="A5"/>
  <move id="197" source="G:" target="G9"/>
  <move id="198" source="F9" target="F8"/>
  <move id="199" source="E5" target="E6"/>
  <move id="200" source="A5" target="A3"/>
  <move id="201" source="E6" target="E7"/>
  <move id="202" source="B4" target="A4"/>
  <move id="203" source="G9" target="F9"/>
  <move id="204" source="F8" target="B8"/>
  <move id="205" source="E7" target="E8"/>
  <move id="206" source="B8" target="B3"/>
  <move id="207" source="E8" target="E9"/>
  <move id="208" source="A4" target="A3"/>
  <move id="209" source="E9" target="E:"/>
  <move id="210" source="K7" target="I7"/>
  <move id="211" source="F9" target="E9"/>
  <move id="212" source="I7" target="H7"/>
  <move id="213" source="E9" target="E:"/>
  <move id="214" source="H7" target="G7"/>
  <move id="215" source="K4" target="K5"/>
  <move id="216" source="G7" target="F7"/>
  <move id="217" source="K5" target="I5"/>
  <move id="218" source="F7" target="E7"/>
  <move id="219" source="I5" target="K5"/>
  <move id="220" source="K6" target="I6"/>
  <move id="221" source="E:" target="D:"/>
  <player id="1">Player 1</player>
  <player id="2">Player 2</player>
  <result type="1" winner="1"/>
 </game>
</stratego>