<?xml version="1.0" encoding="UTF-8"?>
<stratego>
 <game type="classic">
  
  <field content="DBFDMFEFBDLDBEGIFBDKEHBCHEJBEDIGDJGHDIGHAA__AA__AAAA__AA__AARPPRNTUXRSTPSTRWONTPPPUVPQVQUNQSQPSNQNNY"/>
  <move id="1" source="A4" target="A5"/>
  <move id="2" source="B7" target="B4"/>
  <move id="3" source="A5" target="A6"/>
  <move id="4" source="C7" target="B7"/>
  <move id="5" source="A3" target="A4"/>
  <move id="6" source="K7" target="K6"/>
  <move id="7" source="K4" target="K5"/>
  <move id="8" source="K6" target="K5"/>
  <move id="9" source="K5" target="K6"/>
  <move id="10" source="I7" target="I6"/>
  <move id="11" source="K6" target="I6"/>
  <move id="12" source="H7" target="I7"/>
  <move id="13" source="I6" target="K6"/>
  <move id="14" source="I7" target="K7"/>
  <move id="15" source="K6" target="K5"/>
  <move id="16" source="K7" target="K6"/>
  <move id="17" source="K3" target="K4"/>
  <move id="18" source="K6" target="K5"/>
  <move id="19" source="F4" target="F5"/>
  <move id="20" source="K5" target="K4"/>
  <move id="21" source="F5" target="F6"/>
  <move id="22" source="I8" target="I7"/>
  <move id="23" source="G4" target="F4"/>
  <move id="24" source="I7" target="I6"/>
  <move id="25" source="F4" target="F5"/>
  <move id="26" source="I6" target="I5"/>
  <move id="27" source="F6" target="F7"/>
  <move id="28" source="F8" target="F7"/>
  <move id="29" source="F5" target="F7"/>
  <move id="30" source="I5" target="I4"/>
  <move id="31" source="E4" target="E5"/>
  <move id="32" source="I4" target="I3"/>
  <move id="33" source="E5" target="E6"/>
  <move id="34" source="I3" target="I2"/>
  <move id="35" source="E6" target="F6"/>
  <move id="36" source="G8" target="F8"/>
  <move id="37" source="F6" target="E6"/>
  <move id="38" source="I2" target="I1"/>
  <move id="39" source="H4" target="G4"/>
  <move id="40" source="K4" target="I4"/>
  <move id="41" source="G4" target="F4"/>
  <move id="42" source="K8" target="K2"/>
  <move id="43" source="K2" target="K3"/>
  <move id="44" source="G7" target="H7"/>
  <move id="45" source="K1" target="K2"/>
  <move id="46" source="H7" target="I7"/>
  <move id="47" source="F4" target="F5"/>
  <move id="48" source="I7" target="I6"/>
  <move id="49" source="F5" target="F6"/>
  <move id="50" source="I6" target="I5"/>
  <move id="51" source="F6" target="F5"/>
  <move id="52" source="I4" target="K4"/>
  <move id="53" source="K3" target="I3"/>
  <move id="54" source="I5" target="I4"/>
  <move id="55" source="K2" target="I2"/>
  <move id="56" source="I4" target="H4"/>
  <move id="57" source="B4" target="B5"/>
  <move id="58" source="K4" target="I4"/>
  <move id="59" source="I3" target="K3"/>
  <move id="60" source="H4" target="H3"/>
  <move id="61" source="B5" target="B6"/>
  <move id="62" source="I9" target="I8"/>
  <move id="63" source="F5" target="F6"/>
  <move id="64" source="I8" target="I7"/>
  <move id="65" source="E6" target="E5"/>
  <move id="66" source="I7" target="I6"/>
  <move id="67" source="E5" target="E4"/>
  <move id="68" source="I6" target="I5"/>
  <move id="69" source="E4" target="F4"/>
  <move id="70" source="B7" target="B6"/>
  <move id="71" source="B6" target="B5"/>
  <move id="72" source="I4" target="K4"/>
  <move id="73" source="K3" target="I3"/>
  <move id="74" source="I5" target="I4"/>
  <move id="75" source="B5" target="A5"/>
  <move id="76" source="I4" target="H4"/>
  <move id="77" source="F4" target="F5"/>
  <move id="78" source="K4" target="I4"/>
  <move id="79" source="I3" target="K3"/>
  <move id="80" source="H4" target="G4"/>
  <move id="81" source="C4" target="B4"/>
  <move id="82" source="G4" target="G3"/>
  <move id="83" source="G3" target="G4"/>
  <move id="84" source="I4" target="H4"/>
  <move id="85" source="G4" target="F4"/>
  <move id="86" source="H4" target="G4"/>
  <move id="87" source="F4" target="E4"/>
  <move id="88" source="G4" target="F4"/>
  <move id="89" source="E4" target="E5"/>
  <move id="90" source="F4" target="F5"/>
  <move id="91" source="E5" target="E4"/>
  <move id="92" source="F5" target="F4"/>
  <move id="93" source="E4" target="E5"/>
  <move id="94" source="F4" target="F5"/>
  <move id="95" source="E5" target="E6"/>
  <move id="96" source="F5" target="E5"/>
  <move id="97" source="E6" target="E7"/>
  <move id="98" source="E5" target="F5"/>
  <move id="99" source="K3" target="K4"/>
  <move id="100" source="F5" target="F6"/>
  <move id="101" source="K4" target="K5"/>
  <move id="102" source="F7" target="G7"/>
  <move id="103" source="K5" target="K6"/>
  <move id="104" source="G7" target="H7"/>
  <move id="105" source="K6" target="K7"/>
  <move id="106" source="H7" target="I7"/>
  <move id="107" source="K7" target="K8"/>
  <move id="108" source="I7" target="I8"/>
  <move id="109" source="K8" target="K9"/>
  <player id="1">Player 1</player>
  <player id="2">Player 2</player>
  <result type="3" winner="2"/>
 </game>
</stratego>