<?xml version="1.0" encoding="UTF-8"?>
<stratego>
 <game type="classic">
  
  <field content="IEFEHFEBEFDGBIBGHBGDCDDEFBDLBJKJMIHDGDHDAA__AA__AAAA__AA__AAQRTNQTVXSTRNNSWOUQQVNRSUPPTUSNRPPPPPPQNY"/>
  <move id="1" source="F4" target="F5"/>
  <move id="2" source="B7" target="B6"/>
  <move id="3" source="F5" target="F6"/>
  <move id="4" source="A7" target="A6"/>
  <move id="5" source="E4" target="E5"/>
  <move id="6" source="C7" target="B7"/>
  <move id="7" source="F6" target="F7"/>
  <move id="8" source="F7" target="F6"/>
  <move id="9" source="E5" target="E6"/>
  <move id="10" source="G7" target="F7"/>
  <move id="11" source="E6" target="E7"/>
  <move id="12" source="F7" target="E7"/>
  <move id="13" source="G4" target="F4"/>
  <move id="14" source="E7" target="F7"/>
  <move id="15" source="H4" target="G4"/>
  <move id="16" source="F7" target="G7"/>
  <move id="17" source="H3" target="H4"/>
  <move id="18" source="E8" target="E7"/>
  <move id="19" source="F4" target="E4"/>
  <move id="20" source="E7" target="F7"/>
  <move id="21" source="G4" target="F4"/>
  <move id="22" source="E9" target="E8"/>
  <move id="23" source="H4" target="G4"/>
  <move id="24" source="E8" target="E7"/>
  <move id="25" source="K4" target="K5"/>
  <move id="26" source="E:" target="E9"/>
  <move id="27" source="K5" target="K7"/>
  <move id="28" source="I7" target="I6"/>
  <move id="29" source="K3" target="K4"/>
  <move id="30" source="H7" target="I7"/>
  <move id="31" source="K4" target="K5"/>
  <move id="32" source="E9" target="E8"/>
  <move id="33" source="I4" target="I5"/>
  <move id="34" source="E7" target="E6"/>
  <move id="35" source="K5" target="K6"/>
  <move id="36" source="D:" target="E:"/>
  <move id="37" source="K6" target="I6"/>
  <move id="38" source="I7" target="I6"/>
  <move id="39" source="I5" target="I4"/>
  <move id="40" source="E:" target="E9"/>
  <move id="41" source="B4" target="B5"/>
  <move id="42" source="C:" target="D:"/>
  <move id="43" source="B5" target="B6"/>
  <move id="44" source="A6" target="A5"/>
  <move id="45" source="B6" target="A6"/>
  <move id="46" source="A5" target="A4"/>
  <move id="47" source="B3" target="B7"/>
  <move id="48" source="E6" target="E5"/>
  <move id="49" source="A6" target="A7"/>
  <move id="50" source="B7" target="B6"/>
  <move id="51" source="A7" target="B7"/>
  <move id="52" source="B6" target="A6"/>
  <move id="53" source="A4" target="A5"/>
  <move id="54" source="F6" target="F5"/>
  <move id="55" source="A5" target="A6"/>
  <move id="56" source="F7" target="F6"/>
  <move id="57" source="B7" target="B6"/>
  <move id="58" source="G7" target="F7"/>
  <move id="59" source="B6" target="B5"/>
  <move id="60" source="F7" target="E7"/>
  <move id="61" source="C3" target="B3"/>
  <move id="62" source="E7" target="E6"/>
  <move id="63" source="B5" target="A5"/>
  <move id="64" source="I6" target="I7"/>
  <move id="65" source="B3" target="B8"/>
  <move id="66" source="I7" target="H7"/>
  <move id="67" source="B2" target="B3"/>
  <move id="68" source="H7" target="G7"/>
  <move id="69" source="B3" target="C3"/>
  <move id="70" source="G7" target="F7"/>
  <move id="71" source="B1" target="B2"/>
  <move id="72" source="F7" target="E7"/>
  <move id="73" source="B2" target="B3"/>
  <move id="74" source="F6" target="F7"/>
  <move id="75" source="B3" target="B4"/>
  <move id="76" source="F7" target="G7"/>
  <move id="77" source="B4" target="B5"/>
  <move id="78" source="G7" target="H7"/>
  <move id="79" source="B5" target="B6"/>
  <move id="80" source="F8" target="F7"/>
  <move id="81" source="B6" target="B7"/>
  <move id="82" source="F7" target="G7"/>
  <move id="83" source="B7" target="B8"/>
  <move id="84" source="B9" target="B8"/>
  <move id="85" source="A6" target="A7"/>
  <move id="86" source="B8" target="B9"/>
  <move id="87" source="A7" target="B7"/>
  <move id="88" source="E8" target="F8"/>
  <move id="89" source="B7" target="B8"/>
  <move id="90" source="E7" target="E8"/>
  <move id="91" source="B8" target="B9"/>
  <move id="92" source="E9" target="E:"/>
  <move id="93" source="B9" target="B8"/>
  <move id="94" source="E8" target="E9"/>
  <move id="95" source="B8" target="B7"/>
  <move id="96" source="F8" target="F7"/>
  <move id="97" source="A3" target="A4"/>
  <move id="98" source="F9" target="F8"/>
  <move id="99" source="A4" target="B4"/>
  <move id="100" source="F:" target="F9"/>
  <move id="101" source="B4" target="B5"/>
  <move id="102" source="E:" target="F:"/>
  <move id="103" source="B5" target="B6"/>
  <move id="104" source="D:" target="E:"/>
  <move id="105" source="B6" target="A6"/>
  <move id="106" source="D8" target="E8"/>
  <move id="107" source="B7" target="A7"/>
  <move id="108" source="A8" target="B8"/>
  <move id="109" source="A5" target="B5"/>
  <move id="110" source="D9" target="D8"/>
  <move id="111" source="B5" target="B6"/>
  <move id="112" source="E9" target="D9"/>
  <move id="113" source="B6" target="B7"/>
  <move id="114" source="E:" target="E9"/>
  <move id="115" source="B7" target="B8"/>
  <move id="116" source="C9" target="C:"/>
  <move id="117" source="B8" target="A8"/>
  <move id="118" source="D9" target="C9"/>
  <move id="119" source="A2" target="B2"/>
  <move id="120" source="B:" target="B4"/>
  <move id="121" source="B2" target="B4"/>
  <move id="122" source="C9" target="B9"/>
  <move id="123" source="A8" target="B8"/>
  <move id="124" source="B9" target="B8"/>
  <move id="125" source="F4" target="F5"/>
  <move id="126" source="F7" target="F6"/>
  <move id="127" source="G4" target="F4"/>
  <move id="128" source="G7" target="F7"/>
  <move id="129" source="E4" target="E5"/>
  <move id="130" source="F5" target="E5"/>
  <move id="131" source="D4" target="E4"/>
  <move id="132" source="E5" target="F5"/>
  <move id="133" source="E4" target="E5"/>
  <move id="134" source="F7" target="E7"/>
  <move id="135" source="E5" target="F5"/>
  <move id="136" source="H7" target="G7"/>
  <move id="137" source="F5" target="F6"/>
  <move id="138" source="E6" target="E5"/>
  <move id="139" source="F6" target="F5"/>
  <move id="140" source="G7" target="F7"/>
  <move id="141" source="F5" target="E5"/>
  <move id="142" source="B8" target="B7"/>
  <move id="143" source="F4" target="E4"/>
  <move id="144" source="E5" target="E6"/>
  <move id="145" source="E4" target="E5"/>
  <move id="146" source="G8" target="G7"/>
  <move id="147" source="E5" target="E6"/>
  <move id="148" source="E7" target="E6"/>
  <move id="149" source="I4" target="H4"/>
  <move id="150" source="B7" target="A7"/>
  <move id="151" source="A6" target="A7"/>
  <move id="152" source="E9" target="D9"/>
  <move id="153" source="K2" target="K3"/>
  <move id="154" source="D9" target="C9"/>
  <move id="155" source="A7" target="A8"/>
  <move id="156" source="C9" target="B9"/>
  <move id="157" source="A8" target="A9"/>
  <move id="158" source="G7" target="G8"/>
  <move id="159" source="A1" target="A2"/>
  <move id="160" source="K7" target="I7"/>
  <move id="161" source="A2" target="A3"/>
  <move id="162" source="K8" target="K7"/>
  <move id="163" source="A3" target="A4"/>
  <move id="164" source="K7" target="K6"/>
  <move id="165" source="A4" target="A5"/>
  <move id="166" source="K6" target="K5"/>
  <move id="167" source="I2" target="K2"/>
  <move id="168" source="K5" target="K4"/>
  <move id="169" source="A5" target="A6"/>
  <move id="170" source="I7" target="I6"/>
  <move id="171" source="A6" target="A7"/>
  <move id="172" source="I6" target="I5"/>
  <move id="173" source="A7" target="A8"/>
  <move id="174" source="F7" target="E7"/>
  <move id="175" source="A8" target="B8"/>
  <move id="176" source="F8" target="F7"/>
  <move id="177" source="B8" target="B9"/>
  <move id="178" source="D8" target="D9"/>
  <move id="179" source="B9" target="B:"/>
  <move id="180" source="C:" target="D:"/>
  <move id="181" source="H4" target="I4"/>
  <move id="182" source="K4" target="I4"/>
  <move id="183" source="G3" target="G4"/>
  <move id="184" source="F7" target="K7"/>
  <move id="185" source="C3" target="B3"/>
  <move id="186" source="K7" target="K3"/>
  <move id="187" source="B3" target="B4"/>
  <move id="188" source="F9" target="F4"/>
  <move id="189" source="B4" target="B5"/>
  <move id="190" source="F4" target="G4"/>
  <move id="191" source="B5" target="B6"/>
  <move id="192" source="E8" target="F8"/>
  <move id="193" source="B6" target="B7"/>
  <move id="194" source="E7" target="E8"/>
  <move id="195" source="B:" target="B9"/>
  <move id="196" source="E8" target="D8"/>
  <move id="197" source="B7" target="B8"/>
  <move id="198" source="D9" target="E9"/>
  <move id="199" source="B9" target="C9"/>
  <move id="200" source="D8" target="D9"/>
  <move id="201" source="B8" target="B9"/>
  <move id="202" source="D9" target="C9"/>
  <move id="203" source="B9" target="B:"/>
  <move id="204" source="A:" target="B:"/>
  <move id="205" source="K2" target="K3"/>
  <move id="206" source="D:" target="D9"/>
  <move id="207" source="G2" target="G3"/>
  <move id="208" source="D9" target="D8"/>
  <move id="209" source="G3" target="H3"/>
  <move id="210" source="E9" target="E:"/>
  <move id="211" source="H3" target="H4"/>
  <move id="212" source="I4" target="K4"/>
  <move id="213" source="H4" target="I4"/>
  <move id="214" source="K4" target="I4"/>
  <move id="215" source="D3" target="C3"/>
  <move id="216" source="C9" target="B9"/>
  <move id="217" source="E3" target="E4"/>
  <move id="218" source="B9" target="B:"/>
  <move id="219" source="F2" target="G2"/>
  <move id="220" source="E:" target="E9"/>
  <move id="221" source="F1" target="F2"/>
  <move id="222" source="E9" target="E8"/>
  <move id="223" source="G2" target="G3"/>
  <move id="224" source="E8" target="E7"/>
  <move id="225" source="F2" target="G2"/>
  <move id="226" source="G8" target="G7"/>
  <move id="227" source="E1" target="F1"/>
  <move id="228" source="G7" target="F7"/>
  <move id="229" source="F1" target="F2"/>
  <move id="230" source="F7" target="F6"/>
  <move id="231" source="D1" target="E1"/>
  <move id="232" source="F6" target="F5"/>
  <move id="233" source="D2" target="D3"/>
  <move id="234" source="E6" target="E5"/>
  <move id="235" source="D3" target="E3"/>
  <move id="236" source="E7" target="E6"/>
  <move id="237" source="E1" target="F1"/>
  <move id="238" source="F5" target="F4"/>
  <move id="239" source="G3" target="H3"/>
  <move id="240" source="B:" target="B9"/>
  <move id="241" source="G2" target="G3"/>
  <move id="242" source="B9" target="B8"/>
  <move id="243" source="G1" target="G2"/>
  <move id="244" source="E5" target="E4"/>
  <move id="245" source="C1" target="B1"/>
  <move id="246" source="E6" target="E5"/>
  <move id="247" source="B1" target="B2"/>
  <move id="248" source="B8" target="B7"/>
  <move id="249" source="B2" target="B3"/>
  <move id="250" source="B7" target="B6"/>
  <move id="251" source="B3" target="A3"/>
  <move id="252" source="B6" target="B5"/>
  <move id="253" source="A3" target="A4"/>
  <move id="254" source="H8" target="H7"/>
  <move id="255" source="G3" target="G4"/>
  <move id="256" source="F4" target="G4"/>
  <move id="257" source="E4" target="F4"/>
  <move id="258" source="G4" target="F4"/>
  <move id="259" source="E3" target="E4"/>
  <move id="260" source="H9" target="H8"/>
  <move id="261" source="E4" target="F4"/>
  <move id="262" source="E5" target="E4"/>
  <move id="263" source="C3" target="B3"/>
  <move id="264" source="H8" target="G8"/>
  <move id="265" source="B3" target="B4"/>
  <move id="266" source="B5" target="B4"/>
  <move id="267" source="A4" target="A5"/>
  <move id="268" source="F8" target="F7"/>
  <move id="269" source="A5" target="A6"/>
  <move id="270" source="B4" target="B5"/>
  <move id="271" source="A6" target="A7"/>
  <move id="272" source="B5" target="B6"/>
  <move id="273" source="A7" target="A8"/>
  <move id="274" source="B6" target="B7"/>
  <move id="275" source="G2" target="G3"/>
  <move id="276" source="G8" target="F8"/>
  <move id="277" source="G3" target="G4"/>
  <move id="278" source="F8" target="F9"/>
  <move id="279" source="F1" target="E1"/>
  <move id="280" source="F9" target="E9"/>
  <move id="281" source="F2" target="F1"/>
  <move id="282" source="E9" target="D9"/>
  <move id="283" source="E1" target="D1"/>
  <move id="284" source="D9" target="C9"/>
  <move id="285" source="F1" target="E1"/>
  <move id="286" source="C9" target="B9"/>
  <move id="287" source="D1" target="D2"/>
  <move id="288" source="B7" target="A7"/>
  <move id="289" source="E1" target="D1"/>
  <move id="290" source="A7" target="A8"/>
  <move id="291" source="D2" target="D3"/>
  <move id="292" source="A8" target="A7"/>
  <move id="293" source="D1" target="D2"/>
  <move id="294" source="A7" target="A6"/>
  <move id="295" source="D3" target="C3"/>
  <move id="296" source="A6" target="A5"/>
  <move id="297" source="D2" target="D3"/>
  <move id="298" source="A5" target="A4"/>
  <move id="299" source="D3" target="D4"/>
  <move id="300" source="A4" target="A3"/>
  <move id="301" source="D4" target="E4"/>
  <move id="302" source="A3" target="B3"/>
  <player id="1">Player 1</player>
  <player id="2">Player 2</player>
  <result type="3" winner="2"/>
 </game>
</stratego>