<?xml version="1.0" encoding="UTF-8"?>
<stratego>
 <game type="classic">
  
  <field content="EMBFDBBBBEFJCBLDHGFJGEDGDDKDEGHIDEIDHFIHAA__AA__AAAA__AA__AATPORPSXSPPSWUVTPQNRTTPPRQQNRNSVPUUQNYNQN"/>
  <move id="1" source="E4" target="E5"/>
  <move id="2" source="B7" target="B6"/>
  <move id="3" source="B4" target="B5"/>
  <move id="4" source="A7" target="A6"/>
  <move id="5" source="B5" target="B6"/>
  <move id="6" source="A6" target="A5"/>
  <move id="7" source="I4" target="I5"/>
  <move id="8" source="A5" target="A4"/>
  <move id="9" source="I5" target="I6"/>
  <move id="10" source="B8" target="B7"/>
  <move id="11" source="B6" target="B5"/>
  <move id="12" source="B7" target="B6"/>
  <move id="13" source="B5" target="B6"/>
  <move id="14" source="B6" target="B7"/>
  <move id="15" source="E5" target="E6"/>
  <move id="16" source="B7" target="B8"/>
  <move id="17" source="K4" target="K5"/>
  <move id="18" source="B8" target="B7"/>
  <move id="19" source="K5" target="K6"/>
  <move id="20" source="B7" target="B6"/>
  <move id="21" source="K6" target="K7"/>
  <move id="22" source="K8" target="K7"/>
  <move id="23" source="K3" target="K4"/>
  <move id="24" source="B6" target="B5"/>
  <move id="25" source="K4" target="K5"/>
  <move id="26" source="B5" target="B6"/>
  <move id="27" source="K5" target="K6"/>
  <move id="28" source="B6" target="B7"/>
  <move id="29" source="K6" target="K7"/>
  <move id="30" source="B7" target="B8"/>
  <move id="31" source="K7" target="K8"/>
  <move id="32" source="B8" target="B7"/>
  <move id="33" source="I3" target="K3"/>
  <move id="34" source="B7" target="B6"/>
  <move id="35" source="K3" target="K4"/>
  <move id="36" source="B6" target="B5"/>
  <move id="37" source="K4" target="K5"/>
  <move id="38" source="B5" target="B6"/>
  <move id="39" source="K5" target="K6"/>
  <move id="40" source="B6" target="B7"/>
  <move id="41" source="K6" target="K7"/>
  <move id="42" source="B7" target="B8"/>
  <move id="43" source="K7" target="I7"/>
  <move id="44" source="I8" target="I7"/>
  <move id="45" source="K8" target="I8"/>
  <move id="46" source="I7" target="K7"/>
  <move id="47" source="I6" target="K6"/>
  <move id="48" source="K7" target="K8"/>
  <move id="49" source="H4" target="I4"/>
  <move id="50" source="B8" target="B7"/>
  <move id="51" source="I4" target="I5"/>
  <move id="52" source="B7" target="B6"/>
  <move id="53" source="I5" target="I6"/>
  <move id="54" source="B6" target="B5"/>
  <move id="55" source="I6" target="I7"/>
  <move id="56" source="B5" target="B6"/>
  <move id="57" source="K6" target="K7"/>
  <move id="58" source="B6" target="B7"/>
  <move id="59" source="H3" target="H4"/>
  <move id="60" source="B7" target="B6"/>
  <move id="61" source="H4" target="I4"/>
  <move id="62" source="B6" target="B5"/>
  <move id="63" source="I4" target="I5"/>
  <move id="64" source="B5" target="B6"/>
  <move id="65" source="I5" target="I6"/>
  <move id="66" source="B6" target="B7"/>
  <move id="67" source="K7" target="K8"/>
  <move id="68" source="H7" target="I7"/>
  <move id="69" source="I8" target="I9"/>
  <move id="70" source="I7" target="I6"/>
  <move id="71" source="K8" target="K7"/>
  <move id="72" source="B7" target="B6"/>
  <move id="73" source="G4" target="H4"/>
  <move id="74" source="B6" target="B5"/>
  <move id="75" source="H4" target="I4"/>
  <move id="76" source="G7" target="H7"/>
  <move id="77" source="I4" target="I5"/>
  <move id="78" source="B5" target="B6"/>
  <move id="79" source="F4" target="F5"/>
  <move id="80" source="I6" target="I7"/>
  <move id="81" source="F5" target="F6"/>
  <move id="82" source="I7" target="I8"/>
  <move id="83" source="I5" target="I6"/>
  <move id="84" source="B6" target="B7"/>
  <move id="85" source="I6" target="I7"/>
  <move id="86" source="I8" target="I7"/>
  <move id="87" source="F3" target="F4"/>
  <move id="88" source="F7" target="F6"/>
  <move id="89" source="E6" target="F6"/>
  <move id="90" source="H7" target="G7"/>
  <move id="91" source="F4" target="E4"/>
  <move id="92" source="E7" target="E4"/>
  <move id="93" source="E3" target="E8"/>
  <move id="94" source="D7" target="E7"/>
  <move id="95" source="D4" target="E4"/>
  <move id="96" source="G7" target="F7"/>
  <move id="97" source="F6" target="F5"/>
  <move id="98" source="F7" target="F6"/>
  <move id="99" source="F5" target="F6"/>
  <move id="100" source="F6" target="F7"/>
  <move id="101" source="I7" target="I8"/>
  <move id="102" source="F7" target="G7"/>
  <move id="103" source="K7" target="K6"/>
  <move id="104" source="G7" target="H7"/>
  <move id="105" source="K6" target="K5"/>
  <move id="106" source="H7" target="I7"/>
  <move id="107" source="I8" target="K8"/>
  <move id="108" source="I7" target="K7"/>
  <move id="109" source="K8" target="K9"/>
  <move id="110" source="K7" target="K6"/>
  <move id="111" source="K5" target="K4"/>
  <move id="112" source="K6" target="K5"/>
  <move id="113" source="K4" target="K3"/>
  <move id="114" source="K5" target="K4"/>
  <move id="115" source="K3" target="I3"/>
  <move id="116" source="K4" target="I4"/>
  <move id="117" source="I3" target="H3"/>
  <move id="118" source="I4" target="H4"/>
  <move id="119" source="H3" target="I3"/>
  <move id="120" source="H4" target="I4"/>
  <move id="121" source="I3" target="K3"/>
  <move id="122" source="I4" target="I5"/>
  <move id="123" source="E4" target="E5"/>
  <move id="124" source="E7" target="F7"/>
  <move id="125" source="E5" target="F5"/>
  <move id="126" source="F7" target="G7"/>
  <move id="127" source="F5" target="F6"/>
  <move id="128" source="G7" target="H7"/>
  <move id="129" source="G3" target="G4"/>
  <move id="130" source="H7" target="I7"/>
  <move id="131" source="G4" target="F4"/>
  <move id="132" source="I7" target="I8"/>
  <move id="133" source="F4" target="E4"/>
  <move id="134" source="I5" target="I6"/>
  <move id="135" source="E4" target="E5"/>
  <move id="136" source="E8" target="E7"/>
  <move id="137" source="E5" target="E6"/>
  <move id="138" source="E7" target="F7"/>
  <move id="139" source="E6" target="E7"/>
  <move id="140" source="F7" target="F6"/>
  <move id="141" source="E7" target="E8"/>
  <move id="142" source="D8" target="D7"/>
  <move id="143" source="E8" target="F8"/>
  <move id="144" source="I6" target="I7"/>
  <move id="145" source="F8" target="F7"/>
  <move id="146" source="D7" target="D8"/>
  <move id="147" source="F7" target="F6"/>
  <move id="148" source="I7" target="H7"/>
  <move id="149" source="F6" target="F7"/>
  <move id="150" source="H7" target="G7"/>
  <move id="151" source="F7" target="F8"/>
  <move id="152" source="D8" target="D7"/>
  <move id="153" source="F8" target="E8"/>
  <move id="154" source="G7" target="F7"/>
  <move id="155" source="E8" target="D8"/>
  <move id="156" source="D7" target="E7"/>
  <move id="157" source="C4" target="E4"/>
  <move id="158" source="F7" target="F8"/>
  <move id="159" source="E4" target="E7"/>
  <move id="160" source="E7" target="F7"/>
  <move id="161" source="D8" target="D7"/>
  <move id="162" source="F8" target="E8"/>
  <move id="163" source="K3" target="I3"/>
  <move id="164" source="F7" target="G7"/>
  <move id="165" source="K2" target="K3"/>
  <move id="166" source="G7" target="H7"/>
  <move id="167" source="K3" target="K4"/>
  <move id="168" source="I8" target="I7"/>
  <move id="169" source="K4" target="K5"/>
  <move id="170" source="I7" target="I6"/>
  <move id="171" source="D3" target="D4"/>
  <move id="172" source="H7" target="I7"/>
  <move id="173" source="K5" target="I5"/>
  <move id="174" source="I6" target="I5"/>
  <move id="175" source="I5" target="I6"/>
  <move id="176" source="I7" target="K7"/>
  <move id="177" source="I6" target="I7"/>
  <move id="178" source="K7" target="K8"/>
  <move id="179" source="K9" target="K:"/>
  <move id="180" source="K8" target="K7"/>
  <move id="181" source="I7" target="K7"/>
  <move id="182" source="E8" target="D8"/>
  <move id="183" source="D7" target="C7"/>
  <move id="184" source="B7" target="C7"/>
  <move id="185" source="D4" target="E4"/>
  <move id="186" source="D8" target="D7"/>
  <move id="187" source="E4" target="F4"/>
  <move id="188" source="D7" target="E7"/>
  <move id="189" source="F4" target="E4"/>
  <move id="190" source="B9" target="B8"/>
  <move id="191" source="E4" target="D4"/>
  <move id="192" source="E7" target="D7"/>
  <move id="193" source="A3" target="A4"/>
  <move id="194" source="B8" target="B7"/>
  <move id="195" source="A4" target="A5"/>
  <move id="196" source="B7" target="B6"/>
  <move id="197" source="D4" target="C4"/>
  <move id="198" source="D7" target="C7"/>
  <move id="199" source="C4" target="D4"/>
  <move id="200" source="C7" target="B7"/>
  <move id="201" source="D4" target="E4"/>
  <move id="202" source="B7" target="A7"/>
  <move id="203" source="E4" target="E5"/>
  <move id="204" source="A7" target="B7"/>
  <move id="205" source="E5" target="E6"/>
  <move id="206" source="B7" target="C7"/>
  <move id="207" source="E6" target="E7"/>
  <move id="208" source="B6" target="B7"/>
  <move id="209" source="E7" target="E8"/>
  <move id="210" source="C7" target="D7"/>
  <move id="211" source="F2" target="F9"/>
  <move id="212" source="B7" target="B6"/>
  <move id="213" source="C3" target="C4"/>
  <move id="214" source="B6" target="B7"/>
  <move id="215" source="A5" target="A6"/>
  <move id="216" source="B7" target="C7"/>
  <move id="217" source="A6" target="A7"/>
  <move id="218" source="F9" target="F8"/>
  <move id="219" source="E8" target="F8"/>
  <move id="220" source="G8" target="G7"/>
  <move id="221" source="F8" target="G8"/>
  <move id="222" source="G7" target="F7"/>
  <move id="223" source="G8" target="G9"/>
  <move id="224" source="F7" target="F8"/>
  <move id="225" source="I3" target="I4"/>
  <move id="226" source="D7" target="E7"/>
  <move id="227" source="C4" target="D4"/>
  <move id="228" source="C7" target="D7"/>
  <move id="229" source="A7" target="B7"/>
  <move id="230" source="D7" target="B7"/>
  <move id="231" source="B7" target="B6"/>
  <move id="232" source="F8" target="E8"/>
  <move id="233" source="B6" target="B5"/>
  <move id="234" source="E7" target="F7"/>
  <move id="235" source="D4" target="C4"/>
  <move id="236" source="C8" target="D8"/>
  <move id="237" source="C4" target="C3"/>
  <move id="238" source="E8" target="E7"/>
  <move id="239" source="B5" target="B4"/>
  <move id="240" source="F7" target="F8"/>
  <move id="241" source="B4" target="C4"/>
  <move id="242" source="E7" target="F7"/>
  <move id="243" source="C4" target="D4"/>
  <move id="244" source="D8" target="E8"/>
  <move id="245" source="B3" target="B4"/>
  <move id="246" source="E8" target="E7"/>
  <move id="247" source="B4" target="B5"/>
  <move id="248" source="F8" target="E8"/>
  <move id="249" source="B5" target="B6"/>
  <move id="250" source="E8" target="D8"/>
  <move id="251" source="B6" target="B7"/>
  <move id="252" source="D8" target="C8"/>
  <move id="253" source="I4" target="H4"/>
  <move id="254" source="E7" target="E8"/>
  <move id="255" source="I2" target="I3"/>
  <move id="256" source="C8" target="C7"/>
  <move id="257" source="B7" target="B8"/>
  <move id="258" source="A8" target="B8"/>
  <move id="259" source="I3" target="I4"/>
  <move id="260" source="F7" target="F8"/>
  <move id="261" source="I4" target="I5"/>
  <move id="262" source="C7" target="D7"/>
  <move id="263" source="I5" target="I6"/>
  <move id="264" source="D7" target="E7"/>
  <move id="265" source="B2" target="B3"/>
  <move id="266" source="B8" target="C8"/>
  <move id="267" source="B3" target="B4"/>
  <move id="268" source="C8" target="D8"/>
  <move id="269" source="B4" target="B5"/>
  <move id="270" source="E7" target="D7"/>
  <move id="271" source="I6" target="I7"/>
  <move id="272" source="F8" target="F9"/>
  <move id="273" source="I7" target="H7"/>
  <move id="274" source="D7" target="E7"/>
  <move id="275" source="B5" target="B6"/>
  <move id="276" source="E7" target="F7"/>
  <move id="277" source="B6" target="B7"/>
  <move id="278" source="E8" target="F8"/>
  <move id="279" source="B7" target="B8"/>
  <move id="280" source="D8" target="D7"/>
  <move id="281" source="D4" target="C4"/>
  <move id="282" source="D7" target="E7"/>
  <move id="283" source="H4" target="G4"/>
  <move id="284" source="E7" target="E6"/>
  <move id="285" source="G4" target="F4"/>
  <move id="286" source="E6" target="E5"/>
  <move id="287" source="C4" target="B4"/>
  <move id="288" source="E5" target="E6"/>
  <move id="289" source="B4" target="B5"/>
  <move id="290" source="E6" target="E7"/>
  <move id="291" source="B5" target="B6"/>
  <move id="292" source="E7" target="D7"/>
  <move id="293" source="B6" target="A6"/>
  <move id="294" source="D7" target="C7"/>
  <move id="295" source="A6" target="A7"/>
  <move id="296" source="C7" target="D7"/>
  <move id="297" source="B8" target="C8"/>
  <move id="298" source="D7" target="E7"/>
  <move id="299" source="A7" target="B7"/>
  <move id="300" source="E7" target="E6"/>
  <move id="301" source="B7" target="B8"/>
  <move id="302" source="A9" target="B9"/>
  <move id="303" source="B8" target="B7"/>
  <move id="304" source="B9" target="A9"/>
  <move id="305" source="C8" target="C9"/>
  <move id="306" source="F7" target="E7"/>
  <move id="307" source="H7" target="G7"/>
  <move id="308" source="E7" target="D7"/>
  <move id="309" source="B7" target="B6"/>
  <move id="310" source="A9" target="A8"/>
  <move id="311" source="C9" target="B9"/>
  <move id="312" source="A8" target="A7"/>
  <move id="313" source="F4" target="E4"/>
  <move id="314" source="A7" target="A6"/>
  <move id="315" source="B6" target="B5"/>
  <move id="316" source="A6" target="A5"/>
  <move id="317" source="B5" target="B4"/>
  <move id="318" source="A5" target="A4"/>
  <move id="319" source="B4" target="C4"/>
  <move id="320" source="A4" target="B4"/>
  <move id="321" source="E4" target="D4"/>
  <move id="322" source="B4" target="C4"/>
  <move id="323" source="D4" target="C4"/>
  <move id="324" source="F8" target="G8"/>
  <move id="325" source="G7" target="H7"/>
  <move id="326" source="G8" target="G7"/>
  <move id="327" source="H7" target="I7"/>
  <move id="328" source="G7" target="H7"/>
  <move id="329" source="I7" target="I6"/>
  <move id="330" source="H7" target="I7"/>
  <move id="331" source="I6" target="I5"/>
  <move id="332" source="I7" target="I6"/>
  <move id="333" source="I5" target="I4"/>
  <move id="334" source="I6" target="I5"/>
  <move id="335" source="I4" target="I3"/>
  <move id="336" source="I5" target="I4"/>
  <move id="337" source="I3" target="K3"/>
  <move id="338" source="I4" target="K4"/>
  <move id="339" source="K3" target="I3"/>
  <move id="340" source="K4" target="I4"/>
  <move id="341" source="I3" target="H3"/>
  <move id="342" source="I4" target="H4"/>
  <move id="343" source="H3" target="G3"/>
  <move id="344" source="D7" target="D8"/>
  <move id="345" source="C4" target="D4"/>
  <move id="346" source="D8" target="C8"/>
  <move id="347" source="D4" target="E4"/>
  <move id="348" source="E6" target="E7"/>
  <move id="349" source="G3" target="F3"/>
  <move id="350" source="C8" target="C9"/>
  <move id="351" source="B9" target="B8"/>
  <move id="352" source="C9" target="C8"/>
  <move id="353" source="B8" target="B9"/>
  <move id="354" source="C8" target="C9"/>
  <move id="355" source="B9" target="B8"/>
  <move id="356" source="A:" target="A9"/>
  <move id="357" source="F3" target="E3"/>
  <move id="358" source="C9" target="C8"/>
  <move id="359" source="B8" target="B9"/>
  <move id="360" source="A9" target="B9"/>
  <move id="361" source="E4" target="E5"/>
  <move id="362" source="C8" target="D8"/>
  <move id="363" source="E5" target="E4"/>
  <move id="364" source="B:" target="B3"/>
  <move id="365" source="C3" target="C4"/>
  <move id="366" source="B3" target="B4"/>
  <move id="367" source="C4" target="C3"/>
  <move id="368" source="B4" target="B3"/>
  <move id="369" source="C3" target="C4"/>
  <move id="370" source="H4" target="G4"/>
  <move id="371" source="E4" target="F4"/>
  <move id="372" source="G4" target="H4"/>
  <move id="373" source="F4" target="G4"/>
  <move id="374" source="H4" target="I4"/>
  <move id="375" source="E3" target="F3"/>
  <move id="376" source="I4" target="I5"/>
  <move id="377" source="G4" target="H4"/>
  <move id="378" source="I5" target="I6"/>
  <move id="379" source="F3" target="F2"/>
  <move id="380" source="I6" target="I7"/>
  <move id="381" source="K1" target="K2"/>
  <move id="382" source="I7" target="H7"/>
  <move id="383" source="K2" target="K3"/>
  <move id="384" source="H7" target="G7"/>
  <move id="385" source="K3" target="K4"/>
  <move id="386" source="G7" target="F7"/>
  <move id="387" source="K4" target="K5"/>
  <move id="388" source="E7" target="E6"/>
  <move id="389" source="K5" target="K6"/>
  <move id="390" source="E6" target="E5"/>
  <move id="391" source="C4" target="D4"/>
  <move id="392" source="B3" target="B4"/>
  <move id="393" source="D4" target="D3"/>
  <move id="394" source="D8" target="E8"/>
  <move id="395" source="H4" target="I4"/>
  <move id="396" source="F7" target="F8"/>
  <move id="397" source="I4" target="I5"/>
  <move id="398" source="E8" target="E7"/>
  <move id="399" source="I5" target="I6"/>
  <move id="400" source="E7" target="F7"/>
  <move id="401" source="I6" target="I7"/>
  <move id="402" source="F7" target="G7"/>
  <move id="403" source="I7" target="I6"/>
  <move id="404" source="G7" target="H7"/>
  <move id="405" source="I6" target="I5"/>
  <move id="406" source="H7" target="G7"/>
  <move id="407" source="I5" target="I4"/>
  <move id="408" source="G7" target="F7"/>
  <move id="409" source="K6" target="K7"/>
  <move id="410" source="F8" target="G8"/>
  <move id="411" source="K7" target="I7"/>
  <move id="412" source="G8" target="G7"/>
  <move id="413" source="I4" target="I3"/>
  <move id="414" source="G7" target="H7"/>
  <move id="415" source="I7" target="I6"/>
  <move id="416" source="F7" target="F6"/>
  <move id="417" source="F2" target="F3"/>
  <move id="418" source="F6" target="F5"/>
  <move id="419" source="I3" target="H3"/>
  <move id="420" source="B4" target="F4"/>
  <move id="421" source="F3" target="F4"/>
  <move id="422" source="F5" target="F4"/>
  <move id="423" source="D3" target="E3"/>
  <move id="424" source="F4" target="G4"/>
  <move id="425" source="I6" target="K6"/>
  <move id="426" source="G4" target="H4"/>
  <move id="427" source="H3" target="G3"/>
  <move id="428" source="H7" target="I7"/>
  <move id="429" source="G3" target="F3"/>
  <move id="430" source="H4" target="G4"/>
  <move id="431" source="K6" target="K5"/>
  <move id="432" source="I7" target="I6"/>
  <move id="433" source="K5" target="K4"/>
  <move id="434" source="I6" target="I5"/>
  <move id="435" source="K4" target="K3"/>
  <move id="436" source="I5" target="I4"/>
  <move id="437" source="K3" target="K2"/>
  <move id="438" source="I4" target="I3"/>
  <move id="439" source="E3" target="D3"/>
  <move id="440" source="E5" target="E4"/>
  <move id="441" source="D3" target="C3"/>
  <move id="442" source="E4" target="D4"/>
  <move id="443" source="F3" target="E3"/>
  <move id="444" source="G4" target="F4"/>
  <move id="445" source="E3" target="D3"/>
  <move id="446" source="F4" target="E4"/>
  <move id="447" source="C3" target="B3"/>
  <move id="448" source="D4" target="C4"/>
  <move id="449" source="D3" target="C3"/>
  <move id="450" source="E4" target="D4"/>
  <move id="451" source="B3" target="B2"/>
  <move id="452" source="C4" target="B4"/>
  <move id="453" source="C3" target="B3"/>
  <move id="454" source="D4" target="C4"/>
  <move id="455" source="E2" target="E3"/>
  <move id="456" source="B4" target="A4"/>
  <move id="457" source="B3" target="A3"/>
  <move id="458" source="C4" target="B4"/>
  <move id="459" source="E3" target="D3"/>
  <move id="460" source="A4" target="A5"/>
  <move id="461" source="G2" target="G3"/>
  <move id="462" source="A5" target="A6"/>
  <move id="463" source="G3" target="G4"/>
  <move id="464" source="A6" target="A7"/>
  <move id="465" source="G4" target="F4"/>
  <move id="466" source="A7" target="B7"/>
  <move id="467" source="F4" target="F5"/>
  <move id="468" source="B7" target="C7"/>
  <move id="469" source="F5" target="F6"/>
  <move id="470" source="C7" target="D7"/>
  <move id="471" source="F6" target="F7"/>
  <move id="472" source="D7" target="C7"/>
  <move id="473" source="F7" target="E7"/>
  <move id="474" source="B4" target="B5"/>
  <move id="475" source="A3" target="A4"/>
  <move id="476" source="B5" target="B6"/>
  <move id="477" source="A4" target="A5"/>
  <move id="478" source="B6" target="B7"/>
  <move id="479" source="A5" target="A6"/>
  <move id="480" source="C7" target="C8"/>
  <move id="481" source="B2" target="B3"/>
  <move id="482" source="B7" target="C7"/>
  <move id="483" source="E7" target="E6"/>
  <move id="484" source="C8" target="D8"/>
  <move id="485" source="B3" target="B4"/>
  <move id="486" source="D8" target="D7"/>
  <move id="487" source="B4" target="C4"/>
  <move id="488" source="C7" target="C8"/>
  <move id="489" source="A6" target="A7"/>
  <move id="490" source="C8" target="D8"/>
  <move id="491" source="A7" target="B7"/>
  <move id="492" source="D8" target="E8"/>
  <move id="493" source="B7" target="C7"/>
  <move id="494" source="D7" target="E7"/>
  <move id="495" source="E6" target="E5"/>
  <move id="496" source="E7" target="F7"/>
  <move id="497" source="C4" target="D4"/>
  <move id="498" source="E8" target="E7"/>
  <move id="499" source="D4" target="E4"/>
  <move id="500" source="E7" target="D7"/>
  <move id="501" source="C7" target="B7"/>
  <move id="502" source="D7" target="C7"/>
  <move id="503" source="B7" target="A7"/>
  <move id="504" source="C7" target="B7"/>
  <move id="505" source="A7" target="A6"/>
  <move id="506" source="B7" target="B6"/>
  <move id="507" source="A6" target="A7"/>
  <move id="508" source="B6" target="B7"/>
  <move id="509" source="A7" target="A8"/>
  <move id="510" source="B7" target="B8"/>
  <move id="511" source="A8" target="A7"/>
  <move id="512" source="B8" target="C8"/>
  <move id="513" source="E4" target="D4"/>
  <move id="514" source="C8" target="D8"/>
  <move id="515" source="E5" target="E6"/>
  <move id="516" source="D8" target="E8"/>
  <move id="517" source="A7" target="B7"/>
  <move id="518" source="I3" target="H3"/>
  <move id="519" source="E6" target="E5"/>
  <move id="520" source="H3" target="G3"/>
  <move id="521" source="E5" target="E4"/>
  <move id="522" source="G3" target="F3"/>
  <move id="523" source="B7" target="C7"/>
  <move id="524" source="E8" target="D8"/>
  <move id="525" source="K2" target="K3"/>
  <move id="526" source="F3" target="G3"/>
  <move id="527" source="E4" target="F4"/>
  <move id="528" source="F7" target="F6"/>
  <move id="529" source="K3" target="K2"/>
  <move id="530" source="F6" target="F5"/>
  <move id="531" source="D3" target="E3"/>
  <move id="532" source="F5" target="F4"/>
  <move id="533" source="F4" target="F5"/>
  <move id="534" source="G3" target="G4"/>
  <move id="535" source="E3" target="E4"/>
  <move id="536" source="D8" target="D7"/>
  <move id="537" source="C7" target="C8"/>
  <move id="538" source="D7" target="E7"/>
  <move id="539" source="E4" target="F4"/>
  <move id="540" source="G4" target="G3"/>
  <move id="541" source="C8" target="D8"/>
  <move id="542" source="E7" target="E8"/>
  <move id="543" source="D8" target="D7"/>
  <move id="544" source="G3" target="H3"/>
  <move id="545" source="F4" target="G4"/>
  <move id="546" source="H3" target="I3"/>
  <move id="547" source="G4" target="H4"/>
  <move id="548" source="I3" target="K3"/>
  <move id="549" source="K2" target="I2"/>
  <move id="550" source="E8" target="E7"/>
  <move id="551" source="D7" target="D8"/>
  <move id="552" source="E7" target="D7"/>
  <move id="553" source="D8" target="E8"/>
  <move id="554" source="D7" target="D8"/>
  <move id="555" source="E8" target="E7"/>
  <move id="556" source="C:" target="B:"/>
  <move id="557" source="H4" target="I4"/>
  <move id="558" source="B:" target="B9"/>
  <move id="559" source="I2" target="I3"/>
  <move id="560" source="B9" target="B8"/>
  <move id="561" source="D4" target="E4"/>
  <move id="562" source="B8" target="B7"/>
  <move id="563" source="E4" target="E5"/>
  <move id="564" source="B7" target="B6"/>
  <move id="565" source="E5" target="E6"/>
  <move id="566" source="B6" target="B5"/>
  <move id="567" source="E7" target="F7"/>
  <move id="568" source="D8" target="E8"/>
  <move id="569" source="F5" target="E5"/>
  <move id="570" source="B5" target="B4"/>
  <move id="571" source="F7" target="F6"/>
  <move id="572" source="B4" target="C4"/>
  <move id="573" source="F6" target="F5"/>
  <move id="574" source="C4" target="D4"/>
  <move id="575" source="F5" target="F4"/>
  <move id="576" source="D4" target="E4"/>
  <move id="577" source="F4" target="E4"/>
  <move id="578" source="D:" target="C:"/>
  <move id="579" source="E5" target="E4"/>
  <move id="580" source="C:" target="C9"/>
  <move id="581" source="I3" target="H3"/>
  <move id="582" source="C9" target="C8"/>
  <move id="583" source="H3" target="G3"/>
  <move id="584" source="C8" target="C7"/>
  <move id="585" source="G3" target="F3"/>
  <move id="586" source="C7" target="D7"/>
  <move id="587" source="F3" target="E3"/>
  <move id="588" source="D7" target="E7"/>
  <move id="589" source="E4" target="E5"/>
  <move id="590" source="E7" target="E6"/>
  <move id="591" source="E5" target="F5"/>
  <move id="592" source="E6" target="F6"/>
  <move id="593" source="F5" target="F4"/>
  <move id="594" source="F6" target="F5"/>
  <move id="595" source="F4" target="G4"/>
  <move id="596" source="F5" target="F4"/>
  <move id="597" source="G4" target="H4"/>
  <move id="598" source="F4" target="F3"/>
  <move id="599" source="E3" target="E4"/>
  <move id="600" source="F3" target="E3"/>
  <move id="601" source="E4" target="D4"/>
  <move id="602" source="E8" target="E7"/>
  <move id="603" source="H4" target="G4"/>
  <move id="604" source="E7" target="E6"/>
  <move id="605" source="D4" target="C4"/>
  <move id="606" source="E3" target="D3"/>
  <move id="607" source="C4" target="B4"/>
  <move id="608" source="E6" target="E7"/>
  <move id="609" source="G4" target="F4"/>
  <move id="610" source="D3" target="C3"/>
  <move id="611" source="B4" target="A4"/>
  <move id="612" source="E7" target="D7"/>
  <move id="613" source="F4" target="F5"/>
  <move id="614" source="C3" target="D3"/>
  <move id="615" source="A4" target="A5"/>
  <move id="616" source="D3" target="E3"/>
  <move id="617" source="F5" target="F4"/>
  <move id="618" source="E3" target="F3"/>
  <move id="619" source="F4" target="G4"/>
  <move id="620" source="F3" target="G3"/>
  <move id="621" source="G4" target="H4"/>
  <move id="622" source="G3" target="F3"/>
  <move id="623" source="H4" target="G4"/>
  <move id="624" source="K3" target="K2"/>
  <move id="625" source="I4" target="I3"/>
  <move id="626" source="F3" target="F4"/>
  <move id="627" source="G4" target="G3"/>
  <move id="628" source="F4" target="G4"/>
  <move id="629" source="G3" target="F3"/>
  <move id="630" source="D7" target="C7"/>
  <move id="631" source="A5" target="A6"/>
  <move id="632" source="C7" target="B7"/>
  <move id="633" source="I3" target="H3"/>
  <move id="634" source="K2" target="K3"/>
  <move id="635" source="H3" target="G3"/>
  <move id="636" source="G4" target="F4"/>
  <move id="637" source="F3" target="E3"/>
  <move id="638" source="F4" target="E4"/>
  <move id="639" source="E3" target="F3"/>
  <move id="640" source="E4" target="F4"/>
  <move id="641" source="F3" target="E3"/>
  <move id="642" source="K3" target="K4"/>
  <move id="643" source="G3" target="G4"/>
  <move id="644" source="F4" target="E4"/>
  <move id="645" source="E3" target="F3"/>
  <move id="646" source="E4" target="E5"/>
  <move id="647" source="G4" target="F4"/>
  <move id="648" source="K4" target="K5"/>
  <move id="649" source="F3" target="G3"/>
  <move id="650" source="K5" target="K6"/>
  <move id="651" source="G3" target="H3"/>
  <move id="652" source="K6" target="K7"/>
  <move id="653" source="H3" target="I3"/>
  <move id="654" source="K7" target="I7"/>
  <move id="655" source="I3" target="I4"/>
  <move id="656" source="I7" target="H7"/>
  <move id="657" source="I4" target="I5"/>
  <move id="658" source="H7" target="G7"/>
  <move id="659" source="I5" target="I6"/>
  <move id="660" source="G7" target="G8"/>
  <move id="661" source="I6" target="I7"/>
  <move id="662" source="G8" target="F8"/>
  <move id="663" source="I7" target="H7"/>
  <move id="664" source="F8" target="F7"/>
  <move id="665" source="H7" target="I7"/>
  <move id="666" source="F7" target="G7"/>
  <move id="667" source="I7" target="I6"/>
  <move id="668" source="E5" target="E6"/>
  <move id="669" source="F4" target="F5"/>
  <move id="670" source="E6" target="E7"/>
  <move id="671" source="F5" target="F6"/>
  <move id="672" source="E7" target="D7"/>
  <move id="673" source="F6" target="F7"/>
  <move id="674" source="G7" target="H7"/>
  <move id="675" source="F7" target="F6"/>
  <move id="676" source="D7" target="D8"/>
  <move id="677" source="I6" target="I5"/>
  <move id="678" source="D8" target="C8"/>
  <move id="679" source="A6" target="A5"/>
  <move id="680" source="B7" target="B6"/>
  <move id="681" source="A5" target="A4"/>
  <move id="682" source="B6" target="B5"/>
  <move id="683" source="F6" target="F7"/>
  <move id="684" source="C8" target="B8"/>
  <move id="685" source="F7" target="F8"/>
  <move id="686" source="B8" target="A8"/>
  <move id="687" source="E1" target="E9"/>
  <move id="688" source="A8" target="A7"/>
  <move id="689" source="F8" target="E8"/>
  <move id="690" source="A7" target="A6"/>
  <move id="691" source="E8" target="E9"/>
  <move id="692" source="A6" target="A5"/>
  <move id="693" source="E9" target="E8"/>
  <move id="694" source="A5" target="A4"/>
  <move id="695" source="E8" target="E7"/>
  <move id="696" source="H7" target="I7"/>
  <move id="697" source="I5" target="I4"/>
  <move id="698" source="B5" target="B6"/>
  <move id="699" source="E7" target="F7"/>
  <move id="700" source="B6" target="B7"/>
  <move id="701" source="F7" target="F6"/>
  <move id="702" source="B7" target="C7"/>
  <move id="703" source="F6" target="F5"/>
  <move id="704" source="C7" target="D7"/>
  <move id="705" source="F5" target="F4"/>
  <move id="706" source="D7" target="E7"/>
  <move id="707" source="F4" target="G4"/>
  <move id="708" source="E7" target="E6"/>
  <move id="709" source="I4" target="I3"/>
  <move id="710" source="E6" target="E5"/>
  <move id="711" source="I3" target="K3"/>
  <move id="712" source="E5" target="F5"/>
  <move id="713" source="G4" target="H4"/>
  <move id="714" source="I7" target="K7"/>
  <move id="715" source="H4" target="I4"/>
  <move id="716" source="K7" target="K6"/>
  <move id="717" source="I4" target="K4"/>
  <move id="718" source="K6" target="I6"/>
  <move id="719" source="K4" target="K5"/>
  <move id="720" source="F5" target="F4"/>
  <move id="721" source="K5" target="I5"/>
  <move id="722" source="I6" target="K6"/>
  <move id="723" source="K3" target="I3"/>
  <move id="724" source="F4" target="G4"/>
  <move id="725" source="I5" target="I6"/>
  <move id="726" source="K6" target="K5"/>
  <move id="727" source="I6" target="I7"/>
  <move id="728" source="K5" target="K4"/>
  <move id="729" source="I7" target="H7"/>
  <move id="730" source="G4" target="F4"/>
  <move id="731" source="H7" target="I7"/>
  <move id="732" source="F4" target="G4"/>
  <move id="733" source="I7" target="H7"/>
  <move id="734" source="G4" target="G3"/>
  <move id="735" source="H7" target="G7"/>
  <move id="736" source="G3" target="H3"/>
  <move id="737" source="G7" target="F7"/>
  <move id="738" source="H3" target="I3"/>
  <move id="739" source="F7" target="F8"/>
  <move id="740" source="I3" target="H3"/>
  <move id="741" source="F8" target="F7"/>
  <move id="742" source="H3" target="G3"/>
  <move id="743" source="F7" target="G7"/>
  <move id="744" source="G3" target="F3"/>
  <move id="745" source="G7" target="H7"/>
  <move id="746" source="K4" target="K3"/>
  <move id="747" source="H7" target="I7"/>
  <move id="748" source="K3" target="I3"/>
  <move id="749" source="I7" target="I6"/>
  <move id="750" source="I3" target="H3"/>
  <move id="751" source="I6" target="I7"/>
  <move id="752" source="H3" target="G3"/>
  <move id="753" source="I7" target="H7"/>
  <move id="754" source="F3" target="F4"/>
  <move id="755" source="H7" target="G7"/>
  <move id="756" source="F4" target="F5"/>
  <move id="757" source="G7" target="H7"/>
  <move id="758" source="F5" target="F6"/>
  <move id="759" source="H7" target="I7"/>
  <move id="760" source="G3" target="G4"/>
  <move id="761" source="I7" target="I6"/>
  <move id="762" source="G4" target="F4"/>
  <move id="763" source="I6" target="I5"/>
  <move id="764" source="F4" target="F5"/>
  <move id="765" source="I5" target="I4"/>
  <move id="766" source="F5" target="E5"/>
  <move id="767" source="I4" target="H4"/>
  <move id="768" source="F6" target="F5"/>
  <move id="769" source="H4" target="G4"/>
  <move id="770" source="A4" target="A5"/>
  <move id="771" source="G4" target="H4"/>
  <move id="772" source="E5" target="E6"/>
  <move id="773" source="H4" target="I4"/>
  <move id="774" source="F5" target="F6"/>
  <move id="775" source="I4" target="I5"/>
  <move id="776" source="E6" target="E5"/>
  <move id="777" source="I5" target="I6"/>
  <move id="778" source="F6" target="E6"/>
  <move id="779" source="I6" target="I7"/>
  <move id="780" source="E5" target="F5"/>
  <move id="781" source="I7" target="H7"/>
  <move id="782" source="E6" target="E5"/>
  <move id="783" source="H7" target="G7"/>
  <move id="784" source="F5" target="F6"/>
  <move id="785" source="G7" target="H7"/>
  <move id="786" source="E5" target="F5"/>
  <move id="787" source="H7" target="I7"/>
  <move id="788" source="F6" target="E6"/>
  <move id="789" source="I7" target="I6"/>
  <move id="790" source="F5" target="F6"/>
  <move id="791" source="I6" target="I5"/>
  <move id="792" source="E6" target="E5"/>
  <move id="793" source="I5" target="I4"/>
  <move id="794" source="F6" target="E6"/>
  <move id="795" source="I4" target="H4"/>
  <move id="796" source="E5" target="F5"/>
  <move id="797" source="H4" target="G4"/>
  <move id="798" source="A5" target="A4"/>
  <move id="799" source="G4" target="H4"/>
  <move id="800" source="F5" target="F6"/>
  <move id="801" source="H4" target="I4"/>
  <move id="802" source="F6" target="F7"/>
  <move id="803" source="I4" target="I5"/>
  <move id="804" source="E6" target="F6"/>
  <move id="805" source="I5" target="I6"/>
  <move id="806" source="F7" target="G7"/>
  <move id="807" source="I6" target="I7"/>
  <move id="808" source="A4" target="B4"/>
  <move id="809" source="I7" target="I6"/>
  <move id="810" source="F6" target="F5"/>
  <move id="811" source="I6" target="I5"/>
  <move id="812" source="F5" target="F4"/>
  <move id="813" source="I5" target="I4"/>
  <move id="814" source="F4" target="G4"/>
  <move id="815" source="I4" target="I5"/>
  <move id="816" source="G4" target="H4"/>
  <move id="817" source="I5" target="I6"/>
  <move id="818" source="H4" target="I4"/>
  <move id="819" source="I6" target="I7"/>
  <move id="820" source="I4" target="I5"/>
  <move id="821" source="I7" target="H7"/>
  <move id="822" source="G7" target="F7"/>
  <move id="823" source="H7" target="G7"/>
  <move id="824" source="F7" target="F6"/>
  <move id="825" source="G7" target="F7"/>
  <move id="826" source="F6" target="F5"/>
  <move id="827" source="F7" target="F6"/>
  <move id="828" source="F5" target="F4"/>
  <move id="829" source="F6" target="F5"/>
  <move id="830" source="F4" target="G4"/>
  <move id="831" source="F5" target="F4"/>
  <move id="832" source="G4" target="G3"/>
  <move id="833" source="F4" target="F3"/>
  <move id="834" source="G3" target="G2"/>
  <move id="835" source="F3" target="G3"/>
  <move id="836" source="G2" target="F2"/>
  <move id="837" source="G3" target="F3"/>
  <move id="838" source="F2" target="E2"/>
  <move id="839" source="F3" target="E3"/>
  <move id="840" source="E2" target="F2"/>
  <move id="841" source="E3" target="E4"/>
  <move id="842" source="I5" target="I4"/>
  <move id="843" source="E4" target="E5"/>
  <move id="844" source="I4" target="H4"/>
  <move id="845" source="E5" target="E6"/>
  <move id="846" source="H4" target="G4"/>
  <move id="847" source="E6" target="E7"/>
  <move id="848" source="G4" target="F4"/>
  <move id="849" source="E7" target="F7"/>
  <move id="850" source="B4" target="C4"/>
  <move id="851" source="F7" target="G7"/>
  <move id="852" source="F2" target="F3"/>
  <move id="853" source="G7" target="H7"/>
  <move id="854" source="C4" target="D4"/>
  <move id="855" source="H7" target="I7"/>
  <move id="856" source="D4" target="E4"/>
  <move id="857" source="I7" target="I6"/>
  <move id="858" source="F4" target="F5"/>
  <move id="859" source="I6" target="I5"/>
  <move id="860" source="F5" target="E5"/>
  <move id="861" source="I5" target="I4"/>
  <move id="862" source="F3" target="E3"/>
  <move id="863" source="I4" target="H4"/>
  <move id="864" source="E3" target="D3"/>
  <move id="865" source="H4" target="G4"/>
  <move id="866" source="D3" target="C3"/>
  <move id="867" source="G4" target="F4"/>
  <move id="868" source="E4" target="D4"/>
  <move id="869" source="F4" target="G4"/>
  <move id="870" source="E5" target="E4"/>
  <move id="871" source="G4" target="H4"/>
  <move id="872" source="D4" target="C4"/>
  <move id="873" source="H4" target="I4"/>
  <move id="874" source="E4" target="D4"/>
  <move id="875" source="I4" target="I5"/>
  <move id="876" source="C4" target="B4"/>
  <move id="877" source="I5" target="I6"/>
  <move id="878" source="C3" target="C4"/>
  <move id="879" source="I6" target="I7"/>
  <move id="880" source="B4" target="A4"/>
  <move id="881" source="I7" target="H7"/>
  <move id="882" source="C4" target="B4"/>
  <move id="883" source="H7" target="G7"/>
  <move id="884" source="D4" target="C4"/>
  <move id="885" source="G7" target="F7"/>
  <move id="886" source="B4" target="B3"/>
  <move id="887" source="F7" target="F6"/>
  <move id="888" source="C4" target="B4"/>
  <move id="889" source="F6" target="F5"/>
  <move id="890" source="B4" target="B5"/>
  <move id="891" source="F5" target="F6"/>
  <move id="892" source="B3" target="B4"/>
  <move id="893" source="F6" target="F7"/>
  <move id="894" source="B5" target="A5"/>
  <move id="895" source="F7" target="G7"/>
  <move id="896" source="B4" target="B5"/>
  <move id="897" source="G7" target="H7"/>
  <move id="898" source="A4" target="B4"/>
  <move id="899" source="H7" target="I7"/>
  <move id="900" source="B5" target="B6"/>
  <move id="901" source="I7" target="I6"/>
  <move id="902" source="A5" target="A4"/>
  <move id="903" source="I6" target="I5"/>
  <move id="904" source="B4" target="B5"/>
  <move id="905" source="I5" target="I4"/>
  <move id="906" source="B6" target="A6"/>
  <move id="907" source="I4" target="H4"/>
  <move id="908" source="B5" target="B6"/>
  <move id="909" source="H4" target="G4"/>
  <move id="910" source="A4" target="B4"/>
  <move id="911" source="G4" target="F4"/>
  <move id="912" source="A6" target="A5"/>
  <move id="913" source="F4" target="E4"/>
  <move id="914" source="B4" target="B5"/>
  <move id="915" source="E4" target="E5"/>
  <move id="916" source="B6" target="A6"/>
  <move id="917" source="E5" target="E6"/>
  <move id="918" source="A6" target="A7"/>
  <move id="919" source="E6" target="E7"/>
  <move id="920" source="A7" target="B7"/>
  <move id="921" source="E7" target="D7"/>
  <move id="922" source="A5" target="A4"/>
  <move id="923" source="D7" target="E7"/>
  <move id="924" source="A4" target="B4"/>
  <move id="925" source="E7" target="E6"/>
  <move id="926" source="B4" target="C4"/>
  <move id="927" source="E6" target="E5"/>
  <move id="928" source="C4" target="D4"/>
  <move id="929" source="E5" target="E6"/>
  <move id="930" source="B7" target="C7"/>
  <move id="931" source="E6" target="E7"/>
  <move id="932" source="D4" target="E4"/>
  <move id="933" source="E7" target="F7"/>
  <move id="934" source="E4" target="F4"/>
  <move id="935" source="F7" target="G7"/>
  <move id="936" source="F4" target="G4"/>
  <move id="937" source="G7" target="H7"/>
  <move id="938" source="C7" target="D7"/>
  <move id="939" source="H7" target="I7"/>
  <move id="940" source="D7" target="E7"/>
  <move id="941" source="I7" target="I6"/>
  <move id="942" source="E7" target="F7"/>
  <move id="943" source="I6" target="I5"/>
  <move id="944" source="F7" target="G7"/>
  <move id="945" source="I5" target="I4"/>
  <move id="946" source="G7" target="H7"/>
  <move id="947" source="I4" target="I5"/>
  <move id="948" source="H7" target="I7"/>
  <move id="949" source="I5" target="I4"/>
  <move id="950" source="I7" target="I6"/>
  <move id="951" source="I4" target="H4"/>
  <move id="952" source="G4" target="G3"/>
  <move id="953" source="H4" target="G4"/>
  <move id="954" source="G3" target="F3"/>
  <move id="955" source="G4" target="F4"/>
  <move id="956" source="F3" target="E3"/>
  <move id="957" source="F4" target="F5"/>
  <move id="958" source="B5" target="B6"/>
  <move id="959" source="F5" target="F6"/>
  <move id="960" source="E3" target="D3"/>
  <move id="961" source="F6" target="F7"/>
  <move id="962" source="D3" target="C3"/>
  <move id="963" source="F7" target="E7"/>
  <move id="964" source="I6" target="I7"/>
  <move id="965" source="E7" target="E6"/>
  <move id="966" source="I7" target="H7"/>
  <move id="967" source="E6" target="E5"/>
  <move id="968" source="H7" target="G7"/>
  <move id="969" source="E5" target="E4"/>
  <move id="970" source="G7" target="F7"/>
  <move id="971" source="E4" target="F4"/>
  <move id="972" source="B6" target="B5"/>
  <move id="973" source="F4" target="G4"/>
  <move id="974" source="B5" target="B4"/>
  <move id="975" source="G4" target="H4"/>
  <player id="1">Player 1</player>
  <player id="2">Player 2</player>
  <result type="3" winner="2"/>
 </game>
</stratego>