<?xml version="1.0" encoding="UTF-8"?>
<stratego>
 <game type="classic">
  
  <field content="FBHEEBMBEFCEHDHDBIDBKDJIDDLDEHGFDFBGJIGGAA__AA__AAAA__AA__AARPXWSRVVTPUPPUPPOPPNRTUTSTQNSRQNQNQYSNQN"/>
  <move id="1" source="F4" target="F5"/>
  <move id="2" source="E7" target="E6"/>
  <move id="3" source="F5" target="E5"/>
  <move id="4" source="E6" target="F6"/>
  <move id="5" source="G4" target="F4"/>
  <move id="6" source="I7" target="I6"/>
  <move id="7" source="E5" target="E6"/>
  <move id="8" source="F6" target="F5"/>
  <move id="9" source="F4" target="F5"/>
  <move id="10" source="I6" target="I5"/>
  <move id="11" source="G3" target="G4"/>
  <move id="12" source="B7" target="B4"/>
  <move id="13" source="F3" target="G3"/>
  <move id="14" source="B8" target="B7"/>
  <move id="15" source="F5" target="F6"/>
  <move id="16" source="B7" target="B6"/>
  <move id="17" source="G3" target="F3"/>
  <move id="18" source="B6" target="A6"/>
  <move id="19" source="F3" target="F4"/>
  <move id="20" source="B9" target="B8"/>
  <move id="21" source="F4" target="F5"/>
  <move id="22" source="B8" target="B7"/>
  <move id="23" source="F5" target="E5"/>
  <move id="24" source="B7" target="B6"/>
  <move id="25" source="I4" target="I5"/>
  <move id="26" source="B6" target="B5"/>
  <move id="27" source="H3" target="G3"/>
  <move id="28" source="B5" target="A5"/>
  <move id="29" source="I3" target="H3"/>
  <move id="30" source="A5" target="A4"/>
  <move id="31" source="A3" target="A4"/>
  <move id="32" source="E8" target="E6"/>
  <move id="33" source="A4" target="A3"/>
  <move id="34" source="D7" target="E7"/>
  <move id="35" source="B4" target="A4"/>
  <move id="36" source="E7" target="E6"/>
  <move id="37" source="F6" target="F5"/>
  <move id="38" source="E6" target="E5"/>
  <move id="39" source="F5" target="F4"/>
  <move id="40" source="E5" target="E4"/>
  <move id="41" source="F4" target="F3"/>
  <player id="1">Player 1</player>
  <player id="2">Player 2</player>
  <result type="3" winner="1"/>
 </game>
</stratego>