<?xml version="1.0" encoding="UTF-8"?>
<stratego>
 <game type="classic">
  
  <field content="DBHBHIEMEEHBGBEJIDDEDBFDBJCDHDFFGDFGKLIGAA__AA__AAAA__AA__AAUSPPPSPPRTWPSVTUSTPVNQUOQNQNQXRTNPQYRNRN"/>
  <move id="1" source="F4" target="F5"/>
  <move id="2" source="B7" target="B6"/>
  <move id="3" source="E4" target="E5"/>
  <move id="4" source="B6" target="A6"/>
  <move id="5" source="F5" target="F6"/>
  <move id="6" source="A6" target="A5"/>
  <move id="7" source="G4" target="F4"/>
  <move id="8" source="A7" target="A6"/>
  <move id="9" source="G3" target="G4"/>
  <move id="10" source="A8" target="A7"/>
  <move id="11" source="F4" target="F5"/>
  <move id="12" source="B8" target="B4"/>
  <move id="13" source="K4" target="K5"/>
  <move id="14" source="A5" target="A4"/>
  <move id="15" source="K5" target="I5"/>
  <move id="16" source="A4" target="B4"/>
  <move id="17" source="K3" target="K4"/>
  <move id="18" source="B4" target="A4"/>
  <move id="19" source="K4" target="K5"/>
  <move id="20" source="A6" target="A5"/>
  <move id="21" source="K5" target="K6"/>
  <move id="22" source="A7" target="A6"/>
  <move id="23" source="K6" target="K7"/>
  <move id="24" source="C7" target="B7"/>
  <move id="25" source="I5" target="K5"/>
  <move id="26" source="B7" target="B6"/>
  <move id="27" source="I4" target="I5"/>
  <move id="28" source="B6" target="B5"/>
  <move id="29" source="I5" target="I6"/>
  <move id="30" source="B5" target="B4"/>
  <move id="31" source="H4" target="I4"/>
  <move id="32" source="B4" target="C4"/>
  <move id="33" source="I4" target="I5"/>
  <move id="34" source="D7" target="B7"/>
  <move id="35" source="I6" target="K6"/>
  <move id="36" source="B7" target="B3"/>
  <move id="37" source="I5" target="I6"/>
  <move id="38" source="A4" target="A3"/>
  <move id="39" source="A2" target="A3"/>
  <move id="40" source="A5" target="A4"/>
  <move id="41" source="A3" target="A2"/>
  <move id="42" source="A4" target="A3"/>
  <move id="43" source="K6" target="K7"/>
  <move id="44" source="K8" target="K7"/>
  <move id="45" source="K5" target="K6"/>
  <move id="46" source="K7" target="K8"/>
  <move id="47" source="K6" target="K7"/>
  <move id="48" source="I7" target="I6"/>
  <move id="49" source="K7" target="I7"/>
  <move id="50" source="I8" target="I7"/>
  <move id="51" source="G4" target="G3"/>
  <move id="52" source="A6" target="A5"/>
  <move id="53" source="F3" target="F4"/>
  <move id="54" source="A5" target="A4"/>
  <move id="55" source="F4" target="G4"/>
  <move id="56" source="A3" target="A2"/>
  <move id="57" source="G4" target="H4"/>
  <move id="58" source="B9" target="B8"/>
  <move id="59" source="H4" target="I4"/>
  <move id="60" source="B8" target="B7"/>
  <move id="61" source="I4" target="K4"/>
  <move id="62" source="B7" target="B6"/>
  <move id="63" source="H3" target="H4"/>
  <move id="64" source="B6" target="B5"/>
  <move id="65" source="K4" target="K5"/>
  <move id="66" source="B5" target="B4"/>
  <move id="67" source="H4" target="I4"/>
  <move id="68" source="A4" target="A3"/>
  <move id="69" source="I4" target="K4"/>
  <move id="70" source="B4" target="B3"/>
  <move id="71" source="C3" target="B3"/>
  <move id="72" source="A3" target="B3"/>
  <move id="73" source="K5" target="K6"/>
  <move id="74" source="A2" target="A3"/>
  <move id="75" source="K4" target="K5"/>
  <move id="76" source="A3" target="A4"/>
  <move id="77" source="K6" target="K7"/>
  <move id="78" source="A4" target="A5"/>
  <move id="79" source="K7" target="K8"/>
  <move id="80" source="K9" target="K8"/>
  <move id="81" source="K5" target="K8"/>
  <move id="82" source="K8" target="K7"/>
  <move id="83" source="I7" target="I8"/>
  <move id="84" source="H8" target="I8"/>
  <move id="85" source="F6" target="F7"/>
  <move id="86" source="A5" target="B5"/>
  <move id="87" source="E5" target="E6"/>
  <move id="88" source="B3" target="C3"/>
  <move id="89" source="E6" target="F6"/>
  <move id="90" source="C3" target="C4"/>
  <move id="91" source="F6" target="F7"/>
  <move id="92" source="C4" target="C3"/>
  <move id="93" source="F5" target="F6"/>
  <move id="94" source="B5" target="A5"/>
  <move id="95" source="F7" target="F8"/>
  <move id="96" source="E7" target="B7"/>
  <move id="97" source="F6" target="F7"/>
  <move id="98" source="B7" target="B2"/>
  <move id="99" source="F7" target="F8"/>
  <move id="100" source="G7" target="B7"/>
  <move id="101" source="F8" target="F7"/>
  <move id="102" source="B7" target="B3"/>
  <move id="103" source="F7" target="E7"/>
  <move id="104" source="B3" target="A3"/>
  <move id="105" source="H2" target="H4"/>
  <move id="106" source="A3" target="A1"/>
  <move id="107" source="H4" target="F4"/>
  <move id="108" source="G8" target="F8"/>
  <move id="109" source="E7" target="F7"/>
  <move id="110" source="F8" target="G8"/>
  <move id="111" source="F7" target="G7"/>
  <move id="112" source="G8" target="H8"/>
  <move id="113" source="G7" target="G8"/>
  <move id="114" source="H7" target="F7"/>
  <move id="115" source="G8" target="H8"/>
  <move id="116" source="F7" target="F4"/>
  <move id="117" source="H8" target="G8"/>
  <move id="118" source="C3" target="D3"/>
  <move id="119" source="I2" target="H2"/>
  <player id="1">Player 1</player>
  <player id="2">Player 2</player>
  <result type="3" winner="1"/>
 </game>
</stratego>