<?xml version="1.0" encoding="UTF-8"?>
<stratego>
 <game type="classic">
  
  <field content="EDMEEBFBBFHDIDHBGFGELDDCDJEBBHIHJKGDDIFGAA__AA__AAAA__AA__AATSUTRPPPRTXVQPNSSQUWPUPPRTNVQOPNRQQNYNSN"/>
  <move id="1" source="F4" target="F7"/>
  <move id="2" source="G7" target="F7"/>
  <move id="3" source="E4" target="E5"/>
  <move id="4" source="A7" target="A6"/>
  <move id="5" source="E5" target="E6"/>
  <move id="6" source="A8" target="A7"/>
  <move id="7" source="E6" target="E7"/>
  <move id="8" source="D7" target="E7"/>
  <move id="9" source="E3" target="E4"/>
  <move id="10" source="E7" target="D7"/>
  <move id="11" source="E4" target="E5"/>
  <move id="12" source="B7" target="B6"/>
  <move id="13" source="E2" target="E3"/>
  <move id="14" source="B6" target="B5"/>
  <move id="15" source="E3" target="E4"/>
  <move id="16" source="C7" target="B7"/>
  <move id="17" source="E5" target="F5"/>
  <move id="18" source="B7" target="B6"/>
  <move id="19" source="E1" target="E2"/>
  <move id="20" source="D7" target="C7"/>
  <move id="21" source="E2" target="E3"/>
  <move id="22" source="D8" target="D7"/>
  <move id="23" source="E4" target="E5"/>
  <move id="24" source="D7" target="E7"/>
  <move id="25" source="E5" target="E6"/>
  <move id="26" source="C7" target="B7"/>
  <move id="27" source="E6" target="E7"/>
  <move id="28" source="F7" target="F6"/>
  <move id="29" source="F5" target="F4"/>
  <move id="30" source="F6" target="F5"/>
  <move id="31" source="D4" target="E4"/>
  <move id="32" source="H7" target="G7"/>
  <move id="33" source="E7" target="D7"/>
  <move id="34" source="B8" target="A8"/>
  <move id="35" source="D7" target="C7"/>
  <move id="36" source="B7" target="B8"/>
  <move id="37" source="C7" target="C8"/>
  <move id="38" source="B8" target="B7"/>
  <move id="39" source="C8" target="C7"/>
  <move id="40" source="B7" target="B8"/>
  <move id="41" source="C7" target="C8"/>
  <move id="42" source="G7" target="F7"/>
  <move id="43" source="E4" target="E5"/>
  <move id="44" source="F7" target="E7"/>
  <move id="45" source="E5" target="E6"/>
  <move id="46" source="E7" target="D7"/>
  <move id="47" source="C8" target="C9"/>
  <move id="48" source="B9" target="C9"/>
  <move id="49" source="E6" target="E7"/>
  <move id="50" source="A7" target="B7"/>
  <move id="51" source="E7" target="D7"/>
  <move id="52" source="C9" target="B9"/>
  <move id="53" source="D7" target="C7"/>
  <move id="54" source="B7" target="C7"/>
  <move id="55" source="B4" target="B5"/>
  <move id="56" source="B6" target="B5"/>
  <move id="57" source="C4" target="B4"/>
  <move id="58" source="B5" target="B6"/>
  <move id="59" source="B4" target="B5"/>
  <move id="60" source="C7" target="B7"/>
  <move id="61" source="B5" target="A5"/>
  <move id="62" source="A6" target="A7"/>
  <move id="63" source="A5" target="A6"/>
  <move id="64" source="B6" target="B5"/>
  <move id="65" source="F4" target="E4"/>
  <move id="66" source="F5" target="F4"/>
  <move id="67" source="F3" target="F4"/>
  <move id="68" source="B7" target="C7"/>
  <move id="69" source="E4" target="E5"/>
  <move id="70" source="C7" target="B7"/>
  <move id="71" source="F4" target="E4"/>
  <move id="72" source="B8" target="C8"/>
  <move id="73" source="E4" target="D4"/>
  <move id="74" source="A8" target="B8"/>
  <move id="75" source="D4" target="C4"/>
  <move id="76" source="A7" target="A8"/>
  <move id="77" source="C4" target="B4"/>
  <move id="78" source="B5" target="A5"/>
  <move id="79" source="A6" target="A5"/>
  <move id="80" source="B7" target="B6"/>
  <move id="81" source="B4" target="C4"/>
  <move id="82" source="I7" target="I6"/>
  <move id="83" source="C4" target="D4"/>
  <move id="84" source="I6" target="I5"/>
  <move id="85" source="E3" target="E4"/>
  <move id="86" source="K7" target="K6"/>
  <move id="87" source="E5" target="F5"/>
  <move id="88" source="D9" target="D8"/>
  <move id="89" source="E4" target="E5"/>
  <move id="90" source="D8" target="D7"/>
  <move id="91" source="F5" target="F6"/>
  <move id="92" source="D7" target="E7"/>
  <move id="93" source="F6" target="F7"/>
  <move id="94" source="E7" target="E6"/>
  <move id="95" source="E5" target="F5"/>
  <move id="96" source="K8" target="K7"/>
  <move id="97" source="F7" target="G7"/>
  <move id="98" source="G8" target="G7"/>
  <move id="99" source="F5" target="F6"/>
  <move id="100" source="E6" target="F6"/>
  <move id="101" source="F6" target="E6"/>
  <move id="102" source="G7" target="F7"/>
  <move id="103" source="E6" target="E5"/>
  <move id="104" source="F7" target="E7"/>
  <move id="105" source="E5" target="E4"/>
  <move id="106" source="E7" target="E6"/>
  <move id="107" source="E4" target="E3"/>
  <move id="108" source="K7" target="I7"/>
  <move id="109" source="D4" target="E4"/>
  <move id="110" source="I7" target="H7"/>
  <move id="111" source="C3" target="C4"/>
  <move id="112" source="H7" target="G7"/>
  <move id="113" source="C4" target="B4"/>
  <move id="114" source="G7" target="F7"/>
  <move id="115" source="E4" target="E5"/>
  <move id="116" source="F7" target="E7"/>
  <move id="117" source="I4" target="I5"/>
  <move id="118" source="E6" target="F6"/>
  <move id="119" source="E5" target="F5"/>
  <move id="120" source="F6" target="F7"/>
  <move id="121" source="F5" target="F6"/>
  <move id="122" source="F7" target="G7"/>
  <move id="123" source="G4" target="F4"/>
  <move id="124" source="F8" target="F7"/>
  <move id="125" source="F4" target="F5"/>
  <move id="126" source="F7" target="F6"/>
  <move id="127" source="F5" target="E5"/>
  <move id="128" source="E7" target="D7"/>
  <move id="129" source="E5" target="E6"/>
  <move id="130" source="D7" target="C7"/>
  <move id="131" source="B4" target="C4"/>
  <move id="132" source="C7" target="B7"/>
  <move id="133" source="C4" target="D4"/>
  <move id="134" source="B7" target="A7"/>
  <move id="135" source="A4" target="B4"/>
  <move id="136" source="A7" target="A6"/>
  <move id="137" source="A3" target="A4"/>
  <move id="138" source="B6" target="B5"/>
  <move id="139" source="F6" target="F7"/>
  <move id="140" source="B5" target="A5"/>
  <move id="141" source="A2" target="A3"/>
  <move id="142" source="A5" target="B5"/>
  <move id="143" source="D4" target="C4"/>
  <move id="144" source="G7" target="G8"/>
  <move id="145" source="F7" target="E7"/>
  <move id="146" source="A6" target="A7"/>
  <move id="147" source="E7" target="D7"/>
  <move id="148" source="A7" target="B7"/>
  <move id="149" source="D7" target="D8"/>
  <move id="150" source="C8" target="C7"/>
  <move id="151" source="E6" target="E8"/>
  <move id="152" source="B8" target="C8"/>
  <move id="153" source="D8" target="D7"/>
  <move id="154" source="C8" target="D8"/>
  <move id="155" source="D7" target="C7"/>
  <move id="156" source="B7" target="C7"/>
  <move id="157" source="E3" target="E4"/>
  <move id="158" source="A8" target="B8"/>
  <move id="159" source="E4" target="E5"/>
  <move id="160" source="A9" target="A4"/>
  <move id="161" source="E5" target="E6"/>
  <move id="162" source="C7" target="D7"/>
  <move id="163" source="C4" target="C3"/>
  <move id="164" source="B5" target="A5"/>
  <move id="165" source="B4" target="C4"/>
  <move id="166" source="A5" target="A4"/>
  <move id="167" source="B3" target="B4"/>
  <move id="168" source="D7" target="E7"/>
  <move id="169" source="E6" target="F6"/>
  <move id="170" source="E7" target="F7"/>
  <move id="171" source="F6" target="F5"/>
  <move id="172" source="F7" target="F6"/>
  <move id="173" source="B4" target="A4"/>
  <move id="174" source="F6" target="F5"/>
  <move id="175" source="A4" target="A:"/>
  <move id="176" source="D8" target="C8"/>
  <move id="177" source="B2" target="B4"/>
  <move id="178" source="C8" target="C7"/>
  <move id="179" source="B4" target="A4"/>
  <move id="180" source="C7" target="B7"/>
  <move id="181" source="A4" target="A:"/>
  <move id="182" source="B7" target="B6"/>
  <move id="183" source="A:" target="B:"/>
  <move id="184" source="B6" target="B5"/>
  <player id="1">Player 1</player>
  <player id="2">Player 2</player>
  <result type="3" winner="2"/>
 </game>
</stratego>