<?xml version="1.0" encoding="UTF-8"?>
<stratego>
 <game type="classic">
  
  <field content="FDDEDDGEDDBFBHIEIEGHFBBMLDCIDEBBFJGHJKGHAA__AA__AAAA__AA__AATSUPPVNQUPQPSNTQTNNRTSSNURRPPPPWRYOQQXNV"/>
  <move id="1" source="F4" target="F5"/>
  <move id="2" source="E7" target="E6"/>
  <move id="3" source="K4" target="K5"/>
  <move id="4" source="E6" target="F6"/>
  <move id="5" source="K5" target="K6"/>
  <move id="6" source="E8" target="E7"/>
  <move id="7" source="E4" target="E5"/>
  <move id="8" source="E7" target="E6"/>
  <move id="9" source="E3" target="E4"/>
  <move id="10" source="F6" target="F5"/>
  <move id="11" source="F5" target="F6"/>
  <move id="12" source="F7" target="E7"/>
  <move id="13" source="F6" target="E6"/>
  <move id="14" source="F8" target="F7"/>
  <move id="15" source="F3" target="F4"/>
  <move id="16" source="F7" target="F6"/>
  <move id="17" source="F4" target="F5"/>
  <move id="18" source="F6" target="E6"/>
  <move id="19" source="F5" target="F6"/>
  <move id="20" source="E6" target="E5"/>
  <move id="21" source="F6" target="E6"/>
  <move id="22" source="E7" target="F7"/>
  <move id="23" source="E5" target="F5"/>
  <move id="24" source="F9" target="F8"/>
  <move id="25" source="E4" target="E5"/>
  <move id="26" source="F8" target="E8"/>
  <move id="27" source="F5" target="F6"/>
  <move id="28" source="F7" target="F6"/>
  <move id="29" source="E6" target="E7"/>
  <move id="30" source="F6" target="F5"/>
  <move id="31" source="E5" target="F5"/>
  <move id="32" source="A7" target="A6"/>
  <move id="33" source="F5" target="F6"/>
  <move id="34" source="B7" target="B6"/>
  <move id="35" source="E7" target="G7"/>
  <move id="36" source="K7" target="K6"/>
  <move id="37" source="F6" target="E6"/>
  <move id="38" source="A6" target="A5"/>
  <move id="39" source="F2" target="F3"/>
  <move id="40" source="A5" target="A4"/>
  <move id="41" source="F3" target="F4"/>
  <move id="42" source="I7" target="I6"/>
  <move id="43" source="F4" target="F5"/>
  <move id="44" source="I6" target="I5"/>
  <move id="45" source="F5" target="F6"/>
  <move id="46" source="I5" target="I4"/>
  <move id="47" source="H4" target="I4"/>
  <move id="48" source="K8" target="K7"/>
  <move id="49" source="G4" target="F4"/>
  <move id="50" source="K7" target="K6"/>
  <move id="51" source="K6" target="K7"/>
  <move id="52" source="K9" target="K8"/>
  <move id="53" source="K7" target="I7"/>
  <move id="54" source="K8" target="K7"/>
  <move id="55" source="I7" target="H7"/>
  <move id="56" source="K7" target="I7"/>
  <move id="57" source="H7" target="H8"/>
  <move id="58" source="K:" target="K9"/>
  <move id="59" source="I4" target="H4"/>
  <move id="60" source="K9" target="K8"/>
  <move id="61" source="I3" target="I4"/>
  <move id="62" source="K8" target="K7"/>
  <move id="63" source="I4" target="K4"/>
  <move id="64" source="I7" target="I6"/>
  <move id="65" source="K4" target="K7"/>
  <move id="66" source="K7" target="I7"/>
  <move id="67" source="H4" target="I4"/>
  <move id="68" source="I7" target="K7"/>
  <move id="69" source="I4" target="I5"/>
  <move id="70" source="I6" target="I5"/>
  <move id="71" source="I5" target="I6"/>
  <move id="72" source="I9" target="K9"/>
  <move id="73" source="I6" target="K6"/>
  <move id="74" source="K7" target="I7"/>
  <move id="75" source="F6" target="F7"/>
  <move id="76" source="K9" target="K:"/>
  <move id="77" source="F4" target="F5"/>
  <move id="78" source="H9" target="I9"/>
  <move id="79" source="F5" target="F6"/>
  <move id="80" source="I9" target="K9"/>
  <move id="81" source="K3" target="K4"/>
  <move id="82" source="K9" target="K6"/>
  <move id="83" source="K4" target="K5"/>
  <move id="84" source="H:" target="H9"/>
  <move id="85" source="F7" target="G7"/>
  <move id="86" source="H9" target="I9"/>
  <move id="87" source="K6" target="I6"/>
  <move id="88" source="I7" target="K7"/>
  <move id="89" source="G7" target="H7"/>
  <move id="90" source="A8" target="A7"/>
  <move id="91" source="F6" target="F7"/>
  <move id="92" source="B8" target="B7"/>
  <move id="93" source="F7" target="F8"/>
  <move id="94" source="F:" target="F9"/>
  <move id="95" source="F8" target="E8"/>
  <move id="96" source="C8" target="B8"/>
  <move id="97" source="F1" target="F9"/>
  <move id="98" source="G9" target="H9"/>
  <move id="99" source="E8" target="F8"/>
  <move id="100" source="F9" target="G9"/>
  <move id="101" source="F8" target="F9"/>
  <move id="102" source="H9" target="H:"/>
  <move id="103" source="F9" target="G9"/>
  <move id="104" source="A7" target="A6"/>
  <move id="105" source="E1" target="F1"/>
  <move id="106" source="H:" target="H9"/>
  <move id="107" source="G9" target="F9"/>
  <move id="108" source="H9" target="H:"/>
  <move id="109" source="F1" target="F8"/>
  <move id="110" source="I9" target="H9"/>
  <move id="111" source="F8" target="D8"/>
  <move id="112" source="H9" target="I9"/>
  <move id="113" source="H7" target="G7"/>
  <move id="114" source="G8" target="G7"/>
  <move id="115" source="F9" target="F8"/>
  <move id="116" source="I9" target="H9"/>
  <move id="117" source="F8" target="G8"/>
  <move id="118" source="G7" target="F7"/>
  <move id="119" source="E6" target="F6"/>
  <move id="120" source="H9" target="G9"/>
  <move id="121" source="G8" target="F8"/>
  <move id="122" source="F7" target="G7"/>
  <move id="123" source="F6" target="F7"/>
  <move id="124" source="G7" target="G8"/>
  <move id="125" source="F7" target="G7"/>
  <move id="126" source="E:" target="F:"/>
  <move id="127" source="G7" target="G8"/>
  <move id="128" source="F:" target="F9"/>
  <move id="129" source="F8" target="F7"/>
  <move id="130" source="G9" target="H9"/>
  <move id="131" source="F7" target="F6"/>
  <move id="132" source="G:" target="G9"/>
  <move id="133" source="G8" target="G7"/>
  <move id="134" source="F9" target="F8"/>
  <move id="135" source="G7" target="F7"/>
  <move id="136" source="F8" target="F7"/>
  <move id="137" source="F6" target="F7"/>
  <move id="138" source="G9" target="G:"/>
  <move id="139" source="F7" target="F8"/>
  <move id="140" source="H9" target="G9"/>
  <move id="141" source="G1" target="F1"/>
  <move id="142" source="G9" target="F9"/>
  <move id="143" source="F8" target="G8"/>
  <move id="144" source="G:" target="G9"/>
  <move id="145" source="G8" target="G7"/>
  <move id="146" source="F9" target="F8"/>
  <move id="147" source="G7" target="H7"/>
  <move id="148" source="G9" target="G8"/>
  <move id="149" source="H7" target="I7"/>
  <move id="150" source="K7" target="K8"/>
  <move id="151" source="K5" target="K6"/>
  <move id="152" source="K8" target="K9"/>
  <move id="153" source="K6" target="K7"/>
  <move id="154" source="K9" target="I9"/>
  <move id="155" source="K7" target="K8"/>
  <move id="156" source="K:" target="K9"/>
  <move id="157" source="K8" target="I8"/>
  <move id="158" source="I9" target="H9"/>
  <move id="159" source="I7" target="H7"/>
  <move id="160" source="H9" target="G9"/>
  <move id="161" source="I8" target="H8"/>
  <move id="162" source="G8" target="H8"/>
  <move id="163" source="F1" target="F2"/>
  <move id="164" source="F8" target="F7"/>
  <move id="165" source="H7" target="H8"/>
  <move id="166" source="F7" target="F8"/>
  <move id="167" source="H8" target="H9"/>
  <move id="168" source="G9" target="G8"/>
  <move id="169" source="H9" target="H:"/>
  <move id="170" source="F8" target="F9"/>
  <move id="171" source="H:" target="I:"/>
  <move id="172" source="F9" target="G9"/>
  <move id="173" source="I6" target="I7"/>
  <move id="174" source="G8" target="F8"/>
  <move id="175" source="I7" target="H7"/>
  <move id="176" source="G9" target="G8"/>
  <move id="177" source="F2" target="F3"/>
  <move id="178" source="F8" target="F7"/>
  <move id="179" source="F3" target="F4"/>
  <move id="180" source="B7" target="A7"/>
  <move id="181" source="F4" target="G4"/>
  <move id="182" source="B8" target="A8"/>
  <move id="183" source="G4" target="H4"/>
  <move id="184" source="C7" target="B7"/>
  <move id="185" source="H4" target="I4"/>
  <move id="186" source="D7" target="E7"/>
  <move id="187" source="I4" target="I5"/>
  <move id="188" source="K9" target="K8"/>
  <move id="189" source="I5" target="I6"/>
  <move id="190" source="K8" target="I8"/>
  <move id="191" source="I6" target="I7"/>
  <move id="192" source="I8" target="I7"/>
  <move id="193" source="I7" target="I8"/>
  <move id="194" source="B6" target="B5"/>
  <move id="195" source="I8" target="I9"/>
  <move id="196" source="B7" target="B6"/>
  <move id="197" source="I9" target="H9"/>
  <move id="198" source="B9" target="B8"/>
  <move id="199" source="H9" target="H:"/>
  <move id="200" source="B8" target="B7"/>
  <move id="201" source="H:" target="G:"/>
  <move id="202" source="B:" target="B9"/>
  <move id="203" source="G:" target="F:"/>
  <move id="204" source="B9" target="B8"/>
  <move id="205" source="F:" target="E:"/>
  <move id="206" source="E9" target="E:"/>
  <move id="207" source="K2" target="K3"/>
  <move id="208" source="B8" target="C8"/>
  <move id="209" source="K3" target="I3"/>
  <move id="210" source="C8" target="C7"/>
  <move id="211" source="K1" target="K8"/>
  <move id="212" source="E7" target="E8"/>
  <move id="213" source="K8" target="G8"/>
  <move id="214" source="E8" target="E9"/>
  <move id="215" source="H7" target="I7"/>
  <move id="216" source="C7" target="D7"/>
  <move id="217" source="I7" target="I6"/>
  <move id="218" source="D7" target="E7"/>
  <move id="219" source="I6" target="I5"/>
  <move id="220" source="E7" target="E6"/>
  <move id="221" source="I5" target="I4"/>
  <move id="222" source="E6" target="E5"/>
  <move id="223" source="I4" target="H4"/>
  <move id="224" source="E5" target="E4"/>
  <move id="225" source="H4" target="G4"/>
  <move id="226" source="E4" target="F4"/>
  <move id="227" source="G4" target="F4"/>
  <move id="228" source="B7" target="B8"/>
  <move id="229" source="I1" target="K1"/>
  <move id="230" source="B6" target="B7"/>
  <move id="231" source="K1" target="K2"/>
  <move id="232" source="B7" target="C7"/>
  <move id="233" source="K2" target="K3"/>
  <move id="234" source="C7" target="D7"/>
  <move id="235" source="K3" target="K4"/>
  <move id="236" source="D7" target="E7"/>
  <move id="237" source="K4" target="K5"/>
  <move id="238" source="E7" target="E6"/>
  <move id="239" source="K5" target="K6"/>
  <move id="240" source="E6" target="E5"/>
  <move id="241" source="E2" target="E3"/>
  <move id="242" source="E5" target="E4"/>
  <move id="243" source="E3" target="E4"/>
  <move id="244" source="E9" target="E2"/>
  <move id="245" source="K6" target="K7"/>
  <move id="246" source="E2" target="D2"/>
  <move id="247" source="K7" target="I7"/>
  <move id="248" source="G8" target="H8"/>
  <move id="249" source="I7" target="I6"/>
  <move id="250" source="F7" target="F6"/>
  <move id="251" source="I6" target="I7"/>
  <move id="252" source="F6" target="F5"/>
  <move id="253" source="I7" target="K7"/>
  <move id="254" source="F5" target="F4"/>
  <move id="255" source="K7" target="K8"/>
  <move id="256" source="F4" target="F3"/>
  <move id="257" source="D4" target="E4"/>
  <move id="258" source="F3" target="F2"/>
  <move id="259" source="E4" target="E3"/>
  <move id="260" source="F2" target="E2"/>
  <move id="261" source="E3" target="E2"/>
  <move id="262" source="A6" target="B6"/>
  <move id="263" source="H3" target="H4"/>
  <move id="264" source="B6" target="B7"/>
  <move id="265" source="H4" target="G4"/>
  <move id="266" source="B7" target="C7"/>
  <move id="267" source="G4" target="F4"/>
  <move id="268" source="H8" target="G8"/>
  <move id="269" source="K8" target="I8"/>
  <move id="270" source="G8" target="F8"/>
  <move id="271" source="I8" target="I9"/>
  <move id="272" source="C7" target="D7"/>
  <move id="273" source="I9" target="H9"/>
  <move id="274" source="D7" target="E7"/>
  <move id="275" source="H9" target="G9"/>
  <move id="276" source="E7" target="E6"/>
  <move id="277" source="F4" target="F5"/>
  <move id="278" source="E6" target="E5"/>
  <move id="279" source="F5" target="E5"/>
  <move id="280" source="F8" target="E8"/>
  <move id="281" source="G9" target="F9"/>
  <move id="282" source="E8" target="E7"/>
  <move id="283" source="H2" target="H3"/>
  <move id="284" source="E7" target="E6"/>
  <move id="285" source="E5" target="F5"/>
  <move id="286" source="E6" target="E5"/>
  <move id="287" source="F5" target="F4"/>
  <move id="288" source="E5" target="E4"/>
  <move id="289" source="F4" target="G4"/>
  <move id="290" source="E4" target="E3"/>
  <move id="291" source="G4" target="H4"/>
  <move id="292" source="E3" target="E2"/>
  <move id="293" source="G3" target="F3"/>
  <move id="294" source="E2" target="D2"/>
  <move id="295" source="F3" target="E3"/>
  <move id="296" source="D2" target="C2"/>
  <move id="297" source="H4" target="G4"/>
  <player id="1">Player 1</player>
  <player id="2">Player 2</player>
  <result type="3" winner="1"/>
 </game>
</stratego>