<?xml version="1.0" encoding="UTF-8"?>
<stratego>
 <game type="classic">
  
  <field content="BFMBEICGHEJBFBHHKJDFDEBDLHEGBIGDIGDFDEDDAA__AA__AAAA__AA__AAPPNTPPQUPPRTVOUTSWTSSRXSQNPVRNQUNQPRNQNY"/>
  <move id="1" source="K4" target="K5"/>
  <move id="2" source="B7" target="B6"/>
  <move id="3" source="A4" target="A5"/>
  <move id="4" source="B8" target="B7"/>
  <move id="5" source="E4" target="E5"/>
  <move id="6" source="A7" target="A5"/>
  <move id="7" source="F4" target="E4"/>
  <move id="8" source="B6" target="B4"/>
  <move id="9" source="C4" target="B4"/>
  <move id="10" source="B7" target="B6"/>
  <move id="11" source="I4" target="I5"/>
  <move id="12" source="B6" target="A6"/>
  <move id="13" source="A5" target="A4"/>
  <move id="14" source="A6" target="A5"/>
  <move id="15" source="K5" target="K6"/>
  <move id="16" source="K7" target="K6"/>
  <move id="17" source="B4" target="B5"/>
  <move id="18" source="A5" target="A4"/>
  <move id="19" source="B5" target="B6"/>
  <move id="20" source="A4" target="A5"/>
  <move id="21" source="B6" target="B7"/>
  <move id="22" source="A5" target="A6"/>
  <move id="23" source="K3" target="K4"/>
  <move id="24" source="A8" target="B8"/>
  <move id="25" source="B7" target="A7"/>
  <move id="26" source="A6" target="B6"/>
  <move id="27" source="A7" target="A6"/>
  <move id="28" source="B6" target="B7"/>
  <move id="29" source="I5" target="K5"/>
  <move id="30" source="B8" target="A8"/>
  <move id="31" source="K5" target="K8"/>
  <move id="32" source="B7" target="B8"/>
  <move id="33" source="K4" target="K5"/>
  <move id="34" source="A8" target="A7"/>
  <move id="35" source="A6" target="B6"/>
  <move id="36" source="A7" target="B7"/>
  <move id="37" source="B6" target="B5"/>
  <move id="38" source="B7" target="B6"/>
  <move id="39" source="K5" target="K6"/>
  <move id="40" source="B8" target="B7"/>
  <move id="41" source="K6" target="K7"/>
  <move id="42" source="F7" target="F6"/>
  <move id="43" source="E5" target="E7"/>
  <move id="44" source="F6" target="E6"/>
  <move id="45" source="H4" target="I4"/>
  <move id="46" source="E6" target="E5"/>
  <move id="47" source="G4" target="H4"/>
  <move id="48" source="I7" target="K7"/>
  <move id="49" source="K7" target="K8"/>
  <move id="50" source="I8" target="I7"/>
  <move id="51" source="A3" target="A9"/>
  <move id="52" source="E5" target="E4"/>
  <move id="53" source="B3" target="B4"/>
  <move id="54" source="F8" target="F7"/>
  <move id="55" source="D4" target="C4"/>
  <move id="56" source="F7" target="E7"/>
  <move id="57" source="B4" target="A4"/>
  <move id="58" source="E7" target="E6"/>
  <move id="59" source="C4" target="B4"/>
  <move id="60" source="B7" target="B8"/>
  <move id="61" source="B5" target="B6"/>
  <move id="62" source="E6" target="E5"/>
  <move id="63" source="B4" target="B5"/>
  <move id="64" source="E5" target="E6"/>
  <move id="65" source="A4" target="A5"/>
  <move id="66" source="E6" target="E7"/>
  <move id="67" source="A2" target="A3"/>
  <move id="68" source="E7" target="F7"/>
  <move id="69" source="A3" target="A4"/>
  <move id="70" source="F7" target="F8"/>
  <move id="71" source="A5" target="A6"/>
  <move id="72" source="F8" target="F7"/>
  <move id="73" source="A4" target="A5"/>
  <move id="74" source="F7" target="E7"/>
  <move id="75" source="A5" target="A4"/>
  <move id="76" source="E7" target="F7"/>
  <move id="77" source="B5" target="B4"/>
  <move id="78" source="F7" target="F8"/>
  <move id="79" source="A4" target="A3"/>
  <move id="80" source="F8" target="F7"/>
  <move id="81" source="B4" target="B3"/>
  <move id="82" source="F7" target="E7"/>
  <move id="83" source="A6" target="A5"/>
  <move id="84" source="E7" target="F7"/>
  <move id="85" source="B6" target="B5"/>
  <move id="86" source="F7" target="F8"/>
  <move id="87" source="A5" target="A4"/>
  <move id="88" source="F8" target="F7"/>
  <move id="89" source="B5" target="B4"/>
  <move id="90" source="F7" target="E7"/>
  <move id="91" source="A3" target="A2"/>
  <move id="92" source="E7" target="F7"/>
  <move id="93" source="A4" target="A3"/>
  <move id="94" source="F7" target="F8"/>
  <move id="95" source="K8" target="K7"/>
  <move id="96" source="F8" target="F7"/>
  <move id="97" source="K7" target="K6"/>
  <move id="98" source="I7" target="I8"/>
  <move id="99" source="K6" target="K5"/>
  <move id="100" source="F7" target="E7"/>
  <move id="101" source="K5" target="K4"/>
  <move id="102" source="E7" target="F7"/>
  <move id="103" source="K4" target="K3"/>
  <move id="104" source="F7" target="F8"/>
  <player id="1">Player 1</player>
  <player id="2">Player 2</player>
  <result type="3" winner="2"/>
 </game>
</stratego>