<?xml version="1.0" encoding="UTF-8"?>
<stratego>
 <game type="classic">
  
  <field content="FBHEEBMBEFCEHDHDBIDBKDJIDDLDEHGFDFBGJIGGAA__AA__AAAA__AA__AAPPWPPPXPPPSTOUVUTNSNQVUTQSNRNRTQQQSNRYRN"/>
  <move id="1" source="F4" target="F5"/>
  <move id="2" source="A7" target="A4"/>
  <move id="3" source="F5" target="F6"/>
  <move id="4" source="K7" target="K4"/>
  <move id="5" source="F6" target="E6"/>
  <move id="6" source="B7" target="A7"/>
  <move id="7" source="G4" target="F4"/>
  <move id="8" source="B8" target="B7"/>
  <move id="9" source="F4" target="F5"/>
  <move id="10" source="B7" target="B6"/>
  <move id="11" source="G3" target="G4"/>
  <move id="12" source="C8" target="B8"/>
  <move id="13" source="F5" target="F6"/>
  <move id="14" source="C7" target="B7"/>
  <move id="15" source="F3" target="F4"/>
  <move id="16" source="B6" target="A6"/>
  <move id="17" source="F4" target="F5"/>
  <move id="18" source="B7" target="B6"/>
  <move id="19" source="F5" target="E5"/>
  <move id="20" source="B8" target="B7"/>
  <move id="21" source="I4" target="I5"/>
  <move id="22" source="A6" target="A5"/>
  <move id="23" source="I5" target="I6"/>
  <move id="24" source="A7" target="A6"/>
  <move id="25" source="K4" target="K5"/>
  <move id="26" source="B6" target="B5"/>
  <move id="27" source="I3" target="I4"/>
  <move id="28" source="A5" target="A4"/>
  <move id="29" source="A3" target="A4"/>
  <move id="30" source="B9" target="B8"/>
  <move id="31" source="A2" target="A3"/>
  <move id="32" source="B7" target="C7"/>
  <move id="33" source="I4" target="K4"/>
  <move id="34" source="B8" target="B7"/>
  <move id="35" source="H3" target="I3"/>
  <move id="36" source="C9" target="B9"/>
  <move id="37" source="I3" target="I4"/>
  <move id="38" source="D8" target="C8"/>
  <move id="39" source="I4" target="I5"/>
  <move id="40" source="C8" target="C9"/>
  <move id="41" source="I6" target="K6"/>
  <move id="42" source="E8" target="D8"/>
  <move id="43" source="I5" target="I7"/>
  <move id="44" source="B7" target="A7"/>
  <move id="45" source="G4" target="G3"/>
  <move id="46" source="D8" target="C8"/>
  <move id="47" source="G3" target="H3"/>
  <move id="48" source="C8" target="B8"/>
  <move id="49" source="H3" target="I3"/>
  <move id="50" source="B8" target="B7"/>
  <move id="51" source="I3" target="I4"/>
  <move id="52" source="B7" target="B6"/>
  <move id="53" source="E3" target="F3"/>
  <move id="54" source="A7" target="B7"/>
  <move id="55" source="F3" target="G3"/>
  <move id="56" source="A8" target="B8"/>
  <move id="57" source="G3" target="G4"/>
  <move id="58" source="A6" target="A8"/>
  <move id="59" source="I4" target="I5"/>
  <move id="60" source="B7" target="A7"/>
  <move id="61" source="I5" target="I6"/>
  <move id="62" source="H7" target="K7"/>
  <move id="63" source="I6" target="I7"/>
  <move id="64" source="G7" target="H7"/>
  <move id="65" source="K6" target="K7"/>
  <move id="66" source="H7" target="I7"/>
  <move id="67" source="B4" target="B5"/>
  <move id="68" source="B6" target="B7"/>
  <move id="69" source="D3" target="E3"/>
  <move id="70" source="C7" target="C8"/>
  <move id="71" source="E3" target="F3"/>
  <move id="72" source="B7" target="C7"/>
  <move id="73" source="F3" target="G3"/>
  <move id="74" source="D7" target="D8"/>
  <move id="75" source="C3" target="D3"/>
  <move id="76" source="C7" target="D7"/>
  <move id="77" source="D3" target="E3"/>
  <move id="78" source="E7" target="E8"/>
  <move id="79" source="E5" target="F5"/>
  <move id="80" source="D7" target="E7"/>
  <move id="81" source="E6" target="E5"/>
  <move id="82" source="F7" target="H7"/>
  <move id="83" source="H4" target="H3"/>
  <move id="84" source="E7" target="F7"/>
  <move id="85" source="E3" target="F3"/>
  <move id="86" source="A7" target="B7"/>
  <move id="87" source="F6" target="F7"/>
  <move id="88" source="B7" target="C7"/>
  <move id="89" source="A4" target="B4"/>
  <move id="90" source="B5" target="B6"/>
  <move id="91" source="B4" target="B5"/>
  <move id="92" source="B6" target="A6"/>
  <move id="93" source="F5" target="F6"/>
  <move id="94" source="C7" target="D7"/>
  <move id="95" source="F3" target="F4"/>
  <move id="96" source="D7" target="E7"/>
  <move id="97" source="F4" target="F5"/>
  <move id="98" source="A6" target="A7"/>
  <move id="99" source="B5" target="B6"/>
  <move id="100" source="E7" target="F7"/>
  <move id="101" source="F6" target="F7"/>
  <move id="102" source="F7" target="F6"/>
  <move id="103" source="F5" target="F4"/>
  <move id="104" source="F8" target="F7"/>
  <move id="105" source="H3" target="I3"/>
  <move id="106" source="E8" target="F8"/>
  <move id="107" source="I3" target="I4"/>
  <move id="108" source="D8" target="E8"/>
  <move id="109" source="I4" target="I5"/>
  <move id="110" source="C8" target="D8"/>
  <move id="111" source="I5" target="I6"/>
  <move id="112" source="C9" target="C8"/>
  <move id="113" source="G3" target="H3"/>
  <move id="114" source="C8" target="C7"/>
  <move id="115" source="H3" target="I3"/>
  <move id="116" source="F7" target="G7"/>
  <move id="117" source="I3" target="I4"/>
  <move id="118" source="C7" target="D7"/>
  <move id="119" source="I4" target="I5"/>
  <move id="120" source="A7" target="B7"/>
  <move id="121" source="B6" target="B7"/>
  <move id="122" source="B9" target="C9"/>
  <move id="123" source="G4" target="G3"/>
  <move id="124" source="C9" target="C8"/>
  <move id="125" source="F4" target="G4"/>
  <move id="126" source="F6" target="E6"/>
  <move id="127" source="E5" target="F5"/>
  <move id="128" source="F8" target="F5"/>
  <move id="129" source="I6" target="I7"/>
  <move id="130" source="E6" target="E5"/>
  <move id="131" source="F5" target="F4"/>
  <move id="132" source="E5" target="E4"/>
  <move id="133" source="F4" target="F3"/>
  <player id="1">Player 1</player>
  <player id="2">Player 2</player>
  <result type="3" winner="1"/>
 </game>
</stratego>