<?xml version="1.0" encoding="UTF-8"?>
<stratego>
 <game type="classic">
  
  <field content="DBFBFEMEDEDDBFBHGIDIEDHBFBCJELHGDKGHDJGIAA__AA__AAAA__AA__AARSUWUPSNSPNPTPXTNOURQRVTQPQVPRPNQYNTSPQN"/>
  <move id="1" source="K4" target="K5"/>
  <move id="2" source="E7" target="E6"/>
  <move id="3" source="K5" target="K6"/>
  <move id="4" source="F7" target="F6"/>
  <move id="5" source="A4" target="A5"/>
  <move id="6" source="F8" target="F7"/>
  <move id="7" source="A5" target="A6"/>
  <move id="8" source="E6" target="E5"/>
  <move id="9" source="B4" target="B5"/>
  <move id="10" source="F6" target="F5"/>
  <move id="11" source="B5" target="B6"/>
  <move id="12" source="F7" target="F6"/>
  <move id="13" source="C4" target="B4"/>
  <move id="14" source="D7" target="E7"/>
  <move id="15" source="B4" target="B5"/>
  <move id="16" source="E7" target="F7"/>
  <move id="17" source="B6" target="B7"/>
  <move id="18" source="E8" target="E7"/>
  <move id="19" source="B5" target="B6"/>
  <move id="20" source="E7" target="D7"/>
  <move id="21" source="I4" target="I5"/>
  <move id="22" source="F5" target="F4"/>
  <move id="23" source="I5" target="I6"/>
  <move id="24" source="E5" target="F5"/>
  <move id="25" source="K3" target="K4"/>
  <move id="26" source="F6" target="E6"/>
  <move id="27" source="K4" target="K5"/>
  <move id="28" source="F7" target="F6"/>
  <move id="29" source="K5" target="I5"/>
  <move id="30" source="E6" target="E7"/>
  <move id="31" source="B6" target="B7"/>
  <move id="32" source="F5" target="F4"/>
  <move id="33" source="E4" target="E5"/>
  <move id="34" source="F6" target="E6"/>
  <move id="35" source="B3" target="B4"/>
  <move id="36" source="E6" target="E5"/>
  <move id="37" source="D4" target="E4"/>
  <move id="38" source="E5" target="E4"/>
  <move id="39" source="B4" target="C4"/>
  <move id="40" source="F4" target="F5"/>
  <move id="41" source="C4" target="D4"/>
  <move id="42" source="F5" target="F6"/>
  <move id="43" source="I6" target="I7"/>
  <move id="44" source="F6" target="F7"/>
  <move id="45" source="I5" target="K5"/>
  <move id="46" source="F7" target="F8"/>
  <move id="47" source="I3" target="I4"/>
  <move id="48" source="F8" target="E8"/>
  <move id="49" source="I4" target="K4"/>
  <move id="50" source="B8" target="B7"/>
  <move id="51" source="B2" target="B3"/>
  <move id="52" source="A7" target="A6"/>
  <move id="53" source="B3" target="B4"/>
  <move id="54" source="F9" target="F8"/>
  <move id="55" source="B4" target="B5"/>
  <move id="56" source="F8" target="F7"/>
  <move id="57" source="B5" target="B6"/>
  <move id="58" source="F7" target="F6"/>
  <move id="59" source="B6" target="B7"/>
  <move id="60" source="F6" target="E6"/>
  <move id="61" source="A6" target="A7"/>
  <move id="62" source="E6" target="E5"/>
  <move id="63" source="A3" target="A4"/>
  <move id="64" source="E5" target="E4"/>
  <move id="65" source="A4" target="A5"/>
  <move id="66" source="E4" target="D4"/>
  <move id="67" source="A5" target="A6"/>
  <move id="68" source="K7" target="K6"/>
  <move id="69" source="K4" target="I4"/>
  <move id="70" source="G9" target="F9"/>
  <move id="71" source="K5" target="I5"/>
  <move id="72" source="F9" target="F8"/>
  <move id="73" source="I5" target="I6"/>
  <move id="74" source="F8" target="F7"/>
  <move id="75" source="I6" target="I7"/>
  <move id="76" source="F7" target="F6"/>
  <move id="77" source="I7" target="K7"/>
  <move id="78" source="F6" target="E6"/>
  <move id="79" source="I4" target="K4"/>
  <move id="80" source="E6" target="E5"/>
  <move id="81" source="I2" target="I8"/>
  <move id="82" source="E5" target="E4"/>
  <move id="83" source="I1" target="I7"/>
  <move id="84" source="E4" target="D4"/>
  <move id="85" source="I7" target="H7"/>
  <move id="86" source="D4" target="C4"/>
  <move id="87" source="K4" target="K5"/>
  <move id="88" source="C4" target="B4"/>
  <move id="89" source="B7" target="C7"/>
  <move id="90" source="B4" target="A4"/>
  <move id="91" source="A6" target="B6"/>
  <move id="92" source="A4" target="B4"/>
  <move id="93" source="B6" target="B7"/>
  <move id="94" source="B4" target="B5"/>
  <move id="95" source="B7" target="B8"/>
  <move id="96" source="B5" target="B6"/>
  <move id="97" source="B8" target="A8"/>
  <move id="98" source="A9" target="A8"/>
  <move id="99" source="A2" target="A3"/>
  <move id="100" source="C7" target="B7"/>
  <move id="101" source="A7" target="A8"/>
  <move id="102" source="B7" target="A7"/>
  <move id="103" source="A8" target="B8"/>
  <move id="104" source="C8" target="B8"/>
  <move id="105" source="A3" target="B3"/>
  <move id="106" source="A7" target="B7"/>
  <move id="107" source="B3" target="B4"/>
  <move id="108" source="A:" target="A9"/>
  <move id="109" source="B4" target="B5"/>
  <move id="110" source="A9" target="A8"/>
  <move id="111" source="B5" target="A5"/>
  <move id="112" source="A8" target="A7"/>
  <move id="113" source="C3" target="C4"/>
  <move id="114" source="A7" target="A6"/>
  <move id="115" source="A5" target="A4"/>
  <move id="116" source="A6" target="A5"/>
  <move id="117" source="C4" target="B4"/>
  <move id="118" source="A5" target="B5"/>
  <move id="119" source="A4" target="A5"/>
  <move id="120" source="B5" target="B4"/>
  <move id="121" source="A5" target="B5"/>
  <move id="122" source="K8" target="K7"/>
  <move id="123" source="K7" target="K8"/>
  <move id="124" source="I8" target="I7"/>
  <move id="125" source="H4" target="I4"/>
  <move id="126" source="D8" target="C8"/>
  <move id="127" source="I4" target="I5"/>
  <move id="128" source="C8" target="B8"/>
  <move id="129" source="I5" target="I6"/>
  <move id="130" source="I7" target="I8"/>
  <move id="131" source="I6" target="I7"/>
  <move id="132" source="B8" target="A8"/>
  <move id="133" source="I7" target="I8"/>
  <move id="134" source="A8" target="A5"/>
  <move id="135" source="I8" target="I7"/>
  <move id="136" source="A5" target="B5"/>
  <move id="137" source="I7" target="I6"/>
  <move id="138" source="C9" target="C8"/>
  <move id="139" source="K8" target="K7"/>
  <move id="140" source="I9" target="I8"/>
  <move id="141" source="I6" target="I5"/>
  <move id="142" source="H9" target="I9"/>
  <move id="143" source="I5" target="I4"/>
  <move id="144" source="C8" target="B8"/>
  <move id="145" source="B4" target="C4"/>
  <move id="146" source="B8" target="A8"/>
  <move id="147" source="C4" target="D4"/>
  <move id="148" source="A8" target="A7"/>
  <move id="149" source="D4" target="E4"/>
  <move id="150" source="A7" target="A6"/>
  <move id="151" source="E4" target="F4"/>
  <move id="152" source="A6" target="A5"/>
  <move id="153" source="F4" target="F5"/>
  <move id="154" source="A5" target="A4"/>
  <move id="155" source="I4" target="H4"/>
  <move id="156" source="A4" target="B4"/>
  <move id="157" source="G4" target="B4"/>
  <move id="158" source="B4" target="C4"/>
  <move id="159" source="H4" target="G4"/>
  <move id="160" source="B6" target="B5"/>
  <move id="161" source="G4" target="F4"/>
  <move id="162" source="B5" target="B4"/>
  <move id="163" source="F4" target="E4"/>
  <move id="164" source="B4" target="B3"/>
  <move id="165" source="F5" target="F4"/>
  <move id="166" source="C4" target="C3"/>
  <move id="167" source="E4" target="D4"/>
  <move id="168" source="B3" target="B2"/>
  <move id="169" source="D4" target="C4"/>
  <move id="170" source="C3" target="C2"/>
  <move id="171" source="C4" target="C3"/>
  <move id="172" source="I8" target="K8"/>
  <move id="173" source="K7" target="I7"/>
  <move id="174" source="I9" target="I8"/>
  <move id="175" source="I7" target="I6"/>
  <move id="176" source="K8" target="K7"/>
  <move id="177" source="K6" target="K7"/>
  <move id="178" source="I8" target="K8"/>
  <move id="179" source="K7" target="K8"/>
  <move id="180" source="K8" target="K7"/>
  <move id="181" source="K5" target="I5"/>
  <move id="182" source="B2" target="C2"/>
  <move id="183" source="C3" target="C2"/>
  <move id="184" source="E8" target="F8"/>
  <move id="185" source="F4" target="G4"/>
  <move id="186" source="F8" target="F7"/>
  <move id="187" source="G4" target="H4"/>
  <move id="188" source="F7" target="F6"/>
  <move id="189" source="H4" target="I4"/>
  <move id="190" source="F6" target="F5"/>
  <move id="191" source="H3" target="H4"/>
  <move id="192" source="E7" target="F7"/>
  <move id="193" source="H4" target="G4"/>
  <move id="194" source="D7" target="E7"/>
  <move id="195" source="C2" target="C3"/>
  <move id="196" source="E7" target="E6"/>
  <move id="197" source="C3" target="C4"/>
  <move id="198" source="E6" target="E5"/>
  <move id="199" source="C4" target="B4"/>
  <move id="200" source="E5" target="E4"/>
  <move id="201" source="B4" target="B5"/>
  <move id="202" source="B7" target="C7"/>
  <move id="203" source="I4" target="K4"/>
  <move id="204" source="C7" target="C8"/>
  <move id="205" source="K2" target="K3"/>
  <move id="206" source="E4" target="F4"/>
  <move id="207" source="K3" target="I3"/>
  <move id="208" source="F4" target="G4"/>
  <move id="209" source="G3" target="G4"/>
  <move id="210" source="F5" target="F4"/>
  <move id="211" source="I3" target="H3"/>
  <move id="212" source="F4" target="G4"/>
  <move id="213" source="B5" target="B4"/>
  <move id="214" source="G4" target="H4"/>
  <move id="215" source="H3" target="H4"/>
  <move id="216" source="H:" target="H9"/>
  <move id="217" source="B4" target="C4"/>
  <move id="218" source="H9" target="I9"/>
  <move id="219" source="C4" target="D4"/>
  <move id="220" source="I9" target="I8"/>
  <move id="221" source="D4" target="E4"/>
  <move id="222" source="I8" target="I7"/>
  <move id="223" source="I6" target="K6"/>
  <move id="224" source="K7" target="K8"/>
  <move id="225" source="K6" target="K7"/>
  <move id="226" source="K8" target="I8"/>
  <move id="227" source="K7" target="I7"/>
  <move id="228" source="I8" target="I9"/>
  <move id="229" source="I5" target="I6"/>
  <move id="230" source="I9" target="H9"/>
  <move id="231" source="I7" target="K7"/>
  <move id="232" source="H9" target="I9"/>
  <move id="233" source="I6" target="I7"/>
  <move id="234" source="I9" target="I8"/>
  <move id="235" source="I7" target="H7"/>
  <move id="236" source="G7" target="H7"/>
  <move id="237" source="K7" target="I7"/>
  <move id="238" source="I8" target="I9"/>
  <move id="239" source="E4" target="F4"/>
  <move id="240" source="I9" target="I8"/>
  <move id="241" source="F4" target="G4"/>
  <move id="242" source="C8" target="C7"/>
  <move id="243" source="G4" target="H4"/>
  <move id="244" source="C7" target="B7"/>
  <move id="245" source="K4" target="K5"/>
  <move id="246" source="B7" target="B6"/>
  <move id="247" source="K5" target="K6"/>
  <move id="248" source="B6" target="B5"/>
  <move id="249" source="K6" target="I6"/>
  <move id="250" source="B5" target="B4"/>
  <move id="251" source="I7" target="K7"/>
  <move id="252" source="B4" target="C4"/>
  <move id="253" source="I6" target="I7"/>
  <move id="254" source="H8" target="H9"/>
  <move id="255" source="I7" target="H7"/>
  <move id="256" source="C4" target="C3"/>
  <move id="257" source="K7" target="I7"/>
  <move id="258" source="I8" target="H8"/>
  <move id="259" source="H7" target="G7"/>
  <move id="260" source="F7" target="G7"/>
  <move id="261" source="I7" target="H7"/>
  <move id="262" source="C3" target="C2"/>
  <move id="263" source="A1" target="A7"/>
  <move id="264" source="C2" target="C1"/>
  <move id="265" source="H4" target="G4"/>
  <move id="266" source="C1" target="D1"/>
  <move id="267" source="A7" target="F7"/>
  <player id="1">Player 1</player>
  <player id="2">Player 2</player>
  <result type="3" winner="1"/>
 </game>
</stratego>