<?xml version="1.0" encoding="UTF-8"?>
<stratego>
 <game type="classic">
  
  <field content="DDDDDEDBFHEJMHBICIGDLEJBHBGFHEIDKEBFBGFGAA__AA__AAAA__AA__AAPPUQPPTNPPSTWSTUOVTRNRVPNQSXRSYNQNRPQNUQ"/>
  <move id="1" source="I4" target="I5"/>
  <move id="2" source="I7" target="I6"/>
  <move id="3" source="I3" target="I4"/>
  <move id="4" source="I8" target="I7"/>
  <move id="5" source="F4" target="F5"/>
  <move id="6" source="H8" target="I8"/>
  <move id="7" source="B4" target="B7"/>
  <move id="8" source="I6" target="I5"/>
  <move id="9" source="B3" target="B4"/>
  <move id="10" source="I7" target="I6"/>
  <move id="11" source="B4" target="B5"/>
  <move id="12" source="I8" target="I7"/>
  <move id="13" source="A4" target="A5"/>
  <move id="14" source="K7" target="K4"/>
  <move id="15" source="A5" target="A6"/>
  <move id="16" source="I6" target="K6"/>
  <move id="17" source="B5" target="A5"/>
  <move id="18" source="K6" target="K5"/>
  <move id="19" source="B2" target="B3"/>
  <move id="20" source="K8" target="K7"/>
  <move id="21" source="B3" target="B4"/>
  <move id="22" source="K7" target="K6"/>
  <move id="23" source="B4" target="A4"/>
  <move id="24" source="K6" target="I6"/>
  <move id="25" source="B1" target="B2"/>
  <move id="26" source="I6" target="I5"/>
  <move id="27" source="I4" target="I3"/>
  <move id="28" source="K5" target="K4"/>
  <move id="29" source="B2" target="B3"/>
  <move id="30" source="K4" target="K5"/>
  <move id="31" source="B3" target="B4"/>
  <move id="32" source="K5" target="K6"/>
  <move id="33" source="B4" target="B5"/>
  <move id="34" source="I7" target="I8"/>
  <move id="35" source="B5" target="B6"/>
  <move id="36" source="A7" target="B7"/>
  <move id="37" source="B6" target="B5"/>
  <move id="38" source="I8" target="H8"/>
  <move id="39" source="A2" target="B2"/>
  <move id="40" source="K6" target="I6"/>
  <move id="41" source="A4" target="B4"/>
  <move id="42" source="I6" target="I7"/>
  <move id="43" source="A6" target="B6"/>
  <move id="44" source="I7" target="I8"/>
  <move id="45" source="A5" target="A6"/>
  <move id="46" source="E7" target="E6"/>
  <move id="47" source="A6" target="A7"/>
  <move id="48" source="E8" target="E7"/>
  <move id="49" source="B6" target="B7"/>
  <move id="50" source="E6" target="E5"/>
  <move id="51" source="B5" target="B6"/>
  <move id="52" source="E7" target="E6"/>
  <move id="53" source="F5" target="F4"/>
  <move id="54" source="E5" target="F5"/>
  <move id="55" source="A7" target="A8"/>
  <move id="56" source="E6" target="F6"/>
  <move id="57" source="B7" target="A7"/>
  <move id="58" source="F5" target="F4"/>
  <move id="59" source="B6" target="B7"/>
  <move id="60" source="F7" target="E7"/>
  <move id="61" source="B4" target="A4"/>
  <move id="62" source="E7" target="E6"/>
  <move id="63" source="B2" target="A2"/>
  <move id="64" source="E6" target="E5"/>
  <move id="65" source="C1" target="B1"/>
  <move id="66" source="F6" target="E6"/>
  <move id="67" source="B1" target="B2"/>
  <move id="68" source="E5" target="E4"/>
  <move id="69" source="B7" target="C7"/>
  <move id="70" source="E6" target="E7"/>
  <move id="71" source="A4" target="A5"/>
  <move id="72" source="E7" target="E8"/>
  <move id="73" source="A5" target="A6"/>
  <move id="74" source="I8" target="K8"/>
  <move id="75" source="B2" target="B8"/>
  <move id="76" source="I9" target="I8"/>
  <move id="77" source="A6" target="B6"/>
  <move id="78" source="I8" target="I7"/>
  <move id="79" source="B6" target="B7"/>
  <move id="80" source="K9" target="I9"/>
  <move id="81" source="A3" target="A4"/>
  <move id="82" source="K8" target="I8"/>
  <move id="83" source="A4" target="A5"/>
  <move id="84" source="I7" target="I6"/>
  <move id="85" source="A5" target="A6"/>
  <move id="86" source="I6" target="I5"/>
  <move id="87" source="A7" target="A8"/>
  <move id="88" source="I5" target="I4"/>
  <move id="89" source="A8" target="B8"/>
  <move id="90" source="C8" target="B8"/>
  <move id="91" source="B7" target="C7"/>
  <move id="92" source="I4" target="I3"/>
  <move id="93" source="A1" target="B1"/>
  <move id="94" source="B8" target="B7"/>
  <move id="95" source="C7" target="C8"/>
  <move id="96" source="B9" target="B8"/>
  <move id="97" source="A6" target="A7"/>
  <player id="1">Player 1</player>
  <player id="2">Player 2</player>
  <result type="3" winner="1"/>
 </game>
</stratego>