<?xml version="1.0" encoding="UTF-8"?>
<stratego>
 <game type="classic">
  
  <field content="BFDEDFEEDFGBFEHCEGBBDDBHLKMBHIJHGIDDIGDJAA__AA__AAAA__AA__AANPSTNPVSPPTRXQRSOWSNNUTUTVRNPRYUQPQPQNQP"/>
  <move id="1" source="I4" target="I5"/>
  <move id="2" source="I7" target="I5"/>
  <move id="3" source="B4" target="B5"/>
  <move id="4" source="H7" target="I7"/>
  <move id="5" source="B5" target="A5"/>
  <move id="6" source="H8" target="H7"/>
  <move id="7" source="H4" target="I4"/>
  <move id="8" source="F7" target="F6"/>
  <move id="9" source="B3" target="B4"/>
  <move id="10" source="B7" target="B4"/>
  <move id="11" source="A3" target="B3"/>
  <move id="12" source="C7" target="B7"/>
  <move id="13" source="E4" target="E5"/>
  <move id="14" source="C8" target="C7"/>
  <move id="15" source="E5" target="E6"/>
  <move id="16" source="F8" target="F7"/>
  <move id="17" source="E6" target="E7"/>
  <move id="18" source="F6" target="E6"/>
  <move id="19" source="F4" target="F7"/>
  <move id="20" source="F7" target="F6"/>
  <move id="21" source="B3" target="B4"/>
  <move id="22" source="G7" target="F7"/>
  <move id="23" source="B4" target="B5"/>
  <move id="24" source="B8" target="C8"/>
  <move id="25" source="B5" target="B7"/>
  <move id="26" source="F6" target="F5"/>
  <move id="27" source="A5" target="A6"/>
  <move id="28" source="B9" target="B8"/>
  <move id="29" source="A4" target="A5"/>
  <move id="30" source="F7" target="F6"/>
  <move id="31" source="A5" target="B5"/>
  <move id="32" source="E6" target="E5"/>
  <move id="33" source="A6" target="B6"/>
  <move id="34" source="I7" target="I6"/>
  <move id="35" source="B6" target="B7"/>
  <move id="36" source="B8" target="B7"/>
  <move id="37" source="B5" target="B6"/>
  <move id="38" source="B7" target="B8"/>
  <move id="39" source="B6" target="B7"/>
  <move id="40" source="C7" target="B7"/>
  <move id="41" source="K4" target="K5"/>
  <move id="42" source="B7" target="C7"/>
  <move id="43" source="K5" target="K6"/>
  <move id="44" source="I6" target="I7"/>
  <move id="45" source="K6" target="I6"/>
  <move id="46" source="B8" target="B9"/>
  <move id="47" source="K3" target="K4"/>
  <move id="48" source="C8" target="B8"/>
  <move id="49" source="K4" target="K5"/>
  <move id="50" source="B8" target="B7"/>
  <move id="51" source="K5" target="K6"/>
  <move id="52" source="B7" target="B6"/>
  <move id="53" source="I6" target="I7"/>
  <move id="54" source="H7" target="I7"/>
  <move id="55" source="D4" target="E4"/>
  <move id="56" source="I7" target="H7"/>
  <move id="57" source="E4" target="E5"/>
  <move id="58" source="I8" target="I7"/>
  <move id="59" source="G4" target="F4"/>
  <move id="60" source="H7" target="G7"/>
  <move id="61" source="F4" target="F5"/>
  <move id="62" source="F6" target="F5"/>
  <move id="63" source="E5" target="E4"/>
  <move id="64" source="F5" target="F6"/>
  <move id="65" source="F3" target="F4"/>
  <move id="66" source="F6" target="F7"/>
  <move id="67" source="F4" target="F5"/>
  <move id="68" source="F7" target="F8"/>
  <move id="69" source="F5" target="F6"/>
  <move id="70" source="G7" target="F7"/>
  <move id="71" source="F6" target="F7"/>
  <move id="72" source="F8" target="F7"/>
  <move id="73" source="E3" target="F3"/>
  <move id="74" source="F7" target="F6"/>
  <move id="75" source="F3" target="F4"/>
  <move id="76" source="F6" target="F5"/>
  <move id="77" source="F4" target="F5"/>
  <move id="78" source="E8" target="F8"/>
  <move id="79" source="F5" target="F6"/>
  <move id="80" source="I7" target="I6"/>
  <move id="81" source="E4" target="E5"/>
  <move id="82" source="G8" target="G7"/>
  <move id="83" source="E5" target="E6"/>
  <move id="84" source="F8" target="F7"/>
  <move id="85" source="F6" target="F5"/>
  <move id="86" source="F9" target="F8"/>
  <move id="87" source="E6" target="F6"/>
  <move id="88" source="I6" target="K6"/>
  <move id="89" source="F2" target="F3"/>
  <move id="90" source="D8" target="C8"/>
  <move id="91" source="F3" target="F4"/>
  <move id="92" source="C8" target="B8"/>
  <move id="93" source="F4" target="E4"/>
  <move id="94" source="C7" target="C8"/>
  <move id="95" source="E2" target="F2"/>
  <move id="96" source="C8" target="D8"/>
  <move id="97" source="E4" target="F4"/>
  <move id="98" source="D8" target="E8"/>
  <move id="99" source="E1" target="E7"/>
  <move id="100" source="D7" target="C7"/>
  <move id="101" source="F6" target="F7"/>
  <move id="102" source="F8" target="F7"/>
  <move id="103" source="F5" target="F6"/>
  <move id="104" source="F7" target="F8"/>
  <move id="105" source="F4" target="F5"/>
  <move id="106" source="F8" target="G8"/>
  <move id="107" source="F6" target="E6"/>
  <move id="108" source="E8" target="F8"/>
  <move id="109" source="F5" target="F6"/>
  <move id="110" source="G8" target="H8"/>
  <move id="111" source="K6" target="K7"/>
  <move id="112" source="H8" target="H7"/>
  <move id="113" source="I4" target="I5"/>
  <move id="114" source="H7" target="I7"/>
  <move id="115" source="F6" target="F7"/>
  <move id="116" source="F8" target="F7"/>
  <move id="117" source="K7" target="I7"/>
  <move id="118" source="I7" target="I6"/>
  <move id="119" source="I5" target="I4"/>
  <move id="120" source="I6" target="I5"/>
  <move id="121" source="I4" target="K4"/>
  <move id="122" source="I5" target="I4"/>
  <move id="123" source="K4" target="K5"/>
  <move id="124" source="I4" target="K4"/>
  <move id="125" source="K5" target="K6"/>
  <move id="126" source="G7" target="G8"/>
  <move id="127" source="K6" target="I6"/>
  <move id="128" source="G8" target="F8"/>
  <move id="129" source="I6" target="I7"/>
  <move id="130" source="F7" target="G7"/>
  <move id="131" source="E6" target="E7"/>
  <move id="132" source="G7" target="H7"/>
  <move id="133" source="I7" target="I8"/>
  <move id="134" source="H7" target="H8"/>
  <player id="1">Player 1</player>
  <player id="2">Player 2</player>
  <result type="3" winner="2"/>
 </game>
</stratego>