<?xml version="1.0" encoding="UTF-8"?>
<stratego>
 <game type="classic">
  
  <field content="EDBEGBMBEFFHEJDHBIDBBDFDLHJCDIGDIGDFEKHGAA__AA__AAAA__AA__AARSUWUPSNSPNPTPXTNOURQRVTQPQVPRPNQYNTSPQN"/>
  <move id="1" source="F4" target="F5"/>
  <move id="2" source="E7" target="E6"/>
  <move id="3" source="F3" target="F4"/>
  <move id="4" source="E6" target="F6"/>
  <move id="5" source="I4" target="I5"/>
  <move id="6" source="F6" target="F5"/>
  <move id="7" source="F4" target="F3"/>
  <move id="8" source="F5" target="F6"/>
  <move id="9" source="E4" target="E5"/>
  <move id="10" source="F6" target="E6"/>
  <move id="11" source="E5" target="F5"/>
  <move id="12" source="E6" target="E7"/>
  <move id="13" source="F5" target="F6"/>
  <move id="14" source="K7" target="K6"/>
  <move id="15" source="E3" target="E4"/>
  <move id="16" source="K6" target="I6"/>
  <move id="17" source="I5" target="I4"/>
  <move id="18" source="I6" target="I5"/>
  <move id="19" source="B4" target="B5"/>
  <move id="20" source="I7" target="I6"/>
  <move id="21" source="B5" target="B6"/>
  <move id="22" source="I8" target="I7"/>
  <move id="23" source="F6" target="F7"/>
  <move id="24" source="I5" target="I4"/>
  <move id="25" source="B6" target="B7"/>
  <move id="26" source="I7" target="I8"/>
  <move id="27" source="F3" target="F4"/>
  <move id="28" source="I6" target="I7"/>
  <move id="29" source="E4" target="E5"/>
  <move id="30" source="K8" target="K7"/>
  <move id="31" source="F4" target="F5"/>
  <move id="32" source="K7" target="K6"/>
  <move id="33" source="C4" target="B4"/>
  <move id="34" source="K6" target="K7"/>
  <move id="35" source="B4" target="B5"/>
  <move id="36" source="K7" target="K8"/>
  <move id="37" source="B5" target="A5"/>
  <move id="38" source="K8" target="K7"/>
  <move id="39" source="A5" target="B5"/>
  <move id="40" source="K7" target="K6"/>
  <move id="41" source="B5" target="A5"/>
  <move id="42" source="K6" target="K7"/>
  <move id="43" source="B3" target="B4"/>
  <move id="44" source="K7" target="K8"/>
  <move id="45" source="B4" target="C4"/>
  <move id="46" source="K8" target="K7"/>
  <move id="47" source="C4" target="B4"/>
  <move id="48" source="K7" target="K6"/>
  <move id="49" source="B4" target="B3"/>
  <move id="50" source="K6" target="K7"/>
  <move id="51" source="I4" target="I5"/>
  <move id="52" source="K7" target="K8"/>
  <move id="53" source="H4" target="I4"/>
  <move id="54" source="K8" target="K7"/>
  <move id="55" source="A5" target="A6"/>
  <move id="56" source="K7" target="K6"/>
  <move id="57" source="A4" target="A5"/>
  <move id="58" source="K6" target="K7"/>
  <move id="59" source="A5" target="B5"/>
  <move id="60" source="K7" target="K8"/>
  <move id="61" source="B5" target="B6"/>
  <move id="62" source="K8" target="K7"/>
  <move id="63" source="B3" target="B4"/>
  <move id="64" source="K7" target="K6"/>
  <move id="65" source="B4" target="B5"/>
  <move id="66" source="K6" target="K7"/>
  <move id="67" source="B5" target="B4"/>
  <move id="68" source="K7" target="K8"/>
  <move id="69" source="B4" target="B3"/>
  <move id="70" source="K8" target="K7"/>
  <move id="71" source="B6" target="B5"/>
  <move id="72" source="K7" target="K6"/>
  <move id="73" source="B5" target="B4"/>
  <move id="74" source="K6" target="K7"/>
  <move id="75" source="I4" target="H4"/>
  <move id="76" source="K7" target="K8"/>
  <move id="77" source="I5" target="I4"/>
  <move id="78" source="K8" target="K7"/>
  <move id="79" source="E5" target="E4"/>
  <move id="80" source="K7" target="K6"/>
  <move id="81" source="E4" target="E3"/>
  <move id="82" source="K6" target="K7"/>
  <move id="83" source="F5" target="F4"/>
  <move id="84" source="K7" target="K8"/>
  <move id="85" source="F4" target="F3"/>
  <move id="86" source="K8" target="K7"/>
  <move id="87" source="A6" target="A5"/>
  <move id="88" source="K7" target="K6"/>
  <move id="89" source="A5" target="A4"/>
  <move id="90" source="K6" target="K7"/>
  <move id="91" source="B4" target="B5"/>
  <move id="92" source="K7" target="K8"/>
  <move id="93" source="A4" target="B4"/>
  <move id="94" source="K8" target="K7"/>
  <move id="95" source="B4" target="C4"/>
  <move id="96" source="K7" target="K6"/>
  <move id="97" source="B5" target="B4"/>
  <move id="98" source="K6" target="K7"/>
  <move id="99" source="B4" target="A4"/>
  <move id="100" source="K7" target="K8"/>
  <move id="101" source="C4" target="B4"/>
  <move id="102" source="K8" target="K7"/>
  <move id="103" source="B4" target="B5"/>
  <move id="104" source="K7" target="K6"/>
  <move id="105" source="A4" target="B4"/>
  <move id="106" source="K6" target="K7"/>
  <move id="107" source="B4" target="A4"/>
  <move id="108" source="K7" target="K8"/>
  <move id="109" source="B5" target="B4"/>
  <move id="110" source="K8" target="K7"/>
  <move id="111" source="B4" target="C4"/>
  <move id="112" source="K7" target="K6"/>
  <move id="113" source="B3" target="B4"/>
  <move id="114" source="K6" target="K7"/>
  <move id="115" source="B4" target="B3"/>
  <move id="116" source="K7" target="K8"/>
  <move id="117" source="A4" target="B4"/>
  <move id="118" source="K8" target="K7"/>
  <move id="119" source="B4" target="B5"/>
  <move id="120" source="K7" target="K6"/>
  <move id="121" source="C4" target="B4"/>
  <move id="122" source="K6" target="K7"/>
  <move id="123" source="B4" target="A4"/>
  <move id="124" source="K7" target="K8"/>
  <move id="125" source="B5" target="B4"/>
  <move id="126" source="K8" target="K7"/>
  <move id="127" source="B4" target="C4"/>
  <move id="128" source="K7" target="K6"/>
  <move id="129" source="A4" target="A5"/>
  <move id="130" source="K6" target="K7"/>
  <move id="131" source="C4" target="B4"/>
  <move id="132" source="K7" target="K8"/>
  <move id="133" source="B4" target="A4"/>
  <move id="134" source="K8" target="K7"/>
  <move id="135" source="A5" target="B5"/>
  <move id="136" source="K7" target="K6"/>
  <move id="137" source="B5" target="B4"/>
  <move id="138" source="K6" target="K7"/>
  <move id="139" source="B4" target="B5"/>
  <move id="140" source="K7" target="K8"/>
  <move id="141" source="B5" target="A5"/>
  <move id="142" source="K8" target="K7"/>
  <move id="143" source="A4" target="B4"/>
  <move id="144" source="K7" target="K6"/>
  <move id="145" source="A5" target="A4"/>
  <move id="146" source="K6" target="K7"/>
  <move id="147" source="B4" target="C4"/>
  <move id="148" source="K7" target="K8"/>
  <move id="149" source="B3" target="B4"/>
  <move id="150" source="K8" target="K7"/>
  <move id="151" source="B4" target="B5"/>
  <move id="152" source="K7" target="K6"/>
  <move id="153" source="B5" target="A5"/>
  <move id="154" source="K6" target="K7"/>
  <move id="155" source="A4" target="B4"/>
  <move id="156" source="K7" target="K8"/>
  <move id="157" source="B4" target="B3"/>
  <move id="158" source="K8" target="K7"/>
  <move id="159" source="C4" target="B4"/>
  <move id="160" source="K7" target="K6"/>
  <move id="161" source="B4" target="A4"/>
  <move id="162" source="K6" target="K7"/>
  <move id="163" source="B3" target="B4"/>
  <move id="164" source="K7" target="K8"/>
  <move id="165" source="B4" target="C4"/>
  <move id="166" source="K8" target="K7"/>
  <move id="167" source="A4" target="B4"/>
  <move id="168" source="K7" target="K6"/>
  <move id="169" source="I4" target="I5"/>
  <move id="170" source="K6" target="K7"/>
  <move id="171" source="I5" target="I4"/>
  <move id="172" source="K7" target="K8"/>
  <move id="173" source="B4" target="B5"/>
  <move id="174" source="K8" target="K7"/>
  <move id="175" source="A5" target="A4"/>
  <move id="176" source="K7" target="K6"/>
  <move id="177" source="A4" target="B4"/>
  <move id="178" source="K6" target="K7"/>
  <move id="179" source="B4" target="B3"/>
  <move id="180" source="K7" target="K8"/>
  <move id="181" source="C4" target="B4"/>
  <move id="182" source="K8" target="K7"/>
  <move id="183" source="B4" target="A4"/>
  <move id="184" source="K7" target="K6"/>
  <move id="185" source="B5" target="B4"/>
  <move id="186" source="K6" target="K7"/>
  <move id="187" source="B4" target="C4"/>
  <move id="188" source="K7" target="K8"/>
  <move id="189" source="E3" target="E4"/>
  <move id="190" source="K8" target="K7"/>
  <move id="191" source="E4" target="E3"/>
  <move id="192" source="K7" target="K6"/>
  <move id="193" source="C4" target="B4"/>
  <move id="194" source="K6" target="K7"/>
  <move id="195" source="B4" target="B5"/>
  <move id="196" source="K7" target="K8"/>
  <move id="197" source="A4" target="A5"/>
  <move id="198" source="K8" target="K7"/>
  <move id="199" source="B5" target="B4"/>
  <move id="200" source="K7" target="K6"/>
  <move id="201" source="B4" target="A4"/>
  <move id="202" source="K6" target="K7"/>
  <move id="203" source="A5" target="B5"/>
  <move id="204" source="K7" target="K8"/>
  <move id="205" source="A4" target="A5"/>
  <move id="206" source="K8" target="K7"/>
  <move id="207" source="B5" target="B4"/>
  <move id="208" source="K7" target="K6"/>
  <move id="209" source="B4" target="B5"/>
  <move id="210" source="K6" target="K7"/>
  <move id="211" source="B3" target="B4"/>
  <move id="212" source="K7" target="K8"/>
  <move id="213" source="I4" target="I5"/>
  <move id="214" source="K8" target="K7"/>
  <move id="215" source="I5" target="K5"/>
  <move id="216" source="K7" target="K6"/>
  <move id="217" source="K5" target="I5"/>
  <move id="218" source="K6" target="K7"/>
  <move id="219" source="I5" target="I4"/>
  <move id="220" source="K7" target="K8"/>
  <move id="221" source="B4" target="B3"/>
  <move id="222" source="K8" target="K7"/>
  <move id="223" source="B5" target="B4"/>
  <move id="224" source="K7" target="K6"/>
  <move id="225" source="A5" target="A4"/>
  <move id="226" source="K6" target="K7"/>
  <move id="227" source="B4" target="C4"/>
  <move id="228" source="K7" target="K8"/>
  <move id="229" source="B3" target="B4"/>
  <move id="230" source="K8" target="K7"/>
  <move id="231" source="B4" target="B5"/>
  <move id="232" source="K7" target="K6"/>
  <move id="233" source="B5" target="A5"/>
  <move id="234" source="K6" target="K7"/>
  <move id="235" source="A4" target="B4"/>
  <move id="236" source="K7" target="K8"/>
  <move id="237" source="B4" target="A4"/>
  <move id="238" source="K8" target="K7"/>
  <move id="239" source="A5" target="A6"/>
  <move id="240" source="K7" target="K6"/>
  <move id="241" source="A6" target="A5"/>
  <move id="242" source="K6" target="K7"/>
  <move id="243" source="A5" target="B5"/>
  <move id="244" source="K7" target="K8"/>
  <move id="245" source="A4" target="A5"/>
  <move id="246" source="K8" target="K7"/>
  <move id="247" source="B5" target="B4"/>
  <move id="248" source="K7" target="K6"/>
  <move id="249" source="B4" target="B3"/>
  <move id="250" source="K6" target="K7"/>
  <move id="251" source="A5" target="A4"/>
  <move id="252" source="K7" target="K8"/>
  <move id="253" source="C4" target="B4"/>
  <move id="254" source="K8" target="K7"/>
  <move id="255" source="B4" target="C4"/>
  <move id="256" source="K7" target="K6"/>
  <move id="257" source="C4" target="B4"/>
  <move id="258" source="K6" target="K7"/>
  <move id="259" source="B4" target="B5"/>
  <move id="260" source="K7" target="K8"/>
  <move id="261" source="B5" target="A5"/>
  <move id="262" source="K8" target="K7"/>
  <move id="263" source="B3" target="B4"/>
  <move id="264" source="K7" target="K6"/>
  <move id="265" source="B4" target="C4"/>
  <move id="266" source="K6" target="K7"/>
  <move id="267" source="A4" target="B4"/>
  <move id="268" source="K7" target="K8"/>
  <move id="269" source="A5" target="A4"/>
  <move id="270" source="K8" target="K7"/>
  <move id="271" source="B4" target="B3"/>
  <move id="272" source="K7" target="K6"/>
  <move id="273" source="B3" target="B4"/>
  <move id="274" source="K6" target="K7"/>
  <move id="275" source="B4" target="B3"/>
  <move id="276" source="K7" target="K8"/>
  <move id="277" source="C4" target="B4"/>
  <move id="278" source="K8" target="K7"/>
  <move id="279" source="B4" target="B5"/>
  <move id="280" source="K7" target="K6"/>
  <move id="281" source="B5" target="B4"/>
  <move id="282" source="K6" target="K7"/>
  <move id="283" source="B4" target="C4"/>
  <move id="284" source="K7" target="K8"/>
  <move id="285" source="I4" target="I5"/>
  <move id="286" source="K8" target="K7"/>
  <move id="287" source="I5" target="I4"/>
  <move id="288" source="K7" target="K6"/>
  <move id="289" source="C4" target="B4"/>
  <move id="290" source="K6" target="K7"/>
  <move id="291" source="B4" target="C4"/>
  <move id="292" source="K7" target="K8"/>
  <move id="293" source="A4" target="A5"/>
  <move id="294" source="K8" target="K7"/>
  <move id="295" source="A5" target="A4"/>
  <move id="296" source="K7" target="K6"/>
  <move id="297" source="B3" target="B4"/>
  <move id="298" source="K6" target="K7"/>
  <move id="299" source="B4" target="B3"/>
  <move id="300" source="K7" target="K8"/>
  <move id="301" source="C4" target="B4"/>
  <move id="302" source="K8" target="K7"/>
  <move id="303" source="B4" target="C4"/>
  <move id="304" source="K7" target="K6"/>
  <move id="305" source="C4" target="B4"/>
  <move id="306" source="K6" target="K7"/>
  <move id="307" source="A4" target="A5"/>
  <move id="308" source="K7" target="K8"/>
  <move id="309" source="B4" target="C4"/>
  <move id="310" source="K8" target="K7"/>
  <move id="311" source="B3" target="B4"/>
  <move id="312" source="K7" target="K6"/>
  <move id="313" source="B4" target="B5"/>
  <move id="314" source="K6" target="K7"/>
  <move id="315" source="B5" target="B4"/>
  <move id="316" source="K7" target="K8"/>
  <move id="317" source="B4" target="B3"/>
  <move id="318" source="K8" target="K7"/>
  <move id="319" source="A5" target="A4"/>
  <move id="320" source="K7" target="K6"/>
  <move id="321" source="B3" target="B4"/>
  <move id="322" source="K6" target="K7"/>
  <move id="323" source="B4" target="B3"/>
  <move id="324" source="K7" target="K8"/>
  <move id="325" source="C4" target="B4"/>
  <move id="326" source="K8" target="K7"/>
  <move id="327" source="B4" target="B5"/>
  <move id="328" source="K7" target="K6"/>
  <move id="329" source="B5" target="B4"/>
  <move id="330" source="K6" target="K7"/>
  <move id="331" source="B4" target="C4"/>
  <move id="332" source="K7" target="K8"/>
  <move id="333" source="A4" target="A5"/>
  <move id="334" source="K8" target="K7"/>
  <move id="335" source="A5" target="A4"/>
  <move id="336" source="K7" target="K6"/>
  <move id="337" source="C4" target="B4"/>
  <move id="338" source="K6" target="K7"/>
  <move id="339" source="B4" target="C4"/>
  <move id="340" source="K7" target="K8"/>
  <move id="341" source="C4" target="B4"/>
  <move id="342" source="K8" target="K7"/>
  <move id="343" source="B4" target="B5"/>
  <move id="344" source="K7" target="K6"/>
  <move id="345" source="A4" target="A5"/>
  <move id="346" source="K6" target="K7"/>
  <move id="347" source="B5" target="B4"/>
  <move id="348" source="K7" target="K8"/>
  <move id="349" source="B4" target="C4"/>
  <move id="350" source="K8" target="K7"/>
  <move id="351" source="A5" target="A4"/>
  <move id="352" source="K7" target="K6"/>
  <move id="353" source="C4" target="B4"/>
  <move id="354" source="K6" target="K7"/>
  <move id="355" source="B4" target="C4"/>
  <move id="356" source="K7" target="K8"/>
  <move id="357" source="C4" target="B4"/>
  <move id="358" source="K8" target="K7"/>
  <move id="359" source="A4" target="A5"/>
  <move id="360" source="K7" target="K6"/>
  <move id="361" source="B4" target="C4"/>
  <move id="362" source="K6" target="K7"/>
  <move id="363" source="A5" target="A4"/>
  <move id="364" source="K7" target="K8"/>
  <move id="365" source="C4" target="B4"/>
  <move id="366" source="K8" target="K7"/>
  <move id="367" source="B4" target="B5"/>
  <move id="368" source="K7" target="K6"/>
  <move id="369" source="B5" target="B4"/>
  <move id="370" source="K6" target="K7"/>
  <move id="371" source="B4" target="C4"/>
  <move id="372" source="K7" target="K8"/>
  <move id="373" source="C4" target="B4"/>
  <move id="374" source="K8" target="K7"/>
  <move id="375" source="B4" target="B5"/>
  <move id="376" source="K7" target="K6"/>
  <move id="377" source="B5" target="B4"/>
  <move id="378" source="K6" target="K7"/>
  <move id="379" source="B4" target="C4"/>
  <move id="380" source="K7" target="K8"/>
  <move id="381" source="C4" target="B4"/>
  <move id="382" source="K8" target="K7"/>
  <move id="383" source="B4" target="B5"/>
  <move id="384" source="K7" target="K6"/>
  <move id="385" source="B5" target="B4"/>
  <move id="386" source="K6" target="K7"/>
  <move id="387" source="B4" target="C4"/>
  <move id="388" source="K7" target="K8"/>
  <move id="389" source="C4" target="B4"/>
  <move id="390" source="K8" target="K7"/>
  <move id="391" source="B4" target="B5"/>
  <move id="392" source="K7" target="K6"/>
  <move id="393" source="B5" target="B4"/>
  <move id="394" source="K6" target="K7"/>
  <move id="395" source="B4" target="C4"/>
  <move id="396" source="K7" target="K8"/>
  <move id="397" source="C4" target="B4"/>
  <move id="398" source="K8" target="K7"/>
  <move id="399" source="B4" target="B5"/>
  <move id="400" source="K7" target="K6"/>
  <move id="401" source="B5" target="B4"/>
  <move id="402" source="K6" target="K5"/>
  <move id="403" source="B4" target="C4"/>
  <move id="404" source="I8" target="K8"/>
  <move id="405" source="C4" target="B4"/>
  <move id="406" source="K8" target="K7"/>
  <move id="407" source="B4" target="B5"/>
  <move id="408" source="K7" target="K6"/>
  <move id="409" source="B5" target="B4"/>
  <move id="410" source="K6" target="I6"/>
  <move id="411" source="B4" target="C4"/>
  <move id="412" source="I6" target="I5"/>
  <move id="413" source="C4" target="B4"/>
  <move id="414" source="K5" target="K6"/>
  <move id="415" source="B4" target="B5"/>
  <move id="416" source="K6" target="I6"/>
  <move id="417" source="B5" target="B4"/>
  <move id="418" source="I9" target="I8"/>
  <move id="419" source="B4" target="C4"/>
  <move id="420" source="I8" target="K8"/>
  <move id="421" source="C4" target="B4"/>
  <move id="422" source="K8" target="K4"/>
  <move id="423" source="B4" target="B5"/>
  <move id="424" source="I7" target="K7"/>
  <move id="425" source="B5" target="B4"/>
  <move id="426" source="K7" target="K6"/>
  <move id="427" source="B4" target="C4"/>
  <move id="428" source="K6" target="K5"/>
  <move id="429" source="C4" target="B4"/>
  <move id="430" source="I:" target="I9"/>
  <move id="431" source="B4" target="C4"/>
  <move id="432" source="I9" target="I8"/>
  <move id="433" source="A4" target="A5"/>
  <move id="434" source="I8" target="K8"/>
  <move id="435" source="A5" target="A4"/>
  <move id="436" source="H:" target="I:"/>
  <move id="437" source="C4" target="B4"/>
  <move id="438" source="I:" target="I9"/>
  <move id="439" source="B4" target="B5"/>
  <move id="440" source="I9" target="I8"/>
  <move id="441" source="B5" target="B4"/>
  <move id="442" source="I8" target="I7"/>
  <move id="443" source="B4" target="C4"/>
  <move id="444" source="I7" target="K7"/>
  <move id="445" source="C4" target="B4"/>
  <move id="446" source="K7" target="K6"/>
  <move id="447" source="B4" target="B5"/>
  <move id="448" source="K5" target="K4"/>
  <move id="449" source="B5" target="B4"/>
  <move id="450" source="K6" target="K3"/>
  <move id="451" source="B4" target="C4"/>
  <move id="452" source="H9" target="I9"/>
  <move id="453" source="I4" target="K4"/>
  <move id="454" source="I5" target="K5"/>
  <move id="455" source="K4" target="I4"/>
  <move id="456" source="K5" target="I5"/>
  <move id="457" source="C4" target="B4"/>
  <move id="458" source="I9" target="I8"/>
  <move id="459" source="B4" target="C4"/>
  <move id="460" source="I8" target="I7"/>
  <move id="461" source="K3" target="K4"/>
  <move id="462" source="I7" target="K7"/>
  <move id="463" source="K4" target="K5"/>
  <move id="464" source="I5" target="I4"/>
  <move id="465" source="H4" target="I4"/>
  <move id="466" source="K7" target="K6"/>
  <move id="467" source="K5" target="K4"/>
  <move id="468" source="K6" target="K5"/>
  <move id="469" source="K4" target="K3"/>
  <move id="470" source="I6" target="I5"/>
  <move id="471" source="I4" target="H4"/>
  <move id="472" source="K5" target="K4"/>
  <move id="473" source="I3" target="I4"/>
  <move id="474" source="K4" target="K3"/>
  <move id="475" source="I4" target="I5"/>
  <move id="476" source="K3" target="K4"/>
  <move id="477" source="H4" target="I4"/>
  <move id="478" source="K4" target="K5"/>
  <move id="479" source="I4" target="I5"/>
  <move id="480" source="K5" target="K6"/>
  <move id="481" source="I5" target="I6"/>
  <move id="482" source="K6" target="K7"/>
  <move id="483" source="C4" target="B4"/>
  <move id="484" source="K8" target="I8"/>
  <move id="485" source="B4" target="B5"/>
  <move id="486" source="I8" target="I7"/>
  <move id="487" source="B5" target="B4"/>
  <move id="488" source="K7" target="K8"/>
  <move id="489" source="I6" target="I7"/>
  <move id="490" source="E7" target="F7"/>
  <move id="491" source="D4" target="E4"/>
  <move id="492" source="E8" target="E7"/>
  <move id="493" source="B4" target="B5"/>
  <move id="494" source="E7" target="E6"/>
  <move id="495" source="B5" target="B4"/>
  <move id="496" source="E6" target="E5"/>
  <move id="497" source="B4" target="C4"/>
  <move id="498" source="E5" target="E4"/>
  <move id="499" source="C4" target="B4"/>
  <move id="500" source="E4" target="E3"/>
  <move id="501" source="B4" target="B5"/>
  <move id="502" source="D8" target="E8"/>
  <move id="503" source="D3" target="E3"/>
  <move id="504" source="E8" target="E7"/>
  <move id="505" source="B5" target="A5"/>
  <move id="506" source="E7" target="E6"/>
  <move id="507" source="E3" target="E6"/>
  <move id="508" source="D7" target="E7"/>
  <move id="509" source="A5" target="A7"/>
  <move id="510" source="E7" target="E6"/>
  <move id="511" source="E2" target="E6"/>
  <move id="512" source="E6" target="E5"/>
  <move id="513" source="I2" target="I3"/>
  <move id="514" source="E5" target="E4"/>
  <move id="515" source="I3" target="I4"/>
  <move id="516" source="E4" target="D4"/>
  <move id="517" source="I4" target="I5"/>
  <move id="518" source="D4" target="C4"/>
  <move id="519" source="A4" target="A5"/>
  <move id="520" source="C4" target="B4"/>
  <move id="521" source="I5" target="K5"/>
  <move id="522" source="B4" target="B3"/>
  <move id="523" source="I7" target="K7"/>
  <move id="524" source="K8" target="I8"/>
  <move id="525" source="K5" target="K6"/>
  <move id="526" source="C8" target="D8"/>
  <move id="527" source="K6" target="I6"/>
  <move id="528" source="D8" target="E8"/>
  <move id="529" source="I6" target="I7"/>
  <move id="530" source="B8" target="D8"/>
  <move id="531" source="I7" target="H7"/>
  <move id="532" source="C9" target="C8"/>
  <move id="533" source="D2" target="D3"/>
  <move id="534" source="B3" target="B4"/>
  <move id="535" source="D3" target="D4"/>
  <move id="536" source="B4" target="C4"/>
  <move id="537" source="D4" target="E4"/>
  <move id="538" source="D8" target="D7"/>
  <move id="539" source="E4" target="E5"/>
  <move id="540" source="D7" target="E7"/>
  <move id="541" source="A5" target="A6"/>
  <move id="542" source="E7" target="E5"/>
  <move id="543" source="E5" target="E6"/>
  <move id="544" source="C8" target="D8"/>
  <move id="545" source="E6" target="E7"/>
  <move id="546" source="F7" target="F6"/>
  <move id="547" source="E7" target="D7"/>
  <move id="548" source="D8" target="D7"/>
  <move id="549" source="A6" target="B6"/>
  <move id="550" source="C4" target="D4"/>
  <move id="551" source="B6" target="B7"/>
  <move id="552" source="C7" target="B7"/>
  <move id="553" source="G4" target="H4"/>
  <move id="554" source="D4" target="E4"/>
  <move id="555" source="H4" target="I4"/>
  <move id="556" source="E4" target="F4"/>
  <move id="557" source="I4" target="I5"/>
  <move id="558" source="F4" target="G4"/>
  <move id="559" source="I5" target="I6"/>
  <move id="560" source="G4" target="H4"/>
  <move id="561" source="I6" target="I7"/>
  <move id="562" source="H4" target="I4"/>
  <move id="563" source="I7" target="H7"/>
  <move id="564" source="I4" target="I5"/>
  <move id="565" source="H7" target="G7"/>
  <move id="566" source="I5" target="I6"/>
  <move id="567" source="G3" target="G4"/>
  <move id="568" source="F6" target="E6"/>
  <move id="569" source="G4" target="F4"/>
  <move id="570" source="E8" target="D8"/>
  <move id="571" source="F4" target="F5"/>
  <move id="572" source="D8" target="C8"/>
  <move id="573" source="F5" target="E5"/>
  <move id="574" source="E6" target="F6"/>
  <move id="575" source="E5" target="E6"/>
  <move id="576" source="F6" target="F5"/>
  <move id="577" source="E6" target="E7"/>
  <move id="578" source="H8" target="H9"/>
  <move id="579" source="E7" target="F7"/>
  <move id="580" source="G7" target="H7"/>
  <move id="581" source="F7" target="G7"/>
  <move id="582" source="H7" target="H8"/>
  <move id="583" source="G7" target="H7"/>
  <move id="584" source="H9" target="H:"/>
  <move id="585" source="H7" target="H8"/>
  <move id="586" source="I8" target="H8"/>
  <move id="587" source="H3" target="H4"/>
  <move id="588" source="F5" target="F4"/>
  <move id="589" source="H4" target="G4"/>
  <move id="590" source="F4" target="F3"/>
  <move id="591" source="G4" target="F4"/>
  <move id="592" source="F3" target="F4"/>
  <move id="593" source="K7" target="I7"/>
  <move id="594" source="I6" target="I7"/>
  <move id="595" source="C3" target="C4"/>
  <move id="596" source="F4" target="E4"/>
  <move id="597" source="C4" target="B4"/>
  <move id="598" source="A7" target="A6"/>
  <move id="599" source="H2" target="H3"/>
  <move id="600" source="H:" target="H9"/>
  <move id="601" source="H3" target="H4"/>
  <move id="602" source="H9" target="H8"/>
  <move id="603" source="B4" target="B5"/>
  <move id="604" source="H8" target="H7"/>
  <move id="605" source="H4" target="I4"/>
  <move id="606" source="H7" target="I7"/>
  <move id="607" source="I4" target="K4"/>
  <move id="608" source="I7" target="K7"/>
  <move id="609" source="K4" target="I4"/>
  <move id="610" source="K7" target="I7"/>
  <move id="611" source="I4" target="I5"/>
  <move id="612" source="I7" target="I6"/>
  <move id="613" source="I5" target="K5"/>
  <move id="614" source="I6" target="K6"/>
  <move id="615" source="K5" target="I5"/>
  <move id="616" source="K6" target="I6"/>
  <move id="617" source="I5" target="I4"/>
  <move id="618" source="I6" target="I5"/>
  <move id="619" source="I4" target="K4"/>
  <move id="620" source="I5" target="K5"/>
  <move id="621" source="K4" target="K5"/>
  <move id="622" source="C8" target="B8"/>
  <move id="623" source="K5" target="K6"/>
  <move id="624" source="B8" target="B7"/>
  <move id="625" source="B5" target="A5"/>
  <move id="626" source="A6" target="B6"/>
  <move id="627" source="K6" target="K7"/>
  <move id="628" source="E4" target="D4"/>
  <move id="629" source="A5" target="A6"/>
  <move id="630" source="B6" target="B5"/>
  <move id="631" source="K7" target="I7"/>
  <move id="632" source="B7" target="A7"/>
  <move id="633" source="A6" target="A5"/>
  <move id="634" source="B5" target="B4"/>
  <move id="635" source="A5" target="B5"/>
  <move id="636" source="B4" target="C4"/>
  <move id="637" source="B5" target="B4"/>
  <move id="638" source="C4" target="C3"/>
  <move id="639" source="B4" target="B3"/>
  <move id="640" source="D4" target="C4"/>
  <move id="641" source="I7" target="H7"/>
  <move id="642" source="C3" target="C2"/>
  <move id="643" source="H7" target="H8"/>
  <move id="644" source="C4" target="C3"/>
  <move id="645" source="B3" target="B4"/>
  <move id="646" source="C2" target="B2"/>
  <move id="647" source="B4" target="B5"/>
  <move id="648" source="C3" target="B3"/>
  <move id="649" source="B2" target="C2"/>
  <move id="650" source="B3" target="B4"/>
  <move id="651" source="B5" target="B6"/>
  <move id="652" source="B4" target="B5"/>
  <move id="653" source="B6" target="B7"/>
  <move id="654" source="A7" target="B7"/>
  <move id="655" source="H8" target="H9"/>
  <move id="656" source="B5" target="B4"/>
  <move id="657" source="H9" target="G9"/>
  <move id="658" source="B4" target="B3"/>
  <move id="659" source="G9" target="G:"/>
  <move id="660" source="B3" target="C3"/>
  <move id="661" source="C2" target="D2"/>
  <move id="662" source="B7" target="B6"/>
  <move id="663" source="G:" target="G9"/>
  <move id="664" source="B6" target="B5"/>
  <move id="665" source="G9" target="H9"/>
  <move id="666" source="B5" target="B4"/>
  <move id="667" source="H9" target="H8"/>
  <move id="668" source="B4" target="C4"/>
  <move id="669" source="H8" target="H7"/>
  <move id="670" source="C4" target="D4"/>
  <move id="671" source="H7" target="G7"/>
  <move id="672" source="F8" target="E8"/>
  <move id="673" source="G7" target="F7"/>
  <move id="674" source="F:" target="G:"/>
  <move id="675" source="F7" target="G7"/>
  <move id="676" source="G:" target="H:"/>
  <move id="677" source="G7" target="H7"/>
  <move id="678" source="H:" target="G:"/>
  <move id="679" source="H7" target="H8"/>
  <move id="680" source="D4" target="D3"/>
  <move id="681" source="H8" target="H9"/>
  <move id="682" source="D3" target="D2"/>
  <move id="683" source="H9" target="H8"/>
  <move id="684" source="C3" target="D3"/>
  <move id="685" source="H8" target="H9"/>
  <move id="686" source="D3" target="E3"/>
  <move id="687" source="H9" target="H:"/>
  <move id="688" source="G:" target="G9"/>
  <move id="689" source="H:" target="H9"/>
  <move id="690" source="G9" target="G:"/>
  <move id="691" source="H9" target="I9"/>
  <move id="692" source="E3" target="F3"/>
  <move id="693" source="I9" target="I:"/>
  <move id="694" source="G:" target="G9"/>
  <move id="695" source="I:" target="K:"/>
  <move id="696" source="F9" target="F4"/>
  <player id="1">Player 1</player>
  <player id="2">Player 2</player>
  <result type="3" winner="2"/>
 </game>
</stratego>