<?xml version="1.0" encoding="UTF-8"?>
<stratego>
 <game type="classic">
  
  <field content="IDFGDDDCLMIIFGGDDDDGFFHHHEEEEEBBHJBBJBBKAA__AA__AAAA__AA__AARSUNNNQOTQTRSNRNQVWXQPRTNVPTPUSSPPQPPPUY"/>
  <move id="1" source="K4" target="K5"/>
  <move id="2" source="I7" target="I6"/>
  <move id="3" source="K5" target="I5"/>
  <move id="4" source="I8" target="I7"/>
  <move id="5" source="I5" target="I6"/>
  <move id="6" source="I7" target="I8"/>
  <move id="7" source="I6" target="I7"/>
  <move id="8" source="I8" target="I7"/>
  <move id="9" source="K3" target="K4"/>
  <move id="10" source="H8" target="I8"/>
  <move id="11" source="I3" target="K3"/>
  <move id="12" source="I8" target="I7"/>
  <move id="13" source="I2" target="I3"/>
  <move id="14" source="I7" target="I6"/>
  <move id="15" source="I1" target="I2"/>
  <move id="16" source="I6" target="I5"/>
  <move id="17" source="K4" target="K5"/>
  <move id="18" source="I5" target="I6"/>
  <move id="19" source="K5" target="I5"/>
  <move id="20" source="I6" target="I7"/>
  <move id="21" source="I5" target="K5"/>
  <move id="22" source="I9" target="I8"/>
  <move id="23" source="K5" target="K6"/>
  <move id="24" source="H9" target="I9"/>
  <move id="25" source="K6" target="K7"/>
  <move id="26" source="I7" target="K7"/>
  <move id="27" source="K3" target="K4"/>
  <move id="28" source="I8" target="I4"/>
  <move id="29" source="K4" target="K5"/>
  <move id="30" source="G8" target="H8"/>
  <move id="31" source="K5" target="I5"/>
  <move id="32" source="K7" target="I7"/>
  <move id="33" source="I3" target="K3"/>
  <move id="34" source="H8" target="I8"/>
  <move id="35" source="K3" target="K8"/>
  <move id="36" source="K8" target="K7"/>
  <move id="37" source="H1" target="I1"/>
  <move id="38" source="K7" target="K6"/>
  <move id="39" source="H2" target="H1"/>
  <move id="40" source="K6" target="K5"/>
  <move id="41" source="I2" target="H2"/>
  <move id="42" source="K5" target="I5"/>
  <move id="43" source="I1" target="I2"/>
  <move id="44" source="I5" target="K5"/>
  <move id="45" source="I2" target="I3"/>
  <move id="46" source="K5" target="K4"/>
  <move id="47" source="K2" target="K3"/>
  <move id="48" source="I8" target="K8"/>
  <move id="49" source="H2" target="I2"/>
  <move id="50" source="K8" target="K7"/>
  <move id="51" source="I2" target="K2"/>
  <move id="52" source="K7" target="K6"/>
  <move id="53" source="H1" target="H2"/>
  <move id="54" source="K6" target="K5"/>
  <move id="55" source="H2" target="I2"/>
  <move id="56" source="K5" target="I5"/>
  <move id="57" source="I2" target="H2"/>
  <move id="58" source="I7" target="I6"/>
  <move id="59" source="I3" target="I2"/>
  <move id="60" source="K4" target="K3"/>
  <move id="61" source="I2" target="I3"/>
  <move id="62" source="K3" target="K2"/>
  <move id="63" source="H2" target="I2"/>
  <move id="64" source="I6" target="K6"/>
  <move id="65" source="G2" target="H2"/>
  <move id="66" source="K6" target="K5"/>
  <move id="67" source="G3" target="G2"/>
  <move id="68" source="K5" target="K4"/>
  <move id="69" source="I2" target="K2"/>
  <move id="70" source="K4" target="K3"/>
  <move id="71" source="K2" target="K3"/>
  <move id="72" source="K3" target="I3"/>
  <move id="73" source="H3" target="I3"/>
  <move id="74" source="G9" target="G8"/>
  <move id="75" source="G4" target="G3"/>
  <move id="76" source="G8" target="K8"/>
  <move id="77" source="G3" target="H3"/>
  <move id="78" source="K8" target="K1"/>
  <player id="1">Player 1</player>
  <player id="2">Player 2</player>
  <result type="1" winner="2"/>
 </game>
</stratego>