<?xml version="1.0" encoding="UTF-8"?>
<stratego>
 <game type="classic">
  
  <field content="DDDGEDGEBMEJDEHDDDFBHBIHFCEJHBFGBLIGKIBFAA__AA__AAAA__AA__AATPRWRUXPTPSVPOTPRPVSQPUNSTNUSNQPNRQNYNQQ"/>
  <move id="1" source="F4" target="F5"/>
  <move id="2" source="E7" target="E6"/>
  <move id="3" source="E4" target="E5"/>
  <move id="4" source="E6" target="F6"/>
  <move id="5" source="E3" target="E4"/>
  <move id="6" source="E8" target="E7"/>
  <move id="7" source="G4" target="F4"/>
  <move id="8" source="E7" target="E6"/>
  <move id="9" source="E2" target="E3"/>
  <move id="10" source="D7" target="E7"/>
  <move id="11" source="G3" target="G4"/>
  <move id="12" source="D8" target="E8"/>
  <move id="13" source="G2" target="G3"/>
  <move id="14" source="A7" target="A6"/>
  <move id="15" source="E1" target="E2"/>
  <move id="16" source="A6" target="A5"/>
  <move id="17" source="G1" target="G2"/>
  <move id="18" source="B7" target="B6"/>
  <move id="19" source="F1" target="E1"/>
  <move id="20" source="B6" target="B5"/>
  <move id="21" source="F2" target="F1"/>
  <move id="22" source="B5" target="B4"/>
  <move id="23" source="G2" target="F2"/>
  <move id="24" source="C7" target="D7"/>
  <move id="25" source="H2" target="G2"/>
  <move id="26" source="C8" target="C7"/>
  <move id="27" source="A4" target="A5"/>
  <move id="28" source="C7" target="B7"/>
  <move id="29" source="A3" target="A4"/>
  <move id="30" source="A5" target="B5"/>
  <move id="31" source="A2" target="A3"/>
  <move id="32" source="B7" target="A7"/>
  <move id="33" source="B2" target="A2"/>
  <move id="34" source="A7" target="A4"/>
  <move id="35" source="E5" target="E6"/>
  <move id="36" source="E7" target="E6"/>
  <move id="37" source="E4" target="E5"/>
  <move id="38" source="E6" target="E7"/>
  <move id="39" source="F5" target="F6"/>
  <move id="40" source="F7" target="F6"/>
  <move id="41" source="F4" target="F5"/>
  <move id="42" source="F6" target="F7"/>
  <move id="43" source="F5" target="F6"/>
  <move id="44" source="D7" target="C7"/>
  <move id="45" source="G4" target="F4"/>
  <move id="46" source="C7" target="B7"/>
  <move id="47" source="F6" target="F7"/>
  <move id="48" source="G7" target="F7"/>
  <move id="49" source="E5" target="F5"/>
  <move id="50" source="F7" target="G7"/>
  <move id="51" source="F4" target="E4"/>
  <move id="52" source="F8" target="F5"/>
  <move id="53" source="E4" target="F4"/>
  <move id="54" source="G8" target="F8"/>
  <move id="55" source="D4" target="E4"/>
  <move id="56" source="F8" target="F7"/>
  <move id="57" source="E4" target="E5"/>
  <move id="58" source="F7" target="F6"/>
  <move id="59" source="E5" target="E6"/>
  <move id="60" source="F6" target="E6"/>
  <move id="61" source="E6" target="E7"/>
  <move id="62" source="E8" target="E7"/>
  <move id="63" source="A4" target="A5"/>
  <move id="64" source="B5" target="B4"/>
  <move id="65" source="A5" target="A6"/>
  <move id="66" source="B4" target="A4"/>
  <move id="67" source="A6" target="A7"/>
  <move id="68" source="A4" target="A3"/>
  <move id="69" source="A2" target="A3"/>
  <move id="70" source="E7" target="E6"/>
  <move id="71" source="A7" target="B7"/>
  <move id="72" source="B8" target="B7"/>
  <move id="73" source="A3" target="A4"/>
  <move id="74" source="B7" target="C7"/>
  <move id="75" source="A4" target="A5"/>
  <move id="76" source="C7" target="D7"/>
  <move id="77" source="A5" target="A6"/>
  <move id="78" source="D7" target="E7"/>
  <move id="79" source="A6" target="A7"/>
  <move id="80" source="E7" target="F7"/>
  <move id="81" source="A7" target="B7"/>
  <move id="82" source="F7" target="F6"/>
  <move id="83" source="B7" target="C7"/>
  <move id="84" source="F6" target="F5"/>
  <move id="85" source="C7" target="C8"/>
  <move id="86" source="G7" target="F7"/>
  <move id="87" source="C8" target="C9"/>
  <move id="88" source="F7" target="E7"/>
  <move id="89" source="C9" target="D9"/>
  <move id="90" source="B9" target="B3"/>
  <move id="91" source="A1" target="A2"/>
  <move id="92" source="E6" target="E5"/>
  <move id="93" source="A2" target="A3"/>
  <move id="94" source="E5" target="E4"/>
  <move id="95" source="A3" target="A4"/>
  <move id="96" source="E4" target="D4"/>
  <move id="97" source="A4" target="A5"/>
  <move id="98" source="D4" target="C4"/>
  <move id="99" source="A5" target="A6"/>
  <move id="100" source="E7" target="F7"/>
  <move id="101" source="A6" target="A7"/>
  <move id="102" source="H8" target="E8"/>
  <move id="103" source="A7" target="B7"/>
  <move id="104" source="E8" target="E3"/>
  <move id="105" source="B7" target="C7"/>
  <move id="106" source="F5" target="E5"/>
  <move id="107" source="C7" target="C:"/>
  <move id="108" source="E5" target="E4"/>
  <move id="109" source="C2" target="B2"/>
  <move id="110" source="E4" target="E3"/>
  <move id="111" source="B2" target="A2"/>
  <move id="112" source="E3" target="E4"/>
  <move id="113" source="A2" target="A8"/>
  <move id="114" source="I8" target="H8"/>
  <move id="115" source="C3" target="C2"/>
  <move id="116" source="H8" target="G8"/>
  <move id="117" source="C2" target="B2"/>
  <move id="118" source="G8" target="F8"/>
  <move id="119" source="B2" target="A2"/>
  <move id="120" source="F7" target="E7"/>
  <move id="121" source="A2" target="A3"/>
  <move id="122" source="E7" target="D7"/>
  <move id="123" source="A3" target="A4"/>
  <move id="124" source="D7" target="C7"/>
  <move id="125" source="A4" target="A5"/>
  <move id="126" source="C7" target="B7"/>
  <move id="127" source="F4" target="F5"/>
  <move id="128" source="F8" target="F7"/>
  <move id="129" source="F5" target="F6"/>
  <move id="130" source="F7" target="F6"/>
  <move id="131" source="A5" target="B5"/>
  <move id="132" source="A8" target="A7"/>
  <move id="133" source="B5" target="A5"/>
  <move id="134" source="A7" target="A6"/>
  <move id="135" source="A5" target="A6"/>
  <move id="136" source="F6" target="F7"/>
  <move id="137" source="F3" target="F4"/>
  <move id="138" source="B7" target="A7"/>
  <move id="139" source="A6" target="B6"/>
  <move id="140" source="E4" target="F4"/>
  <move id="141" source="B1" target="A1"/>
  <move id="142" source="F7" target="E7"/>
  <move id="143" source="K4" target="K5"/>
  <move id="144" source="E7" target="D7"/>
  <move id="145" source="K5" target="K6"/>
  <move id="146" source="D7" target="C7"/>
  <move id="147" source="B6" target="B5"/>
  <move id="148" source="A7" target="A6"/>
  <move id="149" source="G3" target="F3"/>
  <move id="150" source="A6" target="A5"/>
  <move id="151" source="F3" target="E3"/>
  <move id="152" source="A5" target="B5"/>
  <move id="153" source="E3" target="E9"/>
  <move id="154" source="C7" target="B7"/>
  <move id="155" source="A1" target="A9"/>
  <move id="156" source="A9" target="A8"/>
  <player id="1">Player 1</player>
  <player id="2">Player 2</player>
  <result type="3" winner="2"/>
 </game>
</stratego>