<?xml version="1.0" encoding="UTF-8"?>
<stratego>
 <game type="barrage">
  
  <field content="MEDAAAAAAABCKAAAAAAAAAAAAAAAAALADAAAAAAAAA__AA__AAAA__AA__AAPXAAOWAANAAAAAAAAAAAPAAAAAAAAAYQAAAAAAAA"/>
  <move id="1" source="C4" target="D4"/>
  <move id="2" source="A7" target="A6"/>
  <move id="3" source="D4" target="E4"/>
  <move id="4" source="B7" target="B6"/>
  <move id="5" source="E4" target="E5"/>
  <move id="6" source="B6" target="B5"/>
  <move id="7" source="E5" target="E4"/>
  <move id="8" source="A6" target="A5"/>
  <move id="9" source="E4" target="D4"/>
  <move id="10" source="A5" target="A6"/>
  <move id="11" source="D4" target="C4"/>
  <move id="12" source="A6" target="A7"/>
  <move id="13" source="C4" target="B4"/>
  <move id="14" source="B5" target="B6"/>
  <move id="15" source="B4" target="B5"/>
  <move id="16" source="B6" target="B7"/>
  <move id="17" source="B5" target="B6"/>
  <move id="18" source="B7" target="B8"/>
  <move id="19" source="C2" target="C3"/>
  <move id="20" source="E7" target="D7"/>
  <move id="21" source="C3" target="D3"/>
  <move id="22" source="D7" target="C7"/>
  <move id="23" source="D3" target="D4"/>
  <move id="24" source="F7" target="E7"/>
  <move id="25" source="D4" target="E4"/>
  <move id="26" source="E7" target="E6"/>
  <move id="27" source="B6" target="B5"/>
  <move id="28" source="E6" target="E5"/>
  <move id="29" source="E4" target="F4"/>
  <move id="30" source="B8" target="B7"/>
  <move id="31" source="F4" target="G4"/>
  <move id="32" source="A7" target="A6"/>
  <move id="33" source="G4" target="H4"/>
  <move id="34" source="B7" target="B6"/>
  <move id="35" source="B5" target="B4"/>
  <move id="36" source="E5" target="E4"/>
  <move id="37" source="H4" target="I4"/>
  <move id="38" source="E4" target="D4"/>
  <move id="39" source="I4" target="I5"/>
  <move id="40" source="B6" target="B7"/>
  <move id="41" source="I5" target="I6"/>
  <move id="42" source="D4" target="D3"/>
  <move id="43" source="I6" target="K6"/>
  <move id="44" source="C7" target="C8"/>
  <move id="45" source="B4" target="C4"/>
  <move id="46" source="D3" target="D2"/>
  <move id="47" source="K6" target="K7"/>
  <move id="48" source="C8" target="D8"/>
  <move id="49" source="K7" target="K8"/>
  <move id="50" source="D8" target="E8"/>
  <move id="51" source="K8" target="K9"/>
  <move id="52" source="E8" target="E9"/>
  <move id="53" source="K9" target="I9"/>
  <move id="54" source="E9" target="F9"/>
  <move id="55" source="I9" target="H9"/>
  <move id="56" source="B7" target="B6"/>
  <move id="57" source="C4" target="B4"/>
  <move id="58" source="B6" target="B5"/>
  <move id="59" source="B4" target="C4"/>
  <move id="60" source="B5" target="B4"/>
  <move id="61" source="A4" target="B4"/>
  <move id="62" source="D2" target="C2"/>
  <move id="63" source="H9" target="G9"/>
  <move id="64" source="C2" target="B2"/>
  <move id="65" source="G9" target="F9"/>
  <move id="66" source="A6" target="A2"/>
  <move id="67" source="C4" target="I4"/>
  <move id="68" source="B2" target="B1"/>
  <move id="69" source="I4" target="I7"/>
  <move id="70" source="B1" target="A1"/>
  <player id="1">Player 1</player>
  <player id="2">Player 2</player>
  <result type="1" winner="2"/>
 </game>
</stratego>