<?xml version="1.0" encoding="UTF-8"?>
<stratego>
 <game type="barrage">
  
  <field content="AAAAAAAABDAAAAAAAAAMAAAAAAAAAAADAAKCAALEAA__AA__AAAA__AA__AAXPAAQOAAAAAAAAAAAAAAPWAAAAAAAAYNAAAAAAAA"/>
  <move id="1" source="K4" target="K5"/>
  <move id="2" source="B7" target="B4"/>
  <move id="3" source="K5" target="K6"/>
  <move id="4" source="E7" target="D7"/>
  <move id="5" source="K6" target="K7"/>
  <move id="6" source="D7" target="C7"/>
  <move id="7" source="K7" target="K8"/>
  <move id="8" source="C7" target="B7"/>
  <move id="9" source="K8" target="I8"/>
  <move id="10" source="B7" target="B6"/>
  <move id="11" source="I8" target="H8"/>
  <move id="12" source="B6" target="B5"/>
  <move id="13" source="H8" target="G8"/>
  <move id="14" source="B5" target="B4"/>
  <move id="15" source="G8" target="G9"/>
  <move id="16" source="B4" target="B3"/>
  <move id="17" source="E4" target="D4"/>
  <move id="18" source="B3" target="B2"/>
  <move id="19" source="D4" target="D3"/>
  <move id="20" source="B2" target="B1"/>
  <move id="21" source="D3" target="D2"/>
  <move id="22" source="B1" target="C1"/>
  <move id="23" source="G9" target="F9"/>
  <move id="24" source="F7" target="F6"/>
  <move id="25" source="F9" target="F:"/>
  <move id="26" source="F6" target="F5"/>
  <move id="27" source="F:" target="E:"/>
  <move id="28" source="F5" target="F4"/>
  <move id="29" source="E:" target="D:"/>
  <move id="30" source="A7" target="A6"/>
  <move id="31" source="D:" target="C:"/>
  <move id="32" source="A6" target="A5"/>
  <move id="33" source="C:" target="B:"/>
  <move id="34" source="B9" target="B:"/>
  <move id="35" source="I4" target="H4"/>
  <move id="36" source="A5" target="A4"/>
  <move id="37" source="H4" target="G4"/>
  <move id="38" source="A4" target="B4"/>
  <move id="39" source="G4" target="F4"/>
  <move id="40" source="B4" target="C4"/>
  <move id="41" source="F4" target="F5"/>
  <move id="42" source="C4" target="D4"/>
  <move id="43" source="F5" target="F6"/>
  <move id="44" source="D4" target="E4"/>
  <move id="45" source="F6" target="F7"/>
  <move id="46" source="E4" target="E3"/>
  <move id="47" source="F7" target="F8"/>
  <move id="48" source="E3" target="E2"/>
  <move id="49" source="F8" target="E8"/>
  <move id="50" source="E2" target="F2"/>
  <move id="51" source="E8" target="D8"/>
  <move id="52" source="F2" target="G2"/>
  <move id="53" source="D8" target="C8"/>
  <move id="54" source="G2" target="H2"/>
  <move id="55" source="C8" target="B8"/>
  <move id="56" source="H2" target="I2"/>
  <move id="57" source="B8" target="B9"/>
  <move id="58" source="I2" target="K2"/>
  <player id="1">Player 1</player>
  <player id="2">Player 2</player>
  <result type="1" winner="2"/>
 </game>
</stratego>