<?xml version="1.0" encoding="UTF-8"?>
<stratego>
 <game type="barrage">
  
  <field content="AAABDAMAAAAAAAAAAAAEAAAAAAAADAKLAAACAAAAAA__AA__AAAA__AA__AAAPAAAPAAOXAAAAAAAAAAAAAAAAAANQAAAAAAAAWY"/>
  <move id="1" source="B4" target="C4"/>
  <move id="2" source="I7" target="I6"/>
  <move id="3" source="C4" target="D4"/>
  <move id="4" source="I6" target="I5"/>
  <move id="5" source="D4" target="E4"/>
  <move id="6" source="I5" target="I4"/>
  <move id="7" source="I3" target="K3"/>
  <move id="8" source="K7" target="K6"/>
  <move id="9" source="E4" target="E5"/>
  <move id="10" source="K6" target="K5"/>
  <move id="11" source="E5" target="E6"/>
  <move id="12" source="K5" target="K4"/>
  <move id="13" source="E6" target="E7"/>
  <move id="14" source="F7" target="F4"/>
  <move id="15" source="E7" target="F7"/>
  <move id="16" source="K4" target="K3"/>
  <move id="17" source="K2" target="I2"/>
  <move id="18" source="K3" target="I3"/>
  <move id="19" source="I2" target="K2"/>
  <move id="20" source="F4" target="G4"/>
  <move id="21" source="F7" target="G7"/>
  <move id="22" source="G4" target="G1"/>
  <player id="1">Player 1</player>
  <player id="2">Player 2</player>
  <result type="1" winner="2"/>
 </game>
</stratego>