<?xml version="1.0" encoding="UTF-8"?>
<stratego>
 <game type="barrage">
  
  <field content="MDAAAAAAAABDAAAAAAAAAAAAAAAAAACEAAKLAAAAAA__AA__AAAA__AA__AAAPAAPQAAXNAAAAAAAAAAAAAAAAAAAOAAAAAAAAWY"/>
  <move id="1" source="F4" target="F5"/>
  <move id="2" source="E7" target="E6"/>
  <move id="3" source="E4" target="E5"/>
  <move id="4" source="F7" target="E7"/>
  <move id="5" source="F5" target="F6"/>
  <move id="6" source="I7" target="H7"/>
  <move id="7" source="F6" target="F7"/>
  <move id="8" source="H7" target="G7"/>
  <move id="9" source="F7" target="E7"/>
  <move id="10" source="E6" target="F6"/>
  <move id="11" source="B2" target="C2"/>
  <move id="12" source="F6" target="F9"/>
  <move id="13" source="E7" target="E8"/>
  <move id="14" source="F9" target="I9"/>
  <move id="15" source="C2" target="D2"/>
  <move id="16" source="G7" target="G8"/>
  <move id="17" source="E8" target="E7"/>
  <move id="18" source="I9" target="I8"/>
  <move id="19" source="D2" target="E2"/>
  <move id="20" source="I8" target="H8"/>
  <move id="21" source="E2" target="F2"/>
  <move id="22" source="H8" target="H9"/>
  <move id="23" source="F2" target="G2"/>
  <move id="24" source="H9" target="A9"/>
  <move id="25" source="G2" target="I2"/>
  <move id="26" source="A9" target="A8"/>
  <move id="27" source="I2" target="I3"/>
  <move id="28" source="A8" target="A9"/>
  <move id="29" source="I3" target="I4"/>
  <move id="30" source="A9" target="A:"/>
  <move id="31" source="I4" target="I5"/>
  <move id="32" source="A:" target="H:"/>
  <move id="33" source="I5" target="I6"/>
  <move id="34" source="H:" target="H8"/>
  <move id="35" source="I6" target="I7"/>
  <move id="36" source="H8" target="H9"/>
  <move id="37" source="I7" target="I8"/>
  <move id="38" source="H9" target="G9"/>
  <move id="39" source="I8" target="I9"/>
  <move id="40" source="I:" target="I9"/>
  <move id="41" source="B4" target="C4"/>
  <move id="42" source="I9" target="I8"/>
  <move id="43" source="C4" target="D4"/>
  <move id="44" source="I8" target="I7"/>
  <move id="45" source="D4" target="E4"/>
  <move id="46" source="I7" target="I6"/>
  <move id="47" source="E4" target="F4"/>
  <move id="48" source="I6" target="I5"/>
  <move id="49" source="F4" target="F5"/>
  <move id="50" source="I5" target="I4"/>
  <move id="51" source="F5" target="F6"/>
  <move id="52" source="I4" target="H4"/>
  <move id="53" source="F6" target="F7"/>
  <move id="54" source="H4" target="G4"/>
  <move id="55" source="E7" target="E8"/>
  <move id="56" source="G4" target="F4"/>
  <move id="57" source="F7" target="F8"/>
  <move id="58" source="G8" target="F8"/>
  <move id="59" source="E8" target="E9"/>
  <move id="60" source="G9" target="I9"/>
  <move id="61" source="B1" target="B7"/>
  <move id="62" source="F4" target="E4"/>
  <move id="63" source="E5" target="F5"/>
  <move id="64" source="E4" target="D4"/>
  <move id="65" source="F5" target="F4"/>
  <move id="66" source="D4" target="C4"/>
  <move id="67" source="F4" target="G4"/>
  <move id="68" source="C4" target="B4"/>
  <move id="69" source="G4" target="H4"/>
  <move id="70" source="B4" target="A4"/>
  <move id="71" source="H4" target="I4"/>
  <move id="72" source="A4" target="A3"/>
  <move id="73" source="I4" target="I5"/>
  <move id="74" source="F8" target="F9"/>
  <move id="75" source="I5" target="I6"/>
  <move id="76" source="F9" target="E9"/>
  <move id="77" source="I6" target="K6"/>
  <move id="78" source="I9" target="E9"/>
  <move id="79" source="K6" target="K7"/>
  <player id="1">Player 1</player>
  <player id="2">Player 2</player>
  <result type="0" winner="2"/>
 </game>
</stratego>