<?xml version="1.0" encoding="UTF-8"?>
<stratego>
 <game type="barrage">
  
  <field content="AAAKAABAAAAAAAAAAAMAAEAAADAAAACAAALAAAADAA__AA__AAAA__AA__AAPNAPXQAAAAAAAAAAAAAAWAAAAAAAAAOYAAAAAAAA"/>
  <move id="1" source="A4" target="A5"/>
  <move id="2" source="E7" target="E6"/>
  <move id="3" source="B3" target="B4"/>
  <move id="4" source="E6" target="F6"/>
  <move id="5" source="B4" target="B5"/>
  <move id="6" source="F7" target="E7"/>
  <move id="7" source="F3" target="F6"/>
  <move id="8" source="F6" target="F5"/>
  <move id="9" source="A5" target="A4"/>
  <move id="10" source="E7" target="E6"/>
  <move id="11" source="A4" target="A3"/>
  <move id="12" source="E6" target="E5"/>
  <move id="13" source="E4" target="E5"/>
  <move id="14" source="F5" target="F4"/>
  <move id="15" source="E5" target="E6"/>
  <move id="16" source="F4" target="F3"/>
  <move id="17" source="A3" target="A4"/>
  <move id="18" source="F3" target="F2"/>
  <move id="19" source="A4" target="A5"/>
  <move id="20" source="F2" target="F1"/>
  <move id="21" source="A5" target="A6"/>
  <move id="22" source="A7" target="A8"/>
  <move id="23" source="K4" target="K8"/>
  <move id="24" source="A8" target="K8"/>
  <move id="25" source="E6" target="E7"/>
  <move id="26" source="D7" target="D9"/>
  <move id="27" source="E7" target="D7"/>
  <move id="28" source="D9" target="E9"/>
  <move id="29" source="D7" target="C7"/>
  <move id="30" source="E9" target="E1"/>
  <move id="31" source="C7" target="B7"/>
  <move id="32" source="A9" target="A8"/>
  <move id="33" source="B5" target="B6"/>
  <move id="34" source="A8" target="A7"/>
  <move id="35" source="A6" target="A5"/>
  <move id="36" source="E1" target="D1"/>
  <move id="37" source="D1" target="D2"/>
  <move id="38" source="A:" target="A9"/>
  <move id="39" source="D2" target="D3"/>
  <move id="40" source="A9" target="B9"/>
  <move id="41" source="D3" target="E3"/>
  <move id="42" source="F1" target="F2"/>
  <move id="43" source="E3" target="E4"/>
  <move id="44" source="F2" target="G2"/>
  <move id="45" source="E4" target="E5"/>
  <move id="46" source="G2" target="H2"/>
  <move id="47" source="E5" target="E6"/>
  <move id="48" source="B9" target="B8"/>
  <move id="49" source="E6" target="E7"/>
  <move id="50" source="A7" target="A6"/>
  <move id="51" source="B6" target="A6"/>
  <move id="52" source="A6" target="A5"/>
  <move id="53" source="E7" target="D7"/>
  <move id="54" source="B8" target="C8"/>
  <move id="55" source="D7" target="C7"/>
  <move id="56" source="C8" target="D8"/>
  <move id="57" source="C7" target="C8"/>
  <move id="58" source="D8" target="E8"/>
  <move id="59" source="C8" target="C9"/>
  <move id="60" source="H2" target="I2"/>
  <player id="1">Player 1</player>
  <player id="2">Player 2</player>
  <result type="1" winner="2"/>
 </game>
</stratego>