<?xml version="1.0" encoding="UTF-8"?>
<stratego>
 <game type="barrage">
  
  <field content="AAABAKMAAAAAAAAAAAAADAAAAAAAAAADAACAAALEAA__AA__AAAA__AA__AAAYAAWOAAXQAAAAAAAAAAAAAAAAAAANAAAAAAAAPP"/>
  <move id="1" source="I4" target="I5"/>
  <move id="2" source="F7" target="F6"/>
  <move id="3" source="K4" target="K5"/>
  <move id="4" source="E7" target="E6"/>
  <move id="5" source="I5" target="I6"/>
  <move id="6" source="I7" target="I6"/>
  <move id="7" source="K5" target="K6"/>
  <move id="8" source="K7" target="I7"/>
  <move id="9" source="K6" target="K7"/>
  <move id="10" source="I7" target="I6"/>
  <move id="11" source="E4" target="F4"/>
  <move id="12" source="E6" target="E5"/>
  <move id="13" source="F4" target="G4"/>
  <move id="14" source="E5" target="E4"/>
  <move id="15" source="G4" target="H4"/>
  <move id="16" source="E4" target="E3"/>
  <move id="17" source="H4" target="I4"/>
  <move id="18" source="E3" target="E2"/>
  <move id="19" source="I4" target="I5"/>
  <move id="20" source="I6" target="K6"/>
  <move id="21" source="K7" target="K6"/>
  <move id="22" source="E2" target="E1"/>
  <move id="23" source="F1" target="E1"/>
  <move id="24" source="I:" target="I5"/>
  <move id="25" source="A3" target="A:"/>
  <move id="26" source="I5" target="I1"/>
  <move id="27" source="A:" target="A9"/>
  <move id="28" source="F6" target="F5"/>
  <move id="29" source="A9" target="K9"/>
  <move id="30" source="I1" target="G1"/>
  <player id="1">Player 1</player>
  <player id="2">Player 2</player>
  <result type="1" winner="2"/>
 </game>
</stratego>