<?xml version="1.0" encoding="UTF-8"?>
<stratego>
 <game type="barrage">
  
  <field content="AAAAAEBMKAAAAADCAAAAAAADAAALAAAAAAAAAAAAAA__AA__AAAA__AA__AAOWAAXQAAPAAAAAAAAAAANAAAAAAAAAYPAAAAAAAA"/>
  <move id="1" source="H3" target="H4"/>
  <move id="2" source="E7" target="E6"/>
  <move id="3" source="H4" target="G4"/>
  <move id="4" source="E6" target="E5"/>
  <move id="5" source="G4" target="F4"/>
  <move id="6" source="B7" target="B6"/>
  <move id="7" source="F4" target="E4"/>
  <move id="8" source="E5" target="E4"/>
  <move id="9" source="D3" target="E3"/>
  <move id="10" source="I7" target="I6"/>
  <move id="11" source="E3" target="E4"/>
  <move id="12" source="I6" target="I5"/>
  <move id="13" source="I1" target="I2"/>
  <move id="14" source="B6" target="B5"/>
  <move id="15" source="I2" target="I3"/>
  <move id="16" source="B5" target="B4"/>
  <move id="17" source="I3" target="I4"/>
  <move id="18" source="I5" target="K5"/>
  <move id="19" source="I4" target="K4"/>
  <move id="20" source="K5" target="I5"/>
  <move id="21" source="K4" target="I4"/>
  <move id="22" source="I5" target="K5"/>
  <move id="23" source="I4" target="K4"/>
  <move id="24" source="K5" target="K6"/>
  <move id="25" source="K4" target="K5"/>
  <move id="26" source="K6" target="K7"/>
  <move id="27" source="K5" target="K6"/>
  <move id="28" source="K7" target="K8"/>
  <move id="29" source="K6" target="K7"/>
  <move id="30" source="K8" target="K9"/>
  <move id="31" source="K7" target="K8"/>
  <move id="32" source="K9" target="I9"/>
  <move id="33" source="K8" target="I8"/>
  <move id="34" source="I9" target="H9"/>
  <move id="35" source="E4" target="B4"/>
  <move id="36" source="F7" target="F6"/>
  <move id="37" source="E2" target="E3"/>
  <move id="38" source="B4" target="C4"/>
  <move id="39" source="E3" target="E9"/>
  <move id="40" source="F6" target="F5"/>
  <move id="41" source="E9" target="E7"/>
  <move id="42" source="F5" target="F4"/>
  <move id="43" source="E7" target="K7"/>
  <move id="44" source="F4" target="F3"/>
  <move id="45" source="F2" target="E2"/>
  <move id="46" source="F3" target="F2"/>
  <move id="47" source="F1" target="F2"/>
  <move id="48" source="A7" target="A6"/>
  <move id="49" source="K7" target="I7"/>
  <move id="50" source="A6" target="A5"/>
  <move id="51" source="I7" target="A7"/>
  <move id="52" source="C4" target="D4"/>
  <move id="53" source="A7" target="A9"/>
  <move id="54" source="D4" target="D3"/>
  <move id="55" source="I8" target="H8"/>
  <move id="56" source="H9" target="I9"/>
  <move id="57" source="H8" target="G8"/>
  <move id="58" source="I9" target="I1"/>
  <move id="59" source="G8" target="G9"/>
  <move id="60" source="D3" target="E3"/>
  <move id="61" source="E2" target="D2"/>
  <move id="62" source="E3" target="E2"/>
  <move id="63" source="D2" target="D3"/>
  <move id="64" source="E2" target="F2"/>
  <move id="65" source="G9" target="F9"/>
  <move id="66" source="F2" target="G2"/>
  <move id="67" source="F9" target="E9"/>
  <move id="68" source="I1" target="H1"/>
  <player id="1">Player 1</player>
  <player id="2">Player 2</player>
  <result type="1" winner="2"/>
 </game>
</stratego>