<?xml version="1.0" encoding="UTF-8"?>
<stratego>
 <game type="barrage">
  
  <field content="AAAAAAAADMAAAAAAAADBAAAAAAAKLEAAAAAAAACAAA__AA__AAAA__AA__AAAPAAWOAAXQAAAAAAAAAAAAAAAAAAANAAAAAAAAPY"/>
  <move id="1" source="I4" target="I5"/>
  <move id="2" source="F7" target="F6"/>
  <move id="3" source="I3" target="I4"/>
  <move id="4" source="F6" target="F5"/>
  <move id="5" source="I4" target="H4"/>
  <move id="6" source="E7" target="E6"/>
  <move id="7" source="H3" target="I3"/>
  <move id="8" source="E6" target="E5"/>
  <move id="9" source="H4" target="G4"/>
  <move id="10" source="E5" target="E4"/>
  <move id="11" source="I3" target="I4"/>
  <move id="12" source="E4" target="E3"/>
  <move id="13" source="I2" target="H2"/>
  <move id="14" source="E3" target="E2"/>
  <move id="15" source="H2" target="G2"/>
  <move id="16" source="E2" target="E1"/>
  <move id="17" source="G2" target="F2"/>
  <move id="18" source="B7" target="B6"/>
  <move id="19" source="I4" target="K4"/>
  <move id="20" source="B6" target="B5"/>
  <move id="21" source="K3" target="I3"/>
  <move id="22" source="B5" target="B4"/>
  <move id="23" source="I3" target="H3"/>
  <move id="24" source="B4" target="B3"/>
  <move id="25" source="H3" target="G3"/>
  <move id="26" source="B3" target="C3"/>
  <move id="27" source="G3" target="F3"/>
  <move id="28" source="C3" target="D3"/>
  <move id="29" source="F3" target="E3"/>
  <move id="30" source="D3" target="C3"/>
  <move id="31" source="E3" target="D3"/>
  <move id="32" source="C3" target="C4"/>
  <move id="33" source="D3" target="D2"/>
  <move id="34" source="C4" target="D4"/>
  <move id="35" source="D2" target="D3"/>
  <move id="36" source="D4" target="E4"/>
  <move id="37" source="D3" target="E3"/>
  <move id="38" source="E4" target="D4"/>
  <move id="39" source="E3" target="F3"/>
  <move id="40" source="D4" target="D3"/>
  <move id="41" source="F3" target="G3"/>
  <move id="42" source="K7" target="K6"/>
  <move id="43" source="G3" target="G2"/>
  <move id="44" source="D3" target="E3"/>
  <move id="45" source="G2" target="G1"/>
  <move id="46" source="E3" target="F3"/>
  <move id="47" source="F2" target="E2"/>
  <move id="48" source="E1" target="D1"/>
  <move id="49" source="E2" target="D2"/>
  <move id="50" source="D1" target="C1"/>
  <move id="51" source="D2" target="E2"/>
  <move id="52" source="F3" target="G3"/>
  <move id="53" source="G4" target="G3"/>
  <move id="54" source="I7" target="I6"/>
  <move id="55" source="I5" target="I6"/>
  <move id="56" source="K6" target="I6"/>
  <move id="57" source="K4" target="I4"/>
  <move id="58" source="C1" target="D1"/>
  <move id="59" source="I4" target="I5"/>
  <move id="60" source="I6" target="I7"/>
  <move id="61" source="I5" target="I6"/>
  <move id="62" source="I7" target="I8"/>
  <move id="63" source="I6" target="I7"/>
  <move id="64" source="I8" target="H8"/>
  <move id="65" source="I7" target="H7"/>
  <move id="66" source="H8" target="G8"/>
  <move id="67" source="H7" target="H8"/>
  <move id="68" source="G8" target="G7"/>
  <move id="69" source="H8" target="H9"/>
  <move id="70" source="D1" target="E1"/>
  <move id="71" source="E2" target="E3"/>
  <move id="72" source="E1" target="F1"/>
  <move id="73" source="G3" target="G2"/>
  <move id="74" source="F5" target="F4"/>
  <move id="75" source="I1" target="I:"/>
  <move id="76" source="F4" target="G4"/>
  <move id="77" source="H9" target="I9"/>
  <move id="78" source="G4" target="H4"/>
  <move id="79" source="E3" target="E:"/>
  <move id="80" source="F1" target="G1"/>
  <move id="81" source="E:" target="K:"/>
  <player id="1">Player 1</player>
  <player id="2">Player 2</player>
  <result type="1" winner="1"/>
 </game>
</stratego>