<?xml version="1.0" encoding="UTF-8"?>
<stratego>
 <game type="classic">
  
  <field content="FEFBFEBBEFMHBBCJEDEBIGLDKHDJHDGDIHDGIDDGAA__AA__AAAA__AA__AARUSSPTXTRVWPPPUPPTPROVTQSPNUSNQNNYNQRQNQ"/>
  <move id="1" source="F4" target="F5"/>
  <move id="2" source="K7" target="K6"/>
  <move id="3" source="F5" target="F6"/>
  <move id="4" source="K6" target="K5"/>
  <move id="5" source="E4" target="E7"/>
  <move id="6" source="D7" target="E7"/>
  <move id="7" source="D4" target="E4"/>
  <move id="8" source="D8" target="D7"/>
  <move id="9" source="E4" target="E5"/>
  <move id="10" source="I7" target="I6"/>
  <move id="11" source="E5" target="E6"/>
  <move id="12" source="I6" target="I5"/>
  <move id="13" source="F6" target="F7"/>
  <move id="14" source="K5" target="K6"/>
  <move id="15" source="G4" target="F4"/>
  <move id="16" source="I5" target="K5"/>
  <move id="17" source="F4" target="F5"/>
  <move id="18" source="K5" target="K4"/>
  <move id="19" source="F5" target="F6"/>
  <move id="20" source="H7" target="I7"/>
  <move id="21" source="K4" target="K5"/>
  <move id="22" source="I7" target="K7"/>
  <move id="23" source="K5" target="K6"/>
  <move id="24" source="K6" target="K5"/>
  <move id="25" source="F6" target="F7"/>
  <move id="26" source="G7" target="F7"/>
  <move id="27" source="E6" target="E5"/>
  <move id="28" source="E8" target="D8"/>
  <move id="29" source="B4" target="B7"/>
  <move id="30" source="A7" target="A6"/>
  <move id="31" source="C4" target="B4"/>
  <move id="32" source="A6" target="B6"/>
  <move id="33" source="B4" target="B5"/>
  <move id="34" source="A8" target="A7"/>
  <move id="35" source="B5" target="B6"/>
  <move id="36" source="A7" target="A6"/>
  <move id="37" source="B6" target="B7"/>
  <move id="38" source="B8" target="B7"/>
  <move id="39" source="E3" target="E4"/>
  <move id="40" source="B7" target="B6"/>
  <move id="41" source="E4" target="D4"/>
  <move id="42" source="C8" target="B8"/>
  <move id="43" source="C3" target="C4"/>
  <move id="44" source="B8" target="B7"/>
  <move id="45" source="C4" target="B4"/>
  <move id="46" source="E7" target="E6"/>
  <move id="47" source="E5" target="E4"/>
  <move id="48" source="E6" target="E5"/>
  <move id="49" source="B4" target="B5"/>
  <move id="50" source="E5" target="E4"/>
  <move id="51" source="E4" target="E3"/>
  <move id="52" source="D7" target="E7"/>
  <move id="53" source="D4" target="C4"/>
  <move id="54" source="E7" target="E6"/>
  <move id="55" source="D3" target="D4"/>
  <move id="56" source="E6" target="E5"/>
  <move id="57" source="D4" target="E4"/>
  <move id="58" source="E5" target="E4"/>
  <move id="59" source="C4" target="B4"/>
  <move id="60" source="F7" target="F6"/>
  <move id="61" source="B5" target="A5"/>
  <move id="62" source="A6" target="A7"/>
  <move id="63" source="B4" target="B5"/>
  <move id="64" source="B6" target="A6"/>
  <move id="65" source="B5" target="B6"/>
  <move id="66" source="A6" target="A5"/>
  <move id="67" source="B6" target="B7"/>
  <move id="68" source="A7" target="B7"/>
  <move id="69" source="A5" target="A6"/>
  <move id="70" source="B9" target="B8"/>
  <move id="71" source="A6" target="A7"/>
  <move id="72" source="A9" target="B9"/>
  <move id="73" source="A7" target="A8"/>
  <move id="74" source="B8" target="B7"/>
  <move id="75" source="A8" target="B8"/>
  <move id="76" source="B9" target="B8"/>
  <move id="77" source="E3" target="D3"/>
  <move id="78" source="B7" target="B6"/>
  <move id="79" source="D3" target="C3"/>
  <move id="80" source="B6" target="B5"/>
  <move id="81" source="F3" target="F4"/>
  <move id="82" source="F6" target="E6"/>
  <move id="83" source="F2" target="F3"/>
  <move id="84" source="F8" target="F4"/>
  <move id="85" source="F3" target="E3"/>
  <move id="86" source="E6" target="E5"/>
  <move id="87" source="E3" target="D3"/>
  <move id="88" source="D8" target="E8"/>
  <move id="89" source="E2" target="E3"/>
  <move id="90" source="E8" target="F8"/>
  <move id="91" source="D3" target="D4"/>
  <move id="92" source="F8" target="F7"/>
  <move id="93" source="D4" target="C4"/>
  <move id="94" source="B5" target="B4"/>
  <move id="95" source="C4" target="B4"/>
  <move id="96" source="B8" target="B7"/>
  <move id="97" source="A4" target="A5"/>
  <move id="98" source="B7" target="B6"/>
  <move id="99" source="A5" target="A6"/>
  <move id="100" source="B6" target="A6"/>
  <move id="101" source="A6" target="A7"/>
  <move id="102" source="C9" target="B9"/>
  <move id="103" source="A7" target="A8"/>
  <move id="104" source="F7" target="F6"/>
  <move id="105" source="F4" target="F3"/>
  <move id="106" source="F6" target="F5"/>
  <move id="107" source="F3" target="F2"/>
  <move id="108" source="F5" target="F4"/>
  <move id="109" source="I4" target="I8"/>
  <move id="110" source="F4" target="E4"/>
  <move id="111" source="E3" target="F3"/>
  <move id="112" source="E4" target="E3"/>
  <move id="113" source="F3" target="F4"/>
  <move id="114" source="F9" target="F4"/>
  <move id="115" source="H4" target="F4"/>
  <move id="116" source="E5" target="E4"/>
  <move id="117" source="H3" target="H4"/>
  <move id="118" source="E4" target="F4"/>
  <move id="119" source="H4" target="I4"/>
  <move id="120" source="E3" target="E2"/>
  <move id="121" source="I4" target="I5"/>
  <move id="122" source="K5" target="I5"/>
  <move id="123" source="A3" target="A4"/>
  <move id="124" source="E2" target="F2"/>
  <move id="125" source="A4" target="A5"/>
  <move id="126" source="F4" target="E4"/>
  <move id="127" source="A5" target="A6"/>
  <move id="128" source="E4" target="E5"/>
  <move id="129" source="A6" target="A7"/>
  <move id="130" source="E5" target="E6"/>
  <move id="131" source="A7" target="B7"/>
  <move id="132" source="E6" target="E7"/>
  <move id="133" source="B7" target="B8"/>
  <move id="134" source="B9" target="A9"/>
  <move id="135" source="B8" target="B9"/>
  <move id="136" source="A9" target="A8"/>
  <player id="1">Player 1</player>
  <player id="2">Player 2</player>
  <result type="3" winner="2"/>
 </game>
</stratego>