<?xml version="1.0" encoding="UTF-8"?>
<stratego>
 <game type="classic">
  
  <field content="EEEFBMBEGFBFHCKBHHEDGBIDLJIHBGDDDJGIDDDFAA__AA__AAAA__AA__AAPTSTPTQTUPSPVXRPVWPPNQUQSQUONQRSNNYRNRNP"/>
  <move id="1" source="E4" target="E5"/>
  <move id="2" source="F7" target="F6"/>
  <move id="3" source="E5" target="E6"/>
  <move id="4" source="F6" target="E6"/>
  <move id="5" source="F4" target="F5"/>
  <move id="6" source="E6" target="F6"/>
  <move id="7" source="F5" target="F6"/>
  <move id="8" source="E7" target="E3"/>
  <move id="9" source="E3" target="E4"/>
  <move id="10" source="F8" target="F7"/>
  <move id="11" source="F6" target="F5"/>
  <move id="12" source="F7" target="F6"/>
  <move id="13" source="E4" target="E5"/>
  <move id="14" source="F9" target="F8"/>
  <move id="15" source="F5" target="F4"/>
  <move id="16" source="G9" target="F9"/>
  <move id="17" source="F4" target="E4"/>
  <move id="18" source="F6" target="F3"/>
  <move id="19" source="E5" target="E6"/>
  <move id="20" source="H9" target="G9"/>
  <move id="21" source="E6" target="E7"/>
  <move id="22" source="H8" target="H9"/>
  <move id="23" source="G4" target="F4"/>
  <move id="24" source="G8" target="H8"/>
  <move id="25" source="F4" target="F5"/>
  <move id="26" source="H8" target="G8"/>
  <move id="27" source="F5" target="F6"/>
  <move id="28" source="H9" target="H8"/>
  <move id="29" source="F6" target="F7"/>
  <move id="30" source="G7" target="F7"/>
  <move id="31" source="E7" target="F7"/>
  <move id="32" source="I7" target="I6"/>
  <move id="33" source="E4" target="F4"/>
  <move id="34" source="I6" target="I5"/>
  <move id="35" source="D3" target="E3"/>
  <move id="36" source="B7" target="B6"/>
  <move id="37" source="E3" target="E4"/>
  <move id="38" source="B6" target="B5"/>
  <move id="39" source="E4" target="E5"/>
  <move id="40" source="A7" target="A6"/>
  <move id="41" source="E5" target="E6"/>
  <move id="42" source="C7" target="B7"/>
  <move id="43" source="E6" target="E7"/>
  <move id="44" source="B7" target="B6"/>
  <move id="45" source="E7" target="E8"/>
  <move id="46" source="B5" target="A5"/>
  <move id="47" source="F4" target="E4"/>
  <move id="48" source="B6" target="B5"/>
  <move id="49" source="E4" target="E5"/>
  <move id="50" source="B5" target="B4"/>
  <move id="51" source="E5" target="E6"/>
  <move id="52" source="B4" target="A4"/>
  <move id="53" source="E6" target="E7"/>
  <move id="54" source="A4" target="A3"/>
  <move id="55" source="E7" target="E8"/>
  <move id="56" source="D7" target="C7"/>
  <move id="57" source="E8" target="F8"/>
  <move id="58" source="H8" target="H9"/>
  <move id="59" source="H4" target="E4"/>
  <move id="60" source="C7" target="B7"/>
  <move id="61" source="E4" target="E9"/>
  <move id="62" source="B7" target="B6"/>
  <move id="63" source="F8" target="E8"/>
  <move id="64" source="D8" target="E8"/>
  <move id="65" source="F7" target="E7"/>
  <move id="66" source="E8" target="E7"/>
  <move id="67" source="E2" target="E3"/>
  <move id="68" source="H9" target="H8"/>
  <move id="69" source="E3" target="E4"/>
  <move id="70" source="H7" target="I7"/>
  <move id="71" source="E4" target="E5"/>
  <move id="72" source="H8" target="H7"/>
  <move id="73" source="E5" target="E6"/>
  <move id="74" source="H7" target="G7"/>
  <move id="75" source="E6" target="E7"/>
  <move id="76" source="G7" target="F7"/>
  <move id="77" source="E7" target="F7"/>
  <move id="78" source="G8" target="F8"/>
  <move id="79" source="F3" target="F4"/>
  <move id="80" source="F8" target="F7"/>
  <move id="81" source="F4" target="F5"/>
  <move id="82" source="F7" target="F6"/>
  <move id="83" source="D4" target="E4"/>
  <move id="84" source="C8" target="D8"/>
  <move id="85" source="E4" target="E5"/>
  <move id="86" source="D8" target="E8"/>
  <move id="87" source="E5" target="E6"/>
  <move id="88" source="F6" target="E6"/>
  <move id="89" source="F5" target="F6"/>
  <move id="90" source="E8" target="E7"/>
  <move id="91" source="F6" target="F7"/>
  <move id="92" source="E7" target="F7"/>
  <move id="93" source="G3" target="G4"/>
  <move id="94" source="F9" target="F8"/>
  <move id="95" source="G4" target="F4"/>
  <move id="96" source="I5" target="K5"/>
  <move id="97" source="F4" target="F5"/>
  <move id="98" source="I7" target="H7"/>
  <move id="99" source="F5" target="F6"/>
  <move id="100" source="I8" target="I4"/>
  <move id="101" source="F6" target="F7"/>
  <move id="102" source="F8" target="F7"/>
  <move id="103" source="C3" target="D3"/>
  <move id="104" source="K5" target="I5"/>
  <move id="105" source="D3" target="E3"/>
  <move id="106" source="C9" target="C8"/>
  <move id="107" source="E3" target="E4"/>
  <move id="108" source="C8" target="D8"/>
  <move id="109" source="E4" target="F4"/>
  <move id="110" source="D8" target="D7"/>
  <move id="111" source="F4" target="G4"/>
  <move id="112" source="K7" target="K4"/>
  <move id="113" source="G4" target="H4"/>
  <move id="114" source="D7" target="E7"/>
  <move id="115" source="H4" target="I4"/>
  <move id="116" source="I5" target="K5"/>
  <move id="117" source="I4" target="I5"/>
  <move id="118" source="K5" target="I5"/>
  <move id="119" source="H3" target="H4"/>
  <move id="120" source="H7" target="I7"/>
  <move id="121" source="H4" target="I4"/>
  <move id="122" source="I7" target="I6"/>
  <move id="123" source="I4" target="I5"/>
  <move id="124" source="I6" target="I5"/>
  <move id="125" source="H2" target="H3"/>
  <move id="126" source="A5" target="A4"/>
  <move id="127" source="H3" target="H4"/>
  <move id="128" source="A4" target="B4"/>
  <move id="129" source="H4" target="I4"/>
  <move id="130" source="A6" target="A2"/>
  <move id="131" source="I4" target="I5"/>
  <move id="132" source="G9" target="G8"/>
  <move id="133" source="I5" target="I6"/>
  <move id="134" source="G8" target="H8"/>
  <move id="135" source="I6" target="I7"/>
  <move id="136" source="H8" target="H7"/>
  <move id="137" source="I7" target="I8"/>
  <move id="138" source="E7" target="E8"/>
  <move id="139" source="I8" target="H8"/>
  <move id="140" source="H7" target="H8"/>
  <move id="141" source="H8" target="H9"/>
  <move id="142" source="E8" target="F8"/>
  <move id="143" source="H9" target="H:"/>
  <move id="144" source="F8" target="F9"/>
  <move id="145" source="H:" target="I:"/>
  <move id="146" source="F9" target="F8"/>
  <move id="147" source="G2" target="G3"/>
  <move id="148" source="B6" target="B7"/>
  <move id="149" source="G3" target="G4"/>
  <move id="150" source="B7" target="C7"/>
  <move id="151" source="G4" target="H4"/>
  <move id="152" source="F8" target="F7"/>
  <move id="153" source="H4" target="I4"/>
  <move id="154" source="C7" target="D7"/>
  <move id="155" source="I4" target="I5"/>
  <move id="156" source="F7" target="G7"/>
  <move id="157" source="I5" target="I6"/>
  <move id="158" source="G7" target="H7"/>
  <move id="159" source="I6" target="K6"/>
  <move id="160" source="H7" target="I7"/>
  <move id="161" source="D2" target="D3"/>
  <move id="162" source="D7" target="E7"/>
  <move id="163" source="D3" target="E3"/>
  <move id="164" source="B4" target="B5"/>
  <move id="165" source="E3" target="E4"/>
  <move id="166" source="B5" target="B6"/>
  <move id="167" source="E4" target="E5"/>
  <move id="168" source="B6" target="B7"/>
  <move id="169" source="E5" target="E6"/>
  <move id="170" source="B7" target="C7"/>
  <move id="171" source="E6" target="E7"/>
  <move id="172" source="C7" target="D7"/>
  <move id="173" source="C2" target="C3"/>
  <move id="174" source="E7" target="E6"/>
  <move id="175" source="C4" target="D4"/>
  <move id="176" source="E6" target="E5"/>
  <move id="177" source="C3" target="C4"/>
  <move id="178" source="E5" target="E4"/>
  <move id="179" source="C4" target="B4"/>
  <move id="180" source="E4" target="D4"/>
  <move id="181" source="B4" target="B5"/>
  <move id="182" source="D4" target="C4"/>
  <move id="183" source="B5" target="B6"/>
  <move id="184" source="D7" target="C7"/>
  <move id="185" source="B6" target="B7"/>
  <move id="186" source="C7" target="B7"/>
  <move id="187" source="K4" target="I4"/>
  <move id="188" source="C4" target="D4"/>
  <move id="189" source="I4" target="H4"/>
  <move id="190" source="D4" target="E4"/>
  <move id="191" source="H4" target="H3"/>
  <move id="192" source="E9" target="E8"/>
  <move id="193" source="B2" target="C2"/>
  <move id="194" source="A8" target="A7"/>
  <move id="195" source="C2" target="C3"/>
  <move id="196" source="A7" target="A6"/>
  <move id="197" source="C3" target="C4"/>
  <move id="198" source="A6" target="A5"/>
  <move id="199" source="K3" target="K4"/>
  <move id="200" source="E4" target="D4"/>
  <move id="201" source="C4" target="B4"/>
  <move id="202" source="D4" target="C4"/>
  <move id="203" source="K4" target="I4"/>
  <move id="204" source="C4" target="B4"/>
  <move id="205" source="I4" target="H4"/>
  <move id="206" source="B4" target="C4"/>
  <move id="207" source="H4" target="G4"/>
  <move id="208" source="C4" target="D4"/>
  <move id="209" source="G4" target="F4"/>
  <move id="210" source="D4" target="E4"/>
  <move id="211" source="F4" target="F5"/>
  <move id="212" source="E4" target="E5"/>
  <move id="213" source="F5" target="F6"/>
  <move id="214" source="E8" target="E7"/>
  <move id="215" source="F6" target="F7"/>
  <move id="216" source="E7" target="F7"/>
  <move id="217" source="K6" target="K7"/>
  <move id="218" source="I7" target="K7"/>
  <player id="1">Player 1</player>
  <player id="2">Player 2</player>
  <result type="3" winner="2"/>
 </game>
</stratego>