<?xml version="1.0" encoding="UTF-8"?>
<stratego>
 <game type="classic">
  
  <field content="MBEEDDDDDEBFGHDIBEDFGHIBDJCFIJBBFKGHELGHAA__AA__AAAA__AA__AAPRWRPPPPPPSVOVTNSRSTSQNXUTNQPRQNYNUUTNQQ"/>
  <move id="1" source="K4" target="K5"/>
  <move id="2" source="E7" target="E4"/>
  <move id="3" source="K3" target="K4"/>
  <move id="4" source="F7" target="F4"/>
  <move id="5" source="I4" target="I5"/>
  <move id="6" source="E8" target="E7"/>
  <move id="7" source="K5" target="K6"/>
  <move id="8" source="E7" target="E6"/>
  <move id="9" source="K4" target="K5"/>
  <move id="10" source="E9" target="E8"/>
  <move id="11" source="I5" target="I6"/>
  <move id="12" source="E8" target="E7"/>
  <move id="13" source="I6" target="I7"/>
  <move id="14" source="I8" target="I7"/>
  <move id="15" source="K6" target="K7"/>
  <move id="16" source="K8" target="K7"/>
  <move id="17" source="I3" target="K3"/>
  <move id="18" source="E7" target="F7"/>
  <move id="19" source="K3" target="K4"/>
  <move id="20" source="I9" target="I2"/>
  <move id="21" source="K2" target="I2"/>
  <move id="22" source="F7" target="F6"/>
  <move id="23" source="I2" target="I3"/>
  <move id="24" source="F6" target="F5"/>
  <move id="25" source="I3" target="I4"/>
  <move id="26" source="F5" target="F4"/>
  <move id="27" source="F3" target="F4"/>
  <move id="28" source="G7" target="F7"/>
  <move id="29" source="E4" target="E5"/>
  <move id="30" source="E6" target="E5"/>
  <move id="31" source="F4" target="E4"/>
  <move id="32" source="E5" target="E6"/>
  <move id="33" source="E3" target="F3"/>
  <move id="34" source="F7" target="F3"/>
  <move id="35" source="I4" target="I5"/>
  <move id="36" source="E6" target="E7"/>
  <move id="37" source="I5" target="I6"/>
  <move id="38" source="E7" target="E8"/>
  <move id="39" source="K5" target="K6"/>
  <move id="40" source="D7" target="E7"/>
  <move id="41" source="E4" target="F4"/>
  <move id="42" source="E7" target="F7"/>
  <move id="43" source="E2" target="E5"/>
  <move id="44" source="F7" target="F6"/>
  <move id="45" source="E5" target="F5"/>
  <move id="46" source="F6" target="E6"/>
  <move id="47" source="E1" target="E6"/>
  <move id="48" source="E6" target="E7"/>
  <move id="49" source="K6" target="K7"/>
  <move id="50" source="E7" target="F7"/>
  <move id="51" source="I6" target="I7"/>
  <move id="52" source="F7" target="F6"/>
  <move id="53" source="F5" target="E5"/>
  <move id="54" source="F6" target="E6"/>
  <move id="55" source="E5" target="E4"/>
  <move id="56" source="E6" target="E5"/>
  <move id="57" source="E4" target="E3"/>
  <move id="58" source="B7" target="B6"/>
  <move id="59" source="I7" target="H7"/>
  <move id="60" source="B6" target="B5"/>
  <move id="61" source="H7" target="H8"/>
  <move id="62" source="B5" target="B4"/>
  <move id="63" source="I1" target="I8"/>
  <move id="64" source="A7" target="A4"/>
  <move id="65" source="I8" target="G8"/>
  <move id="66" source="E8" target="E9"/>
  <move id="67" source="K1" target="K2"/>
  <move id="68" source="E5" target="E4"/>
  <move id="69" source="F4" target="E4"/>
  <move id="70" source="C7" target="D7"/>
  <move id="71" source="E4" target="F4"/>
  <move id="72" source="G8" target="G7"/>
  <move id="73" source="K2" target="K3"/>
  <move id="74" source="G7" target="F7"/>
  <move id="75" source="K4" target="I4"/>
  <move id="76" source="F7" target="E7"/>
  <move id="77" source="K3" target="K4"/>
  <move id="78" source="E7" target="E6"/>
  <move id="79" source="K4" target="K5"/>
  <move id="80" source="E6" target="E5"/>
  <move id="81" source="K5" target="K6"/>
  <move id="82" source="E5" target="E4"/>
  <move id="83" source="F4" target="E4"/>
  <move id="84" source="D7" target="E7"/>
  <move id="85" source="E4" target="F4"/>
  <move id="86" source="E7" target="E6"/>
  <move id="87" source="E3" target="E6"/>
  <move id="88" source="E6" target="E5"/>
  <move id="89" source="F4" target="F3"/>
  <move id="90" source="E9" target="E8"/>
  <move id="91" source="K7" target="I7"/>
  <move id="92" source="E8" target="E7"/>
  <move id="93" source="K6" target="K7"/>
  <move id="94" source="E7" target="F7"/>
  <move id="95" source="K7" target="K8"/>
  <move id="96" source="E5" target="E6"/>
  <move id="97" source="K8" target="K9"/>
  <move id="98" source="K9" target="K8"/>
  <move id="99" source="I4" target="I5"/>
  <move id="100" source="K8" target="K7"/>
  <move id="101" source="I7" target="K7"/>
  <move id="102" source="H9" target="I9"/>
  <move id="103" source="I5" target="I4"/>
  <move id="104" source="I9" target="K9"/>
  <move id="105" source="K7" target="I7"/>
  <move id="106" source="K9" target="K8"/>
  <move id="107" source="I4" target="I3"/>
  <move id="108" source="K8" target="K7"/>
  <move id="109" source="I7" target="I6"/>
  <move id="110" source="K7" target="K6"/>
  <move id="111" source="I6" target="I5"/>
  <move id="112" source="K6" target="K5"/>
  <move id="113" source="I5" target="I6"/>
  <move id="114" source="F7" target="F6"/>
  <move id="115" source="H1" target="K1"/>
  <move id="116" source="E6" target="E7"/>
  <move id="117" source="K1" target="K5"/>
  <move id="118" source="E7" target="F7"/>
  <move id="119" source="I3" target="K3"/>
  <move id="120" source="F7" target="G7"/>
  <move id="121" source="K3" target="K4"/>
  <move id="122" source="G7" target="H7"/>
  <move id="123" source="K4" target="K5"/>
  <move id="124" source="H7" target="I7"/>
  <move id="125" source="I6" target="I5"/>
  <move id="126" source="I7" target="I6"/>
  <move id="127" source="H4" target="I4"/>
  <move id="128" source="I6" target="I5"/>
  <move id="129" source="I4" target="I5"/>
  <move id="130" source="F6" target="F5"/>
  <move id="131" source="G4" target="F4"/>
  <move id="132" source="F5" target="E5"/>
  <move id="133" source="F4" target="E4"/>
  <move id="134" source="E5" target="E4"/>
  <move id="135" source="D4" target="E4"/>
  <move id="136" source="A8" target="A7"/>
  <move id="137" source="I5" target="I4"/>
  <move id="138" source="A7" target="B7"/>
  <move id="139" source="I4" target="H4"/>
  <move id="140" source="B7" target="C7"/>
  <move id="141" source="H4" target="G4"/>
  <move id="142" source="C7" target="D7"/>
  <move id="143" source="G4" target="F4"/>
  <move id="144" source="D7" target="E7"/>
  <move id="145" source="F4" target="F5"/>
  <move id="146" source="E7" target="F7"/>
  <move id="147" source="E4" target="D4"/>
  <move id="148" source="F7" target="G7"/>
  <move id="149" source="G1" target="I1"/>
  <move id="150" source="G7" target="H7"/>
  <move id="151" source="I1" target="I7"/>
  <move id="152" source="H7" target="I7"/>
  <move id="153" source="H3" target="H4"/>
  <move id="154" source="B8" target="A8"/>
  <move id="155" source="H4" target="G4"/>
  <move id="156" source="B9" target="B8"/>
  <move id="157" source="F5" target="E5"/>
  <move id="158" source="B8" target="B7"/>
  <move id="159" source="G4" target="F4"/>
  <move id="160" source="B7" target="A7"/>
  <move id="161" source="F4" target="F5"/>
  <move id="162" source="A7" target="A6"/>
  <move id="163" source="F5" target="F6"/>
  <move id="164" source="A6" target="A5"/>
  <move id="165" source="F6" target="F7"/>
  <move id="166" source="A5" target="A4"/>
  <move id="167" source="A3" target="A4"/>
  <move id="168" source="A8" target="A7"/>
  <move id="169" source="F7" target="F8"/>
  <move id="170" source="A7" target="A6"/>
  <move id="171" source="E5" target="E6"/>
  <move id="172" source="A6" target="A5"/>
  <move id="173" source="A4" target="A3"/>
  <move id="174" source="A5" target="A4"/>
  <move id="175" source="E6" target="E7"/>
  <move id="176" source="A4" target="A3"/>
  <move id="177" source="E7" target="F7"/>
  <move id="178" source="I7" target="I8"/>
  <move id="179" source="F1" target="E1"/>
  <move id="180" source="A3" target="A4"/>
  <move id="181" source="E1" target="E8"/>
  <move id="182" source="A4" target="A5"/>
  <move id="183" source="E8" target="D8"/>
  <move id="184" source="A5" target="B5"/>
  <move id="185" source="F3" target="F4"/>
  <move id="186" source="A9" target="A8"/>
  <move id="187" source="F4" target="F5"/>
  <move id="188" source="A8" target="A7"/>
  <move id="189" source="F5" target="F6"/>
  <move id="190" source="D8" target="D7"/>
  <move id="191" source="F6" target="E6"/>
  <move id="192" source="D7" target="C7"/>
  <move id="193" source="E6" target="E7"/>
  <move id="194" source="D9" target="D8"/>
  <move id="195" source="D4" target="E4"/>
  <move id="196" source="A7" target="A6"/>
  <move id="197" source="E4" target="E3"/>
  <move id="198" source="A6" target="A5"/>
  <move id="199" source="C4" target="D4"/>
  <move id="200" source="A5" target="A4"/>
  <move id="201" source="B3" target="A3"/>
  <move id="202" source="A4" target="A5"/>
  <move id="203" source="D4" target="E4"/>
  <move id="204" source="A5" target="A6"/>
  <move id="205" source="E4" target="E5"/>
  <move id="206" source="B5" target="A5"/>
  <move id="207" source="F7" target="F6"/>
  <move id="208" source="A5" target="A4"/>
  <move id="209" source="A3" target="B3"/>
  <move id="210" source="A4" target="A3"/>
  <move id="211" source="E7" target="F7"/>
  <move id="212" source="A3" target="B3"/>
  <move id="213" source="C3" target="C4"/>
  <move id="214" source="B3" target="A3"/>
  <move id="215" source="C4" target="D4"/>
  <move id="216" source="A3" target="A4"/>
  <move id="217" source="D4" target="E4"/>
  <move id="218" source="A4" target="A5"/>
  <move id="219" source="E4" target="F4"/>
  <move id="220" source="A5" target="B5"/>
  <move id="221" source="E3" target="E4"/>
  <move id="222" source="B5" target="B6"/>
  <move id="223" source="E5" target="E6"/>
  <move id="224" source="B6" target="B7"/>
  <move id="225" source="E6" target="E7"/>
  <move id="226" source="B7" target="B8"/>
  <move id="227" source="E7" target="E8"/>
  <move id="228" source="D8" target="D7"/>
  <move id="229" source="E4" target="D4"/>
  <move id="230" source="B8" target="B9"/>
  <move id="231" source="D4" target="C4"/>
  <move id="232" source="C7" target="B7"/>
  <move id="233" source="E8" target="E7"/>
  <move id="234" source="D7" target="C7"/>
  <move id="235" source="E7" target="D7"/>
  <move id="236" source="B9" target="B8"/>
  <move id="237" source="D7" target="C7"/>
  <move id="238" source="B8" target="B9"/>
  <move id="239" source="F6" target="E6"/>
  <move id="240" source="C7" target="D7"/>
  <move id="241" source="E6" target="E7"/>
  <move id="242" source="D7" target="E7"/>
  <move id="243" source="C4" target="C3"/>
  <move id="244" source="B7" target="C7"/>
  <move id="245" source="C3" target="B3"/>
  <move id="246" source="C7" target="D7"/>
  <move id="247" source="B3" target="A3"/>
  <move id="248" source="C8" target="C7"/>
  <move id="249" source="A3" target="A4"/>
  <move id="250" source="D7" target="E7"/>
  <move id="251" source="F7" target="E7"/>
  <move id="252" source="A6" target="B6"/>
  <move id="253" source="A4" target="A5"/>
  <move id="254" source="B9" target="B8"/>
  <move id="255" source="A5" target="A6"/>
  <move id="256" source="B8" target="C8"/>
  <move id="257" source="A6" target="B6"/>
  <move id="258" source="C8" target="D8"/>
  <move id="259" source="B6" target="B7"/>
  <move id="260" source="D8" target="E8"/>
  <move id="261" source="B7" target="C7"/>
  <move id="262" source="E8" target="E7"/>
  <move id="263" source="C7" target="D7"/>
  <move id="264" source="E7" target="E6"/>
  <move id="265" source="K5" target="K6"/>
  <move id="266" source="E6" target="E5"/>
  <move id="267" source="K6" target="K7"/>
  <move id="268" source="E5" target="E4"/>
  <move id="269" source="F4" target="F5"/>
  <move id="270" source="E4" target="F4"/>
  <move id="271" source="F5" target="F6"/>
  <move id="272" source="F4" target="F3"/>
  <move id="273" source="F2" target="F1"/>
  <move id="274" source="F3" target="F2"/>
  <move id="275" source="F1" target="G1"/>
  <move id="276" source="F2" target="G2"/>
  <player id="1">Player 1</player>
  <player id="2">Player 2</player>
  <result type="3" winner="1"/>
 </game>
</stratego>