<?xml version="1.0" encoding="UTF-8"?>
<stratego>
 <game type="classic">
  
  <field content="BEBBMFBBFBDDEFGEECEHHJDLHJDKDIIGDIDGFHDGAA__AA__AAAA__AA__AATSUVTSXVSTRWTPRUONNNPPQUPPQRNRPSQPQPQNYN"/>
  <move id="1" source="A4" target="A5"/>
  <move id="2" source="F7" target="F6"/>
  <move id="3" source="A5" target="A6"/>
  <move id="4" source="E7" target="E6"/>
  <move id="5" source="K4" target="K5"/>
  <move id="6" source="E8" target="E7"/>
  <move id="7" source="K5" target="K6"/>
  <move id="8" source="E7" target="F7"/>
  <move id="9" source="B4" target="B5"/>
  <move id="10" source="D7" target="E7"/>
  <move id="11" source="B5" target="B6"/>
  <move id="12" source="E6" target="E5"/>
  <move id="13" source="B6" target="B7"/>
  <move id="14" source="A7" target="B7"/>
  <move id="15" source="I4" target="I7"/>
  <move id="16" source="D8" target="D7"/>
  <move id="17" source="K6" target="K7"/>
  <move id="18" source="F6" target="F5"/>
  <move id="19" source="K3" target="K4"/>
  <move id="20" source="F7" target="F6"/>
  <move id="21" source="K4" target="K5"/>
  <move id="22" source="E7" target="E6"/>
  <move id="23" source="I3" target="I4"/>
  <move id="24" source="F8" target="E8"/>
  <move id="25" source="H3" target="I3"/>
  <move id="26" source="F5" target="F4"/>
  <move id="27" source="G4" target="F4"/>
  <move id="28" source="F6" target="F5"/>
  <move id="29" source="I3" target="K3"/>
  <move id="30" source="D7" target="E7"/>
  <move id="31" source="H4" target="G4"/>
  <move id="32" source="E7" target="F7"/>
  <move id="33" source="K3" target="K4"/>
  <move id="34" source="F7" target="F6"/>
  <move id="35" source="K5" target="K6"/>
  <move id="36" source="E5" target="E4"/>
  <move id="37" source="D4" target="E4"/>
  <move id="38" source="F5" target="E5"/>
  <move id="39" source="E4" target="D4"/>
  <move id="40" source="E5" target="E4"/>
  <move id="41" source="K4" target="K5"/>
  <move id="42" source="E4" target="E3"/>
  <move id="43" source="K6" target="K7"/>
  <move id="44" source="I7" target="I6"/>
  <move id="45" source="K7" target="K6"/>
  <move id="46" source="I6" target="I5"/>
  <move id="47" source="I4" target="I5"/>
  <move id="48" source="H7" target="I7"/>
  <move id="49" source="K5" target="K4"/>
  <move id="50" source="I5" target="I4"/>
  <move id="51" source="K6" target="K5"/>
  <move id="52" source="I7" target="I6"/>
  <move id="53" source="K4" target="K3"/>
  <move id="54" source="I4" target="I3"/>
  <move id="55" source="K5" target="K4"/>
  <move id="56" source="I6" target="I5"/>
  <move id="57" source="C4" target="B4"/>
  <move id="58" source="G7" target="F7"/>
  <move id="59" source="K3" target="I3"/>
  <move id="60" source="F6" target="F5"/>
  <move id="61" source="I3" target="H3"/>
  <move id="62" source="I5" target="I4"/>
  <move id="63" source="K4" target="K3"/>
  <move id="64" source="F7" target="F6"/>
  <move id="65" source="B4" target="B5"/>
  <move id="66" source="G8" target="F8"/>
  <move id="67" source="D4" target="C4"/>
  <move id="68" source="E8" target="E7"/>
  <move id="69" source="C4" target="B4"/>
  <move id="70" source="F8" target="E8"/>
  <move id="71" source="C3" target="C4"/>
  <move id="72" source="E6" target="E5"/>
  <move id="73" source="C4" target="D4"/>
  <move id="74" source="E5" target="E4"/>
  <move id="75" source="B4" target="C4"/>
  <move id="76" source="E4" target="F4"/>
  <move id="77" source="F3" target="F4"/>
  <move id="78" source="F5" target="F4"/>
  <move id="79" source="G3" target="F3"/>
  <move id="80" source="F4" target="G4"/>
  <move id="81" source="F3" target="F6"/>
  <move id="82" source="F6" target="F5"/>
  <move id="83" source="G4" target="G3"/>
  <move id="84" source="F5" target="F4"/>
  <move id="85" source="C4" target="B4"/>
  <move id="86" source="F4" target="G4"/>
  <move id="87" source="G3" target="F3"/>
  <move id="88" source="G4" target="H4"/>
  <move id="89" source="H3" target="I3"/>
  <move id="90" source="I4" target="K4"/>
  <move id="91" source="D4" target="E4"/>
  <move id="92" source="F9" target="F8"/>
  <move id="93" source="E4" target="E5"/>
  <move id="94" source="F8" target="F7"/>
  <move id="95" source="D3" target="D4"/>
  <move id="96" source="C8" target="D8"/>
  <move id="97" source="D4" target="E4"/>
  <move id="98" source="D8" target="D7"/>
  <move id="99" source="E4" target="F4"/>
  <move id="100" source="H4" target="I4"/>
  <move id="101" source="I3" target="H3"/>
  <move id="102" source="K4" target="K3"/>
  <move id="103" source="B5" target="B6"/>
  <move id="104" source="K3" target="K4"/>
  <move id="105" source="F4" target="F5"/>
  <move id="106" source="I4" target="H4"/>
  <move id="107" source="H3" target="I3"/>
  <move id="108" source="H4" target="G4"/>
  <move id="109" source="E5" target="E4"/>
  <move id="110" source="F7" target="F5"/>
  <move id="111" source="E4" target="E7"/>
  <move id="112" source="G4" target="F4"/>
  <move id="113" source="F5" target="F6"/>
  <move id="114" source="E8" target="F8"/>
  <move id="115" source="F3" target="G3"/>
  <move id="116" source="F4" target="F5"/>
  <move id="117" source="B4" target="C4"/>
  <move id="118" source="F5" target="F6"/>
  <move id="119" source="C4" target="D4"/>
  <move id="120" source="A8" target="A7"/>
  <move id="121" source="A6" target="A5"/>
  <move id="122" source="A7" target="A6"/>
  <move id="123" source="A5" target="B5"/>
  <move id="124" source="A6" target="B6"/>
  <move id="125" source="B5" target="B6"/>
  <move id="126" source="B7" target="A7"/>
  <move id="127" source="B6" target="A6"/>
  <move id="128" source="B8" target="A8"/>
  <move id="129" source="A6" target="A7"/>
  <move id="130" source="A8" target="A7"/>
  <move id="131" source="D4" target="E4"/>
  <move id="132" source="E7" target="F7"/>
  <move id="133" source="E4" target="F4"/>
  <move id="134" source="C7" target="C8"/>
  <move id="135" source="F4" target="F5"/>
  <move id="136" source="F7" target="E7"/>
  <move id="137" source="F5" target="F6"/>
  <move id="138" source="F8" target="G8"/>
  <move id="139" source="F6" target="F7"/>
  <move id="140" source="E7" target="E6"/>
  <move id="141" source="F7" target="E7"/>
  <move id="142" source="E6" target="E5"/>
  <move id="143" source="E7" target="E8"/>
  <move id="144" source="E5" target="E4"/>
  <move id="145" source="E3" target="E4"/>
  <move id="146" source="E4" target="D4"/>
  <move id="147" source="E8" target="E7"/>
  <move id="148" source="D4" target="C4"/>
  <move id="149" source="E7" target="E6"/>
  <move id="150" source="C4" target="B4"/>
  <move id="151" source="B3" target="B4"/>
  <move id="152" source="A7" target="B7"/>
  <move id="153" source="B4" target="C4"/>
  <move id="154" source="B7" target="B6"/>
  <move id="155" source="C4" target="C3"/>
  <move id="156" source="B6" target="B5"/>
  <move id="157" source="C3" target="D3"/>
  <move id="158" source="B5" target="B4"/>
  <move id="159" source="E6" target="E7"/>
  <move id="160" source="B4" target="C4"/>
  <move id="161" source="E7" target="E8"/>
  <move id="162" source="C4" target="D4"/>
  <move id="163" source="D3" target="C3"/>
  <move id="164" source="D4" target="C4"/>
  <move id="165" source="C3" target="D3"/>
  <move id="166" source="C4" target="C3"/>
  <move id="167" source="D3" target="D4"/>
  <move id="168" source="B9" target="B2"/>
  <move id="169" source="E8" target="D8"/>
  <move id="170" source="C8" target="D8"/>
  <move id="171" source="D4" target="E4"/>
  <move id="172" source="A9" target="B9"/>
  <move id="173" source="E4" target="E5"/>
  <move id="174" source="B9" target="B2"/>
  <move id="175" source="A2" target="B2"/>
  <move id="176" source="A:" target="A9"/>
  <move id="177" source="E5" target="E6"/>
  <move id="178" source="A9" target="B9"/>
  <move id="179" source="E6" target="E7"/>
  <move id="180" source="B9" target="B2"/>
  <move id="181" source="E7" target="E8"/>
  <move id="182" source="B2" target="C2"/>
  <move id="183" source="E8" target="F8"/>
  <move id="184" source="G8" target="G7"/>
  <move id="185" source="F8" target="F7"/>
  <move id="186" source="G7" target="H7"/>
  <move id="187" source="F7" target="G7"/>
  <move id="188" source="H7" target="I7"/>
  <move id="189" source="G7" target="H7"/>
  <move id="190" source="I7" target="K7"/>
  <move id="191" source="H7" target="I7"/>
  <move id="192" source="K7" target="K6"/>
  <move id="193" source="I3" target="I4"/>
  <move id="194" source="K4" target="K5"/>
  <move id="195" source="I4" target="I5"/>
  <move id="196" source="C3" target="C2"/>
  <move id="197" source="I5" target="K5"/>
  <move id="198" source="E9" target="E8"/>
  <move id="199" source="K5" target="K6"/>
  <move id="200" source="E8" target="B8"/>
  <move id="201" source="K6" target="K5"/>
  <move id="202" source="B8" target="B1"/>
  <move id="203" source="H2" target="H3"/>
  <move id="204" source="C2" target="B2"/>
  <move id="205" source="H3" target="H4"/>
  <move id="206" source="B2" target="B1"/>
  <move id="207" source="H4" target="I4"/>
  <move id="208" source="B1" target="B2"/>
  <move id="209" source="I4" target="I5"/>
  <move id="210" source="B2" target="C2"/>
  <move id="211" source="I5" target="I6"/>
  <move id="212" source="C9" target="B9"/>
  <move id="213" source="I6" target="K6"/>
  <move id="214" source="B9" target="B8"/>
  <move id="215" source="K6" target="K7"/>
  <move id="216" source="B8" target="B7"/>
  <move id="217" source="K7" target="K8"/>
  <move id="218" source="B7" target="B6"/>
  <move id="219" source="I7" target="H7"/>
  <move id="220" source="B6" target="B5"/>
  <move id="221" source="I2" target="I3"/>
  <move id="222" source="B5" target="B4"/>
  <move id="223" source="I3" target="I4"/>
  <move id="224" source="B4" target="C4"/>
  <move id="225" source="I4" target="I5"/>
  <move id="226" source="C2" target="C3"/>
  <move id="227" source="I5" target="I6"/>
  <move id="228" source="C3" target="D3"/>
  <move id="229" source="G3" target="H3"/>
  <move id="230" source="C4" target="D4"/>
  <move id="231" source="I6" target="K6"/>
  <move id="232" source="D3" target="E3"/>
  <move id="233" source="K6" target="K7"/>
  <move id="234" source="D4" target="E4"/>
  <move id="235" source="H3" target="I3"/>
  <move id="236" source="E4" target="F4"/>
  <move id="237" source="I3" target="I4"/>
  <move id="238" source="F4" target="F3"/>
  <move id="239" source="I4" target="I5"/>
  <move id="240" source="F3" target="F2"/>
  <move id="241" source="I5" target="I6"/>
  <move id="242" source="F:" target="F1"/>
  <move id="243" source="I6" target="I7"/>
  <move id="244" source="D7" target="E7"/>
  <move id="245" source="I7" target="I8"/>
  <move id="246" source="E7" target="F7"/>
  <move id="247" source="K7" target="K8"/>
  <move id="248" source="K9" target="K8"/>
  <move id="249" source="K5" target="K6"/>
  <move id="250" source="F7" target="F6"/>
  <move id="251" source="K6" target="K7"/>
  <move id="252" source="K8" target="K9"/>
  <move id="253" source="K7" target="K8"/>
  <move id="254" source="F6" target="F5"/>
  <move id="255" source="K8" target="K9"/>
  <move id="256" source="F5" target="F4"/>
  <move id="257" source="K9" target="K8"/>
  <move id="258" source="F4" target="F3"/>
  <move id="259" source="F1" target="F2"/>
  <move id="260" source="F3" target="F2"/>
  <move id="261" source="K8" target="K9"/>
  <move id="262" source="F2" target="F1"/>
  <move id="263" source="K9" target="I9"/>
  <move id="264" source="E3" target="E4"/>
  <move id="265" source="H7" target="G7"/>
  <move id="266" source="G9" target="F9"/>
  <move id="267" source="G7" target="G8"/>
  <move id="268" source="E4" target="E5"/>
  <move id="269" source="G8" target="F8"/>
  <move id="270" source="F9" target="G9"/>
  <move id="271" source="F8" target="F9"/>
  <move id="272" source="G9" target="G8"/>
  <move id="273" source="F9" target="E9"/>
  <move id="274" source="D9" target="D8"/>
  <move id="275" source="E9" target="D9"/>
  <move id="276" source="D8" target="E8"/>
  <move id="277" source="D9" target="D:"/>
  <move id="278" source="C:" target="C9"/>
  <move id="279" source="D:" target="E:"/>
  <move id="280" source="E8" target="E7"/>
  <move id="281" source="E:" target="D:"/>
  <move id="282" source="C9" target="C8"/>
  <move id="283" source="D:" target="C:"/>
  <move id="284" source="C8" target="C7"/>
  <move id="285" source="C:" target="B:"/>
  <move id="286" source="F1" target="E1"/>
  <player id="1">Player 1</player>
  <player id="2">Player 2</player>
  <result type="1" winner="2"/>
 </game>
</stratego>