<?xml version="1.0" encoding="UTF-8"?>
<stratego>
 <game type="classic">
  
  <field content="EGFMBFBGBELEBBGJEDEDIJCHDHDKDHDGIHDFBIDFAA__AA__AAAA__AA__AARSPURPQXRUTVTTWTNRQPQNNSOSSPNVPPNQPYQNUP"/>
  <move id="1" source="K4" target="K5"/>
  <move id="2" source="K7" target="K6"/>
  <move id="3" source="K5" target="K6"/>
  <move id="4" source="I7" target="I6"/>
  <move id="5" source="I4" target="I6"/>
  <move id="6" source="K6" target="K5"/>
  <move id="7" source="H4" target="I4"/>
  <move id="8" source="H7" target="I7"/>
  <move id="9" source="I4" target="I5"/>
  <move id="10" source="K5" target="K4"/>
  <move id="11" source="I5" target="I6"/>
  <move id="12" source="I7" target="I6"/>
  <move id="13" source="E4" target="E5"/>
  <move id="14" source="I6" target="I5"/>
  <move id="15" source="F4" target="F5"/>
  <move id="16" source="K4" target="I4"/>
  <move id="17" source="F5" target="F6"/>
  <move id="18" source="I4" target="I3"/>
  <move id="19" source="K3" target="K4"/>
  <move id="20" source="K8" target="K4"/>
  <move id="21" source="F3" target="F4"/>
  <move id="22" source="I3" target="I4"/>
  <move id="23" source="K4" target="K3"/>
  <move id="24" source="I5" target="K5"/>
  <move id="25" source="K3" target="I3"/>
  <move id="26" source="K5" target="K4"/>
  <move id="27" source="F4" target="F5"/>
  <move id="28" source="I4" target="I3"/>
  <move id="29" source="H3" target="I3"/>
  <move id="30" source="K4" target="I4"/>
  <move id="31" source="I3" target="K3"/>
  <move id="32" source="B7" target="B6"/>
  <move id="33" source="F6" target="F7"/>
  <move id="34" source="F8" target="F7"/>
  <move id="35" source="F5" target="F6"/>
  <move id="36" source="E8" target="F8"/>
  <move id="37" source="E5" target="F5"/>
  <move id="38" source="I4" target="K4"/>
  <move id="39" source="K3" target="I3"/>
  <move id="40" source="I8" target="I7"/>
  <move id="41" source="G3" target="F3"/>
  <move id="42" source="I7" target="I6"/>
  <move id="43" source="F3" target="F4"/>
  <move id="44" source="I6" target="I5"/>
  <move id="45" source="F4" target="E4"/>
  <move id="46" source="I5" target="I4"/>
  <move id="47" source="E4" target="E7"/>
  <move id="48" source="I4" target="H4"/>
  <move id="49" source="I3" target="H3"/>
  <move id="50" source="K4" target="I4"/>
  <move id="51" source="H3" target="G3"/>
  <move id="52" source="H4" target="G4"/>
  <move id="53" source="G3" target="F3"/>
  <move id="54" source="I4" target="H4"/>
  <move id="55" source="F3" target="F4"/>
  <move id="56" source="H8" target="H7"/>
  <move id="57" source="F4" target="E4"/>
  <move id="58" source="H4" target="I4"/>
  <move id="59" source="E4" target="E5"/>
  <move id="60" source="G4" target="F4"/>
  <move id="61" source="E5" target="E6"/>
  <move id="62" source="F4" target="F5"/>
  <move id="63" source="F6" target="F5"/>
  <move id="64" source="E7" target="E6"/>
  <move id="65" source="E6" target="E7"/>
  <move id="66" source="F7" target="F6"/>
  <move id="67" source="E7" target="F7"/>
  <move id="68" source="F8" target="F7"/>
  <move id="69" source="F5" target="F6"/>
  <move id="70" source="H9" target="H8"/>
  <move id="71" source="F2" target="F3"/>
  <move id="72" source="H8" target="I8"/>
  <move id="73" source="F3" target="F4"/>
  <move id="74" source="I8" target="K8"/>
  <move id="75" source="F4" target="F5"/>
  <move id="76" source="H7" target="I7"/>
  <move id="77" source="F5" target="F6"/>
  <move id="78" source="I7" target="I6"/>
  <move id="79" source="F6" target="F7"/>
  <move id="80" source="G7" target="F7"/>
  <move id="81" source="E3" target="E7"/>
  <move id="82" source="D8" target="E8"/>
  <move id="83" source="E7" target="D7"/>
  <move id="84" source="D7" target="D8"/>
  <move id="85" source="F7" target="F8"/>
  <move id="86" source="D8" target="D7"/>
  <move id="87" source="F8" target="F7"/>
  <move id="88" source="D7" target="D8"/>
  <move id="89" source="F7" target="F8"/>
  <move id="90" source="E8" target="E7"/>
  <move id="91" source="F8" target="E8"/>
  <move id="92" source="E7" target="E6"/>
  <move id="93" source="E8" target="D8"/>
  <move id="94" source="I4" target="I3"/>
  <move id="95" source="D4" target="E4"/>
  <move id="96" source="K8" target="K2"/>
  <move id="97" source="E4" target="E5"/>
  <move id="98" source="E6" target="F6"/>
  <move id="99" source="E5" target="F5"/>
  <move id="100" source="F6" target="F7"/>
  <move id="101" source="F5" target="F6"/>
  <move id="102" source="F7" target="G7"/>
  <move id="103" source="B4" target="B5"/>
  <move id="104" source="I6" target="I5"/>
  <move id="105" source="B5" target="B6"/>
  <move id="106" source="C7" target="B7"/>
  <move id="107" source="B3" target="B4"/>
  <move id="108" source="I5" target="I4"/>
  <move id="109" source="B4" target="B5"/>
  <move id="110" source="I4" target="H4"/>
  <move id="111" source="B5" target="B6"/>
  <move id="112" source="H4" target="H3"/>
  <move id="113" source="B6" target="B7"/>
  <move id="114" source="H3" target="H2"/>
  <move id="115" source="H1" target="H2"/>
  <move id="116" source="I3" target="H3"/>
  <move id="117" source="H2" target="H1"/>
  <move id="118" source="K9" target="K8"/>
  <move id="119" source="B7" target="C7"/>
  <move id="120" source="G7" target="H7"/>
  <move id="121" source="A4" target="B4"/>
  <move id="122" source="H7" target="I7"/>
  <move id="123" source="B4" target="B8"/>
  <move id="124" source="B8" target="B7"/>
  <move id="125" source="C7" target="B7"/>
  <move id="126" source="I7" target="I6"/>
  <move id="127" source="D8" target="E8"/>
  <move id="128" source="I6" target="I5"/>
  <move id="129" source="F6" target="F7"/>
  <move id="130" source="I5" target="I4"/>
  <move id="131" source="F7" target="F8"/>
  <move id="132" source="I4" target="I3"/>
  <move id="133" source="B2" target="B3"/>
  <move id="134" source="I3" target="I2"/>
  <move id="135" source="B3" target="B4"/>
  <move id="136" source="I2" target="H2"/>
  <move id="137" source="B4" target="B5"/>
  <move id="138" source="H2" target="H1"/>
  <move id="139" source="B5" target="B6"/>
  <move id="140" source="H1" target="G1"/>
  <move id="141" source="B6" target="B7"/>
  <move id="142" source="H3" target="H4"/>
  <move id="143" source="B7" target="C7"/>
  <move id="144" source="H4" target="G4"/>
  <move id="145" source="C7" target="D7"/>
  <move id="146" source="G4" target="F4"/>
  <move id="147" source="D7" target="D8"/>
  <move id="148" source="F4" target="F5"/>
  <move id="149" source="D8" target="D9"/>
  <move id="150" source="F9" target="F8"/>
  <move id="151" source="E8" target="D8"/>
  <move id="152" source="F5" target="F6"/>
  <move id="153" source="F8" target="F9"/>
  <move id="154" source="F6" target="F7"/>
  <move id="155" source="F9" target="G9"/>
  <move id="156" source="F7" target="F8"/>
  <move id="157" source="G9" target="G:"/>
  <move id="158" source="F8" target="F9"/>
  <move id="159" source="D8" target="D9"/>
  <move id="160" source="F9" target="G9"/>
  <move id="161" source="G:" target="F:"/>
  <player id="1">Player 1</player>
  <player id="2">Player 2</player>
  <result type="1" winner="1"/>
 </game>
</stratego>