<?xml version="1.0" encoding="UTF-8"?>
<stratego>
 <game type="classic">
  
  <field content="EDBBMBBGFEDIEHBEEDBDFHJCKIJHDIDGFLHFGDDGAA__AA__AAAA__AA__AAPSWPPTRXSPRVOUSPVPUPPNNQTNUNQTQTRQSNYRNQ"/>
  <move id="1" source="I4" target="I7"/>
  <move id="2" source="A7" target="A4"/>
  <move id="3" source="K4" target="I4"/>
  <move id="4" source="B7" target="B6"/>
  <move id="5" source="I4" target="I5"/>
  <move id="6" source="B6" target="B5"/>
  <move id="7" source="I5" target="I6"/>
  <move id="8" source="B5" target="B4"/>
  <move id="9" source="I6" target="I7"/>
  <move id="10" source="K7" target="I7"/>
  <move id="11" source="I3" target="I4"/>
  <move id="12" source="K8" target="K3"/>
  <move id="13" source="I4" target="K4"/>
  <move id="14" source="E7" target="E4"/>
  <move id="15" source="H4" target="I4"/>
  <move id="16" source="F7" target="E7"/>
  <move id="17" source="K4" target="K8"/>
  <move id="18" source="K9" target="K8"/>
  <move id="19" source="H3" target="I3"/>
  <move id="20" source="K8" target="K9"/>
  <move id="21" source="I4" target="H4"/>
  <move id="22" source="I7" target="I3"/>
  <move id="23" source="H4" target="I4"/>
  <move id="24" source="E7" target="F7"/>
  <move id="25" source="I4" target="I8"/>
  <move id="26" source="F7" target="F6"/>
  <move id="27" source="K3" target="K4"/>
  <move id="28" source="F6" target="F5"/>
  <move id="29" source="K4" target="K5"/>
  <move id="30" source="F5" target="F4"/>
  <move id="31" source="F3" target="F4"/>
  <move id="32" source="H7" target="I7"/>
  <move id="33" source="K5" target="K6"/>
  <move id="34" source="I7" target="K7"/>
  <move id="35" source="K6" target="K7"/>
  <move id="36" source="K7" target="I7"/>
  <move id="37" source="F4" target="F3"/>
  <move id="38" source="G7" target="F7"/>
  <move id="39" source="C4" target="B4"/>
  <move id="40" source="F7" target="E7"/>
  <move id="41" source="B4" target="A4"/>
  <move id="42" source="I7" target="H7"/>
  <move id="43" source="D4" target="C4"/>
  <move id="44" source="H7" target="G7"/>
  <move id="45" source="C4" target="B4"/>
  <move id="46" source="H8" target="H7"/>
  <move id="47" source="B4" target="B5"/>
  <move id="48" source="H7" target="I7"/>
  <move id="49" source="B5" target="B6"/>
  <move id="50" source="I8" target="H8"/>
  <move id="51" source="B6" target="B7"/>
  <move id="52" source="A8" target="A7"/>
  <move id="53" source="B7" target="B6"/>
  <move id="54" source="A7" target="B7"/>
  <move id="55" source="B6" target="A6"/>
  <move id="56" source="A9" target="A6"/>
  <move id="57" source="E4" target="E5"/>
  <move id="58" source="G7" target="F7"/>
  <move id="59" source="A6" target="B6"/>
  <move id="60" source="B7" target="A7"/>
  <move id="61" source="E3" target="E4"/>
  <move id="62" source="F7" target="G7"/>
  <move id="63" source="E4" target="D4"/>
  <move id="64" source="F8" target="F7"/>
  <move id="65" source="D4" target="C4"/>
  <move id="66" source="F7" target="F6"/>
  <move id="67" source="C4" target="B4"/>
  <move id="68" source="G7" target="F7"/>
  <move id="69" source="B4" target="B5"/>
  <move id="70" source="E7" target="E6"/>
  <move id="71" source="B5" target="A5"/>
  <move id="72" source="E6" target="E5"/>
  <move id="73" source="A5" target="A6"/>
  <move id="74" source="F6" target="F5"/>
  <move id="75" source="E5" target="E4"/>
  <move id="76" source="F5" target="E5"/>
  <move id="77" source="E4" target="D4"/>
  <move id="78" source="E5" target="E4"/>
  <move id="79" source="C3" target="C4"/>
  <move id="80" source="D7" target="E7"/>
  <move id="81" source="A6" target="A7"/>
  <move id="82" source="E7" target="E6"/>
  <move id="83" source="A7" target="A8"/>
  <move id="84" source="E6" target="E5"/>
  <move id="85" source="A8" target="B8"/>
  <move id="86" source="E4" target="E3"/>
  <move id="87" source="B8" target="C8"/>
  <move id="88" source="C7" target="C8"/>
  <move id="89" source="B6" target="B7"/>
  <move id="90" source="E5" target="E4"/>
  <move id="91" source="B7" target="C7"/>
  <move id="92" source="F7" target="F6"/>
  <move id="93" source="C7" target="D7"/>
  <move id="94" source="D8" target="C8"/>
  <move id="95" source="D7" target="E7"/>
  <move id="96" source="F6" target="F5"/>
  <move id="97" source="E7" target="E6"/>
  <move id="98" source="F5" target="F4"/>
  <move id="99" source="E6" target="E5"/>
  <move id="100" source="F4" target="F3"/>
  <move id="101" source="E5" target="E4"/>
  <move id="102" source="F3" target="G3"/>
  <move id="103" source="E4" target="E3"/>
  <move id="104" source="G3" target="F3"/>
  <move id="105" source="E3" target="E4"/>
  <move id="106" source="F3" target="F4"/>
  <move id="107" source="E4" target="E5"/>
  <move id="108" source="F4" target="F5"/>
  <move id="109" source="E5" target="E6"/>
  <move id="110" source="F5" target="F6"/>
  <move id="111" source="E6" target="E7"/>
  <move id="112" source="F6" target="F7"/>
  <move id="113" source="E7" target="E8"/>
  <move id="114" source="C8" target="C7"/>
  <move id="115" source="E8" target="D8"/>
  <move id="116" source="F7" target="F8"/>
  <move id="117" source="D8" target="C8"/>
  <move id="118" source="C7" target="D7"/>
  <move id="119" source="C8" target="C9"/>
  <move id="120" source="G8" target="G7"/>
  <move id="121" source="A4" target="A5"/>
  <move id="122" source="G7" target="F7"/>
  <move id="123" source="A5" target="A6"/>
  <move id="124" source="F7" target="E7"/>
  <move id="125" source="A6" target="A7"/>
  <move id="126" source="E7" target="E8"/>
  <move id="127" source="A7" target="A8"/>
  <move id="128" source="E8" target="D8"/>
  <move id="129" source="A8" target="A9"/>
  <move id="130" source="D8" target="C8"/>
  <move id="131" source="A9" target="A:"/>
  <move id="132" source="B:" target="A:"/>
  <move id="133" source="I3" target="I4"/>
  <move id="134" source="C8" target="B8"/>
  <move id="135" source="I4" target="I5"/>
  <move id="136" source="H8" target="H7"/>
  <move id="137" source="I5" target="I6"/>
  <move id="138" source="B8" target="B7"/>
  <move id="139" source="I6" target="K6"/>
  <move id="140" source="H7" target="H8"/>
  <move id="141" source="K6" target="K7"/>
  <move id="142" source="H8" target="I8"/>
  <move id="143" source="K7" target="K8"/>
  <player id="1">Player 1</player>
  <player id="2">Player 2</player>
  <result type="3" winner="2"/>
 </game>
</stratego>