<?xml version="1.0" encoding="UTF-8"?>
<stratego>
 <game type="classic">
  
  <field content="EEBEEEBFMFIKCJHDJBFBGDDHDDHHBFGILGDDDIGBAA__AA__AAAA__AA__AAPPSVPSRPPPSTTXOTTWSNRNQNQUUVPQNRNYNQUPQR"/>
  <move id="1" source="B4" target="B5"/>
  <move id="2" source="F7" target="F6"/>
  <move id="3" source="B5" target="B6"/>
  <move id="4" source="G7" target="F7"/>
  <move id="5" source="A4" target="A5"/>
  <move id="6" source="F6" target="E6"/>
  <move id="7" source="A5" target="A6"/>
  <move id="8" source="E6" target="E5"/>
  <move id="9" source="A6" target="A7"/>
  <move id="10" source="B7" target="B6"/>
  <move id="11" source="A7" target="B7"/>
  <move id="12" source="C7" target="B7"/>
  <move id="13" source="A3" target="A4"/>
  <move id="14" source="D7" target="C7"/>
  <move id="15" source="A4" target="A5"/>
  <move id="16" source="C7" target="B7"/>
  <move id="17" source="A5" target="A6"/>
  <move id="18" source="B7" target="B6"/>
  <move id="19" source="A6" target="A7"/>
  <move id="20" source="A8" target="A7"/>
  <move id="21" source="C4" target="B4"/>
  <move id="22" source="B6" target="B7"/>
  <move id="23" source="B4" target="B5"/>
  <move id="24" source="B7" target="C7"/>
  <move id="25" source="B5" target="B6"/>
  <move id="26" source="E7" target="E6"/>
  <move id="27" source="B6" target="B7"/>
  <move id="28" source="C7" target="D7"/>
  <move id="29" source="B7" target="C7"/>
  <move id="30" source="D7" target="E7"/>
  <move id="31" source="C7" target="D7"/>
  <move id="32" source="D8" target="D7"/>
  <move id="33" source="B3" target="B8"/>
  <move id="34" source="B8" target="A8"/>
  <move id="35" source="A2" target="A3"/>
  <move id="36" source="E7" target="D7"/>
  <move id="37" source="A3" target="A4"/>
  <move id="38" source="D7" target="D8"/>
  <move id="39" source="A4" target="A5"/>
  <move id="40" source="E8" target="E7"/>
  <move id="41" source="A5" target="A6"/>
  <move id="42" source="E7" target="D7"/>
  <move id="43" source="A6" target="A7"/>
  <move id="44" source="A8" target="B8"/>
  <move id="45" source="A7" target="B7"/>
  <move id="46" source="B8" target="B7"/>
  <move id="47" source="C3" target="C4"/>
  <move id="48" source="D7" target="C7"/>
  <move id="49" source="B7" target="B8"/>
  <move id="50" source="C7" target="B7"/>
  <move id="51" source="B8" target="C8"/>
  <move id="52" source="D8" target="C8"/>
  <move id="53" source="C4" target="B4"/>
  <move id="54" source="F7" target="F6"/>
  <move id="55" source="B4" target="B5"/>
  <move id="56" source="C8" target="B8"/>
  <move id="57" source="B5" target="B6"/>
  <move id="58" source="F6" target="F5"/>
  <move id="59" source="D3" target="C3"/>
  <move id="60" source="B7" target="B6"/>
  <move id="61" source="C3" target="C4"/>
  <move id="62" source="G8" target="G7"/>
  <move id="63" source="C4" target="B4"/>
  <move id="64" source="G7" target="F7"/>
  <move id="65" source="B4" target="B5"/>
  <move id="66" source="F7" target="E7"/>
  <move id="67" source="B6" target="A6"/>
  <move id="68" source="E7" target="D7"/>
  <move id="69" source="B5" target="B6"/>
  <move id="70" source="B8" target="C8"/>
  <move id="71" source="B6" target="B7"/>
  <move id="72" source="D7" target="D8"/>
  <move id="73" source="B7" target="B8"/>
  <move id="74" source="C8" target="C7"/>
  <move id="75" source="A6" target="A9"/>
  <move id="76" source="H8" target="G8"/>
  <move id="77" source="D4" target="C4"/>
  <move id="78" source="A9" target="A8"/>
  <move id="79" source="B8" target="B7"/>
  <move id="80" source="C7" target="C8"/>
  <move id="81" source="C4" target="B4"/>
  <move id="82" source="H7" target="B7"/>
  <move id="83" source="B4" target="B5"/>
  <move id="84" source="G8" target="G7"/>
  <move id="85" source="B5" target="B6"/>
  <move id="86" source="G7" target="F7"/>
  <move id="87" source="B7" target="A7"/>
  <move id="88" source="A8" target="B8"/>
  <move id="89" source="B6" target="B7"/>
  <move id="90" source="B8" target="B7"/>
  <move id="91" source="A7" target="A6"/>
  <move id="92" source="C8" target="B8"/>
  <move id="93" source="B7" target="C7"/>
  <move id="94" source="B8" target="B7"/>
  <move id="95" source="C7" target="C8"/>
  <move id="96" source="B7" target="B6"/>
  <move id="97" source="A6" target="A5"/>
  <move id="98" source="B6" target="B5"/>
  <move id="99" source="A5" target="A4"/>
  <move id="100" source="B5" target="B4"/>
  <move id="101" source="A4" target="A3"/>
  <move id="102" source="D8" target="C8"/>
  <move id="103" source="C2" target="C3"/>
  <move id="104" source="F7" target="E7"/>
  <move id="105" source="C3" target="C4"/>
  <move id="106" source="B4" target="A4"/>
  <move id="107" source="A3" target="B3"/>
  <move id="108" source="A4" target="A5"/>
  <move id="109" source="C4" target="B4"/>
  <move id="110" source="A5" target="A6"/>
  <move id="111" source="B4" target="B5"/>
  <move id="112" source="A6" target="A7"/>
  <move id="113" source="B5" target="B6"/>
  <move id="114" source="A7" target="A8"/>
  <move id="115" source="B6" target="B7"/>
  <move id="116" source="C8" target="C7"/>
  <move id="117" source="B7" target="B8"/>
  <move id="118" source="A8" target="A7"/>
  <move id="119" source="B8" target="B7"/>
  <move id="120" source="A7" target="A8"/>
  <move id="121" source="B7" target="A7"/>
  <move id="122" source="A8" target="B8"/>
  <move id="123" source="A7" target="A8"/>
  <move id="124" source="B8" target="B7"/>
  <move id="125" source="A8" target="A7"/>
  <move id="126" source="B7" target="B8"/>
  <move id="127" source="E3" target="D3"/>
  <move id="128" source="F8" target="F7"/>
  <move id="129" source="D3" target="D4"/>
  <move id="130" source="B8" target="C8"/>
  <move id="131" source="D4" target="C4"/>
  <move id="132" source="C8" target="D8"/>
  <move id="133" source="C4" target="B4"/>
  <move id="134" source="D8" target="E8"/>
  <move id="135" source="B4" target="B5"/>
  <move id="136" source="C7" target="C8"/>
  <move id="137" source="A7" target="A8"/>
  <move id="138" source="E7" target="D7"/>
  <move id="139" source="B5" target="B6"/>
  <move id="140" source="D7" target="C7"/>
  <move id="141" source="B6" target="B7"/>
  <move id="142" source="C7" target="B7"/>
  <move id="143" source="B3" target="C3"/>
  <move id="144" source="B7" target="B8"/>
  <move id="145" source="A8" target="A7"/>
  <move id="146" source="E6" target="E7"/>
  <move id="147" source="A7" target="A6"/>
  <move id="148" source="E7" target="A7"/>
  <move id="149" source="A6" target="B6"/>
  <move id="150" source="A7" target="A9"/>
  <move id="151" source="E4" target="A4"/>
  <move id="152" source="B8" target="B7"/>
  <move id="153" source="B6" target="B5"/>
  <move id="154" source="B7" target="B6"/>
  <move id="155" source="B5" target="B4"/>
  <move id="156" source="B6" target="B5"/>
  <move id="157" source="B4" target="C4"/>
  <move id="158" source="B5" target="B4"/>
  <move id="159" source="C4" target="D4"/>
  <move id="160" source="B4" target="C4"/>
  <move id="161" source="D4" target="E4"/>
  <move id="162" source="C4" target="C3"/>
  <move id="163" source="E4" target="D4"/>
  <move id="164" source="C3" target="C4"/>
  <move id="165" source="D4" target="D3"/>
  <move id="166" source="C4" target="C3"/>
  <move id="167" source="D3" target="D4"/>
  <move id="168" source="E5" target="E4"/>
  <move id="169" source="E2" target="E3"/>
  <move id="170" source="E4" target="D4"/>
  <move id="171" source="E3" target="E4"/>
  <move id="172" source="D4" target="E4"/>
  <move id="173" source="E4" target="E5"/>
  <move id="174" source="F5" target="F6"/>
  <move id="175" source="E5" target="E6"/>
  <move id="176" source="C3" target="C4"/>
  <move id="177" source="E6" target="F6"/>
  <move id="178" source="E8" target="F8"/>
  <move id="179" source="F6" target="F7"/>
  <move id="180" source="C4" target="D4"/>
  <move id="181" source="A1" target="A2"/>
  <move id="182" source="D4" target="C4"/>
  <move id="183" source="A4" target="A7"/>
  <move id="184" source="C4" target="B4"/>
  <move id="185" source="A2" target="A3"/>
  <move id="186" source="B4" target="A4"/>
  <move id="187" source="A3" target="B3"/>
  <move id="188" source="A4" target="A5"/>
  <move id="189" source="A7" target="G7"/>
  <move id="190" source="A5" target="B5"/>
  <move id="191" source="F3" target="E3"/>
  <move id="192" source="B5" target="B4"/>
  <move id="193" source="B3" target="C3"/>
  <move id="194" source="B4" target="C4"/>
  <move id="195" source="C3" target="B3"/>
  <move id="196" source="C4" target="D4"/>
  <move id="197" source="B3" target="B4"/>
  <move id="198" source="D4" target="E4"/>
  <move id="199" source="E3" target="D3"/>
  <move id="200" source="I7" target="G7"/>
  <move id="201" source="B4" target="B5"/>
  <move id="202" source="E4" target="E5"/>
  <move id="203" source="B5" target="B6"/>
  <move id="204" source="E5" target="E6"/>
  <move id="205" source="B6" target="B7"/>
  <move id="206" source="E6" target="E7"/>
  <move id="207" source="B7" target="C7"/>
  <move id="208" source="C8" target="D8"/>
  <move id="209" source="C7" target="C8"/>
  <move id="210" source="D8" target="D7"/>
  <move id="211" source="C8" target="D8"/>
  <move id="212" source="D7" target="C7"/>
  <move id="213" source="D3" target="D4"/>
  <move id="214" source="A9" target="A8"/>
  <move id="215" source="D4" target="C4"/>
  <move id="216" source="A8" target="D8"/>
  <move id="217" source="C4" target="B4"/>
  <move id="218" source="C7" target="B7"/>
  <move id="219" source="B4" target="B5"/>
  <move id="220" source="E7" target="E8"/>
  <move id="221" source="D8" target="D9"/>
  <move id="222" source="E9" target="D9"/>
  <move id="223" source="B5" target="B6"/>
  <move id="224" source="B7" target="C7"/>
  <move id="225" source="B6" target="B7"/>
  <move id="226" source="C7" target="D7"/>
  <move id="227" source="B7" target="C7"/>
  <move id="228" source="D7" target="E7"/>
  <move id="229" source="C7" target="D7"/>
  <move id="230" source="E7" target="F7"/>
  <move id="231" source="D7" target="D:"/>
  <player id="1">Player 1</player>
  <player id="2">Player 2</player>
  <result type="1" winner="1"/>
 </game>
</stratego>