<?xml version="1.0" encoding="UTF-8"?>
<stratego>
 <game type="classic">
  
  <field content="DFBEBEHFBMEDHJEJFBGBFILDDICKIBDGEHGDDHDGAA__AA__AAAA__AA__AAPRTVSPUWPRNPQXTROPUTSRVNUPTQNPPQNYNSQSNQ"/>
  <move id="1" source="F4" target="F5"/>
  <move id="2" source="F7" target="F6"/>
  <move id="3" source="F3" target="F4"/>
  <move id="4" source="G7" target="F7"/>
  <move id="5" source="I4" target="I5"/>
  <move id="6" source="I7" target="I6"/>
  <move id="7" source="I3" target="I4"/>
  <move id="8" source="I8" target="I7"/>
  <move id="9" source="B4" target="B5"/>
  <move id="10" source="B7" target="B6"/>
  <move id="11" source="B3" target="B4"/>
  <move id="12" source="C7" target="B7"/>
  <move id="13" source="B5" target="A5"/>
  <move id="14" source="B6" target="A6"/>
  <move id="15" source="B4" target="B5"/>
  <move id="16" source="B7" target="B6"/>
  <move id="17" source="A4" target="B4"/>
  <move id="18" source="B8" target="B7"/>
  <move id="19" source="C3" target="B3"/>
  <move id="20" source="E7" target="E6"/>
  <move id="21" source="C4" target="C3"/>
  <move id="22" source="E6" target="E5"/>
  <move id="23" source="B4" target="A4"/>
  <move id="24" source="F7" target="E7"/>
  <move id="25" source="B3" target="B4"/>
  <move id="26" source="E7" target="E6"/>
  <move id="27" source="B4" target="C4"/>
  <move id="28" source="K7" target="K6"/>
  <move id="29" source="B5" target="B4"/>
  <move id="30" source="K6" target="K5"/>
  <move id="31" source="A5" target="B5"/>
  <move id="32" source="I7" target="K7"/>
  <move id="33" source="A4" target="A6"/>
  <move id="34" source="K7" target="K6"/>
  <move id="35" source="B4" target="A4"/>
  <move id="36" source="B7" target="B8"/>
  <move id="37" source="A4" target="A5"/>
  <move id="38" source="B8" target="B7"/>
  <move id="39" source="A5" target="A6"/>
  <move id="40" source="B6" target="B5"/>
  <move id="41" source="A6" target="A5"/>
  <move id="42" source="B5" target="B6"/>
  <move id="43" source="A5" target="B5"/>
  <move id="44" source="B6" target="A6"/>
  <move id="45" source="B5" target="A5"/>
  <move id="46" source="A6" target="B6"/>
  <move id="47" source="A5" target="A6"/>
  <move id="48" source="B6" target="B5"/>
  <move id="49" source="A6" target="A5"/>
  <move id="50" source="B5" target="B6"/>
  <move id="51" source="B2" target="B3"/>
  <move id="52" source="B7" target="B8"/>
  <move id="53" source="B3" target="B4"/>
  <move id="54" source="B6" target="B7"/>
  <move id="55" source="A5" target="B5"/>
  <move id="56" source="B7" target="C7"/>
  <move id="57" source="B5" target="B6"/>
  <move id="58" source="B8" target="B7"/>
  <move id="59" source="B4" target="B5"/>
  <move id="60" source="C8" target="B8"/>
  <move id="61" source="B6" target="A6"/>
  <move id="62" source="C7" target="C8"/>
  <move id="63" source="B5" target="B6"/>
  <move id="64" source="D7" target="C7"/>
  <move id="65" source="A2" target="B2"/>
  <move id="66" source="B7" target="B6"/>
  <move id="67" source="B2" target="B3"/>
  <move id="68" source="C7" target="B7"/>
  <move id="69" source="B3" target="B4"/>
  <move id="70" source="B7" target="B6"/>
  <move id="71" source="A6" target="A5"/>
  <move id="72" source="B6" target="B5"/>
  <move id="73" source="A5" target="A4"/>
  <move id="74" source="B5" target="A5"/>
  <move id="75" source="C3" target="B3"/>
  <move id="76" source="A7" target="B7"/>
  <move id="77" source="E4" target="E5"/>
  <move id="78" source="B7" target="B4"/>
  <move id="79" source="E3" target="E6"/>
  <move id="80" source="A5" target="A4"/>
  <move id="81" source="B4" target="B5"/>
  <move id="82" source="A4" target="A5"/>
  <move id="83" source="B5" target="B6"/>
  <move id="84" source="C8" target="C7"/>
  <move id="85" source="B6" target="B7"/>
  <move id="86" source="C7" target="B7"/>
  <move id="87" source="C4" target="B4"/>
  <move id="88" source="B7" target="C7"/>
  <move id="89" source="B4" target="B5"/>
  <move id="90" source="A5" target="A6"/>
  <move id="91" source="B5" target="B6"/>
  <move id="92" source="A6" target="A7"/>
  <move id="93" source="B6" target="B7"/>
  <move id="94" source="A7" target="A6"/>
  <move id="95" source="B7" target="B6"/>
  <move id="96" source="A6" target="A7"/>
  <move id="97" source="B6" target="B7"/>
  <move id="98" source="C7" target="D7"/>
  <move id="99" source="B7" target="A7"/>
  <move id="100" source="D7" target="E7"/>
  <move id="101" source="A7" target="A6"/>
  <move id="102" source="I6" target="I7"/>
  <move id="103" source="B3" target="B2"/>
  <move id="104" source="I7" target="K7"/>
  <move id="105" source="F4" target="E4"/>
  <move id="106" source="H7" target="I7"/>
  <move id="107" source="E4" target="E5"/>
  <move id="108" source="I7" target="I6"/>
  <move id="109" source="G4" target="E4"/>
  <move id="110" source="I6" target="I5"/>
  <move id="111" source="H4" target="G4"/>
  <move id="112" source="I5" target="I4"/>
  <move id="113" source="K4" target="K5"/>
  <move id="114" source="I4" target="H4"/>
  <move id="115" source="H3" target="H4"/>
  <move id="116" source="K6" target="K5"/>
  <move id="117" source="G3" target="F3"/>
  <move id="118" source="K5" target="K6"/>
  <move id="119" source="F3" target="F4"/>
  <move id="120" source="E7" target="F7"/>
  <move id="121" source="F2" target="F3"/>
  <move id="122" source="F7" target="G7"/>
  <move id="123" source="F3" target="G3"/>
  <move id="124" source="E6" target="E7"/>
  <move id="125" source="G3" target="H3"/>
  <move id="126" source="E7" target="F7"/>
  <move id="127" source="D3" target="C3"/>
  <move id="128" source="C9" target="C8"/>
  <move id="129" source="C3" target="B3"/>
  <move id="130" source="C8" target="C7"/>
  <move id="131" source="A6" target="B6"/>
  <move id="132" source="C7" target="D7"/>
  <move id="133" source="B3" target="B4"/>
  <move id="134" source="D7" target="E7"/>
  <move id="135" source="B4" target="A4"/>
  <move id="136" source="E7" target="E6"/>
  <move id="137" source="B6" target="B5"/>
  <move id="138" source="E6" target="E5"/>
  <move id="139" source="F5" target="F6"/>
  <move id="140" source="E5" target="E4"/>
  <move id="141" source="F4" target="F3"/>
  <move id="142" source="E4" target="F4"/>
  <move id="143" source="F3" target="E3"/>
  <move id="144" source="F4" target="G4"/>
  <move id="145" source="E3" target="D3"/>
  <move id="146" source="G4" target="G3"/>
  <move id="147" source="D3" target="C3"/>
  <move id="148" source="G3" target="H3"/>
  <move id="149" source="A4" target="A8"/>
  <move id="150" source="K7" target="I7"/>
  <move id="151" source="B5" target="B6"/>
  <move id="152" source="I7" target="I6"/>
  <move id="153" source="B6" target="B7"/>
  <move id="154" source="I6" target="I5"/>
  <move id="155" source="B2" target="B3"/>
  <move id="156" source="I5" target="I4"/>
  <move id="157" source="B3" target="B4"/>
  <move id="158" source="I4" target="H4"/>
  <move id="159" source="B4" target="B5"/>
  <move id="160" source="H4" target="G4"/>
  <move id="161" source="B5" target="B6"/>
  <move id="162" source="G4" target="F4"/>
  <move id="163" source="D4" target="C4"/>
  <move id="164" source="F4" target="E4"/>
  <move id="165" source="D2" target="D3"/>
  <move id="166" source="E4" target="D4"/>
  <move id="167" source="C4" target="B4"/>
  <move id="168" source="D4" target="C4"/>
  <move id="169" source="C3" target="C4"/>
  <move id="170" source="C4" target="B4"/>
  <move id="171" source="B6" target="A6"/>
  <move id="172" source="D8" target="D7"/>
  <move id="173" source="A6" target="A7"/>
  <move id="174" source="D7" target="E7"/>
  <move id="175" source="A7" target="A8"/>
  <move id="176" source="B8" target="A8"/>
  <move id="177" source="B7" target="B8"/>
  <move id="178" source="E7" target="E6"/>
  <move id="179" source="A3" target="B3"/>
  <move id="180" source="E6" target="E5"/>
  <move id="181" source="A1" target="A9"/>
  <move id="182" source="E5" target="E4"/>
  <move id="183" source="B4" target="A4"/>
  <move id="184" source="E4" target="D4"/>
  <move id="185" source="D3" target="E3"/>
  <move id="186" source="D4" target="C4"/>
  <move id="187" source="B3" target="B2"/>
  <move id="188" source="C4" target="B4"/>
  <move id="189" source="A4" target="A5"/>
  <move id="190" source="B4" target="B3"/>
  <move id="191" source="A5" target="A6"/>
  <move id="192" source="B3" target="B2"/>
  <move id="193" source="E3" target="E4"/>
  <move id="194" source="B2" target="B3"/>
  <move id="195" source="E4" target="F4"/>
  <move id="196" source="F7" target="E7"/>
  <move id="197" source="F4" target="G4"/>
  <move id="198" source="B3" target="C3"/>
  <move id="199" source="G4" target="H4"/>
  <move id="200" source="H8" target="I8"/>
  <move id="201" source="H4" target="I4"/>
  <move id="202" source="I8" target="I4"/>
  <move id="203" source="I4" target="I5"/>
  <move id="204" source="E7" target="E6"/>
  <move id="205" source="I5" target="K5"/>
  <move id="206" source="K6" target="I6"/>
  <move id="207" source="K5" target="I5"/>
  <move id="208" source="I6" target="K6"/>
  <move id="209" source="I5" target="I6"/>
  <move id="210" source="K6" target="K5"/>
  <move id="211" source="I6" target="I7"/>
  <move id="212" source="E6" target="E5"/>
  <move id="213" source="I7" target="I8"/>
  <move id="214" source="E5" target="E4"/>
  <move id="215" source="A6" target="A7"/>
  <move id="216" source="E4" target="E3"/>
  <move id="217" source="A7" target="A8"/>
  <move id="218" source="F8" target="F7"/>
  <move id="219" source="A8" target="A9"/>
  <move id="220" source="F7" target="F6"/>
  <move id="221" source="A9" target="A:"/>
  <move id="222" source="F6" target="F5"/>
  <move id="223" source="A:" target="B:"/>
  <move id="224" source="F5" target="F4"/>
  <move id="225" source="B:" target="A:"/>
  <move id="226" source="F4" target="F3"/>
  <move id="227" source="A:" target="A9"/>
  <move id="228" source="F3" target="G3"/>
  <move id="229" source="A9" target="A8"/>
  <move id="230" source="G3" target="H3"/>
  <move id="231" source="B8" target="B7"/>
  <move id="232" source="H3" target="H2"/>
  <move id="233" source="I8" target="I7"/>
  <move id="234" source="F9" target="F1"/>
  <move id="235" source="I7" target="I6"/>
  <move id="236" source="E3" target="F3"/>
  <move id="237" source="I6" target="I5"/>
  <move id="238" source="K5" target="K6"/>
  <move id="239" source="I5" target="I4"/>
  <move id="240" source="F3" target="F2"/>
  <move id="241" source="I4" target="H4"/>
  <move id="242" source="C3" target="D3"/>
  <move id="243" source="H4" target="G4"/>
  <move id="244" source="D3" target="E3"/>
  <move id="245" source="B7" target="B6"/>
  <move id="246" source="E3" target="F3"/>
  <move id="247" source="B6" target="B5"/>
  <move id="248" source="F2" target="F1"/>
  <move id="249" source="B5" target="B4"/>
  <move id="250" source="F1" target="F2"/>
  <move id="251" source="B4" target="C4"/>
  <move id="252" source="F3" target="F4"/>
  <move id="253" source="G4" target="G3"/>
  <move id="254" source="F2" target="F3"/>
  <move id="255" source="C4" target="D4"/>
  <move id="256" source="F3" target="E3"/>
  <move id="257" source="D4" target="D3"/>
  <move id="258" source="E3" target="E4"/>
  <move id="259" source="D3" target="E3"/>
  <move id="260" source="F4" target="G4"/>
  <move id="261" source="G3" target="F3"/>
  <move id="262" source="G4" target="F4"/>
  <move id="263" source="F3" target="G3"/>
  <move id="264" source="E4" target="E5"/>
  <move id="265" source="E3" target="D3"/>
  <move id="266" source="E5" target="E6"/>
  <move id="267" source="D3" target="D4"/>
  <move id="268" source="E6" target="E7"/>
  <move id="269" source="D4" target="C4"/>
  <move id="270" source="E7" target="D7"/>
  <move id="271" source="C4" target="B4"/>
  <move id="272" source="D7" target="C7"/>
  <move id="273" source="B4" target="B5"/>
  <move id="274" source="C7" target="B7"/>
  <move id="275" source="B5" target="B6"/>
  <move id="276" source="B7" target="A7"/>
  <move id="277" source="A8" target="B8"/>
  <move id="278" source="K6" target="I6"/>
  <move id="279" source="B6" target="B7"/>
  <move id="280" source="A7" target="A8"/>
  <move id="281" source="B8" target="C8"/>
  <move id="282" source="E8" target="D8"/>
  <move id="283" source="C8" target="C7"/>
  <move id="284" source="D8" target="D7"/>
  <move id="285" source="C7" target="C8"/>
  <move id="286" source="D7" target="D8"/>
  <move id="287" source="C8" target="B8"/>
  <move id="288" source="D8" target="C8"/>
  <move id="289" source="G3" target="H3"/>
  <move id="290" source="F4" target="G4"/>
  <move id="291" source="H3" target="I3"/>
  <move id="292" source="G4" target="H4"/>
  <move id="293" source="D1" target="D2"/>
  <move id="294" source="E9" target="E8"/>
  <move id="295" source="D2" target="D3"/>
  <move id="296" source="E8" target="E7"/>
  <move id="297" source="D3" target="D4"/>
  <move id="298" source="E7" target="E6"/>
  <move id="299" source="D4" target="C4"/>
  <move id="300" source="E6" target="E5"/>
  <move id="301" source="C4" target="B4"/>
  <move id="302" source="E5" target="E4"/>
  <move id="303" source="B4" target="B5"/>
  <move id="304" source="E4" target="D4"/>
  <move id="305" source="B5" target="B6"/>
  <move id="306" source="D4" target="D3"/>
  <move id="307" source="B7" target="C7"/>
  <move id="308" source="C8" target="D8"/>
  <move id="309" source="B8" target="C8"/>
  <move id="310" source="D8" target="C8"/>
  <move id="311" source="C7" target="B7"/>
  <move id="312" source="G7" target="F7"/>
  <move id="313" source="B7" target="B8"/>
  <move id="314" source="A8" target="A7"/>
  <move id="315" source="B6" target="B7"/>
  <move id="316" source="F7" target="E7"/>
  <move id="317" source="B7" target="C7"/>
  <move id="318" source="E7" target="D7"/>
  <move id="319" source="C7" target="C8"/>
  <move id="320" source="D7" target="D8"/>
  <move id="321" source="C8" target="C9"/>
  <move id="322" source="B9" target="C9"/>
  <move id="323" source="B8" target="B9"/>
  <move id="324" source="C9" target="C8"/>
  <move id="325" source="B9" target="B8"/>
  <move id="326" source="C8" target="C9"/>
  <move id="327" source="B8" target="B7"/>
  <move id="328" source="A7" target="A6"/>
  <move id="329" source="B7" target="B6"/>
  <move id="330" source="A6" target="A5"/>
  <move id="331" source="B6" target="B5"/>
  <move id="332" source="A5" target="A6"/>
  <move id="333" source="B5" target="B6"/>
  <move id="334" source="A6" target="A5"/>
  <move id="335" source="B6" target="B7"/>
  <move id="336" source="D8" target="E8"/>
  <move id="337" source="B7" target="C7"/>
  <move id="338" source="C9" target="B9"/>
  <move id="339" source="C7" target="C8"/>
  <move id="340" source="E8" target="E7"/>
  <move id="341" source="C8" target="B8"/>
  <move id="342" source="B9" target="C9"/>
  <move id="343" source="B8" target="B9"/>
  <move id="344" source="C9" target="C8"/>
  <move id="345" source="B9" target="B8"/>
  <move id="346" source="C8" target="C9"/>
  <move id="347" source="B8" target="B7"/>
  <move id="348" source="G8" target="F8"/>
  <move id="349" source="B7" target="C7"/>
  <move id="350" source="F8" target="E8"/>
  <move id="351" source="C7" target="B7"/>
  <move id="352" source="E8" target="D8"/>
  <move id="353" source="B7" target="B6"/>
  <move id="354" source="D8" target="C8"/>
  <move id="355" source="B6" target="B5"/>
  <move id="356" source="A5" target="A6"/>
  <move id="357" source="B5" target="B4"/>
  <move id="358" source="C8" target="C7"/>
  <move id="359" source="B4" target="C4"/>
  <move id="360" source="H9" target="H8"/>
  <move id="361" source="C2" target="C3"/>
  <move id="362" source="A6" target="A5"/>
  <move id="363" source="C3" target="D3"/>
  <move id="364" source="H8" target="H7"/>
  <move id="365" source="C4" target="D4"/>
  <move id="366" source="D3" target="C3"/>
  <move id="367" source="D4" target="D3"/>
  <move id="368" source="C3" target="C4"/>
  <move id="369" source="D3" target="D4"/>
  <move id="370" source="C4" target="C3"/>
  <move id="371" source="D4" target="C4"/>
  <move id="372" source="C3" target="D3"/>
  <move id="373" source="C4" target="D4"/>
  <move id="374" source="D3" target="C3"/>
  <move id="375" source="D4" target="E4"/>
  <move id="376" source="H7" target="G7"/>
  <move id="377" source="E4" target="E5"/>
  <move id="378" source="C7" target="D7"/>
  <move id="379" source="E5" target="E4"/>
  <move id="380" source="G7" target="F7"/>
  <move id="381" source="E4" target="D4"/>
  <move id="382" source="F7" target="F6"/>
  <move id="383" source="D4" target="D3"/>
  <move id="384" source="C3" target="C4"/>
  <move id="385" source="D3" target="D4"/>
  <move id="386" source="C4" target="C3"/>
  <move id="387" source="D4" target="E4"/>
  <move id="388" source="F6" target="F5"/>
  <move id="389" source="E4" target="E3"/>
  <move id="390" source="C3" target="C4"/>
  <move id="391" source="E3" target="D3"/>
  <move id="392" source="F5" target="F4"/>
  <move id="393" source="D3" target="C3"/>
  <move id="394" source="C4" target="D4"/>
  <move id="395" source="C3" target="C4"/>
  <move id="396" source="D4" target="D3"/>
  <move id="397" source="C4" target="C3"/>
  <move id="398" source="D3" target="D4"/>
  <move id="399" source="C3" target="D3"/>
  <move id="400" source="D4" target="C4"/>
  <move id="401" source="D3" target="E3"/>
  <move id="402" source="F4" target="G4"/>
  <move id="403" source="E3" target="F3"/>
  <move id="404" source="E7" target="E6"/>
  <move id="405" source="G2" target="G3"/>
  <move id="406" source="H4" target="H3"/>
  <move id="407" source="I3" target="I4"/>
  <move id="408" source="H3" target="G3"/>
  <move id="409" source="F3" target="E3"/>
  <move id="410" source="G3" target="H3"/>
  <move id="411" source="I4" target="I5"/>
  <move id="412" source="I6" target="I7"/>
  <move id="413" source="I5" target="I6"/>
  <move id="414" source="I7" target="I8"/>
  <move id="415" source="I6" target="I7"/>
  <move id="416" source="I8" target="H8"/>
  <move id="417" source="I7" target="H7"/>
  <move id="418" source="H8" target="I8"/>
  <move id="419" source="H7" target="I7"/>
  <move id="420" source="I8" target="H8"/>
  <move id="421" source="I7" target="H7"/>
  <move id="422" source="H8" target="G8"/>
  <move id="423" source="H7" target="G7"/>
  <move id="424" source="G8" target="H8"/>
  <move id="425" source="G7" target="H7"/>
  <move id="426" source="H8" target="I8"/>
  <move id="427" source="H7" target="G7"/>
  <move id="428" source="H3" target="G3"/>
  <move id="429" source="G7" target="F7"/>
  <move id="430" source="G3" target="F3"/>
  <move id="431" source="E3" target="D3"/>
  <move id="432" source="F3" target="E3"/>
  <move id="433" source="D3" target="C3"/>
  <move id="434" source="C4" target="D4"/>
  <move id="435" source="F7" target="E7"/>
  <move id="436" source="E3" target="D3"/>
  <move id="437" source="C3" target="C4"/>
  <move id="438" source="D7" target="D8"/>
  <move id="439" source="E7" target="E6"/>
  <move id="440" source="D4" target="E4"/>
  <move id="441" source="E6" target="E7"/>
  <move id="442" source="E4" target="F4"/>
  <move id="443" source="E7" target="D7"/>
  <move id="444" source="D8" target="C8"/>
  <move id="445" source="D7" target="D8"/>
  <move id="446" source="C8" target="C7"/>
  <move id="447" source="D8" target="C8"/>
  <move id="448" source="C7" target="D7"/>
  <move id="449" source="C8" target="C9"/>
  <move id="450" source="G4" target="H4"/>
  <move id="451" source="C9" target="C8"/>
  <move id="452" source="F4" target="G4"/>
  <move id="453" source="C8" target="C7"/>
  <move id="454" source="D7" target="D8"/>
  <move id="455" source="C7" target="D7"/>
  <move id="456" source="D8" target="C8"/>
  <move id="457" source="D7" target="D8"/>
  <move id="458" source="C8" target="C7"/>
  <move id="459" source="C4" target="B4"/>
  <move id="460" source="D3" target="C3"/>
  <move id="461" source="D8" target="D7"/>
  <move id="462" source="C7" target="C8"/>
  <move id="463" source="D7" target="C7"/>
  <move id="464" source="C8" target="B8"/>
  <move id="465" source="C7" target="B7"/>
  <move id="466" source="B8" target="C8"/>
  <move id="467" source="B7" target="B6"/>
  <move id="468" source="C3" target="B3"/>
  <move id="469" source="B4" target="A4"/>
  <move id="470" source="B3" target="B4"/>
  <move id="471" source="A4" target="A5"/>
  <move id="472" source="B4" target="B5"/>
  <move id="473" source="A5" target="B5"/>
  <move id="474" source="G4" target="G3"/>
  <move id="475" source="B6" target="B5"/>
  <move id="476" source="H4" target="H3"/>
  <move id="477" source="B5" target="B4"/>
  <move id="478" source="G3" target="G2"/>
  <move id="479" source="B4" target="C4"/>
  <move id="480" source="H3" target="H2"/>
  <move id="481" source="H1" target="H2"/>
  <move id="482" source="G2" target="H2"/>
  <move id="483" source="C4" target="D4"/>
  <move id="484" source="H2" target="G2"/>
  <move id="485" source="D4" target="E4"/>
  <move id="486" source="G2" target="G3"/>
  <move id="487" source="E4" target="F4"/>
  <move id="488" source="C8" target="C7"/>
  <move id="489" source="F4" target="F3"/>
  <move id="490" source="G3" target="G4"/>
  <move id="491" source="F3" target="G3"/>
  <move id="492" source="G4" target="F4"/>
  <move id="493" source="G3" target="F3"/>
  <move id="494" source="F4" target="E4"/>
  <move id="495" source="F3" target="E3"/>
  <move id="496" source="E4" target="D4"/>
  <move id="497" source="E3" target="E4"/>
  <move id="498" source="D4" target="D3"/>
  <move id="499" source="E4" target="E5"/>
  <move id="500" source="I8" target="I7"/>
  <move id="501" source="E5" target="F5"/>
  <move id="502" source="I7" target="I6"/>
  <move id="503" source="F5" target="F4"/>
  <move id="504" source="I6" target="I5"/>
  <move id="505" source="F4" target="G4"/>
  <move id="506" source="I5" target="K5"/>
  <move id="507" source="G4" target="H4"/>
  <move id="508" source="K8" target="I8"/>
  <move id="509" source="H4" target="I4"/>
  <move id="510" source="I8" target="H8"/>
  <move id="511" source="I4" target="K4"/>
  <move id="512" source="K5" target="I5"/>
  <move id="513" source="K4" target="K5"/>
  <move id="514" source="I5" target="I4"/>
  <move id="515" source="K5" target="K4"/>
  <move id="516" source="I4" target="I5"/>
  <move id="517" source="K4" target="I4"/>
  <move id="518" source="I5" target="K5"/>
  <move id="519" source="I4" target="I3"/>
  <move id="520" source="H8" target="G8"/>
  <move id="521" source="I3" target="I4"/>
  <move id="522" source="G8" target="G7"/>
  <move id="523" source="I4" target="H4"/>
  <move id="524" source="G7" target="F7"/>
  <move id="525" source="H4" target="G4"/>
  <move id="526" source="F7" target="G7"/>
  <move id="527" source="G4" target="F4"/>
  <move id="528" source="C7" target="B7"/>
  <move id="529" source="F4" target="F5"/>
  <move id="530" source="B7" target="B6"/>
  <move id="531" source="F5" target="F6"/>
  <move id="532" source="G7" target="G8"/>
  <move id="533" source="F6" target="F7"/>
  <move id="534" source="B6" target="B5"/>
  <move id="535" source="F7" target="G7"/>
  <move id="536" source="G8" target="F8"/>
  <move id="537" source="G7" target="H7"/>
  <move id="538" source="B5" target="B4"/>
  <move id="539" source="H7" target="I7"/>
  <move id="540" source="B4" target="B3"/>
  <move id="541" source="I7" target="I6"/>
  <move id="542" source="D3" target="C3"/>
  <move id="543" source="I6" target="K6"/>
  <move id="544" source="K5" target="I5"/>
  <move id="545" source="K6" target="I6"/>
  <move id="546" source="I5" target="K5"/>
  <move id="547" source="I6" target="I5"/>
  <move id="548" source="K5" target="K6"/>
  <move id="549" source="I5" target="I4"/>
  <move id="550" source="C3" target="C2"/>
  <move id="551" source="I4" target="H4"/>
  <move id="552" source="B3" target="B2"/>
  <move id="553" source="H4" target="G4"/>
  <move id="554" source="B2" target="B1"/>
  <move id="555" source="G4" target="F4"/>
  <move id="556" source="C2" target="B2"/>
  <move id="557" source="B1" target="A1"/>
  <move id="558" source="B2" target="A2"/>
  <move id="559" source="F4" target="F5"/>
  <move id="560" source="A2" target="A1"/>
  <move id="561" source="F5" target="F6"/>
  <move id="562" source="F8" target="E8"/>
  <move id="563" source="F6" target="F7"/>
  <move id="564" source="A1" target="A2"/>
  <move id="565" source="F7" target="E7"/>
  <move id="566" source="E8" target="F8"/>
  <move id="567" source="E7" target="E8"/>
  <move id="568" source="F8" target="F7"/>
  <move id="569" source="E8" target="E7"/>
  <move id="570" source="F7" target="F6"/>
  <move id="571" source="E7" target="E6"/>
  <move id="572" source="F6" target="F5"/>
  <move id="573" source="E6" target="E5"/>
  <move id="574" source="F5" target="F4"/>
  <move id="575" source="E5" target="E4"/>
  <move id="576" source="F4" target="F3"/>
  <move id="577" source="E4" target="E3"/>
  <move id="578" source="F3" target="F4"/>
  <move id="579" source="E3" target="E4"/>
  <move id="580" source="F4" target="F5"/>
  <move id="581" source="E4" target="F4"/>
  <move id="582" source="F5" target="E5"/>
  <move id="583" source="F4" target="F5"/>
  <move id="584" source="E5" target="E4"/>
  <move id="585" source="F5" target="F4"/>
  <move id="586" source="E4" target="E5"/>
  <move id="587" source="F4" target="F5"/>
  <move id="588" source="E5" target="E4"/>
  <move id="589" source="F5" target="E5"/>
  <move id="590" source="E4" target="F4"/>
  <move id="591" source="E5" target="E6"/>
  <move id="592" source="A2" target="B2"/>
  <move id="593" source="E6" target="F6"/>
  <move id="594" source="F4" target="E4"/>
  <move id="595" source="F6" target="F7"/>
  <move id="596" source="K9" target="K8"/>
  <move id="597" source="F7" target="G7"/>
  <move id="598" source="K8" target="F8"/>
  <move id="599" source="G7" target="F7"/>
  <move id="600" source="F8" target="B8"/>
  <move id="601" source="F7" target="E7"/>
  <move id="602" source="E4" target="F4"/>
  <move id="603" source="E7" target="E6"/>
  <move id="604" source="B8" target="B3"/>
  <move id="605" source="E6" target="E5"/>
  <move id="606" source="B3" target="D3"/>
  <move id="607" source="E5" target="E4"/>
  <move id="608" source="F4" target="F5"/>
  <move id="609" source="E4" target="F4"/>
  <move id="610" source="F5" target="E5"/>
  <move id="611" source="F4" target="E4"/>
  <move id="612" source="E5" target="F5"/>
  <move id="613" source="E4" target="F4"/>
  <move id="614" source="F5" target="E5"/>
  <move id="615" source="F4" target="F5"/>
  <move id="616" source="E5" target="E6"/>
  <move id="617" source="F5" target="F6"/>
  <move id="618" source="E6" target="E5"/>
  <move id="619" source="F6" target="F7"/>
  <move id="620" source="B2" target="C2"/>
  <move id="621" source="F7" target="F6"/>
  <move id="622" source="D3" target="D1"/>
  <move id="623" source="F6" target="F5"/>
  <move id="624" source="E5" target="E6"/>
  <move id="625" source="F5" target="F4"/>
  <move id="626" source="D1" target="E1"/>
  <move id="627" source="F4" target="E4"/>
  <move id="628" source="E6" target="F6"/>
  <move id="629" source="E4" target="E3"/>
  <move id="630" source="K:" target="K9"/>
  <move id="631" source="E3" target="F3"/>
  <move id="632" source="K9" target="K8"/>
  <move id="633" source="F3" target="F4"/>
  <move id="634" source="F6" target="E6"/>
  <move id="635" source="F4" target="G4"/>
  <move id="636" source="K8" target="I8"/>
  <move id="637" source="G4" target="H4"/>
  <move id="638" source="I8" target="H8"/>
  <move id="639" source="H4" target="I4"/>
  <move id="640" source="H8" target="G8"/>
  <move id="641" source="I4" target="I5"/>
  <move id="642" source="G8" target="F8"/>
  <move id="643" source="I5" target="I6"/>
  <move id="644" source="K6" target="K5"/>
  <move id="645" source="I6" target="I5"/>
  <move id="646" source="K5" target="K6"/>
  <move id="647" source="I5" target="I4"/>
  <move id="648" source="F8" target="F7"/>
  <move id="649" source="I4" target="H4"/>
  <move id="650" source="F7" target="F6"/>
  <move id="651" source="H4" target="G4"/>
  <move id="652" source="E6" target="E7"/>
  <move id="653" source="G4" target="F4"/>
  <move id="654" source="F6" target="F7"/>
  <move id="655" source="F4" target="F5"/>
  <move id="656" source="F7" target="F8"/>
  <move id="657" source="F5" target="F6"/>
  <move id="658" source="E7" target="D7"/>
  <move id="659" source="F6" target="F7"/>
  <move id="660" source="F8" target="G8"/>
  <move id="661" source="F7" target="G7"/>
  <move id="662" source="G8" target="F8"/>
  <move id="663" source="G7" target="F7"/>
  <move id="664" source="F8" target="G8"/>
  <move id="665" source="F7" target="G7"/>
  <move id="666" source="G8" target="H8"/>
  <move id="667" source="G7" target="H7"/>
  <move id="668" source="H8" target="G8"/>
  <move id="669" source="H7" target="G7"/>
  <move id="670" source="G8" target="F8"/>
  <move id="671" source="G7" target="G8"/>
  <move id="672" source="F8" target="F7"/>
  <move id="673" source="G8" target="F8"/>
  <move id="674" source="F7" target="F6"/>
  <move id="675" source="F8" target="F7"/>
  <move id="676" source="F6" target="F5"/>
  <move id="677" source="F7" target="F6"/>
  <move id="678" source="F5" target="F4"/>
  <move id="679" source="F6" target="F5"/>
  <move id="680" source="F4" target="F3"/>
  <move id="681" source="F5" target="F4"/>
  <move id="682" source="F3" target="F2"/>
  <move id="683" source="F4" target="F3"/>
  <move id="684" source="F2" target="F1"/>
  <move id="685" source="G1" target="F1"/>
  <move id="686" source="K6" target="K5"/>
  <move id="687" source="F1" target="G1"/>
  <move id="688" source="K5" target="K4"/>
  <move id="689" source="G1" target="G2"/>
  <move id="690" source="K4" target="I4"/>
  <move id="691" source="G2" target="H2"/>
  <move id="692" source="I4" target="H4"/>
  <move id="693" source="F3" target="G3"/>
  <move id="694" source="C2" target="C3"/>
  <move id="695" source="H2" target="H3"/>
  <move id="696" source="C3" target="D3"/>
  <move id="697" source="H3" target="H4"/>
  <move id="698" source="H4" target="I4"/>
  <move id="699" source="G3" target="H3"/>
  <move id="700" source="I4" target="K4"/>
  <move id="701" source="H3" target="I3"/>
  <move id="702" source="K4" target="K5"/>
  <move id="703" source="I3" target="I4"/>
  <move id="704" source="F:" target="F9"/>
  <move id="705" source="I4" target="H4"/>
  <move id="706" source="F9" target="F8"/>
  <move id="707" source="H4" target="G4"/>
  <move id="708" source="F8" target="G8"/>
  <move id="709" source="G4" target="F4"/>
  <move id="710" source="G8" target="G7"/>
  <move id="711" source="F4" target="G4"/>
  <move id="712" source="G7" target="F7"/>
  <move id="713" source="G4" target="F4"/>
  <move id="714" source="F7" target="G7"/>
  <move id="715" source="F4" target="F3"/>
  <move id="716" source="D3" target="D4"/>
  <move id="717" source="F3" target="E3"/>
  <move id="718" source="G7" target="F7"/>
  <move id="719" source="E3" target="E4"/>
  <move id="720" source="F7" target="F6"/>
  <move id="721" source="E4" target="F4"/>
  <move id="722" source="F6" target="F7"/>
  <move id="723" source="F4" target="F5"/>
  <move id="724" source="F7" target="G7"/>
  <move id="725" source="F5" target="F4"/>
  <move id="726" source="D4" target="D3"/>
  <move id="727" source="F4" target="G4"/>
  <move id="728" source="G7" target="H7"/>
  <move id="729" source="G4" target="H4"/>
  <move id="730" source="H:" target="H9"/>
  <move id="731" source="H4" target="I4"/>
  <move id="732" source="H9" target="H8"/>
  <move id="733" source="I4" target="I5"/>
  <move id="734" source="K5" target="K4"/>
  <move id="735" source="I5" target="I6"/>
  <move id="736" source="H7" target="G7"/>
  <move id="737" source="I6" target="I5"/>
  <move id="738" source="G7" target="F7"/>
  <move id="739" source="I5" target="I4"/>
  <move id="740" source="K4" target="K5"/>
  <move id="741" source="I4" target="H4"/>
  <move id="742" source="F7" target="F6"/>
  <move id="743" source="H4" target="G4"/>
  <move id="744" source="F6" target="E6"/>
  <move id="745" source="G4" target="F4"/>
  <move id="746" source="H8" target="I8"/>
  <move id="747" source="F4" target="F5"/>
  <move id="748" source="I8" target="I7"/>
  <move id="749" source="F5" target="E5"/>
  <move id="750" source="E6" target="F6"/>
  <move id="751" source="E5" target="F5"/>
  <move id="752" source="F6" target="E6"/>
  <move id="753" source="F5" target="F4"/>
  <move id="754" source="I7" target="I6"/>
  <move id="755" source="F4" target="G4"/>
  <move id="756" source="E6" target="E5"/>
  <move id="757" source="G4" target="H4"/>
  <move id="758" source="K5" target="K6"/>
  <move id="759" source="H4" target="I4"/>
  <move id="760" source="I6" target="I7"/>
  <move id="761" source="I4" target="I5"/>
  <move id="762" source="I7" target="H7"/>
  <move id="763" source="I5" target="I6"/>
  <move id="764" source="K6" target="K5"/>
  <move id="765" source="I6" target="I5"/>
  <move id="766" source="K5" target="K4"/>
  <move id="767" source="I5" target="I4"/>
  <move id="768" source="K4" target="K5"/>
  <move id="769" source="I4" target="H4"/>
  <move id="770" source="E5" target="E4"/>
  <move id="771" source="H4" target="G4"/>
  <move id="772" source="E4" target="E3"/>
  <move id="773" source="E2" target="F2"/>
  <move id="774" source="E3" target="E2"/>
  <move id="775" source="F2" target="E2"/>
  <move id="776" source="E2" target="F2"/>
  <move id="777" source="G4" target="H4"/>
  <move id="778" source="F2" target="G2"/>
  <move id="779" source="H4" target="H3"/>
  <move id="780" source="G2" target="G1"/>
  <move id="781" source="H3" target="H2"/>
  <move id="782" source="H7" target="I7"/>
  <move id="783" source="H2" target="G2"/>
  <move id="784" source="G1" target="H1"/>
  <move id="785" source="G2" target="H2"/>
  <move id="786" source="H1" target="I1"/>
  <move id="787" source="H2" target="H3"/>
  <move id="788" source="I7" target="I6"/>
  <move id="789" source="H3" target="H4"/>
  <move id="790" source="K5" target="K6"/>
  <move id="791" source="H4" target="I4"/>
  <move id="792" source="I6" target="I7"/>
  <move id="793" source="I4" target="I5"/>
  <move id="794" source="I7" target="H7"/>
  <move id="795" source="I5" target="I6"/>
  <move id="796" source="K6" target="K5"/>
  <move id="797" source="I6" target="I7"/>
  <move id="798" source="H7" target="G7"/>
  <move id="799" source="I7" target="H7"/>
  <move id="800" source="G7" target="F7"/>
  <move id="801" source="H7" target="G7"/>
  <move id="802" source="F7" target="F6"/>
  <move id="803" source="G7" target="F7"/>
  <move id="804" source="F6" target="F5"/>
  <move id="805" source="F7" target="F6"/>
  <move id="806" source="F5" target="F4"/>
  <move id="807" source="F6" target="F5"/>
  <move id="808" source="F4" target="F3"/>
  <move id="809" source="F5" target="F4"/>
  <move id="810" source="F3" target="G3"/>
  <move id="811" source="F4" target="F3"/>
  <move id="812" source="G3" target="H3"/>
  <move id="813" source="F3" target="G3"/>
  <move id="814" source="H3" target="H2"/>
  <move id="815" source="I2" target="H2"/>
  <move id="816" source="G9" target="G8"/>
  <move id="817" source="G3" target="H3"/>
  <move id="818" source="G8" target="G7"/>
  <move id="819" source="H3" target="H4"/>
  <move id="820" source="G7" target="F7"/>
  <move id="821" source="H4" target="G4"/>
  <move id="822" source="D7" target="C7"/>
  <move id="823" source="G4" target="F4"/>
  <move id="824" source="C7" target="B7"/>
  <move id="825" source="F4" target="F5"/>
  <move id="826" source="F7" target="G7"/>
  <move id="827" source="F5" target="F4"/>
  <move id="828" source="G7" target="H7"/>
  <move id="829" source="F4" target="G4"/>
  <move id="830" source="K5" target="K6"/>
  <move id="831" source="G4" target="H4"/>
  <move id="832" source="K6" target="K7"/>
  <move id="833" source="H4" target="I4"/>
  <move id="834" source="K7" target="K8"/>
  <move id="835" source="I4" target="I5"/>
  <move id="836" source="H7" target="G7"/>
  <move id="837" source="I5" target="I6"/>
  <move id="838" source="G7" target="F7"/>
  <move id="839" source="I6" target="I5"/>
  <move id="840" source="F7" target="F6"/>
  <move id="841" source="I5" target="I4"/>
  <move id="842" source="F6" target="F5"/>
  <move id="843" source="I4" target="H4"/>
  <move id="844" source="F5" target="F4"/>
  <move id="845" source="H4" target="G4"/>
  <move id="846" source="F4" target="F3"/>
  <move id="847" source="G4" target="G3"/>
  <move id="848" source="F3" target="F2"/>
  <move id="849" source="G3" target="G2"/>
  <move id="850" source="F2" target="F1"/>
  <move id="851" source="G2" target="G1"/>
  <move id="852" source="F1" target="F2"/>
  <move id="853" source="G1" target="G2"/>
  <move id="854" source="F2" target="F3"/>
  <move id="855" source="G2" target="H2"/>
  <move id="856" source="F3" target="G3"/>
  <move id="857" source="H2" target="H3"/>
  <move id="858" source="G3" target="G2"/>
  <move id="859" source="H3" target="H2"/>
  <move id="860" source="G2" target="G3"/>
  <move id="861" source="H2" target="H3"/>
  <move id="862" source="G3" target="G2"/>
  <move id="863" source="H3" target="I3"/>
  <move id="864" source="G2" target="H2"/>
  <move id="865" source="I3" target="I2"/>
  <move id="866" source="H2" target="H3"/>
  <move id="867" source="I2" target="I3"/>
  <move id="868" source="H3" target="G3"/>
  <move id="869" source="I3" target="I2"/>
  <move id="870" source="G:" target="G9"/>
  <move id="871" source="I2" target="H2"/>
  <move id="872" source="G9" target="G8"/>
  <move id="873" source="H2" target="H3"/>
  <move id="874" source="G3" target="G2"/>
  <move id="875" source="H3" target="H2"/>
  <move id="876" source="G2" target="G1"/>
  <move id="877" source="H2" target="H1"/>
  <move id="878" source="G1" target="F1"/>
  <move id="879" source="H1" target="G1"/>
  <move id="880" source="F1" target="F2"/>
  <move id="881" source="G1" target="G2"/>
  <move id="882" source="F2" target="F3"/>
  <move id="883" source="G2" target="G3"/>
  <move id="884" source="F3" target="F4"/>
  <move id="885" source="G3" target="F3"/>
  <move id="886" source="F4" target="F5"/>
  <move id="887" source="F3" target="F4"/>
  <move id="888" source="F5" target="F6"/>
  <move id="889" source="F4" target="F5"/>
  <move id="890" source="F6" target="E6"/>
  <move id="891" source="F5" target="F6"/>
  <move id="892" source="E6" target="E7"/>
  <move id="893" source="F6" target="F7"/>
  <move id="894" source="E7" target="D7"/>
  <move id="895" source="F7" target="G7"/>
  <move id="896" source="G8" target="F8"/>
  <move id="897" source="G7" target="F7"/>
  <move id="898" source="F8" target="G8"/>
  <move id="899" source="F7" target="G7"/>
  <move id="900" source="G8" target="F8"/>
  <move id="901" source="G7" target="H7"/>
  <move id="902" source="F8" target="F7"/>
  <move id="903" source="H7" target="I7"/>
  <move id="904" source="F7" target="F6"/>
  <move id="905" source="I7" target="I6"/>
  <move id="906" source="F6" target="F5"/>
  <move id="907" source="I6" target="I5"/>
  <move id="908" source="F5" target="F4"/>
  <move id="909" source="I5" target="I4"/>
  <move id="910" source="F4" target="F3"/>
  <move id="911" source="I4" target="I3"/>
  <move id="912" source="F3" target="F2"/>
  <move id="913" source="I3" target="H3"/>
  <move id="914" source="F2" target="F1"/>
  <move id="915" source="H3" target="H2"/>
  <move id="916" source="F1" target="E1"/>
  <move id="917" source="H2" target="G2"/>
  <move id="918" source="E1" target="D1"/>
  <move id="919" source="G2" target="F2"/>
  <move id="920" source="D1" target="C1"/>
  <move id="921" source="F2" target="E2"/>
  <move id="922" source="D3" target="D4"/>
  <move id="923" source="E2" target="D2"/>
  <move id="924" source="D4" target="E4"/>
  <move id="925" source="D2" target="D1"/>
  <move id="926" source="C1" target="C2"/>
  <move id="927" source="D1" target="D2"/>
  <move id="928" source="C2" target="C1"/>
  <move id="929" source="D2" target="D1"/>
  <move id="930" source="C1" target="C2"/>
  <move id="931" source="D1" target="E1"/>
  <move id="932" source="C2" target="D2"/>
  <move id="933" source="E1" target="E2"/>
  <move id="934" source="D2" target="D1"/>
  <move id="935" source="E2" target="E1"/>
  <move id="936" source="D1" target="D2"/>
  <move id="937" source="E1" target="E2"/>
  <move id="938" source="D2" target="D1"/>
  <move id="939" source="E2" target="F2"/>
  <move id="940" source="D1" target="E1"/>
  <move id="941" source="F2" target="G2"/>
  <move id="942" source="E1" target="F1"/>
  <move id="943" source="G2" target="G1"/>
  <move id="944" source="F1" target="F2"/>
  <move id="945" source="G1" target="F1"/>
  <move id="946" source="F2" target="G2"/>
  <move id="947" source="F1" target="F2"/>
  <move id="948" source="G2" target="H2"/>
  <move id="949" source="F2" target="G2"/>
  <move id="950" source="H2" target="I2"/>
  <move id="951" source="G2" target="H2"/>
  <move id="952" source="I2" target="I1"/>
  <player id="1">Player 1</player>
  <player id="2">Player 2</player>
  <result type="3" winner="2"/>
 </game>
</stratego>