<?xml version="1.0" encoding="UTF-8"?>
<stratego>
 <game type="classic">
  
  <field content="HHMBIGDDDDEEBCJDDHDGKLEJFGDFBHIIEEBBFGBFAA__AA__AAAA__AA__AATPSPPRXSPTRPQWTUTVPSRUQVOPUQQRNSPNNNYNQN"/>
  <move id="1" source="A4" target="A5"/>
  <move id="2" source="F7" target="F6"/>
  <move id="3" source="A5" target="A6"/>
  <move id="4" source="F8" target="F7"/>
  <move id="5" source="A6" target="A7"/>
  <move id="6" source="B7" target="B4"/>
  <move id="7" source="A7" target="A8"/>
  <move id="8" source="B8" target="B7"/>
  <move id="9" source="A8" target="A9"/>
  <move id="10" source="B7" target="A7"/>
  <move id="11" source="A9" target="A:"/>
  <move id="12" source="A7" target="A3"/>
  <move id="13" source="B4" target="A4"/>
  <move id="14" source="C8" target="B8"/>
  <move id="15" source="B3" target="B4"/>
  <move id="16" source="B8" target="B7"/>
  <move id="17" source="B4" target="B5"/>
  <move id="18" source="B7" target="B6"/>
  <move id="19" source="B5" target="B6"/>
  <move id="20" source="E7" target="E4"/>
  <move id="21" source="B6" target="B7"/>
  <move id="22" source="E8" target="F8"/>
  <move id="23" source="B7" target="B8"/>
  <move id="24" source="D7" target="E7"/>
  <move id="25" source="C4" target="B4"/>
  <move id="26" source="E7" target="E6"/>
  <move id="27" source="B4" target="B5"/>
  <move id="28" source="E6" target="E5"/>
  <move id="29" source="B5" target="A5"/>
  <move id="30" source="E5" target="F5"/>
  <move id="31" source="A5" target="A6"/>
  <move id="32" source="F5" target="F4"/>
  <move id="33" source="A6" target="A7"/>
  <move id="34" source="F6" target="F5"/>
  <move id="35" source="A7" target="A8"/>
  <move id="36" source="F7" target="F6"/>
  <move id="37" source="A8" target="A9"/>
  <move id="38" source="F8" target="F7"/>
  <move id="39" source="A9" target="B9"/>
  <move id="40" source="B9" target="A9"/>
  <move id="41" source="B8" target="A8"/>
  <move id="42" source="C7" target="B7"/>
  <move id="43" source="A8" target="A9"/>
  <move id="44" source="B7" target="B6"/>
  <move id="45" source="A3" target="B3"/>
  <move id="46" source="B6" target="B5"/>
  <move id="47" source="B3" target="B4"/>
  <move id="48" source="C9" target="C8"/>
  <move id="49" source="B4" target="B5"/>
  <move id="50" source="C8" target="C7"/>
  <move id="51" source="A9" target="A8"/>
  <move id="52" source="C7" target="D7"/>
  <move id="53" source="A8" target="B8"/>
  <move id="54" source="D7" target="E7"/>
  <move id="55" source="A4" target="A5"/>
  <move id="56" source="E7" target="E6"/>
  <move id="57" source="A5" target="A6"/>
  <move id="58" source="E6" target="E5"/>
  <move id="59" source="A6" target="A7"/>
  <move id="60" source="E5" target="E4"/>
  <move id="61" source="E3" target="E4"/>
  <move id="62" source="F6" target="E6"/>
  <move id="63" source="C3" target="C4"/>
  <move id="64" source="E6" target="E5"/>
  <move id="65" source="D3" target="C3"/>
  <move id="66" source="E5" target="E4"/>
  <move id="67" source="C3" target="D3"/>
  <move id="68" source="E4" target="E5"/>
  <move id="69" source="A7" target="A8"/>
  <move id="70" source="E5" target="E6"/>
  <move id="71" source="A8" target="A9"/>
  <move id="72" source="E6" target="F6"/>
  <move id="73" source="A9" target="B9"/>
  <move id="74" source="D8" target="D7"/>
  <move id="75" source="B9" target="B:"/>
  <move id="76" source="D7" target="E7"/>
  <move id="77" source="D3" target="C3"/>
  <move id="78" source="E7" target="E6"/>
  <move id="79" source="C3" target="B3"/>
  <move id="80" source="E6" target="E5"/>
  <move id="81" source="B3" target="A3"/>
  <move id="82" source="E5" target="E4"/>
  <move id="83" source="A3" target="A4"/>
  <move id="84" source="E4" target="E3"/>
  <move id="85" source="F3" target="E3"/>
  <move id="86" source="E3" target="D3"/>
  <move id="87" source="B5" target="B4"/>
  <move id="88" source="D3" target="C3"/>
  <move id="89" source="A4" target="A5"/>
  <move id="90" source="C3" target="C2"/>
  <move id="91" source="B4" target="B3"/>
  <move id="92" source="F7" target="F8"/>
  <move id="93" source="B3" target="C3"/>
  <move id="94" source="G7" target="F7"/>
  <move id="95" source="C3" target="D3"/>
  <move id="96" source="F7" target="E7"/>
  <move id="97" source="B8" target="C8"/>
  <move id="98" source="E7" target="E6"/>
  <move id="99" source="C4" target="B4"/>
  <move id="100" source="E6" target="E5"/>
  <move id="101" source="B4" target="B5"/>
  <move id="102" source="E5" target="E4"/>
  <move id="103" source="B5" target="B6"/>
  <move id="104" source="E4" target="E3"/>
  <move id="105" source="B6" target="B7"/>
  <move id="106" source="E3" target="D3"/>
  <move id="107" source="D2" target="D3"/>
  <move id="108" source="F6" target="E6"/>
  <move id="109" source="B7" target="B8"/>
  <move id="110" source="E6" target="E5"/>
  <move id="111" source="E2" target="E3"/>
  <move id="112" source="E5" target="E4"/>
  <move id="113" source="E3" target="E4"/>
  <move id="114" source="I7" target="I4"/>
  <move id="115" source="B8" target="B9"/>
  <move id="116" source="F8" target="F7"/>
  <move id="117" source="B9" target="C9"/>
  <move id="118" source="F9" target="F8"/>
  <move id="119" source="C9" target="C:"/>
  <move id="120" source="F8" target="E8"/>
  <move id="121" source="C:" target="D:"/>
  <move id="122" source="E8" target="E7"/>
  <move id="123" source="D:" target="E:"/>
  <move id="124" source="G9" target="F9"/>
  <move id="125" source="E:" target="F:"/>
  <move id="126" source="F9" target="F:"/>
  <move id="127" source="E4" target="E5"/>
  <move id="128" source="E9" target="E8"/>
  <move id="129" source="E5" target="F5"/>
  <move id="130" source="E7" target="D7"/>
  <move id="131" source="F5" target="F6"/>
  <move id="132" source="E8" target="D8"/>
  <move id="133" source="C8" target="B8"/>
  <move id="134" source="D9" target="C9"/>
  <move id="135" source="F2" target="E2"/>
  <move id="136" source="D8" target="C8"/>
  <move id="137" source="B8" target="A8"/>
  <move id="138" source="D7" target="C7"/>
  <move id="139" source="B:" target="B9"/>
  <move id="140" source="C9" target="B9"/>
  <move id="141" source="E2" target="E8"/>
  <move id="142" source="B9" target="B8"/>
  <move id="143" source="E8" target="C8"/>
  <move id="144" source="B8" target="B7"/>
  <move id="145" source="A8" target="B8"/>
  <move id="146" source="B7" target="B6"/>
  <move id="147" source="B8" target="B7"/>
  <move id="148" source="B6" target="B5"/>
  <move id="149" source="A5" target="B5"/>
  <move id="150" source="F7" target="F8"/>
  <move id="151" source="B7" target="C7"/>
  <move id="152" source="F8" target="E8"/>
  <move id="153" source="C7" target="D7"/>
  <move id="154" source="E8" target="E9"/>
  <move id="155" source="D7" target="D8"/>
  <move id="156" source="G8" target="G9"/>
  <move id="157" source="F6" target="F7"/>
  <move id="158" source="H8" target="G8"/>
  <move id="159" source="F7" target="F8"/>
  <move id="160" source="G8" target="F8"/>
  <move id="161" source="E1" target="E2"/>
  <move id="162" source="E9" target="E:"/>
  <move id="163" source="E2" target="E3"/>
  <move id="164" source="E:" target="D:"/>
  <move id="165" source="E3" target="E4"/>
  <move id="166" source="D:" target="C:"/>
  <move id="167" source="C8" target="C:"/>
  <move id="168" source="C:" target="B:"/>
  <move id="169" source="B2" target="B3"/>
  <move id="170" source="F:" target="F9"/>
  <move id="171" source="B3" target="C3"/>
  <move id="172" source="F9" target="F8"/>
  <move id="173" source="B1" target="B2"/>
  <move id="174" source="F8" target="F7"/>
  <move id="175" source="B2" target="B3"/>
  <move id="176" source="F7" target="F6"/>
  <move id="177" source="B3" target="B4"/>
  <move id="178" source="F6" target="F5"/>
  <move id="179" source="B4" target="B5"/>
  <move id="180" source="F5" target="E5"/>
  <move id="181" source="B5" target="B6"/>
  <move id="182" source="I8" target="H8"/>
  <move id="183" source="E4" target="E5"/>
  <move id="184" source="I9" target="I8"/>
  <move id="185" source="D8" target="E8"/>
  <move id="186" source="I8" target="I7"/>
  <move id="187" source="E8" target="F8"/>
  <move id="188" source="I7" target="I6"/>
  <move id="189" source="F8" target="G8"/>
  <move id="190" source="G9" target="F9"/>
  <move id="191" source="G8" target="H8"/>
  <move id="192" source="I6" target="I5"/>
  <move id="193" source="H8" target="I8"/>
  <move id="194" source="I5" target="I4"/>
  <move id="195" source="K4" target="I4"/>
  <move id="196" source="F9" target="E9"/>
  <move id="197" source="I8" target="K8"/>
  <move id="198" source="K7" target="I7"/>
  <move id="199" source="K8" target="K9"/>
  <move id="200" source="I7" target="I6"/>
  <move id="201" source="K9" target="K:"/>
  <move id="202" source="I6" target="I5"/>
  <move id="203" source="K3" target="K4"/>
  <move id="204" source="I5" target="I4"/>
  <move id="205" source="K4" target="I4"/>
  <move id="206" source="H7" target="I7"/>
  <move id="207" source="K2" target="K3"/>
  <move id="208" source="E9" target="D9"/>
  <move id="209" source="K3" target="K4"/>
  <move id="210" source="D9" target="C9"/>
  <move id="211" source="K4" target="K5"/>
  <move id="212" source="C9" target="B9"/>
  <move id="213" source="K5" target="K6"/>
  <move id="214" source="B9" target="B8"/>
  <move id="215" source="A1" target="B1"/>
  <move id="216" source="B8" target="B7"/>
  <move id="217" source="B1" target="B2"/>
  <move id="218" source="B7" target="B6"/>
  <move id="219" source="K6" target="I6"/>
  <move id="220" source="B:" target="B9"/>
  <move id="221" source="I6" target="I7"/>
  <move id="222" source="B9" target="B8"/>
  <move id="223" source="H4" target="I4"/>
  <move id="224" source="B8" target="B7"/>
  <move id="225" source="I4" target="I5"/>
  <move id="226" source="B7" target="B6"/>
  <move id="227" source="B2" target="B3"/>
  <move id="228" source="B6" target="B5"/>
  <move id="229" source="I5" target="I6"/>
  <move id="230" source="B5" target="B6"/>
  <move id="231" source="I6" target="I7"/>
  <move id="232" source="B6" target="B7"/>
  <move id="233" source="I7" target="I8"/>
  <move id="234" source="B7" target="C7"/>
  <move id="235" source="I8" target="I9"/>
  <move id="236" source="C7" target="D7"/>
  <move id="237" source="I9" target="I:"/>
  <move id="238" source="D7" target="E7"/>
  <move id="239" source="K1" target="K9"/>
  <move id="240" source="E7" target="F7"/>
  <move id="241" source="K9" target="H9"/>
  <move id="242" source="F7" target="G7"/>
  <move id="243" source="I:" target="I9"/>
  <move id="244" source="H9" target="H8"/>
  <move id="245" source="I9" target="H9"/>
  <move id="246" source="G7" target="G8"/>
  <move id="247" source="H9" target="H8"/>
  <move id="248" source="G8" target="H8"/>
  <move id="249" source="D3" target="E3"/>
  <move id="250" source="H8" target="I8"/>
  <move id="251" source="E3" target="E4"/>
  <move id="252" source="I8" target="I7"/>
  <move id="253" source="E4" target="E5"/>
  <move id="254" source="I7" target="I6"/>
  <move id="255" source="E5" target="E6"/>
  <move id="256" source="I6" target="I5"/>
  <move id="257" source="E6" target="E7"/>
  <move id="258" source="I5" target="I4"/>
  <move id="259" source="E7" target="E8"/>
  <move id="260" source="I4" target="I3"/>
  <player id="1">Player 1</player>
  <player id="2">Player 2</player>
  <result type="0" winner="1"/>
 </game>
</stratego>