<?xml version="1.0" encoding="UTF-8"?>
<stratego>
 <game type="classic">
  
  <field content="EFBBFBFBEGDHEMGICBDIJDEKDDHEDLBHDGIGDJFHAA__AA__AAAA__AA__AATQTPPSRNPRWUXVTUPQTNPOSNQUVSPRSQNYNRQNPP"/>
  <move id="1" source="F4" target="F5"/>
  <move id="2" source="A7" target="A6"/>
  <move id="3" source="B4" target="B5"/>
  <move id="4" source="A6" target="A5"/>
  <move id="5" source="B5" target="A5"/>
  <move id="6" source="A8" target="A7"/>
  <move id="7" source="B3" target="B4"/>
  <move id="8" source="A7" target="A6"/>
  <move id="9" source="F5" target="E5"/>
  <move id="10" source="A6" target="A5"/>
  <move id="11" source="F3" target="F4"/>
  <move id="12" source="A9" target="A8"/>
  <move id="13" source="F4" target="F5"/>
  <move id="14" source="A8" target="A7"/>
  <move id="15" source="F5" target="F6"/>
  <move id="16" source="A7" target="A6"/>
  <move id="17" source="B2" target="B3"/>
  <move id="18" source="A5" target="B5"/>
  <move id="19" source="F6" target="E6"/>
  <move id="20" source="A6" target="A4"/>
  <move id="21" source="E6" target="E7"/>
  <move id="22" source="B5" target="A5"/>
  <move id="23" source="E5" target="E6"/>
  <move id="24" source="B7" target="A7"/>
  <move id="25" source="B4" target="B5"/>
  <move id="26" source="A7" target="B7"/>
  <move id="27" source="B5" target="A5"/>
  <move id="28" source="B7" target="B6"/>
  <move id="29" source="B3" target="B4"/>
  <move id="30" source="B6" target="B5"/>
  <move id="31" source="A3" target="B3"/>
  <move id="32" source="B5" target="B6"/>
  <move id="33" source="E6" target="E7"/>
  <move id="34" source="A5" target="B5"/>
  <move id="35" source="E4" target="E5"/>
  <move id="36" source="B6" target="A6"/>
  <move id="37" source="E5" target="E6"/>
  <move id="38" source="A6" target="A5"/>
  <move id="39" source="G3" target="F3"/>
  <move id="40" source="A5" target="A4"/>
  <move id="41" source="B4" target="A4"/>
  <move id="42" source="B5" target="A5"/>
  <move id="43" source="A4" target="B4"/>
  <move id="44" source="A5" target="A4"/>
  <move id="45" source="E7" target="D7"/>
  <move id="46" source="C7" target="D7"/>
  <move id="47" source="E6" target="E7"/>
  <move id="48" source="D7" target="C7"/>
  <move id="49" source="G4" target="F4"/>
  <move id="50" source="B8" target="B7"/>
  <move id="51" source="F4" target="F5"/>
  <move id="52" source="B7" target="B6"/>
  <move id="53" source="F5" target="F6"/>
  <move id="54" source="B6" target="B5"/>
  <move id="55" source="D4" target="E4"/>
  <move id="56" source="B5" target="B4"/>
  <move id="57" source="B3" target="B4"/>
  <move id="58" source="C8" target="B8"/>
  <move id="59" source="I4" target="I5"/>
  <move id="60" source="B8" target="B7"/>
  <move id="61" source="I5" target="K5"/>
  <move id="62" source="B7" target="B6"/>
  <move id="63" source="K5" target="K6"/>
  <move id="64" source="B6" target="B5"/>
  <move id="65" source="B4" target="B3"/>
  <move id="66" source="A4" target="A3"/>
  <move id="67" source="B3" target="B4"/>
  <move id="68" source="A3" target="A4"/>
  <move id="69" source="C3" target="B3"/>
  <move id="70" source="B5" target="A5"/>
  <move id="71" source="K4" target="K5"/>
  <move id="72" source="B9" target="B8"/>
  <move id="73" source="K6" target="K7"/>
  <move id="74" source="B8" target="B7"/>
  <move id="75" source="K5" target="K6"/>
  <move id="76" source="B7" target="B6"/>
  <move id="77" source="K6" target="K7"/>
  <move id="78" source="B6" target="B5"/>
  <move id="79" source="H4" target="I4"/>
  <move id="80" source="A4" target="B4"/>
  <move id="81" source="A2" target="A5"/>
  <move id="82" source="A5" target="A6"/>
  <move id="83" source="I4" target="I5"/>
  <move id="84" source="A6" target="A7"/>
  <move id="85" source="K7" target="I7"/>
  <move id="86" source="C7" target="B7"/>
  <move id="87" source="B3" target="A3"/>
  <move id="88" source="B7" target="B8"/>
  <move id="89" source="I7" target="I8"/>
  <move id="90" source="A7" target="B7"/>
  <move id="91" source="A3" target="A4"/>
  <move id="92" source="B7" target="C7"/>
  <move id="93" source="A4" target="A5"/>
  <move id="94" source="B8" target="A8"/>
  <move id="95" source="A5" target="B5"/>
  <move id="96" source="B4" target="B5"/>
  <move id="97" source="E7" target="E6"/>
  <move id="98" source="C7" target="D7"/>
  <move id="99" source="F6" target="F7"/>
  <move id="100" source="D7" target="E7"/>
  <move id="101" source="E6" target="F6"/>
  <move id="102" source="E7" target="E6"/>
  <move id="103" source="F6" target="F5"/>
  <move id="104" source="B5" target="A5"/>
  <move id="105" source="C2" target="B2"/>
  <move id="106" source="A5" target="A6"/>
  <move id="107" source="B2" target="B3"/>
  <move id="108" source="A6" target="A7"/>
  <move id="109" source="B3" target="B4"/>
  <move id="110" source="A8" target="B8"/>
  <move id="111" source="B4" target="B5"/>
  <move id="112" source="B8" target="B7"/>
  <move id="113" source="B5" target="A5"/>
  <move id="114" source="A7" target="A8"/>
  <move id="115" source="A5" target="A6"/>
  <move id="116" source="A8" target="B8"/>
  <move id="117" source="E4" target="F4"/>
  <move id="118" source="E6" target="E5"/>
  <move id="119" source="F5" target="F6"/>
  <move id="120" source="F7" target="F6"/>
  <move id="121" source="F6" target="F7"/>
  <move id="122" source="E5" target="E6"/>
  <move id="123" source="F7" target="F8"/>
  <move id="124" source="E6" target="E5"/>
  <move id="125" source="F4" target="G4"/>
  <move id="126" source="E5" target="F5"/>
  <move id="127" source="G4" target="G3"/>
  <move id="128" source="F5" target="F4"/>
  <move id="129" source="I5" target="K5"/>
  <move id="130" source="G8" target="F8"/>
  <move id="131" source="K5" target="K6"/>
  <move id="132" source="F8" target="F7"/>
  <move id="133" source="K6" target="K7"/>
  <move id="134" source="F7" target="E7"/>
  <move id="135" source="I3" target="I7"/>
  <move id="136" source="I9" target="I7"/>
  <move id="137" source="I2" target="I7"/>
  <move id="138" source="I:" target="I7"/>
  <move id="139" source="H3" target="I3"/>
  <move id="140" source="E7" target="E6"/>
  <move id="141" source="C4" target="D4"/>
  <move id="142" source="E6" target="E5"/>
  <move id="143" source="E3" target="E5"/>
  <move id="144" source="G7" target="F7"/>
  <move id="145" source="F3" target="E3"/>
  <move id="146" source="F7" target="E7"/>
  <move id="147" source="K7" target="I7"/>
  <move id="148" source="E7" target="E6"/>
  <move id="149" source="E3" target="E4"/>
  <move id="150" source="E6" target="E5"/>
  <move id="151" source="D3" target="E3"/>
  <move id="152" source="E5" target="E4"/>
  <move id="153" source="I3" target="I4"/>
  <move id="154" source="F9" target="F8"/>
  <move id="155" source="G3" target="H3"/>
  <move id="156" source="F8" target="F7"/>
  <move id="157" source="I4" target="I5"/>
  <move id="158" source="F7" target="E7"/>
  <move id="159" source="G2" target="G3"/>
  <move id="160" source="E7" target="E6"/>
  <move id="161" source="I5" target="I6"/>
  <move id="162" source="E6" target="E5"/>
  <move id="163" source="G3" target="F3"/>
  <move id="164" source="F4" target="F5"/>
  <move id="165" source="I7" target="I8"/>
  <move id="166" source="E5" target="E4"/>
  <move id="167" source="E3" target="E4"/>
  <move id="168" source="A:" target="A9"/>
  <move id="169" source="K3" target="K4"/>
  <move id="170" source="B8" target="C8"/>
  <move id="171" source="K4" target="K5"/>
  <move id="172" source="B7" target="B6"/>
  <move id="173" source="A6" target="A5"/>
  <move id="174" source="B6" target="B5"/>
  <move id="175" source="A5" target="A4"/>
  <move id="176" source="B5" target="B4"/>
  <move id="177" source="A4" target="A3"/>
  <move id="178" source="B4" target="B3"/>
  <move id="179" source="A3" target="A4"/>
  <move id="180" source="A9" target="A8"/>
  <move id="181" source="D4" target="D3"/>
  <move id="182" source="A8" target="A7"/>
  <move id="183" source="E4" target="D4"/>
  <move id="184" source="B3" target="C3"/>
  <move id="185" source="D3" target="E3"/>
  <move id="186" source="A7" target="A6"/>
  <move id="187" source="D4" target="D3"/>
  <move id="188" source="C3" target="C4"/>
  <move id="189" source="E3" target="E4"/>
  <move id="190" source="A6" target="A5"/>
  <move id="191" source="A4" target="A3"/>
  <move id="192" source="A5" target="A4"/>
  <move id="193" source="A3" target="B3"/>
  <move id="194" source="A4" target="A3"/>
  <move id="195" source="D3" target="D4"/>
  <move id="196" source="C4" target="B4"/>
  <move id="197" source="B3" target="C3"/>
  <move id="198" source="B4" target="B5"/>
  <move id="199" source="C3" target="C4"/>
  <move id="200" source="B5" target="B6"/>
  <move id="201" source="D4" target="D3"/>
  <move id="202" source="B6" target="B7"/>
  <move id="203" source="D3" target="C3"/>
  <move id="204" source="A3" target="A4"/>
  <move id="205" source="C3" target="B3"/>
  <move id="206" source="B7" target="C7"/>
  <move id="207" source="F3" target="G3"/>
  <move id="208" source="C7" target="D7"/>
  <move id="209" source="F2" target="F3"/>
  <move id="210" source="D7" target="E7"/>
  <move id="211" source="G3" target="G4"/>
  <move id="212" source="E7" target="E6"/>
  <move id="213" source="F3" target="F4"/>
  <move id="214" source="F5" target="F6"/>
  <move id="215" source="B1" target="B2"/>
  <move id="216" source="E6" target="E5"/>
  <move id="217" source="E4" target="E3"/>
  <move id="218" source="A4" target="A5"/>
  <move id="219" source="B3" target="B4"/>
  <move id="220" source="A5" target="A6"/>
  <move id="221" source="B4" target="B5"/>
  <move id="222" source="A6" target="A7"/>
  <move id="223" source="B5" target="B6"/>
  <move id="224" source="C8" target="C7"/>
  <move id="225" source="B6" target="A6"/>
  <move id="226" source="A7" target="B7"/>
  <move id="227" source="B2" target="B3"/>
  <move id="228" source="B7" target="B8"/>
  <move id="229" source="B3" target="B4"/>
  <move id="230" source="C7" target="B7"/>
  <move id="231" source="B4" target="B5"/>
  <move id="232" source="B7" target="A7"/>
  <move id="233" source="A6" target="A5"/>
  <move id="234" source="A7" target="A6"/>
  <move id="235" source="A5" target="A4"/>
  <move id="236" source="B8" target="B7"/>
  <move id="237" source="A4" target="B4"/>
  <move id="238" source="B7" target="B6"/>
  <move id="239" source="I8" target="I7"/>
  <move id="240" source="B6" target="B5"/>
  <move id="241" source="B4" target="B5"/>
  <move id="242" source="F6" target="F7"/>
  <move id="243" source="I7" target="K7"/>
  <move id="244" source="A6" target="A5"/>
  <move id="245" source="B5" target="B4"/>
  <move id="246" source="A5" target="A4"/>
  <move id="247" source="B4" target="B3"/>
  <move id="248" source="A4" target="A5"/>
  <move id="249" source="C4" target="B4"/>
  <move id="250" source="A5" target="A6"/>
  <move id="251" source="B4" target="B5"/>
  <move id="252" source="A6" target="A7"/>
  <move id="253" source="B5" target="B6"/>
  <move id="254" source="B:" target="B9"/>
  <move id="255" source="I6" target="I7"/>
  <move id="256" source="B9" target="B8"/>
  <move id="257" source="I7" target="I8"/>
  <move id="258" source="B8" target="B7"/>
  <move id="259" source="B6" target="A6"/>
  <move id="260" source="A7" target="A8"/>
  <move id="261" source="K7" target="I7"/>
  <move id="262" source="A8" target="B8"/>
  <move id="263" source="I8" target="I9"/>
  <move id="264" source="F7" target="G7"/>
  <move id="265" source="E3" target="E4"/>
  <move id="266" source="E5" target="E6"/>
  <move id="267" source="E4" target="D4"/>
  <move id="268" source="G7" target="F7"/>
  <move id="269" source="K5" target="K6"/>
  <move id="270" source="F7" target="E7"/>
  <move id="271" source="A6" target="A5"/>
  <move id="272" source="E7" target="D7"/>
  <move id="273" source="B3" target="C3"/>
  <move id="274" source="B7" target="B6"/>
  <move id="275" source="C3" target="D3"/>
  <move id="276" source="B6" target="B5"/>
  <move id="277" source="A5" target="A6"/>
  <move id="278" source="D7" target="C7"/>
  <move id="279" source="A6" target="A7"/>
  <move id="280" source="B8" target="C8"/>
  <move id="281" source="A7" target="A8"/>
  <move id="282" source="C7" target="B7"/>
  <move id="283" source="D3" target="E3"/>
  <move id="284" source="E6" target="E7"/>
  <move id="285" source="E3" target="E4"/>
  <move id="286" source="E7" target="D7"/>
  <move id="287" source="E4" target="E5"/>
  <move id="288" source="D7" target="C7"/>
  <move id="289" source="E5" target="E6"/>
  <move id="290" source="B7" target="B6"/>
  <move id="291" source="A8" target="B8"/>
  <move id="292" source="C8" target="B8"/>
  <move id="293" source="E6" target="E7"/>
  <move id="294" source="C7" target="B7"/>
  <move id="295" source="E7" target="F7"/>
  <move id="296" source="B8" target="C8"/>
  <move id="297" source="F7" target="G7"/>
  <move id="298" source="B7" target="A7"/>
  <move id="299" source="I7" target="I6"/>
  <move id="300" source="B6" target="B7"/>
  <move id="301" source="I9" target="I8"/>
  <move id="302" source="B7" target="C7"/>
  <move id="303" source="I8" target="I7"/>
  <move id="304" source="C7" target="D7"/>
  <move id="305" source="I7" target="H7"/>
  <move id="306" source="D7" target="E7"/>
  <move id="307" source="G7" target="G8"/>
  <move id="308" source="E7" target="F7"/>
  <move id="309" source="H7" target="H8"/>
  <move id="310" source="F7" target="F8"/>
  <move id="311" source="G8" target="G7"/>
  <move id="312" source="C8" target="C7"/>
  <move id="313" source="D4" target="E4"/>
  <move id="314" source="C7" target="D7"/>
  <move id="315" source="E4" target="E5"/>
  <move id="316" source="D7" target="E7"/>
  <move id="317" source="I6" target="I5"/>
  <move id="318" source="F8" target="G8"/>
  <move id="319" source="E5" target="E6"/>
  <move id="320" source="G8" target="G7"/>
  <move id="321" source="E6" target="E5"/>
  <move id="322" source="G7" target="F7"/>
  <move id="323" source="E5" target="E4"/>
  <move id="324" source="B5" target="A5"/>
  <move id="325" source="E4" target="D4"/>
  <move id="326" source="D8" target="C8"/>
  <move id="327" source="D4" target="C4"/>
  <move id="328" source="C8" target="B8"/>
  <move id="329" source="C4" target="B4"/>
  <move id="330" source="B8" target="B7"/>
  <move id="331" source="B4" target="A4"/>
  <move id="332" source="B7" target="B6"/>
  <move id="333" source="A4" target="B4"/>
  <move id="334" source="B6" target="B5"/>
  <move id="335" source="B4" target="C4"/>
  <move id="336" source="B5" target="B4"/>
  <move id="337" source="C4" target="D4"/>
  <move id="338" source="B4" target="C4"/>
  <move id="339" source="D4" target="E4"/>
  <move id="340" source="C4" target="D4"/>
  <move id="341" source="E4" target="E3"/>
  <move id="342" source="D4" target="E4"/>
  <move id="343" source="F4" target="E4"/>
  <move id="344" source="E4" target="E3"/>
  <move id="345" source="I5" target="I6"/>
  <move id="346" source="F7" target="G7"/>
  <move id="347" source="I6" target="I7"/>
  <move id="348" source="A5" target="A4"/>
  <move id="349" source="I7" target="I8"/>
  <move id="350" source="A4" target="B4"/>
  <move id="351" source="I8" target="I9"/>
  <move id="352" source="B4" target="C4"/>
  <move id="353" source="I9" target="I:"/>
  <move id="354" source="C4" target="D4"/>
  <move id="355" source="I:" target="H:"/>
  <move id="356" source="D4" target="D3"/>
  <player id="1">Player 1</player>
  <player id="2">Player 2</player>
  <result type="3" winner="2"/>
 </game>
</stratego>