<?xml version="1.0" encoding="UTF-8"?>
<stratego>
 <game type="classic">
  
  <field content="BDFDJMHGDEDBKDLCBHGBFBFHIJIEFEDGBHEGEIDDAA__AA__AAAA__AA__AASRPQPNSPRSXUTNSTPNUWRPVNUVOTPQPQNYNQPQRT"/>
  <move id="1" source="F4" target="F5"/>
  <move id="2" source="B7" target="B6"/>
  <move id="3" source="E4" target="E5"/>
  <move id="4" source="B8" target="B7"/>
  <move id="5" source="F5" target="F6"/>
  <move id="6" source="A7" target="A6"/>
  <move id="7" source="I4" target="I5"/>
  <move id="8" source="A8" target="A7"/>
  <move id="9" source="I5" target="I6"/>
  <move id="10" source="B6" target="B5"/>
  <move id="11" source="I3" target="I4"/>
  <move id="12" source="B7" target="B6"/>
  <move id="13" source="I4" target="I5"/>
  <move id="14" source="A6" target="A5"/>
  <move id="15" source="K4" target="K7"/>
  <move id="16" source="A7" target="A6"/>
  <move id="17" source="H4" target="I4"/>
  <move id="18" source="B5" target="B4"/>
  <move id="19" source="I4" target="K4"/>
  <move id="20" source="A5" target="A4"/>
  <move id="21" source="E3" target="E4"/>
  <move id="22" source="A4" target="A3"/>
  <move id="23" source="E4" target="F4"/>
  <move id="24" source="A3" target="A2"/>
  <move id="25" source="F4" target="F5"/>
  <move id="26" source="A2" target="A1"/>
  <move id="27" source="E5" target="E6"/>
  <move id="28" source="B6" target="B7"/>
  <move id="29" source="F6" target="F7"/>
  <move id="30" source="A6" target="A5"/>
  <move id="31" source="E6" target="F6"/>
  <move id="32" source="B7" target="A7"/>
  <move id="33" source="G4" target="H4"/>
  <move id="34" source="A7" target="A6"/>
  <move id="35" source="H4" target="I4"/>
  <move id="36" source="C8" target="B8"/>
  <move id="37" source="I4" target="I3"/>
  <move id="38" source="B8" target="B7"/>
  <move id="39" source="F6" target="E6"/>
  <move id="40" source="B7" target="B6"/>
  <move id="41" source="F5" target="E5"/>
  <move id="42" source="B6" target="B5"/>
  <move id="43" source="I5" target="K5"/>
  <move id="44" source="A6" target="B6"/>
  <move id="45" source="I6" target="I4"/>
  <move id="46" source="B5" target="B4"/>
  <move id="47" source="I4" target="F4"/>
  <move id="48" source="B6" target="A6"/>
  <move id="49" source="F4" target="F7"/>
  <move id="50" source="B4" target="A4"/>
  <move id="51" source="K5" target="K6"/>
  <move id="52" source="B9" target="B3"/>
  <move id="53" source="E6" target="F6"/>
  <move id="54" source="C7" target="C8"/>
  <move id="55" source="D3" target="E3"/>
  <move id="56" source="D7" target="C7"/>
  <move id="57" source="E3" target="E4"/>
  <move id="58" source="C7" target="B7"/>
  <move id="59" source="E4" target="F4"/>
  <move id="60" source="B7" target="B6"/>
  <move id="61" source="D2" target="D3"/>
  <move id="62" source="B6" target="B5"/>
  <move id="63" source="D3" target="E3"/>
  <move id="64" source="B5" target="B4"/>
  <move id="65" source="E3" target="E4"/>
  <move id="66" source="A4" target="A3"/>
  <move id="67" source="E5" target="F5"/>
  <move id="68" source="B4" target="B3"/>
  <move id="69" source="C3" target="B3"/>
  <move id="70" source="A3" target="B3"/>
  <move id="71" source="E4" target="E7"/>
  <move id="72" source="B3" target="A3"/>
  <move id="73" source="F5" target="E5"/>
  <move id="74" source="C8" target="B8"/>
  <move id="75" source="C2" target="C3"/>
  <move id="76" source="B8" target="B2"/>
  <move id="77" source="C3" target="B3"/>
  <move id="78" source="A3" target="A4"/>
  <move id="79" source="B3" target="B4"/>
  <move id="80" source="A9" target="B9"/>
  <move id="81" source="B4" target="A4"/>
  <move id="82" source="A5" target="A4"/>
  <move id="83" source="E5" target="E6"/>
  <move id="84" source="A:" target="A9"/>
  <move id="85" source="E6" target="E7"/>
  <move id="86" source="A9" target="A8"/>
  <move id="87" source="F6" target="F7"/>
  <move id="88" source="G7" target="F7"/>
  <move id="89" source="E7" target="F7"/>
  <move id="90" source="A8" target="B8"/>
  <move id="91" source="E2" target="E3"/>
  <move id="92" source="B8" target="B7"/>
  <move id="93" source="E3" target="E4"/>
  <move id="94" source="B7" target="B5"/>
  <move id="95" source="E4" target="E5"/>
  <move id="96" source="B5" target="B4"/>
  <move id="97" source="E5" target="E6"/>
  <move id="98" source="B4" target="B3"/>
  <move id="99" source="E6" target="E7"/>
  <move id="100" source="B3" target="A3"/>
  <move id="101" source="F7" target="F6"/>
  <move id="102" source="A3" target="A2"/>
  <move id="103" source="F6" target="E6"/>
  <move id="104" source="B9" target="B8"/>
  <move id="105" source="F4" target="E4"/>
  <move id="106" source="B8" target="B7"/>
  <move id="107" source="H3" target="H4"/>
  <move id="108" source="B7" target="B6"/>
  <move id="109" source="H4" target="G4"/>
  <move id="110" source="B6" target="B5"/>
  <move id="111" source="G4" target="F4"/>
  <move id="112" source="B5" target="B4"/>
  <move id="113" source="F4" target="F5"/>
  <move id="114" source="B4" target="C4"/>
  <move id="115" source="F5" target="F6"/>
  <move id="116" source="B:" target="B9"/>
  <move id="117" source="F6" target="F7"/>
  <move id="118" source="B9" target="B8"/>
  <move id="119" source="F7" target="F8"/>
  <move id="120" source="A2" target="A3"/>
  <move id="121" source="E6" target="F6"/>
  <move id="122" source="A3" target="B3"/>
  <move id="123" source="F6" target="F7"/>
  <move id="124" source="B3" target="C3"/>
  <move id="125" source="F7" target="F8"/>
  <move id="126" source="F9" target="F8"/>
  <move id="127" source="E7" target="F7"/>
  <move id="128" source="F8" target="F9"/>
  <move id="129" source="F7" target="F8"/>
  <move id="130" source="B8" target="B7"/>
  <move id="131" source="F8" target="F9"/>
  <move id="132" source="G9" target="F9"/>
  <move id="133" source="F3" target="F4"/>
  <move id="134" source="C9" target="C8"/>
  <move id="135" source="F4" target="F5"/>
  <move id="136" source="C8" target="C7"/>
  <move id="137" source="F5" target="F6"/>
  <move id="138" source="C7" target="D7"/>
  <move id="139" source="F6" target="F7"/>
  <move id="140" source="E8" target="F8"/>
  <move id="141" source="F7" target="F8"/>
  <move id="142" source="F9" target="F8"/>
  <move id="143" source="F8" target="F9"/>
  <move id="144" source="E9" target="E8"/>
  <move id="145" source="F9" target="F:"/>
  <move id="146" source="D7" target="E7"/>
  <move id="147" source="K4" target="K5"/>
  <move id="148" source="E7" target="F7"/>
  <move id="149" source="K5" target="I5"/>
  <move id="150" source="F7" target="F8"/>
  <move id="151" source="I5" target="I6"/>
  <move id="152" source="G8" target="G7"/>
  <move id="153" source="I6" target="I7"/>
  <move id="154" source="F8" target="G8"/>
  <move id="155" source="I7" target="K7"/>
  <move id="156" source="G8" target="G9"/>
  <move id="157" source="K7" target="I7"/>
  <move id="158" source="B7" target="B6"/>
  <move id="159" source="K6" target="K7"/>
  <move id="160" source="B6" target="B5"/>
  <move id="161" source="K7" target="K8"/>
  <move id="162" source="B5" target="B4"/>
  <move id="163" source="E4" target="E5"/>
  <move id="164" source="B4" target="B3"/>
  <move id="165" source="E5" target="E6"/>
  <move id="166" source="B3" target="B2"/>
  <move id="167" source="E6" target="E7"/>
  <move id="168" source="B2" target="B1"/>
  <move id="169" source="C1" target="B1"/>
  <move id="170" source="G7" target="E7"/>
  <move id="171" source="E7" target="E8"/>
  <move id="172" source="K8" target="K7"/>
  <move id="173" source="I7" target="I6"/>
  <move id="174" source="K7" target="I7"/>
  <move id="175" source="I6" target="K6"/>
  <move id="176" source="H7" target="A7"/>
  <move id="177" source="G3" target="G4"/>
  <move id="178" source="I7" target="H7"/>
  <move id="179" source="G4" target="F4"/>
  <move id="180" source="H7" target="G7"/>
  <move id="181" source="F4" target="F5"/>
  <move id="182" source="G7" target="F7"/>
  <move id="183" source="F5" target="F6"/>
  <move id="184" source="F7" target="F6"/>
  <move id="185" source="K6" target="K7"/>
  <move id="186" source="F6" target="F7"/>
  <move id="187" source="K7" target="K8"/>
  <move id="188" source="I8" target="K8"/>
  <move id="189" source="I3" target="I4"/>
  <move id="190" source="F7" target="F8"/>
  <move id="191" source="I4" target="I5"/>
  <move id="192" source="F8" target="F9"/>
  <move id="193" source="F:" target="E:"/>
  <move id="194" source="G9" target="G8"/>
  <move id="195" source="I5" target="I6"/>
  <move id="196" source="G8" target="G7"/>
  <move id="197" source="I6" target="I7"/>
  <move id="198" source="G7" target="H7"/>
  <move id="199" source="I7" target="I8"/>
  <move id="200" source="F9" target="G9"/>
  <move id="201" source="I8" target="I9"/>
  <move id="202" source="I:" target="I9"/>
  <move id="203" source="E1" target="E2"/>
  <move id="204" source="H7" target="I7"/>
  <move id="205" source="E2" target="E3"/>
  <move id="206" source="G9" target="F9"/>
  <move id="207" source="E3" target="E4"/>
  <move id="208" source="F9" target="F8"/>
  <move id="209" source="E4" target="F4"/>
  <move id="210" source="F8" target="F7"/>
  <move id="211" source="F4" target="G4"/>
  <move id="212" source="E8" target="F8"/>
  <move id="213" source="G4" target="H4"/>
  <move id="214" source="F8" target="G8"/>
  <move id="215" source="H4" target="I4"/>
  <move id="216" source="G8" target="G7"/>
  <move id="217" source="I4" target="I5"/>
  <move id="218" source="G7" target="H7"/>
  <move id="219" source="I5" target="I6"/>
  <move id="220" source="I7" target="I6"/>
  <move id="221" source="I2" target="I3"/>
  <move id="222" source="H7" target="I7"/>
  <move id="223" source="I3" target="I4"/>
  <move id="224" source="I7" target="I6"/>
  <move id="225" source="I4" target="I5"/>
  <move id="226" source="I6" target="I5"/>
  <player id="1">Player 1</player>
  <player id="2">Player 2</player>
  <result type="3" winner="2"/>
 </game>
</stratego>