<?xml version="1.0" encoding="UTF-8"?>
<stratego>
 <game type="classic">
  
  <field content="EFBMBFBFBEDHIBEEBDDCIDGHDDEGIKFDLJGDHJGHAA__AA__AAAA__AA__AARTOVTPUPPUUWRPXTVNTPRSQSNQNRPPQQNYNSQNSP"/>
  <move id="1" source="K4" target="K5"/>
  <move id="2" source="K7" target="K6"/>
  <move id="3" source="K3" target="K4"/>
  <move id="4" source="B7" target="B6"/>
  <move id="5" source="F4" target="F5"/>
  <move id="6" source="B6" target="B5"/>
  <move id="7" source="F5" target="F6"/>
  <move id="8" source="B8" target="B7"/>
  <move id="9" source="F6" target="F7"/>
  <move id="10" source="B7" target="B6"/>
  <move id="11" source="E4" target="E5"/>
  <move id="12" source="A7" target="A6"/>
  <move id="13" source="E5" target="E6"/>
  <move id="14" source="A6" target="A5"/>
  <move id="15" source="E6" target="E7"/>
  <move id="16" source="A5" target="A4"/>
  <move id="17" source="D4" target="E4"/>
  <move id="18" source="C8" target="B8"/>
  <move id="19" source="E4" target="E5"/>
  <move id="20" source="B8" target="B7"/>
  <move id="21" source="E5" target="E6"/>
  <move id="22" source="B7" target="A7"/>
  <move id="23" source="E6" target="E7"/>
  <move id="24" source="E8" target="E7"/>
  <move id="25" source="K5" target="K6"/>
  <move id="26" source="K6" target="I6"/>
  <move id="27" source="K4" target="K5"/>
  <move id="28" source="K8" target="K5"/>
  <move id="29" source="K5" target="K6"/>
  <move id="30" source="I6" target="I5"/>
  <move id="31" source="I4" target="K4"/>
  <move id="32" source="I5" target="I4"/>
  <move id="33" source="H4" target="I4"/>
  <move id="34" source="G7" target="F7"/>
  <move id="35" source="K6" target="I6"/>
  <move id="36" source="I7" target="K7"/>
  <move id="37" source="I6" target="I7"/>
  <move id="38" source="K7" target="K4"/>
  <move id="39" source="K4" target="K5"/>
  <move id="40" source="F7" target="F6"/>
  <move id="41" source="K5" target="K6"/>
  <move id="42" source="F6" target="F5"/>
  <move id="43" source="K6" target="K7"/>
  <move id="44" source="H7" target="F7"/>
  <move id="45" source="K7" target="K8"/>
  <move id="46" source="I8" target="K8"/>
  <move id="47" source="I7" target="K7"/>
  <move id="48" source="K8" target="I8"/>
  <move id="49" source="K7" target="I7"/>
  <move id="50" source="F7" target="F6"/>
  <move id="51" source="I7" target="I8"/>
  <move id="52" source="E7" target="F7"/>
  <move id="53" source="I8" target="H8"/>
  <move id="54" source="F7" target="G7"/>
  <move id="55" source="B4" target="B5"/>
  <move id="56" source="G7" target="H7"/>
  <move id="57" source="C4" target="B4"/>
  <move id="58" source="H7" target="I7"/>
  <move id="59" source="B4" target="B5"/>
  <move id="60" source="B6" target="B7"/>
  <move id="61" source="B5" target="B6"/>
  <move id="62" source="A8" target="B8"/>
  <move id="63" source="B6" target="B7"/>
  <move id="64" source="C7" target="B7"/>
  <move id="65" source="B3" target="B7"/>
  <move id="66" source="A7" target="B7"/>
  <move id="67" source="G4" target="F4"/>
  <move id="68" source="F5" target="E5"/>
  <move id="69" source="F4" target="E4"/>
  <move id="70" source="E5" target="E6"/>
  <move id="71" source="E4" target="E5"/>
  <move id="72" source="E6" target="E7"/>
  <move id="73" source="I4" target="H4"/>
  <move id="74" source="I7" target="H7"/>
  <move id="75" source="H4" target="G4"/>
  <move id="76" source="H7" target="G7"/>
  <move id="77" source="G4" target="F4"/>
  <move id="78" source="E7" target="E8"/>
  <move id="79" source="F4" target="E4"/>
  <move id="80" source="G7" target="F7"/>
  <move id="81" source="E4" target="D4"/>
  <move id="82" source="B7" target="C7"/>
  <move id="83" source="D4" target="C4"/>
  <move id="84" source="C7" target="C8"/>
  <move id="85" source="C4" target="B4"/>
  <move id="86" source="D7" target="C7"/>
  <move id="87" source="B4" target="B5"/>
  <move id="88" source="C7" target="B7"/>
  <move id="89" source="B5" target="B6"/>
  <move id="90" source="B7" target="B6"/>
  <move id="91" source="E5" target="E6"/>
  <move id="92" source="F6" target="F3"/>
  <move id="93" source="K2" target="K3"/>
  <move id="94" source="E8" target="E7"/>
  <move id="95" source="K3" target="K4"/>
  <move id="96" source="E7" target="E6"/>
  <move id="97" source="K4" target="K5"/>
  <move id="98" source="K9" target="K5"/>
  <move id="99" source="I2" target="K2"/>
  <move id="100" source="I9" target="I3"/>
  <move id="101" source="K2" target="K3"/>
  <move id="102" source="G8" target="G7"/>
  <move id="103" source="K3" target="K4"/>
  <move id="104" source="G7" target="H7"/>
  <move id="105" source="I3" target="I4"/>
  <move id="106" source="F7" target="F6"/>
  <move id="107" source="I4" target="I5"/>
  <move id="108" source="H7" target="I7"/>
  <move id="109" source="I5" target="K5"/>
  <move id="110" source="I7" target="K7"/>
  <move id="111" source="K5" target="I5"/>
  <move id="112" source="K7" target="I7"/>
  <move id="113" source="I5" target="I4"/>
  <move id="114" source="I7" target="I6"/>
  <move id="115" source="I4" target="I3"/>
  <move id="116" source="I6" target="I5"/>
  <move id="117" source="I3" target="I2"/>
  <move id="118" source="I5" target="I4"/>
  <move id="119" source="K4" target="K:"/>
  <move id="120" source="I4" target="I3"/>
  <move id="121" source="I2" target="K2"/>
  <move id="122" source="I3" target="K3"/>
  <move id="123" source="K2" target="K3"/>
  <move id="124" source="K3" target="K4"/>
  <move id="125" source="A3" target="A4"/>
  <move id="126" source="E6" target="E7"/>
  <move id="127" source="A4" target="A5"/>
  <move id="128" source="E7" target="D7"/>
  <move id="129" source="A5" target="A6"/>
  <move id="130" source="D7" target="C7"/>
  <move id="131" source="A6" target="A7"/>
  <move id="132" source="C7" target="B7"/>
  <move id="133" source="A7" target="A8"/>
  <move id="134" source="B8" target="A8"/>
  <move id="135" source="C3" target="C4"/>
  <move id="136" source="K4" target="I4"/>
  <move id="137" source="C4" target="C3"/>
  <move id="138" source="I4" target="H4"/>
  <move id="139" source="C3" target="B3"/>
  <move id="140" source="H4" target="G4"/>
  <move id="141" source="B3" target="A3"/>
  <move id="142" source="F6" target="E6"/>
  <move id="143" source="H3" target="I3"/>
  <move id="144" source="D8" target="D7"/>
  <move id="145" source="I3" target="K3"/>
  <move id="146" source="G4" target="F4"/>
  <move id="147" source="K3" target="K4"/>
  <move id="148" source="F4" target="E4"/>
  <move id="149" source="K4" target="K5"/>
  <move id="150" source="E4" target="D4"/>
  <move id="151" source="K5" target="K6"/>
  <move id="152" source="D4" target="C4"/>
  <move id="153" source="K6" target="K7"/>
  <move id="154" source="D7" target="K7"/>
  <move id="155" source="K7" target="K8"/>
  <move id="156" source="C4" target="B4"/>
  <move id="157" source="K8" target="K9"/>
  <move id="158" source="B7" target="A7"/>
  <move id="159" source="D3" target="D4"/>
  <move id="160" source="A7" target="A6"/>
  <move id="161" source="D4" target="E4"/>
  <move id="162" source="A6" target="A5"/>
  <move id="163" source="E4" target="F4"/>
  <move id="164" source="A5" target="A4"/>
  <move id="165" source="F4" target="G4"/>
  <move id="166" source="A4" target="A3"/>
  <move id="167" source="C2" target="C3"/>
  <move id="168" source="B4" target="C4"/>
  <move id="169" source="C3" target="B3"/>
  <move id="170" source="A3" target="B3"/>
  <move id="171" source="G4" target="H4"/>
  <move id="172" source="F8" target="F7"/>
  <move id="173" source="K9" target="I9"/>
  <move id="174" source="I:" target="I9"/>
  <move id="175" source="H2" target="I2"/>
  <move id="176" source="F7" target="G7"/>
  <move id="177" source="I2" target="I:"/>
  <move id="178" source="G7" target="H7"/>
  <move id="179" source="I:" target="H:"/>
  <move id="180" source="H7" target="I7"/>
  <move id="181" source="K1" target="K2"/>
  <move id="182" source="I7" target="I6"/>
  <move id="183" source="H4" target="I4"/>
  <move id="184" source="I6" target="I5"/>
  <move id="185" source="I4" target="I5"/>
  <move id="186" source="C8" target="D8"/>
  <move id="187" source="K2" target="K3"/>
  <move id="188" source="D8" target="E8"/>
  <move id="189" source="K3" target="K4"/>
  <move id="190" source="E8" target="F8"/>
  <move id="191" source="K4" target="K5"/>
  <move id="192" source="F8" target="F7"/>
  <move id="193" source="K5" target="K6"/>
  <move id="194" source="F7" target="G7"/>
  <move id="195" source="K6" target="K7"/>
  <move id="196" source="G7" target="H7"/>
  <move id="197" source="K7" target="K8"/>
  <move id="198" source="H7" target="I7"/>
  <move id="199" source="K8" target="K9"/>
  <move id="200" source="I7" target="I8"/>
  <move id="201" source="K9" target="K:"/>
  <move id="202" source="I8" target="I9"/>
  <move id="203" source="G3" target="H3"/>
  <move id="204" source="I9" target="K9"/>
  <move id="205" source="K:" target="I:"/>
  <move id="206" source="K9" target="I9"/>
  <move id="207" source="I:" target="H:"/>
  <move id="208" source="G:" target="H:"/>
  <move id="209" source="H3" target="I3"/>
  <move id="210" source="I9" target="I8"/>
  <move id="211" source="I3" target="K3"/>
  <move id="212" source="I8" target="K8"/>
  <move id="213" source="K3" target="I3"/>
  <move id="214" source="K8" target="I8"/>
  <move id="215" source="I3" target="H3"/>
  <move id="216" source="I8" target="I7"/>
  <move id="217" source="H3" target="H2"/>
  <move id="218" source="I7" target="I6"/>
  <move id="219" source="E3" target="K3"/>
  <move id="220" source="I6" target="I5"/>
  <move id="221" source="K3" target="K:"/>
  <move id="222" source="I5" target="I4"/>
  <move id="223" source="K:" target="K9"/>
  <move id="224" source="I4" target="I3"/>
  <move id="225" source="K9" target="K8"/>
  <move id="226" source="A9" target="A8"/>
  <move id="227" source="K8" target="K7"/>
  <move id="228" source="A8" target="B8"/>
  <move id="229" source="K7" target="K6"/>
  <move id="230" source="B8" target="C8"/>
  <move id="231" source="K6" target="K5"/>
  <move id="232" source="C8" target="D8"/>
  <move id="233" source="K5" target="K6"/>
  <move id="234" source="D8" target="E8"/>
  <move id="235" source="K6" target="K7"/>
  <move id="236" source="E8" target="F8"/>
  <move id="237" source="K7" target="K8"/>
  <move id="238" source="F8" target="F7"/>
  <move id="239" source="K8" target="K9"/>
  <move id="240" source="F7" target="F6"/>
  <move id="241" source="K9" target="K:"/>
  <move id="242" source="F6" target="F5"/>
  <move id="243" source="K:" target="K9"/>
  <move id="244" source="F5" target="F4"/>
  <move id="245" source="K9" target="K8"/>
  <move id="246" source="F4" target="G4"/>
  <move id="247" source="K8" target="K7"/>
  <move id="248" source="G4" target="H4"/>
  <move id="249" source="K7" target="K6"/>
  <move id="250" source="H4" target="H3"/>
  <move id="251" source="K6" target="K7"/>
  <move id="252" source="H3" target="H2"/>
  <move id="253" source="K7" target="K8"/>
  <move id="254" source="E6" target="E7"/>
  <move id="255" source="K8" target="K9"/>
  <move id="256" source="H2" target="I2"/>
  <move id="257" source="K9" target="K:"/>
  <move id="258" source="I2" target="K2"/>
  <move id="259" source="K:" target="K9"/>
  <move id="260" source="I3" target="I4"/>
  <move id="261" source="K9" target="K7"/>
  <move id="262" source="E7" target="F7"/>
  <move id="263" source="H1" target="H2"/>
  <move id="264" source="I4" target="H4"/>
  <move id="265" source="H2" target="I2"/>
  <move id="266" source="K2" target="I2"/>
  <move id="267" source="K7" target="K3"/>
  <move id="268" source="F9" target="F8"/>
  <move id="269" source="K3" target="A3"/>
  <move id="270" source="F8" target="E8"/>
  <move id="271" source="A3" target="A7"/>
  <move id="272" source="E8" target="E7"/>
  <move id="273" source="A7" target="A8"/>
  <move id="274" source="H4" target="G4"/>
  <move id="275" source="A8" target="A7"/>
  <move id="276" source="G4" target="F4"/>
  <move id="277" source="A2" target="A3"/>
  <move id="278" source="C4" target="B4"/>
  <move id="279" source="A3" target="K3"/>
  <move id="280" source="F4" target="E4"/>
  <move id="281" source="K3" target="K:"/>
  <move id="282" source="E4" target="D4"/>
  <move id="283" source="A7" target="A3"/>
  <move id="284" source="D4" target="D3"/>
  <move id="285" source="A3" target="A7"/>
  <move id="286" source="D3" target="C3"/>
  <move id="287" source="A7" target="A8"/>
  <move id="288" source="F7" target="F8"/>
  <move id="289" source="K:" target="K6"/>
  <move id="290" source="C3" target="B3"/>
  <move id="291" source="K6" target="K4"/>
  <move id="292" source="B3" target="A3"/>
  <move id="293" source="K4" target="K3"/>
  <move id="294" source="A3" target="A4"/>
  <move id="295" source="K3" target="K4"/>
  <move id="296" source="A4" target="A5"/>
  <move id="297" source="A8" target="D8"/>
  <move id="298" source="D9" target="D8"/>
  <move id="299" source="K4" target="K5"/>
  <move id="300" source="A5" target="A4"/>
  <move id="301" source="K5" target="K6"/>
  <move id="302" source="A4" target="A3"/>
  <move id="303" source="K6" target="K7"/>
  <move id="304" source="A3" target="B3"/>
  <move id="305" source="K7" target="K8"/>
  <move id="306" source="D8" target="D7"/>
  <move id="307" source="K8" target="K9"/>
  <move id="308" source="E7" target="E8"/>
  <move id="309" source="K9" target="K:"/>
  <move id="310" source="E8" target="D8"/>
  <move id="311" source="K:" target="K9"/>
  <move id="312" source="D8" target="D9"/>
  <move id="313" source="K9" target="K8"/>
  <move id="314" source="D7" target="E7"/>
  <move id="315" source="K8" target="K1"/>
  <move id="316" source="E7" target="F7"/>
  <move id="317" source="K1" target="K3"/>
  <move id="318" source="F7" target="G7"/>
  <move id="319" source="K3" target="K4"/>
  <move id="320" source="G7" target="H7"/>
  <move id="321" source="B2" target="B3"/>
  <move id="322" source="B4" target="B3"/>
  <move id="323" source="K4" target="A4"/>
  <move id="324" source="B3" target="B2"/>
  <move id="325" source="A4" target="A7"/>
  <move id="326" source="B2" target="B1"/>
  <move id="327" source="A7" target="C7"/>
  <move id="328" source="F8" target="F7"/>
  <move id="329" source="C7" target="C9"/>
  <move id="330" source="B1" target="C1"/>
  <move id="331" source="A1" target="A2"/>
  <move id="332" source="F7" target="F6"/>
  <move id="333" source="A2" target="A3"/>
  <move id="334" source="H7" target="G7"/>
  <move id="335" source="A3" target="A4"/>
  <move id="336" source="G7" target="F7"/>
  <move id="337" source="A4" target="A5"/>
  <move id="338" source="F7" target="E7"/>
  <move id="339" source="A5" target="A6"/>
  <move id="340" source="E7" target="D7"/>
  <move id="341" source="A6" target="A7"/>
  <move id="342" source="D7" target="C7"/>
  <move id="343" source="A7" target="A8"/>
  <move id="344" source="C7" target="B7"/>
  <move id="345" source="A8" target="A9"/>
  <move id="346" source="B9" target="A9"/>
  <player id="1">Player 1</player>
  <player id="2">Player 2</player>
  <result type="3" winner="2"/>
 </game>
</stratego>