<?xml version="1.0" encoding="UTF-8"?>
<stratego>
 <game type="classic">
  
  <field content="EDECEEBMBFKDHJGLEBFBDGDDIHGJBFHDIHFDIDGBAA__AA__AAAA__AA__AARSUWUPSNSRNPTPXTNOUPQRVTQPQVPRPNQYNTSPQN"/>
  <move id="1" source="F4" target="F5"/>
  <move id="2" source="F7" target="F6"/>
  <move id="3" source="G4" target="F4"/>
  <move id="4" source="F8" target="F7"/>
  <move id="5" source="E4" target="E5"/>
  <move id="6" source="F6" target="F5"/>
  <move id="7" source="F4" target="F5"/>
  <move id="8" source="F7" target="F8"/>
  <move id="9" source="F5" target="F6"/>
  <move id="10" source="A7" target="A6"/>
  <move id="11" source="F6" target="F7"/>
  <move id="12" source="B7" target="A7"/>
  <move id="13" source="E5" target="E6"/>
  <move id="14" source="A6" target="A5"/>
  <move id="15" source="F7" target="E7"/>
  <move id="16" source="B8" target="B7"/>
  <move id="17" source="D4" target="E4"/>
  <move id="18" source="B7" target="B6"/>
  <move id="19" source="A4" target="A5"/>
  <move id="20" source="B6" target="A6"/>
  <move id="21" source="A5" target="B5"/>
  <move id="22" source="C7" target="B7"/>
  <move id="23" source="E6" target="E7"/>
  <move id="24" source="B7" target="B6"/>
  <move id="25" source="B5" target="A5"/>
  <move id="26" source="B6" target="B5"/>
  <move id="27" source="A5" target="A6"/>
  <move id="28" source="A7" target="B7"/>
  <move id="29" source="E7" target="D7"/>
  <move id="30" source="B7" target="B8"/>
  <move id="31" source="A6" target="A7"/>
  <move id="32" source="D7" target="C7"/>
  <move id="33" source="A7" target="A8"/>
  <move id="34" source="C7" target="D7"/>
  <move id="35" source="B4" target="B5"/>
  <move id="36" source="B5" target="B6"/>
  <move id="37" source="C4" target="B4"/>
  <move id="38" source="B6" target="B7"/>
  <move id="39" source="B4" target="B5"/>
  <move id="40" source="B7" target="C7"/>
  <move id="41" source="B5" target="B6"/>
  <move id="42" source="K7" target="K6"/>
  <move id="43" source="B6" target="B7"/>
  <move id="44" source="K6" target="K5"/>
  <move id="45" source="B7" target="B8"/>
  <move id="46" source="K8" target="K7"/>
  <move id="47" source="B8" target="C8"/>
  <move id="48" source="C9" target="C8"/>
  <move id="49" source="B3" target="B4"/>
  <move id="50" source="C8" target="C9"/>
  <move id="51" source="B4" target="B5"/>
  <move id="52" source="C7" target="C8"/>
  <move id="53" source="B5" target="B6"/>
  <move id="54" source="B9" target="B8"/>
  <move id="55" source="B6" target="B7"/>
  <move id="56" source="B8" target="B7"/>
  <move id="57" source="B7" target="B6"/>
  <move id="58" source="K7" target="K6"/>
  <move id="59" source="B6" target="A6"/>
  <move id="60" source="K6" target="I6"/>
  <move id="61" source="B2" target="B:"/>
  <move id="62" source="I6" target="I5"/>
  <move id="63" source="A2" target="B2"/>
  <move id="64" source="I5" target="I4"/>
  <move id="65" source="H4" target="G4"/>
  <move id="66" source="I7" target="I6"/>
  <move id="67" source="B2" target="B3"/>
  <move id="68" source="I6" target="I5"/>
  <move id="69" source="I4" target="H4"/>
  <move id="70" source="I5" target="I4"/>
  <move id="71" source="B3" target="B4"/>
  <move id="72" source="I4" target="H4"/>
  <move id="73" source="B4" target="B5"/>
  <move id="74" source="D7" target="E7"/>
  <move id="75" source="B5" target="B6"/>
  <move id="76" source="D8" target="D7"/>
  <move id="77" source="B6" target="B7"/>
  <move id="78" source="D7" target="B7"/>
  <move id="79" source="B7" target="B8"/>
  <move id="80" source="C8" target="C7"/>
  <move id="81" source="B8" target="C8"/>
  <move id="82" source="E8" target="D8"/>
  <move id="83" source="C8" target="C7"/>
  <move id="84" source="D8" target="D7"/>
  <move id="85" source="C7" target="C8"/>
  <move id="86" source="K5" target="K4"/>
  <move id="87" source="A3" target="B3"/>
  <move id="88" source="D9" target="D8"/>
  <move id="89" source="C8" target="C9"/>
  <move id="90" source="D7" target="C7"/>
  <move id="91" source="B3" target="B4"/>
  <move id="92" source="C7" target="C8"/>
  <move id="93" source="C9" target="C:"/>
  <move id="94" source="C8" target="C9"/>
  <move id="95" source="C:" target="D:"/>
  <player id="1">Player 1</player>
  <player id="2">Player 2</player>
  <result type="1" winner="1"/>
 </game>
</stratego>