<?xml version="1.0" encoding="UTF-8"?>
<stratego>
 <game type="classic">
  
  <field content="EGFBFBFMBIHJBEBIBDDGDGDHHECKHEFDDLIDJEDGAA__AA__AAAA__AA__AAQUOSQTNRTPTXPVNPQWPNVTSUNSQUPRRNYRNQSPPP"/>
  <move id="1" source="F4" target="F7"/>
  <move id="2" source="I7" target="I6"/>
  <move id="3" source="E4" target="F4"/>
  <move id="4" source="I6" target="I5"/>
  <move id="5" source="D4" target="E4"/>
  <move id="6" source="I8" target="I7"/>
  <move id="7" source="E4" target="E5"/>
  <move id="8" source="I7" target="I6"/>
  <move id="9" source="E5" target="E6"/>
  <move id="10" source="K7" target="K4"/>
  <move id="11" source="E6" target="F6"/>
  <move id="12" source="H8" target="I8"/>
  <move id="13" source="C4" target="D4"/>
  <move id="14" source="I8" target="I7"/>
  <move id="15" source="D4" target="E4"/>
  <move id="16" source="I7" target="K7"/>
  <move id="17" source="E4" target="E7"/>
  <move id="18" source="K7" target="K6"/>
  <move id="19" source="E3" target="E4"/>
  <move id="20" source="I5" target="K5"/>
  <move id="21" source="E4" target="E5"/>
  <move id="22" source="H9" target="H8"/>
  <move id="23" source="E5" target="E6"/>
  <move id="24" source="H8" target="I8"/>
  <move id="25" source="A4" target="A5"/>
  <move id="26" source="I8" target="I7"/>
  <move id="27" source="A5" target="A6"/>
  <move id="28" source="K5" target="K4"/>
  <move id="29" source="I4" target="I6"/>
  <move id="30" source="K4" target="K3"/>
  <move id="31" source="I3" target="K3"/>
  <move id="32" source="I7" target="I6"/>
  <move id="33" source="K2" target="K3"/>
  <move id="34" source="I6" target="I5"/>
  <move id="35" source="K3" target="I3"/>
  <move id="36" source="I5" target="K5"/>
  <move id="37" source="B4" target="B7"/>
  <move id="38" source="K5" target="K4"/>
  <move id="39" source="A6" target="A7"/>
  <move id="40" source="B7" target="A7"/>
  <move id="41" source="E6" target="E7"/>
  <move id="42" source="F7" target="E7"/>
  <move id="43" source="F6" target="F7"/>
  <move id="44" source="A7" target="B7"/>
  <move id="45" source="D3" target="E3"/>
  <move id="46" source="D7" target="E7"/>
  <move id="47" source="E3" target="E4"/>
  <move id="48" source="E7" target="E6"/>
  <move id="49" source="E4" target="E5"/>
  <move id="50" source="F8" target="F7"/>
  <move id="51" source="E5" target="E6"/>
  <move id="52" source="K6" target="I6"/>
  <move id="53" source="F7" target="F6"/>
  <move id="54" source="I6" target="I5"/>
  <move id="55" source="F6" target="F5"/>
  <move id="56" source="I5" target="I4"/>
  <move id="57" source="E6" target="F6"/>
  <move id="58" source="I4" target="I3"/>
  <move id="59" source="H3" target="I3"/>
  <move id="60" source="I9" target="I4"/>
  <move id="61" source="F6" target="F7"/>
  <move id="62" source="I4" target="H4"/>
  <move id="63" source="F5" target="F6"/>
  <move id="64" source="K9" target="I9"/>
  <move id="65" source="F7" target="G7"/>
  <move id="66" source="I9" target="I8"/>
  <move id="67" source="F6" target="F7"/>
  <move id="68" source="I8" target="I7"/>
  <move id="69" source="F7" target="E7"/>
  <move id="70" source="I7" target="I6"/>
  <move id="71" source="F3" target="E3"/>
  <move id="72" source="I6" target="I5"/>
  <move id="73" source="E3" target="E4"/>
  <move id="74" source="I5" target="I4"/>
  <move id="75" source="E4" target="E5"/>
  <move id="76" source="I4" target="H4"/>
  <move id="77" source="G4" target="H4"/>
  <move id="78" source="A8" target="A7"/>
  <move id="79" source="E5" target="F5"/>
  <move id="80" source="A7" target="A6"/>
  <move id="81" source="F5" target="F6"/>
  <move id="82" source="A6" target="A5"/>
  <move id="83" source="F6" target="F7"/>
  <move id="84" source="A9" target="A8"/>
  <move id="85" source="F7" target="F8"/>
  <move id="86" source="F9" target="F8"/>
  <move id="87" source="F4" target="F5"/>
  <move id="88" source="A8" target="A7"/>
  <move id="89" source="F5" target="F6"/>
  <move id="90" source="A7" target="A6"/>
  <move id="91" source="F6" target="F7"/>
  <move id="92" source="F8" target="F9"/>
  <move id="93" source="F7" target="F8"/>
  <move id="94" source="A5" target="A4"/>
  <move id="95" source="E7" target="F7"/>
  <move id="96" source="A6" target="B6"/>
  <move id="97" source="C3" target="D3"/>
  <move id="98" source="B6" target="B5"/>
  <move id="99" source="D3" target="E3"/>
  <move id="100" source="B5" target="B4"/>
  <move id="101" source="E3" target="E8"/>
  <move id="102" source="A4" target="A3"/>
  <move id="103" source="D2" target="D3"/>
  <move id="104" source="A3" target="A4"/>
  <move id="105" source="D3" target="E3"/>
  <move id="106" source="B4" target="C4"/>
  <move id="107" source="E3" target="E4"/>
  <move id="108" source="C4" target="D4"/>
  <move id="109" source="E4" target="E5"/>
  <move id="110" source="D4" target="E4"/>
  <move id="111" source="E5" target="E6"/>
  <move id="112" source="D8" target="D7"/>
  <move id="113" source="E6" target="E7"/>
  <move id="114" source="E4" target="F4"/>
  <move id="115" source="E7" target="E8"/>
  <move id="116" source="D7" target="D8"/>
  <move id="117" source="E8" target="E9"/>
  <move id="118" source="F9" target="E9"/>
  <move id="119" source="F8" target="G8"/>
  <move id="120" source="D8" target="E8"/>
  <move id="121" source="A2" target="A3"/>
  <move id="122" source="A4" target="A5"/>
  <move id="123" source="A3" target="A4"/>
  <move id="124" source="A5" target="A6"/>
  <move id="125" source="A4" target="B4"/>
  <move id="126" source="F4" target="G4"/>
  <move id="127" source="G3" target="G4"/>
  <move id="128" source="G4" target="H4"/>
  <move id="129" source="H2" target="H4"/>
  <move id="130" source="C8" target="D8"/>
  <move id="131" source="H4" target="E4"/>
  <move id="132" source="D8" target="D7"/>
  <move id="133" source="E4" target="E8"/>
  <move id="134" source="K4" target="K5"/>
  <move id="135" source="I2" target="I3"/>
  <move id="136" source="K5" target="K6"/>
  <move id="137" source="I3" target="I4"/>
  <move id="138" source="K6" target="K7"/>
  <move id="139" source="G8" target="F8"/>
  <move id="140" source="D7" target="E7"/>
  <move id="141" source="F8" target="F9"/>
  <move id="142" source="E7" target="E4"/>
  <move id="143" source="B4" target="C4"/>
  <move id="144" source="B8" target="C8"/>
  <move id="145" source="I4" target="I8"/>
  <move id="146" source="I:" target="I8"/>
  <move id="147" source="C4" target="D4"/>
  <move id="148" source="C8" target="D8"/>
  <move id="149" source="D4" target="E4"/>
  <move id="150" source="C7" target="D7"/>
  <move id="151" source="F9" target="F8"/>
  <move id="152" source="D7" target="E7"/>
  <move id="153" source="F8" target="F9"/>
  <move id="154" source="E7" target="F7"/>
  <move id="155" source="F9" target="F:"/>
  <move id="156" source="E8" target="F8"/>
  <move id="157" source="F:" target="G:"/>
  <move id="158" source="G9" target="F9"/>
  <move id="159" source="G:" target="H:"/>
  <move id="160" source="F8" target="G8"/>
  <move id="161" source="H:" target="I:"/>
  <move id="162" source="K:" target="K9"/>
  <move id="163" source="I:" target="I9"/>
  <move id="164" source="G8" target="G9"/>
  <move id="165" source="I9" target="K9"/>
  <move id="166" source="G9" target="H9"/>
  <move id="167" source="B3" target="C3"/>
  <move id="168" source="H9" target="I9"/>
  <move id="169" source="K9" target="K8"/>
  <move id="170" source="I9" target="H9"/>
  <move id="171" source="E4" target="E5"/>
  <move id="172" source="H9" target="G9"/>
  <move id="173" source="E5" target="E6"/>
  <move id="174" source="G9" target="G8"/>
  <move id="175" source="E6" target="E7"/>
  <move id="176" source="G8" target="F8"/>
  <move id="177" source="E7" target="D7"/>
  <move id="178" source="D8" target="D7"/>
  <move id="179" source="F2" target="F3"/>
  <move id="180" source="F7" target="F6"/>
  <move id="181" source="F3" target="F4"/>
  <move id="182" source="F6" target="F5"/>
  <move id="183" source="F4" target="F5"/>
  <move id="184" source="F8" target="F7"/>
  <move id="185" source="F5" target="F4"/>
  <move id="186" source="F7" target="F6"/>
  <move id="187" source="F4" target="G4"/>
  <move id="188" source="F6" target="F5"/>
  <move id="189" source="G4" target="H4"/>
  <move id="190" source="K7" target="I7"/>
  <move id="191" source="H4" target="H3"/>
  <move id="192" source="I7" target="I6"/>
  <move id="193" source="H3" target="G3"/>
  <move id="194" source="I6" target="I5"/>
  <move id="195" source="B2" target="B3"/>
  <move id="196" source="B7" target="B6"/>
  <move id="197" source="B3" target="B4"/>
  <move id="198" source="B6" target="B5"/>
  <move id="199" source="B4" target="A4"/>
  <move id="200" source="B5" target="A5"/>
  <move id="201" source="A4" target="A5"/>
  <move id="202" source="A6" target="B6"/>
  <move id="203" source="A5" target="A6"/>
  <move id="204" source="B6" target="B5"/>
  <move id="205" source="A6" target="A7"/>
  <move id="206" source="D7" target="C7"/>
  <move id="207" source="A7" target="A8"/>
  <move id="208" source="C7" target="B7"/>
  <move id="209" source="A8" target="A9"/>
  <move id="210" source="B7" target="B8"/>
  <move id="211" source="A9" target="A:"/>
  <move id="212" source="B8" target="A8"/>
  <move id="213" source="A:" target="B:"/>
  <move id="214" source="A8" target="A7"/>
  <player id="1">Player 1</player>
  <player id="2">Player 2</player>
  <result type="3" winner="2"/>
 </game>
</stratego>