<?xml version="1.0" encoding="UTF-8"?>
<stratego>
 <game type="classic">
  
  <field content="EBEFIGBEBMIDHBCDJDDIFDGGKFDDJEHDGEBBHLHFAA__AA__AAAA__AA__AARPUQTSWQPTTPPVXPONSPNTNUPVURQSRQRNSYNPQN"/>
  <move id="1" source="I4" target="I5"/>
  <move id="2" source="I7" target="I5"/>
  <move id="3" source="H4" target="I4"/>
  <move id="4" source="K7" target="K6"/>
  <move id="5" source="I5" target="I6"/>
  <move id="6" source="K6" target="I6"/>
  <move id="7" source="I4" target="I5"/>
  <move id="8" source="E7" target="E6"/>
  <move id="9" source="I5" target="I6"/>
  <move id="10" source="E6" target="E5"/>
  <move id="11" source="I6" target="I7"/>
  <move id="12" source="E8" target="E7"/>
  <move id="13" source="K4" target="K5"/>
  <move id="14" source="E7" target="E6"/>
  <move id="15" source="K5" target="K6"/>
  <move id="16" source="F7" target="F6"/>
  <move id="17" source="K6" target="K7"/>
  <move id="18" source="F6" target="F5"/>
  <move id="19" source="K7" target="K8"/>
  <move id="20" source="I8" target="K8"/>
  <move id="21" source="G4" target="H4"/>
  <move id="22" source="F5" target="F4"/>
  <move id="23" source="H4" target="I4"/>
  <move id="24" source="E5" target="E4"/>
  <move id="25" source="I4" target="K4"/>
  <move id="26" source="A7" target="A6"/>
  <move id="27" source="I7" target="I8"/>
  <move id="28" source="A6" target="A5"/>
  <move id="29" source="K4" target="K5"/>
  <move id="30" source="A5" target="A4"/>
  <move id="31" source="A4" target="A5"/>
  <move id="32" source="B7" target="B4"/>
  <move id="33" source="A5" target="A6"/>
  <move id="34" source="A8" target="A7"/>
  <move id="35" source="K5" target="K6"/>
  <move id="36" source="A7" target="A6"/>
  <move id="37" source="K6" target="K7"/>
  <move id="38" source="B8" target="A8"/>
  <move id="39" source="K7" target="K8"/>
  <move id="40" source="A8" target="A3"/>
  <move id="41" source="H3" target="H4"/>
  <move id="42" source="D7" target="E7"/>
  <move id="43" source="H4" target="I4"/>
  <move id="44" source="E7" target="F7"/>
  <move id="45" source="I4" target="I7"/>
  <move id="46" source="F7" target="F6"/>
  <move id="47" source="I7" target="H7"/>
  <move id="48" source="F6" target="F5"/>
  <move id="49" source="I8" target="I7"/>
  <move id="50" source="E6" target="E5"/>
  <move id="51" source="K8" target="I8"/>
  <move id="52" source="C7" target="D7"/>
  <move id="53" source="G3" target="G4"/>
  <move id="54" source="D7" target="E7"/>
  <move id="55" source="G4" target="K4"/>
  <move id="56" source="E7" target="E6"/>
  <move id="57" source="K4" target="K9"/>
  <move id="58" source="E6" target="F6"/>
  <move id="59" source="I8" target="K8"/>
  <move id="60" source="F5" target="F4"/>
  <move id="61" source="F3" target="F4"/>
  <move id="62" source="F6" target="F5"/>
  <move id="63" source="E3" target="F3"/>
  <move id="64" source="F5" target="F4"/>
  <move id="65" source="F3" target="F4"/>
  <move id="66" source="F8" target="F7"/>
  <move id="67" source="E2" target="E3"/>
  <move id="68" source="F7" target="F6"/>
  <move id="69" source="E3" target="F3"/>
  <move id="70" source="E5" target="F5"/>
  <move id="71" source="K8" target="K9"/>
  <move id="72" source="B9" target="B8"/>
  <move id="73" source="K9" target="K8"/>
  <move id="74" source="B8" target="B7"/>
  <move id="75" source="I7" target="I8"/>
  <move id="76" source="B7" target="B6"/>
  <move id="77" source="K8" target="K7"/>
  <move id="78" source="B6" target="B5"/>
  <move id="79" source="K7" target="I7"/>
  <move id="80" source="B5" target="B4"/>
  <move id="81" source="I3" target="I4"/>
  <move id="82" source="B:" target="B9"/>
  <move id="83" source="I4" target="I5"/>
  <move id="84" source="B9" target="B8"/>
  <move id="85" source="I2" target="I4"/>
  <move id="86" source="B8" target="B7"/>
  <move id="87" source="I4" target="K4"/>
  <move id="88" source="B7" target="C7"/>
  <move id="89" source="K4" target="K:"/>
  <move id="90" source="C7" target="D7"/>
  <move id="91" source="H2" target="H4"/>
  <move id="92" source="D7" target="E7"/>
  <move id="93" source="H4" target="K4"/>
  <move id="94" source="E7" target="E6"/>
  <move id="95" source="K4" target="K9"/>
  <move id="96" source="E6" target="E5"/>
  <move id="97" source="K9" target="I9"/>
  <move id="98" source="E5" target="E4"/>
  <move id="99" source="F4" target="E4"/>
  <move id="100" source="F5" target="F4"/>
  <move id="101" source="F3" target="F4"/>
  <move id="102" source="F6" target="F4"/>
  <move id="103" source="E4" target="F4"/>
  <move id="104" source="B4" target="B3"/>
  <move id="105" source="I7" target="K7"/>
  <move id="106" source="B3" target="B2"/>
  <move id="107" source="A2" target="B2"/>
  <move id="108" source="D8" target="D7"/>
  <move id="109" source="B2" target="B3"/>
  <move id="110" source="D7" target="C7"/>
  <move id="111" source="D3" target="E3"/>
  <move id="112" source="C7" target="B7"/>
  <move id="113" source="E3" target="E4"/>
  <move id="114" source="B7" target="B6"/>
  <move id="115" source="C3" target="D3"/>
  <move id="116" source="B6" target="B5"/>
  <move id="117" source="D3" target="E3"/>
  <move id="118" source="B5" target="B4"/>
  <move id="119" source="E3" target="F3"/>
  <move id="120" source="B4" target="B3"/>
  <move id="121" source="K7" target="K8"/>
  <move id="122" source="B3" target="B2"/>
  <move id="123" source="K8" target="K9"/>
  <move id="124" source="B2" target="B1"/>
  <move id="125" source="K9" target="I9"/>
  <move id="126" source="F9" target="F8"/>
  <move id="127" source="I9" target="K9"/>
  <move id="128" source="F8" target="E8"/>
  <move id="129" source="K9" target="K8"/>
  <move id="130" source="E8" target="E7"/>
  <move id="131" source="F3" target="G3"/>
  <move id="132" source="E7" target="D7"/>
  <move id="133" source="G3" target="H3"/>
  <move id="134" source="D7" target="C7"/>
  <move id="135" source="A3" target="A4"/>
  <move id="136" source="C7" target="B7"/>
  <move id="137" source="A4" target="A5"/>
  <move id="138" source="B7" target="B6"/>
  <move id="139" source="A5" target="A6"/>
  <move id="140" source="B6" target="B5"/>
  <move id="141" source="C4" target="B4"/>
  <move id="142" source="B5" target="B4"/>
  <move id="143" source="K8" target="K7"/>
  <move id="144" source="B4" target="A4"/>
  <move id="145" source="A6" target="B6"/>
  <move id="146" source="A4" target="A3"/>
  <move id="147" source="K7" target="I7"/>
  <move id="148" source="A3" target="A2"/>
  <move id="149" source="I7" target="H7"/>
  <move id="150" source="G7" target="H7"/>
  <move id="151" source="F4" target="F5"/>
  <move id="152" source="A2" target="A1"/>
  <move id="153" source="F5" target="F6"/>
  <move id="154" source="H7" target="G7"/>
  <move id="155" source="F6" target="F7"/>
  <move id="156" source="G7" target="F7"/>
  <move id="157" source="I8" target="I7"/>
  <move id="158" source="A1" target="A2"/>
  <move id="159" source="I5" target="I4"/>
  <move id="160" source="A2" target="B2"/>
  <move id="161" source="I4" target="H4"/>
  <move id="162" source="B2" target="C2"/>
  <move id="163" source="H4" target="G4"/>
  <move id="164" source="C2" target="C1"/>
  <move id="165" source="E1" target="E2"/>
  <move id="166" source="C1" target="D1"/>
  <move id="167" source="E2" target="E3"/>
  <move id="168" source="D1" target="E1"/>
  <move id="169" source="E3" target="D3"/>
  <move id="170" source="E1" target="E2"/>
  <move id="171" source="D3" target="C3"/>
  <move id="172" source="E2" target="F2"/>
  <move id="173" source="C3" target="B3"/>
  <move id="174" source="F2" target="G2"/>
  <move id="175" source="G4" target="F4"/>
  <move id="176" source="D9" target="D8"/>
  <move id="177" source="B6" target="A6"/>
  <move id="178" source="D8" target="D7"/>
  <move id="179" source="B3" target="B4"/>
  <move id="180" source="D7" target="C7"/>
  <move id="181" source="B4" target="B5"/>
  <move id="182" source="C7" target="B7"/>
  <move id="183" source="A6" target="A5"/>
  <move id="184" source="B7" target="B6"/>
  <move id="185" source="F4" target="F5"/>
  <move id="186" source="B6" target="B5"/>
  <move id="187" source="F5" target="F6"/>
  <move id="188" source="C8" target="B8"/>
  <move id="189" source="F6" target="F7"/>
  <move id="190" source="B8" target="B7"/>
  <move id="191" source="F7" target="E7"/>
  <move id="192" source="B7" target="A7"/>
  <move id="193" source="A5" target="A6"/>
  <move id="194" source="A7" target="A6"/>
  <move id="195" source="A6" target="A7"/>
  <move id="196" source="A:" target="B:"/>
  <move id="197" source="A7" target="A8"/>
  <move id="198" source="B:" target="B9"/>
  <move id="199" source="A8" target="A9"/>
  <move id="200" source="B9" target="B8"/>
  <move id="201" source="E4" target="E3"/>
  <move id="202" source="B8" target="B7"/>
  <move id="203" source="D4" target="E4"/>
  <move id="204" source="B7" target="A7"/>
  <move id="205" source="E3" target="D3"/>
  <move id="206" source="A7" target="A6"/>
  <move id="207" source="D3" target="C3"/>
  <move id="208" source="A6" target="A5"/>
  <move id="209" source="C3" target="B3"/>
  <move id="210" source="A5" target="A4"/>
  <move id="211" source="E4" target="E5"/>
  <move id="212" source="C:" target="B:"/>
  <move id="213" source="E5" target="E6"/>
  <move id="214" source="B:" target="B9"/>
  <move id="215" source="E6" target="F6"/>
  <move id="216" source="B9" target="B8"/>
  <move id="217" source="F6" target="F7"/>
  <move id="218" source="B8" target="C8"/>
  <move id="219" source="F7" target="F8"/>
  <move id="220" source="C8" target="C7"/>
  <move id="221" source="F8" target="G8"/>
  <move id="222" source="G9" target="G8"/>
  <move id="223" source="I7" target="H7"/>
  <move id="224" source="G8" target="F8"/>
  <move id="225" source="H7" target="G7"/>
  <move id="226" source="F8" target="E8"/>
  <move id="227" source="E7" target="E8"/>
  <move id="228" source="I:" target="I9"/>
  <move id="229" source="G7" target="H7"/>
  <move id="230" source="I9" target="K9"/>
  <move id="231" source="H7" target="I7"/>
  <move id="232" source="K9" target="K8"/>
  <move id="233" source="E8" target="E7"/>
  <move id="234" source="H:" target="I:"/>
  <move id="235" source="E7" target="F7"/>
  <move id="236" source="K8" target="K7"/>
  <move id="237" source="I7" target="K7"/>
  <move id="238" source="I:" target="I1"/>
  <move id="239" source="K7" target="I7"/>
  <player id="1">Player 1</player>
  <player id="2">Player 2</player>
  <result type="3" winner="1"/>
 </game>
</stratego>