<?xml version="1.0" encoding="UTF-8"?>
<stratego>
 <game type="classic">
  
  <field content="JDBMIBEGEFDJIHGHBEBDLKCHEBEDDFGFIHDDBGFDAA__AA__AAAA__AA__AAPSTPSSPPRRTQXQPPPSQTNUVURNQVUNYWONNRQNPT"/>
  <move id="1" source="A4" target="A5"/>
  <move id="2" source="I7" target="I6"/>
  <move id="3" source="A5" target="A6"/>
  <move id="4" source="I6" target="I5"/>
  <move id="5" source="A3" target="A4"/>
  <move id="6" source="F7" target="F6"/>
  <move id="7" source="A4" target="A5"/>
  <move id="8" source="F6" target="F5"/>
  <move id="9" source="B4" target="A4"/>
  <move id="10" source="E7" target="E6"/>
  <move id="11" source="C4" target="B4"/>
  <move id="12" source="D7" target="E7"/>
  <move id="13" source="B4" target="B5"/>
  <move id="14" source="E6" target="E5"/>
  <move id="15" source="B5" target="B6"/>
  <move id="16" source="E7" target="E6"/>
  <move id="17" source="A6" target="A7"/>
  <move id="18" source="E8" target="E7"/>
  <move id="19" source="A5" target="A6"/>
  <move id="20" source="E6" target="F6"/>
  <move id="21" source="A7" target="B7"/>
  <move id="22" source="E7" target="E6"/>
  <move id="23" source="A6" target="A7"/>
  <move id="24" source="K7" target="K6"/>
  <move id="25" source="A7" target="B7"/>
  <move id="26" source="K6" target="K5"/>
  <move id="27" source="A4" target="A5"/>
  <move id="28" source="H7" target="I7"/>
  <move id="29" source="A5" target="A6"/>
  <move id="30" source="I7" target="I6"/>
  <move id="31" source="A6" target="A7"/>
  <move id="32" source="G7" target="H7"/>
  <move id="33" source="A7" target="A8"/>
  <move id="34" source="H7" target="I7"/>
  <move id="35" source="B6" target="A6"/>
  <move id="36" source="I7" target="K7"/>
  <move id="37" source="A6" target="A7"/>
  <move id="38" source="K7" target="K6"/>
  <move id="39" source="A7" target="A8"/>
  <move id="40" source="B8" target="B7"/>
  <move id="41" source="A8" target="B8"/>
  <move id="42" source="C8" target="B8"/>
  <move id="43" source="B7" target="B8"/>
  <move id="44" source="D8" target="C8"/>
  <move id="45" source="B3" target="B4"/>
  <move id="46" source="C8" target="B8"/>
  <move id="47" source="B4" target="B5"/>
  <move id="48" source="B8" target="A8"/>
  <move id="49" source="B5" target="A5"/>
  <move id="50" source="E5" target="E4"/>
  <move id="51" source="A5" target="A6"/>
  <move id="52" source="A8" target="B8"/>
  <move id="53" source="A6" target="B6"/>
  <move id="54" source="B8" target="C8"/>
  <move id="55" source="B6" target="B7"/>
  <move id="56" source="C8" target="D8"/>
  <move id="57" source="B7" target="B8"/>
  <move id="58" source="D8" target="D7"/>
  <move id="59" source="A2" target="A9"/>
  <move id="60" source="E6" target="E5"/>
  <move id="61" source="C3" target="B3"/>
  <move id="62" source="F8" target="B8"/>
  <move id="63" source="B3" target="B4"/>
  <move id="64" source="E4" target="D4"/>
  <move id="65" source="B4" target="B5"/>
  <move id="66" source="E5" target="E4"/>
  <move id="67" source="B5" target="B6"/>
  <move id="68" source="E4" target="E3"/>
  <move id="69" source="D4" target="E4"/>
  <move id="70" source="D9" target="D8"/>
  <move id="71" source="D3" target="D4"/>
  <move id="72" source="D8" target="E8"/>
  <move id="73" source="E3" target="D3"/>
  <move id="74" source="E8" target="E7"/>
  <move id="75" source="D3" target="C3"/>
  <move id="76" source="E7" target="E6"/>
  <move id="77" source="C3" target="B3"/>
  <move id="78" source="E6" target="E5"/>
  <move id="79" source="B3" target="B4"/>
  <move id="80" source="C9" target="D9"/>
  <move id="81" source="B4" target="A4"/>
  <move id="82" source="D9" target="D8"/>
  <move id="83" source="A4" target="A5"/>
  <move id="84" source="D8" target="E8"/>
  <move id="85" source="A5" target="A6"/>
  <move id="86" source="F6" target="F8"/>
  <move id="87" source="A6" target="A7"/>
  <move id="88" source="F5" target="F6"/>
  <move id="89" source="A7" target="A8"/>
  <move id="90" source="E5" target="F5"/>
  <move id="91" source="B8" target="C8"/>
  <move id="92" source="E8" target="E7"/>
  <move id="93" source="B6" target="B7"/>
  <move id="94" source="E7" target="E6"/>
  <move id="95" source="B7" target="B8"/>
  <move id="96" source="E6" target="E5"/>
  <move id="97" source="B8" target="B9"/>
  <move id="98" source="E5" target="E4"/>
  <move id="99" source="D4" target="C4"/>
  <move id="100" source="E4" target="D4"/>
  <move id="101" source="C4" target="B4"/>
  <move id="102" source="D4" target="C4"/>
  <move id="103" source="B4" target="B3"/>
  <move id="104" source="F6" target="E6"/>
  <move id="105" source="A1" target="A2"/>
  <move id="106" source="C4" target="B4"/>
  <move id="107" source="B3" target="C3"/>
  <move id="108" source="E6" target="E5"/>
  <move id="109" source="A2" target="A3"/>
  <move id="110" source="B4" target="C4"/>
  <move id="111" source="C3" target="B3"/>
  <move id="112" source="E5" target="E4"/>
  <move id="113" source="A3" target="A4"/>
  <move id="114" source="C4" target="C3"/>
  <move id="115" source="B3" target="B4"/>
  <move id="116" source="C3" target="B3"/>
  <move id="117" source="B2" target="B3"/>
  <move id="118" source="E4" target="E3"/>
  <move id="119" source="A4" target="A5"/>
  <move id="120" source="F8" target="E8"/>
  <move id="121" source="A5" target="A6"/>
  <move id="122" source="E8" target="E4"/>
  <move id="123" source="A6" target="B6"/>
  <move id="124" source="C7" target="B7"/>
  <move id="125" source="B6" target="B7"/>
  <move id="126" source="E4" target="D4"/>
  <move id="127" source="B7" target="B8"/>
  <move id="128" source="D4" target="D2"/>
  <move id="129" source="B8" target="B9"/>
  <move id="130" source="B:" target="B9"/>
  <move id="131" source="C8" target="B8"/>
  <move id="132" source="B9" target="C9"/>
  <move id="133" source="A8" target="A9"/>
  <move id="134" source="C:" target="B:"/>
  <move id="135" source="A9" target="A:"/>
  <player id="1">Player 1</player>
  <player id="2">Player 2</player>
  <result type="1" winner="1"/>
 </game>
</stratego>