<?xml version="1.0" encoding="UTF-8"?>
<stratego>
 <game type="classic">
  
  <field content="DBEFBFMGBDHEGBFBHJKGDDBEHIECIDFJLIGDDEDHAA__AA__AAAA__AA__AATQTSPSQNPRWUXVTUPQTNPOSNRUVPPRSQNYNRQNPP"/>
  <move id="1" source="A4" target="A5"/>
  <move id="2" source="A7" target="A6"/>
  <move id="3" source="A5" target="A6"/>
  <move id="4" source="A6" target="A5"/>
  <move id="5" source="B4" target="B5"/>
  <move id="6" source="A8" target="A7"/>
  <move id="7" source="B5" target="B6"/>
  <move id="8" source="A5" target="A6"/>
  <move id="9" source="B3" target="B4"/>
  <move id="10" source="A6" target="B6"/>
  <move id="11" source="B4" target="A4"/>
  <move id="12" source="A7" target="A6"/>
  <move id="13" source="B6" target="B5"/>
  <move id="14" source="A6" target="B6"/>
  <move id="15" source="B5" target="B4"/>
  <move id="16" source="A9" target="A4"/>
  <move id="17" source="A3" target="A4"/>
  <move id="18" source="B7" target="A7"/>
  <move id="19" source="A4" target="A5"/>
  <move id="20" source="A7" target="A6"/>
  <move id="21" source="A5" target="B5"/>
  <move id="22" source="B6" target="B7"/>
  <move id="23" source="B5" target="B7"/>
  <move id="24" source="B7" target="B6"/>
  <move id="25" source="B4" target="B3"/>
  <move id="26" source="B6" target="B5"/>
  <move id="27" source="C4" target="B4"/>
  <move id="28" source="B5" target="B6"/>
  <move id="29" source="B4" target="B5"/>
  <move id="30" source="B6" target="B7"/>
  <move id="31" source="B5" target="B6"/>
  <move id="32" source="B7" target="A7"/>
  <move id="33" source="B6" target="B7"/>
  <move id="34" source="A7" target="A8"/>
  <move id="35" source="B7" target="A7"/>
  <move id="36" source="A8" target="A9"/>
  <move id="37" source="A7" target="A8"/>
  <move id="38" source="A6" target="A7"/>
  <move id="39" source="B3" target="B4"/>
  <move id="40" source="A7" target="A8"/>
  <move id="41" source="A8" target="A9"/>
  <move id="42" source="B9" target="A9"/>
  <move id="43" source="B4" target="B5"/>
  <move id="44" source="B8" target="B9"/>
  <move id="45" source="B5" target="B6"/>
  <move id="46" source="C8" target="B8"/>
  <move id="47" source="B6" target="B7"/>
  <move id="48" source="B8" target="B7"/>
  <move id="49" source="I4" target="I7"/>
  <move id="50" source="B7" target="B8"/>
  <move id="51" source="K4" target="I4"/>
  <move id="52" source="C7" target="B7"/>
  <move id="53" source="I4" target="I5"/>
  <move id="54" source="B7" target="B6"/>
  <move id="55" source="I5" target="I6"/>
  <move id="56" source="D8" target="C8"/>
  <move id="57" source="I6" target="I7"/>
  <move id="58" source="C8" target="C7"/>
  <move id="59" source="I3" target="I4"/>
  <move id="60" source="C7" target="B7"/>
  <move id="61" source="I4" target="I5"/>
  <move id="62" source="E7" target="E4"/>
  <move id="63" source="I5" target="I6"/>
  <move id="64" source="E8" target="E7"/>
  <move id="65" source="I2" target="I3"/>
  <move id="66" source="E7" target="E6"/>
  <move id="67" source="I3" target="I4"/>
  <move id="68" source="E6" target="E5"/>
  <move id="69" source="I4" target="I5"/>
  <move id="70" source="B8" target="C8"/>
  <move id="71" source="I7" target="I8"/>
  <move id="72" source="C8" target="D8"/>
  <move id="73" source="K3" target="K7"/>
  <move id="74" source="E5" target="E4"/>
  <move id="75" source="D4" target="E4"/>
  <move id="76" source="D8" target="E8"/>
  <move id="77" source="I6" target="K6"/>
  <move id="78" source="E8" target="E7"/>
  <move id="79" source="K6" target="K7"/>
  <move id="80" source="E7" target="E6"/>
  <move id="81" source="E4" target="D4"/>
  <move id="82" source="E6" target="E5"/>
  <move id="83" source="D4" target="C4"/>
  <move id="84" source="B6" target="A6"/>
  <move id="85" source="I5" target="K5"/>
  <move id="86" source="B7" target="B6"/>
  <move id="87" source="H4" target="I4"/>
  <move id="88" source="B6" target="B5"/>
  <move id="89" source="I4" target="I5"/>
  <move id="90" source="B5" target="B4"/>
  <move id="91" source="I5" target="I6"/>
  <move id="92" source="B4" target="C4"/>
  <move id="93" source="I6" target="I7"/>
  <move id="94" source="F7" target="F6"/>
  <move id="95" source="K5" target="I5"/>
  <move id="96" source="F6" target="F5"/>
  <move id="97" source="I5" target="I6"/>
  <move id="98" source="F5" target="F4"/>
  <move id="99" source="F3" target="F4"/>
  <move id="100" source="E5" target="F5"/>
  <move id="101" source="I7" target="I8"/>
  <move id="102" source="C4" target="D4"/>
  <move id="103" source="I6" target="I7"/>
  <move id="104" source="D4" target="E4"/>
  <move id="105" source="K7" target="K8"/>
  <move id="106" source="E4" target="F4"/>
  <move id="107" source="I8" target="I9"/>
  <move id="108" source="F8" target="E8"/>
  <move id="109" source="I7" target="I8"/>
  <move id="110" source="H8" target="I8"/>
  <move id="111" source="I9" target="I:"/>
  <move id="112" source="F5" target="F6"/>
  <move id="113" source="I:" target="H:"/>
  <move id="114" source="F6" target="F7"/>
  <move id="115" source="I8" target="I9"/>
  <move id="116" source="G8" target="I8"/>
  <move id="117" source="I9" target="I:"/>
  <move id="118" source="F7" target="F8"/>
  <move id="119" source="H:" target="G:"/>
  <move id="120" source="F8" target="G8"/>
  <move id="121" source="I:" target="H:"/>
  <move id="122" source="F9" target="F8"/>
  <move id="123" source="H:" target="G:"/>
  <move id="124" source="G9" target="F9"/>
  <move id="125" source="G:" target="F:"/>
  <move id="126" source="G8" target="G9"/>
  <move id="127" source="H2" target="I2"/>
  <move id="128" source="F8" target="F7"/>
  <move id="129" source="I2" target="I3"/>
  <move id="130" source="F9" target="F8"/>
  <move id="131" source="I3" target="I4"/>
  <move id="132" source="I8" target="I9"/>
  <move id="133" source="I4" target="I5"/>
  <move id="134" source="F8" target="G8"/>
  <move id="135" source="I5" target="I6"/>
  <move id="136" source="G8" target="H8"/>
  <move id="137" source="I6" target="I7"/>
  <move id="138" source="H8" target="I8"/>
  <move id="139" source="I7" target="I8"/>
  <move id="140" source="F7" target="F8"/>
  <move id="141" source="F:" target="E:"/>
  <move id="142" source="F4" target="G4"/>
  <player id="1">Player 1</player>
  <player id="2">Player 2</player>
  <result type="3" winner="2"/>
 </game>
</stratego>