<?xml version="1.0" encoding="UTF-8"?>
<stratego>
 <game type="classic">
  
  <field content="MIEDDEEBEDBJHIHJFBGDHGKCEGLIBFBDFHBDFGDDAA__AA__AAAA__AA__AARPPRNTUXRSTPSTRWONTPPPUVPQVQUNQSQPSNQNNY"/>
  <move id="1" source="B4" target="B5"/>
  <move id="2" source="B7" target="B5"/>
  <move id="3" source="B3" target="B4"/>
  <move id="4" source="B8" target="B4"/>
  <move id="5" source="B4" target="B3"/>
  <move id="6" source="A7" target="A6"/>
  <move id="7" source="B3" target="B4"/>
  <move id="8" source="A6" target="A5"/>
  <move id="9" source="B2" target="B3"/>
  <move id="10" source="C8" target="B8"/>
  <move id="11" source="B3" target="B2"/>
  <move id="12" source="B8" target="B7"/>
  <move id="13" source="C3" target="B3"/>
  <move id="14" source="B7" target="B6"/>
  <move id="15" source="D3" target="C3"/>
  <move id="16" source="B6" target="B5"/>
  <move id="17" source="E3" target="D3"/>
  <move id="18" source="B5" target="B4"/>
  <move id="19" source="C4" target="B4"/>
  <move id="20" source="A5" target="A4"/>
  <move id="21" source="E2" target="E3"/>
  <move id="22" source="K7" target="K6"/>
  <move id="23" source="D2" target="E2"/>
  <move id="24" source="K6" target="K5"/>
  <move id="25" source="C2" target="D2"/>
  <move id="26" source="K5" target="K4"/>
  <move id="27" source="I4" target="I5"/>
  <move id="28" source="K4" target="K3"/>
  <move id="29" source="H4" target="I4"/>
  <move id="30" source="K3" target="K2"/>
  <move id="31" source="I2" target="K2"/>
  <move id="32" source="K8" target="K4"/>
  <move id="33" source="H3" target="H4"/>
  <move id="34" source="K4" target="I4"/>
  <move id="35" source="I4" target="K4"/>
  <move id="36" source="I7" target="I6"/>
  <move id="37" source="H4" target="I4"/>
  <move id="38" source="I6" target="I5"/>
  <move id="39" source="I4" target="H4"/>
  <move id="40" source="I8" target="I7"/>
  <move id="41" source="K4" target="I4"/>
  <move id="42" source="I7" target="I6"/>
  <move id="43" source="H4" target="H3"/>
  <move id="44" source="H7" target="I7"/>
  <move id="45" source="G4" target="H4"/>
  <move id="46" source="I7" target="K7"/>
  <move id="47" source="G3" target="G4"/>
  <move id="48" source="K7" target="K6"/>
  <move id="49" source="K1" target="K6"/>
  <move id="50" source="K6" target="K5"/>
  <move id="51" source="H3" target="G3"/>
  <move id="52" source="K5" target="K4"/>
  <move id="53" source="H4" target="H3"/>
  <move id="54" source="K4" target="I4"/>
  <move id="55" source="F4" target="F5"/>
  <move id="56" source="I5" target="K5"/>
  <move id="57" source="D2" target="C2"/>
  <move id="58" source="K5" target="K4"/>
  <move id="59" source="D3" target="D2"/>
  <move id="60" source="K4" target="K3"/>
  <move id="61" source="C3" target="D3"/>
  <move id="62" source="K3" target="I3"/>
  <move id="63" source="F3" target="F4"/>
  <move id="64" source="I6" target="I5"/>
  <move id="65" source="E3" target="F3"/>
  <move id="66" source="I5" target="K5"/>
  <move id="67" source="D3" target="E3"/>
  <move id="68" source="K5" target="K4"/>
  <move id="69" source="F5" target="E5"/>
  <move id="70" source="K4" target="K3"/>
  <move id="71" source="F4" target="F5"/>
  <move id="72" source="K3" target="K2"/>
  <move id="73" source="F3" target="F4"/>
  <move id="74" source="K2" target="I2"/>
  <move id="75" source="E3" target="F3"/>
  <move id="76" source="I2" target="H2"/>
  <move id="77" source="F5" target="F6"/>
  <move id="78" source="I9" target="I8"/>
  <move id="79" source="F4" target="F5"/>
  <move id="80" source="G7" target="H7"/>
  <move id="81" source="E2" target="E3"/>
  <move id="82" source="I8" target="K8"/>
  <move id="83" source="F2" target="E2"/>
  <move id="84" source="K8" target="K7"/>
  <move id="85" source="G2" target="F2"/>
  <move id="86" source="H9" target="I9"/>
  <move id="87" source="G3" target="G2"/>
  <move id="88" source="I9" target="I8"/>
  <move id="89" source="B3" target="C3"/>
  <move id="90" source="I4" target="H4"/>
  <move id="91" source="G4" target="F4"/>
  <move id="92" source="H4" target="H3"/>
  <move id="93" source="F6" target="E6"/>
  <move id="94" source="I8" target="I7"/>
  <move id="95" source="F5" target="F6"/>
  <move id="96" source="I7" target="I6"/>
  <move id="97" source="F4" target="F5"/>
  <move id="98" source="I6" target="I5"/>
  <move id="99" source="F5" target="F4"/>
  <move id="100" source="I5" target="I4"/>
  <move id="101" source="F4" target="F5"/>
  <move id="102" source="I4" target="I3"/>
  <move id="103" source="G2" target="G3"/>
  <move id="104" source="I3" target="I2"/>
  <move id="105" source="G3" target="G2"/>
  <move id="106" source="I2" target="I1"/>
  <move id="107" source="E6" target="E7"/>
  <move id="108" source="K7" target="K6"/>
  <move id="109" source="F5" target="F4"/>
  <move id="110" source="K6" target="K5"/>
  <move id="111" source="F4" target="G4"/>
  <move id="112" source="K5" target="K4"/>
  <move id="113" source="D2" target="D3"/>
  <move id="114" source="K4" target="K3"/>
  <move id="115" source="B2" target="B3"/>
  <move id="116" source="K3" target="K2"/>
  <move id="117" source="C2" target="B2"/>
  <move id="118" source="K2" target="K1"/>
  <move id="119" source="E2" target="D2"/>
  <move id="120" source="K1" target="I1"/>
  <move id="121" source="F2" target="E2"/>
  <move id="122" source="I1" target="H1"/>
  <move id="123" source="B4" target="B5"/>
  <move id="124" source="H3" target="G3"/>
  <player id="1">Player 1</player>
  <player id="2">Player 2</player>
  <result type="3" winner="1"/>
 </game>
</stratego>