<?xml version="1.0" encoding="UTF-8"?>
<stratego>
 <game type="classic">
  
  <field content="FEGBHEHBBMBDDEGIJIEBDHDDBJCFHLFDDDFGKEIGAA__AA__AAAA__AA__AAPNRUSRQURPPSPWPNVXTSTUVOTPTPQNQNRNSQPQNY"/>
  <move id="1" source="F4" target="F5"/>
  <move id="2" source="A7" target="A6"/>
  <move id="3" source="F5" target="F6"/>
  <move id="4" source="A6" target="B6"/>
  <move id="5" source="G4" target="F4"/>
  <move id="6" source="I7" target="I6"/>
  <move id="7" source="F4" target="F5"/>
  <move id="8" source="I6" target="I5"/>
  <move id="9" source="E4" target="E5"/>
  <move id="10" source="I8" target="I7"/>
  <move id="11" source="I4" target="I5"/>
  <move id="12" source="I7" target="I6"/>
  <move id="13" source="I5" target="I4"/>
  <move id="14" source="I6" target="I5"/>
  <move id="15" source="H4" target="G4"/>
  <move id="16" source="A8" target="A7"/>
  <move id="17" source="I4" target="H4"/>
  <move id="18" source="I5" target="I4"/>
  <move id="19" source="K4" target="K5"/>
  <move id="20" source="I4" target="I3"/>
  <move id="21" source="K5" target="K6"/>
  <move id="22" source="H7" target="I7"/>
  <move id="23" source="H3" target="I3"/>
  <move id="24" source="I7" target="I6"/>
  <move id="25" source="K6" target="K5"/>
  <move id="26" source="I6" target="I5"/>
  <move id="27" source="K5" target="K4"/>
  <move id="28" source="H8" target="H7"/>
  <move id="29" source="I3" target="I4"/>
  <move id="30" source="I5" target="K5"/>
  <move id="31" source="I4" target="I5"/>
  <move id="32" source="K5" target="K4"/>
  <move id="33" source="K3" target="K4"/>
  <move id="34" source="H7" target="I7"/>
  <move id="35" source="K4" target="K5"/>
  <move id="36" source="I7" target="I6"/>
  <move id="37" source="I5" target="I4"/>
  <move id="38" source="K7" target="K6"/>
  <move id="39" source="K5" target="I5"/>
  <move id="40" source="I6" target="I7"/>
  <move id="41" source="I4" target="K4"/>
  <move id="42" source="I7" target="I8"/>
  <move id="43" source="K4" target="K5"/>
  <move id="44" source="K6" target="K7"/>
  <move id="45" source="I5" target="I6"/>
  <move id="46" source="I8" target="H8"/>
  <move id="47" source="K5" target="K6"/>
  <move id="48" source="E7" target="E6"/>
  <move id="49" source="K6" target="K5"/>
  <move id="50" source="E8" target="E7"/>
  <move id="51" source="K5" target="I5"/>
  <move id="52" source="D8" target="E8"/>
  <move id="53" source="H4" target="I4"/>
  <move id="54" source="E6" target="E5"/>
  <move id="55" source="F6" target="F7"/>
  <move id="56" source="G7" target="H7"/>
  <move id="57" source="I4" target="K4"/>
  <move id="58" source="E5" target="F5"/>
  <move id="59" source="F7" target="F8"/>
  <move id="60" source="E7" target="E3"/>
  <move id="61" source="K4" target="K5"/>
  <move id="62" source="E8" target="E7"/>
  <move id="63" source="K5" target="K6"/>
  <move id="64" source="E7" target="E6"/>
  <move id="65" source="K6" target="K7"/>
  <move id="66" source="G8" target="G7"/>
  <move id="67" source="G4" target="H4"/>
  <move id="68" source="H8" target="I8"/>
  <move id="69" source="K7" target="K6"/>
  <move id="70" source="G7" target="F7"/>
  <move id="71" source="I5" target="I4"/>
  <move id="72" source="E6" target="E5"/>
  <move id="73" source="F5" target="F4"/>
  <move id="74" source="E5" target="E4"/>
  <move id="75" source="G3" target="G4"/>
  <move id="76" source="F7" target="F6"/>
  <move id="77" source="K6" target="K5"/>
  <move id="78" source="D9" target="D8"/>
  <move id="79" source="K5" target="K4"/>
  <move id="80" source="D8" target="E8"/>
  <move id="81" source="I4" target="I5"/>
  <move id="82" source="E8" target="E7"/>
  <move id="83" source="I5" target="K5"/>
  <move id="84" source="E7" target="F7"/>
  <move id="85" source="K5" target="K6"/>
  <move id="86" source="F7" target="G7"/>
  <move id="87" source="K6" target="K7"/>
  <move id="88" source="K8" target="K7"/>
  <move id="89" source="K4" target="K5"/>
  <move id="90" source="I8" target="K8"/>
  <move id="91" source="K5" target="K6"/>
  <move id="92" source="G7" target="G8"/>
  <move id="93" source="K6" target="K7"/>
  <move id="94" source="K8" target="K7"/>
  <move id="95" source="F4" target="E4"/>
  <move id="96" source="F6" target="F5"/>
  <move id="97" source="G2" target="G3"/>
  <move id="98" source="F5" target="F4"/>
  <move id="99" source="F3" target="F4"/>
  <move id="100" source="C9" target="D9"/>
  <move id="101" source="G3" target="F3"/>
  <move id="102" source="D9" target="D8"/>
  <move id="103" source="F3" target="F4"/>
  <move id="104" source="D8" target="E8"/>
  <move id="105" source="F4" target="F5"/>
  <move id="106" source="E8" target="E7"/>
  <move id="107" source="F5" target="F6"/>
  <move id="108" source="G8" target="G7"/>
  <move id="109" source="F2" target="F3"/>
  <move id="110" source="B9" target="C9"/>
  <move id="111" source="F3" target="F4"/>
  <move id="112" source="G7" target="G8"/>
  <move id="113" source="F4" target="F5"/>
  <move id="114" source="G8" target="H8"/>
  <move id="115" source="F6" target="E6"/>
  <move id="116" source="E7" target="F7"/>
  <move id="117" source="E6" target="F6"/>
  <move id="118" source="D7" target="E7"/>
  <move id="119" source="F6" target="F7"/>
  <move id="120" source="E7" target="E6"/>
  <move id="121" source="H2" target="H3"/>
  <move id="122" source="C9" target="D9"/>
  <move id="123" source="H3" target="G3"/>
  <move id="124" source="D9" target="D8"/>
  <move id="125" source="G3" target="F3"/>
  <move id="126" source="D8" target="D7"/>
  <move id="127" source="F3" target="F4"/>
  <move id="128" source="A7" target="A4"/>
  <move id="129" source="F5" target="F6"/>
  <move id="130" source="A9" target="A8"/>
  <move id="131" source="F6" target="F7"/>
  <move id="132" source="A8" target="A7"/>
  <move id="133" source="F7" target="G7"/>
  <move id="134" source="K7" target="I7"/>
  <move id="135" source="I6" target="I7"/>
  <move id="136" source="H7" target="I7"/>
  <move id="137" source="G7" target="H7"/>
  <move id="138" source="I7" target="I6"/>
  <move id="139" source="H7" target="H8"/>
  <move id="140" source="E6" target="F6"/>
  <move id="141" source="F4" target="F3"/>
  <move id="142" source="F6" target="F5"/>
  <move id="143" source="F3" target="G3"/>
  <move id="144" source="F5" target="F4"/>
  <move id="145" source="G3" target="H3"/>
  <move id="146" source="F4" target="G4"/>
  <move id="147" source="H8" target="H7"/>
  <move id="148" source="G4" target="H4"/>
  <move id="149" source="H7" target="I7"/>
  <move id="150" source="I6" target="K6"/>
  <move id="151" source="I7" target="K7"/>
  <move id="152" source="K6" target="K5"/>
  <move id="153" source="K7" target="K6"/>
  <move id="154" source="K5" target="K4"/>
  <move id="155" source="H3" target="I3"/>
  <move id="156" source="H4" target="H3"/>
  <move id="157" source="K6" target="K5"/>
  <move id="158" source="H3" target="I3"/>
  <move id="159" source="K5" target="K4"/>
  <move id="160" source="D7" target="E7"/>
  <move id="161" source="K4" target="I4"/>
  <move id="162" source="E7" target="F7"/>
  <move id="163" source="I4" target="I5"/>
  <move id="164" source="G9" target="G8"/>
  <move id="165" source="I5" target="I6"/>
  <move id="166" source="G8" target="H8"/>
  <move id="167" source="I6" target="I7"/>
  <move id="168" source="F7" target="F6"/>
  <move id="169" source="I7" target="I8"/>
  <move id="170" source="H8" target="H7"/>
  <move id="171" source="D4" target="K4"/>
  <move id="172" source="F6" target="F5"/>
  <move id="173" source="K4" target="K9"/>
  <move id="174" source="F5" target="F4"/>
  <move id="175" source="I8" target="I9"/>
  <move id="176" source="H7" target="I7"/>
  <move id="177" source="I9" target="I8"/>
  <move id="178" source="I7" target="I6"/>
  <move id="179" source="I8" target="I7"/>
  <move id="180" source="I6" target="K6"/>
  <move id="181" source="I7" target="K7"/>
  <move id="182" source="K6" target="K5"/>
  <move id="183" source="K7" target="K6"/>
  <move id="184" source="K5" target="K4"/>
  <move id="185" source="I2" target="I3"/>
  <move id="186" source="F4" target="G4"/>
  <move id="187" source="K6" target="K5"/>
  <move id="188" source="K4" target="I4"/>
  <move id="189" source="I3" target="I4"/>
  <move id="190" source="I4" target="I3"/>
  <move id="191" source="K5" target="I5"/>
  <move id="192" source="I3" target="I2"/>
  <move id="193" source="I5" target="I4"/>
  <move id="194" source="I2" target="H2"/>
  <move id="195" source="I4" target="H4"/>
  <move id="196" source="H2" target="H1"/>
  <move id="197" source="H4" target="G4"/>
  <move id="198" source="A7" target="A6"/>
  <move id="199" source="B4" target="B6"/>
  <move id="200" source="A6" target="A5"/>
  <move id="201" source="B3" target="B4"/>
  <move id="202" source="A5" target="A4"/>
  <move id="203" source="B4" target="A4"/>
  <move id="204" source="E9" target="E8"/>
  <move id="205" source="G1" target="G2"/>
  <move id="206" source="E8" target="E7"/>
  <move id="207" source="G2" target="G3"/>
  <move id="208" source="E7" target="E6"/>
  <move id="209" source="G3" target="G4"/>
  <move id="210" source="E6" target="E5"/>
  <move id="211" source="G4" target="F4"/>
  <move id="212" source="H9" target="H8"/>
  <move id="213" source="E2" target="F2"/>
  <move id="214" source="H8" target="I8"/>
  <move id="215" source="F2" target="F3"/>
  <move id="216" source="I8" target="K8"/>
  <move id="217" source="E1" target="E2"/>
  <move id="218" source="K8" target="K7"/>
  <move id="219" source="E2" target="F2"/>
  <move id="220" source="K7" target="K6"/>
  <move id="221" source="F3" target="G3"/>
  <move id="222" source="K6" target="K5"/>
  <move id="223" source="G3" target="H3"/>
  <move id="224" source="K5" target="K4"/>
  <move id="225" source="H3" target="I3"/>
  <move id="226" source="A:" target="A9"/>
  <move id="227" source="F2" target="G2"/>
  <move id="228" source="A9" target="A8"/>
  <move id="229" source="G2" target="G3"/>
  <move id="230" source="A8" target="A7"/>
  <move id="231" source="G3" target="G4"/>
  <move id="232" source="A7" target="A6"/>
  <move id="233" source="G4" target="H4"/>
  <move id="234" source="K4" target="K5"/>
  <move id="235" source="H4" target="I4"/>
  <move id="236" source="B8" target="B9"/>
  <move id="237" source="F4" target="F5"/>
  <move id="238" source="E5" target="E4"/>
  <move id="239" source="C4" target="E4"/>
  <move id="240" source="E4" target="D4"/>
  <move id="241" source="I3" target="K3"/>
  <move id="242" source="D4" target="D3"/>
  <move id="243" source="I4" target="I5"/>
  <move id="244" source="K5" target="K6"/>
  <move id="245" source="I5" target="I6"/>
  <move id="246" source="K6" target="K7"/>
  <move id="247" source="I6" target="I7"/>
  <move id="248" source="K7" target="K8"/>
  <move id="249" source="I7" target="I8"/>
  <move id="250" source="K8" target="K7"/>
  <move id="251" source="K3" target="K4"/>
  <move id="252" source="A6" target="A5"/>
  <move id="253" source="K4" target="K5"/>
  <move id="254" source="A5" target="B5"/>
  <move id="255" source="K5" target="K6"/>
  <move id="256" source="B5" target="B4"/>
  <move id="257" source="K6" target="K7"/>
  <move id="258" source="B4" target="C4"/>
  <move id="259" source="F1" target="F2"/>
  <move id="260" source="C4" target="C3"/>
  <move id="261" source="F2" target="F3"/>
  <move id="262" source="C3" target="C4"/>
  <move id="263" source="F3" target="G3"/>
  <move id="264" source="D3" target="D4"/>
  <move id="265" source="G3" target="H3"/>
  <move id="266" source="D4" target="E4"/>
  <move id="267" source="I8" target="I7"/>
  <move id="268" source="C4" target="D4"/>
  <move id="269" source="I7" target="I6"/>
  <move id="270" source="D4" target="D3"/>
  <move id="271" source="D2" target="D3"/>
  <move id="272" source="B9" target="B8"/>
  <move id="273" source="H3" target="I3"/>
  <move id="274" source="B8" target="A8"/>
  <move id="275" source="K7" target="I7"/>
  <move id="276" source="A8" target="A7"/>
  <move id="277" source="I3" target="K3"/>
  <move id="278" source="F9" target="G9"/>
  <move id="279" source="I7" target="K7"/>
  <move id="280" source="G9" target="G8"/>
  <move id="281" source="I6" target="I7"/>
  <move id="282" source="G8" target="H8"/>
  <move id="283" source="K7" target="K6"/>
  <move id="284" source="E:" target="E9"/>
  <move id="285" source="K6" target="I6"/>
  <move id="286" source="E9" target="F9"/>
  <move id="287" source="K3" target="K4"/>
  <move id="288" source="H8" target="I8"/>
  <move id="289" source="I7" target="I8"/>
  <move id="290" source="E4" target="F4"/>
  <move id="291" source="F5" target="F4"/>
  <move id="292" source="F9" target="E9"/>
  <move id="293" source="K4" target="K5"/>
  <move id="294" source="E9" target="E8"/>
  <move id="295" source="K5" target="K6"/>
  <move id="296" source="A7" target="A6"/>
  <move id="297" source="K6" target="K7"/>
  <move id="298" source="A6" target="A5"/>
  <move id="299" source="K7" target="K8"/>
  <move id="300" source="A5" target="A4"/>
  <move id="301" source="I8" target="I9"/>
  <move id="302" source="A4" target="A3"/>
  <move id="303" source="K8" target="K9"/>
  <move id="304" source="A3" target="A2"/>
  <move id="305" source="K9" target="K:"/>
  <player id="1">Player 1</player>
  <player id="2">Player 2</player>
  <result type="1" winner="1"/>
 </game>
</stratego>