<?xml version="1.0" encoding="UTF-8"?>
<stratego>
 <game type="classic">
  
  <field content="MEBFBDHHBECBKGJIHJLBDIEHDDGFIDEDDGBDEFFGAA__AA__AAAA__AA__AAUPWPTRRQNTSRSXUVSUSPOPVPNNPQTNTPPRQQNYNQ"/>
  <move id="1" source="B4" target="B5"/>
  <move id="2" source="A7" target="A6"/>
  <move id="3" source="K4" target="K5"/>
  <move id="4" source="K7" target="K6"/>
  <move id="5" source="I4" target="I5"/>
  <move id="6" source="K6" target="K5"/>
  <move id="7" source="I5" target="I6"/>
  <move id="8" source="K5" target="K6"/>
  <move id="9" source="I6" target="I7"/>
  <move id="10" source="K6" target="K5"/>
  <move id="11" source="B5" target="B6"/>
  <move id="12" source="A6" target="B6"/>
  <move id="13" source="B3" target="B4"/>
  <move id="14" source="B7" target="A7"/>
  <move id="15" source="B4" target="B5"/>
  <move id="16" source="B6" target="B5"/>
  <move id="17" source="C4" target="B4"/>
  <move id="18" source="B8" target="B7"/>
  <move id="19" source="B4" target="B5"/>
  <move id="20" source="B7" target="B6"/>
  <move id="21" source="B5" target="A5"/>
  <move id="22" source="B6" target="B5"/>
  <move id="23" source="A5" target="A6"/>
  <move id="24" source="A7" target="B7"/>
  <move id="25" source="F4" target="F5"/>
  <move id="26" source="B5" target="A5"/>
  <move id="27" source="A4" target="B4"/>
  <move id="28" source="A5" target="A6"/>
  <move id="29" source="B4" target="B5"/>
  <move id="30" source="B7" target="B5"/>
  <move id="31" source="F5" target="F7"/>
  <move id="32" source="C8" target="B8"/>
  <move id="33" source="B5" target="B6"/>
  <move id="34" source="A6" target="B6"/>
  <move id="35" source="C3" target="B3"/>
  <move id="36" source="B8" target="B7"/>
  <move id="37" source="H4" target="I4"/>
  <move id="38" source="B7" target="A7"/>
  <move id="39" source="I4" target="I5"/>
  <move id="40" source="K5" target="K6"/>
  <move id="41" source="G4" target="F4"/>
  <move id="42" source="C7" target="C8"/>
  <move id="43" source="F4" target="F5"/>
  <move id="44" source="A7" target="A6"/>
  <move id="45" source="F5" target="F6"/>
  <move id="46" source="A8" target="B8"/>
  <move id="47" source="F6" target="F7"/>
  <move id="48" source="B8" target="B7"/>
  <move id="49" source="D4" target="C4"/>
  <move id="50" source="C8" target="B8"/>
  <move id="51" source="C4" target="B4"/>
  <move id="52" source="A6" target="A5"/>
  <move id="53" source="I3" target="I4"/>
  <move id="54" source="B7" target="A7"/>
  <move id="55" source="I4" target="K4"/>
  <move id="56" source="B8" target="A8"/>
  <move id="57" source="K4" target="K5"/>
  <move id="58" source="K6" target="K5"/>
  <move id="59" source="K5" target="K6"/>
  <move id="60" source="K8" target="K7"/>
  <move id="61" source="K6" target="I6"/>
  <move id="62" source="K7" target="K6"/>
  <move id="63" source="I6" target="I7"/>
  <move id="64" source="K6" target="K5"/>
  <move id="65" source="I5" target="I6"/>
  <move id="66" source="K5" target="K6"/>
  <move id="67" source="B4" target="B5"/>
  <move id="68" source="A5" target="A4"/>
  <move id="69" source="B5" target="B6"/>
  <move id="70" source="A4" target="A5"/>
  <move id="71" source="B6" target="B7"/>
  <move id="72" source="A7" target="B7"/>
  <move id="73" source="I2" target="I3"/>
  <move id="74" source="A5" target="A6"/>
  <move id="75" source="I3" target="I4"/>
  <move id="76" source="K6" target="K3"/>
  <move id="77" source="I4" target="K4"/>
  <move id="78" source="A6" target="A7"/>
  <move id="79" source="K4" target="K5"/>
  <move id="80" source="D7" target="C7"/>
  <move id="81" source="K5" target="K6"/>
  <move id="82" source="C7" target="B7"/>
  <move id="83" source="K6" target="K7"/>
  <move id="84" source="B7" target="B8"/>
  <move id="85" source="D3" target="C3"/>
  <move id="86" source="E7" target="D7"/>
  <move id="87" source="C3" target="C4"/>
  <move id="88" source="D7" target="C7"/>
  <move id="89" source="C4" target="B4"/>
  <move id="90" source="C7" target="B7"/>
  <move id="91" source="B4" target="B5"/>
  <move id="92" source="B7" target="B6"/>
  <move id="93" source="B5" target="B6"/>
  <move id="94" source="F7" target="E7"/>
  <move id="95" source="G3" target="G4"/>
  <move id="96" source="G7" target="F7"/>
  <move id="97" source="G4" target="F4"/>
  <move id="98" source="D8" target="D7"/>
  <move id="99" source="F4" target="F5"/>
  <move id="100" source="E7" target="E6"/>
  <move id="101" source="F5" target="F6"/>
  <move id="102" source="D7" target="E7"/>
  <move id="103" source="F6" target="F7"/>
  <move id="104" source="F8" target="F7"/>
  <move id="105" source="K7" target="I7"/>
  <move id="106" source="D9" target="D8"/>
  <move id="107" source="B3" target="B4"/>
  <move id="108" source="B8" target="B4"/>
  <move id="109" source="B4" target="B5"/>
  <move id="110" source="D8" target="C8"/>
  <move id="111" source="F3" target="F7"/>
  <move id="112" source="C8" target="B8"/>
  <move id="113" source="G2" target="G3"/>
  <move id="114" source="E8" target="D8"/>
  <move id="115" source="I6" target="K6"/>
  <move id="116" source="D8" target="D9"/>
  <move id="117" source="K6" target="K7"/>
  <move id="118" source="G8" target="G7"/>
  <move id="119" source="K7" target="K8"/>
  <move id="120" source="E7" target="E8"/>
  <move id="121" source="K8" target="K9"/>
  <move id="122" source="E8" target="F8"/>
  <move id="123" source="H3" target="I3"/>
  <move id="124" source="A7" target="A6"/>
  <move id="125" source="I3" target="I4"/>
  <move id="126" source="A8" target="A7"/>
  <move id="127" source="I4" target="K4"/>
  <move id="128" source="A6" target="B6"/>
  <move id="129" source="K4" target="K5"/>
  <move id="130" source="B6" target="B5"/>
  <move id="131" source="K5" target="K6"/>
  <move id="132" source="I8" target="K8"/>
  <move id="133" source="H2" target="H3"/>
  <move id="134" source="K8" target="K7"/>
  <move id="135" source="H3" target="H4"/>
  <move id="136" source="K7" target="K6"/>
  <move id="137" source="H4" target="I4"/>
  <move id="138" source="K6" target="K5"/>
  <move id="139" source="I4" target="K4"/>
  <move id="140" source="K5" target="K4"/>
  <move id="141" source="K4" target="K5"/>
  <move id="142" source="H8" target="I8"/>
  <move id="143" source="A3" target="A6"/>
  <move id="144" source="A7" target="B7"/>
  <move id="145" source="A6" target="A9"/>
  <move id="146" source="A:" target="A9"/>
  <move id="147" source="C2" target="C3"/>
  <move id="148" source="B7" target="B6"/>
  <move id="149" source="C3" target="B3"/>
  <move id="150" source="B5" target="A5"/>
  <move id="151" source="B3" target="B4"/>
  <move id="152" source="A5" target="A6"/>
  <move id="153" source="B4" target="B5"/>
  <move id="154" source="B6" target="B5"/>
  <move id="155" source="G3" target="F3"/>
  <move id="156" source="C9" target="C8"/>
  <move id="157" source="F3" target="F4"/>
  <move id="158" source="F7" target="F6"/>
  <move id="159" source="F4" target="F5"/>
  <move id="160" source="F6" target="F5"/>
  <move id="161" source="D2" target="D3"/>
  <move id="162" source="C8" target="C7"/>
  <move id="163" source="D3" target="C3"/>
  <move id="164" source="C7" target="B7"/>
  <move id="165" source="C3" target="B3"/>
  <move id="166" source="B7" target="B6"/>
  <move id="167" source="B3" target="B4"/>
  <move id="168" source="B6" target="B5"/>
  <move id="169" source="B4" target="A4"/>
  <move id="170" source="B5" target="A5"/>
  <move id="171" source="A4" target="B4"/>
  <move id="172" source="A5" target="B5"/>
  <move id="173" source="B4" target="B5"/>
  <move id="174" source="F5" target="F4"/>
  <move id="175" source="E3" target="A3"/>
  <move id="176" source="E6" target="E5"/>
  <move id="177" source="E2" target="D2"/>
  <move id="178" source="E5" target="E4"/>
  <move id="179" source="F2" target="G2"/>
  <move id="180" source="B5" target="B4"/>
  <move id="181" source="H1" target="H2"/>
  <move id="182" source="G7" target="F7"/>
  <move id="183" source="H2" target="H3"/>
  <move id="184" source="F4" target="G4"/>
  <move id="185" source="H3" target="I3"/>
  <move id="186" source="G4" target="H4"/>
  <move id="187" source="I3" target="K3"/>
  <move id="188" source="H4" target="I4"/>
  <move id="189" source="K5" target="K4"/>
  <move id="190" source="I4" target="I3"/>
  <move id="191" source="K4" target="I4"/>
  <move id="192" source="I3" target="K3"/>
  <move id="193" source="I4" target="I5"/>
  <move id="194" source="K3" target="K4"/>
  <move id="195" source="I5" target="K5"/>
  <move id="196" source="K4" target="K5"/>
  <move id="197" source="G2" target="H2"/>
  <move id="198" source="A6" target="A5"/>
  <move id="199" source="D2" target="D3"/>
  <move id="200" source="A5" target="A4"/>
  <move id="201" source="D3" target="C3"/>
  <move id="202" source="A4" target="A3"/>
  <move id="203" source="C3" target="B3"/>
  <move id="204" source="B4" target="B3"/>
  <move id="205" source="A2" target="A3"/>
  <move id="206" source="B8" target="B2"/>
  <move id="207" source="H2" target="H3"/>
  <move id="208" source="A3" target="A2"/>
  <move id="209" source="F1" target="F7"/>
  <move id="210" source="A2" target="A1"/>
  <player id="1">Player 1</player>
  <player id="2">Player 2</player>
  <result type="1" winner="2"/>
 </game>
</stratego>