<?xml version="1.0" encoding="UTF-8"?>
<stratego>
 <game type="classic">
  
  <field content="DDBMBEEFBDCEJBDGFDIDKIEGHBBHELHFDDGFIJGHAA__AA__AAAA__AA__AAPTVNUPTPPUNQRSRSOXSSTPTPRWYQVNQNNNPQRUQP"/>
  <move id="1" source="K4" target="K5"/>
  <move id="2" source="I7" target="I6"/>
  <move id="3" source="K3" target="K4"/>
  <move id="4" source="I6" target="I5"/>
  <move id="5" source="K5" target="K6"/>
  <move id="6" source="K7" target="K6"/>
  <move id="7" source="I4" target="I5"/>
  <move id="8" source="I8" target="I7"/>
  <move id="9" source="I5" target="I6"/>
  <move id="10" source="K6" target="I6"/>
  <move id="11" source="K4" target="K5"/>
  <move id="12" source="I7" target="K7"/>
  <move id="13" source="K5" target="K6"/>
  <move id="14" source="I6" target="I7"/>
  <move id="15" source="K6" target="K7"/>
  <move id="16" source="I7" target="I8"/>
  <move id="17" source="K7" target="I7"/>
  <move id="18" source="F7" target="F6"/>
  <move id="19" source="K2" target="K8"/>
  <move id="20" source="F6" target="F5"/>
  <move id="21" source="I7" target="K7"/>
  <move id="22" source="G7" target="F7"/>
  <move id="23" source="K7" target="K8"/>
  <move id="24" source="F7" target="F6"/>
  <move id="25" source="K8" target="K7"/>
  <move id="26" source="F5" target="F4"/>
  <move id="27" source="K7" target="I7"/>
  <move id="28" source="F6" target="F5"/>
  <move id="29" source="K1" target="K9"/>
  <move id="30" source="F8" target="F7"/>
  <move id="31" source="I3" target="K3"/>
  <move id="32" source="F7" target="F6"/>
  <move id="33" source="K3" target="K4"/>
  <move id="34" source="H7" target="G7"/>
  <move id="35" source="K4" target="K5"/>
  <move id="36" source="G7" target="F7"/>
  <move id="37" source="K5" target="K6"/>
  <move id="38" source="G8" target="G7"/>
  <move id="39" source="K6" target="K7"/>
  <move id="40" source="G7" target="H7"/>
  <move id="41" source="I7" target="I6"/>
  <move id="42" source="H7" target="G7"/>
  <move id="43" source="K7" target="K8"/>
  <move id="44" source="F6" target="E6"/>
  <move id="45" source="K8" target="K9"/>
  <move id="46" source="H8" target="H7"/>
  <move id="47" source="K9" target="I9"/>
  <move id="48" source="I8" target="H8"/>
  <move id="49" source="I6" target="I7"/>
  <move id="50" source="H7" target="I7"/>
  <move id="51" source="H4" target="I4"/>
  <move id="52" source="I9" target="K9"/>
  <move id="53" source="I4" target="K4"/>
  <move id="54" source="K9" target="I9"/>
  <move id="55" source="K4" target="I4"/>
  <move id="56" source="I9" target="K9"/>
  <move id="57" source="I4" target="K4"/>
  <move id="58" source="G7" target="H7"/>
  <move id="59" source="K4" target="K5"/>
  <move id="60" source="H7" target="I7"/>
  <move id="61" source="K5" target="K6"/>
  <move id="62" source="K9" target="I9"/>
  <move id="63" source="K6" target="I6"/>
  <move id="64" source="I9" target="K9"/>
  <move id="65" source="I6" target="I7"/>
  <move id="66" source="H8" target="G8"/>
  <move id="67" source="I7" target="H7"/>
  <move id="68" source="G8" target="F8"/>
  <move id="69" source="H7" target="G7"/>
  <move id="70" source="E6" target="E5"/>
  <move id="71" source="G7" target="F7"/>
  <move id="72" source="F8" target="G8"/>
  <move id="73" source="F7" target="F6"/>
  <move id="74" source="F5" target="F4"/>
  <move id="75" source="G4" target="F4"/>
  <move id="76" source="F9" target="F8"/>
  <move id="77" source="F6" target="E6"/>
  <move id="78" source="E5" target="E4"/>
  <move id="79" source="E6" target="E5"/>
  <move id="80" source="F8" target="F7"/>
  <move id="81" source="F4" target="G4"/>
  <move id="82" source="F7" target="F6"/>
  <move id="83" source="G4" target="H4"/>
  <move id="84" source="F6" target="F5"/>
  <move id="85" source="E5" target="E4"/>
  <move id="86" source="F5" target="F4"/>
  <move id="87" source="E4" target="E5"/>
  <move id="88" source="E8" target="F8"/>
  <move id="89" source="D4" target="F4"/>
  <move id="90" source="F4" target="G4"/>
  <move id="91" source="H4" target="I4"/>
  <move id="92" source="G4" target="H4"/>
  <move id="93" source="I4" target="K4"/>
  <move id="94" source="H4" target="I4"/>
  <move id="95" source="K4" target="K3"/>
  <move id="96" source="I4" target="I3"/>
  <move id="97" source="K3" target="K4"/>
  <move id="98" source="K9" target="K8"/>
  <move id="99" source="E5" target="F5"/>
  <move id="100" source="K8" target="K7"/>
  <move id="101" source="F5" target="F6"/>
  <move id="102" source="K7" target="K6"/>
  <move id="103" source="F6" target="F7"/>
  <move id="104" source="K6" target="K5"/>
  <move id="105" source="F7" target="F8"/>
  <move id="106" source="G8" target="H8"/>
  <move id="107" source="F8" target="G8"/>
  <move id="108" source="H8" target="I8"/>
  <move id="109" source="G8" target="H8"/>
  <move id="110" source="I8" target="I9"/>
  <move id="111" source="H8" target="I8"/>
  <move id="112" source="I9" target="K9"/>
  <move id="113" source="I8" target="K8"/>
  <move id="114" source="K9" target="I9"/>
  <move id="115" source="K8" target="I8"/>
  <move id="116" source="I9" target="K9"/>
  <move id="117" source="I8" target="K8"/>
  <move id="118" source="K5" target="K4"/>
  <move id="119" source="K8" target="K9"/>
  <move id="120" source="F:" target="F9"/>
  <move id="121" source="B4" target="B5"/>
  <move id="122" source="F9" target="F8"/>
  <move id="123" source="B5" target="B6"/>
  <move id="124" source="I3" target="I4"/>
  <move id="125" source="K9" target="K8"/>
  <move id="126" source="I4" target="H4"/>
  <move id="127" source="A4" target="A5"/>
  <move id="128" source="F8" target="F7"/>
  <move id="129" source="A5" target="A6"/>
  <move id="130" source="F7" target="F6"/>
  <move id="131" source="A3" target="A4"/>
  <move id="132" source="F6" target="F5"/>
  <move id="133" source="A4" target="B4"/>
  <move id="134" source="F5" target="F4"/>
  <move id="135" source="B3" target="A3"/>
  <move id="136" source="H4" target="G4"/>
  <move id="137" source="C3" target="B3"/>
  <move id="138" source="F4" target="F3"/>
  <move id="139" source="F2" target="F3"/>
  <move id="140" source="G4" target="F4"/>
  <move id="141" source="F3" target="F2"/>
  <move id="142" source="F4" target="F3"/>
  <move id="143" source="B6" target="B7"/>
  <move id="144" source="F3" target="E3"/>
  <move id="145" source="B4" target="B5"/>
  <move id="146" source="E3" target="F3"/>
  <move id="147" source="B5" target="B6"/>
  <move id="148" source="F3" target="F2"/>
  <move id="149" source="B6" target="B7"/>
  <move id="150" source="F2" target="F3"/>
  <move id="151" source="A6" target="A7"/>
  <move id="152" source="E9" target="F9"/>
  <move id="153" source="A7" target="A8"/>
  <move id="154" source="F9" target="F8"/>
  <move id="155" source="B7" target="A7"/>
  <move id="156" source="F8" target="F7"/>
  <move id="157" source="C4" target="B4"/>
  <move id="158" source="F7" target="F6"/>
  <move id="159" source="B4" target="B8"/>
  <move id="160" source="F6" target="F5"/>
  <move id="161" source="A7" target="B7"/>
  <move id="162" source="F5" target="F4"/>
  <move id="163" source="B7" target="B8"/>
  <move id="164" source="F3" target="E3"/>
  <move id="165" source="B3" target="B4"/>
  <move id="166" source="E3" target="E4"/>
  <move id="167" source="B4" target="B5"/>
  <move id="168" source="E4" target="D4"/>
  <move id="169" source="B5" target="B6"/>
  <move id="170" source="D4" target="C4"/>
  <move id="171" source="B6" target="B7"/>
  <move id="172" source="C4" target="B4"/>
  <move id="173" source="B7" target="C7"/>
  <move id="174" source="C8" target="B8"/>
  <move id="175" source="B8" target="B7"/>
  <move id="176" source="C7" target="C8"/>
  <move id="177" source="B7" target="C7"/>
  <move id="178" source="C8" target="B8"/>
  <move id="179" source="E2" target="E7"/>
  <move id="180" source="K4" target="I4"/>
  <move id="181" source="K8" target="I8"/>
  <move id="182" source="I4" target="H4"/>
  <move id="183" source="I8" target="H8"/>
  <move id="184" source="H4" target="G4"/>
  <move id="185" source="H8" target="G8"/>
  <move id="186" source="F4" target="F3"/>
  <move id="187" source="G8" target="F8"/>
  <move id="188" source="G4" target="F4"/>
  <move id="189" source="F8" target="F7"/>
  <move id="190" source="E7" target="E6"/>
  <move id="191" source="F7" target="E7"/>
  <move id="192" source="E6" target="F6"/>
  <move id="193" source="E7" target="E6"/>
  <move id="194" source="F6" target="F5"/>
  <move id="195" source="I2" target="K2"/>
  <move id="196" source="B4" target="C4"/>
  <move id="197" source="H2" target="I2"/>
  <move id="198" source="C4" target="D4"/>
  <move id="199" source="I2" target="I7"/>
  <move id="200" source="F3" target="F2"/>
  <move id="201" source="I7" target="D7"/>
  <move id="202" source="F4" target="F3"/>
  <move id="203" source="E6" target="F6"/>
  <move id="204" source="F5" target="E5"/>
  <move id="205" source="F6" target="F5"/>
  <move id="206" source="D4" target="E4"/>
  <move id="207" source="C7" target="B7"/>
  <move id="208" source="B8" target="C8"/>
  <move id="209" source="B7" target="B6"/>
  <move id="210" source="F2" target="E2"/>
  <move id="211" source="B6" target="B5"/>
  <move id="212" source="F3" target="F2"/>
  <move id="213" source="B5" target="B4"/>
  <move id="214" source="E2" target="D2"/>
  <move id="215" source="B4" target="C4"/>
  <move id="216" source="F2" target="F3"/>
  <move id="217" source="C4" target="D4"/>
  <move id="218" source="E5" target="E6"/>
  <move id="219" source="F5" target="F6"/>
  <move id="220" source="E6" target="E7"/>
  <move id="221" source="F6" target="F7"/>
  <move id="222" source="E7" target="E6"/>
  <move id="223" source="F7" target="F6"/>
  <move id="224" source="E6" target="E5"/>
  <move id="225" source="D4" target="C4"/>
  <move id="226" source="F3" target="F4"/>
  <move id="227" source="B2" target="B3"/>
  <move id="228" source="F4" target="F5"/>
  <move id="229" source="F6" target="E6"/>
  <move id="230" source="F5" target="F6"/>
  <move id="231" source="B3" target="B4"/>
  <move id="232" source="F6" target="E6"/>
  <move id="233" source="B4" target="A4"/>
  <move id="234" source="E4" target="D4"/>
  <move id="235" source="B1" target="B9"/>
  <move id="236" source="D4" target="C4"/>
  <move id="237" source="K2" target="K3"/>
  <move id="238" source="C8" target="C7"/>
  <move id="239" source="K3" target="K4"/>
  <move id="240" source="C7" target="B7"/>
  <move id="241" source="A4" target="A5"/>
  <move id="242" source="B7" target="A7"/>
  <move id="243" source="A5" target="B5"/>
  <move id="244" source="A7" target="B7"/>
  <move id="245" source="B5" target="A5"/>
  <move id="246" source="B7" target="B6"/>
  <move id="247" source="K4" target="K5"/>
  <move id="248" source="B6" target="B5"/>
  <move id="249" source="A5" target="A6"/>
  <move id="250" source="B5" target="B4"/>
  <move id="251" source="A6" target="A7"/>
  <move id="252" source="B4" target="C4"/>
  <move id="253" source="K5" target="K6"/>
  <move id="254" source="E5" target="F5"/>
  <move id="255" source="K6" target="K7"/>
  <move id="256" source="E:" target="E1"/>
  <move id="257" source="K7" target="K8"/>
  <move id="258" source="C4" target="D4"/>
  <move id="259" source="K8" target="K9"/>
  <move id="260" source="D4" target="E4"/>
  <move id="261" source="A3" target="A4"/>
  <move id="262" source="E4" target="F4"/>
  <move id="263" source="A4" target="A5"/>
  <move id="264" source="H9" target="H8"/>
  <move id="265" source="A5" target="B5"/>
  <move id="266" source="H8" target="G8"/>
  <move id="267" source="B5" target="B6"/>
  <move id="268" source="G8" target="F8"/>
  <move id="269" source="B6" target="B7"/>
  <move id="270" source="F8" target="E8"/>
  <move id="271" source="B7" target="B8"/>
  <move id="272" source="E8" target="E7"/>
  <move id="273" source="A7" target="A8"/>
  <move id="274" source="F4" target="F3"/>
  <move id="275" source="A8" target="A7"/>
  <move id="276" source="E7" target="E6"/>
  <move id="277" source="A7" target="B7"/>
  <move id="278" source="E6" target="E5"/>
  <move id="279" source="B8" target="A8"/>
  <move id="280" source="E5" target="E4"/>
  <move id="281" source="B7" target="B8"/>
  <move id="282" source="E4" target="E3"/>
  <move id="283" source="D3" target="E3"/>
  <move id="284" source="F3" target="E3"/>
  <move id="285" source="B8" target="B9"/>
  <move id="286" source="A9" target="B9"/>
  <move id="287" source="A8" target="B8"/>
  <move id="288" source="B9" target="A9"/>
  <move id="289" source="B8" target="A8"/>
  <move id="290" source="A9" target="B9"/>
  <move id="291" source="A8" target="B8"/>
  <move id="292" source="E3" target="D3"/>
  <move id="293" source="B8" target="B9"/>
  <move id="294" source="D3" target="C3"/>
  <move id="295" source="B9" target="A9"/>
  <move id="296" source="C3" target="C2"/>
  <move id="297" source="A1" target="B1"/>
  <move id="298" source="F5" target="F4"/>
  <move id="299" source="A9" target="B9"/>
  <move id="300" source="F4" target="E4"/>
  <move id="301" source="A2" target="B2"/>
  <move id="302" source="E4" target="D4"/>
  <move id="303" source="B1" target="A1"/>
  <move id="304" source="D4" target="C4"/>
  <move id="305" source="A1" target="A:"/>
  <move id="306" source="C4" target="B4"/>
  <move id="307" source="B9" target="A9"/>
  <move id="308" source="B4" target="B3"/>
  <move id="309" source="B2" target="B1"/>
  <move id="310" source="B3" target="B2"/>
  <move id="311" source="B1" target="A1"/>
  <move id="312" source="B2" target="A2"/>
  <move id="313" source="A9" target="A:"/>
  <move id="314" source="A2" target="A1"/>
  <move id="315" source="A:" target="A9"/>
  <move id="316" source="A1" target="A2"/>
  <move id="317" source="A9" target="A8"/>
  <move id="318" source="A2" target="A3"/>
  <move id="319" source="A8" target="B8"/>
  <move id="320" source="A3" target="A4"/>
  <move id="321" source="B8" target="B7"/>
  <move id="322" source="A4" target="B4"/>
  <move id="323" source="B7" target="A7"/>
  <move id="324" source="B4" target="C4"/>
  <move id="325" source="A7" target="A6"/>
  <move id="326" source="C4" target="D4"/>
  <move id="327" source="A6" target="A5"/>
  <move id="328" source="D4" target="E4"/>
  <move id="329" source="A5" target="A4"/>
  <move id="330" source="E4" target="F4"/>
  <move id="331" source="A4" target="B4"/>
  <move id="332" source="F4" target="G4"/>
  <move id="333" source="H3" target="I3"/>
  <move id="334" source="G4" target="H4"/>
  <move id="335" source="B4" target="C4"/>
  <move id="336" source="H4" target="I4"/>
  <move id="337" source="I3" target="H3"/>
  <move id="338" source="I4" target="I5"/>
  <move id="339" source="K9" target="K:"/>
  <move id="340" source="I5" target="I6"/>
  <move id="341" source="K:" target="K9"/>
  <move id="342" source="I6" target="I7"/>
  <move id="343" source="K9" target="I9"/>
  <move id="344" source="I7" target="I8"/>
  <move id="345" source="I9" target="H9"/>
  <move id="346" source="I8" target="H8"/>
  <move id="347" source="H9" target="H8"/>
  <move id="348" source="H:" target="H9"/>
  <move id="349" source="C4" target="D4"/>
  <move id="350" source="H9" target="H8"/>
  <move id="351" source="D4" target="E4"/>
  <move id="352" source="H8" target="H7"/>
  <move id="353" source="H3" target="H4"/>
  <move id="354" source="H7" target="I7"/>
  <move id="355" source="H4" target="G4"/>
  <move id="356" source="I7" target="I6"/>
  <move id="357" source="G4" target="F4"/>
  <move id="358" source="C9" target="B9"/>
  <move id="359" source="E4" target="D4"/>
  <move id="360" source="B9" target="B8"/>
  <move id="361" source="D4" target="C4"/>
  <move id="362" source="B8" target="B7"/>
  <move id="363" source="C4" target="B4"/>
  <move id="364" source="I:" target="I9"/>
  <move id="365" source="B4" target="B5"/>
  <move id="366" source="I9" target="I8"/>
  <move id="367" source="B5" target="B6"/>
  <move id="368" source="B7" target="A7"/>
  <move id="369" source="B6" target="A6"/>
  <move id="370" source="A7" target="B7"/>
  <move id="371" source="A6" target="B6"/>
  <move id="372" source="B7" target="C7"/>
  <move id="373" source="B6" target="B7"/>
  <move id="374" source="C7" target="C8"/>
  <move id="375" source="B7" target="B8"/>
  <move id="376" source="C8" target="C9"/>
  <move id="377" source="F1" target="F2"/>
  <move id="378" source="I8" target="H8"/>
  <move id="379" source="F2" target="E2"/>
  <move id="380" source="H8" target="G8"/>
  <move id="381" source="E2" target="E3"/>
  <move id="382" source="G8" target="F8"/>
  <move id="383" source="E3" target="D3"/>
  <move id="384" source="F8" target="F7"/>
  <move id="385" source="D3" target="C3"/>
  <move id="386" source="F7" target="E7"/>
  <move id="387" source="C3" target="B3"/>
  <move id="388" source="E7" target="E6"/>
  <move id="389" source="B3" target="B4"/>
  <move id="390" source="I6" target="I5"/>
  <move id="391" source="B4" target="B5"/>
  <move id="392" source="I5" target="I4"/>
  <move id="393" source="B5" target="B6"/>
  <move id="394" source="I4" target="I3"/>
  <move id="395" source="B6" target="A6"/>
  <move id="396" source="I3" target="H3"/>
  <move id="397" source="A6" target="A7"/>
  <move id="398" source="H3" target="H2"/>
  <move id="399" source="A7" target="A8"/>
  <move id="400" source="E6" target="E5"/>
  <move id="401" source="A8" target="A9"/>
  <move id="402" source="E5" target="E4"/>
  <move id="403" source="F4" target="F5"/>
  <move id="404" source="E4" target="E3"/>
  <move id="405" source="A9" target="A:"/>
  <move id="406" source="E3" target="D3"/>
  <move id="407" source="B8" target="B9"/>
  <move id="408" source="C9" target="C8"/>
  <move id="409" source="A:" target="B:"/>
  <move id="410" source="D3" target="D2"/>
  <move id="411" source="B:" target="C:"/>
  <move id="412" source="D2" target="D1"/>
  <player id="1">Player 1</player>
  <player id="2">Player 2</player>
  <result type="1" winner="2"/>
 </game>
</stratego>