<?xml version="1.0" encoding="UTF-8"?>
<stratego>
 <game type="classic">
  
  <field content="EDMJDEDEFFLDDIEKEIBBGJCHHIFBHGDHGDDGFBBBAA__AA__AAAA__AA__AARUNPPTQSRPTWRQUXVPTPVOURPTNPSQNSNYNQQNPS"/>
  <move id="1" source="A4" target="A7"/>
  <move id="2" source="B7" target="B6"/>
  <move id="3" source="B4" target="B5"/>
  <move id="4" source="B6" target="B5"/>
  <move id="5" source="B3" target="B4"/>
  <move id="6" source="B5" target="B6"/>
  <move id="7" source="B4" target="B5"/>
  <move id="8" source="B6" target="B7"/>
  <move id="9" source="B5" target="B6"/>
  <move id="10" source="I7" target="I6"/>
  <move id="11" source="A3" target="A4"/>
  <move id="12" source="I6" target="I5"/>
  <move id="13" source="A4" target="A5"/>
  <move id="14" source="I8" target="I7"/>
  <move id="15" source="A5" target="A6"/>
  <move id="16" source="I7" target="I6"/>
  <move id="17" source="A2" target="A3"/>
  <move id="18" source="I5" target="I4"/>
  <move id="19" source="A3" target="A4"/>
  <move id="20" source="K7" target="K4"/>
  <move id="21" source="A4" target="A5"/>
  <move id="22" source="F7" target="F6"/>
  <move id="23" source="A5" target="B5"/>
  <move id="24" source="F6" target="F5"/>
  <move id="25" source="B6" target="B7"/>
  <move id="26" source="B8" target="B7"/>
  <move id="27" source="B5" target="B6"/>
  <move id="28" source="B7" target="B8"/>
  <move id="29" source="A6" target="A7"/>
  <move id="30" source="A8" target="A7"/>
  <move id="31" source="B6" target="B7"/>
  <move id="32" source="A7" target="A8"/>
  <move id="33" source="B7" target="A7"/>
  <move id="34" source="E7" target="E4"/>
  <move id="35" source="D4" target="E4"/>
  <move id="36" source="F5" target="E5"/>
  <move id="37" source="B2" target="B7"/>
  <move id="38" source="D7" target="E7"/>
  <move id="39" source="B7" target="C7"/>
  <move id="40" source="E7" target="E6"/>
  <move id="41" source="A7" target="B7"/>
  <move id="42" source="E5" target="E4"/>
  <move id="43" source="E3" target="E4"/>
  <move id="44" source="E6" target="E2"/>
  <move id="45" source="C2" target="A2"/>
  <move id="46" source="D8" target="D7"/>
  <move id="47" source="D2" target="C2"/>
  <move id="48" source="D7" target="E7"/>
  <move id="49" source="C2" target="B2"/>
  <move id="50" source="E7" target="E6"/>
  <move id="51" source="B2" target="B3"/>
  <move id="52" source="E6" target="E5"/>
  <move id="53" source="B3" target="B4"/>
  <move id="54" source="E5" target="E4"/>
  <move id="55" source="B4" target="B5"/>
  <move id="56" source="E4" target="D4"/>
  <move id="57" source="B5" target="A5"/>
  <move id="58" source="D4" target="C4"/>
  <move id="59" source="A5" target="A6"/>
  <move id="60" source="G7" target="F7"/>
  <move id="61" source="A6" target="A7"/>
  <move id="62" source="F7" target="F6"/>
  <move id="63" source="F4" target="F5"/>
  <move id="64" source="F6" target="E6"/>
  <move id="65" source="F5" target="E5"/>
  <move id="66" source="E6" target="E7"/>
  <move id="67" source="E5" target="E6"/>
  <move id="68" source="E7" target="D7"/>
  <move id="69" source="E6" target="E7"/>
  <move id="70" source="E8" target="E7"/>
  <move id="71" source="F3" target="E3"/>
  <move id="72" source="E7" target="F7"/>
  <move id="73" source="E3" target="E4"/>
  <move id="74" source="E9" target="E4"/>
  <move id="75" source="E4" target="E5"/>
  <move id="76" source="F7" target="F6"/>
  <move id="77" source="E5" target="E6"/>
  <move id="78" source="F6" target="E6"/>
  <move id="79" source="G3" target="F3"/>
  <move id="80" source="H7" target="G7"/>
  <move id="81" source="F3" target="F4"/>
  <move id="82" source="G7" target="F7"/>
  <move id="83" source="F4" target="F5"/>
  <move id="84" source="F7" target="F6"/>
  <move id="85" source="F5" target="F6"/>
  <move id="86" source="F6" target="E6"/>
  <move id="87" source="D3" target="E3"/>
  <move id="88" source="E6" target="F6"/>
  <move id="89" source="E3" target="E4"/>
  <move id="90" source="F6" target="F5"/>
  <move id="91" source="E4" target="E5"/>
  <move id="92" source="F5" target="F4"/>
  <move id="93" source="E5" target="E6"/>
  <move id="94" source="F4" target="E4"/>
  <move id="95" source="E6" target="E7"/>
  <move id="96" source="D7" target="D8"/>
  <move id="97" source="E7" target="D7"/>
  <move id="98" source="D8" target="E8"/>
  <move id="99" source="D7" target="E7"/>
  <move id="100" source="E8" target="E9"/>
  <move id="101" source="E7" target="E6"/>
  <move id="102" source="E4" target="E3"/>
  <move id="103" source="E6" target="E5"/>
  <move id="104" source="E3" target="E2"/>
  <move id="105" source="F2" target="E2"/>
  <move id="106" source="H8" target="H7"/>
  <move id="107" source="E2" target="F2"/>
  <move id="108" source="H7" target="G7"/>
  <move id="109" source="E5" target="E4"/>
  <move id="110" source="G7" target="F7"/>
  <move id="111" source="E4" target="D4"/>
  <move id="112" source="F7" target="F6"/>
  <move id="113" source="D4" target="D3"/>
  <move id="114" source="F6" target="F5"/>
  <move id="115" source="E1" target="E2"/>
  <move id="116" source="F5" target="F4"/>
  <move id="117" source="E2" target="E3"/>
  <move id="118" source="I6" target="I7"/>
  <move id="119" source="B7" target="B8"/>
  <move id="120" source="B9" target="B8"/>
  <move id="121" source="A7" target="A8"/>
  <move id="122" source="A9" target="A8"/>
  <move id="123" source="B1" target="B8"/>
  <move id="124" source="A8" target="B8"/>
  <move id="125" source="F2" target="E2"/>
  <move id="126" source="B8" target="B7"/>
  <move id="127" source="E2" target="D2"/>
  <move id="128" source="B7" target="B6"/>
  <move id="129" source="D2" target="C2"/>
  <move id="130" source="B6" target="A6"/>
  <move id="131" source="C2" target="B2"/>
  <move id="132" source="A6" target="A5"/>
  <move id="133" source="B2" target="B3"/>
  <move id="134" source="A5" target="A4"/>
  <move id="135" source="B3" target="B4"/>
  <move id="136" source="A4" target="A3"/>
  <move id="137" source="D1" target="D2"/>
  <move id="138" source="A3" target="A2"/>
  <move id="139" source="D2" target="C2"/>
  <move id="140" source="A2" target="B2"/>
  <move id="141" source="C2" target="B2"/>
  <move id="142" source="C8" target="D8"/>
  <move id="143" source="A1" target="A2"/>
  <move id="144" source="D8" target="D7"/>
  <move id="145" source="A2" target="A3"/>
  <move id="146" source="D7" target="E7"/>
  <move id="147" source="A3" target="A4"/>
  <move id="148" source="C9" target="B9"/>
  <move id="149" source="B4" target="B5"/>
  <move id="150" source="B9" target="A9"/>
  <move id="151" source="B5" target="A5"/>
  <move id="152" source="A9" target="B9"/>
  <move id="153" source="A5" target="B5"/>
  <move id="154" source="B9" target="C9"/>
  <move id="155" source="B5" target="B6"/>
  <move id="156" source="F8" target="E8"/>
  <move id="157" source="B6" target="B7"/>
  <move id="158" source="E8" target="D8"/>
  <move id="159" source="A4" target="A5"/>
  <move id="160" source="D8" target="C8"/>
  <move id="161" source="A5" target="A6"/>
  <move id="162" source="C8" target="B8"/>
  <move id="163" source="B7" target="B6"/>
  <move id="164" source="B8" target="B7"/>
  <move id="165" source="B6" target="B7"/>
  <player id="1">Player 1</player>
  <player id="2">Player 2</player>
  <result type="3" winner="2"/>
 </game>
</stratego>