<?xml version="1.0" encoding="UTF-8"?>
<stratego>
 <game type="classic">
  
  <field content="FBBFBHDHDEGFBMIDEDDIBDJHGDECDEBFHEGIKLGJAA__AA__AAAA__AA__AASPTRSPUPSUUPWPVTXPVTTQOQQSRQPPNRNNRYNNQN"/>
  <move id="1" source="K4" target="K5"/>
  <move id="2" source="A7" target="A6"/>
  <move id="3" source="K5" target="K6"/>
  <move id="4" source="A6" target="A5"/>
  <move id="5" source="I4" target="I5"/>
  <move id="6" source="K7" target="K6"/>
  <move id="7" source="I5" target="K5"/>
  <move id="8" source="A5" target="A4"/>
  <move id="9" source="I3" target="I7"/>
  <move id="10" source="B7" target="B4"/>
  <move id="11" source="H4" target="I4"/>
  <move id="12" source="C7" target="B7"/>
  <move id="13" source="K6" target="I6"/>
  <move id="14" source="I7" target="K7"/>
  <move id="15" source="I6" target="K6"/>
  <move id="16" source="K7" target="I7"/>
  <move id="17" source="K5" target="I5"/>
  <move id="18" source="B7" target="B6"/>
  <move id="19" source="I5" target="I6"/>
  <move id="20" source="B6" target="B5"/>
  <move id="21" source="K6" target="K5"/>
  <move id="22" source="B5" target="B4"/>
  <move id="23" source="C4" target="B4"/>
  <move id="24" source="B8" target="B3"/>
  <move id="25" source="D4" target="C4"/>
  <move id="26" source="A8" target="A7"/>
  <move id="27" source="E4" target="D4"/>
  <move id="28" source="A7" target="A6"/>
  <move id="29" source="C4" target="B4"/>
  <move id="30" source="A6" target="A5"/>
  <move id="31" source="D4" target="C4"/>
  <move id="32" source="E7" target="E6"/>
  <move id="33" source="F4" target="F5"/>
  <move id="34" source="E6" target="E5"/>
  <move id="35" source="G4" target="F4"/>
  <move id="36" source="E5" target="F5"/>
  <move id="37" source="F4" target="E4"/>
  <move id="38" source="D7" target="E7"/>
  <move id="39" source="I4" target="I5"/>
  <move id="40" source="E7" target="E6"/>
  <move id="41" source="F5" target="F4"/>
  <move id="42" source="F7" target="F6"/>
  <move id="43" source="F4" target="G4"/>
  <move id="44" source="E6" target="E5"/>
  <move id="45" source="G4" target="H4"/>
  <move id="46" source="E5" target="E4"/>
  <move id="47" source="F3" target="F6"/>
  <move id="48" source="E8" target="E7"/>
  <move id="49" source="H4" target="I4"/>
  <move id="50" source="E7" target="E6"/>
  <move id="51" source="I4" target="I3"/>
  <move id="52" source="G7" target="F7"/>
  <move id="53" source="I5" target="I4"/>
  <move id="54" source="F7" target="F6"/>
  <move id="55" source="I4" target="H4"/>
  <move id="56" source="C8" target="C7"/>
  <move id="57" source="H4" target="G4"/>
  <move id="58" source="C7" target="B7"/>
  <move id="59" source="G4" target="F4"/>
  <move id="60" source="B7" target="B6"/>
  <move id="61" source="F4" target="F5"/>
  <move id="62" source="F6" target="F7"/>
  <move id="63" source="F5" target="F6"/>
  <move id="64" source="E6" target="E7"/>
  <move id="65" source="F6" target="F7"/>
  <move id="66" source="E7" target="D7"/>
  <move id="67" source="F7" target="E7"/>
  <move id="68" source="D7" target="C7"/>
  <move id="69" source="F2" target="F8"/>
  <move id="70" source="B6" target="B5"/>
  <move id="71" source="B4" target="B3"/>
  <move id="72" source="B5" target="B4"/>
  <move id="73" source="C4" target="B4"/>
  <move id="74" source="B4" target="B3"/>
  <move id="75" source="E4" target="D4"/>
  <move id="76" source="B3" target="A3"/>
  <move id="77" source="E7" target="E6"/>
  <move id="78" source="A5" target="B5"/>
  <move id="79" source="D4" target="E4"/>
  <move id="80" source="B5" target="B4"/>
  <move id="81" source="E4" target="E5"/>
  <move id="82" source="B4" target="B3"/>
  <move id="83" source="C3" target="C4"/>
  <move id="84" source="B3" target="B2"/>
  <move id="85" source="C4" target="C3"/>
  <move id="86" source="B2" target="A2"/>
  <move id="87" source="E5" target="F5"/>
  <move id="88" source="A2" target="A1"/>
  <move id="89" source="E6" target="E5"/>
  <move id="90" source="A1" target="B1"/>
  <move id="91" source="E5" target="E4"/>
  <move id="92" source="C7" target="C8"/>
  <move id="93" source="F5" target="F4"/>
  <move id="94" source="B9" target="B8"/>
  <move id="95" source="E4" target="D4"/>
  <move id="96" source="B8" target="B7"/>
  <move id="97" source="D4" target="C4"/>
  <move id="98" source="B7" target="B6"/>
  <move id="99" source="C4" target="B4"/>
  <move id="100" source="B6" target="A6"/>
  <move id="101" source="C3" target="C4"/>
  <move id="102" source="G8" target="G7"/>
  <move id="103" source="H3" target="H4"/>
  <move id="104" source="H8" target="G8"/>
  <move id="105" source="H4" target="G4"/>
  <move id="106" source="H7" target="H8"/>
  <move id="107" source="F4" target="F5"/>
  <move id="108" source="F8" target="E8"/>
  <move id="109" source="C4" target="D4"/>
  <move id="110" source="G8" target="F8"/>
  <move id="111" source="D4" target="E4"/>
  <move id="112" source="H8" target="G8"/>
  <move id="113" source="I3" target="H3"/>
  <move id="114" source="I7" target="H7"/>
  <move id="115" source="K5" target="K6"/>
  <move id="116" source="I8" target="I7"/>
  <move id="117" source="G4" target="H4"/>
  <move id="118" source="I7" target="I6"/>
  <move id="119" source="K6" target="I6"/>
  <move id="120" source="H7" target="H8"/>
  <move id="121" source="F5" target="F4"/>
  <move id="122" source="G7" target="H7"/>
  <move id="123" source="F4" target="G4"/>
  <move id="124" source="I9" target="I2"/>
  <move id="125" source="H2" target="I2"/>
  <move id="126" source="F8" target="F7"/>
  <move id="127" source="I2" target="I7"/>
  <move id="128" source="F7" target="F1"/>
  <move id="129" source="I7" target="H7"/>
  <move id="130" source="H7" target="G7"/>
  <move id="131" source="G4" target="F4"/>
  <move id="132" source="G7" target="F7"/>
  <move id="133" source="H4" target="G4"/>
  <move id="134" source="F7" target="E7"/>
  <move id="135" source="F4" target="F5"/>
  <move id="136" source="E7" target="D7"/>
  <move id="137" source="G4" target="F4"/>
  <move id="138" source="D7" target="C7"/>
  <move id="139" source="E4" target="D4"/>
  <move id="140" source="C7" target="B7"/>
  <move id="141" source="D4" target="C4"/>
  <move id="142" source="B7" target="B6"/>
  <move id="143" source="D3" target="C3"/>
  <move id="144" source="B6" target="B7"/>
  <move id="145" source="C4" target="D4"/>
  <move id="146" source="B7" target="C7"/>
  <move id="147" source="D4" target="E4"/>
  <move id="148" source="D8" target="D7"/>
  <move id="149" source="E4" target="E5"/>
  <move id="150" source="D7" target="E7"/>
  <move id="151" source="E5" target="E6"/>
  <move id="152" source="C7" target="B7"/>
  <move id="153" source="E6" target="E7"/>
  <move id="154" source="B7" target="B6"/>
  <move id="155" source="E7" target="E6"/>
  <move id="156" source="B6" target="B5"/>
  <move id="157" source="E6" target="E5"/>
  <move id="158" source="B5" target="B4"/>
  <move id="159" source="E5" target="E4"/>
  <move id="160" source="A6" target="A5"/>
  <move id="161" source="E4" target="D4"/>
  <move id="162" source="A5" target="A4"/>
  <move id="163" source="D4" target="C4"/>
  <move id="164" source="A4" target="A3"/>
  <move id="165" source="C3" target="B3"/>
  <move id="166" source="A3" target="A2"/>
  <move id="167" source="B3" target="B2"/>
  <move id="168" source="A2" target="A1"/>
  <move id="169" source="E3" target="D3"/>
  <move id="170" source="A1" target="B1"/>
  <move id="171" source="B2" target="B1"/>
  <move id="172" source="C8" target="B8"/>
  <move id="173" source="C4" target="B4"/>
  <move id="174" source="B8" target="B7"/>
  <move id="175" source="B4" target="B5"/>
  <move id="176" source="B7" target="B6"/>
  <move id="177" source="B5" target="B6"/>
  <move id="178" source="A9" target="A8"/>
  <move id="179" source="E2" target="E3"/>
  <move id="180" source="A8" target="A7"/>
  <move id="181" source="E3" target="E4"/>
  <move id="182" source="A7" target="A6"/>
  <move id="183" source="E4" target="D4"/>
  <move id="184" source="A6" target="A5"/>
  <move id="185" source="D4" target="C4"/>
  <move id="186" source="A5" target="A4"/>
  <move id="187" source="B1" target="B2"/>
  <move id="188" source="A4" target="A3"/>
  <move id="189" source="C4" target="B4"/>
  <move id="190" source="A3" target="A2"/>
  <move id="191" source="B2" target="A2"/>
  <move id="192" source="D9" target="D8"/>
  <move id="193" source="H3" target="H4"/>
  <move id="194" source="D8" target="C8"/>
  <move id="195" source="H4" target="I4"/>
  <move id="196" source="C8" target="B8"/>
  <move id="197" source="F1" target="F2"/>
  <move id="198" source="B8" target="B9"/>
  <move id="199" source="F2" target="E2"/>
  <move id="200" source="B9" target="A9"/>
  <move id="201" source="B4" target="B5"/>
  <move id="202" source="A9" target="A8"/>
  <move id="203" source="B5" target="B6"/>
  <move id="204" source="A8" target="A7"/>
  <move id="205" source="K2" target="I2"/>
  <move id="206" source="G8" target="G7"/>
  <move id="207" source="I2" target="I3"/>
  <move id="208" source="G7" target="F7"/>
  <move id="209" source="I3" target="H3"/>
  <move id="210" source="F7" target="E7"/>
  <move id="211" source="H3" target="H4"/>
  <move id="212" source="E7" target="D7"/>
  <move id="213" source="H4" target="G4"/>
  <move id="214" source="D7" target="D8"/>
  <move id="215" source="F4" target="E4"/>
  <move id="216" source="D8" target="D9"/>
  <move id="217" source="E4" target="E5"/>
  <move id="218" source="K9" target="I9"/>
  <move id="219" source="E5" target="E6"/>
  <move id="220" source="I9" target="I8"/>
  <move id="221" source="G4" target="F4"/>
  <move id="222" source="I8" target="I7"/>
  <move id="223" source="F4" target="E4"/>
  <move id="224" source="I7" target="I6"/>
  <move id="225" source="E6" target="F6"/>
  <move id="226" source="I6" target="I7"/>
  <move id="227" source="E4" target="E5"/>
  <move id="228" source="I7" target="I8"/>
  <move id="229" source="E5" target="E6"/>
  <move id="230" source="I8" target="I9"/>
  <move id="231" source="E6" target="E7"/>
  <move id="232" source="I9" target="K9"/>
  <move id="233" source="E7" target="D7"/>
  <move id="234" source="K9" target="I9"/>
  <move id="235" source="D7" target="D8"/>
  <move id="236" source="I9" target="I8"/>
  <move id="237" source="D8" target="D9"/>
  <move id="238" source="I8" target="I7"/>
  <move id="239" source="D9" target="D8"/>
  <move id="240" source="I7" target="I6"/>
  <move id="241" source="D8" target="C8"/>
  <move id="242" source="I6" target="I4"/>
  <move id="243" source="C8" target="B8"/>
  <move id="244" source="E8" target="E7"/>
  <move id="245" source="B8" target="A8"/>
  <move id="246" source="A7" target="A6"/>
  <move id="247" source="B6" target="A6"/>
  <move id="248" source="E7" target="E6"/>
  <move id="249" source="F6" target="F7"/>
  <move id="250" source="H8" target="G8"/>
  <move id="251" source="F5" target="E5"/>
  <move id="252" source="E6" target="F6"/>
  <move id="253" source="F7" target="E7"/>
  <move id="254" source="E9" target="E8"/>
  <move id="255" source="E7" target="D7"/>
  <move id="256" source="C9" target="C8"/>
  <move id="257" source="A8" target="B8"/>
  <move id="258" source="C8" target="C7"/>
  <move id="259" source="D7" target="D8"/>
  <move id="260" source="E8" target="D8"/>
  <move id="261" source="B8" target="C8"/>
  <move id="262" source="D8" target="D9"/>
  <move id="263" source="C8" target="C7"/>
  <move id="264" source="F6" target="F5"/>
  <move id="265" source="E5" target="F5"/>
  <move id="266" source="D9" target="C9"/>
  <move id="267" source="C7" target="C8"/>
  <move id="268" source="C9" target="B9"/>
  <move id="269" source="C8" target="B8"/>
  <move id="270" source="B9" target="A9"/>
  <move id="271" source="F5" target="F6"/>
  <move id="272" source="F9" target="E9"/>
  <move id="273" source="I4" target="I5"/>
  <move id="274" source="E9" target="D9"/>
  <move id="275" source="I5" target="I6"/>
  <move id="276" source="D9" target="E9"/>
  <move id="277" source="I6" target="I7"/>
  <move id="278" source="E9" target="F9"/>
  <move id="279" source="F6" target="F7"/>
  <move id="280" source="F9" target="E9"/>
  <move id="281" source="H1" target="H2"/>
  <move id="282" source="E9" target="D9"/>
  <move id="283" source="H2" target="H3"/>
  <player id="1">Player 1</player>
  <player id="2">Player 2</player>
  <result type="3" winner="1"/>
 </game>
</stratego>