<?xml version="1.0" encoding="UTF-8"?>
<stratego>
 <game type="classic">
  
  <field content="BFMEGBEFBDBGICEHHBDEHBJKIDLDIDDGEDHFJDGFAA__AA__AAAA__AA__AATNPUSPWPSPRSPXPTPQVTNQPTVNRUONRNUQRQSQNY"/>
  <move id="1" source="F4" target="F5"/>
  <move id="2" source="F7" target="F5"/>
  <move id="3" source="F5" target="F4"/>
  <move id="4" source="E7" target="E6"/>
  <move id="5" source="E4" target="E5"/>
  <move id="6" source="E6" target="E5"/>
  <move id="7" source="F4" target="F5"/>
  <move id="8" source="K7" target="K4"/>
  <move id="9" source="E5" target="E4"/>
  <move id="10" source="K8" target="K7"/>
  <move id="11" source="E4" target="F4"/>
  <move id="12" source="K7" target="K6"/>
  <move id="13" source="F5" target="E5"/>
  <move id="14" source="K6" target="K5"/>
  <move id="15" source="E5" target="E4"/>
  <move id="16" source="K5" target="I5"/>
  <move id="17" source="F4" target="F5"/>
  <move id="18" source="I5" target="K5"/>
  <move id="19" source="F3" target="F4"/>
  <move id="20" source="K5" target="K4"/>
  <move id="21" source="I4" target="I5"/>
  <move id="22" source="I7" target="I6"/>
  <move id="23" source="I5" target="I6"/>
  <move id="24" source="H7" target="I7"/>
  <move id="25" source="H4" target="I4"/>
  <move id="26" source="K4" target="K3"/>
  <move id="27" source="I3" target="K3"/>
  <move id="28" source="I7" target="I4"/>
  <move id="29" source="K3" target="I3"/>
  <move id="30" source="H8" target="H7"/>
  <move id="31" source="H3" target="H4"/>
  <move id="32" source="H7" target="I7"/>
  <move id="33" source="H4" target="I4"/>
  <move id="34" source="G8" target="H8"/>
  <move id="35" source="F5" target="F6"/>
  <move id="36" source="H8" target="H7"/>
  <move id="37" source="F6" target="F7"/>
  <move id="38" source="F8" target="F7"/>
  <move id="39" source="F4" target="F9"/>
  <move id="40" source="E8" target="F8"/>
  <move id="41" source="E4" target="F4"/>
  <move id="42" source="D7" target="E7"/>
  <move id="43" source="E3" target="E4"/>
  <move id="44" source="E7" target="E8"/>
  <move id="45" source="E4" target="E5"/>
  <move id="46" source="C7" target="D7"/>
  <move id="47" source="E5" target="E6"/>
  <move id="48" source="D7" target="E7"/>
  <move id="49" source="E6" target="F6"/>
  <move id="50" source="E7" target="F7"/>
  <move id="51" source="F4" target="F5"/>
  <move id="52" source="F7" target="F6"/>
  <move id="53" source="F6" target="E6"/>
  <move id="54" source="F8" target="F5"/>
  <move id="55" source="E6" target="E5"/>
  <move id="56" source="G9" target="G8"/>
  <move id="57" source="E5" target="E4"/>
  <move id="58" source="G8" target="F8"/>
  <move id="59" source="E4" target="E3"/>
  <move id="60" source="F8" target="F7"/>
  <move id="61" source="F5" target="F4"/>
  <move id="62" source="F7" target="F6"/>
  <move id="63" source="D4" target="E4"/>
  <move id="64" source="F6" target="F5"/>
  <move id="65" source="C4" target="D4"/>
  <move id="66" source="F5" target="F4"/>
  <move id="67" source="E4" target="F4"/>
  <move id="68" source="C8" target="C7"/>
  <move id="69" source="D4" target="E4"/>
  <move id="70" source="C7" target="D7"/>
  <move id="71" source="E4" target="E5"/>
  <move id="72" source="D7" target="E7"/>
  <move id="73" source="E5" target="E6"/>
  <move id="74" source="E7" target="E6"/>
  <move id="75" source="F4" target="F5"/>
  <move id="76" source="H7" target="H8"/>
  <move id="77" source="F5" target="F6"/>
  <move id="78" source="H8" target="G8"/>
  <move id="79" source="F6" target="F7"/>
  <move id="80" source="G8" target="F8"/>
  <move id="81" source="E6" target="E7"/>
  <move id="82" source="F8" target="F7"/>
  <move id="83" source="E7" target="E6"/>
  <move id="84" source="B8" target="C8"/>
  <move id="85" source="F2" target="F3"/>
  <move id="86" source="C8" target="C7"/>
  <move id="87" source="F3" target="F4"/>
  <move id="88" source="C7" target="D7"/>
  <move id="89" source="F4" target="F5"/>
  <move id="90" source="D7" target="E7"/>
  <move id="91" source="E6" target="F6"/>
  <move id="92" source="E7" target="F7"/>
  <move id="93" source="F6" target="E6"/>
  <move id="94" source="F7" target="F6"/>
  <move id="95" source="F5" target="F6"/>
  <move id="96" source="E8" target="E7"/>
  <move id="97" source="E6" target="E5"/>
  <move id="98" source="E7" target="E6"/>
  <move id="99" source="F6" target="F5"/>
  <move id="100" source="E6" target="E5"/>
  <move id="101" source="F5" target="F4"/>
  <move id="102" source="E5" target="E6"/>
  <move id="103" source="E3" target="E4"/>
  <move id="104" source="E6" target="E7"/>
  <move id="105" source="E4" target="E5"/>
  <move id="106" source="C9" target="C8"/>
  <move id="107" source="E5" target="E6"/>
  <move id="108" source="C8" target="C7"/>
  <move id="109" source="E6" target="E7"/>
  <move id="110" source="C7" target="D7"/>
  <move id="111" source="E2" target="E3"/>
  <move id="112" source="D7" target="E7"/>
  <move id="113" source="E3" target="E4"/>
  <move id="114" source="E7" target="E4"/>
  <move id="115" source="F4" target="F3"/>
  <move id="116" source="D9" target="C9"/>
  <move id="117" source="E4" target="E5"/>
  <move id="118" source="A8" target="B8"/>
  <move id="119" source="E5" target="E6"/>
  <move id="120" source="B8" target="C8"/>
  <move id="121" source="E6" target="E7"/>
  <move id="122" source="C8" target="C7"/>
  <move id="123" source="E7" target="F7"/>
  <move id="124" source="G7" target="G8"/>
  <move id="125" source="F7" target="F8"/>
  <move id="126" source="G8" target="G7"/>
  <move id="127" source="F8" target="F9"/>
  <move id="128" source="C7" target="D7"/>
  <move id="129" source="F9" target="F:"/>
  <move id="130" source="D7" target="E7"/>
  <move id="131" source="G4" target="H4"/>
  <move id="132" source="E7" target="E6"/>
  <move id="133" source="H4" target="H3"/>
  <move id="134" source="E6" target="E5"/>
  <move id="135" source="I4" target="H4"/>
  <move id="136" source="E5" target="E4"/>
  <move id="137" source="H4" target="G4"/>
  <move id="138" source="E4" target="D4"/>
  <move id="139" source="G4" target="F4"/>
  <move id="140" source="D4" target="D3"/>
  <move id="141" source="F4" target="F:"/>
  <move id="142" source="G:" target="F:"/>
  <move id="143" source="F3" target="F4"/>
  <move id="144" source="F:" target="F9"/>
  <move id="145" source="F4" target="F5"/>
  <move id="146" source="F9" target="F8"/>
  <move id="147" source="F5" target="F6"/>
  <move id="148" source="F8" target="F7"/>
  <move id="149" source="F6" target="F7"/>
  <move id="150" source="G7" target="F7"/>
  <move id="151" source="I3" target="I4"/>
  <move id="152" source="I7" target="H7"/>
  <move id="153" source="I4" target="I5"/>
  <move id="154" source="H7" target="H8"/>
  <move id="155" source="I5" target="I6"/>
  <move id="156" source="H8" target="G8"/>
  <move id="157" source="I6" target="I7"/>
  <move id="158" source="I8" target="I7"/>
  <move id="159" source="H3" target="H4"/>
  <move id="160" source="G8" target="G9"/>
  <move id="161" source="H4" target="I4"/>
  <move id="162" source="G9" target="F9"/>
  <move id="163" source="I4" target="I5"/>
  <move id="164" source="F9" target="G9"/>
  <move id="165" source="I5" target="I6"/>
  <move id="166" source="I7" target="I8"/>
  <move id="167" source="I6" target="I7"/>
  <move id="168" source="I8" target="K8"/>
  <move id="169" source="I7" target="K7"/>
  <move id="170" source="K8" target="I8"/>
  <move id="171" source="K7" target="I7"/>
  <move id="172" source="I8" target="H8"/>
  <move id="173" source="I7" target="H7"/>
  <move id="174" source="H8" target="I8"/>
  <move id="175" source="H7" target="G7"/>
  <move id="176" source="F7" target="F8"/>
  <move id="177" source="G7" target="G8"/>
  <move id="178" source="F8" target="F9"/>
  <move id="179" source="G8" target="F8"/>
  <move id="180" source="F9" target="F:"/>
  <move id="181" source="F8" target="F9"/>
  <move id="182" source="G9" target="F9"/>
  <move id="183" source="F9" target="F8"/>
  <move id="184" source="A7" target="A6"/>
  <move id="185" source="F8" target="F7"/>
  <move id="186" source="A6" target="A5"/>
  <move id="187" source="F7" target="F6"/>
  <move id="188" source="A5" target="A4"/>
  <move id="189" source="A3" target="A4"/>
  <move id="190" source="F:" target="F9"/>
  <move id="191" source="F6" target="F5"/>
  <move id="192" source="F9" target="G9"/>
  <move id="193" source="F5" target="F4"/>
  <move id="194" source="G9" target="G8"/>
  <move id="195" source="F4" target="F3"/>
  <move id="196" source="G8" target="H8"/>
  <move id="197" source="D3" target="E3"/>
  <move id="198" source="H8" target="H7"/>
  <move id="199" source="E3" target="E4"/>
  <move id="200" source="D8" target="E8"/>
  <move id="201" source="F3" target="E3"/>
  <move id="202" source="E8" target="F8"/>
  <move id="203" source="E4" target="F4"/>
  <move id="204" source="F8" target="G8"/>
  <move id="205" source="F4" target="F3"/>
  <move id="206" source="G8" target="H8"/>
  <move id="207" source="E3" target="E2"/>
  <move id="208" source="E:" target="F:"/>
  <move id="209" source="F3" target="F2"/>
  <move id="210" source="F:" target="F9"/>
  <move id="211" source="I2" target="I3"/>
  <move id="212" source="F9" target="F8"/>
  <move id="213" source="I3" target="I4"/>
  <move id="214" source="F8" target="F7"/>
  <move id="215" source="I4" target="H4"/>
  <move id="216" source="F7" target="F6"/>
  <move id="217" source="H4" target="G4"/>
  <move id="218" source="F6" target="F5"/>
  <move id="219" source="G4" target="F4"/>
  <move id="220" source="F5" target="F4"/>
  <move id="221" source="B4" target="C4"/>
  <move id="222" source="F4" target="E4"/>
  <move id="223" source="C4" target="D4"/>
  <move id="224" source="E4" target="D4"/>
  <move id="225" source="D4" target="E4"/>
  <move id="226" source="C9" target="C8"/>
  <move id="227" source="E4" target="E5"/>
  <move id="228" source="C8" target="D8"/>
  <move id="229" source="E5" target="E6"/>
  <move id="230" source="D8" target="E8"/>
  <move id="231" source="E6" target="F6"/>
  <move id="232" source="E8" target="F8"/>
  <move id="233" source="F6" target="F5"/>
  <move id="234" source="F8" target="G8"/>
  <move id="235" source="F5" target="F6"/>
  <move id="236" source="G8" target="G7"/>
  <move id="237" source="F6" target="E6"/>
  <move id="238" source="E9" target="E8"/>
  <move id="239" source="E6" target="E7"/>
  <move id="240" source="E8" target="E7"/>
  <move id="241" source="F2" target="F3"/>
  <move id="242" source="B9" target="C9"/>
  <move id="243" source="F3" target="F4"/>
  <move id="244" source="C9" target="D9"/>
  <move id="245" source="F4" target="G4"/>
  <move id="246" source="D9" target="E9"/>
  <move id="247" source="G4" target="H4"/>
  <move id="248" source="E9" target="F9"/>
  <move id="249" source="H4" target="I4"/>
  <move id="250" source="G7" target="G8"/>
  <move id="251" source="I4" target="K4"/>
  <move id="252" source="H7" target="G7"/>
  <move id="253" source="K4" target="K5"/>
  <move id="254" source="G7" target="F7"/>
  <move id="255" source="K5" target="K6"/>
  <move id="256" source="F7" target="F8"/>
  <move id="257" source="K6" target="I6"/>
  <move id="258" source="I8" target="I7"/>
  <move id="259" source="I6" target="I7"/>
  <move id="260" source="G8" target="G9"/>
  <move id="261" source="I7" target="H7"/>
  <move id="262" source="G9" target="G8"/>
  <move id="263" source="K2" target="I2"/>
  <move id="264" source="H8" target="H7"/>
  <move id="265" source="G3" target="F3"/>
  <move id="266" source="E7" target="D7"/>
  <move id="267" source="C3" target="C4"/>
  <move id="268" source="D7" target="C7"/>
  <move id="269" source="C4" target="B4"/>
  <move id="270" source="D:" target="D9"/>
  <move id="271" source="B4" target="B5"/>
  <move id="272" source="D9" target="D8"/>
  <move id="273" source="B5" target="B6"/>
  <move id="274" source="D8" target="C8"/>
  <move id="275" source="B6" target="A6"/>
  <move id="276" source="C8" target="B8"/>
  <move id="277" source="A6" target="A7"/>
  <move id="278" source="B8" target="A8"/>
  <move id="279" source="A7" target="A8"/>
  <move id="280" source="F8" target="E8"/>
  <move id="281" source="A8" target="A7"/>
  <move id="282" source="E8" target="D8"/>
  <move id="283" source="A7" target="B7"/>
  <move id="284" source="G8" target="G7"/>
  <move id="285" source="D2" target="D3"/>
  <move id="286" source="G7" target="F7"/>
  <move id="287" source="D3" target="D4"/>
  <move id="288" source="F7" target="F6"/>
  <move id="289" source="D4" target="E4"/>
  <move id="290" source="F6" target="F5"/>
  <move id="291" source="E4" target="E5"/>
  <move id="292" source="F5" target="E5"/>
  <move id="293" source="E2" target="E3"/>
  <move id="294" source="E5" target="F5"/>
  <move id="295" source="E3" target="E4"/>
  <move id="296" source="H:" target="G:"/>
  <move id="297" source="E4" target="E5"/>
  <move id="298" source="F5" target="F4"/>
  <move id="299" source="F3" target="F4"/>
  <move id="300" source="H7" target="G7"/>
  <move id="301" source="E5" target="E4"/>
  <move id="302" source="G7" target="H7"/>
  <move id="303" source="E4" target="E3"/>
  <move id="304" source="H7" target="I7"/>
  <move id="305" source="E3" target="D3"/>
  <move id="306" source="I7" target="I6"/>
  <move id="307" source="F4" target="F5"/>
  <move id="308" source="I6" target="I5"/>
  <move id="309" source="F5" target="F6"/>
  <move id="310" source="F9" target="F:"/>
  <move id="311" source="F6" target="F7"/>
  <move id="312" source="H9" target="G9"/>
  <move id="313" source="F7" target="E7"/>
  <move id="314" source="D8" target="E8"/>
  <move id="315" source="E7" target="E8"/>
  <move id="316" source="G9" target="G8"/>
  <move id="317" source="E8" target="E7"/>
  <move id="318" source="G8" target="G7"/>
  <move id="319" source="K1" target="K7"/>
  <move id="320" source="G7" target="G8"/>
  <move id="321" source="K7" target="G7"/>
  <move id="322" source="G8" target="F8"/>
  <move id="323" source="G7" target="G8"/>
  <move id="324" source="F8" target="F9"/>
  <move id="325" source="E7" target="D7"/>
  <move id="326" source="C7" target="C8"/>
  <move id="327" source="D7" target="D8"/>
  <move id="328" source="C8" target="B8"/>
  <move id="329" source="G8" target="F8"/>
  <move id="330" source="F9" target="G9"/>
  <move id="331" source="D8" target="E8"/>
  <move id="332" source="B8" target="A8"/>
  <move id="333" source="E8" target="E9"/>
  <move id="334" source="A8" target="A7"/>
  <move id="335" source="F8" target="G8"/>
  <move id="336" source="G9" target="H9"/>
  <move id="337" source="E9" target="F9"/>
  <move id="338" source="A7" target="A6"/>
  <move id="339" source="F9" target="F:"/>
  <move id="340" source="A6" target="A5"/>
  <move id="341" source="F:" target="F9"/>
  <move id="342" source="A5" target="B5"/>
  <move id="343" source="F9" target="F8"/>
  <move id="344" source="B5" target="B4"/>
  <move id="345" source="F8" target="F7"/>
  <move id="346" source="B4" target="C4"/>
  <move id="347" source="F7" target="F6"/>
  <move id="348" source="C4" target="C3"/>
  <move id="349" source="D3" target="C3"/>
  <move id="350" source="C:" target="C9"/>
  <move id="351" source="F6" target="F7"/>
  <move id="352" source="C9" target="C8"/>
  <move id="353" source="F7" target="E7"/>
  <move id="354" source="C8" target="B8"/>
  <move id="355" source="E7" target="E6"/>
  <move id="356" source="G:" target="F:"/>
  <move id="357" source="E6" target="E7"/>
  <move id="358" source="F:" target="F9"/>
  <move id="359" source="E7" target="E8"/>
  <move id="360" source="H9" target="H:"/>
  <move id="361" source="G8" target="H8"/>
  <move id="362" source="H:" target="G:"/>
  <move id="363" source="E8" target="F8"/>
  <move id="364" source="F9" target="E9"/>
  <move id="365" source="F8" target="G8"/>
  <move id="366" source="I5" target="I6"/>
  <move id="367" source="H8" target="H9"/>
  <move id="368" source="I6" target="I7"/>
  <move id="369" source="H9" target="G9"/>
  <move id="370" source="G:" target="H:"/>
  <move id="371" source="G9" target="G:"/>
  <move id="372" source="H:" target="H9"/>
  <move id="373" source="G:" target="H:"/>
  <move id="374" source="I7" target="I6"/>
  <move id="375" source="H:" target="H9"/>
  <move id="376" source="B8" target="A8"/>
  <move id="377" source="G8" target="F8"/>
  <move id="378" source="A8" target="A7"/>
  <move id="379" source="F8" target="F7"/>
  <move id="380" source="A7" target="A6"/>
  <move id="381" source="F7" target="F6"/>
  <move id="382" source="A6" target="A5"/>
  <move id="383" source="F6" target="F5"/>
  <move id="384" source="A5" target="A4"/>
  <move id="385" source="F5" target="F4"/>
  <move id="386" source="A4" target="A3"/>
  <move id="387" source="F4" target="E4"/>
  <move id="388" source="A3" target="A2"/>
  <move id="389" source="E4" target="E5"/>
  <move id="390" source="E9" target="E8"/>
  <move id="391" source="E5" target="E6"/>
  <move id="392" source="E8" target="F8"/>
  <move id="393" source="E6" target="F6"/>
  <move id="394" source="F8" target="G8"/>
  <move id="395" source="F6" target="F7"/>
  <move id="396" source="G8" target="H8"/>
  <move id="397" source="F7" target="G7"/>
  <move id="398" source="H8" target="I8"/>
  <move id="399" source="G7" target="H7"/>
  <move id="400" source="I6" target="I5"/>
  <move id="401" source="H7" target="G7"/>
  <move id="402" source="I5" target="I4"/>
  <move id="403" source="G7" target="H7"/>
  <move id="404" source="I4" target="H4"/>
  <move id="405" source="H7" target="G7"/>
  <move id="406" source="H4" target="G4"/>
  <move id="407" source="G7" target="F7"/>
  <move id="408" source="G4" target="G3"/>
  <move id="409" source="F7" target="F6"/>
  <move id="410" source="G3" target="G2"/>
  <move id="411" source="F6" target="F5"/>
  <move id="412" source="G2" target="F2"/>
  <move id="413" source="F5" target="F4"/>
  <move id="414" source="F2" target="F1"/>
  <move id="415" source="F4" target="G4"/>
  <move id="416" source="H9" target="G9"/>
  <move id="417" source="I2" target="I3"/>
  <move id="418" source="G9" target="G8"/>
  <move id="419" source="I3" target="K3"/>
  <move id="420" source="G8" target="G7"/>
  <move id="421" source="K3" target="K4"/>
  <move id="422" source="G7" target="F7"/>
  <move id="423" source="K4" target="K5"/>
  <move id="424" source="F7" target="F6"/>
  <move id="425" source="G4" target="F4"/>
  <move id="426" source="F6" target="E6"/>
  <move id="427" source="K5" target="K6"/>
  <move id="428" source="E6" target="E7"/>
  <move id="429" source="K6" target="K7"/>
  <move id="430" source="E7" target="D7"/>
  <move id="431" source="K7" target="K8"/>
  <move id="432" source="I8" target="K8"/>
  <move id="433" source="F4" target="F5"/>
  <move id="434" source="D7" target="D8"/>
  <move id="435" source="F5" target="F6"/>
  <move id="436" source="D8" target="C8"/>
  <move id="437" source="F6" target="F7"/>
  <move id="438" source="C8" target="B8"/>
  <move id="439" source="F7" target="E7"/>
  <move id="440" source="B8" target="A8"/>
  <move id="441" source="E7" target="E8"/>
  <move id="442" source="A8" target="A7"/>
  <move id="443" source="E8" target="D8"/>
  <move id="444" source="A7" target="A6"/>
  <move id="445" source="D8" target="C8"/>
  <move id="446" source="A6" target="A5"/>
  <move id="447" source="C8" target="D8"/>
  <move id="448" source="A5" target="B5"/>
  <move id="449" source="D8" target="E8"/>
  <move id="450" source="B5" target="B4"/>
  <move id="451" source="C2" target="C3"/>
  <move id="452" source="B4" target="C4"/>
  <move id="453" source="C3" target="C4"/>
  <move id="454" source="I9" target="I8"/>
  <move id="455" source="E8" target="F8"/>
  <move id="456" source="I8" target="I7"/>
  <move id="457" source="G1" target="G2"/>
  <move id="458" source="I7" target="I6"/>
  <move id="459" source="G2" target="G3"/>
  <move id="460" source="I6" target="I5"/>
  <move id="461" source="G3" target="H3"/>
  <move id="462" source="I5" target="I4"/>
  <move id="463" source="F8" target="F7"/>
  <move id="464" source="I4" target="H4"/>
  <move id="465" source="H3" target="I3"/>
  <move id="466" source="H4" target="I4"/>
  <move id="467" source="I3" target="H3"/>
  <move id="468" source="I4" target="H4"/>
  <move id="469" source="H3" target="I3"/>
  <move id="470" source="H4" target="G4"/>
  <move id="471" source="I3" target="I4"/>
  <move id="472" source="G4" target="F4"/>
  <move id="473" source="I4" target="I5"/>
  <move id="474" source="F4" target="F3"/>
  <move id="475" source="I5" target="I6"/>
  <move id="476" source="F3" target="E3"/>
  <move id="477" source="I6" target="I7"/>
  <move id="478" source="E3" target="E2"/>
  <move id="479" source="I7" target="I8"/>
  <move id="480" source="E2" target="E1"/>
  <player id="1">Player 1</player>
  <player id="2">Player 2</player>
  <result type="0" winner="1"/>
 </game>
</stratego>