<?xml version="1.0" encoding="UTF-8"?>
<stratego>
 <game type="classic">
  
  <field content="GBMEHHHBEEGHBIIIBGDEEJCJBBGFFFDDKFDDDLDDAA__AA__AAAA__AA__AASTQPNRSWSSRPXQVUPQTPPVNUONQNNUPTYTPQRNRP"/>
  <move id="1" source="I4" target="I7"/>
  <move id="2" source="K7" target="K6"/>
  <move id="3" source="H4" target="I4"/>
  <move id="4" source="I7" target="I6"/>
  <move id="5" source="I4" target="I5"/>
  <move id="6" source="H7" target="I7"/>
  <move id="7" source="K4" target="K6"/>
  <move id="8" source="K8" target="K7"/>
  <move id="9" source="G4" target="K4"/>
  <move id="10" source="A7" target="A6"/>
  <move id="11" source="G3" target="G4"/>
  <move id="12" source="A8" target="A7"/>
  <move id="13" source="G4" target="H4"/>
  <move id="14" source="A6" target="B6"/>
  <move id="15" source="I5" target="K5"/>
  <move id="16" source="A7" target="A6"/>
  <move id="17" source="K5" target="K6"/>
  <move id="18" source="I6" target="I5"/>
  <move id="19" source="K6" target="K7"/>
  <move id="20" source="I7" target="I6"/>
  <move id="21" source="K7" target="K6"/>
  <move id="22" source="I6" target="I7"/>
  <move id="23" source="K6" target="I6"/>
  <move id="24" source="I7" target="K7"/>
  <move id="25" source="I6" target="I5"/>
  <move id="26" source="A6" target="A5"/>
  <move id="27" source="I5" target="K5"/>
  <move id="28" source="A5" target="A4"/>
  <move id="29" source="K5" target="K6"/>
  <move id="30" source="K7" target="I7"/>
  <move id="31" source="K6" target="I6"/>
  <move id="32" source="I7" target="K7"/>
  <move id="33" source="I6" target="K6"/>
  <move id="34" source="K7" target="I7"/>
  <move id="35" source="K6" target="I6"/>
  <move id="36" source="I7" target="H7"/>
  <move id="37" source="I6" target="I7"/>
  <move id="38" source="A4" target="B4"/>
  <move id="39" source="K4" target="K9"/>
  <move id="40" source="F7" target="F6"/>
  <move id="41" source="I7" target="K7"/>
  <move id="42" source="F6" target="F5"/>
  <move id="43" source="K7" target="K8"/>
  <move id="44" source="H7" target="I7"/>
  <move id="45" source="K8" target="K9"/>
  <move id="46" source="I7" target="I6"/>
  <move id="47" source="K9" target="K8"/>
  <move id="48" source="I6" target="I5"/>
  <move id="49" source="F4" target="F5"/>
  <move id="50" source="F5" target="F4"/>
  <move id="51" source="K8" target="K7"/>
  <move id="52" source="F4" target="E4"/>
  <move id="53" source="K7" target="I7"/>
  <move id="54" source="E4" target="E3"/>
  <move id="55" source="I7" target="I6"/>
  <move id="56" source="I5" target="K5"/>
  <move id="57" source="I6" target="K6"/>
  <move id="58" source="K5" target="I5"/>
  <move id="59" source="K6" target="I6"/>
  <move id="60" source="I5" target="K5"/>
  <move id="61" source="I6" target="I5"/>
  <move id="62" source="K5" target="K6"/>
  <move id="63" source="H4" target="G4"/>
  <move id="64" source="B4" target="C4"/>
  <move id="65" source="C4" target="B4"/>
  <move id="66" source="B6" target="A6"/>
  <move id="67" source="A3" target="A4"/>
  <move id="68" source="A6" target="A7"/>
  <move id="69" source="G4" target="G3"/>
  <move id="70" source="B8" target="A8"/>
  <move id="71" source="I5" target="I4"/>
  <move id="72" source="B9" target="B8"/>
  <move id="73" source="I4" target="H4"/>
  <move id="74" source="A9" target="B9"/>
  <move id="75" source="H4" target="G4"/>
  <move id="76" source="A8" target="A9"/>
  <move id="77" source="G4" target="F4"/>
  <move id="78" source="A7" target="A8"/>
  <move id="79" source="D4" target="E4"/>
  <move id="80" source="A8" target="A7"/>
  <move id="81" source="E4" target="E5"/>
  <move id="82" source="G7" target="F7"/>
  <move id="83" source="F4" target="E4"/>
  <move id="84" source="G8" target="G7"/>
  <move id="85" source="E5" target="F5"/>
  <move id="86" source="G7" target="H7"/>
  <move id="87" source="E4" target="E5"/>
  <move id="88" source="K6" target="K5"/>
  <move id="89" source="E5" target="E6"/>
  <move id="90" source="H7" target="I7"/>
  <move id="91" source="F5" target="F6"/>
  <move id="92" source="I7" target="I6"/>
  <move id="93" source="F6" target="F5"/>
  <move id="94" source="I6" target="I5"/>
  <move id="95" source="E6" target="E5"/>
  <move id="96" source="I5" target="I4"/>
  <move id="97" source="E5" target="E4"/>
  <move id="98" source="A7" target="A6"/>
  <move id="99" source="E4" target="F4"/>
  <move id="100" source="F7" target="F6"/>
  <move id="101" source="F5" target="E5"/>
  <move id="102" source="F6" target="E6"/>
  <move id="103" source="E5" target="E4"/>
  <move id="104" source="E6" target="E5"/>
  <move id="105" source="E4" target="D4"/>
  <move id="106" source="A6" target="A5"/>
  <move id="107" source="D4" target="E4"/>
  <move id="108" source="K5" target="K4"/>
  <move id="109" source="E4" target="E5"/>
  <move id="110" source="E5" target="E6"/>
  <move id="111" source="F4" target="F5"/>
  <move id="112" source="I4" target="C4"/>
  <move id="113" source="B4" target="C4"/>
  <move id="114" source="A5" target="A4"/>
  <move id="115" source="K3" target="K4"/>
  <move id="116" source="A4" target="A3"/>
  <move id="117" source="B3" target="A3"/>
  <move id="118" source="B8" target="A8"/>
  <move id="119" source="A3" target="B3"/>
  <move id="120" source="A8" target="A7"/>
  <move id="121" source="F5" target="F6"/>
  <move id="122" source="A7" target="A6"/>
  <move id="123" source="F6" target="E6"/>
  <move id="124" source="A6" target="A5"/>
  <move id="125" source="E6" target="E5"/>
  <move id="126" source="A5" target="A4"/>
  <move id="127" source="E5" target="E4"/>
  <move id="128" source="A4" target="A3"/>
  <move id="129" source="E4" target="F4"/>
  <move id="130" source="A3" target="B3"/>
  <move id="131" source="C4" target="B4"/>
  <move id="132" source="K4" target="K5"/>
  <move id="133" source="F4" target="F5"/>
  <move id="134" source="C8" target="B8"/>
  <move id="135" source="F5" target="F4"/>
  <move id="136" source="A9" target="A8"/>
  <move id="137" source="F4" target="E4"/>
  <move id="138" source="A8" target="A7"/>
  <move id="139" source="E4" target="D4"/>
  <move id="140" source="A7" target="A6"/>
  <move id="141" source="D4" target="C4"/>
  <move id="142" source="A6" target="A5"/>
  <move id="143" source="B4" target="B3"/>
  <move id="144" source="K5" target="I5"/>
  <move id="145" source="C4" target="B4"/>
  <move id="146" source="I5" target="I4"/>
  <move id="147" source="B4" target="A4"/>
  <move id="148" source="A5" target="B5"/>
  <move id="149" source="A4" target="B4"/>
  <move id="150" source="B5" target="A5"/>
  <move id="151" source="A2" target="A3"/>
  <move id="152" source="A5" target="A6"/>
  <move id="153" source="B4" target="B5"/>
  <move id="154" source="K:" target="K9"/>
  <move id="155" source="B3" target="B4"/>
  <move id="156" source="K9" target="K8"/>
  <move id="157" source="B4" target="C4"/>
  <move id="158" source="F8" target="F7"/>
  <move id="159" source="C4" target="D4"/>
  <move id="160" source="F7" target="F6"/>
  <move id="161" source="D4" target="E4"/>
  <move id="162" source="F6" target="F5"/>
  <move id="163" source="B5" target="B4"/>
  <move id="164" source="A6" target="A5"/>
  <move id="165" source="A3" target="A4"/>
  <move id="166" source="A5" target="A6"/>
  <move id="167" source="B4" target="C4"/>
  <move id="168" source="B7" target="B6"/>
  <move id="169" source="C4" target="B4"/>
  <move id="170" source="B6" target="B7"/>
  <move id="171" source="G3" target="G4"/>
  <move id="172" source="I4" target="H4"/>
  <move id="173" source="G4" target="F4"/>
  <move id="174" source="H4" target="I4"/>
  <move id="175" source="F4" target="F5"/>
  <move id="176" source="F5" target="F6"/>
  <move id="177" source="E4" target="F4"/>
  <move id="178" source="F6" target="F7"/>
  <move id="179" source="F4" target="G4"/>
  <move id="180" source="I4" target="I5"/>
  <move id="181" source="G4" target="H4"/>
  <move id="182" source="I5" target="K5"/>
  <move id="183" source="H4" target="I4"/>
  <move id="184" source="F7" target="F6"/>
  <move id="185" source="I4" target="K4"/>
  <move id="186" source="K5" target="I5"/>
  <move id="187" source="K4" target="I4"/>
  <move id="188" source="I5" target="K5"/>
  <move id="189" source="B4" target="C4"/>
  <move id="190" source="F6" target="F7"/>
  <move id="191" source="C4" target="D4"/>
  <move id="192" source="F7" target="G7"/>
  <move id="193" source="C3" target="C4"/>
  <move id="194" source="B7" target="B6"/>
  <move id="195" source="D3" target="C3"/>
  <move id="196" source="B6" target="B5"/>
  <move id="197" source="C3" target="B3"/>
  <move id="198" source="B5" target="B4"/>
  <move id="199" source="C4" target="C3"/>
  <move id="200" source="B4" target="B3"/>
  <move id="201" source="B3" target="B4"/>
  <move id="202" source="A6" target="A7"/>
  <move id="203" source="C3" target="C4"/>
  <move id="204" source="B8" target="C8"/>
  <move id="205" source="D4" target="E4"/>
  <move id="206" source="C7" target="B7"/>
  <move id="207" source="E4" target="F4"/>
  <move id="208" source="C8" target="C7"/>
  <move id="209" source="F4" target="E4"/>
  <move id="210" source="D8" target="C8"/>
  <move id="211" source="E4" target="D4"/>
  <move id="212" source="C8" target="B8"/>
  <move id="213" source="D4" target="E4"/>
  <move id="214" source="B8" target="A8"/>
  <move id="215" source="E4" target="F4"/>
  <move id="216" source="E8" target="D8"/>
  <move id="217" source="F4" target="G4"/>
  <move id="218" source="D8" target="C8"/>
  <move id="219" source="G4" target="F4"/>
  <move id="220" source="C8" target="B8"/>
  <move id="221" source="I4" target="K4"/>
  <move id="222" source="K5" target="I5"/>
  <move id="223" source="H3" target="H4"/>
  <move id="224" source="G7" target="F7"/>
  <move id="225" source="F4" target="F5"/>
  <move id="226" source="F7" target="F8"/>
  <move id="227" source="H4" target="G4"/>
  <move id="228" source="F8" target="E8"/>
  <move id="229" source="G4" target="F4"/>
  <move id="230" source="C7" target="C8"/>
  <move id="231" source="F4" target="E4"/>
  <move id="232" source="B7" target="C7"/>
  <move id="233" source="F5" target="F4"/>
  <move id="234" source="B8" target="B7"/>
  <move id="235" source="K4" target="K5"/>
  <move id="236" source="I5" target="I6"/>
  <move id="237" source="K5" target="K6"/>
  <move id="238" source="I6" target="I7"/>
  <move id="239" source="K6" target="K5"/>
  <move id="240" source="B7" target="B6"/>
  <move id="241" source="F4" target="F5"/>
  <move id="242" source="B6" target="B5"/>
  <move id="243" source="F5" target="F6"/>
  <move id="244" source="B5" target="B4"/>
  <move id="245" source="D2" target="D3"/>
  <move id="246" source="A7" target="A6"/>
  <move id="247" source="D3" target="C3"/>
  <move id="248" source="A6" target="A5"/>
  <move id="249" source="C3" target="B3"/>
  <move id="250" source="A5" target="B5"/>
  <move id="251" source="B3" target="B4"/>
  <move id="252" source="B5" target="B4"/>
  <move id="253" source="E2" target="D2"/>
  <move id="254" source="E8" target="D8"/>
  <move id="255" source="D2" target="D3"/>
  <move id="256" source="C8" target="B8"/>
  <move id="257" source="D3" target="C3"/>
  <move id="258" source="A8" target="A7"/>
  <move id="259" source="F2" target="E2"/>
  <move id="260" source="B8" target="A8"/>
  <move id="261" source="E2" target="D2"/>
  <move id="262" source="D8" target="C8"/>
  <move id="263" source="D2" target="D3"/>
  <move id="264" source="C8" target="B8"/>
  <move id="265" source="E4" target="E5"/>
  <move id="266" source="B8" target="B7"/>
  <move id="267" source="E5" target="E6"/>
  <move id="268" source="B7" target="B6"/>
  <move id="269" source="F6" target="F7"/>
  <move id="270" source="B6" target="A6"/>
  <move id="271" source="F7" target="G7"/>
  <move id="272" source="A6" target="A5"/>
  <move id="273" source="K5" target="I5"/>
  <move id="274" source="A8" target="B8"/>
  <move id="275" source="I5" target="I6"/>
  <move id="276" source="B8" target="B7"/>
  <move id="277" source="I6" target="I7"/>
  <move id="278" source="B7" target="B6"/>
  <move id="279" source="G7" target="F7"/>
  <move id="280" source="A5" target="A4"/>
  <move id="281" source="C3" target="B3"/>
  <move id="282" source="A4" target="B4"/>
  <move id="283" source="D3" target="C3"/>
  <move id="284" source="A7" target="A6"/>
  <move id="285" source="B3" target="B4"/>
  <move id="286" source="A6" target="A5"/>
  <move id="287" source="F7" target="F6"/>
  <move id="288" source="D9" target="D8"/>
  <move id="289" source="I3" target="K3"/>
  <move id="290" source="D8" target="C8"/>
  <move id="291" source="I2" target="I7"/>
  <move id="292" source="C8" target="B8"/>
  <move id="293" source="I7" target="H7"/>
  <move id="294" source="H8" target="H7"/>
  <move id="295" source="K3" target="K4"/>
  <move id="296" source="K8" target="K7"/>
  <move id="297" source="K4" target="I4"/>
  <move id="298" source="K7" target="I7"/>
  <move id="299" source="I4" target="H4"/>
  <move id="300" source="I7" target="I6"/>
  <move id="301" source="H4" target="G4"/>
  <move id="302" source="I6" target="I5"/>
  <move id="303" source="F6" target="F5"/>
  <move id="304" source="I5" target="I4"/>
  <move id="305" source="F5" target="F4"/>
  <move id="306" source="B8" target="B7"/>
  <move id="307" source="F4" target="E4"/>
  <move id="308" source="B6" target="A6"/>
  <move id="309" source="E4" target="D4"/>
  <move id="310" source="B7" target="B6"/>
  <move id="311" source="D4" target="D3"/>
  <move id="312" source="B6" target="B5"/>
  <move id="313" source="D3" target="D4"/>
  <move id="314" source="B5" target="B4"/>
  <move id="315" source="C3" target="B3"/>
  <move id="316" source="A5" target="B5"/>
  <move id="317" source="B3" target="B4"/>
  <move id="318" source="A6" target="A5"/>
  <move id="319" source="B2" target="B3"/>
  <move id="320" source="H7" target="I7"/>
  <move id="321" source="E1" target="E2"/>
  <move id="322" source="I7" target="I6"/>
  <move id="323" source="E2" target="D2"/>
  <move id="324" source="I6" target="I5"/>
  <move id="325" source="D2" target="D3"/>
  <move id="326" source="I5" target="K5"/>
  <move id="327" source="D3" target="C3"/>
  <move id="328" source="K5" target="K4"/>
  <move id="329" source="D4" target="E4"/>
  <move id="330" source="K4" target="K3"/>
  <move id="331" source="G4" target="G3"/>
  <move id="332" source="K3" target="I3"/>
  <move id="333" source="E4" target="F4"/>
  <move id="334" source="I4" target="H4"/>
  <move id="335" source="G3" target="G4"/>
  <move id="336" source="I3" target="H3"/>
  <move id="337" source="G4" target="H4"/>
  <move id="338" source="H3" target="H2"/>
  <move id="339" source="H4" target="I4"/>
  <move id="340" source="B5" target="B6"/>
  <move id="341" source="F4" target="F5"/>
  <move id="342" source="A5" target="A6"/>
  <move id="343" source="F1" target="E1"/>
  <move id="344" source="B6" target="B7"/>
  <move id="345" source="E1" target="E2"/>
  <move id="346" source="B7" target="B8"/>
  <move id="347" source="E2" target="D2"/>
  <move id="348" source="B8" target="A8"/>
  <move id="349" source="D2" target="D3"/>
  <move id="350" source="A6" target="B6"/>
  <move id="351" source="D3" target="D4"/>
  <move id="352" source="B6" target="B7"/>
  <move id="353" source="I4" target="H4"/>
  <move id="354" source="B7" target="B8"/>
  <move id="355" source="F5" target="F6"/>
  <move id="356" source="A8" target="A9"/>
  <move id="357" source="H4" target="G4"/>
  <move id="358" source="B8" target="B7"/>
  <move id="359" source="G4" target="F4"/>
  <move id="360" source="I8" target="I7"/>
  <move id="361" source="B3" target="A3"/>
  <move id="362" source="I7" target="I6"/>
  <move id="363" source="A3" target="A4"/>
  <move id="364" source="I6" target="I5"/>
  <move id="365" source="A4" target="A5"/>
  <move id="366" source="I5" target="I4"/>
  <move id="367" source="A5" target="A6"/>
  <move id="368" source="I4" target="I3"/>
  <move id="369" source="A6" target="A7"/>
  <move id="370" source="B7" target="B8"/>
  <move id="371" source="A7" target="A8"/>
  <move id="372" source="B8" target="C8"/>
  <move id="373" source="A8" target="A9"/>
  <move id="374" source="I3" target="H3"/>
  <move id="375" source="A9" target="A8"/>
  <move id="376" source="H3" target="H2"/>
  <move id="377" source="F6" target="F5"/>
  <move id="378" source="H2" target="H3"/>
  <move id="379" source="A8" target="B8"/>
  <move id="380" source="H3" target="G3"/>
  <move id="381" source="B8" target="C8"/>
  <move id="382" source="G3" target="G4"/>
  <move id="383" source="F4" target="E4"/>
  <move id="384" source="G4" target="G3"/>
  <move id="385" source="F5" target="F4"/>
  <move id="386" source="G3" target="H3"/>
  <move id="387" source="F4" target="G4"/>
  <move id="388" source="H3" target="H2"/>
  <move id="389" source="G4" target="H4"/>
  <move id="390" source="H2" target="H1"/>
  <move id="391" source="H4" target="G4"/>
  <move id="392" source="D7" target="D8"/>
  <move id="393" source="G4" target="F4"/>
  <move id="394" source="D8" target="E8"/>
  <move id="395" source="E6" target="F6"/>
  <move id="396" source="C8" target="D8"/>
  <move id="397" source="F6" target="F7"/>
  <move id="398" source="D8" target="D9"/>
  <move id="399" source="F7" target="F8"/>
  <move id="400" source="C7" target="D7"/>
  <move id="401" source="F8" target="E8"/>
  <move id="402" source="D7" target="C7"/>
  <move id="403" source="B4" target="B5"/>
  <move id="404" source="C7" target="B7"/>
  <move id="405" source="B5" target="B6"/>
  <move id="406" source="A:" target="A4"/>
  <move id="407" source="D4" target="D3"/>
  <move id="408" source="A4" target="C4"/>
  <move id="409" source="B6" target="B7"/>
  <move id="410" source="C4" target="A4"/>
  <move id="411" source="B7" target="A7"/>
  <move id="412" source="A4" target="A1"/>
  <move id="413" source="E8" target="D8"/>
  <move id="414" source="D9" target="D8"/>
  <move id="415" source="E4" target="E5"/>
  <move id="416" source="D8" target="D7"/>
  <move id="417" source="F4" target="E4"/>
  <move id="418" source="D7" target="C7"/>
  <move id="419" source="A7" target="A8"/>
  <move id="420" source="C7" target="B7"/>
  <move id="421" source="E4" target="D4"/>
  <move id="422" source="B7" target="B8"/>
  <move id="423" source="A8" target="A7"/>
  <move id="424" source="B8" target="A8"/>
  <move id="425" source="A7" target="B7"/>
  <move id="426" source="A8" target="B8"/>
  <move id="427" source="B7" target="A7"/>
  <move id="428" source="B8" target="A8"/>
  <move id="429" source="A7" target="B7"/>
  <move id="430" source="A8" target="B8"/>
  <move id="431" source="B7" target="A7"/>
  <move id="432" source="B8" target="A8"/>
  <move id="433" source="A7" target="B7"/>
  <move id="434" source="A8" target="A7"/>
  <move id="435" source="B7" target="B8"/>
  <move id="436" source="A7" target="B7"/>
  <move id="437" source="B8" target="A8"/>
  <move id="438" source="B7" target="C7"/>
  <move id="439" source="E5" target="F5"/>
  <move id="440" source="C7" target="C8"/>
  <move id="441" source="A8" target="A7"/>
  <move id="442" source="C8" target="D8"/>
  <move id="443" source="F5" target="F4"/>
  <move id="444" source="D8" target="D7"/>
  <move id="445" source="F4" target="G4"/>
  <move id="446" source="D7" target="C7"/>
  <move id="447" source="A7" target="A6"/>
  <move id="448" source="C7" target="B7"/>
  <move id="449" source="D4" target="C4"/>
  <move id="450" source="B9" target="B8"/>
  <move id="451" source="G4" target="G3"/>
  <move id="452" source="B7" target="C7"/>
  <move id="453" source="A6" target="A5"/>
  <move id="454" source="C7" target="C8"/>
  <move id="455" source="D3" target="D4"/>
  <move id="456" source="B8" target="B7"/>
  <move id="457" source="D4" target="E4"/>
  <move id="458" source="C8" target="D8"/>
  <move id="459" source="A5" target="A6"/>
  <move id="460" source="D8" target="E8"/>
  <move id="461" source="E4" target="E5"/>
  <move id="462" source="B7" target="B4"/>
  <move id="463" source="C4" target="B4"/>
  <move id="464" source="E8" target="D8"/>
  <move id="465" source="E5" target="E6"/>
  <move id="466" source="D8" target="E8"/>
  <move id="467" source="C3" target="D3"/>
  <move id="468" source="E8" target="D8"/>
  <move id="469" source="D3" target="D4"/>
  <move id="470" source="D8" target="D7"/>
  <move id="471" source="D4" target="E4"/>
  <move id="472" source="D:" target="D9"/>
  <move id="473" source="E4" target="F4"/>
  <move id="474" source="D9" target="D8"/>
  <move id="475" source="F4" target="G4"/>
  <move id="476" source="D8" target="E8"/>
  <move id="477" source="G4" target="H4"/>
  <move id="478" source="E8" target="F8"/>
  <move id="479" source="H4" target="I4"/>
  <move id="480" source="F8" target="F7"/>
  <move id="481" source="I4" target="K4"/>
  <move id="482" source="F7" target="F6"/>
  <move id="483" source="E6" target="F6"/>
  <move id="484" source="D7" target="D8"/>
  <move id="485" source="K4" target="K5"/>
  <move id="486" source="D8" target="D9"/>
  <move id="487" source="K5" target="K6"/>
  <move id="488" source="D9" target="D8"/>
  <move id="489" source="G1" target="F1"/>
  <move id="490" source="E9" target="D9"/>
  <move id="491" source="F1" target="E1"/>
  <move id="492" source="D8" target="E8"/>
  <move id="493" source="B4" target="C4"/>
  <move id="494" source="D9" target="D8"/>
  <move id="495" source="A6" target="A7"/>
  <move id="496" source="E8" target="E9"/>
  <move id="497" source="C4" target="D4"/>
  <move id="498" source="E9" target="D9"/>
  <move id="499" source="E1" target="E2"/>
  <move id="500" source="D8" target="E8"/>
  <move id="501" source="D4" target="E4"/>
  <move id="502" source="D9" target="D8"/>
  <move id="503" source="A7" target="B7"/>
  <move id="504" source="E8" target="E9"/>
  <move id="505" source="B7" target="C7"/>
  <move id="506" source="E9" target="D9"/>
  <move id="507" source="E4" target="D4"/>
  <move id="508" source="D8" target="C8"/>
  <move id="509" source="C7" target="C8"/>
  <move id="510" source="C8" target="D8"/>
  <move id="511" source="D4" target="C4"/>
  <move id="512" source="D8" target="E8"/>
  <move id="513" source="C4" target="D4"/>
  <move id="514" source="D9" target="D8"/>
  <move id="515" source="E2" target="D2"/>
  <move id="516" source="E8" target="E9"/>
  <move id="517" source="D2" target="D3"/>
  <move id="518" source="E9" target="D9"/>
  <move id="519" source="D3" target="C3"/>
  <move id="520" source="D8" target="E8"/>
  <move id="521" source="K6" target="K7"/>
  <move id="522" source="D9" target="D8"/>
  <move id="523" source="K7" target="I7"/>
  <move id="524" source="E8" target="E9"/>
  <move id="525" source="I7" target="H7"/>
  <move id="526" source="D8" target="E8"/>
  <move id="527" source="I1" target="I2"/>
  <move id="528" source="E9" target="D9"/>
  <move id="529" source="I2" target="I3"/>
  <move id="530" source="E8" target="E9"/>
  <move id="531" source="I3" target="H3"/>
  <move id="532" source="D9" target="D8"/>
  <move id="533" source="H3" target="H4"/>
  <move id="534" source="E9" target="E8"/>
  <move id="535" source="H4" target="G4"/>
  <move id="536" source="D8" target="D9"/>
  <move id="537" source="G4" target="F4"/>
  <move id="538" source="D9" target="E9"/>
  <move id="539" source="F4" target="E4"/>
  <move id="540" source="E8" target="D8"/>
  <move id="541" source="E4" target="E5"/>
  <move id="542" source="E9" target="E8"/>
  <move id="543" source="E5" target="E6"/>
  <move id="544" source="D8" target="D7"/>
  <move id="545" source="H7" target="G7"/>
  <move id="546" source="E8" target="D8"/>
  <move id="547" source="G7" target="F7"/>
  <move id="548" source="D8" target="D9"/>
  <move id="549" source="F7" target="G7"/>
  <move id="550" source="D7" target="D8"/>
  <move id="551" source="E6" target="E7"/>
  <move id="552" source="D9" target="E9"/>
  <move id="553" source="D4" target="C4"/>
  <move id="554" source="E9" target="D9"/>
  <move id="555" source="G7" target="H7"/>
  <move id="556" source="B:" target="B9"/>
  <move id="557" source="C3" target="B3"/>
  <move id="558" source="B9" target="B8"/>
  <move id="559" source="B3" target="B4"/>
  <move id="560" source="B8" target="B7"/>
  <move id="561" source="B4" target="B5"/>
  <move id="562" source="B7" target="C7"/>
  <move id="563" source="E7" target="E6"/>
  <move id="564" source="C7" target="D7"/>
  <move id="565" source="E6" target="E5"/>
  <move id="566" source="D7" target="E7"/>
  <move id="567" source="H7" target="G7"/>
  <move id="568" source="E7" target="E6"/>
  <move id="569" source="E5" target="E4"/>
  <move id="570" source="E6" target="E5"/>
  <move id="571" source="C4" target="D4"/>
  <move id="572" source="D9" target="E9"/>
  <move id="573" source="G7" target="F7"/>
  <move id="574" source="E9" target="E8"/>
  <move id="575" source="F7" target="F6"/>
  <move id="576" source="E8" target="F8"/>
  <move id="577" source="E4" target="F4"/>
  <move id="578" source="E5" target="F5"/>
  <move id="579" source="F6" target="F5"/>
  <move id="580" source="F8" target="F7"/>
  <move id="581" source="B5" target="B6"/>
  <move id="582" source="F7" target="E7"/>
  <move id="583" source="D4" target="C4"/>
  <move id="584" source="E7" target="D7"/>
  <move id="585" source="A1" target="A2"/>
  <move id="586" source="D8" target="C8"/>
  <move id="587" source="A2" target="A3"/>
  <move id="588" source="D7" target="C7"/>
  <move id="589" source="B6" target="B7"/>
  <move id="590" source="C7" target="D7"/>
  <move id="591" source="A3" target="B3"/>
  <move id="592" source="C8" target="C7"/>
  <move id="593" source="B7" target="B8"/>
  <move id="594" source="C7" target="C8"/>
  <move id="595" source="B8" target="B7"/>
  <move id="596" source="D7" target="D8"/>
  <move id="597" source="B3" target="C3"/>
  <move id="598" source="D8" target="D9"/>
  <move id="599" source="C3" target="D3"/>
  <move id="600" source="C8" target="D8"/>
  <move id="601" source="F4" target="G4"/>
  <move id="602" source="D8" target="E8"/>
  <move id="603" source="B7" target="C7"/>
  <move id="604" source="E8" target="F8"/>
  <move id="605" source="C4" target="D4"/>
  <move id="606" source="F8" target="F7"/>
  <move id="607" source="D4" target="E4"/>
  <move id="608" source="F7" target="G7"/>
  <move id="609" source="E4" target="E5"/>
  <move id="610" source="G7" target="H7"/>
  <move id="611" source="C7" target="D7"/>
  <move id="612" source="H7" target="I7"/>
  <move id="613" source="D7" target="D8"/>
  <move id="614" source="I7" target="I6"/>
  <move id="615" source="D8" target="D9"/>
  <move id="616" source="I6" target="I5"/>
  <move id="617" source="E5" target="E4"/>
  <move id="618" source="I5" target="I4"/>
  <move id="619" source="G4" target="F4"/>
  <move id="620" source="I4" target="I3"/>
  <move id="621" source="F4" target="F5"/>
  <move id="622" source="I3" target="I2"/>
  <move id="623" source="E4" target="F4"/>
  <move id="624" source="I2" target="I1"/>
  <move id="625" source="F4" target="G4"/>
  <move id="626" source="I1" target="K1"/>
  <move id="627" source="G4" target="H4"/>
  <move id="628" source="K1" target="K2"/>
  <move id="629" source="H4" target="I4"/>
  <move id="630" source="K2" target="K3"/>
  <move id="631" source="D3" target="D4"/>
  <move id="632" source="E:" target="E7"/>
  <move id="633" source="F5" target="F4"/>
  <move id="634" source="E7" target="D7"/>
  <move id="635" source="F4" target="E4"/>
  <move id="636" source="D7" target="E7"/>
  <move id="637" source="G3" target="G4"/>
  <move id="638" source="E7" target="F7"/>
  <move id="639" source="D9" target="D8"/>
  <move id="640" source="F7" target="A7"/>
  <move id="641" source="D4" target="C4"/>
  <move id="642" source="A7" target="A3"/>
  <move id="643" source="C4" target="B4"/>
  <move id="644" source="A3" target="A7"/>
  <move id="645" source="D8" target="D7"/>
  <move id="646" source="A7" target="A8"/>
  <move id="647" source="B4" target="B5"/>
  <move id="648" source="A8" target="K8"/>
  <move id="649" source="G4" target="F4"/>
  <move id="650" source="K8" target="K7"/>
  <move id="651" source="F4" target="F5"/>
  <move id="652" source="K7" target="I7"/>
  <move id="653" source="F5" target="F6"/>
  <move id="654" source="I7" target="I8"/>
  <move id="655" source="F6" target="F7"/>
  <move id="656" source="I8" target="A8"/>
  <move id="657" source="D7" target="D8"/>
  <move id="658" source="A8" target="A7"/>
  <move id="659" source="F7" target="E7"/>
  <move id="660" source="A7" target="A2"/>
  <move id="661" source="D8" target="C8"/>
  <move id="662" source="A2" target="A3"/>
  <move id="663" source="C8" target="B8"/>
  <move id="664" source="A3" target="C3"/>
  <move id="665" source="B5" target="B4"/>
  <move id="666" source="C3" target="A3"/>
  <move id="667" source="E7" target="E6"/>
  <move id="668" source="A3" target="A7"/>
  <move id="669" source="E6" target="E7"/>
  <move id="670" source="A7" target="A3"/>
  <move id="671" source="B4" target="A4"/>
  <move id="672" source="A3" target="B3"/>
  <move id="673" source="B8" target="B7"/>
  <move id="674" source="B3" target="B5"/>
  <move id="675" source="B7" target="B6"/>
  <move id="676" source="B5" target="B3"/>
  <move id="677" source="B6" target="B5"/>
  <move id="678" source="B3" target="D3"/>
  <move id="679" source="E4" target="D4"/>
  <move id="680" source="D3" target="D2"/>
  <move id="681" source="D1" target="D2"/>
  <player id="1">Player 1</player>
  <player id="2">Player 2</player>
  <result type="3" winner="1"/>
 </game>
</stratego>