<?xml version="1.0" encoding="UTF-8"?>
<stratego>
 <game type="classic">
  
  <field content="GGGHHHFEBMILEICJDEKBFJDFBBFDIEDHEBDDBDGDAA__AA__AAAA__AA__AATTNUSTXSSTNNRSUVOWUVRRNQQPPPPPRNQQQNYPPP"/>
  <move id="1" source="F4" target="F5"/>
  <move id="2" source="F7" target="F6"/>
  <move id="3" source="F5" target="F4"/>
  <move id="4" source="K7" target="K6"/>
  <move id="5" source="E4" target="E5"/>
  <move id="6" source="A7" target="A6"/>
  <move id="7" source="E5" target="E4"/>
  <move id="8" source="I7" target="I6"/>
  <move id="9" source="E4" target="E5"/>
  <move id="10" source="B7" target="B6"/>
  <move id="11" source="E5" target="E4"/>
  <move id="12" source="E7" target="E6"/>
  <move id="13" source="F4" target="F5"/>
  <move id="14" source="F6" target="F5"/>
  <move id="15" source="A4" target="A6"/>
  <move id="16" source="F5" target="F6"/>
  <move id="17" source="B4" target="B5"/>
  <move id="18" source="B6" target="B7"/>
  <move id="19" source="B5" target="B6"/>
  <move id="20" source="A6" target="A7"/>
  <move id="21" source="B6" target="A6"/>
  <move id="22" source="K6" target="K5"/>
  <move id="23" source="B3" target="B4"/>
  <move id="24" source="K5" target="K4"/>
  <move id="25" source="B4" target="A4"/>
  <move id="26" source="K4" target="I4"/>
  <move id="27" source="I3" target="I4"/>
  <move id="28" source="I6" target="I5"/>
  <move id="29" source="I4" target="I3"/>
  <move id="30" source="I5" target="I4"/>
  <move id="31" source="C3" target="B3"/>
  <move id="32" source="I4" target="H4"/>
  <move id="33" source="B3" target="B4"/>
  <move id="34" source="H4" target="G4"/>
  <move id="35" source="B4" target="B5"/>
  <move id="36" source="K8" target="K7"/>
  <move id="37" source="C2" target="C3"/>
  <move id="38" source="K7" target="K6"/>
  <move id="39" source="C3" target="B3"/>
  <move id="40" source="K6" target="I6"/>
  <move id="41" source="C4" target="C3"/>
  <move id="42" source="I6" target="I5"/>
  <move id="43" source="C3" target="C2"/>
  <move id="44" source="K9" target="K3"/>
  <move id="45" source="D3" target="C3"/>
  <move id="46" source="I5" target="K5"/>
  <move id="47" source="C3" target="C4"/>
  <move id="48" source="I8" target="I7"/>
  <move id="49" source="C4" target="B4"/>
  <move id="50" source="I7" target="I6"/>
  <move id="51" source="B5" target="B7"/>
  <move id="52" source="A7" target="A6"/>
  <move id="53" source="A4" target="A5"/>
  <move id="54" source="K5" target="K4"/>
  <move id="55" source="A5" target="A6"/>
  <move id="56" source="K4" target="K3"/>
  <move id="57" source="A3" target="A4"/>
  <move id="58" source="K3" target="K4"/>
  <move id="59" source="A4" target="A5"/>
  <move id="60" source="K4" target="I4"/>
  <move id="61" source="A5" target="B5"/>
  <move id="62" source="K:" target="K2"/>
  <move id="63" source="A6" target="B6"/>
  <move id="64" source="I4" target="I3"/>
  <move id="65" source="I2" target="I3"/>
  <move id="66" source="I6" target="K6"/>
  <move id="67" source="H3" target="H4"/>
  <move id="68" source="H7" target="I7"/>
  <move id="69" source="H4" target="I4"/>
  <move id="70" source="I7" target="I6"/>
  <move id="71" source="H2" target="H3"/>
  <move id="72" source="G7" target="H7"/>
  <move id="73" source="G2" target="H2"/>
  <move id="74" source="H7" target="I7"/>
  <move id="75" source="H2" target="I2"/>
  <move id="76" source="K6" target="K5"/>
  <move id="77" source="F2" target="G2"/>
  <move id="78" source="I6" target="I5"/>
  <move id="79" source="G2" target="H2"/>
  <move id="80" source="I5" target="I4"/>
  <move id="81" source="I3" target="I4"/>
  <move id="82" source="I7" target="I6"/>
  <move id="83" source="A2" target="A3"/>
  <move id="84" source="I6" target="I5"/>
  <move id="85" source="I4" target="I3"/>
  <move id="86" source="I5" target="I4"/>
  <move id="87" source="A3" target="A4"/>
  <move id="88" source="K5" target="I5"/>
  <move id="89" source="A4" target="A5"/>
  <move id="90" source="E8" target="E7"/>
  <move id="91" source="A5" target="A6"/>
  <move id="92" source="F8" target="F7"/>
  <move id="93" source="A6" target="A7"/>
  <move id="94" source="E9" target="E8"/>
  <move id="95" source="A7" target="B7"/>
  <move id="96" source="E8" target="F8"/>
  <move id="97" source="B7" target="A7"/>
  <move id="98" source="G8" target="G7"/>
  <move id="99" source="B6" target="A6"/>
  <move id="100" source="H8" target="H7"/>
  <move id="101" source="B5" target="B6"/>
  <move id="102" source="F8" target="G8"/>
  <move id="103" source="B6" target="B7"/>
  <move id="104" source="G8" target="H8"/>
  <move id="105" source="B7" target="B8"/>
  <move id="106" source="H8" target="I8"/>
  <move id="107" source="B4" target="B5"/>
  <move id="108" source="I8" target="I7"/>
  <move id="109" source="B5" target="B6"/>
  <move id="110" source="I7" target="K7"/>
  <move id="111" source="B6" target="B7"/>
  <move id="112" source="K7" target="K6"/>
  <move id="113" source="B7" target="C7"/>
  <move id="114" source="K6" target="K5"/>
  <move id="115" source="B3" target="B4"/>
  <move id="116" source="K5" target="K4"/>
  <move id="117" source="A1" target="A2"/>
  <move id="118" source="I5" target="K5"/>
  <move id="119" source="A2" target="A3"/>
  <move id="120" source="I4" target="I5"/>
  <move id="121" source="A3" target="A4"/>
  <move id="122" source="I5" target="I6"/>
  <move id="123" source="A4" target="A5"/>
  <move id="124" source="I6" target="K6"/>
  <move id="125" source="A6" target="B6"/>
  <move id="126" source="K4" target="K3"/>
  <move id="127" source="A7" target="B7"/>
  <move id="128" source="K3" target="K2"/>
  <move id="129" source="I3" target="K3"/>
  <move id="130" source="K2" target="I2"/>
  <move id="131" source="H2" target="I2"/>
  <move id="132" source="K5" target="I5"/>
  <move id="133" source="I2" target="K2"/>
  <move id="134" source="I5" target="K5"/>
  <move id="135" source="E2" target="F2"/>
  <move id="136" source="I9" target="I2"/>
  <move id="137" source="K2" target="I2"/>
  <move id="138" source="K5" target="I5"/>
  <move id="139" source="H3" target="I3"/>
  <move id="140" source="K6" target="K5"/>
  <move id="141" source="F2" target="G2"/>
  <move id="142" source="I5" target="I6"/>
  <move id="143" source="G2" target="H2"/>
  <move id="144" source="I6" target="K6"/>
  <move id="145" source="G3" target="H3"/>
  <move id="146" source="I:" target="I3"/>
  <move id="147" source="K3" target="K2"/>
  <move id="148" source="K5" target="K4"/>
  <move id="149" source="H3" target="H4"/>
  <move id="150" source="K4" target="K3"/>
  <move id="151" source="H4" target="I4"/>
  <move id="152" source="H9" target="I9"/>
  <move id="153" source="I4" target="K4"/>
  <move id="154" source="K3" target="K2"/>
  <move id="155" source="I3" target="H3"/>
  <move id="156" source="K2" target="K3"/>
  <move id="157" source="H3" target="G3"/>
  <move id="158" source="K3" target="K4"/>
  <move id="159" source="G3" target="H3"/>
  <move id="160" source="F6" target="F5"/>
  <move id="161" source="A5" target="A6"/>
  <move id="162" source="F5" target="F4"/>
  <move id="163" source="A6" target="A7"/>
  <move id="164" source="F4" target="F3"/>
  <move id="165" source="A7" target="A8"/>
  <move id="166" source="E6" target="E5"/>
  <move id="167" source="B4" target="A4"/>
  <move id="168" source="E5" target="E4"/>
  <move id="169" source="A4" target="A5"/>
  <move id="170" source="E4" target="E3"/>
  <move id="171" source="A5" target="A6"/>
  <move id="172" source="F7" target="F8"/>
  <move id="173" source="A6" target="A7"/>
  <move id="174" source="F8" target="G8"/>
  <move id="175" source="A7" target="A8"/>
  <move id="176" source="A9" target="A8"/>
  <move id="177" source="B6" target="A6"/>
  <move id="178" source="A8" target="A9"/>
  <move id="179" source="A6" target="A7"/>
  <move id="180" source="H7" target="I7"/>
  <move id="181" source="A7" target="A8"/>
  <move id="182" source="I7" target="I6"/>
  <move id="183" source="A8" target="A9"/>
  <move id="184" source="I6" target="I5"/>
  <move id="185" source="A9" target="B9"/>
  <move id="186" source="I5" target="I4"/>
  <move id="187" source="B9" target="C9"/>
  <move id="188" source="I4" target="I3"/>
  <move id="189" source="B2" target="B3"/>
  <move id="190" source="I3" target="I2"/>
  <move id="191" source="B3" target="B4"/>
  <move id="192" source="I2" target="H2"/>
  <move id="193" source="B4" target="B5"/>
  <move id="194" source="H2" target="H3"/>
  <move id="195" source="B5" target="B6"/>
  <move id="196" source="G7" target="H7"/>
  <move id="197" source="B6" target="A6"/>
  <move id="198" source="H7" target="H8"/>
  <move id="199" source="A6" target="A7"/>
  <move id="200" source="D9" target="E9"/>
  <move id="201" source="A7" target="A8"/>
  <move id="202" source="E9" target="E8"/>
  <move id="203" source="A8" target="A9"/>
  <move id="204" source="E8" target="F8"/>
  <move id="205" source="A9" target="B9"/>
  <move id="206" source="F8" target="F7"/>
  <move id="207" source="B9" target="B:"/>
  <player id="1">Player 1</player>
  <player id="2">Player 2</player>
  <result type="3" winner="2"/>
 </game>
</stratego>