<?xml version="1.0" encoding="UTF-8"?>
<stratego>
 <game type="classic">
  
  <field content="BBFBEEMFBEEHCBDLIBEIFIKGJHDFDGDGDDHDGJHDAA__AA__AAAA__AA__AAQSRUPRNPRPPXVWNPSPPNUQVOTSQNQRYUTTTNSQPN"/>
  <move id="1" source="E4" target="E5"/>
  <move id="2" source="B7" target="B6"/>
  <move id="3" source="A4" target="A7"/>
  <move id="4" source="B6" target="B5"/>
  <move id="5" source="I4" target="I5"/>
  <move id="6" source="B5" target="B4"/>
  <move id="7" source="C4" target="B4"/>
  <move id="8" source="C7" target="B7"/>
  <move id="9" source="D4" target="C4"/>
  <move id="10" source="B7" target="B6"/>
  <move id="11" source="D3" target="D4"/>
  <move id="12" source="B6" target="B5"/>
  <move id="13" source="K4" target="K7"/>
  <move id="14" source="A7" target="B7"/>
  <move id="15" source="D4" target="E4"/>
  <move id="16" source="A8" target="A3"/>
  <move id="17" source="E5" target="E6"/>
  <move id="18" source="B8" target="A8"/>
  <move id="19" source="B4" target="B5"/>
  <move id="20" source="B5" target="A5"/>
  <move id="21" source="B3" target="B4"/>
  <move id="22" source="A8" target="A7"/>
  <move id="23" source="B4" target="A4"/>
  <move id="24" source="A5" target="B5"/>
  <move id="25" source="A4" target="B4"/>
  <move id="26" source="B5" target="B6"/>
  <move id="27" source="B4" target="B5"/>
  <move id="28" source="A7" target="A6"/>
  <move id="29" source="A3" target="A4"/>
  <move id="30" source="A6" target="A5"/>
  <move id="31" source="B5" target="B6"/>
  <move id="32" source="A5" target="B5"/>
  <move id="33" source="B6" target="B5"/>
  <move id="34" source="B5" target="B4"/>
  <move id="35" source="A4" target="A5"/>
  <move id="36" source="B4" target="C4"/>
  <move id="37" source="A5" target="A6"/>
  <move id="38" source="C4" target="D4"/>
  <move id="39" source="A6" target="B6"/>
  <move id="40" source="D4" target="E4"/>
  <move id="41" source="B6" target="B7"/>
  <move id="42" source="E4" target="E5"/>
  <move id="43" source="E6" target="F6"/>
  <move id="44" source="E5" target="F5"/>
  <move id="45" source="F6" target="F7"/>
  <move id="46" source="F5" target="F6"/>
  <move id="47" source="F7" target="E7"/>
  <move id="48" source="D7" target="E7"/>
  <move id="49" source="B7" target="B8"/>
  <move id="50" source="C8" target="B8"/>
  <move id="51" source="C3" target="C4"/>
  <player id="1">Player 1</player>
  <player id="2">Player 2</player>
  <result type="11" winner="1"/>
 </game>
</stratego>