<?xml version="1.0" encoding="UTF-8"?>
<stratego>
 <game type="classic">
  
  <field content="HDMDGBEHDFDJDIJBFBFBDIDEDEEBIBEHLHGGKCFGAA__AA__AAAA__AA__AAPSNWPNQXTPUNSOTVPUPNNVQUPQSTNTQRSRPRYQRP"/>
  <move id="1" source="E4" target="E5"/>
  <move id="2" source="A7" target="A6"/>
  <move id="3" source="F4" target="F5"/>
  <move id="4" source="A6" target="A4"/>
  <move id="5" source="B4" target="B5"/>
  <move id="6" source="A8" target="A7"/>
  <move id="7" source="D4" target="E4"/>
  <move id="8" source="A7" target="A6"/>
  <move id="9" source="B3" target="B4"/>
  <move id="10" source="B7" target="B6"/>
  <move id="11" source="A3" target="B3"/>
  <move id="12" source="B6" target="B5"/>
  <move id="13" source="A4" target="A3"/>
  <move id="14" source="A6" target="B6"/>
  <move id="15" source="B5" target="A5"/>
  <move id="16" source="B6" target="A6"/>
  <move id="17" source="B4" target="B5"/>
  <move id="18" source="A6" target="A5"/>
  <move id="19" source="C4" target="B4"/>
  <move id="20" source="A5" target="B5"/>
  <move id="21" source="B4" target="C4"/>
  <move id="22" source="E7" target="E5"/>
  <move id="23" source="G4" target="F4"/>
  <move id="24" source="E8" target="E7"/>
  <move id="25" source="F5" target="F6"/>
  <move id="26" source="K7" target="K4"/>
  <move id="27" source="F4" target="F5"/>
  <move id="28" source="I7" target="I6"/>
  <move id="29" source="B3" target="B4"/>
  <move id="30" source="I8" target="I7"/>
  <move id="31" source="B4" target="B5"/>
  <move id="32" source="I7" target="K7"/>
  <move id="33" source="F6" target="F7"/>
  <move id="34" source="E7" target="E6"/>
  <move id="35" source="E4" target="D4"/>
  <move id="36" source="E6" target="E5"/>
  <move id="37" source="F5" target="E5"/>
  <move id="38" source="D7" target="E7"/>
  <move id="39" source="D4" target="E4"/>
  <move id="40" source="E7" target="D7"/>
  <move id="41" source="A3" target="A4"/>
  <move id="42" source="I6" target="K6"/>
  <move id="43" source="A4" target="A5"/>
  <move id="44" source="K6" target="K5"/>
  <move id="45" source="A5" target="A6"/>
  <move id="46" source="K7" target="I7"/>
  <move id="47" source="A6" target="A7"/>
  <move id="48" source="I7" target="I4"/>
  <move id="49" source="B5" target="B7"/>
  <move id="50" source="K5" target="K4"/>
  <move id="51" source="I4" target="I5"/>
  <move id="52" source="K4" target="K5"/>
  <move id="53" source="I5" target="I6"/>
  <move id="54" source="K5" target="K6"/>
  <move id="55" source="I6" target="I7"/>
  <move id="56" source="K6" target="K7"/>
  <move id="57" source="I7" target="H7"/>
  <move id="58" source="K7" target="K6"/>
  <move id="59" source="E5" target="E6"/>
  <move id="60" source="H8" target="I8"/>
  <move id="61" source="E6" target="E7"/>
  <move id="62" source="D7" target="E7"/>
  <move id="63" source="B7" target="C7"/>
  <move id="64" source="F8" target="E8"/>
  <move id="65" source="A7" target="B7"/>
  <move id="66" source="E8" target="E7"/>
  <move id="67" source="B7" target="C7"/>
  <move id="68" source="C8" target="C7"/>
  <move id="69" source="B2" target="B3"/>
  <move id="70" source="D8" target="E8"/>
  <move id="71" source="C4" target="D4"/>
  <move id="72" source="E8" target="F8"/>
  <move id="73" source="E4" target="F4"/>
  <move id="74" source="E9" target="E8"/>
  <move id="75" source="D4" target="E4"/>
  <move id="76" source="E8" target="D8"/>
  <move id="77" source="E4" target="E5"/>
  <move id="78" source="E7" target="D7"/>
  <move id="79" source="E5" target="E6"/>
  <move id="80" source="E:" target="E6"/>
  <move id="81" source="B3" target="B4"/>
  <move id="82" source="D8" target="C8"/>
  <move id="83" source="B4" target="B5"/>
  <move id="84" source="D7" target="D8"/>
  <move id="85" source="B5" target="B6"/>
  <move id="86" source="D8" target="E8"/>
  <move id="87" source="E6" target="F6"/>
  <move id="88" source="G8" target="H8"/>
  <move id="89" source="E3" target="E8"/>
  <move id="90" source="C7" target="D7"/>
  <move id="91" source="F6" target="E6"/>
  <move id="92" source="C8" target="C7"/>
  <move id="93" source="B6" target="B7"/>
  <move id="94" source="C7" target="B7"/>
  <move id="95" source="B7" target="C7"/>
  <move id="96" source="D7" target="D8"/>
  <move id="97" source="E6" target="E7"/>
  <move id="98" source="D9" target="E9"/>
  <move id="99" source="C7" target="C8"/>
  <move id="100" source="C9" target="D9"/>
  <move id="101" source="C8" target="D8"/>
  <move id="102" source="B9" target="C9"/>
  <move id="103" source="D8" target="D9"/>
  <move id="104" source="C9" target="D9"/>
  <move id="105" source="F4" target="E4"/>
  <move id="106" source="G7" target="G8"/>
  <move id="107" source="E4" target="D4"/>
  <move id="108" source="H7" target="G7"/>
  <move id="109" source="D4" target="C4"/>
  <move id="110" source="H8" target="H7"/>
  <move id="111" source="I3" target="I4"/>
  <move id="112" source="H7" target="I7"/>
  <move id="113" source="I4" target="I5"/>
  <move id="114" source="I7" target="I5"/>
  <move id="115" source="I5" target="I6"/>
  <move id="116" source="K6" target="K5"/>
  <move id="117" source="C4" target="B4"/>
  <move id="118" source="I8" target="I7"/>
  <move id="119" source="B4" target="B5"/>
  <move id="120" source="I7" target="I6"/>
  <move id="121" source="B5" target="B6"/>
  <move id="122" source="K5" target="K4"/>
  <move id="123" source="B6" target="B7"/>
  <move id="124" source="B:" target="B9"/>
  <move id="125" source="B7" target="C7"/>
  <move id="126" source="B9" target="C9"/>
  <move id="127" source="C7" target="D7"/>
  <move id="128" source="C9" target="D9"/>
  <move id="129" source="D3" target="D4"/>
  <move id="130" source="D9" target="D8"/>
  <move id="131" source="D4" target="C4"/>
  <move id="132" source="D8" target="D7"/>
  <move id="133" source="C4" target="B4"/>
  <move id="134" source="E9" target="D9"/>
  <move id="135" source="B4" target="B5"/>
  <move id="136" source="C:" target="C9"/>
  <move id="137" source="B5" target="B6"/>
  <move id="138" source="C9" target="C8"/>
  <move id="139" source="B6" target="B7"/>
  <move id="140" source="D9" target="D8"/>
  <move id="141" source="A2" target="A9"/>
  <move id="142" source="C8" target="C9"/>
  <move id="143" source="B7" target="B8"/>
  <move id="144" source="D:" target="E:"/>
  <move id="145" source="B8" target="A8"/>
  <move id="146" source="C9" target="B9"/>
  <move id="147" source="E2" target="E3"/>
  <move id="148" source="B9" target="B8"/>
  <move id="149" source="A8" target="A9"/>
  <move id="150" source="B8" target="B9"/>
  <move id="151" source="A9" target="A:"/>
  <move id="152" source="B9" target="C9"/>
  <move id="153" source="E3" target="E4"/>
  <move id="154" source="C9" target="D9"/>
  <move id="155" source="E4" target="D4"/>
  <move id="156" source="D9" target="C9"/>
  <move id="157" source="D4" target="C4"/>
  <move id="158" source="C9" target="B9"/>
  <move id="159" source="C4" target="B4"/>
  <move id="160" source="B9" target="B8"/>
  <move id="161" source="B4" target="B5"/>
  <move id="162" source="B8" target="B7"/>
  <move id="163" source="B5" target="B6"/>
  <move id="164" source="B7" target="B6"/>
  <move id="165" source="B6" target="B7"/>
  <move id="166" source="D8" target="D9"/>
  <move id="167" source="B7" target="B8"/>
  <move id="168" source="D9" target="E9"/>
  <move id="169" source="B8" target="B9"/>
  <move id="170" source="E:" target="D:"/>
  <move id="171" source="B9" target="C9"/>
  <move id="172" source="E8" target="D8"/>
  <move id="173" source="C9" target="C:"/>
  <move id="174" source="E9" target="E8"/>
  <move id="175" source="E7" target="E8"/>
  <move id="176" source="F8" target="E8"/>
  <move id="177" source="D7" target="E7"/>
  <move id="178" source="E8" target="E9"/>
  <move id="179" source="C:" target="D:"/>
  <move id="180" source="D8" target="E8"/>
  <move id="181" source="E7" target="D7"/>
  <move id="182" source="E8" target="D8"/>
  <move id="183" source="D7" target="C7"/>
  <move id="184" source="D8" target="C8"/>
  <move id="185" source="C7" target="B7"/>
  <move id="186" source="C8" target="B8"/>
  <move id="187" source="B7" target="C7"/>
  <move id="188" source="B8" target="C8"/>
  <move id="189" source="C7" target="D7"/>
  <move id="190" source="C8" target="C9"/>
  <move id="191" source="D:" target="D9"/>
  <move id="192" source="C9" target="C8"/>
  <move id="193" source="D9" target="E9"/>
  <move id="194" source="G8" target="H8"/>
  <move id="195" source="E9" target="D9"/>
  <move id="196" source="G7" target="G8"/>
  <move id="197" source="D9" target="D8"/>
  <move id="198" source="C8" target="D8"/>
  <move id="199" source="D7" target="D8"/>
  <move id="200" source="G8" target="F8"/>
  <move id="201" source="D8" target="D9"/>
  <move id="202" source="F8" target="E8"/>
  <move id="203" source="D9" target="D:"/>
  <move id="204" source="E8" target="E9"/>
  <move id="205" source="H4" target="G4"/>
  <move id="206" source="H8" target="G8"/>
  <move id="207" source="G4" target="F4"/>
  <move id="208" source="G8" target="F8"/>
  <move id="209" source="F4" target="E4"/>
  <move id="210" source="F8" target="E8"/>
  <move id="211" source="E4" target="D4"/>
  <move id="212" source="E8" target="D8"/>
  <move id="213" source="D2" target="D3"/>
  <move id="214" source="H9" target="H8"/>
  <move id="215" source="D3" target="E3"/>
  <move id="216" source="H8" target="G8"/>
  <move id="217" source="E3" target="E4"/>
  <move id="218" source="G8" target="F8"/>
  <move id="219" source="E4" target="F4"/>
  <move id="220" source="H:" target="H9"/>
  <move id="221" source="F4" target="G4"/>
  <move id="222" source="H9" target="H8"/>
  <move id="223" source="G4" target="H4"/>
  <move id="224" source="K4" target="K3"/>
  <move id="225" source="H4" target="I4"/>
  <move id="226" source="I:" target="H:"/>
  <move id="227" source="I4" target="I5"/>
  <move id="228" source="H:" target="H9"/>
  <move id="229" source="I5" target="I6"/>
  <move id="230" source="H8" target="G8"/>
  <move id="231" source="I6" target="I7"/>
  <move id="232" source="K:" target="I:"/>
  <move id="233" source="I7" target="I8"/>
  <move id="234" source="I:" target="H:"/>
  <move id="235" source="I8" target="H8"/>
  <move id="236" source="H9" target="H8"/>
  <move id="237" source="H8" target="G8"/>
  <move id="238" source="F8" target="E8"/>
  <move id="239" source="G8" target="H8"/>
  <move id="240" source="E8" target="E7"/>
  <move id="241" source="H8" target="H9"/>
  <move id="242" source="E7" target="E6"/>
  <move id="243" source="H9" target="H:"/>
  <move id="244" source="E6" target="E5"/>
  <move id="245" source="H:" target="H9"/>
  <move id="246" source="E5" target="E4"/>
  <move id="247" source="D4" target="C4"/>
  <move id="248" source="E4" target="D4"/>
  <move id="249" source="C4" target="B4"/>
  <move id="250" source="D4" target="C4"/>
  <move id="251" source="B4" target="B5"/>
  <move id="252" source="C4" target="B4"/>
  <move id="253" source="B5" target="B6"/>
  <move id="254" source="B4" target="B5"/>
  <move id="255" source="B6" target="B7"/>
  <move id="256" source="D8" target="C8"/>
  <move id="257" source="B7" target="C7"/>
  <move id="258" source="C8" target="C7"/>
  <move id="259" source="H9" target="H8"/>
  <move id="260" source="E9" target="E:"/>
  <move id="261" source="D:" target="D9"/>
  <move id="262" source="E:" target="E9"/>
  <move id="263" source="D9" target="D8"/>
  <move id="264" source="B5" target="B4"/>
  <move id="265" source="D8" target="D7"/>
  <move id="266" source="C7" target="C8"/>
  <move id="267" source="D7" target="C7"/>
  <move id="268" source="C8" target="D8"/>
  <move id="269" source="A1" target="A2"/>
  <move id="270" source="E9" target="E8"/>
  <move id="271" source="A2" target="A3"/>
  <move id="272" source="E8" target="F8"/>
  <move id="273" source="C7" target="B7"/>
  <move id="274" source="F8" target="G8"/>
  <move id="275" source="H8" target="H7"/>
  <move id="276" source="G8" target="H8"/>
  <move id="277" source="H7" target="I7"/>
  <move id="278" source="H8" target="H7"/>
  <move id="279" source="I7" target="I6"/>
  <move id="280" source="H7" target="I7"/>
  <move id="281" source="I6" target="I5"/>
  <move id="282" source="I7" target="I6"/>
  <move id="283" source="I5" target="I4"/>
  <move id="284" source="I6" target="I5"/>
  <move id="285" source="I4" target="H4"/>
  <move id="286" source="I5" target="I6"/>
  <move id="287" source="B7" target="B6"/>
  <move id="288" source="I6" target="I7"/>
  <move id="289" source="A3" target="B3"/>
  <move id="290" source="I7" target="H7"/>
  <move id="291" source="B6" target="B5"/>
  <move id="292" source="B4" target="C4"/>
  <move id="293" source="H4" target="G4"/>
  <move id="294" source="C4" target="D4"/>
  <move id="295" source="G4" target="F4"/>
  <move id="296" source="D4" target="D3"/>
  <move id="297" source="F4" target="E4"/>
  <move id="298" source="D3" target="D2"/>
  <move id="299" source="B3" target="B2"/>
  <move id="300" source="H7" target="G7"/>
  <move id="301" source="E4" target="E3"/>
  <move id="302" source="G7" target="G8"/>
  <move id="303" source="E3" target="E2"/>
  <move id="304" source="D2" target="D3"/>
  <move id="305" source="B5" target="B4"/>
  <move id="306" source="G8" target="F8"/>
  <move id="307" source="B4" target="C4"/>
  <move id="308" source="F8" target="E8"/>
  <move id="309" source="C4" target="D4"/>
  <move id="310" source="D3" target="C3"/>
  <move id="311" source="E2" target="D2"/>
  <move id="312" source="E8" target="E7"/>
  <move id="313" source="B2" target="B3"/>
  <move id="314" source="C3" target="B3"/>
  <move id="315" source="D2" target="D3"/>
  <move id="316" source="E7" target="E8"/>
  <move id="317" source="D3" target="E3"/>
  <move id="318" source="D8" target="D7"/>
  <move id="319" source="E3" target="E4"/>
  <move id="320" source="D7" target="D8"/>
  <move id="321" source="E4" target="F4"/>
  <move id="322" source="E8" target="F8"/>
  <move id="323" source="F4" target="G4"/>
  <move id="324" source="F8" target="G8"/>
  <move id="325" source="D4" target="C4"/>
  <move id="326" source="F9" target="E9"/>
  <move id="327" source="C4" target="B4"/>
  <move id="328" source="G9" target="H9"/>
  <move id="329" source="I2" target="I3"/>
  <move id="330" source="G8" target="G9"/>
  <move id="331" source="I3" target="I4"/>
  <move id="332" source="D8" target="D7"/>
  <move id="333" source="G4" target="F4"/>
  <move id="334" source="E9" target="E8"/>
  <move id="335" source="B4" target="B5"/>
  <move id="336" source="G9" target="F9"/>
  <move id="337" source="B5" target="B6"/>
  <move id="338" source="D7" target="E7"/>
  <move id="339" source="F4" target="E4"/>
  <move id="340" source="E7" target="E6"/>
  <move id="341" source="E4" target="D4"/>
  <move id="342" source="E6" target="E5"/>
  <move id="343" source="D4" target="C4"/>
  <move id="344" source="E5" target="E4"/>
  <move id="345" source="B6" target="B7"/>
  <move id="346" source="E4" target="E3"/>
  <move id="347" source="I4" target="I5"/>
  <move id="348" source="E3" target="D3"/>
  <move id="349" source="C4" target="B4"/>
  <move id="350" source="D3" target="D2"/>
  <move id="351" source="B4" target="B5"/>
  <move id="352" source="D2" target="C2"/>
  <move id="353" source="B7" target="C7"/>
  <move id="354" source="C2" target="C1"/>
  <player id="1">Player 1</player>
  <player id="2">Player 2</player>
  <result type="1" winner="2"/>
 </game>
</stratego>