<?xml version="1.0" encoding="UTF-8"?>
<stratego>
 <game type="classic">
  
  <field content="DEBHEHIDDMFFIBELCGDEBBGDBEHKIHDFBJGGJFDDAA__AA__AAAA__AA__AASRQSPTSPURUPWOUXPNRTVPTNVQQTNNPQNYNRPSPQ"/>
  <move id="1" source="K4" target="K7"/>
  <move id="2" source="F7" target="F6"/>
  <move id="3" source="I4" target="I7"/>
  <move id="4" source="I7" target="I6"/>
  <move id="5" source="I3" target="I4"/>
  <move id="6" source="I6" target="I5"/>
  <move id="7" source="I4" target="K4"/>
  <move id="8" source="H7" target="I7"/>
  <move id="9" source="H4" target="I4"/>
  <move id="10" source="I5" target="K5"/>
  <move id="11" source="I4" target="I5"/>
  <move id="12" source="K5" target="K4"/>
  <move id="13" source="I5" target="I6"/>
  <move id="14" source="I7" target="I6"/>
  <move id="15" source="I6" target="I5"/>
  <move id="16" source="I8" target="I7"/>
  <move id="17" source="I5" target="I4"/>
  <move id="18" source="I7" target="I6"/>
  <move id="19" source="I4" target="H4"/>
  <move id="20" source="I6" target="I5"/>
  <move id="21" source="K3" target="I3"/>
  <move id="22" source="I5" target="I4"/>
  <move id="23" source="I3" target="I4"/>
  <move id="24" source="G7" target="H7"/>
  <move id="25" source="I4" target="K4"/>
  <move id="26" source="H7" target="I7"/>
  <move id="27" source="I2" target="I7"/>
  <move id="28" source="I7" target="I8"/>
  <move id="29" source="H2" target="I2"/>
  <move id="30" source="K7" target="I7"/>
  <move id="31" source="I2" target="I3"/>
  <move id="32" source="I7" target="H7"/>
  <move id="33" source="I3" target="I4"/>
  <move id="34" source="H7" target="G7"/>
  <move id="35" source="I4" target="I5"/>
  <move id="36" source="G7" target="F7"/>
  <move id="37" source="I5" target="I6"/>
  <move id="38" source="G8" target="G7"/>
  <move id="39" source="I6" target="I7"/>
  <move id="40" source="G7" target="H7"/>
  <move id="41" source="I7" target="I8"/>
  <move id="42" source="G9" target="G8"/>
  <move id="43" source="H3" target="H2"/>
  <move id="44" source="F6" target="F5"/>
  <move id="45" source="G3" target="H3"/>
  <move id="46" source="F7" target="F6"/>
  <move id="47" source="H3" target="I3"/>
  <move id="48" source="H7" target="I7"/>
  <move id="49" source="I3" target="I4"/>
  <move id="50" source="G8" target="G7"/>
  <move id="51" source="I4" target="I5"/>
  <move id="52" source="G7" target="H7"/>
  <move id="53" source="I5" target="I6"/>
  <move id="54" source="I7" target="I8"/>
  <move id="55" source="K4" target="K3"/>
  <move id="56" source="F6" target="E6"/>
  <move id="57" source="K3" target="I3"/>
  <move id="58" source="E6" target="F6"/>
  <move id="59" source="I3" target="H3"/>
  <move id="60" source="E7" target="E4"/>
  <move id="61" source="H3" target="G3"/>
  <move id="62" source="F5" target="E5"/>
  <move id="63" source="K2" target="K3"/>
  <move id="64" source="I8" target="I7"/>
  <move id="65" source="I6" target="I5"/>
  <move id="66" source="B7" target="B6"/>
  <move id="67" source="I1" target="I2"/>
  <move id="68" source="B8" target="B7"/>
  <move id="69" source="K3" target="K4"/>
  <move id="70" source="B6" target="B5"/>
  <move id="71" source="K4" target="K5"/>
  <move id="72" source="I7" target="K7"/>
  <move id="73" source="K5" target="K4"/>
  <move id="74" source="K7" target="K4"/>
  <move id="75" source="I5" target="I6"/>
  <move id="76" source="D7" target="E7"/>
  <move id="77" source="I6" target="I7"/>
  <move id="78" source="H7" target="G7"/>
  <move id="79" source="I7" target="H7"/>
  <move id="80" source="E7" target="F7"/>
  <move id="81" source="I2" target="I3"/>
  <move id="82" source="G7" target="G8"/>
  <move id="83" source="I3" target="H3"/>
  <move id="84" source="F7" target="G7"/>
  <move id="85" source="H7" target="I7"/>
  <move id="86" source="G7" target="H7"/>
  <move id="87" source="I7" target="I6"/>
  <move id="88" source="H7" target="I7"/>
  <move id="89" source="I6" target="I5"/>
  <move id="90" source="I7" target="I6"/>
  <move id="91" source="I5" target="I4"/>
  <move id="92" source="I6" target="I5"/>
  <move id="93" source="I4" target="I3"/>
  <move id="94" source="C7" target="D7"/>
  <move id="95" source="K4" target="K3"/>
  <move id="96" source="D7" target="E7"/>
  <move id="97" source="H4" target="I4"/>
  <move id="98" source="I5" target="I6"/>
  <move id="99" source="I4" target="I5"/>
  <move id="100" source="I6" target="I7"/>
  <move id="101" source="I5" target="I6"/>
  <move id="102" source="I7" target="H7"/>
  <move id="103" source="I6" target="I7"/>
  <move id="104" source="H7" target="G7"/>
  <move id="105" source="I7" target="H7"/>
  <move id="106" source="G7" target="F7"/>
  <move id="107" source="H7" target="G7"/>
  <move id="108" source="G8" target="G7"/>
  <move id="109" source="G7" target="F7"/>
  <move id="110" source="F7" target="G7"/>
  <move id="111" source="H3" target="H4"/>
  <move id="112" source="G7" target="G8"/>
  <move id="113" source="H4" target="I4"/>
  <move id="114" source="G8" target="G9"/>
  <move id="115" source="I4" target="I5"/>
  <move id="116" source="E7" target="F7"/>
  <move id="117" source="I5" target="I4"/>
  <move id="118" source="E8" target="E7"/>
  <move id="119" source="I4" target="H4"/>
  <move id="120" source="E7" target="E6"/>
  <move id="121" source="I3" target="I4"/>
  <move id="122" source="F7" target="E7"/>
  <move id="123" source="I4" target="I5"/>
  <move id="124" source="E7" target="E8"/>
  <move id="125" source="I5" target="I6"/>
  <move id="126" source="E6" target="E7"/>
  <move id="127" source="I6" target="I7"/>
  <move id="128" source="E7" target="F7"/>
  <move id="129" source="K3" target="I3"/>
  <move id="130" source="F7" target="G7"/>
  <move id="131" source="I3" target="K3"/>
  <move id="132" source="G7" target="H7"/>
  <move id="133" source="I7" target="I6"/>
  <move id="134" source="E8" target="E7"/>
  <move id="135" source="I6" target="I5"/>
  <move id="136" source="E7" target="F7"/>
  <move id="137" source="I5" target="I4"/>
  <move id="138" source="F7" target="G7"/>
  <move id="139" source="I4" target="I3"/>
  <move id="140" source="H7" target="I7"/>
  <move id="141" source="I3" target="H3"/>
  <move id="142" source="G7" target="H7"/>
  <move id="143" source="F4" target="F5"/>
  <move id="144" source="E5" target="F5"/>
  <move id="145" source="G4" target="F4"/>
  <move id="146" source="F5" target="E5"/>
  <move id="147" source="F4" target="F5"/>
  <move id="148" source="E5" target="E4"/>
  <move id="149" source="D4" target="E4"/>
  <move id="150" source="F6" target="F5"/>
  <move id="151" source="E4" target="D4"/>
  <move id="152" source="I7" target="I6"/>
  <move id="153" source="F5" target="F4"/>
  <move id="154" source="I6" target="I5"/>
  <move id="155" source="F4" target="G4"/>
  <move id="156" source="I5" target="I4"/>
  <move id="157" source="H4" target="I4"/>
  <move id="158" source="I4" target="I5"/>
  <move id="159" source="F3" target="F4"/>
  <move id="160" source="H7" target="G7"/>
  <move id="161" source="F4" target="F5"/>
  <move id="162" source="G7" target="F7"/>
  <move id="163" source="F5" target="E5"/>
  <move id="164" source="F7" target="E7"/>
  <move id="165" source="G4" target="F4"/>
  <move id="166" source="G9" target="G8"/>
  <move id="167" source="F4" target="F3"/>
  <move id="168" source="I5" target="I6"/>
  <move id="169" source="G3" target="G4"/>
  <move id="170" source="I6" target="I7"/>
  <move id="171" source="G4" target="F4"/>
  <move id="172" source="I7" target="H7"/>
  <move id="173" source="F4" target="F5"/>
  <move id="174" source="G8" target="G7"/>
  <move id="175" source="F5" target="F6"/>
  <move id="176" source="G7" target="F7"/>
  <move id="177" source="F6" target="F5"/>
  <move id="178" source="C8" target="C7"/>
  <move id="179" source="F5" target="F4"/>
  <move id="180" source="F7" target="F6"/>
  <move id="181" source="F4" target="G4"/>
  <move id="182" source="C7" target="D7"/>
  <move id="183" source="G4" target="G3"/>
  <move id="184" source="F6" target="F5"/>
  <move id="185" source="E5" target="E4"/>
  <move id="186" source="E7" target="E6"/>
  <move id="187" source="H2" target="I2"/>
  <move id="188" source="F5" target="F4"/>
  <move id="189" source="I2" target="I3"/>
  <move id="190" source="D7" target="E7"/>
  <move id="191" source="I3" target="I4"/>
  <move id="192" source="E7" target="F7"/>
  <move id="193" source="I4" target="I5"/>
  <move id="194" source="F7" target="F6"/>
  <move id="195" source="I5" target="I6"/>
  <move id="196" source="F6" target="F5"/>
  <move id="197" source="I6" target="I7"/>
  <move id="198" source="H7" target="G7"/>
  <move id="199" source="I7" target="H7"/>
  <move id="200" source="G7" target="F7"/>
  <move id="201" source="H7" target="G7"/>
  <move id="202" source="G:" target="G7"/>
  <move id="203" source="G7" target="F7"/>
  <move id="204" source="F8" target="F7"/>
  <move id="205" source="H1" target="I1"/>
  <move id="206" source="F5" target="E5"/>
  <move id="207" source="I1" target="I2"/>
  <move id="208" source="F4" target="E4"/>
  <move id="209" source="D4" target="E4"/>
  <move id="210" source="E5" target="E4"/>
  <move id="211" source="I2" target="I3"/>
  <move id="212" source="E4" target="E5"/>
  <move id="213" source="I3" target="I4"/>
  <move id="214" source="E6" target="F6"/>
  <move id="215" source="I4" target="H4"/>
  <move id="216" source="E5" target="E6"/>
  <move id="217" source="H4" target="G4"/>
  <move id="218" source="E6" target="E7"/>
  <move id="219" source="G4" target="F4"/>
  <move id="220" source="F6" target="E6"/>
  <move id="221" source="F4" target="E4"/>
  <move id="222" source="F7" target="F6"/>
  <move id="223" source="E4" target="E6"/>
  <move id="224" source="E7" target="F7"/>
  <move id="225" source="F3" target="F4"/>
  <move id="226" source="F6" target="F5"/>
  <move id="227" source="F4" target="G4"/>
  <move id="228" source="F5" target="F4"/>
  <move id="229" source="G4" target="H4"/>
  <move id="230" source="F4" target="G4"/>
  <move id="231" source="H4" target="I4"/>
  <move id="232" source="G4" target="G3"/>
  <move id="233" source="G2" target="G3"/>
  <move id="234" source="E6" target="E5"/>
  <move id="235" source="G3" target="G2"/>
  <move id="236" source="B9" target="B8"/>
  <move id="237" source="H3" target="G3"/>
  <move id="238" source="E5" target="F5"/>
  <move id="239" source="G3" target="F3"/>
  <move id="240" source="F7" target="F6"/>
  <move id="241" source="K3" target="K4"/>
  <move id="242" source="B7" target="C7"/>
  <move id="243" source="K4" target="K5"/>
  <move id="244" source="E9" target="E8"/>
  <move id="245" source="K5" target="K6"/>
  <move id="246" source="E8" target="E7"/>
  <move id="247" source="K6" target="K7"/>
  <move id="248" source="E7" target="F7"/>
  <move id="249" source="K7" target="K8"/>
  <move id="250" source="F7" target="G7"/>
  <move id="251" source="I4" target="K4"/>
  <move id="252" source="G7" target="H7"/>
  <move id="253" source="K4" target="K5"/>
  <move id="254" source="H7" target="I7"/>
  <move id="255" source="K5" target="K6"/>
  <move id="256" source="K8" target="I8"/>
  <move id="257" source="K6" target="K7"/>
  <move id="258" source="I7" target="K7"/>
  <move id="259" source="G2" target="G3"/>
  <move id="260" source="C7" target="D7"/>
  <move id="261" source="G3" target="H3"/>
  <move id="262" source="D7" target="E7"/>
  <move id="263" source="H3" target="H4"/>
  <move id="264" source="I8" target="I7"/>
  <move id="265" source="G1" target="H1"/>
  <move id="266" source="I7" target="H7"/>
  <move id="267" source="H1" target="I1"/>
  <move id="268" source="H7" target="G7"/>
  <move id="269" source="I1" target="I2"/>
  <move id="270" source="G7" target="G8"/>
  <move id="271" source="I2" target="I3"/>
  <move id="272" source="E7" target="F7"/>
  <move id="273" source="I3" target="I4"/>
  <move id="274" source="F7" target="G7"/>
  <move id="275" source="I4" target="I5"/>
  <move id="276" source="G7" target="H7"/>
  <move id="277" source="I5" target="I4"/>
  <move id="278" source="H7" target="I7"/>
  <move id="279" source="I4" target="I3"/>
  <move id="280" source="B8" target="C8"/>
  <move id="281" source="H4" target="I4"/>
  <move id="282" source="A8" target="B8"/>
  <move id="283" source="I4" target="I5"/>
  <move id="284" source="B8" target="B7"/>
  <move id="285" source="I5" target="I6"/>
  <move id="286" source="B7" target="C7"/>
  <move id="287" source="I6" target="I7"/>
  <move id="288" source="C7" target="D7"/>
  <move id="289" source="I3" target="I4"/>
  <move id="290" source="D7" target="E7"/>
  <move id="291" source="I4" target="I5"/>
  <move id="292" source="E7" target="F7"/>
  <move id="293" source="I5" target="I6"/>
  <move id="294" source="I7" target="I8"/>
  <move id="295" source="I6" target="I7"/>
  <move id="296" source="F7" target="G7"/>
  <move id="297" source="I7" target="I6"/>
  <move id="298" source="G7" target="H7"/>
  <move id="299" source="I6" target="I5"/>
  <move id="300" source="H7" target="I7"/>
  <move id="301" source="I5" target="I4"/>
  <move id="302" source="I7" target="I6"/>
  <move id="303" source="I4" target="H4"/>
  <move id="304" source="I6" target="I5"/>
  <move id="305" source="H4" target="G4"/>
  <move id="306" source="I5" target="I4"/>
  <move id="307" source="G4" target="F4"/>
  <move id="308" source="I4" target="H4"/>
  <move id="309" source="F4" target="E4"/>
  <move id="310" source="F6" target="E6"/>
  <move id="311" source="F3" target="G3"/>
  <move id="312" source="H4" target="G4"/>
  <move id="313" source="F2" target="F3"/>
  <move id="314" source="G4" target="G3"/>
  <move id="315" source="F3" target="G3"/>
  <move id="316" source="E6" target="E5"/>
  <move id="317" source="E4" target="F4"/>
  <move id="318" source="F5" target="F6"/>
  <move id="319" source="F4" target="G4"/>
  <move id="320" source="E5" target="E4"/>
  <move id="321" source="G3" target="F3"/>
  <move id="322" source="F6" target="F5"/>
  <move id="323" source="F3" target="F4"/>
  <move id="324" source="E4" target="E5"/>
  <move id="325" source="F4" target="F5"/>
  <move id="326" source="E5" target="E6"/>
  <move id="327" source="F5" target="E5"/>
  <move id="328" source="E6" target="F6"/>
  <move id="329" source="E5" target="F5"/>
  <move id="330" source="F6" target="E6"/>
  <move id="331" source="G4" target="G3"/>
  <move id="332" source="A9" target="A8"/>
  <move id="333" source="D3" target="D4"/>
  <move id="334" source="A8" target="B8"/>
  <move id="335" source="D4" target="E4"/>
  <move id="336" source="G8" target="F8"/>
  <move id="337" source="E4" target="F4"/>
  <move id="338" source="B8" target="B7"/>
  <move id="339" source="F4" target="G4"/>
  <move id="340" source="C8" target="C7"/>
  <move id="341" source="G4" target="H4"/>
  <move id="342" source="C7" target="D7"/>
  <move id="343" source="H4" target="I4"/>
  <move id="344" source="D7" target="E7"/>
  <move id="345" source="I4" target="K4"/>
  <move id="346" source="E7" target="F7"/>
  <move id="347" source="K4" target="K5"/>
  <move id="348" source="F7" target="G7"/>
  <move id="349" source="K5" target="K6"/>
  <move id="350" source="B7" target="C7"/>
  <move id="351" source="K6" target="K7"/>
  <move id="352" source="C7" target="D7"/>
  <move id="353" source="F5" target="E5"/>
  <move id="354" source="E6" target="F6"/>
  <move id="355" source="E5" target="F5"/>
  <move id="356" source="F6" target="E6"/>
  <move id="357" source="G3" target="F3"/>
  <move id="358" source="D7" target="E7"/>
  <move id="359" source="F3" target="F2"/>
  <move id="360" source="E7" target="F7"/>
  <move id="361" source="F2" target="G2"/>
  <move id="362" source="G7" target="H7"/>
  <move id="363" source="G2" target="G3"/>
  <move id="364" source="H7" target="I7"/>
  <move id="365" source="K7" target="K6"/>
  <move id="366" source="I7" target="I6"/>
  <move id="367" source="K6" target="K5"/>
  <move id="368" source="I6" target="I5"/>
  <move id="369" source="K5" target="K6"/>
  <move id="370" source="F7" target="G7"/>
  <move id="371" source="K6" target="K7"/>
  <move id="372" source="I8" target="I7"/>
  <move id="373" source="K7" target="K6"/>
  <move id="374" source="I5" target="K5"/>
  <move id="375" source="K6" target="K5"/>
  <move id="376" source="I7" target="I6"/>
  <move id="377" source="G3" target="H3"/>
  <move id="378" source="I6" target="I5"/>
  <move id="379" source="H3" target="I3"/>
  <move id="380" source="G7" target="H7"/>
  <move id="381" source="I3" target="I4"/>
  <move id="382" source="I5" target="I6"/>
  <move id="383" source="I4" target="I5"/>
  <move id="384" source="H7" target="I7"/>
  <move id="385" source="F1" target="G1"/>
  <move id="386" source="A:" target="A9"/>
  <move id="387" source="G1" target="G2"/>
  <move id="388" source="A9" target="A8"/>
  <move id="389" source="G2" target="G3"/>
  <move id="390" source="A8" target="B8"/>
  <move id="391" source="G3" target="H3"/>
  <move id="392" source="B8" target="B7"/>
  <move id="393" source="H3" target="I3"/>
  <move id="394" source="B7" target="C7"/>
  <move id="395" source="I3" target="K3"/>
  <move id="396" source="C7" target="D7"/>
  <move id="397" source="K3" target="K4"/>
  <move id="398" source="D7" target="E7"/>
  <move id="399" source="K4" target="K5"/>
  <move id="400" source="E7" target="F7"/>
  <move id="401" source="K5" target="K6"/>
  <move id="402" source="F7" target="G7"/>
  <move id="403" source="K6" target="I6"/>
  <move id="404" source="I7" target="I6"/>
  <move id="405" source="I5" target="I4"/>
  <move id="406" source="I6" target="I5"/>
  <move id="407" source="I4" target="H4"/>
  <move id="408" source="I5" target="I4"/>
  <move id="409" source="H4" target="G4"/>
  <move id="410" source="I4" target="H4"/>
  <move id="411" source="G4" target="F4"/>
  <move id="412" source="H4" target="G4"/>
  <move id="413" source="F4" target="E4"/>
  <move id="414" source="G4" target="G3"/>
  <move id="415" source="E4" target="F4"/>
  <move id="416" source="G7" target="H7"/>
  <move id="417" source="F4" target="E4"/>
  <move id="418" source="H7" target="I7"/>
  <move id="419" source="E4" target="D4"/>
  <move id="420" source="I7" target="I6"/>
  <move id="421" source="D4" target="E4"/>
  <move id="422" source="I6" target="I5"/>
  <move id="423" source="E4" target="F4"/>
  <move id="424" source="I5" target="I4"/>
  <move id="425" source="F4" target="E4"/>
  <move id="426" source="I4" target="K4"/>
  <move id="427" source="E4" target="D4"/>
  <move id="428" source="K4" target="K1"/>
  <player id="1">Player 1</player>
  <player id="2">Player 2</player>
  <result type="1" winner="2"/>
 </game>
</stratego>