<?xml version="1.0" encoding="UTF-8"?>
<stratego>
 <game type="classic">
  
  <field content="BDDBFBFBEBDDKBDDMGEHGEHEHILGIEDHJIFFCJGDAA__AA__AAAA__AA__AANQPPPPORVTRTQVRUWQSNPYUPPNSQRSUSTNXTNQPN"/>
  <move id="1" source="B4" target="B5"/>
  <move id="2" source="E7" target="E4"/>
  <move id="3" source="B3" target="B4"/>
  <move id="4" source="F7" target="F4"/>
  <move id="5" source="A4" target="A5"/>
  <move id="6" source="E8" target="E7"/>
  <move id="7" source="B5" target="B6"/>
  <move id="8" source="E7" target="E6"/>
  <move id="9" source="B4" target="A4"/>
  <move id="10" source="E6" target="E5"/>
  <move id="11" source="A5" target="A6"/>
  <move id="12" source="E5" target="E4"/>
  <move id="13" source="E3" target="E4"/>
  <move id="14" source="E9" target="E4"/>
  <move id="15" source="D3" target="E3"/>
  <move id="16" source="E:" target="E9"/>
  <move id="17" source="D4" target="D3"/>
  <move id="18" source="E9" target="E8"/>
  <move id="19" source="E4" target="D4"/>
  <move id="20" source="E8" target="E7"/>
  <move id="21" source="E3" target="E4"/>
  <move id="22" source="E7" target="E6"/>
  <move id="23" source="D3" target="E3"/>
  <move id="24" source="E6" target="E5"/>
  <move id="25" source="D4" target="D3"/>
  <move id="26" source="E5" target="F5"/>
  <move id="27" source="C4" target="D4"/>
  <move id="28" source="F5" target="F4"/>
  <move id="29" source="G4" target="F4"/>
  <move id="30" source="F8" target="F7"/>
  <move id="31" source="F4" target="F5"/>
  <move id="32" source="F7" target="F6"/>
  <move id="33" source="F3" target="F4"/>
  <move id="34" source="F6" target="F5"/>
  <move id="35" source="F4" target="G4"/>
  <move id="36" source="F5" target="F4"/>
  <move id="37" source="A6" target="A7"/>
  <move id="38" source="F4" target="G4"/>
  <move id="39" source="F2" target="F7"/>
  <move id="40" source="D7" target="F7"/>
  <move id="41" source="E2" target="F2"/>
  <move id="42" source="G8" target="F8"/>
  <move id="43" source="B6" target="A6"/>
  <move id="44" source="F8" target="F7"/>
  <move id="45" source="B2" target="B7"/>
  <move id="46" source="F7" target="F6"/>
  <move id="47" source="E4" target="F4"/>
  <move id="48" source="F6" target="F5"/>
  <move id="49" source="E3" target="F3"/>
  <move id="50" source="F5" target="F4"/>
  <move id="51" source="D3" target="E3"/>
  <move id="52" source="F4" target="G4"/>
  <move id="53" source="G3" target="G4"/>
  <move id="54" source="I7" target="I6"/>
  <move id="55" source="D4" target="C4"/>
  <move id="56" source="K7" target="K6"/>
  <move id="57" source="C4" target="B4"/>
  <move id="58" source="K6" target="K5"/>
  <move id="59" source="H3" target="G3"/>
  <move id="60" source="I6" target="I5"/>
  <move id="61" source="B4" target="B5"/>
  <move id="62" source="I8" target="I7"/>
  <move id="63" source="B5" target="B6"/>
  <move id="64" source="I7" target="I6"/>
  <move id="65" source="B6" target="B7"/>
  <move id="66" source="H8" target="I8"/>
  <move id="67" source="I3" target="H3"/>
  <move id="68" source="I8" target="I7"/>
  <move id="69" source="I4" target="I3"/>
  <move id="70" source="I5" target="I4"/>
  <move id="71" source="H4" target="I4"/>
  <move id="72" source="K5" target="K4"/>
  <move id="73" source="G4" target="H4"/>
  <move id="74" source="K4" target="K3"/>
  <move id="75" source="H4" target="I4"/>
  <move id="76" source="K3" target="K2"/>
  <move id="77" source="A6" target="B6"/>
  <move id="78" source="D8" target="D7"/>
  <move id="79" source="C3" target="B3"/>
  <move id="80" source="D7" target="E7"/>
  <move id="81" source="C2" target="C3"/>
  <move id="82" source="E7" target="E6"/>
  <move id="83" source="C3" target="D3"/>
  <move id="84" source="E6" target="E5"/>
  <move id="85" source="E3" target="E2"/>
  <move id="86" source="E5" target="E4"/>
  <move id="87" source="D3" target="E3"/>
  <move id="88" source="E4" target="F4"/>
  <move id="89" source="I4" target="H4"/>
  <move id="90" source="I6" target="I5"/>
  <move id="91" source="G3" target="G4"/>
  <move id="92" source="F4" target="F3"/>
  <move id="93" source="E3" target="F3"/>
  <move id="94" source="I5" target="K5"/>
  <move id="95" source="F3" target="F4"/>
  <move id="96" source="K5" target="K4"/>
  <move id="97" source="H4" target="I4"/>
  <move id="98" source="K4" target="K3"/>
  <move id="99" source="F4" target="F5"/>
  <move id="100" source="K3" target="K2"/>
  <move id="101" source="F5" target="F6"/>
  <move id="102" source="K2" target="K1"/>
  <move id="103" source="F6" target="F7"/>
  <move id="104" source="D9" target="E9"/>
  <move id="105" source="F7" target="F8"/>
  <move id="106" source="E9" target="E2"/>
  <move id="107" source="F2" target="F7"/>
  <move id="108" source="B8" target="B7"/>
  <move id="109" source="B7" target="B8"/>
  <move id="110" source="C7" target="D7"/>
  <move id="111" source="F7" target="G7"/>
  <move id="112" source="D7" target="E7"/>
  <move id="113" source="H3" target="G3"/>
  <move id="114" source="E7" target="E6"/>
  <move id="115" source="G3" target="F3"/>
  <move id="116" source="E6" target="E5"/>
  <move id="117" source="F3" target="F4"/>
  <move id="118" source="E5" target="E6"/>
  <move id="119" source="F8" target="G8"/>
  <move id="120" source="E6" target="E5"/>
  <move id="121" source="G8" target="H8"/>
  <move id="122" source="H7" target="G7"/>
  <move id="123" source="H8" target="H7"/>
  <move id="124" source="G7" target="F7"/>
  <move id="125" source="H7" target="G7"/>
  <move id="126" source="F7" target="F6"/>
  <move id="127" source="G7" target="F7"/>
  <move id="128" source="F6" target="F5"/>
  <move id="129" source="F7" target="F6"/>
  <move id="130" source="E5" target="E3"/>
  <move id="131" source="E2" target="E3"/>
  <move id="132" source="F5" target="F4"/>
  <move id="133" source="F6" target="F7"/>
  <move id="134" source="C8" target="B8"/>
  <move id="135" source="B8" target="A8"/>
  <move id="136" source="A9" target="A8"/>
  <move id="137" source="A4" target="A5"/>
  <move id="138" source="A:" target="A9"/>
  <move id="139" source="A8" target="A9"/>
  <move id="140" source="B:" target="A:"/>
  <player id="1">Player 1</player>
  <player id="2">Player 2</player>
  <result type="3" winner="1"/>
 </game>
</stratego>