<?xml version="1.0" encoding="UTF-8"?>
<stratego>
 <game type="classic">
  
  <field content="FEHGEHEHBMBDIBDIFIEBFGJCDHGJGFBDEKDDLDDBAA__AA__AAAA__AA__AATRNYSRXUTRSSWVTUOVSTNQPPPRPQQNUNQPPPPQNN"/>
  <move id="1" source="I4" target="I5"/>
  <move id="2" source="F7" target="F6"/>
  <move id="3" source="I5" target="K5"/>
  <move id="4" source="F6" target="F5"/>
  <move id="5" source="I3" target="I4"/>
  <move id="6" source="F5" target="F4"/>
  <move id="7" source="F3" target="F4"/>
  <move id="8" source="K7" target="K6"/>
  <move id="9" source="I4" target="I5"/>
  <move id="10" source="K6" target="I6"/>
  <move id="11" source="B4" target="B5"/>
  <move id="12" source="I6" target="I5"/>
  <move id="13" source="K5" target="K6"/>
  <move id="14" source="I7" target="I6"/>
  <move id="15" source="I5" target="I4"/>
  <move id="16" source="I6" target="I5"/>
  <move id="17" source="I4" target="I3"/>
  <move id="18" source="B7" target="B6"/>
  <move id="19" source="K6" target="K7"/>
  <move id="20" source="B6" target="B5"/>
  <move id="21" source="K7" target="H7"/>
  <move id="22" source="I8" target="I7"/>
  <move id="23" source="E4" target="E7"/>
  <move id="24" source="I7" target="I6"/>
  <move id="25" source="F4" target="E4"/>
  <move id="26" source="E7" target="F7"/>
  <move id="27" source="G3" target="F3"/>
  <move id="28" source="I5" target="I4"/>
  <move id="29" source="F3" target="F4"/>
  <move id="30" source="I6" target="I5"/>
  <move id="31" source="F4" target="F5"/>
  <move id="32" source="I4" target="I3"/>
  <move id="33" source="H3" target="I3"/>
  <move id="34" source="I5" target="I4"/>
  <move id="35" source="I3" target="H3"/>
  <move id="36" source="I4" target="I3"/>
  <move id="37" source="H3" target="G3"/>
  <move id="38" source="I3" target="H3"/>
  <move id="39" source="F5" target="F6"/>
  <move id="40" source="H3" target="H2"/>
  <move id="41" source="F6" target="F7"/>
  <move id="42" source="B5" target="B4"/>
  <move id="43" source="E3" target="F3"/>
  <move id="44" source="I9" target="I8"/>
  <move id="45" source="B3" target="B4"/>
  <move id="46" source="I8" target="I7"/>
  <move id="47" source="H4" target="I4"/>
  <move id="48" source="I7" target="K7"/>
  <move id="49" source="I4" target="I5"/>
  <move id="50" source="H7" target="I7"/>
  <move id="51" source="I5" target="K5"/>
  <move id="52" source="E8" target="E7"/>
  <move id="53" source="K5" target="K7"/>
  <move id="54" source="E7" target="E6"/>
  <move id="55" source="H2" target="H3"/>
  <move id="56" source="F8" target="F7"/>
  <move id="57" source="H3" target="H4"/>
  <move id="58" source="F7" target="F6"/>
  <move id="59" source="H4" target="I4"/>
  <move id="60" source="E6" target="E5"/>
  <move id="61" source="I4" target="I5"/>
  <move id="62" source="F6" target="F5"/>
  <move id="63" source="I5" target="I6"/>
  <move id="64" source="G7" target="H7"/>
  <move id="65" source="I6" target="I7"/>
  <move id="66" source="F9" target="F8"/>
  <move id="67" source="K3" target="I3"/>
  <move id="68" source="F8" target="F7"/>
  <move id="69" source="I3" target="I4"/>
  <move id="70" source="F7" target="F6"/>
  <move id="71" source="I4" target="I5"/>
  <move id="72" source="E5" target="E6"/>
  <move id="73" source="I5" target="I6"/>
  <move id="74" source="K7" target="I7"/>
  <move id="75" source="I6" target="I7"/>
  <move id="76" source="H7" target="G7"/>
  <move id="77" source="F3" target="F5"/>
  <move id="78" source="K8" target="I8"/>
  <move id="79" source="F2" target="F3"/>
  <move id="80" source="I8" target="I7"/>
  <move id="81" source="F3" target="F4"/>
  <move id="82" source="E6" target="E5"/>
  <move id="83" source="F4" target="F5"/>
  <move id="84" source="E5" target="E4"/>
  <move id="85" source="H1" target="H2"/>
  <move id="86" source="F6" target="F5"/>
  <move id="87" source="H2" target="H3"/>
  <move id="88" source="F5" target="F4"/>
  <move id="89" source="G4" target="F4"/>
  <move id="90" source="E9" target="E8"/>
  <move id="91" source="H3" target="H4"/>
  <move id="92" source="E8" target="E7"/>
  <move id="93" source="H4" target="I4"/>
  <move id="94" source="G8" target="F8"/>
  <move id="95" source="I4" target="I5"/>
  <move id="96" source="E7" target="E6"/>
  <move id="97" source="I5" target="I6"/>
  <move id="98" source="G7" target="H7"/>
  <move id="99" source="I6" target="I7"/>
  <move id="100" source="F8" target="F7"/>
  <move id="101" source="B4" target="B5"/>
  <move id="102" source="F7" target="F6"/>
  <move id="103" source="B5" target="A5"/>
  <move id="104" source="E6" target="E5"/>
  <move id="105" source="B2" target="B3"/>
  <move id="106" source="F6" target="F5"/>
  <move id="107" source="F4" target="F3"/>
  <move id="108" source="F5" target="F4"/>
  <move id="109" source="F3" target="F4"/>
  <move id="110" source="E5" target="E2"/>
  <move id="111" source="F4" target="F5"/>
  <move id="112" source="H7" target="G7"/>
  <move id="113" source="F5" target="F6"/>
  <move id="114" source="G7" target="F7"/>
  <move id="115" source="F6" target="F5"/>
  <move id="116" source="D8" target="E8"/>
  <move id="117" source="F5" target="E5"/>
  <move id="118" source="E8" target="E7"/>
  <move id="119" source="E5" target="E6"/>
  <move id="120" source="E7" target="E8"/>
  <move id="121" source="B3" target="B8"/>
  <move id="122" source="F7" target="E7"/>
  <move id="123" source="E6" target="E7"/>
  <move id="124" source="E8" target="E7"/>
  <move id="125" source="D4" target="E4"/>
  <move id="126" source="E7" target="F7"/>
  <move id="127" source="E4" target="E5"/>
  <move id="128" source="C8" target="D8"/>
  <move id="129" source="E5" target="E6"/>
  <move id="130" source="D8" target="E8"/>
  <move id="131" source="E6" target="E7"/>
  <move id="132" source="E8" target="E7"/>
  <move id="133" source="C4" target="B4"/>
  <move id="134" source="F7" target="F6"/>
  <move id="135" source="G3" target="F3"/>
  <move id="136" source="F6" target="F5"/>
  <move id="137" source="F3" target="F4"/>
  <move id="138" source="F5" target="F4"/>
  <move id="139" source="A5" target="A6"/>
  <move id="140" source="H8" target="G8"/>
  <move id="141" source="A6" target="B6"/>
  <move id="142" source="G8" target="G7"/>
  <move id="143" source="B6" target="B7"/>
  <move id="144" source="G7" target="F7"/>
  <move id="145" source="C3" target="C4"/>
  <move id="146" source="F7" target="F6"/>
  <move id="147" source="C4" target="D4"/>
  <move id="148" source="F6" target="E6"/>
  <move id="149" source="D4" target="E4"/>
  <move id="150" source="A7" target="A6"/>
  <move id="151" source="B7" target="B8"/>
  <move id="152" source="A6" target="B6"/>
  <move id="153" source="E4" target="E5"/>
  <move id="154" source="B6" target="B5"/>
  <move id="155" source="E5" target="E6"/>
  <move id="156" source="B5" target="B4"/>
  <move id="157" source="C2" target="C3"/>
  <move id="158" source="B9" target="B8"/>
  <move id="159" source="C1" target="C2"/>
  <move id="160" source="B8" target="B7"/>
  <move id="161" source="C2" target="B2"/>
  <move id="162" source="B7" target="B6"/>
  <move id="163" source="B2" target="B3"/>
  <move id="164" source="B6" target="B5"/>
  <move id="165" source="C3" target="C4"/>
  <move id="166" source="B4" target="B3"/>
  <move id="167" source="C4" target="B4"/>
  <move id="168" source="B5" target="A5"/>
  <move id="169" source="D3" target="D4"/>
  <move id="170" source="A5" target="A4"/>
  <move id="171" source="A3" target="A4"/>
  <move id="172" source="H9" target="H8"/>
  <move id="173" source="D4" target="E4"/>
  <move id="174" source="H8" target="H7"/>
  <move id="175" source="E4" target="F4"/>
  <move id="176" source="F:" target="F4"/>
  <move id="177" source="B4" target="C4"/>
  <move id="178" source="H7" target="I7"/>
  <move id="179" source="C4" target="D4"/>
  <move id="180" source="I7" target="I6"/>
  <move id="181" source="D4" target="E4"/>
  <move id="182" source="F4" target="F3"/>
  <move id="183" source="E4" target="F4"/>
  <move id="184" source="I6" target="I5"/>
  <move id="185" source="F4" target="G4"/>
  <move id="186" source="I5" target="I4"/>
  <move id="187" source="G4" target="H4"/>
  <move id="188" source="I4" target="I3"/>
  <move id="189" source="H4" target="I4"/>
  <move id="190" source="I3" target="K3"/>
  <move id="191" source="G2" target="F2"/>
  <move id="192" source="K3" target="K2"/>
  <move id="193" source="I2" target="K2"/>
  <move id="194" source="F3" target="G3"/>
  <move id="195" source="I4" target="I3"/>
  <move id="196" source="G9" target="G8"/>
  <move id="197" source="F2" target="G2"/>
  <move id="198" source="G3" target="G4"/>
  <move id="199" source="G2" target="H2"/>
  <move id="200" source="A8" target="A7"/>
  <move id="201" source="F1" target="F2"/>
  <move id="202" source="A7" target="A6"/>
  <move id="203" source="F2" target="F3"/>
  <move id="204" source="A6" target="B6"/>
  <move id="205" source="F3" target="F4"/>
  <move id="206" source="G4" target="G3"/>
  <move id="207" source="F4" target="F3"/>
  <move id="208" source="G3" target="G4"/>
  <move id="209" source="F3" target="G3"/>
  <move id="210" source="G4" target="F4"/>
  <move id="211" source="G3" target="H3"/>
  <move id="212" source="B6" target="B5"/>
  <move id="213" source="I3" target="I4"/>
  <move id="214" source="C9" target="C8"/>
  <move id="215" source="H3" target="I3"/>
  <move id="216" source="C8" target="D8"/>
  <move id="217" source="I3" target="K3"/>
  <move id="218" source="C:" target="C9"/>
  <move id="219" source="K3" target="K2"/>
  <move id="220" source="C9" target="B9"/>
  <move id="221" source="I4" target="H4"/>
  <move id="222" source="B9" target="B8"/>
  <move id="223" source="H4" target="G4"/>
  <move id="224" source="F4" target="F3"/>
  <move id="225" source="G4" target="F4"/>
  <move id="226" source="F3" target="I3"/>
  <move id="227" source="F4" target="E4"/>
  <move id="228" source="B5" target="B4"/>
  <move id="229" source="E4" target="D4"/>
  <move id="230" source="B4" target="B3"/>
  <move id="231" source="D4" target="C4"/>
  <move id="232" source="B8" target="B7"/>
  <move id="233" source="C4" target="B4"/>
  <move id="234" source="B3" target="C3"/>
  <move id="235" source="B4" target="B5"/>
  <move id="236" source="C3" target="C2"/>
  <move id="237" source="B5" target="B6"/>
  <move id="238" source="B7" target="A7"/>
  <move id="239" source="B6" target="A6"/>
  <move id="240" source="C2" target="C1"/>
  <move id="241" source="A6" target="A7"/>
  <move id="242" source="C1" target="D1"/>
  <move id="243" source="A7" target="A6"/>
  <move id="244" source="G8" target="F8"/>
  <move id="245" source="A6" target="B6"/>
  <move id="246" source="F8" target="F1"/>
  <move id="247" source="B6" target="B5"/>
  <move id="248" source="F1" target="G1"/>
  <move id="249" source="B5" target="B4"/>
  <move id="250" source="I3" target="I1"/>
  <move id="251" source="B4" target="C4"/>
  <move id="252" source="D8" target="E8"/>
  <move id="253" source="C4" target="D4"/>
  <move id="254" source="E8" target="F8"/>
  <move id="255" source="D4" target="E4"/>
  <move id="256" source="F8" target="F3"/>
  <move id="257" source="E4" target="F4"/>
  <move id="258" source="F3" target="G3"/>
  <move id="259" source="F4" target="G4"/>
  <move id="260" source="G3" target="I3"/>
  <move id="261" source="G4" target="H4"/>
  <move id="262" source="E:" target="E3"/>
  <move id="263" source="G1" target="G2"/>
  <move id="264" source="D:" target="E:"/>
  <move id="265" source="G2" target="G3"/>
  <move id="266" source="I3" target="I2"/>
  <move id="267" source="H2" target="I2"/>
  <move id="268" source="H:" target="H9"/>
  <move id="269" source="G3" target="H3"/>
  <move id="270" source="E3" target="F3"/>
  <move id="271" source="H3" target="I3"/>
  <move id="272" source="H9" target="H8"/>
  <move id="273" source="H4" target="H3"/>
  <move id="274" source="H8" target="H7"/>
  <move id="275" source="I3" target="I4"/>
  <move id="276" source="H7" target="G7"/>
  <move id="277" source="I4" target="I5"/>
  <move id="278" source="G7" target="F7"/>
  <move id="279" source="I5" target="I6"/>
  <move id="280" source="F7" target="F6"/>
  <move id="281" source="I6" target="I7"/>
  <move id="282" source="F6" target="F5"/>
  <move id="283" source="I7" target="I8"/>
  <move id="284" source="F5" target="F4"/>
  <move id="285" source="I8" target="I9"/>
  <move id="286" source="F4" target="E4"/>
  <move id="287" source="I9" target="I:"/>
  <move id="288" source="E4" target="D4"/>
  <move id="289" source="I:" target="K:"/>
  <move id="290" source="D4" target="C4"/>
  <move id="291" source="K:" target="K9"/>
  <move id="292" source="C4" target="C3"/>
  <move id="293" source="K9" target="I9"/>
  <move id="294" source="C3" target="B3"/>
  <move id="295" source="I9" target="H9"/>
  <move id="296" source="B3" target="B2"/>
  <move id="297" source="H9" target="G9"/>
  <move id="298" source="B2" target="A2"/>
  <move id="299" source="A1" target="A2"/>
  <move id="300" source="G:" target="H:"/>
  <move id="301" source="G9" target="G:"/>
  <move id="302" source="H:" target="H9"/>
  <move id="303" source="G:" target="F:"/>
  <move id="304" source="H9" target="H8"/>
  <move id="305" source="F:" target="E:"/>
  <move id="306" source="H8" target="I8"/>
  <move id="307" source="E:" target="D:"/>
  <move id="308" source="D9" target="E9"/>
  <move id="309" source="D:" target="C:"/>
  <move id="310" source="I8" target="I7"/>
  <move id="311" source="C:" target="B:"/>
  <move id="312" source="A:" target="B:"/>
  <move id="313" source="H3" target="G3"/>
  <move id="314" source="F3" target="F2"/>
  <move id="315" source="G3" target="F3"/>
  <move id="316" source="B:" target="C:"/>
  <move id="317" source="F3" target="F4"/>
  <move id="318" source="C:" target="D:"/>
  <move id="319" source="F4" target="F5"/>
  <move id="320" source="D:" target="E:"/>
  <move id="321" source="F5" target="F4"/>
  <move id="322" source="E:" target="F:"/>
  <move id="323" source="F4" target="G4"/>
  <move id="324" source="F:" target="F9"/>
  <move id="325" source="B1" target="B2"/>
  <move id="326" source="F9" target="F8"/>
  <move id="327" source="B2" target="B3"/>
  <move id="328" source="F8" target="F7"/>
  <move id="329" source="B3" target="B4"/>
  <move id="330" source="F7" target="F6"/>
  <move id="331" source="B4" target="B5"/>
  <move id="332" source="F6" target="F5"/>
  <move id="333" source="B5" target="B6"/>
  <move id="334" source="I7" target="I4"/>
  <move id="335" source="B6" target="B7"/>
  <move id="336" source="I4" target="I3"/>
  <move id="337" source="B7" target="C7"/>
  <move id="338" source="F2" target="G2"/>
  <move id="339" source="C7" target="D7"/>
  <player id="1">Player 1</player>
  <player id="2">Player 2</player>
  <result type="1" winner="1"/>
 </game>
</stratego>