<?xml version="1.0" encoding="UTF-8"?>
<stratego>
 <game type="classic">
  
  <field content="FEHGEHEHBMBDIBDIFIEBFGJCDDGJHFBDEKDDLDGBAA__AA__AAAA__AA__AANRUPSRPTPURNQTVTPXPQNQUNOVTSPWRNNYSQSQPP"/>
  <move id="1" source="I4" target="I5"/>
  <move id="2" source="K7" target="K6"/>
  <move id="3" source="B4" target="B5"/>
  <move id="4" source="K6" target="K5"/>
  <move id="5" source="I5" target="K5"/>
  <move id="6" source="K5" target="K6"/>
  <move id="7" source="B5" target="B7"/>
  <move id="8" source="I7" target="I6"/>
  <move id="9" source="H4" target="I4"/>
  <move id="10" source="K6" target="K7"/>
  <move id="11" source="I4" target="I6"/>
  <move id="12" source="I8" target="I7"/>
  <move id="13" source="G4" target="H4"/>
  <move id="14" source="I7" target="I6"/>
  <move id="15" source="H4" target="I4"/>
  <move id="16" source="I6" target="I5"/>
  <move id="17" source="I4" target="I5"/>
  <move id="18" source="K8" target="I8"/>
  <move id="19" source="I5" target="I6"/>
  <move id="20" source="F7" target="F6"/>
  <move id="21" source="H3" target="H4"/>
  <move id="22" source="F6" target="E6"/>
  <move id="23" source="H4" target="I4"/>
  <move id="24" source="E7" target="F7"/>
  <move id="25" source="I4" target="I5"/>
  <move id="26" source="I8" target="I7"/>
  <move id="27" source="I6" target="K6"/>
  <move id="28" source="K7" target="K8"/>
  <move id="29" source="I5" target="K5"/>
  <move id="30" source="K8" target="I8"/>
  <move id="31" source="F4" target="I4"/>
  <move id="32" source="F7" target="E7"/>
  <move id="33" source="I4" target="I7"/>
  <move id="34" source="E7" target="F7"/>
  <move id="35" source="H2" target="H3"/>
  <move id="36" source="F7" target="F6"/>
  <move id="37" source="H3" target="H4"/>
  <move id="38" source="E6" target="E7"/>
  <move id="39" source="H4" target="I4"/>
  <move id="40" source="F6" target="F5"/>
  <move id="41" source="K6" target="K7"/>
  <move id="42" source="F5" target="F4"/>
  <move id="43" source="I4" target="I5"/>
  <move id="44" source="F4" target="G4"/>
  <move id="45" source="I5" target="I6"/>
  <move id="46" source="G4" target="H4"/>
  <move id="47" source="E4" target="H4"/>
  <move id="48" source="H4" target="H3"/>
  <move id="49" source="I3" target="H3"/>
  <move id="50" source="E7" target="E6"/>
  <move id="51" source="I6" target="I7"/>
  <move id="52" source="I8" target="I7"/>
  <move id="53" source="F3" target="F4"/>
  <move id="54" source="F8" target="F7"/>
  <move id="55" source="F4" target="I4"/>
  <move id="56" source="F7" target="F6"/>
  <move id="57" source="I4" target="I7"/>
  <move id="58" source="I9" target="I7"/>
  <move id="59" source="E3" target="E4"/>
  <move id="60" source="F6" target="F5"/>
  <move id="61" source="E4" target="I4"/>
  <move id="62" source="F5" target="F4"/>
  <move id="63" source="I4" target="I7"/>
  <move id="64" source="I:" target="I7"/>
  <move id="65" source="K3" target="I3"/>
  <move id="66" source="K:" target="I:"/>
  <move id="67" source="I3" target="I4"/>
  <move id="68" source="F4" target="G4"/>
  <move id="69" source="I4" target="I5"/>
  <move id="70" source="G4" target="H4"/>
  <move id="71" source="I5" target="I6"/>
  <move id="72" source="I:" target="I6"/>
  <move id="73" source="I6" target="I7"/>
  <move id="74" source="H9" target="I9"/>
  <move id="75" source="I7" target="H7"/>
  <move id="76" source="I9" target="I8"/>
  <move id="77" source="K5" target="I5"/>
  <move id="78" source="H4" target="G4"/>
  <move id="79" source="K7" target="I7"/>
  <move id="80" source="G4" target="F4"/>
  <move id="81" source="B3" target="B4"/>
  <move id="82" source="F4" target="G4"/>
  <move id="83" source="B4" target="B5"/>
  <move id="84" source="G4" target="H4"/>
  <move id="85" source="B5" target="A5"/>
  <move id="86" source="H4" target="H3"/>
  <move id="87" source="A3" target="B3"/>
  <move id="88" source="E6" target="F6"/>
  <move id="89" source="B3" target="B4"/>
  <move id="90" source="D7" target="E7"/>
  <move id="91" source="B4" target="B5"/>
  <move id="92" source="E7" target="E6"/>
  <move id="93" source="B5" target="B6"/>
  <move id="94" source="E6" target="E5"/>
  <move id="95" source="B6" target="B7"/>
  <move id="96" source="E8" target="E7"/>
  <move id="97" source="A5" target="A6"/>
  <move id="98" source="E7" target="E6"/>
  <move id="99" source="A6" target="A7"/>
  <move id="100" source="E5" target="E4"/>
  <move id="101" source="D4" target="E4"/>
  <move id="102" source="E6" target="E5"/>
  <move id="103" source="E4" target="D4"/>
  <move id="104" source="E5" target="E4"/>
  <move id="105" source="I5" target="K5"/>
  <move id="106" source="E4" target="E5"/>
  <move id="107" source="E2" target="E5"/>
  <move id="108" source="E5" target="E6"/>
  <move id="109" source="I7" target="I6"/>
  <move id="110" source="E6" target="E7"/>
  <move id="111" source="I6" target="I5"/>
  <move id="112" source="F6" target="F5"/>
  <move id="113" source="I5" target="I4"/>
  <move id="114" source="G7" target="F7"/>
  <move id="115" source="I4" target="H4"/>
  <move id="116" source="F5" target="F4"/>
  <move id="117" source="H4" target="G4"/>
  <move id="118" source="F4" target="F3"/>
  <move id="119" source="G3" target="F3"/>
  <move id="120" source="F7" target="F6"/>
  <move id="121" source="G4" target="F4"/>
  <move id="122" source="H7" target="I7"/>
  <move id="123" source="F4" target="F5"/>
  <move id="124" source="F6" target="E6"/>
  <move id="125" source="F5" target="F6"/>
  <move id="126" source="E6" target="E1"/>
  <move id="127" source="F6" target="F7"/>
  <move id="128" source="E7" target="E8"/>
  <move id="129" source="K5" target="I5"/>
  <move id="130" source="G8" target="F8"/>
  <move id="131" source="F7" target="F6"/>
  <move id="132" source="I7" target="H7"/>
  <move id="133" source="I5" target="I4"/>
  <move id="134" source="I8" target="I7"/>
  <move id="135" source="I4" target="H4"/>
  <move id="136" source="I7" target="I6"/>
  <move id="137" source="H4" target="G4"/>
  <move id="138" source="H7" target="G7"/>
  <move id="139" source="B2" target="B3"/>
  <move id="140" source="I6" target="I5"/>
  <move id="141" source="G4" target="H4"/>
  <move id="142" source="G9" target="H9"/>
  <move id="143" source="C4" target="B4"/>
  <move id="144" source="H9" target="I9"/>
  <move id="145" source="B4" target="B5"/>
  <move id="146" source="I9" target="I8"/>
  <move id="147" source="B5" target="A5"/>
  <move id="148" source="I8" target="I7"/>
  <move id="149" source="A5" target="A6"/>
  <move id="150" source="I7" target="I6"/>
  <move id="151" source="A6" target="A7"/>
  <move id="152" source="I6" target="K6"/>
  <move id="153" source="A7" target="A6"/>
  <move id="154" source="K6" target="K5"/>
  <move id="155" source="H4" target="H3"/>
  <move id="156" source="I5" target="I4"/>
  <move id="157" source="H3" target="I3"/>
  <move id="158" source="I4" target="I5"/>
  <move id="159" source="I3" target="I4"/>
  <move id="160" source="I5" target="I6"/>
  <move id="161" source="I4" target="I5"/>
  <move id="162" source="K5" target="K6"/>
  <move id="163" source="B3" target="B8"/>
  <move id="164" source="I6" target="I5"/>
  <move id="165" source="A6" target="A7"/>
  <move id="166" source="A8" target="A7"/>
  <move id="167" source="D4" target="C4"/>
  <move id="168" source="G7" target="F7"/>
  <move id="169" source="F6" target="E6"/>
  <move id="170" source="K9" target="K8"/>
  <move id="171" source="G2" target="G3"/>
  <move id="172" source="K8" target="K7"/>
  <move id="173" source="I5" target="I4"/>
  <move id="174" source="K7" target="I7"/>
  <move id="175" source="I4" target="H4"/>
  <move id="176" source="I7" target="I6"/>
  <move id="177" source="G3" target="G2"/>
  <move id="178" source="I6" target="I5"/>
  <move id="179" source="E6" target="E5"/>
  <move id="180" source="I5" target="I4"/>
  <move id="181" source="H4" target="G4"/>
  <move id="182" source="I4" target="I3"/>
  <move id="183" source="I2" target="I3"/>
  <move id="184" source="I3" target="H3"/>
  <move id="185" source="E5" target="E4"/>
  <move id="186" source="H3" target="G3"/>
  <move id="187" source="E4" target="F4"/>
  <move id="188" source="G3" target="G2"/>
  <move id="189" source="G4" target="H4"/>
  <move id="190" source="G2" target="H2"/>
  <move id="191" source="H4" target="I4"/>
  <move id="192" source="H2" target="H3"/>
  <move id="193" source="I4" target="I5"/>
  <move id="194" source="H3" target="I3"/>
  <move id="195" source="I5" target="K5"/>
  <move id="196" source="K6" target="K7"/>
  <move id="197" source="F4" target="G4"/>
  <move id="198" source="I3" target="I4"/>
  <move id="199" source="G4" target="H4"/>
  <move id="200" source="I4" target="I5"/>
  <move id="201" source="K5" target="K6"/>
  <move id="202" source="K7" target="I7"/>
  <move id="203" source="H4" target="I4"/>
  <move id="204" source="I5" target="K5"/>
  <move id="205" source="K6" target="K7"/>
  <move id="206" source="I7" target="H7"/>
  <move id="207" source="I4" target="I5"/>
  <move id="208" source="K5" target="K6"/>
  <move id="209" source="K7" target="I7"/>
  <move id="210" source="H7" target="G7"/>
  <move id="211" source="I7" target="I8"/>
  <move id="212" source="H8" target="I8"/>
  <move id="213" source="C4" target="B4"/>
  <move id="214" source="I8" target="I7"/>
  <move id="215" source="B4" target="B5"/>
  <move id="216" source="I7" target="I6"/>
  <move id="217" source="B5" target="B6"/>
  <move id="218" source="I6" target="I5"/>
  <move id="219" source="B6" target="A6"/>
  <move id="220" source="A7" target="B7"/>
  <move id="221" source="A6" target="A5"/>
  <move id="222" source="K6" target="K5"/>
  <move id="223" source="A5" target="B5"/>
  <move id="224" source="K5" target="I5"/>
  <move id="225" source="B5" target="B4"/>
  <move id="226" source="I5" target="I4"/>
  <move id="227" source="B4" target="C4"/>
  <move id="228" source="I4" target="H4"/>
  <move id="229" source="C4" target="D4"/>
  <move id="230" source="E8" target="E7"/>
  <move id="231" source="D4" target="E4"/>
  <move id="232" source="F7" target="F6"/>
  <move id="233" source="E4" target="E5"/>
  <move id="234" source="E7" target="F7"/>
  <move id="235" source="E5" target="E6"/>
  <move id="236" source="F6" target="F5"/>
  <move id="237" source="E6" target="F6"/>
  <move id="238" source="F7" target="E7"/>
  <move id="239" source="F6" target="F5"/>
  <move id="240" source="E7" target="E6"/>
  <move id="241" source="C3" target="C4"/>
  <move id="242" source="H4" target="G4"/>
  <move id="243" source="C4" target="D4"/>
  <move id="244" source="G4" target="F4"/>
  <move id="245" source="F5" target="E5"/>
  <move id="246" source="E6" target="F6"/>
  <move id="247" source="D4" target="C4"/>
  <move id="248" source="F4" target="E4"/>
  <move id="249" source="E5" target="E4"/>
  <move id="250" source="F6" target="F5"/>
  <move id="251" source="C4" target="D4"/>
  <move id="252" source="F5" target="E5"/>
  <move id="253" source="D4" target="C4"/>
  <move id="254" source="E5" target="E4"/>
  <move id="255" source="C4" target="B4"/>
  <move id="256" source="E4" target="D4"/>
  <move id="257" source="B4" target="B5"/>
  <move id="258" source="B7" target="A7"/>
  <move id="259" source="B5" target="B6"/>
  <move id="260" source="D4" target="C4"/>
  <move id="261" source="B6" target="A6"/>
  <move id="262" source="A7" target="A8"/>
  <move id="263" source="A6" target="A7"/>
  <move id="264" source="C4" target="B4"/>
  <move id="265" source="A7" target="A8"/>
  <move id="266" source="B4" target="B5"/>
  <move id="267" source="A8" target="A9"/>
  <move id="268" source="B5" target="B4"/>
  <move id="269" source="G1" target="G2"/>
  <move id="270" source="B4" target="C4"/>
  <move id="271" source="G2" target="G3"/>
  <move id="272" source="C4" target="D4"/>
  <move id="273" source="G3" target="G4"/>
  <move id="274" source="D4" target="E4"/>
  <move id="275" source="G4" target="H4"/>
  <move id="276" source="E4" target="F4"/>
  <move id="277" source="H4" target="I4"/>
  <move id="278" source="F4" target="G4"/>
  <move id="279" source="I4" target="I5"/>
  <move id="280" source="G4" target="H4"/>
  <move id="281" source="I5" target="I6"/>
  <move id="282" source="H4" target="I4"/>
  <move id="283" source="I6" target="I7"/>
  <move id="284" source="G7" target="F7"/>
  <move id="285" source="I7" target="I8"/>
  <move id="286" source="F8" target="I8"/>
  <move id="287" source="I8" target="I9"/>
  <move id="288" source="F7" target="G7"/>
  <move id="289" source="B1" target="B2"/>
  <move id="290" source="H:" target="I:"/>
  <move id="291" source="I9" target="H9"/>
  <move id="292" source="I:" target="I9"/>
  <move id="293" source="H9" target="G9"/>
  <move id="294" source="G:" target="G9"/>
  <move id="295" source="B2" target="B3"/>
  <move id="296" source="I4" target="H4"/>
  <move id="297" source="B3" target="B4"/>
  <move id="298" source="H4" target="G4"/>
  <move id="299" source="B4" target="B5"/>
  <move id="300" source="G4" target="F4"/>
  <move id="301" source="B5" target="B6"/>
  <move id="302" source="F4" target="E4"/>
  <move id="303" source="B6" target="A6"/>
  <move id="304" source="C7" target="B7"/>
  <move id="305" source="H1" target="H2"/>
  <move id="306" source="E4" target="D4"/>
  <move id="307" source="H2" target="H3"/>
  <move id="308" source="D4" target="C4"/>
  <move id="309" source="H3" target="H4"/>
  <move id="310" source="C4" target="B4"/>
  <move id="311" source="H4" target="I4"/>
  <move id="312" source="B4" target="B5"/>
  <move id="313" source="A6" target="A7"/>
  <move id="314" source="B7" target="A7"/>
  <move id="315" source="I4" target="I5"/>
  <move id="316" source="B5" target="B6"/>
  <move id="317" source="I5" target="I6"/>
  <move id="318" source="G9" target="G8"/>
  <move id="319" source="F2" target="E2"/>
  <move id="320" source="G8" target="H8"/>
  <move id="321" source="E2" target="E3"/>
  <move id="322" source="H8" target="I8"/>
  <move id="323" source="E3" target="E4"/>
  <move id="324" source="I8" target="I7"/>
  <move id="325" source="I6" target="I5"/>
  <move id="326" source="I7" target="I6"/>
  <move id="327" source="I5" target="I4"/>
  <move id="328" source="I6" target="I5"/>
  <move id="329" source="I4" target="H4"/>
  <move id="330" source="I5" target="I4"/>
  <move id="331" source="H4" target="G4"/>
  <move id="332" source="I4" target="H4"/>
  <move id="333" source="G4" target="F4"/>
  <move id="334" source="H4" target="G4"/>
  <move id="335" source="E4" target="E5"/>
  <move id="336" source="G4" target="F4"/>
  <move id="337" source="E5" target="E6"/>
  <move id="338" source="F9" target="F8"/>
  <move id="339" source="E6" target="E7"/>
  <move id="340" source="B6" target="B7"/>
  <move id="341" source="E7" target="D7"/>
  <move id="342" source="B7" target="C7"/>
  <move id="343" source="D7" target="D8"/>
  <move id="344" source="F8" target="E8"/>
  <move id="345" source="D8" target="D9"/>
  <move id="346" source="E8" target="F8"/>
  <move id="347" source="C2" target="C3"/>
  <move id="348" source="C7" target="B7"/>
  <move id="349" source="C3" target="C4"/>
  <move id="350" source="B7" target="B6"/>
  <move id="351" source="C4" target="D4"/>
  <move id="352" source="B6" target="B5"/>
  <move id="353" source="D4" target="E4"/>
  <move id="354" source="B5" target="B4"/>
  <move id="355" source="E4" target="E5"/>
  <move id="356" source="B4" target="C4"/>
  <move id="357" source="E5" target="E6"/>
  <move id="358" source="F8" target="F7"/>
  <move id="359" source="E6" target="E7"/>
  <move id="360" source="F7" target="E7"/>
  <move id="361" source="E1" target="E2"/>
  <move id="362" source="C4" target="D4"/>
  <move id="363" source="E2" target="F2"/>
  <move id="364" source="D4" target="E4"/>
  <move id="365" source="F4" target="G4"/>
  <move id="366" source="E4" target="F4"/>
  <move id="367" source="G4" target="H4"/>
  <move id="368" source="F4" target="G4"/>
  <move id="369" source="H4" target="I4"/>
  <move id="370" source="G4" target="H4"/>
  <move id="371" source="I4" target="I5"/>
  <move id="372" source="E7" target="F7"/>
  <move id="373" source="I5" target="I6"/>
  <move id="374" source="G7" target="G8"/>
  <move id="375" source="I6" target="I7"/>
  <move id="376" source="F7" target="G7"/>
  <move id="377" source="I7" target="I8"/>
  <move id="378" source="G8" target="F8"/>
  <move id="379" source="I8" target="H8"/>
  <move id="380" source="G7" target="G8"/>
  <move id="381" source="H8" target="H9"/>
  <move id="382" source="G8" target="G9"/>
  <move id="383" source="H9" target="H:"/>
  <move id="384" source="H4" target="I4"/>
  <move id="385" source="H:" target="I:"/>
  <move id="386" source="I9" target="I8"/>
  <move id="387" source="I:" target="I9"/>
  <move id="388" source="I8" target="I7"/>
  <move id="389" source="I9" target="I8"/>
  <move id="390" source="I7" target="I6"/>
  <move id="391" source="I8" target="I7"/>
  <move id="392" source="I6" target="K6"/>
  <move id="393" source="I7" target="I6"/>
  <move id="394" source="K6" target="K5"/>
  <move id="395" source="I6" target="K6"/>
  <move id="396" source="K5" target="K4"/>
  <move id="397" source="F2" target="G2"/>
  <move id="398" source="K4" target="K3"/>
  <move id="399" source="G2" target="H2"/>
  <move id="400" source="K3" target="K2"/>
  <move id="401" source="H2" target="I2"/>
  <move id="402" source="K2" target="K3"/>
  <move id="403" source="I2" target="K2"/>
  <move id="404" source="K3" target="I3"/>
  <move id="405" source="F3" target="G3"/>
  <move id="406" source="I4" target="K4"/>
  <move id="407" source="G3" target="H3"/>
  <move id="408" source="K4" target="K3"/>
  <move id="409" source="H3" target="I3"/>
  <move id="410" source="K3" target="I3"/>
  <move id="411" source="K6" target="K7"/>
  <move id="412" source="G9" target="H9"/>
  <move id="413" source="K7" target="K8"/>
  <move id="414" source="I3" target="I4"/>
  <move id="415" source="K8" target="I8"/>
  <move id="416" source="I4" target="I5"/>
  <move id="417" source="I8" target="H8"/>
  <move id="418" source="H9" target="H8"/>
  <move id="419" source="D3" target="D4"/>
  <move id="420" source="I5" target="I4"/>
  <move id="421" source="D4" target="E4"/>
  <move id="422" source="I4" target="I3"/>
  <move id="423" source="E4" target="E5"/>
  <move id="424" source="I3" target="I2"/>
  <move id="425" source="K2" target="K3"/>
  <move id="426" source="I2" target="K2"/>
  <move id="427" source="K3" target="K4"/>
  <move id="428" source="K2" target="K1"/>
  <player id="1">Player 1</player>
  <player id="2">Player 2</player>
  <result type="1" winner="2"/>
 </game>
</stratego>