<?xml version="1.0" encoding="UTF-8"?>
<stratego>
 <game type="classic">
  
  <field content="DEBBEBBMBEFGIEDKGBGFHDILJHFJDGHDDCFDIEHDAA__AA__AAAA__AA__AAPRSTSTUSRPTPWQPPXUPTNQONUVSVQNRQNNNPYPQR"/>
  <move id="1" source="A4" target="A5"/>
  <move id="2" source="A7" target="A6"/>
  <move id="3" source="A5" target="A6"/>
  <move id="4" source="E7" target="E6"/>
  <move id="5" source="F4" target="F7"/>
  <move id="6" source="E6" target="E5"/>
  <move id="7" source="G4" target="F4"/>
  <move id="8" source="E5" target="E4"/>
  <move id="9" source="F4" target="E4"/>
  <move id="10" source="F7" target="E7"/>
  <move id="11" source="E4" target="E5"/>
  <move id="12" source="G7" target="F7"/>
  <move id="13" source="E5" target="E6"/>
  <move id="14" source="A8" target="A7"/>
  <move id="15" source="A6" target="A7"/>
  <move id="16" source="B7" target="B6"/>
  <move id="17" source="B4" target="A4"/>
  <move id="18" source="B8" target="B7"/>
  <move id="19" source="G3" target="G4"/>
  <move id="20" source="B7" target="A7"/>
  <move id="21" source="G4" target="F4"/>
  <move id="22" source="C7" target="B7"/>
  <move id="23" source="F4" target="E4"/>
  <move id="24" source="B7" target="B8"/>
  <move id="25" source="E4" target="E5"/>
  <move id="26" source="D7" target="C7"/>
  <move id="27" source="E6" target="E7"/>
  <move id="28" source="F7" target="E7"/>
  <move id="29" source="E5" target="E6"/>
  <move id="30" source="E8" target="E6"/>
  <move id="31" source="E6" target="E7"/>
  <move id="32" source="C7" target="D7"/>
  <move id="33" source="E7" target="E6"/>
  <move id="34" source="D7" target="E7"/>
  <move id="35" source="E6" target="E5"/>
  <move id="36" source="E7" target="E6"/>
  <move id="37" source="E5" target="E4"/>
  <move id="38" source="E6" target="E5"/>
  <move id="39" source="F3" target="F4"/>
  <move id="40" source="F8" target="F4"/>
  <move id="41" source="H4" target="G4"/>
  <move id="42" source="E5" target="E4"/>
  <move id="43" source="E3" target="E4"/>
  <move id="44" source="A7" target="A4"/>
  <move id="45" source="A3" target="A4"/>
  <move id="46" source="B8" target="B7"/>
  <move id="47" source="A4" target="A5"/>
  <move id="48" source="B7" target="A7"/>
  <move id="49" source="A5" target="A6"/>
  <move id="50" source="A7" target="A6"/>
  <move id="51" source="A6" target="B6"/>
  <move id="52" source="C8" target="C7"/>
  <move id="53" source="B6" target="A6"/>
  <move id="54" source="B9" target="B8"/>
  <move id="55" source="A6" target="A5"/>
  <move id="56" source="B8" target="B7"/>
  <move id="57" source="B3" target="B7"/>
  <move id="58" source="B7" target="A7"/>
  <move id="59" source="F4" target="F5"/>
  <move id="60" source="K7" target="K4"/>
  <move id="61" source="I4" target="I5"/>
  <move id="62" source="I7" target="K7"/>
  <move id="63" source="I5" target="K5"/>
  <move id="64" source="I8" target="I7"/>
  <move id="65" source="K5" target="K6"/>
  <move id="66" source="I7" target="I6"/>
  <move id="67" source="K6" target="K7"/>
  <move id="68" source="H8" target="I8"/>
  <move id="69" source="K7" target="K6"/>
  <move id="70" source="I6" target="I3"/>
  <move id="71" source="K6" target="K5"/>
  <move id="72" source="I8" target="I7"/>
  <move id="73" source="K5" target="K4"/>
  <move id="74" source="I7" target="I6"/>
  <move id="75" source="K4" target="I4"/>
  <move id="76" source="I6" target="I5"/>
  <move id="77" source="G4" target="H4"/>
  <move id="78" source="D8" target="D7"/>
  <move id="79" source="C3" target="B3"/>
  <move id="80" source="E9" target="E8"/>
  <move id="81" source="B3" target="B4"/>
  <move id="82" source="E8" target="D8"/>
  <move id="83" source="B4" target="B5"/>
  <move id="84" source="D8" target="C8"/>
  <move id="85" source="B5" target="B6"/>
  <move id="86" source="C8" target="B8"/>
  <move id="87" source="B6" target="B7"/>
  <move id="88" source="C7" target="B7"/>
  <move id="89" source="A5" target="A4"/>
  <move id="90" source="B7" target="C7"/>
  <move id="91" source="I4" target="I3"/>
  <move id="92" source="H7" target="G7"/>
  <move id="93" source="F5" target="F4"/>
  <move id="94" source="G7" target="F7"/>
  <move id="95" source="F4" target="G4"/>
  <move id="96" source="G8" target="G7"/>
  <move id="97" source="G4" target="F4"/>
  <move id="98" source="G7" target="H7"/>
  <move id="99" source="A4" target="B4"/>
  <move id="100" source="A7" target="A6"/>
  <move id="101" source="B4" target="A4"/>
  <move id="102" source="B8" target="B7"/>
  <move id="103" source="A2" target="A3"/>
  <move id="104" source="B7" target="B6"/>
  <move id="105" source="A3" target="B3"/>
  <move id="106" source="B6" target="B5"/>
  <move id="107" source="B3" target="B4"/>
  <move id="108" source="B5" target="A5"/>
  <move id="109" source="A4" target="A5"/>
  <move id="110" source="A5" target="B5"/>
  <move id="111" source="B4" target="A4"/>
  <move id="112" source="B5" target="A5"/>
  <move id="113" source="A4" target="B4"/>
  <move id="114" source="A5" target="B5"/>
  <move id="115" source="B4" target="A4"/>
  <move id="116" source="B5" target="A5"/>
  <move id="117" source="A4" target="B4"/>
  <move id="118" source="I9" target="I8"/>
  <move id="119" source="D3" target="C3"/>
  <move id="120" source="A5" target="B5"/>
  <move id="121" source="B4" target="A4"/>
  <move id="122" source="A6" target="A5"/>
  <move id="123" source="C3" target="B3"/>
  <move id="124" source="A5" target="A4"/>
  <move id="125" source="A4" target="A3"/>
  <move id="126" source="C9" target="C8"/>
  <move id="127" source="B3" target="B4"/>
  <move id="128" source="B5" target="B6"/>
  <move id="129" source="B4" target="B5"/>
  <move id="130" source="B6" target="B7"/>
  <move id="131" source="B5" target="B6"/>
  <move id="132" source="B7" target="B8"/>
  <move id="133" source="B6" target="B7"/>
  <move id="134" source="B8" target="B9"/>
  <move id="135" source="C4" target="B4"/>
  <move id="136" source="D7" target="D8"/>
  <move id="137" source="B7" target="C7"/>
  <move id="138" source="C8" target="C7"/>
  <move id="139" source="B4" target="B7"/>
  <move id="140" source="D8" target="C8"/>
  <move id="141" source="B7" target="C7"/>
  <move id="142" source="C8" target="C7"/>
  <move id="143" source="A3" target="A4"/>
  <move id="144" source="H7" target="I7"/>
  <move id="145" source="F4" target="F3"/>
  <move id="146" source="I7" target="H7"/>
  <move id="147" source="H4" target="G4"/>
  <move id="148" source="H7" target="G7"/>
  <move id="149" source="G4" target="H4"/>
  <move id="150" source="I8" target="I7"/>
  <move id="151" source="K3" target="K4"/>
  <move id="152" source="I7" target="K7"/>
  <move id="153" source="K4" target="K5"/>
  <move id="154" source="I5" target="K5"/>
  <move id="155" source="H4" target="I4"/>
  <move id="156" source="C7" target="B7"/>
  <move id="157" source="I4" target="I5"/>
  <move id="158" source="K5" target="K4"/>
  <move id="159" source="I5" target="K5"/>
  <move id="160" source="K4" target="I4"/>
  <move id="161" source="I3" target="K3"/>
  <move id="162" source="B7" target="B6"/>
  <move id="163" source="E4" target="F4"/>
  <move id="164" source="I4" target="I3"/>
  <move id="165" source="H3" target="I3"/>
  <move id="166" source="B6" target="B5"/>
  <move id="167" source="F4" target="E4"/>
  <move id="168" source="B5" target="A5"/>
  <move id="169" source="A4" target="A5"/>
  <move id="170" source="K7" target="K6"/>
  <move id="171" source="K5" target="I5"/>
  <move id="172" source="K6" target="I6"/>
  <move id="173" source="I5" target="I4"/>
  <move id="174" source="I6" target="I5"/>
  <move id="175" source="E4" target="E3"/>
  <move id="176" source="I5" target="I4"/>
  <move id="177" source="E3" target="D3"/>
  <move id="178" source="B9" target="B8"/>
  <move id="179" source="D3" target="C3"/>
  <move id="180" source="B8" target="B7"/>
  <move id="181" source="C3" target="C4"/>
  <move id="182" source="B7" target="B6"/>
  <move id="183" source="C4" target="B4"/>
  <move id="184" source="B6" target="A6"/>
  <move id="185" source="A5" target="B5"/>
  <move id="186" source="A6" target="B6"/>
  <move id="187" source="B5" target="A5"/>
  <move id="188" source="B6" target="B7"/>
  <move id="189" source="I3" target="I4"/>
  <move id="190" source="B7" target="C7"/>
  <move id="191" source="I4" target="H4"/>
  <move id="192" source="C7" target="D7"/>
  <move id="193" source="H4" target="G4"/>
  <move id="194" source="D7" target="E7"/>
  <move id="195" source="G4" target="F4"/>
  <move id="196" source="E7" target="E6"/>
  <move id="197" source="F4" target="F5"/>
  <move id="198" source="F7" target="F8"/>
  <move id="199" source="B4" target="B5"/>
  <move id="200" source="F8" target="G8"/>
  <move id="201" source="B5" target="B6"/>
  <move id="202" source="F9" target="F8"/>
  <move id="203" source="B6" target="B7"/>
  <move id="204" source="F8" target="F7"/>
  <move id="205" source="B7" target="C7"/>
  <move id="206" source="E6" target="E7"/>
  <move id="207" source="C7" target="D7"/>
  <move id="208" source="E7" target="E8"/>
  <move id="209" source="A5" target="A6"/>
  <move id="210" source="F7" target="F6"/>
  <move id="211" source="F5" target="E5"/>
  <move id="212" source="G7" target="F7"/>
  <move id="213" source="D7" target="C7"/>
  <move id="214" source="F7" target="E7"/>
  <move id="215" source="E5" target="E4"/>
  <move id="216" source="F6" target="F5"/>
  <move id="217" source="C7" target="C8"/>
  <move id="218" source="E8" target="F8"/>
  <move id="219" source="A6" target="A7"/>
  <move id="220" source="F:" target="F9"/>
  <move id="221" source="A7" target="B7"/>
  <move id="222" source="F9" target="E9"/>
  <move id="223" source="B7" target="C7"/>
  <move id="224" source="E9" target="E8"/>
  <move id="225" source="C7" target="D7"/>
  <move id="226" source="E8" target="C8"/>
  <move id="227" source="D7" target="E7"/>
  <move id="228" source="E7" target="D7"/>
  <move id="229" source="C8" target="B8"/>
  <move id="230" source="D7" target="D8"/>
  <move id="231" source="B8" target="B7"/>
  <move id="232" source="D8" target="D7"/>
  <move id="233" source="B7" target="B8"/>
  <move id="234" source="H9" target="H8"/>
  <move id="235" source="E4" target="F4"/>
  <move id="236" source="F5" target="F4"/>
  <move id="237" source="E2" target="E3"/>
  <move id="238" source="H:" target="H9"/>
  <move id="239" source="E3" target="E4"/>
  <move id="240" source="H9" target="I9"/>
  <move id="241" source="E4" target="F4"/>
  <move id="242" source="I9" target="I8"/>
  <move id="243" source="F4" target="F5"/>
  <move id="244" source="I8" target="I7"/>
  <move id="245" source="F5" target="F6"/>
  <move id="246" source="D7" target="E7"/>
  <move id="247" source="B8" target="C8"/>
  <move id="248" source="I7" target="I6"/>
  <move id="249" source="K3" target="I3"/>
  <move id="250" source="I6" target="I5"/>
  <move id="251" source="C8" target="D8"/>
  <move id="252" source="I5" target="K5"/>
  <move id="253" source="I3" target="K3"/>
  <move id="254" source="K5" target="I5"/>
  <move id="255" source="K3" target="I3"/>
  <move id="256" source="K8" target="K7"/>
  <move id="257" source="I3" target="I4"/>
  <move id="258" source="I5" target="K5"/>
  <move id="259" source="I4" target="K4"/>
  <move id="260" source="K5" target="I5"/>
  <move id="261" source="K4" target="I4"/>
  <move id="262" source="I5" target="I6"/>
  <move id="263" source="I4" target="I5"/>
  <move id="264" source="I6" target="I7"/>
  <move id="265" source="I5" target="I6"/>
  <move id="266" source="H8" target="H7"/>
  <move id="267" source="I6" target="K6"/>
  <move id="268" source="K7" target="K8"/>
  <move id="269" source="F3" target="F4"/>
  <move id="270" source="I7" target="I4"/>
  <move id="271" source="F4" target="G4"/>
  <move id="272" source="I4" target="I3"/>
  <move id="273" source="G4" target="G3"/>
  <move id="274" source="B:" target="B9"/>
  <move id="275" source="G3" target="H3"/>
  <move id="276" source="I3" target="I4"/>
  <move id="277" source="H3" target="H4"/>
  <move id="278" source="I4" target="I8"/>
  <move id="279" source="K6" target="K7"/>
  <move id="280" source="I8" target="H8"/>
  <move id="281" source="K7" target="K8"/>
  <move id="282" source="B9" target="B8"/>
  <move id="283" source="C2" target="C3"/>
  <move id="284" source="B8" target="B7"/>
  <move id="285" source="C3" target="B3"/>
  <move id="286" source="B7" target="B6"/>
  <move id="287" source="B3" target="B4"/>
  <move id="288" source="H7" target="I7"/>
  <move id="289" source="B4" target="C4"/>
  <move id="290" source="I7" target="I6"/>
  <move id="291" source="C4" target="C3"/>
  <move id="292" source="I6" target="I5"/>
  <move id="293" source="H4" target="G4"/>
  <move id="294" source="I5" target="I4"/>
  <move id="295" source="G4" target="F4"/>
  <move id="296" source="B6" target="B5"/>
  <move id="297" source="B2" target="B3"/>
  <move id="298" source="I4" target="H4"/>
  <move id="299" source="F6" target="F5"/>
  <move id="300" source="F8" target="F7"/>
  <move id="301" source="B3" target="B4"/>
  <move id="302" source="B5" target="A5"/>
  <move id="303" source="B4" target="A4"/>
  <move id="304" source="A5" target="B5"/>
  <move id="305" source="A4" target="B4"/>
  <move id="306" source="B5" target="A5"/>
  <move id="307" source="B4" target="A4"/>
  <move id="308" source="A5" target="B5"/>
  <move id="309" source="A4" target="B4"/>
  <move id="310" source="B5" target="A5"/>
  <move id="311" source="B4" target="A4"/>
  <move id="312" source="A5" target="A4"/>
  <move id="313" source="A4" target="A5"/>
  <move id="314" source="E7" target="E8"/>
  <move id="315" source="D8" target="D7"/>
  <move id="316" source="F7" target="G7"/>
  <move id="317" source="A5" target="A6"/>
  <move id="318" source="G7" target="H7"/>
  <move id="319" source="A6" target="A7"/>
  <move id="320" source="H7" target="I7"/>
  <move id="321" source="A7" target="B7"/>
  <move id="322" source="I7" target="I6"/>
  <move id="323" source="B7" target="B8"/>
  <move id="324" source="I6" target="I5"/>
  <move id="325" source="B8" target="B9"/>
  <move id="326" source="E8" target="E7"/>
  <move id="327" source="D7" target="D8"/>
  <move id="328" source="H8" target="H7"/>
  <move id="329" source="F4" target="E4"/>
  <move id="330" source="I5" target="K5"/>
  <move id="331" source="F5" target="F4"/>
  <move id="332" source="E7" target="E8"/>
  <move id="333" source="D8" target="D7"/>
  <move id="334" source="K5" target="K4"/>
  <move id="335" source="F4" target="G4"/>
  <move id="336" source="H4" target="H3"/>
  <move id="337" source="G4" target="H4"/>
  <move id="338" source="H3" target="G3"/>
  <move id="339" source="B9" target="B:"/>
  <move id="340" source="G3" target="F3"/>
  <move id="341" source="F2" target="F3"/>
  <move id="342" source="K4" target="I4"/>
  <move id="343" source="H4" target="G4"/>
  <move id="344" source="I4" target="H4"/>
  <move id="345" source="F3" target="G3"/>
  <move id="346" source="H7" target="G7"/>
  <move id="347" source="G4" target="F4"/>
  <move id="348" source="G7" target="F7"/>
  <move id="349" source="B:" target="A:"/>
  <move id="350" source="F7" target="F8"/>
  <move id="351" source="E4" target="E5"/>
  <move id="352" source="E8" target="E7"/>
  <move id="353" source="D7" target="D8"/>
  <move id="354" source="H4" target="I4"/>
  <move id="355" source="E5" target="F5"/>
  <move id="356" source="E7" target="E8"/>
  <move id="357" source="D8" target="D7"/>
  <move id="358" source="E8" target="E7"/>
  <move id="359" source="D7" target="D8"/>
  <move id="360" source="I4" target="I3"/>
  <move id="361" source="G3" target="H3"/>
  <move id="362" source="I3" target="I2"/>
  <move id="363" source="H3" target="I3"/>
  <move id="364" source="I2" target="H2"/>
  <move id="365" source="I3" target="I4"/>
  <move id="366" source="E7" target="D7"/>
  <move id="367" source="D8" target="E8"/>
  <move id="368" source="F8" target="F7"/>
  <move id="369" source="F5" target="F6"/>
  <move id="370" source="D7" target="E7"/>
  <move id="371" source="E8" target="D8"/>
  <move id="372" source="E7" target="E8"/>
  <move id="373" source="D8" target="D7"/>
  <move id="374" source="F7" target="F9"/>
  <move id="375" source="F6" target="F7"/>
  <move id="376" source="F9" target="E9"/>
  <move id="377" source="F7" target="G7"/>
  <move id="378" source="E8" target="F8"/>
  <move id="379" source="F4" target="E4"/>
  <move id="380" source="F8" target="E8"/>
  <move id="381" source="D7" target="D8"/>
  <move id="382" source="E8" target="D8"/>
  <move id="383" source="E4" target="E9"/>
  <move id="384" source="D8" target="D7"/>
  <move id="385" source="G7" target="F7"/>
  <move id="386" source="D7" target="E7"/>
  <move id="387" source="F7" target="F8"/>
  <move id="388" source="E7" target="E6"/>
  <move id="389" source="I4" target="I5"/>
  <move id="390" source="E6" target="F6"/>
  <move id="391" source="I5" target="I6"/>
  <move id="392" source="F6" target="F7"/>
  <move id="393" source="F8" target="F9"/>
  <move id="394" source="G9" target="F9"/>
  <move id="395" source="A:" target="A9"/>
  <move id="396" source="F7" target="G7"/>
  <move id="397" source="I6" target="I7"/>
  <move id="398" source="G7" target="H7"/>
  <move id="399" source="I7" target="I8"/>
  <move id="400" source="H7" target="H8"/>
  <move id="401" source="I8" target="I9"/>
  <move id="402" source="H8" target="H9"/>
  <move id="403" source="I9" target="I8"/>
  <move id="404" source="H9" target="H8"/>
  <move id="405" source="I8" target="I7"/>
  <move id="406" source="G8" target="G7"/>
  <move id="407" source="F9" target="F8"/>
  <move id="408" source="H8" target="H7"/>
  <move id="409" source="F8" target="F7"/>
  <move id="410" source="G7" target="G8"/>
  <move id="411" source="I7" target="I8"/>
  <move id="412" source="H7" target="H8"/>
  <move id="413" source="I8" target="I9"/>
  <move id="414" source="H8" target="I8"/>
  <move id="415" source="I9" target="H9"/>
  <move id="416" source="G8" target="H8"/>
  <move id="417" source="H9" target="H8"/>
  <move id="418" source="I8" target="H8"/>
  <move id="419" source="B1" target="B2"/>
  <move id="420" source="H8" target="G8"/>
  <move id="421" source="F7" target="E7"/>
  <move id="422" source="G8" target="F8"/>
  <move id="423" source="B2" target="B3"/>
  <move id="424" source="F8" target="E8"/>
  <move id="425" source="E7" target="F7"/>
  <move id="426" source="I:" target="I9"/>
  <move id="427" source="B3" target="B4"/>
  <move id="428" source="I9" target="I8"/>
  <move id="429" source="B4" target="B5"/>
  <move id="430" source="I8" target="I7"/>
  <move id="431" source="B5" target="B6"/>
  <move id="432" source="E8" target="D8"/>
  <move id="433" source="B6" target="B7"/>
  <move id="434" source="D8" target="C8"/>
  <move id="435" source="K2" target="K3"/>
  <move id="436" source="I7" target="I6"/>
  <move id="437" source="K3" target="K4"/>
  <move id="438" source="I6" target="I5"/>
  <move id="439" source="F7" target="G7"/>
  <move id="440" source="I5" target="I4"/>
  <move id="441" source="K4" target="I4"/>
  <move id="442" source="C8" target="B8"/>
  <move id="443" source="B7" target="C7"/>
  <move id="444" source="B8" target="C8"/>
  <move id="445" source="C7" target="B7"/>
  <move id="446" source="C8" target="D8"/>
  <move id="447" source="B7" target="B8"/>
  <move id="448" source="D8" target="E8"/>
  <move id="449" source="B8" target="B9"/>
  <move id="450" source="E8" target="F8"/>
  <move id="451" source="B9" target="B:"/>
  <move id="452" source="F8" target="F7"/>
  <move id="453" source="G7" target="G8"/>
  <move id="454" source="F7" target="F8"/>
  <move id="455" source="G8" target="G9"/>
  <move id="456" source="F8" target="F9"/>
  <move id="457" source="G9" target="H9"/>
  <move id="458" source="F9" target="G9"/>
  <move id="459" source="H9" target="I9"/>
  <move id="460" source="G9" target="H9"/>
  <move id="461" source="I9" target="I:"/>
  <move id="462" source="H9" target="H:"/>
  <move id="463" source="I:" target="K:"/>
  <move id="464" source="H:" target="I:"/>
  <move id="465" source="B:" target="C:"/>
  <move id="466" source="I:" target="K:"/>
  <move id="467" source="C:" target="D:"/>
  <move id="468" source="K:" target="I:"/>
  <move id="469" source="D:" target="E:"/>
  <move id="470" source="I:" target="I9"/>
  <move id="471" source="E:" target="E9"/>
  <move id="472" source="I9" target="I8"/>
  <move id="473" source="E9" target="D9"/>
  <move id="474" source="I8" target="H8"/>
  <move id="475" source="D9" target="D:"/>
  <move id="476" source="H8" target="G8"/>
  <move id="477" source="D:" target="E:"/>
  <move id="478" source="G8" target="G7"/>
  <move id="479" source="E:" target="F:"/>
  <move id="480" source="G7" target="F7"/>
  <move id="481" source="F:" target="G:"/>
  <player id="1">Player 1</player>
  <player id="2">Player 2</player>
  <result type="1" winner="1"/>
 </game>
</stratego>