<?xml version="1.0" encoding="UTF-8"?>
<stratego>
 <game type="classic">
  
  <field content="EBFHBMBEDEFHBFGBFEDIDBJCKDEGGLDGIDHDDJHIAA__AA__AAAA__AA__AAQNSTWNPRTRUPVNUPRQNQQPUTNRNSOQVXSPTSPYPP"/>
  <move id="1" source="K4" target="K5"/>
  <move id="2" source="I7" target="I6"/>
  <move id="3" source="K5" target="K6"/>
  <move id="4" source="I6" target="K6"/>
  <move id="5" source="K6" target="K5"/>
  <move id="6" source="K7" target="K6"/>
  <move id="7" source="K5" target="K4"/>
  <move id="8" source="E7" target="E6"/>
  <move id="9" source="I4" target="I5"/>
  <move id="10" source="K6" target="I6"/>
  <move id="11" source="I5" target="K5"/>
  <move id="12" source="I6" target="K6"/>
  <move id="13" source="K5" target="I5"/>
  <move id="14" source="K6" target="I6"/>
  <move id="15" source="I5" target="K5"/>
  <move id="16" source="H7" target="I7"/>
  <move id="17" source="K4" target="I4"/>
  <move id="18" source="I6" target="I5"/>
  <move id="19" source="I4" target="I5"/>
  <move id="20" source="E6" target="E5"/>
  <move id="21" source="I5" target="I4"/>
  <move id="22" source="A7" target="A6"/>
  <move id="23" source="K5" target="K6"/>
  <move id="24" source="A6" target="A5"/>
  <move id="25" source="K6" target="K7"/>
  <move id="26" source="A5" target="A4"/>
  <move id="27" source="B4" target="A4"/>
  <move id="28" source="A8" target="A7"/>
  <move id="29" source="K7" target="I7"/>
  <move id="30" source="A7" target="A6"/>
  <move id="31" source="I7" target="K7"/>
  <move id="32" source="A6" target="A5"/>
  <move id="33" source="A4" target="B4"/>
  <move id="34" source="A5" target="A4"/>
  <move id="35" source="B4" target="A4"/>
  <move id="36" source="H8" target="H7"/>
  <move id="37" source="K7" target="K8"/>
  <move id="38" source="H7" target="I7"/>
  <move id="39" source="K8" target="K9"/>
  <move id="40" source="I7" target="K7"/>
  <move id="41" source="K9" target="K:"/>
  <move id="42" source="H9" target="H8"/>
  <move id="43" source="K3" target="K4"/>
  <move id="44" source="H8" target="H7"/>
  <move id="45" source="K4" target="K5"/>
  <move id="46" source="H7" target="I7"/>
  <move id="47" source="K5" target="K6"/>
  <move id="48" source="K7" target="K8"/>
  <move id="49" source="I4" target="K4"/>
  <move id="50" source="I7" target="K7"/>
  <move id="51" source="K6" target="K7"/>
  <move id="52" source="G7" target="H7"/>
  <move id="53" source="K7" target="K8"/>
  <move id="54" source="H7" target="I7"/>
  <move id="55" source="I3" target="K3"/>
  <move id="56" source="G8" target="H8"/>
  <move id="57" source="I2" target="I7"/>
  <move id="58" source="H8" target="H7"/>
  <move id="59" source="K8" target="K7"/>
  <move id="60" source="I9" target="H9"/>
  <move id="61" source="I1" target="I7"/>
  <move id="62" source="H9" target="H8"/>
  <move id="63" source="I7" target="H7"/>
  <move id="64" source="F8" target="G8"/>
  <move id="65" source="K7" target="I7"/>
  <move id="66" source="G8" target="G7"/>
  <move id="67" source="K:" target="K9"/>
  <move id="68" source="A4" target="A3"/>
  <move id="69" source="K9" target="I9"/>
  <move id="70" source="A3" target="B3"/>
  <move id="71" source="I9" target="H9"/>
  <move id="72" source="H8" target="G8"/>
  <move id="73" source="H9" target="H8"/>
  <move id="74" source="G8" target="F8"/>
  <move id="75" source="H8" target="H7"/>
  <move id="76" source="E8" target="E7"/>
  <move id="77" source="H7" target="H8"/>
  <move id="78" source="F8" target="E8"/>
  <move id="79" source="K1" target="I1"/>
  <move id="80" source="E7" target="E6"/>
  <move id="81" source="I1" target="I2"/>
  <move id="82" source="E8" target="E7"/>
  <move id="83" source="I2" target="I3"/>
  <move id="84" source="F9" target="F8"/>
  <move id="85" source="I3" target="I4"/>
  <move id="86" source="F8" target="F9"/>
  <move id="87" source="I4" target="I5"/>
  <move id="88" source="I:" target="K:"/>
  <move id="89" source="H8" target="H9"/>
  <move id="90" source="K:" target="K9"/>
  <move id="91" source="H9" target="I9"/>
  <move id="92" source="K9" target="K8"/>
  <move id="93" source="I9" target="K9"/>
  <move id="94" source="K8" target="K6"/>
  <move id="95" source="I5" target="I6"/>
  <move id="96" source="K6" target="K5"/>
  <move id="97" source="K4" target="K5"/>
  <move id="98" source="G7" target="H7"/>
  <move id="99" source="I7" target="H7"/>
  <move id="100" source="F9" target="F8"/>
  <move id="101" source="I6" target="I7"/>
  <move id="102" source="F8" target="G8"/>
  <move id="103" source="I7" target="I8"/>
  <move id="104" source="G8" target="H8"/>
  <move id="105" source="H7" target="H8"/>
  <move id="106" source="E7" target="E8"/>
  <move id="107" source="I8" target="I9"/>
  <move id="108" source="E8" target="F8"/>
  <move id="109" source="I9" target="H9"/>
  <move id="110" source="F8" target="G8"/>
  <move id="111" source="H8" target="H7"/>
  <move id="112" source="G8" target="G7"/>
  <move id="113" source="H7" target="I7"/>
  <move id="114" source="G7" target="H7"/>
  <move id="115" source="I7" target="H7"/>
  <player id="1">Player 1</player>
  <player id="2">Player 2</player>
  <result type="3" winner="1"/>
 </game>
</stratego>