<?xml version="1.0" encoding="UTF-8"?>
<stratego>
 <game type="classic">
  
  <field content="EFEEIEHMBHEBCFDIHBGIFDJBKDLHBJBGDDFDGDDGAA__AA__AAAA__AA__AAPPTURPVSPPPSVXTPOWTPRQSUQQRTQRNQNNYUNSNN"/>
  <move id="1" source="E4" target="E5"/>
  <move id="2" source="I7" target="I6"/>
  <move id="3" source="F4" target="F5"/>
  <move id="4" source="I8" target="I7"/>
  <move id="5" source="E5" target="E6"/>
  <move id="6" source="K7" target="K6"/>
  <move id="7" source="E6" target="F6"/>
  <move id="8" source="I7" target="K7"/>
  <move id="9" source="G4" target="F4"/>
  <move id="10" source="B7" target="B6"/>
  <move id="11" source="F4" target="E4"/>
  <move id="12" source="C7" target="B7"/>
  <move id="13" source="E4" target="E5"/>
  <move id="14" source="A7" target="A6"/>
  <move id="15" source="E5" target="E6"/>
  <move id="16" source="A6" target="A4"/>
  <move id="17" source="E6" target="E7"/>
  <move id="18" source="E8" target="E7"/>
  <move id="19" source="E3" target="E4"/>
  <move id="20" source="E7" target="E8"/>
  <move id="21" source="E4" target="E5"/>
  <move id="22" source="F7" target="E7"/>
  <move id="23" source="F5" target="F4"/>
  <move id="24" source="F8" target="F7"/>
  <move id="25" source="F6" target="F5"/>
  <move id="26" source="B6" target="B4"/>
  <move id="27" source="F4" target="E4"/>
  <move id="28" source="K6" target="K4"/>
  <move id="29" source="E4" target="E3"/>
  <move id="30" source="K7" target="K6"/>
  <move id="31" source="B4" target="B5"/>
  <move id="32" source="K6" target="K5"/>
  <move id="33" source="B5" target="B6"/>
  <move id="34" source="I6" target="I4"/>
  <move id="35" source="B6" target="B7"/>
  <move id="36" source="K5" target="K4"/>
  <move id="37" source="K3" target="K4"/>
  <move id="38" source="A8" target="A7"/>
  <move id="39" source="H4" target="I4"/>
  <move id="40" source="B7" target="C7"/>
  <move id="41" source="C4" target="B4"/>
  <move id="42" source="B8" target="B7"/>
  <move id="43" source="I4" target="I5"/>
  <move id="44" source="H7" target="I7"/>
  <move id="45" source="I5" target="I7"/>
  <move id="46" source="I9" target="I8"/>
  <move id="47" source="B4" target="B5"/>
  <move id="48" source="K8" target="K7"/>
  <move id="49" source="B5" target="B6"/>
  <move id="50" source="C8" target="B8"/>
  <move id="51" source="B6" target="A6"/>
  <move id="52" source="A7" target="A8"/>
  <move id="53" source="A6" target="A8"/>
  <move id="54" source="A9" target="A8"/>
  <move id="55" source="C3" target="C4"/>
  <move id="56" source="A8" target="A7"/>
  <move id="57" source="C4" target="B4"/>
  <move id="58" source="B9" target="A9"/>
  <move id="59" source="B4" target="B5"/>
  <move id="60" source="D8" target="C8"/>
  <move id="61" source="B5" target="B6"/>
  <move id="62" source="H8" target="H7"/>
  <move id="63" source="K4" target="I4"/>
  <move id="64" source="A9" target="A8"/>
  <move id="65" source="I4" target="H4"/>
  <move id="66" source="K7" target="K2"/>
  <move id="67" source="K2" target="K3"/>
  <move id="68" source="I8" target="K8"/>
  <move id="69" source="K3" target="K4"/>
  <move id="70" source="K8" target="K7"/>
  <move id="71" source="K4" target="I4"/>
  <move id="72" source="K7" target="K6"/>
  <move id="73" source="I4" target="I5"/>
  <move id="74" source="K6" target="I6"/>
  <move id="75" source="I5" target="I4"/>
  <move id="76" source="I6" target="I5"/>
  <move id="77" source="I4" target="K4"/>
  <move id="78" source="I5" target="K5"/>
  <move id="79" source="K4" target="I4"/>
  <move id="80" source="K5" target="K4"/>
  <move id="81" source="F5" target="F6"/>
  <move id="82" source="K4" target="K3"/>
  <move id="83" source="F6" target="F7"/>
  <move id="84" source="E7" target="E6"/>
  <move id="85" source="E5" target="E6"/>
  <move id="86" source="E8" target="F8"/>
  <move id="87" source="F7" target="E7"/>
  <move id="88" source="K3" target="K2"/>
  <move id="89" source="E7" target="D7"/>
  <move id="90" source="D7" target="D8"/>
  <move id="91" source="E6" target="E7"/>
  <move id="92" source="C7" target="D7"/>
  <move id="93" source="E7" target="E6"/>
  <move id="94" source="K2" target="K1"/>
  <move id="95" source="B6" target="B7"/>
  <move id="96" source="A7" target="A6"/>
  <move id="97" source="B7" target="B8"/>
  <move id="98" source="A6" target="A5"/>
  <move id="99" source="D4" target="E4"/>
  <move id="100" source="D7" target="C7"/>
  <move id="101" source="E6" target="E7"/>
  <move id="102" source="C7" target="B7"/>
  <move id="103" source="E7" target="E8"/>
  <move id="104" source="D8" target="D7"/>
  <move id="105" source="E8" target="F8"/>
  <move id="106" source="D7" target="C7"/>
  <move id="107" source="F8" target="F7"/>
  <move id="108" source="B7" target="B6"/>
  <move id="109" source="F7" target="F6"/>
  <move id="110" source="A5" target="B5"/>
  <move id="111" source="E4" target="E5"/>
  <move id="112" source="I7" target="I8"/>
  <move id="113" source="H4" target="G4"/>
  <move id="114" source="H7" target="I7"/>
  <move id="115" source="G4" target="F4"/>
  <move id="116" source="G7" target="H7"/>
  <move id="117" source="F4" target="E4"/>
  <move id="118" source="F9" target="F8"/>
  <move id="119" source="E4" target="D4"/>
  <move id="120" source="A8" target="A7"/>
  <move id="121" source="F6" target="E6"/>
  <move id="122" source="A7" target="A6"/>
  <move id="123" source="E5" target="F5"/>
  <move id="124" source="I7" target="K7"/>
  <move id="125" source="D4" target="E4"/>
  <move id="126" source="I8" target="I7"/>
  <move id="127" source="E4" target="F4"/>
  <move id="128" source="A6" target="A5"/>
  <move id="129" source="E6" target="E5"/>
  <move id="130" source="I7" target="I6"/>
  <move id="131" source="E5" target="E4"/>
  <move id="132" source="K7" target="K6"/>
  <move id="133" source="E4" target="D4"/>
  <move id="134" source="K6" target="K5"/>
  <move id="135" source="D4" target="C4"/>
  <move id="136" source="I6" target="I5"/>
  <move id="137" source="F4" target="E4"/>
  <move id="138" source="K5" target="K4"/>
  <move id="139" source="I4" target="H4"/>
  <move id="140" source="I5" target="I4"/>
  <move id="141" source="H4" target="G4"/>
  <move id="142" source="I4" target="I3"/>
  <move id="143" source="F5" target="E5"/>
  <move id="144" source="A5" target="A4"/>
  <move id="145" source="E5" target="F5"/>
  <move id="146" source="A4" target="A3"/>
  <move id="147" source="E4" target="E5"/>
  <move id="148" source="B6" target="A6"/>
  <move id="149" source="E5" target="E6"/>
  <move id="150" source="A6" target="A5"/>
  <move id="151" source="E6" target="F6"/>
  <move id="152" source="A5" target="A4"/>
  <move id="153" source="B3" target="B5"/>
  <move id="154" source="A4" target="A3"/>
  <move id="155" source="C4" target="B4"/>
  <move id="156" source="A3" target="A2"/>
  <move id="157" source="B4" target="B5"/>
  <move id="158" source="A2" target="A1"/>
  <move id="159" source="B5" target="B4"/>
  <move id="160" source="A1" target="B1"/>
  <move id="161" source="F5" target="E5"/>
  <move id="162" source="C7" target="D7"/>
  <move id="163" source="E3" target="E4"/>
  <move id="164" source="H7" target="I7"/>
  <move id="165" source="E4" target="D4"/>
  <move id="166" source="K4" target="I4"/>
  <move id="167" source="B4" target="B3"/>
  <move id="168" source="B1" target="C1"/>
  <move id="169" source="D4" target="B4"/>
  <move id="170" source="C9" target="B9"/>
  <move id="171" source="B4" target="A4"/>
  <move id="172" source="B9" target="B8"/>
  <move id="173" source="A4" target="A5"/>
  <move id="174" source="F8" target="F7"/>
  <move id="175" source="F6" target="F5"/>
  <move id="176" source="F7" target="F6"/>
  <move id="177" source="F5" target="F4"/>
  <move id="178" source="F6" target="F5"/>
  <move id="179" source="F4" target="E4"/>
  <move id="180" source="F5" target="F4"/>
  <move id="181" source="E4" target="D4"/>
  <move id="182" source="F4" target="E4"/>
  <move id="183" source="D4" target="C4"/>
  <move id="184" source="E4" target="E3"/>
  <move id="185" source="F3" target="E3"/>
  <move id="186" source="E3" target="D3"/>
  <move id="187" source="D2" target="D3"/>
  <move id="188" source="C1" target="D1"/>
  <move id="189" source="E1" target="D1"/>
  <move id="190" source="E9" target="E8"/>
  <move id="191" source="G4" target="F4"/>
  <move id="192" source="G9" target="F9"/>
  <move id="193" source="B3" target="B4"/>
  <move id="194" source="F9" target="F8"/>
  <move id="195" source="B4" target="B5"/>
  <move id="196" source="F8" target="F7"/>
  <move id="197" source="C2" target="C3"/>
  <move id="198" source="B8" target="B7"/>
  <move id="199" source="C3" target="B3"/>
  <move id="200" source="E8" target="E7"/>
  <move id="201" source="B3" target="B4"/>
  <move id="202" source="F7" target="F6"/>
  <move id="203" source="A5" target="A8"/>
  <move id="204" source="B7" target="B8"/>
  <move id="205" source="A8" target="A6"/>
  <move id="206" source="F6" target="E6"/>
  <move id="207" source="B5" target="B6"/>
  <move id="208" source="E6" target="E5"/>
  <move id="209" source="B4" target="B5"/>
  <move id="210" source="E5" target="E6"/>
  <move id="211" source="C4" target="B4"/>
  <move id="212" source="E7" target="F7"/>
  <move id="213" source="B4" target="A4"/>
  <move id="214" source="F7" target="F6"/>
  <move id="215" source="A4" target="A5"/>
  <move id="216" source="F6" target="F5"/>
  <move id="217" source="F4" target="F3"/>
  <move id="218" source="F5" target="F4"/>
  <move id="219" source="A6" target="A7"/>
  <move id="220" source="F4" target="G4"/>
  <move id="221" source="A5" target="A6"/>
  <move id="222" source="G4" target="H4"/>
  <move id="223" source="D3" target="C3"/>
  <move id="224" source="H4" target="H3"/>
  <move id="225" source="A7" target="A8"/>
  <move id="226" source="G8" target="F8"/>
  <move id="227" source="A8" target="B8"/>
  <move id="228" source="F8" target="F7"/>
  <move id="229" source="B6" target="B7"/>
  <move id="230" source="F7" target="F6"/>
  <move id="231" source="B5" target="B6"/>
  <move id="232" source="F6" target="F5"/>
  <move id="233" source="C3" target="B3"/>
  <move id="234" source="E6" target="E5"/>
  <move id="235" source="B3" target="B4"/>
  <move id="236" source="E5" target="E4"/>
  <move id="237" source="B4" target="B5"/>
  <move id="238" source="F5" target="F4"/>
  <move id="239" source="A6" target="A7"/>
  <move id="240" source="I4" target="H4"/>
  <move id="241" source="A7" target="A8"/>
  <move id="242" source="H4" target="H3"/>
  <move id="243" source="G3" target="H3"/>
  <move id="244" source="D7" target="C7"/>
  <move id="245" source="A8" target="B8"/>
  <move id="246" source="C8" target="B8"/>
  <move id="247" source="F3" target="E3"/>
  <move id="248" source="C7" target="B7"/>
  <move id="249" source="H3" target="G3"/>
  <move id="250" source="B8" target="B7"/>
  <move id="251" source="B6" target="B7"/>
  <move id="252" source="I7" target="I6"/>
  <move id="253" source="E3" target="D3"/>
  <move id="254" source="I6" target="I5"/>
  <move id="255" source="E2" target="E4"/>
  <move id="256" source="I5" target="I4"/>
  <move id="257" source="G3" target="F3"/>
  <move id="258" source="F4" target="F3"/>
  <move id="259" source="D3" target="E3"/>
  <move id="260" source="F3" target="F2"/>
  <move id="261" source="E3" target="E4"/>
  <move id="262" source="I4" target="K4"/>
  <move id="263" source="F2" target="F3"/>
  <move id="264" source="K4" target="K3"/>
  <move id="265" source="F3" target="F4"/>
  <move id="266" source="K3" target="K2"/>
  <move id="267" source="F4" target="F5"/>
  <move id="268" source="K2" target="K1"/>
  <move id="269" source="F1" target="F2"/>
  <move id="270" source="K1" target="K2"/>
  <move id="271" source="B7" target="B8"/>
  <move id="272" source="K2" target="K3"/>
  <move id="273" source="B8" target="C8"/>
  <move id="274" source="K3" target="K4"/>
  <move id="275" source="C8" target="D8"/>
  <move id="276" source="D9" target="D8"/>
  <move id="277" source="F2" target="F3"/>
  <move id="278" source="K4" target="I4"/>
  <move id="279" source="F5" target="F6"/>
  <move id="280" source="I4" target="H4"/>
  <move id="281" source="F6" target="F7"/>
  <move id="282" source="H4" target="G4"/>
  <move id="283" source="F7" target="E7"/>
  <move id="284" source="G4" target="F4"/>
  <move id="285" source="E4" target="E5"/>
  <move id="286" source="F4" target="F3"/>
  <move id="287" source="E7" target="E8"/>
  <move id="288" source="D8" target="E8"/>
  <move id="289" source="E5" target="E6"/>
  <move id="290" source="F3" target="F4"/>
  <move id="291" source="E6" target="E7"/>
  <move id="292" source="F4" target="F5"/>
  <move id="293" source="E7" target="E8"/>
  <move id="294" source="F:" target="F9"/>
  <move id="295" source="D1" target="D2"/>
  <move id="296" source="F5" target="E5"/>
  <move id="297" source="D2" target="D3"/>
  <move id="298" source="E5" target="E6"/>
  <move id="299" source="D3" target="E3"/>
  <move id="300" source="E6" target="E7"/>
  <move id="301" source="E8" target="D8"/>
  <move id="302" source="E7" target="D7"/>
  <move id="303" source="D8" target="C8"/>
  <move id="304" source="D7" target="C7"/>
  <move id="305" source="C8" target="B8"/>
  <move id="306" source="H9" target="H8"/>
  <move id="307" source="B8" target="B9"/>
  <move id="308" source="C7" target="C8"/>
  <move id="309" source="B9" target="B:"/>
  <move id="310" source="C8" target="C9"/>
  <move id="311" source="B:" target="C:"/>
  <move id="312" source="C9" target="D9"/>
  <move id="313" source="E3" target="F3"/>
  <move id="314" source="D9" target="D8"/>
  <move id="315" source="F3" target="G3"/>
  <move id="316" source="D8" target="D7"/>
  <move id="317" source="G3" target="H3"/>
  <move id="318" source="D7" target="E7"/>
  <move id="319" source="H3" target="H4"/>
  <move id="320" source="E7" target="F7"/>
  <move id="321" source="H4" target="I4"/>
  <move id="322" source="H8" target="G8"/>
  <move id="323" source="I4" target="I5"/>
  <move id="324" source="F7" target="G7"/>
  <move id="325" source="I5" target="I6"/>
  <move id="326" source="G8" target="F8"/>
  <move id="327" source="I6" target="I7"/>
  <move id="328" source="G7" target="H7"/>
  <move id="329" source="I7" target="I8"/>
  <move id="330" source="H7" target="H8"/>
  <move id="331" source="I8" target="I9"/>
  <move id="332" source="K9" target="K8"/>
  <move id="333" source="I9" target="I:"/>
  <move id="334" source="K8" target="K7"/>
  <move id="335" source="B5" target="B6"/>
  <move id="336" source="F8" target="E8"/>
  <move id="337" source="B6" target="B7"/>
  <move id="338" source="K7" target="K6"/>
  <move id="339" source="B7" target="B8"/>
  <move id="340" source="H:" target="H9"/>
  <move id="341" source="B8" target="B9"/>
  <move id="342" source="H8" target="H7"/>
  <move id="343" source="B9" target="C9"/>
  <move id="344" source="H9" target="H8"/>
  <move id="345" source="C9" target="D9"/>
  <move id="346" source="H8" target="G8"/>
  <move id="347" source="D9" target="D:"/>
  <move id="348" source="G8" target="G7"/>
  <move id="349" source="G2" target="G3"/>
  <move id="350" source="G7" target="F7"/>
  <move id="351" source="G3" target="F3"/>
  <move id="352" source="K6" target="I6"/>
  <move id="353" source="F3" target="F4"/>
  <move id="354" source="H7" target="G7"/>
  <move id="355" source="F4" target="E4"/>
  <move id="356" source="F9" target="F8"/>
  <move id="357" source="E4" target="D4"/>
  <move id="358" source="E8" target="E7"/>
  <move id="359" source="D4" target="C4"/>
  <move id="360" source="F8" target="E8"/>
  <move id="361" source="I2" target="K2"/>
  <move id="362" source="F7" target="F8"/>
  <move id="363" source="K2" target="K3"/>
  <move id="364" source="E7" target="F7"/>
  <move id="365" source="K3" target="K4"/>
  <move id="366" source="G7" target="H7"/>
  <move id="367" source="K4" target="K5"/>
  <move id="368" source="I6" target="I7"/>
  <move id="369" source="K5" target="K6"/>
  <move id="370" source="H7" target="H8"/>
  <move id="371" source="K6" target="K7"/>
  <move id="372" source="I7" target="H7"/>
  <move id="373" source="K7" target="K8"/>
  <move id="374" source="H8" target="I8"/>
  <move id="375" source="K8" target="K9"/>
  <move id="376" source="I8" target="I9"/>
  <move id="377" source="K9" target="K:"/>
  <move id="378" source="I9" target="I8"/>
  <move id="379" source="C4" target="B4"/>
  <move id="380" source="F7" target="F6"/>
  <move id="381" source="B4" target="B5"/>
  <move id="382" source="F8" target="F7"/>
  <move id="383" source="B5" target="B6"/>
  <move id="384" source="H7" target="G7"/>
  <move id="385" source="B6" target="B7"/>
  <move id="386" source="F6" target="F5"/>
  <move id="387" source="B7" target="C7"/>
  <move id="388" source="I8" target="H8"/>
  <move id="389" source="C7" target="D7"/>
  <move id="390" source="H8" target="G8"/>
  <move id="391" source="D7" target="D8"/>
  <move id="392" source="E8" target="D8"/>
  <player id="1">Player 1</player>
  <player id="2">Player 2</player>
  <result type="3" winner="2"/>
 </game>
</stratego>