<?xml version="1.0" encoding="UTF-8"?>
<stratego>
 <game type="classic">
  
  <field content="MEDEHBGFDEGEJDDEIBGBIDDCDGJHBFFHLKHFIBDBAA__AA__AAAA__AA__AASUXTRNTQSPPPWQPQVNNRRQVSTNOUSPTNRYNUQPPP"/>
  <move id="1" source="E4" target="E5"/>
  <move id="2" source="B7" target="B6"/>
  <move id="3" source="E5" target="E6"/>
  <move id="4" source="B6" target="B5"/>
  <move id="5" source="E6" target="F6"/>
  <move id="6" source="B5" target="A5"/>
  <move id="7" source="E3" target="E7"/>
  <move id="8" source="B8" target="B4"/>
  <move id="9" source="F6" target="E6"/>
  <move id="10" source="A5" target="B5"/>
  <move id="11" source="E6" target="E7"/>
  <move id="12" source="D7" target="E7"/>
  <move id="13" source="F4" target="F5"/>
  <move id="14" source="E8" target="E7"/>
  <move id="15" source="F5" target="F6"/>
  <move id="16" source="E9" target="E8"/>
  <move id="17" source="F6" target="F7"/>
  <move id="18" source="A7" target="A6"/>
  <move id="19" source="G4" target="F4"/>
  <move id="20" source="A6" target="B6"/>
  <move id="21" source="F4" target="E4"/>
  <move id="22" source="A8" target="A4"/>
  <move id="23" source="E4" target="E5"/>
  <move id="24" source="B6" target="A6"/>
  <move id="25" source="E5" target="E6"/>
  <move id="26" source="C7" target="B7"/>
  <move id="27" source="E6" target="E7"/>
  <move id="28" source="E8" target="E9"/>
  <move id="29" source="E7" target="E6"/>
  <move id="30" source="B7" target="B6"/>
  <move id="31" source="E6" target="F6"/>
  <move id="32" source="B5" target="A5"/>
  <move id="33" source="E2" target="E7"/>
  <move id="34" source="B6" target="B5"/>
  <move id="35" source="E7" target="D7"/>
  <move id="36" source="D8" target="D7"/>
  <move id="37" source="F6" target="E6"/>
  <move id="38" source="D7" target="D8"/>
  <move id="39" source="E6" target="E7"/>
  <move id="40" source="A5" target="A4"/>
  <move id="41" source="A3" target="A4"/>
  <move id="42" source="A6" target="A5"/>
  <move id="43" source="B3" target="A3"/>
  <move id="44" source="B5" target="B4"/>
  <move id="45" source="D4" target="E4"/>
  <move id="46" source="A5" target="A4"/>
  <move id="47" source="E4" target="E5"/>
  <move id="48" source="A4" target="A3"/>
  <move id="49" source="E5" target="E6"/>
  <move id="50" source="B9" target="B8"/>
  <move id="51" source="E7" target="D7"/>
  <move id="52" source="B8" target="B7"/>
  <move id="53" source="E6" target="E7"/>
  <move id="54" source="B7" target="B6"/>
  <move id="55" source="E7" target="E8"/>
  <move id="56" source="B6" target="B5"/>
  <move id="57" source="E8" target="D8"/>
  <move id="58" source="C8" target="C7"/>
  <move id="59" source="D7" target="E7"/>
  <move id="60" source="C7" target="D7"/>
  <move id="61" source="D8" target="D7"/>
  <move id="62" source="B5" target="A5"/>
  <move id="63" source="G3" target="G4"/>
  <move id="64" source="A5" target="A4"/>
  <move id="65" source="G4" target="F4"/>
  <move id="66" source="F8" target="E8"/>
  <move id="67" source="E7" target="D7"/>
  <move id="68" source="C9" target="C8"/>
  <move id="69" source="F4" target="F5"/>
  <move id="70" source="C8" target="C7"/>
  <move id="71" source="F5" target="E5"/>
  <move id="72" source="C7" target="D7"/>
  <move id="73" source="E5" target="E6"/>
  <move id="74" source="E8" target="E7"/>
  <move id="75" source="E6" target="E7"/>
  <move id="76" source="D7" target="E7"/>
  <move id="77" source="D2" target="E2"/>
  <move id="78" source="G8" target="F8"/>
  <move id="79" source="C4" target="D4"/>
  <move id="80" source="F8" target="E8"/>
  <move id="81" source="E2" target="E8"/>
  <move id="82" source="G9" target="G8"/>
  <move id="83" source="F3" target="F4"/>
  <move id="84" source="G8" target="F8"/>
  <move id="85" source="F4" target="E4"/>
  <move id="86" source="E8" target="E7"/>
  <move id="87" source="E4" target="E5"/>
  <move id="88" source="F8" target="E8"/>
  <move id="89" source="E5" target="E6"/>
  <move id="90" source="A3" target="B3"/>
  <move id="91" source="F2" target="F3"/>
  <move id="92" source="B3" target="B2"/>
  <move id="93" source="C2" target="B2"/>
  <move id="94" source="A4" target="A3"/>
  <move id="95" source="F3" target="F4"/>
  <move id="96" source="A3" target="B3"/>
  <move id="97" source="F4" target="F5"/>
  <move id="98" source="B3" target="C3"/>
  <move id="99" source="D3" target="E3"/>
  <move id="100" source="B4" target="B3"/>
  <move id="101" source="B2" target="C2"/>
  <move id="102" source="C3" target="C4"/>
  <move id="103" source="D4" target="D3"/>
  <move id="104" source="C4" target="D4"/>
  <move id="105" source="D3" target="D2"/>
  <move id="106" source="B3" target="C3"/>
  <move id="107" source="C2" target="B2"/>
  <move id="108" source="D4" target="D3"/>
  <move id="109" source="E3" target="E4"/>
  <move id="110" source="D3" target="D2"/>
  <move id="111" source="F5" target="F6"/>
  <move id="112" source="H9" target="G9"/>
  <move id="113" source="E4" target="D4"/>
  <move id="114" source="G9" target="G8"/>
  <move id="115" source="E6" target="E5"/>
  <move id="116" source="E7" target="E6"/>
  <move id="117" source="F6" target="F7"/>
  <move id="118" source="E6" target="E5"/>
  <move id="119" source="D4" target="D3"/>
  <move id="120" source="C3" target="C2"/>
  <move id="121" source="B2" target="B3"/>
  <move id="122" source="C2" target="D2"/>
  <move id="123" source="B3" target="B4"/>
  <move id="124" source="E5" target="E6"/>
  <move id="125" source="B4" target="B5"/>
  <move id="126" source="E6" target="E7"/>
  <move id="127" source="F7" target="G7"/>
  <move id="128" source="E7" target="D7"/>
  <move id="129" source="B5" target="A5"/>
  <move id="130" source="D7" target="C7"/>
  <move id="131" source="G2" target="G3"/>
  <move id="132" source="C7" target="B7"/>
  <move id="133" source="G3" target="G4"/>
  <move id="134" source="B7" target="B6"/>
  <move id="135" source="G4" target="F4"/>
  <move id="136" source="G8" target="F8"/>
  <move id="137" source="F4" target="F5"/>
  <move id="138" source="F8" target="F7"/>
  <move id="139" source="F5" target="F6"/>
  <move id="140" source="G:" target="G9"/>
  <move id="141" source="F6" target="F7"/>
  <move id="142" source="G9" target="G8"/>
  <move id="143" source="H3" target="G3"/>
  <move id="144" source="G8" target="F8"/>
  <move id="145" source="G3" target="F3"/>
  <move id="146" source="G7" target="F7"/>
  <move id="147" source="F3" target="E3"/>
  <move id="148" source="F7" target="F6"/>
  <move id="149" source="E3" target="E2"/>
  <move id="150" source="F6" target="F5"/>
  <move id="151" source="E2" target="D2"/>
  <move id="152" source="F5" target="F4"/>
  <move id="153" source="D2" target="C2"/>
  <move id="154" source="F8" target="F7"/>
  <move id="155" source="C2" target="B2"/>
  <move id="156" source="F7" target="F6"/>
  <move id="157" source="B2" target="B3"/>
  <move id="158" source="F6" target="F5"/>
  <move id="159" source="A5" target="B5"/>
  <move id="160" source="F:" target="G:"/>
  <move id="161" source="B5" target="B6"/>
  <move id="162" source="F4" target="E4"/>
  <move id="163" source="B3" target="B4"/>
  <move id="164" source="E4" target="D4"/>
  <move id="165" source="B4" target="B5"/>
  <move id="166" source="G:" target="G9"/>
  <move id="167" source="B5" target="B6"/>
  <move id="168" source="G9" target="G8"/>
  <move id="169" source="B6" target="B7"/>
  <move id="170" source="G8" target="G7"/>
  <move id="171" source="B7" target="B8"/>
  <move id="172" source="G7" target="F7"/>
  <move id="173" source="B8" target="C8"/>
  <move id="174" source="E8" target="D8"/>
  <move id="175" source="C8" target="C9"/>
  <move id="176" source="F7" target="E7"/>
  <move id="177" source="C1" target="C2"/>
  <move id="178" source="D4" target="D3"/>
  <move id="179" source="C2" target="B2"/>
  <move id="180" source="D3" target="C3"/>
  <move id="181" source="B2" target="B:"/>
  <move id="182" source="E7" target="E6"/>
  <move id="183" source="C9" target="C:"/>
  <move id="184" source="E6" target="E5"/>
  <move id="185" source="E1" target="E2"/>
  <move id="186" source="E5" target="E4"/>
  <move id="187" source="E2" target="D2"/>
  <move id="188" source="E4" target="E3"/>
  <move id="189" source="D2" target="C2"/>
  <move id="190" source="E3" target="E2"/>
  <move id="191" source="C2" target="C3"/>
  <move id="192" source="F5" target="F4"/>
  <move id="193" source="B1" target="B2"/>
  <move id="194" source="F4" target="F3"/>
  <move id="195" source="B2" target="B3"/>
  <move id="196" source="D8" target="C8"/>
  <move id="197" source="B3" target="B4"/>
  <move id="198" source="C8" target="C7"/>
  <move id="199" source="B4" target="A4"/>
  <move id="200" source="C7" target="B7"/>
  <move id="201" source="A4" target="A5"/>
  <move id="202" source="B7" target="B6"/>
  <move id="203" source="G1" target="G2"/>
  <move id="204" source="E2" target="F2"/>
  <move id="205" source="G2" target="G3"/>
  <move id="206" source="F3" target="E3"/>
  <move id="207" source="G3" target="G4"/>
  <move id="208" source="F2" target="F3"/>
  <move id="209" source="D1" target="D2"/>
  <move id="210" source="F3" target="F4"/>
  <move id="211" source="G4" target="G3"/>
  <move id="212" source="E3" target="F3"/>
  <move id="213" source="D2" target="D3"/>
  <move id="214" source="F3" target="F2"/>
  <move id="215" source="D3" target="D2"/>
  <move id="216" source="F4" target="F3"/>
  <move id="217" source="G3" target="G2"/>
  <move id="218" source="F2" target="F1"/>
  <move id="219" source="D2" target="D1"/>
  <move id="220" source="F3" target="G3"/>
  <move id="221" source="G2" target="F2"/>
  <move id="222" source="F1" target="G1"/>
  <move id="223" source="F2" target="E2"/>
  <move id="224" source="G1" target="H1"/>
  <move id="225" source="E2" target="E3"/>
  <move id="226" source="G3" target="G2"/>
  <move id="227" source="E3" target="E4"/>
  <move id="228" source="G2" target="G1"/>
  <move id="229" source="E4" target="E5"/>
  <move id="230" source="G1" target="H1"/>
  <move id="231" source="E5" target="E6"/>
  <move id="232" source="K7" target="K4"/>
  <move id="233" source="C:" target="C9"/>
  <move id="234" source="H1" target="G1"/>
  <move id="235" source="C9" target="C8"/>
  <move id="236" source="G1" target="G2"/>
  <move id="237" source="C8" target="B8"/>
  <move id="238" source="E9" target="E8"/>
  <move id="239" source="B8" target="B7"/>
  <move id="240" source="E8" target="D8"/>
  <move id="241" source="B7" target="B6"/>
  <move id="242" source="D8" target="C8"/>
  <move id="243" source="B6" target="B7"/>
  <move id="244" source="D9" target="D8"/>
  <move id="245" source="A5" target="A6"/>
  <move id="246" source="D8" target="E8"/>
  <move id="247" source="A6" target="A7"/>
  <move id="248" source="H7" target="G7"/>
  <move id="249" source="A7" target="A8"/>
  <move id="250" source="G7" target="G8"/>
  <move id="251" source="A8" target="A9"/>
  <move id="252" source="A9" target="B9"/>
  <move id="253" source="B7" target="B8"/>
  <move id="254" source="C8" target="B8"/>
  <move id="255" source="A2" target="A3"/>
  <move id="256" source="B9" target="C9"/>
  <move id="257" source="A3" target="A4"/>
  <move id="258" source="A:" target="A9"/>
  <move id="259" source="A4" target="A5"/>
  <move id="260" source="A9" target="A8"/>
  <move id="261" source="A5" target="A6"/>
  <move id="262" source="A8" target="A7"/>
  <move id="263" source="A6" target="A7"/>
  <move id="264" source="A7" target="B7"/>
  <player id="1">Player 1</player>
  <player id="2">Player 2</player>
  <result type="3" winner="2"/>
 </game>
</stratego>