<?xml version="1.0" encoding="UTF-8"?>
<stratego>
 <game type="classic">
  
  <field content="FEEHDBMBDEBHICJDBJGEFFDKHDLGDHBBGIDFIEGDAA__AA__AAAA__AA__AAPTRNPTQURTSVPPTPQVPPNPSOWSUXSQNQNNQRYRNU"/>
  <move id="1" source="E4" target="E7"/>
  <move id="2" source="A7" target="A4"/>
  <move id="3" source="K4" target="K7"/>
  <move id="4" source="I7" target="I6"/>
  <move id="5" source="F4" target="F5"/>
  <move id="6" source="I6" target="I5"/>
  <move id="7" source="F5" target="F6"/>
  <move id="8" source="I5" target="I4"/>
  <move id="9" source="F6" target="F7"/>
  <move id="10" source="H7" target="I7"/>
  <move id="11" source="I4" target="K4"/>
  <move id="12" source="I7" target="I6"/>
  <move id="13" source="I3" target="I6"/>
  <move id="14" source="I6" target="I7"/>
  <move id="15" source="G4" target="F4"/>
  <move id="16" source="I7" target="H7"/>
  <move id="17" source="G3" target="G4"/>
  <move id="18" source="I8" target="I7"/>
  <move id="19" source="K4" target="I4"/>
  <move id="20" source="I7" target="I6"/>
  <move id="21" source="I4" target="I5"/>
  <move id="22" source="I6" target="I7"/>
  <move id="23" source="F4" target="F5"/>
  <move id="24" source="I7" target="I8"/>
  <move id="25" source="F5" target="F6"/>
  <move id="26" source="K7" target="K6"/>
  <move id="27" source="K3" target="K4"/>
  <move id="28" source="K6" target="I6"/>
  <move id="29" source="I5" target="I4"/>
  <move id="30" source="K8" target="K4"/>
  <move id="31" source="K4" target="K5"/>
  <move id="32" source="H7" target="I7"/>
  <move id="33" source="H3" target="G3"/>
  <move id="34" source="I6" target="I5"/>
  <move id="35" source="K5" target="I5"/>
  <move id="36" source="I7" target="I6"/>
  <move id="37" source="H4" target="H3"/>
  <move id="38" source="I6" target="I5"/>
  <move id="39" source="G4" target="H4"/>
  <move id="40" source="I8" target="K8"/>
  <move id="41" source="I4" target="K4"/>
  <move id="42" source="I5" target="K5"/>
  <move id="43" source="F3" target="F4"/>
  <move id="44" source="K5" target="K4"/>
  <player id="1">Player 1</player>
  <player id="2">Player 2</player>
  <result type="3" winner="1"/>
 </game>
</stratego>