<?xml version="1.0" encoding="UTF-8"?>
<stratego>
 <game type="classic">
  
  <field content="FBEEBBEEBMBFFGGGDDEBIHGFDHJDHIDKCIDLHDJDAA__AA__AAAA__AA__AAXSUQRSWNRNPRQPUPPONTTUTSSVTNVNQPPPPQQRNY"/>
  <move id="1" source="E4" target="E6"/>
  <move id="2" source="E7" target="E6"/>
  <move id="3" source="K4" target="K6"/>
  <move id="4" source="B7" target="B6"/>
  <move id="5" source="B4" target="B5"/>
  <move id="6" source="C7" target="B7"/>
  <move id="7" source="A4" target="A6"/>
  <move id="8" source="B6" target="A6"/>
  <move id="9" source="A3" target="A4"/>
  <move id="10" source="B7" target="B6"/>
  <move id="11" source="B5" target="B6"/>
  <move id="12" source="A6" target="A5"/>
  <move id="13" source="A4" target="A5"/>
  <move id="14" source="F7" target="F6"/>
  <move id="15" source="B6" target="B5"/>
  <move id="16" source="A7" target="A6"/>
  <move id="17" source="E3" target="E4"/>
  <move id="18" source="A6" target="A5"/>
  <move id="19" source="C4" target="B4"/>
  <move id="20" source="A5" target="A6"/>
  <move id="21" source="B4" target="C4"/>
  <move id="22" source="A6" target="B6"/>
  <move id="23" source="B5" target="B4"/>
  <move id="24" source="B6" target="B5"/>
  <player id="1">Player 1</player>
  <player id="2">Player 2</player>
  <result type="11" winner="1"/>
 </game>
</stratego>