<?xml version="1.0" encoding="UTF-8"?>
<stratego>
 <game type="classic">
  
  <field content="MBEGIFBIFEBDFEEHIEFDDDCGDDHHBDGHLBGJJBDKAA__AA__AAAA__AA__AARVSTRSRTPPXSTSWVNPUPQNUONQUPNPPRPNYNQQTQ"/>
  <move id="1" source="K4" target="K5"/>
  <move id="2" source="F7" target="F6"/>
  <move id="3" source="K5" target="K6"/>
  <move id="4" source="F6" target="E6"/>
  <move id="5" source="K6" target="K7"/>
  <move id="6" source="F8" target="F7"/>
  <move id="7" source="K7" target="I7"/>
  <move id="8" source="K8" target="K3"/>
  <move id="9" source="I7" target="H7"/>
  <move id="10" source="A7" target="A6"/>
  <move id="11" source="B4" target="B5"/>
  <move id="12" source="A6" target="A5"/>
  <move id="13" source="B5" target="A5"/>
  <move id="14" source="B7" target="B6"/>
  <move id="15" source="A4" target="B4"/>
  <move id="16" source="B6" target="A6"/>
  <move id="17" source="B4" target="A4"/>
  <move id="18" source="A6" target="A5"/>
  <move id="19" source="C4" target="B4"/>
  <move id="20" source="C7" target="B7"/>
  <move id="21" source="F4" target="F5"/>
  <move id="22" source="B7" target="B6"/>
  <move id="23" source="F5" target="E5"/>
  <move id="24" source="B6" target="B5"/>
  <move id="25" source="F3" target="F7"/>
  <move id="26" source="B5" target="B4"/>
  <move id="27" source="B4" target="B5"/>
  <move id="28" source="A5" target="A6"/>
  <move id="29" source="B5" target="B6"/>
  <move id="30" source="A6" target="A5"/>
  <move id="31" source="B6" target="A6"/>
  <move id="32" source="A5" target="A4"/>
  <move id="33" source="A6" target="A5"/>
  <move id="34" source="A4" target="A3"/>
  <move id="35" source="A5" target="A4"/>
  <move id="36" source="A3" target="B3"/>
  <move id="37" source="A4" target="A3"/>
  <move id="38" source="B3" target="B4"/>
  <move id="39" source="A3" target="B3"/>
  <move id="40" source="B4" target="C4"/>
  <move id="41" source="B3" target="B4"/>
  <move id="42" source="C4" target="D4"/>
  <move id="43" source="E5" target="E6"/>
  <move id="44" source="D7" target="C7"/>
  <move id="45" source="E6" target="F6"/>
  <move id="46" source="F7" target="F8"/>
  <move id="47" source="E3" target="F3"/>
  <move id="48" source="D8" target="D7"/>
  <move id="49" source="F6" target="E6"/>
  <move id="50" source="C7" target="B7"/>
  <move id="51" source="F3" target="F7"/>
  <move id="52" source="G7" target="F7"/>
  <move id="53" source="E6" target="F6"/>
  <move id="54" source="B7" target="B6"/>
  <move id="55" source="F6" target="F7"/>
  <move id="56" source="F8" target="F7"/>
  <move id="57" source="I4" target="I8"/>
  <move id="58" source="E8" target="F8"/>
  <move id="59" source="K2" target="K9"/>
  <move id="60" source="F8" target="F7"/>
  <move id="61" source="H7" target="I7"/>
  <move id="62" source="F7" target="F6"/>
  <move id="63" source="I7" target="I8"/>
  <move id="64" source="E7" target="E6"/>
  <move id="65" source="G4" target="F4"/>
  <move id="66" source="E6" target="E5"/>
  <move id="67" source="F4" target="F5"/>
  <move id="68" source="F6" target="E6"/>
  <move id="69" source="F5" target="E5"/>
  <move id="70" source="E6" target="E5"/>
  <move id="71" source="I8" target="H8"/>
  <move id="72" source="D7" target="E7"/>
  <move id="73" source="H8" target="G8"/>
  <move id="74" source="E7" target="E6"/>
  <move id="75" source="D3" target="E3"/>
  <move id="76" source="E6" target="F6"/>
  <move id="77" source="E3" target="F3"/>
  <move id="78" source="F6" target="F5"/>
  <move id="79" source="C3" target="C4"/>
  <move id="80" source="F5" target="F4"/>
  <move id="81" source="B4" target="B3"/>
  <move id="82" source="F4" target="E4"/>
  <move id="83" source="B3" target="C3"/>
  <move id="84" source="A8" target="A7"/>
  <move id="85" source="C3" target="D3"/>
  <move id="86" source="C8" target="D8"/>
  <move id="87" source="G3" target="G4"/>
  <move id="88" source="D8" target="E8"/>
  <move id="89" source="D3" target="E3"/>
  <move id="90" source="E8" target="E7"/>
  <move id="91" source="F3" target="G3"/>
  <move id="92" source="E7" target="E6"/>
  <move id="93" source="C4" target="C3"/>
  <move id="94" source="E6" target="F6"/>
  <move id="95" source="G4" target="F4"/>
  <move id="96" source="F6" target="F5"/>
  <move id="97" source="F4" target="F5"/>
  <move id="98" source="H9" target="H8"/>
  <move id="99" source="E3" target="E4"/>
  <move id="100" source="E5" target="E6"/>
  <move id="101" source="C3" target="D3"/>
  <move id="102" source="H8" target="H7"/>
  <move id="103" source="D3" target="E3"/>
  <move id="104" source="H7" target="F7"/>
  <move id="105" source="F2" target="F3"/>
  <move id="106" source="F7" target="F5"/>
  <move id="107" source="F3" target="F4"/>
  <move id="108" source="F5" target="E5"/>
  <move id="109" source="F4" target="F5"/>
  <move id="110" source="E5" target="E4"/>
  <move id="111" source="E4" target="E5"/>
  <move id="112" source="E6" target="E7"/>
  <move id="113" source="E5" target="E6"/>
  <move id="114" source="E7" target="E8"/>
  <move id="115" source="E6" target="E7"/>
  <move id="116" source="E8" target="D8"/>
  <move id="117" source="E7" target="D7"/>
  <move id="118" source="D8" target="E8"/>
  <move id="119" source="D7" target="E7"/>
  <move id="120" source="E8" target="D8"/>
  <move id="121" source="E7" target="D7"/>
  <move id="122" source="D8" target="C8"/>
  <move id="123" source="D7" target="C7"/>
  <move id="124" source="C8" target="D8"/>
  <move id="125" source="C7" target="D7"/>
  <move id="126" source="D8" target="E8"/>
  <move id="127" source="D7" target="C7"/>
  <move id="128" source="B6" target="B5"/>
  <move id="129" source="B2" target="B5"/>
  <move id="130" source="B5" target="B4"/>
  <move id="131" source="C2" target="B2"/>
  <move id="132" source="B4" target="A4"/>
  <move id="133" source="C7" target="D7"/>
  <move id="134" source="A4" target="A3"/>
  <move id="135" source="D7" target="E7"/>
  <move id="136" source="E8" target="D8"/>
  <move id="137" source="E7" target="D7"/>
  <move id="138" source="D8" target="C8"/>
  <move id="139" source="D7" target="D8"/>
  <move id="140" source="D9" target="D8"/>
  <move id="141" source="K1" target="K2"/>
  <move id="142" source="B8" target="B7"/>
  <move id="143" source="K2" target="K3"/>
  <move id="144" source="D8" target="D7"/>
  <move id="145" source="K3" target="K4"/>
  <move id="146" source="D7" target="E7"/>
  <move id="147" source="K4" target="K5"/>
  <move id="148" source="E7" target="E6"/>
  <move id="149" source="K5" target="K6"/>
  <move id="150" source="E6" target="E5"/>
  <move id="151" source="K6" target="K7"/>
  <move id="152" source="E5" target="F5"/>
  <move id="153" source="K7" target="K8"/>
  <move id="154" source="K:" target="K9"/>
  <move id="155" source="K8" target="I8"/>
  <move id="156" source="H:" target="H9"/>
  <move id="157" source="I8" target="I9"/>
  <move id="158" source="I:" target="I9"/>
  <move id="159" source="C1" target="C2"/>
  <move id="160" source="C8" target="B8"/>
  <move id="161" source="C2" target="C3"/>
  <move id="162" source="B7" target="B6"/>
  <move id="163" source="C3" target="C4"/>
  <move id="164" source="B8" target="B7"/>
  <move id="165" source="C4" target="B4"/>
  <move id="166" source="B6" target="B5"/>
  <move id="167" source="B4" target="B5"/>
  <move id="168" source="A9" target="A8"/>
  <move id="169" source="F5" target="F6"/>
  <move id="170" source="B7" target="B6"/>
  <move id="171" source="F6" target="F7"/>
  <move id="172" source="A7" target="B7"/>
  <move id="173" source="F7" target="E7"/>
  <move id="174" source="A8" target="A7"/>
  <move id="175" source="E7" target="E8"/>
  <move id="176" source="A7" target="A6"/>
  <move id="177" source="E8" target="E9"/>
  <move id="178" source="A6" target="A5"/>
  <move id="179" source="E3" target="F3"/>
  <move id="180" source="B5" target="B4"/>
  <move id="181" source="E2" target="E3"/>
  <move id="182" source="B6" target="B5"/>
  <move id="183" source="E3" target="E4"/>
  <move id="184" source="B7" target="B6"/>
  <move id="185" source="E4" target="E5"/>
  <move id="186" source="A5" target="A4"/>
  <move id="187" source="E5" target="E6"/>
  <move id="188" source="C9" target="D9"/>
  <move id="189" source="E6" target="E7"/>
  <move id="190" source="D9" target="D8"/>
  <move id="191" source="G2" target="F2"/>
  <move id="192" source="B4" target="B3"/>
  <move id="193" source="F2" target="E2"/>
  <move id="194" source="A3" target="A2"/>
  <move id="195" source="E2" target="E3"/>
  <move id="196" source="A4" target="A3"/>
  <move id="197" source="E3" target="E4"/>
  <move id="198" source="B5" target="B4"/>
  <move id="199" source="E4" target="E5"/>
  <move id="200" source="A3" target="A2"/>
  <move id="201" source="B2" target="A2"/>
  <move id="202" source="B3" target="B2"/>
  <move id="203" source="E5" target="E6"/>
  <move id="204" source="B2" target="A2"/>
  <move id="205" source="E7" target="E8"/>
  <move id="206" source="D8" target="E8"/>
  <move id="207" source="E6" target="E7"/>
  <move id="208" source="E8" target="D8"/>
  <move id="209" source="E7" target="E8"/>
  <move id="210" source="A2" target="A1"/>
  <player id="1">Player 1</player>
  <player id="2">Player 2</player>
  <result type="1" winner="2"/>
 </game>
</stratego>