<?xml version="1.0" encoding="UTF-8"?>
<stratego>
 <game type="classic">
  
  <field content="FGEBFMBHGHDEIBHFBGFDGDEBJEBDDEDIJLDICKHDAA__AA__AAAA__AA__AATPQPPRTSPRPWNQTPXQNVVOQURNSNQSSTPRNYUNUP"/>
  <move id="1" source="E4" target="E7"/>
  <move id="2" source="D7" target="E7"/>
  <move id="3" source="K4" target="K7"/>
  <move id="4" source="I7" target="I4"/>
  <move id="5" source="A4" target="A7"/>
  <move id="6" source="K7" target="I7"/>
  <move id="7" source="I4" target="I5"/>
  <move id="8" source="K8" target="K7"/>
  <move id="9" source="I5" target="I6"/>
  <move id="10" source="A7" target="A6"/>
  <move id="11" source="I3" target="I4"/>
  <move id="12" source="A6" target="A5"/>
  <move id="13" source="I4" target="K4"/>
  <move id="14" source="B7" target="B4"/>
  <move id="15" source="B4" target="B5"/>
  <move id="16" source="A5" target="A4"/>
  <move id="17" source="K4" target="K7"/>
  <move id="18" source="A4" target="A3"/>
  <move id="19" source="H4" target="I4"/>
  <move id="20" source="A3" target="B3"/>
  <move id="21" source="I4" target="K4"/>
  <move id="22" source="A8" target="A2"/>
  <move id="23" source="K4" target="K5"/>
  <move id="24" source="I7" target="I6"/>
  <move id="25" source="K5" target="K6"/>
  <move id="26" source="K7" target="I7"/>
  <move id="27" source="I6" target="I5"/>
  <move id="28" source="B3" target="B2"/>
  <move id="29" source="C2" target="B2"/>
  <move id="30" source="B8" target="B7"/>
  <move id="31" source="K6" target="I6"/>
  <move id="32" source="I7" target="K7"/>
  <move id="33" source="F4" target="F5"/>
  <move id="34" source="B7" target="B6"/>
  <move id="35" source="B5" target="A5"/>
  <move id="36" source="B6" target="B5"/>
  <move id="37" source="A5" target="A6"/>
  <move id="38" source="B5" target="B4"/>
  <move id="39" source="C4" target="B4"/>
  <move id="40" source="B4" target="B3"/>
  <move id="41" source="B2" target="C2"/>
  <move id="42" source="B3" target="B2"/>
  <move id="43" source="D4" target="C4"/>
  <move id="44" source="B2" target="C2"/>
  <move id="45" source="C4" target="B4"/>
  <move id="46" source="A9" target="A8"/>
  <move id="47" source="B4" target="B3"/>
  <move id="48" source="A8" target="A7"/>
  <move id="49" source="B3" target="B2"/>
  <move id="50" source="C2" target="C1"/>
  <move id="51" source="A1" target="A2"/>
  <move id="52" source="A7" target="A6"/>
  <move id="53" source="A2" target="A3"/>
  <move id="54" source="A6" target="A5"/>
  <move id="55" source="B1" target="A1"/>
  <move id="56" source="C1" target="B1"/>
  <move id="57" source="B2" target="B1"/>
  <move id="58" source="A5" target="A4"/>
  <move id="59" source="A3" target="A2"/>
  <move id="60" source="A4" target="B4"/>
  <move id="61" source="B1" target="B2"/>
  <move id="62" source="B4" target="C4"/>
  <move id="63" source="B2" target="B3"/>
  <move id="64" source="C4" target="D4"/>
  <move id="65" source="B3" target="B4"/>
  <move id="66" source="E7" target="E3"/>
  <move id="67" source="B4" target="C4"/>
  <move id="68" source="D4" target="E4"/>
  <move id="69" source="E3" target="E4"/>
  <move id="70" source="A:" target="A9"/>
  <move id="71" source="I5" target="K5"/>
  <move id="72" source="A9" target="A8"/>
  <move id="73" source="G4" target="H4"/>
  <move id="74" source="B9" target="B8"/>
  <move id="75" source="H4" target="I4"/>
  <move id="76" source="A8" target="A7"/>
  <move id="77" source="I4" target="I5"/>
  <move id="78" source="A7" target="A6"/>
  <move id="79" source="C4" target="B4"/>
  <move id="80" source="B8" target="B7"/>
  <move id="81" source="A2" target="A3"/>
  <move id="82" source="A6" target="B6"/>
  <move id="83" source="K5" target="K4"/>
  <move id="84" source="B:" target="B9"/>
  <move id="85" source="I5" target="K5"/>
  <move id="86" source="C:" target="A:"/>
  <move id="87" source="I6" target="K6"/>
  <move id="88" source="K7" target="I7"/>
  <move id="89" source="H3" target="H4"/>
  <move id="90" source="A:" target="A3"/>
  <move id="91" source="H4" target="E4"/>
  <move id="92" source="B9" target="B8"/>
  <move id="93" source="E4" target="E8"/>
  <move id="94" source="B8" target="A8"/>
  <move id="95" source="F5" target="F6"/>
  <move id="96" source="A8" target="A7"/>
  <move id="97" source="A3" target="B3"/>
  <move id="98" source="C9" target="C:"/>
  <move id="99" source="A1" target="A2"/>
  <move id="100" source="D9" target="C9"/>
  <move id="101" source="B3" target="B2"/>
  <move id="102" source="E8" target="E7"/>
  <move id="103" source="A2" target="A3"/>
  <move id="104" source="E7" target="E6"/>
  <move id="105" source="F6" target="E6"/>
  <move id="106" source="C9" target="B9"/>
  <move id="107" source="I2" target="I3"/>
  <move id="108" source="B9" target="B8"/>
  <move id="109" source="I3" target="I4"/>
  <move id="110" source="B8" target="A8"/>
  <move id="111" source="I4" target="H4"/>
  <move id="112" source="A7" target="A6"/>
  <move id="113" source="H4" target="G4"/>
  <move id="114" source="A8" target="A7"/>
  <move id="115" source="G4" target="F4"/>
  <move id="116" source="F8" target="E8"/>
  <move id="117" source="F4" target="F5"/>
  <move id="118" source="G8" target="F8"/>
  <move id="119" source="F5" target="F6"/>
  <move id="120" source="D:" target="D9"/>
  <move id="121" source="F6" target="F7"/>
  <move id="122" source="F8" target="F7"/>
  <move id="123" source="K4" target="I4"/>
  <move id="124" source="E8" target="E7"/>
  <move id="125" source="I4" target="I3"/>
  <move id="126" source="E7" target="D7"/>
  <move id="127" source="I3" target="H3"/>
  <move id="128" source="F7" target="E7"/>
  <move id="129" source="E6" target="E5"/>
  <move id="130" source="G7" target="F7"/>
  <move id="131" source="K2" target="I2"/>
  <move id="132" source="F7" target="F6"/>
  <move id="133" source="B4" target="C4"/>
  <move id="134" source="A6" target="A5"/>
  <move id="135" source="A3" target="B3"/>
  <move id="136" source="B6" target="B5"/>
  <move id="137" source="B3" target="B4"/>
  <move id="138" source="B5" target="B6"/>
  <move id="139" source="K5" target="K4"/>
  <move id="140" source="A7" target="A6"/>
  <move id="141" source="B4" target="B3"/>
  <move id="142" source="E7" target="E6"/>
  <move id="143" source="K4" target="I4"/>
  <move id="144" source="E6" target="E5"/>
  <move id="145" source="I4" target="H4"/>
  <move id="146" source="F6" target="F5"/>
  <move id="147" source="C4" target="D4"/>
  <move id="148" source="E5" target="E4"/>
  <move id="149" source="D4" target="E4"/>
  <move id="150" source="F5" target="F4"/>
  <move id="151" source="E2" target="E3"/>
  <move id="152" source="F4" target="G4"/>
  <move id="153" source="K6" target="K5"/>
  <move id="154" source="G4" target="G3"/>
  <move id="155" source="K3" target="I3"/>
  <move id="156" source="D7" target="E7"/>
  <move id="157" source="K5" target="I5"/>
  <move id="158" source="E7" target="E3"/>
  <move id="159" source="I2" target="K2"/>
  <move id="160" source="A5" target="A4"/>
  <move id="161" source="K2" target="K9"/>
  <move id="162" source="A6" target="A5"/>
  <move id="163" source="I5" target="I6"/>
  <move id="164" source="I7" target="K7"/>
  <move id="165" source="K1" target="K2"/>
  <move id="166" source="A5" target="B5"/>
  <move id="167" source="C3" target="C4"/>
  <move id="168" source="B5" target="B4"/>
  <move id="169" source="C4" target="D4"/>
  <move id="170" source="B4" target="B3"/>
  <move id="171" source="B2" target="A2"/>
  <move id="172" source="B3" target="C3"/>
  <move id="173" source="A2" target="A3"/>
  <move id="174" source="C3" target="C4"/>
  <move id="175" source="D4" target="E4"/>
  <move id="176" source="C4" target="D4"/>
  <move id="177" source="I6" target="I5"/>
  <move id="178" source="D4" target="E4"/>
  <move id="179" source="H4" target="G4"/>
  <move id="180" source="E4" target="E3"/>
  <move id="181" source="G4" target="F4"/>
  <move id="182" source="D8" target="E8"/>
  <move id="183" source="F4" target="F5"/>
  <move id="184" source="E8" target="E7"/>
  <move id="185" source="I5" target="I4"/>
  <move id="186" source="E3" target="E4"/>
  <move id="187" source="I4" target="H4"/>
  <move id="188" source="E4" target="E3"/>
  <move id="189" source="H4" target="G4"/>
  <move id="190" source="E3" target="E2"/>
  <move id="191" source="G4" target="F4"/>
  <move id="192" source="E2" target="E1"/>
  <move id="193" source="F4" target="E4"/>
  <move id="194" source="K7" target="I7"/>
  <move id="195" source="E4" target="E3"/>
  <move id="196" source="I7" target="I6"/>
  <move id="197" source="E3" target="E2"/>
  <move id="198" source="E1" target="F1"/>
  <player id="1">Player 1</player>
  <player id="2">Player 2</player>
  <result type="1" winner="2"/>
 </game>
</stratego>