<?xml version="1.0" encoding="UTF-8"?>
<stratego>
 <game type="classic">
  
  <field content="GDDHEDEDBMHEEHIKGGIBFFJIDDJCFFBBEDGHLDBBAA__AA__AAAA__AA__AATSUUSPPTPRWPPXPTQPPSQTOVUSNQNQQVNYNRNRNR"/>
  <move id="1" source="F4" target="F5"/>
  <move id="2" source="B7" target="B6"/>
  <move id="3" source="E4" target="E5"/>
  <move id="4" source="B6" target="B5"/>
  <move id="5" source="E5" target="E6"/>
  <move id="6" source="B8" target="B7"/>
  <move id="7" source="E6" target="E7"/>
  <move id="8" source="B7" target="B6"/>
  <move id="9" source="E3" target="E8"/>
  <move id="10" source="B6" target="A6"/>
  <move id="11" source="D4" target="E4"/>
  <move id="12" source="A6" target="A5"/>
  <move id="13" source="E4" target="E9"/>
  <move id="14" source="A5" target="A4"/>
  <move id="15" source="F5" target="F6"/>
  <move id="16" source="C8" target="B8"/>
  <move id="17" source="F6" target="F7"/>
  <move id="18" source="F8" target="F7"/>
  <move id="19" source="F3" target="F9"/>
  <move id="20" source="B5" target="A5"/>
  <move id="21" source="F2" target="F3"/>
  <move id="22" source="B8" target="B4"/>
  <move id="23" source="F3" target="F4"/>
  <move id="24" source="E9" target="E8"/>
  <move id="25" source="F4" target="E4"/>
  <move id="26" source="A8" target="B8"/>
  <move id="27" source="G4" target="F4"/>
  <move id="28" source="B8" target="C8"/>
  <move id="29" source="G3" target="F3"/>
  <move id="30" source="E8" target="E9"/>
  <move id="31" source="H3" target="G3"/>
  <move id="32" source="A9" target="A8"/>
  <move id="33" source="F4" target="F5"/>
  <move id="34" source="A8" target="B8"/>
  <move id="35" source="G3" target="G4"/>
  <move id="36" source="B8" target="B7"/>
  <move id="37" source="E4" target="E5"/>
  <move id="38" source="B7" target="B6"/>
  <move id="39" source="F3" target="E3"/>
  <move id="40" source="B6" target="B5"/>
  <move id="41" source="E3" target="E4"/>
  <move id="42" source="A7" target="A6"/>
  <move id="43" source="G4" target="F4"/>
  <move id="44" source="A6" target="B6"/>
  <move id="45" source="F5" target="F6"/>
  <move id="46" source="A5" target="A6"/>
  <move id="47" source="F4" target="F5"/>
  <move id="48" source="A6" target="A7"/>
  <move id="49" source="F6" target="F7"/>
  <move id="50" source="D7" target="E7"/>
  <move id="51" source="E5" target="E6"/>
  <move id="52" source="E7" target="F7"/>
  <move id="53" source="E6" target="F6"/>
  <move id="54" source="B5" target="A5"/>
  <move id="55" source="E4" target="E5"/>
  <move id="56" source="B6" target="B5"/>
  <move id="57" source="D3" target="D4"/>
  <move id="58" source="C8" target="B8"/>
  <move id="59" source="E5" target="E4"/>
  <move id="60" source="B8" target="B7"/>
  <move id="61" source="E4" target="F4"/>
  <move id="62" source="B7" target="B6"/>
  <move id="63" source="D4" target="E4"/>
  <move id="64" source="B6" target="A6"/>
  <move id="65" source="E4" target="E5"/>
  <move id="66" source="A5" target="A4"/>
  <move id="67" source="A3" target="A4"/>
  <move id="68" source="A6" target="B6"/>
  <move id="69" source="F7" target="F8"/>
  <move id="70" source="A7" target="A6"/>
  <move id="71" source="B3" target="A3"/>
  <move id="72" source="A6" target="A5"/>
  <move id="73" source="C3" target="B3"/>
  <move id="74" source="A5" target="A4"/>
  <move id="75" source="F1" target="F3"/>
  <move id="76" source="A4" target="A3"/>
  <move id="77" source="A2" target="A3"/>
  <move id="78" source="B6" target="A6"/>
  <move id="79" source="E5" target="E6"/>
  <move id="80" source="A6" target="A5"/>
  <move id="81" source="F3" target="E3"/>
  <move id="82" source="A5" target="A4"/>
  <move id="83" source="E3" target="E4"/>
  <move id="84" source="A4" target="A3"/>
  <move id="85" source="F8" target="F7"/>
  <move id="86" source="A3" target="B3"/>
  <move id="87" source="E6" target="E7"/>
  <move id="88" source="B3" target="C3"/>
  <move id="89" source="E7" target="D7"/>
  <move id="90" source="D8" target="E8"/>
  <move id="91" source="F7" target="E7"/>
  <move id="92" source="C3" target="D3"/>
  <move id="93" source="E7" target="E6"/>
  <move id="94" source="D3" target="E3"/>
  <move id="95" source="E6" target="E5"/>
  <move id="96" source="E3" target="F3"/>
  <move id="97" source="E4" target="D4"/>
  <move id="98" source="F3" target="F4"/>
  <move id="99" source="F6" target="E6"/>
  <move id="100" source="B5" target="B6"/>
  <move id="101" source="E6" target="F6"/>
  <move id="102" source="B6" target="B7"/>
  <move id="103" source="D7" target="E7"/>
  <move id="104" source="E8" target="E7"/>
  <move id="105" source="E2" target="E3"/>
  <move id="106" source="G7" target="F7"/>
  <move id="107" source="E3" target="D3"/>
  <move id="108" source="F7" target="F6"/>
  <move id="109" source="D3" target="C3"/>
  <move id="110" source="D9" target="D8"/>
  <move id="111" source="C3" target="B3"/>
  <move id="112" source="D8" target="C8"/>
  <move id="113" source="B3" target="A3"/>
  <move id="114" source="C8" target="B8"/>
  <move id="115" source="A3" target="A4"/>
  <move id="116" source="B8" target="A8"/>
  <move id="117" source="A4" target="A5"/>
  <move id="118" source="A8" target="A7"/>
  <move id="119" source="A5" target="B5"/>
  <move id="120" source="A7" target="A6"/>
  <move id="121" source="B5" target="B6"/>
  <move id="122" source="A6" target="B6"/>
  <move id="123" source="D4" target="E4"/>
  <move id="124" source="B9" target="A9"/>
  <move id="125" source="E4" target="E3"/>
  <move id="126" source="B7" target="A7"/>
  <move id="127" source="E3" target="A3"/>
  <move id="128" source="B6" target="B7"/>
  <move id="129" source="A3" target="A7"/>
  <move id="130" source="B7" target="B8"/>
  <move id="131" source="H4" target="H3"/>
  <move id="132" source="B8" target="C8"/>
  <move id="133" source="D2" target="D3"/>
  <move id="134" source="C8" target="D8"/>
  <move id="135" source="D3" target="C3"/>
  <move id="136" source="D8" target="E8"/>
  <move id="137" source="C3" target="B3"/>
  <move id="138" source="B:" target="B9"/>
  <move id="139" source="B3" target="A3"/>
  <move id="140" source="B9" target="B8"/>
  <move id="141" source="A3" target="A4"/>
  <move id="142" source="B8" target="B7"/>
  <move id="143" source="A4" target="A5"/>
  <move id="144" source="B7" target="B6"/>
  <move id="145" source="A5" target="A6"/>
  <move id="146" source="B6" target="A6"/>
  <move id="147" source="E5" target="E4"/>
  <move id="148" source="F4" target="F5"/>
  <move id="149" source="F6" target="F5"/>
  <move id="150" source="C9" target="C8"/>
  <move id="151" source="E4" target="E3"/>
  <move id="152" source="C8" target="B8"/>
  <move id="153" source="E3" target="D3"/>
  <move id="154" source="B8" target="B7"/>
  <move id="155" source="D3" target="C3"/>
  <move id="156" source="B7" target="B6"/>
  <move id="157" source="C3" target="B3"/>
  <move id="158" source="B6" target="B5"/>
  <move id="159" source="B3" target="A3"/>
  <move id="160" source="E7" target="E6"/>
  <move id="161" source="C2" target="C3"/>
  <move id="162" source="E6" target="E5"/>
  <move id="163" source="B2" target="B3"/>
  <move id="164" source="E5" target="E4"/>
  <move id="165" source="A3" target="A2"/>
  <move id="166" source="E4" target="D4"/>
  <move id="167" source="A2" target="B2"/>
  <move id="168" source="D4" target="D3"/>
  <move id="169" source="B2" target="C2"/>
  <move id="170" source="D3" target="D2"/>
  <move id="171" source="C2" target="D2"/>
  <move id="172" source="E8" target="E7"/>
  <move id="173" source="H3" target="F3"/>
  <move id="174" source="E7" target="E6"/>
  <move id="175" source="F3" target="F9"/>
  <move id="176" source="E6" target="E5"/>
  <move id="177" source="C1" target="C2"/>
  <move id="178" source="E5" target="E4"/>
  <move id="179" source="C2" target="F2"/>
  <move id="180" source="E4" target="E3"/>
  <move id="181" source="F2" target="F7"/>
  <move id="182" source="F9" target="F8"/>
  <move id="183" source="F7" target="E7"/>
  <move id="184" source="F8" target="F7"/>
  <move id="185" source="E7" target="E9"/>
  <move id="186" source="F7" target="F6"/>
  <move id="187" source="B1" target="B2"/>
  <move id="188" source="A6" target="A5"/>
  <move id="189" source="B2" target="D2"/>
  <move id="190" source="F6" target="F5"/>
  <move id="191" source="D2" target="D4"/>
  <move id="192" source="F5" target="F4"/>
  <move id="193" source="G2" target="G3"/>
  <move id="194" source="C7" target="D7"/>
  <move id="195" source="H2" target="H3"/>
  <move id="196" source="E3" target="D3"/>
  <move id="197" source="I2" target="H2"/>
  <move id="198" source="D3" target="D4"/>
  <move id="199" source="H2" target="G2"/>
  <move id="200" source="D4" target="E4"/>
  <move id="201" source="G2" target="F2"/>
  <move id="202" source="E4" target="E3"/>
  <move id="203" source="G3" target="G4"/>
  <move id="204" source="D7" target="E7"/>
  <move id="205" source="F2" target="G2"/>
  <move id="206" source="E7" target="E6"/>
  <move id="207" source="G2" target="G3"/>
  <move id="208" source="E6" target="E5"/>
  <move id="209" source="G4" target="H4"/>
  <move id="210" source="E5" target="F5"/>
  <move id="211" source="G3" target="G4"/>
  <move id="212" source="F4" target="E4"/>
  <move id="213" source="G4" target="F4"/>
  <move id="214" source="F5" target="F4"/>
  <move id="215" source="G1" target="G2"/>
  <move id="216" source="E9" target="E8"/>
  <move id="217" source="H1" target="F1"/>
  <move id="218" source="A7" target="B7"/>
  <move id="219" source="F1" target="F7"/>
  <move id="220" source="B7" target="B8"/>
  <move id="221" source="F7" target="D7"/>
  <move id="222" source="E8" target="D8"/>
  <move id="223" source="D7" target="F7"/>
  <move id="224" source="G8" target="F8"/>
  <move id="225" source="F7" target="C7"/>
  <move id="226" source="B8" target="C8"/>
  <move id="227" source="C7" target="B7"/>
  <move id="228" source="D8" target="D7"/>
  <move id="229" source="B7" target="B9"/>
  <move id="230" source="A9" target="B9"/>
  <player id="1">Player 1</player>
  <player id="2">Player 2</player>
  <result type="3" winner="2"/>
 </game>
</stratego>