<?xml version="1.0" encoding="UTF-8"?>
<stratego>
 <game type="classic">
  
  <field content="HFBFGFDBGBEBMBEBIEDEGJLCIDJKGDIFEHDHDDDHAA__AA__AAAA__AA__AATRNOWVXQRTPVSNQRTPPUPSNYNUPQTQSPUNRQNPSP"/>
  <move id="1" source="A4" target="A5"/>
  <move id="2" source="K7" target="K6"/>
  <move id="3" source="A5" target="A6"/>
  <move id="4" source="K6" target="K5"/>
  <move id="5" source="A6" target="A7"/>
  <move id="6" source="K5" target="K4"/>
  <move id="7" source="A7" target="B7"/>
  <move id="8" source="B8" target="B7"/>
  <move id="9" source="B4" target="B5"/>
  <move id="10" source="A8" target="A3"/>
  <move id="11" source="B5" target="B6"/>
  <move id="12" source="B7" target="A7"/>
  <move id="13" source="B6" target="A6"/>
  <move id="14" source="A7" target="A8"/>
  <move id="15" source="A6" target="A7"/>
  <move id="16" source="A8" target="B8"/>
  <move id="17" source="A7" target="B7"/>
  <move id="18" source="B8" target="A8"/>
  <move id="19" source="B7" target="C7"/>
  <move id="20" source="K8" target="K7"/>
  <move id="21" source="C4" target="B4"/>
  <move id="22" source="A8" target="A7"/>
  <move id="23" source="C3" target="C4"/>
  <move id="24" source="A7" target="A6"/>
  <move id="25" source="B4" target="A4"/>
  <move id="26" source="A6" target="A5"/>
  <move id="27" source="C4" target="B4"/>
  <move id="28" source="K7" target="K6"/>
  <move id="29" source="B4" target="B5"/>
  <move id="30" source="A5" target="A4"/>
  <move id="31" source="B5" target="B6"/>
  <move id="32" source="A4" target="A3"/>
  <move id="33" source="B6" target="B7"/>
  <move id="34" source="A3" target="A4"/>
  <move id="35" source="B7" target="B8"/>
  <move id="36" source="A4" target="B4"/>
  <move id="37" source="E4" target="E7"/>
  <move id="38" source="A9" target="A2"/>
  <move id="39" source="B3" target="B4"/>
  <move id="40" source="B9" target="B8"/>
  <move id="41" source="B8" target="C8"/>
  <move id="42" source="K6" target="K5"/>
  <move id="43" source="C8" target="D8"/>
  <player id="1">Player 1</player>
  <player id="2">Player 2</player>
  <result type="3" winner="2"/>
 </game>
</stratego>