<?xml version="1.0" encoding="UTF-8"?>
<stratego>
 <game type="classic">
  
  <field content="DDDDEBFMIDHEHDIBGJEEJECFFIBHLFGDKHBBGBDGAA__AA__AAAA__AA__AANUXRTWONRUSPPPSRNSVPNRNPUSQPTVYNTQPQTQPQ"/>
  <move id="1" source="B4" target="B5"/>
  <move id="2" source="E7" target="E6"/>
  <move id="3" source="I4" target="I5"/>
  <move id="4" source="E6" target="F6"/>
  <move id="5" source="K4" target="K5"/>
  <move id="6" source="D7" target="E7"/>
  <move id="7" source="I3" target="I4"/>
  <move id="8" source="E7" target="E6"/>
  <move id="9" source="A4" target="A5"/>
  <move id="10" source="D8" target="D7"/>
  <move id="11" source="A3" target="A4"/>
  <move id="12" source="D7" target="E7"/>
  <move id="13" source="K3" target="K4"/>
  <move id="14" source="B7" target="B6"/>
  <move id="15" source="B5" target="B4"/>
  <move id="16" source="C7" target="B7"/>
  <move id="17" source="K5" target="K6"/>
  <move id="18" source="K7" target="K6"/>
  <move id="19" source="I5" target="K5"/>
  <move id="20" source="K6" target="K7"/>
  <move id="21" source="I4" target="I5"/>
  <move id="22" source="I7" target="I6"/>
  <move id="23" source="I5" target="I6"/>
  <move id="24" source="B6" target="A6"/>
  <move id="25" source="I6" target="K6"/>
  <move id="26" source="K7" target="I7"/>
  <move id="27" source="I2" target="I3"/>
  <move id="28" source="A6" target="A5"/>
  <move id="29" source="A4" target="A5"/>
  <move id="30" source="B7" target="B6"/>
  <move id="31" source="I3" target="K3"/>
  <move id="32" source="B6" target="A6"/>
  <move id="33" source="A5" target="B5"/>
  <move id="34" source="A6" target="B6"/>
  <move id="35" source="B5" target="A5"/>
  <move id="36" source="B6" target="B5"/>
  <move id="37" source="A5" target="A4"/>
  <move id="38" source="B5" target="A5"/>
  <move id="39" source="A4" target="A3"/>
  <move id="40" source="B8" target="B4"/>
  <move id="41" source="B3" target="B4"/>
  <move id="42" source="C8" target="B8"/>
  <move id="43" source="H2" target="I2"/>
  <move id="44" source="B8" target="B4"/>
  <move id="45" source="I2" target="I3"/>
  <move id="46" source="A5" target="A4"/>
  <move id="47" source="A3" target="B3"/>
  <move id="48" source="A4" target="A3"/>
  <move id="49" source="I3" target="I4"/>
  <move id="50" source="A3" target="B3"/>
  <move id="51" source="C3" target="B3"/>
  <move id="52" source="E7" target="D7"/>
  <move id="53" source="I4" target="I5"/>
  <move id="54" source="E6" target="E5"/>
  <move id="55" source="I5" target="I6"/>
  <move id="56" source="E5" target="E4"/>
  <move id="57" source="K6" target="K7"/>
  <move id="58" source="D7" target="E7"/>
  <move id="59" source="I6" target="I7"/>
  <move id="60" source="I8" target="I7"/>
  <move id="61" source="K5" target="I5"/>
  <move id="62" source="E7" target="E6"/>
  <move id="63" source="I5" target="I7"/>
  <move id="64" source="E6" target="E5"/>
  <move id="65" source="I7" target="H7"/>
  <move id="66" source="E5" target="F5"/>
  <move id="67" source="K3" target="I3"/>
  <move id="68" source="F5" target="F4"/>
  <move id="69" source="I3" target="I4"/>
  <move id="70" source="F7" target="E7"/>
  <move id="71" source="I4" target="I5"/>
  <move id="72" source="E7" target="D7"/>
  <move id="73" source="I5" target="I6"/>
  <move id="74" source="D7" target="C7"/>
  <move id="75" source="I6" target="I7"/>
  <move id="76" source="G7" target="F7"/>
  <move id="77" source="I7" target="H7"/>
  <move id="78" source="H8" target="H7"/>
  <move id="79" source="K7" target="I7"/>
  <move id="80" source="H7" target="G7"/>
  <move id="81" source="B4" target="A4"/>
  <move id="82" source="F7" target="E7"/>
  <move id="83" source="C4" target="B4"/>
  <move id="84" source="E7" target="E6"/>
  <move id="85" source="B4" target="B5"/>
  <move id="86" source="K8" target="K4"/>
  <move id="87" source="B5" target="B6"/>
  <move id="88" source="E8" target="D8"/>
  <move id="89" source="B6" target="B7"/>
  <move id="90" source="D8" target="C8"/>
  <move id="91" source="B3" target="B4"/>
  <move id="92" source="C7" target="B7"/>
  <move id="93" source="B4" target="B5"/>
  <move id="94" source="D9" target="D8"/>
  <move id="95" source="B5" target="B6"/>
  <move id="96" source="D8" target="D7"/>
  <move id="97" source="B6" target="B7"/>
  <move id="98" source="D7" target="C7"/>
  <move id="99" source="K4" target="I4"/>
  <move id="100" source="F8" target="E8"/>
  <move id="101" source="I4" target="I5"/>
  <move id="102" source="D:" target="D9"/>
  <move id="103" source="I5" target="I6"/>
  <move id="104" source="F9" target="F8"/>
  <move id="105" source="I1" target="I2"/>
  <move id="106" source="E8" target="D8"/>
  <move id="107" source="I2" target="I3"/>
  <move id="108" source="E9" target="E8"/>
  <move id="109" source="I3" target="I4"/>
  <move id="110" source="E8" target="E7"/>
  <move id="111" source="K2" target="I2"/>
  <move id="112" source="E7" target="D7"/>
  <move id="113" source="H3" target="I3"/>
  <move id="114" source="E6" target="E7"/>
  <move id="115" source="I3" target="K3"/>
  <move id="116" source="E7" target="E8"/>
  <move id="117" source="I7" target="K7"/>
  <move id="118" source="F:" target="F9"/>
  <move id="119" source="I6" target="I7"/>
  <move id="120" source="F8" target="F7"/>
  <move id="121" source="I7" target="I8"/>
  <move id="122" source="F9" target="F8"/>
  <move id="123" source="I8" target="K8"/>
  <move id="124" source="E8" target="E9"/>
  <move id="125" source="K8" target="K9"/>
  <move id="126" source="E9" target="F9"/>
  <move id="127" source="I4" target="I5"/>
  <move id="128" source="K9" target="K8"/>
  <move id="129" source="K7" target="K8"/>
  <player id="1">Player 1</player>
  <player id="2">Player 2</player>
  <result type="3" winner="1"/>
 </game>
</stratego>