<?xml version="1.0" encoding="UTF-8"?>
<stratego>
 <game type="classic">
  
  <field content="GDBGMDBFBEDBFDEIBEDDDILJBHICJEGHEHGFKDHFAA__AA__AAAA__AA__AAPRNNUPTSPPNTWVTRSXUVSUPORSNQQTPRQQQNYNPP"/>
  <move id="1" source="K4" target="K5"/>
  <move id="2" source="E7" target="E6"/>
  <move id="3" source="I4" target="I5"/>
  <move id="4" source="I7" target="I6"/>
  <move id="5" source="K5" target="K6"/>
  <move id="6" source="H7" target="I7"/>
  <move id="7" source="K6" target="K7"/>
  <move id="8" source="I7" target="K7"/>
  <move id="9" source="I5" target="I6"/>
  <move id="10" source="I8" target="I7"/>
  <move id="11" source="I6" target="I5"/>
  <move id="12" source="I7" target="I8"/>
  <move id="13" source="I5" target="I6"/>
  <move id="14" source="K7" target="I7"/>
  <move id="15" source="I6" target="I7"/>
  <move id="16" source="I8" target="I7"/>
  <move id="17" source="H4" target="I4"/>
  <move id="18" source="I7" target="H7"/>
  <move id="19" source="I4" target="I5"/>
  <move id="20" source="K8" target="K7"/>
  <move id="21" source="K3" target="K4"/>
  <move id="22" source="H8" target="I8"/>
  <move id="23" source="K4" target="K5"/>
  <move id="24" source="H7" target="H8"/>
  <move id="25" source="K5" target="K6"/>
  <move id="26" source="G7" target="H7"/>
  <move id="27" source="K6" target="K7"/>
  <move id="28" source="F7" target="F6"/>
  <move id="29" source="I5" target="I4"/>
  <move id="30" source="H7" target="G7"/>
  <move id="31" source="A4" target="A5"/>
  <move id="32" source="G7" target="F7"/>
  <move id="33" source="A5" target="A6"/>
  <move id="34" source="H8" target="H7"/>
  <move id="35" source="A6" target="A7"/>
  <move id="36" source="B7" target="B6"/>
  <move id="37" source="A7" target="A6"/>
  <move id="38" source="B6" target="B5"/>
  <move id="39" source="A6" target="B6"/>
  <move id="40" source="B5" target="B4"/>
  <move id="41" source="B6" target="B5"/>
  <move id="42" source="B8" target="B7"/>
  <move id="43" source="B4" target="A4"/>
  <move id="44" source="B7" target="B6"/>
  <move id="45" source="C4" target="B4"/>
  <move id="46" source="B6" target="B7"/>
  <move id="47" source="B5" target="A5"/>
  <move id="48" source="B7" target="B8"/>
  <move id="49" source="B4" target="B5"/>
  <move id="50" source="B8" target="B7"/>
  <move id="51" source="B5" target="B6"/>
  <move id="52" source="B7" target="A7"/>
  <move id="53" source="B6" target="B7"/>
  <move id="54" source="A7" target="A6"/>
  <move id="55" source="A4" target="B4"/>
  <move id="56" source="A6" target="A5"/>
  <move id="57" source="B4" target="C4"/>
  <move id="58" source="A5" target="A6"/>
  <move id="59" source="B7" target="C7"/>
  <move id="60" source="C8" target="C7"/>
  <move id="61" source="A3" target="A4"/>
  <move id="62" source="C7" target="C8"/>
  <move id="63" source="A4" target="A5"/>
  <move id="64" source="A6" target="B6"/>
  <move id="65" source="A5" target="A6"/>
  <move id="66" source="B6" target="B7"/>
  <move id="67" source="A6" target="A7"/>
  <move id="68" source="B7" target="B8"/>
  <move id="69" source="A7" target="B7"/>
  <move id="70" source="B8" target="B7"/>
  <move id="71" source="B3" target="B4"/>
  <move id="72" source="C8" target="B8"/>
  <move id="73" source="B4" target="B5"/>
  <move id="74" source="F6" target="F5"/>
  <move id="75" source="B5" target="B6"/>
  <move id="76" source="E6" target="E5"/>
  <move id="77" source="F4" target="F5"/>
  <move id="78" source="F7" target="F6"/>
  <move id="79" source="E4" target="E5"/>
  <move id="80" source="E5" target="F5"/>
  <move id="81" source="B6" target="B5"/>
  <move id="82" source="F5" target="E5"/>
  <move id="83" source="B5" target="B4"/>
  <move id="84" source="E5" target="E6"/>
  <move id="85" source="B4" target="B3"/>
  <move id="86" source="E6" target="E7"/>
  <move id="87" source="F3" target="F4"/>
  <move id="88" source="F6" target="F7"/>
  <move id="89" source="F4" target="F5"/>
  <move id="90" source="F7" target="F6"/>
  <move id="91" source="F5" target="F4"/>
  <move id="92" source="F8" target="F7"/>
  <move id="93" source="D4" target="E4"/>
  <move id="94" source="E8" target="F8"/>
  <move id="95" source="E4" target="E5"/>
  <move id="96" source="E7" target="E8"/>
  <move id="97" source="E5" target="E6"/>
  <move id="98" source="F7" target="E7"/>
  <move id="99" source="E6" target="F6"/>
  <move id="100" source="G8" target="G7"/>
  <move id="101" source="A2" target="A3"/>
  <move id="102" source="G7" target="F7"/>
  <move id="103" source="A3" target="A4"/>
  <move id="104" source="H7" target="G7"/>
  <move id="105" source="A4" target="A5"/>
  <move id="106" source="G7" target="G8"/>
  <move id="107" source="A5" target="A6"/>
  <move id="108" source="K7" target="I7"/>
  <move id="109" source="A6" target="A7"/>
  <move id="110" source="I8" target="H8"/>
  <move id="111" source="A7" target="A8"/>
  <move id="112" source="I7" target="H7"/>
  <move id="113" source="B3" target="A3"/>
  <move id="114" source="C9" target="C8"/>
  <move id="115" source="C3" target="B3"/>
  <move id="116" source="D9" target="C9"/>
  <move id="117" source="B3" target="B4"/>
  <move id="118" source="D8" target="D9"/>
  <move id="119" source="B4" target="B5"/>
  <move id="120" source="C8" target="D8"/>
  <move id="121" source="B5" target="B6"/>
  <move id="122" source="C9" target="C8"/>
  <move id="123" source="B6" target="B7"/>
  <move id="124" source="E7" target="E6"/>
  <move id="125" source="B7" target="B6"/>
  <move id="126" source="E6" target="E5"/>
  <move id="127" source="C2" target="C3"/>
  <move id="128" source="E5" target="E4"/>
  <move id="129" source="C3" target="B3"/>
  <move id="130" source="E4" target="D4"/>
  <move id="131" source="B3" target="B4"/>
  <move id="132" source="D4" target="C4"/>
  <move id="133" source="B4" target="B5"/>
  <move id="134" source="D9" target="C9"/>
  <move id="135" source="B5" target="A5"/>
  <move id="136" source="D8" target="D9"/>
  <move id="137" source="A5" target="A6"/>
  <move id="138" source="H7" target="I7"/>
  <move id="139" source="A6" target="A7"/>
  <move id="140" source="F7" target="G7"/>
  <move id="141" source="A7" target="B7"/>
  <move id="142" source="C8" target="D8"/>
  <move id="143" source="B7" target="C7"/>
  <move id="144" source="G7" target="F7"/>
  <move id="145" source="B6" target="B7"/>
  <move id="146" source="B8" target="C8"/>
  <move id="147" source="C7" target="D7"/>
  <move id="148" source="F7" target="F6"/>
  <move id="149" source="B7" target="B6"/>
  <move id="150" source="E8" target="E7"/>
  <move id="151" source="B6" target="B5"/>
  <move id="152" source="E7" target="F7"/>
  <move id="153" source="B5" target="B4"/>
  <move id="154" source="F7" target="G7"/>
  <move id="155" source="B4" target="B3"/>
  <move id="156" source="C8" target="C7"/>
  <move id="157" source="B3" target="B4"/>
  <move id="158" source="D8" target="C8"/>
  <move id="159" source="B4" target="B5"/>
  <move id="160" source="C8" target="B8"/>
  <move id="161" source="B5" target="B6"/>
  <move id="162" source="C7" target="C8"/>
  <move id="163" source="D2" target="C2"/>
  <move id="164" source="C8" target="D8"/>
  <move id="165" source="C2" target="C3"/>
  <move id="166" source="D8" target="E8"/>
  <move id="167" source="C3" target="B3"/>
  <move id="168" source="E8" target="E7"/>
  <move id="169" source="B3" target="B4"/>
  <move id="170" source="B8" target="C8"/>
  <move id="171" source="B6" target="B7"/>
  <move id="172" source="C8" target="D8"/>
  <move id="173" source="B4" target="B5"/>
  <move id="174" source="C9" target="C8"/>
  <move id="175" source="B7" target="A7"/>
  <move id="176" source="E7" target="E6"/>
  <move id="177" source="B5" target="B6"/>
  <move id="178" source="E6" target="E5"/>
  <move id="179" source="B6" target="B7"/>
  <move id="180" source="E5" target="E4"/>
  <move id="181" source="B7" target="C7"/>
  <move id="182" source="C8" target="C7"/>
  <move id="183" source="A7" target="B7"/>
  <move id="184" source="C7" target="C8"/>
  <move id="185" source="B7" target="C7"/>
  <move id="186" source="E4" target="D4"/>
  <move id="187" source="C7" target="B7"/>
  <move id="188" source="D4" target="C4"/>
  <move id="189" source="B7" target="B6"/>
  <move id="190" source="C4" target="B4"/>
  <move id="191" source="B6" target="B5"/>
  <move id="192" source="B4" target="B3"/>
  <move id="193" source="B5" target="B4"/>
  <move id="194" source="B3" target="A3"/>
  <move id="195" source="F4" target="F5"/>
  <move id="196" source="D9" target="C9"/>
  <move id="197" source="F5" target="F6"/>
  <move id="198" source="D8" target="D9"/>
  <move id="199" source="F6" target="F5"/>
  <move id="200" source="C8" target="D8"/>
  <move id="201" source="F5" target="F4"/>
  <move id="202" source="G7" target="F7"/>
  <move id="203" source="I4" target="I5"/>
  <move id="204" source="F7" target="E7"/>
  <move id="205" source="I5" target="I6"/>
  <move id="206" source="E7" target="E8"/>
  <move id="207" source="I6" target="I7"/>
  <move id="208" source="H8" target="H7"/>
  <move id="209" source="K2" target="K3"/>
  <move id="210" source="H7" target="G7"/>
  <move id="211" source="K3" target="K4"/>
  <move id="212" source="G7" target="F7"/>
  <move id="213" source="K4" target="K5"/>
  <move id="214" source="I9" target="I8"/>
  <move id="215" source="K5" target="K6"/>
  <move id="216" source="I8" target="K8"/>
  <move id="217" source="K6" target="K7"/>
  <move id="218" source="I7" target="I8"/>
  <move id="219" source="K7" target="K8"/>
  <move id="220" source="F7" target="F6"/>
  <move id="221" source="D1" target="D2"/>
  <move id="222" source="F6" target="F5"/>
  <move id="223" source="D2" target="C2"/>
  <move id="224" source="F5" target="E5"/>
  <move id="225" source="C2" target="C3"/>
  <move id="226" source="E5" target="E4"/>
  <move id="227" source="C3" target="C4"/>
  <move id="228" source="E4" target="D4"/>
  <move id="229" source="C4" target="D4"/>
  <move id="230" source="D4" target="D3"/>
  <move id="231" source="G4" target="H4"/>
  <move id="232" source="D3" target="D4"/>
  <move id="233" source="H4" target="I4"/>
  <move id="234" source="D4" target="E4"/>
  <move id="235" source="I4" target="I5"/>
  <move id="236" source="E4" target="F4"/>
  <move id="237" source="I5" target="I6"/>
  <move id="238" source="F4" target="F5"/>
  <move id="239" source="I6" target="I7"/>
  <move id="240" source="I8" target="H8"/>
  <move id="241" source="I7" target="H7"/>
  <move id="242" source="H8" target="I8"/>
  <move id="243" source="H7" target="G7"/>
  <move id="244" source="F5" target="F6"/>
  <move id="245" source="G7" target="H7"/>
  <move id="246" source="F6" target="F7"/>
  <move id="247" source="H7" target="I7"/>
  <move id="248" source="I8" target="H8"/>
  <move id="249" source="I7" target="I8"/>
  <move id="250" source="H8" target="H7"/>
  <move id="251" source="I8" target="I7"/>
  <move id="252" source="H7" target="H8"/>
  <move id="253" source="I7" target="H7"/>
  <move id="254" source="H8" target="I8"/>
  <move id="255" source="H7" target="I7"/>
  <move id="256" source="I8" target="H8"/>
  <move id="257" source="I7" target="I6"/>
  <move id="258" source="F7" target="G7"/>
  <move id="259" source="I6" target="I7"/>
  <move id="260" source="F8" target="F7"/>
  <move id="261" source="I7" target="I6"/>
  <move id="262" source="F7" target="E7"/>
  <move id="263" source="I6" target="I5"/>
  <move id="264" source="G8" target="F8"/>
  <move id="265" source="I5" target="I4"/>
  <move id="266" source="G7" target="H7"/>
  <move id="267" source="I4" target="H4"/>
  <move id="268" source="H8" target="I8"/>
  <move id="269" source="H4" target="G4"/>
  <move id="270" source="I8" target="I7"/>
  <move id="271" source="G4" target="F4"/>
  <move id="272" source="F8" target="G8"/>
  <move id="273" source="F4" target="F5"/>
  <move id="274" source="H7" target="G7"/>
  <move id="275" source="F5" target="F6"/>
  <move id="276" source="I7" target="I6"/>
  <move id="277" source="F6" target="E6"/>
  <move id="278" source="G7" target="F7"/>
  <move id="279" source="E6" target="E5"/>
  <move id="280" source="E8" target="F8"/>
  <move id="281" source="E5" target="E4"/>
  <move id="282" source="I6" target="I5"/>
  <move id="283" source="E4" target="F4"/>
  <move id="284" source="I5" target="K5"/>
  <move id="285" source="F4" target="G4"/>
  <move id="286" source="I:" target="I3"/>
  <move id="287" source="G4" target="H4"/>
  <move id="288" source="K5" target="K4"/>
  <move id="289" source="H4" target="I4"/>
  <move id="290" source="K4" target="K3"/>
  <move id="291" source="I4" target="K4"/>
  <move id="292" source="K3" target="I3"/>
  <move id="293" source="K4" target="I4"/>
  <move id="294" source="G8" target="H8"/>
  <move id="295" source="I4" target="H4"/>
  <move id="296" source="H8" target="I8"/>
  <move id="297" source="H4" target="G4"/>
  <move id="298" source="F8" target="G8"/>
  <move id="299" source="G4" target="F4"/>
  <move id="300" source="F9" target="F8"/>
  <move id="301" source="F4" target="G4"/>
  <move id="302" source="F7" target="G7"/>
  <move id="303" source="G4" target="H4"/>
  <move id="304" source="F8" target="F9"/>
  <move id="305" source="H4" target="I4"/>
  <move id="306" source="G7" target="H7"/>
  <move id="307" source="I4" target="I5"/>
  <move id="308" source="K9" target="I9"/>
  <move id="309" source="I5" target="I6"/>
  <move id="310" source="I9" target="I:"/>
  <move id="311" source="I6" target="I5"/>
  <move id="312" source="K8" target="K9"/>
  <move id="313" source="I5" target="I4"/>
  <move id="314" source="K9" target="I9"/>
  <move id="315" source="I4" target="H4"/>
  <move id="316" source="K:" target="K1"/>
  <move id="317" source="H4" target="G4"/>
  <move id="318" source="I:" target="K:"/>
  <move id="319" source="G4" target="F4"/>
  <move id="320" source="K:" target="K9"/>
  <move id="321" source="F4" target="F5"/>
  <move id="322" source="K9" target="K8"/>
  <move id="323" source="F5" target="F4"/>
  <move id="324" source="K8" target="K7"/>
  <move id="325" source="F4" target="G4"/>
  <move id="326" source="K7" target="K6"/>
  <move id="327" source="G4" target="H4"/>
  <move id="328" source="I9" target="I:"/>
  <move id="329" source="H4" target="I4"/>
  <move id="330" source="I8" target="I9"/>
  <move id="331" source="I4" target="I5"/>
  <move id="332" source="E9" target="E8"/>
  <move id="333" source="I5" target="K5"/>
  <move id="334" source="K6" target="I6"/>
  <move id="335" source="K5" target="K6"/>
  <move id="336" source="I6" target="I7"/>
  <move id="337" source="K6" target="I6"/>
  <move id="338" source="E8" target="F8"/>
  <move id="339" source="I6" target="I5"/>
  <move id="340" source="F8" target="F7"/>
  <move id="341" source="I5" target="I4"/>
  <move id="342" source="F7" target="F6"/>
  <move id="343" source="I4" target="H4"/>
  <move id="344" source="I7" target="I6"/>
  <move id="345" source="H4" target="G4"/>
  <move id="346" source="F6" target="F5"/>
  <move id="347" source="G4" target="F4"/>
  <move id="348" source="F5" target="E5"/>
  <move id="349" source="F4" target="E4"/>
  <move id="350" source="E5" target="F5"/>
  <move id="351" source="E4" target="F4"/>
  <move id="352" source="F5" target="E5"/>
  <move id="353" source="F4" target="F5"/>
  <move id="354" source="E5" target="E4"/>
  <move id="355" source="F5" target="F4"/>
  <move id="356" source="E4" target="E3"/>
  <move id="357" source="F4" target="F5"/>
  <move id="358" source="I6" target="I5"/>
  <move id="359" source="F5" target="F6"/>
  <move id="360" source="H7" target="G7"/>
  <move id="361" source="F6" target="F5"/>
  <move id="362" source="I5" target="I4"/>
  <move id="363" source="F5" target="F4"/>
  <move id="364" source="I4" target="I3"/>
  <move id="365" source="I2" target="I3"/>
  <move id="366" source="I3" target="K3"/>
  <move id="367" source="F4" target="G4"/>
  <move id="368" source="K3" target="K2"/>
  <move id="369" source="G4" target="H4"/>
  <move id="370" source="K2" target="K1"/>
  <move id="371" source="H4" target="I4"/>
  <move id="372" source="K1" target="K2"/>
  <move id="373" source="I4" target="I3"/>
  <move id="374" source="K2" target="K1"/>
  <move id="375" source="I3" target="I2"/>
  <move id="376" source="D9" target="E9"/>
  <move id="377" source="I2" target="K2"/>
  <move id="378" source="K1" target="I1"/>
  <move id="379" source="K2" target="K3"/>
  <move id="380" source="D8" target="D9"/>
  <move id="381" source="K3" target="K4"/>
  <move id="382" source="E9" target="E8"/>
  <move id="383" source="K4" target="I4"/>
  <move id="384" source="E8" target="D8"/>
  <move id="385" source="I4" target="H4"/>
  <move id="386" source="D8" target="E8"/>
  <move id="387" source="H4" target="G4"/>
  <move id="388" source="I:" target="K:"/>
  <move id="389" source="G4" target="F4"/>
  <move id="390" source="K:" target="K9"/>
  <move id="391" source="F4" target="G4"/>
  <move id="392" source="K9" target="K8"/>
  <move id="393" source="G4" target="H4"/>
  <move id="394" source="E8" target="F8"/>
  <move id="395" source="H4" target="I4"/>
  <move id="396" source="F8" target="F7"/>
  <move id="397" source="I4" target="I5"/>
  <move id="398" source="F7" target="F6"/>
  <move id="399" source="I5" target="I6"/>
  <move id="400" source="K8" target="K7"/>
  <move id="401" source="I6" target="I7"/>
  <move id="402" source="K7" target="K6"/>
  <move id="403" source="I7" target="I6"/>
  <move id="404" source="K6" target="K5"/>
  <move id="405" source="I6" target="I5"/>
  <move id="406" source="K5" target="K4"/>
  <move id="407" source="I5" target="I4"/>
  <move id="408" source="K4" target="K3"/>
  <move id="409" source="I4" target="I3"/>
  <move id="410" source="K3" target="K2"/>
  <move id="411" source="I3" target="K3"/>
  <move id="412" source="K2" target="I2"/>
  <move id="413" source="K3" target="I3"/>
  <move id="414" source="I2" target="I1"/>
  <move id="415" source="H1" target="I1"/>
  <move id="416" source="F6" target="F5"/>
  <move id="417" source="I3" target="I4"/>
  <move id="418" source="F5" target="F4"/>
  <move id="419" source="I4" target="H4"/>
  <move id="420" source="F4" target="E4"/>
  <move id="421" source="H4" target="G4"/>
  <move id="422" source="E4" target="D4"/>
  <move id="423" source="G4" target="F4"/>
  <move id="424" source="D4" target="D3"/>
  <move id="425" source="F4" target="E4"/>
  <move id="426" source="D3" target="C3"/>
  <move id="427" source="E4" target="D4"/>
  <move id="428" source="D9" target="E9"/>
  <move id="429" source="D4" target="D3"/>
  <move id="430" source="C3" target="B3"/>
  <move id="431" source="D3" target="C3"/>
  <move id="432" source="B3" target="B4"/>
  <move id="433" source="C3" target="C4"/>
  <move id="434" source="B4" target="B3"/>
  <move id="435" source="C4" target="B4"/>
  <move id="436" source="B3" target="B2"/>
  <move id="437" source="B4" target="B5"/>
  <move id="438" source="G7" target="F7"/>
  <move id="439" source="B5" target="B6"/>
  <move id="440" source="F7" target="F8"/>
  <move id="441" source="B6" target="B7"/>
  <move id="442" source="F8" target="E8"/>
  <move id="443" source="B7" target="B8"/>
  <move id="444" source="E8" target="D8"/>
  <move id="445" source="B8" target="C8"/>
  <move id="446" source="D8" target="C8"/>
  <player id="1">Player 1</player>
  <player id="2">Player 2</player>
  <result type="3" winner="2"/>
 </game>
</stratego>