<?xml version="1.0" encoding="UTF-8"?>
<stratego>
 <game type="classic">
  
  <field content="EFBMBHEBDEGBHBFBDJCEDHIJGFGDILFDGDDIEKDHAA__AA__AAAA__AA__AATPUQPTXUPTSQPUPQVQPNWRONSRNTSRQSNRPNYNPV"/>
  <move id="1" source="B4" target="B7"/>
  <move id="2" source="I7" target="I6"/>
  <move id="3" source="C4" target="B4"/>
  <move id="4" source="I6" target="K6"/>
  <move id="5" source="B4" target="B5"/>
  <move id="6" source="C7" target="B7"/>
  <move id="7" source="B5" target="B6"/>
  <move id="8" source="B7" target="B6"/>
  <move id="9" source="D4" target="C4"/>
  <move id="10" source="E7" target="E4"/>
  <move id="11" source="C4" target="B4"/>
  <move id="12" source="B6" target="B7"/>
  <move id="13" source="B4" target="B5"/>
  <move id="14" source="D7" target="E7"/>
  <move id="15" source="B5" target="B6"/>
  <move id="16" source="B7" target="B6"/>
  <move id="17" source="D3" target="D4"/>
  <move id="18" source="B6" target="B7"/>
  <move id="19" source="D4" target="C4"/>
  <move id="20" source="E7" target="E6"/>
  <move id="21" source="C4" target="B4"/>
  <move id="22" source="B7" target="C7"/>
  <move id="23" source="B4" target="B5"/>
  <move id="24" source="C7" target="D7"/>
  <move id="25" source="B5" target="B6"/>
  <move id="26" source="C8" target="C7"/>
  <move id="27" source="B6" target="B5"/>
  <move id="28" source="E6" target="E5"/>
  <move id="29" source="B5" target="B4"/>
  <move id="30" source="C7" target="B7"/>
  <move id="31" source="B4" target="C4"/>
  <move id="32" source="E5" target="E6"/>
  <move id="33" source="C4" target="D4"/>
  <move id="34" source="D7" target="C7"/>
  <move id="35" source="D4" target="D3"/>
  <move id="36" source="C7" target="C8"/>
  <move id="37" source="C3" target="C4"/>
  <move id="38" source="E6" target="E5"/>
  <move id="39" source="C4" target="B4"/>
  <move id="40" source="E8" target="E7"/>
  <move id="41" source="B4" target="B5"/>
  <move id="42" source="E7" target="E6"/>
  <move id="43" source="B5" target="B6"/>
  <move id="44" source="C8" target="C7"/>
  <move id="45" source="B6" target="B7"/>
  <move id="46" source="C7" target="B7"/>
  <move id="47" source="D3" target="D4"/>
  <move id="48" source="E6" target="F6"/>
  <move id="49" source="E3" target="E4"/>
  <move id="50" source="E5" target="E6"/>
  <move id="51" source="F3" target="E3"/>
  <move id="52" source="E6" target="E7"/>
  <move id="53" source="E3" target="D3"/>
  <move id="54" source="F6" target="E6"/>
  <move id="55" source="D3" target="C3"/>
  <move id="56" source="E7" target="E8"/>
  <move id="57" source="C3" target="C4"/>
  <move id="58" source="F7" target="F6"/>
  <move id="59" source="C4" target="B4"/>
  <move id="60" source="E6" target="E5"/>
  <move id="61" source="B4" target="B5"/>
  <move id="62" source="F6" target="F5"/>
  <move id="63" source="B5" target="B6"/>
  <move id="64" source="E8" target="E7"/>
  <move id="65" source="B6" target="B7"/>
  <move id="66" source="A7" target="B7"/>
  <move id="67" source="B3" target="B4"/>
  <move id="68" source="B7" target="C7"/>
  <move id="69" source="B4" target="B5"/>
  <move id="70" source="C7" target="C8"/>
  <move id="71" source="B5" target="B6"/>
  <move id="72" source="E7" target="D7"/>
  <move id="73" source="B6" target="B7"/>
  <move id="74" source="B8" target="B7"/>
  <move id="75" source="B7" target="B6"/>
  <move id="76" source="D7" target="C7"/>
  <move id="77" source="B6" target="B5"/>
  <move id="78" source="C7" target="B7"/>
  <move id="79" source="B5" target="B4"/>
  <move id="80" source="C8" target="B8"/>
  <move id="81" source="A3" target="B3"/>
  <move id="82" source="B7" target="B6"/>
  <move id="83" source="B4" target="C4"/>
  <move id="84" source="B6" target="B5"/>
  <move id="85" source="B3" target="B4"/>
  <move id="86" source="B5" target="A5"/>
  <move id="87" source="B4" target="B5"/>
  <move id="88" source="A5" target="A4"/>
  <move id="89" source="B5" target="B4"/>
  <move id="90" source="D8" target="D7"/>
  <move id="91" source="B4" target="B3"/>
  <move id="92" source="D7" target="C7"/>
  <move id="93" source="A4" target="B4"/>
  <move id="94" source="B8" target="B7"/>
  <move id="95" source="B4" target="A4"/>
  <move id="96" source="B7" target="A7"/>
  <move id="97" source="B3" target="B4"/>
  <move id="98" source="A7" target="A6"/>
  <move id="99" source="A4" target="A3"/>
  <move id="100" source="A6" target="A5"/>
  <move id="101" source="B4" target="A4"/>
  <move id="102" source="A5" target="A4"/>
  <move id="103" source="A3" target="B3"/>
  <move id="104" source="A4" target="A5"/>
  <move id="105" source="B3" target="C3"/>
  <move id="106" source="A5" target="A6"/>
  <move id="107" source="C4" target="B4"/>
  <move id="108" source="A6" target="A7"/>
  <move id="109" source="B4" target="B5"/>
  <move id="110" source="A7" target="B7"/>
  <move id="111" source="B5" target="B6"/>
  <move id="112" source="B7" target="B8"/>
  <move id="113" source="B6" target="B7"/>
  <move id="114" source="C7" target="B7"/>
  <move id="115" source="C3" target="C4"/>
  <move id="116" source="B7" target="C7"/>
  <move id="117" source="C2" target="C3"/>
  <move id="118" source="C7" target="D7"/>
  <move id="119" source="C3" target="B3"/>
  <move id="120" source="D7" target="D8"/>
  <move id="121" source="B3" target="B4"/>
  <move id="122" source="D8" target="E8"/>
  <move id="123" source="B4" target="B5"/>
  <move id="124" source="B8" target="C8"/>
  <move id="125" source="B5" target="B6"/>
  <move id="126" source="B9" target="B8"/>
  <move id="127" source="B6" target="B7"/>
  <move id="128" source="B8" target="B7"/>
  <move id="129" source="B7" target="C7"/>
  <move id="130" source="C8" target="C7"/>
  <move id="131" source="D4" target="D3"/>
  <move id="132" source="F8" target="F7"/>
  <move id="133" source="D3" target="C3"/>
  <move id="134" source="F7" target="E7"/>
  <move id="135" source="C3" target="B3"/>
  <move id="136" source="B:" target="B9"/>
  <move id="137" source="C4" target="B4"/>
  <move id="138" source="B9" target="B8"/>
  <move id="139" source="B4" target="B5"/>
  <move id="140" source="E7" target="D7"/>
  <move id="141" source="B3" target="B4"/>
  <move id="142" source="D7" target="C7"/>
  <move id="143" source="B5" target="A5"/>
  <move id="144" source="B8" target="B7"/>
  <move id="145" source="B4" target="B5"/>
  <move id="146" source="G7" target="F7"/>
  <move id="147" source="B5" target="B6"/>
  <move id="148" source="E8" target="F8"/>
  <move id="149" source="A5" target="A4"/>
  <move id="150" source="F7" target="E7"/>
  <move id="151" source="A4" target="A3"/>
  <move id="152" source="E5" target="E6"/>
  <move id="153" source="G3" target="F3"/>
  <move id="154" source="F5" target="E5"/>
  <move id="155" source="F3" target="E3"/>
  <move id="156" source="E6" target="F6"/>
  <move id="157" source="E3" target="D3"/>
  <move id="158" source="E5" target="E4"/>
  <move id="159" source="F4" target="E4"/>
  <move id="160" source="F6" target="F5"/>
  <move id="161" source="G4" target="F4"/>
  <move id="162" source="F5" target="F4"/>
  <move id="163" source="F4" target="G4"/>
  <move id="164" source="H7" target="G7"/>
  <move id="165" source="D3" target="D4"/>
  <move id="166" source="G7" target="F7"/>
  <move id="167" source="H3" target="G3"/>
  <move id="168" source="F7" target="F6"/>
  <move id="169" source="G3" target="F3"/>
  <move id="170" source="E7" target="E6"/>
  <move id="171" source="F3" target="F4"/>
  <move id="172" source="E6" target="E5"/>
  <move id="173" source="E4" target="E3"/>
  <move id="174" source="F6" target="F5"/>
  <move id="175" source="E3" target="F3"/>
  <move id="176" source="F5" target="F4"/>
  <move id="177" source="F3" target="F4"/>
  <move id="178" source="B7" target="B6"/>
  <move id="179" source="B6" target="B5"/>
  <move id="180" source="G8" target="G7"/>
  <move id="181" source="B5" target="B4"/>
  <move id="182" source="G7" target="F7"/>
  <move id="183" source="G2" target="G3"/>
  <move id="184" source="E5" target="E4"/>
  <move id="185" source="D4" target="E4"/>
  <move id="186" source="E4" target="D4"/>
  <move id="187" source="B4" target="B3"/>
  <move id="188" source="D4" target="D3"/>
  <move id="189" source="B3" target="B4"/>
  <move id="190" source="D3" target="D4"/>
  <move id="191" source="B4" target="A4"/>
  <move id="192" source="D4" target="C4"/>
  <move id="193" source="A3" target="B3"/>
  <move id="194" source="C4" target="B4"/>
  <move id="195" source="A4" target="A5"/>
  <move id="196" source="A8" target="B8"/>
  <move id="197" source="A5" target="A6"/>
  <move id="198" source="A9" target="A8"/>
  <move id="199" source="A6" target="A7"/>
  <move id="200" source="A8" target="A7"/>
  <move id="201" source="G3" target="F3"/>
  <move id="202" source="B4" target="C4"/>
  <move id="203" source="F3" target="F4"/>
  <move id="204" source="F7" target="E7"/>
  <move id="205" source="F4" target="F5"/>
  <move id="206" source="E7" target="D7"/>
  <move id="207" source="F5" target="E5"/>
  <move id="208" source="D7" target="D8"/>
  <move id="209" source="E5" target="E6"/>
  <move id="210" source="C7" target="D7"/>
  <move id="211" source="E6" target="E7"/>
  <move id="212" source="D7" target="E7"/>
  <move id="213" source="I4" target="I8"/>
  <move id="214" source="B8" target="B7"/>
  <move id="215" source="H4" target="I4"/>
  <move id="216" source="K6" target="I6"/>
  <move id="217" source="I4" target="I5"/>
  <move id="218" source="B7" target="B6"/>
  <move id="219" source="I5" target="I6"/>
  <move id="220" source="E7" target="E6"/>
  <move id="221" source="I6" target="I7"/>
  <move id="222" source="C4" target="D4"/>
  <move id="223" source="I7" target="H7"/>
  <move id="224" source="D4" target="E4"/>
  <move id="225" source="H7" target="H8"/>
  <move id="226" source="F8" target="F7"/>
  <move id="227" source="H8" target="G8"/>
  <move id="228" source="F7" target="F6"/>
  <move id="229" source="G8" target="F8"/>
  <move id="230" source="D8" target="C8"/>
  <move id="231" source="F8" target="F7"/>
  <move id="232" source="F6" target="F5"/>
  <move id="233" source="F7" target="F6"/>
  <move id="234" source="E4" target="E5"/>
  <move id="235" source="K4" target="K5"/>
  <move id="236" source="A7" target="B7"/>
  <move id="237" source="K5" target="K6"/>
  <move id="238" source="B7" target="C7"/>
  <move id="239" source="K6" target="K7"/>
  <move id="240" source="C7" target="D7"/>
  <move id="241" source="F6" target="F7"/>
  <move id="242" source="D7" target="E7"/>
  <move id="243" source="F7" target="G7"/>
  <move id="244" source="E7" target="F7"/>
  <move id="245" source="G7" target="G8"/>
  <move id="246" source="F7" target="F8"/>
  <move id="247" source="G8" target="H8"/>
  <move id="248" source="F8" target="G8"/>
  <move id="249" source="H8" target="H9"/>
  <move id="250" source="G8" target="H8"/>
  <move id="251" source="G4" target="G3"/>
  <move id="252" source="H8" target="H9"/>
  <move id="253" source="H2" target="H3"/>
  <move id="254" source="E5" target="E4"/>
  <move id="255" source="H3" target="H4"/>
  <move id="256" source="E4" target="D4"/>
  <move id="257" source="H4" target="I4"/>
  <move id="258" source="F5" target="E5"/>
  <move id="259" source="I4" target="I5"/>
  <move id="260" source="D4" target="C4"/>
  <move id="261" source="I5" target="I6"/>
  <move id="262" source="B6" target="B5"/>
  <move id="263" source="I6" target="I7"/>
  <move id="264" source="B5" target="B4"/>
  <move id="265" source="I7" target="H7"/>
  <move id="266" source="B4" target="B3"/>
  <move id="267" source="H7" target="G7"/>
  <move id="268" source="E6" target="E7"/>
  <move id="269" source="G7" target="G8"/>
  <move id="270" source="E7" target="E8"/>
  <move id="271" source="G8" target="F8"/>
  <move id="272" source="E8" target="F8"/>
  <move id="273" source="F8" target="E8"/>
  <move id="274" source="C8" target="D8"/>
  <move id="275" source="E8" target="D8"/>
  <move id="276" source="B3" target="B2"/>
  <move id="277" source="G3" target="G4"/>
  <move id="278" source="E5" target="E4"/>
  <move id="279" source="G4" target="H4"/>
  <move id="280" source="C4" target="B4"/>
  <move id="281" source="H4" target="I4"/>
  <move id="282" source="B4" target="B3"/>
  <move id="283" source="I4" target="I5"/>
  <move id="284" source="I9" target="I8"/>
  <move id="285" source="I5" target="I6"/>
  <move id="286" source="I8" target="I7"/>
  <move id="287" source="I6" target="I5"/>
  <move id="288" source="E4" target="D4"/>
  <move id="289" source="I3" target="I4"/>
  <move id="290" source="C9" target="B9"/>
  <move id="291" source="I4" target="H4"/>
  <move id="292" source="B9" target="A9"/>
  <move id="293" source="H4" target="G4"/>
  <move id="294" source="A9" target="A8"/>
  <move id="295" source="G4" target="F4"/>
  <move id="296" source="D4" target="C4"/>
  <move id="297" source="F4" target="F5"/>
  <move id="298" source="A8" target="A7"/>
  <move id="299" source="F5" target="F6"/>
  <move id="300" source="I7" target="H7"/>
  <move id="301" source="F6" target="F7"/>
  <move id="302" source="H7" target="G7"/>
  <move id="303" source="F7" target="G7"/>
  <move id="304" source="C4" target="D4"/>
  <move id="305" source="I5" target="I6"/>
  <move id="306" source="A7" target="A6"/>
  <move id="307" source="I6" target="I7"/>
  <move id="308" source="K9" target="I9"/>
  <move id="309" source="G7" target="G8"/>
  <move id="310" source="I9" target="I8"/>
  <move id="311" source="I7" target="H7"/>
  <move id="312" source="I8" target="H8"/>
  <move id="313" source="G8" target="H8"/>
  <move id="314" source="I:" target="I9"/>
  <move id="315" source="H7" target="G7"/>
  <move id="316" source="I9" target="H9"/>
  <move id="317" source="G7" target="G8"/>
  <move id="318" source="K:" target="K9"/>
  <move id="319" source="H8" target="H9"/>
  <move id="320" source="K9" target="I9"/>
  <move id="321" source="H9" target="I9"/>
  <move id="322" source="I9" target="H9"/>
  <move id="323" source="K3" target="I3"/>
  <move id="324" source="F9" target="F8"/>
  <move id="325" source="G8" target="G9"/>
  <move id="326" source="H9" target="G9"/>
  <move id="327" source="I3" target="I4"/>
  <move id="328" source="E9" target="F9"/>
  <move id="329" source="I4" target="I5"/>
  <move id="330" source="G9" target="G8"/>
  <move id="331" source="I5" target="I6"/>
  <move id="332" source="F9" target="G9"/>
  <move id="333" source="I6" target="I7"/>
  <move id="334" source="G9" target="H9"/>
  <move id="335" source="I7" target="I8"/>
  <move id="336" source="B3" target="B4"/>
  <move id="337" source="I8" target="I9"/>
  <move id="338" source="H9" target="I9"/>
  <move id="339" source="I9" target="H9"/>
  <move id="340" source="F8" target="F7"/>
  <move id="341" source="H9" target="G9"/>
  <move id="342" source="G8" target="H8"/>
  <move id="343" source="G9" target="G:"/>
  <player id="1">Player 1</player>
  <player id="2">Player 2</player>
  <result type="1" winner="1"/>
 </game>
</stratego>