<?xml version="1.0" encoding="UTF-8"?>
<stratego>
 <game type="classic">
  
  <field content="GBGBFHEHMFDBEBBECKDBHDLIDIGEFDDFJEGDJIDHAA__AA__AAAA__AA__AAPSUTRRPTPRRPVXUTSNPNQVONWPUNPQTSYQNSQQNP"/>
  <move id="1" source="I4" target="I7"/>
  <move id="2" source="A7" target="A6"/>
  <move id="3" source="I3" target="I4"/>
  <move id="4" source="A6" target="B6"/>
  <move id="5" source="I4" target="I5"/>
  <move id="6" source="B6" target="B5"/>
  <move id="7" source="I5" target="I6"/>
  <move id="8" source="B5" target="B4"/>
  <move id="9" source="I6" target="I7"/>
  <move id="10" source="B7" target="B6"/>
  <move id="11" source="I7" target="H7"/>
  <move id="12" source="B6" target="B5"/>
  <move id="13" source="K4" target="I4"/>
  <move id="14" source="C7" target="B7"/>
  <move id="15" source="I4" target="I5"/>
  <move id="16" source="B7" target="B6"/>
  <move id="17" source="I5" target="I6"/>
  <move id="18" source="B8" target="B7"/>
  <move id="19" source="I6" target="I7"/>
  <move id="20" source="B7" target="A7"/>
  <move id="21" source="E4" target="E5"/>
  <move id="22" source="A7" target="A4"/>
  <move id="23" source="A3" target="A4"/>
  <move id="24" source="B6" target="A6"/>
  <move id="25" source="A4" target="A5"/>
  <move id="26" source="A6" target="A5"/>
  <move id="27" source="E5" target="E6"/>
  <move id="28" source="A5" target="A4"/>
  <move id="29" source="F4" target="F5"/>
  <move id="30" source="B5" target="B4"/>
  <move id="31" source="C4" target="B4"/>
  <move id="32" source="A4" target="A5"/>
  <move id="33" source="B4" target="B5"/>
  <move id="34" source="A5" target="A6"/>
  <move id="35" source="B5" target="B6"/>
  <move id="36" source="A6" target="A7"/>
  <move id="37" source="B6" target="B7"/>
  <move id="38" source="A7" target="A6"/>
  <move id="39" source="D4" target="E4"/>
  <move id="40" source="C8" target="C7"/>
  <move id="41" source="B7" target="B6"/>
  <move id="42" source="A6" target="A7"/>
  <move id="43" source="B6" target="A6"/>
  <move id="44" source="A7" target="B7"/>
  <move id="45" source="A6" target="A7"/>
  <move id="46" source="B7" target="B8"/>
  <move id="47" source="A7" target="A6"/>
  <move id="48" source="B8" target="C8"/>
  <move id="49" source="B3" target="B7"/>
  <move id="50" source="C7" target="B7"/>
  <move id="51" source="A6" target="B6"/>
  <move id="52" source="B7" target="B6"/>
  <move id="53" source="D3" target="D4"/>
  <move id="54" source="F7" target="F6"/>
  <move id="55" source="E6" target="F6"/>
  <move id="56" source="G7" target="F7"/>
  <move id="57" source="F6" target="E6"/>
  <move id="58" source="F7" target="F5"/>
  <move id="59" source="E4" target="F4"/>
  <move id="60" source="F8" target="F7"/>
  <move id="61" source="D4" target="C4"/>
  <move id="62" source="F7" target="F6"/>
  <move id="63" source="E6" target="E5"/>
  <move id="64" source="F6" target="F5"/>
  <move id="65" source="E5" target="E4"/>
  <move id="66" source="F5" target="E5"/>
  <move id="67" source="E4" target="D4"/>
  <move id="68" source="E5" target="E4"/>
  <move id="69" source="D4" target="D3"/>
  <move id="70" source="E4" target="D4"/>
  <move id="71" source="C4" target="D4"/>
  <move id="72" source="D7" target="C7"/>
  <move id="73" source="A2" target="A3"/>
  <move id="74" source="C7" target="B7"/>
  <move id="75" source="A3" target="A4"/>
  <move id="76" source="B7" target="B6"/>
  <move id="77" source="A4" target="B4"/>
  <move id="78" source="B6" target="A6"/>
  <move id="79" source="D4" target="C4"/>
  <move id="80" source="A6" target="A5"/>
  <move id="81" source="B4" target="A4"/>
  <move id="82" source="A5" target="A4"/>
  <move id="83" source="C4" target="B4"/>
  <move id="84" source="A4" target="A5"/>
  <move id="85" source="B4" target="C4"/>
  <move id="86" source="A5" target="B5"/>
  <move id="87" source="F4" target="F5"/>
  <move id="88" source="B5" target="B6"/>
  <player id="1">Player 1</player>
  <player id="2">Player 2</player>
  <result type="3" winner="2"/>
 </game>
</stratego>