<?xml version="1.0" encoding="UTF-8"?>
<stratego>
 <game type="classic">
  
  <field content="DECDEDEMDEHGKEDDDLGHBBDJBBJFBBHGIFFIFIGHAA__AA__AAAA__AA__AAPPTSPPTVTPSNQPTPUWXURNSNRQVOYUNRNRNSQQQP"/>
  <move id="1" source="E4" target="E5"/>
  <move id="2" source="K7" target="K6"/>
  <move id="3" source="F4" target="F5"/>
  <move id="4" source="I7" target="I6"/>
  <move id="5" source="G4" target="F4"/>
  <move id="6" source="K6" target="K5"/>
  <move id="7" source="D4" target="E4"/>
  <move id="8" source="I6" target="I5"/>
  <move id="9" source="B4" target="B5"/>
  <move id="10" source="K5" target="K4"/>
  <move id="11" source="A4" target="A5"/>
  <move id="12" source="I5" target="I4"/>
  <move id="13" source="H4" target="I4"/>
  <move id="14" source="K8" target="K7"/>
  <move id="15" source="C4" target="B4"/>
  <move id="16" source="K7" target="K6"/>
  <move id="17" source="A5" target="A6"/>
  <move id="18" source="K6" target="K5"/>
  <move id="19" source="B5" target="B6"/>
  <move id="20" source="K5" target="K4"/>
  <move id="21" source="B4" target="B5"/>
  <move id="22" source="K4" target="I4"/>
  <move id="23" source="E5" target="E6"/>
  <move id="24" source="H7" target="I7"/>
  <move id="25" source="F5" target="F6"/>
  <move id="26" source="I7" target="K7"/>
  <move id="27" source="E4" target="E5"/>
  <move id="28" source="K7" target="K8"/>
  <move id="29" source="F4" target="F5"/>
  <move id="30" source="I8" target="I7"/>
  <move id="31" source="E6" target="E7"/>
  <move id="32" source="D7" target="E7"/>
  <move id="33" source="E5" target="E6"/>
  <move id="34" source="E7" target="D7"/>
  <move id="35" source="E6" target="E7"/>
  <move id="36" source="E8" target="E7"/>
  <move id="37" source="F6" target="F7"/>
  <move id="38" source="E7" target="E8"/>
  <move id="39" source="F7" target="E7"/>
  <move id="40" source="G7" target="F7"/>
  <move id="41" source="E7" target="E8"/>
  <move id="42" source="F7" target="G7"/>
  <move id="43" source="F5" target="F6"/>
  <move id="44" source="F8" target="F6"/>
  <move id="45" source="E8" target="E7"/>
  <move id="46" source="G7" target="F7"/>
  <move id="47" source="E7" target="D7"/>
  <move id="48" source="F7" target="F6"/>
  <move id="49" source="D7" target="E7"/>
  <move id="50" source="G8" target="F8"/>
  <move id="51" source="E7" target="E6"/>
  <move id="52" source="F6" target="F7"/>
  <move id="53" source="E6" target="F6"/>
  <move id="54" source="F7" target="G7"/>
  <move id="55" source="F6" target="E6"/>
  <move id="56" source="F8" target="F7"/>
  <move id="57" source="B6" target="B7"/>
  <move id="58" source="C7" target="B7"/>
  <move id="59" source="B5" target="B6"/>
  <move id="60" source="B7" target="C7"/>
  <move id="61" source="B6" target="B7"/>
  <move id="62" source="C7" target="D7"/>
  <move id="63" source="B7" target="C7"/>
  <move id="64" source="D7" target="E7"/>
  <move id="65" source="C7" target="D7"/>
  <move id="66" source="E7" target="E8"/>
  <move id="67" source="A6" target="A7"/>
  <move id="68" source="E8" target="F8"/>
  <move id="69" source="A7" target="A8"/>
  <move id="70" source="F7" target="F6"/>
  <move id="71" source="D7" target="E7"/>
  <move id="72" source="F6" target="E6"/>
  <move id="73" source="E7" target="E8"/>
  <move id="74" source="F8" target="G8"/>
  <move id="75" source="E8" target="F8"/>
  <move id="76" source="I7" target="H7"/>
  <move id="77" source="F8" target="G8"/>
  <move id="78" source="G9" target="G8"/>
  <move id="79" source="A8" target="B8"/>
  <move id="80" source="G8" target="G9"/>
  <move id="81" source="C3" target="C4"/>
  <move id="82" source="D8" target="F8"/>
  <move id="83" source="C4" target="B4"/>
  <move id="84" source="G7" target="G8"/>
  <move id="85" source="B4" target="A4"/>
  <move id="86" source="H7" target="G7"/>
  <move id="87" source="A4" target="A9"/>
  <move id="88" source="K8" target="I8"/>
  <move id="89" source="H3" target="H4"/>
  <move id="90" source="G7" target="F7"/>
  <move id="91" source="H4" target="G4"/>
  <move id="92" source="F7" target="F6"/>
  <move id="93" source="G4" target="F4"/>
  <move id="94" source="F6" target="F5"/>
  <move id="95" source="F4" target="E4"/>
  <move id="96" source="F5" target="F4"/>
  <move id="97" source="E4" target="D4"/>
  <move id="98" source="F4" target="E4"/>
  <move id="99" source="D4" target="C4"/>
  <move id="100" source="F8" target="F3"/>
  <move id="101" source="C4" target="B4"/>
  <move id="102" source="F9" target="F8"/>
  <move id="103" source="B4" target="A4"/>
  <move id="104" source="F8" target="F7"/>
  <move id="105" source="A4" target="A5"/>
  <move id="106" source="F7" target="F6"/>
  <move id="107" source="A5" target="A6"/>
  <move id="108" source="F6" target="F5"/>
  <move id="109" source="G3" target="G4"/>
  <move id="110" source="F5" target="F4"/>
  <move id="111" source="G4" target="F4"/>
  <move id="112" source="E4" target="F4"/>
  <move id="113" source="H2" target="H3"/>
  <move id="114" source="F4" target="F5"/>
  <move id="115" source="C2" target="C3"/>
  <move id="116" source="F5" target="F6"/>
  <move id="117" source="C3" target="C4"/>
  <move id="118" source="F6" target="F5"/>
  <move id="119" source="H3" target="H4"/>
  <move id="120" source="F5" target="F6"/>
  <move id="121" source="C1" target="C2"/>
  <move id="122" source="E9" target="E8"/>
  <move id="123" source="G2" target="G3"/>
  <move id="124" source="E8" target="E7"/>
  <move id="125" source="H4" target="G4"/>
  <move id="126" source="E7" target="E6"/>
  <move id="127" source="C4" target="D4"/>
  <move id="128" source="E6" target="E5"/>
  <move id="129" source="C2" target="C3"/>
  <move id="130" source="E5" target="E4"/>
  <move id="131" source="C3" target="C4"/>
  <move id="132" source="E4" target="E3"/>
  <move id="133" source="G4" target="F4"/>
  <move id="134" source="F6" target="F7"/>
  <move id="135" source="G3" target="G4"/>
  <move id="136" source="F7" target="G7"/>
  <move id="137" source="D4" target="E4"/>
  <move id="138" source="F:" target="F9"/>
  <move id="139" source="E4" target="E5"/>
  <move id="140" source="F9" target="F8"/>
  <move id="141" source="C4" target="D4"/>
  <move id="142" source="F8" target="F7"/>
  <move id="143" source="D4" target="E4"/>
  <move id="144" source="G8" target="F8"/>
  <move id="145" source="F4" target="F5"/>
  <move id="146" source="F8" target="F9"/>
  <move id="147" source="G4" target="F4"/>
  <move id="148" source="H8" target="G8"/>
  <move id="149" source="F5" target="F6"/>
  <move id="150" source="F7" target="F6"/>
  <move id="151" source="E5" target="E6"/>
  <move id="152" source="G7" target="F7"/>
  <move id="153" source="F6" target="F7"/>
  <move id="154" source="G8" target="G7"/>
  <move id="155" source="E6" target="E7"/>
  <move id="156" source="G7" target="F7"/>
  <move id="157" source="E7" target="E8"/>
  <move id="158" source="F7" target="F8"/>
  <move id="159" source="E8" target="E9"/>
  <move id="160" source="F9" target="F:"/>
  <move id="161" source="E9" target="E:"/>
  <move id="162" source="F8" target="F7"/>
  <move id="163" source="A6" target="A7"/>
  <move id="164" source="F7" target="F6"/>
  <move id="165" source="A7" target="A8"/>
  <move id="166" source="F6" target="F5"/>
  <move id="167" source="A8" target="A9"/>
  <move id="168" source="F5" target="F4"/>
  <move id="169" source="E4" target="E5"/>
  <move id="170" source="G9" target="G8"/>
  <move id="171" source="E5" target="E6"/>
  <move id="172" source="G8" target="F8"/>
  <move id="173" source="E6" target="E7"/>
  <move id="174" source="F4" target="F5"/>
  <move id="175" source="E7" target="D7"/>
  <move id="176" source="F5" target="E5"/>
  <move id="177" source="D7" target="C7"/>
  <move id="178" source="F8" target="F7"/>
  <move id="179" source="C7" target="B7"/>
  <move id="180" source="F7" target="F6"/>
  <move id="181" source="B7" target="A7"/>
  <move id="182" source="F6" target="F5"/>
  <move id="183" source="A7" target="A8"/>
  <move id="184" source="F5" target="F4"/>
  <move id="185" source="A8" target="A9"/>
  <move id="186" source="F4" target="G4"/>
  <move id="187" source="A9" target="A:"/>
  <move id="188" source="E5" target="E4"/>
  <move id="189" source="B2" target="C2"/>
  <move id="190" source="E4" target="D4"/>
  <move id="191" source="C2" target="C3"/>
  <move id="192" source="G:" target="G9"/>
  <move id="193" source="C3" target="C4"/>
  <move id="194" source="D4" target="C4"/>
  <move id="195" source="D3" target="C3"/>
  <move id="196" source="C4" target="C3"/>
  <move id="197" source="D2" target="D3"/>
  <move id="198" source="C3" target="D3"/>
  <player id="1">Player 1</player>
  <player id="2">Player 2</player>
  <result type="3" winner="2"/>
 </game>
</stratego>