<?xml version="1.0" encoding="UTF-8"?>
<stratego>
 <game type="classic">
  
  <field content="FBCMBFEEDDBDKGHBEIEDHGEJGIHLDDDFIBDFBJHGAA__AA__AAAA__AA__AARPUXUSPSPPPSTVQPVWUPPTRQTROSRTQNNNNQYNQN"/>
  <move id="1" source="E4" target="E7"/>
  <move id="2" source="F7" target="F6"/>
  <move id="3" source="A4" target="A7"/>
  <move id="4" source="F6" target="E6"/>
  <move id="5" source="I4" target="I5"/>
  <move id="6" source="I7" target="I5"/>
  <move id="7" source="K4" target="I4"/>
  <move id="8" source="E7" target="F7"/>
  <move id="9" source="K3" target="K7"/>
  <move id="10" source="F7" target="F6"/>
  <move id="11" source="K2" target="K8"/>
  <move id="12" source="E6" target="E5"/>
  <move id="13" source="K1" target="K9"/>
  <move id="14" source="F6" target="F5"/>
  <move id="15" source="I4" target="K4"/>
  <move id="16" source="E5" target="E4"/>
  <move id="17" source="F4" target="E4"/>
  <move id="18" source="E4" target="E5"/>
  <move id="19" source="F3" target="F4"/>
  <move id="20" source="F5" target="F6"/>
  <move id="21" source="F4" target="F5"/>
  <move id="22" source="F6" target="F7"/>
  <move id="23" source="F5" target="E5"/>
  <move id="24" source="E8" target="E7"/>
  <move id="25" source="E5" target="F5"/>
  <move id="26" source="E7" target="E6"/>
  <move id="27" source="K4" target="K3"/>
  <move id="28" source="E6" target="F6"/>
  <move id="29" source="F5" target="F4"/>
  <move id="30" source="F6" target="F5"/>
  <move id="31" source="F4" target="F3"/>
  <move id="32" source="I8" target="I7"/>
  <move id="33" source="E3" target="E4"/>
  <move id="34" source="I7" target="I6"/>
  <move id="35" source="I5" target="I4"/>
  <move id="36" source="F5" target="F6"/>
  <move id="37" source="E4" target="E5"/>
  <move id="38" source="F7" target="E7"/>
  <move id="39" source="E5" target="E6"/>
  <move id="40" source="E7" target="E6"/>
  <move id="41" source="K3" target="K2"/>
  <move id="42" source="I6" target="K6"/>
  <move id="43" source="K2" target="K1"/>
  <move id="44" source="K6" target="K5"/>
  <move id="45" source="B4" target="B5"/>
  <move id="46" source="K5" target="K4"/>
  <move id="47" source="B5" target="B6"/>
  <move id="48" source="H7" target="I7"/>
  <move id="49" source="I3" target="K3"/>
  <move id="50" source="I7" target="K7"/>
  <move id="51" source="K3" target="K4"/>
  <move id="52" source="K4" target="I4"/>
  <move id="53" source="H4" target="I4"/>
  <move id="54" source="K7" target="K6"/>
  <move id="55" source="B6" target="B7"/>
  <move id="56" source="B8" target="B7"/>
  <move id="57" source="K1" target="K2"/>
  <move id="58" source="G7" target="H7"/>
  <move id="59" source="K2" target="K3"/>
  <move id="60" source="H7" target="I7"/>
  <move id="61" source="K3" target="K4"/>
  <move id="62" source="I7" target="I6"/>
  <move id="63" source="K4" target="K5"/>
  <move id="64" source="K6" target="K5"/>
  <move id="65" source="I2" target="I3"/>
  <move id="66" source="I6" target="I5"/>
  <move id="67" source="I4" target="H4"/>
  <move id="68" source="I5" target="I4"/>
  <move id="69" source="H2" target="I2"/>
  <move id="70" source="I4" target="I5"/>
  <move id="71" source="I1" target="K1"/>
  <move id="72" source="I5" target="I6"/>
  <move id="73" source="K1" target="K2"/>
  <move id="74" source="I6" target="I7"/>
  <move id="75" source="K2" target="K3"/>
  <move id="76" source="D7" target="E7"/>
  <move id="77" source="K3" target="K4"/>
  <move id="78" source="E7" target="F7"/>
  <move id="79" source="K4" target="K5"/>
  <move id="80" source="F6" target="F5"/>
  <move id="81" source="K5" target="K6"/>
  <move id="82" source="F5" target="E5"/>
  <move id="83" source="K6" target="K7"/>
  <move id="84" source="I7" target="I6"/>
  <move id="85" source="K7" target="F7"/>
  <move id="86" source="I6" target="K6"/>
  <move id="87" source="I3" target="I4"/>
  <move id="88" source="E5" target="F5"/>
  <move id="89" source="I4" target="I5"/>
  <move id="90" source="F5" target="F4"/>
  <move id="91" source="I5" target="I6"/>
  <move id="92" source="K6" target="K5"/>
  <move id="93" source="I6" target="I7"/>
  <move id="94" source="F4" target="G4"/>
  <move id="95" source="H4" target="G4"/>
  <move id="96" source="F7" target="G7"/>
  <move id="97" source="I7" target="I8"/>
  <move id="98" source="G7" target="H7"/>
  <move id="99" source="F3" target="F4"/>
  <move id="100" source="H7" target="I7"/>
  <move id="101" source="I8" target="I9"/>
  <move id="102" source="K5" target="K4"/>
  <move id="103" source="F4" target="F5"/>
  <move id="104" source="K4" target="K3"/>
  <move id="105" source="I2" target="I3"/>
  <move id="106" source="K3" target="K2"/>
  <move id="107" source="I3" target="K3"/>
  <move id="108" source="K2" target="I2"/>
  <move id="109" source="K3" target="I3"/>
  <move id="110" source="I2" target="K2"/>
  <move id="111" source="F5" target="F6"/>
  <move id="112" source="E6" target="E7"/>
  <move id="113" source="F6" target="E6"/>
  <move id="114" source="E7" target="F7"/>
  <move id="115" source="E6" target="E7"/>
  <move id="116" source="F7" target="F6"/>
  <move id="117" source="G4" target="F4"/>
  <move id="118" source="F8" target="E8"/>
  <move id="119" source="F4" target="F5"/>
  <move id="120" source="F6" target="F7"/>
  <move id="121" source="E7" target="F7"/>
  <move id="122" source="E8" target="F8"/>
  <move id="123" source="B3" target="B4"/>
  <move id="124" source="F8" target="F7"/>
  <move id="125" source="B4" target="B5"/>
  <move id="126" source="B7" target="B8"/>
  <move id="127" source="B5" target="B6"/>
  <move id="128" source="F7" target="F6"/>
  <move id="129" source="F5" target="F4"/>
  <move id="130" source="F6" target="F5"/>
  <move id="131" source="F4" target="G4"/>
  <move id="132" source="F5" target="F4"/>
  <move id="133" source="G4" target="H4"/>
  <move id="134" source="F4" target="G4"/>
  <move id="135" source="H4" target="I4"/>
  <move id="136" source="G4" target="H4"/>
  <move id="137" source="I4" target="K4"/>
  <move id="138" source="H4" target="H3"/>
  <move id="139" source="B6" target="B7"/>
  <move id="140" source="C7" target="B7"/>
  <move id="141" source="K4" target="I4"/>
  <move id="142" source="I7" target="I6"/>
  <move id="143" source="I4" target="H4"/>
  <move id="144" source="I6" target="I5"/>
  <move id="145" source="H4" target="G4"/>
  <move id="146" source="I5" target="I4"/>
  <move id="147" source="I3" target="K3"/>
  <move id="148" source="K2" target="I2"/>
  <move id="149" source="K3" target="K2"/>
  <move id="150" source="I2" target="I1"/>
  <move id="151" source="K2" target="I2"/>
  <move id="152" source="I1" target="K1"/>
  <move id="153" source="C4" target="B4"/>
  <move id="154" source="B7" target="C7"/>
  <move id="155" source="B4" target="B5"/>
  <move id="156" source="C7" target="D7"/>
  <move id="157" source="B5" target="B6"/>
  <move id="158" source="D7" target="E7"/>
  <move id="159" source="B6" target="B7"/>
  <move id="160" source="E7" target="F7"/>
  <move id="161" source="B7" target="A7"/>
  <move id="162" source="D8" target="D7"/>
  <move id="163" source="A7" target="A6"/>
  <move id="164" source="F7" target="F8"/>
  <move id="165" source="A6" target="A5"/>
  <move id="166" source="H8" target="H7"/>
  <move id="167" source="B2" target="B8"/>
  <move id="168" source="H7" target="G7"/>
  <move id="169" source="I2" target="K2"/>
  <move id="170" source="K1" target="I1"/>
  <move id="171" source="H3" target="H4"/>
  <move id="172" source="I4" target="I3"/>
  <move id="173" source="C2" target="B2"/>
  <move id="174" source="G7" target="F7"/>
  <move id="175" source="B2" target="B3"/>
  <move id="176" source="F7" target="F6"/>
  <move id="177" source="B3" target="B4"/>
  <move id="178" source="D7" target="D8"/>
  <move id="179" source="B4" target="B5"/>
  <move id="180" source="F6" target="E6"/>
  <move id="181" source="B5" target="B6"/>
  <move id="182" source="E6" target="E7"/>
  <move id="183" source="B6" target="B7"/>
  <move id="184" source="E7" target="D7"/>
  <move id="185" source="B7" target="B8"/>
  <move id="186" source="D7" target="C7"/>
  <move id="187" source="B8" target="B7"/>
  <move id="188" source="C7" target="B7"/>
  <move id="189" source="G4" target="F4"/>
  <move id="190" source="D8" target="D7"/>
  <move id="191" source="F4" target="F5"/>
  <move id="192" source="D7" target="C7"/>
  <move id="193" source="F5" target="F6"/>
  <move id="194" source="G8" target="G7"/>
  <move id="195" source="F6" target="F7"/>
  <move id="196" source="G7" target="F7"/>
  <move id="197" source="D3" target="E3"/>
  <move id="198" source="C7" target="B7"/>
  <move id="199" source="E3" target="E4"/>
  <move id="200" source="B7" target="B6"/>
  <move id="201" source="E4" target="E5"/>
  <move id="202" source="B6" target="A6"/>
  <move id="203" source="A5" target="B5"/>
  <move id="204" source="A6" target="B6"/>
  <move id="205" source="B5" target="A5"/>
  <move id="206" source="A8" target="A7"/>
  <move id="207" source="E5" target="E6"/>
  <move id="208" source="A7" target="A6"/>
  <move id="209" source="E6" target="E7"/>
  <move id="210" source="A6" target="A7"/>
  <move id="211" source="E7" target="F7"/>
  <move id="212" source="F8" target="G8"/>
  <move id="213" source="F7" target="F8"/>
  <move id="214" source="G8" target="G7"/>
  <move id="215" source="H4" target="I4"/>
  <move id="216" source="I3" target="I4"/>
  <move id="217" source="K2" target="I2"/>
  <move id="218" source="I1" target="K1"/>
  <move id="219" source="H1" target="I1"/>
  <move id="220" source="K1" target="K4"/>
  <move id="221" source="I2" target="I3"/>
  <move id="222" source="K4" target="D4"/>
  <move id="223" source="I3" target="I4"/>
  <move id="224" source="G7" target="H7"/>
  <move id="225" source="I4" target="I5"/>
  <move id="226" source="H7" target="I7"/>
  <move id="227" source="I5" target="I6"/>
  <move id="228" source="I7" target="I6"/>
  <move id="229" source="F8" target="F7"/>
  <move id="230" source="A7" target="A8"/>
  <move id="231" source="F7" target="G7"/>
  <move id="232" source="K9" target="K8"/>
  <move id="233" source="G7" target="H7"/>
  <move id="234" source="K8" target="K7"/>
  <move id="235" source="H7" target="I7"/>
  <move id="236" source="K7" target="K6"/>
  <move id="237" source="I7" target="I8"/>
  <move id="238" source="K6" target="K5"/>
  <move id="239" source="I8" target="I9"/>
  <move id="240" source="K5" target="K4"/>
  <move id="241" source="I1" target="I2"/>
  <move id="242" source="K4" target="I4"/>
  <move id="243" source="G3" target="H3"/>
  <move id="244" source="C8" target="D8"/>
  <move id="245" source="H3" target="I3"/>
  <move id="246" source="I4" target="H4"/>
  <move id="247" source="I2" target="K2"/>
  <move id="248" source="H4" target="I4"/>
  <move id="249" source="I3" target="I4"/>
  <move id="250" source="D8" target="E8"/>
  <move id="251" source="K2" target="K3"/>
  <move id="252" source="E8" target="F8"/>
  <move id="253" source="K3" target="K4"/>
  <move id="254" source="F8" target="G8"/>
  <move id="255" source="I9" target="I8"/>
  <move id="256" source="G8" target="G7"/>
  <move id="257" source="I8" target="H8"/>
  <move id="258" source="B6" target="A6"/>
  <move id="259" source="A5" target="B5"/>
  <move id="260" source="E9" target="E8"/>
  <move id="261" source="K4" target="K5"/>
  <move id="262" source="E8" target="E7"/>
  <move id="263" source="K5" target="K6"/>
  <move id="264" source="E7" target="E6"/>
  <move id="265" source="K6" target="I6"/>
  <move id="266" source="E6" target="E5"/>
  <move id="267" source="I6" target="I7"/>
  <move id="268" source="A6" target="B6"/>
  <move id="269" source="B5" target="A5"/>
  <move id="270" source="E5" target="E4"/>
  <move id="271" source="I7" target="I8"/>
  <move id="272" source="E4" target="E3"/>
  <move id="273" source="E2" target="E3"/>
  <move id="274" source="B9" target="B8"/>
  <move id="275" source="H8" target="G8"/>
  <move id="276" source="G7" target="H7"/>
  <move id="277" source="I8" target="H8"/>
  <move id="278" source="B8" target="C8"/>
  <move id="279" source="H8" target="H9"/>
  <move id="280" source="H7" target="I7"/>
  <move id="281" source="G8" target="H8"/>
  <move id="282" source="I7" target="I6"/>
  <move id="283" source="H8" target="H9"/>
  <move id="284" source="C8" target="D8"/>
  <move id="285" source="H9" target="H8"/>
  <move id="286" source="D8" target="D7"/>
  <move id="287" source="H8" target="H7"/>
  <move id="288" source="I6" target="I5"/>
  <move id="289" source="H7" target="I7"/>
  <move id="290" source="I5" target="I4"/>
  <move id="291" source="I7" target="I6"/>
  <move id="292" source="I4" target="I3"/>
  <move id="293" source="I6" target="I5"/>
  <move id="294" source="I3" target="H3"/>
  <move id="295" source="I5" target="I4"/>
  <move id="296" source="D7" target="E7"/>
  <move id="297" source="I4" target="H4"/>
  <move id="298" source="H3" target="I3"/>
  <move id="299" source="H4" target="G4"/>
  <move id="300" source="E7" target="E6"/>
  <move id="301" source="G4" target="F4"/>
  <move id="302" source="E6" target="E5"/>
  <move id="303" source="F4" target="E4"/>
  <move id="304" source="E5" target="F5"/>
  <move id="305" source="E4" target="F4"/>
  <move id="306" source="F5" target="E5"/>
  <move id="307" source="C3" target="D3"/>
  <move id="308" source="G9" target="H9"/>
  <move id="309" source="D3" target="E3"/>
  <move id="310" source="H9" target="H8"/>
  <move id="311" source="E3" target="E4"/>
  <move id="312" source="H8" target="I8"/>
  <move id="313" source="A3" target="B3"/>
  <move id="314" source="I8" target="K8"/>
  <move id="315" source="B3" target="C3"/>
  <move id="316" source="K8" target="K7"/>
  <move id="317" source="C3" target="D3"/>
  <move id="318" source="A8" target="K8"/>
  <move id="319" source="D3" target="E3"/>
  <move id="320" source="K7" target="K6"/>
  <move id="321" source="E3" target="F3"/>
  <move id="322" source="K6" target="K5"/>
  <move id="323" source="F3" target="G3"/>
  <move id="324" source="K5" target="K4"/>
  <move id="325" source="G3" target="H3"/>
  <move id="326" source="K4" target="K3"/>
  <move id="327" source="H3" target="I3"/>
  <move id="328" source="K3" target="I3"/>
  <move id="329" source="D2" target="D3"/>
  <move id="330" source="I3" target="H3"/>
  <move id="331" source="D3" target="E3"/>
  <move id="332" source="H3" target="H2"/>
  <move id="333" source="E3" target="F3"/>
  <move id="334" source="H2" target="H1"/>
  <move id="335" source="F3" target="G3"/>
  <move id="336" source="H1" target="G1"/>
  <move id="337" source="G3" target="H3"/>
  <move id="338" source="F9" target="F8"/>
  <move id="339" source="H3" target="I3"/>
  <move id="340" source="F8" target="G8"/>
  <move id="341" source="I3" target="I4"/>
  <move id="342" source="G8" target="G7"/>
  <move id="343" source="I4" target="I5"/>
  <move id="344" source="G7" target="H7"/>
  <move id="345" source="I5" target="I6"/>
  <move id="346" source="K8" target="K3"/>
  <move id="347" source="I6" target="I7"/>
  <move id="348" source="H7" target="H8"/>
  <move id="349" source="I7" target="I8"/>
  <move id="350" source="H8" target="H9"/>
  <move id="351" source="E4" target="E3"/>
  <move id="352" source="B6" target="A6"/>
  <move id="353" source="A5" target="B5"/>
  <move id="354" source="A6" target="B6"/>
  <move id="355" source="B5" target="A5"/>
  <move id="356" source="E5" target="E6"/>
  <move id="357" source="E3" target="F3"/>
  <move id="358" source="E6" target="E7"/>
  <move id="359" source="F3" target="G3"/>
  <move id="360" source="E7" target="F7"/>
  <move id="361" source="G3" target="H3"/>
  <move id="362" source="K3" target="K7"/>
  <move id="363" source="I8" target="H8"/>
  <move id="364" source="H9" target="G9"/>
  <move id="365" source="H3" target="I3"/>
  <move id="366" source="F7" target="G7"/>
  <move id="367" source="I3" target="K3"/>
  <move id="368" source="K7" target="I7"/>
  <move id="369" source="K3" target="K4"/>
  <move id="370" source="I7" target="I3"/>
  <move id="371" source="F4" target="F3"/>
  <move id="372" source="I3" target="I7"/>
  <move id="373" source="K4" target="K5"/>
  <move id="374" source="G7" target="G8"/>
  <move id="375" source="H8" target="H7"/>
  <move id="376" source="I7" target="I4"/>
  <move id="377" source="K5" target="I5"/>
  <move id="378" source="I4" target="E4"/>
  <move id="379" source="F3" target="E3"/>
  <move id="380" source="E4" target="E7"/>
  <move id="381" source="E3" target="E4"/>
  <move id="382" source="G8" target="G7"/>
  <move id="383" source="H7" target="H8"/>
  <move id="384" source="G7" target="G8"/>
  <move id="385" source="H8" target="H7"/>
  <move id="386" source="G9" target="H9"/>
  <move id="387" source="E4" target="F4"/>
  <move id="388" source="E7" target="E3"/>
  <move id="389" source="F4" target="E4"/>
  <move id="390" source="E3" target="D3"/>
  <move id="391" source="E4" target="E3"/>
  <move id="392" source="D3" target="D1"/>
  <player id="1">Player 1</player>
  <player id="2">Player 2</player>
  <result type="1" winner="2"/>
 </game>
</stratego>