<?xml version="1.0" encoding="UTF-8"?>
<stratego>
 <game type="ultimate lightning">
  
  <field content="DFDAHDBFBEEAIAAAJDGMAAAAAGACAHAAAAAAAALKAA__AA__AAAA__AA__AAATQAXOWNAAAPPAATAAAQAAAAAARSANVASPAUYPAR"/>
  <move id="1" source="F3" target="F4"/>
  <move id="2" source="E7" target="E6"/>
  <move id="3" source="F4" target="F5"/>
  <move id="4" source="G7" target="G8"/>
  <move id="5" source="K4" target="K5"/>
  <move id="6" source="F7" target="G7"/>
  <move id="7" source="I4" target="I5"/>
  <move id="8" source="A:" target="A9"/>
  <move id="9" source="I5" target="I6"/>
  <move id="10" source="A9" target="A8"/>
  <move id="11" source="K5" target="K6"/>
  <move id="12" source="A8" target="A7"/>
  <move id="13" source="B1" target="B2"/>
  <move id="14" source="A7" target="A6"/>
  <move id="15" source="B2" target="B3"/>
  <move id="16" source="A6" target="A5"/>
  <move id="17" source="B3" target="B4"/>
  <move id="18" source="A5" target="A4"/>
  <move id="19" source="B4" target="A4"/>
  <move id="20" source="A4" target="A3"/>
  <move id="21" source="A1" target="B1"/>
  <move id="22" source="A3" target="A2"/>
  <move id="23" source="B1" target="B7"/>
  <move id="24" source="A2" target="B2"/>
  <move id="25" source="C2" target="C3"/>
  <move id="26" source="B2" target="C2"/>
  <move id="27" source="C3" target="C4"/>
  <move id="28" source="C2" target="C1"/>
  <move id="29" source="E1" target="E2"/>
  <move id="30" source="B7" target="A7"/>
  <move id="31" source="E2" target="E3"/>
  <move id="32" source="C1" target="C2"/>
  <move id="33" source="C4" target="B4"/>
  <move id="34" source="B8" target="B4"/>
  <move id="35" source="B4" target="B5"/>
  <move id="36" source="C7" target="D7"/>
  <move id="37" source="B5" target="B6"/>
  <move id="38" source="D7" target="E7"/>
  <move id="39" source="B6" target="B7"/>
  <move id="40" source="A7" target="A6"/>
  <move id="41" source="B7" target="A7"/>
  <move id="42" source="A6" target="B6"/>
  <move id="43" source="A7" target="A8"/>
  <move id="44" source="F:" target="E:"/>
  <move id="45" source="A8" target="A9"/>
  <move id="46" source="E:" target="E9"/>
  <move id="47" source="K6" target="K7"/>
  <move id="48" source="E9" target="D9"/>
  <move id="49" source="K7" target="K8"/>
  <move id="50" source="G8" target="H8"/>
  <move id="51" source="K8" target="K9"/>
  <move id="52" source="D9" target="C9"/>
  <move id="53" source="F5" target="F6"/>
  <move id="54" source="E6" target="F6"/>
  <move id="55" source="F1" target="F2"/>
  <move id="56" source="C9" target="B9"/>
  <move id="57" source="A9" target="A:">   <rescue rescuefield="C3" rescuepiece="10"/>
  </move>
  <move id="58" source="C2" target="D2"/>
  <move id="59" source="F2" target="F3"/>
  <move id="60" source="D2" target="E2"/>
  <move id="61" source="E3" target="D3"/>
  <move id="62" source="E2" target="F2"/>
  <move id="63" source="G2" target="F2"/>
  <move id="64" source="E7" target="E6"/>
  <move id="65" source="H3" target="G3"/>
  <move id="66" source="E6" target="E5"/>
  <move id="67" source="F3" target="F4"/>
  <move id="68" source="E5" target="E4"/>
  <move id="69" source="F4" target="E4"/>
  <move id="70" source="E4" target="E3"/>
  <move id="71" source="D3" target="E3"/>
  <move id="72" source="B6" target="A6"/>
  <move id="73" source="E3" target="D2"/>
  <move id="74" source="A6" target="A5"/>
  <move id="75" source="D2" target="B2"/>
  <move id="76" source="A5" target="A4"/>
  <move id="77" source="C3" target="C4"/>
  <move id="78" source="A4" target="A3"/>
  <move id="79" source="B2" target="A3"/>
  <move id="80" source="F6" target="E6"/>
  <move id="81" source="F2" target="F3"/>
  <move id="82" source="E6" target="E7"/>
  <move id="83" source="F3" target="F4"/>
  <move id="84" source="E7" target="D7"/>
  <move id="85" source="F4" target="G4"/>
  <move id="86" source="D7" target="C7"/>
  <move id="87" source="G4" target="H4"/>
  <move id="88" source="C7" target="B7"/>
  <move id="89" source="H4" target="I4"/>
  <move id="90" source="B7" target="B8"/>
  <move id="91" source="I4" target="I5"/>
  <move id="92" source="B8" target="A8"/>
  <move id="93" source="I5" target="K5"/>
  <move id="94" source="A8" target="A9"/>
  <move id="95" source="A:" target="B:"/>
  <move id="96" source="B9" target="B:"/>
  <move id="97" source="K5" target="K6"/>
  <move id="98" source="H8" target="I8"/>
  <move id="99" source="K6" target="K7"/>
  <move id="100" source="G7" target="G8"/>
  <move id="101" source="K7" target="K6"/>
  <move id="102" source="G8" target="H8"/>
  <move id="103" source="K6" target="K5"/>
  <move id="104" source="B:" target="A:"/>
  <move id="105" source="K5" target="I5"/>
  <move id="106" source="A9" target="B9"/>
  <move id="107" source="I5" target="I4"/>
  <move id="108" source="B9" target="C9"/>
  <move id="109" source="I4" target="H4"/>
  <move id="110" source="C9" target="D9"/>
  <move id="111" source="H4" target="G4"/>
  <move id="112" source="D9" target="E9"/>
  <move id="113" source="G4" target="F4"/>
  <move id="114" source="E9" target="E8"/>
  <move id="115" source="F4" target="F5"/>
  <move id="116" source="E8" target="E7"/>
  <move id="117" source="C4" target="B4"/>
  <move id="118" source="A:" target="A9"/>
  <move id="119" source="B4" target="B5"/>
  <move id="120" source="A9" target="A8"/>
  <move id="121" source="B5" target="B6"/>
  <move id="122" source="A8" target="A7"/>
  <move id="123" source="A3" target="B3"/>
  <move id="124" source="F8" target="F7"/>
  <move id="125" source="F5" target="E5"/>
  <move id="126" source="F7" target="F6"/>
  <move id="127" source="H2" target="F2"/>
  <move id="128" source="F6" target="F5"/>
  <move id="129" source="E5" target="E4"/>
  <move id="130" source="F5" target="E4"/>
  <move id="131" source="F2" target="F4"/>
  <move id="132" source="C8" target="D8"/>
  <move id="133" source="F4" target="H4"/>
  <move id="134" source="D8" target="E8"/>
  <move id="135" source="H4" target="K4"/>
  <move id="136" source="E8" target="F8"/>
  <move id="137" source="K4" target="K8"/>
  <move id="138" source="F8" target="F3"/>
  <move id="139" source="G3" target="G4"/>
  <move id="140" source="F3" target="G3"/>
  <move id="141" source="G4" target="H4"/>
  <move id="142" source="I8" target="K8"/>
  <move id="143" source="E4" target="F4"/>
  <move id="144" source="K8" target="I8"/>
  <move id="145" source="K3" target="I3"/>
  <move id="146" source="E7" target="F7"/>
  <move id="147" source="I3" target="G3"/>
  <move id="148" source="F7" target="F6"/>
  <move id="149" source="G3" target="I3"/>
  <move id="150" source="F6" target="F5"/>
  <move id="151" source="H4" target="G4"/>
  <move id="152" source="D:" target="D9"/>
  <move id="153" source="I3" target="K4"/>
  <move id="154" source="D9" target="E9"/>
  <move id="155" source="B3" target="D3"/>
  <move id="156" source="F5" target="E5"/>
  <move id="157" source="I6" target="K6"/>
  <move id="158" source="E9" target="E8"/>
  <move id="159" source="K4" target="I5"/>
  <move id="160" source="E8" target="E7"/>
  <move id="161" source="I5" target="I6"/>
  <move id="162" source="E7" target="F7"/>
  <move id="163" source="I6" target="H7"/>
  <move id="164" source="K:" target="K9"/>
  <move id="165" source="B6" target="B7"/>
  <move id="166" source="A7" target="A6"/>
  <move id="167" source="B7" target="B8"/>
  <move id="168" source="E5" target="E6"/>
  <move id="169" source="B8" target="B9"/>
  <move id="170" source="E6" target="E7"/>
  <move id="171" source="B9" target="C9"/>
  <move id="172" source="C:" target="B:"/>
  <move id="173" source="F4" target="F5"/>
  <move id="174" source="E7" target="E8"/>
  <move id="175" source="F5" target="F6"/>
  <move id="176" source="F7" target="I7"/>
  <move id="177" source="D3" target="F3"/>
  <move id="178" source="A6" target="A5"/>
  <move id="179" source="F3" target="H3"/>
  <move id="180" source="A5" target="A4"/>
  <move id="181" source="H3" target="I4"/>
  <move id="182" source="H8" target="H7"/>
  <move id="183" source="F6" target="F7"/>
  <move id="184" source="A4" target="A3"/>
  <move id="185" source="F7" target="G7"/>
  <move id="186" source="I8" target="H8"/>
  <move id="187" source="C9" target="D9"/>
  <move id="188" source="A3" target="A2"/>
  <move id="189" source="I4" target="I6"/>
  <move id="190" source="A2" target="A1">   <rescue rescuefield="I8" rescuepiece="9"/>
  </move>
  <move id="191" source="D9" target="D:">   <rescue rescuefield="F4" rescuepiece="7"/>
  </move>
  <move id="192" source="E8" target="E9"/>
  <move id="193" source="F4" target="F6"/>
  <move id="194" source="A1" target="B1"/>
  <move id="195" source="F6" target="F8"/>
  <move id="196" source="E9" target="F9"/>
  <move id="197" source="F8" target="F7"/>
  <move id="198" source="B1" target="C1"/>
  <move id="199" source="D:" target="E:"/>
  <move id="200" source="H8" target="G8"/>
  <move id="201" source="G7" target="H7"/>
  <move id="202" source="G8" target="G7"/>
  <move id="203" source="F7" target="E8"/>
  <move id="204" source="C1" target="D1"/>
  <move id="205" source="K6" target="K7"/>
  <move id="206" source="D1" target="E1"/>
  <move id="207" source="K7" target="K8"/>
  <move id="208" source="E1" target="F1"/>
  <move id="209" source="K8" target="I8"/>
  <move id="210" source="F1" target="G1"/>
  <move id="211" source="I8" target="K8"/>
  <move id="212" source="G7" target="H7"/>
  <move id="213" source="E8" target="G8"/>
  <move id="214" source="B:" target="B9"/>
  <move id="215" source="G8" target="H9"/>
  <player id="1">Player 1</player>
  <player id="2">Player 2</player>
  <result type="3" winner="1"/>
 </game>
</stratego>