<?xml version="1.0" encoding="UTF-8"?>
<stratego>
 <game type="barrage">
  
  <field content="MEAAAAAAAABDAAAAAAAAAAAAAAAAAADAAACLAAKAAA__AA__AAAA__AA__AAAPAAPAAAWAAAAAAAAAAXAAAAAAAAQNAAAAAAAAOY"/>
  <move id="1" source="B2" target="C2"/>
  <move id="2" source="I7" target="I6"/>
  <move id="3" source="C2" target="D2"/>
  <move id="4" source="I6" target="I5"/>
  <move id="5" source="I4" target="I5"/>
  <move id="6" source="B7" target="B6"/>
  <move id="7" source="E4" target="D4"/>
  <move id="8" source="B6" target="B5"/>
  <move id="9" source="D4" target="C4"/>
  <move id="10" source="B5" target="A5"/>
  <move id="11" source="C4" target="B4"/>
  <move id="12" source="I9" target="I8"/>
  <move id="13" source="F4" target="E4"/>
  <move id="14" source="I8" target="I7"/>
  <move id="15" source="E4" target="D4"/>
  <move id="16" source="I7" target="I6"/>
  <move id="17" source="D4" target="C4"/>
  <move id="18" source="I6" target="I5"/>
  <move id="19" source="C4" target="C3"/>
  <move id="20" source="I5" target="I4"/>
  <move id="21" source="C3" target="B3"/>
  <move id="22" source="I4" target="H4"/>
  <move id="23" source="A4" target="A3"/>
  <move id="24" source="H4" target="G4"/>
  <move id="25" source="B4" target="A4"/>
  <move id="26" source="A5" target="B5"/>
  <move id="27" source="A4" target="A5"/>
  <move id="28" source="B5" target="B6"/>
  <move id="29" source="D2" target="D1"/>
  <move id="30" source="G4" target="F4"/>
  <move id="31" source="B3" target="C3"/>
  <move id="32" source="F4" target="F3"/>
  <move id="33" source="C3" target="D3"/>
  <move id="34" source="F3" target="F2"/>
  <move id="35" source="D1" target="C1"/>
  <move id="36" source="F2" target="E2"/>
  <move id="37" source="C1" target="C2"/>
  <move id="38" source="E2" target="E1"/>
  <move id="39" source="D3" target="D2"/>
  <move id="40" source="E7" target="E6"/>
  <move id="41" source="A3" target="B3"/>
  <move id="42" source="E6" target="E5"/>
  <move id="43" source="B3" target="B4"/>
  <move id="44" source="E5" target="E4"/>
  <move id="45" source="A5" target="A4"/>
  <move id="46" source="E4" target="D4"/>
  <move id="47" source="A4" target="A3"/>
  <move id="48" source="D4" target="C4"/>
  <move id="49" source="B4" target="B3"/>
  <move id="50" source="K8" target="I8"/>
  <move id="51" source="C2" target="C1"/>
  <move id="52" source="I8" target="H8"/>
  <move id="53" source="C1" target="D1"/>
  <move id="54" source="H8" target="G8"/>
  <move id="55" source="D1" target="C1"/>
  <move id="56" source="G8" target="F8"/>
  <move id="57" source="D2" target="D1"/>
  <move id="58" source="E1" target="E2"/>
  <move id="59" source="B3" target="B2"/>
  <move id="60" source="B6" target="B2"/>
  <move id="61" source="C1" target="C2"/>
  <move id="62" source="F8" target="F7"/>
  <move id="63" source="D1" target="D2"/>
  <move id="64" source="E2" target="E1"/>
  <move id="65" source="A3" target="B3"/>
  <move id="66" source="F7" target="F6"/>
  <move id="67" source="D2" target="D3"/>
  <move id="68" source="E1" target="D1"/>
  <move id="69" source="D3" target="D2"/>
  <move id="70" source="D1" target="E1"/>
  <move id="71" source="D2" target="D3"/>
  <move id="72" source="F6" target="F5"/>
  <move id="73" source="B3" target="B4"/>
  <move id="74" source="C4" target="C2"/>
  <move id="75" source="D3" target="D2"/>
  <move id="76" source="F5" target="F4"/>
  <move id="77" source="B4" target="C4"/>
  <move id="78" source="F4" target="E4"/>
  <move id="79" source="C4" target="C3"/>
  <move id="80" source="E4" target="D4"/>
  <move id="81" source="C3" target="C2"/>
  <move id="82" source="D4" target="C4"/>
  <move id="83" source="C2" target="C1"/>
  <move id="84" source="C4" target="B4"/>
  <move id="85" source="C1" target="D1"/>
  <move id="86" source="E1" target="F1"/>
  <move id="87" source="D2" target="E2"/>
  <move id="88" source="B4" target="B3"/>
  <move id="89" source="D1" target="C1"/>
  <move id="90" source="B3" target="A3"/>
  <move id="91" source="C1" target="C2"/>
  <move id="92" source="A3" target="B3"/>
  <move id="93" source="B1" target="C1"/>
  <move id="94" source="I:" target="I9"/>
  <move id="95" source="C1" target="D1"/>
  <move id="96" source="I9" target="I8"/>
  <move id="97" source="D1" target="D2"/>
  <move id="98" source="I8" target="H8"/>
  <move id="99" source="D2" target="D3"/>
  <move id="100" source="H8" target="G8"/>
  <move id="101" source="D3" target="D4"/>
  <move id="102" source="G8" target="F8"/>
  <move id="103" source="D4" target="E4"/>
  <move id="104" source="F8" target="F7"/>
  <move id="105" source="E4" target="E5"/>
  <move id="106" source="F7" target="F6"/>
  <move id="107" source="E5" target="E6"/>
  <move id="108" source="F6" target="F5"/>
  <move id="109" source="E6" target="E7"/>
  <move id="110" source="F5" target="F4"/>
  <move id="111" source="E7" target="F7"/>
  <move id="112" source="F4" target="E4"/>
  <move id="113" source="F7" target="G7"/>
  <move id="114" source="E4" target="D4"/>
  <move id="115" source="G7" target="H7"/>
  <move id="116" source="D4" target="C4"/>
  <move id="117" source="H7" target="I7"/>
  <move id="118" source="C4" target="C3"/>
  <move id="119" source="I7" target="I8"/>
  <move id="120" source="C3" target="C2"/>
  <move id="121" source="I8" target="K8"/>
  <move id="122" source="B3" target="B2"/>
  <move id="123" source="K8" target="K9"/>
  <move id="124" source="B2" target="A2"/>
  <move id="125" source="K9" target="K:"/>
  <player id="1">Player 1</player>
  <player id="2">Player 2</player>
  <result type="1" winner="1"/>
 </game>
</stratego>