<?xml version="1.0" encoding="UTF-8"?>
<stratego>
 <game type="barrage">
  
  <field content="AAAAAAAAEMAAAAAAAAABAAAAAAAAAADAAACKAALDAA__AA__AAAA__AA__AAAAAAAAAAOXAAAAAAAAPWAAAAAAAAPYAAAAAAAAQN"/>
  <move id="1" source="F4" target="F5"/>
  <move id="2" source="I8" target="H8"/>
  <move id="3" source="F5" target="F6"/>
  <move id="4" source="H8" target="G8"/>
  <move id="5" source="F6" target="F7"/>
  <move id="6" source="I7" target="I6"/>
  <move id="7" source="A4" target="A5"/>
  <move id="8" source="I6" target="I5"/>
  <move id="9" source="I4" target="I5"/>
  <move id="10" source="G8" target="G7"/>
  <move id="11" source="F7" target="F8"/>
  <move id="12" source="G7" target="G8"/>
  <move id="13" source="F8" target="F7"/>
  <move id="14" source="G8" target="G7"/>
  <move id="15" source="F7" target="F8"/>
  <move id="16" source="G7" target="H7"/>
  <move id="17" source="F8" target="G8"/>
  <move id="18" source="H7" target="H8"/>
  <move id="19" source="G8" target="G7"/>
  <move id="20" source="H8" target="H7"/>
  <move id="21" source="G7" target="G8"/>
  <move id="22" source="K8" target="I8"/>
  <move id="23" source="G8" target="G9"/>
  <move id="24" source="I8" target="H8"/>
  <move id="25" source="I5" target="I6"/>
  <move id="26" source="H7" target="G7"/>
  <move id="27" source="K4" target="K7"/>
  <move id="28" source="H8" target="H9"/>
  <move id="29" source="G9" target="G8"/>
  <move id="30" source="G7" target="F7"/>
  <move id="31" source="G8" target="G7"/>
  <move id="32" source="F7" target="E7"/>
  <move id="33" source="E4" target="F4"/>
  <move id="34" source="H9" target="H8"/>
  <move id="35" source="A5" target="A6"/>
  <move id="36" source="E7" target="E6"/>
  <move id="37" source="G7" target="F7"/>
  <move id="38" source="H8" target="H7"/>
  <move id="39" source="F7" target="F6"/>
  <move id="40" source="E6" target="E5"/>
  <move id="41" source="F6" target="F5"/>
  <move id="42" source="E5" target="E4"/>
  <move id="43" source="F4" target="G4"/>
  <move id="44" source="E4" target="G4"/>
  <move id="45" source="F5" target="F4"/>
  <move id="46" source="G4" target="G1"/>
  <move id="47" source="F4" target="F3"/>
  <move id="48" source="G1" target="A1"/>
  <move id="49" source="A6" target="B6"/>
  <move id="50" source="A1" target="B1"/>
  <move id="51" source="B6" target="A6"/>
  <move id="52" source="B1" target="A1"/>
  <move id="53" source="A6" target="B6"/>
  <move id="54" source="A1" target="A6"/>
  <move id="55" source="B6" target="B5"/>
  <move id="56" source="A6" target="B6"/>
  <move id="57" source="B5" target="A5"/>
  <move id="58" source="B6" target="B5"/>
  <move id="59" source="A5" target="A6"/>
  <move id="60" source="B5" target="B6"/>
  <move id="61" source="A6" target="A5"/>
  <move id="62" source="B6" target="A6"/>
  <move id="63" source="A5" target="B5"/>
  <move id="64" source="A6" target="B6"/>
  <move id="65" source="B5" target="A5"/>
  <move id="66" source="I9" target="A9"/>
  <move id="67" source="F3" target="E3"/>
  <move id="68" source="A9" target="A5"/>
  <move id="69" source="E3" target="E4"/>
  <move id="70" source="H7" target="G7"/>
  <move id="71" source="E4" target="E5"/>
  <move id="72" source="G7" target="F7"/>
  <move id="73" source="E5" target="E6"/>
  <move id="74" source="B6" target="B1"/>
  <move id="75" source="E6" target="E5"/>
  <move id="76" source="F7" target="F6"/>
  <move id="77" source="E5" target="E4"/>
  <move id="78" source="F6" target="F5"/>
  <move id="79" source="E4" target="E3"/>
  <move id="80" source="F5" target="F4"/>
  <move id="81" source="E3" target="E2"/>
  <move id="82" source="F4" target="F3"/>
  <move id="83" source="E2" target="E1"/>
  <move id="84" source="F3" target="F2"/>
  <move id="85" source="E1" target="D1"/>
  <move id="86" source="B1" target="B:"/>
  <move id="87" source="D1" target="D2"/>
  <move id="88" source="F2" target="F3"/>
  <move id="89" source="D2" target="D3"/>
  <move id="90" source="F3" target="E3"/>
  <move id="91" source="D3" target="D4"/>
  <move id="92" source="E3" target="E4"/>
  <move id="93" source="D4" target="C4"/>
  <move id="94" source="E4" target="E5"/>
  <move id="95" source="C4" target="B4"/>
  <move id="96" source="E5" target="E6"/>
  <move id="97" source="B4" target="B5"/>
  <move id="98" source="E6" target="E7"/>
  <move id="99" source="B5" target="B6"/>
  <move id="100" source="E7" target="D7"/>
  <move id="101" source="B6" target="B7"/>
  <move id="102" source="B:" target="F:"/>
  <move id="103" source="B7" target="B6"/>
  <move id="104" source="D7" target="E7"/>
  <move id="105" source="B6" target="B5"/>
  <move id="106" source="E7" target="E6"/>
  <move id="107" source="B5" target="B6"/>
  <move id="108" source="F:" target="F1"/>
  <move id="109" source="B6" target="B7"/>
  <move id="110" source="F1" target="E1"/>
  <move id="111" source="B7" target="C7"/>
  <move id="112" source="E1" target="A1"/>
  <move id="113" source="C7" target="B7"/>
  <move id="114" source="I:" target="H:"/>
  <move id="115" source="B7" target="B6"/>
  <move id="116" source="H:" target="G:"/>
  <move id="117" source="B6" target="B5"/>
  <move id="118" source="G:" target="F:"/>
  <move id="119" source="B5" target="B4"/>
  <move id="120" source="F:" target="F9"/>
  <move id="121" source="I6" target="I5"/>
  <move id="122" source="K7" target="K6"/>
  <move id="123" source="I5" target="I4"/>
  <move id="124" source="F9" target="F8"/>
  <move id="125" source="I4" target="H4"/>
  <move id="126" source="K6" target="K5"/>
  <move id="127" source="H4" target="G4"/>
  <move id="128" source="K5" target="K4"/>
  <move id="129" source="G4" target="F4"/>
  <move id="130" source="K4" target="I4"/>
  <move id="131" source="F4" target="F3"/>
  <move id="132" source="I4" target="I3"/>
  <move id="133" source="F3" target="F2"/>
  <move id="134" source="A1" target="I1"/>
  <move id="135" source="F2" target="G2"/>
  <move id="136" source="I3" target="I2"/>
  <move id="137" source="I1" target="H1"/>
  <move id="138" source="I2" target="I1"/>
  <move id="139" source="H1" target="H2"/>
  <move id="140" source="I1" target="K1"/>
  <player id="1">Player 1</player>
  <player id="2">Player 2</player>
  <result type="1" winner="2"/>
 </game>
</stratego>