<?xml version="1.0" encoding="UTF-8"?>
<stratego>
 <game type="barrage">
  
  <field content="AAAAAAAAEMAAAAAAAAABAAAAAAAAADDAAACAAALKAA__AA__AAAA__AA__AAAAAAYXAAWAAAAAAAAAONAAAAAAAAPPAAAAAAAAQA"/>
  <move id="1" source="I4" target="I5"/>
  <move id="2" source="F7" target="F6"/>
  <move id="3" source="I5" target="I6"/>
  <move id="4" source="F6" target="F5"/>
  <move id="5" source="I6" target="I7"/>
  <move id="6" source="I8" target="I7"/>
  <move id="7" source="K3" target="I3"/>
  <move id="8" source="F5" target="F4"/>
  <move id="9" source="E4" target="E5"/>
  <move id="10" source="F4" target="F3"/>
  <move id="11" source="I3" target="H3"/>
  <move id="12" source="I7" target="H7"/>
  <move id="13" source="K4" target="K5"/>
  <move id="14" source="I9" target="I3"/>
  <move id="15" source="H3" target="H2"/>
  <move id="16" source="F3" target="G3"/>
  <move id="17" source="A4" target="A8"/>
  <move id="18" source="I3" target="H3"/>
  <move id="19" source="H2" target="I2"/>
  <move id="20" source="H3" target="H2"/>
  <move id="21" source="I2" target="I8"/>
  <move id="22" source="G3" target="H3"/>
  <move id="23" source="A8" target="A9"/>
  <move id="24" source="H3" target="I3"/>
  <move id="25" source="A9" target="K9"/>
  <move id="26" source="H2" target="K2"/>
  <move id="27" source="I8" target="K8"/>
  <move id="28" source="I3" target="I2"/>
  <move id="29" source="K5" target="K6"/>
  <move id="30" source="I2" target="I1"/>
  <move id="31" source="K6" target="I6"/>
  <move id="32" source="H7" target="I7"/>
  <move id="33" source="E5" target="E6"/>
  <move id="34" source="I1" target="K1"/>
  <player id="1">Player 1</player>
  <player id="2">Player 2</player>
  <result type="1" winner="2"/>
 </game>
</stratego>