<?xml version="1.0" encoding="UTF-8"?>
<stratego>
 <game type="barrage">
  
  <field content="AAAAAAAABMAAAAAAAAAEAAAAAAAAADAAAADLAAKCAA__AA__AAAA__AA__AAAAAAAAAAXWAAAAAAAAQOAAAAAAAAPPAAAAAAAANY"/>
  <move id="1" source="E4" target="E5"/>
  <move id="2" source="I7" target="H7"/>
  <move id="3" source="E5" target="E6"/>
  <move id="4" source="H7" target="G7"/>
  <move id="5" source="E6" target="E7"/>
  <move id="6" source="G7" target="F7"/>
  <move id="7" source="E7" target="E8"/>
  <move id="8" source="F7" target="F8"/>
  <move id="9" source="E8" target="E9"/>
  <move id="10" source="F8" target="F9"/>
  <move id="11" source="E9" target="E:"/>
  <move id="12" source="F9" target="F:"/>
  <move id="13" source="E:" target="E9"/>
  <move id="14" source="F:" target="F9"/>
  <move id="15" source="E9" target="E8"/>
  <move id="16" source="F9" target="G9"/>
  <move id="17" source="F4" target="F5"/>
  <move id="18" source="G9" target="G8"/>
  <move id="19" source="F5" target="F6"/>
  <move id="20" source="G8" target="F8"/>
  <move id="21" source="E8" target="E9"/>
  <move id="22" source="F8" target="F7"/>
  <move id="23" source="F6" target="F7"/>
  <move id="24" source="K7" target="K6"/>
  <move id="25" source="I4" target="I5"/>
  <move id="26" source="K6" target="K5"/>
  <move id="27" source="I5" target="K5"/>
  <move id="28" source="I8" target="I7"/>
  <move id="29" source="K4" target="K5"/>
  <move id="30" source="I7" target="I6"/>
  <move id="31" source="E9" target="F9"/>
  <move id="32" source="I6" target="I5"/>
  <move id="33" source="K5" target="K6"/>
  <move id="34" source="I5" target="I4"/>
  <move id="35" source="F9" target="G9"/>
  <move id="36" source="I4" target="I3"/>
  <move id="37" source="K3" target="K4"/>
  <move id="38" source="I3" target="K3"/>
  <move id="39" source="K4" target="I4"/>
  <move id="40" source="K3" target="K2"/>
  <move id="41" source="I4" target="K4"/>
  <move id="42" source="I9" target="I2"/>
  <move id="43" source="K6" target="K7"/>
  <move id="44" source="I2" target="K2"/>
  <move id="45" source="K4" target="K2"/>
  <move id="46" source="K9" target="G9"/>
  <move id="47" source="K7" target="I7"/>
  <move id="48" source="K8" target="I8"/>
  <move id="49" source="I7" target="H7"/>
  <move id="50" source="I8" target="H8"/>
  <move id="51" source="H7" target="I7"/>
  <move id="52" source="H8" target="I8"/>
  <move id="53" source="I7" target="K7"/>
  <move id="54" source="I8" target="I9"/>
  <move id="55" source="K7" target="K8"/>
  <move id="56" source="I9" target="K9"/>
  <move id="57" source="K8" target="I8"/>
  <move id="58" source="K9" target="K8"/>
  <move id="59" source="I8" target="I9"/>
  <move id="60" source="K8" target="K9"/>
  <move id="61" source="I9" target="I8"/>
  <move id="62" source="K9" target="I9"/>
  <move id="63" source="I8" target="K8"/>
  <move id="64" source="I9" target="K9"/>
  <move id="65" source="K8" target="I8"/>
  <move id="66" source="K9" target="I9"/>
  <move id="67" source="I8" target="K8"/>
  <move id="68" source="I9" target="I8"/>
  <move id="69" source="K8" target="K9"/>
  <move id="70" source="I8" target="K8"/>
  <move id="71" source="K9" target="K:"/>
  <player id="1">Player 1</player>
  <player id="2">Player 2</player>
  <result type="1" winner="1"/>
 </game>
</stratego>