<?xml version="1.0" encoding="UTF-8"?>
<stratego>
 <game type="barrage">
  
  <field content="MEAAAAAAAABAAAAAAAAAAAAAAAAAAADAAAKLAACDAA__AA__AAAA__AA__AAAAAAAPAAAWAAAAAAAAXOAAAAAAAAQPAAAAAAAANY"/>
  <move id="1" source="I4" target="I5"/>
  <move id="2" source="F7" target="F6"/>
  <move id="3" source="I5" target="I6"/>
  <move id="4" source="F6" target="F5"/>
  <move id="5" source="F4" target="F5"/>
  <move id="6" source="K7" target="K6"/>
  <move id="7" source="I6" target="I7"/>
  <move id="8" source="I8" target="I7"/>
  <move id="9" source="E4" target="E5"/>
  <move id="10" source="K6" target="K5"/>
  <move id="11" source="K4" target="I4"/>
  <move id="12" source="K5" target="I5"/>
  <move id="13" source="I4" target="I3"/>
  <move id="14" source="I5" target="I4"/>
  <move id="15" source="I3" target="K3"/>
  <move id="16" source="I4" target="K4"/>
  <move id="17" source="K3" target="I3"/>
  <move id="18" source="K4" target="K3"/>
  <move id="19" source="I3" target="I4"/>
  <move id="20" source="K3" target="I3"/>
  <move id="21" source="I4" target="K4"/>
  <move id="22" source="I7" target="I6"/>
  <move id="23" source="F5" target="F4"/>
  <move id="24" source="I6" target="K6"/>
  <move id="25" source="F4" target="G4"/>
  <move id="26" source="K6" target="K5"/>
  <move id="27" source="K4" target="K1"/>
  <move id="28" source="I3" target="I2"/>
  <move id="29" source="G4" target="G3"/>
  <move id="30" source="I2" target="I1"/>
  <move id="31" source="K1" target="K2"/>
  <move id="32" source="I1" target="I2"/>
  <move id="33" source="K2" target="K1"/>
  <move id="34" source="I2" target="I1"/>
  <move id="35" source="K1" target="K2"/>
  <move id="36" source="K5" target="I5"/>
  <move id="37" source="E5" target="E6"/>
  <move id="38" source="I1" target="H1"/>
  <move id="39" source="G3" target="G2"/>
  <move id="40" source="I5" target="I6"/>
  <move id="41" source="E6" target="E7"/>
  <move id="42" source="I6" target="I7"/>
  <move id="43" source="E7" target="E8"/>
  <move id="44" source="I7" target="H7"/>
  <move id="45" source="E8" target="F8"/>
  <move id="46" source="H7" target="G7"/>
  <move id="47" source="F8" target="F9"/>
  <move id="48" source="G7" target="G8"/>
  <move id="49" source="F9" target="F:"/>
  <move id="50" source="G8" target="G9"/>
  <move id="51" source="K2" target="K3"/>
  <move id="52" source="K8" target="I8"/>
  <move id="53" source="A4" target="B4"/>
  <move id="54" source="I8" target="H8"/>
  <move id="55" source="B4" target="B3"/>
  <move id="56" source="H8" target="G8"/>
  <move id="57" source="B3" target="C3"/>
  <move id="58" source="G8" target="G7"/>
  <move id="59" source="C3" target="C2"/>
  <move id="60" source="G7" target="F7"/>
  <move id="61" source="C2" target="D2"/>
  <move id="62" source="F7" target="E7"/>
  <move id="63" source="D2" target="E2"/>
  <move id="64" source="E7" target="D7"/>
  <move id="65" source="E2" target="E1"/>
  <move id="66" source="D7" target="C7"/>
  <move id="67" source="E1" target="F1"/>
  <move id="68" source="G9" target="F9"/>
  <move id="69" source="F:" target="G:"/>
  <move id="70" source="F9" target="E9"/>
  <move id="71" source="G:" target="H:"/>
  <move id="72" source="E9" target="D9"/>
  <move id="73" source="H:" target="H9"/>
  <move id="74" source="D9" target="C9"/>
  <move id="75" source="H9" target="I9"/>
  <move id="76" source="C9" target="B9"/>
  <move id="77" source="K3" target="K9"/>
  <move id="78" source="B9" target="B8"/>
  <move id="79" source="I9" target="K9"/>
  <move id="80" source="B8" target="B7"/>
  <move id="81" source="F1" target="F:"/>
  <move id="82" source="B7" target="B6"/>
  <move id="83" source="F:" target="I:"/>
  <move id="84" source="B6" target="B5"/>
  <move id="85" source="K9" target="K:"/>
  <player id="1">Player 1</player>
  <player id="2">Player 2</player>
  <result type="1" winner="1"/>
 </game>
</stratego>