<?xml version="1.0" encoding="UTF-8"?>
<stratego>
 <game type="classic">
  
  <field content="EGFMBFBGBELEBBGJEDEDIJCHDHDKDHDGIHDFBIDFAA__AA__AAAA__AA__AAXTUQSTPPPTRPVVWPRNNSUPROPSNRSPUQQQTNYNNQ"/>
  <move id="1" source="I4" target="I7"/>
  <move id="2" source="H7" target="I7"/>
  <move id="3" source="H4" target="I4"/>
  <move id="4" source="K7" target="K6"/>
  <move id="5" source="I4" target="I5"/>
  <move id="6" source="B7" target="B6"/>
  <move id="7" source="I5" target="K5"/>
  <move id="8" source="K6" target="K5"/>
  <move id="9" source="I3" target="I7"/>
  <move id="10" source="A7" target="A6"/>
  <move id="11" source="K5" target="I5"/>
  <move id="12" source="B6" target="B5"/>
  <move id="13" source="I5" target="I4"/>
  <move id="14" source="A6" target="B6"/>
  <move id="15" source="I4" target="I3"/>
  <move id="16" source="B5" target="B4"/>
  <move id="17" source="C4" target="B4"/>
  <move id="18" source="B6" target="B5"/>
  <move id="19" source="C3" target="C4"/>
  <move id="20" source="B5" target="B4"/>
  <move id="21" source="C4" target="B4"/>
  <move id="22" source="B8" target="B4"/>
  <move id="23" source="A4" target="B4"/>
  <move id="24" source="C8" target="B8"/>
  <move id="25" source="B3" target="C3"/>
  <move id="26" source="B8" target="B7"/>
  <move id="27" source="H3" target="H4"/>
  <move id="28" source="B7" target="B6"/>
  <move id="29" source="H4" target="I4"/>
  <move id="30" source="B6" target="B5"/>
  <move id="31" source="I4" target="I5"/>
  <move id="32" source="B5" target="B4"/>
  <move id="33" source="I5" target="I6"/>
  <move id="34" source="B4" target="A4"/>
  <move id="35" source="I6" target="I7"/>
  <move id="36" source="B9" target="B2"/>
  <move id="37" source="K4" target="K5"/>
  <move id="38" source="A8" target="A7"/>
  <move id="39" source="K5" target="K6"/>
  <move id="40" source="A7" target="A6"/>
  <move id="41" source="K6" target="K7"/>
  <move id="42" source="A6" target="B6"/>
  <move id="43" source="K3" target="K4"/>
  <move id="44" source="B6" target="B5"/>
  <move id="45" source="K4" target="K5"/>
  <move id="46" source="B5" target="B4"/>
  <move id="47" source="K5" target="K6"/>
  <move id="48" source="B4" target="B3"/>
  <move id="49" source="A3" target="B3"/>
  <move id="50" source="A4" target="B4"/>
  <move id="51" source="B3" target="A3"/>
  <move id="52" source="B4" target="A4"/>
  <move id="53" source="K7" target="K8"/>
  <move id="54" source="A4" target="A3"/>
  <move id="55" source="A2" target="A3"/>
  <move id="56" source="E7" target="E6"/>
  <move id="57" source="K6" target="K7"/>
  <move id="58" source="E6" target="E5"/>
  <move id="59" source="K7" target="K8"/>
  <move id="60" source="E8" target="E7"/>
  <move id="61" source="K8" target="I8"/>
  <move id="62" source="E7" target="E6"/>
  <move id="63" source="I7" target="K7"/>
  <move id="64" source="E5" target="E4"/>
  <move id="65" source="D4" target="E4"/>
  <move id="66" source="E6" target="E5"/>
  <move id="67" source="A3" target="B3"/>
  <move id="68" source="E5" target="E4"/>
  <move id="69" source="F4" target="F5"/>
  <move id="70" source="E4" target="D4"/>
  <move id="71" source="F5" target="F6"/>
  <move id="72" source="D4" target="D3"/>
  <move id="73" source="C3" target="C4"/>
  <move id="74" source="D3" target="E3"/>
  <move id="75" source="B3" target="C3"/>
  <move id="76" source="E3" target="F3"/>
  <move id="77" source="C3" target="D3"/>
  <move id="78" source="F3" target="G3"/>
  <move id="79" source="D3" target="E3"/>
  <move id="80" source="G3" target="G4"/>
  <player id="1">Player 1</player>
  <player id="2">Player 2</player>
  <result type="3" winner="1"/>
 </game>
</stratego>