<?xml version="1.0" encoding="UTF-8"?>
<stratego>
 <game type="classic">
  
  <field content="IBMBEDBFDEEGBFLHBBEIDIDCJFEJHGDFKGHDHGDDAA__AA__AAAA__AA__AASPTRSPUPSTUPWPVTXPUVTQOQQSRQPPNRNNRYNNQN"/>
  <move id="1" source="K4" target="K7"/>
  <move id="2" source="A7" target="A6"/>
  <move id="3" source="I4" target="I5"/>
  <move id="4" source="A6" target="A5"/>
  <move id="5" source="I3" target="I4"/>
  <move id="6" source="A8" target="A7"/>
  <move id="7" source="I5" target="K5"/>
  <move id="8" source="A7" target="A6"/>
  <move id="9" source="I4" target="I5"/>
  <move id="10" source="A5" target="A4"/>
  <move id="11" source="B4" target="B5"/>
  <move id="12" source="A4" target="A3"/>
  <move id="13" source="B3" target="A3"/>
  <move id="14" source="A6" target="A5"/>
  <move id="15" source="B5" target="B6"/>
  <move id="16" source="B7" target="A7"/>
  <move id="17" source="C3" target="B3"/>
  <move id="18" source="A5" target="A4"/>
  <move id="19" source="B6" target="A6"/>
  <move id="20" source="A7" target="B7"/>
  <move id="21" source="A6" target="A7"/>
  <move id="22" source="B7" target="B6"/>
  <move id="23" source="A7" target="A8"/>
  <move id="24" source="A9" target="A8"/>
  <move id="25" source="I5" target="I6"/>
  <move id="26" source="B6" target="B3"/>
  <move id="27" source="A3" target="B3"/>
  <move id="28" source="A4" target="A3"/>
  <move id="29" source="C4" target="C3"/>
  <move id="30" source="A3" target="B3"/>
  <move id="31" source="D4" target="C4"/>
  <move id="32" source="C7" target="B7"/>
  <move id="33" source="C4" target="B4"/>
  <move id="34" source="B7" target="B6"/>
  <move id="35" source="I6" target="I7"/>
  <move id="36" source="I8" target="I7"/>
  <move id="37" source="H3" target="I3"/>
  <move id="38" source="H8" target="I8"/>
  <move id="39" source="E4" target="E5"/>
  <move id="40" source="H7" target="H8"/>
  <move id="41" source="E5" target="E6"/>
  <move id="42" source="I7" target="H7"/>
  <move id="43" source="K5" target="I5"/>
  <move id="44" source="I8" target="I7"/>
  <move id="45" source="H4" target="I4"/>
  <move id="46" source="H8" target="I8"/>
  <move id="47" source="I4" target="K4"/>
  <move id="48" source="B6" target="B5"/>
  <move id="49" source="B4" target="C4"/>
  <move id="50" source="B5" target="B4"/>
  <move id="51" source="C4" target="D4"/>
  <move id="52" source="B4" target="B3"/>
  <move id="53" source="C3" target="B3"/>
  <move id="54" source="B8" target="B7"/>
  <move id="55" source="D4" target="C4"/>
  <move id="56" source="F7" target="F4"/>
  <move id="57" source="C4" target="B4"/>
  <move id="58" source="E7" target="E6"/>
  <move id="59" source="E6" target="E5"/>
  <move id="60" source="E8" target="E7"/>
  <move id="61" source="E5" target="E4"/>
  <move id="62" source="E7" target="E6"/>
  <move id="63" source="D3" target="C3"/>
  <move id="64" source="E6" target="E5"/>
  <move id="65" source="F3" target="F4"/>
  <move id="66" source="D7" target="E7"/>
  <move id="67" source="B4" target="B5"/>
  <move id="68" source="E7" target="F7"/>
  <move id="69" source="B3" target="B4"/>
  <move id="70" source="A8" target="A7"/>
  <move id="71" source="K4" target="I4"/>
  <move id="72" source="A7" target="A6"/>
  <move id="73" source="I4" target="H4"/>
  <move id="74" source="I8" target="H8"/>
  <move id="75" source="I5" target="I4"/>
  <move id="76" source="I7" target="I8"/>
  <move id="77" source="K3" target="K4"/>
  <move id="78" source="K7" target="I7"/>
  <move id="79" source="K4" target="K5"/>
  <move id="80" source="K8" target="K7"/>
  <move id="81" source="K5" target="K6"/>
  <move id="82" source="K7" target="K6"/>
  <move id="83" source="H4" target="H3"/>
  <move id="84" source="A6" target="A5"/>
  <move id="85" source="B5" target="B6"/>
  <move id="86" source="B7" target="B8"/>
  <move id="87" source="E4" target="D4"/>
  <move id="88" source="E5" target="E6"/>
  <move id="89" source="F4" target="E4"/>
  <move id="90" source="E6" target="E7"/>
  <move id="91" source="E4" target="E5"/>
  <move id="92" source="E7" target="D7"/>
  <move id="93" source="G4" target="F4"/>
  <move id="94" source="F7" target="E7"/>
  <move id="95" source="E5" target="F5"/>
  <move id="96" source="C8" target="C7"/>
  <move id="97" source="F4" target="E4"/>
  <move id="98" source="C7" target="B7"/>
  <move id="99" source="E4" target="E5"/>
  <move id="100" source="B7" target="B6"/>
  <move id="101" source="D4" target="E4"/>
  <move id="102" source="B6" target="B5"/>
  <move id="103" source="B4" target="A4"/>
  <move id="104" source="A5" target="A6"/>
  <move id="105" source="C3" target="D3"/>
  <move id="106" source="A6" target="A7"/>
  <move id="107" source="E4" target="F4"/>
  <move id="108" source="B8" target="B7"/>
  <move id="109" source="F4" target="F3"/>
  <move id="110" source="I7" target="K7"/>
  <move id="111" source="E5" target="E4"/>
  <move id="112" source="E7" target="E6"/>
  <move id="113" source="E4" target="F4"/>
  <move id="114" source="K6" target="K5"/>
  <move id="115" source="I4" target="I8"/>
  <move id="116" source="K7" target="K8"/>
  <move id="117" source="E3" target="E4"/>
  <move id="118" source="H8" target="I8"/>
  <move id="119" source="E4" target="E5"/>
  <move id="120" source="D7" target="E7"/>
  <move id="121" source="E5" target="E6"/>
  <move id="122" source="E7" target="E6"/>
  <move id="123" source="F4" target="E4"/>
  <move id="124" source="D8" target="D7"/>
  <move id="125" source="E4" target="E3"/>
  <move id="126" source="D7" target="E7"/>
  <move id="127" source="E3" target="E4"/>
  <move id="128" source="E7" target="E6"/>
  <move id="129" source="E2" target="E3"/>
  <move id="130" source="G7" target="F7"/>
  <move id="131" source="F5" target="F4"/>
  <move id="132" source="F7" target="F6"/>
  <move id="133" source="F4" target="G4"/>
  <move id="134" source="H7" target="G7"/>
  <move id="135" source="D3" target="D4"/>
  <move id="136" source="G7" target="F7"/>
  <move id="137" source="D4" target="D3"/>
  <move id="138" source="F7" target="E7"/>
  <move id="139" source="A4" target="A5"/>
  <move id="140" source="B5" target="A5"/>
  <move id="141" source="G4" target="F4"/>
  <move id="142" source="F6" target="F7"/>
  <move id="143" source="E4" target="E5"/>
  <move id="144" source="F7" target="G7"/>
  <move id="145" source="F4" target="E4"/>
  <move id="146" source="A7" target="A8"/>
  <move id="147" source="E4" target="D4"/>
  <move id="148" source="A8" target="B8"/>
  <move id="149" source="D4" target="C4"/>
  <move id="150" source="B8" target="C8"/>
  <move id="151" source="C4" target="B4"/>
  <move id="152" source="C8" target="D8"/>
  <move id="153" source="B4" target="B5"/>
  <move id="154" source="B7" target="C7"/>
  <move id="155" source="B5" target="B6"/>
  <move id="156" source="D8" target="E8"/>
  <move id="157" source="B6" target="B7"/>
  <move id="158" source="C7" target="C8"/>
  <move id="159" source="B7" target="B8"/>
  <move id="160" source="E8" target="D8"/>
  <move id="161" source="I3" target="I4"/>
  <move id="162" source="I8" target="I4"/>
  <move id="163" source="G3" target="G4"/>
  <move id="164" source="E7" target="D7"/>
  <move id="165" source="E5" target="E6"/>
  <move id="166" source="D7" target="C7"/>
  <move id="167" source="B8" target="A8"/>
  <move id="168" source="C7" target="B7"/>
  <move id="169" source="E6" target="E5"/>
  <move id="170" source="G7" target="F7"/>
  <move id="171" source="G4" target="F4"/>
  <move id="172" source="F7" target="E7"/>
  <move id="173" source="E5" target="E4"/>
  <move id="174" source="E7" target="D7"/>
  <move id="175" source="E4" target="D4"/>
  <move id="176" source="D7" target="C7"/>
  <move id="177" source="F4" target="F5"/>
  <move id="178" source="D8" target="E8"/>
  <move id="179" source="F5" target="F6"/>
  <move id="180" source="C8" target="D8"/>
  <move id="181" source="F6" target="F7"/>
  <move id="182" source="D8" target="D7"/>
  <move id="183" source="F3" target="F4"/>
  <move id="184" source="C7" target="C8"/>
  <move id="185" source="D4" target="C4"/>
  <move id="186" source="C8" target="B8"/>
  <move id="187" source="A8" target="A7"/>
  <move id="188" source="B7" target="A7"/>
  <move id="189" source="C4" target="C3"/>
  <move id="190" source="B8" target="C8"/>
  <move id="191" source="D3" target="D4"/>
  <move id="192" source="C8" target="C7"/>
  <move id="193" source="D4" target="E4"/>
  <move id="194" source="I9" target="I8"/>
  <move id="195" source="E3" target="D3"/>
  <move id="196" source="I8" target="I7"/>
  <move id="197" source="D3" target="D4"/>
  <move id="198" source="C7" target="C8"/>
  <move id="199" source="F4" target="F5"/>
  <move id="200" source="D7" target="C7"/>
  <move id="201" source="F5" target="E5"/>
  <move id="202" source="C7" target="B7"/>
  <move id="203" source="E5" target="E6"/>
  <move id="204" source="C8" target="D8"/>
  <move id="205" source="E6" target="E7"/>
  <move id="206" source="C9" target="C8"/>
  <move id="207" source="E4" target="E5"/>
  <move id="208" source="B7" target="C7"/>
  <move id="209" source="I4" target="H4"/>
  <move id="210" source="I7" target="H7"/>
  <move id="211" source="E5" target="F5"/>
  <move id="212" source="H7" target="G7"/>
  <move id="213" source="F5" target="F6"/>
  <move id="214" source="K5" target="K4"/>
  <move id="215" source="H4" target="G4"/>
  <move id="216" source="K4" target="I4"/>
  <move id="217" source="G4" target="F4"/>
  <move id="218" source="C7" target="B7"/>
  <move id="219" source="F4" target="F3"/>
  <move id="220" source="B7" target="E7"/>
  <move id="221" source="F3" target="E3"/>
  <move id="222" source="D8" target="D7"/>
  <move id="223" source="E7" target="E8"/>
  <move id="224" source="F8" target="F7"/>
  <move id="225" source="F6" target="F5"/>
  <move id="226" source="C8" target="D8"/>
  <move id="227" source="F5" target="F4"/>
  <move id="228" source="D7" target="E7"/>
  <move id="229" source="E3" target="E4"/>
  <move id="230" source="E7" target="E8"/>
  <move id="231" source="F4" target="F3"/>
  <move id="232" source="D8" target="D7"/>
  <move id="233" source="E4" target="F4"/>
  <move id="234" source="F7" target="F8"/>
  <move id="235" source="D4" target="D3"/>
  <move id="236" source="G7" target="F7"/>
  <move id="237" source="D3" target="D4"/>
  <move id="238" source="F7" target="E7"/>
  <move id="239" source="D4" target="E4"/>
  <move id="240" source="E7" target="E6"/>
  <move id="241" source="F3" target="E3"/>
  <move id="242" source="A7" target="A8"/>
  <move id="243" source="E4" target="E5"/>
  <move id="244" source="E6" target="E7"/>
  <move id="245" source="E5" target="E6"/>
  <move id="246" source="A8" target="B8"/>
  <move id="247" source="F4" target="E4"/>
  <move id="248" source="B8" target="C8"/>
  <move id="249" source="E4" target="D4"/>
  <move id="250" source="E7" target="E6"/>
  <move id="251" source="E6" target="F6"/>
  <move id="252" source="G8" target="G7"/>
  <move id="253" source="F6" target="F5"/>
  <move id="254" source="I4" target="K4"/>
  <move id="255" source="F5" target="F4"/>
  <move id="256" source="K4" target="K5"/>
  <move id="257" source="F4" target="G4"/>
  <move id="258" source="K5" target="I5"/>
  <move id="259" source="G4" target="H4"/>
  <move id="260" source="I5" target="K5"/>
  <move id="261" source="H4" target="I4"/>
  <move id="262" source="E8" target="E7"/>
  <move id="263" source="D4" target="E4"/>
  <move id="264" source="E7" target="F7"/>
  <move id="265" source="E4" target="F4"/>
  <move id="266" source="F7" target="E7"/>
  <move id="267" source="E3" target="E4"/>
  <move id="268" source="C8" target="B8"/>
  <move id="269" source="C3" target="C4"/>
  <move id="270" source="B8" target="B7"/>
  <move id="271" source="C4" target="D4"/>
  <move id="272" source="B7" target="B6"/>
  <move id="273" source="F4" target="F3"/>
  <move id="274" source="B6" target="B5"/>
  <move id="275" source="F3" target="E3"/>
  <move id="276" source="E7" target="E6"/>
  <move id="277" source="E3" target="D3"/>
  <move id="278" source="E6" target="F6"/>
  <move id="279" source="I4" target="H4"/>
  <move id="280" source="F6" target="E6"/>
  <move id="281" source="H4" target="G4"/>
  <move id="282" source="E6" target="E7"/>
  <move id="283" source="G4" target="F4"/>
  <move id="284" source="E7" target="E8"/>
  <move id="285" source="D3" target="C3"/>
  <move id="286" source="B5" target="B6"/>
  <move id="287" source="C3" target="C4"/>
  <move id="288" source="B6" target="B7"/>
  <move id="289" source="C4" target="B4"/>
  <move id="290" source="B7" target="B8"/>
  <move id="291" source="B4" target="B5"/>
  <move id="292" source="B8" target="C8"/>
  <move id="293" source="B5" target="B6"/>
  <move id="294" source="E8" target="E7"/>
  <move id="295" source="B6" target="B7"/>
  <move id="296" source="E7" target="E6"/>
  <move id="297" source="F4" target="F5"/>
  <move id="298" source="K5" target="K4"/>
  <move id="299" source="I2" target="I3"/>
  <move id="300" source="K9" target="I9"/>
  <move id="301" source="E4" target="E3"/>
  <move id="302" source="K4" target="I4"/>
  <move id="303" source="I3" target="K3"/>
  <move id="304" source="K8" target="K7"/>
  <move id="305" source="E3" target="D3"/>
  <move id="306" source="C8" target="D8"/>
  <move id="307" source="F5" target="F4"/>
  <move id="308" source="D8" target="E8"/>
  <move id="309" source="B7" target="B6"/>
  <move id="310" source="D7" target="D8"/>
  <move id="311" source="B6" target="B5"/>
  <move id="312" source="E6" target="E7"/>
  <move id="313" source="B5" target="B4"/>
  <move id="314" source="F8" target="G8"/>
  <move id="315" source="B4" target="C4"/>
  <move id="316" source="E8" target="F8"/>
  <move id="317" source="D4" target="E4"/>
  <move id="318" source="E7" target="D7"/>
  <move id="319" source="E4" target="E3"/>
  <move id="320" source="F8" target="E8"/>
  <move id="321" source="C4" target="D4"/>
  <move id="322" source="D7" target="E7"/>
  <move id="323" source="D4" target="E4"/>
  <move id="324" source="D8" target="C8"/>
  <move id="325" source="D3" target="D4"/>
  <move id="326" source="E7" target="D7"/>
  <move id="327" source="E3" target="F3"/>
  <move id="328" source="D7" target="C7"/>
  <move id="329" source="E4" target="E3"/>
  <move id="330" source="C7" target="B7"/>
  <move id="331" source="F4" target="E4"/>
  <move id="332" source="I4" target="H4"/>
  <move id="333" source="E4" target="F4"/>
  <move id="334" source="H4" target="I4"/>
  <move id="335" source="E3" target="E4"/>
  <move id="336" source="B7" target="B6"/>
  <move id="337" source="D4" target="D3"/>
  <move id="338" source="B6" target="B5"/>
  <move id="339" source="E4" target="D4"/>
  <move id="340" source="B5" target="A5"/>
  <move id="341" source="D4" target="C4"/>
  <move id="342" source="C8" target="D8"/>
  <move id="343" source="C4" target="B4"/>
  <move id="344" source="A5" target="A6"/>
  <move id="345" source="B4" target="B5"/>
  <move id="346" source="A6" target="A7"/>
  <move id="347" source="B5" target="B6"/>
  <move id="348" source="A7" target="A8"/>
  <move id="349" source="B6" target="B7"/>
  <move id="350" source="E8" target="E7"/>
  <move id="351" source="F4" target="E4"/>
  <move id="352" source="D8" target="C8"/>
  <move id="353" source="D3" target="D4"/>
  <move id="354" source="E7" target="E8"/>
  <move id="355" source="D4" target="C4"/>
  <move id="356" source="G7" target="F7"/>
  <move id="357" source="C4" target="B4"/>
  <move id="358" source="F7" target="E7"/>
  <move id="359" source="B4" target="B5"/>
  <move id="360" source="E7" target="D7"/>
  <move id="361" source="B5" target="B6"/>
  <move id="362" source="D7" target="C7"/>
  <move id="363" source="E4" target="F4"/>
  <move id="364" source="E8" target="E7"/>
  <move id="365" source="F4" target="F5"/>
  <move id="366" source="E7" target="E6"/>
  <move id="367" source="A2" target="A3"/>
  <move id="368" source="C8" target="D8"/>
  <move id="369" source="A3" target="A4"/>
  <move id="370" source="D8" target="E8"/>
  <move id="371" source="A1" target="A2"/>
  <move id="372" source="E8" target="E7"/>
  <move id="373" source="A2" target="A3"/>
  <move id="374" source="E7" target="F7"/>
  <move id="375" source="A3" target="B3"/>
  <move id="376" source="G8" target="G7"/>
  <move id="377" source="B3" target="C3"/>
  <move id="378" source="I9" target="I8"/>
  <move id="379" source="C3" target="C4"/>
  <move id="380" source="I8" target="I7"/>
  <move id="381" source="C4" target="D4"/>
  <move id="382" source="I7" target="I6"/>
  <move id="383" source="D4" target="D3"/>
  <move id="384" source="I6" target="I5"/>
  <move id="385" source="F5" target="F4"/>
  <move id="386" source="E6" target="E5"/>
  <move id="387" source="D3" target="D4"/>
  <move id="388" source="I5" target="K5"/>
  <move id="389" source="F4" target="G4"/>
  <move id="390" source="I4" target="I5"/>
  <move id="391" source="G4" target="H4"/>
  <move id="392" source="I5" target="I6"/>
  <move id="393" source="H4" target="I4"/>
  <move id="394" source="I6" target="I7"/>
  <move id="395" source="K3" target="I3"/>
  <move id="396" source="I7" target="H7"/>
  <move id="397" source="I4" target="H4"/>
  <move id="398" source="E5" target="E4"/>
  <move id="399" source="D4" target="E4"/>
  <move id="400" source="F7" target="F8"/>
  <move id="401" source="H4" target="G4"/>
  <move id="402" source="G7" target="F7"/>
  <move id="403" source="G4" target="F4"/>
  <move id="404" source="F7" target="E7"/>
  <move id="405" source="I3" target="I4"/>
  <move id="406" source="E7" target="E6"/>
  <move id="407" source="F4" target="F5"/>
  <move id="408" source="H7" target="G7"/>
  <move id="409" source="I4" target="H4"/>
  <move id="410" source="E6" target="E7"/>
  <move id="411" source="F5" target="F6"/>
  <move id="412" source="E7" target="E8"/>
  <move id="413" source="H4" target="G4"/>
  <move id="414" source="E8" target="D8"/>
  <move id="415" source="G4" target="F4"/>
  <move id="416" source="D8" target="C8"/>
  <move id="417" source="F4" target="F5"/>
  <move id="418" source="K5" target="K4"/>
  <move id="419" source="F5" target="E5"/>
  <move id="420" source="C8" target="D8"/>
  <move id="421" source="F6" target="E6"/>
  <move id="422" source="G7" target="F7"/>
  <move id="423" source="K2" target="K3"/>
  <move id="424" source="K4" target="I4"/>
  <move id="425" source="K3" target="I3"/>
  <move id="426" source="I4" target="I5"/>
  <move id="427" source="I3" target="I4"/>
  <move id="428" source="I5" target="I6"/>
  <move id="429" source="I4" target="I5"/>
  <move id="430" source="I6" target="I7"/>
  <move id="431" source="I5" target="I6"/>
  <move id="432" source="I7" target="I8"/>
  <move id="433" source="I6" target="I7"/>
  <move id="434" source="K7" target="I7"/>
  <move id="435" source="I7" target="I8"/>
  <move id="436" source="D8" target="D7"/>
  <move id="437" source="I8" target="I7"/>
  <move id="438" source="F8" target="E8"/>
  <move id="439" source="I7" target="I6"/>
  <move id="440" source="E8" target="E7"/>
  <move id="441" source="E6" target="F6"/>
  <move id="442" source="F7" target="F8"/>
  <move id="443" source="F6" target="F5"/>
  <move id="444" source="F8" target="G8"/>
  <move id="445" source="I6" target="I5"/>
  <move id="446" source="E7" target="E8"/>
  <move id="447" source="I5" target="I4"/>
  <move id="448" source="D7" target="E7"/>
  <move id="449" source="I4" target="H4"/>
  <move id="450" source="G8" target="G7"/>
  <move id="451" source="H4" target="G4"/>
  <move id="452" source="G7" target="F7"/>
  <move id="453" source="F5" target="F6"/>
  <move id="454" source="F7" target="F8"/>
  <move id="455" source="E5" target="E6"/>
  <move id="456" source="E7" target="D7"/>
  <move id="457" source="F6" target="F7"/>
  <move id="458" source="F8" target="G8"/>
  <move id="459" source="F7" target="G7"/>
  <move id="460" source="G8" target="H8"/>
  <move id="461" source="G4" target="F4"/>
  <move id="462" source="D7" target="E7"/>
  <move id="463" source="E6" target="F6"/>
  <move id="464" source="H8" target="I8"/>
  <move id="465" source="G7" target="H7"/>
  <move id="466" source="I8" target="K8"/>
  <move id="467" source="H7" target="I7"/>
  <move id="468" source="E8" target="D8"/>
  <move id="469" source="F4" target="E4"/>
  <move id="470" source="D8" target="D7"/>
  <move id="471" source="E4" target="D4"/>
  <move id="472" source="E7" target="F7"/>
  <move id="473" source="F6" target="F7"/>
  <move id="474" source="F7" target="F8"/>
  <move id="475" source="D4" target="E4"/>
  <move id="476" source="F8" target="E8"/>
  <move id="477" source="E4" target="D4"/>
  <move id="478" source="D7" target="E7"/>
  <move id="479" source="D4" target="C4"/>
  <move id="480" source="E7" target="F7"/>
  <move id="481" source="C4" target="B4"/>
  <move id="482" source="F7" target="F8"/>
  <move id="483" source="B4" target="B5"/>
  <move id="484" source="F8" target="G8"/>
  <move id="485" source="B5" target="A5"/>
  <move id="486" source="E8" target="E7"/>
  <move id="487" source="A5" target="A6"/>
  <move id="488" source="E7" target="E6"/>
  <move id="489" source="A6" target="A7"/>
  <move id="490" source="E6" target="E5"/>
  <move id="491" source="F3" target="F4"/>
  <move id="492" source="E5" target="E4"/>
  <move id="493" source="F4" target="E4"/>
  <move id="494" source="C7" target="D7"/>
  <move id="495" source="A7" target="A8"/>
  <move id="496" source="D7" target="E7"/>
  <move id="497" source="B6" target="B5"/>
  <move id="498" source="E7" target="E6"/>
  <move id="499" source="B7" target="B6"/>
  <move id="500" source="E6" target="E5"/>
  <move id="501" source="B5" target="B4"/>
  <move id="502" source="E5" target="E4"/>
  <move id="503" source="B6" target="B5"/>
  <move id="504" source="E4" target="E3"/>
  <move id="505" source="B4" target="B3"/>
  <move id="506" source="E3" target="F3"/>
  <move id="507" source="F2" target="E2"/>
  <move id="508" source="E9" target="E8"/>
  <move id="509" source="B5" target="B4"/>
  <move id="510" source="E8" target="E7"/>
  <move id="511" source="B4" target="C4"/>
  <move id="512" source="F3" target="E3"/>
  <move id="513" source="E2" target="F2"/>
  <move id="514" source="E7" target="E6"/>
  <move id="515" source="C4" target="D4"/>
  <move id="516" source="E6" target="E5"/>
  <move id="517" source="B3" target="C3"/>
  <move id="518" source="E5" target="F5"/>
  <move id="519" source="A4" target="A5"/>
  <move id="520" source="F5" target="F4"/>
  <move id="521" source="A5" target="A6"/>
  <move id="522" source="F4" target="G4"/>
  <move id="523" source="A6" target="A7"/>
  <move id="524" source="E3" target="F3"/>
  <move id="525" source="F2" target="E2"/>
  <move id="526" source="G4" target="G3"/>
  <move id="527" source="C3" target="D3"/>
  <move id="528" source="G3" target="G2"/>
  <move id="529" source="A7" target="B7"/>
  <move id="530" source="G2" target="G1"/>
  <move id="531" source="H1" target="G1"/>
  <move id="532" source="F3" target="F4"/>
  <move id="533" source="D3" target="E3"/>
  <move id="534" source="G8" target="F8"/>
  <move id="535" source="B7" target="C7"/>
  <move id="536" source="F8" target="F7"/>
  <move id="537" source="C7" target="D7"/>
  <move id="538" source="F7" target="F6"/>
  <move id="539" source="D7" target="E7"/>
  <move id="540" source="F6" target="F5"/>
  <move id="541" source="E7" target="E6"/>
  <move id="542" source="F4" target="G4"/>
  <move id="543" source="F1" target="F5"/>
  <move id="544" source="G4" target="F4"/>
  <move id="545" source="F5" target="F7"/>
  <move id="546" source="F4" target="F5"/>
  <move id="547" source="F7" target="G7"/>
  <move id="548" source="F5" target="F6"/>
  <move id="549" source="E6" target="E5"/>
  <move id="550" source="G9" target="G8"/>
  <move id="551" source="G7" target="A7"/>
  <move id="552" source="G8" target="F8"/>
  <move id="553" source="E3" target="E4"/>
  <move id="554" source="F8" target="E8"/>
  <move id="555" source="E4" target="F4"/>
  <move id="556" source="E8" target="D8"/>
  <move id="557" source="D4" target="E4"/>
  <move id="558" source="D8" target="C8"/>
  <move id="559" source="E4" target="E3"/>
  <move id="560" source="C8" target="B8"/>
  <move id="561" source="E3" target="F3"/>
  <move id="562" source="B8" target="B7"/>
  <move id="563" source="A7" target="A8"/>
  <move id="564" source="B7" target="B6"/>
  <move id="565" source="E2" target="E3"/>
  <move id="566" source="B6" target="B5"/>
  <move id="567" source="E3" target="D3"/>
  <move id="568" source="B5" target="B4"/>
  <move id="569" source="D3" target="C3"/>
  <move id="570" source="F6" target="F7"/>
  <move id="571" source="C3" target="B3"/>
  <move id="572" source="B4" target="B5"/>
  <move id="573" source="F3" target="E3"/>
  <move id="574" source="B5" target="A5"/>
  <move id="575" source="A8" target="I8"/>
  <move id="576" source="F7" target="E7"/>
  <move id="577" source="F4" target="E4"/>
  <move id="578" source="E7" target="D7"/>
  <move id="579" source="E5" target="F5"/>
  <move id="580" source="D7" target="C7"/>
  <move id="581" source="E4" target="D4"/>
  <move id="582" source="C7" target="B7"/>
  <move id="583" source="D4" target="C4"/>
  <move id="584" source="B7" target="B6"/>
  <move id="585" source="F5" target="F6"/>
  <move id="586" source="A5" target="A6"/>
  <move id="587" source="F6" target="F7"/>
  <move id="588" source="A6" target="A7"/>
  <move id="589" source="I8" target="F8"/>
  <move id="590" source="B6" target="B7"/>
  <move id="591" source="F8" target="F9"/>
  <move id="592" source="B7" target="C7"/>
  <move id="593" source="F7" target="G7"/>
  <move id="594" source="F9" target="F8"/>
  <move id="595" source="G7" target="H7"/>
  <move id="596" source="F8" target="E8"/>
  <move id="597" source="H7" target="H8"/>
  <move id="598" source="E8" target="D8"/>
  <move id="599" source="H8" target="G8"/>
  <move id="600" source="D8" target="C8"/>
  <move id="601" source="G8" target="G9"/>
  <move id="602" source="C8" target="B8"/>
  <move id="603" source="G9" target="G:"/>
  <move id="604" source="B8" target="B7"/>
  <move id="605" source="G:" target="H:"/>
  <move id="606" source="I:" target="H:"/>
  <move id="607" source="E3" target="E4"/>
  <move id="608" source="A7" target="A8"/>
  <move id="609" source="E4" target="F4"/>
  <move id="610" source="B7" target="A7"/>
  <move id="611" source="F4" target="G4"/>
  <move id="612" source="C7" target="B7"/>
  <move id="613" source="G4" target="H4"/>
  <move id="614" source="B7" target="B6"/>
  <move id="615" source="H4" target="I4"/>
  <move id="616" source="B6" target="B5"/>
  <move id="617" source="I4" target="I5"/>
  <move id="618" source="A7" target="A6"/>
  <move id="619" source="I5" target="I6"/>
  <move id="620" source="A6" target="A5"/>
  <move id="621" source="I7" target="I8"/>
  <move id="622" source="K8" target="K7"/>
  <move id="623" source="I8" target="K8"/>
  <move id="624" source="K7" target="I7"/>
  <move id="625" source="I6" target="I7"/>
  <move id="626" source="A5" target="A4"/>
  <move id="627" source="K8" target="I8"/>
  <move id="628" source="A8" target="B8"/>
  <move id="629" source="I8" target="H8"/>
  <move id="630" source="B8" target="C8"/>
  <move id="631" source="H8" target="G8"/>
  <move id="632" source="C8" target="B8"/>
  <move id="633" source="G8" target="F8"/>
  <move id="634" source="B8" target="A8"/>
  <move id="635" source="F8" target="E8"/>
  <move id="636" source="A4" target="A5"/>
  <move id="637" source="E8" target="D8"/>
  <move id="638" source="B5" target="B6"/>
  <move id="639" source="D8" target="C8"/>
  <move id="640" source="B6" target="B7"/>
  <move id="641" source="B3" target="B4"/>
  <move id="642" source="A8" target="A7"/>
  <move id="643" source="I1" target="I7"/>
  <move id="644" source="B7" target="B8"/>
  <move id="645" source="C8" target="B8"/>
  <move id="646" source="A7" target="A8"/>
  <move id="647" source="H3" target="G3"/>
  <move id="648" source="A8" target="B8"/>
  <move id="649" source="G3" target="F3"/>
  <move id="650" source="B8" target="C8"/>
  <move id="651" source="F3" target="F4"/>
  <move id="652" source="C8" target="D8"/>
  <move id="653" source="F4" target="F5"/>
  <move id="654" source="D8" target="E8"/>
  <move id="655" source="F5" target="F6"/>
  <move id="656" source="E8" target="F8"/>
  <move id="657" source="F6" target="F7"/>
  <move id="658" source="F8" target="G8"/>
  <move id="659" source="I7" target="I3"/>
  <move id="660" source="G8" target="H8"/>
  <move id="661" source="F7" target="G7"/>
  <move id="662" source="H8" target="I8"/>
  <move id="663" source="G7" target="H7"/>
  <move id="664" source="I8" target="K8"/>
  <move id="665" source="H7" target="I7"/>
  <move id="666" source="B9" target="B8"/>
  <move id="667" source="B2" target="B3"/>
  <move id="668" source="B8" target="C8"/>
  <move id="669" source="B3" target="C3"/>
  <move id="670" source="C8" target="D8"/>
  <move id="671" source="C3" target="D3"/>
  <move id="672" source="D8" target="E8"/>
  <move id="673" source="D3" target="E3"/>
  <move id="674" source="E8" target="E7"/>
  <move id="675" source="E3" target="E4"/>
  <move id="676" source="E7" target="E8"/>
  <move id="677" source="E4" target="E5"/>
  <move id="678" source="E8" target="D8"/>
  <move id="679" source="E5" target="E6"/>
  <move id="680" source="D8" target="C8"/>
  <move id="681" source="E6" target="E7"/>
  <move id="682" source="C8" target="B8"/>
  <move id="683" source="E7" target="D7"/>
  <move id="684" source="B8" target="A8"/>
  <move id="685" source="D7" target="C7"/>
  <move id="686" source="A8" target="B8"/>
  <move id="687" source="K1" target="K2"/>
  <move id="688" source="H9" target="G9"/>
  <move id="689" source="G1" target="G2"/>
  <move id="690" source="G9" target="G8"/>
  <move id="691" source="G2" target="F2"/>
  <move id="692" source="G8" target="F8"/>
  <move id="693" source="F2" target="F3"/>
  <move id="694" source="F8" target="F9"/>
  <move id="695" source="F3" target="F4"/>
  <move id="696" source="F9" target="G9"/>
  <move id="697" source="F4" target="F5"/>
  <move id="698" source="E:" target="E9"/>
  <move id="699" source="C7" target="D7"/>
  <move id="700" source="E9" target="E8"/>
  <move id="701" source="D7" target="E7"/>
  <move id="702" source="E8" target="D8"/>
  <move id="703" source="I7" target="I8"/>
  <move id="704" source="K8" target="K7"/>
  <move id="705" source="I8" target="H8"/>
  <move id="706" source="K7" target="K6"/>
  <move id="707" source="H8" target="G8"/>
  <move id="708" source="G9" target="H9"/>
  <move id="709" source="G8" target="F8"/>
  <move id="710" source="K6" target="K5"/>
  <move id="711" source="F8" target="E8"/>
  <move id="712" source="K5" target="K4"/>
  <move id="713" source="I3" target="B3"/>
  <move id="714" source="K4" target="K3"/>
  <move id="715" source="K2" target="K1"/>
  <move id="716" source="K3" target="K2"/>
  <move id="717" source="K1" target="I1"/>
  <move id="718" source="K2" target="K1"/>
  <move id="719" source="I1" target="I2"/>
  <move id="720" source="K1" target="I1"/>
  <move id="721" source="I2" target="I3"/>
  <move id="722" source="I1" target="H1"/>
  <move id="723" source="D2" target="E2"/>
  <move id="724" source="H1" target="G1"/>
  <move id="725" source="E2" target="F2"/>
  <move id="726" source="G1" target="F1"/>
  <move id="727" source="F2" target="F1"/>
  <move id="728" source="H9" target="H8"/>
  <move id="729" source="E8" target="D8"/>
  <move id="730" source="H8" target="H7"/>
  <move id="731" source="D8" target="C8"/>
  <move id="732" source="B8" target="A8"/>
  <move id="733" source="C8" target="B8"/>
  <move id="734" source="A8" target="A9"/>
  <move id="735" source="B8" target="B9"/>
  <move id="736" source="A9" target="A8"/>
  <move id="737" source="B9" target="A9"/>
  <move id="738" source="A8" target="B8"/>
  <move id="739" source="E7" target="D7"/>
  <move id="740" source="H7" target="I7"/>
  <move id="741" source="A9" target="B9"/>
  <move id="742" source="B8" target="A8"/>
  <move id="743" source="D7" target="C7"/>
  <move id="744" source="A5" target="A6"/>
  <move id="745" source="B4" target="B5"/>
  <move id="746" source="I7" target="I6"/>
  <move id="747" source="F5" target="F4"/>
  <move id="748" source="I6" target="I5"/>
  <move id="749" source="F4" target="F3"/>
  <move id="750" source="I5" target="I4"/>
  <move id="751" source="I3" target="H3"/>
  <move id="752" source="I4" target="H4"/>
  <move id="753" source="H3" target="G3"/>
  <move id="754" source="H4" target="H3"/>
  <move id="755" source="G3" target="G4"/>
  <move id="756" source="D9" target="E9"/>
  <move id="757" source="C7" target="B7"/>
  <move id="758" source="E9" target="E8"/>
  <move id="759" source="B9" target="A9"/>
  <move id="760" source="E8" target="E7"/>
  <move id="761" source="A9" target="A8"/>
  <move id="762" source="E7" target="E6"/>
  <move id="763" source="C4" target="D4"/>
  <move id="764" source="E6" target="E5"/>
  <move id="765" source="D4" target="E4"/>
  <move id="766" source="E5" target="E4"/>
  <move id="767" source="F3" target="E3"/>
  <move id="768" source="H3" target="G3"/>
  <move id="769" source="E3" target="E4"/>
  <move id="770" source="G3" target="G2"/>
  <move id="771" source="E4" target="E3"/>
  <move id="772" source="G2" target="G1"/>
  <move id="773" source="B7" target="A7"/>
  <move id="774" source="G1" target="F1"/>
  <move id="775" source="A7" target="A6"/>
  <player id="1">Player 1</player>
  <player id="2">Player 2</player>
  <result type="3" winner="1"/>
 </game>
</stratego>