<?xml version="1.0" encoding="UTF-8"?>
<stratego>
 <game type="classic">
  
  <field content="LEIFEDBFBEHDEMKFJDBHGGICGFBEBDJDDHDIBGHDAA__AA__AAAA__AA__AATSTPSTPRSPSPQRPRXVPTPNUQVWNONNUPQUQNYNRQ"/>
  <move id="1" source="B4" target="B5"/>
  <move id="2" source="K7" target="K6"/>
  <move id="3" source="B5" target="B6"/>
  <move id="4" source="K6" target="K5"/>
  <move id="5" source="B6" target="A6"/>
  <move id="6" source="A7" target="A6"/>
  <move id="7" source="B3" target="B4"/>
  <move id="8" source="A6" target="A5"/>
  <move id="9" source="A4" target="A5"/>
  <move id="10" source="I7" target="I6"/>
  <move id="11" source="B4" target="B5"/>
  <move id="12" source="I6" target="I5"/>
  <move id="13" source="B5" target="B6"/>
  <move id="14" source="K5" target="K4"/>
  <move id="15" source="B6" target="B7"/>
  <move id="16" source="B8" target="B4"/>
  <move id="17" source="B2" target="B4"/>
  <move id="18" source="I5" target="I4"/>
  <move id="19" source="A3" target="B3"/>
  <move id="20" source="K8" target="K7"/>
  <move id="21" source="B3" target="B4"/>
  <move id="22" source="K7" target="K6"/>
  <move id="23" source="B4" target="B5"/>
  <move id="24" source="K6" target="K5"/>
  <move id="25" source="C2" target="B2"/>
  <move id="26" source="K5" target="K4"/>
  <move id="27" source="B2" target="B3"/>
  <move id="28" source="K4" target="I4"/>
  <move id="29" source="B5" target="B6"/>
  <move id="30" source="I8" target="I3"/>
  <move id="31" source="B6" target="B7"/>
  <move id="32" source="C7" target="B7"/>
  <move id="33" source="B3" target="B4"/>
  <move id="34" source="B7" target="C7"/>
  <move id="35" source="B4" target="B5"/>
  <move id="36" source="C8" target="B8"/>
  <move id="37" source="B5" target="B6"/>
  <move id="38" source="D8" target="C8"/>
  <move id="39" source="B6" target="B7"/>
  <move id="40" source="D7" target="D8"/>
  <move id="41" source="C3" target="B3"/>
  <move id="42" source="E7" target="D7"/>
  <move id="43" source="B3" target="B4"/>
  <move id="44" source="E8" target="E4"/>
  <move id="45" source="B4" target="B5"/>
  <move id="46" source="D8" target="E8"/>
  <move id="47" source="B5" target="B6"/>
  <move id="48" source="H7" target="I7"/>
  <move id="49" source="B7" target="A7"/>
  <move id="50" source="I7" target="K7"/>
  <move id="51" source="B6" target="B7"/>
  <move id="52" source="K7" target="K6"/>
  <move id="53" source="B7" target="C7"/>
  <move id="54" source="D7" target="E7"/>
  <move id="55" source="C7" target="C8"/>
  <move id="56" source="C9" target="C8"/>
  <move id="57" source="A7" target="B7"/>
  <move id="58" source="B8" target="C8"/>
  <move id="59" source="B7" target="C7"/>
  <move id="60" source="C8" target="D8"/>
  <move id="61" source="C7" target="D7"/>
  <move id="62" source="E7" target="D7"/>
  <move id="63" source="E3" target="E4"/>
  <move id="64" source="K6" target="K5"/>
  <move id="65" source="B1" target="B2"/>
  <move id="66" source="K5" target="K4"/>
  <move id="67" source="B2" target="B3"/>
  <move id="68" source="K4" target="K3"/>
  <move id="69" source="K2" target="K3"/>
  <move id="70" source="G7" target="H7"/>
  <move id="71" source="K3" target="K4"/>
  <move id="72" source="H7" target="I7"/>
  <move id="73" source="K4" target="I4"/>
  <move id="74" source="I7" target="I6"/>
  <move id="75" source="E4" target="E5"/>
  <move id="76" source="I6" target="K6"/>
  <move id="77" source="F3" target="E3"/>
  <move id="78" source="K6" target="K1"/>
  <move id="79" source="E3" target="E4"/>
  <move id="80" source="H8" target="I8"/>
  <move id="81" source="E5" target="E6"/>
  <move id="82" source="I8" target="K8"/>
  <move id="83" source="E6" target="E7"/>
  <move id="84" source="K8" target="K7"/>
  <move id="85" source="E4" target="E5"/>
  <move id="86" source="K7" target="K6"/>
  <move id="87" source="E5" target="E6"/>
  <move id="88" source="K6" target="K5"/>
  <move id="89" source="E7" target="D7"/>
  <move id="90" source="E8" target="E6"/>
  <move id="91" source="E6" target="E5"/>
  <move id="92" source="K5" target="K4"/>
  <move id="93" source="E5" target="E4"/>
  <move id="94" source="K4" target="K3"/>
  <move id="95" source="E4" target="E3"/>
  <move id="96" source="K3" target="K2"/>
  <move id="97" source="F4" target="E4"/>
  <move id="98" source="G8" target="H8"/>
  <move id="99" source="F2" target="F3"/>
  <move id="100" source="H8" target="I8"/>
  <move id="101" source="F3" target="F4"/>
  <move id="102" source="I8" target="I7"/>
  <move id="103" source="F4" target="F5"/>
  <move id="104" source="I7" target="I6"/>
  <move id="105" source="F5" target="F6"/>
  <move id="106" source="I6" target="I5"/>
  <move id="107" source="F6" target="F7"/>
  <move id="108" source="K2" target="K3"/>
  <move id="109" source="G2" target="F2"/>
  <move id="110" source="K3" target="K4"/>
  <move id="111" source="F2" target="F3"/>
  <move id="112" source="K4" target="I4"/>
  <move id="113" source="F3" target="F4"/>
  <move id="114" source="I5" target="I6"/>
  <move id="115" source="F4" target="F5"/>
  <move id="116" source="I6" target="I7"/>
  <move id="117" source="F5" target="F6"/>
  <move id="118" source="I7" target="H7"/>
  <move id="119" source="B3" target="B4"/>
  <move id="120" source="H7" target="G7"/>
  <move id="121" source="B4" target="B5"/>
  <move id="122" source="I4" target="I5"/>
  <move id="123" source="B5" target="B6"/>
  <move id="124" source="I5" target="I6"/>
  <move id="125" source="B6" target="B7"/>
  <move id="126" source="I6" target="I7"/>
  <move id="127" source="B7" target="C7"/>
  <move id="128" source="I7" target="H7"/>
  <move id="129" source="C7" target="D7"/>
  <move id="130" source="H7" target="H8"/>
  <move id="131" source="D7" target="E7"/>
  <move id="132" source="F8" target="E8"/>
  <move id="133" source="F6" target="F7"/>
  <move id="134" source="G7" target="F7"/>
  <move id="135" source="E7" target="D7"/>
  <move id="136" source="D8" target="D7"/>
  <move id="137" source="F1" target="F2"/>
  <move id="138" source="E8" target="E7"/>
  <move id="139" source="F2" target="F3"/>
  <move id="140" source="E7" target="E6"/>
  <move id="141" source="F3" target="F4"/>
  <move id="142" source="F7" target="F6"/>
  <move id="143" source="E3" target="F3"/>
  <move id="144" source="E6" target="E5"/>
  <move id="145" source="E2" target="E3"/>
  <move id="146" source="E5" target="E4"/>
  <move id="147" source="E3" target="E2"/>
  <move id="148" source="A8" target="B8"/>
  <move id="149" source="C1" target="C2"/>
  <move id="150" source="B8" target="B7"/>
  <move id="151" source="C2" target="C3"/>
  <move id="152" source="B7" target="C7"/>
  <move id="153" source="C3" target="B3"/>
  <move id="154" source="C7" target="D7"/>
  <move id="155" source="B3" target="B4"/>
  <move id="156" source="D7" target="E7"/>
  <move id="157" source="B4" target="B5"/>
  <move id="158" source="E7" target="E6"/>
  <move id="159" source="B5" target="B6"/>
  <move id="160" source="D9" target="D8"/>
  <move id="161" source="B6" target="B7"/>
  <move id="162" source="F6" target="F7"/>
  <move id="163" source="B7" target="C7"/>
  <move id="164" source="F7" target="E7"/>
  <move id="165" source="F4" target="F5"/>
  <move id="166" source="D8" target="D7"/>
  <move id="167" source="F5" target="F6"/>
  <move id="168" source="E6" target="F6"/>
  <move id="169" source="E4" target="F4"/>
  <move id="170" source="F6" target="F7"/>
  <move id="171" source="F4" target="F5"/>
  <move id="172" source="F7" target="F8"/>
  <move id="173" source="F5" target="F6"/>
  <move id="174" source="H8" target="H7"/>
  <move id="175" source="A5" target="A4"/>
  <move id="176" source="H7" target="G7"/>
  <move id="177" source="A4" target="A3"/>
  <move id="178" source="F8" target="F7"/>
  <move id="179" source="A3" target="B3"/>
  <move id="180" source="F7" target="F8"/>
  <move id="181" source="B3" target="C3"/>
  <move id="182" source="G7" target="F7"/>
  <move id="183" source="E2" target="E3"/>
  <move id="184" source="F7" target="F6"/>
  <move id="185" source="E3" target="E4"/>
  <move id="186" source="F6" target="F7"/>
  <move id="187" source="E4" target="E5"/>
  <move id="188" source="F7" target="G7"/>
  <move id="189" source="E5" target="F5"/>
  <move id="190" source="F8" target="F7"/>
  <move id="191" source="F5" target="F6"/>
  <move id="192" source="D7" target="C7"/>
  <move id="193" source="D3" target="E3"/>
  <move id="194" source="G7" target="G8"/>
  <move id="195" source="E3" target="E4"/>
  <move id="196" source="G8" target="F8"/>
  <move id="197" source="E4" target="E5"/>
  <move id="198" source="F8" target="E8"/>
  <move id="199" source="C7" target="B7"/>
  <move id="200" source="F7" target="F6"/>
  <move id="201" source="B7" target="B6"/>
  <move id="202" source="E7" target="F7"/>
  <move id="203" source="F6" target="F5"/>
  <move id="204" source="F7" target="F6"/>
  <move id="205" source="F5" target="F4"/>
  <move id="206" source="A9" target="A8"/>
  <move id="207" source="A1" target="B1"/>
  <move id="208" source="E8" target="F8"/>
  <move id="209" source="B1" target="B2"/>
  <move id="210" source="A8" target="E8"/>
  <move id="211" source="F4" target="E4"/>
  <move id="212" source="E8" target="E5"/>
  <move id="213" source="E4" target="E5"/>
  <move id="214" source="F6" target="E6"/>
  <move id="215" source="E5" target="F5"/>
  <move id="216" source="E6" target="F6"/>
  <move id="217" source="F5" target="E5"/>
  <move id="218" source="F8" target="F7"/>
  <move id="219" source="B2" target="B3"/>
  <move id="220" source="F7" target="E7"/>
  <move id="221" source="B3" target="B4"/>
  <move id="222" source="E7" target="D7"/>
  <move id="223" source="B4" target="A4"/>
  <move id="224" source="D7" target="C7"/>
  <move id="225" source="A4" target="A5"/>
  <move id="226" source="C7" target="B7"/>
  <move id="227" source="B6" target="B5"/>
  <move id="228" source="B7" target="B6"/>
  <move id="229" source="B5" target="B4"/>
  <move id="230" source="B6" target="B5"/>
  <move id="231" source="A5" target="B5"/>
  <move id="232" source="F6" target="F5"/>
  <move id="233" source="E5" target="E6"/>
  <move id="234" source="F5" target="F6"/>
  <move id="235" source="E6" target="E5"/>
  <move id="236" source="F6" target="F5"/>
  <move id="237" source="E5" target="E6"/>
  <move id="238" source="F5" target="F4"/>
  <move id="239" source="B4" target="A4"/>
  <move id="240" source="F4" target="E4"/>
  <move id="241" source="C3" target="B3"/>
  <move id="242" source="E4" target="E3"/>
  <move id="243" source="B3" target="A3"/>
  <move id="244" source="E3" target="D3"/>
  <move id="245" source="B5" target="B4"/>
  <move id="246" source="D3" target="C3"/>
  <move id="247" source="B4" target="B3"/>
  <move id="248" source="C3" target="D3"/>
  <move id="249" source="E6" target="E7"/>
  <move id="250" source="D3" target="E3"/>
  <move id="251" source="E7" target="E8"/>
  <move id="252" source="E3" target="E4"/>
  <move id="253" source="B3" target="B4"/>
  <move id="254" source="E4" target="E5"/>
  <move id="255" source="B4" target="B5"/>
  <move id="256" source="E5" target="E6"/>
  <move id="257" source="E8" target="F8"/>
  <move id="258" source="E6" target="F6"/>
  <move id="259" source="F8" target="G8"/>
  <move id="260" source="F6" target="F7"/>
  <move id="261" source="B5" target="B6"/>
  <move id="262" source="F9" target="F8"/>
  <move id="263" source="B6" target="B7"/>
  <move id="264" source="F8" target="E8"/>
  <move id="265" source="B7" target="C7"/>
  <move id="266" source="E8" target="E7"/>
  <move id="267" source="A3" target="B3"/>
  <move id="268" source="E7" target="E6"/>
  <move id="269" source="F3" target="E3"/>
  <move id="270" source="E6" target="E5"/>
  <move id="271" source="B3" target="B4"/>
  <move id="272" source="E5" target="E4"/>
  <move id="273" source="B4" target="B5"/>
  <move id="274" source="E4" target="E3"/>
  <move id="275" source="B5" target="B6"/>
  <move id="276" source="E3" target="D3"/>
  <move id="277" source="B6" target="B7"/>
  <move id="278" source="D3" target="C3"/>
  <move id="279" source="A4" target="A5"/>
  <move id="280" source="C3" target="B3"/>
  <move id="281" source="A5" target="A6"/>
  <move id="282" source="B3" target="B4"/>
  <move id="283" source="A6" target="A7"/>
  <move id="284" source="B4" target="B5"/>
  <move id="285" source="B7" target="B8"/>
  <move id="286" source="B5" target="B6"/>
  <move id="287" source="C7" target="B7"/>
  <move id="288" source="B6" target="A6"/>
  <move id="289" source="A7" target="A8"/>
  <move id="290" source="F7" target="F8"/>
  <move id="291" source="G8" target="G7"/>
  <move id="292" source="F8" target="E8"/>
  <move id="293" source="B8" target="B9"/>
  <move id="294" source="E8" target="D8"/>
  <move id="295" source="A8" target="A9"/>
  <move id="296" source="D8" target="C8"/>
  <move id="297" source="G7" target="G8"/>
  <move id="298" source="C8" target="D8"/>
  <move id="299" source="G8" target="G9"/>
  <move id="300" source="D8" target="E8"/>
  <move id="301" source="A9" target="A:"/>
  <move id="302" source="E8" target="D8"/>
  <move id="303" source="B7" target="B8"/>
  <move id="304" source="D8" target="C8"/>
  <move id="305" source="B8" target="A8"/>
  <move id="306" source="C8" target="B8"/>
  <move id="307" source="A8" target="A9"/>
  <move id="308" source="D:" target="D9"/>
  <move id="309" source="A9" target="A:"/>
  <move id="310" source="D9" target="D8"/>
  <move id="311" source="A:" target="B:"/>
  <move id="312" source="B8" target="C8"/>
  <move id="313" source="B:" target="C:"/>
  <move id="314" source="C8" target="C9"/>
  <move id="315" source="C:" target="D:"/>
  <move id="316" source="C9" target="D9"/>
  <move id="317" source="D:" target="E:"/>
  <move id="318" source="E9" target="E8"/>
  <player id="1">Player 1</player>
  <player id="2">Player 2</player>
  <result type="3" winner="2"/>
 </game>
</stratego>