<?xml version="1.0" encoding="UTF-8"?>
<stratego>
 <game type="classic">
  
  <field content="BGEBMBEBFDFEIFBIGBDJHJEHFKCDEDDGLDDGIHDHAA__AA__AAAA__AA__AAQRTUNTTSSNVWOQXSVNNRPPPPPPPQRNSRQUUPTQNY"/>
  <move id="1" source="I4" target="I7"/>
  <move id="2" source="F7" target="F6"/>
  <move id="3" source="K4" target="I4"/>
  <move id="4" source="G7" target="F7"/>
  <move id="5" source="K3" target="K7"/>
  <move id="6" source="F6" target="E6"/>
  <move id="7" source="I4" target="I5"/>
  <move id="8" source="F7" target="F6"/>
  <move id="9" source="I5" target="I6"/>
  <move id="10" source="F8" target="F7"/>
  <move id="11" source="I3" target="K3"/>
  <move id="12" source="E8" target="F8"/>
  <move id="13" source="A4" target="A7"/>
  <move id="14" source="F6" target="F5"/>
  <move id="15" source="B4" target="A4"/>
  <move id="16" source="B7" target="B6"/>
  <move id="17" source="A4" target="A5"/>
  <move id="18" source="C7" target="B7"/>
  <move id="19" source="A5" target="A6"/>
  <move id="20" source="B6" target="A6"/>
  <move id="21" source="A6" target="A7"/>
  <move id="22" source="B7" target="A7"/>
  <move id="23" source="A3" target="A4"/>
  <move id="24" source="B8" target="B7"/>
  <move id="25" source="A4" target="A5"/>
  <move id="26" source="B7" target="C7"/>
  <move id="27" source="A5" target="A6"/>
  <move id="28" source="B9" target="B8"/>
  <move id="29" source="C4" target="B4"/>
  <move id="30" source="B8" target="B7"/>
  <move id="31" source="B4" target="B5"/>
  <move id="32" source="C9" target="B9"/>
  <move id="33" source="D4" target="C4"/>
  <move id="34" source="F7" target="F6"/>
  <move id="35" source="C4" target="B4"/>
  <move id="36" source="F5" target="E5"/>
  <move id="37" source="B4" target="A4"/>
  <move id="38" source="G8" target="G7"/>
  <move id="39" source="A6" target="A7"/>
  <move id="40" source="B7" target="A7"/>
  <move id="41" source="B5" target="A5"/>
  <move id="42" source="B9" target="B8"/>
  <move id="43" source="A5" target="A6"/>
  <move id="44" source="B8" target="B7"/>
  <move id="45" source="A4" target="B4"/>
  <move id="46" source="D9" target="C9"/>
  <move id="47" source="B4" target="B7"/>
  <move id="48" source="C9" target="B9"/>
  <move id="49" source="A6" target="A7"/>
  <move id="50" source="A8" target="B8"/>
  <move id="51" source="E4" target="B4"/>
  <move id="52" source="F8" target="F7"/>
  <move id="53" source="B4" target="B8"/>
  <move id="54" source="G7" target="G8"/>
  <move id="55" source="A2" target="A3"/>
  <move id="56" source="I7" target="I6"/>
  <move id="57" source="I6" target="K6"/>
  <move id="58" source="H7" target="I7"/>
  <move id="59" source="K6" target="K5"/>
  <move id="60" source="I7" target="I6"/>
  <move id="61" source="A3" target="A4"/>
  <move id="62" source="I6" target="I5"/>
  <move id="63" source="K5" target="K4"/>
  <move id="64" source="I5" target="I4"/>
  <move id="65" source="K4" target="K5"/>
  <move id="66" source="I4" target="H4"/>
  <move id="67" source="H3" target="I3"/>
  <move id="68" source="G8" target="F8"/>
  <move id="69" source="I3" target="I8"/>
  <move id="70" source="G9" target="G8"/>
  <move id="71" source="A4" target="A5"/>
  <move id="72" source="G8" target="G7"/>
  <move id="73" source="A5" target="A6"/>
  <move id="74" source="D8" target="E8"/>
  <move id="75" source="A6" target="B6"/>
  <move id="76" source="C8" target="C9"/>
  <move id="77" source="B6" target="B7"/>
  <move id="78" source="B8" target="C8"/>
  <move id="79" source="B7" target="C7"/>
  <move id="80" source="C8" target="D8"/>
  <move id="81" source="A7" target="B7"/>
  <move id="82" source="C7" target="C8"/>
  <move id="83" source="B7" target="B8"/>
  <move id="84" source="G7" target="H7"/>
  <move id="85" source="C3" target="C4"/>
  <move id="86" source="H7" target="I7"/>
  <move id="87" source="C4" target="B4"/>
  <move id="88" source="I7" target="I6"/>
  <move id="89" source="B4" target="A4"/>
  <move id="90" source="I6" target="I5"/>
  <move id="91" source="K5" target="K4"/>
  <move id="92" source="I5" target="I4"/>
  <move id="93" source="K4" target="K5"/>
  <move id="94" source="I4" target="I3"/>
  <move id="95" source="A4" target="A5"/>
  <move id="96" source="I3" target="G3"/>
  <move id="97" source="G2" target="G3"/>
  <move id="98" source="F8" target="G8"/>
  <move id="99" source="G3" target="G2"/>
  <move id="100" source="F6" target="F5"/>
  <move id="101" source="A5" target="A6"/>
  <move id="102" source="F7" target="F6"/>
  <move id="103" source="F4" target="E4"/>
  <move id="104" source="F5" target="F4"/>
  <move id="105" source="F3" target="G3"/>
  <move id="106" source="F6" target="F5"/>
  <move id="107" source="E4" target="E5"/>
  <move id="108" source="F4" target="F3"/>
  <move id="109" source="G3" target="F3"/>
  <move id="110" source="F5" target="F4"/>
  <move id="111" source="F3" target="G3"/>
  <move id="112" source="F4" target="F3"/>
  <move id="113" source="G3" target="H3"/>
  <move id="114" source="F9" target="F4"/>
  <move id="115" source="H3" target="I3"/>
  <move id="116" source="F4" target="G4"/>
  <move id="117" source="A6" target="A7"/>
  <move id="118" source="G8" target="G7"/>
  <move id="119" source="A7" target="A8"/>
  <move id="120" source="C8" target="C7"/>
  <move id="121" source="A8" target="A9"/>
  <move id="122" source="A:" target="A9"/>
  <move id="123" source="D3" target="D4"/>
  <move id="124" source="G7" target="F7"/>
  <move id="125" source="D4" target="C4"/>
  <move id="126" source="E8" target="F8"/>
  <move id="127" source="C4" target="B4"/>
  <move id="128" source="F8" target="G8"/>
  <move id="129" source="I3" target="I4"/>
  <move id="130" source="F7" target="F6"/>
  <move id="131" source="B4" target="A4"/>
  <move id="132" source="F6" target="F5"/>
  <move id="133" source="A4" target="A5"/>
  <move id="134" source="F5" target="F4"/>
  <move id="135" source="A5" target="A6"/>
  <move id="136" source="C9" target="C8"/>
  <move id="137" source="B8" target="B7"/>
  <move id="138" source="B9" target="B8"/>
  <move id="139" source="A6" target="A7"/>
  <move id="140" source="D8" target="D9"/>
  <move id="141" source="A7" target="A8"/>
  <move id="142" source="D9" target="C9"/>
  <move id="143" source="A8" target="B8"/>
  <move id="144" source="C9" target="D9"/>
  <move id="145" source="B8" target="C8"/>
  <move id="146" source="C7" target="C8"/>
  <move id="147" source="B7" target="B8"/>
  <move id="148" source="C8" target="D8"/>
  <move id="149" source="B8" target="C8"/>
  <move id="150" source="D8" target="E8"/>
  <move id="151" source="C8" target="D8"/>
  <move id="152" source="E8" target="F8"/>
  <move id="153" source="D8" target="E8"/>
  <move id="154" source="F8" target="F7"/>
  <move id="155" source="E8" target="E7"/>
  <move id="156" source="F4" target="G4"/>
  <move id="157" source="I4" target="I5"/>
  <move id="158" source="G4" target="H4"/>
  <move id="159" source="B3" target="B4"/>
  <move id="160" source="D9" target="D8"/>
  <move id="161" source="B4" target="B5"/>
  <move id="162" source="D8" target="C8"/>
  <move id="163" source="B5" target="A5"/>
  <move id="164" source="C8" target="B8"/>
  <move id="165" source="A5" target="A6"/>
  <move id="166" source="B8" target="B7"/>
  <move id="167" source="I5" target="I6"/>
  <move id="168" source="F7" target="G7"/>
  <player id="1">Player 1</player>
  <player id="2">Player 2</player>
  <result type="3" winner="2"/>
 </game>
</stratego>