<?xml version="1.0" encoding="UTF-8"?>
<stratego>
 <game type="classic">
  
  <field content="EBEBIBMBEDGEIBGLBFHFDKDEDFCFDJDHDGJHGIDHAA__AA__AAAA__AA__AASPPPSPRNSPUPQPUPRNUQTVRTXVTSWTRNQNQNYNOQ"/>
  <move id="1" source="F4" target="F5"/>
  <move id="2" source="F7" target="F5"/>
  <move id="3" source="F5" target="E5"/>
  <move id="4" source="E7" target="E6"/>
  <move id="5" source="F3" target="F4"/>
  <move id="6" source="F8" target="F4"/>
  <move id="7" source="E5" target="E6"/>
  <move id="8" source="D7" target="E7"/>
  <move id="9" source="E6" target="E5"/>
  <move id="10" source="E8" target="F8"/>
  <move id="11" source="F4" target="F5"/>
  <move id="12" source="E7" target="E6"/>
  <move id="13" source="E3" target="F3"/>
  <move id="14" source="F8" target="F7"/>
  <move id="15" source="F3" target="F4"/>
  <move id="16" source="F7" target="F6"/>
  <move id="17" source="A4" target="A5"/>
  <move id="18" source="E6" target="E7"/>
  <move id="19" source="A5" target="B5"/>
  <move id="20" source="F6" target="E6"/>
  <move id="21" source="B4" target="A4"/>
  <move id="22" source="E6" target="E5"/>
  <move id="23" source="E4" target="E5"/>
  <move id="24" source="E7" target="E6"/>
  <move id="25" source="E5" target="E4"/>
  <move id="26" source="E6" target="E5"/>
  <move id="27" source="E4" target="E3"/>
  <move id="28" source="E5" target="E3"/>
  <move id="29" source="F5" target="E5"/>
  <move id="30" source="G7" target="F7"/>
  <move id="31" source="E5" target="E4"/>
  <move id="32" source="F7" target="F6"/>
  <move id="33" source="C4" target="B4"/>
  <move id="34" source="F6" target="F5"/>
  <move id="35" source="B5" target="A5"/>
  <move id="36" source="F5" target="F4"/>
  <move id="37" source="G4" target="F4"/>
  <move id="38" source="B7" target="B4"/>
  <move id="39" source="A5" target="B5"/>
  <move id="40" source="B8" target="B5"/>
  <move id="41" source="A4" target="B4"/>
  <move id="42" source="C8" target="B8"/>
  <move id="43" source="C3" target="C4"/>
  <move id="44" source="G8" target="F8"/>
  <move id="45" source="E3" target="F3"/>
  <move id="46" source="D8" target="E8"/>
  <move id="47" source="F4" target="G4"/>
  <move id="48" source="E8" target="E4"/>
  <move id="49" source="E4" target="F4"/>
  <move id="50" source="F8" target="E8"/>
  <move id="51" source="D3" target="E3"/>
  <move id="52" source="F9" target="F8"/>
  <move id="53" source="E3" target="E4"/>
  <move id="54" source="E8" target="E7"/>
  <move id="55" source="E4" target="E5"/>
  <move id="56" source="E7" target="E6"/>
  <move id="57" source="E5" target="E4"/>
  <move id="58" source="F8" target="F7"/>
  <move id="59" source="A3" target="A4"/>
  <move id="60" source="F7" target="F6"/>
  <move id="61" source="A4" target="A5"/>
  <move id="62" source="E6" target="E5"/>
  <move id="63" source="I4" target="I5"/>
  <move id="64" source="F6" target="F5"/>
  <move id="65" source="I5" target="K5"/>
  <move id="66" source="E5" target="E4"/>
  <move id="67" source="D4" target="E4"/>
  <move id="68" source="F5" target="F4"/>
  <move id="69" source="F3" target="F4"/>
  <move id="70" source="D9" target="D8"/>
  <move id="71" source="E4" target="F4"/>
  <move id="72" source="D8" target="E8"/>
  <move id="73" source="C4" target="D4"/>
  <move id="74" source="E8" target="E7"/>
  <move id="75" source="D4" target="E4"/>
  <move id="76" source="E7" target="F7"/>
  <move id="77" source="F4" target="F3"/>
  <move id="78" source="F7" target="F6"/>
  <move id="79" source="K5" target="K7"/>
  <move id="80" source="C7" target="D7"/>
  <move id="81" source="C2" target="C3"/>
  <move id="82" source="D7" target="E7"/>
  <move id="83" source="C3" target="D3"/>
  <move id="84" source="E7" target="E4"/>
  <move id="85" source="F3" target="F4"/>
  <move id="86" source="F6" target="F5"/>
  <move id="87" source="D3" target="E3"/>
  <move id="88" source="F5" target="F4"/>
  <move id="89" source="E3" target="E4"/>
  <move id="90" source="F4" target="G4"/>
  <move id="91" source="H4" target="G4"/>
  <move id="92" source="I7" target="K7"/>
  <move id="93" source="G4" target="F4"/>
  <move id="94" source="K7" target="I7"/>
  <move id="95" source="F4" target="F3"/>
  <move id="96" source="B8" target="C8"/>
  <move id="97" source="I3" target="I4"/>
  <move id="98" source="C8" target="C7"/>
  <move id="99" source="I4" target="H4"/>
  <move id="100" source="C7" target="D7"/>
  <move id="101" source="H4" target="G4"/>
  <move id="102" source="D7" target="E7"/>
  <move id="103" source="E4" target="D4"/>
  <move id="104" source="E7" target="E6"/>
  <move id="105" source="D4" target="D3"/>
  <move id="106" source="E6" target="E5"/>
  <move id="107" source="D3" target="C3"/>
  <move id="108" source="E5" target="E4"/>
  <move id="109" source="C3" target="C2"/>
  <move id="110" source="E4" target="E3"/>
  <move id="111" source="G4" target="F4"/>
  <move id="112" source="I7" target="I6"/>
  <move id="113" source="B3" target="A3"/>
  <move id="114" source="E3" target="E2"/>
  <move id="115" source="B2" target="B3"/>
  <move id="116" source="B9" target="B8"/>
  <move id="117" source="B3" target="C3"/>
  <move id="118" source="B8" target="C8"/>
  <move id="119" source="A3" target="B3"/>
  <move id="120" source="C8" target="C7"/>
  <move id="121" source="C3" target="D3"/>
  <move id="122" source="C7" target="D7"/>
  <move id="123" source="D3" target="D4"/>
  <move id="124" source="D7" target="E7"/>
  <move id="125" source="B3" target="C3"/>
  <move id="126" source="E7" target="E6"/>
  <move id="127" source="C3" target="C4"/>
  <move id="128" source="E6" target="E5"/>
  <move id="129" source="B4" target="B3"/>
  <move id="130" source="E5" target="E4"/>
  <move id="131" source="B3" target="A3"/>
  <move id="132" source="E4" target="E3"/>
  <move id="133" source="D4" target="D3"/>
  <move id="134" source="E3" target="E4"/>
  <move id="135" source="D3" target="D4"/>
  <move id="136" source="E4" target="F4"/>
  <move id="137" source="H3" target="H4"/>
  <move id="138" source="F4" target="F5"/>
  <move id="139" source="H4" target="G4"/>
  <move id="140" source="F5" target="F6"/>
  <move id="141" source="G4" target="F4"/>
  <move id="142" source="F6" target="F7"/>
  <move id="143" source="K4" target="I4"/>
  <move id="144" source="F7" target="E7"/>
  <move id="145" source="I4" target="I5"/>
  <move id="146" source="I6" target="I5"/>
  <move id="147" source="I5" target="I4"/>
  <move id="148" source="K8" target="K7"/>
  <move id="149" source="I4" target="H4"/>
  <move id="150" source="K7" target="K6"/>
  <move id="151" source="D4" target="E4"/>
  <move id="152" source="K6" target="K5"/>
  <move id="153" source="E4" target="E5"/>
  <move id="154" source="K5" target="I5"/>
  <move id="155" source="H4" target="H3"/>
  <move id="156" source="I5" target="I4"/>
  <move id="157" source="F4" target="G4"/>
  <move id="158" source="I4" target="H4"/>
  <move id="159" source="A5" target="B5"/>
  <move id="160" source="C9" target="C8"/>
  <move id="161" source="C4" target="D4"/>
  <move id="162" source="C8" target="C7"/>
  <move id="163" source="D4" target="E4"/>
  <move id="164" source="C7" target="B7"/>
  <move id="165" source="B5" target="B4"/>
  <move id="166" source="B7" target="B6"/>
  <move id="167" source="B4" target="B3"/>
  <move id="168" source="B6" target="B5"/>
  <move id="169" source="E4" target="F4"/>
  <move id="170" source="B5" target="B4"/>
  <move id="171" source="K3" target="K4"/>
  <move id="172" source="B4" target="B3"/>
  <move id="173" source="A3" target="B3"/>
  <move id="174" source="A8" target="B8"/>
  <move id="175" source="G4" target="H4"/>
  <move id="176" source="B8" target="B7"/>
  <move id="177" source="H4" target="I4"/>
  <move id="178" source="B7" target="B6"/>
  <move id="179" source="B3" target="C3"/>
  <move id="180" source="B6" target="B5"/>
  <move id="181" source="C3" target="D3"/>
  <move id="182" source="B5" target="B4"/>
  <move id="183" source="D3" target="E3"/>
  <move id="184" source="B4" target="C4"/>
  <move id="185" source="F4" target="G4"/>
  <move id="186" source="C4" target="D4"/>
  <move id="187" source="I4" target="I5"/>
  <move id="188" source="D4" target="D3"/>
  <move id="189" source="E3" target="E4"/>
  <move id="190" source="D3" target="E3"/>
  <move id="191" source="E4" target="F4"/>
  <move id="192" source="E3" target="E2"/>
  <move id="193" source="F2" target="E2"/>
  <move id="194" source="I8" target="K8"/>
  <move id="195" source="F3" target="F2"/>
  <move id="196" source="K8" target="K7"/>
  <move id="197" source="K4" target="I4"/>
  <move id="198" source="K7" target="K6"/>
  <move id="199" source="F4" target="F3"/>
  <move id="200" source="K6" target="K5"/>
  <move id="201" source="I5" target="K5"/>
  <move id="202" source="I9" target="I8"/>
  <move id="203" source="I4" target="K4"/>
  <move id="204" source="K5" target="K6"/>
  <move id="205" source="K4" target="K5"/>
  <move id="206" source="K6" target="I6"/>
  <move id="207" source="K5" target="I5"/>
  <move id="208" source="I6" target="I7"/>
  <move id="209" source="I5" target="I6"/>
  <move id="210" source="I8" target="K8"/>
  <move id="211" source="I6" target="I7"/>
  <move id="212" source="H9" target="I9"/>
  <move id="213" source="I7" target="I6"/>
  <move id="214" source="I9" target="I8"/>
  <move id="215" source="I6" target="K6"/>
  <move id="216" source="I8" target="I7"/>
  <move id="217" source="K6" target="K5"/>
  <move id="218" source="I7" target="I6"/>
  <move id="219" source="K5" target="K4"/>
  <move id="220" source="I6" target="I5"/>
  <move id="221" source="F3" target="E3"/>
  <move id="222" source="I5" target="I4"/>
  <move id="223" source="K4" target="K3"/>
  <move id="224" source="I4" target="I3"/>
  <move id="225" source="K3" target="K4"/>
  <move id="226" source="I3" target="I4"/>
  <move id="227" source="K4" target="K5"/>
  <move id="228" source="I4" target="I5"/>
  <move id="229" source="K5" target="K4"/>
  <move id="230" source="I5" target="I4"/>
  <move id="231" source="K4" target="K3"/>
  <move id="232" source="I4" target="K4"/>
  <move id="233" source="K3" target="I3"/>
  <move id="234" source="K4" target="I4"/>
  <move id="235" source="I3" target="K3"/>
  <move id="236" source="I4" target="K4"/>
  <move id="237" source="K3" target="I3"/>
  <move id="238" source="K4" target="K3"/>
  <move id="239" source="I3" target="I4"/>
  <move id="240" source="K3" target="I3"/>
  <move id="241" source="I4" target="K4"/>
  <move id="242" source="I3" target="K3"/>
  <move id="243" source="K4" target="I4"/>
  <move id="244" source="K3" target="K4"/>
  <move id="245" source="I4" target="I3"/>
  <move id="246" source="K4" target="K3"/>
  <move id="247" source="I3" target="I4"/>
  <move id="248" source="K3" target="K4"/>
  <move id="249" source="I4" target="I3"/>
  <move id="250" source="K8" target="I8"/>
  <move id="251" source="G3" target="F3"/>
  <move id="252" source="I8" target="I7"/>
  <move id="253" source="F3" target="F4"/>
  <move id="254" source="I7" target="I6"/>
  <move id="255" source="H3" target="H4"/>
  <move id="256" source="I6" target="I5"/>
  <move id="257" source="I3" target="H3"/>
  <move id="258" source="I5" target="I4"/>
  <move id="259" source="H3" target="G3"/>
  <move id="260" source="I4" target="H4"/>
  <move id="261" source="G4" target="H4"/>
  <move id="262" source="E7" target="E6"/>
  <move id="263" source="E5" target="E4"/>
  <move id="264" source="E6" target="E5"/>
  <move id="265" source="E4" target="D4"/>
  <move id="266" source="E5" target="E4"/>
  <move id="267" source="F4" target="G4"/>
  <move id="268" source="E4" target="D4"/>
  <move id="269" source="G3" target="F3"/>
  <move id="270" source="D4" target="E4"/>
  <move id="271" source="F3" target="F4"/>
  <move id="272" source="E4" target="E5"/>
  <move id="273" source="F4" target="F5"/>
  <move id="274" source="E5" target="E6"/>
  <move id="275" source="F5" target="F6"/>
  <move id="276" source="E6" target="E7"/>
  <move id="277" source="F6" target="F7"/>
  <move id="278" source="E7" target="E8"/>
  <move id="279" source="F7" target="E7"/>
  <move id="280" source="E8" target="D8"/>
  <move id="281" source="E7" target="E6"/>
  <move id="282" source="D8" target="D7"/>
  <move id="283" source="G4" target="F4"/>
  <move id="284" source="D7" target="C7"/>
  <move id="285" source="F4" target="E4"/>
  <move id="286" source="K4" target="I4"/>
  <move id="287" source="F2" target="F3"/>
  <move id="288" source="I4" target="I3"/>
  <move id="289" source="F3" target="G3"/>
  <move id="290" source="I3" target="I2"/>
  <move id="291" source="E2" target="F2"/>
  <move id="292" source="I:" target="I9"/>
  <move id="293" source="F2" target="F3"/>
  <move id="294" source="I9" target="I8"/>
  <move id="295" source="G3" target="G4"/>
  <move id="296" source="I8" target="I7"/>
  <move id="297" source="I2" target="I3"/>
  <move id="298" source="I7" target="I6"/>
  <move id="299" source="I3" target="I4"/>
  <move id="300" source="I6" target="I5"/>
  <player id="1">Player 1</player>
  <player id="2">Player 2</player>
  <result type="3" winner="1"/>
 </game>
</stratego>