<?xml version="1.0" encoding="UTF-8"?>
<stratego>
 <game type="classic">
  
  <field content="IGBCMDDEBDFBGBDGBEDEFEHDKGLHJIHFDHFIEJBDAA__AA__AAAA__AA__AASVXSNNQOPNSQPSPPUVWQPPRPTRURNPTUNTYRTQQN"/>
  <move id="1" source="E4" target="E5"/>
  <move id="2" source="A7" target="A6"/>
  <move id="3" source="E5" target="E6"/>
  <move id="4" source="A6" target="A5"/>
  <move id="5" source="D4" target="E4"/>
  <move id="6" source="I7" target="I6"/>
  <move id="7" source="F4" target="F5"/>
  <move id="8" source="I6" target="I5"/>
  <move id="9" source="F5" target="F6"/>
  <move id="10" source="H7" target="I7"/>
  <move id="11" source="E4" target="E5"/>
  <move id="12" source="H8" target="H7"/>
  <move id="13" source="E6" target="E7"/>
  <move id="14" source="I8" target="H8"/>
  <move id="15" source="F6" target="E6"/>
  <move id="16" source="I7" target="I8"/>
  <move id="17" source="C4" target="F4"/>
  <move id="18" source="H7" target="I7"/>
  <move id="19" source="F4" target="F7"/>
  <move id="20" source="G7" target="H7"/>
  <move id="21" source="G4" target="F4"/>
  <move id="22" source="G8" target="G7"/>
  <move id="23" source="F4" target="F5"/>
  <move id="24" source="H8" target="G8"/>
  <move id="25" source="F5" target="F6"/>
  <move id="26" source="I8" target="H8"/>
  <move id="27" source="E5" target="F5"/>
  <move id="28" source="I7" target="I8"/>
  <move id="29" source="G3" target="G4"/>
  <move id="30" source="H7" target="I7"/>
  <move id="31" source="G4" target="F4"/>
  <move id="32" source="I7" target="I6"/>
  <move id="33" source="F4" target="E4"/>
  <move id="34" source="I6" target="K6"/>
  <move id="35" source="E4" target="E5"/>
  <move id="36" source="K6" target="K5"/>
  <move id="37" source="F5" target="F4"/>
  <move id="38" source="A5" target="B5"/>
  <move id="39" source="F6" target="F5"/>
  <move id="40" source="B5" target="B4"/>
  <move id="41" source="A4" target="B4"/>
  <move id="42" source="A8" target="A7"/>
  <move id="43" source="E6" target="F6"/>
  <move id="44" source="A7" target="A6"/>
  <move id="45" source="E5" target="E6"/>
  <move id="46" source="A6" target="A5"/>
  <move id="47" source="F5" target="E5"/>
  <move id="48" source="A5" target="B5"/>
  <move id="49" source="F6" target="F5"/>
  <move id="50" source="B5" target="A5"/>
  <move id="51" source="E6" target="F6"/>
  <move id="52" source="I8" target="I7"/>
  <move id="53" source="E5" target="E6"/>
  <move id="54" source="I7" target="I6"/>
  <move id="55" source="E6" target="E7"/>
  <move id="56" source="D7" target="E7"/>
  <move id="57" source="F6" target="E6"/>
  <move id="58" source="C7" target="D7"/>
  <move id="59" source="E6" target="E7"/>
  <move id="60" source="D7" target="E7"/>
  <move id="61" source="E3" target="E4"/>
  <move id="62" source="G7" target="H7"/>
  <move id="63" source="E4" target="E5"/>
  <move id="64" source="H8" target="I8"/>
  <move id="65" source="E5" target="E6"/>
  <move id="66" source="B7" target="B6"/>
  <move id="67" source="E6" target="E7"/>
  <move id="68" source="B6" target="B5"/>
  <move id="69" source="E7" target="E8"/>
  <move id="70" source="B5" target="B4"/>
  <move id="71" source="E8" target="D8"/>
  <move id="72" source="A5" target="A4"/>
  <move id="73" source="D8" target="C8"/>
  <move id="74" source="A4" target="A3"/>
  <move id="75" source="C8" target="B8"/>
  <move id="76" source="A3" target="B3"/>
  <move id="77" source="B8" target="B9"/>
  <move id="78" source="B3" target="B2"/>
  <move id="79" source="B9" target="C9"/>
  <move id="80" source="B4" target="C4"/>
  <move id="81" source="C9" target="C8"/>
  <move id="82" source="C4" target="D4"/>
  <move id="83" source="C8" target="D8"/>
  <move id="84" source="I5" target="I4"/>
  <move id="85" source="D8" target="E8"/>
  <move id="86" source="K5" target="I5"/>
  <move id="87" source="E8" target="F8"/>
  <move id="88" source="I5" target="I4"/>
  <move id="89" source="F8" target="G8"/>
  <move id="90" source="I4" target="H4"/>
  <move id="91" source="H4" target="I4"/>
  <move id="92" source="D4" target="D3"/>
  <move id="93" source="I4" target="I5"/>
  <player id="1">Player 1</player>
  <player id="2">Player 2</player>
  <result type="3" winner="1"/>
 </game>
</stratego>