<?xml version="1.0" encoding="UTF-8"?>
<stratego>
 <game type="classic">
  
  <field content="CDEEBEBGEGDDJMHDBHBDKHEIBGBDDJIHLDFFIFGFAA__AA__AAAA__AA__AATPUPRPPSPPSVOQSTQRPTNXVUNNNWRPYNQSQRNUTQ"/>
  <move id="1" source="F4" target="F5"/>
  <move id="2" source="K7" target="K4"/>
  <move id="3" source="F5" target="F6"/>
  <move id="4" source="K8" target="K7"/>
  <move id="5" source="G4" target="F4"/>
  <move id="6" source="K7" target="K6"/>
  <move id="7" source="F4" target="F5"/>
  <move id="8" source="K6" target="K5"/>
  <move id="9" source="F5" target="E5"/>
  <move id="10" source="K5" target="K4"/>
  <move id="11" source="I4" target="I5"/>
  <move id="12" source="K4" target="K3"/>
  <move id="13" source="I5" target="K5"/>
  <move id="14" source="I7" target="I3"/>
  <move id="15" source="H4" target="I4"/>
  <move id="16" source="H7" target="I7"/>
  <move id="17" source="I4" target="I5"/>
  <move id="18" source="I7" target="I6"/>
  <move id="19" source="K3" target="K4"/>
  <move id="20" source="I6" target="I5"/>
  <move id="21" source="K5" target="K6"/>
  <move id="22" source="I8" target="I7"/>
  <move id="23" source="K4" target="I4"/>
  <move id="24" source="I5" target="K5"/>
  <move id="25" source="K6" target="I6"/>
  <move id="26" source="H8" target="I8"/>
  <move id="27" source="I6" target="I7"/>
  <move id="28" source="I8" target="H8"/>
  <move id="29" source="I4" target="K4"/>
  <move id="30" source="K5" target="I5"/>
  <move id="31" source="F3" target="F4"/>
  <move id="32" source="A7" target="A6"/>
  <move id="33" source="F4" target="G4"/>
  <move id="34" source="A6" target="A5"/>
  <move id="35" source="G4" target="H4"/>
  <move id="36" source="I5" target="I6"/>
  <move id="37" source="I7" target="H7"/>
  <move id="38" source="H8" target="I8"/>
  <move id="39" source="H4" target="I4"/>
  <move id="40" source="F7" target="F6"/>
  <move id="41" source="I4" target="I5"/>
  <move id="42" source="I6" target="I7"/>
  <move id="43" source="I5" target="I6"/>
  <move id="44" source="I7" target="H7"/>
  <move id="45" source="I6" target="I7"/>
  <move id="46" source="E7" target="F7"/>
  <move id="47" source="F6" target="E6"/>
  <move id="48" source="E8" target="E7"/>
  <move id="49" source="I7" target="I8"/>
  <move id="50" source="E7" target="E6"/>
  <move id="51" source="E4" target="F4"/>
  <move id="52" source="E6" target="E5"/>
  <move id="53" source="F4" target="F5"/>
  <move id="54" source="D7" target="E7"/>
  <move id="55" source="E5" target="E4"/>
  <move id="56" source="E7" target="E6"/>
  <move id="57" source="E4" target="F4"/>
  <move id="58" source="F7" target="F6"/>
  <move id="59" source="D4" target="E4"/>
  <move id="60" source="E6" target="E5"/>
  <move id="61" source="C4" target="D4"/>
  <move id="62" source="F6" target="F5"/>
  <move id="63" source="E4" target="E5"/>
  <move id="64" source="G7" target="F7"/>
  <move id="65" source="F2" target="F3"/>
  <move id="66" source="G8" target="G7"/>
  <move id="67" source="F4" target="G4"/>
  <move id="68" source="F8" target="G8"/>
  <move id="69" source="F3" target="F7"/>
  <move id="70" source="G8" target="H8"/>
  <move id="71" source="G4" target="F4"/>
  <move id="72" source="H8" target="I8"/>
  <move id="73" source="F4" target="E4"/>
  <move id="74" source="D8" target="E8"/>
  <move id="75" source="H3" target="H4"/>
  <move id="76" source="I8" target="H8"/>
  <move id="77" source="H4" target="G4"/>
  <move id="78" source="H8" target="G8"/>
  <move id="79" source="G4" target="F4"/>
  <move id="80" source="G8" target="F8"/>
  <move id="81" source="F4" target="F5"/>
  <move id="82" source="F8" target="F7"/>
  <move id="83" source="A4" target="A5"/>
  <move id="84" source="B7" target="B4"/>
  <move id="85" source="B4" target="C4"/>
  <move id="86" source="C7" target="B7"/>
  <move id="87" source="A5" target="A4"/>
  <move id="88" source="B7" target="B6"/>
  <move id="89" source="F5" target="F4"/>
  <move id="90" source="B6" target="B5"/>
  <move id="91" source="F4" target="G4"/>
  <move id="92" source="I9" target="I8"/>
  <move id="93" source="K2" target="K3"/>
  <move id="94" source="I8" target="I7"/>
  <move id="95" source="K3" target="I3"/>
  <move id="96" source="B5" target="A5"/>
  <move id="97" source="A4" target="B4"/>
  <move id="98" source="A5" target="B5"/>
  <move id="99" source="B4" target="A4"/>
  <move id="100" source="B5" target="A5"/>
  <move id="101" source="I3" target="I4"/>
  <move id="102" source="A8" target="A7"/>
  <move id="103" source="E4" target="F4"/>
  <move id="104" source="A7" target="B7"/>
  <move id="105" source="F4" target="F5"/>
  <move id="106" source="B7" target="B6"/>
  <move id="107" source="F5" target="F6"/>
  <move id="108" source="D9" target="D8"/>
  <move id="109" source="F6" target="F7"/>
  <move id="110" source="G7" target="G8"/>
  <move id="111" source="I4" target="I5"/>
  <move id="112" source="D8" target="D7"/>
  <move id="113" source="F7" target="F6"/>
  <move id="114" source="D7" target="E7"/>
  <move id="115" source="F6" target="F5"/>
  <move id="116" source="E7" target="F7"/>
  <move id="117" source="F5" target="E5"/>
  <move id="118" source="F7" target="F6"/>
  <move id="119" source="G4" target="F4"/>
  <move id="120" source="F6" target="F5"/>
  <move id="121" source="E5" target="E4"/>
  <move id="122" source="F5" target="F4"/>
  <move id="123" source="E4" target="E5"/>
  <move id="124" source="B8" target="B7"/>
  <move id="125" source="K4" target="I4"/>
  <move id="126" source="B7" target="C7"/>
  <move id="127" source="I4" target="H4"/>
  <move id="128" source="C7" target="D7"/>
  <move id="129" source="H4" target="G4"/>
  <move id="130" source="F4" target="F5"/>
  <move id="131" source="E5" target="E6"/>
  <move id="132" source="D7" target="E7"/>
  <move id="133" source="E6" target="F6"/>
  <move id="134" source="F5" target="E5"/>
  <move id="135" source="D4" target="E4"/>
  <move id="136" source="E7" target="F7"/>
  <move id="137" source="E4" target="E5"/>
  <move id="138" source="F7" target="F6"/>
  <move id="139" source="E5" target="E6"/>
  <move id="140" source="F6" target="F7"/>
  <move id="141" source="I5" target="K5"/>
  <move id="142" source="E8" target="D8"/>
  <move id="143" source="E6" target="E7"/>
  <move id="144" source="F7" target="F8"/>
  <move id="145" source="C4" target="D4"/>
  <move id="146" source="A5" target="B5"/>
  <move id="147" source="D4" target="E4"/>
  <move id="148" source="B5" target="B4"/>
  <move id="149" source="E4" target="F4"/>
  <move id="150" source="I7" target="K7"/>
  <move id="151" source="K5" target="I5"/>
  <move id="152" source="K7" target="I7"/>
  <move id="153" source="I5" target="K5"/>
  <move id="154" source="I7" target="K7"/>
  <move id="155" source="K5" target="I5"/>
  <move id="156" source="K7" target="K6"/>
  <move id="157" source="F4" target="F5"/>
  <move id="158" source="K6" target="K5"/>
  <move id="159" source="I5" target="I6"/>
  <move id="160" source="K5" target="I5"/>
  <move id="161" source="I6" target="I7"/>
  <move id="162" source="K9" target="K8"/>
  <move id="163" source="I7" target="H7"/>
  <move id="164" source="K8" target="K7"/>
  <move id="165" source="F5" target="F6"/>
  <move id="166" source="I5" target="I4"/>
  <move id="167" source="F6" target="F7"/>
  <move id="168" source="I4" target="H4"/>
  <move id="169" source="G4" target="H4"/>
  <move id="170" source="K7" target="K1"/>
  <move id="171" source="F7" target="G7"/>
  <move id="172" source="G8" target="H8"/>
  <move id="173" source="H7" target="H8"/>
  <move id="174" source="B6" target="A6"/>
  <move id="175" source="E7" target="F7"/>
  <move id="176" source="F8" target="E8"/>
  <move id="177" source="G7" target="H7"/>
  <move id="178" source="D8" target="D7"/>
  <move id="179" source="H7" target="H8"/>
  <move id="180" source="E8" target="D8"/>
  <move id="181" source="H8" target="H7"/>
  <move id="182" source="D7" target="C7"/>
  <move id="183" source="F7" target="E7"/>
  <move id="184" source="C7" target="B7"/>
  <move id="185" source="E7" target="D7"/>
  <move id="186" source="D8" target="E8"/>
  <move id="187" source="H4" target="G4"/>
  <move id="188" source="B7" target="C7"/>
  <move id="189" source="D7" target="E7"/>
  <move id="190" source="E8" target="D8"/>
  <move id="191" source="K1" target="K2"/>
  <move id="192" source="C8" target="B8"/>
  <move id="193" source="K2" target="K3"/>
  <move id="194" source="D8" target="C8"/>
  <move id="195" source="K3" target="K4"/>
  <move id="196" source="B8" target="A8"/>
  <move id="197" source="K4" target="K5"/>
  <move id="198" source="C8" target="B8"/>
  <move id="199" source="K5" target="K6"/>
  <move id="200" source="B8" target="B7"/>
  <move id="201" source="K6" target="K7"/>
  <move id="202" source="A8" target="B8"/>
  <move id="203" source="K7" target="K8"/>
  <move id="204" source="I:" target="I9"/>
  <move id="205" source="G4" target="H4"/>
  <move id="206" source="B8" target="C8"/>
  <move id="207" source="H4" target="I4"/>
  <move id="208" source="B7" target="B6"/>
  <move id="209" source="I4" target="K4"/>
  <move id="210" source="B6" target="B5"/>
  <move id="211" source="K8" target="K9"/>
  <move id="212" source="I9" target="K9"/>
  <move id="213" source="K4" target="K5"/>
  <move id="214" source="K9" target="I9"/>
  <move id="215" source="K5" target="I5"/>
  <move id="216" source="I9" target="I8"/>
  <move id="217" source="I5" target="I6"/>
  <move id="218" source="I8" target="H8"/>
  <move id="219" source="H7" target="I7"/>
  <move id="220" source="B5" target="A5"/>
  <move id="221" source="A4" target="B4"/>
  <move id="222" source="A5" target="B5"/>
  <move id="223" source="C3" target="C4"/>
  <move id="224" source="A6" target="A5"/>
  <move id="225" source="C4" target="B4"/>
  <move id="226" source="B5" target="B6"/>
  <move id="227" source="I7" target="K7"/>
  <move id="228" source="A5" target="B5"/>
  <move id="229" source="B4" target="A4"/>
  <move id="230" source="B5" target="A5"/>
  <move id="231" source="A4" target="B4"/>
  <move id="232" source="A5" target="B5"/>
  <move id="233" source="B4" target="A4"/>
  <move id="234" source="H8" target="I8"/>
  <move id="235" source="I6" target="I7"/>
  <move id="236" source="I8" target="H8"/>
  <move id="237" source="E7" target="F7"/>
  <move id="238" source="C7" target="D7"/>
  <move id="239" source="B3" target="C3"/>
  <move id="240" source="D7" target="D8"/>
  <move id="241" source="B2" target="B5"/>
  <move id="242" source="B6" target="B7"/>
  <move id="243" source="C3" target="C4"/>
  <move id="244" source="B5" target="B6"/>
  <move id="245" source="A4" target="A5"/>
  <move id="246" source="B7" target="B8"/>
  <move id="247" source="C4" target="D4"/>
  <move id="248" source="B6" target="B7"/>
  <move id="249" source="A5" target="A6"/>
  <move id="250" source="B7" target="C7"/>
  <move id="251" source="A6" target="A7"/>
  <move id="252" source="D8" target="E8"/>
  <move id="253" source="D4" target="E4"/>
  <move id="254" source="C7" target="D7"/>
  <move id="255" source="E4" target="E5"/>
  <move id="256" source="C8" target="D8"/>
  <move id="257" source="E5" target="E6"/>
  <move id="258" source="H8" target="G8"/>
  <move id="259" source="F1" target="F2"/>
  <move id="260" source="D7" target="C7"/>
  <move id="261" source="F2" target="F3"/>
  <move id="262" source="C7" target="D7"/>
  <move id="263" source="F3" target="F4"/>
  <move id="264" source="H9" target="I9"/>
  <move id="265" source="I7" target="H7"/>
  <move id="266" source="I9" target="H9"/>
  <move id="267" source="H7" target="G7"/>
  <move id="268" source="H9" target="H8"/>
  <move id="269" source="E6" target="E7"/>
  <move id="270" source="H:" target="I:"/>
  <move id="271" source="E7" target="D7"/>
  <move id="272" source="D8" target="C8"/>
  <move id="273" source="D7" target="C7"/>
  <move id="274" source="C8" target="D8"/>
  <move id="275" source="A7" target="A8"/>
  <move id="276" source="B8" target="A8"/>
  <move id="277" source="C7" target="B7"/>
  <move id="278" source="I:" target="I9"/>
  <move id="279" source="C2" target="C3"/>
  <move id="280" source="I9" target="I8"/>
  <move id="281" source="C3" target="C4"/>
  <move id="282" source="I8" target="I7"/>
  <move id="283" source="K7" target="K6"/>
  <move id="284" source="I7" target="I6"/>
  <move id="285" source="K6" target="I6"/>
  <move id="286" source="A8" target="A7"/>
  <move id="287" source="B7" target="C7"/>
  <move id="288" source="A7" target="B7"/>
  <move id="289" source="C7" target="D7"/>
  <move id="290" source="D8" target="C8"/>
  <move id="291" source="F4" target="G4"/>
  <move id="292" source="C9" target="D9"/>
  <move id="293" source="D7" target="E7"/>
  <move id="294" source="E8" target="D8"/>
  <move id="295" source="F7" target="F6"/>
  <move id="296" source="G8" target="F8"/>
  <move id="297" source="G7" target="F7"/>
  <move id="298" source="H8" target="G8"/>
  <move id="299" source="E7" target="E8"/>
  <move id="300" source="D8" target="D7"/>
  <move id="301" source="F6" target="E6"/>
  <move id="302" source="D9" target="D8"/>
  <move id="303" source="E8" target="F8"/>
  <move id="304" source="D8" target="E8"/>
  <move id="305" source="F7" target="F6"/>
  <move id="306" source="G8" target="G7"/>
  <move id="307" source="E6" target="E5"/>
  <move id="308" source="G7" target="F7"/>
  <move id="309" source="F6" target="F5"/>
  <move id="310" source="D7" target="E7"/>
  <move id="311" source="F5" target="F4"/>
  <move id="312" source="F7" target="F6"/>
  <move id="313" source="E5" target="E4"/>
  <move id="314" source="E7" target="E6"/>
  <move id="315" source="F4" target="F3"/>
  <move id="316" source="F6" target="F5"/>
  <move id="317" source="G4" target="F4"/>
  <move id="318" source="F5" target="F6"/>
  <move id="319" source="F4" target="F5"/>
  <move id="320" source="F6" target="F7"/>
  <move id="321" source="F5" target="E5"/>
  <move id="322" source="E6" target="E7"/>
  <move id="323" source="E5" target="E6"/>
  <move id="324" source="E7" target="D7"/>
  <move id="325" source="F3" target="F4"/>
  <move id="326" source="F7" target="G7"/>
  <move id="327" source="F4" target="G4"/>
  <move id="328" source="I6" target="I7"/>
  <move id="329" source="G4" target="H4"/>
  <move id="330" source="I7" target="I8"/>
  <move id="331" source="H4" target="I4"/>
  <move id="332" source="I8" target="H8"/>
  <move id="333" source="I4" target="I5"/>
  <move id="334" source="G7" target="H7"/>
  <move id="335" source="I5" target="I4"/>
  <move id="336" source="H7" target="I7"/>
  <move id="337" source="I4" target="H4"/>
  <move id="338" source="I7" target="I6"/>
  <move id="339" source="H4" target="G4"/>
  <move id="340" source="B7" target="B6"/>
  <move id="341" source="G4" target="F4"/>
  <move id="342" source="B6" target="B5"/>
  <move id="343" source="C4" target="B4"/>
  <move id="344" source="B5" target="B4"/>
  <move id="345" source="F4" target="F3"/>
  <move id="346" source="D7" target="C7"/>
  <move id="347" source="E4" target="F4"/>
  <move id="348" source="C7" target="B7"/>
  <move id="349" source="B1" target="B7"/>
  <move id="350" source="C8" target="C7"/>
  <move id="351" source="F4" target="F5"/>
  <move id="352" source="C7" target="D7"/>
  <move id="353" source="F5" target="F6"/>
  <move id="354" source="I6" target="I5"/>
  <move id="355" source="E6" target="E5"/>
  <move id="356" source="I5" target="I4"/>
  <move id="357" source="E5" target="E4"/>
  <move id="358" source="I4" target="H4"/>
  <move id="359" source="E4" target="D4"/>
  <move id="360" source="H4" target="G4"/>
  <move id="361" source="F6" target="F5"/>
  <move id="362" source="D7" target="D8"/>
  <move id="363" source="D4" target="C4"/>
  <move id="364" source="E8" target="E7"/>
  <move id="365" source="C4" target="B4"/>
  <move id="366" source="E7" target="D7"/>
  <move id="367" source="A2" target="B2"/>
  <move id="368" source="D7" target="C7"/>
  <move id="369" source="B2" target="C2"/>
  <move id="370" source="D:" target="D9"/>
  <move id="371" source="C2" target="C3"/>
  <move id="372" source="D8" target="C8"/>
  <move id="373" source="C3" target="C4"/>
  <move id="374" source="H8" target="G8"/>
  <move id="375" source="C4" target="G4"/>
  <move id="376" source="G8" target="F8"/>
  <move id="377" source="B4" target="B5"/>
  <move id="378" source="F8" target="E8"/>
  <move id="379" source="B5" target="B6"/>
  <move id="380" source="E8" target="E7"/>
  <move id="381" source="F5" target="F4"/>
  <move id="382" source="G4" target="H4"/>
  <move id="383" source="F4" target="G4"/>
  <move id="384" source="H4" target="I4"/>
  <move id="385" source="F3" target="F4"/>
  <move id="386" source="I4" target="I5"/>
  <move id="387" source="F4" target="E4"/>
  <move id="388" source="I5" target="I6"/>
  <move id="389" source="G4" target="F4"/>
  <move id="390" source="I6" target="I5"/>
  <move id="391" source="E4" target="E5"/>
  <move id="392" source="E7" target="E8"/>
  <move id="393" source="E5" target="E6"/>
  <move id="394" source="E8" target="D8"/>
  <move id="395" source="F4" target="F5"/>
  <move id="396" source="I5" target="I4"/>
  <move id="397" source="E6" target="E7"/>
  <move id="398" source="I4" target="H4"/>
  <move id="399" source="E7" target="F7"/>
  <move id="400" source="H4" target="G4"/>
  <move id="401" source="C1" target="C2"/>
  <move id="402" source="B9" target="B8"/>
  <move id="403" source="C2" target="C3"/>
  <move id="404" source="B8" target="A8"/>
  <move id="405" source="C3" target="C4"/>
  <move id="406" source="A8" target="A7"/>
  <move id="407" source="C4" target="B4"/>
  <move id="408" source="A7" target="A6"/>
  <move id="409" source="B6" target="B7"/>
  <move id="410" source="C7" target="D7"/>
  <move id="411" source="F7" target="F6"/>
  <move id="412" source="D7" target="E7"/>
  <move id="413" source="F5" target="F4"/>
  <move id="414" source="G4" target="H4"/>
  <move id="415" source="F4" target="E4"/>
  <move id="416" source="H4" target="I4"/>
  <move id="417" source="E4" target="E5"/>
  <move id="418" source="E7" target="F7"/>
  <move id="419" source="F6" target="E6"/>
  <move id="420" source="F7" target="E7"/>
  <move id="421" source="E6" target="F6"/>
  <move id="422" source="I4" target="I5"/>
  <move id="423" source="F6" target="F5"/>
  <move id="424" source="I5" target="I4"/>
  <move id="425" source="E5" target="E4"/>
  <move id="426" source="I4" target="H4"/>
  <move id="427" source="E4" target="F4"/>
  <move id="428" source="D8" target="D7"/>
  <move id="429" source="F5" target="F6"/>
  <move id="430" source="D7" target="C7"/>
  <move id="431" source="F4" target="G4"/>
  <move id="432" source="H4" target="I4"/>
  <move id="433" source="E2" target="F2"/>
  <move id="434" source="I4" target="I5"/>
  <move id="435" source="F2" target="F3"/>
  <move id="436" source="I5" target="I6"/>
  <move id="437" source="F3" target="F4"/>
  <move id="438" source="I6" target="I7"/>
  <move id="439" source="F4" target="E4"/>
  <move id="440" source="I7" target="H7"/>
  <move id="441" source="E4" target="E5"/>
  <move id="442" source="E7" target="E6"/>
  <move id="443" source="F6" target="F5"/>
  <move id="444" source="E6" target="F6"/>
  <move id="445" source="F5" target="F4"/>
  <move id="446" source="D9" target="D8"/>
  <move id="447" source="F4" target="F3"/>
  <move id="448" source="D8" target="D7"/>
  <move id="449" source="G4" target="F4"/>
  <move id="450" source="D7" target="E7"/>
  <move id="451" source="E5" target="F5"/>
  <move id="452" source="F6" target="F7"/>
  <move id="453" source="F5" target="F6"/>
  <move id="454" source="F7" target="F8"/>
  <move id="455" source="F4" target="E4"/>
  <move id="456" source="H7" target="I7"/>
  <move id="457" source="E4" target="E5"/>
  <move id="458" source="I7" target="I6"/>
  <move id="459" source="B4" target="B5"/>
  <move id="460" source="C7" target="B7"/>
  <move id="461" source="D3" target="C3"/>
  <move id="462" source="I6" target="I5"/>
  <move id="463" source="E5" target="E4"/>
  <move id="464" source="I5" target="I4"/>
  <move id="465" source="E4" target="F4"/>
  <move id="466" source="E7" target="F7"/>
  <move id="467" source="F6" target="F5"/>
  <move id="468" source="F7" target="F6"/>
  <move id="469" source="C3" target="C4"/>
  <move id="470" source="F8" target="E8"/>
  <move id="471" source="F5" target="F6"/>
  <move id="472" source="E8" target="E7"/>
  <move id="473" source="F6" target="E6"/>
  <move id="474" source="E7" target="E6"/>
  <move id="475" source="C4" target="D4"/>
  <move id="476" source="E6" target="E7"/>
  <move id="477" source="F4" target="F5"/>
  <move id="478" source="I4" target="H4"/>
  <move id="479" source="F3" target="F4"/>
  <move id="480" source="H4" target="G4"/>
  <move id="481" source="F4" target="E4"/>
  <move id="482" source="B7" target="B6"/>
  <move id="483" source="B5" target="B4"/>
  <move id="484" source="B6" target="B5"/>
  <move id="485" source="B4" target="B3"/>
  <move id="486" source="B5" target="B4"/>
  <move id="487" source="B3" target="C3"/>
  <move id="488" source="C8" target="C7"/>
  <move id="489" source="D4" target="C4"/>
  <move id="490" source="B4" target="B5"/>
  <move id="491" source="E4" target="E5"/>
  <move id="492" source="E7" target="D7"/>
  <move id="493" source="E5" target="E6"/>
  <move id="494" source="D7" target="D8"/>
  <move id="495" source="C4" target="B4"/>
  <move id="496" source="B5" target="B6"/>
  <move id="497" source="B4" target="B5"/>
  <move id="498" source="B6" target="B7"/>
  <move id="499" source="B5" target="B6"/>
  <move id="500" source="A6" target="B6"/>
  <move id="501" source="C3" target="C4"/>
  <move id="502" source="D8" target="E8"/>
  <move id="503" source="C4" target="D4"/>
  <move id="504" source="E8" target="E7"/>
  <move id="505" source="D4" target="E4"/>
  <move id="506" source="E7" target="E6"/>
  <move id="507" source="E4" target="F4"/>
  <move id="508" source="G4" target="H4"/>
  <move id="509" source="F4" target="E4"/>
  <move id="510" source="C7" target="C8"/>
  <move id="511" source="E4" target="E5"/>
  <move id="512" source="B7" target="A7"/>
  <move id="513" source="E5" target="E6"/>
  <move id="514" source="B6" target="B7"/>
  <move id="515" source="E6" target="E7"/>
  <move id="516" source="B7" target="C7"/>
  <move id="517" source="E7" target="F7"/>
  <move id="518" source="C7" target="D7"/>
  <move id="519" source="F7" target="F8"/>
  <move id="520" source="D7" target="E7"/>
  <move id="521" source="D1" target="C1"/>
  <move id="522" source="A7" target="B7"/>
  <move id="523" source="C1" target="C2"/>
  <move id="524" source="B7" target="B6"/>
  <move id="525" source="C2" target="C3"/>
  <move id="526" source="B6" target="B5"/>
  <move id="527" source="C3" target="D3"/>
  <move id="528" source="B5" target="B4"/>
  <move id="529" source="D3" target="D4"/>
  <move id="530" source="H4" target="I4"/>
  <move id="531" source="D4" target="E4"/>
  <move id="532" source="I4" target="I5"/>
  <move id="533" source="E4" target="E5"/>
  <move id="534" source="I5" target="I6"/>
  <move id="535" source="F5" target="F6"/>
  <move id="536" source="I6" target="I7"/>
  <move id="537" source="H2" target="H3"/>
  <move id="538" source="I7" target="I8"/>
  <move id="539" source="H3" target="H4"/>
  <move id="540" source="I8" target="H8"/>
  <move id="541" source="H4" target="G4"/>
  <move id="542" source="H8" target="G8"/>
  <move id="543" source="F8" target="F9"/>
  <move id="544" source="F:" target="F9"/>
  <move id="545" source="G4" target="F4"/>
  <move id="546" source="B4" target="A4"/>
  <move id="547" source="A3" target="A4"/>
  <move id="548" source="G8" target="H8"/>
  <move id="549" source="A4" target="B4"/>
  <move id="550" source="H8" target="I8"/>
  <move id="551" source="B4" target="C4"/>
  <move id="552" source="I8" target="I7"/>
  <move id="553" source="F4" target="E4"/>
  <move id="554" source="I7" target="I6"/>
  <move id="555" source="F6" target="F5"/>
  <move id="556" source="I6" target="I5"/>
  <move id="557" source="F5" target="F4"/>
  <move id="558" source="I5" target="I4"/>
  <move id="559" source="F4" target="G4"/>
  <move id="560" source="I4" target="I5"/>
  <move id="561" source="E4" target="D4"/>
  <move id="562" source="E7" target="D7"/>
  <move id="563" source="D4" target="E4"/>
  <move id="564" source="D7" target="C7"/>
  <move id="565" source="E4" target="F4"/>
  <move id="566" source="C7" target="B7"/>
  <move id="567" source="F4" target="F5"/>
  <move id="568" source="B7" target="B6"/>
  <move id="569" source="A1" target="A2"/>
  <move id="570" source="B6" target="B5"/>
  <move id="571" source="C4" target="C3"/>
  <move id="572" source="B5" target="B4"/>
  <move id="573" source="A2" target="B2"/>
  <move id="574" source="I5" target="I6"/>
  <move id="575" source="F5" target="F6"/>
  <move id="576" source="I6" target="I7"/>
  <move id="577" source="G4" target="F4"/>
  <move id="578" source="I7" target="H7"/>
  <move id="579" source="F6" target="F7"/>
  <move id="580" source="H7" target="G7"/>
  <move id="581" source="F7" target="F8"/>
  <move id="582" source="G7" target="F7"/>
  <move id="583" source="F8" target="G8"/>
  <move id="584" source="F9" target="F8"/>
  <move id="585" source="E5" target="E4"/>
  <move id="586" source="B4" target="B3"/>
  <move id="587" source="B2" target="B3"/>
  <move id="588" source="F8" target="G8"/>
  <move id="589" source="G8" target="H8"/>
  <move id="590" source="F7" target="G7"/>
  <move id="591" source="H8" target="I8"/>
  <move id="592" source="G7" target="H7"/>
  <move id="593" source="F4" target="G4"/>
  <move id="594" source="H7" target="I7"/>
  <move id="595" source="I8" target="H8"/>
  <move id="596" source="I7" target="H7"/>
  <move id="597" source="H8" target="G8"/>
  <move id="598" source="H7" target="G7"/>
  <move id="599" source="G8" target="F8"/>
  <move id="600" source="G7" target="F7"/>
  <move id="601" source="F8" target="E8"/>
  <move id="602" source="F7" target="E7"/>
  <move id="603" source="E8" target="D8"/>
  <move id="604" source="C8" target="C7"/>
  <move id="605" source="C3" target="C4"/>
  <move id="606" source="K:" target="K9"/>
  <move id="607" source="H1" target="H2"/>
  <move id="608" source="K9" target="K8"/>
  <move id="609" source="H2" target="H3"/>
  <move id="610" source="K8" target="K7"/>
  <move id="611" source="H3" target="I3"/>
  <move id="612" source="K7" target="K6"/>
  <move id="613" source="I3" target="I4"/>
  <move id="614" source="K6" target="K5"/>
  <move id="615" source="G4" target="F4"/>
  <move id="616" source="E7" target="F7"/>
  <move id="617" source="C4" target="B4"/>
  <move id="618" source="F7" target="G7"/>
  <move id="619" source="B4" target="B5"/>
  <move id="620" source="G7" target="H7"/>
  <move id="621" source="B5" target="B6"/>
  <move id="622" source="H7" target="I7"/>
  <move id="623" source="B6" target="B7"/>
  <move id="624" source="I7" target="I6"/>
  <move id="625" source="F4" target="G4"/>
  <move id="626" source="I6" target="I5"/>
  <move id="627" source="I4" target="K4"/>
  <move id="628" source="I5" target="I4"/>
  <move id="629" source="K4" target="K5"/>
  <move id="630" source="I4" target="I3"/>
  <move id="631" source="G4" target="H4"/>
  <move id="632" source="I3" target="I2"/>
  <player id="1">Player 1</player>
  <player id="2">Player 2</player>
  <result type="3" winner="1"/>
 </game>
</stratego>