<?xml version="1.0" encoding="UTF-8"?>
<stratego>
 <game type="classic">
  
  <field content="IFGHIBBMBBHEFCKDDBFEHJJFDGLBEDDDDHEGIGEDAA__AA__AAAA__AA__AARSXUQPTPSPVTRPPURNTQPQSONSQWPVNNUYTQPRNN"/>
  <move id="1" source="K4" target="K7"/>
  <move id="2" source="I7" target="K7"/>
  <move id="3" source="A4" target="A7"/>
  <move id="4" source="B7" target="B6"/>
  <move id="5" source="B4" target="B6"/>
  <move id="6" source="A7" target="B7"/>
  <move id="7" source="F4" target="F5"/>
  <move id="8" source="B7" target="A7"/>
  <move id="9" source="F5" target="F6"/>
  <move id="10" source="B8" target="B7"/>
  <move id="11" source="F6" target="F7"/>
  <move id="12" source="G7" target="F7"/>
  <move id="13" source="G4" target="F4"/>
  <move id="14" source="E7" target="E6"/>
  <move id="15" source="F4" target="F5"/>
  <move id="16" source="F7" target="G7"/>
  <move id="17" source="F5" target="F6"/>
  <move id="18" source="E6" target="E5"/>
  <move id="19" source="F6" target="F7"/>
  <move id="20" source="E5" target="E4"/>
  <move id="21" source="F7" target="G7"/>
  <move id="22" source="H7" target="I7"/>
  <move id="23" source="G7" target="G8"/>
  <move id="24" source="F8" target="G8"/>
  <move id="25" source="K3" target="K7"/>
  <move id="26" source="K7" target="K6"/>
  <move id="27" source="F3" target="F4"/>
  <move id="28" source="I7" target="K7"/>
  <move id="29" source="F4" target="F5"/>
  <move id="30" source="D7" target="E7"/>
  <move id="31" source="F5" target="F6"/>
  <move id="32" source="K6" target="I6"/>
  <move id="33" source="F6" target="F7"/>
  <move id="34" source="E7" target="F7"/>
  <move id="35" source="E3" target="F3"/>
  <move id="36" source="I6" target="I7"/>
  <move id="37" source="E2" target="E3"/>
  <move id="38" source="I7" target="H7"/>
  <move id="39" source="E3" target="E4"/>
  <move id="40" source="H7" target="G7"/>
  <move id="41" source="E4" target="E5"/>
  <move id="42" source="E8" target="E5"/>
  <move id="43" source="I4" target="I5"/>
  <move id="44" source="C7" target="D7"/>
  <move id="45" source="I5" target="I6"/>
  <move id="46" source="K7" target="K2"/>
  <move id="47" source="I6" target="I7"/>
  <move id="48" source="G7" target="G8"/>
  <move id="49" source="I7" target="I8"/>
  <move id="50" source="G8" target="F8"/>
  <move id="51" source="B3" target="B4"/>
  <move id="52" source="F8" target="E8"/>
  <move id="53" source="B4" target="B5"/>
  <move id="54" source="E8" target="E7"/>
  <move id="55" source="B5" target="B6"/>
  <move id="56" source="B7" target="C7"/>
  <move id="57" source="B6" target="B7"/>
  <move id="58" source="A7" target="A6"/>
  <move id="59" source="B7" target="C7"/>
  <move id="60" source="D7" target="C7"/>
  <move id="61" source="D3" target="E3"/>
  <move id="62" source="C7" target="D7"/>
  <move id="63" source="D2" target="D3"/>
  <move id="64" source="A6" target="A5"/>
  <move id="65" source="C2" target="D2"/>
  <move id="66" source="A5" target="A4"/>
  <move id="67" source="C3" target="C2"/>
  <move id="68" source="A4" target="A3"/>
  <move id="69" source="D3" target="C3"/>
  <move id="70" source="A8" target="A7"/>
  <move id="71" source="C3" target="B3"/>
  <move id="72" source="A7" target="A6"/>
  <move id="73" source="C4" target="B4"/>
  <move id="74" source="A6" target="A5"/>
  <move id="75" source="C2" target="C3"/>
  <move id="76" source="E7" target="E8"/>
  <move id="77" source="B4" target="B5"/>
  <move id="78" source="A5" target="A4"/>
  <move id="79" source="C3" target="C4"/>
  <move id="80" source="A4" target="A3"/>
  <move id="81" source="B3" target="B4"/>
  <move id="82" source="G9" target="G8"/>
  <move id="83" source="B5" target="B6"/>
  <move id="84" source="G8" target="G7"/>
  <move id="85" source="B4" target="B5"/>
  <move id="86" source="D7" target="C7"/>
  <move id="87" source="C4" target="B4"/>
  <move id="88" source="A9" target="A5"/>
  <move id="89" source="B6" target="B7"/>
  <move id="90" source="A5" target="B5"/>
  <move id="91" source="B4" target="B5"/>
  <move id="92" source="C7" target="B7"/>
  <move id="93" source="H4" target="I4"/>
  <move id="94" source="H9" target="G9"/>
  <move id="95" source="E5" target="E6"/>
  <move id="96" source="G9" target="G8"/>
  <move id="97" source="E6" target="E7"/>
  <move id="98" source="F7" target="F6"/>
  <move id="99" source="E7" target="E8"/>
  <move id="100" source="B7" target="B6"/>
  <move id="101" source="E8" target="D8"/>
  <move id="102" source="B6" target="B5"/>
  <move id="103" source="D8" target="C8"/>
  <move id="104" source="G8" target="F8"/>
  <move id="105" source="D4" target="E4"/>
  <move id="106" source="F8" target="E8"/>
  <move id="107" source="E4" target="E5"/>
  <move id="108" source="E8" target="D8"/>
  <move id="109" source="C8" target="C9"/>
  <move id="110" source="D8" target="C8"/>
  <move id="111" source="C9" target="C:"/>
  <move id="112" source="C8" target="C9"/>
  <move id="113" source="C:" target="D:"/>
  <player id="1">Player 1</player>
  <player id="2">Player 2</player>
  <result type="1" winner="1"/>
 </game>
</stratego>