<?xml version="1.0" encoding="UTF-8"?>
<stratego>
 <game type="classic">
  
  <field content="EMDIBHJIDBDEFDGBDGEBHGKFGBDLHFEDJECFHBDIAA__AA__AAAA__AA__AANRUXPUWVPSRNTPPSONNPPTVTPRQSRNQSQYUQTNPQ"/>
  <move id="1" source="F4" target="F5"/>
  <move id="2" source="E7" target="E6"/>
  <move id="3" source="F5" target="E5"/>
  <move id="4" source="E6" target="F6"/>
  <move id="5" source="G4" target="F4"/>
  <move id="6" source="F6" target="F4"/>
  <move id="7" source="K4" target="K5"/>
  <move id="8" source="E8" target="E7"/>
  <move id="9" source="G3" target="G4"/>
  <move id="10" source="F7" target="F6"/>
  <move id="11" source="F4" target="F5"/>
  <move id="12" source="F6" target="F5"/>
  <move id="13" source="E5" target="E6"/>
  <move id="14" source="F8" target="E8"/>
  <move id="15" source="E4" target="E5"/>
  <move id="16" source="F5" target="E5"/>
  <move id="17" source="I4" target="I7"/>
  <move id="18" source="E5" target="E6"/>
  <move id="19" source="I3" target="I4"/>
  <move id="20" source="E7" target="F7"/>
  <move id="21" source="I4" target="K4"/>
  <move id="22" source="F7" target="F3"/>
  <move id="23" source="H3" target="I3"/>
  <move id="24" source="G7" target="F7"/>
  <move id="25" source="I3" target="I4"/>
  <move id="26" source="F7" target="F8"/>
  <move id="27" source="I4" target="I5"/>
  <move id="28" source="E8" target="E7"/>
  <move id="29" source="I5" target="I6"/>
  <move id="30" source="E7" target="F7"/>
  <move id="31" source="I6" target="I7"/>
  <move id="32" source="F7" target="F6"/>
  <move id="33" source="I7" target="I8"/>
  <move id="34" source="F6" target="F5"/>
  <player id="1">Player 1</player>
  <player id="2">Player 2</player>
  <result type="3" winner="2"/>
 </game>
</stratego>