<?xml version="1.0" encoding="UTF-8"?>
<stratego>
 <game type="classic">
  
  <field content="HEFBFBEIMEKDGBFEBCLJDIEDBFBJGHDGDDHDHDIGAA__AA__AAAA__AA__AARNPRQQVTPUSPNWNPUSRSNRXOPQSTNTQPTPPNQYUV"/>
  <move id="1" source="I4" target="I5"/>
  <move id="2" source="I7" target="I5"/>
  <move id="3" source="I5" target="I6"/>
  <move id="4" source="I8" target="I7"/>
  <move id="5" source="I6" target="I7"/>
  <move id="6" source="E7" target="E6"/>
  <move id="7" source="I7" target="H7"/>
  <move id="8" source="G7" target="H7"/>
  <move id="9" source="H4" target="I4"/>
  <move id="10" source="H7" target="G7"/>
  <move id="11" source="I4" target="I9"/>
  <move id="12" source="H8" target="H7"/>
  <move id="13" source="K4" target="K5"/>
  <move id="14" source="G8" target="H8"/>
  <move id="15" source="K5" target="K6"/>
  <move id="16" source="H8" target="I8"/>
  <move id="17" source="K6" target="K7"/>
  <move id="18" source="K7" target="I7"/>
  <move id="19" source="I3" target="I4"/>
  <move id="20" source="H7" target="H8"/>
  <move id="21" source="I4" target="I5"/>
  <move id="22" source="I7" target="H7"/>
  <move id="23" source="I5" target="I6"/>
  <move id="24" source="F7" target="F6"/>
  <move id="25" source="I6" target="I7"/>
  <move id="26" source="F6" target="F5"/>
  <move id="27" source="I7" target="K7"/>
  <move id="28" source="E6" target="E5"/>
  <move id="29" source="K7" target="K8"/>
  <move id="30" source="D7" target="E7"/>
  <move id="31" source="H3" target="I3"/>
  <move id="32" source="E7" target="E6"/>
  <move id="33" source="I3" target="I4"/>
  <move id="34" source="F8" target="F7"/>
  <move id="35" source="I4" target="I5"/>
  <move id="36" source="F7" target="F6"/>
  <move id="37" source="I5" target="I6"/>
  <move id="38" source="A7" target="A6"/>
  <move id="39" source="I6" target="I7"/>
  <move id="40" source="A6" target="B6"/>
  <move id="41" source="I7" target="H7"/>
  <move id="42" source="G7" target="H7"/>
  <move id="43" source="K3" target="I3"/>
  <move id="44" source="D8" target="D7"/>
  <move id="45" source="I3" target="I4"/>
  <move id="46" source="H8" target="H7"/>
  <move id="47" source="I4" target="I5"/>
  <move id="48" source="I8" target="H8"/>
  <move id="49" source="I5" target="I6"/>
  <move id="50" source="D7" target="E7"/>
  <move id="51" source="I6" target="I7"/>
  <move id="52" source="E7" target="F7"/>
  <move id="53" source="I7" target="H7"/>
  <move id="54" source="H8" target="H7"/>
  <move id="55" source="I2" target="I3"/>
  <move id="56" source="F7" target="G7"/>
  <move id="57" source="I3" target="I4"/>
  <move id="58" source="F6" target="F7"/>
  <move id="59" source="I4" target="I5"/>
  <move id="60" source="F7" target="F8"/>
  <move id="61" source="I5" target="I6"/>
  <move id="62" source="F8" target="G8"/>
  <move id="63" source="I6" target="I7"/>
  <move id="64" source="G8" target="H8"/>
  <move id="65" source="H2" target="H3"/>
  <move id="66" source="C7" target="D7"/>
  <move id="67" source="H3" target="I3"/>
  <move id="68" source="D7" target="E7"/>
  <move id="69" source="I3" target="I4"/>
  <move id="70" source="E7" target="F7"/>
  <move id="71" source="I4" target="I5"/>
  <move id="72" source="F7" target="F8"/>
  <move id="73" source="I5" target="I6"/>
  <move id="74" source="F8" target="G8"/>
  <move id="75" source="G4" target="H4"/>
  <move id="76" source="H8" target="I8"/>
  <move id="77" source="H4" target="I4"/>
  <move id="78" source="G8" target="H8"/>
  <move id="79" source="I4" target="I5"/>
  <move id="80" source="I8" target="K8"/>
  <move id="81" source="I5" target="K5"/>
  <move id="82" source="H8" target="I8"/>
  <move id="83" source="K5" target="K6"/>
  <move id="84" source="D9" target="D8"/>
  <move id="85" source="K6" target="K7"/>
  <move id="86" source="D8" target="D7"/>
  <move id="87" source="K7" target="K8"/>
  <move id="88" source="I8" target="H8"/>
  <move id="89" source="K8" target="K9"/>
  <move id="90" source="H8" target="I8"/>
  <move id="91" source="E4" target="E5"/>
  <move id="92" source="F5" target="F4"/>
  <move id="93" source="E5" target="E6"/>
  <move id="94" source="I8" target="K8"/>
  <move id="95" source="E6" target="F6"/>
  <move id="96" source="K8" target="K6"/>
  <move id="97" source="F6" target="F7"/>
  <move id="98" source="K6" target="I6"/>
  <move id="99" source="I7" target="I6"/>
  <move id="100" source="G7" target="F7"/>
  <move id="101" source="I6" target="I7"/>
  <move id="102" source="H7" target="H8"/>
  <move id="103" source="I7" target="I8"/>
  <move id="104" source="H8" target="H7"/>
  <move id="105" source="I8" target="I7"/>
  <move id="106" source="H7" target="H8"/>
  <move id="107" source="I7" target="H7"/>
  <move id="108" source="H8" target="I8"/>
  <move id="109" source="K2" target="I2"/>
  <move id="110" source="F7" target="F6"/>
  <move id="111" source="I2" target="I3"/>
  <move id="112" source="F4" target="G4"/>
  <move id="113" source="I3" target="I4"/>
  <move id="114" source="F6" target="F5"/>
  <move id="115" source="I4" target="I5"/>
  <move id="116" source="F5" target="F4"/>
  <move id="117" source="I5" target="I6"/>
  <move id="118" source="G4" target="G3"/>
  <move id="119" source="F3" target="G3"/>
  <move id="120" source="F4" target="F3"/>
  <move id="121" source="G3" target="G4"/>
  <move id="122" source="F3" target="F2"/>
  <move id="123" source="I6" target="I7"/>
  <move id="124" source="F2" target="E2"/>
  <move id="125" source="I7" target="I8"/>
  <move id="126" source="E2" target="D2"/>
  <player id="1">Player 1</player>
  <player id="2">Player 2</player>
  <result type="3" winner="1"/>
 </game>
</stratego>