<?xml version="1.0" encoding="UTF-8"?>
<stratego>
 <game type="classic">
  
  <field content="BFBEFBEEBMEHEBIHHHDBIDDCJDDFDJGGDKGFILDGAA__AA__AAAA__AA__AASTWVPSQNSRUPVXTPUSNPPROYPUNNRQQPTQTPQRNN"/>
  <move id="1" source="F4" target="F5"/>
  <move id="2" source="B7" target="B6"/>
  <move id="3" source="F5" target="F6"/>
  <move id="4" source="E7" target="E6"/>
  <move id="5" source="F6" target="F7"/>
  <move id="6" source="E6" target="E5"/>
  <move id="7" source="G4" target="F4"/>
  <move id="8" source="F7" target="E7"/>
  <move id="9" source="F4" target="F5"/>
  <move id="10" source="E5" target="F5"/>
  <move id="11" source="F5" target="F6"/>
  <move id="12" source="B6" target="B5"/>
  <move id="13" source="E4" target="E5"/>
  <move id="14" source="B8" target="B7"/>
  <move id="15" source="D4" target="E4"/>
  <move id="16" source="B7" target="B6"/>
  <move id="17" source="E5" target="E6"/>
  <move id="18" source="C8" target="B8"/>
  <move id="19" source="E4" target="E5"/>
  <move id="20" source="F8" target="F7"/>
  <move id="21" source="E5" target="F5"/>
  <move id="22" source="B6" target="A6"/>
  <move id="23" source="K4" target="K5"/>
  <move id="24" source="A6" target="A5"/>
  <move id="25" source="K5" target="K6"/>
  <move id="26" source="A5" target="A4"/>
  <move id="27" source="I4" target="I5"/>
  <move id="28" source="A7" target="B7"/>
  <move id="29" source="I5" target="I6"/>
  <move id="30" source="B5" target="A5"/>
  <move id="31" source="H4" target="G4"/>
  <move id="32" source="B7" target="B6"/>
  <move id="33" source="G4" target="F4"/>
  <move id="34" source="C7" target="B7"/>
  <move id="35" source="C4" target="D4"/>
  <move id="36" source="B7" target="A7"/>
  <move id="37" source="D4" target="E4"/>
  <move id="38" source="A7" target="A6"/>
  <move id="39" source="E4" target="E5"/>
  <move id="40" source="A5" target="A4"/>
  <move id="41" source="A3" target="A4"/>
  <move id="42" source="A6" target="A5"/>
  <move id="43" source="A4" target="A3"/>
  <move id="44" source="A5" target="A4"/>
  <move id="45" source="B4" target="A4"/>
  <move id="46" source="A4" target="A3"/>
  <move id="47" source="E3" target="E4"/>
  <move id="48" source="A3" target="A4"/>
  <move id="49" source="E4" target="D4"/>
  <move id="50" source="A4" target="A5"/>
  <move id="51" source="D4" target="C4"/>
  <move id="52" source="B6" target="B5"/>
  <move id="53" source="C4" target="B4"/>
  <move id="54" source="B5" target="B4"/>
  <move id="55" source="B4" target="C4"/>
  <move id="56" source="B8" target="C8"/>
  <move id="57" source="C4" target="D4"/>
  <move id="58" source="B9" target="B8"/>
  <move id="59" source="D4" target="E4"/>
  <move id="60" source="B8" target="B7"/>
  <move id="61" source="E4" target="E3"/>
  <move id="62" source="B7" target="B6"/>
  <move id="63" source="C3" target="C4"/>
  <move id="64" source="B6" target="B5"/>
  <move id="65" source="E6" target="E7"/>
  <move id="66" source="F7" target="E7"/>
  <move id="67" source="E5" target="E6"/>
  <move id="68" source="F9" target="F8"/>
  <move id="69" source="F5" target="E5"/>
  <move id="70" source="F8" target="F7"/>
  <move id="71" source="F6" target="F5"/>
  <move id="72" source="F7" target="F6"/>
  <move id="73" source="E6" target="F6"/>
  <move id="74" source="F6" target="F5"/>
  <move id="75" source="F4" target="F5"/>
  <move id="76" source="E7" target="E5"/>
  <move id="77" source="F5" target="F6"/>
  <move id="78" source="E8" target="F8"/>
  <move id="79" source="F6" target="F7"/>
  <move id="80" source="F8" target="F7"/>
  <move id="81" source="F7" target="E7"/>
  <move id="82" source="D7" target="C7"/>
  <move id="83" source="F3" target="F7"/>
  <move id="84" source="E9" target="E8"/>
  <move id="85" source="F7" target="G7"/>
  <move id="86" source="A5" target="A4"/>
  <move id="87" source="E7" target="E8"/>
  <move id="88" source="A4" target="B4"/>
  <move id="89" source="C4" target="K4"/>
  <move id="90" source="B4" target="C4"/>
  <move id="91" source="E8" target="E7"/>
  <move id="92" source="C4" target="D4"/>
  <move id="93" source="E7" target="F7"/>
  <move id="94" source="D4" target="D3"/>
  <move id="95" source="E3" target="E4"/>
  <move id="96" source="B5" target="B4"/>
  <move id="97" source="F7" target="G7"/>
  <move id="98" source="B4" target="C4"/>
  <move id="99" source="E4" target="F4"/>
  <move id="100" source="C4" target="C3"/>
  <move id="101" source="E5" target="E4"/>
  <move id="102" source="C3" target="C2"/>
  <move id="103" source="E4" target="E3"/>
  <move id="104" source="D3" target="D4"/>
  <move id="105" source="B2" target="C2"/>
  <move id="106" source="C7" target="B7"/>
  <move id="107" source="F4" target="F5"/>
  <move id="108" source="B7" target="B6"/>
  <move id="109" source="G7" target="F7"/>
  <move id="110" source="B6" target="B5"/>
  <move id="111" source="F7" target="E7"/>
  <move id="112" source="B5" target="B4"/>
  <move id="113" source="E3" target="D3"/>
  <move id="114" source="D4" target="E4"/>
  <move id="115" source="E7" target="E6"/>
  <move id="116" source="E4" target="F4"/>
  <move id="117" source="F5" target="F6"/>
  <move id="118" source="F4" target="F5"/>
  <move id="119" source="F6" target="F7"/>
  <move id="120" source="D8" target="E8"/>
  <move id="121" source="F7" target="E7"/>
  <move id="122" source="E8" target="E7"/>
  <move id="123" source="E6" target="E5"/>
  <move id="124" source="F5" target="F4"/>
  <move id="125" source="E5" target="E4"/>
  <move id="126" source="F4" target="F3"/>
  <move id="127" source="E4" target="D4"/>
  <move id="128" source="B4" target="B5"/>
  <move id="129" source="D4" target="C4"/>
  <move id="130" source="B5" target="B6"/>
  <move id="131" source="C4" target="B4"/>
  <move id="132" source="B6" target="B7"/>
  <move id="133" source="B4" target="B5"/>
  <move id="134" source="B7" target="C7"/>
  <move id="135" source="B5" target="B6"/>
  <move id="136" source="C7" target="D7"/>
  <move id="137" source="B6" target="B7"/>
  <move id="138" source="D7" target="D8"/>
  <move id="139" source="B7" target="C7"/>
  <move id="140" source="C8" target="B8"/>
  <move id="141" source="C7" target="C8"/>
  <move id="142" source="C9" target="C8"/>
  <player id="1">Player 1</player>
  <player id="2">Player 2</player>
  <result type="3" winner="2"/>
 </game>
</stratego>