<?xml version="1.0" encoding="UTF-8"?>
<stratego>
 <game type="classic">
  
  <field content="GGHJFBMDDBEIBIEEDEEBKIFDLDGBHBDHFFHGCDDJAA__AA__AAAA__AA__AAPRXTSPNPPQPUVNTRNQSTNUPPQWQVROPTSSQRYUNN"/>
  <move id="1" source="I4" target="I7"/>
  <move id="2" source="E7" target="E6"/>
  <move id="3" source="K4" target="K5"/>
  <move id="4" source="E6" target="F6"/>
  <move id="5" source="K5" target="K6"/>
  <move id="6" source="H7" target="I7"/>
  <move id="7" source="K6" target="I6"/>
  <move id="8" source="I7" target="H7"/>
  <move id="9" source="I6" target="I7"/>
  <move id="10" source="K7" target="K6"/>
  <move id="11" source="I7" target="H7"/>
  <move id="12" source="K8" target="K7"/>
  <move id="13" source="H7" target="H8"/>
  <move id="14" source="K7" target="I7"/>
  <move id="15" source="H8" target="G8"/>
  <move id="16" source="I7" target="I6"/>
  <move id="17" source="H4" target="I4"/>
  <move id="18" source="K9" target="K8"/>
  <move id="19" source="G4" target="H4"/>
  <move id="20" source="K8" target="K7"/>
  <move id="21" source="I4" target="K4"/>
  <move id="22" source="F7" target="E7"/>
  <move id="23" source="K4" target="K5"/>
  <move id="24" source="F6" target="F5"/>
  <move id="25" source="H4" target="I4"/>
  <move id="26" source="F5" target="F4"/>
  <move id="27" source="E4" target="E5"/>
  <move id="28" source="F8" target="F7"/>
  <move id="29" source="E5" target="E6"/>
  <move id="30" source="F7" target="F6"/>
  <move id="31" source="E6" target="E7"/>
  <move id="32" source="F6" target="F5"/>
  <move id="33" source="E7" target="E8"/>
  <move id="34" source="F5" target="F4"/>
  <move id="35" source="E3" target="E4"/>
  <move id="36" source="F4" target="G4"/>
  <move id="37" source="G3" target="G4"/>
  <move id="38" source="D7" target="E7"/>
  <move id="39" source="E4" target="E5"/>
  <move id="40" source="C7" target="D7"/>
  <move id="41" source="E5" target="E6"/>
  <move id="42" source="B7" target="B6"/>
  <move id="43" source="E6" target="F6"/>
  <move id="44" source="E7" target="F7"/>
  <move id="45" source="F6" target="F7"/>
  <move id="46" source="K7" target="K8"/>
  <move id="47" source="F7" target="G7"/>
  <move id="48" source="I8" target="I7"/>
  <move id="49" source="B4" target="B5"/>
  <move id="50" source="I7" target="K7"/>
  <move id="51" source="B5" target="B6"/>
  <move id="52" source="A7" target="A4"/>
  <move id="53" source="B6" target="B7"/>
  <move id="54" source="B8" target="B7"/>
  <move id="55" source="A3" target="A4"/>
  <move id="56" source="B7" target="B8"/>
  <move id="57" source="A4" target="A5"/>
  <move id="58" source="A8" target="A7"/>
  <move id="59" source="A5" target="A6"/>
  <move id="60" source="B8" target="A8"/>
  <move id="61" source="A6" target="A7"/>
  <move id="62" source="A8" target="B8"/>
  <move id="63" source="A7" target="B7"/>
  <move id="64" source="B8" target="A8"/>
  <move id="65" source="B7" target="A7"/>
  <move id="66" source="D7" target="C7"/>
  <move id="67" source="A7" target="A8"/>
  <move id="68" source="C7" target="B7"/>
  <move id="69" source="A8" target="A9"/>
  <move id="70" source="B7" target="C7"/>
  <move id="71" source="G4" target="G3"/>
  <player id="1">Player 1</player>
  <player id="2">Player 2</player>
  <result type="3" winner="1"/>
 </game>
</stratego>