<?xml version="1.0" encoding="UTF-8"?>
<stratego>
 <game type="classic">
  
  <field content="DHEEDDDEHEFBFJDDBMEIBHKDIHGBLCFGBBGFJDGIAA__AA__AAAA__AA__AAPTSTPTQTUPSPVXRPVWPPNQUQSQUONQRSNNYRNRNP"/>
  <move id="1" source="I4" target="I5"/>
  <move id="2" source="I7" target="I6"/>
  <move id="3" source="K4" target="K5"/>
  <move id="4" source="I6" target="I5"/>
  <move id="5" source="K5" target="K6"/>
  <move id="6" source="H7" target="I7"/>
  <move id="7" source="I3" target="I4"/>
  <move id="8" source="I5" target="K5"/>
  <move id="9" source="K6" target="I6"/>
  <move id="10" source="I7" target="H7"/>
  <move id="11" source="I6" target="I7"/>
  <move id="12" source="H7" target="I7"/>
  <move id="13" source="I4" target="K4"/>
  <move id="14" source="K5" target="I5"/>
  <move id="15" source="H4" target="I4"/>
  <move id="16" source="I5" target="I6"/>
  <move id="17" source="I4" target="I5"/>
  <move id="18" source="I6" target="I7"/>
  <move id="19" source="I5" target="K5"/>
  <move id="20" source="I8" target="I4"/>
  <move id="21" source="G4" target="H4"/>
  <move id="22" source="I4" target="K4"/>
  <move id="23" source="K5" target="K7"/>
  <move id="24" source="F7" target="F6"/>
  <move id="25" source="H4" target="I4"/>
  <move id="26" source="F6" target="F5"/>
  <move id="27" source="I4" target="I5"/>
  <move id="28" source="F5" target="F4"/>
  <move id="29" source="F3" target="F4"/>
  <move id="30" source="F8" target="F2"/>
  <move id="31" source="I5" target="K5"/>
  <move id="32" source="E7" target="F7"/>
  <move id="33" source="K4" target="I4"/>
  <move id="34" source="F7" target="F1"/>
  <move id="35" source="I4" target="H4"/>
  <move id="36" source="H8" target="I8"/>
  <move id="37" source="B4" target="B5"/>
  <move id="38" source="B7" target="B6"/>
  <move id="39" source="B5" target="B4"/>
  <move id="40" source="B6" target="B5"/>
  <move id="41" source="E4" target="F4"/>
  <move id="42" source="B5" target="B4"/>
  <move id="43" source="F4" target="F3"/>
  <move id="44" source="B4" target="A4"/>
  <move id="45" source="F3" target="F2"/>
  <move id="46" source="A4" target="A3"/>
  <move id="47" source="F2" target="F1"/>
  <move id="48" source="B8" target="B3"/>
  <move id="49" source="B3" target="B4"/>
  <move id="50" source="A7" target="B7"/>
  <move id="51" source="E3" target="F3"/>
  <move id="52" source="B7" target="B6"/>
  <move id="53" source="B4" target="A4"/>
  <move id="54" source="B6" target="B5"/>
  <move id="55" source="D3" target="E3"/>
  <move id="56" source="B5" target="B4"/>
  <move id="57" source="A4" target="A5"/>
  <move id="58" source="B4" target="C4"/>
  <move id="59" source="F3" target="F2"/>
  <move id="60" source="C8" target="B8"/>
  <move id="61" source="E3" target="E4"/>
  <move id="62" source="K8" target="K5"/>
  <move id="63" source="C3" target="D3"/>
  <move id="64" source="G7" target="H7"/>
  <move id="65" source="D3" target="E3"/>
  <move id="66" source="H7" target="I7"/>
  <move id="67" source="H4" target="I4"/>
  <move id="68" source="I7" target="K7"/>
  <move id="69" source="K5" target="K4"/>
  <move id="70" source="K7" target="K6"/>
  <move id="71" source="E3" target="F3"/>
  <move id="72" source="K6" target="K5"/>
  <move id="73" source="E4" target="F4"/>
  <move id="74" source="K5" target="K6"/>
  <move id="75" source="F4" target="F5"/>
  <move id="76" source="K6" target="K7"/>
  <move id="77" source="F5" target="F6"/>
  <move id="78" source="E8" target="E7"/>
  <move id="79" source="F3" target="F4"/>
  <move id="80" source="E7" target="F7"/>
  <move id="81" source="F6" target="E6"/>
  <move id="82" source="F7" target="F6"/>
  <move id="83" source="E6" target="F6"/>
  <move id="84" source="F6" target="F7"/>
  <move id="85" source="G3" target="G4"/>
  <move id="86" source="I8" target="I7"/>
  <move id="87" source="G4" target="H4"/>
  <move id="88" source="I7" target="I6"/>
  <move id="89" source="I4" target="I5"/>
  <move id="90" source="I6" target="I7"/>
  <move id="91" source="I5" target="I6"/>
  <move id="92" source="I7" target="H7"/>
  <move id="93" source="H4" target="I4"/>
  <move id="94" source="H7" target="H8"/>
  <move id="95" source="I4" target="I5"/>
  <move id="96" source="K7" target="I7"/>
  <move id="97" source="I6" target="I7"/>
  <move id="98" source="F7" target="F6"/>
  <move id="99" source="F4" target="G4"/>
  <move id="100" source="F6" target="F5"/>
  <move id="101" source="I5" target="I4"/>
  <move id="102" source="F5" target="F4"/>
  <move id="103" source="G4" target="F4"/>
  <move id="104" source="D7" target="E7"/>
  <move id="105" source="I4" target="H4"/>
  <move id="106" source="E7" target="F7"/>
  <move id="107" source="H4" target="G4"/>
  <move id="108" source="F7" target="F6"/>
  <move id="109" source="F4" target="F3"/>
  <move id="110" source="F6" target="F5"/>
  <move id="111" source="F3" target="F4"/>
  <move id="112" source="F5" target="E5"/>
  <move id="113" source="E2" target="E5"/>
  <move id="114" source="D8" target="E8"/>
  <move id="115" source="F4" target="F5"/>
  <move id="116" source="E5" target="E4"/>
  <move id="117" source="F2" target="F3"/>
  <move id="118" source="E4" target="D4"/>
  <move id="119" source="G4" target="F4"/>
  <move id="120" source="E8" target="E7"/>
  <move id="121" source="F4" target="E4"/>
  <move id="122" source="E7" target="F7"/>
  <move id="123" source="E4" target="E5"/>
  <move id="124" source="F7" target="F6"/>
  <move id="125" source="F5" target="F4"/>
  <move id="126" source="F6" target="F5"/>
  <player id="1">Player 1</player>
  <player id="2">Player 2</player>
  <result type="3" winner="2"/>
 </game>
</stratego>