<?xml version="1.0" encoding="UTF-8"?>
<stratego>
 <game type="classic">
  
  <field content="EGFMBFBGBELEBBGJEDEDIJCHDHDKDHDGIHDFBIDFAA__AA__AAAA__AA__AATPUUPTWUPNSPVPSRXQSRNSQQONVTPTRPNYNRQNPQ"/>
  <move id="1" source="K4" target="K5"/>
  <move id="2" source="E7" target="E6"/>
  <move id="3" source="K3" target="K4"/>
  <move id="4" source="E6" target="F6"/>
  <move id="5" source="K5" target="K6"/>
  <move id="6" source="F6" target="F5"/>
  <move id="7" source="K4" target="K5"/>
  <move id="8" source="B7" target="B6"/>
  <move id="9" source="K6" target="K7"/>
  <move id="10" source="B6" target="A6"/>
  <move id="11" source="K5" target="K6"/>
  <move id="12" source="A6" target="A5"/>
  <move id="13" source="K6" target="I6"/>
  <move id="14" source="D7" target="E7"/>
  <move id="15" source="I4" target="I5"/>
  <move id="16" source="E7" target="E6"/>
  <move id="17" source="I6" target="I7"/>
  <move id="18" source="H7" target="I7"/>
  <move id="19" source="H4" target="I4"/>
  <move id="20" source="I7" target="H7"/>
  <move id="21" source="I5" target="K5"/>
  <move id="22" source="E6" target="E5"/>
  <move id="23" source="I4" target="I5"/>
  <move id="24" source="F7" target="F6"/>
  <move id="25" source="I5" target="I6"/>
  <move id="26" source="H7" target="I7"/>
  <move id="27" source="K5" target="I5"/>
  <move id="28" source="I7" target="I6"/>
  <move id="29" source="I5" target="I8"/>
  <move id="30" source="I8" target="I7"/>
  <move id="31" source="I3" target="I4"/>
  <move id="32" source="I7" target="H7"/>
  <move id="33" source="I4" target="I5"/>
  <move id="34" source="I9" target="I5"/>
  <move id="35" source="I2" target="I3"/>
  <move id="36" source="H9" target="I9"/>
  <move id="37" source="I3" target="I4"/>
  <move id="38" source="I9" target="I8"/>
  <move id="39" source="I4" target="I5"/>
  <move id="40" source="I8" target="I7"/>
  <move id="41" source="I5" target="K5"/>
  <move id="42" source="I7" target="I8"/>
  <move id="43" source="B4" target="B5"/>
  <move id="44" source="A5" target="A4"/>
  <move id="45" source="B5" target="B6"/>
  <move id="46" source="I8" target="I9"/>
  <move id="47" source="A3" target="A4"/>
  <move id="48" source="C7" target="B7"/>
  <move id="49" source="B6" target="A6"/>
  <move id="50" source="B7" target="B6"/>
  <move id="51" source="A6" target="A7"/>
  <move id="52" source="B6" target="A6"/>
  <move id="53" source="A4" target="A5"/>
  <move id="54" source="A6" target="A5"/>
  <move id="55" source="C4" target="B4"/>
  <move id="56" source="D8" target="D7"/>
  <move id="57" source="B4" target="B5"/>
  <move id="58" source="D7" target="C7"/>
  <move id="59" source="B5" target="B6"/>
  <move id="60" source="I9" target="I8"/>
  <move id="61" source="A2" target="A3"/>
  <move id="62" source="B8" target="B6"/>
  <move id="63" source="A3" target="A4"/>
  <move id="64" source="C7" target="D7"/>
  <move id="65" source="A4" target="A5"/>
  <move id="66" source="C8" target="B8"/>
  <move id="67" source="A5" target="A6"/>
  <move id="68" source="A7" target="B7"/>
  <move id="69" source="B6" target="B7"/>
  <move id="70" source="B8" target="B7"/>
  <move id="71" source="A6" target="B6"/>
  <move id="72" source="B7" target="A7"/>
  <move id="73" source="B6" target="B7"/>
  <move id="74" source="A7" target="A6"/>
  <move id="75" source="B3" target="B4"/>
  <move id="76" source="D7" target="B7"/>
  <move id="77" source="B4" target="B5"/>
  <move id="78" source="A6" target="A5"/>
  <move id="79" source="B5" target="B6"/>
  <move id="80" source="A5" target="A6"/>
  <move id="81" source="B6" target="B5"/>
  <move id="82" source="E5" target="E6"/>
  <move id="83" source="B7" target="C7"/>
  <move id="84" source="E8" target="D8"/>
  <move id="85" source="H3" target="H4"/>
  <move id="86" source="E6" target="E7"/>
  <move id="87" source="H4" target="I4"/>
  <move id="88" source="E7" target="E8"/>
  <move id="89" source="I4" target="I5"/>
  <move id="90" source="I8" target="I9"/>
  <move id="91" source="I5" target="I6"/>
  <move id="92" source="I9" target="H9"/>
  <move id="93" source="I6" target="I7"/>
  <move id="94" source="H8" target="I8"/>
  <move id="95" source="I7" target="H7"/>
  <move id="96" source="G7" target="F7"/>
  <move id="97" source="F4" target="F5"/>
  <move id="98" source="F6" target="F5"/>
  <move id="99" source="F3" target="F4"/>
  <move id="100" source="F5" target="F6"/>
  <move id="101" source="F4" target="F5"/>
  <move id="102" source="A6" target="B6"/>
  <move id="103" source="B5" target="A5"/>
  <move id="104" source="B6" target="A6"/>
  <move id="105" source="A5" target="B5"/>
  <move id="106" source="I8" target="I9"/>
  <move id="107" source="G3" target="F3"/>
  <move id="108" source="H9" target="H8"/>
  <move id="109" source="H7" target="I7"/>
  <move id="110" source="H8" target="H9"/>
  <move id="111" source="F5" target="F6"/>
  <move id="112" source="F7" target="G7"/>
  <move id="113" source="E4" target="E5"/>
  <move id="114" source="F8" target="F7"/>
  <move id="115" source="K5" target="K6"/>
  <move id="116" source="H9" target="H8"/>
  <move id="117" source="K6" target="K7"/>
  <move id="118" source="G7" target="H7"/>
  <move id="119" source="I7" target="I6"/>
  <move id="120" source="H7" target="I7"/>
  <move id="121" source="I6" target="K6"/>
  <move id="122" source="K8" target="K7"/>
  <move id="123" source="K2" target="I2"/>
  <move id="124" source="K7" target="K8"/>
  <move id="125" source="I2" target="I7"/>
  <move id="126" source="K8" target="I8"/>
  <move id="127" source="F3" target="F7"/>
  <move id="128" source="G8" target="G7"/>
  <move id="129" source="D4" target="E4"/>
  <move id="130" source="G9" target="G8"/>
  <move id="131" source="E5" target="E6"/>
  <move id="132" source="G8" target="F8"/>
  <move id="133" source="E6" target="E7"/>
  <move id="134" source="E8" target="E7"/>
  <move id="135" source="E4" target="E5"/>
  <move id="136" source="F7" target="F6"/>
  <move id="137" source="E5" target="E6"/>
  <move id="138" source="G7" target="F7"/>
  <move id="139" source="E6" target="F6"/>
  <move id="140" source="F7" target="G7"/>
  <move id="141" source="F6" target="F5"/>
  <move id="142" source="E7" target="E8"/>
  <move id="143" source="F5" target="F4"/>
  <move id="144" source="F8" target="F7"/>
  <move id="145" source="F4" target="F3"/>
  <move id="146" source="F7" target="F6"/>
  <move id="147" source="F3" target="G3"/>
  <move id="148" source="F6" target="F5"/>
  <move id="149" source="G3" target="H3"/>
  <move id="150" source="F5" target="F4"/>
  <move id="151" source="H3" target="I3"/>
  <move id="152" source="F4" target="F3"/>
  <move id="153" source="F2" target="F3"/>
  <move id="154" source="H8" target="G8"/>
  <move id="155" source="E3" target="E4"/>
  <move id="156" source="G8" target="F8"/>
  <move id="157" source="E4" target="E5"/>
  <move id="158" source="I8" target="H8"/>
  <move id="159" source="E5" target="E6"/>
  <move id="160" source="H8" target="H7"/>
  <move id="161" source="C7" target="B7"/>
  <move id="162" source="E8" target="E7"/>
  <move id="163" source="E6" target="E5"/>
  <move id="164" source="E7" target="E6"/>
  <move id="165" source="E5" target="E4"/>
  <move id="166" source="E6" target="E7"/>
  <move id="167" source="B7" target="B6"/>
  <move id="168" source="A6" target="A5"/>
  <move id="169" source="B5" target="B4"/>
  <move id="170" source="A5" target="A4"/>
  <move id="171" source="B4" target="B3"/>
  <move id="172" source="F8" target="F7"/>
  <move id="173" source="B6" target="B5"/>
  <move id="174" source="E7" target="E8"/>
  <move id="175" source="E4" target="E3"/>
  <move id="176" source="F7" target="E7"/>
  <move id="177" source="K6" target="K5"/>
  <move id="178" source="I7" target="I6"/>
  <move id="179" source="E3" target="F3"/>
  <move id="180" source="E7" target="F7"/>
  <move id="181" source="F3" target="F4"/>
  <move id="182" source="F7" target="F6"/>
  <move id="183" source="I3" target="H3"/>
  <move id="184" source="F6" target="F5"/>
  <move id="185" source="F4" target="E4"/>
  <move id="186" source="F5" target="E5"/>
  <move id="187" source="E4" target="D4"/>
  <move id="188" source="E5" target="E4"/>
  <move id="189" source="D4" target="C4"/>
  <move id="190" source="E4" target="F4"/>
  <move id="191" source="C4" target="D4"/>
  <move id="192" source="F4" target="F3"/>
  <move id="193" source="H3" target="I3"/>
  <move id="194" source="F3" target="G3"/>
  <move id="195" source="I3" target="K3"/>
  <move id="196" source="G3" target="H3"/>
  <move id="197" source="K3" target="K4"/>
  <move id="198" source="H3" target="I3"/>
  <move id="199" source="D4" target="E4"/>
  <move id="200" source="K9" target="K8"/>
  <move id="201" source="E4" target="E5"/>
  <move id="202" source="K8" target="I8"/>
  <move id="203" source="E5" target="E6"/>
  <move id="204" source="I8" target="H8"/>
  <move id="205" source="E6" target="E7"/>
  <move id="206" source="E8" target="E7"/>
  <move id="207" source="B3" target="B4"/>
  <move id="208" source="E7" target="E8"/>
  <move id="209" source="B4" target="C4"/>
  <move id="210" source="H8" target="H9"/>
  <move id="211" source="C4" target="D4"/>
  <move id="212" source="G7" target="G8"/>
  <move id="213" source="D4" target="E4"/>
  <move id="214" source="H7" target="G7"/>
  <move id="215" source="E4" target="E5"/>
  <move id="216" source="G7" target="F7"/>
  <move id="217" source="E5" target="E6"/>
  <move id="218" source="F7" target="E7"/>
  <move id="219" source="E6" target="E7"/>
  <move id="220" source="G8" target="F8"/>
  <move id="221" source="B5" target="B6"/>
  <move id="222" source="A4" target="B4"/>
  <move id="223" source="B6" target="B7"/>
  <move id="224" source="B4" target="C4"/>
  <move id="225" source="B7" target="C7"/>
  <move id="226" source="C4" target="D4"/>
  <move id="227" source="C7" target="D7"/>
  <move id="228" source="D4" target="E4"/>
  <move id="229" source="D7" target="D8"/>
  <move id="230" source="E4" target="E5"/>
  <move id="231" source="E7" target="D7"/>
  <move id="232" source="E5" target="E4"/>
  <move id="233" source="D7" target="C7"/>
  <move id="234" source="E8" target="E7"/>
  <move id="235" source="B2" target="B3"/>
  <move id="236" source="E7" target="F7"/>
  <move id="237" source="B3" target="B4"/>
  <move id="238" source="F7" target="G7"/>
  <move id="239" source="B4" target="B5"/>
  <move id="240" source="I6" target="I5"/>
  <move id="241" source="K5" target="I5"/>
  <move id="242" source="G7" target="H7"/>
  <move id="243" source="B5" target="B6"/>
  <move id="244" source="H7" target="I7"/>
  <move id="245" source="B6" target="B7"/>
  <move id="246" source="I7" target="I6"/>
  <move id="247" source="B7" target="B8"/>
  <move id="248" source="I6" target="I5"/>
  <move id="249" source="B8" target="C8"/>
  <move id="250" source="I5" target="K5"/>
  <move id="251" source="K4" target="K3"/>
  <move id="252" source="I3" target="H3"/>
  <move id="253" source="K3" target="I3"/>
  <move id="254" source="H3" target="G3"/>
  <move id="255" source="I3" target="I4"/>
  <move id="256" source="G3" target="F3"/>
  <move id="257" source="C8" target="C9"/>
  <move id="258" source="F3" target="F4"/>
  <move id="259" source="C3" target="B3"/>
  <move id="260" source="E4" target="E3"/>
  <move id="261" source="B3" target="B4"/>
  <move id="262" source="E3" target="F3"/>
  <move id="263" source="B4" target="B5"/>
  <move id="264" source="F3" target="G3"/>
  <move id="265" source="B5" target="B6"/>
  <move id="266" source="G3" target="H3"/>
  <move id="267" source="B6" target="B7"/>
  <move id="268" source="H3" target="I3"/>
  <move id="269" source="C7" target="C8"/>
  <move id="270" source="I3" target="I4"/>
  <move id="271" source="B7" target="C7"/>
  <move id="272" source="I4" target="I5"/>
  <move id="273" source="C7" target="D7"/>
  <move id="274" source="I5" target="I6"/>
  <move id="275" source="D7" target="E7"/>
  <move id="276" source="I6" target="I7"/>
  <move id="277" source="E7" target="E8"/>
  <move id="278" source="F8" target="E8"/>
  <move id="279" source="D8" target="E8"/>
  <move id="280" source="I7" target="H7"/>
  <move id="281" source="C8" target="D8"/>
  <move id="282" source="H7" target="G7"/>
  <move id="283" source="D8" target="D9"/>
  <move id="284" source="G7" target="F7"/>
  <move id="285" source="D9" target="D8"/>
  <move id="286" source="F7" target="E7"/>
  <move id="287" source="D8" target="C8"/>
  <move id="288" source="E7" target="D7"/>
  <move id="289" source="C8" target="B8"/>
  <move id="290" source="D7" target="C7"/>
  <move id="291" source="A1" target="A2"/>
  <move id="292" source="F4" target="E4"/>
  <move id="293" source="A2" target="A3"/>
  <move id="294" source="E4" target="D4"/>
  <move id="295" source="D3" target="D4"/>
  <move id="296" source="K5" target="I5"/>
  <move id="297" source="A3" target="A4"/>
  <move id="298" source="I5" target="I6"/>
  <move id="299" source="A4" target="A5"/>
  <move id="300" source="I6" target="I7"/>
  <move id="301" source="A5" target="A6"/>
  <move id="302" source="I7" target="H7"/>
  <move id="303" source="A6" target="A7"/>
  <move id="304" source="A8" target="A7"/>
  <move id="305" source="B8" target="A8"/>
  <move id="306" source="C7" target="B7"/>
  <player id="1">Player 1</player>
  <player id="2">Player 2</player>
  <result type="3" winner="2"/>
 </game>
</stratego>