<?xml version="1.0" encoding="UTF-8"?>
<stratego>
 <game type="classic">
  
  <field content="BLDEBEIBMEDDDIDBCJGBIJEGFGKDHFGHDHFEHFBDAA__AA__AAAA__AA__AAXNTQNNRRNNNTRSTWOTQRUQQQVSUSSVYUPPPPPPPP"/>
  <move id="1" source="B4" target="B5"/>
  <move id="2" source="A7" target="A6"/>
  <move id="3" source="B5" target="A5"/>
  <move id="4" source="A6" target="B6"/>
  <move id="5" source="C4" target="B4"/>
  <move id="6" source="B6" target="B5"/>
  <move id="7" source="A5" target="B5"/>
  <move id="8" source="B5" target="B4"/>
  <move id="9" source="F4" target="F5"/>
  <move id="10" source="B4" target="B5"/>
  <move id="11" source="F5" target="E5"/>
  <move id="12" source="B5" target="B4"/>
  <move id="13" source="E5" target="E6"/>
  <move id="14" source="B4" target="C4"/>
  <move id="15" source="G4" target="F4"/>
  <move id="16" source="C4" target="D4"/>
  <move id="17" source="E6" target="E7"/>
  <move id="18" source="D7" target="E7"/>
  <move id="19" source="F4" target="F5"/>
  <move id="20" source="E8" target="E7"/>
  <move id="21" source="F5" target="F6"/>
  <move id="22" source="E7" target="E6"/>
  <move id="23" source="F6" target="F7"/>
  <move id="24" source="E6" target="E5"/>
  <move id="25" source="K4" target="K5"/>
  <move id="26" source="E5" target="E4"/>
  <move id="27" source="K5" target="I5"/>
  <move id="28" source="D8" target="D7"/>
  <move id="29" source="I5" target="I6"/>
  <move id="30" source="D7" target="E7"/>
  <move id="31" source="I6" target="K6"/>
  <move id="32" source="E7" target="E6"/>
  <move id="33" source="K6" target="K5"/>
  <move id="34" source="E6" target="E5"/>
  <move id="35" source="K5" target="I5"/>
  <move id="36" source="E4" target="E3"/>
  <move id="37" source="I5" target="K5"/>
  <move id="38" source="E3" target="D3"/>
  <move id="39" source="D2" target="D3"/>
  <move id="40" source="D4" target="D3"/>
  <move id="41" source="G3" target="G4"/>
  <move id="42" source="D3" target="D4"/>
  <move id="43" source="G4" target="F4"/>
  <move id="44" source="C8" target="D8"/>
  <move id="45" source="F4" target="F5"/>
  <move id="46" source="E5" target="F5"/>
  <move id="47" source="F5" target="F6"/>
  <move id="48" source="F8" target="E8"/>
  <move id="49" source="F6" target="E6"/>
  <move id="50" source="D4" target="E4"/>
  <move id="51" source="E6" target="E7"/>
  <move id="52" source="E8" target="E7"/>
  <move id="53" source="B3" target="B4"/>
  <move id="54" source="E9" target="E8"/>
  <move id="55" source="B4" target="B5"/>
  <move id="56" source="E8" target="E7"/>
  <move id="57" source="B5" target="B6"/>
  <move id="58" source="E7" target="E6"/>
  <move id="59" source="B6" target="B7"/>
  <move id="60" source="E6" target="E5"/>
  <move id="61" source="A4" target="A5"/>
  <move id="62" source="E4" target="D4"/>
  <move id="63" source="A5" target="A6"/>
  <move id="64" source="E5" target="E4"/>
  <move id="65" source="A6" target="A7"/>
  <move id="66" source="E4" target="E3"/>
  <move id="67" source="F3" target="E3"/>
  <move id="68" source="E3" target="D3"/>
  <move id="69" source="A7" target="A8"/>
  <move id="70" source="E:" target="E2"/>
  <move id="71" source="K5" target="K6"/>
  <move id="72" source="D3" target="D2"/>
  <move id="73" source="K6" target="K7"/>
  <move id="74" source="F:" target="E:"/>
  <move id="75" source="K3" target="K4"/>
  <move id="76" source="E:" target="E1"/>
  <move id="77" source="K4" target="K5"/>
  <move id="78" source="G:" target="E:"/>
  <move id="79" source="K5" target="I5"/>
  <move id="80" source="E:" target="E3"/>
  <move id="81" source="H3" target="E3"/>
  <move id="82" source="D:" target="E:"/>
  <move id="83" source="I5" target="I6"/>
  <move id="84" source="E:" target="E3"/>
  <move id="85" source="H4" target="H3"/>
  <move id="86" source="D2" target="E2"/>
  <move id="87" source="H3" target="G3"/>
  <move id="88" source="E3" target="D3"/>
  <move id="89" source="C3" target="B3"/>
  <move id="90" source="D3" target="D1"/>
  <move id="91" source="B3" target="B4"/>
  <move id="92" source="E2" target="D2"/>
  <move id="93" source="B4" target="B5"/>
  <move id="94" source="D2" target="D1"/>
  <move id="95" source="B5" target="B6"/>
  <move id="96" source="C:" target="E:"/>
  <move id="97" source="B6" target="A6"/>
  <move id="98" source="E:" target="E3"/>
  <move id="99" source="A6" target="A7"/>
  <move id="100" source="E3" target="C3"/>
  <move id="101" source="A7" target="A8"/>
  <move id="102" source="A9" target="A8"/>
  <move id="103" source="A3" target="A4"/>
  <move id="104" source="A8" target="A7"/>
  <move id="105" source="A4" target="A5"/>
  <move id="106" source="A7" target="A6"/>
  <move id="107" source="A5" target="A6"/>
  <move id="108" source="B8" target="A8"/>
  <move id="109" source="I6" target="I7"/>
  <move id="110" source="C3" target="C2"/>
  <move id="111" source="G3" target="G4"/>
  <move id="112" source="D4" target="E4"/>
  <move id="113" source="G2" target="G3"/>
  <move id="114" source="H:" target="E:"/>
  <move id="115" source="G3" target="F3"/>
  <move id="116" source="E:" target="E5"/>
  <move id="117" source="G4" target="F4"/>
  <move id="118" source="E4" target="D4"/>
  <move id="119" source="C1" target="C3"/>
  <move id="120" source="D4" target="D3"/>
  <move id="121" source="B1" target="C1"/>
  <move id="122" source="D1" target="C1"/>
  <move id="123" source="F4" target="E4"/>
  <move id="124" source="E5" target="F5"/>
  <move id="125" source="F3" target="E3"/>
  <move id="126" source="D3" target="E3"/>
  <move id="127" source="E4" target="E5"/>
  <move id="128" source="F5" target="E5"/>
  <move id="129" source="E5" target="E6"/>
  <move id="130" source="D8" target="E8"/>
  <move id="131" source="C3" target="A3"/>
  <move id="132" source="E8" target="E7"/>
  <move id="133" source="A3" target="A8"/>
  <move id="134" source="A8" target="A7"/>
  <move id="135" source="C1" target="C2"/>
  <move id="136" source="E3" target="D3"/>
  <move id="137" source="H2" target="H3"/>
  <move id="138" source="D3" target="D4"/>
  <move id="139" source="C2" target="C3"/>
  <move id="140" source="A7" target="A6"/>
  <move id="141" source="C3" target="B3"/>
  <move id="142" source="D4" target="C4"/>
  <move id="143" source="H3" target="G3"/>
  <move id="144" source="E7" target="E6"/>
  <move id="145" source="B3" target="B4"/>
  <move id="146" source="C4" target="B4"/>
  <move id="147" source="G3" target="F3"/>
  <move id="148" source="A6" target="A5"/>
  <move id="149" source="F3" target="E3"/>
  <move id="150" source="A5" target="A4"/>
  <move id="151" source="E3" target="D3"/>
  <move id="152" source="A4" target="A3"/>
  <move id="153" source="D3" target="C3"/>
  <move id="154" source="A3" target="A2"/>
  <move id="155" source="C3" target="B3"/>
  <move id="156" source="A2" target="A1"/>
  <move id="157" source="B3" target="A3"/>
  <move id="158" source="I:" target="E:"/>
  <move id="159" source="A3" target="A4"/>
  <move id="160" source="E:" target="E3"/>
  <move id="161" source="A4" target="A5"/>
  <move id="162" source="K:" target="E:"/>
  <move id="163" source="A5" target="A6"/>
  <move id="164" source="E:" target="E4"/>
  <move id="165" source="A6" target="A7"/>
  <move id="166" source="K9" target="K:"/>
  <move id="167" source="A7" target="A8"/>
  <move id="168" source="K:" target="I:"/>
  <move id="169" source="A8" target="A9"/>
  <move id="170" source="I:" target="H:"/>
  <move id="171" source="A9" target="B9"/>
  <move id="172" source="H:" target="G:"/>
  <move id="173" source="B9" target="C9"/>
  <move id="174" source="G:" target="F:"/>
  <move id="175" source="C9" target="C:"/>
  <move id="176" source="B:" target="B9"/>
  <move id="177" source="C:" target="B:"/>
  <move id="178" source="B9" target="C9"/>
  <move id="179" source="B:" target="B9"/>
  <move id="180" source="C9" target="C8"/>
  <move id="181" source="B9" target="C9"/>
  <move id="182" source="C8" target="D8"/>
  <move id="183" source="C9" target="C8"/>
  <move id="184" source="D8" target="D7"/>
  <move id="185" source="C8" target="C7"/>
  <move id="186" source="D7" target="E7"/>
  <move id="187" source="C7" target="D7"/>
  <move id="188" source="E7" target="E6"/>
  <move id="189" source="D7" target="D8"/>
  <move id="190" source="F:" target="E:"/>
  <move id="191" source="D8" target="E8"/>
  <move id="192" source="E:" target="E9"/>
  <move id="193" source="E8" target="F8"/>
  <move id="194" source="E6" target="E5"/>
  <move id="195" source="F8" target="G8"/>
  <move id="196" source="E5" target="F5"/>
  <move id="197" source="G8" target="H8"/>
  <move id="198" source="F5" target="F4"/>
  <move id="199" source="H8" target="H9"/>
  <move id="200" source="F4" target="G4"/>
  <move id="201" source="H9" target="G9"/>
  <move id="202" source="D9" target="D8"/>
  <move id="203" source="B2" target="A2"/>
  <move id="204" source="D8" target="D7"/>
  <move id="205" source="A2" target="A:"/>
  <player id="1">Player 1</player>
  <player id="2">Player 2</player>
  <result type="1" winner="1"/>
 </game>
</stratego>