<?xml version="1.0" encoding="UTF-8"?>
<stratego>
 <game type="classic">
  
  <field content="EDBEDBMBEIGFEDDGBEJDHGILDFHDKHFGDJHBBCIFAA__AA__AAAA__AA__AAPSPQPSPPSRRUTPSUPTUTNXVNNQTVOWRQNYNPQNRQ"/>
  <move id="1" source="I4" target="I5"/>
  <move id="2" source="K7" target="K6"/>
  <move id="3" source="B4" target="B5"/>
  <move id="4" source="K8" target="K7"/>
  <move id="5" source="B5" target="A5"/>
  <move id="6" source="E7" target="E6"/>
  <move id="7" source="C4" target="B4"/>
  <move id="8" source="E6" target="F6"/>
  <move id="9" source="A5" target="A6"/>
  <move id="10" source="F6" target="F5"/>
  <move id="11" source="B4" target="B5"/>
  <move id="12" source="F7" target="F6"/>
  <move id="13" source="A6" target="B6"/>
  <move id="14" source="F8" target="F7"/>
  <move id="15" source="B5" target="A5"/>
  <move id="16" source="F7" target="E7"/>
  <move id="17" source="B6" target="A6"/>
  <move id="18" source="E7" target="E6"/>
  <move id="19" source="A5" target="B5"/>
  <move id="20" source="F5" target="F4"/>
  <move id="21" source="A6" target="B6"/>
  <move id="22" source="F6" target="F7"/>
  <move id="23" source="B6" target="A6"/>
  <move id="24" source="F7" target="E7"/>
  <move id="25" source="B5" target="A5"/>
  <move id="26" source="G7" target="F7"/>
  <move id="27" source="A6" target="B6"/>
  <move id="28" source="F7" target="F6"/>
  <move id="29" source="B6" target="B5"/>
  <move id="30" source="F6" target="F5"/>
  <move id="31" source="B5" target="B6"/>
  <move id="32" source="F5" target="E5"/>
  <move id="33" source="B6" target="A6"/>
  <move id="34" source="E5" target="E4"/>
  <move id="35" source="D4" target="C4"/>
  <move id="36" source="G8" target="F8"/>
  <move id="37" source="I5" target="I6"/>
  <move id="38" source="F8" target="F7"/>
  <move id="39" source="K4" target="K5"/>
  <move id="40" source="F7" target="F6"/>
  <move id="41" source="K3" target="K4"/>
  <move id="42" source="F6" target="F5"/>
  <move id="43" source="K4" target="I4"/>
  <move id="44" source="F5" target="E5"/>
  <move id="45" source="D3" target="D4"/>
  <move id="46" source="E6" target="F6"/>
  <move id="47" source="I6" target="K6"/>
  <move id="48" source="K7" target="K8"/>
  <move id="49" source="K5" target="I5"/>
  <move id="50" source="F6" target="F5"/>
  <move id="51" source="K6" target="K5"/>
  <move id="52" source="A7" target="A6"/>
  <move id="53" source="I5" target="I6"/>
  <move id="54" source="B7" target="B6"/>
  <move id="55" source="A6" target="A7"/>
  <move id="56" source="C7" target="B7"/>
  <move id="57" source="A7" target="A8"/>
  <move id="58" source="B8" target="A8"/>
  <move id="59" source="I6" target="I7"/>
  <move id="60" source="B7" target="A7"/>
  <move id="61" source="I4" target="I5"/>
  <move id="62" source="A7" target="A5"/>
  <move id="63" source="K5" target="K4"/>
  <move id="64" source="A8" target="B8"/>
  <move id="65" source="K4" target="K3"/>
  <move id="66" source="B6" target="B7"/>
  <move id="67" source="I3" target="I4"/>
  <move id="68" source="I7" target="K7"/>
  <move id="69" source="I5" target="I6"/>
  <move id="70" source="B7" target="A7"/>
  <move id="71" source="I4" target="I5"/>
  <move id="72" source="A7" target="A8"/>
  <move id="73" source="E3" target="D3"/>
  <move id="74" source="D7" target="C7"/>
  <move id="75" source="E4" target="E3"/>
  <move id="76" source="E5" target="E4"/>
  <move id="77" source="D4" target="E4"/>
  <move id="78" source="F5" target="F6"/>
  <move id="79" source="E4" target="E5"/>
  <move id="80" source="D8" target="D7"/>
  <move id="81" source="E5" target="F5"/>
  <move id="82" source="F6" target="F7"/>
  <move id="83" source="F5" target="F6"/>
  <move id="84" source="F7" target="G7"/>
  <move id="85" source="F6" target="F7"/>
  <move id="86" source="G7" target="G8"/>
  <move id="87" source="I6" target="K6"/>
  <move id="88" source="K7" target="I7"/>
  <move id="89" source="K6" target="I6"/>
  <move id="90" source="C7" target="B7"/>
  <move id="91" source="F7" target="F6"/>
  <move id="92" source="B7" target="B6"/>
  <move id="93" source="F6" target="E6"/>
  <move id="94" source="B6" target="B5"/>
  <move id="95" source="E6" target="E5"/>
  <move id="96" source="B5" target="B4"/>
  <move id="97" source="C4" target="D4"/>
  <move id="98" source="B4" target="C4"/>
  <move id="99" source="D4" target="E4"/>
  <move id="100" source="C4" target="D4"/>
  <move id="101" source="D3" target="D4"/>
  <move id="102" source="D4" target="C4"/>
  <move id="103" source="C3" target="D3"/>
  <move id="104" source="D7" target="B7"/>
  <move id="105" source="E5" target="E6"/>
  <move id="106" source="B7" target="B3"/>
  <move id="107" source="E4" target="E5"/>
  <move id="108" source="C8" target="D8"/>
  <move id="109" source="A4" target="B4"/>
  <move id="110" source="B8" target="C8"/>
  <move id="111" source="B4" target="C4"/>
  <move id="112" source="B9" target="B8"/>
  <move id="113" source="C4" target="B4"/>
  <move id="114" source="B8" target="B7"/>
  <move id="115" source="B4" target="B5"/>
  <move id="116" source="B7" target="B6"/>
  <move id="117" source="B5" target="B6"/>
  <move id="118" source="B6" target="B5"/>
  <player id="1">Player 1</player>
  <player id="2">Player 2</player>
  <result type="3" winner="2"/>
 </game>
</stratego>