<?xml version="1.0" encoding="UTF-8"?>
<stratego>
 <game type="classic">
  
  <field content="DEBFHBMBEHGBFBEEBIDJDHDELJDDFGDGIFIHCKGDAA__AA__AAAA__AA__AARTWQPUXPTRSVOUSPPNVSNRPTPPTNPUYNQQNSQRQN"/>
  <move id="1" source="E4" target="E5"/>
  <move id="2" source="F7" target="F6"/>
  <move id="3" source="F4" target="F5"/>
  <move id="4" source="F6" target="E6"/>
  <move id="5" source="E5" target="E4"/>
  <move id="6" source="E6" target="F6"/>
  <move id="7" source="E4" target="F4"/>
  <move id="8" source="F6" target="F5"/>
  <move id="9" source="D4" target="E4"/>
  <move id="10" source="E7" target="E4"/>
  <move id="11" source="I4" target="I5"/>
  <move id="12" source="F5" target="E5"/>
  <move id="13" source="C4" target="D4"/>
  <move id="14" source="F8" target="F4"/>
  <move id="15" source="F4" target="F5"/>
  <move id="16" source="E5" target="E6"/>
  <move id="17" source="I5" target="I6"/>
  <move id="18" source="E6" target="E7"/>
  <move id="19" source="K4" target="K5"/>
  <move id="20" source="A7" target="A6"/>
  <move id="21" source="D4" target="C4"/>
  <move id="22" source="A6" target="A5"/>
  <move id="23" source="K5" target="I5"/>
  <move id="24" source="A5" target="A4"/>
  <move id="25" source="B4" target="A4"/>
  <move id="26" source="B7" target="B6"/>
  <move id="27" source="A4" target="A5"/>
  <move id="28" source="B6" target="B7"/>
  <move id="29" source="A5" target="A4"/>
  <move id="30" source="B7" target="B6"/>
  <move id="31" source="F5" target="F6"/>
  <move id="32" source="B6" target="A6"/>
  <move id="33" source="A4" target="B4"/>
  <move id="34" source="A6" target="A5"/>
  <move id="35" source="D3" target="D4"/>
  <move id="36" source="A5" target="B5"/>
  <move id="37" source="E4" target="E5"/>
  <move id="38" source="E7" target="F7"/>
  <move id="39" source="E5" target="F5"/>
  <move id="40" source="F7" target="E7"/>
  <move id="41" source="F6" target="E6"/>
  <move id="42" source="E7" target="F7"/>
  <move id="43" source="E6" target="F6"/>
  <move id="44" source="E8" target="E7"/>
  <move id="45" source="F6" target="F7"/>
  <move id="46" source="E7" target="E6"/>
  <move id="47" source="D4" target="E4"/>
  <move id="48" source="E6" target="F6"/>
  <move id="49" source="F5" target="F4"/>
  <move id="50" source="E9" target="E4"/>
  <move id="51" source="C3" target="D3"/>
  <move id="52" source="F6" target="F5"/>
  <move id="53" source="B4" target="A4"/>
  <move id="54" source="F5" target="F4"/>
  <move id="55" source="F3" target="F4"/>
  <move id="56" source="B5" target="B4"/>
  <move id="57" source="C4" target="B4"/>
  <move id="58" source="C7" target="B7"/>
  <move id="59" source="B4" target="C4"/>
  <move id="60" source="B7" target="B6"/>
  <move id="61" source="A4" target="A5"/>
  <move id="62" source="B6" target="B5"/>
  <move id="63" source="C4" target="C3"/>
  <move id="64" source="B5" target="B4"/>
  <move id="65" source="D3" target="D4"/>
  <move id="66" source="D7" target="E7"/>
  <move id="67" source="D4" target="B4"/>
  <move id="68" source="E7" target="E6"/>
  <move id="69" source="E4" target="E5"/>
  <move id="70" source="E6" target="E5"/>
  <move id="71" source="E3" target="E4"/>
  <move id="72" source="F9" target="E9"/>
  <move id="73" source="E4" target="D4"/>
  <move id="74" source="G7" target="F7"/>
  <move id="75" source="G3" target="F3"/>
  <move id="76" source="F7" target="E7"/>
  <move id="77" source="E2" target="E3"/>
  <move id="78" source="E7" target="E6"/>
  <move id="79" source="E3" target="E4"/>
  <move id="80" source="E6" target="E5"/>
  <move id="81" source="F3" target="E3"/>
  <move id="82" source="E5" target="E4"/>
  <move id="83" source="D4" target="C4"/>
  <move id="84" source="B4" target="B5"/>
  <move id="85" source="A5" target="A6"/>
  <move id="86" source="E4" target="E3"/>
  <move id="87" source="C4" target="D4"/>
  <move id="88" source="E3" target="E4"/>
  <move id="89" source="D4" target="E4"/>
  <move id="90" source="B5" target="B4"/>
  <move id="91" source="C3" target="D3"/>
  <move id="92" source="B4" target="C4"/>
  <move id="93" source="F4" target="F5"/>
  <move id="94" source="C4" target="D4"/>
  <move id="95" source="D3" target="C3"/>
  <move id="96" source="B8" target="B7"/>
  <move id="97" source="F5" target="F6"/>
  <move id="98" source="B7" target="B6"/>
  <move id="99" source="F6" target="F7"/>
  <move id="100" source="B6" target="B5"/>
  <move id="101" source="I6" target="I7"/>
  <move id="102" source="B5" target="B4"/>
  <move id="103" source="H4" target="I4"/>
  <move id="104" source="B4" target="C4"/>
  <move id="105" source="I5" target="K5"/>
  <move id="106" source="D4" target="D3"/>
  <move id="107" source="C3" target="C4"/>
  <move id="108" source="D3" target="D4"/>
  <move id="109" source="I4" target="I5"/>
  <move id="110" source="D4" target="E4"/>
  <move id="111" source="I5" target="I6"/>
  <move id="112" source="E4" target="E5"/>
  <move id="113" source="I6" target="I7"/>
  <move id="114" source="E5" target="E6"/>
  <move id="115" source="K5" target="K7"/>
  <move id="116" source="K7" target="K6"/>
  <move id="117" source="K3" target="K4"/>
  <move id="118" source="K6" target="K5"/>
  <move id="119" source="K4" target="K5"/>
  <move id="120" source="E6" target="E7"/>
  <move id="121" source="F7" target="F6"/>
  <move id="122" source="E7" target="F7"/>
  <move id="123" source="F6" target="E6"/>
  <move id="124" source="F7" target="G7"/>
  <move id="125" source="E6" target="E7"/>
  <move id="126" source="C8" target="B8"/>
  <move id="127" source="A6" target="B6"/>
  <move id="128" source="B8" target="B7"/>
  <move id="129" source="E7" target="D7"/>
  <move id="130" source="C4" target="B4"/>
  <move id="131" source="D7" target="C7"/>
  <move id="132" source="B4" target="B5"/>
  <move id="133" source="B6" target="B7"/>
  <move id="134" source="B5" target="B6"/>
  <move id="135" source="B7" target="A7"/>
  <move id="136" source="B6" target="A6"/>
  <move id="137" source="A7" target="B7"/>
  <move id="138" source="A6" target="B6"/>
  <move id="139" source="B7" target="B8"/>
  <move id="140" source="B6" target="B7"/>
  <move id="141" source="C7" target="B7"/>
  <move id="142" source="G7" target="F7"/>
  <move id="143" source="K5" target="K6"/>
  <move id="144" source="F7" target="F6"/>
  <move id="145" source="K6" target="K7"/>
  <move id="146" source="K8" target="K7"/>
  <move id="147" source="H3" target="H4"/>
  <move id="148" source="F6" target="F5"/>
  <move id="149" source="H4" target="K4"/>
  <move id="150" source="F5" target="F4"/>
  <move id="151" source="K4" target="K9"/>
  <move id="152" source="F4" target="F3"/>
  <move id="153" source="K2" target="K3"/>
  <move id="154" source="F3" target="G3"/>
  <move id="155" source="K3" target="K4"/>
  <move id="156" source="G8" target="F8"/>
  <move id="157" source="K4" target="K5"/>
  <move id="158" source="F8" target="F4"/>
  <move id="159" source="K5" target="K6"/>
  <move id="160" source="F4" target="G4"/>
  <move id="161" source="K6" target="K7"/>
  <move id="162" source="G4" target="H4"/>
  <move id="163" source="I3" target="I4"/>
  <move id="164" source="H4" target="H2"/>
  <move id="165" source="K7" target="K8"/>
  <move id="166" source="I8" target="K8"/>
  <move id="167" source="I7" target="K7"/>
  <move id="168" source="G3" target="H3"/>
  <move id="169" source="K7" target="K8"/>
  <move id="170" source="H3" target="H2"/>
  <move id="171" source="K8" target="K9"/>
  <move id="172" source="H2" target="H3"/>
  <move id="173" source="K9" target="K8"/>
  <move id="174" source="H3" target="H4"/>
  <move id="175" source="I4" target="I5"/>
  <move id="176" source="H4" target="I4"/>
  <move id="177" source="I5" target="I6"/>
  <move id="178" source="I4" target="I5"/>
  <move id="179" source="I6" target="I7"/>
  <move id="180" source="I5" target="I4"/>
  <move id="181" source="I7" target="I8"/>
  <move id="182" source="I4" target="H4"/>
  <move id="183" source="I8" target="I7"/>
  <move id="184" source="H4" target="G4"/>
  <move id="185" source="I7" target="K7"/>
  <move id="186" source="G4" target="F4"/>
  <move id="187" source="K8" target="I8"/>
  <move id="188" source="F4" target="F3"/>
  <move id="189" source="K7" target="K8"/>
  <move id="190" source="F3" target="E3"/>
  <move id="191" source="K8" target="K9"/>
  <move id="192" source="E3" target="D3"/>
  <move id="193" source="K9" target="K:"/>
  <move id="194" source="H7" target="E7"/>
  <move id="195" source="F2" target="F3"/>
  <move id="196" source="E7" target="E4"/>
  <move id="197" source="F3" target="F4"/>
  <move id="198" source="E4" target="C4"/>
  <move id="199" source="F4" target="F5"/>
  <move id="200" source="C4" target="C2"/>
  <move id="201" source="F5" target="F6"/>
  <move id="202" source="D3" target="C3"/>
  <move id="203" source="F6" target="F7"/>
  <move id="204" source="C3" target="C2"/>
  <move id="205" source="F7" target="G7"/>
  <move id="206" source="C2" target="C3"/>
  <move id="207" source="G7" target="H7"/>
  <move id="208" source="C3" target="C4"/>
  <move id="209" source="H7" target="I7"/>
  <move id="210" source="C4" target="B4"/>
  <move id="211" source="I7" target="K7"/>
  <move id="212" source="B4" target="B5"/>
  <move id="213" source="B8" target="B7"/>
  <move id="214" source="B5" target="B6"/>
  <move id="215" source="B7" target="C7"/>
  <move id="216" source="B6" target="B7"/>
  <move id="217" source="C7" target="D7"/>
  <move id="218" source="D8" target="D7"/>
  <move id="219" source="K7" target="K8"/>
  <move id="220" source="D7" target="D8"/>
  <move id="221" source="K8" target="K9"/>
  <move id="222" source="B7" target="C7"/>
  <move id="223" source="K9" target="I9"/>
  <move id="224" source="I:" target="I9"/>
  <move id="225" source="I2" target="K2"/>
  <move id="226" source="C7" target="D7"/>
  <move id="227" source="K2" target="K9"/>
  <move id="228" source="D7" target="E7"/>
  <move id="229" source="K9" target="H9"/>
  <move id="230" source="E7" target="F7"/>
  <move id="231" source="K1" target="K2"/>
  <move id="232" source="F7" target="G7"/>
  <move id="233" source="K2" target="K3"/>
  <move id="234" source="G7" target="H7"/>
  <move id="235" source="K3" target="K4"/>
  <move id="236" source="H7" target="I7"/>
  <move id="237" source="K4" target="K5"/>
  <move id="238" source="I7" target="I8"/>
  <move id="239" source="K5" target="K6"/>
  <move id="240" source="D8" target="D7"/>
  <move id="241" source="K6" target="K7"/>
  <move id="242" source="D7" target="E7"/>
  <move id="243" source="K7" target="K8"/>
  <move id="244" source="E7" target="E6"/>
  <move id="245" source="K8" target="K9"/>
  <move id="246" source="E6" target="E5"/>
  <move id="247" source="K9" target="I9"/>
  <move id="248" source="E5" target="E4"/>
  <move id="249" source="I9" target="I:"/>
  <move id="250" source="E4" target="E3"/>
  <move id="251" source="B3" target="B4"/>
  <move id="252" source="E3" target="E4"/>
  <move id="253" source="B4" target="B5"/>
  <move id="254" source="E4" target="E5"/>
  <move id="255" source="B5" target="B6"/>
  <move id="256" source="E5" target="E4"/>
  <move id="257" source="B6" target="B7"/>
  <move id="258" source="E4" target="D4"/>
  <move id="259" source="B7" target="B8"/>
  <move id="260" source="D4" target="D3"/>
  <move id="261" source="B8" target="C8"/>
  <move id="262" source="D3" target="D4"/>
  <move id="263" source="A3" target="B3"/>
  <move id="264" source="D4" target="C4"/>
  <move id="265" source="B3" target="B9"/>
  <move id="266" source="C4" target="B4"/>
  <move id="267" source="A2" target="A3"/>
  <move id="268" source="B4" target="B5"/>
  <move id="269" source="A3" target="A4"/>
  <move id="270" source="B5" target="B6"/>
  <move id="271" source="A4" target="A5"/>
  <move id="272" source="B6" target="B7"/>
  <move id="273" source="A5" target="A6"/>
  <move id="274" source="B7" target="B8"/>
  <move id="275" source="C8" target="C7"/>
  <player id="1">Player 1</player>
  <player id="2">Player 2</player>
  <result type="14" winner="2"/>
 </game>
</stratego>