<?xml version="1.0" encoding="UTF-8"?>
<stratego>
 <game type="classic">
  
  <field content="EEBMBEDFBEILIBJDCBDHDGEDHDKFBDFHJGGHDIGFAA__AA__AAAA__AA__AANPTWTPPTQPRNOVPUXVTNNSQUQRSUPSQRNYNQSPPR"/>
  <move id="1" source="B4" target="B5"/>
  <move id="2" source="K7" target="K6"/>
  <move id="3" source="B5" target="B6"/>
  <move id="4" source="K6" target="K5"/>
  <move id="5" source="F4" target="F5"/>
  <move id="6" source="K5" target="K4"/>
  <move id="7" source="F5" target="E5"/>
  <move id="8" source="I7" target="I6"/>
  <move id="9" source="F3" target="F4"/>
  <move id="10" source="I6" target="I5"/>
  <move id="11" source="F4" target="F5"/>
  <move id="12" source="E7" target="E6"/>
  <move id="13" source="F5" target="F7"/>
  <move id="14" source="E6" target="E5"/>
  <move id="15" source="E4" target="F4"/>
  <move id="16" source="F8" target="F7"/>
  <move id="17" source="F4" target="F3"/>
  <move id="18" source="E8" target="E7"/>
  <move id="19" source="A4" target="A5"/>
  <move id="20" source="F7" target="F6"/>
  <move id="21" source="A5" target="A6"/>
  <move id="22" source="G8" target="F8"/>
  <move id="23" source="F3" target="F4"/>
  <move id="24" source="E7" target="E6"/>
  <move id="25" source="G3" target="F3"/>
  <move id="26" source="F8" target="F7"/>
  <move id="27" source="E3" target="E4"/>
  <move id="28" source="E6" target="E5"/>
  <move id="29" source="D3" target="E3"/>
  <move id="30" source="F6" target="F5"/>
  <move id="31" source="A6" target="A7"/>
  <move id="32" source="F7" target="F6"/>
  <move id="33" source="A3" target="A4"/>
  <move id="34" source="G7" target="F7"/>
  <move id="35" source="A4" target="A5"/>
  <move id="36" source="F7" target="E7"/>
  <move id="37" source="A5" target="A6"/>
  <move id="38" source="E7" target="E8"/>
  <move id="39" source="B6" target="B5"/>
  <move id="40" source="B7" target="B5"/>
  <move id="41" source="B5" target="B4"/>
  <move id="42" source="C7" target="B7"/>
  <move id="43" source="B4" target="A4"/>
  <move id="44" source="B7" target="B6"/>
  <move id="45" source="B3" target="B4"/>
  <move id="46" source="B6" target="A6"/>
  <move id="47" source="B4" target="B5"/>
  <move id="48" source="D7" target="C7"/>
  <move id="49" source="A4" target="A3"/>
  <move id="50" source="C7" target="B7"/>
  <move id="51" source="C3" target="B3"/>
  <move id="52" source="A6" target="B6"/>
  <move id="53" source="B3" target="B4"/>
  <move id="54" source="F6" target="E6"/>
  <move id="55" source="B4" target="A4"/>
  <move id="56" source="B6" target="A6"/>
  <move id="57" source="A3" target="B3"/>
  <move id="58" source="B7" target="B6"/>
  <move id="59" source="B3" target="C3"/>
  <move id="60" source="B6" target="B5"/>
  <move id="61" source="B2" target="B3"/>
  <move id="62" source="B5" target="B6"/>
  <move id="63" source="B3" target="B4"/>
  <move id="64" source="C8" target="C7"/>
  <move id="65" source="B4" target="B5"/>
  <move id="66" source="B6" target="B5"/>
  <move id="67" source="A4" target="A3"/>
  <move id="68" source="E5" target="E4"/>
  <move id="69" source="G2" target="G3"/>
  <move id="70" source="E6" target="E5"/>
  <move id="71" source="A3" target="B3"/>
  <move id="72" source="E5" target="E4"/>
  <move id="73" source="F4" target="F5"/>
  <move id="74" source="E4" target="D4"/>
  <move id="75" source="C4" target="B4"/>
  <move id="76" source="E8" target="E3"/>
  <move id="77" source="B4" target="A4"/>
  <move id="78" source="F5" target="E5"/>
  <move id="79" source="F3" target="E3"/>
  <move id="80" source="D4" target="E4"/>
  <move id="81" source="E3" target="D3"/>
  <move id="82" source="E5" target="E6"/>
  <move id="83" source="A4" target="A5"/>
  <move id="84" source="E6" target="E7"/>
  <move id="85" source="A5" target="A6"/>
  <move id="86" source="D8" target="C8"/>
  <move id="87" source="A6" target="B6"/>
  <move id="88" source="C7" target="D7"/>
  <move id="89" source="B3" target="B4"/>
  <move id="90" source="E4" target="D4"/>
  <move id="91" source="D3" target="E3"/>
  <move id="92" source="D4" target="C4"/>
  <move id="93" source="B4" target="A4"/>
  <move id="94" source="C4" target="C3"/>
  <move id="95" source="E3" target="E4"/>
  <move id="96" source="C3" target="C4"/>
  <move id="97" source="E4" target="E5"/>
  <move id="98" source="C4" target="B4"/>
  <move id="99" source="B5" target="B4"/>
  <move id="100" source="E7" target="E8"/>
  <move id="101" source="E5" target="E6"/>
  <move id="102" source="D7" target="E7"/>
  <move id="103" source="E6" target="E7"/>
  <move id="104" source="E8" target="F8"/>
  <move id="105" source="E7" target="F7"/>
  <move id="106" source="F8" target="G8"/>
  <move id="107" source="F7" target="G7"/>
  <move id="108" source="G8" target="F8"/>
  <move id="109" source="G7" target="F7"/>
  <move id="110" source="F8" target="E8"/>
  <move id="111" source="G4" target="F4"/>
  <move id="112" source="C8" target="C7"/>
  <move id="113" source="F7" target="E7"/>
  <move id="114" source="E8" target="F8"/>
  <move id="115" source="E2" target="E3"/>
  <move id="116" source="C7" target="B7"/>
  <move id="117" source="E3" target="E4"/>
  <move id="118" source="H7" target="I7"/>
  <move id="119" source="E7" target="F7"/>
  <move id="120" source="F8" target="E8"/>
  <move id="121" source="E4" target="E5"/>
  <move id="122" source="I7" target="K7"/>
  <move id="123" source="E5" target="E6"/>
  <move id="124" source="H8" target="H7"/>
  <move id="125" source="E6" target="E7"/>
  <move id="126" source="H7" target="I7"/>
  <move id="127" source="E7" target="E8"/>
  <move id="128" source="I7" target="I6"/>
  <move id="129" source="F7" target="G7"/>
  <move id="130" source="I5" target="K5"/>
  <move id="131" source="F4" target="F9"/>
  <move id="132" source="I6" target="I5"/>
  <move id="133" source="G7" target="G8"/>
  <move id="134" source="I5" target="I4"/>
  <move id="135" source="H4" target="G4"/>
  <move id="136" source="I4" target="K4"/>
  <move id="137" source="B6" target="B7"/>
  <move id="138" source="K4" target="I4"/>
  <move id="139" source="G4" target="F4"/>
  <move id="140" source="K5" target="K4"/>
  <move id="141" source="G8" target="G7"/>
  <move id="142" source="K4" target="K3"/>
  <move id="143" source="K2" target="K3"/>
  <move id="144" source="I4" target="K4"/>
  <move id="145" source="K3" target="K2"/>
  <move id="146" source="K4" target="K3"/>
  <move id="147" source="G7" target="F7"/>
  <move id="148" source="K3" target="K2"/>
  <move id="149" source="F7" target="F6"/>
  <move id="150" source="K2" target="K3"/>
  <move id="151" source="F4" target="E4"/>
  <move id="152" source="K3" target="K4"/>
  <move id="153" source="F6" target="F5"/>
  <move id="154" source="K4" target="I4"/>
  <move id="155" source="F5" target="F4"/>
  <move id="156" source="I4" target="I5"/>
  <move id="157" source="E8" target="F8"/>
  <move id="158" source="I5" target="I6"/>
  <move id="159" source="F4" target="F5"/>
  <move id="160" source="I6" target="I7"/>
  <move id="161" source="F5" target="F6"/>
  <move id="162" source="I7" target="I6"/>
  <move id="163" source="F8" target="F9"/>
  <move id="164" source="I6" target="I5"/>
  <move id="165" source="F6" target="F5"/>
  <move id="166" source="I5" target="I4"/>
  <move id="167" source="E4" target="E3"/>
  <move id="168" source="I4" target="H4"/>
  <move id="169" source="F5" target="F4"/>
  <move id="170" source="H4" target="I4"/>
  <move id="171" source="E3" target="E2"/>
  <move id="172" source="I4" target="I5"/>
  <move id="173" source="F4" target="F5"/>
  <move id="174" source="I5" target="I6"/>
  <move id="175" source="G3" target="F3"/>
  <move id="176" source="I6" target="I5"/>
  <move id="177" source="F3" target="E3"/>
  <move id="178" source="I5" target="I4"/>
  <move id="179" source="F5" target="F4"/>
  <move id="180" source="I4" target="H4"/>
  <move id="181" source="E3" target="E4"/>
  <move id="182" source="H4" target="I4"/>
  <move id="183" source="E4" target="E5"/>
  <move id="184" source="I4" target="I5"/>
  <move id="185" source="F9" target="F8"/>
  <move id="186" source="I5" target="I6"/>
  <move id="187" source="F4" target="F5"/>
  <move id="188" source="I6" target="I7"/>
  <move id="189" source="F5" target="F6"/>
  <move id="190" source="I7" target="H7"/>
  <move id="191" source="E5" target="E6"/>
  <move id="192" source="H7" target="I7"/>
  <move id="193" source="E6" target="E7"/>
  <move id="194" source="I7" target="I6"/>
  <move id="195" source="F8" target="E8"/>
  <move id="196" source="C9" target="C8"/>
  <move id="197" source="E7" target="D7"/>
  <move id="198" source="C8" target="C7"/>
  <move id="199" source="D7" target="E7"/>
  <move id="200" source="C7" target="D7"/>
  <move id="201" source="E7" target="F7"/>
  <move id="202" source="D7" target="C7"/>
  <move id="203" source="F7" target="F8"/>
  <move id="204" source="C7" target="B7"/>
  <move id="205" source="F8" target="F9"/>
  <move id="206" source="G9" target="F9"/>
  <move id="207" source="E8" target="F8"/>
  <move id="208" source="F9" target="G9"/>
  <move id="209" source="F8" target="G8"/>
  <move id="210" source="I6" target="I7"/>
  <move id="211" source="G8" target="G9"/>
  <move id="212" source="I7" target="H7"/>
  <move id="213" source="G9" target="G8"/>
  <move id="214" source="H7" target="G7"/>
  <move id="215" source="G8" target="F8"/>
  <move id="216" source="G7" target="H7"/>
  <move id="217" source="F8" target="E8"/>
  <move id="218" source="B7" target="B6"/>
  <move id="219" source="A4" target="A5"/>
  <move id="220" source="B6" target="B5"/>
  <move id="221" source="A5" target="A6"/>
  <move id="222" source="B5" target="B4"/>
  <move id="223" source="A6" target="B6"/>
  <move id="224" source="B4" target="B3"/>
  <move id="225" source="B6" target="B7"/>
  <move id="226" source="B3" target="C3"/>
  <move id="227" source="C2" target="C3"/>
  <move id="228" source="K7" target="K6"/>
  <move id="229" source="E8" target="D8"/>
  <move id="230" source="K6" target="K5"/>
  <move id="231" source="B7" target="C7"/>
  <move id="232" source="K5" target="K4"/>
  <move id="233" source="C7" target="D7"/>
  <move id="234" source="K4" target="K3"/>
  <move id="235" source="D7" target="E7"/>
  <move id="236" source="K3" target="K2"/>
  <move id="237" source="F6" target="F7"/>
  <move id="238" source="K2" target="I2"/>
  <move id="239" source="E7" target="E8"/>
  <move id="240" source="I2" target="I1"/>
  <move id="241" source="E8" target="E9"/>
  <move id="242" source="I8" target="I7"/>
  <move id="243" source="F7" target="G7"/>
  <move id="244" source="H7" target="H8"/>
  <move id="245" source="G7" target="G8"/>
  <move id="246" source="H8" target="H7"/>
  <move id="247" source="G8" target="G7"/>
  <move id="248" source="H7" target="H8"/>
  <move id="249" source="G7" target="G8"/>
  <move id="250" source="H8" target="I8"/>
  <move id="251" source="G8" target="H8"/>
  <move id="252" source="I7" target="H7"/>
  <move id="253" source="H8" target="I8"/>
  <move id="254" source="H7" target="G7"/>
  <move id="255" source="D8" target="E8"/>
  <move id="256" source="G7" target="F7"/>
  <move id="257" source="C3" target="D3"/>
  <move id="258" source="D9" target="C9"/>
  <move id="259" source="E8" target="E7"/>
  <move id="260" source="F7" target="F6"/>
  <move id="261" source="E7" target="E6"/>
  <move id="262" source="F6" target="F5"/>
  <move id="263" source="D3" target="E3"/>
  <move id="264" source="F5" target="F4"/>
  <move id="265" source="E6" target="F6"/>
  <move id="266" source="C9" target="C8"/>
  <move id="267" source="F6" target="F5"/>
  <move id="268" source="F4" target="G4"/>
  <move id="269" source="E3" target="F3"/>
  <move id="270" source="C8" target="C7"/>
  <move id="271" source="F3" target="G3"/>
  <move id="272" source="G4" target="H4"/>
  <move id="273" source="F5" target="F4"/>
  <move id="274" source="C7" target="B7"/>
  <move id="275" source="F4" target="G4"/>
  <move id="276" source="H4" target="I4"/>
  <move id="277" source="G4" target="H4"/>
  <move id="278" source="I4" target="K4"/>
  <move id="279" source="H4" target="I4"/>
  <move id="280" source="K4" target="K3"/>
  <move id="281" source="I4" target="K4"/>
  <move id="282" source="K3" target="K2"/>
  <move id="283" source="K4" target="K3"/>
  <move id="284" source="K2" target="K1"/>
  <move id="285" source="K3" target="K2"/>
  <move id="286" source="B7" target="B6"/>
  <move id="287" source="K2" target="K1"/>
  <move id="288" source="B6" target="B5"/>
  <move id="289" source="G3" target="F3"/>
  <move id="290" source="B5" target="B4"/>
  <move id="291" source="F3" target="E3"/>
  <move id="292" source="B4" target="B3"/>
  <move id="293" source="E3" target="D3"/>
  <move id="294" source="B3" target="B2"/>
  <move id="295" source="A2" target="B2"/>
  <move id="296" source="H9" target="G9"/>
  <move id="297" source="I8" target="H8"/>
  <move id="298" source="G9" target="F9"/>
  <move id="299" source="H8" target="G8"/>
  <move id="300" source="F9" target="E9"/>
  <move id="301" source="G8" target="F8"/>
  <move id="302" source="I9" target="I8"/>
  <move id="303" source="K1" target="K2"/>
  <move id="304" source="E9" target="D9"/>
  <move id="305" source="K2" target="K3"/>
  <move id="306" source="D9" target="D8"/>
  <move id="307" source="K3" target="K4"/>
  <move id="308" source="D8" target="D7"/>
  <move id="309" source="F8" target="E8"/>
  <move id="310" source="D7" target="C7"/>
  <move id="311" source="K4" target="K5"/>
  <move id="312" source="C7" target="B7"/>
  <move id="313" source="K5" target="I5"/>
  <move id="314" source="B7" target="B6"/>
  <move id="315" source="D3" target="C3"/>
  <move id="316" source="B6" target="B5"/>
  <move id="317" source="I5" target="I6"/>
  <move id="318" source="B5" target="B4"/>
  <move id="319" source="I6" target="I7"/>
  <move id="320" source="I8" target="H8"/>
  <move id="321" source="I7" target="H7"/>
  <move id="322" source="H8" target="G8"/>
  <move id="323" source="E8" target="F8"/>
  <move id="324" source="G8" target="G9"/>
  <move id="325" source="H7" target="H8"/>
  <move id="326" source="B4" target="B3"/>
  <move id="327" source="C3" target="B3"/>
  <move id="328" source="B9" target="C9"/>
  <move id="329" source="H8" target="H9"/>
  <move id="330" source="G9" target="G7"/>
  <move id="331" source="F8" target="F7"/>
  <move id="332" source="G7" target="K7"/>
  <move id="333" source="F7" target="E7"/>
  <move id="334" source="C9" target="C8"/>
  <move id="335" source="E7" target="D7"/>
  <move id="336" source="K7" target="K6"/>
  <move id="337" source="H9" target="G9"/>
  <move id="338" source="K9" target="I9"/>
  <move id="339" source="G9" target="G8"/>
  <move id="340" source="I9" target="I8"/>
  <move id="341" source="G8" target="H8"/>
  <move id="342" source="I8" target="I7"/>
  <move id="343" source="H8" target="H7"/>
  <move id="344" source="I7" target="I6"/>
  <move id="345" source="H7" target="I7"/>
  <move id="346" source="I6" target="I5"/>
  <move id="347" source="I7" target="I6"/>
  <move id="348" source="I5" target="I4"/>
  <move id="349" source="I6" target="I5"/>
  <move id="350" source="I4" target="H4"/>
  <move id="351" source="I5" target="I4"/>
  <move id="352" source="H4" target="G4"/>
  <move id="353" source="I4" target="H4"/>
  <move id="354" source="G4" target="G3"/>
  <move id="355" source="H4" target="G4"/>
  <move id="356" source="G3" target="G2"/>
  <move id="357" source="G4" target="G3"/>
  <move id="358" source="G2" target="G1"/>
  <move id="359" source="G3" target="G2"/>
  <move id="360" source="G1" target="F1"/>
  <move id="361" source="F2" target="F3"/>
  <move id="362" source="F1" target="E1"/>
  <move id="363" source="G2" target="G3"/>
  <move id="364" source="K6" target="K5"/>
  <move id="365" source="G3" target="G4"/>
  <move id="366" source="G:" target="G9"/>
  <move id="367" source="G4" target="F4"/>
  <move id="368" source="G9" target="G8"/>
  <move id="369" source="F4" target="F5"/>
  <move id="370" source="G8" target="G7"/>
  <move id="371" source="F5" target="F6"/>
  <move id="372" source="G7" target="H7"/>
  <move id="373" source="H3" target="H4"/>
  <move id="374" source="H7" target="I7"/>
  <move id="375" source="H4" target="I4"/>
  <move id="376" source="I7" target="I6"/>
  <move id="377" source="I4" target="I5"/>
  <move id="378" source="I6" target="I5"/>
  <move id="379" source="E2" target="F2"/>
  <move id="380" source="I5" target="I4"/>
  <move id="381" source="F2" target="G2"/>
  <move id="382" source="I4" target="H4"/>
  <move id="383" source="G2" target="G3"/>
  <move id="384" source="H4" target="G4"/>
  <move id="385" source="G3" target="G4"/>
  <move id="386" source="K5" target="K6"/>
  <move id="387" source="F6" target="F7"/>
  <move id="388" source="K6" target="K7"/>
  <move id="389" source="F7" target="F8"/>
  <move id="390" source="K7" target="I7"/>
  <move id="391" source="F8" target="E8"/>
  <move id="392" source="C8" target="C9"/>
  <move id="393" source="E8" target="E9"/>
  <move id="394" source="I7" target="H7"/>
  <move id="395" source="E9" target="D9"/>
  <move id="396" source="C9" target="B9"/>
  <move id="397" source="D9" target="C9"/>
  <move id="398" source="H7" target="H8"/>
  <move id="399" source="C9" target="B9"/>
  <move id="400" source="H8" target="E8"/>
  <move id="401" source="B9" target="C9"/>
  <move id="402" source="E8" target="E4"/>
  <move id="403" source="C9" target="D9"/>
  <move id="404" source="E4" target="B4"/>
  <move id="405" source="F3" target="E3"/>
  <move id="406" source="B4" target="B1"/>
  <move id="407" source="D7" target="C7"/>
  <move id="408" source="I:" target="I9"/>
  <move id="409" source="E3" target="E:"/>
  <move id="410" source="I9" target="I8"/>
  <move id="411" source="D9" target="E9"/>
  <move id="412" source="I8" target="I7"/>
  <move id="413" source="E9" target="F9"/>
  <move id="414" source="I7" target="H7"/>
  <move id="415" source="F9" target="G9"/>
  <move id="416" source="H7" target="G7"/>
  <move id="417" source="G9" target="G8"/>
  <move id="418" source="G7" target="F7"/>
  <move id="419" source="G4" target="F4"/>
  <move id="420" source="F7" target="E7"/>
  <move id="421" source="F4" target="F5"/>
  <move id="422" source="E7" target="E6"/>
  <move id="423" source="G8" target="F8"/>
  <move id="424" source="H:" target="I:"/>
  <move id="425" source="F8" target="E8"/>
  <move id="426" source="I:" target="I9"/>
  <move id="427" source="E8" target="E7"/>
  <move id="428" source="E6" target="E3"/>
  <move id="429" source="B1" target="B2"/>
  <move id="430" source="I9" target="I8"/>
  <move id="431" source="B2" target="B3"/>
  <move id="432" source="E3" target="E4"/>
  <move id="433" source="B3" target="B4"/>
  <move id="434" source="E4" target="E3"/>
  <move id="435" source="B4" target="B3"/>
  <move id="436" source="I8" target="I7"/>
  <move id="437" source="B3" target="C3"/>
  <move id="438" source="E3" target="G3"/>
  <move id="439" source="F5" target="F4"/>
  <move id="440" source="G3" target="G1"/>
  <move id="441" source="F4" target="G4"/>
  <move id="442" source="G1" target="H1"/>
  <move id="443" source="G4" target="H4"/>
  <move id="444" source="I7" target="I8"/>
  <move id="445" source="E7" target="E8"/>
  <move id="446" source="I8" target="I9"/>
  <move id="447" source="E8" target="E9"/>
  <move id="448" source="I9" target="H9"/>
  <move id="449" source="E9" target="F9"/>
  <move id="450" source="H9" target="H8"/>
  <move id="451" source="F9" target="F8"/>
  <move id="452" source="H8" target="H7"/>
  <move id="453" source="F8" target="G8"/>
  <move id="454" source="H7" target="I7"/>
  <move id="455" source="H4" target="I4"/>
  <move id="456" source="I7" target="I8"/>
  <move id="457" source="I4" target="I5"/>
  <move id="458" source="I8" target="I9"/>
  <move id="459" source="I5" target="I6"/>
  <move id="460" source="I9" target="H9"/>
  <move id="461" source="I6" target="I7"/>
  <move id="462" source="H9" target="E9"/>
  <move id="463" source="C3" target="C4"/>
  <move id="464" source="E9" target="E3"/>
  <move id="465" source="C4" target="D4"/>
  <move id="466" source="E3" target="A3"/>
  <move id="467" source="D4" target="E4"/>
  <move id="468" source="A3" target="B3"/>
  <move id="469" source="E4" target="E5"/>
  <move id="470" source="B3" target="C3"/>
  <move id="471" source="E5" target="E6"/>
  <move id="472" source="C3" target="D3"/>
  <move id="473" source="E6" target="E7"/>
  <move id="474" source="D3" target="E3"/>
  <move id="475" source="E7" target="D7"/>
  <move id="476" source="E3" target="F3"/>
  <move id="477" source="G8" target="F8"/>
  <move id="478" source="F3" target="G3"/>
  <move id="479" source="F8" target="F9"/>
  <move id="480" source="G3" target="F3"/>
  <move id="481" source="D7" target="D8"/>
  <move id="482" source="F3" target="E3"/>
  <move id="483" source="H1" target="G1"/>
  <move id="484" source="E3" target="D3"/>
  <move id="485" source="G1" target="G2"/>
  <move id="486" source="D3" target="D4"/>
  <move id="487" source="G2" target="G3"/>
  <move id="488" source="D4" target="C4"/>
  <move id="489" source="G3" target="G4"/>
  <move id="490" source="C4" target="B4"/>
  <move id="491" source="G4" target="H4"/>
  <move id="492" source="B4" target="B3"/>
  <move id="493" source="F9" target="E9"/>
  <move id="494" source="B3" target="C3"/>
  <move id="495" source="D8" target="C8"/>
  <move id="496" source="C3" target="D3"/>
  <move id="497" source="C8" target="C9"/>
  <move id="498" source="D3" target="E3"/>
  <move id="499" source="C9" target="B9"/>
  <move id="500" source="B:" target="B9"/>
  <move id="501" source="C7" target="C8"/>
  <move id="502" source="E3" target="D3"/>
  <move id="503" source="C8" target="C9"/>
  <move id="504" source="B9" target="B:"/>
  <move id="505" source="C9" target="B9"/>
  <move id="506" source="D3" target="C3"/>
  <move id="507" source="B9" target="B:"/>
  <move id="508" source="C3" target="B3"/>
  <move id="509" source="B:" target="B9"/>
  <move id="510" source="B3" target="C3"/>
  <move id="511" source="B9" target="C9"/>
  <move id="512" source="C3" target="D3"/>
  <move id="513" source="A1" target="A2"/>
  <move id="514" source="D3" target="E3"/>
  <move id="515" source="A2" target="A3"/>
  <move id="516" source="E3" target="F3"/>
  <move id="517" source="A3" target="B3"/>
  <move id="518" source="F3" target="F4"/>
  <move id="519" source="H4" target="G4"/>
  <move id="520" source="F4" target="E4"/>
  <move id="521" source="G4" target="F4"/>
  <move id="522" source="E4" target="D4"/>
  <move id="523" source="F4" target="E4"/>
  <move id="524" source="D4" target="A4"/>
  <move id="525" source="E4" target="D4"/>
  <move id="526" source="A4" target="A6"/>
  <move id="527" source="C9" target="C8"/>
  <move id="528" source="A6" target="A2"/>
  <move id="529" source="D4" target="C4"/>
  <move id="530" source="A2" target="A5"/>
  <move id="531" source="C4" target="B4"/>
  <move id="532" source="A5" target="A6"/>
  <move id="533" source="B3" target="A3"/>
  <move id="534" source="A6" target="B6"/>
  <move id="535" source="B4" target="B5"/>
  <move id="536" source="B6" target="B7"/>
  <move id="537" source="C8" target="C7"/>
  <move id="538" source="K:" target="I:"/>
  <move id="539" source="B5" target="B6"/>
  <move id="540" source="I:" target="I9"/>
  <move id="541" source="B6" target="B7"/>
  <move id="542" source="I9" target="I8"/>
  <move id="543" source="B7" target="B6"/>
  <move id="544" source="I8" target="I7"/>
  <move id="545" source="C7" target="C8"/>
  <move id="546" source="F:" target="G:"/>
  <move id="547" source="E9" target="F9"/>
  <move id="548" source="G:" target="H:"/>
  <move id="549" source="B6" target="B5"/>
  <move id="550" source="H:" target="H9"/>
  <move id="551" source="A3" target="A4"/>
  <move id="552" source="H9" target="H8"/>
  <move id="553" source="F9" target="F8"/>
  <move id="554" source="H8" target="H9"/>
  <move id="555" source="A4" target="A5"/>
  <move id="556" source="H9" target="H:"/>
  <move id="557" source="A5" target="A6"/>
  <move id="558" source="H:" target="G:"/>
  <move id="559" source="A6" target="B6"/>
  <move id="560" source="G:" target="H:"/>
  <move id="561" source="B6" target="B7"/>
  <move id="562" source="H:" target="I:"/>
  <move id="563" source="B7" target="C7"/>
  <move id="564" source="I:" target="H:"/>
  <move id="565" source="C8" target="D8"/>
  <move id="566" source="H:" target="G:"/>
  <move id="567" source="F8" target="F9"/>
  <move id="568" source="G:" target="H:"/>
  <move id="569" source="F9" target="G9"/>
  <move id="570" source="H:" target="I:"/>
  <move id="571" source="G9" target="H9"/>
  <move id="572" source="I:" target="K:"/>
  <move id="573" source="H9" target="I9"/>
  <move id="574" source="A:" target="B:"/>
  <move id="575" source="D8" target="D9"/>
  <move id="576" source="B:" target="B9"/>
  <move id="577" source="C7" target="C8"/>
  <move id="578" source="K:" target="I:"/>
  <move id="579" source="I9" target="I:"/>
  <move id="580" source="B9" target="C9"/>
  <move id="581" source="C8" target="B8"/>
  <move id="582" source="A8" target="B8"/>
  <move id="583" source="D9" target="C9"/>
  <move id="584" source="B8" target="B7"/>
  <move id="585" source="B5" target="B6"/>
  <move id="586" source="B7" target="B6"/>
  <player id="1">Player 1</player>
  <player id="2">Player 2</player>
  <result type="0" winner="1"/>
 </game>
</stratego>