<?xml version="1.0" encoding="UTF-8"?>
<stratego>
 <game type="classic">
  
  <field content="EDBEDBMBEIGFEDDGBEJDHGILDFHDKHFGDJHBBCIFAA__AA__AAAA__AA__AANSXSURVTPQQUVTRSQWNTNPUNTPOSRPYPPRPPQNQN"/>
  <move id="1" source="E4" target="E5"/>
  <move id="2" source="F7" target="F6"/>
  <move id="3" source="D4" target="E4"/>
  <move id="4" source="B7" target="B6"/>
  <move id="5" source="I4" target="I5"/>
  <move id="6" source="B6" target="B5"/>
  <move id="7" source="I5" target="I6"/>
  <move id="8" source="B8" target="B7"/>
  <move id="9" source="K4" target="K5"/>
  <move id="10" source="B7" target="B6"/>
  <move id="11" source="K5" target="K6"/>
  <move id="12" source="I7" target="I6"/>
  <move id="13" source="K6" target="K7"/>
  <move id="14" source="H7" target="I7"/>
  <move id="15" source="I6" target="I5"/>
  <move id="16" source="I7" target="K7"/>
  <move id="17" source="I5" target="I6"/>
  <move id="18" source="F6" target="F5"/>
  <move id="19" source="K3" target="K4"/>
  <move id="20" source="F5" target="E5"/>
  <move id="21" source="K4" target="K5"/>
  <move id="22" source="H8" target="H7"/>
  <move id="23" source="B4" target="B5"/>
  <move id="24" source="B6" target="B5"/>
  <move id="25" source="E4" target="D4"/>
  <move id="26" source="E7" target="E6"/>
  <move id="27" source="E5" target="E4"/>
  <move id="28" source="D7" target="E7"/>
  <move id="29" source="C4" target="B4"/>
  <move id="30" source="E7" target="F7"/>
  <move id="31" source="K5" target="K6"/>
  <move id="32" source="K7" target="I7"/>
  <move id="33" source="K6" target="K5"/>
  <move id="34" source="F7" target="F6"/>
  <move id="35" source="K5" target="I5"/>
  <move id="36" source="F6" target="F5"/>
  <move id="37" source="K2" target="K8"/>
  <move id="38" source="E6" target="E5"/>
  <move id="39" source="I6" target="K6"/>
  <move id="40" source="I7" target="I6"/>
  <move id="41" source="K6" target="I6"/>
  <move id="42" source="H7" target="I7"/>
  <move id="43" source="I6" target="K6"/>
  <move id="44" source="I7" target="K7"/>
  <move id="45" source="K6" target="K5"/>
  <move id="46" source="K7" target="K6"/>
  <move id="47" source="K5" target="K4"/>
  <move id="48" source="K6" target="K5"/>
  <move id="49" source="H4" target="I4"/>
  <move id="50" source="K5" target="K4"/>
  <move id="51" source="I4" target="H4"/>
  <move id="52" source="G8" target="H8"/>
  <move id="53" source="D4" target="C4"/>
  <move id="54" source="H8" target="H7"/>
  <move id="55" source="D3" target="D4"/>
  <move id="56" source="H7" target="I7"/>
  <move id="57" source="A4" target="A5"/>
  <move id="58" source="I7" target="I6"/>
  <move id="59" source="A5" target="B5"/>
  <move id="60" source="B5" target="B6"/>
  <move id="61" source="B4" target="A4"/>
  <move id="62" source="I6" target="I5"/>
  <move id="63" source="B3" target="B4"/>
  <move id="64" source="G7" target="H7"/>
  <move id="65" source="B4" target="B5"/>
  <move id="66" source="B6" target="B7"/>
  <move id="67" source="B5" target="B6"/>
  <move id="68" source="B7" target="B8"/>
  <move id="69" source="B6" target="B7"/>
  <move id="70" source="C7" target="B7"/>
  <move id="71" source="E3" target="D3"/>
  <move id="72" source="K4" target="I4"/>
  <move id="73" source="I5" target="I6"/>
  <move id="74" source="I4" target="H4"/>
  <move id="75" source="E4" target="E3"/>
  <player id="1">Player 1</player>
  <player id="2">Player 2</player>
  <result type="3" winner="1"/>
 </game>
</stratego>