<?xml version="1.0" encoding="UTF-8"?>
<stratego>
 <game type="classic">
  
  <field content="BEMBEDEHGEFHIDDDIHGFFBCKDDLEIBBHGJFJDDBGAA__AA__AAAA__AA__AAQSVTPSOVPSTUXQTUPWTUNRSNRNQPPPRQNYNRQNPP"/>
  <move id="1" source="B4" target="B5"/>
  <move id="2" source="I7" target="I4"/>
  <move id="3" source="C4" target="B4"/>
  <move id="4" source="E7" target="E4"/>
  <move id="5" source="D4" target="C4"/>
  <move id="6" source="F7" target="F6"/>
  <move id="7" source="B5" target="A5"/>
  <move id="8" source="D7" target="E7"/>
  <move id="9" source="B4" target="B5"/>
  <move id="10" source="E7" target="E6"/>
  <move id="11" source="F4" target="F5"/>
  <move id="12" source="G7" target="F7"/>
  <move id="13" source="C4" target="B4"/>
  <move id="14" source="F7" target="E7"/>
  <move id="15" source="D3" target="D4"/>
  <move id="16" source="E7" target="D7"/>
  <move id="17" source="E4" target="F4"/>
  <move id="18" source="B7" target="B6"/>
  <move id="19" source="F5" target="E5"/>
  <move id="20" source="C7" target="B7"/>
  <move id="21" source="C3" target="D3"/>
  <move id="22" source="K7" target="K6"/>
  <move id="23" source="F4" target="F5"/>
  <move id="24" source="H7" target="I7"/>
  <move id="25" source="D4" target="C4"/>
  <move id="26" source="I7" target="I6"/>
  <move id="27" source="C4" target="C3"/>
  <move id="28" source="I6" target="I5"/>
  <move id="29" source="G4" target="F4"/>
  <move id="30" source="K6" target="K5"/>
  <move id="31" source="F4" target="E4"/>
  <move id="32" source="H8" target="H7"/>
  <move id="33" source="E4" target="D4"/>
  <move id="34" source="H7" target="G7"/>
  <move id="35" source="G3" target="G4"/>
  <move id="36" source="K5" target="K4"/>
  <move id="37" source="E5" target="E6"/>
  <move id="38" source="F6" target="F5"/>
  <move id="39" source="F3" target="F4"/>
  <move id="40" source="G7" target="F7"/>
  <move id="41" source="E6" target="E5"/>
  <move id="42" source="F5" target="F6"/>
  <move id="43" source="G2" target="G3"/>
  <move id="44" source="D7" target="E7"/>
  <move id="45" source="E5" target="F5"/>
  <move id="46" source="F6" target="E6"/>
  <move id="47" source="F4" target="E4"/>
  <move id="48" source="F7" target="F6"/>
  <move id="49" source="F5" target="F4"/>
  <move id="50" source="E6" target="E5"/>
  <move id="51" source="E3" target="F3"/>
  <move id="52" source="F6" target="F5"/>
  <move id="53" source="C3" target="C4"/>
  <move id="54" source="H9" target="H7"/>
  <move id="55" source="F2" target="G2"/>
  <move id="56" source="H7" target="K7"/>
  <move id="57" source="F3" target="F2"/>
  <move id="58" source="K7" target="K3"/>
  <move id="59" source="F4" target="F3"/>
  <move id="60" source="E5" target="E4"/>
  <move id="61" source="F3" target="E3"/>
  <move id="62" source="E4" target="F4"/>
  <move id="63" source="D4" target="E4"/>
  <move id="64" source="F4" target="G4"/>
  <move id="65" source="F2" target="F5"/>
  <move id="66" source="F5" target="E5"/>
  <move id="67" source="G4" target="F4"/>
  <move id="68" source="G9" target="H9"/>
  <move id="69" source="C4" target="D4"/>
  <move id="70" source="H9" target="H8"/>
  <move id="71" source="F4" target="F5"/>
  <move id="72" source="E5" target="E4"/>
  <move id="73" source="D4" target="E4"/>
  <move id="74" source="H8" target="H7"/>
  <move id="75" source="E3" target="E4"/>
  <move id="76" source="F8" target="F7"/>
  <move id="77" source="F5" target="F6"/>
  <move id="78" source="F7" target="F8"/>
  <move id="79" source="F6" target="F7"/>
  <move id="80" source="E7" target="F7"/>
  <move id="81" source="F1" target="F7"/>
  <move id="82" source="F8" target="F7"/>
  <move id="83" source="E4" target="E5"/>
  <move id="84" source="F7" target="E7"/>
  <move id="85" source="G3" target="G4"/>
  <move id="86" source="H7" target="I7"/>
  <move id="87" source="G4" target="F4"/>
  <move id="88" source="G8" target="G7"/>
  <move id="89" source="F4" target="F5"/>
  <move id="90" source="G7" target="F7"/>
  <move id="91" source="H4" target="G4"/>
  <move id="92" source="I7" target="I6"/>
  <move id="93" source="E5" target="E4"/>
  <move id="94" source="I6" target="K6"/>
  <move id="95" source="F5" target="E5"/>
  <move id="96" source="C8" target="C7"/>
  <move id="97" source="G4" target="F4"/>
  <move id="98" source="C7" target="D7"/>
  <move id="99" source="F4" target="F7"/>
  <move id="100" source="K6" target="K5"/>
  <move id="101" source="E4" target="F4"/>
  <move id="102" source="K5" target="K4"/>
  <move id="103" source="H3" target="H4"/>
  <move id="104" source="B6" target="A6"/>
  <move id="105" source="G2" target="G3"/>
  <move id="106" source="B7" target="B6"/>
  <move id="107" source="G3" target="G4"/>
  <move id="108" source="A6" target="A5"/>
  <move id="109" source="F4" target="F5"/>
  <move id="110" source="B6" target="A6"/>
  <move id="111" source="F5" target="F6"/>
  <move id="112" source="A6" target="A5"/>
  <move id="113" source="B5" target="B6"/>
  <move id="114" source="A5" target="A6"/>
  <move id="115" source="B6" target="B7"/>
  <move id="116" source="B8" target="B7"/>
  <move id="117" source="B4" target="B5"/>
  <move id="118" source="B7" target="C7"/>
  <move id="119" source="E5" target="E6"/>
  <move id="120" source="I9" target="H9"/>
  <move id="121" source="D3" target="D4"/>
  <move id="122" source="H9" target="H8"/>
  <move id="123" source="D4" target="E4"/>
  <move id="124" source="H8" target="H7"/>
  <move id="125" source="F6" target="F7"/>
  <move id="126" source="H7" target="F7"/>
  <move id="127" source="F7" target="F6"/>
  <move id="128" source="I8" target="I7"/>
  <move id="129" source="F6" target="F5"/>
  <move id="130" source="A6" target="B6"/>
  <move id="131" source="B5" target="A5"/>
  <move id="132" source="B6" target="B5"/>
  <move id="133" source="A5" target="A6"/>
  <move id="134" source="A7" target="A6"/>
  <move id="135" source="E4" target="E5"/>
  <move id="136" source="B5" target="B6"/>
  <move id="137" source="A6" target="A5"/>
  <move id="138" source="K4" target="I4"/>
  <move id="139" source="H4" target="I4"/>
  <move id="140" source="I5" target="I4"/>
  <move id="141" source="I3" target="H3"/>
  <move id="142" source="I4" target="H4"/>
  <move id="143" source="H3" target="G3"/>
  <move id="144" source="H4" target="G4"/>
  <move id="145" source="G3" target="F3"/>
  <move id="146" source="K8" target="K7"/>
  <move id="147" source="F5" target="F4"/>
  <move id="148" source="K7" target="K6"/>
  <move id="149" source="F4" target="G4"/>
  <move id="150" source="K6" target="K5"/>
  <move id="151" source="E6" target="F6"/>
  <move id="152" source="K5" target="K4"/>
  <move id="153" source="F3" target="F4"/>
  <move id="154" source="K4" target="I4"/>
  <move id="155" source="E5" target="E6"/>
  <move id="156" source="I4" target="H4"/>
  <move id="157" source="F6" target="F7"/>
  <move id="158" source="E7" target="E6"/>
  <move id="159" source="F4" target="G4"/>
  <move id="160" source="E6" target="E5"/>
  <move id="161" source="C2" target="C3"/>
  <move id="162" source="E5" target="E4"/>
  <move id="163" source="C3" target="D3"/>
  <move id="164" source="E4" target="E3"/>
  <move id="165" source="D3" target="E3"/>
  <move id="166" source="E8" target="E7"/>
  <move id="167" source="F7" target="F6"/>
  <move id="168" source="H4" target="G4"/>
  <move id="169" source="E2" target="E7"/>
  <move id="170" source="D8" target="E8"/>
  <move id="171" source="F6" target="E6"/>
  <move id="172" source="E7" target="F7"/>
  <move id="173" source="D2" target="E2"/>
  <move id="174" source="E8" target="E7"/>
  <move id="175" source="E6" target="F6"/>
  <move id="176" source="F7" target="F8"/>
  <move id="177" source="E2" target="E7"/>
  <move id="178" source="F8" target="E8"/>
  <move id="179" source="F6" target="F7"/>
  <move id="180" source="E7" target="E6"/>
  <move id="181" source="F7" target="F6"/>
  <move id="182" source="E6" target="E7"/>
  <move id="183" source="F6" target="E6"/>
  <move id="184" source="E7" target="F7"/>
  <move id="185" source="E6" target="E5"/>
  <move id="186" source="F7" target="G7"/>
  <move id="187" source="E5" target="E4"/>
  <move id="188" source="G7" target="H7"/>
  <move id="189" source="A5" target="B5"/>
  <move id="190" source="B6" target="B5"/>
  <move id="191" source="E4" target="D4"/>
  <move id="192" source="D7" target="D8"/>
  <move id="193" source="D4" target="C4"/>
  <move id="194" source="C7" target="D7"/>
  <move id="195" source="C4" target="D4"/>
  <move id="196" source="D7" target="C7"/>
  <move id="197" source="H2" target="H3"/>
  <move id="198" source="H7" target="G7"/>
  <move id="199" source="H3" target="H4"/>
  <move id="200" source="C7" target="D7"/>
  <move id="201" source="H4" target="G4"/>
  <move id="202" source="D7" target="E7"/>
  <move id="203" source="G4" target="F4"/>
  <move id="204" source="E7" target="F7"/>
  <move id="205" source="F4" target="F5"/>
  <move id="206" source="F7" target="F6"/>
  <move id="207" source="F5" target="F4"/>
  <move id="208" source="F6" target="F5"/>
  <move id="209" source="F4" target="F3"/>
  <move id="210" source="D8" target="D7"/>
  <move id="211" source="D4" target="E4"/>
  <move id="212" source="I7" target="K7"/>
  <move id="213" source="F3" target="G3"/>
  <move id="214" source="D7" target="E7"/>
  <move id="215" source="G3" target="G4"/>
  <move id="216" source="F5" target="F6"/>
  <move id="217" source="E4" target="F4"/>
  <move id="218" source="G7" target="G8"/>
  <move id="219" source="G4" target="H4"/>
  <move id="220" source="F6" target="F7"/>
  <move id="221" source="H4" target="I4"/>
  <move id="222" source="K7" target="K8"/>
  <move id="223" source="I4" target="K4"/>
  <move id="224" source="F7" target="G7"/>
  <move id="225" source="F4" target="G4"/>
  <move id="226" source="G7" target="H7"/>
  <move id="227" source="G4" target="H4"/>
  <move id="228" source="E7" target="F7"/>
  <move id="229" source="H4" target="I4"/>
  <move id="230" source="H7" target="H8"/>
  <move id="231" source="I4" target="H4"/>
  <move id="232" source="F7" target="G7"/>
  <move id="233" source="H4" target="G4"/>
  <move id="234" source="H8" target="H7"/>
  <move id="235" source="K4" target="I4"/>
  <move id="236" source="G7" target="F7"/>
  <move id="237" source="G4" target="H4"/>
  <move id="238" source="G8" target="G9"/>
  <move id="239" source="I4" target="K4"/>
  <move id="240" source="H7" target="I7"/>
  <move id="241" source="H4" target="I4"/>
  <move id="242" source="I7" target="K7"/>
  <move id="243" source="I4" target="I5"/>
  <move id="244" source="K7" target="K6"/>
  <move id="245" source="K4" target="I4"/>
  <move id="246" source="F7" target="F6"/>
  <move id="247" source="I4" target="I3"/>
  <move id="248" source="F6" target="F5"/>
  <move id="249" source="I3" target="H3"/>
  <move id="250" source="F5" target="F4"/>
  <move id="251" source="H3" target="G3"/>
  <move id="252" source="E8" target="E7"/>
  <move id="253" source="I5" target="I6"/>
  <move id="254" source="K6" target="K5"/>
  <move id="255" source="B2" target="C2"/>
  <move id="256" source="K5" target="K4"/>
  <move id="257" source="I6" target="I5"/>
  <move id="258" source="F4" target="G4"/>
  <move id="259" source="G3" target="F3"/>
  <move id="260" source="G4" target="H4"/>
  <move id="261" source="F3" target="F4"/>
  <move id="262" source="K4" target="I4"/>
  <move id="263" source="I5" target="I4"/>
  <move id="264" source="H4" target="G4"/>
  <move id="265" source="F4" target="F5"/>
  <move id="266" source="G4" target="G3"/>
  <move id="267" source="C2" target="C3"/>
  <move id="268" source="G3" target="G2"/>
  <move id="269" source="C3" target="C4"/>
  <move id="270" source="I:" target="I4"/>
  <move id="271" source="F5" target="F4"/>
  <move id="272" source="I4" target="H4"/>
  <move id="273" source="I2" target="I3"/>
  <move id="274" source="H4" target="H1"/>
  <move id="275" source="G1" target="G2"/>
  <move id="276" source="G2" target="H2"/>
  <move id="277" source="H1" target="G1"/>
  <move id="278" source="H2" target="H3"/>
  <move id="279" source="I3" target="I4"/>
  <move id="280" source="K8" target="K7"/>
  <move id="281" source="F4" target="F5"/>
  <move id="282" source="K7" target="K6"/>
  <move id="283" source="F5" target="F6"/>
  <move id="284" source="K6" target="K5"/>
  <move id="285" source="G1" target="G2"/>
  <move id="286" source="K5" target="I5"/>
  <move id="287" source="F6" target="F7"/>
  <move id="288" source="E7" target="F7"/>
  <move id="289" source="C4" target="D4"/>
  <move id="290" source="I5" target="I4"/>
  <move id="291" source="D4" target="E4"/>
  <move id="292" source="A8" target="B8"/>
  <move id="293" source="E4" target="E5"/>
  <move id="294" source="B8" target="C8"/>
  <move id="295" source="E5" target="E6"/>
  <move id="296" source="C8" target="D8"/>
  <move id="297" source="E6" target="E7"/>
  <move id="298" source="H3" target="G3"/>
  <move id="299" source="G2" target="F2"/>
  <move id="300" source="G3" target="F3"/>
  <move id="301" source="F2" target="G2"/>
  <move id="302" source="F3" target="F4"/>
  <move id="303" source="G2" target="G3"/>
  <move id="304" source="F4" target="F5"/>
  <move id="305" source="G3" target="G4"/>
  <move id="306" source="F5" target="F6"/>
  <move id="307" source="G4" target="H4"/>
  <move id="308" source="D8" target="E8"/>
  <move id="309" source="H4" target="I4"/>
  <move id="310" source="E8" target="E7"/>
  <move id="311" source="I1" target="I2"/>
  <move id="312" source="K9" target="I9"/>
  <move id="313" source="I2" target="I3"/>
  <move id="314" source="I9" target="I3"/>
  <move id="315" source="I3" target="I4"/>
  <move id="316" source="C9" target="C8"/>
  <move id="317" source="I4" target="I5"/>
  <move id="318" source="F6" target="F7"/>
  <move id="319" source="I5" target="I6"/>
  <move id="320" source="F7" target="G7"/>
  <move id="321" source="I6" target="I5"/>
  <move id="322" source="C8" target="C7"/>
  <move id="323" source="I5" target="I4"/>
  <move id="324" source="G7" target="F7"/>
  <move id="325" source="I4" target="H4"/>
  <move id="326" source="F7" target="F6"/>
  <move id="327" source="H4" target="G4"/>
  <move id="328" source="F6" target="F5"/>
  <move id="329" source="G4" target="H4"/>
  <move id="330" source="C7" target="B7"/>
  <move id="331" source="H4" target="I4"/>
  <move id="332" source="F5" target="F6"/>
  <move id="333" source="I4" target="I5"/>
  <move id="334" source="B7" target="B6"/>
  <move id="335" source="I5" target="I6"/>
  <move id="336" source="F6" target="F7"/>
  <move id="337" source="I6" target="I7"/>
  <move id="338" source="F7" target="G7"/>
  <move id="339" source="I7" target="I6"/>
  <move id="340" source="B6" target="B5"/>
  <move id="341" source="I6" target="I5"/>
  <move id="342" source="G7" target="F7"/>
  <move id="343" source="I5" target="I4"/>
  <move id="344" source="F7" target="F6"/>
  <move id="345" source="I4" target="H4"/>
  <move id="346" source="B5" target="B4"/>
  <move id="347" source="H4" target="G4"/>
  <move id="348" source="F6" target="F5"/>
  <move id="349" source="G4" target="H4"/>
  <move id="350" source="B4" target="C4"/>
  <move id="351" source="H4" target="I4"/>
  <move id="352" source="C4" target="C3"/>
  <move id="353" source="I4" target="I5"/>
  <move id="354" source="F5" target="F6"/>
  <move id="355" source="I5" target="I6"/>
  <move id="356" source="C3" target="C2"/>
  <move id="357" source="I6" target="I5"/>
  <move id="358" source="C2" target="D2"/>
  <move id="359" source="I5" target="I4"/>
  <move id="360" source="F6" target="F5"/>
  <move id="361" source="I4" target="H4"/>
  <move id="362" source="K:" target="K7"/>
  <move id="363" source="H4" target="I4"/>
  <move id="364" source="K7" target="E7"/>
  <move id="365" source="I4" target="I5"/>
  <move id="366" source="E7" target="E4"/>
  <move id="367" source="K2" target="I2"/>
  <move id="368" source="E4" target="C4"/>
  <move id="369" source="I2" target="I3"/>
  <move id="370" source="C4" target="C1"/>
  <player id="1">Player 1</player>
  <player id="2">Player 2</player>
  <result type="1" winner="2"/>
 </game>
</stratego>