<?xml version="1.0" encoding="UTF-8"?>
<stratego>
 <game type="classic">
  
  <field content="EMBEFBEDDDIGHFBFBFDHLJCBEDIBEDHGDJHGDKIGAA__AA__AAAA__AA__AASTNURSWQSPRNTURNOVXVNQTQNTUYPPRSNQPPQPPP"/>
  <move id="1" source="A4" target="A5"/>
  <move id="2" source="I7" target="I6"/>
  <move id="3" source="A5" target="A6"/>
  <move id="4" source="I6" target="I5"/>
  <move id="5" source="E4" target="E5"/>
  <move id="6" source="I8" target="I7"/>
  <move id="7" source="E5" target="E6"/>
  <move id="8" source="I7" target="I6"/>
  <move id="9" source="F4" target="F5"/>
  <move id="10" source="K7" target="I7"/>
  <move id="11" source="F5" target="E5"/>
  <move id="12" source="K8" target="K7"/>
  <move id="13" source="G4" target="F4"/>
  <move id="14" source="K7" target="K6"/>
  <move id="15" source="F4" target="F7"/>
  <move id="16" source="K6" target="K5"/>
  <move id="17" source="E6" target="F6"/>
  <move id="18" source="I5" target="I4"/>
  <move id="19" source="K4" target="K5"/>
  <move id="20" source="I6" target="I5"/>
  <move id="21" source="K3" target="K4"/>
  <move id="22" source="K5" target="K6"/>
  <move id="23" source="K4" target="K5"/>
  <move id="24" source="I5" target="K5"/>
  <move id="25" source="H4" target="G4"/>
  <move id="26" source="K5" target="K4"/>
  <move id="27" source="I4" target="H4"/>
  <move id="28" source="I7" target="I3"/>
  <move id="29" source="G4" target="F4"/>
  <move id="30" source="K4" target="I4"/>
  <move id="31" source="H4" target="G4"/>
  <move id="32" source="I4" target="I3"/>
  <move id="33" source="F4" target="F5"/>
  <move id="34" source="I3" target="H3"/>
  <move id="35" source="G4" target="F4"/>
  <move id="36" source="K6" target="K5"/>
  <move id="37" source="F4" target="E4"/>
  <move id="38" source="K5" target="K4"/>
  <move id="39" source="F5" target="F4"/>
  <move id="40" source="K4" target="K3"/>
  <move id="41" source="F4" target="G4"/>
  <move id="42" source="K3" target="K2"/>
  <move id="43" source="I2" target="I9"/>
  <move id="44" source="I:" target="I1"/>
  <move id="45" source="F6" target="F7"/>
  <move id="46" source="E7" target="E6"/>
  <move id="47" source="F7" target="F8"/>
  <move id="48" source="K2" target="K1"/>
  <move id="49" source="H2" target="I2"/>
  <move id="50" source="H:" target="I:"/>
  <move id="51" source="I2" target="I3"/>
  <move id="52" source="K1" target="I1"/>
  <move id="53" source="I3" target="I4"/>
  <move id="54" source="I1" target="I2"/>
  <move id="55" source="I4" target="I5"/>
  <move id="56" source="K9" target="K1"/>
  <move id="57" source="I5" target="I6"/>
  <move id="58" source="K1" target="H1"/>
  <move id="59" source="I6" target="I7"/>
  <move id="60" source="K:" target="K1"/>
  <move id="61" source="I7" target="H7"/>
  <move id="62" source="H8" target="H7"/>
  <move id="63" source="E5" target="E6"/>
  <move id="64" source="K1" target="G1"/>
  <move id="65" source="E6" target="E7"/>
  <move id="66" source="G:" target="H:"/>
  <move id="67" source="E7" target="D7"/>
  <move id="68" source="D7" target="E7"/>
  <move id="69" source="G4" target="F4"/>
  <move id="70" source="G7" target="F7"/>
  <move id="71" source="F4" target="F5"/>
  <move id="72" source="F7" target="F6"/>
  <move id="73" source="F5" target="F6"/>
  <move id="74" source="G8" target="H8"/>
  <move id="75" source="E4" target="F4"/>
  <move id="76" source="H8" target="I8"/>
  <move id="77" source="F4" target="G4"/>
  <move id="78" source="E7" target="F7"/>
  <move id="79" source="D4" target="E4"/>
  <move id="80" source="F7" target="G7"/>
  <move id="81" source="E4" target="E5"/>
  <move id="82" source="G7" target="G8"/>
  <move id="83" source="E5" target="E6"/>
  <move id="84" source="H7" target="G7"/>
  <move id="85" source="E6" target="E7"/>
  <move id="86" source="I8" target="I7"/>
  <move id="87" source="G4" target="F4"/>
  <move id="88" source="E8" target="E7"/>
  <move id="89" source="F4" target="F5"/>
  <move id="90" source="G7" target="F7"/>
  <move id="91" source="E7" target="F7"/>
  <move id="92" source="G8" target="G7"/>
  <move id="93" source="F5" target="F6"/>
  <move id="94" source="I7" target="H7"/>
  <move id="95" source="E3" target="E4"/>
  <move id="96" source="I:" target="K:"/>
  <move id="97" source="E4" target="E5"/>
  <move id="98" source="H:" target="I:"/>
  <move id="99" source="E5" target="E6"/>
  <move id="100" source="I:" target="I9"/>
  <move id="101" source="E6" target="E7"/>
  <move id="102" source="I9" target="I8"/>
  <move id="103" source="F6" target="F7"/>
  <move id="104" source="G9" target="G8"/>
  <move id="105" source="E7" target="E8"/>
  <move id="106" source="D8" target="E8"/>
  <move id="107" source="F7" target="G7"/>
  <move id="108" source="I8" target="I7"/>
  <move id="109" source="G3" target="G4"/>
  <move id="110" source="I7" target="I6"/>
  <move id="111" source="G4" target="H4"/>
  <move id="112" source="I6" target="K6"/>
  <move id="113" source="H4" target="I4"/>
  <move id="114" source="F:" target="I:"/>
  <move id="115" source="I4" target="K4"/>
  <move id="116" source="K6" target="I6"/>
  <move id="117" source="K4" target="K5"/>
  <move id="118" source="K:" target="K5"/>
  <move id="119" source="K5" target="I5"/>
  <move id="120" source="I6" target="K6"/>
  <move id="121" source="I5" target="I6"/>
  <move id="122" source="K6" target="K5"/>
  <move id="123" source="I6" target="I7"/>
  <move id="124" source="G8" target="H8"/>
  <move id="125" source="I7" target="H7"/>
  <move id="126" source="H8" target="H7"/>
  <move id="127" source="C4" target="D4"/>
  <move id="128" source="K5" target="K4"/>
  <move id="129" source="D4" target="E4"/>
  <move id="130" source="K4" target="K3"/>
  <move id="131" source="E4" target="F4"/>
  <move id="132" source="K3" target="K2"/>
  <move id="133" source="F4" target="G4"/>
  <move id="134" source="K2" target="K1"/>
  <move id="135" source="G4" target="H4"/>
  <move id="136" source="K1" target="I1"/>
  <move id="137" source="H4" target="I4"/>
  <move id="138" source="I2" target="H2"/>
  <move id="139" source="I4" target="I3"/>
  <move id="140" source="H2" target="H1"/>
  <move id="141" source="I3" target="I2"/>
  <move id="142" source="H1" target="G1"/>
  <move id="143" source="I2" target="H2"/>
  <move id="144" source="I1" target="I2"/>
  <move id="145" source="H2" target="H1"/>
  <move id="146" source="G1" target="G2"/>
  <move id="147" source="H1" target="H2"/>
  <move id="148" source="I2" target="I1"/>
  <move id="149" source="H2" target="I2"/>
  <move id="150" source="I1" target="H1"/>
  <move id="151" source="I2" target="H2"/>
  <move id="152" source="H1" target="G1"/>
  <move id="153" source="H2" target="H1"/>
  <move id="154" source="G1" target="F1"/>
  <move id="155" source="F2" target="F1"/>
  <move id="156" source="D9" target="D8"/>
  <move id="157" source="B4" target="B5"/>
  <move id="158" source="E8" target="E7"/>
  <move id="159" source="B3" target="B4"/>
  <move id="160" source="E7" target="E6"/>
  <move id="161" source="B4" target="C4"/>
  <move id="162" source="E6" target="E5"/>
  <move id="163" source="C4" target="D4"/>
  <move id="164" source="D8" target="D7"/>
  <move id="165" source="D4" target="E4"/>
  <move id="166" source="D7" target="E7"/>
  <move id="167" source="E4" target="E5"/>
  <move id="168" source="E7" target="F7"/>
  <move id="169" source="E5" target="E6"/>
  <move id="170" source="B7" target="B6"/>
  <move id="171" source="E6" target="F6"/>
  <move id="172" source="F7" target="E7"/>
  <move id="173" source="A6" target="B6"/>
  <move id="174" source="A7" target="A6"/>
  <move id="175" source="B5" target="B6"/>
  <move id="176" source="A6" target="A5"/>
  <move id="177" source="B6" target="B7"/>
  <move id="178" source="A5" target="A4"/>
  <move id="179" source="C3" target="C4"/>
  <move id="180" source="A4" target="B4"/>
  <move id="181" source="C4" target="D4"/>
  <move id="182" source="B4" target="C4"/>
  <move id="183" source="D4" target="E4"/>
  <move id="184" source="C4" target="D4"/>
  <move id="185" source="E4" target="F4"/>
  <move id="186" source="D4" target="E4"/>
  <move id="187" source="F4" target="G4"/>
  <move id="188" source="E4" target="E3"/>
  <move id="189" source="F3" target="F4"/>
  <move id="190" source="E3" target="F3"/>
  <move id="191" source="F4" target="A4"/>
  <move id="192" source="F3" target="F2"/>
  <move id="193" source="A4" target="A8"/>
  <move id="194" source="F2" target="F1"/>
  <move id="195" source="B7" target="A7"/>
  <move id="196" source="F1" target="E1"/>
  <move id="197" source="A7" target="A8"/>
  <move id="198" source="E1" target="D1"/>
  <move id="199" source="G4" target="H4"/>
  <move id="200" source="D1" target="D2"/>
  <move id="201" source="H1" target="I1"/>
  <move id="202" source="D2" target="C2"/>
  <move id="203" source="I1" target="I:"/>
  <move id="204" source="E:" target="F:"/>
  <move id="205" source="A3" target="A4"/>
  <move id="206" source="F:" target="G:"/>
  <move id="207" source="A4" target="B4"/>
  <move id="208" source="G:" target="G9"/>
  <move id="209" source="F6" target="F7"/>
  <move id="210" source="E7" target="E6"/>
  <move id="211" source="F7" target="G7"/>
  <move id="212" source="E6" target="E5"/>
  <move id="213" source="G7" target="G8"/>
  <move id="214" source="G9" target="G:"/>
  <move id="215" source="H4" target="I4"/>
  <move id="216" source="E5" target="E4"/>
  <move id="217" source="I4" target="I5"/>
  <move id="218" source="E4" target="E3"/>
  <move id="219" source="I5" target="I6"/>
  <move id="220" source="E3" target="E2"/>
  <move id="221" source="C2" target="D2"/>
  <move id="222" source="E2" target="E3"/>
  <move id="223" source="D2" target="E2"/>
  <move id="224" source="E3" target="D3"/>
  <move id="225" source="B2" target="B3"/>
  <move id="226" source="D3" target="D4"/>
  <move id="227" source="E2" target="E3"/>
  <move id="228" source="D4" target="C4"/>
  <move id="229" source="B4" target="B5"/>
  <move id="230" source="C4" target="B4"/>
  <move id="231" source="B3" target="B4"/>
  <move id="232" source="G:" target="H:"/>
  <move id="233" source="G8" target="H8"/>
  <move id="234" source="C8" target="D8"/>
  <move id="235" source="B4" target="A4"/>
  <move id="236" source="D8" target="D7"/>
  <move id="237" source="B5" target="B4"/>
  <move id="238" source="D7" target="E7"/>
  <move id="239" source="B4" target="C4"/>
  <move id="240" source="E7" target="E6"/>
  <move id="241" source="C4" target="D4"/>
  <move id="242" source="E6" target="E5"/>
  <move id="243" source="D4" target="E4"/>
  <move id="244" source="D:" target="D9"/>
  <move id="245" source="E4" target="E5"/>
  <move id="246" source="D9" target="D8"/>
  <move id="247" source="E5" target="E6"/>
  <move id="248" source="C9" target="D9"/>
  <move id="249" source="E6" target="E7"/>
  <move id="250" source="D9" target="D:"/>
  <move id="251" source="E7" target="E8"/>
  <move id="252" source="D8" target="D7"/>
  <move id="253" source="H8" target="G8"/>
  <move id="254" source="D:" target="D9"/>
  <move id="255" source="G8" target="G9"/>
  <move id="256" source="D9" target="D8"/>
  <move id="257" source="E8" target="E7"/>
  <move id="258" source="D8" target="E8"/>
  <move id="259" source="E7" target="D7"/>
  <move id="260" source="H:" target="I:"/>
  <move id="261" source="G9" target="G8"/>
  <move id="262" source="B9" target="C9"/>
  <move id="263" source="G8" target="G7"/>
  <move id="264" source="C9" target="C8"/>
  <move id="265" source="G7" target="F7"/>
  <move id="266" source="F9" target="G9"/>
  <move id="267" source="D7" target="D8"/>
  <move id="268" source="E8" target="E7"/>
  <move id="269" source="F7" target="E7"/>
  <move id="270" source="G9" target="G8"/>
  <move id="271" source="D8" target="C8"/>
  <move id="272" source="G8" target="G7"/>
  <move id="273" source="E7" target="F7"/>
  <move id="274" source="G7" target="H7"/>
  <move id="275" source="F7" target="G7"/>
  <move id="276" source="H7" target="I7"/>
  <move id="277" source="A4" target="A5"/>
  <move id="278" source="I7" target="I6"/>
  <move id="279" source="A2" target="B2"/>
  <move id="280" source="I6" target="I5"/>
  <move id="281" source="B2" target="C2"/>
  <move id="282" source="I5" target="I4"/>
  <move id="283" source="G7" target="F7"/>
  <move id="284" source="I4" target="H4"/>
  <move id="285" source="F7" target="F6"/>
  <move id="286" source="H4" target="G4"/>
  <move id="287" source="F6" target="F5"/>
  <move id="288" source="G4" target="G3"/>
  <move id="289" source="F5" target="F4"/>
  <move id="290" source="I:" target="I9"/>
  <move id="291" source="C2" target="D2"/>
  <move id="292" source="I9" target="I8"/>
  <move id="293" source="D2" target="E2"/>
  <move id="294" source="I8" target="I7"/>
  <move id="295" source="E2" target="F2"/>
  <move id="296" source="I7" target="H7"/>
  <move id="297" source="F2" target="F3"/>
  <move id="298" source="H7" target="G7"/>
  <move id="299" source="F3" target="G3"/>
  <move id="300" source="G7" target="F7"/>
  <move id="301" source="F4" target="F5"/>
  <move id="302" source="F7" target="E7"/>
  <move id="303" source="F5" target="F6"/>
  <move id="304" source="E7" target="E4"/>
  <move id="305" source="E3" target="E4"/>
  <player id="1">Player 1</player>
  <player id="2">Player 2</player>
  <result type="3" winner="1"/>
 </game>
</stratego>