<?xml version="1.0" encoding="UTF-8"?>
<stratego>
 <game type="classic">
  
  <field content="MBFBBBFBEEBFEHDEEIDGFHJDGICKHDDGILDHJDGDAA__AA__AAAA__AA__AANPVPTSTSVQQSNQWRXPPQTRTRUSPNUPPOUNYRPNQN"/>
  <move id="1" source="K4" target="K7"/>
  <move id="2" source="K7" target="K6"/>
  <move id="3" source="K3" target="K4"/>
  <move id="4" source="K6" target="I6"/>
  <move id="5" source="I4" target="I5"/>
  <move id="6" source="E7" target="E6"/>
  <move id="7" source="I5" target="I6"/>
  <move id="8" source="I7" target="I6"/>
  <move id="9" source="K4" target="K8"/>
  <move id="10" source="I8" target="I7"/>
  <move id="11" source="I3" target="K3"/>
  <move id="12" source="I7" target="K7"/>
  <move id="13" source="H4" target="I4"/>
  <move id="14" source="I6" target="I7"/>
  <move id="15" source="I4" target="K4"/>
  <move id="16" source="I7" target="I8"/>
  <move id="17" source="H3" target="H4"/>
  <move id="18" source="H7" target="I7"/>
  <move id="19" source="K3" target="I3"/>
  <move id="20" source="H8" target="H7"/>
  <move id="21" source="I3" target="I4"/>
  <move id="22" source="I8" target="H8"/>
  <move id="23" source="I4" target="I5"/>
  <move id="24" source="F7" target="F6"/>
  <move id="25" source="I5" target="I6"/>
  <move id="26" source="F8" target="F7"/>
  <move id="27" source="I6" target="K6"/>
  <move id="28" source="G8" target="F8"/>
  <move id="29" source="K6" target="K7"/>
  <move id="30" source="H8" target="I8"/>
  <move id="31" source="H4" target="I4"/>
  <move id="32" source="I7" target="I6"/>
  <move id="33" source="I4" target="I5"/>
  <move id="34" source="H7" target="I7"/>
  <move id="35" source="K7" target="K6"/>
  <move id="36" source="I6" target="I5"/>
  <move id="37" source="K6" target="I6"/>
  <move id="38" source="F6" target="F5"/>
  <move id="39" source="I6" target="I7"/>
  <move id="40" source="I8" target="I7"/>
  <move id="41" source="I5" target="I6"/>
  <move id="42" source="I7" target="H7"/>
  <move id="43" source="I6" target="I7"/>
  <move id="44" source="H7" target="H8"/>
  <move id="45" source="I7" target="I8"/>
  <move id="46" source="H8" target="G8"/>
  <move id="47" source="I8" target="H8"/>
  <move id="48" source="E6" target="E5"/>
  <move id="49" source="H8" target="G8"/>
  <move id="50" source="F8" target="G8"/>
  <move id="51" source="F4" target="F5"/>
  <move id="52" source="E5" target="F5"/>
  <move id="53" source="E4" target="E8"/>
  <move id="54" source="F7" target="F6"/>
  <move id="55" source="G4" target="H4"/>
  <move id="56" source="D7" target="E7"/>
  <move id="57" source="H4" target="I4"/>
  <move id="58" source="G8" target="H8"/>
  <move id="59" source="D4" target="E4"/>
  <move id="60" source="E7" target="E4"/>
  <move id="61" source="E4" target="E5"/>
  <move id="62" source="G7" target="H7"/>
  <move id="63" source="E5" target="E6"/>
  <move id="64" source="H7" target="I7"/>
  <move id="65" source="E6" target="F6"/>
  <move id="66" source="D8" target="D7"/>
  <move id="67" source="F6" target="F7"/>
  <move id="68" source="D9" target="D8"/>
  <move id="69" source="D3" target="D4"/>
  <move id="70" source="H8" target="G8"/>
  <move id="71" source="D4" target="E4"/>
  <move id="72" source="I7" target="H7"/>
  <move id="73" source="E4" target="E5"/>
  <move id="74" source="C9" target="D9"/>
  <move id="75" source="E5" target="E6"/>
  <move id="76" source="B7" target="B6"/>
  <move id="77" source="E6" target="E7"/>
  <move id="78" source="B6" target="B5"/>
  <move id="79" source="E7" target="E6"/>
  <move id="80" source="B5" target="B4"/>
  <move id="81" source="E6" target="F6"/>
  <move id="82" source="C7" target="B7"/>
  <move id="83" source="F7" target="E7"/>
  <move id="84" source="E8" target="F8"/>
  <move id="85" source="F6" target="F7"/>
  <move id="86" source="B7" target="B6"/>
  <move id="87" source="F7" target="F6"/>
  <move id="88" source="B6" target="B5"/>
  <move id="89" source="E7" target="F7"/>
  <move id="90" source="F8" target="E8"/>
  <move id="91" source="F7" target="F8"/>
  <move id="92" source="E8" target="E7"/>
  <move id="93" source="F8" target="G8"/>
  <move id="94" source="D8" target="E8"/>
  <move id="95" source="I4" target="I5"/>
  <move id="96" source="B5" target="B4"/>
  <move id="97" source="I5" target="I6"/>
  <move id="98" source="B8" target="B7"/>
  <move id="99" source="I6" target="I7"/>
  <move id="100" source="H7" target="H8"/>
  <move id="101" source="I7" target="I8"/>
  <move id="102" source="H8" target="H7"/>
  <move id="103" source="I8" target="I7"/>
  <move id="104" source="H7" target="G7"/>
  <move id="105" source="I7" target="H7"/>
  <move id="106" source="G7" target="F7"/>
  <move id="107" source="H7" target="H8"/>
  <move id="108" source="B7" target="B6"/>
  <move id="109" source="I2" target="I9"/>
  <move id="110" source="B6" target="B5"/>
  <move id="111" source="H8" target="I8"/>
  <move id="112" source="B4" target="B3"/>
  <move id="113" source="C3" target="B3"/>
  <move id="114" source="B5" target="B4"/>
  <move id="115" source="C4" target="B4"/>
  <move id="116" source="D7" target="D8"/>
  <move id="117" source="I8" target="I9"/>
  <move id="118" source="F7" target="F8"/>
  <move id="119" source="I9" target="I8"/>
  <move id="120" source="E7" target="F7"/>
  <move id="121" source="F6" target="E6"/>
  <move id="122" source="E8" target="E7"/>
  <move id="123" source="I8" target="K8"/>
  <move id="124" source="E7" target="E6"/>
  <move id="125" source="B4" target="B5"/>
  <move id="126" source="F7" target="E7"/>
  <move id="127" source="B5" target="B6"/>
  <move id="128" source="E7" target="D7"/>
  <move id="129" source="B6" target="A6"/>
  <move id="130" source="D7" target="C7"/>
  <move id="131" source="A6" target="A5"/>
  <move id="132" source="C7" target="B7"/>
  <move id="133" source="K4" target="I4"/>
  <move id="134" source="B7" target="B6"/>
  <move id="135" source="I4" target="I:"/>
  <move id="136" source="B6" target="B5"/>
  <move id="137" source="A5" target="A6"/>
  <move id="138" source="B5" target="B4"/>
  <move id="139" source="K8" target="I8"/>
  <move id="140" source="B4" target="A4"/>
  <move id="141" source="A6" target="B6"/>
  <move id="142" source="A4" target="A3"/>
  <move id="143" source="I8" target="I9"/>
  <move id="144" source="A3" target="B3"/>
  <move id="145" source="I9" target="I:"/>
  <move id="146" source="B3" target="B2"/>
  <move id="147" source="I:" target="K:"/>
  <move id="148" source="B2" target="B3"/>
  <move id="149" source="B6" target="B7"/>
  <move id="150" source="B3" target="B4"/>
  <move id="151" source="B7" target="C7"/>
  <move id="152" source="B4" target="B5"/>
  <player id="1">Player 1</player>
  <player id="2">Player 2</player>
  <result type="3" winner="2"/>
 </game>
</stratego>