<?xml version="1.0" encoding="UTF-8"?>
<stratego>
 <game type="classic">
  
  <field content="EDHFBMBFDFDJEHDBEBDEGHDJGDEBDBIGLIGHCKIFAA__AA__AAAA__AA__AATSPNRTUSSTVPPQPWONVPPPXURNRTSPQNQQNYNQUR"/>
  <move id="1" source="E4" target="E5"/>
  <move id="2" source="K7" target="K6"/>
  <move id="3" source="E5" target="E6"/>
  <move id="4" source="K6" target="K5"/>
  <move id="5" source="E3" target="E4"/>
  <move id="6" source="K5" target="I5"/>
  <move id="7" source="E4" target="E5"/>
  <move id="8" source="K8" target="K4"/>
  <move id="9" source="I4" target="I5"/>
  <move id="10" source="I7" target="K7"/>
  <move id="11" source="I5" target="K5"/>
  <move id="12" source="K7" target="I7"/>
  <move id="13" source="K5" target="K6"/>
  <move id="14" source="A7" target="A6"/>
  <move id="15" source="I3" target="I7"/>
  <move id="16" source="A6" target="A5"/>
  <move id="17" source="I2" target="I3"/>
  <move id="18" source="B7" target="B6"/>
  <move id="19" source="I3" target="I4"/>
  <move id="20" source="B6" target="B5"/>
  <move id="21" source="I4" target="I5"/>
  <move id="22" source="B5" target="B4"/>
  <move id="23" source="A4" target="A5"/>
  <move id="24" source="A8" target="A7"/>
  <move id="25" source="A3" target="A4"/>
  <move id="26" source="A7" target="A6"/>
  <move id="27" source="A5" target="B5"/>
  <move id="28" source="A6" target="B6"/>
  <move id="29" source="B5" target="B4"/>
  <move id="30" source="B6" target="B5"/>
  <move id="31" source="F4" target="F5"/>
  <move id="32" source="A9" target="A4"/>
  <move id="33" source="F5" target="F6"/>
  <move id="34" source="E7" target="E6"/>
  <move id="35" source="A4" target="A5"/>
  <move id="36" source="F7" target="F6"/>
  <move id="37" source="F3" target="F4"/>
  <move id="38" source="G7" target="F7"/>
  <move id="39" source="A5" target="B5"/>
  <move id="40" source="B8" target="A8"/>
  <move id="41" source="D3" target="E3"/>
  <move id="42" source="H7" target="G7"/>
  <move id="43" source="F4" target="F5"/>
  <move id="44" source="F7" target="E7"/>
  <move id="45" source="E3" target="E4"/>
  <move id="46" source="G7" target="F7"/>
  <move id="47" source="D4" target="D3"/>
  <move id="48" source="F7" target="F6"/>
  <move id="49" source="D3" target="E3"/>
  <move id="50" source="E7" target="E6"/>
  <move id="51" source="E3" target="F3"/>
  <move id="52" source="F6" target="F5"/>
  <move id="53" source="F3" target="F4"/>
  <move id="54" source="F5" target="E5"/>
  <move id="55" source="F4" target="F5"/>
  <move id="56" source="E6" target="E7"/>
  <move id="57" source="C3" target="D3"/>
  <move id="58" source="E7" target="F7"/>
  <move id="59" source="B3" target="C3"/>
  <move id="60" source="A8" target="A7"/>
  <move id="61" source="A2" target="A7"/>
  <move id="62" source="C7" target="B7"/>
  <move id="63" source="B4" target="B3"/>
  <move id="64" source="B5" target="A5"/>
  <move id="65" source="B2" target="A2"/>
  <move id="66" source="A5" target="A4"/>
  <move id="67" source="A2" target="A3"/>
  <move id="68" source="A4" target="A5"/>
  <move id="69" source="A3" target="A4"/>
  <move id="70" source="A5" target="A6"/>
  <move id="71" source="A4" target="A5"/>
  <move id="72" source="A6" target="A7"/>
  <move id="73" source="B3" target="A3"/>
  <move id="74" source="B7" target="B4"/>
  <move id="75" source="B1" target="B4"/>
  <move id="76" source="B9" target="B4"/>
  <move id="77" source="A5" target="A6"/>
  <move id="78" source="A7" target="B7"/>
  <move id="79" source="A6" target="B6"/>
  <move id="80" source="B7" target="B8"/>
  <move id="81" source="B6" target="B7"/>
  <move id="82" source="B8" target="B9"/>
  <move id="83" source="B7" target="B8"/>
  <move id="84" source="B9" target="A9"/>
  <move id="85" source="B8" target="A8"/>
  <move id="86" source="A9" target="B9"/>
  <move id="87" source="A8" target="B8"/>
  <move id="88" source="B4" target="C4"/>
  <move id="89" source="B8" target="B9"/>
  <move id="90" source="E8" target="E4"/>
  <move id="91" source="E4" target="E3"/>
  <move id="92" source="D8" target="E8"/>
  <move id="93" source="C4" target="D4"/>
  <move id="94" source="C8" target="C7"/>
  <move id="95" source="D4" target="E4"/>
  <move id="96" source="C7" target="B7"/>
  <move id="97" source="D3" target="D4"/>
  <move id="98" source="B7" target="B6"/>
  <move id="99" source="D4" target="C4"/>
  <move id="100" source="K9" target="K8"/>
  <move id="101" source="I5" target="K5"/>
  <move id="102" source="K8" target="K7"/>
  <move id="103" source="K6" target="I6"/>
  <move id="104" source="K7" target="K5"/>
  <move id="105" source="C4" target="B4"/>
  <move id="106" source="I7" target="H7"/>
  <move id="107" source="F5" target="F6"/>
  <move id="108" source="H7" target="G7"/>
  <move id="109" source="F6" target="F7"/>
  <move id="110" source="E8" target="E7"/>
  <move id="111" source="B4" target="B6"/>
  <move id="112" source="E7" target="F7"/>
  <move id="113" source="G3" target="F3"/>
  <move id="114" source="D9" target="D8"/>
  <move id="115" source="F3" target="F4"/>
  <move id="116" source="D8" target="C8"/>
  <move id="117" source="F4" target="F5"/>
  <move id="118" source="C8" target="B8"/>
  <move id="119" source="F5" target="E5"/>
  <move id="120" source="B8" target="B7"/>
  <move id="121" source="E5" target="E6"/>
  <move id="122" source="B7" target="B6"/>
  <move id="123" source="E6" target="E7"/>
  <move id="124" source="F7" target="E7"/>
  <move id="125" source="E3" target="F3"/>
  <move id="126" source="B6" target="B5"/>
  <move id="127" source="F3" target="G3"/>
  <move id="128" source="G7" target="F7"/>
  <move id="129" source="E4" target="E5"/>
  <move id="130" source="B5" target="B4"/>
  <move id="131" source="E2" target="E3"/>
  <move id="132" source="B4" target="C4"/>
  <move id="133" source="E3" target="E4"/>
  <move id="134" source="C4" target="D4"/>
  <move id="135" source="E4" target="D4"/>
  <move id="136" source="D4" target="C4"/>
  <move id="137" source="E5" target="E4"/>
  <move id="138" source="C4" target="B4"/>
  <move id="139" source="E4" target="D4"/>
  <move id="140" source="B4" target="A4"/>
  <move id="141" source="D4" target="C4"/>
  <move id="142" source="A4" target="A3"/>
  <move id="143" source="C4" target="D4"/>
  <move id="144" source="I9" target="K9"/>
  <move id="145" source="K4" target="K5"/>
  <move id="146" source="K9" target="K8"/>
  <move id="147" source="K5" target="K6"/>
  <move id="148" source="K8" target="K7"/>
  <move id="149" source="K6" target="K7"/>
  <move id="150" source="G8" target="G7"/>
  <move id="151" source="H4" target="I4"/>
  <move id="152" source="F7" target="F6"/>
  <move id="153" source="D4" target="E4"/>
  <move id="154" source="F6" target="F5"/>
  <move id="155" source="E4" target="F4"/>
  <move id="156" source="F5" target="F6"/>
  <move id="157" source="F4" target="F5"/>
  <move id="158" source="F6" target="F7"/>
  <move id="159" source="F5" target="F6"/>
  <move id="160" source="A:" target="A9"/>
  <move id="161" source="I4" target="I5"/>
  <move id="162" source="A9" target="A8"/>
  <move id="163" source="I6" target="K6"/>
  <move id="164" source="K7" target="I7"/>
  <move id="165" source="K6" target="K7"/>
  <move id="166" source="A8" target="A7"/>
  <move id="167" source="G3" target="F3"/>
  <move id="168" source="A7" target="A6"/>
  <move id="169" source="F3" target="E3"/>
  <move id="170" source="A6" target="A5"/>
  <move id="171" source="E3" target="D3"/>
  <move id="172" source="A5" target="A4"/>
  <move id="173" source="C3" target="B3"/>
  <move id="174" source="I7" target="I6"/>
  <move id="175" source="I5" target="I4"/>
  <move id="176" source="I6" target="I5"/>
  <move id="177" source="K7" target="K6"/>
  <move id="178" source="I5" target="I4"/>
  <move id="179" source="D3" target="D4"/>
  <move id="180" source="C9" target="C8"/>
  <move id="181" source="D4" target="C4"/>
  <move id="182" source="C8" target="B8"/>
  <move id="183" source="C4" target="B4"/>
  <move id="184" source="A4" target="A5"/>
  <move id="185" source="B3" target="A3"/>
  <move id="186" source="A5" target="A6"/>
  <move id="187" source="A3" target="A4"/>
  <move id="188" source="A6" target="B6"/>
  <move id="189" source="A4" target="A5"/>
  <move id="190" source="B8" target="C8"/>
  <move id="191" source="B4" target="C4"/>
  <move id="192" source="C8" target="D8"/>
  <move id="193" source="C4" target="D4"/>
  <move id="194" source="F7" target="E7"/>
  <move id="195" source="I4" target="H4"/>
  <move id="196" source="D8" target="E8"/>
  <move id="197" source="K2" target="I2"/>
  <move id="198" source="G7" target="H7"/>
  <move id="199" source="I2" target="I3"/>
  <move id="200" source="F8" target="G8"/>
  <move id="201" source="I3" target="I2"/>
  <move id="202" source="G8" target="G7"/>
  <move id="203" source="I2" target="K2"/>
  <move id="204" source="I8" target="K8"/>
  <move id="205" source="I1" target="I7"/>
  <move id="206" source="K8" target="K7"/>
  <move id="207" source="K6" target="K7"/>
  <move id="208" source="K7" target="I7"/>
  <move id="209" source="D4" target="C4"/>
  <move id="210" source="I7" target="I8"/>
  <move id="211" source="C4" target="B4"/>
  <move id="212" source="B6" target="B7"/>
  <move id="213" source="A5" target="A6"/>
  <move id="214" source="B7" target="B8"/>
  <move id="215" source="A6" target="A7"/>
  <move id="216" source="B8" target="C8"/>
  <move id="217" source="A7" target="A8"/>
  <move id="218" source="C8" target="D8"/>
  <move id="219" source="A8" target="B8"/>
  <move id="220" source="E8" target="F8"/>
  <move id="221" source="B8" target="C8"/>
  <move id="222" source="E7" target="E8"/>
  <move id="223" source="F6" target="E6"/>
  <move id="224" source="G7" target="F7"/>
  <move id="225" source="G2" target="G3"/>
  <move id="226" source="I8" target="K8"/>
  <move id="227" source="G3" target="F3"/>
  <move id="228" source="K8" target="K7"/>
  <move id="229" source="F3" target="F4"/>
  <move id="230" source="F8" target="G8"/>
  <move id="231" source="C2" target="C3"/>
  <move id="232" source="G8" target="G7"/>
  <move id="233" source="C3" target="B3"/>
  <move id="234" source="E8" target="E7"/>
  <move id="235" source="B3" target="A3"/>
  <move id="236" source="D8" target="E8"/>
  <move id="237" source="A3" target="A4"/>
  <move id="238" source="E8" target="F8"/>
  <move id="239" source="A4" target="A5"/>
  <move id="240" source="F8" target="G8"/>
  <move id="241" source="A5" target="A6"/>
  <move id="242" source="E7" target="E8"/>
  <move id="243" source="A6" target="A7"/>
  <move id="244" source="E8" target="E7"/>
  <move id="245" source="A7" target="A8"/>
  <move id="246" source="F7" target="F8"/>
  <move id="247" source="C8" target="D8"/>
  <move id="248" source="F8" target="E8"/>
  <move id="249" source="D8" target="D7"/>
  <move id="250" source="G8" target="F8"/>
  <move id="251" source="E6" target="E7"/>
  <move id="252" source="E8" target="D8"/>
  <move id="253" source="A8" target="B8"/>
  <move id="254" source="D8" target="C8"/>
  <move id="255" source="B8" target="B9"/>
  <move id="256" source="C8" target="C9"/>
  <move id="257" source="B9" target="B:"/>
  <move id="258" source="C:" target="B:"/>
  <move id="259" source="D2" target="D3"/>
  <move id="260" source="C9" target="C8"/>
  <move id="261" source="D3" target="D4"/>
  <move id="262" source="C8" target="C7"/>
  <move id="263" source="D4" target="E4"/>
  <move id="264" source="C7" target="B7"/>
  <move id="265" source="E4" target="E5"/>
  <move id="266" source="B7" target="B6"/>
  <move id="267" source="E5" target="F5"/>
  <move id="268" source="B6" target="B5"/>
  <move id="269" source="B4" target="B5"/>
  <move id="270" source="B5" target="B4"/>
  <move id="271" source="F5" target="F6"/>
  <move id="272" source="B4" target="C4"/>
  <move id="273" source="E7" target="E6"/>
  <move id="274" source="C4" target="D4"/>
  <move id="275" source="E6" target="E5"/>
  <move id="276" source="D4" target="D3"/>
  <move id="277" source="E5" target="E4"/>
  <move id="278" source="F8" target="E8"/>
  <move id="279" source="F6" target="E6"/>
  <move id="280" source="G7" target="F7"/>
  <move id="281" source="G4" target="G3"/>
  <move id="282" source="E8" target="D8"/>
  <move id="283" source="F4" target="F3"/>
  <move id="284" source="D8" target="C8"/>
  <move id="285" source="H4" target="G4"/>
  <move id="286" source="C8" target="B8"/>
  <move id="287" source="G4" target="F4"/>
  <move id="288" source="H7" target="G7"/>
  <move id="289" source="G3" target="G4"/>
  <move id="290" source="B8" target="B7"/>
  <move id="291" source="F3" target="G3"/>
  <move id="292" source="B7" target="B6"/>
  <move id="293" source="F4" target="F3"/>
  <move id="294" source="B6" target="B5"/>
  <move id="295" source="F3" target="E3"/>
  <move id="296" source="B5" target="B4"/>
  <move id="297" source="E3" target="D3"/>
  <move id="298" source="B4" target="B5"/>
  <move id="299" source="E4" target="D4"/>
  <move id="300" source="B5" target="B6"/>
  <move id="301" source="D4" target="C4"/>
  <move id="302" source="B6" target="B7"/>
  <move id="303" source="C4" target="B4"/>
  <move id="304" source="K7" target="I7"/>
  <move id="305" source="G4" target="F4"/>
  <move id="306" source="I7" target="I6"/>
  <move id="307" source="F4" target="E4"/>
  <move id="308" source="I6" target="I5"/>
  <move id="309" source="E4" target="D4"/>
  <move id="310" source="I5" target="I4"/>
  <move id="311" source="G3" target="F3"/>
  <move id="312" source="I4" target="H4"/>
  <move id="313" source="F3" target="E3"/>
  <move id="314" source="H4" target="G4"/>
  <move id="315" source="E6" target="E7"/>
  <move id="316" source="F7" target="E7"/>
  <move id="317" source="E3" target="D3"/>
  <move id="318" source="G4" target="F4"/>
  <move id="319" source="D3" target="C3"/>
  <move id="320" source="F4" target="E4"/>
  <move id="321" source="B4" target="C4"/>
  <move id="322" source="I:" target="I9"/>
  <move id="323" source="C1" target="C2"/>
  <move id="324" source="I9" target="I8"/>
  <move id="325" source="C2" target="B2"/>
  <move id="326" source="I8" target="I7"/>
  <move id="327" source="B2" target="B3"/>
  <move id="328" source="I7" target="I6"/>
  <move id="329" source="K2" target="I2"/>
  <move id="330" source="I6" target="I5"/>
  <move id="331" source="I2" target="I3"/>
  <move id="332" source="I5" target="I4"/>
  <move id="333" source="I3" target="I4"/>
  <move id="334" source="B7" target="B8"/>
  <move id="335" source="B3" target="B4"/>
  <move id="336" source="E7" target="E8"/>
  <move id="337" source="B4" target="B5"/>
  <move id="338" source="E8" target="D8"/>
  <move id="339" source="B5" target="B6"/>
  <move id="340" source="D8" target="C8"/>
  <move id="341" source="B6" target="B7"/>
  <move id="342" source="B8" target="B9"/>
  <move id="343" source="C3" target="B3"/>
  <move id="344" source="B9" target="C9"/>
  <move id="345" source="B3" target="A3"/>
  <move id="346" source="C9" target="D9"/>
  <move id="347" source="D4" target="D3"/>
  <move id="348" source="E4" target="E3"/>
  <move id="349" source="D3" target="C3"/>
  <move id="350" source="D9" target="D8"/>
  <move id="351" source="C4" target="D4"/>
  <move id="352" source="D8" target="E8"/>
  <move id="353" source="A3" target="A4"/>
  <move id="354" source="E8" target="F8"/>
  <move id="355" source="A4" target="A5"/>
  <move id="356" source="F8" target="F7"/>
  <move id="357" source="A5" target="A6"/>
  <move id="358" source="F7" target="F6"/>
  <move id="359" source="A6" target="A7"/>
  <move id="360" source="E9" target="D9"/>
  <move id="361" source="A7" target="A8"/>
  <move id="362" source="D9" target="C9"/>
  <move id="363" source="B7" target="B8"/>
  <move id="364" source="C8" target="D8"/>
  <move id="365" source="A8" target="A9"/>
  <move id="366" source="G7" target="F7"/>
  <move id="367" source="C3" target="C4"/>
  <move id="368" source="F7" target="E7"/>
  <move id="369" source="C4" target="B4"/>
  <move id="370" source="E7" target="E6"/>
  <move id="371" source="B4" target="B5"/>
  <move id="372" source="F6" target="F5"/>
  <move id="373" source="B5" target="B6"/>
  <move id="374" source="F5" target="E5"/>
  <move id="375" source="B6" target="B7"/>
  <move id="376" source="E6" target="F6"/>
  <move id="377" source="B8" target="B9"/>
  <move id="378" source="D8" target="D9"/>
  <move id="379" source="B7" target="C7"/>
  <move id="380" source="I4" target="I5"/>
  <move id="381" source="C7" target="C8"/>
  <move id="382" source="C9" target="B9"/>
  <move id="383" source="A9" target="A8"/>
  <move id="384" source="I5" target="I6"/>
  <move id="385" source="A8" target="A7"/>
  <move id="386" source="I6" target="I7"/>
  <move id="387" source="A7" target="B7"/>
  <move id="388" source="I7" target="H7"/>
  <move id="389" source="B7" target="C7"/>
  <move id="390" source="H7" target="G7"/>
  <move id="391" source="C7" target="D7"/>
  <move id="392" source="G7" target="F7"/>
  <move id="393" source="D7" target="D8"/>
  <move id="394" source="F7" target="E7"/>
  <move id="395" source="K1" target="K2"/>
  <move id="396" source="E7" target="E8"/>
  <move id="397" source="D8" target="D7"/>
  <move id="398" source="E8" target="D8"/>
  <move id="399" source="D7" target="E7"/>
  <move id="400" source="G9" target="G8"/>
  <move id="401" source="C8" target="B8"/>
  <move id="402" source="D8" target="C8"/>
  <move id="403" source="B8" target="A8"/>
  <move id="404" source="C8" target="B8"/>
  <move id="405" source="B9" target="C9"/>
  <move id="406" source="D9" target="C9"/>
  <move id="407" source="A8" target="A9"/>
  <move id="408" source="C9" target="D9"/>
  <move id="409" source="E7" target="E8"/>
  <move id="410" source="G8" target="F8"/>
  <move id="411" source="E8" target="E7"/>
  <move id="412" source="F8" target="F7"/>
  <move id="413" source="E7" target="E6"/>
  <move id="414" source="E5" target="E6"/>
  <move id="415" source="D4" target="E4"/>
  <move id="416" source="E3" target="D3"/>
  <move id="417" source="K2" target="I2"/>
  <move id="418" source="H9" target="I9"/>
  <move id="419" source="I2" target="I3"/>
  <move id="420" source="I9" target="I8"/>
  <move id="421" source="I3" target="I4"/>
  <move id="422" source="I8" target="I7"/>
  <move id="423" source="I4" target="H4"/>
  <move id="424" source="D9" target="C9"/>
  <move id="425" source="E4" target="E5"/>
  <move id="426" source="F7" target="E7"/>
  <move id="427" source="H4" target="G4"/>
  <move id="428" source="D3" target="D2"/>
  <move id="429" source="G4" target="F4"/>
  <move id="430" source="D2" target="D1"/>
  <move id="431" source="F4" target="F5"/>
  <move id="432" source="F6" target="F7"/>
  <move id="433" source="E5" target="E6"/>
  <move id="434" source="B8" target="A8"/>
  <move id="435" source="A9" target="A:"/>
  <move id="436" source="A8" target="A9"/>
  <move id="437" source="F5" target="F6"/>
  <move id="438" source="A9" target="A:"/>
  <move id="439" source="F6" target="F7"/>
  <move id="440" source="E7" target="F7"/>
  <move id="441" source="E6" target="E7"/>
  <move id="442" source="C9" target="D9"/>
  <move id="443" source="E7" target="E8"/>
  <move id="444" source="D1" target="D2"/>
  <move id="445" source="E8" target="F8"/>
  <move id="446" source="I7" target="K7"/>
  <move id="447" source="F8" target="G8"/>
  <move id="448" source="H:" target="I:"/>
  <move id="449" source="G8" target="G7"/>
  <move id="450" source="D9" target="D8"/>
  <move id="451" source="G7" target="H7"/>
  <move id="452" source="K7" target="K6"/>
  <move id="453" source="H7" target="I7"/>
  <move id="454" source="I:" target="H:"/>
  <move id="455" source="I7" target="K7"/>
  <move id="456" source="K6" target="I6"/>
  <move id="457" source="K7" target="K8"/>
  <move id="458" source="D8" target="E8"/>
  <move id="459" source="K8" target="K9"/>
  <move id="460" source="H:" target="H9"/>
  <move id="461" source="K9" target="K:"/>
  <move id="462" source="H9" target="G9"/>
  <move id="463" source="K:" target="K9"/>
  <move id="464" source="G9" target="G8"/>
  <move id="465" source="K9" target="K8"/>
  <move id="466" source="G8" target="F8"/>
  <move id="467" source="K8" target="I8"/>
  <move id="468" source="I6" target="K6"/>
  <move id="469" source="I8" target="I7"/>
  <move id="470" source="F8" target="F7"/>
  <move id="471" source="H1" target="I1"/>
  <move id="472" source="F7" target="F6"/>
  <move id="473" source="I1" target="I2"/>
  <move id="474" source="F6" target="F5"/>
  <move id="475" source="I2" target="I3"/>
  <move id="476" source="F5" target="F4"/>
  <move id="477" source="I3" target="I4"/>
  <move id="478" source="F4" target="F3"/>
  <move id="479" source="I4" target="K4"/>
  <move id="480" source="F3" target="F2"/>
  <move id="481" source="K4" target="K5"/>
  <move id="482" source="K6" target="K5"/>
  <player id="1">Player 1</player>
  <player id="2">Player 2</player>
  <result type="3" winner="2"/>
 </game>
</stratego>