<?xml version="1.0" encoding="UTF-8"?>
<stratego>
 <game type="classic">
  
  <field content="DGMBDDEBEBDDFGDDIHEFLIJEICGBBBHFDKFGJHEHAA__AA__AAAA__AA__AAQSXPTNRTSPVNPWQNTSPSRQUUPRPTQQPNNUPNYVRO"/>
  <move id="1" source="A4" target="A5"/>
  <move id="2" source="E7" target="E6"/>
  <move id="3" source="A5" target="A6"/>
  <move id="4" source="E6" target="F6"/>
  <move id="5" source="A6" target="A7"/>
  <move id="6" source="B7" target="B6"/>
  <move id="7" source="A7" target="A6"/>
  <move id="8" source="B6" target="B5"/>
  <move id="9" source="B4" target="B5"/>
  <move id="10" source="C7" target="B7"/>
  <move id="11" source="A6" target="A5"/>
  <move id="12" source="B5" target="B6"/>
  <move id="13" source="A3" target="A4"/>
  <move id="14" source="F6" target="F5"/>
  <move id="15" source="A4" target="B4"/>
  <move id="16" source="D7" target="E7"/>
  <move id="17" source="B4" target="B5"/>
  <move id="18" source="E7" target="E6"/>
  <move id="19" source="A5" target="A6"/>
  <move id="20" source="E6" target="F6"/>
  <move id="21" source="A6" target="B6"/>
  <move id="22" source="B7" target="B6"/>
  <move id="23" source="E4" target="E5"/>
  <move id="24" source="B6" target="B5"/>
  <move id="25" source="E5" target="F5"/>
  <move id="26" source="F6" target="E6"/>
  <move id="27" source="D4" target="E4"/>
  <move id="28" source="E6" target="E5"/>
  <move id="29" source="E4" target="E5"/>
  <move id="30" source="F5" target="F4"/>
  <move id="31" source="G4" target="F4"/>
  <move id="32" source="C8" target="C7"/>
  <move id="33" source="E5" target="E6"/>
  <move id="34" source="C7" target="B7"/>
  <move id="35" source="E6" target="E7"/>
  <move id="36" source="B7" target="B6"/>
  <move id="37" source="E7" target="E8"/>
  <move id="38" source="D8" target="D7"/>
  <player id="1">Player 1</player>
  <player id="2">Player 2</player>
  <result type="3" winner="2"/>
 </game>
</stratego>