<?xml version="1.0" encoding="UTF-8"?>
<stratego>
 <game type="barrage">
  
  <field content="AAAAAAAEMCAAAAAAABDDAAAAAAAAAAAAAALKAAAAAA__AA__AAAA__AA__AAQNAAAAAAAAOXAAAAAAAAPWAAAAAAAAYPAAAAAAAA"/>
  <move id="1" source="F4" target="F5"/>
  <move id="2" source="B8" target="C8"/>
  <move id="3" source="F5" target="F6"/>
  <move id="4" source="C8" target="D8"/>
  <move id="5" source="F6" target="F7"/>
  <move id="6" source="D8" target="E8"/>
  <move id="7" source="F7" target="F8"/>
  <move id="8" source="E8" target="F8"/>
  <move id="9" source="E4" target="D4"/>
  <move id="10" source="B9" target="C9"/>
  <move id="11" source="D4" target="C4"/>
  <move id="12" source="A8" target="B8"/>
  <move id="13" source="C4" target="B4"/>
  <move id="14" source="F8" target="E8"/>
  <move id="15" source="B4" target="B5"/>
  <move id="16" source="E8" target="D8"/>
  <move id="17" source="B5" target="B6"/>
  <move id="18" source="D8" target="C8"/>
  <move id="19" source="H1" target="G1"/>
  <move id="20" source="C9" target="D9"/>
  <move id="21" source="G1" target="G2"/>
  <move id="22" source="D9" target="D8"/>
  <move id="23" source="G2" target="G3"/>
  <move id="24" source="D8" target="D7"/>
  <move id="25" source="G3" target="F3"/>
  <move id="26" source="A7" target="A6"/>
  <move id="27" source="B6" target="A6"/>
  <move id="28" source="D7" target="E7"/>
  <move id="29" source="A6" target="A7"/>
  <move id="30" source="E7" target="E6"/>
  <move id="31" source="F3" target="F4"/>
  <move id="32" source="E6" target="E5"/>
  <move id="33" source="F4" target="E4"/>
  <move id="34" source="E5" target="E4"/>
  <move id="35" source="I2" target="I9"/>
  <move id="36" source="C8" target="C9"/>
  <move id="37" source="I9" target="I8"/>
  <move id="38" source="C9" target="B9"/>
  <move id="39" source="I8" target="B8"/>
  <move id="40" source="B9" target="B8"/>
  <move id="41" source="A7" target="B7"/>
  <move id="42" source="E4" target="F4"/>
  <player id="1">Player 1</player>
  <player id="2">Player 2</player>
  <result type="3" winner="2"/>
 </game>
</stratego>