<?xml version="1.0" encoding="UTF-8"?>
<stratego>
 <game type="barrage">
  
  <field content="AAAAAAAAAAAAAAAAAAAAAAAACLAAAAAADBKEMDAAAA__AA__AAAA__AA__AAAAPAAAOAAAAQAAANAAWAAAAAXAAAAPAAAAYAAAAA"/>
  <move id="1" source="F4" target="F5"/>
  <move id="2" source="E9" target="E8"/>
  <move id="3" source="E4" target="E5"/>
  <move id="4" source="E8" target="E7"/>
  <move id="5" source="E3" target="E4"/>
  <move id="6" source="C7" target="B7"/>
  <move id="7" source="F3" target="F4"/>
  <move id="8" source="B7" target="B6"/>
  <move id="9" source="F5" target="F6"/>
  <move id="10" source="B6" target="B5"/>
  <move id="11" source="E5" target="E6"/>
  <move id="12" source="E7" target="E6"/>
  <move id="13" source="F4" target="F5"/>
  <move id="14" source="E6" target="E7"/>
  <move id="15" source="F5" target="E5"/>
  <move id="16" source="B5" target="B2"/>
  <move id="17" source="C4" target="C2"/>
  <move id="18" source="B2" target="B4"/>
  <move id="19" source="C2" target="C4"/>
  <move id="20" source="B4" target="B2"/>
  <move id="21" source="C4" target="C2"/>
  <move id="22" source="K9" target="K2"/>
  <move id="23" source="H4" target="H2"/>
  <move id="24" source="K2" target="K3"/>
  <move id="25" source="H2" target="H3"/>
  <move id="26" source="B8" target="B7"/>
  <move id="27" source="E4" target="F4"/>
  <move id="28" source="B7" target="B6"/>
  <move id="29" source="E5" target="E4"/>
  <move id="30" source="B6" target="B5"/>
  <move id="31" source="F6" target="F5"/>
  <move id="32" source="B5" target="B4"/>
  <move id="33" source="F4" target="F3"/>
  <move id="34" source="B4" target="C4"/>
  <move id="35" source="F5" target="F4"/>
  <move id="36" source="C4" target="D4"/>
  <move id="37" source="E4" target="D4"/>
  <move id="38" source="E7" target="E6"/>
  <move id="39" source="F4" target="E4"/>
  <move id="40" source="I8" target="I7"/>
  <move id="41" source="F3" target="F4"/>
  <move id="42" source="I7" target="I6"/>
  <move id="43" source="D4" target="D3"/>
  <move id="44" source="I6" target="I5"/>
  <move id="45" source="D3" target="E3"/>
  <move id="46" source="I5" target="I4"/>
  <move id="47" source="F4" target="F5"/>
  <move id="48" source="I4" target="H4"/>
  <player id="1">Player 1</player>
  <player id="2">Player 2</player>
  <result type="3" winner="2"/>
 </game>
</stratego>