<?xml version="1.0" encoding="UTF-8"?>
<stratego>
 <game type="barrage">
  
  <field content="ADAAAAAAADMABAAAAAAAKACAAAAAAAAEALAAAAAAAA__AA__AAAA__AA__AAAAAAAAAAWXAAAAAAAAQPAAAAAAAAONAAAAAAAAPY"/>
  <move id="1" source="D4" target="E4"/>
  <move id="2" source="K7" target="K6"/>
  <move id="3" source="E4" target="E5"/>
  <move id="4" source="K6" target="K5"/>
  <move id="5" source="E5" target="E6"/>
  <move id="6" source="K5" target="K4"/>
  <move id="7" source="E6" target="E7"/>
  <move id="8" source="K4" target="K3"/>
  <move id="9" source="E7" target="F7"/>
  <move id="10" source="I9" target="H9"/>
  <move id="11" source="F7" target="G7"/>
  <move id="12" source="H9" target="H8"/>
  <move id="13" source="G7" target="G8"/>
  <move id="14" source="H8" target="G8"/>
  <move id="15" source="B4" target="B5"/>
  <move id="16" source="I7" target="H7"/>
  <move id="17" source="B5" target="B6"/>
  <move id="18" source="H7" target="G7"/>
  <move id="19" source="B6" target="B7"/>
  <move id="20" source="G7" target="F7"/>
  <move id="21" source="B7" target="C7"/>
  <move id="22" source="K3" target="I3"/>
  <move id="23" source="C7" target="C8"/>
  <move id="24" source="F7" target="E7"/>
  <move id="25" source="C8" target="D8"/>
  <move id="26" source="I3" target="H3"/>
  <move id="27" source="B1" target="B9"/>
  <move id="28" source="E7" target="E8"/>
  <move id="29" source="B9" target="K9"/>
  <move id="30" source="E8" target="D8"/>
  <move id="31" source="A3" target="A4"/>
  <move id="32" source="D8" target="C8"/>
  <move id="33" source="A4" target="A5"/>
  <move id="34" source="C8" target="B8"/>
  <move id="35" source="A5" target="A6"/>
  <move id="36" source="B8" target="B7"/>
  <move id="37" source="A6" target="A7"/>
  <move id="38" source="B7" target="A7"/>
  <move id="39" source="C3" target="C4"/>
  <move id="40" source="K8" target="K1"/>
  <player id="1">Player 1</player>
  <player id="2">Player 2</player>
  <result type="3" winner="2"/>
 </game>
</stratego>