<?xml version="1.0" encoding="UTF-8"?>
<stratego>
 <game type="barrage">
  
  <field content="DAAAAAAAEMDAAAAAAAABAAAAAAAAAAAAACAAKLAAAA__AA__AAAA__AA__AAAAPAQWAPAAANAYAAXAOAAAAAAAAAAAAAAAAAAAAA"/>
  <move id="1" source="D4" target="C4"/>
  <move id="2" source="E7" target="E6"/>
  <move id="3" source="C4" target="B4"/>
  <move id="4" source="E6" target="E5"/>
  <move id="5" source="B4" target="A4"/>
  <move id="6" source="E5" target="E4"/>
  <move id="7" source="A4" target="A5"/>
  <move id="8" source="E4" target="E3"/>
  <move id="9" source="A5" target="A6"/>
  <move id="10" source="E3" target="F3"/>
  <move id="11" source="A6" target="A7"/>
  <move id="12" source="F3" target="F2"/>
  <move id="13" source="G4" target="F4"/>
  <move id="14" source="F2" target="G2"/>
  <move id="15" source="F4" target="F5"/>
  <move id="16" source="G2" target="G3"/>
  <move id="17" source="F5" target="E5"/>
  <move id="18" source="G3" target="H3"/>
  <move id="19" source="H4" target="H3"/>
  <move id="20" source="F7" target="F6"/>
  <move id="21" source="E5" target="E4"/>
  <move id="22" source="F6" target="F5"/>
  <move id="23" source="E4" target="D4"/>
  <move id="24" source="F5" target="F4"/>
  <move id="25" source="D4" target="C4"/>
  <move id="26" source="F4" target="F3"/>
  <move id="27" source="C4" target="B4"/>
  <move id="28" source="F3" target="F2"/>
  <move id="29" source="B4" target="B5"/>
  <move id="30" source="F2" target="G2"/>
  <move id="31" source="B5" target="B6"/>
  <move id="32" source="G2" target="G1"/>
  <move id="33" source="B6" target="B7"/>
  <move id="34" source="G1" target="H1"/>
  <move id="35" source="B7" target="C7"/>
  <move id="36" source="H1" target="I1"/>
  <move id="37" source="C7" target="D7"/>
  <move id="38" source="I1" target="K1"/>
  <player id="1">Player 1</player>
  <player id="2">Player 2</player>
  <result type="1" winner="2"/>
 </game>
</stratego>