<?xml version="1.0" encoding="UTF-8"?>
<stratego>
 <game type="barrage">
  
  <field content="AAAAAAAAAEAAAAAAADLBAAAAAAAAADAAMAAAKCAAAA__AA__AAAA__AA__AAAPAAAAAAPAAAAAAAAAAANAAAAAAAAXYWAAAAAAOQ"/>
  <move id="1" source="K3" target="I3"/>
  <move id="2" source="B7" target="A7"/>
  <move id="3" source="I3" target="I4"/>
  <move id="4" source="A7" target="A6"/>
  <move id="5" source="I4" target="I5"/>
  <move id="6" source="A6" target="A5"/>
  <move id="7" source="I5" target="I6"/>
  <move id="8" source="I7" target="I8"/>
  <move id="9" source="I6" target="I7"/>
  <move id="10" source="I8" target="I9"/>
  <move id="11" source="I7" target="I8"/>
  <move id="12" source="A5" target="A4"/>
  <move id="13" source="I2" target="I3"/>
  <move id="14" source="A4" target="A3"/>
  <move id="15" source="I3" target="I4"/>
  <move id="16" source="A3" target="B3"/>
  <move id="17" source="I4" target="I5"/>
  <move id="18" source="B3" target="B2"/>
  <move id="19" source="I5" target="I6"/>
  <move id="20" source="B2" target="C2"/>
  <move id="21" source="I6" target="I7"/>
  <move id="22" source="C2" target="D2"/>
  <move id="23" source="I7" target="H7"/>
  <move id="24" source="I9" target="H9"/>
  <move id="25" source="I8" target="I:"/>
  <move id="26" source="K:" target="I:"/>
  <move id="27" source="H7" target="G7"/>
  <move id="28" source="H9" target="I9"/>
  <move id="29" source="G7" target="G8"/>
  <move id="30" source="I9" target="I4"/>
  <move id="31" source="H4" target="H3"/>
  <move id="32" source="D2" target="D3"/>
  <move id="33" source="G8" target="F8"/>
  <move id="34" source="I4" target="I1"/>
  <move id="35" source="F8" target="E8"/>
  <move id="36" source="I1" target="K1"/>
  <move id="37" source="E8" target="D8"/>
  <move id="38" source="D3" target="E3"/>
  <move id="39" source="D8" target="C8"/>
  <move id="40" source="E3" target="E4"/>
  <move id="41" source="C8" target="C9"/>
  <move id="42" source="E4" target="E7"/>
  <move id="43" source="C9" target="B9"/>
  <move id="44" source="B:" target="B9"/>
  <move id="45" source="B9" target="B:"/>
  <move id="46" source="E7" target="K7"/>
  <move id="47" source="B:" target="A:"/>
  <player id="1">Player 1</player>
  <player id="2">Player 2</player>
  <result type="1" winner="1"/>
 </game>
</stratego>