<?xml version="1.0" encoding="UTF-8"?>
<stratego>
 <game type="classic">
  
  <field content="EDBEDBMBEEEIGFBIBIDBKDDCHDLDGDHFHJGFGJHFAA__AA__AAAA__AA__AAPSRUPSRUPSVXPNTSQWNPNTPTRUNOTVYNRPNQQQQP"/>
  <move id="1" source="B4" target="B5"/>
  <move id="2" source="B7" target="B6"/>
  <move id="3" source="C4" target="B4"/>
  <move id="4" source="B8" target="B7"/>
  <move id="5" source="A4" target="A5"/>
  <move id="6" source="A7" target="A5"/>
  <move id="7" source="A3" target="A4"/>
  <move id="8" source="A8" target="A7"/>
  <move id="9" source="B3" target="A3"/>
  <move id="10" source="B6" target="A6"/>
  <move id="11" source="B5" target="B6"/>
  <move id="12" source="B7" target="B6"/>
  <move id="13" source="B4" target="C4"/>
  <move id="14" source="A7" target="A8"/>
  <move id="15" source="A5" target="A6"/>
  <move id="16" source="B6" target="A6"/>
  <move id="17" source="A4" target="B4"/>
  <move id="18" source="C8" target="B8"/>
  <move id="19" source="B4" target="B3"/>
  <move id="20" source="B8" target="B3"/>
  <move id="21" source="C4" target="B4"/>
  <move id="22" source="C9" target="C8"/>
  <move id="23" source="C3" target="C4"/>
  <move id="24" source="C8" target="B8"/>
  <move id="25" source="D3" target="C3"/>
  <move id="26" source="B8" target="B4"/>
  <move id="27" source="E4" target="E5"/>
  <move id="28" source="E7" target="E5"/>
  <move id="29" source="D4" target="E4"/>
  <move id="30" source="K7" target="K6"/>
  <move id="31" source="E5" target="E6"/>
  <move id="32" source="I7" target="I4"/>
  <move id="33" source="E4" target="E5"/>
  <move id="34" source="H7" target="I7"/>
  <move id="35" source="F4" target="F5"/>
  <move id="36" source="G7" target="H7"/>
  <move id="37" source="F5" target="F6"/>
  <move id="38" source="G8" target="G7"/>
  <move id="39" source="G4" target="F4"/>
  <move id="40" source="H8" target="G8"/>
  <move id="41" source="F4" target="F5"/>
  <move id="42" source="H9" target="H8"/>
  <move id="43" source="E6" target="E7"/>
  <move id="44" source="F7" target="E7"/>
  <move id="45" source="E5" target="E6"/>
  <move id="46" source="F8" target="F7"/>
  <move id="47" source="E6" target="E7"/>
  <move id="48" source="F7" target="E7"/>
  <move id="49" source="F6" target="F7"/>
  <move id="50" source="E8" target="F8"/>
  <move id="51" source="E7" target="E8"/>
  <move id="52" source="F8" target="F7"/>
  <move id="53" source="F5" target="F6"/>
  <move id="54" source="F7" target="F8"/>
  <move id="55" source="F6" target="F7"/>
  <move id="56" source="F8" target="F7"/>
  <move id="57" source="G3" target="G4"/>
  <move id="58" source="G8" target="F8"/>
  <move id="59" source="E8" target="E7"/>
  <move id="60" source="F7" target="F6"/>
  <move id="61" source="G4" target="F4"/>
  <move id="62" source="F8" target="F7"/>
  <move id="63" source="E7" target="E6"/>
  <move id="64" source="K6" target="K5"/>
  <move id="65" source="F4" target="F5"/>
  <move id="66" source="H8" target="G8"/>
  <move id="67" source="E6" target="F6"/>
  <move id="68" source="E9" target="E8"/>
  <move id="69" source="F6" target="E6"/>
  <move id="70" source="E8" target="E7"/>
  <move id="71" source="E6" target="E5"/>
  <move id="72" source="K5" target="K4"/>
  <move id="73" source="I4" target="K4"/>
  <move id="74" source="F7" target="F8"/>
  <move id="75" source="F5" target="F6"/>
  <move id="76" source="F8" target="E8"/>
  <move id="77" source="F6" target="E6"/>
  <move id="78" source="E7" target="E6"/>
  <move id="79" source="F3" target="F7"/>
  <move id="80" source="G7" target="F7"/>
  <move id="81" source="E6" target="E7"/>
  <move id="82" source="G8" target="F8"/>
  <move id="83" source="E3" target="F3"/>
  <move id="84" source="F7" target="G7"/>
  <move id="85" source="F3" target="F4"/>
  <move id="86" source="A8" target="A7"/>
  <move id="87" source="F4" target="F5"/>
  <move id="88" source="A7" target="B7"/>
  <move id="89" source="F5" target="F6"/>
  <move id="90" source="E8" target="E9"/>
  <move id="91" source="F6" target="F7"/>
  <move id="92" source="F8" target="G8"/>
  <move id="93" source="F7" target="F8"/>
  <move id="94" source="F9" target="F8"/>
  <move id="95" source="E7" target="E8"/>
  <move id="96" source="E9" target="F9"/>
  <move id="97" source="E8" target="E9"/>
  <move id="98" source="D7" target="E7"/>
  <move id="99" source="E9" target="F9"/>
  <move id="100" source="E7" target="E6"/>
  <move id="101" source="E5" target="E6"/>
  <move id="102" source="B7" target="B6"/>
  <move id="103" source="C4" target="F4"/>
  <move id="104" source="B6" target="B5"/>
  <move id="105" source="C3" target="C4"/>
  <move id="106" source="B5" target="B4"/>
  <move id="107" source="B3" target="B4"/>
  <move id="108" source="A6" target="B6"/>
  <move id="109" source="E6" target="E7"/>
  <move id="110" source="B6" target="B5"/>
  <move id="111" source="B4" target="B3"/>
  <move id="112" source="B5" target="B4"/>
  <move id="113" source="C4" target="B4"/>
  <player id="1">Player 1</player>
  <player id="2">Player 2</player>
  <result type="3" winner="1"/>
 </game>
</stratego>