<?xml version="1.0" encoding="UTF-8"?>
<stratego>
 <game type="classic">
  
  <field content="DEEEBMHBEDDIEGDBIFBDDJKDIHCBHFFHGLGDJBFGAA__AA__AAAA__AA__AARSUXSPSPRTVTRQPVTWPRPQNONPQQPQUNSNPTNUNY"/>
  <move id="1" source="F4" target="F7"/>
  <move id="2" source="E7" target="E6"/>
  <move id="3" source="E4" target="F4"/>
  <move id="4" source="E6" target="F6"/>
  <move id="5" source="E3" target="E4"/>
  <move id="6" source="I7" target="I6"/>
  <move id="7" source="D3" target="E3"/>
  <move id="8" source="A7" target="A6"/>
  <move id="9" source="B4" target="B5"/>
  <move id="10" source="B7" target="A7"/>
  <move id="11" source="C4" target="B4"/>
  <move id="12" source="C7" target="B7"/>
  <move id="13" source="B5" target="A5"/>
  <move id="14" source="B7" target="B6"/>
  <move id="15" source="B4" target="B5"/>
  <move id="16" source="F8" target="F7"/>
  <move id="17" source="B3" target="B4"/>
  <move id="18" source="B8" target="B7"/>
  <move id="19" source="K4" target="K5"/>
  <move id="20" source="C8" target="B8"/>
  <move id="21" source="I4" target="I5"/>
  <move id="22" source="I6" target="K6"/>
  <move id="23" source="K5" target="K6"/>
  <move id="24" source="K7" target="K6"/>
  <move id="25" source="I5" target="I4"/>
  <move id="26" source="H7" target="I7"/>
  <move id="27" source="K3" target="K4"/>
  <move id="28" source="I7" target="I4"/>
  <move id="29" source="K4" target="K5"/>
  <move id="30" source="K6" target="I6"/>
  <move id="31" source="K5" target="K6"/>
  <move id="32" source="I6" target="I7"/>
  <move id="33" source="K6" target="K7"/>
  <move id="34" source="I7" target="H7"/>
  <move id="35" source="K7" target="K8"/>
  <move id="36" source="H7" target="I7"/>
  <move id="37" source="I4" target="K4"/>
  <move id="38" source="I7" target="K7"/>
  <move id="39" source="I3" target="I4"/>
  <move id="40" source="I8" target="I4"/>
  <move id="41" source="K2" target="K3"/>
  <move id="42" source="G7" target="H7"/>
  <move id="43" source="E4" target="E5"/>
  <move id="44" source="H7" target="I7"/>
  <move id="45" source="F4" target="F5"/>
  <move id="46" source="I7" target="I6"/>
  <move id="47" source="E5" target="E6"/>
  <move id="48" source="I6" target="I5"/>
  <move id="49" source="D4" target="E4"/>
  <move id="50" source="I5" target="K5"/>
  <move id="51" source="E4" target="E5"/>
  <move id="52" source="E8" target="E7"/>
  <move id="53" source="E6" target="F6"/>
  <move id="54" source="F7" target="F8"/>
  <move id="55" source="E5" target="E4"/>
  <move id="56" source="G8" target="G7"/>
  <move id="57" source="F5" target="E5"/>
  <move id="58" source="E7" target="F7"/>
  <move id="59" source="F6" target="F5"/>
  <move id="60" source="A6" target="A5"/>
  <move id="61" source="B5" target="B6"/>
  <move id="62" source="A7" target="A6"/>
  <move id="63" source="B4" target="B5"/>
  <move id="64" source="A6" target="A5"/>
  <move id="65" source="A4" target="B4"/>
  <move id="66" source="B6" target="A6"/>
  <move id="67" source="A5" target="A4"/>
  <move id="68" source="A6" target="A5"/>
  <move id="69" source="B5" target="A5"/>
  <move id="70" source="B7" target="A7"/>
  <move id="71" source="A5" target="B5"/>
  <move id="72" source="A7" target="B7"/>
  <move id="73" source="B4" target="B3"/>
  <move id="74" source="B7" target="B6"/>
  <move id="75" source="B5" target="B4"/>
  <move id="76" source="B6" target="B5"/>
  <move id="77" source="B4" target="C4"/>
  <move id="78" source="B5" target="B4"/>
  <move id="79" source="A4" target="B4"/>
  <move id="80" source="K5" target="K6"/>
  <move id="81" source="E4" target="D4"/>
  <move id="82" source="K6" target="I6"/>
  <move id="83" source="F5" target="F4"/>
  <move id="84" source="K7" target="K6"/>
  <move id="85" source="E3" target="E4"/>
  <move id="86" source="H8" target="H7"/>
  <move id="87" source="E5" target="F5"/>
  <move id="88" source="H7" target="I7"/>
  <move id="89" source="E4" target="E5"/>
  <move id="90" source="F7" target="E7"/>
  <move id="91" source="F4" target="E4"/>
  <move id="92" source="G7" target="F7"/>
  <move id="93" source="B3" target="B4"/>
  <move id="94" source="D8" target="E8"/>
  <move id="95" source="B4" target="B5"/>
  <move id="96" source="D7" target="C7"/>
  <move id="97" source="A3" target="A4"/>
  <move id="98" source="B8" target="B7"/>
  <move id="99" source="B2" target="B3"/>
  <move id="100" source="A8" target="A7"/>
  <move id="101" source="B3" target="A3"/>
  <move id="102" source="E7" target="E6"/>
  <move id="103" source="F3" target="F4"/>
  <move id="104" source="E8" target="E7"/>
  <move id="105" source="G3" target="F3"/>
  <move id="106" source="F7" target="F6"/>
  <move id="107" source="C3" target="B3"/>
  <move id="108" source="F8" target="F7"/>
  <move id="109" source="B3" target="B4"/>
  <move id="110" source="A7" target="A6"/>
  <move id="111" source="B5" target="B6"/>
  <move id="112" source="A6" target="A7"/>
  <move id="113" source="A4" target="A5"/>
  <move id="114" source="I6" target="I5"/>
  <move id="115" source="B6" target="A6"/>
  <move id="116" source="A7" target="A8"/>
  <move id="117" source="B4" target="B5"/>
  <move id="118" source="A8" target="B8"/>
  <move id="119" source="B5" target="B6"/>
  <move id="120" source="K6" target="K5"/>
  <move id="121" source="A2" target="B2"/>
  <move id="122" source="I7" target="I6"/>
  <move id="123" source="F5" target="F6"/>
  <move id="124" source="I6" target="K6"/>
  <move id="125" source="F4" target="F5"/>
  <move id="126" source="K5" target="K4"/>
  <move id="127" source="I4" target="K4"/>
  <move id="128" source="I5" target="I4"/>
  <move id="129" source="K3" target="I3"/>
  <move id="130" source="I4" target="K4"/>
  <move id="131" source="I3" target="K3"/>
  <move id="132" source="K6" target="K5"/>
  <move id="133" source="A6" target="A7"/>
  <move id="134" source="E6" target="E5"/>
  <move id="135" source="F5" target="E5"/>
  <move id="136" source="F6" target="E6"/>
  <move id="137" source="E4" target="F4"/>
  <move id="138" source="F7" target="G7"/>
  <move id="139" source="F4" target="F5"/>
  <move id="140" source="F9" target="F5"/>
  <move id="141" source="E5" target="E4"/>
  <move id="142" source="K4" target="K3"/>
  <move id="143" source="K1" target="K2"/>
  <move id="144" source="K5" target="K4"/>
  <move id="145" source="E4" target="F4"/>
  <move id="146" source="K3" target="I3"/>
  <move id="147" source="K2" target="K3"/>
  <move id="148" source="K4" target="K3"/>
  <move id="149" source="F5" target="F6"/>
  <move id="150" source="K3" target="K2"/>
  <move id="151" source="D4" target="E4"/>
  <move id="152" source="I3" target="I2"/>
  <move id="153" source="E4" target="E5"/>
  <move id="154" source="G7" target="F7"/>
  <move id="155" source="F6" target="E6"/>
  <move id="156" source="K2" target="K1"/>
  <move id="157" source="F4" target="F5"/>
  <move id="158" source="K1" target="I1"/>
  <move id="159" source="F5" target="F6"/>
  <move id="160" source="I1" target="H1"/>
  <move id="161" source="F6" target="F7"/>
  <move id="162" source="E7" target="E8"/>
  <move id="163" source="E5" target="F5"/>
  <move id="164" source="F7" target="E7"/>
  <move id="165" source="E6" target="E5"/>
  <move id="166" source="E7" target="E6"/>
  <move id="167" source="E5" target="E4"/>
  <move id="168" source="E6" target="E7"/>
  <move id="169" source="E4" target="E3"/>
  <move id="170" source="E7" target="D7"/>
  <move id="171" source="E3" target="D3"/>
  <move id="172" source="D7" target="D8"/>
  <move id="173" source="E2" target="E8"/>
  <move id="174" source="E8" target="F8"/>
  <move id="175" source="F5" target="F6"/>
  <move id="176" source="F8" target="G8"/>
  <move id="177" source="F6" target="F7"/>
  <move id="178" source="G8" target="H8"/>
  <move id="179" source="F7" target="E7"/>
  <move id="180" source="H8" target="I8"/>
  <move id="181" source="G4" target="F4"/>
  <move id="182" source="I8" target="I7"/>
  <move id="183" source="F4" target="F5"/>
  <move id="184" source="A9" target="A7"/>
  <move id="185" source="A7" target="B7"/>
  <move id="186" source="B8" target="A8"/>
  <move id="187" source="D3" target="D4"/>
  <move id="188" source="I7" target="I6"/>
  <move id="189" source="F3" target="E3"/>
  <move id="190" source="I6" target="I5"/>
  <move id="191" source="E3" target="D3"/>
  <move id="192" source="K9" target="K8"/>
  <move id="193" source="D2" target="E2"/>
  <move id="194" source="K8" target="K7"/>
  <move id="195" source="E2" target="E3"/>
  <move id="196" source="K7" target="K6"/>
  <move id="197" source="E3" target="F3"/>
  <move id="198" source="K6" target="K5"/>
  <move id="199" source="F3" target="G3"/>
  <move id="200" source="K5" target="K4"/>
  <move id="201" source="G3" target="G4"/>
  <move id="202" source="K4" target="K3"/>
  <move id="203" source="F5" target="F6"/>
  <move id="204" source="I5" target="I4"/>
  <move id="205" source="F6" target="E6"/>
  <move id="206" source="I4" target="I3"/>
  <move id="207" source="E7" target="D7"/>
  <move id="208" source="C7" target="D7"/>
  <move id="209" source="E6" target="E7"/>
  <move id="210" source="D8" target="C8"/>
  <move id="211" source="E7" target="D7"/>
  <move id="212" source="C8" target="B8"/>
  <move id="213" source="D7" target="D8"/>
  <move id="214" source="B8" target="B7"/>
  <move id="215" source="B6" target="B7"/>
  <player id="1">Player 1</player>
  <player id="2">Player 2</player>
  <result type="3" winner="1"/>
 </game>
</stratego>