<?xml version="1.0" encoding="UTF-8"?>
<stratego>
 <game type="classic">
  
  <field content="DGBBGMBBEDDJEELHEKDDIGHCJBIEIGFDDHFBFHFDAA__AA__AAAA__AA__AAPTPUSTPOVPPTUSNNTUXVPNRNSSNNWQPQQRRYRQQP"/>
  <move id="1" source="A4" target="A5"/>
  <move id="2" source="K7" target="K4"/>
  <move id="3" source="A5" target="A6"/>
  <move id="4" source="I7" target="I6"/>
  <move id="5" source="A6" target="A7"/>
  <move id="6" source="B7" target="A7"/>
  <move id="7" source="B4" target="B8"/>
  <move id="8" source="I6" target="I5"/>
  <move id="9" source="A3" target="A4"/>
  <move id="10" source="I5" target="I4"/>
  <move id="11" source="A4" target="A5"/>
  <move id="12" source="I4" target="H4"/>
  <move id="13" source="A5" target="A6"/>
  <move id="14" source="H4" target="H3"/>
  <move id="15" source="H2" target="H3"/>
  <move id="16" source="I8" target="I7"/>
  <move id="17" source="I2" target="H2"/>
  <move id="18" source="I7" target="I6"/>
  <move id="19" source="I3" target="I2"/>
  <move id="20" source="I6" target="I5"/>
  <move id="21" source="A6" target="A7"/>
  <move id="22" source="I5" target="I4"/>
  <move id="23" source="C4" target="B4"/>
  <move id="24" source="I4" target="I3"/>
  <move id="25" source="H3" target="H4"/>
  <move id="26" source="I3" target="I4"/>
  <move id="27" source="H4" target="H3"/>
  <move id="28" source="I4" target="I3"/>
  <move id="29" source="H3" target="H4"/>
  <move id="30" source="I3" target="I4"/>
  <move id="31" source="H4" target="H3"/>
  <move id="32" source="I4" target="I3"/>
  <move id="33" source="H3" target="H4"/>
  <move id="34" source="I3" target="H3"/>
  <move id="35" source="H4" target="I4"/>
  <move id="36" source="H3" target="H2"/>
  <move id="37" source="I4" target="K4"/>
  <move id="38" source="H2" target="G2"/>
  <move id="39" source="K4" target="K5"/>
  <move id="40" source="G2" target="G1"/>
  <move id="41" source="B4" target="B5"/>
  <move id="42" source="I9" target="I8"/>
  <move id="43" source="B5" target="B6"/>
  <move id="44" source="F7" target="F6"/>
  <move id="45" source="B6" target="B7"/>
  <move id="46" source="F6" target="F5"/>
  <move id="47" source="B7" target="C7"/>
  <move id="48" source="F5" target="F4"/>
  <move id="49" source="A7" target="B7"/>
  <move id="50" source="E7" target="E6"/>
  <move id="51" source="A2" target="A8"/>
  <move id="52" source="E6" target="E5"/>
  <move id="53" source="B7" target="B8"/>
  <move id="54" source="E5" target="E4"/>
  <move id="55" source="D4" target="E4"/>
  <move id="56" source="D7" target="E7"/>
  <move id="57" source="A1" target="A9"/>
  <move id="58" source="E7" target="E6"/>
  <move id="59" source="E4" target="D4"/>
  <move id="60" source="E6" target="E5"/>
  <move id="61" source="E3" target="E4"/>
  <move id="62" source="E5" target="E4"/>
  <move id="63" source="B3" target="B4"/>
  <move id="64" source="C8" target="B8"/>
  <move id="65" source="B4" target="B5"/>
  <move id="66" source="I8" target="I7"/>
  <move id="67" source="B5" target="B6"/>
  <move id="68" source="I7" target="I6"/>
  <move id="69" source="B6" target="B7"/>
  <move id="70" source="I6" target="I5"/>
  <move id="71" source="K5" target="I5"/>
  <move id="72" source="K8" target="K7"/>
  <move id="73" source="E4" target="E5"/>
  <move id="74" source="K7" target="K6"/>
  <move id="75" source="E5" target="E6"/>
  <move id="76" source="K6" target="I6"/>
  <move id="77" source="I2" target="H2"/>
  <move id="78" source="I6" target="I5"/>
  <move id="79" source="E6" target="E7"/>
  <move id="80" source="I5" target="I4"/>
  <move id="81" source="E7" target="F7"/>
  <move id="82" source="I4" target="H4"/>
  <move id="83" source="H2" target="I2"/>
  <move id="84" source="H4" target="H3"/>
  <move id="85" source="B7" target="C7"/>
  <move id="86" source="H3" target="G3"/>
  <move id="87" source="C7" target="D7"/>
  <move id="88" source="G3" target="F3"/>
  <move id="89" source="D7" target="E7"/>
  <move id="90" source="H8" target="I8"/>
  <move id="91" source="E7" target="E8"/>
  <move id="92" source="I8" target="I7"/>
  <move id="93" source="F7" target="E7"/>
  <move id="94" source="I7" target="I6"/>
  <move id="95" source="D3" target="E3"/>
  <move id="96" source="I6" target="I5"/>
  <move id="97" source="E3" target="E4"/>
  <move id="98" source="I5" target="I4"/>
  <move id="99" source="E4" target="E5"/>
  <move id="100" source="I4" target="H4"/>
  <move id="101" source="E5" target="E6"/>
  <move id="102" source="H4" target="H3"/>
  <move id="103" source="E6" target="F6"/>
  <move id="104" source="H3" target="G3"/>
  <move id="105" source="I2" target="H2"/>
  <move id="106" source="G3" target="G2"/>
  <move id="107" source="H2" target="G2"/>
  <move id="108" source="G8" target="H8"/>
  <move id="109" source="F6" target="F7"/>
  <move id="110" source="H8" target="I8"/>
  <move id="111" source="F7" target="F8"/>
  <move id="112" source="I8" target="I7"/>
  <move id="113" source="K2" target="I2"/>
  <move id="114" source="I7" target="I6"/>
  <move id="115" source="I2" target="I6"/>
  <move id="116" source="I6" target="I5"/>
  <move id="117" source="G4" target="H4"/>
  <move id="118" source="I5" target="I4"/>
  <move id="119" source="H4" target="H3"/>
  <move id="120" source="I4" target="H4"/>
  <move id="121" source="H3" target="I3"/>
  <move id="122" source="H4" target="H3"/>
  <move id="123" source="I3" target="I4"/>
  <move id="124" source="H3" target="G3"/>
  <move id="125" source="I4" target="I5"/>
  <move id="126" source="G3" target="G2"/>
  <move id="127" source="I5" target="I6"/>
  <move id="128" source="G2" target="F2"/>
  <move id="129" source="I6" target="I7"/>
  <move id="130" source="H7" target="I7"/>
  <move id="131" source="I7" target="H7"/>
  <move id="132" source="D8" target="C8"/>
  <move id="133" source="H7" target="G7"/>
  <move id="134" source="C8" target="C7"/>
  <move id="135" source="E7" target="F7"/>
  <move id="136" source="C7" target="B7"/>
  <move id="137" source="G7" target="G8"/>
  <move id="138" source="B7" target="B6"/>
  <move id="139" source="F7" target="G7"/>
  <move id="140" source="B6" target="B5"/>
  <move id="141" source="G8" target="G9"/>
  <move id="142" source="B5" target="B4"/>
  <move id="143" source="G7" target="G8"/>
  <move id="144" source="B4" target="B3"/>
  <move id="145" source="G8" target="H8"/>
  <move id="146" source="B3" target="B2"/>
  <move id="147" source="K1" target="K2"/>
  <move id="148" source="K9" target="K8"/>
  <move id="149" source="K2" target="I2"/>
  <move id="150" source="K8" target="K7"/>
  <move id="151" source="I2" target="I:"/>
  <move id="152" source="K7" target="K6"/>
  <move id="153" source="H8" target="I8"/>
  <move id="154" source="K6" target="K5"/>
  <move id="155" source="I8" target="I9"/>
  <move id="156" source="K5" target="I5"/>
  <move id="157" source="I9" target="I:"/>
  <move id="158" source="I5" target="I4"/>
  <move id="159" source="D2" target="D3"/>
  <move id="160" source="I4" target="H4"/>
  <move id="161" source="K3" target="I3"/>
  <move id="162" source="H4" target="G4"/>
  <move id="163" source="I3" target="H3"/>
  <move id="164" source="G4" target="F4"/>
  <move id="165" source="D3" target="E3"/>
  <move id="166" source="F4" target="F3"/>
  <move id="167" source="E3" target="E4"/>
  <move id="168" source="F3" target="F2"/>
  <move id="169" source="E2" target="F2"/>
  <player id="1">Player 1</player>
  <player id="2">Player 2</player>
  <result type="3" winner="1"/>
 </game>
</stratego>