<?xml version="1.0" encoding="UTF-8"?>
<stratego>
 <game type="classic">
  
  <field content="EDBHEIMEGEBFGEFDHJHDDBBCGDDHBFGDJKIDLIFBAA__AA__AAAA__AA__AAPPVSPPUTNNPXQTUSTNRRPWUSSQTRNNVOQQPPQNRY"/>
  <move id="1" source="F4" target="F5"/>
  <move id="2" source="E7" target="E4"/>
  <move id="3" source="F5" target="E5"/>
  <move id="4" source="F7" target="F3"/>
  <move id="5" source="E5" target="E8"/>
  <move id="6" source="D7" target="E7"/>
  <move id="7" source="E3" target="F3"/>
  <move id="8" source="E7" target="E6"/>
  <move id="9" source="F3" target="F4"/>
  <move id="10" source="E6" target="E5"/>
  <move id="11" source="E4" target="E3"/>
  <move id="12" source="E5" target="F5"/>
  <move id="13" source="E3" target="F3"/>
  <move id="14" source="C7" target="D7"/>
  <move id="15" source="E2" target="E3"/>
  <move id="16" source="D7" target="E7"/>
  <move id="17" source="E3" target="E4"/>
  <move id="18" source="E7" target="E6"/>
  <move id="19" source="F4" target="F5"/>
  <move id="20" source="E6" target="E5"/>
  <move id="21" source="F3" target="E3"/>
  <move id="22" source="B7" target="B4"/>
  <move id="23" source="G3" target="F3"/>
  <move id="24" source="B8" target="B7"/>
  <move id="25" source="F3" target="F8"/>
  <move id="26" source="B7" target="C7"/>
  <move id="27" source="F2" target="F3"/>
  <move id="28" source="C7" target="D7"/>
  <move id="29" source="F3" target="F4"/>
  <move id="30" source="D7" target="E7"/>
  <move id="31" source="F4" target="F5"/>
  <move id="32" source="E5" target="E6"/>
  <move id="33" source="G2" target="F2"/>
  <move id="34" source="G7" target="F7"/>
  <move id="35" source="E4" target="E5"/>
  <move id="36" source="F7" target="F6"/>
  <move id="37" source="E5" target="E6"/>
  <move id="38" source="F8" target="F7"/>
  <move id="39" source="F5" target="F4"/>
  <move id="40" source="A7" target="A4"/>
  <move id="41" source="F2" target="F3"/>
  <move id="42" source="B9" target="B8"/>
  <move id="43" source="F4" target="E4"/>
  <move id="44" source="D8" target="D7"/>
  <move id="45" source="F3" target="F4"/>
  <move id="46" source="D7" target="C7"/>
  <move id="47" source="F4" target="F5"/>
  <move id="48" source="C7" target="B7"/>
  <move id="49" source="E4" target="F4"/>
  <move id="50" source="B7" target="B6"/>
  <move id="51" source="F4" target="F3"/>
  <move id="52" source="B6" target="B5"/>
  <move id="53" source="A4" target="B4"/>
  <move id="54" source="B5" target="B4"/>
  <move id="55" source="C4" target="B4"/>
  <move id="56" source="A8" target="A3"/>
  <move id="57" source="D4" target="E4"/>
  <move id="58" source="A9" target="A2"/>
  <move id="59" source="E3" target="E2"/>
  <move id="60" source="B8" target="B7"/>
  <move id="61" source="E4" target="E3"/>
  <move id="62" source="B7" target="B6"/>
  <move id="63" source="G4" target="F4"/>
  <move id="64" source="B6" target="B5"/>
  <move id="65" source="B4" target="C4"/>
  <move id="66" source="B5" target="B4"/>
  <move id="67" source="C4" target="D4"/>
  <move id="68" source="B4" target="C4"/>
  <move id="69" source="F4" target="E4"/>
  <move id="70" source="F6" target="F5"/>
  <move id="71" source="F3" target="G3"/>
  <move id="72" source="E6" target="F6"/>
  <move id="73" source="E4" target="F4"/>
  <move id="74" source="F5" target="E5"/>
  <move id="75" source="F4" target="F5"/>
  <move id="76" source="E7" target="E6"/>
  <move id="77" source="D4" target="E4"/>
  <move id="78" source="C4" target="D4"/>
  <move id="79" source="E4" target="E5"/>
  <move id="80" source="E6" target="E5"/>
  <move id="81" source="F5" target="F6"/>
  <move id="82" source="E8" target="E7"/>
  <move id="83" source="F6" target="F7"/>
  <move id="84" source="E7" target="E6"/>
  <move id="85" source="F7" target="F6"/>
  <move id="86" source="E6" target="E7"/>
  <move id="87" source="F6" target="E6"/>
  <move id="88" source="E5" target="E4"/>
  <move id="89" source="E6" target="E7"/>
  <move id="90" source="B:" target="B9"/>
  <move id="91" source="E7" target="E6"/>
  <move id="92" source="B9" target="B8"/>
  <move id="93" source="E6" target="E5"/>
  <move id="94" source="E4" target="F4"/>
  <move id="95" source="E5" target="E4"/>
  <move id="96" source="D4" target="D3"/>
  <move id="97" source="E4" target="F4"/>
  <move id="98" source="D3" target="E3"/>
  <move id="99" source="D2" target="D3"/>
  <move id="100" source="B8" target="B7"/>
  <move id="101" source="D3" target="D4"/>
  <move id="102" source="B7" target="B6"/>
  <move id="103" source="D4" target="C4"/>
  <move id="104" source="B6" target="B5"/>
  <move id="105" source="G3" target="G4"/>
  <move id="106" source="B5" target="B4"/>
  <move id="107" source="H2" target="G2"/>
  <move id="108" source="B4" target="B3"/>
  <move id="109" source="G2" target="G3"/>
  <move id="110" source="A:" target="A9"/>
  <player id="1">Player 1</player>
  <player id="2">Player 2</player>
  <result type="3" winner="1"/>
 </game>
</stratego>