<?xml version="1.0" encoding="UTF-8"?>
<stratego>
 <game type="classic">
  
  <field content="MBDDGFDCFEBFJEBEHKHJEIGLIGEIBDHBFHDBDGDDAA__AA__AAAA__AA__AANNTPSPRUSPRRPVPSWXPNPTQNSOTPTRQQNYNUVUQQ"/>
  <move id="1" source="E4" target="E7"/>
  <move id="2" source="F7" target="F4"/>
  <move id="3" source="I4" target="I7"/>
  <move id="4" source="K7" target="K4"/>
  <move id="5" source="K3" target="K8"/>
  <move id="6" source="E7" target="F7"/>
  <move id="7" source="K2" target="K3"/>
  <move id="8" source="E8" target="E3"/>
  <move id="9" source="K3" target="K4"/>
  <move id="10" source="I7" target="K7"/>
  <move id="11" source="K4" target="K5"/>
  <move id="12" source="I8" target="I3"/>
  <move id="13" source="K1" target="K2"/>
  <move id="14" source="H7" target="I7"/>
  <move id="15" source="K2" target="K3"/>
  <move id="16" source="F7" target="F6"/>
  <move id="17" source="K3" target="K4"/>
  <move id="18" source="D7" target="E7"/>
  <move id="19" source="K5" target="K6"/>
  <move id="20" source="E7" target="E6"/>
  <move id="21" source="K4" target="K5"/>
  <move id="22" source="F6" target="F5"/>
  <move id="23" source="K6" target="K7"/>
  <move id="24" source="H8" target="I8"/>
  <move id="25" source="K7" target="I7"/>
  <move id="26" source="I8" target="I7"/>
  <move id="27" source="E3" target="E4"/>
  <move id="28" source="D8" target="D7"/>
  <move id="29" source="D3" target="E3"/>
  <move id="30" source="F5" target="F6"/>
  <move id="31" source="E4" target="E5"/>
  <move id="32" source="D7" target="E7"/>
  <move id="33" source="E3" target="E4"/>
  <move id="34" source="F8" target="E8"/>
  <move id="35" source="E5" target="F5"/>
  <move id="36" source="F6" target="F7"/>
  <move id="37" source="E4" target="E5"/>
  <move id="38" source="E8" target="D8"/>
  <move id="39" source="E5" target="E6"/>
  <move id="40" source="E7" target="E8"/>
  <move id="41" source="E6" target="E7"/>
  <move id="42" source="F9" target="F8"/>
  <move id="43" source="F5" target="F6"/>
  <move id="44" source="I7" target="H7"/>
  <move id="45" source="F6" target="F7"/>
  <move id="46" source="G7" target="F7"/>
  <move id="47" source="F7" target="F8"/>
  <move id="48" source="G8" target="F8"/>
  <move id="49" source="E7" target="F7"/>
  <move id="50" source="F8" target="G8"/>
  <move id="51" source="F7" target="F8"/>
  <move id="52" source="G8" target="H8"/>
  <move id="53" source="F8" target="G8"/>
  <move id="54" source="H8" target="I8"/>
  <move id="55" source="I2" target="K2"/>
  <move id="56" source="H7" target="G7"/>
  <move id="57" source="G8" target="H8"/>
  <move id="58" source="I8" target="I7"/>
  <move id="59" source="H8" target="I8"/>
  <move id="60" source="I7" target="H7"/>
  <move id="61" source="I8" target="I7"/>
  <move id="62" source="H7" target="H8"/>
  <move id="63" source="K5" target="I5"/>
  <move id="64" source="H8" target="G8"/>
  <move id="65" source="I7" target="I6"/>
  <move id="66" source="G7" target="H7"/>
  <move id="67" source="I6" target="K6"/>
  <move id="68" source="G8" target="F8"/>
  <move id="69" source="K6" target="I6"/>
  <move id="70" source="H7" target="I7"/>
  <move id="71" source="I6" target="K6"/>
  <move id="72" source="H9" target="H8"/>
  <move id="73" source="K2" target="K3"/>
  <move id="74" source="H8" target="I8"/>
  <move id="75" source="K3" target="K4"/>
  <move id="76" source="I7" target="K7"/>
  <move id="77" source="K6" target="K5"/>
  <move id="78" source="K7" target="K6"/>
  <move id="79" source="K5" target="K6"/>
  <move id="80" source="F8" target="G8"/>
  <move id="81" source="H2" target="I2"/>
  <move id="82" source="I8" target="I5"/>
  <move id="83" source="I5" target="K5"/>
  <move id="84" source="E8" target="F8"/>
  <move id="85" source="K5" target="K6"/>
  <move id="86" source="I9" target="I8"/>
  <move id="87" source="K6" target="K7"/>
  <move id="88" source="G8" target="G7"/>
  <move id="89" source="K7" target="K8"/>
  <move id="90" source="K9" target="K8"/>
  <move id="91" source="K4" target="I4"/>
  <move id="92" source="D8" target="D7"/>
  <move id="93" source="I2" target="K2"/>
  <move id="94" source="C8" target="D8"/>
  <move id="95" source="K2" target="K3"/>
  <move id="96" source="D8" target="E8"/>
  <move id="97" source="K3" target="K4"/>
  <move id="98" source="G7" target="H7"/>
  <move id="99" source="K4" target="K5"/>
  <move id="100" source="H7" target="I7"/>
  <move id="101" source="K5" target="K6"/>
  <move id="102" source="I8" target="H8"/>
  <move id="103" source="K6" target="K7"/>
  <move id="104" source="I7" target="K7"/>
  <move id="105" source="D4" target="E4"/>
  <move id="106" source="F8" target="F7"/>
  <move id="107" source="E4" target="E5"/>
  <move id="108" source="G9" target="G8"/>
  <move id="109" source="E5" target="E6"/>
  <move id="110" source="G:" target="G9"/>
  <move id="111" source="E6" target="E7"/>
  <move id="112" source="F7" target="E7"/>
  <move id="113" source="C4" target="D4"/>
  <move id="114" source="G9" target="H9"/>
  <move id="115" source="D4" target="E4"/>
  <move id="116" source="H9" target="I9"/>
  <move id="117" source="E4" target="E5"/>
  <move id="118" source="F:" target="F9"/>
  <move id="119" source="E5" target="E6"/>
  <move id="120" source="F9" target="F8"/>
  <move id="121" source="A4" target="A5"/>
  <move id="122" source="E7" target="E6"/>
  <move id="123" source="A5" target="B5"/>
  <move id="124" source="I9" target="I8"/>
  <move id="125" source="B5" target="B6"/>
  <move id="126" source="I8" target="I7"/>
  <move id="127" source="B6" target="B7"/>
  <move id="128" source="I7" target="I6"/>
  <move id="129" source="D2" target="D3"/>
  <move id="130" source="E6" target="E5"/>
  <move id="131" source="A3" target="A4"/>
  <move id="132" source="E5" target="E4"/>
  <move id="133" source="A4" target="A5"/>
  <move id="134" source="F8" target="F7"/>
  <move id="135" source="A5" target="B5"/>
  <move id="136" source="H:" target="H9"/>
  <move id="137" source="B5" target="B6"/>
  <move id="138" source="E8" target="F8"/>
  <move id="139" source="B6" target="B7"/>
  <move id="140" source="B8" target="B7"/>
  <move id="141" source="B3" target="A3"/>
  <move id="142" source="F7" target="E7"/>
  <move id="143" source="C3" target="C4"/>
  <move id="144" source="D7" target="D8"/>
  <move id="145" source="F3" target="E3"/>
  <move id="146" source="E4" target="E3"/>
  <move id="147" source="D3" target="C3"/>
  <move id="148" source="E3" target="D3"/>
  <move id="149" source="C3" target="B3"/>
  <move id="150" source="D3" target="C3"/>
  <move id="151" source="C2" target="C3"/>
  <move id="152" source="C7" target="C8"/>
  <move id="153" source="D1" target="D4"/>
  <move id="154" source="I6" target="I7"/>
  <move id="155" source="C1" target="C2"/>
  <move id="156" source="H9" target="I9"/>
  <move id="157" source="I4" target="I5"/>
  <move id="158" source="I9" target="I8"/>
  <move id="159" source="I5" target="I6"/>
  <move id="160" source="I7" target="I6"/>
  <move id="161" source="H4" target="I4"/>
  <move id="162" source="I6" target="I7"/>
  <move id="163" source="G4" target="H4"/>
  <move id="164" source="I7" target="H7"/>
  <move id="165" source="I4" target="K4"/>
  <move id="166" source="E7" target="D7"/>
  <move id="167" source="H4" target="I4"/>
  <move id="168" source="I8" target="I7"/>
  <move id="169" source="I4" target="I6"/>
  <move id="170" source="I7" target="I6"/>
  <move id="171" source="H3" target="H4"/>
  <move id="172" source="I6" target="I5"/>
  <move id="173" source="H4" target="I4"/>
  <move id="174" source="I5" target="I4"/>
  <move id="175" source="D4" target="E4"/>
  <move id="176" source="F8" target="E8"/>
  <move id="177" source="G3" target="G4"/>
  <move id="178" source="E8" target="E4"/>
  <move id="179" source="G4" target="H4"/>
  <move id="180" source="B7" target="B6"/>
  <move id="181" source="H4" target="I4"/>
  <move id="182" source="G8" target="G9"/>
  <move id="183" source="I4" target="I5"/>
  <move id="184" source="H8" target="G8"/>
  <move id="185" source="I5" target="I6"/>
  <move id="186" source="H7" target="I7"/>
  <move id="187" source="I6" target="K6"/>
  <move id="188" source="K8" target="I8"/>
  <move id="189" source="K6" target="K7"/>
  <move id="190" source="I7" target="K7"/>
  <move id="191" source="F2" target="F3"/>
  <move id="192" source="K7" target="I7"/>
  <move id="193" source="F3" target="E3"/>
  <move id="194" source="I7" target="I6"/>
  <move id="195" source="E3" target="E4"/>
  <move id="196" source="I8" target="I7"/>
  <move id="197" source="E4" target="E5"/>
  <move id="198" source="I7" target="K7"/>
  <move id="199" source="C2" target="D2"/>
  <move id="200" source="I6" target="I5"/>
  <move id="201" source="D2" target="D4"/>
  <move id="202" source="I5" target="I4"/>
  <move id="203" source="E5" target="F5"/>
  <move id="204" source="D7" target="E7"/>
  <move id="205" source="D4" target="E4"/>
  <move id="206" source="G8" target="F8"/>
  <move id="207" source="F5" target="F6"/>
  <move id="208" source="I4" target="K4"/>
  <move id="209" source="C4" target="D4"/>
  <move id="210" source="K4" target="I4"/>
  <move id="211" source="E4" target="E3"/>
  <move id="212" source="I4" target="I5"/>
  <move id="213" source="A3" target="A4"/>
  <move id="214" source="I5" target="I6"/>
  <move id="215" source="B3" target="C3"/>
  <move id="216" source="I6" target="I7"/>
  <move id="217" source="A4" target="A5"/>
  <move id="218" source="I7" target="H7"/>
  <move id="219" source="A5" target="A6"/>
  <move id="220" source="H7" target="G7"/>
  <move id="221" source="A6" target="A7"/>
  <move id="222" source="G7" target="F7"/>
  <move id="223" source="C3" target="B3"/>
  <move id="224" source="F7" target="F6"/>
  <move id="225" source="B3" target="A3"/>
  <move id="226" source="E7" target="E6"/>
  <move id="227" source="A3" target="A4"/>
  <move id="228" source="C8" target="C7"/>
  <move id="229" source="D4" target="C4"/>
  <move id="230" source="C7" target="B7"/>
  <move id="231" source="A4" target="A5"/>
  <move id="232" source="E6" target="E5"/>
  <move id="233" source="A5" target="A6"/>
  <move id="234" source="E5" target="E4"/>
  <move id="235" source="A6" target="A7"/>
  <move id="236" source="B7" target="A7"/>
  <move id="237" source="H1" target="H2"/>
  <move id="238" source="E4" target="E3"/>
  <move id="239" source="H2" target="H3"/>
  <move id="240" source="A7" target="A6"/>
  <move id="241" source="H3" target="H4"/>
  <move id="242" source="F6" target="F7"/>
  <move id="243" source="I1" target="K1"/>
  <move id="244" source="G9" target="H9"/>
  <move id="245" source="K1" target="K2"/>
  <move id="246" source="H9" target="H8"/>
  <move id="247" source="K2" target="K3"/>
  <move id="248" source="H8" target="I8"/>
  <move id="249" source="K3" target="K4"/>
  <move id="250" source="I8" target="I7"/>
  <move id="251" source="K4" target="I4"/>
  <move id="252" source="I7" target="I6"/>
  <move id="253" source="I4" target="I5"/>
  <move id="254" source="I6" target="I5"/>
  <move id="255" source="G2" target="G3"/>
  <move id="256" source="E3" target="F3"/>
  <move id="257" source="G3" target="H3"/>
  <move id="258" source="F3" target="G3"/>
  <move id="259" source="H3" target="H2"/>
  <move id="260" source="G3" target="H3"/>
  <move id="261" source="H4" target="G4"/>
  <move id="262" source="H3" target="H2"/>
  <move id="263" source="G1" target="G3"/>
  <move id="264" source="H2" target="H3"/>
  <move id="265" source="G3" target="E3"/>
  <move id="266" source="I5" target="I4"/>
  <move id="267" source="E3" target="E9"/>
  <move id="268" source="H3" target="G3"/>
  <move id="269" source="G4" target="H4"/>
  <move id="270" source="I4" target="H4"/>
  <move id="271" source="B2" target="C2"/>
  <move id="272" source="A6" target="A5"/>
  <move id="273" source="C4" target="D4"/>
  <move id="274" source="G3" target="F3"/>
  <move id="275" source="F1" target="G1"/>
  <move id="276" source="A8" target="B8"/>
  <move id="277" source="D4" target="E4"/>
  <move id="278" source="F3" target="E3"/>
  <move id="279" source="E4" target="E5"/>
  <move id="280" source="E3" target="E4"/>
  <move id="281" source="E5" target="E6"/>
  <move id="282" source="E4" target="E5"/>
  <move id="283" source="E6" target="E7"/>
  <move id="284" source="F7" target="E7"/>
  <player id="1">Player 1</player>
  <player id="2">Player 2</player>
  <result type="3" winner="2"/>
 </game>
</stratego>