<?xml version="1.0" encoding="UTF-8"?>
<stratego>
 <game type="classic">
  
  <field content="HEEBFBHEJBGIBMBJKIGEDDHBEIGDFDGDFLFDCHDDAA__AA__AAAA__AA__AAPPQSPPNTPRQQVXPTWPQSNUNTRQOTNUYNRNVSRUSP"/>
  <move id="1" source="E4" target="E5"/>
  <move id="2" source="E7" target="E6"/>
  <move id="3" source="D4" target="E4"/>
  <move id="4" source="D7" target="E7"/>
  <move id="5" source="E4" target="D4"/>
  <move id="6" source="E6" target="F6"/>
  <move id="7" source="E5" target="E4"/>
  <move id="8" source="F6" target="F5"/>
  <move id="9" source="B4" target="B5"/>
  <move id="10" source="A7" target="A6"/>
  <move id="11" source="I4" target="I5"/>
  <move id="12" source="D8" target="D7"/>
  <move id="13" source="H4" target="I4"/>
  <move id="14" source="A6" target="A5"/>
  <move id="15" source="B5" target="B6"/>
  <move id="16" source="A5" target="B5"/>
  <move id="17" source="B6" target="A6"/>
  <move id="18" source="B5" target="B4"/>
  <move id="19" source="A6" target="A8"/>
  <move id="20" source="B4" target="C4"/>
  <move id="21" source="C4" target="B4"/>
  <move id="22" source="B7" target="A7"/>
  <move id="23" source="B4" target="B5"/>
  <move id="24" source="C7" target="B7"/>
  <move id="25" source="B5" target="A5"/>
  <move id="26" source="D7" target="C7"/>
  <move id="27" source="A5" target="A6"/>
  <move id="28" source="B7" target="B6"/>
  <move id="29" source="A6" target="A7"/>
  <move id="30" source="C7" target="B7"/>
  <move id="31" source="A7" target="A8"/>
  <move id="32" source="B6" target="B5"/>
  <move id="33" source="A8" target="A9"/>
  <move id="34" source="B5" target="B4"/>
  <move id="35" source="A4" target="B4"/>
  <move id="36" source="B7" target="B6"/>
  <move id="37" source="B4" target="C4"/>
  <move id="38" source="B6" target="B5"/>
  <move id="39" source="A3" target="A7"/>
  <move id="40" source="E8" target="D8"/>
  <move id="41" source="A7" target="C7"/>
  <move id="42" source="D8" target="D7"/>
  <move id="43" source="C7" target="C8"/>
  <move id="44" source="F5" target="E5"/>
  <move id="45" source="B3" target="A3"/>
  <move id="46" source="E5" target="E4"/>
  <move id="47" source="A3" target="B3"/>
  <move id="48" source="C8" target="C7"/>
  <move id="49" source="B3" target="B5"/>
  <move id="50" source="C7" target="B7"/>
  <move id="51" source="E4" target="E5"/>
  <move id="52" source="B7" target="A7"/>
  <move id="53" source="E5" target="E6"/>
  <move id="54" source="E7" target="E6"/>
  <move id="55" source="D4" target="E4"/>
  <move id="56" source="A7" target="A8"/>
  <move id="57" source="F4" target="F5"/>
  <move id="58" source="E6" target="E7"/>
  <move id="59" source="E4" target="E5"/>
  <move id="60" source="E7" target="E8"/>
  <move id="61" source="G4" target="F4"/>
  <move id="62" source="E8" target="D8"/>
  <move id="63" source="F4" target="E4"/>
  <move id="64" source="D8" target="C8"/>
  <move id="65" source="E4" target="D4"/>
  <move id="66" source="C8" target="C7"/>
  <move id="67" source="E5" target="E4"/>
  <move id="68" source="C7" target="B7"/>
  <move id="69" source="F5" target="F4"/>
  <move id="70" source="B7" target="A7"/>
  <move id="71" source="F4" target="G4"/>
  <move id="72" source="B5" target="B6"/>
  <move id="73" source="B2" target="B3"/>
  <move id="74" source="B6" target="B5"/>
  <move id="75" source="B3" target="A3"/>
  <move id="76" source="B5" target="B4"/>
  <move id="77" source="G4" target="F4"/>
  <move id="78" source="F7" target="F4"/>
  <move id="79" source="H3" target="H4"/>
  <move id="80" source="D7" target="E7"/>
  <move id="81" source="E4" target="E5"/>
  <move id="82" source="E7" target="E5"/>
  <move id="83" source="E5" target="E6"/>
  <move id="84" source="B4" target="B5"/>
  <move id="85" source="E6" target="E7"/>
  <move id="86" source="B5" target="B6"/>
  <move id="87" source="E7" target="E6"/>
  <move id="88" source="B6" target="B7"/>
  <move id="89" source="E6" target="E5"/>
  <move id="90" source="B7" target="C7"/>
  <move id="91" source="E5" target="F5"/>
  <move id="92" source="C7" target="D7"/>
  <move id="93" source="F5" target="F4"/>
  <move id="94" source="D7" target="E7"/>
  <move id="95" source="E3" target="E4"/>
  <move id="96" source="E7" target="F7"/>
  <move id="97" source="F4" target="G4"/>
  <move id="98" source="F7" target="F6"/>
  <move id="99" source="A3" target="A4"/>
  <move id="100" source="F8" target="E8"/>
  <move id="101" source="A4" target="A5"/>
  <move id="102" source="F6" target="F5"/>
  <move id="103" source="E4" target="F4"/>
  <move id="104" source="F5" target="E5"/>
  <move id="105" source="A5" target="B5"/>
  <move id="106" source="A7" target="A6"/>
  <move id="107" source="B5" target="B4"/>
  <move id="108" source="A6" target="A5"/>
  <move id="109" source="B4" target="B5"/>
  <move id="110" source="A5" target="A4"/>
  <move id="111" source="B5" target="B6"/>
  <move id="112" source="A8" target="A7"/>
  <move id="113" source="B6" target="B5"/>
  <move id="114" source="A4" target="A3"/>
  <move id="115" source="B5" target="B4"/>
  <move id="116" source="E5" target="E6"/>
  <move id="117" source="B4" target="A4"/>
  <move id="118" source="A3" target="B3"/>
  <move id="119" source="A4" target="B4"/>
  <move id="120" source="B3" target="B2"/>
  <move id="121" source="B4" target="B3"/>
  <move id="122" source="B2" target="C2"/>
  <move id="123" source="B3" target="A3"/>
  <move id="124" source="E6" target="E7"/>
  <move id="125" source="A3" target="B3"/>
  <move id="126" source="E7" target="D7"/>
  <move id="127" source="C4" target="B4"/>
  <move id="128" source="D7" target="C7"/>
  <move id="129" source="B3" target="B2"/>
  <move id="130" source="C7" target="B7"/>
  <move id="131" source="D4" target="C4"/>
  <move id="132" source="B7" target="B6"/>
  <move id="133" source="B4" target="B3"/>
  <move id="134" source="B6" target="B5"/>
  <move id="135" source="B3" target="A3"/>
  <move id="136" source="B5" target="A5"/>
  <move id="137" source="B2" target="B3"/>
  <move id="138" source="A5" target="A4"/>
  <move id="139" source="C4" target="D4"/>
  <move id="140" source="A4" target="A3"/>
  <move id="141" source="B3" target="B4"/>
  <move id="142" source="A3" target="A4"/>
  <move id="143" source="B4" target="B5"/>
  <move id="144" source="A7" target="A6"/>
  <move id="145" source="F4" target="E4"/>
  <move id="146" source="A4" target="B4"/>
  <move id="147" source="B5" target="A5"/>
  <move id="148" source="A6" target="B6"/>
  <move id="149" source="A5" target="A6"/>
  <move id="150" source="B6" target="B5"/>
  <move id="151" source="A6" target="A5"/>
  <move id="152" source="B5" target="B6"/>
  <move id="153" source="A5" target="A6"/>
  <move id="154" source="B4" target="B5"/>
  <move id="155" source="A6" target="A7"/>
  <move id="156" source="B5" target="A5"/>
  <move id="157" source="G4" target="F4"/>
  <move id="158" source="B6" target="B5"/>
  <move id="159" source="C3" target="C4"/>
  <move id="160" source="A5" target="A4"/>
  <move id="161" source="A7" target="A6"/>
  <move id="162" source="B5" target="B4"/>
  <move id="163" source="A6" target="B6"/>
  <move id="164" source="B4" target="B3"/>
  <move id="165" source="C4" target="C3"/>
  <move id="166" source="B3" target="A3"/>
  <move id="167" source="C3" target="B3"/>
  <move id="168" source="G8" target="F8"/>
  <move id="169" source="D4" target="C4"/>
  <move id="170" source="F8" target="F7"/>
  <move id="171" source="F4" target="F5"/>
  <move id="172" source="F7" target="E7"/>
  <move id="173" source="F5" target="E5"/>
  <move id="174" source="E7" target="D7"/>
  <move id="175" source="E5" target="E6"/>
  <move id="176" source="D7" target="C7"/>
  <move id="177" source="E6" target="E7"/>
  <move id="178" source="C7" target="B7"/>
  <move id="179" source="E7" target="D7"/>
  <move id="180" source="B7" target="B6"/>
  <move id="181" source="D7" target="C7"/>
  <move id="182" source="B6" target="B5"/>
  <move id="183" source="C7" target="B7"/>
  <move id="184" source="B5" target="B4"/>
  <move id="185" source="B7" target="B8"/>
  <move id="186" source="B4" target="B3"/>
  <move id="187" source="E4" target="E3"/>
  <move id="188" source="B3" target="B4"/>
  <move id="189" source="C4" target="D4"/>
  <move id="190" source="B4" target="C4"/>
  <move id="191" source="D4" target="E4"/>
  <move id="192" source="A3" target="B3"/>
  <move id="193" source="B8" target="B7"/>
  <move id="194" source="B3" target="B2"/>
  <move id="195" source="B7" target="B6"/>
  <move id="196" source="A4" target="B4"/>
  <move id="197" source="A2" target="A3"/>
  <move id="198" source="B2" target="A2"/>
  <move id="199" source="A3" target="A4"/>
  <move id="200" source="B4" target="A4"/>
  <move id="201" source="B6" target="B5"/>
  <move id="202" source="F9" target="F8"/>
  <move id="203" source="G3" target="H3"/>
  <move id="204" source="F8" target="F7"/>
  <move id="205" source="G2" target="G3"/>
  <move id="206" source="F7" target="E7"/>
  <move id="207" source="E4" target="F4"/>
  <move id="208" source="A4" target="B4"/>
  <move id="209" source="B5" target="B6"/>
  <move id="210" source="B4" target="B5"/>
  <move id="211" source="B6" target="A6"/>
  <move id="212" source="B5" target="B6"/>
  <move id="213" source="A6" target="A5"/>
  <move id="214" source="A2" target="A1"/>
  <move id="215" source="A5" target="A4"/>
  <move id="216" source="A1" target="A2"/>
  <move id="217" source="A4" target="A3"/>
  <move id="218" source="A2" target="B2"/>
  <move id="219" source="A3" target="B3"/>
  <move id="220" source="B2" target="B1"/>
  <move id="221" source="B3" target="B2"/>
  <move id="222" source="B1" target="C1"/>
  <move id="223" source="B2" target="B1"/>
  <move id="224" source="C1" target="D1"/>
  <move id="225" source="B1" target="B2"/>
  <move id="226" source="C4" target="B4"/>
  <move id="227" source="B2" target="B3"/>
  <move id="228" source="B4" target="B5"/>
  <move id="229" source="B3" target="B4"/>
  <move id="230" source="B5" target="A5"/>
  <move id="231" source="B4" target="A4"/>
  <move id="232" source="A5" target="A6"/>
  <move id="233" source="G3" target="G4"/>
  <move id="234" source="A6" target="A7"/>
  <move id="235" source="F3" target="G3"/>
  <move id="236" source="E7" target="D7"/>
  <move id="237" source="F4" target="F3"/>
  <move id="238" source="D7" target="C7"/>
  <move id="239" source="G4" target="F4"/>
  <move id="240" source="B6" target="B5"/>
  <move id="241" source="F4" target="F5"/>
  <move id="242" source="C7" target="B7"/>
  <move id="243" source="F5" target="E5"/>
  <move id="244" source="B7" target="B6"/>
  <move id="245" source="A4" target="A3"/>
  <move id="246" source="B5" target="B4"/>
  <move id="247" source="E5" target="E6"/>
  <move id="248" source="B6" target="B5"/>
  <move id="249" source="H4" target="F4"/>
  <move id="250" source="A7" target="B7"/>
  <move id="251" source="F4" target="F8"/>
  <move id="252" source="E8" target="F8"/>
  <move id="253" source="E6" target="E7"/>
  <move id="254" source="B7" target="C7"/>
  <move id="255" source="E7" target="E8"/>
  <move id="256" source="F8" target="F7"/>
  <move id="257" source="E8" target="F8"/>
  <move id="258" source="H8" target="F8"/>
  <move id="259" source="F8" target="F7"/>
  <move id="260" source="C7" target="D7"/>
  <move id="261" source="I5" target="K5"/>
  <move id="262" source="D7" target="E7"/>
  <move id="263" source="F7" target="F8"/>
  <move id="264" source="E7" target="F7"/>
  <move id="265" source="F8" target="E8"/>
  <move id="266" source="F7" target="F8"/>
  <move id="267" source="E8" target="D8"/>
  <move id="268" source="B4" target="A4"/>
  <move id="269" source="A3" target="B3"/>
  <move id="270" source="F8" target="E8"/>
  <move id="271" source="D8" target="D7"/>
  <move id="272" source="A4" target="B4"/>
  <move id="273" source="B3" target="C3"/>
  <move id="274" source="B5" target="A5"/>
  <move id="275" source="F3" target="F4"/>
  <move id="276" source="A5" target="A4"/>
  <move id="277" source="F4" target="E4"/>
  <move id="278" source="A4" target="A3"/>
  <move id="279" source="E4" target="D4"/>
  <move id="280" source="A3" target="A2"/>
  <move id="281" source="G3" target="G4"/>
  <move id="282" source="A2" target="A1"/>
  <move id="283" source="G4" target="F4"/>
  <move id="284" source="A1" target="B1"/>
  <move id="285" source="F4" target="E4"/>
  <move id="286" source="B1" target="C1"/>
  <move id="287" source="E4" target="E5"/>
  <move id="288" source="C1" target="D1"/>
  <move id="289" source="E5" target="E6"/>
  <move id="290" source="D1" target="E1"/>
  <move id="291" source="E6" target="E5"/>
  <move id="292" source="K7" target="K6"/>
  <move id="293" source="I4" target="I5"/>
  <move id="294" source="K6" target="K5"/>
  <move id="295" source="I5" target="K5"/>
  <move id="296" source="I7" target="I6"/>
  <move id="297" source="K4" target="F4"/>
  <move id="298" source="I6" target="I4"/>
  <move id="299" source="F4" target="F7"/>
  <move id="300" source="I4" target="I3"/>
  <move id="301" source="F7" target="G7"/>
  <move id="302" source="B4" target="B5"/>
  <move id="303" source="F2" target="F3"/>
  <move id="304" source="B5" target="B6"/>
  <move id="305" source="E5" target="F5"/>
  <move id="306" source="B6" target="B7"/>
  <move id="307" source="C3" target="C4"/>
  <move id="308" source="B7" target="C7"/>
  <move id="309" source="D7" target="D8"/>
  <move id="310" source="E8" target="D8"/>
  <move id="311" source="D4" target="E4"/>
  <move id="312" source="C7" target="D7"/>
  <move id="313" source="E4" target="F4"/>
  <move id="314" source="D7" target="E7"/>
  <move id="315" source="F4" target="G4"/>
  <move id="316" source="E7" target="F7"/>
  <move id="317" source="F3" target="F2"/>
  <move id="318" source="G9" target="G8"/>
  <move id="319" source="K5" target="K6"/>
  <move id="320" source="G8" target="F8"/>
  <move id="321" source="C4" target="D4"/>
  <move id="322" source="H7" target="I7"/>
  <move id="323" source="K6" target="K5"/>
  <move id="324" source="I7" target="I6"/>
  <move id="325" source="K5" target="K4"/>
  <move id="326" source="I6" target="I5"/>
  <move id="327" source="I3" target="I4"/>
  <move id="328" source="I5" target="I4"/>
  <move id="329" source="K4" target="I4"/>
  <move id="330" source="K8" target="K7"/>
  <move id="331" source="K3" target="I3"/>
  <move id="332" source="K7" target="K6"/>
  <move id="333" source="I3" target="I8"/>
  <move id="334" source="K6" target="K5"/>
  <move id="335" source="H3" target="G3"/>
  <move id="336" source="K5" target="K4"/>
  <move id="337" source="H2" target="G2"/>
  <move id="338" source="K4" target="K3"/>
  <move id="339" source="I2" target="H2"/>
  <move id="340" source="K3" target="I3"/>
  <move id="341" source="I1" target="I2"/>
  <move id="342" source="I3" target="I2"/>
  <move id="343" source="I2" target="I3"/>
  <move id="344" source="I8" target="H8"/>
  <move id="345" source="I3" target="I4"/>
  <move id="346" source="H8" target="G8"/>
  <move id="347" source="I4" target="I5"/>
  <move id="348" source="F8" target="E8"/>
  <move id="349" source="I5" target="I6"/>
  <move id="350" source="E8" target="D8"/>
  <move id="351" source="I6" target="I7"/>
  <move id="352" source="G8" target="F8"/>
  <move id="353" source="I7" target="H7"/>
  <move id="354" source="F8" target="E8"/>
  <move id="355" source="H7" target="H8"/>
  <move id="356" source="E8" target="E7"/>
  <move id="357" source="H8" target="H9"/>
  <move id="358" source="F7" target="F8"/>
  <move id="359" source="H9" target="H8"/>
  <move id="360" source="F8" target="G8"/>
  <move id="361" source="H8" target="I8"/>
  <move id="362" source="G8" target="H8"/>
  <move id="363" source="I8" target="I7"/>
  <move id="364" source="H8" target="I8"/>
  <move id="365" source="I7" target="I6"/>
  <move id="366" source="E7" target="F7"/>
  <move id="367" source="I6" target="I5"/>
  <move id="368" source="F7" target="F8"/>
  <move id="369" source="I5" target="I4"/>
  <move id="370" source="F8" target="G8"/>
  <move id="371" source="I4" target="H4"/>
  <move id="372" source="K9" target="K8"/>
  <move id="373" source="H4" target="H3"/>
  <move id="374" source="K8" target="K7"/>
  <move id="375" source="G4" target="F4"/>
  <move id="376" source="K7" target="I7"/>
  <move id="377" source="F4" target="F3"/>
  <move id="378" source="K:" target="K4"/>
  <move id="379" source="F5" target="F4"/>
  <move id="380" source="K4" target="I4"/>
  <move id="381" source="F4" target="G4"/>
  <move id="382" source="I4" target="I1"/>
  <move id="383" source="G4" target="F4"/>
  <move id="384" source="I1" target="H1"/>
  <move id="385" source="D4" target="C4"/>
  <move id="386" source="I7" target="I6"/>
  <move id="387" source="K2" target="I2"/>
  <move id="388" source="I6" target="I5"/>
  <move id="389" source="I2" target="I3"/>
  <move id="390" source="I8" target="I7"/>
  <move id="391" source="I3" target="I4"/>
  <move id="392" source="I5" target="I6"/>
  <move id="393" source="I4" target="I5"/>
  <move id="394" source="I6" target="K6"/>
  <move id="395" source="I5" target="K5"/>
  <move id="396" source="K6" target="K7"/>
  <move id="397" source="K5" target="K4"/>
  <move id="398" source="I7" target="I8"/>
  <move id="399" source="E1" target="D1"/>
  <move id="400" source="K7" target="K8"/>
  <move id="401" source="C4" target="B4"/>
  <move id="402" source="G:" target="G9"/>
  <move id="403" source="F4" target="E4"/>
  <move id="404" source="G9" target="H9"/>
  <move id="405" source="B4" target="B5"/>
  <move id="406" source="H9" target="H8"/>
  <move id="407" source="B5" target="B6"/>
  <move id="408" source="D8" target="C8"/>
  <move id="409" source="B6" target="B7"/>
  <move id="410" source="H8" target="H7"/>
  <move id="411" source="E4" target="E5"/>
  <move id="412" source="H7" target="I7"/>
  <move id="413" source="E5" target="E6"/>
  <move id="414" source="E9" target="E8"/>
  <move id="415" source="E6" target="E5"/>
  <move id="416" source="I7" target="I6"/>
  <move id="417" source="E5" target="E4"/>
  <move id="418" source="I6" target="I5"/>
  <move id="419" source="E4" target="D4"/>
  <move id="420" source="I5" target="I4"/>
  <move id="421" source="K4" target="I4"/>
  <move id="422" source="I4" target="K4"/>
  <move id="423" source="H2" target="I2"/>
  <move id="424" source="K4" target="K3"/>
  <move id="425" source="I2" target="K2"/>
  <move id="426" source="K3" target="I3"/>
  <move id="427" source="K2" target="I2"/>
  <move id="428" source="I3" target="H3"/>
  <move id="429" source="I2" target="I3"/>
  <move id="430" source="I8" target="I7"/>
  <move id="431" source="I3" target="I4"/>
  <move id="432" source="I7" target="I6"/>
  <move id="433" source="I4" target="H4"/>
  <move id="434" source="E8" target="E7"/>
  <move id="435" source="D4" target="E4"/>
  <move id="436" source="E7" target="E6"/>
  <move id="437" source="E4" target="F4"/>
  <move id="438" source="E6" target="E5"/>
  <move id="439" source="B7" target="B6"/>
  <move id="440" source="E5" target="E4"/>
  <move id="441" source="F4" target="F5"/>
  <move id="442" source="E4" target="E3"/>
  <move id="443" source="F5" target="F6"/>
  <move id="444" source="E3" target="E2"/>
  <move id="445" source="F3" target="F4"/>
  <move id="446" source="I6" target="I7"/>
  <move id="447" source="F6" target="E6"/>
  <move id="448" source="G8" target="H8"/>
  <move id="449" source="E6" target="E5"/>
  <move id="450" source="H8" target="I8"/>
  <move id="451" source="F4" target="F5"/>
  <move id="452" source="I7" target="H7"/>
  <move id="453" source="E5" target="E4"/>
  <move id="454" source="H7" target="H8"/>
  <move id="455" source="E4" target="D4"/>
  <move id="456" source="H8" target="G8"/>
  <move id="457" source="D4" target="C4"/>
  <move id="458" source="G8" target="F8"/>
  <move id="459" source="C4" target="C3"/>
  <move id="460" source="F8" target="F7"/>
  <move id="461" source="C3" target="B3"/>
  <move id="462" source="F7" target="E7"/>
  <move id="463" source="B3" target="A3"/>
  <move id="464" source="E7" target="D7"/>
  <move id="465" source="A3" target="A4"/>
  <move id="466" source="D7" target="C7"/>
  <move id="467" source="A4" target="A3"/>
  <move id="468" source="C7" target="B7"/>
  <move id="469" source="B6" target="B5"/>
  <move id="470" source="B7" target="C7"/>
  <move id="471" source="B5" target="B4"/>
  <move id="472" source="I8" target="H8"/>
  <move id="473" source="F2" target="F3"/>
  <move id="474" source="H8" target="G8"/>
  <move id="475" source="F3" target="E3"/>
  <move id="476" source="G8" target="F8"/>
  <move id="477" source="E3" target="E4"/>
  <move id="478" source="F8" target="E8"/>
  <move id="479" source="E4" target="E5"/>
  <move id="480" source="E8" target="D8"/>
  <move id="481" source="B4" target="C4"/>
  <move id="482" source="C8" target="B8"/>
  <move id="483" source="C4" target="D4"/>
  <move id="484" source="B8" target="B7"/>
  <move id="485" source="D4" target="E4"/>
  <move id="486" source="B7" target="B6"/>
  <move id="487" source="D1" target="C1"/>
  <move id="488" source="B6" target="B5"/>
  <move id="489" source="E4" target="D4"/>
  <move id="490" source="C7" target="B7"/>
  <move id="491" source="D4" target="C4"/>
  <move id="492" source="B7" target="B6"/>
  <move id="493" source="C1" target="B1"/>
  <move id="494" source="D8" target="C8"/>
  <move id="495" source="B1" target="B2"/>
  <move id="496" source="C8" target="C7"/>
  <move id="497" source="E5" target="E6"/>
  <move id="498" source="C7" target="B7"/>
  <move id="499" source="E6" target="E7"/>
  <move id="500" source="F:" target="F9"/>
  <move id="501" source="E7" target="E8"/>
  <move id="502" source="B7" target="A7"/>
  <move id="503" source="E8" target="F8"/>
  <move id="504" source="F9" target="F8"/>
  <move id="505" source="F8" target="E8"/>
  <move id="506" source="E:" target="F:"/>
  <move id="507" source="E8" target="E7"/>
  <move id="508" source="F:" target="F9"/>
  <move id="509" source="E7" target="D7"/>
  <move id="510" source="F9" target="F8"/>
  <move id="511" source="D7" target="C7"/>
  <move id="512" source="F8" target="E8"/>
  <move id="513" source="C7" target="B7"/>
  <move id="514" source="B6" target="B7"/>
  <move id="515" source="C4" target="B4"/>
  <move id="516" source="B7" target="B6"/>
  <move id="517" source="B4" target="B5"/>
  <move id="518" source="B6" target="B5"/>
  <move id="519" source="A3" target="A4"/>
  <move id="520" source="E8" target="D8"/>
  <move id="521" source="A4" target="A5"/>
  <move id="522" source="A7" target="B7"/>
  <move id="523" source="A5" target="A6"/>
  <move id="524" source="B7" target="C7"/>
  <move id="525" source="A6" target="A7"/>
  <move id="526" source="C7" target="D7"/>
  <move id="527" source="A7" target="A8"/>
  <move id="528" source="D8" target="C8"/>
  <move id="529" source="A8" target="A9"/>
  <move id="530" source="C8" target="C7"/>
  <move id="531" source="H3" target="I3"/>
  <move id="532" source="C7" target="B7"/>
  <move id="533" source="I3" target="I4"/>
  <move id="534" source="B7" target="C7"/>
  <move id="535" source="I4" target="I5"/>
  <move id="536" source="B9" target="B8"/>
  <move id="537" source="I5" target="I6"/>
  <move id="538" source="B8" target="B7"/>
  <move id="539" source="I6" target="I7"/>
  <move id="540" source="B7" target="B6"/>
  <move id="541" source="I7" target="H7"/>
  <move id="542" source="B6" target="B5"/>
  <move id="543" source="H7" target="H8"/>
  <move id="544" source="B5" target="B4"/>
  <move id="545" source="B2" target="B3"/>
  <move id="546" source="B4" target="B3"/>
  <move id="547" source="H8" target="I8"/>
  <move id="548" source="K8" target="K7"/>
  <move id="549" source="I8" target="I7"/>
  <move id="550" source="K7" target="K6"/>
  <move id="551" source="I7" target="I8"/>
  <move id="552" source="B3" target="B2"/>
  <move id="553" source="I8" target="K8"/>
  <move id="554" source="B2" target="B1"/>
  <move id="555" source="K8" target="K9"/>
  <move id="556" source="B1" target="C1"/>
  <move id="557" source="K9" target="K:"/>
  <move id="558" source="C1" target="D1"/>
  <move id="559" source="K:" target="I:"/>
  <move id="560" source="H:" target="H9"/>
  <move id="561" source="I:" target="H:"/>
  <move id="562" source="H9" target="H8"/>
  <move id="563" source="H:" target="H9"/>
  <move id="564" source="H8" target="G8"/>
  <move id="565" source="H9" target="H8"/>
  <move id="566" source="G8" target="F8"/>
  <move id="567" source="H8" target="G8"/>
  <move id="568" source="F8" target="E8"/>
  <move id="569" source="G8" target="F8"/>
  <move id="570" source="E8" target="E9"/>
  <move id="571" source="F8" target="E8"/>
  <move id="572" source="E9" target="F9"/>
  <move id="573" source="E8" target="E9"/>
  <move id="574" source="F9" target="G9"/>
  <move id="575" source="E9" target="D9"/>
  <move id="576" source="D1" target="D2"/>
  <player id="1">Player 1</player>
  <player id="2">Player 2</player>
  <result type="1" winner="2"/>
 </game>
</stratego>