<?xml version="1.0" encoding="UTF-8"?>
<stratego>
 <game type="classic">
  
  <field content="EEEEGEDBBMJHJIHDDBFBHLIGGFDFBBGIHCKFDDDDAA__AA__AAAA__AA__AATPTSPTWQTPPSVPUSOXPUNUNVNRPSQQRNRNYNRPQQ"/>
  <move id="1" source="F4" target="F5"/>
  <move id="2" source="I7" target="I6"/>
  <move id="3" source="F5" target="F6"/>
  <move id="4" source="I6" target="I5"/>
  <move id="5" source="F6" target="F7"/>
  <move id="6" source="I5" target="I4"/>
  <move id="7" source="K4" target="K7"/>
  <move id="8" source="I4" target="I3"/>
  <move id="9" source="H4" target="I4"/>
  <move id="10" source="I8" target="I4"/>
  <move id="11" source="G4" target="H4"/>
  <move id="12" source="H7" target="I7"/>
  <move id="13" source="H4" target="I4"/>
  <move id="14" source="I7" target="K7"/>
  <move id="15" source="I4" target="K4"/>
  <move id="16" source="K7" target="K6"/>
  <move id="17" source="G3" target="G4"/>
  <move id="18" source="K6" target="K5"/>
  <move id="19" source="G4" target="H4"/>
  <move id="20" source="H8" target="H7"/>
  <move id="21" source="H4" target="I4"/>
  <move id="22" source="H7" target="I7"/>
  <move id="23" source="F3" target="F4"/>
  <move id="24" source="G7" target="H7"/>
  <move id="25" source="F4" target="F5"/>
  <move id="26" source="I7" target="I6"/>
  <move id="27" source="F5" target="F6"/>
  <move id="28" source="I6" target="I5"/>
  <move id="29" source="F6" target="E6"/>
  <move id="30" source="I5" target="I4"/>
  <move id="31" source="H3" target="G3"/>
  <move id="32" source="I4" target="K4"/>
  <move id="33" source="G3" target="G4"/>
  <move id="34" source="K4" target="I4"/>
  <move id="35" source="G4" target="F4"/>
  <move id="36" source="K5" target="K4"/>
  <move id="37" source="F4" target="F5"/>
  <move id="38" source="K4" target="K3"/>
  <move id="39" source="E6" target="E7"/>
  <move id="40" source="K3" target="K2"/>
  <move id="41" source="I2" target="K2"/>
  <move id="42" source="I4" target="K4"/>
  <move id="43" source="K2" target="K3"/>
  <move id="44" source="K4" target="K3"/>
  <move id="45" source="E4" target="E5"/>
  <move id="46" source="K3" target="K2"/>
  <move id="47" source="E5" target="E6"/>
  <move id="48" source="K2" target="K1"/>
  <player id="1">Player 1</player>
  <player id="2">Player 2</player>
  <result type="1" winner="2"/>
 </game>
</stratego>