<?xml version="1.0" encoding="UTF-8"?>
<stratego>
 <game type="classic">
  
  <field content="DEDDDDDEEEGGDFHDHEHHBBIFBMBIBBIKCFLJFJGGAA__AA__AAAA__AA__AATUXOWTQUQTVPQPVSPSPPNRNRNQSPTQRNYNRNPSPU"/>
  <move id="1" source="E4" target="E5"/>
  <move id="2" source="B7" target="B6"/>
  <move id="3" source="E5" target="F5"/>
  <move id="4" source="B6" target="B5"/>
  <move id="5" source="D4" target="E4"/>
  <move id="6" source="C7" target="B7"/>
  <move id="7" source="E4" target="E5"/>
  <move id="8" source="B7" target="B6"/>
  <move id="9" source="E5" target="E6"/>
  <move id="10" source="B5" target="A5"/>
  <move id="11" source="A4" target="A5"/>
  <move id="12" source="B6" target="B5"/>
  <move id="13" source="E6" target="E7"/>
  <move id="14" source="B5" target="B4"/>
  <move id="15" source="C4" target="B4"/>
  <move id="16" source="B8" target="B4"/>
  <move id="17" source="C3" target="C4"/>
  <move id="18" source="B4" target="C4"/>
  <move id="19" source="D3" target="D4"/>
  <move id="20" source="A8" target="B8"/>
  <move id="21" source="D4" target="E4"/>
  <move id="22" source="B8" target="B7"/>
  <move id="23" source="E4" target="E5"/>
  <move id="24" source="B7" target="B6"/>
  <move id="25" source="E5" target="E6"/>
  <move id="26" source="B6" target="B5"/>
  <move id="27" source="E6" target="F6"/>
  <move id="28" source="B5" target="B4"/>
  <move id="29" source="C4" target="D4"/>
  <move id="30" source="B4" target="C4"/>
  <move id="31" source="D4" target="E4"/>
  <move id="32" source="C4" target="C3"/>
  <move id="33" source="F5" target="E5"/>
  <move id="34" source="C3" target="D3"/>
  <move id="35" source="E5" target="E6"/>
  <move id="36" source="D3" target="D2"/>
  <move id="37" source="F6" target="F7"/>
  <move id="38" source="D2" target="C2"/>
  <move id="39" source="E6" target="F6"/>
  <move id="40" source="C2" target="D2"/>
  <move id="41" source="F6" target="F7"/>
  <move id="42" source="E7" target="E6"/>
  <move id="43" source="F7" target="F8"/>
  <move id="44" source="E6" target="E5"/>
  <move id="45" source="F8" target="E8"/>
  <move id="46" source="E5" target="E4"/>
  <move id="47" source="F4" target="F5"/>
  <move id="48" source="E4" target="F4"/>
  <move id="49" source="F5" target="F6"/>
  <move id="50" source="F4" target="G4"/>
  <move id="51" source="F6" target="F7"/>
  <move id="52" source="G4" target="G3"/>
  <move id="53" source="F7" target="F8"/>
  <move id="54" source="D2" target="E2"/>
  <move id="55" source="F8" target="F9"/>
  <move id="56" source="E2" target="F2"/>
  <move id="57" source="F9" target="G9"/>
  <move id="58" source="F2" target="F1"/>
  <move id="59" source="G9" target="G:"/>
  <move id="60" source="F1" target="G1"/>
  <move id="61" source="G:" target="H:"/>
  <move id="62" source="G1" target="H1"/>
  <move id="63" source="E8" target="F8"/>
  <move id="64" source="H1" target="I1"/>
  <move id="65" source="H4" target="G4"/>
  <move id="66" source="I1" target="K1"/>
  <move id="67" source="G4" target="F4"/>
  <move id="68" source="K1" target="I1"/>
  <move id="69" source="I4" target="I5"/>
  <move id="70" source="I1" target="I2"/>
  <move id="71" source="I5" target="I6"/>
  <move id="72" source="I2" target="K2"/>
  <move id="73" source="I6" target="I7"/>
  <move id="74" source="K2" target="I2"/>
  <move id="75" source="I7" target="K7"/>
  <move id="76" source="I2" target="H2"/>
  <move id="77" source="H3" target="H4"/>
  <move id="78" source="H2" target="G2"/>
  <move id="79" source="H4" target="I4"/>
  <move id="80" source="G2" target="F2"/>
  <move id="81" source="I4" target="I5"/>
  <move id="82" source="F2" target="F1"/>
  <move id="83" source="I5" target="I6"/>
  <move id="84" source="F1" target="E1"/>
  <move id="85" source="D1" target="D4"/>
  <move id="86" source="D7" target="E7"/>
  <move id="87" source="D4" target="B4"/>
  <move id="88" source="E1" target="D1"/>
  <move id="89" source="C1" target="C4"/>
  <move id="90" source="E7" target="E6"/>
  <move id="91" source="B4" target="B9"/>
  <move id="92" source="D1" target="C1"/>
  <move id="93" source="I6" target="I7"/>
  <move id="94" source="H7" target="I7"/>
  <move id="95" source="H:" target="H9"/>
  <move id="96" source="C1" target="B1"/>
  <move id="97" source="F4" target="F5"/>
  <move id="98" source="E6" target="F6"/>
  <move id="99" source="F5" target="F6"/>
  <move id="100" source="B1" target="A1"/>
  <move id="101" source="H9" target="I9"/>
  <move id="102" source="A1" target="A2"/>
  <move id="103" source="I9" target="I:"/>
  <move id="104" source="A2" target="B2"/>
  <move id="105" source="F6" target="E6"/>
  <move id="106" source="B2" target="C2"/>
  <move id="107" source="E6" target="E5"/>
  <move id="108" source="C2" target="D2"/>
  <move id="109" source="E5" target="E6"/>
  <move id="110" source="D2" target="E2"/>
  <move id="111" source="E6" target="E7"/>
  <move id="112" source="K7" target="K6"/>
  <move id="113" source="E7" target="E8"/>
  <move id="114" source="K6" target="K5"/>
  <move id="115" source="E8" target="E9"/>
  <move id="116" source="K5" target="K4"/>
  <move id="117" source="F8" target="F9"/>
  <move id="118" source="K4" target="K3"/>
  <move id="119" source="F9" target="F:"/>
  <move id="120" source="I8" target="I3"/>
  <move id="121" source="I:" target="I9"/>
  <move id="122" source="G8" target="F8"/>
  <move id="123" source="I9" target="K9"/>
  <move id="124" source="F8" target="F3"/>
  <player id="1">Player 1</player>
  <player id="2">Player 2</player>
  <result type="1" winner="2"/>
 </game>
</stratego>