<?xml version="1.0" encoding="UTF-8"?>
<stratego>
 <game type="classic">
  
  <field content="BFEDEBMBFEHBGJLIBFHCFHDDGDKJDIEDIBDHEGGDAA__AA__AAAA__AA__AATSPWSTNRNNPSVXPPVNRRTPUOUURTNNQQPYSPPQQQ"/>
  <move id="1" source="K4" target="K7"/>
  <move id="2" source="F7" target="F6"/>
  <move id="3" source="I4" target="I5"/>
  <move id="4" source="E7" target="E6"/>
  <move id="5" source="I5" target="I6"/>
  <move id="6" source="E6" target="E5"/>
  <move id="7" source="F4" target="F5"/>
  <move id="8" source="E5" target="E4"/>
  <move id="9" source="F5" target="F6"/>
  <move id="10" source="F8" target="F3"/>
  <move id="11" source="G4" target="F4"/>
  <move id="12" source="E4" target="E5"/>
  <move id="13" source="E3" target="E4"/>
  <move id="14" source="E5" target="E6"/>
  <move id="15" source="E4" target="E5"/>
  <move id="16" source="E6" target="E7"/>
  <move id="17" source="E5" target="E6"/>
  <move id="18" source="E8" target="F8"/>
  <move id="19" source="E6" target="F6"/>
  <move id="20" source="E9" target="E8"/>
  <move id="21" source="F6" target="F7"/>
  <move id="22" source="B7" target="B6"/>
  <move id="23" source="F7" target="F8"/>
  <move id="24" source="F9" target="F8"/>
  <move id="25" source="D3" target="E3"/>
  <move id="26" source="E7" target="F7"/>
  <move id="27" source="E3" target="E4"/>
  <move id="28" source="D7" target="E7"/>
  <move id="29" source="E4" target="E5"/>
  <move id="30" source="D8" target="D7"/>
  <move id="31" source="E5" target="E6"/>
  <move id="32" source="B6" target="B5"/>
  <move id="33" source="F4" target="F3"/>
  <move id="34" source="A7" target="A6"/>
  <move id="35" source="H4" target="G4"/>
  <move id="36" source="A6" target="A5"/>
  <move id="37" source="G4" target="F4"/>
  <move id="38" source="B5" target="B4"/>
  <move id="39" source="B3" target="B4"/>
  <move id="40" source="A5" target="A4"/>
  <move id="41" source="B4" target="A4"/>
  <move id="42" source="A8" target="A3"/>
  <move id="43" source="C4" target="B4"/>
  <move id="44" source="A9" target="A8"/>
  <move id="45" source="B4" target="B5"/>
  <move id="46" source="A8" target="A7"/>
  <move id="47" source="B5" target="B6"/>
  <move id="48" source="C7" target="B7"/>
  <move id="49" source="B6" target="A6"/>
  <move id="50" source="B7" target="B2"/>
  <move id="51" source="C3" target="C4"/>
  <move id="52" source="D7" target="C7"/>
  <move id="53" source="C4" target="B4"/>
  <move id="54" source="C7" target="B7"/>
  <move id="55" source="B4" target="B7"/>
  <move id="56" source="B9" target="A9"/>
  <move id="57" source="I6" target="K6"/>
  <move id="58" source="B8" target="B9"/>
  <move id="59" source="I3" target="I7"/>
  <move id="60" source="C8" target="B8"/>
  <move id="61" source="F4" target="E4"/>
  <move id="62" source="B7" target="C7"/>
  <move id="63" source="E4" target="E5"/>
  <move id="64" source="B8" target="B7"/>
  <move id="65" source="A6" target="A7"/>
  <move id="66" source="B7" target="A7"/>
  <move id="67" source="A3" target="A4"/>
  <move id="68" source="C7" target="B7"/>
  <move id="69" source="F3" target="F4"/>
  <move id="70" source="B7" target="B6"/>
  <move id="71" source="F4" target="G4"/>
  <move id="72" source="B6" target="B5"/>
  <move id="73" source="G4" target="H4"/>
  <move id="74" source="A7" target="B7"/>
  <move id="75" source="H4" target="I4"/>
  <move id="76" source="A9" target="A4"/>
  <move id="77" source="I4" target="I5"/>
  <move id="78" source="B5" target="B4"/>
  <move id="79" source="A4" target="A3"/>
  <move id="80" source="B7" target="B6"/>
  <move id="81" source="I5" target="I6"/>
  <move id="82" source="B6" target="B5"/>
  <move id="83" source="I6" target="I7"/>
  <move id="84" source="B5" target="A5"/>
  <move id="85" source="I7" target="H7"/>
  <move id="86" source="A5" target="A4"/>
  <move id="87" source="K6" target="I6"/>
  <move id="88" source="A4" target="A3"/>
  <move id="89" source="I6" target="I7"/>
  <move id="90" source="A3" target="B3"/>
  <move id="91" source="I7" target="H7"/>
  <move id="92" source="A:" target="A9"/>
  <move id="93" source="H7" target="G7"/>
  <move id="94" source="A9" target="A8"/>
  <move id="95" source="E2" target="E3"/>
  <move id="96" source="A8" target="B8"/>
  <move id="97" source="G3" target="G4"/>
  <move id="98" source="B8" target="B7"/>
  <move id="99" source="G4" target="F4"/>
  <move id="100" source="B9" target="B8"/>
  <move id="101" source="F4" target="F5"/>
  <move id="102" source="B:" target="B9"/>
  <move id="103" source="E3" target="D3"/>
  <move id="104" source="C:" target="A:"/>
  <move id="105" source="D3" target="C3"/>
  <move id="106" source="A:" target="A2"/>
  <move id="107" source="C3" target="B3"/>
  <move id="108" source="B4" target="B3"/>
  <move id="109" source="F5" target="F6"/>
  <move id="110" source="E7" target="E6"/>
  <move id="111" source="F6" target="E6"/>
  <move id="112" source="F7" target="F6"/>
  <move id="113" source="E5" target="E4"/>
  <move id="114" source="F6" target="F5"/>
  <move id="115" source="H3" target="H4"/>
  <move id="116" source="F8" target="F9"/>
  <move id="117" source="E4" target="E3"/>
  <move id="118" source="G8" target="F8"/>
  <move id="119" source="H4" target="G4"/>
  <move id="120" source="F8" target="F7"/>
  <move id="121" source="G4" target="F4"/>
  <move id="122" source="F7" target="F6"/>
  <move id="123" source="F4" target="F5"/>
  <move id="124" source="F6" target="F5"/>
  <move id="125" source="F2" target="F3"/>
  <move id="126" source="B7" target="B6"/>
  <move id="127" source="F3" target="F4"/>
  <move id="128" source="B6" target="B5"/>
  <move id="129" source="F4" target="F5"/>
  <move id="130" source="B5" target="B4"/>
  <move id="131" source="F5" target="F6"/>
  <move id="132" source="B4" target="B3"/>
  <move id="133" source="D2" target="D3"/>
  <move id="134" source="B3" target="B2"/>
  <move id="135" source="A2" target="B2"/>
  <move id="136" source="E8" target="D8"/>
  <move id="137" source="F6" target="F7"/>
  <move id="138" source="D8" target="D7"/>
  <move id="139" source="F7" target="E7"/>
  <move id="140" source="D7" target="C7"/>
  <move id="141" source="E7" target="D7"/>
  <move id="142" source="C7" target="B7"/>
  <move id="143" source="D7" target="C7"/>
  <move id="144" source="B7" target="B6"/>
  <move id="145" source="C7" target="B7"/>
  <move id="146" source="B6" target="A6"/>
  <move id="147" source="B7" target="A7"/>
  <move id="148" source="A6" target="A5"/>
  <move id="149" source="A7" target="A6"/>
  <move id="150" source="A5" target="A4"/>
  <move id="151" source="B2" target="B3"/>
  <move id="152" source="A4" target="A3"/>
  <move id="153" source="B3" target="B4"/>
  <move id="154" source="A3" target="A2"/>
  <move id="155" source="A6" target="A5"/>
  <move id="156" source="A2" target="A1"/>
  <move id="157" source="E3" target="E4"/>
  <move id="158" source="F9" target="F8"/>
  <move id="159" source="E4" target="E5"/>
  <move id="160" source="F8" target="F7"/>
  <move id="161" source="D3" target="E3"/>
  <move id="162" source="F7" target="F6"/>
  <move id="163" source="E3" target="F3"/>
  <move id="164" source="F6" target="F5"/>
  <move id="165" source="F3" target="F4"/>
  <move id="166" source="F5" target="E5"/>
  <move id="167" source="F4" target="F3"/>
  <move id="168" source="E5" target="F5"/>
  <move id="169" source="A5" target="A4"/>
  <move id="170" source="F5" target="F4"/>
  <move id="171" source="F3" target="F4"/>
  <move id="172" source="C9" target="C8"/>
  <move id="173" source="F4" target="F5"/>
  <move id="174" source="C8" target="C7"/>
  <move id="175" source="F5" target="F6"/>
  <move id="176" source="C7" target="B7"/>
  <move id="177" source="A4" target="A5"/>
  <move id="178" source="B7" target="B6"/>
  <move id="179" source="F6" target="F7"/>
  <move id="180" source="B6" target="B5"/>
  <move id="181" source="A5" target="B5"/>
  <move id="182" source="B8" target="B7"/>
  <move id="183" source="F7" target="F8"/>
  <move id="184" source="B7" target="B6"/>
  <move id="185" source="B4" target="B5"/>
  <move id="186" source="B6" target="B5"/>
  <move id="187" source="B5" target="B6"/>
  <move id="188" source="D9" target="D8"/>
  <move id="189" source="B6" target="B7"/>
  <move id="190" source="D8" target="D7"/>
  <move id="191" source="B7" target="C7"/>
  <move id="192" source="D7" target="E7"/>
  <move id="193" source="I2" target="I3"/>
  <move id="194" source="E7" target="E6"/>
  <move id="195" source="I3" target="H3"/>
  <move id="196" source="E6" target="E5"/>
  <move id="197" source="H3" target="G3"/>
  <move id="198" source="E5" target="F5"/>
  <move id="199" source="G3" target="F3"/>
  <move id="200" source="F5" target="F4"/>
  <move id="201" source="F3" target="F4"/>
  <move id="202" source="B9" target="A9"/>
  <move id="203" source="C7" target="B7"/>
  <move id="204" source="E:" target="E9"/>
  <move id="205" source="B7" target="B8"/>
  <move id="206" source="E9" target="D9"/>
  <move id="207" source="F4" target="F5"/>
  <move id="208" source="F:" target="E:"/>
  <move id="209" source="F5" target="F6"/>
  <move id="210" source="E:" target="E1"/>
  <move id="211" source="F6" target="F7"/>
  <move id="212" source="G:" target="E:"/>
  <move id="213" source="F7" target="E7"/>
  <move id="214" source="D9" target="D8"/>
  <move id="215" source="E7" target="E8"/>
  <move id="216" source="I8" target="I7"/>
  <move id="217" source="E8" target="D8"/>
  <move id="218" source="E:" target="E5"/>
  <move id="219" source="D8" target="D9"/>
  <move id="220" source="E5" target="F5"/>
  <move id="221" source="D9" target="C9"/>
  <move id="222" source="F5" target="F1"/>
  <move id="223" source="C9" target="B9"/>
  <move id="224" source="I7" target="I6"/>
  <move id="225" source="B9" target="A9"/>
  <player id="1">Player 1</player>
  <player id="2">Player 2</player>
  <result type="3" winner="1"/>
 </game>
</stratego>