<?xml version="1.0" encoding="UTF-8"?>
<stratego>
 <game type="classic">
  
  <field content="GDDHEFBEBFEDIMDEBEBFDGJIKDIFBBDHLCHDHJGGAA__AA__AAAA__AA__AARPTWPPXUPRTPVQTQYVRTQPSONQUSPQSNNNRNNUPS"/>
  <move id="1" source="F4" target="F5"/>
  <move id="2" source="E7" target="E4"/>
  <move id="3" source="F5" target="F7"/>
  <move id="4" source="I7" target="I6"/>
  <move id="5" source="F3" target="F4"/>
  <move id="6" source="I6" target="I5"/>
  <move id="7" source="F4" target="F5"/>
  <move id="8" source="E8" target="E7"/>
  <move id="9" source="G4" target="F4"/>
  <move id="10" source="E7" target="E6"/>
  <move id="11" source="G3" target="F3"/>
  <move id="12" source="E6" target="E5"/>
  <move id="13" source="F5" target="E5"/>
  <move id="14" source="E5" target="E4"/>
  <move id="15" source="F4" target="E4"/>
  <move id="16" source="F8" target="F7"/>
  <move id="17" source="F3" target="F4"/>
  <move id="18" source="D7" target="E7"/>
  <move id="19" source="E4" target="E5"/>
  <move id="20" source="E7" target="E6"/>
  <move id="21" source="E5" target="E4"/>
  <move id="22" source="E6" target="E5"/>
  <move id="23" source="A4" target="A5"/>
  <move id="24" source="F7" target="F6"/>
  <move id="25" source="A3" target="A4"/>
  <move id="26" source="F6" target="F5"/>
  <move id="27" source="A5" target="B5"/>
  <move id="28" source="E5" target="E4"/>
  <move id="29" source="F4" target="F5"/>
  <move id="30" source="G7" target="F7"/>
  <move id="31" source="E3" target="E4"/>
  <move id="32" source="F7" target="F6"/>
  <move id="33" source="F5" target="E5"/>
  <move id="34" source="F6" target="F5"/>
  <move id="35" source="E5" target="E4"/>
  <move id="36" source="F5" target="F4"/>
  <move id="37" source="E2" target="E3"/>
  <move id="38" source="F4" target="F3"/>
  <move id="39" source="E3" target="F3"/>
  <move id="40" source="F3" target="F2"/>
  <move id="41" source="D3" target="E3"/>
  <move id="42" source="F2" target="F1"/>
  <move id="43" source="E3" target="E2"/>
  <move id="44" source="F1" target="G1"/>
  <player id="1">Player 1</player>
  <player id="2">Player 2</player>
  <result type="3" winner="1"/>
 </game>
</stratego>