<?xml version="1.0" encoding="UTF-8"?>
<stratego>
 <game type="classic">
  
  <field content="BDDGBFBIEIEDDBFBIHJCHDHEBGKEEMFDDGFDHLGJAA__AA__AAAA__AA__AAPTVNUSVPPSSPPQRPTWTQNQRUPXOSNPRNNYTQUNRQ"/>
  <move id="1" source="I4" target="I5"/>
  <move id="2" source="B7" target="B6"/>
  <move id="3" source="I5" target="I6"/>
  <move id="4" source="A7" target="A4"/>
  <move id="5" source="I6" target="I7"/>
  <move id="6" source="I8" target="I7"/>
  <move id="7" source="H4" target="I4"/>
  <move id="8" source="I7" target="I8"/>
  <move id="9" source="I4" target="I5"/>
  <move id="10" source="H7" target="I7"/>
  <move id="11" source="I5" target="I6"/>
  <move id="12" source="B6" target="B5"/>
  <move id="13" source="I6" target="I7"/>
  <move id="14" source="F7" target="F6"/>
  <move id="15" source="I7" target="I8"/>
  <move id="16" source="F6" target="E6"/>
  <move id="17" source="I3" target="I4"/>
  <move id="18" source="F8" target="F4"/>
  <move id="19" source="I4" target="I5"/>
  <move id="20" source="G8" target="F8"/>
  <move id="21" source="I5" target="I6"/>
  <move id="22" source="G9" target="G8"/>
  <move id="23" source="I6" target="I7"/>
  <move id="24" source="K7" target="I7"/>
  <move id="25" source="I8" target="I7"/>
  <move id="26" source="E6" target="E5"/>
  <move id="27" source="H3" target="I3"/>
  <move id="28" source="E5" target="E4"/>
  <move id="29" source="I3" target="I4"/>
  <move id="30" source="E4" target="E3"/>
  <move id="31" source="I4" target="I5"/>
  <move id="32" source="B5" target="A5"/>
  <move id="33" source="I5" target="I6"/>
  <move id="34" source="A5" target="A4"/>
  <move id="35" source="A3" target="A4"/>
  <move id="36" source="B8" target="B4"/>
  <move id="37" source="I6" target="K6"/>
  <move id="38" source="C8" target="B8"/>
  <move id="39" source="K6" target="K7"/>
  <move id="40" source="B8" target="B3"/>
  <move id="41" source="I7" target="I8"/>
  <move id="42" source="C9" target="C8"/>
  <move id="43" source="K7" target="K8"/>
  <move id="44" source="C8" target="B8"/>
  <move id="45" source="I2" target="I3"/>
  <move id="46" source="B8" target="B7"/>
  <move id="47" source="I3" target="I4"/>
  <move id="48" source="B7" target="B6"/>
  <move id="49" source="I4" target="I5"/>
  <move id="50" source="B6" target="B5"/>
  <move id="51" source="I5" target="I6"/>
  <move id="52" source="B5" target="B4"/>
  <move id="53" source="I1" target="I2"/>
  <move id="54" source="B4" target="B3"/>
  <move id="55" source="I2" target="I3"/>
  <move id="56" source="B3" target="C3"/>
  <move id="57" source="I3" target="I4"/>
  <move id="58" source="D8" target="C8"/>
  <move id="59" source="C3" target="B3"/>
  <move id="60" source="C8" target="B8"/>
  <move id="61" source="C4" target="B4"/>
  <move id="62" source="B8" target="B7"/>
  <move id="63" source="B3" target="A3"/>
  <move id="64" source="B7" target="B6"/>
  <move id="65" source="B4" target="B6"/>
  <move id="66" source="B6" target="B5"/>
  <move id="67" source="A3" target="A4"/>
  <move id="68" source="C7" target="B7"/>
  <move id="69" source="I4" target="I5"/>
  <move id="70" source="B7" target="A7"/>
  <move id="71" source="B2" target="B3"/>
  <move id="72" source="A7" target="A6"/>
  <move id="73" source="B3" target="A3"/>
  <move id="74" source="A6" target="A5"/>
  <move id="75" source="A4" target="B4"/>
  <move id="76" source="B5" target="B6"/>
  <move id="77" source="A3" target="A5"/>
  <move id="78" source="A5" target="A4"/>
  <move id="79" source="B4" target="B5"/>
  <move id="80" source="B6" target="B7"/>
  <move id="81" source="I5" target="K5"/>
  <move id="82" source="D9" target="D8"/>
  <move id="83" source="C2" target="C3"/>
  <move id="84" source="D8" target="C8"/>
  <move id="85" source="C3" target="B3"/>
  <move id="86" source="C8" target="C7"/>
  <move id="87" source="B3" target="A3"/>
  <move id="88" source="A4" target="B4"/>
  <move id="89" source="B5" target="A5"/>
  <move id="90" source="B7" target="B8"/>
  <move id="91" source="A3" target="B3"/>
  <move id="92" source="B4" target="A4"/>
  <move id="93" source="A5" target="B5"/>
  <move id="94" source="C7" target="B7"/>
  <move id="95" source="B5" target="B4"/>
  <move id="96" source="A4" target="B4"/>
  <move id="97" source="B3" target="A3"/>
  <move id="98" source="B7" target="C7"/>
  <move id="99" source="K5" target="K6"/>
  <move id="100" source="B4" target="B3"/>
  <move id="101" source="A3" target="A4"/>
  <move id="102" source="B8" target="B7"/>
  <move id="103" source="K6" target="K7"/>
  <move id="104" source="B7" target="A7"/>
  <move id="105" source="K7" target="K8"/>
  <move id="106" source="A7" target="A6"/>
  <move id="107" source="K8" target="K9"/>
  <move id="108" source="K:" target="K9"/>
  <move id="109" source="I8" target="I7"/>
  <move id="110" source="A6" target="A5"/>
  <move id="111" source="G4" target="H4"/>
  <move id="112" source="A5" target="A4"/>
  <move id="113" source="H4" target="H3"/>
  <move id="114" source="A4" target="B4"/>
  <move id="115" source="I6" target="K6"/>
  <move id="116" source="B4" target="C4"/>
  <move id="117" source="D4" target="C4"/>
  <move id="118" source="B3" target="B4"/>
  <move id="119" source="C4" target="D4"/>
  <move id="120" source="E8" target="D8"/>
  <move id="121" source="D4" target="E4"/>
  <move id="122" source="D8" target="C8"/>
  <move id="123" source="E4" target="F4"/>
  <move id="124" source="C8" target="B8"/>
  <move id="125" source="F4" target="G4"/>
  <move id="126" source="E7" target="E8"/>
  <move id="127" source="G4" target="H4"/>
  <move id="128" source="E8" target="D8"/>
  <move id="129" source="H4" target="I4"/>
  <move id="130" source="E9" target="E4"/>
  <move id="131" source="K6" target="K5"/>
  <move id="132" source="E4" target="G4"/>
  <move id="133" source="I4" target="I5"/>
  <move id="134" source="G4" target="G3"/>
  <move id="135" source="I5" target="I6"/>
  <move id="136" source="F8" target="E8"/>
  <move id="137" source="I6" target="K6"/>
  <move id="138" source="E8" target="E7"/>
  <move id="139" source="I7" target="I6"/>
  <move id="140" source="F9" target="F8"/>
  <move id="141" source="I6" target="I5"/>
  <move id="142" source="F8" target="F7"/>
  <move id="143" source="I5" target="I4"/>
  <move id="144" source="F7" target="F6"/>
  <move id="145" source="I4" target="H4"/>
  <move id="146" source="F6" target="F5"/>
  <move id="147" source="H4" target="G4"/>
  <move id="148" source="H8" target="H7"/>
  <move id="149" source="F3" target="F4"/>
  <move id="150" source="H7" target="I7"/>
  <move id="151" source="F4" target="F3"/>
  <move id="152" source="I7" target="I6"/>
  <move id="153" source="K6" target="I6"/>
  <move id="154" source="I6" target="I5"/>
  <move id="155" source="K5" target="K6"/>
  <move id="156" source="G7" target="H7"/>
  <move id="157" source="G4" target="F4"/>
  <move id="158" source="F5" target="E5"/>
  <move id="159" source="G3" target="G4"/>
  <move id="160" source="H7" target="I7"/>
  <move id="161" source="G4" target="H4"/>
  <move id="162" source="I7" target="K7"/>
  <move id="163" source="K6" target="K7"/>
  <move id="164" source="I5" target="K5"/>
  <move id="165" source="K4" target="I4"/>
  <move id="166" source="K5" target="I5"/>
  <move id="167" source="I4" target="I3"/>
  <move id="168" source="G8" target="G7"/>
  <move id="169" source="H4" target="I4"/>
  <move id="170" source="I5" target="K5"/>
  <move id="171" source="F4" target="E4"/>
  <move id="172" source="K5" target="I5"/>
  <move id="173" source="E4" target="E5"/>
  <move id="174" source="I5" target="I4"/>
  <move id="175" source="I3" target="I4"/>
  <move id="176" source="G7" target="H7"/>
  <move id="177" source="I4" target="I5"/>
  <move id="178" source="B4" target="C4"/>
  <move id="179" source="I5" target="I6"/>
  <move id="180" source="C4" target="D4"/>
  <move id="181" source="I6" target="I7"/>
  <move id="182" source="D4" target="E4"/>
  <move id="183" source="F3" target="G3"/>
  <move id="184" source="E4" target="F4"/>
  <move id="185" source="I7" target="H7"/>
  <move id="186" source="D8" target="D9"/>
  <move id="187" source="H7" target="H8"/>
  <move id="188" source="E7" target="E6"/>
  <move id="189" source="H8" target="H9"/>
  <move id="190" source="C7" target="B7"/>
  <move id="191" source="H9" target="H8"/>
  <move id="192" source="B7" target="B6"/>
  <move id="193" source="H8" target="H7"/>
  <move id="194" source="B6" target="B5"/>
  <move id="195" source="H7" target="I7"/>
  <move id="196" source="F4" target="G4"/>
  <move id="197" source="G3" target="F3"/>
  <move id="198" source="B5" target="B4"/>
  <move id="199" source="I7" target="I6"/>
  <move id="200" source="B4" target="C4"/>
  <move id="201" source="I6" target="I5"/>
  <move id="202" source="C4" target="D4"/>
  <move id="203" source="I5" target="I4"/>
  <move id="204" source="D4" target="E4"/>
  <move id="205" source="I4" target="H4"/>
  <move id="206" source="E4" target="F4"/>
  <move id="207" source="H4" target="G4"/>
  <move id="208" source="F4" target="F3"/>
  <move id="209" source="K2" target="I2"/>
  <move id="210" source="G:" target="G9"/>
  <move id="211" source="I2" target="I3"/>
  <move id="212" source="G9" target="G8"/>
  <move id="213" source="I3" target="I4"/>
  <move id="214" source="G8" target="G7"/>
  <move id="215" source="I4" target="I5"/>
  <move id="216" source="G7" target="H7"/>
  <move id="217" source="I5" target="I6"/>
  <move id="218" source="D9" target="D8"/>
  <move id="219" source="H1" target="I1"/>
  <move id="220" source="D8" target="E8"/>
  <move id="221" source="I1" target="I2"/>
  <move id="222" source="E8" target="F8"/>
  <move id="223" source="I2" target="I3"/>
  <move id="224" source="H7" target="I7"/>
  <move id="225" source="I6" target="I5"/>
  <move id="226" source="I7" target="I6"/>
  <move id="227" source="I5" target="I4"/>
  <move id="228" source="F8" target="F7"/>
  <move id="229" source="I4" target="H4"/>
  <move id="230" source="F7" target="F6"/>
  <move id="231" source="I3" target="I4"/>
  <move id="232" source="F6" target="F5"/>
  <move id="233" source="G2" target="G3"/>
  <move id="234" source="F3" target="G3"/>
  <move id="235" source="I4" target="I5"/>
  <move id="236" source="F5" target="F4"/>
  <move id="237" source="I5" target="I6"/>
  <move id="238" source="F4" target="F3"/>
  <move id="239" source="H4" target="I4"/>
  <move id="240" source="F3" target="G3"/>
  <move id="241" source="I4" target="I5"/>
  <move id="242" source="G3" target="G4"/>
  <move id="243" source="I5" target="I6"/>
  <move id="244" source="G4" target="F4"/>
  <move id="245" source="I6" target="I7"/>
  <move id="246" source="F4" target="F5"/>
  <move id="247" source="I7" target="H7"/>
  <move id="248" source="F5" target="F6"/>
  <move id="249" source="H7" target="G7"/>
  <move id="250" source="F6" target="F7"/>
  <move id="251" source="G7" target="G8"/>
  <move id="252" source="F7" target="F8"/>
  <move id="253" source="G8" target="G9"/>
  <move id="254" source="F8" target="F9"/>
  <move id="255" source="G9" target="G8"/>
  <move id="256" source="E6" target="E5"/>
  <move id="257" source="H3" target="H4"/>
  <move id="258" source="E5" target="F5"/>
  <move id="259" source="H4" target="G4"/>
  <move id="260" source="F5" target="F6"/>
  <move id="261" source="G4" target="F4"/>
  <move id="262" source="F6" target="F7"/>
  <move id="263" source="F4" target="F5"/>
  <move id="264" source="F7" target="E7"/>
  <move id="265" source="F5" target="F6"/>
  <move id="266" source="E7" target="E8"/>
  <move id="267" source="F6" target="E6"/>
  <move id="268" source="E8" target="D8"/>
  <move id="269" source="G8" target="H8"/>
  <move id="270" source="F9" target="F8"/>
  <move id="271" source="H8" target="H9"/>
  <move id="272" source="D8" target="C8"/>
  <move id="273" source="H2" target="H3"/>
  <move id="274" source="F8" target="F9"/>
  <move id="275" source="H9" target="H8"/>
  <move id="276" source="C8" target="C7"/>
  <move id="277" source="H3" target="H4"/>
  <move id="278" source="C7" target="B7"/>
  <move id="279" source="H4" target="G4"/>
  <move id="280" source="B7" target="B6"/>
  <move id="281" source="G4" target="F4"/>
  <move id="282" source="B6" target="B5"/>
  <move id="283" source="F4" target="F5"/>
  <move id="284" source="B5" target="B4"/>
  <move id="285" source="E6" target="E7"/>
  <move id="286" source="B4" target="B3"/>
  <move id="287" source="E7" target="E8"/>
  <move id="288" source="B3" target="C3"/>
  <move id="289" source="E8" target="D8"/>
  <move id="290" source="C3" target="C2"/>
  <move id="291" source="F5" target="F6"/>
  <move id="292" source="B8" target="C8"/>
  <move id="293" source="D8" target="C8"/>
  <move id="294" source="F9" target="F8"/>
  <move id="295" source="F6" target="E6"/>
  <move id="296" source="F8" target="E8"/>
  <move id="297" source="C8" target="C7"/>
  <move id="298" source="E8" target="E7"/>
  <move id="299" source="E6" target="E5"/>
  <move id="300" source="E7" target="E6"/>
  <move id="301" source="E5" target="E4"/>
  <move id="302" source="E6" target="E5"/>
  <move id="303" source="E4" target="F4"/>
  <move id="304" source="E5" target="E4"/>
  <move id="305" source="F4" target="F5"/>
  <move id="306" source="E4" target="E5"/>
  <move id="307" source="F5" target="F4"/>
  <move id="308" source="C2" target="D2"/>
  <move id="309" source="H8" target="G8"/>
  <move id="310" source="E5" target="E4"/>
  <move id="311" source="F4" target="F5"/>
  <move id="312" source="E4" target="D4"/>
  <move id="313" source="D3" target="C3"/>
  <move id="314" source="D4" target="C4"/>
  <move id="315" source="C3" target="D3"/>
  <move id="316" source="C4" target="C3"/>
  <move id="317" source="D3" target="D4"/>
  <move id="318" source="C3" target="B3"/>
  <move id="319" source="G8" target="F8"/>
  <move id="320" source="B3" target="B2"/>
  <move id="321" source="A2" target="A3"/>
  <move id="322" source="B2" target="B1"/>
  <move id="323" source="C1" target="C4"/>
  <move id="324" source="B1" target="B2"/>
  <move id="325" source="A3" target="A4"/>
  <move id="326" source="B2" target="B3"/>
  <move id="327" source="C4" target="C1"/>
  <move id="328" source="B3" target="B4"/>
  <move id="329" source="A4" target="A3"/>
  <move id="330" source="B4" target="B5"/>
  <move id="331" source="C7" target="C8"/>
  <move id="332" source="B5" target="B6"/>
  <move id="333" source="C1" target="B1"/>
  <move id="334" source="B6" target="B7"/>
  <move id="335" source="B1" target="C1"/>
  <move id="336" source="B7" target="B8"/>
  <move id="337" source="C8" target="C7"/>
  <move id="338" source="B8" target="B7"/>
  <move id="339" source="C7" target="C8"/>
  <move id="340" source="B7" target="B8"/>
  <move id="341" source="C8" target="C7"/>
  <move id="342" source="B8" target="B7"/>
  <move id="343" source="C7" target="C8"/>
  <move id="344" source="B7" target="C7"/>
  <move id="345" source="C8" target="B8"/>
  <move id="346" source="C7" target="C8"/>
  <move id="347" source="B8" target="B7"/>
  <move id="348" source="C8" target="B8"/>
  <move id="349" source="B7" target="C7"/>
  <move id="350" source="B8" target="C8"/>
  <move id="351" source="C7" target="B7"/>
  <move id="352" source="C8" target="D8"/>
  <move id="353" source="F8" target="F7"/>
  <move id="354" source="D8" target="C8"/>
  <move id="355" source="F7" target="E7"/>
  <move id="356" source="C8" target="B8"/>
  <move id="357" source="B7" target="C7"/>
  <move id="358" source="B8" target="B7"/>
  <move id="359" source="C7" target="C8"/>
  <move id="360" source="B7" target="B6"/>
  <move id="361" source="F5" target="F6"/>
  <move id="362" source="B6" target="B5"/>
  <move id="363" source="D4" target="E4"/>
  <move id="364" source="B5" target="B4"/>
  <move id="365" source="E4" target="F4"/>
  <move id="366" source="B4" target="B3"/>
  <move id="367" source="A3" target="A4"/>
  <move id="368" source="B3" target="C3"/>
  <move id="369" source="C1" target="B1"/>
  <move id="370" source="C3" target="B3"/>
  <move id="371" source="B1" target="C1"/>
  <move id="372" source="A8" target="A7"/>
  <move id="373" source="E7" target="D7"/>
  <move id="374" source="A7" target="A6"/>
  <move id="375" source="F6" target="F7"/>
  <move id="376" source="A6" target="A5"/>
  <move id="377" source="F7" target="F8"/>
  <move id="378" source="A5" target="A4"/>
  <move id="379" source="F4" target="G4"/>
  <move id="380" source="A4" target="A3"/>
  <move id="381" source="G4" target="H4"/>
  <move id="382" source="B3" target="C3"/>
  <move id="383" source="C1" target="B1"/>
  <move id="384" source="A3" target="B3"/>
  <move id="385" source="B1" target="C1"/>
  <move id="386" source="C3" target="C2"/>
  <move id="387" source="C1" target="B1"/>
  <move id="388" source="B3" target="B2"/>
  <move id="389" source="H4" target="I4"/>
  <move id="390" source="B2" target="B1"/>
  <move id="391" source="I4" target="I5"/>
  <move id="392" source="B1" target="C1"/>
  <move id="393" source="I5" target="I6"/>
  <move id="394" source="C1" target="D1"/>
  <move id="395" source="I6" target="I7"/>
  <move id="396" source="C2" target="C3"/>
  <move id="397" source="K1" target="I1"/>
  <move id="398" source="C3" target="C4"/>
  <move id="399" source="I1" target="I2"/>
  <move id="400" source="C4" target="B4"/>
  <move id="401" source="I2" target="I3"/>
  <move id="402" source="B4" target="B5"/>
  <move id="403" source="F8" target="F9"/>
  <move id="404" source="B5" target="B6"/>
  <move id="405" source="I3" target="I4"/>
  <move id="406" source="B6" target="B7"/>
  <move id="407" source="I7" target="K7"/>
  <move id="408" source="B7" target="B8"/>
  <move id="409" source="C8" target="C7"/>
  <move id="410" source="B8" target="C8"/>
  <move id="411" source="C7" target="B7"/>
  <move id="412" source="C8" target="C9"/>
  <move id="413" source="F9" target="F8"/>
  <move id="414" source="C9" target="D9"/>
  <move id="415" source="F8" target="E8"/>
  <move id="416" source="D9" target="D8"/>
  <move id="417" source="E8" target="E9"/>
  <move id="418" source="D8" target="D9"/>
  <move id="419" source="E9" target="E8"/>
  <move id="420" source="D9" target="C9"/>
  <move id="421" source="K7" target="I7"/>
  <move id="422" source="C9" target="C8"/>
  <move id="423" source="E8" target="E9"/>
  <move id="424" source="C8" target="D8"/>
  <move id="425" source="I7" target="K7"/>
  <move id="426" source="D8" target="E8"/>
  <move id="427" source="E9" target="D9"/>
  <move id="428" source="E8" target="F8"/>
  <move id="429" source="I4" target="I5"/>
  <move id="430" source="F8" target="G8"/>
  <move id="431" source="I5" target="I4"/>
  <move id="432" source="G8" target="H8"/>
  <move id="433" source="I4" target="H4"/>
  <move id="434" source="H8" target="I8"/>
  <move id="435" source="H4" target="G4"/>
  <move id="436" source="I8" target="I7"/>
  <move id="437" source="K7" target="K8"/>
  <move id="438" source="I7" target="I6"/>
  <move id="439" source="G4" target="F4"/>
  <move id="440" source="I6" target="I7"/>
  <move id="441" source="F4" target="G4"/>
  <move id="442" source="I7" target="I8"/>
  <move id="443" source="K8" target="K7"/>
  <move id="444" source="I8" target="I7"/>
  <move id="445" source="K7" target="K8"/>
  <move id="446" source="I7" target="I6"/>
  <move id="447" source="G4" target="F4"/>
  <move id="448" source="I6" target="I7"/>
  <move id="449" source="F4" target="F5"/>
  <move id="450" source="I7" target="H7"/>
  <move id="451" source="F5" target="F4"/>
  <move id="452" source="H7" target="G7"/>
  <move id="453" source="F4" target="G4"/>
  <move id="454" source="G7" target="F7"/>
  <move id="455" source="G4" target="H4"/>
  <move id="456" source="F7" target="E7"/>
  <move id="457" source="H4" target="I4"/>
  <move id="458" source="E7" target="E8"/>
  <move id="459" source="I4" target="I5"/>
  <move id="460" source="E8" target="D8"/>
  <move id="461" source="D9" target="E9"/>
  <move id="462" source="D8" target="C8"/>
  <move id="463" source="I5" target="I6"/>
  <move id="464" source="C8" target="B8"/>
  <move id="465" source="B7" target="C7"/>
  <move id="466" source="B8" target="B7"/>
  <move id="467" source="C7" target="C8"/>
  <move id="468" source="B7" target="C7"/>
  <move id="469" source="C8" target="B8"/>
  <move id="470" source="C7" target="B7"/>
  <move id="471" source="B8" target="C8"/>
  <move id="472" source="B7" target="B8"/>
  <move id="473" source="C8" target="C7"/>
  <move id="474" source="B8" target="B7"/>
  <move id="475" source="C7" target="C8"/>
  <move id="476" source="B7" target="B6"/>
  <move id="477" source="I6" target="I7"/>
  <move id="478" source="B6" target="B7"/>
  <move id="479" source="I7" target="H7"/>
  <move id="480" source="B7" target="B8"/>
  <move id="481" source="C8" target="C7"/>
  <move id="482" source="B8" target="C8"/>
  <move id="483" source="C7" target="B7"/>
  <move id="484" source="C8" target="D8"/>
  <move id="485" source="H7" target="I7"/>
  <move id="486" source="D8" target="E8"/>
  <move id="487" source="E9" target="D9"/>
  <move id="488" source="E8" target="F8"/>
  <move id="489" source="I7" target="I6"/>
  <move id="490" source="F8" target="G8"/>
  <move id="491" source="K8" target="K7"/>
  <move id="492" source="G8" target="H8"/>
  <move id="493" source="I6" target="I5"/>
  <move id="494" source="H8" target="I8"/>
  <move id="495" source="I5" target="I4"/>
  <move id="496" source="I8" target="I7"/>
  <move id="497" source="K7" target="K8"/>
  <move id="498" source="I7" target="I6"/>
  <move id="499" source="I4" target="H4"/>
  <move id="500" source="I6" target="I7"/>
  <move id="501" source="H4" target="G4"/>
  <move id="502" source="I7" target="H7"/>
  <move id="503" source="D9" target="D:"/>
  <player id="1">Player 1</player>
  <player id="2">Player 2</player>
  <result type="1" winner="1"/>
 </game>
</stratego>