<?xml version="1.0" encoding="UTF-8"?>
<stratego>
 <game type="classic">
  
  <field content="BEBMHBBBBEFDHIDIICJFGDGJLDEDHEDFEDGFHKGDAA__AA__AAAA__AA__AASRRSNRVWPUTNVQNROQTXQUNSTPPPPPSNYNQUQTPP"/>
  <move id="1" source="F4" target="F5"/>
  <move id="2" source="K7" target="K6"/>
  <move id="3" source="E4" target="E5"/>
  <move id="4" source="K6" target="K5"/>
  <move id="5" source="E3" target="E4"/>
  <move id="6" source="I7" target="I4"/>
  <move id="7" source="F5" target="F6"/>
  <move id="8" source="I8" target="I7"/>
  <move id="9" source="E5" target="E6"/>
  <move id="10" source="I7" target="I6"/>
  <move id="11" source="E4" target="E5"/>
  <move id="12" source="I6" target="I5"/>
  <move id="13" source="G4" target="F4"/>
  <move id="14" source="K8" target="K7"/>
  <move id="15" source="F4" target="F5"/>
  <move id="16" source="K7" target="K6"/>
  <move id="17" source="F6" target="F7"/>
  <move id="18" source="F8" target="F7"/>
  <move id="19" source="D4" target="E4"/>
  <move id="20" source="K6" target="I6"/>
  <move id="21" source="E4" target="E3"/>
  <move id="22" source="I5" target="I4"/>
  <move id="23" source="H4" target="I4"/>
  <move id="24" source="K5" target="I5"/>
  <move id="25" source="H3" target="H4"/>
  <move id="26" source="K9" target="K4"/>
  <move id="27" source="C4" target="D4"/>
  <move id="28" source="I6" target="K6"/>
  <move id="29" source="D4" target="E4"/>
  <move id="30" source="K6" target="K5"/>
  <move id="31" source="F5" target="F4"/>
  <move id="32" source="K5" target="K6"/>
  <move id="33" source="E5" target="F5"/>
  <move id="34" source="K6" target="I6"/>
  <move id="35" source="E4" target="E5"/>
  <move id="36" source="K:" target="K3"/>
  <move id="37" source="E6" target="F6"/>
  <move id="38" source="I6" target="K6"/>
  <move id="39" source="E5" target="E6"/>
  <move id="40" source="K6" target="K5"/>
  <move id="41" source="K3" target="K4"/>
  <move id="42" source="I5" target="I6"/>
  <move id="43" source="F4" target="E4"/>
  <move id="44" source="I6" target="K6"/>
  <move id="45" source="E4" target="E5"/>
  <move id="46" source="K5" target="K4"/>
  <move id="47" source="E6" target="E7"/>
  <move id="48" source="F7" target="E7"/>
  <move id="49" source="F6" target="F7"/>
  <move id="50" source="E7" target="F7"/>
  <move id="51" source="F5" target="F6"/>
  <move id="52" source="D7" target="E7"/>
  <move id="53" source="E5" target="E6"/>
  <move id="54" source="E7" target="E6"/>
  <move id="55" source="E6" target="E5"/>
  <move id="56" source="C7" target="D7"/>
  <move id="57" source="E5" target="F5"/>
  <move id="58" source="D7" target="E7"/>
  <move id="59" source="E3" target="E7"/>
  <move id="60" source="E7" target="E6"/>
  <move id="61" source="C3" target="C4"/>
  <move id="62" source="E6" target="F6"/>
  <move id="63" source="C4" target="D4"/>
  <move id="64" source="G8" target="F8"/>
  <move id="65" source="F7" target="E7"/>
  <move id="66" source="G7" target="F7"/>
  <move id="67" source="E7" target="F7"/>
  <move id="68" source="F7" target="G7"/>
  <move id="69" source="F3" target="E3"/>
  <move id="70" source="D8" target="D7"/>
  <move id="71" source="E3" target="E8"/>
  <move id="72" source="D7" target="E7"/>
  <move id="73" source="D4" target="E4"/>
  <move id="74" source="C8" target="D8"/>
  <move id="75" source="E4" target="E5"/>
  <move id="76" source="D8" target="D7"/>
  <move id="77" source="F5" target="F4"/>
  <move id="78" source="F8" target="G8"/>
  <move id="79" source="E5" target="E6"/>
  <move id="80" source="E7" target="F7"/>
  <move id="81" source="F6" target="F7"/>
  <move id="82" source="B7" target="B6"/>
  <move id="83" source="E6" target="E7"/>
  <move id="84" source="B6" target="A6"/>
  <move id="85" source="E7" target="D7"/>
  <move id="86" source="A6" target="A5"/>
  <move id="87" source="F4" target="E4"/>
  <move id="88" source="F9" target="F8"/>
  <move id="89" source="F7" target="F6"/>
  <move id="90" source="A5" target="B5"/>
  <move id="91" source="G3" target="F3"/>
  <move id="92" source="B5" target="B4"/>
  <move id="93" source="F3" target="F4"/>
  <move id="94" source="D7" target="C7"/>
  <move id="95" source="F4" target="F5"/>
  <move id="96" source="C7" target="B7"/>
  <move id="97" source="F5" target="E5"/>
  <move id="98" source="B7" target="B6"/>
  <move id="99" source="E5" target="E6"/>
  <move id="100" source="B6" target="B5"/>
  <move id="101" source="E6" target="E7"/>
  <move id="102" source="B5" target="B4"/>
  <move id="103" source="E2" target="E3"/>
  <move id="104" source="B4" target="C4"/>
  <move id="105" source="E3" target="F3"/>
  <move id="106" source="C4" target="D4"/>
  <move id="107" source="D3" target="D4"/>
  <move id="108" source="H7" target="I7"/>
  <move id="109" source="F6" target="E6"/>
  <move id="110" source="G7" target="F7"/>
  <move id="111" source="E7" target="D7"/>
  <move id="112" source="I7" target="I6"/>
  <move id="113" source="D7" target="D8"/>
  <move id="114" source="I6" target="I5"/>
  <move id="115" source="D8" target="E8"/>
  <move id="116" source="E9" target="E8"/>
  <move id="117" source="H2" target="H3"/>
  <move id="118" source="K4" target="I4"/>
  <move id="119" source="H3" target="G3"/>
  <move id="120" source="I4" target="K4"/>
  <move id="121" source="G3" target="G4"/>
  <move id="122" source="I5" target="I4"/>
  <move id="123" source="G4" target="F4"/>
  <move id="124" source="I4" target="H4"/>
  <move id="125" source="F4" target="F5"/>
  <move id="126" source="H4" target="G4"/>
  <move id="127" source="F5" target="F6"/>
  <move id="128" source="G4" target="F4"/>
  <move id="129" source="E4" target="E5"/>
  <move id="130" source="F4" target="F3"/>
  <move id="131" source="B3" target="B4"/>
  <move id="132" source="F3" target="F4"/>
  <move id="133" source="B4" target="B5"/>
  <move id="134" source="I9" target="I3"/>
  <move id="135" source="B5" target="B6"/>
  <move id="136" source="K6" target="I6"/>
  <move id="137" source="B6" target="B7"/>
  <move id="138" source="I6" target="I5"/>
  <move id="139" source="B7" target="C7"/>
  <move id="140" source="E8" target="D8"/>
  <move id="141" source="C7" target="D7"/>
  <move id="142" source="D8" target="D7"/>
  <move id="143" source="B2" target="B3"/>
  <move id="144" source="I5" target="I4"/>
  <move id="145" source="B3" target="B4"/>
  <move id="146" source="I4" target="I3"/>
  <move id="147" source="I2" target="I3"/>
  <move id="148" source="F4" target="G4"/>
  <move id="149" source="E5" target="E4"/>
  <move id="150" source="G4" target="G3"/>
  <move id="151" source="F6" target="F5"/>
  <move id="152" source="G3" target="H3"/>
  <move id="153" source="E6" target="F6"/>
  <move id="154" source="H3" target="I3"/>
  <move id="155" source="E4" target="E5"/>
  <move id="156" source="F:" target="F9"/>
  <move id="157" source="E5" target="E6"/>
  <move id="158" source="F9" target="E9"/>
  <move id="159" source="E6" target="E5"/>
  <move id="160" source="E9" target="E8"/>
  <move id="161" source="E5" target="E4"/>
  <move id="162" source="E8" target="E7"/>
  <move id="163" source="B4" target="B5"/>
  <move id="164" source="D7" target="D8"/>
  <move id="165" source="B5" target="B6"/>
  <move id="166" source="E7" target="D7"/>
  <move id="167" source="E4" target="E3"/>
  <move id="168" source="I3" target="H3"/>
  <move id="169" source="A4" target="B4"/>
  <move id="170" source="H3" target="H2"/>
  <move id="171" source="B4" target="C4"/>
  <move id="172" source="I:" target="I1"/>
  <move id="173" source="C4" target="D4"/>
  <move id="174" source="H8" target="I8"/>
  <move id="175" source="D4" target="E4"/>
  <move id="176" source="H2" target="H3"/>
  <move id="177" source="E4" target="E5"/>
  <move id="178" source="H3" target="G3"/>
  <move id="179" source="E5" target="E9"/>
  <move id="180" source="D9" target="E9"/>
  <move id="181" source="E3" target="E4"/>
  <move id="182" source="G3" target="F3"/>
  <move id="183" source="E4" target="D4"/>
  <move id="184" source="F3" target="E3"/>
  <move id="185" source="B6" target="B7"/>
  <move id="186" source="E3" target="E4"/>
  <move id="187" source="D4" target="D3"/>
  <move id="188" source="D7" target="C7"/>
  <move id="189" source="B7" target="B8"/>
  <move id="190" source="I8" target="I7"/>
  <move id="191" source="F6" target="E6"/>
  <move id="192" source="F7" target="E7"/>
  <move id="193" source="E6" target="E7"/>
  <move id="194" source="I7" target="I6"/>
  <move id="195" source="E7" target="D7"/>
  <move id="196" source="C7" target="B7"/>
  <move id="197" source="D7" target="D8"/>
  <move id="198" source="E4" target="E5"/>
  <move id="199" source="F5" target="F6"/>
  <move id="200" source="E5" target="E6"/>
  <move id="201" source="F6" target="F7"/>
  <move id="202" source="F8" target="F9"/>
  <move id="203" source="D8" target="E8"/>
  <move id="204" source="E6" target="F6"/>
  <move id="205" source="F7" target="E7"/>
  <move id="206" source="F6" target="F7"/>
  <move id="207" source="E7" target="E6"/>
  <move id="208" source="F9" target="F8"/>
  <move id="209" source="E8" target="E7"/>
  <move id="210" source="F7" target="F6"/>
  <move id="211" source="E6" target="E5"/>
  <move id="212" source="I6" target="I5"/>
  <move id="213" source="E7" target="E6"/>
  <move id="214" source="F6" target="F5"/>
  <move id="215" source="E5" target="E4"/>
  <move id="216" source="I5" target="I4"/>
  <move id="217" source="E6" target="F6"/>
  <move id="218" source="F5" target="E5"/>
  <move id="219" source="E4" target="F4"/>
  <move id="220" source="I4" target="I3"/>
  <move id="221" source="G2" target="H2"/>
  <move id="222" source="I3" target="K3"/>
  <move id="223" source="K2" target="K3"/>
  <move id="224" source="K4" target="K3"/>
  <move id="225" source="F6" target="F5"/>
  <move id="226" source="E5" target="E4"/>
  <move id="227" source="F4" target="F3"/>
  <move id="228" source="E4" target="E3"/>
  <move id="229" source="F5" target="F4"/>
  <move id="230" source="E3" target="D3"/>
  <move id="231" source="F4" target="E4"/>
  <move id="232" source="F8" target="F7"/>
  <move id="233" source="F3" target="F4"/>
  <move id="234" source="F7" target="E7"/>
  <move id="235" source="F4" target="F5"/>
  <move id="236" source="E7" target="E6"/>
  <move id="237" source="F5" target="E5"/>
  <move id="238" source="E6" target="F6"/>
  <move id="239" source="E5" target="F5"/>
  <move id="240" source="F6" target="E6"/>
  <move id="241" source="F5" target="E5"/>
  <move id="242" source="E6" target="F6"/>
  <move id="243" source="F2" target="F3"/>
  <move id="244" source="K3" target="K4"/>
  <move id="245" source="F3" target="F4"/>
  <move id="246" source="K4" target="I4"/>
  <move id="247" source="E5" target="E6"/>
  <move id="248" source="F6" target="F7"/>
  <move id="249" source="F4" target="F5"/>
  <move id="250" source="I4" target="I5"/>
  <move id="251" source="F5" target="F6"/>
  <move id="252" source="F7" target="G7"/>
  <move id="253" source="F6" target="F7"/>
  <move id="254" source="G7" target="H7"/>
  <move id="255" source="F7" target="G7"/>
  <move id="256" source="H7" target="I7"/>
  <move id="257" source="G7" target="G8"/>
  <move id="258" source="I7" target="K7"/>
  <move id="259" source="G8" target="G7"/>
  <move id="260" source="I5" target="I6"/>
  <move id="261" source="G7" target="F7"/>
  <move id="262" source="I6" target="I7"/>
  <move id="263" source="E6" target="E5"/>
  <move id="264" source="I7" target="H7"/>
  <move id="265" source="F7" target="E7"/>
  <move id="266" source="H7" target="G7"/>
  <move id="267" source="E7" target="D7"/>
  <move id="268" source="G7" target="F7"/>
  <move id="269" source="D7" target="C7"/>
  <move id="270" source="B7" target="B6"/>
  <move id="271" source="C7" target="B7"/>
  <move id="272" source="B6" target="B5"/>
  <move id="273" source="B7" target="B6"/>
  <move id="274" source="B5" target="B4"/>
  <move id="275" source="B6" target="B5"/>
  <move id="276" source="B4" target="B3"/>
  <move id="277" source="B5" target="B4"/>
  <move id="278" source="B3" target="B2"/>
  <move id="279" source="B4" target="B3"/>
  <move id="280" source="F7" target="E7"/>
  <move id="281" source="B3" target="B2"/>
  <move id="282" source="E7" target="E6"/>
  <move id="283" source="E5" target="E6"/>
  <move id="284" source="E9" target="E8"/>
  <move id="285" source="E6" target="E7"/>
  <move id="286" source="E8" target="E7"/>
  <move id="287" source="A3" target="B3"/>
  <move id="288" source="D3" target="C3"/>
  <move id="289" source="B3" target="B4"/>
  <move id="290" source="C3" target="C4"/>
  <move id="291" source="B4" target="B5"/>
  <move id="292" source="C4" target="B4"/>
  <move id="293" source="B5" target="B6"/>
  <move id="294" source="B4" target="B5"/>
  <move id="295" source="B6" target="B7"/>
  <move id="296" source="E7" target="E8"/>
  <move id="297" source="B7" target="C7"/>
  <move id="298" source="B5" target="B6"/>
  <move id="299" source="C7" target="D7"/>
  <move id="300" source="B6" target="B5"/>
  <move id="301" source="E4" target="D4"/>
  <move id="302" source="B5" target="B6"/>
  <move id="303" source="D7" target="E7"/>
  <move id="304" source="E8" target="D8"/>
  <move id="305" source="E7" target="E8"/>
  <move id="306" source="D8" target="C8"/>
  <move id="307" source="E8" target="D8"/>
  <move id="308" source="C8" target="C7"/>
  <move id="309" source="D4" target="C4"/>
  <move id="310" source="B6" target="B7"/>
  <move id="311" source="C4" target="B4"/>
  <move id="312" source="C7" target="D7"/>
  <move id="313" source="D8" target="D7"/>
  <move id="314" source="B7" target="C7"/>
  <move id="315" source="B4" target="C4"/>
  <move id="316" source="H9" target="H8"/>
  <move id="317" source="C4" target="D4"/>
  <move id="318" source="H8" target="H7"/>
  <move id="319" source="A2" target="A3"/>
  <move id="320" source="H7" target="I7"/>
  <move id="321" source="A3" target="B3"/>
  <move id="322" source="I7" target="I6"/>
  <move id="323" source="B3" target="C3"/>
  <move id="324" source="I6" target="I5"/>
  <move id="325" source="C3" target="D3"/>
  <move id="326" source="I5" target="I4"/>
  <move id="327" source="D3" target="E3"/>
  <move id="328" source="I4" target="I3"/>
  <move id="329" source="E3" target="F3"/>
  <move id="330" source="A7" target="A6"/>
  <move id="331" source="F3" target="G3"/>
  <move id="332" source="A6" target="A5"/>
  <move id="333" source="G3" target="H3"/>
  <move id="334" source="I3" target="K3"/>
  <move id="335" source="H3" target="I3"/>
  <move id="336" source="K3" target="K4"/>
  <move id="337" source="I3" target="I4"/>
  <move id="338" source="K4" target="K5"/>
  <move id="339" source="I4" target="I5"/>
  <move id="340" source="K5" target="K4"/>
  <move id="341" source="K1" target="K2"/>
  <move id="342" source="A5" target="A4"/>
  <move id="343" source="K2" target="K3"/>
  <move id="344" source="A4" target="A3"/>
  <move id="345" source="K3" target="I3"/>
  <move id="346" source="A3" target="A2"/>
  <move id="347" source="I3" target="H3"/>
  <move id="348" source="A2" target="A1"/>
  <move id="349" source="H3" target="G3"/>
  <move id="350" source="C7" target="D7"/>
  <move id="351" source="D4" target="E4"/>
  <move id="352" source="D7" target="E7"/>
  <move id="353" source="G3" target="F3"/>
  <move id="354" source="E7" target="F7"/>
  <move id="355" source="F3" target="E3"/>
  <move id="356" source="F7" target="G7"/>
  <move id="357" source="E4" target="F4"/>
  <move id="358" source="G7" target="H7"/>
  <move id="359" source="F4" target="G4"/>
  <move id="360" source="H7" target="I7"/>
  <move id="361" source="G4" target="H4"/>
  <move id="362" source="I7" target="I6"/>
  <move id="363" source="I5" target="I4"/>
  <move id="364" source="K4" target="K3"/>
  <move id="365" source="I4" target="I3"/>
  <move id="366" source="K3" target="K4"/>
  <move id="367" source="E3" target="E4"/>
  <move id="368" source="I6" target="I7"/>
  <move id="369" source="H4" target="G4"/>
  <move id="370" source="I7" target="H7"/>
  <move id="371" source="G4" target="F4"/>
  <move id="372" source="H7" target="G7"/>
  <move id="373" source="F4" target="F5"/>
  <move id="374" source="G7" target="F7"/>
  <move id="375" source="F5" target="F6"/>
  <move id="376" source="F7" target="E7"/>
  <move id="377" source="F6" target="E6"/>
  <move id="378" source="E7" target="D7"/>
  <move id="379" source="E4" target="F4"/>
  <move id="380" source="D7" target="C7"/>
  <move id="381" source="F4" target="F5"/>
  <move id="382" source="C7" target="B7"/>
  <move id="383" source="F5" target="F6"/>
  <move id="384" source="B7" target="B6"/>
  <move id="385" source="E6" target="E5"/>
  <move id="386" source="B6" target="B5"/>
  <move id="387" source="E5" target="E4"/>
  <move id="388" source="B5" target="B4"/>
  <move id="389" source="E4" target="D4"/>
  <move id="390" source="B4" target="B5"/>
  <move id="391" source="F6" target="F7"/>
  <move id="392" source="B5" target="B6"/>
  <move id="393" source="D4" target="E4"/>
  <move id="394" source="B6" target="B7"/>
  <move id="395" source="E4" target="E5"/>
  <move id="396" source="A8" target="A7"/>
  <move id="397" source="F7" target="E7"/>
  <move id="398" source="A7" target="A6"/>
  <move id="399" source="E7" target="D7"/>
  <move id="400" source="K7" target="D7"/>
  <move id="401" source="D7" target="D8"/>
  <move id="402" source="E:" target="E9"/>
  <move id="403" source="D8" target="C8"/>
  <move id="404" source="A6" target="A5"/>
  <move id="405" source="C2" target="B2"/>
  <move id="406" source="E9" target="D9"/>
  <move id="407" source="C8" target="C9"/>
  <move id="408" source="B9" target="C9"/>
  <move id="409" source="I3" target="K3"/>
  <move id="410" source="K4" target="I4"/>
  <move id="411" source="K3" target="I3"/>
  <move id="412" source="I4" target="K4"/>
  <move id="413" source="I3" target="I4"/>
  <move id="414" source="K4" target="K3"/>
  <move id="415" source="H2" target="I2"/>
  <move id="416" source="B7" target="B6"/>
  <move id="417" source="I4" target="K4"/>
  <move id="418" source="K3" target="F3"/>
  <move id="419" source="E5" target="E4"/>
  <move id="420" source="B6" target="B5"/>
  <move id="421" source="E4" target="D4"/>
  <move id="422" source="B5" target="B4"/>
  <move id="423" source="B2" target="C2"/>
  <move id="424" source="B4" target="B3"/>
  <move id="425" source="D4" target="C4"/>
  <move id="426" source="C9" target="C8"/>
  <move id="427" source="C2" target="C3"/>
  <move id="428" source="C8" target="D8"/>
  <move id="429" source="C3" target="D3"/>
  <move id="430" source="D8" target="E8"/>
  <move id="431" source="D3" target="E3"/>
  <move id="432" source="F3" target="F8"/>
  <move id="433" source="K4" target="I4"/>
  <move id="434" source="E8" target="E7"/>
  <move id="435" source="I4" target="H4"/>
  <move id="436" source="E7" target="E6"/>
  <move id="437" source="H4" target="G4"/>
  <move id="438" source="E6" target="E5"/>
  <move id="439" source="G4" target="F4"/>
  <move id="440" source="F8" target="I8"/>
  <move id="441" source="E3" target="F3"/>
  <move id="442" source="A5" target="A4"/>
  <move id="443" source="F3" target="G3"/>
  <move id="444" source="A4" target="A3"/>
  <move id="445" source="C4" target="C3"/>
  <move id="446" source="B3" target="B4"/>
  <move id="447" source="F4" target="F5"/>
  <move id="448" source="A3" target="A2"/>
  <move id="449" source="F5" target="F6"/>
  <move id="450" source="B4" target="B5"/>
  <move id="451" source="F6" target="F7"/>
  <move id="452" source="B5" target="B6"/>
  <move id="453" source="C3" target="C4"/>
  <move id="454" source="B6" target="B7"/>
  <move id="455" source="C4" target="D4"/>
  <move id="456" source="B7" target="C7"/>
  <move id="457" source="D4" target="E4"/>
  <move id="458" source="E5" target="F5"/>
  <move id="459" source="F7" target="E7"/>
  <move id="460" source="C7" target="D7"/>
  <move id="461" source="E7" target="E8"/>
  <move id="462" source="D7" target="D8"/>
  <move id="463" source="E8" target="E7"/>
  <move id="464" source="F5" target="F6"/>
  <move id="465" source="E4" target="E5"/>
  <move id="466" source="A2" target="B2"/>
  <move id="467" source="B1" target="B2"/>
  <move id="468" source="F6" target="F7"/>
  <move id="469" source="E5" target="E6"/>
  <move id="470" source="D9" target="C9"/>
  <move id="471" source="E7" target="E8"/>
  <move id="472" source="F7" target="G7"/>
  <move id="473" source="E6" target="E7"/>
  <move id="474" source="C9" target="C8"/>
  <move id="475" source="E8" target="E9"/>
  <move id="476" source="D8" target="D9"/>
  <move id="477" source="E9" target="E8"/>
  <move id="478" source="C8" target="C7"/>
  <move id="479" source="E7" target="D7"/>
  <move id="480" source="C7" target="B7"/>
  <move id="481" source="D2" target="C2"/>
  <move id="482" source="B2" target="C2"/>
  <move id="483" source="D7" target="C7"/>
  <move id="484" source="B7" target="A7"/>
  <move id="485" source="C7" target="B7"/>
  <move id="486" source="A7" target="A6"/>
  <move id="487" source="C2" target="B2"/>
  <move id="488" source="G7" target="F7"/>
  <move id="489" source="I2" target="H2"/>
  <move id="490" source="F7" target="F8"/>
  <move id="491" source="E8" target="E7"/>
  <move id="492" source="D9" target="D8"/>
  <move id="493" source="B7" target="C7"/>
  <move id="494" source="F8" target="F7"/>
  <move id="495" source="C7" target="D7"/>
  <move id="496" source="D8" target="E8"/>
  <move id="497" source="H2" target="G2"/>
  <move id="498" source="A6" target="A5"/>
  <move id="499" source="G2" target="F2"/>
  <move id="500" source="F7" target="F6"/>
  <move id="501" source="F2" target="F3"/>
  <move id="502" source="F6" target="F5"/>
  <move id="503" source="F3" target="F4"/>
  <move id="504" source="F5" target="F4"/>
  <move id="505" source="G3" target="F3"/>
  <move id="506" source="I8" target="I7"/>
  <move id="507" source="F3" target="E3"/>
  <move id="508" source="H:" target="H9"/>
  <move id="509" source="E7" target="F7"/>
  <move id="510" source="H9" target="H8"/>
  <move id="511" source="F7" target="G7"/>
  <move id="512" source="I7" target="I6"/>
  <move id="513" source="G7" target="H7"/>
  <move id="514" source="H8" target="G8"/>
  <move id="515" source="H7" target="G7"/>
  <move id="516" source="G8" target="G7"/>
  <move id="517" source="D7" target="E7"/>
  <move id="518" source="E8" target="D8"/>
  <move id="519" source="B2" target="B3"/>
  <move id="520" source="D8" target="C8"/>
  <move id="521" source="E7" target="D7"/>
  <move id="522" source="G7" target="F7"/>
  <move id="523" source="B3" target="C3"/>
  <move id="524" source="I6" target="I5"/>
  <move id="525" source="C3" target="D3"/>
  <move id="526" source="A5" target="A4"/>
  <move id="527" source="E3" target="E2"/>
  <move id="528" source="A4" target="A3"/>
  <move id="529" source="E2" target="D2"/>
  <move id="530" source="A3" target="A2"/>
  <move id="531" source="D2" target="C2"/>
  <move id="532" source="I5" target="I4"/>
  <move id="533" source="E1" target="E2"/>
  <move id="534" source="F7" target="F6"/>
  <move id="535" source="D3" target="E3"/>
  <move id="536" source="F6" target="F5"/>
  <move id="537" source="E3" target="E4"/>
  <move id="538" source="I4" target="I3"/>
  <move id="539" source="D7" target="E7"/>
  <move id="540" source="A2" target="A1"/>
  <move id="541" source="C2" target="B2"/>
  <move id="542" source="I3" target="C3"/>
  <move id="543" source="E7" target="E6"/>
  <move id="544" source="C3" target="C1"/>
  <move id="545" source="E6" target="F6"/>
  <move id="546" source="C8" target="C7"/>
  <move id="547" source="F6" target="F5"/>
  <move id="548" source="C7" target="B7"/>
  <move id="549" source="F5" target="F4"/>
  <move id="550" source="B7" target="B6"/>
  <move id="551" source="F4" target="F3"/>
  <move id="552" source="B6" target="B5"/>
  <move id="553" source="F3" target="E3"/>
  <move id="554" source="B5" target="B4"/>
  <move id="555" source="E3" target="D3"/>
  <move id="556" source="B4" target="B3"/>
  <move id="557" source="B2" target="B1"/>
  <move id="558" source="A1" target="A2"/>
  <move id="559" source="D3" target="C3"/>
  <move id="560" source="B3" target="B2"/>
  <move id="561" source="B1" target="A1"/>
  <move id="562" source="A2" target="A3"/>
  <move id="563" source="E4" target="E5"/>
  <move id="564" source="A3" target="A4"/>
  <move id="565" source="E5" target="E6"/>
  <move id="566" source="G9" target="F9"/>
  <move id="567" source="E6" target="E7"/>
  <move id="568" source="F9" target="F4"/>
  <move id="569" source="E7" target="D7"/>
  <move id="570" source="F4" target="D4"/>
  <move id="571" source="E2" target="D2"/>
  <move id="572" source="D4" target="E4"/>
  <move id="573" source="D2" target="E2"/>
  <move id="574" source="A4" target="B4"/>
  <move id="575" source="D7" target="C7"/>
  <move id="576" source="B4" target="C4"/>
  <move id="577" source="C3" target="C2"/>
  <move id="578" source="B2" target="B1"/>
  <move id="579" source="A1" target="A2"/>
  <move id="580" source="B1" target="A1"/>
  <move id="581" source="A2" target="B2"/>
  <move id="582" source="A1" target="A2"/>
  <move id="583" source="B2" target="B3"/>
  <move id="584" source="E4" target="K4"/>
  <move id="585" source="B3" target="B4"/>
  <move id="586" source="C4" target="D4"/>
  <move id="587" source="C7" target="D7"/>
  <move id="588" source="D4" target="E4"/>
  <move id="589" source="D7" target="E7"/>
  <move id="590" source="E4" target="F4"/>
  <move id="591" source="E7" target="F7"/>
  <move id="592" source="F4" target="G4"/>
  <move id="593" source="F7" target="G7"/>
  <move id="594" source="G4" target="G3"/>
  <move id="595" source="G7" target="F7"/>
  <move id="596" source="G3" target="H3"/>
  <move id="597" source="B4" target="C4"/>
  <move id="598" source="H3" target="H2"/>
  <move id="599" source="C4" target="D4"/>
  <move id="600" source="H2" target="H1"/>
  <move id="601" source="D4" target="D3"/>
  <move id="602" source="H1" target="G1"/>
  <move id="603" source="E2" target="E1"/>
  <move id="604" source="K4" target="K2"/>
  <move id="605" source="F7" target="F6"/>
  <move id="606" source="G1" target="F1"/>
  <move id="607" source="E1" target="F1"/>
  <move id="608" source="A2" target="A3"/>
  <move id="609" source="C2" target="B2"/>
  <move id="610" source="A3" target="A4"/>
  <move id="611" source="B2" target="B3"/>
  <move id="612" source="A4" target="A5"/>
  <move id="613" source="B3" target="B4"/>
  <move id="614" source="K2" target="A2"/>
  <move id="615" source="F6" target="F7"/>
  <move id="616" source="A2" target="K2"/>
  <move id="617" source="F7" target="E7"/>
  <move id="618" source="G:" target="G9"/>
  <move id="619" source="E7" target="E8"/>
  <move id="620" source="G9" target="G8"/>
  <move id="621" source="E8" target="D8"/>
  <move id="622" source="G8" target="G7"/>
  <move id="623" source="D8" target="C8"/>
  <move id="624" source="G7" target="F7"/>
  <move id="625" source="C8" target="C9"/>
  <move id="626" source="F7" target="F6"/>
  <move id="627" source="B4" target="C4"/>
  <move id="628" source="F6" target="F5"/>
  <move id="629" source="C4" target="C3"/>
  <move id="630" source="F5" target="F4"/>
  <move id="631" source="C3" target="C2"/>
  <move id="632" source="F4" target="E4"/>
  <move id="633" source="C2" target="D2"/>
  <move id="634" source="A5" target="A4"/>
  <move id="635" source="C9" target="D9"/>
  <move id="636" source="A4" target="B4"/>
  <move id="637" source="D9" target="D8"/>
  <move id="638" source="B4" target="C4"/>
  <move id="639" source="D3" target="E3"/>
  <move id="640" source="E4" target="D4"/>
  <move id="641" source="E3" target="E4"/>
  <move id="642" source="K2" target="H2"/>
  <move id="643" source="D8" target="E8"/>
  <move id="644" source="H2" target="G2"/>
  <move id="645" source="E8" target="E7"/>
  <move id="646" source="G2" target="H2"/>
  <move id="647" source="E7" target="E6"/>
  <move id="648" source="H2" target="H1"/>
  <move id="649" source="E6" target="E5"/>
  <move id="650" source="H1" target="H2"/>
  <move id="651" source="E5" target="F5"/>
  <move id="652" source="H2" target="H1"/>
  <move id="653" source="F5" target="F4"/>
  <move id="654" source="H1" target="H4"/>
  <move id="655" source="F4" target="F3"/>
  <move id="656" source="A9" target="A8"/>
  <move id="657" source="F3" target="E3"/>
  <move id="658" source="A8" target="A7"/>
  <move id="659" source="E3" target="E2"/>
  <move id="660" source="A7" target="A6"/>
  <move id="661" source="D2" target="D3"/>
  <move id="662" source="A6" target="A5"/>
  <move id="663" source="E4" target="D4"/>
  <move id="664" source="A5" target="A4"/>
  <move id="665" source="D4" target="E4"/>
  <move id="666" source="A4" target="A3"/>
  <move id="667" source="E2" target="D2"/>
  <move id="668" source="A3" target="A2"/>
  <move id="669" source="D2" target="C2"/>
  <move id="670" source="A2" target="A1"/>
  <move id="671" source="C2" target="B2"/>
  <move id="672" source="H4" target="H2"/>
  <move id="673" source="E4" target="E3"/>
  <move id="674" source="C4" target="C3"/>
  <move id="675" source="E3" target="E2"/>
  <move id="676" source="C3" target="C2"/>
  <move id="677" source="B2" target="B1"/>
  <move id="678" source="A1" target="A2"/>
  <move id="679" source="D3" target="C3"/>
  <move id="680" source="C2" target="D2"/>
  <move id="681" source="C3" target="D3"/>
  <move id="682" source="D2" target="D1"/>
  <player id="1">Player 1</player>
  <player id="2">Player 2</player>
  <result type="1" winner="2"/>
 </game>
</stratego>