<?xml version="1.0" encoding="UTF-8"?>
<stratego>
 <game type="classic">
  
  <field content="EDEDEIBMBFHDEGDBJBFBBIKCGDDLHDFGDJHFEIHGAA__AA__AAAA__AA__AAPPSRSRTNRPSWPTOVXPTPRPUVTQQUSNUQNNYNNQQP"/>
  <move id="1" source="A4" target="A5"/>
  <move id="2" source="E7" target="E6"/>
  <move id="3" source="I4" target="I5"/>
  <move id="4" source="D7" target="E7"/>
  <move id="5" source="K4" target="K5"/>
  <move id="6" source="D8" target="D7"/>
  <move id="7" source="E4" target="E5"/>
  <move id="8" source="B7" target="B6"/>
  <move id="9" source="E5" target="E6"/>
  <move id="10" source="C7" target="B7"/>
  <move id="11" source="E6" target="E5"/>
  <move id="12" source="C8" target="C7"/>
  <move id="13" source="F4" target="F5"/>
  <move id="14" source="F7" target="F6"/>
  <move id="15" source="B4" target="B5"/>
  <move id="16" source="F8" target="F7"/>
  <move id="17" source="F5" target="F6"/>
  <move id="18" source="F7" target="F8"/>
  <move id="19" source="E5" target="E6"/>
  <move id="20" source="E7" target="F7"/>
  <move id="21" source="E6" target="F6"/>
  <move id="22" source="D7" target="E7"/>
  <move id="23" source="D4" target="E4"/>
  <move id="24" source="C7" target="D7"/>
  <move id="25" source="E4" target="E5"/>
  <move id="26" source="D9" target="D8"/>
  <move id="27" source="E5" target="E6"/>
  <move id="28" source="D7" target="C7"/>
  <move id="29" source="E6" target="E7"/>
  <move id="30" source="B6" target="B5"/>
  <move id="31" source="E7" target="E6"/>
  <move id="32" source="F7" target="E7"/>
  <move id="33" source="E6" target="E5"/>
  <move id="34" source="F8" target="F7"/>
  <move id="35" source="F6" target="E6"/>
  <move id="36" source="D8" target="D7"/>
  <move id="37" source="E6" target="E7"/>
  <move id="38" source="F7" target="E7"/>
  <move id="39" source="B5" target="B6"/>
  <move id="40" source="E7" target="F7"/>
  <move id="41" source="B6" target="B7"/>
  <move id="42" source="A7" target="B7"/>
  <move id="43" source="A5" target="A6"/>
  <move id="44" source="D7" target="E7"/>
  <move id="45" source="F3" target="F7"/>
  <move id="46" source="F7" target="F8"/>
  <move id="47" source="A6" target="A7"/>
  <move id="48" source="G7" target="F7"/>
  <move id="49" source="A7" target="A8"/>
  <move id="50" source="B7" target="B6"/>
  <move id="51" source="C4" target="B4"/>
  <move id="52" source="G8" target="G7"/>
  <move id="53" source="E5" target="E4"/>
  <move id="54" source="A8" target="A7"/>
  <move id="55" source="E4" target="D4"/>
  <move id="56" source="A7" target="B7"/>
  <move id="57" source="D4" target="C4"/>
  <move id="58" source="A9" target="A8"/>
  <move id="59" source="B4" target="A4"/>
  <move id="60" source="E8" target="D8"/>
  <move id="61" source="A4" target="A8"/>
  <move id="62" source="C7" target="D7"/>
  <move id="63" source="B3" target="B4"/>
  <move id="64" source="E7" target="E8"/>
  <move id="65" source="B4" target="B5"/>
  <move id="66" source="D7" target="E7"/>
  <move id="67" source="B5" target="B6"/>
  <move id="68" source="B7" target="C7"/>
  <move id="69" source="B6" target="B5"/>
  <move id="70" source="A8" target="A7"/>
  <move id="71" source="B5" target="B4"/>
  <move id="72" source="A7" target="A6"/>
  <move id="73" source="B4" target="B3"/>
  <move id="74" source="A6" target="A5"/>
  <move id="75" source="K5" target="K6"/>
  <move id="76" source="E7" target="D7"/>
  <move id="77" source="K6" target="K7"/>
  <move id="78" source="I7" target="I6"/>
  <move id="79" source="K7" target="K8"/>
  <move id="80" source="I6" target="I5"/>
  <move id="81" source="K8" target="K9"/>
  <move id="82" source="I8" target="K8"/>
  <move id="83" source="I5" target="I6"/>
  <move id="84" source="H8" target="I8"/>
  <move id="85" source="K3" target="K7"/>
  <move id="86" source="K8" target="K7"/>
  <move id="87" source="H4" target="I4"/>
  <move id="88" source="K7" target="I7"/>
  <move id="89" source="I6" target="I5"/>
  <move id="90" source="I8" target="K8"/>
  <move id="91" source="I4" target="K4"/>
  <move id="92" source="I7" target="I8"/>
  <move id="93" source="K4" target="K5"/>
  <move id="94" source="K8" target="K7"/>
  <move id="95" source="K5" target="K6"/>
  <move id="96" source="K7" target="I7"/>
  <move id="97" source="I5" target="I6"/>
  <move id="98" source="I7" target="K7"/>
  <move id="99" source="K6" target="K7"/>
  <move id="100" source="D7" target="E7"/>
  <move id="101" source="I6" target="I7"/>
  <move id="102" source="B9" target="A9"/>
  <move id="103" source="I7" target="H7"/>
  <move id="104" source="C7" target="B7"/>
  <move id="105" source="K7" target="I7"/>
  <move id="106" source="I8" target="H8"/>
  <move id="107" source="C4" target="B4"/>
  <move id="108" source="H8" target="G8"/>
  <move id="109" source="B4" target="A4"/>
  <move id="110" source="A5" target="A6"/>
  <move id="111" source="A4" target="A5"/>
  <move id="112" source="A6" target="A7"/>
  <move id="113" source="A5" target="A6"/>
  <move id="114" source="A7" target="A8"/>
  <move id="115" source="C3" target="C4"/>
  <move id="116" source="E7" target="E6"/>
  <move id="117" source="E3" target="E4"/>
  <move id="118" source="F7" target="E7"/>
  <move id="119" source="C4" target="B4"/>
  <move id="120" source="D8" target="D7"/>
  <move id="121" source="B4" target="B5"/>
  <move id="122" source="D7" target="C7"/>
  <move id="123" source="B5" target="B6"/>
  <move id="124" source="E8" target="D8"/>
  <move id="125" source="E4" target="E5"/>
  <move id="126" source="D8" target="D7"/>
  <move id="127" source="E5" target="E6"/>
  <move id="128" source="E7" target="E6"/>
  <move id="129" source="I7" target="I8"/>
  <move id="130" source="F8" target="E8"/>
  <move id="131" source="G4" target="F4"/>
  <move id="132" source="G8" target="F8"/>
  <move id="133" source="F4" target="E4"/>
  <move id="134" source="E6" target="F6"/>
  <move id="135" source="H3" target="H4"/>
  <move id="136" source="F8" target="F7"/>
  <move id="137" source="H4" target="G4"/>
  <move id="138" source="F7" target="E7"/>
  <move id="139" source="G4" target="F4"/>
  <move id="140" source="G7" target="F7"/>
  <move id="141" source="E4" target="E5"/>
  <move id="142" source="E8" target="F8"/>
  <move id="143" source="F4" target="F5"/>
  <move id="144" source="F8" target="G8"/>
  <move id="145" source="I8" target="I7"/>
  <move id="146" source="A9" target="B9"/>
  <move id="147" source="E5" target="E4"/>
  <move id="148" source="A8" target="A9"/>
  <move id="149" source="E4" target="F4"/>
  <move id="150" source="B8" target="A8"/>
  <move id="151" source="F4" target="G4"/>
  <move id="152" source="B9" target="B8"/>
  <move id="153" source="G4" target="H4"/>
  <move id="154" source="B7" target="B6"/>
  <move id="155" source="H4" target="I4"/>
  <move id="156" source="B8" target="B7"/>
  <move id="157" source="I4" target="I5"/>
  <move id="158" source="A8" target="A7"/>
  <move id="159" source="A6" target="A5"/>
  <move id="160" source="F7" target="F8"/>
  <move id="161" source="F5" target="F6"/>
  <move id="162" source="F8" target="E8"/>
  <move id="163" source="I7" target="I8"/>
  <move id="164" source="E8" target="D8"/>
  <move id="165" source="I8" target="H8"/>
  <move id="166" source="G8" target="H8"/>
  <move id="167" source="E2" target="E7"/>
  <move id="168" source="D8" target="C8"/>
  <move id="169" source="F6" target="F7"/>
  <move id="170" source="E7" target="E6"/>
  <move id="171" source="F7" target="G7"/>
  <move id="172" source="H8" target="I8"/>
  <move id="173" source="G7" target="F7"/>
  <move id="174" source="C8" target="B8"/>
  <move id="175" source="F7" target="F6"/>
  <move id="176" source="E6" target="E7"/>
  <move id="177" source="F6" target="E6"/>
  <move id="178" source="E7" target="F7"/>
  <move id="179" source="B3" target="C3"/>
  <move id="180" source="A9" target="B9"/>
  <move id="181" source="A5" target="B5"/>
  <move id="182" source="B7" target="B6"/>
  <move id="183" source="B2" target="B3"/>
  <move id="184" source="B8" target="B7"/>
  <move id="185" source="I5" target="I6"/>
  <move id="186" source="B7" target="B6"/>
  <move id="187" source="B5" target="B4"/>
  <move id="188" source="A7" target="A6"/>
  <move id="189" source="B4" target="C4"/>
  <move id="190" source="A6" target="A5"/>
  <move id="191" source="C4" target="D4"/>
  <move id="192" source="A5" target="B5"/>
  <move id="193" source="D4" target="E4"/>
  <move id="194" source="B5" target="B4"/>
  <move id="195" source="B3" target="B4"/>
  <move id="196" source="B4" target="C4"/>
  <move id="197" source="E4" target="E5"/>
  <move id="198" source="C4" target="D4"/>
  <move id="199" source="E5" target="F5"/>
  <move id="200" source="F7" target="F8"/>
  <move id="201" source="E6" target="E5"/>
  <move id="202" source="B6" target="B7"/>
  <move id="203" source="E5" target="E4"/>
  <move id="204" source="D4" target="C4"/>
  <move id="205" source="E4" target="D4"/>
  <move id="206" source="C4" target="B4"/>
  <move id="207" source="D4" target="C4"/>
  <move id="208" source="B4" target="A4"/>
  <move id="209" source="C4" target="B4"/>
  <move id="210" source="A4" target="A5"/>
  <move id="211" source="B4" target="B5"/>
  <move id="212" source="A5" target="A6"/>
  <move id="213" source="F5" target="F6"/>
  <move id="214" source="F8" target="E8"/>
  <move id="215" source="F6" target="F7"/>
  <move id="216" source="B7" target="B8"/>
  <move id="217" source="F7" target="F8"/>
  <move id="218" source="E8" target="D8"/>
  <move id="219" source="F8" target="G8"/>
  <move id="220" source="A6" target="A7"/>
  <move id="221" source="G8" target="H8"/>
  <move id="222" source="I8" target="H8"/>
  <move id="223" source="I6" target="I7"/>
  <move id="224" source="D7" target="E7"/>
  <move id="225" source="I7" target="K7"/>
  <move id="226" source="E7" target="F7"/>
  <move id="227" source="K7" target="K8"/>
  <move id="228" source="D8" target="D7"/>
  <move id="229" source="K8" target="K9"/>
  <move id="230" source="I9" target="K9"/>
  <move id="231" source="G3" target="G4"/>
  <move id="232" source="B8" target="B7"/>
  <move id="233" source="G4" target="H4"/>
  <move id="234" source="A7" target="A8"/>
  <move id="235" source="H4" target="I4"/>
  <move id="236" source="A8" target="B8"/>
  <move id="237" source="I4" target="I5"/>
  <move id="238" source="F7" target="F8"/>
  <move id="239" source="I5" target="I6"/>
  <move id="240" source="F8" target="G8"/>
  <move id="241" source="I6" target="K6"/>
  <move id="242" source="G8" target="H8"/>
  <move id="243" source="I3" target="I4"/>
  <move id="244" source="B8" target="C8"/>
  <move id="245" source="I4" target="I5"/>
  <move id="246" source="C8" target="D8"/>
  <move id="247" source="I5" target="I6"/>
  <move id="248" source="H8" target="I8"/>
  <move id="249" source="I6" target="I7"/>
  <move id="250" source="I8" target="I7"/>
  <move id="251" source="C3" target="C4"/>
  <move id="252" source="D8" target="E8"/>
  <move id="253" source="C4" target="D4"/>
  <move id="254" source="B9" target="B8"/>
  <move id="255" source="D4" target="E4"/>
  <move id="256" source="B8" target="A8"/>
  <move id="257" source="E4" target="E5"/>
  <move id="258" source="E8" target="E7"/>
  <move id="259" source="E5" target="F5"/>
  <move id="260" source="I7" target="K7"/>
  <move id="261" source="K6" target="I6"/>
  <move id="262" source="E7" target="E6"/>
  <move id="263" source="F5" target="F4"/>
  <move id="264" source="E6" target="E5"/>
  <move id="265" source="B5" target="A5"/>
  <move id="266" source="K9" target="K8"/>
  <move id="267" source="B1" target="B7"/>
  <move id="268" source="K:" target="K9"/>
  <move id="269" source="I6" target="I5"/>
  <move id="270" source="B7" target="B6"/>
  <move id="271" source="D3" target="C3"/>
  <move id="272" source="K9" target="I9"/>
  <move id="273" source="C3" target="C4"/>
  <move id="274" source="I9" target="I5"/>
  <move id="275" source="C4" target="B4"/>
  <move id="276" source="K7" target="I7"/>
  <move id="277" source="B4" target="B5"/>
  <move id="278" source="B6" target="B5"/>
  <move id="279" source="A5" target="A6"/>
  <move id="280" source="B5" target="B6"/>
  <move id="281" source="A6" target="A7"/>
  <move id="282" source="A8" target="B8"/>
  <move id="283" source="A7" target="A8"/>
  <move id="284" source="B8" target="B7"/>
  <move id="285" source="A8" target="B8"/>
  <move id="286" source="B7" target="A7"/>
  <move id="287" source="B8" target="A8"/>
  <move id="288" source="A7" target="A6"/>
  <move id="289" source="A8" target="A7"/>
  <move id="290" source="A6" target="A5"/>
  <move id="291" source="A7" target="A8"/>
  <move id="292" source="A5" target="A4"/>
  <move id="293" source="A8" target="B8"/>
  <move id="294" source="C9" target="D9"/>
  <move id="295" source="F4" target="F5"/>
  <move id="296" source="E5" target="F5"/>
  <move id="297" source="G2" target="G3"/>
  <move id="298" source="F5" target="F4"/>
  <move id="299" source="G3" target="H3"/>
  <move id="300" source="D7" target="D8"/>
  <move id="301" source="H3" target="H4"/>
  <move id="302" source="A:" target="A9"/>
  <move id="303" source="H4" target="I4"/>
  <move id="304" source="I7" target="I6"/>
  <move id="305" source="I4" target="K4"/>
  <move id="306" source="I6" target="K6"/>
  <move id="307" source="K4" target="K5"/>
  <move id="308" source="K6" target="K5"/>
  <move id="309" source="B8" target="A8"/>
  <move id="310" source="A9" target="B9"/>
  <move id="311" source="A8" target="A9"/>
  <move id="312" source="B9" target="B8"/>
  <move id="313" source="A9" target="A8"/>
  <move id="314" source="B8" target="B7"/>
  <move id="315" source="A8" target="B8"/>
  <move id="316" source="B7" target="A7"/>
  <move id="317" source="B8" target="B9"/>
  <move id="318" source="C7" target="C8"/>
  <move id="319" source="B9" target="B8"/>
  <move id="320" source="C8" target="B8"/>
  <player id="1">Player 1</player>
  <player id="2">Player 2</player>
  <result type="11" winner="2"/>
 </game>
</stratego>