<?xml version="1.0" encoding="UTF-8"?>
<stratego>
 <game type="classic">
  
  <field content="EGEFGHMFEEBBHIDDIHBBEGBDDJCJHGBDFLIDKDFDAA__AA__AAAA__AA__AAPSTSRPXTSPRQWQPRTOURPTNNNUUQNSPNVYVNQQPP"/>
  <move id="1" source="E4" target="E5"/>
  <move id="2" source="F7" target="F6"/>
  <move id="3" source="F4" target="F5"/>
  <move id="4" source="E7" target="E6"/>
  <move id="5" source="E5" target="E6"/>
  <move id="6" source="F6" target="F7"/>
  <move id="7" source="F5" target="F6"/>
  <move id="8" source="B7" target="B6"/>
  <move id="9" source="F6" target="F7"/>
  <move id="10" source="D7" target="E7"/>
  <move id="11" source="E6" target="E5"/>
  <move id="12" source="E7" target="F7"/>
  <move id="13" source="E3" target="E4"/>
  <move id="14" source="C7" target="B7"/>
  <move id="15" source="E4" target="F4"/>
  <move id="16" source="B6" target="B5"/>
  <move id="17" source="F4" target="F5"/>
  <move id="18" source="B5" target="B4"/>
  <move id="19" source="B3" target="B4"/>
  <move id="20" source="B7" target="C7"/>
  <move id="21" source="E5" target="E4"/>
  <move id="22" source="C7" target="D7"/>
  <move id="23" source="E4" target="F4"/>
  <move id="24" source="A7" target="A6"/>
  <move id="25" source="E2" target="E3"/>
  <move id="26" source="A6" target="A5"/>
  <move id="27" source="E3" target="E4"/>
  <move id="28" source="A5" target="A4"/>
  <move id="29" source="E4" target="E5"/>
  <move id="30" source="A8" target="A7"/>
  <move id="31" source="F4" target="E4"/>
  <move id="32" source="A7" target="A6"/>
  <move id="33" source="F5" target="F6"/>
  <move id="34" source="A6" target="B6"/>
  <move id="35" source="E4" target="F4"/>
  <move id="36" source="B6" target="B5"/>
  <move id="37" source="F4" target="F5"/>
  <move id="38" source="B5" target="B4"/>
  <move id="39" source="E5" target="E6"/>
  <move id="40" source="B4" target="B3"/>
  <move id="41" source="E6" target="E7"/>
  <move id="42" source="B3" target="A3"/>
  <move id="43" source="E7" target="D7"/>
  <move id="44" source="A3" target="A2"/>
  <move id="45" source="F6" target="E6"/>
  <move id="46" source="C8" target="C7"/>
  <move id="47" source="E6" target="E8"/>
  <move id="48" source="D8" target="C8"/>
  <move id="49" source="F2" target="E2"/>
  <move id="50" source="B8" target="B7"/>
  <move id="51" source="D4" target="E4"/>
  <move id="52" source="B7" target="B6"/>
  <move id="53" source="E4" target="E5"/>
  <move id="54" source="B6" target="B5"/>
  <move id="55" source="G4" target="F4"/>
  <move id="56" source="C7" target="B7"/>
  <move id="57" source="E5" target="E6"/>
  <move id="58" source="B7" target="B6"/>
  <move id="59" source="E6" target="E7"/>
  <move id="60" source="B5" target="B4"/>
  <move id="61" source="E7" target="E8"/>
  <move id="62" source="B6" target="B5"/>
  <move id="63" source="F5" target="E5"/>
  <move id="64" source="B4" target="B3"/>
  <move id="65" source="E5" target="E6"/>
  <move id="66" source="F8" target="E8"/>
  <move id="67" source="E6" target="E7"/>
  <move id="68" source="D7" target="C7"/>
  <move id="69" source="E7" target="E6"/>
  <move id="70" source="C7" target="B7"/>
  <move id="71" source="E8" target="E7"/>
  <move id="72" source="B7" target="B6"/>
  <move id="73" source="E6" target="F6"/>
  <move id="74" source="B5" target="B4"/>
  <move id="75" source="F6" target="F7"/>
  <move id="76" source="B3" target="A3"/>
  <move id="77" source="F7" target="F6"/>
  <move id="78" source="A3" target="A2"/>
  <move id="79" source="A1" target="A2"/>
  <move id="80" source="B4" target="B5"/>
  <move id="81" source="E7" target="E6"/>
  <move id="82" source="C8" target="C7"/>
  <move id="83" source="F4" target="G4"/>
  <move id="84" source="C7" target="B7"/>
  <move id="85" source="E6" target="E5"/>
  <move id="86" source="B5" target="A5"/>
  <move id="87" source="E5" target="E4"/>
  <move id="88" source="B6" target="A6"/>
  <move id="89" source="E4" target="D4"/>
  <move id="90" source="B7" target="B6"/>
  <move id="91" source="C4" target="B4"/>
  <move id="92" source="A5" target="B5"/>
  <move id="93" source="D4" target="C4"/>
  <move id="94" source="A6" target="A7"/>
  <move id="95" source="G4" target="F4"/>
  <move id="96" source="B6" target="A6"/>
  <move id="97" source="F4" target="E4"/>
  <move id="98" source="A6" target="A5"/>
  <move id="99" source="F6" target="F5"/>
  <move id="100" source="A5" target="A4"/>
  <move id="101" source="B4" target="A4"/>
  <move id="102" source="A7" target="A6"/>
  <move id="103" source="A4" target="B4"/>
  <move id="104" source="A6" target="A5"/>
  <move id="105" source="B4" target="A4"/>
  <move id="106" source="A5" target="A4"/>
  <move id="107" source="C4" target="B4"/>
  <move id="108" source="A4" target="A3"/>
  <move id="109" source="B4" target="B5"/>
  <move id="110" source="A3" target="A2"/>
  <move id="111" source="F3" target="E3"/>
  <move id="112" source="A2" target="A1"/>
  <move id="113" source="F5" target="F4"/>
  <move id="114" source="A1" target="B1"/>
  <move id="115" source="E3" target="F3"/>
  <move id="116" source="B1" target="C1"/>
  <move id="117" source="C2" target="C1"/>
  <player id="1">Player 1</player>
  <player id="2">Player 2</player>
  <result type="3" winner="1"/>
 </game>
</stratego>