<?xml version="1.0" encoding="UTF-8"?>
<stratego>
 <game type="classic">
  
  <field content="DFEFBEBBEMEGBBBHFCDJIDGKHDDDDLGHEGFHJIDIAA__AA__AAAA__AA__AAQSPUPRTPRPNUPXSSPWTRRPVOVNQTNPTNQYUQNQSN"/>
  <move id="1" source="E4" target="E5"/>
  <move id="2" source="I7" target="I6"/>
  <move id="3" source="E5" target="F5"/>
  <move id="4" source="H7" target="I7"/>
  <move id="5" source="B4" target="B5"/>
  <move id="6" source="E7" target="E3"/>
  <move id="7" source="B5" target="A5"/>
  <move id="8" source="E8" target="E7"/>
  <move id="9" source="D4" target="E4"/>
  <move id="10" source="I6" target="K6"/>
  <move id="11" source="E4" target="E5"/>
  <move id="12" source="I7" target="I6"/>
  <move id="13" source="E3" target="E4"/>
  <move id="14" source="K7" target="I7"/>
  <move id="15" source="E4" target="D4"/>
  <move id="16" source="I6" target="I4"/>
  <move id="17" source="F3" target="E3"/>
  <move id="18" source="I7" target="I3"/>
  <move id="19" source="E3" target="E4"/>
  <move id="20" source="K6" target="I6"/>
  <move id="21" source="H4" target="I4"/>
  <move id="22" source="I8" target="I7"/>
  <move id="23" source="I4" target="I5"/>
  <move id="24" source="K8" target="K7"/>
  <move id="25" source="K4" target="K5"/>
  <move id="26" source="K7" target="K6"/>
  <move id="27" source="K5" target="K6"/>
  <move id="28" source="I6" target="I5"/>
  <move id="29" source="I5" target="I4"/>
  <move id="30" source="K9" target="K8"/>
  <move id="31" source="K6" target="K5"/>
  <move id="32" source="K8" target="K7"/>
  <move id="33" source="I4" target="I3"/>
  <move id="34" source="K7" target="K6"/>
  <move id="35" source="K5" target="I5"/>
  <move id="36" source="K6" target="I6"/>
  <move id="37" source="I5" target="I4"/>
  <move id="38" source="I6" target="I5"/>
  <move id="39" source="I4" target="H4"/>
  <move id="40" source="F7" target="F6"/>
  <move id="41" source="K3" target="K4"/>
  <move id="42" source="G7" target="F7"/>
  <move id="43" source="I3" target="K3"/>
  <move id="44" source="I5" target="I2"/>
  <move id="45" source="H3" target="I3"/>
  <move id="46" source="H8" target="H7"/>
  <move id="47" source="I3" target="I4"/>
  <move id="48" source="G8" target="H8"/>
  <move id="49" source="I4" target="I5"/>
  <move id="50" source="H8" target="I8"/>
  <move id="51" source="I5" target="I6"/>
  <move id="52" source="I8" target="K8"/>
  <move id="53" source="I6" target="K6"/>
  <move id="54" source="K8" target="I8"/>
  <move id="55" source="K6" target="K7"/>
  <move id="56" source="I8" target="H8"/>
  <move id="57" source="K7" target="K8"/>
  <move id="58" source="F6" target="F5"/>
  <move id="59" source="K8" target="H8"/>
  <move id="60" source="F8" target="G8"/>
  <move id="61" source="H4" target="I4"/>
  <move id="62" source="G8" target="H8"/>
  <move id="63" source="I4" target="I5"/>
  <move id="64" source="I7" target="I8"/>
  <move id="65" source="I5" target="K5"/>
  <move id="66" source="H8" target="G8"/>
  <move id="67" source="K5" target="K6"/>
  <move id="68" source="G8" target="G7"/>
  <move id="69" source="K6" target="K7"/>
  <move id="70" source="F7" target="F6"/>
  <move id="71" source="I1" target="I2"/>
  <move id="72" source="F6" target="E6"/>
  <move id="73" source="I2" target="I3"/>
  <move id="74" source="E6" target="E5"/>
  <move id="75" source="E4" target="E3"/>
  <move id="76" source="E5" target="E6"/>
  <move id="77" source="I3" target="I4"/>
  <move id="78" source="E6" target="F6"/>
  <move id="79" source="I4" target="I5"/>
  <move id="80" source="H7" target="H8"/>
  <move id="81" source="I5" target="I6"/>
  <move id="82" source="G7" target="H7"/>
  <move id="83" source="I6" target="I7"/>
  <move id="84" source="H8" target="G8"/>
  <move id="85" source="I7" target="I6"/>
  <move id="86" source="I8" target="H8"/>
  <move id="87" source="K7" target="K8"/>
  <move id="88" source="G8" target="G7"/>
  <move id="89" source="K8" target="I8"/>
  <move id="90" source="H8" target="G8"/>
  <move id="91" source="K4" target="K5"/>
  <move id="92" source="E7" target="E6"/>
  <move id="93" source="K5" target="K6"/>
  <move id="94" source="D8" target="E8"/>
  <move id="95" source="K6" target="K7"/>
  <move id="96" source="E8" target="E7"/>
  <move id="97" source="I6" target="I7"/>
  <move id="98" source="D9" target="D8"/>
  <move id="99" source="I8" target="K8"/>
  <move id="100" source="D8" target="E8"/>
  <move id="101" source="K8" target="K9"/>
  <move id="102" source="E8" target="F8"/>
  <move id="103" source="I7" target="I8"/>
  <move id="104" source="H7" target="H8"/>
  <move id="105" source="I8" target="I9"/>
  <move id="106" source="I:" target="I9"/>
  <move id="107" source="K9" target="I9"/>
  <move id="108" source="H8" target="H7"/>
  <move id="109" source="I9" target="K9"/>
  <move id="110" source="H7" target="H8"/>
  <move id="111" source="K7" target="I7"/>
  <move id="112" source="G7" target="H7"/>
  <move id="113" source="I7" target="I6"/>
  <move id="114" source="H7" target="I7"/>
  <move id="115" source="I6" target="I7"/>
  <move id="116" source="E6" target="E5"/>
  <move id="117" source="K9" target="K8"/>
  <move id="118" source="F6" target="F5"/>
  <move id="119" source="F4" target="F5"/>
  <move id="120" source="G8" target="G7"/>
  <move id="121" source="K8" target="I8"/>
  <move id="122" source="H8" target="G8"/>
  <move id="123" source="I8" target="H8"/>
  <move id="124" source="G7" target="F7"/>
  <move id="125" source="H8" target="G8"/>
  <move id="126" source="F8" target="E8"/>
  <move id="127" source="G3" target="F3"/>
  <move id="128" source="F7" target="F6"/>
  <move id="129" source="F3" target="F6"/>
  <move id="130" source="E7" target="F7"/>
  <move id="131" source="I7" target="H7"/>
  <move id="132" source="F7" target="F8"/>
  <move id="133" source="G8" target="G7"/>
  <move id="134" source="E8" target="E7"/>
  <move id="135" source="E3" target="E5"/>
  <move id="136" source="E5" target="E4"/>
  <move id="137" source="D4" target="E4"/>
  <move id="138" source="F8" target="F7"/>
  <move id="139" source="G7" target="G8"/>
  <move id="140" source="F6" target="E6"/>
  <move id="141" source="E4" target="E5"/>
  <move id="142" source="F7" target="F8"/>
  <move id="143" source="G8" target="G7"/>
  <move id="144" source="E7" target="E8"/>
  <move id="145" source="E5" target="E6"/>
  <move id="146" source="D7" target="E7"/>
  <move id="147" source="H7" target="I7"/>
  <move id="148" source="F8" target="G8"/>
  <move id="149" source="G7" target="H7"/>
  <move id="150" source="E7" target="F7"/>
  <move id="151" source="I7" target="K7"/>
  <move id="152" source="C7" target="D7"/>
  <move id="153" source="G2" target="G3"/>
  <move id="154" source="D7" target="E7"/>
  <move id="155" source="G3" target="F3"/>
  <move id="156" source="E7" target="E6"/>
  <move id="157" source="F3" target="F4"/>
  <move id="158" source="E6" target="E5"/>
  <move id="159" source="C4" target="D4"/>
  <move id="160" source="C8" target="C7"/>
  <move id="161" source="D4" target="E4"/>
  <move id="162" source="C7" target="D7"/>
  <move id="163" source="E4" target="E5"/>
  <move id="164" source="D7" target="E7"/>
  <move id="165" source="F4" target="F5"/>
  <move id="166" source="F7" target="G7"/>
  <move id="167" source="H7" target="I7"/>
  <move id="168" source="E7" target="F7"/>
  <move id="169" source="F5" target="F6"/>
  <move id="170" source="F7" target="F6"/>
  <move id="171" source="F6" target="F5"/>
  <move id="172" source="G7" target="F7"/>
  <move id="173" source="I7" target="I6"/>
  <move id="174" source="F7" target="F6"/>
  <move id="175" source="E5" target="E4"/>
  <move id="176" source="E8" target="E7"/>
  <move id="177" source="F5" target="F6"/>
  <move id="178" source="E7" target="F7"/>
  <move id="179" source="E4" target="D4"/>
  <move id="180" source="G8" target="F8"/>
  <move id="181" source="D4" target="C4"/>
  <move id="182" source="F8" target="E8"/>
  <move id="183" source="C4" target="B4"/>
  <move id="184" source="E8" target="E7"/>
  <move id="185" source="B4" target="B5"/>
  <move id="186" source="E7" target="E6"/>
  <move id="187" source="B3" target="B4"/>
  <move id="188" source="E6" target="E5"/>
  <move id="189" source="B4" target="C4"/>
  <move id="190" source="E9" target="E8"/>
  <move id="191" source="C4" target="D4"/>
  <move id="192" source="E8" target="F8"/>
  <move id="193" source="D4" target="E4"/>
  <move id="194" source="E5" target="E4"/>
  <move id="195" source="B5" target="B6"/>
  <move id="196" source="E4" target="E3"/>
  <move id="197" source="D3" target="D4"/>
  <move id="198" source="E3" target="E4"/>
  <move id="199" source="D4" target="D3"/>
  <move id="200" source="E4" target="E3"/>
  <move id="201" source="D3" target="D4"/>
  <move id="202" source="E3" target="E4"/>
  <move id="203" source="D4" target="D3"/>
  <move id="204" source="E4" target="E3"/>
  <move id="205" source="D3" target="D4"/>
  <move id="206" source="C9" target="D9"/>
  <move id="207" source="B6" target="B7"/>
  <move id="208" source="E3" target="E4"/>
  <move id="209" source="D4" target="D3"/>
  <move id="210" source="F6" target="F5"/>
  <move id="211" source="I6" target="K6"/>
  <move id="212" source="F5" target="F4"/>
  <move id="213" source="K7" target="I7"/>
  <move id="214" source="F4" target="G4"/>
  <move id="215" source="G4" target="H4"/>
  <move id="216" source="F7" target="F6"/>
  <move id="217" source="H4" target="H3"/>
  <move id="218" source="F6" target="F5"/>
  <move id="219" source="H3" target="G3"/>
  <move id="220" source="F5" target="F4"/>
  <move id="221" source="K6" target="K7"/>
  <move id="222" source="F4" target="F3"/>
  <move id="223" source="I7" target="I6"/>
  <move id="224" source="E4" target="E3"/>
  <move id="225" source="D3" target="D4"/>
  <move id="226" source="F3" target="F2"/>
  <move id="227" source="F2" target="G2"/>
  <move id="228" source="E3" target="F3"/>
  <move id="229" source="G3" target="H3"/>
  <move id="230" source="F3" target="G3"/>
  <move id="231" source="H3" target="H4"/>
  <move id="232" source="G3" target="G2"/>
  <move id="233" source="H2" target="G2"/>
  <player id="1">Player 1</player>
  <player id="2">Player 2</player>
  <result type="3" winner="1"/>
 </game>
</stratego>