<?xml version="1.0" encoding="UTF-8"?>
<stratego>
 <game type="classic">
  
  <field content="BEFEBMBFBBFLGIGBEKCEIDGDDGEHDIHDJFHDDJHDAA__AA__AAAA__AA__AAPSURPSXPSNTPQVTUWTPNVPOTNUNSRYNPRQQNQPRQ"/>
  <move id="1" source="K4" target="K7"/>
  <move id="2" source="I7" target="I6"/>
  <move id="3" source="I4" target="I5"/>
  <move id="4" source="H7" target="I7"/>
  <move id="5" source="I3" target="I4"/>
  <move id="6" source="I6" target="K6"/>
  <move id="7" source="I5" target="I6"/>
  <move id="8" source="K6" target="K5"/>
  <move id="9" source="I4" target="K4"/>
  <move id="10" source="K5" target="I5"/>
  <move id="11" source="I6" target="I5"/>
  <move id="12" source="I7" target="I6"/>
  <move id="13" source="I5" target="I6"/>
  <move id="14" source="H8" target="H7"/>
  <move id="15" source="I6" target="I5"/>
  <move id="16" source="H7" target="I7"/>
  <move id="17" source="K4" target="K5"/>
  <move id="18" source="I7" target="I6"/>
  <move id="19" source="I5" target="I4"/>
  <move id="20" source="I8" target="I7"/>
  <move id="21" source="K5" target="K6"/>
  <move id="22" source="I9" target="I8"/>
  <move id="23" source="F4" target="F7"/>
  <move id="24" source="I7" target="H7"/>
  <move id="25" source="G4" target="F4"/>
  <move id="26" source="I8" target="I7"/>
  <move id="27" source="E4" target="E5"/>
  <move id="28" source="I6" target="K6"/>
  <move id="29" source="E5" target="E6"/>
  <move id="30" source="I7" target="I6"/>
  <move id="31" source="E6" target="F6"/>
  <move id="32" source="I6" target="I5"/>
  <move id="33" source="F4" target="E4"/>
  <move id="34" source="K6" target="I6"/>
  <move id="35" source="E4" target="E5"/>
  <move id="36" source="I:" target="I9"/>
  <move id="37" source="I4" target="I5"/>
  <move id="38" source="I6" target="K6"/>
  <move id="39" source="H3" target="I3"/>
  <move id="40" source="I9" target="I8"/>
  <move id="41" source="I3" target="I4"/>
  <move id="42" source="I8" target="I7"/>
  <move id="43" source="I5" target="K5"/>
  <move id="44" source="I7" target="I6"/>
  <move id="45" source="E5" target="E6"/>
  <move id="46" source="G8" target="H8"/>
  <move id="47" source="B4" target="B7"/>
  <move id="48" source="H8" target="I8"/>
  <move id="49" source="A4" target="A5"/>
  <move id="50" source="I8" target="I7"/>
  <move id="51" source="A5" target="A6"/>
  <move id="52" source="K6" target="K5"/>
  <move id="53" source="A6" target="A7"/>
  <move id="54" source="B7" target="B6"/>
  <move id="55" source="A7" target="A6"/>
  <move id="56" source="B6" target="B7"/>
  <move id="57" source="B3" target="B4"/>
  <move id="58" source="I6" target="I5"/>
  <move id="59" source="B4" target="B5"/>
  <move id="60" source="I7" target="I6"/>
  <move id="61" source="B5" target="B6"/>
  <move id="62" source="I6" target="K6"/>
  <move id="63" source="B6" target="B5"/>
  <move id="64" source="K6" target="K5"/>
  <move id="65" source="B5" target="B4"/>
  <move id="66" source="G7" target="G8"/>
  <move id="67" source="B4" target="B3"/>
  <move id="68" source="F7" target="G7"/>
  <move id="69" source="A6" target="B6"/>
  <move id="70" source="F8" target="F7"/>
  <move id="71" source="B3" target="B4"/>
  <move id="72" source="H7" target="H8"/>
  <move id="73" source="B4" target="B5"/>
  <move id="74" source="G7" target="H7"/>
  <move id="75" source="B5" target="A5"/>
  <move id="76" source="G8" target="G7"/>
  <move id="77" source="A5" target="A8"/>
  <move id="78" source="H8" target="G8"/>
  <move id="79" source="B6" target="A6"/>
  <move id="80" source="H7" target="H8"/>
  <move id="81" source="A6" target="A7"/>
  <move id="82" source="G8" target="F8"/>
  <move id="83" source="A3" target="A4"/>
  <move id="84" source="A8" target="A7"/>
  <move id="85" source="A4" target="A5"/>
  <move id="86" source="G7" target="G8"/>
  <move id="87" source="C3" target="B3"/>
  <move id="88" source="F7" target="G7"/>
  <move id="89" source="B3" target="B4"/>
  <move id="90" source="F8" target="F7"/>
  <move id="91" source="B4" target="B5"/>
  <move id="92" source="G8" target="F8"/>
  <move id="93" source="B5" target="B6"/>
  <move id="94" source="F7" target="F6"/>
  <move id="95" source="F6" target="F5"/>
  <move id="96" source="G7" target="F7"/>
  <move id="97" source="E6" target="F6"/>
  <move id="98" source="F7" target="F6"/>
  <move id="99" source="F5" target="F4"/>
  <move id="100" source="F6" target="F5"/>
  <move id="101" source="F4" target="G4"/>
  <move id="102" source="F5" target="F4"/>
  <move id="103" source="E3" target="E4"/>
  <move id="104" source="F4" target="G4"/>
  <move id="105" source="H4" target="G4"/>
  <move id="106" source="I5" target="I4"/>
  <move id="107" source="G3" target="H3"/>
  <move id="108" source="K5" target="I5"/>
  <move id="109" source="H3" target="H4"/>
  <move id="110" source="F8" target="F7"/>
  <move id="111" source="G4" target="G3"/>
  <move id="112" source="F7" target="F6"/>
  <move id="113" source="E4" target="F4"/>
  <move id="114" source="F6" target="F5"/>
  <move id="115" source="F4" target="F5"/>
  <move id="116" source="F5" target="F4"/>
  <move id="117" source="I4" target="I5"/>
  <move id="118" source="F4" target="G4"/>
  <move id="119" source="G3" target="H3"/>
  <move id="120" source="G4" target="H4"/>
  <move id="121" source="H3" target="G3"/>
  <move id="122" source="H4" target="G4"/>
  <move id="123" source="G3" target="H3"/>
  <move id="124" source="H:" target="I:"/>
  <move id="125" source="D3" target="E3"/>
  <move id="126" source="I5" target="K5"/>
  <move id="127" source="H3" target="I3"/>
  <move id="128" source="G4" target="H4"/>
  <move id="129" source="G2" target="G3"/>
  <move id="130" source="K5" target="K6"/>
  <move id="131" source="E3" target="E4"/>
  <move id="132" source="K6" target="I6"/>
  <move id="133" source="E4" target="F4"/>
  <move id="134" source="I6" target="I7"/>
  <move id="135" source="F4" target="G4"/>
  <move id="136" source="I7" target="H7"/>
  <move id="137" source="G4" target="F4"/>
  <move id="138" source="H7" target="G7"/>
  <move id="139" source="F4" target="F9"/>
  <move id="140" source="G7" target="G8"/>
  <move id="141" source="F3" target="F4"/>
  <move id="142" source="H8" target="H7"/>
  <move id="143" source="F4" target="F5"/>
  <move id="144" source="H7" target="G7"/>
  <move id="145" source="F5" target="F6"/>
  <move id="146" source="E7" target="F7"/>
  <move id="147" source="F6" target="F7"/>
  <move id="148" source="G7" target="H7"/>
  <move id="149" source="A5" target="A6"/>
  <move id="150" source="G8" target="G7"/>
  <move id="151" source="F7" target="F6"/>
  <move id="152" source="I:" target="I9"/>
  <move id="153" source="A6" target="A7"/>
  <move id="154" source="I9" target="I8"/>
  <move id="155" source="D4" target="E4"/>
  <move id="156" source="I8" target="H8"/>
  <move id="157" source="E4" target="E5"/>
  <move id="158" source="H8" target="G8"/>
  <move id="159" source="E5" target="E6"/>
  <move id="160" source="G8" target="F8"/>
  <move id="161" source="E6" target="E7"/>
  <move id="162" source="D7" target="E7"/>
  <move id="163" source="C4" target="D4"/>
  <move id="164" source="G7" target="F7"/>
  <move id="165" source="F6" target="F5"/>
  <move id="166" source="F7" target="F6"/>
  <move id="167" source="F5" target="E5"/>
  <move id="168" source="F6" target="F5"/>
  <move id="169" source="D4" target="E4"/>
  <move id="170" source="F8" target="F7"/>
  <move id="171" source="G3" target="F3"/>
  <move id="172" source="F7" target="E7"/>
  <move id="173" source="B2" target="B3"/>
  <move id="174" source="H7" target="G7"/>
  <move id="175" source="B3" target="B4"/>
  <move id="176" source="G7" target="G8"/>
  <move id="177" source="B4" target="B5"/>
  <move id="178" source="E7" target="F7"/>
  <move id="179" source="B5" target="B4"/>
  <move id="180" source="E8" target="E7"/>
  <move id="181" source="B4" target="C4"/>
  <move id="182" source="E7" target="E6"/>
  <move id="183" source="C4" target="D4"/>
  <move id="184" source="F7" target="E7"/>
  <move id="185" source="E4" target="E3"/>
  <move id="186" source="E6" target="E5"/>
  <move id="187" source="D4" target="E4"/>
  <move id="188" source="E5" target="E4"/>
  <move id="189" source="E4" target="F4"/>
  <move id="190" source="F5" target="E5"/>
  <move id="191" source="E3" target="D3"/>
  <move id="192" source="E7" target="F7"/>
  <move id="193" source="D3" target="C3"/>
  <move id="194" source="F7" target="F6"/>
  <move id="195" source="C3" target="C4"/>
  <move id="196" source="E5" target="E6"/>
  <move id="197" source="A7" target="A6"/>
  <move id="198" source="E6" target="E7"/>
  <move id="199" source="A6" target="A5"/>
  <move id="200" source="E7" target="F7"/>
  <move id="201" source="F4" target="G4"/>
  <move id="202" source="H4" target="I4"/>
  <move id="203" source="I3" target="H3"/>
  <move id="204" source="F6" target="F3"/>
  <move id="205" source="G4" target="H4"/>
  <move id="206" source="I4" target="I5"/>
  <move id="207" source="H3" target="G3"/>
  <move id="208" source="F7" target="F6"/>
  <move id="209" source="H4" target="G4"/>
  <move id="210" source="I5" target="I4"/>
  <move id="211" source="F3" target="F4"/>
  <move id="212" source="F6" target="E6"/>
  <move id="213" source="F4" target="F5"/>
  <move id="214" source="E6" target="E5"/>
  <move id="215" source="F5" target="E5"/>
  <move id="216" source="E5" target="E4"/>
  <move id="217" source="C4" target="C3"/>
  <move id="218" source="E4" target="E3"/>
  <move id="219" source="G4" target="F4"/>
  <move id="220" source="E3" target="D3"/>
  <move id="221" source="C3" target="C4"/>
  <move id="222" source="D3" target="D4"/>
  <move id="223" source="C4" target="C3"/>
  <move id="224" source="D4" target="D3"/>
  <move id="225" source="C3" target="B3"/>
  <move id="226" source="D3" target="C3"/>
  <move id="227" source="B3" target="B4"/>
  <move id="228" source="C3" target="C4"/>
  <move id="229" source="B4" target="B3"/>
  <move id="230" source="C4" target="C3"/>
  <move id="231" source="B3" target="B4"/>
  <move id="232" source="C3" target="C4"/>
  <move id="233" source="B4" target="B3"/>
  <move id="234" source="C4" target="C3"/>
  <move id="235" source="I2" target="I3"/>
  <move id="236" source="I4" target="I5"/>
  <move id="237" source="B3" target="B4"/>
  <move id="238" source="C3" target="C4"/>
  <move id="239" source="B4" target="B3"/>
  <move id="240" source="C4" target="C3"/>
  <move id="241" source="B3" target="B4"/>
  <move id="242" source="C3" target="C4"/>
  <move id="243" source="B4" target="B3"/>
  <move id="244" source="C4" target="C3"/>
  <move id="245" source="B3" target="B2"/>
  <move id="246" source="C3" target="B3"/>
  <move id="247" source="F4" target="E4"/>
  <move id="248" source="B3" target="B2"/>
  <move id="249" source="E4" target="D4"/>
  <move id="250" source="B2" target="B3"/>
  <move id="251" source="D4" target="C4"/>
  <move id="252" source="B7" target="B6"/>
  <move id="253" source="A5" target="A6"/>
  <move id="254" source="B8" target="A8"/>
  <move id="255" source="G3" target="G4"/>
  <move id="256" source="A8" target="A6"/>
  <move id="257" source="G4" target="F4"/>
  <move id="258" source="I5" target="I6"/>
  <move id="259" source="F4" target="F5"/>
  <move id="260" source="I6" target="I7"/>
  <move id="261" source="F5" target="F4"/>
  <move id="262" source="G8" target="H8"/>
  <move id="263" source="F4" target="G4"/>
  <move id="264" source="H8" target="I8"/>
  <move id="265" source="I3" target="H3"/>
  <move id="266" source="I8" target="I9"/>
  <move id="267" source="H3" target="G3"/>
  <move id="268" source="I9" target="I:"/>
  <move id="269" source="G3" target="F3"/>
  <move id="270" source="I:" target="H:"/>
  <move id="271" source="F3" target="F4"/>
  <move id="272" source="I7" target="H7"/>
  <move id="273" source="F4" target="F5"/>
  <move id="274" source="H7" target="G7"/>
  <move id="275" source="F5" target="F6"/>
  <move id="276" source="H:" target="I:"/>
  <move id="277" source="G4" target="F4"/>
  <move id="278" source="I:" target="I9"/>
  <move id="279" source="F4" target="E4"/>
  <move id="280" source="I9" target="I8"/>
  <move id="281" source="E4" target="E5"/>
  <move id="282" source="I8" target="H8"/>
  <move id="283" source="E5" target="E6"/>
  <move id="284" source="H8" target="G8"/>
  <move id="285" source="E6" target="E7"/>
  <move id="286" source="G8" target="F8"/>
  <move id="287" source="E7" target="E8"/>
  <move id="288" source="F8" target="F7"/>
  <move id="289" source="F6" target="E6"/>
  <move id="290" source="G7" target="G8"/>
  <move id="291" source="E2" target="E3"/>
  <move id="292" source="F7" target="E7"/>
  <move id="293" source="E8" target="E7"/>
  <move id="294" source="G8" target="G7"/>
  <move id="295" source="E6" target="E5"/>
  <move id="296" source="G7" target="F7"/>
  <move id="297" source="E7" target="E6"/>
  <move id="298" source="F7" target="F6"/>
  <move id="299" source="E6" target="E7"/>
  <move id="300" source="F6" target="F7"/>
  <move id="301" source="E7" target="E8"/>
  <move id="302" source="D8" target="E8"/>
  <move id="303" source="E5" target="E6"/>
  <move id="304" source="F9" target="F8"/>
  <move id="305" source="E3" target="E4"/>
  <move id="306" source="F8" target="G8"/>
  <move id="307" source="E4" target="F4"/>
  <move id="308" source="G8" target="H8"/>
  <move id="309" source="F4" target="F5"/>
  <move id="310" source="H8" target="H7"/>
  <move id="311" source="F5" target="F6"/>
  <move id="312" source="F7" target="G7"/>
  <move id="313" source="E6" target="E7"/>
  <move id="314" source="H7" target="H8"/>
  <move id="315" source="F6" target="F7"/>
  <move id="316" source="G7" target="H7"/>
  <move id="317" source="F7" target="F8"/>
  <move id="318" source="H8" target="G8"/>
  <move id="319" source="F8" target="E8"/>
  <move id="320" source="G8" target="F8"/>
  <move id="321" source="E8" target="E9"/>
  <move id="322" source="H7" target="G7"/>
  <move id="323" source="E7" target="D7"/>
  <move id="324" source="G7" target="F7"/>
  <move id="325" source="H2" target="H3"/>
  <move id="326" source="C8" target="D8"/>
  <move id="327" source="D7" target="C7"/>
  <move id="328" source="D8" target="C8"/>
  <move id="329" source="H3" target="H4"/>
  <move id="330" source="C7" target="D7"/>
  <move id="331" source="H4" target="G4"/>
  <move id="332" source="D7" target="E7"/>
  <move id="333" source="G4" target="H4"/>
  <move id="334" source="F8" target="G8"/>
  <move id="335" source="H4" target="I4"/>
  <move id="336" source="G8" target="H8"/>
  <move id="337" source="K3" target="K4"/>
  <move id="338" source="H8" target="H7"/>
  <move id="339" source="K4" target="K5"/>
  <move id="340" source="F7" target="G7"/>
  <move id="341" source="K5" target="K6"/>
  <move id="342" source="H7" target="I7"/>
  <move id="343" source="K6" target="I6"/>
  <move id="344" source="G7" target="H7"/>
  <move id="345" source="I4" target="H4"/>
  <move id="346" source="C8" target="C7"/>
  <move id="347" source="H4" target="G4"/>
  <move id="348" source="C7" target="B7"/>
  <move id="349" source="G4" target="F4"/>
  <move id="350" source="B7" target="B6"/>
  <move id="351" source="A6" target="A5"/>
  <move id="352" source="B6" target="B5"/>
  <move id="353" source="A5" target="A4"/>
  <move id="354" source="B5" target="A5"/>
  <move id="355" source="A4" target="B4"/>
  <move id="356" source="B9" target="B8"/>
  <move id="357" source="F4" target="F5"/>
  <move id="358" source="B8" target="F8"/>
  <move id="359" source="F5" target="E5"/>
  <move id="360" source="F8" target="F6"/>
  <move id="361" source="E5" target="E6"/>
  <move id="362" source="E7" target="F7"/>
  <move id="363" source="E6" target="E7"/>
  <move id="364" source="F7" target="G7"/>
  <move id="365" source="E7" target="D7"/>
  <move id="366" source="F6" target="F7"/>
  <move id="367" source="D7" target="C7"/>
  <move id="368" source="F7" target="C7"/>
  <move id="369" source="C7" target="B7"/>
  <move id="370" source="I7" target="I6"/>
  <move id="371" source="B7" target="B6"/>
  <move id="372" source="G7" target="F7"/>
  <move id="373" source="B6" target="A6"/>
  <move id="374" source="A5" target="B5"/>
  <move id="375" source="B4" target="A4"/>
  <move id="376" source="F7" target="E7"/>
  <move id="377" source="C4" target="B4"/>
  <move id="378" source="B3" target="A3"/>
  <move id="379" source="A4" target="A5"/>
  <move id="380" source="H7" target="G7"/>
  <move id="381" source="B4" target="B5"/>
  <move id="382" source="A3" target="A4"/>
  <move id="383" source="A6" target="B6"/>
  <move id="384" source="E7" target="E6"/>
  <move id="385" source="A5" target="A6"/>
  <move id="386" source="G7" target="F7"/>
  <move id="387" source="B6" target="B7"/>
  <move id="388" source="F7" target="E7"/>
  <move id="389" source="B7" target="B8"/>
  <move id="390" source="E7" target="E8"/>
  <move id="391" source="B5" target="A5"/>
  <move id="392" source="A4" target="B4"/>
  <move id="393" source="B8" target="B7"/>
  <move id="394" source="E8" target="D8"/>
  <move id="395" source="B7" target="B6"/>
  <move id="396" source="B4" target="B3"/>
  <move id="397" source="B6" target="B5"/>
  <move id="398" source="B3" target="C3"/>
  <move id="399" source="B5" target="B4"/>
  <move id="400" source="D8" target="D7"/>
  <move id="401" source="B4" target="C4"/>
  <move id="402" source="C3" target="D3"/>
  <move id="403" source="A5" target="B5"/>
  <move id="404" source="C9" target="C8"/>
  <move id="405" source="B5" target="B6"/>
  <move id="406" source="C8" target="C7"/>
  <move id="407" source="C4" target="D4"/>
  <move id="408" source="D3" target="C3"/>
  <move id="409" source="A6" target="A7"/>
  <move id="410" source="A9" target="A8"/>
  <move id="411" source="A7" target="A6"/>
  <move id="412" source="A8" target="A7"/>
  <move id="413" source="A6" target="A5"/>
  <move id="414" source="C3" target="B3"/>
  <move id="415" source="D4" target="C4"/>
  <move id="416" source="B3" target="A3"/>
  <move id="417" source="C4" target="B4"/>
  <move id="418" source="E6" target="F6"/>
  <move id="419" source="A5" target="B5"/>
  <move id="420" source="F6" target="F7"/>
  <move id="421" source="B4" target="A4"/>
  <move id="422" source="A3" target="B3"/>
  <move id="423" source="A4" target="A5"/>
  <move id="424" source="A7" target="A8"/>
  <move id="425" source="A5" target="A6"/>
  <move id="426" source="A8" target="B8"/>
  <move id="427" source="A6" target="A7"/>
  <move id="428" source="B3" target="B4"/>
  <move id="429" source="B5" target="A5"/>
  <move id="430" source="B4" target="A4"/>
  <move id="431" source="A5" target="A6"/>
  <move id="432" source="A4" target="A5"/>
  <move id="433" source="A7" target="A8"/>
  <move id="434" source="B8" target="C8"/>
  <move id="435" source="A8" target="B8"/>
  <move id="436" source="C8" target="D8"/>
  <move id="437" source="B8" target="C8"/>
  <move id="438" source="D8" target="E8"/>
  <move id="439" source="A6" target="A7"/>
  <move id="440" source="E8" target="E7"/>
  <move id="441" source="A7" target="A8"/>
  <move id="442" source="F7" target="F6"/>
  <move id="443" source="A8" target="A9"/>
  <move id="444" source="E7" target="F7"/>
  <move id="445" source="C8" target="B8"/>
  <move id="446" source="F7" target="F8"/>
  <move id="447" source="B8" target="B7"/>
  <move id="448" source="F8" target="E8"/>
  <move id="449" source="B7" target="A7"/>
  <move id="450" source="E8" target="D8"/>
  <move id="451" source="A7" target="A8"/>
  <move id="452" source="F6" target="F5"/>
  <move id="453" source="A8" target="B8"/>
  <move id="454" source="F5" target="F6"/>
  <move id="455" source="B6" target="A6"/>
  <move id="456" source="A5" target="B5"/>
  <move id="457" source="B8" target="B7"/>
  <move id="458" source="D8" target="C8"/>
  <move id="459" source="A6" target="A7"/>
  <move id="460" source="B5" target="A5"/>
  <move id="461" source="A7" target="A8"/>
  <move id="462" source="F6" target="F7"/>
  <move id="463" source="A8" target="B8"/>
  <move id="464" source="C8" target="D8"/>
  <move id="465" source="B8" target="B9"/>
  <move id="466" source="C7" target="C8"/>
  <move id="467" source="B7" target="B6"/>
  <move id="468" source="D7" target="C7"/>
  <move id="469" source="B6" target="A6"/>
  <move id="470" source="A5" target="B5"/>
  <move id="471" source="B9" target="B8"/>
  <move id="472" source="C8" target="B8"/>
  <move id="473" source="A6" target="B6"/>
  <move id="474" source="D8" target="C8"/>
  <move id="475" source="B6" target="B7"/>
  <move id="476" source="C7" target="B7"/>
  <player id="1">Player 1</player>
  <player id="2">Player 2</player>
  <result type="3" winner="2"/>
 </game>
</stratego>