<?xml version="1.0" encoding="UTF-8"?>
<stratego>
 <game type="classic">
  
  <field content="MBEDEIBHEIBECHDDHDHEBLFJFGBBFJGFDDGIKDDGAA__AA__AAAA__AA__AAPPSRSRTNRPSWUTOVXPTPRPPVTQQUSNUQNNYNNQQP"/>
  <move id="1" source="E4" target="E5"/>
  <move id="2" source="E7" target="E6"/>
  <move id="3" source="E5" target="E6"/>
  <move id="4" source="D7" target="E7"/>
  <move id="5" source="F4" target="F5"/>
  <move id="6" source="D8" target="D7"/>
  <move id="7" source="F5" target="F6"/>
  <move id="8" source="B7" target="B6"/>
  <move id="9" source="B4" target="B5"/>
  <move id="10" source="C7" target="B7"/>
  <move id="11" source="A4" target="A5"/>
  <move id="12" source="C8" target="C7"/>
  <move id="13" source="A5" target="A6"/>
  <move id="14" source="B6" target="B5"/>
  <move id="15" source="A6" target="B6"/>
  <move id="16" source="B7" target="B6"/>
  <move id="17" source="B5" target="B6"/>
  <move id="18" source="C7" target="B7"/>
  <move id="19" source="B6" target="B5"/>
  <move id="20" source="A7" target="A6"/>
  <move id="21" source="F6" target="E6"/>
  <move id="22" source="A8" target="A7"/>
  <move id="23" source="D4" target="E4"/>
  <move id="24" source="B7" target="C7"/>
  <move id="25" source="E4" target="F4"/>
  <move id="26" source="A7" target="B7"/>
  <move id="27" source="F4" target="F7"/>
  <move id="28" source="B7" target="B6"/>
  <move id="29" source="C4" target="B4"/>
  <move id="30" source="C7" target="B7"/>
  <move id="31" source="F3" target="F4"/>
  <move id="32" source="A6" target="A5"/>
  <move id="33" source="B5" target="B6"/>
  <move id="34" source="A5" target="A6"/>
  <move id="35" source="B4" target="B5"/>
  <move id="36" source="A6" target="A7"/>
  <move id="37" source="F4" target="F5"/>
  <move id="38" source="B6" target="A6"/>
  <move id="39" source="F5" target="F6"/>
  <move id="40" source="B7" target="C7"/>
  <move id="41" source="B5" target="B8"/>
  <move id="42" source="A6" target="B6"/>
  <move id="43" source="C3" target="C4"/>
  <move id="44" source="B6" target="B7"/>
  <move id="45" source="C4" target="B4"/>
  <move id="46" source="A7" target="A8"/>
  <move id="47" source="B4" target="B5"/>
  <move id="48" source="E7" target="E6"/>
  <move id="49" source="E6" target="E5"/>
  <move id="50" source="F7" target="F6"/>
  <move id="51" source="E5" target="E4"/>
  <move id="52" source="G7" target="F7"/>
  <move id="53" source="F6" target="F5"/>
  <move id="54" source="F7" target="F6"/>
  <move id="55" source="F5" target="F4"/>
  <move id="56" source="F6" target="F5"/>
  <move id="57" source="E4" target="D4"/>
  <move id="58" source="F5" target="F4"/>
  <move id="59" source="G4" target="F4"/>
  <move id="60" source="D7" target="E7"/>
  <move id="61" source="F4" target="F5"/>
  <move id="62" source="C7" target="D7"/>
  <move id="63" source="F5" target="F6"/>
  <move id="64" source="G8" target="G7"/>
  <move id="65" source="F6" target="E6"/>
  <move id="66" source="E7" target="F7"/>
  <move id="67" source="E6" target="E7"/>
  <move id="68" source="D7" target="D8"/>
  <move id="69" source="E7" target="D7"/>
  <move id="70" source="D8" target="C8"/>
  <move id="71" source="D7" target="D8"/>
  <move id="72" source="C8" target="C7"/>
  <move id="73" source="D8" target="E8"/>
  <move id="74" source="F7" target="F6"/>
  <move id="75" source="E8" target="E7"/>
  <move id="76" source="G7" target="F7"/>
  <move id="77" source="E7" target="D7"/>
  <move id="78" source="C7" target="C8"/>
  <move id="79" source="D7" target="D8"/>
  <move id="80" source="C8" target="C7"/>
  <move id="81" source="F2" target="F6"/>
  <move id="82" source="F6" target="E6"/>
  <move id="83" source="B5" target="A5"/>
  <move id="84" source="F7" target="E7"/>
  <move id="85" source="B3" target="B4"/>
  <move id="86" source="B8" target="C8"/>
  <move id="87" source="B4" target="B5"/>
  <move id="88" source="C8" target="D8"/>
  <move id="89" source="B5" target="B6"/>
  <move id="90" source="F8" target="F7"/>
  <move id="91" source="B6" target="B7"/>
  <move id="92" source="C7" target="D7"/>
  <move id="93" source="A5" target="A6"/>
  <move id="94" source="D7" target="D8"/>
  <move id="95" source="B7" target="B8"/>
  <move id="96" source="F7" target="F6"/>
  <move id="97" source="D4" target="E4"/>
  <move id="98" source="F6" target="F5"/>
  <move id="99" source="A6" target="A7"/>
  <move id="100" source="D8" target="D7"/>
  <move id="101" source="B8" target="C8"/>
  <move id="102" source="A8" target="A7"/>
  <move id="103" source="C8" target="B8"/>
  <move id="104" source="E6" target="F6"/>
  <move id="105" source="A7" target="A8"/>
  <move id="106" source="F5" target="F4"/>
  <move id="107" source="E4" target="E5"/>
  <move id="108" source="E7" target="E6"/>
  <move id="109" source="E5" target="E4"/>
  <move id="110" source="F4" target="E4"/>
  <move id="111" source="A8" target="A9"/>
  <move id="112" source="E6" target="E7"/>
  <move id="113" source="B8" target="C8"/>
  <move id="114" source="E7" target="E8"/>
  <move id="115" source="C8" target="C9"/>
  <move id="116" source="D9" target="D8"/>
  <move id="117" source="C9" target="C8"/>
  <move id="118" source="D8" target="D9"/>
  <move id="119" source="C8" target="C7"/>
  <move id="120" source="D7" target="E7"/>
  <move id="121" source="C7" target="D7"/>
  <move id="122" source="E7" target="F7"/>
  <move id="123" source="I4" target="I7"/>
  <move id="124" source="E4" target="F4"/>
  <move id="125" source="I3" target="I4"/>
  <move id="126" source="F4" target="G4"/>
  <move id="127" source="I4" target="I5"/>
  <move id="128" source="D9" target="C9"/>
  <move id="129" source="D7" target="C7"/>
  <move id="130" source="E8" target="D8"/>
  <move id="131" source="I5" target="I6"/>
  <move id="132" source="F7" target="E7"/>
  <move id="133" source="I6" target="I7"/>
  <move id="134" source="K7" target="I7"/>
  <move id="135" source="K4" target="K5"/>
  <move id="136" source="I7" target="I4"/>
  <move id="137" source="H4" target="I4"/>
  <move id="138" source="G4" target="H4"/>
  <move id="139" source="K5" target="K6"/>
  <move id="140" source="C9" target="D9"/>
  <move id="141" source="K6" target="I6"/>
  <move id="142" source="D8" target="E8"/>
  <move id="143" source="C7" target="D7"/>
  <move id="144" source="D9" target="C9"/>
  <move id="145" source="D7" target="E7"/>
  <move id="146" source="E8" target="D8"/>
  <move id="147" source="E7" target="D7"/>
  <move id="148" source="D8" target="E8"/>
  <move id="149" source="D7" target="E7"/>
  <move id="150" source="E8" target="D8"/>
  <move id="151" source="E7" target="E6"/>
  <move id="152" source="F6" target="F7"/>
  <move id="153" source="D3" target="D4"/>
  <move id="154" source="K8" target="K3"/>
  <move id="155" source="K3" target="K4"/>
  <move id="156" source="H4" target="H3"/>
  <move id="157" source="D4" target="C4"/>
  <move id="158" source="D8" target="D7"/>
  <move id="159" source="C4" target="B4"/>
  <move id="160" source="D7" target="C7"/>
  <move id="161" source="E6" target="E7"/>
  <move id="162" source="F7" target="F6"/>
  <move id="163" source="E7" target="D7"/>
  <move id="164" source="C7" target="B7"/>
  <move id="165" source="B4" target="C4"/>
  <move id="166" source="B7" target="B6"/>
  <move id="167" source="E2" target="F2"/>
  <move id="168" source="B6" target="B5"/>
  <move id="169" source="F2" target="F6"/>
  <move id="170" source="B5" target="B4"/>
  <move id="171" source="C4" target="D4"/>
  <move id="172" source="B4" target="B3"/>
  <move id="173" source="D4" target="E4"/>
  <move id="174" source="B3" target="B2"/>
  <move id="175" source="C2" target="B2"/>
  <player id="1">Player 1</player>
  <player id="2">Player 2</player>
  <result type="3" winner="1"/>
 </game>
</stratego>