<?xml version="1.0" encoding="UTF-8"?>
<stratego>
 <game type="classic">
  
  <field content="EEBGIEFBEEDIFFIDBFBHGDJJLHCBGDDHBMGDKDHDAA__AA__AAAA__AA__AATTQOTPTNSPXPSSWPPRNRVUQUVNPUSPYQQRPNQNRN"/>
  <move id="1" source="E4" target="E5"/>
  <move id="2" source="A7" target="A6"/>
  <move id="3" source="E5" target="E6"/>
  <move id="4" source="A6" target="A5"/>
  <move id="5" source="E3" target="E4"/>
  <move id="6" source="A5" target="A4"/>
  <move id="7" source="B4" target="B5"/>
  <move id="8" source="A4" target="A3"/>
  <move id="9" source="B5" target="A5"/>
  <move id="10" source="B7" target="A7"/>
  <move id="11" source="B3" target="B8"/>
  <move id="12" source="A3" target="A2"/>
  <move id="13" source="B2" target="A2"/>
  <move id="14" source="C8" target="B8"/>
  <move id="15" source="C2" target="B2"/>
  <move id="16" source="B8" target="B7"/>
  <move id="17" source="B2" target="B3"/>
  <move id="18" source="B7" target="B6"/>
  <move id="19" source="B3" target="B4"/>
  <move id="20" source="B6" target="B5"/>
  <move id="21" source="A5" target="A6"/>
  <move id="22" source="B5" target="B4"/>
  <move id="23" source="A6" target="A7"/>
  <move id="24" source="B4" target="C4"/>
  <move id="25" source="B1" target="B2"/>
  <move id="26" source="D8" target="C8"/>
  <move id="27" source="B2" target="B3"/>
  <move id="28" source="C8" target="B8"/>
  <move id="29" source="B3" target="B4"/>
  <move id="30" source="B8" target="B7"/>
  <move id="31" source="B4" target="B5"/>
  <move id="32" source="B7" target="B6"/>
  <move id="33" source="E6" target="E7"/>
  <move id="34" source="B6" target="B5"/>
  <move id="35" source="A2" target="A3"/>
  <move id="36" source="C7" target="B7"/>
  <move id="37" source="E4" target="E5"/>
  <move id="38" source="B7" target="A7"/>
  <move id="39" source="E5" target="E6"/>
  <move id="40" source="A7" target="A6"/>
  <move id="41" source="A3" target="A4"/>
  <move id="42" source="B5" target="B6"/>
  <move id="43" source="A4" target="B4"/>
  <move id="44" source="B6" target="B7"/>
  <move id="45" source="E6" target="E7"/>
  <move id="46" source="D7" target="E7"/>
  <move id="47" source="F4" target="E4"/>
  <move id="48" source="A6" target="B6"/>
  <move id="49" source="E4" target="E7"/>
  <move id="50" source="F7" target="E7"/>
  <move id="51" source="F3" target="F4"/>
  <move id="52" source="G7" target="F7"/>
  <move id="53" source="F4" target="F5"/>
  <move id="54" source="B6" target="B5"/>
  <move id="55" source="B4" target="A4"/>
  <move id="56" source="B5" target="A5"/>
  <move id="57" source="A4" target="B4"/>
  <move id="58" source="A5" target="B5"/>
  <move id="59" source="B4" target="A4"/>
  <move id="60" source="B5" target="A5"/>
  <move id="61" source="A4" target="A3"/>
  <move id="62" source="A5" target="A4"/>
  <move id="63" source="A3" target="B3"/>
  <move id="64" source="A4" target="B4"/>
  <move id="65" source="B3" target="B2"/>
  <move id="66" source="B4" target="B3"/>
  <move id="67" source="B2" target="C2"/>
  <move id="68" source="B3" target="B2"/>
  <move id="69" source="F2" target="F3"/>
  <move id="70" source="B7" target="A7"/>
  <move id="71" source="F3" target="E3"/>
  <move id="72" source="A7" target="A6"/>
  <move id="73" source="E3" target="E8"/>
  <move id="74" source="E8" target="E7"/>
  <move id="75" source="K4" target="K5"/>
  <move id="76" source="A6" target="A5"/>
  <move id="77" source="K5" target="K7"/>
  <move id="78" source="A5" target="A4"/>
  <move id="79" source="I4" target="I5"/>
  <move id="80" source="A4" target="A3"/>
  <move id="81" source="I5" target="I6"/>
  <move id="82" source="A3" target="A2"/>
  <move id="83" source="I6" target="K6"/>
  <move id="84" source="A2" target="A1"/>
  <move id="85" source="K6" target="K7"/>
  <move id="86" source="A1" target="A2"/>
  <move id="87" source="K7" target="I7"/>
  <move id="88" source="A2" target="A3"/>
  <move id="89" source="I7" target="I8"/>
  <move id="90" source="A3" target="A4"/>
  <move id="91" source="K3" target="K8"/>
  <move id="92" source="A4" target="A5"/>
  <move id="93" source="K2" target="K3"/>
  <move id="94" source="F7" target="G7"/>
  <move id="95" source="K3" target="K4"/>
  <move id="96" source="F8" target="F5"/>
  <move id="97" source="K4" target="K5"/>
  <move id="98" source="G8" target="F8"/>
  <move id="99" source="K5" target="K6"/>
  <move id="100" source="F8" target="F7"/>
  <move id="101" source="K6" target="K7"/>
  <move id="102" source="F7" target="F6"/>
  <move id="103" source="F5" target="F4"/>
  <move id="104" source="E7" target="E6"/>
  <move id="105" source="K7" target="K8"/>
  <move id="106" source="E6" target="E5"/>
  <move id="107" source="K8" target="K9"/>
  <move id="108" source="G9" target="G8"/>
  <move id="109" source="K9" target="K:"/>
  <move id="110" source="G8" target="B8"/>
  <move id="111" source="H4" target="K4"/>
  <move id="112" source="B8" target="B3"/>
  <move id="113" source="K4" target="K:"/>
  <move id="114" source="B3" target="C3"/>
  <move id="115" source="C2" target="B2"/>
  <move id="116" source="E5" target="E6"/>
  <move id="117" source="B2" target="B3"/>
  <move id="118" source="E6" target="E7"/>
  <move id="119" source="B3" target="B4"/>
  <move id="120" source="E7" target="D7"/>
  <move id="121" source="B4" target="B5"/>
  <move id="122" source="A5" target="A6"/>
  <move id="123" source="B5" target="B6"/>
  <move id="124" source="D7" target="C7"/>
  <move id="125" source="B6" target="A6"/>
  <move id="126" source="C7" target="B7"/>
  <move id="127" source="F4" target="F5"/>
  <move id="128" source="F6" target="E6"/>
  <move id="129" source="F5" target="E5"/>
  <move id="130" source="E6" target="F6"/>
  <move id="131" source="E5" target="F5"/>
  <move id="132" source="F6" target="F7"/>
  <move id="133" source="F5" target="F6"/>
  <move id="134" source="F7" target="F8"/>
  <move id="135" source="F6" target="F7"/>
  <move id="136" source="G7" target="F7"/>
  <move id="137" source="F1" target="F2"/>
  <move id="138" source="B7" target="B6"/>
  <move id="139" source="A6" target="A7"/>
  <move id="140" source="A8" target="A7"/>
  <move id="141" source="G4" target="F4"/>
  <move id="142" source="A7" target="B7"/>
  <move id="143" source="F4" target="F5"/>
  <move id="144" source="B7" target="C7"/>
  <move id="145" source="F5" target="F6"/>
  <move id="146" source="C7" target="D7"/>
  <move id="147" source="F6" target="F7"/>
  <move id="148" source="B6" target="B5"/>
  <move id="149" source="F7" target="F8"/>
  <move id="150" source="D7" target="D8"/>
  <move id="151" source="F8" target="G8"/>
  <move id="152" source="D8" target="E8"/>
  <move id="153" source="G8" target="H8"/>
  <move id="154" source="H9" target="G9"/>
  <move id="155" source="H8" target="H9"/>
  <move id="156" source="G9" target="G8"/>
  <move id="157" source="H9" target="G9"/>
  <move id="158" source="G8" target="H8"/>
  <move id="159" source="G9" target="G8"/>
  <move id="160" source="H8" target="H9"/>
  <move id="161" source="G8" target="G9"/>
  <move id="162" source="H9" target="H8"/>
  <move id="163" source="G9" target="G8"/>
  <move id="164" source="H8" target="H9"/>
  <move id="165" source="G8" target="G9"/>
  <move id="166" source="H9" target="H8"/>
  <move id="167" source="G9" target="G8"/>
  <move id="168" source="H8" target="H9"/>
  <move id="169" source="D3" target="E3"/>
  <move id="170" source="B5" target="B4"/>
  <move id="171" source="G8" target="H8"/>
  <move id="172" source="H9" target="G9"/>
  <move id="173" source="E3" target="F3"/>
  <move id="174" source="B4" target="B3"/>
  <move id="175" source="C3" target="C2"/>
  <move id="176" source="B3" target="B2"/>
  <move id="177" source="C2" target="C3"/>
  <move id="178" source="B2" target="B3"/>
  <move id="179" source="C3" target="C2"/>
  <move id="180" source="B3" target="B2"/>
  <move id="181" source="C2" target="C3"/>
  <move id="182" source="B2" target="B3"/>
  <move id="183" source="C3" target="C2"/>
  <move id="184" source="B3" target="B2"/>
  <move id="185" source="H8" target="H9"/>
  <move id="186" source="G9" target="G8"/>
  <move id="187" source="C2" target="C3"/>
  <move id="188" source="B2" target="B3"/>
  <move id="189" source="C3" target="C2"/>
  <move id="190" source="B3" target="B2"/>
  <move id="191" source="C2" target="C3"/>
  <move id="192" source="B2" target="B3"/>
  <move id="193" source="C3" target="C2"/>
  <move id="194" source="B3" target="B2"/>
  <move id="195" source="C2" target="C3"/>
  <move id="196" source="B2" target="B3"/>
  <move id="197" source="H9" target="G9"/>
  <move id="198" source="E8" target="F8"/>
  <move id="199" source="C3" target="D3"/>
  <move id="200" source="B3" target="C3"/>
  <move id="201" source="D3" target="E3"/>
  <move id="202" source="C3" target="D3"/>
  <move id="203" source="E3" target="E4"/>
  <move id="204" source="D3" target="E3"/>
  <move id="205" source="E4" target="F4"/>
  <move id="206" source="E3" target="F3"/>
  <move id="207" source="F4" target="G4"/>
  <move id="208" source="F3" target="F2"/>
  <move id="209" source="G4" target="H4"/>
  <move id="210" source="F2" target="F3"/>
  <move id="211" source="H4" target="I4"/>
  <move id="212" source="G8" target="G7"/>
  <move id="213" source="G9" target="G:"/>
  <move id="214" source="F8" target="G8"/>
  <move id="215" source="G:" target="F:"/>
  <move id="216" source="F3" target="F4"/>
  <move id="217" source="I4" target="I5"/>
  <move id="218" source="F4" target="E4"/>
  <move id="219" source="I5" target="I6"/>
  <move id="220" source="E4" target="D4"/>
  <player id="1">Player 1</player>
  <player id="2">Player 2</player>
  <result type="1" winner="2"/>
 </game>
</stratego>