<?xml version="1.0" encoding="UTF-8"?>
<stratego>
 <game type="classic">
  
  <field content="HEEIEHEHBMDFDCKDILDBFDFJBBJEGGDIDBHGBDFGAA__AA__AAAA__AA__AAQPNSQTUTQPNRSNTUXUVPRNNWVQOTQPPRRPSNYSPP"/>
  <move id="1" source="A4" target="A5"/>
  <move id="2" source="B7" target="B4"/>
  <move id="3" source="E4" target="E5"/>
  <move id="4" source="A7" target="A6"/>
  <move id="5" source="B4" target="B5"/>
  <move id="6" source="F7" target="F6"/>
  <move id="7" source="F4" target="E4"/>
  <move id="8" source="E7" target="E6"/>
  <move id="9" source="E5" target="E6"/>
  <move id="10" source="F6" target="F5"/>
  <move id="11" source="E6" target="E5"/>
  <move id="12" source="F5" target="F6"/>
  <move id="13" source="E5" target="E6"/>
  <move id="14" source="F6" target="F7"/>
  <move id="15" source="B5" target="B6"/>
  <move id="16" source="A6" target="A5"/>
  <move id="17" source="E4" target="E5"/>
  <move id="18" source="A5" target="A4"/>
  <move id="19" source="E5" target="F5"/>
  <move id="20" source="A4" target="A3"/>
  <move id="21" source="F5" target="F6"/>
  <move id="22" source="F7" target="F6"/>
  <move id="23" source="E6" target="E7"/>
  <move id="24" source="G7" target="F7"/>
  <move id="25" source="E7" target="E8"/>
  <move id="26" source="F8" target="E8"/>
  <move id="27" source="A3" target="A4"/>
  <move id="28" source="F7" target="F8"/>
  <move id="29" source="A4" target="A5"/>
  <move id="30" source="H7" target="G7"/>
  <move id="31" source="A5" target="A6"/>
  <move id="32" source="G7" target="F7"/>
  <move id="33" source="A6" target="A7"/>
  <move id="34" source="F7" target="E7"/>
  <move id="35" source="B6" target="B7"/>
  <move id="36" source="F6" target="F7"/>
  <move id="37" source="A7" target="A8"/>
  <move id="38" source="K7" target="K4"/>
  <move id="39" source="B3" target="B4"/>
  <move id="40" source="I7" target="I6"/>
  <move id="41" source="C3" target="B3"/>
  <move id="42" source="I6" target="I5"/>
  <move id="43" source="B3" target="A3"/>
  <move id="44" source="I5" target="I4"/>
  <move id="45" source="A3" target="A4"/>
  <move id="46" source="K8" target="K7"/>
  <move id="47" source="A4" target="A5"/>
  <move id="48" source="K7" target="I7"/>
  <move id="49" source="A5" target="A6"/>
  <move id="50" source="I7" target="H7"/>
  <move id="51" source="A6" target="B6"/>
  <move id="52" source="H7" target="G7"/>
  <move id="53" source="C2" target="C3"/>
  <move id="54" source="F7" target="F6"/>
  <move id="55" source="B6" target="A6"/>
  <move id="56" source="E7" target="E6"/>
  <move id="57" source="C3" target="B3"/>
  <move id="58" source="G7" target="H7"/>
  <move id="59" source="B3" target="A3"/>
  <move id="60" source="F6" target="F5"/>
  <move id="61" source="A3" target="A4"/>
  <move id="62" source="E6" target="E5"/>
  <move id="63" source="A4" target="A5"/>
  <move id="64" source="F5" target="F6"/>
  <move id="65" source="A5" target="B5"/>
  <move id="66" source="F6" target="F7"/>
  <move id="67" source="C1" target="C2"/>
  <move id="68" source="F7" target="E7"/>
  <move id="69" source="C2" target="C3"/>
  <move id="70" source="B8" target="B7"/>
  <move id="71" source="C3" target="B3"/>
  <move id="72" source="C8" target="B8"/>
  <move id="73" source="B5" target="B6"/>
  <move id="74" source="H7" target="F7"/>
  <move id="75" source="A6" target="A5"/>
  <move id="76" source="E5" target="E4"/>
  <move id="77" source="A5" target="B5"/>
  <move id="78" source="F7" target="F4"/>
  <move id="79" source="B3" target="A3"/>
  <move id="80" source="F4" target="G4"/>
  <move id="81" source="A3" target="A4"/>
  <move id="82" source="E4" target="E5"/>
  <move id="83" source="A4" target="A5"/>
  <move id="84" source="F8" target="F7"/>
  <move id="85" source="A5" target="A6"/>
  <move id="86" source="F7" target="F6"/>
  <move id="87" source="A6" target="A7"/>
  <move id="88" source="F6" target="E6"/>
  <move id="89" source="A7" target="A8"/>
  <move id="90" source="A9" target="A8"/>
  <move id="91" source="B5" target="A5"/>
  <move id="92" source="A8" target="A9"/>
  <move id="93" source="A5" target="A6"/>
  <move id="94" source="B8" target="A8"/>
  <move id="95" source="A6" target="A7"/>
  <move id="96" source="A8" target="A7"/>
  <move id="97" source="B7" target="A7"/>
  <move id="98" source="F9" target="F8"/>
  <move id="99" source="B6" target="A6"/>
  <move id="100" source="F8" target="F7"/>
  <move id="101" source="A7" target="A8"/>
  <move id="102" source="F7" target="F6"/>
  <move id="103" source="B4" target="B9"/>
  <move id="104" source="F6" target="F5"/>
  <move id="105" source="A8" target="A9"/>
  <move id="106" source="E6" target="F6"/>
  <move id="107" source="A6" target="A7"/>
  <move id="108" source="F6" target="F7"/>
  <move id="109" source="A9" target="A:"/>
  <move id="110" source="F7" target="F8"/>
  <move id="111" source="A7" target="A8"/>
  <move id="112" source="F8" target="F9"/>
  <move id="113" source="A:" target="B:"/>
  <move id="114" source="E7" target="F7"/>
  <move id="115" source="A8" target="B8"/>
  <move id="116" source="F7" target="F8"/>
  <move id="117" source="B8" target="C8"/>
  <move id="118" source="F5" target="F4"/>
  <move id="119" source="C8" target="C9"/>
  <move id="120" source="F4" target="E4"/>
  <move id="121" source="B:" target="C:"/>
  <move id="122" source="E4" target="D4"/>
  <move id="123" source="D3" target="D4"/>
  <move id="124" source="E5" target="E6"/>
  <move id="125" source="B1" target="C1"/>
  <move id="126" source="E6" target="E7"/>
  <move id="127" source="C1" target="C2"/>
  <move id="128" source="E7" target="F7"/>
  <move id="129" source="C2" target="C3"/>
  <move id="130" source="F7" target="G7"/>
  <move id="131" source="C:" target="B:"/>
  <move id="132" source="G7" target="H7"/>
  <move id="133" source="B:" target="A:"/>
  <move id="134" source="E8" target="E7"/>
  <move id="135" source="A:" target="A9"/>
  <move id="136" source="E7" target="F7"/>
  <move id="137" source="A9" target="A8"/>
  <move id="138" source="F7" target="G7"/>
  <move id="139" source="A8" target="B8"/>
  <move id="140" source="D:" target="C:"/>
  <move id="141" source="A2" target="A:"/>
  <move id="142" source="C:" target="D:"/>
  <move id="143" source="A:" target="D:"/>
  <move id="144" source="E:" target="D:"/>
  <move id="145" source="C4" target="B4"/>
  <move id="146" source="E9" target="E:"/>
  <move id="147" source="B4" target="A4"/>
  <move id="148" source="D9" target="E9"/>
  <move id="149" source="A4" target="A:"/>
  <move id="150" source="E9" target="E8"/>
  <move id="151" source="A:" target="D:"/>
  <move id="152" source="E8" target="E7"/>
  <move id="153" source="D2" target="D3"/>
  <move id="154" source="E7" target="E6"/>
  <move id="155" source="E2" target="D2"/>
  <move id="156" source="E6" target="E5"/>
  <move id="157" source="B2" target="B3"/>
  <move id="158" source="E5" target="E4"/>
  <move id="159" source="C3" target="C4"/>
  <move id="160" source="F8" target="E8"/>
  <move id="161" source="C4" target="B4"/>
  <move id="162" source="E8" target="E9"/>
  <move id="163" source="B4" target="B5"/>
  <move id="164" source="G8" target="F8"/>
  <move id="165" source="B3" target="B4"/>
  <move id="166" source="F8" target="F7"/>
  <move id="167" source="B4" target="A4"/>
  <move id="168" source="D7" target="E7"/>
  <move id="169" source="A4" target="A5"/>
  <move id="170" source="E7" target="E6"/>
  <move id="171" source="A5" target="A6"/>
  <move id="172" source="E6" target="E7"/>
  <move id="173" source="A6" target="A7"/>
  <move id="174" source="E7" target="D7"/>
  <move id="175" source="A7" target="B7"/>
  <move id="176" source="I8" target="I7"/>
  <move id="177" source="B5" target="B6"/>
  <move id="178" source="H8" target="I8"/>
  <move id="179" source="A1" target="A2"/>
  <move id="180" source="I8" target="K8"/>
  <move id="181" source="A2" target="A3"/>
  <move id="182" source="K8" target="K7"/>
  <move id="183" source="A3" target="A4"/>
  <move id="184" source="I9" target="I8"/>
  <move id="185" source="A4" target="A5"/>
  <move id="186" source="I8" target="H8"/>
  <move id="187" source="A5" target="A6"/>
  <move id="188" source="H8" target="G8"/>
  <move id="189" source="A6" target="A7"/>
  <move id="190" source="G8" target="F8"/>
  <move id="191" source="A7" target="A8"/>
  <move id="192" source="F8" target="E8"/>
  <move id="193" source="A8" target="A9"/>
  <move id="194" source="E8" target="E7"/>
  <move id="195" source="A9" target="A:"/>
  <move id="196" source="E7" target="E6"/>
  <move id="197" source="A:" target="B:"/>
  <move id="198" source="E6" target="E5"/>
  <move id="199" source="B:" target="C:"/>
  <move id="200" source="E9" target="E8"/>
  <move id="201" source="C:" target="D:"/>
  <move id="202" source="F9" target="E9"/>
  <move id="203" source="B7" target="C7"/>
  <move id="204" source="E:" target="D:"/>
  <move id="205" source="D4" target="C4"/>
  <move id="206" source="E5" target="F5"/>
  <move id="207" source="D3" target="C3"/>
  <move id="208" source="F5" target="F4"/>
  <move id="209" source="C3" target="B3"/>
  <move id="210" source="E4" target="E5"/>
  <move id="211" source="B3" target="B4"/>
  <move id="212" source="F4" target="E4"/>
  <move id="213" source="B4" target="B5"/>
  <move id="214" source="D:" target="E:"/>
  <move id="215" source="B5" target="A5"/>
  <move id="216" source="E4" target="E3"/>
  <move id="217" source="C4" target="D4"/>
  <move id="218" source="E3" target="F3"/>
  <move id="219" source="G3" target="F3"/>
  <move id="220" source="E5" target="F5"/>
  <move id="221" source="F3" target="E3"/>
  <move id="222" source="F5" target="F4"/>
  <move id="223" source="F2" target="F4"/>
  <move id="224" source="F4" target="E4"/>
  <move id="225" source="D2" target="D3"/>
  <move id="226" source="F7" target="F6"/>
  <move id="227" source="G2" target="F2"/>
  <move id="228" source="F6" target="E6"/>
  <move id="229" source="F2" target="E2"/>
  <move id="230" source="E6" target="E5"/>
  <move id="231" source="E2" target="D2"/>
  <move id="232" source="E5" target="F5"/>
  <move id="233" source="H2" target="G2"/>
  <move id="234" source="F5" target="F4"/>
  <move id="235" source="D2" target="C2"/>
  <move id="236" source="F4" target="F3"/>
  <move id="237" source="C2" target="B2"/>
  <move id="238" source="F3" target="E3"/>
  <move id="239" source="D3" target="C3"/>
  <move id="240" source="E4" target="D4"/>
  <move id="241" source="B2" target="B3"/>
  <move id="242" source="D4" target="E4"/>
  <move id="243" source="B3" target="B4"/>
  <move id="244" source="E4" target="E5"/>
  <move id="245" source="B4" target="C4"/>
  <move id="246" source="E5" target="E6"/>
  <move id="247" source="C4" target="D4"/>
  <move id="248" source="E6" target="F6"/>
  <move id="249" source="A5" target="A4"/>
  <move id="250" source="F6" target="F7"/>
  <move id="251" source="G2" target="F2"/>
  <move id="252" source="F7" target="F8"/>
  <move id="253" source="F2" target="E2"/>
  <move id="254" source="E3" target="F3"/>
  <move id="255" source="E2" target="D2"/>
  <move id="256" source="F8" target="F9"/>
  <move id="257" source="C3" target="B3"/>
  <move id="258" source="K9" target="K8"/>
  <move id="259" source="B3" target="B4"/>
  <move id="260" source="K8" target="F8"/>
  <move id="261" source="B4" target="B5"/>
  <move id="262" source="F8" target="F4"/>
  <move id="263" source="D4" target="C4"/>
  <move id="264" source="F4" target="C4"/>
  <move id="265" source="D2" target="D3"/>
  <move id="266" source="E8" target="E7"/>
  <move id="267" source="D3" target="D4"/>
  <move id="268" source="F3" target="E3"/>
  <move id="269" source="B5" target="A5"/>
  <move id="270" source="E9" target="E8"/>
  <move id="271" source="A5" target="A6"/>
  <move id="272" source="F9" target="E9"/>
  <move id="273" source="A4" target="A3"/>
  <move id="274" source="E9" target="D9"/>
  <move id="275" source="C4" target="B4"/>
  <move id="276" source="E8" target="F8"/>
  <move id="277" source="B4" target="B3"/>
  <move id="278" source="E:" target="E9"/>
  <move id="279" source="D4" target="C4"/>
  <move id="280" source="E9" target="E8"/>
  <move id="281" source="C4" target="B4"/>
  <move id="282" source="G9" target="F9"/>
  <move id="283" source="B6" target="B7"/>
  <move id="284" source="F9" target="E9"/>
  <move id="285" source="B4" target="B5"/>
  <move id="286" source="F8" target="F9"/>
  <move id="287" source="B5" target="B6"/>
  <move id="288" source="I:" target="I9"/>
  <move id="289" source="B8" target="A8"/>
  <move id="290" source="I9" target="I8"/>
  <move id="291" source="B7" target="B8"/>
  <move id="292" source="I8" target="H8"/>
  <move id="293" source="B8" target="B9"/>
  <move id="294" source="F9" target="G9"/>
  <move id="295" source="A6" target="A7"/>
  <move id="296" source="E3" target="E4"/>
  <move id="297" source="B3" target="B4"/>
  <move id="298" source="E4" target="E5"/>
  <move id="299" source="A7" target="B7"/>
  <move id="300" source="E5" target="F5"/>
  <move id="301" source="B9" target="B8"/>
  <move id="302" source="F5" target="F6"/>
  <move id="303" source="B8" target="C8"/>
  <move id="304" source="F6" target="F7"/>
  <move id="305" source="C8" target="C7"/>
  <move id="306" source="E7" target="E6"/>
  <move id="307" source="C7" target="C8"/>
  <move id="308" source="F7" target="E7"/>
  <move id="309" source="B7" target="B8"/>
  <move id="310" source="E8" target="F8"/>
  <move id="311" source="B8" target="B9"/>
  <move id="312" source="F8" target="F9"/>
  <move id="313" source="B6" target="B7"/>
  <move id="314" source="D7" target="C7"/>
  <move id="315" source="B7" target="C7"/>
  <move id="316" source="H8" target="G8"/>
  <move id="317" source="C8" target="C9"/>
  <move id="318" source="D9" target="C9"/>
  <move id="319" source="B9" target="B8"/>
  <move id="320" source="C9" target="B9"/>
  <move id="321" source="B8" target="B7"/>
  <move id="322" source="B9" target="B8"/>
  <move id="323" source="A8" target="A9"/>
  <move id="324" source="E7" target="D7"/>
  <move id="325" source="C7" target="D7"/>
  <move id="326" source="B8" target="B7"/>
  <move id="327" source="B4" target="C4"/>
  <move id="328" source="E6" target="E7"/>
  <move id="329" source="C4" target="D4"/>
  <move id="330" source="E7" target="E8"/>
  <move id="331" source="I4" target="I5"/>
  <move id="332" source="F9" target="F8"/>
  <move id="333" source="I5" target="I6"/>
  <move id="334" source="I7" target="I8"/>
  <move id="335" source="I6" target="I7"/>
  <move id="336" source="K7" target="I7"/>
  <move id="337" source="H4" target="I4"/>
  <move id="338" source="F8" target="F7"/>
  <move id="339" source="A3" target="B3"/>
  <move id="340" source="F7" target="E7"/>
  <move id="341" source="B3" target="C3"/>
  <move id="342" source="E7" target="D7"/>
  <move id="343" source="C3" target="D3"/>
  <move id="344" source="E9" target="D9"/>
  <move id="345" source="D3" target="E3"/>
  <move id="346" source="E8" target="E9"/>
  <move id="347" source="E3" target="F3"/>
  <move id="348" source="G9" target="F9"/>
  <move id="349" source="D4" target="E4"/>
  <move id="350" source="H9" target="G9"/>
  <move id="351" source="H3" target="G3"/>
  <move id="352" source="H7" target="H8"/>
  <move id="353" source="F3" target="F4"/>
  <move id="354" source="H8" target="H9"/>
  <move id="355" source="F4" target="F5"/>
  <move id="356" source="I8" target="H8"/>
  <move id="357" source="E4" target="F4"/>
  <move id="358" source="H8" target="H7"/>
  <move id="359" source="F4" target="F3"/>
  <move id="360" source="G8" target="H8"/>
  <move id="361" source="F3" target="F2"/>
  <move id="362" source="F9" target="F8"/>
  <move id="363" source="F2" target="G2"/>
  <move id="364" source="E9" target="F9"/>
  <move id="365" source="G2" target="H2"/>
  <move id="366" source="H8" target="I8"/>
  <move id="367" source="H2" target="H3"/>
  <move id="368" source="I8" target="I9"/>
  <move id="369" source="H3" target="H4"/>
  <move id="370" source="I9" target="I:"/>
  <move id="371" source="I4" target="I5"/>
  <move id="372" source="I7" target="I8"/>
  <move id="373" source="I5" target="I6"/>
  <move id="374" source="I8" target="I9"/>
  <move id="375" source="H4" target="I4"/>
  <move id="376" source="F8" target="E8"/>
  <move id="377" source="I4" target="I5"/>
  <move id="378" source="E8" target="E9"/>
  <move id="379" source="I6" target="I7"/>
  <move id="380" source="H7" target="H8"/>
  <move id="381" source="I5" target="I6"/>
  <move id="382" source="D7" target="E7"/>
  <move id="383" source="I7" target="I8"/>
  <move id="384" source="H8" target="I8"/>
  <move id="385" source="A9" target="B9"/>
  <move id="386" source="D9" target="C9"/>
  <move id="387" source="D1" target="D2"/>
  <move id="388" source="C9" target="B9"/>
  <move id="389" source="D2" target="D3"/>
  <move id="390" source="E9" target="E8"/>
  <move id="391" source="D3" target="D4"/>
  <move id="392" source="E8" target="F8"/>
  <move id="393" source="B9" target="C9"/>
  <move id="394" source="F8" target="F7"/>
  <move id="395" source="C9" target="D9"/>
  <move id="396" source="E7" target="E8"/>
  <move id="397" source="F5" target="F6"/>
  <move id="398" source="I8" target="H8"/>
  <move id="399" source="K4" target="K5"/>
  <move id="400" source="H8" target="G8"/>
  <move id="401" source="I6" target="I7"/>
  <move id="402" source="G7" target="H7"/>
  <move id="403" source="I7" target="I8"/>
  <move id="404" source="I9" target="I8"/>
  <move id="405" source="K5" target="K6"/>
  <move id="406" source="H7" target="H8"/>
  <move id="407" source="K6" target="K7"/>
  <move id="408" source="H8" target="I8"/>
  <move id="409" source="K7" target="K8"/>
  <move id="410" source="I8" target="K8"/>
  <move id="411" source="F6" target="F7"/>
  <move id="412" source="F7" target="G7"/>
  <move id="413" source="D4" target="E4"/>
  <move id="414" source="G8" target="F8"/>
  <move id="415" source="E4" target="E5"/>
  <move id="416" source="F8" target="F7"/>
  <move id="417" source="G3" target="F3"/>
  <move id="418" source="F7" target="E7"/>
  <move id="419" source="F3" target="F4"/>
  <move id="420" source="K8" target="I8"/>
  <move id="421" source="E5" target="E4"/>
  <move id="422" source="I8" target="H8"/>
  <move id="423" source="E1" target="E2"/>
  <move id="424" source="H8" target="H7"/>
  <move id="425" source="E2" target="F2"/>
  <move id="426" source="E7" target="D7"/>
  <move id="427" source="F2" target="F3"/>
  <move id="428" source="D7" target="C7"/>
  <move id="429" source="F3" target="G3"/>
  <move id="430" source="C7" target="C8"/>
  <move id="431" source="G3" target="H3"/>
  <move id="432" source="C8" target="C9"/>
  <move id="433" source="D9" target="E9"/>
  <move id="434" source="E8" target="E9"/>
  <move id="435" source="H3" target="H4"/>
  <move id="436" source="E9" target="E8"/>
  <move id="437" source="H4" target="I4"/>
  <move id="438" source="E8" target="F8"/>
  <move id="439" source="I4" target="I5"/>
  <move id="440" source="F8" target="G8"/>
  <move id="441" source="I5" target="I6"/>
  <move id="442" source="G8" target="H8"/>
  <move id="443" source="E4" target="E5"/>
  <move id="444" source="H8" target="I8"/>
  <move id="445" source="E5" target="E6"/>
  <move id="446" source="C9" target="D9"/>
  <move id="447" source="E6" target="F6"/>
  <move id="448" source="D9" target="E9"/>
  <move id="449" source="F6" target="F7"/>
  <move id="450" source="E9" target="E8"/>
  <move id="451" source="F7" target="G7"/>
  <move id="452" source="I8" target="I7"/>
  <move id="453" source="I6" target="K6"/>
  <move id="454" source="E8" target="E7"/>
  <move id="455" source="K6" target="K7"/>
  <move id="456" source="I7" target="K7"/>
  <move id="457" source="F1" target="F2"/>
  <move id="458" source="E7" target="E6"/>
  <move id="459" source="F4" target="E4"/>
  <move id="460" source="E6" target="E5"/>
  <move id="461" source="E4" target="D4"/>
  <move id="462" source="K7" target="K6"/>
  <move id="463" source="D4" target="C4"/>
  <move id="464" source="K6" target="K5"/>
  <move id="465" source="F2" target="F3"/>
  <move id="466" source="H7" target="G7"/>
  <move id="467" source="C4" target="B4"/>
  <move id="468" source="E5" target="E4"/>
  <move id="469" source="B4" target="B5"/>
  <move id="470" source="K5" target="I5"/>
  <move id="471" source="B5" target="B6"/>
  <move id="472" source="I5" target="I4"/>
  <move id="473" source="B6" target="B7"/>
  <move id="474" source="G7" target="F7"/>
  <move id="475" source="B7" target="B8"/>
  <move id="476" source="F7" target="E7"/>
  <move id="477" source="B8" target="C8"/>
  <move id="478" source="E7" target="E8"/>
  <move id="479" source="C8" target="C9"/>
  <move id="480" source="E8" target="E9"/>
  <move id="481" source="I3" target="H3"/>
  <move id="482" source="E4" target="F4"/>
  <move id="483" source="F3" target="E3"/>
  <move id="484" source="F4" target="F3"/>
  <move id="485" source="E3" target="E4"/>
  <move id="486" source="I4" target="I3"/>
  <move id="487" source="E4" target="E5"/>
  <move id="488" source="I3" target="H3"/>
  <move id="489" source="E5" target="E6"/>
  <move id="490" source="F3" target="F4"/>
  <move id="491" source="E6" target="F6"/>
  <move id="492" source="E9" target="E8"/>
  <move id="493" source="F6" target="F7"/>
  <move id="494" source="F4" target="F5"/>
  <move id="495" source="F7" target="G7"/>
  <move id="496" source="F5" target="F6"/>
  <move id="497" source="C9" target="D9"/>
  <move id="498" source="F6" target="F7"/>
  <move id="499" source="G7" target="G8"/>
  <move id="500" source="F7" target="F8"/>
  <move id="501" source="G8" target="G9"/>
  <move id="502" source="H9" target="G9"/>
  <move id="503" source="D9" target="C9"/>
  <move id="504" source="H:" target="H9"/>
  <move id="505" source="C9" target="B9"/>
  <move id="506" source="I:" target="H:"/>
  <move id="507" source="B9" target="B:"/>
  <move id="508" source="K:" target="I:"/>
  <move id="509" source="B:" target="C:"/>
  <move id="510" source="E8" target="E9"/>
  <move id="511" source="C:" target="D:"/>
  <move id="512" source="F8" target="E8"/>
  <move id="513" source="K3" target="K4"/>
  <move id="514" source="E9" target="D9"/>
  <move id="515" source="D:" target="E:"/>
  <move id="516" source="H9" target="H8"/>
  <move id="517" source="E:" target="F:"/>
  <move id="518" source="F9" target="F:"/>
  <move id="519" source="K4" target="K5"/>
  <move id="520" source="G9" target="H9"/>
  <move id="521" source="G1" target="F1"/>
  <move id="522" source="H8" target="G8"/>
  <move id="523" source="F1" target="F2"/>
  <move id="524" source="G8" target="G9"/>
  <move id="525" source="F2" target="F3"/>
  <move id="526" source="E8" target="F8"/>
  <move id="527" source="K5" target="K6"/>
  <move id="528" source="F8" target="G8"/>
  <move id="529" source="K6" target="K7"/>
  <move id="530" source="G8" target="H8"/>
  <move id="531" source="K7" target="K8"/>
  <move id="532" source="H8" target="I8"/>
  <move id="533" source="K8" target="K9"/>
  <move id="534" source="I8" target="I9"/>
  <move id="535" source="K9" target="K:"/>
  <move id="536" source="D9" target="E9"/>
  <move id="537" source="K:" target="I:"/>
  <move id="538" source="I9" target="I:"/>
  <move id="539" source="F3" target="F4"/>
  <move id="540" source="E9" target="E8"/>
  <move id="541" source="F4" target="F5"/>
  <move id="542" source="E8" target="E7"/>
  <move id="543" source="H1" target="G1"/>
  <move id="544" source="H3" target="G3"/>
  <move id="545" source="G1" target="F1"/>
  <move id="546" source="G3" target="F3"/>
  <move id="547" source="F1" target="E1"/>
  <move id="548" source="F3" target="F4"/>
  <move id="549" source="F5" target="F6"/>
  <move id="550" source="F4" target="F5"/>
  <move id="551" source="E1" target="E2"/>
  <move id="552" source="F5" target="F6"/>
  <move id="553" source="E2" target="E3"/>
  <move id="554" source="F6" target="F5"/>
  <move id="555" source="E3" target="E4"/>
  <move id="556" source="F5" target="F4"/>
  <move id="557" source="E4" target="D4"/>
  <move id="558" source="F4" target="E4"/>
  <move id="559" source="D4" target="C4"/>
  <move id="560" source="E4" target="D4"/>
  <move id="561" source="C4" target="B4"/>
  <move id="562" source="D4" target="C4"/>
  <move id="563" source="B4" target="B5"/>
  <move id="564" source="E7" target="D7"/>
  <move id="565" source="B5" target="B6"/>
  <move id="566" source="D7" target="C7"/>
  <move id="567" source="B6" target="B7"/>
  <move id="568" source="C7" target="B7"/>
  <move id="569" source="I2" target="E2"/>
  <move id="570" source="H9" target="I9"/>
  <move id="571" source="E2" target="E8"/>
  <move id="572" source="H:" target="H8"/>
  <move id="573" source="E8" target="H8"/>
  <player id="1">Player 1</player>
  <player id="2">Player 2</player>
  <result type="0" winner="2"/>
 </game>
</stratego>