<?xml version="1.0" encoding="UTF-8"?>
<stratego>
 <game type="classic">
  
  <field content="MJHBEGEFBDBLIJGBIBFFGHEEIHGEHDDDCKDDFBDDAA__AA__AAAA__AA__AASPPWSSXTSNUTUOVTQUQTNQPPPNRNVNPQPPQRNRRY"/>
  <move id="1" source="I4" target="I7"/>
  <move id="2" source="F7" target="F6"/>
  <move id="3" source="I3" target="I4"/>
  <move id="4" source="F6" target="F5"/>
  <move id="5" source="I4" target="I5"/>
  <move id="6" source="G7" target="F7"/>
  <move id="7" source="I5" target="I6"/>
  <move id="8" source="F7" target="F6"/>
  <move id="9" source="B4" target="B7"/>
  <move id="10" source="E7" target="E6"/>
  <move id="11" source="A4" target="B4"/>
  <move id="12" source="E6" target="E5"/>
  <move id="13" source="B4" target="B5"/>
  <move id="14" source="D7" target="E7"/>
  <move id="15" source="B5" target="A5"/>
  <move id="16" source="E7" target="E6"/>
  <move id="17" source="A5" target="A7"/>
  <move id="18" source="E5" target="E4"/>
  <move id="19" source="E3" target="E4"/>
  <move id="20" source="E6" target="E5"/>
  <move id="21" source="A3" target="A4"/>
  <move id="22" source="F5" target="F4"/>
  <move id="23" source="F3" target="F4"/>
  <move id="24" source="F6" target="F5"/>
  <move id="25" source="F4" target="F3"/>
  <move id="26" source="F5" target="F4"/>
  <move id="27" source="D3" target="E3"/>
  <move id="28" source="F4" target="E4"/>
  <move id="29" source="A4" target="A5"/>
  <move id="30" source="E4" target="D4"/>
  <move id="31" source="C4" target="D4"/>
  <move id="32" source="E5" target="E4"/>
  <move id="33" source="B3" target="A3"/>
  <move id="34" source="E4" target="E3"/>
  <move id="35" source="B2" target="B3"/>
  <move id="36" source="E3" target="E4"/>
  <move id="37" source="D4" target="C4"/>
  <move id="38" source="E4" target="D4"/>
  <move id="39" source="C4" target="B4"/>
  <move id="40" source="D4" target="C4"/>
  <move id="41" source="B4" target="B5"/>
  <move id="42" source="C4" target="B4"/>
  <move id="43" source="B3" target="B4"/>
  <move id="44" source="I7" target="I6"/>
  <move id="45" source="A5" target="A6"/>
  <move id="46" source="E8" target="E7"/>
  <move id="47" source="A6" target="A7"/>
  <move id="48" source="E7" target="E6"/>
  <move id="49" source="D2" target="D3"/>
  <move id="50" source="E6" target="E5"/>
  <move id="51" source="D3" target="D4"/>
  <move id="52" source="E5" target="F5"/>
  <move id="53" source="D4" target="E4"/>
  <move id="54" source="D8" target="E8"/>
  <move id="55" source="B1" target="B2"/>
  <move id="56" source="C7" target="D7"/>
  <move id="57" source="B2" target="B3"/>
  <move id="58" source="D7" target="E7"/>
  <move id="59" source="C3" target="D3"/>
  <move id="60" source="E8" target="D8"/>
  <move id="61" source="B3" target="C3"/>
  <move id="62" source="D8" target="D7"/>
  <move id="63" source="C3" target="C4"/>
  <move id="64" source="D7" target="C7"/>
  <move id="65" source="C4" target="D4"/>
  <move id="66" source="C7" target="B7"/>
  <move id="67" source="E4" target="F4"/>
  <move id="68" source="B7" target="A7"/>
  <move id="69" source="F4" target="F5"/>
  <move id="70" source="C8" target="C7"/>
  <move id="71" source="D4" target="E4"/>
  <move id="72" source="C7" target="B7"/>
  <move id="73" source="E4" target="E5"/>
  <move id="74" source="B7" target="B6"/>
  <move id="75" source="E5" target="E6"/>
  <move id="76" source="B6" target="A6"/>
  <move id="77" source="E6" target="E7"/>
  <move id="78" source="A6" target="A5"/>
  <move id="79" source="E7" target="D7"/>
  <move id="80" source="A5" target="B5"/>
  <move id="81" source="B4" target="B5"/>
  <move id="82" source="A7" target="A6"/>
  <move id="83" source="D7" target="C7"/>
  <move id="84" source="C9" target="C7"/>
  <move id="85" source="C7" target="B7"/>
  <move id="86" source="I8" target="I7"/>
  <move id="87" source="I6" target="K6"/>
  <move id="88" source="I7" target="I6"/>
  <move id="89" source="K6" target="K7"/>
  <move id="90" source="I6" target="I5"/>
  <move id="91" source="B7" target="A7"/>
  <move id="92" source="A6" target="B6"/>
  <move id="93" source="B5" target="B6"/>
  <move id="94" source="I5" target="I4"/>
  <move id="95" source="B6" target="B5"/>
  <move id="96" source="I4" target="I3"/>
  <move id="97" source="B5" target="B4"/>
  <move id="98" source="I9" target="I8"/>
  <move id="99" source="A7" target="B7"/>
  <move id="100" source="I8" target="I7"/>
  <move id="101" source="B4" target="B3"/>
  <move id="102" source="I7" target="I6"/>
  <move id="103" source="D3" target="D4"/>
  <move id="104" source="I6" target="I5"/>
  <move id="105" source="D4" target="C4"/>
  <move id="106" source="I5" target="I4"/>
  <move id="107" source="C4" target="B4"/>
  <move id="108" source="I3" target="I2"/>
  <move id="109" source="B4" target="A4"/>
  <move id="110" source="I4" target="I3"/>
  <move id="111" source="A4" target="A5"/>
  <move id="112" source="I3" target="I2"/>
  <move id="113" source="A5" target="A6"/>
  <move id="114" source="I2" target="I1"/>
  <move id="115" source="A6" target="A7"/>
  <move id="116" source="H8" target="I8"/>
  <move id="117" source="A7" target="A8"/>
  <move id="118" source="I8" target="I7"/>
  <move id="119" source="B7" target="A7"/>
  <move id="120" source="I7" target="I6"/>
  <move id="121" source="A7" target="A8"/>
  <move id="122" source="I6" target="I5"/>
  <move id="123" source="A8" target="A7"/>
  <move id="124" source="I5" target="I4"/>
  <move id="125" source="A7" target="B7"/>
  <move id="126" source="I4" target="I3"/>
  <move id="127" source="E2" target="E3"/>
  <move id="128" source="I3" target="I2"/>
  <move id="129" source="E3" target="E4"/>
  <move id="130" source="I2" target="H2"/>
  <move id="131" source="E4" target="D4"/>
  <move id="132" source="G8" target="H8"/>
  <move id="133" source="D4" target="C4"/>
  <move id="134" source="H8" target="I8"/>
  <move id="135" source="C4" target="B4"/>
  <move id="136" source="H7" target="I7"/>
  <move id="137" source="B4" target="B5"/>
  <move id="138" source="I7" target="I6"/>
  <move id="139" source="B5" target="B6"/>
  <move id="140" source="I6" target="I5"/>
  <move id="141" source="B6" target="A6"/>
  <move id="142" source="I5" target="I4"/>
  <move id="143" source="A6" target="A7"/>
  <move id="144" source="I4" target="K4"/>
  <move id="145" source="A7" target="A8"/>
  <move id="146" source="K4" target="K3"/>
  <move id="147" source="A8" target="A9"/>
  <move id="148" source="I8" target="I7"/>
  <move id="149" source="E1" target="E2"/>
  <move id="150" source="I7" target="I6"/>
  <move id="151" source="E2" target="E3"/>
  <move id="152" source="I6" target="I5"/>
  <move id="153" source="E3" target="E4"/>
  <move id="154" source="I5" target="I4"/>
  <move id="155" source="E4" target="D4"/>
  <move id="156" source="I4" target="I3"/>
  <move id="157" source="D4" target="C4"/>
  <move id="158" source="I3" target="I2"/>
  <move id="159" source="C4" target="B4"/>
  <move id="160" source="I2" target="H2"/>
  <move id="161" source="G2" target="H2"/>
  <move id="162" source="K3" target="K2"/>
  <move id="163" source="H2" target="I2"/>
  <move id="164" source="K2" target="K1"/>
  <move id="165" source="I2" target="K2"/>
  <move id="166" source="F8" target="F7"/>
  <move id="167" source="K2" target="K1"/>
  <move id="168" source="F7" target="F6"/>
  <move id="169" source="F3" target="F4"/>
  <move id="170" source="F6" target="F5"/>
  <move id="171" source="B4" target="B5"/>
  <move id="172" source="E9" target="E1"/>
  <move id="173" source="F1" target="E1"/>
  <move id="174" source="F5" target="E5"/>
  <move id="175" source="B5" target="A5"/>
  <move id="176" source="K8" target="I8"/>
  <move id="177" source="A5" target="A6"/>
  <move id="178" source="I8" target="I7"/>
  <move id="179" source="A6" target="A7"/>
  <move id="180" source="I7" target="I6"/>
  <move id="181" source="A7" target="A8"/>
  <move id="182" source="I6" target="I5"/>
  <move id="183" source="A8" target="A9"/>
  <move id="184" source="I5" target="I4"/>
  <move id="185" source="A9" target="B9"/>
  <move id="186" source="I4" target="I3"/>
  <move id="187" source="B7" target="A7"/>
  <move id="188" source="I3" target="I2"/>
  <move id="189" source="A7" target="A8"/>
  <move id="190" source="I2" target="H2"/>
  <move id="191" source="A8" target="A9"/>
  <move id="192" source="H2" target="G2"/>
  <move id="193" source="A9" target="A:"/>
  <move id="194" source="E5" target="E4"/>
  <move id="195" source="F4" target="E4"/>
  <move id="196" source="D9" target="E9"/>
  <move id="197" source="A:" target="B:"/>
  <move id="198" source="E9" target="E4"/>
  <move id="199" source="B:" target="C:"/>
  <move id="200" source="E4" target="D4"/>
  <move id="201" source="C:" target="C9"/>
  <move id="202" source="D4" target="D1"/>
  <move id="203" source="C9" target="C8"/>
  <move id="204" source="B8" target="B7"/>
  <move id="205" source="C8" target="D8"/>
  <move id="206" source="B7" target="B6"/>
  <move id="207" source="D8" target="E8"/>
  <move id="208" source="B6" target="B5"/>
  <move id="209" source="E8" target="F8"/>
  <move id="210" source="B5" target="A5"/>
  <move id="211" source="F8" target="G8"/>
  <move id="212" source="A5" target="A4"/>
  <move id="213" source="G8" target="G9"/>
  <move id="214" source="A4" target="A3"/>
  <move id="215" source="G9" target="G8"/>
  <move id="216" source="G2" target="F2"/>
  <move id="217" source="G3" target="F3"/>
  <move id="218" source="I:" target="I9"/>
  <move id="219" source="F3" target="F4"/>
  <move id="220" source="I9" target="I8"/>
  <move id="221" source="G8" target="H8"/>
  <move id="222" source="I8" target="I7"/>
  <move id="223" source="H8" target="I8"/>
  <move id="224" source="I7" target="I6"/>
  <move id="225" source="I8" target="I9"/>
  <move id="226" source="I6" target="I5"/>
  <move id="227" source="I9" target="I:"/>
  <move id="228" source="I5" target="I4"/>
  <move id="229" source="I:" target="K:"/>
  <player id="1">Player 1</player>
  <player id="2">Player 2</player>
  <result type="1" winner="1"/>
 </game>
</stratego>