<?xml version="1.0" encoding="UTF-8"?>
<stratego>
 <game type="classic">
  
  <field content="EBMBDGEBEEIEBIDHCGBFBJHIFLJDHKDHDFDDFGDGAA__AA__AAAA__AA__AASPTQNRUTRSWRPURSXQPVPOVPQNNUSPPTPQNYNNQT"/>
  <move id="1" source="E4" target="E7"/>
  <move id="2" source="B7" target="B4"/>
  <move id="3" source="F4" target="F7"/>
  <move id="4" source="A7" target="A6"/>
  <move id="5" source="I4" target="I7"/>
  <move id="6" source="A8" target="A7"/>
  <move id="7" source="E3" target="E4"/>
  <move id="8" source="A9" target="A8"/>
  <move id="9" source="E4" target="E5"/>
  <move id="10" source="B9" target="A9"/>
  <move id="11" source="D3" target="E3"/>
  <move id="12" source="B8" target="B9"/>
  <move id="13" source="E3" target="E4"/>
  <move id="14" source="A8" target="B8"/>
  <move id="15" source="E4" target="F4"/>
  <move id="16" source="B8" target="B7"/>
  <move id="17" source="F4" target="F5"/>
  <move id="18" source="B7" target="B6"/>
  <move id="19" source="D2" target="D3"/>
  <move id="20" source="B6" target="B4"/>
  <move id="21" source="A4" target="A6"/>
  <move id="22" source="C8" target="B8"/>
  <move id="23" source="B4" target="B5"/>
  <move id="24" source="B8" target="B7"/>
  <move id="25" source="B5" target="A5"/>
  <move id="26" source="A6" target="B6"/>
  <move id="27" source="B3" target="B4"/>
  <move id="28" source="B7" target="B8"/>
  <move id="29" source="B4" target="B5"/>
  <move id="30" source="B6" target="B7"/>
  <move id="31" source="A5" target="A6"/>
  <move id="32" source="B8" target="A8"/>
  <move id="33" source="B5" target="B6"/>
  <move id="34" source="B7" target="B8"/>
  <move id="35" source="C4" target="B4"/>
  <move id="36" source="A7" target="B7"/>
  <move id="37" source="F3" target="F4"/>
  <move id="38" source="A8" target="A7"/>
  <move id="39" source="G3" target="F3"/>
  <move id="40" source="B8" target="A8"/>
  <move id="41" source="A6" target="A7"/>
  <move id="42" source="A8" target="B8"/>
  <move id="43" source="A7" target="B7"/>
  <move id="44" source="B7" target="B6"/>
  <move id="45" source="F4" target="E4"/>
  <move id="46" source="B6" target="A6"/>
  <move id="47" source="D4" target="C4"/>
  <move id="48" source="B8" target="C8"/>
  <move id="49" source="B4" target="A4"/>
  <move id="50" source="B9" target="B8"/>
  <move id="51" source="C4" target="B4"/>
  <move id="52" source="B8" target="B7"/>
  <move id="53" source="B4" target="B5"/>
  <move id="54" source="A6" target="A7"/>
  <move id="55" source="B5" target="A5"/>
  <move id="56" source="A7" target="A8"/>
  <move id="57" source="E4" target="D4"/>
  <move id="58" source="A9" target="B9"/>
  <move id="59" source="D4" target="C4"/>
  <move id="60" source="A8" target="B8"/>
  <move id="61" source="C4" target="B4"/>
  <move id="62" source="A:" target="A5"/>
  <move id="63" source="B4" target="B5"/>
  <move id="64" source="I7" target="I6"/>
  <move id="65" source="A5" target="A6"/>
  <move id="66" source="I6" target="I5"/>
  <move id="67" source="A6" target="B6"/>
  <move id="68" source="B7" target="A7"/>
  <move id="69" source="B5" target="A5"/>
  <move id="70" source="I8" target="I7"/>
  <move id="71" source="B6" target="A6"/>
  <move id="72" source="A7" target="B7"/>
  <move id="73" source="A6" target="A7"/>
  <move id="74" source="B7" target="B6"/>
  <move id="75" source="A4" target="B4"/>
  <move id="76" source="B8" target="A8"/>
  <move id="77" source="B4" target="B6"/>
  <move id="78" source="A8" target="A7"/>
  <move id="79" source="A5" target="A6"/>
  <move id="80" source="A7" target="B7"/>
  <move id="81" source="A6" target="A7"/>
  <move id="82" source="B7" target="B8"/>
  <move id="83" source="A7" target="A8"/>
  <move id="84" source="B8" target="B7"/>
  <move id="85" source="C3" target="C4"/>
  <move id="86" source="B6" target="A6"/>
  <move id="87" source="C4" target="B4"/>
  <move id="88" source="A6" target="A7"/>
  <move id="89" source="B4" target="B5"/>
  <move id="90" source="A7" target="A8"/>
  <move id="91" source="B5" target="A5"/>
  <move id="92" source="B7" target="B6"/>
  <move id="93" source="A8" target="A7"/>
  <move id="94" source="C8" target="B8"/>
  <move id="95" source="A7" target="A6"/>
  <move id="96" source="B6" target="B5"/>
  <move id="97" source="A6" target="B6"/>
  <move id="98" source="B5" target="A5"/>
  <move id="99" source="B6" target="B5"/>
  <move id="100" source="A5" target="A6"/>
  <move id="101" source="B5" target="B4"/>
  <move id="102" source="I5" target="I4"/>
  <move id="103" source="H4" target="I4"/>
  <move id="104" source="I7" target="I6"/>
  <move id="105" source="F3" target="G3"/>
  <move id="106" source="I6" target="I5"/>
  <move id="107" source="B4" target="C4"/>
  <move id="108" source="H7" target="I7"/>
  <move id="109" source="C4" target="D4"/>
  <move id="110" source="I7" target="I6"/>
  <move id="111" source="D4" target="E4"/>
  <move id="112" source="I5" target="K5"/>
  <move id="113" source="E4" target="F4"/>
  <move id="114" source="I6" target="I5"/>
  <move id="115" source="G3" target="F3"/>
  <move id="116" source="I5" target="I4"/>
  <move id="117" source="I3" target="I4"/>
  <move id="118" source="K5" target="I5"/>
  <move id="119" source="G4" target="G3"/>
  <move id="120" source="I5" target="I4"/>
  <move id="121" source="F4" target="G4"/>
  <move id="122" source="I4" target="G4"/>
  <move id="123" source="G4" target="F4"/>
  <move id="124" source="H8" target="H7"/>
  <move id="125" source="F4" target="E4"/>
  <move id="126" source="H7" target="I7"/>
  <move id="127" source="E4" target="E3"/>
  <move id="128" source="I7" target="I6"/>
  <move id="129" source="F3" target="F4"/>
  <move id="130" source="I6" target="I5"/>
  <move id="131" source="G3" target="F3"/>
  <move id="132" source="I5" target="I4"/>
  <move id="133" source="E2" target="D2"/>
  <move id="134" source="I4" target="H4"/>
  <move id="135" source="E3" target="E2"/>
  <move id="136" source="H4" target="G4"/>
  <move id="137" source="F4" target="E4"/>
  <move id="138" source="G4" target="F4"/>
  <move id="139" source="E4" target="E3"/>
  <move id="140" source="F4" target="F3"/>
  <move id="141" source="K3" target="I3"/>
  <move id="142" source="A6" target="A5"/>
  <move id="143" source="D3" target="C3"/>
  <move id="144" source="A5" target="A4"/>
  <move id="145" source="C3" target="B3"/>
  <move id="146" source="A4" target="B4"/>
  <move id="147" source="B3" target="C3"/>
  <move id="148" source="B4" target="C4"/>
  <move id="149" source="C3" target="D3"/>
  <move id="150" source="C4" target="D4"/>
  <move id="151" source="E3" target="E4"/>
  <move id="152" source="D4" target="E4"/>
  <move id="153" source="E2" target="E3"/>
  <move id="154" source="E4" target="D4"/>
  <move id="155" source="D3" target="C3"/>
  <move id="156" source="D4" target="C4"/>
  <move id="157" source="I3" target="I4"/>
  <move id="158" source="I9" target="I8"/>
  <move id="159" source="E3" target="D3"/>
  <move id="160" source="I8" target="I7"/>
  <move id="161" source="I4" target="I5"/>
  <move id="162" source="I7" target="I6"/>
  <move id="163" source="I5" target="I4"/>
  <move id="164" source="I6" target="I5"/>
  <move id="165" source="I4" target="H4"/>
  <move id="166" source="I5" target="I4"/>
  <move id="167" source="K4" target="I4"/>
  <move id="168" source="K9" target="I9"/>
  <move id="169" source="H3" target="I3"/>
  <move id="170" source="I9" target="I3"/>
  <move id="171" source="F3" target="G3"/>
  <move id="172" source="F7" target="F6"/>
  <move id="173" source="F5" target="F4"/>
  <move id="174" source="F6" target="F5"/>
  <move id="175" source="E5" target="F5"/>
  <move id="176" source="F8" target="F7"/>
  <move id="177" source="G3" target="H3"/>
  <move id="178" source="F7" target="F6"/>
  <move id="179" source="F4" target="F3"/>
  <move id="180" source="F6" target="F5"/>
  <move id="181" source="F3" target="G3"/>
  <move id="182" source="F5" target="F4"/>
  <move id="183" source="H3" target="I3"/>
  <move id="184" source="F4" target="G4"/>
  <move id="185" source="H4" target="I4"/>
  <move id="186" source="G4" target="H4"/>
  <move id="187" source="I4" target="K4"/>
  <move id="188" source="H4" target="I4"/>
  <move id="189" source="I3" target="I4"/>
  <move id="190" source="I4" target="K4"/>
  <move id="191" source="K4" target="I4"/>
  <move id="192" source="E8" target="F8"/>
  <move id="193" source="K2" target="K3"/>
  <move id="194" source="G7" target="H7"/>
  <move id="195" source="K3" target="K4"/>
  <move id="196" source="H7" target="H8"/>
  <move id="197" source="K4" target="K5"/>
  <move id="198" source="F8" target="F7"/>
  <move id="199" source="I4" target="I5"/>
  <move id="200" source="F7" target="G7"/>
  <move id="201" source="G3" target="G4"/>
  <move id="202" source="G7" target="H7"/>
  <move id="203" source="G4" target="F4"/>
  <move id="204" source="D8" target="E8"/>
  <move id="205" source="F4" target="F5"/>
  <move id="206" source="E8" target="F8"/>
  <move id="207" source="D2" target="E2"/>
  <move id="208" source="H7" target="I7"/>
  <move id="209" source="I5" target="I4"/>
  <move id="210" source="I7" target="I6"/>
  <move id="211" source="H2" target="H3"/>
  <move id="212" source="I6" target="I5"/>
  <move id="213" source="I4" target="H4"/>
  <move id="214" source="I5" target="I4"/>
  <move id="215" source="H4" target="G4"/>
  <move id="216" source="I4" target="H4"/>
  <move id="217" source="G4" target="F4"/>
  <move id="218" source="H4" target="G4"/>
  <move id="219" source="F4" target="E4"/>
  <move id="220" source="G4" target="F4"/>
  <move id="221" source="E4" target="E3"/>
  <move id="222" source="F4" target="F3"/>
  <move id="223" source="E3" target="E4"/>
  <move id="224" source="F3" target="F4"/>
  <move id="225" source="E4" target="E3"/>
  <move id="226" source="F4" target="F3"/>
  <move id="227" source="E3" target="E4"/>
  <move id="228" source="F3" target="F4"/>
  <move id="229" source="E4" target="E3"/>
  <move id="230" source="F4" target="F3"/>
  <move id="231" source="F5" target="E5"/>
  <move id="232" source="F8" target="F7"/>
  <move id="233" source="F2" target="F3"/>
  <move id="234" source="F7" target="F6"/>
  <move id="235" source="F3" target="F4"/>
  <move id="236" source="F6" target="F5"/>
  <move id="237" source="E5" target="F5"/>
  <move id="238" source="G8" target="G7"/>
  <move id="239" source="H3" target="I3"/>
  <move id="240" source="G7" target="F7"/>
  <move id="241" source="I3" target="I4"/>
  <move id="242" source="F7" target="F6"/>
  <move id="243" source="I4" target="I5"/>
  <move id="244" source="F6" target="F5"/>
  <move id="245" source="F4" target="F3"/>
  <move id="246" source="F5" target="F4"/>
  <move id="247" source="G2" target="F2"/>
  <move id="248" source="F4" target="E4"/>
  <move id="249" source="E2" target="D2"/>
  <move id="250" source="E4" target="E3"/>
  <move id="251" source="D3" target="E3"/>
  <move id="252" source="C4" target="C3"/>
  <move id="253" source="F3" target="E3"/>
  <move id="254" source="C3" target="D3"/>
  <move id="255" source="E3" target="E4"/>
  <move id="256" source="D3" target="D2"/>
  <move id="257" source="E4" target="E5"/>
  <move id="258" source="D2" target="D3"/>
  <move id="259" source="E5" target="F5"/>
  <move id="260" source="D3" target="E3"/>
  <move id="261" source="F5" target="F6"/>
  <move id="262" source="H8" target="G8"/>
  <move id="263" source="F6" target="F7"/>
  <move id="264" source="E3" target="F3"/>
  <move id="265" source="F7" target="G7"/>
  <move id="266" source="G8" target="G7"/>
  <move id="267" source="I5" target="I6"/>
  <move id="268" source="K8" target="I8"/>
  <move id="269" source="K5" target="I5"/>
  <move id="270" source="I8" target="I7"/>
  <move id="271" source="I6" target="I7"/>
  <move id="272" source="I7" target="I6"/>
  <player id="1">Player 1</player>
  <player id="2">Player 2</player>
  <result type="3" winner="2"/>
 </game>
</stratego>