<?xml version="1.0" encoding="UTF-8"?>
<stratego>
 <game type="classic">
  
  <field content="FBDEBHMBDBBGEHDDIFEBEHKCHLIJDFGFIGJDEDGDAA__AA__AAAA__AA__AATRNSWSTNSRQSVUOUNVTQNXPQTPQPRNYNPPPQPRPU"/>
  <move id="1" source="F4" target="F5"/>
  <move id="2" source="A7" target="A6"/>
  <move id="3" source="G4" target="F4"/>
  <move id="4" source="B7" target="B6"/>
  <move id="5" source="G3" target="G4"/>
  <move id="6" source="B6" target="B5"/>
  <move id="7" source="I4" target="I5"/>
  <move id="8" source="B5" target="B4"/>
  <move id="9" source="I5" target="I6"/>
  <move id="10" source="B8" target="B7"/>
  <move id="11" source="K4" target="K7"/>
  <move id="12" source="B7" target="B6"/>
  <move id="13" source="K3" target="K4"/>
  <move id="14" source="B6" target="B5"/>
  <move id="15" source="K4" target="K5"/>
  <move id="16" source="B5" target="A5"/>
  <move id="17" source="K5" target="K6"/>
  <move id="18" source="A5" target="A4"/>
  <move id="19" source="K6" target="K7"/>
  <move id="20" source="I7" target="I6"/>
  <move id="21" source="I3" target="I8"/>
  <move id="22" source="C8" target="B8"/>
  <move id="23" source="H4" target="I4"/>
  <move id="24" source="B8" target="B7"/>
  <move id="25" source="I4" target="I5"/>
  <move id="26" source="B7" target="A7"/>
  <move id="27" source="I5" target="I6"/>
  <move id="28" source="C9" target="C8"/>
  <move id="29" source="I6" target="I7"/>
  <move id="30" source="C8" target="B8"/>
  <move id="31" source="I7" target="H7"/>
  <move id="32" source="B8" target="B3"/>
  <move id="33" source="I2" target="I3"/>
  <move id="34" source="A6" target="B6"/>
  <move id="35" source="I3" target="I4"/>
  <move id="36" source="B6" target="B5"/>
  <move id="37" source="I4" target="I5"/>
  <move id="38" source="B5" target="B4"/>
  <move id="39" source="I5" target="I6"/>
  <move id="40" source="B4" target="B3"/>
  <move id="41" source="I6" target="K6"/>
  <move id="42" source="C:" target="C9"/>
  <move id="43" source="K6" target="K7"/>
  <move id="44" source="C9" target="C8"/>
  <move id="45" source="K7" target="K8"/>
  <move id="46" source="I8" target="K8"/>
  <move id="47" source="I1" target="I9"/>
  <move id="48" source="C8" target="B8"/>
  <move id="49" source="H2" target="I2"/>
  <move id="50" source="B8" target="B7"/>
  <move id="51" source="I2" target="I3"/>
  <move id="52" source="B7" target="B6"/>
  <move id="53" source="I3" target="I4"/>
  <move id="54" source="B6" target="A6"/>
  <move id="55" source="I4" target="I5"/>
  <move id="56" source="A6" target="A3"/>
  <move id="57" source="I5" target="I6"/>
  <move id="58" source="D9" target="C9"/>
  <move id="59" source="I6" target="I7"/>
  <move id="60" source="C9" target="C:"/>
  <move id="61" source="I7" target="I8"/>
  <move id="62" source="H8" target="I8"/>
  <move id="63" source="H3" target="H4"/>
  <move id="64" source="E9" target="D9"/>
  <move id="65" source="H4" target="I4"/>
  <move id="66" source="D9" target="C9"/>
  <move id="67" source="I4" target="I5"/>
  <move id="68" source="I8" target="H8"/>
  <move id="69" source="I5" target="I6"/>
  <move id="70" source="I9" target="I8"/>
  <move id="71" source="I6" target="K6"/>
  <move id="72" source="I8" target="I7"/>
  <move id="73" source="G4" target="H4"/>
  <move id="74" source="C9" target="C8"/>
  <move id="75" source="H4" target="I4"/>
  <move id="76" source="C8" target="B8"/>
  <move id="77" source="I4" target="I5"/>
  <move id="78" source="B8" target="B7"/>
  <move id="79" source="I5" target="I6"/>
  <move id="80" source="B7" target="B6"/>
  <move id="81" source="I6" target="I7"/>
  <move id="82" source="B6" target="A6"/>
  <move id="83" source="I7" target="I6"/>
  <move id="84" source="A6" target="A5"/>
  <move id="85" source="K6" target="K7"/>
  <move id="86" source="H8" target="I8"/>
  <move id="87" source="K7" target="I7"/>
  <move id="88" source="I8" target="I7"/>
  <move id="89" source="I6" target="I7"/>
  <move id="90" source="I:" target="I9"/>
  <move id="91" source="F4" target="G4"/>
  <move id="92" source="K:" target="I:"/>
  <move id="93" source="G4" target="H4"/>
  <move id="94" source="H9" target="H8"/>
  <move id="95" source="H4" target="I4"/>
  <move id="96" source="I9" target="H9"/>
  <move id="97" source="I4" target="I5"/>
  <move id="98" source="I:" target="I9"/>
  <move id="99" source="I7" target="K7"/>
  <move id="100" source="K8" target="I8"/>
  <move id="101" source="I5" target="I6"/>
  <move id="102" source="A5" target="A4"/>
  <move id="103" source="A3" target="B3"/>
  <move id="104" source="A4" target="A3"/>
  <move id="105" source="K7" target="I7"/>
  <move id="106" source="A3" target="B3"/>
  <move id="107" source="C3" target="B3"/>
  <move id="108" source="B9" target="B8"/>
  <move id="109" source="I6" target="K6"/>
  <move id="110" source="B8" target="B7"/>
  <move id="111" source="K6" target="K7"/>
  <move id="112" source="B7" target="B6"/>
  <move id="113" source="K7" target="K8"/>
  <move id="114" source="B6" target="B5"/>
  <move id="115" source="K8" target="K9"/>
  <move id="116" source="B5" target="B4"/>
  <move id="117" source="B3" target="C3"/>
  <move id="118" source="B4" target="B3"/>
  <move id="119" source="B2" target="B3"/>
  <move id="120" source="B3" target="C3"/>
  <move id="121" source="D3" target="C3"/>
  <move id="122" source="I8" target="K8"/>
  <move id="123" source="K9" target="K:"/>
  <move id="124" source="I9" target="I8"/>
  <move id="125" source="I7" target="I6"/>
  <move id="126" source="I8" target="I7"/>
  <move id="127" source="I6" target="I5"/>
  <move id="128" source="K8" target="K9"/>
  <move id="129" source="K:" target="I:"/>
  <move id="130" source="H:" target="I:"/>
  <move id="131" source="F5" target="F4"/>
  <move id="132" source="A8" target="B8"/>
  <move id="133" source="F4" target="G4"/>
  <move id="134" source="B8" target="B7"/>
  <move id="135" source="G4" target="H4"/>
  <move id="136" source="B7" target="B6"/>
  <move id="137" source="C3" target="B3"/>
  <move id="138" source="B6" target="A6"/>
  <move id="139" source="B3" target="B4"/>
  <move id="140" source="A6" target="A5"/>
  <move id="141" source="H4" target="I4"/>
  <move id="142" source="A5" target="A4"/>
  <move id="143" source="B4" target="A4"/>
  <move id="144" source="A4" target="A3"/>
  <move id="145" source="I5" target="K5"/>
  <move id="146" source="A3" target="A2"/>
  <move id="147" source="A1" target="A2"/>
  <move id="148" source="I7" target="I6"/>
  <move id="149" source="I4" target="I6"/>
  <move id="150" source="I6" target="I5"/>
  <move id="151" source="K5" target="I5"/>
  <move id="152" source="H8" target="K8"/>
  <move id="153" source="F3" target="F4"/>
  <move id="154" source="K8" target="K3"/>
  <move id="155" source="F2" target="F3"/>
  <move id="156" source="K3" target="I3"/>
  <move id="157" source="F3" target="G3"/>
  <move id="158" source="I3" target="I1"/>
  <move id="159" source="G3" target="H3"/>
  <move id="160" source="I1" target="K1"/>
  <move id="161" source="H3" target="I3"/>
  <move id="162" source="I:" target="K:"/>
  <move id="163" source="I3" target="I4"/>
  <move id="164" source="H9" target="I9"/>
  <move id="165" source="I4" target="I5"/>
  <move id="166" source="I9" target="I8"/>
  <move id="167" source="I5" target="I6"/>
  <move id="168" source="I8" target="K8"/>
  <move id="169" source="F4" target="G4"/>
  <move id="170" source="K8" target="K3"/>
  <move id="171" source="G4" target="H4"/>
  <move id="172" source="K3" target="I3"/>
  <move id="173" source="E3" target="F3"/>
  <move id="174" source="I3" target="I1"/>
  <move id="175" source="F3" target="F4"/>
  <move id="176" source="I1" target="H1"/>
  <move id="177" source="F4" target="F5"/>
  <move id="178" source="G9" target="H9"/>
  <move id="179" source="F5" target="F6"/>
  <move id="180" source="H9" target="I9"/>
  <move id="181" source="H4" target="I4"/>
  <move id="182" source="I9" target="I8"/>
  <move id="183" source="I4" target="I5"/>
  <move id="184" source="I8" target="K8"/>
  <move id="185" source="I6" target="I7"/>
  <move id="186" source="K8" target="K7"/>
  <move id="187" source="I5" target="I6"/>
  <move id="188" source="K7" target="K6"/>
  <move id="189" source="I6" target="I5"/>
  <move id="190" source="K6" target="K5"/>
  <move id="191" source="I5" target="I6"/>
  <move id="192" source="K5" target="K4"/>
  <move id="193" source="I7" target="K7"/>
  <move id="194" source="K4" target="K3"/>
  <move id="195" source="K7" target="K3"/>
  <move id="196" source="K3" target="I3"/>
  <move id="197" source="G2" target="H2"/>
  <move id="198" source="K9" target="K8"/>
  <move id="199" source="F6" target="F5"/>
  <move id="200" source="K8" target="K7"/>
  <move id="201" source="F5" target="F4"/>
  <move id="202" source="K7" target="K6"/>
  <move id="203" source="F4" target="G4"/>
  <move id="204" source="K6" target="K5"/>
  <move id="205" source="G4" target="H4"/>
  <move id="206" source="I3" target="K3"/>
  <move id="207" source="H4" target="I4"/>
  <move id="208" source="K3" target="K2"/>
  <move id="209" source="H2" target="I2"/>
  <move id="210" source="K2" target="K1"/>
  <move id="211" source="I4" target="I3"/>
  <move id="212" source="A7" target="A6"/>
  <move id="213" source="I2" target="I1"/>
  <move id="214" source="K1" target="K2"/>
  <move id="215" source="I3" target="K3"/>
  <move id="216" source="K5" target="K4"/>
  <move id="217" source="K3" target="K2"/>
  <move id="218" source="K4" target="K3"/>
  <move id="219" source="I6" target="I5"/>
  <move id="220" source="K3" target="K2"/>
  <move id="221" source="I1" target="I2"/>
  <move id="222" source="E7" target="E6"/>
  <move id="223" source="I2" target="I3"/>
  <move id="224" source="E6" target="E5"/>
  <move id="225" source="E4" target="F4"/>
  <move id="226" source="F7" target="F6"/>
  <move id="227" source="D4" target="E4"/>
  <move id="228" source="E5" target="E6"/>
  <move id="229" source="E4" target="E5"/>
  <move id="230" source="E8" target="E7"/>
  <move id="231" source="F4" target="F5"/>
  <move id="232" source="F6" target="F7"/>
  <move id="233" source="F5" target="F6"/>
  <move id="234" source="C:" target="C9"/>
  <move id="235" source="F6" target="E6"/>
  <move id="236" source="C9" target="B9"/>
  <move id="237" source="I3" target="I4"/>
  <move id="238" source="B9" target="B8"/>
  <move id="239" source="I4" target="K4"/>
  <move id="240" source="B8" target="B7"/>
  <move id="241" source="K4" target="K5"/>
  <move id="242" source="B7" target="B6"/>
  <move id="243" source="K5" target="K6"/>
  <move id="244" source="B6" target="B5"/>
  <move id="245" source="K6" target="K7"/>
  <move id="246" source="B5" target="B4"/>
  <move id="247" source="C4" target="B4"/>
  <move id="248" source="A6" target="A5"/>
  <move id="249" source="K7" target="K8"/>
  <move id="250" source="A5" target="B5"/>
  <move id="251" source="B4" target="B5"/>
  <move id="252" source="B5" target="B4"/>
  <move id="253" source="K8" target="K9"/>
  <move id="254" source="B4" target="C4"/>
  <move id="255" source="K9" target="K:"/>
  <move id="256" source="F9" target="E9"/>
  <move id="257" source="K:" target="K9"/>
  <move id="258" source="F8" target="F9"/>
  <move id="259" source="E5" target="E4"/>
  <move id="260" source="C4" target="B4"/>
  <move id="261" source="E4" target="D4"/>
  <move id="262" source="B4" target="B5"/>
  <move id="263" source="D4" target="C4"/>
  <move id="264" source="B5" target="B6"/>
  <move id="265" source="C4" target="B4"/>
  <move id="266" source="B6" target="B7"/>
  <move id="267" source="B4" target="B5"/>
  <move id="268" source="B7" target="B8"/>
  <move id="269" source="B5" target="B6"/>
  <move id="270" source="D8" target="D9"/>
  <move id="271" source="K9" target="I9"/>
  <move id="272" source="B8" target="C8"/>
  <move id="273" source="I9" target="H9"/>
  <move id="274" source="F9" target="G9"/>
  <move id="275" source="H9" target="G9"/>
  <move id="276" source="E7" target="E8"/>
  <move id="277" source="B6" target="B7"/>
  <move id="278" source="E8" target="D8"/>
  <move id="279" source="B7" target="B8"/>
  <move id="280" source="D:" target="C:"/>
  <move id="281" source="I5" target="I4"/>
  <move id="282" source="C:" target="C9"/>
  <move id="283" source="I4" target="H4"/>
  <move id="284" source="C9" target="B9"/>
  <move id="285" source="H4" target="G4"/>
  <move id="286" source="B9" target="B8"/>
  <move id="287" source="B8" target="B7"/>
  <move id="288" source="D8" target="E8"/>
  <move id="289" source="G4" target="F4"/>
  <move id="290" source="E8" target="E7"/>
  <move id="291" source="F4" target="E4"/>
  <move id="292" source="C8" target="B8"/>
  <move id="293" source="B7" target="B6"/>
  <move id="294" source="B8" target="B7"/>
  <move id="295" source="B6" target="B5"/>
  <move id="296" source="B7" target="B6"/>
  <move id="297" source="B5" target="B4"/>
  <move id="298" source="D7" target="D8"/>
  <move id="299" source="B4" target="C4"/>
  <move id="300" source="D8" target="C8"/>
  <move id="301" source="C4" target="D4"/>
  <move id="302" source="C8" target="B8"/>
  <move id="303" source="D4" target="D3"/>
  <move id="304" source="B8" target="A8"/>
  <move id="305" source="D3" target="E3"/>
  <move id="306" source="A8" target="A7"/>
  <move id="307" source="E3" target="F3"/>
  <move id="308" source="B6" target="B5"/>
  <move id="309" source="F3" target="G3"/>
  <move id="310" source="B5" target="B4"/>
  <move id="311" source="G3" target="G4"/>
  <move id="312" source="B4" target="A4"/>
  <move id="313" source="A2" target="B2"/>
  <move id="314" source="A4" target="A3"/>
  <move id="315" source="G4" target="H4"/>
  <move id="316" source="A7" target="B7"/>
  <move id="317" source="H4" target="I4"/>
  <move id="318" source="B7" target="B6"/>
  <move id="319" source="E4" target="F4"/>
  <move id="320" source="B6" target="B5"/>
  <move id="321" source="E2" target="E3"/>
  <move id="322" source="B5" target="B4"/>
  <move id="323" source="E3" target="E4"/>
  <move id="324" source="B4" target="B3"/>
  <move id="325" source="E4" target="D4"/>
  <move id="326" source="B3" target="B2"/>
  <move id="327" source="D4" target="C4"/>
  <move id="328" source="A3" target="A4"/>
  <move id="329" source="C4" target="B4"/>
  <move id="330" source="A4" target="A5"/>
  <move id="331" source="B4" target="B5"/>
  <move id="332" source="A5" target="A6"/>
  <move id="333" source="B5" target="B6"/>
  <move id="334" source="A6" target="A7"/>
  <move id="335" source="B6" target="B7"/>
  <move id="336" source="A7" target="A6"/>
  <move id="337" source="B7" target="B8"/>
  <move id="338" source="D9" target="D8"/>
  <move id="339" source="B8" target="B9"/>
  <move id="340" source="E:" target="D:"/>
  <move id="341" source="I4" target="I5"/>
  <move id="342" source="D:" target="C:"/>
  <move id="343" source="I5" target="I6"/>
  <move id="344" source="D8" target="C8"/>
  <move id="345" source="I6" target="I7"/>
  <move id="346" source="E9" target="B9"/>
  <move id="347" source="I7" target="I8"/>
  <move id="348" source="F:" target="F9"/>
  <move id="349" source="I8" target="I9"/>
  <move id="350" source="F9" target="E9"/>
  <move id="351" source="I9" target="H9"/>
  <move id="352" source="E9" target="D9"/>
  <move id="353" source="H9" target="G9"/>
  <move id="354" source="G:" target="G9"/>
  <move id="355" source="G9" target="F9"/>
  <move id="356" source="C8" target="D8"/>
  <move id="357" source="F9" target="E9"/>
  <move id="358" source="D9" target="C9"/>
  <move id="359" source="C2" target="C3"/>
  <move id="360" source="C9" target="B9"/>
  <move id="361" source="C3" target="C4"/>
  <move id="362" source="B9" target="B8"/>
  <move id="363" source="C4" target="B4"/>
  <move id="364" source="A6" target="A5"/>
  <move id="365" source="B4" target="A4"/>
  <move id="366" source="A5" target="B5"/>
  <move id="367" source="A4" target="B4"/>
  <move id="368" source="B5" target="A5"/>
  <move id="369" source="B4" target="A4"/>
  <move id="370" source="A5" target="B5"/>
  <move id="371" source="A4" target="B4"/>
  <move id="372" source="B5" target="A5"/>
  <move id="373" source="B4" target="C4"/>
  <move id="374" source="A5" target="A4"/>
  <move id="375" source="C4" target="D4"/>
  <move id="376" source="A4" target="B4"/>
  <move id="377" source="D4" target="E4"/>
  <move id="378" source="B8" target="B7"/>
  <move id="379" source="E4" target="E3"/>
  <move id="380" source="B7" target="B6"/>
  <move id="381" source="E3" target="F3"/>
  <move id="382" source="B6" target="B5"/>
  <move id="383" source="F3" target="G3"/>
  <move id="384" source="B2" target="B1"/>
  <move id="385" source="C1" target="C2"/>
  <move id="386" source="B5" target="A5"/>
  <move id="387" source="C2" target="C3"/>
  <move id="388" source="A5" target="A4"/>
  <move id="389" source="C3" target="D3"/>
  <move id="390" source="A4" target="A3"/>
  <move id="391" source="D3" target="E3"/>
  <move id="392" source="A3" target="A2"/>
  <move id="393" source="E3" target="E2"/>
  <move id="394" source="A2" target="A1"/>
  <move id="395" source="E2" target="F2"/>
  <move id="396" source="A1" target="B1"/>
  <move id="397" source="F2" target="G2"/>
  <move id="398" source="D8" target="E8"/>
  <move id="399" source="E9" target="D9"/>
  <move id="400" source="B1" target="C1"/>
  <move id="401" source="G2" target="H2"/>
  <move id="402" source="C1" target="D1"/>
  <move id="403" source="H2" target="H3"/>
  <move id="404" source="B4" target="B5"/>
  <move id="405" source="H3" target="H4"/>
  <move id="406" source="B5" target="B6"/>
  <move id="407" source="H4" target="I4"/>
  <move id="408" source="B6" target="B7"/>
  <move id="409" source="I4" target="I5"/>
  <move id="410" source="B7" target="B8"/>
  <move id="411" source="I5" target="I6"/>
  <move id="412" source="B8" target="B9"/>
  <move id="413" source="I6" target="I7"/>
  <move id="414" source="E8" target="E9"/>
  <move id="415" source="D9" target="D8"/>
  <move id="416" source="B9" target="C9"/>
  <move id="417" source="I7" target="I8"/>
  <move id="418" source="C9" target="C8"/>
  <move id="419" source="D8" target="D7"/>
  <move id="420" source="E7" target="E8"/>
  <move id="421" source="I8" target="I9"/>
  <move id="422" source="E6" target="E7"/>
  <move id="423" source="F4" target="F5"/>
  <move id="424" source="C8" target="D8"/>
  <move id="425" source="F5" target="F6"/>
  <move id="426" source="D8" target="D7"/>
  <move id="427" source="I9" target="H9"/>
  <move id="428" source="E8" target="D8"/>
  <move id="429" source="H9" target="G9"/>
  <move id="430" source="C:" target="D:"/>
  <move id="431" source="G9" target="F9"/>
  <move id="432" source="D8" target="D9"/>
  <move id="433" source="F6" target="F7"/>
  <move id="434" source="E7" target="E8"/>
  <move id="435" source="F7" target="E7"/>
  <move id="436" source="D9" target="D8"/>
  <move id="437" source="F9" target="G9"/>
  <player id="1">Player 1</player>
  <player id="2">Player 2</player>
  <result type="3" winner="1"/>
 </game>
</stratego>