<?xml version="1.0" encoding="UTF-8"?>
<stratego>
 <game type="classic">
  
  <field content="DDBMBEEEEEFGJBIDDCHHBIDLHHDKDDGBFFBGJIFGAA__AA__AAAA__AA__AATPWSPPPSTPUVRUNOXRPRPSSQPRQUNVTNTNQQQNYN"/>
  <move id="1" source="F4" target="F5"/>
  <move id="2" source="F7" target="F5"/>
  <move id="3" source="I4" target="I5"/>
  <move id="4" source="G7" target="F7"/>
  <move id="5" source="I5" target="K5"/>
  <move id="6" source="K7" target="K5"/>
  <move id="7" source="I3" target="I7"/>
  <move id="8" source="I7" target="I6"/>
  <move id="9" source="K4" target="I4"/>
  <move id="10" source="I6" target="K6"/>
  <move id="11" source="K5" target="I5"/>
  <move id="12" source="H7" target="I7"/>
  <move id="13" source="I4" target="I3"/>
  <move id="14" source="K6" target="K5"/>
  <move id="15" source="H4" target="I4"/>
  <move id="16" source="F7" target="G7"/>
  <move id="17" source="H3" target="H4"/>
  <move id="18" source="K5" target="I5"/>
  <move id="19" source="I4" target="I5"/>
  <move id="20" source="K8" target="K7"/>
  <move id="21" source="I3" target="H3"/>
  <move id="22" source="K9" target="K8"/>
  <move id="23" source="H4" target="I4"/>
  <move id="24" source="I7" target="H7"/>
  <move id="25" source="H3" target="H4"/>
  <move id="26" source="K7" target="I7"/>
  <move id="27" source="F3" target="F4"/>
  <move id="28" source="K8" target="K7"/>
  <move id="29" source="F5" target="E5"/>
  <move id="30" source="I8" target="K8"/>
  <move id="31" source="F4" target="F5"/>
  <move id="32" source="H8" target="I8"/>
  <move id="33" source="E5" target="E6"/>
  <move id="34" source="K8" target="K9"/>
  <move id="35" source="E6" target="E7"/>
  <move id="36" source="I8" target="K8"/>
  <move id="37" source="E7" target="D7"/>
  <move id="38" source="G8" target="H8"/>
  <move id="39" source="F5" target="E5"/>
  <move id="40" source="H8" target="I8"/>
  <move id="41" source="F2" target="F7"/>
  <move id="42" source="F8" target="G8"/>
  <move id="43" source="F7" target="F2"/>
  <move id="44" source="I7" target="I6"/>
  <move id="45" source="G3" target="F3"/>
  <move id="46" source="K7" target="K6"/>
  <move id="47" source="H2" target="H3"/>
  <move id="48" source="I8" target="I7"/>
  <move id="49" source="H3" target="I3"/>
  <move id="50" source="I6" target="I5"/>
  <move id="51" source="H4" target="H3"/>
  <move id="52" source="I7" target="I6"/>
  <move id="53" source="H3" target="H2"/>
  <move id="54" source="K6" target="K5"/>
  <move id="55" source="G4" target="G3"/>
  <move id="56" source="K5" target="I5"/>
  <move id="57" source="G3" target="G4"/>
  <move id="58" source="I5" target="K5"/>
  <move id="59" source="G4" target="G3"/>
  <move id="60" source="D8" target="D7"/>
  <move id="61" source="H2" target="H3"/>
  <move id="62" source="F9" target="F8"/>
  <move id="63" source="H3" target="H4"/>
  <move id="64" source="F8" target="F7"/>
  <move id="65" source="I4" target="K4"/>
  <move id="66" source="I6" target="K6"/>
  <move id="67" source="H4" target="I4"/>
  <move id="68" source="D7" target="E7"/>
  <move id="69" source="I4" target="I5"/>
  <move id="70" source="F7" target="F6"/>
  <move id="71" source="I3" target="I4"/>
  <move id="72" source="E7" target="E6"/>
  <move id="73" source="I5" target="I6"/>
  <move id="74" source="K6" target="I6"/>
  <move id="75" source="K4" target="K5"/>
  <move id="76" source="I6" target="K6"/>
  <move id="77" source="K5" target="K4"/>
  <move id="78" source="K6" target="K5"/>
  <move id="79" source="K3" target="H3"/>
  <move id="80" source="K5" target="K4"/>
  <move id="81" source="I4" target="K4"/>
  <move id="82" source="K8" target="K7"/>
  <move id="83" source="I2" target="I3"/>
  <move id="84" source="K7" target="K6"/>
  <move id="85" source="I3" target="I4"/>
  <move id="86" source="K6" target="K5"/>
  <move id="87" source="K4" target="K3"/>
  <move id="88" source="H9" target="H8"/>
  <move id="89" source="H3" target="H2"/>
  <move id="90" source="H8" target="I8"/>
  <move id="91" source="G3" target="H3"/>
  <move id="92" source="I8" target="K8"/>
  <move id="93" source="H3" target="I3"/>
  <move id="94" source="K8" target="K7"/>
  <move id="95" source="I4" target="K4"/>
  <move id="96" source="K7" target="K6"/>
  <move id="97" source="F3" target="F4"/>
  <move id="98" source="K6" target="I6"/>
  <move id="99" source="E3" target="F3"/>
  <move id="100" source="I6" target="I5"/>
  <move id="101" source="F3" target="G3"/>
  <move id="102" source="F6" target="F5"/>
  <move id="103" source="G3" target="G4"/>
  <move id="104" source="F5" target="F4"/>
  <move id="105" source="G4" target="F4"/>
  <move id="106" source="B7" target="B4"/>
  <move id="107" source="A4" target="A5"/>
  <move id="108" source="A7" target="A6"/>
  <move id="109" source="D3" target="E3"/>
  <move id="110" source="C7" target="B7"/>
  <move id="111" source="A5" target="A6"/>
  <move id="112" source="B7" target="B6"/>
  <move id="113" source="E5" target="E6"/>
  <move id="114" source="G7" target="F7"/>
  <move id="115" source="E3" target="F3"/>
  <move id="116" source="F7" target="F6"/>
  <move id="117" source="H2" target="I2"/>
  <move id="118" source="B8" target="B7"/>
  <move id="119" source="F3" target="G3"/>
  <move id="120" source="B7" target="C7"/>
  <move id="121" source="G3" target="G4"/>
  <move id="122" source="C7" target="D7"/>
  <move id="123" source="C3" target="H3"/>
  <move id="124" source="D7" target="E7"/>
  <move id="125" source="H3" target="H2"/>
  <move id="126" source="E7" target="F7"/>
  <move id="127" source="F4" target="F3"/>
  <move id="128" source="F7" target="G7"/>
  <move id="129" source="F3" target="G3"/>
  <move id="130" source="H7" target="I7"/>
  <move id="131" source="F2" target="F3"/>
  <move id="132" source="G7" target="H7"/>
  <move id="133" source="F3" target="F4"/>
  <move id="134" source="I7" target="K7"/>
  <move id="135" source="F4" target="F5"/>
  <move id="136" source="H7" target="I7"/>
  <move id="137" source="F5" target="E5"/>
  <move id="138" source="E6" target="E7"/>
  <move id="139" source="E5" target="E6"/>
  <move id="140" source="F6" target="E6"/>
  <move id="141" source="G2" target="F2"/>
  <move id="142" source="I7" target="I6"/>
  <move id="143" source="F2" target="F8"/>
  <move id="144" source="G8" target="H8"/>
  <move id="145" source="F8" target="H8"/>
  <player id="1">Player 1</player>
  <player id="2">Player 2</player>
  <result type="3" winner="1"/>
 </game>
</stratego>