<?xml version="1.0" encoding="UTF-8"?>
<stratego>
 <game type="classic">
  
  <field content="HEIBEMEBEHEFGBIBIBDDDHJLCBGKGDDFDJGDFHFDAA__AA__AAAA__AA__AASTPPTSTSPTWPUSRUPVPVRQNRQXONRUQNQPNPNYNQ"/>
  <move id="1" source="I4" target="I5"/>
  <move id="2" source="K7" target="K6"/>
  <move id="3" source="K4" target="I4"/>
  <move id="4" source="K8" target="K7"/>
  <move id="5" source="K3" target="K6"/>
  <move id="6" source="I8" target="K8"/>
  <move id="7" source="F4" target="F5"/>
  <move id="8" source="E7" target="E6"/>
  <move id="9" source="F5" target="F7"/>
  <move id="10" source="A7" target="A6"/>
  <move id="11" source="G4" target="F4"/>
  <move id="12" source="F7" target="E7"/>
  <move id="13" source="F4" target="F5"/>
  <move id="14" source="F8" target="F7"/>
  <move id="15" source="G3" target="G4"/>
  <move id="16" source="F9" target="F8"/>
  <move id="17" source="G4" target="F4"/>
  <move id="18" source="A8" target="A7"/>
  <move id="19" source="F5" target="F6"/>
  <move id="20" source="B7" target="B6"/>
  <move id="21" source="F4" target="F5"/>
  <move id="22" source="K6" target="I6"/>
  <move id="23" source="F5" target="E5"/>
  <move id="24" source="I6" target="I5"/>
  <move id="25" source="I4" target="K4"/>
  <move id="26" source="K7" target="K6"/>
  <move id="27" source="E5" target="E6"/>
  <move id="28" source="K6" target="K5"/>
  <move id="29" source="K4" target="K5"/>
  <move id="30" source="F7" target="F6"/>
  <move id="31" source="E4" target="F4"/>
  <move id="32" source="K5" target="K6"/>
  <move id="33" source="D4" target="E4"/>
  <move id="34" source="F8" target="F7"/>
  <move id="35" source="E4" target="E5"/>
  <move id="36" source="C7" target="B7"/>
  <move id="37" source="H3" target="G3"/>
  <move id="38" source="D7" target="C7"/>
  <move id="39" source="G3" target="G4"/>
  <move id="40" source="E7" target="D7"/>
  <move id="41" source="E5" target="E6"/>
  <move id="42" source="A6" target="A5"/>
  <move id="43" source="A4" target="A5"/>
  <move id="44" source="A7" target="A6"/>
  <move id="45" source="H4" target="I4"/>
  <move id="46" source="F7" target="E7"/>
  <move id="47" source="E6" target="F6"/>
  <move id="48" source="B6" target="B5"/>
  <move id="49" source="C4" target="D4"/>
  <move id="50" source="I7" target="I6"/>
  <move id="51" source="D4" target="E4"/>
  <move id="52" source="E7" target="E6"/>
  <move id="53" source="F6" target="F5"/>
  <move id="54" source="A5" target="A4"/>
  <move id="55" source="E4" target="E6"/>
  <move id="56" source="K6" target="K5"/>
  <move id="57" source="G4" target="H4"/>
  <move id="58" source="I5" target="I4"/>
  <move id="59" source="H4" target="I4"/>
  <move id="60" source="B7" target="B6"/>
  <move id="61" source="I4" target="I5"/>
  <move id="62" source="I6" target="I5"/>
  <move id="63" source="I5" target="K5"/>
  <move id="64" source="E6" target="F6"/>
  <move id="65" source="F5" target="E5"/>
  <move id="66" source="B5" target="A5"/>
  <move id="67" source="I3" target="H3"/>
  <move id="68" source="B6" target="B5"/>
  <move id="69" source="I2" target="I3"/>
  <move id="70" source="A6" target="B6"/>
  <move id="71" source="I3" target="I4"/>
  <move id="72" source="C7" target="B7"/>
  <move id="73" source="I4" target="I7"/>
  <move id="74" source="H7" target="I7"/>
  <move id="75" source="K5" target="K6"/>
  <move id="76" source="F6" target="F7"/>
  <move id="77" source="K2" target="K3"/>
  <move id="78" source="E8" target="E7"/>
  <move id="79" source="K3" target="I3"/>
  <move id="80" source="G8" target="F8"/>
  <move id="81" source="B4" target="B5"/>
  <move id="82" source="A5" target="B5"/>
  <move id="83" source="B3" target="B4"/>
  <move id="84" source="G9" target="F9"/>
  <move id="85" source="B4" target="A4"/>
  <move id="86" source="G7" target="G8"/>
  <move id="87" source="A3" target="B3"/>
  <move id="88" source="F7" target="G7"/>
  <move id="89" source="I3" target="I4"/>
  <move id="90" source="G7" target="H7"/>
  <move id="91" source="I4" target="H4"/>
  <move id="92" source="I7" target="I8"/>
  <move id="93" source="H4" target="G4"/>
  <move id="94" source="F8" target="F7"/>
  <move id="95" source="F4" target="F5"/>
  <move id="96" source="B7" target="A7"/>
  <move id="97" source="F5" target="F6"/>
  <move id="98" source="B6" target="B7"/>
  <move id="99" source="F6" target="F7"/>
  <move id="100" source="B7" target="C7"/>
  <move id="101" source="F7" target="E7"/>
  <move id="102" source="H7" target="I7"/>
  <move id="103" source="E7" target="D7"/>
  <move id="104" source="C7" target="D7"/>
  <move id="105" source="G4" target="F4"/>
  <move id="106" source="C8" target="C7"/>
  <move id="107" source="F4" target="F5"/>
  <move id="108" source="C7" target="B7"/>
  <move id="109" source="F5" target="F6"/>
  <move id="110" source="B7" target="B6"/>
  <move id="111" source="A4" target="B4"/>
  <move id="112" source="B5" target="A5"/>
  <move id="113" source="B4" target="C4"/>
  <move id="114" source="B6" target="B5"/>
  <move id="115" source="B3" target="B5"/>
  <move id="116" source="D7" target="E7"/>
  <move id="117" source="F6" target="F7"/>
  <move id="118" source="E7" target="E8"/>
  <move id="119" source="D3" target="D4"/>
  <move id="120" source="G8" target="F8"/>
  <move id="121" source="F7" target="F8"/>
  <move id="122" source="I7" target="K7"/>
  <move id="123" source="K6" target="I6"/>
  <move id="124" source="E8" target="E7"/>
  <move id="125" source="E3" target="D3"/>
  <move id="126" source="E7" target="E6"/>
  <move id="127" source="E5" target="E4"/>
  <move id="128" source="K7" target="I7"/>
  <move id="129" source="I6" target="K6"/>
  <move id="130" source="H8" target="G8"/>
  <move id="131" source="E4" target="E3"/>
  <move id="132" source="G8" target="G7"/>
  <move id="133" source="D4" target="E4"/>
  <move id="134" source="G7" target="F7"/>
  <move id="135" source="E4" target="E5"/>
  <move id="136" source="E6" target="E7"/>
  <move id="137" source="E3" target="E4"/>
  <move id="138" source="I8" target="H8"/>
  <move id="139" source="E4" target="F4"/>
  <move id="140" source="H8" target="H7"/>
  <move id="141" source="E5" target="E6"/>
  <move id="142" source="E7" target="E8"/>
  <move id="143" source="F4" target="F5"/>
  <move id="144" source="H7" target="G7"/>
  <move id="145" source="F5" target="F6"/>
  <move id="146" source="F7" target="F6"/>
  <move id="147" source="H3" target="H4"/>
  <move id="148" source="G7" target="F7"/>
  <move id="149" source="H4" target="G4"/>
  <move id="150" source="F7" target="E7"/>
  <move id="151" source="E6" target="F6"/>
  <move id="152" source="F8" target="F7"/>
  <move id="153" source="G4" target="F4"/>
  <move id="154" source="F7" target="F6"/>
  <move id="155" source="F4" target="E4"/>
  <move id="156" source="I7" target="K7"/>
  <move id="157" source="K6" target="I6"/>
  <move id="158" source="K7" target="I7"/>
  <move id="159" source="I6" target="K6"/>
  <move id="160" source="E8" target="F8"/>
  <move id="161" source="E4" target="E5"/>
  <move id="162" source="B8" target="B7"/>
  <move id="163" source="E5" target="E6"/>
  <move id="164" source="E7" target="E6"/>
  <move id="165" source="E2" target="E3"/>
  <move id="166" source="K8" target="K7"/>
  <move id="167" source="E3" target="E4"/>
  <move id="168" source="F8" target="E8"/>
  <move id="169" source="F6" target="F7"/>
  <move id="170" source="D8" target="C8"/>
  <move id="171" source="E4" target="E5"/>
  <move id="172" source="C8" target="C7"/>
  <move id="173" source="E5" target="E6"/>
  <move id="174" source="C7" target="D7"/>
  <move id="175" source="E6" target="E7"/>
  <move id="176" source="D7" target="E7"/>
  <move id="177" source="E7" target="E8"/>
  <move id="178" source="A5" target="A4"/>
  <move id="179" source="C3" target="B3"/>
  <move id="180" source="A7" target="A6"/>
  <move id="181" source="B3" target="B4"/>
  <move id="182" source="A6" target="A5"/>
  <move id="183" source="B4" target="B5"/>
  <move id="184" source="K7" target="K8"/>
  <move id="185" source="B5" target="A5"/>
  <move id="186" source="E8" target="F8"/>
  <move id="187" source="A5" target="A4"/>
  <move id="188" source="I7" target="K7"/>
  <move id="189" source="K6" target="I6"/>
  <move id="190" source="B7" target="B2"/>
  <move id="191" source="A4" target="B4"/>
  <move id="192" source="K7" target="I7"/>
  <move id="193" source="I6" target="K6"/>
  <move id="194" source="F8" target="G8"/>
  <move id="195" source="G2" target="G3"/>
  <move id="196" source="I7" target="K7"/>
  <move id="197" source="K6" target="I6"/>
  <move id="198" source="K8" target="I8"/>
  <move id="199" source="G3" target="G4"/>
  <move id="200" source="K9" target="K8"/>
  <move id="201" source="G4" target="F4"/>
  <move id="202" source="F9" target="G9"/>
  <move id="203" source="F4" target="F5"/>
  <move id="204" source="K7" target="I7"/>
  <move id="205" source="I6" target="K6"/>
  <move id="206" source="I7" target="H7"/>
  <move id="207" source="K6" target="K7"/>
  <move id="208" source="H7" target="I7"/>
  <move id="209" source="K7" target="K8"/>
  <move id="210" source="I7" target="K7"/>
  <move id="211" source="K8" target="I8"/>
  <move id="212" source="K7" target="I7"/>
  <move id="213" source="I8" target="H8"/>
  <move id="214" source="I7" target="H7"/>
  <move id="215" source="H8" target="G8"/>
  <move id="216" source="G9" target="G8"/>
  <move id="217" source="D3" target="E3"/>
  <move id="218" source="G8" target="G7"/>
  <move id="219" source="F7" target="G7"/>
  <move id="220" source="E9" target="E8"/>
  <move id="221" source="E3" target="E4"/>
  <move id="222" source="E8" target="E7"/>
  <move id="223" source="E4" target="F4"/>
  <move id="224" source="E7" target="E6"/>
  <move id="225" source="C4" target="D4"/>
  <move id="226" source="D9" target="D8"/>
  <move id="227" source="D4" target="E4"/>
  <move id="228" source="D8" target="D7"/>
  <move id="229" source="E4" target="E5"/>
  <move id="230" source="E6" target="E5"/>
  <move id="231" source="E5" target="E6"/>
  <move id="232" source="H7" target="H8"/>
  <move id="233" source="E6" target="E7"/>
  <move id="234" source="H8" target="G8"/>
  <move id="235" source="G7" target="G8"/>
  <move id="236" source="D7" target="E7"/>
  <move id="237" source="K1" target="K2"/>
  <move id="238" source="A9" target="A8"/>
  <move id="239" source="K2" target="K3"/>
  <move id="240" source="A8" target="A7"/>
  <move id="241" source="K3" target="K4"/>
  <move id="242" source="A7" target="A6"/>
  <move id="243" source="K4" target="K5"/>
  <move id="244" source="I9" target="I8"/>
  <move id="245" source="F5" target="E5"/>
  <move id="246" source="I8" target="I7"/>
  <move id="247" source="F4" target="F5"/>
  <move id="248" source="I7" target="I6"/>
  <move id="249" source="F5" target="F6"/>
  <move id="250" source="A6" target="A5"/>
  <move id="251" source="F6" target="F7"/>
  <move id="252" source="I6" target="I5"/>
  <move id="253" source="K5" target="I5"/>
  <move id="254" source="D:" target="D9"/>
  <move id="255" source="F7" target="F8"/>
  <move id="256" source="F:" target="F9"/>
  <move id="257" source="F8" target="E8"/>
  <move id="258" source="K:" target="K9"/>
  <move id="259" source="E5" target="E6"/>
  <move id="260" source="K9" target="K8"/>
  <move id="261" source="E6" target="F6"/>
  <move id="262" source="K8" target="K7"/>
  <move id="263" source="F6" target="F7"/>
  <move id="264" source="F9" target="G9"/>
  <move id="265" source="F7" target="F8"/>
  <move id="266" source="K7" target="I7"/>
  <move id="267" source="E7" target="D7"/>
  <move id="268" source="I7" target="H7"/>
  <move id="269" source="D7" target="D8"/>
  <move id="270" source="H7" target="G7"/>
  <move id="271" source="D8" target="D9"/>
  <move id="272" source="G7" target="F7"/>
  <move id="273" source="F8" target="F7"/>
  <move id="274" source="B9" target="B8"/>
  <move id="275" source="D9" target="E9"/>
  <move id="276" source="A:" target="A9"/>
  <move id="277" source="F7" target="G7"/>
  <move id="278" source="A9" target="A8"/>
  <move id="279" source="E9" target="F9"/>
  <move id="280" source="A8" target="A7"/>
  <move id="281" source="F9" target="G9"/>
  <move id="282" source="B8" target="B7"/>
  <move id="283" source="E8" target="E9"/>
  <move id="284" source="B7" target="B6"/>
  <move id="285" source="E9" target="E:"/>
  <move id="286" source="A7" target="A6"/>
  <move id="287" source="I1" target="I2"/>
  <move id="288" source="B6" target="B5"/>
  <move id="289" source="I2" target="I3"/>
  <move id="290" source="A5" target="A4"/>
  <move id="291" source="B4" target="A4"/>
  <move id="292" source="B5" target="B4"/>
  <move id="293" source="A4" target="B4"/>
  <move id="294" source="A6" target="A5"/>
  <move id="295" source="I3" target="I4"/>
  <move id="296" source="A5" target="A4"/>
  <move id="297" source="I4" target="K4"/>
  <move id="298" source="A4" target="A3"/>
  <move id="299" source="K4" target="K5"/>
  <move id="300" source="C:" target="D:"/>
  <move id="301" source="K5" target="K6"/>
  <move id="302" source="D:" target="D9"/>
  <move id="303" source="K6" target="K7"/>
  <move id="304" source="D9" target="D8"/>
  <move id="305" source="K7" target="I7"/>
  <move id="306" source="D8" target="D7"/>
  <move id="307" source="G7" target="F7"/>
  <move id="308" source="A3" target="A2"/>
  <move id="309" source="I7" target="H7"/>
  <move id="310" source="D7" target="C7"/>
  <move id="311" source="H7" target="H8"/>
  <move id="312" source="C7" target="B7"/>
  <move id="313" source="H8" target="H9"/>
  <move id="314" source="B7" target="B6"/>
  <move id="315" source="G9" target="G:"/>
  <move id="316" source="B6" target="A6"/>
  <move id="317" source="H9" target="H:"/>
  <player id="1">Player 1</player>
  <player id="2">Player 2</player>
  <result type="1" winner="1"/>
 </game>
</stratego>