<?xml version="1.0" encoding="UTF-8"?>
<stratego>
 <game type="barrage">
  
  <field content="AAAAAAAAAAAADBLMAADAAAAAAAAAAAAAAAEAAKCAAA__AA__AAAA__AA__AAPAAAAWAAAQXAAAAAAAAAOPAAAAAAAAYNAAAAAAAA"/>
  <move id="1" source="E4" target="E5"/>
  <move id="2" source="A7" target="A3"/>
  <move id="3" source="E5" target="E6"/>
  <move id="4" source="A3" target="A1"/>
  <move id="5" source="E6" target="E7"/>
  <move id="6" source="A1" target="H1"/>
  <move id="7" source="E7" target="E8"/>
  <move id="8" source="H1" target="H4"/>
  <move id="9" source="I4" target="I3"/>
  <move id="10" source="F7" target="F6"/>
  <move id="11" source="I3" target="H3"/>
  <move id="12" source="F6" target="F5"/>
  <move id="13" source="H4" target="G4"/>
  <move id="14" source="K7" target="K6"/>
  <move id="15" source="E8" target="D8"/>
  <move id="16" source="K6" target="K5"/>
  <move id="17" source="D8" target="C8"/>
  <move id="18" source="K5" target="K4"/>
  <move id="19" source="C8" target="C9"/>
  <move id="20" source="B9" target="C9"/>
  <move id="21" source="C9" target="C:"/>
  <move id="22" source="A9" target="B9"/>
  <move id="23" source="C2" target="B2"/>
  <move id="24" source="A8" target="A9"/>
  <move id="25" source="B2" target="A2"/>
  <move id="26" source="B9" target="B8"/>
  <move id="27" source="C:" target="B:"/>
  <move id="28" source="A9" target="B9"/>
  <move id="29" source="B:" target="A:"/>
  <player id="1">Player 1</player>
  <player id="2">Player 2</player>
  <result type="1" winner="1"/>
 </game>
</stratego>