<?xml version="1.0" encoding="UTF-8"?>
<stratego>
 <game type="classic">
  
  <field content="DEGGHBMBEDDEIJGGBFEDDKDFBBFEJDHICBHFIDLHAA__AA__AAAA__AA__AAPRSSSPPSTNPTWTPTPXNRPVUOPVUNRNUQQQQQNRNY"/>
  <move id="1" source="K4" target="K5"/>
  <move id="2" source="I7" target="I6"/>
  <move id="3" source="I4" target="I5"/>
  <move id="4" source="H7" target="I7"/>
  <move id="5" source="I5" target="I6"/>
  <move id="6" source="I7" target="H7"/>
  <move id="7" source="K5" target="K6"/>
  <move id="8" source="B7" target="B6"/>
  <move id="9" source="K6" target="K7"/>
  <move id="10" source="B6" target="B5"/>
  <move id="11" source="I3" target="I4"/>
  <move id="12" source="B8" target="B7"/>
  <move id="13" source="I4" target="I5"/>
  <move id="14" source="B7" target="B6"/>
  <move id="15" source="I2" target="I3"/>
  <move id="16" source="B9" target="B8"/>
  <move id="17" source="I3" target="I4"/>
  <move id="18" source="B8" target="B7"/>
  <move id="19" source="I4" target="K4"/>
  <move id="20" source="B5" target="B4"/>
  <move id="21" source="K4" target="K5"/>
  <move id="22" source="B6" target="A6"/>
  <move id="23" source="K5" target="K6"/>
  <move id="24" source="B7" target="B6"/>
  <move id="25" source="K6" target="K7"/>
  <move id="26" source="K8" target="K7"/>
  <move id="27" source="I5" target="K5"/>
  <move id="28" source="B6" target="B5"/>
  <move id="29" source="K5" target="K6"/>
  <move id="30" source="A6" target="A5"/>
  <move id="31" source="K6" target="K7"/>
  <move id="32" source="F7" target="F6"/>
  <move id="33" source="K7" target="I7"/>
  <move id="34" source="F6" target="F5"/>
  <move id="35" source="K3" target="K9"/>
  <move id="36" source="F8" target="F7"/>
  <move id="37" source="K2" target="K8"/>
  <move id="38" source="F7" target="F6"/>
  <move id="39" source="K8" target="I8"/>
  <move id="40" source="F9" target="F8"/>
  <move id="41" source="I1" target="I2"/>
  <move id="42" source="F8" target="F7"/>
  <move id="43" source="I2" target="I3"/>
  <move id="44" source="H7" target="I7"/>
  <move id="45" source="I3" target="I4"/>
  <move id="46" source="H8" target="H7"/>
  <move id="47" source="I7" target="K7"/>
  <move id="48" source="F5" target="F4"/>
  <move id="49" source="K7" target="K6"/>
  <move id="50" source="F6" target="F5"/>
  <move id="51" source="K6" target="K5"/>
  <move id="52" source="F7" target="F6"/>
  <move id="53" source="K5" target="I5"/>
  <move id="54" source="F5" target="F4"/>
  <move id="55" source="I4" target="K4"/>
  <move id="56" source="F6" target="F5"/>
  <move id="57" source="K4" target="K5"/>
  <move id="58" source="F4" target="G4"/>
  <move id="59" source="K5" target="K6"/>
  <move id="60" source="F5" target="F4"/>
  <move id="61" source="E4" target="E5"/>
  <move id="62" source="F4" target="G4"/>
  <move id="63" source="E5" target="E6"/>
  <move id="64" source="G4" target="H4"/>
  <move id="65" source="E6" target="E7"/>
  <move id="66" source="E8" target="F8"/>
  <move id="67" source="K6" target="K7"/>
  <move id="68" source="H4" target="G4"/>
  <move id="69" source="E7" target="D7"/>
  <move id="70" source="D8" target="D7"/>
  <move id="71" source="K7" target="K8"/>
  <move id="72" source="F8" target="F3"/>
  <move id="73" source="K8" target="K9"/>
  <move id="74" source="I9" target="K9"/>
  <move id="75" source="I5" target="K5"/>
  <move id="76" source="H7" target="I7"/>
  <move id="77" source="I6" target="I7"/>
  <move id="78" source="G7" target="H7"/>
  <move id="79" source="K5" target="K6"/>
  <move id="80" source="H7" target="I7"/>
  <move id="81" source="K6" target="K5"/>
  <move id="82" source="G4" target="G3"/>
  <move id="83" source="K5" target="I5"/>
  <move id="84" source="I7" target="I6"/>
  <move id="85" source="I5" target="I4"/>
  <move id="86" source="I6" target="I5"/>
  <move id="87" source="I4" target="H4"/>
  <move id="88" source="I5" target="I4"/>
  <move id="89" source="H4" target="G4"/>
  <move id="90" source="G3" target="H3"/>
  <move id="91" source="G4" target="F4"/>
  <move id="92" source="I4" target="I2"/>
  <move id="93" source="F4" target="F5"/>
  <move id="94" source="G8" target="F8"/>
  <move id="95" source="F5" target="F6"/>
  <move id="96" source="F8" target="F7"/>
  <move id="97" source="F6" target="F7"/>
  <move id="98" source="G9" target="G8"/>
  <move id="99" source="F7" target="E7"/>
  <move id="100" source="I2" target="H2"/>
  <move id="101" source="H2" target="I2"/>
  <move id="102" source="H3" target="I3"/>
  <move id="103" source="E7" target="E8"/>
  <move id="104" source="I3" target="I2"/>
  <move id="105" source="E8" target="E9"/>
  <move id="106" source="C8" target="D8"/>
  <move id="107" source="E9" target="D9"/>
  <move id="108" source="D8" target="D9"/>
  <move id="109" source="B4" target="B5"/>
  <move id="110" source="B5" target="B6"/>
  <move id="111" source="C4" target="B4"/>
  <move id="112" source="B6" target="B7"/>
  <move id="113" source="B4" target="B5"/>
  <move id="114" source="A5" target="A4"/>
  <move id="115" source="B5" target="B6"/>
  <move id="116" source="B7" target="B8"/>
  <move id="117" source="B6" target="B7"/>
  <move id="118" source="B8" target="C8"/>
  <move id="119" source="B7" target="B8"/>
  <move id="120" source="C8" target="D8"/>
  <move id="121" source="B8" target="C8"/>
  <move id="122" source="D8" target="D7"/>
  <move id="123" source="B3" target="B4"/>
  <move id="124" source="A7" target="B7"/>
  <move id="125" source="B4" target="B5"/>
  <move id="126" source="B7" target="B5"/>
  <move id="127" source="B5" target="B6"/>
  <move id="128" source="D7" target="E7"/>
  <move id="129" source="B6" target="B7"/>
  <move id="130" source="C7" target="C8"/>
  <move id="131" source="B7" target="B8"/>
  <move id="132" source="A8" target="A7"/>
  <move id="133" source="B8" target="A8"/>
  <move id="134" source="A7" target="B7"/>
  <move id="135" source="A8" target="B8"/>
  <move id="136" source="B7" target="B6"/>
  <move id="137" source="B8" target="C8"/>
  <move id="138" source="E7" target="E6"/>
  <move id="139" source="C8" target="B8"/>
  <move id="140" source="E6" target="E5"/>
  <move id="141" source="A3" target="A9"/>
  <move id="142" source="A:" target="A9"/>
  <move id="143" source="B8" target="B7"/>
  <move id="144" source="B6" target="B5"/>
  <move id="145" source="B7" target="A7"/>
  <move id="146" source="A9" target="B9"/>
  <move id="147" source="A7" target="B7"/>
  <move id="148" source="B9" target="A9"/>
  <move id="149" source="B7" target="B8"/>
  <move id="150" source="B5" target="B4"/>
  <move id="151" source="B8" target="A8"/>
  <move id="152" source="A9" target="B9"/>
  <move id="153" source="A8" target="B8"/>
  <move id="154" source="B9" target="A9"/>
  <move id="155" source="B8" target="A8"/>
  <move id="156" source="A9" target="B9"/>
  <move id="157" source="A8" target="B8"/>
  <move id="158" source="B9" target="A9"/>
  <move id="159" source="B8" target="A8"/>
  <move id="160" source="A9" target="B9"/>
  <move id="161" source="A8" target="A9"/>
  <move id="162" source="B9" target="B8"/>
  <move id="163" source="A9" target="B9"/>
  <move id="164" source="B8" target="B7"/>
  <move id="165" source="B9" target="B8"/>
  <move id="166" source="B7" target="A7"/>
  <move id="167" source="B8" target="B7"/>
  <move id="168" source="A7" target="A8"/>
  <move id="169" source="B7" target="B8"/>
  <move id="170" source="A8" target="A7"/>
  <move id="171" source="B8" target="B7"/>
  <move id="172" source="A7" target="A8"/>
  <move id="173" source="B7" target="B8"/>
  <move id="174" source="A8" target="A7"/>
  <move id="175" source="B8" target="B9"/>
  <move id="176" source="E5" target="E4"/>
  <move id="177" source="B9" target="B:"/>
  <move id="178" source="B4" target="D4"/>
  <move id="179" source="B:" target="C:"/>
  <move id="180" source="C9" target="C8"/>
  <move id="181" source="A2" target="A7"/>
  <move id="182" source="C8" target="D8"/>
  <move id="183" source="B2" target="A2"/>
  <move id="184" source="A7" target="B7"/>
  <move id="185" source="C2" target="B2"/>
  <move id="186" source="B7" target="C7"/>
  <move id="187" source="B2" target="B3"/>
  <move id="188" source="C7" target="D7"/>
  <move id="189" source="B3" target="A3"/>
  <move id="190" source="D7" target="E7"/>
  <move id="191" source="C3" target="B3"/>
  <move id="192" source="E7" target="F7"/>
  <move id="193" source="B3" target="B4"/>
  <move id="194" source="F7" target="F6"/>
  <move id="195" source="B4" target="B5"/>
  <move id="196" source="F6" target="F5"/>
  <move id="197" source="B5" target="B6"/>
  <move id="198" source="E4" target="F4"/>
  <move id="199" source="C:" target="C9"/>
  <move id="200" source="D9" target="C9"/>
  <move id="201" source="B6" target="B:"/>
  <move id="202" source="F5" target="E5"/>
  <move id="203" source="B:" target="D:"/>
  <move id="204" source="F4" target="F5"/>
  <move id="205" source="D2" target="C2"/>
  <move id="206" source="F5" target="F6"/>
  <move id="207" source="C2" target="C3"/>
  <move id="208" source="F6" target="F7"/>
  <move id="209" source="C3" target="C4"/>
  <move id="210" source="F7" target="E7"/>
  <move id="211" source="C1" target="C2"/>
  <move id="212" source="E7" target="D7"/>
  <move id="213" source="C2" target="B2"/>
  <move id="214" source="D7" target="C7"/>
  <move id="215" source="B2" target="B3"/>
  <move id="216" source="C7" target="B7"/>
  <move id="217" source="C4" target="B4"/>
  <move id="218" source="B7" target="B6"/>
  <move id="219" source="B4" target="A4"/>
  <move id="220" source="B6" target="A6"/>
  <move id="221" source="B3" target="B4"/>
  <move id="222" source="A6" target="A5"/>
  <move id="223" source="B4" target="B5"/>
  <move id="224" source="A5" target="B5"/>
  <move id="225" source="K1" target="K7"/>
  <move id="226" source="I2" target="I3"/>
  <move id="227" source="K7" target="F7"/>
  <move id="228" source="I3" target="I4"/>
  <move id="229" source="F7" target="F:"/>
  <move id="230" source="E5" target="E6"/>
  <move id="231" source="A4" target="A5"/>
  <move id="232" source="B5" target="A5"/>
  <move id="233" source="A3" target="A4"/>
  <move id="234" source="D8" target="C8"/>
  <move id="235" source="A4" target="A5"/>
  <move id="236" source="C8" target="B8"/>
  <move id="237" source="A5" target="A6"/>
  <move id="238" source="B8" target="A8"/>
  <move id="239" source="A6" target="A7"/>
  <move id="240" source="A8" target="A7"/>
  <move id="241" source="A2" target="A3"/>
  <move id="242" source="E6" target="E7"/>
  <move id="243" source="A3" target="A4"/>
  <move id="244" source="E7" target="D7"/>
  <move id="245" source="A4" target="A5"/>
  <move id="246" source="D7" target="C7"/>
  <move id="247" source="A5" target="A6"/>
  <move id="248" source="C7" target="B7"/>
  <move id="249" source="A1" target="A2"/>
  <move id="250" source="G8" target="F8"/>
  <move id="251" source="B1" target="B2"/>
  <move id="252" source="F8" target="E8"/>
  <move id="253" source="B2" target="B3"/>
  <move id="254" source="E8" target="D8"/>
  <move id="255" source="B3" target="B4"/>
  <move id="256" source="D8" target="C8"/>
  <move id="257" source="B4" target="B5"/>
  <move id="258" source="I4" target="I5"/>
  <move id="259" source="D3" target="C3"/>
  <move id="260" source="I5" target="I6"/>
  <move id="261" source="C3" target="B3"/>
  <move id="262" source="I6" target="I7"/>
  <move id="263" source="B3" target="B4"/>
  <move id="264" source="I7" target="H7"/>
  <move id="265" source="E2" target="D2"/>
  <move id="266" source="H7" target="G7"/>
  <move id="267" source="D2" target="C2"/>
  <move id="268" source="C8" target="B8"/>
  <move id="269" source="C2" target="B2"/>
  <move id="270" source="B8" target="A8"/>
  <move id="271" source="A2" target="A3"/>
  <move id="272" source="A8" target="A7"/>
  <move id="273" source="A6" target="A7"/>
  <move id="274" source="A7" target="A6"/>
  <move id="275" source="B2" target="B3"/>
  <move id="276" source="B7" target="B6"/>
  <move id="277" source="B5" target="B6"/>
  <move id="278" source="B6" target="B5"/>
  <move id="279" source="B4" target="B5"/>
  <move id="280" source="B5" target="B4"/>
  <move id="281" source="F2" target="E2"/>
  <move id="282" source="B4" target="B3"/>
  <move id="283" source="A3" target="A4"/>
  <move id="284" source="A6" target="A5"/>
  <move id="285" source="A4" target="A5"/>
  <move id="286" source="B3" target="C3"/>
  <move id="287" source="D1" target="D2"/>
  <move id="288" source="C3" target="C2"/>
  <move id="289" source="E1" target="D1"/>
  <move id="290" source="C2" target="D2"/>
  <move id="291" source="D1" target="D2"/>
  <move id="292" source="D2" target="D3"/>
  <move id="293" source="E2" target="D2"/>
  <move id="294" source="D3" target="D2"/>
  <player id="1">Player 1</player>
  <player id="2">Player 2</player>
  <result type="0" winner="2"/>
 </game>
</stratego>