<?xml version="1.0" encoding="UTF-8"?>
<stratego>
 <game type="classic">
  
  <field content="DIEIDJBMBFEDIBKDJBFBEGEDGFCHBEDFHGHDLGDHAA__AA__AAAA__AA__AASUOQTRPSSRPWPPXUPVPTTVQNTPSQPNQUYNNQNRNR"/>
  <move id="1" source="E4" target="E5"/>
  <move id="2" source="I7" target="I6"/>
  <move id="3" source="F4" target="F5"/>
  <move id="4" source="I6" target="K6"/>
  <move id="5" source="E3" target="E4"/>
  <move id="6" source="H7" target="I7"/>
  <move id="7" source="F5" target="F6"/>
  <move id="8" source="I7" target="I6"/>
  <move id="9" source="E5" target="E6"/>
  <move id="10" source="K6" target="K5"/>
  <move id="11" source="E6" target="E7"/>
  <move id="12" source="F7" target="E7"/>
  <move id="13" source="F6" target="F5"/>
  <move id="14" source="G7" target="F7"/>
  <move id="15" source="E4" target="E5"/>
  <move id="16" source="F7" target="G7"/>
  <move id="17" source="E5" target="E6"/>
  <move id="18" source="F8" target="F7"/>
  <move id="19" source="E6" target="E7"/>
  <move id="20" source="F7" target="E7"/>
  <move id="21" source="B4" target="B5"/>
  <move id="22" source="G8" target="F8"/>
  <move id="23" source="B5" target="B6"/>
  <move id="24" source="F8" target="F5"/>
  <move id="25" source="B6" target="B7"/>
  <move id="26" source="H8" target="G8"/>
  <move id="27" source="A4" target="A7"/>
  <move id="28" source="I6" target="I7"/>
  <move id="29" source="C4" target="B4"/>
  <move id="30" source="G7" target="H7"/>
  <move id="31" source="D4" target="C4"/>
  <move id="32" source="H7" target="H8"/>
  <move id="33" source="B4" target="A4"/>
  <move id="34" source="I7" target="H7"/>
  <move id="35" source="D3" target="D4"/>
  <move id="36" source="H7" target="G7"/>
  <move id="37" source="D4" target="E4"/>
  <move id="38" source="G7" target="F7"/>
  <move id="39" source="E4" target="E5"/>
  <move id="40" source="H8" target="H7"/>
  <move id="41" source="E5" target="F5"/>
  <move id="42" source="H7" target="G7"/>
  <move id="43" source="K4" target="K5"/>
  <move id="44" source="G8" target="H8"/>
  <move id="45" source="F5" target="E5"/>
  <move id="46" source="H8" target="G8"/>
  <move id="47" source="I4" target="I5"/>
  <move id="48" source="G7" target="H7"/>
  <move id="49" source="I5" target="I6"/>
  <move id="50" source="K7" target="I7"/>
  <move id="51" source="K5" target="K4"/>
  <move id="52" source="I7" target="I6"/>
  <move id="53" source="H4" target="I4"/>
  <move id="54" source="H7" target="G7"/>
  <move id="55" source="I4" target="I5"/>
  <move id="56" source="I6" target="I7"/>
  <move id="57" source="I5" target="I6"/>
  <move id="58" source="I7" target="H7"/>
  <move id="59" source="I6" target="I7"/>
  <move id="60" source="G8" target="H8"/>
  <move id="61" source="I7" target="H7"/>
  <move id="62" source="H8" target="H7"/>
  <move id="63" source="K4" target="K5"/>
  <move id="64" source="H7" target="I7"/>
  <move id="65" source="K5" target="I5"/>
  <move id="66" source="I7" target="I6"/>
  <move id="67" source="I5" target="I4"/>
  <move id="68" source="I6" target="I5"/>
  <move id="69" source="I4" target="H4"/>
  <move id="70" source="I5" target="I6"/>
  <move id="71" source="E5" target="F5"/>
  <move id="72" source="I6" target="I7"/>
  <move id="73" source="F5" target="F4"/>
  <move id="74" source="I7" target="H7"/>
  <move id="75" source="F4" target="E4"/>
  <move id="76" source="F7" target="F6"/>
  <move id="77" source="E4" target="D4"/>
  <move id="78" source="G7" target="F7"/>
  <move id="79" source="C4" target="B4"/>
  <move id="80" source="F6" target="E6"/>
  <move id="81" source="B4" target="B5"/>
  <move id="82" source="F7" target="F8"/>
  <move id="83" source="B5" target="B4"/>
  <move id="84" source="E7" target="F7"/>
  <move id="85" source="D4" target="E4"/>
  <move id="86" source="E8" target="E7"/>
  <move id="87" source="E4" target="F4"/>
  <move id="88" source="F7" target="G7"/>
  <move id="89" source="F4" target="F5"/>
  <move id="90" source="G7" target="F7"/>
  <move id="91" source="F5" target="F7"/>
  <move id="92" source="D8" target="E8"/>
  <move id="93" source="H4" target="I4"/>
  <move id="94" source="F7" target="G7"/>
  <move id="95" source="I4" target="K4"/>
  <move id="96" source="F8" target="F7"/>
  <move id="97" source="G4" target="H4"/>
  <move id="98" source="F7" target="F6"/>
  <move id="99" source="H4" target="I4"/>
  <move id="100" source="F6" target="F5"/>
  <move id="101" source="I4" target="I5"/>
  <move id="102" source="I8" target="I7"/>
  <move id="103" source="K4" target="K5"/>
  <move id="104" source="G7" target="F7"/>
  <move id="105" source="K5" target="K6"/>
  <move id="106" source="F7" target="F6"/>
  <move id="107" source="K6" target="K7"/>
  <move id="108" source="I7" target="I5"/>
  <move id="109" source="I5" target="I6"/>
  <move id="110" source="H7" target="H8"/>
  <move id="111" source="I6" target="I7"/>
  <move id="112" source="E6" target="E5"/>
  <move id="113" source="I7" target="H7"/>
  <move id="114" source="H8" target="I8"/>
  <move id="115" source="K7" target="K8"/>
  <move id="116" source="E7" target="E6"/>
  <move id="117" source="H7" target="G7"/>
  <move id="118" source="D7" target="E7"/>
  <move id="119" source="G7" target="H7"/>
  <move id="120" source="C7" target="D7"/>
  <move id="121" source="H7" target="I7"/>
  <move id="122" source="I8" target="H8"/>
  <move id="123" source="I7" target="I6"/>
  <move id="124" source="F6" target="F7"/>
  <move id="125" source="I6" target="I5"/>
  <move id="126" source="F7" target="F8"/>
  <move id="127" source="I5" target="I4"/>
  <move id="128" source="E7" target="F7"/>
  <move id="129" source="I4" target="H4"/>
  <move id="130" source="F7" target="F6"/>
  <move id="131" source="H4" target="G4"/>
  <move id="132" source="E6" target="E7"/>
  <move id="133" source="F3" target="F4"/>
  <move id="134" source="B7" target="C7"/>
  <move id="135" source="F4" target="F5"/>
  <move id="136" source="E5" target="F5"/>
  <move id="137" source="G4" target="F4"/>
  <move id="138" source="B8" target="B7"/>
  <move id="139" source="F4" target="E4"/>
  <move id="140" source="B7" target="B6"/>
  <move id="141" source="E4" target="E5"/>
  <move id="142" source="B6" target="B5"/>
  <move id="143" source="E2" target="E3"/>
  <move id="144" source="E7" target="F7"/>
  <move id="145" source="H3" target="H4"/>
  <move id="146" source="D7" target="E7"/>
  <move id="147" source="H4" target="G4"/>
  <move id="148" source="E7" target="E6"/>
  <move id="149" source="E5" target="E4"/>
  <move id="150" source="B5" target="B4"/>
  <move id="151" source="G4" target="F4"/>
  <move id="152" source="E6" target="E7"/>
  <move id="153" source="F4" target="F5"/>
  <move id="154" source="F6" target="E6"/>
  <move id="155" source="E4" target="F4"/>
  <move id="156" source="E8" target="D8"/>
  <move id="157" source="E3" target="D3"/>
  <move id="158" source="E7" target="E8"/>
  <move id="159" source="E1" target="E6"/>
  <move id="160" source="A8" target="B8"/>
  <move id="161" source="F5" target="F6"/>
  <move id="162" source="F7" target="F6"/>
  <move id="163" source="F4" target="E4"/>
  <move id="164" source="B4" target="B5"/>
  <move id="165" source="E4" target="D4"/>
  <move id="166" source="B5" target="A5"/>
  <move id="167" source="D4" target="C4"/>
  <move id="168" source="A5" target="A6"/>
  <move id="169" source="C4" target="D4"/>
  <move id="170" source="B8" target="B3"/>
  <move id="171" source="D4" target="C4"/>
  <move id="172" source="C7" target="D7"/>
  <move id="173" source="C4" target="B4"/>
  <move id="174" source="D7" target="E7"/>
  <move id="175" source="B4" target="B5"/>
  <move id="176" source="E7" target="F7"/>
  <move id="177" source="B5" target="B6"/>
  <move id="178" source="A6" target="A5"/>
  <move id="179" source="A4" target="B4"/>
  <move id="180" source="E6" target="E5"/>
  <move id="181" source="B4" target="C4"/>
  <move id="182" source="F6" target="E6"/>
  <move id="183" source="B6" target="B5"/>
  <move id="184" source="A5" target="A6"/>
  <move id="185" source="B5" target="A5"/>
  <move id="186" source="A6" target="B6"/>
  <move id="187" source="B3" target="B4"/>
  <move id="188" source="F7" target="G7"/>
  <move id="189" source="A5" target="B5"/>
  <move id="190" source="B6" target="A6"/>
  <move id="191" source="B5" target="A5"/>
  <move id="192" source="A6" target="B6"/>
  <move id="193" source="B4" target="A4"/>
  <move id="194" source="E6" target="E7"/>
  <move id="195" source="B2" target="B3"/>
  <move id="196" source="C8" target="B8"/>
  <move id="197" source="B3" target="B4"/>
  <move id="198" source="B8" target="A8"/>
  <move id="199" source="A3" target="B3"/>
  <move id="200" source="E7" target="D7"/>
  <move id="201" source="A4" target="A3"/>
  <move id="202" source="D7" target="C7"/>
  <move id="203" source="A5" target="B5"/>
  <move id="204" source="B6" target="A6"/>
  <move id="205" source="B5" target="A5"/>
  <move id="206" source="A6" target="B6"/>
  <move id="207" source="B4" target="A4"/>
  <move id="208" source="C7" target="C8"/>
  <move id="209" source="C4" target="B4"/>
  <move id="210" source="C8" target="B8"/>
  <move id="211" source="B4" target="B5"/>
  <move id="212" source="B6" target="B7"/>
  <move id="213" source="B5" target="B4"/>
  <move id="214" source="B7" target="C7"/>
  <move id="215" source="A5" target="B5"/>
  <move id="216" source="B8" target="B7"/>
  <move id="217" source="A4" target="A7"/>
  <move id="218" source="B7" target="B6"/>
  <move id="219" source="B5" target="B6"/>
  <move id="220" source="C7" target="B7"/>
  <move id="221" source="D3" target="E3"/>
  <move id="222" source="B7" target="B6"/>
  <move id="223" source="E3" target="E4"/>
  <move id="224" source="B6" target="B5"/>
  <move id="225" source="E4" target="E5"/>
  <move id="226" source="B5" target="B4"/>
  <move id="227" source="E5" target="E6"/>
  <move id="228" source="G7" target="H7"/>
  <move id="229" source="E6" target="E7"/>
  <move id="230" source="H7" target="I7"/>
  <move id="231" source="F2" target="F8"/>
  <move id="232" source="E8" target="E7"/>
  <move id="233" source="E7" target="E8"/>
  <move id="234" source="F8" target="F7"/>
  <move id="235" source="E8" target="F8"/>
  <move id="236" source="F7" target="E7"/>
  <move id="237" source="F8" target="G8"/>
  <move id="238" source="H8" target="I8"/>
  <move id="239" source="G8" target="H8"/>
  <move id="240" source="I8" target="K8"/>
  <move id="241" source="H8" target="I8"/>
  <move id="242" source="K8" target="K7"/>
  <move id="243" source="I8" target="I7"/>
  <move id="244" source="K7" target="K6"/>
  <move id="245" source="I7" target="K7"/>
  <move id="246" source="K6" target="I6"/>
  <move id="247" source="K7" target="K6"/>
  <move id="248" source="I6" target="I7"/>
  <move id="249" source="K6" target="K7"/>
  <move id="250" source="I7" target="I6"/>
  <move id="251" source="K7" target="I7"/>
  <move id="252" source="I6" target="K6"/>
  <move id="253" source="I7" target="H7"/>
  <move id="254" source="B4" target="B3"/>
  <move id="255" source="H7" target="G7"/>
  <move id="256" source="E7" target="E6"/>
  <move id="257" source="G7" target="F7"/>
  <move id="258" source="A7" target="A6"/>
  <move id="259" source="F7" target="E7"/>
  <move id="260" source="E6" target="F6"/>
  <move id="261" source="E7" target="E6"/>
  <move id="262" source="F6" target="F7"/>
  <move id="263" source="E6" target="F6"/>
  <move id="264" source="F7" target="E7"/>
  <move id="265" source="F6" target="F7"/>
  <move id="266" source="E7" target="E6"/>
  <move id="267" source="F7" target="F8"/>
  <move id="268" source="A6" target="A5"/>
  <move id="269" source="F8" target="E8"/>
  <move id="270" source="E6" target="F6"/>
  <move id="271" source="E8" target="E7"/>
  <move id="272" source="A5" target="A4"/>
  <move id="273" source="G3" target="G4"/>
  <move id="274" source="A4" target="A3"/>
  <move id="275" source="E7" target="E6"/>
  <move id="276" source="F6" target="F7"/>
  <move id="277" source="G4" target="F4"/>
  <move id="278" source="F7" target="F8"/>
  <move id="279" source="F4" target="F5"/>
  <move id="280" source="C9" target="C8"/>
  <move id="281" source="E6" target="E7"/>
  <move id="282" source="C8" target="B8"/>
  <move id="283" source="F5" target="F6"/>
  <move id="284" source="B8" target="B7"/>
  <move id="285" source="F6" target="F7"/>
  <move id="286" source="F8" target="G8"/>
  <move id="287" source="E7" target="E8"/>
  <move id="288" source="G8" target="H8"/>
  <move id="289" source="E8" target="F8"/>
  <move id="290" source="H8" target="H7"/>
  <move id="291" source="F7" target="G7"/>
  <move id="292" source="H7" target="I7"/>
  <move id="293" source="F8" target="G8"/>
  <move id="294" source="D8" target="D7"/>
  <move id="295" source="G8" target="H8"/>
  <move id="296" source="D7" target="G7"/>
  <move id="297" source="H8" target="I8"/>
  <move id="298" source="I7" target="H7"/>
  <move id="299" source="I8" target="I7"/>
  <move id="300" source="H7" target="H8"/>
  <move id="301" source="I7" target="K7"/>
  <move id="302" source="K6" target="I6"/>
  <move id="303" source="K7" target="I7"/>
  <move id="304" source="I6" target="K6"/>
  <move id="305" source="I7" target="H7"/>
  <move id="306" source="H8" target="G8"/>
  <move id="307" source="H7" target="G7"/>
  <move id="308" source="G8" target="H8"/>
  <move id="309" source="G7" target="H7"/>
  <move id="310" source="H8" target="G8"/>
  <move id="311" source="C3" target="D3"/>
  <move id="312" source="B7" target="A7"/>
  <move id="313" source="D3" target="E3"/>
  <move id="314" source="A7" target="A6"/>
  <move id="315" source="E3" target="F3"/>
  <move id="316" source="G8" target="F8"/>
  <move id="317" source="F3" target="G3"/>
  <move id="318" source="A6" target="A5"/>
  <move id="319" source="H7" target="I7"/>
  <move id="320" source="A5" target="A4"/>
  <move id="321" source="G3" target="G4"/>
  <move id="322" source="A4" target="A3"/>
  <move id="323" source="G4" target="H4"/>
  <move id="324" source="A3" target="A2"/>
  <move id="325" source="H4" target="G4"/>
  <move id="326" source="F8" target="E8"/>
  <move id="327" source="G4" target="F4"/>
  <move id="328" source="E8" target="D8"/>
  <move id="329" source="F4" target="F5"/>
  <move id="330" source="D8" target="C8"/>
  <move id="331" source="F5" target="F6"/>
  <move id="332" source="C8" target="B8"/>
  <move id="333" source="F6" target="F7"/>
  <move id="334" source="B8" target="B7"/>
  <move id="335" source="I7" target="H7"/>
  <move id="336" source="B7" target="B6"/>
  <move id="337" source="H7" target="G7"/>
  <move id="338" source="A8" target="A2"/>
  <move id="339" source="A1" target="A2"/>
  <move id="340" source="B6" target="A6"/>
  <move id="341" source="F7" target="F8"/>
  <move id="342" source="B3" target="B4"/>
  <move id="343" source="F8" target="F9"/>
  <move id="344" source="K6" target="K5"/>
  <move id="345" source="G7" target="F7"/>
  <move id="346" source="B4" target="B5"/>
  <move id="347" source="F7" target="F8"/>
  <move id="348" source="K5" target="K4"/>
  <move id="349" source="F9" target="F:"/>
  <move id="350" source="K4" target="I4"/>
  <move id="351" source="F8" target="G8"/>
  <move id="352" source="I4" target="H4"/>
  <move id="353" source="G8" target="H8"/>
  <move id="354" source="B5" target="B6"/>
  <move id="355" source="K3" target="K4"/>
  <move id="356" source="B6" target="B7"/>
  <move id="357" source="K4" target="K5"/>
  <move id="358" source="B7" target="B8"/>
  <move id="359" source="K5" target="K6"/>
  <move id="360" source="B8" target="C8"/>
  <move id="361" source="K6" target="K7"/>
  <move id="362" source="C8" target="D8"/>
  <move id="363" source="K7" target="K8"/>
  <move id="364" source="D8" target="E8"/>
  <move id="365" source="K8" target="K9"/>
  <move id="366" source="K:" target="K9"/>
  <move id="367" source="H8" target="I8"/>
  <move id="368" source="K9" target="K:"/>
  <move id="369" source="I8" target="K8"/>
  <move id="370" source="E8" target="F8"/>
  <move id="371" source="K8" target="K9"/>
  <move id="372" source="I9" target="I7"/>
  <move id="373" source="K9" target="K:"/>
  <move id="374" source="F8" target="G8"/>
  <move id="375" source="K:" target="K9"/>
  <move id="376" source="I7" target="F7"/>
  <move id="377" source="K9" target="K8"/>
  <move id="378" source="F7" target="F3"/>
  <move id="379" source="K8" target="K7"/>
  <move id="380" source="F3" target="H3"/>
  <move id="381" source="K7" target="K6"/>
  <move id="382" source="H3" target="H2"/>
  <move id="383" source="K6" target="K5"/>
  <move id="384" source="H4" target="G4"/>
  <move id="385" source="K5" target="K4"/>
  <move id="386" source="G4" target="F4"/>
  <move id="387" source="K4" target="I4"/>
  <move id="388" source="F4" target="F5"/>
  <move id="389" source="I4" target="H4"/>
  <move id="390" source="F5" target="F6"/>
  <move id="391" source="H4" target="G4"/>
  <move id="392" source="F6" target="F7"/>
  <move id="393" source="G4" target="F4"/>
  <move id="394" source="F7" target="F8"/>
  <move id="395" source="F4" target="F5"/>
  <move id="396" source="G8" target="G7"/>
  <move id="397" source="F5" target="F6"/>
  <move id="398" source="G7" target="F7"/>
  <move id="399" source="F6" target="E6"/>
  <move id="400" source="F7" target="E7"/>
  <move id="401" source="E6" target="F6"/>
  <move id="402" source="E7" target="F7"/>
  <move id="403" source="G2" target="G3"/>
  <move id="404" source="F7" target="F6"/>
  <move id="405" source="G3" target="G4"/>
  <move id="406" source="F8" target="F7"/>
  <move id="407" source="G4" target="F4"/>
  <move id="408" source="F7" target="F6"/>
  <move id="409" source="F4" target="E4"/>
  <move id="410" source="B9" target="B8"/>
  <move id="411" source="E4" target="D4"/>
  <move id="412" source="B8" target="B7"/>
  <move id="413" source="D4" target="C4"/>
  <move id="414" source="B7" target="B6"/>
  <move id="415" source="C4" target="B4"/>
  <move id="416" source="B6" target="B5"/>
  <move id="417" source="B4" target="A4"/>
  <move id="418" source="B5" target="A5"/>
  <move id="419" source="A4" target="A5"/>
  <move id="420" source="F6" target="F5"/>
  <move id="421" source="F1" target="F2"/>
  <move id="422" source="F5" target="F4"/>
  <move id="423" source="F2" target="G2"/>
  <move id="424" source="F4" target="F3"/>
  <move id="425" source="C2" target="C3"/>
  <move id="426" source="F3" target="G3"/>
  <move id="427" source="G2" target="F2"/>
  <move id="428" source="G3" target="F3"/>
  <move id="429" source="F2" target="E2"/>
  <move id="430" source="F3" target="E3"/>
  <move id="431" source="E2" target="E3"/>
  <move id="432" source="A6" target="B6"/>
  <move id="433" source="C3" target="D3"/>
  <move id="434" source="B:" target="B9"/>
  <move id="435" source="D3" target="E3"/>
  <move id="436" source="B9" target="B8"/>
  <move id="437" source="E3" target="E4"/>
  <move id="438" source="B8" target="C8"/>
  <move id="439" source="E4" target="E5"/>
  <move id="440" source="C8" target="D8"/>
  <move id="441" source="E5" target="E6"/>
  <move id="442" source="D8" target="E8"/>
  <move id="443" source="E6" target="F6"/>
  <move id="444" source="E8" target="E7"/>
  <move id="445" source="F6" target="F5"/>
  <move id="446" source="E7" target="E6"/>
  <move id="447" source="D1" target="E1"/>
  <move id="448" source="B6" target="B5"/>
  <move id="449" source="E1" target="E2"/>
  <move id="450" source="B5" target="B4"/>
  <move id="451" source="E2" target="E3"/>
  <move id="452" source="B4" target="C4"/>
  <move id="453" source="E3" target="E4"/>
  <move id="454" source="C4" target="D4"/>
  <move id="455" source="E4" target="E5"/>
  <move id="456" source="E6" target="F6"/>
  <move id="457" source="F5" target="F6"/>
  <move id="458" source="D4" target="E4"/>
  <move id="459" source="E5" target="E6"/>
  <move id="460" source="E4" target="F4"/>
  <move id="461" source="E6" target="E7"/>
  <move id="462" source="F4" target="G4"/>
  <move id="463" source="E7" target="F7"/>
  <move id="464" source="G4" target="H4"/>
  <move id="465" source="F7" target="G7"/>
  <move id="466" source="H4" target="H3"/>
  <move id="467" source="G7" target="H7"/>
  <move id="468" source="H3" target="H4"/>
  <move id="469" source="H7" target="G7"/>
  <move id="470" source="H4" target="H3"/>
  <move id="471" source="G7" target="F7"/>
  <move id="472" source="H3" target="G3"/>
  <move id="473" source="F7" target="E7"/>
  <move id="474" source="G3" target="F3"/>
  <move id="475" source="E7" target="D7"/>
  <move id="476" source="F3" target="E3"/>
  <move id="477" source="D7" target="C7"/>
  <move id="478" source="E3" target="E4"/>
  <move id="479" source="C7" target="B7"/>
  <move id="480" source="E4" target="E5"/>
  <move id="481" source="B7" target="B6"/>
  <move id="482" source="E5" target="E6"/>
  <move id="483" source="B6" target="B5"/>
  <move id="484" source="E6" target="E5"/>
  <move id="485" source="B5" target="B6"/>
  <move id="486" source="E5" target="E6"/>
  <move id="487" source="B6" target="B5"/>
  <move id="488" source="E6" target="E5"/>
  <move id="489" source="B5" target="B6"/>
  <move id="490" source="H9" target="H8"/>
  <move id="491" source="B6" target="B7"/>
  <move id="492" source="H8" target="G8"/>
  <move id="493" source="B7" target="C7"/>
  <move id="494" source="G8" target="F8"/>
  <move id="495" source="C7" target="D7"/>
  <move id="496" source="F8" target="F7"/>
  <move id="497" source="D7" target="E7"/>
  <move id="498" source="F7" target="F6"/>
  <move id="499" source="E7" target="F7"/>
  <move id="500" source="F6" target="F5"/>
  <move id="501" source="F7" target="G7"/>
  <move id="502" source="F5" target="F4"/>
  <move id="503" source="G7" target="H7"/>
  <move id="504" source="F4" target="F3"/>
  <move id="505" source="H7" target="I7"/>
  <move id="506" source="F3" target="F2"/>
  <move id="507" source="I7" target="K7"/>
  <move id="508" source="E5" target="F5"/>
  <move id="509" source="K7" target="K6"/>
  <move id="510" source="F5" target="F4"/>
  <move id="511" source="K6" target="K5"/>
  <move id="512" source="F4" target="F3"/>
  <move id="513" source="C1" target="D1"/>
  <move id="514" source="F3" target="G3"/>
  <move id="515" source="D1" target="E1"/>
  <move id="516" source="G3" target="H3"/>
  <move id="517" source="K5" target="I5"/>
  <move id="518" source="F2" target="G2"/>
  <move id="519" source="I5" target="K5"/>
  <move id="520" source="G2" target="H2"/>
  <move id="521" source="I2" target="H2"/>
  <move id="522" source="H3" target="H2"/>
  <move id="523" source="K5" target="K6"/>
  <move id="524" source="H2" target="H3"/>
  <move id="525" source="K6" target="K7"/>
  <move id="526" source="H3" target="H4"/>
  <move id="527" source="K7" target="K8"/>
  <move id="528" source="H4" target="G4"/>
  <move id="529" source="K8" target="I8"/>
  <move id="530" source="G4" target="F4"/>
  <move id="531" source="I8" target="H8"/>
  <move id="532" source="F4" target="F5"/>
  <move id="533" source="H8" target="G8"/>
  <move id="534" source="F5" target="F6"/>
  <move id="535" source="G8" target="F8"/>
  <move id="536" source="F6" target="F7"/>
  <move id="537" source="F8" target="E8"/>
  <move id="538" source="F7" target="E7"/>
  <move id="539" source="E8" target="D8"/>
  <move id="540" source="H:" target="H9"/>
  <move id="541" source="B1" target="B2"/>
  <move id="542" source="H9" target="H8"/>
  <move id="543" source="B2" target="C2"/>
  <move id="544" source="H8" target="H7"/>
  <move id="545" source="C2" target="C3"/>
  <move id="546" source="H7" target="I7"/>
  <move id="547" source="C3" target="D3"/>
  <move id="548" source="I7" target="K7"/>
  <move id="549" source="D3" target="E3"/>
  <move id="550" source="K7" target="K6"/>
  <move id="551" source="E3" target="F3"/>
  <move id="552" source="K6" target="K5"/>
  <move id="553" source="F3" target="G3"/>
  <move id="554" source="K5" target="K4"/>
  <move id="555" source="G3" target="H3"/>
  <move id="556" source="E7" target="F7"/>
  <move id="557" source="H3" target="H4"/>
  <move id="558" source="K4" target="K5"/>
  <move id="559" source="D8" target="E8"/>
  <move id="560" source="K5" target="K6"/>
  <move id="561" source="H4" target="I4"/>
  <move id="562" source="K6" target="K7"/>
  <move id="563" source="I4" target="I5"/>
  <move id="564" source="F7" target="F8"/>
  <move id="565" source="E8" target="E7"/>
  <move id="566" source="K7" target="K8"/>
  <move id="567" source="I5" target="I6"/>
  <move id="568" source="K8" target="K7"/>
  <move id="569" source="E7" target="E6"/>
  <move id="570" source="F8" target="F7"/>
  <move id="571" source="E6" target="E5"/>
  <move id="572" source="F7" target="F6"/>
  <move id="573" source="E5" target="F5"/>
  <move id="574" source="F6" target="F5"/>
  <move id="575" source="I6" target="I5"/>
  <move id="576" source="K7" target="K6"/>
  <move id="577" source="I5" target="I4"/>
  <move id="578" source="K6" target="K5"/>
  <move id="579" source="I4" target="H4"/>
  <move id="580" source="K5" target="K4"/>
  <move id="581" source="H4" target="H3"/>
  <move id="582" source="K4" target="I4"/>
  <move id="583" source="H3" target="H4"/>
  <move id="584" source="I4" target="K4"/>
  <move id="585" source="H4" target="I4"/>
  <move id="586" source="K4" target="K5"/>
  <move id="587" source="I4" target="H4"/>
  <move id="588" source="K5" target="K6"/>
  <move id="589" source="H4" target="G4"/>
  <move id="590" source="K6" target="I6"/>
  <move id="591" source="G4" target="F4"/>
  <move id="592" source="I6" target="I5"/>
  <move id="593" source="F4" target="G4"/>
  <move id="594" source="I5" target="K5"/>
  <move id="595" source="G4" target="G3"/>
  <move id="596" source="K5" target="K6"/>
  <move id="597" source="G3" target="F3"/>
  <move id="598" source="K6" target="K7"/>
  <move id="599" source="F3" target="G3"/>
  <move id="600" source="K7" target="I7"/>
  <move id="601" source="G3" target="F3"/>
  <move id="602" source="I7" target="H7"/>
  <move id="603" source="F3" target="F4"/>
  <move id="604" source="H7" target="G7"/>
  <move id="605" source="F4" target="F5"/>
  <move id="606" source="G7" target="F7"/>
  <move id="607" source="F5" target="F6"/>
  <move id="608" source="F7" target="E7"/>
  <move id="609" source="F6" target="F7"/>
  <move id="610" source="E7" target="E6"/>
  <move id="611" source="F7" target="G7"/>
  <move id="612" source="E6" target="F6"/>
  <move id="613" source="G7" target="H7"/>
  <move id="614" source="F6" target="F5"/>
  <move id="615" source="H7" target="H8"/>
  <move id="616" source="F5" target="F4"/>
  <move id="617" source="H8" target="H9"/>
  <move id="618" source="G9" target="G8"/>
  <move id="619" source="H9" target="G9"/>
  <move id="620" source="G8" target="H8"/>
  <move id="621" source="G9" target="G8"/>
  <move id="622" source="H8" target="I8"/>
  <move id="623" source="G8" target="F8"/>
  <move id="624" source="F4" target="G4"/>
  <move id="625" source="F8" target="E8"/>
  <move id="626" source="E9" target="F9"/>
  <move id="627" source="E8" target="E9"/>
  <move id="628" source="F9" target="F8"/>
  <move id="629" source="E9" target="E8"/>
  <move id="630" source="F8" target="F7"/>
  <move id="631" source="E8" target="E7"/>
  <move id="632" source="F7" target="F6"/>
  <move id="633" source="E7" target="E6"/>
  <move id="634" source="F6" target="F7"/>
  <move id="635" source="E6" target="E7"/>
  <move id="636" source="F7" target="F8"/>
  <move id="637" source="E7" target="E6"/>
  <move id="638" source="G4" target="H4"/>
  <move id="639" source="E6" target="E5"/>
  <move id="640" source="H4" target="H3"/>
  <move id="641" source="E5" target="E4"/>
  <move id="642" source="H3" target="H2"/>
  <move id="643" source="E4" target="E3"/>
  <move id="644" source="H2" target="H1"/>
  <player id="1">Player 1</player>
  <player id="2">Player 2</player>
  <result type="1" winner="2"/>
 </game>
</stratego>