<?xml version="1.0" encoding="UTF-8"?>
<stratego>
 <game type="classic">
  
  <field content="FBDEGIGEBFGBECDFMHJBBDJKIDELHDDHEFBDHIDGAA__AA__AAAA__AA__AAPNSUPRPRPRTOWPRUSPTPXTNQQSVTUNQNYNVQPQNS"/>
  <move id="1" source="I4" target="I5"/>
  <move id="2" source="K7" target="K6"/>
  <move id="3" source="I3" target="I4"/>
  <move id="4" source="I7" target="I6"/>
  <move id="5" source="I2" target="I3"/>
  <move id="6" source="K8" target="K7"/>
  <move id="7" source="I5" target="I6"/>
  <move id="8" source="K7" target="I7"/>
  <move id="9" source="K4" target="K5"/>
  <move id="10" source="I7" target="I6"/>
  <move id="11" source="K5" target="K6"/>
  <move id="12" source="I8" target="I7"/>
  <move id="13" source="K6" target="I6"/>
  <move id="14" source="H8" target="I8"/>
  <move id="15" source="I6" target="K6"/>
  <move id="16" source="I8" target="K8"/>
  <move id="17" source="K6" target="K5"/>
  <move id="18" source="F7" target="F6"/>
  <move id="19" source="K5" target="I5"/>
  <move id="20" source="E7" target="E6"/>
  <move id="21" source="K3" target="K8"/>
  <move id="22" source="G8" target="H8"/>
  <move id="23" source="A4" target="A5"/>
  <move id="24" source="H8" target="I8"/>
  <move id="25" source="B4" target="A4"/>
  <move id="26" source="I8" target="K8"/>
  <move id="27" source="A5" target="A7"/>
  <move id="28" source="K8" target="K7"/>
  <move id="29" source="B3" target="B7"/>
  <move id="30" source="K7" target="K6"/>
  <move id="31" source="F4" target="F5"/>
  <move id="32" source="K6" target="K5"/>
  <move id="33" source="F5" target="E5"/>
  <move id="34" source="K5" target="I5"/>
  <move id="35" source="F3" target="F6"/>
  <move id="36" source="E6" target="E7"/>
  <move id="37" source="G4" target="F4"/>
  <move id="38" source="G7" target="G8"/>
  <move id="39" source="F4" target="F5"/>
  <move id="40" source="G8" target="H8"/>
  <move id="41" source="F5" target="F6"/>
  <move id="42" source="H8" target="I8"/>
  <move id="43" source="F6" target="F5"/>
  <move id="44" source="I8" target="K8"/>
  <move id="45" source="F5" target="F4"/>
  <move id="46" source="K8" target="K7"/>
  <move id="47" source="F4" target="G4"/>
  <move id="48" source="K7" target="K6"/>
  <move id="49" source="I3" target="I2"/>
  <move id="50" source="K6" target="K5"/>
  <move id="51" source="H3" target="I3"/>
  <move id="52" source="K5" target="K2"/>
  <move id="53" source="I3" target="H3"/>
  <move id="54" source="G9" target="G8"/>
  <move id="55" source="I2" target="I3"/>
  <move id="56" source="F8" target="F7"/>
  <move id="57" source="E5" target="E7"/>
  <move id="58" source="E8" target="E7"/>
  <move id="59" source="F2" target="F3"/>
  <move id="60" source="E7" target="E6"/>
  <move id="61" source="F3" target="F4"/>
  <move id="62" source="F7" target="F6"/>
  <move id="63" source="F4" target="F5"/>
  <move id="64" source="F6" target="F5"/>
  <move id="65" source="E3" target="F3"/>
  <move id="66" source="F5" target="F6"/>
  <move id="67" source="F3" target="F4"/>
  <move id="68" source="F6" target="F7"/>
  <move id="69" source="F4" target="F3"/>
  <move id="70" source="D8" target="E8"/>
  <move id="71" source="F3" target="E3"/>
  <move id="72" source="E8" target="E7"/>
  <move id="73" source="E2" target="F2"/>
  <move id="74" source="F7" target="F8"/>
  <move id="75" source="F2" target="F3"/>
  <move id="76" source="F8" target="E8"/>
  <move id="77" source="F3" target="F4"/>
  <move id="78" source="E8" target="D8"/>
  <move id="79" source="F4" target="F7"/>
  <move id="80" source="E7" target="F7"/>
  <move id="81" source="E1" target="E2"/>
  <move id="82" source="E6" target="E5"/>
  <move id="83" source="E2" target="F2"/>
  <move id="84" source="E5" target="E4"/>
  <move id="85" source="C4" target="B4"/>
  <move id="86" source="F9" target="F8"/>
  <move id="87" source="B4" target="B5"/>
  <move id="88" source="D7" target="E7"/>
  <move id="89" source="B5" target="B6"/>
  <move id="90" source="C7" target="D7"/>
  <move id="91" source="B6" target="B7"/>
  <move id="92" source="E7" target="E6"/>
  <move id="93" source="B7" target="B8"/>
  <move id="94" source="A8" target="B8"/>
  <move id="95" source="A4" target="B4"/>
  <move id="96" source="A9" target="A8"/>
  <move id="97" source="B4" target="B5"/>
  <move id="98" source="A8" target="A7"/>
  <move id="99" source="B5" target="B6"/>
  <move id="100" source="B8" target="B7"/>
  <move id="101" source="B6" target="B7"/>
  <move id="102" source="A7" target="A6"/>
  <move id="103" source="I3" target="I2"/>
  <move id="104" source="A6" target="A5"/>
  <move id="105" source="H3" target="I3"/>
  <move id="106" source="A5" target="B5"/>
  <move id="107" source="I3" target="K3"/>
  <move id="108" source="D7" target="E7"/>
  <move id="109" source="K3" target="K4"/>
  <move id="110" source="E7" target="F7"/>
  <move id="111" source="K4" target="K5"/>
  <move id="112" source="F7" target="F6"/>
  <move id="113" source="K5" target="I5"/>
  <move id="114" source="F6" target="F5"/>
  <move id="115" source="I5" target="I6"/>
  <move id="116" source="F5" target="F4"/>
  <move id="117" source="I6" target="I7"/>
  <move id="118" source="F4" target="F3"/>
  <move id="119" source="I7" target="I6"/>
  <move id="120" source="F3" target="F2"/>
  <move id="121" source="I6" target="I5"/>
  <move id="122" source="B5" target="B6"/>
  <move id="123" source="I5" target="K5"/>
  <move id="124" source="B6" target="B7"/>
  <move id="125" source="K5" target="K4"/>
  <move id="126" source="B7" target="C7"/>
  <move id="127" source="K4" target="K3"/>
  <move id="128" source="C7" target="D7"/>
  <move id="129" source="K3" target="I3"/>
  <move id="130" source="D7" target="E7"/>
  <move id="131" source="I3" target="H3"/>
  <move id="132" source="E7" target="F7"/>
  <move id="133" source="G3" target="F3"/>
  <move id="134" source="E6" target="F6"/>
  <move id="135" source="F3" target="F2"/>
  <move id="136" source="F6" target="F5"/>
  <move id="137" source="H3" target="G3"/>
  <move id="138" source="F7" target="F6"/>
  <move id="139" source="G3" target="F3"/>
  <move id="140" source="F5" target="E5"/>
  <move id="141" source="F3" target="F4"/>
  <move id="142" source="F6" target="F5"/>
  <move id="143" source="F4" target="F5"/>
  <move id="144" source="G8" target="G7"/>
  <move id="145" source="E3" target="E2"/>
  <move id="146" source="C8" target="C7"/>
  <move id="147" source="D3" target="E3"/>
  <move id="148" source="C7" target="D7"/>
  <move id="149" source="E3" target="F3"/>
  <move id="150" source="D7" target="E7"/>
  <move id="151" source="F3" target="F4"/>
  <move id="152" source="E5" target="E6"/>
  <move id="153" source="F4" target="F5"/>
  <move id="154" source="F8" target="F7"/>
  <move id="155" source="F5" target="E5"/>
  <move id="156" source="E6" target="F6"/>
  <move id="157" source="E5" target="F5"/>
  <move id="158" source="E7" target="E6"/>
  <move id="159" source="F5" target="F6"/>
  <move id="160" source="E6" target="E5"/>
  <move id="161" source="F6" target="F5"/>
  <move id="162" source="E5" target="E6"/>
  <move id="163" source="F5" target="E5"/>
  <move id="164" source="E6" target="E5"/>
  <move id="165" source="C3" target="D3"/>
  <move id="166" source="E9" target="E8"/>
  <move id="167" source="D3" target="E3"/>
  <move id="168" source="E8" target="F8"/>
  <move id="169" source="E3" target="F3"/>
  <move id="170" source="F8" target="G8"/>
  <move id="171" source="F3" target="F4"/>
  <move id="172" source="G8" target="H8"/>
  <move id="173" source="I4" target="I3"/>
  <move id="174" source="H8" target="I8"/>
  <move id="175" source="I3" target="H3"/>
  <move id="176" source="I8" target="I7"/>
  <move id="177" source="I2" target="I3"/>
  <move id="178" source="I7" target="I6"/>
  <move id="179" source="I3" target="I4"/>
  <move id="180" source="I6" target="K6"/>
  <move id="181" source="F4" target="F5"/>
  <move id="182" source="G7" target="G8"/>
  <move id="183" source="F5" target="F6"/>
  <move id="184" source="G8" target="G7"/>
  <move id="185" source="F6" target="F7"/>
  <move id="186" source="G7" target="F7"/>
  <move id="187" source="I4" target="I5"/>
  <move id="188" source="I9" target="I8"/>
  <move id="189" source="I5" target="K5"/>
  <move id="190" source="K6" target="I6"/>
  <move id="191" source="K5" target="I5"/>
  <move id="192" source="I6" target="K6"/>
  <move id="193" source="I5" target="I4"/>
  <move id="194" source="K6" target="K5"/>
  <move id="195" source="I4" target="I3"/>
  <move id="196" source="K5" target="K4"/>
  <move id="197" source="G4" target="G3"/>
  <move id="198" source="E:" target="E9"/>
  <move id="199" source="H4" target="G4"/>
  <move id="200" source="E9" target="E8"/>
  <move id="201" source="F2" target="F3"/>
  <move id="202" source="E8" target="E7"/>
  <move id="203" source="F3" target="F4"/>
  <move id="204" source="E7" target="E6"/>
  <move id="205" source="F4" target="F5"/>
  <move id="206" source="E6" target="F6"/>
  <move id="207" source="F5" target="F6"/>
  <move id="208" source="F6" target="F7"/>
  <move id="209" source="G4" target="H4"/>
  <move id="210" source="F7" target="F6"/>
  <move id="211" source="H4" target="I4"/>
  <move id="212" source="K4" target="K5"/>
  <move id="213" source="I4" target="I5"/>
  <move id="214" source="K5" target="K4"/>
  <move id="215" source="I3" target="I4"/>
  <move id="216" source="K4" target="K3"/>
  <move id="217" source="I4" target="I3"/>
  <move id="218" source="K3" target="K2"/>
  <move id="219" source="I3" target="I4"/>
  <move id="220" source="K2" target="K1"/>
  <move id="221" source="I4" target="H4"/>
  <move id="222" source="F6" target="F5"/>
  <move id="223" source="H4" target="G4"/>
  <move id="224" source="F5" target="F6"/>
  <move id="225" source="G4" target="F4"/>
  <move id="226" source="F6" target="F7"/>
  <move id="227" source="I5" target="I4"/>
  <move id="228" source="F7" target="E7"/>
  <move id="229" source="F4" target="F3"/>
  <move id="230" source="G:" target="G9"/>
  <move id="231" source="F3" target="F4"/>
  <move id="232" source="G9" target="F9"/>
  <move id="233" source="I4" target="I5"/>
  <move id="234" source="F9" target="F4"/>
  <move id="235" source="I5" target="I6"/>
  <move id="236" source="I8" target="H8"/>
  <move id="237" source="I6" target="I7"/>
  <move id="238" source="H8" target="G8"/>
  <move id="239" source="I7" target="I8"/>
  <move id="240" source="G8" target="F8"/>
  <move id="241" source="I8" target="H8"/>
  <move id="242" source="F8" target="E8"/>
  <move id="243" source="H8" target="G8"/>
  <move id="244" source="E7" target="F7"/>
  <move id="245" source="F4" target="F5"/>
  <move id="246" source="F7" target="F8"/>
  <move id="247" source="G8" target="G7"/>
  <move id="248" source="F8" target="F7"/>
  <move id="249" source="G7" target="G8"/>
  <move id="250" source="F7" target="F8"/>
  <move id="251" source="G8" target="G7"/>
  <move id="252" source="F8" target="F7"/>
  <move id="253" source="G7" target="G8"/>
  <move id="254" source="F7" target="G7"/>
  <move id="255" source="G8" target="F8"/>
  <move id="256" source="G7" target="F7"/>
  <move id="257" source="F8" target="E8"/>
  <move id="258" source="F7" target="E7"/>
  <move id="259" source="F5" target="F4"/>
  <move id="260" source="E7" target="D7"/>
  <move id="261" source="F4" target="F3"/>
  <move id="262" source="D7" target="C7"/>
  <move id="263" source="F3" target="E3"/>
  <move id="264" source="C7" target="B7"/>
  <move id="265" source="E3" target="D3"/>
  <move id="266" source="D8" target="D7"/>
  <move id="267" source="E2" target="E3"/>
  <move id="268" source="D7" target="E7"/>
  <move id="269" source="E3" target="F3"/>
  <move id="270" source="E7" target="E6"/>
  <move id="271" source="F3" target="F4"/>
  <move id="272" source="H7" target="G7"/>
  <move id="273" source="F4" target="F5"/>
  <move id="274" source="G7" target="F7"/>
  <move id="275" source="F5" target="E5"/>
  <move id="276" source="E6" target="F6"/>
  <move id="277" source="E5" target="F5"/>
  <move id="278" source="F6" target="E6"/>
  <move id="279" source="F5" target="F6"/>
  <move id="280" source="E6" target="E7"/>
  <move id="281" source="F6" target="F7"/>
  <move id="282" source="E7" target="E6"/>
  <move id="283" source="F7" target="F6"/>
  <move id="284" source="E6" target="F6"/>
  <move id="285" source="F1" target="F2"/>
  <move id="286" source="B7" target="C7"/>
  <move id="287" source="H3" target="I3"/>
  <move id="288" source="C7" target="D7"/>
  <move id="289" source="I3" target="I2"/>
  <move id="290" source="D7" target="E7"/>
  <move id="291" source="D3" target="E3"/>
  <move id="292" source="E7" target="F7"/>
  <move id="293" source="E3" target="F3"/>
  <move id="294" source="F7" target="G7"/>
  <move id="295" source="F3" target="F4"/>
  <move id="296" source="B9" target="B8"/>
  <move id="297" source="F2" target="F3"/>
  <move id="298" source="B8" target="B7"/>
  <move id="299" source="F3" target="E3"/>
  <move id="300" source="A:" target="A9"/>
  <move id="301" source="E3" target="D3"/>
  <move id="302" source="A9" target="A8"/>
  <move id="303" source="D3" target="C3"/>
  <move id="304" source="A8" target="A7"/>
  <move id="305" source="C3" target="B3"/>
  <move id="306" source="A7" target="A6"/>
  <move id="307" source="B3" target="B4"/>
  <move id="308" source="B7" target="B6"/>
  <move id="309" source="B4" target="B5"/>
  <move id="310" source="A6" target="A5"/>
  <move id="311" source="B5" target="A5"/>
  <move id="312" source="D9" target="D8"/>
  <move id="313" source="A5" target="B5"/>
  <move id="314" source="B6" target="B7"/>
  <move id="315" source="B5" target="B6"/>
  <move id="316" source="B7" target="B8"/>
  <move id="317" source="B6" target="B7"/>
  <move id="318" source="B8" target="C8"/>
  <move id="319" source="B7" target="C7"/>
  <move id="320" source="C8" target="B8"/>
  <move id="321" source="C7" target="C8"/>
  <move id="322" source="D8" target="D7"/>
  <move id="323" source="C8" target="C7"/>
  <move id="324" source="D7" target="E7"/>
  <move id="325" source="C7" target="B7"/>
  <move id="326" source="B8" target="C8"/>
  <move id="327" source="B7" target="C7"/>
  <move id="328" source="C8" target="D8"/>
  <move id="329" source="C7" target="D7"/>
  <move id="330" source="D8" target="E8"/>
  <move id="331" source="D7" target="E7"/>
  <move id="332" source="E8" target="F8"/>
  <move id="333" source="E7" target="E8"/>
  <move id="334" source="F8" target="G8"/>
  <move id="335" source="E8" target="F8"/>
  <move id="336" source="H9" target="H8"/>
  <move id="337" source="F8" target="G8"/>
  <move id="338" source="G7" target="G8"/>
  <move id="339" source="I2" target="I3"/>
  <move id="340" source="H:" target="H9"/>
  <move id="341" source="I3" target="I4"/>
  <move id="342" source="H9" target="G9"/>
  <move id="343" source="I4" target="I5"/>
  <move id="344" source="G9" target="F9"/>
  <move id="345" source="G3" target="F3"/>
  <move id="346" source="F9" target="E9"/>
  <move id="347" source="F3" target="E3"/>
  <move id="348" source="E9" target="E8"/>
  <move id="349" source="E3" target="D3"/>
  <move id="350" source="E8" target="D8"/>
  <move id="351" source="D3" target="C3"/>
  <move id="352" source="G8" target="F8"/>
  <move id="353" source="C3" target="B3"/>
  <move id="354" source="F8" target="F7"/>
  <move id="355" source="F4" target="F5"/>
  <move id="356" source="D8" target="D7"/>
  <move id="357" source="H2" target="H3"/>
  <move id="358" source="F7" target="E7"/>
  <move id="359" source="F5" target="E5"/>
  <move id="360" source="D7" target="C7"/>
  <move id="361" source="B3" target="B4"/>
  <move id="362" source="E7" target="D7"/>
  <move id="363" source="E5" target="F5"/>
  <move id="364" source="D7" target="D8"/>
  <move id="365" source="F5" target="F4"/>
  <move id="366" source="D8" target="C8"/>
  <move id="367" source="B4" target="B5"/>
  <move id="368" source="C8" target="B8"/>
  <move id="369" source="B5" target="A5"/>
  <move id="370" source="B8" target="B7"/>
  <move id="371" source="A5" target="A6"/>
  <move id="372" source="B7" target="A7"/>
  <move id="373" source="A6" target="B6"/>
  <move id="374" source="A7" target="B7"/>
  <move id="375" source="B6" target="A6"/>
  <move id="376" source="B7" target="A7"/>
  <move id="377" source="A6" target="B6"/>
  <move id="378" source="A7" target="B7"/>
  <move id="379" source="B6" target="A6"/>
  <move id="380" source="B7" target="A7"/>
  <move id="381" source="A6" target="B6"/>
  <move id="382" source="A7" target="A8"/>
  <move id="383" source="B6" target="B7"/>
  <move id="384" source="C7" target="C8"/>
  <move id="385" source="B7" target="C7"/>
  <move id="386" source="C8" target="B8"/>
  <move id="387" source="C7" target="B7"/>
  <move id="388" source="H8" target="G8"/>
  <move id="389" source="B7" target="B8"/>
  <move id="390" source="A8" target="B8"/>
  <move id="391" source="F4" target="F3"/>
  <move id="392" source="F:" target="F9"/>
  <move id="393" source="F3" target="E3"/>
  <move id="394" source="F9" target="E9"/>
  <move id="395" source="E3" target="D3"/>
  <move id="396" source="E9" target="E8"/>
  <move id="397" source="D3" target="C3"/>
  <move id="398" source="E8" target="D8"/>
  <move id="399" source="C3" target="C4"/>
  <move id="400" source="D8" target="D7"/>
  <move id="401" source="H3" target="G3"/>
  <move id="402" source="D7" target="C7"/>
  <move id="403" source="G3" target="F3"/>
  <move id="404" source="B8" target="B7"/>
  <move id="405" source="F3" target="F4"/>
  <move id="406" source="B7" target="B6"/>
  <move id="407" source="F4" target="F5"/>
  <move id="408" source="B6" target="B5"/>
  <move id="409" source="F5" target="F6"/>
  <move id="410" source="C7" target="B7"/>
  <move id="411" source="C4" target="B4"/>
  <move id="412" source="B7" target="B6"/>
  <move id="413" source="B4" target="B5"/>
  <move id="414" source="B6" target="B5"/>
  <move id="415" source="F6" target="F5"/>
  <move id="416" source="B5" target="B4"/>
  <move id="417" source="F5" target="F4"/>
  <move id="418" source="B4" target="B3"/>
  <move id="419" source="F4" target="F3"/>
  <move id="420" source="B3" target="B2"/>
  <move id="421" source="A2" target="B2"/>
  <move id="422" source="G8" target="F8"/>
  <move id="423" source="F3" target="E3"/>
  <move id="424" source="F8" target="E8"/>
  <move id="425" source="E3" target="D3"/>
  <move id="426" source="E8" target="D8"/>
  <move id="427" source="D3" target="C3"/>
  <move id="428" source="D8" target="D7"/>
  <move id="429" source="I5" target="I4"/>
  <move id="430" source="D7" target="C7"/>
  <move id="431" source="I4" target="H4"/>
  <move id="432" source="C7" target="B7"/>
  <move id="433" source="H4" target="G4"/>
  <move id="434" source="B7" target="B6"/>
  <move id="435" source="G4" target="F4"/>
  <move id="436" source="B6" target="B5"/>
  <move id="437" source="C3" target="B3"/>
  <move id="438" source="B5" target="B4"/>
  <move id="439" source="B3" target="B4"/>
  <player id="1">Player 1</player>
  <player id="2">Player 2</player>
  <result type="0" winner="1"/>
 </game>
</stratego>