<?xml version="1.0" encoding="UTF-8"?>
<stratego>
 <game type="classic">
  
  <field content="DEBIEGBMBEDBFDFJEBEJDHIDBHCHGLDFDGDFKGIHAA__AA__AAAA__AA__AAUQSTURNPSRPVSOSQVTPUTPXPNPTNWQQQRNYNNRPP"/>
  <move id="1" source="K4" target="K5"/>
  <move id="2" source="I7" target="I6"/>
  <move id="3" source="K5" target="K6"/>
  <move id="4" source="I6" target="K6"/>
  <move id="5" source="K3" target="K4"/>
  <move id="6" source="E7" target="E6"/>
  <move id="7" source="K4" target="K5"/>
  <move id="8" source="E6" target="E5"/>
  <move id="9" source="K6" target="K7"/>
  <move id="10" source="K8" target="K7"/>
  <move id="11" source="K5" target="K6"/>
  <move id="12" source="K7" target="K8"/>
  <move id="13" source="K6" target="K7"/>
  <move id="14" source="F7" target="F6"/>
  <move id="15" source="I4" target="I5"/>
  <move id="16" source="F6" target="F5"/>
  <move id="17" source="I5" target="I6"/>
  <move id="18" source="F5" target="F4"/>
  <move id="19" source="I6" target="K6"/>
  <move id="20" source="E5" target="F5"/>
  <move id="21" source="H4" target="I4"/>
  <move id="22" source="F5" target="F4"/>
  <move id="23" source="I4" target="I5"/>
  <move id="24" source="A7" target="A6"/>
  <move id="25" source="F3" target="F4"/>
  <move id="26" source="F4" target="F5"/>
  <move id="27" source="I5" target="I6"/>
  <move id="28" source="A6" target="A5"/>
  <move id="29" source="I6" target="I7"/>
  <move id="30" source="A5" target="B5"/>
  <move id="31" source="I7" target="H7"/>
  <move id="32" source="H8" target="H7"/>
  <move id="33" source="K6" target="I6"/>
  <move id="34" source="A8" target="A7"/>
  <move id="35" source="I6" target="I7"/>
  <move id="36" source="A7" target="A6"/>
  <move id="37" source="I7" target="H7"/>
  <move id="38" source="A6" target="A5"/>
  <move id="39" source="H7" target="I7"/>
  <move id="40" source="A5" target="A4"/>
  <move id="41" source="I3" target="I4"/>
  <move id="42" source="F5" target="F6"/>
  <move id="43" source="I4" target="I5"/>
  <move id="44" source="F6" target="E6"/>
  <move id="45" source="I7" target="I6"/>
  <move id="46" source="E6" target="E7"/>
  <move id="47" source="I6" target="K6"/>
  <move id="48" source="I8" target="I7"/>
  <move id="49" source="I5" target="I6"/>
  <move id="50" source="K8" target="I8"/>
  <move id="51" source="K7" target="K8"/>
  <move id="52" source="I7" target="H7"/>
  <move id="53" source="I6" target="I7"/>
  <move id="54" source="G8" target="H8"/>
  <move id="55" source="K6" target="K7"/>
  <move id="56" source="I8" target="I7"/>
  <move id="57" source="K7" target="K6"/>
  <move id="58" source="B7" target="A7"/>
  <move id="59" source="H3" target="I3"/>
  <move id="60" source="A7" target="A6"/>
  <move id="61" source="K8" target="I8"/>
  <move id="62" source="I7" target="K7"/>
  <move id="63" source="K6" target="I6"/>
  <move id="64" source="H8" target="G8"/>
  <move id="65" source="K2" target="K3"/>
  <move id="66" source="H7" target="I7"/>
  <move id="67" source="I6" target="I5"/>
  <move id="68" source="I7" target="I8"/>
  <move id="69" source="K3" target="K4"/>
  <move id="70" source="K7" target="K6"/>
  <move id="71" source="K4" target="K5"/>
  <move id="72" source="K6" target="I6"/>
  <move id="73" source="I5" target="I4"/>
  <move id="74" source="I6" target="I5"/>
  <move id="75" source="K5" target="I5"/>
  <move id="76" source="E7" target="E6"/>
  <move id="77" source="I3" target="K3"/>
  <move id="78" source="A6" target="A5"/>
  <move id="79" source="K3" target="K4"/>
  <move id="80" source="A5" target="A4"/>
  <move id="81" source="K4" target="K5"/>
  <move id="82" source="A4" target="B4"/>
  <move id="83" source="K5" target="K6"/>
  <move id="84" source="B5" target="B4"/>
  <move id="85" source="K6" target="K7"/>
  <move id="86" source="C7" target="B7"/>
  <move id="87" source="K7" target="I7"/>
  <move id="88" source="B7" target="A7"/>
  <move id="89" source="I7" target="H7"/>
  <move id="90" source="A7" target="A6"/>
  <move id="91" source="H7" target="H8"/>
  <move id="92" source="A6" target="A5"/>
  <move id="93" source="H8" target="G8"/>
  <move id="94" source="F8" target="F7"/>
  <move id="95" source="I8" target="H8"/>
  <move id="96" source="G8" target="F8"/>
  <move id="97" source="I5" target="K5"/>
  <move id="98" source="E8" target="E7"/>
  <move id="99" source="I4" target="I5"/>
  <move id="100" source="F8" target="E8"/>
  <move id="101" source="I5" target="I6"/>
  <move id="102" source="F7" target="F8"/>
  <move id="103" source="I6" target="I7"/>
  <move id="104" source="E7" target="F7"/>
  <move id="105" source="H8" target="H7"/>
  <move id="106" source="D7" target="C7"/>
  <move id="107" source="I7" target="I8"/>
  <move id="108" source="I9" target="I8"/>
  <move id="109" source="G4" target="H4"/>
  <move id="110" source="E6" target="E7"/>
  <move id="111" source="G3" target="H3"/>
  <move id="112" source="E7" target="D7"/>
  <move id="113" source="H3" target="I3"/>
  <move id="114" source="B4" target="B5"/>
  <move id="115" source="E4" target="E5"/>
  <move id="116" source="B5" target="B6"/>
  <move id="117" source="E5" target="E6"/>
  <move id="118" source="B6" target="B7"/>
  <move id="119" source="E6" target="E7"/>
  <move id="120" source="B7" target="A7"/>
  <move id="121" source="H4" target="G4"/>
  <move id="122" source="A5" target="A4"/>
  <move id="123" source="G4" target="F4"/>
  <move id="124" source="B8" target="B7"/>
  <move id="125" source="F4" target="F5"/>
  <move id="126" source="B7" target="B6"/>
  <move id="127" source="F5" target="F6"/>
  <move id="128" source="B6" target="A6"/>
  <move id="129" source="I3" target="I4"/>
  <move id="130" source="A6" target="A5"/>
  <move id="131" source="I4" target="H4"/>
  <move id="132" source="A4" target="A3"/>
  <move id="133" source="B3" target="A3"/>
  <move id="134" source="A5" target="A4"/>
  <move id="135" source="A3" target="B3"/>
  <move id="136" source="A4" target="B4"/>
  <move id="137" source="H4" target="G4"/>
  <move id="138" source="A7" target="A6"/>
  <move id="139" source="G4" target="F4"/>
  <move id="140" source="A6" target="A5"/>
  <move id="141" source="F4" target="F5"/>
  <move id="142" source="A5" target="A4"/>
  <move id="143" source="E7" target="D7"/>
  <move id="144" source="A4" target="A3"/>
  <move id="145" source="F5" target="E5"/>
  <move id="146" source="F7" target="E7"/>
  <move id="147" source="F6" target="E6"/>
  <move id="148" source="F8" target="F7"/>
  <move id="149" source="D4" target="E4"/>
  <move id="150" source="F7" target="F6"/>
  <move id="151" source="E4" target="F4"/>
  <move id="152" source="F6" target="F5"/>
  <move id="153" source="F4" target="F5"/>
  <move id="154" source="B4" target="B5"/>
  <move id="155" source="F5" target="F6"/>
  <move id="156" source="B5" target="B6"/>
  <move id="157" source="F6" target="F7"/>
  <move id="158" source="E7" target="F7"/>
  <move id="159" source="E5" target="F5"/>
  <move id="160" source="F9" target="F5"/>
  <move id="161" source="D3" target="D4"/>
  <move id="162" source="B6" target="A6"/>
  <move id="163" source="D4" target="E4"/>
  <move id="164" source="A6" target="A7"/>
  <move id="165" source="E4" target="F4"/>
  <move id="166" source="F5" target="E5"/>
  <move id="167" source="E6" target="E5"/>
  <move id="168" source="A7" target="B7"/>
  <move id="169" source="F4" target="F5"/>
  <move id="170" source="B7" target="B6"/>
  <move id="171" source="F5" target="F6"/>
  <move id="172" source="E8" target="F8"/>
  <move id="173" source="F6" target="F7"/>
  <move id="174" source="F8" target="F7"/>
  <move id="175" source="E5" target="E6"/>
  <move id="176" source="F7" target="F8"/>
  <move id="177" source="E6" target="E7"/>
  <move id="178" source="B6" target="B5"/>
  <move id="179" source="C4" target="F4"/>
  <move id="180" source="B5" target="B4"/>
  <move id="181" source="F4" target="F7"/>
  <move id="182" source="B4" target="B3"/>
  <move id="183" source="F7" target="G7"/>
  <move id="184" source="B3" target="B4"/>
  <move id="185" source="E7" target="F7"/>
  <move id="186" source="F8" target="E8"/>
  <move id="187" source="H7" target="I7"/>
  <move id="188" source="I8" target="H8"/>
  <move id="189" source="I7" target="I6"/>
  <move id="190" source="B4" target="C4"/>
  <move id="191" source="I6" target="I5"/>
  <move id="192" source="B9" target="B2"/>
  <move id="193" source="I5" target="I4"/>
  <move id="194" source="C4" target="B4"/>
  <move id="195" source="I4" target="H4"/>
  <move id="196" source="B4" target="B5"/>
  <move id="197" source="H4" target="G4"/>
  <move id="198" source="A3" target="A4"/>
  <move id="199" source="G4" target="F4"/>
  <move id="200" source="A4" target="A5"/>
  <move id="201" source="F4" target="E4"/>
  <move id="202" source="A5" target="A6"/>
  <move id="203" source="E4" target="E5"/>
  <move id="204" source="B5" target="A5"/>
  <move id="205" source="E5" target="E6"/>
  <move id="206" source="A6" target="A7"/>
  <move id="207" source="E6" target="E7"/>
  <move id="208" source="H8" target="G8"/>
  <move id="209" source="E7" target="E8"/>
  <move id="210" source="D8" target="E8"/>
  <move id="211" source="F7" target="E7"/>
  <move id="212" source="D7" target="D8"/>
  <move id="213" source="E7" target="E8"/>
  <move id="214" source="D8" target="D7"/>
  <move id="215" source="E8" target="E7"/>
  <move id="216" source="D7" target="D8"/>
  <move id="217" source="E7" target="E8"/>
  <move id="218" source="A5" target="B5"/>
  <move id="219" source="K5" target="K6"/>
  <move id="220" source="G8" target="H8"/>
  <move id="221" source="K6" target="K7"/>
  <move id="222" source="H8" target="I8"/>
  <move id="223" source="G2" target="G3"/>
  <move id="224" source="B5" target="B4"/>
  <move id="225" source="G3" target="F3"/>
  <move id="226" source="B4" target="C4"/>
  <move id="227" source="F3" target="F4"/>
  <move id="228" source="C4" target="D4"/>
  <move id="229" source="F4" target="F5"/>
  <move id="230" source="D4" target="E4"/>
  <move id="231" source="F5" target="F6"/>
  <move id="232" source="E4" target="E5"/>
  <move id="233" source="F6" target="F7"/>
  <move id="234" source="E5" target="E6"/>
  <move id="235" source="F7" target="F8"/>
  <move id="236" source="E6" target="F6"/>
  <move id="237" source="F8" target="G8"/>
  <move id="238" source="A7" target="A8"/>
  <move id="239" source="G8" target="G9"/>
  <move id="240" source="F6" target="F5"/>
  <move id="241" source="E8" target="F8"/>
  <move id="242" source="C8" target="B8"/>
  <move id="243" source="F8" target="G8"/>
  <move id="244" source="G9" target="F9"/>
  <move id="245" source="G8" target="F8"/>
  <move id="246" source="F9" target="G9"/>
  <move id="247" source="F2" target="F3"/>
  <move id="248" source="B8" target="B9"/>
  <move id="249" source="F3" target="F4"/>
  <move id="250" source="C9" target="C8"/>
  <move id="251" source="F4" target="F5"/>
  <move id="252" source="C7" target="B7"/>
  <move id="253" source="K7" target="K6"/>
  <move id="254" source="I8" target="I7"/>
  <move id="255" source="F8" target="E8"/>
  <move id="256" source="D8" target="D7"/>
  <move id="257" source="E8" target="E7"/>
  <move id="258" source="D7" target="C7"/>
  <move id="259" source="E7" target="D7"/>
  <move id="260" source="B7" target="B8"/>
  <move id="261" source="D2" target="D3"/>
  <move id="262" source="C7" target="B7"/>
  <move id="263" source="D3" target="D4"/>
  <move id="264" source="B7" target="B6"/>
  <move id="265" source="D4" target="E4"/>
  <move id="266" source="D9" target="D8"/>
  <move id="267" source="E4" target="F4"/>
  <move id="268" source="D8" target="E8"/>
  <move id="269" source="D7" target="E7"/>
  <move id="270" source="E8" target="F8"/>
  <move id="271" source="E7" target="F7"/>
  <move id="272" source="F8" target="E8"/>
  <move id="273" source="F7" target="E7"/>
  <move id="274" source="E8" target="F8"/>
  <move id="275" source="E7" target="F7"/>
  <move id="276" source="F8" target="E8"/>
  <move id="277" source="F7" target="E7"/>
  <move id="278" source="C8" target="D8"/>
  <move id="279" source="F4" target="F5"/>
  <move id="280" source="D8" target="D7"/>
  <move id="281" source="E7" target="E8"/>
  <move id="282" source="D7" target="E7"/>
  <move id="283" source="E8" target="F8"/>
  <move id="284" source="B6" target="B5"/>
  <move id="285" source="F8" target="G8"/>
  <move id="286" source="G9" target="F9"/>
  <move id="287" source="F5" target="F6"/>
  <move id="288" source="B5" target="B4"/>
  <move id="289" source="F6" target="F7"/>
  <move id="290" source="E7" target="F7"/>
  <move id="291" source="G8" target="H8"/>
  <move id="292" source="F7" target="F8"/>
  <move id="293" source="H8" target="H7"/>
  <move id="294" source="I7" target="I6"/>
  <move id="295" source="K6" target="K5"/>
  <move id="296" source="I6" target="I5"/>
  <move id="297" source="K5" target="K4"/>
  <move id="298" source="I5" target="I4"/>
  <move id="299" source="K4" target="K3"/>
  <move id="300" source="B4" target="C4"/>
  <move id="301" source="A2" target="A3"/>
  <move id="302" source="A8" target="A7"/>
  <move id="303" source="A3" target="A4"/>
  <move id="304" source="A7" target="A6"/>
  <move id="305" source="A4" target="A5"/>
  <move id="306" source="A6" target="A5"/>
  <move id="307" source="H7" target="I7"/>
  <move id="308" source="C4" target="D4"/>
  <move id="309" source="I7" target="I6"/>
  <move id="310" source="D4" target="E4"/>
  <move id="311" source="I6" target="I5"/>
  <move id="312" source="E4" target="E5"/>
  <move id="313" source="I5" target="I4"/>
  <move id="314" source="F8" target="F7"/>
  <move id="315" source="K3" target="K4"/>
  <move id="316" source="F7" target="F6"/>
  <move id="317" source="K4" target="K5"/>
  <move id="318" source="E5" target="E4"/>
  <move id="319" source="K5" target="K6"/>
  <move id="320" source="E4" target="F4"/>
  <move id="321" source="K6" target="K7"/>
  <move id="322" source="F4" target="F3"/>
  <move id="323" source="K7" target="K8"/>
  <move id="324" source="F3" target="F2"/>
  <move id="325" source="K1" target="K2"/>
  <move id="326" source="F2" target="F3"/>
  <move id="327" source="K8" target="I8"/>
  <move id="328" source="F3" target="G3"/>
  <move id="329" source="K2" target="K3"/>
  <move id="330" source="F6" target="F7"/>
  <move id="331" source="K3" target="K4"/>
  <move id="332" source="F7" target="F8"/>
  <move id="333" source="I8" target="I7"/>
  <move id="334" source="F8" target="G8"/>
  <move id="335" source="I7" target="I6"/>
  <move id="336" source="G3" target="H3"/>
  <move id="337" source="K4" target="K5"/>
  <move id="338" source="G8" target="H8"/>
  <move id="339" source="K5" target="K6"/>
  <move id="340" source="H8" target="I8"/>
  <move id="341" source="I6" target="I5"/>
  <move id="342" source="I8" target="I7"/>
  <move id="343" source="I5" target="I4"/>
  <move id="344" source="A5" target="A6"/>
  <move id="345" source="C3" target="C4"/>
  <move id="346" source="A6" target="A7"/>
  <move id="347" source="C4" target="D4"/>
  <move id="348" source="A7" target="B7"/>
  <move id="349" source="D4" target="E4"/>
  <move id="350" source="B7" target="C7"/>
  <move id="351" source="E4" target="F4"/>
  <move id="352" source="C7" target="D7"/>
  <move id="353" source="F4" target="E4"/>
  <move id="354" source="H3" target="G3"/>
  <move id="355" source="I4" target="H4"/>
  <move id="356" source="G3" target="F3"/>
  <move id="357" source="H4" target="G4"/>
  <move id="358" source="D7" target="E7"/>
  <move id="359" source="E4" target="D4"/>
  <move id="360" source="E7" target="D7"/>
  <move id="361" source="D4" target="C4"/>
  <move id="362" source="D7" target="C7"/>
  <move id="363" source="C4" target="C3"/>
  <move id="364" source="K9" target="I9"/>
  <move id="365" source="C3" target="B3"/>
  <move id="366" source="C7" target="B7"/>
  <move id="367" source="B3" target="B4"/>
  <move id="368" source="B7" target="B6"/>
  <move id="369" source="B4" target="C4"/>
  <move id="370" source="I7" target="I8"/>
  <move id="371" source="K6" target="K7"/>
  <move id="372" source="I8" target="H8"/>
  <move id="373" source="K7" target="K8"/>
  <move id="374" source="H8" target="G8"/>
  <move id="375" source="K8" target="I8"/>
  <move id="376" source="G8" target="F8"/>
  <move id="377" source="I8" target="H8"/>
  <move id="378" source="F8" target="G8"/>
  <move id="379" source="H8" target="I8"/>
  <move id="380" source="G8" target="F8"/>
  <move id="381" source="I8" target="I7"/>
  <move id="382" source="B6" target="B7"/>
  <move id="383" source="C4" target="B4"/>
  <move id="384" source="B8" target="C8"/>
  <move id="385" source="B4" target="B5"/>
  <move id="386" source="B7" target="C7"/>
  <move id="387" source="B5" target="B6"/>
  <move id="388" source="C7" target="D7"/>
  <move id="389" source="B6" target="B7"/>
  <move id="390" source="D7" target="E7"/>
  <move id="391" source="B7" target="B8"/>
  <move id="392" source="C8" target="C7"/>
  <move id="393" source="A1" target="A9"/>
  <move id="394" source="B9" target="B8"/>
  <move id="395" source="B8" target="B9"/>
  <move id="396" source="A9" target="A8"/>
  <move id="397" source="D1" target="D2"/>
  <move id="398" source="E7" target="D7"/>
  <move id="399" source="D2" target="D3"/>
  <move id="400" source="D7" target="D8"/>
  <move id="401" source="D3" target="C3"/>
  <move id="402" source="D8" target="C8"/>
  <move id="403" source="C3" target="B3"/>
  <move id="404" source="C8" target="B8"/>
  <move id="405" source="B9" target="A9"/>
  <move id="406" source="A8" target="A7"/>
  <move id="407" source="B3" target="A3"/>
  <move id="408" source="A7" target="B7"/>
  <move id="409" source="A3" target="A4"/>
  <move id="410" source="C7" target="C8"/>
  <move id="411" source="A4" target="B4"/>
  <move id="412" source="B7" target="C7"/>
  <move id="413" source="B4" target="C4"/>
  <move id="414" source="K:" target="K9"/>
  <move id="415" source="C4" target="D4"/>
  <move id="416" source="K9" target="K8"/>
  <move id="417" source="D4" target="E4"/>
  <move id="418" source="K8" target="I8"/>
  <move id="419" source="I7" target="H7"/>
  <move id="420" source="I8" target="I7"/>
  <move id="421" source="H7" target="H8"/>
  <move id="422" source="F8" target="G8"/>
  <move id="423" source="H8" target="H9"/>
  <move id="424" source="H:" target="H9"/>
  <move id="425" source="E4" target="E5"/>
  <move id="426" source="G8" target="F8"/>
  <move id="427" source="E5" target="E6"/>
  <move id="428" source="F8" target="E8"/>
  <move id="429" source="E6" target="F6"/>
  <move id="430" source="E8" target="E7"/>
  <move id="431" source="F6" target="F5"/>
  <move id="432" source="E7" target="E6"/>
  <move id="433" source="F5" target="F4"/>
  <move id="434" source="E6" target="E5"/>
  <move id="435" source="G4" target="H4"/>
  <move id="436" source="F3" target="F4"/>
  <move id="437" source="H4" target="I4"/>
  <move id="438" source="I7" target="K7"/>
  <move id="439" source="I4" target="K4"/>
  <move id="440" source="K7" target="I7"/>
  <move id="441" source="K4" target="I4"/>
  <move id="442" source="I7" target="I8"/>
  <move id="443" source="I4" target="I5"/>
  <move id="444" source="I8" target="F8"/>
  <move id="445" source="I5" target="I6"/>
  <move id="446" source="F8" target="F4"/>
  <move id="447" source="I6" target="I7"/>
  <move id="448" source="E5" target="E6"/>
  <move id="449" source="I7" target="H7"/>
  <move id="450" source="E6" target="E7"/>
  <move id="451" source="H7" target="H8"/>
  <move id="452" source="E7" target="F7"/>
  <move id="453" source="H8" target="H9"/>
  <move id="454" source="F7" target="F8"/>
  <move id="455" source="H9" target="H8"/>
  <move id="456" source="F8" target="G8"/>
  <move id="457" source="H8" target="H7"/>
  <move id="458" source="G8" target="F8"/>
  <move id="459" source="H7" target="I7"/>
  <move id="460" source="F8" target="F7"/>
  <move id="461" source="I7" target="I6"/>
  <move id="462" source="F4" target="E4"/>
  <move id="463" source="I6" target="I5"/>
  <move id="464" source="F7" target="F6"/>
  <move id="465" source="I5" target="I4"/>
  <move id="466" source="F6" target="F5"/>
  <move id="467" source="I4" target="H4"/>
  <move id="468" source="F5" target="F4"/>
  <move id="469" source="H4" target="I4"/>
  <move id="470" source="F4" target="G4"/>
  <move id="471" source="I4" target="I5"/>
  <move id="472" source="G4" target="F4"/>
  <move id="473" source="I5" target="I6"/>
  <move id="474" source="F4" target="F5"/>
  <move id="475" source="I6" target="I7"/>
  <move id="476" source="F5" target="F6"/>
  <move id="477" source="I2" target="K2"/>
  <move id="478" source="F9" target="F8"/>
  <move id="479" source="K2" target="K3"/>
  <move id="480" source="F8" target="E8"/>
  <move id="481" source="K3" target="K4"/>
  <move id="482" source="E8" target="E7"/>
  <move id="483" source="K4" target="K5"/>
  <move id="484" source="E7" target="E6"/>
  <move id="485" source="K5" target="K6"/>
  <move id="486" source="E6" target="E5"/>
  <move id="487" source="K6" target="K7"/>
  <move id="488" source="E5" target="F5"/>
  <move id="489" source="K7" target="K8"/>
  <move id="490" source="F5" target="F4"/>
  <move id="491" source="K8" target="K9"/>
  <move id="492" source="F4" target="F3"/>
  <move id="493" source="K9" target="I9"/>
  <move id="494" source="F3" target="G3"/>
  <move id="495" source="I7" target="I8"/>
  <move id="496" source="G3" target="G2"/>
  <move id="497" source="I8" target="H8"/>
  <move id="498" source="F6" target="F7"/>
  <move id="499" source="H8" target="H7"/>
  <move id="500" source="E4" target="F4"/>
  <move id="501" source="H7" target="I7"/>
  <move id="502" source="F4" target="F1"/>
  <move id="503" source="I7" target="I6"/>
  <move id="504" source="G2" target="F2"/>
  <move id="505" source="I6" target="I5"/>
  <move id="506" source="F2" target="F1"/>
  <move id="507" source="I5" target="I4"/>
  <move id="508" source="F7" target="F6"/>
  <move id="509" source="I4" target="H4"/>
  <move id="510" source="F6" target="F5"/>
  <move id="511" source="H4" target="G4"/>
  <move id="512" source="F5" target="F4"/>
  <move id="513" source="G4" target="H4"/>
  <move id="514" source="F4" target="G4"/>
  <move id="515" source="H4" target="I4"/>
  <move id="516" source="F1" target="F2"/>
  <move id="517" source="I4" target="I5"/>
  <move id="518" source="G4" target="F4"/>
  <move id="519" source="I5" target="I6"/>
  <move id="520" source="F4" target="F5"/>
  <move id="521" source="I6" target="I5"/>
  <move id="522" source="F2" target="F3"/>
  <move id="523" source="I5" target="I4"/>
  <move id="524" source="F3" target="F4"/>
  <move id="525" source="I4" target="H4"/>
  <move id="526" source="F4" target="E4"/>
  <move id="527" source="H4" target="I4"/>
  <move id="528" source="F5" target="F6"/>
  <move id="529" source="I4" target="I5"/>
  <move id="530" source="E4" target="E5"/>
  <move id="531" source="I5" target="I6"/>
  <move id="532" source="F6" target="F7"/>
  <move id="533" source="I6" target="I7"/>
  <move id="534" source="F7" target="F8"/>
  <move id="535" source="I7" target="H7"/>
  <move id="536" source="F8" target="G8"/>
  <move id="537" source="H7" target="I7"/>
  <move id="538" source="G8" target="F8"/>
  <move id="539" source="I7" target="I8"/>
  <move id="540" source="C7" target="B7"/>
  <move id="541" source="I8" target="I7"/>
  <move id="542" source="B7" target="B6"/>
  <move id="543" source="I7" target="I6"/>
  <move id="544" source="B6" target="A6"/>
  <move id="545" source="I6" target="I5"/>
  <move id="546" source="A6" target="A5"/>
  <move id="547" source="I5" target="I4"/>
  <move id="548" source="F8" target="E8"/>
  <move id="549" source="I4" target="H4"/>
  <move id="550" source="E8" target="D8"/>
  <move id="551" source="H4" target="G4"/>
  <move id="552" source="D8" target="D9"/>
  <move id="553" source="G4" target="F4"/>
  <move id="554" source="D9" target="C9"/>
  <move id="555" source="F4" target="F5"/>
  <move id="556" source="E5" target="E4"/>
  <move id="557" source="F5" target="E5"/>
  <move id="558" source="E4" target="F4"/>
  <move id="559" source="A9" target="A:"/>
  <move id="560" source="C9" target="B9"/>
  <move id="561" source="E5" target="E6"/>
  <move id="562" source="B8" target="A8"/>
  <move id="563" source="E6" target="E7"/>
  <move id="564" source="A8" target="A9"/>
  <move id="565" source="E7" target="E8"/>
  <move id="566" source="A9" target="A:"/>
  <move id="567" source="E8" target="F8"/>
  <move id="568" source="F4" target="E4"/>
  <move id="569" source="F8" target="G8"/>
  <move id="570" source="B9" target="C9"/>
  <move id="571" source="G8" target="G9"/>
  <move id="572" source="C9" target="D9"/>
  <move id="573" source="G9" target="G:"/>
  <move id="574" source="D9" target="D8"/>
  <move id="575" source="C2" target="C3"/>
  <move id="576" source="E4" target="D4"/>
  <move id="577" source="C3" target="B3"/>
  <move id="578" source="D8" target="E8"/>
  <move id="579" source="E2" target="F2"/>
  <move id="580" source="C8" target="C7"/>
  <move id="581" source="F2" target="F3"/>
  <move id="582" source="C7" target="D7"/>
  <move id="583" source="F3" target="F4"/>
  <move id="584" source="D7" target="E7"/>
  <move id="585" source="F4" target="G4"/>
  <move id="586" source="E7" target="F7"/>
  <move id="587" source="G4" target="H4"/>
  <move id="588" source="F7" target="F8"/>
  <move id="589" source="H4" target="I4"/>
  <move id="590" source="F8" target="G8"/>
  <move id="591" source="I4" target="I5"/>
  <move id="592" source="G8" target="H8"/>
  <move id="593" source="I5" target="K5"/>
  <move id="594" source="H8" target="I8"/>
  <move id="595" source="K5" target="K6"/>
  <move id="596" source="I8" target="I7"/>
  <move id="597" source="B3" target="B4"/>
  <move id="598" source="D4" target="C4"/>
  <move id="599" source="B4" target="B3"/>
  <move id="600" source="A5" target="A4"/>
  <move id="601" source="E1" target="E2"/>
  <move id="602" source="C4" target="C3"/>
  <move id="603" source="E2" target="F2"/>
  <move id="604" source="C3" target="B3"/>
  <move id="605" source="F2" target="F3"/>
  <move id="606" source="B3" target="C3"/>
  <move id="607" source="F3" target="F4"/>
  <move id="608" source="C3" target="D3"/>
  <move id="609" source="F4" target="F5"/>
  <move id="610" source="D3" target="E3"/>
  <move id="611" source="F5" target="F6"/>
  <move id="612" source="E8" target="E7"/>
  <move id="613" source="K6" target="K7"/>
  <move id="614" source="I7" target="K7"/>
  <player id="1">Player 1</player>
  <player id="2">Player 2</player>
  <result type="3" winner="2"/>
 </game>
</stratego>