<?xml version="1.0" encoding="UTF-8"?>
<stratego>
 <game type="classic">
  
  <field content="DEHBMBFBGEFDEFBFBCJDDHJEDBHKDHDGILIGEIGDAA__AA__AAAA__AA__AANPNQURQWRNQNTTQPVOTSNSVXPSUPNPRPTQPUSYRP"/>
  <move id="1" source="K4" target="K7"/>
  <move id="2" source="E7" target="E6"/>
  <move id="3" source="A4" target="A7"/>
  <move id="4" source="E6" target="E5"/>
  <move id="5" source="I4" target="K4"/>
  <move id="6" source="F7" target="F6"/>
  <move id="7" source="I3" target="I7"/>
  <move id="8" source="F6" target="F5"/>
  <move id="9" source="B4" target="B5"/>
  <move id="10" source="E8" target="E7"/>
  <move id="11" source="B5" target="B6"/>
  <move id="12" source="E7" target="E6"/>
  <move id="13" source="F4" target="F5"/>
  <move id="14" source="E5" target="F5"/>
  <move id="15" source="K4" target="K5"/>
  <move id="16" source="F5" target="F6"/>
  <move id="17" source="K5" target="K6"/>
  <move id="18" source="F6" target="F7"/>
  <move id="19" source="K6" target="I6"/>
  <move id="20" source="E6" target="E5"/>
  <move id="21" source="G4" target="F4"/>
  <move id="22" source="E5" target="F5"/>
  <move id="23" source="F4" target="F5"/>
  <move id="24" source="D7" target="E7"/>
  <move id="25" source="E4" target="F4"/>
  <move id="26" source="E7" target="E6"/>
  <move id="27" source="E3" target="E6"/>
  <move id="28" source="E6" target="E5"/>
  <move id="29" source="F4" target="E4"/>
  <move id="30" source="E5" target="F5"/>
  <move id="31" source="G3" target="G4"/>
  <move id="32" source="F7" target="E7"/>
  <move id="33" source="E4" target="E5"/>
  <move id="34" source="F5" target="E5"/>
  <move id="35" source="E5" target="E6"/>
  <move id="36" source="E7" target="E6"/>
  <move id="37" source="G4" target="F4"/>
  <move id="38" source="G7" target="F7"/>
  <move id="39" source="F4" target="E4"/>
  <move id="40" source="F7" target="E7"/>
  <move id="41" source="H4" target="G4"/>
  <move id="42" source="E7" target="E6"/>
  <move id="43" source="G4" target="F4"/>
  <move id="44" source="F8" target="E8"/>
  <move id="45" source="H3" target="G3"/>
  <move id="46" source="E6" target="E5"/>
  <move id="47" source="G3" target="G4"/>
  <move id="48" source="D8" target="D7"/>
  <move id="49" source="H2" target="H3"/>
  <move id="50" source="F9" target="F8"/>
  <move id="51" source="H3" target="G3"/>
  <move id="52" source="F8" target="F7"/>
  <move id="53" source="K3" target="K4"/>
  <move id="54" source="D9" target="D8"/>
  <move id="55" source="K4" target="I4"/>
  <move id="56" source="D:" target="D9"/>
  <move id="57" source="I4" target="H4"/>
  <move id="58" source="E9" target="F9"/>
  <move id="59" source="K2" target="K3"/>
  <move id="60" source="E8" target="F8"/>
  <move id="61" source="K3" target="I3"/>
  <move id="62" source="D9" target="E9"/>
  <move id="63" source="F4" target="F5"/>
  <move id="64" source="E5" target="F5"/>
  <move id="65" source="F5" target="F4"/>
  <move id="66" source="G8" target="G7"/>
  <move id="67" source="E4" target="E5"/>
  <move id="68" source="E9" target="E8"/>
  <move id="69" source="F4" target="E4"/>
  <move id="70" source="E8" target="E7"/>
  <move id="71" source="E5" target="F5"/>
  <move id="72" source="E7" target="E6"/>
  <move id="73" source="E4" target="E5"/>
  <move id="74" source="E6" target="F6"/>
  <move id="75" source="G4" target="F4"/>
  <move id="76" source="G9" target="G8"/>
  <move id="77" source="D4" target="E4"/>
  <move id="78" source="F9" target="G9"/>
  <move id="79" source="C4" target="D4"/>
  <move id="80" source="F8" target="F9"/>
  <move id="81" source="H4" target="G4"/>
  <move id="82" source="G8" target="F8"/>
  <move id="83" source="G4" target="H4"/>
  <move id="84" source="F8" target="E8"/>
  <move id="85" source="H4" target="H3"/>
  <move id="86" source="E8" target="E7"/>
  <move id="87" source="G3" target="G4"/>
  <move id="88" source="E7" target="E6"/>
  <move id="89" source="C3" target="C4"/>
  <move id="90" source="G9" target="G8"/>
  <move id="91" source="I6" target="I7"/>
  <move id="92" source="I8" target="I7"/>
  <move id="93" source="H3" target="H4"/>
  <move id="94" source="H9" target="G9"/>
  <move id="95" source="H4" target="I4"/>
  <move id="96" source="G8" target="F8"/>
  <move id="97" source="I4" target="I5"/>
  <move id="98" source="H8" target="I8"/>
  <move id="99" source="I5" target="I6"/>
  <move id="100" source="G9" target="G8"/>
  <move id="101" source="I6" target="I7"/>
  <move id="102" source="I8" target="H8"/>
  <move id="103" source="I3" target="I7"/>
  <move id="104" source="K8" target="I8"/>
  <move id="105" source="I7" target="H7"/>
  <move id="106" source="H7" target="I7"/>
  <move id="107" source="G4" target="G3"/>
  <move id="108" source="H8" target="H7"/>
  <move id="109" source="F4" target="G4"/>
  <move id="110" source="I8" target="H8"/>
  <move id="111" source="G4" target="H4"/>
  <move id="112" source="H8" target="H9"/>
  <move id="113" source="H4" target="I4"/>
  <move id="114" source="G8" target="H8"/>
  <move id="115" source="I4" target="I5"/>
  <move id="116" source="H8" target="I8"/>
  <move id="117" source="I5" target="I6"/>
  <move id="118" source="F8" target="E8"/>
  <move id="119" source="I6" target="I7"/>
  <move id="120" source="H7" target="H8"/>
  <move id="121" source="E5" target="E6"/>
  <move id="122" source="E8" target="E4"/>
  <move id="123" source="E4" target="E5"/>
  <move id="124" source="D8" target="E8"/>
  <move id="125" source="F5" target="F4"/>
  <move id="126" source="F7" target="F8"/>
  <move id="127" source="E5" target="E6"/>
  <move id="128" source="F6" target="F5"/>
  <move id="129" source="E6" target="E7"/>
  <move id="130" source="E8" target="E7"/>
  <move id="131" source="F4" target="F5"/>
  <move id="132" source="C9" target="D9"/>
  <move id="133" source="I2" target="I3"/>
  <move id="134" source="D9" target="E9"/>
  <move id="135" source="I3" target="I4"/>
  <move id="136" source="E9" target="E8"/>
  <move id="137" source="I4" target="I5"/>
  <move id="138" source="E8" target="E7"/>
  <move id="139" source="I5" target="I6"/>
  <move id="140" source="G7" target="H7"/>
  <move id="141" source="K1" target="K2"/>
  <move id="142" source="F9" target="G9"/>
  <move id="143" source="K2" target="K3"/>
  <move id="144" source="E7" target="F7"/>
  <move id="145" source="K3" target="K4"/>
  <move id="146" source="F:" target="F9"/>
  <move id="147" source="K4" target="K5"/>
  <move id="148" source="F7" target="G7"/>
  <move id="149" source="K5" target="K6"/>
  <move id="150" source="H7" target="I7"/>
  <move id="151" source="I6" target="I7"/>
  <move id="152" source="G7" target="H7"/>
  <move id="153" source="K6" target="K7"/>
  <move id="154" source="F8" target="E8"/>
  <move id="155" source="K7" target="K8"/>
  <move id="156" source="F9" target="F8"/>
  <move id="157" source="K8" target="K9"/>
  <move id="158" source="E8" target="E9"/>
  <move id="159" source="K9" target="K:"/>
  <move id="160" source="E9" target="F9"/>
  <move id="161" source="K:" target="I:"/>
  <move id="162" source="F9" target="F:"/>
  <move id="163" source="B6" target="A6"/>
  <move id="164" source="D7" target="D8"/>
  <move id="165" source="C4" target="B4"/>
  <move id="166" source="H7" target="G7"/>
  <move id="167" source="B4" target="B5"/>
  <move id="168" source="G7" target="F7"/>
  <move id="169" source="B5" target="B6"/>
  <move id="170" source="D8" target="E8"/>
  <move id="171" source="A6" target="A5"/>
  <move id="172" source="F8" target="G8"/>
  <move id="173" source="A5" target="B5"/>
  <move id="174" source="E8" target="F8"/>
  <move id="175" source="C2" target="C3"/>
  <move id="176" source="C8" target="D8"/>
  <move id="177" source="C3" target="C4"/>
  <move id="178" source="F8" target="F9"/>
  <move id="179" source="C4" target="B4"/>
  <move id="180" source="D8" target="E8"/>
  <move id="181" source="B4" target="A4"/>
  <move id="182" source="E8" target="F8"/>
  <move id="183" source="A4" target="A5"/>
  <move id="184" source="F7" target="F6"/>
  <move id="185" source="F5" target="F4"/>
  <move id="186" source="H8" target="H7"/>
  <move id="187" source="A5" target="A6"/>
  <move id="188" source="H7" target="I7"/>
  <move id="189" source="A6" target="A7"/>
  <move id="190" source="A8" target="A7"/>
  <move id="191" source="B6" target="A6"/>
  <move id="192" source="I7" target="I6"/>
  <move id="193" source="B5" target="B6"/>
  <move id="194" source="I6" target="I5"/>
  <move id="195" source="B6" target="B7"/>
  <move id="196" source="I5" target="I4"/>
  <move id="197" source="B7" target="A7"/>
  <move id="198" source="I4" target="H4"/>
  <move id="199" source="B3" target="C3"/>
  <move id="200" source="H4" target="G4"/>
  <move id="201" source="F4" target="E4"/>
  <move id="202" source="F6" target="E6"/>
  <move id="203" source="E4" target="E3"/>
  <move id="204" source="E6" target="E5"/>
  <move id="205" source="B2" target="B8"/>
  <move id="206" source="E5" target="E4"/>
  <move id="207" source="B1" target="B2"/>
  <move id="208" source="G4" target="F4"/>
  <move id="209" source="B2" target="B3"/>
  <move id="210" source="F4" target="F3"/>
  <move id="211" source="B3" target="B4"/>
  <move id="212" source="E4" target="E3"/>
  <move id="213" source="B4" target="B5"/>
  <move id="214" source="E3" target="E4"/>
  <move id="215" source="B5" target="B6"/>
  <move id="216" source="E4" target="E5"/>
  <move id="217" source="B6" target="B7"/>
  <move id="218" source="E5" target="E6"/>
  <move id="219" source="B7" target="B8"/>
  <move id="220" source="E6" target="E7"/>
  <move id="221" source="B8" target="B9"/>
  <move id="222" source="E7" target="E8"/>
  <move id="223" source="A7" target="A8"/>
  <move id="224" source="E8" target="D8"/>
  <move id="225" source="A8" target="A9"/>
  <move id="226" source="B9" target="C9"/>
  <move id="227" source="D4" target="E4"/>
  <move id="228" source="E:" target="E4"/>
  <move id="229" source="E4" target="F4"/>
  <move id="230" source="C9" target="D9"/>
  <move id="231" source="F4" target="G4"/>
  <move id="232" source="D9" target="E9"/>
  <move id="233" source="G4" target="H4"/>
  <move id="234" source="I8" target="K8"/>
  <move id="235" source="H4" target="I4"/>
  <move id="236" source="G8" target="H8"/>
  <move id="237" source="G3" target="G4"/>
  <move id="238" source="H8" target="H7"/>
  <move id="239" source="G4" target="F4"/>
  <move id="240" source="D8" target="E8"/>
  <move id="241" source="F4" target="F5"/>
  <move id="242" source="F8" target="G8"/>
  <move id="243" source="F5" target="F6"/>
  <move id="244" source="E8" target="E7"/>
  <move id="245" source="F6" target="F7"/>
  <move id="246" source="E7" target="F7"/>
  <move id="247" source="I4" target="I5"/>
  <move id="248" source="H7" target="I7"/>
  <move id="249" source="I5" target="I6"/>
  <move id="250" source="K8" target="I8"/>
  <move id="251" source="I6" target="I7"/>
  <move id="252" source="G8" target="F8"/>
  <move id="253" source="I1" target="I2"/>
  <move id="254" source="F8" target="E8"/>
  <move id="255" source="I2" target="I3"/>
  <move id="256" source="E8" target="D8"/>
  <move id="257" source="I3" target="I4"/>
  <move id="258" source="I8" target="I4"/>
  <move id="259" source="I4" target="I5"/>
  <move id="260" source="F9" target="F8"/>
  <move id="261" source="I5" target="I6"/>
  <move id="262" source="F8" target="G8"/>
  <move id="263" source="I6" target="I7"/>
  <move id="264" source="G8" target="H8"/>
  <move id="265" source="C3" target="C4"/>
  <move id="266" source="D8" target="C8"/>
  <move id="267" source="C4" target="D4"/>
  <move id="268" source="C8" target="B8"/>
  <move id="269" source="D4" target="E4"/>
  <move id="270" source="B8" target="B7"/>
  <move id="271" source="E4" target="E5"/>
  <move id="272" source="E9" target="F9"/>
  <move id="273" source="A3" target="B3"/>
  <move id="274" source="G9" target="G8"/>
  <move id="275" source="B3" target="B7"/>
  <move id="276" source="G8" target="F8"/>
  <move id="277" source="C1" target="C2"/>
  <move id="278" source="F9" target="G9"/>
  <move id="279" source="C2" target="C3"/>
  <move id="280" source="F8" target="E8"/>
  <move id="281" source="C3" target="C4"/>
  <move id="282" source="E8" target="E5"/>
  <move id="283" source="C4" target="B4"/>
  <move id="284" source="C:" target="D:"/>
  <move id="285" source="B4" target="B5"/>
  <move id="286" source="D:" target="E:"/>
  <move id="287" source="D3" target="C3"/>
  <move id="288" source="E:" target="E9"/>
  <move id="289" source="C3" target="B3"/>
  <move id="290" source="E9" target="F9"/>
  <move id="291" source="B3" target="B4"/>
  <move id="292" source="F9" target="F8"/>
  <move id="293" source="B5" target="B6"/>
  <move id="294" source="B7" target="A7"/>
  <move id="295" source="B4" target="B5"/>
  <move id="296" source="F7" target="E7"/>
  <move id="297" source="B6" target="B7"/>
  <move id="298" source="A7" target="A6"/>
  <move id="299" source="B7" target="A7"/>
  <move id="300" source="E7" target="E8"/>
  <move id="301" source="B5" target="B6"/>
  <move id="302" source="E8" target="D8"/>
  <move id="303" source="B6" target="B7"/>
  <move id="304" source="D8" target="C8"/>
  <move id="305" source="A6" target="B6"/>
  <move id="306" source="C8" target="B8"/>
  <move id="307" source="B7" target="C7"/>
  <move id="308" source="B8" target="B7"/>
  <move id="309" source="C7" target="C8"/>
  <move id="310" source="B7" target="A7"/>
  <move id="311" source="C8" target="C9"/>
  <move id="312" source="A7" target="B7"/>
  <move id="313" source="C9" target="B9"/>
  <move id="314" source="B7" target="B6"/>
  <move id="315" source="B9" target="A9"/>
  <move id="316" source="A:" target="A9"/>
  <move id="317" source="E5" target="E6"/>
  <move id="318" source="F8" target="F7"/>
  <move id="319" source="E6" target="E7"/>
  <move id="320" source="F7" target="E7"/>
  <move id="321" source="I7" target="K7"/>
  <move id="322" source="H8" target="I8"/>
  <move id="323" source="D2" target="D3"/>
  <move id="324" source="G9" target="F9"/>
  <player id="1">Player 1</player>
  <player id="2">Player 2</player>
  <result type="10" winner="3"/>
 </game>
</stratego>