<?xml version="1.0" encoding="UTF-8"?>
<stratego>
 <game type="classic">
  
  <field content="BJMBFEBEEFLGEFDDFGIBBDEDDKBGHDHDIIGHCJHDAA__AA__AAAA__AA__AAPSUTPPUNRRSTSXVPVNSNNPWNOUPRNRQQTYTQQQPP"/>
  <move id="1" source="K4" target="K7"/>
  <move id="2" source="E7" target="E6"/>
  <move id="3" source="I4" target="I5"/>
  <move id="4" source="E6" target="E5"/>
  <move id="5" source="I5" target="K5"/>
  <move id="6" source="F7" target="E7"/>
  <move id="7" source="K5" target="K6"/>
  <move id="8" source="G7" target="F7"/>
  <move id="9" source="K3" target="K4"/>
  <move id="10" source="F7" target="F6"/>
  <move id="11" source="K4" target="K5"/>
  <move id="12" source="F6" target="F5"/>
  <move id="13" source="K5" target="I5"/>
  <move id="14" source="F5" target="F4"/>
  <move id="15" source="F3" target="F4"/>
  <move id="16" source="G8" target="G7"/>
  <move id="17" source="F4" target="F5"/>
  <move id="18" source="E5" target="E4"/>
  <move id="19" source="I5" target="I6"/>
  <move id="20" source="F8" target="G8"/>
  <move id="21" source="E4" target="F4"/>
  <move id="22" source="E7" target="F7"/>
  <move id="23" source="F5" target="F6"/>
  <move id="24" source="F7" target="F8"/>
  <move id="25" source="F4" target="F3"/>
  <move id="26" source="D7" target="E7"/>
  <move id="27" source="E3" target="E7"/>
  <move id="28" source="D8" target="D7"/>
  <move id="29" source="E2" target="E3"/>
  <move id="30" source="E8" target="D8"/>
  <move id="31" source="E3" target="E4"/>
  <move id="32" source="E7" target="E8"/>
  <move id="33" source="E4" target="E5"/>
  <move id="34" source="A7" target="A6"/>
  <move id="35" source="E5" target="E6"/>
  <move id="36" source="A6" target="A5"/>
  <move id="37" source="E6" target="E7"/>
  <move id="38" source="D7" target="E7"/>
  <move id="39" source="I6" target="I7"/>
  <move id="40" source="E7" target="F7"/>
  <move id="41" source="F6" target="F5"/>
  <move id="42" source="D8" target="D7"/>
  <move id="43" source="H4" target="I4"/>
  <move id="44" source="B7" target="A7"/>
  <move id="45" source="I4" target="I5"/>
  <move id="46" source="C7" target="B7"/>
  <move id="47" source="I5" target="K5"/>
  <move id="48" source="C8" target="D8"/>
  <move id="49" source="H3" target="H4"/>
  <move id="50" source="D7" target="C7"/>
  <move id="51" source="H4" target="I4"/>
  <move id="52" source="C9" target="C8"/>
  <move id="53" source="I4" target="I5"/>
  <move id="54" source="D8" target="D7"/>
  <move id="55" source="I5" target="I6"/>
  <move id="56" source="D7" target="E7"/>
  <move id="57" source="K6" target="K7"/>
  <move id="58" source="C8" target="D8"/>
  <move id="59" source="K5" target="K6"/>
  <move id="60" source="C7" target="C8"/>
  <move id="61" source="K7" target="I7"/>
  <move id="62" source="E7" target="D7"/>
  <move id="63" source="K6" target="K7"/>
  <move id="64" source="D7" target="C7"/>
  <move id="65" source="I6" target="I5"/>
  <move id="66" source="D8" target="D7"/>
  <move id="67" source="I5" target="K5"/>
  <move id="68" source="D7" target="E7"/>
  <move id="69" source="I3" target="K3"/>
  <move id="70" source="E7" target="E6"/>
  <move id="71" source="I2" target="I3"/>
  <move id="72" source="F7" target="F6"/>
  <move id="73" source="F5" target="F4"/>
  <move id="74" source="F6" target="F5"/>
  <move id="75" source="F4" target="E4"/>
  <move id="76" source="F5" target="E5"/>
  <move id="77" source="E4" target="F4"/>
  <move id="78" source="E6" target="F6"/>
  <move id="79" source="I3" target="H3"/>
  <move id="80" source="F6" target="F5"/>
  <move id="81" source="I1" target="I2"/>
  <move id="82" source="F5" target="F4"/>
  <move id="83" source="I2" target="I3"/>
  <move id="84" source="F8" target="F4"/>
  <move id="85" source="F3" target="F4"/>
  <move id="86" source="G8" target="F8"/>
  <move id="87" source="F2" target="F3"/>
  <move id="88" source="F8" target="F7"/>
  <move id="89" source="F3" target="E3"/>
  <move id="90" source="F7" target="F6"/>
  <move id="91" source="E3" target="E4"/>
  <move id="92" source="E5" target="F5"/>
  <move id="93" source="F4" target="F3"/>
  <move id="94" source="F6" target="E6"/>
  <move id="95" source="E4" target="F4"/>
  <move id="96" source="F5" target="F4"/>
  <move id="97" source="G4" target="F4"/>
  <move id="98" source="E6" target="F6"/>
  <move id="99" source="F4" target="F5"/>
  <move id="100" source="F6" target="F5"/>
  <move id="101" source="K5" target="K4"/>
  <move id="102" source="F5" target="E5"/>
  <move id="103" source="F3" target="F4"/>
  <move id="104" source="G7" target="F7"/>
  <move id="105" source="D3" target="E3"/>
  <move id="106" source="F7" target="F6"/>
  <move id="107" source="E3" target="E5"/>
  <move id="108" source="F6" target="F5"/>
  <move id="109" source="F4" target="E4"/>
  <move id="110" source="F5" target="F4"/>
  <move id="111" source="K7" target="K6"/>
  <move id="112" source="F4" target="F3"/>
  <move id="113" source="K6" target="I6"/>
  <move id="114" source="F3" target="F2"/>
  <move id="115" source="I3" target="I4"/>
  <move id="116" source="F2" target="E2"/>
  <move id="117" source="I4" target="I5"/>
  <move id="118" source="E2" target="E1"/>
  <move id="119" source="I5" target="K5"/>
  <move id="120" source="E1" target="D1"/>
  <player id="1">Player 1</player>
  <player id="2">Player 2</player>
  <result type="3" winner="1"/>
 </game>
</stratego>