<?xml version="1.0" encoding="UTF-8"?>
<stratego>
 <game type="classic">
  
  <field content="FEGEDDHMGLBGEBFHIBEKBHFGDJJIEBFHDDIDDBDCAA__AA__AAAA__AA__AAYNPRPTWSQPQTSPNUVNOPPSTPQRNXNTRRSQQUPVUN"/>
  <move id="1" source="F4" target="F7"/>
  <move id="2" source="E7" target="E4"/>
  <move id="3" source="I4" target="I7"/>
  <move id="4" source="K7" target="K4"/>
  <move id="5" source="E4" target="E5"/>
  <move id="6" source="F7" target="E7"/>
  <move id="7" source="E5" target="F5"/>
  <move id="8" source="G7" target="F7"/>
  <move id="9" source="E3" target="E7"/>
  <move id="10" source="F7" target="F6"/>
  <move id="11" source="F5" target="F6"/>
  <move id="12" source="K4" target="K3"/>
  <move id="13" source="B4" target="B5"/>
  <move id="14" source="I7" target="I6"/>
  <move id="15" source="A4" target="A5"/>
  <move id="16" source="I6" target="K6"/>
  <move id="17" source="A5" target="A6"/>
  <move id="18" source="K6" target="K5"/>
  <move id="19" source="B5" target="B6"/>
  <move id="20" source="K5" target="K4"/>
  <move id="21" source="A6" target="A7"/>
  <player id="1">Player 1</player>
  <player id="2">Player 2</player>
  <result type="1" winner="1"/>
 </game>
</stratego>