<?xml version="1.0" encoding="UTF-8"?>
<stratego>
 <game type="classic">
  
  <field content="BEFBBEMBGEIHBEJHJBHDGDKCDFELDFDFHIGDDIGDAA__AA__AAAA__AA__AANPTPPPPUPPRNVUXVOWUNNTSPTNSQSTYNSQRQRQRQ"/>
  <move id="1" source="E4" target="E5"/>
  <move id="2" source="F7" target="F4"/>
  <move id="3" source="E3" target="E4"/>
  <move id="4" source="E7" target="E5"/>
  <move id="5" source="F3" target="E3"/>
  <move id="6" source="F8" target="F7"/>
  <move id="7" source="E4" target="F4"/>
  <move id="8" source="E8" target="E7"/>
  <move id="9" source="E3" target="F3"/>
  <move id="10" source="G8" target="F8"/>
  <move id="11" source="E5" target="E4"/>
  <move id="12" source="F7" target="F6"/>
  <move id="13" source="F4" target="F6"/>
  <move id="14" source="E7" target="E6"/>
  <move id="15" source="F3" target="E3"/>
  <move id="16" source="F8" target="F7"/>
  <move id="17" source="G3" target="F3"/>
  <move id="18" source="I7" target="I4"/>
  <move id="19" source="E4" target="F4"/>
  <move id="20" source="H7" target="I7"/>
  <move id="21" source="E3" target="E4"/>
  <move id="22" source="E6" target="E5"/>
  <move id="23" source="B4" target="B5"/>
  <move id="24" source="E5" target="E6"/>
  <move id="25" source="A4" target="A7"/>
  <move id="26" source="D7" target="E7"/>
  <move id="27" source="B5" target="A5"/>
  <move id="28" source="E7" target="E8"/>
  <move id="29" source="B3" target="B7"/>
  <move id="30" source="C7" target="B7"/>
  <move id="31" source="A5" target="B5"/>
  <move id="32" source="E6" target="E7"/>
  <move id="33" source="K4" target="K7"/>
  <move id="34" source="E7" target="D7"/>
  <move id="35" source="I4" target="I5"/>
  <move id="36" source="E8" target="E4"/>
  <move id="37" source="I3" target="I4"/>
  <move id="38" source="D7" target="C7"/>
  <move id="39" source="E4" target="E3"/>
  <move id="40" source="C7" target="D7"/>
  <move id="41" source="F4" target="E4"/>
  <move id="42" source="D7" target="E7"/>
  <move id="43" source="F3" target="F4"/>
  <move id="44" source="E7" target="E6"/>
  <move id="45" source="H3" target="G3"/>
  <move id="46" source="E6" target="E5"/>
  <move id="47" source="G3" target="F3"/>
  <move id="48" source="E5" target="E6"/>
  <move id="49" source="F3" target="G3"/>
  <move id="50" source="H8" target="H7"/>
  <move id="51" source="E3" target="F3"/>
  <move id="52" source="I8" target="H8"/>
  <move id="53" source="E4" target="E3"/>
  <move id="54" source="H8" target="G8"/>
  <move id="55" source="F4" target="E4"/>
  <move id="56" source="H7" target="H8"/>
  <move id="57" source="G4" target="F4"/>
  <move id="58" source="I7" target="I8"/>
  <move id="59" source="G3" target="G4"/>
  <move id="60" source="G8" target="F8"/>
  <move id="61" source="F3" target="G3"/>
  <move id="62" source="F8" target="E8"/>
  <move id="63" source="E3" target="F3"/>
  <move id="64" source="G7" target="G8"/>
  <move id="65" source="E4" target="E3"/>
  <move id="66" source="G8" target="F8"/>
  <move id="67" source="F4" target="E4"/>
  <move id="68" source="F6" target="F5"/>
  <move id="69" source="E4" target="E6"/>
  <move id="70" source="F7" target="F6"/>
  <move id="71" source="B5" target="B6"/>
  <move id="72" source="B7" target="C7"/>
  <move id="73" source="B6" target="B7"/>
  <move id="74" source="C7" target="D7"/>
  <move id="75" source="B7" target="C7"/>
  <move id="76" source="D7" target="E7"/>
  <move id="77" source="C7" target="D7"/>
  <move id="78" source="E7" target="F7"/>
  <move id="79" source="C4" target="B4"/>
  <move id="80" source="E6" target="E7"/>
  <move id="81" source="D7" target="C7"/>
  <move id="82" source="E7" target="D7"/>
  <move id="83" source="D4" target="C4"/>
  <move id="84" source="D7" target="C7"/>
  <move id="85" source="D3" target="D4"/>
  <move id="86" source="C7" target="D7"/>
  <move id="87" source="E3" target="E4"/>
  <move id="88" source="D7" target="E7"/>
  <move id="89" source="E4" target="E5"/>
  <move id="90" source="E7" target="E6"/>
  <move id="91" source="E5" target="E4"/>
  <move id="92" source="E6" target="E5"/>
  <move id="93" source="G4" target="F4"/>
  <move id="94" source="F7" target="G7"/>
  <move id="95" source="B4" target="B5"/>
  <move id="96" source="G7" target="G8"/>
  <move id="97" source="B5" target="B6"/>
  <move id="98" source="F8" target="F7"/>
  <move id="99" source="G3" target="H3"/>
  <move id="100" source="F7" target="F8"/>
  <move id="101" source="F3" target="G3"/>
  <move id="102" source="F8" target="F7"/>
  <move id="103" source="C3" target="D3"/>
  <move id="104" source="F7" target="B7"/>
  <move id="105" source="D3" target="E3"/>
  <move id="106" source="B7" target="B6"/>
  <move id="107" source="E3" target="F3"/>
  <move id="108" source="D8" target="D7"/>
  <move id="109" source="E4" target="E3"/>
  <move id="110" source="D7" target="C7"/>
  <move id="111" source="F4" target="E4"/>
  <move id="112" source="E5" target="E6"/>
  <move id="113" source="F3" target="F4"/>
  <move id="114" source="F6" target="F7"/>
  <move id="115" source="F4" target="F5"/>
  <move id="116" source="E6" target="E5"/>
  <move id="117" source="F5" target="F4"/>
  <move id="118" source="E5" target="F5"/>
  <move id="119" source="F4" target="F3"/>
  <move id="120" source="F5" target="F6"/>
  <move id="121" source="E4" target="E5"/>
  <move id="122" source="C7" target="B7"/>
  <move id="123" source="B6" target="A6"/>
  <move id="124" source="B7" target="B6"/>
  <move id="125" source="A6" target="A5"/>
  <move id="126" source="B6" target="B5"/>
  <move id="127" source="A5" target="A6"/>
  <move id="128" source="C8" target="C7"/>
  <move id="129" source="E3" target="E4"/>
  <move id="130" source="C7" target="B7"/>
  <move id="131" source="F3" target="E3"/>
  <move id="132" source="B7" target="B6"/>
  <move id="133" source="E3" target="D3"/>
  <move id="134" source="B6" target="A6"/>
  <move id="135" source="D3" target="C3"/>
  <move id="136" source="A6" target="B6"/>
  <move id="137" source="C3" target="B3"/>
  <move id="138" source="B6" target="B7"/>
  <move id="139" source="B3" target="B4"/>
  <move id="140" source="B5" target="B6"/>
  <move id="141" source="B4" target="B5"/>
  <move id="142" source="B6" target="A6"/>
  <move id="143" source="B5" target="B6"/>
  <move id="144" source="B7" target="C7"/>
  <move id="145" source="B6" target="A6"/>
  <move id="146" source="C7" target="D7"/>
  <move id="147" source="A6" target="B6"/>
  <move id="148" source="D7" target="E7"/>
  <move id="149" source="B6" target="B7"/>
  <move id="150" source="F6" target="E6"/>
  <move id="151" source="E5" target="F5"/>
  <move id="152" source="E6" target="E5"/>
  <move id="153" source="B7" target="B6"/>
  <move id="154" source="E5" target="F5"/>
  <move id="155" source="B6" target="B5"/>
  <move id="156" source="H8" target="H7"/>
  <move id="157" source="B5" target="B4"/>
  <move id="158" source="F7" target="F8"/>
  <move id="159" source="B4" target="B3"/>
  <move id="160" source="H7" target="G7"/>
  <move id="161" source="B3" target="C3"/>
  <move id="162" source="G7" target="F7"/>
  <move id="163" source="C3" target="D3"/>
  <move id="164" source="F7" target="F6"/>
  <move id="165" source="D3" target="E3"/>
  <move id="166" source="F6" target="F5"/>
  <move id="167" source="E3" target="F3"/>
  <move id="168" source="F5" target="E5"/>
  <move id="169" source="F3" target="F4"/>
  <move id="170" source="E5" target="E4"/>
  <move id="171" source="F4" target="E4"/>
  <move id="172" source="E7" target="E6"/>
  <move id="173" source="E2" target="E3"/>
  <move id="174" source="E6" target="E5"/>
  <move id="175" source="E3" target="E4"/>
  <move id="176" source="E5" target="F5"/>
  <move id="177" source="I4" target="I3"/>
  <move id="178" source="E8" target="D8"/>
  <move id="179" source="G3" target="F3"/>
  <move id="180" source="D8" target="C8"/>
  <move id="181" source="E4" target="F4"/>
  <move id="182" source="F5" target="F4"/>
  <move id="183" source="H4" target="I4"/>
  <move id="184" source="C8" target="C7"/>
  <move id="185" source="I5" target="K5"/>
  <move id="186" source="C7" target="B7"/>
  <move id="187" source="I4" target="I5"/>
  <move id="188" source="B7" target="B6"/>
  <move id="189" source="I5" target="I6"/>
  <move id="190" source="B6" target="B5"/>
  <move id="191" source="I6" target="I7"/>
  <move id="192" source="B5" target="B4"/>
  <move id="193" source="C4" target="B4"/>
  <move id="194" source="I8" target="H8"/>
  <move id="195" source="I7" target="H7"/>
  <move id="196" source="H8" target="I8"/>
  <player id="1">Player 1</player>
  <player id="2">Player 2</player>
  <result type="3" winner="1"/>
 </game>
</stratego>