<?xml version="1.0" encoding="UTF-8"?>
<stratego>
 <game type="classic">
  
  <field content="DBFDGBFDBMGFBGDFDDDBHBHGEEEEEDIIHHLKICJJAA__AA__AAAA__AA__AARNRVSNPRNQTUSXWTSTQUVNPUPNRPYPQNPSTPOPQQ"/>
  <move id="1" source="K4" target="K5"/>
  <move id="2" source="A7" target="A6"/>
  <move id="3" source="I4" target="I5"/>
  <move id="4" source="A6" target="A5"/>
  <move id="5" source="I5" target="I6"/>
  <move id="6" source="A5" target="B5"/>
  <move id="7" source="I6" target="K6"/>
  <move id="8" source="A8" target="A7"/>
  <move id="9" source="K3" target="K4"/>
  <move id="10" source="A7" target="A6"/>
  <move id="11" source="K4" target="I4"/>
  <move id="12" source="A6" target="A5"/>
  <move id="13" source="I4" target="I7"/>
  <move id="14" source="A5" target="A4"/>
  <move id="15" source="B4" target="B5"/>
  <move id="16" source="E7" target="E6"/>
  <move id="17" source="B5" target="B6"/>
  <move id="18" source="E6" target="E5"/>
  <move id="19" source="B6" target="B7"/>
  <move id="20" source="E5" target="E4"/>
  <move id="21" source="A4" target="A5"/>
  <move id="22" source="K7" target="K6"/>
  <move id="23" source="K6" target="K7"/>
  <move id="24" source="A9" target="A8"/>
  <move id="25" source="A5" target="A6"/>
  <move id="26" source="A8" target="A7"/>
  <move id="27" source="A6" target="A5"/>
  <move id="28" source="A7" target="A6"/>
  <move id="29" source="A5" target="A4"/>
  <move id="30" source="E8" target="E7"/>
  <move id="31" source="I3" target="I4"/>
  <move id="32" source="D8" target="E8"/>
  <move id="33" source="I4" target="I5"/>
  <move id="34" source="D7" target="D8"/>
  <move id="35" source="I5" target="I6"/>
  <move id="36" source="E7" target="D7"/>
  <move id="37" source="I6" target="I7"/>
  <move id="38" source="H7" target="I7"/>
  <move id="39" source="K7" target="I7"/>
  <move id="40" source="E8" target="E7"/>
  <move id="41" source="I2" target="I6"/>
  <move id="42" source="E7" target="E6"/>
  <move id="43" source="I6" target="K6"/>
  <move id="44" source="E6" target="E5"/>
  <move id="45" source="K6" target="K8"/>
  <move id="46" source="E5" target="E4"/>
  <move id="47" source="I7" target="K7"/>
  <move id="48" source="D7" target="E7"/>
  <move id="49" source="K7" target="K8"/>
  <move id="50" source="E7" target="E6"/>
  <move id="51" source="H3" target="I3"/>
  <move id="52" source="E6" target="E5"/>
  <move id="53" source="I3" target="K3"/>
  <move id="54" source="E5" target="E4"/>
  <move id="55" source="G3" target="H3"/>
  <move id="56" source="A6" target="A5"/>
  <move id="57" source="H3" target="I3"/>
  <move id="58" source="A5" target="A4"/>
  <move id="59" source="I3" target="I4"/>
  <move id="60" source="A4" target="A3"/>
  <move id="61" source="K5" target="K6"/>
  <move id="62" source="E4" target="E3"/>
  <move id="63" source="F3" target="G3"/>
  <move id="64" source="E3" target="F3"/>
  <move id="65" source="F4" target="F3"/>
  <move id="66" source="D8" target="E8"/>
  <move id="67" source="I4" target="I5"/>
  <move id="68" source="E8" target="E7"/>
  <move id="69" source="I5" target="I6"/>
  <move id="70" source="E7" target="E6"/>
  <move id="71" source="H4" target="I4"/>
  <move id="72" source="E6" target="E5"/>
  <move id="73" source="I4" target="I5"/>
  <move id="74" source="E5" target="E4"/>
  <move id="75" source="I6" target="I7"/>
  <move id="76" source="E4" target="F4"/>
  <move id="77" source="I7" target="K7"/>
  <move id="78" source="E9" target="E2"/>
  <move id="79" source="I5" target="I6"/>
  <move id="80" source="A3" target="A2"/>
  <move id="81" source="G4" target="F4"/>
  <move id="82" source="F4" target="G4"/>
  <move id="83" source="I6" target="I7"/>
  <move id="84" source="G4" target="H4"/>
  <move id="85" source="I7" target="I8"/>
  <move id="86" source="H4" target="I4"/>
  <move id="87" source="K8" target="I8"/>
  <move id="88" source="I4" target="I5"/>
  <move id="89" source="K7" target="K8"/>
  <move id="90" source="I5" target="I6"/>
  <move id="91" source="K6" target="K7"/>
  <move id="92" source="I6" target="I7"/>
  <move id="93" source="K7" target="I7"/>
  <move id="94" source="H8" target="I8"/>
  <move id="95" source="K8" target="K9"/>
  <move id="96" source="K:" target="K9"/>
  <move id="97" source="K3" target="K4"/>
  <move id="98" source="A2" target="A3"/>
  <move id="99" source="G3" target="H3"/>
  <move id="100" source="A3" target="A4"/>
  <move id="101" source="H3" target="I3"/>
  <move id="102" source="A4" target="B4"/>
  <move id="103" source="I3" target="I4"/>
  <move id="104" source="A:" target="A9"/>
  <move id="105" source="I4" target="I5"/>
  <move id="106" source="A9" target="A8"/>
  <move id="107" source="I5" target="I6"/>
  <move id="108" source="A8" target="A7"/>
  <move id="109" source="I6" target="I7"/>
  <move id="110" source="A7" target="A6"/>
  <move id="111" source="I7" target="H7"/>
  <move id="112" source="A6" target="A5"/>
  <move id="113" source="H7" target="H8"/>
  <move id="114" source="A5" target="A4"/>
  <move id="115" source="K4" target="K5"/>
  <move id="116" source="A4" target="A3"/>
  <move id="117" source="K5" target="K6"/>
  <move id="118" source="A3" target="A2"/>
  <move id="119" source="K6" target="K7"/>
  <move id="120" source="A2" target="B2"/>
  <move id="121" source="K7" target="K8"/>
  <move id="122" source="B4" target="A4"/>
  <move id="123" source="K8" target="K9"/>
  <move id="124" source="A4" target="A3"/>
  <move id="125" source="H2" target="I2"/>
  <move id="126" source="A3" target="A2"/>
  <move id="127" source="I2" target="I7"/>
  <move id="128" source="A2" target="B2"/>
  <move id="129" source="K9" target="K8"/>
  <move id="130" source="B2" target="C2"/>
  <move id="131" source="I7" target="K7"/>
  <move id="132" source="B8" target="A8"/>
  <move id="133" source="K8" target="K9"/>
  <move id="134" source="A8" target="A7"/>
  <move id="135" source="K9" target="K:"/>
  <move id="136" source="A7" target="A6"/>
  <move id="137" source="K7" target="K9"/>
  <move id="138" source="A6" target="A5"/>
  <move id="139" source="K9" target="I9"/>
  <player id="1">Player 1</player>
  <player id="2">Player 2</player>
  <result type="1" winner="1"/>
 </game>
</stratego>