<?xml version="1.0" encoding="UTF-8"?>
<stratego>
 <game type="classic">
  
  <field content="BBBEHEBMBEFEJLDDDGHIBDHCIDJEGKFGIDGFHDDFAA__AA__AAAA__AA__AANNRSXWPNSPUTPVTOVQTSNQPRPPRNUTYNQPUQPSRQ"/>
  <move id="1" source="E4" target="E5"/>
  <move id="2" source="I7" target="I6"/>
  <move id="3" source="E5" target="E6"/>
  <move id="4" source="I6" target="I5"/>
  <move id="5" source="F4" target="F5"/>
  <move id="6" source="K7" target="K6"/>
  <move id="7" source="F5" target="F6"/>
  <move id="8" source="K6" target="K5"/>
  <move id="9" source="I4" target="I5"/>
  <move id="10" source="K5" target="K4"/>
  <move id="11" source="D4" target="E4"/>
  <move id="12" source="I5" target="K5"/>
  <move id="13" source="K4" target="I4"/>
  <move id="14" source="K5" target="I5"/>
  <move id="15" source="I4" target="K4"/>
  <move id="16" source="K8" target="K7"/>
  <move id="17" source="E4" target="E5"/>
  <move id="18" source="K7" target="K6"/>
  <move id="19" source="B4" target="B5"/>
  <move id="20" source="K6" target="K5"/>
  <move id="21" source="B5" target="B6"/>
  <move id="22" source="K5" target="K4"/>
  <move id="23" source="K3" target="K4"/>
  <move id="24" source="I8" target="I7"/>
  <move id="25" source="I3" target="K3"/>
  <move id="26" source="I5" target="I6"/>
  <move id="27" source="K4" target="K5"/>
  <move id="28" source="F7" target="F6"/>
  <move id="29" source="E6" target="E7"/>
  <move id="30" source="F6" target="F7"/>
  <move id="31" source="K5" target="I5"/>
  <move id="32" source="F7" target="F6"/>
  <move id="33" source="I5" target="I6"/>
  <move id="34" source="I7" target="K7"/>
  <move id="35" source="I6" target="K6"/>
  <move id="36" source="K7" target="I7"/>
  <move id="37" source="K6" target="I6"/>
  <move id="38" source="I7" target="K7"/>
  <move id="39" source="I6" target="K6"/>
  <move id="40" source="K7" target="I7"/>
  <move id="41" source="K6" target="I6"/>
  <move id="42" source="I7" target="K7"/>
  <move id="43" source="I6" target="K6"/>
  <move id="44" source="K7" target="K8"/>
  <move id="45" source="K6" target="K7"/>
  <move id="46" source="K8" target="I8"/>
  <move id="47" source="K7" target="I7"/>
  <move id="48" source="F8" target="F7"/>
  <move id="49" source="I7" target="I8"/>
  <move id="50" source="E8" target="F8"/>
  <move id="51" source="H4" target="I4"/>
  <move id="52" source="E7" target="E8"/>
  <move id="53" source="I4" target="I7"/>
  <move id="54" source="F7" target="E7"/>
  <move id="55" source="I7" target="H7"/>
  <move id="56" source="F6" target="E6"/>
  <move id="57" source="E5" target="F5"/>
  <move id="58" source="F8" target="F7"/>
  <move id="59" source="G4" target="F4"/>
  <move id="60" source="F7" target="F6"/>
  <move id="61" source="D3" target="D4"/>
  <move id="62" source="G8" target="F8"/>
  <move id="63" source="D2" target="D3"/>
  <move id="64" source="F8" target="F7"/>
  <move id="65" source="E3" target="E4"/>
  <move id="66" source="E8" target="F8"/>
  <move id="67" source="D3" target="E3"/>
  <move id="68" source="F8" target="G8"/>
  <move id="69" source="H3" target="H4"/>
  <move id="70" source="H8" target="I8"/>
  <move id="71" source="I8" target="K8"/>
  <move id="72" source="G8" target="H8"/>
  <move id="73" source="K8" target="K7"/>
  <move id="74" source="H8" target="I8"/>
  <move id="75" source="F4" target="G4"/>
  <move id="76" source="F6" target="F5"/>
  <move id="77" source="E4" target="F4"/>
  <move id="78" source="F5" target="F6"/>
  <move id="79" source="E3" target="E4"/>
  <move id="80" source="I8" target="I7"/>
  <move id="81" source="K7" target="K8"/>
  <move id="82" source="I9" target="I8"/>
  <move id="83" source="E4" target="E5"/>
  <move id="84" source="I8" target="H8"/>
  <move id="85" source="F4" target="F5"/>
  <move id="86" source="H8" target="G8"/>
  <move id="87" source="E5" target="E6"/>
  <move id="88" source="E7" target="E6"/>
  <move id="89" source="F5" target="F6"/>
  <move id="90" source="F7" target="F6"/>
  <move id="91" source="F3" target="E3"/>
  <move id="92" source="G8" target="F8"/>
  <move id="93" source="G3" target="F3"/>
  <move id="94" source="F6" target="F7"/>
  <move id="95" source="H4" target="I4"/>
  <move id="96" source="D8" target="E8"/>
  <move id="97" source="I4" target="I5"/>
  <move id="98" source="D7" target="D8"/>
  <move id="99" source="I5" target="I6"/>
  <move id="100" source="I7" target="I6"/>
  <move id="101" source="K8" target="I8"/>
  <move id="102" source="F7" target="F6"/>
  <move id="103" source="I8" target="H8"/>
  <move id="104" source="F6" target="F5"/>
  <move id="105" source="H8" target="G8"/>
  <move id="106" source="E6" target="E5"/>
  <move id="107" source="G8" target="F8"/>
  <move id="108" source="F5" target="F4"/>
  <move id="109" source="F3" target="F4"/>
  <move id="110" source="E8" target="E7"/>
  <move id="111" source="F8" target="F7"/>
  <move id="112" source="E7" target="E8"/>
  <move id="113" source="F7" target="F8"/>
  <move id="114" source="E8" target="E7"/>
  <move id="115" source="F8" target="F7"/>
  <move id="116" source="E7" target="E8"/>
  <move id="117" source="F7" target="F8"/>
  <move id="118" source="E8" target="E7"/>
  <move id="119" source="F8" target="F7"/>
  <move id="120" source="E7" target="E6"/>
  <move id="121" source="F7" target="F6"/>
  <move id="122" source="E6" target="E7"/>
  <move id="123" source="F6" target="E6"/>
  <move id="124" source="E7" target="F7"/>
  <move id="125" source="E6" target="E5"/>
  <move id="126" source="F7" target="F8"/>
  <move id="127" source="E5" target="F5"/>
  <move id="128" source="F8" target="G8"/>
  <move id="129" source="F5" target="F6"/>
  <move id="130" source="G8" target="H8"/>
  <move id="131" source="F6" target="F7"/>
  <move id="132" source="H8" target="I8"/>
  <move id="133" source="F7" target="F8"/>
  <move id="134" source="I8" target="K8"/>
  <move id="135" source="E3" target="E9"/>
  <move id="136" source="I6" target="I7"/>
  <move id="137" source="E2" target="E9"/>
  <move id="138" source="F9" target="E9"/>
  <move id="139" source="F2" target="E2"/>
  <move id="140" source="I7" target="I8"/>
  <move id="141" source="E2" target="E:"/>
  <move id="142" source="I8" target="H8"/>
  <move id="143" source="F8" target="E8"/>
  <move id="144" source="H8" target="G8"/>
  <move id="145" source="E8" target="E9"/>
  <move id="146" source="G8" target="F8"/>
  <move id="147" source="E9" target="E:"/>
  <move id="148" source="F8" target="F9"/>
  <move id="149" source="C2" target="D2"/>
  <move id="150" source="D8" target="E8"/>
  <move id="151" source="D2" target="E2"/>
  <move id="152" source="E8" target="F8"/>
  <move id="153" source="E2" target="F2"/>
  <move id="154" source="K8" target="K7"/>
  <move id="155" source="F2" target="F3"/>
  <move id="156" source="K7" target="K6"/>
  <move id="157" source="F3" target="G3"/>
  <move id="158" source="K6" target="K5"/>
  <move id="159" source="G3" target="H3"/>
  <move id="160" source="K5" target="I5"/>
  <move id="161" source="H3" target="I3"/>
  <move id="162" source="I5" target="I4"/>
  <move id="163" source="I3" target="I4"/>
  <move id="164" source="C8" target="D8"/>
  <move id="165" source="D4" target="D3"/>
  <move id="166" source="D8" target="D7"/>
  <move id="167" source="C4" target="D4"/>
  <move id="168" source="B8" target="C8"/>
  <move id="169" source="B6" target="A6"/>
  <move id="170" source="C8" target="D8"/>
  <move id="171" source="K3" target="I3"/>
  <move id="172" source="G9" target="G8"/>
  <move id="173" source="K2" target="K3"/>
  <move id="174" source="G8" target="H8"/>
  <move id="175" source="K3" target="K4"/>
  <move id="176" source="G:" target="G9"/>
  <move id="177" source="K4" target="I4"/>
  <move id="178" source="D8" target="E8"/>
  <move id="179" source="I4" target="I5"/>
  <move id="180" source="E8" target="E7"/>
  <move id="181" source="I5" target="I6"/>
  <move id="182" source="A8" target="B8"/>
  <move id="183" source="I6" target="I7"/>
  <move id="184" source="B8" target="C8"/>
  <move id="185" source="I7" target="I8"/>
  <move id="186" source="H8" target="G8"/>
  <move id="187" source="K1" target="K2"/>
  <move id="188" source="F8" target="F7"/>
  <move id="189" source="K2" target="K3"/>
  <move id="190" source="E7" target="E6"/>
  <move id="191" source="K3" target="K4"/>
  <move id="192" source="E6" target="E5"/>
  <move id="193" source="K4" target="K5"/>
  <move id="194" source="E5" target="E6"/>
  <move id="195" source="K5" target="K6"/>
  <move id="196" source="E6" target="E7"/>
  <move id="197" source="K6" target="K7"/>
  <move id="198" source="E7" target="E8"/>
  <move id="199" source="K7" target="K8"/>
  <move id="200" source="E8" target="F8"/>
  <move id="201" source="I8" target="I9"/>
  <move id="202" source="C8" target="D8"/>
  <move id="203" source="K8" target="K9"/>
  <move id="204" source="K9" target="K8"/>
  <move id="205" source="G4" target="H4"/>
  <move id="206" source="K8" target="K7"/>
  <move id="207" source="H4" target="I4"/>
  <move id="208" source="I:" target="I9"/>
  <move id="209" source="D4" target="E4"/>
  <move id="210" source="D8" target="E8"/>
  <move id="211" source="E4" target="F4"/>
  <move id="212" source="D7" target="E7"/>
  <move id="213" source="F4" target="G4"/>
  <move id="214" source="E7" target="E4"/>
  <move id="215" source="G4" target="H4"/>
  <move id="216" source="E4" target="H4"/>
  <move id="217" source="I3" target="H3"/>
  <move id="218" source="F9" target="E9"/>
  <move id="219" source="E:" target="F:"/>
  <move id="220" source="E9" target="F9"/>
  <move id="221" source="F:" target="G:"/>
  <move id="222" source="F9" target="F:"/>
  <move id="223" source="G:" target="G9"/>
  <move id="224" source="F:" target="F9"/>
  <move id="225" source="G9" target="G:"/>
  <move id="226" source="E8" target="D8"/>
  <move id="227" source="I4" target="I3"/>
  <move id="228" source="F8" target="E8"/>
  <move id="229" source="H4" target="I4"/>
  <move id="230" source="E8" target="E7"/>
  <move id="231" source="I4" target="K4"/>
  <move id="232" source="G8" target="F8"/>
  <move id="233" source="K4" target="K5"/>
  <move id="234" source="F9" target="G9"/>
  <move id="235" source="G:" target="F:"/>
  <move id="236" source="G9" target="F9"/>
  <move id="237" source="F:" target="G:"/>
  <move id="238" source="F9" target="F:"/>
  <move id="239" source="G:" target="G9"/>
  <move id="240" source="F:" target="F9"/>
  <move id="241" source="G9" target="G8"/>
  <move id="242" source="F8" target="E8"/>
  <move id="243" source="G8" target="G7"/>
  <move id="244" source="F9" target="F8"/>
  <move id="245" source="I9" target="I8"/>
  <move id="246" source="F7" target="F6"/>
  <move id="247" source="K5" target="K6"/>
  <move id="248" source="E7" target="E6"/>
  <move id="249" source="K6" target="K7"/>
  <move id="250" source="E6" target="E5"/>
  <move id="251" source="K7" target="K6"/>
  <move id="252" source="E5" target="E4"/>
  <move id="253" source="K6" target="K5"/>
  <move id="254" source="E4" target="E3"/>
  <move id="255" source="K5" target="K4"/>
  <move id="256" source="E3" target="E2"/>
  <move id="257" source="K4" target="I4"/>
  <move id="258" source="E2" target="E1"/>
  <move id="259" source="I4" target="H4"/>
  <move id="260" source="D8" target="D7"/>
  <move id="261" source="H4" target="G4"/>
  <move id="262" source="D7" target="E7"/>
  <move id="263" source="G4" target="F4"/>
  <move id="264" source="E7" target="E6"/>
  <move id="265" source="H3" target="H4"/>
  <move id="266" source="F6" target="F7"/>
  <move id="267" source="I3" target="H3"/>
  <move id="268" source="F7" target="E7"/>
  <move id="269" source="H3" target="G3"/>
  <move id="270" source="E7" target="D7"/>
  <move id="271" source="G3" target="F3"/>
  <move id="272" source="D7" target="D8"/>
  <move id="273" source="F3" target="E3"/>
  <move id="274" source="D8" target="C8"/>
  <move id="275" source="F4" target="E4"/>
  <move id="276" source="C8" target="B8"/>
  <move id="277" source="E4" target="E5"/>
  <move id="278" source="B8" target="A8"/>
  <move id="279" source="E5" target="E6"/>
  <move id="280" source="B9" target="B8"/>
  <move id="281" source="C3" target="C4"/>
  <move id="282" source="B8" target="C8"/>
  <move id="283" source="C4" target="B4"/>
  <move id="284" source="C8" target="D8"/>
  <move id="285" source="B4" target="B5"/>
  <move id="286" source="D8" target="D7"/>
  <move id="287" source="B5" target="B6"/>
  <move id="288" source="D7" target="E7"/>
  <move id="289" source="B6" target="B7"/>
  <move id="290" source="C7" target="D7"/>
  <move id="291" source="G2" target="G3"/>
  <move id="292" source="E7" target="E6"/>
  <move id="293" source="E3" target="E4"/>
  <move id="294" source="E6" target="E7"/>
  <move id="295" source="E4" target="E5"/>
  <move id="296" source="E7" target="F7"/>
  <move id="297" source="E5" target="E6"/>
  <move id="298" source="E8" target="D8"/>
  <move id="299" source="G3" target="K3"/>
  <move id="300" source="D:" target="E:"/>
  <move id="301" source="K3" target="K:"/>
  <move id="302" source="D7" target="E7"/>
  <move id="303" source="H4" target="I4"/>
  <move id="304" source="E7" target="E6"/>
  <move id="305" source="I4" target="K4"/>
  <move id="306" source="F7" target="F6"/>
  <move id="307" source="E6" target="E5"/>
  <move id="308" source="F6" target="F5"/>
  <move id="309" source="E5" target="E4"/>
  <move id="310" source="F5" target="F4"/>
  <move id="311" source="E4" target="F4"/>
  <move id="312" source="E:" target="E2"/>
  <move id="313" source="K4" target="K5"/>
  <move id="314" source="E2" target="H2"/>
  <move id="315" source="K5" target="K6"/>
  <move id="316" source="C:" target="D:"/>
  <move id="317" source="K6" target="K7"/>
  <move id="318" source="D:" target="E:"/>
  <move id="319" source="K7" target="K8"/>
  <move id="320" source="C9" target="C7"/>
  <move id="321" source="B3" target="B4"/>
  <move id="322" source="C7" target="E7"/>
  <move id="323" source="B4" target="E4"/>
  <move id="324" source="E:" target="E9"/>
  <move id="325" source="E4" target="E7"/>
  <move id="326" source="E9" target="E8"/>
  <move id="327" source="K8" target="K9"/>
  <move id="328" source="E8" target="E7"/>
  <move id="329" source="K9" target="K:"/>
  <move id="330" source="E7" target="E6"/>
  <move id="331" source="K:" target="I:"/>
  <move id="332" source="F8" target="F7"/>
  <move id="333" source="G7" target="G8"/>
  <move id="334" source="F7" target="F6"/>
  <move id="335" source="F4" target="E4"/>
  <move id="336" source="F6" target="F5"/>
  <move id="337" source="D3" target="E3"/>
  <move id="338" source="F5" target="E5"/>
  <move id="339" source="E4" target="F4"/>
  <move id="340" source="E5" target="F5"/>
  <move id="341" source="F4" target="E4"/>
  <move id="342" source="E6" target="F6"/>
  <move id="343" source="I2" target="I3"/>
  <move id="344" source="D8" target="E8"/>
  <move id="345" source="G8" target="F8"/>
  <move id="346" source="E8" target="E7"/>
  <move id="347" source="B2" target="B3"/>
  <move id="348" source="E7" target="E6"/>
  <move id="349" source="B3" target="B4"/>
  <move id="350" source="E6" target="E5"/>
  <move id="351" source="B4" target="B5"/>
  <move id="352" source="F5" target="F4"/>
  <move id="353" source="E4" target="E5"/>
  <move id="354" source="D9" target="D8"/>
  <move id="355" source="F8" target="E8"/>
  <move id="356" source="D8" target="D7"/>
  <move id="357" source="I8" target="H8"/>
  <move id="358" source="F4" target="E4"/>
  <move id="359" source="E3" target="E4"/>
  <player id="1">Player 1</player>
  <player id="2">Player 2</player>
  <result type="3" winner="1"/>
 </game>
</stratego>