<?xml version="1.0" encoding="UTF-8"?>
<stratego>
 <game type="classic">
  
  <field content="EBMBFBEEDDDJBHBFGDDDDKIFGFHILJGICBHGEEHDAA__AA__AAAA__AA__AASPTRSVNVPPUPNQPNYNUWQTRTXQNQPOPRQSNRUSTP"/>
  <move id="1" source="I4" target="I5"/>
  <move id="2" source="I7" target="I5"/>
  <move id="3" source="K4" target="K7"/>
  <move id="4" source="I8" target="I7"/>
  <move id="5" source="I3" target="I4"/>
  <move id="6" source="I7" target="I6"/>
  <move id="7" source="I4" target="K4"/>
  <move id="8" source="H7" target="I7"/>
  <move id="9" source="K4" target="K5"/>
  <move id="10" source="I7" target="K7"/>
  <move id="11" source="K3" target="I3"/>
  <move id="12" source="I6" target="I5"/>
  <move id="13" source="K5" target="K6"/>
  <move id="14" source="K7" target="I7"/>
  <move id="15" source="I3" target="I4"/>
  <move id="16" source="I5" target="I6"/>
  <move id="17" source="K6" target="K7"/>
  <move id="18" source="I7" target="I8"/>
  <move id="19" source="I4" target="I5"/>
  <move id="20" source="I6" target="I7"/>
  <move id="21" source="K7" target="K6"/>
  <move id="22" source="I7" target="K7"/>
  <move id="23" source="K6" target="I6"/>
  <move id="24" source="K7" target="I7"/>
  <move id="25" source="K2" target="K8"/>
  <move id="26" source="I7" target="I6"/>
  <move id="27" source="I5" target="I4"/>
  <move id="28" source="E7" target="E6"/>
  <move id="29" source="I4" target="K4"/>
  <move id="30" source="E6" target="E5"/>
  <move id="31" source="I2" target="I3"/>
  <move id="32" source="E5" target="E4"/>
  <move id="33" source="I3" target="I4"/>
  <move id="34" source="F7" target="F6"/>
  <move id="35" source="I4" target="I5"/>
  <move id="36" source="F6" target="F5"/>
  <move id="37" source="I6" target="K6"/>
  <move id="38" source="F5" target="E5"/>
  <move id="39" source="I5" target="I8"/>
  <move id="40" source="I8" target="I7"/>
  <move id="41" source="K6" target="I6"/>
  <move id="42" source="I7" target="K7"/>
  <move id="43" source="K4" target="I4"/>
  <move id="44" source="E5" target="E4"/>
  <move id="45" source="I4" target="I5"/>
  <move id="46" source="E4" target="F4"/>
  <move id="47" source="I6" target="I7"/>
  <move id="48" source="F4" target="F3"/>
  <move id="49" source="I7" target="K7"/>
  <move id="50" source="F3" target="E3"/>
  <move id="51" source="K7" target="I7"/>
  <move id="52" source="E3" target="D3"/>
  <move id="53" source="I7" target="H7"/>
  <move id="54" source="D3" target="C3"/>
  <move id="55" source="B3" target="C3"/>
  <move id="56" source="B7" target="B4"/>
  <move id="57" source="B4" target="B3"/>
  <move id="58" source="A7" target="A6"/>
  <move id="59" source="A4" target="A5"/>
  <move id="60" source="A6" target="A5"/>
  <move id="61" source="B3" target="B4"/>
  <move id="62" source="A8" target="A7"/>
  <move id="63" source="A3" target="A7"/>
  <move id="64" source="A7" target="A6"/>
  <move id="65" source="C3" target="B3"/>
  <move id="66" source="A6" target="A5"/>
  <move id="67" source="B3" target="A3"/>
  <move id="68" source="A5" target="B5"/>
  <move id="69" source="A3" target="A4"/>
  <move id="70" source="B5" target="B4"/>
  <move id="71" source="A2" target="A3"/>
  <move id="72" source="B8" target="A8"/>
  <move id="73" source="A3" target="B3"/>
  <move id="74" source="A8" target="A4"/>
  <move id="75" source="H7" target="I7"/>
  <move id="76" source="E8" target="E2"/>
  <move id="77" source="A4" target="A5"/>
  <move id="78" source="D8" target="E8"/>
  <move id="79" source="A5" target="A6"/>
  <move id="80" source="E8" target="E7"/>
  <move id="81" source="A6" target="B6"/>
  <move id="82" source="E7" target="E6"/>
  <move id="83" source="I5" target="I6"/>
  <move id="84" source="E6" target="E5"/>
  <move id="85" source="I7" target="K7"/>
  <move id="86" source="K8" target="I8"/>
  <move id="87" source="K1" target="K2"/>
  <move id="88" source="E5" target="E4"/>
  <move id="89" source="K2" target="K3"/>
  <move id="90" source="E4" target="E3"/>
  <move id="91" source="K3" target="K4"/>
  <move id="92" source="E3" target="E2"/>
  <move id="93" source="F2" target="E2"/>
  <move id="94" source="D7" target="E7"/>
  <move id="95" source="K4" target="K5"/>
  <move id="96" source="E7" target="E6"/>
  <move id="97" source="K5" target="K6"/>
  <move id="98" source="E6" target="E5"/>
  <move id="99" source="K7" target="I7"/>
  <move id="100" source="I8" target="K8"/>
  <move id="101" source="I6" target="I5"/>
  <move id="102" source="E5" target="E4"/>
  <move id="103" source="I5" target="I4"/>
  <move id="104" source="E4" target="E3"/>
  <move id="105" source="K6" target="I6"/>
  <move id="106" source="E9" target="E8"/>
  <move id="107" source="I7" target="K7"/>
  <move id="108" source="K8" target="I8"/>
  <move id="109" source="I6" target="I7"/>
  <move id="110" source="E8" target="E7"/>
  <move id="111" source="I7" target="G7"/>
  <move id="112" source="E7" target="F7"/>
  <move id="113" source="I4" target="K4"/>
  <move id="114" source="C7" target="D7"/>
  <move id="115" source="H4" target="I4"/>
  <move id="116" source="D7" target="E7"/>
  <move id="117" source="I4" target="I5"/>
  <move id="118" source="E7" target="E6"/>
  <move id="119" source="I5" target="I6"/>
  <move id="120" source="E6" target="F6"/>
  <move id="121" source="I6" target="I7"/>
  <move id="122" source="F6" target="F5"/>
  <move id="123" source="I7" target="H7"/>
  <move id="124" source="F5" target="F4"/>
  <move id="125" source="H7" target="G7"/>
  <move id="126" source="F7" target="G7"/>
  <move id="127" source="B3" target="B4"/>
  <move id="128" source="G7" target="H7"/>
  <move id="129" source="B2" target="B3"/>
  <move id="130" source="H7" target="I7"/>
  <move id="131" source="K7" target="I7"/>
  <move id="132" source="I8" target="I7"/>
  <move id="133" source="B3" target="C3"/>
  <move id="134" source="I7" target="H7"/>
  <move id="135" source="C3" target="D3"/>
  <move id="136" source="E3" target="E2"/>
  <move id="137" source="D3" target="E3"/>
  <move id="138" source="F4" target="G4"/>
  <move id="139" source="G3" target="F3"/>
  <move id="140" source="G4" target="H4"/>
  <move id="141" source="H3" target="H4"/>
  <move id="142" source="H7" target="G7"/>
  <move id="143" source="B6" target="B7"/>
  <move id="144" source="D9" target="D8"/>
  <move id="145" source="B7" target="C7"/>
  <move id="146" source="D8" target="D7"/>
  <move id="147" source="C7" target="D7"/>
  <move id="148" source="B9" target="B8"/>
  <move id="149" source="D7" target="C7"/>
  <move id="150" source="B8" target="B7"/>
  <move id="151" source="C7" target="B7"/>
  <move id="152" source="K9" target="K8"/>
  <move id="153" source="B7" target="C7"/>
  <move id="154" source="K8" target="K7"/>
  <move id="155" source="C7" target="D7"/>
  <move id="156" source="K7" target="K6"/>
  <move id="157" source="D7" target="E7"/>
  <move id="158" source="G7" target="H7"/>
  <move id="159" source="E7" target="F7"/>
  <move id="160" source="H7" target="I7"/>
  <move id="161" source="F7" target="G7"/>
  <move id="162" source="I7" target="I6"/>
  <move id="163" source="G7" target="H7"/>
  <move id="164" source="I6" target="I5"/>
  <move id="165" source="H4" target="G4"/>
  <move id="166" source="I5" target="I4"/>
  <move id="167" source="K4" target="K5"/>
  <move id="168" source="I4" target="H4"/>
  <move id="169" source="G4" target="F4"/>
  <move id="170" source="H4" target="G4"/>
  <move id="171" source="F4" target="F5"/>
  <move id="172" source="G4" target="F4"/>
  <move id="173" source="F5" target="F6"/>
  <move id="174" source="F4" target="F3"/>
  <move id="175" source="E3" target="D3"/>
  <move id="176" source="F3" target="F4"/>
  <move id="177" source="K5" target="K6"/>
  <move id="178" source="F4" target="F5"/>
  <move id="179" source="F6" target="F7"/>
  <move id="180" source="F5" target="F6"/>
  <move id="181" source="F7" target="E7"/>
  <move id="182" source="F6" target="F7"/>
  <move id="183" source="E7" target="E6"/>
  <move id="184" source="F7" target="E7"/>
  <move id="185" source="E6" target="F6"/>
  <move id="186" source="E7" target="F7"/>
  <move id="187" source="F6" target="F5"/>
  <move id="188" source="F7" target="F6"/>
  <move id="189" source="F5" target="E5"/>
  <move id="190" source="F6" target="E6"/>
  <move id="191" source="E5" target="F5"/>
  <move id="192" source="E6" target="F6"/>
  <move id="193" source="F5" target="E5"/>
  <move id="194" source="F6" target="F5"/>
  <move id="195" source="E5" target="E6"/>
  <move id="196" source="F5" target="F4"/>
  <move id="197" source="E6" target="E7"/>
  <move id="198" source="F4" target="F3"/>
  <move id="199" source="D3" target="C3"/>
  <move id="200" source="F3" target="E3"/>
  <move id="201" source="C3" target="B3"/>
  <move id="202" source="E3" target="D3"/>
  <move id="203" source="B3" target="A3"/>
  <move id="204" source="D3" target="C3"/>
  <move id="205" source="A3" target="A4"/>
  <move id="206" source="C3" target="B3"/>
  <move id="207" source="B4" target="B:"/>
  <move id="208" source="B3" target="B4"/>
  <move id="209" source="A4" target="A5"/>
  <move id="210" source="B4" target="B5"/>
  <move id="211" source="A5" target="A4"/>
  <move id="212" source="B5" target="A5"/>
  <move id="213" source="A4" target="B4"/>
  <move id="214" source="A5" target="A4"/>
  <move id="215" source="B4" target="B3"/>
  <move id="216" source="A4" target="B4"/>
  <move id="217" source="B3" target="C3"/>
  <move id="218" source="B4" target="B3"/>
  <move id="219" source="C3" target="D3"/>
  <move id="220" source="B3" target="C3"/>
  <move id="221" source="D3" target="E3"/>
  <move id="222" source="C3" target="D3"/>
  <move id="223" source="E3" target="F3"/>
  <move id="224" source="D3" target="E3"/>
  <move id="225" source="F3" target="F4"/>
  <move id="226" source="E3" target="F3"/>
  <move id="227" source="F4" target="E4"/>
  <move id="228" source="F3" target="F4"/>
  <move id="229" source="E4" target="E3"/>
  <move id="230" source="F4" target="G4"/>
  <move id="231" source="I1" target="I9"/>
  <move id="232" source="G4" target="H4"/>
  <move id="233" source="K6" target="K7"/>
  <move id="234" source="H4" target="I4"/>
  <move id="235" source="K7" target="K8"/>
  <move id="236" source="I4" target="I5"/>
  <move id="237" source="H7" target="I7"/>
  <move id="238" source="I5" target="I4"/>
  <move id="239" source="E7" target="E8"/>
  <move id="240" source="I4" target="H4"/>
  <move id="241" source="E8" target="F8"/>
  <move id="242" source="H4" target="G4"/>
  <move id="243" source="E3" target="D3"/>
  <move id="244" source="G4" target="F4"/>
  <move id="245" source="D3" target="C3"/>
  <move id="246" source="F4" target="F5"/>
  <move id="247" source="I7" target="H7"/>
  <move id="248" source="F5" target="E5"/>
  <move id="249" source="H7" target="G7"/>
  <move id="250" source="E5" target="E4"/>
  <move id="251" source="C3" target="B3"/>
  <move id="252" source="E4" target="E3"/>
  <move id="253" source="B3" target="B4"/>
  <move id="254" source="E3" target="D3"/>
  <move id="255" source="K8" target="I8"/>
  <move id="256" source="D3" target="C3"/>
  <move id="257" source="B4" target="B5"/>
  <move id="258" source="C3" target="B3"/>
  <move id="259" source="B5" target="B6"/>
  <move id="260" source="B3" target="B4"/>
  <move id="261" source="B6" target="B7"/>
  <move id="262" source="B4" target="B5"/>
  <move id="263" source="B7" target="C7"/>
  <move id="264" source="A9" target="A8"/>
  <move id="265" source="G7" target="F7"/>
  <move id="266" source="A8" target="A7"/>
  <move id="267" source="F7" target="E7"/>
  <move id="268" source="A7" target="A6"/>
  <move id="269" source="C7" target="D7"/>
  <move id="270" source="A6" target="A5"/>
  <move id="271" source="D7" target="D8"/>
  <move id="272" source="A5" target="A4"/>
  <move id="273" source="E7" target="D7"/>
  <move id="274" source="A4" target="B4"/>
  <move id="275" source="D8" target="E8"/>
  <move id="276" source="B4" target="C4"/>
  <move id="277" source="E8" target="E9"/>
  <move id="278" source="C4" target="D4"/>
  <move id="279" source="E9" target="E:"/>
  <move id="280" source="B5" target="B4"/>
  <move id="281" source="I8" target="I9"/>
  <move id="282" source="D4" target="C4"/>
  <move id="283" source="I9" target="H9"/>
  <move id="284" source="B4" target="B3"/>
  <move id="285" source="H9" target="H:"/>
  <move id="286" source="C4" target="C3"/>
  <move id="287" source="H:" target="I:"/>
  <move id="288" source="K:" target="K1"/>
  <move id="289" source="I:" target="H:"/>
  <move id="290" source="K1" target="H1"/>
  <move id="291" source="H:" target="G:"/>
  <move id="292" source="C3" target="C2"/>
  <move id="293" source="D2" target="C2"/>
  <move id="294" source="B3" target="B2"/>
  <move id="295" source="C2" target="C3"/>
  <move id="296" source="B2" target="C2"/>
  <move id="297" source="C3" target="C4"/>
  <move id="298" source="C2" target="C1"/>
  <player id="1">Player 1</player>
  <player id="2">Player 2</player>
  <result type="1" winner="2"/>
 </game>
</stratego>