<?xml version="1.0" encoding="UTF-8"?>
<stratego>
 <game type="classic">
  
  <field content="GDDDGDDGBMFEGFDFEEHBBJEEHKCDHJHBIFBBILDIAA__AA__AAAA__AA__AAPPYNPSWSNNXVTUNUOSRRPQQTUNTTSVPQPPPRNRQQ"/>
  <move id="1" source="I4" target="I7"/>
  <move id="2" source="E7" target="E6"/>
  <move id="3" source="I3" target="I4"/>
  <move id="4" source="F7" target="F6"/>
  <move id="5" source="I4" target="I5"/>
  <move id="6" source="G7" target="F7"/>
  <move id="7" source="I5" target="I6"/>
  <move id="8" source="B7" target="B6"/>
  <move id="9" source="H3" target="I3"/>
  <move id="10" source="B8" target="B7"/>
  <move id="11" source="I3" target="I4"/>
  <move id="12" source="A7" target="A6"/>
  <move id="13" source="I4" target="I5"/>
  <move id="14" source="A8" target="A7"/>
  <move id="15" source="H2" target="H3"/>
  <move id="16" source="A6" target="A5"/>
  <move id="17" source="H3" target="I3"/>
  <move id="18" source="A7" target="A6"/>
  <move id="19" source="I3" target="I4"/>
  <move id="20" source="B6" target="B5"/>
  <move id="21" source="I5" target="K5"/>
  <move id="22" source="B7" target="B6"/>
  <move id="23" source="K5" target="K6"/>
  <move id="24" source="B5" target="B4"/>
  <move id="25" source="I4" target="I5"/>
  <move id="26" source="A5" target="A4"/>
  <move id="27" source="K6" target="K7"/>
  <move id="28" source="B6" target="B5"/>
  <move id="29" source="I5" target="K5"/>
  <move id="30" source="B5" target="A5"/>
  <move id="31" source="K5" target="K6"/>
  <move id="32" source="A5" target="A4"/>
  <move id="33" source="K6" target="K7"/>
  <move id="34" source="K8" target="K7"/>
  <move id="35" source="I6" target="K6"/>
  <move id="36" source="K7" target="K8"/>
  <move id="37" source="K6" target="K7"/>
  <move id="38" source="F6" target="F5"/>
  <move id="39" source="K7" target="K8"/>
  <move id="40" source="K9" target="K8"/>
  <move id="41" source="H4" target="I4"/>
  <move id="42" source="G8" target="G7"/>
  <move id="43" source="I4" target="I5"/>
  <move id="44" source="E6" target="E4"/>
  <move id="45" source="I5" target="I6"/>
  <move id="46" source="F5" target="F4"/>
  <move id="47" source="G2" target="H2"/>
  <move id="48" source="A4" target="A3"/>
  <move id="49" source="I6" target="K6"/>
  <move id="50" source="B9" target="B8"/>
  <move id="51" source="K6" target="K7"/>
  <move id="52" source="B8" target="B7"/>
  <move id="53" source="H2" target="H3"/>
  <move id="54" source="B7" target="B6"/>
  <move id="55" source="H3" target="H4"/>
  <move id="56" source="B6" target="B5"/>
  <move id="57" source="H4" target="I4"/>
  <move id="58" source="K8" target="K7"/>
  <move id="59" source="I4" target="I5"/>
  <move id="60" source="B5" target="B4"/>
  <move id="61" source="C4" target="B4"/>
  <move id="62" source="A6" target="A5"/>
  <move id="63" source="I5" target="I6"/>
  <move id="64" source="A5" target="B5"/>
  <move id="65" source="I6" target="I7"/>
  <move id="66" source="I8" target="I7"/>
  <move id="67" source="K7" target="I7"/>
  <move id="68" source="H8" target="I8"/>
  <move id="69" source="I7" target="I8"/>
  <move id="70" source="H7" target="I7"/>
  <move id="71" source="I8" target="I7"/>
  <move id="72" source="G7" target="G8"/>
  <move id="73" source="G1" target="G2"/>
  <move id="74" source="B5" target="B4"/>
  <move id="75" source="G2" target="H2"/>
  <move id="76" source="A9" target="A3"/>
  <move id="77" source="H2" target="H3"/>
  <move id="78" source="B4" target="A4"/>
  <move id="79" source="D4" target="C4"/>
  <move id="80" source="B:" target="B9"/>
  <move id="81" source="H3" target="H4"/>
  <move id="82" source="B9" target="B8"/>
  <move id="83" source="I7" target="H7"/>
  <move id="84" source="B8" target="B7"/>
  <move id="85" source="H4" target="I4"/>
  <move id="86" source="B7" target="B6"/>
  <move id="87" source="I4" target="I9"/>
  <move id="88" source="B6" target="B5"/>
  <move id="89" source="K4" target="K5"/>
  <move id="90" source="A4" target="B4"/>
  <move id="91" source="K5" target="K6"/>
  <move id="92" source="B4" target="C4"/>
  <move id="93" source="K6" target="K7"/>
  <move id="94" source="B5" target="B4"/>
  <move id="95" source="K7" target="K8"/>
  <move id="96" source="B4" target="B3"/>
  <move id="97" source="K8" target="I8"/>
  <move id="98" source="C4" target="B4"/>
  <move id="99" source="I8" target="I9"/>
  <move id="100" source="B4" target="B3"/>
  <move id="101" source="I9" target="I:"/>
  <move id="102" source="F7" target="G7"/>
  <move id="103" source="H7" target="G7"/>
  <move id="104" source="G8" target="G7"/>
  <move id="105" source="I:" target="I9"/>
  <move id="106" source="B3" target="B4"/>
  <move id="107" source="I9" target="I8"/>
  <move id="108" source="B4" target="B5"/>
  <move id="109" source="G4" target="H4"/>
  <move id="110" source="A:" target="B:"/>
  <move id="111" source="K3" target="K4"/>
  <move id="112" source="B5" target="A5"/>
  <move id="113" source="K4" target="K5"/>
  <move id="114" source="B:" target="B2"/>
  <move id="115" source="K5" target="K6"/>
  <move id="116" source="A5" target="A4"/>
  <move id="117" source="K6" target="I6"/>
  <move id="118" source="C8" target="B8"/>
  <move id="119" source="I6" target="I7"/>
  <move id="120" source="B8" target="B7"/>
  <move id="121" source="I7" target="H7"/>
  <move id="122" source="B7" target="B6"/>
  <move id="123" source="H7" target="G7"/>
  <move id="124" source="B6" target="B5"/>
  <move id="125" source="G3" target="G4"/>
  <move id="126" source="B5" target="B4"/>
  <move id="127" source="F1" target="G1"/>
  <move id="128" source="B4" target="B3"/>
  <move id="129" source="G1" target="G3"/>
  <move id="130" source="B3" target="B2"/>
  <move id="131" source="G3" target="K3"/>
  <move id="132" source="B2" target="B3"/>
  <move id="133" source="K3" target="K:"/>
  <move id="134" source="B3" target="C3"/>
  <move id="135" source="I8" target="K8"/>
  <move id="136" source="C3" target="D3"/>
  <move id="137" source="E3" target="D3"/>
  <move id="138" source="C:" target="B:"/>
  <move id="139" source="K8" target="K9"/>
  <move id="140" source="B:" target="B1"/>
  <move id="141" source="K9" target="K:"/>
  <move id="142" source="D:" target="A:"/>
  <move id="143" source="F3" target="E3"/>
  <move id="144" source="A:" target="B:"/>
  <move id="145" source="E3" target="D3"/>
  <move id="146" source="B:" target="B2"/>
  <move id="147" source="G4" target="G3"/>
  <move id="148" source="B2" target="A2"/>
  <move id="149" source="G3" target="F3"/>
  <move id="150" source="E:" target="B:"/>
  <move id="151" source="F3" target="E3"/>
  <move id="152" source="B:" target="B1"/>
  <move id="153" source="D3" target="C3"/>
  <move id="154" source="B1" target="A1"/>
  <move id="155" source="C3" target="B3"/>
  <move id="156" source="C9" target="B9"/>
  <move id="157" source="E3" target="D3"/>
  <move id="158" source="D9" target="C9"/>
  <move id="159" source="D3" target="C3"/>
  <move id="160" source="C9" target="C8"/>
  <move id="161" source="C3" target="C4"/>
  <move id="162" source="C8" target="B8"/>
  <move id="163" source="B3" target="B4"/>
  <move id="164" source="A4" target="A5"/>
  <move id="165" source="E2" target="E3"/>
  <move id="166" source="B8" target="B7"/>
  <move id="167" source="E3" target="I3"/>
  <move id="168" source="B7" target="B6"/>
  <move id="169" source="I3" target="I:"/>
  <move id="170" source="D8" target="C8"/>
  <move id="171" source="I:" target="H:"/>
  <move id="172" source="C8" target="B8"/>
  <move id="173" source="K:" target="I:"/>
  <move id="174" source="B8" target="B7"/>
  <move id="175" source="I:" target="H:"/>
  <move id="176" source="B6" target="B5"/>
  <move id="177" source="H:" target="G:"/>
  <move id="178" source="B5" target="B4"/>
  <move id="179" source="D2" target="D3"/>
  <move id="180" source="H9" target="I9"/>
  <move id="181" source="G7" target="H7"/>
  <move id="182" source="F8" target="F7"/>
  <move id="183" source="H7" target="I7"/>
  <move id="184" source="F7" target="F6"/>
  <move id="185" source="H4" target="G4"/>
  <move id="186" source="F6" target="F5"/>
  <move id="187" source="I7" target="I8"/>
  <move id="188" source="F5" target="E5"/>
  <move id="189" source="D3" target="D4"/>
  <move id="190" source="E5" target="E4"/>
  <move id="191" source="I8" target="I9"/>
  <move id="192" source="B9" target="B8"/>
  <move id="193" source="I9" target="I8"/>
  <move id="194" source="B8" target="A8"/>
  <move id="195" source="I8" target="H8"/>
  <move id="196" source="A8" target="A7"/>
  <move id="197" source="H8" target="G8"/>
  <move id="198" source="A7" target="A6"/>
  <move id="199" source="D1" target="D3"/>
  <move id="200" source="B7" target="B6"/>
  <move id="201" source="D3" target="I3"/>
  <move id="202" source="A5" target="A4"/>
  <move id="203" source="I3" target="I9"/>
  <move id="204" source="A6" target="A5"/>
  <move id="205" source="I9" target="G9"/>
  <move id="206" source="A4" target="B4"/>
  <move id="207" source="C4" target="B4"/>
  <move id="208" source="B6" target="B5"/>
  <move id="209" source="G8" target="G9"/>
  <move id="210" source="B5" target="B4"/>
  <move id="211" source="G9" target="G8"/>
  <move id="212" source="B4" target="B3"/>
  <move id="213" source="G8" target="G7"/>
  <move id="214" source="B3" target="B2"/>
  <move id="215" source="C2" target="C3"/>
  <move id="216" source="B2" target="A2"/>
  <move id="217" source="C3" target="B3"/>
  <move id="218" source="A2" target="A1"/>
  <move id="219" source="B3" target="B4"/>
  <move id="220" source="A1" target="B1"/>
  <move id="221" source="B4" target="B5"/>
  <move id="222" source="A5" target="A4"/>
  <move id="223" source="B5" target="B6"/>
  <move id="224" source="A4" target="A3"/>
  <move id="225" source="B6" target="B7"/>
  <move id="226" source="B1" target="C1"/>
  <move id="227" source="B7" target="C7"/>
  <player id="1">Player 1</player>
  <player id="2">Player 2</player>
  <result type="1" winner="1"/>
 </game>
</stratego>