<?xml version="1.0" encoding="UTF-8"?>
<stratego>
 <game type="classic">
  
  <field content="MBIHDEDJDEBGHCJEKBEDGBGBDFDIEHBFILFDFGHDAA__AA__AAAA__AA__AARTSQSTWTNNPNUXPUOVNRNRUQPVYSTPQQPPPPQSNR"/>
  <move id="1" source="E4" target="E5"/>
  <move id="2" source="F7" target="F6"/>
  <move id="3" source="E5" target="E6"/>
  <move id="4" source="F6" target="F5"/>
  <move id="5" source="F4" target="E4"/>
  <move id="6" source="E7" target="F7"/>
  <move id="7" source="F3" target="F4"/>
  <move id="8" source="F7" target="F6"/>
  <move id="9" source="F4" target="F5"/>
  <move id="10" source="E8" target="E7"/>
  <move id="11" source="E6" target="F6"/>
  <move id="12" source="F5" target="E5"/>
  <move id="13" source="E4" target="F4"/>
  <move id="14" source="E5" target="E6"/>
  <move id="15" source="E3" target="F3"/>
  <move id="16" source="F6" target="F5"/>
  <move id="17" source="E2" target="E3"/>
  <move id="18" source="E6" target="F6"/>
  <move id="19" source="E3" target="E4"/>
  <move id="20" source="E7" target="E5"/>
  <move id="21" source="E4" target="E5"/>
  <move id="22" source="F5" target="F4"/>
  <move id="23" source="F3" target="E3"/>
  <move id="24" source="F6" target="F7"/>
  <move id="25" source="E5" target="E6"/>
  <move id="26" source="F4" target="G4"/>
  <move id="27" source="H4" target="G4"/>
  <move id="28" source="E9" target="E8"/>
  <move id="29" source="F2" target="F3"/>
  <move id="30" source="E8" target="E7"/>
  <move id="31" source="E6" target="E5"/>
  <move id="32" source="E7" target="E6"/>
  <move id="33" source="E5" target="E4"/>
  <move id="34" source="E6" target="E5"/>
  <move id="35" source="G3" target="G4"/>
  <move id="36" source="E5" target="F5"/>
  <move id="37" source="G4" target="F4"/>
  <move id="38" source="F5" target="F4"/>
  <move id="39" source="I4" target="I5"/>
  <move id="40" source="F9" target="E9"/>
  <move id="41" source="I5" target="I6"/>
  <move id="42" source="F7" target="E7"/>
  <move id="43" source="I6" target="I7"/>
  <move id="44" source="G7" target="F7"/>
  <move id="45" source="K4" target="K7"/>
  <move id="46" source="F7" target="F6"/>
  <move id="47" source="I3" target="I4"/>
  <move id="48" source="F6" target="E6"/>
  <move id="49" source="I4" target="I5"/>
  <move id="50" source="E7" target="F7"/>
  <move id="51" source="I5" target="I6"/>
  <move id="52" source="F7" target="F6"/>
  <move id="53" source="I2" target="I3"/>
  <move id="54" source="E6" target="E5"/>
  <move id="55" source="I3" target="I4"/>
  <move id="56" source="F6" target="E6"/>
  <move id="57" source="I4" target="I5"/>
  <move id="58" source="F8" target="F7"/>
  <move id="59" source="I5" target="K5"/>
  <move id="60" source="F7" target="G7"/>
  <move id="61" source="K5" target="K6"/>
  <move id="62" source="D8" target="E8"/>
  <move id="63" source="K3" target="K4"/>
  <move id="64" source="E8" target="E7"/>
  <move id="65" source="K4" target="K5"/>
  <move id="66" source="E7" target="F7"/>
  <move id="67" source="H3" target="H4"/>
  <move id="68" source="F7" target="F6"/>
  <move id="69" source="H4" target="I4"/>
  <move id="70" source="F6" target="F5"/>
  <move id="71" source="I4" target="I5"/>
  <move id="72" source="F5" target="F4"/>
  <move id="73" source="F3" target="F4"/>
  <move id="74" source="F4" target="G4"/>
  <move id="75" source="D2" target="E2"/>
  <move id="76" source="G4" target="H4"/>
  <move id="77" source="E2" target="F2"/>
  <move id="78" source="H4" target="I4"/>
  <move id="79" source="F2" target="F3"/>
  <move id="80" source="F:" target="F3"/>
  <move id="81" source="E3" target="F3"/>
  <move id="82" source="I4" target="I5"/>
  <move id="83" source="I6" target="I7"/>
  <move id="84" source="H7" target="I7"/>
  <move id="85" source="K6" target="K7"/>
  <move id="86" source="I7" target="K7"/>
  <move id="87" source="E4" target="F4"/>
  <move id="88" source="I5" target="K5"/>
  <move id="89" source="E1" target="E4"/>
  <move id="90" source="K5" target="K4"/>
  <move id="91" source="E4" target="E5"/>
  <move id="92" source="K4" target="I4"/>
  <move id="93" source="D4" target="E4"/>
  <move id="94" source="E5" target="F5"/>
  <move id="95" source="F4" target="F3"/>
  <move id="96" source="I4" target="H4"/>
  <move id="97" source="F3" target="E3"/>
  <move id="98" source="H4" target="G4"/>
  <move id="99" source="E3" target="E2"/>
  <move id="100" source="G4" target="G3"/>
  <move id="101" source="E4" target="F4"/>
  <move id="102" source="F5" target="E5"/>
  <move id="103" source="F4" target="E4"/>
  <move id="104" source="E5" target="F5"/>
  <move id="105" source="C4" target="D4"/>
  <move id="106" source="G3" target="F3"/>
  <move id="107" source="E2" target="D2"/>
  <move id="108" source="E6" target="E7"/>
  <move id="109" source="E4" target="E5"/>
  <move id="110" source="F5" target="F4"/>
  <move id="111" source="E5" target="F5"/>
  <move id="112" source="F4" target="G4"/>
  <move id="113" source="F5" target="F6"/>
  <move id="114" source="E:" target="F:"/>
  <move id="115" source="D4" target="E4"/>
  <move id="116" source="F:" target="F6"/>
  <move id="117" source="E4" target="E5"/>
  <move id="118" source="F3" target="E3"/>
  <move id="119" source="E5" target="E6"/>
  <move id="120" source="E3" target="E2"/>
  <move id="121" source="E6" target="E7"/>
  <move id="122" source="E2" target="D2"/>
  <move id="123" source="F6" target="F5"/>
  <move id="124" source="D2" target="E2"/>
  <move id="125" source="F5" target="F4"/>
  <move id="126" source="G4" target="G3"/>
  <move id="127" source="F4" target="G4"/>
  <move id="128" source="G3" target="F3"/>
  <move id="129" source="G4" target="F4"/>
  <move id="130" source="F3" target="G3"/>
  <move id="131" source="E7" target="F7"/>
  <move id="132" source="E2" target="E3"/>
  <move id="133" source="F7" target="G7"/>
  <move id="134" source="E3" target="E4"/>
  <move id="135" source="F4" target="G4"/>
  <move id="136" source="G3" target="F3"/>
  <move id="137" source="G4" target="H4"/>
  <move id="138" source="E4" target="F4"/>
  <move id="139" source="H4" target="I4"/>
  <move id="140" source="F3" target="E3"/>
  <move id="141" source="I4" target="I5"/>
  <move id="142" source="E3" target="E4"/>
  <move id="143" source="I5" target="I6"/>
  <move id="144" source="E4" target="E5"/>
  <move id="145" source="I6" target="I7"/>
  <move id="146" source="D7" target="E7"/>
  <move id="147" source="K2" target="K7"/>
  <move id="148" source="K7" target="K6"/>
  <move id="149" source="I7" target="K7"/>
  <move id="150" source="K6" target="K5"/>
  <move id="151" source="K7" target="K6"/>
  <move id="152" source="K5" target="K4"/>
  <move id="153" source="K6" target="K5"/>
  <move id="154" source="K4" target="K3"/>
  <move id="155" source="K5" target="K4"/>
  <move id="156" source="K3" target="I3"/>
  <move id="157" source="K4" target="K3"/>
  <move id="158" source="I3" target="H3"/>
  <move id="159" source="K3" target="I3"/>
  <move id="160" source="H3" target="G3"/>
  <move id="161" source="I3" target="H3"/>
  <move id="162" source="G3" target="F3"/>
  <move id="163" source="H3" target="G3"/>
  <move id="164" source="F3" target="F2"/>
  <move id="165" source="G3" target="G4"/>
  <move id="166" source="F4" target="G4"/>
  <move id="167" source="G2" target="G3"/>
  <move id="168" source="G8" target="G7"/>
  <move id="169" source="G3" target="H3"/>
  <move id="170" source="G7" target="H7"/>
  <move id="171" source="H3" target="H4"/>
  <move id="172" source="H7" target="I7"/>
  <move id="173" source="H4" target="I4"/>
  <move id="174" source="I7" target="I6"/>
  <move id="175" source="I4" target="I5"/>
  <move id="176" source="I6" target="I5"/>
  <move id="177" source="I5" target="I6"/>
  <move id="178" source="E5" target="F5"/>
  <move id="179" source="I1" target="I5"/>
  <move id="180" source="F5" target="F6"/>
  <move id="181" source="I6" target="I7"/>
  <move id="182" source="F6" target="F7"/>
  <move id="183" source="I7" target="K7"/>
  <move id="184" source="F7" target="G7"/>
  <move id="185" source="I5" target="I8"/>
  <move id="186" source="G7" target="H7"/>
  <move id="187" source="K7" target="K6"/>
  <move id="188" source="H7" target="I7"/>
  <move id="189" source="K6" target="K5"/>
  <move id="190" source="I7" target="I6"/>
  <move id="191" source="K5" target="K4"/>
  <move id="192" source="I6" target="I5"/>
  <move id="193" source="K4" target="K3"/>
  <move id="194" source="I5" target="I4"/>
  <move id="195" source="K3" target="I3"/>
  <move id="196" source="I4" target="I3"/>
  <player id="1">Player 1</player>
  <player id="2">Player 2</player>
  <result type="3" winner="2"/>
 </game>
</stratego>