<?xml version="1.0" encoding="UTF-8"?>
<stratego>
 <game type="classic">
  
  <field content="FEEHDBMBEHBDICJGBJDDFGDKHDLGFHBBIEDGIEDFAA__AA__AAAA__AA__AARPOWPRXVRPUTSVPPSNRUSPNPPNSQUNQNYNTQTQTQ"/>
  <move id="1" source="I4" target="I7"/>
  <move id="2" source="E7" target="E4"/>
  <move id="3" source="K4" target="K5"/>
  <move id="4" source="E8" target="E7"/>
  <move id="5" source="K5" target="K6"/>
  <move id="6" source="F7" target="F6"/>
  <move id="7" source="K6" target="K7"/>
  <move id="8" source="I7" target="K7"/>
  <move id="9" source="H4" target="I4"/>
  <move id="10" source="I8" target="I7"/>
  <move id="11" source="I4" target="K4"/>
  <move id="12" source="F8" target="E8"/>
  <move id="13" source="K4" target="K5"/>
  <move id="14" source="G8" target="F8"/>
  <move id="15" source="I3" target="I4"/>
  <move id="16" source="F8" target="F7"/>
  <move id="17" source="I4" target="I5"/>
  <move id="18" source="E7" target="E6"/>
  <move id="19" source="K5" target="K6"/>
  <move id="20" source="D7" target="E7"/>
  <move id="21" source="I5" target="I6"/>
  <move id="22" source="A7" target="A6"/>
  <move id="23" source="I6" target="I7"/>
  <move id="24" source="E6" target="E5"/>
  <move id="25" source="K6" target="K7"/>
  <move id="26" source="F6" target="F5"/>
  <move id="27" source="K7" target="K8"/>
  <move id="28" source="F7" target="F6"/>
  <move id="29" source="F4" target="F5"/>
  <move id="30" source="F6" target="F5"/>
  <move id="31" source="E3" target="E4"/>
  <move id="32" source="E7" target="E6"/>
  <move id="33" source="F3" target="F7"/>
  <move id="34" source="E8" target="E7"/>
  <move id="35" source="F7" target="G7"/>
  <move id="36" source="E5" target="E4"/>
  <move id="37" source="D3" target="E3"/>
  <move id="38" source="B7" target="B6"/>
  <move id="39" source="E4" target="E5"/>
  <move id="40" source="E6" target="E5"/>
  <move id="41" source="G3" target="F3"/>
  <move id="42" source="E7" target="F7"/>
  <move id="43" source="F3" target="F4"/>
  <move id="44" source="C7" target="D7"/>
  <move id="45" source="F4" target="F5"/>
  <move id="46" source="E5" target="E6"/>
  <move id="47" source="G4" target="G3"/>
  <move id="48" source="D7" target="E7"/>
  <move id="49" source="E3" target="F3"/>
  <move id="50" source="H7" target="I7"/>
  <move id="51" source="F3" target="F4"/>
  <move id="52" source="B6" target="B4"/>
  <move id="53" source="F4" target="G4"/>
  <move id="54" source="A6" target="A5"/>
  <move id="55" source="G4" target="H4"/>
  <move id="56" source="A5" target="A4"/>
  <move id="57" source="H4" target="I4"/>
  <move id="58" source="G7" target="H7"/>
  <move id="59" source="I4" target="I5"/>
  <move id="60" source="I7" target="K7"/>
  <move id="61" source="I5" target="I6"/>
  <move id="62" source="F7" target="F5"/>
  <move id="63" source="D2" target="D3"/>
  <move id="64" source="I9" target="I8"/>
  <move id="65" source="I6" target="K6"/>
  <move id="66" source="H7" target="I7"/>
  <move id="67" source="E2" target="E3"/>
  <move id="68" source="E9" target="E8"/>
  <move id="69" source="E3" target="F3"/>
  <move id="70" source="E8" target="F8"/>
  <move id="71" source="D3" target="E3"/>
  <move id="72" source="F8" target="G8"/>
  <move id="73" source="E3" target="E4"/>
  <move id="74" source="G8" target="G7"/>
  <move id="75" source="E4" target="F4"/>
  <move id="76" source="G7" target="H7"/>
  <move id="77" source="F4" target="G4"/>
  <move id="78" source="I8" target="I9"/>
  <move id="79" source="G4" target="H4"/>
  <move id="80" source="K8" target="I8"/>
  <move id="81" source="E1" target="E2"/>
  <move id="82" source="K7" target="K8"/>
  <move id="83" source="E2" target="E3"/>
  <move id="84" source="H7" target="G7"/>
  <move id="85" source="E3" target="E4"/>
  <move id="86" source="G7" target="F7"/>
  <move id="87" source="E4" target="F4"/>
  <move id="88" source="I7" target="H7"/>
  <move id="89" source="K6" target="K7"/>
  <move id="90" source="H7" target="I7"/>
  <move id="91" source="K7" target="K8"/>
  <move id="92" source="F7" target="F8"/>
  <move id="93" source="H4" target="I4"/>
  <move id="94" source="I7" target="K7"/>
  <move id="95" source="K8" target="I8"/>
  <move id="96" source="K7" target="I7"/>
  <move id="97" source="I8" target="K8"/>
  <move id="98" source="E7" target="E8"/>
  <move id="99" source="F5" target="E5"/>
  <move id="100" source="E6" target="E7"/>
  <move id="101" source="E5" target="E6"/>
  <move id="102" source="E7" target="F7"/>
  <move id="103" source="F4" target="E4"/>
  <move id="104" source="F7" target="G7"/>
  <move id="105" source="E6" target="F6"/>
  <move id="106" source="E8" target="E7"/>
  <move id="107" source="E4" target="E7"/>
  <move id="108" source="I7" target="K7"/>
  <move id="109" source="K8" target="I8"/>
  <move id="110" source="G7" target="H7"/>
  <move id="111" source="E7" target="F7"/>
  <move id="112" source="K7" target="K6"/>
  <move id="113" source="F7" target="F8"/>
  <move id="114" source="K6" target="K5"/>
  <move id="115" source="F6" target="F7"/>
  <move id="116" source="K5" target="K4"/>
  <move id="117" source="I4" target="K4"/>
  <player id="1">Player 1</player>
  <player id="2">Player 2</player>
  <result type="3" winner="1"/>
 </game>
</stratego>