<?xml version="1.0" encoding="UTF-8"?>
<stratego>
 <game type="classic">
  
  <field content="EHDDEFDDBEBDEJBDCDGIDGBMFIBEFBHIKFHGJLGHAA__AA__AAAA__AA__AAVSUNSRNQTRNPQPNPUVPPYXSPPWNOQUTQRTNQRTSP"/>
  <move id="1" source="I4" target="I5"/>
  <move id="2" source="A7" target="A6"/>
  <move id="3" source="I5" target="I6"/>
  <move id="4" source="B7" target="B6"/>
  <move id="5" source="I6" target="I7"/>
  <move id="6" source="I7" target="I6"/>
  <move id="7" source="K4" target="K5"/>
  <move id="8" source="K7" target="I7"/>
  <move id="9" source="I3" target="I4"/>
  <move id="10" source="B6" target="B5"/>
  <move id="11" source="B4" target="B5"/>
  <move id="12" source="A6" target="B6"/>
  <move id="13" source="B5" target="B6"/>
  <move id="14" source="C7" target="B7"/>
  <move id="15" source="A4" target="A5"/>
  <move id="16" source="E7" target="E6"/>
  <move id="17" source="A5" target="A6"/>
  <move id="18" source="F7" target="F6"/>
  <move id="19" source="A6" target="A7"/>
  <move id="20" source="B7" target="C7"/>
  <move id="21" source="A7" target="A8"/>
  <move id="22" source="E6" target="E5"/>
  <move id="23" source="C4" target="B4"/>
  <move id="24" source="B8" target="B7"/>
  <move id="25" source="A3" target="A4"/>
  <move id="26" source="B7" target="A7"/>
  <move id="27" source="A4" target="A7"/>
  <move id="28" source="E5" target="E4"/>
  <move id="29" source="B4" target="B5"/>
  <move id="30" source="B6" target="B5"/>
  <move id="31" source="B5" target="B4"/>
  <move id="32" source="F8" target="F7"/>
  <move id="33" source="B4" target="B5"/>
  <move id="34" source="I6" target="I5"/>
  <move id="35" source="I4" target="I3"/>
  <move id="36" source="I5" target="I4"/>
  <move id="37" source="K5" target="K6"/>
  <move id="38" source="I4" target="I3"/>
  <move id="39" source="K6" target="K7"/>
  <move id="40" source="I3" target="I2"/>
  <move id="41" source="K2" target="I2"/>
  <move id="42" source="F6" target="F5"/>
  <move id="43" source="F4" target="F5"/>
  <move id="44" source="F7" target="E7"/>
  <move id="45" source="F5" target="F6"/>
  <move id="46" source="F9" target="F8"/>
  <move id="47" source="K7" target="I7"/>
  <move id="48" source="B9" target="B8"/>
  <move id="49" source="I7" target="I8"/>
  <move id="50" source="H8" target="I8"/>
  <move id="51" source="F6" target="E6"/>
  <move id="52" source="F8" target="F7"/>
  <move id="53" source="E6" target="E7"/>
  <move id="54" source="B8" target="B7"/>
  <move id="55" source="E7" target="D7"/>
  <move id="56" source="I8" target="I7"/>
  <move id="57" source="H4" target="I4"/>
  <move id="58" source="I9" target="I8"/>
  <move id="59" source="I4" target="I5"/>
  <move id="60" source="K8" target="K7"/>
  <move id="61" source="I2" target="I3"/>
  <move id="62" source="K9" target="K8"/>
  <move id="63" source="G4" target="F4"/>
  <move id="64" source="G8" target="F8"/>
  <move id="65" source="H3" target="H4"/>
  <move id="66" source="B7" target="B6"/>
  <move id="67" source="H4" target="G4"/>
  <move id="68" source="B6" target="B5"/>
  <move id="69" source="H2" target="H3"/>
  <move id="70" source="F7" target="E7"/>
  <move id="71" source="H3" target="H4"/>
  <move id="72" source="F8" target="F7"/>
  <move id="73" source="H4" target="I4"/>
  <move id="74" source="F:" target="F9"/>
  <move id="75" source="I4" target="K4"/>
  <move id="76" source="F9" target="F8"/>
  <move id="77" source="K4" target="K7"/>
  <move id="78" source="F7" target="F6"/>
  <move id="79" source="H1" target="H2"/>
  <move id="80" source="K8" target="K7"/>
  <move id="81" source="H2" target="H3"/>
  <move id="82" source="E7" target="E6"/>
  <move id="83" source="H3" target="H4"/>
  <move id="84" source="F8" target="F7"/>
  <move id="85" source="H4" target="K4"/>
  <move id="86" source="C7" target="B7"/>
  <move id="87" source="K4" target="K7"/>
  <move id="88" source="B7" target="B6"/>
  <move id="89" source="I5" target="I6"/>
  <move id="90" source="C8" target="C7"/>
  <move id="91" source="I6" target="I7"/>
  <move id="92" source="K7" target="K6"/>
  <move id="93" source="I7" target="I8"/>
  <move id="94" source="K6" target="K5"/>
  <move id="95" source="I8" target="I7"/>
  <move id="96" source="K5" target="K4"/>
  <move id="97" source="I7" target="I6"/>
  <move id="98" source="K4" target="K3"/>
  <move id="99" source="F4" target="F5"/>
  <move id="100" source="B6" target="A6"/>
  <move id="101" source="F5" target="F6"/>
  <move id="102" source="E6" target="F6"/>
  <move id="103" source="G4" target="H4"/>
  <move id="104" source="A6" target="A5"/>
  <move id="105" source="E4" target="E5"/>
  <move id="106" source="C7" target="B7"/>
  <move id="107" source="H4" target="H3"/>
  <move id="108" source="B7" target="B6"/>
  <move id="109" source="I6" target="I7"/>
  <move id="110" source="A5" target="A4"/>
  <move id="111" source="I7" target="I8"/>
  <move id="112" source="A4" target="B4"/>
  <move id="113" source="I8" target="H8"/>
  <move id="114" source="H9" target="H8"/>
  <move id="115" source="F3" target="F4"/>
  <move id="116" source="F6" target="F5"/>
  <move id="117" source="F4" target="G4"/>
  <move id="118" source="F5" target="E5"/>
  <move id="119" source="G4" target="H4"/>
  <move id="120" source="I:" target="I9"/>
  <move id="121" source="H4" target="I4"/>
  <move id="122" source="B4" target="A4"/>
  <move id="123" source="I4" target="I5"/>
  <move id="124" source="B5" target="A5"/>
  <move id="125" source="I3" target="I4"/>
  <move id="126" source="B6" target="B5"/>
  <move id="127" source="I4" target="K4"/>
  <move id="128" source="A4" target="B4"/>
  <move id="129" source="K4" target="K5"/>
  <move id="130" source="B4" target="C4"/>
  <move id="131" source="I5" target="I6"/>
  <move id="132" source="C4" target="C3"/>
  <move id="133" source="K5" target="K6"/>
  <move id="134" source="F7" target="F6"/>
  <move id="135" source="K6" target="K7"/>
  <move id="136" source="H8" target="G8"/>
  <move id="137" source="I6" target="I7"/>
  <move id="138" source="G8" target="F8"/>
  <move id="139" source="I7" target="I8"/>
  <move id="140" source="F8" target="F7"/>
  <move id="141" source="I8" target="I9"/>
  <move id="142" source="F6" target="F5"/>
  <move id="143" source="K7" target="I7"/>
  <move id="144" source="F7" target="F6"/>
  <move id="145" source="I7" target="I8"/>
  <move id="146" source="E5" target="E6"/>
  <move id="147" source="I8" target="H8"/>
  <move id="148" source="E6" target="E7"/>
  <move id="149" source="H8" target="H9"/>
  <move id="150" source="E7" target="F7"/>
  <move id="151" source="H9" target="G9"/>
  <move id="152" source="F6" target="E6"/>
  <move id="153" source="I9" target="H9"/>
  <move id="154" source="E6" target="E5"/>
  <move id="155" source="H9" target="H:"/>
  <move id="156" source="E5" target="E4"/>
  <move id="157" source="H:" target="G:"/>
  <move id="158" source="F7" target="F8"/>
  <move id="159" source="G:" target="F:"/>
  <move id="160" source="F8" target="F9"/>
  <move id="161" source="F:" target="E:"/>
  <move id="162" source="E4" target="D4"/>
  <move id="163" source="D4" target="E4"/>
  <move id="164" source="B5" target="B4"/>
  <move id="165" source="E4" target="E5"/>
  <move id="166" source="F5" target="F4"/>
  <move id="167" source="E5" target="E6"/>
  <move id="168" source="F4" target="E4"/>
  <move id="169" source="E6" target="E7"/>
  <move id="170" source="F9" target="F8"/>
  <move id="171" source="E7" target="D7"/>
  <move id="172" source="B4" target="C4"/>
  <move id="173" source="F2" target="F3"/>
  <move id="174" source="C4" target="C3"/>
  <move id="175" source="B3" target="C3"/>
  <move id="176" source="A5" target="A4"/>
  <move id="177" source="C3" target="C4"/>
  <move id="178" source="A4" target="B4"/>
  <move id="179" source="C4" target="C3"/>
  <move id="180" source="B4" target="C4"/>
  <move id="181" source="C3" target="B3"/>
  <move id="182" source="C4" target="B4"/>
  <move id="183" source="B3" target="A3"/>
  <move id="184" source="F8" target="F7"/>
  <move id="185" source="A3" target="A4"/>
  <move id="186" source="B4" target="A4"/>
  <move id="187" source="B2" target="B:"/>
  <move id="188" source="E4" target="E3"/>
  <move id="189" source="E3" target="E4"/>
  <move id="190" source="F7" target="F6"/>
  <move id="191" source="E4" target="F4"/>
  <move id="192" source="F6" target="F5"/>
  <move id="193" source="F4" target="G4"/>
  <move id="194" source="F5" target="F6"/>
  <move id="195" source="G4" target="H4"/>
  <move id="196" source="F6" target="F7"/>
  <move id="197" source="F3" target="F4"/>
  <move id="198" source="A4" target="B4"/>
  <move id="199" source="F4" target="F5"/>
  <move id="200" source="B4" target="C4"/>
  <move id="201" source="H4" target="I4"/>
  <move id="202" source="F7" target="F6"/>
  <move id="203" source="I4" target="I5"/>
  <move id="204" source="F6" target="F5"/>
  <move id="205" source="I5" target="I6"/>
  <move id="206" source="F5" target="F6"/>
  <move id="207" source="I6" target="I7"/>
  <move id="208" source="F6" target="F7"/>
  <move id="209" source="I7" target="I8"/>
  <move id="210" source="F7" target="F8"/>
  <move id="211" source="I8" target="I9"/>
  <move id="212" source="F8" target="F9"/>
  <move id="213" source="I9" target="I:"/>
  <move id="214" source="K:" target="K3"/>
  <move id="215" source="I:" target="H:"/>
  <move id="216" source="F9" target="F:"/>
  <move id="217" source="H:" target="H9"/>
  <move id="218" source="F:" target="F9"/>
  <move id="219" source="H9" target="H8"/>
  <move id="220" source="F9" target="F8"/>
  <move id="221" source="H8" target="H9"/>
  <move id="222" source="F8" target="F9"/>
  <move id="223" source="H9" target="G9"/>
  <move id="224" source="H7" target="I7"/>
  <move id="225" source="G2" target="F2"/>
  <move id="226" source="I7" target="I6"/>
  <move id="227" source="F2" target="F3"/>
  <move id="228" source="I6" target="I5"/>
  <move id="229" source="F3" target="E3"/>
  <move id="230" source="I5" target="I4"/>
  <move id="231" source="E3" target="E4"/>
  <move id="232" source="C4" target="D4"/>
  <move id="233" source="E4" target="D4"/>
  <move id="234" source="I4" target="K4"/>
  <move id="235" source="B1" target="B2"/>
  <move id="236" source="K4" target="K3"/>
  <move id="237" source="B2" target="B3"/>
  <move id="238" source="K3" target="K2"/>
  <move id="239" source="B3" target="B4"/>
  <move id="240" source="K2" target="K1"/>
  <move id="241" source="B4" target="B5"/>
  <move id="242" source="C9" target="C8"/>
  <move id="243" source="B5" target="B6"/>
  <move id="244" source="C8" target="C7"/>
  <move id="245" source="B6" target="B7"/>
  <move id="246" source="C7" target="B7"/>
  <move id="247" source="B7" target="B8"/>
  <move id="248" source="F9" target="F8"/>
  <move id="249" source="B8" target="B9"/>
  <move id="250" source="F8" target="F7"/>
  <move id="251" source="B9" target="B:"/>
  <move id="252" source="A:" target="B:"/>
  <move id="253" source="C1" target="B1"/>
  <move id="254" source="F7" target="F6"/>
  <move id="255" source="B1" target="B:"/>
  <move id="256" source="C:" target="B:"/>
  <move id="257" source="D4" target="C4"/>
  <move id="258" source="F6" target="F5"/>
  <move id="259" source="C4" target="B4"/>
  <move id="260" source="F5" target="F4"/>
  <move id="261" source="B4" target="B5"/>
  <move id="262" source="F4" target="E4"/>
  <move id="263" source="B5" target="B6"/>
  <move id="264" source="E4" target="D4"/>
  <move id="265" source="B6" target="B7"/>
  <move id="266" source="D4" target="D3"/>
  <player id="1">Player 1</player>
  <player id="2">Player 2</player>
  <result type="1" winner="2"/>
 </game>
</stratego>