<?xml version="1.0" encoding="UTF-8"?>
<stratego>
 <game type="classic">
  
  <field content="EEBBMBBEGFDHJEBIJCEGFGLGBDHKFFDDIHDDHIDDAA__AA__AAAA__AA__AATPWNRRPPRRVXPVNSPSPQNQOUTNQTSPYNUQUTNQPS"/>
  <move id="1" source="A4" target="A7"/>
  <move id="2" source="B7" target="B6"/>
  <move id="3" source="A3" target="A4"/>
  <move id="4" source="A7" target="B7"/>
  <move id="5" source="B4" target="B6"/>
  <move id="6" source="B7" target="A7"/>
  <move id="7" source="C4" target="B4"/>
  <move id="8" source="A7" target="A6"/>
  <move id="9" source="C3" target="C4"/>
  <move id="10" source="A8" target="A7"/>
  <move id="11" source="A4" target="A5"/>
  <move id="12" source="B8" target="A8"/>
  <move id="13" source="B4" target="A4"/>
  <move id="14" source="C8" target="B8"/>
  <move id="15" source="C4" target="B4"/>
  <move id="16" source="B8" target="B4"/>
  <move id="17" source="A5" target="B5"/>
  <move id="18" source="C9" target="C8"/>
  <move id="19" source="A4" target="A5"/>
  <move id="20" source="C7" target="B7"/>
  <move id="21" source="A5" target="A6"/>
  <move id="22" source="A7" target="A6"/>
  <move id="23" source="E4" target="E7"/>
  <move id="24" source="C8" target="B8"/>
  <move id="25" source="F4" target="F7"/>
  <move id="26" source="A8" target="A7"/>
  <move id="27" source="G4" target="F4"/>
  <move id="28" source="B7" target="C7"/>
  <move id="29" source="F4" target="F5"/>
  <move id="30" source="E7" target="E6"/>
  <move id="31" source="K4" target="K7"/>
  <move id="32" source="A7" target="B7"/>
  <move id="33" source="I4" target="I7"/>
  <move id="34" source="A6" target="B6"/>
  <move id="35" source="I3" target="I4"/>
  <move id="36" source="B8" target="A8"/>
  <move id="37" source="K3" target="K4"/>
  <move id="38" source="A8" target="A7"/>
  <move id="39" source="I4" target="I5"/>
  <move id="40" source="A7" target="A6"/>
  <move id="41" source="A2" target="A6"/>
  <move id="42" source="B6" target="A6"/>
  <move id="43" source="B5" target="B6"/>
  <move id="44" source="B7" target="B6"/>
  <move id="45" source="K4" target="K5"/>
  <move id="46" source="B6" target="B5"/>
  <move id="47" source="B4" target="B5"/>
  <move id="48" source="C7" target="B7"/>
  <move id="49" source="I5" target="I6"/>
  <move id="50" source="E6" target="E5"/>
  <move id="51" source="K5" target="K6"/>
  <move id="52" source="E5" target="E4"/>
  <move id="53" source="I6" target="I7"/>
  <move id="54" source="E4" target="D4"/>
  <move id="55" source="K6" target="K7"/>
  <move id="56" source="B7" target="B6"/>
  <move id="57" source="H4" target="I4"/>
  <move id="58" source="B6" target="B5"/>
  <move id="59" source="C2" target="C3"/>
  <move id="60" source="B5" target="B4"/>
  <move id="61" source="H3" target="I3"/>
  <move id="62" source="B4" target="C4"/>
  <move id="63" source="C3" target="C4"/>
  <move id="64" source="C4" target="D4"/>
  <move id="65" source="I3" target="K3"/>
  <move id="66" source="D4" target="E4"/>
  <move id="67" source="I4" target="I5"/>
  <move id="68" source="F7" target="F6"/>
  <move id="69" source="F5" target="F6"/>
  <move id="70" source="H7" target="K7"/>
  <move id="71" source="K3" target="K4"/>
  <move id="72" source="I8" target="I5"/>
  <move id="73" source="K4" target="K5"/>
  <move id="74" source="K7" target="K5"/>
  <move id="75" source="K5" target="K6"/>
  <move id="76" source="E4" target="F4"/>
  <move id="77" source="I5" target="I6"/>
  <move id="78" source="G7" target="E7"/>
  <move id="79" source="K6" target="K7"/>
  <move id="80" source="E7" target="E3"/>
  <move id="81" source="F6" target="F7"/>
  <move id="82" source="F4" target="F5"/>
  <move id="83" source="F7" target="G7"/>
  <move id="84" source="F5" target="F4"/>
  <move id="85" source="G7" target="H7"/>
  <move id="86" source="A6" target="A5"/>
  <move id="87" source="H7" target="H8"/>
  <move id="88" source="H9" target="H8"/>
  <move id="89" source="I6" target="I7"/>
  <move id="90" source="A5" target="B5"/>
  <move id="91" source="I7" target="H7"/>
  <move id="92" source="B5" target="B4"/>
  <move id="93" source="K7" target="I7"/>
  <move id="94" source="B4" target="C4"/>
  <move id="95" source="I7" target="I8"/>
  <move id="96" source="K8" target="K7"/>
  <move id="97" source="I8" target="K8"/>
  <move id="98" source="K7" target="K6"/>
  <move id="99" source="K8" target="K7"/>
  <move id="100" source="K6" target="K5"/>
  <move id="101" source="K7" target="K6"/>
  <move id="102" source="K5" target="K4"/>
  <move id="103" source="K6" target="K5"/>
  <move id="104" source="K4" target="I4"/>
  <move id="105" source="K5" target="K4"/>
  <move id="106" source="I4" target="H4"/>
  <move id="107" source="K4" target="I4"/>
  <move id="108" source="H4" target="G4"/>
  <move id="109" source="G3" target="G4"/>
  <move id="110" source="F4" target="G4"/>
  <move id="111" source="I4" target="I5"/>
  <move id="112" source="K9" target="K2"/>
  <move id="113" source="H7" target="G7"/>
  <move id="114" source="I9" target="H9"/>
  <move id="115" source="F3" target="F8"/>
  <move id="116" source="G4" target="H4"/>
  <move id="117" source="G7" target="F7"/>
  <move id="118" source="H4" target="I4"/>
  <move id="119" source="I5" target="I6"/>
  <move id="120" source="I4" target="K4"/>
  <move id="121" source="F7" target="F8"/>
  <move id="122" source="G8" target="G7"/>
  <move id="123" source="I6" target="I7"/>
  <move id="124" source="K4" target="K3"/>
  <move id="125" source="I7" target="H7"/>
  <move id="126" source="K3" target="K2"/>
  <move id="127" source="H7" target="G7"/>
  <move id="128" source="I:" target="I2"/>
  <move id="129" source="G7" target="G8"/>
  <move id="130" source="K2" target="I2"/>
  <move id="131" source="F8" target="F9"/>
  <move id="132" source="H9" target="I9"/>
  <move id="133" source="G8" target="G9"/>
  <move id="134" source="I9" target="I8"/>
  <move id="135" source="G9" target="H9"/>
  <move id="136" source="I8" target="I7"/>
  <move id="137" source="H9" target="H:"/>
  <move id="138" source="K:" target="K9"/>
  <move id="139" source="H:" target="G:"/>
  <move id="140" source="B9" target="B8"/>
  <move id="141" source="G2" target="G3"/>
  <move id="142" source="B8" target="B7"/>
  <move id="143" source="G3" target="G4"/>
  <move id="144" source="B7" target="B6"/>
  <move id="145" source="G4" target="H4"/>
  <move id="146" source="C4" target="D4"/>
  <move id="147" source="H4" target="I4"/>
  <move id="148" source="I7" target="H7"/>
  <move id="149" source="I4" target="I5"/>
  <move id="150" source="H7" target="G7"/>
  <move id="151" source="I5" target="I6"/>
  <move id="152" source="G7" target="F7"/>
  <move id="153" source="I6" target="I7"/>
  <move id="154" source="F7" target="F6"/>
  <move id="155" source="I7" target="H7"/>
  <move id="156" source="F6" target="F5"/>
  <move id="157" source="H7" target="G7"/>
  <move id="158" source="F5" target="F6"/>
  <move id="159" source="G7" target="F7"/>
  <move id="160" source="F6" target="F7"/>
  <move id="161" source="B3" target="B4"/>
  <move id="162" source="B6" target="B7"/>
  <move id="163" source="B4" target="B5"/>
  <move id="164" source="B7" target="B8"/>
  <move id="165" source="B5" target="B6"/>
  <move id="166" source="D8" target="C8"/>
  <move id="167" source="B6" target="B7"/>
  <move id="168" source="B8" target="B9"/>
  <move id="169" source="F7" target="E7"/>
  <move id="170" source="K9" target="K8"/>
  <move id="171" source="E7" target="E8"/>
  <move id="172" source="K8" target="K7"/>
  <move id="173" source="B7" target="B8"/>
  <move id="174" source="C8" target="B8"/>
  <move id="175" source="B2" target="B3"/>
  <move id="176" source="D4" target="C4"/>
  <move id="177" source="H2" target="H3"/>
  <move id="178" source="B8" target="B7"/>
  <move id="179" source="F2" target="F3"/>
  <move id="180" source="B7" target="B6"/>
  <move id="181" source="F3" target="F4"/>
  <move id="182" source="B6" target="B5"/>
  <move id="183" source="F4" target="F5"/>
  <move id="184" source="D9" target="D8"/>
  <move id="185" source="F5" target="F6"/>
  <move id="186" source="B5" target="B4"/>
  <move id="187" source="F6" target="F7"/>
  <move id="188" source="K7" target="I7"/>
  <move id="189" source="F7" target="E7"/>
  <move id="190" source="I7" target="H7"/>
  <player id="1">Player 1</player>
  <player id="2">Player 2</player>
  <result type="3" winner="2"/>
 </game>
</stratego>