<?xml version="1.0" encoding="UTF-8"?>
<stratego>
 <game type="classic">
  
  <field content="FEIDGBCBJGGHIFLEDBDDEDEFDMDGFEHHJBBHDKIBAA__AA__AAAA__AA__AAUPVSRPUTPTPNOWTPPXNVSRQQPUNTPSRQRNSNYNQQ"/>
  <move id="1" source="B4" target="B5"/>
  <move id="2" source="F7" target="F6"/>
  <move id="3" source="B5" target="A5"/>
  <move id="4" source="G7" target="F7"/>
  <move id="5" source="B3" target="B4"/>
  <move id="6" source="F6" target="F5"/>
  <move id="7" source="B4" target="B5"/>
  <move id="8" source="F7" target="F6"/>
  <move id="9" source="B5" target="B6"/>
  <move id="10" source="E7" target="E6"/>
  <move id="11" source="B6" target="A6"/>
  <move id="12" source="B7" target="B6"/>
  <move id="13" source="A6" target="A7"/>
  <move id="14" source="B6" target="B5"/>
  <move id="15" source="A5" target="B5"/>
  <move id="16" source="E6" target="E5"/>
  <move id="17" source="B5" target="B6"/>
  <move id="18" source="A7" target="A6"/>
  <move id="19" source="B6" target="B7"/>
  <move id="20" source="D7" target="E7"/>
  <move id="21" source="B7" target="B8"/>
  <move id="22" source="A8" target="A7"/>
  <move id="23" source="C4" target="B4"/>
  <move id="24" source="A7" target="B7"/>
  <move id="25" source="B4" target="B5"/>
  <move id="26" source="B7" target="B5"/>
  <move id="27" source="B5" target="B6"/>
  <move id="28" source="A6" target="A7"/>
  <move id="29" source="B6" target="B7"/>
  <move id="30" source="A7" target="A6"/>
  <move id="31" source="C3" target="B3"/>
  <move id="32" source="C7" target="B7"/>
  <move id="33" source="D3" target="C3"/>
  <move id="34" source="A6" target="A7"/>
  <move id="35" source="C3" target="C4"/>
  <move id="36" source="A7" target="B7"/>
  <move id="37" source="A4" target="A5"/>
  <move id="38" source="B7" target="C7"/>
  <move id="39" source="A3" target="A4"/>
  <move id="40" source="E7" target="E6"/>
  <move id="41" source="A5" target="A6"/>
  <move id="42" source="I7" target="I6"/>
  <move id="43" source="A6" target="A7"/>
  <move id="44" source="H7" target="I7"/>
  <move id="45" source="A4" target="A5"/>
  <move id="46" source="H8" target="H7"/>
  <move id="47" source="A5" target="A6"/>
  <move id="48" source="H7" target="G7"/>
  <move id="49" source="A7" target="A8"/>
  <move id="50" source="G7" target="F7"/>
  <move id="51" source="A6" target="A7"/>
  <move id="52" source="A9" target="A8"/>
  <move id="53" source="A8" target="A9"/>
  <move id="54" source="C7" target="B7"/>
  <move id="55" source="A7" target="A8"/>
  <move id="56" source="B7" target="A7"/>
  <move id="57" source="A8" target="B8"/>
  <move id="58" source="B9" target="B8"/>
  <move id="59" source="A9" target="B9"/>
  <move id="60" source="A7" target="A8"/>
  <move id="61" source="B9" target="B:"/>
  <move id="62" source="A8" target="A9"/>
  <move id="63" source="B:" target="C:"/>
  <move id="64" source="A9" target="B9"/>
  <move id="65" source="C:" target="D:"/>
  <move id="66" source="B9" target="A9"/>
  <move id="67" source="B3" target="A3"/>
  <move id="68" source="A9" target="A8"/>
  <move id="69" source="C2" target="C3"/>
  <move id="70" source="B8" target="B7"/>
  <move id="71" source="C3" target="B3"/>
  <move id="72" source="B7" target="B6"/>
  <move id="73" source="B3" target="B4"/>
  <move id="74" source="B6" target="B5"/>
  <move id="75" source="B4" target="B5"/>
  <move id="76" source="F7" target="E7"/>
  <move id="77" source="B5" target="B6"/>
  <move id="78" source="E7" target="D7"/>
  <move id="79" source="B6" target="B7"/>
  <move id="80" source="D7" target="C7"/>
  <move id="81" source="B7" target="B8"/>
  <move id="82" source="A8" target="B8"/>
  <move id="83" source="E3" target="D3"/>
  <move id="84" source="F5" target="F4"/>
  <move id="85" source="D3" target="C3"/>
  <move id="86" source="C9" target="B9"/>
  <move id="87" source="C3" target="B3"/>
  <move id="88" source="B9" target="B8"/>
  <move id="89" source="B3" target="B4"/>
  <move id="90" source="B8" target="B7"/>
  <move id="91" source="B4" target="A4"/>
  <move id="92" source="C8" target="C9"/>
  <move id="93" source="B2" target="B3"/>
  <move id="94" source="D8" target="C8"/>
  <move id="95" source="B3" target="B4"/>
  <move id="96" source="C8" target="B8"/>
  <move id="97" source="B4" target="B5"/>
  <move id="98" source="C9" target="B9"/>
  <move id="99" source="B5" target="B6"/>
  <move id="100" source="B8" target="A8"/>
  <move id="101" source="B6" target="B7"/>
  <move id="102" source="C7" target="D7"/>
  <move id="103" source="B7" target="B6"/>
  <move id="104" source="D7" target="E7"/>
  <move id="105" source="B6" target="B7"/>
  <move id="106" source="E7" target="F7"/>
  <move id="107" source="A4" target="A8"/>
  <move id="108" source="F7" target="G7"/>
  <move id="109" source="I4" target="I5"/>
  <move id="110" source="F6" target="F7"/>
  <move id="111" source="I5" target="I6"/>
  <move id="112" source="I7" target="H7"/>
  <move id="113" source="I6" target="K6"/>
  <move id="114" source="K7" target="I7"/>
  <move id="115" source="K6" target="K7"/>
  <move id="116" source="K8" target="K7"/>
  <move id="117" source="H4" target="I4"/>
  <move id="118" source="I7" target="I6"/>
  <move id="119" source="I4" target="I5"/>
  <move id="120" source="I6" target="I5"/>
  <move id="121" source="I5" target="I6"/>
  <move id="122" source="F7" target="E7"/>
  <move id="123" source="I6" target="I7"/>
  <move id="124" source="K7" target="K6"/>
  <move id="125" source="I7" target="K7"/>
  <move id="126" source="K6" target="I6"/>
  <move id="127" source="K7" target="K6"/>
  <move id="128" source="I6" target="I7"/>
  <move id="129" source="F4" target="F5"/>
  <move id="130" source="E5" target="E4"/>
  <move id="131" source="F5" target="E5"/>
  <move id="132" source="E6" target="F6"/>
  <move id="133" source="G4" target="F4"/>
  <move id="134" source="E8" target="D8"/>
  <move id="135" source="H3" target="H4"/>
  <move id="136" source="F6" target="F7"/>
  <move id="137" source="H4" target="G4"/>
  <move id="138" source="E7" target="E6"/>
  <move id="139" source="F4" target="F7"/>
  <move id="140" source="E6" target="E5"/>
  <move id="141" source="G4" target="F4"/>
  <move id="142" source="E5" target="E6"/>
  <move id="143" source="F4" target="F5"/>
  <move id="144" source="E6" target="E7"/>
  <move id="145" source="F5" target="F6"/>
  <move id="146" source="E7" target="D7"/>
  <move id="147" source="F6" target="E6"/>
  <move id="148" source="D7" target="C7"/>
  <move id="149" source="B7" target="A7"/>
  <move id="150" source="A8" target="A7"/>
  <move id="151" source="E6" target="E7"/>
  <move id="152" source="A7" target="A8"/>
  <move id="153" source="G3" target="G4"/>
  <move id="154" source="C7" target="C8"/>
  <move id="155" source="G4" target="F4"/>
  <move id="156" source="A8" target="B8"/>
  <move id="157" source="E7" target="F7"/>
  <move id="158" source="F8" target="F4"/>
  <move id="159" source="G2" target="G3"/>
  <move id="160" source="C8" target="C9"/>
  <move id="161" source="G3" target="G4"/>
  <move id="162" source="F9" target="F8"/>
  <move id="163" source="G4" target="F4"/>
  <move id="164" source="F8" target="F7"/>
  <move id="165" source="I3" target="H3"/>
  <move id="166" source="A:" target="A9"/>
  <move id="167" source="H3" target="G3"/>
  <move id="168" source="A9" target="A8"/>
  <move id="169" source="G3" target="G4"/>
  <move id="170" source="A8" target="A7"/>
  <move id="171" source="F4" target="F5"/>
  <move id="172" source="A7" target="B7"/>
  <move id="173" source="G4" target="F4"/>
  <move id="174" source="H7" target="H8"/>
  <move id="175" source="G1" target="G2"/>
  <move id="176" source="B7" target="B6"/>
  <move id="177" source="G2" target="G3"/>
  <move id="178" source="B6" target="B5"/>
  <move id="179" source="G3" target="H3"/>
  <move id="180" source="B5" target="B4"/>
  <move id="181" source="E2" target="E3"/>
  <move id="182" source="B4" target="C4"/>
  <move id="183" source="F2" target="G2"/>
  <move id="184" source="D8" target="D7"/>
  <move id="185" source="G2" target="G1"/>
  <move id="186" source="D7" target="C7"/>
  <move id="187" source="E3" target="E2"/>
  <move id="188" source="C7" target="B7"/>
  <move id="189" source="A3" target="A4"/>
  <move id="190" source="B7" target="B6"/>
  <move id="191" source="A4" target="A5"/>
  <move id="192" source="B6" target="A6"/>
  <move id="193" source="I2" target="I3"/>
  <move id="194" source="A6" target="A5"/>
  <move id="195" source="I3" target="I4"/>
  <move id="196" source="A5" target="A4"/>
  <move id="197" source="I4" target="H4"/>
  <move id="198" source="A4" target="B4"/>
  <move id="199" source="E2" target="F2"/>
  <move id="200" source="B4" target="C4"/>
  <move id="201" source="F2" target="G2"/>
  <move id="202" source="K9" target="K8"/>
  <move id="203" source="G2" target="G3"/>
  <move id="204" source="K8" target="K7"/>
  <move id="205" source="K6" target="I6"/>
  <move id="206" source="I7" target="H7"/>
  <move id="207" source="I6" target="I7"/>
  <move id="208" source="F7" target="F8"/>
  <move id="209" source="F5" target="F6"/>
  <move id="210" source="K7" target="K6"/>
  <move id="211" source="I7" target="H7"/>
  <move id="212" source="G7" target="H7"/>
  <move id="213" source="F6" target="F8"/>
  <move id="214" source="H7" target="G7"/>
  <move id="215" source="G3" target="G4"/>
  <move id="216" source="G7" target="F7"/>
  <move id="217" source="I1" target="I2"/>
  <move id="218" source="F7" target="F6"/>
  <move id="219" source="I2" target="I3"/>
  <move id="220" source="H8" target="H7"/>
  <move id="221" source="I3" target="I4"/>
  <move id="222" source="C4" target="C3"/>
  <move id="223" source="I4" target="I5"/>
  <move id="224" source="C3" target="D3"/>
  <move id="225" source="I5" target="I6"/>
  <move id="226" source="K6" target="I6"/>
  <move id="227" source="I6" target="I7"/>
  <move id="228" source="H7" target="G7"/>
  <move id="229" source="I7" target="H7"/>
  <move id="230" source="G7" target="F7"/>
  <move id="231" source="H7" target="G7"/>
  <move id="232" source="F7" target="E7"/>
  <move id="233" source="G7" target="G8"/>
  <move id="234" source="F8" target="F9"/>
  <move id="235" source="G8" target="G9"/>
  <move id="236" source="D3" target="E3"/>
  <move id="237" source="K3" target="I3"/>
  <move id="238" source="E3" target="F3"/>
  <player id="1">Player 1</player>
  <player id="2">Player 2</player>
  <result type="1" winner="2"/>
 </game>
</stratego>