<?xml version="1.0" encoding="UTF-8"?>
<stratego>
 <game type="classic">
  
  <field content="MBHDGEGEFEBGJCHBIBDDIDELKBGJHDDFEHDFIBFDAA__AA__AAAA__AA__AAPSQRNTWXSPRNUNQPPQUPQTNYTSVOVQRNSNRPPUPT"/>
  <move id="1" source="A4" target="A5"/>
  <move id="2" source="K7" target="K6"/>
  <move id="3" source="A5" target="A6"/>
  <move id="4" source="K6" target="I6"/>
  <move id="5" source="A6" target="A7"/>
  <move id="6" source="I6" target="I4"/>
  <move id="7" source="B4" target="B5"/>
  <move id="8" source="I7" target="I6"/>
  <move id="9" source="B5" target="B6"/>
  <move id="10" source="I6" target="I5"/>
  <move id="11" source="B6" target="B7"/>
  <move id="12" source="I8" target="I7"/>
  <move id="13" source="A3" target="A4"/>
  <move id="14" source="I7" target="I6"/>
  <move id="15" source="A4" target="A5"/>
  <move id="16" source="K8" target="K4"/>
  <move id="17" source="A5" target="A6"/>
  <move id="18" source="H7" target="I7"/>
  <move id="19" source="B3" target="B4"/>
  <move id="20" source="I7" target="K7"/>
  <move id="21" source="B4" target="B5"/>
  <move id="22" source="K7" target="K6"/>
  <move id="23" source="B5" target="B6"/>
  <move id="24" source="K6" target="K5"/>
  <move id="25" source="A6" target="A7"/>
  <move id="26" source="K5" target="K4"/>
  <move id="27" source="A7" target="B7"/>
  <move id="28" source="I5" target="K5"/>
  <move id="29" source="B7" target="A7"/>
  <move id="30" source="I6" target="I5"/>
  <move id="31" source="B6" target="B7"/>
  <move id="32" source="H8" target="H7"/>
  <move id="33" source="B7" target="C7"/>
  <move id="34" source="G8" target="H8"/>
  <move id="35" source="B2" target="B3"/>
  <move id="36" source="H8" target="I8"/>
  <move id="37" source="B3" target="A3"/>
  <move id="38" source="I5" target="I4"/>
  <move id="39" source="C4" target="B4"/>
  <move id="40" source="I4" target="I5"/>
  <move id="41" source="B4" target="B5"/>
  <move id="42" source="I5" target="I6"/>
  <move id="43" source="B5" target="B6"/>
  <move id="44" source="I6" target="K6"/>
  <move id="45" source="B6" target="B7"/>
  <move id="46" source="I8" target="I3"/>
  <move id="47" source="I3" target="I4"/>
  <move id="48" source="K6" target="I6"/>
  <move id="49" source="I4" target="K4"/>
  <move id="50" source="K5" target="I5"/>
  <move id="51" source="F4" target="F5"/>
  <move id="52" source="I5" target="I4"/>
  <move id="53" source="F5" target="F6"/>
  <move id="54" source="I6" target="I5"/>
  <move id="55" source="F6" target="F7"/>
  <move id="56" source="H7" target="I7"/>
  <move id="57" source="E4" target="E7"/>
  <move id="58" source="F8" target="K8"/>
  <move id="59" source="E3" target="E4"/>
  <move id="60" source="F7" target="F8"/>
  <move id="61" source="E4" target="F4"/>
  <move id="62" source="F8" target="G8"/>
  <move id="63" source="D3" target="E3"/>
  <move id="64" source="F9" target="F8"/>
  <move id="65" source="E3" target="E4"/>
  <move id="66" source="F8" target="F7"/>
  <move id="67" source="E4" target="E5"/>
  <move id="68" source="I4" target="H4"/>
  <move id="69" source="E5" target="E6"/>
  <move id="70" source="I5" target="K5"/>
  <move id="71" source="E6" target="F6"/>
  <move id="72" source="I7" target="I6"/>
  <move id="73" source="F6" target="F7"/>
  <move id="74" source="G7" target="H7"/>
  <move id="75" source="F7" target="G7"/>
  <move id="76" source="H7" target="H8"/>
  <move id="77" source="G7" target="H7"/>
  <move id="78" source="K5" target="I5"/>
  <move id="79" source="H7" target="I7"/>
  <move id="80" source="I5" target="I4"/>
  <move id="81" source="I7" target="I6"/>
  <move id="82" source="K4" target="K5"/>
  <move id="83" source="H3" target="I3"/>
  <move id="84" source="I4" target="K4"/>
  <move id="85" source="I3" target="I4"/>
  <move id="86" source="G8" target="F8"/>
  <move id="87" source="I2" target="I3"/>
  <move id="88" source="H8" target="H7"/>
  <move id="89" source="I6" target="K6"/>
  <move id="90" source="K4" target="K3"/>
  <move id="91" source="K6" target="K5"/>
  <move id="92" source="H7" target="I7"/>
  <move id="93" source="I4" target="K4"/>
  <move id="94" source="K3" target="I3"/>
  <move id="95" source="G3" target="H3"/>
  <move id="96" source="I3" target="I2"/>
  <move id="97" source="H3" target="I3"/>
  <move id="98" source="I2" target="H2"/>
  <move id="99" source="I3" target="H3"/>
  <move id="100" source="K8" target="K4"/>
  <move id="101" source="K2" target="I2"/>
  <move id="102" source="I7" target="H7"/>
  <move id="103" source="F4" target="F5"/>
  <move id="104" source="H7" target="G7"/>
  <move id="105" source="F5" target="F6"/>
  <move id="106" source="G7" target="F7"/>
  <move id="107" source="F6" target="F7"/>
  <move id="108" source="F8" target="G8"/>
  <move id="109" source="K4" target="K5"/>
  <move id="110" source="F:" target="F9"/>
  <move id="111" source="C3" target="B3"/>
  <move id="112" source="F9" target="F8"/>
  <move id="113" source="C2" target="C3"/>
  <move id="114" source="F8" target="F7"/>
  <move id="115" source="C3" target="D3"/>
  <move id="116" source="I9" target="I8"/>
  <move id="117" source="D3" target="E3"/>
  <move id="118" source="I8" target="I7"/>
  <move id="119" source="E3" target="E4"/>
  <move id="120" source="I7" target="I6"/>
  <move id="121" source="E4" target="F4"/>
  <move id="122" source="I6" target="I5"/>
  <move id="123" source="K5" target="I5"/>
  <move id="124" source="F7" target="I7"/>
  <move id="125" source="I2" target="K2"/>
  <move id="126" source="I7" target="I3"/>
  <move id="127" source="H3" target="I3"/>
  <move id="128" source="H9" target="H8"/>
  <move id="129" source="F4" target="F5"/>
  <move id="130" source="H8" target="H7"/>
  <move id="131" source="G4" target="F4"/>
  <move id="132" source="H7" target="I7"/>
  <move id="133" source="F4" target="E4"/>
  <move id="134" source="I7" target="I6"/>
  <move id="135" source="F5" target="F4"/>
  <move id="136" source="I6" target="I5"/>
  <move id="137" source="F4" target="G4"/>
  <move id="138" source="I5" target="I4"/>
  <move id="139" source="G4" target="G3"/>
  <move id="140" source="I4" target="K4"/>
  <move id="141" source="I3" target="K3"/>
  <move id="142" source="K4" target="I4"/>
  <move id="143" source="G3" target="H3"/>
  <move id="144" source="G8" target="G7"/>
  <move id="145" source="K2" target="I2"/>
  <move id="146" source="G:" target="F:"/>
  <move id="147" source="I2" target="I4"/>
  <move id="148" source="F:" target="F9"/>
  <move id="149" source="H3" target="G3"/>
  <move id="150" source="F9" target="F8"/>
  <move id="151" source="G3" target="G4"/>
  <move id="152" source="F8" target="F7"/>
  <move id="153" source="G4" target="F4"/>
  <move id="154" source="G9" target="G8"/>
  <move id="155" source="F4" target="F5"/>
  <move id="156" source="G8" target="H8"/>
  <move id="157" source="F5" target="F6"/>
  <move id="158" source="H8" target="I8"/>
  <move id="159" source="F6" target="F7"/>
  <move id="160" source="G7" target="G8"/>
  <move id="161" source="F7" target="G7"/>
  <move id="162" source="G8" target="H8"/>
  <move id="163" source="G7" target="H7"/>
  <move id="164" source="H8" target="G8"/>
  <move id="165" source="I4" target="I8"/>
  <move id="166" source="I8" target="I7"/>
  <move id="167" source="H7" target="I7"/>
  <move id="168" source="I:" target="I9"/>
  <move id="169" source="B7" target="B8"/>
  <move id="170" source="C8" target="B8"/>
  <move id="171" source="A7" target="B7"/>
  <move id="172" source="B8" target="B7"/>
  <move id="173" source="D4" target="D3"/>
  <move id="174" source="I9" target="I8"/>
  <move id="175" source="G2" target="G3"/>
  <move id="176" source="I8" target="I7"/>
  <move id="177" source="G3" target="H3"/>
  <move id="178" source="I7" target="H7"/>
  <move id="179" source="H3" target="I3"/>
  <move id="180" source="K9" target="K8"/>
  <move id="181" source="I3" target="I4"/>
  <move id="182" source="K8" target="K7"/>
  <move id="183" source="I4" target="I5"/>
  <move id="184" source="K7" target="I7"/>
  <move id="185" source="I5" target="I6"/>
  <move id="186" source="H:" target="H9"/>
  <move id="187" source="E4" target="F4"/>
  <move id="188" source="H7" target="F7"/>
  <move id="189" source="F4" target="E4"/>
  <move id="190" source="I7" target="I6"/>
  <move id="191" source="I6" target="I7"/>
  <move id="192" source="H9" target="H8"/>
  <move id="193" source="E4" target="E5"/>
  <move id="194" source="H8" target="I8"/>
  <move id="195" source="I7" target="I8"/>
  <move id="196" source="F7" target="F6"/>
  <move id="197" source="E5" target="E4"/>
  <move id="198" source="F6" target="F5"/>
  <move id="199" source="D3" target="C3"/>
  <move id="200" source="F5" target="E5"/>
  <move id="201" source="E4" target="F4"/>
  <move id="202" source="E5" target="F5"/>
  <move id="203" source="F4" target="E4"/>
  <move id="204" source="F5" target="E5"/>
  <move id="205" source="E4" target="F4"/>
  <move id="206" source="E5" target="F5"/>
  <move id="207" source="F4" target="E4"/>
  <move id="208" source="F5" target="E5"/>
  <move id="209" source="E4" target="F4"/>
  <move id="210" source="E5" target="E4"/>
  <move id="211" source="F4" target="F5"/>
  <move id="212" source="E4" target="F4"/>
  <move id="213" source="F5" target="E5"/>
  <move id="214" source="F4" target="E4"/>
  <move id="215" source="E5" target="F5"/>
  <move id="216" source="E4" target="E5"/>
  <move id="217" source="F5" target="F4"/>
  <move id="218" source="A8" target="A7"/>
  <move id="219" source="C3" target="C4"/>
  <move id="220" source="A7" target="A6"/>
  <move id="221" source="C4" target="B4"/>
  <move id="222" source="A6" target="A5"/>
  <move id="223" source="B4" target="A4"/>
  <move id="224" source="A5" target="A4"/>
  <move id="225" source="A4" target="A5"/>
  <move id="226" source="B9" target="B8"/>
  <move id="227" source="A5" target="A6"/>
  <move id="228" source="B8" target="B7"/>
  <move id="229" source="D2" target="C2"/>
  <move id="230" source="B7" target="B6"/>
  <move id="231" source="A6" target="A7"/>
  <move id="232" source="B6" target="A6"/>
  <move id="233" source="A7" target="B7"/>
  <move id="234" source="A6" target="B6"/>
  <move id="235" source="B7" target="C7"/>
  <move id="236" source="B6" target="B7"/>
  <move id="237" source="C7" target="B7"/>
  <move id="238" source="G8" target="G7"/>
  <move id="239" source="D1" target="D2"/>
  <move id="240" source="E5" target="E6"/>
  <move id="241" source="D2" target="D3"/>
  <move id="242" source="E6" target="F6"/>
  <move id="243" source="F4" target="E4"/>
  <move id="244" source="F6" target="F7"/>
  <move id="245" source="E4" target="E5"/>
  <move id="246" source="D7" target="C7"/>
  <move id="247" source="D3" target="D4"/>
  <move id="248" source="C7" target="B7"/>
  <move id="249" source="D4" target="E4"/>
  <move id="250" source="B7" target="B6"/>
  <move id="251" source="B3" target="C3"/>
  <move id="252" source="B6" target="B5"/>
  <move id="253" source="E4" target="F4"/>
  <move id="254" source="B5" target="B4"/>
  <move id="255" source="F4" target="B4"/>
  <move id="256" source="B4" target="A4"/>
  <move id="257" source="E5" target="E4"/>
  <move id="258" source="F7" target="F6"/>
  <move id="259" source="E4" target="D4"/>
  <move id="260" source="F6" target="F5"/>
  <move id="261" source="E2" target="E3"/>
  <move id="262" source="A4" target="B4"/>
  <move id="263" source="D4" target="D3"/>
  <move id="264" source="F5" target="F4"/>
  <move id="265" source="E3" target="E4"/>
  <move id="266" source="F4" target="F5"/>
  <move id="267" source="E4" target="D4"/>
  <move id="268" source="F5" target="F4"/>
  <move id="269" source="D4" target="C4"/>
  <move id="270" source="B4" target="A4"/>
  <move id="271" source="A3" target="A4"/>
  <move id="272" source="F4" target="E4"/>
  <move id="273" source="D3" target="D2"/>
  <move id="274" source="E4" target="F4"/>
  <move id="275" source="C4" target="D4"/>
  <move id="276" source="F4" target="G4"/>
  <move id="277" source="D4" target="E4"/>
  <move id="278" source="G4" target="G3"/>
  <move id="279" source="E4" target="F4"/>
  <move id="280" source="G3" target="H3"/>
  <move id="281" source="K3" target="I3"/>
  <move id="282" source="H3" target="F3"/>
  <move id="283" source="C2" target="B2"/>
  <move id="284" source="G7" target="H7"/>
  <move id="285" source="B2" target="B3"/>
  <move id="286" source="H7" target="I7"/>
  <move id="287" source="I3" target="H3"/>
  <move id="288" source="I7" target="I6"/>
  <move id="289" source="H3" target="G3"/>
  <move id="290" source="I6" target="I5"/>
  <move id="291" source="F4" target="E4"/>
  <move id="292" source="I5" target="I4"/>
  <move id="293" source="E4" target="E5"/>
  <move id="294" source="I4" target="I3"/>
  <move id="295" source="G3" target="G4"/>
  <move id="296" source="I3" target="I2"/>
  <move id="297" source="G4" target="F4"/>
  <move id="298" source="I2" target="K2"/>
  <move id="299" source="F4" target="E4"/>
  <move id="300" source="K2" target="K1"/>
  <move id="301" source="E4" target="E3"/>
  <move id="302" source="K1" target="K2"/>
  <move id="303" source="E3" target="E2"/>
  <move id="304" source="K2" target="K3"/>
  <move id="305" source="B3" target="B4"/>
  <move id="306" source="K3" target="I3"/>
  <move id="307" source="B4" target="C4"/>
  <move id="308" source="I3" target="H3"/>
  <move id="309" source="C4" target="D4"/>
  <move id="310" source="H3" target="I3"/>
  <move id="311" source="D4" target="E4"/>
  <move id="312" source="I3" target="I4"/>
  <move id="313" source="E4" target="F4"/>
  <move id="314" source="I4" target="I5"/>
  <move id="315" source="F4" target="F5"/>
  <move id="316" source="E8" target="F8"/>
  <move id="317" source="F5" target="F4"/>
  <move id="318" source="I5" target="I4"/>
  <move id="319" source="F4" target="G4"/>
  <move id="320" source="F8" target="F7"/>
  <move id="321" source="G4" target="G3"/>
  <move id="322" source="F7" target="G7"/>
  <move id="323" source="G3" target="H3"/>
  <move id="324" source="I4" target="I5"/>
  <move id="325" source="H3" target="I3"/>
  <move id="326" source="G7" target="H7"/>
  <move id="327" source="D2" target="D3"/>
  <move id="328" source="H7" target="I7"/>
  <move id="329" source="D3" target="D4"/>
  <move id="330" source="I5" target="I6"/>
  <move id="331" source="D4" target="E4"/>
  <move id="332" source="I6" target="K6"/>
  <move id="333" source="E4" target="F4"/>
  <move id="334" source="I7" target="I6"/>
  <move id="335" source="F4" target="F5"/>
  <move id="336" source="I6" target="I5"/>
  <move id="337" source="I3" target="K3"/>
  <move id="338" source="I5" target="I4"/>
  <move id="339" source="F5" target="F6"/>
  <move id="340" source="I4" target="H4"/>
  <move id="341" source="G1" target="G2"/>
  <move id="342" source="H4" target="H3"/>
  <move id="343" source="K3" target="K4"/>
  <move id="344" source="H3" target="I3"/>
  <move id="345" source="K4" target="K5"/>
  <move id="346" source="K6" target="I6"/>
  <move id="347" source="K5" target="I5"/>
  <move id="348" source="I6" target="K6"/>
  <move id="349" source="I5" target="K5"/>
  <move id="350" source="K6" target="I6"/>
  <move id="351" source="K5" target="I5"/>
  <move id="352" source="I6" target="I7"/>
  <move id="353" source="I5" target="I6"/>
  <move id="354" source="I7" target="H7"/>
  <move id="355" source="F6" target="E6"/>
  <move id="356" source="I3" target="I2"/>
  <move id="357" source="I6" target="I7"/>
  <move id="358" source="H7" target="H8"/>
  <move id="359" source="I7" target="I8"/>
  <move id="360" source="H8" target="H7"/>
  <move id="361" source="I1" target="I2"/>
  <move id="362" source="A9" target="B9"/>
  <move id="363" source="E5" target="E4"/>
  <move id="364" source="B9" target="B8"/>
  <move id="365" source="E4" target="D4"/>
  <move id="366" source="B8" target="B7"/>
  <move id="367" source="D4" target="C4"/>
  <move id="368" source="H7" target="G7"/>
  <move id="369" source="I8" target="H8"/>
  <move id="370" source="G7" target="F7"/>
  <move id="371" source="E6" target="E5"/>
  <move id="372" source="F7" target="F6"/>
  <move id="373" source="H8" target="G8"/>
  <move id="374" source="K:" target="K9"/>
  <move id="375" source="G8" target="G7"/>
  <move id="376" source="K9" target="K8"/>
  <move id="377" source="G7" target="F7"/>
  <move id="378" source="F6" target="E6"/>
  <move id="379" source="E5" target="E6"/>
  <move id="380" source="K8" target="K7"/>
  <move id="381" source="E6" target="E5"/>
  <move id="382" source="K7" target="K6"/>
  <move id="383" source="E5" target="F5"/>
  <move id="384" source="K6" target="K5"/>
  <move id="385" source="F5" target="F4"/>
  <move id="386" source="K5" target="K4"/>
  <move id="387" source="F4" target="G4"/>
  <move id="388" source="K4" target="K3"/>
  <move id="389" source="C4" target="B4"/>
  <move id="390" source="K3" target="K2"/>
  <move id="391" source="I2" target="I3"/>
  <move id="392" source="K2" target="I2"/>
  <move id="393" source="I3" target="K3"/>
  <move id="394" source="I2" target="I1"/>
  <move id="395" source="G2" target="G3"/>
  <move id="396" source="I1" target="H1"/>
  <move id="397" source="G3" target="H3"/>
  <move id="398" source="H1" target="G1"/>
  <move id="399" source="E1" target="D1"/>
  <move id="400" source="G1" target="F1"/>
  <move id="401" source="D1" target="D2"/>
  <move id="402" source="F1" target="E1"/>
  <move id="403" source="D2" target="C2"/>
  <move id="404" source="E1" target="E2"/>
  <move id="405" source="C1" target="D1"/>
  <move id="406" source="E2" target="D2"/>
  <move id="407" source="D1" target="D2"/>
  <move id="408" source="E9" target="F9"/>
  <move id="409" source="F7" target="F6"/>
  <move id="410" source="F9" target="F8"/>
  <move id="411" source="F6" target="F5"/>
  <move id="412" source="F8" target="F7"/>
  <move id="413" source="F5" target="F4"/>
  <move id="414" source="F7" target="F6"/>
  <move id="415" source="F4" target="E4"/>
  <move id="416" source="F6" target="F7"/>
  <move id="417" source="B4" target="B5"/>
  <move id="418" source="F7" target="G7"/>
  <move id="419" source="B5" target="B6"/>
  <move id="420" source="B7" target="A7"/>
  <move id="421" source="B6" target="A6"/>
  <move id="422" source="A7" target="B7"/>
  <move id="423" source="A6" target="B6"/>
  <move id="424" source="B7" target="A7"/>
  <move id="425" source="B6" target="A6"/>
  <move id="426" source="A7" target="A8"/>
  <move id="427" source="A6" target="A7"/>
  <move id="428" source="A8" target="B8"/>
  <move id="429" source="A7" target="B7"/>
  <move id="430" source="B8" target="C8"/>
  <move id="431" source="B7" target="C7"/>
  <move id="432" source="G7" target="H7"/>
  <move id="433" source="C7" target="C8"/>
  <move id="434" source="H7" target="I7"/>
  <move id="435" source="G4" target="H4"/>
  <move id="436" source="I7" target="H7"/>
  <move id="437" source="E4" target="E5"/>
  <move id="438" source="H7" target="G7"/>
  <move id="439" source="E5" target="E6"/>
  <move id="440" source="G7" target="H7"/>
  <move id="441" source="E6" target="F6"/>
  <move id="442" source="H7" target="G7"/>
  <move id="443" source="F6" target="F7"/>
  <move id="444" source="G7" target="F7"/>
  <move id="445" source="A4" target="A5"/>
  <move id="446" source="F7" target="F6"/>
  <move id="447" source="H4" target="G4"/>
  <move id="448" source="F6" target="F5"/>
  <move id="449" source="A5" target="A6"/>
  <move id="450" source="F5" target="F6"/>
  <move id="451" source="A6" target="A7"/>
  <move id="452" source="F6" target="F7"/>
  <move id="453" source="A7" target="A8"/>
  <move id="454" source="F7" target="G7"/>
  <move id="455" source="A8" target="A9"/>
  <move id="456" source="A:" target="A9"/>
  <move id="457" source="A9" target="A8"/>
  <move id="458" source="G7" target="H7"/>
  <move id="459" source="K3" target="K2"/>
  <move id="460" source="H7" target="I7"/>
  <move id="461" source="K2" target="K1"/>
  <move id="462" source="I7" target="I6"/>
  <move id="463" source="K1" target="I1"/>
  <move id="464" source="I6" target="I5"/>
  <move id="465" source="G4" target="H4"/>
  <move id="466" source="I5" target="I6"/>
  <move id="467" source="I1" target="H1"/>
  <move id="468" source="I6" target="I7"/>
  <move id="469" source="H1" target="G1"/>
  <move id="470" source="I7" target="H7"/>
  <move id="471" source="H4" target="G4"/>
  <move id="472" source="H7" target="G7"/>
  <move id="473" source="G1" target="F1"/>
  <move id="474" source="G7" target="H7"/>
  <move id="475" source="C8" target="B8"/>
  <move id="476" source="H7" target="I7"/>
  <move id="477" source="B8" target="B7"/>
  <move id="478" source="I7" target="I6"/>
  <move id="479" source="B7" target="B6"/>
  <move id="480" source="I6" target="I5"/>
  <move id="481" source="G4" target="H4"/>
  <move id="482" source="I5" target="I6"/>
  <move id="483" source="B6" target="B5"/>
  <move id="484" source="I6" target="I7"/>
  <move id="485" source="B5" target="B4"/>
  <move id="486" source="I7" target="H7"/>
  <move id="487" source="B4" target="C4"/>
  <move id="488" source="H7" target="G7"/>
  <move id="489" source="C4" target="D4"/>
  <move id="490" source="G7" target="F7"/>
  <move id="491" source="D4" target="E4"/>
  <move id="492" source="F7" target="F6"/>
  <move id="493" source="E4" target="E5"/>
  <move id="494" source="F6" target="F7"/>
  <move id="495" source="E5" target="E6"/>
  <move id="496" source="F7" target="F8"/>
  <move id="497" source="E6" target="F6"/>
  <move id="498" source="F8" target="G8"/>
  <move id="499" source="F6" target="F7"/>
  <move id="500" source="G8" target="H8"/>
  <move id="501" source="F7" target="G7"/>
  <move id="502" source="H8" target="I8"/>
  <move id="503" source="G7" target="H7"/>
  <move id="504" source="I8" target="K8"/>
  <move id="505" source="H7" target="I7"/>
  <move id="506" source="E:" target="E9"/>
  <move id="507" source="H4" target="I4"/>
  <move id="508" source="E9" target="E8"/>
  <move id="509" source="H3" target="H4"/>
  <move id="510" source="E8" target="F8"/>
  <move id="511" source="H4" target="G4"/>
  <move id="512" source="F8" target="F7"/>
  <move id="513" source="G4" target="F4"/>
  <move id="514" source="F7" target="F6"/>
  <move id="515" source="C2" target="D2"/>
  <move id="516" source="F6" target="E6"/>
  <move id="517" source="D2" target="D3"/>
  <move id="518" source="E6" target="E5"/>
  <move id="519" source="D3" target="D4"/>
  <move id="520" source="E5" target="E4"/>
  <move id="521" source="D4" target="E4"/>
  <move id="522" source="K8" target="K7"/>
  <move id="523" source="I7" target="K7"/>
  <player id="1">Player 1</player>
  <player id="2">Player 2</player>
  <result type="0" winner="1"/>
 </game>
</stratego>