<?xml version="1.0" encoding="UTF-8"?>
<stratego>
 <game type="classic">
  
  <field content="EBFHBMBEDEFHBFGBFEDIDBJCKDEGGLDGIDHDDJHIAA__AA__AAAA__AA__AAPRSPRTWXTRSTVUNONVPSUPQPNSNRPUPQPQTNYNQQ"/>
  <move id="1" source="K4" target="K5"/>
  <move id="2" source="I7" target="I6"/>
  <move id="3" source="I4" target="I5"/>
  <move id="4" source="I6" target="I7"/>
  <move id="5" source="K3" target="K4"/>
  <move id="6" source="F7" target="F6"/>
  <move id="7" source="I5" target="I6"/>
  <move id="8" source="F6" target="F7"/>
  <move id="9" source="K5" target="K6"/>
  <move id="10" source="E7" target="E6"/>
  <move id="11" source="K4" target="K5"/>
  <move id="12" source="F7" target="F6"/>
  <move id="13" source="I6" target="I7"/>
  <move id="14" source="I8" target="I7"/>
  <move id="15" source="I3" target="I4"/>
  <move id="16" source="I7" target="I6"/>
  <move id="17" source="I4" target="I5"/>
  <move id="18" source="I9" target="I8"/>
  <move id="19" source="I5" target="I6"/>
  <move id="20" source="I8" target="I7"/>
  <move id="21" source="K5" target="I5"/>
  <move id="22" source="I7" target="I8"/>
  <move id="23" source="K6" target="K5"/>
  <move id="24" source="I8" target="I9"/>
  <move id="25" source="H3" target="I3"/>
  <move id="26" source="K8" target="I8"/>
  <move id="27" source="I3" target="K3"/>
  <move id="28" source="I8" target="I7"/>
  <move id="29" source="K5" target="K6"/>
  <move id="30" source="K7" target="K8"/>
  <move id="31" source="K3" target="K4"/>
  <move id="32" source="K8" target="I8"/>
  <move id="33" source="K6" target="K7"/>
  <move id="34" source="K9" target="K8"/>
  <move id="35" source="I6" target="K6"/>
  <move id="36" source="K8" target="K7"/>
  <move id="37" source="I5" target="I6"/>
  <move id="38" source="I8" target="K8"/>
  <move id="39" source="K6" target="K7"/>
  <move id="40" source="K8" target="I8"/>
  <move id="41" source="K7" target="I7"/>
  <move id="42" source="I8" target="I7"/>
  <move id="43" source="K4" target="K5"/>
  <move id="44" source="I9" target="K9"/>
  <move id="45" source="K5" target="K6"/>
  <move id="46" source="K9" target="K6"/>
  <move id="47" source="K6" target="K5"/>
  <move id="48" source="I7" target="I6"/>
  <move id="49" source="I6" target="I7"/>
  <move id="50" source="F6" target="F5"/>
  <move id="51" source="K5" target="K6"/>
  <move id="52" source="G7" target="F7"/>
  <move id="53" source="K6" target="K7"/>
  <move id="54" source="F7" target="F6"/>
  <move id="55" source="K7" target="K8"/>
  <move id="56" source="E6" target="E5"/>
  <move id="57" source="K8" target="K9"/>
  <move id="58" source="E5" target="E4"/>
  <move id="59" source="K9" target="K:"/>
  <move id="60" source="F6" target="E6"/>
  <move id="61" source="K:" target="I:"/>
  <move id="62" source="E6" target="E5"/>
  <move id="63" source="I:" target="I9"/>
  <move id="64" source="E5" target="E4"/>
  <move id="65" source="I9" target="H9"/>
  <move id="66" source="E4" target="E5"/>
  <move id="67" source="H9" target="H8"/>
  <move id="68" source="H7" target="I7"/>
  <move id="69" source="H4" target="I4"/>
  <move id="70" source="H8" target="I8"/>
  <move id="71" source="I4" target="I5"/>
  <move id="72" source="I8" target="I7"/>
  <move id="73" source="I5" target="I6"/>
  <move id="74" source="I7" target="K7"/>
  <move id="75" source="I6" target="K6"/>
  <move id="76" source="K7" target="K8"/>
  <move id="77" source="K6" target="K7"/>
  <move id="78" source="K8" target="I8"/>
  <move id="79" source="K7" target="I7"/>
  <move id="80" source="I8" target="K8"/>
  <move id="81" source="I7" target="K7"/>
  <move id="82" source="K8" target="I8"/>
  <move id="83" source="K7" target="I7"/>
  <move id="84" source="I8" target="K8"/>
  <move id="85" source="I7" target="K7"/>
  <move id="86" source="K8" target="I8"/>
  <move id="87" source="K7" target="I7"/>
  <move id="88" source="I8" target="I9"/>
  <move id="89" source="I7" target="I8"/>
  <move id="90" source="I9" target="K9"/>
  <move id="91" source="I8" target="K8"/>
  <move id="92" source="K9" target="I9"/>
  <move id="93" source="K8" target="I8"/>
  <move id="94" source="I9" target="H9"/>
  <move id="95" source="G4" target="H4"/>
  <move id="96" source="D7" target="I7"/>
  <move id="97" source="I2" target="I7"/>
  <move id="98" source="F5" target="F4"/>
  <move id="99" source="H4" target="I4"/>
  <move id="100" source="B7" target="B6"/>
  <move id="101" source="I4" target="I5"/>
  <move id="102" source="B6" target="B5"/>
  <move id="103" source="I5" target="I6"/>
  <move id="104" source="F8" target="F7"/>
  <move id="105" source="I6" target="K6"/>
  <move id="106" source="F7" target="G7"/>
  <move id="107" source="K6" target="K7"/>
  <move id="108" source="G7" target="H7"/>
  <move id="109" source="K7" target="K8"/>
  <move id="110" source="H7" target="I7"/>
  <move id="111" source="I8" target="H8"/>
  <move id="112" source="H9" target="I9"/>
  <move id="113" source="H8" target="I8"/>
  <move id="114" source="I9" target="H9"/>
  <move id="115" source="I8" target="I7"/>
  <move id="116" source="H9" target="H8"/>
  <move id="117" source="I7" target="I6"/>
  <move id="118" source="H8" target="H7"/>
  <move id="119" source="K8" target="K7"/>
  <move id="120" source="E5" target="E6"/>
  <move id="121" source="K7" target="I7"/>
  <move id="122" source="H7" target="G7"/>
  <move id="123" source="I7" target="H7"/>
  <move id="124" source="G7" target="F7"/>
  <move id="125" source="H7" target="G7"/>
  <move id="126" source="F7" target="E7"/>
  <move id="127" source="G7" target="F7"/>
  <move id="128" source="E7" target="D7"/>
  <move id="129" source="B4" target="B5"/>
  <move id="130" source="B8" target="B7"/>
  <move id="131" source="B5" target="A5"/>
  <move id="132" source="B7" target="B6"/>
  <move id="133" source="C4" target="B4"/>
  <move id="134" source="B6" target="A6"/>
  <move id="135" source="A5" target="B5"/>
  <move id="136" source="C8" target="B8"/>
  <move id="137" source="A4" target="A6"/>
  <move id="138" source="C7" target="C8"/>
  <move id="139" source="B4" target="A4"/>
  <move id="140" source="D7" target="C7"/>
  <move id="141" source="A4" target="A5"/>
  <move id="142" source="C7" target="B7"/>
  <move id="143" source="B5" target="B4"/>
  <move id="144" source="B7" target="B6"/>
  <move id="145" source="B4" target="C4"/>
  <move id="146" source="A6" target="A5"/>
  <move id="147" source="D4" target="E4"/>
  <move id="148" source="B6" target="B5"/>
  <move id="149" source="A5" target="A6"/>
  <move id="150" source="B8" target="B7"/>
  <move id="151" source="C4" target="D4"/>
  <move id="152" source="A7" target="A6"/>
  <move id="153" source="C3" target="C4"/>
  <move id="154" source="B5" target="A5"/>
  <move id="155" source="A6" target="B6"/>
  <move id="156" source="B7" target="B6"/>
  <move id="157" source="C4" target="B4"/>
  <move id="158" source="E6" target="E7"/>
  <move id="159" source="F7" target="F6"/>
  <move id="160" source="E7" target="E6"/>
  <move id="161" source="F6" target="F7"/>
  <move id="162" source="B6" target="B7"/>
  <move id="163" source="G3" target="H3"/>
  <move id="164" source="B7" target="C7"/>
  <move id="165" source="H3" target="I3"/>
  <move id="166" source="B9" target="B4"/>
  <move id="167" source="I3" target="K3"/>
  <move id="168" source="C7" target="B7"/>
  <move id="169" source="K3" target="K4"/>
  <move id="170" source="B7" target="B6"/>
  <move id="171" source="K4" target="K5"/>
  <move id="172" source="B6" target="B5"/>
  <move id="173" source="K5" target="K6"/>
  <move id="174" source="B5" target="B4"/>
  <move id="175" source="K6" target="K7"/>
  <move id="176" source="E6" target="E7"/>
  <move id="177" source="F7" target="F6"/>
  <move id="178" source="E7" target="E6"/>
  <move id="179" source="F6" target="F7"/>
  <move id="180" source="B:" target="B9"/>
  <move id="181" source="K7" target="K8"/>
  <move id="182" source="B9" target="B8"/>
  <move id="183" source="K8" target="K9"/>
  <move id="184" source="B8" target="B7"/>
  <move id="185" source="I6" target="I7"/>
  <move id="186" source="B7" target="B6"/>
  <move id="187" source="I7" target="I8"/>
  <move id="188" source="B6" target="B5"/>
  <move id="189" source="D4" target="C4"/>
  <move id="190" source="A5" target="A4"/>
  <move id="191" source="I8" target="H8"/>
  <move id="192" source="A4" target="B4"/>
  <move id="193" source="C4" target="C3"/>
  <move id="194" source="B4" target="C4"/>
  <move id="195" source="K9" target="K:"/>
  <move id="196" source="C4" target="C3"/>
  <move id="197" source="E4" target="D4"/>
  <move id="198" source="E6" target="F6"/>
  <move id="199" source="F7" target="E7"/>
  <move id="200" source="F6" target="F7"/>
  <move id="201" source="E7" target="E6"/>
  <move id="202" source="F7" target="G7"/>
  <move id="203" source="H8" target="I8"/>
  <move id="204" source="G7" target="H7"/>
  <move id="205" source="K:" target="I:"/>
  <move id="206" source="H7" target="H8"/>
  <move id="207" source="I8" target="I7"/>
  <move id="208" source="H8" target="I8"/>
  <move id="209" source="I7" target="H7"/>
  <move id="210" source="I8" target="H8"/>
  <move id="211" source="H7" target="I7"/>
  <move id="212" source="B5" target="B4"/>
  <move id="213" source="I:" target="H:"/>
  <move id="214" source="B4" target="B3"/>
  <move id="215" source="D4" target="C4"/>
  <move id="216" source="H8" target="H9"/>
  <move id="217" source="H:" target="G:"/>
  <player id="1">Player 1</player>
  <player id="2">Player 2</player>
  <result type="1" winner="1"/>
 </game>
</stratego>