<?xml version="1.0" encoding="UTF-8"?>
<stratego>
 <game type="classic">
  
  <field content="MBBEFFBEDDBEEIBBEJDKGGLGDHDCIHHFIDGDJHDFAA__AA__AAAA__AA__AATPSTPUSPPTRWPRXSPTRVNOVQNQNNSQQUPNYNRQPU"/>
  <move id="1" source="E4" target="E5"/>
  <move id="2" source="F7" target="F6"/>
  <move id="3" source="F4" target="E4"/>
  <move id="4" source="F6" target="F5"/>
  <move id="5" source="E5" target="E6"/>
  <move id="6" source="F5" target="E5"/>
  <move id="7" source="E4" target="F4"/>
  <move id="8" source="E5" target="E6"/>
  <move id="9" source="F4" target="F8"/>
  <move id="10" source="E6" target="F6"/>
  <move id="11" source="D4" target="E4"/>
  <move id="12" source="F6" target="F7"/>
  <move id="13" source="E4" target="E5"/>
  <move id="14" source="I7" target="I6"/>
  <move id="15" source="G4" target="F4"/>
  <move id="16" source="I6" target="K6"/>
  <move id="17" source="F4" target="F5"/>
  <move id="18" source="K6" target="K4"/>
  <move id="19" source="F5" target="F6"/>
  <move id="20" source="K7" target="K6"/>
  <move id="21" source="D3" target="D4"/>
  <move id="22" source="K6" target="K5"/>
  <move id="23" source="D4" target="E4"/>
  <move id="24" source="B7" target="B4"/>
  <move id="25" source="E5" target="E6"/>
  <move id="26" source="A7" target="A6"/>
  <move id="27" source="E4" target="E5"/>
  <move id="28" source="A6" target="A5"/>
  <move id="29" source="H4" target="G4"/>
  <move id="30" source="K5" target="K4"/>
  <move id="31" source="I4" target="I5"/>
  <move id="32" source="K4" target="K5"/>
  <move id="33" source="I5" target="I6"/>
  <move id="34" source="K5" target="K6"/>
  <move id="35" source="I6" target="I5"/>
  <move id="36" source="K6" target="K7"/>
  <move id="37" source="I5" target="I4"/>
  <move id="38" source="A5" target="A4"/>
  <move id="39" source="B4" target="B5"/>
  <move id="40" source="C7" target="B7"/>
  <move id="41" source="C4" target="B4"/>
  <move id="42" source="B7" target="B6"/>
  <move id="43" source="I4" target="I5"/>
  <move id="44" source="D7" target="C7"/>
  <move id="45" source="I3" target="I4"/>
  <move id="46" source="C7" target="B7"/>
  <move id="47" source="I4" target="K4"/>
  <move id="48" source="B7" target="A7"/>
  <move id="49" source="K4" target="K5"/>
  <move id="50" source="A7" target="A6"/>
  <move id="51" source="K5" target="K6"/>
  <move id="52" source="A6" target="A5"/>
  <move id="53" source="I5" target="I6"/>
  <move id="54" source="B6" target="B5"/>
  <move id="55" source="E5" target="E4"/>
  <move id="56" source="B5" target="B6"/>
  <move id="57" source="E4" target="D4"/>
  <move id="58" source="A5" target="A6"/>
  <move id="59" source="D4" target="D3"/>
  <move id="60" source="A6" target="A7"/>
  <move id="61" source="G4" target="F4"/>
  <move id="62" source="A7" target="B7"/>
  <move id="63" source="B4" target="B5"/>
  <move id="64" source="B6" target="A6"/>
  <move id="65" source="B5" target="A5"/>
  <move id="66" source="A6" target="B6"/>
  <move id="67" source="A5" target="B5"/>
  <move id="68" source="E7" target="E6"/>
  <move id="69" source="C3" target="C4"/>
  <move id="70" source="F7" target="E7"/>
  <move id="71" source="F6" target="E6"/>
  <move id="72" source="E7" target="D7"/>
  <move id="73" source="E6" target="E7"/>
  <move id="74" source="D7" target="E7"/>
  <move id="75" source="E7" target="E6"/>
  <move id="76" source="G7" target="F7"/>
  <move id="77" source="E6" target="E5"/>
  <move id="78" source="F7" target="F6"/>
  <move id="79" source="E5" target="E4"/>
  <move id="80" source="F6" target="F5"/>
  <move id="81" source="E4" target="D4"/>
  <move id="82" source="F5" target="E5"/>
  <move id="83" source="F4" target="E4"/>
  <move id="84" source="E5" target="F5"/>
  <move id="85" source="B3" target="B4"/>
  <move id="86" source="F5" target="F6"/>
  <move id="87" source="D3" target="C3"/>
  <move id="88" source="F6" target="F7"/>
  <move id="89" source="C3" target="B3"/>
  <move id="90" source="F7" target="G7"/>
  <move id="91" source="D4" target="D3"/>
  <move id="92" source="H7" target="I7"/>
  <move id="93" source="E4" target="D4"/>
  <move id="94" source="I7" target="I6"/>
  <move id="95" source="G3" target="G4"/>
  <move id="96" source="G7" target="H7"/>
  <move id="97" source="G4" target="H4"/>
  <move id="98" source="H7" target="I7"/>
  <move id="99" source="H4" target="I4"/>
  <move id="100" source="I7" target="I6"/>
  <move id="101" source="K6" target="K5"/>
  <move id="102" source="K7" target="I7"/>
  <move id="103" source="I4" target="I6"/>
  <move id="104" source="I7" target="H7"/>
  <move id="105" source="K5" target="K4"/>
  <move id="106" source="H7" target="G7"/>
  <move id="107" source="K4" target="I4"/>
  <move id="108" source="I6" target="K6"/>
  <move id="109" source="I4" target="H4"/>
  <move id="110" source="G7" target="H7"/>
  <move id="111" source="B4" target="A4"/>
  <move id="112" source="B6" target="A6"/>
  <move id="113" source="B5" target="A5"/>
  <move id="114" source="A6" target="A7"/>
  <move id="115" source="A5" target="A6"/>
  <move id="116" source="B7" target="B6"/>
  <move id="117" source="A6" target="A5"/>
  <move id="118" source="A7" target="B7"/>
  <move id="119" source="A4" target="B4"/>
  <move id="120" source="B7" target="C7"/>
  <move id="121" source="A5" target="A4"/>
  <move id="122" source="C7" target="D7"/>
  <move id="123" source="B4" target="B5"/>
  <move id="124" source="B6" target="B7"/>
  <move id="125" source="A4" target="B4"/>
  <move id="126" source="C8" target="C7"/>
  <move id="127" source="B3" target="C3"/>
  <move id="128" source="D7" target="E7"/>
  <move id="129" source="B4" target="B3"/>
  <move id="130" source="E7" target="F7"/>
  <move id="131" source="B5" target="B4"/>
  <move id="132" source="F7" target="E7"/>
  <move id="133" source="D4" target="E4"/>
  <move id="134" source="D8" target="D7"/>
  <move id="135" source="E4" target="F4"/>
  <move id="136" source="K6" target="K5"/>
  <move id="137" source="F4" target="G4"/>
  <move id="138" source="K5" target="K4"/>
  <move id="139" source="K3" target="K4"/>
  <move id="140" source="K8" target="K7"/>
  <move id="141" source="K4" target="K3"/>
  <move id="142" source="K7" target="K6"/>
  <move id="143" source="I2" target="I3"/>
  <move id="144" source="K6" target="K5"/>
  <move id="145" source="I3" target="I4"/>
  <move id="146" source="K5" target="K4"/>
  <move id="147" source="G4" target="G3"/>
  <move id="148" source="H7" target="I7"/>
  <move id="149" source="D3" target="D4"/>
  <move id="150" source="I7" target="I6"/>
  <move id="151" source="C3" target="D3"/>
  <move id="152" source="I6" target="I5"/>
  <move id="153" source="I4" target="I3"/>
  <move id="154" source="I5" target="I4"/>
  <move id="155" source="I3" target="I2"/>
  <move id="156" source="I4" target="I3"/>
  <move id="157" source="K3" target="I3"/>
  <move id="158" source="I8" target="I7"/>
  <move id="159" source="I2" target="I3"/>
  <move id="160" source="I7" target="I6"/>
  <move id="161" source="I3" target="K3"/>
  <move id="162" source="I6" target="I5"/>
  <move id="163" source="K3" target="K4"/>
  <move id="164" source="I5" target="I4"/>
  <move id="165" source="D4" target="E4"/>
  <move id="166" source="I4" target="I3"/>
  <move id="167" source="E4" target="E5"/>
  <move id="168" source="I3" target="H3"/>
  <move id="169" source="H4" target="I4"/>
  <move id="170" source="K4" target="K5"/>
  <move id="171" source="K2" target="K3"/>
  <move id="172" source="K5" target="K6"/>
  <move id="173" source="K3" target="K4"/>
  <move id="174" source="K6" target="K7"/>
  <move id="175" source="K4" target="K5"/>
  <move id="176" source="H3" target="I3"/>
  <move id="177" source="K5" target="K6"/>
  <move id="178" source="K7" target="I7"/>
  <move id="179" source="K6" target="I6"/>
  <move id="180" source="I7" target="H7"/>
  <move id="181" source="I4" target="I3"/>
  <move id="182" source="H7" target="G7"/>
  <move id="183" source="C4" target="D4"/>
  <move id="184" source="G7" target="H7"/>
  <move id="185" source="D4" target="E4"/>
  <move id="186" source="H7" target="I7"/>
  <move id="187" source="I6" target="I7"/>
  <move id="188" source="B7" target="A7"/>
  <move id="189" source="I7" target="I6"/>
  <move id="190" source="B8" target="B7"/>
  <move id="191" source="D3" target="D4"/>
  <move id="192" source="B7" target="B6"/>
  <move id="193" source="D4" target="C4"/>
  <move id="194" source="B6" target="B5"/>
  <move id="195" source="B3" target="C3"/>
  <move id="196" source="B5" target="B4"/>
  <move id="197" source="E3" target="D3"/>
  <move id="198" source="B4" target="C4"/>
  <move id="199" source="C3" target="B3"/>
  <move id="200" source="C4" target="B4"/>
  <move id="201" source="B3" target="C3"/>
  <move id="202" source="B4" target="B5"/>
  <move id="203" source="D3" target="D4"/>
  <move id="204" source="B5" target="B6"/>
  <move id="205" source="D4" target="C4"/>
  <move id="206" source="B6" target="B7"/>
  <move id="207" source="C4" target="B4"/>
  <move id="208" source="B7" target="B8"/>
  <move id="209" source="E5" target="E6"/>
  <move id="210" source="D7" target="D8"/>
  <move id="211" source="B4" target="B5"/>
  <move id="212" source="E7" target="D7"/>
  <move id="213" source="B5" target="B6"/>
  <move id="214" source="D7" target="E7"/>
  <move id="215" source="B6" target="B7"/>
  <move id="216" source="A7" target="A6"/>
  <move id="217" source="F3" target="F4"/>
  <move id="218" source="A6" target="A5"/>
  <move id="219" source="F4" target="F5"/>
  <move id="220" source="A5" target="A4"/>
  <move id="221" source="A3" target="A4"/>
  <move id="222" source="C7" target="B7"/>
  <move id="223" source="F5" target="F6"/>
  <move id="224" source="A4" target="A3"/>
  <move id="225" source="G3" target="F3"/>
  <move id="226" source="A3" target="A2"/>
  <move id="227" source="F3" target="E3"/>
  <move id="228" source="E7" target="D7"/>
  <move id="229" source="E6" target="E5"/>
  <move id="230" source="D7" target="C7"/>
  <move id="231" source="F6" target="F7"/>
  <move id="232" source="C7" target="C8"/>
  <move id="233" source="E3" target="D3"/>
  <move id="234" source="G8" target="G7"/>
  <move id="235" source="F7" target="F8"/>
  <move id="236" source="G7" target="H7"/>
  <move id="237" source="I6" target="K6"/>
  <move id="238" source="H7" target="I7"/>
  <move id="239" source="I3" target="H3"/>
  <move id="240" source="I7" target="I6"/>
  <move id="241" source="K6" target="K5"/>
  <move id="242" source="I6" target="I5"/>
  <move id="243" source="K5" target="K6"/>
  <move id="244" source="I5" target="I4"/>
  <move id="245" source="I1" target="I4"/>
  <move id="246" source="D8" target="D7"/>
  <move id="247" source="D3" target="D4"/>
  <move id="248" source="D7" target="E7"/>
  <move id="249" source="F8" target="G8"/>
  <move id="250" source="H8" target="H7"/>
  <move id="251" source="E4" target="F4"/>
  <move id="252" source="H7" target="I7"/>
  <move id="253" source="F4" target="G4"/>
  <move id="254" source="I7" target="I6"/>
  <move id="255" source="K6" target="K5"/>
  <move id="256" source="I6" target="I5"/>
  <move id="257" source="K5" target="K6"/>
  <move id="258" source="I5" target="I4"/>
  <move id="259" source="D4" target="E4"/>
  <move id="260" source="I4" target="I3"/>
  <move id="261" source="H3" target="G3"/>
  <move id="262" source="I3" target="H3"/>
  <move id="263" source="G3" target="F3"/>
  <move id="264" source="H3" target="H2"/>
  <move id="265" source="E4" target="D4"/>
  <move id="266" source="E7" target="E6"/>
  <move id="267" source="E5" target="E4"/>
  <move id="268" source="E6" target="E5"/>
  <move id="269" source="E4" target="E3"/>
  <move id="270" source="E5" target="E4"/>
  <move id="271" source="E3" target="D3"/>
  <move id="272" source="E4" target="F4"/>
  <move id="273" source="F3" target="F4"/>
  <move id="274" source="C8" target="D8"/>
  <move id="275" source="D4" target="E4"/>
  <move id="276" source="C9" target="C8"/>
  <move id="277" source="E4" target="D4"/>
  <move id="278" source="C8" target="C7"/>
  <move id="279" source="D4" target="C4"/>
  <move id="280" source="C7" target="D7"/>
  <move id="281" source="C4" target="D4"/>
  <move id="282" source="D7" target="E7"/>
  <move id="283" source="K6" target="K5"/>
  <move id="284" source="E7" target="E6"/>
  <move id="285" source="F4" target="F3"/>
  <move id="286" source="E6" target="E5"/>
  <move id="287" source="G4" target="F4"/>
  <move id="288" source="E5" target="E6"/>
  <move id="289" source="K5" target="K4"/>
  <move id="290" source="E6" target="E7"/>
  <move id="291" source="K4" target="I4"/>
  <move id="292" source="E7" target="D7"/>
  <move id="293" source="D4" target="E4"/>
  <move id="294" source="D7" target="C7"/>
  <move id="295" source="E4" target="E3"/>
  <move id="296" source="C7" target="B7"/>
  <move id="297" source="F4" target="E4"/>
  <move id="298" source="B7" target="B6"/>
  <move id="299" source="E4" target="D4"/>
  <move id="300" source="B6" target="B5"/>
  <move id="301" source="D4" target="C4"/>
  <move id="302" source="B5" target="A5"/>
  <move id="303" source="C4" target="B4"/>
  <move id="304" source="E8" target="E7"/>
  <move id="305" source="E3" target="E4"/>
  <move id="306" source="E7" target="E6"/>
  <move id="307" source="E4" target="E5"/>
  <move id="308" source="E6" target="E5"/>
  <move id="309" source="F3" target="G3"/>
  <move id="310" source="E5" target="E4"/>
  <move id="311" source="C3" target="B3"/>
  <move id="312" source="E4" target="F4"/>
  <move id="313" source="B3" target="A3"/>
  <move id="314" source="F4" target="G4"/>
  <move id="315" source="G3" target="F3"/>
  <move id="316" source="G4" target="G3"/>
  <move id="317" source="I4" target="I5"/>
  <move id="318" source="G3" target="F3"/>
  <move id="319" source="I5" target="I6"/>
  <move id="320" source="F3" target="E3"/>
  <move id="321" source="D3" target="C3"/>
  <move id="322" source="E3" target="E4"/>
  <move id="323" source="I6" target="I7"/>
  <move id="324" source="E4" target="E5"/>
  <move id="325" source="I7" target="I8"/>
  <move id="326" source="E5" target="F5"/>
  <move id="327" source="K1" target="K9"/>
  <move id="328" source="F5" target="F6"/>
  <move id="329" source="A3" target="A4"/>
  <move id="330" source="F6" target="F7"/>
  <move id="331" source="I8" target="K8"/>
  <move id="332" source="D8" target="C8"/>
  <move id="333" source="C3" target="B3"/>
  <move id="334" source="C8" target="C9"/>
  <move id="335" source="B3" target="A3"/>
  <move id="336" source="B8" target="C8"/>
  <move id="337" source="B4" target="B5"/>
  <move id="338" source="A5" target="A4"/>
  <move id="339" source="A3" target="B3"/>
  <move id="340" source="C8" target="D8"/>
  <move id="341" source="B3" target="C3"/>
  <move id="342" source="D8" target="E8"/>
  <move id="343" source="B2" target="B3"/>
  <move id="344" source="F7" target="G7"/>
  <move id="345" source="B5" target="A5"/>
  <move id="346" source="A4" target="A5"/>
  <move id="347" source="G8" target="G9"/>
  <move id="348" source="E8" target="E7"/>
  <move id="349" source="A5" target="A4"/>
  <move id="350" source="E7" target="E6"/>
  <move id="351" source="A4" target="B4"/>
  <move id="352" source="E6" target="E5"/>
  <move id="353" source="B4" target="C4"/>
  <move id="354" source="E5" target="E4"/>
  <move id="355" source="C4" target="D4"/>
  <move id="356" source="E4" target="E3"/>
  <move id="357" source="B3" target="B4"/>
  <move id="358" source="G7" target="H7"/>
  <move id="359" source="B4" target="B5"/>
  <move id="360" source="H7" target="I7"/>
  <move id="361" source="H2" target="H3"/>
  <move id="362" source="E3" target="F3"/>
  <move id="363" source="D4" target="E4"/>
  <move id="364" source="F3" target="G3"/>
  <move id="365" source="H3" target="H4"/>
  <move id="366" source="I7" target="I6"/>
  <move id="367" source="E4" target="F4"/>
  <move id="368" source="I6" target="I5"/>
  <move id="369" source="K8" target="K9"/>
  <move id="370" source="I5" target="I4"/>
  <move id="371" source="H4" target="G4"/>
  <move id="372" source="I4" target="H4"/>
  <move id="373" source="K9" target="K8"/>
  <move id="374" source="H4" target="G4"/>
  <move id="375" source="C3" target="C4"/>
  <move id="376" source="G4" target="F4"/>
  <move id="377" source="K8" target="I8"/>
  <move id="378" source="G3" target="G4"/>
  <move id="379" source="C4" target="C3"/>
  <move id="380" source="G4" target="F4"/>
  <move id="381" source="B5" target="B6"/>
  <move id="382" source="F4" target="E4"/>
  <move id="383" source="B6" target="B7"/>
  <move id="384" source="E4" target="D4"/>
  <move id="385" source="I8" target="H8"/>
  <move id="386" source="B9" target="B8"/>
  <move id="387" source="B7" target="C7"/>
  <move id="388" source="B8" target="B7"/>
  <move id="389" source="C7" target="D7"/>
  <move id="390" source="B7" target="B6"/>
  <move id="391" source="D7" target="E7"/>
  <move id="392" source="B6" target="B5"/>
  <move id="393" source="E7" target="F7"/>
  <move id="394" source="B5" target="B4"/>
  <move id="395" source="F7" target="G7"/>
  <move id="396" source="B4" target="B3"/>
  <move id="397" source="C3" target="B3"/>
  <move id="398" source="D4" target="C4"/>
  <move id="399" source="G7" target="G8"/>
  <move id="400" source="C4" target="B4"/>
  <move id="401" source="B3" target="A3"/>
  <move id="402" source="B4" target="A4"/>
  <move id="403" source="A3" target="B3"/>
  <move id="404" source="A4" target="B4"/>
  <move id="405" source="B3" target="A3"/>
  <move id="406" source="B4" target="A4"/>
  <move id="407" source="A3" target="B3"/>
  <move id="408" source="A4" target="B4"/>
  <move id="409" source="B3" target="C3"/>
  <move id="410" source="A8" target="A7"/>
  <move id="411" source="G8" target="G9"/>
  <move id="412" source="G:" target="G9"/>
  <move id="413" source="H8" target="G8"/>
  <move id="414" source="A7" target="A6"/>
  <move id="415" source="G8" target="G9"/>
  <move id="416" source="A6" target="A5"/>
  <move id="417" source="G9" target="G:"/>
  <move id="418" source="A5" target="A4"/>
  <move id="419" source="G2" target="G3"/>
  <move id="420" source="A4" target="A3"/>
  <move id="421" source="G3" target="G4"/>
  <move id="422" source="A3" target="B3"/>
  <move id="423" source="G:" target="G9"/>
  <move id="424" source="B3" target="B2"/>
  <move id="425" source="G9" target="G8"/>
  <move id="426" source="B2" target="B1"/>
  <move id="427" source="G8" target="F8"/>
  <move id="428" source="B4" target="C4"/>
  <move id="429" source="C3" target="B3"/>
  <move id="430" source="K:" target="K9"/>
  <move id="431" source="G4" target="F4"/>
  <move id="432" source="K9" target="K8"/>
  <move id="433" source="F4" target="F5"/>
  <move id="434" source="K8" target="K7"/>
  <move id="435" source="F5" target="F6"/>
  <move id="436" source="K7" target="K6"/>
  <move id="437" source="F6" target="F7"/>
  <move id="438" source="K6" target="I6"/>
  <move id="439" source="F7" target="E7"/>
  <move id="440" source="D9" target="D8"/>
  <move id="441" source="B3" target="A3"/>
  <move id="442" source="C4" target="B4"/>
  <move id="443" source="E7" target="E8"/>
  <move id="444" source="D8" target="E8"/>
  <move id="445" source="D2" target="D3"/>
  <move id="446" source="B4" target="C4"/>
  <move id="447" source="D3" target="E3"/>
  <move id="448" source="C4" target="D4"/>
  <move id="449" source="E3" target="F3"/>
  <move id="450" source="D4" target="E4"/>
  <move id="451" source="F3" target="G3"/>
  <move id="452" source="I6" target="I5"/>
  <move id="453" source="F8" target="F7"/>
  <move id="454" source="I5" target="I4"/>
  <move id="455" source="F7" target="F6"/>
  <move id="456" source="I4" target="I3"/>
  <move id="457" source="C2" target="B2"/>
  <move id="458" source="I3" target="H3"/>
  <move id="459" source="B2" target="B3"/>
  <move id="460" source="H3" target="G3"/>
  <move id="461" source="B3" target="B4"/>
  <move id="462" source="E4" target="E5"/>
  <move id="463" source="B4" target="A4"/>
  <move id="464" source="E5" target="E4"/>
  <move id="465" source="A4" target="A5"/>
  <move id="466" source="E4" target="D4"/>
  <move id="467" source="A5" target="A6"/>
  <move id="468" source="D4" target="C4"/>
  <move id="469" source="A6" target="A7"/>
  <move id="470" source="C4" target="B4"/>
  <move id="471" source="F6" target="F7"/>
  <move id="472" source="B4" target="B5"/>
  <move id="473" source="A7" target="A8"/>
  <move id="474" source="B5" target="B6"/>
  <move id="475" source="A8" target="A9"/>
  <move id="476" source="A:" target="A9"/>
  <move id="477" source="F7" target="E7"/>
  <move id="478" source="B6" target="B7"/>
  <move id="479" source="E7" target="E8"/>
  <move id="480" source="B7" target="C7"/>
  <move id="481" source="E8" target="D8"/>
  <move id="482" source="C7" target="D7"/>
  <move id="483" source="D8" target="C8"/>
  <move id="484" source="D7" target="D8"/>
  <move id="485" source="C8" target="B8"/>
  <move id="486" source="D8" target="C8"/>
  <move id="487" source="B8" target="B9"/>
  <move id="488" source="C9" target="D9"/>
  <move id="489" source="B9" target="B:"/>
  <move id="490" source="D9" target="D8"/>
  <move id="491" source="B:" target="B9"/>
  <move id="492" source="D8" target="D7"/>
  <move id="493" source="B9" target="B8"/>
  <move id="494" source="C8" target="B8"/>
  <move id="495" source="H1" target="H2"/>
  <move id="496" source="D7" target="C7"/>
  <move id="497" source="H2" target="H3"/>
  <move id="498" source="I:" target="K:"/>
  <move id="499" source="H3" target="H4"/>
  <move id="500" source="K:" target="K9"/>
  <move id="501" source="H4" target="G4"/>
  <move id="502" source="K9" target="K8"/>
  <move id="503" source="G4" target="F4"/>
  <move id="504" source="K8" target="K7"/>
  <move id="505" source="F4" target="F5"/>
  <move id="506" source="C7" target="D7"/>
  <move id="507" source="A3" target="B3"/>
  <move id="508" source="D7" target="E7"/>
  <move id="509" source="F5" target="F4"/>
  <move id="510" source="E7" target="E6"/>
  <move id="511" source="F4" target="E4"/>
  <move id="512" source="I9" target="I8"/>
  <move id="513" source="E4" target="D4"/>
  <move id="514" source="I8" target="H8"/>
  <move id="515" source="B3" target="C3"/>
  <move id="516" source="E6" target="F6"/>
  <move id="517" source="C3" target="D3"/>
  <move id="518" source="H8" target="G8"/>
  <move id="519" source="D4" target="C4"/>
  <move id="520" source="G8" target="F8"/>
  <move id="521" source="C4" target="B4"/>
  <move id="522" source="F8" target="E8"/>
  <move id="523" source="B4" target="A4"/>
  <move id="524" source="E8" target="D8"/>
  <move id="525" source="A4" target="A5"/>
  <move id="526" source="D8" target="C8"/>
  <move id="527" source="A5" target="A6"/>
  <move id="528" source="C8" target="B8"/>
  <move id="529" source="A6" target="A7"/>
  <move id="530" source="F6" target="E6"/>
  <move id="531" source="D3" target="D4"/>
  <move id="532" source="E6" target="E7"/>
  <move id="533" source="D4" target="C4"/>
  <move id="534" source="E7" target="D7"/>
  <move id="535" source="C4" target="B4"/>
  <move id="536" source="D7" target="C7"/>
  <move id="537" source="B4" target="B5"/>
  <move id="538" source="C7" target="B7"/>
  <move id="539" source="B5" target="B6"/>
  <move id="540" source="B7" target="A7"/>
  <move id="541" source="B6" target="B7"/>
  <move id="542" source="B8" target="C8"/>
  <move id="543" source="B7" target="A7"/>
  <move id="544" source="C8" target="C7"/>
  <move id="545" source="A7" target="B7"/>
  <move id="546" source="C7" target="D7"/>
  <move id="547" source="B7" target="C7"/>
  <move id="548" source="D7" target="E7"/>
  <move id="549" source="D1" target="D2"/>
  <move id="550" source="E7" target="E6"/>
  <move id="551" source="D2" target="C2"/>
  <move id="552" source="E6" target="E5"/>
  <move id="553" source="E1" target="D1"/>
  <move id="554" source="E5" target="E4"/>
  <move id="555" source="D1" target="D2"/>
  <move id="556" source="E4" target="E3"/>
  <move id="557" source="C2" target="B2"/>
  <move id="558" source="E3" target="D3"/>
  <move id="559" source="D2" target="D3"/>
  <move id="560" source="D3" target="C3"/>
  <move id="561" source="C7" target="B7"/>
  <move id="562" source="K7" target="K4"/>
  <move id="563" source="B7" target="A7"/>
  <move id="564" source="K4" target="D4"/>
  <move id="565" source="A7" target="A6"/>
  <move id="566" source="D4" target="D1"/>
  <move id="567" source="A6" target="A5"/>
  <move id="568" source="D1" target="C1"/>
  <move id="569" source="A5" target="A4"/>
  <move id="570" source="F9" target="F8"/>
  <move id="571" source="A4" target="B4"/>
  <move id="572" source="F8" target="F7"/>
  <move id="573" source="B2" target="B3"/>
  <move id="574" source="C3" target="B3"/>
  <move id="575" source="B4" target="B3"/>
  <move id="576" source="F7" target="F6"/>
  <move id="577" source="F1" target="E1"/>
  <move id="578" source="F6" target="F5"/>
  <move id="579" source="B3" target="C3"/>
  <move id="580" source="F5" target="F4"/>
  <move id="581" source="C3" target="C4"/>
  <move id="582" source="F4" target="F3"/>
  <move id="583" source="C4" target="D4"/>
  <move id="584" source="F3" target="G3"/>
  <move id="585" source="D4" target="E4"/>
  <move id="586" source="G3" target="H3"/>
  <move id="587" source="E4" target="F4"/>
  <move id="588" source="H3" target="I3"/>
  <move id="589" source="F4" target="G4"/>
  <move id="590" source="I3" target="K3"/>
  <move id="591" source="G4" target="H4"/>
  <move id="592" source="C:" target="B:"/>
  <move id="593" source="E1" target="D1"/>
  <move id="594" source="B:" target="B9"/>
  <move id="595" source="D1" target="D2"/>
  <move id="596" source="B9" target="B8"/>
  <move id="597" source="D2" target="D3"/>
  <move id="598" source="B8" target="A8"/>
  <move id="599" source="D3" target="C3"/>
  <move id="600" source="A8" target="A7"/>
  <move id="601" source="C3" target="B3"/>
  <move id="602" source="A7" target="A6"/>
  <move id="603" source="B3" target="B4"/>
  <move id="604" source="H:" target="G:"/>
  <move id="605" source="H4" target="H3"/>
  <move id="606" source="K3" target="K2"/>
  <move id="607" source="H3" target="G3"/>
  <move id="608" source="K2" target="I2"/>
  <move id="609" source="B4" target="B5"/>
  <move id="610" source="I2" target="H2"/>
  <move id="611" source="B5" target="A5"/>
  <move id="612" source="A6" target="B6"/>
  <move id="613" source="A5" target="A4"/>
  <move id="614" source="B6" target="B5"/>
  <move id="615" source="A4" target="A3"/>
  <move id="616" source="B5" target="B4"/>
  <move id="617" source="G3" target="F3"/>
  <move id="618" source="H2" target="G2"/>
  <move id="619" source="F3" target="E3"/>
  <move id="620" source="G2" target="F2"/>
  <move id="621" source="A3" target="B3"/>
  <move id="622" source="B4" target="A4"/>
  <move id="623" source="E3" target="D3"/>
  <move id="624" source="F2" target="E2"/>
  <move id="625" source="D3" target="D2"/>
  <move id="626" source="E2" target="E1"/>
  <move id="627" source="B3" target="A3"/>
  <move id="628" source="A4" target="B4"/>
  <move id="629" source="A3" target="B3"/>
  <move id="630" source="B4" target="A4"/>
  <move id="631" source="B3" target="B2"/>
  <move id="632" source="A4" target="A3"/>
  <move id="633" source="D2" target="C2"/>
  <move id="634" source="E1" target="D1"/>
  <move id="635" source="C2" target="C3"/>
  <move id="636" source="D1" target="C1"/>
  <move id="637" source="C3" target="B3"/>
  <move id="638" source="A3" target="A4"/>
  <move id="639" source="B3" target="C3"/>
  <move id="640" source="C1" target="D1"/>
  <move id="641" source="C3" target="D3"/>
  <move id="642" source="D1" target="E1"/>
  <move id="643" source="D3" target="E3"/>
  <move id="644" source="E1" target="F1"/>
  <move id="645" source="E3" target="F3"/>
  <move id="646" source="F1" target="G1"/>
  <move id="647" source="F3" target="G3"/>
  <move id="648" source="G1" target="H1"/>
  <move id="649" source="B2" target="C2"/>
  <move id="650" source="H1" target="I1"/>
  <move id="651" source="G3" target="H3"/>
  <move id="652" source="I1" target="K1"/>
  <move id="653" source="C2" target="C3"/>
  <move id="654" source="K1" target="K2"/>
  <move id="655" source="C3" target="D3"/>
  <move id="656" source="G:" target="G9"/>
  <move id="657" source="D3" target="E3"/>
  <move id="658" source="G9" target="G8"/>
  <move id="659" source="E3" target="E4"/>
  <move id="660" source="G8" target="F8"/>
  <move id="661" source="E4" target="D4"/>
  <move id="662" source="F8" target="F7"/>
  <move id="663" source="D4" target="D3"/>
  <move id="664" source="F7" target="E7"/>
  <move id="665" source="D3" target="C3"/>
  <move id="666" source="E7" target="D7"/>
  <move id="667" source="C3" target="B3"/>
  <move id="668" source="D7" target="C7"/>
  <move id="669" source="H3" target="I3"/>
  <move id="670" source="C7" target="C8"/>
  <move id="671" source="I3" target="H3"/>
  <move id="672" source="K2" target="I2"/>
  <move id="673" source="B3" target="A3"/>
  <move id="674" source="A4" target="B4"/>
  <move id="675" source="H3" target="G3"/>
  <move id="676" source="C8" target="B8"/>
  <move id="677" source="A3" target="B3"/>
  <move id="678" source="B4" target="E4"/>
  <move id="679" source="B3" target="B4"/>
  <move id="680" source="B8" target="C8"/>
  <move id="681" source="G3" target="F3"/>
  <move id="682" source="E4" target="E7"/>
  <move id="683" source="B4" target="B5"/>
  <move id="684" source="I2" target="I1"/>
  <move id="685" source="B5" target="B6"/>
  <move id="686" source="E7" target="K7"/>
  <move id="687" source="B6" target="B7"/>
  <move id="688" source="I1" target="H1"/>
  <move id="689" source="F3" target="F2"/>
  <move id="690" source="H1" target="G1"/>
  <move id="691" source="F2" target="E2"/>
  <move id="692" source="G1" target="F1"/>
  <move id="693" source="B7" target="B6"/>
  <move id="694" source="K7" target="K6"/>
  <move id="695" source="B6" target="B5"/>
  <move id="696" source="C8" target="B8"/>
  <move id="697" source="B5" target="B6"/>
  <move id="698" source="B8" target="C8"/>
  <move id="699" source="B6" target="B7"/>
  <move id="700" source="K6" target="K4"/>
  <move id="701" source="B7" target="B6"/>
  <move id="702" source="K4" target="I4"/>
  <move id="703" source="B6" target="B5"/>
  <move id="704" source="I4" target="I5"/>
  <move id="705" source="B5" target="B4"/>
  <move id="706" source="F1" target="G1"/>
  <move id="707" source="B4" target="C4"/>
  <move id="708" source="C8" target="B8"/>
  <move id="709" source="C4" target="B4"/>
  <move id="710" source="B8" target="A8"/>
  <move id="711" source="E2" target="F2"/>
  <move id="712" source="A8" target="A7"/>
  <move id="713" source="B4" target="B5"/>
  <move id="714" source="A7" target="A6"/>
  <move id="715" source="F2" target="F1"/>
  <move id="716" source="G1" target="G2"/>
  <move id="717" source="F1" target="F2"/>
  <move id="718" source="G2" target="G1"/>
  <move id="719" source="F2" target="E2"/>
  <move id="720" source="G1" target="F1"/>
  <move id="721" source="B5" target="B4"/>
  <move id="722" source="A6" target="A5"/>
  <move id="723" source="B4" target="A4"/>
  <move id="724" source="A5" target="B5"/>
  <move id="725" source="E2" target="E1"/>
  <move id="726" source="F1" target="F2"/>
  <move id="727" source="E1" target="E2"/>
  <move id="728" source="F2" target="F1"/>
  <move id="729" source="A4" target="B4"/>
  <move id="730" source="B5" target="A5"/>
  <move id="731" source="B4" target="A4"/>
  <move id="732" source="A5" target="B5"/>
  <player id="1">Player 1</player>
  <player id="2">Player 2</player>
  <result type="3" winner="2"/>
 </game>
</stratego>