<?xml version="1.0" encoding="UTF-8"?>
<stratego>
 <game type="classic">
  
  <field content="EEBMBEBFDDJEEBGLHIDBKFCHGJHFDBGFIIGDHDDDAA__AA__AAAA__AA__AASTPUPPTXPTWPVPSNVUSPRPOUQRNQTQQQNRNNYNRS"/>
  <move id="1" source="K4" target="K5"/>
  <move id="2" source="I7" target="I4"/>
  <move id="3" source="H4" target="I4"/>
  <move id="4" source="E7" target="E6"/>
  <move id="5" source="I4" target="I5"/>
  <move id="6" source="E6" target="E5"/>
  <move id="7" source="I5" target="I6"/>
  <move id="8" source="I8" target="I7"/>
  <move id="9" source="I6" target="K6"/>
  <move id="10" source="H8" target="I8"/>
  <move id="11" source="G4" target="H4"/>
  <move id="12" source="F7" target="F6"/>
  <move id="13" source="H4" target="I4"/>
  <move id="14" source="G7" target="F7"/>
  <move id="15" source="I4" target="I5"/>
  <move id="16" source="F6" target="F5"/>
  <move id="17" source="I5" target="I6"/>
  <move id="18" source="F7" target="F6"/>
  <move id="19" source="K6" target="K7"/>
  <move id="20" source="I7" target="I6"/>
  <move id="21" source="K5" target="I5"/>
  <move id="22" source="D7" target="E7"/>
  <move id="23" source="G3" target="G4"/>
  <move id="24" source="E7" target="E6"/>
  <move id="25" source="H3" target="H4"/>
  <move id="26" source="B7" target="B6"/>
  <move id="27" source="H4" target="I4"/>
  <move id="28" source="B6" target="B5"/>
  <move id="29" source="I4" target="K4"/>
  <move id="30" source="B5" target="A5"/>
  <move id="31" source="K4" target="K5"/>
  <move id="32" source="B8" target="B4"/>
  <move id="33" source="K5" target="K6"/>
  <move id="34" source="A7" target="B7"/>
  <move id="35" source="B4" target="B5"/>
  <move id="36" source="B7" target="B6"/>
  <move id="37" source="B5" target="A5"/>
  <move id="38" source="B6" target="B7"/>
  <move id="39" source="I6" target="I7"/>
  <move id="40" source="I8" target="I7"/>
  <move id="41" source="I5" target="I6"/>
  <move id="42" source="I7" target="I8"/>
  <move id="43" source="I6" target="I7"/>
  <move id="44" source="K7" target="I7"/>
  <move id="45" source="F3" target="G3"/>
  <move id="46" source="K8" target="K6"/>
  <move id="47" source="G3" target="H3"/>
  <move id="48" source="I7" target="I6"/>
  <move id="49" source="K6" target="K5"/>
  <move id="50" source="I6" target="I5"/>
  <move id="51" source="K5" target="K4"/>
  <move id="52" source="B7" target="A7"/>
  <move id="53" source="F4" target="F3"/>
  <move id="54" source="F6" target="F7"/>
  <move id="55" source="G4" target="F4"/>
  <move id="56" source="F5" target="F6"/>
  <move id="57" source="F4" target="F5"/>
  <move id="58" source="C7" target="B7"/>
  <move id="59" source="H3" target="H4"/>
  <move id="60" source="B7" target="B6"/>
  <move id="61" source="H4" target="G4"/>
  <move id="62" source="B6" target="B5"/>
  <move id="63" source="G4" target="F4"/>
  <move id="64" source="B5" target="B3"/>
  <move id="65" source="F3" target="G3"/>
  <move id="66" source="A7" target="B7"/>
  <move id="67" source="G3" target="H3"/>
  <move id="68" source="B7" target="B6"/>
  <move id="69" source="H3" target="H4"/>
  <move id="70" source="A5" target="A4"/>
  <move id="71" source="H4" target="G4"/>
  <move id="72" source="A4" target="A5"/>
  <move id="73" source="C4" target="B4"/>
  <move id="74" source="B6" target="B7"/>
  <move id="75" source="B4" target="A4"/>
  <move id="76" source="A5" target="A6"/>
  <move id="77" source="A4" target="A5"/>
  <move id="78" source="A6" target="A7"/>
  <move id="79" source="A5" target="A6"/>
  <move id="80" source="C8" target="C7"/>
  <move id="81" source="A3" target="A4"/>
  <move id="82" source="K9" target="K8"/>
  <move id="83" source="B3" target="B4"/>
  <move id="84" source="K8" target="K7"/>
  <move id="85" source="C3" target="B3"/>
  <move id="86" source="K7" target="K6"/>
  <move id="87" source="B3" target="A3"/>
  <move id="88" source="K6" target="K5"/>
  <move id="89" source="B4" target="C4"/>
  <move id="90" source="K5" target="K6"/>
  <move id="91" source="A4" target="A5"/>
  <move id="92" source="B7" target="B6"/>
  <move id="93" source="A6" target="A7"/>
  <move id="94" source="C7" target="B7"/>
  <move id="95" source="A7" target="A6"/>
  <move id="96" source="B6" target="B5"/>
  <move id="97" source="A5" target="B5"/>
  <move id="98" source="A8" target="A7"/>
  <move id="99" source="A6" target="B6"/>
  <move id="100" source="A7" target="A6"/>
  <move id="101" source="B6" target="B7"/>
  <move id="102" source="B7" target="B8"/>
  <move id="103" source="A3" target="A4"/>
  <move id="104" source="B8" target="C8"/>
  <move id="105" source="A4" target="A5"/>
  <move id="106" source="A6" target="A7"/>
  <move id="107" source="B5" target="B6"/>
  <move id="108" source="D8" target="D7"/>
  <move id="109" source="A5" target="A6"/>
  <move id="110" source="D7" target="C7"/>
  <move id="111" source="A6" target="A7"/>
  <move id="112" source="I8" target="K8"/>
  <move id="113" source="F5" target="E5"/>
  <move id="114" source="E6" target="E5"/>
  <move id="115" source="F4" target="F5"/>
  <move id="116" source="E5" target="F5"/>
  <move id="117" source="F5" target="F6"/>
  <move id="118" source="F7" target="G7"/>
  <move id="119" source="F6" target="F7"/>
  <move id="120" source="C8" target="D8"/>
  <move id="121" source="F2" target="F3"/>
  <move id="122" source="D8" target="D7"/>
  <move id="123" source="F3" target="F4"/>
  <move id="124" source="D7" target="E7"/>
  <move id="125" source="F4" target="F5"/>
  <move id="126" source="G8" target="H8"/>
  <move id="127" source="F5" target="F6"/>
  <move id="128" source="G7" target="G8"/>
  <move id="129" source="F6" target="E6"/>
  <move id="130" source="E7" target="F7"/>
  <move id="131" source="E6" target="E7"/>
  <move id="132" source="C7" target="E7"/>
  <move id="133" source="E7" target="D7"/>
  <move id="134" source="H8" target="I8"/>
  <move id="135" source="D7" target="D8"/>
  <move id="136" source="I8" target="I7"/>
  <move id="137" source="D8" target="D9"/>
  <move id="138" source="C9" target="D9"/>
  <move id="139" source="B6" target="B7"/>
  <move id="140" source="A7" target="B7"/>
  <move id="141" source="A2" target="A3"/>
  <move id="142" source="I7" target="I6"/>
  <move id="143" source="A3" target="A4"/>
  <move id="144" source="I5" target="K5"/>
  <move id="145" source="K4" target="I4"/>
  <move id="146" source="I6" target="I5"/>
  <move id="147" source="I4" target="H4"/>
  <move id="148" source="I5" target="I4"/>
  <move id="149" source="H4" target="I4"/>
  <move id="150" source="K5" target="I5"/>
  <move id="151" source="A4" target="A5"/>
  <move id="152" source="K6" target="K5"/>
  <move id="153" source="A5" target="B5"/>
  <move id="154" source="K5" target="K4"/>
  <move id="155" source="B5" target="B6"/>
  <move id="156" source="K4" target="K3"/>
  <move id="157" source="B6" target="B7"/>
  <move id="158" source="K3" target="K2"/>
  <move id="159" source="B7" target="B8"/>
  <move id="160" source="K2" target="I2"/>
  <move id="161" source="B8" target="C8"/>
  <move id="162" source="I2" target="I1"/>
  <move id="163" source="H1" target="I1"/>
  <move id="164" source="D9" target="D8"/>
  <move id="165" source="C8" target="C9"/>
  <move id="166" source="D8" target="D7"/>
  <move id="167" source="C9" target="D9"/>
  <move id="168" source="D7" target="E7"/>
  <move id="169" source="D9" target="E9"/>
  <move id="170" source="E7" target="E6"/>
  <move id="171" source="E9" target="F9"/>
  <move id="172" source="E6" target="E5"/>
  <move id="173" source="F9" target="F:"/>
  <player id="1">Player 1</player>
  <player id="2">Player 2</player>
  <result type="3" winner="2"/>
 </game>
</stratego>