<?xml version="1.0" encoding="UTF-8"?>
<stratego>
 <game type="classic">
  
  <field content="FEEDHDEGBMBJHGDDDEIBFEBHGICJBFDHLDDGKIFBAA__AA__AAAA__AA__AARPWOPPTXPNNSPPNVNQVPQRQUPNTSQNTSUYTRUQRS"/>
  <move id="1" source="F4" target="F5"/>
  <move id="2" source="B7" target="B4"/>
  <move id="3" source="E4" target="E5"/>
  <move id="4" source="I7" target="I4"/>
  <move id="5" source="E5" target="E6"/>
  <move id="6" source="A7" target="A6"/>
  <move id="7" source="F5" target="F6"/>
  <move id="8" source="A6" target="A5"/>
  <move id="9" source="I4" target="I5"/>
  <move id="10" source="B8" target="B7"/>
  <move id="11" source="H4" target="I4"/>
  <move id="12" source="B7" target="B6"/>
  <move id="13" source="I5" target="I6"/>
  <move id="14" source="B6" target="A6"/>
  <move id="15" source="I4" target="I5"/>
  <move id="16" source="A5" target="A4"/>
  <move id="17" source="B4" target="A4"/>
  <move id="18" source="C8" target="B8"/>
  <move id="19" source="I6" target="K6"/>
  <move id="20" source="B8" target="B3"/>
  <move id="21" source="I5" target="I6"/>
  <move id="22" source="A6" target="A7"/>
  <move id="23" source="K6" target="K7"/>
  <move id="24" source="I8" target="I7"/>
  <move id="25" source="I6" target="I5"/>
  <move id="26" source="I7" target="I6"/>
  <move id="27" source="I5" target="I4"/>
  <move id="28" source="I6" target="I7"/>
  <move id="29" source="F6" target="F7"/>
  <move id="30" source="G7" target="F7"/>
  <move id="31" source="E6" target="F6"/>
  <move id="32" source="I7" target="I6"/>
  <move id="33" source="F3" target="F4"/>
  <move id="34" source="H7" target="G7"/>
  <move id="35" source="F4" target="F5"/>
  <move id="36" source="K8" target="I8"/>
  <move id="37" source="A4" target="A5"/>
  <move id="38" source="I8" target="I7"/>
  <move id="39" source="A5" target="A6"/>
  <move id="40" source="I9" target="I8"/>
  <move id="41" source="A6" target="B6"/>
  <move id="42" source="H9" target="I9"/>
  <move id="43" source="B6" target="B7"/>
  <move id="44" source="H8" target="H9"/>
  <move id="45" source="B7" target="C7"/>
  <move id="46" source="I8" target="H8"/>
  <move id="47" source="A3" target="A4"/>
  <move id="48" source="I9" target="I8"/>
  <move id="49" source="A4" target="A5"/>
  <move id="50" source="I8" target="K8"/>
  <move id="51" source="D4" target="E4"/>
  <move id="52" source="H9" target="I9"/>
  <move id="53" source="E4" target="E5"/>
  <move id="54" source="G9" target="H9"/>
  <move id="55" source="C4" target="D4"/>
  <move id="56" source="H8" target="H7"/>
  <move id="57" source="D4" target="E4"/>
  <move id="58" source="H9" target="H8"/>
  <move id="59" source="I4" target="I5"/>
  <move id="60" source="H8" target="I8"/>
  <move id="61" source="G4" target="F4"/>
  <move id="62" source="H7" target="H8"/>
  <move id="63" source="F4" target="F3"/>
  <move id="64" source="H8" target="H9"/>
  <move id="65" source="E4" target="F4"/>
  <move id="66" source="H9" target="G9"/>
  <move id="67" source="F4" target="G4"/>
  <move id="68" source="I6" target="K6"/>
  <move id="69" source="G4" target="H4"/>
  <move id="70" source="I9" target="H9"/>
  <move id="71" source="H4" target="I4"/>
  <move id="72" source="I:" target="I9"/>
  <move id="73" source="I5" target="I6"/>
  <move id="74" source="H:" target="I:"/>
  <move id="75" source="I4" target="I5"/>
  <move id="76" source="H9" target="H:"/>
  <move id="77" source="I5" target="K5"/>
  <move id="78" source="I9" target="H9"/>
  <move id="79" source="I6" target="K6"/>
  <move id="80" source="K6" target="K5"/>
  <move id="81" source="K5" target="I5"/>
  <move id="82" source="G7" target="H7"/>
  <move id="83" source="I5" target="I4"/>
  <move id="84" source="I8" target="H8"/>
  <move id="85" source="I4" target="H4"/>
  <move id="86" source="I7" target="I8"/>
  <move id="87" source="H4" target="G4"/>
  <move id="88" source="F7" target="F6"/>
  <move id="89" source="F5" target="F6"/>
  <move id="90" source="E7" target="E5"/>
  <move id="91" source="E3" target="E4"/>
  <move id="92" source="H7" target="G7"/>
  <move id="93" source="F6" target="F5"/>
  <move id="94" source="G7" target="F7"/>
  <move id="95" source="E4" target="E5"/>
  <move id="96" source="D7" target="E7"/>
  <move id="97" source="F5" target="F4"/>
  <move id="98" source="F7" target="F6"/>
  <move id="99" source="F4" target="E4"/>
  <move id="100" source="I8" target="I3"/>
  <move id="101" source="G4" target="F4"/>
  <move id="102" source="A7" target="A6"/>
  <move id="103" source="A5" target="B5"/>
  <move id="104" source="C7" target="B7"/>
  <move id="105" source="F4" target="F5"/>
  <move id="106" source="F6" target="F7"/>
  <move id="107" source="F5" target="F6"/>
  <move id="108" source="F7" target="F6"/>
  <move id="109" source="E5" target="E6"/>
  <move id="110" source="B7" target="B6"/>
  <move id="111" source="B5" target="B4"/>
  <move id="112" source="B6" target="B5"/>
  <move id="113" source="E4" target="D4"/>
  <move id="114" source="A6" target="A5"/>
  <move id="115" source="D4" target="C4"/>
  <move id="116" source="A5" target="A4"/>
  <move id="117" source="B4" target="A4"/>
  <move id="118" source="A4" target="A3"/>
  <move id="119" source="C4" target="B4"/>
  <move id="120" source="A3" target="B3"/>
  <move id="121" source="B2" target="B3"/>
  <move id="122" source="B5" target="A5"/>
  <move id="123" source="B4" target="A4"/>
  <move id="124" source="A5" target="B5"/>
  <move id="125" source="F3" target="F4"/>
  <move id="126" source="E7" target="E6"/>
  <move id="127" source="F4" target="E4"/>
  <move id="128" source="F8" target="F7"/>
  <move id="129" source="H3" target="H4"/>
  <move id="130" source="F7" target="F6"/>
  <move id="131" source="E6" target="E7"/>
  <move id="132" source="F6" target="F5"/>
  <move id="133" source="H4" target="G4"/>
  <move id="134" source="F5" target="F4"/>
  <move id="135" source="E4" target="F4"/>
  <move id="136" source="B5" target="B4"/>
  <move id="137" source="B3" target="A3"/>
  <move id="138" source="B4" target="A4"/>
  <move id="139" source="A3" target="B3"/>
  <move id="140" source="A4" target="B4"/>
  <move id="141" source="B3" target="B2"/>
  <move id="142" source="B4" target="B3"/>
  <move id="143" source="F4" target="E4"/>
  <move id="144" source="B3" target="B2"/>
  <move id="145" source="E4" target="D4"/>
  <move id="146" source="B2" target="B3"/>
  <move id="147" source="D4" target="C4"/>
  <move id="148" source="B3" target="B2"/>
  <move id="149" source="C4" target="B4"/>
  <move id="150" source="B2" target="C2"/>
  <move id="151" source="G4" target="F4"/>
  <move id="152" source="D8" target="C8"/>
  <move id="153" source="F4" target="F5"/>
  <move id="154" source="C8" target="B8"/>
  <move id="155" source="F5" target="F6"/>
  <move id="156" source="B8" target="B7"/>
  <move id="157" source="F6" target="E6"/>
  <move id="158" source="B7" target="A7"/>
  <move id="159" source="E7" target="E8"/>
  <move id="160" source="A7" target="A2"/>
  <move id="161" source="E6" target="E7"/>
  <move id="162" source="C2" target="D2"/>
  <move id="163" source="B4" target="C4"/>
  <move id="164" source="D2" target="D1"/>
  <move id="165" source="F2" target="F9"/>
  <move id="166" source="C9" target="C8"/>
  <move id="167" source="E7" target="D7"/>
  <move id="168" source="C8" target="B8"/>
  <move id="169" source="D7" target="C7"/>
  <move id="170" source="D1" target="D2"/>
  <move id="171" source="D3" target="D4"/>
  <move id="172" source="D2" target="D3"/>
  <move id="173" source="D4" target="E4"/>
  <move id="174" source="D3" target="E3"/>
  <move id="175" source="E4" target="E5"/>
  <move id="176" source="E3" target="E4"/>
  <move id="177" source="E5" target="E6"/>
  <move id="178" source="E4" target="E5"/>
  <move id="179" source="E6" target="F6"/>
  <move id="180" source="E5" target="E6"/>
  <move id="181" source="F6" target="F7"/>
  <move id="182" source="E6" target="E7"/>
  <move id="183" source="F7" target="G7"/>
  <move id="184" source="E7" target="F7"/>
  <move id="185" source="G7" target="H7"/>
  <move id="186" source="F7" target="G7"/>
  <move id="187" source="H7" target="I7"/>
  <move id="188" source="G7" target="H7"/>
  <move id="189" source="I7" target="I6"/>
  <move id="190" source="H7" target="I7"/>
  <move id="191" source="I6" target="I5"/>
  <move id="192" source="I7" target="I6"/>
  <move id="193" source="I5" target="I4"/>
  <move id="194" source="I:" target="I9"/>
  <move id="195" source="I4" target="H4"/>
  <move id="196" source="I9" target="I8"/>
  <move id="197" source="C4" target="D4"/>
  <move id="198" source="I8" target="I7"/>
  <move id="199" source="D4" target="E4"/>
  <move id="200" source="I6" target="K6"/>
  <move id="201" source="E4" target="F4"/>
  <move id="202" source="I7" target="I6"/>
  <move id="203" source="H4" target="H3"/>
  <move id="204" source="I6" target="I5"/>
  <move id="205" source="F4" target="G4"/>
  <move id="206" source="I5" target="K5"/>
  <move id="207" source="G4" target="H4"/>
  <move id="208" source="K5" target="K4"/>
  <move id="209" source="H4" target="I4"/>
  <move id="210" source="K4" target="K3"/>
  <move id="211" source="I4" target="I5"/>
  <move id="212" source="H9" target="I9"/>
  <move id="213" source="C7" target="D7"/>
  <move id="214" source="I9" target="I8"/>
  <move id="215" source="D7" target="E7"/>
  <move id="216" source="I8" target="I7"/>
  <move id="217" source="E7" target="F7"/>
  <move id="218" source="I7" target="H7"/>
  <move id="219" source="F7" target="G7"/>
  <move id="220" source="H7" target="G7"/>
  <move id="221" source="C1" target="C2"/>
  <move id="222" source="B8" target="B7"/>
  <move id="223" source="C2" target="D2"/>
  <move id="224" source="B7" target="B6"/>
  <move id="225" source="D2" target="D3"/>
  <move id="226" source="D9" target="D8"/>
  <move id="227" source="D3" target="D4"/>
  <move id="228" source="D8" target="D7"/>
  <move id="229" source="G7" target="F7"/>
  <move id="230" source="D7" target="C7"/>
  <move id="231" source="F7" target="E7"/>
  <move id="232" source="C7" target="B7"/>
  <move id="233" source="E7" target="D7"/>
  <move id="234" source="B7" target="A7"/>
  <move id="235" source="D4" target="E4"/>
  <move id="236" source="A7" target="A6"/>
  <move id="237" source="E4" target="E5"/>
  <move id="238" source="A6" target="A5"/>
  <move id="239" source="E5" target="E6"/>
  <move id="240" source="B6" target="B5"/>
  <move id="241" source="E6" target="E7"/>
  <move id="242" source="B5" target="B4"/>
  <move id="243" source="D7" target="D8"/>
  <move id="244" source="B4" target="B3"/>
  <move id="245" source="E7" target="E8"/>
  <move id="246" source="B3" target="B2"/>
  <move id="247" source="E8" target="E9"/>
  <move id="248" source="B2" target="C2"/>
  <move id="249" source="D8" target="E8"/>
  <move id="250" source="C2" target="C1"/>
  <move id="251" source="E8" target="F8"/>
  <move id="252" source="C1" target="D1"/>
  <move id="253" source="E9" target="F9"/>
  <move id="254" source="F:" target="F9"/>
  <move id="255" source="F8" target="F9"/>
  <move id="256" source="D1" target="E1"/>
  <move id="257" source="E2" target="E:"/>
  <move id="258" source="A5" target="A4"/>
  <move id="259" source="F9" target="E9"/>
  <move id="260" source="E:" target="F:"/>
  <move id="261" source="F1" target="F9"/>
  <move id="262" source="A4" target="B4"/>
  <move id="263" source="F9" target="G9"/>
  <move id="264" source="B4" target="B3"/>
  <move id="265" source="E9" target="F9"/>
  <move id="266" source="F:" target="E:"/>
  <move id="267" source="F9" target="G9"/>
  <move id="268" source="B3" target="B2"/>
  <move id="269" source="G2" target="F2"/>
  <move id="270" source="B2" target="C2"/>
  <move id="271" source="F2" target="F:"/>
  <move id="272" source="C2" target="C1"/>
  <move id="273" source="F:" target="G:"/>
  <move id="274" source="G:" target="F:"/>
  <move id="275" source="G9" target="F9"/>
  <move id="276" source="F:" target="G:"/>
  <move id="277" source="I5" target="I6"/>
  <move id="278" source="K6" target="K5"/>
  <move id="279" source="I6" target="I7"/>
  <move id="280" source="K5" target="I5"/>
  <move id="281" source="I7" target="I8"/>
  <move id="282" source="I5" target="I4"/>
  <move id="283" source="I8" target="I9"/>
  <move id="284" source="I4" target="H4"/>
  <move id="285" source="I9" target="H9"/>
  <move id="286" source="H4" target="H3"/>
  <move id="287" source="G3" target="G4"/>
  <move id="288" source="H3" target="H2"/>
  <move id="289" source="H9" target="G9"/>
  <move id="290" source="C1" target="D1"/>
  <move id="291" source="G9" target="G:"/>
  <move id="292" source="D1" target="D2"/>
  <move id="293" source="F9" target="E9"/>
  <move id="294" source="H:" target="H9"/>
  <move id="295" source="G:" target="G9"/>
  <move id="296" source="H9" target="I9"/>
  <move id="297" source="G9" target="H9"/>
  <move id="298" source="I9" target="I8"/>
  <move id="299" source="H9" target="I9"/>
  <move id="300" source="I8" target="I7"/>
  <move id="301" source="I9" target="I8"/>
  <move id="302" source="I7" target="I6"/>
  <move id="303" source="I8" target="I7"/>
  <move id="304" source="I6" target="I5"/>
  <move id="305" source="E9" target="E8"/>
  <move id="306" source="I5" target="I4"/>
  <move id="307" source="E8" target="E7"/>
  <move id="308" source="I4" target="H4"/>
  <move id="309" source="G4" target="F4"/>
  <move id="310" source="H4" target="H3"/>
  <move id="311" source="E7" target="E6"/>
  <move id="312" source="H2" target="G2"/>
  <move id="313" source="E6" target="E5"/>
  <move id="314" source="H3" target="H2"/>
  <move id="315" source="E5" target="E4"/>
  <move id="316" source="H2" target="I2"/>
  <move id="317" source="I7" target="I6"/>
  <move id="318" source="G2" target="H2"/>
  <move id="319" source="I6" target="I5"/>
  <move id="320" source="H2" target="I2"/>
  <move id="321" source="I5" target="I4"/>
  <move id="322" source="I2" target="I1"/>
  <move id="323" source="I4" target="I5"/>
  <move id="324" source="D2" target="E2"/>
  <move id="325" source="E1" target="D1"/>
  <move id="326" source="E2" target="F2"/>
  <move id="327" source="I5" target="I4"/>
  <move id="328" source="F2" target="G2"/>
  <move id="329" source="H1" target="H2"/>
  <move id="330" source="G2" target="H2"/>
  <move id="331" source="I4" target="H4"/>
  <move id="332" source="H2" target="I2"/>
  <move id="333" source="H4" target="H3"/>
  <move id="334" source="I2" target="K2"/>
  <move id="335" source="B1" target="B2"/>
  <move id="336" source="B9" target="B8"/>
  <move id="337" source="E4" target="D4"/>
  <move id="338" source="B8" target="B7"/>
  <move id="339" source="D4" target="C4"/>
  <move id="340" source="A9" target="B9"/>
  <move id="341" source="C4" target="B4"/>
  <move id="342" source="B9" target="C9"/>
  <move id="343" source="B4" target="B5"/>
  <move id="344" source="C9" target="D9"/>
  <move id="345" source="B5" target="B6"/>
  <move id="346" source="D9" target="E9"/>
  <move id="347" source="B2" target="B3"/>
  <move id="348" source="E9" target="E8"/>
  <move id="349" source="B6" target="B7"/>
  <move id="350" source="E8" target="E7"/>
  <move id="351" source="B3" target="B4"/>
  <move id="352" source="E7" target="F7"/>
  <move id="353" source="B4" target="B5"/>
  <move id="354" source="F7" target="G7"/>
  <move id="355" source="B5" target="B6"/>
  <move id="356" source="G7" target="H7"/>
  <move id="357" source="B6" target="A6"/>
  <move id="358" source="H7" target="I7"/>
  <move id="359" source="A6" target="A7"/>
  <move id="360" source="I7" target="I6"/>
  <move id="361" source="A7" target="A8"/>
  <move id="362" source="I6" target="I5"/>
  <move id="363" source="A8" target="A9"/>
  <move id="364" source="I5" target="K5"/>
  <move id="365" source="A9" target="A:"/>
  <move id="366" source="C:" target="C9"/>
  <move id="367" source="B7" target="B8"/>
  <move id="368" source="C9" target="D9"/>
  <move id="369" source="B8" target="B9"/>
  <move id="370" source="D9" target="D8"/>
  <move id="371" source="B9" target="A9"/>
  <move id="372" source="D8" target="E8"/>
  <move id="373" source="A9" target="A:"/>
  <move id="374" source="E8" target="E7"/>
  <move id="375" source="H3" target="G3"/>
  <move id="376" source="E7" target="E6"/>
  <move id="377" source="G3" target="F3"/>
  <move id="378" source="E6" target="F6"/>
  <move id="379" source="A1" target="B1"/>
  <move id="380" source="F6" target="F5"/>
  <move id="381" source="B1" target="B2"/>
  <move id="382" source="K5" target="K4"/>
  <move id="383" source="B2" target="B3"/>
  <move id="384" source="F5" target="E5"/>
  <move id="385" source="B3" target="B4"/>
  <move id="386" source="E5" target="E4"/>
  <move id="387" source="B4" target="B5"/>
  <move id="388" source="E4" target="E3"/>
  <move id="389" source="F3" target="E3"/>
  <move id="390" source="K4" target="K3"/>
  <move id="391" source="B5" target="B6"/>
  <move id="392" source="H8" target="H7"/>
  <move id="393" source="B6" target="B7"/>
  <move id="394" source="H7" target="I7"/>
  <move id="395" source="B7" target="B8"/>
  <move id="396" source="I7" target="I6"/>
  <move id="397" source="B8" target="B9"/>
  <move id="398" source="I6" target="I5"/>
  <move id="399" source="B9" target="B:"/>
  <move id="400" source="I5" target="K5"/>
  <move id="401" source="A:" target="B:"/>
  <move id="402" source="K5" target="K4"/>
  <move id="403" source="E3" target="F3"/>
  <move id="404" source="K4" target="K3"/>
  <move id="405" source="F3" target="G3"/>
  <move id="406" source="K3" target="K2"/>
  <player id="1">Player 1</player>
  <player id="2">Player 2</player>
  <result type="3" winner="1"/>
 </game>
</stratego>