<?xml version="1.0" encoding="UTF-8"?>
<stratego>
 <game type="classic">
  
  <field content="DGGDDFFDHHHDGFEGEFDIEBHCBMBIJIKEBLJBBEDDAA__AA__AAAA__AA__AAPPTXPTPVSPNRVUSPQOWTRPNRSPUNURNQSQQTNYNQ"/>
  <move id="1" source="K4" target="K5"/>
  <move id="2" source="F7" target="F6"/>
  <move id="3" source="I4" target="I5"/>
  <move id="4" source="F6" target="F5"/>
  <move id="5" source="I3" target="I4"/>
  <move id="6" source="E7" target="E6"/>
  <move id="7" source="A4" target="A5"/>
  <move id="8" source="E6" target="E5"/>
  <move id="9" source="B4" target="B5"/>
  <move id="10" source="E8" target="E7"/>
  <move id="11" source="A3" target="A4"/>
  <move id="12" source="E7" target="E6"/>
  <move id="13" source="B5" target="B4"/>
  <move id="14" source="F8" target="F7"/>
  <move id="15" source="A5" target="B5"/>
  <move id="16" source="F7" target="F6"/>
  <move id="17" source="A2" target="A3"/>
  <move id="18" source="E5" target="E4"/>
  <move id="19" source="A4" target="A5"/>
  <move id="20" source="K7" target="K6"/>
  <move id="21" source="E4" target="E5"/>
  <move id="22" source="F5" target="F4"/>
  <move id="23" source="E5" target="F5"/>
  <move id="24" source="F6" target="F7"/>
  <move id="25" source="F5" target="F6"/>
  <move id="26" source="E6" target="E5"/>
  <move id="27" source="F6" target="F7"/>
  <move id="28" source="E5" target="E4"/>
  <move id="29" source="F7" target="F6"/>
  <move id="30" source="E4" target="D4"/>
  <move id="31" source="D4" target="E4"/>
  <move id="32" source="D7" target="E7"/>
  <move id="33" source="D3" target="D4"/>
  <move id="34" source="E7" target="E6"/>
  <move id="35" source="F6" target="E6"/>
  <move id="36" source="E6" target="E5"/>
  <move id="37" source="D4" target="D3"/>
  <move id="38" source="E5" target="E4"/>
  <move id="39" source="D3" target="D4"/>
  <move id="40" source="F9" target="F8"/>
  <move id="41" source="D4" target="E4"/>
  <move id="42" source="F8" target="E8"/>
  <move id="43" source="I4" target="K4"/>
  <move id="44" source="E8" target="E4"/>
  <move id="45" source="I5" target="I7"/>
  <move id="46" source="E4" target="E3"/>
  <move id="47" source="D2" target="D3"/>
  <move id="48" source="A7" target="A5"/>
  <move id="49" source="A5" target="A6"/>
  <move id="50" source="B7" target="B5"/>
  <move id="51" source="B5" target="B6"/>
  <move id="52" source="I7" target="I6"/>
  <move id="53" source="D3" target="D4"/>
  <move id="54" source="I6" target="I5"/>
  <move id="55" source="D4" target="E4"/>
  <move id="56" source="I5" target="K5"/>
  <move id="57" source="K4" target="K5"/>
  <move id="58" source="G7" target="F7"/>
  <move id="59" source="K5" target="I5"/>
  <move id="60" source="I8" target="I7"/>
  <move id="61" source="I2" target="I3"/>
  <move id="62" source="I7" target="I6"/>
  <move id="63" source="I3" target="I4"/>
  <move id="64" source="I6" target="I5"/>
  <move id="65" source="I4" target="K4"/>
  <move id="66" source="K6" target="K4"/>
  <move id="67" source="H2" target="I2"/>
  <move id="68" source="F7" target="E7"/>
  <move id="69" source="I2" target="I3"/>
  <move id="70" source="E7" target="E4"/>
  <move id="71" source="B6" target="B7"/>
  <move id="72" source="D8" target="E8"/>
  <move id="73" source="B7" target="C7"/>
  <move id="74" source="E8" target="E7"/>
  <move id="75" source="C7" target="D7"/>
  <move id="76" source="E7" target="E6"/>
  <move id="77" source="D7" target="E7"/>
  <move id="78" source="E6" target="E5"/>
  <move id="79" source="E7" target="E6"/>
  <move id="80" source="E5" target="E4"/>
  <move id="81" source="E6" target="E5"/>
  <move id="82" source="E4" target="D4"/>
  <move id="83" source="E5" target="E4"/>
  <move id="84" source="D4" target="C4"/>
  <move id="85" source="A6" target="B6"/>
  <move id="86" source="C8" target="C7"/>
  <move id="87" source="A3" target="A4"/>
  <move id="88" source="C7" target="B7"/>
  <move id="89" source="B6" target="A6"/>
  <move id="90" source="B7" target="B6"/>
  <move id="91" source="A6" target="A7"/>
  <move id="92" source="H7" target="I7"/>
  <move id="93" source="A4" target="A5"/>
  <move id="94" source="I7" target="K7"/>
  <move id="95" source="E4" target="E5"/>
  <move id="96" source="I5" target="I6"/>
  <move id="97" source="E5" target="E6"/>
  <move id="98" source="I6" target="I7"/>
  <move id="99" source="A5" target="B5"/>
  <move id="100" source="I7" target="H7"/>
  <move id="101" source="E6" target="F6"/>
  <move id="102" source="H7" target="G7"/>
  <move id="103" source="F6" target="E6"/>
  <move id="104" source="G7" target="F7"/>
  <move id="105" source="E6" target="E5"/>
  <move id="106" source="F7" target="F6"/>
  <move id="107" source="B5" target="B6"/>
  <move id="108" source="B6" target="A6"/>
  <move id="109" source="A7" target="B7"/>
  <move id="110" source="B8" target="B7"/>
  <move id="111" source="K3" target="K4"/>
  <move id="112" source="B7" target="B6"/>
  <move id="113" source="K4" target="K5"/>
  <move id="114" source="B6" target="B5"/>
  <move id="115" source="B4" target="A4"/>
  <move id="116" source="A6" target="A5"/>
  <move id="117" source="A4" target="A3"/>
  <move id="118" source="B5" target="B4"/>
  <move id="119" source="A3" target="A2"/>
  <move id="120" source="B4" target="B3"/>
  <move id="121" source="K5" target="I5"/>
  <move id="122" source="A5" target="A4"/>
  <move id="123" source="I5" target="I6"/>
  <move id="124" source="A4" target="A3"/>
  <move id="125" source="I6" target="I7"/>
  <move id="126" source="K7" target="I7"/>
  <move id="127" source="K2" target="K3"/>
  <move id="128" source="A3" target="A2"/>
  <move id="129" source="K3" target="K4"/>
  <move id="130" source="A2" target="A3"/>
  <move id="131" source="E5" target="E4"/>
  <move id="132" source="F6" target="F5"/>
  <move id="133" source="C2" target="D2"/>
  <move id="134" source="F5" target="E5"/>
  <move id="135" source="E4" target="D4"/>
  <move id="136" source="A3" target="A4"/>
  <move id="137" source="C3" target="C2"/>
  <move id="138" source="A4" target="B4"/>
  <move id="139" source="D4" target="D3"/>
  <move id="140" source="E5" target="E4"/>
  <move id="141" source="D3" target="C3"/>
  <move id="142" source="E4" target="D4"/>
  <move id="143" source="D2" target="D3"/>
  <move id="144" source="D4" target="D3"/>
  <move id="145" source="C3" target="D3"/>
  <move id="146" source="G9" target="F9"/>
  <move id="147" source="K4" target="K5"/>
  <move id="148" source="F9" target="F8"/>
  <move id="149" source="I3" target="K3"/>
  <move id="150" source="F8" target="F7"/>
  <move id="151" source="H1" target="H2"/>
  <move id="152" source="I9" target="I8"/>
  <move id="153" source="H2" target="I2"/>
  <move id="154" source="I7" target="I6"/>
  <move id="155" source="I2" target="I6"/>
  <move id="156" source="I8" target="I7"/>
  <move id="157" source="D1" target="D3"/>
  <move id="158" source="I7" target="H7"/>
  <move id="159" source="D3" target="D4"/>
  <move id="160" source="H7" target="G7"/>
  <move id="161" source="D4" target="E4"/>
  <move id="162" source="F7" target="F6"/>
  <move id="163" source="E4" target="E9"/>
  <move id="164" source="B9" target="B7"/>
  <move id="165" source="C2" target="D2"/>
  <move id="166" source="H8" target="H7"/>
  <move id="167" source="D2" target="D3"/>
  <move id="168" source="B4" target="B5"/>
  <move id="169" source="D3" target="D4"/>
  <move id="170" source="B5" target="B6"/>
  <move id="171" source="D4" target="E4"/>
  <move id="172" source="B7" target="A7"/>
  <move id="173" source="E4" target="E5"/>
  <move id="174" source="A7" target="A1"/>
  <move id="175" source="B2" target="A2"/>
  <move id="176" source="B6" target="B7"/>
  <move id="177" source="A2" target="A8"/>
  <move id="178" source="B7" target="C7"/>
  <move id="179" source="E2" target="D2"/>
  <move id="180" source="C7" target="D7"/>
  <move id="181" source="E5" target="E4"/>
  <move id="182" source="D7" target="E7"/>
  <move id="183" source="D2" target="C2"/>
  <move id="184" source="E7" target="E6"/>
  <move id="185" source="C2" target="B2"/>
  <move id="186" source="E6" target="E5"/>
  <move id="187" source="B2" target="A2"/>
  <move id="188" source="E5" target="E4"/>
  <move id="189" source="A2" target="A3"/>
  <move id="190" source="E4" target="E5"/>
  <move id="191" source="A3" target="A4"/>
  <move id="192" source="E5" target="E6"/>
  <move id="193" source="A4" target="A5"/>
  <move id="194" source="E6" target="E7"/>
  <move id="195" source="A5" target="A6"/>
  <move id="196" source="E7" target="D7"/>
  <move id="197" source="A6" target="A7"/>
  <move id="198" source="D7" target="C7"/>
  <move id="199" source="A7" target="A8"/>
  <move id="200" source="A9" target="A8"/>
  <move id="201" source="H3" target="I3"/>
  <move id="202" source="A8" target="A7"/>
  <move id="203" source="F2" target="E2"/>
  <move id="204" source="A7" target="A6"/>
  <move id="205" source="E2" target="D2"/>
  <move id="206" source="A6" target="A5"/>
  <move id="207" source="D2" target="C2"/>
  <move id="208" source="A5" target="A4"/>
  <move id="209" source="C2" target="B2"/>
  <move id="210" source="A4" target="B4"/>
  <move id="211" source="B2" target="A2"/>
  <move id="212" source="C7" target="B7"/>
  <move id="213" source="C1" target="C2"/>
  <move id="214" source="B7" target="A7"/>
  <move id="215" source="A2" target="A3"/>
  <move id="216" source="A7" target="A6"/>
  <move id="217" source="A3" target="A4"/>
  <move id="218" source="B4" target="B5"/>
  <move id="219" source="A4" target="A3"/>
  <move id="220" source="A6" target="A5"/>
  <move id="221" source="C2" target="C3"/>
  <move id="222" source="A5" target="A4"/>
  <move id="223" source="A3" target="A2"/>
  <move id="224" source="A4" target="A3"/>
  <move id="225" source="A2" target="B2"/>
  <move id="226" source="A3" target="A2"/>
  <move id="227" source="B2" target="C2"/>
  <move id="228" source="A2" target="B2"/>
  <move id="229" source="C2" target="D2"/>
  <move id="230" source="B2" target="C2"/>
  <move id="231" source="D2" target="D3"/>
  <move id="232" source="C2" target="C3"/>
  <move id="233" source="D3" target="D4"/>
  <move id="234" source="C3" target="D3"/>
  <move id="235" source="D4" target="E4"/>
  <move id="236" source="D3" target="D4"/>
  <move id="237" source="E4" target="E5"/>
  <move id="238" source="D4" target="E4"/>
  <move id="239" source="E5" target="E6"/>
  <move id="240" source="F6" target="E6"/>
  <move id="241" source="K5" target="K6"/>
  <move id="242" source="I6" target="K6"/>
  <move id="243" source="I3" target="I4"/>
  <move id="244" source="B5" target="B4"/>
  <move id="245" source="K3" target="I3"/>
  <move id="246" source="B4" target="A4"/>
  <move id="247" source="E1" target="E2"/>
  <move id="248" source="A4" target="A3"/>
  <move id="249" source="E2" target="D2"/>
  <move id="250" source="A3" target="A2"/>
  <move id="251" source="D2" target="C2"/>
  <move id="252" source="A2" target="A1"/>
  <move id="253" source="C2" target="C1"/>
  <move id="254" source="A1" target="B1"/>
  <move id="255" source="G2" target="F2"/>
  <move id="256" source="E4" target="D4"/>
  <move id="257" source="F2" target="E2"/>
  <move id="258" source="D4" target="D3"/>
  <move id="259" source="C1" target="C2"/>
  <move id="260" source="D3" target="D2"/>
  <move id="261" source="C2" target="D2"/>
  <move id="262" source="D2" target="E2"/>
  <move id="263" source="I4" target="I5"/>
  <move id="264" source="E2" target="F2"/>
  <move id="265" source="I1" target="I2"/>
  <move id="266" source="F2" target="F3"/>
  <player id="1">Player 1</player>
  <player id="2">Player 2</player>
  <result type="1" winner="2"/>
 </game>
</stratego>