<?xml version="1.0" encoding="UTF-8"?>
<stratego>
 <game type="classic">
  
  <field content="DEMHBFBFBFIBJGFBEIEBDGDEDKEDJHDHGLIGDCHDAA__AA__AAAA__AA__AANPSUSPQVPTRTWPTSTPSXYPONUPVNPRNUNQQRNQRQ"/>
  <move id="1" source="E4" target="E5"/>
  <move id="2" source="I7" target="I6"/>
  <move id="3" source="E5" target="E6"/>
  <move id="4" source="I8" target="I7"/>
  <move id="5" source="E6" target="E5"/>
  <move id="6" source="F7" target="F6"/>
  <move id="7" source="E5" target="F5"/>
  <move id="8" source="E7" target="E6"/>
  <move id="9" source="F5" target="F6"/>
  <move id="10" source="E6" target="E5"/>
  <move id="11" source="F6" target="F5"/>
  <move id="12" source="E5" target="E4"/>
  <move id="13" source="F4" target="E4"/>
  <move id="14" source="G7" target="F7"/>
  <move id="15" source="F5" target="F4"/>
  <move id="16" source="F7" target="F6"/>
  <move id="17" source="I4" target="I5"/>
  <move id="18" source="F6" target="F5"/>
  <move id="19" source="F4" target="F5"/>
  <move id="20" source="H7" target="G7"/>
  <move id="21" source="G4" target="F4"/>
  <move id="22" source="G7" target="F7"/>
  <move id="23" source="E3" target="E4"/>
  <move id="24" source="F7" target="F6"/>
  <move id="25" source="F3" target="E3"/>
  <move id="26" source="D7" target="E7"/>
  <move id="27" source="F5" target="F6"/>
  <move id="28" source="F6" target="F7"/>
  <move id="29" source="I5" target="I6"/>
  <move id="30" source="I7" target="I8"/>
  <move id="31" source="I6" target="I7"/>
  <move id="32" source="F7" target="G7"/>
  <move id="33" source="I7" target="I8"/>
  <move id="34" source="K8" target="I8"/>
  <move id="35" source="F4" target="G4"/>
  <move id="36" source="G7" target="H7"/>
  <move id="37" source="E3" target="F3"/>
  <move id="38" source="H7" target="I7"/>
  <move id="39" source="F3" target="F4"/>
  <move id="40" source="I7" target="I6"/>
  <move id="41" source="F4" target="F5"/>
  <move id="42" source="I8" target="I7"/>
  <move id="43" source="E4" target="F4"/>
  <move id="44" source="I7" target="H7"/>
  <move id="45" source="E2" target="E3"/>
  <move id="46" source="H7" target="G7"/>
  <move id="47" source="E3" target="E4"/>
  <move id="48" source="F8" target="F7"/>
  <move id="49" source="H4" target="I4"/>
  <move id="50" source="I6" target="K6"/>
  <move id="51" source="I4" target="I5"/>
  <move id="52" source="I9" target="I5"/>
  <move id="53" source="E4" target="E3"/>
  <move id="54" source="F7" target="F8"/>
  <move id="55" source="D4" target="E4"/>
  <move id="56" source="G7" target="F7"/>
  <move id="57" source="F4" target="F3"/>
  <move id="58" source="F7" target="F6"/>
  <move id="59" source="F5" target="E5"/>
  <move id="60" source="F6" target="E6"/>
  <move id="61" source="E5" target="F5"/>
  <move id="62" source="E6" target="F6"/>
  <move id="63" source="F5" target="E5"/>
  <move id="64" source="F6" target="E6"/>
  <move id="65" source="E5" target="F5"/>
  <move id="66" source="E6" target="F6"/>
  <move id="67" source="F5" target="E5"/>
  <move id="68" source="F6" target="E6"/>
  <move id="69" source="I3" target="I4"/>
  <move id="70" source="E6" target="E5"/>
  <move id="71" source="I4" target="I5"/>
  <move id="72" source="E5" target="E4"/>
  <move id="73" source="I5" target="I6"/>
  <move id="74" source="K6" target="I6"/>
  <move id="75" source="G4" target="H4"/>
  <move id="76" source="G8" target="G7"/>
  <move id="77" source="H4" target="I4"/>
  <move id="78" source="G9" target="G8"/>
  <move id="79" source="I4" target="I5"/>
  <move id="80" source="H8" target="I8"/>
  <move id="81" source="I5" target="I6"/>
  <move id="82" source="I8" target="I6"/>
  <move id="83" source="E3" target="E4"/>
  <move id="84" source="G7" target="H7"/>
  <move id="85" source="E4" target="F4"/>
  <move id="86" source="G8" target="G7"/>
  <move id="87" source="F4" target="F5"/>
  <move id="88" source="H7" target="H8"/>
  <move id="89" source="F5" target="F6"/>
  <move id="90" source="F8" target="F7"/>
  <move id="91" source="F6" target="F7"/>
  <move id="92" source="F7" target="F6"/>
  <move id="93" source="D2" target="E2"/>
  <move id="94" source="F6" target="F5"/>
  <move id="95" source="C2" target="D2"/>
  <move id="96" source="F5" target="F4"/>
  <move id="97" source="E2" target="E3"/>
  <move id="98" source="F4" target="G4"/>
  <move id="99" source="D2" target="E2"/>
  <move id="100" source="G4" target="G3"/>
  <move id="101" source="E3" target="E4"/>
  <move id="102" source="G3" target="G2"/>
  <move id="103" source="E2" target="E3"/>
  <move id="104" source="G2" target="H2"/>
  <move id="105" source="E4" target="D4"/>
  <move id="106" source="G7" target="F7"/>
  <move id="107" source="E3" target="E4"/>
  <move id="108" source="F7" target="F6"/>
  <move id="109" source="E4" target="E5"/>
  <move id="110" source="E7" target="F7"/>
  <move id="111" source="F3" target="F6"/>
  <move id="112" source="F7" target="G7"/>
  <move id="113" source="E5" target="E6"/>
  <move id="114" source="F6" target="E6"/>
  <move id="115" source="H2" target="G2"/>
  <move id="116" source="G7" target="F7"/>
  <move id="117" source="G2" target="G3"/>
  <move id="118" source="F7" target="F6"/>
  <move id="119" source="G3" target="G4"/>
  <move id="120" source="F6" target="F7"/>
  <move id="121" source="G4" target="F4"/>
  <move id="122" source="F7" target="F6"/>
  <move id="123" source="F4" target="E4"/>
  <move id="124" source="F6" target="F5"/>
  <move id="125" source="E4" target="E3"/>
  <move id="126" source="F5" target="F4"/>
  <move id="127" source="D4" target="E4"/>
  <move id="128" source="F4" target="E4"/>
  <move id="129" source="E3" target="E4"/>
  <move id="130" source="E8" target="F8"/>
  <move id="131" source="H3" target="H4"/>
  <move id="132" source="E9" target="E8"/>
  <move id="133" source="H4" target="G4"/>
  <move id="134" source="E8" target="E7"/>
  <move id="135" source="G4" target="F4"/>
  <move id="136" source="E7" target="E6"/>
  <move id="137" source="F4" target="F5"/>
  <move id="138" source="E6" target="F6"/>
  <move id="139" source="F5" target="F4"/>
  <move id="140" source="F6" target="F7"/>
  <move id="141" source="F4" target="E4"/>
  <move id="142" source="F7" target="E7"/>
  <move id="143" source="E4" target="F4"/>
  <move id="144" source="E7" target="F7"/>
  <move id="145" source="F4" target="F3"/>
  <move id="146" source="D8" target="E8"/>
  <move id="147" source="D3" target="E3"/>
  <move id="148" source="E8" target="E7"/>
  <move id="149" source="E3" target="E4"/>
  <move id="150" source="E7" target="E6"/>
  <move id="151" source="F3" target="E3"/>
  <move id="152" source="F7" target="F6"/>
  <move id="153" source="E4" target="F4"/>
  <move id="154" source="C8" target="D8"/>
  <move id="155" source="F4" target="G4"/>
  <move id="156" source="D8" target="E8"/>
  <move id="157" source="G4" target="H4"/>
  <move id="158" source="F6" target="F7"/>
  <move id="159" source="H4" target="I4"/>
  <move id="160" source="F7" target="G7"/>
  <move id="161" source="I4" target="I5"/>
  <move id="162" source="G7" target="H7"/>
  <move id="163" source="I5" target="I6"/>
  <move id="164" source="H7" target="I7"/>
  <move id="165" source="I6" target="K6"/>
  <move id="166" source="K7" target="K8"/>
  <move id="167" source="K6" target="K5"/>
  <move id="168" source="I7" target="I6"/>
  <move id="169" source="K4" target="G4"/>
  <move id="170" source="E6" target="E5"/>
  <move id="171" source="G4" target="F4"/>
  <move id="172" source="E5" target="F5"/>
  <move id="173" source="F4" target="H4"/>
  <move id="174" source="F5" target="F4"/>
  <move id="175" source="H4" target="H3"/>
  <move id="176" source="F4" target="G4"/>
  <move id="177" source="E3" target="E4"/>
  <move id="178" source="E8" target="E7"/>
  <move id="179" source="E4" target="E5"/>
  <move id="180" source="G4" target="H4"/>
  <move id="181" source="H3" target="E3"/>
  <move id="182" source="H4" target="I4"/>
  <move id="183" source="E3" target="F3"/>
  <move id="184" source="I6" target="K6"/>
  <move id="185" source="K5" target="I5"/>
  <move id="186" source="I4" target="I5"/>
  <move id="187" source="E5" target="F5"/>
  <move id="188" source="E7" target="F7"/>
  <move id="189" source="F3" target="E3"/>
  <move id="190" source="F7" target="F6"/>
  <move id="191" source="E3" target="E:"/>
  <move id="192" source="F6" target="F5"/>
  <move id="193" source="B4" target="B5"/>
  <move id="194" source="B8" target="C8"/>
  <move id="195" source="B5" target="B6"/>
  <move id="196" source="B9" target="B8"/>
  <move id="197" source="B6" target="B7"/>
  <move id="198" source="B:" target="B9"/>
  <move id="199" source="B7" target="C7"/>
  <move id="200" source="C8" target="C7"/>
  <move id="201" source="A4" target="A7"/>
  <move id="202" source="F5" target="E5"/>
  <move id="203" source="C4" target="B4"/>
  <move id="204" source="E5" target="E6"/>
  <move id="205" source="B4" target="B5"/>
  <move id="206" source="E6" target="E7"/>
  <move id="207" source="B5" target="B6"/>
  <move id="208" source="E7" target="D7"/>
  <move id="209" source="B6" target="B7"/>
  <move id="210" source="D7" target="C7"/>
  <move id="211" source="B7" target="B8"/>
  <move id="212" source="B9" target="B8"/>
  <move id="213" source="A3" target="A4"/>
  <move id="214" source="K6" target="I6"/>
  <move id="215" source="I5" target="I4"/>
  <move id="216" source="I6" target="I5"/>
  <move id="217" source="I4" target="H4"/>
  <move id="218" source="I5" target="I4"/>
  <move id="219" source="H4" target="G4"/>
  <move id="220" source="I4" target="H4"/>
  <move id="221" source="G4" target="F4"/>
  <move id="222" source="H4" target="G4"/>
  <move id="223" source="F4" target="F5"/>
  <move id="224" source="G4" target="F4"/>
  <move id="225" source="F5" target="F6"/>
  <move id="226" source="F4" target="F5"/>
  <move id="227" source="F6" target="F7"/>
  <move id="228" source="F5" target="F6"/>
  <move id="229" source="F7" target="F8"/>
  <move id="230" source="F8" target="E8"/>
  <move id="231" source="A4" target="B4"/>
  <move id="232" source="F6" target="F5"/>
  <move id="233" source="B4" target="C4"/>
  <move id="234" source="F5" target="F4"/>
  <move id="235" source="C4" target="D4"/>
  <move id="236" source="F4" target="E4"/>
  <move id="237" source="D4" target="D3"/>
  <move id="238" source="C7" target="B7"/>
  <move id="239" source="A2" target="A3"/>
  <move id="240" source="B7" target="B6"/>
  <move id="241" source="A3" target="A4"/>
  <move id="242" source="B6" target="B5"/>
  <move id="243" source="A4" target="B4"/>
  <move id="244" source="B5" target="B4"/>
  <move id="245" source="D3" target="D2"/>
  <move id="246" source="E4" target="E3"/>
  <move id="247" source="K3" target="K4"/>
  <move id="248" source="E8" target="E7"/>
  <move id="249" source="K4" target="K5"/>
  <move id="250" source="E7" target="E6"/>
  <move id="251" source="K5" target="K6"/>
  <move id="252" source="E6" target="E5"/>
  <move id="253" source="K6" target="K7"/>
  <move id="254" source="K8" target="K7"/>
  <move id="255" source="I2" target="I3"/>
  <move id="256" source="E5" target="E4"/>
  <move id="257" source="I3" target="I4"/>
  <move id="258" source="E4" target="D4"/>
  <move id="259" source="I4" target="I5"/>
  <move id="260" source="D4" target="D3"/>
  <move id="261" source="D2" target="E2"/>
  <move id="262" source="E3" target="E2"/>
  <move id="263" source="I5" target="I6"/>
  <move id="264" source="E2" target="E3"/>
  <move id="265" source="I6" target="I7"/>
  <move id="266" source="E3" target="F3"/>
  <move id="267" source="I7" target="I8"/>
  <move id="268" source="F3" target="G3"/>
  <move id="269" source="I8" target="H8"/>
  <move id="270" source="F9" target="F2"/>
  <move id="271" source="C3" target="C2"/>
  <move id="272" source="E:" target="E9"/>
  <move id="273" source="C2" target="E2"/>
  <move id="274" source="E9" target="E8"/>
  <move id="275" source="E2" target="E5"/>
  <move id="276" source="E8" target="E7"/>
  <move id="277" source="E5" target="F5"/>
  <move id="278" source="E7" target="E6"/>
  <move id="279" source="F5" target="F7"/>
  <move id="280" source="E6" target="E5"/>
  <move id="281" source="F7" target="K7"/>
  <move id="282" source="E5" target="E4"/>
  <move id="283" source="K7" target="K4"/>
  <move id="284" source="E4" target="F4"/>
  <move id="285" source="K4" target="K5"/>
  <move id="286" source="F4" target="F3"/>
  <move id="287" source="K5" target="K6"/>
  <move id="288" source="G3" target="G2"/>
  <move id="289" source="K6" target="K5"/>
  <move id="290" source="F3" target="F2"/>
  <move id="291" source="F1" target="F2"/>
  <move id="292" source="G2" target="F2"/>
  <move id="293" source="K5" target="K4"/>
  <move id="294" source="D:" target="E:"/>
  <move id="295" source="K4" target="K5"/>
  <move id="296" source="E:" target="E9"/>
  <move id="297" source="K5" target="K6"/>
  <move id="298" source="E9" target="E8"/>
  <move id="299" source="K6" target="I6"/>
  <move id="300" source="E8" target="E7"/>
  <move id="301" source="I6" target="I7"/>
  <move id="302" source="E7" target="D7"/>
  <move id="303" source="I7" target="F7"/>
  <move id="304" source="D7" target="C7"/>
  <move id="305" source="F7" target="F4"/>
  <move id="306" source="C7" target="B7"/>
  <move id="307" source="F4" target="I4"/>
  <move id="308" source="B7" target="B6"/>
  <move id="309" source="I4" target="I6"/>
  <move id="310" source="B6" target="B5"/>
  <move id="311" source="I6" target="I4"/>
  <move id="312" source="B5" target="A5"/>
  <move id="313" source="I4" target="I3"/>
  <move id="314" source="A5" target="A4"/>
  <move id="315" source="I3" target="I4"/>
  <move id="316" source="A4" target="A3"/>
  <move id="317" source="B3" target="A3"/>
  <move id="318" source="B4" target="A4"/>
  <move id="319" source="A3" target="B3"/>
  <move id="320" source="D3" target="C3"/>
  <move id="321" source="B3" target="B4"/>
  <move id="322" source="A4" target="B4"/>
  <move id="323" source="I4" target="I5"/>
  <move id="324" source="C9" target="C8"/>
  <move id="325" source="I5" target="I6"/>
  <move id="326" source="C8" target="C7"/>
  <move id="327" source="I6" target="I5"/>
  <move id="328" source="C7" target="B7"/>
  <move id="329" source="I5" target="I4"/>
  <move id="330" source="B7" target="B6"/>
  <move id="331" source="I4" target="I5"/>
  <move id="332" source="B6" target="B5"/>
  <move id="333" source="I5" target="I4"/>
  <move id="334" source="B5" target="A5"/>
  <move id="335" source="I4" target="H4"/>
  <move id="336" source="A5" target="A4"/>
  <move id="337" source="H4" target="G4"/>
  <move id="338" source="A4" target="A3"/>
  <move id="339" source="G4" target="F4"/>
  <move id="340" source="A3" target="A2"/>
  <move id="341" source="F4" target="F5"/>
  <move id="342" source="A2" target="A1"/>
  <move id="343" source="A1" target="A5"/>
  <move id="344" source="B8" target="B9"/>
  <move id="345" source="A5" target="A6"/>
  <move id="346" source="B4" target="B5"/>
  <move id="347" source="A6" target="A4"/>
  <move id="348" source="C3" target="C4"/>
  <move id="349" source="A4" target="A3"/>
  <move id="350" source="C4" target="C3"/>
  <move id="351" source="A3" target="A4"/>
  <move id="352" source="C3" target="C4"/>
  <move id="353" source="A4" target="A3"/>
  <move id="354" source="F2" target="F3"/>
  <move id="355" source="A3" target="D3"/>
  <move id="356" source="F3" target="E3"/>
  <move id="357" source="D3" target="D2"/>
  <move id="358" source="E3" target="E2"/>
  <move id="359" source="D2" target="D3"/>
  <move id="360" source="E2" target="E3"/>
  <move id="361" source="D3" target="D2"/>
  <move id="362" source="E3" target="E2"/>
  <move id="363" source="D2" target="D3"/>
  <move id="364" source="E2" target="E3"/>
  <move id="365" source="D3" target="D2"/>
  <move id="366" source="E3" target="E2"/>
  <move id="367" source="D2" target="C2"/>
  <move id="368" source="E2" target="D2"/>
  <move id="369" source="C2" target="C3"/>
  <move id="370" source="C4" target="C3"/>
  <move id="371" source="F5" target="F4"/>
  <move id="372" source="D2" target="E2"/>
  <move id="373" source="F4" target="G4"/>
  <move id="374" source="E2" target="E3"/>
  <move id="375" source="G4" target="H4"/>
  <move id="376" source="E3" target="F3"/>
  <move id="377" source="H4" target="I4"/>
  <move id="378" source="H8" target="H7"/>
  <move id="379" source="I4" target="E4"/>
  <move id="380" source="F3" target="G3"/>
  <move id="381" source="E4" target="F4"/>
  <move id="382" source="G3" target="H3"/>
  <move id="383" source="F4" target="E4"/>
  <move id="384" source="H3" target="H2"/>
  <move id="385" source="E4" target="E5"/>
  <move id="386" source="H2" target="H1"/>
  <move id="387" source="E5" target="E4"/>
  <move id="388" source="H1" target="H2"/>
  <move id="389" source="E4" target="E5"/>
  <move id="390" source="C3" target="C2"/>
  <move id="391" source="E5" target="E6"/>
  <move id="392" source="C2" target="C1"/>
  <player id="1">Player 1</player>
  <player id="2">Player 2</player>
  <result type="1" winner="2"/>
 </game>
</stratego>