<?xml version="1.0" encoding="UTF-8"?>
<stratego>
 <game type="classic">
  
  <field content="EDEDEHBMBFDJHDDFJBIBGFEDDHCGHEBBIKDGLIGFAA__AA__AAAA__AA__AAQSRUPRNPRPPXVWNPSPPNUQVOTSQNQRYUTTTNSQPN"/>
  <move id="1" source="F4" target="F5"/>
  <move id="2" source="B7" target="B6"/>
  <move id="3" source="F5" target="F6"/>
  <move id="4" source="B6" target="B5"/>
  <move id="5" source="E4" target="E7"/>
  <move id="6" source="B5" target="B4"/>
  <move id="7" source="E3" target="E8"/>
  <move id="8" source="A7" target="B7"/>
  <move id="9" source="F6" target="F7"/>
  <move id="10" source="A8" target="A4"/>
  <move id="11" source="E2" target="E6"/>
  <move id="12" source="B7" target="A7"/>
  <move id="13" source="F7" target="E7"/>
  <move id="14" source="A7" target="A8"/>
  <move id="15" source="E6" target="F6"/>
  <move id="16" source="C7" target="B7"/>
  <move id="17" source="F6" target="F8"/>
  <move id="18" source="D7" target="E7"/>
  <move id="19" source="D4" target="E4"/>
  <move id="20" source="E7" target="D7"/>
  <move id="21" source="E4" target="E5"/>
  <move id="22" source="D7" target="C7"/>
  <move id="23" source="E5" target="E6"/>
  <move id="24" source="D8" target="D7"/>
  <move id="25" source="G4" target="F4"/>
  <move id="26" source="D9" target="D8"/>
  <move id="27" source="F4" target="F5"/>
  <move id="28" source="B7" target="A7"/>
  <move id="29" source="F5" target="F6"/>
  <move id="30" source="C7" target="B7"/>
  <move id="31" source="F6" target="F7"/>
  <move id="32" source="B7" target="B6"/>
  <move id="33" source="F7" target="E7"/>
  <move id="34" source="B8" target="B7"/>
  <move id="35" source="D3" target="D4"/>
  <move id="36" source="C8" target="B8"/>
  <move id="37" source="D4" target="F4"/>
  <move id="38" source="B7" target="C7"/>
  <move id="39" source="F4" target="F9"/>
  <move id="40" source="C7" target="C8"/>
  <move id="41" source="F3" target="F4"/>
  <move id="42" source="D7" target="C7"/>
  <move id="43" source="F4" target="F5"/>
  <move id="44" source="C7" target="B7"/>
  <move id="45" source="F5" target="F6"/>
  <move id="46" source="C8" target="C7"/>
  <move id="47" source="F6" target="F7"/>
  <move id="48" source="C7" target="D7"/>
  <move id="49" source="F7" target="F8"/>
  <move id="50" source="B7" target="C7"/>
  <move id="51" source="F8" target="F9"/>
  <move id="52" source="D7" target="E7"/>
  <move id="53" source="F9" target="F:"/>
  <move id="54" source="C7" target="D7"/>
  <move id="55" source="E6" target="E7"/>
  <move id="56" source="D7" target="E7"/>
  <move id="57" source="I4" target="I5"/>
  <move id="58" source="B8" target="B7"/>
  <move id="59" source="H4" target="I4"/>
  <move id="60" source="B7" target="C7"/>
  <move id="61" source="I5" target="I6"/>
  <move id="62" source="C7" target="D7"/>
  <move id="63" source="I4" target="I5"/>
  <move id="64" source="D7" target="E7"/>
  <move id="65" source="I6" target="I7"/>
  <move id="66" source="E7" target="E6"/>
  <move id="67" source="I5" target="I6"/>
  <move id="68" source="E6" target="E5"/>
  <move id="69" source="I7" target="I8"/>
  <move id="70" source="E5" target="E4"/>
  <move id="71" source="I8" target="I9"/>
  <move id="72" source="E4" target="E3"/>
  <move id="73" source="I9" target="H9"/>
  <move id="74" source="D8" target="D7"/>
  <move id="75" source="F2" target="F3"/>
  <move id="76" source="E3" target="F3"/>
  <move id="77" source="G3" target="G4"/>
  <move id="78" source="D7" target="E7"/>
  <move id="79" source="G4" target="H4"/>
  <move id="80" source="E7" target="E6"/>
  <move id="81" source="H4" target="I4"/>
  <move id="82" source="F3" target="F4"/>
  <move id="83" source="I4" target="I5"/>
  <move id="84" source="F4" target="G4"/>
  <move id="85" source="I5" target="K5"/>
  <move id="86" source="G4" target="H4"/>
  <move id="87" source="K5" target="K6"/>
  <move id="88" source="H4" target="I4"/>
  <move id="89" source="K6" target="K7"/>
  <move id="90" source="I4" target="I5"/>
  <move id="91" source="I6" target="I7"/>
  <move id="92" source="K7" target="K5"/>
  <move id="93" source="G2" target="G3"/>
  <move id="94" source="I5" target="I4"/>
  <move id="95" source="G3" target="G4"/>
  <move id="96" source="C9" target="C8"/>
  <move id="97" source="G4" target="F4"/>
  <move id="98" source="C8" target="D8"/>
  <move id="99" source="F4" target="F5"/>
  <move id="100" source="D8" target="D7"/>
  <move id="101" source="F5" target="F6"/>
  <move id="102" source="D7" target="E7"/>
  <move id="103" source="F6" target="F7"/>
  <move id="104" source="E7" target="F7"/>
  <move id="105" source="C3" target="D3"/>
  <move id="106" source="I4" target="H4"/>
  <move id="107" source="D3" target="E3"/>
  <move id="108" source="H4" target="G4"/>
  <move id="109" source="E3" target="E4"/>
  <move id="110" source="E6" target="E5"/>
  <move id="111" source="E4" target="E3"/>
  <move id="112" source="G4" target="F4"/>
  <move id="113" source="K4" target="K5"/>
  <move id="114" source="H7" target="I7"/>
  <move id="115" source="K5" target="K6"/>
  <move id="116" source="E5" target="E4"/>
  <move id="117" source="K6" target="K7"/>
  <move id="118" source="E4" target="E3"/>
  <move id="119" source="K7" target="K8"/>
  <move id="120" source="B6" target="B7"/>
  <move id="121" source="K3" target="K4"/>
  <move id="122" source="F4" target="F5"/>
  <move id="123" source="K4" target="K5"/>
  <move id="124" source="F5" target="F6"/>
  <move id="125" source="K5" target="K6"/>
  <move id="126" source="F6" target="F7"/>
  <move id="127" source="K6" target="K7"/>
  <move id="128" source="B7" target="C7"/>
  <move id="129" source="K7" target="K8"/>
  <move id="130" source="K9" target="K8"/>
  <move id="131" source="I7" target="I8"/>
  <move id="132" source="K8" target="K7"/>
  <move id="133" source="I3" target="I4"/>
  <move id="134" source="K7" target="K6"/>
  <move id="135" source="I4" target="I5"/>
  <move id="136" source="K6" target="K5"/>
  <move id="137" source="I5" target="K5"/>
  <move id="138" source="F7" target="F6"/>
  <move id="139" source="K5" target="K6"/>
  <move id="140" source="F6" target="F5"/>
  <move id="141" source="K6" target="K7"/>
  <move id="142" source="F5" target="F4"/>
  <move id="143" source="K7" target="I7"/>
  <move id="144" source="B9" target="C9"/>
  <move id="145" source="I7" target="K7"/>
  <move id="146" source="A7" target="B7"/>
  <move id="147" source="K7" target="K8"/>
  <move id="148" source="B7" target="B8"/>
  <move id="149" source="K8" target="K9"/>
  <move id="150" source="B8" target="C8"/>
  <move id="151" source="K9" target="I9"/>
  <move id="152" source="C8" target="D8"/>
  <move id="153" source="I9" target="H9"/>
  <move id="154" source="D8" target="D7"/>
  <move id="155" source="C2" target="C3"/>
  <move id="156" source="D7" target="E7"/>
  <move id="157" source="B2" target="C2"/>
  <move id="158" source="F4" target="E4"/>
  <move id="159" source="E3" target="F3"/>
  <move id="160" source="E4" target="E3"/>
  <move id="161" source="F3" target="G3"/>
  <move id="162" source="E3" target="D3"/>
  <move id="163" source="G3" target="G4"/>
  <move id="164" source="E7" target="E6"/>
  <move id="165" source="G4" target="H4"/>
  <move id="166" source="E6" target="E5"/>
  <move id="167" source="H4" target="I4"/>
  <move id="168" source="E5" target="E4"/>
  <move id="169" source="I4" target="I5"/>
  <move id="170" source="E4" target="D4"/>
  <move id="171" source="I5" target="I6"/>
  <move id="172" source="D4" target="C4"/>
  <move id="173" source="I6" target="I7"/>
  <move id="174" source="D3" target="D4"/>
  <move id="175" source="I7" target="K7"/>
  <move id="176" source="D4" target="C4"/>
  <move id="177" source="K7" target="K8"/>
  <move id="178" source="C4" target="C3"/>
  <move id="179" source="K8" target="K9"/>
  <move id="180" source="C3" target="C2"/>
  <move id="181" source="K9" target="I9"/>
  <move id="182" source="C7" target="D7"/>
  <move id="183" source="I9" target="H9"/>
  <move id="184" source="G9" target="H9"/>
  <move id="185" source="D2" target="E2"/>
  <move id="186" source="D7" target="E7"/>
  <move id="187" source="E2" target="G2"/>
  <move id="188" source="E7" target="F7"/>
  <move id="189" source="G2" target="G4"/>
  <move id="190" source="F7" target="F8"/>
  <move id="191" source="G4" target="K4"/>
  <move id="192" source="F8" target="F9"/>
  <move id="193" source="K4" target="K9"/>
  <move id="194" source="F9" target="G9"/>
  <move id="195" source="K9" target="I9"/>
  <move id="196" source="G9" target="H9"/>
  <move id="197" source="I9" target="I:"/>
  <move id="198" source="B:" target="B9"/>
  <move id="199" source="I8" target="K8"/>
  <move id="200" source="B9" target="B8"/>
  <move id="201" source="K8" target="K7"/>
  <move id="202" source="B8" target="B7"/>
  <move id="203" source="K7" target="K6"/>
  <move id="204" source="B7" target="C7"/>
  <move id="205" source="K6" target="K5"/>
  <move id="206" source="C7" target="D7"/>
  <move id="207" source="K5" target="K4"/>
  <move id="208" source="D7" target="E7"/>
  <move id="209" source="K4" target="I4"/>
  <move id="210" source="E7" target="E6"/>
  <move id="211" source="I4" target="H4"/>
  <move id="212" source="E6" target="E5"/>
  <move id="213" source="H4" target="G4"/>
  <move id="214" source="E5" target="E4"/>
  <move id="215" source="G4" target="G3"/>
  <move id="216" source="E4" target="F4"/>
  <move id="217" source="G3" target="G2"/>
  <move id="218" source="F4" target="F3"/>
  <move id="219" source="I2" target="I3"/>
  <move id="220" source="H9" target="G9"/>
  <move id="221" source="D1" target="D2"/>
  <move id="222" source="A9" target="B9"/>
  <move id="223" source="D2" target="D3"/>
  <move id="224" source="B9" target="B8"/>
  <move id="225" source="D3" target="D4"/>
  <move id="226" source="B8" target="C8"/>
  <move id="227" source="D4" target="E4"/>
  <move id="228" source="C8" target="C7"/>
  <move id="229" source="E4" target="E5"/>
  <move id="230" source="C7" target="D7"/>
  <move id="231" source="E5" target="E6"/>
  <move id="232" source="G9" target="F9"/>
  <move id="233" source="E6" target="E7"/>
  <move id="234" source="D7" target="E7"/>
  <move id="235" source="G2" target="G3"/>
  <move id="236" source="F3" target="G3"/>
  <move id="237" source="I3" target="I4"/>
  <move id="238" source="E7" target="E6"/>
  <move id="239" source="I4" target="I5"/>
  <move id="240" source="F9" target="G9"/>
  <move id="241" source="I5" target="I4"/>
  <move id="242" source="G9" target="H9"/>
  <move id="243" source="I4" target="I5"/>
  <move id="244" source="H9" target="I9"/>
  <move id="245" source="I5" target="I6"/>
  <move id="246" source="I9" target="I8"/>
  <move id="247" source="I6" target="I5"/>
  <move id="248" source="I8" target="I7"/>
  <move id="249" source="I5" target="I4"/>
  <move id="250" source="I7" target="I6"/>
  <move id="251" source="I4" target="H4"/>
  <move id="252" source="E6" target="E5"/>
  <move id="253" source="H4" target="G4"/>
  <move id="254" source="E5" target="E4"/>
  <move id="255" source="E1" target="E2"/>
  <move id="256" source="I6" target="I5"/>
  <move id="257" source="E2" target="F2"/>
  <move id="258" source="I5" target="I4"/>
  <move id="259" source="G4" target="G3"/>
  <move id="260" source="I4" target="H4"/>
  <move id="261" source="F2" target="F3"/>
  <move id="262" source="H4" target="G4"/>
  <move id="263" source="G3" target="G4"/>
  <move id="264" source="C9" target="B9"/>
  <move id="265" source="F3" target="G3"/>
  <move id="266" source="E4" target="F4"/>
  <move id="267" source="C1" target="C2"/>
  <move id="268" source="C:" target="C9"/>
  <move id="269" source="C2" target="C3"/>
  <move id="270" source="C9" target="C8"/>
  <move id="271" source="C3" target="C4"/>
  <move id="272" source="C8" target="C7"/>
  <move id="273" source="C4" target="D4"/>
  <move id="274" source="C7" target="D7"/>
  <move id="275" source="D4" target="D3"/>
  <move id="276" source="D7" target="E7"/>
  <move id="277" source="D3" target="E3"/>
  <move id="278" source="E7" target="E6"/>
  <move id="279" source="E3" target="F3"/>
  <move id="280" source="E6" target="E5"/>
  <move id="281" source="G3" target="G4"/>
  <move id="282" source="F4" target="G4"/>
  <move id="283" source="F1" target="F2"/>
  <move id="284" source="E5" target="E4"/>
  <move id="285" source="F2" target="E2"/>
  <move id="286" source="G4" target="F4"/>
  <move id="287" source="F3" target="F2"/>
  <move id="288" source="F4" target="F3"/>
  <move id="289" source="F2" target="F1"/>
  <move id="290" source="F3" target="F2"/>
  <move id="291" source="E2" target="E3"/>
  <move id="292" source="F2" target="F1"/>
  <move id="293" source="E3" target="E4"/>
  <move id="294" source="F1" target="F2"/>
  <move id="295" source="H3" target="I3"/>
  <move id="296" source="E9" target="F9"/>
  <move id="297" source="I3" target="I4"/>
  <move id="298" source="F9" target="G9"/>
  <move id="299" source="I4" target="I5"/>
  <move id="300" source="G9" target="H9"/>
  <move id="301" source="I5" target="I6"/>
  <move id="302" source="H9" target="I9"/>
  <move id="303" source="I6" target="I7"/>
  <move id="304" source="I9" target="I8"/>
  <move id="305" source="I7" target="H7"/>
  <move id="306" source="H8" target="H9"/>
  <move id="307" source="H7" target="G7"/>
  <move id="308" source="I8" target="I7"/>
  <player id="1">Player 1</player>
  <player id="2">Player 2</player>
  <result type="3" winner="2"/>
 </game>
</stratego>