<?xml version="1.0" encoding="UTF-8"?>
<stratego>
 <game type="classic">
  
  <field content="EFBEEBMBEBIFKGJFBFHDDGJCDLEDGBHDDIDHHGDIAA__AA__AAAA__AA__AAUPPVPUSWPTSPXPTPVQSNQTNORNSTQRPQNRNYNRQU"/>
  <move id="1" source="B4" target="B7"/>
  <move id="2" source="E7" target="E4"/>
  <move id="3" source="K4" target="K5"/>
  <move id="4" source="A7" target="A6"/>
  <move id="5" source="K5" target="K6"/>
  <move id="6" source="A6" target="A5"/>
  <move id="7" source="I4" target="I7"/>
  <move id="8" source="E8" target="E7"/>
  <move id="9" source="K6" target="I6"/>
  <move id="10" source="E7" target="E6"/>
  <move id="11" source="H4" target="I4"/>
  <move id="12" source="D8" target="E8"/>
  <move id="13" source="I4" target="K4"/>
  <move id="14" source="E8" target="E7"/>
  <move id="15" source="I6" target="I7"/>
  <move id="16" source="K7" target="I7"/>
  <move id="17" source="I7" target="I6"/>
  <move id="18" source="H7" target="I7"/>
  <move id="19" source="I6" target="I5"/>
  <move id="20" source="I7" target="H7"/>
  <move id="21" source="K4" target="K5"/>
  <move id="22" source="I8" target="I7"/>
  <move id="23" source="I5" target="I4"/>
  <move id="24" source="I7" target="I6"/>
  <move id="25" source="K5" target="K6"/>
  <move id="26" source="I6" target="K6"/>
  <move id="27" source="I4" target="K4"/>
  <move id="28" source="H8" target="I8"/>
  <move id="29" source="I3" target="I4"/>
  <move id="30" source="I8" target="I7"/>
  <move id="31" source="I4" target="I5"/>
  <move id="32" source="H9" target="H8"/>
  <move id="33" source="I5" target="I6"/>
  <move id="34" source="H8" target="I8"/>
  <move id="35" source="K4" target="I4"/>
  <move id="36" source="E6" target="E5"/>
  <move id="37" source="I4" target="H4"/>
  <move id="38" source="E7" target="E6"/>
  <move id="39" source="H3" target="I3"/>
  <move id="40" source="E6" target="F6"/>
  <move id="41" source="I3" target="I4"/>
  <move id="42" source="F6" target="F4"/>
  <move id="43" source="I4" target="K4"/>
  <move id="44" source="E5" target="E6"/>
  <move id="45" source="K4" target="K5"/>
  <move id="46" source="E6" target="E7"/>
  <move id="47" source="K5" target="K6"/>
  <move id="48" source="F7" target="F6"/>
  <move id="49" source="A4" target="A5"/>
  <move id="50" source="A5" target="A6"/>
  <move id="51" source="B3" target="B4"/>
  <move id="52" source="A6" target="A7"/>
  <move id="53" source="B4" target="B5"/>
  <move id="54" source="C7" target="B7"/>
  <move id="55" source="B5" target="B6"/>
  <move id="56" source="B7" target="B6"/>
  <move id="57" source="B6" target="B5"/>
  <move id="58" source="I7" target="K7"/>
  <move id="59" source="K6" target="K5"/>
  <move id="60" source="I8" target="I7"/>
  <move id="61" source="I6" target="K6"/>
  <move id="62" source="I7" target="I6"/>
  <move id="63" source="K6" target="K7"/>
  <move id="64" source="G8" target="H8"/>
  <move id="65" source="K7" target="K8"/>
  <move id="66" source="H8" target="H9"/>
  <move id="67" source="G3" target="H3"/>
  <move id="68" source="F8" target="G8"/>
  <move id="69" source="H3" target="I3"/>
  <move id="70" source="G8" target="H8"/>
  <move id="71" source="I3" target="I4"/>
  <move id="72" source="H8" target="I8"/>
  <move id="73" source="I4" target="I5"/>
  <move id="74" source="I6" target="K6"/>
  <move id="75" source="I5" target="I6"/>
  <move id="76" source="K6" target="K5"/>
  <move id="77" source="I6" target="K6"/>
  <move id="78" source="K5" target="I5"/>
  <move id="79" source="H4" target="I4"/>
  <move id="80" source="I5" target="I6"/>
  <move id="81" source="K6" target="K7"/>
  <move id="82" source="I6" target="I7"/>
  <move id="83" source="K7" target="K6"/>
  <move id="84" source="I7" target="I6"/>
  <move id="85" source="K6" target="K5"/>
  <move id="86" source="I8" target="I7"/>
  <move id="87" source="I4" target="H4"/>
  <move id="88" source="I7" target="K7"/>
  <move id="89" source="K5" target="K4"/>
  <move id="90" source="K7" target="K6"/>
  <move id="91" source="K4" target="I4"/>
  <move id="92" source="K6" target="K5"/>
  <move id="93" source="E3" target="E4"/>
  <move id="94" source="E7" target="E6"/>
  <move id="95" source="E4" target="E3"/>
  <move id="96" source="F6" target="F5"/>
  <move id="97" source="D4" target="E4"/>
  <move id="98" source="E6" target="E5"/>
  <move id="99" source="E4" target="E5"/>
  <move id="100" source="F5" target="F6"/>
  <move id="101" source="E5" target="E4"/>
  <move id="102" source="C8" target="D8"/>
  <move id="103" source="E4" target="D4"/>
  <move id="104" source="D7" target="E7"/>
  <move id="105" source="E3" target="E4"/>
  <move id="106" source="E7" target="E6"/>
  <move id="107" source="E4" target="E5"/>
  <move id="108" source="F6" target="F5"/>
  <move id="109" source="E5" target="F5"/>
  <move id="110" source="E6" target="E5"/>
  <move id="111" source="F4" target="E4"/>
  <move id="112" source="E5" target="E4"/>
  <move id="113" source="F3" target="F4"/>
  <move id="114" source="E4" target="D4"/>
  <move id="115" source="F4" target="F5"/>
  <move id="116" source="D4" target="E4"/>
  <move id="117" source="G4" target="F4"/>
  <move id="118" source="K5" target="I5"/>
  <move id="119" source="C4" target="B4"/>
  <move id="120" source="I5" target="I4"/>
  <move id="121" source="C3" target="B3"/>
  <move id="122" source="I6" target="K6"/>
  <move id="123" source="F4" target="G4"/>
  <move id="124" source="D8" target="D7"/>
  <move id="125" source="C2" target="C3"/>
  <move id="126" source="D7" target="E7"/>
  <move id="127" source="D2" target="C2"/>
  <move id="128" source="E7" target="E6"/>
  <move id="129" source="D3" target="D2"/>
  <move id="130" source="G7" target="F7"/>
  <move id="131" source="C3" target="D3"/>
  <move id="132" source="F7" target="F6"/>
  <move id="133" source="F5" target="F4"/>
  <move id="134" source="E4" target="E5"/>
  <move id="135" source="D3" target="D4"/>
  <move id="136" source="H7" target="I7"/>
  <move id="137" source="E2" target="E3"/>
  <move id="138" source="E6" target="E7"/>
  <move id="139" source="E3" target="E4"/>
  <move id="140" source="E5" target="E6"/>
  <move id="141" source="E4" target="E5"/>
  <move id="142" source="I7" target="I6"/>
  <move id="143" source="B4" target="C4"/>
  <move id="144" source="K6" target="K5"/>
  <move id="145" source="C4" target="C3"/>
  <move id="146" source="D9" target="D8"/>
  <move id="147" source="F4" target="E4"/>
  <move id="148" source="F6" target="F5"/>
  <move id="149" source="E5" target="E6"/>
  <move id="150" source="E7" target="F7"/>
  <move id="151" source="C3" target="F3"/>
  <move id="152" source="F5" target="F6"/>
  <move id="153" source="F3" target="F6"/>
  <move id="154" source="I6" target="K6"/>
  <move id="155" source="E4" target="E5"/>
  <move id="156" source="D8" target="D7"/>
  <move id="157" source="E5" target="E6"/>
  <move id="158" source="F6" target="F5"/>
  <move id="159" source="G4" target="F4"/>
  <move id="160" source="K6" target="I6"/>
  <move id="161" source="F4" target="F5"/>
  <move id="162" source="I6" target="I5"/>
  <move id="163" source="F5" target="F4"/>
  <move id="164" source="I5" target="I4"/>
  <move id="165" source="H4" target="H3"/>
  <move id="166" source="I4" target="I3"/>
  <move id="167" source="H3" target="H4"/>
  <move id="168" source="I3" target="I4"/>
  <move id="169" source="H4" target="G4"/>
  <move id="170" source="I4" target="H4"/>
  <move id="171" source="F4" target="F5"/>
  <move id="172" source="H4" target="G4"/>
  <move id="173" source="F5" target="F6"/>
  <move id="174" source="G4" target="F4"/>
  <move id="175" source="F6" target="F7"/>
  <move id="176" source="F4" target="E4"/>
  <move id="177" source="E6" target="E7"/>
  <player id="1">Player 1</player>
  <player id="2">Player 2</player>
  <result type="3" winner="2"/>
 </game>
</stratego>