<?xml version="1.0" encoding="UTF-8"?>
<stratego>
 <game type="classic">
  
  <field content="DBFEBBMBGDEBECJHBGJEFHGKHDDEDIDFIFDGILHDAA__AA__AAAA__AA__AAQSQRNNRQRSSPPPTPQSTPQPVNXOWVUNTNYTUPPUNR"/>
  <move id="1" source="K4" target="K7"/>
  <move id="2" source="B7" target="B6"/>
  <move id="3" source="I4" target="I5"/>
  <move id="4" source="A7" target="A6"/>
  <move id="5" source="I5" target="I6"/>
  <move id="6" source="B8" target="B7"/>
  <move id="7" source="K3" target="K4"/>
  <move id="8" source="A8" target="A7"/>
  <move id="9" source="K4" target="K5"/>
  <move id="10" source="C8" target="B8"/>
  <move id="11" source="K5" target="K6"/>
  <move id="12" source="D8" target="C8"/>
  <move id="13" source="K6" target="K7"/>
  <move id="14" source="I7" target="I6"/>
  <move id="15" source="I6" target="I5"/>
  <move id="16" source="E8" target="D8"/>
  <move id="17" source="K7" target="K6"/>
  <move id="18" source="B8" target="A8"/>
  <move id="19" source="I5" target="I4"/>
  <move id="20" source="B6" target="B5"/>
  <move id="21" source="I3" target="K3"/>
  <move id="22" source="A6" target="A5"/>
  <move id="23" source="I4" target="I3"/>
  <move id="24" source="B5" target="B4"/>
  <move id="25" source="B3" target="B4"/>
  <move id="26" source="A5" target="A4"/>
  <move id="27" source="B4" target="A4"/>
  <move id="28" source="B7" target="B6"/>
  <move id="29" source="A4" target="B4"/>
  <move id="30" source="B6" target="B5"/>
  <move id="31" source="B4" target="B3"/>
  <move id="32" source="C8" target="B8"/>
  <move id="33" source="A3" target="A4"/>
  <move id="34" source="B8" target="B7"/>
  <move id="35" source="A4" target="B4"/>
  <move id="36" source="B5" target="A5"/>
  <move id="37" source="B4" target="A4"/>
  <move id="38" source="A5" target="A6"/>
  <move id="39" source="A4" target="A5"/>
  <move id="40" source="B7" target="B6"/>
  <move id="41" source="B3" target="A3"/>
  <move id="42" source="D8" target="C8"/>
  <move id="43" source="A5" target="B5"/>
  <move id="44" source="C8" target="B8"/>
  <move id="45" source="K6" target="I6"/>
  <move id="46" source="F8" target="E8"/>
  <move id="47" source="K3" target="K8"/>
  <move id="48" source="G8" target="F8"/>
  <move id="49" source="K2" target="K3"/>
  <move id="50" source="E8" target="D8"/>
  <move id="51" source="E4" target="E5"/>
  <move id="52" source="H8" target="G8"/>
  <move id="53" source="K3" target="K4"/>
  <move id="54" source="H9" target="H8"/>
  <move id="55" source="K4" target="K5"/>
  <move id="56" source="I9" target="H9"/>
  <move id="57" source="K5" target="K6"/>
  <move id="58" source="I8" target="K8"/>
  <move id="59" source="I6" target="I5"/>
  <move id="60" source="B8" target="B7"/>
  <move id="61" source="K6" target="I6"/>
  <move id="62" source="C9" target="C8"/>
  <move id="63" source="I6" target="I7"/>
  <move id="64" source="C8" target="B8"/>
  <move id="65" source="I5" target="I6"/>
  <move id="66" source="D8" target="C8"/>
  <move id="67" source="K1" target="K8"/>
  <move id="68" source="K8" target="I8"/>
  <move id="69" source="I7" target="K7"/>
  <move id="70" source="I8" target="K8"/>
  <move id="71" source="K7" target="K6"/>
  <move id="72" source="K8" target="K7"/>
  <move id="73" source="K6" target="K5"/>
  <move id="74" source="H8" target="I8"/>
  <move id="75" source="K5" target="I5"/>
  <move id="76" source="I8" target="I7"/>
  <move id="77" source="I6" target="K6"/>
  <move id="78" source="K7" target="K8"/>
  <move id="79" source="I5" target="I6"/>
  <move id="80" source="I7" target="K7"/>
  <move id="81" source="K6" target="K5"/>
  <move id="82" source="K7" target="K6"/>
  <move id="83" source="K5" target="I5"/>
  <move id="84" source="K6" target="I6"/>
  <move id="85" source="I5" target="K5"/>
  <move id="86" source="G8" target="H8"/>
  <move id="87" source="H4" target="I4"/>
  <move id="88" source="H8" target="I8"/>
  <move id="89" source="I4" target="I5"/>
  <move id="90" source="I8" target="I7"/>
  <move id="91" source="K5" target="K4"/>
  <move id="92" source="G9" target="G8"/>
  <move id="93" source="K4" target="K3"/>
  <move id="94" source="G8" target="H8"/>
  <move id="95" source="F4" target="F5"/>
  <move id="96" source="F8" target="G8"/>
  <move id="97" source="G4" target="F4"/>
  <move id="98" source="G8" target="G9"/>
  <move id="99" source="G3" target="G4"/>
  <move id="100" source="H8" target="I8"/>
  <move id="101" source="G4" target="H4"/>
  <move id="102" source="I6" target="K6"/>
  <move id="103" source="I5" target="K5"/>
  <move id="104" source="K6" target="K7"/>
  <move id="105" source="K5" target="K6"/>
  <move id="106" source="I8" target="H8"/>
  <move id="107" source="H4" target="I4"/>
  <move id="108" source="K8" target="I8"/>
  <move id="109" source="I4" target="I7"/>
  <move id="110" source="K7" target="K8"/>
  <move id="111" source="K6" target="K7"/>
  <move id="112" source="I8" target="I9"/>
  <move id="113" source="K7" target="K8"/>
  <move id="114" source="A6" target="A3"/>
  <move id="115" source="K3" target="K4"/>
  <move id="116" source="G9" target="G8"/>
  <move id="117" source="K4" target="I4"/>
  <move id="118" source="G8" target="F8"/>
  <move id="119" source="I4" target="I5"/>
  <move id="120" source="F9" target="G9"/>
  <move id="121" source="I5" target="I6"/>
  <move id="122" source="H8" target="G8"/>
  <move id="123" source="K8" target="I8"/>
  <move id="124" source="F8" target="E8"/>
  <move id="125" source="I6" target="I7"/>
  <move id="126" source="G8" target="F8"/>
  <move id="127" source="I8" target="K8"/>
  <move id="128" source="E8" target="D8"/>
  <move id="129" source="I7" target="I8"/>
  <move id="130" source="A7" target="A6"/>
  <move id="131" source="I8" target="I9"/>
  <move id="132" source="A6" target="A5"/>
  <move id="133" source="B5" target="B6"/>
  <move id="134" source="B7" target="B6"/>
  <move id="135" source="I9" target="I8"/>
  <move id="136" source="B6" target="B5"/>
  <move id="137" source="K8" target="K7"/>
  <move id="138" source="B5" target="B4"/>
  <move id="139" source="A3" target="B3"/>
  <move id="140" source="B4" target="B3"/>
  <move id="141" source="F4" target="G4"/>
  <move id="142" source="F8" target="G8"/>
  <move id="143" source="D4" target="E4"/>
  <move id="144" source="G8" target="H8"/>
  <move id="145" source="I8" target="I7"/>
  <move id="146" source="H9" target="I9"/>
  <move id="147" source="I7" target="I6"/>
  <move id="148" source="G9" target="H9"/>
  <move id="149" source="G4" target="G3"/>
  <move id="150" source="I9" target="I8"/>
  <move id="151" source="E4" target="F4"/>
  <move id="152" source="H9" target="I9"/>
  <move id="153" source="I6" target="I5"/>
  <move id="154" source="H8" target="G8"/>
  <move id="155" source="F4" target="G4"/>
  <move id="156" source="A5" target="B5"/>
  <move id="157" source="C4" target="D4"/>
  <move id="158" source="B5" target="B4"/>
  <move id="159" source="D4" target="E4"/>
  <move id="160" source="B4" target="C4"/>
  <move id="161" source="E4" target="F4"/>
  <move id="162" source="C4" target="D4"/>
  <move id="163" source="E5" target="E4"/>
  <move id="164" source="D4" target="E4"/>
  <move id="165" source="E3" target="E4"/>
  <move id="166" source="I8" target="H8"/>
  <move id="167" source="G4" target="H4"/>
  <move id="168" source="I9" target="I8"/>
  <move id="169" source="H4" target="I4"/>
  <move id="170" source="H7" target="I7"/>
  <move id="171" source="K7" target="K6"/>
  <move id="172" source="H8" target="H7"/>
  <move id="173" source="I4" target="K4"/>
  <move id="174" source="G8" target="H8"/>
  <move id="175" source="I5" target="I6"/>
  <move id="176" source="A8" target="A2"/>
  <move id="177" source="E4" target="E3"/>
  <move id="178" source="B8" target="B7"/>
  <move id="179" source="F4" target="G4"/>
  <move id="180" source="B7" target="B6"/>
  <move id="181" source="F3" target="F4"/>
  <move id="182" source="B6" target="B5"/>
  <move id="183" source="K6" target="K5"/>
  <move id="184" source="D8" target="E8"/>
  <move id="185" source="K5" target="I5"/>
  <move id="186" source="E8" target="F8"/>
  <move id="187" source="K4" target="K5"/>
  <move id="188" source="F8" target="G8"/>
  <move id="189" source="K5" target="K6"/>
  <move id="190" source="I8" target="I9"/>
  <move id="191" source="I6" target="I7"/>
  <move id="192" source="H7" target="I7"/>
  <move id="193" source="K6" target="I6"/>
  <move id="194" source="H8" target="I8"/>
  <move id="195" source="F4" target="E4"/>
  <move id="196" source="G7" target="H7"/>
  <move id="197" source="I6" target="K6"/>
  <move id="198" source="G8" target="G7"/>
  <move id="199" source="G4" target="H4"/>
  <move id="200" source="B5" target="B4"/>
  <move id="201" source="E4" target="B4"/>
  <move id="202" source="B4" target="B5"/>
  <move id="203" source="C3" target="B3"/>
  <move id="204" source="B5" target="B4"/>
  <move id="205" source="B3" target="C3"/>
  <move id="206" source="B4" target="C4"/>
  <move id="207" source="C3" target="B3"/>
  <move id="208" source="C4" target="B4"/>
  <move id="209" source="B3" target="C3"/>
  <move id="210" source="B4" target="B3"/>
  <move id="211" source="C3" target="C4"/>
  <move id="212" source="B3" target="A3"/>
  <move id="213" source="D3" target="C3"/>
  <move id="214" source="A3" target="A2"/>
  <move id="215" source="C3" target="B3"/>
  <move id="216" source="B9" target="B3"/>
  <move id="217" source="B3" target="A3"/>
  <move id="218" source="A2" target="B2"/>
  <move id="219" source="A3" target="B3"/>
  <move id="220" source="C8" target="B8"/>
  <move id="221" source="B3" target="C3"/>
  <move id="222" source="B8" target="B7"/>
  <move id="223" source="C3" target="D3"/>
  <move id="224" source="B7" target="B6"/>
  <move id="225" source="C4" target="C3"/>
  <move id="226" source="B6" target="B5"/>
  <move id="227" source="K6" target="K7"/>
  <move id="228" source="B5" target="B4"/>
  <move id="229" source="A1" target="A2"/>
  <move id="230" source="B4" target="C4"/>
  <move id="231" source="C3" target="B3"/>
  <move id="232" source="C4" target="D4"/>
  <move id="233" source="B3" target="B4"/>
  <move id="234" source="D4" target="B4"/>
  <move id="235" source="K7" target="K8"/>
  <move id="236" source="H7" target="I7"/>
  <move id="237" source="B4" target="B5"/>
  <move id="238" source="I8" target="H8"/>
  <move id="239" source="H4" target="I4"/>
  <move id="240" source="I7" target="I8"/>
  <move id="241" source="K8" target="K7"/>
  <move id="242" source="I8" target="K8"/>
  <move id="243" source="K7" target="I7"/>
  <move id="244" source="K8" target="I8"/>
  <move id="245" source="I7" target="K7"/>
  <move id="246" source="H8" target="G8"/>
  <move id="247" source="I5" target="I6"/>
  <move id="248" source="G8" target="H8"/>
  <move id="249" source="K7" target="I7"/>
  <move id="250" source="I8" target="K8"/>
  <move id="251" source="I4" target="K4"/>
  <move id="252" source="K8" target="I8"/>
  <move id="253" source="K4" target="K5"/>
  <move id="254" source="H8" target="H9"/>
  <move id="255" source="A2" target="A3"/>
  <move id="256" source="E9" target="E8"/>
  <move id="257" source="A3" target="A4"/>
  <move id="258" source="E8" target="D8"/>
  <move id="259" source="A4" target="A5"/>
  <move id="260" source="D8" target="C8"/>
  <move id="261" source="A5" target="A6"/>
  <move id="262" source="C8" target="B8"/>
  <move id="263" source="A6" target="A7"/>
  <move id="264" source="A9" target="A8"/>
  <move id="265" source="A7" target="A6"/>
  <move id="266" source="A8" target="A7"/>
  <move id="267" source="A6" target="A5"/>
  <move id="268" source="B8" target="B7"/>
  <move id="269" source="A5" target="A4"/>
  <move id="270" source="A7" target="A6"/>
  <move id="271" source="B5" target="A5"/>
  <move id="272" source="A6" target="A7"/>
  <move id="273" source="A5" target="A6"/>
  <move id="274" source="A7" target="A8"/>
  <move id="275" source="A4" target="B4"/>
  <move id="276" source="H9" target="H8"/>
  <move id="277" source="B4" target="C4"/>
  <move id="278" source="A8" target="A7"/>
  <move id="279" source="A6" target="A5"/>
  <move id="280" source="A7" target="A6"/>
  <move id="281" source="A5" target="A6"/>
  <move id="282" source="A:" target="A9"/>
  <move id="283" source="A6" target="A5"/>
  <move id="284" source="A9" target="A8"/>
  <move id="285" source="A5" target="A4"/>
  <move id="286" source="B7" target="B6"/>
  <move id="287" source="A4" target="A3"/>
  <move id="288" source="A8" target="A7"/>
  <move id="289" source="A3" target="B3"/>
  <move id="290" source="B6" target="B5"/>
  <move id="291" source="B3" target="C3"/>
  <move id="292" source="A7" target="A6"/>
  <move id="293" source="C4" target="D4"/>
  <move id="294" source="A6" target="A5"/>
  <move id="295" source="D4" target="E4"/>
  <move id="296" source="A5" target="A4"/>
  <move id="297" source="E4" target="F4"/>
  <move id="298" source="A4" target="B4"/>
  <move id="299" source="F4" target="G4"/>
  <move id="300" source="B4" target="C4"/>
  <move id="301" source="G4" target="H4"/>
  <move id="302" source="B5" target="B4"/>
  <move id="303" source="H4" target="I4"/>
  <move id="304" source="C4" target="D4"/>
  <move id="305" source="I4" target="D4"/>
  <move id="306" source="B4" target="C4"/>
  <move id="307" source="F5" target="F4"/>
  <move id="308" source="C7" target="B7"/>
  <move id="309" source="F4" target="F5"/>
  <move id="310" source="B7" target="B6"/>
  <move id="311" source="G3" target="G4"/>
  <move id="312" source="B6" target="B5"/>
  <move id="313" source="G4" target="F4"/>
  <move id="314" source="B5" target="B4"/>
  <move id="315" source="F4" target="E4"/>
  <move id="316" source="B4" target="B3"/>
  <move id="317" source="E4" target="D4"/>
  <move id="318" source="C4" target="D4"/>
  <move id="319" source="I7" target="H7"/>
  <move id="320" source="B3" target="B2"/>
  <move id="321" source="C2" target="B2"/>
  <move id="322" source="D4" target="C4"/>
  <move id="323" source="C3" target="B3"/>
  <move id="324" source="C4" target="B4"/>
  <move id="325" source="B3" target="B2"/>
  <move id="326" source="B4" target="B3"/>
  <move id="327" source="B2" target="A2"/>
  <move id="328" source="B3" target="B2"/>
  <move id="329" source="A2" target="A3"/>
  <move id="330" source="B2" target="C2"/>
  <move id="331" source="D2" target="C2"/>
  <move id="332" source="H8" target="H9"/>
  <move id="333" source="D3" target="D4"/>
  <move id="334" source="I8" target="H8"/>
  <move id="335" source="H7" target="I7"/>
  <move id="336" source="H8" target="I8"/>
  <move id="337" source="D4" target="C4"/>
  <move id="338" source="H9" target="H8"/>
  <move id="339" source="C4" target="B4"/>
  <move id="340" source="H8" target="G8"/>
  <move id="341" source="B4" target="B5"/>
  <move id="342" source="G8" target="F8"/>
  <move id="343" source="B5" target="B6"/>
  <move id="344" source="F8" target="E8"/>
  <move id="345" source="B6" target="B7"/>
  <move id="346" source="E8" target="D8"/>
  <move id="347" source="B7" target="B8"/>
  <move id="348" source="D8" target="C8"/>
  <move id="349" source="I2" target="K2"/>
  <move id="350" source="C8" target="B8"/>
  <move id="351" source="K2" target="K3"/>
  <move id="352" source="G:" target="G9"/>
  <move id="353" source="K3" target="K4"/>
  <move id="354" source="G9" target="G8"/>
  <move id="355" source="K5" target="I5"/>
  <move id="356" source="G8" target="F8"/>
  <move id="357" source="K4" target="K5"/>
  <move id="358" source="F8" target="E8"/>
  <move id="359" source="K5" target="K6"/>
  <move id="360" source="E8" target="D8"/>
  <move id="361" source="K6" target="K7"/>
  <move id="362" source="D8" target="C8"/>
  <move id="363" source="K7" target="K8"/>
  <move id="364" source="C8" target="B8"/>
  <move id="365" source="K8" target="I8"/>
  <move id="366" source="B8" target="B7"/>
  <move id="367" source="I8" target="I9"/>
  <move id="368" source="B7" target="B6"/>
  <move id="369" source="E2" target="D2"/>
  <move id="370" source="B6" target="B5"/>
  <move id="371" source="D2" target="D3"/>
  <move id="372" source="B5" target="B4"/>
  <move id="373" source="D3" target="C3"/>
  <move id="374" source="B4" target="B1"/>
  <move id="375" source="I9" target="H9"/>
  <move id="376" source="F:" target="F9"/>
  <move id="377" source="H9" target="G9"/>
  <move id="378" source="F9" target="F8"/>
  <move id="379" source="G9" target="G8"/>
  <move id="380" source="F8" target="E8"/>
  <move id="381" source="C3" target="C4"/>
  <move id="382" source="E8" target="D8"/>
  <move id="383" source="C4" target="B4"/>
  <move id="384" source="D8" target="C8"/>
  <move id="385" source="B4" target="B5"/>
  <move id="386" source="C8" target="B8"/>
  <move id="387" source="B5" target="B6"/>
  <move id="388" source="B8" target="A8"/>
  <move id="389" source="B6" target="B7"/>
  <move id="390" source="A8" target="A5"/>
  <move id="391" source="A3" target="A4"/>
  <move id="392" source="A5" target="B5"/>
  <move id="393" source="E3" target="D3"/>
  <move id="394" source="B5" target="B3"/>
  <move id="395" source="H3" target="H4"/>
  <move id="396" source="B3" target="D3"/>
  <move id="397" source="H4" target="I4"/>
  <player id="1">Player 1</player>
  <player id="2">Player 2</player>
  <result type="3" winner="1"/>
 </game>
</stratego>