<?xml version="1.0" encoding="UTF-8"?>
<stratego>
 <game type="classic">
  
  <field content="BFDBBEMFBEEBJEFHEBDGDDCJHDHGHLGIDKIDGFDIAA__AA__AAAA__AA__AATPPTVPPWPSVUSXPRUNTNTQYQOURNPRNSRNQQSNPQ"/>
  <move id="1" source="I4" target="I5"/>
  <move id="2" source="E7" target="E6"/>
  <move id="3" source="I5" target="K5"/>
  <move id="4" source="E6" target="E5"/>
  <move id="5" source="F4" target="F5"/>
  <move id="6" source="E8" target="E7"/>
  <move id="7" source="F5" target="F6"/>
  <move id="8" source="F7" target="F6"/>
  <move id="9" source="F3" target="F4"/>
  <move id="10" source="E7" target="F7"/>
  <move id="11" source="E3" target="F3"/>
  <move id="12" source="F7" target="F6"/>
  <move id="13" source="B4" target="B5"/>
  <move id="14" source="F6" target="F5"/>
  <move id="15" source="B5" target="A5"/>
  <move id="16" source="G7" target="F7"/>
  <move id="17" source="H4" target="I4"/>
  <move id="18" source="F7" target="F6"/>
  <move id="19" source="I4" target="I5"/>
  <move id="20" source="E5" target="E6"/>
  <move id="21" source="I5" target="I6"/>
  <move id="22" source="F5" target="E5"/>
  <move id="23" source="I6" target="K6"/>
  <move id="24" source="E5" target="E4"/>
  <move id="25" source="E4" target="E3"/>
  <move id="26" source="E6" target="E7"/>
  <move id="27" source="F4" target="E4"/>
  <move id="28" source="F6" target="E6"/>
  <move id="29" source="F3" target="F4"/>
  <move id="30" source="F8" target="F7"/>
  <move id="31" source="E3" target="F3"/>
  <move id="32" source="F7" target="F6"/>
  <move id="33" source="E4" target="E3"/>
  <move id="34" source="F6" target="F5"/>
  <move id="35" source="F4" target="E4"/>
  <move id="36" source="F5" target="F4"/>
  <move id="37" source="K6" target="K7"/>
  <move id="38" source="F4" target="E4"/>
  <move id="39" source="K5" target="I5"/>
  <move id="40" source="E6" target="F6"/>
  <move id="41" source="G4" target="F4"/>
  <move id="42" source="E7" target="F7"/>
  <move id="43" source="F4" target="F5"/>
  <move id="44" source="F6" target="E6"/>
  <move id="45" source="F3" target="F4"/>
  <move id="46" source="F7" target="E7"/>
  <move id="47" source="F4" target="G4"/>
  <move id="48" source="E6" target="F6"/>
  <move id="49" source="E4" target="F4"/>
  <move id="50" source="E7" target="E6"/>
  <move id="51" source="E3" target="E4"/>
  <move id="52" source="E6" target="E5"/>
  <move id="53" source="F4" target="F3"/>
  <move id="54" source="E5" target="F5"/>
  <move id="55" source="F3" target="E3"/>
  <move id="56" source="F6" target="E6"/>
  <move id="57" source="I5" target="I6"/>
  <move id="58" source="E6" target="E4"/>
  <move id="59" source="E3" target="E4"/>
  <move id="60" source="F5" target="F4"/>
  <move id="61" source="G4" target="H4"/>
  <move id="62" source="D7" target="E7"/>
  <move id="63" source="E4" target="E3"/>
  <move id="64" source="E7" target="E6"/>
  <move id="65" source="H4" target="I4"/>
  <move id="66" source="E6" target="E5"/>
  <move id="67" source="H3" target="H4"/>
  <move id="68" source="E5" target="E4"/>
  <move id="69" source="H4" target="G4"/>
  <move id="70" source="F4" target="F5"/>
  <move id="71" source="E3" target="E4"/>
  <move id="72" source="F5" target="F6"/>
  <move id="73" source="G4" target="F4"/>
  <move id="74" source="C7" target="D7"/>
  <move id="75" source="F4" target="F5"/>
  <move id="76" source="F6" target="F7"/>
  <move id="77" source="F5" target="F6"/>
  <move id="78" source="F7" target="E7"/>
  <move id="79" source="F6" target="E6"/>
  <move id="80" source="E7" target="E8"/>
  <move id="81" source="E6" target="E7"/>
  <move id="82" source="D7" target="E7"/>
  <move id="83" source="E7" target="E6"/>
  <move id="84" source="B7" target="C7"/>
  <move id="85" source="E6" target="E5"/>
  <move id="86" source="C7" target="D7"/>
  <move id="87" source="I4" target="H4"/>
  <move id="88" source="D7" target="E7"/>
  <move id="89" source="D3" target="E3"/>
  <move id="90" source="E7" target="F7"/>
  <move id="91" source="H4" target="H3"/>
  <move id="92" source="F7" target="F6"/>
  <move id="93" source="F2" target="F3"/>
  <move id="94" source="A7" target="B7"/>
  <move id="95" source="F3" target="F4"/>
  <move id="96" source="B7" target="C7"/>
  <move id="97" source="E5" target="E4"/>
  <move id="98" source="C7" target="D7"/>
  <move id="99" source="I3" target="I4"/>
  <move id="100" source="D7" target="E7"/>
  <move id="101" source="I4" target="I5"/>
  <move id="102" source="E7" target="E6"/>
  <move id="103" source="I5" target="K5"/>
  <move id="104" source="E6" target="E5"/>
  <move id="105" source="K5" target="K6"/>
  <move id="106" source="F6" target="F5"/>
  <move id="107" source="F4" target="G4"/>
  <move id="108" source="E5" target="E4"/>
  <move id="109" source="E3" target="E4"/>
  <move id="110" source="F5" target="E5"/>
  <move id="111" source="E4" target="E5"/>
  <move id="112" source="C8" target="C7"/>
  <move id="113" source="E5" target="E4"/>
  <move id="114" source="C7" target="D7"/>
  <move id="115" source="E4" target="F4"/>
  <move id="116" source="D7" target="E7"/>
  <move id="117" source="F4" target="F3"/>
  <move id="118" source="E7" target="F7"/>
  <move id="119" source="G4" target="F4"/>
  <move id="120" source="F7" target="F6"/>
  <move id="121" source="F4" target="F5"/>
  <move id="122" source="F6" target="E6"/>
  <move id="123" source="F5" target="E5"/>
  <move id="124" source="E6" target="E5"/>
  <move id="125" source="E5" target="E4"/>
  <move id="126" source="B8" target="B7"/>
  <move id="127" source="E4" target="E3"/>
  <move id="128" source="B7" target="C7"/>
  <move id="129" source="E3" target="D3"/>
  <move id="130" source="C7" target="D7"/>
  <move id="131" source="E2" target="E3"/>
  <move id="132" source="D7" target="E7"/>
  <move id="133" source="E3" target="E4"/>
  <move id="134" source="E7" target="E6"/>
  <move id="135" source="E4" target="E5"/>
  <move id="136" source="E6" target="E5"/>
  <move id="137" source="I6" target="I5"/>
  <move id="138" source="E5" target="E4"/>
  <move id="139" source="D4" target="E4"/>
  <move id="140" source="B9" target="B8"/>
  <move id="141" source="B3" target="B8"/>
  <move id="142" source="B8" target="C8"/>
  <move id="143" source="E4" target="E5"/>
  <move id="144" source="A9" target="B9"/>
  <move id="145" source="E5" target="E6"/>
  <move id="146" source="B9" target="B8"/>
  <move id="147" source="E6" target="E7"/>
  <move id="148" source="B8" target="B7"/>
  <move id="149" source="E7" target="E8"/>
  <move id="150" source="D8" target="E8"/>
  <move id="151" source="I5" target="I6"/>
  <move id="152" source="B7" target="B6"/>
  <move id="153" source="C4" target="B4"/>
  <move id="154" source="B6" target="B5"/>
  <move id="155" source="A5" target="A6"/>
  <move id="156" source="B5" target="B4"/>
  <move id="157" source="A4" target="A5"/>
  <move id="158" source="B4" target="B5"/>
  <move id="159" source="A5" target="A4"/>
  <move id="160" source="B5" target="B4"/>
  <move id="161" source="A4" target="A5"/>
  <move id="162" source="B4" target="B5"/>
  <move id="163" source="I6" target="I7"/>
  <move id="164" source="A8" target="A7"/>
  <move id="165" source="K4" target="K5"/>
  <move id="166" source="B5" target="A5"/>
  <move id="167" source="A6" target="A5"/>
  <move id="168" source="A7" target="B7"/>
  <move id="169" source="A5" target="B5"/>
  <move id="170" source="B7" target="C7"/>
  <move id="171" source="B5" target="A5"/>
  <move id="172" source="C7" target="D7"/>
  <move id="173" source="D3" target="E3"/>
  <move id="174" source="D7" target="E7"/>
  <move id="175" source="E3" target="E4"/>
  <move id="176" source="E7" target="E6"/>
  <move id="177" source="E4" target="E5"/>
  <move id="178" source="E6" target="E5"/>
  <move id="179" source="A3" target="B3"/>
  <move id="180" source="C8" target="D8"/>
  <move id="181" source="B3" target="B4"/>
  <move id="182" source="D8" target="D7"/>
  <move id="183" source="B4" target="C4"/>
  <move id="184" source="D7" target="E7"/>
  <move id="185" source="C4" target="D4"/>
  <move id="186" source="E7" target="F7"/>
  <move id="187" source="D4" target="E4"/>
  <move id="188" source="E5" target="E6"/>
  <move id="189" source="E4" target="E5"/>
  <move id="190" source="E6" target="E7"/>
  <move id="191" source="E5" target="E6"/>
  <move id="192" source="E7" target="D7"/>
  <move id="193" source="E6" target="F6"/>
  <move id="194" source="F7" target="G7"/>
  <move id="195" source="F6" target="F7"/>
  <move id="196" source="D7" target="C7"/>
  <move id="197" source="F7" target="G7"/>
  <move id="198" source="C7" target="B7"/>
  <move id="199" source="K6" target="K7"/>
  <move id="200" source="B7" target="B6"/>
  <move id="201" source="F3" target="F4"/>
  <move id="202" source="B6" target="B5"/>
  <move id="203" source="A5" target="A4"/>
  <move id="204" source="B5" target="B4"/>
  <move id="205" source="A4" target="A3"/>
  <move id="206" source="E8" target="D8"/>
  <move id="207" source="F4" target="E4"/>
  <move id="208" source="D8" target="D7"/>
  <move id="209" source="E4" target="D4"/>
  <move id="210" source="D7" target="C7"/>
  <move id="211" source="D4" target="C4"/>
  <move id="212" source="B4" target="A4"/>
  <move id="213" source="A3" target="B3"/>
  <move id="214" source="C7" target="B7"/>
  <move id="215" source="C3" target="D3"/>
  <move id="216" source="G7" target="F7"/>
  <move id="217" source="B3" target="C3"/>
  <move id="218" source="B7" target="B6"/>
  <move id="219" source="C4" target="B4"/>
  <move id="220" source="A4" target="A5"/>
  <move id="221" source="B4" target="A4"/>
  <move id="222" source="A5" target="A6"/>
  <move id="223" source="A4" target="B4"/>
  <move id="224" source="B6" target="B5"/>
  <move id="225" source="B4" target="C4"/>
  <move id="226" source="B5" target="B4"/>
  <move id="227" source="C4" target="D4"/>
  <move id="228" source="B4" target="C4"/>
  <move id="229" source="D4" target="E4"/>
  <move id="230" source="F7" target="E7"/>
  <move id="231" source="C3" target="B3"/>
  <move id="232" source="C4" target="B4"/>
  <move id="233" source="B3" target="C3"/>
  <move id="234" source="B4" target="C4"/>
  <move id="235" source="C3" target="B3"/>
  <move id="236" source="A6" target="A5"/>
  <move id="237" source="C2" target="C3"/>
  <move id="238" source="C4" target="B4"/>
  <move id="239" source="D3" target="D4"/>
  <move id="240" source="A5" target="B5"/>
  <move id="241" source="D4" target="C4"/>
  <move id="242" source="B4" target="A4"/>
  <move id="243" source="C4" target="D4"/>
  <move id="244" source="B5" target="B4"/>
  <move id="245" source="K3" target="K4"/>
  <move id="246" source="H7" target="G7"/>
  <move id="247" source="K4" target="I4"/>
  <move id="248" source="G7" target="F7"/>
  <move id="249" source="I4" target="H4"/>
  <move id="250" source="E7" target="D7"/>
  <move id="251" source="H4" target="G4"/>
  <move id="252" source="F7" target="E7"/>
  <move id="253" source="E4" target="F4"/>
  <move id="254" source="D7" target="D8"/>
  <move id="255" source="F4" target="F5"/>
  <move id="256" source="E7" target="F7"/>
  <move id="257" source="F5" target="E5"/>
  <move id="258" source="F7" target="E7"/>
  <move id="259" source="E5" target="F5"/>
  <move id="260" source="E7" target="E6"/>
  <move id="261" source="G4" target="F4"/>
  <move id="262" source="B4" target="B3"/>
  <move id="263" source="C3" target="B3"/>
  <move id="264" source="A4" target="A5"/>
  <move id="265" source="D4" target="D3"/>
  <move id="266" source="A5" target="A6"/>
  <move id="267" source="F4" target="F3"/>
  <move id="268" source="D8" target="C8"/>
  <move id="269" source="F5" target="F4"/>
  <move id="270" source="E6" target="E5"/>
  <move id="271" source="F3" target="E3"/>
  <move id="272" source="C8" target="B8"/>
  <move id="273" source="F4" target="F3"/>
  <move id="274" source="B8" target="B7"/>
  <move id="275" source="E3" target="E4"/>
  <move id="276" source="E5" target="F5"/>
  <move id="277" source="E4" target="F4"/>
  <move id="278" source="F5" target="E5"/>
  <move id="279" source="F4" target="E4"/>
  <move id="280" source="E5" target="F5"/>
  <move id="281" source="E4" target="F4"/>
  <move id="282" source="F5" target="F6"/>
  <move id="283" source="F4" target="F5"/>
  <move id="284" source="F6" target="F7"/>
  <move id="285" source="F5" target="F6"/>
  <move id="286" source="F7" target="G7"/>
  <move id="287" source="F6" target="F7"/>
  <move id="288" source="G7" target="H7"/>
  <move id="289" source="K7" target="K8"/>
  <move id="290" source="B7" target="C7"/>
  <move id="291" source="F7" target="G7"/>
  <move id="292" source="H7" target="I7"/>
  <move id="293" source="I2" target="I7"/>
  <move id="294" source="I7" target="I6"/>
  <move id="295" source="G7" target="F7"/>
  <move id="296" source="C7" target="D7"/>
  <move id="297" source="F7" target="F6"/>
  <move id="298" source="D7" target="E7"/>
  <move id="299" source="F3" target="E3"/>
  <move id="300" source="E7" target="F7"/>
  <move id="301" source="F6" target="E6"/>
  <move id="302" source="F7" target="F6"/>
  <move id="303" source="E6" target="E7"/>
  <move id="304" source="D9" target="D8"/>
  <move id="305" source="E3" target="F3"/>
  <move id="306" source="A6" target="B6"/>
  <move id="307" source="F3" target="F4"/>
  <move id="308" source="B6" target="B7"/>
  <move id="309" source="F4" target="F5"/>
  <move id="310" source="F6" target="E6"/>
  <move id="311" source="E7" target="F7"/>
  <move id="312" source="B7" target="C7"/>
  <move id="313" source="F5" target="E5"/>
  <move id="314" source="E6" target="F6"/>
  <move id="315" source="F7" target="G7"/>
  <move id="316" source="C7" target="D7"/>
  <move id="317" source="E5" target="F5"/>
  <move id="318" source="F6" target="F7"/>
  <move id="319" source="G7" target="F7"/>
  <move id="320" source="D8" target="E8"/>
  <move id="321" source="F7" target="F6"/>
  <move id="322" source="I6" target="I5"/>
  <move id="323" source="K5" target="K6"/>
  <move id="324" source="E8" target="E7"/>
  <move id="325" source="F5" target="E5"/>
  <move id="326" source="I5" target="I4"/>
  <move id="327" source="A2" target="A3"/>
  <move id="328" source="I4" target="H4"/>
  <move id="329" source="H3" target="I3"/>
  <move id="330" source="H4" target="G4"/>
  <move id="331" source="F6" target="F5"/>
  <move id="332" source="E7" target="F7"/>
  <move id="333" source="E5" target="E6"/>
  <move id="334" source="G4" target="H4"/>
  <move id="335" source="E6" target="F6"/>
  <move id="336" source="D7" target="E7"/>
  <move id="337" source="F5" target="F4"/>
  <move id="338" source="H4" target="I4"/>
  <move id="339" source="I3" target="H3"/>
  <move id="340" source="I4" target="I5"/>
  <move id="341" source="F4" target="G4"/>
  <move id="342" source="I5" target="I6"/>
  <move id="343" source="K6" target="K5"/>
  <move id="344" source="I6" target="I7"/>
  <move id="345" source="K5" target="K4"/>
  <move id="346" source="I7" target="H7"/>
  <move id="347" source="F6" target="F5"/>
  <move id="348" source="F7" target="F8"/>
  <move id="349" source="F5" target="F4"/>
  <move id="350" source="E7" target="E6"/>
  <move id="351" source="F4" target="E4"/>
  <move id="352" source="E6" target="E5"/>
  <move id="353" source="E4" target="D4"/>
  <move id="354" source="F8" target="F7"/>
  <move id="355" source="G4" target="F4"/>
  <move id="356" source="F7" target="F6"/>
  <move id="357" source="F4" target="E4"/>
  <move id="358" source="E5" target="E6"/>
  <move id="359" source="E4" target="E5"/>
  <move id="360" source="E6" target="E7"/>
  <move id="361" source="D4" target="E4"/>
  <move id="362" source="H7" target="I7"/>
  <move id="363" source="E4" target="F4"/>
  <move id="364" source="I7" target="I6"/>
  <move id="365" source="F4" target="F5"/>
  <move id="366" source="E7" target="F7"/>
  <move id="367" source="E5" target="E4"/>
  <move id="368" source="I6" target="I5"/>
  <move id="369" source="E4" target="F4"/>
  <move id="370" source="I5" target="I4"/>
  <move id="371" source="K4" target="K5"/>
  <move id="372" source="I4" target="I3"/>
  <move id="373" source="H3" target="H4"/>
  <move id="374" source="I3" target="K3"/>
  <move id="375" source="K5" target="I5"/>
  <move id="376" source="K3" target="K4"/>
  <move id="377" source="H4" target="H3"/>
  <move id="378" source="F6" target="E6"/>
  <move id="379" source="F5" target="E5"/>
  <move id="380" source="E6" target="E7"/>
  <move id="381" source="E5" target="E6"/>
  <move id="382" source="E7" target="D7"/>
  <move id="383" source="F4" target="G4"/>
  <move id="384" source="F7" target="E7"/>
  <move id="385" source="E6" target="F6"/>
  <move id="386" source="E7" target="E6"/>
  <move id="387" source="F6" target="F5"/>
  <move id="388" source="E6" target="E5"/>
  <move id="389" source="F5" target="F4"/>
  <move id="390" source="E5" target="E4"/>
  <move id="391" source="F4" target="F3"/>
  <move id="392" source="E4" target="E5"/>
  <move id="393" source="G4" target="H4"/>
  <move id="394" source="K4" target="K5"/>
  <move id="395" source="I5" target="I4"/>
  <move id="396" source="K5" target="I5"/>
  <move id="397" source="I4" target="I3"/>
  <move id="398" source="I5" target="I6"/>
  <move id="399" source="I3" target="I2"/>
  <move id="400" source="D7" target="E7"/>
  <move id="401" source="H3" target="I3"/>
  <move id="402" source="E7" target="F7"/>
  <move id="403" source="I3" target="K3"/>
  <move id="404" source="F7" target="F6"/>
  <move id="405" source="A3" target="A4"/>
  <move id="406" source="E5" target="E4"/>
  <move id="407" source="A4" target="B4"/>
  <move id="408" source="F6" target="F5"/>
  <move id="409" source="B4" target="C4"/>
  <move id="410" source="E4" target="F4"/>
  <move id="411" source="F3" target="E3"/>
  <move id="412" source="F5" target="E5"/>
  <move id="413" source="C4" target="D4"/>
  <move id="414" source="I6" target="I7"/>
  <move id="415" source="H4" target="G4"/>
  <move id="416" source="F4" target="F5"/>
  <move id="417" source="G4" target="F4"/>
  <move id="418" source="F5" target="F6"/>
  <move id="419" source="E3" target="E4"/>
  <move id="420" source="E5" target="E6"/>
  <move id="421" source="E4" target="E5"/>
  <move id="422" source="E6" target="E7"/>
  <move id="423" source="I2" target="I3"/>
  <move id="424" source="I7" target="I6"/>
  <move id="425" source="I3" target="H3"/>
  <move id="426" source="I6" target="I5"/>
  <move id="427" source="F4" target="G4"/>
  <move id="428" source="I5" target="I4"/>
  <move id="429" source="G4" target="H4"/>
  <move id="430" source="I4" target="I3"/>
  <move id="431" source="K3" target="K4"/>
  <move id="432" source="I3" target="K3"/>
  <move id="433" source="K4" target="I4"/>
  <move id="434" source="K3" target="K4"/>
  <move id="435" source="I4" target="I3"/>
  <move id="436" source="K4" target="K5"/>
  <move id="437" source="H4" target="I4"/>
  <move id="438" source="E7" target="F7"/>
  <move id="439" source="I4" target="I5"/>
  <move id="440" source="K5" target="K4"/>
  <move id="441" source="D4" target="E4"/>
  <move id="442" source="F7" target="G7"/>
  <move id="443" source="H3" target="H4"/>
  <move id="444" source="G7" target="H7"/>
  <move id="445" source="H4" target="G4"/>
  <move id="446" source="H7" target="I7"/>
  <move id="447" source="I5" target="I4"/>
  <move id="448" source="K4" target="K3"/>
  <move id="449" source="I3" target="H3"/>
  <move id="450" source="I7" target="I6"/>
  <move id="451" source="H3" target="H4"/>
  <move id="452" source="I6" target="I5"/>
  <move id="453" source="I4" target="I3"/>
  <move id="454" source="K3" target="K4"/>
  <move id="455" source="H4" target="I4"/>
  <move id="456" source="I5" target="I6"/>
  <move id="457" source="I4" target="H4"/>
  <move id="458" source="I6" target="I5"/>
  <move id="459" source="G4" target="F4"/>
  <move id="460" source="K4" target="K5"/>
  <move id="461" source="F4" target="F3"/>
  <move id="462" source="K5" target="K6"/>
  <move id="463" source="H4" target="I4"/>
  <move id="464" source="I5" target="I6"/>
  <move id="465" source="I4" target="I5"/>
  <move id="466" source="I6" target="I7"/>
  <move id="467" source="I3" target="I4"/>
  <move id="468" source="I7" target="H7"/>
  <move id="469" source="F3" target="F2"/>
  <move id="470" source="H7" target="G7"/>
  <move id="471" source="I4" target="H4"/>
  <move id="472" source="G7" target="F7"/>
  <move id="473" source="I5" target="I4"/>
  <move id="474" source="F7" target="E7"/>
  <move id="475" source="I4" target="I3"/>
  <move id="476" source="E7" target="D7"/>
  <move id="477" source="I3" target="H3"/>
  <move id="478" source="K6" target="I6"/>
  <move id="479" source="E4" target="F4"/>
  <move id="480" source="I6" target="I7"/>
  <move id="481" source="E5" target="E4"/>
  <move id="482" source="I7" target="H7"/>
  <move id="483" source="H4" target="G4"/>
  <move id="484" source="H7" target="G7"/>
  <move id="485" source="E4" target="E3"/>
  <move id="486" source="G7" target="F7"/>
  <move id="487" source="F4" target="E4"/>
  <move id="488" source="F7" target="E7"/>
  <move id="489" source="G4" target="F4"/>
  <move id="490" source="E7" target="E8"/>
  <move id="491" source="E4" target="E5"/>
  <move id="492" source="E8" target="D8"/>
  <move id="493" source="F4" target="E4"/>
  <move id="494" source="D7" target="C7"/>
  <move id="495" source="E3" target="F3"/>
  <move id="496" source="C7" target="B7"/>
  <move id="497" source="E4" target="F4"/>
  <move id="498" source="B7" target="B6"/>
  <move id="499" source="F4" target="F5"/>
  <move id="500" source="F6" target="F7"/>
  <move id="501" source="F5" target="F6"/>
  <move id="502" source="F7" target="G7"/>
  <move id="503" source="E5" target="F5"/>
  <move id="504" source="D8" target="C8"/>
  <move id="505" source="F5" target="F4"/>
  <move id="506" source="C8" target="B8"/>
  <move id="507" source="F4" target="G4"/>
  <move id="508" source="B8" target="B7"/>
  <move id="509" source="G4" target="H4"/>
  <move id="510" source="B6" target="A6"/>
  <move id="511" source="F6" target="F5"/>
  <move id="512" source="B7" target="B6"/>
  <move id="513" source="F5" target="F4"/>
  <move id="514" source="B6" target="B5"/>
  <move id="515" source="F4" target="E4"/>
  <move id="516" source="A6" target="A5"/>
  <move id="517" source="E4" target="D4"/>
  <move id="518" source="A5" target="A4"/>
  <move id="519" source="D4" target="C4"/>
  <move id="520" source="B5" target="B6"/>
  <move id="521" source="C4" target="D4"/>
  <move id="522" source="A4" target="B4"/>
  <move id="523" source="F3" target="E3"/>
  <move id="524" source="B6" target="B5"/>
  <move id="525" source="E3" target="E4"/>
  <move id="526" source="B5" target="A5"/>
  <move id="527" source="D3" target="E3"/>
  <move id="528" source="A5" target="A4"/>
  <move id="529" source="E3" target="E2"/>
  <move id="530" source="A4" target="A3"/>
  <move id="531" source="D4" target="D3"/>
  <move id="532" source="B4" target="C4"/>
  <move id="533" source="E4" target="D4"/>
  <move id="534" source="C4" target="B4"/>
  <move id="535" source="D4" target="C4"/>
  <move id="536" source="A3" target="A4"/>
  <move id="537" source="D3" target="C3"/>
  <move id="538" source="B4" target="B5"/>
  <move id="539" source="H4" target="G4"/>
  <move id="540" source="G7" target="F7"/>
  <move id="541" source="G4" target="F4"/>
  <move id="542" source="F7" target="F6"/>
  <move id="543" source="C4" target="D4"/>
  <move id="544" source="F6" target="E6"/>
  <move id="545" source="F4" target="E4"/>
  <move id="546" source="I8" target="I7"/>
  <move id="547" source="C3" target="C4"/>
  <move id="548" source="A4" target="A5"/>
  <move id="549" source="D4" target="D3"/>
  <move id="550" source="I7" target="K7"/>
  <move id="551" source="H3" target="I3"/>
  <move id="552" source="I9" target="I8"/>
  <move id="553" source="I3" target="K3"/>
  <move id="554" source="I8" target="I7"/>
  <move id="555" source="K3" target="K4"/>
  <move id="556" source="I7" target="H7"/>
  <move id="557" source="K4" target="K5"/>
  <move id="558" source="K7" target="I7"/>
  <move id="559" source="K5" target="I5"/>
  <move id="560" source="H7" target="G7"/>
  <move id="561" source="I5" target="I6"/>
  <move id="562" source="I7" target="H7"/>
  <move id="563" source="I6" target="I7"/>
  <move id="564" source="G7" target="F7"/>
  <move id="565" source="I7" target="H7"/>
  <move id="566" source="F7" target="E7"/>
  <move id="567" source="H7" target="I7"/>
  <move id="568" source="E6" target="F6"/>
  <move id="569" source="I7" target="I6"/>
  <move id="570" source="F6" target="F7"/>
  <move id="571" source="I6" target="I5"/>
  <move id="572" source="F7" target="G7"/>
  <move id="573" source="E4" target="E5"/>
  <move id="574" source="G7" target="F7"/>
  <move id="575" source="I5" target="I4"/>
  <move id="576" source="F7" target="F6"/>
  <move id="577" source="G3" target="F3"/>
  <move id="578" source="F6" target="E6"/>
  <move id="579" source="E5" target="F5"/>
  <move id="580" source="E6" target="E5"/>
  <move id="581" source="F5" target="F6"/>
  <move id="582" source="E5" target="F5"/>
  <move id="583" source="F6" target="E6"/>
  <move id="584" source="E7" target="F7"/>
  <move id="585" source="E6" target="E7"/>
  <move id="586" source="F7" target="F6"/>
  <move id="587" source="I4" target="I3"/>
  <move id="588" source="A5" target="A6"/>
  <move id="589" source="I3" target="H3"/>
  <move id="590" source="A6" target="A7"/>
  <move id="591" source="E7" target="E8"/>
  <move id="592" source="A7" target="B7"/>
  <move id="593" source="E8" target="D8"/>
  <move id="594" source="B7" target="B8"/>
  <move id="595" source="D8" target="D9"/>
  <move id="596" source="B8" target="C8"/>
  <move id="597" source="D9" target="D:"/>
  <move id="598" source="C:" target="D:"/>
  <move id="599" source="C4" target="D4"/>
  <move id="600" source="B5" target="B4"/>
  <move id="601" source="D4" target="E4"/>
  <move id="602" source="F6" target="E6"/>
  <move id="603" source="E4" target="E5"/>
  <move id="604" source="F5" target="F4"/>
  <move id="605" source="F3" target="E3"/>
  <move id="606" source="E6" target="E7"/>
  <move id="607" source="E5" target="E6"/>
  <move id="608" source="E7" target="E8"/>
  <move id="609" source="E6" target="E7"/>
  <move id="610" source="E8" target="F8"/>
  <move id="611" source="E7" target="F7"/>
  <move id="612" source="F8" target="E8"/>
  <move id="613" source="F7" target="E7"/>
  <move id="614" source="E8" target="F8"/>
  <move id="615" source="E7" target="F7"/>
  <move id="616" source="F8" target="E8"/>
  <move id="617" source="F7" target="E7"/>
  <move id="618" source="E8" target="D8"/>
  <move id="619" source="E7" target="D7"/>
  <move id="620" source="D8" target="E8"/>
  <move id="621" source="D7" target="D8"/>
  <move id="622" source="C8" target="C7"/>
  <move id="623" source="D8" target="D7"/>
  <move id="624" source="C7" target="B7"/>
  <move id="625" source="D7" target="C7"/>
  <move id="626" source="B7" target="A7"/>
  <move id="627" source="D3" target="C3"/>
  <move id="628" source="A7" target="A6"/>
  <move id="629" source="C3" target="B3"/>
  <move id="630" source="B4" target="C4"/>
  <move id="631" source="C7" target="B7"/>
  <move id="632" source="A6" target="A5"/>
  <move id="633" source="B7" target="B6"/>
  <move id="634" source="A5" target="A4"/>
  <move id="635" source="B3" target="C3"/>
  <move id="636" source="A4" target="A3"/>
  <move id="637" source="C3" target="C4"/>
  <move id="638" source="A3" target="B3"/>
  <move id="639" source="G2" target="G3"/>
  <move id="640" source="B3" target="C3"/>
  <move id="641" source="C4" target="B4"/>
  <move id="642" source="C3" target="D3"/>
  <move id="643" source="G3" target="F3"/>
  <move id="644" source="F4" target="E4"/>
  <move id="645" source="F2" target="G2"/>
  <move id="646" source="D3" target="E3"/>
  <move id="647" source="F3" target="F4"/>
  <move id="648" source="E4" target="F4"/>
  <move id="649" source="H3" target="H4"/>
  <move id="650" source="E3" target="E2"/>
  <move id="651" source="H4" target="I4"/>
  <move id="652" source="E2" target="F2"/>
  <move id="653" source="I4" target="I5"/>
  <move id="654" source="F2" target="G2"/>
  <move id="655" source="I5" target="I6"/>
  <move id="656" source="F4" target="F5"/>
  <move id="657" source="I6" target="I7"/>
  <move id="658" source="F5" target="F6"/>
  <move id="659" source="I7" target="I8"/>
  <move id="660" source="F6" target="F7"/>
  <move id="661" source="I8" target="H8"/>
  <move id="662" source="G2" target="F2"/>
  <move id="663" source="B4" target="A4"/>
  <move id="664" source="E8" target="E1"/>
  <move id="665" source="B6" target="B5"/>
  <move id="666" source="F7" target="E7"/>
  <move id="667" source="B5" target="B4"/>
  <move id="668" source="E7" target="D7"/>
  <move id="669" source="B4" target="C4"/>
  <move id="670" source="D7" target="C7"/>
  <move id="671" source="C4" target="D4"/>
  <move id="672" source="C7" target="B7"/>
  <move id="673" source="D4" target="E4"/>
  <move id="674" source="B7" target="B6"/>
  <move id="675" source="A4" target="A5"/>
  <move id="676" source="F2" target="F3"/>
  <move id="677" source="D2" target="D3"/>
  <move id="678" source="D:" target="D9"/>
  <move id="679" source="D3" target="D4"/>
  <move id="680" source="D9" target="D8"/>
  <move id="681" source="D4" target="C4"/>
  <move id="682" source="D8" target="D7"/>
  <move id="683" source="C4" target="C3"/>
  <move id="684" source="D7" target="E7"/>
  <move id="685" source="C3" target="C2"/>
  <move id="686" source="E7" target="F7"/>
  <move id="687" source="C2" target="D2"/>
  <move id="688" source="F7" target="G7"/>
  <move id="689" source="D2" target="E2"/>
  <move id="690" source="G7" target="H7"/>
  <move id="691" source="E2" target="D2"/>
  <move id="692" source="H7" target="I7"/>
  <move id="693" source="D2" target="D3"/>
  <move id="694" source="I7" target="I6"/>
  <move id="695" source="D3" target="D4"/>
  <move id="696" source="I6" target="I5"/>
  <move id="697" source="D4" target="C4"/>
  <move id="698" source="I5" target="I4"/>
  <move id="699" source="C4" target="C3"/>
  <move id="700" source="I4" target="I3"/>
  <move id="701" source="C3" target="C2"/>
  <move id="702" source="I3" target="H3"/>
  <move id="703" source="C2" target="D2"/>
  <move id="704" source="H3" target="G3"/>
  <move id="705" source="D2" target="E2"/>
  <move id="706" source="G3" target="G2"/>
  <move id="707" source="E2" target="D2"/>
  <move id="708" source="G2" target="F2"/>
  <move id="709" source="E4" target="E3"/>
  <move id="710" source="F3" target="F4"/>
  <move id="711" source="E3" target="F3"/>
  <move id="712" source="F4" target="E4"/>
  <move id="713" source="F3" target="F2"/>
  <move id="714" source="E4" target="D4"/>
  <move id="715" source="D2" target="E2"/>
  <move id="716" source="D4" target="C4"/>
  <move id="717" source="E2" target="E3"/>
  <move id="718" source="C4" target="B4"/>
  <move id="719" source="E3" target="E4"/>
  <move id="720" source="G8" target="F8"/>
  <move id="721" source="F2" target="F3"/>
  <move id="722" source="F8" target="E8"/>
  <move id="723" source="F3" target="F4"/>
  <move id="724" source="E8" target="E7"/>
  <move id="725" source="F4" target="F5"/>
  <move id="726" source="E7" target="E6"/>
  <move id="727" source="F5" target="E5"/>
  <move id="728" source="E6" target="F6"/>
  <move id="729" source="E4" target="F4"/>
  <move id="730" source="B4" target="A4"/>
  <move id="731" source="F4" target="G4"/>
  <move id="732" source="A4" target="A5"/>
  <move id="733" source="G4" target="H4"/>
  <move id="734" source="F9" target="F8"/>
  <move id="735" source="H4" target="I4"/>
  <move id="736" source="F8" target="G8"/>
  <move id="737" source="I4" target="I5"/>
  <move id="738" source="G8" target="G7"/>
  <move id="739" source="E5" target="F5"/>
  <move id="740" source="G7" target="H7"/>
  <move id="741" source="F5" target="F6"/>
  <move id="742" source="B6" target="B7"/>
  <move id="743" source="F6" target="F7"/>
  <move id="744" source="B7" target="C7"/>
  <move id="745" source="F7" target="G7"/>
  <move id="746" source="H7" target="I7"/>
  <move id="747" source="I5" target="K5"/>
  <move id="748" source="I7" target="K7"/>
  <move id="749" source="K5" target="I5"/>
  <move id="750" source="K7" target="I7"/>
  <move id="751" source="G7" target="F7"/>
  <move id="752" source="I7" target="I6"/>
  <move id="753" source="I5" target="I4"/>
  <move id="754" source="A5" target="A4"/>
  <move id="755" source="F7" target="F6"/>
  <move id="756" source="A4" target="B4"/>
  <move id="757" source="F6" target="F5"/>
  <move id="758" source="C7" target="D7"/>
  <move id="759" source="F5" target="F4"/>
  <move id="760" source="D7" target="E7"/>
  <move id="761" source="I4" target="I5"/>
  <move id="762" source="I6" target="I5"/>
  <move id="763" source="F4" target="E4"/>
  <move id="764" source="B4" target="A4"/>
  <move id="765" source="E4" target="D4"/>
  <move id="766" source="A4" target="A5"/>
  <move id="767" source="D4" target="C4"/>
  <move id="768" source="E7" target="E6"/>
  <move id="769" source="C4" target="B4"/>
  <move id="770" source="E6" target="E5"/>
  <move id="771" source="B4" target="B5"/>
  <move id="772" source="A5" target="A4"/>
  <move id="773" source="B5" target="B6"/>
  <move id="774" source="E9" target="E8"/>
  <move id="775" source="B6" target="B7"/>
  <move id="776" source="E8" target="D8"/>
  <move id="777" source="B7" target="B6"/>
  <move id="778" source="D8" target="C8"/>
  <move id="779" source="B6" target="B5"/>
  <move id="780" source="C8" target="C7"/>
  <move id="781" source="B5" target="B4"/>
  <move id="782" source="A4" target="A5"/>
  <move id="783" source="B4" target="A4"/>
  <move id="784" source="A5" target="B5"/>
  <move id="785" source="A4" target="B4"/>
  <move id="786" source="B5" target="A5"/>
  <move id="787" source="B4" target="B3"/>
  <move id="788" source="E:" target="E9"/>
  <move id="789" source="B3" target="A3"/>
  <move id="790" source="A5" target="B5"/>
  <move id="791" source="A3" target="A4"/>
  <move id="792" source="E9" target="E8"/>
  <move id="793" source="A4" target="A5"/>
  <move id="794" source="B5" target="B4"/>
  <move id="795" source="A5" target="B5"/>
  <move id="796" source="B4" target="A4"/>
  <move id="797" source="B5" target="B6"/>
  <move id="798" source="E8" target="E7"/>
  <move id="799" source="B6" target="A6"/>
  <move id="800" source="A4" target="B4"/>
  <move id="801" source="A6" target="A5"/>
  <move id="802" source="E7" target="F7"/>
  <move id="803" source="A5" target="B5"/>
  <move id="804" source="B4" target="A4"/>
  <move id="805" source="B5" target="B4"/>
  <move id="806" source="A4" target="A5"/>
  <move id="807" source="B4" target="B3"/>
  <move id="808" source="F7" target="F6"/>
  <move id="809" source="B3" target="A3"/>
  <move id="810" source="A5" target="B5"/>
  <move id="811" source="A3" target="A4"/>
  <move id="812" source="F6" target="F5"/>
  <move id="813" source="A4" target="B4"/>
  <move id="814" source="B5" target="A5"/>
  <move id="815" source="B4" target="B5"/>
  <move id="816" source="A5" target="A4"/>
  <move id="817" source="B5" target="B6"/>
  <move id="818" source="F5" target="F4"/>
  <move id="819" source="B6" target="A6"/>
  <move id="820" source="A4" target="B4"/>
  <move id="821" source="A6" target="A5"/>
  <move id="822" source="F4" target="F3"/>
  <move id="823" source="A5" target="A4"/>
  <move id="824" source="B4" target="B5"/>
  <move id="825" source="A4" target="B4"/>
  <move id="826" source="B5" target="A5"/>
  <move id="827" source="B4" target="B3"/>
  <move id="828" source="F3" target="G3"/>
  <move id="829" source="B3" target="A3"/>
  <move id="830" source="A5" target="B5"/>
  <move id="831" source="A3" target="A4"/>
  <move id="832" source="G3" target="H3"/>
  <move id="833" source="A4" target="A5"/>
  <move id="834" source="B5" target="B4"/>
  <move id="835" source="A5" target="B5"/>
  <move id="836" source="B4" target="A4"/>
  <move id="837" source="B5" target="B6"/>
  <move id="838" source="H3" target="H2"/>
  <move id="839" source="H1" target="H2"/>
  <move id="840" source="B:" target="B9"/>
  <move id="841" source="B6" target="B5"/>
  <move id="842" source="B9" target="B8"/>
  <move id="843" source="H2" target="G2"/>
  <move id="844" source="B8" target="C8"/>
  <move id="845" source="G2" target="F2"/>
  <move id="846" source="C8" target="D8"/>
  <move id="847" source="F2" target="E2"/>
  <move id="848" source="D8" target="E8"/>
  <move id="849" source="E2" target="D2"/>
  <move id="850" source="E8" target="E7"/>
  <move id="851" source="D2" target="C2"/>
  <move id="852" source="E7" target="E6"/>
  <move id="853" source="B5" target="B4"/>
  <move id="854" source="A4" target="A5"/>
  <move id="855" source="B4" target="C4"/>
  <move id="856" source="E5" target="E4"/>
  <move id="857" source="C4" target="B4"/>
  <move id="858" source="E6" target="E5"/>
  <move id="859" source="C2" target="C3"/>
  <move id="860" source="E4" target="D4"/>
  <move id="861" source="B4" target="B5"/>
  <move id="862" source="A5" target="A4"/>
  <move id="863" source="C3" target="B3"/>
  <move id="864" source="E5" target="E4"/>
  <move id="865" source="B5" target="B6"/>
  <move id="866" source="D4" target="C4"/>
  <move id="867" source="B6" target="A6"/>
  <move id="868" source="A4" target="A3"/>
  <move id="869" source="B3" target="C3"/>
  <move id="870" source="A3" target="B3"/>
  <move id="871" source="C3" target="D3"/>
  <move id="872" source="B3" target="C3"/>
  <move id="873" source="D3" target="E3"/>
  <move id="874" source="E4" target="E3"/>
  <move id="875" source="A6" target="B6"/>
  <move id="876" source="C4" target="B4"/>
  <move id="877" source="K2" target="I2"/>
  <move id="878" source="B4" target="B5"/>
  <move id="879" source="B6" target="A6"/>
  <move id="880" source="C7" target="B7"/>
  <move id="881" source="I2" target="H2"/>
  <move id="882" source="G9" target="F9"/>
  <move id="883" source="H2" target="G2"/>
  <move id="884" source="F9" target="F8"/>
  <move id="885" source="G2" target="F2"/>
  <move id="886" source="F8" target="F7"/>
  <move id="887" source="F2" target="F3"/>
  <move id="888" source="E3" target="F3"/>
  <move id="889" source="K1" target="K2"/>
  <move id="890" source="G:" target="G9"/>
  <move id="891" source="K2" target="I2"/>
  <move id="892" source="G9" target="F9"/>
  <move id="893" source="I2" target="H2"/>
  <move id="894" source="F9" target="E9"/>
  <move id="895" source="H2" target="G2"/>
  <move id="896" source="E9" target="E8"/>
  <move id="897" source="G2" target="F2"/>
  <move id="898" source="E8" target="E7"/>
  <move id="899" source="F2" target="F3"/>
  <move id="900" source="E7" target="E6"/>
  <move id="901" source="F3" target="F4"/>
  <move id="902" source="E6" target="E5"/>
  <move id="903" source="F1" target="F2"/>
  <move id="904" source="F:" target="F9"/>
  <move id="905" source="F2" target="G2"/>
  <move id="906" source="F9" target="F8"/>
  <move id="907" source="G2" target="H2"/>
  <move id="908" source="I5" target="I4"/>
  <move id="909" source="H2" target="I2"/>
  <move id="910" source="I4" target="H4"/>
  <move id="911" source="I2" target="I3"/>
  <move id="912" source="H4" target="G4"/>
  <move id="913" source="F4" target="F5"/>
  <move id="914" source="E5" target="F5"/>
  <move id="915" source="I3" target="I4"/>
  <move id="916" source="K9" target="I9"/>
  <move id="917" source="I4" target="I5"/>
  <move id="918" source="I9" target="I8"/>
  <move id="919" source="I5" target="K5"/>
  <move id="920" source="I8" target="I7"/>
  <move id="921" source="K5" target="K6"/>
  <move id="922" source="F8" target="E8"/>
  <move id="923" source="K6" target="K5"/>
  <move id="924" source="E8" target="E7"/>
  <move id="925" source="K5" target="K4"/>
  <move id="926" source="E7" target="E6"/>
  <move id="927" source="K4" target="K3"/>
  <move id="928" source="E6" target="E5"/>
  <move id="929" source="K3" target="K4"/>
  <move id="930" source="E5" target="E4"/>
  <move id="931" source="K4" target="K5"/>
  <move id="932" source="E4" target="D4"/>
  <move id="933" source="K5" target="K6"/>
  <move id="934" source="D4" target="C4"/>
  <move id="935" source="K6" target="K5"/>
  <move id="936" source="C4" target="B4"/>
  <move id="937" source="K5" target="K4"/>
  <move id="938" source="B4" target="B3"/>
  <move id="939" source="K4" target="K3"/>
  <move id="940" source="F5" target="E5"/>
  <move id="941" source="K3" target="K4"/>
  <move id="942" source="C3" target="C2"/>
  <move id="943" source="K4" target="K5"/>
  <move id="944" source="B3" target="B2"/>
  <move id="945" source="B1" target="B2"/>
  <move id="946" source="C2" target="B2"/>
  <move id="947" source="K5" target="K6"/>
  <move id="948" source="G4" target="H4"/>
  <move id="949" source="A6" target="A5"/>
  <move id="950" source="B5" target="B4"/>
  <move id="951" source="A5" target="A4"/>
  <move id="952" source="B4" target="A4"/>
  <move id="953" source="C1" target="C4"/>
  <move id="954" source="H4" target="I4"/>
  <move id="955" source="C4" target="A4"/>
  <move id="956" source="I4" target="K4"/>
  <move id="957" source="A4" target="A8"/>
  <move id="958" source="K4" target="K5"/>
  <move id="959" source="K6" target="K7"/>
  <move id="960" source="I7" target="K7"/>
  <move id="961" source="A8" target="E8"/>
  <move id="962" source="K7" target="I7"/>
  <move id="963" source="E8" target="E:"/>
  <move id="964" source="I7" target="H7"/>
  <move id="965" source="E:" target="A:"/>
  <player id="1">Player 1</player>
  <player id="2">Player 2</player>
  <result type="0" winner="2"/>
 </game>
</stratego>