<?xml version="1.0" encoding="UTF-8"?>
<stratego>
 <game type="classic">
  
  <field content="FEBMBIIEEEBEGBCHJIFFDBBKJGLHDDDDGHDFHGDDAA__AA__AAAA__AA__AAPNRTPPUSPTSNTVWSOUXVPRUSPQNPQPQNRQQNYNRT"/>
  <move id="1" source="E4" target="E7"/>
  <move id="2" source="D7" target="E7"/>
  <move id="3" source="F4" target="E4"/>
  <move id="4" source="K7" target="K6"/>
  <move id="5" source="F3" target="F4"/>
  <move id="6" source="K6" target="K5"/>
  <move id="7" source="F4" target="F3"/>
  <move id="8" source="I7" target="I6"/>
  <move id="9" source="G4" target="F4"/>
  <move id="10" source="K8" target="K7"/>
  <move id="11" source="G3" target="G4"/>
  <move id="12" source="K5" target="K4"/>
  <move id="13" source="G4" target="G3"/>
  <move id="14" source="K4" target="K3"/>
  <move id="15" source="H4" target="G4"/>
  <move id="16" source="K3" target="I3"/>
  <move id="17" source="I4" target="H4"/>
  <move id="18" source="I3" target="H3"/>
  <move id="19" source="H2" target="H3"/>
  <move id="20" source="H7" target="I7"/>
  <move id="21" source="I2" target="H2"/>
  <move id="22" source="I6" target="I4"/>
  <move id="23" source="K2" target="K3"/>
  <move id="24" source="I4" target="I1"/>
  <move id="25" source="K3" target="K4"/>
  <move id="26" source="I7" target="I6"/>
  <move id="27" source="H4" target="I4"/>
  <move id="28" source="I6" target="I5"/>
  <move id="29" source="K4" target="K3"/>
  <move id="30" source="I5" target="I4"/>
  <move id="31" source="K3" target="I3"/>
  <move id="32" source="I4" target="I3"/>
  <move id="33" source="H3" target="I3"/>
  <move id="34" source="K9" target="K8"/>
  <move id="35" source="I3" target="H3"/>
  <move id="36" source="K7" target="I7"/>
  <move id="37" source="H2" target="I2"/>
  <move id="38" source="K8" target="K7"/>
  <move id="39" source="I2" target="I3"/>
  <move id="40" source="K7" target="K6"/>
  <move id="41" source="I3" target="I4"/>
  <move id="42" source="K6" target="K5"/>
  <move id="43" source="I4" target="K4"/>
  <move id="44" source="K5" target="I5"/>
  <move id="45" source="G4" target="H4"/>
  <move id="46" source="I7" target="I6"/>
  <move id="47" source="H3" target="H2"/>
  <move id="48" source="K:" target="K9"/>
  <move id="49" source="F4" target="G4"/>
  <move id="50" source="K9" target="K8"/>
  <move id="51" source="H4" target="H3"/>
  <move id="52" source="K8" target="K7"/>
  <move id="53" source="G4" target="H4"/>
  <move id="54" source="K7" target="K6"/>
  <move id="55" source="H3" target="I3"/>
  <move id="56" source="K6" target="K5"/>
  <move id="57" source="K4" target="I4"/>
  <move id="58" source="K5" target="K4"/>
  <move id="59" source="G3" target="H3"/>
  <move id="60" source="K4" target="I4"/>
  <move id="61" source="I3" target="I2"/>
  <move id="62" source="I4" target="H4"/>
  <move id="63" source="I2" target="I3"/>
  <move id="64" source="I5" target="I4"/>
  <move id="65" source="H2" target="I2"/>
  <move id="66" source="I4" target="H4"/>
  <move id="67" source="H3" target="G3"/>
  <move id="68" source="I6" target="I5"/>
  <move id="69" source="E4" target="F4"/>
  <move id="70" source="I5" target="I4"/>
  <move id="71" source="F4" target="G4"/>
  <move id="72" source="I4" target="I3"/>
  <move id="73" source="I2" target="H2"/>
  <move id="74" source="H4" target="H3"/>
  <move id="75" source="G3" target="H3"/>
  <move id="76" source="I3" target="I2"/>
  <move id="77" source="E3" target="E4"/>
  <move id="78" source="E7" target="D7"/>
  <move id="79" source="E4" target="F4"/>
  <move id="80" source="E8" target="E7"/>
  <move id="81" source="F3" target="E3"/>
  <move id="82" source="E7" target="E6"/>
  <move id="83" source="E3" target="E4"/>
  <move id="84" source="E6" target="E5"/>
  <move id="85" source="E2" target="E3"/>
  <move id="86" source="E5" target="E4"/>
  <move id="87" source="F4" target="F3"/>
  <move id="88" source="E4" target="E3"/>
  <move id="89" source="D3" target="E3"/>
  <move id="90" source="D8" target="E8"/>
  <move id="91" source="G4" target="G3"/>
  <move id="92" source="E8" target="E7"/>
  <move id="93" source="F3" target="F4"/>
  <move id="94" source="E7" target="E6"/>
  <move id="95" source="G3" target="F3"/>
  <move id="96" source="E6" target="E5"/>
  <move id="97" source="F3" target="E3"/>
  <move id="98" source="E5" target="E4"/>
  <move id="99" source="F4" target="G4"/>
  <move id="100" source="E4" target="E3"/>
  <move id="101" source="G4" target="H4"/>
  <move id="102" source="E3" target="D3"/>
  <move id="103" source="H4" target="I4"/>
  <move id="104" source="E9" target="E1"/>
  <move id="105" source="I4" target="I3"/>
  <move id="106" source="D3" target="D4"/>
  <move id="107" source="I3" target="I2"/>
  <move id="108" source="D4" target="D3"/>
  <move id="109" source="G2" target="G3"/>
  <move id="110" source="D3" target="E3"/>
  <move id="111" source="G3" target="G2"/>
  <move id="112" source="F7" target="F4"/>
  <move id="113" source="H3" target="G3"/>
  <move id="114" source="F4" target="C4"/>
  <move id="115" source="C4" target="D4"/>
  <move id="116" source="E3" target="E4"/>
  <move id="117" source="D4" target="D3"/>
  <move id="118" source="E4" target="F4"/>
  <move id="119" source="B4" target="B7"/>
  <move id="120" source="F4" target="E4"/>
  <move id="121" source="A4" target="A7"/>
  <move id="122" source="E4" target="D4"/>
  <move id="123" source="A3" target="A8"/>
  <move id="124" source="D4" target="C4"/>
  <move id="125" source="D3" target="E3"/>
  <move id="126" source="C4" target="B4"/>
  <move id="127" source="E3" target="F3"/>
  <move id="128" source="A8" target="A7"/>
  <move id="129" source="G3" target="G4"/>
  <move id="130" source="A7" target="A6"/>
  <move id="131" source="G4" target="F4"/>
  <move id="132" source="A6" target="A5"/>
  <move id="133" source="F4" target="E4"/>
  <move id="134" source="B4" target="B5"/>
  <move id="135" source="E4" target="D4"/>
  <move id="136" source="A5" target="A4"/>
  <move id="137" source="D4" target="C4"/>
  <move id="138" source="B5" target="A5"/>
  <move id="139" source="F3" target="F4"/>
  <move id="140" source="A4" target="A3"/>
  <move id="141" source="C4" target="B4"/>
  <move id="142" source="A3" target="A2"/>
  <move id="143" source="B4" target="B5"/>
  <move id="144" source="A5" target="A4"/>
  <move id="145" source="F4" target="E4"/>
  <move id="146" source="G7" target="H7"/>
  <move id="147" source="B5" target="A5"/>
  <move id="148" source="A4" target="B4"/>
  <move id="149" source="A5" target="B5"/>
  <move id="150" source="B4" target="C4"/>
  <move id="151" source="E4" target="E3"/>
  <move id="152" source="C4" target="D4"/>
  <move id="153" source="G2" target="G3"/>
  <move id="154" source="D4" target="E4"/>
  <move id="155" source="E3" target="D3"/>
  <move id="156" source="E4" target="F4"/>
  <move id="157" source="B5" target="B4"/>
  <move id="158" source="F4" target="G4"/>
  <move id="159" source="B4" target="C4"/>
  <move id="160" source="G4" target="H4"/>
  <move id="161" source="C4" target="D4"/>
  <move id="162" source="H4" target="I4"/>
  <move id="163" source="G3" target="H3"/>
  <move id="164" source="I4" target="I3"/>
  <move id="165" source="H3" target="I3"/>
  <move id="166" source="H7" target="I7"/>
  <move id="167" source="D4" target="E4"/>
  <move id="168" source="I7" target="I6"/>
  <move id="169" source="E4" target="F4"/>
  <move id="170" source="I6" target="I5"/>
  <move id="171" source="F4" target="G4"/>
  <move id="172" source="I5" target="I4"/>
  <move id="173" source="H2" target="G2"/>
  <move id="174" source="I4" target="I3"/>
  <move id="175" source="G2" target="G3"/>
  <move id="176" source="I3" target="I2"/>
  <move id="177" source="G3" target="F3"/>
  <move id="178" source="I2" target="I1"/>
  <move id="179" source="H1" target="H2"/>
  <move id="180" source="I1" target="I2"/>
  <move id="181" source="H2" target="G2"/>
  <move id="182" source="I2" target="H2"/>
  <move id="183" source="G2" target="G3"/>
  <move id="184" source="H2" target="H3"/>
  <move id="185" source="G1" target="G2"/>
  <move id="186" source="G8" target="G7"/>
  <move id="187" source="G4" target="H4"/>
  <move id="188" source="H3" target="G3"/>
  <move id="189" source="G2" target="G3"/>
  <move id="190" source="G7" target="F7"/>
  <move id="191" source="H4" target="G4"/>
  <move id="192" source="F7" target="E7"/>
  <move id="193" source="G4" target="F4"/>
  <move id="194" source="H8" target="H7"/>
  <move id="195" source="F3" target="G3"/>
  <move id="196" source="H7" target="I7"/>
  <move id="197" source="G3" target="H3"/>
  <move id="198" source="I7" target="I6"/>
  <move id="199" source="H3" target="H4"/>
  <move id="200" source="I6" target="I5"/>
  <move id="201" source="H4" target="I4"/>
  <move id="202" source="I5" target="I6"/>
  <move id="203" source="I4" target="I5"/>
  <move id="204" source="I6" target="I7"/>
  <move id="205" source="I5" target="I6"/>
  <move id="206" source="I7" target="H7"/>
  <move id="207" source="I6" target="I7"/>
  <move id="208" source="I8" target="I7"/>
  <move id="209" source="F4" target="F5"/>
  <move id="210" source="H9" target="H8"/>
  <player id="1">Player 1</player>
  <player id="2">Player 2</player>
  <result type="10" winner="3"/>
 </game>
</stratego>