<?xml version="1.0" encoding="UTF-8"?>
<stratego>
 <game type="classic">
  
  <field content="FEBMBEEEDEDIHBIGHBDBDHKCHLJBFDFDGJFGIGDDAA__AA__AAAA__AA__AANNRSPUOTSVRNVRPWSTPSNRNXPQUTPUPNYQPQTQPQ"/>
  <move id="1" source="B4" target="B5"/>
  <move id="2" source="I7" target="I6"/>
  <move id="3" source="B3" target="B4"/>
  <move id="4" source="I6" target="I5"/>
  <move id="5" source="B5" target="B6"/>
  <move id="6" source="I5" target="K5"/>
  <move id="7" source="B4" target="B5"/>
  <move id="8" source="I8" target="I4"/>
  <move id="9" source="C3" target="B3"/>
  <move id="10" source="I9" target="I3"/>
  <move id="11" source="B3" target="B4"/>
  <move id="12" source="K5" target="K4"/>
  <move id="13" source="A4" target="A5"/>
  <move id="14" source="K4" target="K3"/>
  <move id="15" source="I3" target="I4"/>
  <move id="16" source="H7" target="I7"/>
  <move id="17" source="A5" target="A6"/>
  <move id="18" source="I7" target="I6"/>
  <move id="19" source="B5" target="A5"/>
  <move id="20" source="I6" target="I5"/>
  <move id="21" source="B4" target="B5"/>
  <move id="22" source="K3" target="K2"/>
  <move id="23" source="A6" target="A7"/>
  <move id="24" source="K7" target="K6"/>
  <move id="25" source="B6" target="B7"/>
  <move id="26" source="K6" target="K5"/>
  <move id="27" source="B2" target="B3"/>
  <move id="28" source="K5" target="K4"/>
  <move id="29" source="B3" target="C3"/>
  <move id="30" source="I5" target="I4"/>
  <move id="31" source="B1" target="B2"/>
  <move id="32" source="I4" target="I3"/>
  <move id="33" source="B2" target="B3"/>
  <move id="34" source="I3" target="I2"/>
  <move id="35" source="B3" target="B4"/>
  <move id="36" source="I2" target="I1"/>
  <move id="37" source="A5" target="A6"/>
  <move id="38" source="I1" target="K1"/>
  <move id="39" source="H4" target="I4"/>
  <move id="40" source="K4" target="K5"/>
  <move id="41" source="B4" target="A4"/>
  <move id="42" source="I:" target="I4"/>
  <move id="43" source="A4" target="A5"/>
  <move id="44" source="K1" target="I1"/>
  <move id="45" source="A6" target="B6"/>
  <move id="46" source="I1" target="I2"/>
  <move id="47" source="I4" target="H4"/>
  <move id="48" source="I2" target="I3"/>
  <move id="49" source="A5" target="A6"/>
  <move id="50" source="I3" target="I4"/>
  <move id="51" source="A6" target="A7"/>
  <move id="52" source="A8" target="A7"/>
  <move id="53" source="B6" target="A6"/>
  <move id="54" source="A7" target="A8"/>
  <move id="55" source="A6" target="A7"/>
  <move id="56" source="K5" target="K4"/>
  <move id="57" source="A7" target="A8"/>
  <move id="58" source="I4" target="H4"/>
  <move id="59" source="G4" target="H4"/>
  <move id="60" source="K4" target="I4"/>
  <move id="61" source="H4" target="G4"/>
  <move id="62" source="I4" target="H4"/>
  <move id="63" source="F4" target="F5"/>
  <move id="64" source="H4" target="G4"/>
  <move id="65" source="F3" target="F4"/>
  <move id="66" source="G4" target="H4"/>
  <move id="67" source="A8" target="A7"/>
  <move id="68" source="H4" target="I4"/>
  <move id="69" source="A7" target="A6"/>
  <move id="70" source="K8" target="K7"/>
  <move id="71" source="A6" target="B6"/>
  <move id="72" source="K7" target="K6"/>
  <move id="73" source="F4" target="F3"/>
  <move id="74" source="I4" target="I5"/>
  <move id="75" source="E4" target="F4"/>
  <move id="76" source="I5" target="I6"/>
  <move id="77" source="F4" target="G4"/>
  <move id="78" source="K6" target="K5"/>
  <move id="79" source="G4" target="H4"/>
  <move id="80" source="K5" target="K4"/>
  <move id="81" source="H4" target="I4"/>
  <move id="82" source="I6" target="I7"/>
  <move id="83" source="I4" target="I5"/>
  <move id="84" source="I7" target="H7"/>
  <move id="85" source="I5" target="I6"/>
  <move id="86" source="K9" target="K8"/>
  <move id="87" source="I6" target="I7"/>
  <move id="88" source="K8" target="K7"/>
  <move id="89" source="I7" target="I8"/>
  <move id="90" source="H8" target="I8"/>
  <move id="91" source="A3" target="A9"/>
  <move id="92" source="K4" target="K3"/>
  <move id="93" source="A2" target="A8"/>
  <move id="94" source="I8" target="I7"/>
  <move id="95" source="A8" target="B8"/>
  <move id="96" source="I7" target="I6"/>
  <move id="97" source="C4" target="B4"/>
  <move id="98" source="I6" target="I5"/>
  <move id="99" source="B4" target="B3"/>
  <move id="100" source="I5" target="I4"/>
  <move id="101" source="D4" target="E4"/>
  <move id="102" source="I4" target="H4"/>
  <move id="103" source="E4" target="F4"/>
  <move id="104" source="H4" target="H3"/>
  <move id="105" source="B5" target="B4"/>
  <move id="106" source="K3" target="I3"/>
  <move id="107" source="B4" target="C4"/>
  <move id="108" source="I3" target="I2"/>
  <move id="109" source="C4" target="D4"/>
  <move id="110" source="I2" target="H2"/>
  <move id="111" source="D4" target="E4"/>
  <move id="112" source="K:" target="I:"/>
  <move id="113" source="F5" target="F6"/>
  <move id="114" source="I:" target="I9"/>
  <move id="115" source="F4" target="F5"/>
  <move id="116" source="I9" target="I8"/>
  <move id="117" source="F3" target="F4"/>
  <move id="118" source="I8" target="I7"/>
  <move id="119" source="H1" target="I1"/>
  <move id="120" source="I7" target="I6"/>
  <move id="121" source="I1" target="I2"/>
  <move id="122" source="I6" target="I5"/>
  <move id="123" source="I2" target="I3"/>
  <move id="124" source="K7" target="K6"/>
  <move id="125" source="I3" target="I4"/>
  <move id="126" source="K6" target="K5"/>
  <move id="127" source="F4" target="G4"/>
  <move id="128" source="K5" target="K4"/>
  <move id="129" source="G4" target="H4"/>
  <move id="130" source="E7" target="E4"/>
  <move id="131" source="F6" target="F7"/>
  <move id="132" source="E8" target="E6"/>
  <move id="133" source="F5" target="F6"/>
  <move id="134" source="E6" target="F6"/>
  <move id="135" source="F6" target="F7"/>
  <move id="136" source="F8" target="F7"/>
  <move id="137" source="F2" target="F3"/>
  <move id="138" source="F7" target="F6"/>
  <move id="139" source="F3" target="F4"/>
  <move id="140" source="F6" target="F7"/>
  <move id="141" source="F4" target="F5"/>
  <move id="142" source="E9" target="E6"/>
  <move id="143" source="I4" target="I5"/>
  <move id="144" source="K4" target="K5"/>
  <move id="145" source="H4" target="I4"/>
  <move id="146" source="E6" target="F6"/>
  <move id="147" source="F5" target="E5"/>
  <move id="148" source="E:" target="E5"/>
  <move id="149" source="I4" target="I5"/>
  <move id="150" source="K5" target="I5"/>
  <move id="151" source="I5" target="I6"/>
  <move id="152" source="F7" target="E7"/>
  <move id="153" source="I6" target="I7"/>
  <move id="154" source="H7" target="H8"/>
  <move id="155" source="I7" target="I8"/>
  <move id="156" source="H8" target="H7"/>
  <move id="157" source="I8" target="I7"/>
  <move id="158" source="H7" target="H8"/>
  <move id="159" source="I7" target="I8"/>
  <move id="160" source="H8" target="H7"/>
  <move id="161" source="I8" target="I7"/>
  <move id="162" source="H7" target="H8"/>
  <move id="163" source="I7" target="I8"/>
  <move id="164" source="G7" target="H7"/>
  <move id="165" source="I8" target="H8"/>
  <move id="166" source="H7" target="H8"/>
  <move id="167" source="E4" target="F4"/>
  <move id="168" source="E7" target="E6"/>
  <move id="169" source="E5" target="E4"/>
  <move id="170" source="E6" target="E5"/>
  <move id="171" source="E4" target="D4"/>
  <move id="172" source="F6" target="F7"/>
  <move id="173" source="F4" target="E4"/>
  <move id="174" source="E5" target="F5"/>
  <move id="175" source="E3" target="F3"/>
  <move id="176" source="F7" target="G7"/>
  <move id="177" source="F3" target="F2"/>
  <move id="178" source="G7" target="H7"/>
  <move id="179" source="G3" target="G4"/>
  <move id="180" source="H7" target="I7"/>
  <move id="181" source="G4" target="H4"/>
  <move id="182" source="I7" target="K7"/>
  <move id="183" source="H4" target="I4"/>
  <move id="184" source="H8" target="I8"/>
  <move id="185" source="I4" target="H4"/>
  <move id="186" source="I8" target="I7"/>
  <move id="187" source="H4" target="G4"/>
  <move id="188" source="I7" target="I6"/>
  <move id="189" source="G4" target="G3"/>
  <move id="190" source="I6" target="I5"/>
  <move id="191" source="G3" target="F3"/>
  <move id="192" source="I5" target="I4"/>
  <move id="193" source="G2" target="G3"/>
  <move id="194" source="I4" target="H4"/>
  <move id="195" source="G3" target="G4"/>
  <move id="196" source="H4" target="G4"/>
  <move id="197" source="G4" target="H4"/>
  <move id="198" source="G8" target="F8"/>
  <move id="199" source="H4" target="I4"/>
  <move id="200" source="G9" target="G8"/>
  <move id="201" source="I4" target="I3"/>
  <move id="202" source="G8" target="H8"/>
  <move id="203" source="I3" target="I2"/>
  <move id="204" source="H8" target="I8"/>
  <move id="205" source="F3" target="G3"/>
  <move id="206" source="K7" target="K6"/>
  <move id="207" source="G3" target="G4"/>
  <move id="208" source="K6" target="K5"/>
  <move id="209" source="G4" target="G3"/>
  <move id="210" source="K5" target="K4"/>
  <move id="211" source="I2" target="I3"/>
  <move id="212" source="I8" target="I7"/>
  <move id="213" source="I3" target="I4"/>
  <move id="214" source="K4" target="K5"/>
  <move id="215" source="I4" target="K4"/>
  <move id="216" source="K5" target="K6"/>
  <move id="217" source="G3" target="G4"/>
  <move id="218" source="I7" target="I6"/>
  <move id="219" source="G4" target="H4"/>
  <move id="220" source="I6" target="I5"/>
  <move id="221" source="H4" target="I4"/>
  <move id="222" source="I5" target="K5"/>
  <move id="223" source="K4" target="K3"/>
  <move id="224" source="K6" target="I6"/>
  <move id="225" source="I4" target="K4"/>
  <move id="226" source="K5" target="I5"/>
  <move id="227" source="K3" target="I3"/>
  <move id="228" source="I6" target="K6"/>
  <move id="229" source="K4" target="I4"/>
  <move id="230" source="I5" target="I6"/>
  <move id="231" source="I4" target="I5"/>
  <move id="232" source="I6" target="I7"/>
  <move id="233" source="I3" target="K3"/>
  <move id="234" source="I7" target="H7"/>
  <move id="235" source="K3" target="K4"/>
  <move id="236" source="H7" target="G7"/>
  <move id="237" source="I5" target="I4"/>
  <move id="238" source="K6" target="I6"/>
  <move id="239" source="I4" target="H4"/>
  <move id="240" source="G7" target="H7"/>
  <move id="241" source="K4" target="I4"/>
  <move id="242" source="H7" target="I7"/>
  <move id="243" source="I4" target="I5"/>
  <move id="244" source="I6" target="K6"/>
  <move id="245" source="I5" target="K5"/>
  <move id="246" source="I7" target="I6"/>
  <move id="247" source="H4" target="I4"/>
  <move id="248" source="K6" target="K7"/>
  <move id="249" source="I4" target="I5"/>
  <move id="250" source="I6" target="K6"/>
  <move id="251" source="K5" target="K4"/>
  <move id="252" source="K7" target="K8"/>
  <move id="253" source="K4" target="I4"/>
  <move id="254" source="K8" target="I8"/>
  <move id="255" source="I5" target="K5"/>
  <move id="256" source="K6" target="I6"/>
  <move id="257" source="I4" target="I3"/>
  <move id="258" source="I6" target="I7"/>
  <move id="259" source="K5" target="K6"/>
  <move id="260" source="I7" target="H7"/>
  <move id="261" source="K6" target="K7"/>
  <move id="262" source="H7" target="G7"/>
  <move id="263" source="I3" target="I4"/>
  <move id="264" source="I8" target="I9"/>
  <move id="265" source="I4" target="I5"/>
  <move id="266" source="I9" target="I:"/>
  <move id="267" source="I5" target="I6"/>
  <move id="268" source="G7" target="F7"/>
  <move id="269" source="K7" target="K8"/>
  <move id="270" source="F7" target="G7"/>
  <move id="271" source="I6" target="I7"/>
  <move id="272" source="G7" target="H7"/>
  <move id="273" source="I7" target="I8"/>
  <move id="274" source="H7" target="I7"/>
  <move id="275" source="I8" target="I9"/>
  <move id="276" source="H9" target="I9"/>
  <move id="277" source="K8" target="I8"/>
  <move id="278" source="I7" target="I6"/>
  <move id="279" source="I8" target="H8"/>
  <move id="280" source="F8" target="G8"/>
  <move id="281" source="H8" target="H9"/>
  <move id="282" source="I6" target="I5"/>
  <move id="283" source="E2" target="E3"/>
  <move id="284" source="D9" target="E9"/>
  <move id="285" source="E3" target="F3"/>
  <move id="286" source="E9" target="E8"/>
  <move id="287" source="F3" target="G3"/>
  <move id="288" source="E8" target="E7"/>
  <move id="289" source="G3" target="G4"/>
  <move id="290" source="E7" target="E6"/>
  <move id="291" source="D3" target="E3"/>
  <move id="292" source="E6" target="F6"/>
  <move id="293" source="G4" target="H4"/>
  <move id="294" source="F5" target="E5"/>
  <move id="295" source="H4" target="I4"/>
  <move id="296" source="I5" target="I6"/>
  <move id="297" source="I4" target="I5"/>
  <move id="298" source="I6" target="I7"/>
  <move id="299" source="I5" target="I6"/>
  <move id="300" source="I7" target="H7"/>
  <move id="301" source="I6" target="I7"/>
  <move id="302" source="H7" target="G7"/>
  <move id="303" source="I7" target="H7"/>
  <move id="304" source="G7" target="F7"/>
  <move id="305" source="H7" target="I7"/>
  <move id="306" source="F6" target="F5"/>
  <move id="307" source="I7" target="I8"/>
  <move id="308" source="F5" target="F4"/>
  <move id="309" source="E4" target="E5"/>
  <move id="310" source="F7" target="E7"/>
  <move id="311" source="D4" target="E4"/>
  <move id="312" source="F4" target="F5"/>
  <move id="313" source="I8" target="I9"/>
  <move id="314" source="E7" target="E6"/>
  <move id="315" source="I9" target="I:"/>
  <move id="316" source="E6" target="E5"/>
  <move id="317" source="I:" target="H:"/>
  <move id="318" source="E5" target="E4"/>
  <move id="319" source="E3" target="D3"/>
  <move id="320" source="F5" target="F4"/>
  <move id="321" source="H:" target="G:"/>
  <move id="322" source="F4" target="G4"/>
  <move id="323" source="G:" target="F:"/>
  <move id="324" source="D8" target="E8"/>
  <move id="325" source="F:" target="E:"/>
  <move id="326" source="C8" target="D8"/>
  <move id="327" source="E:" target="D:"/>
  <move id="328" source="E8" target="E7"/>
  <move id="329" source="D:" target="C:"/>
  <player id="1">Player 1</player>
  <player id="2">Player 2</player>
  <result type="1" winner="1"/>
 </game>
</stratego>