<?xml version="1.0" encoding="UTF-8"?>
<stratego>
 <game type="classic">
  
  <field content="FDEHBMBHEFBEDIDBEIDBFGJCDIGJGFGHEKDDLDBHAA__AA__AAAA__AA__AATRSXVWONPTPUQQQSNURPRPSQTNYNPVPURNPSNTQP"/>
  <move id="1" source="F4" target="F5"/>
  <move id="2" source="A7" target="A6"/>
  <move id="3" source="B4" target="B5"/>
  <move id="4" source="A6" target="A5"/>
  <move id="5" source="B5" target="A5"/>
  <move id="6" source="A8" target="A5"/>
  <move id="7" source="E4" target="E7"/>
  <move id="8" source="A5" target="A4"/>
  <move id="9" source="C4" target="B4"/>
  <move id="10" source="K7" target="K6"/>
  <move id="11" source="D4" target="E4"/>
  <move id="12" source="K6" target="K5"/>
  <move id="13" source="E4" target="F4"/>
  <move id="14" source="K5" target="K4"/>
  <move id="15" source="C3" target="C4"/>
  <move id="16" source="K8" target="K7"/>
  <move id="17" source="C4" target="D4"/>
  <move id="18" source="K7" target="K6"/>
  <move id="19" source="D4" target="E4"/>
  <move id="20" source="K9" target="K8"/>
  <move id="21" source="E4" target="E5"/>
  <move id="22" source="K8" target="K7"/>
  <move id="23" source="E5" target="E6"/>
  <move id="24" source="K6" target="K5"/>
  <move id="25" source="E6" target="E7"/>
  <move id="26" source="K7" target="K6"/>
  <move id="27" source="F5" target="E5"/>
  <move id="28" source="K5" target="K4"/>
  <move id="29" source="E5" target="E6"/>
  <move id="30" source="K6" target="K5"/>
  <move id="31" source="E6" target="E7"/>
  <move id="32" source="D7" target="E7"/>
  <move id="33" source="F4" target="E4"/>
  <move id="34" source="K4" target="K3"/>
  <move id="35" source="G4" target="F4"/>
  <move id="36" source="K5" target="K4"/>
  <move id="37" source="F4" target="F5"/>
  <move id="38" source="E7" target="E6"/>
  <move id="39" source="F5" target="E5"/>
  <move id="40" source="E6" target="F6"/>
  <move id="41" source="E4" target="D4"/>
  <move id="42" source="E8" target="E7"/>
  <move id="43" source="D4" target="C4"/>
  <move id="44" source="E7" target="D7"/>
  <move id="45" source="D3" target="D4"/>
  <move id="46" source="K4" target="K3"/>
  <move id="47" source="D4" target="E4"/>
  <move id="48" source="K3" target="I3"/>
  <move id="49" source="E4" target="F4"/>
  <move id="50" source="K:" target="K2"/>
  <move id="51" source="F4" target="F5"/>
  <move id="52" source="F6" target="F5"/>
  <move id="53" source="E5" target="F5"/>
  <move id="54" source="I:" target="K:"/>
  <move id="55" source="H3" target="I3"/>
  <move id="56" source="K:" target="K9"/>
  <move id="57" source="E3" target="E4"/>
  <move id="58" source="K9" target="K8"/>
  <move id="59" source="E4" target="F4"/>
  <move id="60" source="K8" target="K7"/>
  <move id="61" source="F4" target="F7"/>
  <move id="62" source="K7" target="K6"/>
  <move id="63" source="C4" target="D4"/>
  <move id="64" source="K6" target="K5"/>
  <move id="65" source="D4" target="E4"/>
  <move id="66" source="K5" target="K4"/>
  <move id="67" source="E4" target="F4"/>
  <move id="68" source="K4" target="K3"/>
  <move id="69" source="F4" target="G4"/>
  <move id="70" source="K3" target="K2"/>
  <move id="71" source="G4" target="F4"/>
  <move id="72" source="K2" target="K1"/>
  <move id="73" source="F4" target="F5"/>
  <move id="74" source="I8" target="K8"/>
  <move id="75" source="F5" target="F6"/>
  <move id="76" source="K8" target="K7"/>
  <move id="77" source="F6" target="F7"/>
  <move id="78" source="K7" target="K6"/>
  <move id="79" source="B4" target="B5"/>
  <move id="80" source="K6" target="K5"/>
  <move id="81" source="B5" target="A5"/>
  <move id="82" source="K5" target="K4"/>
  <move id="83" source="G3" target="G4"/>
  <move id="84" source="K4" target="K3"/>
  <move id="85" source="H2" target="H3"/>
  <move id="86" source="K3" target="K2"/>
  <move id="87" source="H3" target="I3"/>
  <move id="88" source="I7" target="K7"/>
  <move id="89" source="I3" target="K3"/>
  <move id="90" source="K2" target="K1"/>
  <move id="91" source="K3" target="K4"/>
  <move id="92" source="B8" target="A8"/>
  <move id="93" source="K4" target="K5"/>
  <move id="94" source="A8" target="A7"/>
  <move id="95" source="K5" target="K6"/>
  <move id="96" source="A7" target="A6"/>
  <move id="97" source="A5" target="B5"/>
  <move id="98" source="B7" target="A7"/>
  <move id="99" source="K6" target="K7"/>
  <move id="100" source="B9" target="B8"/>
  <move id="101" source="B5" target="B4"/>
  <move id="102" source="B8" target="A8"/>
  <move id="103" source="B4" target="C4"/>
  <move id="104" source="B:" target="B9"/>
  <move id="105" source="C4" target="D4"/>
  <move id="106" source="B9" target="B8"/>
  <move id="107" source="D2" target="D3"/>
  <move id="108" source="B8" target="B7"/>
  <move id="109" source="D3" target="C3"/>
  <move id="110" source="B7" target="B6"/>
  <move id="111" source="C3" target="C4"/>
  <move id="112" source="B6" target="B5"/>
  <move id="113" source="F3" target="E3"/>
  <move id="114" source="A6" target="B6"/>
  <move id="115" source="C4" target="B4"/>
  <move id="116" source="B5" target="B4"/>
  <move id="117" source="E3" target="D3"/>
  <move id="118" source="E9" target="E8"/>
  <move id="119" source="D4" target="C4"/>
  <move id="120" source="E8" target="E7"/>
  <move id="121" source="D3" target="D4"/>
  <move id="122" source="B6" target="B5"/>
  <move id="123" source="C4" target="C3"/>
  <move id="124" source="B5" target="B4"/>
  <move id="125" source="C3" target="D3"/>
  <move id="126" source="E7" target="E6"/>
  <move id="127" source="D4" target="E4"/>
  <move id="128" source="B4" target="C4"/>
  <move id="129" source="E4" target="D4"/>
  <move id="130" source="C4" target="D4"/>
  <move id="131" source="K7" target="K6"/>
  <move id="132" source="E6" target="E5"/>
  <move id="133" source="E2" target="E5"/>
  <move id="134" source="E5" target="E4"/>
  <move id="135" source="D1" target="D2"/>
  <move id="136" source="E4" target="E3"/>
  <move id="137" source="D3" target="C3"/>
  <move id="138" source="E3" target="D3"/>
  <move id="139" source="D2" target="D3"/>
  <move id="140" source="H8" target="I8"/>
  <move id="141" source="K6" target="K7"/>
  <move id="142" source="I8" target="H8"/>
  <move id="143" source="K7" target="K8"/>
  <move id="144" source="H8" target="I8"/>
  <move id="145" source="K8" target="I8"/>
  <move id="146" source="H:" target="I:"/>
  <move id="147" source="H1" target="H2"/>
  <move id="148" source="I:" target="K:"/>
  <move id="149" source="H2" target="H3"/>
  <move id="150" source="K:" target="K9"/>
  <move id="151" source="H3" target="I3"/>
  <move id="152" source="K9" target="K8"/>
  <move id="153" source="I3" target="K3"/>
  <move id="154" source="K8" target="K7"/>
  <move id="155" source="K3" target="K4"/>
  <move id="156" source="K7" target="K6"/>
  <move id="157" source="K4" target="K5"/>
  <move id="158" source="C7" target="B7"/>
  <move id="159" source="K5" target="K6"/>
  <move id="160" source="B7" target="B6"/>
  <move id="161" source="B3" target="B4"/>
  <move id="162" source="B6" target="B5"/>
  <move id="163" source="B4" target="B5"/>
  <move id="164" source="C8" target="B8"/>
  <move id="165" source="C3" target="B3"/>
  <move id="166" source="C9" target="C8"/>
  <move id="167" source="A4" target="A5"/>
  <move id="168" source="C8" target="C7"/>
  <move id="169" source="A5" target="A6"/>
  <move id="170" source="C7" target="B7"/>
  <move id="171" source="A6" target="B6"/>
  <move id="172" source="B7" target="B6"/>
  <move id="173" source="G4" target="F4"/>
  <move id="174" source="F8" target="F7"/>
  <move id="175" source="B3" target="C3"/>
  <move id="176" source="F7" target="F6"/>
  <move id="177" source="C3" target="D3"/>
  <move id="178" source="E:" target="E1"/>
  <move id="179" source="D3" target="E3"/>
  <move id="180" source="F:" target="E:"/>
  <move id="181" source="E3" target="E4"/>
  <move id="182" source="E:" target="E9"/>
  <move id="183" source="F4" target="F5"/>
  <move id="184" source="E9" target="E8"/>
  <move id="185" source="E4" target="E5"/>
  <move id="186" source="E8" target="E7"/>
  <move id="187" source="F5" target="F6"/>
  <move id="188" source="E7" target="E6"/>
  <move id="189" source="E5" target="E6"/>
  <move id="190" source="E6" target="E5"/>
  <move id="191" source="A3" target="A4"/>
  <move id="192" source="E5" target="E4"/>
  <move id="193" source="A4" target="A5"/>
  <move id="194" source="A7" target="A6"/>
  <move id="195" source="A5" target="A6"/>
  <move id="196" source="C:" target="C9"/>
  <move id="197" source="I1" target="K1"/>
  <move id="198" source="D7" target="E7"/>
  <move id="199" source="K1" target="K2"/>
  <move id="200" source="E7" target="E6"/>
  <move id="201" source="K2" target="K3"/>
  <move id="202" source="E4" target="F4"/>
  <move id="203" source="C2" target="E2"/>
  <move id="204" source="F4" target="F3"/>
  <move id="205" source="E2" target="E6"/>
  <move id="206" source="E6" target="E5"/>
  <move id="207" source="C1" target="D1"/>
  <move id="208" source="E5" target="E4"/>
  <move id="209" source="D1" target="D2"/>
  <move id="210" source="F3" target="E3"/>
  <move id="211" source="G2" target="G3"/>
  <move id="212" source="E3" target="F3"/>
  <move id="213" source="G3" target="G4"/>
  <move id="214" source="C9" target="C8"/>
  <move id="215" source="D2" target="D3"/>
  <move id="216" source="C8" target="C7"/>
  <move id="217" source="K3" target="K4"/>
  <move id="218" source="C7" target="D7"/>
  <move id="219" source="K4" target="K5"/>
  <move id="220" source="I9" target="K9"/>
  <move id="221" source="B2" target="B3"/>
  <move id="222" source="K9" target="K8"/>
  <move id="223" source="B3" target="B4"/>
  <move id="224" source="D7" target="E7"/>
  <move id="225" source="B4" target="B5"/>
  <move id="226" source="E7" target="F7"/>
  <move id="227" source="B5" target="B6"/>
  <move id="228" source="F7" target="F6"/>
  <move id="229" source="B6" target="A6"/>
  <move id="230" source="F6" target="F5"/>
  <move id="231" source="A6" target="A7"/>
  <move id="232" source="F5" target="F4"/>
  <move id="233" source="A7" target="A8"/>
  <move id="234" source="F4" target="G4"/>
  <move id="235" source="A8" target="A9"/>
  <move id="236" source="F3" target="E3"/>
  <move id="237" source="D3" target="D4"/>
  <move id="238" source="E4" target="F4"/>
  <move id="239" source="B1" target="B8"/>
  <move id="240" source="F4" target="F3"/>
  <move id="241" source="A1" target="B1"/>
  <move id="242" source="F3" target="F2"/>
  <move id="243" source="B1" target="B2"/>
  <move id="244" source="F2" target="F1"/>
  <player id="1">Player 1</player>
  <player id="2">Player 2</player>
  <result type="1" winner="2"/>
 </game>
</stratego>