<?xml version="1.0" encoding="UTF-8"?>
<stratego>
 <game type="classic">
  
  <field content="FEBHEEEEDDFMHBHDDDDDBLBHBCFGGGIBIDJKFGIJAA__AA__AAAA__AA__AATSPRTSSPTSPRXPRWOQVRVQUPNUNTNPQNPNQPYNQU"/>
  <move id="1" source="K4" target="K5"/>
  <move id="2" source="B7" target="B6"/>
  <move id="3" source="I4" target="I5"/>
  <move id="4" source="A7" target="A6"/>
  <move id="5" source="I5" target="I6"/>
  <move id="6" source="A8" target="A7"/>
  <move id="7" source="K5" target="K6"/>
  <move id="8" source="A7" target="B7"/>
  <move id="9" source="I6" target="I7"/>
  <move id="10" source="I8" target="I7"/>
  <move id="11" source="K6" target="K7"/>
  <move id="12" source="A9" target="A8"/>
  <move id="13" source="K7" target="K6"/>
  <move id="14" source="A8" target="A7"/>
  <move id="15" source="E4" target="E5"/>
  <move id="16" source="F7" target="F6"/>
  <move id="17" source="E5" target="E4"/>
  <move id="18" source="F8" target="F7"/>
  <move id="19" source="H4" target="I4"/>
  <move id="20" source="H8" target="I8"/>
  <move id="21" source="I4" target="K4"/>
  <move id="22" source="H7" target="H8"/>
  <move id="23" source="K4" target="K5"/>
  <move id="24" source="G7" target="H7"/>
  <move id="25" source="G4" target="H4"/>
  <move id="26" source="F7" target="G7"/>
  <move id="27" source="H4" target="I4"/>
  <move id="28" source="E7" target="F7"/>
  <move id="29" source="I4" target="K4"/>
  <move id="30" source="G8" target="F8"/>
  <move id="31" source="K5" target="I5"/>
  <move id="32" source="H8" target="G8"/>
  <move id="33" source="K4" target="K5"/>
  <move id="34" source="F7" target="E7"/>
  <move id="35" source="K5" target="K4"/>
  <move id="36" source="H7" target="H8"/>
  <move id="37" source="I5" target="K5"/>
  <move id="38" source="I7" target="H7"/>
  <move id="39" source="K6" target="I6"/>
  <move id="40" source="E7" target="E6"/>
  <move id="41" source="I6" target="K6"/>
  <move id="42" source="F8" target="F7"/>
  <move id="43" source="K6" target="I6"/>
  <move id="44" source="G8" target="F8"/>
  <move id="45" source="I6" target="K6"/>
  <move id="46" source="H8" target="G8"/>
  <move id="47" source="K6" target="K7"/>
  <move id="48" source="H7" target="H8"/>
  <move id="49" source="K5" target="K6"/>
  <move id="50" source="G7" target="H7"/>
  <move id="51" source="K6" target="I6"/>
  <move id="52" source="F7" target="G7"/>
  <move id="53" source="I6" target="I7"/>
  <move id="54" source="F8" target="F7"/>
  <move id="55" source="I7" target="I8"/>
  <move id="56" source="H8" target="I8"/>
  <move id="57" source="K7" target="K6"/>
  <move id="58" source="I8" target="H8"/>
  <move id="59" source="K6" target="I6"/>
  <move id="60" source="G8" target="F8"/>
  <move id="61" source="I6" target="K6"/>
  <move id="62" source="H8" target="G8"/>
  <move id="63" source="K6" target="I6"/>
  <move id="64" source="E8" target="E7"/>
  <move id="65" source="I6" target="I7"/>
  <move id="66" source="H7" target="I7"/>
  <move id="67" source="K4" target="I4"/>
  <move id="68" source="I7" target="H7"/>
  <move id="69" source="I4" target="K4"/>
  <move id="70" source="A6" target="A5"/>
  <move id="71" source="K4" target="K5"/>
  <move id="72" source="A7" target="A8"/>
  <move id="73" source="K5" target="K6"/>
  <move id="74" source="B7" target="A7"/>
  <move id="75" source="K6" target="K5"/>
  <move id="76" source="A8" target="A9"/>
  <move id="77" source="K5" target="K4"/>
  <move id="78" source="B8" target="A8"/>
  <move id="79" source="K4" target="K5"/>
  <move id="80" source="C8" target="B8"/>
  <move id="81" source="K5" target="K4"/>
  <move id="82" source="B8" target="B7"/>
  <move id="83" source="K4" target="K5"/>
  <move id="84" source="B6" target="B5"/>
  <move id="85" source="K5" target="K4"/>
  <move id="86" source="B7" target="B6"/>
  <move id="87" source="K4" target="I4"/>
  <move id="88" source="D8" target="C8"/>
  <move id="89" source="I4" target="I5"/>
  <move id="90" source="F8" target="E8"/>
  <move id="91" source="I5" target="K5"/>
  <move id="92" source="G8" target="F8"/>
  <move id="93" source="K5" target="K4"/>
  <move id="94" source="F6" target="F5"/>
  <move id="95" source="K4" target="I4"/>
  <move id="96" source="F7" target="F6"/>
  <move id="97" source="I4" target="I5"/>
  <move id="98" source="F8" target="F7"/>
  <move id="99" source="I5" target="K5"/>
  <move id="100" source="E6" target="E5"/>
  <move id="101" source="K5" target="I5"/>
  <move id="102" source="B6" target="B7"/>
  <move id="103" source="I5" target="I4"/>
  <move id="104" source="A7" target="A6"/>
  <move id="105" source="I4" target="H4"/>
  <move id="106" source="A8" target="A7"/>
  <move id="107" source="H4" target="G4"/>
  <move id="108" source="A9" target="A8"/>
  <move id="109" source="G4" target="H4"/>
  <move id="110" source="B7" target="B8"/>
  <move id="111" source="H4" target="I4"/>
  <move id="112" source="A7" target="B7"/>
  <move id="113" source="I4" target="K4"/>
  <move id="114" source="A8" target="A7"/>
  <move id="115" source="K4" target="I4"/>
  <move id="116" source="C8" target="D8"/>
  <move id="117" source="I4" target="H4"/>
  <move id="118" source="E8" target="F8"/>
  <move id="119" source="H4" target="G4"/>
  <move id="120" source="D8" target="E8"/>
  <move id="121" source="G4" target="H4"/>
  <move id="122" source="F8" target="G8"/>
  <move id="123" source="H4" target="I4"/>
  <move id="124" source="E8" target="F8"/>
  <move id="125" source="I4" target="K4"/>
  <move id="126" source="G8" target="H8"/>
  <move id="127" source="K4" target="I4"/>
  <move id="128" source="H8" target="I8"/>
  <move id="129" source="I4" target="K4"/>
  <move id="130" source="F8" target="G8"/>
  <move id="131" source="K4" target="I4"/>
  <move id="132" source="G8" target="H8"/>
  <move id="133" source="I4" target="K4"/>
  <move id="134" source="I8" target="I7"/>
  <move id="135" source="K4" target="K5"/>
  <move id="136" source="H8" target="I8"/>
  <move id="137" source="K5" target="K6"/>
  <move id="138" source="B8" target="C8"/>
  <move id="139" source="K3" target="K4"/>
  <move id="140" source="C8" target="D8"/>
  <move id="141" source="K4" target="K3"/>
  <move id="142" source="D8" target="E8"/>
  <move id="143" source="K3" target="K4"/>
  <move id="144" source="E8" target="F8"/>
  <move id="145" source="K4" target="K3"/>
  <move id="146" source="F8" target="G8"/>
  <move id="147" source="K3" target="K4"/>
  <move id="148" source="G8" target="H8"/>
  <move id="149" source="K4" target="I4"/>
  <move id="150" source="B7" target="B8"/>
  <move id="151" source="I4" target="K4"/>
  <move id="152" source="A7" target="B7"/>
  <move id="153" source="K4" target="K3"/>
  <move id="154" source="B7" target="B6"/>
  <move id="155" source="K3" target="K4"/>
  <move id="156" source="K8" target="K7"/>
  <move id="157" source="K4" target="I4"/>
  <move id="158" source="I8" target="K8"/>
  <move id="159" source="K6" target="K7"/>
  <move id="160" source="K8" target="K7"/>
  <move id="161" source="I4" target="K4"/>
  <move id="162" source="K9" target="K8"/>
  <move id="163" source="K4" target="K5"/>
  <move id="164" source="I7" target="I8"/>
  <move id="165" source="K5" target="K6"/>
  <move id="166" source="H7" target="I7"/>
  <move id="167" source="K6" target="K7"/>
  <move id="168" source="I7" target="K7"/>
  <move id="169" source="K2" target="K4"/>
  <move id="170" source="H8" target="H7"/>
  <move id="171" source="K4" target="H4"/>
  <move id="172" source="H7" target="I7"/>
  <move id="173" source="H4" target="I4"/>
  <move id="174" source="K7" target="K6"/>
  <move id="175" source="I4" target="I7"/>
  <move id="176" source="I7" target="H7"/>
  <move id="177" source="F4" target="F5"/>
  <move id="178" source="G7" target="G8"/>
  <move id="179" source="F5" target="E5"/>
  <move id="180" source="H7" target="G7"/>
  <move id="181" source="E5" target="F5"/>
  <move id="182" source="F7" target="F8"/>
  <move id="183" source="F5" target="F6"/>
  <move id="184" source="K6" target="I6"/>
  <move id="185" source="F6" target="F5"/>
  <move id="186" source="I6" target="I7"/>
  <move id="187" source="F5" target="F4"/>
  <move id="188" source="G7" target="F7"/>
  <move id="189" source="K1" target="K8"/>
  <move id="190" source="E7" target="E8"/>
  <move id="191" source="I1" target="K1"/>
  <move id="192" source="D7" target="D8"/>
  <move id="193" source="K1" target="K:"/>
  <move id="194" source="C7" target="D7"/>
  <move id="195" source="I2" target="K2"/>
  <move id="196" source="D7" target="E7"/>
  <move id="197" source="K2" target="K5"/>
  <move id="198" source="E7" target="E6"/>
  <move id="199" source="K5" target="K8"/>
  <move id="200" source="I8" target="K8"/>
  <move id="201" source="I3" target="K3"/>
  <move id="202" source="K8" target="K7"/>
  <move id="203" source="K3" target="K4"/>
  <move id="204" source="K:" target="K9"/>
  <move id="205" source="K4" target="K5"/>
  <move id="206" source="K9" target="K8"/>
  <move id="207" source="K5" target="K6"/>
  <move id="208" source="K8" target="I8"/>
  <move id="209" source="K6" target="K7"/>
  <move id="210" source="I8" target="H8"/>
  <move id="211" source="H2" target="I2"/>
  <move id="212" source="E8" target="E7"/>
  <move id="213" source="I2" target="I7"/>
  <move id="214" source="F8" target="E8"/>
  <move id="215" source="H3" target="I3"/>
  <move id="216" source="F7" target="F6"/>
  <move id="217" source="I3" target="I4"/>
  <move id="218" source="G8" target="G7"/>
  <move id="219" source="I4" target="I5"/>
  <move id="220" source="G7" target="H7"/>
  <move id="221" source="I5" target="K5"/>
  <move id="222" source="E8" target="F8"/>
  <move id="223" source="K5" target="K6"/>
  <move id="224" source="F8" target="G8"/>
  <move id="225" source="G2" target="K2"/>
  <move id="226" source="G8" target="G7"/>
  <move id="227" source="K6" target="K5"/>
  <move id="228" source="E6" target="E4"/>
  <move id="229" source="K5" target="I5"/>
  <move id="230" source="H8" target="G8"/>
  <move id="231" source="K2" target="K:"/>
  <move id="232" source="F9" target="F8"/>
  <move id="233" source="F2" target="K2"/>
  <move id="234" source="F8" target="E8"/>
  <move id="235" source="K2" target="K9"/>
  <move id="236" source="G8" target="F8"/>
  <move id="237" source="K9" target="I9"/>
  <move id="238" source="G7" target="G8"/>
  <move id="239" source="H1" target="I1"/>
  <move id="240" source="G8" target="H8"/>
  <move id="241" source="I1" target="K1"/>
  <move id="242" source="H7" target="G7"/>
  <move id="243" source="K:" target="I:"/>
  <move id="244" source="G7" target="G8"/>
  <move id="245" source="K1" target="K2"/>
  <move id="246" source="I7" target="H7"/>
  <move id="247" source="K2" target="K3"/>
  <move id="248" source="H7" target="G7"/>
  <move id="249" source="K3" target="K4"/>
  <move id="250" source="G7" target="F7"/>
  <move id="251" source="I5" target="I6"/>
  <move id="252" source="E7" target="D7"/>
  <move id="253" source="I6" target="K6"/>
  <move id="254" source="F7" target="E7"/>
  <move id="255" source="K6" target="K7"/>
  <move id="256" source="F6" target="F7"/>
  <move id="257" source="K7" target="K8"/>
  <move id="258" source="F7" target="G7"/>
  <move id="259" source="K8" target="K9"/>
  <move id="260" source="G7" target="H7"/>
  <move id="261" source="K9" target="K:"/>
  <move id="262" source="E7" target="E6"/>
  <move id="263" source="K:" target="I:"/>
  <move id="264" source="H7" target="I7"/>
  <move id="265" source="I:" target="H:"/>
  <move id="266" source="I7" target="I6"/>
  <move id="267" source="G1" target="G2"/>
  <move id="268" source="I6" target="I5"/>
  <move id="269" source="G2" target="H2"/>
  <move id="270" source="F8" target="F7"/>
  <move id="271" source="H2" target="I2"/>
  <move id="272" source="F7" target="G7"/>
  <move id="273" source="I2" target="I3"/>
  <move id="274" source="F:" target="F8"/>
  <move id="275" source="I3" target="I4"/>
  <move id="276" source="I5" target="I6"/>
  <move id="277" source="K4" target="K5"/>
  <move id="278" source="I6" target="I7"/>
  <move id="279" source="I4" target="I5"/>
  <move id="280" source="G7" target="F7"/>
  <move id="281" source="K5" target="K6"/>
  <move id="282" source="I7" target="H7"/>
  <move id="283" source="I5" target="I6"/>
  <move id="284" source="H7" target="G7"/>
  <move id="285" source="K6" target="K7"/>
  <move id="286" source="F7" target="E7"/>
  <move id="287" source="K7" target="K8"/>
  <move id="288" source="G7" target="F7"/>
  <move id="289" source="K8" target="K9"/>
  <move id="290" source="F7" target="F6"/>
  <move id="291" source="K9" target="I9"/>
  <move id="292" source="H9" target="I9"/>
  <move id="293" source="I6" target="K6"/>
  <move id="294" source="F8" target="F7"/>
  <move id="295" source="G3" target="H3"/>
  <move id="296" source="F7" target="G7"/>
  <move id="297" source="H3" target="H4"/>
  <move id="298" source="G7" target="H7"/>
  <move id="299" source="H4" target="I4"/>
  <move id="300" source="H7" target="I7"/>
  <move id="301" source="I4" target="I5"/>
  <move id="302" source="F6" target="F7"/>
  <move id="303" source="I5" target="I6"/>
  <move id="304" source="F7" target="G7"/>
  <move id="305" source="F1" target="G1"/>
  <move id="306" source="G7" target="H7"/>
  <move id="307" source="G1" target="H1"/>
  <move id="308" source="I7" target="I6"/>
  <move id="309" source="K6" target="K7"/>
  <move id="310" source="I9" target="I8"/>
  <move id="311" source="I6" target="I5"/>
  <move id="312" source="I8" target="I7"/>
  <move id="313" source="K7" target="K8"/>
  <move id="314" source="I7" target="I6"/>
  <move id="315" source="K8" target="K9"/>
  <move id="316" source="H8" target="H9"/>
  <move id="317" source="K9" target="K:"/>
  <move id="318" source="I6" target="I5"/>
  <move id="319" source="K:" target="I:"/>
  <move id="320" source="H7" target="H8"/>
  <move id="321" source="H1" target="H2"/>
  <move id="322" source="I5" target="I6"/>
  <move id="323" source="H2" target="H3"/>
  <move id="324" source="I6" target="I7"/>
  <move id="325" source="H3" target="H4"/>
  <move id="326" source="I7" target="I8"/>
  <move id="327" source="H4" target="I4"/>
  <move id="328" source="I8" target="I9"/>
  <move id="329" source="I:" target="H:"/>
  <move id="330" source="H9" target="H:"/>
  <move id="331" source="I4" target="H4"/>
  <move id="332" source="E6" target="F6"/>
  <move id="333" source="H4" target="G4"/>
  <move id="334" source="F6" target="F5"/>
  <move id="335" source="G4" target="G3"/>
  <move id="336" source="F5" target="F4"/>
  <move id="337" source="F3" target="F4"/>
  <move id="338" source="H8" target="H7"/>
  <move id="339" source="G3" target="G4"/>
  <move id="340" source="H7" target="G7"/>
  <move id="341" source="E4" target="E5"/>
  <move id="342" source="G7" target="F7"/>
  <move id="343" source="E5" target="F5"/>
  <move id="344" source="D7" target="C7"/>
  <move id="345" source="D4" target="E4"/>
  <move id="346" source="E7" target="D7"/>
  <move id="347" source="E4" target="D4"/>
  <move id="348" source="C7" target="B7"/>
  <move id="349" source="D4" target="E4"/>
  <move id="350" source="B7" target="A7"/>
  <move id="351" source="E4" target="E8"/>
  <move id="352" source="B6" target="B7"/>
  <move id="353" source="G4" target="H4"/>
  <move id="354" source="F7" target="G7"/>
  <move id="355" source="C4" target="D4"/>
  <move id="356" source="B7" target="C7"/>
  <move id="357" source="D4" target="E4"/>
  <move id="358" source="D8" target="C8"/>
  <move id="359" source="E4" target="E5"/>
  <move id="360" source="E8" target="F8"/>
  <move id="361" source="E5" target="E6"/>
  <move id="362" source="D7" target="D8"/>
  <move id="363" source="E6" target="E7"/>
  <move id="364" source="C7" target="D7"/>
  <move id="365" source="E7" target="E8"/>
  <move id="366" source="D7" target="E7"/>
  <move id="367" source="E8" target="D8"/>
  <move id="368" source="F8" target="E8"/>
  <move id="369" source="E2" target="F2"/>
  <move id="370" source="D9" target="D8"/>
  <move id="371" source="H4" target="I4"/>
  <move id="372" source="G7" target="H7"/>
  <move id="373" source="I4" target="I5"/>
  <move id="374" source="H7" target="I7"/>
  <move id="375" source="I5" target="I4"/>
  <move id="376" source="D8" target="D7"/>
  <move id="377" source="I4" target="H4"/>
  <move id="378" source="E7" target="E6"/>
  <move id="379" source="H4" target="G4"/>
  <move id="380" source="D7" target="E7"/>
  <move id="381" source="G4" target="G3"/>
  <move id="382" source="E7" target="F7"/>
  <move id="383" source="G3" target="F3"/>
  <move id="384" source="F7" target="G7"/>
  <move id="385" source="F2" target="E2"/>
  <move id="386" source="I7" target="I6"/>
  <move id="387" source="F4" target="E4"/>
  <move id="388" source="I6" target="I7"/>
  <move id="389" source="F5" target="E5"/>
  <move id="390" source="G7" target="H7"/>
  <move id="391" source="F3" target="F4"/>
  <move id="392" source="H7" target="H8"/>
  <move id="393" source="F4" target="F5"/>
  <move id="394" source="I7" target="H7"/>
  <move id="395" source="F5" target="F6"/>
  <move id="396" source="H7" target="G7"/>
  <move id="397" source="F6" target="F5"/>
  <move id="398" source="G7" target="F7"/>
  <move id="399" source="F5" target="F4"/>
  <move id="400" source="E6" target="E7"/>
  <move id="401" source="F4" target="F5"/>
  <move id="402" source="H8" target="H7"/>
  <move id="403" source="F5" target="F6"/>
  <move id="404" source="F7" target="F8"/>
  <move id="405" source="F6" target="F5"/>
  <move id="406" source="H7" target="G7"/>
  <move id="407" source="F5" target="F6"/>
  <move id="408" source="G7" target="F7"/>
  <move id="409" source="F6" target="F7"/>
  <move id="410" source="E7" target="F7"/>
  <move id="411" source="E5" target="F5"/>
  <move id="412" source="A6" target="B6"/>
  <move id="413" source="E4" target="F4"/>
  <move id="414" source="B6" target="B7"/>
  <move id="415" source="F4" target="F3"/>
  <move id="416" source="B7" target="C7"/>
  <move id="417" source="F5" target="F4"/>
  <move id="418" source="F7" target="F6"/>
  <move id="419" source="F3" target="F2"/>
  <move id="420" source="C7" target="K7"/>
  <move id="421" source="F2" target="F1"/>
  <move id="422" source="K7" target="K1"/>
  <move id="423" source="F4" target="F3"/>
  <player id="1">Player 1</player>
  <player id="2">Player 2</player>
  <result type="4" winner="3"/>
 </game>
</stratego>