<?xml version="1.0" encoding="UTF-8"?>
<stratego>
 <game type="classic">
  
  <field content="EBMBEEBFBFJEHIHIJBCBDDDDIDGDKDGFLEGHDGFHAA__AA__AAAA__AA__AATPQTPPRSPNPUVWPSTPSRXVUONSNUNPQYQQTNRNRQ"/>
  <move id="1" source="B4" target="B5"/>
  <move id="2" source="A7" target="A6"/>
  <move id="3" source="E4" target="E5"/>
  <move id="4" source="A8" target="A7"/>
  <move id="5" source="K4" target="K5"/>
  <move id="6" source="A6" target="B6"/>
  <move id="7" source="F4" target="F5"/>
  <move id="8" source="B6" target="B5"/>
  <move id="9" source="I4" target="I5"/>
  <move id="10" source="A7" target="A4"/>
  <move id="11" source="I5" target="I6"/>
  <move id="12" source="B8" target="A8"/>
  <move id="13" source="H4" target="I4"/>
  <move id="14" source="A8" target="A7"/>
  <move id="15" source="I4" target="I5"/>
  <move id="16" source="A7" target="A6"/>
  <move id="17" source="E3" target="E4"/>
  <move id="18" source="A9" target="A8"/>
  <move id="19" source="E5" target="E6"/>
  <move id="20" source="A8" target="A7"/>
  <move id="21" source="E4" target="E5"/>
  <move id="22" source="B5" target="A5"/>
  <move id="23" source="B3" target="B4"/>
  <move id="24" source="A6" target="B6"/>
  <move id="25" source="F5" target="F6"/>
  <move id="26" source="A7" target="A6"/>
  <move id="27" source="E6" target="E7"/>
  <move id="28" source="D7" target="E7"/>
  <move id="29" source="I6" target="I7"/>
  <move id="30" source="H7" target="I7"/>
  <move id="31" source="K5" target="K6"/>
  <move id="32" source="A5" target="A4"/>
  <move id="33" source="B4" target="B6"/>
  <move id="34" source="A4" target="B4"/>
  <move id="35" source="A3" target="A6"/>
  <move id="36" source="A6" target="A5"/>
  <move id="37" source="C4" target="B4"/>
  <move id="38" source="A5" target="B5"/>
  <move id="39" source="B4" target="B5"/>
  <move id="40" source="B6" target="A6"/>
  <move id="41" source="C3" target="A3"/>
  <move id="42" source="C7" target="D7"/>
  <move id="43" source="A3" target="B3"/>
  <move id="44" source="C8" target="C7"/>
  <move id="45" source="B3" target="B7"/>
  <move id="46" source="D8" target="C8"/>
  <move id="47" source="A2" target="A3"/>
  <move id="48" source="C8" target="B8"/>
  <move id="49" source="A3" target="A4"/>
  <move id="50" source="B8" target="B7"/>
  <move id="51" source="A4" target="A5"/>
  <move id="52" source="A6" target="A7"/>
  <move id="53" source="A5" target="A6"/>
  <move id="54" source="A7" target="A8"/>
  <move id="55" source="A6" target="A7"/>
  <move id="56" source="D9" target="D8"/>
  <move id="57" source="A7" target="A8"/>
  <move id="58" source="D8" target="C8"/>
  <move id="59" source="A8" target="A7"/>
  <move id="60" source="B7" target="A7"/>
  <move id="61" source="I5" target="I6"/>
  <move id="62" source="C7" target="B7"/>
  <move id="63" source="I3" target="I4"/>
  <move id="64" source="B7" target="B6"/>
  <move id="65" source="I4" target="I5"/>
  <move id="66" source="C8" target="C7"/>
  <move id="67" source="K6" target="K7"/>
  <move id="68" source="I7" target="I6"/>
  <move id="69" source="I5" target="I6"/>
  <move id="70" source="B6" target="B5"/>
  <move id="71" source="I6" target="I7"/>
  <move id="72" source="B5" target="B4"/>
  <move id="73" source="I7" target="H7"/>
  <move id="74" source="C7" target="B7"/>
  <move id="75" source="G4" target="I4"/>
  <move id="76" source="B7" target="B6"/>
  <move id="77" source="I4" target="I8"/>
  <move id="78" source="H8" target="H7"/>
  <move id="79" source="H7" target="G7"/>
  <move id="80" source="B6" target="B5"/>
  <move id="81" source="G7" target="F7"/>
  <move id="82" source="E7" target="E6"/>
  <move id="83" source="E5" target="E6"/>
  <move id="84" source="B5" target="A5"/>
  <move id="85" source="F7" target="G7"/>
  <move id="86" source="D7" target="C7"/>
  <move id="87" source="F6" target="F7"/>
  <move id="88" source="C7" target="B7"/>
  <move id="89" source="F7" target="F8"/>
  <move id="90" source="G8" target="F8"/>
  <move id="91" source="G7" target="G8"/>
  <move id="92" source="B7" target="B6"/>
  <move id="93" source="H3" target="I3"/>
  <move id="94" source="A7" target="B7"/>
  <move id="95" source="F3" target="F7"/>
  <move id="96" source="B7" target="C7"/>
  <move id="97" source="F7" target="H7"/>
  <move id="98" source="C7" target="D7"/>
  <move id="99" source="H7" target="H9"/>
  <move id="100" source="D7" target="E7"/>
  <move id="101" source="G8" target="H8"/>
  <move id="102" source="E7" target="E6"/>
  <move id="103" source="H8" target="H9"/>
  <move id="104" source="A5" target="A4"/>
  <move id="105" source="I3" target="I7"/>
  <move id="106" source="E6" target="E7"/>
  <move id="107" source="I7" target="H7"/>
  <move id="108" source="E7" target="F7"/>
  <move id="109" source="H7" target="H8"/>
  <move id="110" source="F7" target="G7"/>
  <move id="111" source="H8" target="E8"/>
  <move id="112" source="G7" target="H7"/>
  <move id="113" source="D3" target="F3"/>
  <move id="114" source="B9" target="B8"/>
  <move id="115" source="F3" target="F9"/>
  <move id="116" source="A4" target="A3"/>
  <move id="117" source="G3" target="G4"/>
  <move id="118" source="A3" target="B3"/>
  <move id="119" source="G2" target="G3"/>
  <move id="120" source="B3" target="C3"/>
  <move id="121" source="G3" target="F3"/>
  <move id="122" source="C3" target="C2"/>
  <move id="123" source="F3" target="F4"/>
  <move id="124" source="B4" target="C4"/>
  <move id="125" source="D4" target="E4"/>
  <move id="126" source="C4" target="D4"/>
  <move id="127" source="E4" target="E5"/>
  <move id="128" source="D4" target="C4"/>
  <move id="129" source="E5" target="E6"/>
  <move id="130" source="B8" target="C8"/>
  <move id="131" source="E6" target="E7"/>
  <move id="132" source="C8" target="D8"/>
  <move id="133" source="E7" target="F7"/>
  <move id="134" source="D8" target="E8"/>
  <move id="135" source="F2" target="F3"/>
  <move id="136" source="C4" target="C3"/>
  <move id="137" source="F1" target="F2"/>
  <move id="138" source="C3" target="C2"/>
  <move id="139" source="F2" target="G2"/>
  <move id="140" source="C2" target="C3"/>
  <move id="141" source="G2" target="G3"/>
  <move id="142" source="C3" target="D3"/>
  <move id="143" source="G3" target="H3"/>
  <move id="144" source="D3" target="E3"/>
  <move id="145" source="F3" target="G3"/>
  <move id="146" source="E3" target="E4"/>
  <move id="147" source="F4" target="E4"/>
  <move id="148" source="F9" target="F8"/>
  <move id="149" source="F7" target="E7"/>
  <move id="150" source="E8" target="D8"/>
  <move id="151" source="H3" target="H4"/>
  <move id="152" source="B6" target="B7"/>
  <move id="153" source="H4" target="I4"/>
  <move id="154" source="B7" target="C7"/>
  <move id="155" source="I4" target="I5"/>
  <move id="156" source="C7" target="D7"/>
  <move id="157" source="E7" target="E6"/>
  <move id="158" source="D7" target="E7"/>
  <move id="159" source="E6" target="E5"/>
  <move id="160" source="E7" target="E6"/>
  <move id="161" source="I5" target="K5"/>
  <move id="162" source="E6" target="E5"/>
  <move id="163" source="K5" target="K6"/>
  <move id="164" source="F8" target="F7"/>
  <move id="165" source="K6" target="K7"/>
  <move id="166" source="H7" target="H8"/>
  <move id="167" source="H9" target="H8"/>
  <move id="168" source="D8" target="D7"/>
  <move id="169" source="D2" target="D3"/>
  <move id="170" source="D7" target="E7"/>
  <move id="171" source="G3" target="H3"/>
  <move id="172" source="A:" target="A9"/>
  <move id="173" source="H3" target="H4"/>
  <move id="174" source="A9" target="A8"/>
  <move id="175" source="H4" target="I4"/>
  <move id="176" source="A8" target="A7"/>
  <move id="177" source="I4" target="I5"/>
  <move id="178" source="K8" target="K7"/>
  <move id="179" source="I5" target="I6"/>
  <move id="180" source="F7" target="F6"/>
  <move id="181" source="I6" target="K6"/>
  <move id="182" source="K7" target="I7"/>
  <move id="183" source="K6" target="K7"/>
  <move id="184" source="I7" target="I6"/>
  <move id="185" source="K7" target="I7"/>
  <move id="186" source="I6" target="K6"/>
  <move id="187" source="I7" target="K7"/>
  <move id="188" source="K6" target="I6"/>
  <move id="189" source="K7" target="K6"/>
  <move id="190" source="I6" target="I5"/>
  <move id="191" source="G4" target="H4"/>
  <move id="192" source="F6" target="F5"/>
  <move id="193" source="H4" target="I4"/>
  <move id="194" source="F5" target="F4"/>
  <move id="195" source="I4" target="I5"/>
  <move id="196" source="F4" target="G4"/>
  <move id="197" source="I5" target="I6"/>
  <move id="198" source="G4" target="G3"/>
  <move id="199" source="I6" target="I7"/>
  <move id="200" source="A7" target="A6"/>
  <move id="201" source="K6" target="K7"/>
  <move id="202" source="E7" target="F7"/>
  <move id="203" source="K7" target="K8"/>
  <move id="204" source="F7" target="G7"/>
  <move id="205" source="I7" target="I8"/>
  <move id="206" source="G7" target="H7"/>
  <move id="207" source="K3" target="I3"/>
  <move id="208" source="H7" target="H8"/>
  <move id="209" source="I3" target="I9"/>
  <move id="210" source="G3" target="F3"/>
  <move id="211" source="D3" target="C3"/>
  <move id="212" source="F3" target="F2"/>
  <move id="213" source="C3" target="B3"/>
  <move id="214" source="F2" target="F1"/>
  <move id="215" source="B3" target="A3"/>
  <move id="216" source="F1" target="E1"/>
  <move id="217" source="E2" target="E1"/>
  <move id="218" source="C9" target="C8"/>
  <move id="219" source="A3" target="A4"/>
  <move id="220" source="C8" target="B8"/>
  <move id="221" source="A4" target="A5"/>
  <move id="222" source="A6" target="A7"/>
  <move id="223" source="A5" target="A6"/>
  <move id="224" source="A7" target="B7"/>
  <move id="225" source="A6" target="B6"/>
  <move id="226" source="B7" target="C7"/>
  <move id="227" source="B6" target="B7"/>
  <move id="228" source="B8" target="B7"/>
  <move id="229" source="E1" target="E2"/>
  <move id="230" source="C7" target="B7"/>
  <move id="231" source="E2" target="D2"/>
  <move id="232" source="B7" target="B6"/>
  <move id="233" source="D2" target="D3"/>
  <move id="234" source="B6" target="B5"/>
  <move id="235" source="B2" target="B3"/>
  <move id="236" source="B5" target="A5"/>
  <move id="237" source="D3" target="D4"/>
  <move id="238" source="H8" target="I8"/>
  <move id="239" source="K8" target="K9"/>
  <move id="240" source="I8" target="K8"/>
  <move id="241" source="K9" target="K:"/>
  <move id="242" source="K8" target="K9"/>
  <move id="243" source="K:" target="I:"/>
  <move id="244" source="K9" target="K:"/>
  <move id="245" source="I:" target="H:"/>
  <move id="246" source="K:" target="K9"/>
  <move id="247" source="D4" target="E4"/>
  <move id="248" source="K9" target="K8"/>
  <move id="249" source="E4" target="E5"/>
  <move id="250" source="K8" target="I8"/>
  <move id="251" source="E5" target="E6"/>
  <move id="252" source="I8" target="H8"/>
  <move id="253" source="E6" target="E7"/>
  <move id="254" source="H8" target="G8"/>
  <move id="255" source="E7" target="E8"/>
  <move id="256" source="G8" target="F8"/>
  <move id="257" source="E8" target="D8"/>
  <move id="258" source="F8" target="E8"/>
  <move id="259" source="D8" target="D9"/>
  <move id="260" source="E8" target="D8"/>
  <move id="261" source="D9" target="D:"/>
  <move id="262" source="E:" target="D:"/>
  <move id="263" source="I2" target="I3"/>
  <move id="264" source="D8" target="D7"/>
  <move id="265" source="I3" target="I4"/>
  <move id="266" source="D7" target="E7"/>
  <move id="267" source="I4" target="I5"/>
  <move id="268" source="E7" target="F7"/>
  <move id="269" source="B3" target="C3"/>
  <move id="270" source="A5" target="A4"/>
  <move id="271" source="C3" target="D3"/>
  <move id="272" source="A4" target="B4"/>
  <move id="273" source="D3" target="E3"/>
  <move id="274" source="B4" target="C4"/>
  <move id="275" source="E3" target="E4"/>
  <move id="276" source="C4" target="C3"/>
  <move id="277" source="A1" target="A2"/>
  <move id="278" source="C3" target="D3"/>
  <move id="279" source="A2" target="A3"/>
  <move id="280" source="D3" target="D2"/>
  <move id="281" source="E4" target="E5"/>
  <move id="282" source="D2" target="E2"/>
  <move id="283" source="A3" target="A4"/>
  <move id="284" source="E2" target="F2"/>
  <move id="285" source="I5" target="I6"/>
  <move id="286" source="F2" target="G2"/>
  <move id="287" source="A4" target="A5"/>
  <move id="288" source="G2" target="G1"/>
  <move id="289" source="A5" target="A6"/>
  <move id="290" source="F7" target="E7"/>
  <move id="291" source="I6" target="I7"/>
  <move id="292" source="G1" target="H1"/>
  <move id="293" source="A6" target="A7"/>
  <move id="294" source="E7" target="E6"/>
  <move id="295" source="E5" target="F5"/>
  <move id="296" source="C:" target="C9"/>
  <move id="297" source="I7" target="H7"/>
  <move id="298" source="C9" target="C8"/>
  <move id="299" source="H7" target="G7"/>
  <move id="300" source="E6" target="E7"/>
  <move id="301" source="F5" target="F6"/>
  <move id="302" source="E7" target="F7"/>
  <move id="303" source="F6" target="E6"/>
  <move id="304" source="F7" target="E7"/>
  <move id="305" source="E6" target="F6"/>
  <move id="306" source="E7" target="F7"/>
  <move id="307" source="F6" target="F5"/>
  <move id="308" source="F7" target="G7"/>
  <move id="309" source="A7" target="A8"/>
  <move id="310" source="C8" target="C7"/>
  <move id="311" source="A8" target="A9"/>
  <move id="312" source="C7" target="B7"/>
  <move id="313" source="A9" target="A:"/>
  <move id="314" source="G7" target="F7"/>
  <move id="315" source="A:" target="B:"/>
  <player id="1">Player 1</player>
  <player id="2">Player 2</player>
  <result type="1" winner="1"/>
 </game>
</stratego>