<?xml version="1.0" encoding="UTF-8"?>
<stratego>
 <game type="barrage">
  
  <field content="MDAAAAAAAABAAAAAAAAAAAAAAAAAAAELADCKAAAAAA__AA__AAAA__AA__AAAQAAXOAAWAPAAAAAAAAPAAAAAAAAAAAAAYAANAAA"/>
  <move id="1" source="A4" target="A5"/>
  <move id="2" source="B7" target="B6"/>
  <move id="3" source="A5" target="A6"/>
  <move id="4" source="B6" target="B5"/>
  <move id="5" source="B4" target="B5"/>
  <move id="6" source="A8" target="A6"/>
  <move id="7" source="B5" target="B6"/>
  <move id="8" source="E7" target="E6"/>
  <move id="9" source="B6" target="B7"/>
  <move id="10" source="E6" target="E5"/>
  <player id="1">Player 1</player>
  <player id="2">Player 2</player>
  <result type="3" winner="1"/>
 </game>
</stratego>