<?xml version="1.0" encoding="UTF-8"?>
<stratego>
 <game type="barrage">
  
  <field content="AAADMBDAAAAAALCKEAAAAAAAAAAAAAAAAAAAAAAAAA__AA__AAAA__AA__AAAAAAAAAAXNAAAAAAAAWOAAAAAAAAPPAAAAAAAAQY"/>
  <move id="1" source="D2" target="D3"/>
  <move id="2" source="I9" target="H9"/>
  <move id="3" source="D3" target="E3"/>
  <move id="4" source="H9" target="G9"/>
  <move id="5" source="E3" target="E4"/>
  <move id="6" source="G9" target="G8"/>
  <move id="7" source="E4" target="E5"/>
  <move id="8" source="G8" target="F8"/>
  <move id="9" source="F2" target="F3"/>
  <move id="10" source="F8" target="F7"/>
  <move id="11" source="F3" target="F4"/>
  <move id="12" source="F7" target="E7"/>
  <move id="13" source="E5" target="F5"/>
  <move id="14" source="E7" target="F7"/>
  <move id="15" source="F5" target="E5"/>
  <move id="16" source="F7" target="E7"/>
  <move id="17" source="E5" target="F5"/>
  <move id="18" source="E7" target="E6"/>
  <move id="19" source="F4" target="E4"/>
  <move id="20" source="E6" target="F6"/>
  <move id="21" source="F5" target="F6"/>
  <move id="22" source="I7" target="I6"/>
  <move id="23" source="E4" target="F4"/>
  <move id="24" source="I6" target="I5"/>
  <move id="25" source="F4" target="G4"/>
  <move id="26" source="I5" target="I4"/>
  <move id="27" source="G4" target="H4"/>
  <move id="28" source="I4" target="H4"/>
  <move id="29" source="F6" target="F7"/>
  <move id="30" source="I8" target="H8"/>
  <move id="31" source="F7" target="F6"/>
  <move id="32" source="H4" target="G4"/>
  <move id="33" source="F6" target="F5"/>
  <move id="34" source="H8" target="H7"/>
  <move id="35" source="F5" target="E5"/>
  <move id="36" source="G4" target="F4"/>
  <move id="37" source="G2" target="G3"/>
  <move id="38" source="H7" target="G7"/>
  <move id="39" source="E2" target="E3"/>
  <move id="40" source="G7" target="F7"/>
  <move id="41" source="G3" target="F3"/>
  <move id="42" source="F4" target="G4"/>
  <move id="43" source="E5" target="E4"/>
  <move id="44" source="F7" target="F6"/>
  <move id="45" source="E3" target="E2"/>
  <move id="46" source="F6" target="F5"/>
  <move id="47" source="F3" target="F2"/>
  <move id="48" source="G4" target="G3"/>
  <move id="49" source="E2" target="E3"/>
  <move id="50" source="G3" target="G4"/>
  <move id="51" source="F2" target="F3"/>
  <move id="52" source="G4" target="H4"/>
  <move id="53" source="E3" target="E2"/>
  <move id="54" source="H4" target="H3"/>
  <move id="55" source="G1" target="G2"/>
  <move id="56" source="H3" target="H4"/>
  <move id="57" source="G2" target="G3"/>
  <move id="58" source="H4" target="I4"/>
  <move id="59" source="F3" target="F2"/>
  <move id="60" source="I4" target="I5"/>
  <move id="61" source="E4" target="F4"/>
  <move id="62" source="F5" target="E5"/>
  <move id="63" source="F4" target="E4"/>
  <move id="64" source="E5" target="F5"/>
  <move id="65" source="F2" target="F3"/>
  <move id="66" source="F5" target="F6"/>
  <move id="67" source="F3" target="F4"/>
  <move id="68" source="I5" target="I6"/>
  <move id="69" source="E4" target="E5"/>
  <move id="70" source="I6" target="I7"/>
  <move id="71" source="E5" target="F5"/>
  <move id="72" source="F6" target="E6"/>
  <move id="73" source="F4" target="G4"/>
  <move id="74" source="I7" target="H7"/>
  <move id="75" source="G4" target="H4"/>
  <move id="76" source="H7" target="H8"/>
  <move id="77" source="H4" target="I4"/>
  <move id="78" source="H8" target="H7"/>
  <move id="79" source="I4" target="I5"/>
  <move id="80" source="H7" target="I7"/>
  <move id="81" source="I5" target="K5"/>
  <move id="82" source="I7" target="I6"/>
  <move id="83" source="F5" target="E5"/>
  <move id="84" source="E6" target="F6"/>
  <move id="85" source="G3" target="F3"/>
  <move id="86" source="K9" target="I9"/>
  <move id="87" source="F3" target="E3"/>
  <move id="88" source="I9" target="I8"/>
  <move id="89" source="E3" target="D3"/>
  <move id="90" source="I8" target="H8"/>
  <move id="91" source="D3" target="C3"/>
  <move id="92" source="H8" target="G8"/>
  <move id="93" source="C3" target="B3"/>
  <move id="94" source="G8" target="F8"/>
  <move id="95" source="B3" target="B4"/>
  <move id="96" source="F8" target="E8"/>
  <move id="97" source="B4" target="B5"/>
  <move id="98" source="F6" target="F7"/>
  <move id="99" source="E5" target="F5"/>
  <move id="100" source="E8" target="F8"/>
  <move id="101" source="F5" target="F6"/>
  <move id="102" source="F7" target="E7"/>
  <move id="103" source="F6" target="E6"/>
  <move id="104" source="E7" target="D7"/>
  <move id="105" source="B5" target="B4"/>
  <move id="106" source="D7" target="C7"/>
  <move id="107" source="E6" target="E7"/>
  <move id="108" source="C7" target="B7"/>
  <move id="109" source="B4" target="C4"/>
  <move id="110" source="B7" target="B6"/>
  <move id="111" source="C4" target="D4"/>
  <move id="112" source="B6" target="B5"/>
  <move id="113" source="D4" target="E4"/>
  <move id="114" source="B5" target="B4"/>
  <move id="115" source="E4" target="F4"/>
  <move id="116" source="B4" target="C4"/>
  <move id="117" source="F4" target="F8"/>
  <move id="118" source="C4" target="D4"/>
  <move id="119" source="E7" target="E6"/>
  <move id="120" source="D4" target="E4"/>
  <move id="121" source="E6" target="E5"/>
  <move id="122" source="E4" target="E3"/>
  <move id="123" source="E2" target="F2"/>
  <move id="124" source="E3" target="E2"/>
  <move id="125" source="F2" target="F3"/>
  <move id="126" source="E2" target="E1"/>
  <player id="1">Player 1</player>
  <player id="2">Player 2</player>
  <result type="1" winner="2"/>
 </game>
</stratego>