<?xml version="1.0" encoding="UTF-8"?>
<stratego>
 <game type="barrage">
  
  <field content="AAAAAAAAKMAAAAAAAAADAAAAAAAAAAABAADCAALEAA__AA__AAAA__AA__AAAWAAXOAAQAPAAAAAAAAAAAAAAAAAAPAAANAAYAAA"/>
  <move id="1" source="F4" target="F5"/>
  <move id="2" source="B7" target="B6"/>
  <move id="3" source="F5" target="F6"/>
  <move id="4" source="F7" target="F6"/>
  <move id="5" source="I4" target="I5"/>
  <move id="6" source="B6" target="B5"/>
  <move id="7" source="I5" target="I6"/>
  <move id="8" source="B5" target="B4"/>
  <move id="9" source="I6" target="I7"/>
  <move id="10" source="E7" target="E6"/>
  <move id="11" source="E4" target="F4"/>
  <move id="12" source="E6" target="E5"/>
  <move id="13" source="F4" target="F:"/>
  <move id="14" source="E5" target="F5"/>
  <move id="15" source="I7" target="I6"/>
  <move id="16" source="F5" target="F4"/>
  <move id="17" source="I6" target="I5"/>
  <move id="18" source="F4" target="F3"/>
  <move id="19" source="I5" target="I4"/>
  <move id="20" source="F3" target="G3"/>
  <move id="21" source="I4" target="I3"/>
  <move id="22" source="G3" target="G2"/>
  <move id="23" source="I3" target="H3"/>
  <move id="24" source="G2" target="G1"/>
  <move id="25" source="H3" target="H2"/>
  <move id="26" source="K9" target="I9"/>
  <move id="27" source="K4" target="I4"/>
  <move id="28" source="I9" target="H9"/>
  <move id="29" source="I4" target="I5"/>
  <move id="30" source="H9" target="I9"/>
  <move id="31" source="I5" target="I6"/>
  <move id="32" source="I9" target="E9"/>
  <move id="33" source="I6" target="I7"/>
  <move id="34" source="E9" target="E4"/>
  <move id="35" source="I7" target="I8"/>
  <move id="36" source="E4" target="I4"/>
  <move id="37" source="I8" target="I9"/>
  <move id="38" source="I4" target="I1"/>
  <move id="39" source="I9" target="I:"/>
  <move id="40" source="G1" target="H1"/>
  <move id="41" source="H2" target="H1"/>
  <move id="42" source="A8" target="K8"/>
  <move id="43" source="F:" target="D:"/>
  <move id="44" source="K8" target="K2"/>
  <player id="1">Player 1</player>
  <player id="2">Player 2</player>
  <result type="0" winner="1"/>
 </game>
</stratego>