<?xml version="1.0" encoding="UTF-8"?>
<stratego>
 <game type="barrage">
  
  <field content="MDAAAAAAAADAAAAAAAAAAAAAAAAAAAELAABKCAAAAA__AA__AAAA__AA__AAAXAAAQAAWPAAAAAAAAAAPAAAAAAAAAAAAOYANAAA"/>
  <move id="1" source="B4" target="B5"/>
  <move id="2" source="I7" target="I6"/>
  <move id="3" source="A4" target="A5"/>
  <move id="4" source="I6" target="I5"/>
  <move id="5" source="A5" target="A6"/>
  <move id="6" source="I5" target="I4"/>
  <move id="7" source="A6" target="B6"/>
  <move id="8" source="I4" target="H4"/>
  <move id="9" source="G4" target="H4"/>
  <move id="10" source="B7" target="B6"/>
  <move id="11" source="F4" target="F5"/>
  <move id="12" source="B6" target="B5"/>
  <move id="13" source="F5" target="F6"/>
  <move id="14" source="H4" target="G4"/>
  <move id="15" source="F6" target="F7"/>
  <move id="16" source="G4" target="F4"/>
  <move id="17" source="F7" target="F8"/>
  <move id="18" source="F4" target="F3"/>
  <move id="19" source="F8" target="F9"/>
  <move id="20" source="F3" target="E3"/>
  <move id="21" source="F9" target="F:"/>
  <move id="22" source="E3" target="D3"/>
  <move id="23" source="F:" target="G:"/>
  <move id="24" source="K7" target="B7"/>
  <move id="25" source="A2" target="B2"/>
  <move id="26" source="B7" target="B2"/>
  <move id="27" source="B1" target="B:"/>
  <move id="28" source="A9" target="A1"/>
  <player id="1">Player 1</player>
  <player id="2">Player 2</player>
  <result type="1" winner="2"/>
 </game>
</stratego>