<?xml version="1.0" encoding="UTF-8"?>
<stratego>
 <game type="barrage">
  
  <field content="AAAAAAAADBAAAAAAAADMAAAAAAAAAAAAAAKCAALEAA__AA__AAAA__AA__AAPPAAWAAAXQAAAAAAAAAAAAAAAAAAAAAAAYAONAAA"/>
  <move id="1" source="E4" target="E5"/>
  <move id="2" source="B7" target="C7"/>
  <move id="3" source="E5" target="E6"/>
  <move id="4" source="C7" target="D7"/>
  <move id="5" source="I4" target="I5"/>
  <move id="6" source="E7" target="F7"/>
  <move id="7" source="E6" target="F6"/>
  <move id="8" source="D7" target="E7"/>
  <move id="9" source="F4" target="F5"/>
  <move id="10" source="F7" target="G7"/>
  <move id="11" source="K4" target="K5"/>
  <move id="12" source="G7" target="H7"/>
  <move id="13" source="K5" target="K6"/>
  <move id="14" source="H7" target="H8"/>
  <move id="15" source="K6" target="K7"/>
  <move id="16" source="I7" target="H7"/>
  <move id="17" source="I5" target="K5"/>
  <move id="18" source="H7" target="G7"/>
  <move id="19" source="I2" target="I3"/>
  <move id="20" source="H8" target="I8"/>
  <move id="21" source="I3" target="I8"/>
  <move id="22" source="I8" target="I7"/>
  <move id="23" source="K5" target="K6"/>
  <move id="24" source="I7" target="I6"/>
  <move id="25" source="K6" target="I6"/>
  <move id="26" source="E7" target="E5"/>
  <move id="27" source="I6" target="I7"/>
  <move id="28" source="E5" target="F5"/>
  <move id="29" source="F6" target="F5"/>
  <move id="30" source="G7" target="F7"/>
  <move id="31" source="F5" target="E5"/>
  <move id="32" source="F7" target="F6"/>
  <move id="33" source="I7" target="I6"/>
  <move id="34" source="F6" target="F5"/>
  <move id="35" source="E5" target="E6"/>
  <move id="36" source="F5" target="F4"/>
  <move id="37" source="I6" target="I5"/>
  <move id="38" source="F4" target="G4"/>
  <move id="39" source="I5" target="I4"/>
  <move id="40" source="G4" target="G3"/>
  <move id="41" source="I4" target="I3"/>
  <move id="42" source="G3" target="G2"/>
  <move id="43" source="I3" target="H3"/>
  <move id="44" source="G2" target="G1"/>
  <move id="45" source="H3" target="H2"/>
  <move id="46" source="F:" target="F9"/>
  <move id="47" source="E6" target="E7"/>
  <move id="48" source="F9" target="F8"/>
  <move id="49" source="I1" target="I2"/>
  <move id="50" source="F8" target="G8"/>
  <move id="51" source="E7" target="E8"/>
  <move id="52" source="G8" target="H8"/>
  <move id="53" source="I2" target="I:"/>
  <move id="54" source="G1" target="H1"/>
  <move id="55" source="H2" target="H1"/>
  <move id="56" source="A7" target="A1"/>
  <move id="57" source="I:" target="I1"/>
  <move id="58" source="A1" target="I1"/>
  <move id="59" source="E8" target="F8"/>
  <move id="60" source="H8" target="I8"/>
  <move id="61" source="F8" target="F9"/>
  <move id="62" source="I8" target="I7"/>
  <move id="63" source="F9" target="F:"/>
  <move id="64" source="I7" target="I6"/>
  <move id="65" source="F:" target="E:"/>
  <move id="66" source="I6" target="I5"/>
  <move id="67" source="E:" target="D:"/>
  <player id="1">Player 1</player>
  <player id="2">Player 2</player>
  <result type="1" winner="1"/>
 </game>
</stratego>