<?xml version="1.0" encoding="UTF-8"?>
<stratego>
 <game type="classic">
  
  <field content="MIFBFBFBEDKHJCEBGEFBIDLJHDEDHBGHDEDGDIGDAA__AA__AAAA__AA__AAPPNUSPQWSNPRTXPSVOVRQNPSTUTTUNPNRNQPRYQQ"/>
  <move id="1" source="I4" target="I5"/>
  <move id="2" source="A7" target="A6"/>
  <move id="3" source="H4" target="I4"/>
  <move id="4" source="A6" target="A5"/>
  <move id="5" source="I5" target="I6"/>
  <move id="6" source="A5" target="A4"/>
  <move id="7" source="I4" target="I5"/>
  <move id="8" source="B7" target="B6"/>
  <move id="9" source="I5" target="K5"/>
  <move id="10" source="B6" target="B5"/>
  <move id="11" source="K5" target="K6"/>
  <move id="12" source="B5" target="B4"/>
  <move id="13" source="K6" target="K7"/>
  <move id="14" source="F7" target="F6"/>
  <move id="15" source="I6" target="I7"/>
  <move id="16" source="F6" target="F5"/>
  <move id="17" source="I3" target="I4"/>
  <move id="18" source="H7" target="I7"/>
  <move id="19" source="I4" target="I5"/>
  <move id="20" source="H8" target="H7"/>
  <move id="21" source="I5" target="I6"/>
  <move id="22" source="F5" target="F4"/>
  <move id="23" source="H3" target="H4"/>
  <move id="24" source="E7" target="F7"/>
  <move id="25" source="G3" target="H3"/>
  <move id="26" source="F7" target="F6"/>
  <move id="27" source="H3" target="I3"/>
  <move id="28" source="F6" target="F5"/>
  <move id="29" source="I3" target="I4"/>
  <move id="30" source="E8" target="E7"/>
  <move id="31" source="I4" target="I5"/>
  <move id="32" source="E7" target="F7"/>
  <move id="33" source="I5" target="K5"/>
  <move id="34" source="F7" target="F6"/>
  <move id="35" source="K5" target="K6"/>
  <move id="36" source="F8" target="F7"/>
  <move id="37" source="K6" target="K7"/>
  <move id="38" source="K8" target="K7"/>
  <move id="39" source="I6" target="K6"/>
  <move id="40" source="K7" target="K6"/>
  <move id="41" source="K6" target="I6"/>
  <move id="42" source="I7" target="I6"/>
  <move id="43" source="G4" target="G3"/>
  <move id="44" source="H7" target="H8"/>
  <move id="45" source="G3" target="H3"/>
  <move id="46" source="G7" target="H7"/>
  <move id="47" source="H3" target="I3"/>
  <move id="48" source="H7" target="I7"/>
  <move id="49" source="K4" target="K9"/>
  <move id="50" source="I7" target="K7"/>
  <move id="51" source="I3" target="I4"/>
  <move id="52" source="I6" target="I7"/>
  <move id="53" source="I4" target="I5"/>
  <move id="54" source="H8" target="H7"/>
  <move id="55" source="I5" target="I6"/>
  <move id="56" source="F7" target="E7"/>
  <move id="57" source="F3" target="G3"/>
  <move id="58" source="K7" target="K6"/>
  <move id="59" source="I6" target="I5"/>
  <move id="60" source="E7" target="E6"/>
  <move id="61" source="G3" target="G4"/>
  <move id="62" source="D8" target="E8"/>
  <move id="63" source="E3" target="F3"/>
  <move id="64" source="E8" target="F8"/>
  <move id="65" source="F3" target="G3"/>
  <move id="66" source="F8" target="F7"/>
  <move id="67" source="G3" target="H3"/>
  <move id="68" source="F7" target="E7"/>
  <move id="69" source="H3" target="I3"/>
  <move id="70" source="F6" target="F7"/>
  <move id="71" source="I3" target="I4"/>
  <move id="72" source="F7" target="G7"/>
  <move id="73" source="I4" target="K4"/>
  <move id="74" source="K6" target="I6"/>
  <move id="75" source="K4" target="K5"/>
  <move id="76" source="I6" target="I5"/>
  <move id="77" source="K5" target="I5"/>
  <move id="78" source="I8" target="H8"/>
  <move id="79" source="G4" target="G3"/>
  <move id="80" source="I7" target="I6"/>
  <move id="81" source="I5" target="I4"/>
  <move id="82" source="H8" target="I8"/>
  <move id="83" source="I4" target="I3"/>
  <move id="84" source="H7" target="H8"/>
  <move id="85" source="I3" target="H3"/>
  <move id="86" source="G7" target="H7"/>
  <move id="87" source="H4" target="I4"/>
  <move id="88" source="H7" target="I7"/>
  <move id="89" source="I4" target="I5"/>
  <move id="90" source="I7" target="K7"/>
  <move id="91" source="I5" target="K5"/>
  <move id="92" source="I6" target="I7"/>
  <move id="93" source="D3" target="E3"/>
  <move id="94" source="E6" target="F6"/>
  <move id="95" source="E3" target="F3"/>
  <move id="96" source="F6" target="F7"/>
  <move id="97" source="G3" target="G4"/>
  <move id="98" source="F7" target="G7"/>
  <move id="99" source="F3" target="G3"/>
  <move id="100" source="G7" target="H7"/>
  <move id="101" source="H3" target="H4"/>
  <move id="102" source="I7" target="I6"/>
  <move id="103" source="G3" target="H3"/>
  <move id="104" source="K7" target="K6"/>
  <move id="105" source="K5" target="K4"/>
  <move id="106" source="H7" target="I7"/>
  <move id="107" source="H3" target="I3"/>
  <move id="108" source="I7" target="K7"/>
  <move id="109" source="I3" target="I4"/>
  <move id="110" source="I6" target="I7"/>
  <move id="111" source="I4" target="I5"/>
  <move id="112" source="K7" target="K8"/>
  <move id="113" source="K4" target="I4"/>
  <move id="114" source="K6" target="K7"/>
  <move id="115" source="I5" target="K5"/>
  <move id="116" source="H8" target="H7"/>
  <move id="117" source="I4" target="I5"/>
  <move id="118" source="G8" target="G7"/>
  <move id="119" source="H4" target="H3"/>
  <move id="120" source="D9" target="D8"/>
  <move id="121" source="H3" target="G3"/>
  <move id="122" source="D8" target="E8"/>
  <move id="123" source="G3" target="F3"/>
  <move id="124" source="E7" target="E6"/>
  <move id="125" source="F3" target="E3"/>
  <move id="126" source="E6" target="F6"/>
  <move id="127" source="F4" target="F3"/>
  <move id="128" source="E8" target="F8"/>
  <move id="129" source="F3" target="G3"/>
  <move id="130" source="F8" target="G8"/>
  <move id="131" source="G3" target="H3"/>
  <move id="132" source="F5" target="F4"/>
  <move id="133" source="H3" target="H4"/>
  <move id="134" source="F6" target="F5"/>
  <move id="135" source="K5" target="K4"/>
  <move id="136" source="G8" target="F8"/>
  <move id="137" source="K4" target="I4"/>
  <move id="138" source="F8" target="F7"/>
  <move id="139" source="I4" target="I3"/>
  <move id="140" source="F7" target="F6"/>
  <move id="141" source="I3" target="H3"/>
  <move id="142" source="I8" target="H8"/>
  <move id="143" source="H3" target="G3"/>
  <move id="144" source="H8" target="G8"/>
  <move id="145" source="G3" target="F3"/>
  <move id="146" source="G8" target="F8"/>
  <move id="147" source="F3" target="F4"/>
  <move id="148" source="F5" target="F4"/>
  <move id="149" source="G4" target="G3"/>
  <move id="150" source="F4" target="F5"/>
  <move id="151" source="H4" target="G4"/>
  <move id="152" source="F8" target="E8"/>
  <move id="153" source="E3" target="F3"/>
  <move id="154" source="F5" target="E5"/>
  <move id="155" source="F3" target="F4"/>
  <move id="156" source="F6" target="F5"/>
  <move id="157" source="G3" target="F3"/>
  <move id="158" source="E8" target="F8"/>
  <move id="159" source="A4" target="A5"/>
  <move id="160" source="F8" target="F7"/>
  <move id="161" source="A5" target="A6"/>
  <move id="162" source="C9" target="D9"/>
  <move id="163" source="A6" target="A7"/>
  <move id="164" source="D9" target="D8"/>
  <move id="165" source="A7" target="B7"/>
  <move id="166" source="D8" target="E8"/>
  <move id="167" source="B4" target="A4"/>
  <move id="168" source="E8" target="F8"/>
  <move id="169" source="B7" target="A7"/>
  <move id="170" source="F8" target="G8"/>
  <move id="171" source="B3" target="B7"/>
  <move id="172" source="G8" target="H8"/>
  <move id="173" source="B7" target="C7"/>
  <move id="174" source="H8" target="I8"/>
  <move id="175" source="C4" target="B4"/>
  <move id="176" source="K7" target="K6"/>
  <move id="177" source="B4" target="B8"/>
  <move id="178" source="K6" target="I6"/>
  <move id="179" source="I5" target="I4"/>
  <move id="180" source="K8" target="K7"/>
  <move id="181" source="I4" target="H4"/>
  <move id="182" source="I8" target="K8"/>
  <move id="183" source="A4" target="B4"/>
  <move id="184" source="F7" target="F8"/>
  <move id="185" source="B4" target="B5"/>
  <move id="186" source="F8" target="G8"/>
  <move id="187" source="B5" target="B6"/>
  <move id="188" source="G8" target="H8"/>
  <move id="189" source="B6" target="B7"/>
  <move id="190" source="H8" target="I8"/>
  <move id="191" source="A3" target="A4"/>
  <move id="192" source="A8" target="A7"/>
  <move id="193" source="A7" target="A6"/>
  <move id="194" source="F5" target="F4"/>
  <move id="195" source="A6" target="A5"/>
  <move id="196" source="E9" target="E8"/>
  <move id="197" source="A4" target="A3"/>
  <move id="198" source="E8" target="F8"/>
  <move id="199" source="A3" target="B3"/>
  <move id="200" source="F8" target="F7"/>
  <move id="201" source="F3" target="G3"/>
  <move id="202" source="E5" target="F5"/>
  <move id="203" source="F4" target="F3"/>
  <move id="204" source="F5" target="E5"/>
  <move id="205" source="F3" target="E3"/>
  <move id="206" source="E:" target="E9"/>
  <move id="207" source="A5" target="A4"/>
  <move id="208" source="E9" target="E8"/>
  <move id="209" source="A4" target="B4"/>
  <move id="210" source="E5" target="F5"/>
  <move id="211" source="B4" target="C4"/>
  <move id="212" source="E8" target="E7"/>
  <move id="213" source="D4" target="D3"/>
  <move id="214" source="F7" target="F8"/>
  <move id="215" source="C4" target="D4"/>
  <move id="216" source="E7" target="E6"/>
  <move id="217" source="C3" target="C4"/>
  <move id="218" source="E6" target="E5"/>
  <move id="219" source="B3" target="A3"/>
  <move id="220" source="F5" target="F6"/>
  <move id="221" source="A3" target="A4"/>
  <move id="222" source="F6" target="E6"/>
  <move id="223" source="A4" target="A5"/>
  <move id="224" source="F8" target="E8"/>
  <move id="225" source="A5" target="A6"/>
  <move id="226" source="E8" target="E9"/>
  <move id="227" source="A6" target="A7"/>
  <move id="228" source="E9" target="E:"/>
  <move id="229" source="A7" target="A8"/>
  <move id="230" source="B8" target="B7"/>
  <move id="231" source="B7" target="B6"/>
  <move id="232" source="A9" target="A8"/>
  <move id="233" source="B6" target="B5"/>
  <move id="234" source="I8" target="H8"/>
  <move id="235" source="B5" target="B4"/>
  <move id="236" source="H8" target="G8"/>
  <move id="237" source="B4" target="B3"/>
  <move id="238" source="G8" target="F8"/>
  <move id="239" source="C4" target="C3"/>
  <move id="240" source="F8" target="E8"/>
  <move id="241" source="D4" target="C4"/>
  <move id="242" source="E8" target="E9"/>
  <move id="243" source="C4" target="B4"/>
  <move id="244" source="E5" target="F5"/>
  <move id="245" source="B4" target="A4"/>
  <move id="246" source="F5" target="F4"/>
  <move id="247" source="A4" target="A3"/>
  <move id="248" source="F4" target="G4"/>
  <move id="249" source="E4" target="B4"/>
  <move id="250" source="E9" target="D9"/>
  <move id="251" source="D3" target="D4"/>
  <move id="252" source="D9" target="C9"/>
  <move id="253" source="B4" target="B8"/>
  <move id="254" source="E:" target="E9"/>
  <move id="255" source="D4" target="E4"/>
  <move id="256" source="E9" target="E8"/>
  <move id="257" source="G3" target="F3"/>
  <move id="258" source="E8" target="F8"/>
  <move id="259" source="F3" target="F4"/>
  <move id="260" source="F:" target="E:"/>
  <move id="261" source="E3" target="D3"/>
  <move id="262" source="F8" target="F7"/>
  <move id="263" source="D3" target="D4"/>
  <move id="264" source="F7" target="F6"/>
  <move id="265" source="C3" target="C4"/>
  <move id="266" source="F6" target="F5"/>
  <move id="267" source="C2" target="C3"/>
  <move id="268" source="F5" target="E5"/>
  <move id="269" source="C3" target="D3"/>
  <move id="270" source="E:" target="E9"/>
  <move id="271" source="D3" target="E3"/>
  <move id="272" source="E9" target="E8"/>
  <move id="273" source="E3" target="F3"/>
  <move id="274" source="E8" target="F8"/>
  <move id="275" source="B8" target="C8"/>
  <move id="276" source="F8" target="G8"/>
  <move id="277" source="B3" target="C3"/>
  <move id="278" source="G8" target="H8"/>
  <move id="279" source="A3" target="B3"/>
  <move id="280" source="H8" target="I8"/>
  <move id="281" source="A2" target="A3"/>
  <move id="282" source="H7" target="H8"/>
  <move id="283" source="A3" target="A4"/>
  <move id="284" source="I7" target="H7"/>
  <move id="285" source="A4" target="A5"/>
  <move id="286" source="I6" target="I7"/>
  <move id="287" source="A5" target="B5"/>
  <move id="288" source="E6" target="E7"/>
  <move id="289" source="B5" target="B6"/>
  <move id="290" source="E5" target="E6"/>
  <move id="291" source="B6" target="B7"/>
  <move id="292" source="E7" target="E8"/>
  <move id="293" source="B7" target="B8"/>
  <move id="294" source="E6" target="E7"/>
  <move id="295" source="A8" target="A7"/>
  <move id="296" source="E7" target="F7"/>
  <move id="297" source="A7" target="A6"/>
  <move id="298" source="E8" target="E7"/>
  <move id="299" source="A6" target="A5"/>
  <move id="300" source="F7" target="F8"/>
  <move id="301" source="F3" target="G3"/>
  <move id="302" source="A:" target="A8"/>
  <move id="303" source="B8" target="B7"/>
  <move id="304" source="F8" target="E8"/>
  <move id="305" source="B3" target="A3"/>
  <move id="306" source="E8" target="E9"/>
  <move id="307" source="G3" target="H3"/>
  <move id="308" source="E9" target="E:"/>
  <move id="309" source="H3" target="I3"/>
  <move id="310" source="I7" target="I3"/>
  <move id="311" source="I3" target="H3"/>
  <move id="312" source="E:" target="F:"/>
  <move id="313" source="H3" target="G3"/>
  <move id="314" source="G9" target="G8"/>
  <move id="315" source="C3" target="C2"/>
  <move id="316" source="G8" target="F8"/>
  <move id="317" source="F4" target="F3"/>
  <move id="318" source="F8" target="F7"/>
  <move id="319" source="E4" target="F4"/>
  <move id="320" source="F7" target="F6"/>
  <move id="321" source="D4" target="E4"/>
  <move id="322" source="F6" target="F5"/>
  <move id="323" source="C4" target="D4"/>
  <move id="324" source="E7" target="E6"/>
  <move id="325" source="D2" target="D3"/>
  <move id="326" source="F5" target="E5"/>
  <move id="327" source="D3" target="E3"/>
  <move id="328" source="E5" target="E4"/>
  <move id="329" source="F4" target="E4"/>
  <move id="330" source="E6" target="E5"/>
  <move id="331" source="F3" target="F4"/>
  <move id="332" source="H9" target="G9"/>
  <move id="333" source="A5" target="A4"/>
  <move id="334" source="G9" target="G8"/>
  <move id="335" source="A3" target="B3"/>
  <move id="336" source="G8" target="F8"/>
  <move id="337" source="B3" target="B4"/>
  <move id="338" source="F8" target="F7"/>
  <move id="339" source="B4" target="B5"/>
  <move id="340" source="F7" target="F6"/>
  <move id="341" source="G3" target="F3"/>
  <move id="342" source="F6" target="F5"/>
  <move id="343" source="B5" target="A5"/>
  <move id="344" source="F5" target="F4"/>
  <move id="345" source="F3" target="F4"/>
  <move id="346" source="I8" target="I4"/>
  <move id="347" source="F4" target="F3"/>
  <move id="348" source="I4" target="H4"/>
  <move id="349" source="I2" target="I3"/>
  <move id="350" source="K8" target="I8"/>
  <move id="351" source="I3" target="H3"/>
  <move id="352" source="I8" target="I7"/>
  <move id="353" source="H3" target="G3"/>
  <move id="354" source="I7" target="I6"/>
  <move id="355" source="G4" target="F4"/>
  <move id="356" source="I6" target="I5"/>
  <move id="357" source="G3" target="G4"/>
  <move id="358" source="I5" target="I4"/>
  <move id="359" source="F3" target="G3"/>
  <move id="360" source="I4" target="I5"/>
  <move id="361" source="G3" target="H3"/>
  <move id="362" source="I5" target="I6"/>
  <move id="363" source="H3" target="H4"/>
  <move id="364" source="K7" target="K8"/>
  <move id="365" source="G4" target="G3"/>
  <move id="366" source="I6" target="I7"/>
  <move id="367" source="G3" target="H3"/>
  <move id="368" source="I7" target="K7"/>
  <move id="369" source="H3" target="I3"/>
  <move id="370" source="H7" target="I7"/>
  <move id="371" source="I3" target="I4"/>
  <move id="372" source="H8" target="H7"/>
  <move id="373" source="I4" target="I5"/>
  <move id="374" source="G:" target="G9"/>
  <move id="375" source="H4" target="I4"/>
  <move id="376" source="G9" target="G8"/>
  <move id="377" source="B7" target="B8"/>
  <move id="378" source="A8" target="B8"/>
  <move id="379" source="B8" target="C8"/>
  <move id="380" source="C9" target="D9"/>
  <move id="381" source="C8" target="D8"/>
  <move id="382" source="D9" target="E9"/>
  <move id="383" source="D8" target="E8"/>
  <move id="384" source="E9" target="D9"/>
  <move id="385" source="E8" target="F8"/>
  <move id="386" source="I7" target="I8"/>
  <move id="387" source="F8" target="G8"/>
  <move id="388" source="G7" target="F7"/>
  <move id="389" source="G8" target="G7"/>
  <move id="390" source="F7" target="F6"/>
  <move id="391" source="G7" target="H7"/>
  <move id="392" source="E5" target="E6"/>
  <move id="393" source="H7" target="G7"/>
  <move id="394" source="E6" target="E7"/>
  <move id="395" source="E3" target="F3"/>
  <move id="396" source="F6" target="F7"/>
  <move id="397" source="F4" target="F5"/>
  <move id="398" source="F7" target="F8"/>
  <move id="399" source="F5" target="F6"/>
  <move id="400" source="I8" target="H8"/>
  <move id="401" source="E4" target="F4"/>
  <move id="402" source="F8" target="E8"/>
  <move id="403" source="D4" target="E4"/>
  <move id="404" source="E8" target="E9"/>
  <move id="405" source="E4" target="E5"/>
  <move id="406" source="E7" target="E8"/>
  <move id="407" source="E5" target="E6"/>
  <move id="408" source="D7" target="E7"/>
  <move id="409" source="E6" target="E5"/>
  <move id="410" source="E8" target="F8"/>
  <move id="411" source="F6" target="E6"/>
  <move id="412" source="E7" target="E6"/>
  <move id="413" source="E5" target="E6"/>
  <move id="414" source="H8" target="H7"/>
  <move id="415" source="F4" target="F5"/>
  <move id="416" source="H7" target="G7"/>
  <move id="417" source="F5" target="F6"/>
  <move id="418" source="F8" target="E8"/>
  <move id="419" source="F6" target="F7"/>
  <move id="420" source="F9" target="F8"/>
  <move id="421" source="E6" target="F6"/>
  <move id="422" source="K7" target="F7"/>
  <move id="423" source="F7" target="G7"/>
  <move id="424" source="E8" target="E7"/>
  <move id="425" source="G7" target="H7"/>
  <move id="426" source="E9" target="F9"/>
  <move id="427" source="I4" target="K4"/>
  <move id="428" source="F9" target="G9"/>
  <move id="429" source="K4" target="K5"/>
  <move id="430" source="G9" target="H9"/>
  <move id="431" source="H7" target="I7"/>
  <move id="432" source="H9" target="H8"/>
  <move id="433" source="K5" target="K6"/>
  <move id="434" source="K8" target="I8"/>
  <move id="435" source="K6" target="K7"/>
  <move id="436" source="D9" target="E9"/>
  <move id="437" source="I7" target="I6"/>
  <move id="438" source="H8" target="H7"/>
  <move id="439" source="K7" target="K8"/>
  <move id="440" source="I8" target="I7"/>
  <move id="441" source="I6" target="K6"/>
  <move id="442" source="H7" target="H8"/>
  <move id="443" source="I5" target="I4"/>
  <move id="444" source="H8" target="I8"/>
  <move id="445" source="K8" target="K7"/>
  <move id="446" source="I7" target="H7"/>
  <move id="447" source="I4" target="I5"/>
  <move id="448" source="F8" target="G8"/>
  <move id="449" source="K7" target="K8"/>
  <move id="450" source="I8" target="K8"/>
  <move id="451" source="K6" target="K7"/>
  <move id="452" source="G8" target="H8"/>
  <move id="453" source="K7" target="K8"/>
  <move id="454" source="H8" target="I8"/>
  <move id="455" source="K8" target="K9"/>
  <move id="456" source="I9" target="K9"/>
  <move id="457" source="F6" target="F5"/>
  <move id="458" source="H7" target="H8"/>
  <move id="459" source="F5" target="F4"/>
  <move id="460" source="I8" target="I9"/>
  <move id="461" source="F4" target="G4"/>
  <move id="462" source="H8" target="H9"/>
  <move id="463" source="G4" target="H4"/>
  <move id="464" source="E7" target="F7"/>
  <move id="465" source="I5" target="I6"/>
  <move id="466" source="F7" target="G7"/>
  <move id="467" source="F3" target="E3"/>
  <move id="468" source="H9" target="H8"/>
  <move id="469" source="E3" target="D3"/>
  <move id="470" source="G7" target="H7"/>
  <move id="471" source="D3" target="D2"/>
  <move id="472" source="I9" target="I8"/>
  <move id="473" source="A4" target="B4"/>
  <move id="474" source="I8" target="I7"/>
  <move id="475" source="I6" target="I5"/>
  <move id="476" source="I7" target="I8"/>
  <move id="477" source="B4" target="B5"/>
  <move id="478" source="I8" target="I9"/>
  <move id="479" source="B5" target="B6"/>
  <move id="480" source="E9" target="D9"/>
  <move id="481" source="B6" target="B7"/>
  <move id="482" source="D9" target="C9"/>
  <move id="483" source="B7" target="A7"/>
  <move id="484" source="H8" target="G8"/>
  <move id="485" source="A5" target="A4"/>
  <move id="486" source="G8" target="F8"/>
  <move id="487" source="A4" target="B4"/>
  <move id="488" source="C9" target="D9"/>
  <move id="489" source="B4" target="C4"/>
  <move id="490" source="D9" target="D8"/>
  <move id="491" source="C4" target="D4"/>
  <move id="492" source="D8" target="D7"/>
  <move id="493" source="D4" target="E4"/>
  <move id="494" source="F8" target="F7"/>
  <move id="495" source="H4" target="G4"/>
  <move id="496" source="D7" target="E7"/>
  <move id="497" source="G4" target="F4"/>
  <move id="498" source="H7" target="G7"/>
  <move id="499" source="I5" target="I6"/>
  <move id="500" source="E7" target="E8"/>
  <move id="501" source="I6" target="I7"/>
  <move id="502" source="I9" target="I8"/>
  <move id="503" source="I7" target="I8"/>
  <move id="504" source="F7" target="F8"/>
  <move id="505" source="B2" target="A2"/>
  <move id="506" source="F8" target="F9"/>
  <move id="507" source="B1" target="B2"/>
  <move id="508" source="F9" target="E9"/>
  <move id="509" source="B2" target="B3"/>
  <move id="510" source="E9" target="D9"/>
  <move id="511" source="E4" target="E3"/>
  <move id="512" source="D9" target="D8"/>
  <move id="513" source="F4" target="E4"/>
  <move id="514" source="G7" target="F7"/>
  <move id="515" source="E3" target="F3"/>
  <move id="516" source="I8" target="I7"/>
  <move id="517" source="F3" target="F4"/>
  <move id="518" source="E8" target="E9"/>
  <move id="519" source="B3" target="C3"/>
  <move id="520" source="E9" target="F9"/>
  <move id="521" source="C3" target="D3"/>
  <move id="522" source="D8" target="E8"/>
  <move id="523" source="D3" target="E3"/>
  <move id="524" source="E8" target="F8"/>
  <move id="525" source="E3" target="F3"/>
  <move id="526" source="F8" target="G8"/>
  <move id="527" source="F3" target="G3"/>
  <move id="528" source="G8" target="H8"/>
  <move id="529" source="G3" target="H3"/>
  <move id="530" source="H8" target="I8"/>
  <move id="531" source="H3" target="I3"/>
  <move id="532" source="I7" target="I6"/>
  <move id="533" source="I3" target="I4"/>
  <move id="534" source="I6" target="I5"/>
  <move id="535" source="I4" target="I5"/>
  <move id="536" source="I8" target="I9"/>
  <move id="537" source="A7" target="B7"/>
  <move id="538" source="F9" target="E9"/>
  <move id="539" source="B7" target="B8"/>
  <move id="540" source="E9" target="D9"/>
  <move id="541" source="B8" target="C8"/>
  <move id="542" source="F7" target="E7"/>
  <move id="543" source="F4" target="F5"/>
  <move id="544" source="I9" target="I8"/>
  <move id="545" source="F5" target="F6"/>
  <move id="546" source="I8" target="H8"/>
  <move id="547" source="E4" target="F4"/>
  <move id="548" source="H8" target="G8"/>
  <move id="549" source="F4" target="G4"/>
  <move id="550" source="G8" target="G7"/>
  <move id="551" source="G4" target="H4"/>
  <move id="552" source="E7" target="E8"/>
  <move id="553" source="H4" target="I4"/>
  <move id="554" source="E8" target="F8"/>
  <move id="555" source="I4" target="H4"/>
  <move id="556" source="F8" target="G8"/>
  <move id="557" source="H4" target="G4"/>
  <move id="558" source="D9" target="D8"/>
  <move id="559" source="C8" target="B8"/>
  <move id="560" source="G7" target="H7"/>
  <move id="561" source="F6" target="F7"/>
  <move id="562" source="D8" target="D7"/>
  <move id="563" source="G4" target="F4"/>
  <move id="564" source="D7" target="E7"/>
  <move id="565" source="F7" target="F6"/>
  <move id="566" source="E7" target="E6"/>
  <move id="567" source="F6" target="F5"/>
  <move id="568" source="E6" target="E5"/>
  <move id="569" source="B8" target="C8"/>
  <move id="570" source="G8" target="F8"/>
  <move id="571" source="C8" target="D8"/>
  <move id="572" source="F8" target="E8"/>
  <move id="573" source="D8" target="C8"/>
  <move id="574" source="H7" target="H8"/>
  <move id="575" source="C8" target="B8"/>
  <move id="576" source="H8" target="G8"/>
  <move id="577" source="B8" target="B7"/>
  <move id="578" source="G8" target="G9"/>
  <move id="579" source="B7" target="B6"/>
  <move id="580" source="E5" target="E6"/>
  <move id="581" source="B6" target="B5"/>
  <move id="582" source="E8" target="F8"/>
  <move id="583" source="B5" target="B4"/>
  <move id="584" source="F8" target="F7"/>
  <move id="585" source="B4" target="B3"/>
  <move id="586" source="F7" target="G7"/>
  <move id="587" source="B3" target="C3"/>
  <move id="588" source="E6" target="E7"/>
  <move id="589" source="C3" target="D3"/>
  <move id="590" source="G9" target="F9"/>
  <move id="591" source="D3" target="E3"/>
  <move id="592" source="F9" target="F8"/>
  <move id="593" source="E3" target="E4"/>
  <move id="594" source="F8" target="F7"/>
  <move id="595" source="E4" target="E5"/>
  <move id="596" source="E7" target="E6"/>
  <move id="597" source="E5" target="E4"/>
  <move id="598" source="E6" target="E7"/>
  <move id="599" source="E4" target="E3"/>
  <move id="600" source="E7" target="E8"/>
  <move id="601" source="E3" target="F3"/>
  <move id="602" source="F7" target="F6"/>
  <move id="603" source="F3" target="G3"/>
  <move id="604" source="G7" target="F7"/>
  <move id="605" source="G3" target="H3"/>
  <move id="606" source="F6" target="F5"/>
  <move id="607" source="H3" target="H4"/>
  <move id="608" source="F7" target="G7"/>
  <move id="609" source="H4" target="I4"/>
  <move id="610" source="E8" target="F8"/>
  <move id="611" source="I4" target="K4"/>
  <move id="612" source="F8" target="G8"/>
  <move id="613" source="F4" target="F5"/>
  <move id="614" source="G8" target="H8"/>
  <move id="615" source="K4" target="I4"/>
  <move id="616" source="I:" target="I9"/>
  <move id="617" source="I4" target="H4"/>
  <move id="618" source="I9" target="I8"/>
  <move id="619" source="H4" target="G4"/>
  <move id="620" source="I8" target="I7"/>
  <move id="621" source="G4" target="H4"/>
  <move id="622" source="H8" target="H7"/>
  <move id="623" source="H4" target="G4"/>
  <move id="624" source="I7" target="K7"/>
  <move id="625" source="G4" target="F4"/>
  <move id="626" source="H7" target="H8"/>
  <move id="627" source="F4" target="E4"/>
  <move id="628" source="G7" target="F7"/>
  <move id="629" source="E4" target="E5"/>
  <move id="630" source="H8" target="G8"/>
  <move id="631" source="D2" target="D3"/>
  <move id="632" source="K7" target="K8"/>
  <move id="633" source="D3" target="E3"/>
  <move id="634" source="K8" target="I8"/>
  <move id="635" source="E3" target="E4"/>
  <move id="636" source="I8" target="I9"/>
  <move id="637" source="F5" target="F4"/>
  <move id="638" source="F7" target="G7"/>
  <move id="639" source="E5" target="F5"/>
  <move id="640" source="G8" target="F8"/>
  <move id="641" source="E4" target="E5"/>
  <move id="642" source="F8" target="E8"/>
  <move id="643" source="F4" target="E4"/>
  <move id="644" source="E8" target="E7"/>
  <move id="645" source="F5" target="F4"/>
  <move id="646" source="E7" target="E6"/>
  <move id="647" source="E5" target="F5"/>
  <move id="648" source="E6" target="F6"/>
  <move id="649" source="E4" target="E5"/>
  <move id="650" source="G7" target="G8"/>
  <move id="651" source="F4" target="G4"/>
  <move id="652" source="G8" target="F8"/>
  <move id="653" source="G4" target="H4"/>
  <move id="654" source="F8" target="E8"/>
  <move id="655" source="H4" target="I4"/>
  <move id="656" source="F6" target="F7"/>
  <move id="657" source="I4" target="I5"/>
  <move id="658" source="F7" target="G7"/>
  <move id="659" source="I5" target="K5"/>
  <move id="660" source="G7" target="H7"/>
  <move id="661" source="K5" target="K6"/>
  <move id="662" source="H7" target="I7"/>
  <move id="663" source="F5" target="F6"/>
  <move id="664" source="E8" target="E7"/>
  <move id="665" source="C2" target="C3"/>
  <move id="666" source="I9" target="H9"/>
  <move id="667" source="C3" target="B3"/>
  <move id="668" source="H9" target="G9"/>
  <move id="669" source="B3" target="A3"/>
  <move id="670" source="G9" target="F9"/>
  <move id="671" source="A3" target="A4"/>
  <move id="672" source="F9" target="F8"/>
  <move id="673" source="A4" target="A5"/>
  <move id="674" source="F8" target="F7"/>
  <move id="675" source="F6" target="F5"/>
  <move id="676" source="E7" target="E6"/>
  <move id="677" source="E5" target="E4"/>
  <move id="678" source="F7" target="F6"/>
  <move id="679" source="F5" target="F4"/>
  <move id="680" source="E6" target="E7"/>
  <move id="681" source="E4" target="E5"/>
  <move id="682" source="E7" target="F7"/>
  <move id="683" source="A5" target="A6"/>
  <move id="684" source="F7" target="E7"/>
  <move id="685" source="A6" target="A7"/>
  <move id="686" source="F6" target="F7"/>
  <move id="687" source="A7" target="A8"/>
  <move id="688" source="K9" target="I9"/>
  <move id="689" source="A8" target="B8"/>
  <move id="690" source="I9" target="H9"/>
  <move id="691" source="F4" target="E4"/>
  <move id="692" source="H9" target="G9"/>
  <move id="693" source="E5" target="F5"/>
  <move id="694" source="F7" target="F8"/>
  <move id="695" source="F5" target="F6"/>
  <move id="696" source="E7" target="F7"/>
  <move id="697" source="F6" target="E6"/>
  <move id="698" source="F8" target="E8"/>
  <move id="699" source="E4" target="F4"/>
  <move id="700" source="G9" target="F9"/>
  <move id="701" source="F4" target="F5"/>
  <move id="702" source="F9" target="E9"/>
  <move id="703" source="B8" target="A8"/>
  <move id="704" source="E8" target="D8"/>
  <move id="705" source="A8" target="A7"/>
  <move id="706" source="D8" target="D7"/>
  <move id="707" source="A7" target="A6"/>
  <move id="708" source="F7" target="E7"/>
  <move id="709" source="E6" target="F6"/>
  <move id="710" source="D7" target="D8"/>
  <move id="711" source="F5" target="E5"/>
  <move id="712" source="D8" target="E8"/>
  <move id="713" source="F6" target="F5"/>
  <move id="714" source="E7" target="F7"/>
  <move id="715" source="E5" target="E4"/>
  <move id="716" source="E8" target="E7"/>
  <move id="717" source="A6" target="A7"/>
  <move id="718" source="E9" target="D9"/>
  <move id="719" source="A7" target="A8"/>
  <move id="720" source="D9" target="C9"/>
  <move id="721" source="A8" target="B8"/>
  <move id="722" source="C9" target="C8"/>
  <move id="723" source="B8" target="A8"/>
  <move id="724" source="C8" target="B8"/>
  <move id="725" source="A8" target="A7"/>
  <move id="726" source="B8" target="B7"/>
  <move id="727" source="A7" target="A6"/>
  <move id="728" source="B7" target="B6"/>
  <move id="729" source="A6" target="A5"/>
  <move id="730" source="F7" target="F6"/>
  <move id="731" source="F5" target="F4"/>
  <move id="732" source="B6" target="B5"/>
  <move id="733" source="A5" target="A6"/>
  <move id="734" source="F6" target="F7"/>
  <move id="735" source="F4" target="G4"/>
  <move id="736" source="F7" target="G7"/>
  <move id="737" source="G4" target="H4"/>
  <move id="738" source="G7" target="H7"/>
  <move id="739" source="H4" target="G4"/>
  <move id="740" source="I7" target="K7"/>
  <move id="741" source="K6" target="I6"/>
  <move id="742" source="K7" target="K6"/>
  <move id="743" source="I6" target="I5"/>
  <move id="744" source="K6" target="I6"/>
  <move id="745" source="I5" target="I4"/>
  <move id="746" source="I6" target="I5"/>
  <move id="747" source="I4" target="I3"/>
  <move id="748" source="I5" target="I6"/>
  <move id="749" source="I3" target="H3"/>
  <move id="750" source="I6" target="I7"/>
  <move id="751" source="H3" target="G3"/>
  <move id="752" source="B5" target="B4"/>
  <move id="753" source="G3" target="F3"/>
  <move id="754" source="B4" target="C4"/>
  <move id="755" source="F3" target="E3"/>
  <move id="756" source="C4" target="D4"/>
  <move id="757" source="E4" target="F4"/>
  <move id="758" source="D4" target="E4"/>
  <move id="759" source="E3" target="E4"/>
  <move id="760" source="I7" target="I8"/>
  <move id="761" source="A6" target="B6"/>
  <move id="762" source="F:" target="F9"/>
  <move id="763" source="B6" target="B7"/>
  <move id="764" source="F9" target="E9"/>
  <move id="765" source="B7" target="B8"/>
  <move id="766" source="E9" target="D9"/>
  <move id="767" source="B8" target="C8"/>
  <move id="768" source="E7" target="E8"/>
  <move id="769" source="C8" target="C9"/>
  <move id="770" source="D9" target="C9"/>
  <move id="771" source="A2" target="A3"/>
  <move id="772" source="I8" target="H8"/>
  <move id="773" source="A3" target="A4"/>
  <move id="774" source="H8" target="G8"/>
  <move id="775" source="A4" target="A5"/>
  <move id="776" source="G8" target="F8"/>
  <move id="777" source="A5" target="A6"/>
  <move id="778" source="F8" target="F9"/>
  <move id="779" source="A6" target="A7"/>
  <move id="780" source="F9" target="E9"/>
  <move id="781" source="A7" target="B7"/>
  <move id="782" source="E8" target="E7"/>
  <move id="783" source="B7" target="B8"/>
  <move id="784" source="E9" target="D9"/>
  <move id="785" source="B8" target="C8"/>
  <move id="786" source="E7" target="E6"/>
  <move id="787" source="G2" target="G3"/>
  <move id="788" source="E6" target="E5"/>
  <move id="789" source="G3" target="F3"/>
  <move id="790" source="E5" target="E4"/>
  <move id="791" source="F4" target="F5"/>
  <move id="792" source="H7" target="G7"/>
  <move id="793" source="F3" target="E3"/>
  <move id="794" source="E4" target="E5"/>
  <move id="795" source="F5" target="F4"/>
  <move id="796" source="G7" target="F7"/>
  <move id="797" source="F4" target="F3"/>
  <move id="798" source="F7" target="F6"/>
  <move id="799" source="E3" target="E4"/>
  <move id="800" source="E5" target="E6"/>
  <move id="801" source="E4" target="E5"/>
  <move id="802" source="E6" target="E7"/>
  <move id="803" source="F3" target="F4"/>
  <move id="804" source="E7" target="F7"/>
  <move id="805" source="C1" target="C2"/>
  <move id="806" source="F6" target="E6"/>
  <move id="807" source="E5" target="F5"/>
  <move id="808" source="D9" target="D8"/>
  <move id="809" source="C8" target="B8"/>
  <move id="810" source="D8" target="E8"/>
  <move id="811" source="C2" target="C3"/>
  <move id="812" source="E6" target="E5"/>
  <move id="813" source="C3" target="D3"/>
  <move id="814" source="F7" target="G7"/>
  <move id="815" source="D3" target="E3"/>
  <move id="816" source="E8" target="F8"/>
  <move id="817" source="B8" target="C8"/>
  <move id="818" source="F8" target="F7"/>
  <move id="819" source="C8" target="D8"/>
  <move id="820" source="F7" target="F6"/>
  <move id="821" source="D8" target="E8"/>
  <move id="822" source="F6" target="F5"/>
  <move id="823" source="E8" target="F8"/>
  <move id="824" source="F5" target="F6"/>
  <move id="825" source="F8" target="G8"/>
  <move id="826" source="G7" target="G8"/>
  <move id="827" source="G8" target="H8"/>
  <move id="828" source="F6" target="F7"/>
  <move id="829" source="H8" target="H9"/>
  <move id="830" source="F7" target="F8"/>
  <move id="831" source="H9" target="I9"/>
  <move id="832" source="F8" target="F9"/>
  <move id="833" source="I9" target="K9"/>
  <move id="834" source="F9" target="G9"/>
  <move id="835" source="K9" target="K:"/>
  <move id="836" source="G9" target="F9"/>
  <move id="837" source="K:" target="I:"/>
  <move id="838" source="F9" target="E9"/>
  <move id="839" source="E3" target="E4"/>
  <move id="840" source="E5" target="E6"/>
  <move id="841" source="F4" target="F5"/>
  <move id="842" source="E6" target="E7"/>
  <move id="843" source="F5" target="F6"/>
  <move id="844" source="E9" target="F9"/>
  <move id="845" source="E4" target="E5"/>
  <move id="846" source="F9" target="F8"/>
  <move id="847" source="G4" target="F4"/>
  <move id="848" source="F8" target="F7"/>
  <move id="849" source="F4" target="F5"/>
  <move id="850" source="F7" target="G7"/>
  <move id="851" source="E5" target="E6"/>
  <move id="852" source="E7" target="E8"/>
  <move id="853" source="H2" target="H3"/>
  <move id="854" source="G7" target="F7"/>
  <move id="855" source="H3" target="G3"/>
  <move id="856" source="F7" target="E7"/>
  <move id="857" source="F5" target="E5"/>
  <move id="858" source="E8" target="F8"/>
  <move id="859" source="G3" target="G4"/>
  <move id="860" source="F8" target="G8"/>
  <move id="861" source="I:" target="I9"/>
  <move id="862" source="G8" target="H8"/>
  <move id="863" source="G4" target="F4"/>
  <move id="864" source="E7" target="E8"/>
  <move id="865" source="F4" target="E4"/>
  <move id="866" source="E8" target="E9"/>
  <move id="867" source="E6" target="E7"/>
  <move id="868" source="E9" target="F9"/>
  <move id="869" source="E7" target="F7"/>
  <move id="870" source="F9" target="G9"/>
  <move id="871" source="F7" target="G7"/>
  <move id="872" source="G9" target="H9"/>
  <move id="873" source="I9" target="I:"/>
  <move id="874" source="H9" target="G9"/>
  <move id="875" source="E5" target="E6"/>
  <move id="876" source="G9" target="G8"/>
  <move id="877" source="G7" target="F7"/>
  <move id="878" source="G8" target="G7"/>
  <move id="879" source="F7" target="E7"/>
  <move id="880" source="G7" target="F7"/>
  <move id="881" source="E7" target="E8"/>
  <move id="882" source="H8" target="G8"/>
  <move id="883" source="E8" target="E9"/>
  <move id="884" source="G8" target="G9"/>
  <move id="885" source="E9" target="D9"/>
  <move id="886" source="G9" target="F9"/>
  <move id="887" source="E4" target="F4"/>
  <move id="888" source="F9" target="E9"/>
  <move id="889" source="D9" target="C9"/>
  <move id="890" source="E9" target="D9"/>
  <move id="891" source="C9" target="C:"/>
  <move id="892" source="D9" target="E9"/>
  <move id="893" source="F4" target="G4"/>
  <move id="894" source="E9" target="E8"/>
  <move id="895" source="G4" target="H4"/>
  <move id="896" source="E8" target="E7"/>
  <move id="897" source="H4" target="I4"/>
  <move id="898" source="E7" target="E6"/>
  <move id="899" source="I4" target="I5"/>
  <move id="900" source="F7" target="F6"/>
  <move id="901" source="I5" target="I6"/>
  <move id="902" source="F6" target="F7"/>
  <move id="903" source="I6" target="I7"/>
  <move id="904" source="F7" target="F8"/>
  <move id="905" source="I7" target="H7"/>
  <move id="906" source="F8" target="G8"/>
  <move id="907" source="E2" target="E3"/>
  <move id="908" source="G8" target="F8"/>
  <move id="909" source="E3" target="E4"/>
  <move id="910" source="F8" target="F7"/>
  <move id="911" source="E4" target="E5"/>
  <move id="912" source="F7" target="F6"/>
  <move id="913" source="H7" target="H8"/>
  <move id="914" source="F6" target="F5"/>
  <move id="915" source="E5" target="E6"/>
  <move id="916" source="F5" target="F4"/>
  <move id="917" source="H8" target="H9"/>
  <move id="918" source="F4" target="F3"/>
  <move id="919" source="H9" target="H:"/>
  <player id="1">Player 1</player>
  <player id="2">Player 2</player>
  <result type="1" winner="1"/>
 </game>
</stratego>