<?xml version="1.0" encoding="UTF-8"?>
<stratego>
 <game type="classic">
  
  <field content="DBDBEMBBHFFBGFHJEIEGDHEBDKCEGDGDDJIFLIDHAA__AA__AAAA__AA__AAWTQXSTNRSPOPUPPVQNRUTQTQPPVQNPYNRNUSNSPR"/>
  <move id="1" source="I4" target="I7"/>
  <move id="2" source="B7" target="B6"/>
  <move id="3" source="K4" target="K5"/>
  <move id="4" source="B6" target="A6"/>
  <move id="5" source="K5" target="K6"/>
  <move id="6" source="A6" target="A5"/>
  <move id="7" source="A4" target="A5"/>
  <move id="8" source="B8" target="B4"/>
  <move id="9" source="B3" target="B4"/>
  <move id="10" source="C7" target="B7"/>
  <move id="11" source="K6" target="K7"/>
  <move id="12" source="K8" target="K7"/>
  <move id="13" source="H4" target="I4"/>
  <move id="14" source="K7" target="K6"/>
  <move id="15" source="I4" target="I5"/>
  <move id="16" source="B7" target="B8"/>
  <move id="17" source="I5" target="K5"/>
  <move id="18" source="K6" target="K5"/>
  <move id="19" source="K3" target="K9"/>
  <move id="20" source="E7" target="E6"/>
  <move id="21" source="E4" target="E5"/>
  <move id="22" source="D7" target="E7"/>
  <move id="23" source="I3" target="I4"/>
  <move id="24" source="D8" target="D7"/>
  <move id="25" source="I4" target="I5"/>
  <move id="26" source="D7" target="C7"/>
  <move id="27" source="I5" target="I6"/>
  <move id="28" source="C7" target="B7"/>
  <move id="29" source="I6" target="I7"/>
  <move id="30" source="B7" target="B4"/>
  <move id="31" source="I2" target="I3"/>
  <move id="32" source="A5" target="B5"/>
  <move id="33" source="I3" target="I4"/>
  <move id="34" source="B5" target="B4"/>
  <move id="35" source="H2" target="I2"/>
  <move id="36" source="E8" target="D8"/>
  <move id="37" source="I2" target="I3"/>
  <move id="38" source="D8" target="D7"/>
  <move id="39" source="I3" target="K3"/>
  <move id="40" source="D7" target="C7"/>
  <move id="41" source="K3" target="K4"/>
  <move id="42" source="C7" target="B7"/>
  <move id="43" source="K4" target="K5"/>
  <move id="44" source="B7" target="B6"/>
  <move id="45" source="K5" target="K6"/>
  <move id="46" source="B6" target="B5"/>
  <move id="47" source="K6" target="K7"/>
  <move id="48" source="B5" target="A5"/>
  <move id="49" source="K7" target="I7"/>
  <move id="50" source="E9" target="E8"/>
  <move id="51" source="C4" target="B4"/>
  <move id="52" source="A5" target="A3"/>
  <move id="53" source="D4" target="C4"/>
  <move id="54" source="E8" target="D8"/>
  <move id="55" source="B4" target="B3"/>
  <move id="56" source="D8" target="D7"/>
  <move id="57" source="C4" target="B4"/>
  <move id="58" source="D7" target="C7"/>
  <move id="59" source="B4" target="B5"/>
  <move id="60" source="C7" target="B7"/>
  <move id="61" source="I4" target="K4"/>
  <move id="62" source="B7" target="C7"/>
  <move id="63" source="K4" target="K5"/>
  <move id="64" source="C7" target="D7"/>
  <move id="65" source="B5" target="B6"/>
  <move id="66" source="C8" target="C7"/>
  <move id="67" source="B6" target="B7"/>
  <move id="68" source="C7" target="B7"/>
  <move id="69" source="B7" target="B6"/>
  <move id="70" source="D7" target="C7"/>
  <move id="71" source="B6" target="A6"/>
  <move id="72" source="A7" target="A6"/>
  <move id="73" source="B3" target="B8"/>
  <move id="74" source="A6" target="A7"/>
  <move id="75" source="F4" target="E4"/>
  <move id="76" source="C7" target="B7"/>
  <move id="77" source="G4" target="F4"/>
  <move id="78" source="B8" target="C8"/>
  <move id="79" source="F4" target="F5"/>
  <move id="80" source="C8" target="D8"/>
  <move id="81" source="F5" target="F6"/>
  <move id="82" source="E6" target="E5"/>
  <move id="83" source="F6" target="E6"/>
  <move id="84" source="D8" target="E8"/>
  <move id="85" source="E6" target="E7"/>
  <move id="86" source="A7" target="A6"/>
  <move id="87" source="F3" target="F4"/>
  <move id="88" source="E8" target="D8"/>
  <move id="89" source="F4" target="F5"/>
  <move id="90" source="A6" target="A5"/>
  <move id="91" source="F5" target="F6"/>
  <move id="92" source="A5" target="A4"/>
  <move id="93" source="F6" target="E6"/>
  <move id="94" source="A4" target="A3"/>
  <move id="95" source="E6" target="E7"/>
  <move id="96" source="B7" target="B2"/>
  <move id="97" source="E7" target="E8"/>
  <move id="98" source="D8" target="D7"/>
  <move id="99" source="E4" target="F4"/>
  <move id="100" source="A3" target="B3"/>
  <move id="101" source="F4" target="F5"/>
  <move id="102" source="A8" target="A7"/>
  <move id="103" source="F5" target="F6"/>
  <move id="104" source="A7" target="A6"/>
  <move id="105" source="F6" target="F7"/>
  <move id="106" source="A6" target="A5"/>
  <move id="107" source="E8" target="E7"/>
  <move id="108" source="F7" target="F6"/>
  <move id="109" source="E5" target="F5"/>
  <move id="110" source="F6" target="E6"/>
  <move id="111" source="E7" target="D7"/>
  <move id="112" source="A5" target="A4"/>
  <move id="113" source="D7" target="E7"/>
  <move id="114" source="A4" target="A3"/>
  <move id="115" source="E7" target="E6"/>
  <move id="116" source="F8" target="F7"/>
  <move id="117" source="F5" target="E5"/>
  <move id="118" source="A3" target="A2"/>
  <move id="119" source="F2" target="F3"/>
  <move id="120" source="B3" target="A3"/>
  <move id="121" source="F3" target="F4"/>
  <move id="122" source="A3" target="A2"/>
  <move id="123" source="F4" target="F5"/>
  <move id="124" source="A2" target="A3"/>
  <move id="125" source="F5" target="F6"/>
  <move id="126" source="A3" target="B3"/>
  <move id="127" source="F6" target="F7"/>
  <move id="128" source="F9" target="F8"/>
  <move id="129" source="E6" target="E7"/>
  <move id="130" source="B3" target="B4"/>
  <move id="131" source="E3" target="F3"/>
  <move id="132" source="B4" target="C4"/>
  <move id="133" source="F3" target="F8"/>
  <move id="134" source="G8" target="F8"/>
  <move id="135" source="E5" target="F5"/>
  <move id="136" source="B9" target="B8"/>
  <move id="137" source="E7" target="E8"/>
  <move id="138" source="F8" target="F7"/>
  <move id="139" source="F5" target="F6"/>
  <move id="140" source="B8" target="B7"/>
  <move id="141" source="F6" target="F7"/>
  <move id="142" source="B7" target="B6"/>
  <move id="143" source="F7" target="F8"/>
  <move id="144" source="B6" target="B5"/>
  <move id="145" source="A1" target="A7"/>
  <move id="146" source="B5" target="B4"/>
  <move id="147" source="A7" target="G7"/>
  <move id="148" source="B4" target="B3"/>
  <move id="149" source="C3" target="B3"/>
  <move id="150" source="C4" target="D4"/>
  <move id="151" source="E8" target="E7"/>
  <move id="152" source="D4" target="E4"/>
  <move id="153" source="F8" target="E8"/>
  <move id="154" source="E4" target="F4"/>
  <move id="155" source="E8" target="E9"/>
  <move id="156" source="F4" target="G4"/>
  <move id="157" source="E7" target="E8"/>
  <move id="158" source="G4" target="H4"/>
  <move id="159" source="E9" target="E:"/>
  <move id="160" source="H4" target="I4"/>
  <move id="161" source="I7" target="K7"/>
  <move id="162" source="I4" target="K4"/>
  <move id="163" source="K7" target="I7"/>
  <move id="164" source="K4" target="K5"/>
  <move id="165" source="G3" target="F3"/>
  <move id="166" source="K5" target="I5"/>
  <move id="167" source="I7" target="K7"/>
  <move id="168" source="I5" target="I4"/>
  <move id="169" source="F3" target="F4"/>
  <move id="170" source="I4" target="H4"/>
  <move id="171" source="F4" target="F5"/>
  <move id="172" source="H4" target="G4"/>
  <move id="173" source="F5" target="E5"/>
  <move id="174" source="G4" target="F4"/>
  <move id="175" source="E5" target="E6"/>
  <move id="176" source="F4" target="F5"/>
  <move id="177" source="E6" target="E7"/>
  <move id="178" source="F5" target="F6"/>
  <move id="179" source="E8" target="E9"/>
  <move id="180" source="F6" target="F7"/>
  <move id="181" source="E9" target="D9"/>
  <move id="182" source="F7" target="E7"/>
  <move id="183" source="D9" target="D8"/>
  <move id="184" source="E7" target="D7"/>
  <move id="185" source="D8" target="E8"/>
  <move id="186" source="C9" target="C8"/>
  <move id="187" source="K7" target="I7"/>
  <move id="188" source="C8" target="C7"/>
  <move id="189" source="I7" target="H7"/>
  <move id="190" source="C7" target="B7"/>
  <move id="191" source="H3" target="I3"/>
  <move id="192" source="B7" target="B6"/>
  <move id="193" source="I3" target="I4"/>
  <move id="194" source="B6" target="B5"/>
  <move id="195" source="I4" target="I5"/>
  <move id="196" source="B5" target="B4"/>
  <move id="197" source="I5" target="I6"/>
  <move id="198" source="B4" target="C4"/>
  <move id="199" source="I6" target="I7"/>
  <move id="200" source="C4" target="D4"/>
  <move id="201" source="I7" target="I8"/>
  <move id="202" source="I8" target="K8"/>
  <move id="203" source="H7" target="I7"/>
  <move id="204" source="D4" target="E4"/>
  <move id="205" source="I7" target="K7"/>
  <move id="206" source="K8" target="I8"/>
  <move id="207" source="C2" target="C3"/>
  <move id="208" source="E4" target="D4"/>
  <move id="209" source="C3" target="B3"/>
  <move id="210" source="D4" target="C4"/>
  <move id="211" source="B3" target="A3"/>
  <move id="212" source="C4" target="B4"/>
  <move id="213" source="K7" target="I7"/>
  <move id="214" source="I8" target="K8"/>
  <move id="215" source="I7" target="I8"/>
  <move id="216" source="K8" target="K7"/>
  <move id="217" source="I1" target="I2"/>
  <move id="218" source="A9" target="A8"/>
  <move id="219" source="I2" target="I3"/>
  <move id="220" source="A8" target="A7"/>
  <move id="221" source="I3" target="K3"/>
  <move id="222" source="A7" target="A6"/>
  <move id="223" source="K3" target="K4"/>
  <move id="224" source="A6" target="A5"/>
  <move id="225" source="K4" target="K5"/>
  <move id="226" source="A5" target="A4"/>
  <move id="227" source="K5" target="K6"/>
  <move id="228" source="A4" target="A3"/>
  <move id="229" source="K6" target="K7"/>
  <move id="230" source="B4" target="C4"/>
  <move id="231" source="I8" target="K8"/>
  <move id="232" source="C4" target="D4"/>
  <move id="233" source="K8" target="K9"/>
  <move id="234" source="D4" target="E4"/>
  <move id="235" source="K9" target="K:"/>
  <move id="236" source="E4" target="F4"/>
  <move id="237" source="K:" target="I:"/>
  <move id="238" source="F4" target="G4"/>
  <move id="239" source="I:" target="H:"/>
  <move id="240" source="G4" target="H4"/>
  <move id="241" source="K7" target="K6"/>
  <move id="242" source="H4" target="I4"/>
  <move id="243" source="E8" target="D8"/>
  <move id="244" source="D7" target="D8"/>
  <move id="245" source="E2" target="E3"/>
  <move id="246" source="I4" target="H4"/>
  <move id="247" source="E3" target="E4"/>
  <move id="248" source="H4" target="G4"/>
  <move id="249" source="E4" target="E5"/>
  <move id="250" source="A3" target="A4"/>
  <move id="251" source="E5" target="E6"/>
  <move id="252" source="A4" target="A5"/>
  <move id="253" source="E6" target="E7"/>
  <move id="254" source="A5" target="A6"/>
  <move id="255" source="E7" target="D7"/>
  <move id="256" source="A6" target="A7"/>
  <move id="257" source="D7" target="C7"/>
  <move id="258" source="A7" target="B7"/>
  <move id="259" source="C7" target="C8"/>
  <move id="260" source="B7" target="B8"/>
  <move id="261" source="C8" target="C9"/>
  <move id="262" source="B8" target="B9"/>
  <move id="263" source="C9" target="C:"/>
  <move id="264" source="B9" target="C9"/>
  <move id="265" source="C1" target="C2"/>
  <move id="266" source="F:" target="F9"/>
  <move id="267" source="C2" target="C3"/>
  <move id="268" source="F9" target="E9"/>
  <move id="269" source="C3" target="B3"/>
  <move id="270" source="E9" target="D9"/>
  <move id="271" source="H:" target="H9"/>
  <move id="272" source="G9" target="H9"/>
  <move id="273" source="K6" target="I6"/>
  <move id="274" source="H9" target="G9"/>
  <move id="275" source="B3" target="B:"/>
  <move id="276" source="C9" target="C:"/>
  <move id="277" source="I6" target="I5"/>
  <move id="278" source="G4" target="F4"/>
  <move id="279" source="I5" target="I4"/>
  <move id="280" source="G9" target="F9"/>
  <move id="281" source="I4" target="H4"/>
  <move id="282" source="F9" target="E9"/>
  <move id="283" source="H4" target="G4"/>
  <move id="284" source="F4" target="F5"/>
  <move id="285" source="G4" target="F4"/>
  <move id="286" source="F5" target="F6"/>
  <move id="287" source="F4" target="F5"/>
  <move id="288" source="F6" target="F7"/>
  <move id="289" source="F5" target="F6"/>
  <move id="290" source="F7" target="F8"/>
  <move id="291" source="F6" target="F7"/>
  <move id="292" source="F8" target="F9"/>
  <move id="293" source="F7" target="F8"/>
  <move id="294" source="F9" target="G9"/>
  <move id="295" source="E1" target="E2"/>
  <move id="296" source="G9" target="H9"/>
  <move id="297" source="E2" target="E3"/>
  <move id="298" source="H9" target="H:"/>
  <move id="299" source="E3" target="E4"/>
  <move id="300" source="H:" target="I:"/>
  <move id="301" source="E4" target="D4"/>
  <move id="302" source="E9" target="E8"/>
  <move id="303" source="F8" target="F9"/>
  <move id="304" source="I:" target="K:"/>
  <move id="305" source="F9" target="F:"/>
  <move id="306" source="K:" target="K9"/>
  <move id="307" source="D4" target="C4"/>
  <move id="308" source="K9" target="K8"/>
  <move id="309" source="C4" target="B4"/>
  <move id="310" source="E8" target="D8"/>
  <move id="311" source="B4" target="A4"/>
  <move id="312" source="D8" target="C8"/>
  <move id="313" source="A4" target="A5"/>
  <move id="314" source="C8" target="B8"/>
  <move id="315" source="K2" target="K3"/>
  <move id="316" source="K8" target="K7"/>
  <move id="317" source="K3" target="I3"/>
  <move id="318" source="K7" target="I7"/>
  <move id="319" source="I3" target="I4"/>
  <move id="320" source="I7" target="I6"/>
  <move id="321" source="I4" target="H4"/>
  <move id="322" source="I6" target="I5"/>
  <move id="323" source="H4" target="G4"/>
  <move id="324" source="I5" target="I4"/>
  <move id="325" source="G4" target="F4"/>
  <move id="326" source="I4" target="H4"/>
  <move id="327" source="F4" target="F5"/>
  <move id="328" source="H4" target="G4"/>
  <move id="329" source="F5" target="F6"/>
  <move id="330" source="G4" target="F4"/>
  <move id="331" source="F6" target="E6"/>
  <move id="332" source="F4" target="E4"/>
  <move id="333" source="E6" target="E7"/>
  <move id="334" source="E4" target="D4"/>
  <move id="335" source="E7" target="D7"/>
  <move id="336" source="D4" target="C4"/>
  <move id="337" source="D7" target="D8"/>
  <move id="338" source="D9" target="C9"/>
  <move id="339" source="D8" target="D9"/>
  <move id="340" source="C9" target="C:"/>
  <move id="341" source="D9" target="C9"/>
  <move id="342" source="C4" target="B4"/>
  <move id="343" source="C9" target="C:"/>
  <move id="344" source="B4" target="A4"/>
  <move id="345" source="A5" target="B5"/>
  <move id="346" source="B8" target="B7"/>
  <move id="347" source="F:" target="E:"/>
  <move id="348" source="B7" target="B6"/>
  <move id="349" source="E:" target="D:"/>
  <move id="350" source="B6" target="B5"/>
  <move id="351" source="D2" target="E2"/>
  <move id="352" source="B5" target="B6"/>
  <move id="353" source="E2" target="E3"/>
  <move id="354" source="B6" target="B7"/>
  <move id="355" source="E3" target="E4"/>
  <move id="356" source="B7" target="C7"/>
  <move id="357" source="E4" target="F4"/>
  <move id="358" source="C7" target="D7"/>
  <move id="359" source="F4" target="G4"/>
  <move id="360" source="A4" target="B4"/>
  <move id="361" source="G4" target="H4"/>
  <move id="362" source="D7" target="E7"/>
  <move id="363" source="H4" target="I4"/>
  <move id="364" source="E7" target="E8"/>
  <move id="365" source="I4" target="I5"/>
  <move id="366" source="E8" target="E9"/>
  <move id="367" source="I5" target="K5"/>
  <move id="368" source="E9" target="F9"/>
  <move id="369" source="K5" target="K6"/>
  <move id="370" source="F9" target="G9"/>
  <move id="371" source="G2" target="F2"/>
  <move id="372" source="G9" target="F9"/>
  <move id="373" source="K6" target="K7"/>
  <move id="374" source="F9" target="F8"/>
  <move id="375" source="K7" target="K8"/>
  <move id="376" source="F8" target="F7"/>
  <move id="377" source="K8" target="K9"/>
  <move id="378" source="F7" target="F6"/>
  <move id="379" source="K9" target="K:"/>
  <move id="380" source="F6" target="F5"/>
  <move id="381" source="F2" target="G2"/>
  <move id="382" source="F5" target="F4"/>
  <move id="383" source="G2" target="H2"/>
  <move id="384" source="F4" target="G4"/>
  <move id="385" source="K:" target="I:"/>
  <move id="386" source="B4" target="B5"/>
  <move id="387" source="I:" target="H:"/>
  <move id="388" source="G4" target="G3"/>
  <move id="389" source="H:" target="H9"/>
  <move id="390" source="B5" target="B6"/>
  <move id="391" source="H9" target="G9"/>
  <move id="392" source="B6" target="B7"/>
  <move id="393" source="G9" target="H9"/>
  <move id="394" source="B7" target="B8"/>
  <move id="395" source="H9" target="H:"/>
  <move id="396" source="B8" target="C8"/>
  <move id="397" source="H:" target="I:"/>
  <move id="398" source="C8" target="C9"/>
  <move id="399" source="I:" target="H:"/>
  <move id="400" source="C9" target="D9"/>
  <move id="401" source="H:" target="I:"/>
  <move id="402" source="D9" target="E9"/>
  <move id="403" source="I:" target="K:"/>
  <move id="404" source="E9" target="D9"/>
  <move id="405" source="K:" target="I:"/>
  <move id="406" source="G3" target="G4"/>
  <move id="407" source="H2" target="H3"/>
  <move id="408" source="G4" target="H4"/>
  <move id="409" source="H3" target="G3"/>
  <move id="410" source="H4" target="I4"/>
  <move id="411" source="G3" target="F3"/>
  <move id="412" source="I4" target="K4"/>
  <move id="413" source="F3" target="E3"/>
  <move id="414" source="K4" target="K3"/>
  <move id="415" source="I:" target="H:"/>
  <move id="416" source="K3" target="K2"/>
  <move id="417" source="H:" target="H9"/>
  <move id="418" source="K2" target="K1"/>
  <move id="419" source="E3" target="E4"/>
  <move id="420" source="K1" target="K2"/>
  <move id="421" source="E4" target="D4"/>
  <move id="422" source="K2" target="I2"/>
  <move id="423" source="D4" target="C4"/>
  <move id="424" source="I2" target="H2"/>
  <move id="425" source="H9" target="G9"/>
  <move id="426" source="H2" target="G2"/>
  <move id="427" source="G9" target="F9"/>
  <move id="428" source="G2" target="F2"/>
  <move id="429" source="F9" target="F:"/>
  <move id="430" source="F2" target="G2"/>
  <move id="431" source="C4" target="B4"/>
  <move id="432" source="G2" target="H2"/>
  <move id="433" source="B4" target="A4"/>
  <move id="434" source="H2" target="H1"/>
  <move id="435" source="A4" target="A5"/>
  <player id="1">Player 1</player>
  <player id="2">Player 2</player>
  <result type="3" winner="1"/>
 </game>
</stratego>