<?xml version="1.0" encoding="UTF-8"?>
<stratego>
 <game type="classicfree">
  
  <field content="AAAAAAAYAAAAAAAAAAAAAAAAAAAAAAAAAAAAAAAAAA__AW__AAAA__AA__AAAAAAALAAAAAAAAAAAAAAAVAAAAAAAAAEBAAAAMAA"/>
  <move id="1" source="F7" target="F6"/>
  <move id="2" source="F5" target="F4"/>
  <move id="3" source="F6" target="F5"/>
  <move id="4" source="F4" target="G4"/>
  <move id="5" source="F5" target="F4"/>
  <move id="6" source="G4" target="H4"/>
  <move id="7" source="F4" target="G4"/>
  <move id="8" source="H4" target="I4"/>
  <move id="9" source="G4" target="H4"/>
  <move id="10" source="I4" target="I5"/>
  <move id="11" source="H4" target="I4"/>
  <move id="12" source="I5" target="I6"/>
  <move id="13" source="B:" target="A:"/>
  <move id="14" source="I6" target="I7"/>
  <move id="15" source="A:" target="B:"/>
  <move id="16" source="I7" target="H7"/>
  <move id="17" source="I4" target="I5"/>
  <move id="18" source="H7" target="I7"/>
  <move id="19" source="I5" target="I6"/>
  <move id="20" source="I7" target="H7"/>
  <move id="21" source="I6" target="I7"/>
  <move id="22" source="H7" target="G7"/>
  <move id="23" source="I7" target="H7"/>
  <move id="24" source="G7" target="F7"/>
  <move id="25" source="H7" target="G7"/>
  <move id="26" source="F7" target="F6"/>
  <move id="27" source="G7" target="F7"/>
  <move id="28" source="F6" target="F5"/>
  <move id="29" source="B:" target="A:"/>
  <move id="30" source="B9" target="A9"/>
  <move id="31" source="A:" target="B:"/>
  <move id="32" source="A9" target="B9"/>
  <move id="33" source="B:" target="A:"/>
  <move id="34" source="B9" target="A9"/>
  <move id="35" source="F7" target="F6"/>
  <move id="36" source="F5" target="F4"/>
  <move id="37" source="F6" target="F5"/>
  <move id="38" source="F4" target="G4"/>
  <move id="39" source="F5" target="F4"/>
  <move id="40" source="G4" target="H4"/>
  <move id="41" source="F4" target="G4"/>
  <move id="42" source="H4" target="I4"/>
  <move id="43" source="G4" target="H4"/>
  <move id="44" source="I4" target="I5"/>
  <move id="45" source="H4" target="I4"/>
  <move id="46" source="I5" target="I6"/>
  <move id="47" source="I4" target="I5"/>
  <move id="48" source="I6" target="I7"/>
  <move id="49" source="I5" target="I6"/>
  <move id="50" source="I7" target="H7"/>
  <move id="51" source="I6" target="I7"/>
  <move id="52" source="H7" target="G7"/>
  <move id="53" source="I7" target="H7"/>
  <move id="54" source="G7" target="F7"/>
  <move id="55" source="H7" target="G7"/>
  <move id="56" source="F7" target="F6"/>
  <move id="57" source="G7" target="F7"/>
  <move id="58" source="F6" target="F5"/>
  <move id="59" source="A:" target="B:"/>
  <move id="60" source="A9" target="B9"/>
  <move id="61" source="F7" target="F6"/>
  <move id="62" source="F5" target="F4"/>
  <move id="63" source="B:" target="A:"/>
  <move id="64" source="B9" target="A9"/>
  <move id="65" source="F6" target="F5"/>
  <move id="66" source="F4" target="G4"/>
  <move id="67" source="A:" target="B:"/>
  <move id="68" source="A9" target="B9"/>
  <move id="69" source="F5" target="F4"/>
  <move id="70" source="G4" target="H4"/>
  <move id="71" source="B:" target="A:"/>
  <move id="72" source="B9" target="A9"/>
  <move id="73" source="F4" target="G4"/>
  <move id="74" source="H4" target="I4"/>
  <move id="75" source="A:" target="B:"/>
  <move id="76" source="A9" target="B9"/>
  <move id="77" source="G4" target="H4"/>
  <move id="78" source="I4" target="I5"/>
  <move id="79" source="B:" target="A:"/>
  <move id="80" source="B9" target="A9"/>
  <move id="81" source="H4" target="I4"/>
  <move id="82" source="I5" target="I6"/>
  <move id="83" source="A:" target="B:"/>
  <move id="84" source="A9" target="B9"/>
  <move id="85" source="I4" target="I5"/>
  <move id="86" source="I6" target="I7"/>
  <move id="87" source="B:" target="A:"/>
  <move id="88" source="B9" target="A9"/>
  <move id="89" source="I5" target="I6"/>
  <move id="90" source="I7" target="H7"/>
  <move id="91" source="A:" target="B:"/>
  <move id="92" source="A9" target="B9"/>
  <move id="93" source="I6" target="I7"/>
  <move id="94" source="H7" target="G7"/>
  <move id="95" source="B:" target="A:"/>
  <move id="96" source="B9" target="A9"/>
  <move id="97" source="I7" target="H7"/>
  <move id="98" source="G7" target="F7"/>
  <move id="99" source="A:" target="B:"/>
  <move id="100" source="A9" target="B9"/>
  <move id="101" source="H7" target="G7"/>
  <move id="102" source="F7" target="F6"/>
  <move id="103" source="B:" target="A:"/>
  <move id="104" source="B9" target="A9"/>
  <move id="105" source="G7" target="F7"/>
  <move id="106" source="F6" target="F5"/>
  <move id="107" source="A:" target="B:"/>
  <move id="108" source="A9" target="B9"/>
  <move id="109" source="F7" target="F6"/>
  <move id="110" source="F5" target="F4"/>
  <move id="111" source="B:" target="A:"/>
  <move id="112" source="B9" target="A9"/>
  <move id="113" source="F6" target="F5"/>
  <move id="114" source="F4" target="G4"/>
  <move id="115" source="A:" target="B:"/>
  <move id="116" source="A9" target="B9"/>
  <move id="117" source="F5" target="F4"/>
  <move id="118" source="G4" target="H4"/>
  <player id="1">Player 1</player>
  <player id="2">Player 2</player>
  <result type="11" winner="2"/>
 </game>
</stratego>