<?xml version="1.0" encoding="UTF-8"?>
<stratego>
 <game type="classic">
  
  <field content="EFDEDBMEDEDDBBGBIIDJGFBBFFCHDKHGDHEHJLGIAA__AA__AAAA__AA__AANTVXTRPURRRNSPVPUWPUNQPTNQTOPSYNSNQPSQQP"/>
  <move id="1" source="K4" target="K5"/>
  <move id="2" source="E7" target="E6"/>
  <move id="3" source="K5" target="K6"/>
  <move id="4" source="F7" target="F6"/>
  <move id="5" source="K3" target="K4"/>
  <move id="6" source="G7" target="F7"/>
  <move id="7" source="K6" target="K7"/>
  <move id="8" source="I7" target="I6"/>
  <move id="9" source="K7" target="K6"/>
  <move id="10" source="I6" target="I5"/>
  <move id="11" source="I4" target="I5"/>
  <move id="12" source="E6" target="E5"/>
  <move id="13" source="I5" target="I6"/>
  <move id="14" source="F6" target="F5"/>
  <move id="15" source="K6" target="K5"/>
  <move id="16" source="H7" target="I7"/>
  <move id="17" source="I6" target="K6"/>
  <move id="18" source="I7" target="I6"/>
  <move id="19" source="K6" target="K7"/>
  <move id="20" source="I6" target="K6"/>
  <move id="21" source="K7" target="I7"/>
  <move id="22" source="F5" target="F4"/>
  <move id="23" source="I7" target="H7"/>
  <move id="24" source="H8" target="H7"/>
  <move id="25" source="K5" target="K6"/>
  <move id="26" source="I8" target="I7"/>
  <move id="27" source="I3" target="I7"/>
  <move id="28" source="I9" target="I8"/>
  <move id="29" source="K2" target="K3"/>
  <move id="30" source="I8" target="I7"/>
  <move id="31" source="K3" target="I3"/>
  <move id="32" source="I7" target="K7"/>
  <move id="33" source="I3" target="I4"/>
  <move id="34" source="K7" target="K4"/>
  <move id="35" source="I4" target="I5"/>
  <move id="36" source="H7" target="I7"/>
  <move id="37" source="I5" target="I4"/>
  <move id="38" source="D7" target="E7"/>
  <move id="39" source="K4" target="K3"/>
  <move id="40" source="E7" target="E6"/>
  <move id="41" source="I2" target="I3"/>
  <move id="42" source="E6" target="F6"/>
  <move id="43" source="I4" target="K4"/>
  <move id="44" source="I7" target="I6"/>
  <move id="45" source="I3" target="I4"/>
  <move id="46" source="I6" target="K6"/>
  <move id="47" source="K3" target="I3"/>
  <move id="48" source="F7" target="I7"/>
  <move id="49" source="K4" target="K3"/>
  <move id="50" source="I7" target="I4"/>
  <move id="51" source="I3" target="I2"/>
  <move id="52" source="F6" target="F5"/>
  <move id="53" source="H3" target="I3"/>
  <move id="54" source="E5" target="E4"/>
  <move id="55" source="F4" target="E4"/>
  <move id="56" source="F5" target="F4"/>
  <move id="57" source="E3" target="E4"/>
  <move id="58" source="F8" target="F7"/>
  <move id="59" source="E2" target="E3"/>
  <move id="60" source="F7" target="E7"/>
  <move id="61" source="I3" target="I4"/>
  <move id="62" source="E7" target="E6"/>
  <move id="63" source="I4" target="K4"/>
  <move id="64" source="D8" target="D7"/>
  <move id="65" source="H4" target="I4"/>
  <move id="66" source="D7" target="I7"/>
  <move id="67" source="I4" target="I5"/>
  <move id="68" source="I7" target="I5"/>
  <move id="69" source="I5" target="K5"/>
  <move id="70" source="K6" target="I6"/>
  <move id="71" source="I2" target="I3"/>
  <move id="72" source="E6" target="F6"/>
  <move id="73" source="K5" target="K6"/>
  <move id="74" source="E8" target="E7"/>
  <move id="75" source="K6" target="I6"/>
  <move id="76" source="E7" target="E6"/>
  <move id="77" source="E4" target="F4"/>
  <move id="78" source="E6" target="E5"/>
  <move id="79" source="E3" target="E4"/>
  <move id="80" source="E5" target="E4"/>
  <move id="81" source="I3" target="I4"/>
  <move id="82" source="E4" target="E3"/>
  <move id="83" source="G4" target="H4"/>
  <move id="84" source="F6" target="E6"/>
  <move id="85" source="I4" target="I5"/>
  <move id="86" source="E6" target="E4"/>
  <move id="87" source="B4" target="B5"/>
  <move id="88" source="E4" target="D4"/>
  <move id="89" source="B5" target="B6"/>
  <move id="90" source="E3" target="E4"/>
  <move id="91" source="C4" target="B4"/>
  <move id="92" source="E4" target="D4"/>
  <move id="93" source="B6" target="B7"/>
  <move id="94" source="D4" target="C4"/>
  <move id="95" source="B4" target="B5"/>
  <move id="96" source="C4" target="B4"/>
  <move id="97" source="B5" target="B6"/>
  <move id="98" source="B4" target="B5"/>
  <move id="99" source="B6" target="A6"/>
  <move id="100" source="B5" target="A5"/>
  <move id="101" source="A6" target="A7"/>
  <move id="102" source="B7" target="B6"/>
  <move id="103" source="I5" target="K5"/>
  <move id="104" source="B6" target="B5"/>
  <move id="105" source="K5" target="K6"/>
  <move id="106" source="B5" target="B4"/>
  <move id="107" source="A4" target="B4"/>
  <move id="108" source="A5" target="A4"/>
  <move id="109" source="K6" target="K7"/>
  <move id="110" source="A4" target="A3"/>
  <move id="111" source="K7" target="I7"/>
  <move id="112" source="A3" target="B3"/>
  <move id="113" source="I7" target="H7"/>
  <move id="114" source="B3" target="B4"/>
  <move id="115" source="H7" target="G7"/>
  <move id="116" source="B4" target="C4"/>
  <move id="117" source="G7" target="F7"/>
  <move id="118" source="C4" target="D4"/>
  <move id="119" source="F7" target="E7"/>
  <move id="120" source="D4" target="E4"/>
  <move id="121" source="G3" target="H3"/>
  <move id="122" source="F4" target="G4"/>
  <move id="123" source="H4" target="I4"/>
  <move id="124" source="G4" target="H4"/>
  <move id="125" source="H3" target="H4"/>
  <move id="126" source="E4" target="E3"/>
  <move id="127" source="I4" target="I3"/>
  <move id="128" source="E3" target="E2"/>
  <move id="129" source="I3" target="H3"/>
  <move id="130" source="E2" target="F2"/>
  <move id="131" source="H3" target="G3"/>
  <move id="132" source="C7" target="B7"/>
  <move id="133" source="F3" target="F4"/>
  <move id="134" source="B7" target="B6"/>
  <move id="135" source="G3" target="F3"/>
  <move id="136" source="B6" target="B5"/>
  <move id="137" source="E1" target="E6"/>
  <move id="138" source="B5" target="B4"/>
  <move id="139" source="F3" target="E3"/>
  <move id="140" source="B4" target="B3"/>
  <move id="141" source="A2" target="A6"/>
  <move id="142" source="B3" target="B2"/>
  <move id="143" source="F4" target="F5"/>
  <move id="144" source="B2" target="C2"/>
  <player id="1">Player 1</player>
  <player id="2">Player 2</player>
  <result type="3" winner="1"/>
 </game>
</stratego>