<?xml version="1.0" encoding="UTF-8"?>
<stratego>
 <game type="classic">
  
  <field content="EJMGBCEDBDIDLDDKHBEJBHFBIBFGIEFDGEGDFHDHAA__AA__AAAA__AA__AASPTSSRRQRSQUPNXTPWPRVPTNOVPTUPQNNYNNUQPQ"/>
  <move id="1" source="A4" target="A5"/>
  <move id="2" source="B7" target="B6"/>
  <move id="3" source="B4" target="B6"/>
  <move id="4" source="C7" target="B7"/>
  <move id="5" source="A5" target="A6"/>
  <move id="6" source="B7" target="B6"/>
  <move id="7" source="A6" target="A7"/>
  <move id="8" source="B8" target="B7"/>
  <move id="9" source="E4" target="E5"/>
  <move id="10" source="B7" target="B8"/>
  <move id="11" source="C4" target="B4"/>
  <move id="12" source="B6" target="B5"/>
  <move id="13" source="C3" target="C4"/>
  <move id="14" source="B5" target="B4"/>
  <move id="15" source="B3" target="B4"/>
  <move id="16" source="B8" target="B7"/>
  <move id="17" source="C4" target="B4"/>
  <move id="18" source="B7" target="B6"/>
  <move id="19" source="B2" target="B3"/>
  <move id="20" source="B6" target="B5"/>
  <move id="21" source="B1" target="B2"/>
  <move id="22" source="B5" target="B4"/>
  <move id="23" source="C2" target="C3"/>
  <move id="24" source="B4" target="B3"/>
  <move id="25" source="B2" target="B3"/>
  <move id="26" source="B9" target="B8"/>
  <move id="27" source="C3" target="C4"/>
  <move id="28" source="A9" target="B9"/>
  <move id="29" source="E5" target="E6"/>
  <move id="30" source="B8" target="B7"/>
  <move id="31" source="E3" target="E4"/>
  <move id="32" source="B7" target="C7"/>
  <move id="33" source="E4" target="E5"/>
  <move id="34" source="B9" target="B8"/>
  <move id="35" source="F4" target="E4"/>
  <move id="36" source="B8" target="B7"/>
  <move id="37" source="G4" target="F4"/>
  <move id="38" source="B7" target="B6"/>
  <move id="39" source="C4" target="B4"/>
  <move id="40" source="B6" target="B7"/>
  <move id="41" source="B4" target="B5"/>
  <move id="42" source="B7" target="B8"/>
  <move id="43" source="B5" target="B6"/>
  <move id="44" source="C7" target="B7"/>
  <move id="45" source="B6" target="B7"/>
  <move id="46" source="D7" target="C7"/>
  <move id="47" source="B7" target="B8"/>
  <move id="48" source="E7" target="D7"/>
  <move id="49" source="B8" target="B7"/>
  <move id="50" source="E8" target="E7"/>
  <move id="51" source="E5" target="F5"/>
  <move id="52" source="E9" target="E8"/>
  <move id="53" source="F5" target="F6"/>
  <move id="54" source="C8" target="B8"/>
  <move id="55" source="B7" target="B6"/>
  <move id="56" source="C7" target="C8"/>
  <move id="57" source="B6" target="B5"/>
  <move id="58" source="D7" target="C7"/>
  <move id="59" source="B5" target="B4"/>
  <move id="60" source="C7" target="B7"/>
  <move id="61" source="F4" target="F5"/>
  <move id="62" source="E7" target="D7"/>
  <move id="63" source="E6" target="E7"/>
  <move id="64" source="D7" target="E7"/>
  <move id="65" source="B4" target="C4"/>
  <move id="66" source="F7" target="F6"/>
  <move id="67" source="I4" target="I5"/>
  <move id="68" source="E7" target="F7"/>
  <move id="69" source="F6" target="E6"/>
  <move id="70" source="B7" target="B6"/>
  <move id="71" source="B3" target="B4"/>
  <move id="72" source="B8" target="B7"/>
  <move id="73" source="B4" target="B5"/>
  <move id="74" source="B7" target="C7"/>
  <move id="75" source="B5" target="B6"/>
  <move id="76" source="E8" target="E7"/>
  <move id="77" source="B6" target="B7"/>
  <move id="78" source="E7" target="D7"/>
  <move id="79" source="B7" target="C7"/>
  <move id="80" source="D7" target="E7"/>
  <move id="81" source="C4" target="B4"/>
  <move id="82" source="E7" target="E8"/>
  <move id="83" source="B4" target="C4"/>
  <move id="84" source="E8" target="E9"/>
  <move id="85" source="F5" target="F4"/>
  <move id="86" source="F8" target="E8"/>
  <move id="87" source="C7" target="D7"/>
  <move id="88" source="A7" target="A6"/>
  <move id="89" source="D7" target="C7"/>
  <move id="90" source="A6" target="A5"/>
  <move id="91" source="C4" target="B4"/>
  <move id="92" source="A5" target="B5"/>
  <move id="93" source="B4" target="B5"/>
  <move id="94" source="F7" target="E7"/>
  <move id="95" source="E6" target="F6"/>
  <move id="96" source="E7" target="D7"/>
  <move id="97" source="C7" target="B7"/>
  <move id="98" source="D7" target="C7"/>
  <move id="99" source="B7" target="A7"/>
  <move id="100" source="C7" target="B7"/>
  <move id="101" source="A7" target="A6"/>
  <move id="102" source="B7" target="B6"/>
  <move id="103" source="B5" target="B6"/>
  <move id="104" source="G7" target="F7"/>
  <move id="105" source="F6" target="F7"/>
  <move id="106" source="G8" target="F8"/>
  <move id="107" source="F7" target="E7"/>
  <move id="108" source="H8" target="G8"/>
  <move id="109" source="E4" target="E5"/>
  <move id="110" source="F8" target="F7"/>
  <move id="111" source="E7" target="F7"/>
  <move id="112" source="F9" target="F8"/>
  <move id="113" source="E5" target="E8"/>
  <move id="114" source="F8" target="F7"/>
  <move id="115" source="D2" target="B2"/>
  <move id="116" source="F7" target="F8"/>
  <move id="117" source="E2" target="D2"/>
  <move id="118" source="F8" target="F9"/>
  <move id="119" source="F2" target="E2"/>
  <move id="120" source="G8" target="F8"/>
  <move id="121" source="E2" target="E3"/>
  <move id="122" source="E8" target="E7"/>
  <move id="123" source="E3" target="E4"/>
  <move id="124" source="E7" target="E6"/>
  <move id="125" source="E4" target="E5"/>
  <move id="126" source="E6" target="F6"/>
  <move id="127" source="E5" target="F5"/>
  <move id="128" source="E9" target="E8"/>
  <move id="129" source="F5" target="F6"/>
  <move id="130" source="E8" target="E7"/>
  <move id="131" source="F6" target="F7"/>
  <move id="132" source="E7" target="E6"/>
  <move id="133" source="F7" target="F8"/>
  <move id="134" source="E6" target="E5"/>
  <move id="135" source="B2" target="B3"/>
  <move id="136" source="E5" target="E4"/>
  <move id="137" source="A2" target="B2"/>
  <move id="138" source="E4" target="E3"/>
  <move id="139" source="B2" target="C2"/>
  <move id="140" source="E3" target="E2"/>
  <move id="141" source="D2" target="E2"/>
  <move id="142" source="C8" target="C7"/>
  <move id="143" source="A6" target="B6"/>
  <move id="144" source="C7" target="D7"/>
  <move id="145" source="B6" target="B7"/>
  <move id="146" source="D7" target="E7"/>
  <move id="147" source="B7" target="C7"/>
  <move id="148" source="E7" target="E6"/>
  <move id="149" source="E2" target="E6"/>
  <move id="150" source="E6" target="E5"/>
  <move id="151" source="F4" target="F5"/>
  <move id="152" source="E5" target="E4"/>
  <move id="153" source="D4" target="C4"/>
  <move id="154" source="E4" target="E3"/>
  <move id="155" source="C4" target="B4"/>
  <move id="156" source="E3" target="E2"/>
  <move id="157" source="B4" target="B5"/>
  <move id="158" source="E2" target="F2"/>
  <move id="159" source="G2" target="F2"/>
  <move id="160" source="I7" target="I6"/>
  <move id="161" source="F2" target="E2"/>
  <move id="162" source="I6" target="K6"/>
  <move id="163" source="E2" target="D2"/>
  <move id="164" source="I8" target="I5"/>
  <move id="165" source="F1" target="F2"/>
  <move id="166" source="K6" target="I6"/>
  <move id="167" source="F2" target="E2"/>
  <move id="168" source="I6" target="I5"/>
  <move id="169" source="E2" target="E3"/>
  <move id="170" source="I5" target="I4"/>
  <move id="171" source="I3" target="I4"/>
  <move id="172" source="I9" target="I8"/>
  <move id="173" source="I4" target="I5"/>
  <move id="174" source="I8" target="I7"/>
  <move id="175" source="I5" target="K5"/>
  <move id="176" source="I7" target="I6"/>
  <move id="177" source="E3" target="E4"/>
  <move id="178" source="H7" target="G7"/>
  <move id="179" source="E4" target="E5"/>
  <move id="180" source="G7" target="H7"/>
  <move id="181" source="E5" target="E6"/>
  <move id="182" source="I6" target="I7"/>
  <move id="183" source="E6" target="E7"/>
  <move id="184" source="I7" target="I8"/>
  <move id="185" source="E7" target="E8"/>
  <move id="186" source="H7" target="I7"/>
  <move id="187" source="E8" target="F8"/>
  <move id="188" source="I7" target="I6"/>
  <move id="189" source="F8" target="G8"/>
  <move id="190" source="I8" target="I7"/>
  <move id="191" source="G8" target="H8"/>
  <move id="192" source="I6" target="I5"/>
  <move id="193" source="K5" target="K6"/>
  <move id="194" source="I7" target="I6"/>
  <move id="195" source="K6" target="I6"/>
  <move id="196" source="I5" target="I4"/>
  <move id="197" source="K4" target="I4"/>
  <move id="198" source="K7" target="K6"/>
  <move id="199" source="I4" target="I5"/>
  <move id="200" source="K6" target="K5"/>
  <move id="201" source="I5" target="K5"/>
  <move id="202" source="H9" target="I9"/>
  <move id="203" source="K3" target="I3"/>
  <move id="204" source="G9" target="H9"/>
  <move id="205" source="H8" target="I8"/>
  <move id="206" source="H9" target="H8"/>
  <move id="207" source="K2" target="K3"/>
  <move id="208" source="H8" target="I8"/>
  <move id="209" source="K3" target="K4"/>
  <move id="210" source="I8" target="I7"/>
  <move id="211" source="K4" target="I4"/>
  <move id="212" source="I7" target="I4"/>
  <move id="213" source="I4" target="I5"/>
  <move id="214" source="I9" target="H9"/>
  <move id="215" source="I5" target="I6"/>
  <move id="216" source="H9" target="H8"/>
  <move id="217" source="I6" target="I7"/>
  <move id="218" source="H8" target="G8"/>
  <move id="219" source="C7" target="D7"/>
  <move id="220" source="F9" target="G9"/>
  <move id="221" source="I7" target="H7"/>
  <move id="222" source="G9" target="H9"/>
  <move id="223" source="D7" target="E7"/>
  <move id="224" source="G8" target="F8"/>
  <move id="225" source="H7" target="G7"/>
  <move id="226" source="F8" target="E8"/>
  <move id="227" source="E7" target="E8"/>
  <move id="228" source="I:" target="I9"/>
  <move id="229" source="G7" target="H7"/>
  <move id="230" source="I9" target="I8"/>
  <move id="231" source="H7" target="I7"/>
  <move id="232" source="I8" target="H8"/>
  <move id="233" source="B5" target="B6"/>
  <move id="234" source="H8" target="G8"/>
  <move id="235" source="E8" target="E7"/>
  <move id="236" source="G8" target="F8"/>
  <move id="237" source="B6" target="B7"/>
  <move id="238" source="F8" target="F6"/>
  <move id="239" source="F5" target="F6"/>
  <move id="240" source="G:" target="G9"/>
  <move id="241" source="B7" target="C7"/>
  <move id="242" source="G9" target="F9"/>
  <move id="243" source="C7" target="D7"/>
  <move id="244" source="F9" target="F8"/>
  <move id="245" source="D7" target="D8"/>
  <move id="246" source="F8" target="F7"/>
  <move id="247" source="E7" target="F7"/>
  <move id="248" source="A8" target="A7"/>
  <move id="249" source="D8" target="D9"/>
  <move id="250" source="C9" target="D9"/>
  <move id="251" source="F7" target="E7"/>
  <move id="252" source="H9" target="G9"/>
  <move id="253" source="E7" target="D7"/>
  <move id="254" source="G9" target="F9"/>
  <move id="255" source="D7" target="D8"/>
  <move id="256" source="F9" target="E9"/>
  <move id="257" source="D8" target="D9"/>
  <move id="258" source="E9" target="D9"/>
  <move id="259" source="B3" target="B8"/>
  <move id="260" source="A:" target="A9"/>
  <move id="261" source="B8" target="D8"/>
  <move id="262" source="A9" target="B9"/>
  <move id="263" source="D8" target="D:"/>
  <player id="1">Player 1</player>
  <player id="2">Player 2</player>
  <result type="1" winner="1"/>
 </game>
</stratego>