<?xml version="1.0" encoding="UTF-8"?>
<stratego>
 <game type="classic">
  
  <field content="BEBBMFBBFBDDEFGEECEHHJDLHJDKDIIGDIDGFHDGAA__AA__AAAA__AA__AANRVONPSRRPSTTSVTPUQPSTUXQPWRPPQNYNQNUNQP"/>
  <move id="1" source="K4" target="K5"/>
  <move id="2" source="F7" target="F6"/>
  <move id="3" source="K5" target="K6"/>
  <move id="4" source="G7" target="F7"/>
  <move id="5" source="K3" target="K4"/>
  <move id="6" source="G8" target="G7"/>
  <move id="7" source="K4" target="K5"/>
  <move id="8" source="F6" target="E6"/>
  <move id="9" source="K6" target="K7"/>
  <move id="10" source="F7" target="F6"/>
  <move id="11" source="K7" target="I7"/>
  <move id="12" source="F6" target="F5"/>
  <move id="13" source="I4" target="I5"/>
  <move id="14" source="F8" target="F7"/>
  <move id="15" source="I5" target="I6"/>
  <move id="16" source="F7" target="F6"/>
  <move id="17" source="I6" target="K6"/>
  <move id="18" source="F5" target="E5"/>
  <move id="19" source="K6" target="K8"/>
  <move id="20" source="F6" target="F5"/>
  <move id="21" source="I7" target="I8"/>
  <move id="22" source="H8" target="I8"/>
  <move id="23" source="I3" target="I4"/>
  <move id="24" source="H7" target="H8"/>
  <move id="25" source="I4" target="I5"/>
  <move id="26" source="G7" target="H7"/>
  <move id="27" source="K5" target="K6"/>
  <move id="28" source="H7" target="I7"/>
  <move id="29" source="K6" target="K7"/>
  <move id="30" source="H8" target="H7"/>
  <move id="31" source="I5" target="I6"/>
  <move id="32" source="I7" target="I6"/>
  <move id="33" source="H4" target="I4"/>
  <move id="34" source="H7" target="I7"/>
  <move id="35" source="K7" target="K8"/>
  <move id="36" source="I8" target="K8"/>
  <move id="37" source="I4" target="I3"/>
  <move id="38" source="I7" target="I6"/>
  <move id="39" source="G4" target="H4"/>
  <move id="40" source="I6" target="I5"/>
  <move id="41" source="H4" target="I4"/>
  <move id="42" source="I5" target="I6"/>
  <move id="43" source="I4" target="I5"/>
  <move id="44" source="I6" target="I7"/>
  <move id="45" source="I5" target="I6"/>
  <move id="46" source="I7" target="I8"/>
  <move id="47" source="I6" target="I7"/>
  <move id="48" source="I8" target="H8"/>
  <move id="49" source="I7" target="I8"/>
  <move id="50" source="H8" target="G8"/>
  <move id="51" source="G3" target="G4"/>
  <move id="52" source="E6" target="F6"/>
  <move id="53" source="G4" target="K4"/>
  <move id="54" source="F6" target="F7"/>
  <move id="55" source="K4" target="K9"/>
  <move id="56" source="F7" target="G7"/>
  <move id="57" source="I8" target="K8"/>
  <move id="58" source="G7" target="H7"/>
  <move id="59" source="K8" target="K9"/>
  <move id="60" source="H7" target="I7"/>
  <move id="61" source="K9" target="K:"/>
  <move id="62" source="G8" target="G7"/>
  <move id="63" source="K:" target="I:"/>
  <move id="64" source="G7" target="H7"/>
  <move id="65" source="I:" target="H:"/>
  <move id="66" source="I7" target="I6"/>
  <move id="67" source="B4" target="B5"/>
  <move id="68" source="H7" target="I7"/>
  <move id="69" source="B5" target="A5"/>
  <move id="70" source="I6" target="I5"/>
  <move id="71" source="A5" target="A6"/>
  <move id="72" source="I7" target="I6"/>
  <move id="73" source="C4" target="B4"/>
  <move id="74" source="I5" target="I4"/>
  <move id="75" source="I3" target="I4"/>
  <move id="76" source="I6" target="I5"/>
  <move id="77" source="I4" target="I3"/>
  <move id="78" source="I5" target="I4"/>
  <move id="79" source="A6" target="A7"/>
  <move id="80" source="E8" target="F8"/>
  <move id="81" source="A4" target="A5"/>
  <move id="82" source="F8" target="G8"/>
  <move id="83" source="A5" target="A6"/>
  <move id="84" source="G8" target="G7"/>
  <move id="85" source="B4" target="B7"/>
  <move id="86" source="D8" target="E8"/>
  <move id="87" source="A3" target="A4"/>
  <move id="88" source="E8" target="F8"/>
  <move id="89" source="A4" target="B4"/>
  <move id="90" source="G7" target="H7"/>
  <move id="91" source="B4" target="B5"/>
  <move id="92" source="H7" target="I7"/>
  <move id="93" source="B5" target="B6"/>
  <move id="94" source="I7" target="I6"/>
  <move id="95" source="B6" target="B7"/>
  <move id="96" source="B8" target="B7"/>
  <move id="97" source="C3" target="C4"/>
  <move id="98" source="I6" target="I5"/>
  <move id="99" source="C4" target="B4"/>
  <move id="100" source="C8" target="B8"/>
  <move id="101" source="A6" target="B6"/>
  <move id="102" source="B8" target="B7"/>
  <move id="103" source="B6" target="B7"/>
  <move id="104" source="C7" target="B7"/>
  <move id="105" source="B4" target="B5"/>
  <move id="106" source="B7" target="C7"/>
  <move id="107" source="B5" target="B9"/>
  <move id="108" source="C7" target="B7"/>
  <move id="109" source="B3" target="B4"/>
  <move id="110" source="D9" target="D8"/>
  <move id="111" source="B4" target="B5"/>
  <move id="112" source="D8" target="C8"/>
  <move id="113" source="B5" target="B6"/>
  <move id="114" source="B7" target="C7"/>
  <move id="115" source="B6" target="B7"/>
  <move id="116" source="B9" target="B8"/>
  <move id="117" source="F4" target="G4"/>
  <move id="118" source="F8" target="G8"/>
  <move id="119" source="E4" target="F4"/>
  <move id="120" source="G8" target="G7"/>
  <move id="121" source="D4" target="E4"/>
  <move id="122" source="G7" target="H7"/>
  <move id="123" source="E4" target="E5"/>
  <move id="124" source="F5" target="F6"/>
  <move id="125" source="E5" target="E4"/>
  <move id="126" source="H7" target="I7"/>
  <move id="127" source="C2" target="C3"/>
  <move id="128" source="I7" target="K7"/>
  <move id="129" source="C3" target="B3"/>
  <move id="130" source="K7" target="K6"/>
  <move id="131" source="B3" target="A3"/>
  <move id="132" source="K6" target="K5"/>
  <move id="133" source="A3" target="A4"/>
  <move id="134" source="K5" target="K4"/>
  <move id="135" source="A4" target="A5"/>
  <move id="136" source="I9" target="I8"/>
  <move id="137" source="A5" target="A6"/>
  <move id="138" source="I8" target="H8"/>
  <move id="139" source="A6" target="A7"/>
  <move id="140" source="A8" target="A7"/>
  <move id="141" source="B7" target="A7"/>
  <move id="142" source="C7" target="B7"/>
  <move id="143" source="A7" target="B7"/>
  <move id="144" source="H8" target="G8"/>
  <move id="145" source="E4" target="D4"/>
  <move id="146" source="G8" target="F8"/>
  <move id="147" source="D4" target="C4"/>
  <move id="148" source="F8" target="E8"/>
  <move id="149" source="C4" target="B4"/>
  <move id="150" source="E8" target="D8"/>
  <move id="151" source="B4" target="A4"/>
  <move id="152" source="B8" target="B7"/>
  <move id="153" source="A4" target="A5"/>
  <move id="154" source="C8" target="B8"/>
  <move id="155" source="A5" target="A6"/>
  <move id="156" source="A9" target="A8"/>
  <move id="157" source="B2" target="B3"/>
  <move id="158" source="A8" target="A7"/>
  <move id="159" source="A6" target="B6"/>
  <move id="160" source="D8" target="C8"/>
  <move id="161" source="B6" target="B7"/>
  <move id="162" source="B8" target="B7"/>
  <move id="163" source="B3" target="C3"/>
  <move id="164" source="B7" target="B6"/>
  <move id="165" source="C3" target="C4"/>
  <move id="166" source="B6" target="B5"/>
  <move id="167" source="C4" target="D4"/>
  <move id="168" source="B5" target="B4"/>
  <move id="169" source="D4" target="E4"/>
  <move id="170" source="F6" target="F7"/>
  <move id="171" source="H3" target="H4"/>
  <move id="172" source="F7" target="G7"/>
  <move id="173" source="H4" target="I4"/>
  <move id="174" source="I5" target="I6"/>
  <move id="175" source="I4" target="K4"/>
  <move id="176" source="I6" target="I7"/>
  <move id="177" source="K4" target="I4"/>
  <move id="178" source="I7" target="I8"/>
  <move id="179" source="I4" target="I5"/>
  <move id="180" source="I8" target="H8"/>
  <move id="181" source="I5" target="I6"/>
  <move id="182" source="C8" target="C7"/>
  <move id="183" source="I6" target="I7"/>
  <move id="184" source="H8" target="G8"/>
  <move id="185" source="F4" target="F9"/>
  <move id="186" source="G7" target="F7"/>
  <move id="187" source="I7" target="I8"/>
  <move id="188" source="G8" target="F8"/>
  <move id="189" source="I8" target="H8"/>
  <move id="190" source="F8" target="E8"/>
  <move id="191" source="H8" target="G8"/>
  <move id="192" source="G9" target="G8"/>
  <move id="193" source="G4" target="H4"/>
  <move id="194" source="B4" target="C4"/>
  <move id="195" source="H4" target="I4"/>
  <move id="196" source="A7" target="A6"/>
  <move id="197" source="F3" target="F4"/>
  <move id="198" source="A6" target="A5"/>
  <move id="199" source="F4" target="F5"/>
  <move id="200" source="A5" target="A4"/>
  <move id="201" source="F5" target="F6"/>
  <move id="202" source="F7" target="F8"/>
  <move id="203" source="F6" target="F7"/>
  <move id="204" source="A4" target="A3"/>
  <move id="205" source="F7" target="F8"/>
  <move id="206" source="E8" target="F8"/>
  <move id="207" source="E4" target="E7"/>
  <move id="208" source="A3" target="B3"/>
  <move id="209" source="I4" target="I5"/>
  <move id="210" source="B3" target="C3"/>
  <move id="211" source="D3" target="C3"/>
  <move id="212" source="C4" target="C3"/>
  <move id="213" source="I5" target="I6"/>
  <move id="214" source="C9" target="C8"/>
  <move id="215" source="I6" target="I7"/>
  <move id="216" source="C8" target="B8"/>
  <move id="217" source="I7" target="H7"/>
  <move id="218" source="G:" target="G9"/>
  <move id="219" source="H7" target="H8"/>
  <move id="220" source="B8" target="B7"/>
  <move id="221" source="H8" target="G8"/>
  <move id="222" source="G9" target="G8"/>
  <move id="223" source="H2" target="H3"/>
  <move id="224" source="B7" target="B6"/>
  <move id="225" source="H3" target="H4"/>
  <move id="226" source="B6" target="B5"/>
  <move id="227" source="H4" target="I4"/>
  <move id="228" source="B5" target="B4"/>
  <move id="229" source="I4" target="K4"/>
  <move id="230" source="B4" target="C4"/>
  <move id="231" source="K4" target="K5"/>
  <move id="232" source="C4" target="D4"/>
  <move id="233" source="K5" target="K6"/>
  <move id="234" source="D4" target="E4"/>
  <move id="235" source="E3" target="E4"/>
  <move id="236" source="E4" target="E3"/>
  <move id="237" source="K6" target="K7"/>
  <move id="238" source="E3" target="F3"/>
  <move id="239" source="K7" target="K8"/>
  <move id="240" source="G8" target="H8"/>
  <move id="241" source="K8" target="K9"/>
  <move id="242" source="H8" target="I8"/>
  <move id="243" source="K9" target="K:"/>
  <move id="244" source="I8" target="I7"/>
  <move id="245" source="D2" target="C2"/>
  <player id="1">Player 1</player>
  <player id="2">Player 2</player>
  <result type="14" winner="1"/>
 </game>
</stratego>