<?xml version="1.0" encoding="UTF-8"?>
<stratego>
 <game type="classic">
  
  <field content="DDEBIEGEBMFEBCJHIGGBBEHKHFGIJDDDBFDDDLHFAA__AA__AAAA__AA__AAUPPUPTVOTRPTNRTXPVWUPPNSQNSQRQPSNRNYNSQQ"/>
  <move id="1" source="E4" target="E5"/>
  <move id="2" source="A7" target="A6"/>
  <move id="3" source="E5" target="E6"/>
  <move id="4" source="A6" target="A5"/>
  <move id="5" source="E6" target="E7"/>
  <move id="6" source="I7" target="I6"/>
  <move id="7" source="F4" target="E4"/>
  <move id="8" source="I6" target="I5"/>
  <move id="9" source="E4" target="E5"/>
  <move id="10" source="I8" target="I7"/>
  <move id="11" source="I4" target="I5"/>
  <move id="12" source="I7" target="I8"/>
  <move id="13" source="K4" target="I4"/>
  <move id="14" source="K7" target="I7"/>
  <move id="15" source="E3" target="E4"/>
  <move id="16" source="K8" target="K7"/>
  <move id="17" source="G4" target="F4"/>
  <move id="18" source="K7" target="K6"/>
  <move id="19" source="K3" target="K4"/>
  <move id="20" source="K6" target="K5"/>
  <move id="21" source="I3" target="K3"/>
  <move id="22" source="I7" target="I6"/>
  <move id="23" source="E5" target="E6"/>
  <move id="24" source="I6" target="I5"/>
  <move id="25" source="E6" target="E7"/>
  <move id="26" source="D7" target="E7"/>
  <move id="27" source="F4" target="F5"/>
  <move id="28" source="E7" target="E6"/>
  <move id="29" source="E4" target="E3"/>
  <move id="30" source="E6" target="E7"/>
  <move id="31" source="F5" target="F4"/>
  <move id="32" source="E7" target="D7"/>
  <move id="33" source="F4" target="E4"/>
  <move id="34" source="D7" target="E7"/>
  <move id="35" source="G3" target="G4"/>
  <move id="36" source="E7" target="E6"/>
  <move id="37" source="H3" target="G3"/>
  <move id="38" source="E6" target="F6"/>
  <move id="39" source="F3" target="F4"/>
  <move id="40" source="F6" target="E6"/>
  <move id="41" source="G3" target="F3"/>
  <move id="42" source="E6" target="E7"/>
  <move id="43" source="G4" target="G3"/>
  <move id="44" source="E7" target="D7"/>
  <move id="45" source="F4" target="G4"/>
  <move id="46" source="D7" target="E7"/>
  <move id="47" source="F3" target="F4"/>
  <move id="48" source="E7" target="E6"/>
  <move id="49" source="F4" target="F5"/>
  <move id="50" source="E6" target="E7"/>
  <move id="51" source="F5" target="E5"/>
  <move id="52" source="E7" target="D7"/>
  <move id="53" source="E5" target="F5"/>
  <move id="54" source="D7" target="E7"/>
  <move id="55" source="E4" target="E5"/>
  <move id="56" source="E7" target="D7"/>
  <move id="57" source="F5" target="F6"/>
  <move id="58" source="I8" target="I7"/>
  <move id="59" source="E5" target="E6"/>
  <move id="60" source="I7" target="I6"/>
  <move id="61" source="E6" target="E8"/>
  <move id="62" source="I6" target="I7"/>
  <move id="63" source="F6" target="E6"/>
  <move id="64" source="I7" target="I8"/>
  <move id="65" source="E6" target="E7"/>
  <move id="66" source="I8" target="I7"/>
  <move id="67" source="E7" target="D7"/>
  <move id="68" source="I7" target="I6"/>
  <move id="69" source="G3" target="H3"/>
  <move id="70" source="C7" target="D7"/>
  <move id="71" source="G4" target="G3"/>
  <move id="72" source="D7" target="E7"/>
  <move id="73" source="E3" target="E4"/>
  <move id="74" source="E7" target="E6"/>
  <move id="75" source="D3" target="E3"/>
  <move id="76" source="E6" target="F6"/>
  <move id="77" source="E4" target="F4"/>
  <move id="78" source="F6" target="E6"/>
  <move id="79" source="D4" target="E4"/>
  <move id="80" source="E8" target="E7"/>
  <move id="81" source="D2" target="D3"/>
  <move id="82" source="E6" target="F6"/>
  <move id="83" source="D3" target="D4"/>
  <move id="84" source="E7" target="E6"/>
  <move id="85" source="E3" target="F3"/>
  <move id="86" source="E6" target="E5"/>
  <move id="87" source="E4" target="E3"/>
  <move id="88" source="E5" target="F5"/>
  <move id="89" source="F4" target="F5"/>
  <move id="90" source="F6" target="F3"/>
  <move id="91" source="F3" target="F4"/>
  <move id="92" source="I6" target="I7"/>
  <move id="93" source="F4" target="E4"/>
  <move id="94" source="I7" target="I8"/>
  <move id="95" source="K4" target="K5"/>
  <move id="96" source="K5" target="K6"/>
  <move id="97" source="I4" target="I3"/>
  <move id="98" source="I5" target="K5"/>
  <move id="99" source="K3" target="K4"/>
  <move id="100" source="K5" target="I5"/>
  <move id="101" source="K4" target="K5"/>
  <move id="102" source="K6" target="K7"/>
  <move id="103" source="K5" target="K4"/>
  <move id="104" source="K7" target="I7"/>
  <move id="105" source="I3" target="I4"/>
  <move id="106" source="I5" target="K5"/>
  <move id="107" source="I4" target="I5"/>
  <move id="108" source="K5" target="K4"/>
  <move id="109" source="K4" target="K3"/>
  <move id="110" source="I7" target="I6"/>
  <move id="111" source="I5" target="I4"/>
  <move id="112" source="I6" target="I5"/>
  <move id="113" source="I4" target="K4"/>
  <move id="114" source="I5" target="I4"/>
  <move id="115" source="K4" target="I4"/>
  <move id="116" source="I4" target="I5"/>
  <move id="117" source="H4" target="I4"/>
  <move id="118" source="I5" target="I6"/>
  <move id="119" source="I4" target="I5"/>
  <move id="120" source="I6" target="I7"/>
  <move id="121" source="I5" target="I6"/>
  <move id="122" source="K9" target="K8"/>
  <move id="123" source="I6" target="I7"/>
  <move id="124" source="H7" target="I7"/>
  <move id="125" source="E4" target="F4"/>
  <move id="126" source="I7" target="K7"/>
  <move id="127" source="F4" target="G4"/>
  <move id="128" source="I8" target="I7"/>
  <move id="129" source="G4" target="H4"/>
  <move id="130" source="I7" target="I6"/>
  <move id="131" source="H4" target="I4"/>
  <move id="132" source="F7" target="E7"/>
  <move id="133" source="I4" target="I5"/>
  <move id="134" source="G7" target="F7"/>
  <move id="135" source="I5" target="I6"/>
  <move id="136" source="F7" target="F6"/>
  <move id="137" source="E3" target="D3"/>
  <move id="138" source="F6" target="F5"/>
  <move id="139" source="E2" target="E3"/>
  <move id="140" source="F5" target="F4"/>
  <move id="141" source="E3" target="E4"/>
  <move id="142" source="F4" target="E4"/>
  <move id="143" source="D3" target="E3"/>
  <move id="144" source="H8" target="H7"/>
  <move id="145" source="K3" target="K4"/>
  <move id="146" source="H7" target="G7"/>
  <move id="147" source="K4" target="I4"/>
  <move id="148" source="G7" target="F7"/>
  <move id="149" source="I4" target="H4"/>
  <move id="150" source="B7" target="B4"/>
  <move id="151" source="H4" target="G4"/>
  <move id="152" source="A5" target="B5"/>
  <move id="153" source="G4" target="F4"/>
  <move id="154" source="A8" target="A4"/>
  <move id="155" source="E3" target="E2"/>
  <move id="156" source="B5" target="B4"/>
  <move id="157" source="G3" target="F3"/>
  <move id="158" source="A9" target="A3"/>
  <move id="159" source="F3" target="E3"/>
  <move id="160" source="B4" target="A4"/>
  <move id="161" source="E3" target="D3"/>
  <move id="162" source="B8" target="A8"/>
  <move id="163" source="D3" target="D2"/>
  <move id="164" source="B9" target="B3"/>
  <move id="165" source="D2" target="D3"/>
  <move id="166" source="A4" target="B4"/>
  <move id="167" source="F4" target="E4"/>
  <move id="168" source="B4" target="B3"/>
  <move id="169" source="D3" target="D2"/>
  <move id="170" source="B3" target="B4"/>
  <move id="171" source="E2" target="E3"/>
  <move id="172" source="B4" target="A4"/>
  <move id="173" source="E4" target="F4"/>
  <move id="174" source="A:" target="A9"/>
  <move id="175" source="E3" target="E4"/>
  <move id="176" source="A9" target="B9"/>
  <move id="177" source="E4" target="E5"/>
  <move id="178" source="B9" target="B2"/>
  <move id="179" source="F4" target="F3"/>
  <move id="180" source="A4" target="B4"/>
  <move id="181" source="F3" target="E3"/>
  <move id="182" source="B4" target="B3"/>
  <move id="183" source="E3" target="E4"/>
  <move id="184" source="B3" target="B2"/>
  <move id="185" source="D2" target="D3"/>
  <move id="186" source="B2" target="B3"/>
  <move id="187" source="D3" target="E3"/>
  <move id="188" source="B3" target="B4"/>
  <move id="189" source="E3" target="F3"/>
  <move id="190" source="B4" target="B5"/>
  <move id="191" source="F3" target="F4"/>
  <move id="192" source="B5" target="B6"/>
  <move id="193" source="F4" target="G4"/>
  <move id="194" source="B6" target="B7"/>
  <move id="195" source="G4" target="H4"/>
  <move id="196" source="G8" target="G7"/>
  <move id="197" source="H4" target="I4"/>
  <move id="198" source="F8" target="G8"/>
  <move id="199" source="I4" target="K4"/>
  <move id="200" source="G7" target="H7"/>
  <move id="201" source="K4" target="K5"/>
  <move id="202" source="H7" target="I7"/>
  <move id="203" source="K5" target="K6"/>
  <move id="204" source="F7" target="G7"/>
  <move id="205" source="K6" target="I6"/>
  <move id="206" source="G7" target="H7"/>
  <move id="207" source="E4" target="F4"/>
  <move id="208" source="E7" target="E6"/>
  <move id="209" source="E5" target="E4"/>
  <move id="210" source="E6" target="E5"/>
  <move id="211" source="E4" target="E5"/>
  <move id="212" source="E5" target="E6"/>
  <move id="213" source="E1" target="E2"/>
  <move id="214" source="E6" target="E7"/>
  <move id="215" source="E2" target="E3"/>
  <move id="216" source="E7" target="F7"/>
  <move id="217" source="F4" target="E4"/>
  <move id="218" source="I7" target="I6"/>
  <move id="219" source="I6" target="I5"/>
  <move id="220" source="G8" target="F8"/>
  <move id="221" source="I5" target="I4"/>
  <move id="222" source="H7" target="I7"/>
  <move id="223" source="I4" target="I3"/>
  <move id="224" source="I7" target="I6"/>
  <move id="225" source="I3" target="I4"/>
  <move id="226" source="I6" target="I5"/>
  <move id="227" source="E3" target="F3"/>
  <move id="228" source="I5" target="I4"/>
  <move id="229" source="E4" target="F4"/>
  <move id="230" source="I4" target="I5"/>
  <move id="231" source="F3" target="E3"/>
  <move id="232" source="I5" target="I6"/>
  <move id="233" source="E3" target="D3"/>
  <move id="234" source="K7" target="I7"/>
  <move id="235" source="H3" target="G3"/>
  <move id="236" source="I7" target="H7"/>
  <move id="237" source="G3" target="F3"/>
  <move id="238" source="F7" target="E7"/>
  <move id="239" source="F3" target="E3"/>
  <move id="240" source="E7" target="E8"/>
  <move id="241" source="E3" target="E2"/>
  <move id="242" source="D8" target="D7"/>
  <move id="243" source="E2" target="E1"/>
  <move id="244" source="D7" target="E7"/>
  <move id="245" source="F4" target="E4"/>
  <move id="246" source="E7" target="E6"/>
  <move id="247" source="E1" target="E2"/>
  <move id="248" source="H7" target="I7"/>
  <move id="249" source="E2" target="E3"/>
  <move id="250" source="I7" target="K7"/>
  <move id="251" source="E3" target="F3"/>
  <move id="252" source="E6" target="F6"/>
  <move id="253" source="F3" target="F4"/>
  <move id="254" source="E8" target="E7"/>
  <move id="255" source="F4" target="F5"/>
  <move id="256" source="F6" target="F5"/>
  <move id="257" source="F5" target="F4"/>
  <move id="258" source="I6" target="I5"/>
  <move id="259" source="F4" target="F3"/>
  <move id="260" source="E7" target="F7"/>
  <move id="261" source="E4" target="F4"/>
  <move id="262" source="F7" target="F6"/>
  <move id="263" source="D3" target="E3"/>
  <move id="264" source="D9" target="D8"/>
  <move id="265" source="E3" target="E4"/>
  <move id="266" source="D8" target="D7"/>
  <move id="267" source="E4" target="E3"/>
  <move id="268" source="D7" target="E7"/>
  <move id="269" source="F3" target="G3"/>
  <move id="270" source="E7" target="E6"/>
  <move id="271" source="F4" target="G4"/>
  <move id="272" source="I5" target="I6"/>
  <move id="273" source="G4" target="F4"/>
  <move id="274" source="F6" target="F7"/>
  <move id="275" source="F4" target="E4"/>
  <move id="276" source="K7" target="K6"/>
  <move id="277" source="G3" target="F3"/>
  <move id="278" source="E6" target="F6"/>
  <move id="279" source="E4" target="F4"/>
  <move id="280" source="F6" target="E6"/>
  <move id="281" source="F4" target="G4"/>
  <move id="282" source="E6" target="E5"/>
  <move id="283" source="E3" target="E4"/>
  <move id="284" source="E5" target="E6"/>
  <move id="285" source="F3" target="E3"/>
  <move id="286" source="I6" target="I7"/>
  <move id="287" source="E3" target="E2"/>
  <move id="288" source="I7" target="H7"/>
  <move id="289" source="E4" target="E3"/>
  <move id="290" source="H7" target="G7"/>
  <move id="291" source="G4" target="F4"/>
  <move id="292" source="F7" target="E7"/>
  <move id="293" source="E2" target="D2"/>
  <move id="294" source="F8" target="F7"/>
  <move id="295" source="F1" target="E1"/>
  <move id="296" source="F7" target="F6"/>
  <move id="297" source="F4" target="E4"/>
  <move id="298" source="F6" target="F5"/>
  <move id="299" source="E3" target="D3"/>
  <move id="300" source="F5" target="E5"/>
  <move id="301" source="E1" target="E2"/>
  <move id="302" source="G7" target="H7"/>
  <move id="303" source="E2" target="E3"/>
  <move id="304" source="H7" target="I7"/>
  <move id="305" source="E3" target="F3"/>
  <move id="306" source="E6" target="F6"/>
  <move id="307" source="F3" target="F4"/>
  <move id="308" source="F6" target="F5"/>
  <move id="309" source="F4" target="F5"/>
  <move id="310" source="E5" target="E6"/>
  <move id="311" source="F2" target="F3"/>
  <move id="312" source="F5" target="F6"/>
  <move id="313" source="F3" target="F4"/>
  <move id="314" source="I7" target="I6"/>
  <move id="315" source="F4" target="F5"/>
  <move id="316" source="F6" target="F7"/>
  <move id="317" source="F5" target="F6"/>
  <move id="318" source="E6" target="F6"/>
  <move id="319" source="D3" target="E3"/>
  <move id="320" source="F6" target="F5"/>
  <move id="321" source="E3" target="F3"/>
  <move id="322" source="I6" target="I5"/>
  <move id="323" source="E4" target="F4"/>
  <move id="324" source="F5" target="F4"/>
  <move id="325" source="F3" target="E3"/>
  <move id="326" source="I5" target="I4"/>
  <move id="327" source="E3" target="E4"/>
  <move id="328" source="F4" target="F5"/>
  <move id="329" source="C3" target="D3"/>
  <move id="330" source="I4" target="I3"/>
  <move id="331" source="D3" target="E3"/>
  <move id="332" source="I3" target="H3"/>
  <move id="333" source="E3" target="F3"/>
  <move id="334" source="H3" target="G3"/>
  <move id="335" source="E4" target="E3"/>
  <move id="336" source="G3" target="F3"/>
  <move id="337" source="E3" target="D3"/>
  <move id="338" source="F3" target="E3"/>
  <move id="339" source="D3" target="C3"/>
  <move id="340" source="E3" target="D3"/>
  <move id="341" source="C3" target="B3"/>
  <move id="342" source="F7" target="F6"/>
  <move id="343" source="B3" target="B4"/>
  <move id="344" source="F6" target="E6"/>
  <move id="345" source="B4" target="B5"/>
  <move id="346" source="E6" target="E5"/>
  <move id="347" source="B5" target="B6"/>
  <move id="348" source="E5" target="E4"/>
  <move id="349" source="B6" target="B7"/>
  <move id="350" source="E4" target="D4"/>
  <move id="351" source="G2" target="G3"/>
  <move id="352" source="F5" target="F6"/>
  <move id="353" source="G3" target="G4"/>
  <move id="354" source="F6" target="F7"/>
  <move id="355" source="G4" target="H4"/>
  <move id="356" source="F7" target="G7"/>
  <move id="357" source="H4" target="I4"/>
  <move id="358" source="G7" target="H7"/>
  <move id="359" source="I4" target="K4"/>
  <move id="360" source="H7" target="I7"/>
  <move id="361" source="K4" target="K5"/>
  <move id="362" source="K6" target="K5"/>
  <move id="363" source="B1" target="B2"/>
  <move id="364" source="D3" target="E3"/>
  <move id="365" source="B2" target="B3"/>
  <move id="366" source="E3" target="F3"/>
  <move id="367" source="K5" target="K4"/>
  <move id="368" source="E7" target="E6"/>
  <move id="369" source="D2" target="D3"/>
  <move id="370" source="E6" target="E5"/>
  <move id="371" source="D3" target="D4"/>
  <move id="372" source="E5" target="E4"/>
  <move id="373" source="B3" target="B4"/>
  <move id="374" source="E4" target="E3"/>
  <move id="375" source="B4" target="B5"/>
  <move id="376" source="E3" target="E2"/>
  <move id="377" source="B5" target="B6"/>
  <move id="378" source="E2" target="E1"/>
  <move id="379" source="B6" target="B7"/>
  <move id="380" source="E1" target="D1"/>
  <move id="381" source="B7" target="C7"/>
  <move id="382" source="G9" target="G8"/>
  <move id="383" source="C7" target="D7"/>
  <move id="384" source="G8" target="F8"/>
  <move id="385" source="D7" target="E7"/>
  <move id="386" source="A8" target="A7"/>
  <move id="387" source="A2" target="B2"/>
  <move id="388" source="A7" target="B7"/>
  <move id="389" source="B2" target="B3"/>
  <move id="390" source="B7" target="B6"/>
  <move id="391" source="B3" target="B4"/>
  <move id="392" source="B6" target="B5"/>
  <move id="393" source="B4" target="B5"/>
  <move id="394" source="F3" target="E3"/>
  <move id="395" source="E7" target="D7"/>
  <move id="396" source="F8" target="E8"/>
  <move id="397" source="D7" target="D:"/>
  <move id="398" source="B5" target="B4"/>
  <move id="399" source="H2" target="H3"/>
  <move id="400" source="B4" target="B3"/>
  <move id="401" source="H3" target="H4"/>
  <move id="402" source="B3" target="B2"/>
  <move id="403" source="H4" target="G4"/>
  <move id="404" source="B2" target="B1"/>
  <move id="405" source="G4" target="F4"/>
  <move id="406" source="B1" target="C1"/>
  <move id="407" source="F4" target="F5"/>
  <move id="408" source="E3" target="F3"/>
  <move id="409" source="F5" target="F6"/>
  <move id="410" source="B:" target="B9"/>
  <move id="411" source="F6" target="F7"/>
  <move id="412" source="B9" target="B8"/>
  <move id="413" source="F7" target="E7"/>
  <move id="414" source="B8" target="B7"/>
  <move id="415" source="E7" target="E8"/>
  <move id="416" source="B7" target="C7"/>
  <move id="417" source="G1" target="F1"/>
  <move id="418" source="C7" target="D7"/>
  <move id="419" source="F1" target="E1"/>
  <move id="420" source="D7" target="E7"/>
  <move id="421" source="E1" target="E2"/>
  <move id="422" source="F3" target="G3"/>
  <move id="423" source="E2" target="E3"/>
  <move id="424" source="G3" target="H3"/>
  <move id="425" source="E3" target="E4"/>
  <move id="426" source="H3" target="H2"/>
  <move id="427" source="K4" target="I4"/>
  <move id="428" source="H2" target="I2"/>
  <move id="429" source="I4" target="H4"/>
  <move id="430" source="I2" target="H2"/>
  <move id="431" source="H4" target="G4"/>
  <move id="432" source="I7" target="H7"/>
  <move id="433" source="G4" target="F4"/>
  <move id="434" source="H7" target="G7"/>
  <move id="435" source="E4" target="E5"/>
  <move id="436" source="E7" target="E8"/>
  <move id="437" source="E5" target="E6"/>
  <move id="438" source="H2" target="H1"/>
  <move id="439" source="F4" target="E4"/>
  <move id="440" source="G7" target="F7"/>
  <move id="441" source="E4" target="D4"/>
  <move id="442" source="F7" target="F6"/>
  <move id="443" source="E6" target="E7"/>
  <move id="444" source="E8" target="E7"/>
  <move id="445" source="D4" target="D3"/>
  <move id="446" source="H1" target="H2"/>
  <move id="447" source="D3" target="C3"/>
  <move id="448" source="K8" target="K7"/>
  <move id="449" source="C3" target="B3"/>
  <move id="450" source="K7" target="K6"/>
  <move id="451" source="B3" target="B2"/>
  <move id="452" source="K6" target="K5"/>
  <move id="453" source="B2" target="B1"/>
  <move id="454" source="K5" target="K4"/>
  <move id="455" source="B1" target="C1"/>
  <move id="456" source="K4" target="K3"/>
  <move id="457" source="A1" target="B1"/>
  <move id="458" source="K3" target="K2"/>
  <move id="459" source="B1" target="B:"/>
  <move id="460" source="K2" target="I2"/>
  <move id="461" source="B:" target="C:"/>
  <move id="462" source="I2" target="I1"/>
  <move id="463" source="C1" target="B1"/>
  <move id="464" source="F6" target="F7"/>
  <move id="465" source="B1" target="B2"/>
  <move id="466" source="F7" target="G7"/>
  <move id="467" source="B2" target="B3"/>
  <move id="468" source="G7" target="H7"/>
  <move id="469" source="B3" target="B4"/>
  <move id="470" source="H7" target="I7"/>
  <move id="471" source="B4" target="B5"/>
  <move id="472" source="I7" target="K7"/>
  <move id="473" source="B5" target="B6"/>
  <move id="474" source="K7" target="K6"/>
  <move id="475" source="B6" target="B7"/>
  <move id="476" source="K6" target="K5"/>
  <move id="477" source="B7" target="B8"/>
  <move id="478" source="K5" target="K4"/>
  <move id="479" source="B8" target="B9"/>
  <move id="480" source="K4" target="K3"/>
  <move id="481" source="B9" target="C9"/>
  <player id="1">Player 1</player>
  <player id="2">Player 2</player>
  <result type="0" winner="2"/>
 </game>
</stratego>