<?xml version="1.0" encoding="UTF-8"?>
<stratego>
 <game type="classic">
  
  <field content="BDFDGBEEDBDHEMJDBGEHFJDLIGCFKIBDIHDHFEBGAA__AA__AAAA__AA__AATSRPUVNSTUXQPVPUNQRRQWNNPTSNPQOPTYNPSRQP"/>
  <move id="1" source="E4" target="E7"/>
  <move id="2" source="E7" target="E6"/>
  <move id="3" source="F4" target="F5"/>
  <move id="4" source="F7" target="F6"/>
  <move id="5" source="E3" target="E4"/>
  <move id="6" source="F6" target="F5"/>
  <move id="7" source="D3" target="E3"/>
  <move id="8" source="E6" target="E5"/>
  <move id="9" source="B4" target="B7"/>
  <move id="10" source="E5" target="E4"/>
  <move id="11" source="E3" target="E4"/>
  <move id="12" source="F5" target="F4"/>
  <move id="13" source="E4" target="F4"/>
  <move id="14" source="A7" target="A6"/>
  <move id="15" source="B3" target="B4"/>
  <move id="16" source="A6" target="A5"/>
  <move id="17" source="B4" target="B5"/>
  <move id="18" source="A5" target="A4"/>
  <move id="19" source="B5" target="B6"/>
  <move id="20" source="A8" target="A7"/>
  <move id="21" source="F4" target="E4"/>
  <move id="22" source="B8" target="A8"/>
  <move id="23" source="F3" target="F4"/>
  <move id="24" source="B7" target="B8"/>
  <move id="25" source="B6" target="A6"/>
  <move id="26" source="C7" target="B7"/>
  <move id="27" source="C3" target="B3"/>
  <move id="28" source="D7" target="E7"/>
  <move id="29" source="B3" target="B7"/>
  <move id="30" source="E7" target="E6"/>
  <move id="31" source="E4" target="E5"/>
  <move id="32" source="F8" target="F7"/>
  <move id="33" source="E5" target="E6"/>
  <move id="34" source="B7" target="B6"/>
  <move id="35" source="A6" target="A7"/>
  <move id="36" source="A7" target="A6"/>
  <move id="37" source="C4" target="B4"/>
  <move id="38" source="B6" target="B5"/>
  <move id="39" source="G3" target="F3"/>
  <move id="40" source="F7" target="E7"/>
  <move id="41" source="E6" target="F6"/>
  <move id="42" source="F9" target="F8"/>
  <move id="43" source="F4" target="E4"/>
  <move id="44" source="D8" target="D7"/>
  <move id="45" source="F3" target="E3"/>
  <move id="46" source="F8" target="F7"/>
  <move id="47" source="F6" target="F5"/>
  <move id="48" source="F7" target="F6"/>
  <move id="49" source="F5" target="F6"/>
  <move id="50" source="B5" target="B4"/>
  <move id="51" source="E3" target="D3"/>
  <move id="52" source="A6" target="A5"/>
  <move id="53" source="D3" target="C3"/>
  <move id="54" source="A5" target="B5"/>
  <move id="55" source="C3" target="C4"/>
  <move id="56" source="C8" target="C7"/>
  <move id="57" source="E2" target="E3"/>
  <move id="58" source="C7" target="B7"/>
  <move id="59" source="E3" target="D3"/>
  <move id="60" source="B7" target="B6"/>
  <move id="61" source="D3" target="C3"/>
  <move id="62" source="B5" target="A5"/>
  <move id="63" source="C3" target="B3"/>
  <move id="64" source="B6" target="B4"/>
  <move id="65" source="E4" target="E5"/>
  <move id="66" source="A5" target="B5"/>
  <move id="67" source="E5" target="E6"/>
  <move id="68" source="B8" target="B7"/>
  <move id="69" source="E6" target="E7"/>
  <move id="70" source="A8" target="A7"/>
  <move id="71" source="G4" target="F4"/>
  <move id="72" source="A7" target="A6"/>
  <move id="73" source="F4" target="F5"/>
  <move id="74" source="B7" target="A7"/>
  <move id="75" source="F6" target="E6"/>
  <move id="76" source="E7" target="E6"/>
  <move id="77" source="F5" target="F6"/>
  <move id="78" source="B5" target="B4"/>
  <move id="79" source="C4" target="B4"/>
  <move id="80" source="A6" target="A5"/>
  <move id="81" source="B4" target="B5"/>
  <move id="82" source="A5" target="A4"/>
  <move id="83" source="A3" target="A4"/>
  <move id="84" source="A7" target="A6"/>
  <move id="85" source="B5" target="B6"/>
  <move id="86" source="D7" target="C7"/>
  <move id="87" source="B6" target="A6"/>
  <move id="88" source="C7" target="B7"/>
  <move id="89" source="A4" target="A5"/>
  <move id="90" source="B7" target="B6"/>
  <move id="91" source="B3" target="A3"/>
  <move id="92" source="B6" target="B5"/>
  <move id="93" source="A5" target="B5"/>
  <move id="94" source="B5" target="B4"/>
  <move id="95" source="A3" target="B3"/>
  <move id="96" source="B4" target="B3"/>
  <move id="97" source="H3" target="G3"/>
  <move id="98" source="A6" target="A5"/>
  <move id="99" source="B2" target="B3"/>
  <move id="100" source="A5" target="A4"/>
  <move id="101" source="D4" target="D3"/>
  <move id="102" source="A4" target="A3"/>
  <move id="103" source="B3" target="A3"/>
  <move id="104" source="B9" target="B8"/>
  <move id="105" source="G3" target="G4"/>
  <move id="106" source="B8" target="B7"/>
  <move id="107" source="I3" target="H3"/>
  <move id="108" source="B7" target="B6"/>
  <move id="109" source="H3" target="G3"/>
  <move id="110" source="B6" target="B5"/>
  <move id="111" source="G3" target="F3"/>
  <move id="112" source="B5" target="B4"/>
  <move id="113" source="F3" target="E3"/>
  <move id="114" source="B4" target="B3"/>
  <move id="115" source="A3" target="A4"/>
  <move id="116" source="B3" target="A3"/>
  <move id="117" source="A4" target="B4"/>
  <move id="118" source="A3" target="A4"/>
  <move id="119" source="B4" target="B3"/>
  <move id="120" source="A4" target="B4"/>
  <move id="121" source="B3" target="A3"/>
  <move id="122" source="B4" target="A4"/>
  <move id="123" source="A3" target="B3"/>
  <move id="124" source="A4" target="A3"/>
  <move id="125" source="B3" target="B4"/>
  <move id="126" source="A3" target="B3"/>
  <move id="127" source="B4" target="A4"/>
  <move id="128" source="B3" target="B4"/>
  <move id="129" source="A4" target="A3"/>
  <move id="130" source="B4" target="B3"/>
  <move id="131" source="A3" target="A4"/>
  <move id="132" source="B3" target="B4"/>
  <move id="133" source="A4" target="A3"/>
  <move id="134" source="B4" target="C4"/>
  <move id="135" source="E3" target="E4"/>
  <move id="136" source="C4" target="D4"/>
  <move id="137" source="E4" target="D4"/>
  <move id="138" source="K7" target="K6"/>
  <move id="139" source="D3" target="D4"/>
  <move id="140" source="K6" target="K5"/>
  <move id="141" source="G4" target="F4"/>
  <move id="142" source="K5" target="I5"/>
  <move id="143" source="F4" target="E4"/>
  <move id="144" source="I5" target="I4"/>
  <move id="145" source="E4" target="E3"/>
  <move id="146" source="K8" target="K7"/>
  <move id="147" source="E3" target="E2"/>
  <move id="148" source="K9" target="K8"/>
  <move id="149" source="H4" target="H3"/>
  <move id="150" source="K7" target="K6"/>
  <move id="151" source="H3" target="G3"/>
  <move id="152" source="K8" target="K7"/>
  <move id="153" source="G3" target="F3"/>
  <move id="154" source="K6" target="I6"/>
  <move id="155" source="F3" target="E3"/>
  <move id="156" source="K7" target="K6"/>
  <move id="157" source="F6" target="F7"/>
  <move id="158" source="I7" target="K7"/>
  <move id="159" source="F7" target="G7"/>
  <move id="160" source="I6" target="I7"/>
  <move id="161" source="E3" target="E4"/>
  <move id="162" source="K6" target="I6"/>
  <move id="163" source="E4" target="E5"/>
  <move id="164" source="I6" target="I5"/>
  <move id="165" source="E5" target="F5"/>
  <move id="166" source="I5" target="I4"/>
  <move id="167" source="K4" target="K5"/>
  <move id="168" source="I4" target="I3"/>
  <move id="169" source="K3" target="I3"/>
  <move id="170" source="K:" target="K9"/>
  <move id="171" source="K5" target="K6"/>
  <move id="172" source="K9" target="K8"/>
  <move id="173" source="F5" target="F6"/>
  <move id="174" source="A9" target="A8"/>
  <move id="175" source="F6" target="F7"/>
  <move id="176" source="B:" target="B9"/>
  <move id="177" source="A3" target="A4"/>
  <move id="178" source="A:" target="A9"/>
  <move id="179" source="A4" target="A5"/>
  <move id="180" source="B9" target="B8"/>
  <move id="181" source="A5" target="A6"/>
  <move id="182" source="B8" target="B5"/>
  <move id="183" source="B1" target="B5"/>
  <move id="184" source="F:" target="F9"/>
  <move id="185" source="A2" target="B2"/>
  <move id="186" source="A9" target="B9"/>
  <move id="187" source="A6" target="A7"/>
  <move id="188" source="B9" target="B8"/>
  <move id="189" source="D4" target="C4"/>
  <move id="190" source="B8" target="C8"/>
  <move id="191" source="C4" target="B4"/>
  <move id="192" source="C8" target="D8"/>
  <move id="193" source="B4" target="B5"/>
  <move id="194" source="D8" target="D7"/>
  <move id="195" source="B5" target="B6"/>
  <move id="196" source="E8" target="E7"/>
  <move id="197" source="F7" target="E7"/>
  <move id="198" source="D7" target="D8"/>
  <move id="199" source="E7" target="F7"/>
  <move id="200" source="E9" target="E8"/>
  <move id="201" source="F7" target="G7"/>
  <move id="202" source="F9" target="F8"/>
  <move id="203" source="G7" target="H7"/>
  <move id="204" source="D8" target="D7"/>
  <move id="205" source="A7" target="B7"/>
  <move id="206" source="F8" target="F7"/>
  <move id="207" source="B7" target="C7"/>
  <move id="208" source="D7" target="D8"/>
  <move id="209" source="C7" target="D7"/>
  <move id="210" source="F7" target="D7"/>
  <move id="211" source="D7" target="D8"/>
  <move id="212" source="E8" target="F8"/>
  <move id="213" source="D8" target="D7"/>
  <move id="214" source="F8" target="F4"/>
  <move id="215" source="F2" target="F4"/>
  <move id="216" source="H7" target="G7"/>
  <move id="217" source="E6" target="F6"/>
  <move id="218" source="I7" target="I6"/>
  <move id="219" source="K6" target="K7"/>
  <move id="220" source="K7" target="K6"/>
  <move id="221" source="I3" target="K3"/>
  <move id="222" source="K8" target="K7"/>
  <move id="223" source="K3" target="K4"/>
  <move id="224" source="I6" target="I5"/>
  <move id="225" source="K4" target="I4"/>
  <move id="226" source="K6" target="K5"/>
  <move id="227" source="K2" target="K3"/>
  <move id="228" source="K7" target="K6"/>
  <move id="229" source="K3" target="I3"/>
  <move id="230" source="K5" target="K4"/>
  <move id="231" source="I4" target="K4"/>
  <move id="232" source="K6" target="K5"/>
  <move id="233" source="I3" target="H3"/>
  <move id="234" source="I5" target="I4"/>
  <move id="235" source="K4" target="I4"/>
  <move id="236" source="K5" target="K2"/>
  <move id="237" source="I2" target="K2"/>
  <move id="238" source="G9" target="F9"/>
  <move id="239" source="H3" target="G3"/>
  <move id="240" source="F9" target="F8"/>
  <move id="241" source="G3" target="F3"/>
  <move id="242" source="A8" target="A7"/>
  <move id="243" source="F3" target="E3"/>
  <move id="244" source="C:" target="B:"/>
  <move id="245" source="E3" target="D3"/>
  <move id="246" source="I9" target="K9"/>
  <move id="247" source="I4" target="I5"/>
  <move id="248" source="F8" target="E8"/>
  <move id="249" source="I5" target="I6"/>
  <move id="250" source="K9" target="K8"/>
  <move id="251" source="I6" target="I7"/>
  <move id="252" source="K8" target="K4"/>
  <move id="253" source="B2" target="B4"/>
  <move id="254" source="K4" target="F4"/>
  <move id="255" source="I1" target="I4"/>
  <move id="256" source="F4" target="F3"/>
  <move id="257" source="I4" target="I3"/>
  <move id="258" source="F3" target="D3"/>
  <move id="259" source="K2" target="K3"/>
  <move id="260" source="B:" target="A:"/>
  <move id="261" source="K3" target="K4"/>
  <move id="262" source="I:" target="I9"/>
  <move id="263" source="K4" target="K5"/>
  <move id="264" source="G:" target="F:"/>
  <move id="265" source="K5" target="K6"/>
  <move id="266" source="H:" target="G:"/>
  <move id="267" source="I7" target="K7"/>
  <move id="268" source="G:" target="G9"/>
  <move id="269" source="K6" target="I6"/>
  <move id="270" source="F:" target="F9"/>
  <move id="271" source="I6" target="I7"/>
  <move id="272" source="F9" target="F8"/>
  <move id="273" source="K7" target="K8"/>
  <move id="274" source="E8" target="E7"/>
  <move id="275" source="K8" target="K9"/>
  <move id="276" source="E7" target="E6"/>
  <move id="277" source="K9" target="I9"/>
  <move id="278" source="E6" target="E5"/>
  <move id="279" source="I9" target="H9"/>
  <move id="280" source="E5" target="E4"/>
  <move id="281" source="D3" target="E3"/>
  <move id="282" source="E4" target="D4"/>
  <move id="283" source="B4" target="D4"/>
  <move id="284" source="D4" target="C4"/>
  <move id="285" source="E3" target="D3"/>
  <move id="286" source="C4" target="C3"/>
  <move id="287" source="D3" target="C3"/>
  <move id="288" source="H8" target="H7"/>
  <move id="289" source="I7" target="I8"/>
  <move id="290" source="H7" target="I7"/>
  <move id="291" source="C3" target="D3"/>
  <move id="292" source="I7" target="I6"/>
  <move id="293" source="I3" target="E3"/>
  <move id="294" source="I6" target="I5"/>
  <move id="295" source="F6" target="F5"/>
  <move id="296" source="I5" target="I4"/>
  <move id="297" source="F5" target="F4"/>
  <move id="298" source="I4" target="I3"/>
  <move id="299" source="F4" target="F3"/>
  <move id="300" source="I3" target="I2"/>
  <move id="301" source="F3" target="G3"/>
  <move id="302" source="I2" target="I1"/>
  <move id="303" source="H2" target="H3"/>
  <move id="304" source="I1" target="H1"/>
  <move id="305" source="H3" target="H4"/>
  <move id="306" source="I8" target="I7"/>
  <move id="307" source="H4" target="I4"/>
  <move id="308" source="I7" target="I6"/>
  <move id="309" source="I4" target="I5"/>
  <move id="310" source="I6" target="I5"/>
  <move id="311" source="D7" target="C7"/>
  <move id="312" source="G7" target="F7"/>
  <move id="313" source="I5" target="I6"/>
  <move id="314" source="F7" target="F6"/>
  <move id="315" source="I6" target="I7"/>
  <move id="316" source="F6" target="F5"/>
  <move id="317" source="I7" target="H7"/>
  <move id="318" source="F5" target="F4"/>
  <move id="319" source="H7" target="G7"/>
  <move id="320" source="F4" target="F3"/>
  <move id="321" source="G7" target="G8"/>
  <move id="322" source="F3" target="F2"/>
  <move id="323" source="E2" target="F2"/>
  <move id="324" source="F2" target="E2"/>
  <move id="325" source="E1" target="E2"/>
  <move id="326" source="F8" target="F7"/>
  <move id="327" source="G3" target="F3"/>
  <move id="328" source="F7" target="F6"/>
  <move id="329" source="F3" target="F4"/>
  <move id="330" source="F6" target="F5"/>
  <move id="331" source="F4" target="F5"/>
  <move id="332" source="G9" target="F9"/>
  <move id="333" source="F5" target="F6"/>
  <move id="334" source="A:" target="A9"/>
  <move id="335" source="C7" target="C8"/>
  <move id="336" source="A9" target="A8"/>
  <move id="337" source="C8" target="B8"/>
  <move id="338" source="A7" target="A6"/>
  <move id="339" source="B6" target="A6"/>
  <move id="340" source="A8" target="A7"/>
  <move id="341" source="A6" target="A7"/>
  <move id="342" source="F9" target="F8"/>
  <move id="343" source="B8" target="B9"/>
  <move id="344" source="F8" target="E8"/>
  <move id="345" source="B9" target="B:"/>
  <move id="346" source="E8" target="E7"/>
  <move id="347" source="B:" target="C:"/>
  <move id="348" source="E7" target="E6"/>
  <move id="349" source="C:" target="D:"/>
  <player id="1">Player 1</player>
  <player id="2">Player 2</player>
  <result type="1" winner="1"/>
 </game>
</stratego>