<?xml version="1.0" encoding="UTF-8"?>
<stratego>
 <game type="classic">
  
  <field content="BEHBMBEBBEDGCEDDHFDDHKEGILIHIFFGBJFDJDGDAA__AA__AAAA__AA__AASPSURPTPPPUPWQTPVQURNSTOVNQTNSYNRQPRNXQN"/>
  <move id="1" source="E4" target="E5"/>
  <move id="2" source="I7" target="I4"/>
  <move id="3" source="E5" target="E6"/>
  <move id="4" source="I8" target="I7"/>
  <move id="5" source="F4" target="F5"/>
  <move id="6" source="I7" target="I6"/>
  <move id="7" source="E3" target="E4"/>
  <move id="8" source="I6" target="I5"/>
  <move id="9" source="E4" target="E5"/>
  <move id="10" source="H7" target="I7"/>
  <move id="11" source="F5" target="F6"/>
  <move id="12" source="I7" target="I6"/>
  <move id="13" source="E5" target="F5"/>
  <move id="14" source="I5" target="I4"/>
  <move id="15" source="K4" target="K7"/>
  <move id="16" source="I4" target="H4"/>
  <move id="17" source="G4" target="H4"/>
  <move id="18" source="I6" target="I3"/>
  <move id="19" source="H4" target="G4"/>
  <move id="20" source="H8" target="H7"/>
  <move id="21" source="K3" target="K4"/>
  <move id="22" source="H7" target="I7"/>
  <move id="23" source="K4" target="K5"/>
  <move id="24" source="I7" target="I6"/>
  <move id="25" source="K5" target="I5"/>
  <move id="26" source="I6" target="K6"/>
  <move id="27" source="K2" target="K6"/>
  <move id="28" source="G8" target="H8"/>
  <move id="29" source="I5" target="I6"/>
  <move id="30" source="K6" target="K7"/>
  <move id="31" source="I6" target="I7"/>
  <move id="32" source="K7" target="K6"/>
  <move id="33" source="G4" target="F4"/>
  <move id="34" source="G7" target="H7"/>
  <move id="35" source="I7" target="K7"/>
  <move id="36" source="K6" target="I6"/>
  <move id="37" source="K7" target="K6"/>
  <move id="38" source="I6" target="I7"/>
  <move id="39" source="F4" target="E4"/>
  <move id="40" source="I7" target="I8"/>
  <move id="41" source="I3" target="K3"/>
  <move id="42" source="H7" target="I7"/>
  <move id="43" source="I2" target="I7"/>
  <move id="44" source="I7" target="H7"/>
  <move id="45" source="F3" target="F4"/>
  <move id="46" source="K8" target="K7"/>
  <move id="47" source="K6" target="K5"/>
  <move id="48" source="K7" target="K6"/>
  <move id="49" source="K3" target="K4"/>
  <move id="50" source="H7" target="G7"/>
  <move id="51" source="H2" target="I2"/>
  <move id="52" source="H8" target="H7"/>
  <move id="53" source="I2" target="I3"/>
  <move id="54" source="H7" target="I7"/>
  <move id="55" source="K5" target="K6"/>
  <move id="56" source="I7" target="K7"/>
  <move id="57" source="I3" target="I4"/>
  <move id="58" source="I8" target="H8"/>
  <move id="59" source="I4" target="I5"/>
  <move id="60" source="H8" target="G8"/>
  <move id="61" source="I5" target="I6"/>
  <move id="62" source="G7" target="H7"/>
  <move id="63" source="G3" target="F3"/>
  <move id="64" source="H7" target="H8"/>
  <move id="65" source="F3" target="E3"/>
  <move id="66" source="F7" target="G7"/>
  <move id="67" source="F2" target="F3"/>
  <move id="68" source="G7" target="H7"/>
  <move id="69" source="F3" target="G3"/>
  <move id="70" source="H7" target="I7"/>
  <move id="71" source="I6" target="K6"/>
  <move id="72" source="K7" target="K6"/>
  <move id="73" source="G3" target="G4"/>
  <move id="74" source="K6" target="K5"/>
  <move id="75" source="K4" target="I4"/>
  <move id="76" source="K5" target="I5"/>
  <move id="77" source="I4" target="H4"/>
  <move id="78" source="I5" target="I4"/>
  <move id="79" source="G2" target="H2"/>
  <move id="80" source="I4" target="H4"/>
  <move id="81" source="H3" target="G3"/>
  <move id="82" source="H4" target="I4"/>
  <move id="83" source="H2" target="H3"/>
  <move id="84" source="I4" target="K4"/>
  <move id="85" source="H3" target="I3"/>
  <move id="86" source="I7" target="I3"/>
  <move id="87" source="G3" target="F3"/>
  <move id="88" source="K4" target="K5"/>
  <move id="89" source="I3" target="I4"/>
  <move id="90" source="K5" target="K6"/>
  <move id="91" source="F6" target="F7"/>
  <move id="92" source="K6" target="K7"/>
  <move id="93" source="F7" target="G7"/>
  <move id="94" source="K7" target="I7"/>
  <move id="95" source="I4" target="I5"/>
  <move id="96" source="F8" target="F5"/>
  <move id="97" source="G7" target="G8"/>
  <move id="98" source="E7" target="E6"/>
  <move id="99" source="G4" target="H4"/>
  <move id="100" source="D7" target="E7"/>
  <move id="101" source="F3" target="G3"/>
  <move id="102" source="E7" target="E6"/>
  <move id="103" source="F4" target="G4"/>
  <move id="104" source="E6" target="E5"/>
  <move id="105" source="F5" target="F4"/>
  <move id="106" source="E5" target="E4"/>
  <move id="107" source="F4" target="F3"/>
  <move id="108" source="I7" target="H7"/>
  <move id="109" source="F3" target="F2"/>
  <move id="110" source="H7" target="G7"/>
  <move id="111" source="I5" target="I6"/>
  <move id="112" source="G7" target="F7"/>
  <move id="113" source="I6" target="I7"/>
  <move id="114" source="F7" target="F6"/>
  <move id="115" source="H4" target="I4"/>
  <move id="116" source="F6" target="F5"/>
  <move id="117" source="I7" target="H7"/>
  <move id="118" source="H8" target="H7"/>
  <move id="119" source="I4" target="I5"/>
  <move id="120" source="B7" target="B4"/>
  <move id="121" source="I5" target="I6"/>
  <move id="122" source="C7" target="D7"/>
  <move id="123" source="I6" target="I7"/>
  <move id="124" source="D7" target="E7"/>
  <move id="125" source="G4" target="F4"/>
  <move id="126" source="F5" target="E5"/>
  <move id="127" source="F4" target="F5"/>
  <move id="128" source="E5" target="E4"/>
  <move id="129" source="I7" target="E7"/>
  <move id="130" source="E7" target="F7"/>
  <move id="131" source="G3" target="G4"/>
  <move id="132" source="E8" target="E7"/>
  <move id="133" source="F5" target="E5"/>
  <move id="134" source="E7" target="D7"/>
  <move id="135" source="G4" target="F4"/>
  <move id="136" source="D7" target="C7"/>
  <move id="137" source="E5" target="E6"/>
  <move id="138" source="C7" target="B7"/>
  <move id="139" source="F4" target="F5"/>
  <move id="140" source="B7" target="B6"/>
  <move id="141" source="F5" target="F6"/>
  <move id="142" source="F7" target="F8"/>
  <move id="143" source="F6" target="F7"/>
  <move id="144" source="F8" target="E8"/>
  <move id="145" source="F7" target="E7"/>
  <move id="146" source="B8" target="B7"/>
  <move id="147" source="E6" target="F6"/>
  <move id="148" source="B6" target="B5"/>
  <move id="149" source="F6" target="F7"/>
  <move id="150" source="H9" target="H8"/>
  <move id="151" source="F7" target="G7"/>
  <move id="152" source="B5" target="B4"/>
  <move id="153" source="B3" target="B4"/>
  <move id="154" source="B7" target="B6"/>
  <move id="155" source="A4" target="A5"/>
  <move id="156" source="B6" target="B7"/>
  <move id="157" source="A5" target="A6"/>
  <move id="158" source="B7" target="E7"/>
  <move id="159" source="F2" target="G2"/>
  <move id="160" source="C8" target="C7"/>
  <move id="161" source="A6" target="B6"/>
  <move id="162" source="C7" target="B7"/>
  <move id="163" source="B4" target="B5"/>
  <move id="164" source="B7" target="B6"/>
  <move id="165" source="B5" target="B6"/>
  <move id="166" source="A8" target="B8"/>
  <move id="167" source="B2" target="B3"/>
  <move id="168" source="B8" target="B7"/>
  <move id="169" source="B3" target="B4"/>
  <move id="170" source="B7" target="C7"/>
  <move id="171" source="B4" target="B5"/>
  <move id="172" source="C7" target="D7"/>
  <move id="173" source="E7" target="E6"/>
  <move id="174" source="D7" target="E7"/>
  <move id="175" source="E6" target="F6"/>
  <move id="176" source="E7" target="F7"/>
  <move id="177" source="G7" target="F7"/>
  <move id="178" source="H8" target="H7"/>
  <move id="179" source="E2" target="F2"/>
  <move id="180" source="H7" target="I7"/>
  <move id="181" source="F2" target="F3"/>
  <move id="182" source="I7" target="I6"/>
  <move id="183" source="F6" target="E6"/>
  <move id="184" source="I6" target="I5"/>
  <move id="185" source="F7" target="F6"/>
  <move id="186" source="I5" target="I4"/>
  <move id="187" source="F6" target="F5"/>
  <move id="188" source="I4" target="I3"/>
  <move id="189" source="F3" target="I3"/>
  <move id="190" source="I3" target="K3"/>
  <move id="191" source="G2" target="H2"/>
  <move id="192" source="K3" target="K4"/>
  <move id="193" source="H2" target="I2"/>
  <move id="194" source="D8" target="D7"/>
  <move id="195" source="I2" target="K2"/>
  <move id="196" source="K4" target="I4"/>
  <move id="197" source="E3" target="F3"/>
  <move id="198" source="E8" target="D8"/>
  <move id="199" source="K2" target="K3"/>
  <move id="200" source="D8" target="C8"/>
  <move id="201" source="F3" target="G3"/>
  <move id="202" source="C8" target="C7"/>
  <move id="203" source="G3" target="G4"/>
  <move id="204" source="E9" target="E8"/>
  <move id="205" source="G4" target="H4"/>
  <move id="206" source="I4" target="I5"/>
  <move id="207" source="E6" target="F6"/>
  <move id="208" source="E8" target="D8"/>
  <move id="209" source="F6" target="F7"/>
  <move id="210" source="D8" target="C8"/>
  <move id="211" source="F5" target="E5"/>
  <move id="212" source="C8" target="B8"/>
  <move id="213" source="K3" target="K4"/>
  <move id="214" source="B8" target="B7"/>
  <move id="215" source="K4" target="K5"/>
  <move id="216" source="I5" target="I6"/>
  <move id="217" source="K5" target="K6"/>
  <move id="218" source="I6" target="I7"/>
  <move id="219" source="K6" target="K7"/>
  <move id="220" source="I7" target="I8"/>
  <move id="221" source="K7" target="I7"/>
  <move id="222" source="I8" target="H8"/>
  <move id="223" source="E5" target="E6"/>
  <move id="224" source="B7" target="B6"/>
  <move id="225" source="B5" target="B4"/>
  <move id="226" source="B6" target="B5"/>
  <move id="227" source="D3" target="E3"/>
  <move id="228" source="B5" target="B4"/>
  <move id="229" source="E3" target="F3"/>
  <move id="230" source="B4" target="B3"/>
  <move id="231" source="F3" target="F4"/>
  <move id="232" source="C7" target="B7"/>
  <move id="233" source="D4" target="D3"/>
  <move id="234" source="B3" target="B4"/>
  <move id="235" source="F7" target="E7"/>
  <move id="236" source="B4" target="C4"/>
  <move id="237" source="A3" target="B3"/>
  <move id="238" source="B7" target="B6"/>
  <move id="239" source="B3" target="B4"/>
  <move id="240" source="B6" target="B5"/>
  <move id="241" source="B4" target="B5"/>
  <move id="242" source="C9" target="C8"/>
  <move id="243" source="E7" target="D7"/>
  <move id="244" source="C8" target="C7"/>
  <move id="245" source="D7" target="C7"/>
  <move id="246" source="H8" target="H7"/>
  <move id="247" source="I7" target="H7"/>
  <move id="248" source="H:" target="H9"/>
  <move id="249" source="H7" target="H8"/>
  <move id="250" source="H9" target="H8"/>
  <move id="251" source="D2" target="E2"/>
  <move id="252" source="H8" target="H7"/>
  <move id="253" source="E2" target="F2"/>
  <move id="254" source="H7" target="I7"/>
  <move id="255" source="C2" target="D2"/>
  <move id="256" source="I7" target="I6"/>
  <move id="257" source="E6" target="E5"/>
  <move id="258" source="I6" target="I5"/>
  <move id="259" source="H4" target="H3"/>
  <move id="260" source="I5" target="I4"/>
  <move id="261" source="D2" target="E2"/>
  <move id="262" source="I4" target="I3"/>
  <move id="263" source="H3" target="H4"/>
  <move id="264" source="I3" target="I2"/>
  <move id="265" source="F2" target="G2"/>
  <player id="1">Player 1</player>
  <player id="2">Player 2</player>
  <result type="3" winner="1"/>
 </game>
</stratego>