<?xml version="1.0" encoding="UTF-8"?>
<stratego>
 <game type="classic">
  
  <field content="MBEBBFGBFDBIGEEICBDDHJEFHKEHFJDGLDDGIDDHAA__AA__AAAA__AA__AATTQSPTONRPXSVPTWVSNRUQPPSUQUPPYRPNRNQNQN"/>
  <move id="1" source="K4" target="K5"/>
  <move id="2" source="K7" target="K6"/>
  <move id="3" source="K5" target="K6"/>
  <move id="4" source="A7" target="A6"/>
  <move id="5" source="K6" target="I6"/>
  <move id="6" source="B7" target="A7"/>
  <move id="7" source="I4" target="K4"/>
  <move id="8" source="A6" target="A5"/>
  <move id="9" source="F4" target="F5"/>
  <move id="10" source="A5" target="A4"/>
  <move id="11" source="F5" target="F6"/>
  <move id="12" source="A4" target="A3"/>
  <move id="13" source="B3" target="A3"/>
  <move id="14" source="C7" target="B7"/>
  <move id="15" source="A3" target="A4"/>
  <move id="16" source="B7" target="B6"/>
  <move id="17" source="A4" target="A5"/>
  <move id="18" source="B6" target="B5"/>
  <move id="19" source="A5" target="A6"/>
  <move id="20" source="A7" target="A6"/>
  <move id="21" source="B4" target="B5"/>
  <move id="22" source="C8" target="C7"/>
  <move id="23" source="B5" target="B4"/>
  <move id="24" source="C7" target="B7"/>
  <move id="25" source="B4" target="B3"/>
  <move id="26" source="B7" target="B6"/>
  <move id="27" source="A6" target="A5"/>
  <move id="28" source="B6" target="B5"/>
  <move id="29" source="A5" target="A4"/>
  <move id="30" source="B5" target="B4"/>
  <move id="31" source="C4" target="B4"/>
  <move id="32" source="E7" target="E4"/>
  <move id="33" source="D4" target="E4"/>
  <move id="34" source="D7" target="C7"/>
  <move id="35" source="E4" target="E8"/>
  <move id="36" source="C7" target="B7"/>
  <move id="37" source="D3" target="D4"/>
  <move id="38" source="B7" target="B6"/>
  <move id="39" source="D4" target="E4"/>
  <move id="40" source="D8" target="D7"/>
  <move id="41" source="E4" target="E5"/>
  <move id="42" source="E8" target="D8"/>
  <move id="43" source="E5" target="E6"/>
  <move id="44" source="D8" target="C8"/>
  <move id="45" source="E6" target="E7"/>
  <move id="46" source="F7" target="E7"/>
  <move id="47" source="C3" target="D3"/>
  <move id="48" source="E7" target="F7"/>
  <move id="49" source="F6" target="E6"/>
  <move id="50" source="D9" target="D8"/>
  <move id="51" source="G4" target="F4"/>
  <move id="52" source="D8" target="E8"/>
  <move id="53" source="F4" target="F5"/>
  <move id="54" source="E8" target="E7"/>
  <move id="55" source="F5" target="F6"/>
  <move id="56" source="E7" target="E6"/>
  <move id="57" source="F6" target="F7"/>
  <move id="58" source="F8" target="F7"/>
  <move id="59" source="B4" target="C4"/>
  <move id="60" source="E9" target="D9"/>
  <move id="61" source="B3" target="B4"/>
  <move id="62" source="B6" target="B7"/>
  <move id="63" source="B4" target="B5"/>
  <move id="64" source="B7" target="C7"/>
  <move id="65" source="B5" target="B6"/>
  <move id="66" source="B8" target="B7"/>
  <move id="67" source="B6" target="B5"/>
  <move id="68" source="B7" target="B6"/>
  <move id="69" source="B5" target="B4"/>
  <move id="70" source="B6" target="B5"/>
  <move id="71" source="B4" target="B3"/>
  <move id="72" source="C8" target="B8"/>
  <move id="73" source="C4" target="B4"/>
  <move id="74" source="B5" target="B6"/>
  <move id="75" source="B4" target="B5"/>
  <move id="76" source="B6" target="B7"/>
  <move id="77" source="B5" target="B6"/>
  <move id="78" source="C7" target="C8"/>
  <move id="79" source="B6" target="B5"/>
  <move id="80" source="G8" target="F8"/>
  <move id="81" source="K4" target="K8"/>
  <move id="82" source="F8" target="E8"/>
  <move id="83" source="I6" target="K6"/>
  <move id="84" source="E8" target="E7"/>
  <move id="85" source="E6" target="E5"/>
  <move id="86" source="E7" target="E6"/>
  <move id="87" source="E5" target="E4"/>
  <move id="88" source="E6" target="E5"/>
  <move id="89" source="E4" target="D4"/>
  <move id="90" source="E5" target="E4"/>
  <move id="91" source="D4" target="C4"/>
  <move id="92" source="F7" target="F6"/>
  <move id="93" source="K6" target="K7"/>
  <move id="94" source="F6" target="F5"/>
  <move id="95" source="C4" target="C3"/>
  <move id="96" source="F5" target="F4"/>
  <move id="97" source="B5" target="B4"/>
  <move id="98" source="E4" target="E5"/>
  <move id="99" source="B4" target="C4"/>
  <move id="100" source="F4" target="F3"/>
  <move id="101" source="K3" target="K4"/>
  <move id="102" source="E5" target="E4"/>
  <move id="103" source="H4" target="E4"/>
  <move id="104" source="E4" target="F4"/>
  <move id="105" source="K7" target="K8"/>
  <move id="106" source="F4" target="F3"/>
  <move id="107" source="K4" target="K5"/>
  <move id="108" source="F3" target="G3"/>
  <move id="109" source="K8" target="I8"/>
  <move id="110" source="D7" target="E7"/>
  <move id="111" source="K5" target="K6"/>
  <move id="112" source="E7" target="F7"/>
  <move id="113" source="K6" target="I6"/>
  <move id="114" source="F7" target="F2"/>
  <move id="115" source="G2" target="G3"/>
  <move id="116" source="C8" target="D8"/>
  <move id="117" source="K2" target="K9"/>
  <move id="118" source="D8" target="E8"/>
  <move id="119" source="I2" target="K2"/>
  <move id="120" source="E8" target="F8"/>
  <move id="121" source="K2" target="K:"/>
  <move id="122" source="F8" target="F7"/>
  <move id="123" source="C4" target="D4"/>
  <move id="124" source="F7" target="F6"/>
  <move id="125" source="D4" target="E4"/>
  <move id="126" source="F6" target="F5"/>
  <move id="127" source="K1" target="K9"/>
  <move id="128" source="B7" target="C7"/>
  <move id="129" source="K9" target="I9"/>
  <move id="130" source="G9" target="G8"/>
  <move id="131" source="I3" target="K3"/>
  <move id="132" source="G7" target="F7"/>
  <move id="133" source="K3" target="K4"/>
  <move id="134" source="F7" target="E7"/>
  <move id="135" source="K4" target="K5"/>
  <move id="136" source="E7" target="E6"/>
  <move id="137" source="K5" target="K6"/>
  <move id="138" source="E6" target="E5"/>
  <move id="139" source="E4" target="D4"/>
  <move id="140" source="F5" target="F4"/>
  <move id="141" source="K6" target="K7"/>
  <move id="142" source="G3" target="G2"/>
  <move id="143" source="F2" target="F3"/>
  <move id="144" source="F4" target="E4"/>
  <move id="145" source="D4" target="C4"/>
  <move id="146" source="E5" target="F5"/>
  <move id="147" source="K7" target="I7"/>
  <move id="148" source="E4" target="E3"/>
  <move id="149" source="C4" target="D4"/>
  <move id="150" source="G8" target="G7"/>
  <move id="151" source="D4" target="E4"/>
  <move id="152" source="C7" target="D7"/>
  <move id="153" source="F3" target="F4"/>
  <move id="154" source="F5" target="F6"/>
  <move id="155" source="I6" target="I7"/>
  <move id="156" source="B8" target="C8"/>
  <move id="157" source="F4" target="F5"/>
  <move id="158" source="F6" target="F7"/>
  <move id="159" source="I1" target="I2"/>
  <move id="160" source="A8" target="A7"/>
  <move id="161" source="A4" target="B4"/>
  <move id="162" source="A7" target="B7"/>
  <move id="163" source="B4" target="C4"/>
  <move id="164" source="B7" target="B6"/>
  <move id="165" source="E4" target="E5"/>
  <move id="166" source="B6" target="B5"/>
  <move id="167" source="B3" target="B4"/>
  <move id="168" source="B5" target="B4"/>
  <move id="169" source="C4" target="D4"/>
  <move id="170" source="B4" target="C4"/>
  <move id="171" source="D4" target="E4"/>
  <move id="172" source="C4" target="C3"/>
  <move id="173" source="E4" target="F4"/>
  <move id="174" source="C3" target="D3"/>
  <move id="175" source="E5" target="E4"/>
  <move id="176" source="D3" target="C3"/>
  <move id="177" source="F4" target="F3"/>
  <move id="178" source="G2" target="H2"/>
  <player id="1">Player 1</player>
  <player id="2">Player 2</player>
  <result type="3" winner="1"/>
 </game>
</stratego>