<?xml version="1.0" encoding="UTF-8"?>
<stratego>
 <game type="classic">
  
  <field content="MBHEEEHBGDBDCEIJGIDEJIDLDDFFHBFDGKFHBBDGAA__AA__AAAA__AA__AAPTOTRUSXRTSWQVSPPPPVQUNSQNQTPPRNYNNRUPNQ"/>
  <move id="1" source="E4" target="E5"/>
  <move id="2" source="F7" target="F6"/>
  <move id="3" source="E3" target="E4"/>
  <move id="4" source="K7" target="K6"/>
  <move id="5" source="B4" target="B5"/>
  <move id="6" source="B7" target="B6"/>
  <move id="7" source="B3" target="B4"/>
  <move id="8" source="B8" target="B7"/>
  <move id="9" source="A4" target="A5"/>
  <move id="10" source="I7" target="I6"/>
  <move id="11" source="C3" target="B3"/>
  <move id="12" source="I6" target="I5"/>
  <move id="13" source="A5" target="A6"/>
  <move id="14" source="B6" target="A6"/>
  <move id="15" source="B5" target="B7"/>
  <move id="16" source="A6" target="A5"/>
  <move id="17" source="B4" target="B5"/>
  <move id="18" source="A5" target="A4"/>
  <move id="19" source="C4" target="C3"/>
  <move id="20" source="A4" target="A3"/>
  <move id="21" source="C3" target="C4"/>
  <move id="22" source="C8" target="B8"/>
  <move id="23" source="C4" target="B4"/>
  <move id="24" source="I5" target="K5"/>
  <move id="25" source="B4" target="A4"/>
  <move id="26" source="K5" target="K4"/>
  <move id="27" source="A4" target="A5"/>
  <move id="28" source="K6" target="K5"/>
  <move id="29" source="A5" target="A6"/>
  <move id="30" source="K5" target="K4"/>
  <move id="31" source="I4" target="I5"/>
  <move id="32" source="K8" target="K7"/>
  <move id="33" source="I3" target="I4"/>
  <move id="34" source="K4" target="K5"/>
  <move id="35" source="I5" target="I6"/>
  <move id="36" source="K7" target="I7"/>
  <move id="37" source="I4" target="I5"/>
  <move id="38" source="K5" target="K6"/>
  <move id="39" source="I6" target="I7"/>
  <move id="40" source="I7" target="K7"/>
  <move id="41" source="I5" target="I6"/>
  <move id="42" source="I8" target="I6"/>
  <move id="43" source="I6" target="K6"/>
  <move id="44" source="K7" target="I7"/>
  <move id="45" source="A6" target="B6"/>
  <move id="46" source="K9" target="K3"/>
  <move id="47" source="H3" target="I3"/>
  <move id="48" source="I7" target="I6"/>
  <move id="49" source="I3" target="I4"/>
  <move id="50" source="I6" target="K6"/>
  <move id="51" source="I4" target="K4"/>
  <move id="52" source="K6" target="K5"/>
  <move id="53" source="K4" target="I4"/>
  <move id="54" source="K5" target="K4"/>
  <move id="55" source="I4" target="I5"/>
  <move id="56" source="H8" target="I8"/>
  <move id="57" source="I5" target="I6"/>
  <move id="58" source="I8" target="I6"/>
  <move id="59" source="I6" target="I7"/>
  <move id="60" source="I9" target="K9"/>
  <move id="61" source="G3" target="H3"/>
  <move id="62" source="H9" target="I9"/>
  <move id="63" source="I7" target="H7"/>
  <move id="64" source="H7" target="I7"/>
  <move id="65" source="H3" target="I3"/>
  <move id="66" source="I7" target="I6"/>
  <move id="67" source="B3" target="B4"/>
  <move id="68" source="I6" target="I5"/>
  <move id="69" source="B4" target="A4"/>
  <move id="70" source="I5" target="I4"/>
  <move id="71" source="I3" target="H3"/>
  <move id="72" source="I4" target="I3"/>
  <move id="73" source="H3" target="G3"/>
  <move id="74" source="G8" target="I8"/>
  <move id="75" source="A4" target="A7"/>
  <move id="76" source="I8" target="I4"/>
  <move id="77" source="B6" target="A6"/>
  <move id="78" source="I4" target="H4"/>
  <move id="79" source="D4" target="C4"/>
  <move id="80" source="K9" target="K8"/>
  <move id="81" source="D3" target="E3"/>
  <move id="82" source="K8" target="I8"/>
  <move id="83" source="E5" target="E6"/>
  <move id="84" source="K:" target="K9"/>
  <move id="85" source="A6" target="A7"/>
  <move id="86" source="K9" target="K8"/>
  <move id="87" source="B5" target="B4"/>
  <move id="88" source="K8" target="K7"/>
  <move id="89" source="B4" target="B3"/>
  <move id="90" source="K7" target="K6"/>
  <move id="91" source="C4" target="B4"/>
  <move id="92" source="K6" target="I6"/>
  <move id="93" source="F4" target="F5"/>
  <move id="94" source="I6" target="I5"/>
  <move id="95" source="F5" target="F6"/>
  <move id="96" source="F6" target="E6"/>
  <move id="97" source="F3" target="F4"/>
  <move id="98" source="E6" target="E5"/>
  <move id="99" source="B4" target="B5"/>
  <move id="100" source="E5" target="E4"/>
  <move id="101" source="B5" target="B6"/>
  <move id="102" source="E4" target="F4"/>
  <move id="103" source="E3" target="E4"/>
  <move id="104" source="F4" target="E4"/>
  <move id="105" source="B6" target="B7"/>
  <move id="106" source="I5" target="I4"/>
  <move id="107" source="A3" target="A4"/>
  <move id="108" source="I4" target="H4"/>
  <move id="109" source="F2" target="F3"/>
  <move id="110" source="H4" target="G4"/>
  <move id="111" source="F3" target="F4"/>
  <move id="112" source="G4" target="H4"/>
  <move id="113" source="F4" target="F5"/>
  <move id="114" source="H4" target="H3"/>
  <move id="115" source="G3" target="H3"/>
  <move id="116" source="I3" target="I4"/>
  <move id="117" source="A4" target="B4"/>
  <move id="118" source="I4" target="H4"/>
  <move id="119" source="H3" target="G3"/>
  <move id="120" source="I8" target="I2"/>
  <move id="121" source="B4" target="B5"/>
  <move id="122" source="F8" target="I8"/>
  <move id="123" source="B5" target="B6"/>
  <move id="124" source="I8" target="I1"/>
  <move id="125" source="B6" target="B7"/>
  <move id="126" source="K4" target="I4"/>
  <move id="127" source="B7" target="B8"/>
  <move id="128" source="I4" target="I3"/>
  <move id="129" source="A7" target="A8"/>
  <move id="130" source="I3" target="I2"/>
  <move id="131" source="B8" target="C8"/>
  <move id="132" source="D8" target="C8"/>
  <move id="133" source="B3" target="B4"/>
  <move id="134" source="I2" target="I1"/>
  <move id="135" source="B4" target="B5"/>
  <move id="136" source="I1" target="I2"/>
  <move id="137" source="B5" target="B6"/>
  <move id="138" source="I2" target="I3"/>
  <move id="139" source="B6" target="B7"/>
  <move id="140" source="I3" target="H3"/>
  <move id="141" source="G3" target="F3"/>
  <move id="142" source="H4" target="G4"/>
  <move id="143" source="F3" target="E3"/>
  <move id="144" source="E7" target="E6"/>
  <move id="145" source="F5" target="F6"/>
  <move id="146" source="E6" target="F6"/>
  <move id="147" source="B7" target="B8"/>
  <move id="148" source="B9" target="B8"/>
  <move id="149" source="D2" target="D3"/>
  <move id="150" source="G4" target="F4"/>
  <move id="151" source="E4" target="F4"/>
  <move id="152" source="H3" target="G3"/>
  <move id="153" source="E3" target="E4"/>
  <move id="154" source="G3" target="F3"/>
  <move id="155" source="E4" target="E5"/>
  <move id="156" source="F3" target="E3"/>
  <move id="157" source="D3" target="C3"/>
  <move id="158" source="H:" target="H7"/>
  <move id="159" source="C3" target="B3"/>
  <move id="160" source="H7" target="I7"/>
  <move id="161" source="K1" target="I1"/>
  <move id="162" source="I7" target="I4"/>
  <move id="163" source="I1" target="I4"/>
  <move id="164" source="E3" target="D3"/>
  <move id="165" source="B3" target="B4"/>
  <move id="166" source="D3" target="C3"/>
  <move id="167" source="B4" target="B5"/>
  <move id="168" source="C3" target="B3"/>
  <move id="169" source="B5" target="B6"/>
  <move id="170" source="A9" target="A8"/>
  <move id="171" source="B6" target="B7"/>
  <move id="172" source="A8" target="A7"/>
  <move id="173" source="B7" target="A7"/>
  <move id="174" source="C7" target="B7"/>
  <move id="175" source="F6" target="F7"/>
  <move id="176" source="B7" target="B6"/>
  <move id="177" source="E5" target="E6"/>
  <move id="178" source="G7" target="F7"/>
  <move id="179" source="E6" target="E7"/>
  <move id="180" source="B6" target="B5"/>
  <move id="181" source="F7" target="F6"/>
  <move id="182" source="B5" target="B4"/>
  <move id="183" source="E7" target="F7"/>
  <move id="184" source="B4" target="A4"/>
  <move id="185" source="F7" target="F8"/>
  <move id="186" source="A4" target="A3"/>
  <move id="187" source="F8" target="F9"/>
  <move id="188" source="A3" target="A2"/>
  <move id="189" source="F6" target="E6"/>
  <move id="190" source="B3" target="B2"/>
  <move id="191" source="E6" target="E5"/>
  <move id="192" source="B2" target="B3"/>
  <move id="193" source="E5" target="E4"/>
  <move id="194" source="B3" target="C3"/>
  <move id="195" source="E4" target="D4"/>
  <move id="196" source="A:" target="A9"/>
  <move id="197" source="D4" target="C4"/>
  <move id="198" source="C3" target="B3"/>
  <move id="199" source="C4" target="B4"/>
  <move id="200" source="B3" target="B2"/>
  <move id="201" source="B4" target="B5"/>
  <player id="1">Player 1</player>
  <player id="2">Player 2</player>
  <result type="3" winner="1"/>
 </game>
</stratego>