<?xml version="1.0" encoding="UTF-8"?>
<stratego>
 <game type="classic">
  
  <field content="EBDEBFEMBBDIGGCBLEFJFDKHJIHEIDDHBGFDDHDGAA__AA__AAAA__AA__AANPVXSPWPSTPTSSUTQUPPRPNVQUQNTRNQRNOQYRNP"/>
  <move id="1" source="E4" target="E5"/>
  <move id="2" source="B7" target="B6"/>
  <move id="3" source="F4" target="F5"/>
  <move id="4" source="B8" target="B7"/>
  <move id="5" source="F5" target="F7"/>
  <move id="6" source="B6" target="B5"/>
  <move id="7" source="G4" target="F4"/>
  <move id="8" source="B7" target="B6"/>
  <move id="9" source="F4" target="F8"/>
  <move id="10" source="B5" target="B4"/>
  <move id="11" source="F3" target="F4"/>
  <move id="12" source="B6" target="A6"/>
  <move id="13" source="B4" target="B5"/>
  <move id="14" source="F8" target="F7"/>
  <move id="15" source="F4" target="F5"/>
  <move id="16" source="I7" target="I6"/>
  <move id="17" source="F5" target="F6"/>
  <move id="18" source="I8" target="I7"/>
  <move id="19" source="I4" target="I5"/>
  <move id="20" source="I6" target="I5"/>
  <move id="21" source="F6" target="F7"/>
  <move id="22" source="G7" target="F7"/>
  <move id="23" source="A4" target="B4"/>
  <move id="24" source="I5" target="K5"/>
  <move id="25" source="K4" target="I4"/>
  <move id="26" source="K5" target="I5"/>
  <move id="27" source="I4" target="K4"/>
  <move id="28" source="F7" target="G7"/>
  <move id="29" source="E5" target="F5"/>
  <move id="30" source="G8" target="F8"/>
  <move id="31" source="F5" target="F4"/>
  <move id="32" source="F8" target="F7"/>
  <move id="33" source="F4" target="F3"/>
  <move id="34" source="F7" target="F6"/>
  <move id="35" source="G3" target="G4"/>
  <move id="36" source="G7" target="F7"/>
  <move id="37" source="G4" target="F4"/>
  <move id="38" source="I7" target="I6"/>
  <move id="39" source="F4" target="F5"/>
  <move id="40" source="I6" target="K6"/>
  <move id="41" source="D4" target="E4"/>
  <move id="42" source="K6" target="K5"/>
  <move id="43" source="I3" target="I4"/>
  <move id="44" source="I5" target="I6"/>
  <move id="45" source="K4" target="K5"/>
  <move id="46" source="I6" target="I7"/>
  <move id="47" source="K5" target="K6"/>
  <move id="48" source="K7" target="K6"/>
  <move id="49" source="I4" target="I5"/>
  <move id="50" source="I7" target="I8"/>
  <move id="51" source="I5" target="I6"/>
  <move id="52" source="K6" target="K5"/>
  <move id="53" source="H4" target="I4"/>
  <move id="54" source="H7" target="I7"/>
  <move id="55" source="I6" target="K6"/>
  <move id="56" source="K5" target="K6"/>
  <move id="57" source="K6" target="K5"/>
  <move id="58" source="I7" target="I4"/>
  <move id="59" source="K5" target="I5"/>
  <move id="60" source="H8" target="H7"/>
  <move id="61" source="I4" target="K4"/>
  <move id="62" source="H7" target="I7"/>
  <move id="63" source="I5" target="I4"/>
  <move id="64" source="I7" target="I6"/>
  <move id="65" source="I4" target="H4"/>
  <move id="66" source="I6" target="I5"/>
  <move id="67" source="H4" target="G4"/>
  <move id="68" source="I5" target="I4"/>
  <move id="69" source="K4" target="K5"/>
  <move id="70" source="F7" target="G7"/>
  <move id="71" source="F5" target="F6"/>
  <move id="72" source="G7" target="H7"/>
  <move id="73" source="G4" target="G3"/>
  <move id="74" source="H7" target="I7"/>
  <move id="75" source="E4" target="E5"/>
  <move id="76" source="I7" target="I6"/>
  <move id="77" source="F6" target="F5"/>
  <move id="78" source="I6" target="K6"/>
  <move id="79" source="K5" target="I5"/>
  <move id="80" source="I4" target="I5"/>
  <move id="81" source="E5" target="E6"/>
  <move id="82" source="I5" target="I6"/>
  <move id="83" source="E6" target="E7"/>
  <move id="84" source="I6" target="I7"/>
  <move id="85" source="F5" target="F4"/>
  <move id="86" source="I7" target="H7"/>
  <move id="87" source="F4" target="E4"/>
  <move id="88" source="H7" target="G7"/>
  <move id="89" source="E4" target="D4"/>
  <move id="90" source="G7" target="F7"/>
  <move id="91" source="H3" target="H4"/>
  <move id="92" source="F7" target="E7"/>
  <move id="93" source="H4" target="G4"/>
  <move id="94" source="K6" target="I6"/>
  <move id="95" source="B5" target="A5"/>
  <move id="96" source="A6" target="B6"/>
  <move id="97" source="A5" target="B5"/>
  <move id="98" source="B6" target="B7"/>
  <move id="99" source="B5" target="B6"/>
  <move id="100" source="B7" target="B8"/>
  <move id="101" source="G4" target="F4"/>
  <move id="102" source="I6" target="I7"/>
  <move id="103" source="B4" target="B5"/>
  <move id="104" source="E8" target="F8"/>
  <move id="105" source="F4" target="F5"/>
  <move id="106" source="F8" target="F7"/>
  <move id="107" source="D4" target="E4"/>
  <move id="108" source="D8" target="E8"/>
  <move id="109" source="E4" target="F4"/>
  <move id="110" source="E8" target="F8"/>
  <move id="111" source="B3" target="B4"/>
  <move id="112" source="F8" target="G8"/>
  <move id="113" source="B4" target="A4"/>
  <move id="114" source="G8" target="G7"/>
  <move id="115" source="A4" target="A7"/>
  <move id="116" source="I7" target="K7"/>
  <move id="117" source="B6" target="A6"/>
  <move id="118" source="G7" target="H7"/>
  <move id="119" source="B5" target="B6"/>
  <move id="120" source="B8" target="B7"/>
  <move id="121" source="B6" target="B5"/>
  <move id="122" source="H7" target="I7"/>
  <move id="123" source="F4" target="G4"/>
  <move id="124" source="I7" target="I6"/>
  <move id="125" source="G4" target="H4"/>
  <move id="126" source="I6" target="I5"/>
  <move id="127" source="A6" target="B6"/>
  <move id="128" source="B7" target="B8"/>
  <move id="129" source="B6" target="A6"/>
  <move id="130" source="F7" target="F6"/>
  <move id="131" source="F5" target="F4"/>
  <move id="132" source="F6" target="F5"/>
  <move id="133" source="G3" target="G4"/>
  <move id="134" source="C8" target="D8"/>
  <move id="135" source="D3" target="D4"/>
  <move id="136" source="D8" target="E8"/>
  <move id="137" source="D4" target="E4"/>
  <move id="138" source="E8" target="F8"/>
  <move id="139" source="E4" target="D4"/>
  <move id="140" source="F8" target="F7"/>
  <move id="141" source="D4" target="E4"/>
  <move id="142" source="F7" target="F6"/>
  <move id="143" source="A6" target="A5"/>
  <move id="144" source="F6" target="E6"/>
  <move id="145" source="B5" target="B6"/>
  <move id="146" source="B8" target="B7"/>
  <move id="147" source="B6" target="B7"/>
  <move id="148" source="E6" target="E5"/>
  <move id="149" source="A5" target="A6"/>
  <move id="150" source="E5" target="E4"/>
  <move id="151" source="A6" target="B6"/>
  <move id="152" source="B7" target="B8"/>
  <move id="153" source="B6" target="A6"/>
  <move id="154" source="F5" target="F6"/>
  <move id="155" source="E4" target="D4"/>
  <move id="156" source="F6" target="E6"/>
  <move id="157" source="F4" target="F5"/>
  <move id="158" source="I5" target="I6"/>
  <move id="159" source="G4" target="F4"/>
  <move id="160" source="I6" target="I7"/>
  <move id="161" source="F4" target="E4"/>
  <move id="162" source="I7" target="H7"/>
  <move id="163" source="E4" target="E5"/>
  <move id="164" source="E6" target="F6"/>
  <move id="165" source="F5" target="F4"/>
  <move id="166" source="H7" target="G7"/>
  <move id="167" source="A6" target="A5"/>
  <move id="168" source="F6" target="F7"/>
  <move id="169" source="F4" target="F5"/>
  <move id="170" source="F7" target="F8"/>
  <move id="171" source="H4" target="H3"/>
  <move id="172" source="G7" target="F7"/>
  <move id="173" source="D4" target="E4"/>
  <move id="174" source="F8" target="G8"/>
  <move id="175" source="E4" target="F4"/>
  <move id="176" source="G8" target="G7"/>
  <move id="177" source="F4" target="G4"/>
  <move id="178" source="G7" target="H7"/>
  <move id="179" source="G4" target="G3"/>
  <move id="180" source="H7" target="I7"/>
  <move id="181" source="H3" target="I3"/>
  <move id="182" source="I7" target="I6"/>
  <move id="183" source="I3" target="I4"/>
  <move id="184" source="K7" target="I7"/>
  <move id="185" source="C3" target="D3"/>
  <move id="186" source="I7" target="H7"/>
  <move id="187" source="D3" target="D4"/>
  <move id="188" source="H7" target="G7"/>
  <move id="189" source="E3" target="D3"/>
  <move id="190" source="I6" target="I5"/>
  <move id="191" source="K3" target="K4"/>
  <move id="192" source="I5" target="I4"/>
  <move id="193" source="K4" target="K8"/>
  <move id="194" source="I4" target="H4"/>
  <move id="195" source="D3" target="C3"/>
  <move id="196" source="H4" target="G4"/>
  <move id="197" source="G3" target="H3"/>
  <move id="198" source="G7" target="G8"/>
  <move id="199" source="D4" target="E4"/>
  <move id="200" source="G4" target="H4"/>
  <move id="201" source="H3" target="G3"/>
  <move id="202" source="F7" target="F6"/>
  <move id="203" source="C3" target="B3"/>
  <move id="204" source="E7" target="E6"/>
  <move id="205" source="B3" target="B4"/>
  <move id="206" source="E6" target="E5"/>
  <move id="207" source="F5" target="E5"/>
  <move id="208" source="F6" target="E6"/>
  <move id="209" source="B4" target="B5"/>
  <move id="210" source="E6" target="E5"/>
  <move id="211" source="K2" target="K3"/>
  <move id="212" source="H4" target="I4"/>
  <move id="213" source="K3" target="I3"/>
  <move id="214" source="I4" target="I5"/>
  <move id="215" source="I3" target="I4"/>
  <move id="216" source="I5" target="I6"/>
  <move id="217" source="I4" target="I5"/>
  <move id="218" source="I6" target="I7"/>
  <move id="219" source="I5" target="I6"/>
  <move id="220" source="I7" target="H7"/>
  <move id="221" source="I6" target="I7"/>
  <move id="222" source="G8" target="H8"/>
  <move id="223" source="E4" target="F4"/>
  <move id="224" source="E5" target="F5"/>
  <move id="225" source="F4" target="F5"/>
  <move id="226" source="E9" target="E8"/>
  <move id="227" source="F5" target="F6"/>
  <move id="228" source="E8" target="F8"/>
  <move id="229" source="B5" target="B6"/>
  <move id="230" source="B8" target="B7"/>
  <move id="231" source="B6" target="B7"/>
  <move id="232" source="C7" target="C8"/>
  <move id="233" source="B7" target="B6"/>
  <move id="234" source="C8" target="D8"/>
  <move id="235" source="B6" target="B5"/>
  <move id="236" source="F8" target="F7"/>
  <move id="237" source="F6" target="F5"/>
  <move id="238" source="F7" target="F6"/>
  <move id="239" source="F5" target="E5"/>
  <move id="240" source="F6" target="E6"/>
  <move id="241" source="E5" target="E4"/>
  <move id="242" source="E6" target="E5"/>
  <move id="243" source="E2" target="E3"/>
  <move id="244" source="D8" target="E8"/>
  <move id="245" source="F3" target="F4"/>
  <move id="246" source="E8" target="F8"/>
  <move id="247" source="A5" target="A6"/>
  <move id="248" source="D9" target="D8"/>
  <move id="249" source="A6" target="A5"/>
  <move id="250" source="D8" target="C8"/>
  <move id="251" source="B5" target="B6"/>
  <move id="252" source="C8" target="B8"/>
  <move id="253" source="A5" target="A4"/>
  <move id="254" source="B8" target="B7"/>
  <move id="255" source="B6" target="B7"/>
  <move id="256" source="F8" target="E8"/>
  <move id="257" source="G3" target="H3"/>
  <move id="258" source="E8" target="D8"/>
  <move id="259" source="G2" target="G3"/>
  <move id="260" source="D8" target="C8"/>
  <move id="261" source="G3" target="G4"/>
  <move id="262" source="C8" target="C7"/>
  <move id="263" source="G4" target="H4"/>
  <move id="264" source="C7" target="B7"/>
  <move id="265" source="H4" target="I4"/>
  <move id="266" source="B7" target="B6"/>
  <move id="267" source="I4" target="I5"/>
  <move id="268" source="B6" target="B5"/>
  <move id="269" source="I5" target="I6"/>
  <move id="270" source="B5" target="B4"/>
  <move id="271" source="A4" target="A5"/>
  <move id="272" source="B4" target="A4"/>
  <move id="273" source="A5" target="B5"/>
  <move id="274" source="A4" target="A5"/>
  <move id="275" source="B5" target="B6"/>
  <move id="276" source="F9" target="E9"/>
  <move id="277" source="B6" target="B7"/>
  <move id="278" source="E9" target="D9"/>
  <move id="279" source="B7" target="B8"/>
  <move id="280" source="D9" target="D8"/>
  <move id="281" source="I7" target="K7"/>
  <move id="282" source="I8" target="I7"/>
  <move id="283" source="I6" target="I7"/>
  <move id="284" source="H7" target="G7"/>
  <move id="285" source="I7" target="H7"/>
  <move id="286" source="H8" target="I8"/>
  <move id="287" source="H7" target="G7"/>
  <move id="288" source="D8" target="C8"/>
  <move id="289" source="B8" target="A8"/>
  <move id="290" source="B9" target="B2"/>
  <move id="291" source="A8" target="A9"/>
  <move id="292" source="C8" target="B8"/>
  <move id="293" source="G7" target="F7"/>
  <move id="294" source="A5" target="B5"/>
  <move id="295" source="B2" target="B3"/>
  <move id="296" source="B5" target="B4"/>
  <move id="297" source="B3" target="C3"/>
  <move id="298" source="B4" target="B3"/>
  <move id="299" source="C3" target="D3"/>
  <move id="300" source="B3" target="C3"/>
  <move id="301" source="D3" target="D4"/>
  <move id="302" source="C3" target="D3"/>
  <move id="303" source="F7" target="F6"/>
  <move id="304" source="B8" target="B9"/>
  <move id="305" source="A9" target="A:"/>
  <move id="306" source="B9" target="B8"/>
  <move id="307" source="F4" target="F5"/>
  <move id="308" source="E:" target="E9"/>
  <move id="309" source="F5" target="E5"/>
  <move id="310" source="E9" target="F9"/>
  <move id="311" source="F6" target="F7"/>
  <move id="312" source="I8" target="I7"/>
  <move id="313" source="K7" target="K6"/>
  <move id="314" source="I7" target="I6"/>
  <move id="315" source="K6" target="K5"/>
  <move id="316" source="I6" target="I5"/>
  <move id="317" source="K5" target="K6"/>
  <move id="318" source="I5" target="I4"/>
  <move id="319" source="E5" target="E6"/>
  <move id="320" source="B8" target="C8"/>
  <move id="321" source="E6" target="E7"/>
  <move id="322" source="C8" target="D8"/>
  <move id="323" source="E7" target="D7"/>
  <move id="324" source="D7" target="C7"/>
  <move id="325" source="K6" target="K7"/>
  <move id="326" source="I4" target="I3"/>
  <move id="327" source="H3" target="H4"/>
  <move id="328" source="I3" target="H3"/>
  <move id="329" source="H4" target="I4"/>
  <move id="330" source="H3" target="G3"/>
  <move id="331" source="K7" target="I7"/>
  <move id="332" source="G3" target="F3"/>
  <move id="333" source="I7" target="H7"/>
  <move id="334" source="F3" target="E3"/>
  <move id="335" source="H7" target="G7"/>
  <move id="336" source="E3" target="F3"/>
  <move id="337" source="G7" target="G8"/>
  <move id="338" source="D8" target="E8"/>
  <move id="339" source="I4" target="I5"/>
  <move id="340" source="C7" target="D7"/>
  <move id="341" source="I5" target="I6"/>
  <move id="342" source="E8" target="D8"/>
  <move id="343" source="I6" target="I7"/>
  <move id="344" source="F3" target="G3"/>
  <move id="345" source="I7" target="K7"/>
  <move id="346" source="D8" target="C8"/>
  <move id="347" source="A2" target="B2"/>
  <move id="348" source="C8" target="B8"/>
  <move id="349" source="B2" target="B8"/>
  <move id="350" source="G3" target="H3"/>
  <move id="351" source="F7" target="E7"/>
  <move id="352" source="D7" target="D8"/>
  <move id="353" source="E7" target="E8"/>
  <move id="354" source="D8" target="D7"/>
  <move id="355" source="E8" target="E7"/>
  <move id="356" source="D7" target="D8"/>
  <move id="357" source="E7" target="E8"/>
  <move id="358" source="D8" target="D9"/>
  <move id="359" source="G8" target="G7"/>
  <move id="360" source="H3" target="H4"/>
  <move id="361" source="G7" target="F7"/>
  <move id="362" source="H4" target="I4"/>
  <move id="363" source="K7" target="K8"/>
  <move id="364" source="I4" target="I5"/>
  <move id="365" source="F7" target="F6"/>
  <move id="366" source="I5" target="I6"/>
  <move id="367" source="F6" target="F5"/>
  <move id="368" source="I6" target="K6"/>
  <move id="369" source="K8" target="I8"/>
  <move id="370" source="I9" target="I8"/>
  <move id="371" source="F5" target="F4"/>
  <move id="372" source="K6" target="K7"/>
  <move id="373" source="F4" target="F3"/>
  <move id="374" source="K7" target="I7"/>
  <move id="375" source="F3" target="E3"/>
  <move id="376" source="I7" target="H7"/>
  <move id="377" source="E3" target="D3"/>
  <move id="378" source="G9" target="G8"/>
  <move id="379" source="E4" target="F4"/>
  <move id="380" source="G8" target="F8"/>
  <move id="381" source="E8" target="E7"/>
  <move id="382" source="F9" target="E9"/>
  <move id="383" source="F4" target="F5"/>
  <move id="384" source="E9" target="E8"/>
  <move id="385" source="E7" target="E6"/>
  <move id="386" source="D9" target="D8"/>
  <move id="387" source="F5" target="F6"/>
  <move id="388" source="F8" target="G8"/>
  <move id="389" source="F6" target="F7"/>
  <move id="390" source="G8" target="H8"/>
  <move id="391" source="F7" target="G7"/>
  <move id="392" source="H8" target="I8"/>
  <move id="393" source="G7" target="H7"/>
  <move id="394" source="I8" target="I7"/>
  <move id="395" source="A3" target="B3"/>
  <move id="396" source="I7" target="I6"/>
  <move id="397" source="B3" target="C3"/>
  <move id="398" source="I6" target="I5"/>
  <move id="399" source="C3" target="D3"/>
  <move id="400" source="I5" target="I4"/>
  <move id="401" source="D3" target="E3"/>
  <move id="402" source="I4" target="H4"/>
  <move id="403" source="E3" target="F3"/>
  <move id="404" source="H4" target="H3"/>
  <move id="405" source="F3" target="G3"/>
  <move id="406" source="H3" target="H2"/>
  <move id="407" source="G3" target="G4"/>
  <move id="408" source="D8" target="D9"/>
  <move id="409" source="G4" target="F4"/>
  <move id="410" source="D9" target="E9"/>
  <move id="411" source="F4" target="F5"/>
  <move id="412" source="E9" target="F9"/>
  <move id="413" source="F5" target="F6"/>
  <move id="414" source="F9" target="F8"/>
  <move id="415" source="F6" target="F5"/>
  <move id="416" source="F8" target="F7"/>
  <move id="417" source="E6" target="F6"/>
  <move id="418" source="F7" target="E7"/>
  <move id="419" source="C2" target="C3"/>
  <move id="420" source="E8" target="F8"/>
  <move id="421" source="C3" target="D3"/>
  <move id="422" source="B8" target="C8"/>
  <move id="423" source="D3" target="E3"/>
  <move id="424" source="C8" target="D8"/>
  <move id="425" source="E3" target="F3"/>
  <move id="426" source="D8" target="D9"/>
  <move id="427" source="F3" target="G3"/>
  <move id="428" source="D9" target="E9"/>
  <move id="429" source="G3" target="H3"/>
  <move id="430" source="E9" target="F9"/>
  <move id="431" source="D4" target="E4"/>
  <move id="432" source="F9" target="G9"/>
  <move id="433" source="E4" target="F4"/>
  <move id="434" source="G9" target="G8"/>
  <move id="435" source="C1" target="C2"/>
  <move id="436" source="G8" target="H8"/>
  <move id="437" source="C2" target="B2"/>
  <move id="438" source="H8" target="I8"/>
  <move id="439" source="B2" target="B:"/>
  <move id="440" source="B:" target="B9"/>
  <move id="441" source="D2" target="C2"/>
  <move id="442" source="B9" target="B8"/>
  <move id="443" source="C2" target="B2"/>
  <move id="444" source="B8" target="B7"/>
  <move id="445" source="B2" target="B3"/>
  <move id="446" source="B7" target="C7"/>
  <move id="447" source="B3" target="B4"/>
  <move id="448" source="C7" target="C8"/>
  <move id="449" source="F4" target="G4"/>
  <move id="450" source="I8" target="H8"/>
  <move id="451" source="G4" target="H4"/>
  <move id="452" source="H8" target="G8"/>
  <move id="453" source="B4" target="B5"/>
  <move id="454" source="G8" target="G9"/>
  <move id="455" source="B5" target="B6"/>
  <move id="456" source="G9" target="F9"/>
  <move id="457" source="B6" target="B7"/>
  <move id="458" source="F9" target="E9"/>
  <move id="459" source="H4" target="G4"/>
  <move id="460" source="E9" target="E8"/>
  <move id="461" source="F6" target="E6"/>
  <move id="462" source="E7" target="F7"/>
  <move id="463" source="F5" target="E5"/>
  <move id="464" source="E8" target="D8"/>
  <move id="465" source="G4" target="G3"/>
  <move id="466" source="F8" target="E8"/>
  <move id="467" source="A1" target="A2"/>
  <move id="468" source="D8" target="D7"/>
  <move id="469" source="A2" target="B2"/>
  <move id="470" source="D7" target="C7"/>
  <move id="471" source="B7" target="B8"/>
  <move id="472" source="C8" target="D8"/>
  <move id="473" source="B2" target="C2"/>
  <move id="474" source="C:" target="B:"/>
  <move id="475" source="C2" target="C3"/>
  <move id="476" source="B:" target="B9"/>
  <move id="477" source="C3" target="D3"/>
  <move id="478" source="B9" target="B8"/>
  <move id="479" source="D3" target="E3"/>
  <move id="480" source="D8" target="D9"/>
  <move id="481" source="E3" target="F3"/>
  <move id="482" source="D9" target="E9"/>
  <move id="483" source="F3" target="F4"/>
  <move id="484" source="E9" target="D9"/>
  <move id="485" source="F4" target="G4"/>
  <move id="486" source="D9" target="D8"/>
  <move id="487" source="G4" target="H4"/>
  <move id="488" source="D8" target="D7"/>
  <move id="489" source="H4" target="I4"/>
  <move id="490" source="F7" target="F8"/>
  <move id="491" source="E6" target="F6"/>
  <move id="492" source="F8" target="F9"/>
  <move id="493" source="E5" target="E6"/>
  <move id="494" source="E8" target="F8"/>
  <move id="495" source="E6" target="E7"/>
  <move id="496" source="F9" target="E9"/>
  <move id="497" source="E7" target="D7"/>
  <move id="498" source="C7" target="D7"/>
  <move id="499" source="B8" target="B7"/>
  <move id="500" source="D7" target="C7"/>
  <move id="501" source="B7" target="B6"/>
  <move id="502" source="C7" target="B7"/>
  <move id="503" source="B6" target="B5"/>
  <move id="504" source="B7" target="B6"/>
  <move id="505" source="B5" target="B4"/>
  <move id="506" source="B6" target="B5"/>
  <move id="507" source="B4" target="B3"/>
  <move id="508" source="B5" target="B4"/>
  <move id="509" source="B3" target="B2"/>
  <move id="510" source="B4" target="B3"/>
  <move id="511" source="B2" target="C2"/>
  <move id="512" source="B3" target="C3"/>
  <move id="513" source="C2" target="B2"/>
  <move id="514" source="E9" target="E8"/>
  <move id="515" source="F6" target="E6"/>
  <move id="516" source="E8" target="D8"/>
  <move id="517" source="I4" target="I5"/>
  <move id="518" source="D8" target="C8"/>
  <move id="519" source="I5" target="I6"/>
  <move id="520" source="C8" target="C7"/>
  <move id="521" source="E6" target="E5"/>
  <move id="522" source="C7" target="B7"/>
  <move id="523" source="E5" target="E4"/>
  <move id="524" source="B7" target="B6"/>
  <move id="525" source="E4" target="D4"/>
  <move id="526" source="C3" target="C2"/>
  <move id="527" source="B2" target="B3"/>
  <move id="528" source="B6" target="B5"/>
  <move id="529" source="D4" target="D3"/>
  <move id="530" source="B5" target="A5"/>
  <move id="531" source="G3" target="F3"/>
  <move id="532" source="C2" target="B2"/>
  <move id="533" source="D3" target="C3"/>
  <move id="534" source="A5" target="A4"/>
  <move id="535" source="F3" target="E3"/>
  <move id="536" source="A4" target="B4"/>
  <move id="537" source="B3" target="A3"/>
  <move id="538" source="B2" target="A2"/>
  <move id="539" source="C3" target="B3"/>
  <move id="540" source="B4" target="A4"/>
  <move id="541" source="E3" target="D3"/>
  <move id="542" source="A4" target="A3"/>
  <move id="543" source="B3" target="A3"/>
  <move id="544" source="A2" target="A3"/>
  <move id="545" source="D3" target="C3"/>
  <move id="546" source="A3" target="A4"/>
  <move id="547" source="C3" target="B3"/>
  <move id="548" source="F8" target="G8"/>
  <move id="549" source="I6" target="I7"/>
  <move id="550" source="G8" target="H8"/>
  <move id="551" source="D1" target="D2"/>
  <move id="552" source="F:" target="F9"/>
  <move id="553" source="D2" target="D3"/>
  <move id="554" source="F9" target="F8"/>
  <move id="555" source="D3" target="E3"/>
  <move id="556" source="F8" target="F7"/>
  <move id="557" source="E3" target="E4"/>
  <move id="558" source="F7" target="F6"/>
  <move id="559" source="E4" target="E5"/>
  <move id="560" source="H8" target="H7"/>
  <move id="561" source="I7" target="H7"/>
  <move id="562" source="F6" target="F7"/>
  <move id="563" source="H7" target="I7"/>
  <move id="564" source="F7" target="G7"/>
  <move id="565" source="I7" target="I6"/>
  <move id="566" source="G7" target="H7"/>
  <move id="567" source="I6" target="I5"/>
  <move id="568" source="H7" target="I7"/>
  <move id="569" source="I5" target="I4"/>
  <move id="570" source="I7" target="I6"/>
  <move id="571" source="I4" target="H4"/>
  <move id="572" source="I6" target="I5"/>
  <move id="573" source="H4" target="G4"/>
  <move id="574" source="I5" target="I4"/>
  <move id="575" source="G4" target="G3"/>
  <move id="576" source="I4" target="H4"/>
  <move id="577" source="H3" target="H4"/>
  <move id="578" source="K9" target="K8"/>
  <move id="579" source="E5" target="E6"/>
  <move id="580" source="K8" target="I8"/>
  <move id="581" source="E6" target="E7"/>
  <move id="582" source="I8" target="H8"/>
  <move id="583" source="E7" target="E8"/>
  <move id="584" source="H8" target="G8"/>
  <move id="585" source="E8" target="E9"/>
  <move id="586" source="G8" target="F8"/>
  <move id="587" source="E9" target="E:"/>
  <move id="588" source="F8" target="F9"/>
  <move id="589" source="H4" target="G4"/>
  <move id="590" source="F9" target="F:"/>
  <move id="591" source="E:" target="E9"/>
  <move id="592" source="F:" target="F9"/>
  <move id="593" source="E9" target="E:"/>
  <move id="594" source="F9" target="F8"/>
  <move id="595" source="E:" target="F:"/>
  <move id="596" source="F8" target="F7"/>
  <move id="597" source="F:" target="G:"/>
  <player id="1">Player 1</player>
  <player id="2">Player 2</player>
  <result type="1" winner="1"/>
 </game>
</stratego>