<?xml version="1.0" encoding="UTF-8"?>
<stratego>
 <game type="classic">
  
  <field content="HBMBEDFEDFEBBILFEBFDGHICJGDBEHDGDJHDIKGDAA__AA__AAAA__AA__AASPUPTPPRPTVPRXPSVSPWNSQUNQTNQOYNQTRNRNUQ"/>
  <move id="1" source="F4" target="F7"/>
  <move id="2" source="E7" target="E6"/>
  <move id="3" source="E4" target="E5"/>
  <move id="4" source="E6" target="E5"/>
  <move id="5" source="F3" target="F4"/>
  <move id="6" source="G7" target="F7"/>
  <move id="7" source="F4" target="F5"/>
  <move id="8" source="E8" target="E3"/>
  <move id="9" source="F5" target="F6"/>
  <move id="10" source="D7" target="E7"/>
  <move id="11" source="F6" target="F7"/>
  <move id="12" source="F8" target="F7"/>
  <move id="13" source="F2" target="F3"/>
  <move id="14" source="G8" target="G7"/>
  <move id="15" source="F3" target="F4"/>
  <move id="16" source="G9" target="G8"/>
  <move id="17" source="F4" target="F5"/>
  <move id="18" source="G8" target="F8"/>
  <move id="19" source="F5" target="F6"/>
  <move id="20" source="F8" target="F7"/>
  <move id="21" source="F6" target="E6"/>
  <move id="22" source="E7" target="E8"/>
  <move id="23" source="E3" target="F3"/>
  <move id="24" source="C7" target="D7"/>
  <move id="25" source="D4" target="E4"/>
  <move id="26" source="D7" target="E7"/>
  <move id="27" source="E4" target="E5"/>
  <move id="28" source="E7" target="D7"/>
  <move id="29" source="G4" target="F4"/>
  <move id="30" source="K7" target="K6"/>
  <move id="31" source="F4" target="F5"/>
  <move id="32" source="K6" target="K5"/>
  <move id="33" source="F5" target="F6"/>
  <move id="34" source="I7" target="I6"/>
  <move id="35" source="E2" target="E3"/>
  <move id="36" source="I6" target="I5"/>
  <move id="37" source="B4" target="B5"/>
  <move id="38" source="A7" target="A6"/>
  <move id="39" source="A4" target="A5"/>
  <move id="40" source="B7" target="B6"/>
  <move id="41" source="B3" target="B4"/>
  <move id="42" source="A8" target="A7"/>
  <move id="43" source="E3" target="E4"/>
  <move id="44" source="H7" target="I7"/>
  <move id="45" source="E4" target="F4"/>
  <move id="46" source="I7" target="I6"/>
  <move id="47" source="F4" target="F5"/>
  <move id="48" source="K5" target="K4"/>
  <move id="49" source="I4" target="I5"/>
  <move id="50" source="I6" target="K6"/>
  <move id="51" source="I5" target="I6"/>
  <move id="52" source="K6" target="K5"/>
  <move id="53" source="E6" target="E7"/>
  <move id="54" source="F7" target="E7"/>
  <move id="55" source="F6" target="F7"/>
  <move id="56" source="E7" target="F7"/>
  <move id="57" source="F7" target="F6"/>
  <move id="58" source="E8" target="E5"/>
  <move id="59" source="E5" target="E4"/>
  <move id="60" source="D7" target="E7"/>
  <move id="61" source="F5" target="E5"/>
  <move id="62" source="G7" target="H7"/>
  <move id="63" source="F6" target="F5"/>
  <move id="64" source="H7" target="I7"/>
  <move id="65" source="I6" target="I5"/>
  <move id="66" source="K5" target="K6"/>
  <move id="67" source="E5" target="E6"/>
  <move id="68" source="E7" target="D7"/>
  <move id="69" source="E6" target="E7"/>
  <move id="70" source="D7" target="C7"/>
  <move id="71" source="E7" target="F7"/>
  <move id="72" source="I7" target="I6"/>
  <move id="73" source="E4" target="F4"/>
  <move id="74" source="I8" target="I7"/>
  <move id="75" source="F7" target="F8"/>
  <move id="76" source="F9" target="F8"/>
  <move id="77" source="F8" target="F7"/>
  <move id="78" source="I7" target="H7"/>
  <move id="79" source="C4" target="D4"/>
  <move id="80" source="A6" target="A5"/>
  <move id="81" source="B5" target="B6"/>
  <move id="82" source="K6" target="K7"/>
  <move id="83" source="D4" target="E4"/>
  <move id="84" source="K7" target="I7"/>
  <move id="85" source="E4" target="E5"/>
  <move id="86" source="K8" target="K7"/>
  <move id="87" source="E5" target="E6"/>
  <move id="88" source="K7" target="K6"/>
  <move id="89" source="F4" target="E4"/>
  <move id="90" source="I6" target="I5"/>
  <move id="91" source="H4" target="I4"/>
  <move id="92" source="I5" target="I4"/>
  <move id="93" source="I4" target="K4"/>
  <move id="94" source="K6" target="K5"/>
  <move id="95" source="K4" target="I4"/>
  <move id="96" source="K5" target="I5"/>
  <move id="97" source="I4" target="H4"/>
  <move id="98" source="I5" target="I4"/>
  <move id="99" source="H4" target="G4"/>
  <move id="100" source="I4" target="H4"/>
  <move id="101" source="K3" target="K4"/>
  <move id="102" source="A7" target="B7"/>
  <move id="103" source="E6" target="E7"/>
  <move id="104" source="B7" target="B6"/>
  <move id="105" source="E4" target="D4"/>
  <move id="106" source="B6" target="B5"/>
  <move id="107" source="B4" target="A4"/>
  <move id="108" source="A5" target="A6"/>
  <move id="109" source="D3" target="E3"/>
  <move id="110" source="B5" target="A5"/>
  <move id="111" source="A4" target="B4"/>
  <move id="112" source="B8" target="B4"/>
  <move id="113" source="E3" target="E4"/>
  <move id="114" source="C7" target="B7"/>
  <move id="115" source="E4" target="F4"/>
  <move id="116" source="B7" target="B6"/>
  <move id="117" source="F1" target="F2"/>
  <move id="118" source="A5" target="A4"/>
  <move id="119" source="B4" target="B5"/>
  <move id="120" source="B6" target="B5"/>
  <move id="121" source="D4" target="C4"/>
  <move id="122" source="A4" target="B4"/>
  <move id="123" source="C4" target="B4"/>
  <move id="124" source="I7" target="K7"/>
  <move id="125" source="E7" target="C7"/>
  <move id="126" source="C8" target="C7"/>
  <move id="127" source="F2" target="E2"/>
  <move id="128" source="H7" target="I7"/>
  <move id="129" source="E2" target="E3"/>
  <move id="130" source="I7" target="I3"/>
  <move id="131" source="E3" target="E4"/>
  <move id="132" source="K7" target="K6"/>
  <move id="133" source="E4" target="E5"/>
  <move id="134" source="K6" target="K5"/>
  <move id="135" source="E5" target="E6"/>
  <move id="136" source="K5" target="K4"/>
  <move id="137" source="K4" target="K5"/>
  <move id="138" source="H4" target="H3"/>
  <player id="1">Player 1</player>
  <player id="2">Player 2</player>
  <result type="3" winner="1"/>
 </game>
</stratego>