<?xml version="1.0" encoding="UTF-8"?>
<stratego>
 <game type="classic">
  
  <field content="DEBFEBMBEEDBFCKJBIHLHDBDDFDDEIFGIGHGDJHGAA__AA__AAAA__AA__AATPUUPTUWRPPNVPSXSSPTNSQPORQVTNRPNYQQNNQR"/>
  <move id="1" source="F4" target="F5"/>
  <move id="2" source="F7" target="F6"/>
  <move id="3" source="F5" target="F6"/>
  <move id="4" source="F6" target="F7"/>
  <move id="5" source="K4" target="K5"/>
  <move id="6" source="E7" target="E6"/>
  <move id="7" source="K5" target="K6"/>
  <move id="8" source="B7" target="B6"/>
  <move id="9" source="K6" target="K7"/>
  <move id="10" source="K8" target="K7"/>
  <move id="11" source="K3" target="K4"/>
  <move id="12" source="I7" target="I6"/>
  <move id="13" source="K4" target="K5"/>
  <move id="14" source="K7" target="I7"/>
  <move id="15" source="K5" target="K6"/>
  <move id="16" source="I8" target="K8"/>
  <move id="17" source="K6" target="K7"/>
  <move id="18" source="I7" target="K7"/>
  <move id="19" source="K7" target="K6"/>
  <move id="20" source="I6" target="I7"/>
  <move id="21" source="K6" target="K5"/>
  <move id="22" source="I7" target="I8"/>
  <move id="23" source="K5" target="K4"/>
  <move id="24" source="D7" target="E7"/>
  <move id="25" source="K4" target="K3"/>
  <move id="26" source="I8" target="I7"/>
  <move id="27" source="I4" target="I5"/>
  <move id="28" source="I9" target="I8"/>
  <move id="29" source="I5" target="I6"/>
  <move id="30" source="I7" target="K7"/>
  <move id="31" source="I6" target="K6"/>
  <move id="32" source="K7" target="I7"/>
  <move id="33" source="K6" target="I6"/>
  <move id="34" source="I7" target="K7"/>
  <move id="35" source="I6" target="K6"/>
  <move id="36" source="I8" target="I7"/>
  <move id="37" source="I3" target="I4"/>
  <move id="38" source="K8" target="I8"/>
  <move id="39" source="K6" target="K7"/>
  <move id="40" source="I7" target="K7"/>
  <move id="41" source="I4" target="I5"/>
  <move id="42" source="I8" target="I7"/>
  <move id="43" source="I5" target="I6"/>
  <move id="44" source="H8" target="I8"/>
  <move id="45" source="H3" target="I3"/>
  <move id="46" source="I8" target="I9"/>
  <move id="47" source="I3" target="I4"/>
  <move id="48" source="G8" target="H8"/>
  <move id="49" source="I6" target="I7"/>
  <move id="50" source="H8" target="I8"/>
  <move id="51" source="I7" target="H7"/>
  <move id="52" source="E6" target="E4"/>
  <move id="53" source="I4" target="K4"/>
  <move id="54" source="H7" target="I7"/>
  <move id="55" source="H4" target="I4"/>
  <move id="56" source="I7" target="I6"/>
  <move id="57" source="I4" target="I5"/>
  <move id="58" source="I6" target="I5"/>
  <move id="59" source="K4" target="K9"/>
  <move id="60" source="I5" target="I4"/>
  <move id="61" source="G3" target="H3"/>
  <move id="62" source="I4" target="K4"/>
  <move id="63" source="K3" target="I3"/>
  <move id="64" source="K4" target="K5"/>
  <move id="65" source="H3" target="H4"/>
  <move id="66" source="I8" target="I7"/>
  <move id="67" source="I3" target="H3"/>
  <move id="68" source="K5" target="K6"/>
  <move id="69" source="I2" target="I3"/>
  <move id="70" source="K6" target="K7"/>
  <move id="71" source="I3" target="I4"/>
  <move id="72" source="K7" target="K8"/>
  <move id="73" source="I4" target="I5"/>
  <move id="74" source="K8" target="I8"/>
  <move id="75" source="I5" target="I6"/>
  <move id="76" source="E7" target="D7"/>
  <move id="77" source="H4" target="I4"/>
  <move id="78" source="F7" target="E7"/>
  <move id="79" source="I4" target="K4"/>
  <move id="80" source="E7" target="E6"/>
  <move id="81" source="K4" target="K5"/>
  <move id="82" source="E6" target="E5"/>
  <move id="83" source="H3" target="I3"/>
  <move id="84" source="E8" target="E7"/>
  <move id="85" source="I3" target="I2"/>
  <move id="86" source="E7" target="F7"/>
  <move id="87" source="I6" target="K6"/>
  <move id="88" source="F7" target="F6"/>
  <move id="89" source="K6" target="K7"/>
  <move id="90" source="I7" target="K7"/>
  <move id="91" source="K5" target="I5"/>
  <move id="92" source="I8" target="K8"/>
  <move id="93" source="K7" target="K6"/>
  <move id="94" source="F8" target="F7"/>
  <move id="95" source="I5" target="I6"/>
  <move id="96" source="D8" target="I8"/>
  <move id="97" source="G4" target="H4"/>
  <move id="98" source="I8" target="I6"/>
  <move id="99" source="H4" target="I4"/>
  <move id="100" source="K8" target="K7"/>
  <move id="101" source="K6" target="K5"/>
  <move id="102" source="E5" target="E4"/>
  <move id="103" source="I4" target="I5"/>
  <move id="104" source="D9" target="D8"/>
  <move id="105" source="I5" target="I6"/>
  <move id="106" source="D8" target="E8"/>
  <move id="107" source="I6" target="I7"/>
  <move id="108" source="K7" target="K8"/>
  <move id="109" source="I7" target="I8"/>
  <move id="110" source="K8" target="K7"/>
  <move id="111" source="K5" target="K4"/>
  <move id="112" source="E8" target="I8"/>
  <move id="113" source="D4" target="E4"/>
  <move id="114" source="F6" target="E6"/>
  <move id="115" source="E4" target="F4"/>
  <move id="116" source="F7" target="F8"/>
  <move id="117" source="F4" target="G4"/>
  <move id="118" source="I9" target="I8"/>
  <move id="119" source="G4" target="H4"/>
  <move id="120" source="I8" target="I7"/>
  <move id="121" source="K4" target="K5"/>
  <move id="122" source="K7" target="K6"/>
  <move id="123" source="K5" target="K4"/>
  <move id="124" source="K6" target="K7"/>
  <move id="125" source="K4" target="I4"/>
  <move id="126" source="K7" target="K8"/>
  <move id="127" source="I4" target="I5"/>
  <move id="128" source="K8" target="I8"/>
  <move id="129" source="I5" target="I6"/>
  <move id="130" source="I7" target="K7"/>
  <move id="131" source="H4" target="I4"/>
  <move id="132" source="F8" target="E8"/>
  <move id="133" source="I4" target="I5"/>
  <move id="134" source="E8" target="E7"/>
  <move id="135" source="I6" target="K6"/>
  <move id="136" source="K7" target="I7"/>
  <move id="137" source="C4" target="D4"/>
  <move id="138" source="F9" target="F8"/>
  <move id="139" source="D4" target="E4"/>
  <move id="140" source="F8" target="F7"/>
  <move id="141" source="E4" target="F4"/>
  <move id="142" source="E7" target="E8"/>
  <move id="143" source="F4" target="G4"/>
  <move id="144" source="E6" target="E7"/>
  <move id="145" source="G4" target="H4"/>
  <move id="146" source="E8" target="F8"/>
  <move id="147" source="H4" target="I4"/>
  <move id="148" source="F8" target="G8"/>
  <move id="149" source="K6" target="K7"/>
  <move id="150" source="I7" target="I6"/>
  <move id="151" source="K7" target="K6"/>
  <move id="152" source="I6" target="I7"/>
  <move id="153" source="I5" target="I6"/>
  <move id="154" source="G8" target="F8"/>
  <move id="155" source="K6" target="K5"/>
  <move id="156" source="F8" target="F9"/>
  <move id="157" source="I6" target="K6"/>
  <move id="158" source="F7" target="F6"/>
  <move id="159" source="K5" target="K4"/>
  <move id="160" source="F9" target="F8"/>
  <move id="161" source="K4" target="K3"/>
  <move id="162" source="F8" target="G8"/>
  <move id="163" source="K3" target="I3"/>
  <move id="164" source="F6" target="F7"/>
  <move id="165" source="K6" target="K7"/>
  <move id="166" source="I7" target="K7"/>
  <move id="167" source="I4" target="I5"/>
  <move id="168" source="G7" target="H7"/>
  <move id="169" source="I5" target="K5"/>
  <move id="170" source="H7" target="I7"/>
  <move id="171" source="I3" target="H3"/>
  <move id="172" source="F7" target="G7"/>
  <move id="173" source="H3" target="G3"/>
  <move id="174" source="G7" target="H7"/>
  <move id="175" source="F3" target="F4"/>
  <move id="176" source="I8" target="H8"/>
  <move id="177" source="F4" target="F5"/>
  <move id="178" source="I7" target="I8"/>
  <move id="179" source="F5" target="F6"/>
  <move id="180" source="H7" target="I7"/>
  <move id="181" source="F6" target="F7"/>
  <move id="182" source="E7" target="F7"/>
  <move id="183" source="G3" target="G4"/>
  <move id="184" source="F7" target="E7"/>
  <move id="185" source="G4" target="F4"/>
  <move id="186" source="E7" target="E8"/>
  <move id="187" source="F4" target="F5"/>
  <move id="188" source="D7" target="E7"/>
  <move id="189" source="E3" target="E7"/>
  <move id="190" source="E7" target="F7"/>
  <move id="191" source="F5" target="E5"/>
  <move id="192" source="F7" target="F8"/>
  <move id="193" source="E5" target="E6"/>
  <move id="194" source="C7" target="D7"/>
  <move id="195" source="D3" target="E3"/>
  <move id="196" source="F8" target="F9"/>
  <move id="197" source="E3" target="F3"/>
  <move id="198" source="I7" target="H7"/>
  <move id="199" source="K5" target="K6"/>
  <move id="200" source="I8" target="I9"/>
  <move id="201" source="K6" target="K7"/>
  <move id="202" source="G8" target="G7"/>
  <move id="203" source="F3" target="F4"/>
  <move id="204" source="E8" target="F8"/>
  <move id="205" source="E6" target="E7"/>
  <move id="206" source="D7" target="E7"/>
  <move id="207" source="F4" target="F5"/>
  <move id="208" source="E7" target="D7"/>
  <move id="209" source="F5" target="F6"/>
  <move id="210" source="F8" target="F7"/>
  <move id="211" source="F6" target="E6"/>
  <move id="212" source="F7" target="E7"/>
  <move id="213" source="E6" target="F6"/>
  <move id="214" source="G7" target="G8"/>
  <move id="215" source="E2" target="E3"/>
  <move id="216" source="H7" target="G7"/>
  <move id="217" source="E3" target="E4"/>
  <move id="218" source="G7" target="F7"/>
  <move id="219" source="E4" target="E5"/>
  <move id="220" source="G8" target="F8"/>
  <move id="221" source="K7" target="I7"/>
  <move id="222" source="B6" target="B7"/>
  <move id="223" source="K2" target="K3"/>
  <move id="224" source="D7" target="D8"/>
  <move id="225" source="K3" target="K4"/>
  <move id="226" source="D8" target="D9"/>
  <move id="227" source="K4" target="K5"/>
  <move id="228" source="B7" target="C7"/>
  <move id="229" source="K5" target="K6"/>
  <move id="230" source="F7" target="G7"/>
  <move id="231" source="K6" target="K7"/>
  <move id="232" source="E7" target="E8"/>
  <move id="233" source="K7" target="K8"/>
  <move id="234" source="G7" target="G8"/>
  <move id="235" source="I7" target="H7"/>
  <move id="236" source="H8" target="I8"/>
  <move id="237" source="K8" target="K7"/>
  <move id="238" source="C7" target="H7"/>
  <move id="239" source="F6" target="F7"/>
  <move id="240" source="F8" target="F7"/>
  <move id="241" source="H7" target="I7"/>
  <move id="242" source="I8" target="I7"/>
  <move id="243" source="K7" target="I7"/>
  <move id="244" source="G8" target="G7"/>
  <move id="245" source="E5" target="E6"/>
  <move id="246" source="E8" target="E7"/>
  <move id="247" source="E6" target="E5"/>
  <move id="248" source="A7" target="B7"/>
  <move id="249" source="F2" target="E2"/>
  <move id="250" source="B7" target="C7"/>
  <move id="251" source="E2" target="E3"/>
  <move id="252" source="C7" target="D7"/>
  <move id="253" source="E5" target="E4"/>
  <move id="254" source="D7" target="C7"/>
  <move id="255" source="E4" target="F4"/>
  <move id="256" source="F7" target="F8"/>
  <move id="257" source="E3" target="E4"/>
  <move id="258" source="F8" target="E8"/>
  <move id="259" source="E4" target="E5"/>
  <move id="260" source="E8" target="F8"/>
  <move id="261" source="E5" target="E6"/>
  <move id="262" source="E7" target="E8"/>
  <move id="263" source="E6" target="E7"/>
  <move id="264" source="C7" target="B7"/>
  <move id="265" source="F4" target="G4"/>
  <move id="266" source="B7" target="A7"/>
  <move id="267" source="G4" target="H4"/>
  <move id="268" source="A7" target="A6"/>
  <move id="269" source="H4" target="I4"/>
  <move id="270" source="F8" target="G8"/>
  <move id="271" source="E7" target="F7"/>
  <move id="272" source="G7" target="F7"/>
  <move id="273" source="I4" target="K4"/>
  <move id="274" source="G8" target="H8"/>
  <move id="275" source="F7" target="F8"/>
  <move id="276" source="H8" target="G8"/>
  <move id="277" source="F8" target="E8"/>
  <move id="278" source="G8" target="F8"/>
  <move id="279" source="E8" target="E7"/>
  <move id="280" source="F8" target="E8"/>
  <move id="281" source="E7" target="F7"/>
  <move id="282" source="E8" target="F8"/>
  <move id="283" source="F7" target="E7"/>
  <move id="284" source="C8" target="C7"/>
  <move id="285" source="K4" target="K5"/>
  <move id="286" source="C7" target="D7"/>
  <move id="287" source="E7" target="E6"/>
  <move id="288" source="D7" target="C7"/>
  <move id="289" source="K5" target="K6"/>
  <move id="290" source="F8" target="G8"/>
  <move id="291" source="E6" target="F6"/>
  <move id="292" source="G8" target="H8"/>
  <move id="293" source="F6" target="F7"/>
  <move id="294" source="H8" target="I8"/>
  <move id="295" source="I7" target="H7"/>
  <move id="296" source="C7" target="B7"/>
  <move id="297" source="F7" target="F8"/>
  <move id="298" source="B7" target="B6"/>
  <move id="299" source="F8" target="F9"/>
  <move id="300" source="B6" target="B5"/>
  <move id="301" source="F9" target="F8"/>
  <move id="302" source="B5" target="B4"/>
  <move id="303" source="A4" target="A5"/>
  <move id="304" source="B4" target="B5"/>
  <move id="305" source="A5" target="A6"/>
  <move id="306" source="B5" target="B6"/>
  <move id="307" source="F8" target="F7"/>
  <move id="308" source="B6" target="B7"/>
  <move id="309" source="F7" target="F6"/>
  <move id="310" source="B7" target="C7"/>
  <move id="311" source="H7" target="G7"/>
  <move id="312" source="C7" target="C8"/>
  <move id="313" source="G7" target="F7"/>
  <move id="314" source="I8" target="H8"/>
  <move id="315" source="F7" target="E7"/>
  <move id="316" source="H8" target="G8"/>
  <move id="317" source="E7" target="D7"/>
  <move id="318" source="G8" target="F8"/>
  <move id="319" source="K6" target="K7"/>
  <move id="320" source="I9" target="I8"/>
  <move id="321" source="K7" target="K8"/>
  <move id="322" source="I8" target="K8"/>
  <move id="323" source="K8" target="K7"/>
  <move id="324" source="F8" target="F7"/>
  <move id="325" source="F6" target="F5"/>
  <move id="326" source="F7" target="F6"/>
  <move id="327" source="F5" target="F4"/>
  <move id="328" source="F6" target="F5"/>
  <move id="329" source="F4" target="F3"/>
  <move id="330" source="F5" target="F4"/>
  <move id="331" source="F3" target="G3"/>
  <move id="332" source="F4" target="G4"/>
  <move id="333" source="G3" target="H3"/>
  <move id="334" source="G4" target="H4"/>
  <move id="335" source="H3" target="G3"/>
  <move id="336" source="H4" target="G4"/>
  <move id="337" source="G3" target="F3"/>
  <move id="338" source="A6" target="A5"/>
  <move id="339" source="K7" target="K8"/>
  <move id="340" source="G4" target="F4"/>
  <move id="341" source="F3" target="E3"/>
  <move id="342" source="F4" target="F5"/>
  <move id="343" source="D7" target="C7"/>
  <move id="344" source="C8" target="D8"/>
  <move id="345" source="K8" target="I8"/>
  <move id="346" source="D8" target="E8"/>
  <move id="347" source="C7" target="D7"/>
  <move id="348" source="F5" target="F6"/>
  <move id="349" source="I8" target="H8"/>
  <move id="350" source="F6" target="F7"/>
  <move id="351" source="H8" target="G8"/>
  <move id="352" source="F7" target="F8"/>
  <move id="353" source="G8" target="G7"/>
  <move id="354" source="F8" target="F7"/>
  <move id="355" source="G7" target="G8"/>
  <move id="356" source="E8" target="F8"/>
  <move id="357" source="E3" target="D3"/>
  <move id="358" source="F8" target="E8"/>
  <move id="359" source="D3" target="D4"/>
  <move id="360" source="A5" target="A4"/>
  <move id="361" source="D2" target="E2"/>
  <move id="362" source="A4" target="A3"/>
  <move id="363" source="E2" target="F2"/>
  <move id="364" source="A8" target="A7"/>
  <move id="365" source="F2" target="F3"/>
  <move id="366" source="A7" target="A6"/>
  <move id="367" source="F3" target="F4"/>
  <move id="368" source="A6" target="A7"/>
  <move id="369" source="F4" target="F5"/>
  <move id="370" source="A7" target="A8"/>
  <move id="371" source="F5" target="E5"/>
  <move id="372" source="A8" target="A7"/>
  <move id="373" source="E5" target="E6"/>
  <move id="374" source="A7" target="A6"/>
  <move id="375" source="D4" target="C4"/>
  <move id="376" source="A6" target="A5"/>
  <move id="377" source="C4" target="B4"/>
  <move id="378" source="C9" target="C8"/>
  <move id="379" source="K1" target="K2"/>
  <move id="380" source="E8" target="F8"/>
  <move id="381" source="K2" target="K3"/>
  <move id="382" source="C8" target="D8"/>
  <move id="383" source="D7" target="E7"/>
  <move id="384" source="F8" target="E8"/>
  <move id="385" source="K3" target="K4"/>
  <move id="386" source="A5" target="A6"/>
  <move id="387" source="K4" target="K5"/>
  <move id="388" source="D8" target="C8"/>
  <move id="389" source="E7" target="D7"/>
  <move id="390" source="E8" target="F8"/>
  <move id="391" source="K5" target="K6"/>
  <move id="392" source="F8" target="F9"/>
  <move id="393" source="E6" target="F6"/>
  <move id="394" source="F7" target="F8"/>
  <move id="395" source="G8" target="G7"/>
  <move id="396" source="D9" target="D8"/>
  <move id="397" source="D7" target="E7"/>
  <move id="398" source="E9" target="E8"/>
  <move id="399" source="E7" target="E6"/>
  <move id="400" source="E8" target="E9"/>
  <move id="401" source="G7" target="F7"/>
  <move id="402" source="F8" target="F7"/>
  <move id="403" source="F6" target="F7"/>
  <move id="404" source="F9" target="F8"/>
  <move id="405" source="E6" target="E7"/>
  <move id="406" source="E9" target="E8"/>
  <move id="407" source="E7" target="E6"/>
  <move id="408" source="F8" target="F7"/>
  <move id="409" source="K6" target="K7"/>
  <move id="410" source="E8" target="E9"/>
  <move id="411" source="K7" target="K8"/>
  <move id="412" source="F7" target="F8"/>
  <move id="413" source="E6" target="E7"/>
  <move id="414" source="E9" target="E8"/>
  <move id="415" source="E7" target="F7"/>
  <move id="416" source="F8" target="F9"/>
  <move id="417" source="B4" target="C4"/>
  <move id="418" source="F9" target="E9"/>
  <move id="419" source="C4" target="D4"/>
  <move id="420" source="E9" target="D9"/>
  <move id="421" source="D4" target="E4"/>
  <move id="422" source="C8" target="C9"/>
  <move id="423" source="E4" target="E5"/>
  <move id="424" source="D8" target="C8"/>
  <move id="425" source="E5" target="E6"/>
  <move id="426" source="D9" target="D8"/>
  <move id="427" source="E6" target="E7"/>
  <move id="428" source="E8" target="E9"/>
  <move id="429" source="F7" target="F8"/>
  <move id="430" source="C9" target="D9"/>
  <move id="431" source="B3" target="B4"/>
  <move id="432" source="C8" target="C7"/>
  <move id="433" source="B4" target="C4"/>
  <move id="434" source="C7" target="C8"/>
  <move id="435" source="C4" target="D4"/>
  <move id="436" source="C8" target="C7"/>
  <move id="437" source="D4" target="E4"/>
  <move id="438" source="D9" target="C9"/>
  <move id="439" source="E4" target="E5"/>
  <move id="440" source="E9" target="D9"/>
  <move id="441" source="E5" target="E6"/>
  <move id="442" source="C9" target="C8"/>
  <move id="443" source="E7" target="F7"/>
  <move id="444" source="A6" target="A7"/>
  <move id="445" source="E6" target="E9"/>
  <move id="446" source="E:" target="E9"/>
  <move id="447" source="F8" target="F9"/>
  <move id="448" source="E9" target="E:"/>
  <move id="449" source="F9" target="F8"/>
  <move id="450" source="D8" target="D7"/>
  <move id="451" source="F8" target="E8"/>
  <move id="452" source="G9" target="G8"/>
  <move id="453" source="F7" target="G7"/>
  <move id="454" source="G8" target="H8"/>
  <move id="455" source="G7" target="G8"/>
  <move id="456" source="H8" target="I8"/>
  <move id="457" source="K8" target="K9"/>
  <move id="458" source="I8" target="K8"/>
  <move id="459" source="K9" target="K:"/>
  <move id="460" source="C7" target="B7"/>
  <move id="461" source="G8" target="G9"/>
  <move id="462" source="H9" target="G9"/>
  <move id="463" source="A2" target="A3"/>
  <move id="464" source="B7" target="B6"/>
  <move id="465" source="A3" target="A4"/>
  <move id="466" source="B6" target="A6"/>
  <move id="467" source="A4" target="B4"/>
  <move id="468" source="A6" target="A5"/>
  <move id="469" source="B4" target="F4"/>
  <move id="470" source="A5" target="A4"/>
  <move id="471" source="F4" target="F9"/>
  <move id="472" source="E:" target="E9"/>
  <move id="473" source="F9" target="F8"/>
  <move id="474" source="C8" target="D8"/>
  <move id="475" source="E8" target="E7"/>
  <move id="476" source="D7" target="C7"/>
  <move id="477" source="E7" target="D7"/>
  <move id="478" source="C7" target="C8"/>
  <move id="479" source="F8" target="H8"/>
  <move id="480" source="E9" target="E:"/>
  <move id="481" source="E1" target="E2"/>
  <move id="482" source="A4" target="B4"/>
  <move id="483" source="E2" target="E3"/>
  <move id="484" source="D8" target="E8"/>
  <move id="485" source="D7" target="E7"/>
  <move id="486" source="E8" target="F8"/>
  <move id="487" source="E7" target="E8"/>
  <move id="488" source="F8" target="G8"/>
  <move id="489" source="H8" target="H:"/>
  <move id="490" source="B4" target="C4"/>
  <move id="491" source="E3" target="E4"/>
  <move id="492" source="C4" target="D4"/>
  <move id="493" source="E4" target="E5"/>
  <move id="494" source="D4" target="C4"/>
  <move id="495" source="E5" target="E6"/>
  <move id="496" source="C4" target="B4"/>
  <move id="497" source="E6" target="E7"/>
  <move id="498" source="B4" target="B3"/>
  <move id="499" source="E8" target="F8"/>
  <move id="500" source="G8" target="H8"/>
  <move id="501" source="E7" target="E8"/>
  <move id="502" source="D9" target="C9"/>
  <move id="503" source="F8" target="F9"/>
  <move id="504" source="C8" target="D8"/>
  <move id="505" source="F9" target="E9"/>
  <move id="506" source="A7" target="A1"/>
  <move id="507" source="E8" target="F8"/>
  <move id="508" source="H8" target="H7"/>
  <move id="509" source="F8" target="F9"/>
  <move id="510" source="H7" target="I7"/>
  <move id="511" source="E9" target="E:"/>
  <move id="512" source="F:" target="F9"/>
  <move id="513" source="E:" target="E9"/>
  <move id="514" source="I7" target="I6"/>
  <move id="515" source="E9" target="E8"/>
  <move id="516" source="D8" target="D9"/>
  <move id="517" source="D1" target="E1"/>
  <move id="518" source="B3" target="B4"/>
  <move id="519" source="E1" target="E2"/>
  <move id="520" source="B4" target="C4"/>
  <move id="521" source="E2" target="E3"/>
  <move id="522" source="C4" target="D4"/>
  <move id="523" source="E3" target="F3"/>
  <move id="524" source="D4" target="E4"/>
  <move id="525" source="E8" target="E7"/>
  <move id="526" source="D9" target="D8"/>
  <move id="527" source="E7" target="E6"/>
  <move id="528" source="D8" target="E8"/>
  <move id="529" source="E6" target="E5"/>
  <move id="530" source="E4" target="F4"/>
  <move id="531" source="F3" target="E3"/>
  <move id="532" source="C9" target="D9"/>
  <move id="533" source="E3" target="D3"/>
  <move id="534" source="D9" target="D8"/>
  <move id="535" source="D3" target="D4"/>
  <move id="536" source="D8" target="D7"/>
  <move id="537" source="D4" target="C4"/>
  <move id="538" source="E8" target="D8"/>
  <move id="539" source="C4" target="B4"/>
  <move id="540" source="D8" target="C8"/>
  <move id="541" source="B4" target="A4"/>
  <move id="542" source="I6" target="I5"/>
  <move id="543" source="A4" target="A5"/>
  <move id="544" source="I5" target="I4"/>
  <move id="545" source="A5" target="A6"/>
  <move id="546" source="F4" target="F3"/>
  <move id="547" source="A6" target="A7"/>
  <move id="548" source="F3" target="G3"/>
  <move id="549" source="E5" target="F5"/>
  <move id="550" source="I4" target="I5"/>
  <move id="551" source="F5" target="F4"/>
  <move id="552" source="I5" target="I6"/>
  <move id="553" source="C2" target="D2"/>
  <move id="554" source="I6" target="I7"/>
  <move id="555" source="D2" target="E2"/>
  <move id="556" source="I7" target="H7"/>
  <move id="557" source="E2" target="E3"/>
  <move id="558" source="B9" target="C9"/>
  <move id="559" source="E3" target="E4"/>
  <move id="560" source="C9" target="D9"/>
  <move id="561" source="F4" target="F5"/>
  <move id="562" source="D9" target="E9"/>
  <move id="563" source="F5" target="F6"/>
  <move id="564" source="E9" target="E8"/>
  <move id="565" source="F6" target="F7"/>
  <move id="566" source="H7" target="I7"/>
  <move id="567" source="E4" target="E5"/>
  <move id="568" source="C8" target="D8"/>
  <move id="569" source="A7" target="B7"/>
  <move id="570" source="D8" target="C8"/>
  <move id="571" source="E5" target="E6"/>
  <move id="572" source="I7" target="I6"/>
  <move id="573" source="E6" target="E5"/>
  <move id="574" source="I6" target="I5"/>
  <move id="575" source="F7" target="F6"/>
  <move id="576" source="I5" target="I4"/>
  <move id="577" source="F6" target="F5"/>
  <move id="578" source="B:" target="B9"/>
  <move id="579" source="F5" target="F4"/>
  <move id="580" source="B9" target="C9"/>
  <move id="581" source="F4" target="F3"/>
  <move id="582" source="G3" target="G4"/>
  <move id="583" source="E5" target="F5"/>
  <move id="584" source="I4" target="I5"/>
  <move id="585" source="F5" target="F6"/>
  <move id="586" source="I5" target="I6"/>
  <move id="587" source="F6" target="F7"/>
  <move id="588" source="C9" target="D9"/>
  <move id="589" source="F7" target="G7"/>
  <move id="590" source="E8" target="F8"/>
  <move id="591" source="G7" target="H7"/>
  <move id="592" source="I6" target="K6"/>
  <move id="593" source="H7" target="I7"/>
  <move id="594" source="K8" target="K9"/>
  <move id="595" source="F3" target="G3"/>
  <move id="596" source="G4" target="H4"/>
  <move id="597" source="G3" target="H3"/>
  <move id="598" source="H4" target="G4"/>
  <move id="599" source="H3" target="H4"/>
  <move id="600" source="G4" target="G3"/>
  <move id="601" source="H4" target="I4"/>
  <move id="602" source="F8" target="G8"/>
  <move id="603" source="I4" target="I5"/>
  <move id="604" source="G8" target="G7"/>
  <move id="605" source="I5" target="K5"/>
  <move id="606" source="G7" target="H7"/>
  <move id="607" source="K5" target="K6"/>
  <move id="608" source="H7" target="I7"/>
  <move id="609" source="K6" target="K7"/>
  <move id="610" source="I7" target="H7"/>
  <move id="611" source="K7" target="K8"/>
  <move id="612" source="K9" target="I9"/>
  <move id="613" source="K8" target="I8"/>
  <move id="614" source="I9" target="K9"/>
  <move id="615" source="I8" target="K8"/>
  <move id="616" source="H7" target="G7"/>
  <move id="617" source="K8" target="K9"/>
  <move id="618" source="G7" target="F7"/>
  <move id="619" source="K9" target="I9"/>
  <move id="620" source="F7" target="F6"/>
  <move id="621" source="I9" target="I8"/>
  <move id="622" source="D7" target="E7"/>
  <move id="623" source="I8" target="I7"/>
  <move id="624" source="F6" target="F7"/>
  <move id="625" source="I7" target="I6"/>
  <move id="626" source="F7" target="F8"/>
  <move id="627" source="I6" target="I5"/>
  <move id="628" source="F8" target="F9"/>
  <move id="629" source="I5" target="I4"/>
  <move id="630" source="D9" target="D8"/>
  <move id="631" source="I4" target="H4"/>
  <move id="632" source="F9" target="F:"/>
  <move id="633" source="I1" target="K1"/>
  <move id="634" source="F:" target="F9"/>
  <move id="635" source="K1" target="K2"/>
  <move id="636" source="D8" target="D7"/>
  <move id="637" source="K2" target="K3"/>
  <move id="638" source="D7" target="B7"/>
  <move id="639" source="K3" target="K4"/>
  <move id="640" source="C8" target="D8"/>
  <move id="641" source="K4" target="K5"/>
  <move id="642" source="D8" target="E8"/>
  <move id="643" source="K5" target="K6"/>
  <move id="644" source="E8" target="F8"/>
  <move id="645" source="K6" target="K7"/>
  <move id="646" source="F8" target="G8"/>
  <move id="647" source="K7" target="K8"/>
  <move id="648" source="G8" target="H8"/>
  <move id="649" source="K8" target="K9"/>
  <move id="650" source="H8" target="I8"/>
  <move id="651" source="K9" target="K:"/>
  <move id="652" source="F9" target="E9"/>
  <move id="653" source="B7" target="C7"/>
  <move id="654" source="E7" target="F7"/>
  <move id="655" source="C7" target="D7"/>
  <move id="656" source="E9" target="E8"/>
  <move id="657" source="H2" target="H3"/>
  <move id="658" source="I8" target="H8"/>
  <move id="659" source="H3" target="I3"/>
  <move id="660" source="H8" target="G8"/>
  <move id="661" source="I3" target="I4"/>
  <move id="662" source="K:" target="K9"/>
  <move id="663" source="I4" target="I5"/>
  <move id="664" source="K9" target="I9"/>
  <move id="665" source="I5" target="I6"/>
  <move id="666" source="I9" target="H9"/>
  <move id="667" source="I6" target="I7"/>
  <move id="668" source="H9" target="G9"/>
  <move id="669" source="I7" target="I8"/>
  <move id="670" source="G9" target="F9"/>
  <move id="671" source="I8" target="I9"/>
  <move id="672" source="F9" target="E9"/>
  <move id="673" source="I9" target="H9"/>
  <move id="674" source="E9" target="D9"/>
  <move id="675" source="D7" target="C7"/>
  <move id="676" source="D9" target="D8"/>
  <move id="677" source="C7" target="B7"/>
  <move id="678" source="D8" target="C8"/>
  <move id="679" source="B7" target="A7"/>
  <move id="680" source="C8" target="C7"/>
  <move id="681" source="A7" target="A6"/>
  <move id="682" source="C7" target="B7"/>
  <move id="683" source="H4" target="G4"/>
  <move id="684" source="G3" target="F3"/>
  <move id="685" source="I2" target="I3"/>
  <move id="686" source="B7" target="A7"/>
  <move id="687" source="A6" target="B6"/>
  <move id="688" source="A7" target="B7"/>
  <move id="689" source="B6" target="A6"/>
  <move id="690" source="E8" target="D8"/>
  <move id="691" source="I3" target="I4"/>
  <move id="692" source="D8" target="E8"/>
  <move id="693" source="I4" target="I5"/>
  <move id="694" source="G8" target="G9"/>
  <move id="695" source="H9" target="H8"/>
  <move id="696" source="G9" target="G8"/>
  <move id="697" source="H8" target="H7"/>
  <move id="698" source="G8" target="G7"/>
  <move id="699" source="H7" target="H8"/>
  <move id="700" source="E8" target="D8"/>
  <move id="701" source="I5" target="I6"/>
  <move id="702" source="D8" target="D9"/>
  <move id="703" source="I6" target="K6"/>
  <move id="704" source="F7" target="F6"/>
  <move id="705" source="K6" target="K7"/>
  <move id="706" source="F6" target="F5"/>
  <move id="707" source="K7" target="K8"/>
  <move id="708" source="F3" target="E3"/>
  <move id="709" source="G4" target="H4"/>
  <move id="710" source="E3" target="E4"/>
  <move id="711" source="H4" target="I4"/>
  <move id="712" source="E4" target="E5"/>
  <move id="713" source="I4" target="I5"/>
  <move id="714" source="E5" target="E6"/>
  <move id="715" source="I5" target="I6"/>
  <move id="716" source="F5" target="F6"/>
  <move id="717" source="I6" target="I7"/>
  <move id="718" source="F6" target="F7"/>
  <move id="719" source="K8" target="K9"/>
  <move id="720" source="E6" target="E7"/>
  <move id="721" source="H8" target="I8"/>
  <move id="722" source="G7" target="G8"/>
  <move id="723" source="I7" target="H7"/>
  <move id="724" source="E7" target="E8"/>
  <move id="725" source="H7" target="H8"/>
  <move id="726" source="G8" target="G9"/>
  <move id="727" source="H8" target="G8"/>
  <move id="728" source="G9" target="H9"/>
  <move id="729" source="I8" target="I7"/>
  <move id="730" source="H9" target="I9"/>
  <move id="731" source="I7" target="H7"/>
  <move id="732" source="I9" target="K9"/>
  <move id="733" source="H7" target="G7"/>
  <move id="734" source="F7" target="E7"/>
  <move id="735" source="G8" target="F8"/>
  <move id="736" source="K9" target="I9"/>
  <move id="737" source="G7" target="F7"/>
  <move id="738" source="I9" target="I8"/>
  <move id="739" source="F7" target="F6"/>
  <move id="740" source="I8" target="I7"/>
  <move id="741" source="F6" target="F7"/>
  <move id="742" source="I7" target="I6"/>
  <move id="743" source="F7" target="E7"/>
  <move id="744" source="E8" target="E7"/>
  <move id="745" source="F8" target="E8"/>
  <move id="746" source="I6" target="I7"/>
  <move id="747" source="E8" target="D8"/>
  <move id="748" source="D9" target="E9"/>
  <move id="749" source="D8" target="D7"/>
  <move id="750" source="B7" target="A7"/>
  <move id="751" source="A6" target="B6"/>
  <move id="752" source="I7" target="H7"/>
  <move id="753" source="B6" target="B5"/>
  <move id="754" source="H7" target="H8"/>
  <move id="755" source="B5" target="B4"/>
  <move id="756" source="H8" target="G8"/>
  <move id="757" source="B4" target="C4"/>
  <move id="758" source="G8" target="G7"/>
  <move id="759" source="D7" target="E7"/>
  <move id="760" source="E9" target="D9"/>
  <move id="761" source="C4" target="D4"/>
  <move id="762" source="A7" target="A6"/>
  <move id="763" source="D4" target="E4"/>
  <move id="764" source="G7" target="G8"/>
  <move id="765" source="E4" target="F4"/>
  <move id="766" source="G8" target="H8"/>
  <move id="767" source="F4" target="F5"/>
  <move id="768" source="H8" target="G8"/>
  <move id="769" source="F5" target="F6"/>
  <move id="770" source="G8" target="F8"/>
  <move id="771" source="F6" target="F5"/>
  <move id="772" source="D9" target="C9"/>
  <move id="773" source="F5" target="F4"/>
  <move id="774" source="F8" target="G8"/>
  <move id="775" source="E7" target="D7"/>
  <move id="776" source="C9" target="D9"/>
  <move id="777" source="D7" target="E7"/>
  <move id="778" source="A6" target="A5"/>
  <move id="779" source="E7" target="E6"/>
  <move id="780" source="A5" target="A4"/>
  <move id="781" source="E6" target="E5"/>
  <move id="782" source="A4" target="A3"/>
  <move id="783" source="E5" target="E4"/>
  <move id="784" source="A3" target="A4"/>
  <move id="785" source="E4" target="D4"/>
  <move id="786" source="A4" target="A5"/>
  <move id="787" source="D4" target="C4"/>
  <move id="788" source="D9" target="D8"/>
  <move id="789" source="C4" target="B4"/>
  <move id="790" source="D8" target="D7"/>
  <move id="791" source="B4" target="B5"/>
  <move id="792" source="A5" target="A4"/>
  <move id="793" source="B5" target="A5"/>
  <move id="794" source="A4" target="B4"/>
  <move id="795" source="A5" target="A4"/>
  <move id="796" source="B4" target="B5"/>
  <move id="797" source="A4" target="A5"/>
  <move id="798" source="B5" target="B4"/>
  <move id="799" source="A5" target="A4"/>
  <move id="800" source="B4" target="B5"/>
  <move id="801" source="A4" target="B4"/>
  <move id="802" source="B5" target="A5"/>
  <move id="803" source="F4" target="E4"/>
  <move id="804" source="D7" target="E7"/>
  <move id="805" source="E4" target="D4"/>
  <move id="806" source="E7" target="E6"/>
  <move id="807" source="B4" target="A4"/>
  <move id="808" source="A5" target="B5"/>
  <move id="809" source="D4" target="C4"/>
  <move id="810" source="E6" target="E5"/>
  <move id="811" source="C4" target="B4"/>
  <move id="812" source="I:" target="I9"/>
  <move id="813" source="B4" target="C4"/>
  <move id="814" source="I9" target="I8"/>
  <move id="815" source="A4" target="B4"/>
  <move id="816" source="B5" target="A5"/>
  <move id="817" source="C4" target="D4"/>
  <move id="818" source="I8" target="I7"/>
  <move id="819" source="D4" target="D3"/>
  <move id="820" source="E5" target="E4"/>
  <move id="821" source="B4" target="C4"/>
  <move id="822" source="E4" target="E3"/>
  <move id="823" source="D3" target="D2"/>
  <move id="824" source="I7" target="I6"/>
  <move id="825" source="C4" target="D4"/>
  <move id="826" source="I6" target="I5"/>
  <move id="827" source="D4" target="E4"/>
  <move id="828" source="E3" target="E2"/>
  <move id="829" source="D2" target="D3"/>
  <move id="830" source="I5" target="I4"/>
  <move id="831" source="E4" target="F4"/>
  <move id="832" source="I4" target="I3"/>
  <move id="833" source="F4" target="F3"/>
  <move id="834" source="I3" target="I2"/>
  <move id="835" source="F3" target="G3"/>
  <move id="836" source="I2" target="I1"/>
  <move id="837" source="G3" target="H3"/>
  <move id="838" source="I1" target="H1"/>
  <player id="1">Player 1</player>
  <player id="2">Player 2</player>
  <result type="3" winner="2"/>
 </game>
</stratego>