<?xml version="1.0" encoding="UTF-8"?>
<stratego>
 <game type="classic">
  
  <field content="IFMGBBBBBBHLGEDHEDEGFKHGJEDDJDDICIFDEHFDAA__AA__AAAA__AA__AANQXSTQVTRNRVTPWTONSUSPQUPPYRNQPPUSPPRNQN"/>
  <move id="1" source="B4" target="B5"/>
  <move id="2" source="E7" target="E6"/>
  <move id="3" source="B5" target="B6"/>
  <move id="4" source="E6" target="E5"/>
  <move id="5" source="A4" target="A7"/>
  <move id="6" source="D7" target="E7"/>
  <move id="7" source="A3" target="A4"/>
  <move id="8" source="E7" target="E6"/>
  <move id="9" source="A4" target="A5"/>
  <move id="10" source="E6" target="F6"/>
  <move id="11" source="A5" target="A6"/>
  <move id="12" source="F6" target="F5"/>
  <move id="13" source="B6" target="B5"/>
  <move id="14" source="F5" target="F4"/>
  <move id="15" source="E4" target="E5"/>
  <move id="16" source="F4" target="G4"/>
  <move id="17" source="H4" target="G4"/>
  <move id="18" source="F7" target="F6"/>
  <move id="19" source="G4" target="F4"/>
  <move id="20" source="E5" target="F5"/>
  <move id="21" source="F4" target="F5"/>
  <move id="22" source="F8" target="F7"/>
  <move id="23" source="G3" target="G4"/>
  <move id="24" source="F7" target="E7"/>
  <move id="25" source="G4" target="F4"/>
  <move id="26" source="F9" target="F8"/>
  <move id="27" source="F4" target="E4"/>
  <move id="28" source="E7" target="E6"/>
  <move id="29" source="A6" target="B6"/>
  <move id="30" source="F8" target="F7"/>
  <move id="31" source="B6" target="B7"/>
  <move id="32" source="B8" target="B7"/>
  <move id="33" source="B5" target="A5"/>
  <move id="34" source="C7" target="D7"/>
  <move id="35" source="B3" target="B4"/>
  <move id="36" source="C8" target="C7"/>
  <move id="37" source="B4" target="B5"/>
  <move id="38" source="B7" target="B8"/>
  <move id="39" source="B5" target="B6"/>
  <move id="40" source="B8" target="C8"/>
  <move id="41" source="B6" target="B7"/>
  <move id="42" source="C7" target="B7"/>
  <move id="43" source="B7" target="B6"/>
  <move id="44" source="B9" target="B8"/>
  <move id="45" source="B6" target="B5"/>
  <move id="46" source="B8" target="B7"/>
  <move id="47" source="B5" target="B4"/>
  <move id="48" source="B7" target="B6"/>
  <move id="49" source="A5" target="A4"/>
  <move id="50" source="B6" target="B5"/>
  <move id="51" source="A4" target="A3"/>
  <move id="52" source="C9" target="B9"/>
  <move id="53" source="A3" target="B3"/>
  <move id="54" source="B9" target="B8"/>
  <move id="55" source="I4" target="I5"/>
  <move id="56" source="B8" target="B7"/>
  <move id="57" source="I5" target="I6"/>
  <move id="58" source="F7" target="F8"/>
  <move id="59" source="K4" target="K7"/>
  <move id="60" source="F8" target="F9"/>
  <move id="61" source="I3" target="I4"/>
  <move id="62" source="B7" target="B8"/>
  <move id="63" source="I4" target="I5"/>
  <move id="64" source="B8" target="B9"/>
  <move id="65" source="I6" target="I7"/>
  <move id="66" source="D7" target="E7"/>
  <move id="67" source="I5" target="I6"/>
  <move id="68" source="E7" target="F7"/>
  <move id="69" source="I6" target="K6"/>
  <move id="70" source="E8" target="E7"/>
  <move id="71" source="K3" target="I3"/>
  <move id="72" source="E7" target="D7"/>
  <move id="73" source="I3" target="I8"/>
  <move id="74" source="D7" target="C7"/>
  <move id="75" source="K6" target="I6"/>
  <move id="76" source="F7" target="E7"/>
  <move id="77" source="I6" target="I7"/>
  <move id="78" source="C7" target="B7"/>
  <move id="79" source="I7" target="I8"/>
  <move id="80" source="B7" target="B6"/>
  <move id="81" source="H3" target="I3"/>
  <move id="82" source="C8" target="C7"/>
  <move id="83" source="I3" target="I7"/>
  <move id="84" source="G8" target="F8"/>
  <move id="85" source="I7" target="H7"/>
  <move id="86" source="G7" target="G8"/>
  <move id="87" source="I8" target="I7"/>
  <move id="88" source="H7" target="G7"/>
  <move id="89" source="I7" target="H7"/>
  <move id="90" source="G7" target="F7"/>
  <move id="91" source="H2" target="H3"/>
  <move id="92" source="C7" target="B7"/>
  <move id="93" source="H3" target="I3"/>
  <move id="94" source="B5" target="A5"/>
  <move id="95" source="I3" target="I8"/>
  <move id="96" source="G8" target="G7"/>
  <move id="97" source="H7" target="I7"/>
  <move id="98" source="G7" target="H7"/>
  <move id="99" source="I7" target="I6"/>
  <move id="100" source="H7" target="I7"/>
  <move id="101" source="I6" target="K6"/>
  <move id="102" source="I7" target="I8"/>
  <move id="103" source="K6" target="I6"/>
  <move id="104" source="B6" target="B5"/>
  <move id="105" source="I6" target="I7"/>
  <move id="106" source="B7" target="B6"/>
  <move id="107" source="I7" target="I8"/>
  <move id="108" source="K8" target="I8"/>
  <move id="109" source="K2" target="K3"/>
  <move id="110" source="I8" target="I7"/>
  <move id="111" source="K3" target="K4"/>
  <move id="112" source="I7" target="H7"/>
  <move id="113" source="K4" target="K5"/>
  <move id="114" source="F8" target="G8"/>
  <move id="115" source="K5" target="K6"/>
  <move id="116" source="H7" target="G7"/>
  <move id="117" source="K6" target="I6"/>
  <move id="118" source="F7" target="F8"/>
  <move id="119" source="I6" target="I7"/>
  <move id="120" source="A5" target="A4"/>
  <move id="121" source="I2" target="I3"/>
  <move id="122" source="B5" target="B4"/>
  <move id="123" source="B3" target="B4"/>
  <move id="124" source="B6" target="B5"/>
  <move id="125" source="B2" target="B3"/>
  <move id="126" source="B5" target="B4"/>
  <move id="127" source="B3" target="B4"/>
  <move id="128" source="A4" target="A2"/>
  <move id="129" source="I3" target="I4"/>
  <move id="130" source="E6" target="E5"/>
  <move id="131" source="I4" target="I5"/>
  <move id="132" source="E7" target="E6"/>
  <move id="133" source="I5" target="K5"/>
  <move id="134" source="E5" target="E4"/>
  <move id="135" source="D4" target="E4"/>
  <move id="136" source="E6" target="E5"/>
  <move id="137" source="E4" target="F4"/>
  <move id="138" source="E5" target="E4"/>
  <move id="139" source="F4" target="G4"/>
  <move id="140" source="E4" target="E3"/>
  <move id="141" source="G4" target="F4"/>
  <move id="142" source="E3" target="E4"/>
  <move id="143" source="F4" target="F5"/>
  <move id="144" source="E4" target="F4"/>
  <move id="145" source="F5" target="F6"/>
  <move id="146" source="E9" target="E4"/>
  <move id="147" source="E2" target="E4"/>
  <move id="148" source="E:" target="E4"/>
  <move id="149" source="D3" target="D4"/>
  <move id="150" source="E4" target="E3"/>
  <move id="151" source="F6" target="F7"/>
  <move id="152" source="G7" target="F7"/>
  <move id="153" source="K5" target="K6"/>
  <move id="154" source="D9" target="E9"/>
  <move id="155" source="K6" target="K7"/>
  <move id="156" source="E9" target="E8"/>
  <move id="157" source="K7" target="K8"/>
  <move id="158" source="K9" target="K8"/>
  <move id="159" source="C3" target="B3"/>
  <move id="160" source="E8" target="E7"/>
  <move id="161" source="B3" target="A3"/>
  <move id="162" source="E3" target="F3"/>
  <move id="163" source="F3" target="G3"/>
  <move id="164" source="F4" target="G4"/>
  <move id="165" source="G3" target="F3"/>
  <move id="166" source="G4" target="H4"/>
  <move id="167" source="A3" target="B3"/>
  <move id="168" source="H4" target="I4"/>
  <move id="169" source="B3" target="B2"/>
  <move id="170" source="I4" target="I5"/>
  <move id="171" source="B4" target="B3"/>
  <move id="172" source="I5" target="I6"/>
  <move id="173" source="I7" target="I8"/>
  <move id="174" source="I6" target="I7"/>
  <move id="175" source="I8" target="I9"/>
  <move id="176" source="I7" target="I6"/>
  <move id="177" source="B3" target="C3"/>
  <move id="178" source="I6" target="I5"/>
  <move id="179" source="C3" target="D3"/>
  <move id="180" source="I5" target="I4"/>
  <move id="181" source="D3" target="E3"/>
  <move id="182" source="I4" target="I3"/>
  <move id="183" source="E3" target="E4"/>
  <move id="184" source="I3" target="I2"/>
  <move id="185" source="F3" target="E3"/>
  <player id="1">Player 1</player>
  <player id="2">Player 2</player>
  <result type="3" winner="1"/>
 </game>
</stratego>