<?xml version="1.0" encoding="UTF-8"?>
<stratego>
 <game type="classic">
  
  <field content="DBMBBDEGFDHDBIFGGGFIEBJBFEDIEDLEKCHHHJDDAA__AA__AAAA__AA__AAPUNPVRQUNSOTNSSPPNNQNPTQVPYSQRQWUXPRRPTT"/>
  <move id="1" source="F4" target="F5"/>
  <move id="2" source="E7" target="E6"/>
  <move id="3" source="E4" target="F4"/>
  <move id="4" source="E6" target="F6"/>
  <move id="5" source="D4" target="E4"/>
  <move id="6" source="F6" target="F5"/>
  <move id="7" source="C4" target="D4"/>
  <move id="8" source="F5" target="F4"/>
  <move id="9" source="E4" target="E5"/>
  <move id="10" source="E8" target="E7"/>
  <move id="11" source="D4" target="E4"/>
  <move id="12" source="F4" target="F3"/>
  <move id="13" source="E4" target="F4"/>
  <move id="14" source="F3" target="G3"/>
  <move id="15" source="F4" target="F5"/>
  <move id="16" source="E9" target="E8"/>
  <move id="17" source="F5" target="F6"/>
  <move id="18" source="E7" target="E6"/>
  <move id="19" source="F6" target="F7"/>
  <move id="20" source="E8" target="E7"/>
  <move id="21" source="F7" target="F8"/>
  <move id="22" source="G3" target="H3"/>
  <move id="23" source="H4" target="H3"/>
  <move id="24" source="E:" target="E8"/>
  <move id="25" source="F8" target="F9"/>
  <move id="26" source="D:" target="E:"/>
  <move id="27" source="F9" target="G9"/>
  <player id="1">Player 1</player>
  <player id="2">Player 2</player>
  <result type="1" winner="1"/>
 </game>
</stratego>