<?xml version="1.0" encoding="UTF-8"?>
<stratego>
 <game type="classic">
  
  <field content="EMFBEBFEFBHFBCGHBDBELEJIDDIJDDIGDDGHDKGHAA__AA__AAAA__AA__AARTQXRRPPUTPRQTWPVUQSNUSNTPNPSVNQNPYNSOQP"/>
  <move id="1" source="F4" target="F5"/>
  <move id="2" source="I7" target="I6"/>
  <move id="3" source="F5" target="F6"/>
  <move id="4" source="I6" target="I5"/>
  <move id="5" source="E4" target="E5"/>
  <move id="6" source="E7" target="E6"/>
  <move id="7" source="G4" target="F4"/>
  <move id="8" source="E6" target="E5"/>
  <move id="9" source="F4" target="F5"/>
  <move id="10" source="F7" target="F6"/>
  <move id="11" source="F6" target="E6"/>
  <move id="12" source="E8" target="E7"/>
  <move id="13" source="E6" target="F6"/>
  <move id="14" source="E7" target="E6"/>
  <move id="15" source="A4" target="A5"/>
  <move id="16" source="E6" target="F6"/>
  <move id="17" source="F5" target="F4"/>
  <move id="18" source="F6" target="F5"/>
  <move id="19" source="E5" target="E6"/>
  <move id="20" source="F5" target="F4"/>
  <move id="21" source="E6" target="E7"/>
  <move id="22" source="F4" target="F5"/>
  <move id="23" source="E7" target="D7"/>
  <move id="24" source="D7" target="E7"/>
  <move id="25" source="I4" target="I5"/>
  <move id="26" source="I5" target="I6"/>
  <move id="27" source="K4" target="K5"/>
  <move id="28" source="I6" target="I7"/>
  <move id="29" source="K5" target="K6"/>
  <move id="30" source="G7" target="F7"/>
  <move id="31" source="H4" target="I4"/>
  <move id="32" source="F7" target="F6"/>
  <move id="33" source="I4" target="I5"/>
  <move id="34" source="H7" target="F7"/>
  <move id="35" source="I5" target="I6"/>
  <move id="36" source="I7" target="H7"/>
  <move id="37" source="I6" target="I7"/>
  <move id="38" source="H7" target="G7"/>
  <move id="39" source="I7" target="H7"/>
  <move id="40" source="F6" target="E6"/>
  <move id="41" source="H7" target="G7"/>
  <move id="42" source="F7" target="F6"/>
  <player id="1">Player 1</player>
  <player id="2">Player 2</player>
  <result type="3" winner="1"/>
 </game>
</stratego>