<?xml version="1.0" encoding="UTF-8"?>
<stratego>
 <game type="classic">
  
  <field content="HDBDHEBEMBDJCJFIELBFHDKGGEGEGBFDDIDDHIFBAA__AA__AAAA__AA__AASPXVTPSUSTUUPPPQWTPRNVOQNNQQPTYNPQRRNRSN"/>
  <move id="1" source="I4" target="I5"/>
  <move id="2" source="B7" target="B6"/>
  <move id="3" source="E4" target="E5"/>
  <move id="4" source="B6" target="A6"/>
  <move id="5" source="B4" target="B8"/>
  <move id="6" source="B8" target="B7"/>
  <move id="7" source="B3" target="B4"/>
  <move id="8" source="B7" target="B6"/>
  <move id="9" source="B4" target="B5"/>
  <move id="10" source="B6" target="B7"/>
  <move id="11" source="A4" target="A5"/>
  <move id="12" source="C8" target="B8"/>
  <move id="13" source="A5" target="A6"/>
  <move id="14" source="A7" target="A6"/>
  <move id="15" source="B5" target="B6"/>
  <move id="16" source="A6" target="A5"/>
  <move id="17" source="A3" target="A4"/>
  <move id="18" source="B7" target="B6"/>
  <move id="19" source="A4" target="A5"/>
  <move id="20" source="B6" target="B5"/>
  <move id="21" source="A5" target="A4"/>
  <move id="22" source="B5" target="A5"/>
  <move id="23" source="A4" target="A3"/>
  <move id="24" source="A5" target="A4"/>
  <move id="25" source="A3" target="B3"/>
  <move id="26" source="A4" target="A3"/>
  <move id="27" source="C4" target="B4"/>
  <move id="28" source="B8" target="B4"/>
  <move id="29" source="B3" target="B4"/>
  <move id="30" source="A3" target="A4"/>
  <move id="31" source="B2" target="B3"/>
  <move id="32" source="A4" target="B4"/>
  <move id="33" source="B3" target="B4"/>
  <move id="34" source="D8" target="C8"/>
  <move id="35" source="B4" target="B3"/>
  <move id="36" source="C8" target="B8"/>
  <move id="37" source="B3" target="B2"/>
  <move id="38" source="B8" target="B7"/>
  <move id="39" source="A2" target="A3"/>
  <move id="40" source="B7" target="B6"/>
  <move id="41" source="A3" target="A4"/>
  <move id="42" source="B6" target="B5"/>
  <move id="43" source="E5" target="F5"/>
  <move id="44" source="A8" target="A7"/>
  <move id="45" source="D4" target="E4"/>
  <move id="46" source="A7" target="A6"/>
  <move id="47" source="E4" target="E5"/>
  <move id="48" source="A6" target="A5"/>
  <move id="49" source="A4" target="B4"/>
  <move id="50" source="B5" target="B6"/>
  <move id="51" source="B4" target="B5"/>
  <move id="52" source="A5" target="B5"/>
  <move id="53" source="B2" target="B3"/>
  <move id="54" source="B5" target="A5"/>
  <move id="55" source="B3" target="A3"/>
  <move id="56" source="B6" target="B5"/>
  <move id="57" source="A3" target="A4"/>
  <move id="58" source="A5" target="A6"/>
  <move id="59" source="A4" target="A5"/>
  <move id="60" source="A6" target="A7"/>
  <move id="61" source="A5" target="B5"/>
  <move id="62" source="A7" target="A8"/>
  <move id="63" source="B5" target="B4"/>
  <move id="64" source="D7" target="D8"/>
  <move id="65" source="B4" target="B3"/>
  <move id="66" source="D8" target="C8"/>
  <move id="67" source="B3" target="B2"/>
  <move id="68" source="C8" target="B8"/>
  <move id="69" source="F4" target="E4"/>
  <move id="70" source="B8" target="B7"/>
  <move id="71" source="E4" target="D4"/>
  <move id="72" source="A8" target="B8"/>
  <move id="73" source="D4" target="C4"/>
  <move id="74" source="B8" target="C8"/>
  <move id="75" source="C4" target="B4"/>
  <move id="76" source="C8" target="D8"/>
  <move id="77" source="B2" target="B3"/>
  <move id="78" source="C7" target="C8"/>
  <move id="79" source="B4" target="B5"/>
  <move id="80" source="D8" target="D7"/>
  <move id="81" source="B3" target="B4"/>
  <move id="82" source="E8" target="D8"/>
  <move id="83" source="B5" target="B6"/>
  <move id="84" source="D7" target="C7"/>
  <move id="85" source="B4" target="B5"/>
  <move id="86" source="D8" target="D7"/>
  <move id="87" source="E5" target="E6"/>
  <move id="88" source="C8" target="D8"/>
  <move id="89" source="F5" target="F6"/>
  <move id="90" source="C7" target="C8"/>
  <move id="91" source="I5" target="K5"/>
  <move id="92" source="D7" target="C7"/>
  <move id="93" source="H4" target="I4"/>
  <move id="94" source="C8" target="B8"/>
  <move id="95" source="I4" target="I5"/>
  <move id="96" source="B8" target="A8"/>
  <move id="97" source="I5" target="I6"/>
  <move id="98" source="D8" target="C8"/>
  <move id="99" source="K5" target="K6"/>
  <move id="100" source="A8" target="A7"/>
  <move id="101" source="F6" target="F5"/>
  <move id="102" source="A7" target="A6"/>
  <move id="103" source="F5" target="F4"/>
  <move id="104" source="E7" target="E6"/>
  <move id="105" source="E6" target="E5"/>
  <move id="106" source="F7" target="F6"/>
  <move id="107" source="K6" target="K7"/>
  <move id="108" source="I7" target="I6"/>
  <move id="109" source="I6" target="K6"/>
  <move id="110" source="K7" target="I7"/>
  <move id="111" source="K6" target="I6"/>
  <move id="112" source="I7" target="K7"/>
  <move id="113" source="I6" target="K6"/>
  <move id="114" source="K7" target="I7"/>
  <move id="115" source="K6" target="K7"/>
  <move id="116" source="I7" target="I6"/>
  <move id="117" source="G4" target="H4"/>
  <move id="118" source="F6" target="E6"/>
  <move id="119" source="E5" target="E4"/>
  <move id="120" source="E6" target="E5"/>
  <move id="121" source="E4" target="D4"/>
  <move id="122" source="E5" target="E4"/>
  <move id="123" source="D4" target="C4"/>
  <move id="124" source="E4" target="D4"/>
  <move id="125" source="C4" target="B4"/>
  <move id="126" source="D4" target="C4"/>
  <move id="127" source="B4" target="B3"/>
  <move id="128" source="C4" target="B4"/>
  <move id="129" source="B5" target="B4"/>
  <move id="130" source="A6" target="B6"/>
  <move id="131" source="B4" target="B5"/>
  <move id="132" source="B6" target="A6"/>
  <move id="133" source="B5" target="B6"/>
  <move id="134" source="A6" target="A7"/>
  <move id="135" source="B6" target="B7"/>
  <move id="136" source="B9" target="B8"/>
  <move id="137" source="H4" target="I4"/>
  <move id="138" source="B8" target="B7"/>
  <move id="139" source="I4" target="I5"/>
  <move id="140" source="A7" target="A8"/>
  <move id="141" source="I5" target="I6"/>
  <move id="142" source="A8" target="B8"/>
  <move id="143" source="K7" target="K6"/>
  <move id="144" source="B8" target="B9"/>
  <move id="145" source="C3" target="C4"/>
  <move id="146" source="B7" target="A7"/>
  <move id="147" source="C4" target="B4"/>
  <move id="148" source="C7" target="B7"/>
  <move id="149" source="C2" target="C3"/>
  <move id="150" source="B7" target="B6"/>
  <move id="151" source="C3" target="C4"/>
  <move id="152" source="B6" target="B5"/>
  <move id="153" source="B3" target="C3"/>
  <move id="154" source="A7" target="A6"/>
  <move id="155" source="B1" target="B3"/>
  <move id="156" source="B9" target="B8"/>
  <move id="157" source="B3" target="A3"/>
  <move id="158" source="B5" target="A5"/>
  <move id="159" source="A3" target="A4"/>
  <move id="160" source="B8" target="B7"/>
  <move id="161" source="C3" target="B3"/>
  <move id="162" source="B7" target="B6"/>
  <move id="163" source="B3" target="A3"/>
  <move id="164" source="B6" target="B5"/>
  <move id="165" source="K6" target="K5"/>
  <move id="166" source="A6" target="B6"/>
  <move id="167" source="H3" target="H4"/>
  <move id="168" source="A5" target="A6"/>
  <move id="169" source="H4" target="I4"/>
  <move id="170" source="B5" target="A5"/>
  <move id="171" source="D3" target="C3"/>
  <move id="172" source="B6" target="B5"/>
  <move id="173" source="C3" target="B3"/>
  <move id="174" source="A5" target="A4"/>
  <move id="175" source="A3" target="A4"/>
  <move id="176" source="A6" target="A5"/>
  <move id="177" source="B3" target="A3"/>
  <move id="178" source="A5" target="A4"/>
  <move id="179" source="A3" target="A4"/>
  <move id="180" source="B5" target="B6"/>
  <move id="181" source="F4" target="E4"/>
  <move id="182" source="G7" target="F7"/>
  <move id="183" source="I4" target="I5"/>
  <move id="184" source="F7" target="E7"/>
  <move id="185" source="K5" target="K6"/>
  <move id="186" source="E7" target="D7"/>
  <move id="187" source="I5" target="I6"/>
  <move id="188" source="D7" target="C7"/>
  <move id="189" source="K6" target="K7"/>
  <move id="190" source="C7" target="B7"/>
  <move id="191" source="I6" target="I7"/>
  <move id="192" source="H7" target="I7"/>
  <move id="193" source="K7" target="I7"/>
  <move id="194" source="B7" target="A7"/>
  <move id="195" source="E4" target="E5"/>
  <move id="196" source="A7" target="A6"/>
  <move id="197" source="E5" target="E6"/>
  <move id="198" source="A6" target="A5"/>
  <move id="199" source="E6" target="E7"/>
  <move id="200" source="A5" target="B5"/>
  <move id="201" source="E7" target="H7"/>
  <move id="202" source="H8" target="H7"/>
  <move id="203" source="H2" target="H3"/>
  <move id="204" source="I8" target="I7"/>
  <move id="205" source="H3" target="H4"/>
  <move id="206" source="G8" target="H8"/>
  <move id="207" source="H4" target="G4"/>
  <move id="208" source="H7" target="G7"/>
  <move id="209" source="G4" target="F4"/>
  <move id="210" source="G7" target="G8"/>
  <move id="211" source="F4" target="F5"/>
  <move id="212" source="I7" target="H7"/>
  <move id="213" source="F5" target="F6"/>
  <move id="214" source="H7" target="G7"/>
  <move id="215" source="F6" target="F7"/>
  <move id="216" source="B6" target="A6"/>
  <move id="217" source="F7" target="E7"/>
  <move id="218" source="A6" target="A5"/>
  <move id="219" source="E7" target="D7"/>
  <move id="220" source="A5" target="A4"/>
  <move id="221" source="B4" target="A4"/>
  <move id="222" source="G7" target="D7"/>
  <move id="223" source="A4" target="B4"/>
  <move id="224" source="B5" target="A5"/>
  <move id="225" source="A1" target="A2"/>
  <move id="226" source="G8" target="G7"/>
  <move id="227" source="A2" target="A3"/>
  <move id="228" source="G7" target="H7"/>
  <move id="229" source="D7" target="E7"/>
  <move id="230" source="H7" target="I7"/>
  <move id="231" source="E7" target="E6"/>
  <move id="232" source="A5" target="A6"/>
  <move id="233" source="B4" target="B5"/>
  <move id="234" source="A6" target="A7"/>
  <move id="235" source="B5" target="B6"/>
  <move id="236" source="I7" target="I6"/>
  <move id="237" source="F3" target="F4"/>
  <move id="238" source="I6" target="I5"/>
  <move id="239" source="E6" target="E5"/>
  <move id="240" source="I5" target="I4"/>
  <move id="241" source="E5" target="E4"/>
  <move id="242" source="I4" target="H4"/>
  <move id="243" source="F4" target="F5"/>
  <move id="244" source="H4" target="I4"/>
  <move id="245" source="F5" target="F6"/>
  <move id="246" source="I4" target="I5"/>
  <move id="247" source="F6" target="F7"/>
  <move id="248" source="I5" target="I6"/>
  <move id="249" source="F7" target="F8"/>
  <move id="250" source="I6" target="I7"/>
  <move id="251" source="G3" target="G4"/>
  <move id="252" source="C9" target="B9"/>
  <move id="253" source="G4" target="F4"/>
  <move id="254" source="B9" target="B8"/>
  <move id="255" source="F4" target="F5"/>
  <move id="256" source="A7" target="B7"/>
  <move id="257" source="B6" target="B5"/>
  <move id="258" source="B7" target="C7"/>
  <move id="259" source="B5" target="B4"/>
  <move id="260" source="C7" target="D7"/>
  <move id="261" source="E4" target="E5"/>
  <move id="262" source="D7" target="E7"/>
  <move id="263" source="E5" target="E6"/>
  <move id="264" source="E7" target="F7"/>
  <move id="265" source="E6" target="F6"/>
  <move id="266" source="F7" target="E7"/>
  <move id="267" source="F6" target="E6"/>
  <move id="268" source="E7" target="E8"/>
  <move id="269" source="E6" target="E7"/>
  <move id="270" source="E8" target="F8"/>
  <move id="271" source="F5" target="F6"/>
  <move id="272" source="B8" target="B7"/>
  <move id="273" source="F6" target="F7"/>
  <move id="274" source="I7" target="H7"/>
  <move id="275" source="F7" target="G7"/>
  <move id="276" source="H7" target="G7"/>
  <move id="277" source="E7" target="F7"/>
  <move id="278" source="G7" target="H7"/>
  <move id="279" source="F2" target="F3"/>
  <move id="280" source="H7" target="I7"/>
  <move id="281" source="F3" target="F4"/>
  <move id="282" source="I7" target="I6"/>
  <move id="283" source="F4" target="G4"/>
  <move id="284" source="B7" target="C7"/>
  <move id="285" source="G4" target="H4"/>
  <move id="286" source="I6" target="K6"/>
  <move id="287" source="H4" target="I4"/>
  <move id="288" source="C7" target="D7"/>
  <move id="289" source="I4" target="I5"/>
  <move id="290" source="H8" target="H7"/>
  <move id="291" source="I5" target="I6"/>
  <move id="292" source="K6" target="K5"/>
  <move id="293" source="G2" target="G3"/>
  <move id="294" source="H7" target="I7"/>
  <move id="295" source="I6" target="K6"/>
  <move id="296" source="K5" target="I5"/>
  <move id="297" source="G3" target="G4"/>
  <move id="298" source="K8" target="K7"/>
  <move id="299" source="K6" target="K5"/>
  <move id="300" source="I5" target="I6"/>
  <move id="301" source="K5" target="I5"/>
  <move id="302" source="I6" target="K6"/>
  <move id="303" source="G4" target="F4"/>
  <move id="304" source="I7" target="I6"/>
  <move id="305" source="I5" target="K5"/>
  <move id="306" source="K7" target="I7"/>
  <move id="307" source="F4" target="E4"/>
  <move id="308" source="K6" target="K7"/>
  <move id="309" source="E4" target="E5"/>
  <move id="310" source="C8" target="D8"/>
  <move id="311" source="E5" target="E6"/>
  <move id="312" source="D8" target="E8"/>
  <move id="313" source="E6" target="E7"/>
  <move id="314" source="E8" target="E7"/>
  <move id="315" source="F7" target="E7"/>
  <move id="316" source="I7" target="H7"/>
  <move id="317" source="C4" target="D4"/>
  <move id="318" source="H7" target="G7"/>
  <move id="319" source="D4" target="E4"/>
  <move id="320" source="G7" target="F7"/>
  <move id="321" source="E4" target="E5"/>
  <move id="322" source="F7" target="F6"/>
  <move id="323" source="E5" target="E6"/>
  <move id="324" source="F6" target="F5"/>
  <move id="325" source="E6" target="E7"/>
  <move id="326" source="D7" target="C7"/>
  <move id="327" source="E7" target="F7"/>
  <move id="328" source="F5" target="F4"/>
  <move id="329" source="F7" target="G7"/>
  <move id="330" source="F4" target="G4"/>
  <move id="331" source="G7" target="H7"/>
  <move id="332" source="G4" target="G3"/>
  <move id="333" source="H7" target="I7"/>
  <move id="334" source="I9" target="I7"/>
  <move id="335" source="B4" target="C4"/>
  <move id="336" source="I7" target="I9"/>
  <move id="337" source="C4" target="D4"/>
  <move id="338" source="K7" target="I7"/>
  <move id="339" source="D4" target="E4"/>
  <move id="340" source="I7" target="H7"/>
  <move id="341" source="E4" target="F4"/>
  <move id="342" source="H7" target="G7"/>
  <move id="343" source="F4" target="G4"/>
  <move id="344" source="G3" target="G2"/>
  <move id="345" source="G4" target="G3"/>
  <move id="346" source="G2" target="G1"/>
  <move id="347" source="G3" target="G4"/>
  <move id="348" source="G7" target="F7"/>
  <move id="349" source="G4" target="F4"/>
  <move id="350" source="F7" target="E7"/>
  <move id="351" source="F4" target="F5"/>
  <move id="352" source="E7" target="E6"/>
  <move id="353" source="F5" target="F6"/>
  <move id="354" source="E6" target="E5"/>
  <move id="355" source="F6" target="F7"/>
  <move id="356" source="E5" target="E4"/>
  <move id="357" source="E3" target="E4"/>
  <move id="358" source="E4" target="F4"/>
  <move id="359" source="D2" target="D3"/>
  <move id="360" source="F4" target="G4"/>
  <move id="361" source="D3" target="E3"/>
  <move id="362" source="G4" target="G3"/>
  <move id="363" source="E3" target="F3"/>
  <move id="364" source="G3" target="G2"/>
  <move id="365" source="F3" target="G3"/>
  <move id="366" source="G2" target="H2"/>
  <move id="367" source="G3" target="H3"/>
  <move id="368" source="H2" target="H1"/>
  <move id="369" source="H3" target="G3"/>
  <move id="370" source="H1" target="I1"/>
  <player id="1">Player 1</player>
  <player id="2">Player 2</player>
  <result type="1" winner="2"/>
 </game>
</stratego>