<?xml version="1.0" encoding="UTF-8"?>
<stratego>
 <game type="classic">
  
  <field content="HEMEBBFBBDDJJHDEBDGEHDLCIDBFEHDGIKGFIDGFAA__AA__AAAA__AA__AATSPPPTUTRPSPNTPXONSNWPPVQVNQUSQURQRNYNQR"/>
  <move id="1" source="A4" target="A7"/>
  <move id="2" source="A7" target="A6"/>
  <move id="3" source="A3" target="A4"/>
  <move id="4" source="A6" target="B6"/>
  <move id="5" source="A4" target="A5"/>
  <move id="6" source="E7" target="E6"/>
  <move id="7" source="A5" target="A6"/>
  <move id="8" source="B6" target="B5"/>
  <move id="9" source="A6" target="A7"/>
  <move id="10" source="B5" target="B4"/>
  <move id="11" source="C4" target="B4"/>
  <move id="12" source="B7" target="A7"/>
  <move id="13" source="B4" target="A4"/>
  <move id="14" source="C7" target="B7"/>
  <move id="15" source="A7" target="A8"/>
  <move id="16" source="A9" target="A8"/>
  <move id="17" source="B3" target="B4"/>
  <move id="18" source="B7" target="B4"/>
  <move id="19" source="B2" target="B3"/>
  <move id="20" source="A8" target="A7"/>
  <move id="21" source="D4" target="C4"/>
  <move id="22" source="A7" target="A6"/>
  <move id="23" source="C4" target="B4"/>
  <move id="24" source="B8" target="B4"/>
  <move id="25" source="B4" target="B5"/>
  <move id="26" source="A6" target="A5"/>
  <move id="27" source="B5" target="A5"/>
  <move id="28" source="D7" target="C7"/>
  <move id="29" source="C3" target="C4"/>
  <move id="30" source="C7" target="B7"/>
  <move id="31" source="C4" target="B4"/>
  <move id="32" source="D8" target="D7"/>
  <move id="33" source="B4" target="B5"/>
  <move id="34" source="D7" target="C7"/>
  <move id="35" source="B5" target="B6"/>
  <move id="36" source="F7" target="F6"/>
  <move id="37" source="A4" target="B4"/>
  <move id="38" source="G7" target="F7"/>
  <move id="39" source="A2" target="A:"/>
  <move id="40" source="F6" target="F5"/>
  <move id="41" source="B3" target="A3"/>
  <move id="42" source="F7" target="F6"/>
  <move id="43" source="C2" target="C3"/>
  <move id="44" source="E6" target="E5"/>
  <move id="45" source="C3" target="C4"/>
  <move id="46" source="E5" target="E4"/>
  <move id="47" source="C4" target="D4"/>
  <move id="48" source="F6" target="E6"/>
  <move id="49" source="A3" target="A4"/>
  <move id="50" source="E6" target="F6"/>
  <move id="51" source="A4" target="A5"/>
  <move id="52" source="F5" target="E5"/>
  <move id="53" source="A5" target="A6"/>
  <move id="54" source="B7" target="B6"/>
  <move id="55" source="A6" target="A7"/>
  <move id="56" source="E5" target="F5"/>
  <move id="57" source="A7" target="A8"/>
  <move id="58" source="D9" target="D8"/>
  <move id="59" source="A8" target="A9"/>
  <move id="60" source="D8" target="D7"/>
  <move id="61" source="A9" target="A:"/>
  <move id="62" source="D7" target="E7"/>
  <move id="63" source="A:" target="A9"/>
  <move id="64" source="E7" target="E6"/>
  <move id="65" source="D2" target="C2"/>
  <move id="66" source="E6" target="E5"/>
  <move id="67" source="C2" target="B2"/>
  <move id="68" source="E5" target="E4"/>
  <move id="69" source="D4" target="E4"/>
  <move id="70" source="E8" target="E3"/>
  <move id="71" source="B4" target="A4"/>
  <move id="72" source="F6" target="E6"/>
  <move id="73" source="B6" target="B5"/>
  <move id="74" source="E6" target="E5"/>
  <move id="75" source="B5" target="B4"/>
  <move id="76" source="E5" target="E4"/>
  <move id="77" source="B4" target="C4"/>
  <move id="78" source="E4" target="F4"/>
  <move id="79" source="C4" target="D4"/>
  <move id="80" source="F4" target="G4"/>
  <move id="81" source="D4" target="E4"/>
  <move id="82" source="F5" target="F6"/>
  <move id="83" source="F3" target="F6"/>
  <move id="84" source="K7" target="K4"/>
  <move id="85" source="E4" target="E5"/>
  <move id="86" source="I7" target="K7"/>
  <move id="87" source="E5" target="E6"/>
  <move id="88" source="F6" target="F7"/>
  <move id="89" source="E6" target="E7"/>
  <move id="90" source="F7" target="G7"/>
  <move id="91" source="H4" target="B4"/>
  <move id="92" source="B9" target="B4"/>
  <move id="93" source="E3" target="E4"/>
  <move id="94" source="H7" target="I7"/>
  <move id="95" source="E2" target="D2"/>
  <move id="96" source="I7" target="I6"/>
  <move id="97" source="D2" target="C2"/>
  <move id="98" source="I6" target="K6"/>
  <move id="99" source="C2" target="C3"/>
  <move id="100" source="K6" target="K5"/>
  <move id="101" source="C3" target="B3"/>
  <move id="102" source="K5" target="K4"/>
  <move id="103" source="K3" target="K4"/>
  <move id="104" source="K7" target="K6"/>
  <move id="105" source="B3" target="B7"/>
  <move id="106" source="I8" target="I7"/>
  <move id="107" source="B7" target="C7"/>
  <move id="108" source="I7" target="H7"/>
  <move id="109" source="A9" target="A8"/>
  <move id="110" source="I9" target="I8"/>
  <move id="111" source="E7" target="D7"/>
  <move id="112" source="F8" target="E8"/>
  <move id="113" source="A8" target="B8"/>
  <move id="114" source="F9" target="F8"/>
  <move id="115" source="B8" target="B7"/>
  <move id="116" source="F8" target="F7"/>
  <move id="117" source="E4" target="D4"/>
  <move id="118" source="F7" target="F6"/>
  <move id="119" source="B7" target="C7"/>
  <move id="120" source="F6" target="F5"/>
  <move id="121" source="C7" target="C8"/>
  <move id="122" source="F5" target="F4"/>
  <move id="123" source="D4" target="C4"/>
  <move id="124" source="F4" target="F3"/>
  <move id="125" source="C4" target="B4"/>
  <move id="126" source="K6" target="K5"/>
  <move id="127" source="F2" target="F3"/>
  <move id="128" source="K5" target="K4"/>
  <move id="129" source="B4" target="B5"/>
  <move id="130" source="K4" target="I4"/>
  <move id="131" source="B5" target="B6"/>
  <move id="132" source="I8" target="I7"/>
  <move id="133" source="B6" target="B7"/>
  <move id="134" source="I7" target="I6"/>
  <move id="135" source="D7" target="E7"/>
  <move id="136" source="E8" target="F8"/>
  <move id="137" source="E7" target="E6"/>
  <move id="138" source="I6" target="I5"/>
  <move id="139" source="E6" target="E5"/>
  <move id="140" source="I5" target="I4"/>
  <move id="141" source="E5" target="E4"/>
  <move id="142" source="C9" target="D9"/>
  <move id="143" source="B7" target="C7"/>
  <move id="144" source="D9" target="D8"/>
  <move id="145" source="C7" target="D7"/>
  <move id="146" source="D8" target="D9"/>
  <move id="147" source="D7" target="D8"/>
  <move id="148" source="D9" target="C9"/>
  <move id="149" source="D8" target="D9"/>
  <move id="150" source="C9" target="B9"/>
  <move id="151" source="D9" target="C9"/>
  <move id="152" source="B9" target="B8"/>
  <move id="153" source="C9" target="B9"/>
  <move id="154" source="B:" target="B9"/>
  <move id="155" source="A4" target="A5"/>
  <move id="156" source="B8" target="B7"/>
  <move id="157" source="A5" target="A6"/>
  <move id="158" source="B7" target="C7"/>
  <move id="159" source="E4" target="E3"/>
  <move id="160" source="F3" target="F4"/>
  <move id="161" source="E3" target="E4"/>
  <move id="162" source="F4" target="F3"/>
  <move id="163" source="E4" target="E5"/>
  <move id="164" source="G7" target="F7"/>
  <move id="165" source="A6" target="A7"/>
  <move id="166" source="F8" target="E8"/>
  <move id="167" source="A7" target="B7"/>
  <move id="168" source="C7" target="D7"/>
  <move id="169" source="B7" target="C7"/>
  <move id="170" source="D7" target="E7"/>
  <move id="171" source="C7" target="D7"/>
  <move id="172" source="G8" target="F8"/>
  <move id="173" source="E5" target="E4"/>
  <move id="174" source="E7" target="E6"/>
  <move id="175" source="D1" target="D2"/>
  <move id="176" source="F3" target="F2"/>
  <move id="177" source="E4" target="E3"/>
  <move id="178" source="E6" target="E5"/>
  <move id="179" source="D2" target="C2"/>
  <move id="180" source="E5" target="F5"/>
  <move id="181" source="C2" target="C3"/>
  <move id="182" source="F5" target="F4"/>
  <move id="183" source="C3" target="C4"/>
  <move id="184" source="F4" target="H4"/>
  <move id="185" source="E3" target="E4"/>
  <move id="186" source="H4" target="H3"/>
  <move id="187" source="E4" target="F4"/>
  <move id="188" source="F2" target="E2"/>
  <move id="189" source="B2" target="A2"/>
  <move id="190" source="E2" target="D2"/>
  <move id="191" source="C4" target="B4"/>
  <move id="192" source="D2" target="C2"/>
  <move id="193" source="B4" target="B5"/>
  <move id="194" source="C2" target="B2"/>
  <move id="195" source="A2" target="A3"/>
  <move id="196" source="B2" target="B3"/>
  <move id="197" source="A3" target="A2"/>
  <move id="198" source="B3" target="B2"/>
  <move id="199" source="A2" target="A3"/>
  <move id="200" source="B2" target="B3"/>
  <move id="201" source="B5" target="B6"/>
  <move id="202" source="B3" target="A3"/>
  <move id="203" source="B6" target="B7"/>
  <move id="204" source="A3" target="B3"/>
  <move id="205" source="B7" target="B8"/>
  <move id="206" source="F7" target="E7"/>
  <move id="207" source="D7" target="D8"/>
  <move id="208" source="E8" target="D8"/>
  <move id="209" source="B8" target="B9"/>
  <move id="210" source="D8" target="D9"/>
  <move id="211" source="B9" target="B:"/>
  <move id="212" source="C:" target="C9"/>
  <move id="213" source="B:" target="C:"/>
  <move id="214" source="C9" target="B9"/>
  <move id="215" source="F4" target="F5"/>
  <move id="216" source="I4" target="H4"/>
  <move id="217" source="F5" target="E5"/>
  <move id="218" source="H4" target="H3"/>
  <move id="219" source="I3" target="I4"/>
  <move id="220" source="H3" target="I3"/>
  <move id="221" source="I4" target="H4"/>
  <move id="222" source="I3" target="I4"/>
  <move id="223" source="H4" target="G4"/>
  <move id="224" source="D:" target="C:"/>
  <move id="225" source="G4" target="F4"/>
  <move id="226" source="D9" target="D8"/>
  <move id="227" source="F4" target="E4"/>
  <move id="228" source="D8" target="E8"/>
  <move id="229" source="E5" target="F5"/>
  <move id="230" source="E7" target="F7"/>
  <move id="231" source="F5" target="F4"/>
  <move id="232" source="I4" target="K4"/>
  <move id="233" source="F4" target="F3"/>
  <move id="234" source="E8" target="E7"/>
  <move id="235" source="E4" target="E5"/>
  <move id="236" source="B3" target="B4"/>
  <move id="237" source="F3" target="E3"/>
  <move id="238" source="B4" target="C4"/>
  <move id="239" source="A1" target="A2"/>
  <move id="240" source="C4" target="B4"/>
  <move id="241" source="A2" target="A3"/>
  <move id="242" source="H7" target="I7"/>
  <move id="243" source="E3" target="E4"/>
  <move id="244" source="K4" target="K3"/>
  <move id="245" source="H2" target="H3"/>
  <move id="246" source="K3" target="I3"/>
  <move id="247" source="H3" target="H4"/>
  <move id="248" source="I3" target="I4"/>
  <move id="249" source="H4" target="G4"/>
  <move id="250" source="I4" target="H4"/>
  <move id="251" source="G4" target="F4"/>
  <move id="252" source="H4" target="G4"/>
  <move id="253" source="F4" target="F5"/>
  <move id="254" source="F7" target="F6"/>
  <move id="255" source="E4" target="F4"/>
  <move id="256" source="G4" target="H4"/>
  <move id="257" source="F5" target="F6"/>
  <move id="258" source="H4" target="I4"/>
  <move id="259" source="F4" target="F5"/>
  <move id="260" source="F6" target="E6"/>
  <move id="261" source="E5" target="E4"/>
  <move id="262" source="E7" target="F7"/>
  <move id="263" source="F5" target="E5"/>
  <move id="264" source="E6" target="F6"/>
  <move id="265" source="E4" target="E3"/>
  <move id="266" source="B4" target="B3"/>
  <move id="267" source="A3" target="A4"/>
  <move id="268" source="B3" target="B4"/>
  <move id="269" source="A4" target="A5"/>
  <move id="270" source="B4" target="B5"/>
  <move id="271" source="A5" target="A6"/>
  <move id="272" source="B5" target="B6"/>
  <move id="273" source="A6" target="A5"/>
  <move id="274" source="F7" target="E7"/>
  <move id="275" source="A5" target="A4"/>
  <move id="276" source="E7" target="E6"/>
  <move id="277" source="E5" target="F5"/>
  <move id="278" source="F6" target="F7"/>
  <move id="279" source="A4" target="A5"/>
  <move id="280" source="E6" target="F6"/>
  <move id="281" source="F5" target="E5"/>
  <move id="282" source="F8" target="E8"/>
  <move id="283" source="E3" target="F3"/>
  <move id="284" source="E8" target="E7"/>
  <move id="285" source="A5" target="A4"/>
  <move id="286" source="F6" target="F5"/>
  <move id="287" source="E5" target="E4"/>
  <move id="288" source="I4" target="H4"/>
  <move id="289" source="A4" target="B4"/>
  <move id="290" source="E7" target="E6"/>
  <move id="291" source="E4" target="E3"/>
  <move id="292" source="E6" target="E5"/>
  <move id="293" source="B4" target="C4"/>
  <move id="294" source="H4" target="G4"/>
  <move id="295" source="C4" target="D4"/>
  <move id="296" source="G4" target="F4"/>
  <move id="297" source="F3" target="F2"/>
  <move id="298" source="E5" target="E6"/>
  <move id="299" source="I2" target="I3"/>
  <move id="300" source="F5" target="E5"/>
  <move id="301" source="I3" target="I4"/>
  <move id="302" source="F7" target="G7"/>
  <move id="303" source="I4" target="I5"/>
  <move id="304" source="G7" target="H7"/>
  <move id="305" source="I5" target="I6"/>
  <move id="306" source="I7" target="I8"/>
  <move id="307" source="I6" target="K6"/>
  <move id="308" source="H7" target="I7"/>
  <move id="309" source="D4" target="C4"/>
  <move id="310" source="F4" target="G4"/>
  <move id="311" source="E3" target="F3"/>
  <move id="312" source="E5" target="F5"/>
  <move id="313" source="C4" target="D4"/>
  <move id="314" source="G4" target="H4"/>
  <move id="315" source="D4" target="E4"/>
  <move id="316" source="E6" target="F6"/>
  <move id="317" source="E4" target="F4"/>
  <move id="318" source="F5" target="F4"/>
  <move id="319" source="F3" target="F4"/>
  <move id="320" source="H4" target="I4"/>
  <move id="321" source="F2" target="F3"/>
  <move id="322" source="I4" target="K4"/>
  <move id="323" source="F3" target="F4"/>
  <move id="324" source="K4" target="K5"/>
  <move id="325" source="F4" target="F5"/>
  <move id="326" source="I7" target="H7"/>
  <move id="327" source="K6" target="K7"/>
  <move id="328" source="H7" target="G7"/>
  <move id="329" source="F5" target="E5"/>
  <move id="330" source="G7" target="F7"/>
  <move id="331" source="K7" target="I7"/>
  <move id="332" source="I8" target="I7"/>
  <move id="333" source="E5" target="E6"/>
  <move id="334" source="F6" target="F5"/>
  <move id="335" source="B1" target="A1"/>
  <move id="336" source="F5" target="F4"/>
  <move id="337" source="D3" target="D4"/>
  <move id="338" source="I:" target="I9"/>
  <move id="339" source="D4" target="E4"/>
  <move id="340" source="F4" target="F5"/>
  <move id="341" source="E4" target="F4"/>
  <move id="342" source="F5" target="F6"/>
  <move id="343" source="F4" target="F5"/>
  <move id="344" source="I9" target="I8"/>
  <move id="345" source="F5" target="F6"/>
  <move id="346" source="I8" target="I7"/>
  <move id="347" source="K2" target="I2"/>
  <move id="348" source="K5" target="I5"/>
  <move id="349" source="I2" target="H2"/>
  <move id="350" source="I5" target="I4"/>
  <move id="351" source="H2" target="H3"/>
  <move id="352" source="I4" target="H4"/>
  <move id="353" source="H3" target="H2"/>
  <move id="354" source="K9" target="I9"/>
  <move id="355" source="K1" target="K2"/>
  <move id="356" source="I9" target="I8"/>
  <move id="357" source="K2" target="K3"/>
  <move id="358" source="I7" target="H7"/>
  <move id="359" source="K3" target="K4"/>
  <move id="360" source="I8" target="I7"/>
  <move id="361" source="H2" target="I2"/>
  <move id="362" source="I7" target="K7"/>
  <move id="363" source="I2" target="I3"/>
  <move id="364" source="K7" target="K6"/>
  <move id="365" source="I3" target="H3"/>
  <move id="366" source="K6" target="K5"/>
  <move id="367" source="K4" target="K3"/>
  <move id="368" source="K5" target="K4"/>
  <move id="369" source="K3" target="K2"/>
  <move id="370" source="K4" target="K3"/>
  <move id="371" source="K2" target="I2"/>
  <move id="372" source="H4" target="H3"/>
  <move id="373" source="I2" target="I:"/>
  <move id="374" source="K:" target="I:"/>
  <player id="1">Player 1</player>
  <player id="2">Player 2</player>
  <result type="3" winner="2"/>
 </game>
</stratego>