<?xml version="1.0" encoding="UTF-8"?>
<stratego>
 <game type="classic">
  
  <field content="EDJIIDDDEEEBBBIDDDFFHBMBHHGECFDKBJHGGGLFAA__AA__AAAA__AA__AAPPPPVNUPPPRQQUTPUSVQNNNTTTWXSSNYNSRRROQQ"/>
  <move id="1" source="B4" target="B5"/>
  <move id="2" source="B7" target="B6"/>
  <move id="3" source="B5" target="B4"/>
  <move id="4" source="B8" target="B7"/>
  <move id="5" source="A4" target="A5"/>
  <move id="6" source="B6" target="A6"/>
  <move id="7" source="A5" target="A6"/>
  <move id="8" source="A7" target="A6"/>
  <move id="9" source="B4" target="B5"/>
  <move id="10" source="B7" target="A7"/>
  <move id="11" source="B5" target="B6"/>
  <move id="12" source="C7" target="B7"/>
  <move id="13" source="B6" target="B7"/>
  <move id="14" source="D7" target="B7"/>
  <move id="15" source="B7" target="B8"/>
  <move id="16" source="A6" target="A3"/>
  <move id="17" source="B8" target="C8"/>
  <move id="18" source="D8" target="D7"/>
  <move id="19" source="C8" target="D8"/>
  <move id="20" source="D7" target="C7"/>
  <move id="21" source="D8" target="E8"/>
  <move id="22" source="E7" target="D7"/>
  <move id="23" source="E8" target="E9"/>
  <move id="24" source="D7" target="E7"/>
  <move id="25" source="E9" target="E:"/>
  <move id="26" source="E7" target="E6"/>
  <move id="27" source="E4" target="E5"/>
  <move id="28" source="E6" target="E5"/>
  <move id="29" source="D4" target="E4"/>
  <move id="30" source="E5" target="F5"/>
  <move id="31" source="E:" target="F:"/>
  <move id="32" source="F5" target="F4"/>
  <move id="33" source="E4" target="F4"/>
  <move id="34" source="C7" target="B7"/>
  <move id="35" source="F:" target="F9"/>
  <move id="36" source="G:" target="F:"/>
  <move id="37" source="F9" target="F:"/>
  <move id="38" source="G9" target="G:"/>
  <move id="39" source="F:" target="G:"/>
  <move id="40" source="B7" target="B6"/>
  <move id="41" source="K4" target="K5"/>
  <move id="42" source="B6" target="B5"/>
  <move id="43" source="K5" target="I5"/>
  <move id="44" source="B5" target="B4"/>
  <move id="45" source="K3" target="K4"/>
  <move id="46" source="B4" target="B3"/>
  <move id="47" source="K4" target="K5"/>
  <move id="48" source="A7" target="A6"/>
  <move id="49" source="K5" target="K6"/>
  <move id="50" source="A6" target="A5"/>
  <move id="51" source="K6" target="I6"/>
  <move id="52" source="A5" target="B5"/>
  <move id="53" source="K2" target="K3"/>
  <move id="54" source="B5" target="B4"/>
  <move id="55" source="K3" target="K4"/>
  <move id="56" source="B4" target="B3"/>
  <move id="57" source="A3" target="B3"/>
  <move id="58" source="D9" target="D8"/>
  <move id="59" source="K4" target="K5"/>
  <move id="60" source="D8" target="C8"/>
  <move id="61" source="K5" target="K6"/>
  <move id="62" source="C8" target="C7"/>
  <move id="63" source="K6" target="K7"/>
  <move id="64" source="C7" target="B7"/>
  <move id="65" source="K7" target="K8"/>
  <move id="66" source="I8" target="K8"/>
  <move id="67" source="I4" target="K4"/>
  <move id="68" source="B7" target="B6"/>
  <move id="69" source="K4" target="K5"/>
  <move id="70" source="B6" target="B5"/>
  <move id="71" source="K5" target="K6"/>
  <move id="72" source="I7" target="K7"/>
  <move id="73" source="I6" target="I7"/>
  <move id="74" source="H7" target="I7"/>
  <move id="75" source="I7" target="I8"/>
  <move id="76" source="H8" target="I8"/>
  <move id="77" source="I5" target="I6"/>
  <move id="78" source="H9" target="H8"/>
  <move id="79" source="I6" target="I5"/>
  <move id="80" source="H8" target="H7"/>
  <move id="81" source="I5" target="K5"/>
  <move id="82" source="H7" target="I7"/>
  <move id="83" source="K5" target="I5"/>
  <move id="84" source="K7" target="K6"/>
  <move id="85" source="K6" target="K5"/>
  <move id="86" source="B5" target="B4"/>
  <move id="87" source="I5" target="I6"/>
  <move id="88" source="I7" target="K7"/>
  <move id="89" source="K5" target="K4"/>
  <move id="90" source="B4" target="B3"/>
  <move id="91" source="A2" target="A3"/>
  <move id="92" source="I8" target="I7"/>
  <move id="93" source="A3" target="A4"/>
  <move id="94" source="I7" target="I6"/>
  <move id="95" source="H4" target="I4"/>
  <move id="96" source="K7" target="I7"/>
  <move id="97" source="A1" target="A2"/>
  <move id="98" source="I6" target="I5"/>
  <move id="99" source="A2" target="A3"/>
  <move id="100" source="I5" target="I4"/>
  <move id="101" source="A3" target="B3"/>
  <move id="102" source="K8" target="I8"/>
  <move id="103" source="A4" target="B4"/>
  <move id="104" source="I8" target="H8"/>
  <move id="105" source="B1" target="A1"/>
  <move id="106" source="H8" target="H9"/>
  <move id="107" source="A1" target="A5"/>
  <move id="108" source="H9" target="G9"/>
  <move id="109" source="A5" target="A8"/>
  <move id="110" source="A8" target="A7"/>
  <move id="111" source="F3" target="F4"/>
  <move id="112" source="G9" target="F9"/>
  <move id="113" source="F4" target="E4"/>
  <move id="114" source="F9" target="E9"/>
  <move id="115" source="F2" target="F7"/>
  <move id="116" source="F8" target="E8"/>
  <move id="117" source="F1" target="F5"/>
  <move id="118" source="E8" target="E4"/>
  <move id="119" source="F5" target="E5"/>
  <move id="120" source="E9" target="E8"/>
  <move id="121" source="E5" target="F5"/>
  <move id="122" source="E8" target="E7"/>
  <move id="123" source="F5" target="F6"/>
  <move id="124" source="A7" target="B7"/>
  <move id="125" source="G4" target="H4"/>
  <move id="126" source="B7" target="B6"/>
  <move id="127" source="H4" target="I4"/>
  <move id="128" source="B6" target="B5"/>
  <move id="129" source="I4" target="I5"/>
  <move id="130" source="B5" target="B4"/>
  <move id="131" source="I5" target="I6"/>
  <move id="132" source="I7" target="H7"/>
  <move id="133" source="I6" target="I7"/>
  <move id="134" source="H7" target="H8"/>
  <move id="135" source="I7" target="I8"/>
  <move id="136" source="H8" target="H9"/>
  <move id="137" source="I8" target="K8"/>
  <move id="138" source="K9" target="K8"/>
  <move id="139" source="K4" target="K5"/>
  <move id="140" source="H9" target="G9"/>
  <move id="141" source="G3" target="G4"/>
  <move id="142" source="G9" target="F9"/>
  <move id="143" source="G4" target="H4"/>
  <move id="144" source="B4" target="B3"/>
  <move id="145" source="C1" target="B1"/>
  <move id="146" source="B3" target="C3"/>
  <player id="1">Player 1</player>
  <player id="2">Player 2</player>
  <result type="1" winner="2"/>
 </game>
</stratego>