<?xml version="1.0" encoding="UTF-8"?>
<stratego>
 <game type="classic">
  
  <field content="BHIBBBMBEGEFEFEIBJGEJDDDKFGLDIGDHCHDDHDFAA__AA__AAAA__AA__AAPUTSSRPTPRPWOQUSPXUPVPNRNRNQVSQTQNYNQNTP"/>
  <move id="1" source="F4" target="F5"/>
  <move id="2" source="A7" target="A4"/>
  <move id="3" source="F5" target="E5"/>
  <move id="4" source="B7" target="B6"/>
  <move id="5" source="F3" target="F4"/>
  <move id="6" source="C7" target="B7"/>
  <move id="7" source="F4" target="F5"/>
  <move id="8" source="B6" target="B5"/>
  <move id="9" source="I4" target="I5"/>
  <move id="10" source="B5" target="A5"/>
  <move id="11" source="I5" target="K5"/>
  <move id="12" source="A5" target="A4"/>
  <move id="13" source="A3" target="A4"/>
  <move id="14" source="A8" target="A7"/>
  <move id="15" source="B4" target="B7"/>
  <move id="16" source="A7" target="A6"/>
  <move id="17" source="A4" target="B4"/>
  <move id="18" source="A6" target="B6"/>
  <move id="19" source="B3" target="A3"/>
  <move id="20" source="B6" target="B5"/>
  <move id="21" source="B4" target="B3"/>
  <move id="22" source="B5" target="B4"/>
  <move id="23" source="K5" target="K7"/>
  <move id="24" source="B4" target="C4"/>
  <move id="25" source="A3" target="A4"/>
  <move id="26" source="B7" target="B6"/>
  <move id="27" source="C4" target="B4"/>
  <move id="28" source="B6" target="B5"/>
  <move id="29" source="B4" target="B5"/>
  <move id="30" source="B8" target="B7"/>
  <move id="31" source="B3" target="B4"/>
  <move id="32" source="B7" target="B6"/>
  <move id="33" source="B4" target="C4"/>
  <move id="34" source="B6" target="B5"/>
  <move id="35" source="C3" target="B3"/>
  <move id="36" source="B5" target="B4"/>
  <move id="37" source="C4" target="C3"/>
  <move id="38" source="B4" target="C4"/>
  <move id="39" source="A4" target="C4"/>
  <move id="40" source="C4" target="C3"/>
  <move id="41" source="B3" target="A3"/>
  <move id="42" source="B9" target="B2"/>
  <move id="43" source="A3" target="A9"/>
  <move id="44" source="C3" target="B3"/>
  <move id="45" source="I3" target="I5"/>
  <move id="46" source="B3" target="B2"/>
  <move id="47" source="I5" target="K5"/>
  <move id="48" source="D7" target="C7"/>
  <move id="49" source="K5" target="K7"/>
  <move id="50" source="C7" target="B7"/>
  <move id="51" source="K4" target="I4"/>
  <move id="52" source="B7" target="A7"/>
  <move id="53" source="K3" target="K4"/>
  <move id="54" source="A7" target="A6"/>
  <move id="55" source="K4" target="K5"/>
  <move id="56" source="A6" target="A5"/>
  <move id="57" source="D3" target="C3"/>
  <move id="58" source="A5" target="A4"/>
  <move id="59" source="C3" target="C4"/>
  <move id="60" source="A4" target="A3"/>
  <move id="61" source="E3" target="D3"/>
  <move id="62" source="A3" target="A2"/>
  <move id="63" source="D3" target="C3"/>
  <move id="64" source="A2" target="A1"/>
  <move id="65" source="C4" target="B4"/>
  <move id="66" source="B2" target="A2"/>
  <move id="67" source="C3" target="B3"/>
  <move id="68" source="F7" target="F6"/>
  <move id="69" source="F5" target="F4"/>
  <move id="70" source="F6" target="F5"/>
  <move id="71" source="G3" target="F3"/>
  <move id="72" source="F5" target="F4"/>
  <move id="73" source="F3" target="F4"/>
  <move id="74" source="G7" target="F7"/>
  <move id="75" source="H3" target="G3"/>
  <move id="76" source="F7" target="F4"/>
  <move id="77" source="G3" target="F3"/>
  <move id="78" source="I7" target="I4"/>
  <move id="79" source="H2" target="H3"/>
  <move id="80" source="E7" target="E6"/>
  <move id="81" source="F3" target="E3"/>
  <move id="82" source="E6" target="E5"/>
  <move id="83" source="E4" target="E5"/>
  <move id="84" source="E8" target="E7"/>
  <move id="85" source="E5" target="E4"/>
  <move id="86" source="E7" target="E6"/>
  <move id="87" source="E3" target="D3"/>
  <move id="88" source="E6" target="E5"/>
  <move id="89" source="H3" target="G3"/>
  <move id="90" source="E5" target="E4"/>
  <move id="91" source="D4" target="C4"/>
  <move id="92" source="E4" target="F4"/>
  <move id="93" source="D3" target="C3"/>
  <move id="94" source="K7" target="K6"/>
  <move id="95" source="B3" target="A3"/>
  <move id="96" source="A2" target="A3"/>
  <move id="97" source="C3" target="D3"/>
  <move id="98" source="K6" target="K5"/>
  <move id="99" source="D3" target="E3"/>
  <move id="100" source="K8" target="K7"/>
  <move id="101" source="E3" target="E4"/>
  <move id="102" source="F4" target="F5"/>
  <move id="103" source="E4" target="E5"/>
  <move id="104" source="F5" target="F6"/>
  <move id="105" source="E5" target="E6"/>
  <move id="106" source="F6" target="F7"/>
  <move id="107" source="E6" target="E7"/>
  <move id="108" source="F7" target="F6"/>
  <move id="109" source="G3" target="F3"/>
  <move id="110" source="A9" target="B9"/>
  <move id="111" source="F3" target="F4"/>
  <move id="112" source="G8" target="G7"/>
  <move id="113" source="F4" target="F5"/>
  <move id="114" source="G7" target="F7"/>
  <move id="115" source="E7" target="E6"/>
  <move id="116" source="B9" target="B8"/>
  <move id="117" source="E6" target="F6"/>
  <move id="118" source="F7" target="E7"/>
  <move id="119" source="K5" target="K6"/>
  <move id="120" source="K7" target="K8"/>
  <move id="121" source="K6" target="K7"/>
  <move id="122" source="B8" target="B7"/>
  <move id="123" source="B4" target="B3"/>
  <move id="124" source="B7" target="B6"/>
  <move id="125" source="B3" target="K3"/>
  <move id="126" source="B6" target="B5"/>
  <move id="127" source="C4" target="D4"/>
  <move id="128" source="B5" target="B4"/>
  <move id="129" source="D4" target="E4"/>
  <move id="130" source="B4" target="C4"/>
  <move id="131" source="E4" target="E5"/>
  <move id="132" source="C4" target="D4"/>
  <move id="133" source="F5" target="F4"/>
  <move id="134" source="I8" target="I7"/>
  <move id="135" source="K7" target="K8"/>
  <move id="136" source="I7" target="I6"/>
  <move id="137" source="K8" target="K7"/>
  <move id="138" source="I6" target="I5"/>
  <move id="139" source="K7" target="K6"/>
  <move id="140" source="I5" target="I4"/>
  <move id="141" source="H4" target="H3"/>
  <move id="142" source="I4" target="I3"/>
  <move id="143" source="H3" target="G3"/>
  <move id="144" source="I3" target="K3"/>
  <move id="145" source="F4" target="E4"/>
  <move id="146" source="D4" target="C4"/>
  <move id="147" source="E4" target="D4"/>
  <move id="148" source="C4" target="C3"/>
  <move id="149" source="D4" target="D3"/>
  <move id="150" source="C3" target="B3"/>
  <move id="151" source="D3" target="C3"/>
  <move id="152" source="B3" target="A3"/>
  <move id="153" source="C3" target="B3"/>
  <move id="154" source="A3" target="A4"/>
  <move id="155" source="G3" target="F3"/>
  <move id="156" source="H7" target="I7"/>
  <move id="157" source="K6" target="K5"/>
  <move id="158" source="I7" target="I6"/>
  <move id="159" source="F3" target="E3"/>
  <move id="160" source="I6" target="I5"/>
  <move id="161" source="K5" target="K4"/>
  <move id="162" source="K3" target="I3"/>
  <move id="163" source="K4" target="K3"/>
  <move id="164" source="I3" target="H3"/>
  <move id="165" source="K3" target="I3"/>
  <move id="166" source="H3" target="G3"/>
  <move id="167" source="G4" target="I4"/>
  <move id="168" source="G3" target="F3"/>
  <move id="169" source="F2" target="F3"/>
  <move id="170" source="I5" target="I4"/>
  <move id="171" source="I3" target="I4"/>
  <move id="172" source="I9" target="I8"/>
  <move id="173" source="I4" target="H4"/>
  <move id="174" source="I8" target="I7"/>
  <move id="175" source="H4" target="G4"/>
  <move id="176" source="I7" target="I6"/>
  <move id="177" source="E5" target="E6"/>
  <move id="178" source="E7" target="F7"/>
  <move id="179" source="F6" target="F7"/>
  <move id="180" source="I6" target="I5"/>
  <move id="181" source="F7" target="F6"/>
  <move id="182" source="I5" target="I4"/>
  <move id="183" source="G4" target="F4"/>
  <move id="184" source="I4" target="I3"/>
  <move id="185" source="F6" target="F5"/>
  <move id="186" source="K9" target="I9"/>
  <move id="187" source="F4" target="E4"/>
  <move id="188" source="K:" target="K2"/>
  <move id="189" source="F5" target="F4"/>
  <move id="190" source="I3" target="K3"/>
  <move id="191" source="F4" target="G4"/>
  <move id="192" source="K3" target="K2"/>
  <move id="193" source="G4" target="H4"/>
  <move id="194" source="K2" target="K3"/>
  <move id="195" source="H4" target="I4"/>
  <move id="196" source="F8" target="F7"/>
  <move id="197" source="E6" target="E5"/>
  <move id="198" source="F7" target="F6"/>
  <move id="199" source="E4" target="F4"/>
  <move id="200" source="F6" target="E6"/>
  <move id="201" source="E5" target="E4"/>
  <move id="202" source="E6" target="E5"/>
  <move id="203" source="E4" target="D4"/>
  <move id="204" source="A4" target="A5"/>
  <move id="205" source="B3" target="B4"/>
  <move id="206" source="A5" target="A6"/>
  <move id="207" source="B4" target="B5"/>
  <move id="208" source="D8" target="D7"/>
  <move id="209" source="B5" target="B6"/>
  <move id="210" source="A6" target="A5"/>
  <move id="211" source="F4" target="E4"/>
  <move id="212" source="E5" target="F5"/>
  <move id="213" source="E3" target="F3"/>
  <move id="214" source="A5" target="A4"/>
  <move id="215" source="B6" target="B5"/>
  <move id="216" source="D7" target="C7"/>
  <move id="217" source="F3" target="F4"/>
  <move id="218" source="F5" target="F6"/>
  <move id="219" source="F4" target="F5"/>
  <move id="220" source="F6" target="F7"/>
  <move id="221" source="F5" target="F6"/>
  <move id="222" source="F7" target="E7"/>
  <move id="223" source="F6" target="F7"/>
  <move id="224" source="E7" target="D7"/>
  <move id="225" source="F7" target="E7"/>
  <move id="226" source="A4" target="A3"/>
  <move id="227" source="B5" target="B4"/>
  <move id="228" source="D7" target="D8"/>
  <move id="229" source="E7" target="E8"/>
  <move id="230" source="C7" target="D7"/>
  <move id="231" source="E8" target="D8"/>
  <move id="232" source="D7" target="E7"/>
  <move id="233" source="C2" target="C3"/>
  <move id="234" source="E7" target="E6"/>
  <move id="235" source="C3" target="D3"/>
  <move id="236" source="E6" target="E5"/>
  <move id="237" source="D3" target="E3"/>
  <move id="238" source="H8" target="G8"/>
  <move id="239" source="E3" target="F3"/>
  <move id="240" source="G8" target="G7"/>
  <move id="241" source="D8" target="D7"/>
  <move id="242" source="G7" target="F7"/>
  <move id="243" source="D7" target="E7"/>
  <move id="244" source="F7" target="E7"/>
  <move id="245" source="E4" target="E5"/>
  <move id="246" source="E7" target="E6"/>
  <move id="247" source="E5" target="E4"/>
  <move id="248" source="E6" target="E5"/>
  <move id="249" source="F3" target="E3"/>
  <move id="250" source="E5" target="F5"/>
  <move id="251" source="E3" target="D3"/>
  <move id="252" source="F5" target="F4"/>
  <move id="253" source="E4" target="E5"/>
  <move id="254" source="F4" target="G4"/>
  <move id="255" source="E5" target="E6"/>
  <move id="256" source="G4" target="H4"/>
  <move id="257" source="E6" target="E7"/>
  <move id="258" source="H4" target="I4"/>
  <move id="259" source="E7" target="E8"/>
  <move id="260" source="K3" target="I3"/>
  <move id="261" source="D3" target="E3"/>
  <move id="262" source="I3" target="H3"/>
  <move id="263" source="E3" target="E4"/>
  <move id="264" source="H3" target="G3"/>
  <move id="265" source="E4" target="E5"/>
  <move id="266" source="G3" target="F3"/>
  <move id="267" source="E5" target="E6"/>
  <move id="268" source="F3" target="F4"/>
  <move id="269" source="E6" target="E7"/>
  <move id="270" source="F4" target="F5"/>
  <move id="271" source="E7" target="D7"/>
  <move id="272" source="F5" target="F6"/>
  <move id="273" source="D7" target="D8"/>
  <move id="274" source="F6" target="F7"/>
  <move id="275" source="D8" target="D9"/>
  <move id="276" source="F7" target="E7"/>
  <move id="277" source="E8" target="D8"/>
  <move id="278" source="E7" target="D7"/>
  <move id="279" source="D8" target="E8"/>
  <move id="280" source="D7" target="E7"/>
  <move id="281" source="E8" target="F8"/>
  <move id="282" source="E7" target="E8"/>
  <move id="283" source="F8" target="F7"/>
  <move id="284" source="E8" target="E7"/>
  <move id="285" source="F7" target="F8"/>
  <move id="286" source="I9" target="I8"/>
  <move id="287" source="F8" target="G8"/>
  <move id="288" source="E7" target="F7"/>
  <move id="289" source="G8" target="H8"/>
  <move id="290" source="I8" target="I7"/>
  <move id="291" source="B1" target="B2"/>
  <move id="292" source="I7" target="K7"/>
  <move id="293" source="B2" target="C2"/>
  <move id="294" source="F7" target="F6"/>
  <move id="295" source="C2" target="C3"/>
  <move id="296" source="F6" target="F5"/>
  <move id="297" source="C3" target="D3"/>
  <move id="298" source="F5" target="F4"/>
  <move id="299" source="D3" target="E3"/>
  <move id="300" source="F4" target="E4"/>
  <move id="301" source="E3" target="F3"/>
  <move id="302" source="E4" target="D4"/>
  <move id="303" source="H8" target="G8"/>
  <move id="304" source="D4" target="E4"/>
  <move id="305" source="F3" target="G3"/>
  <move id="306" source="E4" target="E5"/>
  <move id="307" source="G8" target="F8"/>
  <move id="308" source="E5" target="E6"/>
  <move id="309" source="G3" target="H3"/>
  <move id="310" source="E6" target="E7"/>
  <move id="311" source="H3" target="I3"/>
  <move id="312" source="E7" target="E8"/>
  <move id="313" source="F8" target="F7"/>
  <move id="314" source="A3" target="B3"/>
  <move id="315" source="B4" target="B3"/>
  <move id="316" source="C8" target="C7"/>
  <move id="317" source="I3" target="I4"/>
  <move id="318" source="C7" target="B7"/>
  <move id="319" source="I4" target="I5"/>
  <move id="320" source="B7" target="B6"/>
  <move id="321" source="I5" target="I6"/>
  <move id="322" source="B6" target="B5"/>
  <move id="323" source="I6" target="K6"/>
  <move id="324" source="K7" target="I7"/>
  <move id="325" source="F7" target="G7"/>
  <move id="326" source="E8" target="F8"/>
  <move id="327" source="G7" target="H7"/>
  <move id="328" source="I7" target="I8"/>
  <move id="329" source="H7" target="H8"/>
  <move id="330" source="I8" target="K8"/>
  <move id="331" source="H8" target="H7"/>
  <move id="332" source="F8" target="G8"/>
  <move id="333" source="K6" target="K7"/>
  <move id="334" source="K8" target="I8"/>
  <move id="335" source="K7" target="K8"/>
  <move id="336" source="G8" target="H8"/>
  <move id="337" source="H7" target="G7"/>
  <move id="338" source="I8" target="I7"/>
  <move id="339" source="K8" target="K7"/>
  <move id="340" source="I7" target="I8"/>
  <move id="341" source="K7" target="K6"/>
  <move id="342" source="H8" target="G8"/>
  <move id="343" source="G7" target="F7"/>
  <move id="344" source="G8" target="F8"/>
  <move id="345" source="F7" target="E7"/>
  <move id="346" source="F8" target="E8"/>
  <move id="347" source="E7" target="D7"/>
  <move id="348" source="B5" target="B4"/>
  <move id="349" source="K6" target="I6"/>
  <move id="350" source="I8" target="K8"/>
  <move id="351" source="D7" target="C7"/>
  <move id="352" source="B4" target="C4"/>
  <move id="353" source="C7" target="B7"/>
  <move id="354" source="C4" target="D4"/>
  <move id="355" source="B7" target="B6"/>
  <move id="356" source="D4" target="E4"/>
  <move id="357" source="B6" target="B5"/>
  <move id="358" source="E4" target="F4"/>
  <move id="359" source="B5" target="B4"/>
  <move id="360" source="F4" target="G4"/>
  <move id="361" source="B4" target="C4"/>
  <move id="362" source="G4" target="H4"/>
  <move id="363" source="C4" target="D4"/>
  <move id="364" source="E8" target="E7"/>
  <move id="365" source="D4" target="E4"/>
  <move id="366" source="E7" target="E6"/>
  <move id="367" source="E4" target="F4"/>
  <move id="368" source="E6" target="E5"/>
  <move id="369" source="F4" target="G4"/>
  <move id="370" source="H4" target="H3"/>
  <move id="371" source="G4" target="G3"/>
  <move id="372" source="H3" target="H2"/>
  <move id="373" source="G3" target="H3"/>
  <move id="374" source="H2" target="H1"/>
  <move id="375" source="I6" target="I7"/>
  <move id="376" source="E5" target="E6"/>
  <move id="377" source="I7" target="I8"/>
  <move id="378" source="K8" target="K7"/>
  <move id="379" source="H3" target="I3"/>
  <move id="380" source="E6" target="E7"/>
  <move id="381" source="I3" target="I4"/>
  <move id="382" source="E7" target="F7"/>
  <move id="383" source="C1" target="C2"/>
  <move id="384" source="F7" target="G7"/>
  <move id="385" source="C2" target="C3"/>
  <move id="386" source="G7" target="H7"/>
  <move id="387" source="I8" target="K8"/>
  <move id="388" source="K7" target="I7"/>
  <move id="389" source="K8" target="K7"/>
  <move id="390" source="I7" target="I8"/>
  <move id="391" source="K7" target="K6"/>
  <move id="392" source="H7" target="I7"/>
  <move id="393" source="I4" target="H4"/>
  <move id="394" source="I8" target="H8"/>
  <move id="395" source="H4" target="G4"/>
  <move id="396" source="I7" target="H7"/>
  <move id="397" source="G4" target="F4"/>
  <move id="398" source="H7" target="G7"/>
  <move id="399" source="C3" target="B3"/>
  <move id="400" source="G7" target="F7"/>
  <move id="401" source="B3" target="B4"/>
  <move id="402" source="F7" target="F6"/>
  <move id="403" source="B4" target="B5"/>
  <move id="404" source="F6" target="F5"/>
  <move id="405" source="F4" target="F3"/>
  <move id="406" source="F5" target="F6"/>
  <move id="407" source="F3" target="E3"/>
  <move id="408" source="F6" target="F7"/>
  <move id="409" source="B5" target="B6"/>
  <move id="410" source="F7" target="E7"/>
  <move id="411" source="B6" target="A6"/>
  <move id="412" source="E7" target="D7"/>
  <move id="413" source="K6" target="K7"/>
  <move id="414" source="D7" target="E7"/>
  <move id="415" source="E3" target="F3"/>
  <move id="416" source="E7" target="F7"/>
  <move id="417" source="A6" target="A7"/>
  <move id="418" source="F7" target="E7"/>
  <move id="419" source="A7" target="A8"/>
  <move id="420" source="E7" target="D7"/>
  <move id="421" source="A8" target="B8"/>
  <move id="422" source="D7" target="C7"/>
  <move id="423" source="F3" target="F4"/>
  <move id="424" source="C7" target="D7"/>
  <move id="425" source="B8" target="C8"/>
  <move id="426" source="B:" target="B9"/>
  <move id="427" source="F4" target="F5"/>
  <move id="428" source="B9" target="B8"/>
  <move id="429" source="F5" target="F6"/>
  <move id="430" source="B8" target="C8"/>
  <move id="431" source="K7" target="K6"/>
  <move id="432" source="H8" target="I8"/>
  <move id="433" source="F6" target="F7"/>
  <move id="434" source="D7" target="D8"/>
  <move id="435" source="C8" target="C7"/>
  <move id="436" source="D8" target="E8"/>
  <move id="437" source="F7" target="G7"/>
  <move id="438" source="I8" target="K8"/>
  <move id="439" source="G7" target="H7"/>
  <move id="440" source="K8" target="K7"/>
  <move id="441" source="K6" target="K7"/>
  <move id="442" source="E8" target="F8"/>
  <move id="443" source="K7" target="K6"/>
  <move id="444" source="F8" target="G8"/>
  <move id="445" source="C7" target="C8"/>
  <move id="446" source="G8" target="F8"/>
  <move id="447" source="C8" target="C7"/>
  <move id="448" source="F8" target="E8"/>
  <move id="449" source="H7" target="G7"/>
  <move id="450" source="E8" target="E7"/>
  <move id="451" source="C7" target="C8"/>
  <move id="452" source="E7" target="E8"/>
  <move id="453" source="G7" target="H7"/>
  <move id="454" source="E8" target="E7"/>
  <move id="455" source="C8" target="D8"/>
  <move id="456" source="E7" target="D7"/>
  <move id="457" source="D8" target="E8"/>
  <move id="458" source="D7" target="D8"/>
  <move id="459" source="E8" target="E7"/>
  <move id="460" source="D8" target="E8"/>
  <move id="461" source="E7" target="D7"/>
  <move id="462" source="E8" target="E7"/>
  <move id="463" source="D7" target="D8"/>
  <move id="464" source="E7" target="E8"/>
  <move id="465" source="D8" target="D7"/>
  <move id="466" source="D9" target="D8"/>
  <move id="467" source="K6" target="K5"/>
  <move id="468" source="D8" target="D9"/>
  <move id="469" source="K5" target="K4"/>
  <move id="470" source="E8" target="E7"/>
  <move id="471" source="D7" target="D8"/>
  <move id="472" source="E7" target="E8"/>
  <move id="473" source="D8" target="D7"/>
  <move id="474" source="D9" target="D8"/>
  <move id="475" source="K4" target="K3"/>
  <move id="476" source="D8" target="D9"/>
  <move id="477" source="K3" target="I3"/>
  <move id="478" source="E8" target="E7"/>
  <move id="479" source="D7" target="D8"/>
  <move id="480" source="E7" target="E8"/>
  <move id="481" source="D8" target="D7"/>
  <move id="482" source="D9" target="D8"/>
  <move id="483" source="I3" target="H3"/>
  <move id="484" source="D8" target="D9"/>
  <move id="485" source="H3" target="G3"/>
  <move id="486" source="E8" target="E7"/>
  <move id="487" source="D7" target="D8"/>
  <move id="488" source="E7" target="E8"/>
  <move id="489" source="D8" target="D7"/>
  <move id="490" source="D9" target="D8"/>
  <move id="491" source="G3" target="F3"/>
  <move id="492" source="D8" target="D9"/>
  <move id="493" source="H7" target="I7"/>
  <move id="494" source="E8" target="E7"/>
  <move id="495" source="D7" target="D8"/>
  <move id="496" source="E7" target="E8"/>
  <move id="497" source="D8" target="D7"/>
  <move id="498" source="D9" target="D8"/>
  <move id="499" source="I7" target="K7"/>
  <move id="500" source="D8" target="D9"/>
  <move id="501" source="K7" target="K6"/>
  <move id="502" source="E8" target="E7"/>
  <move id="503" source="D7" target="D8"/>
  <move id="504" source="E7" target="E8"/>
  <move id="505" source="D8" target="D7"/>
  <move id="506" source="D9" target="D8"/>
  <move id="507" source="K6" target="K7"/>
  <move id="508" source="D8" target="D9"/>
  <move id="509" source="K7" target="K8"/>
  <move id="510" source="E8" target="E7"/>
  <move id="511" source="D7" target="D8"/>
  <move id="512" source="E7" target="E8"/>
  <move id="513" source="D8" target="D7"/>
  <move id="514" source="D9" target="D8"/>
  <move id="515" source="K8" target="K7"/>
  <move id="516" source="D8" target="D9"/>
  <move id="517" source="K7" target="K6"/>
  <move id="518" source="E8" target="E7"/>
  <move id="519" source="D7" target="D8"/>
  <move id="520" source="E7" target="E8"/>
  <move id="521" source="D8" target="C8"/>
  <move id="522" source="E8" target="D8"/>
  <move id="523" source="C8" target="B8"/>
  <move id="524" source="D8" target="C8"/>
  <move id="525" source="B8" target="A8"/>
  <move id="526" source="C8" target="B8"/>
  <move id="527" source="A8" target="A7"/>
  <move id="528" source="B8" target="B7"/>
  <move id="529" source="A7" target="A6"/>
  <move id="530" source="B7" target="C7"/>
  <move id="531" source="F3" target="F4"/>
  <move id="532" source="C7" target="D7"/>
  <move id="533" source="F4" target="F5"/>
  <move id="534" source="D7" target="E7"/>
  <move id="535" source="F5" target="F6"/>
  <move id="536" source="E7" target="F7"/>
  <move id="537" source="F6" target="E6"/>
  <move id="538" source="F7" target="F8"/>
  <move id="539" source="E6" target="E7"/>
  <move id="540" source="F8" target="E8"/>
  <move id="541" source="E7" target="F7"/>
  <move id="542" source="E8" target="E7"/>
  <move id="543" source="F7" target="F8"/>
  <move id="544" source="E7" target="F7"/>
  <move id="545" source="F8" target="E8"/>
  <move id="546" source="F7" target="E7"/>
  <move id="547" source="E8" target="F8"/>
  <move id="548" source="E7" target="E8"/>
  <move id="549" source="F8" target="F7"/>
  <move id="550" source="D9" target="D8"/>
  <move id="551" source="I2" target="I3"/>
  <move id="552" source="D8" target="D7"/>
  <move id="553" source="I3" target="H3"/>
  <move id="554" source="D7" target="D8"/>
  <move id="555" source="H3" target="G3"/>
  <move id="556" source="D8" target="D9"/>
  <move id="557" source="G3" target="F3"/>
  <move id="558" source="E8" target="E7"/>
  <move id="559" source="F7" target="F8"/>
  <move id="560" source="E7" target="E8"/>
  <move id="561" source="F8" target="F7"/>
  <move id="562" source="E8" target="E7"/>
  <move id="563" source="F7" target="F6"/>
  <move id="564" source="E7" target="D7"/>
  <move id="565" source="F3" target="E3"/>
  <move id="566" source="D7" target="E7"/>
  <move id="567" source="E3" target="D3"/>
  <move id="568" source="E7" target="F7"/>
  <move id="569" source="F6" target="E6"/>
  <move id="570" source="F7" target="E7"/>
  <move id="571" source="E6" target="F6"/>
  <move id="572" source="E7" target="E8"/>
  <move id="573" source="D3" target="C3"/>
  <move id="574" source="E8" target="F8"/>
  <move id="575" source="F6" target="E6"/>
  <move id="576" source="F8" target="F7"/>
  <move id="577" source="C3" target="B3"/>
  <move id="578" source="F7" target="E7"/>
  <move id="579" source="E6" target="F6"/>
  <move id="580" source="E7" target="F7"/>
  <move id="581" source="F6" target="E6"/>
  <move id="582" source="F7" target="F6"/>
  <move id="583" source="E6" target="E7"/>
  <move id="584" source="F6" target="E6"/>
  <move id="585" source="E7" target="E8"/>
  <move id="586" source="E6" target="E7"/>
  <move id="587" source="E8" target="F8"/>
  <move id="588" source="E7" target="F7"/>
  <move id="589" source="F8" target="E8"/>
  <move id="590" source="F7" target="E7"/>
  <move id="591" source="E8" target="F8"/>
  <move id="592" source="E7" target="E8"/>
  <move id="593" source="F8" target="F7"/>
  <move id="594" source="E8" target="F8"/>
  <move id="595" source="F7" target="E7"/>
  <move id="596" source="F8" target="E8"/>
  <move id="597" source="E7" target="F7"/>
  <move id="598" source="E8" target="E7"/>
  <move id="599" source="F7" target="F8"/>
  <move id="600" source="E7" target="E8"/>
  <move id="601" source="F8" target="F7"/>
  <move id="602" source="E8" target="E7"/>
  <move id="603" source="F7" target="F8"/>
  <move id="604" source="D9" target="D8"/>
  <move id="605" source="B3" target="B4"/>
  <move id="606" source="D8" target="D9"/>
  <move id="607" source="B4" target="B5"/>
  <move id="608" source="E7" target="E8"/>
  <move id="609" source="F8" target="F7"/>
  <move id="610" source="E8" target="E7"/>
  <move id="611" source="F7" target="F8"/>
  <move id="612" source="E7" target="E8"/>
  <move id="613" source="F8" target="F7"/>
  <move id="614" source="E8" target="F8"/>
  <move id="615" source="F7" target="E7"/>
  <move id="616" source="F8" target="E8"/>
  <move id="617" source="E7" target="F7"/>
  <move id="618" source="E8" target="D8"/>
  <move id="619" source="A6" target="A7"/>
  <move id="620" source="D8" target="C8"/>
  <move id="621" source="B5" target="B4"/>
  <move id="622" source="C8" target="B8"/>
  <move id="623" source="I1" target="I2"/>
  <move id="624" source="B8" target="C8"/>
  <move id="625" source="I2" target="I3"/>
  <move id="626" source="C8" target="D8"/>
  <move id="627" source="I3" target="I4"/>
  <move id="628" source="D8" target="E8"/>
  <move id="629" source="I4" target="I5"/>
  <move id="630" source="E8" target="F8"/>
  <move id="631" source="F7" target="E7"/>
  <move id="632" source="F8" target="E8"/>
  <move id="633" source="E7" target="F7"/>
  <move id="634" source="E8" target="E7"/>
  <move id="635" source="F7" target="F8"/>
  <move id="636" source="E7" target="E8"/>
  <move id="637" source="F8" target="F7"/>
  <move id="638" source="E8" target="E7"/>
  <move id="639" source="F7" target="F8"/>
  <move id="640" source="E7" target="D7"/>
  <move id="641" source="I5" target="I6"/>
  <move id="642" source="D7" target="D8"/>
  <move id="643" source="F8" target="F7"/>
  <move id="644" source="D8" target="E8"/>
  <move id="645" source="I6" target="I7"/>
  <move id="646" source="E8" target="E7"/>
  <move id="647" source="F7" target="F8"/>
  <move id="648" source="E7" target="E8"/>
  <move id="649" source="F8" target="F7"/>
  <move id="650" source="E8" target="F8"/>
  <move id="651" source="F7" target="E7"/>
  <move id="652" source="F8" target="E8"/>
  <move id="653" source="E7" target="F7"/>
  <move id="654" source="D9" target="D8"/>
  <move id="655" source="K6" target="K7"/>
  <move id="656" source="D8" target="D9"/>
  <move id="657" source="K7" target="K8"/>
  <move id="658" source="E8" target="F8"/>
  <move id="659" source="F7" target="E7"/>
  <move id="660" source="F8" target="E8"/>
  <move id="661" source="E7" target="D7"/>
  <move id="662" source="E8" target="D8"/>
  <move id="663" source="D7" target="E7"/>
  <move id="664" source="D8" target="D7"/>
  <move id="665" source="E7" target="E8"/>
  <move id="666" source="D7" target="E7"/>
  <move id="667" source="E8" target="F8"/>
  <move id="668" source="E7" target="E8"/>
  <move id="669" source="F8" target="F7"/>
  <move id="670" source="E8" target="E7"/>
  <move id="671" source="F7" target="F8"/>
  <move id="672" source="E7" target="E8"/>
  <move id="673" source="F8" target="F7"/>
  <move id="674" source="D9" target="D8"/>
  <move id="675" source="K8" target="K9"/>
  <move id="676" source="D8" target="D9"/>
  <move id="677" source="I7" target="I8"/>
  <move id="678" source="E8" target="F8"/>
  <move id="679" source="F7" target="E7"/>
  <move id="680" source="D9" target="D8"/>
  <move id="681" source="I8" target="I9"/>
  <move id="682" source="F8" target="G8"/>
  <move id="683" source="I9" target="H9"/>
  <move id="684" source="G8" target="F8"/>
  <move id="685" source="K9" target="I9"/>
  <move id="686" source="D8" target="D9"/>
  <move id="687" source="I9" target="H9"/>
  <move id="688" source="F8" target="G8"/>
  <move id="689" source="E7" target="D7"/>
  <move id="690" source="G8" target="F8"/>
  <move id="691" source="D2" target="D3"/>
  <move id="692" source="F8" target="E8"/>
  <move id="693" source="D3" target="E3"/>
  <move id="694" source="E8" target="E7"/>
  <move id="695" source="D7" target="D8"/>
  <move id="696" source="E7" target="D7"/>
  <move id="697" source="D8" target="E8"/>
  <move id="698" source="D7" target="D8"/>
  <move id="699" source="E8" target="E7"/>
  <move id="700" source="D8" target="E8"/>
  <move id="701" source="E7" target="D7"/>
  <move id="702" source="E8" target="D8"/>
  <move id="703" source="D7" target="E7"/>
  <move id="704" source="D8" target="D7"/>
  <move id="705" source="E7" target="E8"/>
  <move id="706" source="D7" target="D8"/>
  <move id="707" source="E8" target="E7"/>
  <move id="708" source="D8" target="D7"/>
  <move id="709" source="E7" target="F7"/>
  <move id="710" source="D7" target="E7"/>
  <move id="711" source="F7" target="F6"/>
  <move id="712" source="E7" target="E6"/>
  <move id="713" source="F6" target="F5"/>
  <move id="714" source="E6" target="E5"/>
  <move id="715" source="F5" target="F6"/>
  <move id="716" source="E5" target="E6"/>
  <move id="717" source="F6" target="F5"/>
  <move id="718" source="E6" target="F6"/>
  <move id="719" source="F5" target="E5"/>
  <move id="720" source="F6" target="E6"/>
  <move id="721" source="E5" target="F5"/>
  <move id="722" source="E6" target="E7"/>
  <move id="723" source="B4" target="B5"/>
  <move id="724" source="E7" target="E8"/>
  <move id="725" source="B5" target="B6"/>
  <move id="726" source="E8" target="E7"/>
  <move id="727" source="A7" target="A8"/>
  <move id="728" source="E7" target="D7"/>
  <move id="729" source="F5" target="F6"/>
  <move id="730" source="D7" target="C7"/>
  <move id="731" source="B6" target="B5"/>
  <move id="732" source="C7" target="B7"/>
  <move id="733" source="F6" target="F7"/>
  <move id="734" source="B7" target="C7"/>
  <move id="735" source="B5" target="B6"/>
  <move id="736" source="C7" target="D7"/>
  <move id="737" source="F7" target="F6"/>
  <move id="738" source="D7" target="E7"/>
  <move id="739" source="B6" target="B7"/>
  <move id="740" source="E7" target="E8"/>
  <move id="741" source="B7" target="C7"/>
  <move id="742" source="E8" target="D8"/>
  <move id="743" source="F6" target="F7"/>
  <move id="744" source="D8" target="D7"/>
  <move id="745" source="C7" target="C8"/>
  <move id="746" source="D7" target="D8"/>
  <move id="747" source="C8" target="C7"/>
  <move id="748" source="D8" target="E8"/>
  <move id="749" source="F7" target="F6"/>
  <move id="750" source="E8" target="E7"/>
  <move id="751" source="C7" target="C8"/>
  <move id="752" source="E7" target="D7"/>
  <move id="753" source="F6" target="F5"/>
  <move id="754" source="D7" target="D8"/>
  <move id="755" source="C8" target="C7"/>
  <move id="756" source="D8" target="C8"/>
  <move id="757" source="C7" target="D7"/>
  <move id="758" source="C8" target="D8"/>
  <move id="759" source="D7" target="C7"/>
  <move id="760" source="D8" target="D7"/>
  <move id="761" source="C7" target="C8"/>
  <move id="762" source="D9" target="D8"/>
  <move id="763" source="C8" target="D8"/>
  <move id="764" source="D7" target="D8"/>
  <move id="765" source="A8" target="A7"/>
  <move id="766" source="D8" target="D7"/>
  <move id="767" source="F5" target="F6"/>
  <move id="768" source="D7" target="E7"/>
  <move id="769" source="E3" target="D3"/>
  <move id="770" source="E7" target="F7"/>
  <move id="771" source="F6" target="E6"/>
  <move id="772" source="F7" target="E7"/>
  <move id="773" source="E6" target="F6"/>
  <move id="774" source="E7" target="E8"/>
  <move id="775" source="D3" target="C3"/>
  <move id="776" source="E8" target="F8"/>
  <move id="777" source="C3" target="B3"/>
  <move id="778" source="F8" target="F7"/>
  <move id="779" source="F6" target="E6"/>
  <move id="780" source="F7" target="E7"/>
  <move id="781" source="E6" target="F6"/>
  <move id="782" source="E7" target="E6"/>
  <move id="783" source="F6" target="F7"/>
  <move id="784" source="E6" target="E7"/>
  <move id="785" source="F7" target="F6"/>
  <move id="786" source="E7" target="E8"/>
  <move id="787" source="B3" target="C3"/>
  <move id="788" source="E8" target="E7"/>
  <move id="789" source="C3" target="D3"/>
  <move id="790" source="E7" target="F7"/>
  <move id="791" source="F6" target="E6"/>
  <move id="792" source="F7" target="F8"/>
  <move id="793" source="D3" target="E3"/>
  <move id="794" source="F8" target="G8"/>
  <move id="795" source="E3" target="F3"/>
  <move id="796" source="G8" target="H8"/>
  <move id="797" source="H9" target="I9"/>
  <move id="798" source="H8" target="I8"/>
  <move id="799" source="I9" target="K9"/>
  <move id="800" source="I8" target="K8"/>
  <move id="801" source="K9" target="I9"/>
  <move id="802" source="K8" target="I8"/>
  <move id="803" source="I9" target="H9"/>
  <move id="804" source="I8" target="I9"/>
  <move id="805" source="H9" target="H8"/>
  <move id="806" source="I9" target="H9"/>
  <move id="807" source="H8" target="I8"/>
  <move id="808" source="H9" target="H8"/>
  <move id="809" source="I8" target="I9"/>
  <move id="810" source="H8" target="G8"/>
  <move id="811" source="F3" target="F4"/>
  <move id="812" source="G8" target="F8"/>
  <move id="813" source="F4" target="F5"/>
  <move id="814" source="F8" target="F7"/>
  <move id="815" source="F5" target="F4"/>
  <move id="816" source="F7" target="F6"/>
  <move id="817" source="E6" target="E7"/>
  <move id="818" source="F6" target="F7"/>
  <move id="819" source="E7" target="E8"/>
  <move id="820" source="F7" target="F8"/>
  <move id="821" source="E8" target="E7"/>
  <move id="822" source="F8" target="E8"/>
  <move id="823" source="E7" target="F7"/>
  <move id="824" source="E8" target="E7"/>
  <move id="825" source="F7" target="F8"/>
  <move id="826" source="E7" target="F7"/>
  <move id="827" source="F8" target="E8"/>
  <move id="828" source="F7" target="G7"/>
  <move id="829" source="F4" target="G4"/>
  <move id="830" source="G7" target="F7"/>
  <move id="831" source="G4" target="H4"/>
  <move id="832" source="F7" target="E7"/>
  <move id="833" source="E8" target="F8"/>
  <move id="834" source="E7" target="E8"/>
  <move id="835" source="F8" target="F7"/>
  <move id="836" source="E8" target="F8"/>
  <move id="837" source="F7" target="E7"/>
  <move id="838" source="F8" target="F7"/>
  <move id="839" source="E7" target="E8"/>
  <move id="840" source="F7" target="F8"/>
  <move id="841" source="E8" target="E7"/>
  <move id="842" source="F8" target="F7"/>
  <move id="843" source="E7" target="E8"/>
  <move id="844" source="F7" target="G7"/>
  <move id="845" source="H4" target="I4"/>
  <move id="846" source="G7" target="H7"/>
  <move id="847" source="I4" target="K4"/>
  <move id="848" source="H7" target="I7"/>
  <move id="849" source="K4" target="K5"/>
  <move id="850" source="I7" target="I8"/>
  <move id="851" source="I9" target="H9"/>
  <move id="852" source="I8" target="H8"/>
  <move id="853" source="H9" target="I9"/>
  <move id="854" source="H8" target="I8"/>
  <move id="855" source="I9" target="K9"/>
  <move id="856" source="I8" target="K8"/>
  <move id="857" source="K9" target="I9"/>
  <move id="858" source="K8" target="K7"/>
  <move id="859" source="K5" target="K4"/>
  <move id="860" source="K7" target="I7"/>
  <move id="861" source="I9" target="K9"/>
  <move id="862" source="I7" target="H7"/>
  <move id="863" source="K4" target="K5"/>
  <move id="864" source="H7" target="G7"/>
  <move id="865" source="K5" target="K6"/>
  <move id="866" source="G7" target="G8"/>
  <move id="867" source="E8" target="E7"/>
  <move id="868" source="G8" target="H8"/>
  <move id="869" source="K6" target="I6"/>
  <move id="870" source="H8" target="H7"/>
  <move id="871" source="E7" target="E8"/>
  <move id="872" source="H7" target="I7"/>
  <move id="873" source="I6" target="I5"/>
  <move id="874" source="I7" target="I6"/>
  <move id="875" source="I5" target="I4"/>
  <move id="876" source="I6" target="I7"/>
  <move id="877" source="E2" target="E3"/>
  <move id="878" source="I7" target="H7"/>
  <move id="879" source="I4" target="K4"/>
  <move id="880" source="H7" target="G7"/>
  <move id="881" source="K4" target="K5"/>
  <move id="882" source="G7" target="F7"/>
  <move id="883" source="K5" target="K6"/>
  <move id="884" source="F7" target="F8"/>
  <move id="885" source="E8" target="E7"/>
  <move id="886" source="F8" target="E8"/>
  <move id="887" source="E7" target="F7"/>
  <move id="888" source="E8" target="E7"/>
  <move id="889" source="F7" target="F8"/>
  <move id="890" source="E7" target="F7"/>
  <move id="891" source="F8" target="E8"/>
  <move id="892" source="F7" target="G7"/>
  <move id="893" source="K6" target="K7"/>
  <move id="894" source="G7" target="H7"/>
  <move id="895" source="E3" target="E4"/>
  <move id="896" source="H7" target="H8"/>
  <move id="897" source="E4" target="E5"/>
  <move id="898" source="H8" target="G8"/>
  <move id="899" source="E8" target="E7"/>
  <move id="900" source="G8" target="F8"/>
  <move id="901" source="K7" target="K8"/>
  <move id="902" source="F8" target="F7"/>
  <move id="903" source="E7" target="E8"/>
  <move id="904" source="F7" target="E7"/>
  <move id="905" source="E8" target="F8"/>
  <move id="906" source="E7" target="E6"/>
  <move id="907" source="E5" target="E4"/>
  <move id="908" source="E6" target="E5"/>
  <move id="909" source="E4" target="E3"/>
  <move id="910" source="E5" target="E6"/>
  <move id="911" source="K8" target="I8"/>
  <move id="912" source="E6" target="E7"/>
  <move id="913" source="K9" target="I9"/>
  <move id="914" source="E7" target="E8"/>
  <move id="915" source="F8" target="F7"/>
  <move id="916" source="E8" target="F8"/>
  <move id="917" source="F7" target="E7"/>
  <move id="918" source="F8" target="G8"/>
  <move id="919" source="I8" target="K8"/>
  <move id="920" source="G8" target="H8"/>
  <move id="921" source="K8" target="K7"/>
  <move id="922" source="H8" target="I8"/>
  <move id="923" source="I9" target="H9"/>
  <move id="924" source="I8" target="H8"/>
  <move id="925" source="H9" target="I9"/>
  <move id="926" source="H8" target="I8"/>
  <move id="927" source="I9" target="H9"/>
  <move id="928" source="I8" target="K8"/>
  <move id="929" source="K7" target="I7"/>
  <move id="930" source="K8" target="I8"/>
  <move id="931" source="I7" target="K7"/>
  <move id="932" source="I8" target="I7"/>
  <move id="933" source="K7" target="K8"/>
  <move id="934" source="I7" target="I8"/>
  <move id="935" source="K8" target="K7"/>
  <move id="936" source="I8" target="I7"/>
  <move id="937" source="K7" target="K8"/>
  <move id="938" source="I7" target="H7"/>
  <move id="939" source="H9" target="I9"/>
  <move id="940" source="H7" target="H8"/>
  <move id="941" source="K8" target="K7"/>
  <move id="942" source="H8" target="I8"/>
  <move id="943" source="I9" target="H9"/>
  <move id="944" source="I8" target="I9"/>
  <move id="945" source="H9" target="H8"/>
  <move id="946" source="I9" target="H9"/>
  <move id="947" source="H8" target="I8"/>
  <move id="948" source="H9" target="H8"/>
  <move id="949" source="I8" target="I9"/>
  <move id="950" source="H8" target="H9"/>
  <move id="951" source="I9" target="I8"/>
  <move id="952" source="H9" target="I9"/>
  <move id="953" source="I8" target="H8"/>
  <move id="954" source="I9" target="I8"/>
  <move id="955" source="H8" target="H9"/>
  <move id="956" source="I8" target="I9"/>
  <move id="957" source="H9" target="H8"/>
  <move id="958" source="I9" target="K9"/>
  <move id="959" source="K7" target="K6"/>
  <move id="960" source="K9" target="K8"/>
  <move id="961" source="H8" target="H9"/>
  <move id="962" source="K8" target="I8"/>
  <move id="963" source="E7" target="E6"/>
  <move id="964" source="I8" target="H8"/>
  <move id="965" source="H9" target="I9"/>
  <move id="966" source="H8" target="G8"/>
  <move id="967" source="E6" target="E5"/>
  <move id="968" source="G8" target="F8"/>
  <move id="969" source="K6" target="K7"/>
  <move id="970" source="F8" target="G8"/>
  <move id="971" source="E3" target="D3"/>
  <move id="972" source="G8" target="H8"/>
  <move id="973" source="D3" target="C3"/>
  <move id="974" source="H8" target="I8"/>
  <move id="975" source="I9" target="H9"/>
  <move id="976" source="I8" target="I7"/>
  <move id="977" source="K7" target="K8"/>
  <move id="978" source="I7" target="I8"/>
  <move id="979" source="K8" target="K7"/>
  <move id="980" source="I8" target="I9"/>
  <move id="981" source="H9" target="H8"/>
  <move id="982" source="I9" target="H9"/>
  <move id="983" source="H8" target="I8"/>
  <move id="984" source="H9" target="H8"/>
  <move id="985" source="I8" target="I9"/>
  <move id="986" source="H8" target="H7"/>
  <move id="987" source="C3" target="B3"/>
  <move id="988" source="H7" target="I7"/>
  <move id="989" source="K7" target="K6"/>
  <move id="990" source="I7" target="K7"/>
  <move id="991" source="K6" target="I6"/>
  <move id="992" source="K7" target="I7"/>
  <move id="993" source="I6" target="K6"/>
  <move id="994" source="I7" target="I8"/>
  <move id="995" source="I9" target="H9"/>
  <move id="996" source="I8" target="H8"/>
  <move id="997" source="H9" target="I9"/>
  <move id="998" source="H8" target="I8"/>
  <move id="999" source="I9" target="K9"/>
  <move id="1000" source="I8" target="K8"/>
  <move id="1001" source="K9" target="I9"/>
  <move id="1002" source="K8" target="K9"/>
  <move id="1003" source="I9" target="I8"/>
  <move id="1004" source="K9" target="I9"/>
  <move id="1005" source="I8" target="K8"/>
  <move id="1006" source="I9" target="H9"/>
  <move id="1007" source="B3" target="B4"/>
  <move id="1008" source="H9" target="H8"/>
  <move id="1009" source="B4" target="B5"/>
  <move id="1010" source="H8" target="G8"/>
  <move id="1011" source="B5" target="B6"/>
  <move id="1012" source="G8" target="F8"/>
  <move id="1013" source="K6" target="I6"/>
  <move id="1014" source="F8" target="G8"/>
  <move id="1015" source="K8" target="K7"/>
  <move id="1016" source="G8" target="H8"/>
  <move id="1017" source="K7" target="K6"/>
  <move id="1018" source="H8" target="H7"/>
  <move id="1019" source="I6" target="I5"/>
  <move id="1020" source="H7" target="I7"/>
  <move id="1021" source="I5" target="I4"/>
  <move id="1022" source="I7" target="H7"/>
  <move id="1023" source="B6" target="B7"/>
  <move id="1024" source="H7" target="G7"/>
  <move id="1025" source="A7" target="A8"/>
  <move id="1026" source="G7" target="F7"/>
  <move id="1027" source="A8" target="A9"/>
  <move id="1028" source="F7" target="E7"/>
  <move id="1029" source="E5" target="F5"/>
  <move id="1030" source="E7" target="D7"/>
  <move id="1031" source="B7" target="B6"/>
  <move id="1032" source="D7" target="C7"/>
  <move id="1033" source="B6" target="B5"/>
  <move id="1034" source="C7" target="B7"/>
  <move id="1035" source="I4" target="I5"/>
  <move id="1036" source="B7" target="A7"/>
  <move id="1037" source="A9" target="B9"/>
  <move id="1038" source="A7" target="B7"/>
  <move id="1039" source="B9" target="A9"/>
  <move id="1040" source="B7" target="B6"/>
  <move id="1041" source="B5" target="B4"/>
  <move id="1042" source="B6" target="B7"/>
  <move id="1043" source="A9" target="A8"/>
  <move id="1044" source="B7" target="C7"/>
  <move id="1045" source="I5" target="I6"/>
  <move id="1046" source="C7" target="D7"/>
  <move id="1047" source="I6" target="I7"/>
  <move id="1048" source="D7" target="E7"/>
  <move id="1049" source="I7" target="I8"/>
  <move id="1050" source="E7" target="F7"/>
  <move id="1051" source="F5" target="E5"/>
  <move id="1052" source="F7" target="F8"/>
  <move id="1053" source="I8" target="I7"/>
  <move id="1054" source="F8" target="G8"/>
  <move id="1055" source="B4" target="B5"/>
  <move id="1056" source="G8" target="G7"/>
  <move id="1057" source="I7" target="I8"/>
  <move id="1058" source="G7" target="H7"/>
  <move id="1059" source="B5" target="B6"/>
  <move id="1060" source="H7" target="G7"/>
  <move id="1061" source="I8" target="H8"/>
  <move id="1062" source="G7" target="G8"/>
  <move id="1063" source="H8" target="H7"/>
  <move id="1064" source="G8" target="G7"/>
  <move id="1065" source="H7" target="H8"/>
  <move id="1066" source="G7" target="F7"/>
  <move id="1067" source="H8" target="G8"/>
  <move id="1068" source="F7" target="F8"/>
  <move id="1069" source="G8" target="G7"/>
  <move id="1070" source="F8" target="F7"/>
  <move id="1071" source="G7" target="G8"/>
  <move id="1072" source="F7" target="F8"/>
  <move id="1073" source="G8" target="G7"/>
  <move id="1074" source="F8" target="G8"/>
  <move id="1075" source="G7" target="F7"/>
  <move id="1076" source="G8" target="F8"/>
  <move id="1077" source="F7" target="G7"/>
  <move id="1078" source="F8" target="E8"/>
  <move id="1079" source="B6" target="B7"/>
  <move id="1080" source="E8" target="F8"/>
  <move id="1081" source="B7" target="C7"/>
  <move id="1082" source="F8" target="E8"/>
  <move id="1083" source="E5" target="F5"/>
  <move id="1084" source="E8" target="E7"/>
  <move id="1085" source="C7" target="B7"/>
  <move id="1086" source="E7" target="D7"/>
  <move id="1087" source="G7" target="G8"/>
  <move id="1088" source="D7" target="D8"/>
  <move id="1089" source="G8" target="F8"/>
  <move id="1090" source="D8" target="E8"/>
  <move id="1091" source="F8" target="F9"/>
  <move id="1092" source="E8" target="D8"/>
  <move id="1093" source="B7" target="B6"/>
  <move id="1094" source="D8" target="D7"/>
  <move id="1095" source="B6" target="B5"/>
  <move id="1096" source="D7" target="C7"/>
  <move id="1097" source="B5" target="B4"/>
  <move id="1098" source="C7" target="B7"/>
  <move id="1099" source="B4" target="B3"/>
  <move id="1100" source="B7" target="B6"/>
  <move id="1101" source="B3" target="C3"/>
  <move id="1102" source="B6" target="B7"/>
  <move id="1103" source="K1" target="K2"/>
  <move id="1104" source="B7" target="C7"/>
  <move id="1105" source="K2" target="K3"/>
  <move id="1106" source="C7" target="D7"/>
  <move id="1107" source="K3" target="K4"/>
  <move id="1108" source="D7" target="E7"/>
  <move id="1109" source="C3" target="D3"/>
  <move id="1110" source="E7" target="E6"/>
  <move id="1111" source="K4" target="K5"/>
  <move id="1112" source="E6" target="E5"/>
  <move id="1113" source="F5" target="F6"/>
  <move id="1114" source="E5" target="F5"/>
  <move id="1115" source="F6" target="E6"/>
  <move id="1116" source="F5" target="F6"/>
  <move id="1117" source="E6" target="E5"/>
  <move id="1118" source="F6" target="F7"/>
  <move id="1119" source="K5" target="I5"/>
  <move id="1120" source="F7" target="G7"/>
  <move id="1121" source="K6" target="K7"/>
  <move id="1122" source="G7" target="H7"/>
  <move id="1123" source="K7" target="K8"/>
  <move id="1124" source="H7" target="I7"/>
  <move id="1125" source="K8" target="K9"/>
  <move id="1126" source="I7" target="I6"/>
  <move id="1127" source="I5" target="I4"/>
  <move id="1128" source="I6" target="I7"/>
  <move id="1129" source="D3" target="E3"/>
  <move id="1130" source="I7" target="H7"/>
  <move id="1131" source="E3" target="F3"/>
  <move id="1132" source="H7" target="G7"/>
  <move id="1133" source="I4" target="I5"/>
  <move id="1134" source="G7" target="F7"/>
  <move id="1135" source="I5" target="I6"/>
  <move id="1136" source="F7" target="F6"/>
  <move id="1137" source="I6" target="I7"/>
  <move id="1138" source="F6" target="F7"/>
  <move id="1139" source="I7" target="I8"/>
  <move id="1140" source="F7" target="F8"/>
  <move id="1141" source="I8" target="I7"/>
  <move id="1142" source="F8" target="G8"/>
  <move id="1143" source="K9" target="I9"/>
  <move id="1144" source="G8" target="H8"/>
  <move id="1145" source="I7" target="I6"/>
  <move id="1146" source="H8" target="I8"/>
  <move id="1147" source="I9" target="H9"/>
  <move id="1148" source="I8" target="H8"/>
  <move id="1149" source="H9" target="I9"/>
  <move id="1150" source="H8" target="I8"/>
  <move id="1151" source="I9" target="H9"/>
  <move id="1152" source="I8" target="I7"/>
  <move id="1153" source="I6" target="I5"/>
  <move id="1154" source="I7" target="H7"/>
  <move id="1155" source="F3" target="F4"/>
  <move id="1156" source="H7" target="G7"/>
  <move id="1157" source="E5" target="E4"/>
  <move id="1158" source="G7" target="F7"/>
  <move id="1159" source="E4" target="E3"/>
  <move id="1160" source="F7" target="F6"/>
  <move id="1161" source="F4" target="E4"/>
  <move id="1162" source="F6" target="F5"/>
  <move id="1163" source="E3" target="E2"/>
  <move id="1164" source="F5" target="E5"/>
  <move id="1165" source="E4" target="F4"/>
  <move id="1166" source="E5" target="F5"/>
  <move id="1167" source="F4" target="E4"/>
  <move id="1168" source="F5" target="E5"/>
  <move id="1169" source="E4" target="F4"/>
  <move id="1170" source="E5" target="E6"/>
  <move id="1171" source="H9" target="H8"/>
  <move id="1172" source="E6" target="F6"/>
  <move id="1173" source="F4" target="E4"/>
  <move id="1174" source="F6" target="E6"/>
  <move id="1175" source="E4" target="F4"/>
  <move id="1176" source="E6" target="E5"/>
  <move id="1177" source="H8" target="G8"/>
  <move id="1178" source="E5" target="E6"/>
  <move id="1179" source="I5" target="I6"/>
  <move id="1180" source="E6" target="F6"/>
  <move id="1181" source="I6" target="I7"/>
  <move id="1182" source="F6" target="F7"/>
  <move id="1183" source="I7" target="K7"/>
  <move id="1184" source="F7" target="G7"/>
  <move id="1185" source="G8" target="F8"/>
  <move id="1186" source="G7" target="G8"/>
  <move id="1187" source="F8" target="F7"/>
  <move id="1188" source="G8" target="F8"/>
  <move id="1189" source="F7" target="G7"/>
  <move id="1190" source="F8" target="F7"/>
  <move id="1191" source="G7" target="G8"/>
  <move id="1192" source="F7" target="F6"/>
  <move id="1193" source="K7" target="K8"/>
  <move id="1194" source="F6" target="F5"/>
  <move id="1195" source="F4" target="G4"/>
  <move id="1196" source="F5" target="F4"/>
  <move id="1197" source="G4" target="H4"/>
  <move id="1198" source="F4" target="F5"/>
  <move id="1199" source="K8" target="K9"/>
  <move id="1200" source="F5" target="F6"/>
  <move id="1201" source="G8" target="H8"/>
  <move id="1202" source="F6" target="F7"/>
  <move id="1203" source="K9" target="I9"/>
  <move id="1204" source="I:" target="I9"/>
  <move id="1205" source="H8" target="I8"/>
  <move id="1206" source="I9" target="K9"/>
  <move id="1207" source="H4" target="G4"/>
  <move id="1208" source="F7" target="F6"/>
  <move id="1209" source="G4" target="F4"/>
  <move id="1210" source="F6" target="F5"/>
  <move id="1211" source="F4" target="E4"/>
  <move id="1212" source="F5" target="E5"/>
  <move id="1213" source="E4" target="D4"/>
  <move id="1214" source="E5" target="E6"/>
  <move id="1215" source="E2" target="F2"/>
  <move id="1216" source="E6" target="E5"/>
  <move id="1217" source="F2" target="F3"/>
  <move id="1218" source="E5" target="E6"/>
  <move id="1219" source="D4" target="C4"/>
  <move id="1220" source="E6" target="E7"/>
  <move id="1221" source="C4" target="B4"/>
  <move id="1222" source="E7" target="D7"/>
  <player id="1">Player 1</player>
  <player id="2">Player 2</player>
  <result type="4" winner="3"/>
 </game>
</stratego>