<?xml version="1.0" encoding="UTF-8"?>
<stratego>
 <game type="classic">
  
  <field content="DBEKDEIMBEBEFEDCFJBFIGGLHHDIBFDHGDJDGHBDAA__AA__AAAA__AA__AAPNRQTRTUTPSQPWPSPSPNVNQRVOPQUQXSNYUNRPNT"/>
  <move id="1" source="F4" target="F7"/>
  <move id="2" source="A7" target="A4"/>
  <move id="3" source="K4" target="K7"/>
  <move id="4" source="I7" target="K7"/>
  <move id="5" source="B4" target="B5"/>
  <move id="6" source="A8" target="A7"/>
  <move id="7" source="B5" target="B4"/>
  <move id="8" source="A7" target="A6"/>
  <move id="9" source="B4" target="A4"/>
  <move id="10" source="A6" target="B6"/>
  <move id="11" source="B3" target="B4"/>
  <move id="12" source="A9" target="A8"/>
  <move id="13" source="A4" target="A5"/>
  <move id="14" source="A8" target="A7"/>
  <move id="15" source="B4" target="B5"/>
  <move id="16" source="A7" target="A6"/>
  <move id="17" source="B5" target="B6"/>
  <move id="18" source="A6" target="A5"/>
  <move id="19" source="C3" target="B3"/>
  <move id="20" source="A:" target="A9"/>
  <move id="21" source="D3" target="C3"/>
  <move id="22" source="A9" target="A8"/>
  <move id="23" source="C4" target="B4"/>
  <move id="24" source="A8" target="A7"/>
  <move id="25" source="D4" target="C4"/>
  <move id="26" source="A7" target="A6"/>
  <move id="27" source="C3" target="D3"/>
  <move id="28" source="F7" target="F6"/>
  <move id="29" source="D3" target="D4"/>
  <move id="30" source="F6" target="F5"/>
  <move id="31" source="B3" target="C3"/>
  <move id="32" source="F5" target="F4"/>
  <move id="33" source="B4" target="B3"/>
  <move id="34" source="E7" target="E6"/>
  <move id="35" source="C4" target="B4"/>
  <move id="36" source="E6" target="E5"/>
  <move id="37" source="B4" target="B7"/>
  <move id="38" source="E5" target="F5"/>
  <move id="39" source="D4" target="C4"/>
  <move id="40" source="E8" target="E4"/>
  <move id="41" source="E4" target="D4"/>
  <move id="42" source="D8" target="E8"/>
  <move id="43" source="D4" target="E4"/>
  <move id="44" source="E8" target="E7"/>
  <move id="45" source="C4" target="D4"/>
  <move id="46" source="E7" target="E6"/>
  <move id="47" source="D4" target="D3"/>
  <move id="48" source="E6" target="E5"/>
  <move id="49" source="E4" target="D4"/>
  <move id="50" source="E5" target="E4"/>
  <move id="51" source="D4" target="C4"/>
  <move id="52" source="A6" target="B6"/>
  <move id="53" source="C4" target="B4"/>
  <move id="54" source="B6" target="B5"/>
  <move id="55" source="B4" target="A4"/>
  <move id="56" source="A5" target="A6"/>
  <move id="57" source="B3" target="B4"/>
  <move id="58" source="B5" target="A5"/>
  <move id="59" source="D3" target="D4"/>
  <move id="60" source="A5" target="A4"/>
  <move id="61" source="E3" target="D3"/>
  <move id="62" source="A4" target="B4"/>
  <move id="63" source="F3" target="F4"/>
  <move id="64" source="E4" target="D4"/>
  <move id="65" source="F2" target="F3"/>
  <move id="66" source="E9" target="E8"/>
  <move id="67" source="D4" target="E4"/>
  <move id="68" source="F8" target="F7"/>
  <move id="69" source="E2" target="E3"/>
  <move id="70" source="F9" target="F8"/>
  <move id="71" source="E4" target="D4"/>
  <move id="72" source="E8" target="E7"/>
  <move id="73" source="E3" target="E6"/>
  <move id="74" source="E7" target="E6"/>
  <move id="75" source="F4" target="F5"/>
  <move id="76" source="E6" target="F6"/>
  <move id="77" source="F3" target="E3"/>
  <move id="78" source="C8" target="E8"/>
  <move id="79" source="D2" target="E2"/>
  <move id="80" source="E8" target="E3"/>
  <move id="81" source="D3" target="E3"/>
  <move id="82" source="B8" target="A8"/>
  <move id="83" source="D4" target="C4"/>
  <move id="84" source="B4" target="B3"/>
  <move id="85" source="C4" target="B4"/>
  <move id="86" source="B3" target="C3"/>
  <move id="87" source="B4" target="B3"/>
  <move id="88" source="C3" target="C4"/>
  <move id="89" source="B3" target="C3"/>
  <move id="90" source="C4" target="D4"/>
  <move id="91" source="C3" target="D3"/>
  <move id="92" source="D4" target="E4"/>
  <move id="93" source="D3" target="D4"/>
  <move id="94" source="E4" target="E3"/>
  <move id="95" source="D4" target="D3"/>
  <move id="96" source="E3" target="E4"/>
  <move id="97" source="D3" target="E3"/>
  <move id="98" source="E4" target="D4"/>
  <move id="99" source="E3" target="E4"/>
  <move id="100" source="D4" target="D3"/>
  <move id="101" source="E4" target="D4"/>
  <move id="102" source="D3" target="E3"/>
  <move id="103" source="D4" target="E4"/>
  <move id="104" source="E3" target="D3"/>
  <move id="105" source="E4" target="E3"/>
  <move id="106" source="D3" target="D4"/>
  <move id="107" source="E3" target="D3"/>
  <move id="108" source="D4" target="E4"/>
  <move id="109" source="D3" target="D4"/>
  <move id="110" source="E4" target="E3"/>
  <move id="111" source="D4" target="D3"/>
  <move id="112" source="E3" target="E4"/>
  <move id="113" source="D3" target="D4"/>
  <move id="114" source="E4" target="E3"/>
  <move id="115" source="D4" target="C4"/>
  <move id="116" source="F8" target="E8"/>
  <move id="117" source="C4" target="D4"/>
  <move id="118" source="E8" target="D8"/>
  <move id="119" source="D4" target="D3"/>
  <move id="120" source="E3" target="E4"/>
  <move id="121" source="D3" target="E3"/>
  <move id="122" source="E4" target="D4"/>
  <move id="123" source="E3" target="E4"/>
  <move id="124" source="D4" target="D3"/>
  <move id="125" source="E4" target="E3"/>
  <move id="126" source="D3" target="D4"/>
  <move id="127" source="E3" target="D3"/>
  <move id="128" source="D4" target="E4"/>
  <move id="129" source="D3" target="E3"/>
  <move id="130" source="E4" target="D4"/>
  <move id="131" source="E3" target="F3"/>
  <move id="132" source="F6" target="E6"/>
  <move id="133" source="F3" target="F4"/>
  <move id="134" source="D8" target="E8"/>
  <move id="135" source="F4" target="E4"/>
  <move id="136" source="D4" target="D3"/>
  <move id="137" source="G3" target="F3"/>
  <move id="138" source="F7" target="F6"/>
  <move id="139" source="E4" target="E3"/>
  <move id="140" source="D3" target="D4"/>
  <move id="141" source="F3" target="F6"/>
  <move id="142" source="F6" target="F5"/>
  <move id="143" source="G4" target="F4"/>
  <move id="144" source="F5" target="F4"/>
  <move id="145" source="H4" target="G4"/>
  <move id="146" source="G7" target="F7"/>
  <move id="147" source="G4" target="F4"/>
  <move id="148" source="F7" target="F6"/>
  <move id="149" source="E3" target="E4"/>
  <move id="150" source="D4" target="D3"/>
  <move id="151" source="F4" target="F5"/>
  <move id="152" source="F6" target="F5"/>
  <move id="153" source="H3" target="G3"/>
  <move id="154" source="G8" target="F8"/>
  <move id="155" source="G3" target="G4"/>
  <move id="156" source="H7" target="G7"/>
  <move id="157" source="G4" target="F4"/>
  <move id="158" source="F8" target="F4"/>
  <move id="159" source="F4" target="F5"/>
  <move id="160" source="G7" target="F7"/>
  <move id="161" source="F5" target="E5"/>
  <move id="162" source="K7" target="K6"/>
  <move id="163" source="E5" target="E6"/>
  <move id="164" source="K6" target="K5"/>
  <move id="165" source="E4" target="E5"/>
  <move id="166" source="E8" target="E7"/>
  <move id="167" source="G2" target="G3"/>
  <move id="168" source="D3" target="E3"/>
  <move id="169" source="E5" target="E4"/>
  <move id="170" source="E3" target="F3"/>
  <move id="171" source="E4" target="E3"/>
  <move id="172" source="F3" target="G3"/>
  <move id="173" source="E3" target="F3"/>
  <move id="174" source="G3" target="G4"/>
  <move id="175" source="F3" target="G3"/>
  <move id="176" source="G4" target="F4"/>
  <move id="177" source="G3" target="F3"/>
  <move id="178" source="F4" target="E4"/>
  <move id="179" source="F3" target="F4"/>
  <move id="180" source="E4" target="E3"/>
  <move id="181" source="F4" target="E4"/>
  <move id="182" source="E3" target="F3"/>
  <move id="183" source="E4" target="E3"/>
  <move id="184" source="F3" target="F4"/>
  <move id="185" source="E3" target="E4"/>
  <move id="186" source="F4" target="F3"/>
  <move id="187" source="E4" target="E5"/>
  <move id="188" source="I8" target="I4"/>
  <move id="189" source="K3" target="K4"/>
  <move id="190" source="K5" target="K4"/>
  <move id="191" source="E2" target="D2"/>
  <move id="192" source="F3" target="E3"/>
  <move id="193" source="F1" target="F2"/>
  <move id="194" source="E3" target="E2"/>
  <move id="195" source="E1" target="F1"/>
  <move id="196" source="E2" target="F2"/>
  <move id="197" source="F1" target="E1"/>
  <move id="198" source="F2" target="E2"/>
  <move id="199" source="E1" target="F1"/>
  <move id="200" source="E2" target="F2"/>
  <move id="201" source="F1" target="F2"/>
  <move id="202" source="K4" target="K3"/>
  <move id="203" source="E5" target="E4"/>
  <move id="204" source="K3" target="I3"/>
  <move id="205" source="E4" target="E3"/>
  <move id="206" source="I9" target="I8"/>
  <move id="207" source="E3" target="E2"/>
  <move id="208" source="F2" target="F3"/>
  <move id="209" source="E2" target="F2"/>
  <move id="210" source="F3" target="E3"/>
  <move id="211" source="F2" target="F3"/>
  <move id="212" source="E3" target="E2"/>
  <move id="213" source="F3" target="E3"/>
  <move id="214" source="E2" target="D2"/>
  <move id="215" source="E3" target="E2"/>
  <move id="216" source="D2" target="D3"/>
  <move id="217" source="E2" target="D2"/>
  <move id="218" source="D3" target="E3"/>
  <move id="219" source="D2" target="D3"/>
  <move id="220" source="E3" target="F3"/>
  <move id="221" source="D3" target="E3"/>
  <move id="222" source="F3" target="F4"/>
  <move id="223" source="E3" target="F3"/>
  <move id="224" source="F4" target="E4"/>
  <move id="225" source="F3" target="F4"/>
  <move id="226" source="E4" target="E3"/>
  <move id="227" source="F4" target="E4"/>
  <move id="228" source="E3" target="F3"/>
  <move id="229" source="E4" target="F4"/>
  <move id="230" source="F3" target="E3"/>
  <move id="231" source="F4" target="G4"/>
  <move id="232" source="I8" target="I7"/>
  <move id="233" source="G4" target="F4"/>
  <move id="234" source="I7" target="K7"/>
  <move id="235" source="F4" target="F3"/>
  <move id="236" source="E3" target="E4"/>
  <move id="237" source="F3" target="E3"/>
  <move id="238" source="E4" target="F4"/>
  <move id="239" source="E3" target="E4"/>
  <move id="240" source="F4" target="F3"/>
  <move id="241" source="E4" target="F4"/>
  <move id="242" source="F3" target="E3"/>
  <move id="243" source="F4" target="E4"/>
  <move id="244" source="E3" target="D3"/>
  <move id="245" source="E4" target="E3"/>
  <move id="246" source="D3" target="D4"/>
  <move id="247" source="E3" target="D3"/>
  <move id="248" source="D4" target="E4"/>
  <move id="249" source="D1" target="D2"/>
  <move id="250" source="K9" target="I9"/>
  <move id="251" source="D3" target="D4"/>
  <move id="252" source="E4" target="E3"/>
  <move id="253" source="D4" target="D3"/>
  <move id="254" source="E3" target="E2"/>
  <move id="255" source="D2" target="D1"/>
  <move id="256" source="E2" target="E1"/>
  <move id="257" source="D1" target="D2"/>
  <move id="258" source="E1" target="E2"/>
  <move id="259" source="D3" target="D4"/>
  <move id="260" source="E2" target="D2"/>
  <move id="261" source="D4" target="C4"/>
  <move id="262" source="D2" target="E2"/>
  <move id="263" source="C4" target="B4"/>
  <move id="264" source="E7" target="E8"/>
  <move id="265" source="B4" target="A4"/>
  <move id="266" source="A6" target="B6"/>
  <move id="267" source="A4" target="A5"/>
  <move id="268" source="E8" target="D8"/>
  <move id="269" source="A5" target="A6"/>
  <move id="270" source="B6" target="B5"/>
  <move id="271" source="A6" target="A5"/>
  <move id="272" source="B5" target="B6"/>
  <move id="273" source="A5" target="B5"/>
  <move id="274" source="B6" target="A6"/>
  <move id="275" source="B5" target="B4"/>
  <move id="276" source="I9" target="I8"/>
  <move id="277" source="B4" target="C4"/>
  <move id="278" source="I8" target="I7"/>
  <move id="279" source="C4" target="D4"/>
  <move id="280" source="I7" target="I6"/>
  <move id="281" source="D4" target="E4"/>
  <move id="282" source="D8" target="E8"/>
  <move id="283" source="E4" target="E5"/>
  <move id="284" source="E8" target="E7"/>
  <move id="285" source="E5" target="E4"/>
  <move id="286" source="I6" target="K6"/>
  <move id="287" source="E4" target="F4"/>
  <move id="288" source="K6" target="K5"/>
  <move id="289" source="A3" target="A4"/>
  <move id="290" source="A6" target="A5"/>
  <move id="291" source="A4" target="A5"/>
  <move id="292" source="E2" target="E3"/>
  <move id="293" source="F4" target="F5"/>
  <move id="294" source="E3" target="E4"/>
  <move id="295" source="F5" target="F4"/>
  <move id="296" source="E4" target="F4"/>
  <move id="297" source="H2" target="H3"/>
  <move id="298" source="K5" target="K4"/>
  <move id="299" source="H3" target="G3"/>
  <move id="300" source="K4" target="I4"/>
  <move id="301" source="G1" target="G2"/>
  <move id="302" source="I4" target="I3"/>
  <move id="303" source="G2" target="H2"/>
  <move id="304" source="K7" target="K6"/>
  <move id="305" source="G3" target="H3"/>
  <move id="306" source="I3" target="I2"/>
  <move id="307" source="H2" target="I2"/>
  <move id="308" source="K6" target="K5"/>
  <move id="309" source="H3" target="H2"/>
  <move id="310" source="K5" target="K4"/>
  <move id="311" source="K2" target="K3"/>
  <move id="312" source="K4" target="K3"/>
  <move id="313" source="I2" target="K2"/>
  <move id="314" source="K3" target="K2"/>
  <move id="315" source="B2" target="B3"/>
  <move id="316" source="E6" target="F6"/>
  <move id="317" source="C2" target="C3"/>
  <move id="318" source="E7" target="E6"/>
  <move id="319" source="C1" target="D1"/>
  <move id="320" source="E6" target="E5"/>
  <move id="321" source="D1" target="D2"/>
  <move id="322" source="E5" target="F5"/>
  <move id="323" source="C3" target="D3"/>
  <move id="324" source="F6" target="E6"/>
  <move id="325" source="D3" target="E3"/>
  <move id="326" source="E6" target="E5"/>
  <move id="327" source="E3" target="F3"/>
  <move id="328" source="E5" target="E4"/>
  <move id="329" source="F3" target="F4"/>
  <move id="330" source="E4" target="F4"/>
  <move id="331" source="D2" target="E2"/>
  <move id="332" source="F4" target="F3"/>
  <move id="333" source="E2" target="E3"/>
  <move id="334" source="F3" target="E3"/>
  <move id="335" source="B3" target="B4"/>
  <move id="336" source="F5" target="F4"/>
  <move id="337" source="B4" target="B5"/>
  <move id="338" source="F4" target="F3"/>
  <move id="339" source="B5" target="A5"/>
  <move id="340" source="F3" target="F2"/>
  <move id="341" source="H2" target="G2"/>
  <move id="342" source="F2" target="F1"/>
  <move id="343" source="G2" target="G1"/>
  <move id="344" source="F1" target="F2"/>
  <move id="345" source="G1" target="G2"/>
  <move id="346" source="F2" target="F3"/>
  <move id="347" source="K1" target="K2"/>
  <move id="348" source="G9" target="G7"/>
  <move id="349" source="K2" target="K3"/>
  <move id="350" source="G7" target="I7"/>
  <move id="351" source="K3" target="K4"/>
  <move id="352" source="I7" target="I2"/>
  <move id="353" source="G2" target="H2"/>
  <move id="354" source="I2" target="I3"/>
  <move id="355" source="K4" target="I4"/>
  <move id="356" source="I3" target="G3"/>
  <move id="357" source="I4" target="I3"/>
  <move id="358" source="G3" target="G1"/>
  <player id="1">Player 1</player>
  <player id="2">Player 2</player>
  <result type="3" winner="2"/>
 </game>
</stratego>