<?xml version="1.0" encoding="UTF-8"?>
<stratego>
 <game type="classic">
  
  <field content="FDFEDDEEBMBEBBIJBJDBFDHDEGCIDIGFHDGHKLHGAA__AA__AAAA__AA__AATSPQSRPTRSWUPVNQPPNPTXVOSNUTRNYNQUPRNQQP"/>
  <move id="1" source="F4" target="F5"/>
  <move id="2" source="B7" target="B6"/>
  <move id="3" source="F5" target="F6"/>
  <move id="4" source="B6" target="B5"/>
  <move id="5" source="E4" target="E5"/>
  <move id="6" source="A7" target="A6"/>
  <move id="7" source="F3" target="F4"/>
  <move id="8" source="A6" target="A5"/>
  <move id="9" source="F4" target="F5"/>
  <move id="10" source="C7" target="B7"/>
  <move id="11" source="E5" target="E4"/>
  <move id="12" source="B7" target="B6"/>
  <move id="13" source="E4" target="F4"/>
  <move id="14" source="B5" target="B4"/>
  <move id="15" source="C4" target="B4"/>
  <move id="16" source="B6" target="B5"/>
  <move id="17" source="B4" target="C4"/>
  <move id="18" source="B5" target="B4"/>
  <move id="19" source="I4" target="I5"/>
  <move id="20" source="A5" target="A4"/>
  <move id="21" source="B3" target="B4"/>
  <move id="22" source="A4" target="A3"/>
  <move id="23" source="C3" target="B3"/>
  <move id="24" source="A3" target="A4"/>
  <move id="25" source="B3" target="B4"/>
  <move id="26" source="A4" target="A5"/>
  <move id="27" source="B4" target="B5"/>
  <move id="28" source="A5" target="A6"/>
  <move id="29" source="B5" target="B6"/>
  <move id="30" source="A6" target="A7"/>
  <move id="31" source="B6" target="B7"/>
  <move id="32" source="C8" target="C7"/>
  <move id="33" source="D3" target="C3"/>
  <move id="34" source="C7" target="B7"/>
  <move id="35" source="B7" target="A7"/>
  <move id="36" source="B8" target="B7"/>
  <move id="37" source="C3" target="B3"/>
  <move id="38" source="D7" target="C7"/>
  <move id="39" source="E3" target="E4"/>
  <move id="40" source="B7" target="B6"/>
  <move id="41" source="B3" target="B4"/>
  <move id="42" source="C7" target="B7"/>
  <move id="43" source="F6" target="E6"/>
  <move id="44" source="B6" target="B5"/>
  <move id="45" source="K4" target="K5"/>
  <move id="46" source="B7" target="B6"/>
  <move id="47" source="E4" target="E3"/>
  <move id="48" source="B5" target="A5"/>
  <move id="49" source="E3" target="D3"/>
  <move id="50" source="B6" target="B5"/>
  <move id="51" source="D3" target="C3"/>
  <move id="52" source="A5" target="A4"/>
  <move id="53" source="B4" target="B5"/>
  <move id="54" source="B5" target="B4"/>
  <move id="55" source="C3" target="B3"/>
  <move id="56" source="B4" target="B3"/>
  <move id="57" source="E2" target="E3"/>
  <move id="58" source="A8" target="A7"/>
  <move id="59" source="E3" target="D3"/>
  <move id="60" source="A7" target="A6"/>
  <move id="61" source="D3" target="C3"/>
  <move id="62" source="A9" target="A8"/>
  <move id="63" source="C3" target="B3"/>
  <move id="64" source="A8" target="B8"/>
  <move id="65" source="B3" target="B4"/>
  <move id="66" source="A4" target="A5"/>
  <move id="67" source="B4" target="B5"/>
  <move id="68" source="B8" target="B7"/>
  <move id="69" source="D4" target="D3"/>
  <move id="70" source="B7" target="B6"/>
  <move id="71" source="D3" target="C3"/>
  <move id="72" source="B6" target="B5"/>
  <move id="73" source="C3" target="B3"/>
  <move id="74" source="A5" target="A4"/>
  <move id="75" source="B5" target="B4"/>
  <move id="76" source="A4" target="A3"/>
  <move id="77" source="B3" target="C3"/>
  <move id="78" source="B9" target="B8"/>
  <move id="79" source="B4" target="B3"/>
  <move id="80" source="A3" target="A4"/>
  <move id="81" source="C4" target="D4"/>
  <move id="82" source="B8" target="B7"/>
  <move id="83" source="D4" target="E4"/>
  <move id="84" source="B7" target="B6"/>
  <move id="85" source="C3" target="C4"/>
  <move id="86" source="B6" target="B5"/>
  <move id="87" source="C4" target="B4"/>
  <move id="88" source="B5" target="B4"/>
  <move id="89" source="B3" target="C3"/>
  <move id="90" source="B4" target="C4"/>
  <move id="91" source="C3" target="B3"/>
  <move id="92" source="C4" target="D4"/>
  <move id="93" source="E4" target="E3"/>
  <move id="94" source="D4" target="E4"/>
  <move id="95" source="G3" target="F3"/>
  <move id="96" source="E4" target="E5"/>
  <move id="97" source="E6" target="E7"/>
  <move id="98" source="E5" target="E6"/>
  <move id="99" source="E7" target="F7"/>
  <move id="100" source="E6" target="F6"/>
  <move id="101" source="F7" target="E7"/>
  <move id="102" source="F6" target="F5"/>
  <move id="103" source="E7" target="D7"/>
  <move id="104" source="D8" target="D7"/>
  <move id="105" source="E1" target="E2"/>
  <move id="106" source="F5" target="E5"/>
  <move id="107" source="E3" target="D3"/>
  <move id="108" source="E5" target="E4"/>
  <move id="109" source="D3" target="E3"/>
  <move id="110" source="E4" target="D4"/>
  <move id="111" source="F4" target="F5"/>
  <move id="112" source="G7" target="F7"/>
  <move id="113" source="F5" target="F6"/>
  <move id="114" source="D7" target="C7"/>
  <move id="115" source="G4" target="F4"/>
  <move id="116" source="C7" target="B7"/>
  <move id="117" source="F4" target="F5"/>
  <move id="118" source="B7" target="B6"/>
  <move id="119" source="H4" target="G4"/>
  <move id="120" source="B6" target="B5"/>
  <move id="121" source="B3" target="C3"/>
  <move id="122" source="B5" target="B4"/>
  <move id="123" source="G4" target="F4"/>
  <move id="124" source="B4" target="B3"/>
  <move id="125" source="C3" target="D3"/>
  <move id="126" source="D4" target="D3"/>
  <move id="127" source="E3" target="E4"/>
  <move id="128" source="D3" target="D4"/>
  <move id="129" source="E4" target="E5"/>
  <move id="130" source="B3" target="B4"/>
  <move id="131" source="E5" target="E6"/>
  <move id="132" source="B4" target="B5"/>
  <move id="133" source="E2" target="E3"/>
  <move id="134" source="B5" target="B6"/>
  <move id="135" source="E3" target="E4"/>
  <move id="136" source="D4" target="C4"/>
  <move id="137" source="E6" target="E7"/>
  <move id="138" source="F7" target="E7"/>
  <move id="139" source="F6" target="F7"/>
  <move id="140" source="F8" target="F7"/>
  <move id="141" source="F5" target="F6"/>
  <move id="142" source="B6" target="B7"/>
  <move id="143" source="F4" target="F5"/>
  <move id="144" source="C4" target="B4"/>
  <move id="145" source="F5" target="E5"/>
  <move id="146" source="B4" target="B5"/>
  <move id="147" source="F7" target="G7"/>
  <move id="148" source="B7" target="A7"/>
  <move id="149" source="H3" target="H4"/>
  <move id="150" source="H7" target="G7"/>
  <move id="151" source="F6" target="F7"/>
  <move id="152" source="B5" target="B6"/>
  <move id="153" source="E5" target="F5"/>
  <move id="154" source="B6" target="B7"/>
  <move id="155" source="E4" target="E5"/>
  <move id="156" source="B7" target="C7"/>
  <move id="157" source="E5" target="E6"/>
  <move id="158" source="A7" target="A8"/>
  <move id="159" source="F1" target="E1"/>
  <move id="160" source="A4" target="A5"/>
  <move id="161" source="E1" target="E2"/>
  <move id="162" source="A8" target="A9"/>
  <move id="163" source="E2" target="E3"/>
  <move id="164" source="A6" target="A7"/>
  <move id="165" source="E3" target="E4"/>
  <move id="166" source="A7" target="A8"/>
  <move id="167" source="E4" target="D4"/>
  <move id="168" source="A5" target="A6"/>
  <move id="169" source="D4" target="C4"/>
  <move id="170" source="A6" target="A7"/>
  <move id="171" source="C4" target="B4"/>
  <move id="172" source="A7" target="B7"/>
  <move id="173" source="B4" target="B5"/>
  <move id="174" source="A8" target="B8"/>
  <move id="175" source="B5" target="B6"/>
  <move id="176" source="B8" target="B9"/>
  <move id="177" source="K5" target="K6"/>
  <move id="178" source="B7" target="B8"/>
  <move id="179" source="F2" target="E2"/>
  <move id="180" source="C7" target="B7"/>
  <move id="181" source="B6" target="A6"/>
  <move id="182" source="B7" target="A7"/>
  <move id="183" source="A6" target="B6"/>
  <move id="184" source="A7" target="B7"/>
  <move id="185" source="B6" target="A6"/>
  <move id="186" source="B7" target="A7"/>
  <move id="187" source="A6" target="A5"/>
  <move id="188" source="A7" target="A6"/>
  <move id="189" source="A5" target="B5"/>
  <move id="190" source="A6" target="B6"/>
  <move id="191" source="B5" target="B4"/>
  <move id="192" source="B6" target="B7"/>
  <move id="193" source="E2" target="E3"/>
  <move id="194" source="B8" target="C8"/>
  <move id="195" source="E3" target="D3"/>
  <move id="196" source="B7" target="B6"/>
  <move id="197" source="B4" target="B3"/>
  <move id="198" source="B6" target="B7"/>
  <move id="199" source="B3" target="A3"/>
  <move id="200" source="B7" target="A7"/>
  <move id="201" source="A3" target="A4"/>
  <move id="202" source="A7" target="A6"/>
  <move id="203" source="D3" target="C3"/>
  <move id="204" source="A6" target="A5"/>
  <move id="205" source="A4" target="B4"/>
  <move id="206" source="A5" target="B5"/>
  <move id="207" source="B4" target="B3"/>
  <move id="208" source="B5" target="B6"/>
  <move id="209" source="B3" target="A3"/>
  <move id="210" source="B6" target="A6"/>
  <move id="211" source="A3" target="A4"/>
  <move id="212" source="A6" target="A7"/>
  <move id="213" source="A4" target="A5"/>
  <move id="214" source="A7" target="A6"/>
  <move id="215" source="A5" target="A4"/>
  <move id="216" source="A6" target="B6"/>
  <move id="217" source="A4" target="A5"/>
  <move id="218" source="B6" target="B7"/>
  <move id="219" source="A5" target="A6"/>
  <move id="220" source="B7" target="A7"/>
  <move id="221" source="A6" target="B6"/>
  <move id="222" source="C8" target="B8"/>
  <move id="223" source="C3" target="B3"/>
  <move id="224" source="A7" target="B7"/>
  <move id="225" source="B6" target="A6"/>
  <move id="226" source="B8" target="C8"/>
  <move id="227" source="B3" target="B4"/>
  <move id="228" source="C8" target="D8"/>
  <move id="229" source="H2" target="H3"/>
  <move id="230" source="B9" target="B8"/>
  <move id="231" source="H3" target="G3"/>
  <move id="232" source="D8" target="C8"/>
  <move id="233" source="G3" target="G4"/>
  <move id="234" source="C8" target="C7"/>
  <move id="235" source="G4" target="F4"/>
  <move id="236" source="C7" target="D7"/>
  <move id="237" source="F4" target="E4"/>
  <move id="238" source="B7" target="B6"/>
  <move id="239" source="A6" target="A7"/>
  <move id="240" source="B6" target="B7"/>
  <move id="241" source="A7" target="A8"/>
  <move id="242" source="B8" target="A8"/>
  <move id="243" source="B4" target="A4"/>
  <move id="244" source="B7" target="B6"/>
  <move id="245" source="A4" target="A3"/>
  <move id="246" source="B6" target="B7"/>
  <move id="247" source="E4" target="F4"/>
  <move id="248" source="B7" target="B6"/>
  <move id="249" source="A3" target="B3"/>
  <move id="250" source="B6" target="B5"/>
  <move id="251" source="B3" target="C3"/>
  <move id="252" source="B5" target="B6"/>
  <move id="253" source="F4" target="G4"/>
  <move id="254" source="B6" target="B7"/>
  <move id="255" source="H4" target="H3"/>
  <move id="256" source="B7" target="B8"/>
  <move id="257" source="G4" target="H4"/>
  <move id="258" source="B8" target="B7"/>
  <move id="259" source="I5" target="K5"/>
  <move id="260" source="B7" target="B6"/>
  <move id="261" source="I3" target="I7"/>
  <move id="262" source="I7" target="I6"/>
  <move id="263" source="H4" target="I4"/>
  <move id="264" source="I6" target="K6"/>
  <move id="265" source="I4" target="I5"/>
  <move id="266" source="K7" target="K6"/>
  <move id="267" source="I5" target="I6"/>
  <move id="268" source="B6" target="B5"/>
  <move id="269" source="I6" target="I7"/>
  <move id="270" source="H8" target="H7"/>
  <move id="271" source="I2" target="I3"/>
  <move id="272" source="H7" target="I7"/>
  <move id="273" source="I7" target="H7"/>
  <move id="274" source="G7" target="F7"/>
  <move id="275" source="H7" target="I7"/>
  <move id="276" source="A8" target="B8"/>
  <move id="277" source="I3" target="I4"/>
  <move id="278" source="B8" target="C8"/>
  <move id="279" source="I4" target="K4"/>
  <move id="280" source="C8" target="D8"/>
  <move id="281" source="K5" target="I5"/>
  <move id="282" source="D7" target="C7"/>
  <move id="283" source="K4" target="K8"/>
  <move id="284" source="D8" target="D7"/>
  <move id="285" source="I5" target="K5"/>
  <move id="286" source="D7" target="E7"/>
  <move id="287" source="F5" target="F6"/>
  <move id="288" source="E7" target="F7"/>
  <move id="289" source="F6" target="F7"/>
  <move id="290" source="B5" target="B6"/>
  <move id="291" source="E6" target="F6"/>
  <move id="292" source="B6" target="B7"/>
  <move id="293" source="F7" target="E7"/>
  <move id="294" source="B7" target="B8"/>
  <move id="295" source="E7" target="D7"/>
  <move id="296" source="C7" target="B7"/>
  <move id="297" source="D7" target="C7"/>
  <move id="298" source="B7" target="A7"/>
  <move id="299" source="B2" target="B3"/>
  <move id="300" source="G8" target="G7"/>
  <move id="301" source="F3" target="F4"/>
  <move id="302" source="G7" target="F7"/>
  <move id="303" source="F4" target="F5"/>
  <move id="304" source="F7" target="F6"/>
  <move id="305" source="F5" target="E5"/>
  <move id="306" source="D9" target="D8"/>
  <move id="307" source="I7" target="H7"/>
  <move id="308" source="D8" target="C8"/>
  <move id="309" source="C7" target="D7"/>
  <move id="310" source="E9" target="D9"/>
  <move id="311" source="H7" target="G7"/>
  <move id="312" source="D9" target="D8"/>
  <move id="313" source="G7" target="F7"/>
  <move id="314" source="D8" target="D7"/>
  <move id="315" source="D7" target="C7"/>
  <move id="316" source="C8" target="C7"/>
  <move id="317" source="F7" target="E7"/>
  <move id="318" source="B8" target="C8"/>
  <move id="319" source="E7" target="F7"/>
  <move id="320" source="C8" target="D8"/>
  <move id="321" source="F7" target="G7"/>
  <move id="322" source="H9" target="H8"/>
  <move id="323" source="G7" target="G8"/>
  <move id="324" source="H8" target="H7"/>
  <move id="325" source="G8" target="G9"/>
  <move id="326" source="H7" target="G7"/>
  <move id="327" source="E5" target="E6"/>
  <move id="328" source="G7" target="F7"/>
  <move id="329" source="C3" target="D3"/>
  <move id="330" source="F7" target="F6"/>
  <move id="331" source="E6" target="E5"/>
  <move id="332" source="F6" target="F5"/>
  <move id="333" source="E5" target="E4"/>
  <move id="334" source="F5" target="F4"/>
  <move id="335" source="E4" target="D4"/>
  <move id="336" source="C7" target="D7"/>
  <move id="337" source="D3" target="E3"/>
  <move id="338" source="F4" target="F5"/>
  <move id="339" source="E3" target="E4"/>
  <move id="340" source="F5" target="F6"/>
  <move id="341" source="E4" target="E5"/>
  <move id="342" source="D7" target="C7"/>
  <move id="343" source="E5" target="E6"/>
  <move id="344" source="F6" target="F5"/>
  <move id="345" source="G9" target="H9"/>
  <move id="346" source="C7" target="D7"/>
  <move id="347" source="H9" target="I9"/>
  <move id="348" source="D7" target="E7"/>
  <move id="349" source="E6" target="E5"/>
  <move id="350" source="F5" target="F4"/>
  <move id="351" source="I9" target="H9"/>
  <move id="352" source="E7" target="E6"/>
  <move id="353" source="E5" target="E4"/>
  <move id="354" source="F4" target="F3"/>
  <move id="355" source="D4" target="C4"/>
  <move id="356" source="E6" target="E5"/>
  <move id="357" source="E4" target="E3"/>
  <move id="358" source="F3" target="F4"/>
  <move id="359" source="B3" target="C3"/>
  <move id="360" source="D8" target="D7"/>
  <move id="361" source="H9" target="H8"/>
  <move id="362" source="A9" target="A8"/>
  <move id="363" source="H8" target="H7"/>
  <move id="364" source="D7" target="E7"/>
  <move id="365" source="H7" target="G7"/>
  <move id="366" source="A8" target="B8"/>
  <move id="367" source="G7" target="F7"/>
  <move id="368" source="E7" target="F7"/>
  <move id="369" source="C3" target="B3"/>
  <move id="370" source="F7" target="E7"/>
  <move id="371" source="E3" target="E4"/>
  <move id="372" source="F4" target="F3"/>
  <move id="373" source="E4" target="E5"/>
  <move id="374" source="B8" target="B7"/>
  <move id="375" source="E5" target="E4"/>
  <move id="376" source="B7" target="B6"/>
  <move id="377" source="H3" target="G3"/>
  <move id="378" source="B6" target="B5"/>
  <move id="379" source="G3" target="F3"/>
  <move id="380" source="B5" target="B4"/>
  <move id="381" source="C4" target="D4"/>
  <move id="382" source="B4" target="B3"/>
  <move id="383" source="E4" target="E3"/>
  <move id="384" source="B3" target="C3"/>
  <move id="385" source="E3" target="D3"/>
  <move id="386" source="C3" target="C4"/>
  <move id="387" source="D4" target="E4"/>
  <move id="388" source="D:" target="D9"/>
  <move id="389" source="B1" target="B:"/>
  <move id="390" source="D9" target="D8"/>
  <move id="391" source="H1" target="H2"/>
  <move id="392" source="E7" target="E6"/>
  <move id="393" source="H2" target="H3"/>
  <move id="394" source="D8" target="D7"/>
  <move id="395" source="H3" target="H4"/>
  <move id="396" source="D7" target="E7"/>
  <move id="397" source="H4" target="I4"/>
  <move id="398" source="E7" target="F7"/>
  <move id="399" source="I4" target="I5"/>
  <move id="400" source="F7" target="F6"/>
  <move id="401" source="D3" target="D4"/>
  <move id="402" source="F6" target="F5"/>
  <move id="403" source="F3" target="G3"/>
  <move id="404" source="F5" target="F4"/>
  <move id="405" source="I5" target="I6"/>
  <move id="406" source="C4" target="D4"/>
  <move id="407" source="E4" target="D4"/>
  <move id="408" source="C:" target="D:"/>
  <move id="409" source="I6" target="I7"/>
  <move id="410" source="F4" target="E4"/>
  <move id="411" source="D4" target="C4"/>
  <move id="412" source="D:" target="D9"/>
  <move id="413" source="I7" target="H7"/>
  <move id="414" source="D9" target="D8"/>
  <move id="415" source="H7" target="G7"/>
  <move id="416" source="D8" target="C8"/>
  <move id="417" source="G7" target="F7"/>
  <move id="418" source="C8" target="B8"/>
  <move id="419" source="F7" target="F8"/>
  <move id="420" source="E6" target="E7"/>
  <move id="421" source="C1" target="B1"/>
  <move id="422" source="E4" target="D4"/>
  <move id="423" source="C4" target="B4"/>
  <move id="424" source="D4" target="C4"/>
  <move id="425" source="B4" target="A4"/>
  <move id="426" source="C4" target="B4"/>
  <move id="427" source="A4" target="A3"/>
  <move id="428" source="B4" target="B3"/>
  <move id="429" source="A3" target="A4"/>
  <move id="430" source="A7" target="A6"/>
  <move id="431" source="G3" target="F3"/>
  <move id="432" source="A6" target="A5"/>
  <move id="433" source="G1" target="H1"/>
  <move id="434" source="A5" target="A4"/>
  <move id="435" source="B1" target="B2"/>
  <move id="436" source="B3" target="B2"/>
  <move id="437" source="H1" target="H2"/>
  <move id="438" source="B2" target="B3"/>
  <move id="439" source="H2" target="H3"/>
  <move id="440" source="B3" target="B4"/>
  <move id="441" source="F3" target="E3"/>
  <move id="442" source="B8" target="A8"/>
  <move id="443" source="E3" target="D3"/>
  <move id="444" source="C9" target="C8"/>
  <move id="445" source="D3" target="C3"/>
  <move id="446" source="A4" target="A5"/>
  <move id="447" source="H3" target="G3"/>
  <move id="448" source="C8" target="C7"/>
  <move id="449" source="G3" target="F3"/>
  <move id="450" source="A5" target="A6"/>
  <move id="451" source="C3" target="C4"/>
  <move id="452" source="B4" target="B3"/>
  <move id="453" source="F3" target="F4"/>
  <move id="454" source="C7" target="B7"/>
  <move id="455" source="F4" target="F5"/>
  <move id="456" source="A6" target="A7"/>
  <move id="457" source="K5" target="K6"/>
  <move id="458" source="B7" target="B6"/>
  <move id="459" source="K6" target="K7"/>
  <move id="460" source="A7" target="B7"/>
  <move id="461" source="K7" target="I7"/>
  <move id="462" source="B7" target="C7"/>
  <move id="463" source="F8" target="F9"/>
  <move id="464" source="F:" target="F9"/>
  <move id="465" source="I7" target="H7"/>
  <move id="466" source="C7" target="C8"/>
  <move id="467" source="H7" target="G7"/>
  <move id="468" source="C8" target="D8"/>
  <move id="469" source="G7" target="G8"/>
  <move id="470" source="D8" target="D9"/>
  <move id="471" source="G8" target="G9"/>
  <move id="472" source="D9" target="E9"/>
  <move id="473" source="G9" target="H9"/>
  <move id="474" source="B6" target="B5"/>
  <move id="475" source="H9" target="H:"/>
  <move id="476" source="I:" target="I9"/>
  <move id="477" source="H:" target="H9"/>
  <move id="478" source="I9" target="I:"/>
  <move id="479" source="D1" target="E1"/>
  <move id="480" source="F9" target="F:"/>
  <move id="481" source="E1" target="F1"/>
  <move id="482" source="E9" target="F9"/>
  <move id="483" source="F1" target="G1"/>
  <move id="484" source="F9" target="G9"/>
  <move id="485" source="H9" target="H8"/>
  <move id="486" source="B3" target="A3"/>
  <move id="487" source="C4" target="C3"/>
  <move id="488" source="B5" target="B4"/>
  <move id="489" source="G1" target="H1"/>
  <move id="490" source="A3" target="A4"/>
  <move id="491" source="H1" target="H2"/>
  <move id="492" source="A4" target="A5"/>
  <move id="493" source="H2" target="H3"/>
  <move id="494" source="E7" target="E6"/>
  <move id="495" source="H3" target="H4"/>
  <move id="496" source="A5" target="A6"/>
  <move id="497" source="K3" target="K4"/>
  <move id="498" source="A6" target="B6"/>
  <move id="499" source="K4" target="K5"/>
  <move id="500" source="B6" target="B7"/>
  <move id="501" source="K5" target="K6"/>
  <move id="502" source="G9" target="H9"/>
  <move id="503" source="H8" target="H7"/>
  <move id="504" source="H9" target="H8"/>
  <move id="505" source="H7" target="I7"/>
  <move id="506" source="E6" target="F6"/>
  <move id="507" source="F5" target="E5"/>
  <move id="508" source="B7" target="C7"/>
  <move id="509" source="K6" target="K7"/>
  <move id="510" source="C7" target="D7"/>
  <move id="511" source="I7" target="I6"/>
  <move id="512" source="F6" target="F7"/>
  <move id="513" source="K7" target="I7"/>
  <move id="514" source="F7" target="F6"/>
  <move id="515" source="I7" target="H7"/>
  <move id="516" source="H8" target="H7"/>
  <move id="517" source="I6" target="I7"/>
  <move id="518" source="D7" target="E7"/>
  <move id="519" source="E5" target="E4"/>
  <move id="520" source="F6" target="F5"/>
  <move id="521" source="E4" target="E3"/>
  <move id="522" source="F5" target="F4"/>
  <move id="523" source="E3" target="E2"/>
  <move id="524" source="F4" target="F3"/>
  <move id="525" source="I7" target="H7"/>
  <move id="526" source="E7" target="F7"/>
  <move id="527" source="H7" target="H8"/>
  <move id="528" source="F7" target="F8"/>
  <move id="529" source="H8" target="H9"/>
  <move id="530" source="F3" target="E3"/>
  <move id="531" source="E2" target="F2"/>
  <move id="532" source="E3" target="D3"/>
  <move id="533" source="H9" target="G9"/>
  <move id="534" source="D3" target="C3"/>
  <move id="535" source="F2" target="F3"/>
  <move id="536" source="C3" target="D3"/>
  <move id="537" source="F3" target="F4"/>
  <move id="538" source="D3" target="E3"/>
  <move id="539" source="F4" target="F5"/>
  <move id="540" source="E3" target="E4"/>
  <move id="541" source="F5" target="F6"/>
  <move id="542" source="E4" target="E5"/>
  <move id="543" source="F6" target="F7"/>
  <move id="544" source="E5" target="E6"/>
  <move id="545" source="F7" target="G7"/>
  <move id="546" source="E6" target="E7"/>
  <move id="547" source="G7" target="H7"/>
  <move id="548" source="E7" target="F7"/>
  <move id="549" source="H7" target="I7"/>
  <move id="550" source="F7" target="G7"/>
  <move id="551" source="H4" target="G4"/>
  <move id="552" source="B4" target="B5"/>
  <move id="553" source="G4" target="F4"/>
  <move id="554" source="G7" target="H7"/>
  <move id="555" source="I7" target="K7"/>
  <move id="556" source="H7" target="H8"/>
  <move id="557" source="F4" target="E4"/>
  <move id="558" source="H8" target="H9"/>
  <move id="559" source="G9" target="G8"/>
  <move id="560" source="F8" target="G8"/>
  <move id="561" source="E4" target="E5"/>
  <move id="562" source="G8" target="G7"/>
  <move id="563" source="E5" target="E6"/>
  <move id="564" source="G7" target="F7"/>
  <move id="565" source="K7" target="K8"/>
  <move id="566" source="H9" target="I9"/>
  <move id="567" source="A1" target="B1"/>
  <move id="568" source="F:" target="F9"/>
  <player id="1">Player 1</player>
  <player id="2">Player 2</player>
  <result type="3" winner="2"/>
 </game>
</stratego>