<?xml version="1.0" encoding="UTF-8"?>
<stratego>
 <game type="classic">
  
  <field content="EBGDIBGBEHDBFMEEEBDFDGBDKJDDDIHFJCIHLHFGAA__AA__AAAA__AA__AATQUTPSSQPTRSPXVPPUPRWQSNRPOUQQTVNYNPNNNR"/>
  <move id="1" source="E4" target="E5"/>
  <move id="2" source="F7" target="F6"/>
  <move id="3" source="E5" target="E6"/>
  <move id="4" source="F6" target="F5"/>
  <move id="5" source="F4" target="F5"/>
  <move id="6" source="F8" target="F7"/>
  <move id="7" source="G4" target="F4"/>
  <move id="8" source="F7" target="F6"/>
  <move id="9" source="E6" target="F6"/>
  <move id="10" source="E7" target="E3"/>
  <move id="11" source="F6" target="E6"/>
  <move id="12" source="E8" target="E7"/>
  <move id="13" source="E6" target="E5"/>
  <move id="14" source="E7" target="E6"/>
  <move id="15" source="E5" target="E4"/>
  <move id="16" source="E6" target="E5"/>
  <move id="17" source="I4" target="I5"/>
  <move id="18" source="E5" target="F5"/>
  <move id="19" source="F4" target="F5"/>
  <move id="20" source="K7" target="K6"/>
  <move id="21" source="F5" target="F6"/>
  <move id="22" source="G8" target="F8"/>
  <move id="23" source="E4" target="E5"/>
  <move id="24" source="K6" target="K5"/>
  <move id="25" source="E5" target="E6"/>
  <move id="26" source="K5" target="K4"/>
  <move id="27" source="K3" target="K4"/>
  <move id="28" source="I7" target="I5"/>
  <move id="29" source="E6" target="E7"/>
  <move id="30" source="K8" target="K7"/>
  <move id="31" source="E7" target="D7"/>
  <move id="32" source="C7" target="D7"/>
  <move id="33" source="G3" target="G4"/>
  <move id="34" source="K7" target="K6"/>
  <move id="35" source="K4" target="I4"/>
  <move id="36" source="K6" target="I6"/>
  <move id="37" source="I4" target="K4"/>
  <move id="38" source="I6" target="K6"/>
  <move id="39" source="G4" target="E4"/>
  <move id="40" source="K6" target="K5"/>
  <move id="41" source="E4" target="E9"/>
  <move id="42" source="K5" target="I5"/>
  <move id="43" source="I3" target="I8"/>
  <move id="44" source="A7" target="A6"/>
  <move id="45" source="H4" target="I4"/>
  <move id="46" source="A6" target="A5"/>
  <move id="47" source="I4" target="I5"/>
  <move id="48" source="A5" target="A4"/>
  <move id="49" source="I5" target="I6"/>
  <move id="50" source="A8" target="A7"/>
  <move id="51" source="I6" target="K6"/>
  <move id="52" source="A7" target="A6"/>
  <move id="53" source="K6" target="K7"/>
  <move id="54" source="A6" target="A5"/>
  <move id="55" source="K7" target="K8"/>
  <move id="56" source="A5" target="A4"/>
  <move id="57" source="B4" target="A4"/>
  <move id="58" source="B7" target="B6"/>
  <move id="59" source="H3" target="H4"/>
  <move id="60" source="B6" target="B5"/>
  <move id="61" source="H4" target="E4"/>
  <move id="62" source="B5" target="B4"/>
  <move id="63" source="E4" target="E7"/>
  <move id="64" source="C8" target="C7"/>
  <move id="65" source="E7" target="G7"/>
  <move id="66" source="B8" target="B7"/>
  <move id="67" source="D4" target="E4"/>
  <move id="68" source="B7" target="B6"/>
  <move id="69" source="E4" target="F4"/>
  <move id="70" source="B6" target="B5"/>
  <move id="71" source="B3" target="B4"/>
  <move id="72" source="B5" target="B6"/>
  <move id="73" source="D3" target="D4"/>
  <move id="74" source="B6" target="B7"/>
  <move id="75" source="D4" target="E4"/>
  <move id="76" source="A9" target="A8"/>
  <move id="77" source="E4" target="E5"/>
  <move id="78" source="A8" target="A7"/>
  <move id="79" source="E5" target="E6"/>
  <move id="80" source="A7" target="A6"/>
  <move id="81" source="E6" target="E7"/>
  <move id="82" source="C7" target="E7"/>
  <move id="83" source="A3" target="A6"/>
  <move id="84" source="A6" target="A5"/>
  <move id="85" source="I2" target="I7"/>
  <move id="86" source="A5" target="B5"/>
  <move id="87" source="B4" target="A4"/>
  <move id="88" source="B5" target="B4"/>
  <move id="89" source="A4" target="A5"/>
  <move id="90" source="B7" target="B6"/>
  <move id="91" source="A5" target="A6"/>
  <move id="92" source="B6" target="B5"/>
  <move id="93" source="A6" target="A5"/>
  <move id="94" source="B5" target="B6"/>
  <move id="95" source="I7" target="H7"/>
  <move id="96" source="A:" target="A9"/>
  <move id="97" source="K8" target="I8"/>
  <move id="98" source="A9" target="A8"/>
  <move id="99" source="I8" target="I7"/>
  <move id="100" source="A8" target="A7"/>
  <move id="101" source="I7" target="H7"/>
  <move id="102" source="H8" target="H7"/>
  <move id="103" source="K2" target="K3"/>
  <move id="104" source="A7" target="A6"/>
  <move id="105" source="K3" target="I3"/>
  <move id="106" source="A6" target="A5"/>
  <move id="107" source="C4" target="D4"/>
  <move id="108" source="B4" target="B3"/>
  <move id="109" source="D4" target="E4"/>
  <move id="110" source="A5" target="A4"/>
  <move id="111" source="E4" target="E5"/>
  <move id="112" source="B6" target="B7"/>
  <move id="113" source="E5" target="E6"/>
  <move id="114" source="B7" target="C7"/>
  <move id="115" source="E6" target="E7"/>
  <move id="116" source="C7" target="D7"/>
  <move id="117" source="E7" target="F7"/>
  <move id="118" source="G9" target="G8"/>
  <move id="119" source="F6" target="E6"/>
  <move id="120" source="A4" target="A3"/>
  <move id="121" source="E3" target="E4"/>
  <move id="122" source="A3" target="A2"/>
  <move id="123" source="E4" target="D4"/>
  <move id="124" source="A2" target="A1"/>
  <move id="125" source="D4" target="C4"/>
  <move id="126" source="A1" target="B1"/>
  <move id="127" source="F3" target="G3"/>
  <move id="128" source="B9" target="B8"/>
  <move id="129" source="G3" target="G4"/>
  <move id="130" source="B8" target="B7"/>
  <move id="131" source="C4" target="B4"/>
  <move id="132" source="B3" target="B4"/>
  <move id="133" source="E2" target="E3"/>
  <move id="134" source="B7" target="B6"/>
  <move id="135" source="E3" target="D3"/>
  <move id="136" source="B6" target="B5"/>
  <move id="137" source="D3" target="D4"/>
  <move id="138" source="B5" target="B4"/>
  <move id="139" source="D4" target="C4"/>
  <move id="140" source="B4" target="B3"/>
  <move id="141" source="C4" target="B4"/>
  <move id="142" source="B3" target="C3"/>
  <move id="143" source="C2" target="C3"/>
  <move id="144" source="F8" target="E8"/>
  <move id="145" source="G4" target="H4"/>
  <move id="146" source="F9" target="F7"/>
  <move id="147" source="H4" target="I4"/>
  <move id="148" source="B:" target="B9"/>
  <move id="149" source="I4" target="I5"/>
  <move id="150" source="B9" target="B8"/>
  <move id="151" source="I5" target="I6"/>
  <move id="152" source="B8" target="B7"/>
  <move id="153" source="I6" target="I7"/>
  <move id="154" source="H7" target="I7"/>
  <move id="155" source="I7" target="I6"/>
  <move id="156" source="B7" target="B6"/>
  <move id="157" source="I6" target="I5"/>
  <move id="158" source="B6" target="B5"/>
  <move id="159" source="I5" target="I4"/>
  <move id="160" source="B5" target="B4"/>
  <move id="161" source="E6" target="E5"/>
  <move id="162" source="B4" target="C4"/>
  <move id="163" source="C3" target="B3"/>
  <move id="164" source="C4" target="C3"/>
  <move id="165" source="B3" target="B4"/>
  <move id="166" source="D7" target="C7"/>
  <move id="167" source="E5" target="E4"/>
  <move id="168" source="C7" target="B7"/>
  <move id="169" source="E4" target="E3"/>
  <move id="170" source="C3" target="C4"/>
  <move id="171" source="B4" target="B3"/>
  <move id="172" source="B7" target="B6"/>
  <move id="173" source="E3" target="D3"/>
  <move id="174" source="B6" target="B5"/>
  <move id="175" source="I4" target="H4"/>
  <move id="176" source="B5" target="A5"/>
  <move id="177" source="I3" target="I4"/>
  <move id="178" source="A5" target="A4"/>
  <move id="179" source="I4" target="I5"/>
  <move id="180" source="A4" target="A3"/>
  <move id="181" source="I5" target="I6"/>
  <move id="182" source="A3" target="B3"/>
  <move id="183" source="D3" target="C3"/>
  <move id="184" source="C4" target="D4"/>
  <move id="185" source="F7" target="F6"/>
  <move id="186" source="D4" target="E4"/>
  <move id="187" source="F6" target="F5"/>
  <move id="188" source="E4" target="F4"/>
  <move id="189" source="C3" target="B3"/>
  <move id="190" source="F4" target="F3"/>
  <move id="191" source="B3" target="C3"/>
  <move id="192" source="F3" target="F2"/>
  <move id="193" source="C3" target="D3"/>
  <move id="194" source="E8" target="E1"/>
  <move id="195" source="D3" target="E3"/>
  <move id="196" source="H9" target="H8"/>
  <move id="197" source="H4" target="H3"/>
  <move id="198" source="H8" target="I8"/>
  <move id="199" source="H3" target="G3"/>
  <move id="200" source="I8" target="I7"/>
  <move id="201" source="G3" target="F3"/>
  <move id="202" source="I7" target="I6"/>
  <move id="203" source="F3" target="F2"/>
  <move id="204" source="I6" target="I5"/>
  <move id="205" source="F5" target="F4"/>
  <move id="206" source="I5" target="I4"/>
  <move id="207" source="K4" target="I4"/>
  <move id="208" source="K9" target="K8"/>
  <move id="209" source="E1" target="E2"/>
  <move id="210" source="K8" target="K7"/>
  <move id="211" source="E2" target="F2"/>
  <move id="212" source="K7" target="K6"/>
  <move id="213" source="F2" target="F3"/>
  <move id="214" source="K6" target="K5"/>
  <move id="215" source="F4" target="E4"/>
  <move id="216" source="K5" target="K4"/>
  <move id="217" source="E4" target="D4"/>
  <move id="218" source="K4" target="K3"/>
  <move id="219" source="F3" target="G3"/>
  <move id="220" source="K3" target="K2"/>
  <move id="221" source="K1" target="K2"/>
  <move id="222" source="F:" target="F1"/>
  <move id="223" source="G3" target="G4"/>
  <move id="224" source="D8" target="D7"/>
  <move id="225" source="G4" target="H4"/>
  <move id="226" source="D7" target="E7"/>
  <move id="227" source="H4" target="I4"/>
  <move id="228" source="E7" target="E6"/>
  <move id="229" source="I4" target="I5"/>
  <move id="230" source="E6" target="E5"/>
  <move id="231" source="I5" target="I6"/>
  <move id="232" source="G8" target="H8"/>
  <move id="233" source="I6" target="I7"/>
  <move id="234" source="H8" target="H7"/>
  <move id="235" source="I7" target="H7"/>
  <move id="236" source="G7" target="G8"/>
  <move id="237" source="H7" target="H8"/>
  <move id="238" source="G8" target="G7"/>
  <move id="239" source="H8" target="G8"/>
  <move id="240" source="G7" target="H7"/>
  <move id="241" source="K2" target="K3"/>
  <move id="242" source="E5" target="E6"/>
  <move id="243" source="K3" target="K4"/>
  <move id="244" source="E6" target="E7"/>
  <move id="245" source="K4" target="K5"/>
  <move id="246" source="E7" target="D7"/>
  <move id="247" source="K5" target="K6"/>
  <move id="248" source="H7" target="I7"/>
  <move id="249" source="G8" target="H8"/>
  <move id="250" source="D7" target="C7"/>
  <move id="251" source="H8" target="H7"/>
  <move id="252" source="I7" target="I8"/>
  <move id="253" source="K6" target="K7"/>
  <move id="254" source="C7" target="B7"/>
  <move id="255" source="K7" target="K8"/>
  <move id="256" source="B7" target="B6"/>
  <move id="257" source="K8" target="I8"/>
  <move id="258" source="B6" target="B5"/>
  <move id="259" source="E3" target="D3"/>
  <move id="260" source="B5" target="B4"/>
  <move id="261" source="D3" target="C3"/>
  <move id="262" source="B4" target="B5"/>
  <move id="263" source="I8" target="K8"/>
  <move id="264" source="B5" target="B6"/>
  <move id="265" source="H7" target="I7"/>
  <move id="266" source="B6" target="B7"/>
  <move id="267" source="I7" target="I6"/>
  <move id="268" source="B7" target="C7"/>
  <move id="269" source="I6" target="I5"/>
  <move id="270" source="C7" target="D7"/>
  <move id="271" source="K8" target="I8"/>
  <move id="272" source="D7" target="E7"/>
  <move id="273" source="I8" target="H8"/>
  <move id="274" source="E7" target="E6"/>
  <move id="275" source="C3" target="D3"/>
  <move id="276" source="E6" target="E5"/>
  <move id="277" source="D3" target="E3"/>
  <move id="278" source="E5" target="E6"/>
  <move id="279" source="H8" target="G8"/>
  <move id="280" source="E6" target="E7"/>
  <move id="281" source="G8" target="F8"/>
  <move id="282" source="E7" target="D7"/>
  <move id="283" source="F8" target="E8"/>
  <move id="284" source="D7" target="C7"/>
  <move id="285" source="E8" target="E9"/>
  <move id="286" source="C7" target="B7"/>
  <move id="287" source="E9" target="E8"/>
  <move id="288" source="B7" target="B6"/>
  <move id="289" source="E3" target="D3"/>
  <move id="290" source="B6" target="B5"/>
  <move id="291" source="D3" target="C3"/>
  <move id="292" source="B5" target="B6"/>
  <move id="293" source="E8" target="F8"/>
  <move id="294" source="B6" target="B7"/>
  <move id="295" source="F8" target="F9"/>
  <move id="296" source="B7" target="C7"/>
  <move id="297" source="F9" target="G9"/>
  <move id="298" source="C7" target="D7"/>
  <move id="299" source="G9" target="H9"/>
  <move id="300" source="D7" target="E7"/>
  <move id="301" source="H9" target="H:"/>
  <move id="302" source="E7" target="F7"/>
  <move id="303" source="C3" target="D3"/>
  <move id="304" source="F7" target="E7"/>
  <move id="305" source="D3" target="E3"/>
  <move id="306" source="E7" target="D7"/>
  <move id="307" source="C1" target="C2"/>
  <move id="308" source="D7" target="C7"/>
  <move id="309" source="D4" target="E4"/>
  <move id="310" source="C7" target="D7"/>
  <move id="311" source="E4" target="F4"/>
  <move id="312" source="D7" target="E7"/>
  <move id="313" source="C2" target="C3"/>
  <move id="314" source="E7" target="F7"/>
  <move id="315" source="C3" target="B3"/>
  <move id="316" source="F7" target="F6"/>
  <move id="317" source="E3" target="E4"/>
  <move id="318" source="F6" target="F7"/>
  <move id="319" source="B3" target="A3"/>
  <move id="320" source="F7" target="E7"/>
  <move id="321" source="A3" target="A4"/>
  <move id="322" source="E7" target="D7"/>
  <move id="323" source="A4" target="A5"/>
  <move id="324" source="D7" target="E7"/>
  <move id="325" source="A5" target="A6"/>
  <move id="326" source="E7" target="F7"/>
  <move id="327" source="A6" target="A7"/>
  <move id="328" source="F7" target="G7"/>
  <move id="329" source="A7" target="A8"/>
  <move id="330" source="G7" target="H7"/>
  <move id="331" source="I5" target="K5"/>
  <move id="332" source="H7" target="I7"/>
  <move id="333" source="F4" target="F3"/>
  <move id="334" source="I7" target="I6"/>
  <move id="335" source="E4" target="F4"/>
  <move id="336" source="I6" target="I5"/>
  <move id="337" source="K5" target="K6"/>
  <move id="338" source="I5" target="I4"/>
  <move id="339" source="F4" target="G4"/>
  <move id="340" source="I4" target="I5"/>
  <move id="341" source="A8" target="B8"/>
  <move id="342" source="I5" target="I6"/>
  <move id="343" source="K6" target="K5"/>
  <move id="344" source="I6" target="I7"/>
  <move id="345" source="F3" target="E3"/>
  <move id="346" source="I7" target="H7"/>
  <move id="347" source="G4" target="F4"/>
  <move id="348" source="H7" target="G7"/>
  <move id="349" source="B8" target="B9"/>
  <move id="350" source="G7" target="F7"/>
  <move id="351" source="B9" target="B:"/>
  <move id="352" source="F7" target="E7"/>
  <move id="353" source="D1" target="E1"/>
  <move id="354" source="E7" target="F7"/>
  <move id="355" source="E3" target="D3"/>
  <move id="356" source="F7" target="G7"/>
  <move id="357" source="E1" target="E8"/>
  <move id="358" source="G7" target="H7"/>
  <move id="359" source="E8" target="C8"/>
  <move id="360" source="H7" target="I7"/>
  <move id="361" source="C8" target="C9"/>
  <move id="362" source="C9" target="B9"/>
  <move id="363" source="B:" target="A:"/>
  <move id="364" source="B9" target="A9"/>
  <move id="365" source="A:" target="B:"/>
  <move id="366" source="A9" target="B9"/>
  <move id="367" source="G2" target="F2"/>
  <move id="368" source="B9" target="B:"/>
  <move id="369" source="F2" target="F3"/>
  <move id="370" source="I7" target="H7"/>
  <move id="371" source="F3" target="E3"/>
  <move id="372" source="H7" target="G7"/>
  <move id="373" source="E3" target="E4"/>
  <move id="374" source="G7" target="F7"/>
  <move id="375" source="E4" target="D4"/>
  <move id="376" source="F7" target="E7"/>
  <move id="377" source="D3" target="E3"/>
  <move id="378" source="E7" target="D7"/>
  <move id="379" source="F4" target="E4"/>
  <move id="380" source="D7" target="C7"/>
  <move id="381" source="D4" target="D3"/>
  <move id="382" source="C7" target="B7"/>
  <move id="383" source="E4" target="D4"/>
  <move id="384" source="B7" target="B6"/>
  <move id="385" source="E3" target="F3"/>
  <move id="386" source="B6" target="B5"/>
  <move id="387" source="D3" target="E3"/>
  <move id="388" source="B5" target="B4"/>
  <move id="389" source="E3" target="E4"/>
  <move id="390" source="B4" target="B5"/>
  <move id="391" source="E4" target="E5"/>
  <move id="392" source="B5" target="B6"/>
  <move id="393" source="E5" target="E6"/>
  <move id="394" source="B6" target="B7"/>
  <move id="395" source="E6" target="E7"/>
  <move id="396" source="B7" target="C7"/>
  <move id="397" source="E7" target="E8"/>
  <move id="398" source="C7" target="D7"/>
  <move id="399" source="E8" target="E9"/>
  <move id="400" source="D7" target="E7"/>
  <move id="401" source="E9" target="E:"/>
  <move id="402" source="E7" target="F7"/>
  <move id="403" source="E:" target="D:"/>
  <player id="1">Player 1</player>
  <player id="2">Player 2</player>
  <result type="1" winner="1"/>
 </game>
</stratego>