<?xml version="1.0" encoding="UTF-8"?>
<stratego>
 <game type="classic">
  
  <field content="MBEGIDEFBFBKHEDDJBEBGHJLHGEIGFDDCIDDHBFDAA__AA__AAAA__AA__AAPPSUTSXQPPRNWONNPVNNNRUTRVTUSRQPQYQSPPTQ"/>
  <move id="1" source="E4" target="E7"/>
  <move id="2" source="A7" target="A4"/>
  <move id="3" source="F4" target="F7"/>
  <move id="4" source="B7" target="B4"/>
  <move id="5" source="E3" target="E4"/>
  <move id="6" source="F7" target="F6"/>
  <move id="7" source="E4" target="E5"/>
  <move id="8" source="G7" target="F7"/>
  <move id="9" source="E5" target="F5"/>
  <move id="10" source="F6" target="F5"/>
  <move id="11" source="F5" target="E5"/>
  <move id="12" source="F7" target="G7"/>
  <move id="13" source="F3" target="E3"/>
  <move id="14" source="E7" target="F7"/>
  <move id="15" source="E5" target="F5"/>
  <move id="16" source="D7" target="E7"/>
  <move id="17" source="E3" target="F3"/>
  <move id="18" source="E7" target="E6"/>
  <move id="19" source="E2" target="E6"/>
  <move id="20" source="E6" target="E5"/>
  <move id="21" source="F5" target="F4"/>
  <move id="22" source="E5" target="E6"/>
  <move id="23" source="F4" target="E4"/>
  <move id="24" source="F7" target="E7"/>
  <move id="25" source="F3" target="E3"/>
  <move id="26" source="G7" target="F7"/>
  <move id="27" source="F2" target="F7"/>
  <move id="28" source="E7" target="D7"/>
  <move id="29" source="E3" target="E2"/>
  <move id="30" source="E6" target="E7"/>
  <move id="31" source="A3" target="A4"/>
  <move id="32" source="C7" target="B7"/>
  <move id="33" source="B3" target="A3"/>
  <move id="34" source="C8" target="C7"/>
  <move id="35" source="B2" target="B3"/>
  <move id="36" source="D8" target="C8"/>
  <move id="37" source="B3" target="B4"/>
  <move id="38" source="D7" target="D8"/>
  <move id="39" source="B4" target="B5"/>
  <move id="40" source="B7" target="A7"/>
  <move id="41" source="B5" target="B6"/>
  <move id="42" source="C7" target="B7"/>
  <move id="43" source="B6" target="B7"/>
  <move id="44" source="A7" target="B7"/>
  <move id="45" source="C3" target="B3"/>
  <move id="46" source="B7" target="C7"/>
  <move id="47" source="B3" target="B4"/>
  <move id="48" source="E7" target="E6"/>
  <move id="49" source="B4" target="B5"/>
  <move id="50" source="F7" target="E7"/>
  <move id="51" source="B5" target="B6"/>
  <move id="52" source="E7" target="D7"/>
  <move id="53" source="B6" target="B7"/>
  <move id="54" source="E6" target="E7"/>
  <move id="55" source="B7" target="B8"/>
  <move id="56" source="G8" target="G7"/>
  <move id="57" source="G3" target="F3"/>
  <move id="58" source="G7" target="F7"/>
  <move id="59" source="F3" target="F4"/>
  <move id="60" source="F7" target="F4"/>
  <move id="61" source="C2" target="B2"/>
  <move id="62" source="E7" target="F7"/>
  <move id="63" source="D2" target="C2"/>
  <move id="64" source="D7" target="E7"/>
  <move id="65" source="C2" target="C3"/>
  <move id="66" source="C7" target="D7"/>
  <move id="67" source="C3" target="B3"/>
  <move id="68" source="E7" target="E6"/>
  <move id="69" source="B3" target="B4"/>
  <move id="70" source="D7" target="E7"/>
  <move id="71" source="B4" target="B5"/>
  <move id="72" source="D8" target="D7"/>
  <move id="73" source="B5" target="B6"/>
  <move id="74" source="A8" target="A7"/>
  <move id="75" source="B6" target="A6"/>
  <move id="76" source="A7" target="A6"/>
  <move id="77" source="E2" target="E3"/>
  <move id="78" source="H8" target="G8"/>
  <move id="79" source="G2" target="F2"/>
  <move id="80" source="D7" target="D8"/>
  <move id="81" source="F2" target="E2"/>
  <move id="82" source="E7" target="D7"/>
  <move id="83" source="E2" target="D2"/>
  <move id="84" source="G8" target="G7"/>
  <move id="85" source="D2" target="C2"/>
  <move id="86" source="F7" target="E7"/>
  <move id="87" source="C2" target="C3"/>
  <move id="88" source="G7" target="F7"/>
  <move id="89" source="C3" target="B3"/>
  <move id="90" source="F7" target="F6"/>
  <move id="91" source="B3" target="B4"/>
  <move id="92" source="A6" target="B6"/>
  <move id="93" source="B4" target="B3"/>
  <move id="94" source="B6" target="B5"/>
  <move id="95" source="A4" target="B4"/>
  <move id="96" source="K7" target="K4"/>
  <move id="97" source="B4" target="B5"/>
  <move id="98" source="E7" target="F7"/>
  <move id="99" source="B3" target="B4"/>
  <move id="100" source="F7" target="E7"/>
  <move id="101" source="B5" target="B6"/>
  <move id="102" source="E7" target="F7"/>
  <move id="103" source="B4" target="B5"/>
  <move id="104" source="E6" target="E7"/>
  <move id="105" source="B6" target="B7"/>
  <move id="106" source="F6" target="E6"/>
  <move id="107" source="B5" target="B6"/>
  <move id="108" source="D7" target="C7"/>
  <move id="109" source="B7" target="A7"/>
  <move id="110" source="E7" target="D7"/>
  <move id="111" source="B6" target="B7"/>
  <move id="112" source="C7" target="B7"/>
  <move id="113" source="C1" target="C2"/>
  <move id="114" source="F7" target="G7"/>
  <move id="115" source="C2" target="C3"/>
  <move id="116" source="D7" target="C7"/>
  <move id="117" source="B7" target="B6"/>
  <move id="118" source="H7" target="H8"/>
  <move id="119" source="C3" target="B3"/>
  <move id="120" source="G7" target="G8"/>
  <move id="121" source="B6" target="A6"/>
  <move id="122" source="C7" target="D7"/>
  <move id="123" source="B3" target="B4"/>
  <move id="124" source="E6" target="F6"/>
  <move id="125" source="B4" target="B5"/>
  <move id="126" source="D7" target="E7"/>
  <move id="127" source="B5" target="B6"/>
  <move id="128" source="E7" target="E6"/>
  <move id="129" source="B6" target="B7"/>
  <move id="130" source="D8" target="D7"/>
  <move id="131" source="B7" target="B8"/>
  <move id="132" source="B9" target="B8"/>
  <move id="133" source="A7" target="A8"/>
  <move id="134" source="D7" target="D8"/>
  <move id="135" source="A8" target="B8"/>
  <move id="136" source="C8" target="C7"/>
  <move id="137" source="B8" target="B9"/>
  <move id="138" source="C9" target="B9"/>
  <move id="139" source="A6" target="B6"/>
  <move id="140" source="C7" target="C8"/>
  <move id="141" source="B6" target="B7"/>
  <move id="142" source="I7" target="B7"/>
  <move id="143" source="B7" target="B8"/>
  <move id="144" source="B9" target="C9"/>
  <move id="145" source="B8" target="B9"/>
  <move id="146" source="E6" target="E7"/>
  <move id="147" source="B9" target="C9"/>
  <move id="148" source="E7" target="D7"/>
  <move id="149" source="C9" target="C8"/>
  <move id="150" source="D7" target="C7"/>
  <move id="151" source="C8" target="D8"/>
  <move id="152" source="C7" target="C8"/>
  <move id="153" source="D8" target="D7"/>
  <move id="154" source="F6" target="F7"/>
  <move id="155" source="D7" target="E7"/>
  <move id="156" source="F7" target="E7"/>
  <move id="157" source="D3" target="D2"/>
  <move id="158" source="C8" target="C7"/>
  <move id="159" source="D2" target="C2"/>
  <move id="160" source="C7" target="D7"/>
  <move id="161" source="C2" target="C1"/>
  <move id="162" source="G8" target="G7"/>
  <move id="163" source="F4" target="F5"/>
  <move id="164" source="G7" target="H7"/>
  <move id="165" source="F5" target="F6"/>
  <move id="166" source="D7" target="E7"/>
  <move id="167" source="E3" target="E2"/>
  <move id="168" source="H8" target="G8"/>
  <move id="169" source="E4" target="E3"/>
  <move id="170" source="G8" target="G7"/>
  <move id="171" source="D4" target="E4"/>
  <move id="172" source="G7" target="F7"/>
  <move id="173" source="F6" target="F5"/>
  <move id="174" source="F7" target="F6"/>
  <move id="175" source="F5" target="F4"/>
  <move id="176" source="F6" target="F5"/>
  <move id="177" source="F4" target="F3"/>
  <move id="178" source="F5" target="F6"/>
  <move id="179" source="F3" target="G3"/>
  <move id="180" source="G9" target="G8"/>
  <move id="181" source="F1" target="F6"/>
  <move id="182" source="D9" target="D8"/>
  <move id="183" source="G3" target="F3"/>
  <move id="184" source="E9" target="D9"/>
  <move id="185" source="F3" target="F4"/>
  <move id="186" source="E7" target="E6"/>
  <move id="187" source="F4" target="F5"/>
  <move id="188" source="F6" target="F5"/>
  <move id="189" source="E3" target="D3"/>
  <move id="190" source="G8" target="H8"/>
  <move id="191" source="E4" target="D4"/>
  <move id="192" source="G:" target="G7"/>
  <move id="193" source="D3" target="D2"/>
  <move id="194" source="G7" target="F7"/>
  <move id="195" source="D4" target="D3"/>
  <move id="196" source="F7" target="F3"/>
  <move id="197" source="E2" target="E3"/>
  <move id="198" source="F3" target="F4"/>
  <move id="199" source="G4" target="F4"/>
  <move id="200" source="E6" target="E5"/>
  <move id="201" source="D3" target="D4"/>
  <move id="202" source="H7" target="G7"/>
  <move id="203" source="F4" target="E4"/>
  <move id="204" source="E5" target="F5"/>
  <move id="205" source="E3" target="D3"/>
  <move id="206" source="H:" target="G:"/>
  <move id="207" source="D3" target="C3"/>
  <move id="208" source="G:" target="G8"/>
  <move id="209" source="C3" target="B3"/>
  <move id="210" source="G7" target="H7"/>
  <move id="211" source="B3" target="B4"/>
  <move id="212" source="F5" target="F6"/>
  <move id="213" source="B4" target="B5"/>
  <move id="214" source="F6" target="F7"/>
  <move id="215" source="B5" target="B6"/>
  <move id="216" source="F7" target="E7"/>
  <move id="217" source="B6" target="B7"/>
  <move id="218" source="E7" target="D7"/>
  <move id="219" source="B7" target="B8"/>
  <move id="220" source="B:" target="B9"/>
  <move id="221" source="B8" target="B7"/>
  <move id="222" source="B9" target="B7"/>
  <move id="223" source="B7" target="B6"/>
  <move id="224" source="G8" target="G7"/>
  <move id="225" source="B6" target="B5"/>
  <move id="226" source="G7" target="F7"/>
  <move id="227" source="H3" target="G3"/>
  <move id="228" source="F9" target="G9"/>
  <move id="229" source="G3" target="G4"/>
  <move id="230" source="G9" target="G8"/>
  <move id="231" source="G4" target="F4"/>
  <move id="232" source="H7" target="G7"/>
  <move id="233" source="F4" target="F5"/>
  <move id="234" source="F7" target="E7"/>
  <move id="235" source="F5" target="F6"/>
  <move id="236" source="E7" target="F7"/>
  <move id="237" source="F6" target="E6"/>
  <move id="238" source="G7" target="H7"/>
  <move id="239" source="I4" target="I5"/>
  <move id="240" source="G8" target="G7"/>
  <move id="241" source="I5" target="I6"/>
  <move id="242" source="F7" target="E7"/>
  <move id="243" source="E6" target="E5"/>
  <move id="244" source="E7" target="E5"/>
  <move id="245" source="I6" target="I7"/>
  <move id="246" source="D7" target="E7"/>
  <move id="247" source="I7" target="H7"/>
  <move id="248" source="G7" target="F7"/>
  <move id="249" source="E5" target="F5"/>
  <move id="250" source="F7" target="F6"/>
  <move id="251" source="F5" target="F4"/>
  <move id="252" source="E7" target="E6"/>
  <move id="253" source="F4" target="F3"/>
  <move id="254" source="F6" target="F5"/>
  <move id="255" source="F3" target="E3"/>
  <move id="256" source="F5" target="E5"/>
  <move id="257" source="E4" target="F4"/>
  <move id="258" source="H7" target="G7"/>
  <move id="259" source="D4" target="E4"/>
  <move id="260" source="E5" target="F5"/>
  <move id="261" source="F4" target="F3"/>
  <move id="262" source="G7" target="F7"/>
  <move id="263" source="E4" target="F4"/>
  <move id="264" source="E6" target="E5"/>
  <move id="265" source="E3" target="D3"/>
  <move id="266" source="F5" target="F6"/>
  <move id="267" source="D3" target="C3"/>
  <move id="268" source="F6" target="E6"/>
  <move id="269" source="C3" target="B3"/>
  <move id="270" source="F7" target="F6"/>
  <move id="271" source="F3" target="E3"/>
  <move id="272" source="F6" target="F5"/>
  <move id="273" source="F4" target="F3"/>
  <move id="274" source="F5" target="F4"/>
  <move id="275" source="F3" target="F2"/>
  <move id="276" source="F4" target="E4"/>
  <move id="277" source="F2" target="F3"/>
  <move id="278" source="E4" target="E3"/>
  <move id="279" source="F3" target="E3"/>
  <move id="280" source="E6" target="E7"/>
  <move id="281" source="B5" target="A5"/>
  <move id="282" source="C:" target="C9"/>
  <move id="283" source="B3" target="B4"/>
  <move id="284" source="C9" target="C8"/>
  <move id="285" source="B4" target="B5"/>
  <move id="286" source="C8" target="C7"/>
  <move id="287" source="B5" target="B6"/>
  <move id="288" source="C7" target="B7"/>
  <move id="289" source="B6" target="B7"/>
  <move id="290" source="E7" target="D7"/>
  <move id="291" source="B7" target="B6"/>
  <move id="292" source="D7" target="C7"/>
  <move id="293" source="B6" target="B5"/>
  <move id="294" source="C7" target="B7"/>
  <move id="295" source="B5" target="B4"/>
  <move id="296" source="B7" target="B6"/>
  <move id="297" source="B4" target="B3"/>
  <move id="298" source="H8" target="H7"/>
  <move id="299" source="C1" target="C2"/>
  <move id="300" source="E5" target="E6"/>
  <move id="301" source="C2" target="C3"/>
  <move id="302" source="B6" target="B7"/>
  <move id="303" source="C3" target="D3"/>
  <move id="304" source="E6" target="E7"/>
  <move id="305" source="D3" target="E3"/>
  <move id="306" source="B7" target="C7"/>
  <move id="307" source="E3" target="F3"/>
  <move id="308" source="H7" target="G7"/>
  <move id="309" source="F3" target="G3"/>
  <move id="310" source="G7" target="H7"/>
  <move id="311" source="G3" target="H3"/>
  <move id="312" source="E7" target="F7"/>
  <move id="313" source="B3" target="C3"/>
  <move id="314" source="H7" target="I7"/>
  <move id="315" source="C3" target="D3"/>
  <move id="316" source="I7" target="I6"/>
  <move id="317" source="D3" target="E3"/>
  <move id="318" source="I6" target="I5"/>
  <move id="319" source="E3" target="F3"/>
  <move id="320" source="C7" target="C8"/>
  <move id="321" source="F3" target="G3"/>
  <move id="322" source="F7" target="E7"/>
  <move id="323" source="G3" target="F3"/>
  <move id="324" source="I5" target="I6"/>
  <move id="325" source="F3" target="F4"/>
  <move id="326" source="I6" target="I7"/>
  <move id="327" source="F4" target="F5"/>
  <move id="328" source="I7" target="H7"/>
  <move id="329" source="F5" target="F6"/>
  <move id="330" source="H7" target="G7"/>
  <move id="331" source="F6" target="F5"/>
  <move id="332" source="G7" target="G8"/>
  <move id="333" source="F5" target="F6"/>
  <move id="334" source="G8" target="G7"/>
  <move id="335" source="A3" target="B3"/>
  <move id="336" source="G7" target="F7"/>
  <move id="337" source="B3" target="B4"/>
  <move id="338" source="F7" target="G7"/>
  <move id="339" source="B4" target="B5"/>
  <move id="340" source="E7" target="D7"/>
  <move id="341" source="F6" target="F7"/>
  <move id="342" source="G7" target="F7"/>
  <move id="343" source="F7" target="F6"/>
  <move id="344" source="D7" target="C7"/>
  <move id="345" source="F6" target="F5"/>
  <move id="346" source="C7" target="B7"/>
  <move id="347" source="B5" target="B4"/>
  <move id="348" source="C8" target="C7"/>
  <move id="349" source="A5" target="A4"/>
  <move id="350" source="C7" target="D7"/>
  <move id="351" source="B4" target="B3"/>
  <move id="352" source="D7" target="E7"/>
  <move id="353" source="B3" target="C3"/>
  <move id="354" source="E7" target="E6"/>
  <move id="355" source="C3" target="D3"/>
  <move id="356" source="E6" target="F6"/>
  <move id="357" source="F5" target="E5"/>
  <move id="358" source="B7" target="C7"/>
  <move id="359" source="D3" target="E3"/>
  <move id="360" source="F6" target="F5"/>
  <move id="361" source="E5" target="E4"/>
  <move id="362" source="C7" target="D7"/>
  <move id="363" source="E3" target="F3"/>
  <move id="364" source="D7" target="E7"/>
  <move id="365" source="F3" target="F4"/>
  <move id="366" source="F5" target="F6"/>
  <move id="367" source="F4" target="F5"/>
  <move id="368" source="F6" target="F7"/>
  <move id="369" source="F5" target="F6"/>
  <move id="370" source="F7" target="G7"/>
  <move id="371" source="E4" target="E3"/>
  <move id="372" source="G7" target="F7"/>
  <move id="373" source="E3" target="D3"/>
  <move id="374" source="F7" target="F6"/>
  <move id="375" source="D3" target="C3"/>
  <move id="376" source="F6" target="F5"/>
  <move id="377" source="C3" target="D3"/>
  <move id="378" source="F5" target="F4"/>
  <move id="379" source="D3" target="D4"/>
  <move id="380" source="E7" target="E6"/>
  <move id="381" source="D4" target="D3"/>
  <move id="382" source="F4" target="E4"/>
  <move id="383" source="D3" target="C3"/>
  <move id="384" source="E4" target="D4"/>
  <move id="385" source="C3" target="B3"/>
  <move id="386" source="D4" target="C4"/>
  <move id="387" source="A4" target="B4"/>
  <move id="388" source="C4" target="D4"/>
  <move id="389" source="B4" target="C4"/>
  <move id="390" source="D4" target="E4"/>
  <move id="391" source="C4" target="D4"/>
  <move id="392" source="E4" target="F4"/>
  <move id="393" source="D4" target="E4"/>
  <move id="394" source="F4" target="F5"/>
  <move id="395" source="E4" target="F4"/>
  <move id="396" source="F5" target="F6"/>
  <move id="397" source="B3" target="C3"/>
  <move id="398" source="F6" target="F7"/>
  <move id="399" source="F4" target="F5"/>
  <move id="400" source="H9" target="H8"/>
  <move id="401" source="C3" target="C4"/>
  <move id="402" source="E6" target="F6"/>
  <move id="403" source="F5" target="E5"/>
  <move id="404" source="F6" target="E6"/>
  <move id="405" source="E5" target="F5"/>
  <move id="406" source="E6" target="F6"/>
  <move id="407" source="F5" target="E5"/>
  <move id="408" source="H8" target="H7"/>
  <move id="409" source="C4" target="B4"/>
  <move id="410" source="A:" target="B:"/>
  <move id="411" source="B4" target="B5"/>
  <move id="412" source="F6" target="E6"/>
  <move id="413" source="E5" target="F5"/>
  <move id="414" source="B:" target="B9"/>
  <move id="415" source="B5" target="B6"/>
  <move id="416" source="B9" target="B8"/>
  <move id="417" source="B6" target="B7"/>
  <move id="418" source="B8" target="B7"/>
  <move id="419" source="B7" target="B6"/>
  <move id="420" source="E6" target="F6"/>
  <move id="421" source="F5" target="E5"/>
  <move id="422" source="F7" target="E7"/>
  <move id="423" source="B6" target="B5"/>
  <move id="424" source="E7" target="D7"/>
  <move id="425" source="B5" target="B4"/>
  <move id="426" source="D7" target="C7"/>
  <move id="427" source="B4" target="B3"/>
  <move id="428" source="C7" target="B7"/>
  <move id="429" source="B3" target="C3"/>
  <move id="430" source="B7" target="B6"/>
  <move id="431" source="C3" target="D3"/>
  <move id="432" source="B6" target="B5"/>
  <move id="433" source="D3" target="E3"/>
  <move id="434" source="B5" target="B4"/>
  <move id="435" source="E3" target="F3"/>
  <move id="436" source="B4" target="B3"/>
  <move id="437" source="F3" target="G3"/>
  <move id="438" source="B3" target="C3"/>
  <move id="439" source="E5" target="E4"/>
  <move id="440" source="F6" target="F5"/>
  <move id="441" source="E4" target="D4"/>
  <move id="442" source="F5" target="F6"/>
  <move id="443" source="D4" target="D3"/>
  <move id="444" source="C3" target="C4"/>
  <move id="445" source="D3" target="D4"/>
  <move id="446" source="C4" target="B4"/>
  <move id="447" source="D4" target="C4"/>
  <move id="448" source="B4" target="B5"/>
  <move id="449" source="C4" target="B4"/>
  <move id="450" source="B5" target="B6"/>
  <move id="451" source="B4" target="B5"/>
  <move id="452" source="B6" target="B7"/>
  <move id="453" source="B5" target="B4"/>
  <move id="454" source="F6" target="F5"/>
  <move id="455" source="B4" target="B5"/>
  <move id="456" source="F5" target="F4"/>
  <move id="457" source="B5" target="B6"/>
  <move id="458" source="B7" target="C7"/>
  <move id="459" source="B6" target="B7"/>
  <move id="460" source="C7" target="D7"/>
  <move id="461" source="B7" target="C7"/>
  <move id="462" source="D7" target="E7"/>
  <move id="463" source="C7" target="B7"/>
  <move id="464" source="E7" target="E6"/>
  <move id="465" source="B7" target="B6"/>
  <move id="466" source="E6" target="E5"/>
  <move id="467" source="B6" target="B5"/>
  <move id="468" source="E5" target="E4"/>
  <move id="469" source="B5" target="B4"/>
  <move id="470" source="E4" target="E3"/>
  <move id="471" source="B4" target="B3"/>
  <move id="472" source="E3" target="F3"/>
  <move id="473" source="G3" target="G2"/>
  <move id="474" source="F3" target="F2"/>
  <move id="475" source="G2" target="G3"/>
  <move id="476" source="F2" target="G2"/>
  <move id="477" source="B3" target="C3"/>
  <move id="478" source="G2" target="G3"/>
  <move id="479" source="H3" target="G3"/>
  <move id="480" source="F4" target="F5"/>
  <move id="481" source="G3" target="F3"/>
  <move id="482" source="F5" target="E5"/>
  <move id="483" source="F3" target="E3"/>
  <move id="484" source="H7" target="G7"/>
  <move id="485" source="E3" target="E4"/>
  <move id="486" source="G7" target="F7"/>
  <move id="487" source="E1" target="E2"/>
  <move id="488" source="F7" target="F6"/>
  <move id="489" source="E2" target="E3"/>
  <move id="490" source="F6" target="F5"/>
  <move id="491" source="E3" target="F3"/>
  <move id="492" source="E5" target="E4"/>
  <move id="493" source="F3" target="F4"/>
  <move id="494" source="F5" target="F6"/>
  <move id="495" source="F4" target="E4"/>
  <move id="496" source="F6" target="F7"/>
  <move id="497" source="E4" target="D4"/>
  <move id="498" source="F7" target="F6"/>
  <move id="499" source="D4" target="E4"/>
  <move id="500" source="F6" target="F7"/>
  <move id="501" source="G1" target="G2"/>
  <move id="502" source="D8" target="D7"/>
  <move id="503" source="G2" target="G3"/>
  <move id="504" source="F7" target="F6"/>
  <move id="505" source="E4" target="E5"/>
  <move id="506" source="F6" target="E6"/>
  <move id="507" source="E5" target="E6"/>
  <move id="508" source="D9" target="C9"/>
  <move id="509" source="D2" target="D3"/>
  <move id="510" source="C9" target="C8"/>
  <move id="511" source="D3" target="D4"/>
  <move id="512" source="C8" target="C7"/>
  <move id="513" source="D4" target="E4"/>
  <move id="514" source="C7" target="B7"/>
  <move id="515" source="E4" target="E5"/>
  <move id="516" source="B7" target="B6"/>
  <move id="517" source="E5" target="E6"/>
  <move id="518" source="B6" target="B5"/>
  <move id="519" source="B2" target="B3"/>
  <move id="520" source="B5" target="A5"/>
  <move id="521" source="B3" target="B4"/>
  <move id="522" source="D7" target="C7"/>
  <move id="523" source="E6" target="E7"/>
  <move id="524" source="A5" target="A6"/>
  <move id="525" source="E7" target="D7"/>
  <move id="526" source="C7" target="D7"/>
  <move id="527" source="B4" target="B5"/>
  <move id="528" source="A6" target="A7"/>
  <move id="529" source="B5" target="B6"/>
  <move id="530" source="F:" target="F9"/>
  <move id="531" source="G3" target="F3"/>
  <move id="532" source="F9" target="G9"/>
  <move id="533" source="F3" target="F4"/>
  <move id="534" source="G9" target="G8"/>
  <move id="535" source="F4" target="F5"/>
  <move id="536" source="G8" target="G7"/>
  <move id="537" source="F5" target="E5"/>
  <move id="538" source="G7" target="H7"/>
  <move id="539" source="E5" target="E6"/>
  <move id="540" source="H7" target="I7"/>
  <move id="541" source="E6" target="E7"/>
  <move id="542" source="I7" target="I6"/>
  <move id="543" source="E7" target="E8"/>
  <move id="544" source="I6" target="I5"/>
  <move id="545" source="E8" target="E9"/>
  <move id="546" source="E:" target="E9"/>
  <move id="547" source="C3" target="D3"/>
  <move id="548" source="I9" target="H9"/>
  <move id="549" source="D3" target="E3"/>
  <move id="550" source="H9" target="H8"/>
  <move id="551" source="E3" target="E4"/>
  <move id="552" source="H8" target="H7"/>
  <move id="553" source="E4" target="E5"/>
  <move id="554" source="H7" target="G7"/>
  <move id="555" source="E5" target="E6"/>
  <move id="556" source="G7" target="F7"/>
  <move id="557" source="E6" target="E7"/>
  <move id="558" source="F7" target="E7"/>
  <move id="559" source="D1" target="D2"/>
  <move id="560" source="I5" target="I4"/>
  <move id="561" source="I3" target="I4"/>
  <move id="562" source="A7" target="A8"/>
  <move id="563" source="B6" target="B7"/>
  <move id="564" source="I:" target="H:"/>
  <move id="565" source="K3" target="K4"/>
  <move id="566" source="H:" target="H9"/>
  <move id="567" source="K4" target="K5"/>
  <move id="568" source="H9" target="H8"/>
  <move id="569" source="K5" target="K6"/>
  <move id="570" source="H8" target="H7"/>
  <move id="571" source="K6" target="I6"/>
  <move id="572" source="H7" target="I7"/>
  <move id="573" source="I6" target="I7"/>
  <move id="574" source="I7" target="I6"/>
  <move id="575" source="B7" target="B8"/>
  <move id="576" source="A8" target="A7"/>
  <move id="577" source="D2" target="D3"/>
  <move id="578" source="I6" target="I5"/>
  <move id="579" source="D3" target="C3"/>
  <move id="580" source="I5" target="I4"/>
  <move id="581" source="C3" target="B3"/>
  <move id="582" source="I4" target="I3"/>
  <move id="583" source="B3" target="B4"/>
  <move id="584" source="I3" target="H3"/>
  <move id="585" source="B4" target="B5"/>
  <move id="586" source="H3" target="H2"/>
  <move id="587" source="B5" target="B6"/>
  <move id="588" source="K:" target="I:"/>
  <move id="589" source="B6" target="A6"/>
  <move id="590" source="A7" target="A6"/>
  <move id="591" source="I2" target="I3"/>
  <move id="592" source="I:" target="H:"/>
  <move id="593" source="I3" target="H3"/>
  <move id="594" source="H:" target="H9"/>
  <move id="595" source="B8" target="C8"/>
  <move id="596" source="H9" target="H8"/>
  <move id="597" source="C8" target="D8"/>
  <move id="598" source="H8" target="H7"/>
  <move id="599" source="D8" target="E8"/>
  <move id="600" source="H7" target="G7"/>
  <move id="601" source="E8" target="E7"/>
  <move id="602" source="G7" target="H7"/>
  <move id="603" source="E7" target="F7"/>
  <move id="604" source="H7" target="H8"/>
  <move id="605" source="H3" target="G3"/>
  <move id="606" source="H8" target="H7"/>
  <move id="607" source="G3" target="F3"/>
  <move id="608" source="H7" target="I7"/>
  <move id="609" source="F3" target="E3"/>
  <move id="610" source="I7" target="I6"/>
  <move id="611" source="H1" target="G1"/>
  <move id="612" source="I6" target="I5"/>
  <move id="613" source="G1" target="G2"/>
  <move id="614" source="I5" target="I4"/>
  <move id="615" source="G2" target="G3"/>
  <move id="616" source="I4" target="I3"/>
  <move id="617" source="G3" target="H3"/>
  <move id="618" source="I3" target="K3"/>
  <move id="619" source="H3" target="I3"/>
  <move id="620" source="K3" target="K2"/>
  <move id="621" source="E3" target="E4"/>
  <move id="622" source="K2" target="K1"/>
  <move id="623" source="E4" target="E5"/>
  <move id="624" source="K9" target="I9"/>
  <move id="625" source="E5" target="E6"/>
  <move id="626" source="I9" target="H9"/>
  <move id="627" source="E6" target="E7"/>
  <move id="628" source="H9" target="H8"/>
  <move id="629" source="E7" target="E8"/>
  <move id="630" source="H8" target="H7"/>
  <move id="631" source="E8" target="E9"/>
  <move id="632" source="H7" target="I7"/>
  <move id="633" source="E9" target="E:"/>
  <player id="1">Player 1</player>
  <player id="2">Player 2</player>
  <result type="3" winner="1"/>
 </game>
</stratego>