<?xml version="1.0" encoding="UTF-8"?>
<stratego>
 <game type="classic">
  
  <field content="FGEHFGBMBGDBEHEHEBHEBIDJFDCGDIFBJDDIKLDDAA__AA__AAAA__AA__AARPNPPRXPPRUTPVSUTVTUPRTOWNQSNSNSYQNQQNQP"/>
  <move id="1" source="K4" target="K7"/>
  <move id="2" source="F7" target="F6"/>
  <move id="3" source="K3" target="K4"/>
  <move id="4" source="F6" target="F5"/>
  <move id="5" source="K4" target="K5"/>
  <move id="6" source="E7" target="E6"/>
  <move id="7" source="E4" target="E6"/>
  <move id="8" source="F5" target="F6"/>
  <move id="9" source="K5" target="K6"/>
  <move id="10" source="F6" target="F7"/>
  <move id="11" source="I4" target="I7"/>
  <move id="12" source="H7" target="I7"/>
  <move id="13" source="I3" target="I7"/>
  <move id="14" source="I8" target="I7"/>
  <move id="15" source="I2" target="I3"/>
  <move id="16" source="E8" target="E7"/>
  <move id="17" source="I3" target="I4"/>
  <move id="18" source="E7" target="E6"/>
  <move id="19" source="K2" target="K3"/>
  <move id="20" source="E6" target="E5"/>
  <move id="21" source="K1" target="K2"/>
  <move id="22" source="G7" target="H7"/>
  <move id="23" source="K3" target="K4"/>
  <move id="24" source="F7" target="F6"/>
  <move id="25" source="K2" target="K3"/>
  <move id="26" source="E5" target="E6"/>
  <move id="27" source="H3" target="I3"/>
  <move id="28" source="E6" target="E7"/>
  <move id="29" source="I4" target="I5"/>
  <move id="30" source="H8" target="I8"/>
  <move id="31" source="I3" target="I4"/>
  <move id="32" source="E7" target="E8"/>
  <move id="33" source="I5" target="I6"/>
  <move id="34" source="F6" target="F7"/>
  <move id="35" source="I6" target="I7"/>
  <move id="36" source="I8" target="I7"/>
  <move id="37" source="K6" target="K7"/>
  <move id="38" source="I7" target="K7"/>
  <move id="39" source="K3" target="I3"/>
  <move id="40" source="F7" target="F6"/>
  <move id="41" source="K4" target="K3"/>
  <move id="42" source="H7" target="H8"/>
  <move id="43" source="I4" target="K4"/>
  <move id="44" source="G8" target="G7"/>
  <move id="45" source="H4" target="I4"/>
  <move id="46" source="G7" target="H7"/>
  <move id="47" source="I4" target="I5"/>
  <move id="48" source="H8" target="I8"/>
  <move id="49" source="F4" target="F5"/>
  <move id="50" source="F6" target="F7"/>
  <move id="51" source="F5" target="F6"/>
  <move id="52" source="H7" target="G7"/>
  <move id="53" source="F6" target="F7"/>
  <move id="54" source="F8" target="F7"/>
  <move id="55" source="F3" target="F9"/>
  <move id="56" source="K7" target="I7"/>
  <move id="57" source="G4" target="F4"/>
  <move id="58" source="I7" target="H7"/>
  <move id="59" source="F4" target="F5"/>
  <move id="60" source="D7" target="E7"/>
  <move id="61" source="E3" target="E4"/>
  <move id="62" source="E7" target="F7"/>
  <move id="63" source="E4" target="E5"/>
  <move id="64" source="F7" target="F5"/>
  <move id="65" source="F2" target="F3"/>
  <move id="66" source="G7" target="F7"/>
  <move id="67" source="F5" target="F4"/>
  <move id="68" source="F7" target="F6"/>
  <move id="69" source="E5" target="F5"/>
  <move id="70" source="F6" target="E6"/>
  <move id="71" source="D4" target="E4"/>
  <move id="72" source="G9" target="G8"/>
  <move id="73" source="E4" target="E6"/>
  <move id="74" source="G8" target="F8"/>
  <move id="75" source="F3" target="E3"/>
  <move id="76" source="H7" target="H8"/>
  <move id="77" source="F4" target="E4"/>
  <move id="78" source="E6" target="E7"/>
  <move id="79" source="E4" target="E5"/>
  <move id="80" source="E7" target="F7"/>
  <move id="81" source="E5" target="E6"/>
  <move id="82" source="F7" target="G7"/>
  <move id="83" source="E6" target="F6"/>
  <move id="84" source="G7" target="G8"/>
  <move id="85" source="E3" target="E4"/>
  <move id="86" source="G8" target="G9"/>
  <move id="87" source="E4" target="E5"/>
  <move id="88" source="H8" target="H7"/>
  <move id="89" source="E5" target="E6"/>
  <move id="90" source="I8" target="H8"/>
  <move id="91" source="E6" target="E7"/>
  <move id="92" source="H8" target="G8"/>
  <move id="93" source="E7" target="E8"/>
  <move id="94" source="D8" target="E8"/>
  <move id="95" source="F6" target="F7"/>
  <move id="96" source="E8" target="D8"/>
  <move id="97" source="F7" target="E7"/>
  <move id="98" source="H7" target="H8"/>
  <move id="99" source="E7" target="E8"/>
  <move id="100" source="D8" target="D7"/>
  <move id="101" source="E8" target="E7"/>
  <move id="102" source="D7" target="D8"/>
  <move id="103" source="F5" target="E5"/>
  <move id="104" source="G8" target="G7"/>
  <move id="105" source="E5" target="E6"/>
  <move id="106" source="G7" target="F7"/>
  <move id="107" source="E7" target="D7"/>
  <move id="108" source="D8" target="E8"/>
  <move id="109" source="D7" target="D8"/>
  <move id="110" source="E8" target="E7"/>
  <move id="111" source="E6" target="F6"/>
  <move id="112" source="F7" target="G7"/>
  <move id="113" source="D8" target="E8"/>
  <move id="114" source="E7" target="D7"/>
  <move id="115" source="E8" target="E7"/>
  <move id="116" source="D7" target="D8"/>
  <move id="117" source="F6" target="E6"/>
  <move id="118" source="F8" target="G8"/>
  <move id="119" source="E7" target="E8"/>
  <move id="120" source="D8" target="D7"/>
  <move id="121" source="E6" target="E7"/>
  <move id="122" source="H8" target="H7"/>
  <move id="123" source="E8" target="D8"/>
  <move id="124" source="D7" target="E7"/>
  <move id="125" source="D8" target="E8"/>
  <move id="126" source="E7" target="D7"/>
  <move id="127" source="E8" target="E7"/>
  <move id="128" source="D7" target="D8"/>
  <move id="129" source="D3" target="D4"/>
  <move id="130" source="G8" target="H8"/>
  <move id="131" source="D4" target="E4"/>
  <move id="132" source="H8" target="I8"/>
  <move id="133" source="E4" target="E5"/>
  <move id="134" source="I8" target="I7"/>
  <move id="135" source="E5" target="E6"/>
  <move id="136" source="I7" target="I6"/>
  <move id="137" source="E7" target="E8"/>
  <move id="138" source="D8" target="D7"/>
  <move id="139" source="E6" target="E7"/>
  <move id="140" source="G7" target="G8"/>
  <move id="141" source="E8" target="D8"/>
  <move id="142" source="D7" target="E7"/>
  <move id="143" source="I5" target="I6"/>
  <move id="144" source="H7" target="H8"/>
  <move id="145" source="I6" target="I5"/>
  <move id="146" source="G8" target="F8"/>
  <move id="147" source="I5" target="I4"/>
  <move id="148" source="F8" target="E8"/>
  <move id="149" source="D8" target="E8"/>
  <move id="150" source="E8" target="E7"/>
  <move id="151" source="I4" target="H4"/>
  <move id="152" source="E7" target="E6"/>
  <move id="153" source="H4" target="G4"/>
  <move id="154" source="E6" target="E5"/>
  <move id="155" source="G4" target="F4"/>
  <move id="156" source="H8" target="H7"/>
  <move id="157" source="E2" target="E3"/>
  <move id="158" source="H7" target="I7"/>
  <move id="159" source="F4" target="E4"/>
  <move id="160" source="E5" target="F5"/>
  <move id="161" source="G3" target="F3"/>
  <move id="162" source="I7" target="K7"/>
  <move id="163" source="E4" target="F4"/>
  <move id="164" source="F5" target="E5"/>
  <move id="165" source="K4" target="K5"/>
  <move id="166" source="K7" target="K6"/>
  <move id="167" source="I3" target="H3"/>
  <move id="168" source="K6" target="K5"/>
  <move id="169" source="K3" target="I3"/>
  <move id="170" source="K5" target="I5"/>
  <move id="171" source="I3" target="K3"/>
  <move id="172" source="I5" target="K5"/>
  <move id="173" source="K3" target="I3"/>
  <move id="174" source="K5" target="I5"/>
  <move id="175" source="I3" target="K3"/>
  <move id="176" source="I5" target="K5"/>
  <move id="177" source="K3" target="I3"/>
  <move id="178" source="K5" target="I5"/>
  <move id="179" source="I3" target="I2"/>
  <move id="180" source="I5" target="I4"/>
  <move id="181" source="F4" target="G4"/>
  <move id="182" source="I4" target="I3"/>
  <move id="183" source="G4" target="H4"/>
  <move id="184" source="I3" target="K3"/>
  <move id="185" source="H4" target="I4"/>
  <move id="186" source="E9" target="E8"/>
  <move id="187" source="I4" target="K4"/>
  <move id="188" source="K3" target="I3"/>
  <move id="189" source="K4" target="I4"/>
  <move id="190" source="I3" target="K3"/>
  <move id="191" source="I4" target="I3"/>
  <move id="192" source="K3" target="K4"/>
  <move id="193" source="I3" target="K3"/>
  <move id="194" source="K4" target="I4"/>
  <move id="195" source="K3" target="I3"/>
  <move id="196" source="I4" target="K4"/>
  <move id="197" source="I3" target="I4"/>
  <move id="198" source="K4" target="K3"/>
  <move id="199" source="I4" target="I3"/>
  <move id="200" source="K3" target="K2"/>
  <move id="201" source="I3" target="K3"/>
  <move id="202" source="K2" target="I2"/>
  <move id="203" source="K3" target="I3"/>
  <move id="204" source="I2" target="K2"/>
  <move id="205" source="I3" target="K3"/>
  <move id="206" source="K2" target="I2"/>
  <move id="207" source="K3" target="I3"/>
  <move id="208" source="I2" target="K2"/>
  <move id="209" source="A4" target="A5"/>
  <move id="210" source="E8" target="E7"/>
  <move id="211" source="A5" target="A6"/>
  <move id="212" source="E7" target="E6"/>
  <move id="213" source="A6" target="A7"/>
  <move id="214" source="E6" target="F6"/>
  <move id="215" source="I3" target="K3"/>
  <move id="216" source="K2" target="I2"/>
  <move id="217" source="H3" target="I3"/>
  <move id="218" source="F6" target="F5"/>
  <move id="219" source="K3" target="K2"/>
  <move id="220" source="I2" target="I3"/>
  <move id="221" source="K2" target="K3"/>
  <move id="222" source="I3" target="I4"/>
  <move id="223" source="K3" target="I3"/>
  <move id="224" source="I4" target="K4"/>
  <move id="225" source="E1" target="E2"/>
  <move id="226" source="F5" target="F4"/>
  <move id="227" source="F3" target="F4"/>
  <move id="228" source="F4" target="F3"/>
  <move id="229" source="I3" target="H3"/>
  <move id="230" source="F3" target="E3"/>
  <move id="231" source="H3" target="G3"/>
  <move id="232" source="E3" target="E2"/>
  <move id="233" source="G3" target="F3"/>
  <move id="234" source="E5" target="E6"/>
  <move id="235" source="F3" target="E3"/>
  <move id="236" source="E2" target="F2"/>
  <move id="237" source="E3" target="F3"/>
  <move id="238" source="F2" target="E2"/>
  <move id="239" source="F3" target="E3"/>
  <move id="240" source="E2" target="F2"/>
  <move id="241" source="E3" target="F3"/>
  <move id="242" source="F2" target="E2"/>
  <move id="243" source="F3" target="F2"/>
  <move id="244" source="E2" target="E3"/>
  <move id="245" source="F2" target="E2"/>
  <move id="246" source="E3" target="F3"/>
  <move id="247" source="E2" target="F2"/>
  <move id="248" source="F3" target="E3"/>
  <move id="249" source="F2" target="E2"/>
  <move id="250" source="E3" target="F3"/>
  <move id="251" source="E2" target="E3"/>
  <move id="252" source="F3" target="F4"/>
  <move id="253" source="E3" target="F3"/>
  <move id="254" source="F4" target="E4"/>
  <move id="255" source="D2" target="E2"/>
  <move id="256" source="E6" target="E7"/>
  <move id="257" source="F3" target="E3"/>
  <move id="258" source="E4" target="F4"/>
  <move id="259" source="F1" target="F2"/>
  <move id="260" source="B7" target="B4"/>
  <move id="261" source="E3" target="F3"/>
  <move id="262" source="F4" target="E4"/>
  <move id="263" source="E2" target="E3"/>
  <move id="264" source="A8" target="A7"/>
  <move id="265" source="F3" target="F4"/>
  <move id="266" source="E4" target="E3"/>
  <move id="267" source="F4" target="E4"/>
  <move id="268" source="E3" target="F3"/>
  <move id="269" source="E4" target="F4"/>
  <move id="270" source="F3" target="F2"/>
  <move id="271" source="F4" target="F3"/>
  <move id="272" source="F2" target="E2"/>
  <move id="273" source="F3" target="F2"/>
  <move id="274" source="E2" target="E3"/>
  <move id="275" source="F2" target="E2"/>
  <move id="276" source="E3" target="F3"/>
  <move id="277" source="E2" target="E3"/>
  <move id="278" source="F3" target="F2"/>
  <move id="279" source="E3" target="E2"/>
  <move id="280" source="F2" target="F3"/>
  <move id="281" source="E2" target="F2"/>
  <move id="282" source="F3" target="E3"/>
  <move id="283" source="F2" target="F3"/>
  <move id="284" source="E3" target="E2"/>
  <move id="285" source="F3" target="F4"/>
  <move id="286" source="A7" target="B7"/>
  <move id="287" source="F4" target="E4"/>
  <move id="288" source="A9" target="A3"/>
  <move id="289" source="E4" target="E3"/>
  <move id="290" source="E2" target="F2"/>
  <move id="291" source="E3" target="F3"/>
  <move id="292" source="F2" target="E2"/>
  <move id="293" source="F3" target="G3"/>
  <move id="294" source="C8" target="F8"/>
  <move id="295" source="G3" target="F3"/>
  <move id="296" source="B8" target="A8"/>
  <move id="297" source="F3" target="E3"/>
  <move id="298" source="E2" target="F2"/>
  <move id="299" source="E3" target="F3"/>
  <move id="300" source="F2" target="E2"/>
  <move id="301" source="F3" target="F2"/>
  <move id="302" source="E2" target="E3"/>
  <move id="303" source="F2" target="E2"/>
  <move id="304" source="E3" target="F3"/>
  <move id="305" source="E2" target="F2"/>
  <move id="306" source="F3" target="E3"/>
  <move id="307" source="F2" target="F3"/>
  <move id="308" source="E3" target="E4"/>
  <move id="309" source="F3" target="F4"/>
  <move id="310" source="E4" target="E5"/>
  <move id="311" source="F4" target="F5"/>
  <move id="312" source="E5" target="E6"/>
  <move id="313" source="F5" target="F4"/>
  <move id="314" source="F8" target="F7"/>
  <move id="315" source="F4" target="E4"/>
  <move id="316" source="E6" target="F6"/>
  <move id="317" source="E4" target="F4"/>
  <move id="318" source="F6" target="E6"/>
  <move id="319" source="F4" target="G4"/>
  <move id="320" source="E7" target="E8"/>
  <move id="321" source="G4" target="H4"/>
  <move id="322" source="F7" target="F6"/>
  <move id="323" source="H4" target="I4"/>
  <move id="324" source="K4" target="K3"/>
  <move id="325" source="I4" target="K4"/>
  <move id="326" source="K3" target="I3"/>
  <move id="327" source="K4" target="K3"/>
  <move id="328" source="I3" target="I4"/>
  <move id="329" source="K3" target="I3"/>
  <move id="330" source="I4" target="K4"/>
  <move id="331" source="I3" target="K3"/>
  <move id="332" source="K4" target="I4"/>
  <move id="333" source="K3" target="I3"/>
  <move id="334" source="I4" target="I5"/>
  <move id="335" source="I3" target="I4"/>
  <move id="336" source="I5" target="I6"/>
  <move id="337" source="I4" target="I5"/>
  <move id="338" source="I6" target="I7"/>
  <move id="339" source="I5" target="I6"/>
  <move id="340" source="I7" target="H7"/>
  <move id="341" source="I6" target="I7"/>
  <move id="342" source="H7" target="G7"/>
  <move id="343" source="I7" target="H7"/>
  <move id="344" source="G7" target="G8"/>
  <move id="345" source="H7" target="G7"/>
  <move id="346" source="G8" target="H8"/>
  <move id="347" source="G7" target="F7"/>
  <move id="348" source="F6" target="F2"/>
  <move id="349" source="F7" target="F6"/>
  <move id="350" source="E6" target="E7"/>
  <move id="351" source="F6" target="E6"/>
  <move id="352" source="E7" target="F7"/>
  <move id="353" source="E6" target="E5"/>
  <move id="354" source="E8" target="E7"/>
  <move id="355" source="E5" target="E4"/>
  <move id="356" source="E7" target="E6"/>
  <move id="357" source="E4" target="F4"/>
  <move id="358" source="F2" target="G2"/>
  <move id="359" source="F4" target="F3"/>
  <move id="360" source="D9" target="D8"/>
  <move id="361" source="F3" target="F4"/>
  <move id="362" source="D8" target="E8"/>
  <move id="363" source="F4" target="F5"/>
  <move id="364" source="E8" target="F8"/>
  <move id="365" source="F5" target="F4"/>
  <move id="366" source="F8" target="G8"/>
  <move id="367" source="C4" target="D4"/>
  <move id="368" source="E6" target="E5"/>
  <move id="369" source="C3" target="E3"/>
  <move id="370" source="G8" target="G7"/>
  <move id="371" source="E3" target="E5"/>
  <move id="372" source="G7" target="H7"/>
  <move id="373" source="D1" target="D2"/>
  <move id="374" source="H7" target="I7"/>
  <move id="375" source="D2" target="D3"/>
  <move id="376" source="I7" target="I6"/>
  <move id="377" source="D3" target="D2"/>
  <move id="378" source="I6" target="I5"/>
  <move id="379" source="D4" target="D3"/>
  <move id="380" source="I5" target="I4"/>
  <move id="381" source="D3" target="E3"/>
  <move id="382" source="I4" target="I3"/>
  <move id="383" source="E3" target="F3"/>
  <move id="384" source="I3" target="I2"/>
  <move id="385" source="F3" target="G3"/>
  <move id="386" source="I2" target="K2"/>
  <move id="387" source="G3" target="H3"/>
  <move id="388" source="F7" target="G7"/>
  <move id="389" source="H3" target="I3"/>
  <move id="390" source="G7" target="H7"/>
  <move id="391" source="I3" target="K3"/>
  <move id="392" source="K2" target="I2"/>
  <move id="393" source="F4" target="G4"/>
  <move id="394" source="H7" target="I7"/>
  <move id="395" source="G4" target="H4"/>
  <move id="396" source="I7" target="K7"/>
  <move id="397" source="H4" target="I4"/>
  <move id="398" source="K7" target="K6"/>
  <move id="399" source="I4" target="I3"/>
  <move id="400" source="I2" target="I3"/>
  <move id="401" source="K3" target="I3"/>
  <move id="402" source="K6" target="K5"/>
  <move id="403" source="I3" target="K3"/>
  <move id="404" source="K5" target="K4"/>
  <move id="405" source="K3" target="K4"/>
  <move id="406" source="E5" target="E4"/>
  <move id="407" source="B3" target="C3"/>
  <move id="408" source="E4" target="D4"/>
  <move id="409" source="D2" target="D1"/>
  <move id="410" source="K4" target="I4"/>
  <move id="411" source="D1" target="D2"/>
  <move id="412" source="I4" target="H4"/>
  <move id="413" source="D2" target="E2"/>
  <move id="414" source="H4" target="G4"/>
  <move id="415" source="E2" target="E1"/>
  <move id="416" source="G4" target="G3"/>
  <move id="417" source="E1" target="F1"/>
  <move id="418" source="G3" target="G2"/>
  <move id="419" source="F1" target="E1"/>
  <move id="420" source="G2" target="F2"/>
  <move id="421" source="E1" target="D1"/>
  <move id="422" source="F2" target="E2"/>
  <move id="423" source="D1" target="D2"/>
  <move id="424" source="E2" target="D2"/>
  <player id="1">Player 1</player>
  <player id="2">Player 2</player>
  <result type="3" winner="2"/>
 </game>
</stratego>