<?xml version="1.0" encoding="UTF-8"?>
<stratego>
 <game type="classic">
  
  <field content="DDDMIEBFFGIEEJDEBFFGDDGHDHBBBBHJCIKDELGHAA__AA__AAAA__AA__AASTPQNSQRTUUPSPVTWPXVPNQONNQSNPPRNQRRTYUP"/>
  <move id="1" source="K4" target="K5"/>
  <move id="2" source="A7" target="A6"/>
  <move id="3" source="I4" target="I5"/>
  <move id="4" source="B7" target="B6"/>
  <move id="5" source="K5" target="K6"/>
  <move id="6" source="A8" target="A7"/>
  <move id="7" source="I5" target="I6"/>
  <move id="8" source="B6" target="B5"/>
  <move id="9" source="K6" target="K7"/>
  <move id="10" source="I7" target="I6"/>
  <move id="11" source="B4" target="B5"/>
  <move id="12" source="I6" target="K6"/>
  <move id="13" source="B5" target="B4"/>
  <move id="14" source="H7" target="I7"/>
  <move id="15" source="F4" target="F5"/>
  <move id="16" source="A6" target="A5"/>
  <move id="17" source="E4" target="F4"/>
  <move id="18" source="I7" target="I6"/>
  <move id="19" source="F5" target="E5"/>
  <move id="20" source="K7" target="I7"/>
  <move id="21" source="F4" target="F5"/>
  <move id="22" source="I7" target="H7"/>
  <move id="23" source="F5" target="F6"/>
  <move id="24" source="K6" target="K7"/>
  <move id="25" source="E5" target="F5"/>
  <move id="26" source="K7" target="I7"/>
  <move id="27" source="D4" target="E4"/>
  <move id="28" source="I6" target="K6"/>
  <move id="29" source="E4" target="E5"/>
  <move id="30" source="I7" target="I6"/>
  <move id="31" source="E5" target="E6"/>
  <move id="32" source="H7" target="I7"/>
  <move id="33" source="E6" target="E7"/>
  <move id="34" source="K6" target="K5"/>
  <move id="35" source="F6" target="E6"/>
  <move id="36" source="K5" target="K4"/>
  <move id="37" source="F5" target="F7"/>
  <move id="38" source="F7" target="F6"/>
  <move id="39" source="E6" target="F6"/>
  <move id="40" source="K4" target="K3"/>
  <move id="41" source="E3" target="E4"/>
  <move id="42" source="I7" target="K7"/>
  <move id="43" source="E4" target="F4"/>
  <move id="44" source="I8" target="I7"/>
  <move id="45" source="F4" target="F5"/>
  <move id="46" source="H8" target="I8"/>
  <move id="47" source="F3" target="F4"/>
  <move id="48" source="I7" target="H7"/>
  <move id="49" source="F4" target="E4"/>
  <move id="50" source="I6" target="K6"/>
  <move id="51" source="E4" target="D4"/>
  <move id="52" source="I8" target="I3"/>
  <move id="53" source="G4" target="F4"/>
  <move id="54" source="G8" target="H8"/>
  <move id="55" source="F4" target="E4"/>
  <move id="56" source="G7" target="G8"/>
  <move id="57" source="E4" target="E5"/>
  <move id="58" source="H7" target="G7"/>
  <move id="59" source="E5" target="E6"/>
  <move id="60" source="H8" target="H7"/>
  <move id="61" source="E6" target="E7"/>
  <move id="62" source="G8" target="H8"/>
  <move id="63" source="E7" target="E6"/>
  <move id="64" source="H8" target="I8"/>
  <move id="65" source="E6" target="E5"/>
  <move id="66" source="D7" target="E7"/>
  <move id="67" source="E5" target="E4"/>
  <move id="68" source="D8" target="D7"/>
  <move id="69" source="E4" target="F4"/>
  <move id="70" source="I8" target="I7"/>
  <move id="71" source="E2" target="E7"/>
  <move id="72" source="E7" target="F7"/>
  <move id="73" source="D4" target="E4"/>
  <move id="74" source="D7" target="E7"/>
  <move id="75" source="E4" target="E5"/>
  <move id="76" source="I7" target="I6"/>
  <move id="77" source="E5" target="E6"/>
  <move id="78" source="I6" target="I5"/>
  <move id="79" source="E6" target="E7"/>
  <move id="80" source="E8" target="E7"/>
  <move id="81" source="F6" target="E6"/>
  <move id="82" source="E7" target="D7"/>
  <move id="83" source="F5" target="F7"/>
  <move id="84" source="F8" target="E8"/>
  <move id="85" source="F4" target="F5"/>
  <move id="86" source="E8" target="E7"/>
  <move id="87" source="E6" target="E5"/>
  <move id="88" source="E7" target="E6"/>
  <move id="89" source="E5" target="E4"/>
  <move id="90" source="E6" target="E5"/>
  <move id="91" source="E4" target="D4"/>
  <move id="92" source="E5" target="E4"/>
  <move id="93" source="H4" target="G4"/>
  <move id="94" source="E4" target="E5"/>
  <move id="95" source="F5" target="F4"/>
  <move id="96" source="E5" target="E6"/>
  <move id="97" source="F4" target="F5"/>
  <move id="98" source="I5" target="K5"/>
  <move id="99" source="G4" target="F4"/>
  <move id="100" source="K5" target="K4"/>
  <move id="101" source="F4" target="E4"/>
  <move id="102" source="K6" target="K5"/>
  <move id="103" source="F5" target="F4"/>
  <move id="104" source="K4" target="K3"/>
  <move id="105" source="F4" target="G4"/>
  <move id="106" source="K5" target="K4"/>
  <move id="107" source="G4" target="H4"/>
  <move id="108" source="K3" target="I3"/>
  <move id="109" source="I2" target="I3"/>
  <move id="110" source="K4" target="K3"/>
  <move id="111" source="I3" target="K3"/>
  <move id="112" source="K3" target="K2"/>
  <move id="113" source="E4" target="F4"/>
  <move id="114" source="K2" target="K1"/>
  <move id="115" source="D3" target="E3"/>
  <move id="116" source="K1" target="I1"/>
  <move id="117" source="E3" target="E4"/>
  <move id="118" source="I1" target="I2"/>
  <move id="119" source="C3" target="D3"/>
  <move id="120" source="H7" target="H8"/>
  <move id="121" source="D3" target="E3"/>
  <move id="122" source="H8" target="G8"/>
  <move id="123" source="E3" target="E2"/>
  <move id="124" source="G8" target="F8"/>
  <move id="125" source="E4" target="E5"/>
  <move id="126" source="E6" target="E7"/>
  <move id="127" source="F4" target="F5"/>
  <move id="128" source="F8" target="E8"/>
  <move id="129" source="E5" target="E6"/>
  <move id="130" source="B8" target="A8"/>
  <move id="131" source="F5" target="F4"/>
  <move id="132" source="K8" target="I8"/>
  <move id="133" source="H4" target="I4"/>
  <move id="134" source="K7" target="I7"/>
  <move id="135" source="F4" target="G4"/>
  <move id="136" source="I7" target="H7"/>
  <move id="137" source="G4" target="H4"/>
  <move id="138" source="I8" target="H8"/>
  <move id="139" source="I4" target="I5"/>
  <move id="140" source="H8" target="G8"/>
  <move id="141" source="H4" target="I4"/>
  <move id="142" source="K9" target="K1"/>
  <move id="143" source="I4" target="I3"/>
  <move id="144" source="I2" target="H2"/>
  <move id="145" source="I3" target="I4"/>
  <move id="146" source="K1" target="H1"/>
  <move id="147" source="I5" target="I6"/>
  <move id="148" source="H2" target="H1"/>
  <move id="149" source="I4" target="I5"/>
  <move id="150" source="H1" target="H2"/>
  <move id="151" source="I6" target="K6"/>
  <move id="152" source="H2" target="G2"/>
  <move id="153" source="I5" target="I6"/>
  <move id="154" source="F7" target="F6"/>
  <move id="155" source="E6" target="F6"/>
  <move id="156" source="K:" target="K6"/>
  <move id="157" source="K6" target="K7"/>
  <move id="158" source="E7" target="E6"/>
  <move id="159" source="F6" target="E6"/>
  <move id="160" source="H7" target="H8"/>
  <move id="161" source="I6" target="I7"/>
  <move id="162" source="D7" target="E7"/>
  <move id="163" source="K7" target="K8"/>
  <move id="164" source="E8" target="D8"/>
  <move id="165" source="B3" target="C3"/>
  <move id="166" source="D8" target="D7"/>
  <move id="167" source="C3" target="D3"/>
  <move id="168" source="C7" target="B7"/>
  <move id="169" source="D4" target="E4"/>
  <move id="170" source="B7" target="B8"/>
  <move id="171" source="D3" target="E3"/>
  <move id="172" source="G8" target="F8"/>
  <move id="173" source="E4" target="E5"/>
  <move id="174" source="D7" target="C7"/>
  <move id="175" source="E3" target="E4"/>
  <move id="176" source="C7" target="B7"/>
  <move id="177" source="E4" target="D4"/>
  <move id="178" source="B7" target="B6"/>
  <move id="179" source="E5" target="E4"/>
  <move id="180" source="B6" target="B5"/>
  <move id="181" source="E2" target="E3"/>
  <move id="182" source="E7" target="E8"/>
  <move id="183" source="E3" target="F3"/>
  <move id="184" source="B8" target="B7"/>
  <move id="185" source="F3" target="F4"/>
  <move id="186" source="G7" target="G8"/>
  <move id="187" source="F4" target="F5"/>
  <move id="188" source="B7" target="I7"/>
  <move id="189" source="F5" target="F6"/>
  <move id="190" source="B5" target="B4"/>
  <move id="191" source="E4" target="E5"/>
  <move id="192" source="C8" target="D8"/>
  <move id="193" source="E5" target="E6"/>
  <move id="194" source="D8" target="D7"/>
  <move id="195" source="D4" target="E4"/>
  <move id="196" source="D7" target="E7"/>
  <move id="197" source="E4" target="E5"/>
  <move id="198" source="E7" target="F7"/>
  <move id="199" source="F6" target="F7"/>
  <move id="200" source="B4" target="B3"/>
  <move id="201" source="A4" target="A5"/>
  <move id="202" source="B3" target="C3"/>
  <move id="203" source="A5" target="B5"/>
  <move id="204" source="C3" target="D3"/>
  <move id="205" source="E5" target="F5"/>
  <move id="206" source="D3" target="E3"/>
  <move id="207" source="F5" target="F6"/>
  <move id="208" source="E3" target="E4"/>
  <move id="209" source="F6" target="F7"/>
  <move id="210" source="E4" target="E5"/>
  <move id="211" source="E6" target="E7"/>
  <move id="212" source="E5" target="E6"/>
  <move id="213" source="E7" target="D7"/>
  <move id="214" source="E6" target="E7"/>
  <move id="215" source="D7" target="C7"/>
  <move id="216" source="E7" target="F7"/>
  <move id="217" source="A3" target="B3"/>
  <move id="218" source="A7" target="A6"/>
  <move id="219" source="B3" target="C3"/>
  <move id="220" source="A6" target="A5"/>
  <move id="221" source="C3" target="D3"/>
  <move id="222" source="A5" target="B5"/>
  <move id="223" source="C7" target="B7"/>
  <move id="224" source="A8" target="A7"/>
  <move id="225" source="B7" target="B6"/>
  <move id="226" source="B5" target="A5"/>
  <move id="227" source="B6" target="B5"/>
  <move id="228" source="A5" target="A6"/>
  <move id="229" source="B5" target="A5"/>
  <move id="230" source="A6" target="B6"/>
  <move id="231" source="A5" target="B5"/>
  <move id="232" source="B6" target="B7"/>
  <move id="233" source="B5" target="B6"/>
  <move id="234" source="B7" target="C7"/>
  <move id="235" source="D3" target="C3"/>
  <move id="236" source="G8" target="G7"/>
  <move id="237" source="C3" target="B3"/>
  <move id="238" source="H8" target="G8"/>
  <move id="239" source="B3" target="B4"/>
  <move id="240" source="A7" target="B7"/>
  <move id="241" source="B6" target="A6"/>
  <move id="242" source="A9" target="A6"/>
  <move id="243" source="B4" target="B7"/>
  <move id="244" source="C7" target="D7"/>
  <move id="245" source="K8" target="I8"/>
  <move id="246" source="F7" target="F6"/>
  <move id="247" source="C2" target="C3"/>
  <move id="248" source="G7" target="H7"/>
  <move id="249" source="I7" target="H7"/>
  <move id="250" source="E8" target="E7"/>
  <move id="251" source="I8" target="I9"/>
  <move id="252" source="I:" target="I9"/>
  <move id="253" source="A6" target="A5"/>
  <move id="254" source="E7" target="F7"/>
  <move id="255" source="A5" target="A4"/>
  <move id="256" source="F6" target="F5"/>
  <move id="257" source="C3" target="C2"/>
  <move id="258" source="F7" target="G7"/>
  <move id="259" source="A4" target="B4"/>
  <move id="260" source="G7" target="H7"/>
  <move id="261" source="C4" target="D4"/>
  <move id="262" source="H7" target="I7"/>
  <move id="263" source="B4" target="C4"/>
  <move id="264" source="I7" target="I6"/>
  <move id="265" source="D4" target="E4"/>
  <move id="266" source="I6" target="I5"/>
  <move id="267" source="C4" target="D4"/>
  <move id="268" source="I5" target="I4"/>
  <move id="269" source="E4" target="F4"/>
  <move id="270" source="F5" target="F4"/>
  <move id="271" source="D4" target="C4"/>
  <move id="272" source="F4" target="E4"/>
  <move id="273" source="C4" target="B4"/>
  <move id="274" source="E4" target="E5"/>
  <move id="275" source="B4" target="B5"/>
  <move id="276" source="E5" target="E6"/>
  <move id="277" source="B5" target="B6"/>
  <move id="278" source="E6" target="E7"/>
  <move id="279" source="B6" target="B7"/>
  <move id="280" source="E7" target="E8"/>
  <move id="281" source="B7" target="C7"/>
  <move id="282" source="D7" target="E7"/>
  <move id="283" source="C7" target="D7"/>
  <move id="284" source="E7" target="F7"/>
  <move id="285" source="D7" target="C7"/>
  <move id="286" source="F7" target="G7"/>
  <move id="287" source="C7" target="C8"/>
  <move id="288" source="G7" target="H7"/>
  <move id="289" source="C8" target="C7"/>
  <move id="290" source="E8" target="E7"/>
  <move id="291" source="C7" target="D7"/>
  <move id="292" source="E7" target="D7"/>
  <move id="293" source="D2" target="D3"/>
  <move id="294" source="I9" target="I:"/>
  <move id="295" source="C2" target="C3"/>
  <move id="296" source="D9" target="D8"/>
  <move id="297" source="D3" target="D4"/>
  <move id="298" source="D8" target="D7"/>
  <move id="299" source="D4" target="E4"/>
  <move id="300" source="D7" target="C7"/>
  <move id="301" source="C3" target="D3"/>
  <move id="302" source="C7" target="B7"/>
  <move id="303" source="E4" target="E5"/>
  <move id="304" source="B7" target="B6"/>
  <move id="305" source="D3" target="E3"/>
  <move id="306" source="B6" target="B5"/>
  <move id="307" source="E3" target="E4"/>
  <move id="308" source="B5" target="B4"/>
  <move id="309" source="E5" target="E6"/>
  <move id="310" source="B4" target="C4"/>
  <move id="311" source="E4" target="E5"/>
  <move id="312" source="C4" target="D4"/>
  <move id="313" source="E6" target="E7"/>
  <move id="314" source="D4" target="E4"/>
  <move id="315" source="E5" target="E6"/>
  <move id="316" source="E4" target="E5"/>
  <move id="317" source="E6" target="F6"/>
  <move id="318" source="E5" target="E6"/>
  <move id="319" source="F6" target="F7"/>
  <move id="320" source="F8" target="F7"/>
  <move id="321" source="E7" target="E6"/>
  <move id="322" source="H7" target="I7"/>
  <move id="323" source="E6" target="E5"/>
  <move id="324" source="F7" target="F6"/>
  <move id="325" source="E5" target="E4"/>
  <move id="326" source="F6" target="F5"/>
  <move id="327" source="E4" target="D4"/>
  <move id="328" source="F5" target="E5"/>
  <move id="329" source="D4" target="C4"/>
  <move id="330" source="G8" target="G7"/>
  <move id="331" source="C4" target="B4"/>
  <move id="332" source="G9" target="G8"/>
  <move id="333" source="B4" target="B5"/>
  <move id="334" source="E5" target="E6"/>
  <move id="335" source="E1" target="E2"/>
  <move id="336" source="G8" target="H8"/>
  <move id="337" source="E2" target="E3"/>
  <move id="338" source="H8" target="I8"/>
  <move id="339" source="B5" target="B6"/>
  <move id="340" source="E6" target="E7"/>
  <move id="341" source="E3" target="E4"/>
  <move id="342" source="G7" target="F7"/>
  <move id="343" source="E4" target="E5"/>
  <move id="344" source="F7" target="F6"/>
  <move id="345" source="E5" target="E4"/>
  <move id="346" source="F6" target="F5"/>
  <move id="347" source="E4" target="D4"/>
  <move id="348" source="F5" target="E5"/>
  <move id="349" source="D4" target="C4"/>
  <move id="350" source="E5" target="E4"/>
  <move id="351" source="B6" target="B7"/>
  <move id="352" source="E7" target="D7"/>
  <move id="353" source="B7" target="B8"/>
  <move id="354" source="D7" target="C7"/>
  <move id="355" source="C4" target="B4"/>
  <move id="356" source="E4" target="D4"/>
  <move id="357" source="B4" target="B5"/>
  <move id="358" source="D4" target="C4"/>
  <move id="359" source="B5" target="B6"/>
  <move id="360" source="C4" target="B4"/>
  <move id="361" source="B6" target="A6"/>
  <move id="362" source="B4" target="B5"/>
  <move id="363" source="A6" target="A7"/>
  <move id="364" source="B5" target="B6"/>
  <move id="365" source="F2" target="F3"/>
  <move id="366" source="I7" target="H7"/>
  <move id="367" source="F3" target="F4"/>
  <move id="368" source="H7" target="G7"/>
  <move id="369" source="F4" target="F5"/>
  <move id="370" source="G7" target="F7"/>
  <move id="371" source="F5" target="E5"/>
  <move id="372" source="F7" target="E7"/>
  <move id="373" source="F1" target="F2"/>
  <move id="374" source="E7" target="E6"/>
  <move id="375" source="E5" target="E4"/>
  <move id="376" source="E6" target="E5"/>
  <move id="377" source="E4" target="D4"/>
  <move id="378" source="E5" target="E4"/>
  <move id="379" source="D4" target="C4"/>
  <move id="380" source="I4" target="H4"/>
  <move id="381" source="C4" target="B4"/>
  <move id="382" source="E4" target="D4"/>
  <move id="383" source="B4" target="A4"/>
  <move id="384" source="D4" target="C4"/>
  <move id="385" source="A4" target="A5"/>
  <move id="386" source="C4" target="B4"/>
  <move id="387" source="A5" target="A6"/>
  <move id="388" source="B6" target="A6"/>
  <move id="389" source="A7" target="B7"/>
  <move id="390" source="A6" target="B6"/>
  <move id="391" source="B7" target="B6"/>
  <move id="392" source="B4" target="C4"/>
  <move id="393" source="F2" target="F3"/>
  <move id="394" source="C4" target="D4"/>
  <move id="395" source="F3" target="F4"/>
  <move id="396" source="C7" target="D7"/>
  <move id="397" source="F4" target="F5"/>
  <move id="398" source="D7" target="E7"/>
  <move id="399" source="F5" target="F6"/>
  <move id="400" source="D4" target="E4"/>
  <move id="401" source="B8" target="C8"/>
  <move id="402" source="E4" target="F4"/>
  <move id="403" source="C8" target="D8"/>
  <move id="404" source="F4" target="F5"/>
  <move id="405" source="F6" target="E6"/>
  <move id="406" source="H4" target="G4"/>
  <move id="407" source="B2" target="B3"/>
  <move id="408" source="G4" target="F4"/>
  <move id="409" source="B3" target="B4"/>
  <move id="410" source="F4" target="E4"/>
  <move id="411" source="B4" target="B5"/>
  <move id="412" source="E4" target="E5"/>
  <move id="413" source="A2" target="A3"/>
  <move id="414" source="E5" target="E6"/>
  <move id="415" source="A3" target="A4"/>
  <move id="416" source="F5" target="E5"/>
  <move id="417" source="A4" target="A5"/>
  <move id="418" source="E7" target="E8"/>
  <move id="419" source="D8" target="D9"/>
  <move id="420" source="E6" target="F6"/>
  <move id="421" source="B5" target="B6"/>
  <move id="422" source="F6" target="F7"/>
  <move id="423" source="B6" target="B7"/>
  <move id="424" source="F7" target="G7"/>
  <move id="425" source="B7" target="B8"/>
  <move id="426" source="G7" target="G8"/>
  <move id="427" source="A5" target="A6"/>
  <move id="428" source="E5" target="E6"/>
  <move id="429" source="A6" target="B6"/>
  <move id="430" source="E6" target="E7"/>
  <move id="431" source="B8" target="A8"/>
  <move id="432" source="E7" target="D7"/>
  <move id="433" source="B6" target="B7"/>
  <move id="434" source="D7" target="C7"/>
  <move id="435" source="B7" target="B8"/>
  <move id="436" source="C7" target="C8"/>
  <move id="437" source="B1" target="B2"/>
  <move id="438" source="C8" target="B8"/>
  <move id="439" source="A8" target="B8"/>
  <move id="440" source="G8" target="H8"/>
  <move id="441" source="B2" target="C2"/>
  <move id="442" source="G:" target="G9"/>
  <move id="443" source="D9" target="E9"/>
  <move id="444" source="G9" target="G8"/>
  <move id="445" source="C2" target="D2"/>
  <move id="446" source="E8" target="E7"/>
  <move id="447" source="D2" target="D3"/>
  <move id="448" source="G8" target="G9"/>
  <move id="449" source="D3" target="D4"/>
  <move id="450" source="E7" target="E6"/>
  <move id="451" source="B8" target="B9"/>
  <move id="452" source="B:" target="B9"/>
  <move id="453" source="D4" target="E4"/>
  <move id="454" source="A:" target="A3"/>
  <move id="455" source="A1" target="A3"/>
  <move id="456" source="E6" target="E5"/>
  <move id="457" source="E4" target="F4"/>
  <move id="458" source="B9" target="B8"/>
  <move id="459" source="F4" target="G4"/>
  <move id="460" source="I8" target="I7"/>
  <move id="461" source="G4" target="H4"/>
  <move id="462" source="I7" target="I6"/>
  <move id="463" source="H4" target="I4"/>
  <move id="464" source="I6" target="I5"/>
  <move id="465" source="I4" target="K4"/>
  <move id="466" source="I5" target="I4"/>
  <move id="467" source="K4" target="K9"/>
  <move id="468" source="I4" target="I3"/>
  <move id="469" source="K9" target="K8"/>
  <move id="470" source="I3" target="H3"/>
  <move id="471" source="K8" target="K9"/>
  <move id="472" source="H3" target="G3"/>
  <move id="473" source="K9" target="H9"/>
  <move id="474" source="G3" target="G2"/>
  <move id="475" source="C1" target="C2"/>
  <move id="476" source="G2" target="G1"/>
  <move id="477" source="C2" target="A2"/>
  <move id="478" source="G1" target="F1"/>
  <move id="479" source="A2" target="A:"/>
  <move id="480" source="F1" target="E1"/>
  <move id="481" source="A:" target="C:"/>
  <player id="1">Player 1</player>
  <player id="2">Player 2</player>
  <result type="0" winner="2"/>
 </game>
</stratego>