<?xml version="1.0" encoding="UTF-8"?>
<stratego>
 <game type="classic">
  
  <field content="EBEFMFBFDEDDHECBBBDIIHKGJILGHFGDDEHGDJDBAA__AA__AAAA__AA__AANRUXPUWVPSRNTPPSONNPPTVTPRQSRNQSQYUQTNPQ"/>
  <move id="1" source="I4" target="I5"/>
  <move id="2" source="E7" target="E6"/>
  <move id="3" source="I3" target="I4"/>
  <move id="4" source="E6" target="E5"/>
  <move id="5" source="I5" target="I6"/>
  <move id="6" source="E5" target="F5"/>
  <move id="7" source="I4" target="I5"/>
  <move id="8" source="F7" target="F6"/>
  <move id="9" source="I5" target="K5"/>
  <move id="10" source="E8" target="E7"/>
  <move id="11" source="K5" target="K6"/>
  <move id="12" source="D8" target="E8"/>
  <move id="13" source="K6" target="K7"/>
  <move id="14" source="I7" target="I6"/>
  <move id="15" source="K7" target="K8"/>
  <move id="16" source="H7" target="I7"/>
  <move id="17" source="I2" target="I7"/>
  <move id="18" source="I7" target="K7"/>
  <move id="19" source="K8" target="I8"/>
  <move id="20" source="E7" target="E4"/>
  <move id="21" source="H3" target="I3"/>
  <move id="22" source="F8" target="F7"/>
  <move id="23" source="I3" target="I4"/>
  <move id="24" source="F7" target="E7"/>
  <move id="25" source="I4" target="I5"/>
  <move id="26" source="K7" target="I7"/>
  <move id="27" source="I5" target="I6"/>
  <move id="28" source="I7" target="H7"/>
  <move id="29" source="I6" target="I7"/>
  <move id="30" source="E8" target="F8"/>
  <move id="31" source="B4" target="B7"/>
  <move id="32" source="E7" target="F7"/>
  <move id="33" source="C4" target="B4"/>
  <move id="34" source="D9" target="D8"/>
  <move id="35" source="C3" target="C4"/>
  <move id="36" source="D8" target="E8"/>
  <move id="37" source="D3" target="C3"/>
  <move id="38" source="E8" target="E7"/>
  <move id="39" source="D4" target="D3"/>
  <move id="40" source="E7" target="E6"/>
  <move id="41" source="C4" target="D4"/>
  <move id="42" source="E6" target="E5"/>
  <move id="43" source="B4" target="B7"/>
  <move id="44" source="F8" target="E8"/>
  <move id="45" source="G3" target="H3"/>
  <move id="46" source="E5" target="E4"/>
  <move id="47" source="F4" target="E4"/>
  <move id="48" source="F5" target="F3"/>
  <move id="49" source="G4" target="F4"/>
  <move id="50" source="F6" target="E6"/>
  <move id="51" source="H3" target="I3"/>
  <move id="52" source="F7" target="F6"/>
  <move id="53" source="I3" target="I4"/>
  <move id="54" source="F6" target="F5"/>
  <move id="55" source="I4" target="I5"/>
  <move id="56" source="E6" target="F6"/>
  <move id="57" source="I5" target="I6"/>
  <move id="58" source="F9" target="F8"/>
  <move id="59" source="I7" target="K7"/>
  <move id="60" source="G7" target="F7"/>
  <move id="61" source="I6" target="I7"/>
  <move id="62" source="H7" target="G7"/>
  <move id="63" source="I7" target="H7"/>
  <move id="64" source="F8" target="F9"/>
  <move id="65" source="E4" target="E5"/>
  <move id="66" source="F7" target="F8"/>
  <move id="67" source="H7" target="G7"/>
  <move id="68" source="G8" target="G7"/>
  <move id="69" source="E5" target="F5"/>
  <move id="70" source="F8" target="F7"/>
  <move id="71" source="K7" target="I7"/>
  <move id="72" source="G7" target="H7"/>
  <move id="73" source="I7" target="H7"/>
  <move id="74" source="G9" target="G8"/>
  <move id="75" source="H7" target="H8"/>
  <move id="76" source="F7" target="E7"/>
  <move id="77" source="F4" target="E4"/>
  <move id="78" source="E7" target="F7"/>
  <move id="79" source="E4" target="F4"/>
  <move id="80" source="F6" target="F5"/>
  <move id="81" source="F4" target="F5"/>
  <move id="82" source="E8" target="E3"/>
  <move id="83" source="D4" target="E4"/>
  <move id="84" source="F7" target="E7"/>
  <move id="85" source="E4" target="E5"/>
  <move id="86" source="F5" target="F6"/>
  <move id="87" source="D3" target="D4"/>
  <move id="88" source="E7" target="E6"/>
  <move id="89" source="E5" target="F5"/>
  <move id="90" source="F6" target="F7"/>
  <move id="91" source="D4" target="E4"/>
  <move id="92" source="F7" target="F8"/>
  <move id="93" source="E4" target="E5"/>
  <move id="94" source="G8" target="G7"/>
  <move id="95" source="E5" target="E6"/>
  <move id="96" source="G7" target="F7"/>
  <move id="97" source="F5" target="E5"/>
  <move id="98" source="F7" target="F6"/>
  <move id="99" source="E5" target="E6"/>
  <move id="100" source="F8" target="E8"/>
  <move id="101" source="B3" target="B4"/>
  <move id="102" source="C9" target="D9"/>
  <move id="103" source="B2" target="B3"/>
  <move id="104" source="F9" target="G9"/>
  <move id="105" source="B4" target="B5"/>
  <move id="106" source="E9" target="F9"/>
  <move id="107" source="B3" target="B4"/>
  <move id="108" source="D9" target="E9"/>
  <move id="109" source="B4" target="C4"/>
  <move id="110" source="E8" target="D8"/>
  <move id="111" source="C4" target="D4"/>
  <move id="112" source="F6" target="E6"/>
  <move id="113" source="E3" target="E4"/>
  <move id="114" source="E9" target="E8"/>
  <move id="115" source="E4" target="E5"/>
  <move id="116" source="E6" target="F6"/>
  <move id="117" source="E5" target="E6"/>
  <move id="118" source="F6" target="F7"/>
  <move id="119" source="E6" target="F6"/>
  <move id="120" source="F7" target="E7"/>
  <move id="121" source="D4" target="E4"/>
  <move id="122" source="E8" target="F8"/>
  <move id="123" source="E4" target="E5"/>
  <move id="124" source="F8" target="F7"/>
  <move id="125" source="F6" target="F7"/>
  <move id="126" source="E7" target="E6"/>
  <move id="127" source="E5" target="E4"/>
  <move id="128" source="E6" target="E5"/>
  <move id="129" source="E4" target="F4"/>
  <move id="130" source="E5" target="F5"/>
  <move id="131" source="F4" target="G4"/>
  <move id="132" source="F5" target="F6"/>
  <move id="133" source="F3" target="F4"/>
  <move id="134" source="F6" target="F7"/>
  <move id="135" source="F4" target="F5"/>
  <move id="136" source="F9" target="E9"/>
  <move id="137" source="F5" target="F6"/>
  <move id="138" source="F7" target="E7"/>
  <move id="139" source="F6" target="E6"/>
  <move id="140" source="E7" target="E8"/>
  <move id="141" source="B5" target="B4"/>
  <move id="142" source="E9" target="F9"/>
  <move id="143" source="B4" target="B3"/>
  <move id="144" source="E8" target="E9"/>
  <move id="145" source="B3" target="B2"/>
  <move id="146" source="D8" target="E8"/>
  <move id="147" source="E6" target="F6"/>
  <move id="148" source="E8" target="F8"/>
  <move id="149" source="F6" target="F5"/>
  <move id="150" source="F8" target="F7"/>
  <move id="151" source="F5" target="E5"/>
  <move id="152" source="F7" target="E7"/>
  <move id="153" source="E5" target="E4"/>
  <move id="154" source="E7" target="E6"/>
  <move id="155" source="E4" target="D4"/>
  <move id="156" source="E6" target="E5"/>
  <move id="157" source="D4" target="D3"/>
  <move id="158" source="G9" target="G8"/>
  <move id="159" source="A3" target="B3"/>
  <move id="160" source="G8" target="G7"/>
  <move id="161" source="B3" target="B4"/>
  <move id="162" source="G7" target="F7"/>
  <move id="163" source="B4" target="B5"/>
  <move id="164" source="F7" target="F6"/>
  <move id="165" source="B5" target="B6"/>
  <move id="166" source="F6" target="F5"/>
  <move id="167" source="G4" target="E4"/>
  <move id="168" source="E5" target="E6"/>
  <move id="169" source="E4" target="E6"/>
  <move id="170" source="E6" target="E7"/>
  <move id="171" source="D3" target="D4"/>
  <move id="172" source="F5" target="F6"/>
  <move id="173" source="D4" target="E4"/>
  <move id="174" source="F6" target="F7"/>
  <move id="175" source="E4" target="E5"/>
  <move id="176" source="F7" target="F8"/>
  <move id="177" source="E5" target="E6"/>
  <move id="178" source="E7" target="F7"/>
  <move id="179" source="E6" target="F6"/>
  <move id="180" source="F8" target="G8"/>
  <move id="181" source="F6" target="F7"/>
  <move id="182" source="C8" target="C9"/>
  <move id="183" source="I1" target="I2"/>
  <move id="184" source="E9" target="D9"/>
  <move id="185" source="I2" target="I3"/>
  <move id="186" source="G8" target="F8"/>
  <move id="187" source="I3" target="I4"/>
  <move id="188" source="F9" target="G9"/>
  <move id="189" source="I4" target="I5"/>
  <move id="190" source="F8" target="F7"/>
  <move id="191" source="I5" target="I6"/>
  <move id="192" source="F7" target="G7"/>
  <move id="193" source="I6" target="K6"/>
  <move id="194" source="G7" target="H7"/>
  <move id="195" source="K2" target="I2"/>
  <move id="196" source="H7" target="I7"/>
  <move id="197" source="I2" target="I3"/>
  <move id="198" source="I7" target="K7"/>
  <move id="199" source="K6" target="I6"/>
  <move id="200" source="K7" target="I7"/>
  <move id="201" source="I6" target="K6"/>
  <move id="202" source="D9" target="D8"/>
  <move id="203" source="I3" target="H3"/>
  <move id="204" source="D8" target="E8"/>
  <move id="205" source="H3" target="G3"/>
  <move id="206" source="E8" target="E7"/>
  <move id="207" source="G3" target="F3"/>
  <move id="208" source="E7" target="E6"/>
  <move id="209" source="F3" target="F4"/>
  <move id="210" source="E:" target="E9"/>
  <move id="211" source="F4" target="F5"/>
  <move id="212" source="E9" target="E8"/>
  <move id="213" source="A2" target="A3"/>
  <move id="214" source="G9" target="F9"/>
  <move id="215" source="A3" target="B3"/>
  <move id="216" source="F9" target="F5"/>
  <move id="217" source="B3" target="B4"/>
  <move id="218" source="E8" target="F8"/>
  <move id="219" source="B4" target="C4"/>
  <move id="220" source="F8" target="F7"/>
  <move id="221" source="C4" target="D4"/>
  <move id="222" source="F7" target="F6"/>
  <move id="223" source="F5" target="E5"/>
  <move id="224" source="E6" target="E7"/>
  <move id="225" source="D4" target="E4"/>
  <move id="226" source="E7" target="E8"/>
  <move id="227" source="K3" target="I3"/>
  <move id="228" source="G:" target="G9"/>
  <move id="229" source="I3" target="I4"/>
  <move id="230" source="G9" target="G8"/>
  <move id="231" source="I4" target="I5"/>
  <move id="232" source="G8" target="G7"/>
  <move id="233" source="I5" target="I6"/>
  <move id="234" source="G7" target="H7"/>
  <move id="235" source="I6" target="I7"/>
  <move id="236" source="H7" target="G7"/>
  <move id="237" source="K6" target="K7"/>
  <move id="238" source="E8" target="F8"/>
  <move id="239" source="B6" target="B7"/>
  <move id="240" source="C7" target="C8"/>
  <move id="241" source="B7" target="B6"/>
  <move id="242" source="C8" target="D8"/>
  <move id="243" source="B6" target="A6"/>
  <move id="244" source="C9" target="C8"/>
  <move id="245" source="E5" target="F5"/>
  <move id="246" source="F8" target="E8"/>
  <move id="247" source="F5" target="F6"/>
  <move id="248" source="E8" target="E7"/>
  <move id="249" source="K7" target="I7"/>
  <move id="250" source="E7" target="E6"/>
  <move id="251" source="C3" target="D3"/>
  <move id="252" source="E6" target="E5"/>
  <move id="253" source="D3" target="D4"/>
  <move id="254" source="D8" target="E8"/>
  <move id="255" source="I7" target="H7"/>
  <move id="256" source="F:" target="F9"/>
  <move id="257" source="H7" target="I7"/>
  <move id="258" source="G7" target="H7"/>
  <move id="259" source="I7" target="I6"/>
  <move id="260" source="H7" target="I7"/>
  <move id="261" source="I6" target="I5"/>
  <move id="262" source="C8" target="D8"/>
  <move id="263" source="E4" target="E3"/>
  <move id="264" source="D8" target="D9"/>
  <move id="265" source="D4" target="C4"/>
  <move id="266" source="F9" target="F8"/>
  <move id="267" source="C4" target="D4"/>
  <move id="268" source="F8" target="F7"/>
  <move id="269" source="E3" target="D3"/>
  <move id="270" source="E5" target="E4"/>
  <move id="271" source="D4" target="E4"/>
  <move id="272" source="F7" target="F6"/>
  <move id="273" source="D3" target="C3"/>
  <move id="274" source="F6" target="F5"/>
  <move id="275" source="C3" target="B3"/>
  <move id="276" source="H9" target="G9"/>
  <move id="277" source="B3" target="B4"/>
  <move id="278" source="G9" target="G8"/>
  <move id="279" source="B4" target="B5"/>
  <move id="280" source="G8" target="G7"/>
  <move id="281" source="B5" target="B6"/>
  <move id="282" source="E8" target="D8"/>
  <move id="283" source="B6" target="B7"/>
  <move id="284" source="D8" target="C8"/>
  <move id="285" source="B7" target="D7"/>
  <move id="286" source="I7" target="I6"/>
  <move id="287" source="I5" target="I4"/>
  <move id="288" source="I6" target="I5"/>
  <move id="289" source="I4" target="I3"/>
  <move id="290" source="I5" target="I4"/>
  <move id="291" source="H4" target="I4"/>
  <move id="292" source="C8" target="D8"/>
  <move id="293" source="I4" target="H4"/>
  <move id="294" source="D8" target="E8"/>
  <move id="295" source="H4" target="G4"/>
  <move id="296" source="F5" target="F6"/>
  <move id="297" source="G4" target="F4"/>
  <move id="298" source="D7" target="E7"/>
  <move id="299" source="F4" target="F5"/>
  <move id="300" source="E7" target="F7"/>
  <move id="301" source="E4" target="E5"/>
  <move id="302" source="E8" target="D8"/>
  <move id="303" source="A6" target="B6"/>
  <move id="304" source="G7" target="G8"/>
  <move id="305" source="B6" target="B7"/>
  <move id="306" source="G8" target="F8"/>
  <move id="307" source="B7" target="C7"/>
  <move id="308" source="F8" target="E8"/>
  <move id="309" source="C7" target="C8"/>
  <move id="310" source="D8" target="C8"/>
  <move id="311" source="E5" target="E4"/>
  <move id="312" source="I9" target="H9"/>
  <move id="313" source="E4" target="E3"/>
  <move id="314" source="F6" target="E6"/>
  <move id="315" source="F5" target="E5"/>
  <move id="316" source="E6" target="E7"/>
  <move id="317" source="C2" target="C3"/>
  <move id="318" source="E7" target="D7"/>
  <move id="319" source="C3" target="C4"/>
  <move id="320" source="E8" target="F8"/>
  <move id="321" source="E3" target="D3"/>
  <move id="322" source="F8" target="G8"/>
  <move id="323" source="D3" target="C3"/>
  <move id="324" source="D7" target="C7"/>
  <move id="325" source="C3" target="C2"/>
  <move id="326" source="C7" target="B7"/>
  <move id="327" source="C4" target="B4"/>
  <move id="328" source="B7" target="B6"/>
  <move id="329" source="B4" target="B5"/>
  <move id="330" source="B6" target="B7"/>
  <move id="331" source="B5" target="B6"/>
  <move id="332" source="B7" target="C7"/>
  <move id="333" source="B6" target="B7"/>
  <move id="334" source="C7" target="D7"/>
  <move id="335" source="B7" target="C7"/>
  <move id="336" source="D7" target="D8"/>
  <move id="337" source="C7" target="C8"/>
  <move id="338" source="D8" target="E8"/>
  <move id="339" source="C8" target="D8"/>
  <move id="340" source="F7" target="E7"/>
  <move id="341" source="E5" target="F5"/>
  <move id="342" source="E8" target="F8"/>
  <move id="343" source="I3" target="H3"/>
  <move id="344" source="B9" target="C9"/>
  <move id="345" source="H3" target="G3"/>
  <move id="346" source="C9" target="C8"/>
  <move id="347" source="D8" target="C8"/>
  <move id="348" source="H9" target="G9"/>
  <move id="349" source="G3" target="F3"/>
  <move id="350" source="G9" target="F9"/>
  <move id="351" source="F3" target="D3"/>
  <move id="352" source="G8" target="G9"/>
  <move id="353" source="B2" target="B3"/>
  <move id="354" source="F8" target="G8"/>
  <move id="355" source="B3" target="B4"/>
  <move id="356" source="G8" target="G7"/>
  <move id="357" source="B4" target="B5"/>
  <move id="358" source="F9" target="F8"/>
  <move id="359" source="B5" target="B6"/>
  <move id="360" source="F8" target="E8"/>
  <move id="361" source="B6" target="B7"/>
  <move id="362" source="E8" target="D8"/>
  <move id="363" source="B7" target="C7"/>
  <move id="364" source="G7" target="H7"/>
  <move id="365" source="C7" target="C8"/>
  <move id="366" source="C:" target="C9"/>
  <move id="367" source="C8" target="C9"/>
  <move id="368" source="D9" target="C9"/>
  <move id="369" source="C2" target="C3"/>
  <move id="370" source="H7" target="I7"/>
  <move id="371" source="C3" target="C4"/>
  <move id="372" source="I7" target="I6"/>
  <move id="373" source="C4" target="B4"/>
  <move id="374" source="B:" target="B9"/>
  <move id="375" source="B4" target="B5"/>
  <move id="376" source="B9" target="C9"/>
  <move id="377" source="B5" target="B6"/>
  <move id="378" source="C9" target="C8"/>
  <move id="379" source="B6" target="B7"/>
  <move id="380" source="I6" target="I5"/>
  <move id="381" source="B7" target="C7"/>
  <move id="382" source="C8" target="C7"/>
  <move id="383" source="A4" target="B4"/>
  <move id="384" source="I5" target="I4"/>
  <move id="385" source="B4" target="B5"/>
  <move id="386" source="G9" target="F9"/>
  <move id="387" source="F5" target="F4"/>
  <move id="388" source="F9" target="E9"/>
  <move id="389" source="F4" target="G4"/>
  <move id="390" source="I4" target="I3"/>
  <move id="391" source="D3" target="I3"/>
  <move id="392" source="I3" target="K3"/>
  <move id="393" source="G4" target="H4"/>
  <move id="394" source="K3" target="K2"/>
  <move id="395" source="K1" target="K2"/>
  <move id="396" source="I:" target="I9"/>
  <move id="397" source="H4" target="G4"/>
  <move id="398" source="I9" target="H9"/>
  <move id="399" source="B5" target="B6"/>
  <move id="400" source="H9" target="G9"/>
  <move id="401" source="B6" target="B7"/>
  <move id="402" source="D8" target="E8"/>
  <move id="403" source="B7" target="C7"/>
  <move id="404" source="E9" target="D9"/>
  <move id="405" source="C7" target="C8"/>
  <move id="406" source="E8" target="E9"/>
  <move id="407" source="C8" target="D8"/>
  <move id="408" source="D9" target="D8"/>
  <move id="409" source="D2" target="D3"/>
  <move id="410" source="G9" target="G8"/>
  <move id="411" source="D3" target="D4"/>
  <move id="412" source="G8" target="G7"/>
  <move id="413" source="D4" target="E4"/>
  <move id="414" source="G7" target="H7"/>
  <move id="415" source="E4" target="D4"/>
  <move id="416" source="H7" target="I7"/>
  <move id="417" source="D4" target="C4"/>
  <move id="418" source="I7" target="I6"/>
  <move id="419" source="C4" target="B4"/>
  <move id="420" source="A9" target="B9"/>
  <move id="421" source="B4" target="A4"/>
  <move id="422" source="B9" target="C9"/>
  <move id="423" source="D1" target="D2"/>
  <move id="424" source="E9" target="E8"/>
  <move id="425" source="D2" target="D3"/>
  <move id="426" source="A8" target="A9"/>
  <move id="427" source="D3" target="D4"/>
  <move id="428" source="A9" target="B9"/>
  <move id="429" source="D4" target="C4"/>
  <move id="430" source="C9" target="D9"/>
  <move id="431" source="C4" target="B4"/>
  <move id="432" source="B9" target="C9"/>
  <move id="433" source="B4" target="B5"/>
  <move id="434" source="C9" target="C8"/>
  <move id="435" source="B5" target="B6"/>
  <move id="436" source="E8" target="D8"/>
  <move id="437" source="B6" target="B7"/>
  <move id="438" source="C8" target="C7"/>
  <move id="439" source="B7" target="C7"/>
  <move id="440" source="D8" target="C8"/>
  <move id="441" source="G4" target="F4"/>
  <move id="442" source="K:" target="I:"/>
  <move id="443" source="F4" target="F5"/>
  <move id="444" source="I:" target="I9"/>
  <move id="445" source="H1" target="I1"/>
  <move id="446" source="I9" target="H9"/>
  <move id="447" source="I1" target="I2"/>
  <move id="448" source="I6" target="I7"/>
  <move id="449" source="I2" target="I3"/>
  <move id="450" source="I7" target="H7"/>
  <move id="451" source="I3" target="I4"/>
  <move id="452" source="H7" target="G7"/>
  <move id="453" source="I4" target="I5"/>
  <move id="454" source="H9" target="G9"/>
  <move id="455" source="I5" target="I6"/>
  <move id="456" source="G9" target="F9"/>
  <move id="457" source="I6" target="I7"/>
  <move id="458" source="F9" target="F8"/>
  <move id="459" source="I7" target="H7"/>
  <move id="460" source="E7" target="F7"/>
  <move id="461" source="F5" target="E5"/>
  <move id="462" source="G7" target="H7"/>
  <move id="463" source="H7" target="I7"/>
  <move id="464" source="C8" target="D8"/>
  <move id="465" source="I7" target="I6"/>
  <move id="466" source="D8" target="E8"/>
  <move id="467" source="E5" target="E4"/>
  <move id="468" source="F8" target="F9"/>
  <move id="469" source="E4" target="D4"/>
  <move id="470" source="F7" target="E7"/>
  <move id="471" source="D4" target="C4"/>
  <move id="472" source="E8" target="F8"/>
  <move id="473" source="I6" target="I7"/>
  <move id="474" source="F8" target="F7"/>
  <move id="475" source="I7" target="H7"/>
  <move id="476" source="F9" target="F8"/>
  <move id="477" source="H7" target="G7"/>
  <move id="478" source="F7" target="G7"/>
  <move id="479" source="A4" target="A5"/>
  <move id="480" source="F8" target="F7"/>
  <move id="481" source="A5" target="A6"/>
  <move id="482" source="F7" target="F6"/>
  <move id="483" source="C4" target="D4"/>
  <move id="484" source="E7" target="E6"/>
  <move id="485" source="D4" target="E4"/>
  <move id="486" source="E6" target="E5"/>
  <move id="487" source="E4" target="F4"/>
  <move id="488" source="E5" target="F5"/>
  <move id="489" source="F4" target="E4"/>
  <move id="490" source="F5" target="E5"/>
  <move id="491" source="E4" target="F4"/>
  <move id="492" source="E5" target="F5"/>
  <move id="493" source="F4" target="E4"/>
  <move id="494" source="F5" target="E5"/>
  <move id="495" source="E4" target="F4"/>
  <move id="496" source="E5" target="F5"/>
  <move id="497" source="F4" target="F3"/>
  <move id="498" source="F5" target="F4"/>
  <move id="499" source="F3" target="E3"/>
  <move id="500" source="F4" target="E4"/>
  <move id="501" source="E3" target="D3"/>
  <move id="502" source="F6" target="F5"/>
  <move id="503" source="A6" target="B6"/>
  <move id="504" source="F5" target="F4"/>
  <move id="505" source="B6" target="B7"/>
  <move id="506" source="F4" target="F3"/>
  <move id="507" source="B7" target="C7"/>
  <move id="508" source="F3" target="F2"/>
  <move id="509" source="F1" target="F2"/>
  <move id="510" source="A:" target="B:"/>
  <move id="511" source="C7" target="C8"/>
  <move id="512" source="B:" target="B9"/>
  <move id="513" source="C8" target="D8"/>
  <move id="514" source="D9" target="C9"/>
  <move id="515" source="D8" target="D9"/>
  <move id="516" source="C9" target="C8"/>
  <move id="517" source="D9" target="D:"/>
  <player id="1">Player 1</player>
  <player id="2">Player 2</player>
  <result type="1" winner="1"/>
 </game>
</stratego>