<?xml version="1.0" encoding="UTF-8"?>
<stratego>
 <game type="classic">
  
  <field content="IGBFBMBEDEGBEBLBIDCFHGEDDKDFDJFHJEHDIDHGAA__AA__AAAA__AA__AAPSVSPPRPSPTXTUTSURWTPQNQNVOUNQQNRPRNYNQP"/>
  <move id="1" source="E4" target="E5"/>
  <move id="2" source="A7" target="A4"/>
  <move id="3" source="A4" target="A5"/>
  <move id="4" source="F7" target="F4"/>
  <move id="5" source="G4" target="F4"/>
  <move id="6" source="B7" target="B6"/>
  <move id="7" source="H4" target="G4"/>
  <move id="8" source="C7" target="B7"/>
  <move id="9" source="E5" target="F5"/>
  <move id="10" source="B6" target="A6"/>
  <move id="11" source="A5" target="B5"/>
  <move id="12" source="A6" target="B6"/>
  <move id="13" source="B5" target="A5"/>
  <move id="14" source="A8" target="A7"/>
  <move id="15" source="F4" target="E4"/>
  <move id="16" source="A7" target="A6"/>
  <move id="17" source="A5" target="B5"/>
  <move id="18" source="A6" target="A5"/>
  <move id="19" source="B5" target="B6"/>
  <move id="20" source="A5" target="A6"/>
  <move id="21" source="G4" target="F4"/>
  <move id="22" source="A6" target="A7"/>
  <move id="23" source="F5" target="E5"/>
  <move id="24" source="A7" target="A8"/>
  <move id="25" source="F4" target="F5"/>
  <move id="26" source="K7" target="K4"/>
  <move id="27" source="F5" target="F6"/>
  <move id="28" source="G7" target="F7"/>
  <move id="29" source="E5" target="F5"/>
  <move id="30" source="F7" target="F6"/>
  <move id="31" source="F5" target="F6"/>
  <move id="32" source="B6" target="A6"/>
  <move id="33" source="F6" target="F5"/>
  <move id="34" source="B7" target="B6"/>
  <move id="35" source="I4" target="I5"/>
  <move id="36" source="B6" target="B5"/>
  <move id="37" source="H3" target="H4"/>
  <move id="38" source="B5" target="A5"/>
  <move id="39" source="H4" target="I4"/>
  <move id="40" source="A5" target="B5"/>
  <move id="41" source="E4" target="F4"/>
  <move id="42" source="A6" target="A5"/>
  <move id="43" source="F4" target="G4"/>
  <move id="44" source="A5" target="A4"/>
  <move id="45" source="G4" target="H4"/>
  <move id="46" source="A4" target="A3"/>
  <move id="47" source="H4" target="H3"/>
  <move id="48" source="B5" target="A5"/>
  <move id="49" source="D4" target="E4"/>
  <move id="50" source="B8" target="B7"/>
  <move id="51" source="E4" target="F4"/>
  <move id="52" source="B7" target="A7"/>
  <move id="53" source="F4" target="G4"/>
  <move id="54" source="A7" target="A6"/>
  <move id="55" source="E3" target="E7"/>
  <move id="56" source="A5" target="A4"/>
  <move id="57" source="F5" target="E5"/>
  <move id="58" source="A6" target="A5"/>
  <move id="59" source="I5" target="I6"/>
  <move id="60" source="A4" target="A3"/>
  <move id="61" source="I4" target="I5"/>
  <move id="62" source="A3" target="A4"/>
  <move id="63" source="I5" target="K5"/>
  <move id="64" source="A5" target="A6"/>
  <move id="65" source="K5" target="K6"/>
  <move id="66" source="A4" target="A5"/>
  <move id="67" source="K6" target="K5"/>
  <move id="68" source="A6" target="A7"/>
  <move id="69" source="G4" target="F4"/>
  <move id="70" source="A7" target="B7"/>
  <move id="71" source="F4" target="E4"/>
  <move id="72" source="B7" target="C7"/>
  <move id="73" source="E4" target="D4"/>
  <move id="74" source="A5" target="A6"/>
  <move id="75" source="D3" target="E3"/>
  <move id="76" source="A6" target="B6"/>
  <move id="77" source="D4" target="D3"/>
  <move id="78" source="B6" target="B7"/>
  <move id="79" source="D3" target="D4"/>
  <move id="80" source="A8" target="A7"/>
  <move id="81" source="K5" target="I5"/>
  <move id="82" source="B7" target="B8"/>
  <move id="83" source="I5" target="I4"/>
  <move id="84" source="A7" target="B7"/>
  <move id="85" source="I4" target="H4"/>
  <move id="86" source="A9" target="A8"/>
  <move id="87" source="H4" target="G4"/>
  <move id="88" source="A8" target="A7"/>
  <move id="89" source="G4" target="F4"/>
  <move id="90" source="A7" target="A6"/>
  <move id="91" source="E3" target="E4"/>
  <move id="92" source="A6" target="A5"/>
  <move id="93" source="C3" target="D3"/>
  <move id="94" source="A5" target="A4"/>
  <move id="95" source="D3" target="E3"/>
  <move id="96" source="A4" target="A3"/>
  <move id="97" source="D4" target="D3"/>
  <move id="98" source="A3" target="B3"/>
  <move id="99" source="D3" target="C3"/>
  <move id="100" source="D7" target="E7"/>
  <move id="101" source="B3" target="A3"/>
  <move id="102" source="E7" target="D7"/>
  <move id="103" source="C3" target="B3"/>
  <move id="104" source="E8" target="E7"/>
  <move id="105" source="A3" target="A4"/>
  <move id="106" source="D8" target="E8"/>
  <move id="107" source="B3" target="A3"/>
  <move id="108" source="E7" target="E6"/>
  <move id="109" source="A4" target="A5"/>
  <move id="110" source="E6" target="E5"/>
  <move id="111" source="A3" target="A4"/>
  <move id="112" source="A:" target="A9"/>
  <move id="113" source="A5" target="A6"/>
  <move id="114" source="A9" target="A8"/>
  <move id="115" source="A4" target="A5"/>
  <move id="116" source="A8" target="A7"/>
  <move id="117" source="E3" target="D3"/>
  <move id="118" source="B8" target="A8"/>
  <move id="119" source="D3" target="D4"/>
  <move id="120" source="C8" target="D8"/>
  <move id="121" source="E4" target="E5"/>
  <move id="122" source="C7" target="C8"/>
  <move id="123" source="E5" target="E6"/>
  <move id="124" source="D7" target="E7"/>
  <move id="125" source="E6" target="E5"/>
  <move id="126" source="E7" target="E6"/>
  <move id="127" source="E5" target="E4"/>
  <move id="128" source="E6" target="E5"/>
  <move id="129" source="F3" target="E3"/>
  <move id="130" source="E5" target="E4"/>
  <move id="131" source="E3" target="F3"/>
  <move id="132" source="E4" target="D4"/>
  <move id="133" source="C4" target="D4"/>
  <move id="134" source="I7" target="I6"/>
  <move id="135" source="I6" target="I5"/>
  <move id="136" source="I8" target="I7"/>
  <move id="137" source="I5" target="I4"/>
  <move id="138" source="I7" target="I6"/>
  <move id="139" source="I4" target="H4"/>
  <move id="140" source="I6" target="I5"/>
  <move id="141" source="H4" target="G4"/>
  <move id="142" source="I5" target="I4"/>
  <move id="143" source="F4" target="E4"/>
  <move id="144" source="I4" target="H4"/>
  <move id="145" source="G4" target="F4"/>
  <move id="146" source="H4" target="G4"/>
  <move id="147" source="E4" target="E3"/>
  <move id="148" source="G4" target="H4"/>
  <move id="149" source="E3" target="D3"/>
  <move id="150" source="B7" target="B6"/>
  <move id="151" source="A6" target="B6"/>
  <move id="152" source="C8" target="B8"/>
  <move id="153" source="A5" target="A4"/>
  <move id="154" source="A7" target="B7"/>
  <move id="155" source="A4" target="A5"/>
  <move id="156" source="B7" target="C7"/>
  <move id="157" source="A5" target="A6"/>
  <move id="158" source="B6" target="B7"/>
  <move id="159" source="A6" target="A7"/>
  <move id="160" source="A8" target="A9"/>
  <move id="161" source="A7" target="A8"/>
  <move id="162" source="B8" target="A8"/>
  <move id="163" source="G3" target="G4"/>
  <move id="164" source="H4" target="G4"/>
  <move id="165" source="F4" target="E4"/>
  <move id="166" source="G4" target="H4"/>
  <move id="167" source="F3" target="G3"/>
  <move id="168" source="H4" target="H3"/>
  <move id="169" source="G3" target="H3"/>
  <move id="170" source="C7" target="C8"/>
  <move id="171" source="I3" target="I9"/>
  <move id="172" source="B7" target="A7"/>
  <move id="173" source="K3" target="I3"/>
  <move id="174" source="A8" target="B8"/>
  <move id="175" source="I3" target="I4"/>
  <move id="176" source="B8" target="B7"/>
  <move id="177" source="I4" target="I5"/>
  <move id="178" source="A9" target="A8"/>
  <move id="179" source="I5" target="I6"/>
  <move id="180" source="A8" target="B8"/>
  <move id="181" source="C2" target="C3"/>
  <move id="182" source="A7" target="A8"/>
  <move id="183" source="C3" target="C4"/>
  <move id="184" source="A8" target="A9"/>
  <move id="185" source="D3" target="C3"/>
  <move id="186" source="A9" target="A:"/>
  <move id="187" source="C3" target="C2"/>
  <move id="188" source="B9" target="A9"/>
  <move id="189" source="B4" target="B3"/>
  <move id="190" source="A9" target="A8"/>
  <move id="191" source="B3" target="C3"/>
  <move id="192" source="A8" target="A7"/>
  <move id="193" source="C3" target="D3"/>
  <move id="194" source="B7" target="C7"/>
  <move id="195" source="D3" target="E3"/>
  <move id="196" source="H7" target="I7"/>
  <move id="197" source="I6" target="I7"/>
  <move id="198" source="F8" target="F7"/>
  <move id="199" source="E3" target="F3"/>
  <move id="200" source="F7" target="F6"/>
  <move id="201" source="F3" target="F4"/>
  <move id="202" source="F9" target="F8"/>
  <move id="203" source="F4" target="F5"/>
  <move id="204" source="F8" target="F7"/>
  <move id="205" source="I7" target="I6"/>
  <move id="206" source="F6" target="F5"/>
  <move id="207" source="F5" target="F4"/>
  <move id="208" source="F7" target="F6"/>
  <move id="209" source="F4" target="F3"/>
  <move id="210" source="F6" target="F5"/>
  <move id="211" source="H2" target="H3"/>
  <move id="212" source="F5" target="F4"/>
  <move id="213" source="H3" target="G3"/>
  <move id="214" source="F4" target="E4"/>
  <move id="215" source="D4" target="D3"/>
  <move id="216" source="E4" target="E5"/>
  <move id="217" source="G3" target="G4"/>
  <move id="218" source="E5" target="E6"/>
  <move id="219" source="G4" target="F4"/>
  <move id="220" source="E6" target="E7"/>
  <move id="221" source="F4" target="F5"/>
  <move id="222" source="E7" target="F7"/>
  <move id="223" source="F5" target="F6"/>
  <move id="224" source="F7" target="G7"/>
  <move id="225" source="F6" target="F7"/>
  <move id="226" source="G7" target="H7"/>
  <move id="227" source="F7" target="G7"/>
  <move id="228" source="H7" target="I7"/>
  <move id="229" source="I6" target="I5"/>
  <move id="230" source="I7" target="I6"/>
  <move id="231" source="I5" target="I4"/>
  <move id="232" source="I6" target="K6"/>
  <move id="233" source="G7" target="H7"/>
  <move id="234" source="H8" target="H7"/>
  <move id="235" source="I4" target="H4"/>
  <move id="236" source="H7" target="H8"/>
  <move id="237" source="H4" target="G4"/>
  <move id="238" source="K6" target="K7"/>
  <move id="239" source="G2" target="H2"/>
  <move id="240" source="K7" target="I7"/>
  <move id="241" source="F3" target="G3"/>
  <move id="242" source="I7" target="H7"/>
  <move id="243" source="G3" target="G2"/>
  <move id="244" source="H7" target="G7"/>
  <move id="245" source="H2" target="H3"/>
  <move id="246" source="G7" target="F7"/>
  <move id="247" source="H3" target="G3"/>
  <move id="248" source="F7" target="F8"/>
  <move id="249" source="G4" target="H4"/>
  <move id="250" source="F8" target="F9"/>
  <move id="251" source="H4" target="H3"/>
  <move id="252" source="C7" target="D7"/>
  <move id="253" source="K4" target="K5"/>
  <move id="254" source="D7" target="E7"/>
  <move id="255" source="K5" target="K6"/>
  <move id="256" source="E7" target="F7"/>
  <move id="257" source="K6" target="I6"/>
  <move id="258" source="F7" target="G7"/>
  <move id="259" source="I6" target="I5"/>
  <move id="260" source="G7" target="F7"/>
  <move id="261" source="I2" target="I3"/>
  <move id="262" source="A7" target="A6"/>
  <move id="263" source="I3" target="I4"/>
  <move id="264" source="A6" target="A5"/>
  <move id="265" source="I5" target="I6"/>
  <move id="266" source="A5" target="B5"/>
  <move id="267" source="I6" target="I7"/>
  <move id="268" source="B5" target="B4"/>
  <move id="269" source="C4" target="D4"/>
  <move id="270" source="B4" target="C4"/>
  <move id="271" source="D4" target="E4"/>
  <move id="272" source="C4" target="D4"/>
  <move id="273" source="D3" target="D4"/>
  <move id="274" source="B8" target="B7"/>
  <move id="275" source="I7" target="I8"/>
  <move id="276" source="H8" target="I8"/>
  <move id="277" source="I4" target="H4"/>
  <move id="278" source="K8" target="I8"/>
  <move id="279" source="H3" target="I3"/>
  <move id="280" source="B7" target="B6"/>
  <move id="281" source="I3" target="K3"/>
  <move id="282" source="B6" target="B5"/>
  <move id="283" source="D4" target="D3"/>
  <move id="284" source="B5" target="B4"/>
  <move id="285" source="D3" target="E3"/>
  <move id="286" source="B4" target="C4"/>
  <move id="287" source="H4" target="G4"/>
  <move id="288" source="C4" target="B4"/>
  <move id="289" source="K3" target="I3"/>
  <move id="290" source="C8" target="B8"/>
  <move id="291" source="I3" target="I4"/>
  <move id="292" source="B8" target="B7"/>
  <move id="293" source="I4" target="I5"/>
  <move id="294" source="F7" target="G7"/>
  <move id="295" source="I5" target="I4"/>
  <move id="296" source="G7" target="H7"/>
  <move id="297" source="I4" target="I3"/>
  <move id="298" source="B7" target="B6"/>
  <move id="299" source="G3" target="F3"/>
  <move id="300" source="B4" target="B3"/>
  <move id="301" source="F3" target="F4"/>
  <move id="302" source="B6" target="B5"/>
  <move id="303" source="E3" target="F3"/>
  <move id="304" source="B5" target="B4"/>
  <move id="305" source="E4" target="E5"/>
  <move id="306" source="B4" target="C4"/>
  <move id="307" source="F3" target="E3"/>
  <move id="308" source="C4" target="C3"/>
  <move id="309" source="E5" target="F5"/>
  <move id="310" source="C3" target="C2"/>
  <move id="311" source="F5" target="F6"/>
  <move id="312" source="B3" target="B2"/>
  <move id="313" source="F6" target="E6"/>
  <move id="314" source="H7" target="I7"/>
  <move id="315" source="I3" target="K3"/>
  <move id="316" source="I7" target="I6"/>
  <move id="317" source="E6" target="F6"/>
  <move id="318" source="I6" target="I5"/>
  <move id="319" source="F6" target="F7"/>
  <move id="320" source="I5" target="I4"/>
  <move id="321" source="F7" target="G7"/>
  <move id="322" source="I4" target="I3"/>
  <move id="323" source="K3" target="K4"/>
  <move id="324" source="I3" target="H3"/>
  <move id="325" source="G7" target="G8"/>
  <move id="326" source="H3" target="H2"/>
  <move id="327" source="G4" target="G3"/>
  <move id="328" source="H2" target="G2"/>
  <move id="329" source="G3" target="G2"/>
  <player id="1">Player 1</player>
  <player id="2">Player 2</player>
  <result type="3" winner="1"/>
 </game>
</stratego>