<?xml version="1.0" encoding="UTF-8"?>
<stratego>
 <game type="classic">
  
  <field content="MIEFDEBEBDLCHFEHDDEBGJDHIKFFHIBBDDBGDJGGAA__AA__AAAA__AA__AATVPTSRWPUTRNXQUNPPNRQSTNSPQNSPPPVYNQOURQ"/>
  <move id="1" source="F4" target="F5"/>
  <move id="2" source="F7" target="F6"/>
  <move id="3" source="F3" target="F4"/>
  <move id="4" source="G7" target="F7"/>
  <move id="5" source="I4" target="I5"/>
  <move id="6" source="I7" target="I6"/>
  <move id="7" source="K4" target="K5"/>
  <move id="8" source="I6" target="I5"/>
  <move id="9" source="K5" target="K6"/>
  <move id="10" source="K7" target="K6"/>
  <move id="11" source="H4" target="I4"/>
  <move id="12" source="I5" target="I6"/>
  <move id="13" source="I4" target="I5"/>
  <move id="14" source="H7" target="I7"/>
  <move id="15" source="I5" target="K5"/>
  <move id="16" source="K8" target="K7"/>
  <move id="17" source="K3" target="K4"/>
  <move id="18" source="E7" target="E6"/>
  <move id="19" source="K4" target="I4"/>
  <move id="20" source="K6" target="K5"/>
  <move id="21" source="I4" target="I5"/>
  <move id="22" source="F7" target="G7"/>
  <move id="23" source="K5" target="K6"/>
  <move id="24" source="G7" target="H7"/>
  <move id="25" source="K6" target="I6"/>
  <move id="26" source="I7" target="I6"/>
  <move id="27" source="I6" target="K6"/>
  <move id="28" source="H7" target="I7"/>
  <move id="29" source="I5" target="I4"/>
  <move id="30" source="I7" target="I6"/>
  <move id="31" source="K6" target="K7"/>
  <move id="32" source="I6" target="K6"/>
  <move id="33" source="K7" target="K8"/>
  <move id="34" source="K6" target="K7"/>
  <move id="35" source="K8" target="I8"/>
  <move id="36" source="K7" target="I7"/>
  <move id="37" source="I3" target="K3"/>
  <move id="38" source="I7" target="H7"/>
  <move id="39" source="K3" target="K4"/>
  <move id="40" source="H7" target="G7"/>
  <move id="41" source="K4" target="K5"/>
  <move id="42" source="G7" target="F7"/>
  <move id="43" source="I4" target="I5"/>
  <move id="44" source="E6" target="E5"/>
  <move id="45" source="I5" target="I6"/>
  <move id="46" source="E5" target="F5"/>
  <move id="47" source="I6" target="I7"/>
  <move id="48" source="H8" target="H7"/>
  <move id="49" source="I7" target="H7"/>
  <move id="50" source="F6" target="F5"/>
  <move id="51" source="H7" target="H8"/>
  <move id="52" source="F5" target="F4"/>
  <move id="53" source="H8" target="G8"/>
  <move id="54" source="F7" target="G7"/>
  <move id="55" source="G8" target="G9"/>
  <move id="56" source="G7" target="F7"/>
  <move id="57" source="G9" target="G:"/>
  <move id="58" source="H:" target="G:"/>
  <move id="59" source="F4" target="F5"/>
  <move id="60" source="K9" target="K5"/>
  <move id="61" source="E3" target="F3"/>
  <move id="62" source="F7" target="G7"/>
  <move id="63" source="F3" target="F4"/>
  <move id="64" source="G7" target="H7"/>
  <move id="65" source="F5" target="F6"/>
  <move id="66" source="H7" target="I7"/>
  <move id="67" source="F4" target="F5"/>
  <move id="68" source="I7" target="I6"/>
  <move id="69" source="F6" target="E6"/>
  <move id="70" source="I6" target="I5"/>
  <move id="71" source="K5" target="K6"/>
  <move id="72" source="I5" target="I6"/>
  <move id="73" source="K6" target="K7"/>
  <move id="74" source="I6" target="I7"/>
  <move id="75" source="K7" target="K8"/>
  <move id="76" source="I7" target="K7"/>
  <move id="77" source="K8" target="K9"/>
  <move id="78" source="K7" target="K8"/>
  <move id="79" source="K9" target="I9"/>
  <move id="80" source="K8" target="K9"/>
  <move id="81" source="I9" target="I:"/>
  <move id="82" source="A7" target="A6"/>
  <move id="83" source="I:" target="K:"/>
  <move id="84" source="K9" target="K:"/>
  <move id="85" source="F5" target="F6"/>
  <move id="86" source="K:" target="K9"/>
  <move id="87" source="F6" target="F7"/>
  <move id="88" source="K9" target="K8"/>
  <move id="89" source="F7" target="F8"/>
  <move id="90" source="K8" target="K7"/>
  <move id="91" source="F2" target="F3"/>
  <move id="92" source="K7" target="I7"/>
  <move id="93" source="F3" target="F4"/>
  <move id="94" source="I7" target="H7"/>
  <move id="95" source="F4" target="F5"/>
  <move id="96" source="H7" target="G7"/>
  <move id="97" source="G4" target="F4"/>
  <move id="98" source="B7" target="B6"/>
  <move id="99" source="H3" target="H4"/>
  <move id="100" source="C7" target="B7"/>
  <move id="101" source="H4" target="I4"/>
  <move id="102" source="B7" target="A7"/>
  <move id="103" source="E6" target="E7"/>
  <move id="104" source="D7" target="C7"/>
  <move id="105" source="E7" target="D7"/>
  <move id="106" source="C7" target="B7"/>
  <move id="107" source="D7" target="D8"/>
  <move id="108" source="C8" target="D8"/>
  <move id="109" source="F5" target="E5"/>
  <move id="110" source="D8" target="D7"/>
  <move id="111" source="F4" target="F5"/>
  <move id="112" source="D7" target="E7"/>
  <move id="113" source="G3" target="G4"/>
  <move id="114" source="G7" target="F7"/>
  <move id="115" source="G4" target="F4"/>
  <move id="116" source="F7" target="F6"/>
  <move id="117" source="I4" target="I5"/>
  <move id="118" source="E7" target="E6"/>
  <move id="119" source="H2" target="H3"/>
  <move id="120" source="A6" target="A5"/>
  <move id="121" source="H3" target="H4"/>
  <move id="122" source="A5" target="B5"/>
  <move id="123" source="H4" target="I4"/>
  <move id="124" source="A7" target="A4"/>
  <move id="125" source="I4" target="K4"/>
  <move id="126" source="B7" target="C7"/>
  <move id="127" source="K4" target="K5"/>
  <move id="128" source="B6" target="B7"/>
  <move id="129" source="I5" target="I6"/>
  <move id="130" source="B5" target="B6"/>
  <move id="131" source="K5" target="K6"/>
  <move id="132" source="A8" target="A7"/>
  <move id="133" source="I6" target="I7"/>
  <move id="134" source="A7" target="A6"/>
  <move id="135" source="K6" target="K7"/>
  <move id="136" source="A6" target="A5"/>
  <move id="137" source="I7" target="H7"/>
  <move id="138" source="E6" target="E7"/>
  <move id="139" source="K7" target="I7"/>
  <move id="140" source="E7" target="F7"/>
  <move id="141" source="I2" target="I3"/>
  <move id="142" source="F9" target="G9"/>
  <move id="143" source="I3" target="I4"/>
  <move id="144" source="G9" target="G8"/>
  <move id="145" source="I4" target="I5"/>
  <move id="146" source="G8" target="H8"/>
  <move id="147" source="H7" target="G7"/>
  <move id="148" source="F7" target="G7"/>
  <move id="149" source="I5" target="I6"/>
  <move id="150" source="H8" target="H7"/>
  <move id="151" source="I7" target="H7"/>
  <move id="152" source="A5" target="B5"/>
  <move id="153" source="I6" target="I7"/>
  <move id="154" source="B5" target="B4"/>
  <move id="155" source="I7" target="I8"/>
  <move id="156" source="G7" target="G8"/>
  <move id="157" source="I8" target="I7"/>
  <move id="158" source="G8" target="H8"/>
  <move id="159" source="I7" target="I6"/>
  <move id="160" source="A9" target="A8"/>
  <move id="161" source="I6" target="I5"/>
  <move id="162" source="A8" target="A7"/>
  <move id="163" source="F5" target="F6"/>
  <move id="164" source="H8" target="H7"/>
  <move id="165" source="I5" target="I4"/>
  <move id="166" source="H7" target="G7"/>
  <move id="167" source="I4" target="H4"/>
  <move id="168" source="G7" target="F7"/>
  <move id="169" source="G2" target="G3"/>
  <move id="170" source="F7" target="E7"/>
  <move id="171" source="G3" target="G4"/>
  <move id="172" source="F6" target="E6"/>
  <move id="173" source="E5" target="F5"/>
  <move id="174" source="E6" target="F6"/>
  <move id="175" source="F5" target="E5"/>
  <move id="176" source="E7" target="E6"/>
  <move id="177" source="F4" target="F5"/>
  <move id="178" source="A7" target="A6"/>
  <move id="179" source="G4" target="F4"/>
  <move id="180" source="A6" target="A5"/>
  <move id="181" source="F1" target="F2"/>
  <move id="182" source="A5" target="A4"/>
  <move id="183" source="A3" target="A4"/>
  <move id="184" source="B6" target="B5"/>
  <move id="185" source="D3" target="E3"/>
  <move id="186" source="B5" target="A5"/>
  <move id="187" source="A4" target="A3"/>
  <move id="188" source="A5" target="A4"/>
  <move id="189" source="F2" target="F3"/>
  <move id="190" source="A4" target="A3"/>
  <move id="191" source="B3" target="A3"/>
  <move id="192" source="B7" target="B6"/>
  <move id="193" source="B2" target="B3"/>
  <move id="194" source="B6" target="B5"/>
  <move id="195" source="D4" target="D3"/>
  <move id="196" source="B5" target="A5"/>
  <move id="197" source="E1" target="F1"/>
  <move id="198" source="A5" target="A4"/>
  <move id="199" source="F1" target="F2"/>
  <move id="200" source="A4" target="A3"/>
  <move id="201" source="H4" target="I4"/>
  <move id="202" source="A:" target="A2"/>
  <move id="203" source="I4" target="I5"/>
  <move id="204" source="F6" target="F5"/>
  <move id="205" source="E5" target="E6"/>
  <move id="206" source="F5" target="F4"/>
  <move id="207" source="F3" target="G3"/>
  <move id="208" source="F4" target="E4"/>
  <move id="209" source="D3" target="D4"/>
  <move id="210" source="B9" target="A9"/>
  <move id="211" source="C2" target="B2"/>
  <move id="212" source="C9" target="B9"/>
  <move id="213" source="C3" target="C2"/>
  <move id="214" source="C:" target="C9"/>
  <move id="215" source="B3" target="C3"/>
  <move id="216" source="C9" target="C8"/>
  <move id="217" source="E3" target="F3"/>
  <move id="218" source="C8" target="D8"/>
  <move id="219" source="F3" target="F4"/>
  <move id="220" source="D8" target="D7"/>
  <move id="221" source="C3" target="D3"/>
  <move id="222" source="D7" target="E7"/>
  <move id="223" source="D3" target="E3"/>
  <move id="224" source="E7" target="F7"/>
  <move id="225" source="E3" target="F3"/>
  <move id="226" source="F7" target="F6"/>
  <move id="227" source="F4" target="F5"/>
  <move id="228" source="F6" target="F5"/>
  <move id="229" source="G3" target="G4"/>
  <move id="230" source="F5" target="F4"/>
  <move id="231" source="F3" target="E3"/>
  <move id="232" source="F4" target="G4"/>
  <move id="233" source="I5" target="I6"/>
  <move id="234" source="G4" target="G3"/>
  <move id="235" source="I6" target="I7"/>
  <move id="236" source="G3" target="F3"/>
  <move id="237" source="E3" target="D3"/>
  <move id="238" source="F3" target="F2"/>
  <move id="239" source="E2" target="E3"/>
  <move id="240" source="F2" target="E2"/>
  <move id="241" source="E3" target="F3"/>
  <move id="242" source="E2" target="E3"/>
  <move id="243" source="D3" target="C3"/>
  <move id="244" source="E3" target="F3"/>
  <move id="245" source="I7" target="H7"/>
  <move id="246" source="E6" target="F6"/>
  <move id="247" source="H7" target="G7"/>
  <move id="248" source="E8" target="E7"/>
  <move id="249" source="G7" target="G8"/>
  <move id="250" source="E9" target="F9"/>
  <move id="251" source="G8" target="F8"/>
  <move id="252" source="F9" target="F8"/>
  <move id="253" source="D2" target="D3"/>
  <move id="254" source="F3" target="E3"/>
  <move id="255" source="C2" target="I2"/>
  <move id="256" source="E3" target="D3"/>
  <move id="257" source="C3" target="C2"/>
  <move id="258" source="D3" target="D2"/>
  <move id="259" source="C2" target="C3"/>
  <move id="260" source="D2" target="C2"/>
  <move id="261" source="C3" target="D3"/>
  <move id="262" source="C2" target="C3"/>
  <move id="263" source="D3" target="E3"/>
  <move id="264" source="C3" target="D3"/>
  <move id="265" source="E3" target="F3"/>
  <move id="266" source="D3" target="E3"/>
  <move id="267" source="F3" target="G3"/>
  <move id="268" source="E3" target="F3"/>
  <move id="269" source="G3" target="G4"/>
  <move id="270" source="F3" target="G3"/>
  <move id="271" source="G4" target="F4"/>
  <move id="272" source="E7" target="E6"/>
  <move id="273" source="I2" target="I:"/>
  <move id="274" source="E6" target="E5"/>
  <move id="275" source="I:" target="F:"/>
  <move id="276" source="E5" target="F5"/>
  <move id="277" source="B2" target="B3"/>
  <move id="278" source="F5" target="F4"/>
  <move id="279" source="B1" target="B2"/>
  <move id="280" source="F4" target="G4"/>
  <move id="281" source="B3" target="C3"/>
  <move id="282" source="C7" target="C8"/>
  <move id="283" source="B2" target="B3"/>
  <move id="284" source="F6" target="F7"/>
  <move id="285" source="B3" target="A3"/>
  <move id="286" source="F7" target="E7"/>
  <move id="287" source="D4" target="D3"/>
  <move id="288" source="E7" target="D7"/>
  <move id="289" source="C1" target="C2"/>
  <move id="290" source="G3" target="F3"/>
  <move id="291" source="A2" target="B2"/>
  <move id="292" source="F3" target="E3"/>
  <move id="293" source="D3" target="D2"/>
  <move id="294" source="E3" target="D3"/>
  <move id="295" source="D2" target="E2"/>
  <move id="296" source="G4" target="G3"/>
  <move id="297" source="E2" target="F2"/>
  <move id="298" source="D3" target="E3"/>
  <move id="299" source="F2" target="F7"/>
  <move id="300" source="F8" target="F7"/>
  <move id="301" source="H1" target="H2"/>
  <move id="302" source="G3" target="H3"/>
  <move id="303" source="H2" target="G2"/>
  <move id="304" source="E3" target="E2"/>
  <move id="305" source="D1" target="D2"/>
  <move id="306" source="E2" target="F2"/>
  <move id="307" source="D2" target="D3"/>
  <move id="308" source="F2" target="G2"/>
  <move id="309" source="C2" target="D2"/>
  <move id="310" source="G2" target="F2"/>
  <move id="311" source="B2" target="B1"/>
  <move id="312" source="F2" target="E2"/>
  <move id="313" source="D2" target="C2"/>
  <move id="314" source="E2" target="E3"/>
  <move id="315" source="D3" target="D2"/>
  <move id="316" source="E3" target="D3"/>
  <move id="317" source="C3" target="B3"/>
  <move id="318" source="D3" target="D2"/>
  <move id="319" source="C2" target="C3"/>
  <move id="320" source="D2" target="D3"/>
  <move id="321" source="C3" target="C2"/>
  <move id="322" source="D3" target="C3"/>
  <move id="323" source="C2" target="B2"/>
  <move id="324" source="C3" target="B3"/>
  <move id="325" source="A3" target="A4"/>
  <move id="326" source="D7" target="C7"/>
  <move id="327" source="B2" target="A2"/>
  <move id="328" source="B3" target="A3"/>
  <move id="329" source="A4" target="A5"/>
  <move id="330" source="A3" target="A2"/>
  <move id="331" source="B1" target="B2"/>
  <move id="332" source="A2" target="A3"/>
  <move id="333" source="B2" target="A2"/>
  <move id="334" source="A3" target="A4"/>
  <move id="335" source="A5" target="B5"/>
  <move id="336" source="C7" target="B7"/>
  <move id="337" source="A2" target="A3"/>
  <move id="338" source="A4" target="A5"/>
  <move id="339" source="B5" target="B6"/>
  <move id="340" source="B7" target="B6"/>
  <move id="341" source="A3" target="A4"/>
  <move id="342" source="A5" target="A6"/>
  <move id="343" source="A4" target="A5"/>
  <move id="344" source="A6" target="A7"/>
  <move id="345" source="C4" target="D4"/>
  <move id="346" source="A7" target="B7"/>
  <move id="347" source="D4" target="D3"/>
  <move id="348" source="B7" target="C7"/>
  <move id="349" source="D3" target="E3"/>
  <move id="350" source="H3" target="G3"/>
  <move id="351" source="E3" target="D3"/>
  <move id="352" source="G3" target="F3"/>
  <move id="353" source="D3" target="C3"/>
  <move id="354" source="F3" target="E3"/>
  <move id="355" source="C3" target="B3"/>
  <move id="356" source="E3" target="D3"/>
  <move id="357" source="B3" target="B2"/>
  <move id="358" source="D3" target="D2"/>
  <move id="359" source="B2" target="B3"/>
  <move id="360" source="D2" target="C2"/>
  <move id="361" source="B3" target="A3"/>
  <move id="362" source="C2" target="B2"/>
  <move id="363" source="A3" target="A4"/>
  <move id="364" source="B2" target="A2"/>
  <move id="365" source="A4" target="A3"/>
  <move id="366" source="A2" target="A3"/>
  <move id="367" source="A5" target="A4"/>
  <move id="368" source="A3" target="A2"/>
  <move id="369" source="A4" target="A3"/>
  <move id="370" source="A2" target="A1"/>
  <player id="1">Player 1</player>
  <player id="2">Player 2</player>
  <result type="1" winner="2"/>
 </game>
</stratego>