<?xml version="1.0" encoding="UTF-8"?>
<stratego>
 <game type="classic">
  
  <field content="HEDDDDFHBMEBHGEDGEBBFBIEIGCGIHBFJLDDKJFDAA__AA__AAAA__AA__AANPTURSPPRNSRWTXVSPTRNSPVQONQPPQUYNUNQTPQ"/>
  <move id="1" source="B4" target="B5"/>
  <move id="2" source="B7" target="B5"/>
  <move id="3" source="B5" target="B6"/>
  <move id="4" source="B8" target="B7"/>
  <move id="5" source="B6" target="B5"/>
  <move id="6" source="B7" target="B6"/>
  <move id="7" source="C4" target="B4"/>
  <move id="8" source="C7" target="B7"/>
  <move id="9" source="C3" target="C4"/>
  <move id="10" source="E7" target="E6"/>
  <move id="11" source="C2" target="C3"/>
  <move id="12" source="D7" target="E7"/>
  <move id="13" source="K4" target="K7"/>
  <move id="14" source="I7" target="I6"/>
  <move id="15" source="K3" target="K4"/>
  <move id="16" source="I8" target="I7"/>
  <move id="17" source="I4" target="I5"/>
  <move id="18" source="F7" target="F6"/>
  <move id="19" source="H4" target="I4"/>
  <move id="20" source="F8" target="F7"/>
  <move id="21" source="K4" target="K5"/>
  <move id="22" source="H8" target="I8"/>
  <move id="23" source="I5" target="I6"/>
  <move id="24" source="I7" target="I6"/>
  <move id="25" source="K5" target="I5"/>
  <move id="26" source="H7" target="I7"/>
  <move id="27" source="I5" target="I6"/>
  <move id="28" source="I7" target="I4"/>
  <move id="29" source="I4" target="I5"/>
  <move id="30" source="G7" target="H7"/>
  <move id="31" source="G4" target="H4"/>
  <move id="32" source="H7" target="I7"/>
  <move id="33" source="H4" target="I4"/>
  <move id="34" source="I7" target="I6"/>
  <move id="35" source="I5" target="K5"/>
  <move id="36" source="I6" target="K6"/>
  <move id="37" source="K5" target="K4"/>
  <move id="38" source="K6" target="K5"/>
  <move id="39" source="K4" target="K3"/>
  <move id="40" source="K5" target="K4"/>
  <move id="41" source="F4" target="F6"/>
  <move id="42" source="F7" target="G7"/>
  <move id="43" source="F3" target="F4"/>
  <move id="44" source="I8" target="I4"/>
  <move id="45" source="I4" target="H4"/>
  <move id="46" source="K4" target="I4"/>
  <move id="47" source="H4" target="G4"/>
  <move id="48" source="I4" target="H4"/>
  <move id="49" source="F4" target="F5"/>
  <move id="50" source="G7" target="F7"/>
  <move id="51" source="H3" target="H4"/>
  <move id="52" source="F7" target="G7"/>
  <move id="53" source="E4" target="E5"/>
  <move id="54" source="F6" target="F7"/>
  <move id="55" source="F5" target="F6"/>
  <move id="56" source="F9" target="F8"/>
  <move id="57" source="E3" target="E4"/>
  <move id="58" source="E6" target="E5"/>
  <move id="59" source="E4" target="E5"/>
  <move id="60" source="E7" target="E6"/>
  <move id="61" source="E5" target="F5"/>
  <move id="62" source="E6" target="F6"/>
  <move id="63" source="F5" target="F6"/>
  <move id="64" source="D8" target="D7"/>
  <move id="65" source="D4" target="E4"/>
  <move id="66" source="D7" target="E7"/>
  <move id="67" source="E4" target="D4"/>
  <move id="68" source="E7" target="E6"/>
  <move id="69" source="C1" target="C2"/>
  <move id="70" source="E8" target="E7"/>
  <move id="71" source="F2" target="F3"/>
  <move id="72" source="F7" target="F6"/>
  <move id="73" source="F3" target="F6"/>
  <move id="74" source="F8" target="F7"/>
  <move id="75" source="F1" target="F2"/>
  <move id="76" source="E6" target="E5"/>
  <move id="77" source="F2" target="F3"/>
  <move id="78" source="E7" target="E6"/>
  <move id="79" source="F3" target="E3"/>
  <move id="80" source="C8" target="D8"/>
  <move id="81" source="E3" target="E5"/>
  <move id="82" source="D8" target="E8"/>
  <move id="83" source="G4" target="F4"/>
  <move id="84" source="G8" target="H8"/>
  <move id="85" source="F4" target="F5"/>
  <move id="86" source="E8" target="F8"/>
  <move id="87" source="F5" target="E5"/>
  <move id="88" source="E6" target="E5"/>
  <move id="89" source="D3" target="E3"/>
  <move id="90" source="F8" target="G8"/>
  <move id="91" source="D4" target="E4"/>
  <move id="92" source="E5" target="E6"/>
  <move id="93" source="E4" target="E5"/>
  <move id="94" source="E6" target="E5"/>
  <move id="95" source="H4" target="G4"/>
  <move id="96" source="F7" target="E7"/>
  <move id="97" source="B5" target="B6"/>
  <move id="98" source="G7" target="F7"/>
  <move id="99" source="B4" target="B5"/>
  <move id="100" source="D9" target="D8"/>
  <move id="101" source="G3" target="F3"/>
  <move id="102" source="D8" target="C8"/>
  <move id="103" source="G4" target="F4"/>
  <move id="104" source="G8" target="G7"/>
  <move id="105" source="F4" target="F5"/>
  <move id="106" source="G7" target="H7"/>
  <move id="107" source="F3" target="F4"/>
  <move id="108" source="H7" target="I7"/>
  <move id="109" source="F5" target="F6"/>
  <move id="110" source="I7" target="I6"/>
  <move id="111" source="F4" target="F5"/>
  <move id="112" source="I6" target="I5"/>
  <move id="113" source="F5" target="F6"/>
  <move id="114" source="I5" target="K5"/>
  <move id="115" source="E1" target="F1"/>
  <move id="116" source="K5" target="K4"/>
  <move id="117" source="I3" target="H3"/>
  <move id="118" source="K4" target="K3"/>
  <move id="119" source="F6" target="F7"/>
  <move id="120" source="K3" target="I3"/>
  <move id="121" source="B5" target="B6"/>
  <move id="122" source="I3" target="H3"/>
  <move id="123" source="B6" target="B7"/>
  <move id="124" source="H3" target="G3"/>
  <move id="125" source="B7" target="B8"/>
  <move id="126" source="C8" target="B8"/>
  <player id="1">Player 1</player>
  <player id="2">Player 2</player>
  <result type="3" winner="2"/>
 </game>
</stratego>