<?xml version="1.0" encoding="UTF-8"?>
<stratego>
 <game type="classic">
  
  <field content="EMEFBBGEBEDDIEJBHBDFIHDDHKCIGBGDLFDGJHDFAA__AA__AAAA__AA__AAQSRUPRNPRPPXVWNPSPPNUQVOTSQNQRYUTTTNSQPN"/>
  <move id="1" source="B4" target="B7"/>
  <move id="2" source="B7" target="B6"/>
  <move id="3" source="B3" target="B4"/>
  <move id="4" source="C7" target="B7"/>
  <move id="5" source="B4" target="B5"/>
  <move id="6" source="B6" target="A6"/>
  <move id="7" source="C4" target="B4"/>
  <move id="8" source="B7" target="B6"/>
  <move id="9" source="A4" target="A5"/>
  <move id="10" source="A6" target="A5"/>
  <move id="11" source="A3" target="A4"/>
  <move id="12" source="B6" target="A6"/>
  <move id="13" source="A4" target="A5"/>
  <move id="14" source="B8" target="B7"/>
  <move id="15" source="A5" target="A6"/>
  <move id="16" source="B7" target="B6"/>
  <move id="17" source="A6" target="A5"/>
  <move id="18" source="B6" target="B5"/>
  <move id="19" source="A5" target="A6"/>
  <move id="20" source="B5" target="B4"/>
  <move id="21" source="F4" target="F5"/>
  <move id="22" source="C8" target="B8"/>
  <move id="23" source="B2" target="B8"/>
  <move id="24" source="B8" target="B7"/>
  <move id="25" source="A6" target="A5"/>
  <move id="26" source="B7" target="B6"/>
  <move id="27" source="A5" target="A4"/>
  <move id="28" source="D8" target="C8"/>
  <move id="29" source="F3" target="F4"/>
  <move id="30" source="C8" target="B8"/>
  <move id="31" source="F5" target="F6"/>
  <move id="32" source="B6" target="B5"/>
  <move id="33" source="F4" target="F5"/>
  <move id="34" source="B8" target="B7"/>
  <move id="35" source="F6" target="E6"/>
  <move id="36" source="B7" target="B6"/>
  <move id="37" source="F5" target="F6"/>
  <move id="38" source="B5" target="B4"/>
  <move id="39" source="A4" target="A3"/>
  <move id="40" source="B4" target="A4"/>
  <move id="41" source="A3" target="B3"/>
  <move id="42" source="B6" target="B5"/>
  <move id="43" source="E6" target="E7"/>
  <move id="44" source="B5" target="B4"/>
  <move id="45" source="E7" target="F7"/>
  <move id="46" source="B4" target="B3"/>
  <move id="47" source="F7" target="G7"/>
  <move id="48" source="B3" target="B4"/>
  <move id="49" source="F6" target="F7"/>
  <move id="50" source="B4" target="B5"/>
  <move id="51" source="E4" target="E8"/>
  <move id="52" source="B5" target="B6"/>
  <move id="53" source="F7" target="E7"/>
  <move id="54" source="B6" target="B7"/>
  <move id="55" source="E7" target="D7"/>
  <move id="56" source="B7" target="C7"/>
  <move id="57" source="D7" target="D8"/>
  <move id="58" source="C7" target="C8"/>
  <move id="59" source="D8" target="D9"/>
  <move id="60" source="A4" target="A3"/>
  <move id="61" source="D9" target="C9"/>
  <move id="62" source="C8" target="C7"/>
  <move id="63" source="C9" target="C8"/>
  <move id="64" source="C7" target="D7"/>
  <move id="65" source="G4" target="F4"/>
  <move id="66" source="D7" target="E7"/>
  <move id="67" source="F4" target="F5"/>
  <move id="68" source="E7" target="E6"/>
  <move id="69" source="C8" target="C7"/>
  <move id="70" source="E6" target="E5"/>
  <move id="71" source="F5" target="F6"/>
  <move id="72" source="E5" target="E4"/>
  <move id="73" source="F6" target="F7"/>
  <move id="74" source="E4" target="E3"/>
  <move id="75" source="F7" target="E7"/>
  <move id="76" source="F8" target="F2"/>
  <move id="77" source="C3" target="C4"/>
  <move id="78" source="E3" target="E2"/>
  <move id="79" source="C4" target="B4"/>
  <move id="80" source="E2" target="E3"/>
  <move id="81" source="C7" target="C8"/>
  <move id="82" source="E3" target="E4"/>
  <move id="83" source="B4" target="B7"/>
  <move id="84" source="A7" target="A6"/>
  <move id="85" source="B7" target="D7"/>
  <move id="86" source="A6" target="A5"/>
  <move id="87" source="C8" target="C7"/>
  <move id="88" source="A3" target="B3"/>
  <move id="89" source="C7" target="B7"/>
  <move id="90" source="A5" target="A4"/>
  <move id="91" source="B7" target="B6"/>
  <move id="92" source="A4" target="A3"/>
  <move id="93" source="B6" target="B5"/>
  <move id="94" source="B3" target="B2"/>
  <move id="95" source="B5" target="B4"/>
  <move id="96" source="A3" target="A2"/>
  <move id="97" source="B4" target="B3"/>
  <move id="98" source="A2" target="A1"/>
  <move id="99" source="B3" target="B2"/>
  <move id="100" source="E4" target="E5"/>
  <move id="101" source="E7" target="F7"/>
  <move id="102" source="E5" target="E4"/>
  <move id="103" source="B2" target="B3"/>
  <move id="104" source="E4" target="E3"/>
  <move id="105" source="D3" target="C3"/>
  <move id="106" source="E3" target="E2"/>
  <move id="107" source="C3" target="C4"/>
  <move id="108" source="E2" target="D2"/>
  <move id="109" source="C4" target="B4"/>
  <move id="110" source="D2" target="D3"/>
  <move id="111" source="B4" target="B5"/>
  <move id="112" source="D3" target="E3"/>
  <move id="113" source="I4" target="I7"/>
  <move id="114" source="E3" target="F3"/>
  <move id="115" source="I3" target="I4"/>
  <move id="116" source="F3" target="G3"/>
  <move id="117" source="I4" target="I5"/>
  <move id="118" source="G3" target="H3"/>
  <move id="119" source="I5" target="I6"/>
  <move id="120" source="H3" target="I3"/>
  <move id="121" source="I6" target="I7"/>
  <move id="122" source="K7" target="K6"/>
  <move id="123" source="B3" target="C3"/>
  <move id="124" source="K6" target="K5"/>
  <move id="125" source="C3" target="D3"/>
  <move id="126" source="I3" target="H3"/>
  <move id="127" source="D3" target="E3"/>
  <move id="128" source="K5" target="I5"/>
  <move id="129" source="E3" target="F3"/>
  <move id="130" source="I5" target="I2"/>
  <move id="131" source="F3" target="G3"/>
  <move id="132" source="H3" target="I3"/>
  <move id="133" source="G3" target="H3"/>
  <move id="134" source="I3" target="I4"/>
  <move id="135" source="H3" target="I3"/>
  <move id="136" source="I4" target="I5"/>
  <move id="137" source="I3" target="I4"/>
  <move id="138" source="I5" target="I6"/>
  <move id="139" source="I7" target="H7"/>
  <move id="140" source="I6" target="I7"/>
  <move id="141" source="H7" target="H8"/>
  <move id="142" source="G8" target="H8"/>
  <move id="143" source="D7" target="D8"/>
  <move id="144" source="I7" target="H7"/>
  <move id="145" source="F7" target="E7"/>
  <move id="146" source="H7" target="H8"/>
  <move id="147" source="E7" target="D7"/>
  <move id="148" source="H8" target="G8"/>
  <move id="149" source="D8" target="D:"/>
  <move id="150" source="D:" target="D9"/>
  <move id="151" source="D7" target="D8"/>
  <move id="152" source="D9" target="C9"/>
  <move id="153" source="D8" target="C8"/>
  <move id="154" source="C9" target="D9"/>
  <move id="155" source="C8" target="D8"/>
  <move id="156" source="D9" target="C9"/>
  <move id="157" source="D8" target="C8"/>
  <move id="158" source="C9" target="D9"/>
  <move id="159" source="C8" target="D8"/>
  <move id="160" source="D9" target="C9"/>
  <move id="161" source="D8" target="C8"/>
  <move id="162" source="G8" target="F8"/>
  <move id="163" source="C8" target="C9"/>
  <move id="164" source="F8" target="F7"/>
  <move id="165" source="I4" target="I3"/>
  <move id="166" source="F7" target="E7"/>
  <move id="167" source="I3" target="H3"/>
  <move id="168" source="E7" target="D7"/>
  <move id="169" source="H3" target="G3"/>
  <move id="170" source="D7" target="D8"/>
  <move id="171" source="G3" target="G4"/>
  <move id="172" source="D8" target="C8"/>
  <move id="173" source="C9" target="D9"/>
  <move id="174" source="C8" target="C9"/>
  <move id="175" source="D9" target="D8"/>
  <move id="176" source="A8" target="B8"/>
  <move id="177" source="G4" target="F4"/>
  <move id="178" source="B8" target="B7"/>
  <move id="179" source="B5" target="B4"/>
  <move id="180" source="C9" target="D9"/>
  <move id="181" source="D8" target="C8"/>
  <move id="182" source="D9" target="C9"/>
  <move id="183" source="C8" target="B8"/>
  <move id="184" source="B7" target="C7"/>
  <move id="185" source="F4" target="F5"/>
  <move id="186" source="C9" target="C8"/>
  <move id="187" source="B8" target="B7"/>
  <move id="188" source="C7" target="D7"/>
  <move id="189" source="F5" target="F6"/>
  <move id="190" source="C8" target="B8"/>
  <move id="191" source="B7" target="C7"/>
  <move id="192" source="D7" target="D8"/>
  <move id="193" source="F6" target="E6"/>
  <move id="194" source="B8" target="C8"/>
  <move id="195" source="C7" target="D7"/>
  <move id="196" source="D8" target="D9"/>
  <move id="197" source="E6" target="E5"/>
  <move id="198" source="C8" target="D8"/>
  <move id="199" source="D7" target="C7"/>
  <move id="200" source="D8" target="C8"/>
  <move id="201" source="C7" target="D7"/>
  <move id="202" source="C8" target="D8"/>
  <move id="203" source="D7" target="E7"/>
  <move id="204" source="A9" target="A8"/>
  <move id="205" source="E7" target="F7"/>
  <move id="206" source="A8" target="A7"/>
  <move id="207" source="E5" target="E4"/>
  <move id="208" source="D8" target="D7"/>
  <move id="209" source="F7" target="F6"/>
  <move id="210" source="D7" target="E7"/>
  <move id="211" source="E4" target="E3"/>
  <move id="212" source="E7" target="F7"/>
  <move id="213" source="F6" target="E6"/>
  <move id="214" source="F7" target="E7"/>
  <move id="215" source="E6" target="F6"/>
  <move id="216" source="A7" target="A6"/>
  <move id="217" source="E3" target="E4"/>
  <move id="218" source="A6" target="A5"/>
  <move id="219" source="E4" target="E3"/>
  <move id="220" source="A5" target="B5"/>
  <move id="221" source="B4" target="C4"/>
  <move id="222" source="B5" target="B4"/>
  <move id="223" source="C4" target="C3"/>
  <move id="224" source="E7" target="F7"/>
  <move id="225" source="F6" target="E6"/>
  <move id="226" source="F7" target="E7"/>
  <move id="227" source="E6" target="F6"/>
  <move id="228" source="E7" target="F7"/>
  <move id="229" source="F6" target="E6"/>
  <move id="230" source="F7" target="E7"/>
  <move id="231" source="E6" target="F6"/>
  <move id="232" source="E7" target="F7"/>
  <move id="233" source="F6" target="E6"/>
  <move id="234" source="D9" target="D8"/>
  <move id="235" source="C3" target="D3"/>
  <move id="236" source="B4" target="C4"/>
  <move id="237" source="D3" target="D2"/>
  <move id="238" source="D8" target="D7"/>
  <move id="239" source="E3" target="D3"/>
  <move id="240" source="F7" target="E7"/>
  <move id="241" source="E6" target="F6"/>
  <move id="242" source="E7" target="F7"/>
  <move id="243" source="F6" target="E6"/>
  <move id="244" source="F7" target="E7"/>
  <move id="245" source="E6" target="F6"/>
  <move id="246" source="E7" target="F7"/>
  <move id="247" source="F6" target="E6"/>
  <move id="248" source="F7" target="E7"/>
  <move id="249" source="E6" target="F6"/>
  <move id="250" source="C4" target="B4"/>
  <move id="251" source="D3" target="C3"/>
  <move id="252" source="E7" target="F7"/>
  <move id="253" source="F6" target="E6"/>
  <move id="254" source="F7" target="E7"/>
  <move id="255" source="E6" target="F6"/>
  <move id="256" source="D7" target="C7"/>
  <move id="257" source="C3" target="B3"/>
  <move id="258" source="B4" target="B5"/>
  <move id="259" source="B3" target="B4"/>
  <move id="260" source="B5" target="A5"/>
  <move id="261" source="B4" target="B5"/>
  <move id="262" source="A5" target="A4"/>
  <move id="263" source="B5" target="B6"/>
  <move id="264" source="C7" target="D7"/>
  <move id="265" source="B6" target="B7"/>
  <move id="266" source="A4" target="B4"/>
  <move id="267" source="B7" target="C7"/>
  <move id="268" source="E7" target="F7"/>
  <move id="269" source="F6" target="E6"/>
  <move id="270" source="F7" target="E7"/>
  <move id="271" source="E6" target="F6"/>
  <move id="272" source="D7" target="D8"/>
  <move id="273" source="C7" target="D7"/>
  <move id="274" source="E7" target="D7"/>
  <move id="275" source="F6" target="E6"/>
  <move id="276" source="B4" target="B3"/>
  <move id="277" source="E6" target="E7"/>
  <move id="278" source="B3" target="C3"/>
  <move id="279" source="C2" target="C3"/>
  <move id="280" source="D8" target="C8"/>
  <move id="281" source="E7" target="D7"/>
  <move id="282" source="C8" target="B8"/>
  <move id="283" source="D7" target="C7"/>
  <move id="284" source="B8" target="A8"/>
  <move id="285" source="C7" target="B7"/>
  <move id="286" source="A8" target="A6"/>
  <move id="287" source="B7" target="B6"/>
  <move id="288" source="A6" target="A7"/>
  <move id="289" source="C1" target="C2"/>
  <move id="290" source="A7" target="C7"/>
  <move id="291" source="C2" target="C3"/>
  <move id="292" source="C7" target="D7"/>
  <move id="293" source="C3" target="C4"/>
  <move id="294" source="D7" target="E7"/>
  <move id="295" source="C4" target="B4"/>
  <move id="296" source="E7" target="E6"/>
  <move id="297" source="B6" target="B7"/>
  <move id="298" source="E6" target="E5"/>
  <move id="299" source="B7" target="B8"/>
  <move id="300" source="E5" target="F5"/>
  <move id="301" source="B4" target="B5"/>
  <move id="302" source="F5" target="F6"/>
  <move id="303" source="B5" target="B6"/>
  <move id="304" source="F6" target="E6"/>
  <move id="305" source="B6" target="B7"/>
  <move id="306" source="E6" target="E7"/>
  <move id="307" source="D2" target="A2"/>
  <move id="308" source="E7" target="E6"/>
  <move id="309" source="A2" target="A:"/>
  <player id="1">Player 1</player>
  <player id="2">Player 2</player>
  <result type="1" winner="1"/>
 </game>
</stratego>