<?xml version="1.0" encoding="UTF-8"?>
<stratego>
 <game type="classic">
  
  <field content="BEBFEBMBEHFDBHDGBGCEIDJDGKEDJHFDFIDHLIDGAA__AA__AAAA__AA__AAUPOPTSPPQUWTPRRRQRTXSQNVSTVNQUPNYNPSNPNQ"/>
  <move id="1" source="K4" target="K5"/>
  <move id="2" source="K7" target="K6"/>
  <move id="3" source="I4" target="I5"/>
  <move id="4" source="K6" target="K5"/>
  <move id="5" source="I5" target="I6"/>
  <move id="6" source="I7" target="K7"/>
  <move id="7" source="I3" target="I4"/>
  <move id="8" source="H7" target="I7"/>
  <move id="9" source="I4" target="I5"/>
  <move id="10" source="I7" target="I6"/>
  <move id="11" source="I5" target="K5"/>
  <move id="12" source="K7" target="I7"/>
  <move id="13" source="K5" target="I5"/>
  <move id="14" source="K8" target="K7"/>
  <move id="15" source="I5" target="I4"/>
  <move id="16" source="K7" target="K6"/>
  <move id="17" source="I4" target="I3"/>
  <move id="18" source="K6" target="K5"/>
  <move id="19" source="K3" target="K4"/>
  <move id="20" source="K5" target="K4"/>
  <move id="21" source="F4" target="F5"/>
  <move id="22" source="K4" target="K3"/>
  <move id="23" source="I3" target="I4"/>
  <move id="24" source="K3" target="K4"/>
  <move id="25" source="I4" target="I3"/>
  <move id="26" source="K4" target="K3"/>
  <move id="27" source="I3" target="I4"/>
  <move id="28" source="K3" target="K4"/>
  <move id="29" source="I4" target="I3"/>
  <move id="30" source="K4" target="K3"/>
  <move id="31" source="I3" target="I4"/>
  <move id="32" source="K3" target="I3"/>
  <player id="1">Player 1</player>
  <player id="2">Player 2</player>
  <result type="10" winner="3"/>
 </game>
</stratego>