<?xml version="1.0" encoding="UTF-8"?>
<stratego>
 <game type="classic">
  
  <field content="EGBMBGIHBEGEIBLIJBEDFJDDGHBKHFDDCEDFHDFDAA__AA__AAAA__AA__AAQSRUPRNPRPPXVWNPSPPNUQVOTSQNQRYUTTTNSQPN"/>
  <move id="1" source="I4" target="I5"/>
  <move id="2" source="B7" target="B6"/>
  <move id="3" source="K4" target="K5"/>
  <move id="4" source="B6" target="B5"/>
  <move id="5" source="K3" target="K4"/>
  <move id="6" source="B5" target="B4"/>
  <move id="7" source="B3" target="B4"/>
  <move id="8" source="B8" target="B7"/>
  <move id="9" source="B4" target="B3"/>
  <move id="10" source="B7" target="B6"/>
  <move id="11" source="A4" target="B4"/>
  <move id="12" source="B6" target="B5"/>
  <move id="13" source="F4" target="F5"/>
  <move id="14" source="B5" target="A5"/>
  <move id="15" source="G4" target="F4"/>
  <move id="16" source="A5" target="A4"/>
  <move id="17" source="F5" target="F6"/>
  <move id="18" source="C7" target="B7"/>
  <move id="19" source="F4" target="F5"/>
  <move id="20" source="B7" target="B6"/>
  <move id="21" source="A3" target="A4"/>
  <move id="22" source="A4" target="B4"/>
  <move id="23" source="C4" target="B4"/>
  <move id="24" source="B6" target="B5"/>
  <move id="25" source="C3" target="C4"/>
  <move id="26" source="F7" target="F6"/>
  <move id="27" source="E4" target="E5"/>
  <move id="28" source="E7" target="E5"/>
  <move id="29" source="D4" target="E4"/>
  <move id="30" source="D7" target="C7"/>
  <move id="31" source="E4" target="E5"/>
  <move id="32" source="C7" target="B7"/>
  <move id="33" source="B3" target="C3"/>
  <move id="34" source="B7" target="B8"/>
  <move id="35" source="B4" target="B5"/>
  <move id="36" source="B5" target="B4"/>
  <move id="37" source="B2" target="B3"/>
  <move id="38" source="B4" target="C4"/>
  <move id="39" source="C3" target="C4"/>
  <move id="40" source="D8" target="D7"/>
  <move id="41" source="C4" target="D4"/>
  <move id="42" source="D7" target="E7"/>
  <move id="43" source="D3" target="C3"/>
  <move id="44" source="E7" target="E6"/>
  <move id="45" source="C3" target="C4"/>
  <move id="46" source="E6" target="E7"/>
  <move id="47" source="C4" target="B4"/>
  <move id="48" source="E7" target="D7"/>
  <move id="49" source="H4" target="G4"/>
  <move id="50" source="D7" target="D8"/>
  <move id="51" source="H3" target="H4"/>
  <move id="52" source="D8" target="D7"/>
  <move id="53" source="H4" target="I4"/>
  <move id="54" source="D7" target="C7"/>
  <move id="55" source="I5" target="I6"/>
  <move id="56" source="C7" target="D7"/>
  <move id="57" source="I4" target="I5"/>
  <move id="58" source="D7" target="E7"/>
  <move id="59" source="K5" target="K6"/>
  <move id="60" source="E7" target="E6"/>
  <move id="61" source="K4" target="K5"/>
  <move id="62" source="E6" target="E5"/>
  <move id="63" source="E3" target="E4"/>
  <move id="64" source="E5" target="E4"/>
  <move id="65" source="D4" target="D3"/>
  <move id="66" source="E4" target="F4"/>
  <move id="67" source="F5" target="F6"/>
  <move id="68" source="F4" target="G4"/>
  <move id="69" source="I3" target="H3"/>
  <move id="70" source="G4" target="G3"/>
  <player id="1">Player 1</player>
  <player id="2">Player 2</player>
  <result type="3" winner="1"/>
 </game>
</stratego>