<?xml version="1.0" encoding="UTF-8"?>
<stratego>
 <game type="classic">
  
  <field content="EBEFBMBFBBDDGCIBGHEEIDHEDJLDDJGFKDHFIGDHAA__AA__AAAA__AA__AAPSWVPPNYPUUPORNUPVXNQNQQSTSRNRPSQTTQTPNR"/>
  <move id="1" source="F4" target="F5"/>
  <move id="2" source="E7" target="E4"/>
  <move id="3" source="F3" target="F4"/>
  <move id="4" source="K7" target="K6"/>
  <move id="5" source="E3" target="F3"/>
  <move id="6" source="I7" target="I4"/>
  <move id="7" source="E4" target="E3"/>
  <move id="8" source="B7" target="B6"/>
  <move id="9" source="D4" target="E4"/>
  <move id="10" source="F7" target="E7"/>
  <move id="11" source="F5" target="E5"/>
  <move id="12" source="F8" target="F7"/>
  <move id="13" source="E5" target="F5"/>
  <move id="14" source="F9" target="F8"/>
  <move id="15" source="E4" target="E7"/>
  <move id="16" source="F7" target="E7"/>
  <move id="17" source="F4" target="E4"/>
  <move id="18" source="F8" target="F7"/>
  <move id="19" source="E4" target="D4"/>
  <move id="20" source="E7" target="E6"/>
  <move id="21" source="F3" target="F4"/>
  <move id="22" source="D7" target="E7"/>
  <move id="23" source="F4" target="E4"/>
  <move id="24" source="G8" target="F8"/>
  <move id="25" source="F5" target="F4"/>
  <move id="26" source="I8" target="I7"/>
  <move id="27" source="F4" target="F5"/>
  <move id="28" source="A7" target="A4"/>
  <move id="29" source="G4" target="F4"/>
  <move id="30" source="A8" target="A7"/>
  <move id="31" source="I3" target="I4"/>
  <move id="32" source="I7" target="K7"/>
  <move id="33" source="I4" target="I5"/>
  <move id="34" source="H8" target="I8"/>
  <move id="35" source="I5" target="I6"/>
  <move id="36" source="F7" target="F6"/>
  <move id="37" source="I6" target="I7"/>
  <move id="38" source="K7" target="I7"/>
  <move id="39" source="F4" target="F3"/>
  <move id="40" source="I8" target="H8"/>
  <move id="41" source="B4" target="B5"/>
  <move id="42" source="A7" target="A6"/>
  <move id="43" source="E4" target="F4"/>
  <move id="44" source="E6" target="E5"/>
  <move id="45" source="G3" target="G4"/>
  <move id="46" source="F6" target="E6"/>
  <move id="47" source="F3" target="G3"/>
  <move id="48" source="F8" target="F5"/>
  <move id="49" source="E3" target="F3"/>
  <move id="50" source="E5" target="F5"/>
  <move id="51" source="D4" target="E4"/>
  <move id="52" source="F5" target="F6"/>
  <move id="53" source="E4" target="E3"/>
  <move id="54" source="B6" target="B5"/>
  <move id="55" source="C4" target="D4"/>
  <move id="56" source="A6" target="A5"/>
  <move id="57" source="D4" target="E4"/>
  <move id="58" source="A5" target="A4"/>
  <move id="59" source="E4" target="E5"/>
  <move id="60" source="F6" target="F7"/>
  <move id="61" source="E5" target="E6"/>
  <move id="62" source="C7" target="D7"/>
  <move id="63" source="E6" target="F6"/>
  <move id="64" source="B5" target="B4"/>
  <move id="65" source="F6" target="F7"/>
  <move id="66" source="E7" target="E6"/>
  <move id="67" source="F4" target="E4"/>
  <move id="68" source="D7" target="E7"/>
  <move id="69" source="E4" target="E5"/>
  <move id="70" source="E7" target="F7"/>
  <move id="71" source="E3" target="E4"/>
  <move id="72" source="B4" target="B3"/>
  <move id="73" source="A3" target="B3"/>
  <move id="74" source="C8" target="C7"/>
  <move id="75" source="G4" target="F4"/>
  <move id="76" source="C7" target="D7"/>
  <move id="77" source="F4" target="F5"/>
  <move id="78" source="E9" target="F9"/>
  <move id="79" source="F5" target="F6"/>
  <move id="80" source="F9" target="F8"/>
  <move id="81" source="F6" target="E6"/>
  <move id="82" source="B8" target="B7"/>
  <move id="83" source="E5" target="F5"/>
  <move id="84" source="F8" target="G8"/>
  <move id="85" source="F5" target="F6"/>
  <move id="86" source="G8" target="F8"/>
  <move id="87" source="F6" target="F7"/>
  <move id="88" source="H8" target="G8"/>
  <move id="89" source="F7" target="D7"/>
  <move id="90" source="D8" target="D7"/>
  <move id="91" source="E6" target="E7"/>
  <move id="92" source="A4" target="B4"/>
  <move id="93" source="E7" target="F7"/>
  <move id="94" source="B4" target="B3"/>
  <move id="95" source="F7" target="F8"/>
  <move id="96" source="B7" target="B2"/>
  <move id="97" source="F8" target="G8"/>
  <move id="98" source="A9" target="A8"/>
  <move id="99" source="E4" target="D4"/>
  <move id="100" source="A8" target="B8"/>
  <move id="101" source="K4" target="K5"/>
  <move id="102" source="I7" target="K7"/>
  <move id="103" source="C3" target="B3"/>
  <move id="104" source="A:" target="A9"/>
  <move id="105" source="G8" target="H8"/>
  <move id="106" source="D7" target="C7"/>
  <move id="107" source="H8" target="I8"/>
  <move id="108" source="C7" target="B7"/>
  <move id="109" source="I8" target="I7"/>
  <move id="110" source="A9" target="A8"/>
  <move id="111" source="I7" target="K7"/>
  <move id="112" source="H9" target="H8"/>
  <move id="113" source="D4" target="C4"/>
  <move id="114" source="B7" target="B6"/>
  <move id="115" source="C4" target="B4"/>
  <move id="116" source="A8" target="A2"/>
  <move id="117" source="B4" target="B5"/>
  <move id="118" source="B8" target="C8"/>
  <move id="119" source="G3" target="G4"/>
  <move id="120" source="C8" target="C7"/>
  <move id="121" source="G4" target="F4"/>
  <move id="122" source="H8" target="H9"/>
  <move id="123" source="K5" target="I5"/>
  <move id="124" source="F:" target="F9"/>
  <move id="125" source="I5" target="I4"/>
  <move id="126" source="F9" target="F8"/>
  <move id="127" source="I4" target="I3"/>
  <move id="128" source="F8" target="G8"/>
  <move id="129" source="K3" target="K4"/>
  <move id="130" source="G8" target="H8"/>
  <move id="131" source="K4" target="K5"/>
  <move id="132" source="H8" target="I8"/>
  <move id="133" source="K5" target="K6"/>
  <move id="134" source="I8" target="I7"/>
  <move id="135" source="F4" target="F5"/>
  <move id="136" source="E:" target="E9"/>
  <move id="137" source="B5" target="B6"/>
  <move id="138" source="E9" target="F9"/>
  <move id="139" source="E2" target="E3"/>
  <move id="140" source="F9" target="F8"/>
  <move id="141" source="E3" target="E4"/>
  <move id="142" source="F8" target="F7"/>
  <move id="143" source="E4" target="E5"/>
  <move id="144" source="G9" target="G8"/>
  <move id="145" source="E5" target="E6"/>
  <move id="146" source="F7" target="F6"/>
  <move id="147" source="F5" target="F6"/>
  <move id="148" source="C9" target="C8"/>
  <move id="149" source="F6" target="F7"/>
  <move id="150" source="C8" target="B8"/>
  <move id="151" source="F7" target="F8"/>
  <move id="152" source="B8" target="C8"/>
  <move id="153" source="F8" target="G8"/>
  <move id="154" source="C8" target="D8"/>
  <move id="155" source="G8" target="H8"/>
  <move id="156" source="D8" target="D7"/>
  <move id="157" source="H8" target="I8"/>
  <move id="158" source="D7" target="E7"/>
  <move id="159" source="I8" target="I7"/>
  <move id="160" source="E7" target="F7"/>
  <move id="161" source="I7" target="I8"/>
  <move id="162" source="H9" target="G9"/>
  <move id="163" source="I8" target="H8"/>
  <move id="164" source="G9" target="F9"/>
  <move id="165" source="H8" target="G8"/>
  <move id="166" source="F9" target="E9"/>
  <move id="167" source="G8" target="F8"/>
  <move id="168" source="D9" target="D8"/>
  <move id="169" source="F8" target="F7"/>
  <move id="170" source="E9" target="D9"/>
  <move id="171" source="F7" target="E7"/>
  <move id="172" source="D9" target="C9"/>
  <move id="173" source="E7" target="D7"/>
  <move id="174" source="H:" target="H9"/>
  <move id="175" source="D7" target="D8"/>
  <move id="176" source="H9" target="G9"/>
  <move id="177" source="D8" target="D9"/>
  <move id="178" source="G9" target="F9"/>
  <move id="179" source="D9" target="C9"/>
  <move id="180" source="F9" target="F8"/>
  <move id="181" source="E6" target="E7"/>
  <move id="182" source="F8" target="F9"/>
  <move id="183" source="C9" target="D9"/>
  <move id="184" source="F9" target="F6"/>
  <move id="185" source="D3" target="D4"/>
  <move id="186" source="F6" target="F5"/>
  <move id="187" source="D4" target="E4"/>
  <move id="188" source="F5" target="F6"/>
  <move id="189" source="E7" target="F7"/>
  <move id="190" source="F6" target="E6"/>
  <move id="191" source="E4" target="E5"/>
  <move id="192" source="E6" target="F6"/>
  <move id="193" source="F7" target="F6"/>
  <move id="194" source="B:" target="A:"/>
  <move id="195" source="D9" target="C9"/>
  <move id="196" source="A:" target="A9"/>
  <move id="197" source="C9" target="C8"/>
  <move id="198" source="A9" target="A8"/>
  <move id="199" source="C8" target="B8"/>
  <move id="200" source="A8" target="A7"/>
  <move id="201" source="B8" target="A8"/>
  <move id="202" source="A7" target="A6"/>
  <move id="203" source="B6" target="A6"/>
  <move id="204" source="D:" target="E:"/>
  <move id="205" source="A8" target="B8"/>
  <move id="206" source="E:" target="F:"/>
  <move id="207" source="B8" target="C8"/>
  <move id="208" source="F:" target="F9"/>
  <move id="209" source="C8" target="C9"/>
  <move id="210" source="F9" target="F8"/>
  <move id="211" source="C9" target="D9"/>
  <move id="212" source="F8" target="G8"/>
  <move id="213" source="D9" target="E9"/>
  <move id="214" source="G8" target="H8"/>
  <move id="215" source="E9" target="F9"/>
  <move id="216" source="H8" target="I8"/>
  <move id="217" source="F9" target="G9"/>
  <move id="218" source="I8" target="I7"/>
  <move id="219" source="G9" target="H9"/>
  <move id="220" source="C:" target="C9"/>
  <move id="221" source="H9" target="H8"/>
  <move id="222" source="C9" target="C8"/>
  <move id="223" source="H8" target="I8"/>
  <move id="224" source="C8" target="D8"/>
  <move id="225" source="I8" target="I7"/>
  <move id="226" source="D8" target="D9"/>
  <move id="227" source="I7" target="I8"/>
  <move id="228" source="D9" target="D:"/>
  <move id="229" source="I8" target="H8"/>
  <move id="230" source="D:" target="C:"/>
  <move id="231" source="H8" target="G8"/>
  <move id="232" source="C:" target="C9"/>
  <move id="233" source="G8" target="G9"/>
  <move id="234" source="C9" target="D9"/>
  <move id="235" source="G9" target="F9"/>
  <move id="236" source="D9" target="D:"/>
  <move id="237" source="F9" target="E9"/>
  <move id="238" source="D:" target="C:"/>
  <move id="239" source="E9" target="D9"/>
  <move id="240" source="C:" target="B:"/>
  <move id="241" source="D9" target="C9"/>
  <move id="242" source="B:" target="A:"/>
  <move id="243" source="C9" target="C:"/>
  <move id="244" source="A:" target="A9"/>
  <move id="245" source="A6" target="A7"/>
  <move id="246" source="A9" target="A:"/>
  <move id="247" source="C:" target="B:"/>
  <move id="248" source="A:" target="A9"/>
  <move id="249" source="B:" target="A:"/>
  <move id="250" source="A9" target="A8"/>
  <move id="251" source="A7" target="A8"/>
  <move id="252" source="G:" target="F:"/>
  <move id="253" source="A8" target="B8"/>
  <move id="254" source="F:" target="E:"/>
  <move id="255" source="A:" target="B:"/>
  <move id="256" source="E:" target="D:"/>
  <move id="257" source="B:" target="C:"/>
  <move id="258" source="D:" target="D9"/>
  <move id="259" source="C:" target="C9"/>
  <move id="260" source="D9" target="D8"/>
  <move id="261" source="C9" target="D9"/>
  <move id="262" source="D8" target="C8"/>
  <move id="263" source="B8" target="C8"/>
  <move id="264" source="C7" target="B7"/>
  <move id="265" source="C8" target="B8"/>
  <move id="266" source="B7" target="B6"/>
  <move id="267" source="B3" target="B4"/>
  <move id="268" source="B6" target="A6"/>
  <move id="269" source="B4" target="A4"/>
  <move id="270" source="A6" target="B6"/>
  <move id="271" source="B8" target="B7"/>
  <move id="272" source="B6" target="B5"/>
  <move id="273" source="B7" target="B6"/>
  <move id="274" source="B5" target="B4"/>
  <move id="275" source="A4" target="B4"/>
  <player id="1">Player 1</player>
  <player id="2">Player 2</player>
  <result type="0" winner="1"/>
 </game>
</stratego>