<?xml version="1.0" encoding="UTF-8"?>
<stratego>
 <game type="classic">
  
  <field content="DBBEDBEBDBFEIFHIMCHBDHGDGDHJKFGDEJLFEIGDAA__AA__AAAA__AA__AAPSUTPSUNPSTPXPPTWRNPNRQVUVOQNRNYRQPTQSQN"/>
  <move id="1" source="F4" target="F5"/>
  <move id="2" source="E7" target="E6"/>
  <move id="3" source="E4" target="E5"/>
  <move id="4" source="E6" target="F6"/>
  <move id="5" source="D4" target="E4"/>
  <move id="6" source="E8" target="E5"/>
  <move id="7" source="E5" target="E6"/>
  <move id="8" source="D8" target="E8"/>
  <move id="9" source="E6" target="F6"/>
  <move id="10" source="F7" target="E7"/>
  <move id="11" source="F5" target="E5"/>
  <move id="12" source="C8" target="D8"/>
  <move id="13" source="F6" target="F7"/>
  <move id="14" source="E7" target="E6"/>
  <move id="15" source="E5" target="E6"/>
  <move id="16" source="E6" target="E5"/>
  <move id="17" source="E4" target="E5"/>
  <move id="18" source="C7" target="C8"/>
  <move id="19" source="E5" target="F5"/>
  <move id="20" source="D7" target="C7"/>
  <move id="21" source="F3" target="F4"/>
  <move id="22" source="B7" target="B6"/>
  <move id="23" source="F4" target="E4"/>
  <move id="24" source="B6" target="B5"/>
  <move id="25" source="E4" target="E8"/>
  <move id="26" source="D8" target="D7"/>
  <move id="27" source="E3" target="E4"/>
  <move id="28" source="C8" target="D8"/>
  <move id="29" source="E4" target="E5"/>
  <move id="30" source="D8" target="E8"/>
  <move id="31" source="E5" target="E6"/>
  <move id="32" source="C7" target="C8"/>
  <move id="33" source="E6" target="E7"/>
  <move id="34" source="D7" target="C7"/>
  <move id="35" source="E7" target="E8"/>
  <move id="36" source="C7" target="D7"/>
  <move id="37" source="D3" target="E3"/>
  <move id="38" source="A7" target="A4"/>
  <move id="39" source="E3" target="E4"/>
  <move id="40" source="A8" target="A7"/>
  <move id="41" source="E4" target="E5"/>
  <move id="42" source="A7" target="A6"/>
  <move id="43" source="E5" target="E6"/>
  <move id="44" source="E8" target="D8"/>
  <move id="45" source="E6" target="E7"/>
  <move id="46" source="F8" target="E8"/>
  <move id="47" source="E7" target="D7"/>
  <move id="48" source="C8" target="C7"/>
  <move id="49" source="I4" target="I5"/>
  <move id="50" source="D8" target="C8"/>
  <move id="51" source="I5" target="I6"/>
  <move id="52" source="A6" target="A5"/>
  <move id="53" source="I6" target="I7"/>
  <move id="54" source="E8" target="D8"/>
  <move id="55" source="I7" target="H7"/>
  <move id="56" source="B8" target="B7"/>
  <move id="57" source="K4" target="I4"/>
  <move id="58" source="B7" target="A7"/>
  <move id="59" source="I4" target="I8"/>
  <move id="60" source="C8" target="B8"/>
  <move id="61" source="H4" target="I4"/>
  <move id="62" source="D8" target="C8"/>
  <move id="63" source="I4" target="K4"/>
  <move id="64" source="D7" target="D8"/>
  <move id="65" source="G4" target="H4"/>
  <move id="66" source="D8" target="E8"/>
  <move id="67" source="H4" target="I4"/>
  <move id="68" source="C7" target="D7"/>
  <move id="69" source="I4" target="I5"/>
  <move id="70" source="D7" target="D8"/>
  <move id="71" source="I5" target="I6"/>
  <move id="72" source="A7" target="B7"/>
  <move id="73" source="I6" target="I7"/>
  <move id="74" source="K7" target="I7"/>
  <move id="75" source="K4" target="I4"/>
  <move id="76" source="I7" target="K7"/>
  <move id="77" source="I4" target="K4"/>
  <move id="78" source="B7" target="C7"/>
  <move id="79" source="K4" target="K5"/>
  <move id="80" source="C7" target="D7"/>
  <move id="81" source="K5" target="K6"/>
  <move id="82" source="D7" target="E7"/>
  <move id="83" source="F7" target="E7"/>
  <move id="84" source="E8" target="E7"/>
  <move id="85" source="K6" target="K7"/>
  <move id="86" source="F9" target="F8"/>
  <move id="87" source="F5" target="E5"/>
  <move id="88" source="F8" target="E8"/>
  <move id="89" source="E5" target="E4"/>
  <move id="90" source="E8" target="E7"/>
  <move id="91" source="E4" target="E3"/>
  <move id="92" source="E7" target="E6"/>
  <move id="93" source="E3" target="D3"/>
  <move id="94" source="E6" target="E5"/>
  <move id="95" source="I3" target="I4"/>
  <move id="96" source="G8" target="F8"/>
  <move id="97" source="I4" target="H4"/>
  <move id="98" source="F8" target="F7"/>
  <move id="99" source="H4" target="G4"/>
  <move id="100" source="F7" target="F6"/>
  <move id="101" source="G4" target="F4"/>
  <move id="102" source="F6" target="F5"/>
  <move id="103" source="F4" target="E4"/>
  <move id="104" source="E5" target="E6"/>
  <move id="105" source="D3" target="E3"/>
  <move id="106" source="F5" target="F4"/>
  <move id="107" source="E4" target="F4"/>
  <move id="108" source="E6" target="E5"/>
  <move id="109" source="H3" target="H4"/>
  <move id="110" source="E5" target="E4"/>
  <move id="111" source="H4" target="G4"/>
  <move id="112" source="E4" target="F4"/>
  <move id="113" source="E3" target="E4"/>
  <move id="114" source="F4" target="G4"/>
  <move id="115" source="E4" target="E5"/>
  <move id="116" source="D8" target="D7"/>
  <move id="117" source="E5" target="E6"/>
  <move id="118" source="D9" target="D8"/>
  <move id="119" source="E6" target="E7"/>
  <move id="120" source="D7" target="C7"/>
  <move id="121" source="E7" target="D7"/>
  <move id="122" source="D8" target="D7"/>
  <move id="123" source="F2" target="F3"/>
  <move id="124" source="B8" target="B7"/>
  <move id="125" source="F3" target="F4"/>
  <move id="126" source="B7" target="A7"/>
  <move id="127" source="F4" target="F5"/>
  <move id="128" source="A5" target="A6"/>
  <move id="129" source="F5" target="F6"/>
  <move id="130" source="A6" target="B6"/>
  <move id="131" source="F6" target="F7"/>
  <move id="132" source="G7" target="F7"/>
  <move id="133" source="H2" target="H3"/>
  <move id="134" source="A7" target="A6"/>
  <move id="135" source="H3" target="H4"/>
  <move id="136" source="A6" target="A5"/>
  <move id="137" source="H4" target="I4"/>
  <move id="138" source="A5" target="A4"/>
  <move id="139" source="B4" target="B5"/>
  <move id="140" source="B6" target="B7"/>
  <move id="141" source="I4" target="I5"/>
  <move id="142" source="B7" target="B8"/>
  <move id="143" source="I5" target="I6"/>
  <move id="144" source="G9" target="F9"/>
  <move id="145" source="I6" target="I7"/>
  <move id="146" source="F9" target="F8"/>
  <move id="147" source="K7" target="K6"/>
  <move id="148" source="F8" target="F7"/>
  <move id="149" source="I7" target="K7"/>
  <move id="150" source="F7" target="F6"/>
  <move id="151" source="K7" target="K8"/>
  <move id="152" source="F6" target="E6"/>
  <move id="153" source="K6" target="K7"/>
  <move id="154" source="E6" target="E5"/>
  <move id="155" source="K7" target="K8"/>
  <move id="156" source="E5" target="E4"/>
  <move id="157" source="K8" target="K7"/>
  <move id="158" source="E9" target="E8"/>
  <move id="159" source="K7" target="K6"/>
  <move id="160" source="E8" target="E7"/>
  <move id="161" source="K6" target="K5"/>
  <move id="162" source="E7" target="E6"/>
  <move id="163" source="K5" target="K4"/>
  <move id="164" source="E6" target="E5"/>
  <move id="165" source="K4" target="I4"/>
  <move id="166" source="E4" target="D4"/>
  <move id="167" source="I4" target="H4"/>
  <move id="168" source="E5" target="E4"/>
  <move id="169" source="H4" target="G4"/>
  <move id="170" source="D4" target="C4"/>
  <move id="171" source="G4" target="F4"/>
  <move id="172" source="A4" target="B4"/>
  <move id="173" source="F4" target="E4"/>
  <move id="174" source="B4" target="C4"/>
  <move id="175" source="G3" target="G4"/>
  <move id="176" source="C4" target="D4"/>
  <move id="177" source="G4" target="F4"/>
  <move id="178" source="D4" target="E4"/>
  <move id="179" source="F4" target="F5"/>
  <move id="180" source="E4" target="E5"/>
  <move id="181" source="F5" target="F6"/>
  <move id="182" source="E5" target="E6"/>
  <move id="183" source="F6" target="F7"/>
  <move id="184" source="E6" target="E7"/>
  <move id="185" source="F7" target="F8"/>
  <move id="186" source="E7" target="E8"/>
  <move id="187" source="F8" target="G8"/>
  <move id="188" source="E8" target="F8"/>
  <move id="189" source="G8" target="H8"/>
  <move id="190" source="F8" target="G8"/>
  <move id="191" source="H8" target="H9"/>
  <move id="192" source="G8" target="G9"/>
  <move id="193" source="H9" target="I9"/>
  <move id="194" source="G9" target="G8"/>
  <move id="195" source="B3" target="B4"/>
  <move id="196" source="G8" target="F8"/>
  <move id="197" source="B4" target="B5"/>
  <move id="198" source="F8" target="F7"/>
  <move id="199" source="B5" target="B6"/>
  <move id="200" source="F7" target="F6"/>
  <move id="201" source="B6" target="B7"/>
  <move id="202" source="C7" target="B7"/>
  <move id="203" source="C3" target="D3"/>
  <move id="204" source="F6" target="F5"/>
  <move id="205" source="D3" target="E3"/>
  <move id="206" source="F5" target="F4"/>
  <move id="207" source="A3" target="A4"/>
  <move id="208" source="F4" target="E4"/>
  <move id="209" source="E3" target="F3"/>
  <move id="210" source="E4" target="D4"/>
  <move id="211" source="A4" target="A5"/>
  <move id="212" source="D4" target="C4"/>
  <move id="213" source="A5" target="A6"/>
  <move id="214" source="C4" target="B4"/>
  <move id="215" source="A6" target="A7"/>
  <move id="216" source="B4" target="B5"/>
  <move id="217" source="F3" target="G3"/>
  <move id="218" source="B5" target="B6"/>
  <move id="219" source="G3" target="G4"/>
  <move id="220" source="B6" target="B7"/>
  <move id="221" source="A7" target="A6"/>
  <move id="222" source="B7" target="B6"/>
  <move id="223" source="A6" target="A5"/>
  <move id="224" source="B6" target="B5"/>
  <move id="225" source="A5" target="A6"/>
  <move id="226" source="B5" target="B4"/>
  <move id="227" source="E2" target="E3"/>
  <move id="228" source="B4" target="B3"/>
  <move id="229" source="E3" target="E4"/>
  <move id="230" source="B3" target="C3"/>
  <move id="231" source="E4" target="E5"/>
  <move id="232" source="C3" target="D3"/>
  <move id="233" source="E5" target="E6"/>
  <move id="234" source="D3" target="E3"/>
  <move id="235" source="E6" target="F6"/>
  <move id="236" source="E3" target="E4"/>
  <move id="237" source="F6" target="F7"/>
  <move id="238" source="E4" target="F4"/>
  <move id="239" source="G4" target="H4"/>
  <move id="240" source="F4" target="F5"/>
  <move id="241" source="F7" target="F8"/>
  <move id="242" source="F5" target="F6"/>
  <move id="243" source="F8" target="G8"/>
  <move id="244" source="F6" target="F7"/>
  <move id="245" source="G8" target="G9"/>
  <move id="246" source="F7" target="F8"/>
  <move id="247" source="E1" target="E:"/>
  <move id="248" source="F8" target="F9"/>
  <move id="249" source="G9" target="G:"/>
  <move id="250" source="F9" target="G9"/>
  <move id="251" source="G:" target="F:"/>
  <move id="252" source="G9" target="G8"/>
  <move id="253" source="A6" target="A9"/>
  <move id="254" source="G8" target="F8"/>
  <move id="255" source="A2" target="A3"/>
  <move id="256" source="F8" target="F7"/>
  <move id="257" source="A3" target="A4"/>
  <move id="258" source="F7" target="E7"/>
  <move id="259" source="A4" target="A5"/>
  <move id="260" source="E7" target="D7"/>
  <move id="261" source="A5" target="A6"/>
  <move id="262" source="D7" target="C7"/>
  <move id="263" source="I2" target="I3"/>
  <move id="264" source="C7" target="B7"/>
  <move id="265" source="I3" target="H3"/>
  <move id="266" source="B7" target="B6"/>
  <move id="267" source="A6" target="A5"/>
  <move id="268" source="B6" target="B5"/>
  <move id="269" source="A5" target="A6"/>
  <move id="270" source="B5" target="B4"/>
  <move id="271" source="H3" target="G3"/>
  <move id="272" source="B4" target="C4"/>
  <move id="273" source="G3" target="F3"/>
  <move id="274" source="C4" target="D4"/>
  <move id="275" source="F3" target="F4"/>
  <move id="276" source="D4" target="E4"/>
  <move id="277" source="F4" target="F5"/>
  <move id="278" source="E4" target="E5"/>
  <move id="279" source="F5" target="F6"/>
  <move id="280" source="E5" target="E6"/>
  <move id="281" source="F6" target="F7"/>
  <move id="282" source="E6" target="E7"/>
  <move id="283" source="F7" target="F8"/>
  <move id="284" source="E7" target="E8"/>
  <move id="285" source="F8" target="F9"/>
  <move id="286" source="E8" target="E9"/>
  <move id="287" source="F9" target="F:"/>
  <move id="288" source="E9" target="E:"/>
  <move id="289" source="F:" target="F9"/>
  <move id="290" source="E:" target="E9"/>
  <move id="291" source="F9" target="F:"/>
  <move id="292" source="E9" target="E8"/>
  <move id="293" source="C2" target="C3"/>
  <move id="294" source="E8" target="E7"/>
  <move id="295" source="C3" target="C4"/>
  <move id="296" source="E7" target="E6"/>
  <move id="297" source="C4" target="B4"/>
  <move id="298" source="E6" target="E7"/>
  <move id="299" source="B4" target="C4"/>
  <move id="300" source="E7" target="D7"/>
  <move id="301" source="C4" target="D4"/>
  <move id="302" source="D7" target="E7"/>
  <move id="303" source="D4" target="C4"/>
  <move id="304" source="E7" target="D7"/>
  <move id="305" source="C4" target="D4"/>
  <move id="306" source="D7" target="E7"/>
  <move id="307" source="F:" target="F9"/>
  <move id="308" source="E7" target="E8"/>
  <move id="309" source="D4" target="E4"/>
  <move id="310" source="E8" target="E7"/>
  <move id="311" source="E4" target="E5"/>
  <move id="312" source="C8" target="D8"/>
  <move id="313" source="F9" target="E9"/>
  <move id="314" source="D8" target="D9"/>
  <move id="315" source="E9" target="E:"/>
  <move id="316" source="D9" target="E9"/>
  <move id="317" source="E:" target="D:"/>
  <move id="318" source="E9" target="D9"/>
  <move id="319" source="D:" target="C:"/>
  <move id="320" source="D9" target="D:"/>
  <move id="321" source="C:" target="C9"/>
  <move id="322" source="D:" target="C:"/>
  <move id="323" source="C9" target="B9"/>
  <move id="324" source="B8" target="B9"/>
  <move id="325" source="E5" target="E6"/>
  <move id="326" source="E7" target="D7"/>
  <move id="327" source="E6" target="E7"/>
  <move id="328" source="D7" target="C7"/>
  <move id="329" source="E7" target="D7"/>
  <move id="330" source="C7" target="B7"/>
  <move id="331" source="D7" target="D8"/>
  <move id="332" source="B7" target="B6"/>
  <move id="333" source="A6" target="A7"/>
  <move id="334" source="B6" target="B5"/>
  <move id="335" source="D8" target="C8"/>
  <move id="336" source="B5" target="B4"/>
  <move id="337" source="C8" target="C9"/>
  <move id="338" source="B4" target="B3"/>
  <move id="339" source="C9" target="C:"/>
  <move id="340" source="B3" target="C3"/>
  <move id="341" source="A7" target="A8"/>
  <move id="342" source="C3" target="C2"/>
  <move id="343" source="A8" target="B8"/>
  <player id="1">Player 1</player>
  <player id="2">Player 2</player>
  <result type="3" winner="1"/>
 </game>
</stratego>