<?xml version="1.0" encoding="UTF-8"?>
<stratego>
 <game type="classic">
  
  <field content="MJIBCEEHGGJDEDDDDGHFDILBHHGFFFDDKIBBEEBBAA__AA__AAAA__AA__AAQNSNPSPPQVVPPUXNQRWONQNRQRSTTPYNTPSUPUTR"/>
  <move id="1" source="B4" target="B7"/>
  <move id="2" source="A7" target="A6"/>
  <move id="3" source="B3" target="B4"/>
  <move id="4" source="A6" target="A5"/>
  <move id="5" source="A3" target="B3"/>
  <move id="6" source="A5" target="A4"/>
  <move id="7" source="B4" target="A4"/>
  <move id="8" source="F7" target="F6"/>
  <move id="9" source="C4" target="B4"/>
  <move id="10" source="F6" target="F5"/>
  <move id="11" source="B4" target="B5"/>
  <move id="12" source="F5" target="F4"/>
  <move id="13" source="B5" target="B6"/>
  <move id="14" source="G7" target="F7"/>
  <move id="15" source="A4" target="A3"/>
  <move id="16" source="F7" target="F6"/>
  <move id="17" source="C3" target="C4"/>
  <move id="18" source="F6" target="E6"/>
  <move id="19" source="C4" target="B4"/>
  <move id="20" source="E6" target="E4"/>
  <move id="21" source="B4" target="B5"/>
  <move id="22" source="I7" target="I6"/>
  <move id="23" source="B3" target="B4"/>
  <move id="24" source="I6" target="K6"/>
  <move id="25" source="B4" target="A4"/>
  <move id="26" source="H7" target="I7"/>
  <move id="27" source="A4" target="A8"/>
  <move id="28" source="I7" target="I4"/>
  <move id="29" source="B6" target="A6"/>
  <move id="30" source="K6" target="K5"/>
  <move id="31" source="A6" target="A7"/>
  <move id="32" source="I8" target="I7"/>
  <move id="33" source="A7" target="A8"/>
  <move id="34" source="I7" target="I6"/>
  <move id="35" source="A8" target="A7"/>
  <move id="36" source="K5" target="K4"/>
  <move id="37" source="K3" target="K4"/>
  <move id="38" source="I6" target="I5"/>
  <move id="39" source="B2" target="B3"/>
  <move id="40" source="B8" target="A8"/>
  <move id="41" source="A7" target="A6"/>
  <move id="42" source="A8" target="A7"/>
  <move id="43" source="A6" target="A5"/>
  <move id="44" source="A7" target="A6"/>
  <move id="45" source="A5" target="A4"/>
  <move id="46" source="A6" target="A5"/>
  <move id="47" source="B5" target="A5"/>
  <move id="48" source="I5" target="K5"/>
  <move id="49" source="A5" target="A6"/>
  <move id="50" source="K5" target="K4"/>
  <move id="51" source="A6" target="B6"/>
  <move id="52" source="K4" target="K3"/>
  <move id="53" source="B3" target="B5"/>
  <move id="54" source="K3" target="I3"/>
  <move id="55" source="B5" target="A5"/>
  <move id="56" source="I3" target="I2"/>
  <move id="57" source="A5" target="A9"/>
  <move id="58" source="I2" target="H2"/>
  <move id="59" source="C2" target="C3"/>
  <move id="60" source="H2" target="G2"/>
  <move id="61" source="B6" target="B5"/>
  <move id="62" source="G2" target="G3"/>
  <move id="63" source="C3" target="C4"/>
  <move id="64" source="G3" target="F3"/>
  <move id="65" source="C4" target="B4"/>
  <move id="66" source="F3" target="F2"/>
  <move id="67" source="B4" target="B3"/>
  <move id="68" source="F2" target="E2"/>
  <move id="69" source="A4" target="B4"/>
  <move id="70" source="E2" target="E1"/>
  <move id="71" source="B4" target="C4"/>
  <move id="72" source="E1" target="F1"/>
  <move id="73" source="B3" target="B4"/>
  <move id="74" source="F1" target="G1"/>
  <move id="75" source="B4" target="A4"/>
  <move id="76" source="G1" target="H1"/>
  <move id="77" source="A4" target="A5"/>
  <move id="78" source="H1" target="G1"/>
  <move id="79" source="A5" target="A6"/>
  <move id="80" source="G1" target="F1"/>
  <move id="81" source="A6" target="A7"/>
  <move id="82" source="F1" target="F2"/>
  <move id="83" source="A7" target="A8"/>
  <move id="84" source="F2" target="E2"/>
  <move id="85" source="C4" target="C3"/>
  <move id="86" source="E2" target="D2"/>
  <move id="87" source="A8" target="A9"/>
  <move id="88" source="B9" target="A9"/>
  <move id="89" source="B5" target="B6"/>
  <move id="90" source="D2" target="D1"/>
  <move id="91" source="B6" target="A6"/>
  <move id="92" source="C8" target="B8"/>
  <move id="93" source="A6" target="A7"/>
  <move id="94" source="B8" target="A8"/>
  <move id="95" source="A7" target="A8"/>
  <move id="96" source="E7" target="E6"/>
  <move id="97" source="G4" target="G3"/>
  <move id="98" source="K7" target="K6"/>
  <move id="99" source="G3" target="F3"/>
  <move id="100" source="G8" target="G7"/>
  <move id="101" source="C3" target="C2"/>
  <move id="102" source="G7" target="F7"/>
  <move id="103" source="C2" target="D2"/>
  <move id="104" source="F7" target="F6"/>
  <move id="105" source="D2" target="E2"/>
  <move id="106" source="F6" target="F5"/>
  <move id="107" source="E2" target="E1"/>
  <move id="108" source="E6" target="E7"/>
  <move id="109" source="H3" target="G3"/>
  <move id="110" source="K6" target="K5"/>
  <move id="111" source="G3" target="G4"/>
  <move id="112" source="K5" target="K4"/>
  <move id="113" source="F3" target="F2"/>
  <move id="114" source="K4" target="K3"/>
  <move id="115" source="F2" target="E2"/>
  <move id="116" source="K3" target="I3"/>
  <move id="117" source="E2" target="D2"/>
  <move id="118" source="I3" target="H3"/>
  <move id="119" source="D2" target="C2"/>
  <move id="120" source="H3" target="H4"/>
  <move id="121" source="C2" target="C3"/>
  <move id="122" source="H4" target="G4"/>
  <move id="123" source="E1" target="E2"/>
  <move id="124" source="F5" target="F4"/>
  <move id="125" source="C3" target="C4"/>
  <move id="126" source="G4" target="G3"/>
  <move id="127" source="C4" target="B4"/>
  <move id="128" source="F4" target="G4"/>
  <move id="129" source="B4" target="B5"/>
  <move id="130" source="G4" target="H4"/>
  <move id="131" source="B5" target="B6"/>
  <move id="132" source="H4" target="I4"/>
  <move id="133" source="B6" target="A6"/>
  <move id="134" source="D8" target="C8"/>
  <move id="135" source="A6" target="A7"/>
  <move id="136" source="I4" target="I3"/>
  <move id="137" source="A7" target="B7"/>
  <move id="138" source="C7" target="B7"/>
  <move id="139" source="A8" target="A7"/>
  <move id="140" source="B7" target="C7"/>
  <move id="141" source="A7" target="B7"/>
  <move id="142" source="E7" target="E6"/>
  <move id="143" source="E2" target="D2"/>
  <move id="144" source="I3" target="I2"/>
  <move id="145" source="D2" target="C2"/>
  <move id="146" source="G3" target="H3"/>
  <move id="147" source="C2" target="C3"/>
  <move id="148" source="H3" target="I3"/>
  <move id="149" source="C3" target="C4"/>
  <move id="150" source="I2" target="I1"/>
  <move id="151" source="C4" target="B4"/>
  <move id="152" source="I3" target="I2"/>
  <move id="153" source="B4" target="B5"/>
  <move id="154" source="I2" target="I1"/>
  <move id="155" source="B5" target="B6"/>
  <move id="156" source="I1" target="K1"/>
  <move id="157" source="B6" target="A6"/>
  <move id="158" source="C8" target="B8"/>
  <move id="159" source="B7" target="B8"/>
  <move id="160" source="E8" target="D8"/>
  <move id="161" source="A6" target="A7"/>
  <move id="162" source="D8" target="C8"/>
  <move id="163" source="B8" target="A8"/>
  <move id="164" source="C8" target="B8"/>
  <move id="165" source="A8" target="B8"/>
  <move id="166" source="E6" target="F6"/>
  <move id="167" source="A7" target="B7"/>
  <move id="168" source="C7" target="C8"/>
  <move id="169" source="B7" target="B8"/>
  <move id="170" source="C8" target="D8"/>
  <move id="171" source="B8" target="C8"/>
  <move id="172" source="D8" target="E8"/>
  <move id="173" source="A2" target="B2"/>
  <move id="174" source="E8" target="E7"/>
  <move id="175" source="B2" target="C2"/>
  <move id="176" source="E7" target="E6"/>
  <move id="177" source="C2" target="D2"/>
  <move id="178" source="F6" target="F7"/>
  <move id="179" source="D2" target="E2"/>
  <move id="180" source="F7" target="G7"/>
  <move id="181" source="E2" target="F2"/>
  <move id="182" source="K1" target="I1"/>
  <move id="183" source="F2" target="F3"/>
  <move id="184" source="I1" target="I2"/>
  <move id="185" source="K2" target="K3"/>
  <move id="186" source="I9" target="I8"/>
  <move id="187" source="B1" target="B2"/>
  <move id="188" source="I8" target="I7"/>
  <move id="189" source="B2" target="C2"/>
  <move id="190" source="I7" target="I6"/>
  <move id="191" source="C2" target="D2"/>
  <move id="192" source="I6" target="I5"/>
  <move id="193" source="D2" target="E2"/>
  <move id="194" source="I5" target="K5"/>
  <move id="195" source="E2" target="F2"/>
  <move id="196" source="K5" target="K4"/>
  <move id="197" source="F3" target="F4"/>
  <move id="198" source="K4" target="K3"/>
  <move id="199" source="F4" target="F5"/>
  <move id="200" source="G7" target="I7"/>
  <move id="201" source="F5" target="F6"/>
  <move id="202" source="I2" target="I3"/>
  <move id="203" source="F6" target="E6"/>
  <move id="204" source="I3" target="I2"/>
  <move id="205" source="E6" target="E7"/>
  <move id="206" source="I7" target="I6"/>
  <move id="207" source="E7" target="E6"/>
  <move id="208" source="I6" target="I5"/>
  <move id="209" source="E6" target="F6"/>
  <move id="210" source="I5" target="I4"/>
  <move id="211" source="F6" target="F5"/>
  <move id="212" source="K3" target="K2"/>
  <move id="213" source="F5" target="F4"/>
  <move id="214" source="I2" target="H2"/>
  <move id="215" source="F4" target="G4"/>
  <move id="216" source="H2" target="H3"/>
  <move id="217" source="F2" target="G2"/>
  <move id="218" source="H3" target="H4"/>
  <move id="219" source="G4" target="G3"/>
  <move id="220" source="H4" target="G4"/>
  <move id="221" source="G3" target="F3"/>
  <move id="222" source="G4" target="F4"/>
  <move id="223" source="G2" target="H2"/>
  <move id="224" source="F4" target="F3"/>
  <move id="225" source="C1" target="C2"/>
  <move id="226" source="I4" target="H4"/>
  <move id="227" source="C2" target="D2"/>
  <move id="228" source="H4" target="G4"/>
  <move id="229" source="H2" target="G2"/>
  <move id="230" source="G4" target="F4"/>
  <move id="231" source="G2" target="F2"/>
  <move id="232" source="F4" target="F5"/>
  <move id="233" source="F2" target="F3"/>
  <move id="234" source="F5" target="F6"/>
  <move id="235" source="A3" target="A2"/>
  <move id="236" source="F6" target="F7"/>
  <move id="237" source="D2" target="C2"/>
  <move id="238" source="F7" target="G7"/>
  <move id="239" source="C2" target="C3"/>
  <move id="240" source="K2" target="I2"/>
  <move id="241" source="A2" target="B2"/>
  <move id="242" source="I2" target="H2"/>
  <move id="243" source="F3" target="F2"/>
  <move id="244" source="H2" target="H1"/>
  <move id="245" source="E3" target="E2"/>
  <move id="246" source="G7" target="F7"/>
  <move id="247" source="B2" target="A2"/>
  <move id="248" source="K8" target="I8"/>
  <move id="249" source="E2" target="D2"/>
  <move id="250" source="F7" target="F6"/>
  <move id="251" source="D2" target="C2"/>
  <move id="252" source="E9" target="E8"/>
  <move id="253" source="C2" target="B2"/>
  <move id="254" source="E8" target="E7"/>
  <move id="255" source="B2" target="B1"/>
  <move id="256" source="E7" target="E6"/>
  <move id="257" source="C3" target="C2"/>
  <move id="258" source="E6" target="E5"/>
  <move id="259" source="C2" target="D2"/>
  <move id="260" source="E5" target="E4"/>
  <move id="261" source="D4" target="E4"/>
  <move id="262" source="I8" target="I7"/>
  <move id="263" source="F2" target="G2"/>
  <move id="264" source="I7" target="I6"/>
  <move id="265" source="D2" target="E2"/>
  <move id="266" source="H1" target="I1"/>
  <move id="267" source="E2" target="F2"/>
  <move id="268" source="I6" target="I5"/>
  <move id="269" source="G2" target="H2"/>
  <move id="270" source="I5" target="I4"/>
  <move id="271" source="H2" target="I2"/>
  <move id="272" source="I1" target="H1"/>
  <move id="273" source="F2" target="G2"/>
  <move id="274" source="I4" target="K4"/>
  <move id="275" source="G2" target="G1"/>
  <move id="276" source="K4" target="K3"/>
  <move id="277" source="G1" target="H1"/>
  <move id="278" source="F6" target="F2"/>
  <move id="279" source="E4" target="E3"/>
  <move id="280" source="F2" target="C2"/>
  <move id="281" source="E3" target="E4"/>
  <move id="282" source="K3" target="K4"/>
  <move id="283" source="I2" target="I3"/>
  <move id="284" source="K4" target="K5"/>
  <move id="285" source="I3" target="I4"/>
  <move id="286" source="K5" target="K6"/>
  <move id="287" source="I4" target="I5"/>
  <move id="288" source="K6" target="K7"/>
  <move id="289" source="I5" target="I6"/>
  <move id="290" source="K7" target="I7"/>
  <move id="291" source="I6" target="I7"/>
  <move id="292" source="F9" target="E9"/>
  <move id="293" source="I7" target="H7"/>
  <move id="294" source="E9" target="E8"/>
  <move id="295" source="H7" target="G7"/>
  <move id="296" source="E8" target="E7"/>
  <move id="297" source="E4" target="E5"/>
  <move id="298" source="E7" target="E8"/>
  <move id="299" source="G7" target="F7"/>
  <move id="300" source="G9" target="F9"/>
  <move id="301" source="F7" target="E7"/>
  <move id="302" source="E8" target="E9"/>
  <move id="303" source="E7" target="E8"/>
  <move id="304" source="H9" target="G9"/>
  <move id="305" source="E8" target="E9"/>
  <move id="306" source="H:" target="H9"/>
  <move id="307" source="E9" target="F9"/>
  <move id="308" source="H9" target="I9"/>
  <move id="309" source="F9" target="G9"/>
  <move id="310" source="I9" target="I8"/>
  <move id="311" source="G9" target="G8"/>
  <move id="312" source="I8" target="I7"/>
  <move id="313" source="H1" target="H2"/>
  <move id="314" source="I7" target="I6"/>
  <move id="315" source="H2" target="H3"/>
  <move id="316" source="I6" target="I5"/>
  <move id="317" source="H3" target="H4"/>
  <move id="318" source="I5" target="I4"/>
  <move id="319" source="H4" target="I4"/>
  <move id="320" source="I:" target="I9"/>
  <move id="321" source="G8" target="G7"/>
  <move id="322" source="I9" target="I8"/>
  <move id="323" source="E5" target="E4"/>
  <move id="324" source="I8" target="I7"/>
  <move id="325" source="E4" target="D4"/>
  <move id="326" source="I7" target="I6"/>
  <move id="327" source="G7" target="F7"/>
  <move id="328" source="I6" target="I5"/>
  <move id="329" source="F7" target="F6"/>
  <move id="330" source="I5" target="I4"/>
  <move id="331" source="F6" target="F5"/>
  <move id="332" source="F:" target="F9"/>
  <move id="333" source="D4" target="C4"/>
  <move id="334" source="F9" target="E9"/>
  <move id="335" source="C4" target="B4"/>
  <move id="336" source="E9" target="E8"/>
  <move id="337" source="C8" target="D8"/>
  <move id="338" source="E8" target="E9"/>
  <move id="339" source="D8" target="E8"/>
  <move id="340" source="E9" target="F9"/>
  <move id="341" source="E8" target="E9"/>
  <move id="342" source="F9" target="G9"/>
  <move id="343" source="E9" target="F9"/>
  <move id="344" source="G9" target="H9"/>
  <move id="345" source="F9" target="G9"/>
  <move id="346" source="H9" target="I9"/>
  <move id="347" source="G9" target="H9"/>
  <move id="348" source="I9" target="I8"/>
  <move id="349" source="H9" target="I9"/>
  <move id="350" source="I8" target="I7"/>
  <move id="351" source="I9" target="I8"/>
  <move id="352" source="I7" target="H7"/>
  <move id="353" source="F5" target="F6"/>
  <move id="354" source="I4" target="I3"/>
  <move id="355" source="I8" target="I7"/>
  <move id="356" source="H7" target="G7"/>
  <move id="357" source="F6" target="F7"/>
  <move id="358" source="G7" target="G8"/>
  <move id="359" source="I7" target="I8"/>
  <move id="360" source="I3" target="H3"/>
  <move id="361" source="B4" target="C4"/>
  <move id="362" source="H3" target="G3"/>
  <move id="363" source="C4" target="C3"/>
  <move id="364" source="C2" target="K2"/>
  <move id="365" source="F7" target="F6"/>
  <move id="366" source="D9" target="D8"/>
  <move id="367" source="F6" target="F5"/>
  <move id="368" source="D8" target="C8"/>
  <move id="369" source="F5" target="F4"/>
  <move id="370" source="C8" target="B8"/>
  <move id="371" source="F4" target="E4"/>
  <move id="372" source="B8" target="A8"/>
  <move id="373" source="E4" target="D4"/>
  <move id="374" source="A8" target="A7"/>
  <move id="375" source="C3" target="B3"/>
  <move id="376" source="A7" target="A6"/>
  <move id="377" source="B3" target="A3"/>
  <move id="378" source="G3" target="G2"/>
  <move id="379" source="D4" target="C4"/>
  <move id="380" source="G8" target="G7"/>
  <move id="381" source="C4" target="C3"/>
  <move id="382" source="G7" target="F7"/>
  <move id="383" source="I8" target="I7"/>
  <move id="384" source="F7" target="F6"/>
  <move id="385" source="I7" target="I6"/>
  <move id="386" source="F6" target="F5"/>
  <move id="387" source="I6" target="I5"/>
  <move id="388" source="F5" target="F4"/>
  <move id="389" source="I5" target="I4"/>
  <move id="390" source="A6" target="A5"/>
  <move id="391" source="I4" target="H4"/>
  <move id="392" source="G2" target="F2"/>
  <move id="393" source="H4" target="G4"/>
  <move id="394" source="F4" target="E4"/>
  <move id="395" source="G4" target="F4"/>
  <move id="396" source="E4" target="D4"/>
  <move id="397" source="F4" target="E4"/>
  <move id="398" source="A5" target="A4"/>
  <move id="399" source="E4" target="D4"/>
  <move id="400" source="F2" target="E2"/>
  <move id="401" source="C3" target="C2"/>
  <move id="402" source="A4" target="B4"/>
  <move id="403" source="D4" target="C4"/>
  <player id="1">Player 1</player>
  <player id="2">Player 2</player>
  <result type="10" winner="3"/>
 </game>
</stratego>