<?xml version="1.0" encoding="UTF-8"?>
<stratego>
 <game type="classic">
  
  <field content="EGBBHBEHEBGDEHDDIEBMIDKJDFDLJBDGFGDIFCFHAA__AA__AAAA__AA__AARPNNRSWXPRNQSQNPVVPPRTNPPUOUUQQNTQPSTYTS"/>
  <move id="1" source="E4" target="E5"/>
  <move id="2" source="I7" target="I4"/>
  <move id="3" source="E5" target="F5"/>
  <move id="4" source="K7" target="K6"/>
  <move id="5" source="F5" target="F7"/>
  <move id="6" source="K6" target="K5"/>
  <move id="7" source="D4" target="E4"/>
  <move id="8" source="K5" target="I5"/>
  <move id="9" source="E4" target="E5"/>
  <move id="10" source="K8" target="K4"/>
  <move id="11" source="E5" target="F5"/>
  <move id="12" source="I8" target="K8"/>
  <move id="13" source="F5" target="F6"/>
  <move id="14" source="I9" target="I8"/>
  <move id="15" source="E3" target="E7"/>
  <move id="16" source="I8" target="I7"/>
  <move id="17" source="F6" target="E6"/>
  <move id="18" source="I7" target="K7"/>
  <move id="19" source="F4" target="F5"/>
  <move id="20" source="K7" target="K6"/>
  <move id="21" source="F5" target="E5"/>
  <move id="22" source="K6" target="K5"/>
  <move id="23" source="E6" target="E7"/>
  <move id="24" source="K8" target="I8"/>
  <move id="25" source="E5" target="F5"/>
  <move id="26" source="I5" target="I4"/>
  <move id="27" source="I3" target="I4"/>
  <move id="28" source="I8" target="I4"/>
  <move id="29" source="E7" target="F7"/>
  <move id="30" source="F8" target="F7"/>
  <move id="31" source="E2" target="E8"/>
  <move id="32" source="H8" target="I8"/>
  <move id="33" source="F2" target="E2"/>
  <move id="34" source="I8" target="I7"/>
  <move id="35" source="E2" target="E3"/>
  <move id="36" source="I7" target="I6"/>
  <move id="37" source="E3" target="E4"/>
  <move id="38" source="I6" target="I5"/>
  <move id="39" source="H3" target="I3"/>
  <move id="40" source="H9" target="I9"/>
  <move id="41" source="E4" target="E5"/>
  <move id="42" source="G8" target="H8"/>
  <move id="43" source="E5" target="E6"/>
  <move id="44" source="H8" target="H9"/>
  <move id="45" source="E6" target="E7"/>
  <move id="46" source="I5" target="I4"/>
  <move id="47" source="K4" target="I4"/>
  <move id="48" source="H7" target="I7"/>
  <move id="49" source="E7" target="D7"/>
  <move id="50" source="I7" target="I6"/>
  <move id="51" source="F5" target="F6"/>
  <move id="52" source="I6" target="I5"/>
  <move id="53" source="F6" target="F7"/>
  <move id="54" source="G7" target="F7"/>
  <move id="55" source="F3" target="F4"/>
  <move id="56" source="K5" target="K4"/>
  <move id="57" source="F4" target="F5"/>
  <move id="58" source="K4" target="I4"/>
  <move id="59" source="I3" target="I4"/>
  <move id="60" source="I5" target="I6"/>
  <move id="61" source="D3" target="D4"/>
  <move id="62" source="I6" target="I7"/>
  <move id="63" source="C3" target="D3"/>
  <move id="64" source="I7" target="H7"/>
  <move id="65" source="D3" target="E3"/>
  <move id="66" source="H7" target="G7"/>
  <move id="67" source="E3" target="E4"/>
  <move id="68" source="F7" target="F8"/>
  <move id="69" source="E4" target="E5"/>
  <move id="70" source="G7" target="F7"/>
  <move id="71" source="F5" target="F4"/>
  <move id="72" source="F7" target="F6"/>
  <move id="73" source="F4" target="F3"/>
  <move id="74" source="F6" target="F5"/>
  <move id="75" source="E5" target="E6"/>
  <move id="76" source="F5" target="E5"/>
  <move id="77" source="E6" target="F6"/>
  <move id="78" source="F8" target="F7"/>
  <move id="79" source="F6" target="F7"/>
  <move id="80" source="H9" target="H8"/>
  <move id="81" source="D4" target="D3"/>
  <move id="82" source="H8" target="H7"/>
  <move id="83" source="D3" target="E3"/>
  <move id="84" source="H7" target="G7"/>
  <move id="85" source="E3" target="E2"/>
  <move id="86" source="G7" target="F7"/>
  <move id="87" source="E2" target="F2"/>
  <move id="88" source="F7" target="F6"/>
  <move id="89" source="F3" target="E3"/>
  <move id="90" source="F6" target="F5"/>
  <move id="91" source="F2" target="F3"/>
  <move id="92" source="F5" target="F4"/>
  <move id="93" source="F3" target="F4"/>
  <move id="94" source="F9" target="F8"/>
  <move id="95" source="G2" target="F2"/>
  <move id="96" source="F8" target="F7"/>
  <move id="97" source="F2" target="F3"/>
  <move id="98" source="F7" target="F6"/>
  <move id="99" source="F3" target="F4"/>
  <move id="100" source="E5" target="F5"/>
  <move id="101" source="F4" target="E4"/>
  <move id="102" source="F6" target="E6"/>
  <move id="103" source="A4" target="A7"/>
  <move id="104" source="E6" target="E5"/>
  <move id="105" source="B4" target="A4"/>
  <move id="106" source="E5" target="E4"/>
  <move id="107" source="A4" target="A5"/>
  <move id="108" source="I9" target="I8"/>
  <move id="109" source="B3" target="B7"/>
  <move id="110" source="I8" target="H8"/>
  <move id="111" source="A5" target="A6"/>
  <move id="112" source="H8" target="G8"/>
  <move id="113" source="A6" target="A7"/>
  <move id="114" source="G8" target="F8"/>
  <move id="115" source="G3" target="G2"/>
  <move id="116" source="F8" target="F7"/>
  <move id="117" source="I4" target="I3"/>
  <move id="118" source="F7" target="F6"/>
  <move id="119" source="I3" target="H3"/>
  <move id="120" source="F6" target="E6"/>
  <move id="121" source="H3" target="G3"/>
  <move id="122" source="E6" target="E5"/>
  <move id="123" source="G3" target="F3"/>
  <move id="124" source="E5" target="E4"/>
  <move id="125" source="B2" target="B8"/>
  <move id="126" source="E4" target="D4"/>
  <move id="127" source="A3" target="B3"/>
  <move id="128" source="D4" target="C4"/>
  <move id="129" source="B3" target="B4"/>
  <move id="130" source="E9" target="F9"/>
  <move id="131" source="B4" target="B5"/>
  <move id="132" source="C4" target="B4"/>
  <move id="133" source="B5" target="B6"/>
  <move id="134" source="B4" target="B5"/>
  <move id="135" source="A7" target="B7"/>
  <move id="136" source="B5" target="B6"/>
  <move id="137" source="B7" target="A7"/>
  <move id="138" source="B8" target="B7"/>
  <move id="139" source="A7" target="B7"/>
  <move id="140" source="B9" target="B8"/>
  <move id="141" source="B7" target="B6"/>
  <move id="142" source="B8" target="B7"/>
  <move id="143" source="B6" target="B5"/>
  <move id="144" source="B7" target="B6"/>
  <move id="145" source="B5" target="B4"/>
  <move id="146" source="B6" target="B5"/>
  <move id="147" source="B4" target="C4"/>
  <move id="148" source="B5" target="B4"/>
  <move id="149" source="C4" target="D4"/>
  <move id="150" source="B4" target="C4"/>
  <move id="151" source="D4" target="E4"/>
  <move id="152" source="C4" target="D4"/>
  <move id="153" source="E4" target="F4"/>
  <move id="154" source="F9" target="F6"/>
  <move id="155" source="E3" target="E2"/>
  <move id="156" source="F6" target="E6"/>
  <move id="157" source="D2" target="D3"/>
  <move id="158" source="D4" target="D3"/>
  <move id="159" source="E2" target="F2"/>
  <move id="160" source="E6" target="E2"/>
  <move id="161" source="F2" target="E2"/>
  <move id="162" source="I:" target="I9"/>
  <move id="163" source="E2" target="F2"/>
  <move id="164" source="I9" target="I8"/>
  <move id="165" source="F4" target="E4"/>
  <move id="166" source="I8" target="I7"/>
  <move id="167" source="F3" target="G3"/>
  <move id="168" source="I7" target="I6"/>
  <move id="169" source="G3" target="H3"/>
  <move id="170" source="F5" target="E5"/>
  <move id="171" source="E4" target="F4"/>
  <move id="172" source="I6" target="I7"/>
  <move id="173" source="H3" target="I3"/>
  <move id="174" source="I7" target="H7"/>
  <move id="175" source="I3" target="H3"/>
  <move id="176" source="H7" target="G7"/>
  <move id="177" source="H3" target="G3"/>
  <move id="178" source="G7" target="F7"/>
  <move id="179" source="H2" target="H3"/>
  <move id="180" source="F7" target="F6"/>
  <move id="181" source="H3" target="I3"/>
  <move id="182" source="F6" target="F5"/>
  <move id="183" source="G3" target="F3"/>
  <move id="184" source="G9" target="F9"/>
  <move id="185" source="I3" target="I4"/>
  <move id="186" source="G:" target="G9"/>
  <move id="187" source="I4" target="I5"/>
  <move id="188" source="G9" target="G8"/>
  <move id="189" source="I5" target="I6"/>
  <move id="190" source="G8" target="H8"/>
  <move id="191" source="I6" target="I7"/>
  <move id="192" source="F9" target="G9"/>
  <move id="193" source="H1" target="H2"/>
  <move id="194" source="D9" target="F9"/>
  <move id="195" source="H2" target="H3"/>
  <move id="196" source="F5" target="F4"/>
  <move id="197" source="F3" target="F4"/>
  <move id="198" source="E5" target="E6"/>
  <move id="199" source="F4" target="F5"/>
  <move id="200" source="E6" target="E7"/>
  <move id="201" source="F5" target="F6"/>
  <move id="202" source="F:" target="G:"/>
  <move id="203" source="H3" target="I3"/>
  <move id="204" source="F9" target="F:"/>
  <move id="205" source="I3" target="I4"/>
  <move id="206" source="D:" target="D9"/>
  <move id="207" source="I4" target="I5"/>
  <move id="208" source="C:" target="D:"/>
  <move id="209" source="I5" target="I6"/>
  <move id="210" source="D9" target="E9"/>
  <move id="211" source="I7" target="K7"/>
  <move id="212" source="H8" target="I8"/>
  <move id="213" source="I6" target="I7"/>
  <move id="214" source="D:" target="D9"/>
  <move id="215" source="I7" target="I8"/>
  <move id="216" source="E:" target="D:"/>
  <move id="217" source="K7" target="K8"/>
  <move id="218" source="E9" target="E:"/>
  <move id="219" source="K8" target="K9"/>
  <move id="220" source="D9" target="E9"/>
  <move id="221" source="E1" target="E2"/>
  <move id="222" source="E9" target="F9"/>
  <move id="223" source="E2" target="E3"/>
  <move id="224" source="F9" target="F8"/>
  <move id="225" source="E3" target="F3"/>
  <move id="226" source="F8" target="G8"/>
  <move id="227" source="F3" target="G3"/>
  <move id="228" source="G8" target="H8"/>
  <move id="229" source="G3" target="H3"/>
  <move id="230" source="H8" target="I8"/>
  <move id="231" source="H3" target="I3"/>
  <move id="232" source="I8" target="I7"/>
  <move id="233" source="I3" target="I4"/>
  <move id="234" source="I7" target="I6"/>
  <move id="235" source="I4" target="I5"/>
  <move id="236" source="I6" target="I5"/>
  <move id="237" source="B1" target="B2"/>
  <move id="238" source="C8" target="B8"/>
  <move id="239" source="B2" target="B3"/>
  <move id="240" source="B8" target="B7"/>
  <move id="241" source="B3" target="B4"/>
  <move id="242" source="B7" target="B6"/>
  <move id="243" source="B4" target="B5"/>
  <move id="244" source="K:" target="K9"/>
  <move id="245" source="B5" target="B6"/>
  <move id="246" source="K9" target="K8"/>
  <move id="247" source="A2" target="A3"/>
  <move id="248" source="K8" target="K7"/>
  <move id="249" source="A3" target="A4"/>
  <move id="250" source="K7" target="K6"/>
  <move id="251" source="A4" target="A5"/>
  <move id="252" source="K6" target="K5"/>
  <move id="253" source="A5" target="A6"/>
  <move id="254" source="K5" target="K4"/>
  <move id="255" source="A6" target="A7"/>
  <move id="256" source="K4" target="I4"/>
  <move id="257" source="A7" target="B7"/>
  <move id="258" source="I4" target="I3"/>
  <move id="259" source="B7" target="B8"/>
  <move id="260" source="I3" target="H3"/>
  <move id="261" source="B8" target="C8"/>
  <move id="262" source="H3" target="G3"/>
  <move id="263" source="A1" target="A2"/>
  <move id="264" source="G3" target="F3"/>
  <move id="265" source="A2" target="A3"/>
  <move id="266" source="F3" target="E3"/>
  <move id="267" source="A3" target="A4"/>
  <move id="268" source="E3" target="D3"/>
  <move id="269" source="A4" target="A5"/>
  <move id="270" source="D3" target="C3"/>
  <move id="271" source="A5" target="B5"/>
  <move id="272" source="G9" target="H9"/>
  <move id="273" source="B5" target="B6"/>
  <move id="274" source="G:" target="G9"/>
  <move id="275" source="B6" target="B7"/>
  <move id="276" source="C3" target="C4"/>
  <move id="277" source="B7" target="C7"/>
  <move id="278" source="G9" target="F9"/>
  <move id="279" source="C7" target="B7"/>
  <move id="280" source="F9" target="E9"/>
  <move id="281" source="B7" target="B8"/>
  <move id="282" source="E9" target="D9"/>
  <move id="283" source="B8" target="B9"/>
  <move id="284" source="A9" target="B9"/>
  <move id="285" source="C8" target="B8"/>
  <move id="286" source="C4" target="B4"/>
  <move id="287" source="B8" target="B9"/>
  <move id="288" source="B4" target="B5"/>
  <move id="289" source="B9" target="B8"/>
  <move id="290" source="B5" target="B6"/>
  <move id="291" source="B8" target="B7"/>
  <move id="292" source="B6" target="B7"/>
  <move id="293" source="H4" target="H3"/>
  <move id="294" source="H9" target="H8"/>
  <move id="295" source="H3" target="G3"/>
  <move id="296" source="H8" target="H7"/>
  <move id="297" source="G3" target="F3"/>
  <move id="298" source="E:" target="E9"/>
  <move id="299" source="G4" target="G3"/>
  <move id="300" source="E9" target="F9"/>
  <move id="301" source="F3" target="F4"/>
  <move id="302" source="F9" target="G9"/>
  <move id="303" source="F4" target="F5"/>
  <move id="304" source="H7" target="G7"/>
  <move id="305" source="F5" target="E5"/>
  <move id="306" source="G9" target="H9"/>
  <move id="307" source="F6" target="F5"/>
  <move id="308" source="H9" target="H8"/>
  <move id="309" source="F5" target="F4"/>
  <move id="310" source="F:" target="F6"/>
  <move id="311" source="F4" target="G4"/>
  <move id="312" source="F6" target="E6"/>
  <move id="313" source="E5" target="F5"/>
  <move id="314" source="E7" target="F7"/>
  <move id="315" source="F5" target="F4"/>
  <move id="316" source="E6" target="E4"/>
  <move id="317" source="F4" target="F3"/>
  <move id="318" source="E4" target="E3"/>
  <move id="319" source="F3" target="F4"/>
  <move id="320" source="D:" target="F:"/>
  <move id="321" source="G3" target="F3"/>
  <move id="322" source="E3" target="E4"/>
  <move id="323" source="G2" target="G3"/>
  <move id="324" source="E4" target="F4"/>
  <move id="325" source="F3" target="F4"/>
  <move id="326" source="F7" target="F6"/>
  <move id="327" source="F4" target="F3"/>
  <move id="328" source="F6" target="F5"/>
  <move id="329" source="G3" target="H3"/>
  <move id="330" source="F5" target="F4"/>
  <move id="331" source="G4" target="F4"/>
  <move id="332" source="D9" target="E9"/>
  <move id="333" source="H3" target="I3"/>
  <move id="334" source="E9" target="F9"/>
  <move id="335" source="I3" target="I:"/>
  <move id="336" source="F9" target="F8"/>
  <move id="337" source="I:" target="H:"/>
  <player id="1">Player 1</player>
  <player id="2">Player 2</player>
  <result type="1" winner="1"/>
 </game>
</stratego>