<?xml version="1.0" encoding="UTF-8"?>
<stratego>
 <game type="classic">
  
  <field content="EBMBHLGEBGEHBBIICBJEFIJDFDFKEHDFDDHGDDGDAA__AA__AAAA__AA__AAPRQUPSSTSPUPWRTNXQPTPTVOVNUNNQQQPRNYNRSP"/>
  <move id="1" source="B4" target="B5"/>
  <move id="2" source="I7" target="I6"/>
  <move id="3" source="F4" target="F5"/>
  <move id="4" source="I6" target="I5"/>
  <move id="5" source="G4" target="F4"/>
  <move id="6" source="K7" target="K4"/>
  <move id="7" source="H4" target="G4"/>
  <move id="8" source="I5" target="I4"/>
  <move id="9" source="G4" target="H4"/>
  <move id="10" source="I8" target="I3"/>
  <move id="11" source="I3" target="I4"/>
  <move id="12" source="K8" target="K7"/>
  <move id="13" source="I2" target="I3"/>
  <move id="14" source="K7" target="K6"/>
  <move id="15" source="I4" target="I5"/>
  <move id="16" source="K9" target="K8"/>
  <move id="17" source="I3" target="I4"/>
  <move id="18" source="K6" target="K5"/>
  <move id="19" source="I5" target="I6"/>
  <move id="20" source="H7" target="I7"/>
  <move id="21" source="K3" target="K4"/>
  <move id="22" source="I7" target="I6"/>
  <move id="23" source="K4" target="K5"/>
  <move id="24" source="I6" target="I7"/>
  <move id="25" source="I4" target="I3"/>
  <move id="26" source="K8" target="K7"/>
  <move id="27" source="I3" target="K3"/>
  <move id="28" source="K7" target="K6"/>
  <move id="29" source="K3" target="K4"/>
  <move id="30" source="I7" target="I6"/>
  <move id="31" source="K4" target="K5"/>
  <move id="32" source="K6" target="K7"/>
  <move id="33" source="K5" target="K6"/>
  <move id="34" source="I6" target="K6"/>
  <move id="35" source="K6" target="K7"/>
  <move id="36" source="H8" target="I8"/>
  <move id="37" source="K7" target="K6"/>
  <move id="38" source="I8" target="K8"/>
  <move id="39" source="K6" target="I6"/>
  <move id="40" source="K8" target="I8"/>
  <move id="41" source="I6" target="I5"/>
  <move id="42" source="I8" target="I7"/>
  <move id="43" source="I5" target="I4"/>
  <move id="44" source="I7" target="I6"/>
  <move id="45" source="I4" target="I3"/>
  <move id="46" source="I6" target="I5"/>
  <move id="47" source="H4" target="I4"/>
  <move id="48" source="I5" target="K5"/>
  <move id="49" source="I4" target="K4"/>
  <move id="50" source="K5" target="K6"/>
  <move id="51" source="K4" target="K6"/>
  <move id="52" source="G8" target="H8"/>
  <move id="53" source="K2" target="K3"/>
  <move id="54" source="H8" target="H7"/>
  <move id="55" source="K3" target="K4"/>
  <move id="56" source="K6" target="I6"/>
  <move id="57" source="K4" target="K5"/>
  <move id="58" source="I6" target="I7"/>
  <move id="59" source="K5" target="K6"/>
  <move id="60" source="K:" target="K6"/>
  <move id="61" source="K6" target="K7"/>
  <move id="62" source="I:" target="K:"/>
  <move id="63" source="K7" target="I7"/>
  <move id="64" source="K:" target="K9"/>
  <move id="65" source="I3" target="I4"/>
  <move id="66" source="K9" target="K8"/>
  <move id="67" source="I4" target="H4"/>
  <move id="68" source="K8" target="K7"/>
  <move id="69" source="H4" target="G4"/>
  <move id="70" source="K7" target="K6"/>
  <move id="71" source="K1" target="K2"/>
  <move id="72" source="K6" target="K5"/>
  <move id="73" source="K2" target="K3"/>
  <move id="74" source="K5" target="I5"/>
  <move id="75" source="K3" target="I3"/>
  <move id="76" source="F7" target="F6"/>
  <move id="77" source="I3" target="I4"/>
  <move id="78" source="I5" target="I4"/>
  <move id="79" source="E4" target="E5"/>
  <move id="80" source="H7" target="I7"/>
  <move id="81" source="F4" target="E4"/>
  <move id="82" source="I7" target="I6"/>
  <move id="83" source="G4" target="F4"/>
  <move id="84" source="I6" target="I5"/>
  <move id="85" source="G3" target="G4"/>
  <move id="86" source="I5" target="I4"/>
  <move id="87" source="F3" target="G3"/>
  <move id="88" source="G7" target="F7"/>
  <move id="89" source="H3" target="I3"/>
  <move id="90" source="I4" target="H4"/>
  <move id="91" source="G4" target="H4"/>
  <move id="92" source="H4" target="G4"/>
  <move id="93" source="F4" target="F3"/>
  <move id="94" source="G4" target="G3"/>
  <move id="95" source="G2" target="G3"/>
  <move id="96" source="F6" target="F5"/>
  <move id="97" source="G3" target="G2"/>
  <move id="98" source="E7" target="E6"/>
  <move id="99" source="F3" target="G3"/>
  <move id="100" source="E6" target="E5"/>
  <move id="101" source="F2" target="F3"/>
  <move id="102" source="D7" target="E7"/>
  <move id="103" source="E5" target="F5"/>
  <move id="104" source="E7" target="E6"/>
  <move id="105" source="E4" target="E6"/>
  <move id="106" source="E6" target="E5"/>
  <move id="107" source="F5" target="F4"/>
  <move id="108" source="E5" target="E4"/>
  <move id="109" source="F4" target="G4"/>
  <move id="110" source="E4" target="D4"/>
  <move id="111" source="F3" target="F4"/>
  <move id="112" source="D4" target="C4"/>
  <move id="113" source="C3" target="C4"/>
  <move id="114" source="B7" target="B6"/>
  <move id="115" source="B5" target="B6"/>
  <move id="116" source="A7" target="A4"/>
  <move id="117" source="D3" target="D4"/>
  <move id="118" source="A8" target="A7"/>
  <move id="119" source="A3" target="A4"/>
  <move id="120" source="A7" target="A6"/>
  <move id="121" source="A4" target="A5"/>
  <move id="122" source="A6" target="A5"/>
  <move id="123" source="C4" target="B4"/>
  <move id="124" source="C7" target="B7"/>
  <move id="125" source="B4" target="A4"/>
  <move id="126" source="A5" target="B5"/>
  <move id="127" source="D4" target="C4"/>
  <move id="128" source="B7" target="B6"/>
  <move id="129" source="A4" target="A5"/>
  <move id="130" source="B5" target="B4"/>
  <move id="131" source="B3" target="B4"/>
  <move id="132" source="B6" target="B5"/>
  <move id="133" source="A5" target="A4"/>
  <move id="134" source="B5" target="A5"/>
  <move id="135" source="A4" target="B4"/>
  <move id="136" source="A5" target="A4"/>
  <move id="137" source="B4" target="B3"/>
  <move id="138" source="A4" target="A3"/>
  <move id="139" source="B3" target="C3"/>
  <move id="140" source="A3" target="A2"/>
  <move id="141" source="E3" target="D3"/>
  <move id="142" source="F7" target="F6"/>
  <move id="143" source="F4" target="F3"/>
  <move id="144" source="F6" target="F5"/>
  <move id="145" source="G4" target="F4"/>
  <move id="146" source="F5" target="E5"/>
  <move id="147" source="C4" target="D4"/>
  <move id="148" source="D8" target="D7"/>
  <move id="149" source="D3" target="E3"/>
  <move id="150" source="D7" target="E7"/>
  <move id="151" source="E3" target="E4"/>
  <move id="152" source="E5" target="E6"/>
  <move id="153" source="E4" target="E5"/>
  <move id="154" source="E6" target="E5"/>
  <move id="155" source="F4" target="F5"/>
  <move id="156" source="E5" target="E6"/>
  <move id="157" source="I3" target="I4"/>
  <move id="158" source="E7" target="F7"/>
  <move id="159" source="I4" target="I5"/>
  <move id="160" source="E6" target="E7"/>
  <move id="161" source="F5" target="E5"/>
  <move id="162" source="E7" target="D7"/>
  <move id="163" source="I5" target="I6"/>
  <move id="164" source="F7" target="E7"/>
  <move id="165" source="I6" target="I7"/>
  <move id="166" source="E7" target="E6"/>
  <move id="167" source="E5" target="E4"/>
  <move id="168" source="E6" target="E5"/>
  <move id="169" source="E4" target="E3"/>
  <move id="170" source="E5" target="E4"/>
  <move id="171" source="I7" target="H7"/>
  <move id="172" source="E4" target="D4"/>
  <move id="173" source="E3" target="E4"/>
  <move id="174" source="D4" target="C4"/>
  <move id="175" source="C3" target="C4"/>
  <move id="176" source="D7" target="C7"/>
  <move id="177" source="E4" target="D4"/>
  <move id="178" source="E8" target="E7"/>
  <move id="179" source="H7" target="G7"/>
  <move id="180" source="E7" target="E6"/>
  <move id="181" source="G7" target="F7"/>
  <move id="182" source="E6" target="E5"/>
  <move id="183" source="D4" target="E4"/>
  <move id="184" source="E5" target="E4"/>
  <move id="185" source="G2" target="F2"/>
  <move id="186" source="E9" target="E8"/>
  <move id="187" source="F3" target="E3"/>
  <move id="188" source="E8" target="E7"/>
  <move id="189" source="F7" target="F6"/>
  <move id="190" source="E7" target="E6"/>
  <move id="191" source="F6" target="F5"/>
  <move id="192" source="E6" target="E5"/>
  <move id="193" source="F5" target="F4"/>
  <move id="194" source="E5" target="F5"/>
  <move id="195" source="F4" target="G4"/>
  <move id="196" source="F5" target="F4"/>
  <move id="197" source="G4" target="H4"/>
  <move id="198" source="A9" target="A1"/>
  <move id="199" source="F2" target="F3"/>
  <move id="200" source="F4" target="G4"/>
  <move id="201" source="H4" target="G4"/>
  <move id="202" source="C7" target="B7"/>
  <move id="203" source="E3" target="E4"/>
  <player id="1">Player 1</player>
  <player id="2">Player 2</player>
  <result type="3" winner="1"/>
 </game>
</stratego>