<?xml version="1.0" encoding="UTF-8"?>
<stratego>
 <game type="classic">
  
  <field content="FBFEMFBFBGBIEHEIEBHIDGGHDHJGEDDBJLDDCKDDAA__AA__AAAA__AA__AAPRSTTUONRPTPNRWXQSPTQRNVQNQVSQPPSUNYNUPP"/>
  <move id="1" source="E4" target="E6"/>
  <move id="2" source="K7" target="K4"/>
  <move id="3" source="I4" target="I7"/>
  <move id="4" source="A7" target="A4"/>
  <move id="5" source="K3" target="K8"/>
  <move id="6" source="B7" target="B6"/>
  <move id="7" source="I3" target="K3"/>
  <move id="8" source="B8" target="B7"/>
  <move id="9" source="H3" target="I3"/>
  <move id="10" source="A8" target="A7"/>
  <move id="11" source="I3" target="I4"/>
  <move id="12" source="K8" target="K7"/>
  <move id="13" source="I4" target="I5"/>
  <move id="14" source="K7" target="K6"/>
  <move id="15" source="I5" target="K5"/>
  <move id="16" source="K6" target="K5"/>
  <move id="17" source="I2" target="I3"/>
  <move id="18" source="I7" target="K7"/>
  <move id="19" source="I3" target="I4"/>
  <move id="20" source="I8" target="I4"/>
  <move id="21" source="E6" target="E7"/>
  <move id="22" source="B6" target="B5"/>
  <move id="23" source="F4" target="F7"/>
  <move id="24" source="B7" target="B6"/>
  <move id="25" source="F3" target="F4"/>
  <move id="26" source="B6" target="A6"/>
  <move id="27" source="F4" target="E4"/>
  <move id="28" source="A6" target="A3"/>
  <move id="29" source="E4" target="E5"/>
  <move id="30" source="B5" target="A5"/>
  <move id="31" source="E5" target="E6"/>
  <move id="32" source="A5" target="A4"/>
  <move id="33" source="E6" target="E7"/>
  <move id="34" source="D7" target="E7"/>
  <move id="35" source="F2" target="F3"/>
  <move id="36" source="A4" target="A3"/>
  <move id="37" source="F3" target="F4"/>
  <move id="38" source="A3" target="A2"/>
  <move id="39" source="F4" target="F5"/>
  <move id="40" source="A7" target="B7"/>
  <move id="41" source="F5" target="F6"/>
  <move id="42" source="C7" target="D7"/>
  <move id="43" source="F6" target="F7"/>
  <move id="44" source="E7" target="F7"/>
  <move id="45" source="E3" target="E8"/>
  <move id="46" source="E8" target="E7"/>
  <move id="47" source="F1" target="F2"/>
  <move id="48" source="D8" target="E8"/>
  <move id="49" source="F2" target="F3"/>
  <move id="50" source="A9" target="A8"/>
  <move id="51" source="F3" target="F4"/>
  <move id="52" source="A8" target="B8"/>
  <move id="53" source="F4" target="F5"/>
  <move id="54" source="A:" target="A3"/>
  <move id="55" source="F5" target="F6"/>
  <move id="56" source="A3" target="B3"/>
  <move id="57" source="F6" target="F7"/>
  <move id="58" source="B7" target="B6"/>
  <move id="59" source="D3" target="E3"/>
  <move id="60" source="B8" target="B7"/>
  <move id="61" source="E3" target="E4"/>
  <move id="62" source="B7" target="A7"/>
  <move id="63" source="E4" target="E5"/>
  <move id="64" source="A7" target="A6"/>
  <move id="65" source="E5" target="F5"/>
  <move id="66" source="A6" target="A5"/>
  <move id="67" source="F5" target="F6"/>
  <move id="68" source="A5" target="A4"/>
  <move id="69" source="F6" target="F7"/>
  <move id="70" source="A4" target="A3"/>
  <move id="71" source="B3" target="A3"/>
  <move id="72" source="B6" target="A6"/>
  <move id="73" source="D4" target="E4"/>
  <move id="74" source="A6" target="A5"/>
  <move id="75" source="E4" target="E5"/>
  <move id="76" source="A5" target="A4"/>
  <move id="77" source="E5" target="E6"/>
  <move id="78" source="A4" target="A3"/>
  <move id="79" source="B2" target="B3"/>
  <move id="80" source="A3" target="A4"/>
  <move id="81" source="B3" target="A3"/>
  <move id="82" source="A4" target="A5"/>
  <move id="83" source="A3" target="A4"/>
  <move id="84" source="A5" target="A6"/>
  <move id="85" source="A4" target="A5"/>
  <move id="86" source="A6" target="A7"/>
  <move id="87" source="A5" target="A6"/>
  <move id="88" source="A7" target="A8"/>
  <move id="89" source="A6" target="A7"/>
  <move id="90" source="A8" target="B8"/>
  <move id="91" source="A7" target="B7"/>
  <move id="92" source="E7" target="F7"/>
  <move id="93" source="E6" target="F6"/>
  <move id="94" source="D7" target="E7"/>
  <move id="95" source="F6" target="F7"/>
  <move id="96" source="G7" target="F7"/>
  <move id="97" source="B7" target="B8"/>
  <move id="98" source="E8" target="D8"/>
  <move id="99" source="B8" target="B9"/>
  <move id="100" source="D8" target="D7"/>
  <move id="101" source="B9" target="B:"/>
  <move id="102" source="D7" target="C7"/>
  <move id="103" source="B:" target="C:"/>
  <move id="104" source="C7" target="B7"/>
  <move id="105" source="C:" target="D:"/>
  <move id="106" source="B7" target="B6"/>
  <move id="107" source="G4" target="F4"/>
  <move id="108" source="F7" target="F6"/>
  <move id="109" source="F4" target="E4"/>
  <move id="110" source="F6" target="E6"/>
  <move id="111" source="E4" target="D4"/>
  <move id="112" source="E6" target="E5"/>
  <move id="113" source="E2" target="E3"/>
  <move id="114" source="E7" target="E6"/>
  <move id="115" source="H4" target="G4"/>
  <move id="116" source="E5" target="F5"/>
  <move id="117" source="E3" target="E4"/>
  <move id="118" source="E6" target="E5"/>
  <move id="119" source="E4" target="F4"/>
  <move id="120" source="E5" target="E4"/>
  <move id="121" source="D4" target="E4"/>
  <move id="122" source="E4" target="E3"/>
  <move id="123" source="F4" target="F5"/>
  <move id="124" source="G8" target="G7"/>
  <move id="125" source="D2" target="E2"/>
  <move id="126" source="E3" target="F3"/>
  <move id="127" source="G3" target="F3"/>
  <move id="128" source="F8" target="F7"/>
  <move id="129" source="E2" target="E3"/>
  <move id="130" source="F7" target="F6"/>
  <move id="131" source="I4" target="I5"/>
  <move id="132" source="K5" target="K4"/>
  <move id="133" source="I5" target="I6"/>
  <move id="134" source="F6" target="E6"/>
  <move id="135" source="I6" target="I7"/>
  <move id="136" source="K7" target="K6"/>
  <move id="137" source="I7" target="I8"/>
  <move id="138" source="G7" target="F7"/>
  <move id="139" source="I8" target="I9"/>
  <move id="140" source="H9" target="I9"/>
  <move id="141" source="K2" target="I2"/>
  <move id="142" source="K4" target="I4"/>
  <move id="143" source="I2" target="I3"/>
  <move id="144" source="I4" target="I3"/>
  <move id="145" source="I3" target="I4"/>
  <move id="146" source="F7" target="F6"/>
  <move id="147" source="I4" target="I5"/>
  <move id="148" source="F6" target="F5"/>
  <move id="149" source="I5" target="I6"/>
  <move id="150" source="K6" target="K5"/>
  <move id="151" source="I6" target="I5"/>
  <move id="152" source="K5" target="K4"/>
  <move id="153" source="I5" target="I4"/>
  <move id="154" source="K4" target="K5"/>
  <move id="155" source="I4" target="K4"/>
  <move id="156" source="K5" target="I5"/>
  <move id="157" source="K4" target="K5"/>
  <move id="158" source="I5" target="I4"/>
  <move id="159" source="G4" target="H4"/>
  <move id="160" source="I4" target="I3"/>
  <move id="161" source="K3" target="K4"/>
  <move id="162" source="I3" target="I2"/>
  <move id="163" source="K4" target="I4"/>
  <move id="164" source="I2" target="I1"/>
  <move id="165" source="I4" target="I5"/>
  <move id="166" source="H8" target="I8"/>
  <move id="167" source="I5" target="I6"/>
  <move id="168" source="I8" target="I7"/>
  <move id="169" source="I6" target="K6"/>
  <move id="170" source="I7" target="K7"/>
  <move id="171" source="K6" target="I6"/>
  <move id="172" source="K7" target="I7"/>
  <move id="173" source="I6" target="I5"/>
  <move id="174" source="I7" target="I6"/>
  <move id="175" source="I5" target="I4"/>
  <move id="176" source="E6" target="F6"/>
  <move id="177" source="I4" target="K4"/>
  <move id="178" source="F6" target="F5"/>
  <move id="179" source="H4" target="I4"/>
  <move id="180" source="F5" target="F4"/>
  <move id="181" source="I4" target="I5"/>
  <move id="182" source="F4" target="F3"/>
  <move id="183" source="I5" target="I6"/>
  <move id="184" source="I9" target="I8"/>
  <move id="185" source="I6" target="I7"/>
  <move id="186" source="I8" target="H8"/>
  <move id="187" source="K5" target="I5"/>
  <move id="188" source="F3" target="E3"/>
  <move id="189" source="K4" target="K5"/>
  <move id="190" source="H8" target="G8"/>
  <move id="191" source="K5" target="K6"/>
  <move id="192" source="E3" target="E4"/>
  <move id="193" source="K6" target="K7"/>
  <move id="194" source="E4" target="F4"/>
  <move id="195" source="K7" target="K8"/>
  <move id="196" source="F4" target="F5"/>
  <move id="197" source="K8" target="K9"/>
  <move id="198" source="G8" target="F8"/>
  <move id="199" source="I7" target="I8"/>
  <move id="200" source="F5" target="F6"/>
  <move id="201" source="I5" target="I6"/>
  <move id="202" source="F6" target="F7"/>
  <move id="203" source="G2" target="G3"/>
  <move id="204" source="F7" target="G7"/>
  <move id="205" source="G3" target="G4"/>
  <move id="206" source="G7" target="G8"/>
  <move id="207" source="G4" target="F4"/>
  <move id="208" source="G8" target="H8"/>
  <move id="209" source="I8" target="I7"/>
  <move id="210" source="H8" target="I8"/>
  <move id="211" source="I7" target="H7"/>
  <move id="212" source="I8" target="I7"/>
  <move id="213" source="I6" target="K6"/>
  <move id="214" source="F8" target="G8"/>
  <move id="215" source="C4" target="D4"/>
  <move id="216" source="G8" target="H8"/>
  <move id="217" source="D4" target="E4"/>
  <move id="218" source="I7" target="I6"/>
  <move id="219" source="K6" target="K7"/>
  <move id="220" source="I6" target="K6"/>
  <move id="221" source="K7" target="I7"/>
  <move id="222" source="H8" target="I8"/>
  <move id="223" source="I7" target="I8"/>
  <move id="224" source="I8" target="H8"/>
  <move id="225" source="E4" target="E5"/>
  <move id="226" source="H8" target="G8"/>
  <move id="227" source="E5" target="E6"/>
  <move id="228" source="G8" target="F8"/>
  <move id="229" source="E6" target="F6"/>
  <move id="230" source="F8" target="F7"/>
  <move id="231" source="F6" target="F7"/>
  <move id="232" source="D9" target="D8"/>
  <move id="233" source="C3" target="D3"/>
  <move id="234" source="D8" target="E8"/>
  <move id="235" source="D3" target="D4"/>
  <move id="236" source="E8" target="E7"/>
  <move id="237" source="D4" target="E4"/>
  <move id="238" source="E7" target="E6"/>
  <move id="239" source="E4" target="E5"/>
  <move id="240" source="E6" target="E5"/>
  <move id="241" source="C2" target="C3"/>
  <move id="242" source="K6" target="K5"/>
  <move id="243" source="C3" target="B3"/>
  <move id="244" source="K5" target="K4"/>
  <move id="245" source="B3" target="A3"/>
  <move id="246" source="K4" target="I4"/>
  <move id="247" source="A3" target="A4"/>
  <move id="248" source="I4" target="H4"/>
  <move id="249" source="F4" target="F3"/>
  <move id="250" source="H4" target="H3"/>
  <move id="251" source="A4" target="A5"/>
  <move id="252" source="H3" target="G3"/>
  <move id="253" source="F3" target="F4"/>
  <move id="254" source="E5" target="F5"/>
  <move id="255" source="F4" target="E4"/>
  <move id="256" source="G3" target="F3"/>
  <move id="257" source="A5" target="A6"/>
  <move id="258" source="B6" target="A6"/>
  <move id="259" source="C1" target="C2"/>
  <move id="260" source="F3" target="E3"/>
  <move id="261" source="E4" target="D4"/>
  <move id="262" source="E3" target="D3"/>
  <move id="263" source="D4" target="E4"/>
  <move id="264" source="D3" target="C3"/>
  <move id="265" source="C2" target="D2"/>
  <move id="266" source="C3" target="C2"/>
  <move id="267" source="D2" target="D3"/>
  <move id="268" source="C2" target="C3"/>
  <move id="269" source="D3" target="E3"/>
  <move id="270" source="C3" target="D3"/>
  <move id="271" source="E3" target="F3"/>
  <move id="272" source="D3" target="E3"/>
  <move id="273" source="F3" target="G3"/>
  <move id="274" source="E3" target="E4"/>
  <move id="275" source="G3" target="G4"/>
  <move id="276" source="E4" target="F4"/>
  <move id="277" source="G4" target="H4"/>
  <move id="278" source="F4" target="G4"/>
  <move id="279" source="H4" target="I4"/>
  <move id="280" source="I:" target="I4"/>
  <move id="281" source="I4" target="I5"/>
  <move id="282" source="F5" target="E5"/>
  <move id="283" source="I5" target="I6"/>
  <move id="284" source="G4" target="G3"/>
  <move id="285" source="I6" target="I7"/>
  <move id="286" source="K:" target="K4"/>
  <move id="287" source="I7" target="I8"/>
  <move id="288" source="K4" target="E4"/>
  <move id="289" source="I8" target="I9"/>
  <move id="290" source="E4" target="E1"/>
  <player id="1">Player 1</player>
  <player id="2">Player 2</player>
  <result type="1" winner="2"/>
 </game>
</stratego>