<?xml version="1.0" encoding="UTF-8"?>
<stratego>
 <game type="classic">
  
  <field content="FBFMGEBBBDEIBJDDBIEEDFHEILDJDDHGKCGHFDHGAA__AA__AAAA__AA__AANSTNNSWTSURNVRRPOQPXNTUQPUPPPVYNSRQPPQQT"/>
  <move id="1" source="I4" target="I5"/>
  <move id="2" source="F7" target="F6"/>
  <move id="3" source="I5" target="I6"/>
  <move id="4" source="F6" target="E6"/>
  <move id="5" source="I6" target="K6"/>
  <move id="6" source="F8" target="F7"/>
  <move id="7" source="H4" target="I4"/>
  <move id="8" source="F7" target="F6"/>
  <move id="9" source="I4" target="I5"/>
  <move id="10" source="F6" target="F5"/>
  <move id="11" source="I5" target="I6"/>
  <move id="12" source="F9" target="F8"/>
  <move id="13" source="I6" target="I7"/>
  <move id="14" source="F8" target="F7"/>
  <move id="15" source="K4" target="I4"/>
  <move id="16" source="F7" target="F6"/>
  <move id="17" source="I4" target="I5"/>
  <move id="18" source="K7" target="K6"/>
  <move id="19" source="I5" target="I4"/>
  <move id="20" source="K6" target="K7"/>
  <move id="21" source="I4" target="H4"/>
  <move id="22" source="I7" target="I6"/>
  <move id="23" source="I3" target="I4"/>
  <move id="24" source="I6" target="K6"/>
  <move id="25" source="I4" target="I8"/>
  <move id="26" source="H8" target="I8"/>
  <move id="27" source="H4" target="I4"/>
  <move id="28" source="I8" target="I7"/>
  <move id="29" source="I4" target="I5"/>
  <move id="30" source="K8" target="I8"/>
  <move id="31" source="H3" target="H4"/>
  <move id="32" source="K7" target="K8"/>
  <move id="33" source="H4" target="I4"/>
  <move id="34" source="K6" target="K7"/>
  <move id="35" source="I5" target="K5"/>
  <move id="36" source="I7" target="I6"/>
  <move id="37" source="I4" target="I5"/>
  <move id="38" source="I6" target="I7"/>
  <move id="39" source="I5" target="I6"/>
  <move id="40" source="E6" target="E5"/>
  <move id="41" source="I6" target="K6"/>
  <move id="42" source="F5" target="F4"/>
  <move id="43" source="K6" target="K7"/>
  <move id="44" source="I7" target="I6"/>
  <move id="45" source="K5" target="K4"/>
  <move id="46" source="H7" target="I7"/>
  <move id="47" source="K7" target="K6"/>
  <move id="48" source="I6" target="I5"/>
  <move id="49" source="K6" target="K5"/>
  <move id="50" source="I7" target="I6"/>
  <move id="51" source="K4" target="I4"/>
  <move id="52" source="K8" target="K7"/>
  <move id="53" source="I4" target="I5"/>
  <move id="54" source="K7" target="I7"/>
  <move id="55" source="K5" target="K4"/>
  <move id="56" source="I6" target="I5"/>
  <move id="57" source="K4" target="I4"/>
  <move id="58" source="I5" target="I6"/>
  <move id="59" source="K3" target="K9"/>
  <move id="60" source="I6" target="K6"/>
  <move id="61" source="I4" target="I5"/>
  <move id="62" source="K6" target="K7"/>
  <move id="63" source="I5" target="I6"/>
  <move id="64" source="I7" target="H7"/>
  <move id="65" source="I6" target="I7"/>
  <move id="66" source="I8" target="I7"/>
  <move id="67" source="B4" target="B5"/>
  <move id="68" source="F6" target="F5"/>
  <move id="69" source="C4" target="B4"/>
  <move id="70" source="E8" target="F8"/>
  <move id="71" source="B5" target="B6"/>
  <move id="72" source="F8" target="F9"/>
  <move id="73" source="B4" target="B5"/>
  <move id="74" source="F5" target="F4"/>
  <move id="75" source="F3" target="F4"/>
  <move id="76" source="I7" target="I6"/>
  <move id="77" source="A4" target="B4"/>
  <move id="78" source="I6" target="I5"/>
  <move id="79" source="A3" target="A7"/>
  <move id="80" source="I5" target="I4"/>
  <move id="81" source="B6" target="B7"/>
  <move id="82" source="I4" target="K4"/>
  <move id="83" source="B5" target="B6"/>
  <move id="84" source="I9" target="I4"/>
  <move id="85" source="B6" target="B7"/>
  <move id="86" source="I4" target="G4"/>
  <move id="87" source="A2" target="A3"/>
  <move id="88" source="K4" target="I4"/>
  <move id="89" source="A3" target="A4"/>
  <move id="90" source="I4" target="H4"/>
  <move id="91" source="E4" target="E5"/>
  <move id="92" source="H4" target="G4"/>
  <move id="93" source="F4" target="E4"/>
  <move id="94" source="G4" target="F4"/>
  <move id="95" source="E4" target="E5"/>
  <move id="96" source="F4" target="F5"/>
  <move id="97" source="E5" target="E6"/>
  <move id="98" source="F5" target="F6"/>
  <move id="99" source="E6" target="E5"/>
  <move id="100" source="F6" target="F5"/>
  <move id="101" source="E5" target="E4"/>
  <move id="102" source="F5" target="F6"/>
  <move id="103" source="A4" target="A5"/>
  <move id="104" source="F6" target="F7"/>
  <move id="105" source="A5" target="A6"/>
  <move id="106" source="F7" target="F8"/>
  <move id="107" source="A6" target="A7"/>
  <move id="108" source="A8" target="A7"/>
  <move id="109" source="B7" target="A7"/>
  <move id="110" source="F8" target="F7"/>
  <move id="111" source="B4" target="C4"/>
  <move id="112" source="F7" target="F6"/>
  <move id="113" source="B3" target="B4"/>
  <move id="114" source="F6" target="F5"/>
  <move id="115" source="B4" target="B5"/>
  <move id="116" source="G8" target="F8"/>
  <move id="117" source="B5" target="B6"/>
  <move id="118" source="F8" target="F7"/>
  <move id="119" source="B6" target="B7"/>
  <move id="120" source="F7" target="F6"/>
  <move id="121" source="B7" target="C7"/>
  <move id="122" source="F6" target="E6"/>
  <move id="123" source="A7" target="B7"/>
  <move id="124" source="D8" target="E8"/>
  <move id="125" source="B7" target="C7"/>
  <move id="126" source="E8" target="F8"/>
  <move id="127" source="C7" target="D7"/>
  <move id="128" source="C8" target="C7"/>
  <move id="129" source="C4" target="B4"/>
  <move id="130" source="C7" target="B7"/>
  <move id="131" source="B4" target="B5"/>
  <move id="132" source="C9" target="C8"/>
  <move id="133" source="B5" target="B6"/>
  <move id="134" source="C8" target="C7"/>
  <move id="135" source="B6" target="B7"/>
  <move id="136" source="F5" target="F4"/>
  <move id="137" source="D4" target="C4"/>
  <move id="138" source="F4" target="E4"/>
  <move id="139" source="C4" target="B4"/>
  <move id="140" source="E6" target="E5"/>
  <move id="141" source="B4" target="B5"/>
  <move id="142" source="E5" target="E4"/>
  <move id="143" source="B5" target="B6"/>
  <move id="144" source="G7" target="F7"/>
  <move id="145" source="E3" target="E4"/>
  <move id="146" source="F8" target="G8"/>
  <move id="147" source="G3" target="F3"/>
  <move id="148" source="F7" target="F8"/>
  <move id="149" source="F3" target="F8"/>
  <move id="150" source="F8" target="E8"/>
  <move id="151" source="E4" target="E5"/>
  <move id="152" source="E8" target="D8"/>
  <move id="153" source="E5" target="E6"/>
  <move id="154" source="D8" target="C8"/>
  <move id="155" source="E6" target="E7"/>
  <player id="1">Player 1</player>
  <player id="2">Player 2</player>
  <result type="3" winner="2"/>
 </game>
</stratego>