<?xml version="1.0" encoding="UTF-8"?>
<stratego>
 <game type="classic">
  
  <field content="FEFDFMDGDDBCBFEIGBEBKJIBJDBDILHHEDHGDEGHAA__AA__AAAA__AA__AAPSVTPPPSPPQNPXTSPWTQNRVQNUNOQNRTQUYURSNR"/>
  <move id="1" source="A4" target="A5"/>
  <move id="2" source="B7" target="B6"/>
  <move id="3" source="A3" target="A4"/>
  <move id="4" source="B6" target="A6"/>
  <move id="5" source="K4" target="K5"/>
  <move id="6" source="C7" target="B7"/>
  <move id="7" source="I4" target="I5"/>
  <move id="8" source="B7" target="B6"/>
  <move id="9" source="K3" target="K4"/>
  <move id="10" source="B6" target="B5"/>
  <move id="11" source="I3" target="I4"/>
  <move id="12" source="A6" target="A5"/>
  <move id="13" source="I5" target="I6"/>
  <move id="14" source="B5" target="A5"/>
  <move id="15" source="A4" target="A5"/>
  <move id="16" source="E7" target="E4"/>
  <move id="17" source="I6" target="K6"/>
  <move id="18" source="D7" target="E7"/>
  <move id="19" source="B4" target="B5"/>
  <move id="20" source="E7" target="E6"/>
  <move id="21" source="B3" target="B4"/>
  <move id="22" source="E6" target="E5"/>
  <move id="23" source="B4" target="A4"/>
  <move id="24" source="D8" target="D7"/>
  <move id="25" source="B2" target="B3"/>
  <move id="26" source="D7" target="E7"/>
  <move id="27" source="B3" target="B4"/>
  <move id="28" source="E7" target="E6"/>
  <move id="29" source="K6" target="K7"/>
  <move id="30" source="E6" target="F6"/>
  <move id="31" source="I4" target="I5"/>
  <move id="32" source="F6" target="F5"/>
  <move id="33" source="I5" target="I6"/>
  <move id="34" source="F5" target="F4"/>
  <move id="35" source="K5" target="I5"/>
  <move id="36" source="E5" target="F5"/>
  <move id="37" source="K4" target="K5"/>
  <move id="38" source="F4" target="F3"/>
  <move id="39" source="H3" target="I3"/>
  <move id="40" source="F5" target="F4"/>
  <move id="41" source="I3" target="K3"/>
  <move id="42" source="F4" target="G4"/>
  <move id="43" source="H4" target="I4"/>
  <move id="44" source="G4" target="G3"/>
  <move id="45" source="K5" target="K4"/>
  <move id="46" source="F3" target="F2"/>
  <move id="47" source="I5" target="K5"/>
  <move id="48" source="F7" target="F3"/>
  <move id="49" source="I4" target="I5"/>
  <move id="50" source="F3" target="E3"/>
  <move id="51" source="C3" target="B3"/>
  <move id="52" source="F2" target="F3"/>
  <move id="53" source="B3" target="A3"/>
  <move id="54" source="F3" target="E3"/>
  <move id="55" source="K4" target="I4"/>
  <move id="56" source="E3" target="E4"/>
  <move id="57" source="I4" target="H4"/>
  <move id="58" source="G7" target="F7"/>
  <move id="59" source="H4" target="G4"/>
  <move id="60" source="F7" target="F4"/>
  <move id="61" source="C4" target="C3"/>
  <move id="62" source="F4" target="G4"/>
  <move id="63" source="B4" target="C4"/>
  <move id="64" source="G8" target="G7"/>
  <move id="65" source="C3" target="B3"/>
  <move id="66" source="G7" target="F7"/>
  <move id="67" source="K7" target="K8"/>
  <move id="68" source="I8" target="K8"/>
  <move id="69" source="A5" target="A6"/>
  <move id="70" source="K8" target="I8"/>
  <move id="71" source="A6" target="B6"/>
  <move id="72" source="F7" target="F1"/>
  <player id="1">Player 1</player>
  <player id="2">Player 2</player>
  <result type="1" winner="2"/>
 </game>
</stratego>