<?xml version="1.0" encoding="UTF-8"?>
<stratego>
 <game type="classic">
  
  <field content="FEBMFEHFBBBIGEIDDEIGLGBCKGJHEDHDJHDDFBDDAA__AA__AAAA__AA__AARPVPUSPUSQNNQNRWXPVPQQUQTRNSOTTPRPTNYNSP"/>
  <move id="1" source="F4" target="F7"/>
  <move id="2" source="E7" target="E6"/>
  <move id="3" source="E4" target="E6"/>
  <move id="4" source="E6" target="E5"/>
  <move id="5" source="B4" target="B7"/>
  <move id="6" source="E5" target="E6"/>
  <move id="7" source="E3" target="E4"/>
  <move id="8" source="I7" target="I6"/>
  <move id="9" source="E4" target="E5"/>
  <move id="10" source="E6" target="E5"/>
  <move id="11" source="D4" target="E4"/>
  <move id="12" source="I6" target="I5"/>
  <move id="13" source="E4" target="F4"/>
  <move id="14" source="I5" target="I4"/>
  <move id="15" source="K4" target="K7"/>
  <move id="16" source="I4" target="H4"/>
  <move id="17" source="F4" target="F5"/>
  <move id="18" source="K7" target="I7"/>
  <move id="19" source="F5" target="F6"/>
  <move id="20" source="F7" target="F6"/>
  <move id="21" source="F6" target="E6"/>
  <move id="22" source="F8" target="F7"/>
  <move id="23" source="F3" target="E3"/>
  <move id="24" source="F7" target="E7"/>
  <move id="25" source="F2" target="F3"/>
  <move id="26" source="E7" target="E6"/>
  <move id="27" source="F3" target="F7"/>
  <move id="28" source="D7" target="F7"/>
  <move id="29" source="G2" target="F2"/>
  <move id="30" source="E8" target="E7"/>
  <move id="31" source="E5" target="E4"/>
  <move id="32" source="E6" target="E5"/>
  <move id="33" source="C4" target="D4"/>
  <move id="34" source="E5" target="E4"/>
  <move id="35" source="D4" target="E4"/>
  <move id="36" source="E7" target="F7"/>
  <move id="37" source="E4" target="E5"/>
  <move id="38" source="K8" target="K7"/>
  <move id="39" source="E5" target="E6"/>
  <move id="40" source="K7" target="K6"/>
  <move id="41" source="F2" target="F7"/>
  <move id="42" source="K6" target="I6"/>
  <move id="43" source="E6" target="E7"/>
  <move id="44" source="I6" target="I3"/>
  <move id="45" source="E3" target="F3"/>
  <move id="46" source="I7" target="I6"/>
  <move id="47" source="F3" target="F4"/>
  <move id="48" source="I6" target="I5"/>
  <move id="49" source="F4" target="F5"/>
  <move id="50" source="I5" target="I4"/>
  <move id="51" source="F5" target="F6"/>
  <move id="52" source="I4" target="H4"/>
  <move id="53" source="G4" target="H4"/>
  <move id="54" source="I8" target="I7"/>
  <move id="55" source="F6" target="F7"/>
  <move id="56" source="I7" target="I6"/>
  <move id="57" source="F7" target="G7"/>
  <move id="58" source="H7" target="G7"/>
  <move id="59" source="E7" target="F7"/>
  <move id="60" source="G7" target="H7"/>
  <move id="61" source="H2" target="G2"/>
  <move id="62" source="I6" target="I5"/>
  <move id="63" source="G2" target="F2"/>
  <move id="64" source="I5" target="I4"/>
  <move id="65" source="F2" target="F3"/>
  <move id="66" source="I4" target="H4"/>
  <move id="67" source="F3" target="E3"/>
  <move id="68" source="H4" target="I4"/>
  <move id="69" source="E3" target="E4"/>
  <move id="70" source="I4" target="I3"/>
  <move id="71" source="I2" target="H2"/>
  <move id="72" source="I3" target="I4"/>
  <move id="73" source="E4" target="E5"/>
  <move id="74" source="I4" target="I5"/>
  <move id="75" source="E5" target="E6"/>
  <move id="76" source="I5" target="K5"/>
  <move id="77" source="E6" target="E7"/>
  <move id="78" source="H8" target="I8"/>
  <move id="79" source="F7" target="F6"/>
  <move id="80" source="I8" target="I1"/>
  <move id="81" source="E7" target="F7"/>
  <move id="82" source="K5" target="I5"/>
  <move id="83" source="F7" target="F8"/>
  <move id="84" source="G8" target="F8"/>
  <move id="85" source="F6" target="F5"/>
  <move id="86" source="F8" target="F7"/>
  <move id="87" source="F5" target="F4"/>
  <move id="88" source="F7" target="F6"/>
  <move id="89" source="D3" target="E3"/>
  <move id="90" source="F6" target="F5"/>
  <move id="91" source="E3" target="F3"/>
  <move id="92" source="I5" target="I4"/>
  <move id="93" source="H2" target="G2"/>
  <move id="94" source="I4" target="I5"/>
  <move id="95" source="G2" target="F2"/>
  <move id="96" source="F9" target="F8"/>
  <move id="97" source="G3" target="G4"/>
  <move id="98" source="F8" target="F7"/>
  <move id="99" source="G4" target="H4"/>
  <move id="100" source="I5" target="K5"/>
  <move id="101" source="H4" target="I4"/>
  <move id="102" source="F7" target="E7"/>
  <move id="103" source="I4" target="K4"/>
  <move id="104" source="K5" target="I5"/>
  <move id="105" source="A4" target="A5"/>
  <move id="106" source="E7" target="E6"/>
  <move id="107" source="A3" target="A4"/>
  <move id="108" source="E6" target="E5"/>
  <move id="109" source="A4" target="B4"/>
  <move id="110" source="E5" target="E4"/>
  <move id="111" source="F4" target="E4"/>
  <move id="112" source="F5" target="E5"/>
  <move id="113" source="E4" target="F4"/>
  <move id="114" source="E5" target="F5"/>
  <move id="115" source="B4" target="C4"/>
  <move id="116" source="H7" target="H8"/>
  <move id="117" source="K4" target="I4"/>
  <move id="118" source="I5" target="I6"/>
  <move id="119" source="C4" target="D4"/>
  <move id="120" source="I6" target="I7"/>
  <move id="121" source="I4" target="I5"/>
  <move id="122" source="I7" target="H7"/>
  <move id="123" source="I5" target="I6"/>
  <move id="124" source="H7" target="G7"/>
  <move id="125" source="I6" target="I7"/>
  <move id="126" source="G7" target="F7"/>
  <move id="127" source="I7" target="H7"/>
  <move id="128" source="H8" target="I8"/>
  <move id="129" source="F4" target="G4"/>
  <move id="130" source="F7" target="E7"/>
  <move id="131" source="G4" target="H4"/>
  <move id="132" source="F5" target="F6"/>
  <move id="133" source="H4" target="I4"/>
  <move id="134" source="F6" target="F7"/>
  <move id="135" source="H7" target="H8"/>
  <move id="136" source="I8" target="I7"/>
  <move id="137" source="I4" target="I5"/>
  <move id="138" source="F7" target="G7"/>
  <move id="139" source="I5" target="I6"/>
  <move id="140" source="G7" target="H7"/>
  <move id="141" source="H8" target="I8"/>
  <move id="142" source="I7" target="K7"/>
  <move id="143" source="I8" target="K8"/>
  <move id="144" source="H7" target="I7"/>
  <move id="145" source="I6" target="I5"/>
  <move id="146" source="K7" target="K6"/>
  <move id="147" source="D4" target="E4"/>
  <move id="148" source="K9" target="K8"/>
  <move id="149" source="E4" target="F4"/>
  <move id="150" source="E7" target="E8"/>
  <move id="151" source="F4" target="G4"/>
  <move id="152" source="E8" target="F8"/>
  <move id="153" source="G4" target="H4"/>
  <move id="154" source="F8" target="G8"/>
  <move id="155" source="H4" target="I4"/>
  <move id="156" source="G8" target="H8"/>
  <move id="157" source="I5" target="K5"/>
  <move id="158" source="K6" target="K7"/>
  <move id="159" source="I4" target="I5"/>
  <move id="160" source="H8" target="I8"/>
  <move id="161" source="I5" target="I6"/>
  <move id="162" source="I8" target="K8"/>
  <move id="163" source="K5" target="K6"/>
  <move id="164" source="K7" target="K8"/>
  <move id="165" source="I6" target="I7"/>
  <move id="166" source="K8" target="I8"/>
  <move id="167" source="K6" target="I6"/>
  <move id="168" source="I8" target="H8"/>
  <move id="169" source="I6" target="I7"/>
  <move id="170" source="C7" target="D7"/>
  <move id="171" source="K3" target="K8"/>
  <move id="172" source="K:" target="K8"/>
  <move id="173" source="F3" target="F4"/>
  <move id="174" source="D7" target="E7"/>
  <move id="175" source="F4" target="F5"/>
  <move id="176" source="E7" target="E6"/>
  <move id="177" source="F5" target="F6"/>
  <move id="178" source="E6" target="E5"/>
  <move id="179" source="F6" target="F7"/>
  <move id="180" source="E5" target="E4"/>
  <move id="181" source="I7" target="H7"/>
  <move id="182" source="H8" target="I8"/>
  <move id="183" source="F7" target="F8"/>
  <move id="184" source="E4" target="E3"/>
  <move id="185" source="F8" target="G8"/>
  <move id="186" source="E3" target="E2"/>
  <move id="187" source="F2" target="F3"/>
  <move id="188" source="E2" target="E3"/>
  <move id="189" source="F3" target="F4"/>
  <move id="190" source="E3" target="E4"/>
  <move id="191" source="F4" target="F3"/>
  <move id="192" source="E4" target="F4"/>
  <move id="193" source="F3" target="E3"/>
  <move id="194" source="F4" target="E4"/>
  <move id="195" source="E3" target="F3"/>
  <move id="196" source="E9" target="E8"/>
  <move id="197" source="G8" target="H8"/>
  <move id="198" source="E8" target="E7"/>
  <move id="199" source="H8" target="H9"/>
  <move id="200" source="E7" target="E6"/>
  <move id="201" source="H7" target="H8"/>
  <move id="202" source="I8" target="I7"/>
  <move id="203" source="H8" target="H9"/>
  <move id="204" source="I7" target="I6"/>
  <move id="205" source="H9" target="H8"/>
  <move id="206" source="I6" target="I5"/>
  <move id="207" source="H8" target="H7"/>
  <move id="208" source="E4" target="F4"/>
  <move id="209" source="F3" target="E3"/>
  <move id="210" source="I5" target="I4"/>
  <move id="211" source="H7" target="G7"/>
  <move id="212" source="E6" target="E5"/>
  <move id="213" source="G7" target="F7"/>
  <move id="214" source="E5" target="E4"/>
  <move id="215" source="F7" target="F6"/>
  <move id="216" source="E4" target="D4"/>
  <move id="217" source="E3" target="D3"/>
  <move id="218" source="D4" target="C4"/>
  <move id="219" source="F6" target="F5"/>
  <move id="220" source="F4" target="E4"/>
  <move id="221" source="F5" target="E5"/>
  <move id="222" source="E4" target="E3"/>
  <move id="223" source="D3" target="D4"/>
  <move id="224" source="E3" target="E2"/>
  <move id="225" source="D4" target="C4"/>
  <move id="226" source="E2" target="E1"/>
  <move id="227" source="E5" target="E6"/>
  <move id="228" source="I4" target="H4"/>
  <move id="229" source="C4" target="D4"/>
  <move id="230" source="H4" target="G4"/>
  <move id="231" source="D4" target="E4"/>
  <move id="232" source="G4" target="G3"/>
  <move id="233" source="E4" target="F4"/>
  <move id="234" source="G3" target="G2"/>
  <move id="235" source="F4" target="F3"/>
  <move id="236" source="G2" target="G1"/>
  <move id="237" source="F3" target="F2"/>
  <move id="238" source="E1" target="E2"/>
  <move id="239" source="F2" target="G2"/>
  <move id="240" source="G1" target="G2"/>
  <move id="241" source="E6" target="E5"/>
  <move id="242" source="E2" target="F2"/>
  <move id="243" source="E5" target="E4"/>
  <move id="244" source="F2" target="F1"/>
  <move id="245" source="E4" target="E3"/>
  <player id="1">Player 1</player>
  <player id="2">Player 2</player>
  <result type="3" winner="2"/>
 </game>
</stratego>