<?xml version="1.0" encoding="UTF-8"?>
<stratego>
 <game type="classic">
  
  <field content="DGEEDEBFBMEJCIDGJBFBIDKHHDLHBFFHEDGDDIGBAA__AA__AAAA__AA__AASNOWPTXUSPNNNVPPRSQPRSNQTUUQPVYRNTQPTRPQ"/>
  <move id="1" source="I4" target="I5"/>
  <move id="2" source="K7" target="K6"/>
  <move id="3" source="H4" target="I4"/>
  <move id="4" source="K8" target="K7"/>
  <move id="5" source="I5" target="K5"/>
  <move id="6" source="I7" target="I6"/>
  <move id="7" source="I4" target="I5"/>
  <move id="8" source="E7" target="E6"/>
  <move id="9" source="B4" target="B5"/>
  <move id="10" source="E6" target="E5"/>
  <move id="11" source="B5" target="A5"/>
  <move id="12" source="E8" target="E7"/>
  <move id="13" source="B3" target="B4"/>
  <move id="14" source="E7" target="E6"/>
  <move id="15" source="B4" target="B5"/>
  <move id="16" source="F7" target="F6"/>
  <move id="17" source="G4" target="H4"/>
  <move id="18" source="E5" target="F5"/>
  <move id="19" source="F4" target="G4"/>
  <move id="20" source="E6" target="E5"/>
  <move id="21" source="F3" target="F4"/>
  <move id="22" source="D7" target="E7"/>
  <move id="23" source="I5" target="I6"/>
  <move id="24" source="E7" target="E6"/>
  <move id="25" source="I6" target="K6"/>
  <move id="26" source="H7" target="I7"/>
  <move id="27" source="H4" target="I4"/>
  <move id="28" source="I7" target="I6"/>
  <move id="29" source="K6" target="K7"/>
  <move id="30" source="G7" target="H7"/>
  <move id="31" source="I4" target="I6"/>
  <move id="32" source="K9" target="K8"/>
  <move id="33" source="K7" target="K6"/>
  <move id="34" source="H7" target="I7"/>
  <move id="35" source="K6" target="I6"/>
  <move id="36" source="I7" target="H7"/>
  <move id="37" source="K5" target="K6"/>
  <move id="38" source="H7" target="I7"/>
  <move id="39" source="K6" target="K7"/>
  <move id="40" source="I7" target="K7"/>
  <move id="41" source="G4" target="H4"/>
  <move id="42" source="K7" target="I7"/>
  <move id="43" source="H4" target="I4"/>
  <move id="44" source="I7" target="H7"/>
  <move id="45" source="C4" target="B4"/>
  <move id="46" source="F5" target="F4"/>
  <move id="47" source="E4" target="F4"/>
  <move id="48" source="E5" target="F5"/>
  <move id="49" source="F4" target="G4"/>
  <move id="50" source="E6" target="E5"/>
  <move id="51" source="B4" target="B3"/>
  <move id="52" source="K8" target="K9"/>
  <move id="53" source="D4" target="C4"/>
  <move id="54" source="F8" target="E8"/>
  <move id="55" source="C4" target="B4"/>
  <move id="56" source="E8" target="E7"/>
  <move id="57" source="C3" target="C4"/>
  <move id="58" source="E7" target="F7"/>
  <move id="59" source="C4" target="D4"/>
  <move id="60" source="E5" target="E6"/>
  <move id="61" source="D4" target="E4"/>
  <move id="62" source="E6" target="E7"/>
  <move id="63" source="E4" target="E5"/>
  <move id="64" source="F5" target="E5"/>
  <move id="65" source="E5" target="E6"/>
  <move id="66" source="E7" target="E6"/>
  <move id="67" source="G4" target="H4"/>
  <move id="68" source="F7" target="F8"/>
  <move id="69" source="G3" target="G4"/>
  <move id="70" source="F6" target="E6"/>
  <move id="71" source="E3" target="E4"/>
  <move id="72" source="H7" target="G7"/>
  <move id="73" source="E4" target="E5"/>
  <move id="74" source="E6" target="E7"/>
  <move id="75" source="E5" target="E6"/>
  <move id="76" source="E7" target="E8"/>
  <move id="77" source="E6" target="E7"/>
  <move id="78" source="G7" target="F7"/>
  <move id="79" source="E7" target="E6"/>
  <move id="80" source="F7" target="F6"/>
  <move id="81" source="E6" target="E5"/>
  <move id="82" source="F6" target="F5"/>
  <move id="83" source="E5" target="E6"/>
  <move id="84" source="F5" target="F6"/>
  <move id="85" source="E6" target="E5"/>
  <move id="86" source="F6" target="F5"/>
  <move id="87" source="E5" target="E6"/>
  <move id="88" source="F5" target="F6"/>
  <move id="89" source="E6" target="E7"/>
  <move id="90" source="H8" target="H7"/>
  <move id="91" source="I4" target="I5"/>
  <move id="92" source="D8" target="D7"/>
  <move id="93" source="E7" target="D7"/>
  <move id="94" source="D7" target="D8"/>
  <move id="95" source="I5" target="I8"/>
  <move id="96" source="H7" target="I7"/>
  <move id="97" source="G4" target="G3"/>
  <move id="98" source="I7" target="K7"/>
  <move id="99" source="H4" target="G4"/>
  <move id="100" source="F6" target="F5"/>
  <move id="101" source="G3" target="F3"/>
  <move id="102" source="K7" target="K6"/>
  <move id="103" source="H3" target="H4"/>
  <move id="104" source="K6" target="K5"/>
  <move id="105" source="H4" target="I4"/>
  <move id="106" source="K5" target="K4"/>
  <move id="107" source="I4" target="I5"/>
  <move id="108" source="F5" target="F6"/>
  <move id="109" source="F3" target="G3"/>
  <move id="110" source="F6" target="F7"/>
  <move id="111" source="G3" target="H3"/>
  <move id="112" source="F7" target="G7"/>
  <move id="113" source="I5" target="K5"/>
  <move id="114" source="G7" target="H7"/>
  <move id="115" source="K5" target="K6"/>
  <move id="116" source="H7" target="I7"/>
  <move id="117" source="G2" target="G3"/>
  <move id="118" source="I7" target="K7"/>
  <move id="119" source="K6" target="I6"/>
  <move id="120" source="K7" target="I7"/>
  <move id="121" source="I6" target="K6"/>
  <move id="122" source="I7" target="K7"/>
  <move id="123" source="K6" target="I6"/>
  <move id="124" source="K7" target="I7"/>
  <move id="125" source="I6" target="K6"/>
  <move id="126" source="I7" target="K7"/>
  <move id="127" source="K6" target="I6"/>
  <move id="128" source="G8" target="G7"/>
  <move id="129" source="G3" target="F3"/>
  <move id="130" source="G7" target="H7"/>
  <move id="131" source="F3" target="F4"/>
  <move id="132" source="H7" target="I7"/>
  <move id="133" source="I6" target="I5"/>
  <move id="134" source="K7" target="K6"/>
  <move id="135" source="F4" target="F5"/>
  <move id="136" source="K6" target="I6"/>
  <move id="137" source="I5" target="K5"/>
  <move id="138" source="I6" target="K6"/>
  <move id="139" source="K5" target="I5"/>
  <move id="140" source="K6" target="I6"/>
  <move id="141" source="I5" target="K5"/>
  <move id="142" source="I6" target="K6"/>
  <move id="143" source="K5" target="I5"/>
  <move id="144" source="I7" target="I6"/>
  <move id="145" source="I5" target="I4"/>
  <move id="146" source="K6" target="K5"/>
  <move id="147" source="G4" target="G3"/>
  <move id="148" source="I6" target="I5"/>
  <move id="149" source="H3" target="H4"/>
  <move id="150" source="I5" target="I4"/>
  <move id="151" source="H4" target="H3"/>
  <move id="152" source="K5" target="K6"/>
  <move id="153" source="F5" target="F6"/>
  <move id="154" source="K6" target="I6"/>
  <move id="155" source="F6" target="F7"/>
  <move id="156" source="I6" target="I7"/>
  <move id="157" source="F7" target="F8"/>
  <move id="158" source="I7" target="H7"/>
  <move id="159" source="F8" target="E8"/>
  <move id="160" source="H7" target="G7"/>
  <move id="161" source="G3" target="F3"/>
  <move id="162" source="G7" target="F7"/>
  <move id="163" source="F3" target="F4"/>
  <move id="164" source="F7" target="E7"/>
  <move id="165" source="E8" target="F8"/>
  <move id="166" source="E7" target="F7"/>
  <move id="167" source="F8" target="G8"/>
  <move id="168" source="F7" target="G7"/>
  <move id="169" source="G8" target="H8"/>
  <move id="170" source="G7" target="H7"/>
  <move id="171" source="H8" target="G8"/>
  <move id="172" source="H7" target="G7"/>
  <move id="173" source="G8" target="H8"/>
  <move id="174" source="G7" target="H7"/>
  <move id="175" source="H8" target="I8"/>
  <move id="176" source="H7" target="I7"/>
  <move id="177" source="I8" target="K8"/>
  <move id="178" source="K9" target="K8"/>
  <move id="179" source="F4" target="G4"/>
  <move id="180" source="I7" target="H7"/>
  <move id="181" source="E2" target="E9"/>
  <move id="182" source="I9" target="I8"/>
  <move id="183" source="B4" target="C4"/>
  <move id="184" source="I8" target="E8"/>
  <move id="185" source="C4" target="D4"/>
  <move id="186" source="H7" target="G7"/>
  <move id="187" source="D4" target="E4"/>
  <move id="188" source="G7" target="F7"/>
  <move id="189" source="B3" target="B4"/>
  <move id="190" source="F7" target="F6"/>
  <move id="191" source="G4" target="F4"/>
  <move id="192" source="F6" target="E6"/>
  <move id="193" source="F4" target="G4"/>
  <move id="194" source="E8" target="F8"/>
  <move id="195" source="E4" target="F4"/>
  <move id="196" source="F8" target="F4"/>
  <move id="197" source="B2" target="B3"/>
  <move id="198" source="E6" target="E5"/>
  <move id="199" source="B5" target="B6"/>
  <move id="200" source="E5" target="E4"/>
  <move id="201" source="C2" target="C3"/>
  <move id="202" source="E4" target="D4"/>
  <move id="203" source="B4" target="B5"/>
  <move id="204" source="D4" target="C4"/>
  <move id="205" source="C3" target="C4"/>
  <move id="206" source="K:" target="K9"/>
  <move id="207" source="C4" target="B4"/>
  <move id="208" source="K9" target="K8"/>
  <move id="209" source="B3" target="C3"/>
  <move id="210" source="K8" target="K7"/>
  <move id="211" source="C3" target="C4"/>
  <move id="212" source="K7" target="K6"/>
  <move id="213" source="I4" target="I5"/>
  <move id="214" source="I:" target="I5"/>
  <move id="215" source="C4" target="D4"/>
  <move id="216" source="F9" target="F8"/>
  <move id="217" source="D4" target="E4"/>
  <move id="218" source="F8" target="G8"/>
  <move id="219" source="E4" target="E5"/>
  <move id="220" source="G8" target="G7"/>
  <move id="221" source="E5" target="E6"/>
  <move id="222" source="G7" target="H7"/>
  <move id="223" source="E6" target="E7"/>
  <move id="224" source="H7" target="I7"/>
  <move id="225" source="E7" target="F7"/>
  <move id="226" source="I7" target="I6"/>
  <move id="227" source="I5" target="K5"/>
  <move id="228" source="F:" target="F7"/>
  <move id="229" source="F7" target="F8"/>
  <move id="230" source="I6" target="I5"/>
  <move id="231" source="K5" target="K6"/>
  <move id="232" source="I5" target="K5"/>
  <move id="233" source="K6" target="K7"/>
  <move id="234" source="K5" target="I5"/>
  <move id="235" source="F8" target="F9"/>
  <move id="236" source="I5" target="I4"/>
  <move id="237" source="F9" target="E9"/>
  <move id="238" source="I4" target="H4"/>
  <move id="239" source="H3" target="H4"/>
  <move id="240" source="H:" target="I:"/>
  <move id="241" source="E9" target="F9"/>
  <move id="242" source="I:" target="I9"/>
  <move id="243" source="F9" target="F8"/>
  <move id="244" source="I9" target="I8"/>
  <move id="245" source="F8" target="F7"/>
  <move id="246" source="I8" target="H8"/>
  <move id="247" source="H4" target="I4"/>
  <move id="248" source="H8" target="H7"/>
  <move id="249" source="I4" target="I5"/>
  <move id="250" source="H7" target="H8"/>
  <move id="251" source="I5" target="I6"/>
  <move id="252" source="H8" target="H7"/>
  <move id="253" source="K7" target="K8"/>
  <move id="254" source="H7" target="H8"/>
  <move id="255" source="I6" target="I7"/>
  <move id="256" source="H8" target="G8"/>
  <move id="257" source="I7" target="H7"/>
  <move id="258" source="D8" target="D7"/>
  <move id="259" source="D2" target="E2"/>
  <move id="260" source="E:" target="E9"/>
  <move id="261" source="F7" target="E7"/>
  <move id="262" source="E9" target="F9"/>
  <move id="263" source="E2" target="E3"/>
  <move id="264" source="F9" target="F8"/>
  <move id="265" source="E3" target="E4"/>
  <move id="266" source="A7" target="A6"/>
  <move id="267" source="E4" target="F4"/>
  <move id="268" source="A6" target="A7"/>
  <move id="269" source="F4" target="F5"/>
  <move id="270" source="A7" target="A6"/>
  <move id="271" source="A5" target="A6"/>
  <move id="272" source="D7" target="E7"/>
  <move id="273" source="F5" target="F6"/>
  <move id="274" source="F8" target="E8"/>
  <move id="275" source="F6" target="F7"/>
  <move id="276" source="G8" target="G7"/>
  <move id="277" source="H7" target="G7"/>
  <move id="278" source="E8" target="D8"/>
  <move id="279" source="F7" target="E7"/>
  <move id="280" source="G9" target="F9"/>
  <move id="281" source="G7" target="F7"/>
  <move id="282" source="F9" target="E9"/>
  <move id="283" source="E7" target="E8"/>
  <move id="284" source="E9" target="E8"/>
  <move id="285" source="F7" target="E7"/>
  <move id="286" source="D8" target="D7"/>
  <move id="287" source="E7" target="F7"/>
  <move id="288" source="D7" target="D8"/>
  <move id="289" source="B4" target="C4"/>
  <move id="290" source="G:" target="H:"/>
  <move id="291" source="C4" target="D4"/>
  <move id="292" source="H:" target="I:"/>
  <move id="293" source="D4" target="E4"/>
  <move id="294" source="I:" target="K:"/>
  <move id="295" source="E4" target="E5"/>
  <move id="296" source="K:" target="K9"/>
  <move id="297" source="E5" target="E6"/>
  <move id="298" source="K9" target="K8"/>
  <move id="299" source="E6" target="E7"/>
  <move id="300" source="H9" target="I9"/>
  <move id="301" source="E7" target="E8"/>
  <move id="302" source="I9" target="K9"/>
  <move id="303" source="G4" target="H4"/>
  <move id="304" source="K9" target="K8"/>
  <move id="305" source="H4" target="I4"/>
  <move id="306" source="K8" target="K7"/>
  <move id="307" source="I4" target="I5"/>
  <move id="308" source="K7" target="K6"/>
  <move id="309" source="E8" target="D8"/>
  <move id="310" source="K6" target="K7"/>
  <move id="311" source="I5" target="I6"/>
  <move id="312" source="K7" target="K8"/>
  <move id="313" source="I6" target="I7"/>
  <move id="314" source="K8" target="K9"/>
  <move id="315" source="I7" target="I8"/>
  <move id="316" source="K9" target="K:"/>
  <move id="317" source="I8" target="I9"/>
  <move id="318" source="D8" target="D7"/>
  <move id="319" source="F2" target="F3"/>
  <move id="320" source="D7" target="D8"/>
  <move id="321" source="F3" target="F4"/>
  <move id="322" source="C7" target="D7"/>
  <move id="323" source="F4" target="E4"/>
  <move id="324" source="D8" target="E8"/>
  <move id="325" source="E4" target="E5"/>
  <move id="326" source="E8" target="E7"/>
  <move id="327" source="E5" target="E6"/>
  <move id="328" source="E7" target="E8"/>
  <move id="329" source="E6" target="E7"/>
  <move id="330" source="E8" target="D8"/>
  <move id="331" source="E7" target="E8"/>
  <move id="332" source="D7" target="E7"/>
  <move id="333" source="F7" target="E7"/>
  <move id="334" source="D:" target="E:"/>
  <move id="335" source="E8" target="D8"/>
  <move id="336" source="E:" target="E9"/>
  <move id="337" source="E7" target="E8"/>
  <move id="338" source="E9" target="F9"/>
  <move id="339" source="E8" target="F8"/>
  <move id="340" source="F9" target="G9"/>
  <move id="341" source="F8" target="G8"/>
  <move id="342" source="G9" target="H9"/>
  <move id="343" source="I9" target="K9"/>
  <move id="344" source="H9" target="I9"/>
  <move id="345" source="K9" target="K:"/>
  <move id="346" source="I9" target="I8"/>
  <move id="347" source="G8" target="F8"/>
  <move id="348" source="I8" target="I7"/>
  <move id="349" source="F8" target="F7"/>
  <move id="350" source="I7" target="I6"/>
  <move id="351" source="F7" target="F6"/>
  <move id="352" source="I6" target="I5"/>
  <move id="353" source="F6" target="F5"/>
  <move id="354" source="I5" target="I4"/>
  <move id="355" source="F5" target="F4"/>
  <move id="356" source="I4" target="I3"/>
  <move id="357" source="B6" target="B7"/>
  <move id="358" source="D9" target="E9"/>
  <move id="359" source="B5" target="B6"/>
  <move id="360" source="E9" target="F9"/>
  <move id="361" source="A6" target="A7"/>
  <move id="362" source="F9" target="F8"/>
  <move id="363" source="B6" target="B7"/>
  <move id="364" source="F8" target="F7"/>
  <move id="365" source="B7" target="C7"/>
  <move id="366" source="F7" target="G7"/>
  <move id="367" source="C7" target="C8"/>
  <move id="368" source="G7" target="H7"/>
  <move id="369" source="C8" target="C9"/>
  <move id="370" source="H7" target="I7"/>
  <move id="371" source="C9" target="C:"/>
  <move id="372" source="I7" target="I6"/>
  <move id="373" source="C:" target="B:"/>
  <move id="374" source="I6" target="I5"/>
  <move id="375" source="D8" target="C8"/>
  <move id="376" source="I5" target="I4"/>
  <move id="377" source="C8" target="C9"/>
  <move id="378" source="I4" target="H4"/>
  <move id="379" source="C9" target="C:"/>
  <move id="380" source="H4" target="H3"/>
  <move id="381" source="C:" target="B:"/>
  <move id="382" source="H3" target="H2"/>
  <move id="383" source="H1" target="H2"/>
  <move id="384" source="B9" target="B:"/>
  <move id="385" source="E1" target="E9"/>
  <move id="386" source="A9" target="B9"/>
  <move id="387" source="E9" target="E8"/>
  <move id="388" source="B9" target="C9"/>
  <move id="389" source="E8" target="B8"/>
  <move id="390" source="C9" target="B9"/>
  <move id="391" source="A7" target="B7"/>
  <move id="392" source="B9" target="B:"/>
  <move id="393" source="B7" target="C7"/>
  <move id="394" source="B:" target="C:"/>
  <move id="395" source="C7" target="C8"/>
  <move id="396" source="C:" target="B:"/>
  <move id="397" source="C8" target="C9"/>
  <move id="398" source="B:" target="B9"/>
  <move id="399" source="C9" target="C:"/>
  <move id="400" source="B9" target="B:"/>
  <move id="401" source="C:" target="C9"/>
  <move id="402" source="B:" target="B9"/>
  <move id="403" source="C9" target="D9"/>
  <move id="404" source="B9" target="C9"/>
  <move id="405" source="D9" target="E9"/>
  <move id="406" source="C9" target="C:"/>
  <move id="407" source="A4" target="A5"/>
  <move id="408" source="C:" target="B:"/>
  <move id="409" source="C1" target="C2"/>
  <move id="410" source="B:" target="B9"/>
  <move id="411" source="C2" target="B2"/>
  <move id="412" source="B9" target="A9"/>
  <move id="413" source="B2" target="B3"/>
  <move id="414" source="A9" target="B9"/>
  <move id="415" source="B3" target="B4"/>
  <move id="416" source="B9" target="B:"/>
  <move id="417" source="B4" target="B5"/>
  <move id="418" source="B:" target="B9"/>
  <move id="419" source="B5" target="B6"/>
  <move id="420" source="B9" target="A9"/>
  <move id="421" source="B6" target="B7"/>
  <move id="422" source="A9" target="B9"/>
  <move id="423" source="B7" target="A7"/>
  <move id="424" source="B9" target="A9"/>
  <move id="425" source="E9" target="D9"/>
  <move id="426" source="A9" target="B9"/>
  <move id="427" source="A7" target="A8"/>
  <move id="428" source="B9" target="A9"/>
  <move id="429" source="A8" target="B8"/>
  <move id="430" source="A9" target="A8"/>
  <move id="431" source="B8" target="B9"/>
  <move id="432" source="A8" target="A9"/>
  <move id="433" source="B9" target="B:"/>
  <move id="434" source="A9" target="B9"/>
  <move id="435" source="B:" target="A:"/>
  <player id="1">Player 1</player>
  <player id="2">Player 2</player>
  <result type="1" winner="1"/>
 </game>
</stratego>