<?xml version="1.0" encoding="UTF-8"?>
<stratego>
 <game type="classic">
  
  <field content="DBKIJBEDDGDBFGEHEBLBFMFIHJDBFIGDCHEGHDDEAA__AA__AAAA__AA__AAPSQSPTRUPTQVRXNQPVQSUNRTNTNOUPPNSYRPNPQW"/>
  <move id="1" source="K4" target="K5"/>
  <move id="2" source="K7" target="K6"/>
  <move id="3" source="F4" target="F5"/>
  <move id="4" source="K6" target="K5"/>
  <move id="5" source="A4" target="A5"/>
  <move id="6" source="K5" target="K6"/>
  <move id="7" source="K3" target="K4"/>
  <move id="8" source="F7" target="F6"/>
  <move id="9" source="K4" target="K5"/>
  <move id="10" source="K6" target="K7"/>
  <move id="11" source="K5" target="K6"/>
  <move id="12" source="F6" target="F5"/>
  <move id="13" source="K6" target="K7"/>
  <move id="14" source="I7" target="I4"/>
  <move id="15" source="F3" target="F4"/>
  <move id="16" source="F5" target="F6"/>
  <move id="17" source="F4" target="F5"/>
  <move id="18" source="F6" target="F7"/>
  <move id="19" source="F5" target="F6"/>
  <move id="20" source="H7" target="I7"/>
  <move id="21" source="F6" target="F7"/>
  <move id="22" source="I7" target="I6"/>
  <move id="23" source="F7" target="G7"/>
  <move id="24" source="I6" target="I5"/>
  <move id="25" source="G7" target="G8"/>
  <move id="26" source="I5" target="I4"/>
  <move id="27" source="I3" target="I4"/>
  <move id="28" source="I4" target="I5"/>
  <move id="29" source="I2" target="I3"/>
  <move id="30" source="I5" target="I6"/>
  <move id="31" source="I3" target="I4"/>
  <move id="32" source="I6" target="K6"/>
  <move id="33" source="I4" target="I5"/>
  <move id="34" source="K6" target="K7"/>
  <move id="35" source="I5" target="I6"/>
  <move id="36" source="K8" target="K7"/>
  <move id="37" source="I6" target="I7"/>
  <move id="38" source="K7" target="I7"/>
  <move id="39" source="I7" target="K7"/>
  <move id="40" source="E7" target="E6"/>
  <move id="41" source="K7" target="K8"/>
  <move id="42" source="E6" target="F6"/>
  <move id="43" source="K8" target="I8"/>
  <move id="44" source="H8" target="H7"/>
  <move id="45" source="I8" target="I9"/>
  <move id="46" source="H9" target="I9"/>
  <move id="47" source="G8" target="H8"/>
  <move id="48" source="H7" target="I7"/>
  <move id="49" source="H8" target="H9"/>
  <move id="50" source="I9" target="I8"/>
  <move id="51" source="H9" target="G9"/>
  <move id="52" source="I7" target="I6"/>
  <move id="53" source="I1" target="I6"/>
  <move id="54" source="K9" target="K4"/>
  <move id="55" source="A5" target="A6"/>
  <move id="56" source="I6" target="I5"/>
  <move id="57" source="A6" target="A7"/>
  <move id="58" source="B7" target="A7"/>
  <move id="59" source="B4" target="B8"/>
  <move id="60" source="K4" target="H4"/>
  <move id="61" source="F2" target="F3"/>
  <move id="62" source="I8" target="I7"/>
  <move id="63" source="E2" target="F2"/>
  <move id="64" source="I5" target="K5"/>
  <move id="65" source="E1" target="E2"/>
  <move id="66" source="I7" target="I6"/>
  <move id="67" source="E4" target="F4"/>
  <move id="68" source="I6" target="I5"/>
  <move id="69" source="E3" target="E4"/>
  <move id="70" source="K5" target="K4"/>
  <move id="71" source="E2" target="E3"/>
  <move id="72" source="I5" target="I4"/>
  <move id="73" source="E4" target="E5"/>
  <move id="74" source="I4" target="I3"/>
  <move id="75" source="E3" target="E4"/>
  <move id="76" source="K4" target="K3"/>
  <move id="77" source="E5" target="F5"/>
  <move id="78" source="I3" target="I2"/>
  <move id="79" source="E4" target="E5"/>
  <move id="80" source="I2" target="K2"/>
  <move id="81" source="E5" target="E6"/>
  <move id="82" source="K3" target="I3"/>
  <move id="83" source="E6" target="E7"/>
  <move id="84" source="I3" target="I2"/>
  <move id="85" source="E7" target="F7"/>
  <move id="86" source="I2" target="I1"/>
  <move id="87" source="F7" target="G7"/>
  <move id="88" source="I1" target="K1"/>
  <move id="89" source="G7" target="H7"/>
  <move id="90" source="K:" target="K9"/>
  <move id="91" source="H7" target="H8"/>
  <move id="92" source="K9" target="I9"/>
  <move id="93" source="H8" target="G8"/>
  <move id="94" source="I9" target="H9"/>
  <move id="95" source="G8" target="F8"/>
  <move id="96" source="H9" target="H8"/>
  <move id="97" source="F8" target="F9"/>
  <move id="98" source="H8" target="G8"/>
  <move id="99" source="F9" target="E9"/>
  <move id="100" source="I:" target="I9"/>
  <move id="101" source="F4" target="E4"/>
  <move id="102" source="I9" target="I8"/>
  <move id="103" source="E4" target="E5"/>
  <move id="104" source="G8" target="G7"/>
  <move id="105" source="F5" target="F6"/>
  <move id="106" source="G7" target="F7"/>
  <move id="107" source="F6" target="F7"/>
  <move id="108" source="I8" target="I7"/>
  <move id="109" source="D1" target="E1"/>
  <move id="110" source="I7" target="I6"/>
  <move id="111" source="C1" target="D1"/>
  <move id="112" source="I6" target="I5"/>
  <move id="113" source="E1" target="E2"/>
  <move id="114" source="I5" target="K5"/>
  <move id="115" source="E2" target="E3"/>
  <move id="116" source="H:" target="I:"/>
  <move id="117" source="E3" target="E4"/>
  <move id="118" source="I:" target="I1"/>
  <move id="119" source="D1" target="E1"/>
  <move id="120" source="I1" target="H1"/>
  <move id="121" source="E1" target="E2"/>
  <move id="122" source="K5" target="K4"/>
  <move id="123" source="E2" target="E3"/>
  <move id="124" source="K4" target="K3"/>
  <move id="125" source="E4" target="F4"/>
  <move id="126" source="K3" target="I3"/>
  <move id="127" source="E5" target="E6"/>
  <move id="128" source="I3" target="I2"/>
  <move id="129" source="E3" target="E4"/>
  <move id="130" source="I2" target="I1"/>
  <move id="131" source="E4" target="E5"/>
  <move id="132" source="I1" target="H1"/>
  <move id="133" source="E5" target="F5"/>
  <move id="134" source="K1" target="I1"/>
  <move id="135" source="F5" target="F6"/>
  <move id="136" source="F7" target="E7"/>
  <move id="137" source="E6" target="E5"/>
  <move id="138" source="H1" target="G1"/>
  <move id="139" source="E5" target="F5"/>
  <move id="140" source="C7" target="B7"/>
  <move id="141" source="F6" target="F7"/>
  <move id="142" source="E7" target="F7"/>
  <move id="143" source="D3" target="E3"/>
  <move id="144" source="I1" target="I2"/>
  <move id="145" source="E3" target="E4"/>
  <move id="146" source="D7" target="E7"/>
  <move id="147" source="E4" target="E5"/>
  <move id="148" source="I2" target="I3"/>
  <move id="149" source="E5" target="E6"/>
  <move id="150" source="I3" target="I4"/>
  <move id="151" source="E6" target="E7"/>
  <move id="152" source="I4" target="I5"/>
  <move id="153" source="E7" target="E8"/>
  <move id="154" source="I5" target="I6"/>
  <move id="155" source="F5" target="E5"/>
  <move id="156" source="I6" target="I7"/>
  <move id="157" source="E5" target="E6"/>
  <move id="158" source="I7" target="H7"/>
  <move id="159" source="E6" target="E7"/>
  <move id="160" source="H7" target="G7"/>
  <move id="161" source="E7" target="E8"/>
  <move id="162" source="G7" target="F7"/>
  <move id="163" source="E8" target="E9"/>
  <move id="164" source="D9" target="E9"/>
  <move id="165" source="F4" target="F5"/>
  <move id="166" source="F7" target="F6"/>
  <move id="167" source="F5" target="E5"/>
  <move id="168" source="F6" target="F5"/>
  <move id="169" source="E5" target="E6"/>
  <move id="170" source="F5" target="F4"/>
  <move id="171" source="F3" target="F4"/>
  <move id="172" source="F4" target="E4"/>
  <move id="173" source="E6" target="E7"/>
  <move id="174" source="B7" target="A7"/>
  <move id="175" source="E7" target="F7"/>
  <move id="176" source="D8" target="E8"/>
  <move id="177" source="F7" target="F8"/>
  <move id="178" source="E8" target="F8"/>
  <move id="179" source="D4" target="E4"/>
  <move id="180" source="E4" target="D4"/>
  <move id="181" source="C4" target="B4"/>
  <move id="182" source="B8" target="B7"/>
  <move id="183" source="A3" target="A4"/>
  <move id="184" source="B7" target="B6"/>
  <move id="185" source="A4" target="A5"/>
  <move id="186" source="E9" target="D9"/>
  <move id="187" source="A5" target="B5"/>
  <move id="188" source="B6" target="B5"/>
  <move id="189" source="B4" target="A4"/>
  <move id="190" source="F8" target="F7"/>
  <move id="191" source="A4" target="A3"/>
  <move id="192" source="F7" target="F6"/>
  <move id="193" source="C3" target="C4"/>
  <move id="194" source="D4" target="C4"/>
  <move id="195" source="G4" target="H4"/>
  <move id="196" source="F6" target="F5"/>
  <move id="197" source="D2" target="D3"/>
  <move id="198" source="F5" target="F4"/>
  <move id="199" source="H4" target="I4"/>
  <move id="200" source="C8" target="C7"/>
  <move id="201" source="I4" target="I5"/>
  <move id="202" source="C7" target="B7"/>
  <move id="203" source="I5" target="I6"/>
  <move id="204" source="B7" target="B6"/>
  <move id="205" source="I6" target="I7"/>
  <move id="206" source="B6" target="A6"/>
  <move id="207" source="I7" target="I8"/>
  <move id="208" source="A6" target="A5"/>
  <move id="209" source="I8" target="H8"/>
  <move id="210" source="A5" target="A4"/>
  <move id="211" source="H8" target="H9"/>
  <move id="212" source="A4" target="A3"/>
  <move id="213" source="H9" target="H:"/>
  <move id="214" source="B5" target="B4"/>
  <move id="215" source="G3" target="E3"/>
  <move id="216" source="A3" target="A2"/>
  <move id="217" source="E3" target="E8"/>
  <move id="218" source="A2" target="B2"/>
  <move id="219" source="E8" target="H8"/>
  <move id="220" source="B4" target="B3"/>
  <player id="1">Player 1</player>
  <player id="2">Player 2</player>
  <result type="1" winner="2"/>
 </game>
</stratego>