<?xml version="1.0" encoding="UTF-8"?>
<stratego>
 <game type="classic">
  
  <field content="BMBEHDEBEBIBELDDHBHEJGCDHJDDDFGDGIFGFFIKAA__AA__AAAA__AA__AARSTWRUXNNSPUPQPSQRSUNPVNRTOVQPQTNYNQPPPT"/>
  <move id="1" source="E4" target="E5"/>
  <move id="2" source="E7" target="E6"/>
  <move id="3" source="D4" target="E4"/>
  <move id="4" source="E8" target="E7"/>
  <move id="5" source="B4" target="B5"/>
  <move id="6" source="F7" target="F6"/>
  <move id="7" source="C4" target="B4"/>
  <move id="8" source="F6" target="F5"/>
  <move id="9" source="D3" target="D4"/>
  <move id="10" source="F5" target="E5"/>
  <move id="11" source="I4" target="I5"/>
  <move id="12" source="F8" target="F7"/>
  <move id="13" source="I5" target="K5"/>
  <move id="14" source="F7" target="F6"/>
  <move id="15" source="H4" target="I4"/>
  <move id="16" source="F6" target="F5"/>
  <move id="17" source="I4" target="I5"/>
  <move id="18" source="F5" target="F4"/>
  <move id="19" source="G4" target="F4"/>
  <move id="20" source="E7" target="F7"/>
  <move id="21" source="I5" target="I6"/>
  <move id="22" source="F7" target="F4"/>
  <move id="23" source="I6" target="K6"/>
  <move id="24" source="G7" target="F7"/>
  <move id="25" source="G3" target="G4"/>
  <move id="26" source="E6" target="F6"/>
  <move id="27" source="A4" target="A5"/>
  <move id="28" source="F6" target="F5"/>
  <move id="29" source="B4" target="A4"/>
  <move id="30" source="F7" target="F6"/>
  <move id="31" source="K6" target="K7"/>
  <move id="32" source="F5" target="F4"/>
  <move id="33" source="G4" target="F4"/>
  <move id="34" source="F6" target="F5"/>
  <move id="35" source="K5" target="K6"/>
  <move id="36" source="F5" target="F4"/>
  <move id="37" source="K6" target="K7"/>
  <move id="38" source="E5" target="E4"/>
  <move id="39" source="K7" target="K6"/>
  <move id="40" source="E9" target="E8"/>
  <move id="41" source="K6" target="K7"/>
  <move id="42" source="E8" target="E7"/>
  <move id="43" source="K4" target="K5"/>
  <move id="44" source="E7" target="E6"/>
  <move id="45" source="K5" target="K6"/>
  <move id="46" source="E6" target="E5"/>
  <move id="47" source="C3" target="C4"/>
  <move id="48" source="E5" target="E4"/>
  <move id="49" source="E3" target="D3"/>
  <move id="50" source="E4" target="E3"/>
  <move id="51" source="D3" target="E3"/>
  <move id="52" source="G8" target="G7"/>
  <move id="53" source="I3" target="I7"/>
  <move id="54" source="G7" target="F7"/>
  <move id="55" source="K3" target="K4"/>
  <move id="56" source="F7" target="F6"/>
  <move id="57" source="K6" target="I6"/>
  <move id="58" source="F6" target="F5"/>
  <move id="59" source="K7" target="K6"/>
  <move id="60" source="K8" target="K7"/>
  <move id="61" source="K6" target="K7"/>
  <move id="62" source="F5" target="E5"/>
  <move id="63" source="K4" target="K5"/>
  <move id="64" source="E5" target="E4"/>
  <move id="65" source="E3" target="D3"/>
  <move id="66" source="E4" target="D4"/>
  <move id="67" source="D3" target="D4"/>
  <move id="68" source="F4" target="E4"/>
  <move id="69" source="D4" target="D3"/>
  <move id="70" source="D8" target="E8"/>
  <move id="71" source="H3" target="H4"/>
  <move id="72" source="E8" target="E7"/>
  <move id="73" source="H4" target="G4"/>
  <move id="74" source="C8" target="F8"/>
  <move id="75" source="K5" target="K6"/>
  <move id="76" source="F8" target="F3"/>
  <move id="77" source="F3" target="G3"/>
  <move id="78" source="E7" target="E6"/>
  <move id="79" source="D3" target="C3"/>
  <move id="80" source="E6" target="E5"/>
  <move id="81" source="D2" target="D3"/>
  <move id="82" source="E5" target="F5"/>
  <move id="83" source="C4" target="D4"/>
  <move id="84" source="E4" target="E5"/>
  <move id="85" source="D3" target="E3"/>
  <move id="86" source="F5" target="F4"/>
  <move id="87" source="G4" target="F4"/>
  <move id="88" source="E5" target="F5"/>
  <move id="89" source="E3" target="E4"/>
  <move id="90" source="F4" target="E4"/>
  <move id="91" source="K6" target="K7"/>
  <move id="92" source="I8" target="K8"/>
  <move id="93" source="K7" target="K6"/>
  <move id="94" source="K8" target="K7"/>
  <move id="95" source="K6" target="K5"/>
  <move id="96" source="K7" target="K6"/>
  <move id="97" source="I6" target="K6"/>
  <move id="98" source="A7" target="A6"/>
  <move id="99" source="D4" target="D3"/>
  <move id="100" source="A6" target="A5"/>
  <move id="101" source="E4" target="D4"/>
  <move id="102" source="F5" target="F4"/>
  <move id="103" source="K5" target="I5"/>
  <move id="104" source="B7" target="B6"/>
  <move id="105" source="K6" target="K5"/>
  <move id="106" source="B6" target="A6"/>
  <move id="107" source="I5" target="I6"/>
  <move id="108" source="H8" target="I8"/>
  <move id="109" source="K5" target="K6"/>
  <move id="110" source="G9" target="G8"/>
  <move id="111" source="K6" target="K7"/>
  <move id="112" source="G8" target="G7"/>
  <move id="113" source="K7" target="K8"/>
  <move id="114" source="G7" target="F7"/>
  <move id="115" source="K8" target="I8"/>
  <move id="116" source="F7" target="F6"/>
  <move id="117" source="A5" target="A6"/>
  <move id="118" source="F6" target="F5"/>
  <move id="119" source="D4" target="E4"/>
  <move id="120" source="F4" target="G4"/>
  <move id="121" source="G3" target="H3"/>
  <move id="122" source="G4" target="H4"/>
  <move id="123" source="H3" target="G3"/>
  <move id="124" source="D7" target="E7"/>
  <move id="125" source="F2" target="F5"/>
  <move id="126" source="C7" target="C8"/>
  <move id="127" source="I8" target="H8"/>
  <move id="128" source="E7" target="D7"/>
  <move id="129" source="H8" target="G8"/>
  <move id="130" source="D7" target="C7"/>
  <move id="131" source="E4" target="D4"/>
  <move id="132" source="H4" target="G4"/>
  <move id="133" source="G3" target="H3"/>
  <move id="134" source="G4" target="F4"/>
  <move id="135" source="F5" target="F7"/>
  <move id="136" source="F4" target="E4"/>
  <move id="137" source="D4" target="C4"/>
  <move id="138" source="C7" target="D7"/>
  <move id="139" source="E2" target="E3"/>
  <move id="140" source="E4" target="F4"/>
  <move id="141" source="C4" target="D4"/>
  <move id="142" source="D7" target="C7"/>
  <move id="143" source="F7" target="C7"/>
  <move id="144" source="C7" target="B7"/>
  <move id="145" source="D4" target="C4"/>
  <move id="146" source="F4" target="F5"/>
  <move id="147" source="I6" target="K6"/>
  <move id="148" source="F5" target="F6"/>
  <move id="149" source="K6" target="K7"/>
  <move id="150" source="F6" target="F7"/>
  <move id="151" source="K7" target="K8"/>
  <move id="152" source="B7" target="B6"/>
  <move id="153" source="C4" target="B4"/>
  <move id="154" source="A8" target="A4"/>
  <move id="155" source="K8" target="I8"/>
  <move id="156" source="I9" target="I8"/>
  <move id="157" source="I8" target="I9"/>
  <move id="158" source="B6" target="B7"/>
  <move id="159" source="I9" target="I:"/>
  <move id="160" source="K:" target="I:"/>
  <move id="161" source="A4" target="A5"/>
  <move id="162" source="K9" target="K2"/>
  <move id="163" source="G8" target="H8"/>
  <player id="1">Player 1</player>
  <player id="2">Player 2</player>
  <result type="3" winner="1"/>
 </game>
</stratego>