<?xml version="1.0" encoding="UTF-8"?>
<stratego>
 <game type="classic">
  
  <field content="EBFEHEDMJDDGHJCKEIIEGBBHBGILGFDFBDFDBHDDAA__AA__AAAA__AA__AATPSVPPWTSUNNOUNNUSNNQPVTRSTXRRPQQPQPQPRY"/>
  <move id="1" source="F4" target="F7"/>
  <move id="2" source="A7" target="A6"/>
  <move id="3" source="I4" target="I7"/>
  <move id="4" source="A6" target="A5"/>
  <move id="5" source="K4" target="K7"/>
  <move id="6" source="I7" target="I6"/>
  <move id="7" source="H4" target="I4"/>
  <move id="8" source="H7" target="I7"/>
  <move id="9" source="I4" target="I5"/>
  <move id="10" source="I6" target="I5"/>
  <move id="11" source="I5" target="I4"/>
  <move id="12" source="K7" target="K6"/>
  <move id="13" source="I4" target="H4"/>
  <move id="14" source="K6" target="I6"/>
  <move id="15" source="K3" target="K4"/>
  <move id="16" source="B7" target="B4"/>
  <move id="17" source="K4" target="K5"/>
  <move id="18" source="H8" target="H7"/>
  <move id="19" source="I3" target="I4"/>
  <move id="20" source="A5" target="B5"/>
  <move id="21" source="I2" target="I3"/>
  <move id="22" source="I7" target="K7"/>
  <move id="23" source="I4" target="K4"/>
  <move id="24" source="K7" target="K6"/>
  <move id="25" source="K5" target="K6"/>
  <move id="26" source="H7" target="I7"/>
  <move id="27" source="I3" target="I4"/>
  <move id="28" source="I7" target="K7"/>
  <move id="29" source="I4" target="I5"/>
  <move id="30" source="I6" target="I7"/>
  <move id="31" source="I5" target="I6"/>
  <move id="32" source="I7" target="H7"/>
  <move id="33" source="K4" target="K5"/>
  <move id="34" source="K6" target="I6"/>
  <move id="35" source="I6" target="I5"/>
  <move id="36" source="G7" target="F7"/>
  <move id="37" source="I5" target="I4"/>
  <move id="38" source="H7" target="G7"/>
  <move id="39" source="I4" target="I3"/>
  <move id="40" source="H9" target="H8"/>
  <move id="41" source="K5" target="K4"/>
  <move id="42" source="H8" target="H7"/>
  <move id="43" source="K4" target="I4"/>
  <move id="44" source="B5" target="B6"/>
  <move id="45" source="E4" target="E5"/>
  <move id="46" source="E7" target="E5"/>
  <move id="47" source="D4" target="E4"/>
  <move id="48" source="F7" target="E7"/>
  <move id="49" source="E4" target="F4"/>
  <move id="50" source="E7" target="E6"/>
  <move id="51" source="E5" target="E4"/>
  <move id="52" source="E6" target="E5"/>
  <move id="53" source="E4" target="D4"/>
  <move id="54" source="E5" target="E4"/>
  <move id="55" source="F4" target="F8"/>
  <move id="56" source="E4" target="E5"/>
  <move id="57" source="K2" target="I2"/>
  <move id="58" source="E5" target="E6"/>
  <move id="59" source="K1" target="K7"/>
  <move id="60" source="E6" target="E7"/>
  <move id="61" source="I4" target="K4"/>
  <move id="62" source="H7" target="I7"/>
  <move id="63" source="K4" target="K5"/>
  <move id="64" source="I7" target="I6"/>
  <move id="65" source="K5" target="K4"/>
  <move id="66" source="I6" target="I5"/>
  <move id="67" source="K4" target="I4"/>
  <move id="68" source="I5" target="I4"/>
  <move id="69" source="F3" target="F4"/>
  <move id="70" source="I4" target="H4"/>
  <move id="71" source="F2" target="F3"/>
  <move id="72" source="H4" target="I4"/>
  <move id="73" source="F4" target="F5"/>
  <move id="74" source="I4" target="I5"/>
  <move id="75" source="F3" target="F4"/>
  <move id="76" source="G7" target="H7"/>
  <move id="77" source="F5" target="E5"/>
  <move id="78" source="H7" target="I7"/>
  <move id="79" source="F4" target="E4"/>
  <move id="80" source="K7" target="K6"/>
  <move id="81" source="F1" target="F2"/>
  <move id="82" source="K6" target="K5"/>
  <move id="83" source="F2" target="F3"/>
  <move id="84" source="K5" target="K4"/>
  <move id="85" source="F3" target="F4"/>
  <move id="86" source="K4" target="I4"/>
  <move id="87" source="I3" target="K3"/>
  <move id="88" source="I4" target="I3"/>
  <move id="89" source="K3" target="I3"/>
  <move id="90" source="I5" target="I4"/>
  <move id="91" source="I3" target="K3"/>
  <move id="92" source="I7" target="H7"/>
  <move id="93" source="F4" target="F5"/>
  <move id="94" source="H7" target="I7"/>
  <move id="95" source="F5" target="F6"/>
  <move id="96" source="I7" target="K7"/>
  <move id="97" source="F6" target="F7"/>
  <move id="98" source="K7" target="K6"/>
  <move id="99" source="H3" target="H4"/>
  <move id="100" source="K6" target="K5"/>
  <move id="101" source="H4" target="I4"/>
  <move id="102" source="K5" target="K4"/>
  <move id="103" source="K3" target="I3"/>
  <move id="104" source="K4" target="I4"/>
  <move id="105" source="I3" target="H3"/>
  <move id="106" source="H:" target="H7"/>
  <move id="107" source="G3" target="F3"/>
  <move id="108" source="H7" target="F7"/>
  <move id="109" source="F7" target="F8"/>
  <move id="110" source="F9" target="F8"/>
  <move id="111" source="F3" target="F2"/>
  <move id="112" source="I4" target="I5"/>
  <move id="113" source="E4" target="F4"/>
  <move id="114" source="E7" target="E6"/>
  <move id="115" source="E5" target="E6"/>
  <move id="116" source="E6" target="E5"/>
  <move id="117" source="I2" target="K2"/>
  <move id="118" source="E5" target="F5"/>
  <move id="119" source="I1" target="I2"/>
  <move id="120" source="F5" target="F4"/>
  <move id="121" source="I2" target="I3"/>
  <move id="122" source="D7" target="E7"/>
  <move id="123" source="I3" target="I4"/>
  <move id="124" source="I5" target="I6"/>
  <move id="125" source="I4" target="I5"/>
  <move id="126" source="I6" target="I7"/>
  <move id="127" source="I5" target="I6"/>
  <move id="128" source="I7" target="H7"/>
  <move id="129" source="I6" target="I7"/>
  <move id="130" source="H7" target="G7"/>
  <move id="131" source="I7" target="H7"/>
  <move id="132" source="G7" target="F7"/>
  <move id="133" source="H7" target="G7"/>
  <move id="134" source="F7" target="F6"/>
  <move id="135" source="G7" target="F7"/>
  <move id="136" source="E7" target="F7"/>
  <move id="137" source="D4" target="E4"/>
  <move id="138" source="F6" target="F5"/>
  <move id="139" source="E4" target="F4"/>
  <move id="140" source="F5" target="E5"/>
  <move id="141" source="H2" target="I2"/>
  <move id="142" source="F8" target="F7"/>
  <move id="143" source="F2" target="F1"/>
  <move id="144" source="F7" target="E7"/>
  <move id="145" source="E2" target="F2"/>
  <move id="146" source="F:" target="F4"/>
  <move id="147" source="F2" target="F3"/>
  <move id="148" source="E5" target="E4"/>
  <move id="149" source="D2" target="E2"/>
  <move id="150" source="E4" target="F4"/>
  <move id="151" source="E2" target="F2"/>
  <move id="152" source="B6" target="B5"/>
  <move id="153" source="F3" target="G3"/>
  <move id="154" source="F4" target="E4"/>
  <move id="155" source="F2" target="F3"/>
  <move id="156" source="E4" target="D4"/>
  <move id="157" source="F3" target="F4"/>
  <move id="158" source="D4" target="D3"/>
  <move id="159" source="F1" target="F2"/>
  <move id="160" source="D3" target="C3"/>
  <move id="161" source="F4" target="F5"/>
  <move id="162" source="B5" target="B4"/>
  <move id="163" source="F5" target="F6"/>
  <move id="164" source="B4" target="C4"/>
  <move id="165" source="D1" target="D2"/>
  <move id="166" source="G8" target="G7"/>
  <move id="167" source="H3" target="H2"/>
  <move id="168" source="E7" target="F7"/>
  <move id="169" source="F6" target="F7"/>
  <move id="170" source="G7" target="H7"/>
  <move id="171" source="F7" target="F6"/>
  <move id="172" source="C7" target="B7"/>
  <move id="173" source="F6" target="F5"/>
  <move id="174" source="B7" target="B6"/>
  <move id="175" source="F5" target="F4"/>
  <move id="176" source="B6" target="B5"/>
  <move id="177" source="D2" target="D3"/>
  <move id="178" source="B5" target="B4"/>
  <move id="179" source="D3" target="D4"/>
  <move id="180" source="B4" target="A4"/>
  <move id="181" source="G3" target="H3"/>
  <move id="182" source="A4" target="A3"/>
  <move id="183" source="H3" target="I3"/>
  <move id="184" source="C8" target="C7"/>
  <move id="185" source="I3" target="I4"/>
  <move id="186" source="C7" target="D7"/>
  <move id="187" source="I4" target="I5"/>
  <move id="188" source="C9" target="C8"/>
  <move id="189" source="I5" target="I6"/>
  <move id="190" source="C8" target="C7"/>
  <move id="191" source="I6" target="I7"/>
  <move id="192" source="H7" target="G7"/>
  <move id="193" source="I7" target="H7"/>
  <move id="194" source="G7" target="F7"/>
  <move id="195" source="H7" target="G7"/>
  <move id="196" source="F7" target="F8"/>
  <move id="197" source="G7" target="G8"/>
  <move id="198" source="F8" target="F9"/>
  <move id="199" source="G8" target="F8"/>
  <move id="200" source="D7" target="E7"/>
  <move id="201" source="F8" target="F9"/>
  <move id="202" source="C:" target="C9"/>
  <move id="203" source="F4" target="F5"/>
  <move id="204" source="C9" target="C8"/>
  <move id="205" source="F5" target="F6"/>
  <move id="206" source="C7" target="B7"/>
  <move id="207" source="F6" target="F7"/>
  <move id="208" source="B7" target="B6"/>
  <move id="209" source="F7" target="E7"/>
  <move id="210" source="C8" target="C7"/>
  <move id="211" source="E7" target="F7"/>
  <move id="212" source="C7" target="B7"/>
  <move id="213" source="F7" target="F8"/>
  <move id="214" source="B7" target="A7"/>
  <move id="215" source="F8" target="F9"/>
  <move id="216" source="A7" target="A6"/>
  <move id="217" source="F9" target="F8"/>
  <move id="218" source="A6" target="A5"/>
  <move id="219" source="F8" target="F7"/>
  <move id="220" source="A5" target="A4"/>
  <move id="221" source="F7" target="F6"/>
  <move id="222" source="B6" target="B5"/>
  <move id="223" source="F6" target="F5"/>
  <move id="224" source="B5" target="B4"/>
  <move id="225" source="F5" target="F4"/>
  <move id="226" source="A4" target="A3"/>
  <move id="227" source="F4" target="F3"/>
  <move id="228" source="A3" target="A2"/>
  <move id="229" source="A1" target="A2"/>
  <move id="230" source="B9" target="C9"/>
  <move id="231" source="F2" target="F1"/>
  <move id="232" source="C9" target="C7"/>
  <move id="233" source="D4" target="E4"/>
  <move id="234" source="C7" target="A7"/>
  <move id="235" source="E4" target="E5"/>
  <move id="236" source="A7" target="A1"/>
  <move id="237" source="E5" target="E6"/>
  <move id="238" source="A1" target="B1"/>
  <move id="239" source="E6" target="E7"/>
  <move id="240" source="B4" target="A4"/>
  <move id="241" source="E7" target="F7"/>
  <move id="242" source="A4" target="A3"/>
  <move id="243" source="F7" target="G7"/>
  <move id="244" source="A3" target="A2"/>
  <move id="245" source="F3" target="F2"/>
  <move id="246" source="A2" target="B2"/>
  <move id="247" source="C2" target="D2"/>
  <move id="248" source="B2" target="C2"/>
  <move id="249" source="D2" target="D3"/>
  <move id="250" source="C2" target="C1"/>
  <move id="251" source="F2" target="E2"/>
  <move id="252" source="C1" target="D1"/>
  <move id="253" source="F1" target="F2"/>
  <move id="254" source="D1" target="D2"/>
  <move id="255" source="E2" target="D2"/>
  <move id="256" source="D8" target="D7"/>
  <move id="257" source="G7" target="G8"/>
  <move id="258" source="D7" target="E7"/>
  <move id="259" source="G8" target="G9"/>
  <move id="260" source="E7" target="E6"/>
  <move id="261" source="F2" target="F3"/>
  <move id="262" source="E6" target="E5"/>
  <move id="263" source="F3" target="F4"/>
  <move id="264" source="E5" target="E6"/>
  <move id="265" source="F4" target="F5"/>
  <move id="266" source="E6" target="E7"/>
  <move id="267" source="F5" target="F6"/>
  <move id="268" source="E7" target="D7"/>
  <move id="269" source="F6" target="F7"/>
  <move id="270" source="D7" target="C7"/>
  <move id="271" source="I2" target="I3"/>
  <move id="272" source="C7" target="B7"/>
  <move id="273" source="K2" target="I2"/>
  <move id="274" source="B7" target="B6"/>
  <move id="275" source="I3" target="I4"/>
  <move id="276" source="B6" target="B5"/>
  <move id="277" source="I4" target="I5"/>
  <move id="278" source="B5" target="B4"/>
  <move id="279" source="I5" target="I6"/>
  <move id="280" source="B4" target="A4"/>
  <move id="281" source="G2" target="G3"/>
  <move id="282" source="A4" target="A3"/>
  <move id="283" source="H2" target="G2"/>
  <move id="284" source="A3" target="A2"/>
  <move id="285" source="G2" target="F2"/>
  <move id="286" source="A2" target="B2"/>
  <move id="287" source="F2" target="E2"/>
  <move id="288" source="B2" target="C2"/>
  <move id="289" source="E2" target="D2"/>
  <move id="290" source="C2" target="C1"/>
  <move id="291" source="E1" target="E2"/>
  <move id="292" source="D:" target="C:"/>
  <move id="293" source="G1" target="C1"/>
  <move id="294" source="C:" target="C9"/>
  <move id="295" source="E2" target="F2"/>
  <move id="296" source="C9" target="C8"/>
  <move id="297" source="G3" target="F3"/>
  <move id="298" source="C8" target="C7"/>
  <move id="299" source="F2" target="G2"/>
  <move id="300" source="C7" target="B7"/>
  <move id="301" source="I6" target="I7"/>
  <move id="302" source="B7" target="B6"/>
  <move id="303" source="I7" target="H7"/>
  <move id="304" source="B6" target="B5"/>
  <move id="305" source="H7" target="H8"/>
  <move id="306" source="B5" target="B4"/>
  <move id="307" source="H8" target="H9"/>
  <move id="308" source="B4" target="A4"/>
  <move id="309" source="H9" target="G9"/>
  <move id="310" source="A4" target="A3"/>
  <move id="311" source="G9" target="G8"/>
  <move id="312" source="A3" target="A2"/>
  <move id="313" source="G8" target="H8"/>
  <move id="314" source="A2" target="B2"/>
  <move id="315" source="H8" target="H7"/>
  <move id="316" source="C1" target="D1"/>
  <move id="317" source="D2" target="D1"/>
  <move id="318" source="B2" target="C2"/>
  <move id="319" source="H7" target="I7"/>
  <move id="320" source="C2" target="C1"/>
  <move id="321" source="D3" target="D2"/>
  <move id="322" source="C1" target="H1"/>
  <player id="1">Player 1</player>
  <player id="2">Player 2</player>
  <result type="1" winner="2"/>
 </game>
</stratego>