<?xml version="1.0" encoding="UTF-8"?>
<stratego>
 <game type="classic">
  
  <field content="GEDHEDMIEFBIEJDEHKGBHBFDLDIGBGDFBCJDFBHDAA__AA__AAAA__AA__AAPSTUPPUTTPPVSXPVSWSPNRNQTONUPNRQRQQNYNQR"/>
  <move id="1" source="F4" target="F7"/>
  <move id="2" source="A7" target="A4"/>
  <move id="3" source="G4" target="F4"/>
  <move id="4" source="K7" target="K5"/>
  <move id="5" source="F4" target="F5"/>
  <move id="6" source="K5" target="I5"/>
  <move id="7" source="F5" target="F6"/>
  <move id="8" source="I5" target="I4"/>
  <move id="9" source="K4" target="K8"/>
  <move id="10" source="E7" target="E4"/>
  <move id="11" source="I4" target="I5"/>
  <move id="12" source="E8" target="E7"/>
  <move id="13" source="I5" target="I6"/>
  <move id="14" source="E7" target="E6"/>
  <move id="15" source="F6" target="F7"/>
  <move id="16" source="G7" target="F7"/>
  <move id="17" source="F3" target="F4"/>
  <move id="18" source="D8" target="E8"/>
  <move id="19" source="F4" target="F5"/>
  <move id="20" source="E8" target="E7"/>
  <move id="21" source="F5" target="F6"/>
  <move id="22" source="H7" target="G7"/>
  <move id="23" source="F6" target="E6"/>
  <move id="24" source="F7" target="F6"/>
  <move id="25" source="E4" target="F4"/>
  <move id="26" source="I7" target="I6"/>
  <move id="27" source="E3" target="E4"/>
  <move id="28" source="F6" target="E6"/>
  <move id="29" source="F4" target="F5"/>
  <move id="30" source="F8" target="F7"/>
  <move id="31" source="E4" target="E5"/>
  <move id="32" source="F9" target="F8"/>
  <move id="33" source="E5" target="E6"/>
  <move id="34" source="E7" target="E8"/>
  <move id="35" source="F5" target="F4"/>
  <move id="36" source="E8" target="D8"/>
  <move id="37" source="F4" target="G4"/>
  <move id="38" source="F8" target="E8"/>
  <move id="39" source="E6" target="E5"/>
  <move id="40" source="F7" target="E7"/>
  <move id="41" source="E2" target="E3"/>
  <move id="42" source="G8" target="F8"/>
  <move id="43" source="E3" target="F3"/>
  <move id="44" source="G7" target="F7"/>
  <move id="45" source="F3" target="F7"/>
  <move id="46" source="F8" target="F9"/>
  <move id="47" source="F2" target="E2"/>
  <move id="48" source="H8" target="H7"/>
  <move id="49" source="G2" target="F2"/>
  <move id="50" source="H7" target="I7"/>
  <move id="51" source="F2" target="F3"/>
  <move id="52" source="I7" target="I6"/>
  <move id="53" source="F3" target="F4"/>
  <move id="54" source="I6" target="I5"/>
  <move id="55" source="F4" target="F5"/>
  <move id="56" source="I5" target="I4"/>
  <move id="57" source="F5" target="F6"/>
  <move id="58" source="I4" target="H4"/>
  <move id="59" source="F6" target="F7"/>
  <move id="60" source="I8" target="I7"/>
  <move id="61" source="F1" target="F9"/>
  <move id="62" source="I7" target="I6"/>
  <move id="63" source="D3" target="E3"/>
  <move id="64" source="I6" target="I5"/>
  <move id="65" source="E3" target="E4"/>
  <move id="66" source="I5" target="I4"/>
  <move id="67" source="E5" target="F5"/>
  <move id="68" source="I4" target="I3"/>
  <move id="69" source="F5" target="F4"/>
  <move id="70" source="I9" target="I8"/>
  <move id="71" source="F4" target="F3"/>
  <move id="72" source="I8" target="H8"/>
  <move id="73" source="F3" target="F2"/>
  <move id="74" source="H8" target="G8"/>
  <move id="75" source="E2" target="E3"/>
  <move id="76" source="G8" target="F8"/>
  <move id="77" source="E3" target="F3"/>
  <move id="78" source="F8" target="F3"/>
  <move id="79" source="F3" target="F4"/>
  <move id="80" source="E7" target="E6"/>
  <move id="81" source="F4" target="F3"/>
  <move id="82" source="E6" target="E7"/>
  <move id="83" source="F3" target="E3"/>
  <move id="84" source="E7" target="E6"/>
  <move id="85" source="G3" target="G2"/>
  <move id="86" source="B7" target="B6"/>
  <move id="87" source="H3" target="G3"/>
  <move id="88" source="B6" target="B5"/>
  <move id="89" source="G3" target="F3"/>
  <move id="90" source="B5" target="B4"/>
  <move id="91" source="F3" target="F4"/>
  <move id="92" source="B4" target="C4"/>
  <move id="93" source="F4" target="F5"/>
  <move id="94" source="E6" target="E7"/>
  <move id="95" source="F5" target="F6"/>
  <move id="96" source="F9" target="F8"/>
  <move id="97" source="F6" target="F7"/>
  <move id="98" source="E7" target="F7"/>
  <player id="1">Player 1</player>
  <player id="2">Player 2</player>
  <result type="3" winner="1"/>
 </game>
</stratego>