<?xml version="1.0" encoding="UTF-8"?>
<stratego>
 <game type="classic">
  
  <field content="GIMBHBHIEGKFBJDFCBFJBDEDDLEEDDDFHEGBHIDGAA__AA__AAAA__AA__AAPRVUSWOXTPPNPPQPSVQSQUPTPNQSUNTRTRNRNQNY"/>
  <move id="1" source="A4" target="A5"/>
  <move id="2" source="K7" target="K6"/>
  <move id="3" source="A5" target="B5"/>
  <move id="4" source="K6" target="K5"/>
  <move id="5" source="B5" target="B6"/>
  <move id="6" source="I7" target="I6"/>
  <move id="7" source="B4" target="B5"/>
  <move id="8" source="I6" target="K6"/>
  <move id="9" source="C4" target="B4"/>
  <move id="10" source="K5" target="K4"/>
  <move id="11" source="B5" target="A5"/>
  <move id="12" source="K6" target="I6"/>
  <move id="13" source="B4" target="B5"/>
  <move id="14" source="H7" target="I7"/>
  <move id="15" source="A5" target="A6"/>
  <move id="16" source="I7" target="K7"/>
  <move id="17" source="B6" target="B7"/>
  <move id="18" source="K7" target="K6"/>
  <move id="19" source="A6" target="A7"/>
  <move id="20" source="K6" target="K5"/>
  <move id="21" source="A7" target="A8"/>
  <move id="22" source="K5" target="K4"/>
  <move id="23" source="A8" target="A9"/>
  <move id="24" source="B9" target="A9"/>
  <move id="25" source="B5" target="B6"/>
  <move id="26" source="B7" target="B6"/>
  <move id="27" source="B3" target="B4"/>
  <move id="28" source="I6" target="I5"/>
  <move id="29" source="B4" target="C4"/>
  <move id="30" source="I5" target="I4"/>
  <move id="31" source="B2" target="B3"/>
  <move id="32" source="E7" target="E6"/>
  <move id="33" source="B3" target="B4"/>
  <move id="34" source="E6" target="F6"/>
  <move id="35" source="A2" target="B2"/>
  <move id="36" source="D7" target="E7"/>
  <move id="37" source="B2" target="B3"/>
  <move id="38" source="C7" target="B7"/>
  <move id="39" source="B4" target="A4"/>
  <move id="40" source="B7" target="B6"/>
  <move id="41" source="B3" target="B4"/>
  <move id="42" source="B6" target="B7"/>
  <move id="43" source="B4" target="B5"/>
  <move id="44" source="B7" target="C7"/>
  <move id="45" source="B5" target="B6"/>
  <move id="46" source="C7" target="D7"/>
  <move id="47" source="B6" target="B7"/>
  <move id="48" source="E7" target="E6"/>
  <move id="49" source="B7" target="C7"/>
  <move id="50" source="D7" target="E7"/>
  <move id="51" source="C7" target="D7"/>
  <move id="52" source="K4" target="K5"/>
  <move id="53" source="D7" target="E7"/>
  <move id="54" source="I4" target="K4"/>
  <move id="55" source="E7" target="E6"/>
  <move id="56" source="K4" target="K3"/>
  <move id="57" source="E6" target="F6"/>
  <move id="58" source="K5" target="I5"/>
  <move id="59" source="F6" target="F7"/>
  <move id="60" source="K3" target="K4"/>
  <move id="61" source="C3" target="B3"/>
  <move id="62" source="K4" target="I4"/>
  <move id="63" source="C4" target="B4"/>
  <move id="64" source="I4" target="H4"/>
  <move id="65" source="B3" target="B2"/>
  <move id="66" source="I5" target="I4"/>
  <move id="67" source="D3" target="C3"/>
  <move id="68" source="I4" target="H4"/>
  <move id="69" source="C3" target="C4"/>
  <move id="70" source="H4" target="I4"/>
  <move id="71" source="D2" target="D3"/>
  <move id="72" source="K8" target="K7"/>
  <move id="73" source="D3" target="C3"/>
  <move id="74" source="K7" target="K6"/>
  <move id="75" source="C3" target="B3"/>
  <move id="76" source="K6" target="K5"/>
  <move id="77" source="B4" target="B5"/>
  <move id="78" source="K5" target="K4"/>
  <move id="79" source="B3" target="B4"/>
  <move id="80" source="K4" target="K3"/>
  <move id="81" source="B5" target="B8"/>
  <move id="82" source="K3" target="I3"/>
  <move id="83" source="B4" target="B5"/>
  <move id="84" source="I3" target="K3"/>
  <move id="85" source="B5" target="B6"/>
  <move id="86" source="K3" target="K2"/>
  <move id="87" source="K2" target="K3"/>
  <move id="88" source="I4" target="K4"/>
  <move id="89" source="K3" target="I3"/>
  <move id="90" source="K4" target="I4"/>
  <move id="91" source="I3" target="K3"/>
  <move id="92" source="G7" target="H7"/>
  <move id="93" source="B6" target="B7"/>
  <move id="94" source="G8" target="G7"/>
  <move id="95" source="B7" target="C7"/>
  <move id="96" source="C8" target="C7"/>
  <move id="97" source="C7" target="D7"/>
  <move id="98" source="H7" target="I7"/>
  <move id="99" source="D7" target="E7"/>
  <move id="100" source="G7" target="H7"/>
  <move id="101" source="E7" target="F7"/>
  <move id="102" source="F8" target="F7"/>
  <move id="103" source="F7" target="G7"/>
  <move id="104" source="A9" target="A8"/>
  <move id="105" source="G7" target="H7"/>
  <move id="106" source="H8" target="H7"/>
  <move id="107" source="B2" target="B3"/>
  <move id="108" source="A8" target="A7"/>
  <move id="109" source="B1" target="B2"/>
  <move id="110" source="A7" target="A6"/>
  <move id="111" source="B3" target="B4"/>
  <move id="112" source="A6" target="A5"/>
  <move id="113" source="B2" target="B3"/>
  <move id="114" source="A5" target="A4"/>
  <move id="115" source="B4" target="B5"/>
  <move id="116" source="A4" target="A5"/>
  <move id="117" source="B5" target="B6"/>
  <move id="118" source="D8" target="D7"/>
  <move id="119" source="B6" target="B7"/>
  <move id="120" source="A5" target="B5"/>
  <move id="121" source="B7" target="B8"/>
  <move id="122" source="A:" target="A9"/>
  <move id="123" source="B8" target="C8"/>
  <move id="124" source="A9" target="B9"/>
  <move id="125" source="C8" target="C9"/>
  <move id="126" source="D9" target="C9"/>
  <move id="127" source="E4" target="E5"/>
  <move id="128" source="B5" target="B4"/>
  <move id="129" source="E3" target="D3"/>
  <move id="130" source="B4" target="B3"/>
  <move id="131" source="F3" target="E3"/>
  <move id="132" source="D7" target="A7"/>
  <move id="133" source="E5" target="F5"/>
  <move id="134" source="A7" target="A3"/>
  <move id="135" source="E3" target="E4"/>
  <move id="136" source="E8" target="D8"/>
  <move id="137" source="E4" target="E5"/>
  <move id="138" source="D8" target="C8"/>
  <move id="139" source="E5" target="E6"/>
  <move id="140" source="C8" target="B8"/>
  <move id="141" source="E6" target="E7"/>
  <move id="142" source="B8" target="A8"/>
  <move id="143" source="E7" target="D7"/>
  <move id="144" source="A8" target="A7"/>
  <move id="145" source="D7" target="C7"/>
  <move id="146" source="A7" target="A6"/>
  <move id="147" source="C7" target="B7"/>
  <move id="148" source="A6" target="A5"/>
  <move id="149" source="B7" target="B6"/>
  <move id="150" source="A5" target="A4"/>
  <move id="151" source="A1" target="A2"/>
  <move id="152" source="A4" target="A3"/>
  <move id="153" source="A2" target="A3"/>
  <move id="154" source="B9" target="B8"/>
  <move id="155" source="D3" target="C3"/>
  <move id="156" source="B8" target="B7"/>
  <move id="157" source="B6" target="B7"/>
  <move id="158" source="E9" target="E8"/>
  <move id="159" source="C3" target="B3"/>
  <move id="160" source="E8" target="F8"/>
  <move id="161" source="F5" target="F6"/>
  <move id="162" source="F8" target="G8"/>
  <move id="163" source="G3" target="F3"/>
  <move id="164" source="G8" target="G7"/>
  <move id="165" source="F3" target="E3"/>
  <move id="166" source="I4" target="H4"/>
  <move id="167" source="G2" target="G3"/>
  <move id="168" source="H4" target="G4"/>
  <move id="169" source="G3" target="G4"/>
  <player id="1">Player 1</player>
  <player id="2">Player 2</player>
  <result type="3" winner="1"/>
 </game>
</stratego>