<?xml version="1.0" encoding="UTF-8"?>
<stratego>
 <game type="classic">
  
  <field content="GGFDDDBDBDBHGEBEHMDHCEBIEDGBDEIFKFJJIHFLAA__AA__AAAA__AA__AANRUXPUWVPSRNTPPSONNPPTVTPRQSRNQSQYUQTNPQ"/>
  <move id="1" source="I4" target="I5"/>
  <move id="2" source="E7" target="E6"/>
  <move id="3" source="I3" target="I4"/>
  <move id="4" source="E6" target="E5"/>
  <move id="5" source="I5" target="I6"/>
  <move id="6" source="E5" target="F5"/>
  <move id="7" source="I4" target="I3"/>
  <move id="8" source="F7" target="F6"/>
  <move id="9" source="H4" target="I4"/>
  <move id="10" source="E8" target="E7"/>
  <move id="11" source="I4" target="I5"/>
  <move id="12" source="D8" target="E8"/>
  <move id="13" source="I6" target="K6"/>
  <move id="14" source="F8" target="F7"/>
  <move id="15" source="I5" target="I6"/>
  <move id="16" source="E7" target="E4"/>
  <move id="17" source="K4" target="K5"/>
  <move id="18" source="F7" target="F8"/>
  <move id="19" source="I6" target="I7"/>
  <move id="20" source="H7" target="I7"/>
  <move id="21" source="K5" target="I5"/>
  <move id="22" source="I7" target="H7"/>
  <move id="23" source="K6" target="I6"/>
  <move id="24" source="G7" target="F7"/>
  <move id="25" source="I6" target="I7"/>
  <move id="26" source="H7" target="G7"/>
  <move id="27" source="I5" target="I6"/>
  <move id="28" source="E8" target="D8"/>
  <move id="29" source="I7" target="K7"/>
  <move id="30" source="F5" target="F4"/>
  <move id="31" source="G4" target="H4"/>
  <move id="32" source="F7" target="E7"/>
  <move id="33" source="H4" target="I4"/>
  <move id="34" source="E7" target="E8"/>
  <move id="35" source="I4" target="I5"/>
  <move id="36" source="G7" target="F7"/>
  <move id="37" source="I5" target="K5"/>
  <move id="38" source="F7" target="E7"/>
  <move id="39" source="K5" target="K6"/>
  <move id="40" source="K7" target="I7"/>
  <move id="41" source="I6" target="I5"/>
  <move id="42" source="E7" target="E6"/>
  <move id="43" source="K6" target="K7"/>
  <move id="44" source="I7" target="I6"/>
  <move id="45" source="I5" target="K5"/>
  <move id="46" source="K8" target="K7"/>
  <move id="47" source="K7" target="I7"/>
  <move id="48" source="I6" target="K6"/>
  <move id="49" source="K5" target="I5"/>
  <move id="50" source="E6" target="E5"/>
  <move id="51" source="G3" target="G4"/>
  <move id="52" source="E8" target="E7"/>
  <move id="53" source="G4" target="H4"/>
  <move id="54" source="K6" target="K5"/>
  <move id="55" source="I5" target="I6"/>
  <move id="56" source="K5" target="I5"/>
  <move id="57" source="I6" target="K6"/>
  <move id="58" source="F6" target="F7"/>
  <move id="59" source="H4" target="I4"/>
  <move id="60" source="I5" target="K5"/>
  <move id="61" source="K6" target="K7"/>
  <move id="62" source="F7" target="G7"/>
  <move id="63" source="I4" target="I5"/>
  <move id="64" source="K5" target="K6"/>
  <move id="65" source="K7" target="K8"/>
  <move id="66" source="G7" target="H7"/>
  <move id="67" source="I7" target="K7"/>
  <move id="68" source="K6" target="I6"/>
  <move id="69" source="I5" target="I6"/>
  <move id="70" source="H7" target="I7"/>
  <move id="71" source="I3" target="I4"/>
  <move id="72" source="E7" target="F7"/>
  <move id="73" source="K7" target="K6"/>
  <move id="74" source="F7" target="F6"/>
  <move id="75" source="K8" target="K7"/>
  <move id="76" source="D8" target="E8"/>
  <move id="77" source="K6" target="K5"/>
  <move id="78" source="I7" target="K7"/>
  <move id="79" source="K5" target="K6"/>
  <move id="80" source="F6" target="F5"/>
  <move id="81" source="I4" target="I5"/>
  <move id="82" source="F5" target="F4"/>
  <move id="83" source="K7" target="K8"/>
  <move id="84" source="F4" target="E4"/>
  <move id="85" source="K6" target="K7"/>
  <move id="86" source="E5" target="F5"/>
  <move id="87" source="I5" target="I6"/>
  <move id="88" source="F5" target="F6"/>
  <move id="89" source="I6" target="I8"/>
  <move id="90" source="F6" target="F7"/>
  <move id="91" source="K7" target="I7"/>
  <move id="92" source="E4" target="F4"/>
  <move id="93" source="K8" target="K7"/>
  <move id="94" source="E8" target="E3"/>
  <move id="95" source="D4" target="E4"/>
  <move id="96" source="F4" target="E4"/>
  <move id="97" source="C4" target="D4"/>
  <move id="98" source="E4" target="E3"/>
  <move id="99" source="K7" target="K6"/>
  <move id="100" source="E3" target="E4"/>
  <move id="101" source="D4" target="E4"/>
  <move id="102" source="F7" target="F6"/>
  <move id="103" source="K6" target="I6"/>
  <move id="104" source="E9" target="E2"/>
  <move id="105" source="I2" target="I5"/>
  <move id="106" source="D7" target="E7"/>
  <move id="107" source="I5" target="K5"/>
  <move id="108" source="E7" target="F7"/>
  <move id="109" source="K5" target="K9"/>
  <move id="110" source="F7" target="G7"/>
  <move id="111" source="K3" target="K4"/>
  <move id="112" source="G7" target="H7"/>
  <move id="113" source="I7" target="K7"/>
  <move id="114" source="H7" target="G7"/>
  <move id="115" source="K4" target="K5"/>
  <move id="116" source="F8" target="E8"/>
  <move id="117" source="K5" target="K6"/>
  <move id="118" source="E8" target="E7"/>
  <move id="119" source="K7" target="I7"/>
  <move id="120" source="E7" target="E6"/>
  <move id="121" source="K6" target="K7"/>
  <move id="122" source="G7" target="H7"/>
  <move id="123" source="B4" target="B5"/>
  <move id="124" source="H7" target="I7"/>
  <move id="125" source="I6" target="I7"/>
  <move id="126" source="F9" target="F8"/>
  <move id="127" source="K7" target="K8"/>
  <move id="128" source="F8" target="F7"/>
  <move id="129" source="K8" target="K9"/>
  <move id="130" source="I9" target="K9"/>
  <move id="131" source="K2" target="K3"/>
  <move id="132" source="F7" target="F8"/>
  <move id="133" source="K3" target="K4"/>
  <move id="134" source="F6" target="F7"/>
  <move id="135" source="K4" target="K5"/>
  <move id="136" source="F7" target="G7"/>
  <move id="137" source="K5" target="K6"/>
  <move id="138" source="G7" target="H7"/>
  <move id="139" source="K6" target="K7"/>
  <move id="140" source="H7" target="I7"/>
  <move id="141" source="K7" target="K8"/>
  <move id="142" source="G9" target="F9"/>
  <move id="143" source="K8" target="K9"/>
  <move id="144" source="F9" target="E9"/>
  <move id="145" source="K9" target="I9"/>
  <move id="146" source="H9" target="G9"/>
  <move id="147" source="K1" target="K:"/>
  <move id="148" source="I7" target="K7"/>
  <move id="149" source="I9" target="K9"/>
  <move id="150" source="K7" target="K8"/>
  <move id="151" source="K9" target="K:"/>
  <move id="152" source="I:" target="I9"/>
  <move id="153" source="A4" target="A5"/>
  <move id="154" source="K8" target="K9"/>
  <move id="155" source="K:" target="I:"/>
  <move id="156" source="I9" target="H9"/>
  <move id="157" source="B5" target="B6"/>
  <move id="158" source="F8" target="F7"/>
  <move id="159" source="A3" target="A4"/>
  <move id="160" source="E9" target="E8"/>
  <move id="161" source="A4" target="B4"/>
  <move id="162" source="G9" target="F9"/>
  <move id="163" source="A5" target="B5"/>
  <move id="164" source="F9" target="F8"/>
  <move id="165" source="B4" target="C4"/>
  <move id="166" source="D9" target="E9"/>
  <move id="167" source="B3" target="B4"/>
  <move id="168" source="C9" target="D9"/>
  <move id="169" source="I:" target="H:"/>
  <move id="170" source="D9" target="D8"/>
  <move id="171" source="D3" target="D4"/>
  <move id="172" source="D8" target="D7"/>
  <move id="173" source="D4" target="E4"/>
  <move id="174" source="K9" target="K8"/>
  <move id="175" source="C4" target="D4"/>
  <move id="176" source="K8" target="K7"/>
  <move id="177" source="B4" target="A4"/>
  <move id="178" source="K7" target="K6"/>
  <move id="179" source="A4" target="A5"/>
  <move id="180" source="K6" target="K5"/>
  <move id="181" source="A5" target="A6"/>
  <move id="182" source="K5" target="K4"/>
  <move id="183" source="A6" target="A7"/>
  <move id="184" source="B7" target="A7"/>
  <move id="185" source="B6" target="B7"/>
  <move id="186" source="C7" target="B7"/>
  <move id="187" source="B5" target="B6"/>
  <move id="188" source="B7" target="B6"/>
  <move id="189" source="B2" target="B3"/>
  <move id="190" source="C8" target="C7"/>
  <move id="191" source="B3" target="B4"/>
  <move id="192" source="C7" target="B7"/>
  <move id="193" source="D4" target="C4"/>
  <move id="194" source="B7" target="B6"/>
  <move id="195" source="E4" target="D4"/>
  <move id="196" source="B6" target="B5"/>
  <move id="197" source="D4" target="E4"/>
  <move id="198" source="E6" target="E5"/>
  <move id="199" source="E4" target="F4"/>
  <move id="200" source="E5" target="F5"/>
  <move id="201" source="F4" target="E4"/>
  <move id="202" source="F5" target="E5"/>
  <move id="203" source="E4" target="F4"/>
  <move id="204" source="E5" target="F5"/>
  <move id="205" source="F4" target="E4"/>
  <move id="206" source="F5" target="E5"/>
  <move id="207" source="E4" target="F4"/>
  <move id="208" source="E5" target="F5"/>
  <move id="209" source="F4" target="G4"/>
  <move id="210" source="F5" target="F4"/>
  <move id="211" source="G4" target="H4"/>
  <move id="212" source="K4" target="I4"/>
  <move id="213" source="C2" target="B2"/>
  <move id="214" source="I4" target="H4"/>
  <move id="215" source="F3" target="E3"/>
  <move id="216" source="B5" target="B4"/>
  <move id="217" source="B2" target="B3"/>
  <move id="218" source="D7" target="C7"/>
  <move id="219" source="B3" target="B4"/>
  <move id="220" source="C7" target="B7"/>
  <move id="221" source="B4" target="B5"/>
  <move id="222" source="B7" target="B6"/>
  <move id="223" source="C4" target="B4"/>
  <move id="224" source="B6" target="B5"/>
  <move id="225" source="B4" target="A4"/>
  <move id="226" source="B5" target="A5"/>
  <move id="227" source="A4" target="B4"/>
  <move id="228" source="A5" target="B5"/>
  <move id="229" source="B4" target="A4"/>
  <move id="230" source="B5" target="A5"/>
  <move id="231" source="A4" target="B4"/>
  <move id="232" source="A5" target="B5"/>
  <move id="233" source="B4" target="A4"/>
  <move id="234" source="B5" target="A5"/>
  <move id="235" source="A4" target="A3"/>
  <move id="236" source="A5" target="A4"/>
  <move id="237" source="A3" target="B3"/>
  <move id="238" source="A4" target="B4"/>
  <move id="239" source="B3" target="A3"/>
  <move id="240" source="B4" target="A4"/>
  <move id="241" source="A3" target="B3"/>
  <move id="242" source="A4" target="B4"/>
  <move id="243" source="B3" target="A3"/>
  <move id="244" source="B4" target="A4"/>
  <move id="245" source="A3" target="B3"/>
  <move id="246" source="A4" target="B4"/>
  <move id="247" source="B3" target="B2"/>
  <move id="248" source="B4" target="B3"/>
  <move id="249" source="B2" target="C2"/>
  <move id="250" source="B3" target="B2"/>
  <move id="251" source="D2" target="D3"/>
  <move id="252" source="B2" target="C2"/>
  <move id="253" source="D3" target="D4"/>
  <move id="254" source="C2" target="B2"/>
  <move id="255" source="D4" target="E4"/>
  <move id="256" source="B2" target="B3"/>
  <move id="257" source="E4" target="E5"/>
  <move id="258" source="E9" target="D9"/>
  <move id="259" source="E5" target="E6"/>
  <move id="260" source="D9" target="D8"/>
  <move id="261" source="E6" target="E7"/>
  <move id="262" source="E:" target="E9"/>
  <move id="263" source="E7" target="F7"/>
  <move id="264" source="D8" target="D7"/>
  <move id="265" source="E3" target="E5"/>
  <move id="266" source="F7" target="F6"/>
  <move id="267" source="E5" target="E7"/>
  <move id="268" source="E8" target="E7"/>
  <player id="1">Player 1</player>
  <player id="2">Player 2</player>
  <result type="3" winner="2"/>
 </game>
</stratego>