<?xml version="1.0" encoding="UTF-8"?>
<stratego>
 <game type="classic">
  
  <field content="BHBMFEGJFEIEJIBEEIDDBFBDHLCKHDDBDHFGDGDGAA__AA__AAAA__AA__AATPRWRUXPTPSVPOTPRPVSQPUNSTNUSNQPNRQNYNQQ"/>
  <move id="1" source="A4" target="A7"/>
  <move id="2" source="F7" target="F6"/>
  <move id="3" source="I4" target="I7"/>
  <move id="4" source="F6" target="F5"/>
  <move id="5" source="I3" target="I4"/>
  <move id="6" source="K7" target="K4"/>
  <move id="7" source="I4" target="I5"/>
  <move id="8" source="I7" target="K7"/>
  <move id="9" source="I5" target="I6"/>
  <move id="10" source="H7" target="I7"/>
  <move id="11" source="I6" target="I7"/>
  <move id="12" source="I8" target="I7"/>
  <move id="13" source="H3" target="I3"/>
  <move id="14" source="H8" target="I8"/>
  <move id="15" source="I3" target="I4"/>
  <move id="16" source="I7" target="H7"/>
  <move id="17" source="I4" target="I5"/>
  <move id="18" source="I8" target="I5"/>
  <move id="19" source="I5" target="I6"/>
  <move id="20" source="H7" target="H8"/>
  <move id="21" source="I6" target="I7"/>
  <move id="22" source="K7" target="K6"/>
  <move id="23" source="K4" target="K5"/>
  <move id="24" source="K6" target="K5"/>
  <move id="25" source="I7" target="I8"/>
  <move id="26" source="H8" target="H7"/>
  <move id="27" source="I8" target="K8"/>
  <move id="28" source="F8" target="F7"/>
  <move id="29" source="K8" target="K7"/>
  <move id="30" source="H7" target="H8"/>
  <move id="31" source="H2" target="H3"/>
  <move id="32" source="K5" target="K4"/>
  <move id="33" source="H3" target="I3"/>
  <move id="34" source="G7" target="H7"/>
  <move id="35" source="K7" target="K6"/>
  <move id="36" source="K4" target="I4"/>
  <move id="37" source="I3" target="I4"/>
  <move id="38" source="H7" target="I7"/>
  <move id="39" source="I4" target="I3"/>
  <move id="40" source="I7" target="I6"/>
  <move id="41" source="K6" target="K5"/>
  <move id="42" source="I6" target="I5"/>
  <move id="43" source="K5" target="K6"/>
  <move id="44" source="I5" target="I4"/>
  <move id="45" source="I3" target="H3"/>
  <move id="46" source="I4" target="I5"/>
  <move id="47" source="H3" target="H2"/>
  <move id="48" source="F7" target="G7"/>
  <move id="49" source="I2" target="I5"/>
  <move id="50" source="G7" target="H7"/>
  <move id="51" source="K6" target="K7"/>
  <move id="52" source="I5" target="I6"/>
  <move id="53" source="F4" target="F5"/>
  <move id="54" source="F5" target="F6"/>
  <move id="55" source="E4" target="E5"/>
  <move id="56" source="F6" target="F7"/>
  <move id="57" source="E5" target="E6"/>
  <move id="58" source="F7" target="F8"/>
  <move id="59" source="F3" target="F4"/>
  <move id="60" source="E7" target="E6"/>
  <move id="61" source="F4" target="F5"/>
  <move id="62" source="E8" target="E7"/>
  <move id="63" source="F5" target="F6"/>
  <move id="64" source="F8" target="E8"/>
  <move id="65" source="F6" target="F7"/>
  <move id="66" source="E7" target="F7"/>
  <move id="67" source="F7" target="G7"/>
  <move id="68" source="H7" target="I7"/>
  <move id="69" source="G4" target="F4"/>
  <move id="70" source="G8" target="F8"/>
  <move id="71" source="F4" target="F8"/>
  <move id="72" source="D7" target="E7"/>
  <move id="73" source="E3" target="F3"/>
  <move id="74" source="F8" target="F7"/>
  <move id="75" source="G7" target="F7"/>
  <move id="76" source="E7" target="E6"/>
  <move id="77" source="G3" target="H3"/>
  <move id="78" source="E6" target="E5"/>
  <move id="79" source="H3" target="I3"/>
  <move id="80" source="I7" target="I8"/>
  <move id="81" source="K7" target="K8"/>
  <move id="82" source="I6" target="I7"/>
  <move id="83" source="F7" target="G7"/>
  <move id="84" source="E5" target="E4"/>
  <move id="85" source="I3" target="I4"/>
  <move id="86" source="E4" target="F4"/>
  <move id="87" source="I4" target="I5"/>
  <move id="88" source="F4" target="F3"/>
  <move id="89" source="I5" target="I6"/>
  <move id="90" source="C7" target="D7"/>
  <move id="91" source="I6" target="I7"/>
  <move id="92" source="I8" target="I7"/>
  <move id="93" source="K8" target="I8"/>
  <move id="94" source="H8" target="G8"/>
  <move id="95" source="I8" target="H8"/>
  <move id="96" source="G8" target="F8"/>
  <move id="97" source="G7" target="F7"/>
  <move id="98" source="D7" target="E7"/>
  <move id="99" source="F7" target="F6"/>
  <move id="100" source="F8" target="F7"/>
  <move id="101" source="H8" target="G8"/>
  <move id="102" source="F3" target="E3"/>
  <move id="103" source="G8" target="F8"/>
  <move id="104" source="F7" target="G7"/>
  <move id="105" source="F8" target="F7"/>
  <move id="106" source="G7" target="G8"/>
  <move id="107" source="F7" target="E7"/>
  <move id="108" source="G8" target="H8"/>
  <move id="109" source="E7" target="F7"/>
  <move id="110" source="H8" target="I8"/>
  <move id="111" source="F7" target="G7"/>
  <move id="112" source="I8" target="K8"/>
  <move id="113" source="G7" target="H7"/>
  <move id="114" source="K8" target="K7"/>
  <move id="115" source="H7" target="I7"/>
  <move id="116" source="K7" target="K6"/>
  <move id="117" source="F6" target="F5"/>
  <move id="118" source="E3" target="D3"/>
  <move id="119" source="F5" target="F4"/>
  <move id="120" source="D3" target="E3"/>
  <move id="121" source="F4" target="F3"/>
  <move id="122" source="E3" target="E4"/>
  <move id="123" source="F3" target="G3"/>
  <move id="124" source="E4" target="D4"/>
  <move id="125" source="G3" target="H3"/>
  <move id="126" source="D4" target="C4"/>
  <move id="127" source="H3" target="I3"/>
  <move id="128" source="C4" target="C3"/>
  <move id="129" source="I3" target="I4"/>
  <player id="1">Player 1</player>
  <player id="2">Player 2</player>
  <result type="3" winner="1"/>
 </game>
</stratego>