<?xml version="1.0" encoding="UTF-8"?>
<stratego>
 <game type="classic">
  
  <field content="HFBBMGEBBEDEDICKDJFDJGLDGIEBBEHDDIHDGHFFAA__AA__AAAA__AA__AATPPWRUXPTPSVSOTPPPVSNPQNUTNUSNRQQRQNYNQR"/>
  <move id="1" source="F4" target="F5"/>
  <move id="2" source="E7" target="E6"/>
  <move id="3" source="F3" target="F4"/>
  <move id="4" source="F7" target="E7"/>
  <move id="5" source="F5" target="F8"/>
  <move id="6" source="E8" target="F8"/>
  <move id="7" source="B4" target="B7"/>
  <move id="8" source="C7" target="B7"/>
  <move id="9" source="B3" target="B4"/>
  <move id="10" source="C8" target="C7"/>
  <move id="11" source="B4" target="B5"/>
  <move id="12" source="F8" target="F7"/>
  <move id="13" source="B5" target="B6"/>
  <move id="14" source="G8" target="F8"/>
  <move id="15" source="A4" target="A5"/>
  <move id="16" source="E6" target="F6"/>
  <move id="17" source="A5" target="A6"/>
  <move id="18" source="E7" target="E6"/>
  <move id="19" source="B6" target="B7"/>
  <move id="20" source="A7" target="B7"/>
  <move id="21" source="A6" target="A7"/>
  <move id="22" source="E6" target="E5"/>
  <move id="23" source="C4" target="B4"/>
  <move id="24" source="B8" target="C8"/>
  <move id="25" source="B4" target="B5"/>
  <move id="26" source="B7" target="B8"/>
  <move id="27" source="A7" target="B7"/>
  <move id="28" source="C7" target="B7"/>
  <move id="29" source="B5" target="A5"/>
  <move id="30" source="F6" target="F5"/>
  <move id="31" source="A5" target="A6"/>
  <move id="32" source="F8" target="G8"/>
  <move id="33" source="A6" target="A7"/>
  <move id="34" source="F7" target="F6"/>
  <move id="35" source="B7" target="B8"/>
  <move id="36" source="A8" target="A7"/>
  <move id="37" source="C3" target="C4"/>
  <move id="38" source="C8" target="C7"/>
  <move id="39" source="D3" target="C3"/>
  <move id="40" source="B9" target="B8"/>
  <move id="41" source="C3" target="B3"/>
  <move id="42" source="B8" target="B7"/>
  <move id="43" source="A3" target="A4"/>
  <move id="44" source="B7" target="B6"/>
  <move id="45" source="B3" target="A3"/>
  <move id="46" source="C7" target="B7"/>
  <move id="47" source="E3" target="D3"/>
  <move id="48" source="D8" target="E8"/>
  <move id="49" source="D3" target="C3"/>
  <move id="50" source="D7" target="C7"/>
  <move id="51" source="C3" target="B3"/>
  <move id="52" source="E8" target="D8"/>
  <move id="53" source="B3" target="B4"/>
  <move id="54" source="D8" target="D7"/>
  <move id="55" source="B4" target="B5"/>
  <move id="56" source="G8" target="F8"/>
  <move id="57" source="A4" target="A5"/>
  <move id="58" source="F8" target="E8"/>
  <move id="59" source="A5" target="A6"/>
  <move id="60" source="B6" target="B5"/>
  <move id="61" source="B5" target="B6"/>
  <move id="62" source="C7" target="C8"/>
  <move id="63" source="B6" target="B7"/>
  <move id="64" source="C8" target="C7"/>
  <move id="65" source="A6" target="A7"/>
  <move id="66" source="B7" target="B8"/>
  <move id="67" source="A7" target="A6"/>
  <move id="68" source="E8" target="D8"/>
  <move id="69" source="A6" target="B6"/>
  <move id="70" source="B8" target="A8"/>
  <move id="71" source="B6" target="B5"/>
  <move id="72" source="D8" target="C8"/>
  <move id="73" source="B5" target="B4"/>
  <move id="74" source="C8" target="B8"/>
  <move id="75" source="B4" target="B3"/>
  <move id="76" source="A8" target="A7"/>
  <move id="77" source="B3" target="C3"/>
  <move id="78" source="A7" target="B7"/>
  <move id="79" source="B2" target="B3"/>
  <move id="80" source="B8" target="A8"/>
  <move id="81" source="B3" target="B4"/>
  <move id="82" source="H8" target="B8"/>
  <move id="83" source="C2" target="B2"/>
  <move id="84" source="B7" target="A7"/>
  <move id="85" source="C3" target="C2"/>
  <move id="86" source="B8" target="B4"/>
  <move id="87" source="A3" target="A4"/>
  <move id="88" source="A7" target="A6"/>
  <move id="89" source="B4" target="B3"/>
  <move id="90" source="A6" target="A5"/>
  <move id="91" source="A4" target="B4"/>
  <move id="92" source="A5" target="A4"/>
  <move id="93" source="B3" target="C3"/>
  <move id="94" source="A4" target="A5"/>
  <move id="95" source="C3" target="D3"/>
  <move id="96" source="A5" target="A6"/>
  <move id="97" source="C2" target="C3"/>
  <move id="98" source="C7" target="B7"/>
  <move id="99" source="C3" target="B3"/>
  <move id="100" source="B7" target="B6"/>
  <move id="101" source="B3" target="A3"/>
  <move id="102" source="D7" target="C7"/>
  <move id="103" source="A3" target="A4"/>
  <move id="104" source="A8" target="B8"/>
  <move id="105" source="A4" target="A5"/>
  <move id="106" source="A6" target="A7"/>
  <move id="107" source="A5" target="A4"/>
  <move id="108" source="C7" target="B7"/>
  <move id="109" source="A4" target="A3"/>
  <move id="110" source="B8" target="C8"/>
  <move id="111" source="A3" target="B3"/>
  <move id="112" source="A7" target="A8"/>
  <move id="113" source="D3" target="C3"/>
  <move id="114" source="C8" target="C7"/>
  <move id="115" source="C3" target="C2"/>
  <move id="116" source="A8" target="B8"/>
  <move id="117" source="A2" target="A7"/>
  <move id="118" source="B8" target="C8"/>
  <move id="119" source="A7" target="B7"/>
  <move id="120" source="C7" target="D7"/>
  <move id="121" source="B7" target="D7"/>
  <move id="122" source="C8" target="D8"/>
  <move id="123" source="D2" target="D3"/>
  <move id="124" source="B6" target="B5"/>
  <move id="125" source="E4" target="E3"/>
  <move id="126" source="B5" target="B4"/>
  <move id="127" source="C4" target="B4"/>
  <move id="128" source="F5" target="F4"/>
  <move id="129" source="D3" target="D2"/>
  <move id="130" source="E5" target="E4"/>
  <move id="131" source="F4" target="F3"/>
  <move id="132" source="F6" target="F5"/>
  <move id="133" source="D4" target="C4"/>
  <move id="134" source="F5" target="F4"/>
  <move id="135" source="C4" target="C3"/>
  <move id="136" source="F4" target="G4"/>
  <move id="137" source="B4" target="C4"/>
  <move id="138" source="E4" target="F4"/>
  <move id="139" source="C4" target="D4"/>
  <move id="140" source="G4" target="H4"/>
  <move id="141" source="D4" target="E4"/>
  <move id="142" source="F4" target="F5"/>
  <move id="143" source="I4" target="H4"/>
  <move id="144" source="H7" target="H8"/>
  <move id="145" source="K4" target="I4"/>
  <move id="146" source="H8" target="G8"/>
  <move id="147" source="H4" target="G4"/>
  <move id="148" source="G8" target="F8"/>
  <move id="149" source="G4" target="F4"/>
  <move id="150" source="F5" target="F6"/>
  <move id="151" source="E4" target="E5"/>
  <move id="152" source="F6" target="F7"/>
  <move id="153" source="E5" target="E6"/>
  <move id="154" source="G7" target="G8"/>
  <move id="155" source="F4" target="F5"/>
  <move id="156" source="F7" target="G7"/>
  <move id="157" source="F5" target="F6"/>
  <move id="158" source="F8" target="F6"/>
  <move id="159" source="E6" target="E7"/>
  <move id="160" source="G8" target="F8"/>
  <move id="161" source="B3" target="B4"/>
  <move id="162" source="F8" target="F7"/>
  <move id="163" source="E7" target="F7"/>
  <move id="164" source="G7" target="F7"/>
  <move id="165" source="F6" target="E6"/>
  <move id="166" source="F7" target="F6"/>
  <move id="167" source="E6" target="E7"/>
  <move id="168" source="F6" target="E6"/>
  <move id="169" source="E7" target="F7"/>
  <move id="170" source="E6" target="E7"/>
  <move id="171" source="F7" target="F8"/>
  <move id="172" source="F9" target="F8"/>
  <move id="173" source="B4" target="C4"/>
  <move id="174" source="F8" target="G8"/>
  <move id="175" source="C4" target="D4"/>
  <move id="176" source="E7" target="D7"/>
  <move id="177" source="D4" target="E4"/>
  <move id="178" source="D7" target="C7"/>
  <move id="179" source="E4" target="E5"/>
  <move id="180" source="C7" target="B7"/>
  <move id="181" source="E5" target="E6"/>
  <move id="182" source="B7" target="A7"/>
  <move id="183" source="E6" target="E7"/>
  <move id="184" source="A7" target="A6"/>
  <move id="185" source="E7" target="D7"/>
  <move id="186" source="D8" target="E8"/>
  <move id="187" source="D7" target="E7"/>
  <move id="188" source="E8" target="D8"/>
  <move id="189" source="E7" target="D7"/>
  <move id="190" source="D8" target="E8"/>
  <move id="191" source="D7" target="D8"/>
  <move id="192" source="E8" target="E7"/>
  <move id="193" source="D8" target="E8"/>
  <move id="194" source="E7" target="F7"/>
  <move id="195" source="E8" target="F8"/>
  <move id="196" source="F7" target="F6"/>
  <move id="197" source="F8" target="G8"/>
  <move id="198" source="F6" target="F5"/>
  <move id="199" source="G8" target="G7"/>
  <move id="200" source="F5" target="F4"/>
  <move id="201" source="G7" target="F7"/>
  <move id="202" source="F4" target="F3"/>
  <move id="203" source="F2" target="F3"/>
  <move id="204" source="I7" target="I6"/>
  <move id="205" source="F3" target="F4"/>
  <move id="206" source="I6" target="I5"/>
  <move id="207" source="I4" target="H4"/>
  <move id="208" source="I5" target="I4"/>
  <move id="209" source="F4" target="G4"/>
  <move id="210" source="I4" target="I3"/>
  <move id="211" source="G2" target="F2"/>
  <move id="212" source="I8" target="I7"/>
  <move id="213" source="C3" target="B3"/>
  <move id="214" source="I7" target="I6"/>
  <move id="215" source="F7" target="E7"/>
  <move id="216" source="I6" target="I5"/>
  <move id="217" source="E7" target="D7"/>
  <move id="218" source="I5" target="I4"/>
  <move id="219" source="D7" target="C7"/>
  <player id="1">Player 1</player>
  <player id="2">Player 2</player>
  <result type="3" winner="1"/>
 </game>
</stratego>