<?xml version="1.0" encoding="UTF-8"?>
<stratego>
 <game type="classic">
  
  <field content="EDMHEDGHEEEGIBKICDJHLDGBDDFDFIJDFBFHBBBGAA__AA__AAAA__AA__AAPNRVXPVOWNPSTUUTTUTRNPPSQNPSPSRRQQNYNQQP"/>
  <move id="1" source="B4" target="B7"/>
  <move id="2" source="A7" target="A4"/>
  <move id="3" source="E4" target="E5"/>
  <move id="4" source="E7" target="E6"/>
  <move id="5" source="F4" target="F5"/>
  <move id="6" source="E6" target="E5"/>
  <move id="7" source="F5" target="F6"/>
  <move id="8" source="F7" target="E7"/>
  <move id="9" source="F6" target="F7"/>
  <move id="10" source="G7" target="F7"/>
  <move id="11" source="K4" target="K5"/>
  <move id="12" source="E5" target="E6"/>
  <move id="13" source="K5" target="K6"/>
  <move id="14" source="F7" target="F6"/>
  <move id="15" source="K3" target="K4"/>
  <move id="16" source="A8" target="A7"/>
  <move id="17" source="K4" target="K5"/>
  <move id="18" source="B8" target="A8"/>
  <move id="19" source="K6" target="I6"/>
  <move id="20" source="C8" target="B8"/>
  <move id="21" source="K5" target="K6"/>
  <move id="22" source="C7" target="C8"/>
  <move id="23" source="K2" target="K3"/>
  <move id="24" source="E7" target="F7"/>
  <move id="25" source="K3" target="K4"/>
  <move id="26" source="F6" target="F5"/>
  <move id="27" source="K4" target="K5"/>
  <move id="28" source="E6" target="E5"/>
  <move id="29" source="K5" target="I5"/>
  <move id="30" source="F7" target="F6"/>
  <move id="31" source="K1" target="K2"/>
  <move id="32" source="A7" target="A6"/>
  <move id="33" source="K2" target="K3"/>
  <move id="34" source="A6" target="B6"/>
  <move id="35" source="K3" target="K4"/>
  <move id="36" source="F5" target="F4"/>
  <move id="37" source="K4" target="K5"/>
  <move id="38" source="F4" target="G4"/>
  <move id="39" source="I6" target="I7"/>
  <move id="40" source="I7" target="I6"/>
  <move id="41" source="K6" target="K7"/>
  <move id="42" source="I6" target="I5"/>
  <move id="43" source="K5" target="K6"/>
  <move id="44" source="I5" target="I4"/>
  <move id="45" source="K6" target="K7"/>
  <move id="46" source="K8" target="K7"/>
  <move id="47" source="A4" target="A5"/>
  <move id="48" source="F6" target="F3"/>
  <move id="49" source="A3" target="A4"/>
  <move id="50" source="B6" target="B3"/>
  <move id="51" source="A5" target="A6"/>
  <move id="52" source="E5" target="E4"/>
  <move id="53" source="F2" target="F3"/>
  <move id="54" source="E4" target="D4"/>
  <player id="1">Player 1</player>
  <player id="2">Player 2</player>
  <result type="3" winner="1"/>
 </game>
</stratego>