<?xml version="1.0" encoding="UTF-8"?>
<stratego>
 <game type="classic">
  
  <field content="DGEEBFMFBEHCJEGEFJIDBKIDGLDHDBGHBDDIHDBFAA__AA__AAAA__AA__AANRPVPTQVSNRNWTPUXSNRQUOQPSRTUNSTPPPPQQNY"/>
  <move id="1" source="F4" target="F5"/>
  <move id="2" source="E7" target="E6"/>
  <move id="3" source="F5" target="E5"/>
  <move id="4" source="F7" target="F6"/>
  <move id="5" source="E5" target="E6"/>
  <move id="6" source="F6" target="F5"/>
  <move id="7" source="E6" target="E5"/>
  <move id="8" source="F5" target="F4"/>
  <move id="9" source="F3" target="F4"/>
  <move id="10" source="D7" target="E7"/>
  <move id="11" source="F4" target="F5"/>
  <move id="12" source="D8" target="D7"/>
  <move id="13" source="E4" target="F4"/>
  <move id="14" source="D9" target="D8"/>
  <move id="15" source="E5" target="E4"/>
  <move id="16" source="C9" target="D9"/>
  <move id="17" source="F5" target="E5"/>
  <move id="18" source="B9" target="C9"/>
  <move id="19" source="F4" target="F5"/>
  <move id="20" source="E7" target="F7"/>
  <move id="21" source="F5" target="F6"/>
  <move id="22" source="E8" target="E7"/>
  <move id="23" source="F6" target="F7"/>
  <move id="24" source="B7" target="B6"/>
  <move id="25" source="E5" target="F5"/>
  <move id="26" source="C7" target="B7"/>
  <move id="27" source="G3" target="F3"/>
  <move id="28" source="D7" target="C7"/>
  <move id="29" source="F5" target="F6"/>
  <move id="30" source="D8" target="D7"/>
  <move id="31" source="F3" target="F4"/>
  <move id="32" source="D9" target="D8"/>
  <move id="33" source="F4" target="F5"/>
  <move id="34" source="F8" target="E8"/>
  <move id="35" source="F5" target="E5"/>
  <move id="36" source="G8" target="F8"/>
  <move id="37" source="E5" target="E6"/>
  <move id="38" source="B6" target="A6"/>
  <move id="39" source="E6" target="E7"/>
  <move id="40" source="E8" target="E7"/>
  <move id="41" source="E4" target="F4"/>
  <move id="42" source="D8" target="E8"/>
  <move id="43" source="F4" target="F3"/>
  <move id="44" source="B7" target="B6"/>
  <move id="45" source="D4" target="E4"/>
  <move id="46" source="C7" target="B7"/>
  <move id="47" source="E4" target="E5"/>
  <move id="48" source="I7" target="I6"/>
  <move id="49" source="E5" target="E6"/>
  <move id="50" source="C8" target="C7"/>
  <move id="51" source="E6" target="E7"/>
  <move id="52" source="D7" target="D8"/>
  <move id="53" source="F3" target="F4"/>
  <move id="54" source="C7" target="D7"/>
  <move id="55" source="F4" target="F5"/>
  <move id="56" source="B6" target="B5"/>
  <move id="57" source="F5" target="E5"/>
  <move id="58" source="B7" target="B6"/>
  <move id="59" source="E5" target="E6"/>
  <move id="60" source="B5" target="B4"/>
  <move id="61" source="E6" target="E7"/>
  <move id="62" source="D7" target="E7"/>
  <move id="63" source="D3" target="D4"/>
  <move id="64" source="B6" target="B5"/>
  <move id="65" source="D4" target="E4"/>
  <move id="66" source="B5" target="B4"/>
  <move id="67" source="A4" target="B4"/>
  <move id="68" source="A6" target="B6"/>
  <move id="69" source="E4" target="E5"/>
  <move id="70" source="D8" target="D7"/>
  <move id="71" source="E5" target="E6"/>
  <move id="72" source="D:" target="D9"/>
  <move id="73" source="K4" target="K5"/>
  <move id="74" source="D9" target="D8"/>
  <move id="75" source="K5" target="K6"/>
  <move id="76" source="H7" target="I7"/>
  <move id="77" source="K6" target="K7"/>
  <move id="78" source="D8" target="C8"/>
  <move id="79" source="E6" target="E5"/>
  <move id="80" source="C8" target="C7"/>
  <move id="81" source="F6" target="E6"/>
  <move id="82" source="C7" target="B7"/>
  <move id="83" source="D2" target="D3"/>
  <move id="84" source="B6" target="A6"/>
  <move id="85" source="E2" target="D2"/>
  <move id="86" source="A6" target="A5"/>
  <move id="87" source="F2" target="E2"/>
  <move id="88" source="B7" target="B6"/>
  <move id="89" source="G2" target="F2"/>
  <move id="90" source="B6" target="B5"/>
  <move id="91" source="H2" target="G2"/>
  <move id="92" source="B5" target="B4"/>
  <move id="93" source="G2" target="G3"/>
  <move id="94" source="C9" target="C8"/>
  <move id="95" source="G3" target="F3"/>
  <move id="96" source="C8" target="C7"/>
  <move id="97" source="F3" target="F4"/>
  <move id="98" source="C7" target="B7"/>
  <move id="99" source="F4" target="F5"/>
  <move id="100" source="B7" target="B6"/>
  <move id="101" source="F5" target="F6"/>
  <move id="102" source="B6" target="B5"/>
  <move id="103" source="F6" target="F7"/>
  <move id="104" source="G7" target="F7"/>
  <move id="105" source="E5" target="F5"/>
  <move id="106" source="I7" target="H7"/>
  <move id="107" source="F5" target="F7"/>
  <move id="108" source="A5" target="A4"/>
  <move id="109" source="G4" target="G3"/>
  <move id="110" source="B5" target="B4"/>
  <move id="111" source="H4" target="G4"/>
  <move id="112" source="A4" target="A3"/>
  <move id="113" source="B3" target="B4"/>
  <move id="114" source="H7" target="G7"/>
  <move id="115" source="G4" target="F4"/>
  <move id="116" source="F8" target="G8"/>
  <move id="117" source="D3" target="D4"/>
  <move id="118" source="F7" target="F8"/>
  <move id="119" source="D4" target="E4"/>
  <move id="120" source="G7" target="F7"/>
  <move id="121" source="F4" target="F7"/>
  <move id="122" source="D7" target="C7"/>
  <move id="123" source="E6" target="F6"/>
  <move id="124" source="G8" target="G7"/>
  <move id="125" source="F6" target="E6"/>
  <move id="126" source="F8" target="G8"/>
  <move id="127" source="E4" target="F4"/>
  <move id="128" source="B:" target="B9"/>
  <move id="129" source="G3" target="G2"/>
  <move id="130" source="C:" target="C9"/>
  <move id="131" source="F4" target="F3"/>
  <move id="132" source="C9" target="C8"/>
  <move id="133" source="D2" target="D3"/>
  <move id="134" source="B9" target="C9"/>
  <move id="135" source="F3" target="G3"/>
  <move id="136" source="C7" target="B7"/>
  <move id="137" source="E3" target="F3"/>
  <move id="138" source="C8" target="C7"/>
  <move id="139" source="D3" target="E3"/>
  <move id="140" source="C9" target="C8"/>
  <move id="141" source="C2" target="D2"/>
  <move id="142" source="B7" target="B6"/>
  <move id="143" source="D2" target="D3"/>
  <move id="144" source="C7" target="B7"/>
  <move id="145" source="D3" target="D4"/>
  <move id="146" source="B6" target="A6"/>
  <move id="147" source="D4" target="E4"/>
  <move id="148" source="B7" target="B6"/>
  <move id="149" source="E4" target="F4"/>
  <move id="150" source="A6" target="A5"/>
  <move id="151" source="F4" target="F5"/>
  <move id="152" source="A5" target="A4"/>
  <move id="153" source="B4" target="B3"/>
  <move id="154" source="A4" target="A3"/>
  <move id="155" source="A2" target="A3"/>
  <move id="156" source="C8" target="C7"/>
  <move id="157" source="F5" target="F6"/>
  <move id="158" source="E7" target="E6"/>
  <move id="159" source="F6" target="F7"/>
  <move id="160" source="C7" target="D7"/>
  <move id="161" source="E3" target="D3"/>
  <move id="162" source="D7" target="E7"/>
  <move id="163" source="E6" target="E5"/>
  <move id="164" source="F9" target="F8"/>
  <move id="165" source="D3" target="D2"/>
  <move id="166" source="F8" target="F7"/>
  <move id="167" source="E5" target="F5"/>
  <move id="168" source="E7" target="E6"/>
  <move id="169" source="D2" target="D3"/>
  <move id="170" source="E8" target="E7"/>
  <move id="171" source="E2" target="E3"/>
  <move id="172" source="E9" target="E8"/>
  <move id="173" source="E3" target="E4"/>
  <move id="174" source="E8" target="D8"/>
  <move id="175" source="E4" target="E5"/>
  <move id="176" source="E:" target="E9"/>
  <move id="177" source="E5" target="E6"/>
  <move id="178" source="E9" target="E8"/>
  <move id="179" source="H3" target="H4"/>
  <move id="180" source="E7" target="D7"/>
  <move id="181" source="H4" target="G4"/>
  <move id="182" source="E8" target="E7"/>
  <move id="183" source="G4" target="F4"/>
  <move id="184" source="F7" target="F8"/>
  <move id="185" source="F4" target="E4"/>
  <move id="186" source="G7" target="F7"/>
  <move id="187" source="D3" target="D2"/>
  <move id="188" source="G8" target="G7"/>
  <move id="189" source="E4" target="E5"/>
  <move id="190" source="E6" target="F6"/>
  <move id="191" source="E5" target="E4"/>
  <move id="192" source="E7" target="E6"/>
  <move id="193" source="E4" target="E3"/>
  <move id="194" source="D7" target="E7"/>
  <move id="195" source="I3" target="H3"/>
  <move id="196" source="D8" target="D7"/>
  <move id="197" source="H3" target="H4"/>
  <move id="198" source="G9" target="G8"/>
  <move id="199" source="E3" target="E4"/>
  <move id="200" source="E7" target="E8"/>
  <move id="201" source="E4" target="F4"/>
  <move id="202" source="D7" target="E7"/>
  <move id="203" source="F4" target="G4"/>
  <move id="204" source="E6" target="E1"/>
  <move id="205" source="F5" target="E5"/>
  <move id="206" source="G7" target="H7"/>
  <move id="207" source="G4" target="F4"/>
  <move id="208" source="E7" target="D7"/>
  <move id="209" source="F4" target="F5"/>
  <move id="210" source="H7" target="G7"/>
  <move id="211" source="F5" target="F6"/>
  <move id="212" source="F7" target="F6"/>
  <move id="213" source="H4" target="G4"/>
  <move id="214" source="E8" target="E7"/>
  <move id="215" source="G4" target="F4"/>
  <move id="216" source="E7" target="E6"/>
  <move id="217" source="E5" target="E4"/>
  <move id="218" source="G7" target="F7"/>
  <move id="219" source="F4" target="F6"/>
  <move id="220" source="F6" target="F5"/>
  <move id="221" source="B3" target="B4"/>
  <move id="222" source="D7" target="E7"/>
  <move id="223" source="B4" target="B5"/>
  <move id="224" source="B6" target="B7"/>
  <move id="225" source="B5" target="B6"/>
  <move id="226" source="B7" target="C7"/>
  <move id="227" source="B6" target="B7"/>
  <move id="228" source="E6" target="F6"/>
  <move id="229" source="B7" target="C7"/>
  <move id="230" source="F5" target="E5"/>
  <move id="231" source="E4" target="E5"/>
  <move id="232" source="F6" target="E6"/>
  <move id="233" source="C3" target="D3"/>
  <move id="234" source="F7" target="F6"/>
  <move id="235" source="D3" target="E3"/>
  <move id="236" source="F6" target="F5"/>
  <move id="237" source="E3" target="E4"/>
  <move id="238" source="H8" target="H7"/>
  <move id="239" source="C7" target="D7"/>
  <move id="240" source="E6" target="F6"/>
  <move id="241" source="D7" target="E7"/>
  <move id="242" source="H9" target="H8"/>
  <move id="243" source="E7" target="E6"/>
  <move id="244" source="F6" target="F7"/>
  <move id="245" source="E6" target="F6"/>
  <move id="246" source="F5" target="F4"/>
  <move id="247" source="E4" target="F4"/>
  <move id="248" source="I6" target="I5"/>
  <move id="249" source="F6" target="F7"/>
  <move id="250" source="I5" target="K5"/>
  <move id="251" source="F7" target="E7"/>
  <move id="252" source="G:" target="G9"/>
  <move id="253" source="E7" target="E8"/>
  <move id="254" source="F8" target="F7"/>
  <move id="255" source="E8" target="F8"/>
  <move id="256" source="F7" target="F6"/>
  <move id="257" source="F8" target="F9"/>
  <move id="258" source="F6" target="E6"/>
  <move id="259" source="F9" target="G9"/>
  <move id="260" source="E6" target="E5"/>
  <move id="261" source="G9" target="F9"/>
  <player id="1">Player 1</player>
  <player id="2">Player 2</player>
  <result type="3" winner="1"/>
 </game>
</stratego>