<?xml version="1.0" encoding="UTF-8"?>
<stratego>
 <game type="classic">
  
  <field content="MHEGHEBGEBIJEBDEJCIBGDLDFBDKDGBFIHDFDHFDAA__AA__AAAA__AA__AASTPRNSTURSPPUQTPPVTRPVXOWNRNQPNQUYNQPSNQ"/>
  <move id="1" source="I4" target="I5"/>
  <move id="2" source="F7" target="F6"/>
  <move id="3" source="K4" target="K5"/>
  <move id="4" source="G7" target="F7"/>
  <move id="5" source="I3" target="I4"/>
  <move id="6" source="F6" target="E6"/>
  <move id="7" source="I4" target="K4"/>
  <move id="8" source="I7" target="I6"/>
  <move id="9" source="H4" target="I4"/>
  <move id="10" source="I6" target="I5"/>
  <move id="11" source="K5" target="I5"/>
  <move id="12" source="K7" target="I7"/>
  <move id="13" source="K4" target="K5"/>
  <move id="14" source="K8" target="K7"/>
  <move id="15" source="I5" target="I6"/>
  <move id="16" source="I7" target="I6"/>
  <move id="17" source="I4" target="I5"/>
  <move id="18" source="I6" target="I7"/>
  <move id="19" source="H3" target="H4"/>
  <move id="20" source="K7" target="K6"/>
  <move id="21" source="H4" target="I4"/>
  <move id="22" source="K6" target="I6"/>
  <move id="23" source="I5" target="I6"/>
  <move id="24" source="I7" target="K7"/>
  <move id="25" source="I6" target="K6"/>
  <move id="26" source="K7" target="I7"/>
  <move id="27" source="K6" target="K7"/>
  <move id="28" source="I7" target="I6"/>
  <move id="29" source="I4" target="I5"/>
  <move id="30" source="I8" target="K8"/>
  <move id="31" source="K7" target="K6"/>
  <move id="32" source="I6" target="I7"/>
  <move id="33" source="I5" target="I6"/>
  <move id="34" source="I7" target="I8"/>
  <move id="35" source="I6" target="I7"/>
  <move id="36" source="G8" target="G7"/>
  <move id="37" source="I7" target="I8"/>
  <move id="38" source="K8" target="K7"/>
  <move id="39" source="K6" target="I6"/>
  <move id="40" source="K7" target="K6"/>
  <move id="41" source="I6" target="I5"/>
  <move id="42" source="K6" target="K5"/>
  <move id="43" source="I5" target="I6"/>
  <move id="44" source="F7" target="F6"/>
  <move id="45" source="I2" target="I3"/>
  <move id="46" source="E6" target="E5"/>
  <move id="47" source="I3" target="I4"/>
  <move id="48" source="E5" target="E4"/>
  <move id="49" source="D4" target="E4"/>
  <move id="50" source="F6" target="E6"/>
  <move id="51" source="E4" target="D4"/>
  <move id="52" source="E6" target="E5"/>
  <move id="53" source="E3" target="E4"/>
  <move id="54" source="E5" target="F5"/>
  <move id="55" source="D3" target="E3"/>
  <move id="56" source="F8" target="F7"/>
  <move id="57" source="I8" target="I7"/>
  <move id="58" source="F7" target="F6"/>
  <move id="59" source="I7" target="K7"/>
  <move id="60" source="F6" target="E6"/>
  <move id="61" source="K7" target="K6"/>
  <move id="62" source="K5" target="I5"/>
  <move id="63" source="I4" target="I5"/>
  <move id="64" source="F5" target="F6"/>
  <move id="65" source="I5" target="I4"/>
  <move id="66" source="F6" target="F7"/>
  <move id="67" source="I4" target="I3"/>
  <move id="68" source="E6" target="F6"/>
  <move id="69" source="I3" target="I2"/>
  <move id="70" source="F6" target="F4"/>
  <move id="71" source="I6" target="I5"/>
  <move id="72" source="A7" target="A6"/>
  <move id="73" source="I5" target="I4"/>
  <move id="74" source="A6" target="B6"/>
  <move id="75" source="I4" target="I3"/>
  <move id="76" source="A8" target="A4"/>
  <move id="77" source="G4" target="H4"/>
  <move id="78" source="B8" target="A8"/>
  <move id="79" source="H4" target="I4"/>
  <move id="80" source="C8" target="B8"/>
  <move id="81" source="I4" target="I7"/>
  <move id="82" source="F7" target="F6"/>
  <move id="83" source="I7" target="H7"/>
  <move id="84" source="G7" target="G8"/>
  <move id="85" source="G3" target="G4"/>
  <move id="86" source="H7" target="G7"/>
  <move id="87" source="G4" target="H4"/>
  <move id="88" source="G7" target="F7"/>
  <move id="89" source="H4" target="I4"/>
  <move id="90" source="F7" target="F8"/>
  <move id="91" source="I4" target="I9"/>
  <move id="92" source="G8" target="G7"/>
  <move id="93" source="K3" target="K4"/>
  <move id="94" source="G7" target="H7"/>
  <move id="95" source="K6" target="I6"/>
  <move id="96" source="F8" target="G8"/>
  <move id="97" source="I6" target="I5"/>
  <move id="98" source="E8" target="F8"/>
  <move id="99" source="K4" target="K5"/>
  <move id="100" source="F8" target="F7"/>
  <move id="101" source="K5" target="K6"/>
  <move id="102" source="F7" target="G7"/>
  <move id="103" source="K6" target="K7"/>
  <move id="104" source="D8" target="C8"/>
  <move id="105" source="K7" target="K8"/>
  <move id="106" source="D7" target="D8"/>
  <move id="107" source="K8" target="I8"/>
  <move id="108" source="D8" target="E8"/>
  <move id="109" source="I8" target="I9"/>
  <move id="110" source="E8" target="F8"/>
  <move id="111" source="I9" target="I8"/>
  <move id="112" source="F8" target="F7"/>
  <move id="113" source="I8" target="I7"/>
  <move id="114" source="C7" target="D7"/>
  <move id="115" source="I7" target="H7"/>
  <move id="116" source="G7" target="H7"/>
  <move id="117" source="I5" target="I4"/>
  <move id="118" source="F7" target="F8"/>
  <move id="119" source="I4" target="H4"/>
  <move id="120" source="F6" target="F7"/>
  <move id="121" source="H4" target="G4"/>
  <move id="122" source="C8" target="C7"/>
  <move id="123" source="G2" target="G3"/>
  <move id="124" source="B8" target="C8"/>
  <move id="125" source="H2" target="H3"/>
  <move id="126" source="B7" target="B8"/>
  <move id="127" source="F2" target="G2"/>
  <move id="128" source="C7" target="B7"/>
  <move id="129" source="G2" target="H2"/>
  <move id="130" source="C8" target="C7"/>
  <move id="131" source="G3" target="G2"/>
  <move id="132" source="D7" target="D8"/>
  <move id="133" source="H3" target="G3"/>
  <move id="134" source="C7" target="D7"/>
  <move id="135" source="H2" target="H3"/>
  <move id="136" source="B7" target="A7"/>
  <move id="137" source="H3" target="H4"/>
  <move id="138" source="B6" target="B5"/>
  <move id="139" source="H4" target="I4"/>
  <move id="140" source="A7" target="A6"/>
  <move id="141" source="I4" target="K4"/>
  <move id="142" source="A6" target="A5"/>
  <move id="143" source="K4" target="K5"/>
  <move id="144" source="A5" target="A4"/>
  <move id="145" source="B4" target="A4"/>
  <move id="146" source="B5" target="B6"/>
  <move id="147" source="K5" target="K6"/>
  <move id="148" source="K9" target="K6"/>
  <move id="149" source="K6" target="K7"/>
  <move id="150" source="H7" target="I7"/>
  <move id="151" source="K7" target="K8"/>
  <move id="152" source="I7" target="I8"/>
  <move id="153" source="K8" target="K9"/>
  <move id="154" source="K:" target="K9"/>
  <move id="155" source="I3" target="I4"/>
  <move id="156" source="I8" target="I7"/>
  <move id="157" source="I4" target="I5"/>
  <move id="158" source="G8" target="G7"/>
  <move id="159" source="I5" target="I6"/>
  <move id="160" source="F8" target="G8"/>
  <move id="161" source="I6" target="I7"/>
  <move id="162" source="F7" target="F8"/>
  <move id="163" source="B3" target="B4"/>
  <move id="164" source="D8" target="E8"/>
  <move id="165" source="G3" target="H3"/>
  <move id="166" source="B8" target="C8"/>
  <move id="167" source="H3" target="G3"/>
  <move id="168" source="C8" target="D8"/>
  <move id="169" source="H1" target="H2"/>
  <move id="170" source="F8" target="F7"/>
  <move id="171" source="H2" target="H3"/>
  <move id="172" source="E8" target="F8"/>
  <move id="173" source="H3" target="H4"/>
  <move id="174" source="G7" target="H7"/>
  <move id="175" source="G3" target="H3"/>
  <move id="176" source="F7" target="G7"/>
  <move id="177" source="H3" target="H2"/>
  <move id="178" source="F8" target="F7"/>
  <move id="179" source="G4" target="G3"/>
  <move id="180" source="G8" target="F8"/>
  <move id="181" source="G3" target="H3"/>
  <move id="182" source="F8" target="E8"/>
  <move id="183" source="H4" target="I4"/>
  <move id="184" source="G7" target="G8"/>
  <move id="185" source="B4" target="B6"/>
  <move id="186" source="F7" target="F6"/>
  <move id="187" source="C4" target="B4"/>
  <move id="188" source="H7" target="G7"/>
  <move id="189" source="B4" target="B5"/>
  <move id="190" source="B6" target="A6"/>
  <move id="191" source="B5" target="B6"/>
  <move id="192" source="A6" target="A5"/>
  <move id="193" source="A4" target="B4"/>
  <move id="194" source="G7" target="F7"/>
  <move id="195" source="B4" target="C4"/>
  <move id="196" source="G8" target="G7"/>
  <move id="197" source="A3" target="B3"/>
  <move id="198" source="F7" target="F8"/>
  <move id="199" source="A2" target="A3"/>
  <move id="200" source="A8" target="B8"/>
  <move id="201" source="A3" target="A4"/>
  <move id="202" source="B8" target="B7"/>
  <move id="203" source="B6" target="A6"/>
  <move id="204" source="A5" target="B5"/>
  <move id="205" source="A4" target="A3"/>
  <move id="206" source="A9" target="A6"/>
  <move id="207" source="B2" target="A2"/>
  <move id="208" source="G7" target="G8"/>
  <move id="209" source="B3" target="B2"/>
  <move id="210" source="F6" target="F7"/>
  <move id="211" source="A6" target="A5"/>
  <move id="212" source="B5" target="B6"/>
  <move id="213" source="C3" target="B3"/>
  <move id="214" source="B7" target="A7"/>
  <move id="215" source="B3" target="B4"/>
  <move id="216" source="B6" target="B7"/>
  <move id="217" source="B4" target="B5"/>
  <move id="218" source="B7" target="C7"/>
  <move id="219" source="B5" target="B6"/>
  <move id="220" source="C7" target="C8"/>
  <move id="221" source="B6" target="A6"/>
  <move id="222" source="A7" target="B7"/>
  <move id="223" source="A6" target="B6"/>
  <move id="224" source="B7" target="C7"/>
  <move id="225" source="A5" target="A4"/>
  <move id="226" source="C8" target="B8"/>
  <move id="227" source="A4" target="B4"/>
  <move id="228" source="B8" target="B7"/>
  <move id="229" source="B6" target="B7"/>
  <move id="230" source="C7" target="C8"/>
  <move id="231" source="B4" target="B3"/>
  <move id="232" source="F7" target="G7"/>
  <move id="233" source="C4" target="B4"/>
  <move id="234" source="F8" target="F7"/>
  <move id="235" source="B4" target="B5"/>
  <move id="236" source="E8" target="F8"/>
  <move id="237" source="B5" target="B6"/>
  <move id="238" source="E9" target="E8"/>
  <move id="239" source="B7" target="A7"/>
  <move id="240" source="C8" target="B8"/>
  <move id="241" source="B6" target="B7"/>
  <move id="242" source="B8" target="B7"/>
  <move id="243" source="B7" target="C7"/>
  <move id="244" source="D7" target="C7"/>
  <move id="245" source="A7" target="B7"/>
  <move id="246" source="D8" target="C8"/>
  <move id="247" source="E4" target="E5"/>
  <move id="248" source="C7" target="D7"/>
  <move id="249" source="E5" target="E6"/>
  <move id="250" source="E8" target="E9"/>
  <move id="251" source="E6" target="E7"/>
  <move id="252" source="D7" target="D8"/>
  <move id="253" source="C2" target="C3"/>
  <move id="254" source="D8" target="E8"/>
  <move id="255" source="C3" target="C4"/>
  <move id="256" source="G7" target="H7"/>
  <move id="257" source="C4" target="B4"/>
  <move id="258" source="H7" target="I7"/>
  <move id="259" source="B4" target="A4"/>
  <move id="260" source="F7" target="G7"/>
  <move id="261" source="A4" target="A5"/>
  <move id="262" source="F8" target="F7"/>
  <move id="263" source="A5" target="A6"/>
  <move id="264" source="F7" target="F6"/>
  <move id="265" source="A6" target="A7"/>
  <move id="266" source="F6" target="F5"/>
  <move id="267" source="A7" target="A8"/>
  <move id="268" source="F5" target="F4"/>
  <move id="269" source="A8" target="B8"/>
  <move id="270" source="C8" target="D8"/>
  <move id="271" source="B8" target="C8"/>
  <move id="272" source="D8" target="D7"/>
  <move id="273" source="C8" target="C7"/>
  <move id="274" source="D7" target="D8"/>
  <move id="275" source="C7" target="C8"/>
  <move id="276" source="C9" target="C8"/>
  <move id="277" source="H3" target="H4"/>
  <move id="278" source="D8" target="D7"/>
  <move id="279" source="H4" target="G4"/>
  <move id="280" source="E8" target="F8"/>
  <move id="281" source="G4" target="F4"/>
  <move id="282" source="G7" target="H7"/>
  <move id="283" source="F4" target="F5"/>
  <move id="284" source="C8" target="D8"/>
  <move id="285" source="F5" target="F6"/>
  <move id="286" source="D8" target="E8"/>
  <move id="287" source="F6" target="F7"/>
  <move id="288" source="I7" target="I4"/>
  <move id="289" source="F7" target="G7"/>
  <move id="290" source="H7" target="I7"/>
  <move id="291" source="G7" target="H7"/>
  <move id="292" source="I7" target="I6"/>
  <move id="293" source="H7" target="I7"/>
  <move id="294" source="I6" target="I5"/>
  <move id="295" source="I4" target="I3"/>
  <move id="296" source="I5" target="I4"/>
  <move id="297" source="I7" target="I6"/>
  <move id="298" source="G8" target="G7"/>
  <move id="299" source="I6" target="I5"/>
  <move id="300" source="I4" target="K4"/>
  <move id="301" source="I5" target="I4"/>
  <move id="302" source="K4" target="K5"/>
  <move id="303" source="E3" target="E4"/>
  <move id="304" source="F8" target="G8"/>
  <move id="305" source="E4" target="F4"/>
  <move id="306" source="E8" target="F8"/>
  <move id="307" source="I3" target="K3"/>
  <move id="308" source="F8" target="F7"/>
  <move id="309" source="B7" target="B6"/>
  <move id="310" source="G8" target="F8"/>
  <move id="311" source="B6" target="B5"/>
  <move id="312" source="D7" target="C7"/>
  <move id="313" source="C1" target="C2"/>
  <move id="314" source="G7" target="G8"/>
  <move id="315" source="E2" target="E3"/>
  <move id="316" source="F8" target="E8"/>
  <move id="317" source="E3" target="D3"/>
  <move id="318" source="E8" target="D8"/>
  <move id="319" source="D3" target="C3"/>
  <move id="320" source="D8" target="D7"/>
  <move id="321" source="C3" target="C4"/>
  <move id="322" source="C7" target="C8"/>
  <move id="323" source="C4" target="B4"/>
  <move id="324" source="C8" target="D8"/>
  <move id="325" source="B4" target="A4"/>
  <move id="326" source="D8" target="E8"/>
  <move id="327" source="A4" target="A5"/>
  <move id="328" source="D7" target="D8"/>
  <move id="329" source="A5" target="A6"/>
  <move id="330" source="E8" target="F8"/>
  <move id="331" source="A6" target="A7"/>
  <move id="332" source="F8" target="E8"/>
  <move id="333" source="C2" target="C3"/>
  <move id="334" source="G8" target="G7"/>
  <move id="335" source="C3" target="C4"/>
  <move id="336" source="F7" target="F8"/>
  <move id="337" source="C4" target="B4"/>
  <move id="338" source="F8" target="G8"/>
  <move id="339" source="B4" target="A4"/>
  <move id="340" source="G7" target="F7"/>
  <move id="341" source="A4" target="A5"/>
  <move id="342" source="F7" target="F8"/>
  <move id="343" source="A5" target="A6"/>
  <move id="344" source="G8" target="G7"/>
  <move id="345" source="A6" target="B6"/>
  <move id="346" source="G7" target="F7"/>
  <move id="347" source="B6" target="B7"/>
  <move id="348" source="F8" target="G8"/>
  <move id="349" source="B7" target="B8"/>
  <move id="350" source="B9" target="B8"/>
  <move id="351" source="B5" target="B6"/>
  <move id="352" source="D8" target="C8"/>
  <move id="353" source="B6" target="B7"/>
  <move id="354" source="B8" target="B9"/>
  <move id="355" source="A7" target="A8"/>
  <move id="356" source="E8" target="D8"/>
  <move id="357" source="A8" target="C8"/>
  <move id="358" source="D8" target="D7"/>
  <move id="359" source="B7" target="B8"/>
  <move id="360" source="B9" target="A9"/>
  <move id="361" source="B8" target="C8"/>
  <move id="362" source="A9" target="A8"/>
  <move id="363" source="C8" target="B8"/>
  <move id="364" source="A8" target="A9"/>
  <move id="365" source="F4" target="E4"/>
  <move id="366" source="D7" target="C7"/>
  <move id="367" source="E4" target="E3"/>
  <move id="368" source="D9" target="D8"/>
  <move id="369" source="E3" target="D3"/>
  <move id="370" source="C7" target="C8"/>
  <move id="371" source="B8" target="A8"/>
  <move id="372" source="A9" target="B9"/>
  <move id="373" source="D3" target="C3"/>
  <move id="374" source="B9" target="C9"/>
  <move id="375" source="C3" target="C4"/>
  <move id="376" source="C9" target="D9"/>
  <move id="377" source="A8" target="A7"/>
  <move id="378" source="D8" target="E8"/>
  <move id="379" source="A7" target="B7"/>
  <move id="380" source="E8" target="F8"/>
  <move id="381" source="C4" target="B4"/>
  <move id="382" source="G8" target="G7"/>
  <move id="383" source="B4" target="A4"/>
  <move id="384" source="F8" target="G8"/>
  <move id="385" source="A4" target="A5"/>
  <move id="386" source="F7" target="F8"/>
  <move id="387" source="A5" target="A6"/>
  <move id="388" source="F8" target="E8"/>
  <move id="389" source="A6" target="A7"/>
  <move id="390" source="E8" target="D8"/>
  <move id="391" source="A7" target="A8"/>
  <move id="392" source="E9" target="E8"/>
  <move id="393" source="A3" target="A4"/>
  <move id="394" source="E8" target="F8"/>
  <move id="395" source="B7" target="A7"/>
  <move id="396" source="F8" target="F7"/>
  <move id="397" source="A7" target="A6"/>
  <move id="398" source="F7" target="F6"/>
  <move id="399" source="A6" target="B6"/>
  <move id="400" source="F6" target="E6"/>
  <move id="401" source="B6" target="B5"/>
  <move id="402" source="E6" target="E5"/>
  <move id="403" source="B5" target="B4"/>
  <move id="404" source="E5" target="E4"/>
  <move id="405" source="B4" target="C4"/>
  <move id="406" source="E4" target="F4"/>
  <move id="407" source="I4" target="H4"/>
  <move id="408" source="F4" target="F5"/>
  <move id="409" source="D4" target="D3"/>
  <move id="410" source="F5" target="F6"/>
  <move id="411" source="C4" target="D4"/>
  <move id="412" source="F6" target="F7"/>
  <move id="413" source="D4" target="E4"/>
  <move id="414" source="F7" target="F8"/>
  <move id="415" source="E4" target="E5"/>
  <move id="416" source="F8" target="E8"/>
  <move id="417" source="E5" target="E6"/>
  <move id="418" source="G7" target="F7"/>
  <move id="419" source="E6" target="F6"/>
  <move id="420" source="E8" target="E9"/>
  <move id="421" source="F6" target="F7"/>
  <move id="422" source="C8" target="C7"/>
  <move id="423" source="A8" target="D8"/>
  <move id="424" source="C7" target="D7"/>
  <move id="425" source="F7" target="F6"/>
  <move id="426" source="D7" target="C7"/>
  <move id="427" source="F6" target="E6"/>
  <move id="428" source="C7" target="D7"/>
  <move id="429" source="E6" target="E5"/>
  <move id="430" source="D8" target="C8"/>
  <move id="431" source="E5" target="E4"/>
  <move id="432" source="D7" target="D8"/>
  <move id="433" source="E4" target="D4"/>
  <move id="434" source="D8" target="D7"/>
  <move id="435" source="D4" target="C4"/>
  <move id="436" source="D7" target="C7"/>
  <move id="437" source="F1" target="F2"/>
  <move id="438" source="E9" target="E8"/>
  <move id="439" source="F2" target="E2"/>
  <move id="440" source="E8" target="D8"/>
  <move id="441" source="E2" target="E3"/>
  <move id="442" source="D8" target="D7"/>
  <move id="443" source="E3" target="E4"/>
  <move id="444" source="C8" target="D8"/>
  <move id="445" source="E4" target="E5"/>
  <move id="446" source="D8" target="E8"/>
  <move id="447" source="E5" target="E6"/>
  <move id="448" source="E8" target="F8"/>
  <move id="449" source="E6" target="E7"/>
  <move id="450" source="D7" target="D8"/>
  <move id="451" source="E7" target="D7"/>
  <move id="452" source="C7" target="D7"/>
  <move id="453" source="A4" target="A5"/>
  <move id="454" source="D8" target="C8"/>
  <move id="455" source="A5" target="A6"/>
  <move id="456" source="D7" target="E7"/>
  <move id="457" source="A6" target="A7"/>
  <move id="458" source="C8" target="B8"/>
  <move id="459" source="A7" target="B7"/>
  <move id="460" source="B8" target="C8"/>
  <move id="461" source="B7" target="C7"/>
  <move id="462" source="C8" target="D8"/>
  <move id="463" source="C7" target="D7"/>
  <move id="464" source="E7" target="F7"/>
  <move id="465" source="D7" target="D8"/>
  <move id="466" source="F7" target="E7"/>
  <move id="467" source="G2" target="G3"/>
  <move id="468" source="E7" target="E8"/>
  <move id="469" source="G3" target="H3"/>
  <move id="470" source="F8" target="F7"/>
  <move id="471" source="H3" target="I3"/>
  <move id="472" source="K5" target="K6"/>
  <move id="473" source="I3" target="I4"/>
  <move id="474" source="K6" target="K7"/>
  <move id="475" source="D3" target="C3"/>
  <move id="476" source="E8" target="E7"/>
  <move id="477" source="C3" target="C2"/>
  <move id="478" source="G8" target="F8"/>
  <move id="479" source="C4" target="D4"/>
  <move id="480" source="K7" target="I7"/>
  <move id="481" source="H2" target="G2"/>
  <move id="482" source="I7" target="H7"/>
  <move id="483" source="H4" target="G4"/>
  <move id="484" source="H7" target="G7"/>
  <move id="485" source="I4" target="I3"/>
  <move id="486" source="G7" target="G8"/>
  <move id="487" source="I3" target="H3"/>
  <move id="488" source="D8" target="D7"/>
  <move id="489" source="H3" target="H2"/>
  <move id="490" source="E7" target="E8"/>
  <move id="491" source="D4" target="E4"/>
  <move id="492" source="E8" target="D8"/>
  <move id="493" source="E4" target="D4"/>
  <move id="494" source="D8" target="C8"/>
  <move id="495" source="D4" target="C4"/>
  <move id="496" source="C8" target="D8"/>
  <move id="497" source="C4" target="B4"/>
  <move id="498" source="D8" target="E8"/>
  <move id="499" source="B4" target="B5"/>
  <move id="500" source="E8" target="E7"/>
  <move id="501" source="G4" target="F4"/>
  <move id="502" source="D7" target="D8"/>
  <move id="503" source="F4" target="E4"/>
  <move id="504" source="D8" target="E8"/>
  <move id="505" source="G2" target="F2"/>
  <move id="506" source="E8" target="E9"/>
  <move id="507" source="B5" target="B6"/>
  <move id="508" source="F7" target="G7"/>
  <move id="509" source="B6" target="B7"/>
  <move id="510" source="E7" target="F7"/>
  <move id="511" source="B7" target="C7"/>
  <move id="512" source="F7" target="F6"/>
  <move id="513" source="C7" target="D7"/>
  <move id="514" source="H8" target="H7"/>
  <move id="515" source="D7" target="E7"/>
  <move id="516" source="G8" target="H8"/>
  <move id="517" source="K3" target="I3"/>
  <move id="518" source="H7" target="I7"/>
  <move id="519" source="I3" target="H3"/>
  <move id="520" source="I7" target="I6"/>
  <move id="521" source="E4" target="F4"/>
  <move id="522" source="I6" target="I7"/>
  <move id="523" source="H3" target="H4"/>
  <move id="524" source="H8" target="I8"/>
  <move id="525" source="H4" target="G4"/>
  <move id="526" source="I7" target="H7"/>
  <move id="527" source="F4" target="E4"/>
  <move id="528" source="H7" target="H8"/>
  <move id="529" source="G4" target="F4"/>
  <move id="530" source="I8" target="I7"/>
  <move id="531" source="E4" target="E5"/>
  <move id="532" source="I7" target="I6"/>
  <move id="533" source="F4" target="F5"/>
  <move id="534" source="I6" target="I5"/>
  <move id="535" source="F5" target="F6"/>
  <move id="536" source="I5" target="I4"/>
  <move id="537" source="E5" target="F5"/>
  <move id="538" source="I4" target="H4"/>
  <move id="539" source="F5" target="F6"/>
  <move id="540" source="H4" target="G4"/>
  <move id="541" source="F6" target="E6"/>
  <move id="542" source="G4" target="F4"/>
  <move id="543" source="E6" target="E5"/>
  <move id="544" source="F4" target="E4"/>
  <move id="545" source="E5" target="F5"/>
  <move id="546" source="E4" target="F4"/>
  <move id="547" source="F5" target="E5"/>
  <move id="548" source="H8" target="H7"/>
  <move id="549" source="F2" target="E2"/>
  <move id="550" source="H7" target="I7"/>
  <move id="551" source="E2" target="E3"/>
  <move id="552" source="I7" target="I6"/>
  <move id="553" source="H2" target="G2"/>
  <move id="554" source="I6" target="I5"/>
  <move id="555" source="G2" target="F2"/>
  <move id="556" source="I5" target="I4"/>
  <move id="557" source="F2" target="E2"/>
  <move id="558" source="I4" target="H4"/>
  <move id="559" source="I1" target="H1"/>
  <move id="560" source="H4" target="H3"/>
  <move id="561" source="H1" target="H2"/>
  <move id="562" source="H3" target="H2"/>
  <move id="563" source="I2" target="I3"/>
  <move id="564" source="H2" target="H3"/>
  <move id="565" source="I3" target="I4"/>
  <move id="566" source="H3" target="H4"/>
  <move id="567" source="I4" target="I5"/>
  <move id="568" source="H4" target="I4"/>
  <move id="569" source="I5" target="K5"/>
  <move id="570" source="I4" target="I5"/>
  <move id="571" source="K5" target="K4"/>
  <move id="572" source="F8" target="G8"/>
  <move id="573" source="E7" target="E6"/>
  <move id="574" source="G8" target="H8"/>
  <move id="575" source="E6" target="F6"/>
  <move id="576" source="H8" target="H7"/>
  <move id="577" source="E1" target="F1"/>
  <move id="578" source="E9" target="E8"/>
  <move id="579" source="K4" target="K3"/>
  <move id="580" source="E8" target="F8"/>
  <move id="581" source="K3" target="I3"/>
  <move id="582" source="I5" target="I4"/>
  <move id="583" source="I3" target="H3"/>
  <move id="584" source="I4" target="H4"/>
  <move id="585" source="H3" target="H2"/>
  <move id="586" source="H4" target="H3"/>
  <move id="587" source="H2" target="I2"/>
  <move id="588" source="F8" target="G8"/>
  <move id="589" source="E2" target="F2"/>
  <move id="590" source="G8" target="H8"/>
  <move id="591" source="F2" target="G2"/>
  <move id="592" source="H8" target="I8"/>
  <move id="593" source="G2" target="H2"/>
  <move id="594" source="H3" target="I3"/>
  <move id="595" source="I2" target="I1"/>
  <move id="596" source="I8" target="I7"/>
  <move id="597" source="H2" target="I2"/>
  <move id="598" source="I3" target="H3"/>
  <move id="599" source="I1" target="H1"/>
  <move id="600" source="I7" target="I6"/>
  <move id="601" source="F6" target="F5"/>
  <move id="602" source="F4" target="E4"/>
  <move id="603" source="E5" target="E4"/>
  <move id="604" source="I6" target="I7"/>
  <move id="605" source="F5" target="F4"/>
  <move id="606" source="I7" target="I8"/>
  <move id="607" source="F4" target="G4"/>
  <move id="608" source="I8" target="H8"/>
  <move id="609" source="G4" target="H4"/>
  <move id="610" source="H3" target="I3"/>
  <move id="611" source="I2" target="H2"/>
  <move id="612" source="H8" target="G8"/>
  <move id="613" source="H4" target="I4"/>
  <move id="614" source="I3" target="H3"/>
  <move id="615" source="H2" target="H3"/>
  <move id="616" source="G8" target="F8"/>
  <move id="617" source="I4" target="H4"/>
  <move id="618" source="F8" target="G8"/>
  <move id="619" source="H1" target="H2"/>
  <move id="620" source="G8" target="H8"/>
  <move id="621" source="H2" target="G2"/>
  <move id="622" source="H7" target="I7"/>
  <move id="623" source="C2" target="C3"/>
  <move id="624" source="I7" target="I6"/>
  <move id="625" source="C3" target="C4"/>
  <move id="626" source="I6" target="K6"/>
  <move id="627" source="H4" target="I4"/>
  <move id="628" source="K6" target="K7"/>
  <move id="629" source="C4" target="B4"/>
  <move id="630" source="G7" target="F7"/>
  <move id="631" source="B4" target="B5"/>
  <move id="632" source="F7" target="E7"/>
  <move id="633" source="B5" target="B6"/>
  <move id="634" source="E7" target="D7"/>
  <move id="635" source="B6" target="B7"/>
  <move id="636" source="D7" target="D8"/>
  <move id="637" source="B2" target="C2"/>
  <move id="638" source="H8" target="H7"/>
  <move id="639" source="C2" target="C3"/>
  <move id="640" source="H7" target="G7"/>
  <move id="641" source="C3" target="C4"/>
  <move id="642" source="G7" target="F7"/>
  <move id="643" source="I4" target="H4"/>
  <move id="644" source="F7" target="E7"/>
  <move id="645" source="H4" target="G4"/>
  <move id="646" source="E7" target="D7"/>
  <move id="647" source="G4" target="F4"/>
  <move id="648" source="D7" target="C7"/>
  <move id="649" source="B7" target="B8"/>
  <move id="650" source="C7" target="C8"/>
  <move id="651" source="B8" target="B9"/>
  <move id="652" source="K7" target="I7"/>
  <move id="653" source="F4" target="F5"/>
  <move id="654" source="I7" target="H7"/>
  <move id="655" source="F5" target="F6"/>
  <move id="656" source="H7" target="G7"/>
  <move id="657" source="F6" target="E6"/>
  <move id="658" source="D8" target="E8"/>
  <move id="659" source="C4" target="B4"/>
  <move id="660" source="C8" target="B8"/>
  <move id="661" source="B9" target="C9"/>
  <move id="662" source="D9" target="C9"/>
  <move id="663" source="B3" target="B2"/>
  <move id="664" source="C9" target="D9"/>
  <move id="665" source="E6" target="E5"/>
  <move id="666" source="G7" target="H7"/>
  <move id="667" source="E4" target="D4"/>
  <move id="668" source="H7" target="I7"/>
  <move id="669" source="E5" target="E4"/>
  <move id="670" source="E8" target="E7"/>
  <move id="671" source="D4" target="D3"/>
  <move id="672" source="E7" target="D7"/>
  <move id="673" source="E4" target="D4"/>
  <move id="674" source="D7" target="C7"/>
  <move id="675" source="D4" target="C4"/>
  <move id="676" source="B8" target="C8"/>
  <move id="677" source="B4" target="B3"/>
  <move id="678" source="C8" target="D8"/>
  <move id="679" source="B3" target="C3"/>
  <move id="680" source="D8" target="E8"/>
  <move id="681" source="C4" target="D4"/>
  <move id="682" source="I7" target="I6"/>
  <move id="683" source="G2" target="G3"/>
  <move id="684" source="I6" target="I5"/>
  <move id="685" source="G3" target="H3"/>
  <move id="686" source="I5" target="I6"/>
  <move id="687" source="H3" target="H4"/>
  <move id="688" source="I6" target="I7"/>
  <move id="689" source="D4" target="C4"/>
  <move id="690" source="I7" target="H7"/>
  <move id="691" source="D3" target="D4"/>
  <move id="692" source="H7" target="G7"/>
  <move id="693" source="D4" target="E4"/>
  <move id="694" source="E8" target="F8"/>
  <move id="695" source="C3" target="B3"/>
  <move id="696" source="F8" target="G8"/>
  <move id="697" source="B3" target="B4"/>
  <move id="698" source="G8" target="H8"/>
  <move id="699" source="B4" target="B5"/>
  <move id="700" source="H8" target="H7"/>
  <move id="701" source="B5" target="B6"/>
  <move id="702" source="H7" target="I7"/>
  <move id="703" source="H4" target="G4"/>
  <move id="704" source="I7" target="K7"/>
  <move id="705" source="G4" target="F4"/>
  <move id="706" source="K7" target="K6"/>
  <move id="707" source="F4" target="F5"/>
  <move id="708" source="K6" target="I6"/>
  <move id="709" source="E3" target="E2"/>
  <move id="710" source="I6" target="I7"/>
  <move id="711" source="E4" target="E3"/>
  <move id="712" source="I7" target="H7"/>
  <move id="713" source="B6" target="B7"/>
  <move id="714" source="C7" target="B7"/>
  <move id="715" source="C4" target="B4"/>
  <move id="716" source="B7" target="C7"/>
  <move id="717" source="B4" target="B5"/>
  <move id="718" source="C7" target="D7"/>
  <move id="719" source="B5" target="B6"/>
  <move id="720" source="D9" target="E9"/>
  <move id="721" source="B6" target="B7"/>
  <move id="722" source="E9" target="E8"/>
  <move id="723" source="B7" target="C7"/>
  <move id="724" source="D7" target="C7"/>
  <move id="725" source="E3" target="E4"/>
  <move id="726" source="E8" target="F8"/>
  <move id="727" source="F5" target="F4"/>
  <move id="728" source="F8" target="G8"/>
  <move id="729" source="F4" target="G4"/>
  <move id="730" source="G7" target="F7"/>
  <move id="731" source="G4" target="G3"/>
  <move id="732" source="F7" target="F6"/>
  <move id="733" source="G3" target="G2"/>
  <move id="734" source="F6" target="F5"/>
  <move id="735" source="G2" target="F2"/>
  <move id="736" source="F5" target="E5"/>
  <move id="737" source="E4" target="E5"/>
  <move id="738" source="G8" target="H8"/>
  <move id="739" source="E2" target="E3"/>
  <move id="740" source="H8" target="I8"/>
  <move id="741" source="E5" target="E4"/>
  <move id="742" source="I8" target="I7"/>
  <move id="743" source="E4" target="F4"/>
  <move id="744" source="I7" target="I8"/>
  <move id="745" source="E3" target="E4"/>
  <move id="746" source="I8" target="H8"/>
  <move id="747" source="E4" target="E5"/>
  <move id="748" source="H7" target="G7"/>
  <move id="749" source="E5" target="E6"/>
  <move id="750" source="G7" target="F7"/>
  <move id="751" source="E6" target="E7"/>
  <move id="752" source="F7" target="E7"/>
  <move id="753" source="F4" target="E4"/>
  <move id="754" source="E7" target="F7"/>
  <move id="755" source="E4" target="E5"/>
  <move id="756" source="H8" target="I8"/>
  <move id="757" source="A2" target="A3"/>
  <move id="758" source="I8" target="I7"/>
  <move id="759" source="A3" target="A4"/>
  <move id="760" source="I7" target="I6"/>
  <move id="761" source="E5" target="E4"/>
  <move id="762" source="F7" target="F6"/>
  <move id="763" source="E4" target="F4"/>
  <move id="764" source="F6" target="E6"/>
  <move id="765" source="A4" target="B4"/>
  <move id="766" source="E6" target="E5"/>
  <move id="767" source="B4" target="C4"/>
  <move id="768" source="I6" target="I7"/>
  <move id="769" source="C4" target="D4"/>
  <move id="770" source="I7" target="H7"/>
  <move id="771" source="F4" target="E4"/>
  <move id="772" source="E5" target="F5"/>
  <move id="773" source="B2" target="A2"/>
  <move id="774" source="F5" target="F6"/>
  <move id="775" source="E4" target="E5"/>
  <move id="776" source="H7" target="I7"/>
  <move id="777" source="E5" target="F5"/>
  <move id="778" source="F6" target="E6"/>
  <move id="779" source="F2" target="E2"/>
  <move id="780" source="I7" target="H7"/>
  <move id="781" source="E2" target="E3"/>
  <move id="782" source="H7" target="G7"/>
  <move id="783" source="E3" target="D3"/>
  <move id="784" source="G7" target="G8"/>
  <move id="785" source="F5" target="E5"/>
  <move id="786" source="E6" target="E7"/>
  <move id="787" source="E5" target="E6"/>
  <move id="788" source="E7" target="D7"/>
  <move id="789" source="E6" target="E5"/>
  <move id="790" source="G8" target="G7"/>
  <move id="791" source="E5" target="E4"/>
  <move id="792" source="G7" target="H7"/>
  <move id="793" source="D3" target="C3"/>
  <move id="794" source="H7" target="G7"/>
  <move id="795" source="C3" target="C2"/>
  <move id="796" source="G7" target="F7"/>
  <move id="797" source="D4" target="D3"/>
  <move id="798" source="F7" target="G7"/>
  <move id="799" source="E4" target="E5"/>
  <move id="800" source="G7" target="H7"/>
  <move id="801" source="E5" target="E6"/>
  <move id="802" source="D7" target="C7"/>
  <move id="803" source="E6" target="E5"/>
  <move id="804" source="H7" target="I7"/>
  <move id="805" source="E5" target="E4"/>
  <move id="806" source="I7" target="H7"/>
  <move id="807" source="E4" target="D4"/>
  <move id="808" source="H7" target="I7"/>
  <move id="809" source="D4" target="C4"/>
  <move id="810" source="I7" target="I6"/>
  <move id="811" source="D3" target="E3"/>
  <move id="812" source="C7" target="D7"/>
  <move id="813" source="C2" target="B2"/>
  <move id="814" source="D7" target="E7"/>
  <move id="815" source="D1" target="C1"/>
  <move id="816" source="E7" target="F7"/>
  <move id="817" source="C1" target="C2"/>
  <move id="818" source="F7" target="F6"/>
  <move id="819" source="C4" target="D4"/>
  <move id="820" source="F6" target="E6"/>
  <move id="821" source="C2" target="C3"/>
  <move id="822" source="E6" target="E7"/>
  <move id="823" source="C3" target="B3"/>
  <move id="824" source="E7" target="D7"/>
  <move id="825" source="B3" target="A3"/>
  <move id="826" source="D7" target="C7"/>
  <move id="827" source="D4" target="C4"/>
  <move id="828" source="C7" target="D7"/>
  <move id="829" source="A3" target="A4"/>
  <move id="830" source="D7" target="C7"/>
  <move id="831" source="A4" target="A5"/>
  <move id="832" source="C7" target="B7"/>
  <move id="833" source="C4" target="B4"/>
  <move id="834" source="I6" target="I7"/>
  <move id="835" source="B4" target="B5"/>
  <move id="836" source="I7" target="H7"/>
  <move id="837" source="B5" target="B6"/>
  <move id="838" source="B7" target="A7"/>
  <move id="839" source="B6" target="A6"/>
  <move id="840" source="A7" target="B7"/>
  <move id="841" source="A6" target="B6"/>
  <move id="842" source="B7" target="A7"/>
  <move id="843" source="A5" target="A6"/>
  <move id="844" source="H7" target="G7"/>
  <move id="845" source="A6" target="A5"/>
  <move id="846" source="G7" target="F7"/>
  <move id="847" source="B6" target="A6"/>
  <move id="848" source="A7" target="B7"/>
  <move id="849" source="A6" target="B6"/>
  <move id="850" source="B7" target="A7"/>
  <move id="851" source="A5" target="A4"/>
  <move id="852" source="F7" target="E7"/>
  <move id="853" source="A4" target="B4"/>
  <move id="854" source="E7" target="E6"/>
  <move id="855" source="E3" target="E4"/>
  <move id="856" source="E6" target="F6"/>
  <move id="857" source="B4" target="C4"/>
  <move id="858" source="F6" target="F7"/>
  <move id="859" source="C4" target="C3"/>
  <move id="860" source="F7" target="G7"/>
  <move id="861" source="C3" target="D3"/>
  <move id="862" source="G7" target="H7"/>
  <move id="863" source="E4" target="F4"/>
  <move id="864" source="H7" target="G7"/>
  <move id="865" source="D3" target="E3"/>
  <move id="866" source="G7" target="F7"/>
  <move id="867" source="E3" target="E4"/>
  <move id="868" source="F7" target="E7"/>
  <move id="869" source="E4" target="E3"/>
  <move id="870" source="E7" target="F7"/>
  <move id="871" source="F1" target="F2"/>
  <move id="872" source="F7" target="G7"/>
  <move id="873" source="F2" target="G2"/>
  <move id="874" source="G7" target="H7"/>
  <move id="875" source="E3" target="E4"/>
  <move id="876" source="H7" target="G7"/>
  <move id="877" source="G2" target="H2"/>
  <move id="878" source="G7" target="F7"/>
  <move id="879" source="H2" target="I2"/>
  <move id="880" source="F7" target="E7"/>
  <move id="881" source="I2" target="I3"/>
  <move id="882" source="E7" target="E6"/>
  <move id="883" source="E4" target="E3"/>
  <move id="884" source="E6" target="E5"/>
  <move id="885" source="I3" target="I4"/>
  <move id="886" source="E5" target="E6"/>
  <move id="887" source="I4" target="I5"/>
  <move id="888" source="E6" target="E7"/>
  <move id="889" source="E3" target="E4"/>
  <move id="890" source="E7" target="E6"/>
  <move id="891" source="I5" target="I6"/>
  <move id="892" source="E6" target="E5"/>
  <move id="893" source="E4" target="D4"/>
  <move id="894" source="E5" target="E6"/>
  <move id="895" source="I6" target="I7"/>
  <move id="896" source="E6" target="E7"/>
  <move id="897" source="F4" target="F5"/>
  <move id="898" source="E7" target="F7"/>
  <move id="899" source="F5" target="F6"/>
  <move id="900" source="F7" target="G7"/>
  <move id="901" source="I7" target="I8"/>
  <move id="902" source="G7" target="H7"/>
  <move id="903" source="D4" target="E4"/>
  <move id="904" source="H7" target="I7"/>
  <move id="905" source="I8" target="H8"/>
  <move id="906" source="I7" target="H7"/>
  <move id="907" source="H8" target="G8"/>
  <move id="908" source="H7" target="G7"/>
  <move id="909" source="G8" target="F8"/>
  <move id="910" source="G7" target="G8"/>
  <move id="911" source="F8" target="E8"/>
  <move id="912" source="G8" target="F8"/>
  <move id="913" source="E8" target="E7"/>
  <move id="914" source="F8" target="E8"/>
  <move id="915" source="E7" target="F7"/>
  <move id="916" source="E8" target="F8"/>
  <move id="917" source="F7" target="G7"/>
  <move id="918" source="F8" target="E8"/>
  <move id="919" source="F6" target="F7"/>
  <move id="920" source="E8" target="D8"/>
  <move id="921" source="F7" target="E7"/>
  <move id="922" source="D8" target="C8"/>
  <move id="923" source="E7" target="D7"/>
  <move id="924" source="C8" target="C9"/>
  <move id="925" source="D7" target="D8"/>
  <move id="926" source="C9" target="D9"/>
  <move id="927" source="D8" target="D9"/>
  <move id="928" source="A7" target="A8"/>
  <move id="929" source="B6" target="B7"/>
  <move id="930" source="A8" target="B8"/>
  <move id="931" source="B7" target="B8"/>
  <move id="932" source="C:" target="C9"/>
  <move id="933" source="B2" target="B3"/>
  <move id="934" source="C9" target="C8"/>
  <move id="935" source="B3" target="B4"/>
  <move id="936" source="C8" target="C7"/>
  <move id="937" source="B4" target="B5"/>
  <move id="938" source="C7" target="D7"/>
  <move id="939" source="B5" target="B6"/>
  <move id="940" source="D7" target="E7"/>
  <move id="941" source="E4" target="D4"/>
  <move id="942" source="E7" target="E6"/>
  <move id="943" source="D4" target="C4"/>
  <move id="944" source="E6" target="E5"/>
  <move id="945" source="C4" target="B4"/>
  <move id="946" source="E5" target="E4"/>
  <move id="947" source="B4" target="A4"/>
  <move id="948" source="E4" target="D4"/>
  <move id="949" source="A2" target="B2"/>
  <move id="950" source="D4" target="C4"/>
  <move id="951" source="B2" target="B3"/>
  <move id="952" source="C4" target="C3"/>
  <move id="953" source="B3" target="C3"/>
  <move id="954" source="G9" target="G8"/>
  <move id="955" source="G7" target="G8"/>
  <move id="956" source="B:" target="B9"/>
  <move id="957" source="B6" target="B7"/>
  <move id="958" source="B9" target="C9"/>
  <move id="959" source="G8" target="F8"/>
  <move id="960" source="C9" target="D9"/>
  <move id="961" source="F8" target="E8"/>
  <move id="962" source="D9" target="C9"/>
  <move id="963" source="B7" target="B8"/>
  <move id="964" source="C9" target="D9"/>
  <move id="965" source="B8" target="B9"/>
  <move id="966" source="D9" target="C9"/>
  <move id="967" source="B9" target="C9"/>
  <move id="968" source="G:" target="G9"/>
  <move id="969" source="E8" target="F8"/>
  <move id="970" source="G9" target="G7"/>
  <move id="971" source="F8" target="F7"/>
  <move id="972" source="G7" target="K7"/>
  <move id="973" source="C9" target="C8"/>
  <move id="974" source="K7" target="K6"/>
  <move id="975" source="F7" target="G7"/>
  <move id="976" source="K6" target="K5"/>
  <move id="977" source="G7" target="H7"/>
  <move id="978" source="K5" target="K4"/>
  <move id="979" source="C8" target="D8"/>
  <move id="980" source="K4" target="C4"/>
  <move id="981" source="H7" target="I7"/>
  <move id="982" source="C4" target="C2"/>
  <move id="983" source="I7" target="H7"/>
  <move id="984" source="C2" target="A2"/>
  <move id="985" source="D8" target="C8"/>
  <move id="986" source="A2" target="B2"/>
  <move id="987" source="B1" target="B2"/>
  <player id="1">Player 1</player>
  <player id="2">Player 2</player>
  <result type="3" winner="1"/>
 </game>
</stratego>