<?xml version="1.0" encoding="UTF-8"?>
<stratego>
 <game type="barrage">
  
  <field content="AAAKDABAAAMAAAAAAAAAAAAAAAAAAAADAAALAACEAA__AA__AAAA__AA__AAANAAAPAAXPAAAAAAAAAAAAAAAAAAOWAAAAAAAAQY"/>
  <move id="1" source="B4" target="B7"/>
  <move id="2" source="K7" target="K6"/>
  <move id="3" source="F4" target="F5"/>
  <move id="4" source="K6" target="K5"/>
  <move id="5" source="F5" target="F6"/>
  <move id="6" source="F7" target="E7"/>
  <move id="7" source="F6" target="E6"/>
  <move id="8" source="E7" target="D7"/>
  <move id="9" source="E6" target="E7"/>
  <move id="10" source="D7" target="C7"/>
  <move id="11" source="E7" target="F7"/>
  <move id="12" source="C7" target="D7"/>
  <move id="13" source="F7" target="F8"/>
  <move id="14" source="D7" target="E7"/>
  <move id="15" source="F8" target="G8"/>
  <move id="16" source="I7" target="H7"/>
  <move id="17" source="G8" target="G9"/>
  <move id="18" source="H7" target="H8"/>
  <move id="19" source="G9" target="G:"/>
  <move id="20" source="H8" target="H9"/>
  <move id="21" source="E1" target="E2"/>
  <move id="22" source="E7" target="E6"/>
  <move id="23" source="E2" target="E3"/>
  <move id="24" source="E6" target="E5"/>
  <move id="25" source="E3" target="F3"/>
  <move id="26" source="E5" target="E4"/>
  <move id="27" source="F3" target="F9"/>
  <move id="28" source="E4" target="D4"/>
  <move id="29" source="F9" target="H9"/>
  <move id="30" source="D4" target="D3"/>
  <move id="31" source="I4" target="H4"/>
  <move id="32" source="K5" target="I5"/>
  <move id="33" source="H4" target="G4"/>
  <move id="34" source="I5" target="I1"/>
  <move id="35" source="G4" target="F4"/>
  <move id="36" source="I1" target="G1"/>
  <move id="37" source="F4" target="F5"/>
  <move id="38" source="I9" target="I8"/>
  <move id="39" source="K4" target="K5"/>
  <move id="40" source="I8" target="H8"/>
  <move id="41" source="K5" target="K6"/>
  <move id="42" source="H8" target="G8"/>
  <move id="43" source="K6" target="K7"/>
  <move id="44" source="G8" target="F8"/>
  <move id="45" source="K7" target="K8"/>
  <move id="46" source="F8" target="E8"/>
  <move id="47" source="K8" target="K9"/>
  <move id="48" source="E8" target="D8"/>
  <move id="49" source="F5" target="F6"/>
  <move id="50" source="D8" target="C8"/>
  <move id="51" source="F6" target="F7"/>
  <move id="52" source="C8" target="B8"/>
  <move id="53" source="F7" target="F8"/>
  <move id="54" source="B8" target="A8"/>
  <move id="55" source="F8" target="G8"/>
  <move id="56" source="A8" target="A7"/>
  <move id="57" source="G8" target="G7"/>
  <move id="58" source="A7" target="A6"/>
  <move id="59" source="G7" target="H7"/>
  <move id="60" source="A6" target="A5"/>
  <move id="61" source="H7" target="I7"/>
  <move id="62" source="A5" target="A4"/>
  <move id="63" source="I7" target="I8"/>
  <move id="64" source="A4" target="A3"/>
  <move id="65" source="I8" target="H8"/>
  <move id="66" source="A3" target="A2"/>
  <player id="1">Player 1</player>
  <player id="2">Player 2</player>
  <result type="1" winner="2"/>
 </game>
</stratego>