<?xml version="1.0" encoding="UTF-8"?>
<stratego>
 <game type="barrage">
  
  <field content="AAAAAAAADMAAAAAAAAADAAAAAAAAAAAEAAKCAABLAA__AA__AAAA__AA__AAAYAAXNAAAAAAAAAAAAWAAAAAAAAAPOAAAAAAAAPQ"/>
  <move id="1" source="K4" target="K5"/>
  <move id="2" source="I8" target="I7"/>
  <move id="3" source="K5" target="K6"/>
  <move id="4" source="I7" target="I6"/>
  <move id="5" source="K6" target="I6"/>
  <move id="6" source="E7" target="E6"/>
  <move id="7" source="I6" target="I7"/>
  <move id="8" source="E6" target="E5"/>
  <move id="9" source="E4" target="E3"/>
  <move id="10" source="E5" target="E4"/>
  <move id="11" source="F4" target="E4"/>
  <move id="12" source="I9" target="H9"/>
  <move id="13" source="I7" target="I8"/>
  <move id="14" source="H9" target="G9"/>
  <move id="15" source="E4" target="E5"/>
  <move id="16" source="G9" target="F9"/>
  <move id="17" source="E5" target="E6"/>
  <move id="18" source="F9" target="E9"/>
  <move id="19" source="E6" target="F6"/>
  <move id="20" source="E9" target="E6"/>
  <move id="21" source="F6" target="F7"/>
  <move id="22" source="E6" target="E3"/>
  <move id="23" source="E3" target="E4"/>
  <move id="24" source="I:" target="I9"/>
  <move id="25" source="I8" target="I9"/>
  <move id="26" source="K9" target="I9"/>
  <move id="27" source="K2" target="K:"/>
  <move id="28" source="K:" target="K9"/>
  <move id="29" source="B4" target="B5"/>
  <move id="30" source="K9" target="K8"/>
  <move id="31" source="B5" target="B6"/>
  <move id="32" source="K8" target="K7"/>
  <move id="33" source="B6" target="B7"/>
  <player id="1">Player 1</player>
  <player id="2">Player 2</player>
  <result type="1" winner="1"/>
 </game>
</stratego>