<?xml version="1.0" encoding="UTF-8"?>
<stratego>
 <game type="barrage">
  
  <field content="MDAAAAAAAALAAAAAAAAAAAAAAAAAAAEBAAKCAADAAA__AA__AAAA__AA__AAPOAAWXAAPQAAAAAAAAAAAAAAAAAAAAAAAYAANAAA"/>
  <move id="1" source="E4" target="E5"/>
  <move id="2" source="I7" target="I4"/>
  <move id="3" source="F4" target="F5"/>
  <move id="4" source="K7" target="K6"/>
  <move id="5" source="F5" target="F6"/>
  <move id="6" source="F7" target="F6"/>
  <move id="7" source="A4" target="A5"/>
  <move id="8" source="A7" target="A5"/>
  <move id="9" source="A5" target="A4"/>
  <move id="10" source="E7" target="D7"/>
  <move id="11" source="A4" target="A3"/>
  <move id="12" source="D7" target="C7"/>
  <move id="13" source="A3" target="B3"/>
  <move id="14" source="B7" target="A7"/>
  <move id="15" source="B3" target="C3"/>
  <move id="16" source="C7" target="B7"/>
  <move id="17" source="C3" target="D3"/>
  <move id="18" source="A7" target="A6"/>
  <move id="19" source="D3" target="E3"/>
  <move id="20" source="B7" target="B6"/>
  <move id="21" source="E3" target="F3"/>
  <move id="22" source="A6" target="A5"/>
  <move id="23" source="F3" target="G3"/>
  <move id="24" source="B6" target="B5"/>
  <move id="25" source="G3" target="H3"/>
  <move id="26" source="B5" target="B4"/>
  <move id="27" source="H3" target="I3"/>
  <move id="28" source="A5" target="A4"/>
  <move id="29" source="I3" target="I4"/>
  <move id="30" source="A4" target="A3"/>
  <move id="31" source="A2" target="A3"/>
  <move id="32" source="K6" target="K5"/>
  <move id="33" source="A3" target="A2"/>
  <move id="34" source="F6" target="F5"/>
  <move id="35" source="E5" target="E6"/>
  <move id="36" source="F5" target="F4"/>
  <move id="37" source="A2" target="B2"/>
  <move id="38" source="F4" target="E4"/>
  <move id="39" source="B2" target="C2"/>
  <move id="40" source="E4" target="D4"/>
  <move id="41" source="C2" target="C3"/>
  <move id="42" source="K5" target="I5"/>
  <player id="1">Player 1</player>
  <player id="2">Player 2</player>
  <result type="3" winner="1"/>
 </game>
</stratego>