<?xml version="1.0" encoding="UTF-8"?>
<stratego>
 <game type="classic">
  
  <field content="MJEBFDHDEEJHDEBIFFBBIHEBFDGIGGLHCKBGDDDDAA__AA__AAAA__AA__AAPSUXTSVPNRVPPUWONPRNTPTNUTSNQRYPQQSQQRNP"/>
  <move id="1" source="A4" target="A5"/>
  <move id="2" source="B7" target="B6"/>
  <move id="3" source="B4" target="B5"/>
  <move id="4" source="C7" target="B7"/>
  <move id="5" source="A5" target="A6"/>
  <move id="6" source="B6" target="B5"/>
  <move id="7" source="B5" target="B6"/>
  <move id="8" source="A7" target="A6"/>
  <move id="9" source="B6" target="B7"/>
  <move id="10" source="E7" target="E6"/>
  <move id="11" source="A6" target="B6"/>
  <move id="12" source="B7" target="A7"/>
  <move id="13" source="C4" target="B4"/>
  <move id="14" source="F7" target="F6"/>
  <move id="15" source="B4" target="C4"/>
  <move id="16" source="E6" target="E5"/>
  <move id="17" source="A3" target="A4"/>
  <move id="18" source="D7" target="E7"/>
  <move id="19" source="A4" target="B4"/>
  <move id="20" source="E7" target="E6"/>
  <move id="21" source="A2" target="A3"/>
  <move id="22" source="F8" target="F7"/>
  <move id="23" source="A3" target="A4"/>
  <move id="24" source="E5" target="E4"/>
  <move id="25" source="A4" target="A5"/>
  <move id="26" source="F6" target="F5"/>
  <move id="27" source="A5" target="A6"/>
  <move id="28" source="F5" target="F4"/>
  <move id="29" source="A6" target="A7"/>
  <move id="30" source="A8" target="A7"/>
  <move id="31" source="B6" target="B7"/>
  <move id="32" source="F7" target="E7"/>
  <move id="33" source="B7" target="B8"/>
  <move id="34" source="E7" target="D7"/>
  <move id="35" source="B8" target="B9"/>
  <move id="36" source="C8" target="C7"/>
  <move id="37" source="B9" target="A9"/>
  <move id="38" source="C7" target="B7"/>
  <move id="39" source="A9" target="A:"/>
  <player id="1">Player 1</player>
  <player id="2">Player 2</player>
  <result type="1" winner="1"/>
 </game>
</stratego>