<?xml version="1.0" encoding="UTF-8"?>
<stratego>
 <game type="classic">
  
  <field content="IEBMBIHGBDDDEBEIJBBDJHGDHFECHDGFDKFFELGDAA__AA__AAAA__AA__AAPPQSPTXTRPTPUURNPVNPWQQPNNSQUSOVRNYRNSTQ"/>
  <move id="1" source="A4" target="A5"/>
  <move id="2" source="B7" target="B4"/>
  <move id="3" source="A3" target="A4"/>
  <move id="4" source="E7" target="E6"/>
  <move id="5" source="A5" target="A6"/>
  <move id="6" source="D7" target="E7"/>
  <move id="7" source="A4" target="A5"/>
  <move id="8" source="E6" target="E5"/>
  <move id="9" source="A6" target="A7"/>
  <move id="10" source="A8" target="A7"/>
  <move id="11" source="A5" target="A6"/>
  <move id="12" source="A7" target="A8"/>
  <move id="13" source="A6" target="A7"/>
  <move id="14" source="B8" target="B6"/>
  <move id="15" source="A7" target="A8"/>
  <move id="16" source="A9" target="A8"/>
  <move id="17" source="B4" target="A4"/>
  <move id="18" source="B6" target="B3"/>
  <move id="19" source="C4" target="B4"/>
  <move id="20" source="A8" target="A9"/>
  <move id="21" source="B4" target="B6"/>
  <move id="22" source="C7" target="D7"/>
  <move id="23" source="B6" target="B7"/>
  <move id="24" source="E7" target="E6"/>
  <move id="25" source="B7" target="D7"/>
  <move id="26" source="F7" target="F6"/>
  <move id="27" source="A4" target="A5"/>
  <move id="28" source="G7" target="F7"/>
  <move id="29" source="A5" target="A6"/>
  <move id="30" source="F6" target="F5"/>
  <move id="31" source="A6" target="A7"/>
  <move id="32" source="F7" target="E7"/>
  <move id="33" source="A7" target="B7"/>
  <move id="34" source="F5" target="F4"/>
  <move id="35" source="E4" target="E5"/>
  <move id="36" source="E6" target="E5"/>
  <move id="37" source="B7" target="C7"/>
  <move id="38" source="F4" target="G4"/>
  <move id="39" source="C7" target="D7"/>
  <move id="40" source="D8" target="D7"/>
  <move id="41" source="D4" target="E4"/>
  <move id="42" source="G4" target="H4"/>
  <move id="43" source="E4" target="E5"/>
  <move id="44" source="E7" target="E6"/>
  <move id="45" source="E5" target="E6"/>
  <move id="46" source="E6" target="E5"/>
  <move id="47" source="I4" target="I5"/>
  <move id="48" source="E5" target="E4"/>
  <move id="49" source="I5" target="K5"/>
  <move id="50" source="E4" target="F4"/>
  <move id="51" source="H4" target="I4"/>
  <move id="52" source="F4" target="F3"/>
  <move id="53" source="I4" target="I5"/>
  <move id="54" source="F3" target="G3"/>
  <move id="55" source="H3" target="G3"/>
  <move id="56" source="G8" target="G7"/>
  <move id="57" source="I5" target="I6"/>
  <move id="58" source="G7" target="F7"/>
  <move id="59" source="I6" target="I7"/>
  <move id="60" source="F7" target="F2"/>
  <move id="61" source="I7" target="H7"/>
  <move id="62" source="E8" target="E7"/>
  <move id="63" source="G3" target="H3"/>
  <move id="64" source="E7" target="E6"/>
  <move id="65" source="G2" target="G3"/>
  <move id="66" source="A9" target="A8"/>
  <move id="67" source="G3" target="F3"/>
  <move id="68" source="A8" target="A7"/>
  <move id="69" source="F3" target="F4"/>
  <move id="70" source="E6" target="E5"/>
  <move id="71" source="F4" target="E4"/>
  <move id="72" source="E5" target="F5"/>
  <move id="73" source="H7" target="G7"/>
  <move id="74" source="A7" target="A6"/>
  <move id="75" source="G7" target="F7"/>
  <move id="76" source="A6" target="A5"/>
  <move id="77" source="F7" target="F6"/>
  <move id="78" source="A5" target="B5"/>
  <move id="79" source="F6" target="F5"/>
  <move id="80" source="B5" target="B4"/>
  <move id="81" source="E4" target="E5"/>
  <move id="82" source="B4" target="C4"/>
  <move id="83" source="E5" target="E6"/>
  <move id="84" source="C4" target="D4"/>
  <move id="85" source="F5" target="F4"/>
  <move id="86" source="D4" target="D3"/>
  <move id="87" source="E3" target="E4"/>
  <move id="88" source="D3" target="D4"/>
  <move id="89" source="E4" target="E5"/>
  <move id="90" source="D7" target="C7"/>
  <move id="91" source="E6" target="E7"/>
  <move id="92" source="C7" target="B7"/>
  <move id="93" source="E7" target="D7"/>
  <move id="94" source="B7" target="B6"/>
  <move id="95" source="D7" target="C7"/>
  <move id="96" source="B6" target="B5"/>
  <move id="97" source="C7" target="B7"/>
  <move id="98" source="B5" target="B4"/>
  <move id="99" source="A2" target="A:"/>
  <move id="100" source="B:" target="A:"/>
  <move id="101" source="B7" target="B8"/>
  <move id="102" source="B4" target="B3"/>
  <move id="103" source="B8" target="B9"/>
  <move id="104" source="B3" target="C3"/>
  <move id="105" source="F4" target="F3"/>
  <move id="106" source="C3" target="C2"/>
  <move id="107" source="F3" target="E3"/>
  <move id="108" source="C2" target="C1"/>
  <move id="109" source="B9" target="B8"/>
  <move id="110" source="D4" target="C4"/>
  <move id="111" source="B8" target="A8"/>
  <move id="112" source="C4" target="B4"/>
  <move id="113" source="E5" target="F5"/>
  <move id="114" source="A:" target="A9"/>
  <move id="115" source="A8" target="A9"/>
  <move id="116" source="D9" target="D8"/>
  <move id="117" source="E3" target="E4"/>
  <move id="118" source="D8" target="D7"/>
  <move id="119" source="E4" target="E5"/>
  <move id="120" source="D7" target="E7"/>
  <move id="121" source="E5" target="E6"/>
  <move id="122" source="E7" target="F7"/>
  <move id="123" source="K4" target="I4"/>
  <move id="124" source="F7" target="G7"/>
  <move id="125" source="I4" target="I8"/>
  <move id="126" source="B4" target="C4"/>
  <move id="127" source="E6" target="E5"/>
  <move id="128" source="C4" target="D4"/>
  <move id="129" source="H3" target="H4"/>
  <move id="130" source="D4" target="D3"/>
  <move id="131" source="E5" target="E4"/>
  <move id="132" source="K7" target="I7"/>
  <move id="133" source="H4" target="I4"/>
  <move id="134" source="I7" target="I6"/>
  <move id="135" source="I4" target="I5"/>
  <move id="136" source="I6" target="I7"/>
  <move id="137" source="I5" target="I6"/>
  <move id="138" source="I7" target="H7"/>
  <move id="139" source="I6" target="I7"/>
  <move id="140" source="G7" target="F7"/>
  <move id="141" source="K5" target="I5"/>
  <move id="142" source="F7" target="F6"/>
  <move id="143" source="F5" target="F4"/>
  <move id="144" source="F6" target="F5"/>
  <move id="145" source="F2" target="F3"/>
  <move id="146" source="C9" target="B9"/>
  <move id="147" source="F3" target="G3"/>
  <move id="148" source="B9" target="B8"/>
  <move id="149" source="G3" target="G4"/>
  <move id="150" source="B8" target="B7"/>
  <move id="151" source="B2" target="B7"/>
  <move id="152" source="B7" target="B6"/>
  <move id="153" source="A1" target="A2"/>
  <move id="154" source="B6" target="B5"/>
  <move id="155" source="A2" target="A3"/>
  <move id="156" source="B5" target="B4"/>
  <move id="157" source="A3" target="B3"/>
  <move id="158" source="B4" target="C4"/>
  <move id="159" source="F4" target="F5"/>
  <move id="160" source="C4" target="C3"/>
  <move id="161" source="B1" target="B2"/>
  <move id="162" source="C3" target="C2"/>
  <move id="163" source="B2" target="C2"/>
  <move id="164" source="D3" target="C3"/>
  <move id="165" source="B3" target="B4"/>
  <move id="166" source="C3" target="B3"/>
  <move id="167" source="B4" target="A4"/>
  <move id="168" source="C8" target="B8"/>
  <move id="169" source="G4" target="H4"/>
  <move id="170" source="B8" target="B7"/>
  <move id="171" source="H4" target="I4"/>
  <move id="172" source="B7" target="B6"/>
  <move id="173" source="E4" target="D4"/>
  <move id="174" source="B3" target="A3"/>
  <move id="175" source="A4" target="B4"/>
  <move id="176" source="A3" target="B3"/>
  <move id="177" source="D4" target="C4"/>
  <move id="178" source="H7" target="G7"/>
  <move id="179" source="K3" target="K8"/>
  <move id="180" source="G7" target="F7"/>
  <move id="181" source="K2" target="K9"/>
  <move id="182" source="F7" target="F6"/>
  <move id="183" source="I4" target="K4"/>
  <move id="184" source="F6" target="E6"/>
  <move id="185" source="K4" target="K5"/>
  <move id="186" source="E6" target="E5"/>
  <move id="187" source="F5" target="E5"/>
  <move id="188" source="H8" target="H7"/>
  <move id="189" source="K5" target="K6"/>
  <move id="190" source="H7" target="I7"/>
  <move id="191" source="I5" target="I4"/>
  <move id="192" source="I7" target="I6"/>
  <move id="193" source="K6" target="K7"/>
  <move id="194" source="I6" target="I5"/>
  <move id="195" source="I4" target="H4"/>
  <move id="196" source="I5" target="I4"/>
  <move id="197" source="I3" target="H3"/>
  <move id="198" source="I4" target="H4"/>
  <move id="199" source="H3" target="I3"/>
  <move id="200" source="H9" target="H8"/>
  <move id="201" source="K7" target="K8"/>
  <move id="202" source="H8" target="H7"/>
  <move id="203" source="K8" target="K9"/>
  <move id="204" source="H7" target="G7"/>
  <move id="205" source="B4" target="B5"/>
  <move id="206" source="G7" target="F7"/>
  <move id="207" source="B5" target="B6"/>
  <move id="208" source="F7" target="F6"/>
  <move id="209" source="K9" target="K8"/>
  <move id="210" source="F6" target="E6"/>
  <move id="211" source="E5" target="E4"/>
  <move id="212" source="E6" target="E5"/>
  <move id="213" source="C4" target="D4"/>
  <move id="214" source="B3" target="C3"/>
  <move id="215" source="K8" target="K7"/>
  <move id="216" source="E5" target="F5"/>
  <move id="217" source="D4" target="D3"/>
  <move id="218" source="C3" target="C4"/>
  <move id="219" source="D3" target="E3"/>
  <move id="220" source="F5" target="F4"/>
  <move id="221" source="F1" target="F2"/>
  <move id="222" source="H4" target="H3"/>
  <move id="223" source="I3" target="K3"/>
  <move id="224" source="H3" target="G3"/>
  <move id="225" source="F2" target="F3"/>
  <move id="226" source="F4" target="G4"/>
  <move id="227" source="F3" target="F4"/>
  <move id="228" source="G4" target="H4"/>
  <move id="229" source="F4" target="F5"/>
  <move id="230" source="H4" target="H3"/>
  <move id="231" source="K3" target="K4"/>
  <move id="232" source="G3" target="G2"/>
  <move id="233" source="K4" target="K5"/>
  <move id="234" source="H3" target="H2"/>
  <move id="235" source="H1" target="H2"/>
  <move id="236" source="G2" target="H2"/>
  <move id="237" source="K5" target="I5"/>
  <move id="238" source="H2" target="H1"/>
  <move id="239" source="K7" target="I7"/>
  <move id="240" source="H1" target="I1"/>
  <player id="1">Player 1</player>
  <player id="2">Player 2</player>
  <result type="3" winner="1"/>
 </game>
</stratego>