<?xml version="1.0" encoding="UTF-8"?>
<stratego>
 <game type="classic">
  
  <field content="DFDDBFDEHMHDEDFBEIEGEDCHBFBJLKIGDGHBBJGIAA__AA__AAAA__AA__AATQURNNNVRSWPPPVRNQPXPQSTRNQTQUPOPPNSSUTY"/>
  <move id="1" source="E4" target="E5"/>
  <move id="2" source="A7" target="A6"/>
  <move id="3" source="E5" target="E6"/>
  <move id="4" source="A8" target="A7"/>
  <move id="5" source="K4" target="K5"/>
  <move id="6" source="A6" target="A5"/>
  <move id="7" source="K5" target="K6"/>
  <move id="8" source="A7" target="A6"/>
  <move id="9" source="I4" target="I5"/>
  <move id="10" source="K7" target="K6"/>
  <move id="11" source="B4" target="B5"/>
  <move id="12" source="A5" target="A4"/>
  <move id="13" source="B5" target="A5"/>
  <move id="14" source="A6" target="A5"/>
  <move id="15" source="A4" target="B4"/>
  <move id="16" source="A5" target="B5"/>
  <move id="17" source="I5" target="I6"/>
  <move id="18" source="B5" target="B4"/>
  <move id="19" source="E6" target="E7"/>
  <move id="20" source="B4" target="B5"/>
  <move id="21" source="K6" target="K7"/>
  <move id="22" source="K8" target="K7"/>
  <move id="23" source="I3" target="I4"/>
  <move id="24" source="K7" target="K6"/>
  <move id="25" source="I6" target="I7"/>
  <move id="26" source="H7" target="I7"/>
  <move id="27" source="I4" target="I5"/>
  <move id="28" source="I7" target="K7"/>
  <move id="29" source="K3" target="K4"/>
  <move id="30" source="I8" target="I5"/>
  <move id="31" source="I5" target="I6"/>
  <move id="32" source="K6" target="I6"/>
  <move id="33" source="K4" target="K5"/>
  <move id="34" source="K7" target="I7"/>
  <move id="35" source="K5" target="K6"/>
  <move id="36" source="B5" target="B4"/>
  <move id="37" source="H4" target="I4"/>
  <move id="38" source="I7" target="K7"/>
  <move id="39" source="I4" target="I5"/>
  <move id="40" source="K7" target="K6"/>
  <move id="41" source="I5" target="I6"/>
  <move id="42" source="A9" target="A3"/>
  <move id="43" source="I6" target="I7"/>
  <move id="44" source="B4" target="A4"/>
  <move id="45" source="I7" target="H7"/>
  <move id="46" source="A4" target="A3"/>
  <move id="47" source="B3" target="B7"/>
  <move id="48" source="A:" target="A4"/>
  <move id="49" source="C4" target="B4"/>
  <move id="50" source="A4" target="B4"/>
  <move id="51" source="D4" target="E4"/>
  <move id="52" source="A3" target="B3"/>
  <move id="53" source="E4" target="E5"/>
  <move id="54" source="B3" target="B4"/>
  <move id="55" source="E5" target="E6"/>
  <move id="56" source="B4" target="C4"/>
  <move id="57" source="E6" target="F6"/>
  <move id="58" source="C4" target="D4"/>
  <move id="59" source="A2" target="A3"/>
  <move id="60" source="D4" target="E4"/>
  <move id="61" source="A3" target="A4"/>
  <move id="62" source="E4" target="E5"/>
  <move id="63" source="F6" target="F7"/>
  <move id="64" source="B8" target="A8"/>
  <move id="65" source="A4" target="A5"/>
  <move id="66" source="A8" target="A5"/>
  <move id="67" source="A5" target="A6"/>
  <move id="68" source="E5" target="F5"/>
  <move id="69" source="K6" target="K7"/>
  <move id="70" source="F5" target="F4"/>
  <move id="71" source="K7" target="K8"/>
  <player id="1">Player 1</player>
  <player id="2">Player 2</player>
  <result type="3" winner="1"/>
 </game>
</stratego>