<?xml version="1.0" encoding="UTF-8"?>
<stratego>
 <game type="classic">
  
  <field content="FIEBEBFFDMEGJECDBHDBDDHGIDGDLDFHEBBGIKJHAA__AA__AAAA__AA__AAPUSSRSRUSPTPTVTUPPTNQPWOXNQRPNPRVQNYNNQQ"/>
  <move id="1" source="I4" target="I5"/>
  <move id="2" source="A7" target="A6"/>
  <move id="3" source="I5" target="I6"/>
  <move id="4" source="A6" target="A5"/>
  <move id="5" source="I3" target="I4"/>
  <move id="6" source="A5" target="A4"/>
  <move id="7" source="I4" target="I5"/>
  <move id="8" source="K7" target="K4"/>
  <move id="9" source="I6" target="K6"/>
  <move id="10" source="B7" target="B6"/>
  <move id="11" source="I5" target="K5"/>
  <move id="12" source="C7" target="B7"/>
  <move id="13" source="K3" target="I3"/>
  <move id="14" source="B7" target="A7"/>
  <move id="15" source="I3" target="I7"/>
  <move id="16" source="A7" target="A6"/>
  <move id="17" source="K4" target="I4"/>
  <move id="18" source="B6" target="B5"/>
  <move id="19" source="I4" target="I5"/>
  <move id="20" source="A6" target="A5"/>
  <move id="21" source="I5" target="I6"/>
  <move id="22" source="I7" target="K7"/>
  <move id="23" source="I6" target="I7"/>
  <move id="24" source="H7" target="I7"/>
  <move id="25" source="K6" target="I6"/>
  <move id="26" source="I7" target="H7"/>
  <move id="27" source="I6" target="I7"/>
  <move id="28" source="K7" target="K6"/>
  <move id="29" source="K5" target="I5"/>
  <move id="30" source="A5" target="A4"/>
  <move id="31" source="B4" target="A4"/>
  <move id="32" source="B5" target="A5"/>
  <move id="33" source="A4" target="B4"/>
  <move id="34" source="A5" target="B5"/>
  <move id="35" source="H4" target="I4"/>
  <move id="36" source="B8" target="B7"/>
  <move id="37" source="I4" target="K4"/>
  <move id="38" source="B7" target="B6"/>
  <move id="39" source="K4" target="K5"/>
  <move id="40" source="K6" target="I6"/>
  <move id="41" source="I7" target="I6"/>
  <move id="42" source="B5" target="B4"/>
  <move id="43" source="I6" target="I7"/>
  <move id="44" source="B4" target="B5"/>
  <move id="45" source="I7" target="H7"/>
  <move id="46" source="B5" target="A5"/>
  <move id="47" source="I5" target="I4"/>
  <move id="48" source="B6" target="B5"/>
  <move id="49" source="I4" target="K4"/>
  <move id="50" source="B5" target="B4"/>
  <move id="51" source="I2" target="I8"/>
  <move id="52" source="H8" target="H7"/>
  <move id="53" source="H7" target="I7"/>
  <move id="54" source="I8" target="H8"/>
  <move id="55" source="H3" target="I3"/>
  <move id="56" source="B4" target="C4"/>
  <move id="57" source="C4" target="B4"/>
  <move id="58" source="D7" target="C7"/>
  <move id="59" source="I7" target="K7"/>
  <move id="60" source="C7" target="B7"/>
  <move id="61" source="I3" target="I9"/>
  <move id="62" source="B7" target="B6"/>
  <move id="63" source="G4" target="H4"/>
  <move id="64" source="B6" target="B5"/>
  <move id="65" source="C3" target="C4"/>
  <move id="66" source="A5" target="A4"/>
  <move id="67" source="B4" target="B5"/>
  <move id="68" source="A4" target="A5"/>
  <move id="69" source="C4" target="B4"/>
  <move id="70" source="B5" target="B6"/>
  <move id="71" source="H4" target="I4"/>
  <move id="72" source="A5" target="A6"/>
  <move id="73" source="B4" target="B5"/>
  <move id="74" source="B6" target="B7"/>
  <move id="75" source="I4" target="I5"/>
  <move id="76" source="B7" target="B8"/>
  <move id="77" source="I5" target="I6"/>
  <move id="78" source="A6" target="A7"/>
  <move id="79" source="I6" target="I7"/>
  <move id="80" source="E7" target="E6"/>
  <move id="81" source="I7" target="H7"/>
  <move id="82" source="E6" target="E5"/>
  <move id="83" source="H7" target="H8"/>
  <move id="84" source="E5" target="E4"/>
  <move id="85" source="G3" target="G4"/>
  <move id="86" source="F7" target="E7"/>
  <move id="87" source="G4" target="H4"/>
  <move id="88" source="E7" target="D7"/>
  <move id="89" source="H4" target="I4"/>
  <move id="90" source="G7" target="F7"/>
  <move id="91" source="I4" target="I5"/>
  <move id="92" source="F7" target="E7"/>
  <move id="93" source="I5" target="I6"/>
  <move id="94" source="G8" target="G7"/>
  <move id="95" source="H8" target="H7"/>
  <move id="96" source="G7" target="F7"/>
  <move id="97" source="I6" target="I7"/>
  <move id="98" source="F7" target="F4"/>
  <move id="99" source="I7" target="I8"/>
  <move id="100" source="F8" target="G8"/>
  <move id="101" source="K4" target="I4"/>
  <move id="102" source="G8" target="G7"/>
  <move id="103" source="H7" target="H8"/>
  <move id="104" source="E7" target="E6"/>
  <move id="105" source="K5" target="K4"/>
  <move id="106" source="D7" target="E7"/>
  <move id="107" source="I4" target="I5"/>
  <move id="108" source="E7" target="F7"/>
  <move id="109" source="I5" target="I6"/>
  <move id="110" source="F7" target="F6"/>
  <move id="111" source="K4" target="I4"/>
  <move id="112" source="F6" target="F5"/>
  <move id="113" source="I4" target="H4"/>
  <move id="114" source="D8" target="D7"/>
  <move id="115" source="H4" target="G4"/>
  <move id="116" source="D7" target="E7"/>
  <move id="117" source="K7" target="K6"/>
  <move id="118" source="E7" target="F7"/>
  <move id="119" source="K6" target="K5"/>
  <move id="120" source="F7" target="F8"/>
  <move id="121" source="K5" target="K4"/>
  <move id="122" source="F8" target="G8"/>
  <move id="123" source="I6" target="I7"/>
  <move id="124" source="G8" target="H8"/>
  <move id="125" source="I8" target="I9"/>
  <move id="126" source="G7" target="F7"/>
  <move id="127" source="I9" target="H9"/>
  <move id="128" source="H8" target="H9"/>
  <move id="129" source="I7" target="H7"/>
  <move id="130" source="F7" target="E7"/>
  <move id="131" source="H7" target="G7"/>
  <move id="132" source="E8" target="F8"/>
  <move id="133" source="G4" target="H4"/>
  <move id="134" source="E9" target="E8"/>
  <move id="135" source="H4" target="I4"/>
  <move id="136" source="E7" target="D7"/>
  <move id="137" source="I4" target="I5"/>
  <move id="138" source="E8" target="E7"/>
  <move id="139" source="I5" target="I6"/>
  <move id="140" source="E7" target="F7"/>
  <move id="141" source="G7" target="G8"/>
  <move id="142" source="H9" target="H8"/>
  <move id="143" source="G8" target="H8"/>
  <move id="144" source="F5" target="F4"/>
  <move id="145" source="H8" target="H7"/>
  <move id="146" source="F7" target="F6"/>
  <move id="147" source="I6" target="I5"/>
  <move id="148" source="F6" target="F5"/>
  <move id="149" source="I5" target="I4"/>
  <move id="150" source="F5" target="F4"/>
  <move id="151" source="K4" target="K5"/>
  <move id="152" source="F4" target="G4"/>
  <move id="153" source="I4" target="I3"/>
  <move id="154" source="G4" target="G3"/>
  <move id="155" source="F3" target="G3"/>
  <move id="156" source="G3" target="H3"/>
  <move id="157" source="I3" target="I4"/>
  <move id="158" source="H3" target="H4"/>
  <move id="159" source="I4" target="I5"/>
  <move id="160" source="H4" target="I4"/>
  <move id="161" source="I5" target="I6"/>
  <move id="162" source="I4" target="I5"/>
  <move id="163" source="I6" target="I7"/>
  <move id="164" source="I5" target="K5"/>
  <move id="165" source="H7" target="G7"/>
  <move id="166" source="E6" target="E5"/>
  <move id="167" source="I7" target="I8"/>
  <move id="168" source="K5" target="I5"/>
  <move id="169" source="I8" target="H8"/>
  <move id="170" source="I5" target="I6"/>
  <move id="171" source="H8" target="G8"/>
  <move id="172" source="D7" target="C7"/>
  <move id="173" source="G8" target="F8"/>
  <move id="174" source="C7" target="B7"/>
  <move id="175" source="G7" target="F7"/>
  <move id="176" source="B7" target="B6"/>
  <move id="177" source="F7" target="F6"/>
  <move id="178" source="B6" target="B5"/>
  <move id="179" source="F8" target="F7"/>
  <move id="180" source="B5" target="B4"/>
  <move id="181" source="C2" target="C3"/>
  <move id="182" source="I6" target="I7"/>
  <move id="183" source="F7" target="E7"/>
  <move id="184" source="I7" target="H7"/>
  <move id="185" source="E7" target="D7"/>
  <move id="186" source="A7" target="A6"/>
  <move id="187" source="D7" target="C7"/>
  <move id="188" source="H7" target="G7"/>
  <move id="189" source="C7" target="B7"/>
  <move id="190" source="G7" target="F7"/>
  <move id="191" source="B7" target="A7"/>
  <move id="192" source="A6" target="B6"/>
  <move id="193" source="A7" target="B7"/>
  <move id="194" source="B6" target="A6"/>
  <move id="195" source="B7" target="B6"/>
  <move id="196" source="A6" target="A7"/>
  <move id="197" source="B6" target="B5"/>
  <move id="198" source="B4" target="B3"/>
  <move id="199" source="C3" target="B3"/>
  <move id="200" source="A7" target="B7"/>
  <move id="201" source="B5" target="B6"/>
  <move id="202" source="B7" target="C7"/>
  <move id="203" source="B6" target="B7"/>
  <move id="204" source="C7" target="D7"/>
  <move id="205" source="B7" target="C7"/>
  <move id="206" source="D7" target="D8"/>
  <move id="207" source="C7" target="D7"/>
  <move id="208" source="D8" target="E8"/>
  <move id="209" source="F6" target="F5"/>
  <move id="210" source="E5" target="E6"/>
  <move id="211" source="F5" target="E5"/>
  <move id="212" source="E8" target="F8"/>
  <move id="213" source="E5" target="E6"/>
  <move id="214" source="F8" target="G8"/>
  <move id="215" source="E6" target="E5"/>
  <move id="216" source="F7" target="E7"/>
  <move id="217" source="D7" target="C7"/>
  <move id="218" source="E7" target="D7"/>
  <move id="219" source="C7" target="B7"/>
  <move id="220" source="D7" target="C7"/>
  <move id="221" source="B7" target="A7"/>
  <move id="222" source="C7" target="B7"/>
  <move id="223" source="A7" target="A6"/>
  <move id="224" source="B7" target="B6"/>
  <move id="225" source="A6" target="A7"/>
  <move id="226" source="G8" target="H8"/>
  <move id="227" source="B3" target="C3"/>
  <move id="228" source="H8" target="I8"/>
  <move id="229" source="E3" target="F3"/>
  <move id="230" source="I8" target="I7"/>
  <move id="231" source="F3" target="G3"/>
  <move id="232" source="I7" target="I6"/>
  <move id="233" source="G3" target="H3"/>
  <move id="234" source="I6" target="I5"/>
  <move id="235" source="D3" target="E3"/>
  <move id="236" source="D9" target="E9"/>
  <move id="237" source="E3" target="F3"/>
  <move id="238" source="E9" target="E8"/>
  <move id="239" source="F3" target="G3"/>
  <move id="240" source="E8" target="E7"/>
  <move id="241" source="C3" target="D3"/>
  <move id="242" source="I5" target="I4"/>
  <move id="243" source="D3" target="E3"/>
  <move id="244" source="I4" target="I3"/>
  <move id="245" source="H3" target="I3"/>
  <move id="246" source="E7" target="F7"/>
  <move id="247" source="E3" target="F3"/>
  <move id="248" source="F7" target="F6"/>
  <move id="249" source="F3" target="F4"/>
  <move id="250" source="C9" target="D9"/>
  <move id="251" source="F4" target="G4"/>
  <move id="252" source="D9" target="E9"/>
  <move id="253" source="F2" target="F6"/>
  <move id="254" source="E9" target="E8"/>
  <move id="255" source="F6" target="F7"/>
  <move id="256" source="E8" target="F8"/>
  <move id="257" source="F7" target="F8"/>
  <move id="258" source="F8" target="F7"/>
  <move id="259" source="E5" target="F5"/>
  <move id="260" source="F7" target="G7"/>
  <move id="261" source="G4" target="H4"/>
  <move id="262" source="G7" target="H7"/>
  <move id="263" source="H4" target="I4"/>
  <move id="264" source="H7" target="I7"/>
  <move id="265" source="I4" target="K4"/>
  <move id="266" source="I7" target="K7"/>
  <move id="267" source="F5" target="F6"/>
  <move id="268" source="K7" target="K6"/>
  <move id="269" source="K4" target="I4"/>
  <move id="270" source="K6" target="I6"/>
  <move id="271" source="F6" target="F7"/>
  <move id="272" source="I6" target="I5"/>
  <move id="273" source="I4" target="H4"/>
  <move id="274" source="I5" target="I4"/>
  <move id="275" source="H4" target="G4"/>
  <move id="276" source="I4" target="H4"/>
  <move id="277" source="G4" target="F4"/>
  <move id="278" source="H4" target="G4"/>
  <move id="279" source="F4" target="F5"/>
  <move id="280" source="G4" target="G3"/>
  <move id="281" source="F7" target="G7"/>
  <move id="282" source="I:" target="I9"/>
  <move id="283" source="G7" target="H7"/>
  <move id="284" source="I9" target="I8"/>
  <move id="285" source="F5" target="F6"/>
  <move id="286" source="C:" target="C9"/>
  <move id="287" source="F6" target="F7"/>
  <move id="288" source="C9" target="D9"/>
  <move id="289" source="F7" target="F8"/>
  <move id="290" source="D9" target="E9"/>
  <move id="291" source="F8" target="G8"/>
  <move id="292" source="E9" target="E8"/>
  <move id="293" source="G8" target="H8"/>
  <move id="294" source="E8" target="E7"/>
  <move id="295" source="H8" target="I8"/>
  <move id="296" source="E7" target="E6"/>
  <move id="297" source="H7" target="I7"/>
  <move id="298" source="E6" target="E5"/>
  <move id="299" source="I7" target="I6"/>
  <move id="300" source="G3" target="F3"/>
  <move id="301" source="I6" target="I5"/>
  <move id="302" source="F3" target="E3"/>
  <move id="303" source="I5" target="I4"/>
  <move id="304" source="E3" target="D3"/>
  <move id="305" source="I4" target="H4"/>
  <move id="306" source="D3" target="C3"/>
  <move id="307" source="H4" target="G4"/>
  <move id="308" source="C3" target="C4"/>
  <move id="309" source="G4" target="F4"/>
  <move id="310" source="C4" target="B4"/>
  <move id="311" source="I8" target="H8"/>
  <move id="312" source="B4" target="B5"/>
  <move id="313" source="H8" target="G8"/>
  <move id="314" source="B6" target="B7"/>
  <move id="315" source="A7" target="A6"/>
  <move id="316" source="B7" target="C7"/>
  <move id="317" source="F4" target="F5"/>
  <move id="318" source="E5" target="E6"/>
  <move id="319" source="F5" target="F6"/>
  <move id="320" source="E6" target="E7"/>
  <move id="321" source="E2" target="F2"/>
  <move id="322" source="C7" target="D7"/>
  <move id="323" source="F2" target="F3"/>
  <move id="324" source="D7" target="D8"/>
  <move id="325" source="F3" target="G3"/>
  <move id="326" source="D8" target="E8"/>
  <move id="327" source="G3" target="H3"/>
  <move id="328" source="E8" target="F8"/>
  <move id="329" source="G8" target="G7"/>
  <move id="330" source="F8" target="F7"/>
  <move id="331" source="G7" target="H7"/>
  <move id="332" source="F7" target="G7"/>
  <move id="333" source="H7" target="I7"/>
  <move id="334" source="G7" target="H7"/>
  <move id="335" source="I7" target="I6"/>
  <move id="336" source="H7" target="I7"/>
  <move id="337" source="I6" target="I5"/>
  <move id="338" source="I7" target="I6"/>
  <move id="339" source="I5" target="I4"/>
  <move id="340" source="I6" target="I5"/>
  <move id="341" source="I4" target="H4"/>
  <move id="342" source="I5" target="I4"/>
  <move id="343" source="H4" target="G4"/>
  <move id="344" source="I4" target="H4"/>
  <move id="345" source="H3" target="H4"/>
  <move id="346" source="B5" target="B6"/>
  <move id="347" source="A6" target="A5"/>
  <move id="348" source="B6" target="B5"/>
  <move id="349" source="A5" target="A6"/>
  <move id="350" source="E7" target="E8"/>
  <move id="351" source="F6" target="F7"/>
  <move id="352" source="B5" target="B4"/>
  <move id="353" source="H4" target="I4"/>
  <move id="354" source="B4" target="B3"/>
  <move id="355" source="A6" target="A7"/>
  <move id="356" source="B3" target="C3"/>
  <move id="357" source="A7" target="B7"/>
  <move id="358" source="C3" target="C2"/>
  <move id="359" source="A3" target="A8"/>
  <move id="360" source="G9" target="H9"/>
  <move id="361" source="B7" target="A7"/>
  <move id="362" source="H9" target="I9"/>
  <move id="363" source="G4" target="H4"/>
  <move id="364" source="I9" target="I8"/>
  <move id="365" source="I4" target="K4"/>
  <move id="366" source="I8" target="I7"/>
  <move id="367" source="H4" target="I4"/>
  <move id="368" source="I7" target="I6"/>
  <move id="369" source="I4" target="I5"/>
  <move id="370" source="C2" target="C1"/>
  <move id="371" source="I5" target="I6"/>
  <move id="372" source="C1" target="D1"/>
  <move id="373" source="K4" target="K5"/>
  <player id="1">Player 1</player>
  <player id="2">Player 2</player>
  <result type="3" winner="1"/>
 </game>
</stratego>