<?xml version="1.0" encoding="UTF-8"?>
<stratego>
 <game type="classic">
  
  <field content="HEBMBEFDBDIDEBEJBHGDFHKCLIEDIBDFGJHGFDGDAA__AA__AAAA__AA__AATPSTRSPTPSTWXVSPNPRNNQOUVPNRNRYNQUPPQUQQ"/>
  <move id="1" source="F4" target="F5"/>
  <move id="2" source="B7" target="B6"/>
  <move id="3" source="G4" target="F4"/>
  <move id="4" source="C7" target="B7"/>
  <move id="5" source="F5" target="F6"/>
  <move id="6" source="B6" target="A6"/>
  <move id="7" source="F4" target="F5"/>
  <move id="8" source="B7" target="B6"/>
  <move id="9" source="F6" target="E6"/>
  <move id="10" source="B8" target="B7"/>
  <move id="11" source="F5" target="F6"/>
  <move id="12" source="C8" target="C7"/>
  <move id="13" source="F6" target="F7"/>
  <move id="14" source="E7" target="E6"/>
  <move id="15" source="F3" target="F4"/>
  <move id="16" source="D7" target="E7"/>
  <move id="17" source="E6" target="F6"/>
  <move id="18" source="F7" target="F6"/>
  <move id="19" source="F4" target="F5"/>
  <move id="20" source="F8" target="F5"/>
  <move id="21" source="F5" target="F4"/>
  <move id="22" source="D8" target="D7"/>
  <move id="23" source="H4" target="G4"/>
  <move id="24" source="G7" target="F7"/>
  <move id="25" source="F4" target="F3"/>
  <move id="26" source="E8" target="F8"/>
  <move id="27" source="G4" target="F4"/>
  <move id="28" source="D7" target="D8"/>
  <move id="29" source="B4" target="B5"/>
  <move id="30" source="A6" target="A5"/>
  <move id="31" source="B5" target="A5"/>
  <move id="32" source="A7" target="A6"/>
  <move id="33" source="A5" target="B5"/>
  <move id="34" source="B6" target="B5"/>
  <move id="35" source="B3" target="B4"/>
  <move id="36" source="B7" target="B6"/>
  <move id="37" source="A4" target="A6"/>
  <move id="38" source="C7" target="B7"/>
  <move id="39" source="B4" target="A4"/>
  <move id="40" source="B7" target="A7"/>
  <move id="41" source="C3" target="B3"/>
  <move id="42" source="A6" target="A5"/>
  <move id="43" source="B3" target="B4"/>
  <move id="44" source="A7" target="A6"/>
  <move id="45" source="F4" target="F5"/>
  <move id="46" source="A5" target="A4"/>
  <move id="47" source="A3" target="A4"/>
  <move id="48" source="B5" target="A5"/>
  <move id="49" source="F5" target="E5"/>
  <player id="1">Player 1</player>
  <player id="2">Player 2</player>
  <result type="3" winner="2"/>
 </game>
</stratego>