<?xml version="1.0" encoding="UTF-8"?>
<stratego>
 <game type="classic">
  
  <field content="IJBIHEBDDEEJMDEBFEGDGKHIBFDDFHLHCBGFBDGDAA__AA__AAAA__AA__AASTNURSVPSPRNTYRNOVXQNQTQNTPQPWRSNPPPPQUU"/>
  <move id="1" source="A4" target="A5"/>
  <move id="2" source="I7" target="I6"/>
  <move id="3" source="A5" target="A6"/>
  <move id="4" source="H7" target="I7"/>
  <move id="5" source="A6" target="B6"/>
  <move id="6" source="I6" target="I5"/>
  <move id="7" source="B6" target="B7"/>
  <move id="8" source="A7" target="A6"/>
  <move id="9" source="B7" target="C7"/>
  <move id="10" source="K7" target="K4"/>
  <move id="11" source="B4" target="A4"/>
  <move id="12" source="A6" target="B6"/>
  <move id="13" source="B3" target="B4"/>
  <move id="14" source="B6" target="A6"/>
  <move id="15" source="B4" target="B5"/>
  <move id="16" source="I5" target="I4"/>
  <move id="17" source="B5" target="B6"/>
  <move id="18" source="A6" target="A5"/>
  <move id="19" source="B6" target="B7"/>
  <move id="20" source="A5" target="A4"/>
  <move id="21" source="B7" target="A7"/>
  <move id="22" source="I7" target="I3"/>
  <move id="23" source="A7" target="A8"/>
  <move id="24" source="I8" target="I7"/>
  <move id="25" source="A8" target="A9"/>
  <move id="26" source="I7" target="I6"/>
  <player id="1">Player 1</player>
  <player id="2">Player 2</player>
  <result type="3" winner="2"/>
 </game>
</stratego>