<?xml version="1.0" encoding="UTF-8"?>
<stratego>
 <game type="classic">
  
  <field content="FDDEHEDDDFBBFGGMEFBBDIBJIHCBHDGDEILJGEKHAA__AA__AAAA__AA__AASNRWTNSVUNPSRNOSTPXPNNRVUTPQQUQRQPPPPQTY"/>
  <move id="1" source="E4" target="E5"/>
  <move id="2" source="I7" target="I6"/>
  <move id="3" source="E5" target="E6"/>
  <move id="4" source="I6" target="I5"/>
  <move id="5" source="I4" target="I5"/>
  <move id="6" source="I8" target="I7"/>
  <move id="7" source="K4" target="K5"/>
  <move id="8" source="I7" target="I6"/>
  <move id="9" source="I5" target="I6"/>
  <move id="10" source="I6" target="K6"/>
  <move id="11" source="K5" target="I5"/>
  <move id="12" source="K6" target="I6"/>
  <move id="13" source="I5" target="I4"/>
  <move id="14" source="I6" target="I5"/>
  <move id="15" source="F4" target="F5"/>
  <move id="16" source="H7" target="I7"/>
  <move id="17" source="F5" target="E5"/>
  <move id="18" source="I7" target="I6"/>
  <move id="19" source="G4" target="F4"/>
  <move id="20" source="I6" target="K6"/>
  <move id="21" source="F4" target="F5"/>
  <move id="22" source="K6" target="K5"/>
  <move id="23" source="F5" target="F6"/>
  <move id="24" source="K5" target="K4"/>
  <move id="25" source="I4" target="K4"/>
  <move id="26" source="K4" target="K3"/>
  <move id="27" source="F6" target="F7"/>
  <move id="28" source="K3" target="K2"/>
  <move id="29" source="H4" target="G4"/>
  <move id="30" source="I5" target="I4"/>
  <move id="31" source="G4" target="F4"/>
  <move id="32" source="I9" target="I8"/>
  <move id="33" source="F4" target="F5"/>
  <move id="34" source="I8" target="I7"/>
  <move id="35" source="F5" target="F6"/>
  <move id="36" source="I7" target="I6"/>
  <move id="37" source="F6" target="F7"/>
  <move id="38" source="G7" target="F7"/>
  <move id="39" source="E5" target="F5"/>
  <move id="40" source="I6" target="K6"/>
  <move id="41" source="F5" target="F6"/>
  <move id="42" source="K6" target="K5"/>
  <move id="43" source="F6" target="F7"/>
  <move id="44" source="K5" target="K4"/>
  <move id="45" source="F7" target="F8"/>
  <move id="46" source="I4" target="I3"/>
  <move id="47" source="E6" target="F6"/>
  <move id="48" source="K4" target="K3"/>
  <move id="49" source="F6" target="F7"/>
  <move id="50" source="K3" target="K2"/>
  <move id="51" source="F7" target="G7"/>
  <move id="52" source="K2" target="K1"/>
  <move id="53" source="G7" target="H7"/>
  <move id="54" source="H8" target="H7"/>
  <move id="55" source="H7" target="I7"/>
  <move id="56" source="I3" target="I4"/>
  <move id="57" source="I7" target="K7"/>
  <move id="58" source="I4" target="I5"/>
  <move id="59" source="F8" target="F9"/>
  <move id="60" source="I5" target="I6"/>
  <move id="61" source="F9" target="F:"/>
  <move id="62" source="I6" target="I7"/>
  <move id="63" source="F:" target="G:"/>
  <move id="64" source="I7" target="I8"/>
  <move id="65" source="G:" target="H:"/>
  <move id="66" source="I8" target="I9"/>
  <move id="67" source="D4" target="E4"/>
  <move id="68" source="E7" target="F7"/>
  <move id="69" source="E4" target="E5"/>
  <move id="70" source="F7" target="G7"/>
  <move id="71" source="E5" target="F5"/>
  <move id="72" source="G7" target="H7"/>
  <move id="73" source="F5" target="F6"/>
  <move id="74" source="D7" target="E7"/>
  <move id="75" source="F6" target="F7"/>
  <move id="76" source="E7" target="F7"/>
  <move id="77" source="B4" target="B5"/>
  <move id="78" source="F7" target="F8"/>
  <move id="79" source="E3" target="E4"/>
  <move id="80" source="F8" target="F9"/>
  <move id="81" source="E4" target="E5"/>
  <move id="82" source="F9" target="F:"/>
  <move id="83" source="E5" target="E6"/>
  <move id="84" source="F:" target="G:"/>
  <move id="85" source="H:" target="I:"/>
  <move id="86" source="I9" target="I:"/>
  <move id="87" source="E6" target="E7"/>
  <move id="88" source="I:" target="I9"/>
  <move id="89" source="E7" target="D7"/>
  <move id="90" source="G:" target="F:"/>
  <move id="91" source="D7" target="D8"/>
  <move id="92" source="F:" target="F9"/>
  <move id="93" source="B5" target="B7"/>
  <move id="94" source="F9" target="F8"/>
  <move id="95" source="C4" target="B4"/>
  <move id="96" source="F8" target="F7"/>
  <move id="97" source="B4" target="B5"/>
  <move id="98" source="F7" target="F6"/>
  <move id="99" source="B5" target="B6"/>
  <move id="100" source="E9" target="F9"/>
  <move id="101" source="D3" target="D4"/>
  <move id="102" source="F6" target="F5"/>
  <move id="103" source="D4" target="C4"/>
  <move id="104" source="F5" target="F4"/>
  <move id="105" source="C4" target="B4"/>
  <move id="106" source="E8" target="F8"/>
  <move id="107" source="B4" target="B5"/>
  <move id="108" source="D9" target="E9"/>
  <move id="109" source="B6" target="B7"/>
  <move id="110" source="C7" target="B7"/>
  <move id="111" source="B5" target="B6"/>
  <move id="112" source="E9" target="E8"/>
  <move id="113" source="B6" target="B7"/>
  <move id="114" source="E8" target="E7"/>
  <move id="115" source="B7" target="B8"/>
  <move id="116" source="E7" target="D7"/>
  <move id="117" source="B8" target="A8"/>
  <move id="118" source="D7" target="C7"/>
  <move id="119" source="A8" target="A7"/>
  <move id="120" source="C7" target="B7"/>
  <move id="121" source="A7" target="A8"/>
  <move id="122" source="B7" target="B8"/>
  <move id="123" source="A8" target="A9"/>
  <player id="1">Player 1</player>
  <player id="2">Player 2</player>
  <result type="3" winner="2"/>
 </game>
</stratego>