<?xml version="1.0" encoding="UTF-8"?>
<stratego>
 <game type="classic">
  
  <field content="EBEDMDHBGDHGDIBGDEHEBKDCJBJDLBFIEDHFFGIFAA__AA__AAAA__AA__AAXWPPSPSPRSTRVNPTPNSUVQUQNNQURPYNQTRTQNOP"/>
  <move id="1" source="B4" target="B5"/>
  <move id="2" source="A7" target="A6"/>
  <move id="3" source="A4" target="A5"/>
  <move id="4" source="A6" target="A5"/>
  <move id="5" source="B5" target="B6"/>
  <move id="6" source="B7" target="B6"/>
  <move id="7" source="K4" target="K5"/>
  <move id="8" source="B6" target="B5"/>
  <move id="9" source="K5" target="K6"/>
  <move id="10" source="B5" target="B4"/>
  <move id="11" source="I4" target="K4"/>
  <move id="12" source="B4" target="A4"/>
  <move id="13" source="I3" target="I4"/>
  <move id="14" source="A4" target="A3"/>
  <move id="15" source="B3" target="B4"/>
  <move id="16" source="A5" target="B5"/>
  <move id="17" source="B4" target="A4"/>
  <move id="18" source="B5" target="B4"/>
  <move id="19" source="A4" target="A5"/>
  <move id="20" source="B4" target="C4"/>
  <move id="21" source="A5" target="A6"/>
  <move id="22" source="A8" target="A7"/>
  <move id="23" source="A6" target="A7"/>
  <move id="24" source="C4" target="B4"/>
  <move id="25" source="F4" target="F5"/>
  <move id="26" source="B4" target="B3"/>
  <move id="27" source="E4" target="F4"/>
  <move id="28" source="B3" target="B2"/>
  <move id="29" source="E3" target="E4"/>
  <move id="30" source="B2" target="C2"/>
  <move id="31" source="F5" target="F6"/>
  <move id="32" source="C2" target="D2"/>
  <move id="33" source="D3" target="D2"/>
  <move id="34" source="E7" target="E6"/>
  <move id="35" source="F6" target="F7"/>
  <move id="36" source="E6" target="E5"/>
  <move id="37" source="E4" target="E5"/>
  <move id="38" source="D7" target="E7"/>
  <move id="39" source="F7" target="G7"/>
  <move id="40" source="E7" target="E6"/>
  <move id="41" source="F4" target="E4"/>
  <move id="42" source="C7" target="D7"/>
  <move id="43" source="A7" target="B7"/>
  <move id="44" source="D7" target="E7"/>
  <move id="45" source="E4" target="E3"/>
  <move id="46" source="E7" target="F7"/>
  <move id="47" source="G4" target="F4"/>
  <move id="48" source="F7" target="F5"/>
  <move id="49" source="G3" target="G4"/>
  <move id="50" source="B8" target="A8"/>
  <move id="51" source="B7" target="A7"/>
  <move id="52" source="E6" target="F6"/>
  <player id="1">Player 1</player>
  <player id="2">Player 2</player>
  <result type="3" winner="1"/>
 </game>
</stratego>