<?xml version="1.0" encoding="UTF-8"?>
<stratego>
 <game type="classic">
  
  <field content="DDEDBFDEHMHFHDFBEHEGEDCGBFBJLKIGDDIBBJGIAA__AA__AAAA__AA__AAPUQURSUTSRPXQPNRNPWSTTPTSNRVONPPPQQNQVNY"/>
  <move id="1" source="E4" target="E5"/>
  <move id="2" source="B7" target="B6"/>
  <move id="3" source="A4" target="A5"/>
  <move id="4" source="A7" target="A6"/>
  <move id="5" source="K4" target="K5"/>
  <move id="6" source="A6" target="A5"/>
  <move id="7" source="B4" target="A4"/>
  <move id="8" source="B6" target="A6"/>
  <move id="9" source="C4" target="B4"/>
  <move id="10" source="C7" target="B7"/>
  <move id="11" source="B4" target="B5"/>
  <move id="12" source="A8" target="A7"/>
  <move id="13" source="E5" target="E6"/>
  <move id="14" source="A6" target="A5"/>
  <move id="15" source="B5" target="B6"/>
  <move id="16" source="A7" target="A4"/>
  <move id="17" source="B6" target="A6"/>
  <move id="18" source="B7" target="A7"/>
  <move id="19" source="A6" target="A5"/>
  <move id="20" source="A7" target="A6"/>
  <move id="21" source="A5" target="B5"/>
  <move id="22" source="A6" target="B6"/>
  <move id="23" source="B3" target="B4"/>
  <move id="24" source="A9" target="A8"/>
  <move id="25" source="A4" target="A5"/>
  <move id="26" source="A8" target="A7"/>
  <move id="27" source="B4" target="A4"/>
  <move id="28" source="A7" target="A6"/>
  <move id="29" source="B5" target="B4"/>
  <move id="30" source="A6" target="A5"/>
  <move id="31" source="B4" target="B6"/>
  <move id="32" source="A5" target="A4"/>
  <move id="33" source="D4" target="C4"/>
  <move id="34" source="A4" target="A5"/>
  <move id="35" source="C4" target="B4"/>
  <move id="36" source="A5" target="A6"/>
  <move id="37" source="B4" target="B5"/>
  <move id="38" source="A:" target="A9"/>
  <move id="39" source="B5" target="A5"/>
  <move id="40" source="A6" target="A7"/>
  <move id="41" source="A5" target="A6"/>
  <move id="42" source="A7" target="B7"/>
  <move id="43" source="A6" target="A7"/>
  <move id="44" source="A9" target="A7"/>
  <move id="45" source="A3" target="B3"/>
  <move id="46" source="B6" target="A6"/>
  <move id="47" source="A2" target="A3"/>
  <move id="48" source="D7" target="C7"/>
  <move id="49" source="A3" target="A4"/>
  <move id="50" source="B7" target="B6"/>
  <move id="51" source="A4" target="A5"/>
  <move id="52" source="A6" target="A7"/>
  <move id="53" source="A5" target="A6"/>
  <move id="54" source="B6" target="B7"/>
  <move id="55" source="A6" target="A7"/>
  <move id="56" source="B7" target="A7"/>
  <move id="57" source="A1" target="A2"/>
  <move id="58" source="C7" target="B7"/>
  <move id="59" source="B3" target="B4"/>
  <move id="60" source="B7" target="B6"/>
  <move id="61" source="B4" target="C4"/>
  <move id="62" source="B6" target="B5"/>
  <move id="63" source="C4" target="D4"/>
  <move id="64" source="B5" target="B4"/>
  <move id="65" source="D4" target="E4"/>
  <move id="66" source="B9" target="A9"/>
  <move id="67" source="D3" target="D4"/>
  <move id="68" source="A9" target="A8"/>
  <move id="69" source="D4" target="C4"/>
  <move id="70" source="B4" target="C4"/>
  <move id="71" source="E4" target="E5"/>
  <move id="72" source="C4" target="B4"/>
  <move id="73" source="E5" target="F5"/>
  <move id="74" source="A8" target="A7"/>
  <move id="75" source="F5" target="F6"/>
  <move id="76" source="A7" target="A6"/>
  <move id="77" source="E6" target="E5"/>
  <move id="78" source="A6" target="A5"/>
  <move id="79" source="E5" target="E4"/>
  <move id="80" source="B4" target="B5"/>
  <move id="81" source="E4" target="D4"/>
  <move id="82" source="B5" target="B6"/>
  <move id="83" source="D4" target="C4"/>
  <move id="84" source="B6" target="B7"/>
  <move id="85" source="C4" target="B4"/>
  <move id="86" source="B7" target="C7"/>
  <move id="87" source="B4" target="B5"/>
  <move id="88" source="A5" target="A4"/>
  <move id="89" source="A2" target="A3"/>
  <move id="90" source="A4" target="A3"/>
  <move id="91" source="D2" target="D4"/>
  <move id="92" source="F7" target="F6"/>
  <move id="93" source="C3" target="D3"/>
  <move id="94" source="F6" target="F7"/>
  <move id="95" source="C2" target="C3"/>
  <move id="96" source="A3" target="A2"/>
  <move id="97" source="C3" target="B3"/>
  <move id="98" source="A2" target="A1"/>
  <move id="99" source="C1" target="C2"/>
  <move id="100" source="A1" target="B1"/>
  <move id="101" source="C2" target="C3"/>
  <move id="102" source="B1" target="C1"/>
  <move id="103" source="C3" target="C4"/>
  <move id="104" source="C1" target="D1"/>
  <move id="105" source="D3" target="D2"/>
  <move id="106" source="D1" target="D2"/>
  <move id="107" source="K5" target="K6"/>
  <move id="108" source="D2" target="C2"/>
  <move id="109" source="I4" target="I5"/>
  <move id="110" source="B8" target="B7"/>
  <move id="111" source="I5" target="I6"/>
  <move id="112" source="B7" target="B6"/>
  <move id="113" source="B2" target="A2"/>
  <move id="114" source="B6" target="B5"/>
  <move id="115" source="K3" target="K4"/>
  <move id="116" source="B5" target="B4"/>
  <move id="117" source="B3" target="C3"/>
  <move id="118" source="B4" target="B3"/>
  <move id="119" source="C3" target="C2"/>
  <move id="120" source="B:" target="B4"/>
  <move id="121" source="K4" target="K5"/>
  <move id="122" source="B4" target="C4"/>
  <move id="123" source="K6" target="K7"/>
  <move id="124" source="B3" target="B4"/>
  <move id="125" source="K5" target="K6"/>
  <move id="126" source="B4" target="C4"/>
  <move id="127" source="D4" target="D1"/>
  <move id="128" source="E7" target="E6"/>
  <move id="129" source="I6" target="I7"/>
  <move id="130" source="E6" target="E5"/>
  <move id="131" source="I3" target="I4"/>
  <move id="132" source="E5" target="E4"/>
  <move id="133" source="I4" target="I5"/>
  <move id="134" source="E4" target="F4"/>
  <move id="135" source="K7" target="I7"/>
  <move id="136" source="C7" target="B7"/>
  <move id="137" source="K6" target="K7"/>
  <move id="138" source="C8" target="C7"/>
  <move id="139" source="I5" target="I6"/>
  <move id="140" source="C7" target="D7"/>
  <move id="141" source="I7" target="I8"/>
  <move id="142" source="D7" target="E7"/>
  <move id="143" source="K7" target="I7"/>
  <move id="144" source="E7" target="E6"/>
  <move id="145" source="I7" target="H7"/>
  <move id="146" source="E6" target="E5"/>
  <move id="147" source="H7" target="G7"/>
  <move id="148" source="E5" target="F5"/>
  <move id="149" source="G7" target="F7"/>
  <move id="150" source="C4" target="D4"/>
  <move id="151" source="F7" target="F6"/>
  <move id="152" source="F5" target="F4"/>
  <move id="153" source="F3" target="F4"/>
  <move id="154" source="D4" target="E4"/>
  <move id="155" source="F4" target="F3"/>
  <move id="156" source="E4" target="F4"/>
  <move id="157" source="F6" target="F7"/>
  <move id="158" source="F4" target="F3"/>
  <move id="159" source="A2" target="A3"/>
  <move id="160" source="F3" target="F4"/>
  <move id="161" source="A3" target="A4"/>
  <move id="162" source="B7" target="B6"/>
  <move id="163" source="A4" target="A5"/>
  <move id="164" source="B6" target="A6"/>
  <move id="165" source="A5" target="B5"/>
  <move id="166" source="F4" target="F5"/>
  <move id="167" source="F7" target="G7"/>
  <move id="168" source="F5" target="F6"/>
  <move id="169" source="G7" target="H7"/>
  <move id="170" source="F6" target="F7"/>
  <move id="171" source="H7" target="H8"/>
  <move id="172" source="I8" target="H8"/>
  <move id="173" source="I6" target="I7"/>
  <move id="174" source="F7" target="G7"/>
  <move id="175" source="I7" target="I8"/>
  <move id="176" source="K8" target="I8"/>
  <move id="177" source="I8" target="I9"/>
  <move id="178" source="H9" target="H8"/>
  <move id="179" source="I9" target="I8"/>
  <move id="180" source="H8" target="H7"/>
  <move id="181" source="I2" target="I3"/>
  <move id="182" source="G7" target="F7"/>
  <move id="183" source="I3" target="I4"/>
  <move id="184" source="F7" target="F6"/>
  <move id="185" source="I4" target="I5"/>
  <move id="186" source="F6" target="F5"/>
  <move id="187" source="I5" target="I6"/>
  <move id="188" source="F5" target="F4"/>
  <move id="189" source="I6" target="K6"/>
  <move id="190" source="F4" target="G4"/>
  <move id="191" source="K6" target="K7"/>
  <move id="192" source="H:" target="H9"/>
  <move id="193" source="K7" target="K8"/>
  <move id="194" source="H9" target="I9"/>
  <move id="195" source="K8" target="K9"/>
  <move id="196" source="I9" target="K9"/>
  <move id="197" source="I8" target="K8"/>
  <move id="198" source="K9" target="I9"/>
  <move id="199" source="K8" target="K9"/>
  <move id="200" source="I9" target="I8"/>
  <move id="201" source="K9" target="K:"/>
  <player id="1">Player 1</player>
  <player id="2">Player 2</player>
  <result type="1" winner="1"/>
 </game>
</stratego>