<?xml version="1.0" encoding="UTF-8"?>
<stratego>
 <game type="classic">
  
  <field content="FEBMBBHBBEIJEBFEFHGDDKDHLHJDIDDGCIGFEDGDAA__AA__AAAA__AA__AARSPVTSUPRPPPQOWXVTPTTPUQUQNSPNNQSQRNYNNR"/>
  <move id="1" source="E4" target="E5"/>
  <move id="2" source="B7" target="B6"/>
  <move id="3" source="D4" target="E4"/>
  <move id="4" source="C7" target="B7"/>
  <move id="5" source="F4" target="F5"/>
  <move id="6" source="B6" target="B5"/>
  <move id="7" source="G4" target="F4"/>
  <move id="8" source="B7" target="B6"/>
  <move id="9" source="E5" target="E6"/>
  <move id="10" source="B5" target="A5"/>
  <move id="11" source="E4" target="E5"/>
  <move id="12" source="B6" target="A6"/>
  <move id="13" source="F5" target="F6"/>
  <move id="14" source="A5" target="A4"/>
  <move id="15" source="B4" target="A4"/>
  <move id="16" source="A7" target="B7"/>
  <move id="17" source="A3" target="A4"/>
  <move id="18" source="B7" target="B6"/>
  <move id="19" source="A4" target="B4"/>
  <move id="20" source="B6" target="B5"/>
  <move id="21" source="F4" target="F5"/>
  <move id="22" source="A6" target="A5"/>
  <move id="23" source="A2" target="A3"/>
  <move id="24" source="B5" target="B4"/>
  <move id="25" source="C4" target="D4"/>
  <move id="26" source="B4" target="B3"/>
  <move id="27" source="B3" target="B4"/>
  <move id="28" source="C8" target="C7"/>
  <move id="29" source="C3" target="C4"/>
  <move id="30" source="D8" target="C8"/>
  <move id="31" source="A3" target="B3"/>
  <move id="32" source="A5" target="A3"/>
  <move id="33" source="B3" target="C3"/>
  <move id="34" source="A3" target="C3"/>
  <move id="35" source="B4" target="B3"/>
  <move id="36" source="C7" target="B7"/>
  <move id="37" source="C4" target="B4"/>
  <move id="38" source="B7" target="B6"/>
  <move id="39" source="D4" target="C4"/>
  <move id="40" source="B6" target="B5"/>
  <move id="41" source="A1" target="A2"/>
  <move id="42" source="D7" target="C7"/>
  <move id="43" source="A2" target="A3"/>
  <move id="44" source="C7" target="B7"/>
  <move id="45" source="F6" target="F7"/>
  <move id="46" source="B7" target="B6"/>
  <move id="47" source="E6" target="F6"/>
  <move id="48" source="B5" target="A5"/>
  <move id="49" source="F6" target="F7"/>
  <move id="50" source="G7" target="F7"/>
  <move id="51" source="E5" target="E6"/>
  <move id="52" source="B6" target="B5"/>
  <move id="53" source="H4" target="G4"/>
  <move id="54" source="E7" target="D7"/>
  <move id="55" source="G4" target="F4"/>
  <move id="56" source="D7" target="D8"/>
  <move id="57" source="F4" target="E4"/>
  <move id="58" source="B8" target="B7"/>
  <move id="59" source="E6" target="F6"/>
  <move id="60" source="B7" target="C7"/>
  <move id="61" source="E4" target="E5"/>
  <move id="62" source="C7" target="D7"/>
  <move id="63" source="E5" target="E6"/>
  <move id="64" source="D7" target="E7"/>
  <move id="65" source="I4" target="I5"/>
  <move id="66" source="D8" target="D7"/>
  <move id="67" source="K4" target="K5"/>
  <move id="68" source="C8" target="C7"/>
  <move id="69" source="K5" target="K6"/>
  <move id="70" source="E8" target="D8"/>
  <move id="71" source="I5" target="I6"/>
  <move id="72" source="D8" target="C8"/>
  <move id="73" source="K6" target="K7"/>
  <move id="74" source="C8" target="B8"/>
  <move id="75" source="K3" target="K8"/>
  <move id="76" source="C7" target="C8"/>
  <move id="77" source="I3" target="I4"/>
  <move id="78" source="K8" target="K7"/>
  <move id="79" source="I4" target="K4"/>
  <move id="80" source="K7" target="K6"/>
  <move id="81" source="I6" target="I5"/>
  <move id="82" source="K6" target="I6"/>
  <move id="83" source="I5" target="I4"/>
  <move id="84" source="I7" target="K7"/>
  <move id="85" source="I4" target="H4"/>
  <move id="86" source="K7" target="K8"/>
  <move id="87" source="K4" target="I4"/>
  <move id="88" source="I6" target="K6"/>
  <move id="89" source="I4" target="K4"/>
  <move id="90" source="K6" target="I6"/>
  <move id="91" source="K4" target="I4"/>
  <move id="92" source="I6" target="K6"/>
  <move id="93" source="I4" target="I5"/>
  <move id="94" source="H7" target="I7"/>
  <move id="95" source="I5" target="I6"/>
  <move id="96" source="K6" target="K5"/>
  <move id="97" source="I6" target="I5"/>
  <move id="98" source="K5" target="K6"/>
  <move id="99" source="H3" target="I3"/>
  <move id="100" source="I7" target="I6"/>
  <move id="101" source="I5" target="K5"/>
  <move id="102" source="K6" target="K7"/>
  <move id="103" source="K5" target="K6"/>
  <move id="104" source="K7" target="I7"/>
  <move id="105" source="K6" target="I6"/>
  <move id="106" source="I7" target="H7"/>
  <move id="107" source="I6" target="K6"/>
  <move id="108" source="F7" target="G7"/>
  <move id="109" source="I3" target="I8"/>
  <move id="110" source="E7" target="F7"/>
  <move id="111" source="K6" target="K7"/>
  <move id="112" source="C8" target="D8"/>
  <move id="113" source="K7" target="K8"/>
  <move id="114" source="D8" target="E8"/>
  <move id="115" source="K8" target="K7"/>
  <move id="116" source="H8" target="I8"/>
  <move id="117" source="K7" target="K6"/>
  <move id="118" source="H7" target="H8"/>
  <move id="119" source="K2" target="K3"/>
  <move id="120" source="G7" target="H7"/>
  <move id="121" source="K3" target="I3"/>
  <move id="122" source="H7" target="I7"/>
  <move id="123" source="I3" target="I7"/>
  <move id="124" source="B8" target="B7"/>
  <move id="125" source="E3" target="E4"/>
  <move id="126" source="G8" target="G7"/>
  <move id="127" source="E4" target="E5"/>
  <move id="128" source="A5" target="A6"/>
  <move id="129" source="E6" target="E7"/>
  <move id="130" source="D7" target="E7"/>
  <move id="131" source="E5" target="E6"/>
  <move id="132" source="A6" target="B6"/>
  <move id="133" source="E6" target="E5"/>
  <move id="134" source="B7" target="A7"/>
  <move id="135" source="F6" target="E6"/>
  <move id="136" source="A7" target="A6"/>
  <move id="137" source="F5" target="F4"/>
  <move id="138" source="A6" target="A5"/>
  <move id="139" source="F4" target="E4"/>
  <move id="140" source="A5" target="A4"/>
  <move id="141" source="H4" target="G4"/>
  <move id="142" source="A4" target="A3"/>
  <move id="143" source="B3" target="A3"/>
  <move id="144" source="B5" target="B4"/>
  <move id="145" source="E4" target="D4"/>
  <move id="146" source="B4" target="B3"/>
  <move id="147" source="B2" target="B3"/>
  <move id="148" source="B6" target="B5"/>
  <move id="149" source="C3" target="B3"/>
  <move id="150" source="B5" target="B4"/>
  <move id="151" source="B3" target="B4"/>
  <move id="152" source="E8" target="D8"/>
  <move id="153" source="D3" target="E3"/>
  <move id="154" source="D8" target="C8"/>
  <move id="155" source="D4" target="D3"/>
  <move id="156" source="E7" target="E8"/>
  <move id="157" source="D3" target="C3"/>
  <move id="158" source="E8" target="D8"/>
  <move id="159" source="C3" target="B3"/>
  <move id="160" source="C8" target="B8"/>
  <move id="161" source="E6" target="E7"/>
  <move id="162" source="A8" target="A7"/>
  <move id="163" source="E7" target="D7"/>
  <move id="164" source="D8" target="E8"/>
  <move id="165" source="D7" target="E7"/>
  <move id="166" source="E8" target="D8"/>
  <move id="167" source="G4" target="F4"/>
  <move id="168" source="A7" target="E7"/>
  <move id="169" source="F4" target="F5"/>
  <move id="170" source="B8" target="B7"/>
  <move id="171" source="F5" target="F6"/>
  <move id="172" source="B7" target="C7"/>
  <move id="173" source="F6" target="F7"/>
  <move id="174" source="F8" target="E8"/>
  <move id="175" source="E7" target="E6"/>
  <move id="176" source="G7" target="F7"/>
  <move id="177" source="G3" target="G4"/>
  <move id="178" source="F7" target="F6"/>
  <move id="179" source="G4" target="H4"/>
  <move id="180" source="E8" target="E7"/>
  <move id="181" source="H4" target="I4"/>
  <move id="182" source="E7" target="E6"/>
  <move id="183" source="E5" target="F5"/>
  <move id="184" source="F6" target="F7"/>
  <move id="185" source="I4" target="I5"/>
  <move id="186" source="I7" target="H7"/>
  <move id="187" source="I5" target="I6"/>
  <move id="188" source="H7" target="G7"/>
  <move id="189" source="I6" target="I7"/>
  <move id="190" source="G7" target="G8"/>
  <move id="191" source="I7" target="I8"/>
  <move id="192" source="H8" target="H7"/>
  <move id="193" source="I8" target="I7"/>
  <move id="194" source="H7" target="H8"/>
  <move id="195" source="I7" target="I8"/>
  <move id="196" source="H8" target="H7"/>
  <move id="197" source="I8" target="H8"/>
  <move id="198" source="G8" target="F8"/>
  <move id="199" source="H8" target="H7"/>
  <move id="200" source="F7" target="G7"/>
  <move id="201" source="H7" target="G7"/>
  <move id="202" source="F8" target="G8"/>
  <move id="203" source="K6" target="K7"/>
  <move id="204" source="G8" target="H8"/>
  <move id="205" source="B4" target="B5"/>
  <move id="206" source="C9" target="C8"/>
  <move id="207" source="B5" target="B6"/>
  <move id="208" source="C8" target="B8"/>
  <move id="209" source="B6" target="B7"/>
  <move id="210" source="B8" target="B7"/>
  <move id="211" source="B3" target="B4"/>
  <move id="212" source="C7" target="C8"/>
  <move id="213" source="B4" target="B5"/>
  <move id="214" source="C8" target="C9"/>
  <move id="215" source="B5" target="B6"/>
  <move id="216" source="B9" target="B6"/>
  <move id="217" source="B6" target="B7"/>
  <move id="218" source="H8" target="I8"/>
  <move id="219" source="B7" target="A7"/>
  <move id="220" source="E9" target="E8"/>
  <move id="221" source="A7" target="A8"/>
  <move id="222" source="A9" target="A8"/>
  <move id="223" source="K7" target="I7"/>
  <move id="224" source="I8" target="I7"/>
  <move id="225" source="K1" target="K2"/>
  <move id="226" source="E8" target="E9"/>
  <move id="227" source="K2" target="K3"/>
  <move id="228" source="D8" target="E8"/>
  <move id="229" source="K3" target="K4"/>
  <move id="230" source="E8" target="F8"/>
  <move id="231" source="K4" target="K5"/>
  <move id="232" source="F8" target="G8"/>
  <move id="233" source="K5" target="K6"/>
  <move id="234" source="G8" target="H8"/>
  <move id="235" source="K6" target="K7"/>
  <move id="236" source="H8" target="I8"/>
  <move id="237" source="E3" target="D3"/>
  <move id="238" source="D9" target="D8"/>
  <move id="239" source="D3" target="C3"/>
  <move id="240" source="D8" target="D7"/>
  <move id="241" source="C3" target="B3"/>
  <move id="242" source="A8" target="B8"/>
  <move id="243" source="I2" target="I3"/>
  <move id="244" source="B8" target="C8"/>
  <move id="245" source="I3" target="I4"/>
  <move id="246" source="C8" target="D8"/>
  <move id="247" source="I4" target="I5"/>
  <move id="248" source="D8" target="E8"/>
  <move id="249" source="I5" target="I6"/>
  <move id="250" source="E8" target="F8"/>
  <move id="251" source="I6" target="I7"/>
  <move id="252" source="I8" target="K8"/>
  <move id="253" source="K7" target="K6"/>
  <move id="254" source="F8" target="F7"/>
  <move id="255" source="I7" target="K7"/>
  <move id="256" source="K8" target="I8"/>
  <move id="257" source="K7" target="K8"/>
  <move id="258" source="I8" target="I7"/>
  <move id="259" source="K8" target="I8"/>
  <move id="260" source="I7" target="K7"/>
  <move id="261" source="K6" target="I6"/>
  <move id="262" source="F7" target="G7"/>
  <move id="263" source="I8" target="I9"/>
  <move id="264" source="H9" target="H8"/>
  <move id="265" source="I9" target="I8"/>
  <move id="266" source="H8" target="G8"/>
  <move id="267" source="I8" target="K8"/>
  <move id="268" source="K7" target="K8"/>
  <move id="269" source="H2" target="I2"/>
  <move id="270" source="G8" target="H8"/>
  <move id="271" source="F5" target="F4"/>
  <move id="272" source="H8" target="H9"/>
  <move id="273" source="F4" target="G4"/>
  <move id="274" source="E6" target="E7"/>
  <move id="275" source="G4" target="H4"/>
  <move id="276" source="G7" target="G8"/>
  <move id="277" source="H4" target="I4"/>
  <move id="278" source="E7" target="F7"/>
  <move id="279" source="I6" target="K6"/>
  <move id="280" source="F7" target="G7"/>
  <move id="281" source="I4" target="I5"/>
  <move id="282" source="G7" target="H7"/>
  <move id="283" source="I5" target="I6"/>
  <move id="284" source="H7" target="I7"/>
  <move id="285" source="I6" target="I5"/>
  <move id="286" source="I7" target="I6"/>
  <move id="287" source="I5" target="I6"/>
  <move id="288" source="D7" target="C7"/>
  <move id="289" source="C4" target="B4"/>
  <move id="290" source="C7" target="D7"/>
  <move id="291" source="B4" target="B5"/>
  <move id="292" source="D7" target="E7"/>
  <move id="293" source="B5" target="A5"/>
  <move id="294" source="E7" target="D7"/>
  <move id="295" source="B3" target="B4"/>
  <move id="296" source="E9" target="D9"/>
  <move id="297" source="B4" target="C4"/>
  <move id="298" source="D9" target="D8"/>
  <move id="299" source="C4" target="D4"/>
  <move id="300" source="D7" target="C7"/>
  <move id="301" source="D4" target="E4"/>
  <move id="302" source="C7" target="B7"/>
  <move id="303" source="E4" target="E5"/>
  <move id="304" source="B7" target="A7"/>
  <move id="305" source="E5" target="E6"/>
  <move id="306" source="D8" target="E8"/>
  <move id="307" source="E6" target="E7"/>
  <move id="308" source="E8" target="E7"/>
  <move id="309" source="F3" target="F4"/>
  <move id="310" source="K8" target="K7"/>
  <move id="311" source="K6" target="I6"/>
  <move id="312" source="K7" target="I7"/>
  <move id="313" source="I6" target="I5"/>
  <move id="314" source="I7" target="I6"/>
  <move id="315" source="I5" target="I4"/>
  <move id="316" source="I6" target="I5"/>
  <move id="317" source="I4" target="H4"/>
  <move id="318" source="I5" target="I4"/>
  <move id="319" source="H4" target="G4"/>
  <move id="320" source="I4" target="H4"/>
  <move id="321" source="G4" target="G3"/>
  <move id="322" source="H4" target="G4"/>
  <move id="323" source="F4" target="G4"/>
  <move id="324" source="A7" target="A6"/>
  <move id="325" source="A5" target="B5"/>
  <move id="326" source="A6" target="B6"/>
  <move id="327" source="G3" target="G4"/>
  <move id="328" source="B6" target="B5"/>
  <move id="329" source="G4" target="H4"/>
  <move id="330" source="B5" target="B6"/>
  <move id="331" source="H4" target="I4"/>
  <move id="332" source="B6" target="B7"/>
  <move id="333" source="I4" target="K4"/>
  <move id="334" source="G8" target="H8"/>
  <move id="335" source="I2" target="I3"/>
  <move id="336" source="H8" target="I8"/>
  <move id="337" source="I3" target="I4"/>
  <move id="338" source="I8" target="I7"/>
  <move id="339" source="I4" target="I5"/>
  <move id="340" source="I7" target="I6"/>
  <move id="341" source="I5" target="I6"/>
  <move id="342" source="B7" target="C7"/>
  <move id="343" source="G2" target="G3"/>
  <move id="344" source="C7" target="D7"/>
  <move id="345" source="G3" target="G4"/>
  <move id="346" source="D7" target="D8"/>
  <move id="347" source="K4" target="K5"/>
  <move id="348" source="E7" target="F7"/>
  <move id="349" source="K5" target="K6"/>
  <move id="350" source="F7" target="G7"/>
  <move id="351" source="K6" target="K7"/>
  <move id="352" source="G7" target="H7"/>
  <move id="353" source="K7" target="K8"/>
  <move id="354" source="H7" target="H8"/>
  <move id="355" source="K8" target="K9"/>
  <move id="356" source="K:" target="K9"/>
  <move id="357" source="G4" target="F4"/>
  <move id="358" source="H8" target="G8"/>
  <move id="359" source="F4" target="E4"/>
  <move id="360" source="G8" target="F8"/>
  <move id="361" source="E4" target="D4"/>
  <move id="362" source="F8" target="E8"/>
  <move id="363" source="D4" target="C4"/>
  <move id="364" source="D8" target="D7"/>
  <move id="365" source="C4" target="B4"/>
  <move id="366" source="E8" target="D8"/>
  <move id="367" source="G1" target="G2"/>
  <move id="368" source="D7" target="E7"/>
  <move id="369" source="G2" target="G3"/>
  <move id="370" source="E7" target="E6"/>
  <move id="371" source="B4" target="C4"/>
  <move id="372" source="K9" target="K8"/>
  <move id="373" source="C4" target="D4"/>
  <move id="374" source="D8" target="D7"/>
  <move id="375" source="D4" target="C4"/>
  <move id="376" source="K8" target="K7"/>
  <move id="377" source="C4" target="B4"/>
  <move id="378" source="K7" target="K6"/>
  <move id="379" source="G3" target="G4"/>
  <move id="380" source="K6" target="K5"/>
  <move id="381" source="G4" target="H4"/>
  <move id="382" source="K5" target="K4"/>
  <move id="383" source="H4" target="G4"/>
  <move id="384" source="K4" target="I4"/>
  <move id="385" source="G4" target="F4"/>
  <move id="386" source="E6" target="E7"/>
  <move id="387" source="F4" target="F5"/>
  <move id="388" source="E7" target="E8"/>
  <move id="389" source="B4" target="A4"/>
  <move id="390" source="E8" target="D8"/>
  <move id="391" source="A4" target="A5"/>
  <move id="392" source="E:" target="E9"/>
  <move id="393" source="A5" target="A6"/>
  <move id="394" source="E9" target="E8"/>
  <move id="395" source="A6" target="A7"/>
  <move id="396" source="D7" target="C7"/>
  <move id="397" source="A7" target="A8"/>
  <move id="398" source="E8" target="F8"/>
  <move id="399" source="F5" target="F6"/>
  <move id="400" source="F8" target="F7"/>
  <move id="401" source="F6" target="F7"/>
  <move id="402" source="D8" target="C8"/>
  <move id="403" source="A8" target="A9"/>
  <move id="404" source="C7" target="D7"/>
  <move id="405" source="A9" target="B9"/>
  <move id="406" source="D7" target="E7"/>
  <move id="407" source="F7" target="F6"/>
  <move id="408" source="C8" target="D8"/>
  <move id="409" source="B9" target="B8"/>
  <move id="410" source="I4" target="I3"/>
  <move id="411" source="B8" target="C8"/>
  <move id="412" source="D8" target="E8"/>
  <move id="413" source="C8" target="D8"/>
  <move id="414" source="E8" target="F8"/>
  <move id="415" source="B1" target="A1"/>
  <move id="416" source="F8" target="G8"/>
  <move id="417" source="A1" target="A2"/>
  <move id="418" source="G8" target="H8"/>
  <move id="419" source="A2" target="A3"/>
  <move id="420" source="H8" target="I8"/>
  <move id="421" source="A3" target="A4"/>
  <move id="422" source="I8" target="K8"/>
  <move id="423" source="A4" target="A5"/>
  <move id="424" source="H9" target="H8"/>
  <move id="425" source="A5" target="A6"/>
  <move id="426" source="H8" target="G8"/>
  <move id="427" source="A6" target="A7"/>
  <move id="428" source="G8" target="F8"/>
  <move id="429" source="D8" target="C8"/>
  <move id="430" source="F8" target="E8"/>
  <move id="431" source="C8" target="B8"/>
  <move id="432" source="E8" target="D8"/>
  <move id="433" source="B8" target="B9"/>
  <move id="434" source="D8" target="C8"/>
  <move id="435" source="B9" target="B:"/>
  <move id="436" source="C:" target="B:"/>
  <move id="437" source="A7" target="A6"/>
  <move id="438" source="B:" target="B9"/>
  <move id="439" source="A6" target="A5"/>
  <move id="440" source="B9" target="A9"/>
  <move id="441" source="A5" target="A4"/>
  <move id="442" source="A9" target="A8"/>
  <move id="443" source="A4" target="B4"/>
  <move id="444" source="A8" target="A7"/>
  <move id="445" source="F6" target="F5"/>
  <move id="446" source="E7" target="E6"/>
  <move id="447" source="F5" target="F4"/>
  <move id="448" source="E6" target="E5"/>
  <move id="449" source="F4" target="G4"/>
  <move id="450" source="A7" target="A6"/>
  <move id="451" source="G4" target="H4"/>
  <move id="452" source="A6" target="A5"/>
  <move id="453" source="H4" target="I4"/>
  <move id="454" source="I3" target="I2"/>
  <move id="455" source="I4" target="I3"/>
  <move id="456" source="I2" target="H2"/>
  <move id="457" source="I3" target="I4"/>
  <move id="458" source="A5" target="A4"/>
  <move id="459" source="B4" target="B3"/>
  <move id="460" source="A4" target="A3"/>
  <move id="461" source="B3" target="B4"/>
  <move id="462" source="A3" target="B3"/>
  <move id="463" source="B4" target="A4"/>
  <move id="464" source="C8" target="B8"/>
  <move id="465" source="I4" target="I5"/>
  <move id="466" source="B8" target="A8"/>
  <move id="467" source="I5" target="I6"/>
  <move id="468" source="A8" target="A7"/>
  <move id="469" source="I6" target="I7"/>
  <move id="470" source="E5" target="E6"/>
  <move id="471" source="I7" target="I8"/>
  <move id="472" source="K8" target="K7"/>
  <move id="473" source="I8" target="I9"/>
  <move id="474" source="E6" target="E7"/>
  <move id="475" source="I9" target="I:"/>
  <move id="476" source="A7" target="A6"/>
  <move id="477" source="E2" target="E3"/>
  <move id="478" source="A6" target="A5"/>
  <move id="479" source="E3" target="F3"/>
  <move id="480" source="A5" target="A4"/>
  <move id="481" source="F3" target="G3"/>
  <move id="482" source="H2" target="H3"/>
  <move id="483" source="G3" target="H3"/>
  <move id="484" source="B3" target="C3"/>
  <move id="485" source="F2" target="F3"/>
  <move id="486" source="C3" target="D3"/>
  <move id="487" source="F3" target="G3"/>
  <move id="488" source="D3" target="E3"/>
  <move id="489" source="G3" target="H3"/>
  <move id="490" source="E7" target="F7"/>
  <move id="491" source="H3" target="I3"/>
  <move id="492" source="F7" target="G7"/>
  <move id="493" source="I3" target="I4"/>
  <move id="494" source="G7" target="H7"/>
  <move id="495" source="I4" target="K4"/>
  <move id="496" source="H7" target="I7"/>
  <move id="497" source="K4" target="K5"/>
  <move id="498" source="K7" target="K8"/>
  <player id="1">Player 1</player>
  <player id="2">Player 2</player>
  <result type="3" winner="2"/>
 </game>
</stratego>