<?xml version="1.0" encoding="UTF-8"?>
<stratego>
 <game type="classic">
  
  <field content="MHEDFBDEDDGEHEFDFDEFLJCGBHBJDBIGKBDIGBHIAA__AA__AAAA__AA__AATPUQPTVSPPNRXUSUOWPSRTVQNQPPQNNSYRNTQPRN"/>
  <move id="1" source="K4" target="K5"/>
  <move id="2" source="I7" target="I6"/>
  <move id="3" source="F4" target="F5"/>
  <move id="4" source="F7" target="F6"/>
  <move id="5" source="F5" target="F6"/>
  <move id="6" source="E7" target="E4"/>
  <move id="7" source="G4" target="F4"/>
  <move id="8" source="G7" target="F7"/>
  <move id="9" source="F4" target="F5"/>
  <move id="10" source="F7" target="F6"/>
  <move id="11" source="F5" target="F4"/>
  <move id="12" source="F6" target="F7"/>
  <move id="13" source="F4" target="G4"/>
  <move id="14" source="F7" target="G7"/>
  <move id="15" source="K5" target="K6"/>
  <move id="16" source="I6" target="I4"/>
  <move id="17" source="I4" target="K4"/>
  <move id="18" source="I8" target="I3"/>
  <move id="19" source="I2" target="I3"/>
  <move id="20" source="E8" target="E7"/>
  <move id="21" source="I3" target="I4"/>
  <move id="22" source="E7" target="F7"/>
  <move id="23" source="I4" target="I5"/>
  <move id="24" source="D7" target="E7"/>
  <move id="25" source="I5" target="I6"/>
  <move id="26" source="E7" target="E6"/>
  <move id="27" source="I6" target="I7"/>
  <move id="28" source="H7" target="I7"/>
  <move id="29" source="K6" target="I6"/>
  <move id="30" source="I7" target="H7"/>
  <move id="31" source="I6" target="I7"/>
  <move id="32" source="K8" target="I8"/>
  <move id="33" source="K4" target="K5"/>
  <move id="34" source="K7" target="I7"/>
  <move id="35" source="K5" target="K6"/>
  <move id="36" source="I8" target="K8"/>
  <move id="37" source="K6" target="K7"/>
  <move id="38" source="K8" target="I8"/>
  <move id="39" source="K7" target="K8"/>
  <move id="40" source="I8" target="K8"/>
  <move id="41" source="K8" target="K9"/>
  <move id="42" source="H8" target="I8"/>
  <move id="43" source="I7" target="I8"/>
  <move id="44" source="I8" target="H8"/>
  <move id="45" source="A4" target="A5"/>
  <move id="46" source="B7" target="B4"/>
  <move id="47" source="A5" target="A6"/>
  <move id="48" source="C7" target="D7"/>
  <move id="49" source="A3" target="A4"/>
  <move id="50" source="A7" target="B7"/>
  <move id="51" source="A4" target="A5"/>
  <move id="52" source="B7" target="C7"/>
  <move id="53" source="A6" target="A7"/>
  <move id="54" source="B8" target="B7"/>
  <move id="55" source="A7" target="B7"/>
  <move id="56" source="D7" target="E7"/>
  <move id="57" source="A5" target="A6"/>
  <move id="58" source="C7" target="D7"/>
  <move id="59" source="B7" target="B8"/>
  <move id="60" source="C8" target="C7"/>
  <move id="61" source="A6" target="A7"/>
  <move id="62" source="C7" target="B7"/>
  <move id="63" source="A7" target="B7"/>
  <move id="64" source="D8" target="C8"/>
  <move id="65" source="B8" target="B7"/>
  <move id="66" source="C8" target="C7"/>
  <move id="67" source="B7" target="A7"/>
  <move id="68" source="C7" target="B7"/>
  <move id="69" source="A7" target="A6"/>
  <move id="70" source="B7" target="B6"/>
  <move id="71" source="A6" target="A5"/>
  <move id="72" source="B6" target="B5"/>
  <move id="73" source="A5" target="A4"/>
  <move id="74" source="B5" target="A5"/>
  <move id="75" source="A4" target="A3"/>
  <move id="76" source="A5" target="A4"/>
  <move id="77" source="B4" target="B5"/>
  <move id="78" source="A4" target="A3"/>
  <move id="79" source="B5" target="B6"/>
  <move id="80" source="E6" target="E5"/>
  <move id="81" source="B6" target="B7"/>
  <move id="82" source="E5" target="E4"/>
  <move id="83" source="B7" target="C7"/>
  <move id="84" source="E7" target="E6"/>
  <move id="85" source="C4" target="B4"/>
  <move id="86" source="D7" target="C7"/>
  <move id="87" source="B4" target="B5"/>
  <move id="88" source="E4" target="D4"/>
  <move id="89" source="B5" target="B6"/>
  <move id="90" source="C7" target="C8"/>
  <move id="91" source="B6" target="B7"/>
  <move id="92" source="D4" target="D3"/>
  <move id="93" source="B7" target="C7"/>
  <move id="94" source="C8" target="B8"/>
  <move id="95" source="C7" target="D7"/>
  <move id="96" source="E6" target="E5"/>
  <move id="97" source="D7" target="E7"/>
  <move id="98" source="E5" target="E4"/>
  <move id="99" source="E7" target="F7"/>
  <move id="100" source="E4" target="D4"/>
  <move id="101" source="F7" target="G7"/>
  <move id="102" source="H8" target="I8"/>
  <move id="103" source="G7" target="F7"/>
  <move id="104" source="D4" target="D3"/>
  <move id="105" source="F7" target="E7"/>
  <move id="106" source="D3" target="C3"/>
  <move id="107" source="B3" target="C3"/>
  <move id="108" source="I8" target="I7"/>
  <move id="109" source="C3" target="C4"/>
  <move id="110" source="I7" target="I6"/>
  <move id="111" source="C4" target="B4"/>
  <move id="112" source="I6" target="I5"/>
  <move id="113" source="B4" target="B5"/>
  <move id="114" source="I5" target="I4"/>
  <move id="115" source="B5" target="B6"/>
  <player id="1">Player 1</player>
  <player id="2">Player 2</player>
  <result type="3" winner="1"/>
 </game>
</stratego>