<?xml version="1.0" encoding="UTF-8"?>
<stratego>
 <game type="classic">
  
  <field content="HDGBFDDEMGFFEDGDDGEIDFCBBBJIEKHEDHBBIJLHAA__AA__AAAA__AA__AATVWSPRNRRPQXVOTNNQSSTUUQQQYNPUNPPPPPSTNR"/>
  <move id="1" source="I4" target="I5"/>
  <move id="2" source="A7" target="A6"/>
  <move id="3" source="I5" target="I6"/>
  <move id="4" source="A6" target="A5"/>
  <move id="5" source="K4" target="K5"/>
  <move id="6" source="A5" target="A4"/>
  <move id="7" source="K5" target="K6"/>
  <move id="8" source="A8" target="A7"/>
  <move id="9" source="K6" target="K7"/>
  <move id="10" source="I7" target="I6"/>
  <move id="11" source="I6" target="I7"/>
  <move id="12" source="A7" target="A6"/>
  <move id="13" source="K7" target="K8"/>
  <move id="14" source="K9" target="K8"/>
  <move id="15" source="I7" target="K7"/>
  <move id="16" source="K8" target="K9"/>
  <move id="17" source="K7" target="K8"/>
  <move id="18" source="A6" target="A5"/>
  <move id="19" source="K8" target="K9"/>
  <move id="20" source="A5" target="A4"/>
  <move id="21" source="K9" target="K8"/>
  <move id="22" source="A4" target="A3"/>
  <move id="23" source="B3" target="A3"/>
  <move id="24" source="A9" target="A8"/>
  <move id="25" source="I3" target="I4"/>
  <move id="26" source="A8" target="A7"/>
  <move id="27" source="I4" target="I5"/>
  <move id="28" source="A7" target="A6"/>
  <move id="29" source="I5" target="I6"/>
  <move id="30" source="A6" target="A5"/>
  <move id="31" source="K8" target="K7"/>
  <move id="32" source="A5" target="A4"/>
  <move id="33" source="B4" target="B5"/>
  <move id="34" source="A4" target="A3"/>
  <move id="35" source="I6" target="I7"/>
  <move id="36" source="A3" target="A2"/>
  <move id="37" source="A1" target="A2"/>
  <move id="38" source="B9" target="A9"/>
  <move id="39" source="I7" target="I8"/>
  <move id="40" source="A9" target="A8"/>
  <move id="41" source="K7" target="K8"/>
  <move id="42" source="A8" target="A7"/>
  <move id="43" source="K8" target="I8"/>
  <move id="44" source="A7" target="A6"/>
  <move id="45" source="H4" target="I4"/>
  <move id="46" source="A6" target="B6"/>
  <move id="47" source="I4" target="I5"/>
  <move id="48" source="B6" target="B5"/>
  <move id="49" source="C4" target="B4"/>
  <move id="50" source="B5" target="B4"/>
  <move id="51" source="I5" target="I6"/>
  <move id="52" source="B4" target="B3"/>
  <move id="53" source="I6" target="I7"/>
  <move id="54" source="B3" target="B2"/>
  <move id="55" source="I7" target="H7"/>
  <move id="56" source="B2" target="B1"/>
  <move id="57" source="H7" target="H8"/>
  <move id="58" source="B1" target="C1"/>
  <move id="59" source="H8" target="G8"/>
  <move id="60" source="C1" target="C2"/>
  <move id="61" source="I8" target="H8"/>
  <move id="62" source="C2" target="C3"/>
  <move id="63" source="I2" target="I3"/>
  <move id="64" source="C3" target="C4"/>
  <move id="65" source="I3" target="I4"/>
  <move id="66" source="C4" target="D4"/>
  <move id="67" source="I4" target="I5"/>
  <move id="68" source="E7" target="E4"/>
  <move id="69" source="I5" target="I6"/>
  <move id="70" source="F7" target="F6"/>
  <move id="71" source="I6" target="I7"/>
  <move id="72" source="F6" target="F5"/>
  <move id="73" source="I7" target="H7"/>
  <move id="74" source="F5" target="F6"/>
  <move id="75" source="H7" target="G7"/>
  <move id="76" source="F6" target="F5"/>
  <move id="77" source="G7" target="G8"/>
  <move id="78" source="F5" target="F4"/>
  <move id="79" source="G8" target="G9"/>
  <player id="1">Player 1</player>
  <player id="2">Player 2</player>
  <result type="1" winner="1"/>
 </game>
</stratego>