<?xml version="1.0" encoding="UTF-8"?>
<stratego>
 <game type="classic">
  
  <field content="MBBGEFBBEBBFGCKDFHDGIHEIGIEEJDDFJDDDHLHDAA__AA__AAAA__AA__AAURQUPSPUPPSTVSRTQNRSOXNWTPQPRPQNYNQVTNNP"/>
  <move id="1" source="I4" target="I5"/>
  <move id="2" source="B7" target="B6"/>
  <move id="3" source="I3" target="I4"/>
  <move id="4" source="B6" target="A6"/>
  <move id="5" source="K4" target="K5"/>
  <move id="6" source="K7" target="K6"/>
  <move id="7" source="K5" target="K4"/>
  <move id="8" source="I7" target="I6"/>
  <move id="9" source="I5" target="I6"/>
  <move id="10" source="K6" target="K4"/>
  <move id="11" source="I4" target="I5"/>
  <move id="12" source="H7" target="I7"/>
  <move id="13" source="K3" target="K4"/>
  <move id="14" source="I7" target="I6"/>
  <move id="15" source="I5" target="I6"/>
  <move id="16" source="G7" target="H7"/>
  <move id="17" source="I6" target="I5"/>
  <move id="18" source="H7" target="I7"/>
  <move id="19" source="I5" target="I4"/>
  <move id="20" source="I7" target="I6"/>
  <move id="21" source="I4" target="I3"/>
  <move id="22" source="I6" target="I5"/>
  <move id="23" source="K4" target="I4"/>
  <move id="24" source="K8" target="K7"/>
  <move id="25" source="F4" target="F5"/>
  <move id="26" source="K7" target="K6"/>
  <move id="27" source="F3" target="F4"/>
  <move id="28" source="K6" target="K5"/>
  <move id="29" source="F5" target="F6"/>
  <move id="30" source="K5" target="K4"/>
  <move id="31" source="F4" target="F5"/>
  <move id="32" source="K4" target="I4"/>
  <move id="33" source="I3" target="I4"/>
  <move id="34" source="G8" target="G7"/>
  <move id="35" source="I4" target="I5"/>
  <move id="36" source="G7" target="H7"/>
  <move id="37" source="I5" target="K5"/>
  <move id="38" source="H7" target="I7"/>
  <move id="39" source="K5" target="K4"/>
  <move id="40" source="I7" target="I6"/>
  <move id="41" source="K2" target="K3"/>
  <move id="42" source="I6" target="I5"/>
  <move id="43" source="K3" target="I3"/>
  <move id="44" source="I5" target="I4"/>
  <move id="45" source="K4" target="I4"/>
  <move id="46" source="F7" target="G7"/>
  <move id="47" source="I4" target="K4"/>
  <move id="48" source="F8" target="F7"/>
  <move id="49" source="F5" target="E5"/>
  <move id="50" source="F7" target="F6"/>
  <move id="51" source="G3" target="F3"/>
  <move id="52" source="F6" target="F5"/>
  <move id="53" source="E5" target="F5"/>
  <move id="54" source="E7" target="E4"/>
  <move id="55" source="F3" target="F4"/>
  <move id="56" source="D7" target="E7"/>
  <move id="57" source="F4" target="E4"/>
  <move id="58" source="E7" target="E6"/>
  <move id="59" source="I3" target="I4"/>
  <move id="60" source="G7" target="H7"/>
  <move id="61" source="H3" target="I3"/>
  <move id="62" source="H7" target="I7"/>
  <move id="63" source="I4" target="I5"/>
  <move id="64" source="I7" target="I6"/>
  <move id="65" source="I5" target="K5"/>
  <move id="66" source="D8" target="D7"/>
  <move id="67" source="I3" target="I4"/>
  <move id="68" source="D7" target="E7"/>
  <move id="69" source="F5" target="F4"/>
  <move id="70" source="E6" target="E5"/>
  <move id="71" source="G4" target="G3"/>
  <move id="72" source="B8" target="B7"/>
  <move id="73" source="G3" target="F3"/>
  <move id="74" source="B7" target="B6"/>
  <move id="75" source="I4" target="I3"/>
  <move id="76" source="K9" target="K5"/>
  <move id="77" source="I3" target="I4"/>
  <move id="78" source="I6" target="I5"/>
  <move id="79" source="F3" target="G3"/>
  <move id="80" source="E7" target="E6"/>
  <move id="81" source="G3" target="F3"/>
  <move id="82" source="E5" target="F5"/>
  <move id="83" source="F4" target="G4"/>
  <move id="84" source="E6" target="E5"/>
  <move id="85" source="E4" target="F4"/>
  <move id="86" source="E5" target="E4"/>
  <move id="87" source="K5" target="I5"/>
  <move id="88" source="I8" target="I7"/>
  <move id="89" source="I4" target="I5"/>
  <move id="90" source="I7" target="I6"/>
  <move id="91" source="K4" target="I4"/>
  <move id="92" source="I6" target="K6"/>
  <move id="93" source="F3" target="G3"/>
  <move id="94" source="C7" target="D7"/>
  <move id="95" source="G3" target="F3"/>
  <move id="96" source="D7" target="E7"/>
  <move id="97" source="I4" target="I3"/>
  <move id="98" source="K6" target="K5"/>
  <move id="99" source="I5" target="I4"/>
  <move id="100" source="K5" target="K4"/>
  <move id="101" source="I4" target="K4"/>
  <move id="102" source="K4" target="K5"/>
  <move id="103" source="I3" target="I4"/>
  <move id="104" source="K5" target="K6"/>
  <move id="105" source="I2" target="K2"/>
  <move id="106" source="K6" target="I6"/>
  <move id="107" source="K2" target="K3"/>
  <move id="108" source="I6" target="I7"/>
  <move id="109" source="K3" target="K4"/>
  <move id="110" source="I7" target="H7"/>
  <move id="111" source="K4" target="K5"/>
  <move id="112" source="H7" target="G7"/>
  <move id="113" source="K5" target="K6"/>
  <move id="114" source="E7" target="F7"/>
  <move id="115" source="K6" target="K7"/>
  <move id="116" source="G7" target="G8"/>
  <move id="117" source="K7" target="K8"/>
  <move id="118" source="F7" target="G7"/>
  <move id="119" source="K8" target="H8"/>
  <move id="120" source="G7" target="H7"/>
  <move id="121" source="I1" target="I2"/>
  <move id="122" source="H7" target="I7"/>
  <move id="123" source="I2" target="I3"/>
  <move id="124" source="I7" target="I6"/>
  <move id="125" source="I4" target="K4"/>
  <move id="126" source="I6" target="K6"/>
  <move id="127" source="I3" target="I4"/>
  <move id="128" source="A8" target="B8"/>
  <move id="129" source="I4" target="I5"/>
  <move id="130" source="B8" target="B7"/>
  <move id="131" source="K4" target="I4"/>
  <move id="132" source="B7" target="C7"/>
  <move id="133" source="I4" target="I3"/>
  <move id="134" source="C7" target="D7"/>
  <move id="135" source="I5" target="I4"/>
  <move id="136" source="D7" target="E7"/>
  <move id="137" source="E3" target="E4"/>
  <move id="138" source="E7" target="E6"/>
  <move id="139" source="F3" target="E3"/>
  <move id="140" source="F5" target="F4"/>
  <move id="141" source="G4" target="F4"/>
  <move id="142" source="G8" target="F8"/>
  <move id="143" source="E3" target="E4"/>
  <move id="144" source="E8" target="E7"/>
  <move id="145" source="I3" target="H3"/>
  <move id="146" source="E7" target="F7"/>
  <move id="147" source="H3" target="G3"/>
  <move id="148" source="F7" target="F6"/>
  <move id="149" source="G3" target="G4"/>
  <move id="150" source="F6" target="F5"/>
  <move id="151" source="F2" target="F4"/>
  <move id="152" source="F5" target="F6"/>
  <move id="153" source="E4" target="E5"/>
  <move id="154" source="K6" target="I6"/>
  <move id="155" source="H2" target="H3"/>
  <move id="156" source="E6" target="E5"/>
  <move id="157" source="H3" target="I3"/>
  <move id="158" source="C8" target="C7"/>
  <move id="159" source="F4" target="F5"/>
  <move id="160" source="C7" target="D7"/>
  <move id="161" source="F5" target="F4"/>
  <move id="162" source="D7" target="E7"/>
  <move id="163" source="E5" target="E4"/>
  <move id="164" source="E7" target="E6"/>
  <move id="165" source="E4" target="E3"/>
  <move id="166" source="E6" target="E5"/>
  <move id="167" source="I4" target="K4"/>
  <move id="168" source="E5" target="E4"/>
  <move id="169" source="I3" target="I4"/>
  <move id="170" source="F6" target="F5"/>
  <move id="171" source="F4" target="E4"/>
  <move id="172" source="E4" target="E3"/>
  <move id="173" source="E2" target="E3"/>
  <move id="174" source="F5" target="F4"/>
  <move id="175" source="D4" target="E4"/>
  <move id="176" source="F4" target="F3"/>
  <move id="177" source="E3" target="E2"/>
  <move id="178" source="F3" target="F2"/>
  <move id="179" source="D3" target="E3"/>
  <move id="180" source="F2" target="F1"/>
  <move id="181" source="E3" target="D3"/>
  <move id="182" source="E9" target="E8"/>
  <move id="183" source="E2" target="E3"/>
  <move id="184" source="E8" target="E7"/>
  <move id="185" source="D3" target="D4"/>
  <move id="186" source="E7" target="E6"/>
  <move id="187" source="G4" target="G3"/>
  <move id="188" source="E6" target="E5"/>
  <move id="189" source="H4" target="H3"/>
  <move id="190" source="E5" target="F5"/>
  <move id="191" source="I4" target="H4"/>
  <move id="192" source="F5" target="F4"/>
  <move id="193" source="E3" target="E2"/>
  <move id="194" source="F8" target="E8"/>
  <move id="195" source="E4" target="F4"/>
  <move id="196" source="E8" target="D8"/>
  <move id="197" source="G3" target="G4"/>
  <move id="198" source="F4" target="F5"/>
  <move id="199" source="E2" target="E3"/>
  <move id="200" source="D8" target="D7"/>
  <move id="201" source="E3" target="E4"/>
  <move id="202" source="B6" target="B5"/>
  <move id="203" source="E4" target="E5"/>
  <move id="204" source="F5" target="F6"/>
  <move id="205" source="E5" target="E4"/>
  <move id="206" source="B9" target="B8"/>
  <move id="207" source="D4" target="D3"/>
  <move id="208" source="B8" target="B7"/>
  <move id="209" source="E4" target="E3"/>
  <move id="210" source="A6" target="A5"/>
  <move id="211" source="G4" target="F4"/>
  <move id="212" source="I6" target="I5"/>
  <move id="213" source="K4" target="K3"/>
  <move id="214" source="F9" target="F8"/>
  <move id="215" source="K3" target="K2"/>
  <move id="216" source="F8" target="E8"/>
  <move id="217" source="H3" target="G3"/>
  <move id="218" source="E8" target="E7"/>
  <move id="219" source="F4" target="F3"/>
  <move id="220" source="I5" target="I4"/>
  <move id="221" source="H4" target="I4"/>
  <move id="222" source="E7" target="E6"/>
  <move id="223" source="G3" target="G4"/>
  <move id="224" source="E6" target="E5"/>
  <move id="225" source="G4" target="F4"/>
  <move id="226" source="F6" target="F7"/>
  <move id="227" source="D3" target="D4"/>
  <move id="228" source="D9" target="E9"/>
  <move id="229" source="F3" target="F2"/>
  <move id="230" source="B7" target="C7"/>
  <move id="231" source="F2" target="E2"/>
  <move id="232" source="A7" target="A8"/>
  <move id="233" source="I4" target="I3"/>
  <move id="234" source="A8" target="B8"/>
  <move id="235" source="I3" target="H3"/>
  <move id="236" source="B8" target="C8"/>
  <move id="237" source="H3" target="G3"/>
  <move id="238" source="C8" target="D8"/>
  <move id="239" source="G3" target="F3"/>
  <move id="240" source="D8" target="E8"/>
  <move id="241" source="D2" target="D3"/>
  <move id="242" source="E8" target="E7"/>
  <move id="243" source="E2" target="D2"/>
  <move id="244" source="F7" target="F8"/>
  <move id="245" source="E3" target="E2"/>
  <move id="246" source="F8" target="G8"/>
  <move id="247" source="F3" target="E3"/>
  <move id="248" source="E7" target="F7"/>
  <move id="249" source="K2" target="K3"/>
  <move id="250" source="F7" target="F6"/>
  <move id="251" source="E3" target="F3"/>
  <move id="252" source="D7" target="E7"/>
  <move id="253" source="F3" target="E3"/>
  <move id="254" source="E5" target="F5"/>
  <move id="255" source="E3" target="E4"/>
  <move id="256" source="E7" target="E6"/>
  <move id="257" source="D3" target="E3"/>
  <move id="258" source="E9" target="E8"/>
  <move id="259" source="E2" target="F2"/>
  <move id="260" source="E8" target="E7"/>
  <move id="261" source="F2" target="F3"/>
  <move id="262" source="F5" target="F4"/>
  <move id="263" source="F4" target="F5"/>
  <move id="264" source="F6" target="F7"/>
  <move id="265" source="E4" target="E5"/>
  <move id="266" source="F7" target="F8"/>
  <move id="267" source="E5" target="E6"/>
  <move id="268" source="E7" target="E6"/>
  <move id="269" source="F5" target="F6"/>
  <move id="270" source="E6" target="E5"/>
  <move id="271" source="F3" target="F4"/>
  <move id="272" source="F8" target="F9"/>
  <move id="273" source="F6" target="F7"/>
  <move id="274" source="C7" target="D7"/>
  <move id="275" source="F4" target="E4"/>
  <move id="276" source="E5" target="F5"/>
  <move id="277" source="D2" target="E2"/>
  <move id="278" source="F9" target="E9"/>
  <move id="279" source="E2" target="F2"/>
  <move id="280" source="G9" target="F9"/>
  <move id="281" source="F2" target="F3"/>
  <move id="282" source="F9" target="F8"/>
  <move id="283" source="F7" target="F6"/>
  <move id="284" source="F5" target="E5"/>
  <move id="285" source="F3" target="F4"/>
  <move id="286" source="D7" target="E7"/>
  <move id="287" source="F6" target="F5"/>
  <move id="288" source="E5" target="E6"/>
  <move id="289" source="E4" target="E5"/>
  <move id="290" source="E7" target="F7"/>
  <move id="291" source="E5" target="E6"/>
  <move id="292" source="F8" target="E8"/>
  <move id="293" source="F5" target="E5"/>
  <move id="294" source="F7" target="E7"/>
  <move id="295" source="E3" target="D3"/>
  <move id="296" source="E8" target="F8"/>
  <move id="297" source="F4" target="F3"/>
  <move id="298" source="F8" target="F7"/>
  <move id="299" source="E5" target="E4"/>
  <move id="300" source="F7" target="F6"/>
  <move id="301" source="E4" target="F4"/>
  <move id="302" source="F6" target="E6"/>
  <move id="303" source="K3" target="K4"/>
  <move id="304" source="E9" target="E8"/>
  <move id="305" source="F3" target="E3"/>
  <move id="306" source="E8" target="F8"/>
  <move id="307" source="F4" target="F3"/>
  <move id="308" source="F8" target="F7"/>
  <move id="309" source="E3" target="E4"/>
  <move id="310" source="F7" target="F6"/>
  <move id="311" source="D3" target="E3"/>
  <move id="312" source="F6" target="F5"/>
  <move id="313" source="C3" target="D3"/>
  <move id="314" source="F:" target="F9"/>
  <move id="315" source="D3" target="D2"/>
  <move id="316" source="F9" target="F8"/>
  <move id="317" source="D2" target="E2"/>
  <move id="318" source="F5" target="F6"/>
  <move id="319" source="F3" target="F4"/>
  <move id="320" source="F6" target="F7"/>
  <move id="321" source="E2" target="F2"/>
  <move id="322" source="F7" target="G7"/>
  <move id="323" source="K4" target="K5"/>
  <move id="324" source="G7" target="H7"/>
  <move id="325" source="K5" target="K6"/>
  <move id="326" source="H7" target="I7"/>
  <move id="327" source="F2" target="E2"/>
  <move id="328" source="I7" target="I6"/>
  <move id="329" source="K6" target="K5"/>
  <move id="330" source="I6" target="I5"/>
  <move id="331" source="K5" target="K4"/>
  <move id="332" source="I5" target="I4"/>
  <move id="333" source="K4" target="K5"/>
  <move id="334" source="F8" target="F7"/>
  <move id="335" source="E2" target="F2"/>
  <move id="336" source="F7" target="F6"/>
  <move id="337" source="F2" target="F3"/>
  <move id="338" source="G8" target="G7"/>
  <move id="339" source="F3" target="G3"/>
  <move id="340" source="G7" target="H7"/>
  <move id="341" source="F4" target="G4"/>
  <move id="342" source="F6" target="F5"/>
  <move id="343" source="G3" target="F3"/>
  <move id="344" source="H7" target="I7"/>
  <move id="345" source="G4" target="H4"/>
  <move id="346" source="I4" target="K4"/>
  <move id="347" source="K5" target="I5"/>
  <move id="348" source="F5" target="F4"/>
  <move id="349" source="E4" target="F4"/>
  <move id="350" source="E6" target="E5"/>
  <move id="351" source="D4" target="E4"/>
  <move id="352" source="B5" target="B4"/>
  <move id="353" source="C4" target="B4"/>
  <move id="354" source="E7" target="E6"/>
  <move id="355" source="B4" target="B5"/>
  <move id="356" source="A5" target="A6"/>
  <move id="357" source="I5" target="I4"/>
  <move id="358" source="K4" target="K3"/>
  <move id="359" source="H4" target="H3"/>
  <move id="360" source="E6" target="F6"/>
  <move id="361" source="H3" target="G3"/>
  <move id="362" source="F6" target="F5"/>
  <move id="363" source="G3" target="G4"/>
  <move id="364" source="K3" target="I3"/>
  <move id="365" source="I4" target="H4"/>
  <move id="366" source="I3" target="H3"/>
  <move id="367" source="B5" target="B6"/>
  <move id="368" source="A6" target="A7"/>
  <move id="369" source="B6" target="B7"/>
  <move id="370" source="A7" target="A8"/>
  <move id="371" source="A4" target="B4"/>
  <move id="372" source="I7" target="K7"/>
  <move id="373" source="B4" target="C4"/>
  <move id="374" source="K7" target="K6"/>
  <move id="375" source="A3" target="A4"/>
  <move id="376" source="K6" target="K5"/>
  <move id="377" source="A4" target="A5"/>
  <move id="378" source="K5" target="K4"/>
  <move id="379" source="A5" target="A6"/>
  <move id="380" source="K:" target="K9"/>
  <move id="381" source="A6" target="A7"/>
  <move id="382" source="K9" target="K8"/>
  <move id="383" source="A7" target="A8"/>
  <move id="384" source="F5" target="F4"/>
  <move id="385" source="G4" target="F4"/>
  <move id="386" source="H3" target="H4"/>
  <move id="387" source="E4" target="E5"/>
  <move id="388" source="H4" target="H3"/>
  <move id="389" source="E5" target="E4"/>
  <move id="390" source="H3" target="G3"/>
  <move id="391" source="F3" target="F4"/>
  <move id="392" source="G3" target="F3"/>
  <move id="393" source="F4" target="F5"/>
  <move id="394" source="F3" target="E3"/>
  <move id="395" source="E4" target="E3"/>
  <move id="396" source="K8" target="I8"/>
  <move id="397" source="F5" target="F6"/>
  <move id="398" source="K4" target="K3"/>
  <move id="399" source="F6" target="F7"/>
  <move id="400" source="K3" target="K2"/>
  <move id="401" source="F7" target="E7"/>
  <move id="402" source="E:" target="E9"/>
  <move id="403" source="E7" target="D7"/>
  <move id="404" source="E9" target="E8"/>
  <move id="405" source="D7" target="C7"/>
  <move id="406" source="E8" target="D8"/>
  <move id="407" source="B7" target="B8"/>
  <move id="408" source="I8" target="I7"/>
  <move id="409" source="B8" target="C8"/>
  <move id="410" source="D8" target="D7"/>
  <move id="411" source="C7" target="B7"/>
  <move id="412" source="I7" target="I6"/>
  <move id="413" source="C8" target="C7"/>
  <move id="414" source="D7" target="D8"/>
  <move id="415" source="C7" target="D7"/>
  <move id="416" source="D8" target="E8"/>
  <move id="417" source="B7" target="C7"/>
  <move id="418" source="K2" target="K1"/>
  <move id="419" source="C7" target="C8"/>
  <move id="420" source="I6" target="I5"/>
  <move id="421" source="D7" target="D8"/>
  <move id="422" source="E8" target="E7"/>
  <move id="423" source="C8" target="C9"/>
  <move id="424" source="A9" target="B9"/>
  <move id="425" source="C9" target="C:"/>
  <player id="1">Player 1</player>
  <player id="2">Player 2</player>
  <result type="1" winner="1"/>
 </game>
</stratego>