<?xml version="1.0" encoding="UTF-8"?>
<stratego>
 <game type="classic">
  
  <field content="DEEGDEBGBMGICHEBHDEBKDDIDJDGBFFFIDFHLJHBAA__AA__AAAA__AA__AATSURTRWUTPNPSVQNOYXSPTNQSUQQVPPNPRNPNPRQ"/>
  <move id="1" source="A4" target="A5"/>
  <move id="2" source="K7" target="K6"/>
  <move id="3" source="A3" target="A4"/>
  <move id="4" source="K6" target="I6"/>
  <move id="5" source="B4" target="B5"/>
  <move id="6" source="I6" target="I4"/>
  <move id="7" source="A5" target="A6"/>
  <move id="8" source="I7" target="I6"/>
  <move id="9" source="A4" target="A5"/>
  <move id="10" source="I6" target="I5"/>
  <move id="11" source="B5" target="B6"/>
  <move id="12" source="H7" target="I7"/>
  <move id="13" source="A6" target="A7"/>
  <move id="14" source="B7" target="B6"/>
  <move id="15" source="A5" target="A6"/>
  <move id="16" source="A7" target="B7"/>
  <move id="17" source="A6" target="A7"/>
  <move id="18" source="B6" target="B5"/>
  <move id="19" source="C4" target="B4"/>
  <move id="20" source="B5" target="A5"/>
  <move id="21" source="B4" target="B5"/>
  <move id="22" source="A5" target="A4"/>
  <move id="23" source="B5" target="B6"/>
  <move id="24" source="B7" target="A7"/>
  <move id="25" source="A7" target="A6"/>
  <move id="26" source="A4" target="B4"/>
  <move id="27" source="A6" target="A5"/>
  <move id="28" source="B4" target="B3"/>
  <move id="29" source="B2" target="B3"/>
  <move id="30" source="B8" target="B7"/>
  <move id="31" source="B6" target="B5"/>
  <move id="32" source="B7" target="A7"/>
  <move id="33" source="A5" target="A4"/>
  <move id="34" source="A7" target="A6"/>
  <move id="35" source="A4" target="B4"/>
  <move id="36" source="A6" target="A5"/>
  <move id="37" source="A2" target="A3"/>
  <move id="38" source="A5" target="B5"/>
  <move id="39" source="A3" target="A4"/>
  <move id="40" source="I7" target="I6"/>
  <move id="41" source="A4" target="A5"/>
  <move id="42" source="I5" target="K5"/>
  <move id="43" source="B4" target="A4"/>
  <move id="44" source="I6" target="I5"/>
  <move id="45" source="B5" target="B4"/>
  <move id="46" source="K5" target="K4"/>
  <move id="47" source="A5" target="B5"/>
  <move id="48" source="I8" target="I7"/>
  <move id="49" source="F4" target="F5"/>
  <move id="50" source="I7" target="I6"/>
  <move id="51" source="E4" target="E5"/>
  <move id="52" source="K8" target="K7"/>
  <move id="53" source="F5" target="F6"/>
  <move id="54" source="K7" target="I7"/>
  <move id="55" source="G4" target="F4"/>
  <move id="56" source="F7" target="F6"/>
  <move id="57" source="E5" target="E6"/>
  <move id="58" source="E7" target="E6"/>
  <move id="59" source="D4" target="E4"/>
  <move id="60" source="D7" target="E7"/>
  <move id="61" source="E4" target="E5"/>
  <move id="62" source="E6" target="F6"/>
  <move id="63" source="E5" target="F5"/>
  <move id="64" source="E7" target="E6"/>
  <move id="65" source="E3" target="E6"/>
  <move id="66" source="E6" target="E7"/>
  <move id="67" source="B3" target="B2"/>
  <move id="68" source="K9" target="K8"/>
  <move id="69" source="B4" target="B3"/>
  <move id="70" source="K8" target="I8"/>
  <move id="71" source="A4" target="B4"/>
  <move id="72" source="K:" target="K9"/>
  <move id="73" source="F4" target="E4"/>
  <move id="74" source="K9" target="K8"/>
  <move id="75" source="F3" target="E3"/>
  <move id="76" source="K8" target="K7"/>
  <move id="77" source="G3" target="F3"/>
  <move id="78" source="K7" target="K6"/>
  <move id="79" source="B4" target="C4"/>
  <move id="80" source="K6" target="K5"/>
  <move id="81" source="E4" target="F4"/>
  <move id="82" source="I9" target="K9"/>
  <move id="83" source="C4" target="D4"/>
  <move id="84" source="K9" target="K8"/>
  <move id="85" source="B5" target="B4"/>
  <move id="86" source="K8" target="K7"/>
  <move id="87" source="D4" target="E4"/>
  <move id="88" source="K7" target="K6"/>
  <move id="89" source="F3" target="G3"/>
  <move id="90" source="I5" target="I4"/>
  <move id="91" source="H4" target="I4"/>
  <move id="92" source="I6" target="I5"/>
  <move id="93" source="I4" target="H4"/>
  <move id="94" source="I5" target="I4"/>
  <move id="95" source="H4" target="G4"/>
  <move id="96" source="K5" target="K4"/>
  <move id="97" source="K3" target="K4"/>
  <move id="98" source="I4" target="I5"/>
  <move id="99" source="G3" target="F3"/>
  <move id="100" source="K6" target="K5"/>
  <move id="101" source="K4" target="I4"/>
  <move id="102" source="I5" target="I6"/>
  <move id="103" source="G4" target="G3"/>
  <move id="104" source="I6" target="K6"/>
  <move id="105" source="F4" target="G4"/>
  <move id="106" source="I7" target="I6"/>
  <move id="107" source="G4" target="H4"/>
  <move id="108" source="I6" target="I5"/>
  <move id="109" source="I4" target="K4"/>
  <move id="110" source="K6" target="I6"/>
  <move id="111" source="K4" target="K5"/>
  <move id="112" source="K5" target="K6"/>
  <move id="113" source="H4" target="G4"/>
  <move id="114" source="K6" target="K7"/>
  <move id="115" source="H3" target="H4"/>
  <move id="116" source="K7" target="I7"/>
  <move id="117" source="H4" target="I4"/>
  <move id="118" source="I8" target="K8"/>
  <move id="119" source="G4" target="H4"/>
  <move id="120" source="K8" target="K2"/>
  <move id="121" source="I4" target="I5"/>
  <move id="122" source="I7" target="I8"/>
  <move id="123" source="H4" target="I4"/>
  <move id="124" source="I6" target="I7"/>
  <move id="125" source="F3" target="F4"/>
  <move id="126" source="E7" target="F7"/>
  <move id="127" source="F4" target="G4"/>
  <move id="128" source="F7" target="F6"/>
  <move id="129" source="F5" target="F4"/>
  <move id="130" source="F6" target="F5"/>
  <move id="131" source="F4" target="F3"/>
  <move id="132" source="C7" target="B7"/>
  <move id="133" source="B4" target="B5"/>
  <move id="134" source="B7" target="B8"/>
  <move id="135" source="E4" target="F4"/>
  <move id="136" source="D8" target="D7"/>
  <move id="137" source="F4" target="F5"/>
  <move id="138" source="D7" target="C7"/>
  <move id="139" source="B5" target="B6"/>
  <move id="140" source="C7" target="B7"/>
  <move id="141" source="B6" target="B7"/>
  <move id="142" source="B7" target="B6"/>
  <move id="143" source="B3" target="B4"/>
  <move id="144" source="B6" target="B5"/>
  <move id="145" source="B4" target="C4"/>
  <move id="146" source="B5" target="B4"/>
  <move id="147" source="C4" target="D4"/>
  <move id="148" source="B4" target="B3"/>
  <move id="149" source="D4" target="E4"/>
  <move id="150" source="B3" target="C3"/>
  <move id="151" source="B2" target="A2"/>
  <move id="152" source="C3" target="B3"/>
  <move id="153" source="E4" target="F4"/>
  <move id="154" source="G7" target="F7"/>
  <move id="155" source="F5" target="E5"/>
  <move id="156" source="F7" target="E7"/>
  <move id="157" source="E5" target="E4"/>
  <move id="158" source="E7" target="D7"/>
  <move id="159" source="E4" target="D4"/>
  <move id="160" source="D7" target="C7"/>
  <move id="161" source="D4" target="C4"/>
  <move id="162" source="C7" target="B7"/>
  <move id="163" source="F4" target="F5"/>
  <move id="164" source="B7" target="B6"/>
  <move id="165" source="C4" target="B4"/>
  <move id="166" source="B3" target="A3"/>
  <move id="167" source="A2" target="B2"/>
  <move id="168" source="B6" target="B5"/>
  <move id="169" source="B4" target="A4"/>
  <move id="170" source="A3" target="B3"/>
  <move id="171" source="B2" target="A2"/>
  <move id="172" source="B5" target="B4"/>
  <move id="173" source="A4" target="A5"/>
  <move id="174" source="B3" target="B2"/>
  <move id="175" source="A2" target="A3"/>
  <move id="176" source="B2" target="A2"/>
  <move id="177" source="G4" target="B4"/>
  <move id="178" source="A2" target="A3"/>
  <move id="179" source="A5" target="A4"/>
  <move id="180" source="B4" target="A4"/>
  <move id="181" source="I4" target="I5"/>
  <move id="182" source="I7" target="H7"/>
  <move id="183" source="I5" target="I6"/>
  <move id="184" source="E8" target="D8"/>
  <move id="185" source="I6" target="I7"/>
  <move id="186" source="H7" target="I7"/>
  <move id="187" source="G3" target="G4"/>
  <move id="188" source="A3" target="B3"/>
  <move id="189" source="G4" target="H4"/>
  <move id="190" source="B3" target="B4"/>
  <move id="191" source="H4" target="I4"/>
  <move id="192" source="B4" target="C4"/>
  <move id="193" source="I4" target="I5"/>
  <move id="194" source="C4" target="D4"/>
  <move id="195" source="D3" target="C3"/>
  <move id="196" source="D4" target="E4"/>
  <move id="197" source="E3" target="E4"/>
  <move id="198" source="I8" target="I7"/>
  <move id="199" source="F5" target="F6"/>
  <move id="200" source="I7" target="H7"/>
  <move id="201" source="F6" target="F7"/>
  <move id="202" source="H7" target="G7"/>
  <move id="203" source="F7" target="E7"/>
  <move id="204" source="G7" target="F7"/>
  <move id="205" source="E7" target="D7"/>
  <move id="206" source="F7" target="F6"/>
  <move id="207" source="D7" target="C7"/>
  <move id="208" source="F6" target="F5"/>
  <move id="209" source="C7" target="B7"/>
  <move id="210" source="F5" target="F4"/>
  <move id="211" source="A1" target="A8"/>
  <move id="212" source="F4" target="E4"/>
  <move id="213" source="F3" target="F7"/>
  <move id="214" source="D8" target="D7"/>
  <move id="215" source="B7" target="C7"/>
  <move id="216" source="D7" target="E7"/>
  <move id="217" source="F7" target="I7"/>
  <move id="218" source="E7" target="E6"/>
  <move id="219" source="C2" target="B2"/>
  <move id="220" source="E4" target="D4"/>
  <move id="221" source="B2" target="A2"/>
  <move id="222" source="D4" target="C4"/>
  <move id="223" source="C3" target="D3"/>
  <move id="224" source="C4" target="B4"/>
  <move id="225" source="D3" target="E3"/>
  <move id="226" source="B4" target="B5"/>
  <move id="227" source="C7" target="D7"/>
  <move id="228" source="E6" target="E5"/>
  <move id="229" source="E3" target="E4"/>
  <move id="230" source="E5" target="E6"/>
  <move id="231" source="D7" target="D8"/>
  <move id="232" source="E6" target="E7"/>
  <move id="233" source="E4" target="E5"/>
  <move id="234" source="B5" target="B6"/>
  <move id="235" source="E5" target="E6"/>
  <move id="236" source="E7" target="E8"/>
  <move id="237" source="E6" target="E7"/>
  <move id="238" source="E8" target="D8"/>
  <move id="239" source="D8" target="E8"/>
  <move id="240" source="B6" target="B7"/>
  <move id="241" source="E7" target="E6"/>
  <move id="242" source="B7" target="C7"/>
  <move id="243" source="E6" target="E5"/>
  <move id="244" source="C7" target="D7"/>
  <move id="245" source="A2" target="A3"/>
  <move id="246" source="D7" target="E7"/>
  <move id="247" source="E8" target="D8"/>
  <move id="248" source="E7" target="E6"/>
  <move id="249" source="E5" target="E4"/>
  <move id="250" source="E6" target="E5"/>
  <move id="251" source="E4" target="D4"/>
  <move id="252" source="E5" target="E4"/>
  <move id="253" source="D4" target="C4"/>
  <move id="254" source="E4" target="D4"/>
  <move id="255" source="C4" target="B4"/>
  <move id="256" source="D4" target="C4"/>
  <move id="257" source="B4" target="A4"/>
  <move id="258" source="C4" target="B4"/>
  <move id="259" source="A4" target="A5"/>
  <move id="260" source="B4" target="A4"/>
  <move id="261" source="A5" target="B5"/>
  <move id="262" source="A4" target="A3"/>
  <move id="263" source="I7" target="E7"/>
  <move id="264" source="B8" target="B7"/>
  <move id="265" source="E7" target="E9"/>
  <move id="266" source="B7" target="C7"/>
  <move id="267" source="D8" target="E8"/>
  <move id="268" source="C7" target="D7"/>
  <move id="269" source="E8" target="E9"/>
  <move id="270" source="D7" target="E7"/>
  <move id="271" source="E9" target="E8"/>
  <move id="272" source="E7" target="E8"/>
  <move id="273" source="E2" target="E3"/>
  <move id="274" source="A3" target="B3"/>
  <move id="275" source="B5" target="A5"/>
  <move id="276" source="B3" target="C3"/>
  <move id="277" source="E3" target="E4"/>
  <move id="278" source="C3" target="D3"/>
  <move id="279" source="E4" target="E5"/>
  <move id="280" source="D3" target="E3"/>
  <move id="281" source="E5" target="E6"/>
  <move id="282" source="E3" target="E4"/>
  <move id="283" source="E6" target="E7"/>
  <move id="284" source="E4" target="E5"/>
  <move id="285" source="E7" target="D7"/>
  <move id="286" source="E5" target="E6"/>
  <move id="287" source="D7" target="C7"/>
  <move id="288" source="E6" target="E7"/>
  <move id="289" source="C7" target="B7"/>
  <move id="290" source="E7" target="D7"/>
  <move id="291" source="B7" target="B8"/>
  <move id="292" source="D7" target="C7"/>
  <move id="293" source="B8" target="A8"/>
  <move id="294" source="C7" target="B7"/>
  <move id="295" source="A8" target="A9"/>
  <move id="296" source="B9" target="A9"/>
  <move id="297" source="A5" target="A6"/>
  <move id="298" source="A9" target="B9"/>
  <move id="299" source="E1" target="E2"/>
  <move id="300" source="G8" target="G7"/>
  <move id="301" source="E2" target="E3"/>
  <move id="302" source="G7" target="H7"/>
  <move id="303" source="E3" target="E4"/>
  <move id="304" source="H7" target="I7"/>
  <move id="305" source="I5" target="K5"/>
  <move id="306" source="I7" target="I6"/>
  <move id="307" source="E4" target="F4"/>
  <move id="308" source="I6" target="I5"/>
  <move id="309" source="K5" target="K6"/>
  <move id="310" source="I5" target="I4"/>
  <move id="311" source="F4" target="I4"/>
  <move id="312" source="A:" target="A6"/>
  <move id="313" source="K6" target="K7"/>
  <move id="314" source="B7" target="B6"/>
  <move id="315" source="A6" target="A7"/>
  <move id="316" source="B9" target="B8"/>
  <move id="317" source="K7" target="I7"/>
  <move id="318" source="B8" target="B7"/>
  <move id="319" source="I7" target="H7"/>
  <move id="320" source="B7" target="C7"/>
  <move id="321" source="H7" target="I7"/>
  <move id="322" source="C7" target="D7"/>
  <move id="323" source="I7" target="I8"/>
  <move id="324" source="D7" target="E7"/>
  <move id="325" source="I4" target="K4"/>
  <move id="326" source="E7" target="E6"/>
  <move id="327" source="K4" target="K9"/>
  <move id="328" source="E6" target="E5"/>
  <move id="329" source="K9" target="H9"/>
  <move id="330" source="E5" target="E4"/>
  <move id="331" source="I8" target="I9"/>
  <move id="332" source="E4" target="E3"/>
  <move id="333" source="I9" target="H9"/>
  <move id="334" source="D9" target="D8"/>
  <move id="335" source="H9" target="I9"/>
  <move id="336" source="D8" target="E8"/>
  <move id="337" source="I9" target="I8"/>
  <move id="338" source="E8" target="E7"/>
  <move id="339" source="I8" target="I7"/>
  <move id="340" source="E7" target="E6"/>
  <move id="341" source="I7" target="I6"/>
  <move id="342" source="E6" target="E5"/>
  <move id="343" source="I6" target="I5"/>
  <move id="344" source="E5" target="E4"/>
  <move id="345" source="I5" target="I4"/>
  <move id="346" source="E4" target="E5"/>
  <move id="347" source="I4" target="H4"/>
  <move id="348" source="E5" target="E6"/>
  <move id="349" source="H4" target="G4"/>
  <move id="350" source="E6" target="E7"/>
  <move id="351" source="D2" target="D3"/>
  <move id="352" source="E3" target="D3"/>
  <move id="353" source="A7" target="A8"/>
  <move id="354" source="B6" target="B5"/>
  <move id="355" source="A8" target="A7"/>
  <move id="356" source="B5" target="B6"/>
  <move id="357" source="A7" target="A8"/>
  <move id="358" source="E7" target="F7"/>
  <move id="359" source="G4" target="H4"/>
  <move id="360" source="F7" target="F6"/>
  <move id="361" source="A8" target="A7"/>
  <move id="362" source="F6" target="E6"/>
  <move id="363" source="H4" target="G4"/>
  <move id="364" source="E6" target="E5"/>
  <move id="365" source="G4" target="F4"/>
  <move id="366" source="H:" target="H9"/>
  <move id="367" source="C1" target="C2"/>
  <move id="368" source="H9" target="I9"/>
  <move id="369" source="C2" target="D2"/>
  <move id="370" source="I9" target="K9"/>
  <move id="371" source="D2" target="E2"/>
  <move id="372" source="K9" target="K8"/>
  <move id="373" source="E2" target="E3"/>
  <move id="374" source="K8" target="K7"/>
  <move id="375" source="F4" target="G4"/>
  <move id="376" source="K7" target="K6"/>
  <move id="377" source="G4" target="H4"/>
  <move id="378" source="K6" target="K5"/>
  <move id="379" source="H4" target="I4"/>
  <move id="380" source="F9" target="E9"/>
  <move id="381" source="E3" target="F3"/>
  <move id="382" source="E9" target="E8"/>
  <move id="383" source="F3" target="F4"/>
  <move id="384" source="E8" target="E7"/>
  <move id="385" source="F4" target="G4"/>
  <move id="386" source="E7" target="E6"/>
  <move id="387" source="G4" target="H4"/>
  <move id="388" source="E6" target="F6"/>
  <move id="389" source="I4" target="K4"/>
  <move id="390" source="K5" target="I5"/>
  <move id="391" source="H4" target="I4"/>
  <move id="392" source="I5" target="I7"/>
  <move id="393" source="I4" target="I5"/>
  <move id="394" source="F6" target="F5"/>
  <move id="395" source="I5" target="I6"/>
  <move id="396" source="I7" target="E7"/>
  <move id="397" source="K4" target="I4"/>
  <move id="398" source="E5" target="E4"/>
  <move id="399" source="I4" target="H4"/>
  <move id="400" source="E4" target="E3"/>
  <move id="401" source="H4" target="G4"/>
  <move id="402" source="F5" target="F6"/>
  <move id="403" source="I6" target="I7"/>
  <move id="404" source="F6" target="F7"/>
  <move id="405" source="I7" target="I8"/>
  <move id="406" source="E7" target="E6"/>
  <move id="407" source="G4" target="F4"/>
  <move id="408" source="E6" target="E7"/>
  <move id="409" source="F4" target="F5"/>
  <move id="410" source="F7" target="G7"/>
  <move id="411" source="F5" target="F6"/>
  <move id="412" source="G7" target="H7"/>
  <move id="413" source="F6" target="F5"/>
  <move id="414" source="H7" target="I7"/>
  <move id="415" source="I8" target="I9"/>
  <move id="416" source="I7" target="I6"/>
  <move id="417" source="F5" target="F4"/>
  <move id="418" source="I6" target="K6"/>
  <move id="419" source="F4" target="G4"/>
  <move id="420" source="K6" target="K5"/>
  <move id="421" source="G4" target="H4"/>
  <move id="422" source="E7" target="E6"/>
  <move id="423" source="I9" target="H9"/>
  <move id="424" source="E6" target="E5"/>
  <move id="425" source="H2" target="H3"/>
  <move id="426" source="E3" target="D3"/>
  <move id="427" source="H3" target="D3"/>
  <move id="428" source="E5" target="E4"/>
  <move id="429" source="H4" target="G4"/>
  <move id="430" source="E4" target="E3"/>
  <move id="431" source="G4" target="F4"/>
  <move id="432" source="E3" target="H3"/>
  <move id="433" source="F4" target="E4"/>
  <move id="434" source="D3" target="C3"/>
  <move id="435" source="B1" target="B2"/>
  <move id="436" source="C3" target="D3"/>
  <move id="437" source="B2" target="B3"/>
  <move id="438" source="K5" target="K6"/>
  <move id="439" source="B3" target="C3"/>
  <move id="440" source="D3" target="D2"/>
  <move id="441" source="D1" target="D2"/>
  <move id="442" source="B6" target="B5"/>
  <move id="443" source="A7" target="B7"/>
  <move id="444" source="B5" target="B4"/>
  <move id="445" source="B7" target="C7"/>
  <move id="446" source="B4" target="C4"/>
  <move id="447" source="C3" target="B3"/>
  <move id="448" source="C4" target="C3"/>
  <move id="449" source="B3" target="B4"/>
  <move id="450" source="C3" target="D3"/>
  <move id="451" source="D2" target="C2"/>
  <move id="452" source="D3" target="E3"/>
  <move id="453" source="E4" target="F4"/>
  <move id="454" source="E3" target="F3"/>
  <move id="455" source="F4" target="G4"/>
  <move id="456" source="F3" target="G3"/>
  <move id="457" source="G4" target="G3"/>
  <move id="458" source="K6" target="K7"/>
  <move id="459" source="C7" target="D7"/>
  <move id="460" source="G9" target="G8"/>
  <move id="461" source="D7" target="E7"/>
  <move id="462" source="G8" target="G7"/>
  <move id="463" source="E7" target="F7"/>
  <move id="464" source="G7" target="H7"/>
  <move id="465" source="F7" target="G7"/>
  <move id="466" source="H7" target="I7"/>
  <move id="467" source="G7" target="H7"/>
  <move id="468" source="I7" target="I6"/>
  <move id="469" source="H7" target="I7"/>
  <move id="470" source="I6" target="I5"/>
  <move id="471" source="I7" target="K7"/>
  <move id="472" source="I5" target="I4"/>
  <move id="473" source="G2" target="G3"/>
  <move id="474" source="H3" target="H2"/>
  <move id="475" source="H1" target="H2"/>
  <move id="476" source="I4" target="K4"/>
  <move id="477" source="G3" target="H3"/>
  <move id="478" source="K4" target="K3"/>
  <move id="479" source="H3" target="H4"/>
  <move id="480" source="K3" target="K2"/>
  <move id="481" source="I2" target="K2"/>
  <move id="482" source="C8" target="C7"/>
  <move id="483" source="H4" target="I4"/>
  <move id="484" source="C7" target="B7"/>
  <move id="485" source="I4" target="K4"/>
  <move id="486" source="B7" target="B6"/>
  <move id="487" source="B4" target="C4"/>
  <move id="488" source="B6" target="B5"/>
  <move id="489" source="H9" target="G9"/>
  <move id="490" source="B5" target="B4"/>
  <move id="491" source="C4" target="D4"/>
  <move id="492" source="B4" target="C4"/>
  <move id="493" source="D4" target="E4"/>
  <move id="494" source="C4" target="C3"/>
  <move id="495" source="G9" target="F9"/>
  <move id="496" source="C3" target="C2"/>
  <move id="497" source="E4" target="D4"/>
  <move id="498" source="I:" target="I9"/>
  <move id="499" source="D4" target="C4"/>
  <move id="500" source="I9" target="I8"/>
  <move id="501" source="C4" target="B4"/>
  <move id="502" source="I8" target="I7"/>
  <move id="503" source="B4" target="B5"/>
  <move id="504" source="I7" target="H7"/>
  <move id="505" source="B5" target="B6"/>
  <move id="506" source="D:" target="D9"/>
  <move id="507" source="B6" target="B7"/>
  <move id="508" source="D9" target="D8"/>
  <move id="509" source="B7" target="B8"/>
  <move id="510" source="D8" target="D7"/>
  <move id="511" source="B8" target="B9"/>
  <move id="512" source="D7" target="E7"/>
  <move id="513" source="B9" target="B:"/>
  <move id="514" source="C:" target="D:"/>
  <move id="515" source="B:" target="C:"/>
  <player id="1">Player 1</player>
  <player id="2">Player 2</player>
  <result type="3" winner="1"/>
 </game>
</stratego>