<?xml version="1.0" encoding="UTF-8"?>
<stratego>
 <game type="classic">
  
  <field content="GEHDHDEGIMGDJHECGJHFFFBBBKIEDIBBFDDDBELDAA__AA__AAAA__AA__AARSPVQWVPPTQXSNTOPRQUTPURUPNNSQPNQTSNYRNP"/>
  <move id="1" source="I4" target="I5"/>
  <move id="2" source="K7" target="K6"/>
  <move id="3" source="I5" target="I6"/>
  <move id="4" source="K8" target="K7"/>
  <move id="5" source="I6" target="K6"/>
  <move id="6" source="K7" target="K8"/>
  <move id="7" source="K6" target="K7"/>
  <move id="8" source="I7" target="I6"/>
  <move id="9" source="K7" target="K8"/>
  <move id="10" source="H7" target="I7"/>
  <move id="11" source="K4" target="K7"/>
  <move id="12" source="H8" target="H7"/>
  <move id="13" source="K7" target="I7"/>
  <move id="14" source="H7" target="I7"/>
  <move id="15" source="I3" target="I4"/>
  <move id="16" source="G7" target="H7"/>
  <move id="17" source="I4" target="K4"/>
  <move id="18" source="I6" target="K6"/>
  <move id="19" source="K4" target="I4"/>
  <move id="20" source="K6" target="I6"/>
  <move id="21" source="I4" target="K4"/>
  <move id="22" source="I6" target="K6"/>
  <move id="23" source="K4" target="K6"/>
  <move id="24" source="B7" target="B6"/>
  <move id="25" source="H3" target="I3"/>
  <move id="26" source="B8" target="B7"/>
  <move id="27" source="I3" target="I4"/>
  <move id="28" source="B6" target="B5"/>
  <move id="29" source="I4" target="I5"/>
  <move id="30" source="B7" target="B6"/>
  <move id="31" source="I5" target="I6"/>
  <move id="32" source="A7" target="A6"/>
  <move id="33" source="I6" target="I7"/>
  <move id="34" source="G8" target="H8"/>
  <move id="35" source="K8" target="K7"/>
  <move id="36" source="I7" target="I6"/>
  <move id="37" source="I2" target="I3"/>
  <move id="38" source="I8" target="I7"/>
  <move id="39" source="K7" target="K6"/>
  <move id="40" source="I6" target="I5"/>
  <move id="41" source="I3" target="I4"/>
  <move id="42" source="H8" target="I8"/>
  <move id="43" source="I4" target="I5"/>
  <move id="44" source="I8" target="K8"/>
  <move id="45" source="I5" target="I6"/>
  <move id="46" source="I7" target="I8"/>
  <move id="47" source="I6" target="I5"/>
  <move id="48" source="H7" target="I7"/>
  <move id="49" source="I5" target="I4"/>
  <move id="50" source="K8" target="K7"/>
  <move id="51" source="K6" target="K5"/>
  <move id="52" source="I7" target="I6"/>
  <move id="53" source="I4" target="I5"/>
  <move id="54" source="K7" target="K6"/>
  <move id="55" source="K5" target="K4"/>
  <move id="56" source="I6" target="I5"/>
  <move id="57" source="K4" target="I4"/>
  <move id="58" source="I5" target="I6"/>
  <move id="59" source="I4" target="I5"/>
  <move id="60" source="I6" target="I7"/>
  <move id="61" source="H4" target="I4"/>
  <move id="62" source="I7" target="H7"/>
  <move id="63" source="I4" target="K4"/>
  <move id="64" source="K6" target="K7"/>
  <move id="65" source="I5" target="I6"/>
  <move id="66" source="I8" target="I7"/>
  <move id="67" source="K4" target="K5"/>
  <move id="68" source="K7" target="K8"/>
  <move id="69" source="I6" target="I7"/>
  <move id="70" source="H7" target="H8"/>
  <move id="71" source="K5" target="K6"/>
  <move id="72" source="F8" target="G8"/>
  <move id="73" source="K6" target="K7"/>
  <move id="74" source="G8" target="G7"/>
  <move id="75" source="K7" target="K8"/>
  <move id="76" source="K9" target="K8"/>
  <move id="77" source="F4" target="F7"/>
  <move id="78" source="F7" target="F6"/>
  <move id="79" source="E4" target="E7"/>
  <move id="80" source="F6" target="F5"/>
  <move id="81" source="I7" target="I8"/>
  <move id="82" source="H8" target="G8"/>
  <move id="83" source="H2" target="I2"/>
  <move id="84" source="G7" target="F7"/>
  <move id="85" source="H1" target="H2"/>
  <move id="86" source="F5" target="F4"/>
  <move id="87" source="H2" target="H3"/>
  <move id="88" source="F4" target="F3"/>
  <move id="89" source="H3" target="I3"/>
  <move id="90" source="G8" target="G7"/>
  <move id="91" source="I3" target="I4"/>
  <move id="92" source="E7" target="E6"/>
  <move id="93" source="G3" target="H3"/>
  <move id="94" source="G7" target="H7"/>
  <move id="95" source="H3" target="H2"/>
  <move id="96" source="D7" target="E7"/>
  <move id="97" source="I2" target="I3"/>
  <move id="98" source="E6" target="E5"/>
  <move id="99" source="I3" target="H3"/>
  <move id="100" source="E5" target="E4"/>
  <move id="101" source="H3" target="G3"/>
  <move id="102" source="E4" target="D4"/>
  <move id="103" source="C4" target="D4"/>
  <move id="104" source="E7" target="E6"/>
  <move id="105" source="G3" target="F3"/>
  <move id="106" source="E6" target="E5"/>
  <move id="107" source="D4" target="C4"/>
  <move id="108" source="E5" target="E4"/>
  <move id="109" source="I4" target="I5"/>
  <move id="110" source="B5" target="B4"/>
  <move id="111" source="I5" target="I6"/>
  <move id="112" source="A6" target="A5"/>
  <move id="113" source="I6" target="I7"/>
  <move id="114" source="A5" target="A4"/>
  <move id="115" source="I7" target="K7"/>
  <move id="116" source="F9" target="F8"/>
  <move id="117" source="K7" target="K8"/>
  <move id="118" source="F8" target="G8"/>
  <move id="119" source="K8" target="K9"/>
  <move id="120" source="I9" target="K9"/>
  <move id="121" source="H2" target="I2"/>
  <move id="122" source="A8" target="A7"/>
  <move id="123" source="G1" target="H1"/>
  <move id="124" source="A7" target="A6"/>
  <move id="125" source="H1" target="H2"/>
  <move id="126" source="E4" target="D4"/>
  <move id="127" source="H2" target="H3"/>
  <move id="128" source="D4" target="C4"/>
  <move id="129" source="H3" target="I3"/>
  <move id="130" source="A6" target="A5"/>
  <move id="131" source="I3" target="I4"/>
  <move id="132" source="A5" target="B5"/>
  <move id="133" source="I4" target="K4"/>
  <move id="134" source="B5" target="B4"/>
  <move id="135" source="B3" target="B4"/>
  <move id="136" source="C4" target="B4"/>
  <move id="137" source="K4" target="K5"/>
  <move id="138" source="B4" target="B3"/>
  <move id="139" source="K5" target="K6"/>
  <move id="140" source="B3" target="A3"/>
  <move id="141" source="K6" target="K7"/>
  <move id="142" source="B6" target="A6"/>
  <move id="143" source="K7" target="K8"/>
  <move id="144" source="B9" target="B2"/>
  <move id="145" source="K8" target="K9"/>
  <move id="146" source="C7" target="B7"/>
  <move id="147" source="K9" target="I9"/>
  <move id="148" source="B7" target="B1"/>
  <move id="149" source="I9" target="I:"/>
  <move id="150" source="H:" target="I:"/>
  <move id="151" source="G2" target="H2"/>
  <move id="152" source="I:" target="I9"/>
  <move id="153" source="H2" target="H3"/>
  <move id="154" source="I9" target="K9"/>
  <move id="155" source="H3" target="I3"/>
  <move id="156" source="A3" target="B3"/>
  <move id="157" source="I3" target="I4"/>
  <move id="158" source="B3" target="B2"/>
  <move id="159" source="C2" target="B2"/>
  <move id="160" source="A6" target="A5"/>
  <move id="161" source="I4" target="K4"/>
  <move id="162" source="A5" target="B5"/>
  <move id="163" source="K4" target="K5"/>
  <move id="164" source="B5" target="B4"/>
  <move id="165" source="K5" target="K6"/>
  <move id="166" source="B4" target="C4"/>
  <move id="167" source="K6" target="K7"/>
  <move id="168" source="C4" target="D4"/>
  <move id="169" source="K7" target="K8"/>
  <move id="170" source="C9" target="B9"/>
  <move id="171" source="K8" target="K9"/>
  <move id="172" source="B9" target="B8"/>
  <move id="173" source="K9" target="I9"/>
  <move id="174" source="B8" target="B7"/>
  <move id="175" source="I9" target="H9"/>
  <move id="176" source="B7" target="B6"/>
  <move id="177" source="F1" target="H1"/>
  <move id="178" source="B6" target="B5"/>
  <move id="179" source="H1" target="H4"/>
  <move id="180" source="B5" target="B4"/>
  <move id="181" source="H4" target="K4"/>
  <move id="182" source="B4" target="B3"/>
  <move id="183" source="K4" target="K9"/>
  <move id="184" source="B3" target="B2"/>
  <move id="185" source="K9" target="K:"/>
  <move id="186" source="B2" target="B1"/>
  <move id="187" source="I2" target="H2"/>
  <move id="188" source="B1" target="A1"/>
  <move id="189" source="K2" target="I2"/>
  <move id="190" source="D4" target="E4"/>
  <move id="191" source="I2" target="I3"/>
  <move id="192" source="E4" target="F4"/>
  <move id="193" source="I3" target="I4"/>
  <move id="194" source="F4" target="G4"/>
  <move id="195" source="F3" target="F4"/>
  <move id="196" source="A1" target="B1"/>
  <move id="197" source="F4" target="F5"/>
  <move id="198" source="B1" target="C1"/>
  <move id="199" source="F5" target="F6"/>
  <move id="200" source="F7" target="G7"/>
  <move id="201" source="F6" target="F7"/>
  <move id="202" source="C1" target="D1"/>
  <move id="203" source="D2" target="C2"/>
  <move id="204" source="D1" target="E1"/>
  <move id="205" source="H2" target="G2"/>
  <move id="206" source="E1" target="E2"/>
  <move id="207" source="C2" target="C1"/>
  <move id="208" source="E2" target="F2"/>
  <move id="209" source="G2" target="F2"/>
  <move id="210" source="A9" target="A8"/>
  <move id="211" source="F7" target="G7"/>
  <move id="212" source="H7" target="G7"/>
  <move id="213" source="I8" target="H8"/>
  <move id="214" source="G8" target="G7"/>
  <move id="215" source="H8" target="H7"/>
  <move id="216" source="G7" target="F7"/>
  <move id="217" source="H7" target="G7"/>
  <move id="218" source="F7" target="F6"/>
  <move id="219" source="G7" target="F7"/>
  <move id="220" source="F6" target="F5"/>
  <move id="221" source="K3" target="I3"/>
  <move id="222" source="F5" target="F4"/>
  <move id="223" source="I3" target="H3"/>
  <move id="224" source="F4" target="F3"/>
  <move id="225" source="H3" target="G3"/>
  <move id="226" source="F3" target="F2"/>
  <move id="227" source="G3" target="G2"/>
  <move id="228" source="F2" target="F1"/>
  <move id="229" source="G2" target="G1"/>
  <move id="230" source="F1" target="F2"/>
  <move id="231" source="G1" target="G2"/>
  <move id="232" source="F2" target="F3"/>
  <move id="233" source="I4" target="I3"/>
  <move id="234" source="A8" target="A7"/>
  <move id="235" source="F7" target="F6"/>
  <move id="236" source="F3" target="F4"/>
  <move id="237" source="F6" target="F5"/>
  <move id="238" source="F4" target="E4"/>
  <move id="239" source="F5" target="E5"/>
  <move id="240" source="E4" target="D4"/>
  <move id="241" source="E5" target="E4"/>
  <move id="242" source="D4" target="C4"/>
  <move id="243" source="E4" target="D4"/>
  <move id="244" source="C4" target="B4"/>
  <move id="245" source="D4" target="C4"/>
  <move id="246" source="B4" target="B3"/>
  <move id="247" source="C4" target="B4"/>
  <move id="248" source="B3" target="B2"/>
  <move id="249" source="A2" target="A3"/>
  <move id="250" source="B2" target="C2"/>
  <move id="251" source="C1" target="B1"/>
  <move id="252" source="A7" target="A6"/>
  <move id="253" source="B4" target="B3"/>
  <move id="254" source="A6" target="A5"/>
  <move id="255" source="B3" target="B2"/>
  <move id="256" source="C2" target="C1"/>
  <move id="257" source="B1" target="A1"/>
  <move id="258" source="A5" target="B5"/>
  <move id="259" source="G2" target="F2"/>
  <move id="260" source="B5" target="B4"/>
  <move id="261" source="F2" target="F3"/>
  <move id="262" source="C1" target="D1"/>
  <move id="263" source="B2" target="B3"/>
  <move id="264" source="B4" target="B5"/>
  <move id="265" source="B3" target="B4"/>
  <move id="266" source="B5" target="B6"/>
  <move id="267" source="B4" target="B5"/>
  <move id="268" source="B6" target="B7"/>
  <move id="269" source="A3" target="B3"/>
  <move id="270" source="B7" target="C7"/>
  <move id="271" source="B5" target="B6"/>
  <move id="272" source="C7" target="D7"/>
  <move id="273" source="F3" target="F4"/>
  <move id="274" source="D7" target="E7"/>
  <move id="275" source="F4" target="F5"/>
  <move id="276" source="E7" target="F7"/>
  <move id="277" source="F5" target="F4"/>
  <move id="278" source="F7" target="G7"/>
  <move id="279" source="F4" target="F3"/>
  <move id="280" source="D1" target="E1"/>
  <move id="281" source="F3" target="G3"/>
  <move id="282" source="G7" target="H7"/>
  <move id="283" source="G3" target="H3"/>
  <move id="284" source="E1" target="F1"/>
  <move id="285" source="H3" target="H4"/>
  <move id="286" source="F1" target="G1"/>
  <move id="287" source="B6" target="B5"/>
  <move id="288" source="G1" target="G2"/>
  <move id="289" source="H4" target="H3"/>
  <move id="290" source="G2" target="K2"/>
  <player id="1">Player 1</player>
  <player id="2">Player 2</player>
  <result type="3" winner="2"/>
 </game>
</stratego>