<?xml version="1.0" encoding="UTF-8"?>
<stratego>
 <game type="classic">
  
  <field content="HBMIBIEEHDEHJEIBFJDHDLBDGDBEGFDGCKDGFBDFAA__AA__AAAA__AA__AATSVPTSPXSTPPOVPTUUPWUNQPNSQRNQNRPQRNYQRN"/>
  <move id="1" source="K4" target="K5"/>
  <move id="2" source="I7" target="I6"/>
  <move id="3" source="I4" target="I6"/>
  <move id="4" source="K7" target="K6"/>
  <move id="5" source="I3" target="I4"/>
  <move id="6" source="K8" target="K7"/>
  <move id="7" source="I4" target="I5"/>
  <move id="8" source="H7" target="I7"/>
  <move id="9" source="E4" target="E7"/>
  <move id="10" source="E7" target="E6"/>
  <move id="11" source="D4" target="E4"/>
  <move id="12" source="D7" target="E7"/>
  <move id="13" source="E4" target="E5"/>
  <move id="14" source="E6" target="E5"/>
  <move id="15" source="E5" target="E4"/>
  <move id="16" source="K6" target="K5"/>
  <move id="17" source="I5" target="I6"/>
  <move id="18" source="K5" target="I5"/>
  <move id="19" source="K3" target="I3"/>
  <move id="20" source="I5" target="I4"/>
  <move id="21" source="I3" target="K3"/>
  <move id="22" source="I4" target="H4"/>
  <move id="23" source="E4" target="D4"/>
  <move id="24" source="I7" target="H7"/>
  <move id="25" source="F4" target="E4"/>
  <move id="26" source="F7" target="F6"/>
  <move id="27" source="E4" target="E5"/>
  <move id="28" source="F6" target="E6"/>
  <move id="29" source="E5" target="E4"/>
  <move id="30" source="G7" target="F7"/>
  <move id="31" source="F3" target="F7"/>
  <move id="32" source="F8" target="F7"/>
  <move id="33" source="E4" target="F4"/>
  <move id="34" source="F7" target="F6"/>
  <move id="35" source="E3" target="E4"/>
  <move id="36" source="F6" target="F5"/>
  <move id="37" source="D3" target="E3"/>
  <move id="38" source="E6" target="E5"/>
  <move id="39" source="A4" target="A5"/>
  <move id="40" source="A7" target="A6"/>
  <move id="41" source="A5" target="B5"/>
  <move id="42" source="K7" target="K6"/>
  <move id="43" source="B4" target="A4"/>
  <move id="44" source="K6" target="K5"/>
  <move id="45" source="B5" target="B4"/>
  <move id="46" source="K5" target="K4"/>
  <move id="47" source="B4" target="B7"/>
  <move id="48" source="A6" target="A5"/>
  <move id="49" source="A4" target="B4"/>
  <move id="50" source="K4" target="I4"/>
  <move id="51" source="F4" target="F5"/>
  <move id="52" source="F5" target="F6"/>
  <move id="53" source="E3" target="F3"/>
  <move id="54" source="E5" target="F5"/>
  <move id="55" source="F3" target="F5"/>
  <move id="56" source="E7" target="E6"/>
  <move id="57" source="E4" target="F4"/>
  <move id="58" source="E6" target="E5"/>
  <move id="59" source="F4" target="E4"/>
  <move id="60" source="F6" target="E6"/>
  <move id="61" source="I2" target="I4"/>
  <move id="62" source="I4" target="K4"/>
  <move id="63" source="K3" target="I3"/>
  <move id="64" source="K9" target="K8"/>
  <move id="65" source="E2" target="E3"/>
  <move id="66" source="H7" target="G7"/>
  <move id="67" source="E3" target="F3"/>
  <move id="68" source="G7" target="F7"/>
  <move id="69" source="F3" target="F4"/>
  <move id="70" source="F7" target="F6"/>
  <move id="71" source="F4" target="F5"/>
  <move id="72" source="F6" target="F5"/>
  <move id="73" source="A3" target="A5"/>
  <move id="74" source="K8" target="K7"/>
  <move id="75" source="A2" target="A3"/>
  <move id="76" source="K7" target="K6"/>
  <move id="77" source="A3" target="A4"/>
  <move id="78" source="A5" target="B5"/>
  <move id="79" source="A4" target="A5"/>
  <move id="80" source="B5" target="B4"/>
  <move id="81" source="B3" target="B4"/>
  <move id="82" source="K6" target="K5"/>
  <move id="83" source="B4" target="B5"/>
  <move id="84" source="K5" target="I5"/>
  <move id="85" source="B5" target="B6"/>
  <move id="86" source="I5" target="I4"/>
  <move id="87" source="A5" target="A6"/>
  <move id="88" source="I4" target="H4"/>
  <move id="89" source="G4" target="H4"/>
  <move id="90" source="K4" target="I4"/>
  <move id="91" source="I3" target="K3"/>
  <move id="92" source="C7" target="D7"/>
  <move id="93" source="A6" target="A7"/>
  <move id="94" source="D7" target="E7"/>
  <move id="95" source="A7" target="B7"/>
  <move id="96" source="B7" target="C7"/>
  <move id="97" source="B6" target="B7"/>
  <move id="98" source="E7" target="F7"/>
  <move id="99" source="B7" target="C7"/>
  <move id="100" source="C8" target="C7"/>
  <move id="101" source="C4" target="B4"/>
  <move id="102" source="E6" target="E7"/>
  <move id="103" source="B4" target="B3"/>
  <move id="104" source="E5" target="E6"/>
  <move id="105" source="D4" target="C4"/>
  <move id="106" source="F5" target="E5"/>
  <move id="107" source="C4" target="B4"/>
  <move id="108" source="E5" target="E4"/>
  <move id="109" source="B4" target="B5"/>
  <move id="110" source="E6" target="F6"/>
  <move id="111" source="B5" target="B6"/>
  <move id="112" source="E4" target="E5"/>
  <move id="113" source="B6" target="B7"/>
  <move id="114" source="E5" target="E6"/>
  <move id="115" source="B7" target="C7"/>
  <move id="116" source="F7" target="G7"/>
  <move id="117" source="C7" target="D7"/>
  <move id="118" source="D8" target="C8"/>
  <move id="119" source="D7" target="C7"/>
  <move id="120" source="E7" target="F7"/>
  <move id="121" source="C7" target="C8"/>
  <move id="122" source="E6" target="E7"/>
  <move id="123" source="C8" target="C7"/>
  <move id="124" source="F6" target="F4"/>
  <move id="125" source="C7" target="B7"/>
  <move id="126" source="F7" target="F6"/>
  <move id="127" source="B7" target="B8"/>
  <move id="128" source="F6" target="F5"/>
  <move id="129" source="B8" target="A8"/>
  <move id="130" source="F4" target="F2"/>
  <move id="131" source="A8" target="A7"/>
  <move id="132" source="F5" target="F4"/>
  <move id="133" source="A7" target="B7"/>
  <move id="134" source="F4" target="G4"/>
  <move id="135" source="B7" target="B6"/>
  <move id="136" source="G4" target="H4"/>
  <move id="137" source="B6" target="B5"/>
  <move id="138" source="H4" target="H3"/>
  <move id="139" source="H2" target="H3"/>
  <move id="140" source="I4" target="I3"/>
  <move id="141" source="H3" target="H4"/>
  <move id="142" source="E7" target="F7"/>
  <move id="143" source="B5" target="B6"/>
  <move id="144" source="F7" target="F6"/>
  <move id="145" source="B6" target="B7"/>
  <move id="146" source="F6" target="F5"/>
  <move id="147" source="B7" target="C7"/>
  <move id="148" source="G7" target="H7"/>
  <move id="149" source="C7" target="D7"/>
  <move id="150" source="H7" target="I7"/>
  <move id="151" source="D7" target="E7"/>
  <move id="152" source="F5" target="F6"/>
  <move id="153" source="K3" target="K4"/>
  <move id="154" source="I3" target="I4"/>
  <move id="155" source="H4" target="G4"/>
  <move id="156" source="I4" target="K4"/>
  <move id="157" source="G4" target="F4"/>
  <move id="158" source="K4" target="I4"/>
  <move id="159" source="F4" target="E4"/>
  <move id="160" source="I4" target="H4"/>
  <move id="161" source="E4" target="D4"/>
  <move id="162" source="H4" target="G4"/>
  <move id="163" source="D4" target="C4"/>
  <move id="164" source="G4" target="F4"/>
  <move id="165" source="C4" target="B4"/>
  <move id="166" source="F4" target="E4"/>
  <move id="167" source="B4" target="B5"/>
  <move id="168" source="E4" target="D4"/>
  <move id="169" source="B5" target="B6"/>
  <move id="170" source="D4" target="C4"/>
  <move id="171" source="B6" target="B7"/>
  <move id="172" source="C4" target="B4"/>
  <move id="173" source="B7" target="B8"/>
  <move id="174" source="B4" target="B5"/>
  <move id="175" source="B8" target="B9"/>
  <move id="176" source="E8" target="A8"/>
  <move id="177" source="E7" target="D7"/>
  <move id="178" source="A8" target="A1"/>
  <move id="179" source="D7" target="C7"/>
  <move id="180" source="B5" target="B4"/>
  <move id="181" source="C7" target="B7"/>
  <move id="182" source="B4" target="A4"/>
  <move id="183" source="B7" target="A7"/>
  <move id="184" source="A4" target="A3"/>
  <move id="185" source="A7" target="A6"/>
  <move id="186" source="A3" target="A2"/>
  <move id="187" source="A6" target="A5"/>
  <move id="188" source="A2" target="A1"/>
  <move id="189" source="A5" target="A4"/>
  <move id="190" source="A1" target="A2"/>
  <move id="191" source="A4" target="A3"/>
  <move id="192" source="A2" target="B2"/>
  <move id="193" source="A3" target="A2"/>
  <move id="194" source="B2" target="A2"/>
  <move id="195" source="C2" target="B2"/>
  <move id="196" source="I7" target="I6"/>
  <move id="197" source="B2" target="A2"/>
  <move id="198" source="I6" target="I5"/>
  <move id="199" source="A2" target="A3"/>
  <move id="200" source="I5" target="I4"/>
  <move id="201" source="A3" target="A4"/>
  <move id="202" source="I4" target="I3"/>
  <move id="203" source="A4" target="A5"/>
  <move id="204" source="I3" target="I2"/>
  <move id="205" source="A5" target="A6"/>
  <move id="206" source="I2" target="H2"/>
  <move id="207" source="A6" target="A7"/>
  <move id="208" source="I8" target="I1"/>
  <move id="209" source="A7" target="A8"/>
  <move id="210" source="H2" target="I2"/>
  <move id="211" source="A8" target="A9"/>
  <move id="212" source="I2" target="I1"/>
  <move id="213" source="A9" target="A:"/>
  <move id="214" source="I1" target="I2"/>
  <move id="215" source="K2" target="K3"/>
  <move id="216" source="I2" target="I3"/>
  <move id="217" source="K3" target="K4"/>
  <move id="218" source="G8" target="F8"/>
  <move id="219" source="K4" target="K5"/>
  <move id="220" source="F8" target="E8"/>
  <move id="221" source="K5" target="K6"/>
  <move id="222" source="E8" target="E7"/>
  <move id="223" source="K6" target="K7"/>
  <move id="224" source="E7" target="D7"/>
  <move id="225" source="K7" target="I7"/>
  <move id="226" source="D7" target="C7"/>
  <move id="227" source="I7" target="I8"/>
  <move id="228" source="C7" target="B7"/>
  <move id="229" source="I8" target="H8"/>
  <move id="230" source="B7" target="B6"/>
  <move id="231" source="D2" target="E2"/>
  <move id="232" source="B6" target="B5"/>
  <move id="233" source="D1" target="D2"/>
  <move id="234" source="B5" target="B4"/>
  <move id="235" source="D2" target="D3"/>
  <move id="236" source="H8" target="G8"/>
  <move id="237" source="D3" target="D4"/>
  <move id="238" source="G8" target="G7"/>
  <move id="239" source="D4" target="C4"/>
  <move id="240" source="G7" target="F7"/>
  <move id="241" source="C4" target="B4"/>
  <move id="242" source="F7" target="E7"/>
  <move id="243" source="K1" target="K2"/>
  <move id="244" source="E7" target="D7"/>
  <move id="245" source="K2" target="K5"/>
  <move id="246" source="D7" target="C7"/>
  <move id="247" source="K5" target="K6"/>
  <move id="248" source="C7" target="B7"/>
  <move id="249" source="K6" target="K7"/>
  <move id="250" source="B7" target="B6"/>
  <move id="251" source="K7" target="I7"/>
  <move id="252" source="B6" target="B5"/>
  <move id="253" source="I7" target="H7"/>
  <move id="254" source="B5" target="B4"/>
  <move id="255" source="H7" target="D7"/>
  <move id="256" source="C9" target="C8"/>
  <move id="257" source="D7" target="D9"/>
  <move id="258" source="C8" target="C7"/>
  <move id="259" source="E2" target="E3"/>
  <move id="260" source="C7" target="D7"/>
  <move id="261" source="E3" target="E4"/>
  <move id="262" source="B4" target="C4"/>
  <move id="263" source="E4" target="F4"/>
  <move id="264" source="C4" target="D4"/>
  <move id="265" source="H1" target="I1"/>
  <move id="266" source="D4" target="E4"/>
  <move id="267" source="F4" target="F3"/>
  <move id="268" source="F6" target="F5"/>
  <move id="269" source="I1" target="K1"/>
  <move id="270" source="E4" target="E3"/>
  <move id="271" source="G1" target="H1"/>
  <move id="272" source="E3" target="F3"/>
  <move id="273" source="K1" target="K2"/>
  <move id="274" source="F3" target="F4"/>
  <move id="275" source="H1" target="I1"/>
  <move id="276" source="F4" target="G4"/>
  <move id="277" source="F1" target="G1"/>
  <move id="278" source="D7" target="E7"/>
  <move id="279" source="G1" target="H1"/>
  <move id="280" source="E7" target="E6"/>
  <move id="281" source="H1" target="H2"/>
  <move id="282" source="E6" target="E5"/>
  <move id="283" source="K2" target="K3"/>
  <move id="284" source="E5" target="E4"/>
  <move id="285" source="K3" target="K4"/>
  <move id="286" source="E4" target="E3"/>
  <move id="287" source="K4" target="K5"/>
  <move id="288" source="E3" target="E2"/>
  <move id="289" source="K5" target="K6"/>
  <move id="290" source="E2" target="E1"/>
  <move id="291" source="K6" target="K7"/>
  <move id="292" source="E1" target="D1"/>
  <move id="293" source="K7" target="K8"/>
  <move id="294" source="F5" target="F6"/>
  <move id="295" source="K8" target="K9"/>
  <move id="296" source="F6" target="F7"/>
  <move id="297" source="K9" target="K:"/>
  <move id="298" source="D1" target="C1"/>
  <player id="1">Player 1</player>
  <player id="2">Player 2</player>
  <result type="1" winner="2"/>
 </game>
</stratego>