<?xml version="1.0" encoding="UTF-8"?>
<stratego>
 <game type="classic">
  
  <field content="MBIEEHDIDDBJEIHBDDEBFLEJBGHDBHFGCKGDFFGDAA__AA__AAAA__AA__AAVPPPWPROURPPUSQQVUNXQNSPSNSTTQNQPRNTTYNR"/>
  <move id="1" source="B4" target="B5"/>
  <move id="2" source="A7" target="A6"/>
  <move id="3" source="C4" target="B4"/>
  <move id="4" source="B7" target="B5"/>
  <move id="5" source="E4" target="E5"/>
  <move id="6" source="C7" target="B7"/>
  <move id="7" source="D4" target="E4"/>
  <move id="8" source="K7" target="K6"/>
  <move id="9" source="E5" target="E6"/>
  <move id="10" source="E7" target="E6"/>
  <move id="11" source="E4" target="D4"/>
  <move id="12" source="E6" target="E5"/>
  <move id="13" source="F4" target="E4"/>
  <move id="14" source="E5" target="E4"/>
  <move id="15" source="D4" target="C4"/>
  <move id="16" source="E4" target="E5"/>
  <move id="17" source="G4" target="F4"/>
  <move id="18" source="F7" target="F4"/>
  <move id="19" source="H4" target="G4"/>
  <move id="20" source="G7" target="F7"/>
  <move id="21" source="A4" target="A5"/>
  <move id="22" source="A6" target="A5"/>
  <move id="23" source="C4" target="D4"/>
  <move id="24" source="F7" target="F6"/>
  <move id="25" source="B4" target="C4"/>
  <move id="26" source="B7" target="A7"/>
  <move id="27" source="B3" target="B4"/>
  <move id="28" source="D7" target="G7"/>
  <move id="29" source="A3" target="A4"/>
  <move id="30" source="A5" target="A6"/>
  <move id="31" source="A4" target="A5"/>
  <move id="32" source="A6" target="B6"/>
  <move id="33" source="A5" target="A6"/>
  <move id="34" source="B6" target="B7"/>
  <move id="35" source="A6" target="B6"/>
  <move id="36" source="B7" target="C7"/>
  <move id="37" source="B6" target="B7"/>
  <move id="38" source="C7" target="D7"/>
  <move id="39" source="B7" target="C7"/>
  <move id="40" source="D7" target="E7"/>
  <move id="41" source="C7" target="D7"/>
  <move id="42" source="E7" target="F7"/>
  <move id="43" source="D7" target="E7"/>
  <move id="44" source="E5" target="E6"/>
  <move id="45" source="E7" target="D7"/>
  <move id="46" source="A7" target="D7"/>
  <move id="47" source="D7" target="D8"/>
  <move id="48" source="E6" target="E5"/>
  <move id="49" source="C3" target="B3"/>
  <move id="50" source="F6" target="F5"/>
  <move id="51" source="B3" target="A3"/>
  <move id="52" source="F7" target="E7"/>
  <move id="53" source="A3" target="A4"/>
  <move id="54" source="G7" target="F7"/>
  <move id="55" source="A4" target="A5"/>
  <move id="56" source="A8" target="A5"/>
  <move id="57" source="A5" target="A6"/>
  <move id="58" source="F5" target="F4"/>
  <move id="59" source="B5" target="B6"/>
  <move id="60" source="B8" target="B6"/>
  <move id="61" source="B4" target="B5"/>
  <move id="62" source="K6" target="K5"/>
  <move id="63" source="A6" target="A7"/>
  <move id="64" source="C8" target="B8"/>
  <move id="65" source="B6" target="B7"/>
  <move id="66" source="B8" target="B7"/>
  <move id="67" source="A7" target="A8"/>
  <move id="68" source="B7" target="C7"/>
  <move id="69" source="A8" target="A9"/>
  <move id="70" source="C7" target="C8"/>
  <move id="71" source="B5" target="B6"/>
  <move id="72" source="I7" target="I6"/>
  <move id="73" source="B6" target="B7"/>
  <move id="74" source="E7" target="E6"/>
  <move id="75" source="B7" target="C7"/>
  <move id="76" source="C8" target="B8"/>
  <move id="77" source="C7" target="D7"/>
  <move id="78" source="F7" target="D7"/>
  <move id="79" source="D7" target="E7"/>
  <move id="80" source="E6" target="F6"/>
  <move id="81" source="E7" target="E6"/>
  <move id="82" source="E5" target="E4"/>
  <move id="83" source="E6" target="F6"/>
  <move id="84" source="E4" target="F4"/>
  <move id="85" source="D3" target="C3"/>
  <move id="86" source="F4" target="G4"/>
  <move id="87" source="C3" target="B3"/>
  <move id="88" source="G4" target="F4"/>
  <move id="89" source="B3" target="B4"/>
  <move id="90" source="F4" target="E4"/>
  <move id="91" source="F6" target="F5"/>
  <move id="92" source="E4" target="D4"/>
  <move id="93" source="F5" target="E5"/>
  <move id="94" source="K5" target="K4"/>
  <move id="95" source="I4" target="K4"/>
  <move id="96" source="I6" target="I5"/>
  <move id="97" source="B4" target="B5"/>
  <move id="98" source="K8" target="K7"/>
  <move id="99" source="B5" target="B6"/>
  <move id="100" source="K7" target="K6"/>
  <move id="101" source="B6" target="B7"/>
  <move id="102" source="B8" target="C8"/>
  <move id="103" source="B7" target="C7"/>
  <move id="104" source="C8" target="B8"/>
  <move id="105" source="C7" target="B7"/>
  <move id="106" source="B8" target="A8"/>
  <move id="107" source="E5" target="E6"/>
  <move id="108" source="K6" target="K5"/>
  <move id="109" source="B2" target="B3"/>
  <move id="110" source="I5" target="I4"/>
  <move id="111" source="B3" target="A3"/>
  <move id="112" source="I4" target="K4"/>
  <move id="113" source="A3" target="A4"/>
  <move id="114" source="K4" target="K3"/>
  <move id="115" source="A4" target="A5"/>
  <move id="116" source="K3" target="I3"/>
  <move id="117" source="A5" target="A6"/>
  <move id="118" source="K9" target="K8"/>
  <move id="119" source="A6" target="A7"/>
  <move id="120" source="K8" target="K7"/>
  <move id="121" source="A7" target="A8"/>
  <move id="122" source="K7" target="I7"/>
  <move id="123" source="B7" target="B6"/>
  <move id="124" source="I7" target="I6"/>
  <move id="125" source="B6" target="B5"/>
  <move id="126" source="I6" target="I5"/>
  <move id="127" source="B5" target="B4"/>
  <move id="128" source="I5" target="I4"/>
  <move id="129" source="E6" target="E5"/>
  <move id="130" source="K5" target="I5"/>
  <move id="131" source="E5" target="E4"/>
  <move id="132" source="H7" target="I7"/>
  <move id="133" source="E4" target="F4"/>
  <move id="134" source="I4" target="I3"/>
  <move id="135" source="I2" target="I3"/>
  <move id="136" source="I7" target="K7"/>
  <move id="137" source="F4" target="G4"/>
  <move id="138" source="K7" target="K6"/>
  <move id="139" source="G4" target="H4"/>
  <move id="140" source="K6" target="K5"/>
  <move id="141" source="H3" target="I3"/>
  <move id="142" source="G8" target="G7"/>
  <move id="143" source="I3" target="I5"/>
  <move id="144" source="I5" target="I6"/>
  <move id="145" source="A8" target="A7"/>
  <move id="146" source="I6" target="I7"/>
  <move id="147" source="A7" target="B7"/>
  <move id="148" source="G7" target="G8"/>
  <move id="149" source="F3" target="F4"/>
  <move id="150" source="I7" target="H7"/>
  <move id="151" source="F4" target="F5"/>
  <move id="152" source="H7" target="G7"/>
  <move id="153" source="F5" target="F6"/>
  <move id="154" source="F8" target="F7"/>
  <move id="155" source="H2" target="H3"/>
  <move id="156" source="F7" target="F6"/>
  <move id="157" source="F6" target="E6"/>
  <move id="158" source="G7" target="F7"/>
  <move id="159" source="B4" target="B3"/>
  <move id="160" source="K5" target="I5"/>
  <move id="161" source="H3" target="I3"/>
  <move id="162" source="I5" target="I6"/>
  <move id="163" source="I3" target="I6"/>
  <move id="164" source="F7" target="E7"/>
  <move id="165" source="E6" target="F6"/>
  <move id="166" source="G8" target="G7"/>
  <move id="167" source="I6" target="I8"/>
  <move id="168" source="E7" target="E6"/>
  <move id="169" source="F6" target="F5"/>
  <move id="170" source="E6" target="E5"/>
  <move id="171" source="F5" target="F4"/>
  <move id="172" source="G7" target="F7"/>
  <move id="173" source="H4" target="G4"/>
  <move id="174" source="F7" target="F6"/>
  <move id="175" source="C4" target="D4"/>
  <move id="176" source="F6" target="E6"/>
  <move id="177" source="F4" target="E4"/>
  <move id="178" source="E5" target="F5"/>
  <move id="179" source="G4" target="F4"/>
  <move id="180" source="E6" target="E5"/>
  <move id="181" source="B3" target="C3"/>
  <move id="182" source="F5" target="F4"/>
  <move id="183" source="E4" target="F4"/>
  <move id="184" source="E5" target="E4"/>
  <move id="185" source="F4" target="G4"/>
  <move id="186" source="E4" target="D4"/>
  <move id="187" source="B7" target="B6"/>
  <move id="188" source="D4" target="E4"/>
  <move id="189" source="B6" target="B5"/>
  <move id="190" source="E4" target="F4"/>
  <move id="191" source="G4" target="H4"/>
  <move id="192" source="F4" target="G4"/>
  <move id="193" source="H4" target="I4"/>
  <move id="194" source="G4" target="H4"/>
  <move id="195" source="I4" target="K4"/>
  <move id="196" source="H4" target="I4"/>
  <move id="197" source="K4" target="K5"/>
  <move id="198" source="I4" target="I5"/>
  <move id="199" source="K5" target="K6"/>
  <move id="200" source="I5" target="I6"/>
  <move id="201" source="K6" target="K7"/>
  <move id="202" source="I6" target="I7"/>
  <move id="203" source="K7" target="K8"/>
  <move id="204" source="I7" target="K7"/>
  <move id="205" source="K8" target="K9"/>
  <move id="206" source="K7" target="K8"/>
  <move id="207" source="K9" target="K:"/>
  <move id="208" source="K8" target="K9"/>
  <move id="209" source="K:" target="I:"/>
  <move id="210" source="K9" target="K8"/>
  <move id="211" source="C3" target="C4"/>
  <move id="212" source="K8" target="K7"/>
  <move id="213" source="H1" target="H2"/>
  <move id="214" source="K7" target="K6"/>
  <move id="215" source="H2" target="H3"/>
  <move id="216" source="K6" target="K5"/>
  <move id="217" source="H3" target="H4"/>
  <move id="218" source="K5" target="K4"/>
  <move id="219" source="H4" target="G4"/>
  <move id="220" source="K4" target="K3"/>
  <move id="221" source="G4" target="F4"/>
  <move id="222" source="K3" target="I3"/>
  <move id="223" source="F4" target="F5"/>
  <move id="224" source="I3" target="H3"/>
  <move id="225" source="F5" target="F6"/>
  <move id="226" source="H3" target="H2"/>
  <move id="227" source="D2" target="D3"/>
  <move id="228" source="H2" target="G2"/>
  <move id="229" source="D3" target="D4"/>
  <move id="230" source="G2" target="H2"/>
  <move id="231" source="D4" target="D3"/>
  <move id="232" source="H2" target="H3"/>
  <move id="233" source="C4" target="D4"/>
  <move id="234" source="H3" target="H4"/>
  <move id="235" source="D4" target="E4"/>
  <move id="236" source="H4" target="I4"/>
  <move id="237" source="E4" target="F4"/>
  <move id="238" source="I4" target="I5"/>
  <move id="239" source="F6" target="E6"/>
  <move id="240" source="I5" target="I6"/>
  <move id="241" source="F4" target="G4"/>
  <move id="242" source="I6" target="I7"/>
  <move id="243" source="B5" target="B6"/>
  <move id="244" source="I7" target="H7"/>
  <move id="245" source="G4" target="F4"/>
  <move id="246" source="H7" target="G7"/>
  <move id="247" source="B6" target="B7"/>
  <move id="248" source="G7" target="F7"/>
  <move id="249" source="F4" target="F5"/>
  <move id="250" source="F7" target="E7"/>
  <move id="251" source="E6" target="E5"/>
  <move id="252" source="E7" target="D7"/>
  <move id="253" source="E5" target="E4"/>
  <move id="254" source="D7" target="C7"/>
  <move id="255" source="D3" target="C3"/>
  <move id="256" source="C7" target="B7"/>
  <move id="257" source="C3" target="B3"/>
  <player id="1">Player 1</player>
  <player id="2">Player 2</player>
  <result type="3" winner="1"/>
 </game>
</stratego>