<?xml version="1.0" encoding="UTF-8"?>
<stratego>
 <game type="classic">
  
  <field content="BEBBFEBDGMELDFEFGEDHIDJHDHJCGKDHGBIDFBIDAA__AA__AAAA__AA__AARPSUPTOWPPPNRNSXVPTPPRNQVQUTUSNRNSNQTYQQ"/>
  <move id="1" source="B4" target="B5"/>
  <move id="2" source="E7" target="E4"/>
  <move id="3" source="E4" target="E5"/>
  <move id="4" source="E8" target="E7"/>
  <move id="5" source="E5" target="F5"/>
  <move id="6" source="E7" target="E6"/>
  <move id="7" source="B5" target="B6"/>
  <move id="8" source="E9" target="E8"/>
  <move id="9" source="E3" target="E6"/>
  <move id="10" source="K7" target="K4"/>
  <move id="11" source="I4" target="K4"/>
  <move id="12" source="I7" target="I3"/>
  <move id="13" source="I3" target="I4"/>
  <move id="14" source="I8" target="I7"/>
  <move id="15" source="I4" target="I5"/>
  <move id="16" source="E6" target="E7"/>
  <move id="17" source="I2" target="I3"/>
  <move id="18" source="E8" target="E9"/>
  <move id="19" source="D3" target="E3"/>
  <move id="20" source="E7" target="E8"/>
  <move id="21" source="E3" target="E4"/>
  <move id="22" source="D7" target="E7"/>
  <move id="23" source="E4" target="E5"/>
  <move id="24" source="E7" target="D7"/>
  <move id="25" source="E5" target="E6"/>
  <move id="26" source="E8" target="E7"/>
  <move id="27" source="I3" target="I4"/>
  <move id="28" source="E9" target="E8"/>
  <move id="29" source="I5" target="K5"/>
  <move id="30" source="H8" target="I8"/>
  <move id="31" source="H3" target="I3"/>
  <move id="32" source="A7" target="A6"/>
  <move id="33" source="B6" target="A6"/>
  <move id="34" source="B7" target="B3"/>
  <move id="35" source="A6" target="B6"/>
  <move id="36" source="G8" target="H8"/>
  <move id="37" source="A4" target="A8"/>
  <move id="38" source="I7" target="K7"/>
  <move id="39" source="K5" target="I5"/>
  <move id="40" source="H7" target="I7"/>
  <move id="41" source="I3" target="I2"/>
  <move id="42" source="I7" target="I6"/>
  <move id="43" source="G3" target="H3"/>
  <move id="44" source="I6" target="I5"/>
  <move id="45" source="I4" target="I3"/>
  <move id="46" source="I5" target="K5"/>
  <move id="47" source="K4" target="I4"/>
  <move id="48" source="G7" target="G8"/>
  <move id="49" source="F5" target="E5"/>
  <move id="50" source="F7" target="G7"/>
  <move id="51" source="E5" target="E4"/>
  <move id="52" source="F8" target="F7"/>
  <move id="53" source="F4" target="F7"/>
  <move id="54" source="F7" target="F6"/>
  <move id="55" source="E6" target="E7"/>
  <move id="56" source="D7" target="E7"/>
  <move id="57" source="E4" target="E3"/>
  <move id="58" source="E7" target="F7"/>
  <move id="59" source="E3" target="E4"/>
  <move id="60" source="F7" target="F8"/>
  <move id="61" source="C3" target="B3"/>
  <move id="62" source="K5" target="K6"/>
  <move id="63" source="B3" target="B4"/>
  <move id="64" source="K6" target="I6"/>
  <move id="65" source="I4" target="K4"/>
  <move id="66" source="I6" target="I7"/>
  <move id="67" source="B4" target="B5"/>
  <move id="68" source="I7" target="H7"/>
  <move id="69" source="C4" target="B4"/>
  <move id="70" source="F9" target="E9"/>
  <move id="71" source="B4" target="A4"/>
  <move id="72" source="F8" target="F9"/>
  <move id="73" source="A4" target="A5"/>
  <move id="74" source="F6" target="E6"/>
  <move id="75" source="E4" target="E3"/>
  <move id="76" source="G7" target="F7"/>
  <move id="77" source="E3" target="D3"/>
  <move id="78" source="F7" target="F8"/>
  <move id="79" source="D3" target="C3"/>
  <move id="80" source="C7" target="D7"/>
  <move id="81" source="C3" target="C4"/>
  <move id="82" source="D7" target="E7"/>
  <move id="83" source="B6" target="B7"/>
  <move id="84" source="E7" target="F7"/>
  <move id="85" source="B7" target="C7"/>
  <move id="86" source="F7" target="F6"/>
  <move id="87" source="C7" target="D7"/>
  <move id="88" source="F6" target="F5"/>
  <move id="89" source="A5" target="A4"/>
  <move id="90" source="E6" target="E7"/>
  <move id="91" source="D7" target="D8"/>
  <move id="92" source="C8" target="C7"/>
  <move id="93" source="A4" target="A5"/>
  <move id="94" source="E7" target="F7"/>
  <move id="95" source="A5" target="A6"/>
  <move id="96" source="C7" target="B7"/>
  <move id="97" source="A6" target="A7"/>
  <move id="98" source="B7" target="B6"/>
  <move id="99" source="B5" target="B6"/>
  <move id="100" source="E8" target="E7"/>
  <move id="101" source="A7" target="A8"/>
  <move id="102" source="E7" target="D7"/>
  <move id="103" source="A8" target="A9"/>
  <move id="104" source="D7" target="C7"/>
  <move id="105" source="A9" target="B9"/>
  <move id="106" source="C7" target="B7"/>
  <move id="107" source="B6" target="B5"/>
  <move id="108" source="B7" target="A7"/>
  <move id="109" source="B5" target="B4"/>
  <move id="110" source="A7" target="A8"/>
  <move id="111" source="B9" target="B:"/>
  <move id="112" source="A8" target="A9"/>
  <move id="113" source="B:" target="C:"/>
  <move id="114" source="A9" target="A8"/>
  <move id="115" source="B4" target="B3"/>
  <move id="116" source="A8" target="A7"/>
  <move id="117" source="C4" target="B4"/>
  <move id="118" source="A7" target="B7"/>
  <move id="119" source="B4" target="B5"/>
  <move id="120" source="B7" target="C7"/>
  <move id="121" source="B5" target="B6"/>
  <move id="122" source="C7" target="D7"/>
  <move id="123" source="B6" target="B7"/>
  <move id="124" source="D7" target="E7"/>
  <move id="125" source="B7" target="C7"/>
  <move id="126" source="E7" target="E8"/>
  <move id="127" source="B3" target="B4"/>
  <move id="128" source="F7" target="E7"/>
  <move id="129" source="B4" target="A4"/>
  <move id="130" source="F5" target="F6"/>
  <move id="131" source="I3" target="I4"/>
  <move id="132" source="H7" target="G7"/>
  <move id="133" source="I4" target="I5"/>
  <move id="134" source="H8" target="H7"/>
  <move id="135" source="K4" target="K5"/>
  <move id="136" source="H7" target="I7"/>
  <move id="137" source="I5" target="I6"/>
  <move id="138" source="I7" target="I6"/>
  <move id="139" source="B2" target="B3"/>
  <move id="140" source="I6" target="I7"/>
  <move id="141" source="B3" target="C3"/>
  <move id="142" source="I7" target="H7"/>
  <move id="143" source="C3" target="D3"/>
  <move id="144" source="I8" target="I4"/>
  <move id="145" source="F3" target="F4"/>
  <move id="146" source="I4" target="H4"/>
  <move id="147" source="F4" target="F5"/>
  <move id="148" source="G7" target="F7"/>
  <move id="149" source="F5" target="F6"/>
  <move id="150" source="F7" target="F6"/>
  <move id="151" source="G4" target="F4"/>
  <move id="152" source="F6" target="F7"/>
  <move id="153" source="F4" target="F5"/>
  <move id="154" source="F7" target="G7"/>
  <move id="155" source="F5" target="F6"/>
  <move id="156" source="H7" target="H8"/>
  <move id="157" source="K5" target="K6"/>
  <move id="158" source="K7" target="K6"/>
  <move id="159" source="K6" target="K5"/>
  <move id="160" source="E7" target="E6"/>
  <move id="161" source="F6" target="F7"/>
  <move id="162" source="G7" target="F7"/>
  <move id="163" source="K3" target="K4"/>
  <move id="164" source="F7" target="G7"/>
  <move id="165" source="K4" target="I4"/>
  <move id="166" source="G7" target="H7"/>
  <move id="167" source="I4" target="I5"/>
  <move id="168" source="K8" target="I8"/>
  <move id="169" source="I5" target="I6"/>
  <move id="170" source="I8" target="I6"/>
  <move id="171" source="I6" target="I7"/>
  <move id="172" source="H7" target="I7"/>
  <move id="173" source="K5" target="K6"/>
  <move id="174" source="E8" target="E7"/>
  <move id="175" source="H3" target="I3"/>
  <move id="176" source="H8" target="I8"/>
  <move id="177" source="I3" target="I4"/>
  <move id="178" source="E7" target="F7"/>
  <move id="179" source="I4" target="I5"/>
  <move id="180" source="I8" target="K8"/>
  <move id="181" source="K6" target="K5"/>
  <move id="182" source="F7" target="G7"/>
  <move id="183" source="K5" target="K4"/>
  <move id="184" source="G7" target="H7"/>
  <move id="185" source="K4" target="I4"/>
  <move id="186" source="H7" target="I7"/>
  <move id="187" source="I5" target="I6"/>
  <move id="188" source="I7" target="I6"/>
  <move id="189" source="I4" target="I5"/>
  <move id="190" source="F8" target="F7"/>
  <move id="191" source="I5" target="I6"/>
  <move id="192" source="F7" target="G7"/>
  <move id="193" source="I6" target="I7"/>
  <move id="194" source="G7" target="H7"/>
  <move id="195" source="H2" target="H3"/>
  <move id="196" source="H7" target="H8"/>
  <move id="197" source="H3" target="G3"/>
  <move id="198" source="E6" target="E7"/>
  <move id="199" source="C7" target="B7"/>
  <move id="200" source="E7" target="F7"/>
  <move id="201" source="I7" target="I6"/>
  <move id="202" source="K8" target="I8"/>
  <move id="203" source="I6" target="K6"/>
  <move id="204" source="I8" target="I7"/>
  <move id="205" source="G3" target="G4"/>
  <move id="206" source="F7" target="E7"/>
  <move id="207" source="G4" target="F4"/>
  <move id="208" source="I9" target="I8"/>
  <move id="209" source="F4" target="E4"/>
  <move id="210" source="I8" target="K8"/>
  <move id="211" source="D3" target="E3"/>
  <move id="212" source="I7" target="I6"/>
  <move id="213" source="K6" target="K5"/>
  <move id="214" source="I6" target="I5"/>
  <move id="215" source="K5" target="K4"/>
  <move id="216" source="I5" target="I4"/>
  <move id="217" source="K4" target="K3"/>
  <move id="218" source="I4" target="H4"/>
  <player id="1">Player 1</player>
  <player id="2">Player 2</player>
  <result type="3" winner="1"/>
 </game>
</stratego>