<?xml version="1.0" encoding="UTF-8"?>
<stratego>
 <game type="classic">
  
  <field content="MBIEHFGBEDBJCEIJEEDBIFDDKLHBFHGDHDFGBDGDAA__AA__AAAA__AA__AARTNRPUXWTSUPNVTPQOUPQRNPQSNVPPSPTSRNYNQQ"/>
  <move id="1" source="F4" target="F5"/>
  <move id="2" source="K7" target="K6"/>
  <move id="3" source="F3" target="F4"/>
  <move id="4" source="K6" target="K5"/>
  <move id="5" source="E4" target="E5"/>
  <move id="6" source="K5" target="K4"/>
  <move id="7" source="K3" target="K4"/>
  <move id="8" source="I7" target="I6"/>
  <move id="9" source="E3" target="E4"/>
  <move id="10" source="I6" target="I5"/>
  <move id="11" source="F5" target="F6"/>
  <move id="12" source="I8" target="I7"/>
  <move id="13" source="K4" target="K3"/>
  <move id="14" source="I7" target="K7"/>
  <move id="15" source="F4" target="F5"/>
  <move id="16" source="K7" target="K6"/>
  <move id="17" source="E5" target="E6"/>
  <move id="18" source="K6" target="K5"/>
  <move id="19" source="E4" target="E5"/>
  <move id="20" source="K5" target="K4"/>
  <move id="21" source="E6" target="E7"/>
  <move id="22" source="E8" target="E7"/>
  <move id="23" source="F6" target="E6"/>
  <move id="24" source="E7" target="E8"/>
  <move id="25" source="F5" target="F6"/>
  <move id="26" source="D7" target="E7"/>
  <move id="27" source="E6" target="E7"/>
  <move id="28" source="E8" target="E7"/>
  <move id="29" source="E5" target="E6"/>
  <move id="30" source="E7" target="E8"/>
  <move id="31" source="E6" target="E7"/>
  <move id="32" source="I5" target="I4"/>
  <move id="33" source="E7" target="D7"/>
  <move id="34" source="I4" target="I5"/>
  <move id="35" source="E2" target="E3"/>
  <move id="36" source="I5" target="I6"/>
  <move id="37" source="E3" target="E4"/>
  <move id="38" source="F7" target="F6"/>
  <move id="39" source="F6" target="F7"/>
  <move id="40" source="I6" target="I7"/>
  <move id="41" source="E4" target="E5"/>
  <move id="42" source="I7" target="I8"/>
  <move id="43" source="E5" target="E6"/>
  <move id="44" source="H7" target="I7"/>
  <move id="45" source="D4" target="F4"/>
  <move id="46" source="I7" target="I6"/>
  <move id="47" source="F7" target="E7"/>
  <move id="48" source="I6" target="I5"/>
  <move id="49" source="F4" target="F8"/>
  <move id="50" source="G8" target="F8"/>
  <move id="51" source="D3" target="F3"/>
  <move id="52" source="G7" target="F7"/>
  <move id="53" source="F3" target="F7"/>
  <move id="54" source="F7" target="F6"/>
  <move id="55" source="E6" target="E5"/>
  <move id="56" source="F6" target="F5"/>
  <move id="57" source="E5" target="E4"/>
  <move id="58" source="K4" target="K3"/>
  <move id="59" source="B4" target="B7"/>
  <move id="60" source="K8" target="K4"/>
  <move id="61" source="A4" target="B4"/>
  <move id="62" source="K4" target="H4"/>
  <move id="63" source="A3" target="A4"/>
  <move id="64" source="K9" target="K4"/>
  <move id="65" source="A4" target="A5"/>
  <move id="66" source="B7" target="B6"/>
  <move id="67" source="A5" target="B5"/>
  <move id="68" source="B6" target="A6"/>
  <move id="69" source="B5" target="A5"/>
  <move id="70" source="A6" target="B6"/>
  <move id="71" source="A5" target="B5"/>
  <move id="72" source="B6" target="A6"/>
  <move id="73" source="D7" target="D8"/>
  <move id="74" source="K4" target="G4"/>
  <move id="75" source="D8" target="E8"/>
  <move id="76" source="K3" target="I3"/>
  <move id="77" source="E8" target="F8"/>
  <move id="78" source="I3" target="I2"/>
  <move id="79" source="B5" target="A5"/>
  <move id="80" source="A6" target="B6"/>
  <move id="81" source="D2" target="D3"/>
  <move id="82" source="K:" target="K9"/>
  <move id="83" source="F8" target="G8"/>
  <move id="84" source="K9" target="K8"/>
  <move id="85" source="G8" target="H8"/>
  <move id="86" source="K8" target="K7"/>
  <move id="87" source="H8" target="I8"/>
  <move id="88" source="K7" target="K6"/>
  <move id="89" source="I8" target="I9"/>
  <move id="90" source="K6" target="K5"/>
  <move id="91" source="I9" target="I:"/>
  <move id="92" source="K5" target="K4"/>
  <move id="93" source="I:" target="H:"/>
  <move id="94" source="K4" target="I4"/>
  <move id="95" source="E7" target="F7"/>
  <move id="96" source="I4" target="H4"/>
  <move id="97" source="F7" target="F8"/>
  <move id="98" source="H9" target="I9"/>
  <move id="99" source="F8" target="F9"/>
  <move id="100" source="E9" target="E8"/>
  <move id="101" source="F9" target="E9"/>
  <move id="102" source="E8" target="F8"/>
  <move id="103" source="E9" target="E:"/>
  <move id="104" source="H4" target="G4"/>
  <move id="105" source="E:" target="E9"/>
  <move id="106" source="G4" target="G3"/>
  <move id="107" source="E9" target="D9"/>
  <move id="108" source="I5" target="I4"/>
  <move id="109" source="D9" target="D:"/>
  <move id="110" source="I4" target="H4"/>
  <move id="111" source="A5" target="A6"/>
  <move id="112" source="B6" target="B5"/>
  <move id="113" source="A6" target="A7"/>
  <move id="114" source="A8" target="A7"/>
  <move id="115" source="B4" target="A4"/>
  <move id="116" source="B5" target="A5"/>
  <move id="117" source="A4" target="B4"/>
  <move id="118" source="A5" target="B5"/>
  <move id="119" source="D:" target="E:"/>
  <move id="120" source="H4" target="G4"/>
  <move id="121" source="E:" target="E9"/>
  <move id="122" source="G4" target="G3"/>
  <move id="123" source="E9" target="E8"/>
  <move id="124" source="F8" target="F9"/>
  <move id="125" source="E8" target="F8"/>
  <move id="126" source="F9" target="E9"/>
  <move id="127" source="F8" target="F7"/>
  <move id="128" source="F5" target="E5"/>
  <move id="129" source="E4" target="F4"/>
  <move id="130" source="G3" target="G4"/>
  <move id="131" source="F7" target="F6"/>
  <move id="132" source="G4" target="F4"/>
  <move id="133" source="F6" target="F5"/>
  <move id="134" source="E5" target="F5"/>
  <move id="135" source="B3" target="A3"/>
  <move id="136" source="B5" target="B4"/>
  <move id="137" source="C4" target="B4"/>
  <move id="138" source="I9" target="I8"/>
  <move id="139" source="B2" target="B3"/>
  <move id="140" source="F4" target="E4"/>
  <move id="141" source="B3" target="B4"/>
  <move id="142" source="I8" target="H8"/>
  <move id="143" source="B4" target="B5"/>
  <move id="144" source="H8" target="G8"/>
  <move id="145" source="B5" target="B6"/>
  <move id="146" source="G8" target="F8"/>
  <move id="147" source="B6" target="B7"/>
  <move id="148" source="F8" target="E8"/>
  <move id="149" source="B7" target="B8"/>
  <move id="150" source="E8" target="D8"/>
  <move id="151" source="B8" target="B9"/>
  <move id="152" source="A9" target="A8"/>
  <move id="153" source="B9" target="B:"/>
  <move id="154" source="A8" target="A7"/>
  <move id="155" source="B:" target="A:"/>
  <move id="156" source="A7" target="A6"/>
  <move id="157" source="C3" target="B3"/>
  <move id="158" source="E4" target="D4"/>
  <move id="159" source="D3" target="E3"/>
  <move id="160" source="D8" target="E8"/>
  <move id="161" source="B3" target="B:"/>
  <move id="162" source="E8" target="F8"/>
  <move id="163" source="B:" target="C:"/>
  <move id="164" source="C:" target="D:"/>
  <move id="165" source="A:" target="B:"/>
  <move id="166" source="D:" target="D9"/>
  <move id="167" source="B:" target="C:"/>
  <move id="168" source="D9" target="D8"/>
  <move id="169" source="C:" target="D:"/>
  <move id="170" source="D8" target="D7"/>
  <move id="171" source="D:" target="D9"/>
  <move id="172" source="E9" target="E:"/>
  <move id="173" source="D9" target="D8"/>
  <move id="174" source="D7" target="E7"/>
  <move id="175" source="D8" target="E8"/>
  <move id="176" source="E7" target="E6"/>
  <move id="177" source="E8" target="F8"/>
  <move id="178" source="A6" target="A5"/>
  <move id="179" source="G2" target="G3"/>
  <move id="180" source="A5" target="B5"/>
  <move id="181" source="G3" target="G4"/>
  <move id="182" source="D4" target="E4"/>
  <move id="183" source="E3" target="D3"/>
  <move id="184" source="E4" target="D4"/>
  <move id="185" source="D3" target="C3"/>
  <move id="186" source="D4" target="C4"/>
  <move id="187" source="C3" target="D3"/>
  <move id="188" source="C4" target="D4"/>
  <move id="189" source="D3" target="E3"/>
  <move id="190" source="B5" target="B4"/>
  <move id="191" source="G4" target="H4"/>
  <move id="192" source="B4" target="C4"/>
  <move id="193" source="C2" target="C3"/>
  <move id="194" source="C4" target="B4"/>
  <move id="195" source="C3" target="B3"/>
  <move id="196" source="B4" target="C4"/>
  <move id="197" source="H4" target="I4"/>
  <move id="198" source="E6" target="E5"/>
  <move id="199" source="I4" target="I5"/>
  <move id="200" source="E5" target="E4"/>
  <move id="201" source="E3" target="F3"/>
  <move id="202" source="D4" target="D3"/>
  <move id="203" source="B3" target="B4"/>
  <move id="204" source="C4" target="C3"/>
  <move id="205" source="A3" target="B3"/>
  <move id="206" source="C3" target="C2"/>
  <move id="207" source="C1" target="C2"/>
  <move id="208" source="D3" target="C3"/>
  <move id="209" source="C2" target="D2"/>
  <move id="210" source="C3" target="B3"/>
  <move id="211" source="D2" target="D3"/>
  <move id="212" source="B3" target="B4"/>
  <move id="213" source="D3" target="D4"/>
  <move id="214" source="E4" target="E3"/>
  <move id="215" source="D4" target="D3"/>
  <move id="216" source="E3" target="F3"/>
  <move id="217" source="F2" target="F3"/>
  <move id="218" source="I2" target="I1"/>
  <move id="219" source="I5" target="I6"/>
  <move id="220" source="I1" target="K1"/>
  <move id="221" source="I6" target="I7"/>
  <move id="222" source="K1" target="I1"/>
  <move id="223" source="I7" target="I8"/>
  <player id="1">Player 1</player>
  <player id="2">Player 2</player>
  <result type="3" winner="1"/>
 </game>
</stratego>