<?xml version="1.0" encoding="UTF-8"?>
<stratego>
 <game type="classic">
  
  <field content="EDDDDDFDDDGMEEFEBEFBHKHCBGJHBFJIGLHIBGIBAA__AA__AAAA__AA__AAPSQUSRWNTSVXVONRYTNRQPPPTNQTQNUUQPPPPNSR"/>
  <move id="1" source="F4" target="F5"/>
  <move id="2" source="B7" target="B6"/>
  <move id="3" source="F5" target="F6"/>
  <move id="4" source="B6" target="B5"/>
  <move id="5" source="B4" target="B5"/>
  <move id="6" source="A7" target="A4"/>
  <move id="7" source="C4" target="B4"/>
  <move id="8" source="B8" target="B7"/>
  <move id="9" source="B5" target="A5"/>
  <move id="10" source="B7" target="B6"/>
  <move id="11" source="B4" target="B5"/>
  <move id="12" source="B6" target="A6"/>
  <move id="13" source="A4" target="B4"/>
  <move id="14" source="A6" target="A5"/>
  <move id="15" source="B5" target="B6"/>
  <move id="16" source="A5" target="B5"/>
  <move id="17" source="B4" target="A4"/>
  <move id="18" source="B5" target="B6"/>
  <move id="19" source="D4" target="C4"/>
  <move id="20" source="B6" target="B5"/>
  <move id="21" source="A4" target="B4"/>
  <move id="22" source="F7" target="F6"/>
  <move id="23" source="E4" target="E5"/>
  <move id="24" source="E7" target="E6"/>
  <move id="25" source="F6" target="E6"/>
  <move id="26" source="G7" target="F7"/>
  <move id="27" source="E6" target="F6"/>
  <move id="28" source="F7" target="F6"/>
  <move id="29" source="E5" target="F5"/>
  <move id="30" source="F6" target="E6"/>
  <move id="31" source="F5" target="F6"/>
  <move id="32" source="E6" target="F6"/>
  <move id="33" source="I4" target="I5"/>
  <move id="34" source="D7" target="E7"/>
  <move id="35" source="I5" target="I6"/>
  <move id="36" source="E7" target="E6"/>
  <move id="37" source="H4" target="I4"/>
  <move id="38" source="E6" target="E5"/>
  <move id="39" source="I4" target="I5"/>
  <move id="40" source="E5" target="E4"/>
  <move id="41" source="I5" target="K5"/>
  <move id="42" source="E4" target="D4"/>
  <move id="43" source="K5" target="K6"/>
  <move id="44" source="C7" target="D7"/>
  <move id="45" source="K6" target="K7"/>
  <move id="46" source="D7" target="E7"/>
  <move id="47" source="I6" target="I7"/>
  <move id="48" source="E7" target="E6"/>
  <move id="49" source="H3" target="H4"/>
  <move id="50" source="D4" target="E4"/>
  <move id="51" source="H4" target="I4"/>
  <move id="52" source="E4" target="F4"/>
  <move id="53" source="I4" target="I5"/>
  <move id="54" source="E6" target="E5"/>
  <move id="55" source="I5" target="I6"/>
  <move id="56" source="E5" target="E4"/>
  <move id="57" source="I6" target="K6"/>
  <move id="58" source="E4" target="D4"/>
  <move id="59" source="K6" target="K7"/>
  <move id="60" source="D4" target="C4"/>
  <move id="61" source="B4" target="A4"/>
  <move id="62" source="B5" target="A5"/>
  <move id="63" source="A4" target="B4"/>
  <move id="64" source="A5" target="B5"/>
  <move id="65" source="B4" target="A4"/>
  <move id="66" source="B5" target="A5"/>
  <move id="67" source="B3" target="B4"/>
  <move id="68" source="F6" target="E6"/>
  <move id="69" source="A3" target="B3"/>
  <move id="70" source="A5" target="A4"/>
  <move id="71" source="B4" target="B5"/>
  <move id="72" source="E6" target="E7"/>
  <move id="73" source="B5" target="B6"/>
  <move id="74" source="E7" target="D7"/>
  <move id="75" source="B6" target="B7"/>
  <move id="76" source="D7" target="C7"/>
  <move id="77" source="B7" target="A7"/>
  <move id="78" source="C7" target="B7"/>
  <move id="79" source="A7" target="A8"/>
  <move id="80" source="B7" target="B8"/>
  <move id="81" source="A8" target="A9"/>
  <move id="82" source="B9" target="A9"/>
  <move id="83" source="A9" target="A:"/>
  <move id="84" source="B8" target="B9"/>
  <move id="85" source="A:" target="B:"/>
  <move id="86" source="B9" target="B:"/>
  <move id="87" source="F3" target="F4"/>
  <move id="88" source="F4" target="F5"/>
  <move id="89" source="K7" target="K8"/>
  <move id="90" source="F5" target="F6"/>
  <move id="91" source="K8" target="K9"/>
  <move id="92" source="D8" target="D7"/>
  <move id="93" source="H2" target="H3"/>
  <move id="94" source="D7" target="C7"/>
  <move id="95" source="C4" target="B4"/>
  <move id="96" source="A4" target="A5"/>
  <move id="97" source="B4" target="B5"/>
  <move id="98" source="A5" target="A6"/>
  <move id="99" source="B3" target="B4"/>
  <move id="100" source="C8" target="D8"/>
  <move id="101" source="G3" target="F3"/>
  <move id="102" source="D8" target="D7"/>
  <move id="103" source="F3" target="F4"/>
  <move id="104" source="D7" target="E7"/>
  <move id="105" source="F4" target="F5"/>
  <move id="106" source="F6" target="F7"/>
  <move id="107" source="F5" target="F6"/>
  <move id="108" source="F7" target="G7"/>
  <move id="109" source="F6" target="F7"/>
  <move id="110" source="E7" target="F7"/>
  <move id="111" source="H3" target="H4"/>
  <move id="112" source="G7" target="F7"/>
  <move id="113" source="H4" target="I4"/>
  <move id="114" source="F7" target="F6"/>
  <move id="115" source="I4" target="I5"/>
  <move id="116" source="F6" target="F7"/>
  <move id="117" source="I5" target="I6"/>
  <move id="118" source="C9" target="C8"/>
  <move id="119" source="I7" target="K7"/>
  <move id="120" source="C8" target="B8"/>
  <move id="121" source="K7" target="K8"/>
  <move id="122" source="B8" target="B7"/>
  <move id="123" source="I6" target="I7"/>
  <move id="124" source="B7" target="B6"/>
  <move id="125" source="B5" target="A5"/>
  <move id="126" source="A6" target="A7"/>
  <move id="127" source="I7" target="I8"/>
  <move id="128" source="I9" target="I8"/>
  <move id="129" source="K8" target="I8"/>
  <move id="130" source="B6" target="B4"/>
  <move id="131" source="I8" target="H8"/>
  <move id="132" source="A7" target="B7"/>
  <move id="133" source="A5" target="A6"/>
  <move id="134" source="B7" target="B8"/>
  <move id="135" source="A6" target="B6"/>
  <move id="136" source="B8" target="C8"/>
  <move id="137" source="B4" target="A4"/>
  <move id="138" source="F7" target="E7"/>
  <move id="139" source="H1" target="H4"/>
  <move id="140" source="E7" target="E6"/>
  <move id="141" source="H4" target="I4"/>
  <move id="142" source="E6" target="E5"/>
  <move id="143" source="B6" target="B5"/>
  <move id="144" source="C8" target="B8"/>
  <move id="145" source="I4" target="I9"/>
  <move id="146" source="I:" target="I9"/>
  <move id="147" source="H8" target="I8"/>
  <move id="148" source="I9" target="I:"/>
  <move id="149" source="I8" target="I9"/>
  <move id="150" source="D9" target="D8"/>
  <move id="151" source="I9" target="I:"/>
  <move id="152" source="D8" target="D7"/>
  <move id="153" source="F2" target="F3"/>
  <move id="154" source="D7" target="E7"/>
  <move id="155" source="F3" target="G3"/>
  <move id="156" source="E5" target="E4"/>
  <move id="157" source="G3" target="H3"/>
  <move id="158" source="E4" target="F4"/>
  <move id="159" source="H3" target="H4"/>
  <move id="160" source="F4" target="F3"/>
  <move id="161" source="H4" target="I4"/>
  <move id="162" source="F3" target="G3"/>
  <move id="163" source="I4" target="I5"/>
  <move id="164" source="G3" target="H3"/>
  <move id="165" source="I5" target="I6"/>
  <move id="166" source="H3" target="H4"/>
  <move id="167" source="I:" target="I9"/>
  <move id="168" source="H4" target="I4"/>
  <move id="169" source="I9" target="I8"/>
  <move id="170" source="I4" target="I5"/>
  <move id="171" source="I6" target="I7"/>
  <move id="172" source="I5" target="I6"/>
  <move id="173" source="I7" target="H7"/>
  <move id="174" source="F8" target="F7"/>
  <move id="175" source="H7" target="H8"/>
  <move id="176" source="H9" target="H8"/>
  <move id="177" source="I8" target="H8"/>
  <move id="178" source="I6" target="I7"/>
  <move id="179" source="H8" target="H7"/>
  <move id="180" source="I7" target="H7"/>
  <move id="181" source="C3" target="C4"/>
  <move id="182" source="B8" target="C8"/>
  <move id="183" source="C4" target="D4"/>
  <move id="184" source="C8" target="D8"/>
  <move id="185" source="D4" target="E4"/>
  <move id="186" source="E7" target="E4"/>
  <move id="187" source="A4" target="A5"/>
  <move id="188" source="E9" target="D9"/>
  <move id="189" source="A5" target="A6"/>
  <move id="190" source="D9" target="C9"/>
  <move id="191" source="A6" target="A7"/>
  <move id="192" source="C9" target="B9"/>
  <move id="193" source="A7" target="A8"/>
  <move id="194" source="B9" target="B8"/>
  <move id="195" source="A8" target="B8"/>
  <move id="196" source="D8" target="D7"/>
  <move id="197" source="B5" target="B4"/>
  <move id="198" source="D7" target="E7"/>
  <move id="199" source="E4" target="D4"/>
  <move id="200" source="E7" target="D7"/>
  <move id="201" source="F1" target="F2"/>
  <move id="202" source="F7" target="G7"/>
  <move id="203" source="F2" target="F3"/>
  <move id="204" source="G7" target="H7"/>
  <move id="205" source="F3" target="F4"/>
  <move id="206" source="H7" target="I7"/>
  <move id="207" source="F4" target="F5"/>
  <move id="208" source="I7" target="I6"/>
  <move id="209" source="F5" target="F6"/>
  <move id="210" source="D7" target="E7"/>
  <move id="211" source="A2" target="A3"/>
  <move id="212" source="I6" target="I5"/>
  <move id="213" source="A3" target="A4"/>
  <move id="214" source="D:" target="D9"/>
  <move id="215" source="A4" target="A5"/>
  <move id="216" source="D9" target="C9"/>
  <move id="217" source="A5" target="A6"/>
  <move id="218" source="C7" target="D7"/>
  <move id="219" source="A6" target="A7"/>
  <move id="220" source="C9" target="C8"/>
  <move id="221" source="A7" target="B7"/>
  <move id="222" source="C8" target="C7"/>
  <move id="223" source="B7" target="C7"/>
  <move id="224" source="I5" target="I4"/>
  <move id="225" source="F6" target="F7"/>
  <move id="226" source="E7" target="F7"/>
  <move id="227" source="C7" target="D7"/>
  <move id="228" source="I4" target="H4"/>
  <move id="229" source="I2" target="H2"/>
  <move id="230" source="H4" target="G4"/>
  <move id="231" source="C2" target="C3"/>
  <move id="232" source="F7" target="E7"/>
  <move id="233" source="D7" target="D8"/>
  <move id="234" source="E7" target="D7"/>
  <move id="235" source="D8" target="D9"/>
  <move id="236" source="D7" target="D8"/>
  <move id="237" source="D9" target="E9"/>
  <move id="238" source="D8" target="D9"/>
  <move id="239" source="E9" target="F9"/>
  <move id="240" source="D9" target="D8"/>
  <move id="241" source="B4" target="B5"/>
  <move id="242" source="D8" target="D7"/>
  <move id="243" source="D4" target="C4"/>
  <move id="244" source="D7" target="E7"/>
  <move id="245" source="E2" target="F2"/>
  <move id="246" source="E7" target="E6"/>
  <move id="247" source="F2" target="F3"/>
  <move id="248" source="E6" target="E5"/>
  <move id="249" source="D2" target="C2"/>
  <move id="250" source="E:" target="D:"/>
  <move id="251" source="C4" target="B4"/>
  <move id="252" source="D:" target="D9"/>
  <move id="253" source="B4" target="A4"/>
  <move id="254" source="D9" target="D8"/>
  <move id="255" source="A4" target="A5"/>
  <move id="256" source="D8" target="D7"/>
  <move id="257" source="B5" target="B4"/>
  <move id="258" source="D7" target="F7"/>
  <move id="259" source="B4" target="C4"/>
  <move id="260" source="F7" target="F3"/>
  <move id="261" source="C4" target="D4"/>
  <move id="262" source="E5" target="F5"/>
  <move id="263" source="D4" target="E4"/>
  <move id="264" source="F5" target="F6"/>
  <move id="265" source="E4" target="E5"/>
  <move id="266" source="F6" target="F7"/>
  <move id="267" source="E5" target="E6"/>
  <move id="268" source="F7" target="G7"/>
  <move id="269" source="A5" target="A6"/>
  <move id="270" source="G9" target="H9"/>
  <move id="271" source="A6" target="A7"/>
  <move id="272" source="G7" target="H7"/>
  <move id="273" source="A7" target="B7"/>
  <move id="274" source="H7" target="I7"/>
  <move id="275" source="B7" target="C7"/>
  <move id="276" source="I7" target="I6"/>
  <move id="277" source="C7" target="C8"/>
  <move id="278" source="I6" target="I5"/>
  <move id="279" source="F3" target="F4"/>
  <move id="280" source="H9" target="H8"/>
  <move id="281" source="F4" target="F5"/>
  <move id="282" source="H8" target="H7"/>
  <move id="283" source="F5" target="F6"/>
  <move id="284" source="H7" target="G7"/>
  <move id="285" source="F6" target="F7"/>
  <move id="286" source="G7" target="F7"/>
  <move id="287" source="F7" target="G7"/>
  <move id="288" source="I5" target="I4"/>
  <move id="289" source="G7" target="H7"/>
  <move id="290" source="I4" target="H4"/>
  <move id="291" source="H7" target="H8"/>
  <move id="292" source="H4" target="H3"/>
  <move id="293" source="H8" target="H9"/>
  <move id="294" source="H3" target="H2"/>
  <move id="295" source="H9" target="G9"/>
  <move id="296" source="H2" target="H3"/>
  <move id="297" source="G9" target="G:"/>
  <move id="298" source="H3" target="G3"/>
  <move id="299" source="G:" target="H:"/>
  <move id="300" source="K:" target="I:"/>
  <move id="301" source="C8" target="C9"/>
  <move id="302" source="G3" target="F3"/>
  <move id="303" source="C9" target="D9"/>
  <move id="304" source="F3" target="F2"/>
  <move id="305" source="D9" target="E9"/>
  <move id="306" source="F2" target="F1"/>
  <move id="307" source="D3" target="D2"/>
  <move id="308" source="F1" target="E1"/>
  <move id="309" source="C3" target="D3"/>
  <move id="310" source="E1" target="D1"/>
  <move id="311" source="D2" target="D1"/>
  <move id="312" source="I:" target="I9"/>
  <move id="313" source="D3" target="C3"/>
  <move id="314" source="I9" target="I8"/>
  <move id="315" source="C3" target="B3"/>
  <move id="316" source="I8" target="I7"/>
  <move id="317" source="E9" target="E:"/>
  <move id="318" source="I7" target="I6"/>
  <move id="319" source="E:" target="F:"/>
  <move id="320" source="I6" target="I5"/>
  <move id="321" source="F:" target="E:"/>
  <move id="322" source="I5" target="I4"/>
  <move id="323" source="E:" target="D:"/>
  <move id="324" source="I4" target="H4"/>
  <move id="325" source="D:" target="C:"/>
  <move id="326" source="H4" target="H3"/>
  <move id="327" source="G1" target="F1"/>
  <move id="328" source="H3" target="H2"/>
  <move id="329" source="F1" target="F2"/>
  <move id="330" source="H2" target="H1"/>
  <move id="331" source="I1" target="I2"/>
  <move id="332" source="H1" target="G1"/>
  <move id="333" source="I2" target="H2"/>
  <move id="334" source="G1" target="F1"/>
  <move id="335" source="F2" target="F1"/>
  <player id="1">Player 1</player>
  <player id="2">Player 2</player>
  <result type="0" winner="1"/>
 </game>
</stratego>