<?xml version="1.0" encoding="UTF-8"?>
<stratego>
 <game type="classic">
  
  <field content="FEBMDDEBDDBEGIDDHIDDEBBJHICGFJHBFKFGELHGAA__AA__AAAA__AA__AATXQPSNRRPSTWQRPNTSRPVVUNQNSPUPOUNYNQPQPT"/>
  <move id="1" source="A4" target="A5"/>
  <move id="2" source="B7" target="B6"/>
  <move id="3" source="A5" target="A6"/>
  <move id="4" source="A7" target="A6"/>
  <move id="5" source="A3" target="A4"/>
  <move id="6" source="A8" target="A7"/>
  <move id="7" source="A4" target="A5"/>
  <move id="8" source="B6" target="A6"/>
  <move id="9" source="A5" target="A6"/>
  <move id="10" source="A6" target="A5"/>
  <move id="11" source="E4" target="E5"/>
  <move id="12" source="A5" target="B5"/>
  <move id="13" source="E5" target="E6"/>
  <move id="14" source="A7" target="A6"/>
  <move id="15" source="E6" target="E7"/>
  <move id="16" source="A6" target="A5"/>
  <move id="17" source="D4" target="E4"/>
  <move id="18" source="A5" target="A4"/>
  <move id="19" source="E4" target="E5"/>
  <move id="20" source="A4" target="B4"/>
  <move id="21" source="E5" target="E6"/>
  <move id="22" source="C7" target="B7"/>
  <move id="23" source="F4" target="F5"/>
  <move id="24" source="B7" target="A7"/>
  <move id="25" source="F5" target="F6"/>
  <move id="26" source="A7" target="A6"/>
  <move id="27" source="F6" target="F7"/>
  <move id="28" source="A6" target="A5"/>
  <move id="29" source="G4" target="F4"/>
  <move id="30" source="A5" target="A4"/>
  <move id="31" source="F4" target="F5"/>
  <move id="32" source="A4" target="B4"/>
  <move id="33" source="C4" target="B4"/>
  <move id="34" source="B5" target="B4"/>
  <move id="35" source="E3" target="E4"/>
  <move id="36" source="D7" target="A7"/>
  <move id="37" source="H4" target="G4"/>
  <move id="38" source="A7" target="A2"/>
  <move id="39" source="G4" target="H4"/>
  <move id="40" source="B4" target="C4"/>
  <move id="41" source="G3" target="G4"/>
  <move id="42" source="C8" target="C7"/>
  <move id="43" source="G4" target="F4"/>
  <move id="44" source="C7" target="B7"/>
  <move id="45" source="F3" target="G3"/>
  <move id="46" source="B7" target="B6"/>
  <move id="47" source="F4" target="F3"/>
  <move id="48" source="B6" target="B5"/>
  <move id="49" source="F3" target="E3"/>
  <move id="50" source="B5" target="B4"/>
  <move id="51" source="F5" target="F6"/>
  <move id="52" source="C4" target="D4"/>
  <move id="53" source="E4" target="E5"/>
  <move id="54" source="B4" target="C4"/>
  <move id="55" source="F6" target="F7"/>
  <move id="56" source="G7" target="F7"/>
  <move id="57" source="E5" target="F5"/>
  <move id="58" source="C9" target="C8"/>
  <move id="59" source="F5" target="F6"/>
  <move id="60" source="C8" target="C7"/>
  <move id="61" source="F6" target="F7"/>
  <move id="62" source="E7" target="D7"/>
  <move id="63" source="F7" target="F8"/>
  <move id="64" source="C7" target="B7"/>
  <move id="65" source="E6" target="E7"/>
  <move id="66" source="B7" target="B6"/>
  <move id="67" source="E7" target="F7"/>
  <move id="68" source="B6" target="B5"/>
  <move id="69" source="H4" target="G4"/>
  <move id="70" source="B5" target="B4"/>
  <move id="71" source="G4" target="F4"/>
  <move id="72" source="B4" target="B5"/>
  <move id="73" source="F4" target="F5"/>
  <move id="74" source="C4" target="B4"/>
  <move id="75" source="F5" target="E5"/>
  <move id="76" source="B4" target="A4"/>
  <move id="77" source="F7" target="E7"/>
  <move id="78" source="B5" target="B4"/>
  <move id="79" source="F2" target="F7"/>
  <move id="80" source="B4" target="C4"/>
  <move id="81" source="F7" target="G7"/>
  <move id="82" source="H7" target="G7"/>
  <move id="83" source="G2" target="F2"/>
  <move id="84" source="A4" target="B4"/>
  <move id="85" source="F2" target="F3"/>
  <move id="86" source="B4" target="B3"/>
  <move id="87" source="B2" target="B3"/>
  <move id="88" source="C4" target="C3"/>
  <move id="89" source="F3" target="F4"/>
  <move id="90" source="D7" target="C7"/>
  <move id="91" source="F4" target="F5"/>
  <move id="92" source="C7" target="B7"/>
  <move id="93" source="E2" target="F2"/>
  <move id="94" source="B7" target="B6"/>
  <move id="95" source="F2" target="G2"/>
  <move id="96" source="B6" target="B5"/>
  <move id="97" source="F5" target="F6"/>
  <move id="98" source="B5" target="B4"/>
  <move id="99" source="E5" target="F5"/>
  <move id="100" source="B4" target="B3"/>
  <move id="101" source="F5" target="F4"/>
  <move id="102" source="B3" target="B2"/>
  <move id="103" source="F4" target="F3"/>
  <move id="104" source="B2" target="C2"/>
  <move id="105" source="F6" target="F7"/>
  <move id="106" source="D8" target="D7"/>
  <move id="107" source="F7" target="G7"/>
  <move id="108" source="G8" target="G7"/>
  <move id="109" source="I4" target="I5"/>
  <move id="110" source="D7" target="C7"/>
  <move id="111" source="I5" target="I6"/>
  <move id="112" source="C7" target="B7"/>
  <move id="113" source="K4" target="K5"/>
  <move id="114" source="B7" target="B6"/>
  <move id="115" source="K5" target="K6"/>
  <move id="116" source="B6" target="B5"/>
  <move id="117" source="K3" target="K4"/>
  <move id="118" source="B5" target="B4"/>
  <move id="119" source="K4" target="I4"/>
  <move id="120" source="B4" target="B3"/>
  <move id="121" source="I4" target="H4"/>
  <move id="122" source="B3" target="B2"/>
  <move id="123" source="F3" target="F2"/>
  <move id="124" source="B2" target="B1"/>
  <move id="125" source="K6" target="K5"/>
  <move id="126" source="B1" target="A1"/>
  <move id="127" source="K5" target="I5"/>
  <move id="128" source="D4" target="C4"/>
  <move id="129" source="H4" target="G4"/>
  <move id="130" source="C4" target="B4"/>
  <move id="131" source="K2" target="K7"/>
  <move id="132" source="B4" target="B5"/>
  <move id="133" source="E7" target="D7"/>
  <move id="134" source="B5" target="B6"/>
  <move id="135" source="D7" target="D8"/>
  <move id="136" source="B6" target="B7"/>
  <move id="137" source="I6" target="K6"/>
  <move id="138" source="E8" target="D8"/>
  <player id="1">Player 1</player>
  <player id="2">Player 2</player>
  <result type="3" winner="2"/>
 </game>
</stratego>