<?xml version="1.0" encoding="UTF-8"?>
<stratego>
 <game type="classic">
  
  <field content="HEBMBEBBEBGIEBEJICJIFGHLDHDKDDDFDDGFDHGFAA__AA__AAAA__AA__AAPSPURNTQSPTPNQTNQWVXRSRSNRNOPPPQTUNQYVPU"/>
  <move id="1" source="E4" target="E5"/>
  <move id="2" source="I7" target="I6"/>
  <move id="3" source="F4" target="F5"/>
  <move id="4" source="I6" target="I5"/>
  <move id="5" source="F5" target="F6"/>
  <move id="6" source="I8" target="I7"/>
  <move id="7" source="E5" target="E6"/>
  <move id="8" source="I7" target="I6"/>
  <move id="9" source="D4" target="E4"/>
  <move id="10" source="K7" target="K6"/>
  <move id="11" source="E4" target="E5"/>
  <move id="12" source="K8" target="K7"/>
  <move id="13" source="E6" target="E7"/>
  <move id="14" source="E8" target="E7"/>
  <move id="15" source="E5" target="E6"/>
  <move id="16" source="D8" target="E8"/>
  <move id="17" source="F6" target="F7"/>
  <move id="18" source="I5" target="I4"/>
  <move id="19" source="H4" target="I4"/>
  <move id="20" source="I6" target="I5"/>
  <move id="21" source="G4" target="H4"/>
  <move id="22" source="I5" target="K5"/>
  <move id="23" source="F3" target="F4"/>
  <move id="24" source="K6" target="I6"/>
  <move id="25" source="E6" target="F6"/>
  <move id="26" source="I6" target="I4"/>
  <move id="27" source="F4" target="E4"/>
  <move id="28" source="K7" target="I7"/>
  <move id="29" source="E4" target="E5"/>
  <move id="30" source="I7" target="I6"/>
  <move id="31" source="E5" target="E6"/>
  <move id="32" source="K5" target="I5"/>
  <move id="33" source="E6" target="E7"/>
  <move id="34" source="E8" target="E7"/>
  <move id="35" source="F6" target="E6"/>
  <move id="36" source="D9" target="D8"/>
  <move id="37" source="E6" target="E7"/>
  <move id="38" source="D8" target="E8"/>
  <move id="39" source="C4" target="D4"/>
  <move id="40" source="K9" target="K4"/>
  <move id="41" source="D4" target="E4"/>
  <move id="42" source="K:" target="K9"/>
  <move id="43" source="E4" target="F4"/>
  <move id="44" source="K9" target="K8"/>
  <move id="45" source="B4" target="C4"/>
  <move id="46" source="K8" target="K7"/>
  <move id="47" source="C4" target="D4"/>
  <move id="48" source="K7" target="K6"/>
  <move id="49" source="D4" target="E4"/>
  <move id="50" source="K6" target="K5"/>
  <move id="51" source="E4" target="E5"/>
  <move id="52" source="K5" target="K4"/>
  <move id="53" source="I4" target="I5"/>
  <move id="54" source="I5" target="K5"/>
  <move id="55" source="H4" target="I4"/>
  <move id="56" source="I6" target="I5"/>
  <move id="57" source="I4" target="I5"/>
  <move id="58" source="I5" target="I4"/>
  <move id="59" source="E5" target="E6"/>
  <move id="60" source="I4" target="H4"/>
  <move id="61" source="I3" target="I7"/>
  <move id="62" source="H7" target="I7"/>
  <move id="63" source="E6" target="E7"/>
  <move id="64" source="E8" target="E7"/>
  <move id="65" source="F4" target="E4"/>
  <move id="66" source="I7" target="I6"/>
  <move id="67" source="E4" target="E5"/>
  <move id="68" source="E7" target="E8"/>
  <move id="69" source="D3" target="D4"/>
  <move id="70" source="I6" target="I5"/>
  <move id="71" source="D4" target="E4"/>
  <move id="72" source="H4" target="G4"/>
  <move id="73" source="H3" target="I3"/>
  <move id="74" source="G4" target="H4"/>
  <move id="75" source="E4" target="F4"/>
  <move id="76" source="I5" target="I4"/>
  <move id="77" source="F4" target="G4"/>
  <move id="78" source="I4" target="I3"/>
  <move id="79" source="G4" target="H4"/>
  <move id="80" source="K5" target="K6"/>
  <move id="81" source="I3" target="I4"/>
  <move id="82" source="K4" target="K3"/>
  <move id="83" source="I4" target="K4"/>
  <move id="84" source="K3" target="K2"/>
  <move id="85" source="K4" target="K5"/>
  <move id="86" source="K6" target="I6"/>
  <move id="87" source="K5" target="I5"/>
  <move id="88" source="I6" target="I7"/>
  <move id="89" source="I5" target="I6"/>
  <move id="90" source="I7" target="I8"/>
  <move id="91" source="I6" target="I7"/>
  <move id="92" source="I8" target="K8"/>
  <move id="93" source="I7" target="K7"/>
  <move id="94" source="K8" target="I8"/>
  <move id="95" source="K7" target="I7"/>
  <move id="96" source="I8" target="K8"/>
  <move id="97" source="I7" target="K7"/>
  <move id="98" source="K8" target="K9"/>
  <move id="99" source="K7" target="K8"/>
  <move id="100" source="K9" target="K:"/>
  <move id="101" source="K8" target="K9"/>
  <move id="102" source="H8" target="I8"/>
  <move id="103" source="K9" target="K:"/>
  <move id="104" source="I8" target="I7"/>
  <move id="105" source="G3" target="I3"/>
  <move id="106" source="I7" target="K7"/>
  <move id="107" source="I3" target="K3"/>
  <move id="108" source="K7" target="I7"/>
  <move id="109" source="A4" target="I4"/>
  <move id="110" source="I7" target="H7"/>
  <move id="111" source="I4" target="I7"/>
  <move id="112" source="I9" target="I7"/>
  <move id="113" source="K3" target="K7"/>
  <move id="114" source="H7" target="I7"/>
  <move id="115" source="K7" target="I7"/>
  <move id="116" source="I7" target="I6"/>
  <move id="117" source="F2" target="F3"/>
  <move id="118" source="I6" target="I5"/>
  <move id="119" source="F3" target="F4"/>
  <move id="120" source="I5" target="I4"/>
  <move id="121" source="F4" target="F5"/>
  <move id="122" source="I4" target="H4"/>
  <move id="123" source="F5" target="F6"/>
  <move id="124" source="H4" target="G4"/>
  <move id="125" source="F6" target="E6"/>
  <move id="126" source="G4" target="F4"/>
  <move id="127" source="E6" target="E7"/>
  <move id="128" source="F4" target="F5"/>
  <move id="129" source="E5" target="E4"/>
  <move id="130" source="F5" target="E5"/>
  <move id="131" source="E4" target="F4"/>
  <move id="132" source="E5" target="E6"/>
  <move id="133" source="E7" target="E8"/>
  <move id="134" source="E6" target="E7"/>
  <move id="135" source="E8" target="F8"/>
  <move id="136" source="E7" target="E6"/>
  <move id="137" source="K:" target="I:"/>
  <move id="138" source="E6" target="E5"/>
  <move id="139" source="I:" target="H:"/>
  <move id="140" source="E5" target="E4"/>
  <move id="141" source="F4" target="K4"/>
  <move id="142" source="E4" target="F4"/>
  <move id="143" source="H:" target="I:"/>
  <move id="144" source="F4" target="G4"/>
  <move id="145" source="K4" target="K7"/>
  <move id="146" source="G4" target="G3"/>
  <move id="147" source="K7" target="G7"/>
  <move id="148" source="G3" target="G2"/>
  <move id="149" source="I:" target="I9"/>
  <move id="150" source="G2" target="G1"/>
  <move id="151" source="I9" target="I8"/>
  <move id="152" source="G7" target="H7"/>
  <move id="153" source="I8" target="I7"/>
  <move id="154" source="D7" target="E7"/>
  <move id="155" source="I7" target="H7"/>
  <move id="156" source="E7" target="E6"/>
  <move id="157" source="E3" target="K3"/>
  <move id="158" source="E6" target="E5"/>
  <move id="159" source="I2" target="I3"/>
  <move id="160" source="E5" target="E4"/>
  <move id="161" source="I3" target="H3"/>
  <move id="162" source="E4" target="E3"/>
  <move id="163" source="H3" target="G3"/>
  <move id="164" source="E3" target="D3"/>
  <move id="165" source="C3" target="D3"/>
  <move id="166" source="D3" target="D2"/>
  <player id="1">Player 1</player>
  <player id="2">Player 2</player>
  <result type="3" winner="1"/>
 </game>
</stratego>