<?xml version="1.0" encoding="UTF-8"?>
<stratego>
 <game type="classic">
  
  <field content="IEJEBBEEBMFILHEGHJCBHFHDDDDDKGFDBDFGBIGDAA__AA__AAAA__AA__AANRVONPPRPRSTXUVQSUPTRTTSQQPWSPPPNNQUYNQN"/>
  <move id="1" source="A4" target="A5"/>
  <move id="2" source="F7" target="F6"/>
  <move id="3" source="A5" target="A6"/>
  <move id="4" source="G7" target="F7"/>
  <move id="5" source="A6" target="A7"/>
  <move id="6" source="G8" target="G7"/>
  <move id="7" source="B4" target="B7"/>
  <move id="8" source="F6" target="E6"/>
  <move id="9" source="B3" target="B4"/>
  <move id="10" source="F7" target="F6"/>
  <move id="11" source="B4" target="B5"/>
  <move id="12" source="I7" target="I5"/>
  <move id="13" source="B5" target="B6"/>
  <move id="14" source="H7" target="I7"/>
  <move id="15" source="B6" target="B7"/>
  <move id="16" source="I7" target="I6"/>
  <move id="17" source="A3" target="B3"/>
  <move id="18" source="I5" target="K5"/>
  <move id="19" source="A2" target="A3"/>
  <move id="20" source="I6" target="I5"/>
  <move id="21" source="A3" target="A4"/>
  <move id="22" source="F8" target="G8"/>
  <move id="23" source="A4" target="B4"/>
  <move id="24" source="H8" target="H7"/>
  <move id="25" source="B4" target="B5"/>
  <move id="26" source="H7" target="I7"/>
  <move id="27" source="B5" target="B6"/>
  <move id="28" source="I7" target="I6"/>
  <move id="29" source="B6" target="B7"/>
  <move id="30" source="B8" target="B7"/>
  <move id="31" source="B3" target="B4"/>
  <move id="32" source="I5" target="I4"/>
  <move id="33" source="B4" target="B5"/>
  <move id="34" source="G7" target="H7"/>
  <move id="35" source="B5" target="B6"/>
  <move id="36" source="B9" target="B8"/>
  <move id="37" source="B6" target="B7"/>
  <move id="38" source="H7" target="I7"/>
  <move id="39" source="A1" target="A2"/>
  <move id="40" source="I6" target="K6"/>
  <move id="41" source="A2" target="A3"/>
  <move id="42" source="I7" target="I6"/>
  <move id="43" source="A3" target="B3"/>
  <move id="44" source="I6" target="I5"/>
  <move id="45" source="B3" target="B4"/>
  <move id="46" source="K6" target="I6"/>
  <move id="47" source="B4" target="B5"/>
  <move id="48" source="I5" target="I4"/>
  <move id="49" source="K4" target="I4"/>
  <move id="50" source="K5" target="I5"/>
  <move id="51" source="B5" target="B6"/>
  <move id="52" source="B8" target="B7"/>
  <move id="53" source="B1" target="A1"/>
  <move id="54" source="C9" target="B9"/>
  <move id="55" source="A1" target="A2"/>
  <move id="56" source="B9" target="B8"/>
  <move id="57" source="A2" target="A3"/>
  <move id="58" source="K7" target="K6"/>
  <move id="59" source="A3" target="A4"/>
  <move id="60" source="K6" target="K5"/>
  <move id="61" source="A4" target="A5"/>
  <move id="62" source="K8" target="K7"/>
  <move id="63" source="A5" target="A6"/>
  <move id="64" source="K7" target="K6"/>
  <move id="65" source="A6" target="A7"/>
  <move id="66" source="B7" target="A7"/>
  <move id="67" source="B2" target="B1"/>
  <move id="68" source="K5" target="K4"/>
  <move id="69" source="C2" target="B2"/>
  <move id="70" source="K6" target="K5"/>
  <move id="71" source="B2" target="B3"/>
  <move id="72" source="K4" target="K3"/>
  <move id="73" source="B3" target="B4"/>
  <move id="74" source="K5" target="K4"/>
  <move id="75" source="B6" target="A6"/>
  <move id="76" source="A7" target="B7"/>
  <move id="77" source="B4" target="B5"/>
  <move id="78" source="I8" target="I7"/>
  <move id="79" source="A6" target="A7"/>
  <move id="80" source="I7" target="K7"/>
  <move id="81" source="A7" target="A8"/>
  <move id="82" source="B8" target="B9"/>
  <move id="83" source="A8" target="A9"/>
  <move id="84" source="B9" target="C9"/>
  <move id="85" source="A9" target="A:"/>
  <move id="86" source="C9" target="B9"/>
  <move id="87" source="B5" target="B6"/>
  <move id="88" source="B9" target="B8"/>
  <move id="89" source="C3" target="C2"/>
  <move id="90" source="K7" target="K6"/>
  <move id="91" source="D3" target="C3"/>
  <move id="92" source="I5" target="K5"/>
  <move id="93" source="C3" target="B3"/>
  <move id="94" source="I6" target="I5"/>
  <move id="95" source="B3" target="A3"/>
  <move id="96" source="K4" target="I4"/>
  <move id="97" source="H4" target="I4"/>
  <move id="98" source="I5" target="I4"/>
  <move id="99" source="A3" target="A4"/>
  <move id="100" source="K5" target="I5"/>
  <move id="101" source="H3" target="H4"/>
  <move id="102" source="K6" target="K5"/>
  <move id="103" source="H4" target="I4"/>
  <move id="104" source="I9" target="I8"/>
  <move id="105" source="G3" target="H3"/>
  <move id="106" source="I8" target="I7"/>
  <move id="107" source="H3" target="H4"/>
  <move id="108" source="I7" target="I6"/>
  <move id="109" source="A4" target="A5"/>
  <move id="110" source="E8" target="F8"/>
  <move id="111" source="A5" target="A8"/>
  <move id="112" source="F8" target="F7"/>
  <move id="113" source="A8" target="B8"/>
  <move id="114" source="B8" target="B9"/>
  <move id="115" source="A:" target="A9"/>
  <move id="116" source="B9" target="C9"/>
  <move id="117" source="A9" target="B9"/>
  <move id="118" source="D8" target="E8"/>
  <move id="119" source="B9" target="B8"/>
  <move id="120" source="C8" target="D8"/>
  <move id="121" source="B8" target="B7"/>
  <move id="122" source="C7" target="B7"/>
  <move id="123" source="B6" target="B7"/>
  <move id="124" source="D8" target="C8"/>
  <move id="125" source="C2" target="B2"/>
  <move id="126" source="G8" target="G7"/>
  <move id="127" source="B2" target="B3"/>
  <move id="128" source="F6" target="F5"/>
  <move id="129" source="B3" target="A3"/>
  <move id="130" source="F7" target="F6"/>
  <move id="131" source="A3" target="A4"/>
  <move id="132" source="E6" target="E5"/>
  <move id="133" source="A4" target="A5"/>
  <move id="134" source="F5" target="F4"/>
  <move id="135" source="A5" target="A6"/>
  <move id="136" source="F6" target="F5"/>
  <move id="137" source="A6" target="A7"/>
  <move id="138" source="C8" target="D8"/>
  <move id="139" source="A7" target="A8"/>
  <move id="140" source="C9" target="C8"/>
  <move id="141" source="A8" target="A9"/>
  <move id="142" source="H9" target="H8"/>
  <move id="143" source="A9" target="B9"/>
  <move id="144" source="H8" target="H7"/>
  <move id="145" source="B7" target="B8"/>
  <move id="146" source="C8" target="C7"/>
  <move id="147" source="B9" target="C9"/>
  <move id="148" source="H7" target="I7"/>
  <move id="149" source="C9" target="C:"/>
  <move id="150" source="I7" target="K7"/>
  <move id="151" source="E3" target="A3"/>
  <move id="152" source="K7" target="K6"/>
  <move id="153" source="A3" target="A:"/>
  <move id="154" source="I5" target="I4"/>
  <move id="155" source="H4" target="I4"/>
  <move id="156" source="I6" target="I5"/>
  <move id="157" source="A:" target="B:"/>
  <move id="158" source="K6" target="I6"/>
  <move id="159" source="E2" target="E3"/>
  <move id="160" source="E8" target="F8"/>
  <move id="161" source="E3" target="D3"/>
  <move id="162" source="F8" target="G8"/>
  <move id="163" source="D3" target="C3"/>
  <move id="164" source="G8" target="H8"/>
  <move id="165" source="C3" target="B3"/>
  <move id="166" source="H8" target="H7"/>
  <move id="167" source="B3" target="A3"/>
  <move id="168" source="H7" target="I7"/>
  <move id="169" source="A3" target="A4"/>
  <move id="170" source="I7" target="K7"/>
  <move id="171" source="A4" target="A5"/>
  <move id="172" source="K7" target="K6"/>
  <move id="173" source="A5" target="A6"/>
  <move id="174" source="G7" target="H7"/>
  <move id="175" source="A6" target="A7"/>
  <move id="176" source="H7" target="I7"/>
  <move id="177" source="A7" target="A8"/>
  <move id="178" source="D8" target="E8"/>
  <move id="179" source="A8" target="A9"/>
  <move id="180" source="E8" target="F8"/>
  <move id="181" source="A9" target="B9"/>
  <move id="182" source="F8" target="F7"/>
  <move id="183" source="B8" target="C8"/>
  <move id="184" source="C7" target="B7"/>
  <move id="185" source="B1" target="B2"/>
  <move id="186" source="F7" target="F6"/>
  <move id="187" source="B2" target="B3"/>
  <move id="188" source="I5" target="I4"/>
  <move id="189" source="I3" target="I4"/>
  <move id="190" source="F5" target="F4"/>
  <move id="191" source="E4" target="E5"/>
  <move id="192" source="F4" target="E4"/>
  <move id="193" source="E5" target="F5"/>
  <move id="194" source="F6" target="F7"/>
  <move id="195" source="B3" target="B4"/>
  <move id="196" source="F7" target="G7"/>
  <move id="197" source="B4" target="B5"/>
  <move id="198" source="G7" target="H7"/>
  <move id="199" source="B5" target="B6"/>
  <move id="200" source="B7" target="C7"/>
  <move id="201" source="B6" target="B7"/>
  <move id="202" source="I7" target="K7"/>
  <move id="203" source="B7" target="C7"/>
  <move id="204" source="D7" target="D8"/>
  <move id="205" source="C8" target="B8"/>
  <move id="206" source="H7" target="I7"/>
  <move id="207" source="B9" target="B:"/>
  <move id="208" source="I6" target="I5"/>
  <move id="209" source="C7" target="C8"/>
  <move id="210" source="I7" target="I6"/>
  <move id="211" source="I2" target="I3"/>
  <move id="212" source="K7" target="I7"/>
  <move id="213" source="K3" target="K4"/>
  <move id="214" source="I7" target="H7"/>
  <move id="215" source="C8" target="C9"/>
  <move id="216" source="E4" target="E3"/>
  <move id="217" source="B:" target="C:"/>
  <move id="218" source="I5" target="I4"/>
  <move id="219" source="K4" target="I4"/>
  <move id="220" source="K5" target="I5"/>
  <move id="221" source="H2" target="H3"/>
  <move id="222" source="K6" target="K5"/>
  <move id="223" source="I4" target="K4"/>
  <move id="224" source="I5" target="I3"/>
  <move id="225" source="K4" target="K5"/>
  <move id="226" source="I3" target="I1"/>
  <move id="227" source="C:" target="D:"/>
  <move id="228" source="D9" target="D:"/>
  <move id="229" source="C9" target="C:"/>
  <move id="230" source="D:" target="D9"/>
  <move id="231" source="F5" target="E5"/>
  <move id="232" source="I6" target="I5"/>
  <move id="233" source="F3" target="F9"/>
  <move id="234" source="I5" target="I4"/>
  <move id="235" source="E5" target="E6"/>
  <move id="236" source="I4" target="I3"/>
  <move id="237" source="H3" target="H4"/>
  <move id="238" source="K5" target="I5"/>
  <move id="239" source="E6" target="E7"/>
  <move id="240" source="I5" target="I4"/>
  <move id="241" source="C:" target="C9"/>
  <move id="242" source="F9" target="F8"/>
  <move id="243" source="C9" target="D9"/>
  <move id="244" source="D8" target="E8"/>
  <move id="245" source="D9" target="D:"/>
  <move id="246" source="F8" target="F7"/>
  <move id="247" source="D:" target="E:"/>
  <move id="248" source="F7" target="F6"/>
  <move id="249" source="E:" target="E9"/>
  <move id="250" source="E8" target="F8"/>
  <move id="251" source="E9" target="E8"/>
  <move id="252" source="F8" target="F9"/>
  <move id="253" source="E8" target="F8"/>
  <move id="254" source="F6" target="F5"/>
  <move id="255" source="F8" target="F9"/>
  <move id="256" source="F:" target="F9"/>
  <move id="257" source="B8" target="C8"/>
  <move id="258" source="H7" target="I7"/>
  <move id="259" source="C8" target="D8"/>
  <move id="260" source="I7" target="I6"/>
  <move id="261" source="D8" target="E8"/>
  <move id="262" source="I6" target="I5"/>
  <move id="263" source="E8" target="F8"/>
  <move id="264" source="I5" target="K5"/>
  <move id="265" source="H4" target="I4"/>
  <move id="266" source="I3" target="I4"/>
  <move id="267" source="F8" target="F9"/>
  <move id="268" source="K5" target="K4"/>
  <move id="269" source="F9" target="F:"/>
  <move id="270" source="K4" target="K3"/>
  <move id="271" source="F:" target="G:"/>
  <player id="1">Player 1</player>
  <player id="2">Player 2</player>
  <result type="1" winner="1"/>
 </game>
</stratego>