<?xml version="1.0" encoding="UTF-8"?>
<stratego>
 <game type="classic">
  
  <field content="EBMBFBEEJHIGBBBEEJKHGFFIDHCDLGDHDDGFDDIDAA__AA__AAAA__AA__AAPPPRSTUSPPTNQUWXQVTNRSUOVTNRPRPNQPQNYNQS"/>
  <move id="1" source="I4" target="I5"/>
  <move id="2" source="B7" target="B6"/>
  <move id="3" source="K4" target="K7"/>
  <move id="4" source="B6" target="A6"/>
  <move id="5" source="K3" target="K4"/>
  <move id="6" source="F7" target="F6"/>
  <move id="7" source="K4" target="K5"/>
  <move id="8" source="F6" target="F5"/>
  <move id="9" source="K5" target="K6"/>
  <move id="10" source="G7" target="F7"/>
  <move id="11" source="K6" target="K7"/>
  <move id="12" source="F7" target="F6"/>
  <move id="13" source="I5" target="K5"/>
  <move id="14" source="F5" target="E5"/>
  <move id="15" source="H4" target="I4"/>
  <move id="16" source="F6" target="F5"/>
  <move id="17" source="I4" target="I7"/>
  <move id="18" source="E7" target="E6"/>
  <move id="19" source="H3" target="H4"/>
  <move id="20" source="C7" target="B7"/>
  <move id="21" source="H4" target="I4"/>
  <move id="22" source="B7" target="B4"/>
  <move id="23" source="I4" target="I5"/>
  <move id="24" source="D7" target="E7"/>
  <move id="25" source="I5" target="I6"/>
  <move id="26" source="D8" target="D7"/>
  <move id="27" source="I6" target="I7"/>
  <move id="28" source="E7" target="F7"/>
  <move id="29" source="K5" target="I5"/>
  <move id="30" source="F7" target="F6"/>
  <move id="31" source="I5" target="I6"/>
  <move id="32" source="D7" target="C7"/>
  <move id="33" source="I3" target="I4"/>
  <move id="34" source="D9" target="D8"/>
  <move id="35" source="I4" target="I5"/>
  <move id="36" source="D8" target="D7"/>
  <move id="37" source="I7" target="I8"/>
  <move id="38" source="D7" target="E7"/>
  <move id="39" source="I6" target="I7"/>
  <move id="40" source="E7" target="F7"/>
  <move id="41" source="I5" target="I6"/>
  <move id="42" source="F7" target="G7"/>
  <move id="43" source="I7" target="I8"/>
  <move id="44" source="H7" target="I7"/>
  <move id="45" source="I8" target="I7"/>
  <move id="46" source="G7" target="H7"/>
  <move id="47" source="K7" target="K8"/>
  <move id="48" source="F6" target="F7"/>
  <move id="49" source="I7" target="I8"/>
  <move id="50" source="F7" target="F6"/>
  <move id="51" source="I8" target="I9"/>
  <move id="52" source="H8" target="I8"/>
  <move id="53" source="I9" target="I8"/>
  <move id="54" source="F6" target="F7"/>
  <move id="55" source="I6" target="I7"/>
  <move id="56" source="H7" target="I7"/>
  <move id="57" source="I2" target="I3"/>
  <move id="58" source="F7" target="G7"/>
  <move id="59" source="I3" target="I4"/>
  <move id="60" source="I7" target="I6"/>
  <move id="61" source="I4" target="I5"/>
  <move id="62" source="G7" target="H7"/>
  <move id="63" source="I5" target="I6"/>
  <move id="64" source="I8" target="H8"/>
  <move id="65" source="I6" target="I7"/>
  <move id="66" source="H7" target="G7"/>
  <move id="67" source="I7" target="H7"/>
  <move id="68" source="H8" target="I8"/>
  <move id="69" source="H7" target="I7"/>
  <move id="70" source="I8" target="H8"/>
  <move id="71" source="I7" target="I8"/>
  <move id="72" source="H8" target="H7"/>
  <move id="73" source="I8" target="I9"/>
  <move id="74" source="G8" target="H8"/>
  <move id="75" source="I9" target="K9"/>
  <move id="76" source="H8" target="I8"/>
  <move id="77" source="K9" target="K:"/>
  <move id="78" source="I8" target="I9"/>
  <move id="79" source="G4" target="H4"/>
  <move id="80" source="F8" target="G8"/>
  <move id="81" source="H4" target="I4"/>
  <move id="82" source="G8" target="H8"/>
  <move id="83" source="I4" target="I9"/>
  <move id="84" source="I9" target="I8"/>
  <move id="85" source="K:" target="I:"/>
  <move id="86" source="I8" target="I7"/>
  <move id="87" source="I:" target="I9"/>
  <move id="88" source="I7" target="K7"/>
  <move id="89" source="I1" target="I2"/>
  <move id="90" source="H7" target="I7"/>
  <move id="91" source="I2" target="I3"/>
  <move id="92" source="G7" target="H7"/>
  <move id="93" source="I3" target="I4"/>
  <move id="94" source="K7" target="K6"/>
  <move id="95" source="I4" target="I5"/>
  <move id="96" source="I7" target="K7"/>
  <move id="97" source="I5" target="K5"/>
  <move id="98" source="K7" target="I7"/>
  <move id="99" source="K5" target="K6"/>
  <move id="100" source="H7" target="G7"/>
  <move id="101" source="K6" target="K7"/>
  <move id="102" source="I7" target="I6"/>
  <move id="103" source="K7" target="I7"/>
  <move id="104" source="I6" target="K6"/>
  <move id="105" source="H2" target="H3"/>
  <move id="106" source="G7" target="G8"/>
  <move id="107" source="I7" target="K7"/>
  <move id="108" source="K6" target="I6"/>
  <move id="109" source="K7" target="K6"/>
  <move id="110" source="I6" target="I7"/>
  <move id="111" source="H3" target="H4"/>
  <move id="112" source="I7" target="H7"/>
  <move id="113" source="H4" target="G4"/>
  <move id="114" source="H7" target="G7"/>
  <move id="115" source="F4" target="F5"/>
  <move id="116" source="F5" target="F6"/>
  <move id="117" source="G4" target="F4"/>
  <move id="118" source="F6" target="F7"/>
  <move id="119" source="F4" target="F5"/>
  <move id="120" source="F7" target="F8"/>
  <move id="121" source="F5" target="E5"/>
  <move id="122" source="E8" target="E7"/>
  <move id="123" source="E5" target="E6"/>
  <move id="124" source="F8" target="E8"/>
  <move id="125" source="E6" target="E7"/>
  <move id="126" source="E7" target="F7"/>
  <move id="127" source="K6" target="K7"/>
  <move id="128" source="G8" target="F8"/>
  <move id="129" source="K7" target="I7"/>
  <move id="130" source="H8" target="I8"/>
  <move id="131" source="I9" target="H9"/>
  <move id="132" source="G7" target="G8"/>
  <move id="133" source="I7" target="I8"/>
  <move id="134" source="I8" target="H8"/>
  <move id="135" source="H9" target="G9"/>
  <move id="136" source="F7" target="F6"/>
  <player id="1">Player 1</player>
  <player id="2">Player 2</player>
  <result type="3" winner="2"/>
 </game>
</stratego>