<?xml version="1.0" encoding="UTF-8"?>
<stratego>
 <game type="barrage">
  
  <field content="AAMAAAAAADAAAADAAAABAAAACAAAAALAEAKAAAAAAA__AA__AAAA__AA__AAAAAAAAAAPWAAAAAAAAXOAAAAAAAAQPAAAAAAAANY"/>
  <move id="1" source="E4" target="E5"/>
  <move id="2" source="K7" target="K6"/>
  <move id="3" source="E5" target="E6"/>
  <move id="4" source="K6" target="K5"/>
  <move id="5" source="E6" target="E7"/>
  <move id="6" source="K5" target="K4"/>
  <move id="7" source="E7" target="F7"/>
  <move id="8" source="K4" target="K3"/>
  <move id="9" source="F7" target="F8"/>
  <move id="10" source="K3" target="K2"/>
  <move id="11" source="A4" target="A3"/>
  <move id="12" source="I7" target="I1"/>
  <move id="13" source="A3" target="B3"/>
  <move id="14" source="I1" target="K1"/>
  <move id="15" source="B3" target="C3"/>
  <move id="16" source="I8" target="H8"/>
  <move id="17" source="C3" target="D3"/>
  <move id="18" source="H8" target="G8"/>
  <move id="19" source="F8" target="F9"/>
  <move id="20" source="G8" target="F8"/>
  <move id="21" source="F9" target="G9"/>
  <move id="22" source="F8" target="G8"/>
  <move id="23" source="G9" target="F9"/>
  <move id="24" source="G8" target="F8"/>
  <move id="25" source="F9" target="E9"/>
  <move id="26" source="K8" target="K7"/>
  <move id="27" source="D3" target="D4"/>
  <move id="28" source="K7" target="K6"/>
  <move id="29" source="D4" target="E4"/>
  <move id="30" source="K6" target="K5"/>
  <move id="31" source="E4" target="F4"/>
  <move id="32" source="K5" target="K4"/>
  <move id="33" source="F4" target="F5"/>
  <move id="34" source="K9" target="K8"/>
  <move id="35" source="F5" target="F4"/>
  <move id="36" source="K4" target="K3"/>
  <move id="37" source="F4" target="G4"/>
  <move id="38" source="K8" target="K7"/>
  <move id="39" source="G4" target="H4"/>
  <move id="40" source="K3" target="I3"/>
  <move id="41" source="H4" target="H3"/>
  <move id="42" source="I3" target="H3"/>
  <move id="43" source="E3" target="F3"/>
  <move id="44" source="H3" target="H4"/>
  <move id="45" source="F3" target="G3"/>
  <move id="46" source="K7" target="B7"/>
  <move id="47" source="C4" target="B4"/>
  <move id="48" source="B7" target="A7"/>
  <move id="49" source="B4" target="A4"/>
  <move id="50" source="A7" target="B7"/>
  <move id="51" source="A4" target="B4"/>
  <move id="52" source="B7" target="C7"/>
  <move id="53" source="B4" target="C4"/>
  <move id="54" source="C7" target="B7"/>
  <move id="55" source="C4" target="B4"/>
  <move id="56" source="B7" target="A7"/>
  <move id="57" source="B4" target="A4"/>
  <move id="58" source="A7" target="B7"/>
  <move id="59" source="A4" target="B4"/>
  <move id="60" source="B7" target="C7"/>
  <move id="61" source="B4" target="C4"/>
  <move id="62" source="C7" target="D7"/>
  <move id="63" source="C4" target="D4"/>
  <move id="64" source="D7" target="A7"/>
  <move id="65" source="E2" target="A2"/>
  <move id="66" source="A7" target="B7"/>
  <move id="67" source="A2" target="A1"/>
  <move id="68" source="B7" target="B2"/>
  <move id="69" source="E9" target="E:"/>
  <move id="70" source="F8" target="F9"/>
  <move id="71" source="D4" target="D3"/>
  <move id="72" source="B2" target="C2"/>
  <move id="73" source="D3" target="D2"/>
  <move id="74" source="C2" target="C1"/>
  <player id="1">Player 1</player>
  <player id="2">Player 2</player>
  <result type="1" winner="2"/>
 </game>
</stratego>