<?xml version="1.0" encoding="UTF-8"?>
<stratego>
 <game type="classic">
  
  <field content="EIEIBMBEGEHGJDDBDEIHFDKCHDDJBFBFHGDDLGFBAA__AA__AAAA__AA__AAPNNTPTOQTTRSRPPWSSPXPSUPNVUQUVNRNQNPRQQY"/>
  <move id="1" source="F4" target="F5"/>
  <move id="2" source="K7" target="K6"/>
  <move id="3" source="F3" target="F4"/>
  <move id="4" source="K6" target="K5"/>
  <move id="5" source="E3" target="F3"/>
  <move id="6" source="K5" target="K4"/>
  <move id="7" source="E4" target="E5"/>
  <move id="8" source="I7" target="K7"/>
  <move id="9" source="E5" target="E6"/>
  <move id="10" source="I8" target="I4"/>
  <move id="11" source="E6" target="E7"/>
  <move id="12" source="K7" target="K6"/>
  <move id="13" source="F5" target="F6"/>
  <move id="14" source="K6" target="K5"/>
  <move id="15" source="F6" target="F7"/>
  <move id="16" source="K5" target="I5"/>
  <move id="17" source="F4" target="E4"/>
  <move id="18" source="I5" target="I4"/>
  <move id="19" source="F3" target="F4"/>
  <move id="20" source="H7" target="I7"/>
  <move id="21" source="F4" target="F5"/>
  <move id="22" source="I7" target="I6"/>
  <move id="23" source="G4" target="F4"/>
  <move id="24" source="I6" target="I5"/>
  <move id="25" source="H4" target="G4"/>
  <move id="26" source="I5" target="K5"/>
  <move id="27" source="G3" target="F3"/>
  <move id="28" source="K5" target="K4"/>
  <move id="29" source="H3" target="H4"/>
  <move id="30" source="I4" target="I5"/>
  <move id="31" source="H4" target="I4"/>
  <move id="32" source="I5" target="K5"/>
  <move id="33" source="I4" target="I5"/>
  <move id="34" source="K5" target="K6"/>
  <move id="35" source="I5" target="I6"/>
  <move id="36" source="K6" target="K7"/>
  <move id="37" source="I6" target="I7"/>
  <move id="38" source="K7" target="K6"/>
  <move id="39" source="I7" target="I6"/>
  <move id="40" source="K6" target="K7"/>
  <move id="41" source="I6" target="K6"/>
  <move id="42" source="K7" target="I7"/>
  <move id="43" source="K3" target="K4"/>
  <move id="44" source="H8" target="H7"/>
  <move id="45" source="K6" target="I6"/>
  <move id="46" source="I7" target="K7"/>
  <move id="47" source="I6" target="I5"/>
  <move id="48" source="H7" target="I7"/>
  <move id="49" source="I5" target="I4"/>
  <move id="50" source="I7" target="I6"/>
  <move id="51" source="I4" target="H4"/>
  <move id="52" source="I6" target="I5"/>
  <move id="53" source="H4" target="H3"/>
  <move id="54" source="I5" target="I4"/>
  <move id="55" source="G4" target="H4"/>
  <move id="56" source="I4" target="K4"/>
  <move id="57" source="H4" target="I4"/>
  <move id="58" source="K4" target="K3"/>
  <move id="59" source="K2" target="K3"/>
  <move id="60" source="I9" target="I8"/>
  <move id="61" source="F4" target="G4"/>
  <move id="62" source="I8" target="I7"/>
  <move id="63" source="G4" target="H4"/>
  <move id="64" source="I7" target="I6"/>
  <move id="65" source="K3" target="K2"/>
  <move id="66" source="I6" target="I5"/>
  <move id="67" source="I4" target="I5"/>
  <move id="68" source="I5" target="I6"/>
  <move id="69" source="H4" target="G4"/>
  <move id="70" source="I6" target="K6"/>
  <move id="71" source="H3" target="H4"/>
  <move id="72" source="K8" target="I8"/>
  <move id="73" source="F5" target="F6"/>
  <move id="74" source="I8" target="I7"/>
  <move id="75" source="F6" target="F7"/>
  <move id="76" source="D7" target="E7"/>
  <move id="77" source="E4" target="F4"/>
  <move id="78" source="E7" target="F7"/>
  <move id="79" source="F4" target="F5"/>
  <move id="80" source="I7" target="I6"/>
  <move id="81" source="F3" target="E3"/>
  <move id="82" source="I6" target="I5"/>
  <move id="83" source="H4" target="I4"/>
  <move id="84" source="I5" target="I4"/>
  <move id="85" source="B4" target="B5"/>
  <move id="86" source="K6" target="K5"/>
  <move id="87" source="B5" target="B6"/>
  <move id="88" source="K5" target="K4"/>
  <move id="89" source="B6" target="B7"/>
  <move id="90" source="K4" target="K3"/>
  <move id="91" source="E3" target="F3"/>
  <move id="92" source="K3" target="K2"/>
  <move id="93" source="I2" target="K2"/>
  <move id="94" source="H9" target="H8"/>
  <move id="95" source="D3" target="E3"/>
  <move id="96" source="E8" target="E3"/>
  <move id="97" source="D4" target="D3"/>
  <move id="98" source="E3" target="F3"/>
  <move id="99" source="C4" target="D4"/>
  <move id="100" source="F7" target="F6"/>
  <move id="101" source="F5" target="E5"/>
  <move id="102" source="I4" target="H4"/>
  <move id="103" source="E5" target="E9"/>
  <move id="104" source="H4" target="G4"/>
  <move id="105" source="D4" target="E4"/>
  <move id="106" source="K7" target="K6"/>
  <move id="107" source="E4" target="E3"/>
  <move id="108" source="K6" target="K5"/>
  <move id="109" source="G2" target="G3"/>
  <move id="110" source="K5" target="K4"/>
  <move id="111" source="G3" target="G4"/>
  <move id="112" source="K4" target="K3"/>
  <move id="113" source="G4" target="F4"/>
  <move id="114" source="F6" target="E6"/>
  <move id="115" source="F4" target="E4"/>
  <move id="116" source="F8" target="F7"/>
  <move id="117" source="E4" target="E5"/>
  <move id="118" source="E6" target="E7"/>
  <move id="119" source="E5" target="E6"/>
  <move id="120" source="E7" target="E8"/>
  <move id="121" source="E6" target="E7"/>
  <move id="122" source="F7" target="E7"/>
  <move id="123" source="C3" target="C4"/>
  <move id="124" source="E7" target="E6"/>
  <move id="125" source="C4" target="D4"/>
  <move id="126" source="E6" target="E5"/>
  <move id="127" source="E3" target="F3"/>
  <move id="128" source="E5" target="F5"/>
  <move id="129" source="F3" target="G3"/>
  <move id="130" source="F5" target="F4"/>
  <move id="131" source="G3" target="H3"/>
  <move id="132" source="E8" target="F8"/>
  <move id="133" source="H3" target="H4"/>
  <move id="134" source="K3" target="K2"/>
  <move id="135" source="H4" target="I4"/>
  <move id="136" source="K2" target="K1"/>
  <move id="137" source="I1" target="I2"/>
  <move id="138" source="K1" target="K2"/>
  <move id="139" source="I4" target="K4"/>
  <move id="140" source="K2" target="I2"/>
  <move id="141" source="K4" target="K3"/>
  <move id="142" source="I2" target="I1"/>
  <move id="143" source="K3" target="K2"/>
  <move id="144" source="I1" target="H1"/>
  <move id="145" source="K2" target="I2"/>
  <move id="146" source="H1" target="G1"/>
  <move id="147" source="H2" target="H3"/>
  <move id="148" source="F4" target="G4"/>
  <move id="149" source="D4" target="E4"/>
  <move id="150" source="D8" target="E8"/>
  <move id="151" source="E4" target="E5"/>
  <move id="152" source="E8" target="E5"/>
  <move id="153" source="E5" target="E6"/>
  <move id="154" source="K9" target="K8"/>
  <move id="155" source="E6" target="E7"/>
  <move id="156" source="K8" target="K7"/>
  <move id="157" source="E7" target="F7"/>
  <move id="158" source="F8" target="E8"/>
  <move id="159" source="E2" target="E8"/>
  <move id="160" source="K7" target="K6"/>
  <move id="161" source="F7" target="G7"/>
  <move id="162" source="E8" target="E7"/>
  <move id="163" source="G7" target="G8"/>
  <move id="164" source="E7" target="E6"/>
  <move id="165" source="G8" target="H8"/>
  <move id="166" source="K6" target="K5"/>
  <move id="167" source="D2" target="E2"/>
  <move id="168" source="G4" target="F4"/>
  <move id="169" source="H8" target="G8"/>
  <move id="170" source="E6" target="E5"/>
  <move id="171" source="G8" target="F8"/>
  <move id="172" source="E5" target="E4"/>
  <move id="173" source="F8" target="F9"/>
  <move id="174" source="F4" target="F3"/>
  <move id="175" source="F9" target="F8"/>
  <move id="176" source="F3" target="E3"/>
  <move id="177" source="F8" target="F7"/>
  <move id="178" source="E3" target="E2"/>
  <move id="179" source="C2" target="C3"/>
  <move id="180" source="E2" target="E3"/>
  <move id="181" source="F7" target="F6"/>
  <move id="182" source="E3" target="F3"/>
  <move id="183" source="F6" target="F5"/>
  <move id="184" source="F3" target="G3"/>
  <move id="185" source="F5" target="E5"/>
  <move id="186" source="E4" target="E3"/>
  <move id="187" source="E5" target="E4"/>
  <move id="188" source="E3" target="D3"/>
  <move id="189" source="C3" target="D3"/>
  <move id="190" source="G3" target="H3"/>
  <move id="191" source="E4" target="F4"/>
  <move id="192" source="K5" target="K4"/>
  <move id="193" source="F4" target="G4"/>
  <move id="194" source="K4" target="K3"/>
  <move id="195" source="G4" target="G3"/>
  <move id="196" source="H3" target="H2"/>
  <move id="197" source="G3" target="H3"/>
  <move id="198" source="H2" target="I2"/>
  <move id="199" source="H3" target="H4"/>
  <move id="200" source="I2" target="H2"/>
  <move id="201" source="H4" target="I4"/>
  <move id="202" source="H2" target="H3"/>
  <move id="203" source="I4" target="K4"/>
  <move id="204" source="K3" target="K2"/>
  <move id="205" source="K4" target="K3"/>
  <move id="206" source="K2" target="I2"/>
  <move id="207" source="K3" target="K2"/>
  <move id="208" source="I2" target="H2"/>
  <move id="209" source="K2" target="I2"/>
  <move id="210" source="H2" target="G2"/>
  <move id="211" source="I2" target="H2"/>
  <move id="212" source="H3" target="H2"/>
  <move id="213" source="D3" target="E3"/>
  <move id="214" source="G2" target="G3"/>
  <move id="215" source="E3" target="E4"/>
  <move id="216" source="H:" target="H9"/>
  <move id="217" source="E4" target="E5"/>
  <move id="218" source="H9" target="H8"/>
  <move id="219" source="E5" target="E6"/>
  <move id="220" source="H8" target="H7"/>
  <move id="221" source="E6" target="E7"/>
  <move id="222" source="H7" target="I7"/>
  <move id="223" source="E7" target="E8"/>
  <move id="224" source="I7" target="I6"/>
  <move id="225" source="E8" target="D8"/>
  <move id="226" source="I6" target="I5"/>
  <move id="227" source="D8" target="D9"/>
  <move id="228" source="I5" target="I4"/>
  <move id="229" source="D9" target="C9"/>
  <move id="230" source="I4" target="H4"/>
  <move id="231" source="C9" target="D9"/>
  <move id="232" source="H4" target="H3"/>
  <move id="233" source="D9" target="D8"/>
  <move id="234" source="H3" target="H2"/>
  <move id="235" source="D8" target="D7"/>
  <move id="236" source="H2" target="H1"/>
  <move id="237" source="D7" target="C7"/>
  <move id="238" source="H1" target="G1"/>
  <move id="239" source="D1" target="D2"/>
  <move id="240" source="G1" target="F1"/>
  <player id="1">Player 1</player>
  <player id="2">Player 2</player>
  <result type="1" winner="2"/>
 </game>
</stratego>