<?xml version="1.0" encoding="UTF-8"?>
<stratego>
 <game type="classic">
  
  <field content="FBMGBDEEBDJDDEEDBBGFDILDIKCJHBHFGHGIHEDFAA__AA__AAAA__AA__AARTNWRSVXRSPNVOPTPQPUSPRPUQNUTNQTPSQNYNQP"/>
  <move id="1" source="F4" target="F5"/>
  <move id="2" source="I7" target="I6"/>
  <move id="3" source="E4" target="E5"/>
  <move id="4" source="I6" target="I5"/>
  <move id="5" source="E5" target="E6"/>
  <move id="6" source="K7" target="K6"/>
  <move id="7" source="E6" target="F6"/>
  <move id="8" source="K8" target="K7"/>
  <move id="9" source="F6" target="F7"/>
  <move id="10" source="I5" target="I4"/>
  <move id="11" source="I3" target="I4"/>
  <move id="12" source="K6" target="K5"/>
  <move id="13" source="G4" target="F4"/>
  <move id="14" source="K7" target="K6"/>
  <move id="15" source="F4" target="E4"/>
  <move id="16" source="I8" target="I7"/>
  <move id="17" source="E4" target="E5"/>
  <move id="18" source="I9" target="I8"/>
  <move id="19" source="H4" target="G4"/>
  <move id="20" source="F8" target="F7"/>
  <move id="21" source="G4" target="F4"/>
  <move id="22" source="F7" target="F6"/>
  <move id="23" source="F4" target="E4"/>
  <move id="24" source="K6" target="I6"/>
  <move id="25" source="F3" target="F4"/>
  <move id="26" source="I7" target="K7"/>
  <move id="27" source="F4" target="G4"/>
  <move id="28" source="K7" target="K8"/>
  <move id="29" source="F5" target="F4"/>
  <move id="30" source="G7" target="F7"/>
  <move id="31" source="E5" target="F5"/>
  <move id="32" source="F6" target="E6"/>
  <move id="33" source="F5" target="F6"/>
  <move id="34" source="F7" target="F6"/>
  <move id="35" source="F4" target="F3"/>
  <move id="36" source="E6" target="E5"/>
  <move id="37" source="G4" target="F4"/>
  <move id="38" source="F6" target="F7"/>
  <move id="39" source="F4" target="F5"/>
  <move id="40" source="E5" target="E4"/>
  <move id="41" source="E3" target="E4"/>
  <move id="42" source="I6" target="I5"/>
  <move id="43" source="G3" target="G4"/>
  <move id="44" source="I5" target="I4"/>
  <move id="45" source="K4" target="K5"/>
  <move id="46" source="K5" target="K4"/>
  <move id="47" source="E4" target="E5"/>
  <move id="48" source="K4" target="K3"/>
  <move id="49" source="G4" target="F4"/>
  <move id="50" source="I8" target="I7"/>
  <move id="51" source="F4" target="E4"/>
  <move id="52" source="K8" target="I8"/>
  <move id="53" source="F3" target="E3"/>
  <move id="54" source="I7" target="I6"/>
  <move id="55" source="F5" target="F6"/>
  <move id="56" source="H7" target="G7"/>
  <move id="57" source="F2" target="F3"/>
  <move id="58" source="I6" target="K6"/>
  <move id="59" source="F3" target="G3"/>
  <move id="60" source="I4" target="K4"/>
  <move id="61" source="G3" target="G4"/>
  <move id="62" source="I8" target="I2"/>
  <move id="63" source="G4" target="H4"/>
  <move id="64" source="F7" target="F8"/>
  <move id="65" source="E5" target="E6"/>
  <move id="66" source="K6" target="K7"/>
  <move id="67" source="H4" target="I4"/>
  <move id="68" source="K4" target="K5"/>
  <move id="69" source="I4" target="I5"/>
  <move id="70" source="K5" target="K4"/>
  <move id="71" source="H3" target="I3"/>
  <move id="72" source="H8" target="H7"/>
  <move id="73" source="I5" target="K5"/>
  <move id="74" source="K4" target="I4"/>
  <move id="75" source="I3" target="I4"/>
  <move id="76" source="E7" target="E6"/>
  <move id="77" source="E4" target="E5"/>
  <move id="78" source="E8" target="E7"/>
  <move id="79" source="E3" target="F3"/>
  <move id="80" source="F8" target="E8"/>
  <move id="81" source="D3" target="E3"/>
  <move id="82" source="G8" target="F8"/>
  <move id="83" source="E3" target="E4"/>
  <move id="84" source="F8" target="F6"/>
  <move id="85" source="E4" target="F4"/>
  <move id="86" source="E8" target="F8"/>
  <move id="87" source="F4" target="F5"/>
  <move id="88" source="F8" target="G8"/>
  <move id="89" source="C3" target="D3"/>
  <move id="90" source="G8" target="H8"/>
  <move id="91" source="D3" target="E3"/>
  <move id="92" source="H8" target="I8"/>
  <move id="93" source="E3" target="E4"/>
  <move id="94" source="I8" target="I7"/>
  <move id="95" source="E4" target="F4"/>
  <move id="96" source="D8" target="E8"/>
  <move id="97" source="F4" target="G4"/>
  <move id="98" source="E8" target="F8"/>
  <move id="99" source="G4" target="H4"/>
  <move id="100" source="F8" target="G8"/>
  <move id="101" source="I4" target="I3"/>
  <move id="102" source="K7" target="K8"/>
  <move id="103" source="K5" target="I5"/>
  <move id="104" source="G8" target="H8"/>
  <move id="105" source="I5" target="I7"/>
  <move id="106" source="E7" target="E8"/>
  <move id="107" source="H4" target="I4"/>
  <move id="108" source="H8" target="I8"/>
  <move id="109" source="I4" target="I5"/>
  <move id="110" source="H7" target="H8"/>
  <move id="111" source="I5" target="I6"/>
  <move id="112" source="K8" target="K7"/>
  <move id="113" source="F3" target="E3"/>
  <move id="114" source="H8" target="H7"/>
  <move id="115" source="F1" target="F2"/>
  <move id="116" source="H9" target="I9"/>
  <move id="117" source="F2" target="F3"/>
  <move id="118" source="G7" target="F7"/>
  <move id="119" source="F3" target="G3"/>
  <move id="120" source="H7" target="G7"/>
  <move id="121" source="G3" target="G4"/>
  <move id="122" source="G7" target="G8"/>
  <move id="123" source="G4" target="H4"/>
  <move id="124" source="G8" target="H8"/>
  <move id="125" source="H4" target="I4"/>
  <move id="126" source="H8" target="H9"/>
  <move id="127" source="F6" target="F7"/>
  <move id="128" source="F7" target="E7"/>
  <move id="129" source="I4" target="I5"/>
  <move id="130" source="E7" target="F7"/>
  <move id="131" source="I5" target="K5"/>
  <move id="132" source="D7" target="E7"/>
  <move id="133" source="K5" target="K7"/>
  <move id="134" source="E7" target="E6"/>
  <move id="135" source="I3" target="I4"/>
  <move id="136" source="E6" target="E5"/>
  <move id="137" source="I4" target="I5"/>
  <move id="138" source="E5" target="F5"/>
  <move id="139" source="I5" target="K5"/>
  <move id="140" source="F7" target="E7"/>
  <move id="141" source="K5" target="K6"/>
  <move id="142" source="E8" target="F8"/>
  <move id="143" source="K6" target="K7"/>
  <move id="144" source="I7" target="K7"/>
  <move id="145" source="I2" target="I3"/>
  <move id="146" source="F8" target="F7"/>
  <move id="147" source="I3" target="I4"/>
  <move id="148" source="F7" target="I7"/>
  <move id="149" source="I4" target="I5"/>
  <move id="150" source="H9" target="H8"/>
  <move id="151" source="I5" target="K5"/>
  <move id="152" source="I7" target="K7"/>
  <move id="153" source="K5" target="K6"/>
  <move id="154" source="H8" target="H7"/>
  <move id="155" source="K6" target="K7"/>
  <move id="156" source="I8" target="H8"/>
  <move id="157" source="K7" target="K8"/>
  <move id="158" source="I9" target="I8"/>
  <move id="159" source="K8" target="K9"/>
  <move id="160" source="D9" target="D8"/>
  <move id="161" source="K2" target="I2"/>
  <move id="162" source="D8" target="F8"/>
  <move id="163" source="I2" target="I3"/>
  <move id="164" source="E7" target="E6"/>
  <move id="165" source="I3" target="I4"/>
  <move id="166" source="F5" target="F6"/>
  <move id="167" source="I4" target="I5"/>
  <move id="168" source="F6" target="F7"/>
  <move id="169" source="I5" target="K5"/>
  <move id="170" source="F7" target="G7"/>
  <move id="171" source="K5" target="K6"/>
  <move id="172" source="F8" target="F4"/>
  <move id="173" source="K6" target="K7"/>
  <move id="174" source="F4" target="K4"/>
  <move id="175" source="K7" target="I7"/>
  <move id="176" source="I8" target="K8"/>
  <move id="177" source="I7" target="H7"/>
  <move id="178" source="G7" target="H7"/>
  <move id="179" source="I6" target="I7"/>
  <move id="180" source="H7" target="G7"/>
  <move id="181" source="D4" target="E4"/>
  <move id="182" source="K4" target="I4"/>
  <move id="183" source="E4" target="F4"/>
  <move id="184" source="I4" target="I7"/>
  <move id="185" source="F4" target="F5"/>
  <move id="186" source="G7" target="F7"/>
  <move id="187" source="F5" target="E5"/>
  <move id="188" source="E6" target="E5"/>
  <move id="189" source="E2" target="F2"/>
  <move id="190" source="F7" target="F6"/>
  <move id="191" source="F2" target="F3"/>
  <move id="192" source="F6" target="F5"/>
  <move id="193" source="F3" target="G3"/>
  <move id="194" source="F5" target="F4"/>
  <move id="195" source="G3" target="H3"/>
  <move id="196" source="F4" target="G4"/>
  <move id="197" source="H3" target="I3"/>
  <move id="198" source="G4" target="H4"/>
  <move id="199" source="I3" target="H3"/>
  <move id="200" source="H4" target="H3"/>
  <move id="201" source="D2" target="D3"/>
  <move id="202" source="E5" target="E4"/>
  <move id="203" source="C2" target="D2"/>
  <move id="204" source="E9" target="E8"/>
  <move id="205" source="D2" target="E2"/>
  <move id="206" source="E8" target="E7"/>
  <move id="207" source="E2" target="F2"/>
  <move id="208" source="E7" target="F7"/>
  <move id="209" source="I7" target="I8"/>
  <move id="210" source="H8" target="I8"/>
  <move id="211" source="F2" target="F7"/>
  <player id="1">Player 1</player>
  <player id="2">Player 2</player>
  <result type="3" winner="2"/>
 </game>
</stratego>