<?xml version="1.0" encoding="UTF-8"?>
<stratego>
 <game type="classic">
  
  <field content="HFBBMBEFBEDEIBGEEIFDHLJCDKDJBHDHDIGGDGDFAA__AA__AAAA__AA__AATRVPSRSPSRWTOXVSUNRTUPPQNQNTPNQPPPQNYNUQ"/>
  <move id="1" source="K4" target="K5"/>
  <move id="2" source="A7" target="A6"/>
  <move id="3" source="K5" target="K6"/>
  <move id="4" source="A8" target="A7"/>
  <move id="5" source="I4" target="I5"/>
  <move id="6" source="B7" target="B6"/>
  <move id="7" source="I5" target="K5"/>
  <move id="8" source="A6" target="A5"/>
  <move id="9" source="H4" target="I4"/>
  <move id="10" source="A7" target="A6"/>
  <move id="11" source="I4" target="I5"/>
  <move id="12" source="B6" target="B5"/>
  <move id="13" source="I5" target="I6"/>
  <move id="14" source="B5" target="B4"/>
  <move id="15" source="G4" target="H4"/>
  <move id="16" source="A5" target="B5"/>
  <move id="17" source="H4" target="I4"/>
  <move id="18" source="B5" target="A5"/>
  <move id="19" source="F4" target="F5"/>
  <move id="20" source="C7" target="B7"/>
  <move id="21" source="F5" target="F6"/>
  <move id="22" source="B7" target="B6"/>
  <move id="23" source="F3" target="F4"/>
  <move id="24" source="B6" target="B5"/>
  <move id="25" source="F4" target="F5"/>
  <move id="26" source="A6" target="B6"/>
  <move id="27" source="E4" target="E5"/>
  <move id="28" source="B6" target="B7"/>
  <move id="29" source="E5" target="E6"/>
  <move id="30" source="B7" target="C7"/>
  <move id="31" source="K5" target="I5"/>
  <move id="32" source="E7" target="E6"/>
  <move id="33" source="I4" target="H4"/>
  <move id="34" source="F7" target="E7"/>
  <move id="35" source="H4" target="G4"/>
  <move id="36" source="F8" target="F7"/>
  <move id="37" source="E3" target="E4"/>
  <move id="38" source="B5" target="B6"/>
  <move id="39" source="E4" target="E5"/>
  <move id="40" source="A5" target="B5"/>
  <move id="41" source="G4" target="F4"/>
  <move id="42" source="B6" target="A6"/>
  <move id="43" source="F4" target="F3"/>
  <move id="44" source="A6" target="A5"/>
  <move id="45" source="I5" target="I4"/>
  <move id="46" source="B5" target="B4"/>
  <move id="47" source="A4" target="B4"/>
  <move id="48" source="A5" target="B5"/>
  <move id="49" source="I4" target="H4"/>
  <move id="50" source="B8" target="B7"/>
  <move id="51" source="A3" target="A4"/>
  <move id="52" source="B7" target="A7"/>
  <move id="53" source="A2" target="A3"/>
  <move id="54" source="A7" target="A6"/>
  <move id="55" source="H4" target="G4"/>
  <move id="56" source="A6" target="B6"/>
  <move id="57" source="G4" target="F4"/>
  <move id="58" source="B9" target="B8"/>
  <move id="59" source="F4" target="E4"/>
  <move id="60" source="B8" target="A8"/>
  <move id="61" source="E4" target="E3"/>
  <move id="62" source="A8" target="A7"/>
  <move id="63" source="A3" target="A2"/>
  <move id="64" source="A7" target="A6"/>
  <move id="65" source="I6" target="I5"/>
  <move id="66" source="B5" target="A5"/>
  <move id="67" source="I5" target="I4"/>
  <move id="68" source="A5" target="A4"/>
  <move id="69" source="B4" target="B6"/>
  <move id="70" source="B6" target="B7"/>
  <move id="71" source="C4" target="B4"/>
  <move id="72" source="A4" target="A5"/>
  <move id="73" source="B4" target="B5"/>
  <move id="74" source="A5" target="A4"/>
  <move id="75" source="B5" target="B4"/>
  <move id="76" source="A4" target="A5"/>
  <move id="77" source="B4" target="B5"/>
  <move id="78" source="A5" target="A4"/>
  <move id="79" source="B5" target="B4"/>
  <move id="80" source="A4" target="A3"/>
  <move id="81" source="B3" target="A3"/>
  <move id="82" source="A6" target="B6"/>
  <move id="83" source="B4" target="B6"/>
  <move id="84" source="F7" target="F8"/>
  <move id="85" source="D4" target="C4"/>
  <move id="86" source="E7" target="F7"/>
  <move id="87" source="C4" target="B4"/>
  <move id="88" source="D7" target="E7"/>
  <move id="89" source="A3" target="B3"/>
  <move id="90" source="C7" target="D7"/>
  <move id="91" source="B4" target="B5"/>
  <move id="92" source="E7" target="E6"/>
  <move id="93" source="F6" target="F7"/>
  <move id="94" source="D7" target="E7"/>
  <move id="95" source="F7" target="F8"/>
  <move id="96" source="E7" target="F7"/>
  <move id="97" source="B5" target="B6"/>
  <move id="98" source="B7" target="C7"/>
  <move id="99" source="B6" target="B7"/>
  <move id="100" source="F7" target="F6"/>
  <move id="101" source="F5" target="F4"/>
  <move id="102" source="F6" target="F5"/>
  <move id="103" source="F4" target="E4"/>
  <move id="104" source="F5" target="E5"/>
  <move id="105" source="E4" target="F4"/>
  <move id="106" source="E5" target="F5"/>
  <move id="107" source="F4" target="E4"/>
  <move id="108" source="F5" target="E5"/>
  <move id="109" source="E4" target="D4"/>
  <move id="110" source="E6" target="F6"/>
  <move id="111" source="D4" target="C4"/>
  <move id="112" source="F6" target="F5"/>
  <move id="113" source="C4" target="B4"/>
  <move id="114" source="F5" target="F3"/>
  <move id="115" source="B4" target="A4"/>
  <move id="116" source="E5" target="F5"/>
  <move id="117" source="B3" target="B4"/>
  <move id="118" source="F5" target="F4"/>
  <move id="119" source="B4" target="C4"/>
  <move id="120" source="F4" target="G4"/>
  <move id="121" source="G3" target="G4"/>
  <move id="122" source="G4" target="H4"/>
  <move id="123" source="H3" target="G3"/>
  <move id="124" source="H4" target="I4"/>
  <move id="125" source="C4" target="D4"/>
  <move id="126" source="I4" target="I5"/>
  <move id="127" source="D4" target="E4"/>
  <move id="128" source="I5" target="K5"/>
  <move id="129" source="K6" target="K7"/>
  <move id="130" source="I7" target="K7"/>
  <move id="131" source="E4" target="F4"/>
  <move id="132" source="H7" target="I7"/>
  <move id="133" source="F4" target="G4"/>
  <move id="134" source="I7" target="I3"/>
  <move id="135" source="G4" target="H4"/>
  <move id="136" source="G7" target="F7"/>
  <move id="137" source="H4" target="I4"/>
  <move id="138" source="F7" target="F6"/>
  <move id="139" source="A4" target="B4"/>
  <move id="140" source="D8" target="D7"/>
  <move id="141" source="B4" target="C4"/>
  <move id="142" source="D7" target="E7"/>
  <move id="143" source="C4" target="D4"/>
  <move id="144" source="F6" target="E6"/>
  <move id="145" source="E3" target="E4"/>
  <move id="146" source="E6" target="E5"/>
  <move id="147" source="F2" target="F3"/>
  <move id="148" source="E7" target="E6"/>
  <move id="149" source="G3" target="G4"/>
  <move id="150" source="E6" target="F6"/>
  <move id="151" source="G4" target="F4"/>
  <move id="152" source="F6" target="F5"/>
  <move id="153" source="F4" target="G4"/>
  <move id="154" source="F5" target="F4"/>
  <move id="155" source="G4" target="F4"/>
  <move id="156" source="F4" target="F3"/>
  <move id="157" source="E4" target="E3"/>
  <move id="158" source="F3" target="F4"/>
  <move id="159" source="B7" target="C7"/>
  <move id="160" source="F4" target="F5"/>
  <move id="161" source="C7" target="B7"/>
  <move id="162" source="F5" target="F6"/>
  <move id="163" source="B7" target="A7"/>
  <move id="164" source="E5" target="F5"/>
  <move id="165" source="A7" target="A6"/>
  <move id="166" source="F5" target="F4"/>
  <move id="167" source="D4" target="E4"/>
  <move id="168" source="F4" target="F3"/>
  <move id="169" source="H2" target="H3"/>
  <move id="170" source="F6" target="F5"/>
  <move id="171" source="H3" target="G3"/>
  <move id="172" source="F3" target="E3"/>
  <move id="173" source="E4" target="E3"/>
  <move id="174" source="F5" target="F4"/>
  <move id="175" source="G2" target="F2"/>
  <move id="176" source="E8" target="E7"/>
  <move id="177" source="F2" target="F3"/>
  <move id="178" source="F4" target="F5"/>
  <move id="179" source="E3" target="E4"/>
  <move id="180" source="E7" target="D7"/>
  <move id="181" source="G3" target="G4"/>
  <move id="182" source="D7" target="C7"/>
  <move id="183" source="A6" target="A5"/>
  <move id="184" source="C7" target="B7"/>
  <move id="185" source="A5" target="A4"/>
  <move id="186" source="B7" target="B6"/>
  <move id="187" source="F3" target="E3"/>
  <move id="188" source="B6" target="A6"/>
  <move id="189" source="A4" target="B4"/>
  <move id="190" source="A6" target="A5"/>
  <move id="191" source="E3" target="F3"/>
  <move id="192" source="I8" target="I7"/>
  <move id="193" source="C3" target="B3"/>
  <move id="194" source="I7" target="H7"/>
  <move id="195" source="B3" target="A3"/>
  <move id="196" source="A5" target="B5"/>
  <move id="197" source="B4" target="A4"/>
  <move id="198" source="B5" target="A5"/>
  <move id="199" source="A4" target="B4"/>
  <move id="200" source="A5" target="B5"/>
  <move id="201" source="B4" target="A4"/>
  <move id="202" source="H7" target="G7"/>
  <move id="203" source="A3" target="B3"/>
  <move id="204" source="B5" target="A5"/>
  <move id="205" source="A4" target="B4"/>
  <move id="206" source="A5" target="B5"/>
  <move id="207" source="B4" target="C4"/>
  <move id="208" source="B5" target="A5"/>
  <move id="209" source="B3" target="A3"/>
  <move id="210" source="A5" target="B5"/>
  <move id="211" source="A3" target="B3"/>
  <move id="212" source="B5" target="A5"/>
  <move id="213" source="B3" target="A3"/>
  <move id="214" source="A5" target="A6"/>
  <move id="215" source="A3" target="A4"/>
  <move id="216" source="A6" target="A7"/>
  <move id="217" source="A4" target="A5"/>
  <move id="218" source="A7" target="B7"/>
  <move id="219" source="A5" target="A6"/>
  <move id="220" source="G7" target="F7"/>
  <move id="221" source="A6" target="A5"/>
  <move id="222" source="F7" target="F6"/>
  <move id="223" source="A5" target="B5"/>
  <move id="224" source="B7" target="A7"/>
  <move id="225" source="B5" target="B4"/>
  <move id="226" source="A7" target="A6"/>
  <move id="227" source="B4" target="A4"/>
  <move id="228" source="A6" target="B6"/>
  <move id="229" source="A4" target="B4"/>
  <move id="230" source="B6" target="A6"/>
  <move id="231" source="B4" target="B5"/>
  <move id="232" source="I9" target="I8"/>
  <move id="233" source="D3" target="E3"/>
  <move id="234" source="I8" target="I7"/>
  <move id="235" source="F3" target="F4"/>
  <move id="236" source="F5" target="E5"/>
  <move id="237" source="E4" target="D4"/>
  <move id="238" source="F6" target="F5"/>
  <move id="239" source="F4" target="F3"/>
  <move id="240" source="I7" target="H7"/>
  <move id="241" source="G4" target="F4"/>
  <move id="242" source="H7" target="G7"/>
  <move id="243" source="E3" target="E4"/>
  <move id="244" source="E5" target="E6"/>
  <move id="245" source="F4" target="F5"/>
  <move id="246" source="E6" target="F6"/>
  <move id="247" source="F5" target="F4"/>
  <move id="248" source="G7" target="E7"/>
  <move id="249" source="F4" target="G4"/>
  <move id="250" source="E7" target="E4"/>
  <move id="251" source="D4" target="D3"/>
  <move id="252" source="F6" target="F5"/>
  <move id="253" source="G4" target="H4"/>
  <move id="254" source="F5" target="F4"/>
  <move id="255" source="F3" target="E3"/>
  <move id="256" source="E4" target="E7"/>
  <move id="257" source="C4" target="B4"/>
  <move id="258" source="F4" target="E4"/>
  <move id="259" source="E3" target="E4"/>
  <move id="260" source="E4" target="D4"/>
  <move id="261" source="D3" target="E3"/>
  <move id="262" source="D4" target="C4"/>
  <move id="263" source="B4" target="B3"/>
  <move id="264" source="C4" target="C3"/>
  <move id="265" source="B3" target="B4"/>
  <move id="266" source="C3" target="C4"/>
  <move id="267" source="B4" target="B3"/>
  <move id="268" source="C4" target="C3"/>
  <move id="269" source="B5" target="A5"/>
  <move id="270" source="C3" target="B3"/>
  <move id="271" source="E3" target="E4"/>
  <move id="272" source="B3" target="B4"/>
  <move id="273" source="E4" target="E5"/>
  <move id="274" source="E7" target="F7"/>
  <move id="275" source="E5" target="F5"/>
  <move id="276" source="F7" target="E7"/>
  <move id="277" source="F5" target="E5"/>
  <move id="278" source="E7" target="F7"/>
  <move id="279" source="E5" target="F5"/>
  <move id="280" source="F7" target="B7"/>
  <move id="281" source="A5" target="A6"/>
  <move id="282" source="B4" target="C4"/>
  <move id="283" source="F5" target="F6"/>
  <move id="284" source="C4" target="D4"/>
  <move id="285" source="H4" target="H3"/>
  <move id="286" source="D4" target="E4"/>
  <move id="287" source="H3" target="G3"/>
  <move id="288" source="E4" target="E5"/>
  <move id="289" source="F6" target="F7"/>
  <move id="290" source="E5" target="E6"/>
  <move id="291" source="G3" target="F3"/>
  <move id="292" source="B7" target="B8"/>
  <move id="293" source="F3" target="E3"/>
  <move id="294" source="A9" target="A8"/>
  <move id="295" source="E3" target="D3"/>
  <move id="296" source="A8" target="A7"/>
  <move id="297" source="D3" target="C3"/>
  <move id="298" source="A7" target="A6"/>
  <move id="299" source="C3" target="B3"/>
  <move id="300" source="A6" target="A5"/>
  <move id="301" source="B3" target="B4"/>
  <move id="302" source="B8" target="B7"/>
  <move id="303" source="B4" target="B5"/>
  <move id="304" source="A5" target="B5"/>
  <move id="305" source="C2" target="C3"/>
  <move id="306" source="E6" target="E5"/>
  <move id="307" source="C3" target="C4"/>
  <move id="308" source="E5" target="E4"/>
  <move id="309" source="C4" target="B4"/>
  <move id="310" source="E4" target="D4"/>
  <move id="311" source="B4" target="B5"/>
  <move id="312" source="D4" target="C4"/>
  <move id="313" source="B5" target="B6"/>
  <move id="314" source="B7" target="A7"/>
  <move id="315" source="B6" target="A6"/>
  <move id="316" source="A7" target="E7"/>
  <move id="317" source="F7" target="E7"/>
  <move id="318" source="C4" target="C3"/>
  <move id="319" source="E7" target="E8"/>
  <move id="320" source="B:" target="B2"/>
  <move id="321" source="I2" target="H2"/>
  <move id="322" source="C3" target="D3"/>
  <move id="323" source="H2" target="H3"/>
  <move id="324" source="D3" target="E3"/>
  <move id="325" source="H3" target="H4"/>
  <move id="326" source="E3" target="F3"/>
  <move id="327" source="H4" target="G4"/>
  <move id="328" source="C:" target="B:"/>
  <move id="329" source="A6" target="A7"/>
  <move id="330" source="B:" target="B9"/>
  <move id="331" source="A7" target="B7"/>
  <move id="332" source="B9" target="A9"/>
  <move id="333" source="B7" target="A7"/>
  <move id="334" source="A9" target="B9"/>
  <move id="335" source="A7" target="B7"/>
  <move id="336" source="B9" target="A9"/>
  <move id="337" source="B7" target="A7"/>
  <move id="338" source="A9" target="B9"/>
  <move id="339" source="A7" target="B7"/>
  <move id="340" source="B9" target="A9"/>
  <move id="341" source="B7" target="B8"/>
  <move id="342" source="A9" target="A4"/>
  <move id="343" source="B8" target="A8"/>
  <move id="344" source="A4" target="E4"/>
  <move id="345" source="A2" target="A7"/>
  <move id="346" source="E4" target="E2"/>
  <move id="347" source="A7" target="D7"/>
  <move id="348" source="F3" target="F4"/>
  <move id="349" source="G4" target="G3"/>
  <move id="350" source="F4" target="F3"/>
  <move id="351" source="G3" target="G4"/>
  <move id="352" source="F3" target="F4"/>
  <move id="353" source="G4" target="G3"/>
  <move id="354" source="F4" target="F3"/>
  <move id="355" source="G3" target="G4"/>
  <move id="356" source="F3" target="E3"/>
  <move id="357" source="E2" target="F2"/>
  <move id="358" source="E3" target="F3"/>
  <move id="359" source="F2" target="E2"/>
  <move id="360" source="F3" target="E3"/>
  <move id="361" source="E2" target="F2"/>
  <move id="362" source="E3" target="F3"/>
  <move id="363" source="F2" target="E2"/>
  <move id="364" source="F3" target="E3"/>
  <move id="365" source="E2" target="F2"/>
  <move id="366" source="K7" target="I7"/>
  <move id="367" source="D7" target="D9"/>
  <move id="368" source="I7" target="H7"/>
  <move id="369" source="E8" target="E7"/>
  <move id="370" source="E3" target="E4"/>
  <move id="371" source="E7" target="F7"/>
  <move id="372" source="H7" target="I7"/>
  <move id="373" source="F7" target="G7"/>
  <move id="374" source="I7" target="I6"/>
  <move id="375" source="G7" target="H7"/>
  <move id="376" source="I6" target="K6"/>
  <move id="377" source="H7" target="I7"/>
  <move id="378" source="E4" target="F4"/>
  <move id="379" source="I7" target="K7"/>
  <move id="380" source="K6" target="I6"/>
  <move id="381" source="G4" target="H4"/>
  <move id="382" source="F4" target="F3"/>
  <move id="383" source="F2" target="E2"/>
  <move id="384" source="F3" target="F4"/>
  <move id="385" source="H4" target="H3"/>
  <move id="386" source="F4" target="F5"/>
  <move id="387" source="K7" target="I7"/>
  <move id="388" source="I6" target="K6"/>
  <move id="389" source="I4" target="I5"/>
  <move id="390" source="K5" target="K4"/>
  <move id="391" source="I7" target="K7"/>
  <move id="392" source="F5" target="F6"/>
  <move id="393" source="K7" target="K6"/>
  <move id="394" source="G8" target="F8"/>
  <move id="395" source="I5" target="I4"/>
  <move id="396" source="K4" target="K5"/>
  <move id="397" source="K6" target="I6"/>
  <move id="398" source="F8" target="F7"/>
  <move id="399" source="I4" target="H4"/>
  <move id="400" source="F6" target="F5"/>
  <move id="401" source="H4" target="G4"/>
  <move id="402" source="F7" target="F6"/>
  <move id="403" source="A8" target="A7"/>
  <move id="404" source="F6" target="E6"/>
  <move id="405" source="A7" target="B7"/>
  <move id="406" source="E6" target="E5"/>
  <move id="407" source="B7" target="C7"/>
  <move id="408" source="E5" target="E4"/>
  <move id="409" source="C7" target="D7"/>
  <move id="410" source="E4" target="E3"/>
  <move id="411" source="D7" target="D8"/>
  <move id="412" source="E3" target="E2"/>
  <move id="413" source="D8" target="D9"/>
  <move id="414" source="E2" target="E3"/>
  <move id="415" source="D9" target="D8"/>
  <move id="416" source="E3" target="D3"/>
  <move id="417" source="D8" target="E8"/>
  <move id="418" source="D3" target="C3"/>
  <move id="419" source="E8" target="F8"/>
  <move id="420" source="C3" target="B3"/>
  <move id="421" source="F8" target="F9"/>
  <move id="422" source="B3" target="B2"/>
  <move id="423" source="I6" target="K6"/>
  <move id="424" source="F5" target="F6"/>
  <move id="425" source="F9" target="F8"/>
  <move id="426" source="F6" target="F7"/>
  <move id="427" source="F8" target="E8"/>
  <move id="428" source="F7" target="E7"/>
  <move id="429" source="E8" target="D8"/>
  <move id="430" source="E7" target="E6"/>
  <move id="431" source="K6" target="K5"/>
  <move id="432" source="E6" target="E5"/>
  <move id="433" source="G4" target="F4"/>
  <move id="434" source="A:" target="A9"/>
  <move id="435" source="H3" target="H4"/>
  <move id="436" source="A9" target="A8"/>
  <move id="437" source="H4" target="I4"/>
  <move id="438" source="A8" target="A7"/>
  <move id="439" source="I4" target="I5"/>
  <move id="440" source="A7" target="A6"/>
  <move id="441" source="I5" target="I6"/>
  <move id="442" source="A6" target="A5"/>
  <move id="443" source="I6" target="I7"/>
  <move id="444" source="A5" target="A4"/>
  <move id="445" source="I7" target="H7"/>
  <move id="446" source="A4" target="B4"/>
  <move id="447" source="H7" target="H8"/>
  <move id="448" source="B4" target="B3"/>
  <move id="449" source="K3" target="K4"/>
  <move id="450" source="B3" target="C3"/>
  <move id="451" source="K4" target="I4"/>
  <move id="452" source="C3" target="D3"/>
  <move id="453" source="I4" target="I5"/>
  <move id="454" source="B2" target="C2"/>
  <move id="455" source="D8" target="E8"/>
  <move id="456" source="D3" target="D2"/>
  <move id="457" source="E8" target="E9"/>
  <move id="458" source="D2" target="D1"/>
  <move id="459" source="I5" target="I6"/>
  <move id="460" source="I:" target="I9"/>
  <move id="461" source="I6" target="I7"/>
  <move id="462" source="I9" target="I8"/>
  <move id="463" source="I7" target="H7"/>
  <move id="464" source="I8" target="I7"/>
  <move id="465" source="H7" target="G7"/>
  <move id="466" source="I7" target="H7"/>
  <move id="467" source="G7" target="G8"/>
  <move id="468" source="H7" target="G7"/>
  <move id="469" source="G8" target="F8"/>
  <move id="470" source="G7" target="F7"/>
  <move id="471" source="F8" target="F9"/>
  <move id="472" source="F7" target="F8"/>
  <move id="473" source="F9" target="F:"/>
  <move id="474" source="D1" target="C1"/>
  <move id="475" source="B1" target="C1"/>
  <move id="476" source="C2" target="C1"/>
  <move id="477" source="K2" target="K3"/>
  <move id="478" source="F8" target="F7"/>
  <move id="479" source="K3" target="K4"/>
  <move id="480" source="F7" target="G7"/>
  <move id="481" source="K4" target="K5"/>
  <move id="482" source="G7" target="H7"/>
  <move id="483" source="K5" target="K6"/>
  <move id="484" source="H7" target="I7"/>
  <move id="485" source="K6" target="K5"/>
  <move id="486" source="K8" target="K7"/>
  <move id="487" source="K5" target="K4"/>
  <move id="488" source="K7" target="K6"/>
  <move id="489" source="K4" target="K3"/>
  <move id="490" source="K6" target="K5"/>
  <move id="491" source="K3" target="K2"/>
  <move id="492" source="K5" target="K4"/>
  <move id="493" source="K2" target="A2"/>
  <move id="494" source="K4" target="K3"/>
  <move id="495" source="A2" target="A7"/>
  <move id="496" source="K3" target="K2"/>
  <move id="497" source="A7" target="G7"/>
  <move id="498" source="I7" target="H7"/>
  <move id="499" source="G7" target="G9"/>
  <move id="500" source="H7" target="I7"/>
  <move id="501" source="G1" target="G2"/>
  <move id="502" source="C1" target="D1"/>
  <move id="503" source="G2" target="G3"/>
  <move id="504" source="D1" target="D2"/>
  <move id="505" source="G3" target="F3"/>
  <move id="506" source="D2" target="D3"/>
  <move id="507" source="F4" target="E4"/>
  <move id="508" source="E5" target="E4"/>
  <move id="509" source="F3" target="F4"/>
  <move id="510" source="I7" target="H7"/>
  <move id="511" source="F4" target="F5"/>
  <move id="512" source="H7" target="G7"/>
  <move id="513" source="F5" target="F6"/>
  <move id="514" source="G7" target="F7"/>
  <move id="515" source="F6" target="E6"/>
  <move id="516" source="F7" target="E7"/>
  <move id="517" source="E6" target="F6"/>
  <move id="518" source="D3" target="E3"/>
  <move id="519" source="F6" target="F5"/>
  <move id="520" source="E3" target="E4"/>
  <move id="521" source="A1" target="A2"/>
  <move id="522" source="K2" target="K3"/>
  <move id="523" source="A2" target="A3"/>
  <move id="524" source="E7" target="D7"/>
  <move id="525" source="A3" target="A4"/>
  <move id="526" source="D7" target="C7"/>
  <move id="527" source="A4" target="A5"/>
  <move id="528" source="C7" target="B7"/>
  <move id="529" source="F5" target="F6"/>
  <move id="530" source="E4" target="E5"/>
  <move id="531" source="F6" target="F7"/>
  <move id="532" source="E5" target="E6"/>
  <move id="533" source="F7" target="F8"/>
  <move id="534" source="E6" target="E7"/>
  <move id="535" source="F8" target="F9"/>
  <move id="536" source="E7" target="E8"/>
  <move id="537" source="F9" target="F:"/>
  <move id="538" source="E:" target="F:"/>
  <move id="539" source="A5" target="B5"/>
  <move id="540" source="B7" target="B6"/>
  <move id="541" source="B5" target="B4"/>
  <move id="542" source="E8" target="E7"/>
  <move id="543" source="B4" target="C4"/>
  <move id="544" source="E7" target="E6"/>
  <move id="545" source="C4" target="D4"/>
  <move id="546" source="E6" target="E5"/>
  <move id="547" source="D4" target="D3"/>
  <move id="548" source="B6" target="B5"/>
  <move id="549" source="D3" target="C3"/>
  <move id="550" source="B5" target="B4"/>
  <move id="551" source="C3" target="C2"/>
  <move id="552" source="E5" target="E4"/>
  <move id="553" source="C2" target="C1"/>
  <move id="554" source="B4" target="B3"/>
  <move id="555" source="C1" target="B1"/>
  <move id="556" source="E4" target="E3"/>
  <move id="557" source="B1" target="A1"/>
  <move id="558" source="B3" target="B2"/>
  <move id="559" source="H1" target="H2"/>
  <move id="560" source="K3" target="K4"/>
  <move id="561" source="H2" target="H3"/>
  <move id="562" source="K4" target="I4"/>
  <move id="563" source="H3" target="H2"/>
  <move id="564" source="E3" target="F3"/>
  <move id="565" source="H2" target="I2"/>
  <move id="566" source="F3" target="G3"/>
  <move id="567" source="I2" target="K2"/>
  <move id="568" source="G3" target="H3"/>
  <move id="569" source="K2" target="K3"/>
  <move id="570" source="I4" target="K4"/>
  <move id="571" source="K3" target="K2"/>
  <move id="572" source="H3" target="H2"/>
  <move id="573" source="K2" target="K3"/>
  <move id="574" source="H2" target="H3"/>
  <move id="575" source="K3" target="K2"/>
  <move id="576" source="H3" target="H2"/>
  <move id="577" source="K2" target="K3"/>
  <move id="578" source="H2" target="I2"/>
  <move id="579" source="K3" target="K4"/>
  <move id="580" source="I2" target="H2"/>
  <move id="581" source="A1" target="A2"/>
  <move id="582" source="B2" target="A2"/>
  <move id="583" source="K1" target="K2"/>
  <move id="584" source="H2" target="G2"/>
  <move id="585" source="K2" target="I2"/>
  <move id="586" source="D:" target="E:"/>
  <move id="587" source="I2" target="H2"/>
  <move id="588" source="E:" target="F:"/>
  <move id="589" source="H2" target="H3"/>
  <move id="590" source="F:" target="F1"/>
  <move id="591" source="H3" target="H4"/>
  <move id="592" source="G2" target="G3"/>
  <move id="593" source="H4" target="G4"/>
  <move id="594" source="G3" target="F3"/>
  <move id="595" source="G4" target="F4"/>
  <move id="596" source="F3" target="E3"/>
  <move id="597" source="F4" target="F5"/>
  <move id="598" source="E3" target="E2"/>
  <move id="599" source="F5" target="F6"/>
  <move id="600" source="E2" target="E1"/>
  <player id="1">Player 1</player>
  <player id="2">Player 2</player>
  <result type="1" winner="2"/>
 </game>
</stratego>