<?xml version="1.0" encoding="UTF-8"?>
<stratego>
 <game type="classic">
  
  <field content="FMBEEFDEEFBBGDDBDDBBHILIGHCJHDFGEJHDKIGDAA__AA__AAAA__AA__AATTQOTPTNSPXPSSWPPRNRVUQUVNPUSPYQQRPNQNRN"/>
  <move id="1" source="K4" target="K7"/>
  <move id="2" source="A7" target="A6"/>
  <move id="3" source="K3" target="K8"/>
  <move id="4" source="A6" target="A5"/>
  <move id="5" source="I4" target="I5"/>
  <move id="6" source="A5" target="A4"/>
  <move id="7" source="I5" target="I6"/>
  <move id="8" source="A4" target="A3"/>
  <move id="9" source="I6" target="I7"/>
  <move id="10" source="B7" target="A7"/>
  <move id="11" source="I3" target="K3"/>
  <move id="12" source="B8" target="B4"/>
  <move id="13" source="K3" target="K4"/>
  <move id="14" source="A7" target="A6"/>
  <move id="15" source="K4" target="K5"/>
  <move id="16" source="A6" target="A5"/>
  <move id="17" source="K5" target="K6"/>
  <move id="18" source="A5" target="A4"/>
  <move id="19" source="B4" target="B5"/>
  <move id="20" source="B9" target="B8"/>
  <move id="21" source="C4" target="B4"/>
  <move id="22" source="A4" target="A5"/>
  <move id="23" source="K6" target="K7"/>
  <move id="24" source="B8" target="B7"/>
  <move id="25" source="B4" target="A4"/>
  <move id="26" source="A5" target="B5"/>
  <move id="27" source="B3" target="B4"/>
  <move id="28" source="B5" target="B6"/>
  <move id="29" source="B4" target="B5"/>
  <move id="30" source="B6" target="A6"/>
  <move id="31" source="B5" target="A5"/>
  <move id="32" source="A6" target="A7"/>
  <move id="33" source="A5" target="A6"/>
  <move id="34" source="B7" target="B8"/>
  <move id="35" source="A6" target="A7"/>
  <move id="36" source="A8" target="A7"/>
  <move id="37" source="K7" target="K8"/>
  <move id="38" source="A7" target="A6"/>
  <move id="39" source="A4" target="B4"/>
  <move id="40" source="A6" target="B6"/>
  <move id="41" source="B4" target="C4"/>
  <move id="42" source="B6" target="B5"/>
  <move id="43" source="C3" target="B3"/>
  <move id="44" source="B8" target="A8"/>
  <move id="45" source="F4" target="F7"/>
  <move id="46" source="C8" target="B8"/>
  <move id="47" source="K8" target="K9"/>
  <move id="48" source="B8" target="B7"/>
  <move id="49" source="K9" target="K:"/>
  <move id="50" source="B7" target="A7"/>
  <move id="51" source="E4" target="E5"/>
  <move id="52" source="A7" target="A6"/>
  <move id="53" source="E5" target="F5"/>
  <move id="54" source="A6" target="A5"/>
  <move id="55" source="E3" target="E4"/>
  <move id="56" source="A5" target="A4"/>
  <move id="57" source="E4" target="E5"/>
  <move id="58" source="A4" target="B4"/>
  <move id="59" source="C4" target="C3"/>
  <move id="60" source="B4" target="B3"/>
  <move id="61" source="E5" target="E6"/>
  <move id="62" source="C7" target="B7"/>
  <move id="63" source="E6" target="E7"/>
  <move id="64" source="B7" target="A7"/>
  <move id="65" source="G4" target="F4"/>
  <move id="66" source="A7" target="A6"/>
  <move id="67" source="F5" target="F6"/>
  <move id="68" source="A6" target="A5"/>
  <move id="69" source="F4" target="F5"/>
  <move id="70" source="A5" target="A4"/>
  <move id="71" source="F5" target="E5"/>
  <move id="72" source="D8" target="C8"/>
  <move id="73" source="E5" target="E6"/>
  <move id="74" source="E7" target="F7"/>
  <move id="75" source="E6" target="E7"/>
  <move id="76" source="E8" target="E7"/>
  <move id="77" source="D4" target="E4"/>
  <move id="78" source="E9" target="E8"/>
  <move id="79" source="E4" target="F4"/>
  <move id="80" source="E8" target="E7"/>
  <move id="81" source="F6" target="E6"/>
  <move id="82" source="E7" target="E6"/>
  <move id="83" source="H4" target="I4"/>
  <move id="84" source="E6" target="F6"/>
  <move id="85" source="F4" target="E4"/>
  <move id="86" source="F6" target="E6"/>
  <move id="87" source="E4" target="F4"/>
  <move id="88" source="F7" target="E7"/>
  <move id="89" source="I4" target="I5"/>
  <move id="90" source="F8" target="F4"/>
  <move id="91" source="I5" target="I6"/>
  <move id="92" source="B5" target="B4"/>
  <move id="93" source="I6" target="I7"/>
  <move id="94" source="B4" target="B3"/>
  <move id="95" source="I7" target="I8"/>
  <move id="96" source="A4" target="A3"/>
  <move id="97" source="H3" target="H4"/>
  <move id="98" source="A3" target="A2"/>
  <move id="99" source="H2" target="H3"/>
  <move id="100" source="A2" target="A1"/>
  <move id="101" source="H3" target="I3"/>
  <move id="102" source="C8" target="C7"/>
  <move id="103" source="I3" target="I7"/>
  <move id="104" source="C7" target="B7"/>
  <move id="105" source="I7" target="H7"/>
  <move id="106" source="B7" target="B6"/>
  <move id="107" source="G2" target="H2"/>
  <move id="108" source="E6" target="E5"/>
  <move id="109" source="H2" target="H3"/>
  <move id="110" source="E5" target="E4"/>
  <move id="111" source="F4" target="F5"/>
  <move id="112" source="E4" target="F4"/>
  <move id="113" source="F5" target="F6"/>
  <move id="114" source="F4" target="G4"/>
  <move id="115" source="H3" target="K3"/>
  <move id="116" source="G4" target="H4"/>
  <move id="117" source="K3" target="K9"/>
  <move id="118" source="B6" target="B5"/>
  <move id="119" source="K9" target="I9"/>
  <move id="120" source="B5" target="B4"/>
  <move id="121" source="E2" target="E7"/>
  <move id="122" source="B4" target="A4"/>
  <move id="123" source="F6" target="F7"/>
  <move id="124" source="E7" target="E6"/>
  <move id="125" source="F7" target="G7"/>
  <move id="126" source="G8" target="F8"/>
  <move id="127" source="G7" target="F7"/>
  <move id="128" source="F8" target="G8"/>
  <move id="129" source="F7" target="F8"/>
  <move id="130" source="G8" target="G7"/>
  <move id="131" source="F8" target="F9"/>
  <move id="132" source="D9" target="D8"/>
  <move id="133" source="F3" target="F4"/>
  <move id="134" source="D8" target="E8"/>
  <move id="135" source="F4" target="G4"/>
  <move id="136" source="E8" target="E7"/>
  <move id="137" source="G4" target="H4"/>
  <move id="138" source="E7" target="F7"/>
  <move id="139" source="H4" target="I4"/>
  <move id="140" source="F7" target="F6"/>
  <move id="141" source="I4" target="K4"/>
  <move id="142" source="F6" target="F5"/>
  <move id="143" source="K4" target="K5"/>
  <move id="144" source="F5" target="F4"/>
  <move id="145" source="K5" target="K6"/>
  <move id="146" source="A4" target="A3"/>
  <move id="147" source="K6" target="K7"/>
  <move id="148" source="A3" target="A2"/>
  <move id="149" source="K7" target="K8"/>
  <move id="150" source="A2" target="A1"/>
  <move id="151" source="K8" target="K9"/>
  <move id="152" source="A1" target="B1"/>
  <player id="1">Player 1</player>
  <player id="2">Player 2</player>
  <result type="1" winner="2"/>
 </game>
</stratego>