<?xml version="1.0" encoding="UTF-8"?>
<stratego>
 <game type="classic">
  
  <field content="BEBFMIGFBEDJBIGEBBEGDHLDHKEJHDIFDDFHCGDDAA__AA__AAAA__AA__AARSTPRTPRUTPPVQNTNOWXRNSNSNSYVPPNUQPQQUPQ"/>
  <move id="1" source="B4" target="B5"/>
  <move id="2" source="K7" target="K6"/>
  <move id="3" source="A4" target="A5"/>
  <move id="4" source="K6" target="K5"/>
  <move id="5" source="B5" target="B6"/>
  <move id="6" source="K8" target="K7"/>
  <move id="7" source="B6" target="A6"/>
  <move id="8" source="K7" target="K6"/>
  <move id="9" source="A6" target="A7"/>
  <move id="10" source="K5" target="K4"/>
  <move id="11" source="I4" target="I7"/>
  <move id="12" source="K6" target="K5"/>
  <move id="13" source="A5" target="A6"/>
  <move id="14" source="I7" target="K7"/>
  <move id="15" source="A6" target="A7"/>
  <move id="16" source="H7" target="I7"/>
  <move id="17" source="A3" target="A4"/>
  <move id="18" source="I7" target="I6"/>
  <move id="19" source="A4" target="B4"/>
  <move id="20" source="I6" target="I5"/>
  <move id="21" source="B4" target="B7"/>
  <move id="22" source="B7" target="B6"/>
  <move id="23" source="B3" target="B4"/>
  <move id="24" source="B6" target="B5"/>
  <move id="25" source="B4" target="B5"/>
  <move id="26" source="I5" target="I4"/>
  <move id="27" source="B5" target="B4"/>
  <move id="28" source="I4" target="H4"/>
  <move id="29" source="B4" target="B3"/>
  <move id="30" source="K4" target="I4"/>
  <move id="31" source="K3" target="K5"/>
  <move id="32" source="K5" target="I5"/>
  <move id="33" source="C4" target="B4"/>
  <move id="34" source="I4" target="H4"/>
  <move id="35" source="H3" target="H4"/>
  <move id="36" source="I5" target="I4"/>
  <move id="37" source="H4" target="H3"/>
  <move id="38" source="I4" target="H4"/>
  <move id="39" source="G4" target="H4"/>
  <move id="40" source="I8" target="I7"/>
  <move id="41" source="H4" target="I4"/>
  <move id="42" source="I7" target="I6"/>
  <move id="43" source="F4" target="F5"/>
  <move id="44" source="I6" target="I5"/>
  <move id="45" source="F3" target="F4"/>
  <move id="46" source="I5" target="I4"/>
  <move id="47" source="F4" target="G4"/>
  <move id="48" source="I4" target="H4"/>
  <player id="1">Player 1</player>
  <player id="2">Player 2</player>
  <result type="3" winner="1"/>
 </game>
</stratego>