<?xml version="1.0" encoding="UTF-8"?>
<stratego>
 <game type="classic">
  
  <field content="GEBEGMBEEBDGIDDHIFBEDHJLIKJFBHDFGDDHCBDFAA__AA__AAAA__AA__AATSPTRSORNPVUSTQUPQNSNXVQPWQRNUYNPQPPPRNT"/>
  <move id="1" source="F4" target="F5"/>
  <move id="2" source="F7" target="F6"/>
  <move id="3" source="F5" target="F6"/>
  <move id="4" source="F8" target="F7"/>
  <move id="5" source="F6" target="F5"/>
  <move id="6" source="F7" target="F6"/>
  <move id="7" source="F5" target="F4"/>
  <move id="8" source="F6" target="F5"/>
  <move id="9" source="B4" target="B5"/>
  <move id="10" source="E7" target="E6"/>
  <move id="11" source="B5" target="B6"/>
  <move id="12" source="E6" target="E5"/>
  <move id="13" source="B6" target="B7"/>
  <move id="14" source="K7" target="K6"/>
  <move id="15" source="C4" target="B4"/>
  <move id="16" source="K6" target="K5"/>
  <move id="17" source="B4" target="B5"/>
  <move id="18" source="A7" target="A6"/>
  <move id="19" source="B5" target="B6"/>
  <move id="20" source="A6" target="B6"/>
  <move id="21" source="B3" target="B4"/>
  <move id="22" source="B6" target="A6"/>
  <move id="23" source="B4" target="B5"/>
  <move id="24" source="A6" target="A7"/>
  <move id="25" source="B5" target="B6"/>
  <move id="26" source="D7" target="E7"/>
  <move id="27" source="D4" target="C4"/>
  <move id="28" source="E7" target="E6"/>
  <move id="29" source="D3" target="D4"/>
  <move id="30" source="E5" target="E4"/>
  <move id="31" source="E3" target="E4"/>
  <move id="32" source="F5" target="E5"/>
  <move id="33" source="E4" target="E3"/>
  <move id="34" source="E5" target="E4"/>
  <move id="35" source="E3" target="E4"/>
  <move id="36" source="E6" target="E5"/>
  <move id="37" source="E2" target="E5"/>
  <move id="38" source="G8" target="F8"/>
  <move id="39" source="C3" target="D3"/>
  <move id="40" source="E5" target="E4"/>
  <move id="41" source="F4" target="E4"/>
  <move id="42" source="F8" target="F3"/>
  <move id="43" source="D3" target="E3"/>
  <move id="44" source="D8" target="D7"/>
  <move id="45" source="E3" target="E4"/>
  <move id="46" source="D7" target="E7"/>
  <move id="47" source="E4" target="E5"/>
  <move id="48" source="E7" target="E6"/>
  <move id="49" source="E5" target="E6"/>
  <move id="50" source="C7" target="D7"/>
  <move id="51" source="E6" target="E5"/>
  <move id="52" source="D7" target="E7"/>
  <move id="53" source="E5" target="E4"/>
  <move id="54" source="E7" target="E6"/>
  <move id="55" source="F3" target="F4"/>
  <move id="56" source="E6" target="E5"/>
  <move id="57" source="E4" target="E3"/>
  <move id="58" source="E5" target="E4"/>
  <move id="59" source="D4" target="E4"/>
  <move id="60" source="B7" target="B6"/>
  <move id="61" source="E4" target="D4"/>
  <move id="62" source="B8" target="B7"/>
  <move id="63" source="B6" target="A6"/>
  <move id="64" source="B7" target="B8"/>
  <move id="65" source="A6" target="A7"/>
  <move id="66" source="E8" target="E7"/>
  <move id="67" source="A4" target="B4"/>
  <move id="68" source="E7" target="D7"/>
  <move id="69" source="B4" target="B8"/>
  <move id="70" source="D7" target="C7"/>
  <move id="71" source="C4" target="B4"/>
  <move id="72" source="C7" target="B7"/>
  <move id="73" source="B4" target="B5"/>
  <move id="74" source="B7" target="C7"/>
  <move id="75" source="B5" target="B6"/>
  <move id="76" source="B8" target="B7"/>
  <move id="77" source="B6" target="B5"/>
  <move id="78" source="B7" target="A7"/>
  <move id="79" source="B5" target="A5"/>
  <move id="80" source="C7" target="B7"/>
  <move id="81" source="D4" target="C4"/>
  <move id="82" source="B7" target="B6"/>
  <move id="83" source="A5" target="A4"/>
  <move id="84" source="B6" target="B5"/>
  <move id="85" source="A4" target="A5"/>
  <move id="86" source="B5" target="B6"/>
  <move id="87" source="A5" target="B5"/>
  <move id="88" source="B6" target="B7"/>
  <move id="89" source="B5" target="B7"/>
  <move id="90" source="B7" target="C7"/>
  <move id="91" source="C2" target="C3"/>
  <move id="92" source="C7" target="D7"/>
  <move id="93" source="C3" target="B3"/>
  <move id="94" source="A7" target="B7"/>
  <move id="95" source="B3" target="B4"/>
  <move id="96" source="H8" target="G8"/>
  <move id="97" source="B4" target="B5"/>
  <move id="98" source="G8" target="F8"/>
  <move id="99" source="B5" target="B6"/>
  <move id="100" source="C8" target="C7"/>
  <move id="101" source="B6" target="B7"/>
  <move id="102" source="C7" target="C8"/>
  <move id="103" source="A3" target="A4"/>
  <move id="104" source="D7" target="C7"/>
  <move id="105" source="B2" target="B3"/>
  <move id="106" source="C7" target="B7"/>
  <move id="107" source="B3" target="B4"/>
  <move id="108" source="C8" target="C7"/>
  <move id="109" source="B4" target="B5"/>
  <move id="110" source="B7" target="B8"/>
  <move id="111" source="B5" target="B6"/>
  <move id="112" source="C7" target="B7"/>
  <move id="113" source="B6" target="B5"/>
  <move id="114" source="B7" target="B6"/>
  <move id="115" source="B5" target="B4"/>
  <move id="116" source="B6" target="B5"/>
  <move id="117" source="B4" target="B3"/>
  <move id="118" source="F8" target="F7"/>
  <move id="119" source="A4" target="A5"/>
  <move id="120" source="B5" target="A5"/>
  <move id="121" source="B3" target="B4"/>
  <move id="122" source="F7" target="F6"/>
  <move id="123" source="B4" target="A4"/>
  <move id="124" source="A5" target="A6"/>
  <move id="125" source="A4" target="A5"/>
  <move id="126" source="A6" target="A7"/>
  <move id="127" source="A5" target="A6"/>
  <move id="128" source="A7" target="B7"/>
  <move id="129" source="A6" target="B6"/>
  <move id="130" source="B7" target="A7"/>
  <move id="131" source="B6" target="B7"/>
  <move id="132" source="B8" target="C8"/>
  <move id="133" source="B7" target="A7"/>
  <move id="134" source="F6" target="F5"/>
  <move id="135" source="D2" target="D3"/>
  <move id="136" source="D9" target="D8"/>
  <move id="137" source="D3" target="D4"/>
  <move id="138" source="D8" target="D7"/>
  <move id="139" source="D4" target="E4"/>
  <move id="140" source="D7" target="C7"/>
  <move id="141" source="C4" target="D4"/>
  <move id="142" source="C7" target="B7"/>
  <move id="143" source="D1" target="D2"/>
  <move id="144" source="B7" target="B6"/>
  <move id="145" source="D2" target="C2"/>
  <move id="146" source="B6" target="B5"/>
  <move id="147" source="C2" target="C3"/>
  <move id="148" source="B5" target="B4"/>
  <move id="149" source="C3" target="B3"/>
  <move id="150" source="B4" target="A4"/>
  <move id="151" source="E4" target="E5"/>
  <move id="152" source="F5" target="F6"/>
  <move id="153" source="E5" target="F5"/>
  <move id="154" source="F6" target="E6"/>
  <move id="155" source="E3" target="F3"/>
  <move id="156" source="F9" target="F8"/>
  <move id="157" source="A2" target="E2"/>
  <move id="158" source="F8" target="F7"/>
  <move id="159" source="F5" target="E5"/>
  <move id="160" source="E6" target="F6"/>
  <move id="161" source="E5" target="E6"/>
  <move id="162" source="F6" target="F5"/>
  <move id="163" source="F4" target="F5"/>
  <move id="164" source="F7" target="F6"/>
  <move id="165" source="F5" target="F6"/>
  <move id="166" source="C9" target="D9"/>
  <move id="167" source="E6" target="E7"/>
  <move id="168" source="D9" target="D8"/>
  <move id="169" source="E7" target="G7"/>
  <move id="170" source="H7" target="G7"/>
  <move id="171" source="B3" target="B4"/>
  <move id="172" source="A4" target="A3"/>
  <move id="173" source="D4" target="D3"/>
  <move id="174" source="A3" target="A2"/>
  <move id="175" source="B4" target="A4"/>
  <move id="176" source="A2" target="A1"/>
  <move id="177" source="A4" target="A5"/>
  <move id="178" source="D8" target="D7"/>
  <move id="179" source="A5" target="A6"/>
  <move id="180" source="D7" target="C7"/>
  <move id="181" source="A6" target="A7"/>
  <move id="182" source="C7" target="B7"/>
  <move id="183" source="A7" target="A8"/>
  <move id="184" source="B7" target="C7"/>
  <move id="185" source="A1" target="A2"/>
  <move id="186" source="C7" target="D7"/>
  <move id="187" source="A2" target="B2"/>
  <move id="188" source="D7" target="E7"/>
  <move id="189" source="F3" target="F4"/>
  <move id="190" source="E7" target="E6"/>
  <move id="191" source="D3" target="D4"/>
  <move id="192" source="E6" target="E5"/>
  <move id="193" source="D4" target="E4"/>
  <move id="194" source="E5" target="E6"/>
  <move id="195" source="E4" target="E5"/>
  <move id="196" source="E6" target="E7"/>
  <move id="197" source="E5" target="E6"/>
  <move id="198" source="E7" target="D7"/>
  <move id="199" source="E6" target="E7"/>
  <move id="200" source="D7" target="C7"/>
  <move id="201" source="E7" target="D7"/>
  <move id="202" source="C7" target="B7"/>
  <move id="203" source="D7" target="C7"/>
  <move id="204" source="B7" target="B6"/>
  <move id="205" source="C7" target="B7"/>
  <move id="206" source="B6" target="B5"/>
  <move id="207" source="B7" target="B8"/>
  <move id="208" source="B9" target="B8"/>
  <move id="209" source="B2" target="C2"/>
  <move id="210" source="B5" target="B4"/>
  <move id="211" source="F4" target="E4"/>
  <move id="212" source="B4" target="B3"/>
  <move id="213" source="E4" target="E3"/>
  <move id="214" source="B3" target="B2"/>
  <move id="215" source="C2" target="C3"/>
  <move id="216" source="B2" target="C2"/>
  <move id="217" source="C3" target="C4"/>
  <move id="218" source="F:" target="F9"/>
  <move id="219" source="E3" target="D3"/>
  <move id="220" source="F9" target="F2"/>
  <move id="221" source="G3" target="F3"/>
  <move id="222" source="K5" target="K4"/>
  <move id="223" source="K4" target="K5"/>
  <move id="224" source="E9" target="E2"/>
  <move id="225" source="F3" target="F4"/>
  <move id="226" source="E:" target="E1"/>
  <move id="227" source="C4" target="D4"/>
  <move id="228" source="C8" target="B8"/>
  <move id="229" source="D4" target="E4"/>
  <move id="230" source="B8" target="B7"/>
  <move id="231" source="E4" target="E3"/>
  <move id="232" source="B7" target="B6"/>
  <move id="233" source="F4" target="E4"/>
  <move id="234" source="B6" target="B5"/>
  <move id="235" source="E3" target="F3"/>
  <move id="236" source="B5" target="B4"/>
  <move id="237" source="F3" target="F4"/>
  <move id="238" source="B4" target="B3"/>
  <move id="239" source="E4" target="E3"/>
  <move id="240" source="B3" target="B2"/>
  <move id="241" source="D3" target="C3"/>
  <move id="242" source="C2" target="D2"/>
  <move id="243" source="C3" target="C2"/>
  <move id="244" source="D2" target="E2"/>
  <move id="245" source="E3" target="E2"/>
  <move id="246" source="B2" target="B1"/>
  <move id="247" source="G2" target="G3"/>
  <move id="248" source="G7" target="F7"/>
  <move id="249" source="G3" target="F3"/>
  <move id="250" source="A8" target="A7"/>
  <move id="251" source="F3" target="E3"/>
  <move id="252" source="A7" target="B7"/>
  <move id="253" source="C2" target="C3"/>
  <move id="254" source="B7" target="C7"/>
  <move id="255" source="C3" target="C4"/>
  <move id="256" source="C7" target="D7"/>
  <move id="257" source="C4" target="D4"/>
  <move id="258" source="C:" target="C9"/>
  <move id="259" source="E3" target="D3"/>
  <move id="260" source="C9" target="B9"/>
  <move id="261" source="F4" target="F3"/>
  <move id="262" source="F7" target="F6"/>
  <move id="263" source="F3" target="F4"/>
  <move id="264" source="D7" target="C7"/>
  <move id="265" source="F4" target="F5"/>
  <move id="266" source="F6" target="E6"/>
  <move id="267" source="F5" target="F6"/>
  <move id="268" source="E6" target="E7"/>
  <move id="269" source="F6" target="F7"/>
  <move id="270" source="E7" target="E8"/>
  <move id="271" source="G4" target="F4"/>
  <move id="272" source="E8" target="D8"/>
  <move id="273" source="F4" target="E4"/>
  <move id="274" source="D8" target="C8"/>
  <move id="275" source="E4" target="E5"/>
  <move id="276" source="C8" target="B8"/>
  <move id="277" source="E5" target="E6"/>
  <move id="278" source="B8" target="A8"/>
  <move id="279" source="F7" target="F6"/>
  <move id="280" source="C7" target="D7"/>
  <move id="281" source="E6" target="E5"/>
  <move id="282" source="B9" target="B1"/>
  <move id="283" source="F6" target="F5"/>
  <move id="284" source="B1" target="C1"/>
  <move id="285" source="F5" target="F4"/>
  <move id="286" source="A8" target="A7"/>
  <move id="287" source="I4" target="I7"/>
  <move id="288" source="A7" target="A6"/>
  <move id="289" source="K5" target="K6"/>
  <move id="290" source="A6" target="A5"/>
  <move id="291" source="K6" target="K7"/>
  <move id="292" source="A5" target="A4"/>
  <move id="293" source="K3" target="K4"/>
  <move id="294" source="A4" target="A3"/>
  <move id="295" source="K4" target="K5"/>
  <move id="296" source="A3" target="B3"/>
  <move id="297" source="K2" target="K3"/>
  <move id="298" source="B3" target="C3"/>
  <move id="299" source="K3" target="K4"/>
  <move id="300" source="H9" target="H8"/>
  <move id="301" source="D3" target="C3"/>
  <move id="302" source="H8" target="H7"/>
  <move id="303" source="K4" target="I4"/>
  <move id="304" source="D7" target="E7"/>
  <move id="305" source="I4" target="I5"/>
  <move id="306" source="E7" target="E6"/>
  <move id="307" source="E5" target="E4"/>
  <move id="308" source="E6" target="E5"/>
  <move id="309" source="D4" target="D3"/>
  <move id="310" source="E5" target="E4"/>
  <move id="311" source="F4" target="F5"/>
  <move id="312" source="E4" target="F4"/>
  <move id="313" source="D3" target="E3"/>
  <move id="314" source="F4" target="F5"/>
  <move id="315" source="I5" target="I6"/>
  <move id="316" source="F5" target="F6"/>
  <move id="317" source="E3" target="E4"/>
  <move id="318" source="F6" target="E6"/>
  <move id="319" source="K7" target="K6"/>
  <move id="320" source="K8" target="K7"/>
  <move id="321" source="K6" target="K7"/>
  <move id="322" source="K7" target="K6"/>
  <move id="323" source="K5" target="K6"/>
  <move id="324" source="K9" target="K8"/>
  <move id="325" source="K6" target="K5"/>
  <move id="326" source="K8" target="K7"/>
  <move id="327" source="K5" target="I5"/>
  <move id="328" source="K7" target="K6"/>
  <move id="329" source="I6" target="I7"/>
  <move id="330" source="H7" target="I7"/>
  <move id="331" source="C3" target="D3"/>
  <move id="332" source="I7" target="H7"/>
  <move id="333" source="E4" target="E5"/>
  <move id="334" source="E6" target="F6"/>
  <move id="335" source="E5" target="F5"/>
  <move id="336" source="F6" target="E6"/>
  <move id="337" source="D3" target="E3"/>
  <move id="338" source="H7" target="G7"/>
  <move id="339" source="H2" target="G2"/>
  <move id="340" source="G7" target="F7"/>
  <move id="341" source="F2" target="F3"/>
  <move id="342" source="F7" target="E7"/>
  <move id="343" source="G2" target="F2"/>
  <move id="344" source="E7" target="D7"/>
  <move id="345" source="F3" target="F4"/>
  <move id="346" source="D7" target="D8"/>
  <move id="347" source="H1" target="H2"/>
  <move id="348" source="D8" target="C8"/>
  <move id="349" source="H2" target="G2"/>
  <move id="350" source="C8" target="B8"/>
  <move id="351" source="G2" target="G3"/>
  <move id="352" source="B8" target="B7"/>
  <move id="353" source="E3" target="E4"/>
  <move id="354" source="B7" target="B6"/>
  <move id="355" source="G3" target="F3"/>
  <move id="356" source="B6" target="B5"/>
  <move id="357" source="F3" target="E3"/>
  <move id="358" source="B5" target="B4"/>
  <move id="359" source="E3" target="E2"/>
  <move id="360" source="B4" target="B3"/>
  <move id="361" source="E4" target="D4"/>
  <move id="362" source="B3" target="C3"/>
  <move id="363" source="F4" target="E4"/>
  <move id="364" source="H:" target="H9"/>
  <move id="365" source="E4" target="E3"/>
  <move id="366" source="H9" target="H8"/>
  <move id="367" source="E1" target="D1"/>
  <move id="368" source="H8" target="G8"/>
  <move id="369" source="D1" target="D2"/>
  <move id="370" source="G8" target="F8"/>
  <move id="371" source="D4" target="C4"/>
  <move id="372" source="C3" target="C2"/>
  <move id="373" source="D2" target="C2"/>
  <move id="374" source="F8" target="E8"/>
  <move id="375" source="C2" target="D2"/>
  <move id="376" source="E8" target="D8"/>
  <move id="377" source="D2" target="D1"/>
  <move id="378" source="D8" target="C8"/>
  <move id="379" source="E2" target="D2"/>
  <move id="380" source="C8" target="B8"/>
  <move id="381" source="D2" target="C2"/>
  <move id="382" source="B8" target="B7"/>
  <move id="383" source="C2" target="B2"/>
  <move id="384" source="B7" target="B6"/>
  <move id="385" source="B2" target="B3"/>
  <move id="386" source="B6" target="B5"/>
  <move id="387" source="E3" target="D3"/>
  <move id="388" source="B5" target="A5"/>
  <move id="389" source="C4" target="B4"/>
  <move id="390" source="E6" target="E7"/>
  <move id="391" source="F5" target="F6"/>
  <move id="392" source="E7" target="D7"/>
  <move id="393" source="F6" target="E6"/>
  <move id="394" source="D7" target="C7"/>
  <move id="395" source="E6" target="E5"/>
  <move id="396" source="C7" target="B7"/>
  <move id="397" source="B4" target="A4"/>
  <move id="398" source="A5" target="B5"/>
  <move id="399" source="E5" target="E4"/>
  <move id="400" source="B7" target="A7"/>
  <move id="401" source="E4" target="D4"/>
  <move id="402" source="A7" target="B7"/>
  <move id="403" source="D4" target="E4"/>
  <move id="404" source="B7" target="B6"/>
  <move id="405" source="E4" target="D4"/>
  <move id="406" source="B6" target="B7"/>
  <move id="407" source="D4" target="E4"/>
  <move id="408" source="B5" target="B6"/>
  <move id="409" source="B3" target="B2"/>
  <move id="410" source="B7" target="C7"/>
  <move id="411" source="E4" target="E5"/>
  <move id="412" source="B6" target="B7"/>
  <move id="413" source="D3" target="D2"/>
  <move id="414" source="B7" target="B8"/>
  <move id="415" source="D2" target="E2"/>
  <move id="416" source="C7" target="B7"/>
  <move id="417" source="A4" target="A5"/>
  <move id="418" source="B7" target="B6"/>
  <move id="419" source="E5" target="E4"/>
  <move id="420" source="K6" target="K7"/>
  <move id="421" source="B2" target="C2"/>
  <move id="422" source="K7" target="I7"/>
  <move id="423" source="I5" target="K5"/>
  <move id="424" source="I7" target="H7"/>
  <move id="425" source="F2" target="G2"/>
  <move id="426" source="H7" target="G7"/>
  <move id="427" source="E2" target="F2"/>
  <move id="428" source="G7" target="F7"/>
  <move id="429" source="D1" target="E1"/>
  <move id="430" source="B6" target="B5"/>
  <move id="431" source="A5" target="A6"/>
  <move id="432" source="B5" target="B4"/>
  <move id="433" source="A6" target="A7"/>
  <move id="434" source="B4" target="B3"/>
  <move id="435" source="A7" target="B7"/>
  <move id="436" source="B3" target="C3"/>
  <move id="437" source="B7" target="C7"/>
  <move id="438" source="C3" target="C2"/>
  <move id="439" source="C7" target="D7"/>
  <move id="440" source="C2" target="D2"/>
  <move id="441" source="E4" target="E3"/>
  <move id="442" source="F7" target="F6"/>
  <move id="443" source="D7" target="E7"/>
  <move id="444" source="F6" target="F5"/>
  <move id="445" source="E7" target="E6"/>
  <move id="446" source="D2" target="E2"/>
  <move id="447" source="E6" target="F6"/>
  <move id="448" source="E2" target="F2"/>
  <move id="449" source="F6" target="F5"/>
  <move id="450" source="G:" target="F:"/>
  <move id="451" source="G2" target="G3"/>
  <move id="452" source="F:" target="F9"/>
  <move id="453" source="G3" target="G4"/>
  <move id="454" source="F9" target="F8"/>
  <move id="455" source="G4" target="F4"/>
  <move id="456" source="F8" target="F7"/>
  <move id="457" source="E1" target="D1"/>
  <move id="458" source="B8" target="B7"/>
  <move id="459" source="K5" target="K6"/>
  <move id="460" source="B7" target="B6"/>
  <move id="461" source="K6" target="I6"/>
  <move id="462" source="B6" target="B5"/>
  <move id="463" source="I6" target="I7"/>
  <move id="464" source="B5" target="B4"/>
  <move id="465" source="I7" target="H7"/>
  <move id="466" source="B4" target="B3"/>
  <move id="467" source="H7" target="G7"/>
  <move id="468" source="F7" target="F8"/>
  <move id="469" source="G7" target="F7"/>
  <move id="470" source="F8" target="F9"/>
  <move id="471" source="F7" target="E7"/>
  <move id="472" source="B3" target="B2"/>
  <move id="473" source="E7" target="E6"/>
  <move id="474" source="B2" target="C2"/>
  <move id="475" source="D1" target="E1"/>
  <move id="476" source="C2" target="D2"/>
  <move id="477" source="E3" target="E2"/>
  <move id="478" source="F2" target="F3"/>
  <move id="479" source="F4" target="E4"/>
  <move id="480" source="F3" target="E3"/>
  <move id="481" source="E2" target="D2"/>
  <move id="482" source="E3" target="E4"/>
  <move id="483" source="D2" target="E2"/>
  <move id="484" source="F9" target="F1"/>
  <player id="1">Player 1</player>
  <player id="2">Player 2</player>
  <result type="1" winner="2"/>
 </game>
</stratego>