<?xml version="1.0" encoding="UTF-8"?>
<stratego>
 <game type="classic">
  
  <field content="EEBFMFBDEEHDJBFBHGJDDFHELBCIDHGDIBIGKDGDAA__AA__AAAA__AA__AATSUXTUWNTSYPPPPPQRPNQPVTNNOVPRQSNQRRUNSQ"/>
  <move id="1" source="I4" target="I5"/>
  <move id="2" source="I7" target="I6"/>
  <move id="3" source="B4" target="B7"/>
  <move id="4" source="I6" target="I5"/>
  <move id="5" source="B3" target="B4"/>
  <move id="6" source="A7" target="A6"/>
  <move id="7" source="B4" target="B5"/>
  <move id="8" source="I5" target="I6"/>
  <move id="9" source="B5" target="A5"/>
  <move id="10" source="I6" target="K6"/>
  <move id="11" source="A5" target="A6"/>
  <move id="12" source="B7" target="A7"/>
  <move id="13" source="K4" target="I4"/>
  <move id="14" source="I8" target="I4"/>
  <move id="15" source="K3" target="K4"/>
  <move id="16" source="I9" target="I8"/>
  <move id="17" source="K4" target="K5"/>
  <move id="18" source="I8" target="I7"/>
  <move id="19" source="K5" target="K6"/>
  <move id="20" source="I7" target="I6"/>
  <move id="21" source="C3" target="B3"/>
  <move id="22" source="B8" target="B3"/>
  <move id="23" source="B3" target="B4"/>
  <move id="24" source="I6" target="I5"/>
  <move id="25" source="B4" target="B5"/>
  <move id="26" source="I5" target="I4"/>
  <move id="27" source="B5" target="B6"/>
  <move id="28" source="I4" target="H4"/>
  <move id="29" source="B6" target="A6"/>
  <move id="30" source="C8" target="B8"/>
  <move id="31" source="A4" target="B4"/>
  <move id="32" source="B8" target="B7"/>
  <move id="33" source="I3" target="K3"/>
  <move id="34" source="C9" target="C8"/>
  <move id="35" source="H3" target="I3"/>
  <move id="36" source="C8" target="B8"/>
  <move id="37" source="H2" target="H3"/>
  <move id="38" source="D8" target="C8"/>
  <move id="39" source="H3" target="H4"/>
  <move id="40" source="C8" target="C9"/>
  <move id="41" source="H4" target="I4"/>
  <move id="42" source="B7" target="B6"/>
  <move id="43" source="I4" target="I5"/>
  <move id="44" source="B6" target="A6"/>
  <move id="45" source="I5" target="I6"/>
  <move id="46" source="B8" target="B7"/>
  <move id="47" source="I6" target="I7"/>
  <move id="48" source="B7" target="B6"/>
  <move id="49" source="I7" target="H7"/>
  <move id="50" source="B6" target="B5"/>
  <move id="51" source="G2" target="H2"/>
  <move id="52" source="B5" target="A5"/>
  <move id="53" source="H2" target="H3"/>
  <move id="54" source="A5" target="A4"/>
  <move id="55" source="H3" target="H4"/>
  <move id="56" source="A6" target="A5"/>
  <move id="57" source="H4" target="I4"/>
  <move id="58" source="A5" target="B5"/>
  <move id="59" source="I4" target="I5"/>
  <move id="60" source="A4" target="B4"/>
  <move id="61" source="K3" target="K7"/>
  <move id="62" source="B4" target="A4"/>
  <move id="63" source="I5" target="I6"/>
  <move id="64" source="A4" target="A5"/>
  <move id="65" source="I6" target="I7"/>
  <move id="66" source="A5" target="A6"/>
  <move id="67" source="I7" target="K7"/>
  <move id="68" source="B5" target="B4"/>
  <move id="69" source="K7" target="I7"/>
  <move id="70" source="B4" target="B3"/>
  <move id="71" source="K2" target="K8"/>
  <move id="72" source="B3" target="C3"/>
  <move id="73" source="C2" target="C3"/>
  <move id="74" source="B9" target="B4"/>
  <move id="75" source="I7" target="I8"/>
  <move id="76" source="B4" target="C4"/>
  <move id="77" source="I8" target="H8"/>
  <move id="78" source="H9" target="H8"/>
  <move id="79" source="G4" target="H4"/>
  <move id="80" source="H8" target="H9"/>
  <move id="81" source="H4" target="I4"/>
  <move id="82" source="G8" target="H8"/>
  <move id="83" source="I4" target="H4"/>
  <move id="84" source="H8" target="I8"/>
  <move id="85" source="C3" target="B3"/>
  <move id="86" source="I8" target="I7"/>
  <move id="87" source="B3" target="B4"/>
  <move id="88" source="I7" target="I6"/>
  <move id="89" source="B4" target="B5"/>
  <move id="90" source="I6" target="I5"/>
  <move id="91" source="B5" target="B6"/>
  <move id="92" source="A6" target="B6"/>
  <move id="93" source="H4" target="G4"/>
  <move id="94" source="I5" target="I4"/>
  <move id="95" source="I3" target="H3"/>
  <move id="96" source="I4" target="H4"/>
  <move id="97" source="H3" target="I3"/>
  <move id="98" source="H4" target="G4"/>
  <move id="99" source="G4" target="H4"/>
  <move id="100" source="G7" target="G8"/>
  <move id="101" source="D3" target="C3"/>
  <move id="102" source="G8" target="H8"/>
  <move id="103" source="C3" target="C2"/>
  <move id="104" source="H8" target="I8"/>
  <move id="105" source="H4" target="G4"/>
  <move id="106" source="D7" target="D8"/>
  <move id="107" source="C4" target="B4"/>
  <move id="108" source="D8" target="C8"/>
  <move id="109" source="B4" target="B5"/>
  <move id="110" source="C8" target="B8"/>
  <move id="111" source="B5" target="B6"/>
  <move id="112" source="B8" target="B7"/>
  <move id="113" source="B6" target="B5"/>
  <move id="114" source="B7" target="B6"/>
  <move id="115" source="B5" target="B4"/>
  <move id="116" source="B6" target="B5"/>
  <move id="117" source="B4" target="C4"/>
  <move id="118" source="B5" target="B4"/>
  <move id="119" source="C4" target="C3"/>
  <move id="120" source="F7" target="G7"/>
  <move id="121" source="I3" target="I4"/>
  <move id="122" source="I8" target="I9"/>
  <move id="123" source="I4" target="I5"/>
  <move id="124" source="F8" target="I8"/>
  <move id="125" source="I5" target="I6"/>
  <move id="126" source="G9" target="G8"/>
  <move id="127" source="I6" target="I7"/>
  <move id="128" source="G8" target="H8"/>
  <move id="129" source="F4" target="F5"/>
  <move id="130" source="E8" target="F8"/>
  <move id="131" source="F5" target="F6"/>
  <move id="132" source="F8" target="F7"/>
  <move id="133" source="F6" target="F7"/>
  <move id="134" source="E7" target="F7"/>
  <move id="135" source="G4" target="F4"/>
  <move id="136" source="I8" target="I7"/>
  <move id="137" source="F4" target="F5"/>
  <move id="138" source="I9" target="I8"/>
  <move id="139" source="I7" target="I6"/>
  <move id="140" source="I8" target="I7"/>
  <move id="141" source="I6" target="I5"/>
  <move id="142" source="F7" target="F8"/>
  <move id="143" source="F5" target="F6"/>
  <move id="144" source="I7" target="I8"/>
  <move id="145" source="F6" target="F7"/>
  <move id="146" source="H9" target="I9"/>
  <move id="147" source="E4" target="E5"/>
  <move id="148" source="C9" target="C8"/>
  <move id="149" source="E5" target="E6"/>
  <move id="150" source="B4" target="C4"/>
  <move id="151" source="E6" target="E7"/>
  <move id="152" source="C8" target="D8"/>
  <move id="153" source="H1" target="H2"/>
  <move id="154" source="D8" target="E8"/>
  <move id="155" source="H2" target="H3"/>
  <move id="156" source="H8" target="H9"/>
  <move id="157" source="H3" target="I3"/>
  <move id="158" source="I8" target="H8"/>
  <move id="159" source="I5" target="I6"/>
  <move id="160" source="H8" target="G8"/>
  <move id="161" source="I6" target="I7"/>
  <move id="162" source="G8" target="G9"/>
  <move id="163" source="I7" target="I8"/>
  <move id="164" source="I9" target="I8"/>
  <move id="165" source="E7" target="D7"/>
  <move id="166" source="F8" target="G8"/>
  <move id="167" source="F7" target="E7"/>
  <move id="168" source="G8" target="H8"/>
  <move id="169" source="E7" target="E8"/>
  <move id="170" source="G9" target="G8"/>
  <move id="171" source="D7" target="D8"/>
  <move id="172" source="G8" target="F8"/>
  <move id="173" source="E8" target="E7"/>
  <move id="174" source="F8" target="F7"/>
  <move id="175" source="E7" target="E6"/>
  <move id="176" source="F7" target="F6"/>
  <move id="177" source="E6" target="E5"/>
  <move id="178" source="F6" target="F5"/>
  <move id="179" source="E5" target="E6"/>
  <move id="180" source="C4" target="B4"/>
  <move id="181" source="D8" target="C8"/>
  <move id="182" source="B4" target="B5"/>
  <move id="183" source="C8" target="B8"/>
  <move id="184" source="B5" target="B6"/>
  <move id="185" source="B8" target="A8"/>
  <player id="1">Player 1</player>
  <player id="2">Player 2</player>
  <result type="1" winner="1"/>
 </game>
</stratego>