<?xml version="1.0" encoding="UTF-8"?>
<stratego>
 <game type="classic">
  
  <field content="EEBMBDEHEEBHIBCIDBHBJDFFKDFDIJGDGLHDGFDGAA__AA__AAAA__AA__AATSPPUNUOSPVSPPNRNTWVQXUTQNYNSQPQRTRRNPQP"/>
  <move id="1" source="I4" target="I5"/>
  <move id="2" source="B7" target="B6"/>
  <move id="3" source="F4" target="F5"/>
  <move id="4" source="B6" target="A6"/>
  <move id="5" source="F5" target="E5"/>
  <move id="6" source="B8" target="B7"/>
  <move id="7" source="E5" target="E6"/>
  <move id="8" source="B9" target="B8"/>
  <move id="9" source="I5" target="I6"/>
  <move id="10" source="K7" target="K4"/>
  <move id="11" source="I6" target="I7"/>
  <move id="12" source="B7" target="B6"/>
  <move id="13" source="H4" target="I4"/>
  <move id="14" source="B8" target="B7"/>
  <move id="15" source="I4" target="I5"/>
  <move id="16" source="B6" target="B5"/>
  <move id="17" source="I5" target="K5"/>
  <move id="18" source="A6" target="B6"/>
  <move id="19" source="G4" target="F4"/>
  <move id="20" source="A7" target="A6"/>
  <move id="21" source="F4" target="F5"/>
  <move id="22" source="A6" target="A5"/>
  <move id="23" source="F5" target="E5"/>
  <move id="24" source="A5" target="A4"/>
  <move id="25" source="B4" target="B5"/>
  <move id="26" source="B6" target="A6"/>
  <move id="27" source="A3" target="A4"/>
  <move id="28" source="B7" target="B6"/>
  <move id="29" source="A4" target="A5"/>
  <move id="30" source="B5" target="B4"/>
  <move id="31" source="A5" target="B5"/>
  <move id="32" source="B6" target="B5"/>
  <move id="33" source="C4" target="B4"/>
  <move id="34" source="A6" target="A5"/>
  <move id="35" source="E4" target="F4"/>
  <move id="36" source="A5" target="A4"/>
  <move id="37" source="F4" target="F5"/>
  <move id="38" source="A4" target="B4"/>
  <move id="39" source="D4" target="E4"/>
  <move id="40" source="B4" target="B3"/>
  <move id="41" source="E4" target="F4"/>
  <move id="42" source="B3" target="B2"/>
  <move id="43" source="F5" target="F6"/>
  <move id="44" source="C7" target="A7"/>
  <move id="45" source="F6" target="F7"/>
  <move id="46" source="A7" target="A2"/>
  <move id="47" source="E6" target="E7"/>
  <move id="48" source="B5" target="A5"/>
  <move id="49" source="E5" target="E6"/>
  <move id="50" source="D7" target="B7"/>
  <move id="51" source="C3" target="C4"/>
  <move id="52" source="A5" target="A4"/>
  <move id="53" source="C4" target="B4"/>
  <move id="54" source="A4" target="B4"/>
  <move id="55" source="E6" target="F6"/>
  <move id="56" source="B4" target="A4"/>
  <move id="57" source="K5" target="K6"/>
  <move id="58" source="A4" target="A3"/>
  <move id="59" source="K6" target="K7"/>
  <move id="60" source="B7" target="B3"/>
  <move id="61" source="K7" target="K8"/>
  <move id="62" source="B3" target="C3"/>
  <move id="63" source="D3" target="C3"/>
  <move id="64" source="A3" target="B3"/>
  <move id="65" source="C3" target="C4"/>
  <move id="66" source="A8" target="A7"/>
  <move id="67" source="E3" target="D3"/>
  <move id="68" source="A7" target="A6"/>
  <move id="69" source="F4" target="E4"/>
  <move id="70" source="A6" target="A5"/>
  <move id="71" source="E4" target="D4"/>
  <move id="72" source="A5" target="A4"/>
  <move id="73" source="E2" target="E3"/>
  <move id="74" source="B3" target="B4"/>
  <move id="75" source="C4" target="C3"/>
  <move id="76" source="A4" target="A3"/>
  <move id="77" source="D4" target="E4"/>
  <move id="78" source="A3" target="B3"/>
  <move id="79" source="K4" target="I4"/>
  <move id="80" source="B3" target="B2"/>
  <move id="81" source="K3" target="K4"/>
  <move id="82" source="B4" target="C4"/>
  <move id="83" source="K4" target="K5"/>
  <move id="84" source="B2" target="B3"/>
  <move id="85" source="K5" target="I5"/>
  <move id="86" source="B3" target="C3"/>
  <move id="87" source="I5" target="I6"/>
  <move id="88" source="C8" target="B8"/>
  <move id="89" source="I6" target="I7"/>
  <move id="90" source="I8" target="I7"/>
  <move id="91" source="E4" target="E5"/>
  <move id="92" source="B8" target="B2"/>
  <move id="93" source="E5" target="E6"/>
  <move id="94" source="B2" target="C2"/>
  <move id="95" source="E6" target="E7"/>
  <move id="96" source="C3" target="C2"/>
  <move id="97" source="E7" target="E6"/>
  <move id="98" source="D8" target="B8"/>
  <move id="99" source="E6" target="E5"/>
  <move id="100" source="B8" target="B3"/>
  <move id="101" source="F6" target="E6"/>
  <move id="102" source="B3" target="D3"/>
  <move id="103" source="E6" target="E7"/>
  <move id="104" source="A9" target="A8"/>
  <move id="105" source="E7" target="D7"/>
  <move id="106" source="A8" target="A7"/>
  <move id="107" source="D7" target="C7"/>
  <move id="108" source="A7" target="A6"/>
  <move id="109" source="C7" target="C8"/>
  <move id="110" source="A6" target="A5"/>
  <move id="111" source="E5" target="E6"/>
  <move id="112" source="A5" target="A4"/>
  <move id="113" source="E6" target="E7"/>
  <move id="114" source="A4" target="A3"/>
  <move id="115" source="E7" target="D7"/>
  <move id="116" source="A3" target="A2"/>
  <move id="117" source="D7" target="C7"/>
  <move id="118" source="A2" target="A1"/>
  <move id="119" source="C7" target="B7"/>
  <move id="120" source="A:" target="A1"/>
  <move id="121" source="B7" target="B6"/>
  <move id="122" source="A1" target="B1"/>
  <move id="123" source="B6" target="B5"/>
  <move id="124" source="C2" target="B2"/>
  <move id="125" source="C8" target="C9"/>
  <move id="126" source="B2" target="B1"/>
  <move id="127" source="B5" target="B4"/>
  <move id="128" source="C4" target="C3"/>
  <move id="129" source="B4" target="B3"/>
  <move id="130" source="C3" target="B3"/>
  <move id="131" source="D3" target="C3"/>
  <move id="132" source="B1" target="B2"/>
  <move id="133" source="E3" target="E4"/>
  <move id="134" source="K8" target="K7"/>
  <move id="135" source="C3" target="B3"/>
  <move id="136" source="B2" target="C2"/>
  <move id="137" source="B3" target="C3"/>
  <move id="138" source="C2" target="B2"/>
  <move id="139" source="E4" target="E5"/>
  <move id="140" source="K7" target="K6"/>
  <move id="141" source="E5" target="E6"/>
  <move id="142" source="K6" target="K5"/>
  <move id="143" source="I4" target="H4"/>
  <move id="144" source="K5" target="I5"/>
  <move id="145" source="H4" target="G4"/>
  <move id="146" source="I5" target="I4"/>
  <move id="147" source="I3" target="I4"/>
  <move id="148" source="I4" target="H4"/>
  <player id="1">Player 1</player>
  <player id="2">Player 2</player>
  <result type="3" winner="2"/>
 </game>
</stratego>