<?xml version="1.0" encoding="UTF-8"?>
<stratego>
 <game type="classic">
  
  <field content="FBMEDDDHDEHEBCJIBFBFBGDKGHGJIGFBIEDDELHDAA__AA__AAAA__AA__AAPTUSQPTSPSPQPRNPNWNRSVXORNQURVPTQUYNTPNQ"/>
  <move id="1" source="F4" target="F7"/>
  <move id="2" source="K7" target="K6"/>
  <move id="3" source="E4" target="E7"/>
  <move id="4" source="K6" target="K5"/>
  <move id="5" source="E3" target="E4"/>
  <move id="6" source="G7" target="F7"/>
  <move id="7" source="F3" target="F4"/>
  <move id="8" source="F7" target="F6"/>
  <move id="9" source="E4" target="E5"/>
  <move id="10" source="F6" target="E6"/>
  <move id="11" source="F4" target="E4"/>
  <move id="12" source="E6" target="E5"/>
  <move id="13" source="E4" target="E5"/>
  <move id="14" source="E7" target="E6"/>
  <move id="15" source="G3" target="F3"/>
  <move id="16" source="E6" target="E5"/>
  <move id="17" source="G4" target="F4"/>
  <move id="18" source="I7" target="I4"/>
  <move id="19" source="F3" target="E3"/>
  <move id="20" source="B7" target="B6"/>
  <move id="21" source="K4" target="K5"/>
  <move id="22" source="H7" target="I7"/>
  <move id="23" source="I4" target="I5"/>
  <move id="24" source="K5" target="K6"/>
  <move id="25" source="I5" target="K5"/>
  <move id="26" source="K6" target="I6"/>
  <move id="27" source="K5" target="I5"/>
  <move id="28" source="I6" target="K6"/>
  <move id="29" source="I5" target="K5"/>
  <move id="30" source="K6" target="K7"/>
  <move id="31" source="K5" target="K6"/>
  <move id="32" source="B6" target="B5"/>
  <move id="33" source="H4" target="I4"/>
  <move id="34" source="B5" target="B4"/>
  <move id="35" source="I4" target="I5"/>
  <move id="36" source="B8" target="B7"/>
  <move id="37" source="I5" target="I6"/>
  <move id="38" source="B7" target="B6"/>
  <move id="39" source="F4" target="F5"/>
  <move id="40" source="E5" target="E4"/>
  <move id="41" source="F5" target="F6"/>
  <move id="42" source="E4" target="D4"/>
  <move id="43" source="F6" target="F7"/>
  <move id="44" source="B6" target="B5"/>
  <move id="45" source="F7" target="F8"/>
  <move id="46" source="A7" target="A4"/>
  <move id="47" source="F8" target="F9"/>
  <move id="48" source="G9" target="F9"/>
  <move id="49" source="F2" target="F3"/>
  <move id="50" source="H8" target="H7"/>
  <move id="51" source="F3" target="G3"/>
  <move id="52" source="C7" target="B7"/>
  <move id="53" source="F1" target="F:"/>
  <move id="54" source="B7" target="B6"/>
  <move id="55" source="G1" target="F1"/>
  <move id="56" source="B6" target="A6"/>
  <move id="57" source="F1" target="F7"/>
  <move id="58" source="A6" target="A5"/>
  <move id="59" source="F7" target="H7"/>
  <move id="60" source="A5" target="A4"/>
  <move id="61" source="K6" target="K7"/>
  <move id="62" source="B5" target="B4"/>
  <move id="63" source="I6" target="I7"/>
  <move id="64" source="H7" target="G7"/>
  <move id="65" source="I7" target="I6"/>
  <move id="66" source="B4" target="B3"/>
  <move id="67" source="I6" target="I5"/>
  <move id="68" source="A4" target="A3"/>
  <move id="69" source="D3" target="D4"/>
  <move id="70" source="C8" target="B8"/>
  <move id="71" source="D4" target="E4"/>
  <move id="72" source="D7" target="C7"/>
  <move id="73" source="C4" target="D4"/>
  <move id="74" source="C7" target="B7"/>
  <move id="75" source="C3" target="C4"/>
  <move id="76" source="C9" target="C8"/>
  <move id="77" source="I5" target="I4"/>
  <move id="78" source="C8" target="C7"/>
  <move id="79" source="E4" target="E5"/>
  <move id="80" source="C7" target="D7"/>
  <move id="81" source="E5" target="F5"/>
  <move id="82" source="D7" target="E7"/>
  <move id="83" source="I4" target="H4"/>
  <move id="84" source="E7" target="E6"/>
  <move id="85" source="H4" target="G4"/>
  <move id="86" source="D8" target="D7"/>
  <move id="87" source="G4" target="F4"/>
  <move id="88" source="D7" target="E7"/>
  <move id="89" source="F4" target="E4"/>
  <move id="90" source="E7" target="F7"/>
  <move id="91" source="C4" target="B4"/>
  <move id="92" source="F7" target="F6"/>
  <move id="93" source="F5" target="F4"/>
  <move id="94" source="G7" target="H7"/>
  <move id="95" source="F4" target="G4"/>
  <move id="96" source="H7" target="I7"/>
  <move id="97" source="K7" target="K6"/>
  <move id="98" source="I7" target="I6"/>
  <move id="99" source="K6" target="K7"/>
  <move id="100" source="I6" target="K6"/>
  <move id="101" source="K7" target="I7"/>
  <move id="102" source="K6" target="K7"/>
  <move id="103" source="I7" target="I6"/>
  <move id="104" source="K7" target="I7"/>
  <move id="105" source="I6" target="K6"/>
  <move id="106" source="F6" target="F5"/>
  <move id="107" source="G4" target="H4"/>
  <move id="108" source="I7" target="H7"/>
  <move id="109" source="E3" target="F3"/>
  <move id="110" source="H7" target="G7"/>
  <move id="111" source="E2" target="F2"/>
  <move id="112" source="B7" target="C7"/>
  <move id="113" source="D4" target="D3"/>
  <move id="114" source="C7" target="C8"/>
  <move id="115" source="F3" target="F4"/>
  <move id="116" source="F5" target="F6"/>
  <move id="117" source="E4" target="D4"/>
  <move id="118" source="C8" target="C9"/>
  <move id="119" source="E1" target="E6"/>
  <move id="120" source="E6" target="E7"/>
  <move id="121" source="D4" target="E4"/>
  <move id="122" source="E7" target="D7"/>
  <move id="123" source="F4" target="F3"/>
  <move id="124" source="D7" target="C7"/>
  <move id="125" source="H4" target="G4"/>
  <move id="126" source="C7" target="B7"/>
  <move id="127" source="G4" target="F4"/>
  <move id="128" source="B7" target="B6"/>
  <move id="129" source="E4" target="D4"/>
  <move id="130" source="B6" target="B5"/>
  <move id="131" source="D4" target="C4"/>
  <move id="132" source="F6" target="E6"/>
  <move id="133" source="F4" target="F5"/>
  <move id="134" source="G7" target="F7"/>
  <move id="135" source="F2" target="E2"/>
  <move id="136" source="E6" target="E7"/>
  <move id="137" source="E2" target="E3"/>
  <move id="138" source="E7" target="D7"/>
  <move id="139" source="F5" target="F6"/>
  <move id="140" source="F7" target="E7"/>
  <move id="141" source="F6" target="E6"/>
  <move id="142" source="D7" target="D8"/>
  <move id="143" source="E6" target="E7"/>
  <move id="144" source="D8" target="D7"/>
  <move id="145" source="E3" target="E4"/>
  <move id="146" source="D7" target="E7"/>
  <move id="147" source="E4" target="E5"/>
  <move id="148" source="E7" target="E6"/>
  <move id="149" source="H3" target="H4"/>
  <move id="150" source="E6" target="F6"/>
  <move id="151" source="H4" target="I4"/>
  <move id="152" source="F6" target="F5"/>
  <move id="153" source="E5" target="F5"/>
  <move id="154" source="K8" target="K7"/>
  <move id="155" source="K6" target="I6"/>
  <move id="156" source="K7" target="I7"/>
  <move id="157" source="I6" target="K6"/>
  <move id="158" source="I7" target="H7"/>
  <move id="159" source="F5" target="F6"/>
  <move id="160" source="H7" target="G7"/>
  <move id="161" source="I4" target="I5"/>
  <move id="162" source="G7" target="F7"/>
  <move id="163" source="F6" target="F7"/>
  <move id="164" source="C9" target="C8"/>
  <move id="165" source="F7" target="E7"/>
  <move id="166" source="C8" target="C7"/>
  <move id="167" source="I5" target="I6"/>
  <move id="168" source="C7" target="B7"/>
  <move id="169" source="I6" target="I7"/>
  <move id="170" source="B7" target="A7"/>
  <move id="171" source="B4" target="A4"/>
  <move id="172" source="B5" target="B6"/>
  <move id="173" source="F3" target="F4"/>
  <move id="174" source="B6" target="B7"/>
  <move id="175" source="D2" target="E2"/>
  <move id="176" source="B7" target="C7"/>
  <move id="177" source="E7" target="E6"/>
  <move id="178" source="C7" target="D7"/>
  <move id="179" source="E6" target="E5"/>
  <move id="180" source="D7" target="E7"/>
  <move id="181" source="E2" target="E3"/>
  <move id="182" source="E7" target="F7"/>
  <move id="183" source="I7" target="I6"/>
  <move id="184" source="F7" target="G7"/>
  <move id="185" source="I6" target="I5"/>
  <move id="186" source="G7" target="H7"/>
  <move id="187" source="I5" target="I4"/>
  <move id="188" source="H7" target="I7"/>
  <move id="189" source="I4" target="H4"/>
  <move id="190" source="I7" target="I6"/>
  <move id="191" source="K6" target="K7"/>
  <move id="192" source="K9" target="K8"/>
  <move id="193" source="E3" target="F3"/>
  <move id="194" source="K8" target="K7"/>
  <move id="195" source="E5" target="E6"/>
  <move id="196" source="K7" target="K6"/>
  <move id="197" source="E6" target="E7"/>
  <move id="198" source="K6" target="K5"/>
  <move id="199" source="E7" target="D7"/>
  <move id="200" source="K5" target="K4"/>
  <move id="201" source="D7" target="C7"/>
  <move id="202" source="A7" target="A6"/>
  <move id="203" source="C4" target="B4"/>
  <move id="204" source="A6" target="A5"/>
  <move id="205" source="C7" target="B7"/>
  <move id="206" source="K4" target="I4"/>
  <move id="207" source="H4" target="I4"/>
  <move id="208" source="I6" target="I5"/>
  <move id="209" source="B7" target="B6"/>
  <move id="210" source="I5" target="I4"/>
  <move id="211" source="A4" target="A5"/>
  <move id="212" source="I4" target="I3"/>
  <move id="213" source="B6" target="A6"/>
  <move id="214" source="K:" target="K9"/>
  <move id="215" source="A6" target="A5"/>
  <move id="216" source="K9" target="K8"/>
  <move id="217" source="A5" target="A6"/>
  <move id="218" source="K8" target="K7"/>
  <move id="219" source="A6" target="A7"/>
  <move id="220" source="K7" target="K6"/>
  <move id="221" source="B4" target="C4"/>
  <move id="222" source="K6" target="K5"/>
  <move id="223" source="C4" target="D4"/>
  <move id="224" source="K5" target="K4"/>
  <move id="225" source="F4" target="F5"/>
  <move id="226" source="K4" target="K3"/>
  <move id="227" source="K3" target="K4"/>
  <move id="228" source="H9" target="H8"/>
  <move id="229" source="D4" target="E4"/>
  <move id="230" source="I3" target="I4"/>
  <move id="231" source="K4" target="K3"/>
  <move id="232" source="I4" target="I5"/>
  <move id="233" source="E4" target="F4"/>
  <move id="234" source="I5" target="I6"/>
  <move id="235" source="B3" target="B4"/>
  <move id="236" source="I6" target="I7"/>
  <move id="237" source="F5" target="E5"/>
  <move id="238" source="I7" target="I6"/>
  <move id="239" source="K3" target="I3"/>
  <move id="240" source="I6" target="I5"/>
  <move id="241" source="I3" target="H3"/>
  <move id="242" source="I5" target="I4"/>
  <move id="243" source="F4" target="G4"/>
  <move id="244" source="H8" target="H7"/>
  <move id="245" source="G4" target="H4"/>
  <move id="246" source="I4" target="I3"/>
  <move id="247" source="A7" target="B7"/>
  <move id="248" source="H7" target="G7"/>
  <move id="249" source="B7" target="C7"/>
  <move id="250" source="G7" target="F7"/>
  <move id="251" source="C7" target="D7"/>
  <move id="252" source="F7" target="F6"/>
  <move id="253" source="H4" target="G4"/>
  <move id="254" source="F6" target="E6"/>
  <move id="255" source="E5" target="E4"/>
  <move id="256" source="E6" target="E5"/>
  <move id="257" source="G4" target="F4"/>
  <move id="258" source="I3" target="H3"/>
  <move id="259" source="D7" target="E7"/>
  <move id="260" source="H3" target="G3"/>
  <move id="261" source="F3" target="G3"/>
  <move id="262" source="E5" target="E4"/>
  <move id="263" source="F4" target="E4"/>
  <move id="264" source="G:" target="G9"/>
  <move id="265" source="E7" target="F7"/>
  <move id="266" source="G9" target="H9"/>
  <move id="267" source="F7" target="G7"/>
  <move id="268" source="H9" target="G9"/>
  <move id="269" source="G3" target="F3"/>
  <move id="270" source="B9" target="C9"/>
  <move id="271" source="F3" target="F4"/>
  <move id="272" source="C9" target="C8"/>
  <move id="273" source="F4" target="F5"/>
  <move id="274" source="C8" target="C7"/>
  <move id="275" source="F5" target="F6"/>
  <move id="276" source="C7" target="B7"/>
  <move id="277" source="F6" target="F7"/>
  <move id="278" source="B7" target="B6"/>
  <move id="279" source="E4" target="D4"/>
  <move id="280" source="B6" target="B5"/>
  <move id="281" source="D4" target="C4"/>
  <move id="282" source="G9" target="F9"/>
  <move id="283" source="F7" target="E7"/>
  <move id="284" source="F9" target="F8"/>
  <move id="285" source="E7" target="D7"/>
  <move id="286" source="F8" target="F9"/>
  <move id="287" source="D7" target="D8"/>
  <move id="288" source="B8" target="D8"/>
  <move id="289" source="H2" target="H3"/>
  <move id="290" source="D8" target="D7"/>
  <move id="291" source="G7" target="F7"/>
  <move id="292" source="F9" target="G9"/>
  <move id="293" source="H3" target="G3"/>
  <move id="294" source="G9" target="H9"/>
  <move id="295" source="F7" target="G7"/>
  <move id="296" source="H9" target="H8"/>
  <move id="297" source="G3" target="F3"/>
  <move id="298" source="D7" target="E7"/>
  <move id="299" source="F3" target="F4"/>
  <move id="300" source="E7" target="E2"/>
  <move id="301" source="D3" target="D2"/>
  <move id="302" source="E2" target="F2"/>
  <move id="303" source="F4" target="F3"/>
  <move id="304" source="F2" target="F1"/>
  <move id="305" source="F3" target="F2"/>
  <move id="306" source="F1" target="G1"/>
  <move id="307" source="F2" target="F1"/>
  <move id="308" source="G1" target="H1"/>
  <move id="309" source="F1" target="F2"/>
  <move id="310" source="C:" target="C9"/>
  <move id="311" source="F2" target="F3"/>
  <move id="312" source="C9" target="C8"/>
  <move id="313" source="F3" target="F4"/>
  <move id="314" source="C8" target="C7"/>
  <move id="315" source="F4" target="F5"/>
  <move id="316" source="C7" target="B7"/>
  <move id="317" source="F5" target="E5"/>
  <move id="318" source="B7" target="B6"/>
  <move id="319" source="E5" target="E6"/>
  <move id="320" source="B6" target="A6"/>
  <move id="321" source="E6" target="E7"/>
  <move id="322" source="A6" target="A5"/>
  <move id="323" source="E7" target="D7"/>
  <move id="324" source="A5" target="A4"/>
  <move id="325" source="D7" target="C7"/>
  <move id="326" source="A4" target="A3"/>
  <move id="327" source="A2" target="A3"/>
  <move id="328" source="B5" target="A5"/>
  <move id="329" source="A3" target="B3"/>
  <move id="330" source="A5" target="A4"/>
  <move id="331" source="B3" target="C3"/>
  <move id="332" source="A4" target="A3"/>
  <move id="333" source="C3" target="D3"/>
  <move id="334" source="A3" target="A2"/>
  <move id="335" source="C4" target="C3"/>
  <move id="336" source="A2" target="A3"/>
  <move id="337" source="B4" target="B5"/>
  <move id="338" source="A3" target="A4"/>
  <move id="339" source="C3" target="B3"/>
  <move id="340" source="A4" target="A5"/>
  <move id="341" source="B5" target="B4"/>
  <move id="342" source="A5" target="A6"/>
  <move id="343" source="C7" target="C8"/>
  <move id="344" source="D:" target="C:"/>
  <move id="345" source="C8" target="D8"/>
  <move id="346" source="D9" target="D:"/>
  <move id="347" source="D8" target="D9"/>
  <move id="348" source="A6" target="B6"/>
  <move id="349" source="D9" target="D:"/>
  <move id="350" source="C:" target="D:"/>
  <move id="351" source="G7" target="F7"/>
  <move id="352" source="B6" target="B7"/>
  <move id="353" source="F7" target="E7"/>
  <move id="354" source="B7" target="C7"/>
  <move id="355" source="B4" target="A4"/>
  <move id="356" source="C7" target="D7"/>
  <move id="357" source="B3" target="B4"/>
  <move id="358" source="D7" target="E7"/>
  <move id="359" source="B4" target="B5"/>
  <move id="360" source="D:" target="D9"/>
  <move id="361" source="B5" target="B6"/>
  <move id="362" source="D9" target="D8"/>
  <move id="363" source="D2" target="E2"/>
  <move id="364" source="D8" target="D7"/>
  <move id="365" source="E2" target="E3"/>
  <move id="366" source="D7" target="E7"/>
  <move id="367" source="E3" target="E4"/>
  <move id="368" source="H8" target="H7"/>
  <move id="369" source="B6" target="B7"/>
  <move id="370" source="H7" target="I7"/>
  <move id="371" source="B7" target="C7"/>
  <move id="372" source="I7" target="I6"/>
  <move id="373" source="C7" target="D7"/>
  <move id="374" source="E7" target="E6"/>
  <move id="375" source="D7" target="E7"/>
  <move id="376" source="E6" target="E5"/>
  <move id="377" source="E7" target="E6"/>
  <move id="378" source="E5" target="E4"/>
  <move id="379" source="E6" target="E5"/>
  <move id="380" source="I6" target="I5"/>
  <move id="381" source="E5" target="F5"/>
  <move id="382" source="I5" target="I4"/>
  <move id="383" source="H1" target="H2"/>
  <move id="384" source="I4" target="I3"/>
  <move id="385" source="I1" target="E1"/>
  <move id="386" source="B:" target="B9"/>
  <move id="387" source="D3" target="C3"/>
  <move id="388" source="B9" target="B8"/>
  <move id="389" source="C3" target="B3"/>
  <move id="390" source="B8" target="B7"/>
  <move id="391" source="B3" target="B4"/>
  <move id="392" source="B7" target="B6"/>
  <move id="393" source="K1" target="I1"/>
  <move id="394" source="B6" target="A6"/>
  <move id="395" source="I1" target="H1"/>
  <move id="396" source="A6" target="A5"/>
  <move id="397" source="A4" target="A3"/>
  <move id="398" source="I9" target="K9"/>
  <move id="399" source="H1" target="G1"/>
  <move id="400" source="K9" target="K8"/>
  <move id="401" source="G1" target="F1"/>
  <move id="402" source="K8" target="K7"/>
  <move id="403" source="F1" target="F2"/>
  <move id="404" source="A9" target="B9"/>
  <move id="405" source="F5" target="F4"/>
  <move id="406" source="I3" target="H3"/>
  <move id="407" source="H2" target="H3"/>
  <move id="408" source="K7" target="K6"/>
  <move id="409" source="F4" target="F5"/>
  <move id="410" source="K6" target="K5"/>
  <move id="411" source="F5" target="F6"/>
  <move id="412" source="K5" target="K4"/>
  <move id="413" source="A3" target="B3"/>
  <move id="414" source="K4" target="I4"/>
  <move id="415" source="F6" target="F5"/>
  <move id="416" source="I4" target="I3"/>
  <move id="417" source="F5" target="F4"/>
  <move id="418" source="I3" target="H3"/>
  <move id="419" source="F4" target="F3"/>
  <move id="420" source="H3" target="H2"/>
  <move id="421" source="F2" target="E2"/>
  <move id="422" source="H2" target="H1"/>
  <move id="423" source="F3" target="F2"/>
  <move id="424" source="H1" target="G1"/>
  <move id="425" source="E2" target="D2"/>
  <move id="426" source="B9" target="B8"/>
  <move id="427" source="E1" target="E4"/>
  <move id="428" source="B8" target="B7"/>
  <move id="429" source="E4" target="K4"/>
  <move id="430" source="B7" target="C7"/>
  <move id="431" source="B3" target="C3"/>
  <move id="432" source="C7" target="D7"/>
  <move id="433" source="D2" target="D3"/>
  <move id="434" source="D7" target="E7"/>
  <move id="435" source="D3" target="D4"/>
  <move id="436" source="E7" target="E6"/>
  <move id="437" source="C3" target="D3"/>
  <move id="438" source="E6" target="E5"/>
  <move id="439" source="D3" target="E3"/>
  <move id="440" source="A5" target="A6"/>
  <move id="441" source="B4" target="B5"/>
  <move id="442" source="G1" target="H1"/>
  <move id="443" source="K4" target="K7"/>
  <move id="444" source="H1" target="H2"/>
  <move id="445" source="K7" target="D7"/>
  <move id="446" source="H2" target="H3"/>
  <move id="447" source="D7" target="D:"/>
  <move id="448" source="A:" target="D:"/>
  <move id="449" source="F2" target="F3"/>
  <move id="450" source="H3" target="H4"/>
  <move id="451" source="E3" target="E4"/>
  <move id="452" source="E5" target="E6"/>
  <move id="453" source="E4" target="E5"/>
  <move id="454" source="E6" target="E7"/>
  <move id="455" source="K2" target="K1"/>
  <move id="456" source="E7" target="F7"/>
  <move id="457" source="K1" target="I1"/>
  <move id="458" source="F7" target="G7"/>
  <move id="459" source="E5" target="F5"/>
  <move id="460" source="G7" target="H7"/>
  <move id="461" source="D4" target="E4"/>
  <move id="462" source="H7" target="I7"/>
  <move id="463" source="E4" target="E5"/>
  <move id="464" source="I7" target="I6"/>
  <move id="465" source="E5" target="E6"/>
  <move id="466" source="I6" target="I5"/>
  <move id="467" source="F3" target="G3"/>
  <move id="468" source="I5" target="I6"/>
  <move id="469" source="E6" target="E7"/>
  <move id="470" source="I6" target="I7"/>
  <move id="471" source="E7" target="D7"/>
  <move id="472" source="I7" target="H7"/>
  <move id="473" source="D7" target="D8"/>
  <move id="474" source="H7" target="G7"/>
  <move id="475" source="D8" target="C8"/>
  <move id="476" source="G7" target="F7"/>
  <move id="477" source="C8" target="C9"/>
  <move id="478" source="F7" target="E7"/>
  <move id="479" source="C9" target="C:"/>
  <move id="480" source="E9" target="D9"/>
  <move id="481" source="F5" target="E5"/>
  <move id="482" source="E7" target="D7"/>
  <move id="483" source="E5" target="E6"/>
  <move id="484" source="D7" target="D8"/>
  <move id="485" source="E6" target="E7"/>
  <move id="486" source="D9" target="D:"/>
  <move id="487" source="C:" target="C9"/>
  <move id="488" source="D8" target="D9"/>
  <move id="489" source="C9" target="C8"/>
  <move id="490" source="A6" target="A7"/>
  <move id="491" source="B5" target="B6"/>
  <move id="492" source="D9" target="C9"/>
  <move id="493" source="C8" target="D8"/>
  <move id="494" source="D:" target="D9"/>
  <move id="495" source="D8" target="E8"/>
  <move id="496" source="C9" target="C8"/>
  <move id="497" source="E8" target="F8"/>
  <move id="498" source="C8" target="D8"/>
  <move id="499" source="F8" target="F9"/>
  <move id="500" source="D9" target="E9"/>
  <move id="501" source="F9" target="F:"/>
  <move id="502" source="E9" target="F9"/>
  <move id="503" source="F:" target="E:"/>
  <player id="1">Player 1</player>
  <player id="2">Player 2</player>
  <result type="1" winner="1"/>
 </game>
</stratego>