<?xml version="1.0" encoding="UTF-8"?>
<stratego>
 <game type="classic">
  
  <field content="MBJDEDDEDBBKCFDEIBJHHEFIBHLEIBGDFFGDGGDHAA__AA__AAAA__AA__AATRUSPPVVXUNPNPUWOSPSSRTNRTPTQNQPNQPQRQNY"/>
  <move id="1" source="B4" target="B5"/>
  <move id="2" source="I7" target="I6"/>
  <move id="3" source="I4" target="I5"/>
  <move id="4" source="I6" target="I5"/>
  <move id="5" source="F4" target="F5"/>
  <move id="6" source="K7" target="K6"/>
  <move id="7" source="G4" target="F4"/>
  <move id="8" source="K6" target="K5"/>
  <move id="9" source="H4" target="G4"/>
  <move id="10" source="K5" target="K4"/>
  <move id="11" source="H3" target="H4"/>
  <move id="12" source="K4" target="K5"/>
  <move id="13" source="E4" target="E5"/>
  <move id="14" source="K5" target="K6"/>
  <move id="15" source="E5" target="E6"/>
  <move id="16" source="I5" target="K5"/>
  <move id="17" source="B3" target="B4"/>
  <move id="18" source="I8" target="I7"/>
  <move id="19" source="C3" target="B3"/>
  <move id="20" source="I7" target="I6"/>
  <move id="21" source="D4" target="E4"/>
  <move id="22" source="I6" target="I5"/>
  <move id="23" source="E4" target="E5"/>
  <move id="24" source="I5" target="I4"/>
  <move id="25" source="A4" target="A5"/>
  <move id="26" source="I4" target="H4"/>
  <move id="27" source="D3" target="D4"/>
  <move id="28" source="H8" target="I8"/>
  <move id="29" source="F5" target="F6"/>
  <move id="30" source="I8" target="I7"/>
  <move id="31" source="F4" target="F5"/>
  <move id="32" source="I7" target="I6"/>
  <move id="33" source="C2" target="C3"/>
  <move id="34" source="I6" target="I5"/>
  <move id="35" source="C3" target="D3"/>
  <move id="36" source="I5" target="I4"/>
  <move id="37" source="B4" target="A4"/>
  <move id="38" source="I4" target="H4"/>
  <move id="39" source="G4" target="H4"/>
  <move id="40" source="I9" target="I8"/>
  <move id="41" source="C4" target="B4"/>
  <move id="42" source="I8" target="I7"/>
  <move id="43" source="D4" target="C4"/>
  <move id="44" source="I7" target="I6"/>
  <move id="45" source="D3" target="D4"/>
  <move id="46" source="I6" target="I5"/>
  <move id="47" source="G3" target="G4"/>
  <move id="48" source="I5" target="I4"/>
  <move id="49" source="D4" target="E4"/>
  <move id="50" source="I4" target="H4"/>
  <move id="51" source="G4" target="H4"/>
  <move id="52" source="F7" target="F6"/>
  <move id="53" source="E4" target="F4"/>
  <move id="54" source="F8" target="F7"/>
  <move id="55" source="F4" target="G4"/>
  <move id="56" source="F7" target="F6"/>
  <move id="57" source="H4" target="H3"/>
  <move id="58" source="F6" target="E6"/>
  <move id="59" source="G4" target="H4"/>
  <move id="60" source="E6" target="E5"/>
  <move id="61" source="H3" target="G3"/>
  <move id="62" source="E5" target="F5"/>
  <move id="63" source="G3" target="G4"/>
  <move id="64" source="K6" target="I6"/>
  <move id="65" source="G4" target="F4"/>
  <move id="66" source="F5" target="F6"/>
  <move id="67" source="I3" target="I4"/>
  <move id="68" source="F6" target="F7"/>
  <move id="69" source="H4" target="H3"/>
  <move id="70" source="K8" target="K7"/>
  <move id="71" source="H3" target="I3"/>
  <move id="72" source="K7" target="K6"/>
  <move id="73" source="F4" target="G4"/>
  <move id="74" source="I6" target="I7"/>
  <move id="75" source="I3" target="H3"/>
  <move id="76" source="K6" target="I6"/>
  <move id="77" source="H3" target="H4"/>
  <move id="78" source="I6" target="I5"/>
  <move id="79" source="G4" target="G3"/>
  <move id="80" source="I5" target="I4"/>
  <move id="81" source="G3" target="H3"/>
  <move id="82" source="E7" target="E6"/>
  <move id="83" source="H3" target="G3"/>
  <move id="84" source="E6" target="E5"/>
  <move id="85" source="G3" target="G4"/>
  <move id="86" source="E5" target="E4"/>
  <move id="87" source="G4" target="F4"/>
  <move id="88" source="E4" target="E5"/>
  <move id="89" source="F4" target="E4"/>
  <move id="90" source="E5" target="F5"/>
  <move id="91" source="E4" target="F4"/>
  <move id="92" source="F5" target="E5"/>
  <move id="93" source="F3" target="G3"/>
  <move id="94" source="I7" target="I6"/>
  <move id="95" source="B5" target="B6"/>
  <move id="96" source="I6" target="I5"/>
  <move id="97" source="A5" target="A6"/>
  <move id="98" source="H7" target="I7"/>
  <move id="99" source="B4" target="B5"/>
  <move id="100" source="I5" target="I6"/>
  <move id="101" source="A4" target="A5"/>
  <move id="102" source="I6" target="K6"/>
  <move id="103" source="I2" target="I3"/>
  <move id="104" source="I7" target="I6"/>
  <move id="105" source="A6" target="A7"/>
  <move id="106" source="B7" target="B6"/>
  <move id="107" source="B5" target="B6"/>
  <move id="108" source="I6" target="I5"/>
  <move id="109" source="F4" target="E4"/>
  <move id="110" source="E5" target="F5"/>
  <move id="111" source="E4" target="F4"/>
  <move id="112" source="F5" target="E5"/>
  <move id="113" source="C4" target="D4"/>
  <move id="114" source="K5" target="K4"/>
  <move id="115" source="D4" target="E4"/>
  <move id="116" source="K6" target="K7"/>
  <move id="117" source="E4" target="E5"/>
  <move id="118" source="I5" target="I4"/>
  <move id="119" source="I3" target="I4"/>
  <move id="120" source="H9" target="I9"/>
  <move id="121" source="H4" target="G4"/>
  <move id="122" source="G9" target="H9"/>
  <move id="123" source="G3" target="H3"/>
  <move id="124" source="H9" target="H8"/>
  <move id="125" source="H3" target="H4"/>
  <move id="126" source="H8" target="I8"/>
  <move id="127" source="F4" target="F5"/>
  <move id="128" source="I8" target="I7"/>
  <move id="129" source="F5" target="F6"/>
  <move id="130" source="F7" target="F8"/>
  <move id="131" source="B3" target="B4"/>
  <move id="132" source="I7" target="I6"/>
  <move id="133" source="B4" target="C4"/>
  <move id="134" source="I6" target="I5"/>
  <move id="135" source="B2" target="B3"/>
  <move id="136" source="I5" target="I4"/>
  <move id="137" source="B3" target="B4"/>
  <move id="138" source="I4" target="I3"/>
  <move id="139" source="B4" target="B5"/>
  <move id="140" source="K4" target="I4"/>
  <move id="141" source="B5" target="B6"/>
  <move id="142" source="I3" target="H3"/>
  <move id="143" source="H4" target="H3"/>
  <move id="144" source="K7" target="K6"/>
  <move id="145" source="H3" target="H4"/>
  <move id="146" source="K6" target="K5"/>
  <move id="147" source="B6" target="B7"/>
  <move id="148" source="I4" target="I5"/>
  <move id="149" source="B7" target="B8"/>
  <move id="150" source="K5" target="K4"/>
  <move id="151" source="A5" target="A6"/>
  <move id="152" source="K4" target="I4"/>
  <move id="153" source="A6" target="B6"/>
  <move id="154" source="I4" target="H4"/>
  <move id="155" source="G4" target="F4"/>
  <move id="156" source="I5" target="I4"/>
  <move id="157" source="F4" target="E4"/>
  <move id="158" source="H4" target="H3"/>
  <move id="159" source="F6" target="F5"/>
  <move id="160" source="I4" target="H4"/>
  <move id="161" source="F5" target="F4"/>
  <move id="162" source="H4" target="G4"/>
  <move id="163" source="F4" target="F5"/>
  <move id="164" source="F8" target="F7"/>
  <move id="165" source="E5" target="E6"/>
  <move id="166" source="F7" target="E7"/>
  <move id="167" source="E6" target="E7"/>
  <move id="168" source="G4" target="F4"/>
  <move id="169" source="E4" target="F4"/>
  <move id="170" source="H3" target="H4"/>
  <move id="171" source="B6" target="A6"/>
  <move id="172" source="A7" target="A6"/>
  <move id="173" source="B8" target="B7"/>
  <move id="174" source="A6" target="A5"/>
  <move id="175" source="F4" target="E4"/>
  <move id="176" source="A5" target="A4"/>
  <move id="177" source="E4" target="E5"/>
  <move id="178" source="A4" target="A3"/>
  <move id="179" source="B7" target="B6"/>
  <move id="180" source="H4" target="I4"/>
  <move id="181" source="B6" target="B5"/>
  <move id="182" source="I4" target="I5"/>
  <move id="183" source="B5" target="B4"/>
  <move id="184" source="I5" target="I6"/>
  <move id="185" source="B4" target="B3"/>
  <move id="186" source="I6" target="I7"/>
  <move id="187" source="C4" target="B4"/>
  <move id="188" source="I7" target="I8"/>
  <move id="189" source="B4" target="A4"/>
  <move id="190" source="I8" target="H8"/>
  <move id="191" source="F5" target="F6"/>
  <move id="192" source="H8" target="I8"/>
  <move id="193" source="F6" target="F5"/>
  <move id="194" source="I8" target="I7"/>
  <move id="195" source="F5" target="F4"/>
  <move id="196" source="I7" target="I8"/>
  <move id="197" source="F4" target="G4"/>
  <move id="198" source="I8" target="H8"/>
  <move id="199" source="A4" target="A5"/>
  <move id="200" source="E7" target="E6"/>
  <move id="201" source="G4" target="F4"/>
  <move id="202" source="E6" target="E5"/>
  <move id="203" source="A5" target="A6"/>
  <move id="204" source="E5" target="E6"/>
  <move id="205" source="A6" target="B6"/>
  <move id="206" source="E6" target="E7"/>
  <move id="207" source="B6" target="B7"/>
  <move id="208" source="H8" target="H9"/>
  <move id="209" source="B7" target="B8"/>
  <move id="210" source="B9" target="B8"/>
  <move id="211" source="D2" target="D3"/>
  <move id="212" source="G8" target="H8"/>
  <move id="213" source="C1" target="C2"/>
  <move id="214" source="H8" target="H7"/>
  <move id="215" source="F4" target="G4"/>
  <move id="216" source="H7" target="I7"/>
  <move id="217" source="G4" target="H4"/>
  <move id="218" source="I7" target="I6"/>
  <move id="219" source="H4" target="I4"/>
  <move id="220" source="F9" target="G9"/>
  <move id="221" source="G2" target="G3"/>
  <move id="222" source="E7" target="E6"/>
  <move id="223" source="I4" target="H4"/>
  <move id="224" source="E6" target="E5"/>
  <move id="225" source="H4" target="G4"/>
  <move id="226" source="E5" target="E4"/>
  <move id="227" source="G4" target="F4"/>
  <move id="228" source="E4" target="E3"/>
  <move id="229" source="G3" target="H3"/>
  <move id="230" source="I6" target="K6"/>
  <move id="231" source="B3" target="B4"/>
  <move id="232" source="K6" target="K5"/>
  <move id="233" source="C2" target="B2"/>
  <move id="234" source="K5" target="I5"/>
  <move id="235" source="F4" target="F3"/>
  <move id="236" source="I5" target="I4"/>
  <move id="237" source="B4" target="C4"/>
  <move id="238" source="I4" target="H4"/>
  <move id="239" source="C4" target="D4"/>
  <move id="240" source="H4" target="G4"/>
  <move id="241" source="D4" target="E4"/>
  <move id="242" source="G4" target="H4"/>
  <move id="243" source="H3" target="H4"/>
  <move id="244" source="C7" target="B7"/>
  <move id="245" source="D3" target="D2"/>
  <move id="246" source="B7" target="A7"/>
  <move id="247" source="E4" target="E5"/>
  <move id="248" source="G7" target="H7"/>
  <move id="249" source="E5" target="E4"/>
  <move id="250" source="H7" target="I7"/>
  <move id="251" source="E4" target="D4"/>
  <move id="252" source="I7" target="I6"/>
  <move id="253" source="H4" target="G4"/>
  <move id="254" source="I6" target="I5"/>
  <move id="255" source="G4" target="F4"/>
  <move id="256" source="I5" target="I4"/>
  <move id="257" source="F4" target="F5"/>
  <move id="258" source="I4" target="I3"/>
  <move id="259" source="F3" target="G3"/>
  <move id="260" source="I3" target="I2"/>
  <move id="261" source="I1" target="I2"/>
  <move id="262" source="I2" target="H2"/>
  <move id="263" source="F5" target="F4"/>
  <move id="264" source="F:" target="F9"/>
  <move id="265" source="F4" target="F3"/>
  <move id="266" source="F9" target="F8"/>
  <move id="267" source="D4" target="C4"/>
  <move id="268" source="F8" target="G8"/>
  <move id="269" source="G3" target="G4"/>
  <move id="270" source="G8" target="H8"/>
  <move id="271" source="G4" target="H4"/>
  <move id="272" source="H8" target="H7"/>
  <move id="273" source="H4" target="I4"/>
  <move id="274" source="H7" target="G7"/>
  <move id="275" source="C4" target="B4"/>
  <move id="276" source="G7" target="G8"/>
  <move id="277" source="B2" target="B3"/>
  <move id="278" source="H9" target="H8"/>
  <move id="279" source="B3" target="C3"/>
  <move id="280" source="H8" target="I8"/>
  <move id="281" source="C3" target="D3"/>
  <move id="282" source="I8" target="I7"/>
  <move id="283" source="D3" target="D4"/>
  <move id="284" source="I7" target="I6"/>
  <move id="285" source="D4" target="E4"/>
  <move id="286" source="I6" target="I5"/>
  <move id="287" source="E4" target="F4"/>
  <move id="288" source="I5" target="I4"/>
  <move id="289" source="H1" target="I1"/>
  <move id="290" source="G8" target="G7"/>
  <move id="291" source="I1" target="I2"/>
  <move id="292" source="A7" target="A6"/>
  <move id="293" source="B4" target="A4"/>
  <move id="294" source="A6" target="A5"/>
  <move id="295" source="A4" target="A5"/>
  <move id="296" source="G7" target="F7"/>
  <move id="297" source="F4" target="F5"/>
  <move id="298" source="F7" target="F6"/>
  <move id="299" source="F5" target="F6"/>
  <move id="300" source="E8" target="E7"/>
  <move id="301" source="F6" target="E6"/>
  <move id="302" source="E7" target="F7"/>
  <move id="303" source="F3" target="F4"/>
  <move id="304" source="F7" target="G7"/>
  <move id="305" source="I4" target="I5"/>
  <move id="306" source="G7" target="G8"/>
  <move id="307" source="I2" target="I3"/>
  <move id="308" source="G8" target="F8"/>
  <move id="309" source="I3" target="I4"/>
  <move id="310" source="F8" target="F7"/>
  <move id="311" source="F4" target="F5"/>
  <player id="1">Player 1</player>
  <player id="2">Player 2</player>
  <result type="3" winner="1"/>
 </game>
</stratego>