<?xml version="1.0" encoding="UTF-8"?>
<stratego>
 <game type="classic">
  
  <field content="DDFHBHBMBHFEEEDEEBGDFGGJGIHIIFDDJLDBCKBDAA__AA__AAAA__AA__AARSOXUTURNTTUWPPVQTRPRSVQPPPQNSQNYNQNNPSP"/>
  <move id="1" source="A4" target="A7"/>
  <move id="2" source="K7" target="K6"/>
  <move id="3" source="B4" target="B7"/>
  <move id="4" source="K6" target="I6"/>
  <move id="5" source="K4" target="K8"/>
  <move id="6" source="I8" target="K8"/>
  <move id="7" source="E4" target="E7"/>
  <move id="8" source="K8" target="K7"/>
  <move id="9" source="E3" target="E4"/>
  <move id="10" source="F7" target="F6"/>
  <move id="11" source="E2" target="E3"/>
  <move id="12" source="G7" target="F7"/>
  <move id="13" source="A3" target="A4"/>
  <move id="14" source="F6" target="F5"/>
  <move id="15" source="A2" target="A3"/>
  <move id="16" source="F7" target="F6"/>
  <move id="17" source="A1" target="A2"/>
  <move id="18" source="E7" target="F7"/>
  <move id="19" source="B3" target="B4"/>
  <move id="20" source="E8" target="E4"/>
  <move id="21" source="B2" target="B3"/>
  <move id="22" source="F5" target="E5"/>
  <move id="23" source="K3" target="K4"/>
  <move id="24" source="F6" target="F5"/>
  <move id="25" source="K4" target="K5"/>
  <move id="26" source="D7" target="E7"/>
  <move id="27" source="K5" target="I5"/>
  <move id="28" source="E7" target="E6"/>
  <move id="29" source="I5" target="I6"/>
  <move id="30" source="E5" target="E4"/>
  <move id="31" source="I3" target="K3"/>
  <move id="32" source="E6" target="E5"/>
  <move id="33" source="I2" target="I3"/>
  <move id="34" source="E4" target="E3"/>
  <move id="35" source="K3" target="K4"/>
  <move id="36" source="E5" target="E4"/>
  <move id="37" source="I3" target="K3"/>
  <move id="38" source="E3" target="E2"/>
  <move id="39" source="K4" target="K5"/>
  <move id="40" source="E4" target="E3"/>
  <move id="41" source="K3" target="K4"/>
  <move id="42" source="E2" target="E1"/>
  <move id="43" source="K5" target="I5"/>
  <move id="44" source="I6" target="K6"/>
  <move id="45" source="K4" target="K5"/>
  <move id="46" source="D8" target="E8"/>
  <move id="47" source="K5" target="K6"/>
  <move id="48" source="E8" target="E4"/>
  <move id="49" source="F3" target="E3"/>
  <move id="50" source="E4" target="D4"/>
  <move id="51" source="G3" target="F3"/>
  <move id="52" source="E3" target="F3"/>
  <move id="53" source="D4" target="E4"/>
  <move id="54" source="C7" target="D7"/>
  <move id="55" source="E4" target="E3"/>
  <move id="56" source="D7" target="E7"/>
  <move id="57" source="F2" target="E2"/>
  <move id="58" source="E7" target="E6"/>
  <move id="59" source="C4" target="D4"/>
  <move id="60" source="F5" target="E5"/>
  <move id="61" source="K2" target="K6"/>
  <move id="62" source="B7" target="C7"/>
  <move id="63" source="K1" target="K2"/>
  <move id="64" source="C7" target="D7"/>
  <move id="65" source="K2" target="K3"/>
  <move id="66" source="D7" target="D8"/>
  <move id="67" source="K3" target="K4"/>
  <move id="68" source="C8" target="C7"/>
  <move id="69" source="K4" target="K5"/>
  <move id="70" source="K6" target="I6"/>
  <move id="71" source="I5" target="I6"/>
  <move id="72" source="A7" target="A6"/>
  <move id="73" source="K5" target="K6"/>
  <move id="74" source="A6" target="A5"/>
  <move id="75" source="A4" target="A5"/>
  <move id="76" source="D8" target="C8"/>
  <move id="77" source="A3" target="A4"/>
  <move id="78" source="C7" target="D7"/>
  <move id="79" source="A2" target="A3"/>
  <move id="80" source="C8" target="C7"/>
  <move id="81" source="H3" target="I3"/>
  <move id="82" source="C7" target="B7"/>
  <move id="83" source="I3" target="K3"/>
  <move id="84" source="B7" target="A7"/>
  <move id="85" source="K3" target="K4"/>
  <move id="86" source="A7" target="A6"/>
  <move id="87" source="K4" target="K5"/>
  <move id="88" source="A6" target="A5"/>
  <move id="89" source="K6" target="K7"/>
  <move id="90" source="F7" target="G7"/>
  <move id="91" source="K5" target="K6"/>
  <move id="92" source="F8" target="E8"/>
  <move id="93" source="K7" target="K8"/>
  <move id="94" source="F9" target="F4"/>
  <move id="95" source="K6" target="K7"/>
  <move id="96" source="E8" target="F8"/>
  <move id="97" source="I6" target="K6"/>
  <move id="98" source="D9" target="D8"/>
  <move id="99" source="G2" target="G3"/>
  <move id="100" source="D8" target="E8"/>
  <move id="101" source="G3" target="H3"/>
  <move id="102" source="E8" target="E7"/>
  <move id="103" source="H3" target="I3"/>
  <move id="104" source="E7" target="F7"/>
  <move id="105" source="I3" target="K3"/>
  <move id="106" source="F7" target="F6"/>
  <move id="107" source="K3" target="K4"/>
  <move id="108" source="F6" target="F5"/>
  <move id="109" source="K4" target="K5"/>
  <move id="110" source="F5" target="F4"/>
  <move id="111" source="E3" target="F3"/>
  <move id="112" source="F4" target="F3"/>
  <move id="113" source="G4" target="G3"/>
  <move id="114" source="F3" target="F2"/>
  <move id="115" source="H4" target="G4"/>
  <move id="116" source="F2" target="F1"/>
  <move id="117" source="G3" target="F3"/>
  <move id="118" source="E6" target="F6"/>
  <move id="119" source="G4" target="F4"/>
  <move id="120" source="E5" target="E6"/>
  <move id="121" source="D4" target="E4"/>
  <move id="122" source="E6" target="E7"/>
  <move id="123" source="D3" target="E3"/>
  <move id="124" source="E7" target="E8"/>
  <move id="125" source="E4" target="E5"/>
  <move id="126" source="D7" target="E7"/>
  <move id="127" source="F4" target="F5"/>
  <move id="128" source="C9" target="C8"/>
  <move id="129" source="F5" target="F6"/>
  <move id="130" source="C8" target="C7"/>
  <move id="131" source="F3" target="F4"/>
  <move id="132" source="C7" target="B7"/>
  <move id="133" source="E5" target="E6"/>
  <move id="134" source="B7" target="B6"/>
  <move id="135" source="E6" target="E7"/>
  <move id="136" source="B6" target="B5"/>
  <move id="137" source="E3" target="E4"/>
  <move id="138" source="B5" target="B4"/>
  <move id="139" source="F6" target="E6"/>
  <move id="140" source="A5" target="A4"/>
  <move id="141" source="E6" target="E7"/>
  <move id="142" source="A4" target="A3"/>
  <move id="143" source="E4" target="D4"/>
  <move id="144" source="A3" target="B3"/>
  <move id="145" source="D4" target="C4"/>
  <move id="146" source="B4" target="C4"/>
  <move id="147" source="K8" target="K9"/>
  <move id="148" source="F8" target="F7"/>
  <move id="149" source="K7" target="K8"/>
  <move id="150" source="F7" target="F6"/>
  <move id="151" source="K8" target="I8"/>
  <move id="152" source="F6" target="F5"/>
  <move id="153" source="K9" target="I9"/>
  <move id="154" source="F5" target="F4"/>
  <move id="155" source="K6" target="K7"/>
  <move id="156" source="G8" target="F8"/>
  <move id="157" source="K7" target="K8"/>
  <move id="158" source="F8" target="F9"/>
  <move id="159" source="K8" target="K9"/>
  <move id="160" source="F4" target="F3"/>
  <move id="161" source="K9" target="K:"/>
  <move id="162" source="H8" target="I8"/>
  <move id="163" source="K5" target="K6"/>
  <move id="164" source="F3" target="F2"/>
  <move id="165" source="K6" target="K7"/>
  <move id="166" source="F2" target="F1"/>
  <move id="167" source="K7" target="K8"/>
  <move id="168" source="B3" target="B2"/>
  <move id="169" source="K8" target="K9"/>
  <move id="170" source="B2" target="C2"/>
  <move id="171" source="K9" target="I9"/>
  <move id="172" source="G7" target="G8"/>
  <move id="173" source="K:" target="I:"/>
  <move id="174" source="G8" target="H8"/>
  <move id="175" source="I:" target="H:"/>
  <move id="176" source="F9" target="F8"/>
  <move id="177" source="H:" target="G:"/>
  <move id="178" source="F8" target="F7"/>
  <move id="179" source="I9" target="I:"/>
  <move id="180" source="F7" target="F6"/>
  <move id="181" source="I:" target="H:"/>
  <move id="182" source="H9" target="H:"/>
  <move id="183" source="I8" target="I9"/>
  <move id="184" source="F6" target="F5"/>
  <move id="185" source="I9" target="H9"/>
  <move id="186" source="H8" target="H9"/>
  <move id="187" source="C3" target="C4"/>
  <move id="188" source="F5" target="F4"/>
  <move id="189" source="C4" target="B4"/>
  <move id="190" source="B8" target="B7"/>
  <move id="191" source="B4" target="B5"/>
  <move id="192" source="B7" target="B6"/>
  <move id="193" source="B5" target="B6"/>
  <move id="194" source="F4" target="F3"/>
  <move id="195" source="B1" target="A1"/>
  <move id="196" source="F3" target="G3"/>
  <move id="197" source="A1" target="A4"/>
  <move id="198" source="G3" target="G2"/>
  <move id="199" source="A4" target="F4"/>
  <move id="200" source="G9" target="F9"/>
  <move id="201" source="F4" target="F7"/>
  <move id="202" source="F9" target="F7"/>
  <move id="203" source="E2" target="E3"/>
  <move id="204" source="G2" target="G1"/>
  <move id="205" source="E3" target="E4"/>
  <move id="206" source="E8" target="E7"/>
  <move id="207" source="E4" target="F4"/>
  <move id="208" source="G1" target="H1"/>
  <player id="1">Player 1</player>
  <player id="2">Player 2</player>
  <result type="1" winner="2"/>
 </game>
</stratego>