<?xml version="1.0" encoding="UTF-8"?>
<stratego>
 <game type="classic">
  
  <field content="EEDMHDDBEDGHIIIDGFFFBJCJDEBBBBEGKDHLHFGDAA__AA__AAAA__AA__AANPTPPQPTPPRNSWVPXPNRNTUVOUTUSNSRQQQQYNRS"/>
  <move id="1" source="F4" target="F5"/>
  <move id="2" source="E7" target="E6"/>
  <move id="3" source="F5" target="F6"/>
  <move id="4" source="E8" target="E7"/>
  <move id="5" source="E4" target="F4"/>
  <move id="6" source="B7" target="B6"/>
  <move id="7" source="E3" target="E6"/>
  <move id="8" source="F8" target="E8"/>
  <move id="9" source="D4" target="E4"/>
  <move id="10" source="E8" target="F8"/>
  <move id="11" source="E4" target="E7"/>
  <move id="12" source="E7" target="E8"/>
  <move id="13" source="F6" target="E6"/>
  <move id="14" source="D7" target="E7"/>
  <move id="15" source="E6" target="E7"/>
  <move id="16" source="C7" target="B7"/>
  <move id="17" source="E7" target="E8"/>
  <move id="18" source="E9" target="E8"/>
  <move id="19" source="C4" target="D4"/>
  <move id="20" source="F7" target="E7"/>
  <move id="21" source="D4" target="E4"/>
  <move id="22" source="F8" target="F7"/>
  <move id="23" source="E4" target="E5"/>
  <move id="24" source="D8" target="D7"/>
  <move id="25" source="E5" target="E6"/>
  <move id="26" source="G8" target="F8"/>
  <move id="27" source="E6" target="E7"/>
  <move id="28" source="D9" target="E9"/>
  <move id="29" source="E7" target="D7"/>
  <move id="30" source="F7" target="F6"/>
  <move id="31" source="B4" target="B5"/>
  <move id="32" source="B7" target="C7"/>
  <move id="33" source="B5" target="B6"/>
  <move id="34" source="F8" target="F7"/>
  <move id="35" source="B6" target="B7"/>
  <move id="36" source="C7" target="B7"/>
  <move id="37" source="B3" target="B4"/>
  <move id="38" source="F7" target="F8"/>
  <move id="39" source="B4" target="B5"/>
  <move id="40" source="E9" target="D9"/>
  <move id="41" source="B5" target="B6"/>
  <move id="42" source="B7" target="C7"/>
  <move id="43" source="B6" target="B7"/>
  <move id="44" source="C7" target="D7"/>
  <move id="45" source="B7" target="C7"/>
  <move id="46" source="D7" target="E7"/>
  <move id="47" source="C7" target="D7"/>
  <move id="48" source="E7" target="F7"/>
  <move id="49" source="D7" target="E7"/>
  <move id="50" source="D9" target="D8"/>
  <move id="51" source="E7" target="E6"/>
  <move id="52" source="D8" target="D7"/>
  <move id="53" source="E6" target="F6"/>
  <move id="54" source="D7" target="E7"/>
  <move id="55" source="F6" target="E6"/>
  <move id="56" source="E7" target="E6"/>
  <move id="57" source="D3" target="D4"/>
  <move id="58" source="F7" target="E7"/>
  <move id="59" source="D4" target="E4"/>
  <move id="60" source="F8" target="F7"/>
  <move id="61" source="E4" target="E5"/>
  <move id="62" source="F7" target="F6"/>
  <move id="63" source="E5" target="E4"/>
  <move id="64" source="F6" target="F7"/>
  <move id="65" source="E4" target="D4"/>
  <move id="66" source="E8" target="D8"/>
  <move id="67" source="D4" target="C4"/>
  <move id="68" source="E7" target="E8"/>
  <move id="69" source="C4" target="B4"/>
  <move id="70" source="D8" target="D7"/>
  <move id="71" source="B4" target="B5"/>
  <move id="72" source="D7" target="C7"/>
  <move id="73" source="B5" target="B6"/>
  <move id="74" source="F7" target="E7"/>
  <move id="75" source="B6" target="B7"/>
  <move id="76" source="E7" target="D7"/>
  <move id="77" source="E2" target="E3"/>
  <move id="78" source="F9" target="F8"/>
  <move id="79" source="E3" target="E4"/>
  <move id="80" source="F8" target="F7"/>
  <move id="81" source="E4" target="E5"/>
  <move id="82" source="F7" target="E7"/>
  <move id="83" source="E5" target="E6"/>
  <move id="84" source="G9" target="F9"/>
  <move id="85" source="E6" target="F6"/>
  <move id="86" source="H9" target="G9"/>
  <move id="87" source="F6" target="F7"/>
  <move id="88" source="F9" target="E9"/>
  <move id="89" source="F7" target="F8"/>
  <move id="90" source="E8" target="D8"/>
  <move id="91" source="F8" target="E8"/>
  <move id="92" source="E9" target="F9"/>
  <move id="93" source="E8" target="E9"/>
  <move id="94" source="F9" target="F8"/>
  <move id="95" source="E9" target="E8"/>
  <move id="96" source="F8" target="F7"/>
  <move id="97" source="E8" target="F8"/>
  <move id="98" source="F7" target="F6"/>
  <move id="99" source="F8" target="F7"/>
  <move id="100" source="E7" target="F7"/>
  <move id="101" source="F2" target="E2"/>
  <move id="102" source="F6" target="F7"/>
  <move id="103" source="E2" target="E8"/>
  <move id="104" source="D8" target="E8"/>
  <move id="105" source="F3" target="E3"/>
  <move id="106" source="C9" target="D9"/>
  <move id="107" source="E3" target="E4"/>
  <move id="108" source="E8" target="D8"/>
  <move id="109" source="E4" target="E5"/>
  <move id="110" source="F7" target="E7"/>
  <move id="111" source="E5" target="E6"/>
  <move id="112" source="D9" target="E9"/>
  <move id="113" source="E6" target="F6"/>
  <move id="114" source="E9" target="E8"/>
  <move id="115" source="F6" target="F7"/>
  <move id="116" source="G7" target="F7"/>
  <move id="117" source="F7" target="G7"/>
  <move id="118" source="H7" target="G7"/>
  <move id="119" source="I4" target="I5"/>
  <move id="120" source="G9" target="G8"/>
  <move id="121" source="I5" target="I6"/>
  <move id="122" source="H8" target="H9"/>
  <move id="123" source="I6" target="I7"/>
  <move id="124" source="G8" target="H8"/>
  <move id="125" source="I7" target="I8"/>
  <move id="126" source="K7" target="H7"/>
  <move id="127" source="K4" target="K8"/>
  <move id="128" source="G7" target="G8"/>
  <move id="129" source="H4" target="I4"/>
  <move id="130" source="H7" target="G7"/>
  <move id="131" source="I4" target="I5"/>
  <move id="132" source="H8" target="H7"/>
  <move id="133" source="I5" target="I6"/>
  <move id="134" source="G8" target="H8"/>
  <move id="135" source="I6" target="I7"/>
  <move id="136" source="G7" target="G8"/>
  <move id="137" source="I7" target="K7"/>
  <move id="138" source="G8" target="F8"/>
  <move id="139" source="K7" target="K8"/>
  <move id="140" source="F8" target="F7"/>
  <move id="141" source="D2" target="D3"/>
  <move id="142" source="H7" target="G7"/>
  <move id="143" source="D3" target="E3"/>
  <move id="144" source="G7" target="G8"/>
  <move id="145" source="E3" target="E4"/>
  <move id="146" source="F7" target="G7"/>
  <move id="147" source="E4" target="E5"/>
  <move id="148" source="G7" target="H7"/>
  <move id="149" source="E5" target="E6"/>
  <move id="150" source="H7" target="I7"/>
  <move id="151" source="E6" target="F6"/>
  <move id="152" source="I7" target="F7"/>
  <move id="153" source="F6" target="F7"/>
  <move id="154" source="G8" target="G7"/>
  <move id="155" source="F7" target="F8"/>
  <move id="156" source="E8" target="F8"/>
  <move id="157" source="C2" target="D2"/>
  <move id="158" source="H8" target="G8"/>
  <move id="159" source="D2" target="D3"/>
  <move id="160" source="H9" target="H8"/>
  <move id="161" source="D3" target="E3"/>
  <move id="162" source="H8" target="H7"/>
  <move id="163" source="E3" target="E4"/>
  <move id="164" source="G8" target="H8"/>
  <move id="165" source="E4" target="E5"/>
  <move id="166" source="G7" target="G8"/>
  <move id="167" source="E5" target="E6"/>
  <move id="168" source="H7" target="G7"/>
  <move id="169" source="E6" target="F6"/>
  <move id="170" source="G7" target="F7"/>
  <move id="171" source="F6" target="F7"/>
  <move id="172" source="I9" target="H9"/>
  <move id="173" source="F7" target="F8"/>
  <move id="174" source="G8" target="F8"/>
  <move id="175" source="B7" target="B6"/>
  <move id="176" source="H8" target="G8"/>
  <move id="177" source="A4" target="A5"/>
  <move id="178" source="E7" target="E6"/>
  <move id="179" source="B6" target="B7"/>
  <move id="180" source="H9" target="G9"/>
  <move id="181" source="A5" target="A6"/>
  <move id="182" source="I:" target="I9"/>
  <move id="183" source="A6" target="A7"/>
  <move id="184" source="C7" target="B7"/>
  <move id="185" source="A7" target="A8"/>
  <move id="186" source="I9" target="H9"/>
  <move id="187" source="B7" target="A7"/>
  <move id="188" source="D7" target="C7"/>
  <move id="189" source="A7" target="A6"/>
  <move id="190" source="H9" target="H8"/>
  <move id="191" source="A6" target="B6"/>
  <move id="192" source="H8" target="H7"/>
  <move id="193" source="B6" target="B5"/>
  <move id="194" source="E6" target="E7"/>
  <move id="195" source="F4" target="F5"/>
  <move id="196" source="B9" target="C9"/>
  <move id="197" source="F5" target="F6"/>
  <move id="198" source="H7" target="I7"/>
  <move id="199" source="F6" target="F7"/>
  <move id="200" source="E7" target="F7"/>
  <move id="201" source="F1" target="F:"/>
  <move id="202" source="G8" target="G7"/>
  <move id="203" source="G4" target="H4"/>
  <move id="204" source="G7" target="H7"/>
  <move id="205" source="H4" target="I4"/>
  <move id="206" source="I7" target="K7"/>
  <move id="207" source="I4" target="I5"/>
  <move id="208" source="K7" target="K8"/>
  <move id="209" source="I5" target="I6"/>
  <move id="210" source="H7" target="I7"/>
  <move id="211" source="I6" target="K6"/>
  <move id="212" source="D8" target="E8"/>
  <move id="213" source="B5" target="A5"/>
  <move id="214" source="E8" target="E7"/>
  <move id="215" source="C1" target="C2"/>
  <move id="216" source="E7" target="F7"/>
  <move id="217" source="C2" target="D2"/>
  <move id="218" source="F7" target="F6"/>
  <move id="219" source="D2" target="D3"/>
  <move id="220" source="F6" target="F5"/>
  <move id="221" source="D3" target="D4"/>
  <move id="222" source="F5" target="E5"/>
  <move id="223" source="D4" target="C4"/>
  <move id="224" source="E5" target="F5"/>
  <move id="225" source="C4" target="B4"/>
  <move id="226" source="F5" target="F4"/>
  <move id="227" source="B4" target="B5"/>
  <move id="228" source="F4" target="G4"/>
  <move id="229" source="B5" target="B6"/>
  <move id="230" source="G4" target="H4"/>
  <move id="231" source="A5" target="A6"/>
  <move id="232" source="H4" target="I4"/>
  <move id="233" source="A6" target="A7"/>
  <move id="234" source="I4" target="K4"/>
  <move id="235" source="A7" target="A8"/>
  <move id="236" source="K4" target="K5"/>
  <move id="237" source="A8" target="A7"/>
  <move id="238" source="K5" target="K6"/>
  <move id="239" source="G1" target="F1"/>
  <move id="240" source="C9" target="D9"/>
  <move id="241" source="A7" target="A8"/>
  <move id="242" source="D9" target="D8"/>
  <move id="243" source="B6" target="B8"/>
  <move id="244" source="C7" target="B7"/>
  <move id="245" source="A8" target="A9"/>
  <player id="1">Player 1</player>
  <player id="2">Player 2</player>
  <result type="3" winner="2"/>
 </game>
</stratego>