<?xml version="1.0" encoding="UTF-8"?>
<stratego>
 <game type="classic">
  
  <field content="EIDEDBMBFDFHIDHCBHGEBGJELKIJFBDDFGHDEGBDAA__AA__AAAA__AA__AAPSXWSPNRNSSTPTUNRNRNQVQVPOPUNRPQTYUPPTQQ"/>
  <move id="1" source="K4" target="K7"/>
  <move id="2" source="E7" target="E6"/>
  <move id="3" source="F4" target="F7"/>
  <move id="4" source="E8" target="E7"/>
  <move id="5" source="E4" target="F4"/>
  <move id="6" source="E7" target="F7"/>
  <move id="7" source="E3" target="E4"/>
  <move id="8" source="F7" target="F6"/>
  <move id="9" source="E4" target="E5"/>
  <move id="10" source="D7" target="E7"/>
  <move id="11" source="E5" target="E6"/>
  <move id="12" source="E7" target="D7"/>
  <move id="13" source="E6" target="F6"/>
  <move id="14" source="E9" target="E5"/>
  <move id="15" source="F4" target="E4"/>
  <move id="16" source="F9" target="E9"/>
  <move id="17" source="E4" target="E5"/>
  <move id="18" source="E9" target="E8"/>
  <move id="19" source="B4" target="B7"/>
  <move id="20" source="D7" target="E7"/>
  <move id="21" source="B3" target="B4"/>
  <move id="22" source="B7" target="B6"/>
  <move id="23" source="B4" target="B5"/>
  <move id="24" source="B6" target="B5"/>
  <move id="25" source="E5" target="E4"/>
  <move id="26" source="E7" target="D7"/>
  <move id="27" source="A4" target="A7"/>
  <move id="28" source="E8" target="E7"/>
  <move id="29" source="E4" target="E3"/>
  <move id="30" source="C7" target="B7"/>
  <move id="31" source="C4" target="B4"/>
  <move id="32" source="A8" target="A7"/>
  <move id="33" source="B4" target="B5"/>
  <move id="34" source="B7" target="B6"/>
  <move id="35" source="B5" target="B6"/>
  <move id="36" source="A7" target="A6"/>
  <move id="37" source="F3" target="F4"/>
  <move id="38" source="A6" target="A5"/>
  <move id="39" source="F4" target="F5"/>
  <move id="40" source="A5" target="B5"/>
  <move id="41" source="F5" target="E5"/>
  <move id="42" source="E7" target="E8"/>
  <move id="43" source="E5" target="E6"/>
  <move id="44" source="D7" target="E7"/>
  <move id="45" source="E6" target="E7"/>
  <move id="46" source="E8" target="E7"/>
  <move id="47" source="D4" target="E4"/>
  <move id="48" source="B5" target="B4"/>
  <move id="49" source="E4" target="F4"/>
  <move id="50" source="B4" target="B3"/>
  <move id="51" source="C3" target="B3"/>
  <move id="52" source="B6" target="B5"/>
  <move id="53" source="B3" target="C3"/>
  <move id="54" source="B5" target="B4"/>
  <move id="55" source="D3" target="D4"/>
  <move id="56" source="B4" target="C4"/>
  <move id="57" source="C3" target="B3"/>
  <move id="58" source="C4" target="D4"/>
  <move id="59" source="B3" target="B4"/>
  <move id="60" source="D4" target="C4"/>
  <move id="61" source="B4" target="B5"/>
  <move id="62" source="C4" target="B4"/>
  <move id="63" source="B5" target="B6"/>
  <move id="64" source="B4" target="B5"/>
  <move id="65" source="B6" target="B7"/>
  <move id="66" source="B5" target="B6"/>
  <move id="67" source="B7" target="C7"/>
  <move id="68" source="E7" target="E8"/>
  <move id="69" source="C7" target="D7"/>
  <move id="70" source="E8" target="E9"/>
  <move id="71" source="D7" target="E7"/>
  <move id="72" source="E9" target="F9"/>
  <move id="73" source="E7" target="E8"/>
  <move id="74" source="B6" target="B7"/>
  <move id="75" source="E8" target="F8"/>
  <move id="76" source="F9" target="E9"/>
  <move id="77" source="F6" target="F7"/>
  <move id="78" source="E9" target="E8"/>
  <move id="79" source="F7" target="G7"/>
  <move id="80" source="B7" target="B6"/>
  <player id="1">Player 1</player>
  <player id="2">Player 2</player>
  <result type="3" winner="2"/>
 </game>
</stratego>