<?xml version="1.0" encoding="UTF-8"?>
<stratego>
 <game type="classic">
  
  <field content="JDBIECJEGEGBMBLEKIFHDGBDDDDDBFHFIDHGFEHBAA__AA__AAAA__AA__AASPWPPVTPPTPTNURPXSUVPRNQUONRTQQNRSQNYNQS"/>
  <move id="1" source="F4" target="F5"/>
  <move id="2" source="E7" target="E4"/>
  <move id="3" source="F3" target="F4"/>
  <move id="4" source="F7" target="F6"/>
  <move id="5" source="E3" target="F3"/>
  <move id="6" source="F8" target="F7"/>
  <move id="7" source="B4" target="B5"/>
  <move id="8" source="F7" target="E7"/>
  <move id="9" source="B3" target="B4"/>
  <move id="10" source="E7" target="E6"/>
  <move id="11" source="B5" target="A5"/>
  <move id="12" source="E6" target="E5"/>
  <move id="13" source="E2" target="E3"/>
  <move id="14" source="E5" target="F5"/>
  <move id="15" source="F5" target="E5"/>
  <move id="16" source="D7" target="E7"/>
  <move id="17" source="F4" target="F6"/>
  <move id="18" source="D8" target="D7"/>
  <move id="19" source="G4" target="F4"/>
  <move id="20" source="F6" target="F7"/>
  <move id="21" source="F4" target="F5"/>
  <move id="22" source="F7" target="F8"/>
  <move id="23" source="F5" target="F6"/>
  <move id="24" source="E7" target="F7"/>
  <move id="25" source="E4" target="F4"/>
  <move id="26" source="F7" target="F6"/>
  <move id="27" source="F6" target="F5"/>
  <move id="28" source="D7" target="E7"/>
  <move id="29" source="F4" target="G4"/>
  <move id="30" source="E7" target="F7"/>
  <move id="31" source="E3" target="E4"/>
  <move id="32" source="F7" target="E7"/>
  <move id="33" source="A5" target="B5"/>
  <move id="34" source="G7" target="F7"/>
  <move id="35" source="A3" target="B3"/>
  <move id="36" source="F7" target="F6"/>
  <move id="37" source="F5" target="F4"/>
  <move id="38" source="F6" target="F5"/>
  <move id="39" source="B3" target="A3"/>
  <move id="40" source="F8" target="F7"/>
  <move id="41" source="F3" target="E3"/>
  <move id="42" source="E7" target="D7"/>
  <move id="43" source="E3" target="E2"/>
  <move id="44" source="F7" target="F6"/>
  <move id="45" source="F2" target="F3"/>
  <move id="46" source="F6" target="E6"/>
  <move id="47" source="G2" target="F2"/>
  <move id="48" source="F5" target="E5"/>
  <move id="49" source="E4" target="E3"/>
  <move id="50" source="E5" target="F5"/>
  <move id="51" source="D4" target="E4"/>
  <move id="52" source="F5" target="F4"/>
  <move id="53" source="G4" target="F4"/>
  <move id="54" source="E6" target="F6"/>
  <move id="55" source="A3" target="B3"/>
  <move id="56" source="H7" target="G7"/>
  <move id="57" source="A4" target="A5"/>
  <move id="58" source="G7" target="F7"/>
  <move id="59" source="B3" target="A3"/>
  <move id="60" source="F7" target="E7"/>
  <move id="61" source="B4" target="B3"/>
  <move id="62" source="E7" target="E4"/>
  <move id="63" source="D3" target="D4"/>
  <move id="64" source="E8" target="E7"/>
  <move id="65" source="D4" target="E4"/>
  <move id="66" source="E7" target="E6"/>
  <move id="67" source="C4" target="D4"/>
  <move id="68" source="E6" target="E5"/>
  <move id="69" source="G3" target="G4"/>
  <move id="70" source="E5" target="F5"/>
  <move id="71" source="B5" target="B6"/>
  <move id="72" source="F5" target="F4"/>
  <move id="73" source="A5" target="B5"/>
  <move id="74" source="F4" target="F3"/>
  <move id="75" source="F2" target="F3"/>
  <move id="76" source="F6" target="F7"/>
  <move id="77" source="A3" target="A7"/>
  <move id="78" source="B7" target="B6"/>
  <move id="79" source="E3" target="D3"/>
  <move id="80" source="F7" target="F8"/>
  <move id="81" source="A2" target="A3"/>
  <move id="82" source="D9" target="D8"/>
  <move id="83" source="A3" target="A4"/>
  <move id="84" source="D8" target="E8"/>
  <move id="85" source="A4" target="A5"/>
  <move id="86" source="D7" target="D8"/>
  <move id="87" source="A5" target="A6"/>
  <move id="88" source="A7" target="B7"/>
  <move id="89" source="A6" target="A7"/>
  <move id="90" source="B7" target="B6"/>
  <move id="91" source="B5" target="B6"/>
  <move id="92" source="A8" target="A7"/>
  <move id="93" source="B6" target="B5"/>
  <move id="94" source="E8" target="E7"/>
  <move id="95" source="B5" target="B4"/>
  <move id="96" source="E7" target="E6"/>
  <move id="97" source="A7" target="A6"/>
  <move id="98" source="E6" target="F6"/>
  <move id="99" source="A6" target="A5"/>
  <move id="100" source="F6" target="F5"/>
  <move id="101" source="G4" target="F4"/>
  <move id="102" source="F5" target="F6"/>
  <move id="103" source="E4" target="E5"/>
  <move id="104" source="F8" target="E8"/>
  <move id="105" source="D4" target="E4"/>
  <move id="106" source="C7" target="D7"/>
  <move id="107" source="A5" target="A4"/>
  <move id="108" source="D7" target="E7"/>
  <move id="109" source="A4" target="A3"/>
  <move id="110" source="D8" target="D7"/>
  <move id="111" source="H3" target="G3"/>
  <move id="112" source="D7" target="C7"/>
  <move id="113" source="G3" target="G2"/>
  <move id="114" source="C7" target="B7"/>
  <move id="115" source="D3" target="D4"/>
  <move id="116" source="B7" target="A7"/>
  <move id="117" source="D4" target="C4"/>
  <move id="118" source="A7" target="A6"/>
  <move id="119" source="B4" target="B5"/>
  <move id="120" source="A6" target="A5"/>
  <move id="121" source="B5" target="B4"/>
  <move id="122" source="A5" target="A4"/>
  <move id="123" source="A3" target="A2"/>
  <move id="124" source="A4" target="B4"/>
  <move id="125" source="C4" target="B4"/>
  <move id="126" source="E7" target="E6"/>
  <move id="127" source="B4" target="C4"/>
  <move id="128" source="E6" target="E5"/>
  <move id="129" source="E4" target="D4"/>
  <move id="130" source="E5" target="E4"/>
  <move id="131" source="F4" target="F5"/>
  <move id="132" source="F6" target="F7"/>
  <move id="133" source="F5" target="F6"/>
  <move id="134" source="E8" target="E7"/>
  <move id="135" source="D4" target="D3"/>
  <move id="136" source="F7" target="F8"/>
  <move id="137" source="C4" target="D4"/>
  <move id="138" source="E4" target="F4"/>
  <move id="139" source="F3" target="F4"/>
  <move id="140" source="E7" target="F7"/>
  <move id="141" source="F6" target="F5"/>
  <move id="142" source="F7" target="F6"/>
  <move id="143" source="F5" target="F4"/>
  <move id="144" source="F6" target="F5"/>
  <move id="145" source="G2" target="G3"/>
  <move id="146" source="F5" target="F4"/>
  <move id="147" source="G1" target="G2"/>
  <move id="148" source="I7" target="H7"/>
  <move id="149" source="G2" target="F2"/>
  <move id="150" source="F4" target="G4"/>
  <move id="151" source="F2" target="G2"/>
  <move id="152" source="G4" target="G3"/>
  <move id="153" source="G2" target="G3"/>
  <move id="154" source="H7" target="G7"/>
  <move id="155" source="E2" target="F2"/>
  <move id="156" source="G7" target="F7"/>
  <move id="157" source="A2" target="A3"/>
  <move id="158" source="F7" target="F6"/>
  <move id="159" source="D4" target="E4"/>
  <move id="160" source="F6" target="F5"/>
  <move id="161" source="A1" target="A2"/>
  <move id="162" source="K7" target="K6"/>
  <move id="163" source="A3" target="A4"/>
  <move id="164" source="K8" target="K7"/>
  <move id="165" source="A2" target="A3"/>
  <move id="166" source="K7" target="I7"/>
  <move id="167" source="A4" target="A5"/>
  <move id="168" source="I7" target="H7"/>
  <move id="169" source="A3" target="A4"/>
  <move id="170" source="H7" target="G7"/>
  <move id="171" source="A5" target="B5"/>
  <move id="172" source="G7" target="F7"/>
  <move id="173" source="B5" target="B6"/>
  <move id="174" source="F7" target="E7"/>
  <move id="175" source="A4" target="B4"/>
  <move id="176" source="E7" target="D7"/>
  <move id="177" source="B1" target="A1"/>
  <move id="178" source="D7" target="C7"/>
  <move id="179" source="A1" target="A9"/>
  <move id="180" source="B8" target="B7"/>
  <move id="181" source="E4" target="E3"/>
  <move id="182" source="F5" target="F4"/>
  <move id="183" source="F1" target="G1"/>
  <move id="184" source="B7" target="B6"/>
  <move id="185" source="F2" target="F4"/>
  <move id="186" source="B6" target="B7"/>
  <move id="187" source="B4" target="C4"/>
  <move id="188" source="A:" target="A9"/>
  <move id="189" source="C4" target="D4"/>
  <move id="190" source="A9" target="A8"/>
  <move id="191" source="D4" target="C4"/>
  <move id="192" source="A8" target="A7"/>
  <move id="193" source="C4" target="B4"/>
  <move id="194" source="A7" target="A6"/>
  <move id="195" source="B3" target="A3"/>
  <move id="196" source="B7" target="B8"/>
  <move id="197" source="A3" target="A4"/>
  <move id="198" source="C7" target="B7"/>
  <move id="199" source="B4" target="C4"/>
  <move id="200" source="B7" target="B6"/>
  <move id="201" source="A4" target="A5"/>
  <move id="202" source="B6" target="B5"/>
  <move id="203" source="A5" target="A6"/>
  <move id="204" source="B8" target="A8"/>
  <move id="205" source="H4" target="G4"/>
  <move id="206" source="A8" target="A7"/>
  <move id="207" source="A6" target="B6"/>
  <move id="208" source="B5" target="B6"/>
  <move id="209" source="E3" target="E4"/>
  <move id="210" source="A7" target="B7"/>
  <move id="211" source="I4" target="H4"/>
  <move id="212" source="B6" target="B5"/>
  <move id="213" source="G4" target="F4"/>
  <move id="214" source="B5" target="B4"/>
  <move id="215" source="H4" target="G4"/>
  <move id="216" source="B7" target="C7"/>
  <move id="217" source="H2" target="H3"/>
  <move id="218" source="C7" target="D7"/>
  <move id="219" source="H3" target="H4"/>
  <move id="220" source="D7" target="D8"/>
  <move id="221" source="H4" target="I4"/>
  <move id="222" source="D8" target="E8"/>
  <move id="223" source="I4" target="I5"/>
  <move id="224" source="B4" target="C4"/>
  <move id="225" source="I5" target="I6"/>
  <move id="226" source="K6" target="K7"/>
  <move id="227" source="I6" target="I7"/>
  <move id="228" source="I8" target="I7"/>
  <move id="229" source="D3" target="E3"/>
  <move id="230" source="F8" target="F7"/>
  <move id="231" source="E3" target="F3"/>
  <move id="232" source="F7" target="E7"/>
  <move id="233" source="F3" target="G3"/>
  <move id="234" source="E7" target="D7"/>
  <move id="235" source="G3" target="H3"/>
  <move id="236" source="D7" target="C7"/>
  <move id="237" source="H3" target="H4"/>
  <move id="238" source="K7" target="I7"/>
  <move id="239" source="H4" target="I4"/>
  <move id="240" source="I7" target="H7"/>
  <move id="241" source="I4" target="I5"/>
  <move id="242" source="H7" target="G7"/>
  <move id="243" source="I5" target="I6"/>
  <move id="244" source="K9" target="K8"/>
  <move id="245" source="I6" target="I7"/>
  <move id="246" source="C7" target="B7"/>
  <move id="247" source="I7" target="K7"/>
  <move id="248" source="K8" target="K7"/>
  <move id="249" source="K7" target="I7"/>
  <move id="250" source="B7" target="A7"/>
  <move id="251" source="I7" target="I6"/>
  <move id="252" source="A7" target="A6"/>
  <move id="253" source="E4" target="D4"/>
  <move id="254" source="A6" target="A5"/>
  <move id="255" source="D4" target="C4"/>
  <move id="256" source="A5" target="A4"/>
  <move id="257" source="F4" target="F5"/>
  <move id="258" source="E8" target="D8"/>
  <move id="259" source="E1" target="F1"/>
  <move id="260" source="E9" target="E8"/>
  <move id="261" source="D1" target="E1"/>
  <move id="262" source="E8" target="E7"/>
  <move id="263" source="E1" target="E2"/>
  <move id="264" source="E7" target="E6"/>
  <move id="265" source="E2" target="E3"/>
  <move id="266" source="E6" target="E5"/>
  <move id="267" source="F5" target="F6"/>
  <move id="268" source="E5" target="E4"/>
  <move id="269" source="E3" target="E4"/>
  <move id="270" source="D8" target="D7"/>
  <move id="271" source="G4" target="F4"/>
  <move id="272" source="D7" target="E7"/>
  <move id="273" source="F4" target="E4"/>
  <move id="274" source="G7" target="F7"/>
  <move id="275" source="F6" target="F5"/>
  <move id="276" source="F7" target="F6"/>
  <move id="277" source="F5" target="F4"/>
  <move id="278" source="F6" target="F5"/>
  <move id="279" source="I6" target="I5"/>
  <move id="280" source="F5" target="F4"/>
  <move id="281" source="E4" target="F4"/>
  <move id="282" source="E7" target="E6"/>
  <move id="283" source="I2" target="H2"/>
  <move id="284" source="E6" target="F6"/>
  <move id="285" source="H2" target="G2"/>
  <move id="286" source="F9" target="E9"/>
  <move id="287" source="G2" target="F2"/>
  <move id="288" source="G8" target="G7"/>
  <move id="289" source="F2" target="F3"/>
  <move id="290" source="E9" target="E8"/>
  <move id="291" source="F3" target="F4"/>
  <move id="292" source="E8" target="E7"/>
  <move id="293" source="H1" target="H2"/>
  <move id="294" source="F6" target="F5"/>
  <move id="295" source="H2" target="H3"/>
  <move id="296" source="F5" target="F4"/>
  <move id="297" source="I5" target="I4"/>
  <move id="298" source="G7" target="F7"/>
  <move id="299" source="I4" target="H4"/>
  <move id="300" source="F4" target="F5"/>
  <move id="301" source="H4" target="G4"/>
  <move id="302" source="F5" target="F6"/>
  <move id="303" source="H3" target="H4"/>
  <move id="304" source="F7" target="F8"/>
  <move id="305" source="H4" target="I4"/>
  <move id="306" source="F6" target="F7"/>
  <move id="307" source="I4" target="I5"/>
  <move id="308" source="F7" target="G7"/>
  <move id="309" source="I5" target="I6"/>
  <move id="310" source="G7" target="H7"/>
  <move id="311" source="I6" target="I5"/>
  <move id="312" source="F8" target="F7"/>
  <move id="313" source="I5" target="I4"/>
  <move id="314" source="F7" target="F6"/>
  <move id="315" source="I4" target="H4"/>
  <move id="316" source="E7" target="E6"/>
  <move id="317" source="G4" target="F4"/>
  <move id="318" source="F6" target="F5"/>
  <move id="319" source="F4" target="E4"/>
  <move id="320" source="F5" target="E5"/>
  <move id="321" source="E4" target="D4"/>
  <move id="322" source="E5" target="E4"/>
  <move id="323" source="D4" target="D3"/>
  <move id="324" source="E4" target="E3"/>
  <move id="325" source="D3" target="D4"/>
  <move id="326" source="E3" target="E4"/>
  <move id="327" source="G1" target="G2"/>
  <move id="328" source="E4" target="D4"/>
  <move id="329" source="C4" target="B4"/>
  <move id="330" source="A4" target="A3"/>
  <move id="331" source="B4" target="A4"/>
  <move id="332" source="A3" target="B3"/>
  <move id="333" source="A4" target="B4"/>
  <move id="334" source="B3" target="C3"/>
  <move id="335" source="B4" target="B3"/>
  <move id="336" source="C3" target="C2"/>
  <player id="1">Player 1</player>
  <player id="2">Player 2</player>
  <result type="1" winner="2"/>
 </game>
</stratego>