<?xml version="1.0" encoding="UTF-8"?>
<stratego>
 <game type="classic">
  
  <field content="MDDDDDDDFIILEGJEBFBHJKEBHBIBGGDFCEBHGEFHAA__AA__AAAA__AA__AATURVTRUPPSSSTXPPQSNUWPONQTVNQRPQNYNQPRNP"/>
  <move id="1" source="I4" target="I5"/>
  <move id="2" source="I7" target="I5"/>
  <move id="3" source="B4" target="B5"/>
  <move id="4" source="H7" target="I7"/>
  <move id="5" source="B3" target="B4"/>
  <move id="6" source="B7" target="B6"/>
  <move id="7" source="A4" target="A5"/>
  <move id="8" source="C7" target="B7"/>
  <move id="9" source="A3" target="A4"/>
  <move id="10" source="B6" target="A6"/>
  <move id="11" source="B5" target="B6"/>
  <move id="12" source="A6" target="B6"/>
  <move id="13" source="A5" target="A6"/>
  <move id="14" source="B6" target="A6"/>
  <move id="15" source="A4" target="A5"/>
  <move id="16" source="A6" target="B6"/>
  <move id="17" source="B4" target="B5"/>
  <move id="18" source="B7" target="C7"/>
  <move id="19" source="B5" target="B6"/>
  <move id="20" source="B8" target="B7"/>
  <move id="21" source="A5" target="A6"/>
  <move id="22" source="B7" target="B8"/>
  <move id="23" source="A6" target="A7"/>
  <move id="24" source="E7" target="E6"/>
  <move id="25" source="B6" target="B7"/>
  <move id="26" source="D7" target="E7"/>
  <move id="27" source="B7" target="B8"/>
  <move id="28" source="E6" target="E5"/>
  <move id="29" source="C3" target="B3"/>
  <move id="30" source="E7" target="E6"/>
  <move id="31" source="B3" target="B4"/>
  <move id="32" source="E8" target="E7"/>
  <move id="33" source="B4" target="B5"/>
  <move id="34" source="D8" target="D7"/>
  <move id="35" source="B5" target="B6"/>
  <move id="36" source="F7" target="F6"/>
  <move id="37" source="B6" target="B7"/>
  <move id="38" source="F6" target="F5"/>
  <move id="39" source="B7" target="C7"/>
  <move id="40" source="E7" target="F7"/>
  <move id="41" source="B8" target="C8"/>
  <move id="42" source="F8" target="E8"/>
  <move id="43" source="B2" target="B3"/>
  <move id="44" source="E8" target="D8"/>
  <move id="45" source="C8" target="B8"/>
  <move id="46" source="C7" target="B7"/>
  <move id="47" source="B8" target="B7"/>
  <move id="48" source="D7" target="C7"/>
  <move id="49" source="B7" target="B6"/>
  <move id="50" source="C7" target="B7"/>
  <move id="51" source="B6" target="B5"/>
  <move id="52" source="B7" target="A7"/>
  <move id="53" source="B3" target="A3"/>
  <move id="54" source="A7" target="B7"/>
  <move id="55" source="B5" target="B4"/>
  <move id="56" source="E5" target="E4"/>
  <move id="57" source="A3" target="A4"/>
  <move id="58" source="F5" target="F4"/>
  <move id="59" source="A4" target="A5"/>
  <move id="60" source="B7" target="B6"/>
  <move id="61" source="A5" target="A4"/>
  <move id="62" source="F7" target="A7"/>
  <move id="63" source="A4" target="A5"/>
  <move id="64" source="A7" target="A5"/>
  <move id="65" source="A5" target="A6"/>
  <move id="66" source="E6" target="F6"/>
  <move id="67" source="A6" target="A7"/>
  <move id="68" source="C9" target="C8"/>
  <move id="69" source="A7" target="B7"/>
  <move id="70" source="F6" target="F5"/>
  <move id="71" source="B1" target="B2"/>
  <move id="72" source="F5" target="F4"/>
  <move id="73" source="B2" target="B3"/>
  <move id="74" source="G8" target="F8"/>
  <move id="75" source="B3" target="A3"/>
  <move id="76" source="F8" target="E8"/>
  <move id="77" source="B7" target="A7"/>
  <move id="78" source="E8" target="E7"/>
  <move id="79" source="B4" target="B3"/>
  <move id="80" source="E7" target="E6"/>
  <move id="81" source="A3" target="A4"/>
  <move id="82" source="E6" target="E5"/>
  <move id="83" source="C4" target="B4"/>
  <move id="84" source="E5" target="E4"/>
  <move id="85" source="D4" target="E4"/>
  <move id="86" source="D8" target="E8"/>
  <move id="87" source="A4" target="A5"/>
  <move id="88" source="E8" target="E3"/>
  <move id="89" source="A5" target="B5"/>
  <move id="90" source="B6" target="A6"/>
  <move id="91" source="B5" target="B6"/>
  <move id="92" source="A6" target="B6"/>
  <move id="93" source="A7" target="B7"/>
  <move id="94" source="B6" target="A6"/>
  <move id="95" source="B3" target="C3"/>
  <move id="96" source="F4" target="E4"/>
  <move id="97" source="C3" target="C4"/>
  <move id="98" source="E4" target="E3"/>
  <move id="99" source="C4" target="D4"/>
  <move id="100" source="A6" target="B6"/>
  <move id="101" source="D4" target="E4"/>
  <move id="102" source="E3" target="D3"/>
  <move id="103" source="E4" target="E5"/>
  <move id="104" source="G7" target="F7"/>
  <move id="105" source="E5" target="E6"/>
  <move id="106" source="B6" target="B7"/>
  <move id="107" source="B4" target="B5"/>
  <move id="108" source="B9" target="B5"/>
  <move id="109" source="E2" target="E3"/>
  <move id="110" source="C8" target="C7"/>
  <move id="111" source="E3" target="E4"/>
  <move id="112" source="C7" target="B7"/>
  <move id="113" source="E4" target="D4"/>
  <move id="114" source="B5" target="B4"/>
  <move id="115" source="D4" target="C4"/>
  <move id="116" source="B4" target="C4"/>
  <move id="117" source="C4" target="B4"/>
  <move id="118" source="B7" target="A7"/>
  <move id="119" source="B4" target="A4"/>
  <move id="120" source="I7" target="I5"/>
  <move id="121" source="A4" target="A5"/>
  <move id="122" source="A8" target="B8"/>
  <move id="123" source="A5" target="A6"/>
  <move id="124" source="A7" target="A8"/>
  <move id="125" source="A6" target="A7"/>
  <move id="126" source="B8" target="C8"/>
  <move id="127" source="A7" target="A8"/>
  <move id="128" source="A9" target="A8"/>
  <move id="129" source="E6" target="F6"/>
  <move id="130" source="F7" target="E7"/>
  <move id="131" source="F6" target="F7"/>
  <move id="132" source="E7" target="E6"/>
  <move id="133" source="F7" target="E7"/>
  <move id="134" source="E6" target="E5"/>
  <move id="135" source="E1" target="E5"/>
  <move id="136" source="G9" target="G8"/>
  <move id="137" source="G4" target="F4"/>
  <move id="138" source="C8" target="B8"/>
  <move id="139" source="F4" target="E4"/>
  <move id="140" source="B8" target="B7"/>
  <move id="141" source="E4" target="D4"/>
  <move id="142" source="B7" target="A7"/>
  <move id="143" source="D4" target="C4"/>
  <move id="144" source="A7" target="A6"/>
  <move id="145" source="C4" target="B4"/>
  <move id="146" source="A8" target="A7"/>
  <move id="147" source="B4" target="A4"/>
  <move id="148" source="E5" target="E4"/>
  <move id="149" source="A4" target="A5"/>
  <move id="150" source="E4" target="D4"/>
  <move id="151" source="F1" target="E1"/>
  <move id="152" source="K7" target="K6"/>
  <move id="153" source="E7" target="F7"/>
  <move id="154" source="K6" target="I6"/>
  <move id="155" source="F7" target="F8"/>
  <move id="156" source="G8" target="G7"/>
  <move id="157" source="E1" target="E9"/>
  <move id="158" source="A6" target="A5"/>
  <move id="159" source="F8" target="E8"/>
  <move id="160" source="G7" target="F7"/>
  <move id="161" source="E8" target="E9"/>
  <move id="162" source="F7" target="F6"/>
  <move id="163" source="E9" target="E8"/>
  <move id="164" source="A7" target="B7"/>
  <move id="165" source="E8" target="E7"/>
  <move id="166" source="D4" target="C4"/>
  <move id="167" source="G3" target="G4"/>
  <move id="168" source="F6" target="F5"/>
  <move id="169" source="E7" target="F7"/>
  <move id="170" source="F5" target="F4"/>
  <move id="171" source="G4" target="G3"/>
  <move id="172" source="F4" target="G4"/>
  <move id="173" source="F7" target="F6"/>
  <move id="174" source="G4" target="G3"/>
  <move id="175" source="F6" target="F5"/>
  <move id="176" source="G3" target="H3"/>
  <move id="177" source="F5" target="E5"/>
  <move id="178" source="C4" target="C3"/>
  <move id="179" source="E5" target="E4"/>
  <move id="180" source="C3" target="C2"/>
  <move id="181" source="C1" target="B1"/>
  <move id="182" source="B7" target="B6"/>
  <move id="183" source="E4" target="D4"/>
  <move id="184" source="C2" target="C1"/>
  <move id="185" source="B1" target="B2"/>
  <move id="186" source="B6" target="B5"/>
  <move id="187" source="D4" target="C4"/>
  <move id="188" source="B5" target="B4"/>
  <move id="189" source="C4" target="B4"/>
  <move id="190" source="H8" target="G8"/>
  <move id="191" source="B2" target="B:"/>
  <move id="192" source="C1" target="B1"/>
  <move id="193" source="A2" target="A3"/>
  <move id="194" source="A:" target="A3"/>
  <move id="195" source="A3" target="A4"/>
  <move id="196" source="B:" target="B9"/>
  <move id="197" source="A4" target="A5"/>
  <move id="198" source="G8" target="G7"/>
  <move id="199" source="A5" target="A6"/>
  <move id="200" source="G7" target="F7"/>
  <move id="201" source="D2" target="E2"/>
  <move id="202" source="B1" target="A1"/>
  <player id="1">Player 1</player>
  <player id="2">Player 2</player>
  <result type="1" winner="2"/>
 </game>
</stratego>