<?xml version="1.0" encoding="UTF-8"?>
<stratego>
 <game type="classic">
  
  <field content="EEDDGDHDGHGEIDDIBMIBBJEEDBCBJFFDLHFGKHFBAA__AA__AAAA__AA__AAPPUPSPTTPPQTWQPPSXUSNVOUTQSVQNRNRNRNYNQR"/>
  <move id="1" source="A4" target="A5"/>
  <move id="2" source="B7" target="B4"/>
  <move id="3" source="C4" target="B4"/>
  <move id="4" source="K7" target="K4"/>
  <move id="5" source="B4" target="B5"/>
  <move id="6" source="I7" target="I4"/>
  <move id="7" source="B5" target="B6"/>
  <move id="8" source="B8" target="B7"/>
  <move id="9" source="A5" target="A6"/>
  <move id="10" source="H7" target="I7"/>
  <move id="11" source="B3" target="B4"/>
  <move id="12" source="I7" target="I6"/>
  <move id="13" source="B4" target="A4"/>
  <move id="14" source="I6" target="I5"/>
  <move id="15" source="C3" target="B3"/>
  <move id="16" source="I5" target="I4"/>
  <move id="17" source="I3" target="I4"/>
  <move id="18" source="H8" target="H7"/>
  <move id="19" source="F4" target="F5"/>
  <move id="20" source="I8" target="H8"/>
  <move id="21" source="F5" target="F6"/>
  <move id="22" source="I9" target="I8"/>
  <move id="23" source="E4" target="E5"/>
  <move id="24" source="I8" target="I7"/>
  <move id="25" source="I4" target="I3"/>
  <move id="26" source="I7" target="I6"/>
  <move id="27" source="H4" target="I4"/>
  <move id="28" source="H7" target="I7"/>
  <move id="29" source="G4" target="H4"/>
  <move id="30" source="I6" target="K6"/>
  <move id="31" source="A6" target="A7"/>
  <move id="32" source="B7" target="A7"/>
  <move id="33" source="A4" target="A5"/>
  <move id="34" source="A7" target="B7"/>
  <move id="35" source="A5" target="A6"/>
  <move id="36" source="H8" target="H7"/>
  <move id="37" source="B6" target="B7"/>
  <move id="38" source="I7" target="K7"/>
  <move id="39" source="B3" target="B4"/>
  <move id="40" source="H7" target="I7"/>
  <move id="41" source="A6" target="B6"/>
  <move id="42" source="E7" target="E6"/>
  <move id="43" source="B4" target="B5"/>
  <move id="44" source="E6" target="E5"/>
  <move id="45" source="B5" target="A5"/>
  <move id="46" source="E5" target="E4"/>
  <move id="47" source="D4" target="E4"/>
  <move id="48" source="I7" target="I6"/>
  <move id="49" source="A5" target="A6"/>
  <move id="50" source="D7" target="E7"/>
  <move id="51" source="A6" target="A7"/>
  <move id="52" source="I6" target="I5"/>
  <move id="53" source="A7" target="A8"/>
  <move id="54" source="D8" target="D7"/>
  <move id="55" source="D3" target="D4"/>
  <move id="56" source="I5" target="I4"/>
  <move id="57" source="I3" target="I4"/>
  <move id="58" source="K6" target="K5"/>
  <move id="59" source="I4" target="I3"/>
  <move id="60" source="G7" target="H7"/>
  <move id="61" source="D4" target="C4"/>
  <move id="62" source="H7" target="I7"/>
  <move id="63" source="C4" target="B4"/>
  <move id="64" source="I7" target="I6"/>
  <move id="65" source="B4" target="A4"/>
  <move id="66" source="I6" target="I5"/>
  <move id="67" source="A4" target="A5"/>
  <move id="68" source="I5" target="I4"/>
  <move id="69" source="H4" target="I4"/>
  <move id="70" source="K7" target="K6"/>
  <move id="71" source="I4" target="H4"/>
  <move id="72" source="K6" target="I6"/>
  <move id="73" source="A5" target="A6"/>
  <move id="74" source="I6" target="I5"/>
  <move id="75" source="A6" target="A7"/>
  <move id="76" source="I5" target="I4"/>
  <move id="77" source="H4" target="G4"/>
  <move id="78" source="K5" target="K4"/>
  <move id="79" source="K3" target="K4"/>
  <move id="80" source="C8" target="D8"/>
  <move id="81" source="A7" target="A8"/>
  <move id="82" source="C7" target="C8"/>
  <move id="83" source="B7" target="B8"/>
  <move id="84" source="I4" target="I5"/>
  <move id="85" source="A8" target="A9"/>
  <move id="86" source="A:" target="A9"/>
  <move id="87" source="B6" target="B7"/>
  <move id="88" source="F7" target="K7"/>
  <move id="89" source="B7" target="A7"/>
  <move id="90" source="E7" target="E6"/>
  <move id="91" source="A7" target="A8"/>
  <move id="92" source="D7" target="E7"/>
  <move id="93" source="A8" target="A9"/>
  <move id="94" source="E7" target="F7"/>
  <move id="95" source="D2" target="D4"/>
  <move id="96" source="E8" target="E7"/>
  <move id="97" source="D4" target="B4"/>
  <move id="98" source="F7" target="G7"/>
  <move id="99" source="B8" target="A8"/>
  <move id="100" source="G7" target="H7"/>
  <move id="101" source="B4" target="B9"/>
  <move id="102" source="H7" target="H8"/>
  <move id="103" source="A9" target="A:"/>
  <move id="104" source="E7" target="E8"/>
  <move id="105" source="A8" target="B8"/>
  <move id="106" source="D8" target="D7"/>
  <move id="107" source="B8" target="B9"/>
  <move id="108" source="C9" target="B9"/>
  <move id="109" source="A:" target="B:"/>
  <move id="110" source="I5" target="I6"/>
  <move id="111" source="F6" target="E6"/>
  <move id="112" source="D9" target="D8"/>
  <move id="113" source="E6" target="F6"/>
  <move id="114" source="G8" target="G7"/>
  <move id="115" source="F6" target="F7"/>
  <move id="116" source="G7" target="F7"/>
  <move id="117" source="E4" target="E5"/>
  <move id="118" source="I6" target="I7"/>
  <move id="119" source="E5" target="E6"/>
  <move id="120" source="F8" target="G8"/>
  <move id="121" source="E6" target="E7"/>
  <move id="122" source="D7" target="C7"/>
  <move id="123" source="E7" target="D7"/>
  <move id="124" source="D8" target="D7"/>
  <move id="125" source="G4" target="F4"/>
  <move id="126" source="I7" target="H7"/>
  <move id="127" source="F4" target="F5"/>
  <move id="128" source="H7" target="G7"/>
  <move id="129" source="F5" target="F6"/>
  <move id="130" source="E8" target="D8"/>
  <move id="131" source="F6" target="F7"/>
  <move id="132" source="G7" target="F7"/>
  <player id="1">Player 1</player>
  <player id="2">Player 2</player>
  <result type="3" winner="2"/>
 </game>
</stratego>