<?xml version="1.0" encoding="UTF-8"?>
<stratego>
 <game type="classic">
  
  <field content="EEFMFBDDDBDBGBBEGDDDDKJHFFHILJGICBGHEEHIAA__AA__AAAA__AA__AASRPWNUPTRSTVQOSXTQPRPNUSVYNUNNPQNTPQPRPQ"/>
  <move id="1" source="I4" target="I5"/>
  <move id="2" source="B7" target="B6"/>
  <move id="3" source="K4" target="K5"/>
  <move id="4" source="B6" target="B5"/>
  <move id="5" source="I5" target="I6"/>
  <move id="6" source="B5" target="B4"/>
  <move id="7" source="H4" target="I4"/>
  <move id="8" source="C7" target="B7"/>
  <move id="9" source="I4" target="I5"/>
  <move id="10" source="B7" target="B6"/>
  <move id="11" source="I6" target="I7"/>
  <move id="12" source="H7" target="I7"/>
  <move id="13" source="I5" target="I6"/>
  <move id="14" source="B6" target="A6"/>
  <move id="15" source="I6" target="I7"/>
  <move id="16" source="A6" target="A4"/>
  <move id="17" source="I7" target="H7"/>
  <move id="18" source="K7" target="K6"/>
  <move id="19" source="H7" target="G7"/>
  <move id="20" source="G8" target="G7"/>
  <move id="21" source="I3" target="I4"/>
  <move id="22" source="K6" target="K5"/>
  <move id="23" source="I4" target="K4"/>
  <move id="24" source="A7" target="A6"/>
  <move id="25" source="I2" target="I8"/>
  <move id="26" source="A6" target="A5"/>
  <move id="27" source="H2" target="I2"/>
  <move id="28" source="A5" target="A4"/>
  <move id="29" source="I2" target="I3"/>
  <move id="30" source="G7" target="G8"/>
  <move id="31" source="I3" target="I4"/>
  <move id="32" source="H8" target="H7"/>
  <move id="33" source="I4" target="I5"/>
  <move id="34" source="H7" target="G7"/>
  <move id="35" source="I5" target="I6"/>
  <move id="36" source="B8" target="B7"/>
  <move id="37" source="I6" target="I7"/>
  <move id="38" source="B7" target="B6"/>
  <move id="39" source="K4" target="I4"/>
  <move id="40" source="B6" target="B5"/>
  <move id="41" source="I4" target="I5"/>
  <move id="42" source="K8" target="I8"/>
  <move id="43" source="I7" target="H7"/>
  <move id="44" source="I8" target="I7"/>
  <move id="45" source="H7" target="H8"/>
  <move id="46" source="I7" target="I6"/>
  <move id="47" source="H8" target="H9"/>
  <move id="48" source="I6" target="I5"/>
  <move id="49" source="I5" target="I6"/>
  <move id="50" source="A8" target="B8"/>
  <move id="51" source="I6" target="I7"/>
  <move id="52" source="A9" target="A3"/>
  <move id="53" source="I7" target="I8"/>
  <move id="54" source="B5" target="A5"/>
  <move id="55" source="I8" target="K8"/>
  <move id="56" source="D7" target="C7"/>
  <move id="57" source="I1" target="I9"/>
  <move id="58" source="C7" target="B7"/>
  <move id="59" source="K8" target="I8"/>
  <move id="60" source="B7" target="B6"/>
  <move id="61" source="K5" target="I5"/>
  <move id="62" source="B6" target="B5"/>
  <move id="63" source="K3" target="I3"/>
  <move id="64" source="B5" target="B4"/>
  <move id="65" source="B3" target="B4"/>
  <move id="66" source="B8" target="B7"/>
  <move id="67" source="K2" target="K9"/>
  <move id="68" source="D8" target="D7"/>
  <move id="69" source="I8" target="H8"/>
  <move id="70" source="C8" target="C7"/>
  <move id="71" source="H8" target="H9"/>
  <move id="72" source="D9" target="D8"/>
  <move id="73" source="G4" target="H4"/>
  <move id="74" source="D8" target="C8"/>
  <move id="75" source="H4" target="I4"/>
  <move id="76" source="C8" target="B8"/>
  <move id="77" source="I4" target="K4"/>
  <move id="78" source="B8" target="A8"/>
  <move id="79" source="K4" target="K5"/>
  <move id="80" source="A8" target="A7"/>
  <move id="81" source="K5" target="K6"/>
  <move id="82" source="A7" target="A6"/>
  <move id="83" source="K6" target="K7"/>
  <move id="84" source="A6" target="B6"/>
  <move id="85" source="K7" target="K8"/>
  <move id="86" source="B6" target="B5"/>
  <move id="87" source="K8" target="I8"/>
  <move id="88" source="B5" target="B4"/>
  <move id="89" source="C3" target="B3"/>
  <move id="90" source="B4" target="C4"/>
  <move id="91" source="I8" target="I9"/>
  <move id="92" source="C4" target="D4"/>
  <move id="93" source="I9" target="K9"/>
  <move id="94" source="B7" target="B6"/>
  <move id="95" source="K9" target="K:"/>
  <move id="96" source="I:" target="K:"/>
  <move id="97" source="H9" target="H8"/>
  <move id="98" source="K:" target="K2"/>
  <move id="99" source="I5" target="I6"/>
  <move id="100" source="K2" target="G2"/>
  <move id="101" source="I6" target="I7"/>
  <move id="102" source="B6" target="B5"/>
  <move id="103" source="I7" target="H7"/>
  <move id="104" source="B5" target="B4"/>
  <move id="105" source="B3" target="A3"/>
  <move id="106" source="A5" target="A4"/>
  <move id="107" source="H7" target="G7"/>
  <move id="108" source="F7" target="G7"/>
  <move id="109" source="E4" target="E5"/>
  <move id="110" source="B4" target="B3"/>
  <move id="111" source="A3" target="A4"/>
  <move id="112" source="C7" target="B7"/>
  <move id="113" source="H8" target="H7"/>
  <move id="114" source="B7" target="B6"/>
  <move id="115" source="H7" target="G7"/>
  <move id="116" source="G8" target="H8"/>
  <move id="117" source="E5" target="E6"/>
  <move id="118" source="B6" target="B5"/>
  <move id="119" source="F4" target="F5"/>
  <move id="120" source="B5" target="B4"/>
  <move id="121" source="F5" target="F6"/>
  <move id="122" source="A:" target="A2"/>
  <move id="123" source="F6" target="F7"/>
  <move id="124" source="B3" target="A3"/>
  <move id="125" source="E6" target="E7"/>
  <move id="126" source="A3" target="A2"/>
  <move id="127" source="F3" target="F4"/>
  <move id="128" source="A2" target="A1"/>
  <move id="129" source="F4" target="F5"/>
  <move id="130" source="A1" target="B1"/>
  <move id="131" source="F5" target="F6"/>
  <move id="132" source="B4" target="B3"/>
  <move id="133" source="F7" target="F8"/>
  <move id="134" source="B3" target="B2"/>
  <move id="135" source="F2" target="F3"/>
  <move id="136" source="B2" target="C2"/>
  <move id="137" source="C2" target="C3"/>
  <move id="138" source="H8" target="I8"/>
  <move id="139" source="C3" target="C4"/>
  <move id="140" source="I8" target="I7"/>
  <move id="141" source="D3" target="C3"/>
  <move id="142" source="I7" target="I6"/>
  <move id="143" source="F3" target="F4"/>
  <move id="144" source="I6" target="I5"/>
  <move id="145" source="F4" target="F5"/>
  <move id="146" source="I5" target="I4"/>
  <move id="147" source="I3" target="I4"/>
  <move id="148" source="B1" target="C1"/>
  <move id="149" source="F5" target="E5"/>
  <move id="150" source="C1" target="C2"/>
  <move id="151" source="C3" target="C2"/>
  <move id="152" source="C9" target="C8"/>
  <move id="153" source="E5" target="E6"/>
  <move id="154" source="C8" target="B8"/>
  <move id="155" source="E6" target="E7"/>
  <move id="156" source="E8" target="E7"/>
  <move id="157" source="G7" target="F7"/>
  <move id="158" source="F8" target="E8"/>
  <move id="159" source="G3" target="G4"/>
  <move id="160" source="B8" target="B7"/>
  <move id="161" source="G4" target="F4"/>
  <move id="162" source="B7" target="B6"/>
  <move id="163" source="F4" target="E4"/>
  <move id="164" source="B6" target="B5"/>
  <move id="165" source="E4" target="E5"/>
  <move id="166" source="B5" target="B4"/>
  <move id="167" source="E5" target="E6"/>
  <move id="168" source="E7" target="E6"/>
  <move id="169" source="I4" target="I5"/>
  <move id="170" source="B4" target="C4"/>
  <move id="171" source="I5" target="I6"/>
  <move id="172" source="C4" target="C3"/>
  <move id="173" source="I6" target="I7"/>
  <move id="174" source="C3" target="C2"/>
  <move id="175" source="I7" target="H7"/>
  <move id="176" source="C2" target="D2"/>
  <move id="177" source="H7" target="G7"/>
  <move id="178" source="D:" target="D9"/>
  <move id="179" source="E6" target="E7"/>
  <move id="180" source="D7" target="D8"/>
  <move id="181" source="E7" target="D7"/>
  <move id="182" source="D8" target="C8"/>
  <move id="183" source="F7" target="E7"/>
  <move id="184" source="E8" target="D8"/>
  <move id="185" source="D7" target="C7"/>
  <move id="186" source="C8" target="C9"/>
  <move id="187" source="F6" target="F7"/>
  <move id="188" source="D8" target="C8"/>
  <move id="189" source="C7" target="D7"/>
  <move id="190" source="D9" target="D8"/>
  <move id="191" source="F7" target="F8"/>
  <move id="192" source="D8" target="D7"/>
  <move id="193" source="F8" target="F9"/>
  <player id="1">Player 1</player>
  <player id="2">Player 2</player>
  <result type="1" winner="1"/>
 </game>
</stratego>