<?xml version="1.0" encoding="UTF-8"?>
<stratego>
 <game type="classic">
  
  <field content="DBEBMBHDFBGJIEBEIJBGDHCHDGLGFEFDKFEDIHDDAA__AA__AAAA__AA__AAPTUNPTXPTPRVWPUONQVRNPSQSQPUNPRQTYRNNSQS"/>
  <move id="1" source="F4" target="F5"/>
  <move id="2" source="F7" target="F6"/>
  <move id="3" source="G4" target="F4"/>
  <move id="4" source="E7" target="E6"/>
  <move id="5" source="B4" target="B5"/>
  <move id="6" source="E8" target="E7"/>
  <move id="7" source="B5" target="B6"/>
  <move id="8" source="E6" target="E5"/>
  <move id="9" source="F5" target="F6"/>
  <move id="10" source="F6" target="F7"/>
  <move id="11" source="E4" target="E5"/>
  <move id="12" source="E9" target="E8"/>
  <move id="13" source="F4" target="F5"/>
  <move id="14" source="E7" target="E6"/>
  <move id="15" source="E5" target="E4"/>
  <move id="16" source="E6" target="E7"/>
  <move id="17" source="F5" target="F4"/>
  <move id="18" source="F7" target="F6"/>
  <move id="19" source="B6" target="B7"/>
  <move id="20" source="A7" target="A6"/>
  <move id="21" source="A4" target="A5"/>
  <move id="22" source="A6" target="B6"/>
  <move id="23" source="A5" target="B5"/>
  <move id="24" source="B6" target="A6"/>
  <move id="25" source="B5" target="A5"/>
  <move id="26" source="A6" target="A7"/>
  <move id="27" source="A5" target="A6"/>
  <move id="28" source="B7" target="B6"/>
  <move id="29" source="A6" target="A7"/>
  <move id="30" source="B6" target="B7"/>
  <move id="31" source="A7" target="A6"/>
  <move id="32" source="B7" target="B6"/>
  <move id="33" source="A6" target="A5"/>
  <move id="34" source="B6" target="A6"/>
  <move id="35" source="A5" target="B5"/>
  <move id="36" source="A6" target="A5"/>
  <move id="37" source="B5" target="B6"/>
  <move id="38" source="A5" target="B5"/>
  <move id="39" source="B6" target="A6"/>
  <move id="40" source="B5" target="A5"/>
  <move id="41" source="A6" target="B6"/>
  <move id="42" source="C7" target="B7"/>
  <move id="43" source="A3" target="A4"/>
  <move id="44" source="A5" target="A6"/>
  <move id="45" source="B6" target="B5"/>
  <move id="46" source="A6" target="B6"/>
  <move id="47" source="B5" target="A5"/>
  <move id="48" source="B6" target="A6"/>
  <move id="49" source="A5" target="B5"/>
  <move id="50" source="A6" target="B6"/>
  <move id="51" source="B5" target="A5"/>
  <move id="52" source="B7" target="A7"/>
  <move id="53" source="A4" target="B4"/>
  <move id="54" source="A7" target="A6"/>
  <move id="55" source="B4" target="B5"/>
  <move id="56" source="B6" target="B7"/>
  <move id="57" source="A5" target="A4"/>
  <move id="58" source="A6" target="A7"/>
  <move id="59" source="A4" target="A3"/>
  <move id="60" source="B7" target="C7"/>
  <move id="61" source="B3" target="B4"/>
  <move id="62" source="A7" target="B7"/>
  <move id="63" source="B5" target="A5"/>
  <move id="64" source="B7" target="A7"/>
  <move id="65" source="A5" target="B5"/>
  <move id="66" source="A7" target="B7"/>
  <move id="67" source="B5" target="A5"/>
  <move id="68" source="B7" target="A7"/>
  <move id="69" source="A5" target="B5"/>
  <move id="70" source="A7" target="B7"/>
  <move id="71" source="B5" target="A5"/>
  <move id="72" source="A8" target="A7"/>
  <move id="73" source="B4" target="A4"/>
  <move id="74" source="A7" target="A6"/>
  <move id="75" source="A5" target="B5"/>
  <move id="76" source="A6" target="B6"/>
  <move id="77" source="B5" target="A5"/>
  <move id="78" source="B6" target="A6"/>
  <move id="79" source="A5" target="B5"/>
  <move id="80" source="B7" target="A7"/>
  <move id="81" source="B5" target="B4"/>
  <move id="82" source="C7" target="B7"/>
  <move id="83" source="B4" target="B3"/>
  <move id="84" source="A7" target="A8"/>
  <move id="85" source="A4" target="A5"/>
  <move id="86" source="A6" target="A5"/>
  <move id="87" source="A5" target="A4"/>
  <move id="88" source="F9" target="E9"/>
  <move id="89" source="G3" target="G4"/>
  <move id="90" source="F8" target="F9"/>
  <move id="91" source="A4" target="A5"/>
  <move id="92" source="E8" target="F8"/>
  <move id="93" source="A5" target="B5"/>
  <move id="94" source="E7" target="F7"/>
  <move id="95" source="B5" target="B6"/>
  <move id="96" source="B7" target="C7"/>
  <move id="97" source="B6" target="B5"/>
  <move id="98" source="A8" target="A7"/>
  <move id="99" source="B5" target="B4"/>
  <move id="100" source="A7" target="B7"/>
  <move id="101" source="B4" target="A4"/>
  <move id="102" source="B7" target="A7"/>
  <move id="103" source="A4" target="B4"/>
  <move id="104" source="D8" target="E8"/>
  <move id="105" source="E4" target="E5"/>
  <move id="106" source="E8" target="E7"/>
  <move id="107" source="F4" target="F5"/>
  <move id="108" source="E7" target="E8"/>
  <move id="109" source="E5" target="E4"/>
  <move id="110" source="E8" target="D8"/>
  <move id="111" source="F5" target="F4"/>
  <move id="112" source="D8" target="E8"/>
  <move id="113" source="E4" target="E5"/>
  <move id="114" source="E8" target="D8"/>
  <move id="115" source="E3" target="E4"/>
  <move id="116" source="F8" target="E8"/>
  <move id="117" source="F3" target="E3"/>
  <move id="118" source="E8" target="E7"/>
  <move id="119" source="B4" target="B5"/>
  <move id="120" source="E7" target="E6"/>
  <move id="121" source="F4" target="F5"/>
  <move id="122" source="E6" target="E7"/>
  <move id="123" source="B5" target="A5"/>
  <move id="124" source="C7" target="B7"/>
  <move id="125" source="A5" target="B5"/>
  <move id="126" source="F6" target="E6"/>
  <move id="127" source="E5" target="E6"/>
  <move id="128" source="E7" target="E8"/>
  <move id="129" source="E4" target="E5"/>
  <move id="130" source="E6" target="E7"/>
  <move id="131" source="F5" target="F4"/>
  <move id="132" source="F7" target="F6"/>
  <move id="133" source="E5" target="F5"/>
  <move id="134" source="F6" target="F7"/>
  <move id="135" source="F5" target="F7"/>
  <move id="136" source="F7" target="F8"/>
  <move id="137" source="B3" target="B4"/>
  <move id="138" source="E7" target="F7"/>
  <move id="139" source="B4" target="A4"/>
  <move id="140" source="A7" target="A6"/>
  <move id="141" source="A4" target="A6"/>
  <move id="142" source="A6" target="B6"/>
  <move id="143" source="B5" target="A5"/>
  <move id="144" source="B6" target="A6"/>
  <move id="145" source="A5" target="B5"/>
  <move id="146" source="A6" target="A5"/>
  <move id="147" source="B5" target="B4"/>
  <move id="148" source="A5" target="A4"/>
  <move id="149" source="B4" target="B5"/>
  <move id="150" source="A4" target="A5"/>
  <move id="151" source="B5" target="B4"/>
  <move id="152" source="A5" target="A6"/>
  <move id="153" source="B4" target="B3"/>
  <move id="154" source="B7" target="A7"/>
  <move id="155" source="B3" target="B4"/>
  <move id="156" source="A6" target="B6"/>
  <move id="157" source="B4" target="A4"/>
  <move id="158" source="A7" target="B7"/>
  <move id="159" source="E3" target="E4"/>
  <move id="160" source="E8" target="E7"/>
  <move id="161" source="C4" target="B4"/>
  <move id="162" source="B6" target="A6"/>
  <move id="163" source="B4" target="B5"/>
  <move id="164" source="B7" target="C7"/>
  <move id="165" source="B5" target="A5"/>
  <move id="166" source="A6" target="B6"/>
  <move id="167" source="A5" target="B5"/>
  <move id="168" source="B6" target="A6"/>
  <move id="169" source="B5" target="A5"/>
  <move id="170" source="A6" target="B6"/>
  <move id="171" source="D4" target="C4"/>
  <move id="172" source="B6" target="B7"/>
  <move id="173" source="C4" target="B4"/>
  <move id="174" source="B8" target="A8"/>
  <move id="175" source="A5" target="B5"/>
  <move id="176" source="B9" target="B8"/>
  <move id="177" source="B5" target="B6"/>
  <move id="178" source="B7" target="A7"/>
  <move id="179" source="B6" target="A6"/>
  <move id="180" source="A7" target="B7"/>
  <move id="181" source="A6" target="B6"/>
  <move id="182" source="A8" target="A7"/>
  <move id="183" source="A4" target="A5"/>
  <move id="184" source="B8" target="A8"/>
  <move id="185" source="B6" target="B7"/>
  <move id="186" source="A7" target="A6"/>
  <move id="187" source="B7" target="B6"/>
  <move id="188" source="A6" target="A5"/>
  <move id="189" source="B4" target="A4"/>
  <move id="190" source="A5" target="A4"/>
  <move id="191" source="B6" target="B5"/>
  <move id="192" source="A4" target="A3"/>
  <move id="193" source="B5" target="B4"/>
  <move id="194" source="C8" target="B8"/>
  <move id="195" source="C3" target="C4"/>
  <move id="196" source="B8" target="B7"/>
  <move id="197" source="D3" target="D4"/>
  <move id="198" source="B7" target="B6"/>
  <move id="199" source="G4" target="G3"/>
  <move id="200" source="B6" target="B5"/>
  <move id="201" source="G3" target="F3"/>
  <move id="202" source="B5" target="B4"/>
  <move id="203" source="C4" target="C3"/>
  <move id="204" source="A3" target="B3"/>
  <move id="205" source="B2" target="B3"/>
  <move id="206" source="C9" target="C8"/>
  <move id="207" source="F4" target="G4"/>
  <move id="208" source="F8" target="E8"/>
  <move id="209" source="F3" target="F4"/>
  <move id="210" source="F9" target="F8"/>
  <move id="211" source="F4" target="F5"/>
  <move id="212" source="C8" target="B8"/>
  <move id="213" source="F5" target="F6"/>
  <move id="214" source="B8" target="B7"/>
  <move id="215" source="E4" target="E5"/>
  <move id="216" source="B7" target="B6"/>
  <move id="217" source="I4" target="I7"/>
  <move id="218" source="A8" target="A7"/>
  <move id="219" source="G4" target="G3"/>
  <move id="220" source="K7" target="K6"/>
  <move id="221" source="K4" target="I4"/>
  <move id="222" source="K6" target="K5"/>
  <move id="223" source="K3" target="K4"/>
  <move id="224" source="A7" target="A6"/>
  <move id="225" source="K4" target="K5"/>
  <move id="226" source="K8" target="K7"/>
  <move id="227" source="K5" target="K4"/>
  <move id="228" source="K7" target="K6"/>
  <move id="229" source="E5" target="E6"/>
  <move id="230" source="A6" target="A5"/>
  <move id="231" source="G3" target="G4"/>
  <move id="232" source="A5" target="A4"/>
  <move id="233" source="H3" target="G3"/>
  <move id="234" source="K6" target="K5"/>
  <move id="235" source="K4" target="K3"/>
  <move id="236" source="K5" target="K6"/>
  <move id="237" source="G3" target="F3"/>
  <move id="238" source="B6" target="B5"/>
  <move id="239" source="F3" target="E3"/>
  <move id="240" source="A4" target="A3"/>
  <move id="241" source="A2" target="A3"/>
  <move id="242" source="B5" target="B4"/>
  <move id="243" source="A3" target="A2"/>
  <move id="244" source="B4" target="B5"/>
  <move id="245" source="H2" target="H3"/>
  <move id="246" source="B5" target="B6"/>
  <move id="247" source="H3" target="G3"/>
  <move id="248" source="D8" target="C8"/>
  <move id="249" source="G3" target="F3"/>
  <move id="250" source="C7" target="B7"/>
  <move id="251" source="E3" target="E4"/>
  <move id="252" source="C8" target="B8"/>
  <move id="253" source="E4" target="F4"/>
  <move id="254" source="B8" target="A8"/>
  <move id="255" source="A2" target="B2"/>
  <move id="256" source="B6" target="A6"/>
  <move id="257" source="F6" target="F5"/>
  <move id="258" source="K6" target="K5"/>
  <move id="259" source="F5" target="E5"/>
  <move id="260" source="I7" target="I6"/>
  <move id="261" source="I4" target="K4"/>
  <move id="262" source="I6" target="I5"/>
  <move id="263" source="H4" target="I4"/>
  <move id="264" source="I5" target="I6"/>
  <move id="265" source="I4" target="I5"/>
  <move id="266" source="I8" target="I7"/>
  <move id="267" source="K4" target="I4"/>
  <move id="268" source="K5" target="K6"/>
  <move id="269" source="I5" target="K5"/>
  <move id="270" source="K6" target="K7"/>
  <move id="271" source="K5" target="K6"/>
  <move id="272" source="K7" target="K8"/>
  <move id="273" source="K6" target="I6"/>
  <move id="274" source="I7" target="K7"/>
  <move id="275" source="I4" target="K4"/>
  <move id="276" source="K7" target="I7"/>
  <move id="277" source="K4" target="I4"/>
  <move id="278" source="I7" target="I6"/>
  <move id="279" source="I4" target="I6"/>
  <move id="280" source="I6" target="I5"/>
  <move id="281" source="G4" target="G3"/>
  <move id="282" source="I5" target="I4"/>
  <move id="283" source="F4" target="G4"/>
  <move id="284" source="I4" target="K4"/>
  <move id="285" source="G4" target="H4"/>
  <move id="286" source="K4" target="K5"/>
  <move id="287" source="H4" target="G4"/>
  <move id="288" source="H7" target="I7"/>
  <move id="289" source="G4" target="F4"/>
  <move id="290" source="K5" target="K4"/>
  <move id="291" source="F4" target="G4"/>
  <move id="292" source="K4" target="K3"/>
  <move id="293" source="F3" target="E3"/>
  <move id="294" source="K3" target="K4"/>
  <move id="295" source="E3" target="D3"/>
  <move id="296" source="K4" target="K5"/>
  <move id="297" source="G3" target="F3"/>
  <move id="298" source="I7" target="I6"/>
  <move id="299" source="F3" target="F4"/>
  <move id="300" source="I6" target="I5"/>
  <move id="301" source="G4" target="G3"/>
  <move id="302" source="I5" target="I4"/>
  <move id="303" source="F4" target="G4"/>
  <move id="304" source="K8" target="K7"/>
  <move id="305" source="G4" target="H4"/>
  <move id="306" source="K5" target="I5"/>
  <move id="307" source="H4" target="G4"/>
  <move id="308" source="K7" target="K6"/>
  <move id="309" source="D4" target="E4"/>
  <move id="310" source="I5" target="I6"/>
  <move id="311" source="G4" target="H4"/>
  <move id="312" source="I4" target="I5"/>
  <move id="313" source="D3" target="D4"/>
  <move id="314" source="K6" target="K5"/>
  <move id="315" source="A1" target="A6"/>
  <move id="316" source="K5" target="K4"/>
  <move id="317" source="D4" target="C4"/>
  <move id="318" source="B7" target="C7"/>
  <move id="319" source="C4" target="B4"/>
  <move id="320" source="A8" target="B8"/>
  <move id="321" source="B4" target="A4"/>
  <move id="322" source="A6" target="B6"/>
  <move id="323" source="A4" target="B4"/>
  <move id="324" source="B6" target="A6"/>
  <move id="325" source="B4" target="A4"/>
  <move id="326" source="A6" target="B6"/>
  <move id="327" source="A4" target="A5"/>
  <move id="328" source="K4" target="I4"/>
  <move id="329" source="H4" target="G4"/>
  <move id="330" source="I4" target="H4"/>
  <move id="331" source="G4" target="H4"/>
  <move id="332" source="I6" target="K6"/>
  <move id="333" source="H4" target="G4"/>
  <move id="334" source="K6" target="K5"/>
  <move id="335" source="G3" target="H3"/>
  <move id="336" source="I5" target="I4"/>
  <move id="337" source="H3" target="H4"/>
  <move id="338" source="I4" target="H4"/>
  <move id="339" source="H4" target="H3"/>
  <move id="340" source="K5" target="I5"/>
  <move id="341" source="H3" target="G3"/>
  <move id="342" source="I5" target="I4"/>
  <move id="343" source="G4" target="F4"/>
  <move id="344" source="I4" target="H4"/>
  <move id="345" source="F4" target="F5"/>
  <move id="346" source="H4" target="G4"/>
  <move id="347" source="G3" target="F3"/>
  <move id="348" source="K9" target="K2"/>
  <move id="349" source="A5" target="B5"/>
  <move id="350" source="B6" target="A6"/>
  <move id="351" source="C3" target="D3"/>
  <move id="352" source="G4" target="H4"/>
  <move id="353" source="E4" target="F4"/>
  <move id="354" source="H8" target="H7"/>
  <move id="355" source="F3" target="E3"/>
  <move id="356" source="H4" target="I4"/>
  <move id="357" source="F4" target="G4"/>
  <move id="358" source="H7" target="I7"/>
  <move id="359" source="B5" target="B6"/>
  <move id="360" source="A6" target="A5"/>
  <move id="361" source="C2" target="C3"/>
  <move id="362" source="B8" target="B6"/>
  <move id="363" source="C3" target="B3"/>
  <move id="364" source="I4" target="K4"/>
  <move id="365" source="G4" target="H4"/>
  <move id="366" source="I7" target="I6"/>
  <move id="367" source="I3" target="H3"/>
  <move id="368" source="I6" target="I5"/>
  <move id="369" source="H3" target="H2"/>
  <move id="370" source="I5" target="I4"/>
  <move id="371" source="H4" target="H3"/>
  <move id="372" source="I4" target="I3"/>
  <move id="373" source="H3" target="H4"/>
  <move id="374" source="I3" target="I4"/>
  <move id="375" source="H4" target="H3"/>
  <move id="376" source="K4" target="K3"/>
  <move id="377" source="H3" target="I3"/>
  <move id="378" source="K3" target="K4"/>
  <move id="379" source="I3" target="K3"/>
  <move id="380" source="K4" target="K5"/>
  <move id="381" source="K3" target="K4"/>
  <move id="382" source="K5" target="K6"/>
  <move id="383" source="K4" target="K5"/>
  <move id="384" source="K6" target="I6"/>
  <move id="385" source="K5" target="I5"/>
  <move id="386" source="I6" target="K6"/>
  <move id="387" source="I5" target="K5"/>
  <move id="388" source="K6" target="K7"/>
  <move id="389" source="K2" target="K3"/>
  <move id="390" source="I4" target="I5"/>
  <move id="391" source="K5" target="K4"/>
  <move id="392" source="I5" target="I4"/>
  <move id="393" source="K4" target="I4"/>
  <move id="394" source="K7" target="K6"/>
  <move id="395" source="I4" target="H4"/>
  <move id="396" source="K6" target="K5"/>
  <move id="397" source="H4" target="G4"/>
  <move id="398" source="K5" target="K4"/>
  <move id="399" source="K3" target="I3"/>
  <move id="400" source="K4" target="I4"/>
  <move id="401" source="I3" target="K3"/>
  <move id="402" source="I4" target="K4"/>
  <move id="403" source="K3" target="I3"/>
  <move id="404" source="K4" target="I4"/>
  <move id="405" source="I3" target="H3"/>
  <move id="406" source="I4" target="H4"/>
  <move id="407" source="G4" target="F4"/>
  <move id="408" source="H4" target="H3"/>
  <move id="409" source="B6" target="A6"/>
  <move id="410" source="A5" target="B5"/>
  <move id="411" source="B3" target="B4"/>
  <move id="412" source="H3" target="H2"/>
  <move id="413" source="B4" target="B5"/>
  <move id="414" source="H2" target="H3"/>
  <move id="415" source="F4" target="E4"/>
  <move id="416" source="H3" target="G3"/>
  <move id="417" source="E4" target="D4"/>
  <move id="418" source="G3" target="F3"/>
  <move id="419" source="E5" target="E4"/>
  <move id="420" source="F8" target="F9"/>
  <move id="421" source="F5" target="F6"/>
  <move id="422" source="F7" target="F8"/>
  <move id="423" source="A6" target="A7"/>
  <move id="424" source="G7" target="F7"/>
  <move id="425" source="F6" target="F7"/>
  <move id="426" source="F7" target="F6"/>
  <move id="427" source="A7" target="B7"/>
  <move id="428" source="C7" target="C8"/>
  <move id="429" source="B7" target="B8"/>
  <move id="430" source="C8" target="C7"/>
  <move id="431" source="B8" target="B7"/>
  <move id="432" source="C7" target="C8"/>
  <move id="433" source="B7" target="B8"/>
  <move id="434" source="C8" target="C7"/>
  <move id="435" source="B8" target="B7"/>
  <move id="436" source="C7" target="C8"/>
  <move id="437" source="B7" target="B8"/>
  <move id="438" source="F6" target="E6"/>
  <move id="439" source="B8" target="C8"/>
  <move id="440" source="E6" target="E5"/>
  <move id="441" source="C8" target="D8"/>
  <move id="442" source="E5" target="E4"/>
  <move id="443" source="D8" target="E8"/>
  <move id="444" source="F3" target="E3"/>
  <move id="445" source="D3" target="E3"/>
  <move id="446" source="E3" target="D3"/>
  <move id="447" source="D4" target="E4"/>
  <move id="448" source="D3" target="E3"/>
  <move id="449" source="E4" target="D4"/>
  <move id="450" source="E3" target="E4"/>
  <move id="451" source="D4" target="D3"/>
  <move id="452" source="E4" target="E3"/>
  <move id="453" source="D3" target="D4"/>
  <move id="454" source="E3" target="E4"/>
  <move id="455" source="D4" target="D3"/>
  <move id="456" source="E4" target="E3"/>
  <move id="457" source="D3" target="D4"/>
  <move id="458" source="E3" target="E4"/>
  <move id="459" source="D4" target="D3"/>
  <move id="460" source="E4" target="D4"/>
  <move id="461" source="D3" target="E3"/>
  <move id="462" source="D4" target="E4"/>
  <move id="463" source="E3" target="D3"/>
  <move id="464" source="E4" target="D4"/>
  <move id="465" source="D3" target="E3"/>
  <move id="466" source="D4" target="E4"/>
  <move id="467" source="E3" target="D3"/>
  <move id="468" source="E4" target="D4"/>
  <move id="469" source="D3" target="E3"/>
  <move id="470" source="F8" target="F7"/>
  <move id="471" source="E8" target="F8"/>
  <move id="472" source="F7" target="F6"/>
  <move id="473" source="F8" target="F9"/>
  <move id="474" source="F6" target="F5"/>
  <move id="475" source="F9" target="F8"/>
  <move id="476" source="D4" target="D3"/>
  <move id="477" source="E3" target="E4"/>
  <move id="478" source="F5" target="E5"/>
  <move id="479" source="E4" target="F4"/>
  <move id="480" source="E5" target="F5"/>
  <move id="481" source="F4" target="E4"/>
  <move id="482" source="D3" target="E3"/>
  <move id="483" source="E4" target="F4"/>
  <move id="484" source="F5" target="F4"/>
  <move id="485" source="F8" target="F7"/>
  <move id="486" source="E7" target="E6"/>
  <move id="487" source="F7" target="F6"/>
  <move id="488" source="E6" target="E5"/>
  <move id="489" source="F6" target="F5"/>
  <move id="490" source="E5" target="E6"/>
  <move id="491" source="B5" target="B6"/>
  <move id="492" source="E3" target="D3"/>
  <move id="493" source="B6" target="B7"/>
  <move id="494" source="D3" target="C3"/>
  <move id="495" source="B7" target="B8"/>
  <move id="496" source="C3" target="B3"/>
  <move id="497" source="B2" target="C2"/>
  <move id="498" source="B3" target="B2"/>
  <move id="499" source="C2" target="C3"/>
  <move id="500" source="B2" target="C2"/>
  <move id="501" source="C3" target="B3"/>
  <move id="502" source="C2" target="C3"/>
  <move id="503" source="B3" target="B2"/>
  <move id="504" source="C3" target="C4"/>
  <move id="505" source="F5" target="E5"/>
  <move id="506" source="E6" target="F6"/>
  <move id="507" source="E5" target="F5"/>
  <move id="508" source="F6" target="F7"/>
  <move id="509" source="F5" target="F6"/>
  <move id="510" source="F7" target="G7"/>
  <move id="511" source="F6" target="F5"/>
  <move id="512" source="C4" target="D4"/>
  <move id="513" source="G2" target="H2"/>
  <move id="514" source="H9" target="H8"/>
  <move id="515" source="H2" target="H3"/>
  <move id="516" source="H8" target="I8"/>
  <move id="517" source="H3" target="I3"/>
  <move id="518" source="I8" target="I7"/>
  <move id="519" source="I3" target="K3"/>
  <move id="520" source="I7" target="K7"/>
  <move id="521" source="K3" target="I3"/>
  <move id="522" source="K7" target="K6"/>
  <move id="523" source="I3" target="I4"/>
  <move id="524" source="K6" target="I6"/>
  <move id="525" source="I4" target="K4"/>
  <move id="526" source="I6" target="K6"/>
  <move id="527" source="K4" target="I4"/>
  <move id="528" source="K6" target="I6"/>
  <move id="529" source="I4" target="K4"/>
  <move id="530" source="I6" target="K6"/>
  <move id="531" source="K4" target="I4"/>
  <move id="532" source="D4" target="E4"/>
  <move id="533" source="F5" target="F6"/>
  <move id="534" source="G7" target="H7"/>
  <move id="535" source="F6" target="F7"/>
  <move id="536" source="H7" target="H8"/>
  <move id="537" source="F7" target="G7"/>
  <move id="538" source="K6" target="K5"/>
  <move id="539" source="G7" target="H7"/>
  <move id="540" source="H8" target="I8"/>
  <move id="541" source="H7" target="I7"/>
  <move id="542" source="I8" target="H8"/>
  <move id="543" source="I7" target="H7"/>
  <move id="544" source="H8" target="I8"/>
  <move id="545" source="H7" target="I7"/>
  <move id="546" source="I8" target="K8"/>
  <move id="547" source="I7" target="K7"/>
  <move id="548" source="K8" target="I8"/>
  <move id="549" source="K7" target="K6"/>
  <move id="550" source="K5" target="K4"/>
  <move id="551" source="I4" target="I5"/>
  <move id="552" source="K4" target="I4"/>
  <move id="553" source="I5" target="I6"/>
  <move id="554" source="E4" target="D4"/>
  <move id="555" source="I6" target="I7"/>
  <move id="556" source="I4" target="H4"/>
  <move id="557" source="I7" target="I8"/>
  <move id="558" source="D4" target="C4"/>
  <move id="559" source="K6" target="I6"/>
  <move id="560" source="H4" target="G4"/>
  <move id="561" source="I6" target="I5"/>
  <move id="562" source="G4" target="F4"/>
  <move id="563" source="I5" target="I4"/>
  <move id="564" source="F4" target="E4"/>
  <move id="565" source="I4" target="H4"/>
  <move id="566" source="E4" target="D4"/>
  <move id="567" source="H4" target="G4"/>
  <move id="568" source="D4" target="D3"/>
  <move id="569" source="G4" target="F4"/>
  <move id="570" source="D3" target="C3"/>
  <move id="571" source="B8" target="C8"/>
  <move id="572" source="C4" target="B4"/>
  <move id="573" source="F4" target="F5"/>
  <move id="574" source="C3" target="C2"/>
  <move id="575" source="B2" target="C2"/>
  <move id="576" source="B4" target="B5"/>
  <move id="577" source="F5" target="F4"/>
  <move id="578" source="B5" target="B6"/>
  <move id="579" source="F4" target="E4"/>
  <move id="580" source="C2" target="C3"/>
  <move id="581" source="E4" target="D4"/>
  <move id="582" source="B6" target="B7"/>
  <move id="583" source="H1" target="H2"/>
  <move id="584" source="B7" target="B8"/>
  <move id="585" source="C8" target="C7"/>
  <move id="586" source="B8" target="B7"/>
  <move id="587" source="C7" target="C8"/>
  <move id="588" source="B7" target="C7"/>
  <move id="589" source="C8" target="B8"/>
  <move id="590" source="C7" target="C8"/>
  <move id="591" source="B8" target="B7"/>
  <move id="592" source="C8" target="B8"/>
  <move id="593" source="B7" target="C7"/>
  <move id="594" source="B8" target="C8"/>
  <move id="595" source="C7" target="B7"/>
  <move id="596" source="C8" target="D8"/>
  <move id="597" source="I8" target="I7"/>
  <move id="598" source="D8" target="E8"/>
  <move id="599" source="H2" target="H3"/>
  <move id="600" source="E8" target="E7"/>
  <move id="601" source="H3" target="K3"/>
  <move id="602" source="E7" target="E6"/>
  <move id="603" source="K3" target="I3"/>
  <move id="604" source="E6" target="E5"/>
  <move id="605" source="B7" target="A7"/>
  <move id="606" source="E5" target="E4"/>
  <move id="607" source="D4" target="D3"/>
  <move id="608" source="C3" target="C4"/>
  <move id="609" source="D3" target="C3"/>
  <move id="610" source="C4" target="B4"/>
  <move id="611" source="C3" target="C4"/>
  <move id="612" source="B4" target="B5"/>
  <move id="613" source="C4" target="B4"/>
  <move id="614" source="B5" target="B6"/>
  <move id="615" source="B4" target="B5"/>
  <move id="616" source="B6" target="B7"/>
  <move id="617" source="A7" target="A6"/>
  <move id="618" source="B7" target="A7"/>
  <move id="619" source="A6" target="A5"/>
  <move id="620" source="A7" target="A6"/>
  <move id="621" source="A5" target="A4"/>
  <move id="622" source="E4" target="D4"/>
  <move id="623" source="A4" target="A3"/>
  <move id="624" source="D4" target="C4"/>
  <move id="625" source="A3" target="A2"/>
  <move id="626" source="C4" target="B4"/>
  <move id="627" source="B5" target="A5"/>
  <move id="628" source="A6" target="B6"/>
  <move id="629" source="I3" target="H3"/>
  <move id="630" source="B4" target="A4"/>
  <move id="631" source="A5" target="B5"/>
  <move id="632" source="B6" target="B7"/>
  <move id="633" source="B5" target="B6"/>
  <move id="634" source="B7" target="C7"/>
  <move id="635" source="B6" target="B7"/>
  <move id="636" source="C7" target="C8"/>
  <move id="637" source="B7" target="C7"/>
  <move id="638" source="C8" target="D8"/>
  <move id="639" source="C7" target="C8"/>
  <move id="640" source="A4" target="A3"/>
  <move id="641" source="A2" target="B2"/>
  <move id="642" source="A3" target="B3"/>
  <move id="643" source="B2" target="C2"/>
  <move id="644" source="B3" target="C3"/>
  <move id="645" source="C2" target="B2"/>
  <move id="646" source="C3" target="B3"/>
  <move id="647" source="B2" target="A2"/>
  <move id="648" source="D8" target="E8"/>
  <move id="649" source="C8" target="D8"/>
  <move id="650" source="E8" target="F8"/>
  <move id="651" source="D8" target="E8"/>
  <move id="652" source="F8" target="F7"/>
  <move id="653" source="E8" target="E7"/>
  <move id="654" source="F7" target="F6"/>
  <move id="655" source="E7" target="E6"/>
  <move id="656" source="F6" target="F5"/>
  <move id="657" source="E6" target="E5"/>
  <move id="658" source="F5" target="F4"/>
  <move id="659" source="E5" target="E4"/>
  <move id="660" source="F4" target="G4"/>
  <move id="661" source="E4" target="F4"/>
  <move id="662" source="G4" target="H4"/>
  <move id="663" source="H3" target="G3"/>
  <move id="664" source="H4" target="I4"/>
  <move id="665" source="I7" target="I8"/>
  <move id="666" source="I4" target="I5"/>
  <move id="667" source="I8" target="H8"/>
  <move id="668" source="I5" target="I6"/>
  <move id="669" source="F4" target="F5"/>
  <move id="670" source="I6" target="I7"/>
  <move id="671" source="F5" target="F6"/>
  <move id="672" source="I7" target="I8"/>
  <move id="673" source="H8" target="H7"/>
  <move id="674" source="I8" target="H8"/>
  <move id="675" source="H7" target="I7"/>
  <move id="676" source="H8" target="H7"/>
  <move id="677" source="I7" target="I8"/>
  <move id="678" source="B3" target="C3"/>
  <move id="679" source="G3" target="H3"/>
  <move id="680" source="C3" target="D3"/>
  <move id="681" source="H3" target="H2"/>
  <move id="682" source="D3" target="E3"/>
  <move id="683" source="F6" target="F7"/>
  <move id="684" source="H7" target="I7"/>
  <move id="685" source="I8" target="H8"/>
  <move id="686" source="E3" target="F3"/>
  <move id="687" source="F7" target="G7"/>
  <move id="688" source="I7" target="I6"/>
  <move id="689" source="G7" target="F7"/>
  <move id="690" source="I6" target="I5"/>
  <move id="691" source="F7" target="F6"/>
  <move id="692" source="I5" target="I4"/>
  <move id="693" source="H2" target="H3"/>
  <move id="694" source="F3" target="G3"/>
  <move id="695" source="H3" target="H2"/>
  <move id="696" source="I4" target="I3"/>
  <move id="697" source="F6" target="E6"/>
  <move id="698" source="G3" target="G2"/>
  <move id="699" source="H2" target="H4"/>
  <move id="700" source="I3" target="I4"/>
  <move id="701" source="H4" target="F4"/>
  <move id="702" source="G2" target="G3"/>
  <move id="703" source="F4" target="F:"/>
  <move id="704" source="I4" target="I5"/>
  <move id="705" source="E6" target="E7"/>
  <move id="706" source="G3" target="G4"/>
  <move id="707" source="A2" target="B2"/>
  <move id="708" source="G4" target="F4"/>
  <move id="709" source="B2" target="B3"/>
  <move id="710" source="F4" target="E4"/>
  <move id="711" source="B3" target="A3"/>
  <move id="712" source="E4" target="E5"/>
  <move id="713" source="E7" target="F7"/>
  <move id="714" source="E5" target="F5"/>
  <move id="715" source="F7" target="G7"/>
  <move id="716" source="F5" target="F6"/>
  <move id="717" source="G7" target="H7"/>
  <move id="718" source="I5" target="I4"/>
  <move id="719" source="H7" target="I7"/>
  <move id="720" source="I4" target="H4"/>
  <move id="721" source="I7" target="I6"/>
  <move id="722" source="H4" target="G4"/>
  <move id="723" source="I6" target="I5"/>
  <move id="724" source="G4" target="F4"/>
  <move id="725" source="I5" target="I4"/>
  <move id="726" source="F4" target="E4"/>
  <move id="727" source="I4" target="H4"/>
  <move id="728" source="F6" target="F5"/>
  <move id="729" source="H4" target="H3"/>
  <move id="730" source="E4" target="D4"/>
  <move id="731" source="H3" target="G3"/>
  <move id="732" source="F5" target="F4"/>
  <move id="733" source="A3" target="A4"/>
  <move id="734" source="D4" target="C4"/>
  <move id="735" source="A4" target="A5"/>
  <move id="736" source="C4" target="B4"/>
  <move id="737" source="H8" target="H7"/>
  <move id="738" source="B4" target="A4"/>
  <move id="739" source="A5" target="B5"/>
  <move id="740" source="F4" target="E4"/>
  <move id="741" source="G3" target="F3"/>
  <move id="742" source="A4" target="A5"/>
  <move id="743" source="B5" target="B6"/>
  <move id="744" source="A5" target="A6"/>
  <move id="745" source="B6" target="B7"/>
  <move id="746" source="A6" target="B6"/>
  <move id="747" source="B7" target="C7"/>
  <move id="748" source="B6" target="B7"/>
  <move id="749" source="C7" target="C8"/>
  <move id="750" source="B7" target="C7"/>
  <move id="751" source="C8" target="D8"/>
  <move id="752" source="C7" target="C8"/>
  <move id="753" source="D8" target="D9"/>
  <move id="754" source="E4" target="E5"/>
  <move id="755" source="F3" target="F4"/>
  <move id="756" source="C8" target="C9"/>
  <move id="757" source="D9" target="D8"/>
  <move id="758" source="E5" target="E6"/>
  <move id="759" source="H7" target="G7"/>
  <move id="760" source="E6" target="E7"/>
  <move id="761" source="D8" target="C8"/>
  <move id="762" source="C9" target="C8"/>
  <move id="763" source="G7" target="H7"/>
  <move id="764" source="E7" target="F7"/>
  <move id="765" source="H7" target="I7"/>
  <move id="766" source="F7" target="G7"/>
  <move id="767" source="I7" target="I8"/>
  <move id="768" source="G7" target="H7"/>
  <move id="769" source="F4" target="E4"/>
  <move id="770" source="H7" target="H8"/>
  <move id="771" source="I8" target="I7"/>
  <move id="772" source="H8" target="I8"/>
  <move id="773" source="I7" target="H7"/>
  <move id="774" source="I8" target="I7"/>
  <move id="775" source="H7" target="H8"/>
  <move id="776" source="I7" target="I8"/>
  <move id="777" source="H8" target="H7"/>
  <move id="778" source="I8" target="H8"/>
  <move id="779" source="H7" target="I7"/>
  <move id="780" source="H8" target="H7"/>
  <move id="781" source="I7" target="I8"/>
  <move id="782" source="H7" target="G7"/>
  <move id="783" source="E4" target="E5"/>
  <move id="784" source="G7" target="F7"/>
  <move id="785" source="E5" target="E6"/>
  <move id="786" source="F7" target="E7"/>
  <move id="787" source="E6" target="F6"/>
  <move id="788" source="E7" target="F7"/>
  <move id="789" source="F6" target="E6"/>
  <move id="790" source="E9" target="D9"/>
  <move id="791" source="I8" target="I7"/>
  <move id="792" source="D9" target="D8"/>
  <move id="793" source="I7" target="I6"/>
  <move id="794" source="D8" target="C8"/>
  <move id="795" source="I6" target="I5"/>
  <move id="796" source="C8" target="C7"/>
  <move id="797" source="I5" target="I4"/>
  <move id="798" source="C7" target="B7"/>
  <move id="799" source="I4" target="H4"/>
  <move id="800" source="B7" target="B6"/>
  <move id="801" source="H4" target="G4"/>
  <move id="802" source="B6" target="B5"/>
  <move id="803" source="G4" target="F4"/>
  <move id="804" source="B5" target="B4"/>
  <move id="805" source="F4" target="E4"/>
  <move id="806" source="B4" target="B3"/>
  <move id="807" source="E4" target="D4"/>
  <move id="808" source="B3" target="C3"/>
  <move id="809" source="D4" target="D3"/>
  <move id="810" source="C3" target="C2"/>
  <move id="811" source="D3" target="C3"/>
  <move id="812" source="C2" target="D2"/>
  <move id="813" source="C3" target="B3"/>
  <move id="814" source="G9" target="H9"/>
  <move id="815" source="B3" target="B4"/>
  <move id="816" source="H9" target="H8"/>
  <move id="817" source="B4" target="B5"/>
  <move id="818" source="H8" target="H7"/>
  <move id="819" source="B5" target="B4"/>
  <move id="820" source="H7" target="I7"/>
  <move id="821" source="B4" target="C4"/>
  <move id="822" source="I7" target="I6"/>
  <move id="823" source="C4" target="D4"/>
  <move id="824" source="I6" target="I5"/>
  <move id="825" source="D4" target="E4"/>
  <move id="826" source="I5" target="I4"/>
  <move id="827" source="E4" target="F4"/>
  <move id="828" source="I4" target="I5"/>
  <move id="829" source="F4" target="G4"/>
  <move id="830" source="I5" target="I6"/>
  <move id="831" source="G4" target="H4"/>
  <move id="832" source="I6" target="I7"/>
  <move id="833" source="H4" target="I4"/>
  <move id="834" source="I7" target="H7"/>
  <move id="835" source="I4" target="I5"/>
  <move id="836" source="H7" target="H8"/>
  <move id="837" source="I5" target="I6"/>
  <move id="838" source="H8" target="H9"/>
  <move id="839" source="I6" target="I7"/>
  <move id="840" source="H9" target="G9"/>
  <move id="841" source="I7" target="I8"/>
  <move id="842" source="G9" target="F9"/>
  <move id="843" source="I8" target="H8"/>
  <move id="844" source="F9" target="E9"/>
  <move id="845" source="H8" target="H9"/>
  <move id="846" source="E9" target="B9"/>
  <move id="847" source="H9" target="H8"/>
  <move id="848" source="B9" target="B4"/>
  <move id="849" source="H8" target="H7"/>
  <move id="850" source="B4" target="F4"/>
  <move id="851" source="H7" target="I7"/>
  <move id="852" source="F4" target="F2"/>
  <move id="853" source="I7" target="I6"/>
  <move id="854" source="F7" target="F6"/>
  <move id="855" source="E6" target="E7"/>
  <move id="856" source="F6" target="E6"/>
  <move id="857" source="E7" target="F7"/>
  <move id="858" source="E6" target="E7"/>
  <move id="859" source="F7" target="F6"/>
  <move id="860" source="E7" target="F7"/>
  <move id="861" source="F6" target="E6"/>
  <move id="862" source="C:" target="C9"/>
  <move id="863" source="I6" target="I5"/>
  <move id="864" source="C9" target="D9"/>
  <move id="865" source="I5" target="I4"/>
  <move id="866" source="D9" target="E9"/>
  <move id="867" source="I4" target="H4"/>
  <move id="868" source="E9" target="F9"/>
  <move id="869" source="H4" target="G4"/>
  <move id="870" source="F9" target="G9"/>
  <move id="871" source="G4" target="F4"/>
  <move id="872" source="G9" target="H9"/>
  <move id="873" source="F4" target="E4"/>
  <move id="874" source="H9" target="H8"/>
  <move id="875" source="E4" target="D4"/>
  <move id="876" source="H8" target="H7"/>
  <move id="877" source="D4" target="C4"/>
  <move id="878" source="H7" target="I7"/>
  <move id="879" source="C4" target="B4"/>
  <move id="880" source="I7" target="I6"/>
  <move id="881" source="B4" target="C4"/>
  <move id="882" source="I6" target="I5"/>
  <move id="883" source="C4" target="D4"/>
  <move id="884" source="I5" target="I4"/>
  <move id="885" source="D4" target="E4"/>
  <move id="886" source="I4" target="H4"/>
  <move id="887" source="E4" target="F4"/>
  <move id="888" source="H4" target="H3"/>
  <move id="889" source="F4" target="F3"/>
  <move id="890" source="H3" target="H2"/>
  <move id="891" source="F3" target="G3"/>
  <move id="892" source="B:" target="B9"/>
  <move id="893" source="G3" target="G2"/>
  <move id="894" source="H2" target="H3"/>
  <move id="895" source="G2" target="G3"/>
  <move id="896" source="H3" target="H2"/>
  <move id="897" source="G3" target="G2"/>
  <move id="898" source="H2" target="H3"/>
  <move id="899" source="G2" target="G3"/>
  <move id="900" source="H3" target="H2"/>
  <move id="901" source="G3" target="F3"/>
  <move id="902" source="H2" target="G2"/>
  <move id="903" source="F3" target="E3"/>
  <move id="904" source="G2" target="F2"/>
  <move id="905" source="E3" target="D3"/>
  <move id="906" source="F2" target="G2"/>
  <move id="907" source="D3" target="E3"/>
  <move id="908" source="G2" target="G3"/>
  <move id="909" source="E3" target="F3"/>
  <move id="910" source="G3" target="H3"/>
  <move id="911" source="F3" target="G3"/>
  <move id="912" source="H3" target="I3"/>
  <move id="913" source="G3" target="H3"/>
  <move id="914" source="I3" target="I4"/>
  <move id="915" source="H3" target="I3"/>
  <move id="916" source="I4" target="I5"/>
  <move id="917" source="I3" target="I4"/>
  <move id="918" source="I5" target="K5"/>
  <move id="919" source="G1" target="G2"/>
  <move id="920" source="F7" target="E7"/>
  <move id="921" source="E6" target="F6"/>
  <move id="922" source="E7" target="F7"/>
  <move id="923" source="F6" target="E6"/>
  <move id="924" source="K5" target="K6"/>
  <move id="925" source="G2" target="G3"/>
  <move id="926" source="K6" target="I6"/>
  <move id="927" source="G3" target="F3"/>
  <move id="928" source="I6" target="I7"/>
  <move id="929" source="F3" target="E3"/>
  <move id="930" source="I7" target="I8"/>
  <move id="931" source="I4" target="I5"/>
  <move id="932" source="I8" target="H8"/>
  <move id="933" source="I5" target="I6"/>
  <move id="934" source="H8" target="H9"/>
  <move id="935" source="I6" target="I7"/>
  <move id="936" source="H9" target="G9"/>
  <move id="937" source="I7" target="I8"/>
  <move id="938" source="G9" target="F9"/>
  <move id="939" source="E3" target="D3"/>
  <move id="940" source="F9" target="E9"/>
  <move id="941" source="D3" target="C3"/>
  <move id="942" source="E9" target="D9"/>
  <move id="943" source="C3" target="B3"/>
  <move id="944" source="D9" target="D8"/>
  <move id="945" source="B3" target="A3"/>
  <move id="946" source="D8" target="C8"/>
  <move id="947" source="A3" target="A4"/>
  <move id="948" source="C8" target="B8"/>
  <move id="949" source="I8" target="H8"/>
  <move id="950" source="B8" target="B7"/>
  <move id="951" source="A4" target="A5"/>
  <move id="952" source="B7" target="A7"/>
  <move id="953" source="A5" target="B5"/>
  <move id="954" source="A7" target="B7"/>
  <move id="955" source="B5" target="A5"/>
  <move id="956" source="B7" target="B6"/>
  <move id="957" source="H8" target="H9"/>
  <move id="958" source="B9" target="C9"/>
  <move id="959" source="I1" target="H1"/>
  <move id="960" source="C9" target="D9"/>
  <move id="961" source="H1" target="H2"/>
  <move id="962" source="B6" target="B7"/>
  <move id="963" source="A5" target="A6"/>
  <move id="964" source="D9" target="D8"/>
  <move id="965" source="H2" target="H3"/>
  <move id="966" source="D8" target="E8"/>
  <move id="967" source="H3" target="I3"/>
  <move id="968" source="B7" target="A7"/>
  <move id="969" source="A6" target="B6"/>
  <move id="970" source="E8" target="D8"/>
  <move id="971" source="I3" target="H3"/>
  <move id="972" source="D8" target="C8"/>
  <move id="973" source="H3" target="H4"/>
  <move id="974" source="K:" target="K9"/>
  <move id="975" source="H4" target="I4"/>
  <move id="976" source="K9" target="K8"/>
  <move id="977" source="I4" target="I5"/>
  <move id="978" source="K8" target="K7"/>
  <move id="979" source="I5" target="I6"/>
  <move id="980" source="K7" target="K6"/>
  <move id="981" source="I6" target="I7"/>
  <move id="982" source="K6" target="I6"/>
  <move id="983" source="I7" target="K7"/>
  <move id="984" source="I6" target="K6"/>
  <move id="985" source="K7" target="I7"/>
  <move id="986" source="K6" target="I6"/>
  <move id="987" source="I7" target="K7"/>
  <move id="988" source="I6" target="I7"/>
  <move id="989" source="K7" target="K8"/>
  <move id="990" source="I7" target="I8"/>
  <move id="991" source="K8" target="K9"/>
  <move id="992" source="I8" target="I7"/>
  <move id="993" source="K9" target="K:"/>
  <move id="994" source="I7" target="I6"/>
  <move id="995" source="K:" target="I:"/>
  <move id="996" source="H:" target="I:"/>
  <move id="997" source="H9" target="G9"/>
  <move id="998" source="F7" target="F8"/>
  <move id="999" source="E6" target="E7"/>
  <move id="1000" source="A7" target="B7"/>
  <move id="1001" source="B6" target="A6"/>
  <move id="1002" source="A:" target="B:"/>
  <move id="1003" source="G9" target="H9"/>
  <move id="1004" source="I6" target="I5"/>
  <move id="1005" source="C1" target="C2"/>
  <move id="1006" source="I5" target="I4"/>
  <move id="1007" source="H9" target="H:"/>
  <move id="1008" source="I:" target="K:"/>
  <move id="1009" source="H:" target="I:"/>
  <move id="1010" source="K:" target="K9"/>
  <move id="1011" source="I:" target="K:"/>
  <move id="1012" source="K9" target="K8"/>
  <move id="1013" source="K:" target="K9"/>
  <move id="1014" source="K8" target="I8"/>
  <move id="1015" source="K9" target="K8"/>
  <move id="1016" source="I8" target="H8"/>
  <move id="1017" source="K8" target="I8"/>
  <move id="1018" source="H8" target="H7"/>
  <move id="1019" source="I8" target="I7"/>
  <move id="1020" source="H7" target="G7"/>
  <move id="1021" source="I7" target="H7"/>
  <move id="1022" source="G7" target="F7"/>
  <move id="1023" source="H7" target="I7"/>
  <move id="1024" source="I4" target="H4"/>
  <move id="1025" source="I7" target="I6"/>
  <move id="1026" source="H4" target="G4"/>
  <move id="1027" source="I6" target="I5"/>
  <move id="1028" source="F7" target="G7"/>
  <move id="1029" source="I5" target="I4"/>
  <move id="1030" source="G4" target="F4"/>
  <move id="1031" source="I4" target="H4"/>
  <move id="1032" source="F4" target="E4"/>
  <move id="1033" source="H4" target="G4"/>
  <move id="1034" source="E4" target="D4"/>
  <move id="1035" source="G4" target="F4"/>
  <move id="1036" source="D4" target="C4"/>
  <move id="1037" source="F4" target="E4"/>
  <move id="1038" source="C4" target="C3"/>
  <move id="1039" source="C2" target="B2"/>
  <move id="1040" source="C3" target="B3"/>
  <move id="1041" source="B2" target="C2"/>
  <move id="1042" source="B3" target="C3"/>
  <move id="1043" source="C2" target="B2"/>
  <move id="1044" source="C3" target="B3"/>
  <move id="1045" source="B2" target="C2"/>
  <move id="1046" source="B3" target="C3"/>
  <move id="1047" source="C2" target="D2"/>
  <move id="1048" source="C3" target="D3"/>
  <move id="1049" source="D2" target="C2"/>
  <move id="1050" source="D3" target="C3"/>
  <move id="1051" source="C2" target="B2"/>
  <move id="1052" source="C8" target="C9"/>
  <move id="1053" source="E4" target="F4"/>
  <move id="1054" source="G7" target="H7"/>
  <move id="1055" source="F4" target="G4"/>
  <move id="1056" source="H7" target="I7"/>
  <move id="1057" source="G4" target="H4"/>
  <move id="1058" source="I7" target="K7"/>
  <move id="1059" source="H4" target="I4"/>
  <move id="1060" source="K7" target="K6"/>
  <move id="1061" source="I4" target="I5"/>
  <move id="1062" source="B:" target="B9"/>
  <move id="1063" source="I5" target="I6"/>
  <move id="1064" source="K6" target="K5"/>
  <move id="1065" source="I6" target="I7"/>
  <move id="1066" source="B9" target="B8"/>
  <move id="1067" source="I7" target="H7"/>
  <move id="1068" source="B8" target="A8"/>
  <move id="1069" source="H7" target="H8"/>
  <move id="1070" source="A8" target="A7"/>
  <move id="1071" source="E7" target="E8"/>
  <move id="1072" source="F8" target="E8"/>
  <move id="1073" source="H8" target="H7"/>
  <move id="1074" source="K5" target="K4"/>
  <move id="1075" source="H7" target="G7"/>
  <move id="1076" source="K4" target="I4"/>
  <move id="1077" source="G7" target="F7"/>
  <move id="1078" source="I4" target="H4"/>
  <move id="1079" source="F7" target="E7"/>
  <move id="1080" source="B7" target="B6"/>
  <move id="1081" source="A6" target="A7"/>
  <move id="1082" source="B6" target="B7"/>
  <move id="1083" source="A7" target="A6"/>
  <move id="1084" source="E:" target="E9"/>
  <move id="1085" source="E7" target="E8"/>
  <move id="1086" source="E9" target="F9"/>
  <move id="1087" source="E8" target="F8"/>
  <move id="1088" source="F9" target="G9"/>
  <move id="1089" source="F8" target="F7"/>
  <move id="1090" source="G9" target="H9"/>
  <move id="1091" source="F7" target="F6"/>
  <move id="1092" source="H9" target="H8"/>
  <move id="1093" source="F6" target="F5"/>
  <move id="1094" source="H4" target="H3"/>
  <move id="1095" source="A6" target="A5"/>
  <move id="1096" source="B7" target="B6"/>
  <move id="1097" source="A5" target="A4"/>
  <move id="1098" source="B6" target="B5"/>
  <move id="1099" source="B2" target="A2"/>
  <move id="1100" source="B5" target="B4"/>
  <move id="1101" source="A4" target="A5"/>
  <move id="1102" source="C3" target="B3"/>
  <move id="1103" source="A5" target="A6"/>
  <move id="1104" source="B4" target="B5"/>
  <move id="1105" source="A2" target="B2"/>
  <move id="1106" source="B3" target="B2"/>
  <move id="1107" source="A6" target="A7"/>
  <move id="1108" source="B5" target="B6"/>
  <move id="1109" source="F5" target="F4"/>
  <move id="1110" source="H8" target="I8"/>
  <move id="1111" source="F4" target="F5"/>
  <move id="1112" source="I8" target="K8"/>
  <move id="1113" source="F5" target="F6"/>
  <move id="1114" source="K8" target="K7"/>
  <move id="1115" source="F6" target="F7"/>
  <move id="1116" source="C9" target="D9"/>
  <move id="1117" source="F7" target="F8"/>
  <move id="1118" source="D9" target="E9"/>
  <move id="1119" source="F8" target="E8"/>
  <move id="1120" source="E9" target="F9"/>
  <move id="1121" source="E8" target="E9"/>
  <move id="1122" source="F9" target="F8"/>
  <move id="1123" source="E9" target="D9"/>
  <move id="1124" source="F8" target="F7"/>
  <move id="1125" source="D9" target="D:"/>
  <player id="1">Player 1</player>
  <player id="2">Player 2</player>
  <result type="1" winner="1"/>
 </game>
</stratego>