<?xml version="1.0" encoding="UTF-8"?>
<stratego>
 <game type="classic">
  
  <field content="IEJDEBMBDIEHBEHCBJDFHDDGDKFDHGGBIEFGLBFDAA__AA__AAAA__AA__AASWQQRVNUNPNPQPXSRSUPRPNTQPOTPVPTSUNNQYTR"/>
  <move id="1" source="E4" target="E5"/>
  <move id="2" source="E7" target="E6"/>
  <move id="3" source="E5" target="E4"/>
  <move id="4" source="E6" target="E5"/>
  <move id="5" source="K4" target="K7"/>
  <move id="6" source="F7" target="F6"/>
  <move id="7" source="E4" target="E5"/>
  <move id="8" source="F6" target="E6"/>
  <move id="9" source="F4" target="E4"/>
  <move id="10" source="F8" target="F7"/>
  <move id="11" source="E4" target="E5"/>
  <move id="12" source="F7" target="F6"/>
  <move id="13" source="E3" target="E4"/>
  <move id="14" source="F6" target="F5"/>
  <move id="15" source="E5" target="E6"/>
  <move id="16" source="F5" target="F4"/>
  <move id="17" source="G4" target="F4"/>
  <move id="18" source="E8" target="F8"/>
  <move id="19" source="F4" target="G4"/>
  <move id="20" source="F8" target="E8"/>
  <move id="21" source="E4" target="F4"/>
  <move id="22" source="D7" target="E7"/>
  <move id="23" source="F4" target="F9"/>
  <move id="24" source="E7" target="F7"/>
  <move id="25" source="K3" target="K4"/>
  <move id="26" source="F7" target="F6"/>
  <move id="27" source="G4" target="F4"/>
  <move id="28" source="E6" target="E7"/>
  <move id="29" source="A4" target="A5"/>
  <move id="30" source="E7" target="D7"/>
  <move id="31" source="A5" target="A6"/>
  <move id="32" source="A7" target="A6"/>
  <move id="33" source="D4" target="E4"/>
  <move id="34" source="D7" target="E7"/>
  <move id="35" source="E4" target="E5"/>
  <move id="36" source="B7" target="A7"/>
  <move id="37" source="E5" target="F5"/>
  <move id="38" source="F6" target="F7"/>
  <move id="39" source="F5" target="F6"/>
  <move id="40" source="B8" target="B7"/>
  <move id="41" source="F6" target="F7"/>
  <move id="42" source="B7" target="B6"/>
  <move id="43" source="F4" target="F5"/>
  <move id="44" source="B6" target="A6"/>
  <move id="45" source="F5" target="F6"/>
  <move id="46" source="A6" target="A3"/>
  <move id="47" source="I4" target="I5"/>
  <move id="48" source="A7" target="A6"/>
  <move id="49" source="K4" target="K5"/>
  <move id="50" source="A6" target="A5"/>
  <move id="51" source="K5" target="K6"/>
  <move id="52" source="A5" target="A4"/>
  <move id="53" source="I5" target="I6"/>
  <move id="54" source="A4" target="A3"/>
  <move id="55" source="F6" target="F5"/>
  <move id="56" source="A3" target="A4"/>
  <move id="57" source="F5" target="E5"/>
  <move id="58" source="A4" target="A5"/>
  <move id="59" source="I6" target="I7"/>
  <move id="60" source="A5" target="B5"/>
  <move id="61" source="E5" target="E4"/>
  <move id="62" source="B9" target="B7"/>
  <move id="63" source="E4" target="D4"/>
  <move id="64" source="B7" target="A7"/>
  <move id="65" source="B3" target="A3"/>
  <move id="66" source="E7" target="F7"/>
  <move id="67" source="A3" target="A7"/>
  <move id="68" source="C7" target="B7"/>
  <move id="69" source="D4" target="E4"/>
  <move id="70" source="B7" target="A7"/>
  <move id="71" source="A2" target="A3"/>
  <move id="72" source="B5" target="A5"/>
  <move id="73" source="A3" target="B3"/>
  <move id="74" source="A5" target="A4"/>
  <move id="75" source="D3" target="D4"/>
  <move id="76" source="A4" target="A3"/>
  <move id="77" source="C3" target="D3"/>
  <move id="78" source="A3" target="B3"/>
  <move id="79" source="E4" target="E5"/>
  <move id="80" source="E8" target="E7"/>
  <move id="81" source="D4" target="E4"/>
  <move id="82" source="B3" target="C3"/>
  <move id="83" source="D3" target="D4"/>
  <move id="84" source="C3" target="D3"/>
  <move id="85" source="E4" target="F4"/>
  <move id="86" source="E7" target="E6"/>
  <move id="87" source="E5" target="E6"/>
  <move id="88" source="D3" target="D4"/>
  <move id="89" source="F4" target="G4"/>
  <move id="90" source="D4" target="E4"/>
  <move id="91" source="K6" target="K7"/>
  <move id="92" source="E4" target="F4"/>
  <move id="93" source="F3" target="E3"/>
  <move id="94" source="D8" target="E8"/>
  <move id="95" source="K7" target="K6"/>
  <move id="96" source="E8" target="E3"/>
  <move id="97" source="G3" target="F3"/>
  <move id="98" source="A7" target="A6"/>
  <move id="99" source="E3" target="D3"/>
  <move id="100" source="F4" target="E4"/>
  <move id="101" source="D3" target="C3"/>
  <move id="102" source="F7" target="F6"/>
  <move id="103" source="C3" target="B3"/>
  <move id="104" source="F6" target="F5"/>
  <move id="105" source="B3" target="A3"/>
  <move id="106" source="F5" target="F4"/>
  <move id="107" source="A3" target="A4"/>
  <move id="108" source="F4" target="F3"/>
  <move id="109" source="A4" target="A5"/>
  <move id="110" source="A6" target="B6"/>
  <move id="111" source="A5" target="B5"/>
  <move id="112" source="B6" target="A6"/>
  <move id="113" source="B5" target="A5"/>
  <move id="114" source="A6" target="B6"/>
  <move id="115" source="A5" target="B5"/>
  <move id="116" source="B6" target="A6"/>
  <move id="117" source="B5" target="A5"/>
  <move id="118" source="A6" target="B6"/>
  <move id="119" source="A5" target="B5"/>
  <move id="120" source="B6" target="B7"/>
  <move id="121" source="B5" target="B6"/>
  <move id="122" source="B7" target="C7"/>
  <move id="123" source="B6" target="B7"/>
  <move id="124" source="C7" target="D7"/>
  <move id="125" source="B7" target="C7"/>
  <move id="126" source="D7" target="E7"/>
  <move id="127" source="C7" target="D7"/>
  <move id="128" source="E7" target="F7"/>
  <move id="129" source="D7" target="E7"/>
  <move id="130" source="F7" target="F6"/>
  <move id="131" source="E7" target="E6"/>
  <move id="132" source="F6" target="F5"/>
  <move id="133" source="E6" target="F6"/>
  <move id="134" source="F5" target="E5"/>
  <move id="135" source="F6" target="F7"/>
  <move id="136" source="F3" target="G3"/>
  <move id="137" source="F7" target="F6"/>
  <move id="138" source="G3" target="G4"/>
  <move id="139" source="F6" target="E6"/>
  <move id="140" source="E5" target="F5"/>
  <move id="141" source="E6" target="F6"/>
  <move id="142" source="F5" target="F4"/>
  <move id="143" source="F6" target="F5"/>
  <move id="144" source="F4" target="F3"/>
  <move id="145" source="K6" target="I6"/>
  <move id="146" source="G4" target="G3"/>
  <move id="147" source="I6" target="I5"/>
  <move id="148" source="F3" target="F2"/>
  <move id="149" source="E2" target="F2"/>
  <move id="150" source="G3" target="F3"/>
  <move id="151" source="F2" target="E2"/>
  <move id="152" source="F3" target="F2"/>
  <move id="153" source="H3" target="A3"/>
  <move id="154" source="F2" target="E2"/>
  <move id="155" source="A3" target="A8"/>
  <move id="156" source="C8" target="C7"/>
  <move id="157" source="F5" target="F6"/>
  <move id="158" source="E4" target="E5"/>
  <move id="159" source="F6" target="F7"/>
  <move id="160" source="E5" target="E6"/>
  <move id="161" source="F7" target="G7"/>
  <move id="162" source="E6" target="E5"/>
  <move id="163" source="H2" target="H3"/>
  <move id="164" source="E5" target="E4"/>
  <move id="165" source="H3" target="G3"/>
  <move id="166" source="E4" target="F4"/>
  <move id="167" source="G3" target="H3"/>
  <move id="168" source="F4" target="G4"/>
  <move id="169" source="I3" target="K3"/>
  <move id="170" source="G4" target="G3"/>
  <move id="171" source="H3" target="I3"/>
  <move id="172" source="G3" target="H3"/>
  <move id="173" source="I3" target="I4"/>
  <move id="174" source="H3" target="I3"/>
  <move id="175" source="I4" target="K4"/>
  <move id="176" source="I3" target="K3"/>
  <move id="177" source="K4" target="K5"/>
  <move id="178" source="K3" target="K4"/>
  <player id="1">Player 1</player>
  <player id="2">Player 2</player>
  <result type="3" winner="2"/>
 </game>
</stratego>