<?xml version="1.0" encoding="UTF-8"?>
<stratego>
 <game type="classic">
  
  <field content="DBEBDBEBDGFDBIHIMCHBDEHFDFHJKFGDEJLGEIGDAA__AA__AAAA__AA__AASPVURRSQPPRTXWPTNNSPNQUONUVRPPQTNYSNQPQT"/>
  <move id="1" source="E4" target="E5"/>
  <move id="2" source="B7" target="B4"/>
  <move id="3" source="E5" target="E6"/>
  <move id="4" source="B8" target="B7"/>
  <move id="5" source="F4" target="F5"/>
  <move id="6" source="B7" target="B6"/>
  <move id="7" source="F5" target="F6"/>
  <move id="8" source="C8" target="B8"/>
  <move id="9" source="F6" target="F7"/>
  <move id="10" source="F8" target="F7"/>
  <move id="11" source="E6" target="F6"/>
  <move id="12" source="F7" target="F8"/>
  <move id="13" source="F6" target="F7"/>
  <move id="14" source="B8" target="B7"/>
  <move id="15" source="E3" target="E7"/>
  <move id="16" source="B6" target="B5"/>
  <move id="17" source="E2" target="E3"/>
  <move id="18" source="B7" target="B6"/>
  <move id="19" source="E3" target="E4"/>
  <move id="20" source="A7" target="A6"/>
  <move id="21" source="E4" target="E5"/>
  <move id="22" source="A6" target="A5"/>
  <move id="23" source="E5" target="E6"/>
  <move id="24" source="E7" target="F7"/>
  <move id="25" source="E6" target="E7"/>
  <move id="26" source="C7" target="B7"/>
  <move id="27" source="E7" target="D7"/>
  <move id="28" source="D8" target="C8"/>
  <move id="29" source="E1" target="E8"/>
  <move id="30" source="B7" target="A7"/>
  <move id="31" source="F7" target="E7"/>
  <move id="32" source="D7" target="D8"/>
  <move id="33" source="E7" target="D7"/>
  <move id="34" source="A7" target="A6"/>
  <move id="35" source="D7" target="C7"/>
  <move id="36" source="C8" target="B8"/>
  <move id="37" source="C7" target="B7"/>
  <move id="38" source="B8" target="C8"/>
  <move id="39" source="B7" target="B6"/>
  <move id="40" source="C8" target="C7"/>
  <move id="41" source="I4" target="I5"/>
  <move id="42" source="C7" target="D7"/>
  <move id="43" source="I5" target="I6"/>
  <move id="44" source="A5" target="A4"/>
  <move id="45" source="I6" target="I7"/>
  <move id="46" source="I8" target="I7"/>
  <move id="47" source="K4" target="I4"/>
  <move id="48" source="A8" target="A7"/>
  <move id="49" source="I4" target="I9"/>
  <move id="50" source="A6" target="B6"/>
  <move id="51" source="K3" target="K4"/>
  <move id="52" source="A7" target="A6"/>
  <move id="53" source="A3" target="A6"/>
  <move id="54" source="A6" target="A5"/>
  <move id="55" source="A2" target="A3"/>
  <move id="56" source="B6" target="A6"/>
  <move id="57" source="A3" target="A4"/>
  <move id="58" source="B5" target="B6"/>
  <move id="59" source="A4" target="A5"/>
  <move id="60" source="B9" target="B8"/>
  <move id="61" source="A1" target="A6"/>
  <move id="62" source="B6" target="B7"/>
  <move id="63" source="B3" target="A3"/>
  <move id="64" source="B7" target="C7"/>
  <move id="65" source="A3" target="A4"/>
  <move id="66" source="B8" target="B7"/>
  <move id="67" source="B2" target="B7"/>
  <move id="68" source="B7" target="B6"/>
  <move id="69" source="K4" target="K5"/>
  <move id="70" source="D7" target="E7"/>
  <move id="71" source="K5" target="I5"/>
  <move id="72" source="E7" target="E6"/>
  <move id="73" source="D3" target="E3"/>
  <move id="74" source="E6" target="E5"/>
  <move id="75" source="D4" target="D3"/>
  <move id="76" source="E5" target="E4"/>
  <move id="77" source="E3" target="E4"/>
  <move id="78" source="E4" target="E3"/>
  <move id="79" source="D3" target="D4"/>
  <move id="80" source="E3" target="E4"/>
  <move id="81" source="D4" target="D3"/>
  <move id="82" source="E4" target="E3"/>
  <move id="83" source="D3" target="D4"/>
  <move id="84" source="E3" target="E4"/>
  <move id="85" source="D4" target="D3"/>
  <move id="86" source="E4" target="E3"/>
  <move id="87" source="D3" target="D4"/>
  <move id="88" source="G7" target="F7"/>
  <move id="89" source="I5" target="I6"/>
  <move id="90" source="F7" target="F6"/>
  <move id="91" source="I6" target="I7"/>
  <move id="92" source="F6" target="F5"/>
  <move id="93" source="I7" target="H7"/>
  <move id="94" source="F5" target="F4"/>
  <move id="95" source="F3" target="F4"/>
  <move id="96" source="F4" target="F3"/>
  <move id="97" source="I3" target="I4"/>
  <move id="98" source="F3" target="G3"/>
  <move id="99" source="I4" target="I5"/>
  <move id="100" source="E3" target="F3"/>
  <move id="101" source="D4" target="E4"/>
  <move id="102" source="F3" target="G3"/>
  <move id="103" source="E4" target="E5"/>
  <move id="104" source="K7" target="K3"/>
  <move id="105" source="H3" target="I3"/>
  <move id="106" source="K3" target="K4"/>
  <move id="107" source="I3" target="I4"/>
  <move id="108" source="K4" target="K3"/>
  <move id="109" source="I4" target="I3"/>
  <move id="110" source="K3" target="K4"/>
  <move id="111" source="I3" target="I4"/>
  <move id="112" source="G3" target="H3"/>
  <move id="113" source="I4" target="K4"/>
  <move id="114" source="H3" target="I3"/>
  <move id="115" source="E5" target="E6"/>
  <move id="116" source="I3" target="I4"/>
  <move id="117" source="K4" target="K3"/>
  <move id="118" source="I4" target="I5"/>
  <move id="119" source="E6" target="F6"/>
  <move id="120" source="A6" target="A5"/>
  <move id="121" source="F6" target="F7"/>
  <move id="122" source="A5" target="A4"/>
  <move id="123" source="F7" target="F8"/>
  <move id="124" source="B6" target="B5"/>
  <move id="125" source="F8" target="F7"/>
  <move id="126" source="B5" target="B4"/>
  <move id="127" source="F7" target="G7"/>
  <move id="128" source="A4" target="A3"/>
  <move id="129" source="K3" target="K4"/>
  <move id="130" source="B4" target="B3"/>
  <move id="131" source="K4" target="K5"/>
  <move id="132" source="A3" target="A2"/>
  <move id="133" source="K5" target="K6"/>
  <move id="134" source="B3" target="B2"/>
  <move id="135" source="K6" target="K7"/>
  <move id="136" source="B2" target="C2"/>
  <move id="137" source="C1" target="C2"/>
  <move id="138" source="A2" target="A3"/>
  <move id="139" source="K7" target="I7"/>
  <move id="140" source="A3" target="A4"/>
  <move id="141" source="I7" target="I8"/>
  <move id="142" source="A4" target="B4"/>
  <move id="143" source="H7" target="H8"/>
  <move id="144" source="B4" target="B5"/>
  <move id="145" source="I2" target="I3"/>
  <move id="146" source="B5" target="B6"/>
  <move id="147" source="I3" target="K3"/>
  <move id="148" source="C7" target="C8"/>
  <move id="149" source="G7" target="F7"/>
  <move id="150" source="B6" target="B7"/>
  <move id="151" source="I1" target="I7"/>
  <move id="152" source="B7" target="C7"/>
  <move id="153" source="I7" target="G7"/>
  <move id="154" source="C7" target="D7"/>
  <move id="155" source="F7" target="F8"/>
  <move id="156" source="D7" target="E7"/>
  <move id="157" source="I8" target="I7"/>
  <move id="158" source="E7" target="F7"/>
  <move id="159" source="F8" target="G8"/>
  <move id="160" source="F7" target="G7"/>
  <player id="1">Player 1</player>
  <player id="2">Player 2</player>
  <result type="3" winner="2"/>
 </game>
</stratego>