<?xml version="1.0" encoding="UTF-8"?>
<stratego>
 <game type="classic">
  
  <field content="FEBMIDEBDFBGKELJDFBBDDDIHHCBGEHFEDGIGJDHAA__AA__AAAA__AA__AAPPQNUTUNPPSTSRNXSRPTRPPRVQNWPSQTUQVNYNOQ"/>
  <move id="1" source="K4" target="K5"/>
  <move id="2" source="B7" target="B6"/>
  <move id="3" source="B4" target="B5"/>
  <move id="4" source="B8" target="B7"/>
  <move id="5" source="B5" target="A5"/>
  <move id="6" source="B7" target="B8"/>
  <move id="7" source="K5" target="K6"/>
  <move id="8" source="F7" target="F6"/>
  <move id="9" source="I4" target="I7"/>
  <move id="10" source="E7" target="E6"/>
  <move id="11" source="K6" target="K5"/>
  <move id="12" source="F8" target="F7"/>
  <move id="13" source="E4" target="E5"/>
  <move id="14" source="B8" target="B7"/>
  <move id="15" source="F4" target="E4"/>
  <move id="16" source="B6" target="A6"/>
  <move id="17" source="B3" target="B7"/>
  <move id="18" source="A6" target="A5"/>
  <move id="19" source="A4" target="B4"/>
  <move id="20" source="B7" target="B8"/>
  <move id="21" source="B4" target="B5"/>
  <move id="22" source="A7" target="B7"/>
  <move id="23" source="B5" target="B6"/>
  <move id="24" source="A8" target="A7"/>
  <move id="25" source="A5" target="A4"/>
  <move id="26" source="E6" target="E7"/>
  <move id="27" source="B6" target="A6"/>
  <move id="28" source="I8" target="I7"/>
  <move id="29" source="A6" target="A7"/>
  <move id="30" source="B7" target="B6"/>
  <move id="31" source="B2" target="B3"/>
  <move id="32" source="B8" target="B7"/>
  <move id="33" source="B3" target="B4"/>
  <move id="34" source="B7" target="A7"/>
  <move id="35" source="B4" target="B5"/>
  <move id="36" source="B6" target="A6"/>
  <move id="37" source="B5" target="A5"/>
  <move id="38" source="A6" target="A7"/>
  <move id="39" source="A5" target="A6"/>
  <move id="40" source="A7" target="A8"/>
  <move id="41" source="A6" target="A7"/>
  <move id="42" source="A8" target="B8"/>
  <move id="43" source="C3" target="B3"/>
  <move id="44" source="E7" target="E6"/>
  <move id="45" source="E5" target="F5"/>
  <move id="46" source="F6" target="F5"/>
  <move id="47" source="F3" target="F4"/>
  <move id="48" source="F5" target="F6"/>
  <move id="49" source="F4" target="F5"/>
  <move id="50" source="H8" target="I8"/>
  <move id="51" source="E4" target="E5"/>
  <move id="52" source="E6" target="E7"/>
  <move id="53" source="E5" target="E6"/>
  <move id="54" source="G8" target="H8"/>
  <move id="55" source="E3" target="F3"/>
  <move id="56" source="I7" target="I6"/>
  <move id="57" source="E2" target="E3"/>
  <move id="58" source="I8" target="I7"/>
  <move id="59" source="E3" target="E4"/>
  <move id="60" source="H8" target="I8"/>
  <move id="61" source="E4" target="E5"/>
  <move id="62" source="H9" target="H8"/>
  <move id="63" source="F5" target="F4"/>
  <move id="64" source="H8" target="G8"/>
  <move id="65" source="E5" target="F5"/>
  <move id="66" source="E7" target="E6"/>
  <move id="67" source="D4" target="E4"/>
  <move id="68" source="G8" target="F8"/>
  <move id="69" source="E4" target="E5"/>
  <move id="70" source="K7" target="K6"/>
  <move id="71" source="K5" target="K4"/>
  <move id="72" source="K8" target="K7"/>
  <move id="73" source="E5" target="E6"/>
  <move id="74" source="I8" target="K8"/>
  <move id="75" source="E6" target="E7"/>
  <move id="76" source="I9" target="I8"/>
  <move id="77" source="E7" target="F7"/>
  <move id="78" source="F6" target="E6"/>
  <move id="79" source="F4" target="E4"/>
  <move id="80" source="E6" target="E7"/>
  <move id="81" source="F5" target="E5"/>
  <move id="82" source="F8" target="G8"/>
  <move id="83" source="E5" target="E6"/>
  <move id="84" source="G8" target="H8"/>
  <move id="85" source="C4" target="B4"/>
  <move id="86" source="I:" target="I9"/>
  <move id="87" source="C2" target="C3"/>
  <move id="88" source="I9" target="H9"/>
  <move id="89" source="C3" target="C4"/>
  <move id="90" source="K6" target="K5"/>
  <move id="91" source="C4" target="D4"/>
  <move id="92" source="K7" target="K6"/>
  <move id="93" source="E4" target="E3"/>
  <move id="94" source="F7" target="F6"/>
  <move id="95" source="E6" target="E5"/>
  <move id="96" source="E7" target="F7"/>
  <move id="97" source="D4" target="E4"/>
  <move id="98" source="F7" target="F8"/>
  <move id="99" source="E4" target="F4"/>
  <move id="100" source="F8" target="G8"/>
  <move id="101" source="E5" target="F5"/>
  <move id="102" source="F6" target="F7"/>
  <move id="103" source="F5" target="F6"/>
  <move id="104" source="F7" target="F6"/>
  <move id="105" source="F4" target="F5"/>
  <move id="106" source="K5" target="K4"/>
  <move id="107" source="F5" target="F6"/>
  <move id="108" source="K6" target="K5"/>
  <move id="109" source="F6" target="F7"/>
  <move id="110" source="K5" target="K4"/>
  <move id="111" source="F7" target="F8"/>
  <move id="112" source="I7" target="K7"/>
  <move id="113" source="F8" target="G8"/>
  <move id="114" source="H8" target="G8"/>
  <move id="115" source="H4" target="I4"/>
  <move id="116" source="F9" target="F8"/>
  <move id="117" source="E3" target="E2"/>
  <move id="118" source="F8" target="G8"/>
  <move id="119" source="I4" target="I5"/>
  <move id="120" source="E9" target="F9"/>
  <move id="121" source="I5" target="I6"/>
  <move id="122" source="F9" target="F8"/>
  <move id="123" source="F3" target="E3"/>
  <move id="124" source="E:" target="E9"/>
  <move id="125" source="I6" target="I7"/>
  <move id="126" source="F8" target="F7"/>
  <move id="127" source="I7" target="I8"/>
  <move id="128" source="F7" target="F6"/>
  <move id="129" source="F2" target="F3"/>
  <move id="130" source="E9" target="F9"/>
  <move id="131" source="I8" target="H8"/>
  <move id="132" source="F9" target="F8"/>
  <move id="133" source="H8" target="G8"/>
  <move id="134" source="F8" target="G8"/>
  <move id="135" source="F3" target="F4"/>
  <move id="136" source="F6" target="F5"/>
  <move id="137" source="F4" target="F5"/>
  <move id="138" source="G7" target="F7"/>
  <move id="139" source="D3" target="D4"/>
  <move id="140" source="F7" target="F6"/>
  <move id="141" source="D4" target="E4"/>
  <move id="142" source="F6" target="F5"/>
  <move id="143" source="E3" target="D3"/>
  <move id="144" source="F5" target="F6"/>
  <move id="145" source="E2" target="E3"/>
  <move id="146" source="H9" target="H8"/>
  <move id="147" source="E1" target="E2"/>
  <move id="148" source="H8" target="G8"/>
  <move id="149" source="E2" target="F2"/>
  <move id="150" source="G8" target="H8"/>
  <move id="151" source="F2" target="F3"/>
  <move id="152" source="H8" target="I8"/>
  <move id="153" source="F3" target="F4"/>
  <move id="154" source="I8" target="I7"/>
  <move id="155" source="F4" target="F5"/>
  <move id="156" source="F6" target="E6"/>
  <move id="157" source="F5" target="F6"/>
  <move id="158" source="E6" target="E5"/>
  <move id="159" source="E4" target="E5"/>
  <move id="160" source="I7" target="I6"/>
  <move id="161" source="F6" target="F5"/>
  <move id="162" source="I6" target="I5"/>
  <move id="163" source="G4" target="F4"/>
  <move id="164" source="K:" target="I:"/>
  <move id="165" source="F4" target="E4"/>
  <move id="166" source="I:" target="I9"/>
  <move id="167" source="E4" target="D4"/>
  <move id="168" source="I9" target="I8"/>
  <move id="169" source="E3" target="E4"/>
  <move id="170" source="I8" target="I7"/>
  <move id="171" source="F5" target="F4"/>
  <move id="172" source="I7" target="I6"/>
  <move id="173" source="F4" target="G4"/>
  <move id="174" source="I5" target="I4"/>
  <move id="175" source="G4" target="H4"/>
  <move id="176" source="I6" target="I5"/>
  <move id="177" source="H4" target="I4"/>
  <move id="178" source="I5" target="I6"/>
  <move id="179" source="I4" target="I5"/>
  <move id="180" source="I6" target="I7"/>
  <move id="181" source="I5" target="I4"/>
  <move id="182" source="D9" target="E9"/>
  <move id="183" source="I4" target="H4"/>
  <move id="184" source="C9" target="D9"/>
  <move id="185" source="E4" target="E5"/>
  <move id="186" source="C:" target="C9"/>
  <move id="187" source="H4" target="G4"/>
  <move id="188" source="B8" target="B4"/>
  <move id="189" source="G4" target="F4"/>
  <move id="190" source="B9" target="B8"/>
  <move id="191" source="D4" target="E4"/>
  <move id="192" source="C9" target="B9"/>
  <move id="193" source="E4" target="E3"/>
  <move id="194" source="B8" target="A8"/>
  <move id="195" source="A7" target="B7"/>
  <move id="196" source="B9" target="B8"/>
  <move id="197" source="F4" target="F5"/>
  <move id="198" source="B8" target="B7"/>
  <move id="199" source="E5" target="E6"/>
  <move id="200" source="B7" target="B6"/>
  <move id="201" source="E6" target="E7"/>
  <move id="202" source="B6" target="B5"/>
  <move id="203" source="E7" target="F7"/>
  <move id="204" source="B5" target="B4"/>
  <move id="205" source="F7" target="F8"/>
  <move id="206" source="B4" target="B3"/>
  <move id="207" source="F8" target="F9"/>
  <move id="208" source="E9" target="F9"/>
  <move id="209" source="F9" target="E9"/>
  <move id="210" source="D9" target="B9"/>
  <move id="211" source="E9" target="D9"/>
  <move id="212" source="B3" target="C3"/>
  <move id="213" source="D3" target="D4"/>
  <move id="214" source="B9" target="B1"/>
  <move id="215" source="D9" target="D:"/>
  <move id="216" source="C3" target="C2"/>
  <move id="217" source="D4" target="E4"/>
  <move id="218" source="C2" target="B2"/>
  <move id="219" source="E4" target="E5"/>
  <move id="220" source="B2" target="B1"/>
  <move id="221" source="F5" target="F4"/>
  <move id="222" source="A8" target="B8"/>
  <move id="223" source="F4" target="E4"/>
  <move id="224" source="B8" target="B2"/>
  <move id="225" source="E4" target="D4"/>
  <move id="226" source="B2" target="A2"/>
  <move id="227" source="D4" target="C4"/>
  <move id="228" source="B1" target="A1"/>
  <move id="229" source="C4" target="C3"/>
  <move id="230" source="A1" target="B1"/>
  <move id="231" source="C3" target="C2"/>
  <move id="232" source="I7" target="I6"/>
  <move id="233" source="E5" target="E4"/>
  <move id="234" source="I6" target="I5"/>
  <move id="235" source="E4" target="F4"/>
  <move id="236" source="I5" target="I4"/>
  <move id="237" source="F4" target="G4"/>
  <move id="238" source="I4" target="I3"/>
  <move id="239" source="G4" target="H4"/>
  <move id="240" source="B:" target="B9"/>
  <move id="241" source="A3" target="B3"/>
  <move id="242" source="B9" target="B8"/>
  <move id="243" source="B3" target="B8"/>
  <move id="244" source="B8" target="B7"/>
  <move id="245" source="H4" target="G4"/>
  <move id="246" source="B1" target="B2"/>
  <move id="247" source="C2" target="B2"/>
  <move id="248" source="B7" target="B6"/>
  <move id="249" source="G4" target="F4"/>
  <move id="250" source="B6" target="B5"/>
  <move id="251" source="F4" target="E4"/>
  <move id="252" source="B5" target="B4"/>
  <move id="253" source="E4" target="D4"/>
  <move id="254" source="K8" target="I8"/>
  <move id="255" source="I3" target="I4"/>
  <move id="256" source="I8" target="I7"/>
  <move id="257" source="I4" target="I5"/>
  <move id="258" source="I7" target="I6"/>
  <move id="259" source="I5" target="I6"/>
  <move id="260" source="K9" target="K8"/>
  <move id="261" source="E3" target="E4"/>
  <move id="262" source="K8" target="I8"/>
  <move id="263" source="E4" target="E5"/>
  <move id="264" source="I8" target="I7"/>
  <move id="265" source="D4" target="C4"/>
  <move id="266" source="B4" target="B3"/>
  <move id="267" source="A4" target="A5"/>
  <move id="268" source="B3" target="A3"/>
  <move id="269" source="A5" target="B5"/>
  <move id="270" source="A3" target="A4"/>
  <move id="271" source="E5" target="E6"/>
  <move id="272" source="A4" target="A5"/>
  <move id="273" source="B5" target="B4"/>
  <move id="274" source="A5" target="B5"/>
  <move id="275" source="B4" target="B3"/>
  <move id="276" source="I7" target="I6"/>
  <move id="277" source="D:" target="E:"/>
  <move id="278" source="I6" target="I5"/>
  <move id="279" source="E6" target="E5"/>
  <move id="280" source="I5" target="I4"/>
  <move id="281" source="E5" target="E4"/>
  <move id="282" source="I4" target="I3"/>
  <move id="283" source="E4" target="F4"/>
  <move id="284" source="I3" target="I4"/>
  <move id="285" source="E:" target="E9"/>
  <move id="286" source="I4" target="H4"/>
  <move id="287" source="C4" target="D4"/>
  <move id="288" source="H4" target="G4"/>
  <move id="289" source="B3" target="C3"/>
  <move id="290" source="G4" target="F4"/>
  <move id="291" source="D4" target="C4"/>
  <move id="292" source="B5" target="B6"/>
  <move id="293" source="D2" target="E2"/>
  <move id="294" source="B6" target="B7"/>
  <move id="295" source="E9" target="D9"/>
  <move id="296" source="B7" target="B8"/>
  <move id="297" source="D9" target="D8"/>
  <move id="298" source="B8" target="B9"/>
  <move id="299" source="D8" target="D9"/>
  <move id="300" source="B9" target="C9"/>
  <move id="301" source="E2" target="E3"/>
  <move id="302" source="C9" target="D9"/>
  <move id="303" source="E3" target="E4"/>
  <move id="304" source="C8" target="B8"/>
  <move id="305" source="E4" target="E5"/>
  <move id="306" source="B8" target="B7"/>
  <move id="307" source="E5" target="E6"/>
  <move id="308" source="B7" target="B6"/>
  <move id="309" source="E6" target="E7"/>
  <move id="310" source="B6" target="B5"/>
  <move id="311" source="E7" target="F7"/>
  <move id="312" source="B5" target="B4"/>
  <move id="313" source="C4" target="B4"/>
  <move id="314" source="K7" target="K6"/>
  <move id="315" source="F7" target="F8"/>
  <move id="316" source="K6" target="K5"/>
  <move id="317" source="F8" target="F9"/>
  <move id="318" source="K5" target="K4"/>
  <move id="319" source="F9" target="G9"/>
  <move id="320" source="K4" target="K3"/>
  <move id="321" source="G9" target="G:"/>
  <player id="1">Player 1</player>
  <player id="2">Player 2</player>
  <result type="1" winner="1"/>
 </game>
</stratego>