<?xml version="1.0" encoding="UTF-8"?>
<stratego>
 <game type="classic">
  
  <field content="FGBMBEEFDFHDGEEEFDDGIDCKBIDHDHBDILBJHJGBAA__AA__AAAA__AA__AAPPQXPSOUSRPTVTRUQVPNSNYNUWTNTRPRNSPQNQQP"/>
  <move id="1" source="B4" target="B6"/>
  <move id="2" source="E7" target="E4"/>
  <move id="3" source="B6" target="B7"/>
  <move id="4" source="E8" target="E7"/>
  <move id="5" source="B3" target="B8"/>
  <move id="6" source="E7" target="E6"/>
  <move id="7" source="A3" target="B3"/>
  <move id="8" source="E6" target="F6"/>
  <move id="9" source="B3" target="B4"/>
  <move id="10" source="F6" target="F5"/>
  <move id="11" source="B4" target="B5"/>
  <move id="12" source="F5" target="F4"/>
  <move id="13" source="A2" target="A3"/>
  <move id="14" source="K7" target="K6"/>
  <move id="15" source="A3" target="B3"/>
  <move id="16" source="K6" target="K5"/>
  <move id="17" source="B3" target="B4"/>
  <move id="18" source="I7" target="K7"/>
  <move id="19" source="B5" target="A5"/>
  <move id="20" source="I8" target="I4"/>
  <move id="21" source="B4" target="B5"/>
  <move id="22" source="K7" target="I7"/>
  <move id="23" source="B5" target="B6"/>
  <move id="24" source="B8" target="B7"/>
  <move id="25" source="B6" target="B7"/>
  <move id="26" source="A8" target="B8"/>
  <move id="27" source="B2" target="B8"/>
  <move id="28" source="A9" target="A8"/>
  <move id="29" source="B1" target="B2"/>
  <move id="30" source="A8" target="B8"/>
  <move id="31" source="B2" target="B3"/>
  <move id="32" source="I7" target="I6"/>
  <move id="33" source="C4" target="B4"/>
  <move id="34" source="I6" target="I5"/>
  <move id="35" source="B4" target="B5"/>
  <move id="36" source="I5" target="I4"/>
  <move id="37" source="I3" target="I9"/>
  <move id="38" source="K5" target="K4"/>
  <move id="39" source="K3" target="I3"/>
  <move id="40" source="H7" target="I7"/>
  <move id="41" source="I3" target="I4"/>
  <move id="42" source="I7" target="I6"/>
  <move id="43" source="H3" target="I3"/>
  <move id="44" source="I6" target="K6"/>
  <move id="45" source="K2" target="K3"/>
  <move id="46" source="K6" target="K5"/>
  <move id="47" source="B5" target="B6"/>
  <move id="48" source="B8" target="B7"/>
  <move id="49" source="A5" target="A6"/>
  <move id="50" source="B7" target="B6"/>
  <move id="51" source="B3" target="B4"/>
  <move id="52" source="F7" target="E7"/>
  <move id="53" source="D4" target="C4"/>
  <move id="54" source="E7" target="E6"/>
  <move id="55" source="B4" target="B5"/>
  <move id="56" source="E6" target="E5"/>
  <move id="57" source="C4" target="B4"/>
  <move id="58" source="F8" target="E8"/>
  <move id="59" source="D3" target="D4"/>
  <move id="60" source="F9" target="F8"/>
  <move id="61" source="C3" target="C4"/>
  <move id="62" source="F8" target="F7"/>
  <move id="63" source="B5" target="A5"/>
  <move id="64" source="F7" target="F6"/>
  <move id="65" source="B4" target="B5"/>
  <move id="66" source="F6" target="F5"/>
  <move id="67" source="B6" target="B7"/>
  <move id="68" source="E5" target="E6"/>
  <move id="69" source="B5" target="B6"/>
  <move id="70" source="F5" target="E5"/>
  <move id="71" source="A6" target="A7"/>
  <move id="72" source="E6" target="F6"/>
  <move id="73" source="A5" target="A6"/>
  <move id="74" source="C7" target="B7"/>
  <move id="75" source="C2" target="B2"/>
  <move id="76" source="C8" target="C7"/>
  <move id="77" source="B2" target="B3"/>
  <move id="78" source="D8" target="C8"/>
  <move id="79" source="A7" target="A8"/>
  <move id="80" source="C8" target="D8"/>
  <move id="81" source="A6" target="A7"/>
  <move id="82" source="C7" target="C8"/>
  <move id="83" source="B3" target="B4"/>
  <move id="84" source="C8" target="B8"/>
  <move id="85" source="B7" target="B8"/>
  <move id="86" source="B8" target="A8"/>
  <move id="87" source="B4" target="B5"/>
  <move id="88" source="A8" target="A7"/>
  <move id="89" source="B6" target="B7"/>
  <move id="90" source="A7" target="A8"/>
  <move id="91" source="B5" target="B6"/>
  <move id="92" source="D8" target="C8"/>
  <move id="93" source="D4" target="D3"/>
  <move id="94" source="C8" target="C7"/>
  <move id="95" source="B7" target="C7"/>
  <move id="96" source="E8" target="D8"/>
  <move id="97" source="C7" target="B7"/>
  <move id="98" source="D8" target="C8"/>
  <move id="99" source="C4" target="B4"/>
  <move id="100" source="E5" target="F5"/>
  <move id="101" source="D3" target="C3"/>
  <move id="102" source="F5" target="F4"/>
  <move id="103" source="C3" target="B3"/>
  <move id="104" source="F4" target="F5"/>
  <move id="105" source="B4" target="B5"/>
  <move id="106" source="F5" target="E5"/>
  <move id="107" source="B5" target="A5"/>
  <move id="108" source="F6" target="F5"/>
  <move id="109" source="B6" target="A6"/>
  <move id="110" source="F5" target="F4"/>
  <move id="111" source="B7" target="A7"/>
  <move id="112" source="A8" target="B8"/>
  <move id="113" source="B3" target="B4"/>
  <move id="114" source="C8" target="D8"/>
  <move id="115" source="B4" target="B5"/>
  <move id="116" source="B8" target="C8"/>
  <move id="117" source="B5" target="B6"/>
  <move id="118" source="D8" target="E8"/>
  <move id="119" source="B6" target="B7"/>
  <move id="120" source="C8" target="D8"/>
  <move id="121" source="B7" target="C7"/>
  <move id="122" source="D7" target="C7"/>
  <move id="123" source="A6" target="B6"/>
  <move id="124" source="E5" target="E6"/>
  <move id="125" source="A5" target="A6"/>
  <move id="126" source="E6" target="E7"/>
  <move id="127" source="A1" target="A2"/>
  <move id="128" source="C7" target="C8"/>
  <move id="129" source="A2" target="A3"/>
  <move id="130" source="C8" target="B8"/>
  <move id="131" source="A6" target="A5"/>
  <move id="132" source="E7" target="E6"/>
  <move id="133" source="B6" target="B5"/>
  <move id="134" source="G7" target="F7"/>
  <move id="135" source="B5" target="B4"/>
  <move id="136" source="F7" target="E7"/>
  <move id="137" source="B4" target="C4"/>
  <move id="138" source="E7" target="D7"/>
  <move id="139" source="C4" target="D4"/>
  <move id="140" source="F4" target="E4"/>
  <move id="141" source="A7" target="A6"/>
  <move id="142" source="B8" target="B7"/>
  <move id="143" source="D4" target="C4"/>
  <move id="144" source="D7" target="C7"/>
  <move id="145" source="A5" target="B5"/>
  <move id="146" source="G8" target="F8"/>
  <move id="147" source="B5" target="B4"/>
  <move id="148" source="F8" target="F7"/>
  <move id="149" source="A6" target="A5"/>
  <move id="150" source="B7" target="B6"/>
  <move id="151" source="B4" target="B5"/>
  <move id="152" source="B6" target="B7"/>
  <move id="153" source="A5" target="A6"/>
  <move id="154" source="F7" target="F6"/>
  <move id="155" source="C4" target="B4"/>
  <move id="156" source="F6" target="F5"/>
  <move id="157" source="B5" target="A5"/>
  <move id="158" source="F5" target="E5"/>
  <move id="159" source="B4" target="C4"/>
  <move id="160" source="E5" target="E4"/>
  <move id="161" source="A3" target="B3"/>
  <move id="162" source="E4" target="D4"/>
  <move id="163" source="C4" target="B4"/>
  <move id="164" source="D4" target="C4"/>
  <move id="165" source="B4" target="B5"/>
  <move id="166" source="B7" target="B8"/>
  <move id="167" source="I4" target="I5"/>
  <move id="168" source="C7" target="B7"/>
  <move id="169" source="I5" target="I6"/>
  <move id="170" source="E6" target="E5"/>
  <move id="171" source="I6" target="I7"/>
  <move id="172" source="E5" target="E4"/>
  <move id="173" source="H4" target="I4"/>
  <move id="174" source="E4" target="D4"/>
  <move id="175" source="I4" target="I5"/>
  <move id="176" source="K5" target="I5"/>
  <move id="177" source="I5" target="K5"/>
  <move id="178" source="C4" target="C3"/>
  <move id="179" source="I3" target="I4"/>
  <move id="180" source="D4" target="C4"/>
  <move id="181" source="B3" target="B4"/>
  <move id="182" source="C3" target="C2"/>
  <move id="183" source="I4" target="I5"/>
  <move id="184" source="C4" target="B4"/>
  <move id="185" source="B5" target="B6"/>
  <move id="186" source="B4" target="A4"/>
  <move id="187" source="B6" target="B5"/>
  <move id="188" source="C2" target="C1"/>
  <move id="189" source="B5" target="B4"/>
  <move id="190" source="C1" target="D1"/>
  <player id="1">Player 1</player>
  <player id="2">Player 2</player>
  <result type="1" winner="2"/>
 </game>
</stratego>