<?xml version="1.0" encoding="UTF-8"?>
<stratego>
 <game type="ultimate lightning">
  
  <field content="MADADAAAAAAJAAIAAAAABLAABKAAEEHDCGHDGAFFAA__AA__AAAA__AA__AAAAAAAAAAAXNVAAAAARTNWOSTAAAPUSYPQPAAARPQ"/>
  <move id="1" source="I4" target="I5"/>
  <move id="2" source="H8" target="H7"/>
  <move id="3" source="I3" target="H3"/>
  <move id="4" source="H7" target="I7"/>
  <move id="5" source="H3" target="G3"/>
  <move id="6" source="I7" target="I6"/>
  <move id="7" source="G3" target="G2"/>
  <move id="8" source="K7" target="K6"/>
  <move id="9" source="E2" target="D2"/>
  <move id="10" source="I6" target="I5"/>
  <move id="11" source="D2" target="D3"/>
  <move id="12" source="I5" target="I6"/>
  <move id="13" source="G2" target="F2"/>
  <move id="14" source="I6" target="I7"/>
  <move id="15" source="F2" target="E2"/>
  <move id="16" source="K6" target="I6"/>
  <move id="17" source="E2" target="D2"/>
  <move id="18" source="I6" target="I5"/>
  <move id="19" source="D2" target="C2"/>
  <move id="20" source="I5" target="I6"/>
  <move id="21" source="K3" target="I3"/>
  <move id="22" source="I7" target="K7"/>
  <move id="23" source="I3" target="H3"/>
  <move id="24" source="I6" target="I7"/>
  <move id="25" source="H3" target="G3"/>
  <move id="26" source="I7" target="H7"/>
  <move id="27" source="G3" target="G2"/>
  <move id="28" source="K7" target="K6"/>
  <move id="29" source="G2" target="F2"/>
  <move id="30" source="K6" target="K5"/>
  <move id="31" source="F2" target="E2"/>
  <move id="32" source="K5" target="I5"/>
  <move id="33" source="E2" target="D2"/>
  <move id="34" source="I5" target="I4"/>
  <move id="35" source="E4" target="E5"/>
  <move id="36" source="H7" target="G7"/>
  <move id="37" source="B4" target="B5"/>
  <move id="38" source="I4" target="I5"/>
  <move id="39" source="B5" target="B8"/>
  <move id="40" source="G7" target="F7"/>
  <move id="41" source="B3" target="B4"/>
  <move id="42" source="F7" target="E7"/>
  <move id="43" source="A4" target="A5"/>
  <move id="44" source="E7" target="D7"/>
  <move id="45" source="A5" target="A6"/>
  <move id="46" source="D7" target="C7"/>
  <move id="47" source="B4" target="B5"/>
  <move id="48" source="C7" target="B7"/>
  <move id="49" source="A6" target="A5"/>
  <move id="50" source="D9" target="D8"/>
  <move id="51" source="A5" target="A4"/>
  <move id="52" source="D8" target="D9"/>
  <move id="53" source="F4" target="F5"/>
  <move id="54" source="B7" target="C7"/>
  <move id="55" source="E5" target="E6"/>
  <move id="56" source="C7" target="D7"/>
  <move id="57" source="B5" target="B6"/>
  <move id="58" source="D7" target="C7"/>
  <move id="59" source="A4" target="A5"/>
  <move id="60" source="B8" target="C8"/>
  <move id="61" source="B2" target="B3"/>
  <move id="62" source="B9" target="B8"/>
  <move id="63" source="B3" target="B4"/>
  <move id="64" source="C7" target="B7"/>
  <move id="65" source="B6" target="B7"/>
  <move id="66" source="B8" target="B7"/>
  <move id="67" source="A5" target="A6"/>
  <move id="68" source="A9" target="B9"/>
  <move id="69" source="A6" target="B6"/>
  <move id="70" source="B9" target="B8"/>
  <move id="71" source="B6" target="B7"/>
  <move id="72" source="B8" target="B7"/>
  <move id="73" source="F3" target="F4"/>
  <move id="74" source="B7" target="C7"/>
  <move id="75" source="F4" target="E4"/>
  <move id="76" source="C7" target="D7"/>
  <move id="77" source="E4" target="E5"/>
  <move id="78" source="C8" target="B8"/>
  <move id="79" source="E6" target="F6"/>
  <move id="80" source="B8" target="B7"/>
  <move id="81" source="F6" target="F7"/>
  <move id="82" source="D7" target="D8"/>
  <move id="83" source="F7" target="F8"/>
  <move id="84" source="C9" target="C8"/>
  <move id="85" source="E5" target="E6"/>
  <move id="86" source="D9" target="C9"/>
  <move id="87" source="F8" target="F9"/>
  <move id="88" source="B:" target="B9"/>
  <move id="89" source="F9" target="E9"/>
  <move id="90" source="C:" target="B:"/>
  <move id="91" source="E9" target="E:"/>
  <move id="92" source="D8" target="D9"/>
  <move id="93" source="E:" target="F:"/>
  <move id="94" source="D9" target="E9"/>
  <move id="95" source="F:" target="G:"/>
  <move id="96" source="D:" target="G:"/>
  <move id="97" source="G:" target="H:"/>
  <move id="98" source="E9" target="F9"/>
  <move id="99" source="H:" target="H9"/>
  <move id="100" source="I9" target="H9"/>
  <move id="101" source="E6" target="E7"/>
  <move id="102" source="F9" target="F8"/>
  <move id="103" source="E7" target="D7"/>
  <move id="104" source="F8" target="E8"/>
  <move id="105" source="G4" target="F4"/>
  <move id="106" source="C9" target="C:"/>
  <move id="107" source="F4" target="E4"/>
  <move id="108" source="C8" target="C9"/>
  <move id="109" source="E4" target="E5"/>
  <move id="110" source="B7" target="B8"/>
  <move id="111" source="E5" target="E6"/>
  <move id="112" source="C9" target="C8"/>
  <move id="113" source="E6" target="F6"/>
  <move id="114" source="C8" target="C7"/>
  <move id="115" source="F6" target="F7"/>
  <move id="116" source="C7" target="D7"/>
  <move id="117" source="F7" target="G7"/>
  <move id="118" source="B8" target="C8"/>
  <move id="119" source="G7" target="G8"/>
  <move id="120" source="C8" target="C9"/>
  <move id="121" source="G8" target="G9"/>
  <move id="122" source="H9" target="H8"/>
  <move id="123" source="G9" target="G:"/>
  <move id="124" source="C9" target="D9"/>
  <move id="125" source="G:" target="H:"/>
  <move id="126" source="D9" target="E9"/>
  <move id="127" source="H:" target="I:"/>
  <move id="128" source="E9" target="F9"/>
  <move id="129" source="I:" target="K:"/>
  <move id="130" source="K9" target="K:"/>
  <move id="131" source="B4" target="B5"/>
  <move id="132" source="I5" target="I6"/>
  <move id="133" source="C2" target="C3"/>
  <move id="134" source="I6" target="K6"/>
  <move id="135" source="C3" target="B3"/>
  <move id="136" source="K6" target="K7"/>
  <move id="137" source="B3" target="B4"/>
  <move id="138" source="F9" target="E9"/>
  <move id="139" source="B4" target="A4"/>
  <move id="140" source="E9" target="D9"/>
  <move id="141" source="A4" target="A5"/>
  <move id="142" source="D9" target="C9"/>
  <move id="143" source="A5" target="A6"/>
  <move id="144" source="B9" target="A9"/>
  <move id="145" source="B5" target="B6"/>
  <move id="146" source="C9" target="B9"/>
  <move id="147" source="B6" target="B7"/>
  <move id="148" source="K:" target="K9"/>
  <move id="149" source="D7" target="C7"/>
  <move id="150" source="H8" target="H9"/>
  <move id="151" source="C7" target="C8"/>
  <move id="152" source="E8" target="E9"/>
  <move id="153" source="B7" target="C7"/>
  <move id="154" source="E9" target="D9"/>
  <move id="155" source="C8" target="B8"/>
  <move id="156" source="D9" target="C9"/>
  <move id="157" source="B8" target="A8"/>
  <move id="158" source="C9" target="C8"/>
  <move id="159" source="C7" target="C8"/>
  <move id="160" source="C8" target="B8"/>
  <move id="161" source="D4" target="E4"/>
  <move id="162" source="B8" target="B7"/>
  <move id="163" source="E4" target="E5"/>
  <move id="164" source="B9" target="C9"/>
  <move id="165" source="E5" target="E6"/>
  <move id="166" source="C9" target="C8"/>
  <move id="167" source="E6" target="E7"/>
  <move id="168" source="C8" target="D8"/>
  <move id="169" source="E7" target="F7"/>
  <move id="170" source="B7" target="A7"/>
  <move id="171" source="A6" target="B6"/>
  <move id="172" source="D8" target="D7"/>
  <move id="173" source="F7" target="F8"/>
  <move id="174" source="D7" target="E7"/>
  <move id="175" source="F8" target="F9"/>
  <move id="176" source="E7" target="E6"/>
  <move id="177" source="F9" target="E9"/>
  <move id="178" source="A7" target="A8"/>
  <move id="179" source="E9" target="D9"/>
  <move id="180" source="A8" target="B8"/>
  <move id="181" source="D9" target="D:"/>
  <move id="182" source="B8" target="B9"/>
  <move id="183" source="D:" target="C:"/>
  <move id="184" source="E6" target="F6"/>
  <move id="185" source="F5" target="F6"/>
  <move id="186" source="F6" target="F5"/>
  <move id="187" source="D3" target="C3"/>
  <move id="188" source="F5" target="F4"/>
  <move id="189" source="C3" target="B3"/>
  <move id="190" source="F4" target="E4"/>
  <move id="191" source="B3" target="B4"/>
  <move id="192" source="E4" target="E3"/>
  <move id="193" source="B4" target="B5"/>
  <move id="194" source="H9" target="G9"/>
  <move id="195" source="B5" target="A5"/>
  <move id="196" source="G9" target="F9"/>
  <move id="197" source="A5" target="A6"/>
  <move id="198" source="F9" target="E9"/>
  <move id="199" source="A6" target="A7"/>
  <move id="200" source="E9" target="D9"/>
  <move id="201" source="A7" target="B7"/>
  <move id="202" source="D9" target="C9"/>
  <move id="203" source="B6" target="A6"/>
  <move id="204" source="C9" target="C8"/>
  <move id="205" source="A6" target="A7"/>
  <move id="206" source="I8" target="H8"/>
  <move id="207" source="A7" target="A8"/>
  <move id="208" source="H8" target="G8"/>
  <move id="209" source="A8" target="A9"/>
  <move id="210" source="B9" target="A9"/>
  <move id="211" source="C1" target="C2"/>
  <move id="212" source="C8" target="B8"/>
  <move id="213" source="B7" target="C7"/>
  <move id="214" source="C:" target="C9"/>
  <move id="215" source="C2" target="C3"/>
  <move id="216" source="B8" target="A8"/>
  <move id="217" source="D2" target="D3"/>
  <move id="218" source="A9" target="B9"/>
  <move id="219" source="D3" target="D4"/>
  <move id="220" source="B9" target="B8"/>
  <move id="221" source="D4" target="E4"/>
  <move id="222" source="C9" target="B9"/>
  <move id="223" source="E4" target="E5"/>
  <move id="224" source="A8" target="A9"/>
  <move id="225" source="E5" target="E6"/>
  <move id="226" source="B8" target="C8"/>
  <move id="227" source="E6" target="E7"/>
  <move id="228" source="C8" target="C7"/>
  <move id="229" source="C3" target="B3"/>
  <move id="230" source="B:" target="C:"/>
  <move id="231" source="B3" target="B4"/>
  <move id="232" source="B9" target="B:"/>
  <move id="233" source="E1" target="E2"/>
  <move id="234" source="C7" target="D7"/>
  <move id="235" source="E7" target="E8"/>
  <move id="236" source="G8" target="G7"/>
  <move id="237" source="E8" target="E9"/>
  <move id="238" source="G7" target="F7"/>
  <move id="239" source="E9" target="D9"/>
  <move id="240" source="F7" target="F6"/>
  <move id="241" source="B4" target="B5"/>
  <move id="242" source="F6" target="F5"/>
  <move id="243" source="B5" target="B6"/>
  <move id="244" source="K7" target="K6"/>
  <move id="245" source="B6" target="B7"/>
  <move id="246" source="K6" target="K5"/>
  <move id="247" source="B7" target="B8"/>
  <move id="248" source="K5" target="K4"/>
  <move id="249" source="D9" target="C9"/>
  <move id="250" source="F5" target="F4"/>
  <move id="251" source="C9" target="B9"/>
  <move id="252" source="F4" target="E4"/>
  <move id="253" source="B9" target="B:"/>
  <move id="254" source="E4" target="D4"/>
  <move id="255" source="B8" target="A8"/>
  <move id="256" source="D4" target="C4"/>
  <move id="257" source="A8" target="A9"/>
  <move id="258" source="C4" target="C3"/>
  <move id="259" source="E2" target="E:"/>
  <move id="260" source="C3" target="B3"/>
  <move id="261" source="E:" target="E9"/>
  <move id="262" source="B3" target="A3"/>
  <move id="263" source="E9" target="E8"/>
  <move id="264" source="D7" target="C7"/>
  <move id="265" source="E8" target="E3"/>
  <move id="266" source="C7" target="B7"/>
  <move id="267" source="E3" target="B3"/>
  <move id="268" source="B7" target="B6"/>
  <move id="269" source="B3" target="B6"/>
  <player id="1">Player 1</player>
  <player id="2">Player 2</player>
  <result type="0" winner="2"/>
 </game>
</stratego>