<?xml version="1.0" encoding="UTF-8"?>
<stratego>
 <game type="barrage">
  
  <field content="MDAAAAAAAABAAAAAAAAAAAAAAAAAAAKLAACEAADAAA__AA__AAAA__AA__AAAPAAAWAAOXAAAAAAAAAAAAAAAAAAQPAAAAAAAANY"/>
  <move id="1" source="I4" target="I7"/>
  <move id="2" source="K7" target="I7"/>
  <move id="3" source="F4" target="F5"/>
  <move id="4" source="I7" target="H7"/>
  <move id="5" source="F5" target="F6"/>
  <move id="6" source="F7" target="F8"/>
  <move id="7" source="F6" target="F7"/>
  <move id="8" source="F8" target="G8"/>
  <move id="9" source="F7" target="F8"/>
  <move id="10" source="G8" target="G7"/>
  <move id="11" source="E4" target="F4"/>
  <move id="12" source="H7" target="H8"/>
  <move id="13" source="F8" target="F7"/>
  <move id="14" source="G7" target="F7"/>
  <move id="15" source="F4" target="G4"/>
  <move id="16" source="F7" target="F6"/>
  <move id="17" source="G4" target="H4"/>
  <move id="18" source="F6" target="F5"/>
  <move id="19" source="H4" target="I4"/>
  <move id="20" source="H8" target="I8"/>
  <move id="21" source="I4" target="K4"/>
  <move id="22" source="I8" target="K8"/>
  <move id="23" source="K4" target="I4"/>
  <move id="24" source="K8" target="I8"/>
  <move id="25" source="I4" target="K4"/>
  <move id="26" source="I8" target="K8"/>
  <move id="27" source="A4" target="A5"/>
  <move id="28" source="F5" target="F4"/>
  <move id="29" source="A5" target="A6"/>
  <move id="30" source="F4" target="G4"/>
  <move id="31" source="A6" target="A7"/>
  <move id="32" source="B7" target="A7"/>
  <move id="33" source="A7" target="A8"/>
  <move id="34" source="I9" target="H9"/>
  <move id="35" source="A8" target="A9"/>
  <move id="36" source="H9" target="G9"/>
  <move id="37" source="A9" target="B9"/>
  <move id="38" source="G9" target="F9"/>
  <move id="39" source="B9" target="C9"/>
  <move id="40" source="G4" target="F4"/>
  <move id="41" source="C9" target="D9"/>
  <move id="42" source="F4" target="F3"/>
  <move id="43" source="D9" target="E9"/>
  <move id="44" source="F9" target="F8"/>
  <move id="45" source="E9" target="F9"/>
  <move id="46" source="F8" target="E8"/>
  <move id="47" source="B4" target="C4"/>
  <move id="48" source="F3" target="E3"/>
  <move id="49" source="C4" target="D4"/>
  <move id="50" source="E8" target="D8"/>
  <move id="51" source="F9" target="E9"/>
  <move id="52" source="D8" target="C8"/>
  <move id="53" source="E9" target="D9"/>
  <move id="54" source="C8" target="B8"/>
  <move id="55" source="D9" target="C9"/>
  <move id="56" source="B8" target="A8"/>
  <move id="57" source="C9" target="B9"/>
  <move id="58" source="K8" target="I8"/>
  <move id="59" source="D4" target="C4"/>
  <move id="60" source="E3" target="D3"/>
  <move id="61" source="C4" target="B4"/>
  <move id="62" source="D3" target="C3"/>
  <move id="63" source="B4" target="A4"/>
  <move id="64" source="C3" target="B3"/>
  <move id="65" source="A4" target="A5"/>
  <move id="66" source="I8" target="K8"/>
  <move id="67" source="A5" target="A6"/>
  <move id="68" source="K8" target="I8"/>
  <move id="69" source="A6" target="A7"/>
  <move id="70" source="A8" target="A7"/>
  <move id="71" source="K4" target="I4"/>
  <move id="72" source="B3" target="B2"/>
  <move id="73" source="B9" target="C9"/>
  <move id="74" source="I8" target="H8"/>
  <move id="75" source="C9" target="D9"/>
  <move id="76" source="H8" target="I8"/>
  <move id="77" source="D9" target="E9"/>
  <move id="78" source="K9" target="K4"/>
  <move id="79" source="B1" target="I1"/>
  <move id="80" source="K4" target="K2"/>
  <move id="81" source="I1" target="K1"/>
  <move id="82" source="B2" target="B1"/>
  <move id="83" source="K1" target="K2"/>
  <move id="84" source="B1" target="A1"/>
  <player id="1">Player 1</player>
  <player id="2">Player 2</player>
  <result type="1" winner="2"/>
 </game>
</stratego>