<?xml version="1.0" encoding="UTF-8"?>
<stratego>
 <game type="barrage">
  
  <field content="BDAAAAAAAAMAAAAAAAAAAAAAAAAAAAKLAACEAADAAA__AA__AAAA__AA__AAAAAAAAAAAAAWAAAAAAAANOPXAAAAAAYQPAAAAAAA"/>
  <move id="1" source="E4" target="E5"/>
  <move id="2" source="C9" target="C8"/>
  <move id="3" source="E5" target="E6"/>
  <move id="4" source="C8" target="C7"/>
  <move id="5" source="E6" target="E7"/>
  <move id="6" source="C7" target="B7"/>
  <move id="7" source="E7" target="D7"/>
  <move id="8" source="B7" target="B6"/>
  <move id="9" source="D7" target="C7"/>
  <move id="10" source="B6" target="A6"/>
  <move id="11" source="C7" target="B7"/>
  <move id="12" source="D9" target="D8"/>
  <move id="13" source="B7" target="A7"/>
  <move id="14" source="A6" target="B6"/>
  <move id="15" source="A4" target="A5"/>
  <move id="16" source="D8" target="D7"/>
  <move id="17" source="A5" target="A6"/>
  <move id="18" source="B6" target="B7"/>
  <move id="19" source="F4" target="F5"/>
  <move id="20" source="B7" target="C7"/>
  <move id="21" source="F5" target="F6"/>
  <move id="22" source="D7" target="D8"/>
  <move id="23" source="F6" target="F7"/>
  <move id="24" source="C7" target="D7"/>
  <move id="25" source="A6" target="B6"/>
  <move id="26" source="D8" target="C8"/>
  <move id="27" source="B6" target="B7"/>
  <move id="28" source="C8" target="C7"/>
  <move id="29" source="F7" target="F8"/>
  <move id="30" source="D7" target="E7"/>
  <move id="31" source="F8" target="F9"/>
  <move id="32" source="E7" target="E8"/>
  <move id="33" source="F9" target="F:"/>
  <move id="34" source="E8" target="E9"/>
  <move id="35" source="B4" target="C4"/>
  <move id="36" source="C:" target="D:"/>
  <move id="37" source="C4" target="D4"/>
  <move id="38" source="D:" target="D9"/>
  <move id="39" source="D4" target="E4"/>
  <move id="40" source="D9" target="D8"/>
  <move id="41" source="E4" target="F4"/>
  <move id="42" source="C7" target="D7"/>
  <move id="43" source="F4" target="F5"/>
  <move id="44" source="D8" target="E8"/>
  <move id="45" source="F5" target="F6"/>
  <move id="46" source="E8" target="E7"/>
  <move id="47" source="F6" target="F7"/>
  <move id="48" source="E7" target="E6"/>
  <move id="49" source="F7" target="F8"/>
  <move id="50" source="D7" target="D8"/>
  <move id="51" source="B7" target="C7"/>
  <move id="52" source="E6" target="E5"/>
  <move id="53" source="B1" target="B8"/>
  <move id="54" source="E5" target="E1"/>
  <move id="55" source="A7" target="A8"/>
  <move id="56" source="E1" target="A1"/>
  <move id="57" source="A8" target="A7"/>
  <move id="58" source="E9" target="E2"/>
  <move id="59" source="C7" target="B7"/>
  <move id="60" source="E2" target="A2"/>
  <player id="1">Player 1</player>
  <player id="2">Player 2</player>
  <result type="1" winner="2"/>
 </game>
</stratego>