<?xml version="1.0" encoding="UTF-8"?>
<stratego>
 <game type="barrage">
  
  <field content="AAAAAAAAAAAAAAAAAAAAAAAAAAAAAAADDELMBCKAAA__AA__AAAA__AA__AAXAAAAAAAAAQAAAAWAAAAOPAAAAAAAAYNAAAAAAAP"/>
  <move id="1" source="E4" target="E5"/>
  <move id="2" source="K:" target="K2"/>
  <move id="3" source="E5" target="E6"/>
  <move id="4" source="B9" target="E9"/>
  <move id="5" source="E6" target="E7"/>
  <move id="6" source="E9" target="E7"/>
  <move id="7" source="I4" target="I5"/>
  <move id="8" source="A7" target="B7"/>
  <move id="9" source="I5" target="I6"/>
  <move id="10" source="B7" target="B6"/>
  <move id="11" source="I6" target="I7"/>
  <move id="12" source="K2" target="D2"/>
  <move id="13" source="I7" target="I8"/>
  <move id="14" source="D2" target="D4"/>
  <move id="15" source="I8" target="I9"/>
  <move id="16" source="B6" target="B5"/>
  <move id="17" source="I9" target="I:"/>
  <move id="18" source="B5" target="B4"/>
  <move id="19" source="I:" target="H:"/>
  <move id="20" source="B4" target="C4"/>
  <move id="21" source="H:" target="G:"/>
  <move id="22" source="F8" target="F9"/>
  <move id="23" source="G:" target="F:"/>
  <move id="24" source="F9" target="F:"/>
  <move id="25" source="D4" target="D3"/>
  <move id="26" source="A8" target="B8"/>
  <move id="27" source="E7" target="E8"/>
  <move id="28" source="B8" target="C8"/>
  <move id="29" source="E8" target="E9"/>
  <move id="30" source="C8" target="D8"/>
  <move id="31" source="E9" target="E:"/>
  <move id="32" source="D8" target="E8"/>
  <move id="33" source="D3" target="E3"/>
  <move id="34" source="C4" target="D4"/>
  <move id="35" source="E3" target="F3"/>
  <move id="36" source="E8" target="F8"/>
  <move id="37" source="F3" target="G3"/>
  <move id="38" source="F8" target="F7"/>
  <move id="39" source="E:" target="D:"/>
  <move id="40" source="F7" target="F6"/>
  <move id="41" source="D:" target="C:"/>
  <move id="42" source="F6" target="F5"/>
  <move id="43" source="C:" target="B:"/>
  <move id="44" source="F5" target="F4"/>
  <player id="1">Player 1</player>
  <player id="2">Player 2</player>
  <result type="1" winner="2"/>
 </game>
</stratego>