<?xml version="1.0" encoding="UTF-8"?>
<stratego>
 <game type="barrage">
  
  <field content="MBAAAAAAAALKAAAAAAAACDAAAAAAAAEDAAAAAAAAAA__AA__AAAA__AA__AAXOAAPAAAPAAQAAAAAAAANAAAAAAAAAYWAAAAAAAA"/>
  <move id="1" source="A4" target="A5"/>
  <move id="2" source="B7" target="B6"/>
  <move id="3" source="B4" target="B5"/>
  <move id="4" source="B6" target="B7"/>
  <move id="5" source="B5" target="B6"/>
  <move id="6" source="B7" target="B6"/>
  <move id="7" source="B6" target="B4"/>
  <move id="8" source="B8" target="B7"/>
  <move id="9" source="B4" target="K4"/>
  <move id="10" source="B7" target="B6"/>
  <move id="11" source="K4" target="K:"/>
  <move id="12" source="E7" target="E6"/>
  <move id="13" source="B2" target="C2"/>
  <move id="14" source="E6" target="E5"/>
  <move id="15" source="C2" target="D2"/>
  <move id="16" source="E5" target="E4"/>
  <move id="17" source="D2" target="D3"/>
  <move id="18" source="I7" target="I6"/>
  <move id="19" source="K:" target="K9"/>
  <move id="20" source="I6" target="I5"/>
  <move id="21" source="K9" target="K8"/>
  <move id="22" source="I5" target="I4"/>
  <move id="23" source="K8" target="I8"/>
  <move id="24" source="I4" target="I3"/>
  <move id="25" source="I8" target="I3"/>
  <move id="26" source="E4" target="F4"/>
  <move id="27" source="D3" target="E3"/>
  <move id="28" source="B6" target="B7"/>
  <move id="29" source="A5" target="A6"/>
  <move id="30" source="A7" target="A6"/>
  <move id="31" source="B3" target="B4"/>
  <move id="32" source="A6" target="A5"/>
  <move id="33" source="E3" target="E4"/>
  <move id="34" source="F4" target="F3"/>
  <move id="35" source="E4" target="E5"/>
  <move id="36" source="A5" target="A6"/>
  <move id="37" source="E5" target="E6"/>
  <move id="38" source="A6" target="A7"/>
  <move id="39" source="E6" target="E7"/>
  <move id="40" source="A7" target="A8"/>
  <move id="41" source="E7" target="D7"/>
  <move id="42" source="A8" target="B8"/>
  <move id="43" source="D7" target="C7"/>
  <move id="44" source="B7" target="A7"/>
  <move id="45" source="B4" target="B3"/>
  <move id="46" source="A7" target="A6"/>
  <move id="47" source="B3" target="B4"/>
  <move id="48" source="A6" target="A5"/>
  <move id="49" source="B4" target="A4"/>
  <move id="50" source="A5" target="B5"/>
  <move id="51" source="C7" target="D7"/>
  <move id="52" source="B8" target="C8"/>
  <move id="53" source="D7" target="E7"/>
  <move id="54" source="F3" target="F2"/>
  <move id="55" source="E7" target="E6"/>
  <move id="56" source="F2" target="F1"/>
  <move id="57" source="E6" target="E5"/>
  <move id="58" source="F1" target="E1"/>
  <move id="59" source="E5" target="E4"/>
  <move id="60" source="E1" target="D1"/>
  <move id="61" source="E4" target="E3"/>
  <move id="62" source="D1" target="C1"/>
  <move id="63" source="E3" target="E2"/>
  <move id="64" source="C8" target="B8"/>
  <move id="65" source="E2" target="D2"/>
  <move id="66" source="B8" target="B7"/>
  <move id="67" source="D2" target="D1"/>
  <move id="68" source="C1" target="C2"/>
  <move id="69" source="D1" target="D2"/>
  <move id="70" source="C2" target="C1"/>
  <move id="71" source="D2" target="C2"/>
  <move id="72" source="C1" target="D1"/>
  <move id="73" source="C2" target="C1"/>
  <move id="74" source="D1" target="D2"/>
  <move id="75" source="C1" target="D1"/>
  <move id="76" source="D2" target="C2"/>
  <move id="77" source="D1" target="E1"/>
  <move id="78" source="B7" target="C7"/>
  <move id="79" source="E1" target="E2"/>
  <move id="80" source="C2" target="C1"/>
  <move id="81" source="E2" target="D2"/>
  <move id="82" source="C7" target="B7"/>
  <move id="83" source="A2" target="B2"/>
  <move id="84" source="B7" target="A7"/>
  <move id="85" source="D2" target="D1"/>
  <move id="86" source="C1" target="C3"/>
  <move id="87" source="B2" target="B3"/>
  <move id="88" source="C3" target="F3"/>
  <move id="89" source="D1" target="D2"/>
  <move id="90" source="B5" target="B6"/>
  <move id="91" source="D2" target="D3"/>
  <move id="92" source="F3" target="F2"/>
  <move id="93" source="B3" target="B2"/>
  <move id="94" source="B6" target="A6"/>
  <move id="95" source="D3" target="D4"/>
  <move id="96" source="A6" target="A5"/>
  <move id="97" source="A4" target="B4"/>
  <move id="98" source="A5" target="B5"/>
  <move id="99" source="B4" target="B3"/>
  <move id="100" source="B5" target="B4"/>
  <move id="101" source="B3" target="C3"/>
  <move id="102" source="A7" target="A6"/>
  <move id="103" source="C3" target="C2"/>
  <move id="104" source="A6" target="A5"/>
  <move id="105" source="D4" target="C4"/>
  <move id="106" source="B4" target="B5"/>
  <move id="107" source="C4" target="B4"/>
  <move id="108" source="B5" target="B6"/>
  <move id="109" source="C2" target="C3"/>
  <move id="110" source="F2" target="F3"/>
  <move id="111" source="C3" target="D3"/>
  <move id="112" source="F3" target="D3"/>
  <move id="113" source="B2" target="C2"/>
  <move id="114" source="B6" target="B7"/>
  <move id="115" source="C2" target="D2"/>
  <move id="116" source="B7" target="C7"/>
  <move id="117" source="D2" target="D3"/>
  <move id="118" source="C7" target="D7"/>
  <move id="119" source="D3" target="E3"/>
  <move id="120" source="D7" target="E7"/>
  <move id="121" source="E3" target="E4"/>
  <move id="122" source="E7" target="F7"/>
  <move id="123" source="E4" target="F4"/>
  <move id="124" source="A5" target="A6"/>
  <move id="125" source="F4" target="F5"/>
  <move id="126" source="A6" target="A7"/>
  <move id="127" source="B4" target="B5"/>
  <move id="128" source="A7" target="B7"/>
  <move id="129" source="F5" target="F6"/>
  <move id="130" source="F7" target="E7"/>
  <move id="131" source="B5" target="A5"/>
  <move id="132" source="B7" target="B6"/>
  <move id="133" source="A3" target="B3"/>
  <move id="134" source="E7" target="D7"/>
  <move id="135" source="F6" target="E6"/>
  <move id="136" source="D7" target="C7"/>
  <move id="137" source="E6" target="E7"/>
  <move id="138" source="C7" target="B7"/>
  <move id="139" source="E7" target="D7"/>
  <move id="140" source="B7" target="A7"/>
  <move id="141" source="D7" target="C7"/>
  <move id="142" source="A7" target="A6"/>
  <move id="143" source="C7" target="C8"/>
  <move id="144" source="A6" target="A7"/>
  <move id="145" source="C8" target="B8"/>
  <move id="146" source="A7" target="A6"/>
  <move id="147" source="B8" target="A8"/>
  <move id="148" source="B6" target="B7"/>
  <move id="149" source="A5" target="A6"/>
  <move id="150" source="B7" target="B6"/>
  <move id="151" source="A6" target="A7"/>
  <move id="152" source="B6" target="B7"/>
  <move id="153" source="A7" target="A6"/>
  <move id="154" source="B7" target="C7"/>
  <move id="155" source="A8" target="B8"/>
  <move id="156" source="C7" target="D7"/>
  <move id="157" source="B8" target="B7"/>
  <move id="158" source="D7" target="E7"/>
  <move id="159" source="A6" target="A7"/>
  <move id="160" source="E7" target="D7"/>
  <move id="161" source="A7" target="A8"/>
  <move id="162" source="D7" target="C7"/>
  <move id="163" source="B7" target="C7"/>
  <player id="1">Player 1</player>
  <player id="2">Player 2</player>
  <result type="3" winner="1"/>
 </game>
</stratego>