<?xml version="1.0" encoding="UTF-8"?>
<stratego>
 <game type="barrage">
  
  <field content="MDAAAAAAAABAAAAAAAAAAAAAAAAAAAELAAKCAADAAA__AA__AAAA__AA__AAPAAAAAAAAAWXAAAAAAAAYQAAAAAAAANOPAAAAAAA"/>
  <move id="1" source="F4" target="F5"/>
  <move id="2" source="B8" target="C8"/>
  <move id="3" source="F5" target="F6"/>
  <move id="4" source="C8" target="D8"/>
  <move id="5" source="F6" target="F7"/>
  <move id="6" source="D8" target="E8"/>
  <move id="7" source="E4" target="E5"/>
  <move id="8" source="A7" target="B7"/>
  <move id="9" source="E5" target="E6"/>
  <move id="10" source="B7" target="C7"/>
  <move id="11" source="E6" target="E7"/>
  <move id="12" source="E8" target="D8"/>
  <move id="13" source="B4" target="B5"/>
  <move id="14" source="C7" target="B7"/>
  <move id="15" source="A4" target="A5"/>
  <move id="16" source="B7" target="C7"/>
  <move id="17" source="B5" target="B6"/>
  <move id="18" source="C7" target="C8"/>
  <move id="19" source="A5" target="A6"/>
  <move id="20" source="C8" target="C9"/>
  <move id="21" source="F7" target="F8"/>
  <move id="22" source="C9" target="D9"/>
  <move id="23" source="E7" target="E8"/>
  <move id="24" source="D9" target="D:"/>
  <move id="25" source="E8" target="D8"/>
  <move id="26" source="D8" target="C8"/>
  <move id="27" source="F8" target="F9"/>
  <move id="28" source="D:" target="E:"/>
  <move id="29" source="F9" target="E9"/>
  <move id="30" source="E:" target="I:"/>
  <move id="31" source="E9" target="E:"/>
  <move id="32" source="C8" target="C9"/>
  <move id="33" source="E:" target="D:"/>
  <move id="34" source="I:" target="I4"/>
  <move id="35" source="A6" target="A7"/>
  <move id="36" source="B9" target="B8"/>
  <move id="37" source="A7" target="B7"/>
  <move id="38" source="C9" target="B9"/>
  <move id="39" source="B7" target="C7"/>
  <move id="40" source="C:" target="D:"/>
  <move id="41" source="C7" target="C8"/>
  <move id="42" source="B8" target="B7"/>
  <move id="43" source="B6" target="B7"/>
  <move id="44" source="D:" target="D9"/>
  <move id="45" source="C8" target="B8"/>
  <move id="46" source="B9" target="B8"/>
  <move id="47" source="B7" target="B8"/>
  <move id="48" source="D9" target="C9"/>
  <move id="49" source="B1" target="B:"/>
  <move id="50" source="C9" target="B9"/>
  <move id="51" source="B:" target="A:"/>
  <player id="1">Player 1</player>
  <player id="2">Player 2</player>
  <result type="0" winner="2"/>
 </game>
</stratego>