<?xml version="1.0" encoding="UTF-8"?>
<stratego>
 <game type="barrage">
  
  <field content="ADAAAAEAAAAADAAAAMAAAAAAAAAAAACLAABKAAAAAA__AA__AAAA__AA__AAXAAAWOAAPAAAAAAAAAAANQAAAAAAAAYPAAAAAAAA"/>
  <move id="1" source="F4" target="F5"/>
  <move id="2" source="E7" target="E6"/>
  <move id="3" source="B4" target="B5"/>
  <move id="4" source="I7" target="I6"/>
  <move id="5" source="B5" target="B6"/>
  <move id="6" source="I6" target="I5"/>
  <move id="7" source="A4" target="A5"/>
  <move id="8" source="I5" target="I4"/>
  <move id="9" source="A5" target="A6"/>
  <move id="10" source="A7" target="A8"/>
  <move id="11" source="B6" target="B7"/>
  <move id="12" source="B9" target="B8"/>
  <move id="13" source="B7" target="B8"/>
  <move id="14" source="E6" target="E5"/>
  <move id="15" source="F5" target="F6"/>
  <move id="16" source="E5" target="E4"/>
  <move id="17" source="B8" target="A8"/>
  <move id="18" source="B:" target="B1"/>
  <move id="19" source="C2" target="B2"/>
  <move id="20" source="I4" target="I1"/>
  <move id="21" source="B2" target="B:"/>
  <player id="1">Player 1</player>
  <player id="2">Player 2</player>
  <result type="3" winner="1"/>
 </game>
</stratego>