<?xml version="1.0" encoding="UTF-8"?>
<stratego>
 <game type="barrage">
  
  <field content="AAAAAAAADMAAAAAAAAABAAAAAAAAAAALAADKAACEAA__AA__AAAA__AA__AAAAAAAPAAAXAAAAAAAAWOAAAAAAAAPQAAAAAAAANY"/>
  <move id="1" source="F4" target="F5"/>
  <move id="2" source="I8" target="I7"/>
  <move id="3" source="F5" target="F6"/>
  <move id="4" source="F7" target="E7"/>
  <move id="5" source="F6" target="E6"/>
  <move id="6" source="E7" target="E8"/>
  <move id="7" source="E6" target="E7"/>
  <move id="8" source="E8" target="D8"/>
  <move id="9" source="E7" target="D7"/>
  <move id="10" source="D8" target="C8"/>
  <move id="11" source="E4" target="E5"/>
  <move id="12" source="K8" target="I8"/>
  <move id="13" source="E5" target="E6"/>
  <move id="14" source="I8" target="H8"/>
  <move id="15" source="E6" target="E7"/>
  <move id="16" source="H8" target="G8"/>
  <move id="17" source="E7" target="E8"/>
  <move id="18" source="G8" target="F8"/>
  <move id="19" source="E8" target="E9"/>
  <move id="20" source="F8" target="F9"/>
  <move id="21" source="E9" target="E:"/>
  <move id="22" source="I7" target="I6"/>
  <move id="23" source="B4" target="C4"/>
  <move id="24" source="K7" target="I7"/>
  <move id="25" source="C4" target="D4"/>
  <move id="26" source="I7" target="H7"/>
  <move id="27" source="D4" target="E4"/>
  <move id="28" source="H7" target="G7"/>
  <move id="29" source="E4" target="F4"/>
  <move id="30" source="G7" target="F7"/>
  <move id="31" source="F4" target="G4"/>
  <move id="32" source="F7" target="G7"/>
  <move id="33" source="D7" target="E7"/>
  <move id="34" source="F9" target="F8"/>
  <move id="35" source="E:" target="F:"/>
  <move id="36" source="G7" target="G8"/>
  <move id="37" source="G4" target="F4"/>
  <move id="38" source="G8" target="G9"/>
  <move id="39" source="F4" target="F5"/>
  <move id="40" source="F8" target="F9"/>
  <move id="41" source="F:" target="E:"/>
  <move id="42" source="F9" target="F8"/>
  <move id="43" source="E7" target="F7"/>
  <move id="44" source="F8" target="F7"/>
  <move id="45" source="E:" target="F:"/>
  <move id="46" source="I6" target="I7"/>
  <move id="47" source="F:" target="G:"/>
  <move id="48" source="G9" target="G:"/>
  <move id="49" source="I4" target="I5"/>
  <move id="50" source="I7" target="H7"/>
  <move id="51" source="I5" target="I6"/>
  <move id="52" source="H7" target="G7"/>
  <move id="53" source="I6" target="I7"/>
  <move id="54" source="G:" target="G9"/>
  <move id="55" source="I7" target="I8"/>
  <move id="56" source="G9" target="G8"/>
  <move id="57" source="F7" target="G7"/>
  <move id="58" source="G8" target="H8"/>
  <move id="59" source="I8" target="H8"/>
  <move id="60" source="C8" target="H8"/>
  <move id="61" source="F5" target="F6"/>
  <move id="62" source="H8" target="I8"/>
  <move id="63" source="F6" target="F7"/>
  <move id="64" source="I8" target="I3"/>
  <move id="65" source="F7" target="G7"/>
  <move id="66" source="I3" target="H3"/>
  <move id="67" source="G7" target="H7"/>
  <move id="68" source="H3" target="H1"/>
  <move id="69" source="H7" target="H8"/>
  <move id="70" source="H1" target="H2"/>
  <move id="71" source="H8" target="I8"/>
  <move id="72" source="I9" target="F9"/>
  <move id="73" source="I8" target="I9"/>
  <move id="74" source="K9" target="I9"/>
  <move id="75" source="I9" target="K9"/>
  <player id="1">Player 1</player>
  <player id="2">Player 2</player>
  <result type="3" winner="1"/>
 </game>
</stratego>