<?xml version="1.0" encoding="UTF-8"?>
<stratego>
 <game type="barrage">
  
  <field content="AAAAAAAABMAAAAAAAAADAAAAAAAAAAADAAECAALKAA__AA__AAAA__AA__AAWXAYOQAAAAAAAAAAAAAAPAAAAAAAAANPAAAAAAAA"/>
  <move id="1" source="I4" target="I5"/>
  <move id="2" source="A7" target="A6"/>
  <move id="3" source="I5" target="I6"/>
  <move id="4" source="A6" target="B6"/>
  <move id="5" source="B4" target="A4"/>
  <move id="6" source="B6" target="B5"/>
  <move id="7" source="I6" target="I7"/>
  <move id="8" source="B5" target="B4"/>
  <move id="9" source="A4" target="A5"/>
  <move id="10" source="B4" target="A4"/>
  <move id="11" source="A5" target="B5"/>
  <move id="12" source="A4" target="B4"/>
  <move id="13" source="B5" target="A5"/>
  <move id="14" source="B7" target="B6"/>
  <move id="15" source="I7" target="I8"/>
  <move id="16" source="B4" target="A4"/>
  <move id="17" source="A5" target="A6"/>
  <move id="18" source="B6" target="A6"/>
  <move id="19" source="I8" target="I9"/>
  <move id="20" source="A6" target="A7"/>
  <move id="21" source="I9" target="I:"/>
  <move id="22" source="A7" target="A8"/>
  <move id="23" source="I:" target="H:"/>
  <move id="24" source="A8" target="B8"/>
  <move id="25" source="E4" target="D4"/>
  <move id="26" source="B8" target="C8"/>
  <move id="27" source="D4" target="C4"/>
  <move id="28" source="F7" target="F6"/>
  <move id="29" source="C4" target="B4"/>
  <move id="30" source="A4" target="B4"/>
  <move id="31" source="H:" target="G:"/>
  <move id="32" source="C8" target="C9"/>
  <move id="33" source="G:" target="F:"/>
  <move id="34" source="C9" target="D9"/>
  <move id="35" source="F:" target="E:"/>
  <move id="36" source="B4" target="C4"/>
  <move id="37" source="F4" target="E4"/>
  <move id="38" source="C4" target="D4"/>
  <move id="39" source="E4" target="E5"/>
  <move id="40" source="D9" target="E9"/>
  <move id="41" source="E:" target="D:"/>
  <move id="42" source="E9" target="E8"/>
  <move id="43" source="E5" target="E6"/>
  <move id="44" source="F6" target="F5"/>
  <move id="45" source="K4" target="I4"/>
  <move id="46" source="D4" target="E4"/>
  <move id="47" source="I4" target="I5"/>
  <move id="48" source="E4" target="E5"/>
  <move id="49" source="D:" target="C:"/>
  <move id="50" source="E5" target="E6"/>
  <move id="51" source="C:" target="C9"/>
  <move id="52" source="E8" target="D8"/>
  <move id="53" source="C9" target="B9"/>
  <move id="54" source="D8" target="C8"/>
  <move id="55" source="B9" target="B:"/>
  <move id="56" source="C8" target="C9"/>
  <move id="57" source="B:" target="A:"/>
  <move id="58" source="C9" target="C8"/>
  <move id="59" source="I5" target="I6"/>
  <move id="60" source="E6" target="F6"/>
  <move id="61" source="I6" target="I7"/>
  <move id="62" source="F6" target="F7"/>
  <move id="63" source="K2" target="A2"/>
  <move id="64" source="A9" target="A2"/>
  <move id="65" source="I7" target="I8"/>
  <move id="66" source="F5" target="F4"/>
  <move id="67" source="I8" target="H8"/>
  <move id="68" source="F4" target="F3"/>
  <move id="69" source="H8" target="G8"/>
  <move id="70" source="F3" target="G3"/>
  <move id="71" source="G8" target="G9"/>
  <move id="72" source="G3" target="H3"/>
  <move id="73" source="G9" target="F9"/>
  <move id="74" source="H3" target="I3"/>
  <move id="75" source="F9" target="E9"/>
  <move id="76" source="I3" target="I2"/>
  <move id="77" source="E9" target="E8"/>
  <move id="78" source="I2" target="I1"/>
  <move id="79" source="E8" target="E7"/>
  <move id="80" source="I1" target="K1"/>
  <player id="1">Player 1</player>
  <player id="2">Player 2</player>
  <result type="1" winner="2"/>
 </game>
</stratego>