<?xml version="1.0" encoding="UTF-8"?>
<stratego>
 <game type="barrage">
  
  <field content="AAAAAAAABMAAAAAAAAADAAAAAAAAAAADAAKLAACEAA__AA__AAAA__AA__AAXNAYQPAAAAAAAOWAAAAAAAAAAAAAAAPAAAAAAAAA"/>
  <move id="1" source="K4" target="K5"/>
  <move id="2" source="A7" target="A6"/>
  <move id="3" source="K5" target="K6"/>
  <move id="4" source="A6" target="A5"/>
  <move id="5" source="K6" target="K7"/>
  <move id="6" source="A5" target="A4"/>
  <move id="7" source="B4" target="B7"/>
  <move id="8" source="A4" target="A3"/>
  <move id="9" source="K7" target="K8"/>
  <move id="10" source="A3" target="B3"/>
  <move id="11" source="K8" target="I8"/>
  <move id="12" source="B3" target="C3"/>
  <move id="13" source="I8" target="H8"/>
  <move id="14" source="C3" target="C2"/>
  <move id="15" source="I4" target="I3"/>
  <move id="16" source="C2" target="D2"/>
  <move id="17" source="I3" target="H3"/>
  <move id="18" source="D2" target="E2"/>
  <move id="19" source="H3" target="G3"/>
  <move id="20" source="E2" target="F2"/>
  <move id="21" source="H8" target="G8"/>
  <move id="22" source="F2" target="F1"/>
  <move id="23" source="G3" target="G2"/>
  <move id="24" source="E7" target="E6"/>
  <move id="25" source="E4" target="E5"/>
  <move id="26" source="E6" target="F6"/>
  <move id="27" source="E5" target="F5"/>
  <move id="28" source="F6" target="E6"/>
  <move id="29" source="F5" target="E5"/>
  <move id="30" source="E6" target="E7"/>
  <move id="31" source="E5" target="E6"/>
  <move id="32" source="F1" target="G1"/>
  <move id="33" source="G2" target="G1"/>
  <move id="34" source="E8" target="F8"/>
  <move id="35" source="G8" target="G7"/>
  <move id="36" source="F7" target="F4"/>
  <move id="37" source="E6" target="E7"/>
  <move id="38" source="F8" target="G8"/>
  <move id="39" source="G7" target="F7"/>
  <move id="40" source="G8" target="H8"/>
  <move id="41" source="E7" target="D7"/>
  <player id="1">Player 1</player>
  <player id="2">Player 2</player>
  <result type="1" winner="1"/>
 </game>
</stratego>