<?xml version="1.0" encoding="UTF-8"?>
<stratego>
 <game type="barrage">
  
  <field content="MDAAAAAAAABAAAAAAAAAEAAAAAAAAAKLAACDAAAAAA__AA__AAAA__AA__AAQWAAXPAAAAAOAAAAAAAANAAAAAAAAAYPAAAAAAAA"/>
  <move id="1" source="E4" target="E5"/>
  <move id="2" source="E7" target="E6"/>
  <move id="3" source="E5" target="E6"/>
  <move id="4" source="F7" target="F6"/>
  <move id="5" source="E6" target="F6"/>
  <move id="6" source="F6" target="F4"/>
  <move id="7" source="A4" target="A5"/>
  <move id="8" source="B:" target="C:"/>
  <move id="9" source="A5" target="A6"/>
  <move id="10" source="C:" target="D:"/>
  <move id="11" source="A6" target="A7"/>
  <move id="12" source="B7" target="B6"/>
  <move id="13" source="A7" target="B7"/>
  <move id="14" source="B6" target="B5"/>
  <move id="15" source="B4" target="B5"/>
  <move id="16" source="D:" target="D9"/>
  <move id="17" source="A3" target="A4"/>
  <move id="18" source="D9" target="D8"/>
  <move id="19" source="A4" target="A5"/>
  <move id="20" source="D8" target="D7"/>
  <move id="21" source="A5" target="A6"/>
  <move id="22" source="D7" target="F7"/>
  <move id="23" source="A6" target="A7"/>
  <move id="24" source="F7" target="F1"/>
  <move id="25" source="A7" target="A8"/>
  <move id="26" source="F1" target="B1"/>
  <player id="1">Player 1</player>
  <player id="2">Player 2</player>
  <result type="3" winner="1"/>
 </game>
</stratego>