<?xml version="1.0" encoding="UTF-8"?>
<stratego>
 <game type="barrage">
  
  <field content="MBAAAAAAAADEAAAAAAAACAAAAAAAAADALKAAAAAAAA__AA__AAAA__AA__AAOAAAPAAAAAXAAAPAAAAAYWAAAAAAAANQAAAAAAAA"/>
  <move id="1" source="A3" target="B3"/>
  <move id="2" source="E8" target="D8"/>
  <move id="3" source="B3" target="B4"/>
  <move id="4" source="D8" target="C8"/>
  <move id="5" source="B4" target="B5"/>
  <move id="6" source="C8" target="B8"/>
  <move id="7" source="B5" target="B6"/>
  <move id="8" source="B8" target="B7"/>
  <move id="9" source="B6" target="B5"/>
  <move id="10" source="A7" target="A6"/>
  <move id="11" source="C4" target="C3"/>
  <move id="12" source="B7" target="B6"/>
  <move id="13" source="B5" target="B6"/>
  <move id="14" source="B6" target="B7"/>
  <move id="15" source="C3" target="B3"/>
  <move id="16" source="B7" target="B8"/>
  <move id="17" source="B3" target="B4"/>
  <move id="18" source="B8" target="C8"/>
  <move id="19" source="B4" target="B5"/>
  <move id="20" source="C8" target="D8"/>
  <move id="21" source="B5" target="B6"/>
  <move id="22" source="A6" target="B6"/>
  <player id="1">Player 1</player>
  <player id="2">Player 2</player>
  <result type="3" winner="2"/>
 </game>
</stratego>