<?xml version="1.0" encoding="UTF-8"?>
<stratego>
 <game type="barrage">
  
  <field content="AAAAAAAADBAAAAAAAAADAAAAAAAAAAAKAALMAACEAA__AA__AAAA__AA__AAAOAAPWAAQXAAAAAAAAAAAAAAAAAAAPAAAAAAAAYN"/>
  <move id="1" source="B4" target="B5"/>
  <move id="2" source="B7" target="B8"/>
  <move id="3" source="B5" target="B6"/>
  <move id="4" source="B8" target="C8"/>
  <move id="5" source="B6" target="B7"/>
  <move id="6" source="E7" target="E6"/>
  <move id="7" source="B7" target="B8"/>
  <move id="8" source="C8" target="C7"/>
  <move id="9" source="B8" target="C8"/>
  <move id="10" source="C7" target="B7"/>
  <move id="11" source="C8" target="D8"/>
  <move id="12" source="B7" target="B6"/>
  <move id="13" source="D8" target="E8"/>
  <move id="14" source="B6" target="B5"/>
  <move id="15" source="E8" target="E9"/>
  <move id="16" source="F7" target="F8"/>
  <move id="17" source="E9" target="E:"/>
  <move id="18" source="F8" target="F9"/>
  <move id="19" source="E4" target="E5"/>
  <move id="20" source="E6" target="E:"/>
  <move id="21" source="E5" target="E6"/>
  <move id="22" source="B5" target="B6"/>
  <move id="23" source="E6" target="E7"/>
  <move id="24" source="B6" target="B7"/>
  <move id="25" source="E7" target="F7"/>
  <move id="26" source="B7" target="C7"/>
  <move id="27" source="F7" target="G7"/>
  <move id="28" source="C7" target="D7"/>
  <move id="29" source="G7" target="G8"/>
  <move id="30" source="D7" target="E7"/>
  <move id="31" source="G8" target="H8"/>
  <move id="32" source="F9" target="G9"/>
  <move id="33" source="E:" target="F:"/>
  <move id="34" source="I7" target="I8"/>
  <move id="35" source="H8" target="I8"/>
  <move id="36" source="E7" target="F7"/>
  <move id="37" source="I4" target="I5"/>
  <move id="38" source="F7" target="G7"/>
  <move id="39" source="I5" target="I6"/>
  <move id="40" source="G7" target="H7"/>
  <move id="41" source="I6" target="I7"/>
  <move id="42" source="K7" target="I7"/>
  <move id="43" source="F:" target="G:"/>
  <move id="44" source="I7" target="I6"/>
  <move id="45" source="G:" target="G9"/>
  <move id="46" source="I6" target="I5"/>
  <move id="47" source="I8" target="I7"/>
  <move id="48" source="H7" target="I7"/>
  <move id="49" source="I1" target="E1"/>
  <move id="50" source="K9" target="E9"/>
  <move id="51" source="K2" target="A2"/>
  <move id="52" source="E9" target="E:"/>
  <move id="53" source="A2" target="A9"/>
  <move id="54" source="I5" target="I6"/>
  <move id="55" source="E1" target="I1"/>
  <move id="56" source="I7" target="K7"/>
  <move id="57" source="A9" target="K9"/>
  <move id="58" source="K7" target="I7"/>
  <move id="59" source="K4" target="K5"/>
  <move id="60" source="E:" target="E9"/>
  <move id="61" source="K5" target="K6"/>
  <move id="62" source="I6" target="I5"/>
  <move id="63" source="K6" target="K7"/>
  <move id="64" source="I7" target="K7"/>
  <move id="65" source="K7" target="K8"/>
  <move id="66" source="I5" target="I6"/>
  <move id="67" source="K8" target="I8"/>
  <move id="68" source="E9" target="F9"/>
  <move id="69" source="I8" target="I9"/>
  <move id="70" source="F9" target="F4"/>
  <player id="1">Player 1</player>
  <player id="2">Player 2</player>
  <result type="1" winner="2"/>
 </game>
</stratego>