<?xml version="1.0" encoding="UTF-8"?>
<stratego>
 <game type="barrage">
  
  <field content="MDAAAAAAAADAAAAAAAAAEAAAAAAAAABLAAKCAAAAAA__AA__AAAA__AA__AAAAAAOWAAAXAAAAAAAPPAAAAAAAAAAYAAAAAAAAQN"/>
  <move id="1" source="B4" target="B5"/>
  <move id="2" source="H8" target="G8"/>
  <move id="3" source="B5" target="B6"/>
  <move id="4" source="G8" target="E8"/>
  <move id="5" source="B6" target="B7"/>
  <move id="6" source="K7" target="I7"/>
  <move id="7" source="F4" target="G4"/>
  <move id="8" source="I7" target="H7"/>
  <move id="9" source="G4" target="H4"/>
  <move id="10" source="H7" target="H8"/>
  <move id="11" source="H4" target="I4"/>
  <move id="12" source="H8" target="H7"/>
  <move id="13" source="I4" target="I5"/>
  <move id="14" source="H7" target="I7"/>
  <move id="15" source="I5" target="I6"/>
  <move id="16" source="I7" target="I6"/>
  <move id="17" source="B7" target="C7"/>
  <move id="18" source="I6" target="I7"/>
  <move id="19" source="C7" target="C8"/>
  <move id="20" source="I7" target="H7"/>
  <move id="21" source="C8" target="D8"/>
  <move id="22" source="E8" target="F8"/>
  <move id="23" source="D8" target="D9"/>
  <move id="24" source="H7" target="H8"/>
  <move id="25" source="D9" target="E9"/>
  <move id="26" source="H8" target="H9"/>
  <move id="27" source="E9" target="F9"/>
  <move id="28" source="F8" target="E8"/>
  <move id="29" source="F9" target="F:"/>
  <move id="30" source="E8" target="D8"/>
  <move id="31" source="E4" target="F4"/>
  <move id="32" source="D8" target="D7"/>
  <move id="33" source="F4" target="G4"/>
  <move id="34" source="E7" target="E8"/>
  <move id="35" source="G4" target="H4"/>
  <move id="36" source="E8" target="F8"/>
  <move id="37" source="H4" target="I4"/>
  <move id="38" source="F8" target="G8"/>
  <move id="39" source="I4" target="I5"/>
  <move id="40" source="I8" target="K8"/>
  <move id="41" source="I5" target="I6"/>
  <move id="42" source="F7" target="G7"/>
  <move id="43" source="I6" target="I7"/>
  <move id="44" source="G8" target="H8"/>
  <move id="45" source="F:" target="G:"/>
  <move id="46" source="G7" target="H7"/>
  <move id="47" source="I7" target="K7"/>
  <move id="48" source="H8" target="I8"/>
  <move id="49" source="A3" target="B3"/>
  <move id="50" source="H7" target="I7"/>
  <move id="51" source="B3" target="C3"/>
  <move id="52" source="I7" target="K7"/>
  <move id="53" source="C3" target="D3"/>
  <move id="54" source="D7" target="E7"/>
  <move id="55" source="D3" target="E3"/>
  <move id="56" source="E7" target="E3"/>
  <move id="57" source="E3" target="E4"/>
  <move id="58" source="I8" target="I9"/>
  <move id="59" source="E4" target="F4"/>
  <move id="60" source="H9" target="H8"/>
  <move id="61" source="F4" target="G4"/>
  <move id="62" source="H8" target="H7"/>
  <move id="63" source="G4" target="H4"/>
  <move id="64" source="I9" target="H9"/>
  <move id="65" source="H4" target="I4"/>
  <move id="66" source="I:" target="I9"/>
  <move id="67" source="B1" target="B9"/>
  <move id="68" source="H7" target="H8"/>
  <move id="69" source="B9" target="H9"/>
  <move id="70" source="I9" target="H9"/>
  <move id="71" source="G:" target="H:"/>
  <move id="72" source="H9" target="I9"/>
  <move id="73" source="H:" target="I:"/>
  <move id="74" source="I9" target="I8"/>
  <move id="75" source="I:" target="I9"/>
  <move id="76" source="I8" target="I7"/>
  <move id="77" source="I9" target="K9"/>
  <player id="1">Player 1</player>
  <player id="2">Player 2</player>
  <result type="1" winner="1"/>
 </game>
</stratego>