<?xml version="1.0" encoding="UTF-8"?>
<stratego>
 <game type="barrage">
  
  <field content="MDAAAAAAAABAAAAAAAAAAAAAAAAAAACEAALKAADAAA__AA__AAAA__AA__AAPNAWQOAAAAAAAAAAAAAAXAAAAAAAAAYPAAAAAAAA"/>
  <move id="1" source="I4" target="I5"/>
  <move id="2" source="F7" target="F6"/>
  <move id="3" source="I5" target="I6"/>
  <move id="4" source="F6" target="F5"/>
  <move id="5" source="F4" target="F5"/>
  <move id="6" source="E7" target="F7"/>
  <move id="7" source="I6" target="I7"/>
  <move id="8" source="D7" target="E7"/>
  <move id="9" source="I7" target="I8"/>
  <move id="10" source="E7" target="E6"/>
  <move id="11" source="E4" target="D4"/>
  <move id="12" source="E6" target="E5"/>
  <move id="13" source="F5" target="E5"/>
  <move id="14" source="F7" target="F6"/>
  <move id="15" source="I8" target="I9"/>
  <move id="16" source="F6" target="F5"/>
  <move id="17" source="I9" target="H9"/>
  <move id="18" source="F5" target="F4"/>
  <move id="19" source="H9" target="F9"/>
  <move id="20" source="F4" target="E4"/>
  <move id="21" source="D4" target="E4"/>
  <move id="22" source="A7" target="A4"/>
  <move id="23" source="B4" target="A4"/>
  <move id="24" source="A9" target="A8"/>
  <move id="25" source="A4" target="B4"/>
  <move id="26" source="A8" target="A7"/>
  <move id="27" source="B4" target="A4"/>
  <move id="28" source="A7" target="A6"/>
  <move id="29" source="E4" target="E5"/>
  <move id="30" source="A6" target="A5"/>
  <move id="31" source="E5" target="E6"/>
  <move id="32" source="A5" target="A4"/>
  <move id="33" source="F9" target="F:"/>
  <move id="34" source="A4" target="A3"/>
  <move id="35" source="F:" target="B:"/>
  <player id="1">Player 1</player>
  <player id="2">Player 2</player>
  <result type="3" winner="1"/>
 </game>
</stratego>