<?xml version="1.0" encoding="UTF-8"?>
<stratego>
 <game type="classic">
  
  <field content="EDBBMBHGFEDIEBBEEDBDFHJCKIJHDIDGFLHFGDDGAA__AA__AAAA__AA__AASPTPPSTQSPNUWOUPPXURNSNRVQVTPQYNRNQTQNRP"/>
  <move id="1" source="I4" target="I7"/>
  <move id="2" source="F7" target="F6"/>
  <move id="3" source="K4" target="I4"/>
  <move id="4" source="F6" target="E6"/>
  <move id="5" source="I4" target="I5"/>
  <move id="6" source="G7" target="F7"/>
  <move id="7" source="I5" target="I6"/>
  <move id="8" source="F7" target="F6"/>
  <move id="9" source="I3" target="I4"/>
  <move id="10" source="G8" target="G7"/>
  <move id="11" source="I4" target="K4"/>
  <move id="12" source="F6" target="F5"/>
  <move id="13" source="K4" target="K7"/>
  <move id="14" source="E6" target="F6"/>
  <move id="15" source="E4" target="E5"/>
  <move id="16" source="F5" target="E5"/>
  <move id="17" source="F4" target="E4"/>
  <move id="18" source="E7" target="E4"/>
  <move id="19" source="G4" target="F4"/>
  <move id="20" source="F6" target="E6"/>
  <move id="21" source="F4" target="F5"/>
  <move id="22" source="F8" target="F7"/>
  <move id="23" source="F5" target="E5"/>
  <move id="24" source="E6" target="F6"/>
  <move id="25" source="E5" target="F5"/>
  <move id="26" source="F6" target="E6"/>
  <move id="27" source="H4" target="I4"/>
  <move id="28" source="F7" target="F6"/>
  <move id="29" source="I4" target="I5"/>
  <move id="30" source="F6" target="F5"/>
  <move id="31" source="F5" target="F4"/>
  <move id="32" source="E6" target="E5"/>
  <move id="33" source="G3" target="G4"/>
  <move id="34" source="E5" target="E4"/>
  <move id="35" source="F4" target="E4"/>
  <move id="36" source="D7" target="E7"/>
  <move id="37" source="E3" target="E4"/>
  <move id="38" source="F9" target="F8"/>
  <move id="39" source="F3" target="G3"/>
  <move id="40" source="F8" target="F7"/>
  <move id="41" source="F2" target="F3"/>
  <move id="42" source="F7" target="F6"/>
  <move id="43" source="F3" target="F4"/>
  <move id="44" source="F6" target="F5"/>
  <move id="45" source="D3" target="E3"/>
  <move id="46" source="F5" target="E5"/>
  <move id="47" source="A4" target="A7"/>
  <move id="48" source="E7" target="E6"/>
  <move id="49" source="B4" target="A4"/>
  <move id="50" source="G9" target="G8"/>
  <move id="51" source="A4" target="A5"/>
  <move id="52" source="G8" target="F8"/>
  <move id="53" source="A5" target="A6"/>
  <move id="54" source="F8" target="F7"/>
  <move id="55" source="A6" target="A7"/>
  <move id="56" source="B7" target="A7"/>
  <move id="57" source="F4" target="F5"/>
  <move id="58" source="F7" target="F6"/>
  <move id="59" source="F5" target="E5"/>
  <move id="60" source="E6" target="E5"/>
  <move id="61" source="G3" target="F3"/>
  <move id="62" source="E5" target="F5"/>
  <move id="63" source="F3" target="F4"/>
  <move id="64" source="D8" target="D7"/>
  <move id="65" source="E3" target="F3"/>
  <move id="66" source="E8" target="E7"/>
  <move id="67" source="E4" target="E3"/>
  <move id="68" source="G7" target="G8"/>
  <move id="69" source="D4" target="D3"/>
  <move id="70" source="G8" target="F8"/>
  <move id="71" source="C4" target="D4"/>
  <move id="72" source="F8" target="E8"/>
  <move id="73" source="D4" target="E4"/>
  <move id="74" source="E8" target="F8"/>
  <move id="75" source="E4" target="E5"/>
  <move id="76" source="F8" target="E8"/>
  <move id="77" source="E5" target="F5"/>
  <move id="78" source="H7" target="G7"/>
  <move id="79" source="F5" target="E5"/>
  <move id="80" source="G7" target="G8"/>
  <move id="81" source="E5" target="E4"/>
  <move id="82" source="F6" target="F7"/>
  <move id="83" source="E4" target="D4"/>
  <move id="84" source="F7" target="G7"/>
  <move id="85" source="D4" target="C4"/>
  <move id="86" source="G8" target="F8"/>
  <move id="87" source="C4" target="B4"/>
  <move id="88" source="F8" target="F7"/>
  <move id="89" source="B4" target="A4"/>
  <move id="90" source="F7" target="F6"/>
  <move id="91" source="B3" target="B4"/>
  <move id="92" source="F6" target="F5"/>
  <move id="93" source="B4" target="C4"/>
  <move id="94" source="F5" target="F6"/>
  <move id="95" source="C4" target="D4"/>
  <move id="96" source="F6" target="E6"/>
  <move id="97" source="D4" target="E4"/>
  <move id="98" source="E8" target="F8"/>
  <move id="99" source="E4" target="E5"/>
  <move id="100" source="F8" target="F7"/>
  <move id="101" source="E5" target="E6"/>
  <move id="102" source="E7" target="E6"/>
  <move id="103" source="F4" target="F5"/>
  <move id="104" source="E6" target="E7"/>
  <move id="105" source="F5" target="F6"/>
  <move id="106" source="G7" target="G8"/>
  <move id="107" source="F6" target="F7"/>
  <move id="108" source="E7" target="F7"/>
  <move id="109" source="G4" target="F4"/>
  <move id="110" source="G8" target="F8"/>
  <move id="111" source="H3" target="G3"/>
  <move id="112" source="F8" target="E8"/>
  <move id="113" source="G3" target="G4"/>
  <move id="114" source="E8" target="E7"/>
  <move id="115" source="F4" target="F5"/>
  <move id="116" source="D9" target="D8"/>
  <move id="117" source="G4" target="F4"/>
  <move id="118" source="D8" target="E8"/>
  <move id="119" source="F5" target="E5"/>
  <move id="120" source="E8" target="F8"/>
  <move id="121" source="E5" target="E4"/>
  <move id="122" source="F8" target="F7"/>
  <move id="123" source="E4" target="D4"/>
  <move id="124" source="C8" target="D8"/>
  <move id="125" source="H2" target="H3"/>
  <move id="126" source="D8" target="E8"/>
  <move id="127" source="H3" target="G3"/>
  <move id="128" source="E8" target="F8"/>
  <move id="129" source="G3" target="G4"/>
  <move id="130" source="F8" target="G8"/>
  <move id="131" source="A4" target="A5"/>
  <move id="132" source="G8" target="G7"/>
  <move id="133" source="D4" target="C4"/>
  <move id="134" source="G7" target="G8"/>
  <move id="135" source="C4" target="B4"/>
  <move id="136" source="G8" target="F8"/>
  <move id="137" source="B4" target="B5"/>
  <move id="138" source="A7" target="B7"/>
  <move id="139" source="B5" target="B6"/>
  <move id="140" source="F8" target="E8"/>
  <move id="141" source="A5" target="A6"/>
  <move id="142" source="E8" target="D8"/>
  <move id="143" source="A6" target="A7"/>
  <move id="144" source="B7" target="B6"/>
  <move id="145" source="A7" target="B7"/>
  <move id="146" source="D8" target="C8"/>
  <move id="147" source="A3" target="B3"/>
  <move id="148" source="C8" target="D8"/>
  <move id="149" source="A2" target="A8"/>
  <move id="150" source="D8" target="C8"/>
  <move id="151" source="D3" target="D4"/>
  <move id="152" source="D7" target="D8"/>
  <move id="153" source="D4" target="E4"/>
  <move id="154" source="H8" target="G8"/>
  <move id="155" source="E4" target="E5"/>
  <move id="156" source="G8" target="F8"/>
  <move id="157" source="E5" target="E6"/>
  <move id="158" source="E7" target="D7"/>
  <move id="159" source="E6" target="E7"/>
  <move id="160" source="F7" target="E7"/>
  <move id="161" source="F4" target="F5"/>
  <move id="162" source="E9" target="E8"/>
  <move id="163" source="F5" target="F6"/>
  <move id="164" source="E8" target="E9"/>
  <move id="165" source="F6" target="F7"/>
  <move id="166" source="F8" target="F7"/>
  <move id="167" source="E7" target="F7"/>
  <move id="168" source="D7" target="E7"/>
  <move id="169" source="F3" target="F4"/>
  <move id="170" source="E9" target="F9"/>
  <move id="171" source="E3" target="E4"/>
  <move id="172" source="F9" target="G9"/>
  <move id="173" source="E4" target="E5"/>
  <move id="174" source="E7" target="F7"/>
  <move id="175" source="E5" target="E6"/>
  <move id="176" source="D8" target="E8"/>
  <move id="177" source="E6" target="E7"/>
  <move id="178" source="F7" target="F8"/>
  <move id="179" source="E7" target="F7"/>
  <move id="180" source="F8" target="F9"/>
  <move id="181" source="F7" target="F8"/>
  <move id="182" source="F9" target="E9"/>
  <move id="183" source="F8" target="E8"/>
  <move id="184" source="E9" target="D9"/>
  <move id="185" source="E8" target="E9"/>
  <move id="186" source="D9" target="D8"/>
  <move id="187" source="E9" target="F9"/>
  <move id="188" source="G9" target="G8"/>
  <move id="189" source="F9" target="F8"/>
  <move id="190" source="G8" target="G7"/>
  <move id="191" source="F8" target="G8"/>
  <move id="192" source="G7" target="F7"/>
  <move id="193" source="G8" target="G7"/>
  <move id="194" source="F7" target="F6"/>
  <move id="195" source="G7" target="H7"/>
  <move id="196" source="F6" target="F5"/>
  <move id="197" source="H7" target="I7"/>
  <move id="198" source="F5" target="F4"/>
  <move id="199" source="G4" target="K4"/>
  <move id="200" source="F4" target="E4"/>
  <move id="201" source="K4" target="K8"/>
  <move id="202" source="E4" target="D4"/>
  <move id="203" source="I6" target="K6"/>
  <move id="204" source="D4" target="C4"/>
  <move id="205" source="K6" target="K7"/>
  <move id="206" source="C4" target="B4"/>
  <move id="207" source="K7" target="K8"/>
  <move id="208" source="B4" target="B5"/>
  <move id="209" source="K8" target="K9"/>
  <move id="210" source="B5" target="B6"/>
  <move id="211" source="K9" target="K:"/>
  <move id="212" source="C7" target="B7"/>
  <move id="213" source="I5" target="K5"/>
  <move id="214" source="D8" target="D7"/>
  <move id="215" source="K5" target="K9"/>
  <move id="216" source="D7" target="E7"/>
  <move id="217" source="K9" target="I9"/>
  <move id="218" source="E7" target="E6"/>
  <move id="219" source="K:" target="I:"/>
  <move id="220" source="E6" target="E5"/>
  <move id="221" source="I:" target="H:"/>
  <move id="222" source="E5" target="E4"/>
  <move id="223" source="I7" target="H7"/>
  <move id="224" source="C8" target="D8"/>
  <move id="225" source="H7" target="H8"/>
  <move id="226" source="H9" target="I9"/>
  <move id="227" source="H8" target="G8"/>
  <move id="228" source="E4" target="F4"/>
  <move id="229" source="G8" target="F8"/>
  <move id="230" source="F4" target="G4"/>
  <move id="231" source="F8" target="E8"/>
  <move id="232" source="D8" target="E8"/>
  <move id="233" source="C3" target="D3"/>
  <move id="234" source="G4" target="F4"/>
  <move id="235" source="D3" target="E3"/>
  <move id="236" source="B7" target="C7"/>
  <move id="237" source="E3" target="E4"/>
  <move id="238" source="F4" target="E4"/>
  <move id="239" source="B3" target="B4"/>
  <move id="240" source="B8" target="B7"/>
  <move id="241" source="B4" target="C4"/>
  <move id="242" source="I8" target="H8"/>
  <move id="243" source="K3" target="K4"/>
  <move id="244" source="H8" target="H7"/>
  <move id="245" source="K4" target="K5"/>
  <move id="246" source="H7" target="I7"/>
  <move id="247" source="K5" target="K6"/>
  <move id="248" source="I9" target="H9"/>
  <move id="249" source="K6" target="K7"/>
  <move id="250" source="I7" target="K7"/>
  <move id="251" source="C4" target="D4"/>
  <move id="252" source="C7" target="C8"/>
  <move id="253" source="D4" target="E4"/>
  <move id="254" source="B7" target="C7"/>
  <move id="255" source="E4" target="F4"/>
  <move id="256" source="C7" target="D7"/>
  <move id="257" source="F4" target="G4"/>
  <move id="258" source="C8" target="B8"/>
  <move id="259" source="G4" target="H4"/>
  <move id="260" source="H9" target="G9"/>
  <move id="261" source="H4" target="I4"/>
  <move id="262" source="G9" target="G8"/>
  <move id="263" source="I4" target="I5"/>
  <move id="264" source="G8" target="G7"/>
  <move id="265" source="I5" target="I6"/>
  <move id="266" source="G7" target="F7"/>
  <move id="267" source="I6" target="I7"/>
  <move id="268" source="F7" target="F6"/>
  <move id="269" source="I7" target="I8"/>
  <move id="270" source="D7" target="D8"/>
  <move id="271" source="I8" target="I9"/>
  <move id="272" source="D8" target="E8"/>
  <move id="273" source="I9" target="H9"/>
  <move id="274" source="E8" target="F8"/>
  <move id="275" source="G2" target="F2"/>
  <move id="276" source="G:" target="G9"/>
  <move id="277" source="H9" target="G9"/>
  <move id="278" source="F8" target="G8"/>
  <move id="279" source="G9" target="H9"/>
  <move id="280" source="G8" target="H8"/>
  <move id="281" source="H9" target="I9"/>
  <move id="282" source="H8" target="I8"/>
  <move id="283" source="I9" target="K9"/>
  <move id="284" source="I8" target="K8"/>
  <move id="285" source="K9" target="I9"/>
  <move id="286" source="K8" target="I8"/>
  <move id="287" source="I9" target="H9"/>
  <move id="288" source="I8" target="I9"/>
  <move id="289" source="H9" target="H8"/>
  <move id="290" source="F6" target="F7"/>
  <move id="291" source="G1" target="G2"/>
  <move id="292" source="F7" target="G7"/>
  <move id="293" source="G2" target="G3"/>
  <move id="294" source="G7" target="H7"/>
  <move id="295" source="H8" target="G8"/>
  <move id="296" source="H7" target="G7"/>
  <move id="297" source="G8" target="F8"/>
  <move id="298" source="G7" target="F7"/>
  <move id="299" source="F8" target="E8"/>
  <move id="300" source="F7" target="E7"/>
  <move id="301" source="E8" target="E9"/>
  <move id="302" source="E7" target="E8"/>
  <move id="303" source="E9" target="E:"/>
  <move id="304" source="E8" target="E9"/>
  <move id="305" source="E:" target="D:"/>
  <move id="306" source="I9" target="H9"/>
  <move id="307" source="G3" target="G4"/>
  <move id="308" source="H9" target="H8"/>
  <move id="309" source="G4" target="F4"/>
  <move id="310" source="H8" target="G8"/>
  <move id="311" source="F4" target="E4"/>
  <move id="312" source="G8" target="F8"/>
  <move id="313" source="E4" target="D4"/>
  <move id="314" source="F8" target="E8"/>
  <move id="315" source="D4" target="C4"/>
  <move id="316" source="E8" target="E7"/>
  <move id="317" source="C4" target="B4"/>
  <move id="318" source="E7" target="D7"/>
  <move id="319" source="B4" target="B5"/>
  <move id="320" source="D7" target="C7"/>
  <move id="321" source="B5" target="B4"/>
  <move id="322" source="E9" target="E8"/>
  <move id="323" source="B4" target="C4"/>
  <move id="324" source="E8" target="F8"/>
  <move id="325" source="C4" target="D4"/>
  <move id="326" source="F8" target="G8"/>
  <move id="327" source="D4" target="E4"/>
  <move id="328" source="G8" target="G7"/>
  <move id="329" source="E4" target="F4"/>
  <move id="330" source="G7" target="H7"/>
  <move id="331" source="F4" target="G4"/>
  <move id="332" source="H7" target="G7"/>
  <move id="333" source="G4" target="F4"/>
  <move id="334" source="G7" target="H7"/>
  <move id="335" source="F4" target="F5"/>
  <move id="336" source="C7" target="D7"/>
  <move id="337" source="B2" target="B3"/>
  <move id="338" source="H7" target="I7"/>
  <move id="339" source="B3" target="B4"/>
  <move id="340" source="I7" target="I6"/>
  <move id="341" source="F5" target="F4"/>
  <move id="342" source="I6" target="I5"/>
  <move id="343" source="F4" target="G4"/>
  <move id="344" source="I5" target="I6"/>
  <move id="345" source="B4" target="B5"/>
  <move id="346" source="D7" target="C7"/>
  <move id="347" source="G4" target="F4"/>
  <move id="348" source="I6" target="I7"/>
  <move id="349" source="F4" target="F5"/>
  <move id="350" source="I7" target="I6"/>
  <move id="351" source="F5" target="F6"/>
  <move id="352" source="I6" target="I5"/>
  <move id="353" source="F6" target="F7"/>
  <move id="354" source="I5" target="I4"/>
  <move id="355" source="F7" target="F8"/>
  <move id="356" source="I4" target="H4"/>
  <move id="357" source="F2" target="F3"/>
  <move id="358" source="H4" target="G4"/>
  <move id="359" source="F8" target="E8"/>
  <move id="360" source="G4" target="F4"/>
  <move id="361" source="F3" target="F4"/>
  <move id="362" source="F4" target="G4"/>
  <move id="363" source="E8" target="D8"/>
  <move id="364" source="G4" target="H4"/>
  <move id="365" source="D8" target="D9"/>
  <move id="366" source="C7" target="C8"/>
  <move id="367" source="B5" target="B6"/>
  <move id="368" source="C8" target="C7"/>
  <move id="369" source="K2" target="K8"/>
  <move id="370" source="H4" target="I4"/>
  <move id="371" source="K8" target="K9"/>
  <move id="372" source="I4" target="I3"/>
  <move id="373" source="D9" target="D8"/>
  <move id="374" source="I3" target="H3"/>
  <move id="375" source="K9" target="C9"/>
  <move id="376" source="H3" target="G3"/>
  <move id="377" source="D8" target="E8"/>
  <move id="378" source="G3" target="F3"/>
  <move id="379" source="B6" target="A6"/>
  <move id="380" source="C7" target="B7"/>
  <move id="381" source="E8" target="D8"/>
  <move id="382" source="B7" target="C7"/>
  <move id="383" source="A6" target="A5"/>
  <move id="384" source="F3" target="E3"/>
  <move id="385" source="A5" target="A4"/>
  <move id="386" source="E3" target="D3"/>
  <move id="387" source="A4" target="B4"/>
  <move id="388" source="C7" target="C8"/>
  <move id="389" source="D8" target="D7"/>
  <move id="390" source="C8" target="C7"/>
  <move id="391" source="D7" target="D8"/>
  <move id="392" source="D3" target="C3"/>
  <move id="393" source="C2" target="B2"/>
  <move id="394" source="C3" target="C2"/>
  <move id="395" source="B4" target="B3"/>
  <move id="396" source="C7" target="C8"/>
  <move id="397" source="D8" target="D7"/>
  <move id="398" source="C8" target="C7"/>
  <move id="399" source="D7" target="D8"/>
  <move id="400" source="C7" target="B7"/>
  <move id="401" source="B2" target="A2"/>
  <move id="402" source="B7" target="B6"/>
  <move id="403" source="A2" target="A3"/>
  <move id="404" source="B6" target="B5"/>
  <move id="405" source="B3" target="C3"/>
  <move id="406" source="C2" target="B2"/>
  <move id="407" source="D8" target="C8"/>
  <move id="408" source="B5" target="B4"/>
  <move id="409" source="C8" target="B8"/>
  <move id="410" source="B2" target="A2"/>
  <move id="411" source="C3" target="B3"/>
  <move id="412" source="B4" target="B3"/>
  <move id="413" source="A3" target="B3"/>
  <move id="414" source="F:" target="F9"/>
  <move id="415" source="B3" target="B4"/>
  <move id="416" source="F9" target="F8"/>
  <move id="417" source="B4" target="B5"/>
  <move id="418" source="F8" target="E8"/>
  <move id="419" source="B5" target="B6"/>
  <move id="420" source="E8" target="D8"/>
  <move id="421" source="B6" target="B7"/>
  <move id="422" source="D8" target="C8"/>
  <move id="423" source="B7" target="A7"/>
  <move id="424" source="C8" target="B8"/>
  <move id="425" source="K1" target="K2"/>
  <move id="426" source="A2" target="A3"/>
  <move id="427" source="K2" target="K3"/>
  <move id="428" source="A3" target="A4"/>
  <move id="429" source="K3" target="K4"/>
  <move id="430" source="A4" target="A5"/>
  <move id="431" source="K4" target="K5"/>
  <move id="432" source="A5" target="A6"/>
  <move id="433" source="A7" target="A8"/>
  <move id="434" source="B8" target="A8"/>
  <move id="435" source="K5" target="K6"/>
  <move id="436" source="A8" target="B8"/>
  <move id="437" source="K6" target="K7"/>
  <move id="438" source="B8" target="C8"/>
  <move id="439" source="K7" target="K8"/>
  <move id="440" source="C8" target="D8"/>
  <move id="441" source="K8" target="K9"/>
  <move id="442" source="A6" target="A7"/>
  <move id="443" source="K9" target="I9"/>
  <move id="444" source="D8" target="E8"/>
  <move id="445" source="I9" target="H9"/>
  <move id="446" source="E8" target="F8"/>
  <move id="447" source="H9" target="G9"/>
  <move id="448" source="F8" target="G8"/>
  <move id="449" source="G9" target="F9"/>
  <move id="450" source="G8" target="F8"/>
  <move id="451" source="F9" target="F:"/>
  <move id="452" source="F8" target="F9"/>
  <move id="453" source="F:" target="E:"/>
  <move id="454" source="A7" target="A8"/>
  <move id="455" source="A1" target="A2"/>
  <move id="456" source="A8" target="B8"/>
  <move id="457" source="A2" target="A3"/>
  <move id="458" source="B8" target="C8"/>
  <move id="459" source="A3" target="A4"/>
  <move id="460" source="B9" target="B8"/>
  <move id="461" source="A4" target="A5"/>
  <move id="462" source="B8" target="A8"/>
  <move id="463" source="A5" target="B5"/>
  <move id="464" source="C8" target="C7"/>
  <move id="465" source="B5" target="B4"/>
  <move id="466" source="C7" target="B7"/>
  <move id="467" source="B4" target="C4"/>
  <move id="468" source="A8" target="B8"/>
  <move id="469" source="C4" target="C3"/>
  <move id="470" source="B8" target="C8"/>
  <move id="471" source="C3" target="B3"/>
  <move id="472" source="C8" target="D8"/>
  <move id="473" source="B3" target="A3"/>
  <move id="474" source="D8" target="D9"/>
  <move id="475" source="H1" target="H2"/>
  <move id="476" source="F9" target="F:"/>
  <move id="477" source="E:" target="D:"/>
  <move id="478" source="D9" target="D:"/>
  <move id="479" source="I1" target="K1"/>
  <move id="480" source="F:" target="F9"/>
  <move id="481" source="K1" target="K2"/>
  <move id="482" source="F9" target="E9"/>
  <move id="483" source="K2" target="K3"/>
  <move id="484" source="E9" target="E8"/>
  <move id="485" source="K3" target="K4"/>
  <move id="486" source="B7" target="A7"/>
  <move id="487" source="A3" target="B3"/>
  <move id="488" source="A7" target="A6"/>
  <move id="489" source="H2" target="H3"/>
  <move id="490" source="A6" target="A5"/>
  <move id="491" source="H3" target="H4"/>
  <move id="492" source="A5" target="A4"/>
  <move id="493" source="H4" target="G4"/>
  <move id="494" source="A4" target="B4"/>
  <move id="495" source="B3" target="A3"/>
  <move id="496" source="B4" target="A4"/>
  <move id="497" source="A3" target="B3"/>
  <move id="498" source="A4" target="A3"/>
  <move id="499" source="B3" target="B4"/>
  <move id="500" source="A3" target="A4"/>
  <move id="501" source="B4" target="B3"/>
  <move id="502" source="D:" target="D9"/>
  <move id="503" source="K4" target="K5"/>
  <move id="504" source="E8" target="E9"/>
  <move id="505" source="K5" target="K6"/>
  <move id="506" source="D9" target="D8"/>
  <move id="507" source="K6" target="K7"/>
  <move id="508" source="D8" target="C8"/>
  <move id="509" source="K7" target="I7"/>
  <move id="510" source="E9" target="D9"/>
  <move id="511" source="I7" target="H7"/>
  <move id="512" source="C8" target="B8"/>
  <move id="513" source="H7" target="G7"/>
  <move id="514" source="B8" target="B7"/>
  <move id="515" source="G7" target="F7"/>
  <move id="516" source="B7" target="C7"/>
  <move id="517" source="F7" target="F8"/>
  <move id="518" source="C7" target="D7"/>
  <move id="519" source="F8" target="G8"/>
  <move id="520" source="D7" target="E7"/>
  <move id="521" source="G8" target="H8"/>
  <move id="522" source="E7" target="E6"/>
  <move id="523" source="H8" target="I8"/>
  <move id="524" source="E6" target="E5"/>
  <move id="525" source="G4" target="F4"/>
  <move id="526" source="E5" target="E4"/>
  <move id="527" source="F4" target="E4"/>
  <move id="528" source="A4" target="B4"/>
  <move id="529" source="B3" target="A3"/>
  <move id="530" source="D9" target="E9"/>
  <move id="531" source="I8" target="H8"/>
  <move id="532" source="E9" target="E8"/>
  <move id="533" source="H8" target="H9"/>
  <move id="534" source="E8" target="F8"/>
  <move id="535" source="H9" target="G9"/>
  <move id="536" source="F8" target="F9"/>
  <move id="537" source="G9" target="G:"/>
  <move id="538" source="F9" target="G9"/>
  <move id="539" source="G:" target="F:"/>
  <move id="540" source="G9" target="F9"/>
  <move id="541" source="F:" target="E:"/>
  <move id="542" source="F9" target="E9"/>
  <move id="543" source="E:" target="D:"/>
  <move id="544" source="C:" target="D:"/>
  <move id="545" source="B1" target="B2"/>
  <move id="546" source="E9" target="D9"/>
  <move id="547" source="B2" target="C2"/>
  <move id="548" source="D9" target="D8"/>
  <move id="549" source="C2" target="C3"/>
  <move id="550" source="B4" target="B3"/>
  <move id="551" source="C3" target="K3"/>
  <player id="1">Player 1</player>
  <player id="2">Player 2</player>
  <result type="4" winner="3"/>
 </game>
</stratego>