<?xml version="1.0" encoding="UTF-8"?>
<stratego>
 <game type="classic">
  
  <field content="FDBFEGEGBFDDEBHDMGBLJHBIKCIIBEFDDHEHJDGDAA__AA__AAAA__AA__AAQUPNQTXUTRSPSWSUPPVPNTPTQONQPNRNRPVSYNQR"/>
  <move id="1" source="K4" target="K7"/>
  <move id="2" source="E7" target="E6"/>
  <move id="3" source="I4" target="I5"/>
  <move id="4" source="E6" target="F6"/>
  <move id="5" source="K3" target="K4"/>
  <move id="6" source="F6" target="F5"/>
  <move id="7" source="H4" target="I4"/>
  <move id="8" source="F7" target="F6"/>
  <move id="9" source="K2" target="K3"/>
  <move id="10" source="K7" target="K6"/>
  <move id="11" source="F4" target="F5"/>
  <move id="12" source="F6" target="E6"/>
  <move id="13" source="F5" target="E5"/>
  <move id="14" source="E6" target="F6"/>
  <move id="15" source="E4" target="F4"/>
  <move id="16" source="E8" target="E7"/>
  <move id="17" source="D4" target="E4"/>
  <move id="18" source="E7" target="E6"/>
  <move id="19" source="E5" target="F5"/>
  <move id="20" source="E6" target="E5"/>
  <move id="21" source="F5" target="F6"/>
  <move id="22" source="E5" target="E4"/>
  <move id="23" source="I5" target="K5"/>
  <move id="24" source="K8" target="K7"/>
  <move id="25" source="K5" target="K6"/>
  <move id="26" source="K7" target="K8"/>
  <move id="27" source="I4" target="I5"/>
  <move id="28" source="I7" target="I6"/>
  <move id="29" source="K6" target="K7"/>
  <move id="30" source="I6" target="I5"/>
  <move id="31" source="K7" target="K8"/>
  <move id="32" source="I8" target="I7"/>
  <move id="33" source="G4" target="H4"/>
  <move id="34" source="I5" target="K5"/>
  <move id="35" source="K4" target="I4"/>
  <move id="36" source="F8" target="F7"/>
  <move id="37" source="K3" target="K4"/>
  <move id="38" source="F7" target="F6"/>
  <move id="39" source="K4" target="K5"/>
  <move id="40" source="F6" target="F5"/>
  <move id="41" source="K5" target="K6"/>
  <move id="42" source="G7" target="F7"/>
  <move id="43" source="K6" target="I6"/>
  <move id="44" source="I7" target="K7"/>
  <move id="45" source="K8" target="K9"/>
  <move id="46" source="F7" target="E7"/>
  <move id="47" source="I6" target="I7"/>
  <move id="48" source="K7" target="K6"/>
  <move id="49" source="K1" target="K2"/>
  <move id="50" source="K6" target="K5"/>
  <move id="51" source="K2" target="K3"/>
  <move id="52" source="G8" target="F8"/>
  <move id="53" source="I7" target="I6"/>
  <move id="54" source="F5" target="E5"/>
  <move id="55" source="I6" target="K6"/>
  <move id="56" source="K5" target="I5"/>
  <move id="57" source="I4" target="K4"/>
  <move id="58" source="F8" target="F4"/>
  <move id="59" source="E4" target="E5"/>
  <move id="60" source="E5" target="F5"/>
  <move id="61" source="E3" target="E4"/>
  <move id="62" source="E7" target="E6"/>
  <move id="63" source="K6" target="K5"/>
  <move id="64" source="I5" target="I6"/>
  <move id="65" source="H4" target="I4"/>
  <move id="66" source="E6" target="E5"/>
  <move id="67" source="F3" target="E3"/>
  <move id="68" source="F5" target="F4"/>
  <move id="69" source="E4" target="F4"/>
  <move id="70" source="H8" target="G8"/>
  <move id="71" source="F4" target="E4"/>
  <move id="72" source="E5" target="F5"/>
  <move id="73" source="F2" target="F5"/>
  <move id="74" source="G8" target="F8"/>
  <move id="75" source="K5" target="K6"/>
  <move id="76" source="I6" target="I7"/>
  <move id="77" source="K6" target="K7"/>
  <move id="78" source="I7" target="I6"/>
  <move id="79" source="I4" target="I5"/>
  <move id="80" source="F8" target="E8"/>
  <move id="81" source="I5" target="I6"/>
  <move id="82" source="E8" target="E7"/>
  <move id="83" source="K7" target="I7"/>
  <move id="84" source="E7" target="E6"/>
  <move id="85" source="I7" target="I8"/>
  <move id="86" source="F5" target="E5"/>
  <move id="87" source="K4" target="K5"/>
  <move id="88" source="E6" target="F6"/>
  <move id="89" source="K5" target="K6"/>
  <move id="90" source="F6" target="F3"/>
  <move id="91" source="G3" target="F3"/>
  <move id="92" source="D8" target="E8"/>
  <move id="93" source="F3" target="G3"/>
  <move id="94" source="E8" target="F8"/>
  <move id="95" source="K6" target="K7"/>
  <move id="96" source="F8" target="F7"/>
  <move id="97" source="I8" target="I9"/>
  <move id="98" source="F7" target="F6"/>
  <move id="99" source="K7" target="K8"/>
  <move id="100" source="F6" target="F5"/>
  <move id="101" source="K8" target="K9"/>
  <move id="102" source="F5" target="F4"/>
  <move id="103" source="E4" target="F4"/>
  <move id="104" source="E5" target="F5"/>
  <move id="105" source="E3" target="F3"/>
  <move id="106" source="C8" target="D8"/>
  <move id="107" source="C4" target="D4"/>
  <move id="108" source="D8" target="E8"/>
  <move id="109" source="D4" target="E4"/>
  <move id="110" source="E8" target="E7"/>
  <move id="111" source="K9" target="K:"/>
  <move id="112" source="E7" target="E6"/>
  <move id="113" source="G3" target="G4"/>
  <move id="114" source="E6" target="E5"/>
  <move id="115" source="G4" target="H4"/>
  <move id="116" source="E5" target="E4"/>
  <move id="117" source="H4" target="G4"/>
  <move id="118" source="E4" target="E3"/>
  <move id="119" source="D3" target="E3"/>
  <move id="120" source="B8" target="C8"/>
  <move id="121" source="A4" target="A5"/>
  <move id="122" source="C8" target="D8"/>
  <move id="123" source="B4" target="B7"/>
  <move id="124" source="D8" target="E8"/>
  <move id="125" source="A3" target="A4"/>
  <move id="126" source="E8" target="E7"/>
  <move id="127" source="A4" target="B4"/>
  <move id="128" source="F5" target="E5"/>
  <move id="129" source="E3" target="D3"/>
  <move id="130" source="E5" target="E4"/>
  <move id="131" source="B4" target="B5"/>
  <move id="132" source="E7" target="F7"/>
  <move id="133" source="B5" target="B6"/>
  <move id="134" source="F7" target="F3"/>
  <move id="135" source="B6" target="B7"/>
  <move id="136" source="E4" target="D4"/>
  <move id="137" source="D3" target="E3"/>
  <move id="138" source="F3" target="F2"/>
  <move id="139" source="F1" target="F2"/>
  <move id="140" source="D4" target="E4"/>
  <move id="141" source="E3" target="D3"/>
  <move id="142" source="E4" target="E3"/>
  <move id="143" source="D3" target="D4"/>
  <move id="144" source="E3" target="F3"/>
  <move id="145" source="I9" target="I8"/>
  <move id="146" source="F3" target="F4"/>
  <move id="147" source="G4" target="H4"/>
  <move id="148" source="F9" target="F8"/>
  <move id="149" source="D4" target="D3"/>
  <move id="150" source="F8" target="F7"/>
  <move id="151" source="I8" target="I7"/>
  <move id="152" source="F4" target="G4"/>
  <move id="153" source="H4" target="I4"/>
  <move id="154" source="G4" target="H4"/>
  <move id="155" source="I4" target="K4"/>
  <move id="156" source="F7" target="G7"/>
  <move id="157" source="I7" target="I6"/>
  <move id="158" source="G7" target="G8"/>
  <move id="159" source="I6" target="I5"/>
  <move id="160" source="G8" target="H8"/>
  <move id="161" source="I5" target="I4"/>
  <move id="162" source="H4" target="G4"/>
  <move id="163" source="I4" target="H4"/>
  <move id="164" source="G4" target="F4"/>
  <move id="165" source="H4" target="G4"/>
  <move id="166" source="F4" target="E4"/>
  <move id="167" source="G4" target="F4"/>
  <move id="168" source="E4" target="D4"/>
  <move id="169" source="D3" target="E3"/>
  <move id="170" source="H8" target="I8"/>
  <move id="171" source="F4" target="E4"/>
  <move id="172" source="D4" target="D3"/>
  <move id="173" source="E3" target="F3"/>
  <move id="174" source="I8" target="H8"/>
  <move id="175" source="B7" target="B8"/>
  <move id="176" source="H8" target="G8"/>
  <move id="177" source="B8" target="C8"/>
  <move id="178" source="G8" target="F8"/>
  <move id="179" source="C8" target="D8"/>
  <move id="180" source="F8" target="F7"/>
  <move id="181" source="D8" target="E8"/>
  <move id="182" source="F7" target="F6"/>
  <move id="183" source="E8" target="E7"/>
  <move id="184" source="H7" target="I7"/>
  <move id="185" source="K4" target="K5"/>
  <move id="186" source="I7" target="I6"/>
  <move id="187" source="K3" target="K4"/>
  <move id="188" source="I6" target="I5"/>
  <move id="189" source="K5" target="I5"/>
  <move id="190" source="C7" target="B7"/>
  <move id="191" source="B3" target="A3"/>
  <move id="192" source="B7" target="B6"/>
  <move id="193" source="B2" target="B6"/>
  <move id="194" source="C9" target="C8"/>
  <move id="195" source="A5" target="B5"/>
  <move id="196" source="C8" target="B8"/>
  <move id="197" source="B5" target="B6"/>
  <move id="198" source="F6" target="F5"/>
  <move id="199" source="E7" target="E6"/>
  <move id="200" source="D9" target="D8"/>
  <move id="201" source="E6" target="F6"/>
  <move id="202" source="D3" target="D2"/>
  <player id="1">Player 1</player>
  <player id="2">Player 2</player>
  <result type="3" winner="1"/>
 </game>
</stratego>