<?xml version="1.0" encoding="UTF-8"?>
<stratego>
 <game type="classic">
  
  <field content="FBGBFBMEBEDDIEGIEGDBJLEBIHCDDJDHHFGDKHFDAA__AA__AAAA__AA__AAURPPVQPPQPPWOTTXSVUPSSNSNRNUPTQNRNYNRQTQ"/>
  <move id="1" source="K4" target="K7"/>
  <move id="2" source="F7" target="F6"/>
  <move id="3" source="F4" target="F6"/>
  <move id="4" source="E7" target="E6"/>
  <move id="5" source="B4" target="B5"/>
  <move id="6" source="F8" target="F7"/>
  <move id="7" source="A4" target="A7"/>
  <move id="8" source="B7" target="B6"/>
  <move id="9" source="B5" target="B6"/>
  <move id="10" source="A7" target="A6"/>
  <move id="11" source="B6" target="B5"/>
  <move id="12" source="A6" target="A5"/>
  <move id="13" source="B5" target="B4"/>
  <move id="14" source="A5" target="B5"/>
  <move id="15" source="B4" target="A4"/>
  <move id="16" source="B5" target="A5"/>
  <move id="17" source="A4" target="B4"/>
  <move id="18" source="C7" target="B7"/>
  <move id="19" source="A3" target="A4"/>
  <move id="20" source="A5" target="B5"/>
  <move id="21" source="B3" target="A3"/>
  <move id="22" source="B7" target="A7"/>
  <move id="23" source="B4" target="B3"/>
  <move id="24" source="A7" target="A4"/>
  <move id="25" source="A4" target="B4"/>
  <move id="26" source="B5" target="B6"/>
  <move id="27" source="A3" target="A4"/>
  <move id="28" source="A8" target="A4"/>
  <move id="29" source="A4" target="A5"/>
  <move id="30" source="D7" target="E7"/>
  <move id="31" source="A5" target="A6"/>
  <move id="32" source="B6" target="B7"/>
  <move id="33" source="A6" target="A7"/>
  <move id="34" source="B7" target="C7"/>
  <move id="35" source="A7" target="B7"/>
  <move id="36" source="C7" target="D7"/>
  <move id="37" source="B7" target="B6"/>
  <move id="38" source="E8" target="F8"/>
  <move id="39" source="B6" target="B7"/>
  <move id="40" source="D8" target="E8"/>
  <move id="41" source="B7" target="C7"/>
  <move id="42" source="C8" target="C7"/>
  <move id="43" source="K3" target="K4"/>
  <move id="44" source="B8" target="B7"/>
  <move id="45" source="K4" target="K5"/>
  <move id="46" source="B7" target="B6"/>
  <move id="47" source="K5" target="K6"/>
  <move id="48" source="B6" target="B5"/>
  <move id="49" source="K6" target="K7"/>
  <move id="50" source="B5" target="B4"/>
  <move id="51" source="K7" target="I7"/>
  <move id="52" source="B4" target="B3"/>
  <move id="53" source="I3" target="K3"/>
  <move id="54" source="F6" target="F5"/>
  <move id="55" source="K3" target="K8"/>
  <move id="56" source="E6" target="E5"/>
  <move id="57" source="I2" target="I3"/>
  <move id="58" source="F7" target="F6"/>
  <move id="59" source="I3" target="K3"/>
  <move id="60" source="E7" target="E6"/>
  <move id="61" source="K3" target="K9"/>
  <move id="62" source="G7" target="E7"/>
  <move id="63" source="I7" target="K7"/>
  <move id="64" source="H7" target="I7"/>
  <move id="65" source="K7" target="K8"/>
  <move id="66" source="I7" target="I4"/>
  <move id="67" source="K8" target="K9"/>
  <move id="68" source="I8" target="I7"/>
  <move id="69" source="K9" target="K8"/>
  <move id="70" source="H8" target="I8"/>
  <move id="71" source="K8" target="K7"/>
  <move id="72" source="I7" target="H7"/>
  <move id="73" source="I4" target="I5"/>
  <move id="74" source="C7" target="B7"/>
  <move id="75" source="H3" target="I3"/>
  <move id="76" source="B7" target="B6"/>
  <move id="77" source="E4" target="E5"/>
  <move id="78" source="F5" target="F4"/>
  <move id="79" source="F3" target="F4"/>
  <move id="80" source="F6" target="F5"/>
  <move id="81" source="I3" target="I4"/>
  <move id="82" source="B6" target="B5"/>
  <move id="83" source="I5" target="K5"/>
  <move id="84" source="F5" target="F6"/>
  <move id="85" source="I4" target="I5"/>
  <move id="86" source="F6" target="F7"/>
  <move id="87" source="I5" target="I6"/>
  <move id="88" source="F7" target="G7"/>
  <move id="89" source="K7" target="I7"/>
  <move id="90" source="I8" target="I7"/>
  <move id="91" source="I6" target="K6"/>
  <move id="92" source="I9" target="K9"/>
  <move id="93" source="K5" target="I5"/>
  <move id="94" source="K9" target="K6"/>
  <move id="95" source="H4" target="I4"/>
  <move id="96" source="B5" target="B4"/>
  <move id="97" source="F4" target="F3"/>
  <move id="98" source="E6" target="F6"/>
  <move id="99" source="D4" target="E4"/>
  <move id="100" source="E5" target="E6"/>
  <move id="101" source="E4" target="E5"/>
  <move id="102" source="F6" target="F5"/>
  <move id="103" source="F3" target="F4"/>
  <move id="104" source="G7" target="F7"/>
  <move id="105" source="F4" target="F5"/>
  <move id="106" source="F7" target="F6"/>
  <move id="107" source="F5" target="F4"/>
  <move id="108" source="B4" target="C4"/>
  <move id="109" source="F4" target="F3"/>
  <move id="110" source="B3" target="B4"/>
  <move id="111" source="I4" target="K4"/>
  <move id="112" source="B4" target="C4"/>
  <move id="113" source="A2" target="A3"/>
  <move id="114" source="C4" target="D4"/>
  <move id="115" source="A3" target="A4"/>
  <move id="116" source="D4" target="E4"/>
  <move id="117" source="A4" target="A5"/>
  <move id="118" source="E4" target="E5"/>
  <move id="119" source="F3" target="F4"/>
  <move id="120" source="E5" target="E4"/>
  <move id="121" source="F4" target="F3"/>
  <move id="122" source="E4" target="F4"/>
  <move id="123" source="A5" target="A6"/>
  <move id="124" source="F4" target="F3"/>
  <move id="125" source="E3" target="E4"/>
  <move id="126" source="F6" target="F5"/>
  <move id="127" source="E4" target="D4"/>
  <move id="128" source="F3" target="E3"/>
  <move id="129" source="D4" target="C4"/>
  <move id="130" source="E6" target="F6"/>
  <move id="131" source="C4" target="B4"/>
  <move id="132" source="E7" target="E4"/>
  <move id="133" source="B4" target="B5"/>
  <move id="134" source="E4" target="G4"/>
  <move id="135" source="I5" target="K5"/>
  <move id="136" source="E3" target="F3"/>
  <move id="137" source="G4" target="H4"/>
  <move id="138" source="F6" target="E6"/>
  <move id="139" source="B5" target="B6"/>
  <move id="140" source="D7" target="E7"/>
  <move id="141" source="B6" target="B7"/>
  <move id="142" source="E7" target="F7"/>
  <move id="143" source="B7" target="C7"/>
  <move id="144" source="E6" target="E7"/>
  <move id="145" source="C7" target="C8"/>
  <move id="146" source="E7" target="D7"/>
  <move id="147" source="A6" target="A7"/>
  <move id="148" source="F5" target="F6"/>
  <move id="149" source="H4" target="I4"/>
  <move id="150" source="F7" target="E7"/>
  <move id="151" source="I4" target="I5"/>
  <move id="152" source="E7" target="E6"/>
  <move id="153" source="I5" target="I6"/>
  <move id="154" source="H7" target="G7"/>
  <move id="155" source="I6" target="I7"/>
  <move id="156" source="G7" target="F7"/>
  <move id="157" source="I7" target="H7"/>
  <move id="158" source="F7" target="E7"/>
  <move id="159" source="H7" target="G7"/>
  <move id="160" source="F6" target="F7"/>
  <move id="161" source="G7" target="H7"/>
  <move id="162" source="H9" target="I9"/>
  <move id="163" source="C8" target="C9"/>
  <move id="164" source="F7" target="G7"/>
  <move id="165" source="H7" target="H8"/>
  <move id="166" source="F3" target="F4"/>
  <move id="167" source="A7" target="A8"/>
  <move id="168" source="F4" target="G4"/>
  <move id="169" source="A8" target="E8"/>
  <move id="170" source="G4" target="H4"/>
  <move id="171" source="K4" target="K3"/>
  <move id="172" source="H4" target="I4"/>
  <move id="173" source="K5" target="K6"/>
  <move id="174" source="I4" target="I5"/>
  <move id="175" source="K6" target="K7"/>
  <move id="176" source="I5" target="I6"/>
  <move id="177" source="K7" target="K8"/>
  <move id="178" source="I6" target="I7"/>
  <move id="179" source="K8" target="K9"/>
  <move id="180" source="I9" target="K9"/>
  <move id="181" source="C3" target="B3"/>
  <move id="182" source="I7" target="I8"/>
  <move id="183" source="H8" target="H9"/>
  <move id="184" source="G7" target="H7"/>
  <move id="185" source="H9" target="H:"/>
  <move id="186" source="I8" target="I9"/>
  <move id="187" source="H:" target="I:"/>
  <move id="188" source="I9" target="I:"/>
  <move id="189" source="B3" target="A3"/>
  <move id="190" source="E6" target="E5"/>
  <move id="191" source="B2" target="B9"/>
  <move id="192" source="D7" target="C7"/>
  <move id="193" source="F2" target="F3"/>
  <move id="194" source="C7" target="B7"/>
  <move id="195" source="F3" target="E3"/>
  <move id="196" source="H7" target="G7"/>
  <move id="197" source="E3" target="E4"/>
  <move id="198" source="B7" target="B6"/>
  <move id="199" source="E4" target="E5"/>
  <move id="200" source="B6" target="B5"/>
  <move id="201" source="C2" target="C3"/>
  <move id="202" source="B5" target="B4"/>
  <move id="203" source="C3" target="C4"/>
  <move id="204" source="G7" target="F7"/>
  <move id="205" source="C4" target="B4"/>
  <move id="206" source="F7" target="F6"/>
  <player id="1">Player 1</player>
  <player id="2">Player 2</player>
  <result type="3" winner="2"/>
 </game>
</stratego>