<?xml version="1.0" encoding="UTF-8"?>
<stratego>
 <game type="classic">
  
  <field content="DHBMBEFEFBEFEBFGJDBEKGHDGLHIGDIDCJDIDBDHAA__AA__AAAA__AA__AATPRWTRUVTPPUQOXPSPPNNPVQPQUTSRQSNRNYNSNQ"/>
  <move id="1" source="I4" target="I5"/>
  <move id="2" source="A7" target="A6"/>
  <move id="3" source="I5" target="K5"/>
  <move id="4" source="A6" target="A5"/>
  <move id="5" source="F4" target="F5"/>
  <move id="6" source="B7" target="B4"/>
  <move id="7" source="F5" target="F6"/>
  <move id="8" source="C7" target="B7"/>
  <move id="9" source="K5" target="K7"/>
  <move id="10" source="B7" target="B6"/>
  <move id="11" source="K4" target="K5"/>
  <move id="12" source="B6" target="B5"/>
  <move id="13" source="B3" target="B4"/>
  <move id="14" source="I7" target="I6"/>
  <move id="15" source="K5" target="K6"/>
  <move id="16" source="I6" target="K6"/>
  <move id="17" source="I3" target="I4"/>
  <move id="18" source="I8" target="I7"/>
  <move id="19" source="E4" target="E7"/>
  <move id="20" source="H8" target="I8"/>
  <move id="21" source="E3" target="E4"/>
  <move id="22" source="D7" target="C7"/>
  <move id="23" source="E4" target="E5"/>
  <move id="24" source="C7" target="B7"/>
  <move id="25" source="F6" target="E6"/>
  <move id="26" source="C8" target="C7"/>
  <move id="27" source="E5" target="F5"/>
  <move id="28" source="C7" target="D7"/>
  <move id="29" source="F5" target="F6"/>
  <move id="30" source="B7" target="C7"/>
  <move id="31" source="I4" target="K4"/>
  <move id="32" source="C7" target="C8"/>
  <move id="33" source="A3" target="B3"/>
  <move id="34" source="G8" target="H8"/>
  <move id="35" source="A4" target="A5"/>
  <move id="36" source="B5" target="B4"/>
  <move id="37" source="A5" target="A4"/>
  <move id="38" source="B8" target="B7"/>
  <move id="39" source="A4" target="A3"/>
  <move id="40" source="B7" target="B6"/>
  <move id="41" source="G4" target="F4"/>
  <move id="42" source="B6" target="B5"/>
  <move id="43" source="F4" target="E4"/>
  <move id="44" source="I7" target="K7"/>
  <move id="45" source="K4" target="I4"/>
  <move id="46" source="I8" target="I7"/>
  <move id="47" source="E4" target="E3"/>
  <move id="48" source="H8" target="I8"/>
  <move id="49" source="G3" target="G4"/>
  <move id="50" source="I7" target="I6"/>
  <move id="51" source="B4" target="B5"/>
  <move id="52" source="B5" target="B6"/>
  <move id="53" source="B3" target="B4"/>
  <move id="54" source="B6" target="B7"/>
  <move id="55" source="B4" target="A4"/>
  <move id="56" source="D7" target="C7"/>
  <move id="57" source="C3" target="B3"/>
  <move id="58" source="E7" target="D7"/>
  <move id="59" source="B3" target="B4"/>
  <move id="60" source="B7" target="B8"/>
  <move id="61" source="B4" target="B5"/>
  <move id="62" source="C7" target="B7"/>
  <move id="63" source="B5" target="B6"/>
  <move id="64" source="C8" target="C7"/>
  <move id="65" source="A4" target="B4"/>
  <move id="66" source="E8" target="E7"/>
  <move id="67" source="E6" target="E5"/>
  <move id="68" source="E7" target="E6"/>
  <move id="69" source="E5" target="E4"/>
  <move id="70" source="E6" target="E5"/>
  <move id="71" source="E4" target="F4"/>
  <move id="72" source="E5" target="F5"/>
  <move id="73" source="F6" target="E6"/>
  <move id="74" source="F5" target="F4"/>
  <move id="75" source="G4" target="G3"/>
  <move id="76" source="F4" target="F5"/>
  <move id="77" source="B4" target="A4"/>
  <move id="78" source="D7" target="E7"/>
  <move id="79" source="A4" target="A5"/>
  <move id="80" source="E7" target="E6"/>
  <move id="81" source="A5" target="A6"/>
  <move id="82" source="A8" target="A6"/>
  <move id="83" source="A6" target="A7"/>
  <move id="84" source="D8" target="D7"/>
  <move id="85" source="A7" target="A8"/>
  <move id="86" source="B8" target="C8"/>
  <move id="87" source="A8" target="B8"/>
  <move id="88" source="C8" target="D8"/>
  <move id="89" source="B8" target="B7"/>
  <move id="90" source="C7" target="B7"/>
  <move id="91" source="B6" target="B7"/>
  <move id="92" source="B9" target="B7"/>
  <move id="93" source="B7" target="B6"/>
  <move id="94" source="D8" target="C8"/>
  <move id="95" source="B6" target="A6"/>
  <move id="96" source="C8" target="C7"/>
  <move id="97" source="C4" target="B4"/>
  <move id="98" source="F8" target="B8"/>
  <move id="99" source="B4" target="C4"/>
  <move id="100" source="F7" target="F8"/>
  <move id="101" source="C4" target="C3"/>
  <move id="102" source="F8" target="E8"/>
  <move id="103" source="D4" target="C4"/>
  <move id="104" source="E8" target="D8"/>
  <move id="105" source="C4" target="B4"/>
  <move id="106" source="D8" target="C8"/>
  <move id="107" source="B4" target="B5"/>
  <move id="108" source="B8" target="B5"/>
  <move id="109" source="B5" target="B6"/>
  <move id="110" source="C8" target="B8"/>
  <move id="111" source="D3" target="D4"/>
  <move id="112" source="D7" target="E7"/>
  <move id="113" source="C3" target="B3"/>
  <move id="114" source="C9" target="C8"/>
  <move id="115" source="B6" target="B5"/>
  <move id="116" source="C7" target="D7"/>
  <move id="117" source="B3" target="B4"/>
  <move id="118" source="C8" target="C7"/>
  <move id="119" source="B5" target="B6"/>
  <move id="120" source="C7" target="B7"/>
  <move id="121" source="B4" target="B5"/>
  <move id="122" source="I8" target="H8"/>
  <move id="123" source="A6" target="A5"/>
  <move id="124" source="H8" target="G8"/>
  <move id="125" source="A5" target="A4"/>
  <move id="126" source="G8" target="F8"/>
  <move id="127" source="B6" target="B7"/>
  <move id="128" source="E7" target="E8"/>
  <move id="129" source="B5" target="B6"/>
  <move id="130" source="B8" target="B7"/>
  <move id="131" source="B6" target="B5"/>
  <move id="132" source="I6" target="I7"/>
  <move id="133" source="B5" target="B4"/>
  <move id="134" source="I7" target="I8"/>
  <move id="135" source="B4" target="B3"/>
  <move id="136" source="I8" target="H8"/>
  <move id="137" source="E3" target="D3"/>
  <move id="138" source="H8" target="G8"/>
  <move id="139" source="D3" target="C3"/>
  <move id="140" source="D7" target="D8"/>
  <move id="141" source="C3" target="C4"/>
  <move id="142" source="F8" target="F7"/>
  <move id="143" source="C4" target="B4"/>
  <move id="144" source="F7" target="E7"/>
  <move id="145" source="B4" target="B5"/>
  <move id="146" source="E7" target="D7"/>
  <move id="147" source="B5" target="B6"/>
  <move id="148" source="D7" target="C7"/>
  <move id="149" source="B6" target="A6"/>
  <move id="150" source="E6" target="E7"/>
  <move id="151" source="A6" target="A7"/>
  <move id="152" source="G8" target="F8"/>
  <move id="153" source="A7" target="A8"/>
  <move id="154" source="F8" target="F7"/>
  <move id="155" source="A8" target="B8"/>
  <move id="156" source="B7" target="B8"/>
  <move id="157" source="B3" target="C3"/>
  <move id="158" source="F7" target="F6"/>
  <move id="159" source="C3" target="D3"/>
  <move id="160" source="F6" target="E6"/>
  <move id="161" source="A3" target="B3"/>
  <move id="162" source="E6" target="E5"/>
  <move id="163" source="F3" target="E3"/>
  <move id="164" source="E5" target="E6"/>
  <move id="165" source="F2" target="F3"/>
  <move id="166" source="D8" target="C8"/>
  <move id="167" source="E3" target="E4"/>
  <move id="168" source="E6" target="F6"/>
  <move id="169" source="D4" target="C4"/>
  <move id="170" source="F5" target="E5"/>
  <move id="171" source="E4" target="F4"/>
  <move id="172" source="E7" target="F7"/>
  <move id="173" source="F3" target="E3"/>
  <move id="174" source="E5" target="E6"/>
  <move id="175" source="E3" target="E4"/>
  <move id="176" source="E6" target="E7"/>
  <move id="177" source="G3" target="F3"/>
  <move id="178" source="G7" target="G8"/>
  <move id="179" source="F3" target="F2"/>
  <move id="180" source="F7" target="F8"/>
  <move id="181" source="G2" target="G3"/>
  <move id="182" source="H7" target="G7"/>
  <move id="183" source="G3" target="G4"/>
  <move id="184" source="B8" target="B9"/>
  <move id="185" source="B3" target="C3"/>
  <move id="186" source="C8" target="B8"/>
  <move id="187" source="C4" target="B4"/>
  <move id="188" source="C7" target="D7"/>
  <move id="189" source="B4" target="B5"/>
  <move id="190" source="B8" target="C8"/>
  <move id="191" source="B5" target="B6"/>
  <move id="192" source="D7" target="C7"/>
  <move id="193" source="A4" target="B4"/>
  <move id="194" source="B9" target="B8"/>
  <move id="195" source="B4" target="B5"/>
  <move id="196" source="B8" target="B7"/>
  <move id="197" source="B6" target="A6"/>
  <move id="198" source="B7" target="A7"/>
  <move id="199" source="A6" target="A5"/>
  <move id="200" source="A7" target="A6"/>
  <move id="201" source="A5" target="A4"/>
  <move id="202" source="F6" target="E6"/>
  <move id="203" source="F4" target="F3"/>
  <move id="204" source="E6" target="E4"/>
  <move id="205" source="G4" target="F4"/>
  <move id="206" source="F8" target="F7"/>
  <move id="207" source="E4" target="E3"/>
  <move id="208" source="G8" target="F8"/>
  <move id="209" source="D3" target="D4"/>
  <move id="210" source="C8" target="D8"/>
  <move id="211" source="E3" target="D3"/>
  <move id="212" source="F7" target="F6"/>
  <move id="213" source="D4" target="C4"/>
  <move id="214" source="F6" target="E6"/>
  <move id="215" source="D3" target="D4"/>
  <move id="216" source="D8" target="C8"/>
  <move id="217" source="F4" target="F5"/>
  <move id="218" source="E8" target="D8"/>
  <move id="219" source="F3" target="F4"/>
  <move id="220" source="D8" target="D7"/>
  <move id="221" source="C3" target="D3"/>
  <move id="222" source="C8" target="B8"/>
  <move id="223" source="D3" target="E3"/>
  <move id="224" source="B8" target="B7"/>
  <move id="225" source="A4" target="B4"/>
  <move id="226" source="B7" target="B6"/>
  <move id="227" source="B5" target="A5"/>
  <move id="228" source="A6" target="A7"/>
  <move id="229" source="B4" target="B5"/>
  <move id="230" source="B6" target="B5"/>
  <move id="231" source="A5" target="A6"/>
  <move id="232" source="A7" target="B7"/>
  <move id="233" source="C4" target="C3"/>
  <move id="234" source="B5" target="B6"/>
  <move id="235" source="A6" target="A5"/>
  <move id="236" source="B7" target="A7"/>
  <move id="237" source="D4" target="D3"/>
  <move id="238" source="B6" target="B7"/>
  <move id="239" source="E3" target="E4"/>
  <move id="240" source="B7" target="B8"/>
  <move id="241" source="E4" target="D4"/>
  <move id="242" source="A7" target="B7"/>
  <move id="243" source="D3" target="E3"/>
  <move id="244" source="E7" target="E8"/>
  <move id="245" source="E3" target="F3"/>
  <move id="246" source="C7" target="C8"/>
  <move id="247" source="F3" target="G3"/>
  <move id="248" source="C8" target="C7"/>
  <move id="249" source="G3" target="G2"/>
  <move id="250" source="B8" target="C8"/>
  <move id="251" source="F4" target="F3"/>
  <move id="252" source="K7" target="I7"/>
  <move id="253" source="F5" target="F4"/>
  <move id="254" source="I7" target="H7"/>
  <move id="255" source="D4" target="D3"/>
  <move id="256" source="G7" target="G8"/>
  <move id="257" source="F3" target="G3"/>
  <move id="258" source="H7" target="G7"/>
  <move id="259" source="F4" target="E4"/>
  <move id="260" source="F8" target="F7"/>
  <move id="261" source="F2" target="F3"/>
  <move id="262" source="C8" target="B8"/>
  <move id="263" source="F3" target="F4"/>
  <move id="264" source="B8" target="A8"/>
  <move id="265" source="A5" target="B5"/>
  <move id="266" source="A8" target="A7"/>
  <move id="267" source="B5" target="B4"/>
  <move id="268" source="A7" target="A6"/>
  <move id="269" source="D3" target="E3"/>
  <move id="270" source="A6" target="A5"/>
  <move id="271" source="C3" target="D3"/>
  <move id="272" source="B7" target="B8"/>
  <move id="273" source="E3" target="F3"/>
  <move id="274" source="C7" target="B7"/>
  <move id="275" source="E4" target="D4"/>
  <move id="276" source="B7" target="B6"/>
  <move id="277" source="D4" target="C4"/>
  <move id="278" source="A5" target="A4"/>
  <move id="279" source="B4" target="B3"/>
  <move id="280" source="A4" target="A3"/>
  <move id="281" source="C4" target="B4"/>
  <move id="282" source="A3" target="B3"/>
  <move id="283" source="B4" target="B3"/>
  <move id="284" source="B6" target="B7"/>
  <move id="285" source="B3" target="C3"/>
  <move id="286" source="B7" target="C7"/>
  <move id="287" source="F3" target="E3"/>
  <move id="288" source="E6" target="E7"/>
  <move id="289" source="E3" target="E4"/>
  <move id="290" source="F7" target="F8"/>
  <move id="291" source="E4" target="D4"/>
  <move id="292" source="E7" target="F7"/>
  <move id="293" source="F4" target="F5"/>
  <move id="294" source="E8" target="E7"/>
  <move id="295" source="F5" target="F6"/>
  <move id="296" source="E7" target="E6"/>
  <move id="297" source="F6" target="F7"/>
  <move id="298" source="E6" target="E5"/>
  <move id="299" source="G3" target="F3"/>
  <move id="300" source="E5" target="E4"/>
  <move id="301" source="D4" target="C4"/>
  <move id="302" source="G7" target="F7"/>
  <move id="303" source="F3" target="E3"/>
  <move id="304" source="G8" target="G7"/>
  <move id="305" source="C4" target="B4"/>
  <move id="306" source="B8" target="A8"/>
  <move id="307" source="B4" target="A4"/>
  <move id="308" source="F7" target="F1"/>
  <move id="309" source="A4" target="A5"/>
  <move id="310" source="G7" target="F7"/>
  <move id="311" source="A5" target="A6"/>
  <move id="312" source="F7" target="F6"/>
  <move id="313" source="A6" target="A7"/>
  <move id="314" source="F6" target="F5"/>
  <move id="315" source="A7" target="A8"/>
  <move id="316" source="F5" target="F4"/>
  <move id="317" source="A8" target="A7"/>
  <move id="318" source="F4" target="G4"/>
  <move id="319" source="A7" target="A6"/>
  <move id="320" source="G4" target="G3"/>
  <move id="321" source="A6" target="A5"/>
  <move id="322" source="G3" target="H3"/>
  <move id="323" source="I4" target="I5"/>
  <move id="324" source="H3" target="I3"/>
  <move id="325" source="I5" target="I6"/>
  <move id="326" source="I3" target="I4"/>
  <move id="327" source="I6" target="I7"/>
  <move id="328" source="I4" target="I5"/>
  <move id="329" source="I7" target="I8"/>
  <move id="330" source="I5" target="I6"/>
  <move id="331" source="I8" target="H8"/>
  <move id="332" source="I6" target="I7"/>
  <move id="333" source="C3" target="B3"/>
  <move id="334" source="F8" target="G8"/>
  <move id="335" source="H8" target="H9"/>
  <move id="336" source="I7" target="H7"/>
  <move id="337" source="B3" target="B4"/>
  <move id="338" source="H7" target="G7"/>
  <move id="339" source="B4" target="B5"/>
  <move id="340" source="G7" target="F7"/>
  <move id="341" source="B5" target="B6"/>
  <move id="342" source="D7" target="D8"/>
  <move id="343" source="B6" target="B7"/>
  <move id="344" source="D8" target="E8"/>
  <move id="345" source="B7" target="C7"/>
  <move id="346" source="F7" target="E7"/>
  <move id="347" source="C7" target="C8"/>
  <move id="348" source="E7" target="D7"/>
  <move id="349" source="E3" target="F3"/>
  <move id="350" source="G8" target="F8"/>
  <move id="351" source="F3" target="G3"/>
  <move id="352" source="F8" target="F7"/>
  <move id="353" source="G3" target="G4"/>
  <move id="354" source="E4" target="F4"/>
  <move id="355" source="G4" target="G3"/>
  <move id="356" source="F7" target="E7"/>
  <move id="357" source="A5" target="A4"/>
  <move id="358" source="E7" target="E6"/>
  <move id="359" source="A4" target="B4"/>
  <move id="360" source="E6" target="E5"/>
  <move id="361" source="B4" target="C4"/>
  <move id="362" source="E5" target="E4"/>
  <move id="363" source="G3" target="H3"/>
  <move id="364" source="E4" target="E3"/>
  <move id="365" source="D3" target="D4"/>
  <move id="366" source="E8" target="F8"/>
  <move id="367" source="H3" target="I3"/>
  <move id="368" source="E9" target="E4"/>
  <move id="369" source="D4" target="D3"/>
  <move id="370" source="E3" target="D3"/>
  <move id="371" source="C4" target="D4"/>
  <move id="372" source="D3" target="D4"/>
  <move id="373" source="I3" target="I4"/>
  <move id="374" source="G9" target="G8"/>
  <move id="375" source="I4" target="K4"/>
  <move id="376" source="G8" target="G7"/>
  <move id="377" source="H2" target="H3"/>
  <move id="378" source="F4" target="F3"/>
  <move id="379" source="H3" target="I3"/>
  <move id="380" source="E4" target="D4"/>
  <move id="381" source="I3" target="I4"/>
  <move id="382" source="F3" target="E3"/>
  <move id="383" source="I4" target="I5"/>
  <move id="384" source="D4" target="D2"/>
  <move id="385" source="C2" target="C3"/>
  <move id="386" source="E3" target="F3"/>
  <move id="387" source="I5" target="I6"/>
  <move id="388" source="F3" target="F2"/>
  <move id="389" source="C3" target="B3"/>
  <move id="390" source="F2" target="F1"/>
  <move id="391" source="I6" target="I7"/>
  <move id="392" source="F1" target="F2"/>
  <move id="393" source="I7" target="H7"/>
  <move id="394" source="G7" target="H7"/>
  <move id="395" source="B3" target="B4"/>
  <move id="396" source="F2" target="F3"/>
  <move id="397" source="B4" target="A4"/>
  <move id="398" source="F3" target="F4"/>
  <move id="399" source="A4" target="A5"/>
  <move id="400" source="F4" target="F5"/>
  <move id="401" source="A5" target="A6"/>
  <move id="402" source="F5" target="F6"/>
  <move id="403" source="A6" target="A7"/>
  <move id="404" source="H7" target="G7"/>
  <move id="405" source="A7" target="A8"/>
  <move id="406" source="G7" target="F7"/>
  <move id="407" source="A8" target="B8"/>
  <move id="408" source="F7" target="E7"/>
  <move id="409" source="B8" target="B9"/>
  <move id="410" source="E7" target="E8"/>
  <move id="411" source="B9" target="C9"/>
  <move id="412" source="E8" target="E9"/>
  <move id="413" source="C9" target="C:"/>
  <move id="414" source="F6" target="F7"/>
  <move id="415" source="C:" target="D:"/>
  <move id="416" source="F7" target="G7"/>
  <move id="417" source="B2" target="B3"/>
  <move id="418" source="F8" target="F7"/>
  <move id="419" source="B3" target="A3"/>
  <move id="420" source="F7" target="F6"/>
  <move id="421" source="A3" target="A4"/>
  <move id="422" source="F6" target="F5"/>
  <move id="423" source="A4" target="A5"/>
  <move id="424" source="F5" target="F4"/>
  <move id="425" source="A5" target="A6"/>
  <move id="426" source="F9" target="F8"/>
  <move id="427" source="A6" target="A7"/>
  <move id="428" source="F8" target="F7"/>
  <move id="429" source="K4" target="I4"/>
  <move id="430" source="F7" target="E7"/>
  <move id="431" source="I4" target="I3"/>
  <move id="432" source="E7" target="E6"/>
  <move id="433" source="I3" target="H3"/>
  <move id="434" source="E6" target="E5"/>
  <move id="435" source="H3" target="G3"/>
  <move id="436" source="E5" target="E4"/>
  <move id="437" source="G3" target="F3"/>
  <move id="438" source="F4" target="F3"/>
  <player id="1">Player 1</player>
  <player id="2">Player 2</player>
  <result type="3" winner="2"/>
 </game>
</stratego>