<?xml version="1.0" encoding="UTF-8"?>
<stratego>
 <game type="classic">
  
  <field content="EEICDDDDEEFJHKEBMBLGHFDFBFBJDHDGIBHBGIGDAA__AA__AAAA__AA__AARSPUPSQTPRPUNNSTNVSPRXVOWPRPQTPTNQYQUQNN"/>
  <move id="1" source="E4" target="E5"/>
  <move id="2" source="F7" target="F6"/>
  <move id="3" source="E5" target="E6"/>
  <move id="4" source="F6" target="F5"/>
  <move id="5" source="A4" target="A7"/>
  <move id="6" source="B7" target="B6"/>
  <move id="7" source="B4" target="B5"/>
  <move id="8" source="B8" target="B7"/>
  <move id="9" source="B5" target="A5"/>
  <move id="10" source="F5" target="F4"/>
  <move id="11" source="A5" target="A6"/>
  <move id="12" source="B6" target="B5"/>
  <move id="13" source="A6" target="A7"/>
  <move id="14" source="B7" target="A7"/>
  <move id="15" source="C4" target="B4"/>
  <move id="16" source="B5" target="B4"/>
  <move id="17" source="B4" target="B5"/>
  <move id="18" source="C7" target="B7"/>
  <move id="19" source="B5" target="B4"/>
  <move id="20" source="B7" target="B6"/>
  <move id="21" source="B4" target="C4"/>
  <move id="22" source="B6" target="B5"/>
  <move id="23" source="B3" target="B4"/>
  <move id="24" source="B5" target="B6"/>
  <move id="25" source="B4" target="B5"/>
  <move id="26" source="B6" target="B7"/>
  <move id="27" source="B5" target="B6"/>
  <move id="28" source="B7" target="B8"/>
  <move id="29" source="C4" target="B4"/>
  <move id="30" source="D7" target="C7"/>
  <move id="31" source="B4" target="B5"/>
  <move id="32" source="C7" target="B7"/>
  <move id="33" source="B5" target="A5"/>
  <move id="34" source="A7" target="A6"/>
  <move id="35" source="A5" target="A6"/>
  <move id="36" source="B7" target="B6"/>
  <move id="37" source="C3" target="B3"/>
  <move id="38" source="B6" target="B7"/>
  <move id="39" source="E6" target="E7"/>
  <move id="40" source="B7" target="C7"/>
  <move id="41" source="E7" target="E8"/>
  <move id="42" source="C7" target="D7"/>
  <move id="43" source="B3" target="B8"/>
  <move id="44" source="K7" target="K6"/>
  <move id="45" source="E8" target="F8"/>
  <move id="46" source="K6" target="K5"/>
  <move id="47" source="A3" target="B3"/>
  <move id="48" source="D7" target="C7"/>
  <move id="49" source="B3" target="C3"/>
  <move id="50" source="C7" target="B7"/>
  <move id="51" source="A2" target="A3"/>
  <move id="52" source="G7" target="F7"/>
  <move id="53" source="A3" target="A4"/>
  <move id="54" source="F7" target="F6"/>
  <move id="55" source="A4" target="A5"/>
  <move id="56" source="F6" target="F5"/>
  <move id="57" source="B2" target="A2"/>
  <move id="58" source="H7" target="G7"/>
  <move id="59" source="C3" target="C4"/>
  <move id="60" source="G7" target="F7"/>
  <move id="61" source="C2" target="C3"/>
  <move id="62" source="F7" target="F6"/>
  <move id="63" source="A2" target="A3"/>
  <move id="64" source="F9" target="F8"/>
  <move id="65" source="A3" target="A4"/>
  <move id="66" source="F8" target="F7"/>
  <move id="67" source="A5" target="B5"/>
  <move id="68" source="F7" target="E7"/>
  <move id="69" source="A4" target="A5"/>
  <move id="70" source="E7" target="E6"/>
  <move id="71" source="A5" target="A6"/>
  <move id="72" source="A8" target="A6"/>
  <move id="73" source="A6" target="B6"/>
  <move id="74" source="B7" target="B8"/>
  <move id="75" source="B6" target="B7"/>
  <move id="76" source="E6" target="E5"/>
  <move id="77" source="B7" target="B8"/>
  <move id="78" source="B9" target="B8"/>
  <move id="79" source="B5" target="A5"/>
  <move id="80" source="B8" target="A8"/>
  <move id="81" source="A5" target="A4"/>
  <move id="82" source="A8" target="A7"/>
  <move id="83" source="A4" target="A3"/>
  <move id="84" source="A7" target="A6"/>
  <move id="85" source="A3" target="A2"/>
  <move id="86" source="A6" target="A5"/>
  <move id="87" source="C1" target="C2"/>
  <move id="88" source="A5" target="A4"/>
  <move id="89" source="A2" target="B2"/>
  <move id="90" source="A4" target="B4"/>
  <move id="91" source="K4" target="K5"/>
  <move id="92" source="B4" target="C4"/>
  <move id="93" source="C3" target="B3"/>
  <move id="94" source="E5" target="E4"/>
  <move id="95" source="B3" target="A3"/>
  <move id="96" source="E4" target="D4"/>
  <move id="97" source="C2" target="C1"/>
  <move id="98" source="I7" target="H7"/>
  <move id="99" source="I4" target="I5"/>
  <move id="100" source="K5" target="K4"/>
  <move id="101" source="K3" target="K4"/>
  <move id="102" source="H7" target="G7"/>
  <move id="103" source="I5" target="I6"/>
  <move id="104" source="G7" target="F7"/>
  <move id="105" source="I6" target="I7"/>
  <move id="106" source="F7" target="E7"/>
  <move id="107" source="I7" target="I8"/>
  <move id="108" source="E7" target="E3"/>
  <move id="109" source="I3" target="I4"/>
  <move id="110" source="F5" target="E5"/>
  <move id="111" source="I4" target="I5"/>
  <move id="112" source="E5" target="E4"/>
  <move id="113" source="I5" target="I6"/>
  <move id="114" source="F6" target="E6"/>
  <move id="115" source="I6" target="I7"/>
  <move id="116" source="E6" target="E5"/>
  <move id="117" source="I7" target="H7"/>
  <move id="118" source="E4" target="E3"/>
  <move id="119" source="D3" target="E3"/>
  <move id="120" source="E5" target="E4"/>
  <move id="121" source="E3" target="D3"/>
  <move id="122" source="C4" target="C3"/>
  <move id="123" source="H7" target="H8"/>
  <move id="124" source="H8" target="H7"/>
  <move id="125" source="H3" target="I3"/>
  <move id="126" source="E4" target="E3"/>
  <move id="127" source="I3" target="I4"/>
  <move id="128" source="E3" target="D3"/>
  <move id="129" source="I4" target="I5"/>
  <move id="130" source="D3" target="D2"/>
  <move id="131" source="I5" target="I6"/>
  <move id="132" source="E9" target="E8"/>
  <move id="133" source="I6" target="I7"/>
  <move id="134" source="H7" target="H8"/>
  <move id="135" source="I7" target="H7"/>
  <move id="136" source="E8" target="E7"/>
  <move id="137" source="B2" target="C2"/>
  <move id="138" source="E7" target="D7"/>
  <move id="139" source="I2" target="I3"/>
  <move id="140" source="D7" target="C7"/>
  <move id="141" source="I3" target="I4"/>
  <move id="142" source="C7" target="B7"/>
  <move id="143" source="I4" target="I5"/>
  <move id="144" source="B7" target="B6"/>
  <move id="145" source="I5" target="I6"/>
  <move id="146" source="B6" target="B5"/>
  <move id="147" source="I6" target="I7"/>
  <move id="148" source="B5" target="B4"/>
  <move id="149" source="I7" target="I8"/>
  <move id="150" source="B4" target="A4"/>
  <move id="151" source="K4" target="K5"/>
  <move id="152" source="C3" target="B3"/>
  <move id="153" source="A3" target="A4"/>
  <move id="154" source="B3" target="C3"/>
  <move id="155" source="K5" target="K6"/>
  <move id="156" source="A4" target="A3"/>
  <move id="157" source="K6" target="K7"/>
  <move id="158" source="A3" target="B3"/>
  <move id="159" source="K7" target="K8"/>
  <move id="160" source="K9" target="K8"/>
  <move id="161" source="I1" target="I2"/>
  <move id="162" source="B3" target="B2"/>
  <move id="163" source="I2" target="I3"/>
  <move id="164" source="A9" target="B9"/>
  <move id="165" source="I3" target="I4"/>
  <move id="166" source="A:" target="A1"/>
  <move id="167" source="I4" target="I5"/>
  <move id="168" source="B9" target="B8"/>
  <move id="169" source="I5" target="I6"/>
  <move id="170" source="B8" target="B7"/>
  <move id="171" source="I6" target="I7"/>
  <move id="172" source="B7" target="B6"/>
  <move id="173" source="I7" target="K7"/>
  <move id="174" source="B6" target="B5"/>
  <move id="175" source="K7" target="K8"/>
  <move id="176" source="B5" target="B4"/>
  <move id="177" source="K8" target="K9"/>
  <move id="178" source="B4" target="B3"/>
  <move id="179" source="K9" target="I9"/>
  <move id="180" source="B3" target="A3"/>
  <move id="181" source="H1" target="I1"/>
  <move id="182" source="A3" target="A2"/>
  <move id="183" source="I1" target="I7"/>
  <move id="184" source="A2" target="A1"/>
  <move id="185" source="I7" target="K7"/>
  <move id="186" source="A1" target="B1"/>
  <move id="187" source="K7" target="K9"/>
  <move id="188" source="H9" target="K9"/>
  <move id="189" source="H7" target="G7"/>
  <move id="190" source="B2" target="C2"/>
  <move id="191" source="D2" target="C2"/>
  <move id="192" source="B1" target="C1"/>
  <move id="193" source="E2" target="E3"/>
  <move id="194" source="C3" target="C2"/>
  <move id="195" source="E3" target="E4"/>
  <move id="196" source="C9" target="B9"/>
  <move id="197" source="E4" target="E5"/>
  <move id="198" source="B9" target="B8"/>
  <move id="199" source="E5" target="E6"/>
  <move id="200" source="B8" target="B7"/>
  <move id="201" source="E6" target="E7"/>
  <move id="202" source="B7" target="B6"/>
  <move id="203" source="E7" target="F7"/>
  <move id="204" source="B6" target="B5"/>
  <move id="205" source="F7" target="F8"/>
  <move id="206" source="B5" target="B4"/>
  <move id="207" source="F8" target="G8"/>
  <move id="208" source="H8" target="I8"/>
  <move id="209" source="G8" target="G9"/>
  <move id="210" source="B4" target="B3"/>
  <move id="211" source="G7" target="G8"/>
  <move id="212" source="B3" target="B2"/>
  <move id="213" source="G8" target="G9"/>
  <move id="214" source="B2" target="B1"/>
  <move id="215" source="G9" target="F9"/>
  <move id="216" source="B1" target="C1"/>
  <move id="217" source="F9" target="E9"/>
  <move id="218" source="C1" target="D1"/>
  <move id="219" source="E1" target="E8"/>
  <move id="220" source="C2" target="D2"/>
  <move id="221" source="E8" target="F8"/>
  <move id="222" source="D2" target="E2"/>
  <move id="223" source="F8" target="F:"/>
  <move id="224" source="E2" target="E3"/>
  <move id="225" source="E9" target="F9"/>
  <move id="226" source="E3" target="F3"/>
  <move id="227" source="F9" target="F:"/>
  <move id="228" source="F3" target="E3"/>
  <move id="229" source="G1" target="I1"/>
  <move id="230" source="E3" target="E4"/>
  <move id="231" source="F:" target="F9"/>
  <move id="232" source="E4" target="E5"/>
  <move id="233" source="F9" target="G9"/>
  <move id="234" source="E5" target="E6"/>
  <move id="235" source="G9" target="H9"/>
  <move id="236" source="E6" target="E7"/>
  <move id="237" source="I8" target="H8"/>
  <move id="238" source="E7" target="E8"/>
  <move id="239" source="I1" target="I:"/>
  <move id="240" source="E8" target="F8"/>
  <move id="241" source="H9" target="H:"/>
  <move id="242" source="F8" target="G8"/>
  <move id="243" source="H8" target="G8"/>
  <move id="244" source="D1" target="D2"/>
  <move id="245" source="H:" target="H9"/>
  <move id="246" source="D2" target="E2"/>
  <move id="247" source="H9" target="I9"/>
  <move id="248" source="E2" target="E3"/>
  <move id="249" source="K2" target="K3"/>
  <move id="250" source="E3" target="E4"/>
  <move id="251" source="K3" target="K4"/>
  <move id="252" source="E4" target="E5"/>
  <move id="253" source="K4" target="K5"/>
  <move id="254" source="E5" target="E6"/>
  <move id="255" source="K5" target="K6"/>
  <move id="256" source="E6" target="E7"/>
  <move id="257" source="K6" target="K7"/>
  <move id="258" source="E7" target="F7"/>
  <move id="259" source="K7" target="K8"/>
  <move id="260" source="F7" target="G7"/>
  <move id="261" source="K8" target="K9"/>
  <move id="262" source="G7" target="G8"/>
  <move id="263" source="K9" target="K:"/>
  <move id="264" source="G8" target="H8"/>
  <move id="265" source="I9" target="H9"/>
  <move id="266" source="H8" target="H9"/>
  <move id="267" source="F1" target="E1"/>
  <move id="268" source="G:" target="G9"/>
  <move id="269" source="E1" target="D1"/>
  <move id="270" source="G9" target="G8"/>
  <move id="271" source="D1" target="C1"/>
  <move id="272" source="G8" target="G7"/>
  <move id="273" source="C1" target="B1"/>
  <move id="274" source="G7" target="H7"/>
  <move id="275" source="B1" target="B2"/>
  <move id="276" source="H7" target="I7"/>
  <move id="277" source="B2" target="B3"/>
  <move id="278" source="I7" target="I6"/>
  <move id="279" source="B3" target="B4"/>
  <move id="280" source="I6" target="I5"/>
  <move id="281" source="B4" target="B5"/>
  <move id="282" source="I5" target="K5"/>
  <move id="283" source="B5" target="B6"/>
  <move id="284" source="K5" target="K4"/>
  <move id="285" source="B6" target="B7"/>
  <move id="286" source="K4" target="K3"/>
  <move id="287" source="H4" target="I4"/>
  <move id="288" source="K3" target="K2"/>
  <move id="289" source="I4" target="I5"/>
  <move id="290" source="K2" target="I2"/>
  <move id="291" source="I5" target="I6"/>
  <move id="292" source="I2" target="I1"/>
  <move id="293" source="K1" target="I1"/>
  <move id="294" source="I1" target="H1"/>
  <move id="295" source="I6" target="I7"/>
  <move id="296" source="H1" target="G1"/>
  <move id="297" source="I7" target="H7"/>
  <move id="298" source="G1" target="G2"/>
  <player id="1">Player 1</player>
  <player id="2">Player 2</player>
  <result type="1" winner="2"/>
 </game>
</stratego>