<?xml version="1.0" encoding="UTF-8"?>
<stratego>
 <game type="classic">
  
  <field content="BIBBBMFGBEEDEFEFGFDHKDCBJDGLEJHDHIGDIDDHAA__AA__AAAA__AA__AAPRURNTQUPSQSOXURPWSPNVNQVNQSNTRNYQTPPPTP"/>
  <move id="1" source="B4" target="B5"/>
  <move id="2" source="K7" target="K6"/>
  <move id="3" source="B5" target="A5"/>
  <move id="4" source="K6" target="K5"/>
  <move id="5" source="K4" target="K5"/>
  <move id="6" source="I7" target="I4"/>
  <move id="7" source="H4" target="I4"/>
  <move id="8" source="H7" target="I7"/>
  <move id="9" source="K5" target="I5"/>
  <move id="10" source="I7" target="I6"/>
  <move id="11" source="I5" target="K5"/>
  <move id="12" source="I6" target="K6"/>
  <move id="13" source="K5" target="K4"/>
  <move id="14" source="K6" target="K5"/>
  <move id="15" source="A5" target="A7"/>
  <move id="16" source="F7" target="F6"/>
  <move id="17" source="E4" target="E5"/>
  <move id="18" source="F6" target="E6"/>
  <move id="19" source="D4" target="E4"/>
  <move id="20" source="F8" target="F7"/>
  <move id="21" source="E5" target="F5"/>
  <move id="22" source="E8" target="F8"/>
  <move id="23" source="E4" target="E5"/>
  <move id="24" source="F7" target="F6"/>
  <move id="25" source="F4" target="E4"/>
  <move id="26" source="F8" target="F7"/>
  <move id="27" source="E4" target="D4"/>
  <move id="28" source="B7" target="B6"/>
  <move id="29" source="C4" target="B4"/>
  <move id="30" source="C7" target="B7"/>
  <move id="31" source="F3" target="F4"/>
  <move id="32" source="B6" target="A6"/>
  <move id="33" source="F4" target="E4"/>
  <move id="34" source="B7" target="B6"/>
  <move id="35" source="E5" target="E6"/>
  <move id="36" source="F6" target="F5"/>
  <move id="37" source="E4" target="E5"/>
  <move id="38" source="B6" target="B5"/>
  <move id="39" source="F5" target="F4"/>
  <move id="40" source="F7" target="F6"/>
  <move id="41" source="D4" target="C4"/>
  <move id="42" source="G8" target="F8"/>
  <move id="43" source="F4" target="E4"/>
  <move id="44" source="A6" target="A5"/>
  <move id="45" source="G3" target="F3"/>
  <move id="46" source="A5" target="A4"/>
  <move id="47" source="B4" target="B5"/>
  <move id="48" source="B5" target="A5"/>
  <move id="49" source="A4" target="B4"/>
  <move id="50" source="B8" target="B7"/>
  <move id="51" source="F3" target="F4"/>
  <move id="52" source="B7" target="A7"/>
  <move id="53" source="F4" target="F5"/>
  <move id="54" source="G7" target="F7"/>
  <move id="55" source="E4" target="F4"/>
  <move id="56" source="A5" target="B5"/>
  <move id="57" source="B4" target="A4"/>
  <move id="58" source="B5" target="A5"/>
  <move id="59" source="A4" target="B4"/>
  <move id="60" source="A7" target="A6"/>
  <move id="61" source="F4" target="F3"/>
  <move id="62" source="K8" target="K7"/>
  <move id="63" source="G4" target="G3"/>
  <move id="64" source="K7" target="K6"/>
  <move id="65" source="F3" target="F4"/>
  <move id="66" source="I8" target="I7"/>
  <move id="67" source="F4" target="G4"/>
  <move id="68" source="I7" target="H7"/>
  <move id="69" source="G4" target="H4"/>
  <move id="70" source="K5" target="I5"/>
  <move id="71" source="I4" target="I5"/>
  <move id="72" source="K6" target="I6"/>
  <move id="73" source="I3" target="I4"/>
  <move id="74" source="I5" target="K5"/>
  <move id="75" source="I4" target="I5"/>
  <move id="76" source="K5" target="K6"/>
  <move id="77" source="H4" target="I4"/>
  <move id="78" source="H7" target="I7"/>
  <move id="79" source="I4" target="I3"/>
  <move id="80" source="I6" target="I5"/>
  <move id="81" source="I5" target="I4"/>
  <move id="82" source="K6" target="I6"/>
  <move id="83" source="I4" target="H4"/>
  <move id="84" source="K9" target="K8"/>
  <move id="85" source="I3" target="I4"/>
  <move id="86" source="K8" target="K7"/>
  <move id="87" source="I4" target="I5"/>
  <move id="88" source="K7" target="K6"/>
  <move id="89" source="H4" target="G4"/>
  <move id="90" source="K6" target="K5"/>
  <move id="91" source="K4" target="K5"/>
  <move id="92" source="K:" target="K3"/>
  <move id="93" source="K3" target="K4"/>
  <move id="94" source="I6" target="K6"/>
  <move id="95" source="K4" target="K5"/>
  <move id="96" source="K6" target="K7"/>
  <move id="97" source="I5" target="I6"/>
  <move id="98" source="I7" target="I6"/>
  <move id="99" source="K5" target="K6"/>
  <move id="100" source="K7" target="I7"/>
  <move id="101" source="K6" target="K7"/>
  <move id="102" source="I7" target="H7"/>
  <move id="103" source="K7" target="K8"/>
  <move id="104" source="H7" target="I7"/>
  <move id="105" source="G4" target="F4"/>
  <move id="106" source="G9" target="G8"/>
  <move id="107" source="F4" target="F3"/>
  <move id="108" source="H8" target="I8"/>
  <move id="109" source="K8" target="K7"/>
  <move id="110" source="I7" target="H7"/>
  <move id="111" source="I2" target="I8"/>
  <move id="112" source="H7" target="H8"/>
  <move id="113" source="K2" target="I2"/>
  <move id="114" source="G8" target="G9"/>
  <move id="115" source="I2" target="I3"/>
  <move id="116" source="F8" target="G8"/>
  <move id="117" source="I3" target="I4"/>
  <move id="118" source="G8" target="G7"/>
  <move id="119" source="I4" target="I5"/>
  <move id="120" source="G7" target="H7"/>
  <move id="121" source="I5" target="I6"/>
  <move id="122" source="I8" target="K8"/>
  <move id="123" source="K7" target="K6"/>
  <move id="124" source="H7" target="I7"/>
  <move id="125" source="K6" target="K5"/>
  <move id="126" source="I7" target="I6"/>
  <move id="127" source="K5" target="K4"/>
  <move id="128" source="K8" target="K7"/>
  <move id="129" source="K4" target="K3"/>
  <move id="130" source="K7" target="K6"/>
  <move id="131" source="I6" target="I5"/>
  <move id="132" source="K6" target="K5"/>
  <move id="133" source="I5" target="I4"/>
  <move id="134" source="K5" target="K4"/>
  <move id="135" source="H3" target="I3"/>
  <move id="136" source="K4" target="K5"/>
  <move id="137" source="G3" target="G4"/>
  <move id="138" source="H8" target="G8"/>
  <move id="139" source="G4" target="H4"/>
  <move id="140" source="H9" target="H8"/>
  <move id="141" source="K3" target="K2"/>
  <move id="142" source="H8" target="H7"/>
  <move id="143" source="I3" target="K3"/>
  <move id="144" source="K5" target="I5"/>
  <move id="145" source="K3" target="K4"/>
  <move id="146" source="I5" target="I6"/>
  <move id="147" source="I4" target="I3"/>
  <move id="148" source="I6" target="I7"/>
  <move id="149" source="H4" target="I4"/>
  <move id="150" source="I7" target="I8"/>
  <move id="151" source="I4" target="H4"/>
  <move id="152" source="F7" target="F8"/>
  <move id="153" source="F5" target="F6"/>
  <move id="154" source="F6" target="E6"/>
  <move id="155" source="E5" target="F5"/>
  <move id="156" source="H7" target="G7"/>
  <move id="157" source="F5" target="F8"/>
  <move id="158" source="G7" target="F7"/>
  <move id="159" source="H4" target="H3"/>
  <move id="160" source="F7" target="F6"/>
  <move id="161" source="C4" target="D4"/>
  <move id="162" source="F6" target="F5"/>
  <move id="163" source="D4" target="E4"/>
  <move id="164" source="F8" target="F7"/>
  <move id="165" source="I3" target="I2"/>
  <move id="166" source="I8" target="H8"/>
  <move id="167" source="B4" target="C4"/>
  <move id="168" source="H:" target="H9"/>
  <move id="169" source="B3" target="B4"/>
  <move id="170" source="A6" target="B6"/>
  <move id="171" source="B4" target="B6"/>
  <move id="172" source="A5" target="B5"/>
  <move id="173" source="C3" target="B3"/>
  <move id="174" source="B6" target="A6"/>
  <move id="175" source="A3" target="A4"/>
  <move id="176" source="B5" target="B6"/>
  <move id="177" source="A4" target="B4"/>
  <move id="178" source="B6" target="B7"/>
  <move id="179" source="B4" target="B5"/>
  <move id="180" source="B7" target="B8"/>
  <move id="181" source="B5" target="B6"/>
  <move id="182" source="D7" target="C7"/>
  <move id="183" source="H3" target="H4"/>
  <move id="184" source="A6" target="A5"/>
  <move id="185" source="C4" target="B4"/>
  <move id="186" source="C7" target="B7"/>
  <move id="187" source="B6" target="A6"/>
  <move id="188" source="A5" target="A6"/>
  <move id="189" source="B4" target="B5"/>
  <move id="190" source="C8" target="C7"/>
  <move id="191" source="B5" target="B6"/>
  <move id="192" source="D8" target="C8"/>
  <move id="193" source="H4" target="G4"/>
  <move id="194" source="C7" target="D7"/>
  <move id="195" source="G4" target="F4"/>
  <move id="196" source="C8" target="C7"/>
  <move id="197" source="F4" target="F5"/>
  <move id="198" source="F7" target="G7"/>
  <move id="199" source="E4" target="D4"/>
  <move id="200" source="G8" target="F8"/>
  <move id="201" source="F3" target="F4"/>
  <move id="202" source="F8" target="F7"/>
  <move id="203" source="F4" target="E4"/>
  <move id="204" source="F7" target="F6"/>
  <move id="205" source="F5" target="F4"/>
  <move id="206" source="F6" target="F5"/>
  <move id="207" source="F4" target="F3"/>
  <move id="208" source="G7" target="H7"/>
  <move id="209" source="K2" target="K3"/>
  <move id="210" source="H7" target="G7"/>
  <move id="211" source="K3" target="I3"/>
  <move id="212" source="H8" target="H7"/>
  <move id="213" source="I3" target="I4"/>
  <move id="214" source="H9" target="H8"/>
  <move id="215" source="I4" target="H4"/>
  <move id="216" source="H8" target="I8"/>
  <move id="217" source="D4" target="C4"/>
  <move id="218" source="I8" target="I7"/>
  <move id="219" source="C4" target="C3"/>
  <move id="220" source="I7" target="I6"/>
  <move id="221" source="H4" target="G4"/>
  <move id="222" source="F5" target="F6"/>
  <move id="223" source="G4" target="F4"/>
  <move id="224" source="B7" target="A7"/>
  <move id="225" source="A6" target="A5"/>
  <move id="226" source="A7" target="B7"/>
  <move id="227" source="B6" target="A6"/>
  <move id="228" source="B7" target="B6"/>
  <move id="229" source="A6" target="B6"/>
  <move id="230" source="B8" target="B7"/>
  <move id="231" source="A5" target="A6"/>
  <move id="232" source="C7" target="C8"/>
  <move id="233" source="B6" target="B5"/>
  <move id="234" source="D7" target="C7"/>
  <move id="235" source="C3" target="C4"/>
  <move id="236" source="C8" target="D8"/>
  <move id="237" source="B5" target="B4"/>
  <move id="238" source="F6" target="E6"/>
  <move id="239" source="B4" target="A4"/>
  <move id="240" source="G7" target="F7"/>
  <move id="241" source="C4" target="B4"/>
  <move id="242" source="D8" target="E8"/>
  <move id="243" source="B4" target="B5"/>
  <move id="244" source="E8" target="F8"/>
  <move id="245" source="B5" target="B6"/>
  <move id="246" source="A8" target="B8"/>
  <move id="247" source="E4" target="D4"/>
  <move id="248" source="F8" target="E8"/>
  <move id="249" source="D4" target="C4"/>
  <move id="250" source="E8" target="D8"/>
  <move id="251" source="C4" target="C3"/>
  <move id="252" source="D8" target="C8"/>
  <move id="253" source="F4" target="F5"/>
  <move id="254" source="C8" target="D8"/>
  <move id="255" source="K4" target="I4"/>
  <move id="256" source="D8" target="E8"/>
  <move id="257" source="I4" target="H4"/>
  <move id="258" source="I6" target="I5"/>
  <move id="259" source="H4" target="G4"/>
  <move id="260" source="I5" target="I4"/>
  <move id="261" source="F3" target="F4"/>
  <move id="262" source="I:" target="K:"/>
  <move id="263" source="F4" target="E4"/>
  <move id="264" source="K:" target="K9"/>
  <move id="265" source="E4" target="D4"/>
  <move id="266" source="K9" target="K8"/>
  <move id="267" source="D4" target="C4"/>
  <move id="268" source="K8" target="K7"/>
  <move id="269" source="C4" target="B4"/>
  <move id="270" source="K7" target="K6"/>
  <move id="271" source="B4" target="B5"/>
  <move id="272" source="B8" target="A8"/>
  <move id="273" source="A4" target="A3"/>
  <move id="274" source="K6" target="K5"/>
  <move id="275" source="A6" target="A5"/>
  <move id="276" source="K5" target="I5"/>
  <move id="277" source="A5" target="A4"/>
  <move id="278" source="I4" target="K4"/>
  <move id="279" source="A4" target="B4"/>
  <move id="280" source="I5" target="I4"/>
  <move id="281" source="B4" target="C4"/>
  <move id="282" source="I4" target="H4"/>
  <move id="283" source="G4" target="F4"/>
  <move id="284" source="H4" target="G4"/>
  <move id="285" source="F4" target="E4"/>
  <move id="286" source="G4" target="F4"/>
  <move id="287" source="F5" target="F4"/>
  <move id="288" source="E6" target="E5"/>
  <move id="289" source="E4" target="D4"/>
  <move id="290" source="F7" target="F6"/>
  <move id="291" source="F4" target="F3"/>
  <move id="292" source="F6" target="F5"/>
  <move id="293" source="D4" target="E4"/>
  <move id="294" source="E5" target="E4"/>
  <move id="295" source="B6" target="A6"/>
  <move id="296" source="E8" target="F8"/>
  <move id="297" source="H2" target="H3"/>
  <move id="298" source="K4" target="I4"/>
  <move id="299" source="H3" target="G3"/>
  <move id="300" source="I4" target="H4"/>
  <move id="301" source="G3" target="G4"/>
  <move id="302" source="H4" target="H3"/>
  <move id="303" source="G4" target="F4"/>
  <move id="304" source="F5" target="F6"/>
  <move id="305" source="F4" target="F5"/>
  <move id="306" source="F6" target="F7"/>
  <move id="307" source="E4" target="F4"/>
  <move id="308" source="F8" target="E8"/>
  <move id="309" source="B5" target="B6"/>
  <move id="310" source="A8" target="B8"/>
  <move id="311" source="A6" target="A7"/>
  <move id="312" source="B7" target="A7"/>
  <move id="313" source="F4" target="G4"/>
  <move id="314" source="F7" target="F8"/>
  <move id="315" source="K1" target="K2"/>
  <move id="316" source="H7" target="G7"/>
  <move id="317" source="K2" target="K3"/>
  <move id="318" source="G7" target="F7"/>
  <move id="319" source="K3" target="I3"/>
  <move id="320" source="H3" target="H2"/>
  <move id="321" source="I2" target="H2"/>
  <move id="322" source="F7" target="G7"/>
  <move id="323" source="I3" target="I4"/>
  <move id="324" source="G7" target="H7"/>
  <move id="325" source="G4" target="H4"/>
  <move id="326" source="H7" target="I7"/>
  <move id="327" source="I4" target="I3"/>
  <move id="328" source="F8" target="G8"/>
  <move id="329" source="I3" target="H3"/>
  <move id="330" source="G8" target="H8"/>
  <move id="331" source="H3" target="G3"/>
  <move id="332" source="H8" target="I8"/>
  <move id="333" source="G3" target="G4"/>
  <move id="334" source="I8" target="K8"/>
  <move id="335" source="G4" target="F4"/>
  <move id="336" source="I7" target="H7"/>
  <move id="337" source="F4" target="E4"/>
  <move id="338" source="H7" target="G7"/>
  <move id="339" source="E4" target="E5"/>
  <move id="340" source="G7" target="F7"/>
  <move id="341" source="C4" target="D4"/>
  <move id="342" source="F7" target="F6"/>
  <move id="343" source="D4" target="E4"/>
  <move id="344" source="F6" target="E6"/>
  <move id="345" source="F5" target="F4"/>
  <move id="346" source="K8" target="K7"/>
  <move id="347" source="F4" target="G4"/>
  <move id="348" source="K7" target="K6"/>
  <move id="349" source="G4" target="G3"/>
  <move id="350" source="K6" target="K5"/>
  <move id="351" source="G3" target="H3"/>
  <move id="352" source="K5" target="K4"/>
  <move id="353" source="H3" target="I3"/>
  <move id="354" source="E6" target="F6"/>
  <move id="355" source="F3" target="G3"/>
  <move id="356" source="F6" target="F5"/>
  <move id="357" source="E5" target="F5"/>
  <move id="358" source="F5" target="F6"/>
  <move id="359" source="I3" target="I4"/>
  <move id="360" source="K4" target="K3"/>
  <move id="361" source="C3" target="C4"/>
  <move id="362" source="K3" target="K2"/>
  <move id="363" source="I4" target="K4"/>
  <move id="364" source="F6" target="F7"/>
  <move id="365" source="E4" target="F4"/>
  <move id="366" source="E8" target="D8"/>
  <move id="367" source="F4" target="F5"/>
  <move id="368" source="D8" target="D7"/>
  <move id="369" source="C4" target="D4"/>
  <move id="370" source="F7" target="F8"/>
  <move id="371" source="F5" target="F6"/>
  <move id="372" source="F8" target="E8"/>
  <move id="373" source="D4" target="E4"/>
  <move id="374" source="B8" target="A8"/>
  <move id="375" source="E4" target="E5"/>
  <move id="376" source="E8" target="D8"/>
  <move id="377" source="E5" target="E6"/>
  <move id="378" source="D8" target="C8"/>
  <move id="379" source="F6" target="F7"/>
  <move id="380" source="D7" target="D8"/>
  <move id="381" source="E6" target="E7"/>
  <move id="382" source="C8" target="B8"/>
  <move id="383" source="K4" target="K3"/>
  <move id="384" source="K2" target="K1"/>
  <move id="385" source="K3" target="K2"/>
  <move id="386" source="K1" target="I1"/>
  <move id="387" source="H1" target="I1"/>
  <move id="388" source="A7" target="B7"/>
  <move id="389" source="B6" target="B7"/>
  <move id="390" source="A8" target="A7"/>
  <move id="391" source="H4" target="G4"/>
  <move id="392" source="A7" target="A6"/>
  <move id="393" source="G4" target="F4"/>
  <move id="394" source="A6" target="A5"/>
  <move id="395" source="F4" target="E4"/>
  <move id="396" source="A5" target="B5"/>
  <move id="397" source="E4" target="D4"/>
  <move id="398" source="B8" target="B7"/>
  <move id="399" source="D4" target="C4"/>
  <move id="400" source="B7" target="B6"/>
  <move id="401" source="B3" target="C3"/>
  <move id="402" source="C7" target="C8"/>
  <move id="403" source="B2" target="B5"/>
  <move id="404" source="C8" target="C7"/>
  <move id="405" source="C4" target="B4"/>
  <move id="406" source="B5" target="A5"/>
  <move id="407" source="B4" target="B5"/>
  <move id="408" source="B6" target="B7"/>
  <move id="409" source="B5" target="A5"/>
  <move id="410" source="C7" target="C8"/>
  <move id="411" source="A5" target="B5"/>
  <move id="412" source="B7" target="C7"/>
  <move id="413" source="B5" target="B4"/>
  <move id="414" source="C7" target="D7"/>
  <move id="415" source="E7" target="E8"/>
  <move id="416" source="E9" target="E8"/>
  <move id="417" source="F7" target="E7"/>
  <move id="418" source="D7" target="C7"/>
  <move id="419" source="B4" target="B5"/>
  <move id="420" source="E8" target="F8"/>
  <move id="421" source="B5" target="B6"/>
  <move id="422" source="C8" target="B8"/>
  <move id="423" source="A3" target="A4"/>
  <move id="424" source="D8" target="D7"/>
  <move id="425" source="E7" target="F7"/>
  <move id="426" source="F8" target="E8"/>
  <move id="427" source="A4" target="A5"/>
  <move id="428" source="E8" target="E7"/>
  <move id="429" source="A5" target="A6"/>
  <move id="430" source="E7" target="E6"/>
  <move id="431" source="A6" target="A7"/>
  <move id="432" source="E6" target="E5"/>
  <move id="433" source="F7" target="F6"/>
  <move id="434" source="E5" target="E4"/>
  <move id="435" source="F6" target="F5"/>
  <move id="436" source="D7" target="E7"/>
  <move id="437" source="B6" target="B5"/>
  <move id="438" source="E7" target="F7"/>
  <move id="439" source="B5" target="B4"/>
  <move id="440" source="F7" target="F6"/>
  <move id="441" source="F5" target="E5"/>
  <move id="442" source="E4" target="F4"/>
  <move id="443" source="C3" target="C4"/>
  <move id="444" source="C7" target="D7"/>
  <move id="445" source="C4" target="D4"/>
  <move id="446" source="D7" target="E7"/>
  <move id="447" source="A7" target="B7"/>
  <move id="448" source="B8" target="C8"/>
  <move id="449" source="E3" target="F3"/>
  <move id="450" source="F4" target="G4"/>
  <move id="451" source="G3" target="G4"/>
  <move id="452" source="E7" target="F7"/>
  <move id="453" source="B7" target="C7"/>
  <move id="454" source="C8" target="D8"/>
  <move id="455" source="D4" target="E4"/>
  <move id="456" source="F6" target="F5"/>
  <move id="457" source="F3" target="F4"/>
  <move id="458" source="F5" target="F6"/>
  <move id="459" source="F4" target="F3"/>
  <move id="460" source="F7" target="G7"/>
  <move id="461" source="E4" target="E3"/>
  <move id="462" source="F6" target="F5"/>
  <move id="463" source="E5" target="E6"/>
  <move id="464" source="G7" target="H7"/>
  <move id="465" source="B4" target="C4"/>
  <move id="466" source="H7" target="I7"/>
  <move id="467" source="C4" target="D4"/>
  <move id="468" source="I7" target="I6"/>
  <move id="469" source="D4" target="E4"/>
  <move id="470" source="I6" target="I5"/>
  <move id="471" source="E4" target="F4"/>
  <move id="472" source="F5" target="E5"/>
  <move id="473" source="E6" target="F6"/>
  <move id="474" source="I5" target="I4"/>
  <move id="475" source="F4" target="G4"/>
  <move id="476" source="I4" target="I3"/>
  <move id="477" source="G4" target="H4"/>
  <move id="478" source="E5" target="F5"/>
  <move id="479" source="F6" target="E6"/>
  <move id="480" source="F5" target="F4"/>
  <move id="481" source="H2" target="H3"/>
  <move id="482" source="D8" target="E8"/>
  <move id="483" source="E6" target="E7"/>
  <move id="484" source="E8" target="F8"/>
  <move id="485" source="K2" target="K3"/>
  <move id="486" source="I3" target="K3"/>
  <move id="487" source="H4" target="I4"/>
  <move id="488" source="F8" target="G8"/>
  <move id="489" source="E7" target="E8"/>
  <move id="490" source="G8" target="H8"/>
  <move id="491" source="E8" target="D8"/>
  <move id="492" source="H8" target="I8"/>
  <move id="493" source="C7" target="C8"/>
  <move id="494" source="I8" target="I7"/>
  <move id="495" source="C8" target="C9"/>
  <move id="496" source="B9" target="B8"/>
  <move id="497" source="D8" target="C8"/>
  <move id="498" source="B8" target="B7"/>
  <move id="499" source="C8" target="C7"/>
  <move id="500" source="B7" target="A7"/>
  <move id="501" source="C7" target="D7"/>
  <move id="502" source="I7" target="I6"/>
  <move id="503" source="C2" target="C3"/>
  <move id="504" source="I6" target="I5"/>
  <move id="505" source="I4" target="I3"/>
  <move id="506" source="K3" target="K4"/>
  <move id="507" source="C3" target="C4"/>
  <move id="508" source="K4" target="I4"/>
  <move id="509" source="I3" target="I4"/>
  <move id="510" source="I5" target="I4"/>
  <move id="511" source="C4" target="D4"/>
  <move id="512" source="F4" target="F5"/>
  <move id="513" source="D4" target="E4"/>
  <move id="514" source="F5" target="F6"/>
  <move id="515" source="E4" target="E5"/>
  <move id="516" source="F6" target="F7"/>
  <move id="517" source="F3" target="F4"/>
  <move id="518" source="F7" target="E7"/>
  <move id="519" source="D7" target="C7"/>
  <move id="520" source="G:" target="H:"/>
  <move id="521" source="C7" target="B7"/>
  <move id="522" source="A7" target="A6"/>
  <move id="523" source="B1" target="B2"/>
  <move id="524" source="H:" target="H9"/>
  <move id="525" source="B2" target="B3"/>
  <move id="526" source="H9" target="H8"/>
  <move id="527" source="B3" target="A3"/>
  <move id="528" source="H8" target="G8"/>
  <move id="529" source="A3" target="A4"/>
  <move id="530" source="G8" target="F8"/>
  <move id="531" source="A4" target="A5"/>
  <move id="532" source="A6" target="A5"/>
  <move id="533" source="B7" target="B6"/>
  <move id="534" source="E7" target="D7"/>
  <move id="535" source="F4" target="E4"/>
  <move id="536" source="D7" target="C7"/>
  <move id="537" source="E4" target="D4"/>
  <move id="538" source="C7" target="D7"/>
  <move id="539" source="B6" target="A6"/>
  <move id="540" source="A5" target="B5"/>
  <move id="541" source="D4" target="C4"/>
  <move id="542" source="B5" target="B4"/>
  <move id="543" source="C4" target="B4"/>
  <move id="544" source="F8" target="E8"/>
  <move id="545" source="A6" target="B6"/>
  <move id="546" source="I4" target="K4"/>
  <move id="547" source="B6" target="B5"/>
  <move id="548" source="E8" target="F8"/>
  <move id="549" source="B5" target="B4"/>
  <move id="550" source="F8" target="G8"/>
  <move id="551" source="B4" target="C4"/>
  <move id="552" source="K4" target="K5"/>
  <move id="553" source="C4" target="D4"/>
  <move id="554" source="K5" target="K6"/>
  <move id="555" source="D4" target="E4"/>
  <move id="556" source="K6" target="K7"/>
  <move id="557" source="E4" target="F4"/>
  <move id="558" source="K7" target="I7"/>
  <move id="559" source="H3" target="I3"/>
  <move id="560" source="G8" target="F8"/>
  <move id="561" source="I3" target="I4"/>
  <move id="562" source="F8" target="E8"/>
  <move id="563" source="I4" target="I5"/>
  <move id="564" source="I7" target="H7"/>
  <move id="565" source="I5" target="I6"/>
  <move id="566" source="H7" target="G7"/>
  <move id="567" source="I6" target="I7"/>
  <move id="568" source="G7" target="F7"/>
  <move id="569" source="I7" target="H7"/>
  <move id="570" source="F7" target="E7"/>
  <move id="571" source="H7" target="G7"/>
  <move id="572" source="E7" target="E6"/>
  <move id="573" source="G7" target="F7"/>
  <move id="574" source="D7" target="E7"/>
  <move id="575" source="F7" target="F8"/>
  <move id="576" source="E6" target="E5"/>
  <move id="577" source="E5" target="E4"/>
  <move id="578" source="E8" target="D8"/>
  <move id="579" source="F4" target="F3"/>
  <move id="580" source="D8" target="D7"/>
  <move id="581" source="E4" target="F4"/>
  <move id="582" source="E7" target="E8"/>
  <move id="583" source="F8" target="F7"/>
  <move id="584" source="D7" target="E7"/>
  <move id="585" source="F4" target="E4"/>
  <move id="586" source="E7" target="E6"/>
  <move id="587" source="F3" target="F4"/>
  <move id="588" source="E6" target="E5"/>
  <move id="589" source="E4" target="D4"/>
  <move id="590" source="E5" target="E3"/>
  <move id="591" source="E2" target="E3"/>
  <move id="592" source="D9" target="D8"/>
  <move id="593" source="D4" target="C4"/>
  <move id="594" source="D8" target="C8"/>
  <move id="595" source="C4" target="B4"/>
  <move id="596" source="C8" target="B8"/>
  <move id="597" source="B4" target="A4"/>
  <move id="598" source="B8" target="B7"/>
  <move id="599" source="F4" target="E4"/>
  <move id="600" source="B7" target="B6"/>
  <move id="601" source="E4" target="D4"/>
  <move id="602" source="B6" target="B5"/>
  <move id="603" source="D4" target="C4"/>
  <move id="604" source="E8" target="E7"/>
  <move id="605" source="F7" target="F8"/>
  <move id="606" source="G9" target="H9"/>
  <move id="607" source="I1" target="I2"/>
  <move id="608" source="H9" target="H8"/>
  <move id="609" source="I2" target="I3"/>
  <move id="610" source="H8" target="H7"/>
  <move id="611" source="I3" target="I4"/>
  <move id="612" source="H7" target="G7"/>
  <move id="613" source="I4" target="H4"/>
  <move id="614" source="G7" target="F7"/>
  <move id="615" source="H4" target="G4"/>
  <move id="616" source="F7" target="F6"/>
  <move id="617" source="G4" target="F4"/>
  <move id="618" source="F:" target="G:"/>
  <move id="619" source="A4" target="A3"/>
  <move id="620" source="B5" target="A5"/>
  <move id="621" source="C4" target="B4"/>
  <move id="622" source="G:" target="H:"/>
  <move id="623" source="G2" target="H2"/>
  <move id="624" source="H:" target="I:"/>
  <move id="625" source="H2" target="H3"/>
  <move id="626" source="I:" target="K:"/>
  <move id="627" source="H3" target="H4"/>
  <move id="628" source="K:" target="K9"/>
  <move id="629" source="H4" target="I4"/>
  <move id="630" source="K9" target="K8"/>
  <move id="631" source="I4" target="K4"/>
  <move id="632" source="K8" target="I8"/>
  <move id="633" source="F8" target="G8"/>
  <move id="634" source="E7" target="F7"/>
  <move id="635" source="G8" target="H8"/>
  <move id="636" source="I8" target="I7"/>
  <move id="637" source="H8" target="H7"/>
  <move id="638" source="I7" target="I8"/>
  <move id="639" source="H7" target="H8"/>
  <move id="640" source="I8" target="K8"/>
  <move id="641" source="H8" target="I8"/>
  <move id="642" source="K8" target="K9"/>
  <move id="643" source="I8" target="H8"/>
  <move id="644" source="F7" target="G7"/>
  <move id="645" source="F4" target="F5"/>
  <move id="646" source="F6" target="F7"/>
  <move id="647" source="F5" target="F6"/>
  <move id="648" source="F7" target="F8"/>
  <move id="649" source="F6" target="E6"/>
  <move id="650" source="G7" target="F7"/>
  <move id="651" source="K4" target="K5"/>
  <move id="652" source="E:" target="E9"/>
  <move id="653" source="K5" target="K6"/>
  <move id="654" source="E9" target="E8"/>
  <move id="655" source="K6" target="K7"/>
  <move id="656" source="E8" target="E7"/>
  <move id="657" source="K7" target="K8"/>
  <move id="658" source="K9" target="K:"/>
  <move id="659" source="H8" target="G8"/>
  <move id="660" source="F8" target="E8"/>
  <move id="661" source="K8" target="K9"/>
  <move id="662" source="K:" target="I:"/>
  <move id="663" source="K9" target="K:"/>
  <move id="664" source="I:" target="H:"/>
  <move id="665" source="K:" target="I:"/>
  <move id="666" source="H:" target="H7"/>
  <move id="667" source="E3" target="F3"/>
  <move id="668" source="E7" target="E6"/>
  <move id="669" source="B4" target="C4"/>
  <move id="670" source="A5" target="A4"/>
  <move id="671" source="A3" target="B3"/>
  <move id="672" source="E8" target="D8"/>
  <move id="673" source="B3" target="C3"/>
  <move id="674" source="D8" target="C8"/>
  <move id="675" source="F3" target="F4"/>
  <move id="676" source="E6" target="F6"/>
  <move id="677" source="F4" target="G4"/>
  <move id="678" source="F6" target="F5"/>
  <move id="679" source="G4" target="H4"/>
  <move id="680" source="F5" target="F4"/>
  <move id="681" source="H4" target="I4"/>
  <move id="682" source="F4" target="G4"/>
  <move id="683" source="I4" target="I5"/>
  <move id="684" source="G4" target="H4"/>
  <move id="685" source="I5" target="I6"/>
  <move id="686" source="H4" target="I4"/>
  <move id="687" source="I6" target="I7"/>
  <move id="688" source="I4" target="I5"/>
  <move id="689" source="I7" target="I8"/>
  <move id="690" source="I5" target="I6"/>
  <move id="691" source="I8" target="I9"/>
  <move id="692" source="I6" target="I7"/>
  <move id="693" source="G8" target="H8"/>
  <move id="694" source="F7" target="G7"/>
  <move id="695" source="I9" target="K9"/>
  <move id="696" source="G7" target="G8"/>
  <move id="697" source="H8" target="I8"/>
  <move id="698" source="I7" target="K7"/>
  <move id="699" source="I:" target="H:"/>
  <move id="700" source="G8" target="H8"/>
  <move id="701" source="I8" target="K8"/>
  <move id="702" source="K7" target="I7"/>
  <move id="703" source="K9" target="K:"/>
  <move id="704" source="H8" target="H9"/>
  <move id="705" source="H:" target="G:"/>
  <move id="706" source="H7" target="E7"/>
  <move id="707" source="G:" target="F:"/>
  <move id="708" source="I7" target="H7"/>
  <move id="709" source="F:" target="E:"/>
  <move id="710" source="H7" target="G7"/>
  <move id="711" source="E:" target="E9"/>
  <move id="712" source="E7" target="E1"/>
  <move id="713" source="E9" target="E8"/>
  <move id="714" source="G7" target="F7"/>
  <move id="715" source="C4" target="D4"/>
  <move id="716" source="A4" target="B4"/>
  <move id="717" source="D4" target="E4"/>
  <move id="718" source="B4" target="B3"/>
  <move id="719" source="C3" target="C4"/>
  <move id="720" source="F7" target="F8"/>
  <move id="721" source="E8" target="D8"/>
  <move id="722" source="C8" target="C7"/>
  <move id="723" source="D8" target="D7"/>
  <move id="724" source="C7" target="B7"/>
  <move id="725" source="D7" target="C7"/>
  <move id="726" source="B7" target="B6"/>
  <move id="727" source="C7" target="B7"/>
  <move id="728" source="B6" target="B5"/>
  <move id="729" source="B7" target="B6"/>
  <move id="730" source="B5" target="B4"/>
  <move id="731" source="B6" target="B5"/>
  <move id="732" source="B4" target="C4"/>
  <move id="733" source="B5" target="B4"/>
  <move id="734" source="B3" target="A3"/>
  <move id="735" source="B4" target="A4"/>
  <move id="736" source="A3" target="A2"/>
  <move id="737" source="E4" target="E5"/>
  <move id="738" source="H9" target="H:"/>
  <move id="739" source="K8" target="I8"/>
  <move id="740" source="H:" target="H9"/>
  <move id="741" source="E5" target="E6"/>
  <move id="742" source="F8" target="F7"/>
  <move id="743" source="E6" target="E7"/>
  <move id="744" source="F7" target="F6"/>
  <move id="745" source="I8" target="I7"/>
  <move id="746" source="H9" target="H:"/>
  <move id="747" source="K:" target="K9"/>
  <move id="748" source="H:" target="G:"/>
  <move id="749" source="I7" target="I6"/>
  <move id="750" source="G:" target="F:"/>
  <move id="751" source="I6" target="I5"/>
  <move id="752" source="F:" target="E:"/>
  <move id="753" source="I5" target="I4"/>
  <move id="754" source="E:" target="E9"/>
  <move id="755" source="I4" target="H4"/>
  <move id="756" source="E9" target="E8"/>
  <move id="757" source="E7" target="F7"/>
  <move id="758" source="F6" target="E6"/>
  <move id="759" source="H4" target="G4"/>
  <move id="760" source="E6" target="E7"/>
  <move id="761" source="F7" target="E7"/>
  <move id="762" source="E8" target="E7"/>
  <move id="763" source="K9" target="I9"/>
  <move id="764" source="E7" target="F7"/>
  <move id="765" source="I9" target="H9"/>
  <move id="766" source="F7" target="G7"/>
  <move id="767" source="H9" target="G9"/>
  <move id="768" source="G7" target="G8"/>
  <move id="769" source="G9" target="F9"/>
  <move id="770" source="D:" target="E:"/>
  <move id="771" source="A4" target="A5"/>
  <move id="772" source="G8" target="G9"/>
  <move id="773" source="F9" target="F8"/>
  <move id="774" source="E:" target="E9"/>
  <move id="775" source="A5" target="A6"/>
  <move id="776" source="G9" target="G8"/>
  <move id="777" source="F8" target="F7"/>
  <move id="778" source="G8" target="F8"/>
  <move id="779" source="F7" target="E7"/>
  <move id="780" source="F8" target="E8"/>
  <move id="781" source="E7" target="D7"/>
  <move id="782" source="E8" target="D8"/>
  <move id="783" source="D7" target="E7"/>
  <move id="784" source="D8" target="D7"/>
  <move id="785" source="E7" target="E8"/>
  <move id="786" source="E9" target="F9"/>
  <move id="787" source="E8" target="E9"/>
  <move id="788" source="F9" target="E9"/>
  <move id="789" source="G4" target="F4"/>
  <move id="790" source="D7" target="E7"/>
  <move id="791" source="F4" target="F5"/>
  <move id="792" source="E7" target="E6"/>
  <move id="793" source="A6" target="A7"/>
  <move id="794" source="E6" target="F6"/>
  <move id="795" source="F5" target="E5"/>
  <move id="796" source="F6" target="F7"/>
  <move id="797" source="A7" target="A8"/>
  <move id="798" source="F7" target="E7"/>
  <move id="799" source="E5" target="F5"/>
  <move id="800" source="E7" target="D7"/>
  <move id="801" source="F5" target="F6"/>
  <move id="802" source="D7" target="D8"/>
  <move id="803" source="F6" target="F7"/>
  <move id="804" source="D8" target="E8"/>
  <move id="805" source="A8" target="B8"/>
  <move id="806" source="E8" target="F8"/>
  <move id="807" source="F7" target="G7"/>
  <move id="808" source="F8" target="F9"/>
  <move id="809" source="G7" target="G8"/>
  <move id="810" source="F9" target="G9"/>
  <move id="811" source="G8" target="F8"/>
  <move id="812" source="G9" target="G:"/>
  <move id="813" source="F8" target="F9"/>
  <move id="814" source="G:" target="F:"/>
  <move id="815" source="F9" target="G9"/>
  <move id="816" source="F:" target="E:"/>
  <move id="817" source="B8" target="C8"/>
  <move id="818" source="E:" target="D:"/>
  <move id="819" source="G9" target="F9"/>
  <move id="820" source="D:" target="D9"/>
  <move id="821" source="F9" target="F:"/>
  <move id="822" source="D9" target="E9"/>
  <move id="823" source="C8" target="D8"/>
  <move id="824" source="E9" target="E:"/>
  <move id="825" source="F:" target="F9"/>
  <move id="826" source="E:" target="D:"/>
  <move id="827" source="D8" target="C8"/>
  <move id="828" source="D:" target="D9"/>
  <move id="829" source="F9" target="F:"/>
  <move id="830" source="D9" target="E9"/>
  <move id="831" source="G1" target="G2"/>
  <move id="832" source="E9" target="E:"/>
  <move id="833" source="F:" target="F9"/>
  <move id="834" source="E:" target="D:"/>
  <move id="835" source="F9" target="E9"/>
  <move id="836" source="D:" target="D9"/>
  <move id="837" source="E9" target="E:"/>
  <move id="838" source="D9" target="D:"/>
  <move id="839" source="E:" target="E9"/>
  <move id="840" source="D:" target="E:"/>
  <move id="841" source="E9" target="D9"/>
  <move id="842" source="E:" target="D:"/>
  <move id="843" source="D9" target="E9"/>
  <move id="844" source="D:" target="E:"/>
  <move id="845" source="E9" target="D9"/>
  <player id="1">Player 1</player>
  <player id="2">Player 2</player>
  <result type="3" winner="1"/>
 </game>
</stratego>