<?xml version="1.0" encoding="UTF-8"?>
<stratego>
 <game type="classic">
  
  <field content="FEEFBMBFEFBDBEGBGHEBJGLHDIKCIDHDDIDGHJDDAA__AA__AAAA__AA__AARUNSPSWQTPPPRNUPTOPUVSTNPQRNTSQPRQVNNYQX"/>
  <move id="1" source="K4" target="K7"/>
  <move id="2" source="K8" target="K7"/>
  <move id="3" source="E4" target="E7"/>
  <move id="4" source="K7" target="K6"/>
  <move id="5" source="B4" target="B7"/>
  <move id="6" source="B7" target="B6"/>
  <move id="7" source="A4" target="A5"/>
  <move id="8" source="B6" target="A6"/>
  <move id="9" source="A5" target="B5"/>
  <move id="10" source="K6" target="K5"/>
  <move id="11" source="I4" target="I7"/>
  <move id="12" source="K5" target="K4"/>
  <move id="13" source="I3" target="I4"/>
  <move id="14" source="K4" target="I4"/>
  <move id="15" source="H4" target="I4"/>
  <move id="16" source="I8" target="K8"/>
  <move id="17" source="I4" target="I5"/>
  <move id="18" source="K8" target="K3"/>
  <move id="19" source="I5" target="I6"/>
  <move id="20" source="I7" target="I6"/>
  <move id="21" source="I6" target="I5"/>
  <move id="22" source="K9" target="K8"/>
  <move id="23" source="I5" target="I4"/>
  <move id="24" source="K8" target="I8"/>
  <move id="25" source="I4" target="H4"/>
  <move id="26" source="K:" target="K9"/>
  <move id="27" source="I2" target="I3"/>
  <move id="28" source="K9" target="K8"/>
  <move id="29" source="H2" target="I2"/>
  <move id="30" source="K8" target="K7"/>
  <move id="31" source="F4" target="F5"/>
  <move id="32" source="K7" target="K6"/>
  <move id="33" source="F5" target="F6"/>
  <move id="34" source="K6" target="K5"/>
  <move id="35" source="H3" target="H2"/>
  <move id="36" source="K5" target="K4"/>
  <move id="37" source="H4" target="H3"/>
  <move id="38" source="K4" target="I4"/>
  <move id="39" source="I3" target="I4"/>
  <move id="40" source="I4" target="I3"/>
  <move id="41" source="H3" target="H4"/>
  <move id="42" source="I3" target="I4"/>
  <move id="43" source="H4" target="H3"/>
  <move id="44" source="I4" target="I3"/>
  <move id="45" source="H3" target="H4"/>
  <move id="46" source="I3" target="I2"/>
  <move id="47" source="H2" target="I2"/>
  <move id="48" source="H7" target="I7"/>
  <move id="49" source="I2" target="I3"/>
  <move id="50" source="I7" target="K7"/>
  <move id="51" source="G4" target="F4"/>
  <move id="52" source="I8" target="I7"/>
  <move id="53" source="H4" target="H3"/>
  <move id="54" source="I7" target="I6"/>
  <move id="55" source="F4" target="F5"/>
  <move id="56" source="I6" target="I5"/>
  <move id="57" source="F6" target="F7"/>
  <move id="58" source="F8" target="F5"/>
  <move id="59" source="F5" target="F6"/>
  <move id="60" source="I5" target="I4"/>
  <move id="61" source="I3" target="I4"/>
  <move id="62" source="G7" target="H7"/>
  <move id="63" source="H3" target="I3"/>
  <move id="64" source="I4" target="H4"/>
  <move id="65" source="I3" target="I4"/>
  <move id="66" source="H4" target="H3"/>
  <move id="67" source="G3" target="H3"/>
  <move id="68" source="H7" target="I7"/>
  <move id="69" source="I4" target="H4"/>
  <move id="70" source="I7" target="H7"/>
  <move id="71" source="F6" target="E6"/>
  <move id="72" source="H7" target="G7"/>
  <move id="73" source="E3" target="E4"/>
  <move id="74" source="G7" target="F7"/>
  <move id="75" source="H3" target="G3"/>
  <move id="76" source="F7" target="F6"/>
  <move id="77" source="E6" target="E7"/>
  <move id="78" source="E8" target="E7"/>
  <move id="79" source="G3" target="G4"/>
  <move id="80" source="F6" target="F5"/>
  <move id="81" source="G4" target="F4"/>
  <move id="82" source="F5" target="E5"/>
  <move id="83" source="E4" target="E3"/>
  <move id="84" source="E7" target="F7"/>
  <move id="85" source="E3" target="E5"/>
  <move id="86" source="F7" target="F8"/>
  <move id="87" source="D3" target="E3"/>
  <move id="88" source="E9" target="E8"/>
  <move id="89" source="E3" target="E4"/>
  <move id="90" source="E5" target="F5"/>
  <move id="91" source="F4" target="G4"/>
  <move id="92" source="E8" target="E4"/>
  <move id="93" source="G4" target="F4"/>
  <move id="94" source="E:" target="E9"/>
  <move id="95" source="E4" target="E3"/>
  <move id="96" source="E9" target="E8"/>
  <move id="97" source="F4" target="F5"/>
  <move id="98" source="E8" target="E7"/>
  <move id="99" source="H4" target="G4"/>
  <move id="100" source="E7" target="E6"/>
  <move id="101" source="G4" target="F4"/>
  <move id="102" source="E6" target="E5"/>
  <move id="103" source="D4" target="D3"/>
  <move id="104" source="B8" target="B5"/>
  <move id="105" source="C4" target="D4"/>
  <move id="106" source="A8" target="B8"/>
  <move id="107" source="A3" target="A4"/>
  <move id="108" source="B8" target="B7"/>
  <move id="109" source="B5" target="B4"/>
  <move id="110" source="B7" target="B6"/>
  <move id="111" source="A4" target="A5"/>
  <move id="112" source="B6" target="B5"/>
  <move id="113" source="A5" target="A6"/>
  <move id="114" source="A7" target="A8"/>
  <move id="115" source="B4" target="C4"/>
  <move id="116" source="B5" target="B3"/>
  <move id="117" source="A6" target="A7"/>
  <move id="118" source="A8" target="B8"/>
  <move id="119" source="A7" target="B7"/>
  <move id="120" source="B8" target="A8"/>
  <move id="121" source="B7" target="A7"/>
  <move id="122" source="E5" target="F5"/>
  <move id="123" source="A7" target="A8"/>
  <move id="124" source="F5" target="F4"/>
  <move id="125" source="B3" target="A3"/>
  <move id="126" source="F8" target="F7"/>
  <move id="127" source="D4" target="E4"/>
  <move id="128" source="F7" target="F6"/>
  <move id="129" source="F3" target="G3"/>
  <move id="130" source="F6" target="F5"/>
  <move id="131" source="G3" target="H3"/>
  <move id="132" source="D7" target="E7"/>
  <move id="133" source="B2" target="B9"/>
  <move id="134" source="H8" target="H7"/>
  <move id="135" source="A8" target="B8"/>
  <move id="136" source="H7" target="I7"/>
  <move id="137" source="B8" target="B9"/>
  <move id="138" source="A9" target="A8"/>
  <move id="139" source="C4" target="B4"/>
  <move id="140" source="A8" target="A7"/>
  <move id="141" source="B4" target="B5"/>
  <move id="142" source="A7" target="A6"/>
  <move id="143" source="B9" target="B8"/>
  <move id="144" source="A6" target="A5"/>
  <move id="145" source="B5" target="A5"/>
  <move id="146" source="A5" target="A4"/>
  <move id="147" source="A3" target="B3"/>
  <move id="148" source="A4" target="B4"/>
  <move id="149" source="B3" target="B2"/>
  <move id="150" source="B4" target="B3"/>
  <move id="151" source="C3" target="B3"/>
  <move id="152" source="F5" target="F4"/>
  <move id="153" source="E4" target="E7"/>
  <move id="154" source="F4" target="E4"/>
  <move id="155" source="E3" target="F3"/>
  <move id="156" source="E4" target="E3"/>
  <move id="157" source="D3" target="E3"/>
  <player id="1">Player 1</player>
  <player id="2">Player 2</player>
  <result type="3" winner="1"/>
 </game>
</stratego>