<?xml version="1.0" encoding="UTF-8"?>
<stratego>
 <game type="classic">
  
  <field content="BEBBMFBBFBDDEFGEECEHHJDLHJDKDIIGDIDGFHDGAA__AA__AAAA__AA__AASTVOUPTPSPUPXTWPPQUSSPQNRPVTQNNRNYNRQQRN"/>
  <move id="1" source="K4" target="K5"/>
  <move id="2" source="I7" target="I6"/>
  <move id="3" source="A4" target="A5"/>
  <move id="4" source="E7" target="E6"/>
  <move id="5" source="A5" target="A6"/>
  <move id="6" source="E6" target="E5"/>
  <move id="7" source="B4" target="B5"/>
  <move id="8" source="I6" target="I5"/>
  <move id="9" source="K5" target="K6"/>
  <move id="10" source="I8" target="I7"/>
  <move id="11" source="K6" target="K7"/>
  <move id="12" source="I7" target="K7"/>
  <move id="13" source="K3" target="K4"/>
  <move id="14" source="K7" target="K6"/>
  <move id="15" source="K4" target="K5"/>
  <move id="16" source="K6" target="K5"/>
  <move id="17" source="K2" target="K3"/>
  <move id="18" source="I5" target="I4"/>
  <move id="19" source="H4" target="I4"/>
  <move id="20" source="H7" target="I7"/>
  <move id="21" source="I4" target="H4"/>
  <move id="22" source="I7" target="K7"/>
  <move id="23" source="B5" target="B6"/>
  <move id="24" source="K7" target="K3"/>
  <move id="25" source="K3" target="K2"/>
  <move id="26" source="H8" target="I8"/>
  <move id="27" source="A6" target="A5"/>
  <move id="28" source="I8" target="I7"/>
  <move id="29" source="B6" target="A6"/>
  <move id="30" source="I7" target="I6"/>
  <move id="31" source="A6" target="A7"/>
  <move id="32" source="B7" target="B6"/>
  <move id="33" source="A5" target="A6"/>
  <move id="34" source="B6" target="A6"/>
  <move id="35" source="A6" target="A5"/>
  <move id="36" source="A8" target="A7"/>
  <move id="37" source="A5" target="A4"/>
  <move id="38" source="A7" target="A6"/>
  <move id="39" source="C4" target="B4"/>
  <move id="40" source="A6" target="A5"/>
  <move id="41" source="F4" target="F5"/>
  <move id="42" source="C7" target="B7"/>
  <move id="43" source="F5" target="E5"/>
  <move id="44" source="E5" target="E6"/>
  <move id="45" source="E4" target="F4"/>
  <move id="46" source="E6" target="E7"/>
  <move id="47" source="F4" target="F7"/>
  <move id="48" source="B7" target="A7"/>
  <move id="49" source="D4" target="E4"/>
  <move id="50" source="A7" target="A6"/>
  <move id="51" source="E4" target="E5"/>
  <move id="52" source="A5" target="B5"/>
  <move id="53" source="B4" target="B5"/>
  <move id="54" source="A6" target="A7"/>
  <move id="55" source="A4" target="B4"/>
  <move id="56" source="B5" target="B4"/>
  <move id="57" source="E5" target="E6"/>
  <move id="58" source="F8" target="F7"/>
  <move id="59" source="E6" target="E7"/>
  <move id="60" source="F7" target="E7"/>
  <move id="61" source="C3" target="C4"/>
  <move id="62" source="G8" target="F8"/>
  <move id="63" source="C4" target="B4"/>
  <move id="64" source="G9" target="G8"/>
  <move id="65" source="E3" target="E4"/>
  <move id="66" source="G8" target="H8"/>
  <move id="67" source="E4" target="E5"/>
  <move id="68" source="H8" target="H7"/>
  <move id="69" source="A3" target="A4"/>
  <move id="70" source="A7" target="B7"/>
  <move id="71" source="B4" target="B5"/>
  <move id="72" source="B7" target="C7"/>
  <move id="73" source="A4" target="A5"/>
  <move id="74" source="H7" target="I7"/>
  <move id="75" source="A5" target="A6"/>
  <move id="76" source="I7" target="K7"/>
  <move id="77" source="I3" target="I4"/>
  <move id="78" source="I6" target="I5"/>
  <move id="79" source="K2" target="K3"/>
  <move id="80" source="K7" target="K6"/>
  <move id="81" source="K3" target="I3"/>
  <move id="82" source="K6" target="K5"/>
  <move id="83" source="I4" target="K4"/>
  <move id="84" source="K5" target="K6"/>
  <move id="85" source="K4" target="K6"/>
  <move id="86" source="K6" target="K5"/>
  <move id="87" source="G4" target="F4"/>
  <move id="88" source="K5" target="K4"/>
  <move id="89" source="H4" target="G4"/>
  <move id="90" source="K4" target="I4"/>
  <move id="91" source="I3" target="K3"/>
  <move id="92" source="I5" target="K5"/>
  <move id="93" source="F4" target="F5"/>
  <move id="94" source="G7" target="F7"/>
  <move id="95" source="E5" target="E6"/>
  <move id="96" source="K5" target="K6"/>
  <move id="97" source="F5" target="F4"/>
  <move id="98" source="K6" target="I6"/>
  <move id="99" source="E6" target="F6"/>
  <move id="100" source="I4" target="K4"/>
  <move id="101" source="K3" target="I3"/>
  <move id="102" source="I6" target="I5"/>
  <move id="103" source="F6" target="F7"/>
  <move id="104" source="I5" target="I4"/>
  <move id="105" source="F4" target="F5"/>
  <move id="106" source="I4" target="H4"/>
  <move id="107" source="G4" target="H4"/>
  <move id="108" source="K4" target="I4"/>
  <move id="109" source="I3" target="K3"/>
  <move id="110" source="I4" target="H4"/>
  <move id="111" source="H3" target="H4"/>
  <move id="112" source="B8" target="A8"/>
  <move id="113" source="B5" target="B7"/>
  <move id="114" source="B9" target="B7"/>
  <move id="115" source="B3" target="C3"/>
  <move id="116" source="A8" target="B8"/>
  <move id="117" source="F5" target="F6"/>
  <move id="118" source="B8" target="B7"/>
  <move id="119" source="K3" target="K4"/>
  <move id="120" source="B7" target="A7"/>
  <move id="121" source="A6" target="B6"/>
  <move id="122" source="C9" target="B9"/>
  <move id="123" source="K4" target="K5"/>
  <move id="124" source="B9" target="B8"/>
  <move id="125" source="A2" target="A7"/>
  <move id="126" source="B8" target="B7"/>
  <move id="127" source="B6" target="B7"/>
  <move id="128" source="C7" target="B7"/>
  <move id="129" source="K5" target="K6"/>
  <move id="130" source="B7" target="C7"/>
  <move id="131" source="K6" target="K7"/>
  <move id="132" source="K8" target="I8"/>
  <move id="133" source="K7" target="I7"/>
  <move id="134" source="I8" target="H8"/>
  <move id="135" source="I7" target="H7"/>
  <move id="136" source="H8" target="G8"/>
  <move id="137" source="H7" target="G7"/>
  <move id="138" source="G8" target="H8"/>
  <move id="139" source="G7" target="F7"/>
  <move id="140" source="B:" target="B9"/>
  <move id="141" source="F7" target="E7"/>
  <move id="142" source="E8" target="E7"/>
  <move id="143" source="F6" target="F7"/>
  <move id="144" source="F8" target="F7"/>
  <move id="145" source="F7" target="G7"/>
  <move id="146" source="E7" target="F7"/>
  <move id="147" source="G7" target="H7"/>
  <move id="148" source="H8" target="H7"/>
  <move id="149" source="H4" target="G4"/>
  <move id="150" source="H7" target="H8"/>
  <move id="151" source="G4" target="F4"/>
  <move id="152" source="F7" target="E7"/>
  <move id="153" source="F4" target="F5"/>
  <move id="154" source="F9" target="F8"/>
  <move id="155" source="G3" target="G4"/>
  <move id="156" source="F8" target="F7"/>
  <move id="157" source="F5" target="E5"/>
  <move id="158" source="E7" target="E6"/>
  <move id="159" source="E5" target="E6"/>
  <move id="160" source="C7" target="B7"/>
  <move id="161" source="G4" target="F4"/>
  <move id="162" source="B7" target="A7"/>
  <move id="163" source="C3" target="B3"/>
  <move id="164" source="E9" target="E8"/>
  <move id="165" source="B3" target="B4"/>
  <move id="166" source="E8" target="E7"/>
  <move id="167" source="B4" target="B5"/>
  <move id="168" source="D7" target="C7"/>
  <move id="169" source="B5" target="B6"/>
  <move id="170" source="F7" target="F4"/>
  <move id="171" source="F3" target="F4"/>
  <move id="172" source="E7" target="E6"/>
  <move id="173" source="F4" target="F5"/>
  <move id="174" source="E6" target="F6"/>
  <move id="175" source="F5" target="F6"/>
  <move id="176" source="D8" target="E8"/>
  <move id="177" source="F6" target="F5"/>
  <move id="178" source="E8" target="F8"/>
  <move id="179" source="F5" target="F4"/>
  <move id="180" source="F8" target="F7"/>
  <move id="181" source="F4" target="G4"/>
  <move id="182" source="F7" target="F6"/>
  <move id="183" source="G4" target="H4"/>
  <move id="184" source="F6" target="F5"/>
  <move id="185" source="H4" target="H3"/>
  <move id="186" source="C8" target="D8"/>
  <move id="187" source="B2" target="B3"/>
  <move id="188" source="D8" target="D7"/>
  <move id="189" source="B3" target="B4"/>
  <move id="190" source="D7" target="E7"/>
  <move id="191" source="B4" target="C4"/>
  <move id="192" source="E7" target="E6"/>
  <move id="193" source="C4" target="D4"/>
  <move id="194" source="F5" target="F4"/>
  <move id="195" source="H3" target="I3"/>
  <move id="196" source="E6" target="E5"/>
  <move id="197" source="D4" target="C4"/>
  <move id="198" source="A7" target="A8"/>
  <move id="199" source="B6" target="A6"/>
  <move id="200" source="A8" target="B8"/>
  <move id="201" source="C4" target="B4"/>
  <move id="202" source="F4" target="F3"/>
  <move id="203" source="A6" target="A5"/>
  <move id="204" source="E5" target="F5"/>
  <move id="205" source="A5" target="A4"/>
  <move id="206" source="B8" target="B7"/>
  <move id="207" source="B4" target="C4"/>
  <move id="208" source="B7" target="B6"/>
  <move id="209" source="C4" target="D4"/>
  <move id="210" source="F3" target="F4"/>
  <move id="211" source="D3" target="E3"/>
  <move id="212" source="I9" target="I8"/>
  <move id="213" source="D4" target="E4"/>
  <move id="214" source="I8" target="I7"/>
  <move id="215" source="E4" target="E7"/>
  <move id="216" source="C7" target="C8"/>
  <move id="217" source="E7" target="E8"/>
  <move id="218" source="C8" target="C9"/>
  <move id="219" source="E8" target="C8"/>
  <move id="220" source="I7" target="I6"/>
  <move id="221" source="C8" target="C9"/>
  <move id="222" source="I6" target="I5"/>
  <move id="223" source="I3" target="H3"/>
  <move id="224" source="I5" target="I4"/>
  <move id="225" source="E3" target="E4"/>
  <move id="226" source="F4" target="G4"/>
  <move id="227" source="E4" target="F4"/>
  <move id="228" source="F5" target="F4"/>
  <move id="229" source="H3" target="H4"/>
  <move id="230" source="G4" target="G3"/>
  <move id="231" source="H4" target="I4"/>
  <move id="232" source="B6" target="B5"/>
  <move id="233" source="I4" target="H4"/>
  <move id="234" source="B9" target="C9"/>
  <move id="235" source="I2" target="I3"/>
  <move id="236" source="H8" target="G8"/>
  <move id="237" source="I3" target="I4"/>
  <move id="238" source="G8" target="F8"/>
  <move id="239" source="I4" target="I5"/>
  <move id="240" source="F8" target="E8"/>
  <move id="241" source="I5" target="I6"/>
  <move id="242" source="E8" target="E7"/>
  <move id="243" source="I6" target="I7"/>
  <move id="244" source="H9" target="H8"/>
  <move id="245" source="I7" target="K7"/>
  <move id="246" source="H8" target="I8"/>
  <move id="247" source="H2" target="I2"/>
  <move id="248" source="E7" target="E6"/>
  <move id="249" source="I2" target="I3"/>
  <move id="250" source="E6" target="E5"/>
  <move id="251" source="I3" target="I4"/>
  <move id="252" source="E5" target="E4"/>
  <move id="253" source="I4" target="I5"/>
  <move id="254" source="E4" target="D4"/>
  <move id="255" source="E2" target="E3"/>
  <move id="256" source="D4" target="C4"/>
  <move id="257" source="E3" target="E4"/>
  <move id="258" source="F:" target="F9"/>
  <move id="259" source="E4" target="E5"/>
  <move id="260" source="F9" target="F8"/>
  <move id="261" source="E5" target="E6"/>
  <move id="262" source="F8" target="E8"/>
  <move id="263" source="E6" target="F6"/>
  <move id="264" source="E8" target="E7"/>
  <move id="265" source="I5" target="I4"/>
  <move id="266" source="C4" target="D4"/>
  <move id="267" source="F6" target="F5"/>
  <move id="268" source="E7" target="E6"/>
  <move id="269" source="I4" target="I3"/>
  <move id="270" source="E6" target="E5"/>
  <move id="271" source="F5" target="E5"/>
  <move id="272" source="D4" target="E4"/>
  <move id="273" source="E5" target="E4"/>
  <move id="274" source="A9" target="A8"/>
  <move id="275" source="F2" target="E2"/>
  <move id="276" source="G3" target="F3"/>
  <move id="277" source="H4" target="G4"/>
  <move id="278" source="A8" target="B8"/>
  <move id="279" source="I3" target="I2"/>
  <move id="280" source="B8" target="C8"/>
  <move id="281" source="G4" target="F4"/>
  <move id="282" source="F3" target="E3"/>
  <move id="283" source="E2" target="F2"/>
  <move id="284" source="C8" target="C7"/>
  <move id="285" source="F2" target="F3"/>
  <move id="286" source="C7" target="D7"/>
  <move id="287" source="F3" target="G3"/>
  <move id="288" source="D7" target="E7"/>
  <move id="289" source="F4" target="F3"/>
  <move id="290" source="E3" target="E4"/>
  <move id="291" source="G3" target="G4"/>
  <move id="292" source="E4" target="E5"/>
  <move id="293" source="F3" target="F4"/>
  <move id="294" source="E7" target="F7"/>
  <move id="295" source="K7" target="K6"/>
  <move id="296" source="I8" target="I7"/>
  <move id="297" source="K6" target="K5"/>
  <move id="298" source="I7" target="I6"/>
  <move id="299" source="K5" target="K4"/>
  <move id="300" source="I6" target="I5"/>
  <move id="301" source="I2" target="H2"/>
  <move id="302" source="F7" target="G7"/>
  <move id="303" source="H2" target="H3"/>
  <move id="304" source="G7" target="H7"/>
  <move id="305" source="H3" target="G3"/>
  <move id="306" source="H7" target="I7"/>
  <move id="307" source="G3" target="F3"/>
  <move id="308" source="I7" target="K7"/>
  <move id="309" source="G4" target="G3"/>
  <move id="310" source="K7" target="K6"/>
  <move id="311" source="F4" target="G4"/>
  <move id="312" source="E5" target="E4"/>
  <move id="313" source="G4" target="H4"/>
  <move id="314" source="I5" target="K5"/>
  <move id="315" source="H4" target="I4"/>
  <move id="316" source="K6" target="K7"/>
  <move id="317" source="K4" target="K3"/>
  <move id="318" source="E4" target="F4"/>
  <move id="319" source="F3" target="E3"/>
  <move id="320" source="F4" target="F3"/>
  <move id="321" source="G3" target="G4"/>
  <move id="322" source="F3" target="E3"/>
  <move id="323" source="G4" target="F4"/>
  <move id="324" source="C9" target="C8"/>
  <move id="325" source="F4" target="F5"/>
  <move id="326" source="C8" target="D8"/>
  <move id="327" source="F5" target="F6"/>
  <move id="328" source="D8" target="E8"/>
  <move id="329" source="F6" target="F7"/>
  <move id="330" source="E8" target="F8"/>
  <move id="331" source="F7" target="E7"/>
  <move id="332" source="E3" target="E4"/>
  <move id="333" source="E7" target="D7"/>
  <move id="334" source="F8" target="E8"/>
  <move id="335" source="I4" target="I5"/>
  <move id="336" source="K5" target="K4"/>
  <move id="337" source="I5" target="K5"/>
  <move id="338" source="K4" target="K3"/>
  <move id="339" source="K5" target="K6"/>
  <move id="340" source="K7" target="K8"/>
  <move id="341" source="K6" target="K7"/>
  <move id="342" source="K8" target="I8"/>
  <move id="343" source="K7" target="I7"/>
  <move id="344" source="I8" target="H8"/>
  <move id="345" source="I7" target="H7"/>
  <move id="346" source="H8" target="I8"/>
  <move id="347" source="H7" target="G7"/>
  <move id="348" source="E8" target="D8"/>
  <move id="349" source="D7" target="E7"/>
  <move id="350" source="D8" target="E8"/>
  <move id="351" source="E7" target="F7"/>
  <move id="352" source="G:" target="F:"/>
  <move id="353" source="G7" target="G8"/>
  <move id="354" source="E8" target="E7"/>
  <move id="355" source="G8" target="F8"/>
  <move id="356" source="F:" target="G:"/>
  <move id="357" source="F7" target="G7"/>
  <move id="358" source="G:" target="G9"/>
  <move id="359" source="F8" target="G8"/>
  <move id="360" source="G9" target="F9"/>
  <move id="361" source="G8" target="F8"/>
  <move id="362" source="F9" target="G9"/>
  <move id="363" source="F8" target="G8"/>
  <move id="364" source="G9" target="F9"/>
  <move id="365" source="G7" target="H7"/>
  <move id="366" source="E7" target="E6"/>
  <move id="367" source="H7" target="H8"/>
  <move id="368" source="E6" target="E5"/>
  <move id="369" source="H8" target="H9"/>
  <move id="370" source="E5" target="E6"/>
  <move id="371" source="G8" target="G9"/>
  <move id="372" source="F9" target="F8"/>
  <move id="373" source="G9" target="G8"/>
  <move id="374" source="F8" target="F9"/>
  <move id="375" source="G8" target="G9"/>
  <move id="376" source="F9" target="F8"/>
  <move id="377" source="H9" target="H:"/>
  <move id="378" source="E4" target="D4"/>
  <move id="379" source="G9" target="F9"/>
  <move id="380" source="F8" target="G8"/>
  <move id="381" source="F9" target="F8"/>
  <move id="382" source="G8" target="G9"/>
  <move id="383" source="F8" target="G8"/>
  <move id="384" source="G9" target="F9"/>
  <move id="385" source="G8" target="H8"/>
  <move id="386" source="I8" target="I7"/>
  <move id="387" source="H8" target="H7"/>
  <move id="388" source="I7" target="I8"/>
  <move id="389" source="H7" target="I7"/>
  <move id="390" source="I8" target="H8"/>
  <move id="391" source="I7" target="I8"/>
  <move id="392" source="H8" target="H7"/>
  <move id="393" source="I8" target="I7"/>
  <move id="394" source="H7" target="H8"/>
  <move id="395" source="I7" target="I8"/>
  <move id="396" source="H8" target="H7"/>
  <move id="397" source="I8" target="H8"/>
  <move id="398" source="H7" target="I7"/>
  <move id="399" source="H8" target="G8"/>
  <move id="400" source="E6" target="E5"/>
  <move id="401" source="G8" target="F8"/>
  <move id="402" source="F9" target="G9"/>
  <move id="403" source="F8" target="F7"/>
  <move id="404" source="E5" target="E6"/>
  <move id="405" source="F7" target="F6"/>
  <move id="406" source="E6" target="E7"/>
  <move id="407" source="F6" target="E6"/>
  <move id="408" source="E7" target="F7"/>
  <move id="409" source="E6" target="E5"/>
  <move id="410" source="D4" target="D3"/>
  <move id="411" source="E5" target="E4"/>
  <move id="412" source="K3" target="K2"/>
  <move id="413" source="E4" target="E3"/>
  <move id="414" source="D3" target="D4"/>
  <move id="415" source="E3" target="D3"/>
  <move id="416" source="D4" target="E4"/>
  <move id="417" source="A4" target="A5"/>
  <move id="418" source="F7" target="E7"/>
  <move id="419" source="A5" target="A6"/>
  <move id="420" source="E7" target="D7"/>
  <move id="421" source="A6" target="A7"/>
  <move id="422" source="B5" target="B6"/>
  <move id="423" source="A7" target="A8"/>
  <move id="424" source="B6" target="B7"/>
  <move id="425" source="A8" target="A9"/>
  <move id="426" source="B7" target="B8"/>
  <move id="427" source="A9" target="B9"/>
  <move id="428" source="D7" target="C7"/>
  <move id="429" source="B9" target="B8"/>
  <move id="430" source="C7" target="B7"/>
  <move id="431" source="D3" target="C3"/>
  <move id="432" source="E4" target="D4"/>
  <move id="433" source="C3" target="B3"/>
  <move id="434" source="D4" target="C4"/>
  <move id="435" source="B3" target="B4"/>
  <move id="436" source="C4" target="C3"/>
  <move id="437" source="B4" target="B5"/>
  <move id="438" source="B7" target="B8"/>
  <move id="439" source="B5" target="B6"/>
  <move id="440" source="C3" target="B3"/>
  <move id="441" source="B6" target="B7"/>
  <move id="442" source="B8" target="C8"/>
  <move id="443" source="B7" target="C7"/>
  <move id="444" source="C8" target="D8"/>
  <move id="445" source="C7" target="D7"/>
  <move id="446" source="D8" target="E8"/>
  <move id="447" source="D7" target="E7"/>
  <move id="448" source="E8" target="D8"/>
  <move id="449" source="G2" target="G3"/>
  <move id="450" source="I:" target="H:"/>
  <move id="451" source="G3" target="F3"/>
  <move id="452" source="H:" target="G:"/>
  <move id="453" source="F3" target="F4"/>
  <move id="454" source="G9" target="H9"/>
  <move id="455" source="F4" target="F5"/>
  <move id="456" source="G:" target="G9"/>
  <move id="457" source="F5" target="F6"/>
  <move id="458" source="G9" target="F9"/>
  <move id="459" source="F6" target="F7"/>
  <move id="460" source="H9" target="H8"/>
  <move id="461" source="F7" target="F8"/>
  <move id="462" source="H8" target="I8"/>
  <move id="463" source="F8" target="E8"/>
  <move id="464" source="I8" target="K8"/>
  <move id="465" source="E8" target="E9"/>
  <move id="466" source="F9" target="E9"/>
  <move id="467" source="E7" target="E8"/>
  <move id="468" source="D8" target="D7"/>
  <move id="469" source="E8" target="E9"/>
  <move id="470" source="D7" target="E7"/>
  <move id="471" source="E9" target="E8"/>
  <move id="472" source="E7" target="E6"/>
  <move id="473" source="E8" target="E7"/>
  <move id="474" source="E6" target="F6"/>
  <move id="475" source="E7" target="E6"/>
  <move id="476" source="F6" target="F7"/>
  <move id="477" source="E6" target="E5"/>
  <move id="478" source="F7" target="F6"/>
  <move id="479" source="E5" target="E4"/>
  <move id="480" source="I7" target="I6"/>
  <move id="481" source="E4" target="E3"/>
  <move id="482" source="I6" target="I5"/>
  <move id="483" source="E3" target="D3"/>
  <move id="484" source="B3" target="B4"/>
  <move id="485" source="D3" target="D4"/>
  <move id="486" source="B4" target="A4"/>
  <move id="487" source="D4" target="C4"/>
  <move id="488" source="A4" target="A5"/>
  <move id="489" source="C4" target="D4"/>
  <move id="490" source="I5" target="I4"/>
  <move id="491" source="D4" target="E4"/>
  <move id="492" source="I4" target="I3"/>
  <move id="493" source="E4" target="F4"/>
  <move id="494" source="F6" target="E6"/>
  <move id="495" source="F4" target="F5"/>
  <move id="496" source="I3" target="H3"/>
  <move id="497" source="F5" target="F4"/>
  <move id="498" source="H3" target="G3"/>
  <move id="499" source="F4" target="F3"/>
  <move id="500" source="G3" target="G4"/>
  <move id="501" source="F3" target="F4"/>
  <move id="502" source="G4" target="G3"/>
  <move id="503" source="F4" target="G4"/>
  <move id="504" source="G3" target="F3"/>
  <move id="505" source="F1" target="F2"/>
  <move id="506" source="F3" target="F2"/>
  <move id="507" source="G4" target="F4"/>
  <move id="508" source="F2" target="E2"/>
  <move id="509" source="F4" target="F3"/>
  <move id="510" source="K2" target="I2"/>
  <move id="511" source="D2" target="D3"/>
  <move id="512" source="E2" target="E1"/>
  <player id="1">Player 1</player>
  <player id="2">Player 2</player>
  <result type="1" winner="2"/>
 </game>
</stratego>