<?xml version="1.0" encoding="UTF-8"?>
<stratego>
 <game type="classic">
  
  <field content="GBGFBMBGDIJEFECBGEFLHDBKFIDJDEDHEDHDIBHDAA__AA__AAAA__AA__AAUSNUPRTNSRWPRPTVPUPTNTQPXONSQVQPPQSNYNRQ"/>
  <move id="1" source="A4" target="A7"/>
  <move id="2" source="A7" target="A6"/>
  <move id="3" source="K4" target="K7"/>
  <move id="4" source="A6" target="A5"/>
  <move id="5" source="I4" target="K4"/>
  <move id="6" source="F7" target="F6"/>
  <move id="7" source="F4" target="F6"/>
  <move id="8" source="E7" target="E6"/>
  <move id="9" source="K4" target="K5"/>
  <move id="10" source="F8" target="F7"/>
  <move id="11" source="K3" target="K4"/>
  <move id="12" source="E6" target="E5"/>
  <move id="13" source="K5" target="K6"/>
  <move id="14" source="E8" target="E7"/>
  <move id="15" source="K4" target="K5"/>
  <move id="16" source="E7" target="E6"/>
  <move id="17" source="I3" target="I7"/>
  <move id="18" source="E5" target="F5"/>
  <move id="19" source="I2" target="I3"/>
  <move id="20" source="E6" target="E5"/>
  <move id="21" source="E4" target="F4"/>
  <move id="22" source="E5" target="E4"/>
  <move id="23" source="F4" target="E4"/>
  <move id="24" source="D7" target="E7"/>
  <move id="25" source="D4" target="E4"/>
  <move id="26" source="E7" target="E6"/>
  <move id="27" source="I3" target="I4"/>
  <move id="28" source="E6" target="E5"/>
  <move id="29" source="G4" target="F4"/>
  <move id="30" source="E9" target="E8"/>
  <move id="31" source="K6" target="K7"/>
  <move id="32" source="K8" target="K7"/>
  <move id="33" source="K5" target="K6"/>
  <move id="34" source="I8" target="K8"/>
  <move id="35" source="I4" target="I5"/>
  <move id="36" source="I7" target="I8"/>
  <move id="37" source="I5" target="I6"/>
  <move id="38" source="E8" target="E7"/>
  <move id="39" source="K6" target="K5"/>
  <move id="40" source="E7" target="E6"/>
  <move id="41" source="I6" target="K6"/>
  <move id="42" source="B7" target="B6"/>
  <move id="43" source="K6" target="K7"/>
  <move id="44" source="A5" target="A6"/>
  <move id="45" source="K7" target="I7"/>
  <move id="46" source="B6" target="B5"/>
  <move id="47" source="I7" target="H7"/>
  <move id="48" source="B5" target="B4"/>
  <move id="49" source="B4" target="B5"/>
  <move id="50" source="B8" target="B7"/>
  <move id="51" source="C4" target="B4"/>
  <move id="52" source="B7" target="B6"/>
  <move id="53" source="K5" target="K6"/>
  <move id="54" source="B6" target="B7"/>
  <move id="55" source="K6" target="K7"/>
  <move id="56" source="F5" target="F4"/>
  <move id="57" source="E4" target="E5"/>
  <move id="58" source="F6" target="F5"/>
  <move id="59" source="F4" target="E4"/>
  <move id="60" source="E6" target="F6"/>
  <move id="61" source="E4" target="E5"/>
  <move id="62" source="F7" target="E7"/>
  <move id="63" source="G3" target="G4"/>
  <move id="64" source="E7" target="E6"/>
  <move id="65" source="G4" target="F4"/>
  <move id="66" source="E6" target="E5"/>
  <move id="67" source="F4" target="E4"/>
  <move id="68" source="E5" target="E6"/>
  <move id="69" source="K7" target="I7"/>
  <move id="70" source="F9" target="F8"/>
  <move id="71" source="I7" target="H7"/>
  <move id="72" source="G7" target="H7"/>
  <move id="73" source="K2" target="I2"/>
  <move id="74" source="F8" target="E8"/>
  <move id="75" source="K1" target="K2"/>
  <move id="76" source="E8" target="E7"/>
  <move id="77" source="K2" target="K3"/>
  <move id="78" source="H7" target="G7"/>
  <move id="79" source="K3" target="K4"/>
  <move id="80" source="G7" target="F7"/>
  <move id="81" source="K4" target="K5"/>
  <move id="82" source="I8" target="I7"/>
  <move id="83" source="K5" target="K6"/>
  <move id="84" source="A6" target="A5"/>
  <move id="85" source="K6" target="K7"/>
  <move id="86" source="A5" target="B5"/>
  <move id="87" source="B4" target="C4"/>
  <move id="88" source="B5" target="A5"/>
  <move id="89" source="B3" target="B7"/>
  <move id="90" source="A5" target="A6"/>
  <move id="91" source="K7" target="I7"/>
  <move id="92" source="K8" target="K4"/>
  <move id="93" source="I1" target="K1"/>
  <move id="94" source="K4" target="H4"/>
  <move id="95" source="K1" target="K2"/>
  <move id="96" source="K9" target="K8"/>
  <move id="97" source="K2" target="K3"/>
  <move id="98" source="G8" target="G7"/>
  <move id="99" source="K3" target="K4"/>
  <move id="100" source="G7" target="H7"/>
  <move id="101" source="I7" target="K7"/>
  <move id="102" source="K8" target="K7"/>
  <move id="103" source="K4" target="K5"/>
  <move id="104" source="K7" target="K6"/>
  <move id="105" source="I2" target="K2"/>
  <move id="106" source="K6" target="K5"/>
  <move id="107" source="K2" target="K3"/>
  <move id="108" source="K5" target="I5"/>
  <move id="109" source="K3" target="I3"/>
  <move id="110" source="I5" target="I6"/>
  <move id="111" source="I3" target="I4"/>
  <move id="112" source="I6" target="I7"/>
  <move id="113" source="I4" target="I5"/>
  <move id="114" source="I7" target="I8"/>
  <move id="115" source="I5" target="I6"/>
  <move id="116" source="A8" target="A7"/>
  <move id="117" source="I6" target="I7"/>
  <move id="118" source="A7" target="B7"/>
  <move id="119" source="H2" target="I2"/>
  <move id="120" source="B7" target="B6"/>
  <move id="121" source="I2" target="I3"/>
  <move id="122" source="B6" target="B5"/>
  <move id="123" source="A3" target="A4"/>
  <move id="124" source="H7" target="I7"/>
  <move id="125" source="I7" target="I8"/>
  <move id="126" source="B5" target="B4"/>
  <move id="127" source="A4" target="B4"/>
  <move id="128" source="B4" target="C4"/>
  <move id="129" source="I8" target="I7"/>
  <move id="130" source="C4" target="D4"/>
  <move id="131" source="D3" target="D4"/>
  <move id="132" source="E6" target="E5"/>
  <move id="133" source="I7" target="I6"/>
  <move id="134" source="E5" target="E4"/>
  <move id="135" source="I6" target="I5"/>
  <move id="136" source="F5" target="F4"/>
  <move id="137" source="I3" target="I2"/>
  <move id="138" source="F4" target="F3"/>
  <move id="139" source="F3" target="G3"/>
  <move id="140" source="E4" target="F4"/>
  <move id="141" source="H3" target="H2"/>
  <move id="142" source="F4" target="G4"/>
  <move id="143" source="G3" target="H3"/>
  <move id="144" source="G4" target="G3"/>
  <move id="145" source="H3" target="I3"/>
  <move id="146" source="G3" target="H3"/>
  <move id="147" source="H2" target="H3"/>
  <move id="148" source="A6" target="A5"/>
  <move id="149" source="A2" target="A3"/>
  <move id="150" source="A5" target="A6"/>
  <move id="151" source="A3" target="A4"/>
  <move id="152" source="A6" target="A7"/>
  <move id="153" source="A4" target="A5"/>
  <move id="154" source="A7" target="A8"/>
  <move id="155" source="A5" target="A6"/>
  <move id="156" source="E7" target="D7"/>
  <move id="157" source="A6" target="A7"/>
  <move id="158" source="D8" target="E8"/>
  <move id="159" source="I3" target="K3"/>
  <move id="160" source="E8" target="E7"/>
  <move id="161" source="I5" target="I4"/>
  <move id="162" source="E7" target="E6"/>
  <move id="163" source="I4" target="I3"/>
  <move id="164" source="E6" target="E5"/>
  <move id="165" source="I3" target="H3"/>
  <move id="166" source="E5" target="F5"/>
  <move id="167" source="H3" target="G3"/>
  <move id="168" source="D7" target="E7"/>
  <move id="169" source="G3" target="F3"/>
  <move id="170" source="E7" target="E6"/>
  <move id="171" source="E3" target="E4"/>
  <move id="172" source="F5" target="E5"/>
  <move id="173" source="F3" target="F4"/>
  <move id="174" source="F7" target="G7"/>
  <move id="175" source="B2" target="B3"/>
  <move id="176" source="C8" target="B8"/>
  <move id="177" source="B3" target="B4"/>
  <move id="178" source="B8" target="B7"/>
  <move id="179" source="A7" target="A8"/>
  <move id="180" source="H8" target="I8"/>
  <move id="181" source="B4" target="B5"/>
  <move id="182" source="I8" target="I7"/>
  <move id="183" source="B5" target="B6"/>
  <move id="184" source="I7" target="I6"/>
  <move id="185" source="B6" target="B7"/>
  <move id="186" source="B7" target="B6"/>
  <move id="187" source="A1" target="A2"/>
  <move id="188" source="B6" target="B5"/>
  <move id="189" source="A2" target="B2"/>
  <move id="190" source="B5" target="B4"/>
  <move id="191" source="B2" target="B3"/>
  <move id="192" source="B4" target="C4"/>
  <move id="193" source="I2" target="I3"/>
  <move id="194" source="I6" target="I5"/>
  <move id="195" source="I3" target="H3"/>
  <move id="196" source="I5" target="I4"/>
  <move id="197" source="A8" target="A7"/>
  <move id="198" source="C4" target="D4"/>
  <move id="199" source="E4" target="D4"/>
  <move id="200" source="B9" target="B8"/>
  <move id="201" source="B3" target="B4"/>
  <move id="202" source="I9" target="I8"/>
  <move id="203" source="B4" target="C4"/>
  <move id="204" source="E6" target="E7"/>
  <move id="205" source="C4" target="D4"/>
  <move id="206" source="E5" target="E6"/>
  <move id="207" source="D4" target="E4"/>
  <move id="208" source="E7" target="D7"/>
  <move id="209" source="F4" target="G4"/>
  <move id="210" source="G7" target="F7"/>
  <move id="211" source="K3" target="I3"/>
  <move id="212" source="I4" target="K4"/>
  <move id="213" source="I3" target="I4"/>
  <move id="214" source="K4" target="K3"/>
  <move id="215" source="H1" target="I1"/>
  <move id="216" source="K3" target="K2"/>
  <move id="217" source="I4" target="I3"/>
  <move id="218" source="F7" target="E7"/>
  <move id="219" source="H3" target="G3"/>
  <move id="220" source="F6" target="F7"/>
  <move id="221" source="G3" target="F3"/>
  <move id="222" source="E6" target="F6"/>
  <move id="223" source="G4" target="G3"/>
  <move id="224" source="E7" target="E6"/>
  <move id="225" source="A7" target="A6"/>
  <move id="226" source="E6" target="E5"/>
  <move id="227" source="E4" target="F4"/>
  <move id="228" source="E5" target="F5"/>
  <move id="229" source="F4" target="G4"/>
  <move id="230" source="F5" target="F4"/>
  <move id="231" source="F3" target="E3"/>
  <move id="232" source="K2" target="K1"/>
  <move id="233" source="I3" target="I2"/>
  <move id="234" source="K1" target="I1"/>
  <move id="235" source="I2" target="I3"/>
  <move id="236" source="I1" target="I2"/>
  <move id="237" source="I3" target="I4"/>
  <move id="238" source="I2" target="I3"/>
  <move id="239" source="I4" target="I5"/>
  <move id="240" source="I3" target="I4"/>
  <move id="241" source="I5" target="I6"/>
  <move id="242" source="I4" target="I5"/>
  <move id="243" source="I6" target="I7"/>
  <move id="244" source="I8" target="H8"/>
  <move id="245" source="I7" target="H7"/>
  <move id="246" source="H8" target="G8"/>
  <move id="247" source="H7" target="H8"/>
  <move id="248" source="G8" target="G7"/>
  <move id="249" source="A6" target="B6"/>
  <move id="250" source="B8" target="A8"/>
  <move id="251" source="B6" target="B5"/>
  <move id="252" source="F4" target="E4"/>
  <move id="253" source="G3" target="F3"/>
  <move id="254" source="F6" target="E6"/>
  <move id="255" source="B5" target="B4"/>
  <move id="256" source="E6" target="E5"/>
  <move id="257" source="B4" target="C4"/>
  <move id="258" source="E5" target="F5"/>
  <move id="259" source="C4" target="D4"/>
  <move id="260" source="E4" target="E3"/>
  <move id="261" source="F3" target="E3"/>
  <move id="262" source="F5" target="F4"/>
  <move id="263" source="G4" target="G3"/>
  <move id="264" source="F4" target="G4"/>
  <move id="265" source="G3" target="F3"/>
  <move id="266" source="F7" target="F8"/>
  <move id="267" source="H8" target="I8"/>
  <move id="268" source="G7" target="F7"/>
  <move id="269" source="E3" target="E4"/>
  <move id="270" source="I5" target="I6"/>
  <move id="271" source="D4" target="D3"/>
  <move id="272" source="I6" target="I7"/>
  <move id="273" source="I8" target="H8"/>
  <move id="274" source="H9" target="I9"/>
  <move id="275" source="E4" target="E5"/>
  <move id="276" source="I9" target="K9"/>
  <move id="277" source="E5" target="F5"/>
  <move id="278" source="I7" target="I8"/>
  <move id="279" source="H8" target="H7"/>
  <move id="280" source="F8" target="G8"/>
  <move id="281" source="F3" target="E3"/>
  <move id="282" source="I8" target="I7"/>
  <move id="283" source="E3" target="E4"/>
  <move id="284" source="I7" target="H7"/>
  <move id="285" source="D3" target="E3"/>
  <move id="286" source="G4" target="G3"/>
  <move id="287" source="E3" target="F3"/>
  <move id="288" source="G3" target="H3"/>
  <move id="289" source="F5" target="F4"/>
  <move id="290" source="H3" target="I3"/>
  <move id="291" source="F4" target="G4"/>
  <move id="292" source="I3" target="K3"/>
  <move id="293" source="F3" target="G3"/>
  <move id="294" source="K3" target="K4"/>
  <move id="295" source="G3" target="H3"/>
  <move id="296" source="K4" target="K5"/>
  <move id="297" source="H3" target="I3"/>
  <move id="298" source="K5" target="K6"/>
  <move id="299" source="I3" target="K3"/>
  <move id="300" source="K6" target="K7"/>
  <move id="301" source="K3" target="K4"/>
  <move id="302" source="K7" target="I7"/>
  <move id="303" source="K4" target="K5"/>
  <move id="304" source="I7" target="H7"/>
  <move id="305" source="K5" target="K6"/>
  <move id="306" source="H7" target="H8"/>
  <move id="307" source="K6" target="K7"/>
  <move id="308" source="G8" target="F8"/>
  <move id="309" source="K7" target="I7"/>
  <move id="310" source="K9" target="K8"/>
  <move id="311" source="E4" target="F4"/>
  <move id="312" source="K8" target="K7"/>
  <move id="313" source="I7" target="H7"/>
  <move id="314" source="H8" target="I8"/>
  <move id="315" source="G4" target="G3"/>
  <move id="316" source="F8" target="G8"/>
  <move id="317" source="G3" target="H3"/>
  <move id="318" source="K7" target="I7"/>
  <move id="319" source="H3" target="I3"/>
  <move id="320" source="I7" target="H7"/>
  <move id="321" source="I3" target="I4"/>
  <move id="322" source="I8" target="I4"/>
  <move id="323" source="I4" target="I3"/>
  <move id="324" source="F7" target="F6"/>
  <move id="325" source="I3" target="H3"/>
  <move id="326" source="F6" target="F5"/>
  <move id="327" source="F4" target="F3"/>
  <move id="328" source="F5" target="F4"/>
  <move id="329" source="H3" target="G3"/>
  <move id="330" source="F4" target="E4"/>
  <move id="331" source="G3" target="G4"/>
  <move id="332" source="E4" target="E3"/>
  <move id="333" source="G4" target="F4"/>
  <move id="334" source="E3" target="E2"/>
  <move id="335" source="D2" target="E2"/>
  <move id="336" source="C9" target="C8"/>
  <move id="337" source="F4" target="F5"/>
  <move id="338" source="C8" target="D8"/>
  <move id="339" source="F5" target="F6"/>
  <move id="340" source="D8" target="E8"/>
  <move id="341" source="F6" target="F7"/>
  <move id="342" source="A8" target="A7"/>
  <move id="343" source="H7" target="I7"/>
  <move id="344" source="E:" target="E9"/>
  <move id="345" source="I7" target="I6"/>
  <move id="346" source="E9" target="F9"/>
  <move id="347" source="I6" target="I5"/>
  <move id="348" source="F9" target="F8"/>
  <move id="349" source="F7" target="F6"/>
  <move id="350" source="F8" target="F7"/>
  <move id="351" source="F6" target="E6"/>
  <move id="352" source="F7" target="E7"/>
  <move id="353" source="E6" target="E5"/>
  <move id="354" source="E7" target="E6"/>
  <move id="355" source="E5" target="E6"/>
  <move id="356" source="A7" target="A6"/>
  <move id="357" source="E6" target="E5"/>
  <move id="358" source="A6" target="A5"/>
  <move id="359" source="E5" target="E4"/>
  <move id="360" source="A5" target="A4"/>
  <move id="361" source="I5" target="I4"/>
  <move id="362" source="A4" target="A3"/>
  <move id="363" source="I4" target="I3"/>
  <move id="364" source="A3" target="B3"/>
  <move id="365" source="E4" target="D4"/>
  <move id="366" source="B3" target="B2"/>
  <move id="367" source="D4" target="D3"/>
  <move id="368" source="G8" target="F8"/>
  <move id="369" source="I3" target="H3"/>
  <move id="370" source="F8" target="F7"/>
  <move id="371" source="D3" target="D4"/>
  <move id="372" source="F7" target="F6"/>
  <move id="373" source="D4" target="E4"/>
  <move id="374" source="F6" target="F5"/>
  <move id="375" source="F3" target="E3"/>
  <move id="376" source="D7" target="E7"/>
  <move id="377" source="H3" target="G3"/>
  <move id="378" source="E7" target="E6"/>
  <move id="379" source="E3" target="D3"/>
  <move id="380" source="K:" target="K9"/>
  <move id="381" source="D3" target="D4"/>
  <move id="382" source="K9" target="K8"/>
  <move id="383" source="D4" target="C4"/>
  <move id="384" source="K8" target="K7"/>
  <move id="385" source="C4" target="B4"/>
  <move id="386" source="K7" target="K6"/>
  <move id="387" source="B4" target="B5"/>
  <move id="388" source="E8" target="D8"/>
  <move id="389" source="B5" target="B6"/>
  <move id="390" source="D8" target="C8"/>
  <move id="391" source="B6" target="B7"/>
  <move id="392" source="C8" target="B8"/>
  <move id="393" source="B7" target="B8"/>
  <move id="394" source="K6" target="K5"/>
  <move id="395" source="B8" target="C8"/>
  <move id="396" source="K5" target="K4"/>
  <move id="397" source="C8" target="D8"/>
  <move id="398" source="E6" target="E5"/>
  <move id="399" source="E4" target="F4"/>
  <move id="400" source="F5" target="F6"/>
  <move id="401" source="D8" target="E8"/>
  <move id="402" source="K4" target="K3"/>
  <move id="403" source="E8" target="E7"/>
  <move id="404" source="D9" target="B9"/>
  <move id="405" source="G3" target="F3"/>
  <move id="406" source="B9" target="B3"/>
  <move id="407" source="F3" target="E3"/>
  <move id="408" source="B3" target="A3"/>
  <move id="409" source="E3" target="D3"/>
  <move id="410" source="A3" target="A1"/>
  <move id="411" source="D3" target="D4"/>
  <move id="412" source="A1" target="B1"/>
  <move id="413" source="D4" target="C4"/>
  <move id="414" source="B2" target="A2"/>
  <move id="415" source="C4" target="B4"/>
  <move id="416" source="K3" target="I3"/>
  <move id="417" source="B4" target="B3"/>
  <move id="418" source="I3" target="H3"/>
  <move id="419" source="C2" target="D2"/>
  <move id="420" source="H3" target="G3"/>
  <move id="421" source="G2" target="G3"/>
  <move id="422" source="B:" target="B9"/>
  <move id="423" source="D2" target="D3"/>
  <move id="424" source="B9" target="B8"/>
  <move id="425" source="D3" target="E3"/>
  <move id="426" source="B8" target="C8"/>
  <move id="427" source="E3" target="F3"/>
  <move id="428" source="C8" target="C9"/>
  <move id="429" source="G3" target="H3"/>
  <move id="430" source="C9" target="D9"/>
  <move id="431" source="H3" target="I3"/>
  <move id="432" source="D9" target="E9"/>
  <move id="433" source="I3" target="I4"/>
  <move id="434" source="E9" target="F9"/>
  <move id="435" source="I4" target="I5"/>
  <move id="436" source="F9" target="F8"/>
  <move id="437" source="I5" target="I6"/>
  <move id="438" source="F8" target="G8"/>
  <move id="439" source="I6" target="I7"/>
  <move id="440" source="G8" target="H8"/>
  <move id="441" source="F3" target="G3"/>
  <move id="442" source="H8" target="G8"/>
  <move id="443" source="G3" target="H3"/>
  <move id="444" source="G8" target="F8"/>
  <move id="445" source="I7" target="I8"/>
  <move id="446" source="F8" target="F9"/>
  <move id="447" source="I8" target="I9"/>
  <move id="448" source="F9" target="E9"/>
  <move id="449" source="H3" target="G3"/>
  <move id="450" source="E9" target="D9"/>
  <move id="451" source="G3" target="F3"/>
  <move id="452" source="D9" target="C9"/>
  <move id="453" source="F3" target="E3"/>
  <move id="454" source="C9" target="B9"/>
  <move id="455" source="E3" target="E4"/>
  <move id="456" source="B9" target="B8"/>
  <move id="457" source="F4" target="F3"/>
  <move id="458" source="B8" target="A8"/>
  <move id="459" source="F3" target="E3"/>
  <move id="460" source="E5" target="F5"/>
  <move id="461" source="E3" target="D3"/>
  <move id="462" source="F6" target="F7"/>
  <move id="463" source="E7" target="E6"/>
  <move id="464" source="A8" target="B8"/>
  <move id="465" source="D3" target="D2"/>
  <move id="466" source="F7" target="E7"/>
  <move id="467" source="E6" target="F6"/>
  <move id="468" source="F5" target="E5"/>
  <move id="469" source="D2" target="C2"/>
  <move id="470" source="B8" target="C8"/>
  <move id="471" source="B3" target="A3"/>
  <move id="472" source="A2" target="A1"/>
  <move id="473" source="A3" target="A2"/>
  <move id="474" source="C8" target="D8"/>
  <move id="475" source="A2" target="A1"/>
  <move id="476" source="D8" target="D9"/>
  <move id="477" source="E4" target="E5"/>
  <move id="478" source="E7" target="E6"/>
  <move id="479" source="F6" target="F7"/>
  <move id="480" source="E6" target="E5"/>
  <move id="481" source="C2" target="D2"/>
  <move id="482" source="E5" target="E6"/>
  <move id="483" source="D2" target="D3"/>
  <move id="484" source="E6" target="E7"/>
  <move id="485" source="F7" target="F8"/>
  <move id="486" source="E7" target="F7"/>
  <move id="487" source="F8" target="E8"/>
  <move id="488" source="F7" target="F8"/>
  <move id="489" source="E8" target="E9"/>
  <move id="490" source="D9" target="D8"/>
  <move id="491" source="A1" target="A2"/>
  <move id="492" source="D8" target="D7"/>
  <move id="493" source="D3" target="E3"/>
  <move id="494" source="D7" target="E7"/>
  <move id="495" source="E3" target="E4"/>
  <move id="496" source="E7" target="F7"/>
  <move id="497" source="E4" target="F4"/>
  <move id="498" source="F7" target="G7"/>
  <move id="499" source="A2" target="B2"/>
  <move id="500" source="G7" target="H7"/>
  <move id="501" source="I9" target="I8"/>
  <move id="502" source="C:" target="C9"/>
  <move id="503" source="B2" target="C2"/>
  <move id="504" source="C9" target="C8"/>
  <move id="505" source="C2" target="D2"/>
  <move id="506" source="C8" target="D8"/>
  <move id="507" source="D2" target="D3"/>
  <move id="508" source="D8" target="E8"/>
  <move id="509" source="D3" target="D4"/>
  <move id="510" source="E8" target="E1"/>
  <move id="511" source="D1" target="D2"/>
  <move id="512" source="H7" target="G7"/>
  <move id="513" source="D2" target="D3"/>
  <move id="514" source="G7" target="F7"/>
  <move id="515" source="I8" target="I7"/>
  <move id="516" source="F7" target="E7"/>
  <move id="517" source="F4" target="F5"/>
  <move id="518" source="F8" target="E8"/>
  <move id="519" source="E9" target="F9"/>
  <move id="520" source="E8" target="D8"/>
  <move id="521" source="D4" target="E4"/>
  <move id="522" source="D8" target="C8"/>
  <move id="523" source="E4" target="E3"/>
  <move id="524" source="C8" target="B8"/>
  <move id="525" source="F5" target="F4"/>
  <move id="526" source="B8" target="B7"/>
  <move id="527" source="F4" target="E4"/>
  <move id="528" source="B7" target="B6"/>
  <move id="529" source="E4" target="D4"/>
  <move id="530" source="B6" target="B7"/>
  <move id="531" source="F9" target="E9"/>
  <move id="532" source="B7" target="B8"/>
  <move id="533" source="E9" target="E8"/>
  <move id="534" source="E7" target="F7"/>
  <move id="535" source="D4" target="E4"/>
  <move id="536" source="B8" target="B7"/>
  <move id="537" source="E4" target="D4"/>
  <move id="538" source="B7" target="B6"/>
  <move id="539" source="E3" target="F3"/>
  <move id="540" source="B6" target="B7"/>
  <move id="541" source="D3" target="E3"/>
  <move id="542" source="B7" target="B8"/>
  <move id="543" source="D4" target="E4"/>
  <move id="544" source="B8" target="C8"/>
  <move id="545" source="E4" target="E5"/>
  <move id="546" source="C8" target="B8"/>
  <move id="547" source="I7" target="H7"/>
  <move id="548" source="F7" target="D7"/>
  <move id="549" source="E8" target="D8"/>
  <move id="550" source="D7" target="F7"/>
  <move id="551" source="H7" target="G7"/>
  <move id="552" source="F7" target="F9"/>
  <move id="553" source="D8" target="D9"/>
  <move id="554" source="F9" target="F8"/>
  <move id="555" source="G7" target="G8"/>
  <move id="556" source="F8" target="C8"/>
  <move id="557" source="G8" target="F8"/>
  <move id="558" source="I:" target="I9"/>
  <move id="559" source="F3" target="G3"/>
  <move id="560" source="I9" target="K9"/>
  <move id="561" source="G3" target="H3"/>
  <move id="562" source="K9" target="K8"/>
  <move id="563" source="H3" target="I3"/>
  <move id="564" source="K8" target="K7"/>
  <move id="565" source="D9" target="D8"/>
  <move id="566" source="K7" target="K6"/>
  <move id="567" source="D8" target="D7"/>
  <move id="568" source="K6" target="K5"/>
  <move id="569" source="D7" target="E7"/>
  <move id="570" source="K5" target="K4"/>
  <move id="571" source="E7" target="F7"/>
  <move id="572" source="B8" target="A8"/>
  <move id="573" source="E5" target="E4"/>
  <move id="574" source="C8" target="B8"/>
  <move id="575" source="E4" target="D4"/>
  <move id="576" source="B8" target="B2"/>
  <move id="577" source="F7" target="G7"/>
  <move id="578" source="B2" target="C2"/>
  <move id="579" source="G7" target="H7"/>
  <move id="580" source="C2" target="C1"/>
  <move id="581" source="H7" target="I7"/>
  <move id="582" source="A8" target="B8"/>
  <move id="583" source="I7" target="K7"/>
  <move id="584" source="B8" target="C8"/>
  <move id="585" source="K7" target="K6"/>
  <move id="586" source="C8" target="D8"/>
  <move id="587" source="K6" target="K5"/>
  <move id="588" source="D8" target="E8"/>
  <move id="589" source="F8" target="F9"/>
  <move id="590" source="E8" target="F8"/>
  <move id="591" source="F9" target="E9"/>
  <move id="592" source="F8" target="G8"/>
  <move id="593" source="K5" target="K4"/>
  <move id="594" source="G8" target="H8"/>
  <move id="595" source="I3" target="H3"/>
  <move id="596" source="H8" target="I8"/>
  <move id="597" source="D4" target="E4"/>
  <move id="598" source="I8" target="I7"/>
  <move id="599" source="E4" target="F4"/>
  <move id="600" source="I7" target="I6"/>
  <move id="601" source="F4" target="G4"/>
  <move id="602" source="I6" target="I5"/>
  <move id="603" source="H3" target="G3"/>
  <move id="604" source="I5" target="I4"/>
  <move id="605" source="K4" target="K5"/>
  <move id="606" source="I4" target="I5"/>
  <move id="607" source="K5" target="K6"/>
  <move id="608" source="I5" target="I6"/>
  <move id="609" source="K6" target="K7"/>
  <move id="610" source="I6" target="I7"/>
  <move id="611" source="K7" target="K6"/>
  <move id="612" source="I7" target="H7"/>
  <move id="613" source="G4" target="F4"/>
  <move id="614" source="H7" target="G7"/>
  <move id="615" source="F4" target="F5"/>
  <move id="616" source="G7" target="H7"/>
  <move id="617" source="E9" target="D9"/>
  <move id="618" source="H7" target="I7"/>
  <move id="619" source="E3" target="E4"/>
  <move id="620" source="I7" target="I6"/>
  <move id="621" source="K6" target="K7"/>
  <move id="622" source="I6" target="I5"/>
  <move id="623" source="E4" target="D4"/>
  <move id="624" source="I5" target="I4"/>
  <move id="625" source="G3" target="F3"/>
  <move id="626" source="I4" target="I3"/>
  <move id="627" source="F3" target="E3"/>
  <move id="628" source="I3" target="I4"/>
  <move id="629" source="E3" target="E4"/>
  <move id="630" source="I4" target="I5"/>
  <move id="631" source="E4" target="E5"/>
  <move id="632" source="I5" target="I6"/>
  <move id="633" source="E5" target="E6"/>
  <move id="634" source="I6" target="I5"/>
  <move id="635" source="D4" target="C4"/>
  <move id="636" source="I5" target="I4"/>
  <move id="637" source="C4" target="B4"/>
  <move id="638" source="I4" target="I5"/>
  <move id="639" source="B4" target="B5"/>
  <move id="640" source="I5" target="I6"/>
  <move id="641" source="B5" target="B6"/>
  <move id="642" source="I6" target="I7"/>
  <move id="643" source="K7" target="K6"/>
  <move id="644" source="I7" target="H7"/>
  <move id="645" source="F5" target="F6"/>
  <move id="646" source="H7" target="I7"/>
  <move id="647" source="B6" target="B7"/>
  <move id="648" source="I7" target="I6"/>
  <move id="649" source="K6" target="K7"/>
  <move id="650" source="I6" target="I5"/>
  <move id="651" source="B7" target="C7"/>
  <move id="652" source="I5" target="I4"/>
  <move id="653" source="F6" target="F5"/>
  <move id="654" source="I4" target="I3"/>
  <move id="655" source="D9" target="C9"/>
  <move id="656" source="I3" target="I4"/>
  <move id="657" source="C1" target="C2"/>
  <move id="658" source="I4" target="I5"/>
  <move id="659" source="C2" target="B2"/>
  <move id="660" source="I5" target="I6"/>
  <move id="661" source="B2" target="B3"/>
  <move id="662" source="I6" target="I7"/>
  <move id="663" source="K7" target="K6"/>
  <move id="664" source="I7" target="H7"/>
  <move id="665" source="B3" target="B4"/>
  <move id="666" source="H7" target="G7"/>
  <move id="667" source="F5" target="F6"/>
  <move id="668" source="G7" target="H7"/>
  <move id="669" source="B4" target="B5"/>
  <move id="670" source="H7" target="I7"/>
  <move id="671" source="B5" target="B6"/>
  <move id="672" source="I7" target="I6"/>
  <move id="673" source="K6" target="K7"/>
  <move id="674" source="I6" target="I5"/>
  <move id="675" source="B6" target="B7"/>
  <move id="676" source="I5" target="I4"/>
  <move id="677" source="B7" target="B8"/>
  <move id="678" source="I4" target="I3"/>
  <move id="679" source="F6" target="F5"/>
  <move id="680" source="I3" target="I4"/>
  <move id="681" source="B8" target="A8"/>
  <move id="682" source="I4" target="I5"/>
  <move id="683" source="C9" target="B9"/>
  <move id="684" source="I5" target="I6"/>
  <move id="685" source="B9" target="B:"/>
  <move id="686" source="I6" target="I7"/>
  <move id="687" source="K7" target="K6"/>
  <move id="688" source="I7" target="H7"/>
  <move id="689" source="B:" target="A:"/>
  <move id="690" source="H7" target="I7"/>
  <move id="691" source="A:" target="A9"/>
  <move id="692" source="I7" target="I6"/>
  <move id="693" source="K6" target="K7"/>
  <move id="694" source="I6" target="I5"/>
  <move id="695" source="K7" target="K8"/>
  <move id="696" source="I5" target="I6"/>
  <move id="697" source="E6" target="E7"/>
  <move id="698" source="I6" target="I5"/>
  <move id="699" source="E7" target="E8"/>
  <move id="700" source="I5" target="I4"/>
  <move id="701" source="E8" target="E9"/>
  <move id="702" source="I4" target="I5"/>
  <move id="703" source="A8" target="B8"/>
  <move id="704" source="I5" target="I6"/>
  <move id="705" source="B8" target="B9"/>
  <move id="706" source="I6" target="I7"/>
  <move id="707" source="B9" target="C9"/>
  <move id="708" source="I7" target="I6"/>
  <move id="709" source="C9" target="C:"/>
  <move id="710" source="I6" target="I5"/>
  <move id="711" source="C:" target="D:"/>
  <move id="712" source="I5" target="I6"/>
  <player id="1">Player 1</player>
  <player id="2">Player 2</player>
  <result type="4" winner="3"/>
 </game>
</stratego>