<?xml version="1.0" encoding="UTF-8"?>
<stratego>
 <game type="classic">
  
  <field content="IDEBEEHMFBGDBGIGFHEBDBEDGJDCJFDFILDHDKHBAA__AA__AAAA__AA__AARTPURTVURTTPVXPPSOPPNQUQNSNQWQYNSNQPRNPS"/>
  <move id="1" source="I4" target="I5"/>
  <move id="2" source="F7" target="F6"/>
  <move id="3" source="I3" target="I4"/>
  <move id="4" source="G7" target="F7"/>
  <move id="5" source="B4" target="B5"/>
  <move id="6" source="E7" target="E6"/>
  <move id="7" source="C4" target="B4"/>
  <move id="8" source="I7" target="I6"/>
  <move id="9" source="B5" target="B6"/>
  <move id="10" source="I8" target="I7"/>
  <move id="11" source="B4" target="B5"/>
  <move id="12" source="I6" target="I5"/>
  <move id="13" source="I4" target="I3"/>
  <move id="14" source="I7" target="I6"/>
  <move id="15" source="I5" target="I4"/>
  <move id="16" source="I6" target="I5"/>
  <move id="17" source="F4" target="F5"/>
  <move id="18" source="K7" target="I7"/>
  <move id="19" source="E4" target="E5"/>
  <move id="20" source="K8" target="K4"/>
  <move id="21" source="E3" target="E4"/>
  <move id="22" source="I7" target="I6"/>
  <move id="23" source="B6" target="B7"/>
  <move id="24" source="I5" target="K5"/>
  <move id="25" source="B5" target="B6"/>
  <move id="26" source="I6" target="I5"/>
  <move id="27" source="E4" target="F4"/>
  <move id="28" source="I5" target="I4"/>
  <move id="29" source="H4" target="I4"/>
  <move id="30" source="K5" target="I5"/>
  <move id="31" source="H3" target="H4"/>
  <move id="32" source="H7" target="I7"/>
  <move id="33" source="I3" target="H3"/>
  <move id="34" source="I7" target="I6"/>
  <move id="35" source="K3" target="I3"/>
  <move id="36" source="I5" target="I4"/>
  <move id="37" source="I4" target="I5"/>
  <move id="38" source="I6" target="I7"/>
  <move id="39" source="I5" target="I6"/>
  <move id="40" source="I7" target="H7"/>
  <move id="41" source="I6" target="I7"/>
  <move id="42" source="H7" target="G7"/>
  <move id="43" source="I3" target="I4"/>
  <move id="44" source="E6" target="E5"/>
  <move id="45" source="F5" target="E5"/>
  <move id="46" source="F6" target="E6"/>
  <move id="47" source="E5" target="E4"/>
  <move id="48" source="E6" target="E5"/>
  <move id="49" source="I4" target="I5"/>
  <move id="50" source="F7" target="F6"/>
  <move id="51" source="I5" target="K5"/>
  <move id="52" source="F6" target="F5"/>
  <move id="53" source="K5" target="K6"/>
  <move id="54" source="E8" target="E7"/>
  <move id="55" source="K6" target="K7"/>
  <move id="56" source="E7" target="E6"/>
  <move id="57" source="K7" target="K8"/>
  <move id="58" source="E5" target="E4"/>
  <move id="59" source="K8" target="I8"/>
  <move id="60" source="I9" target="I8"/>
  <move id="61" source="I7" target="I8"/>
  <move id="62" source="E6" target="E5"/>
  <move id="63" source="F4" target="E4"/>
  <move id="64" source="E5" target="E4"/>
  <move id="65" source="G4" target="F4"/>
  <move id="66" source="F5" target="E5"/>
  <move id="67" source="F4" target="F8"/>
  <move id="68" source="F9" target="F8"/>
  <move id="69" source="F3" target="E3"/>
  <move id="70" source="F8" target="F7"/>
  <move id="71" source="G3" target="F3"/>
  <move id="72" source="F7" target="F6"/>
  <move id="73" source="H3" target="G3"/>
  <move id="74" source="F6" target="F5"/>
  <move id="75" source="G3" target="G4"/>
  <move id="76" source="F5" target="F4"/>
  <move id="77" source="G4" target="F4"/>
  <move id="78" source="D7" target="E7"/>
  <move id="79" source="F4" target="G4"/>
  <move id="80" source="E7" target="F7"/>
  <move id="81" source="F3" target="G3"/>
  <move id="82" source="F7" target="F6"/>
  <move id="83" source="G3" target="H3"/>
  <move id="84" source="F6" target="F5"/>
  <move id="85" source="E3" target="F3"/>
  <move id="86" source="E5" target="E4"/>
  <move id="87" source="D4" target="E4"/>
  <move id="88" source="A7" target="A6"/>
  <move id="89" source="B6" target="A6"/>
  <move id="90" source="C7" target="D7"/>
  <move id="91" source="A6" target="B6"/>
  <move id="92" source="B7" target="A7"/>
  <move id="93" source="B6" target="A6"/>
  <move id="94" source="A7" target="B7"/>
  <move id="95" source="E4" target="F4"/>
  <move id="96" source="F5" target="E5"/>
  <move id="97" source="A6" target="B6"/>
  <move id="98" source="B7" target="A7"/>
  <move id="99" source="D3" target="E3"/>
  <move id="100" source="D7" target="E7"/>
  <move id="101" source="E3" target="E5"/>
  <move id="102" source="E7" target="F7"/>
  <move id="103" source="F4" target="F5"/>
  <move id="104" source="E5" target="E6"/>
  <move id="105" source="F5" target="F6"/>
  <move id="106" source="E6" target="E7"/>
  <move id="107" source="F6" target="E6"/>
  <move id="108" source="E7" target="D7"/>
  <move id="109" source="E6" target="E7"/>
  <move id="110" source="D7" target="C7"/>
  <move id="111" source="H3" target="K3"/>
  <move id="112" source="G7" target="H7"/>
  <move id="113" source="F3" target="G3"/>
  <move id="114" source="H7" target="I7"/>
  <move id="115" source="G3" target="H3"/>
  <move id="116" source="I7" target="K7"/>
  <move id="117" source="H3" target="I3"/>
  <move id="118" source="K7" target="K6"/>
  <move id="119" source="I3" target="I4"/>
  <move id="120" source="C7" target="B7"/>
  <move id="121" source="C3" target="C4"/>
  <move id="122" source="B7" target="B6"/>
  <move id="123" source="C4" target="D4"/>
  <move id="124" source="C8" target="C7"/>
  <move id="125" source="D4" target="E4"/>
  <move id="126" source="C7" target="B7"/>
  <move id="127" source="E4" target="F4"/>
  <move id="128" source="B7" target="B6"/>
  <move id="129" source="F4" target="F5"/>
  <move id="130" source="B6" target="B5"/>
  <move id="131" source="A4" target="F4"/>
  <move id="132" source="B5" target="B4"/>
  <move id="133" source="F5" target="F6"/>
  <move id="134" source="B4" target="C4"/>
  <move id="135" source="F6" target="F7"/>
  <move id="136" source="C4" target="C3"/>
  <move id="137" source="F4" target="E4"/>
  <move id="138" source="C3" target="C2"/>
  <move id="139" source="F7" target="F6"/>
  <move id="140" source="D8" target="C8"/>
  <move id="141" source="E7" target="D7"/>
  <move id="142" source="D9" target="D8"/>
  <move id="143" source="D7" target="D8"/>
  <move id="144" source="C8" target="C7"/>
  <move id="145" source="D8" target="D7"/>
  <move id="146" source="C7" target="B7"/>
  <move id="147" source="E4" target="B4"/>
  <move id="148" source="B7" target="B6"/>
  <move id="149" source="B4" target="B6"/>
  <move id="150" source="B6" target="B5"/>
  <move id="151" source="G4" target="F4"/>
  <move id="152" source="B5" target="B4"/>
  <move id="153" source="F4" target="E4"/>
  <move id="154" source="B4" target="C4"/>
  <move id="155" source="H4" target="G4"/>
  <move id="156" source="C4" target="D4"/>
  <move id="157" source="G4" target="F4"/>
  <move id="158" source="D4" target="D3"/>
  <move id="159" source="F4" target="F3"/>
  <move id="160" source="D3" target="D2"/>
  <move id="161" source="F3" target="E3"/>
  <move id="162" source="D2" target="D1"/>
  <player id="1">Player 1</player>
  <player id="2">Player 2</player>
  <result type="3" winner="1"/>
 </game>
</stratego>