<?xml version="1.0" encoding="UTF-8"?>
<stratego>
 <game type="classic">
  
  <field content="JEEFBEEHBMFDDBDICIDBBGBKDHJFDLFDHGGDEHIGAA__AA__AAAA__AA__AANNVXPPVWPPRRSOTSSRNTNTSPPNPPRUYNUQQUTQQQ"/>
  <move id="1" source="K4" target="K5"/>
  <move id="2" source="E7" target="E4"/>
  <move id="3" source="I4" target="K4"/>
  <move id="4" source="I7" target="I3"/>
  <move id="5" source="K5" target="K6"/>
  <move id="6" source="K7" target="I7"/>
  <move id="7" source="K6" target="I6"/>
  <move id="8" source="I7" target="K7"/>
  <move id="9" source="I6" target="I7"/>
  <move id="10" source="K7" target="K6"/>
  <move id="11" source="I7" target="H7"/>
  <move id="12" source="K6" target="I6"/>
  <move id="13" source="H4" target="I4"/>
  <move id="14" source="I6" target="I4"/>
  <move id="15" source="I4" target="H4"/>
  <move id="16" source="F7" target="F4"/>
  <move id="17" source="B4" target="B7"/>
  <move id="18" source="F8" target="F7"/>
  <move id="19" source="A4" target="A5"/>
  <move id="20" source="F7" target="F6"/>
  <move id="21" source="A5" target="A6"/>
  <move id="22" source="E8" target="E7"/>
  <move id="23" source="A6" target="A7"/>
  <move id="24" source="E7" target="E6"/>
  <move id="25" source="B3" target="B4"/>
  <move id="26" source="E6" target="E5"/>
  <move id="27" source="B4" target="A4"/>
  <move id="28" source="E5" target="E4"/>
  <move id="29" source="I2" target="I8"/>
  <move id="30" source="E4" target="E3"/>
  <move id="31" source="F3" target="E3"/>
  <move id="32" source="F6" target="F5"/>
  <move id="33" source="E2" target="E7"/>
  <move id="34" source="F5" target="F4"/>
  <move id="35" source="E7" target="D7"/>
  <move id="36" source="F4" target="G4"/>
  <move id="37" source="G3" target="G4"/>
  <move id="38" source="G8" target="F8"/>
  <move id="39" source="G4" target="G3"/>
  <move id="40" source="H8" target="G8"/>
  <move id="41" source="D3" target="E3"/>
  <move id="42" source="H7" target="H8"/>
  <move id="43" source="E3" target="F3"/>
  <move id="44" source="G7" target="H7"/>
  <move id="45" source="F3" target="F4"/>
  <move id="46" source="G8" target="G7"/>
  <move id="47" source="F4" target="F5"/>
  <move id="48" source="H8" target="G8"/>
  <move id="49" source="F5" target="F6"/>
  <move id="50" source="H7" target="H8"/>
  <move id="51" source="F6" target="F7"/>
  <move id="52" source="E9" target="E8"/>
  <move id="53" source="H4" target="I4"/>
  <move id="54" source="E8" target="E7"/>
  <move id="55" source="I4" target="I3"/>
  <move id="56" source="E7" target="F7"/>
  <move id="57" source="F7" target="G7"/>
  <move id="58" source="G8" target="G7"/>
  <move id="59" source="G3" target="G4"/>
  <move id="60" source="F8" target="F7"/>
  <move id="61" source="G4" target="F4"/>
  <move id="62" source="G9" target="G8"/>
  <move id="63" source="F4" target="F5"/>
  <move id="64" source="G8" target="F8"/>
  <move id="65" source="F5" target="F6"/>
  <move id="66" source="D9" target="E9"/>
  <move id="67" source="F6" target="F7"/>
  <move id="68" source="H8" target="G8"/>
  <move id="69" source="F7" target="F8"/>
  <move id="70" source="D7" target="E7"/>
  <move id="71" source="F8" target="G8"/>
  <move id="72" source="C7" target="D7"/>
  <move id="73" source="B2" target="B6"/>
  <move id="74" source="E9" target="E8"/>
  <move id="75" source="B6" target="A6"/>
  <move id="76" source="K8" target="K7"/>
  <move id="77" source="B1" target="B2"/>
  <move id="78" source="K7" target="K6"/>
  <move id="79" source="B2" target="B3"/>
  <move id="80" source="K6" target="K5"/>
  <move id="81" source="B3" target="B4"/>
  <move id="82" source="K5" target="K4"/>
  <move id="83" source="B4" target="B5"/>
  <move id="84" source="K9" target="K8"/>
  <move id="85" source="B5" target="B6"/>
  <move id="86" source="K8" target="K7"/>
  <move id="87" source="H3" target="H4"/>
  <move id="88" source="K7" target="K6"/>
  <move id="89" source="H4" target="I4"/>
  <move id="90" source="K:" target="K9"/>
  <move id="91" source="I4" target="I5"/>
  <move id="92" source="K9" target="K8"/>
  <move id="93" source="I3" target="H3"/>
  <move id="94" source="G:" target="G9"/>
  <move id="95" source="I5" target="I6"/>
  <move id="96" source="K6" target="K5"/>
  <move id="97" source="I6" target="I7"/>
  <move id="98" source="K5" target="I5"/>
  <move id="99" source="I7" target="I8"/>
  <move id="100" source="I5" target="I4"/>
  <move id="101" source="K4" target="I4"/>
  <move id="102" source="G9" target="G8"/>
  <move id="103" source="H3" target="H4"/>
  <move id="104" source="G8" target="G7"/>
  <move id="105" source="H4" target="I4"/>
  <move id="106" source="G7" target="F7"/>
  <move id="107" source="I4" target="K4"/>
  <move id="108" source="F7" target="F6"/>
  <move id="109" source="K4" target="K5"/>
  <move id="110" source="F6" target="F5"/>
  <move id="111" source="D4" target="E4"/>
  <move id="112" source="E7" target="F7"/>
  <move id="113" source="K5" target="K6"/>
  <move id="114" source="E8" target="E4"/>
  <move id="115" source="K6" target="K7"/>
  <move id="116" source="F7" target="F8"/>
  <move id="117" source="K7" target="K8"/>
  <move id="118" source="H9" target="H7"/>
  <move id="119" source="K8" target="K9"/>
  <move id="120" source="H7" target="I7"/>
  <move id="121" source="E4" target="E3"/>
  <move id="122" source="I7" target="I1"/>
  <move id="123" source="K9" target="I9"/>
  <move id="124" source="F8" target="G8"/>
  <move id="125" source="I9" target="I:"/>
  <move id="126" source="H:" target="H9"/>
  <move id="127" source="I:" target="I9"/>
  <move id="128" source="H9" target="H8"/>
  <move id="129" source="B6" target="B7"/>
  <move id="130" source="B8" target="B7"/>
  <move id="131" source="A6" target="A5"/>
  <move id="132" source="B7" target="B6"/>
  <move id="133" source="A4" target="B4"/>
  <move id="134" source="B6" target="A6"/>
  <move id="135" source="A5" target="B5"/>
  <move id="136" source="C8" target="C7"/>
  <move id="137" source="B5" target="B9"/>
  <move id="138" source="H8" target="H7"/>
  <move id="139" source="I9" target="K9"/>
  <move id="140" source="H7" target="I7"/>
  <move id="141" source="H2" target="H3"/>
  <move id="142" source="F5" target="F4"/>
  <move id="143" source="E3" target="F3"/>
  <move id="144" source="F4" target="G4"/>
  <move id="145" source="F3" target="G3"/>
  <move id="146" source="G4" target="H4"/>
  <move id="147" source="H3" target="I3"/>
  <move id="148" source="H4" target="I4"/>
  <move id="149" source="G3" target="H3"/>
  <move id="150" source="I4" target="I3"/>
  <move id="151" source="B4" target="A4"/>
  <move id="152" source="D7" target="E7"/>
  <move id="153" source="A4" target="A5"/>
  <move id="154" source="E7" target="F7"/>
  <move id="155" source="A5" target="A6"/>
  <move id="156" source="F7" target="G7"/>
  <move id="157" source="K9" target="K8"/>
  <move id="158" source="G7" target="H7"/>
  <move id="159" source="K8" target="K7"/>
  <move id="160" source="G8" target="G7"/>
  <move id="161" source="C2" target="B2"/>
  <move id="162" source="I7" target="I6"/>
  <move id="163" source="K7" target="K6"/>
  <move id="164" source="I6" target="I7"/>
  <move id="165" source="B2" target="B7"/>
  <move id="166" source="D8" target="C8"/>
  <move id="167" source="B7" target="C7"/>
  <move id="168" source="G7" target="G8"/>
  <move id="169" source="A1" target="B1"/>
  <move id="170" source="G8" target="H8"/>
  <move id="171" source="B1" target="B2"/>
  <move id="172" source="H8" target="H9"/>
  <move id="173" source="B2" target="B3"/>
  <move id="174" source="H9" target="I9"/>
  <move id="175" source="B3" target="B4"/>
  <move id="176" source="I9" target="K9"/>
  <move id="177" source="K6" target="I6"/>
  <move id="178" source="K9" target="K8"/>
  <move id="179" source="I3" target="I2"/>
  <move id="180" source="K8" target="K7"/>
  <move id="181" source="I2" target="H2"/>
  <move id="182" source="K7" target="K6"/>
  <move id="183" source="I6" target="I7"/>
  <move id="184" source="H7" target="I7"/>
  <move id="185" source="B4" target="B5"/>
  <move id="186" source="E:" target="E9"/>
  <move id="187" source="B5" target="B6"/>
  <move id="188" source="E9" target="E8"/>
  <move id="189" source="B6" target="B7"/>
  <move id="190" source="E8" target="E7"/>
  <move id="191" source="B7" target="C7"/>
  <move id="192" source="E7" target="F7"/>
  <move id="193" source="C7" target="C8"/>
  <move id="194" source="F7" target="F6"/>
  <move id="195" source="C8" target="B8"/>
  <move id="196" source="F6" target="F5"/>
  <move id="197" source="F2" target="F3"/>
  <move id="198" source="F5" target="F6"/>
  <move id="199" source="B8" target="B9"/>
  <move id="200" source="F6" target="F7"/>
  <move id="201" source="B9" target="B8"/>
  <move id="202" source="F7" target="G7"/>
  <move id="203" source="B8" target="A8"/>
  <move id="204" source="K6" target="K5"/>
  <move id="205" source="H3" target="G3"/>
  <move id="206" source="I7" target="I6"/>
  <move id="207" source="F3" target="F2"/>
  <move id="208" source="G7" target="H7"/>
  <move id="209" source="A8" target="B8"/>
  <move id="210" source="H7" target="I7"/>
  <move id="211" source="B8" target="C8"/>
  <move id="212" source="I6" target="I5"/>
  <move id="213" source="C8" target="C7"/>
  <move id="214" source="I7" target="I6"/>
  <move id="215" source="C7" target="D7"/>
  <move id="216" source="K5" target="K4"/>
  <move id="217" source="D7" target="E7"/>
  <move id="218" source="K4" target="I4"/>
  <move id="219" source="E7" target="F7"/>
  <move id="220" source="I4" target="I3"/>
  <move id="221" source="F7" target="G7"/>
  <move id="222" source="I5" target="I4"/>
  <move id="223" source="K3" target="K4"/>
  <move id="224" source="I4" target="K4"/>
  <move id="225" source="K4" target="K5"/>
  <move id="226" source="I3" target="H3"/>
  <move id="227" source="G7" target="H7"/>
  <move id="228" source="H3" target="H2"/>
  <move id="229" source="G2" target="H2"/>
  <move id="230" source="D:" target="D9"/>
  <move id="231" source="H7" target="I7"/>
  <move id="232" source="D9" target="D8"/>
  <move id="233" source="I7" target="I6"/>
  <player id="1">Player 1</player>
  <player id="2">Player 2</player>
  <result type="3" winner="1"/>
 </game>
</stratego>