<?xml version="1.0" encoding="UTF-8"?>
<stratego>
 <game type="classic">
  
  <field content="BEFEHBMBDEGDEGDIBEHFBJLDHDJCIBDHFIDGFKGDAA__AA__AAAA__AA__AAUXPPPWORPUPPSPQUQNNSVTNTVQSNQRTNYNTRQSPR"/>
  <move id="1" source="E4" target="E7"/>
  <move id="2" source="B7" target="B6"/>
  <move id="3" source="F4" target="F5"/>
  <move id="4" source="B6" target="B5"/>
  <move id="5" source="I4" target="I5"/>
  <move id="6" source="A7" target="A6"/>
  <move id="7" source="B4" target="B5"/>
  <move id="8" source="B5" target="B4"/>
  <move id="9" source="A4" target="A5"/>
  <move id="10" source="A6" target="A5"/>
  <move id="11" source="K4" target="K7"/>
  <move id="12" source="I7" target="I6"/>
  <move id="13" source="H4" target="I4"/>
  <move id="14" source="A5" target="B5"/>
  <move id="15" source="I5" target="K5"/>
  <move id="16" source="I6" target="I4"/>
  <move id="17" source="I4" target="I5"/>
  <move id="18" source="A8" target="A3"/>
  <move id="19" source="I5" target="I6"/>
  <move id="20" source="B5" target="A5"/>
  <move id="21" source="K5" target="I5"/>
  <move id="22" source="B4" target="A4"/>
  <move id="23" source="I5" target="I4"/>
  <move id="24" source="B8" target="B3"/>
  <move id="25" source="I4" target="K4"/>
  <move id="26" source="A4" target="B4"/>
  <move id="27" source="K4" target="K5"/>
  <move id="28" source="B4" target="B3"/>
  <move id="29" source="G4" target="F4"/>
  <move id="30" source="C7" target="B7"/>
  <move id="31" source="G3" target="G4"/>
  <move id="32" source="B7" target="B4"/>
  <move id="33" source="G4" target="H4"/>
  <move id="34" source="B4" target="C4"/>
  <move id="35" source="K5" target="K4"/>
  <move id="36" source="A5" target="A4"/>
  <move id="37" source="H4" target="I4"/>
  <move id="38" source="A4" target="B4"/>
  <move id="39" source="I4" target="I5"/>
  <move id="40" source="B4" target="C4"/>
  <move id="41" source="C3" target="C4"/>
  <move id="42" source="F7" target="F6"/>
  <move id="43" source="I5" target="K5"/>
  <move id="44" source="F6" target="F5"/>
  <move id="45" source="I6" target="I7"/>
  <move id="46" source="F5" target="F4"/>
  <move id="47" source="I7" target="K7"/>
  <move id="48" source="F4" target="G4"/>
  <move id="49" source="K7" target="I7"/>
  <move id="50" source="G4" target="H4"/>
  <move id="51" source="I7" target="I6"/>
  <move id="52" source="H4" target="I4"/>
  <move id="53" source="I6" target="I5"/>
  <move id="54" source="I4" target="K4"/>
  <move id="55" source="K5" target="K6"/>
  <move id="56" source="B3" target="B4"/>
  <move id="57" source="K6" target="K7"/>
  <move id="58" source="B4" target="C4"/>
  <move id="59" source="F3" target="F8"/>
  <move id="60" source="F8" target="F7"/>
  <move id="61" source="D4" target="E4"/>
  <move id="62" source="F7" target="F6"/>
  <move id="63" source="E4" target="E5"/>
  <move id="64" source="F6" target="F5"/>
  <move id="65" source="E5" target="F5"/>
  <move id="66" source="G7" target="F7"/>
  <move id="67" source="H3" target="G3"/>
  <move id="68" source="F7" target="F6"/>
  <move id="69" source="G3" target="F3"/>
  <move id="70" source="F6" target="F5"/>
  <move id="71" source="F3" target="F4"/>
  <move id="72" source="F5" target="F4"/>
  <move id="73" source="D3" target="D4"/>
  <move id="74" source="D7" target="E7"/>
  <move id="75" source="D4" target="E4"/>
  <move id="76" source="E7" target="E4"/>
  <move id="77" source="E3" target="D3"/>
  <move id="78" source="E8" target="E7"/>
  <move id="79" source="D3" target="C3"/>
  <move id="80" source="E7" target="E6"/>
  <move id="81" source="C3" target="C4"/>
  <move id="82" source="E6" target="E5"/>
  <move id="83" source="E2" target="E5"/>
  <move id="84" source="E5" target="E6"/>
  <move id="85" source="B2" target="B3"/>
  <move id="86" source="E6" target="E7"/>
  <move id="87" source="B3" target="C3"/>
  <move id="88" source="E7" target="D7"/>
  <move id="89" source="C3" target="D3"/>
  <move id="90" source="A9" target="A8"/>
  <move id="91" source="D3" target="E3"/>
  <move id="92" source="A8" target="A7"/>
  <move id="93" source="E3" target="F3"/>
  <move id="94" source="A7" target="A6"/>
  <move id="95" source="F3" target="F4"/>
  <move id="96" source="A6" target="A5"/>
  <move id="97" source="C4" target="C3"/>
  <move id="98" source="A5" target="A4"/>
  <move id="99" source="F4" target="F5"/>
  <move id="100" source="A4" target="B4"/>
  <move id="101" source="F5" target="F6"/>
  <move id="102" source="B4" target="B3"/>
  <move id="103" source="C3" target="C4"/>
  <move id="104" source="B3" target="C3"/>
  <move id="105" source="C4" target="B4"/>
  <move id="106" source="C8" target="B8"/>
  <move id="107" source="F6" target="F7"/>
  <move id="108" source="B8" target="B7"/>
  <move id="109" source="F7" target="H7"/>
  <move id="110" source="B7" target="B6"/>
  <move id="111" source="K7" target="I7"/>
  <move id="112" source="H7" target="G7"/>
  <move id="113" source="I7" target="H7"/>
  <move id="114" source="G7" target="F7"/>
  <move id="115" source="H7" target="G7"/>
  <move id="116" source="F7" target="E7"/>
  <move id="117" source="G7" target="F7"/>
  <move id="118" source="E7" target="E6"/>
  <move id="119" source="F7" target="E7"/>
  <move id="120" source="D7" target="C7"/>
  <move id="121" source="E7" target="E6"/>
  <move id="122" source="B6" target="B5"/>
  <move id="123" source="B4" target="B3"/>
  <move id="124" source="C3" target="B3"/>
  <move id="125" source="E6" target="E5"/>
  <move id="126" source="B5" target="B4"/>
  <move id="127" source="E5" target="E4"/>
  <move id="128" source="B3" target="C3"/>
  <move id="129" source="E4" target="D4"/>
  <move id="130" source="B4" target="B3"/>
  <move id="131" source="D4" target="C4"/>
  <move id="132" source="B3" target="B2"/>
  <move id="133" source="C4" target="C3"/>
  <move id="134" source="B2" target="A2"/>
  <move id="135" source="I5" target="I6"/>
  <move id="136" source="K4" target="K5"/>
  <move id="137" source="I6" target="I7"/>
  <move id="138" source="K5" target="K6"/>
  <player id="1">Player 1</player>
  <player id="2">Player 2</player>
  <result type="3" winner="2"/>
 </game>
</stratego>