<?xml version="1.0" encoding="UTF-8"?>
<stratego>
 <game type="classic">
  
  <field content="DEEGBMBEEDIDFEDBHJHDHKBGIDBFBIGHCJDFLGDFAA__AA__AAAA__AA__AASPTTSXYWPSPPPPVTUOPRNRQQUNUVSNRNPQNRNTQQ"/>
  <move id="1" source="E4" target="E7"/>
  <move id="2" source="I7" target="I6"/>
  <move id="3" source="B4" target="B5"/>
  <move id="4" source="A7" target="A6"/>
  <move id="5" source="F4" target="F5"/>
  <move id="6" source="A6" target="A5"/>
  <move id="7" source="A4" target="A5"/>
  <move id="8" source="A8" target="A3"/>
  <move id="9" source="A3" target="A4"/>
  <move id="10" source="E7" target="E6"/>
  <move id="11" source="B3" target="B4"/>
  <move id="12" source="E6" target="E5"/>
  <move id="13" source="F5" target="E5"/>
  <move id="14" source="E5" target="E4"/>
  <move id="15" source="E3" target="E4"/>
  <move id="16" source="E8" target="E7"/>
  <move id="17" source="F3" target="F7"/>
  <move id="18" source="E7" target="E6"/>
  <move id="19" source="E4" target="F4"/>
  <move id="20" source="E6" target="F6"/>
  <move id="21" source="E2" target="E9"/>
  <move id="22" source="I6" target="I4"/>
  <move id="23" source="F4" target="E4"/>
  <move id="24" source="F6" target="E6"/>
  <move id="25" source="K4" target="K5"/>
  <move id="26" source="I8" target="I3"/>
  <move id="27" source="E4" target="F4"/>
  <move id="28" source="E6" target="E7"/>
  <move id="29" source="A4" target="A5"/>
  <move id="30" source="F7" target="F6"/>
  <move id="31" source="A5" target="A6"/>
  <move id="32" source="F6" target="F5"/>
  <move id="33" source="F4" target="F5"/>
  <move id="34" source="F5" target="F6"/>
  <move id="35" source="G4" target="F4"/>
  <move id="36" source="E7" target="F7"/>
  <move id="37" source="F4" target="G4"/>
  <move id="38" source="D8" target="E8"/>
  <move id="39" source="D2" target="E2"/>
  <move id="40" source="E8" target="E2"/>
  <move id="41" source="D3" target="E3"/>
  <move id="42" source="C8" target="D8"/>
  <move id="43" source="E3" target="F3"/>
  <move id="44" source="D8" target="E8"/>
  <move id="45" source="D4" target="D3"/>
  <move id="46" source="D7" target="D8"/>
  <move id="47" source="A2" target="A3"/>
  <move id="48" source="C7" target="D7"/>
  <move id="49" source="C4" target="D4"/>
  <move id="50" source="F6" target="F5"/>
  <move id="51" source="D4" target="E4"/>
  <move id="52" source="E8" target="E4"/>
  <move id="53" source="G4" target="F4"/>
  <move id="54" source="E4" target="B4"/>
  <move id="55" source="F4" target="F5"/>
  <move id="56" source="H8" target="I8"/>
  <move id="57" source="F3" target="F4"/>
  <move id="58" source="F8" target="E8"/>
  <move id="59" source="B4" target="C4"/>
  <move id="60" source="H7" target="H8"/>
  <move id="61" source="C4" target="D4"/>
  <move id="62" source="G8" target="F8"/>
  <move id="63" source="F4" target="F5"/>
  <move id="64" source="F7" target="F6"/>
  <move id="65" source="F5" target="F6"/>
  <move id="66" source="H8" target="G8"/>
  <move id="67" source="D4" target="E4"/>
  <move id="68" source="D8" target="C8"/>
  <move id="69" source="E4" target="E5"/>
  <move id="70" source="E8" target="D8"/>
  <move id="71" source="E5" target="F5"/>
  <move id="72" source="F6" target="E6"/>
  <move id="73" source="F5" target="E5"/>
  <move id="74" source="E6" target="F6"/>
  <move id="75" source="E5" target="E6"/>
  <move id="76" source="F6" target="F5"/>
  <move id="77" source="D3" target="E3"/>
  <move id="78" source="F5" target="F4"/>
  <move id="79" source="E6" target="E5"/>
  <move id="80" source="F8" target="E8"/>
  <move id="81" source="E5" target="E4"/>
  <move id="82" source="F4" target="F5"/>
  <move id="83" source="E4" target="E5"/>
  <move id="84" source="F5" target="F4"/>
  <move id="85" source="E5" target="F5"/>
  <move id="86" source="F4" target="E4"/>
  <move id="87" source="E3" target="F3"/>
  <move id="88" source="G8" target="F8"/>
  <move id="89" source="F5" target="F4"/>
  <move id="90" source="E4" target="E5"/>
  <move id="91" source="F4" target="F5"/>
  <move id="92" source="E5" target="E4"/>
  <move id="93" source="F5" target="E5"/>
  <move id="94" source="E4" target="F4"/>
  <move id="95" source="F3" target="F4"/>
  <move id="96" source="F8" target="F7"/>
  <move id="97" source="B5" target="B6"/>
  <move id="98" source="F7" target="F6"/>
  <move id="99" source="A6" target="A7"/>
  <move id="100" source="H9" target="H8"/>
  <move id="101" source="A7" target="A8"/>
  <move id="102" source="H8" target="G8"/>
  <move id="103" source="A8" target="B8"/>
  <move id="104" source="C8" target="B8"/>
  <move id="105" source="A3" target="A4"/>
  <move id="106" source="G8" target="F8"/>
  <move id="107" source="A4" target="A5"/>
  <move id="108" source="F8" target="F7"/>
  <move id="109" source="A5" target="A6"/>
  <move id="110" source="F7" target="E7"/>
  <move id="111" source="A6" target="A7"/>
  <move id="112" source="E8" target="F8"/>
  <move id="113" source="A7" target="A8"/>
  <move id="114" source="D8" target="E8"/>
  <move id="115" source="A8" target="B8"/>
  <move id="116" source="D7" target="D8"/>
  <move id="117" source="B8" target="C8"/>
  <move id="118" source="E7" target="D7"/>
  <move id="119" source="C8" target="D8"/>
  <move id="120" source="D7" target="D8"/>
  <move id="121" source="A1" target="A9"/>
  <move id="122" source="B7" target="B6"/>
  <move id="123" source="B1" target="A1"/>
  <move id="124" source="F6" target="E6"/>
  <move id="125" source="A1" target="A2"/>
  <move id="126" source="E6" target="E5"/>
  <move id="127" source="A2" target="A3"/>
  <move id="128" source="I8" target="I7"/>
  <move id="129" source="A3" target="A4"/>
  <move id="130" source="I7" target="I6"/>
  <move id="131" source="A4" target="A5"/>
  <move id="132" source="G9" target="H9"/>
  <move id="133" source="A5" target="A6"/>
  <move id="134" source="F8" target="F7"/>
  <move id="135" source="A6" target="A7"/>
  <move id="136" source="F7" target="F6"/>
  <move id="137" source="A7" target="A8"/>
  <move id="138" source="D8" target="D7"/>
  <move id="139" source="A8" target="A9"/>
  <move id="140" source="D7" target="C7"/>
  <move id="141" source="A9" target="B9"/>
  <move id="142" source="C7" target="B7"/>
  <move id="143" source="B6" target="A6"/>
  <move id="144" source="B7" target="C7"/>
  <move id="145" source="A6" target="A7"/>
  <move id="146" source="C7" target="D7"/>
  <move id="147" source="A7" target="A8"/>
  <move id="148" source="D7" target="D8"/>
  <move id="149" source="A8" target="A9"/>
  <move id="150" source="D8" target="C8"/>
  <move id="151" source="A9" target="B9"/>
  <move id="152" source="I6" target="I5"/>
  <move id="153" source="B9" target="B:"/>
  <move id="154" source="I5" target="I4"/>
  <move id="155" source="B2" target="A2"/>
  <move id="156" source="I4" target="H4"/>
  <move id="157" source="A2" target="A:"/>
  <move id="158" source="C8" target="C7"/>
  <move id="159" source="K3" target="K4"/>
  <move id="160" source="C7" target="D7"/>
  <move id="161" source="H4" target="G4"/>
  <move id="162" source="D7" target="E7"/>
  <move id="163" source="H3" target="H4"/>
  <move id="164" source="E7" target="F7"/>
  <move id="165" source="E2" target="E3"/>
  <move id="166" source="E8" target="D8"/>
  <move id="167" source="K2" target="K3"/>
  <move id="168" source="D8" target="D7"/>
  <move id="169" source="K4" target="I4"/>
  <move id="170" source="K7" target="K6"/>
  <move id="171" source="E3" target="E4"/>
  <move id="172" source="K6" target="K5"/>
  <move id="173" source="E4" target="E5"/>
  <move id="174" source="F7" target="E7"/>
  <move id="175" source="C1" target="B1"/>
  <move id="176" source="F6" target="F7"/>
  <move id="177" source="B1" target="B2"/>
  <move id="178" source="F7" target="F8"/>
  <move id="179" source="B2" target="B3"/>
  <move id="180" source="E7" target="E6"/>
  <move id="181" source="B3" target="B4"/>
  <move id="182" source="E6" target="E5"/>
  <move id="183" source="B4" target="B5"/>
  <move id="184" source="E5" target="E6"/>
  <move id="185" source="B5" target="B6"/>
  <move id="186" source="E6" target="E7"/>
  <move id="187" source="B6" target="B7"/>
  <move id="188" source="E7" target="E8"/>
  <move id="189" source="B7" target="B8"/>
  <move id="190" source="D7" target="E7"/>
  <move id="191" source="B8" target="B9"/>
  <move id="192" source="E8" target="D8"/>
  <move id="193" source="B9" target="B:"/>
  <move id="194" source="A:" target="B:"/>
  <move id="195" source="K3" target="K5"/>
  <move id="196" source="K5" target="K4"/>
  <move id="197" source="I4" target="K4"/>
  <move id="198" source="F8" target="G8"/>
  <move id="199" source="H2" target="H3"/>
  <move id="200" source="G8" target="G9"/>
  <move id="201" source="G4" target="F4"/>
  <move id="202" source="D8" target="E8"/>
  <move id="203" source="H4" target="G4"/>
  <move id="204" source="E8" target="F8"/>
  <move id="205" source="K4" target="I4"/>
  <move id="206" source="F8" target="F7"/>
  <move id="207" source="K1" target="K8"/>
  <move id="208" source="F7" target="F6"/>
  <move id="209" source="F4" target="E4"/>
  <move id="210" source="E7" target="E6"/>
  <move id="211" source="D1" target="D2"/>
  <move id="212" source="E6" target="E5"/>
  <move id="213" source="D2" target="D3"/>
  <move id="214" source="E5" target="E4"/>
  <move id="215" source="G4" target="F4"/>
  <move id="216" source="E4" target="F4"/>
  <move id="217" source="I4" target="I5"/>
  <move id="218" source="H9" target="H8"/>
  <move id="219" source="I5" target="I6"/>
  <move id="220" source="H8" target="I8"/>
  <move id="221" source="H3" target="H4"/>
  <move id="222" source="F4" target="F3"/>
  <move id="223" source="H4" target="G4"/>
  <move id="224" source="F3" target="F2"/>
  <move id="225" source="G4" target="F4"/>
  <move id="226" source="I8" target="I7"/>
  <move id="227" source="I6" target="I5"/>
  <move id="228" source="F6" target="F5"/>
  <move id="229" source="F4" target="E4"/>
  <move id="230" source="F5" target="F6"/>
  <move id="231" source="E4" target="E5"/>
  <move id="232" source="E9" target="E8"/>
  <move id="233" source="E5" target="E6"/>
  <move id="234" source="F6" target="E6"/>
  <move id="235" source="I5" target="I4"/>
  <move id="236" source="E8" target="E7"/>
  <move id="237" source="I4" target="H4"/>
  <move id="238" source="G9" target="G8"/>
  <move id="239" source="H4" target="G4"/>
  <move id="240" source="G8" target="F8"/>
  <move id="241" source="G4" target="F4"/>
  <move id="242" source="F8" target="F7"/>
  <move id="243" source="F4" target="E4"/>
  <move id="244" source="F7" target="F6"/>
  <move id="245" source="E4" target="D4"/>
  <move id="246" source="F6" target="F5"/>
  <move id="247" source="D4" target="C4"/>
  <move id="248" source="F5" target="F4"/>
  <move id="249" source="C4" target="B4"/>
  <move id="250" source="D9" target="D8"/>
  <move id="251" source="B4" target="B5"/>
  <move id="252" source="D8" target="E8"/>
  <move id="253" source="B5" target="B6"/>
  <move id="254" source="E8" target="F8"/>
  <move id="255" source="B6" target="B7"/>
  <move id="256" source="F8" target="F7"/>
  <move id="257" source="B7" target="B8"/>
  <move id="258" source="F7" target="F6"/>
  <move id="259" source="B8" target="C8"/>
  <move id="260" source="F6" target="F5"/>
  <move id="261" source="C8" target="D8"/>
  <move id="262" source="E7" target="E8"/>
  <move id="263" source="D8" target="D9"/>
  <move id="264" source="F4" target="F3"/>
  <move id="265" source="D9" target="D:"/>
  <move id="266" source="F5" target="F4"/>
  <move id="267" source="D:" target="D9"/>
  <move id="268" source="F4" target="G4"/>
  <move id="269" source="H1" target="H2"/>
  <move id="270" source="G4" target="G3"/>
  <move id="271" source="H2" target="H3"/>
  <move id="272" source="G3" target="H3"/>
  <move id="273" source="I1" target="K1"/>
  <move id="274" source="I7" target="I6"/>
  <move id="275" source="K1" target="K2"/>
  <move id="276" source="F3" target="F4"/>
  <move id="277" source="K2" target="K3"/>
  <move id="278" source="I6" target="I5"/>
  <move id="279" source="K3" target="K4"/>
  <move id="280" source="F4" target="F5"/>
  <move id="281" source="D3" target="D4"/>
  <move id="282" source="F5" target="E5"/>
  <move id="283" source="C2" target="B2"/>
  <move id="284" source="E5" target="E4"/>
  <move id="285" source="B2" target="B3"/>
  <move id="286" source="E4" target="D4"/>
  <move id="287" source="B3" target="B4"/>
  <move id="288" source="D4" target="C4"/>
  <move id="289" source="B4" target="B5"/>
  <move id="290" source="C4" target="B4"/>
  <move id="291" source="B5" target="B6"/>
  <move id="292" source="B4" target="B5"/>
  <move id="293" source="B6" target="B7"/>
  <move id="294" source="B5" target="B6"/>
  <move id="295" source="B7" target="C7"/>
  <move id="296" source="B6" target="B7"/>
  <move id="297" source="C7" target="C8"/>
  <move id="298" source="B7" target="B8"/>
  <move id="299" source="C8" target="D8"/>
  <move id="300" source="E8" target="D8"/>
  <move id="301" source="D9" target="E9"/>
  <move id="302" source="D8" target="E8"/>
  <move id="303" source="E9" target="E:"/>
  <player id="1">Player 1</player>
  <player id="2">Player 2</player>
  <result type="3" winner="2"/>
 </game>
</stratego>