<?xml version="1.0" encoding="UTF-8"?>
<stratego>
 <game type="classic">
  
  <field content="GBFBMBEFEIIEBHBJDLDDFGBIDGCEJDDFHEHDKGHDAA__AA__AAAA__AA__AARSUWUPSNSRNPTPXTNOUPQRVTQPQVPRPNQYNTSPQN"/>
  <move id="1" source="K4" target="K7"/>
  <move id="2" source="K7" target="K6"/>
  <move id="3" source="I4" target="I5"/>
  <move id="4" source="K8" target="K7"/>
  <move id="5" source="I5" target="I6"/>
  <move id="6" source="A7" target="A6"/>
  <move id="7" source="I3" target="I4"/>
  <move id="8" source="B7" target="A7"/>
  <move id="9" source="I4" target="K4"/>
  <move id="10" source="B8" target="B7"/>
  <move id="11" source="I6" target="K6"/>
  <move id="12" source="K7" target="K8"/>
  <move id="13" source="K4" target="K5"/>
  <move id="14" source="B7" target="B6"/>
  <move id="15" source="K6" target="K7"/>
  <move id="16" source="B6" target="B5"/>
  <move id="17" source="K5" target="K6"/>
  <move id="18" source="C7" target="B7"/>
  <move id="19" source="K7" target="K8"/>
  <move id="20" source="I8" target="K8"/>
  <move id="21" source="K6" target="K7"/>
  <move id="22" source="K8" target="I8"/>
  <move id="23" source="K7" target="K8"/>
  <move id="24" source="B7" target="B6"/>
  <move id="25" source="I2" target="I7"/>
  <move id="26" source="A6" target="A5"/>
  <move id="27" source="K8" target="I8"/>
  <move id="28" source="I7" target="K7"/>
  <move id="29" source="I8" target="K8"/>
  <move id="30" source="K7" target="I7"/>
  <move id="31" source="K8" target="K7"/>
  <move id="32" source="I7" target="I8"/>
  <move id="33" source="K3" target="I3"/>
  <move id="34" source="B5" target="B4"/>
  <move id="35" source="I3" target="I7"/>
  <move id="36" source="B6" target="A6"/>
  <move id="37" source="I7" target="H7"/>
  <move id="38" source="A7" target="B7"/>
  <move id="39" source="H4" target="I4"/>
  <move id="40" source="B7" target="B6"/>
  <move id="41" source="I4" target="I5"/>
  <move id="42" source="B6" target="B5"/>
  <move id="43" source="I5" target="I6"/>
  <move id="44" source="A6" target="B6"/>
  <move id="45" source="I6" target="I7"/>
  <move id="46" source="B5" target="B4"/>
  <move id="47" source="C4" target="B4"/>
  <move id="48" source="B6" target="B5"/>
  <move id="49" source="B4" target="C4"/>
  <move id="50" source="B5" target="B4"/>
  <move id="51" source="K7" target="K6"/>
  <move id="52" source="A5" target="A4"/>
  <move id="53" source="K6" target="I6"/>
  <move id="54" source="A4" target="A3"/>
  <move id="55" source="K2" target="K9"/>
  <move id="56" source="B9" target="B8"/>
  <move id="57" source="I7" target="K7"/>
  <move id="58" source="B8" target="B7"/>
  <move id="59" source="K7" target="K8"/>
  <move id="60" source="B7" target="A7"/>
  <move id="61" source="K8" target="K9"/>
  <move id="62" source="A7" target="A6"/>
  <move id="63" source="K9" target="K:"/>
  <move id="64" source="A6" target="A5"/>
  <move id="65" source="I6" target="I7"/>
  <move id="66" source="I8" target="K8"/>
  <move id="67" source="I7" target="K7"/>
  <move id="68" source="K8" target="K9"/>
  <move id="69" source="K7" target="K8"/>
  <move id="70" source="A5" target="A4"/>
  <move id="71" source="K8" target="K9"/>
  <move id="72" source="I9" target="I8"/>
  <move id="73" source="K9" target="K8"/>
  <move id="74" source="I8" target="I9"/>
  <move id="75" source="H3" target="H4"/>
  <move id="76" source="A4" target="A3"/>
  <move id="77" source="H2" target="H3"/>
  <move id="78" source="A3" target="B3"/>
  <move id="79" source="K8" target="I8"/>
  <move id="80" source="I9" target="K9"/>
  <move id="81" source="H4" target="I4"/>
  <move id="82" source="C8" target="C7"/>
  <move id="83" source="I4" target="I5"/>
  <move id="84" source="C7" target="B7"/>
  <move id="85" source="I5" target="I6"/>
  <move id="86" source="B7" target="B6"/>
  <move id="87" source="I6" target="I7"/>
  <move id="88" source="B6" target="B5"/>
  <move id="89" source="I8" target="I9"/>
  <move id="90" source="K9" target="K8"/>
  <move id="91" source="I7" target="I8"/>
  <move id="92" source="K8" target="K7"/>
  <move id="93" source="I8" target="H8"/>
  <move id="94" source="B5" target="A5"/>
  <move id="95" source="H8" target="H9"/>
  <move id="96" source="A5" target="A4"/>
  <move id="97" source="K1" target="K2"/>
  <move id="98" source="A4" target="A3"/>
  <move id="99" source="K2" target="K3"/>
  <move id="100" source="A3" target="B3"/>
  <move id="101" source="K3" target="K4"/>
  <move id="102" source="D8" target="C8"/>
  <move id="103" source="K4" target="K5"/>
  <move id="104" source="K7" target="K8"/>
  <move id="105" source="K5" target="K6"/>
  <move id="106" source="C8" target="C7"/>
  <move id="107" source="K6" target="K7"/>
  <move id="108" source="C7" target="A7"/>
  <move id="109" source="K7" target="K8"/>
  <move id="110" source="A7" target="A2"/>
  <move id="111" source="A2" target="A3"/>
  <move id="112" source="D7" target="C7"/>
  <move id="113" source="A3" target="B3"/>
  <move id="114" source="B4" target="C4"/>
  <move id="115" source="K8" target="I8"/>
  <move id="116" source="C7" target="B7"/>
  <move id="117" source="I9" target="H9"/>
  <move id="118" source="B7" target="B6"/>
  <move id="119" source="B3" target="B4"/>
  <move id="120" source="C4" target="C3"/>
  <move id="121" source="B4" target="B3"/>
  <move id="122" source="B6" target="B5"/>
  <move id="123" source="B3" target="A3"/>
  <move id="124" source="B5" target="A5"/>
  <move id="125" source="I8" target="I9"/>
  <move id="126" source="A5" target="A4"/>
  <move id="127" source="I9" target="I:"/>
  <move id="128" source="A4" target="A3"/>
  <move id="129" source="I:" target="H:"/>
  <move id="130" source="A9" target="B9"/>
  <move id="131" source="H:" target="G:"/>
  <move id="132" source="B9" target="B8"/>
  <move id="133" source="G:" target="F:"/>
  <move id="134" source="B8" target="B7"/>
  <move id="135" source="F:" target="E:"/>
  <move id="136" source="B7" target="B6"/>
  <move id="137" source="H1" target="H2"/>
  <move id="138" source="B6" target="B5"/>
  <move id="139" source="H2" target="I2"/>
  <move id="140" source="B5" target="B4"/>
  <move id="141" source="I2" target="I3"/>
  <move id="142" source="A3" target="B3"/>
  <move id="143" source="I3" target="I4"/>
  <move id="144" source="B4" target="A4"/>
  <move id="145" source="I4" target="I5"/>
  <move id="146" source="A4" target="A3"/>
  <move id="147" source="I5" target="I6"/>
  <move id="148" source="A3" target="A2"/>
  <move id="149" source="I6" target="I7"/>
  <move id="150" source="A2" target="A1"/>
  <move id="151" source="I7" target="I8"/>
  <move id="152" source="B3" target="A3"/>
  <move id="153" source="I8" target="H8"/>
  <move id="154" source="A3" target="A2"/>
  <move id="155" source="G4" target="H4"/>
  <move id="156" source="A2" target="A1"/>
  <move id="157" source="H4" target="I4"/>
  <move id="158" source="A1" target="A2"/>
  <move id="159" source="I4" target="I5"/>
  <move id="160" source="A2" target="A3"/>
  <move id="161" source="I5" target="I6"/>
  <move id="162" source="F9" target="F:"/>
  <move id="163" source="I6" target="I7"/>
  <move id="164" source="F8" target="F9"/>
  <move id="165" source="H8" target="G8"/>
  <move id="166" source="A3" target="B3"/>
  <move id="167" source="F4" target="K4"/>
  <move id="168" source="A:" target="A9"/>
  <move id="169" source="K4" target="K9"/>
  <move id="170" source="A9" target="B9"/>
  <move id="171" source="K9" target="G9"/>
  <move id="172" source="B9" target="B4"/>
  <move id="173" source="E4" target="F4"/>
  <move id="174" source="B4" target="A4"/>
  <move id="175" source="F4" target="G4"/>
  <move id="176" source="A4" target="A2"/>
  <move id="177" source="G4" target="H4"/>
  <move id="178" source="A2" target="B2"/>
  <move id="179" source="H4" target="I4"/>
  <move id="180" source="B3" target="B2"/>
  <move id="181" source="I4" target="I5"/>
  <move id="182" source="B2" target="C2"/>
  <player id="1">Player 1</player>
  <player id="2">Player 2</player>
  <result type="3" winner="1"/>
 </game>
</stratego>