<?xml version="1.0" encoding="UTF-8"?>
<stratego>
 <game type="classic">
  
  <field content="IHIMBFBFEDHDEBFBFCGEKILBBGEJDDHGJEHDDDDGAA__AA__AAAA__AA__AARUTVTPTPURXPPPPPVOPWQNSNUQNTSNSQYRQNSQNR"/>
  <move id="1" source="I4" target="I7"/>
  <move id="2" source="F7" target="F6"/>
  <move id="3" source="K4" target="K5"/>
  <move id="4" source="F6" target="F5"/>
  <move id="5" source="K5" target="K6"/>
  <move id="6" source="E7" target="E6"/>
  <move id="7" source="B4" target="B5"/>
  <move id="8" source="E6" target="E5"/>
  <move id="9" source="B5" target="B6"/>
  <move id="10" source="B7" target="B6"/>
  <move id="11" source="B3" target="B4"/>
  <move id="12" source="F5" target="F4"/>
  <move id="13" source="B4" target="B5"/>
  <move id="14" source="B6" target="B7"/>
  <move id="15" source="B5" target="B6"/>
  <move id="16" source="E5" target="F5"/>
  <move id="17" source="B2" target="B3"/>
  <move id="18" source="F5" target="F4"/>
  <move id="19" source="E4" target="F4"/>
  <move id="20" source="E8" target="E7"/>
  <move id="21" source="B3" target="B4"/>
  <move id="22" source="E7" target="E6"/>
  <move id="23" source="B4" target="B5"/>
  <move id="24" source="E6" target="E5"/>
  <move id="25" source="B5" target="A5"/>
  <move id="26" source="E5" target="E4"/>
  <move id="27" source="A5" target="A7"/>
  <move id="28" source="E4" target="D4"/>
  <move id="29" source="C4" target="B4"/>
  <move id="30" source="G7" target="F7"/>
  <move id="31" source="B4" target="B3"/>
  <move id="32" source="F7" target="F6"/>
  <move id="33" source="D4" target="C4"/>
  <move id="34" source="F6" target="F5"/>
  <move id="35" source="C4" target="B4"/>
  <move id="36" source="F5" target="F4"/>
  <move id="37" source="B4" target="B5"/>
  <move id="38" source="F8" target="E8"/>
  <move id="39" source="A4" target="B4"/>
  <move id="40" source="E8" target="E7"/>
  <move id="41" source="B4" target="C4"/>
  <move id="42" source="E7" target="E6"/>
  <move id="43" source="C4" target="D4"/>
  <move id="44" source="E6" target="E5"/>
  <move id="45" source="G4" target="F4"/>
  <move id="46" source="E5" target="E4"/>
  <move id="47" source="D4" target="E4"/>
  <move id="48" source="F4" target="E4"/>
  <move id="49" source="B5" target="B4"/>
  <move id="50" source="D8" target="E8"/>
  <move id="51" source="B4" target="A4"/>
  <move id="52" source="E8" target="E7"/>
  <move id="53" source="F3" target="F4"/>
  <move id="54" source="E7" target="E6"/>
  <move id="55" source="B3" target="B4"/>
  <move id="56" source="E6" target="E5"/>
  <move id="57" source="B4" target="C4"/>
  <move id="58" source="E5" target="E4"/>
  <move id="59" source="F4" target="E4"/>
  <move id="60" source="C8" target="D8"/>
  <move id="61" source="E4" target="F4"/>
  <move id="62" source="D8" target="E8"/>
  <move id="63" source="F4" target="F3"/>
  <move id="64" source="E8" target="E7"/>
  <move id="65" source="C4" target="D4"/>
  <move id="66" source="E7" target="E6"/>
  <move id="67" source="D4" target="E4"/>
  <move id="68" source="E6" target="E5"/>
  <move id="69" source="E4" target="E5"/>
  <move id="70" source="G8" target="F8"/>
  <move id="71" source="H4" target="G4"/>
  <move id="72" source="F8" target="E8"/>
  <move id="73" source="G4" target="F4"/>
  <move id="74" source="E8" target="E7"/>
  <move id="75" source="F4" target="F5"/>
  <move id="76" source="E7" target="E6"/>
  <move id="77" source="E5" target="E4"/>
  <move id="78" source="H7" target="G7"/>
  <move id="79" source="E4" target="D4"/>
  <move id="80" source="G7" target="F7"/>
  <move id="81" source="F5" target="E5"/>
  <move id="82" source="E6" target="E5"/>
  <move id="83" source="F3" target="F4"/>
  <move id="84" source="F7" target="F6"/>
  <move id="85" source="I3" target="I4"/>
  <move id="86" source="F6" target="F5"/>
  <move id="87" source="A4" target="B4"/>
  <move id="88" source="A7" target="A6"/>
  <move id="89" source="B6" target="A6"/>
  <move id="90" source="B7" target="A7"/>
  <move id="91" source="B4" target="B3"/>
  <move id="92" source="B8" target="B7"/>
  <move id="93" source="D4" target="C4"/>
  <move id="94" source="B7" target="B6"/>
  <move id="95" source="A6" target="A7"/>
  <move id="96" source="B6" target="B5"/>
  <move id="97" source="B3" target="B4"/>
  <move id="98" source="C7" target="B7"/>
  <move id="99" source="B4" target="B5"/>
  <move id="100" source="B7" target="B6"/>
  <move id="101" source="B5" target="B4"/>
  <move id="102" source="B6" target="B5"/>
  <move id="103" source="I4" target="H4"/>
  <move id="104" source="C9" target="C8"/>
  <move id="105" source="B4" target="B5"/>
  <move id="106" source="F5" target="F4"/>
  <move id="107" source="C4" target="B4"/>
  <move id="108" source="B5" target="B6"/>
  <move id="109" source="B4" target="B5"/>
  <move id="110" source="B6" target="B7"/>
  <move id="111" source="B5" target="B6"/>
  <move id="112" source="B7" target="C7"/>
  <move id="113" source="B6" target="B7"/>
  <move id="114" source="H8" target="G8"/>
  <move id="115" source="H4" target="G4"/>
  <move id="116" source="G8" target="F8"/>
  <move id="117" source="F4" target="F3"/>
  <move id="118" source="F8" target="E8"/>
  <move id="119" source="G4" target="F4"/>
  <move id="120" source="E8" target="D8"/>
  <move id="121" source="F4" target="E4"/>
  <move id="122" source="E5" target="E6"/>
  <move id="123" source="E4" target="E5"/>
  <move id="124" source="E6" target="E7"/>
  <move id="125" source="E5" target="E6"/>
  <move id="126" source="E7" target="E8"/>
  <move id="127" source="E6" target="E7"/>
  <move id="128" source="I8" target="H8"/>
  <move id="129" source="E7" target="D7"/>
  <move id="130" source="H8" target="H7"/>
  <move id="131" source="B7" target="C7"/>
  <move id="132" source="D7" target="E7"/>
  <move id="133" source="C7" target="B7"/>
  <move id="134" source="E7" target="F7"/>
  <move id="135" source="K3" target="I3"/>
  <move id="136" source="D8" target="D7"/>
  <move id="137" source="I3" target="I4"/>
  <move id="138" source="D7" target="C7"/>
  <move id="139" source="B7" target="B6"/>
  <move id="140" source="C7" target="B7"/>
  <move id="141" source="B6" target="B5"/>
  <move id="142" source="B7" target="C7"/>
  <move id="143" source="I4" target="H4"/>
  <move id="144" source="C7" target="D7"/>
  <move id="145" source="H4" target="G4"/>
  <move id="146" source="H7" target="G7"/>
  <move id="147" source="G4" target="F4"/>
  <move id="148" source="F7" target="E7"/>
  <move id="149" source="F4" target="E4"/>
  <move id="150" source="G7" target="F7"/>
  <move id="151" source="H3" target="H4"/>
  <move id="152" source="F7" target="F6"/>
  <move id="153" source="H4" target="I4"/>
  <move id="154" source="F6" target="F5"/>
  <move id="155" source="I4" target="I5"/>
  <move id="156" source="E7" target="E6"/>
  <move id="157" source="I5" target="I6"/>
  <move id="158" source="E6" target="E5"/>
  <move id="159" source="I6" target="I7"/>
  <move id="160" source="K7" target="K6"/>
  <move id="161" source="E4" target="F4"/>
  <move id="162" source="D7" target="E7"/>
  <move id="163" source="I7" target="I6"/>
  <move id="164" source="E7" target="F7"/>
  <move id="165" source="I6" target="I5"/>
  <move id="166" source="F7" target="G7"/>
  <move id="167" source="I5" target="I4"/>
  <move id="168" source="G7" target="F7"/>
  <move id="169" source="A3" target="A4"/>
  <move id="170" source="F5" target="F4"/>
  <move id="171" source="A4" target="A5"/>
  <move id="172" source="E5" target="F5"/>
  <move id="173" source="G3" target="G4"/>
  <move id="174" source="C8" target="D8"/>
  <move id="175" source="K6" target="I6"/>
  <move id="176" source="D8" target="D7"/>
  <move id="177" source="I4" target="I3"/>
  <move id="178" source="D7" target="E7"/>
  <move id="179" source="B5" target="B4"/>
  <move id="180" source="E7" target="E6"/>
  <move id="181" source="B4" target="B3"/>
  <move id="182" source="E6" target="E5"/>
  <move id="183" source="B3" target="A3"/>
  <move id="184" source="E5" target="E4"/>
  <move id="185" source="A5" target="A6"/>
  <move id="186" source="E4" target="D4"/>
  <move id="187" source="A6" target="B6"/>
  <move id="188" source="D4" target="C4"/>
  <move id="189" source="C3" target="C4"/>
  <move id="190" source="F7" target="E7"/>
  <move id="191" source="C4" target="D4"/>
  <move id="192" source="E7" target="D7"/>
  <move id="193" source="B6" target="A6"/>
  <move id="194" source="D7" target="C7"/>
  <move id="195" source="D4" target="E4"/>
  <move id="196" source="C7" target="B7"/>
  <move id="197" source="E4" target="F4"/>
  <move id="198" source="F5" target="E5"/>
  <move id="199" source="F4" target="E4"/>
  <move id="200" source="E5" target="F5"/>
  <move id="201" source="F3" target="F4"/>
  <move id="202" source="F5" target="F6"/>
  <move id="203" source="E4" target="E5"/>
  <move id="204" source="B7" target="B6"/>
  <move id="205" source="A6" target="A5"/>
  <move id="206" source="B6" target="B5"/>
  <move id="207" source="A5" target="A6"/>
  <move id="208" source="F9" target="F8"/>
  <move id="209" source="F4" target="F5"/>
  <move id="210" source="F6" target="F7"/>
  <move id="211" source="E5" target="E6"/>
  <move id="212" source="F7" target="G7"/>
  <move id="213" source="F5" target="F6"/>
  <move id="214" source="F8" target="F7"/>
  <move id="215" source="F6" target="F7"/>
  <move id="216" source="G7" target="F7"/>
  <move id="217" source="I6" target="I7"/>
  <move id="218" source="F7" target="E7"/>
  <move id="219" source="E6" target="E7"/>
  <move id="220" source="B5" target="B4"/>
  <move id="221" source="E7" target="E8"/>
  <move id="222" source="B4" target="A4"/>
  <move id="223" source="A3" target="B3"/>
  <move id="224" source="A4" target="A5"/>
  <move id="225" source="A6" target="B6"/>
  <move id="226" source="A5" target="B5"/>
  <move id="227" source="B6" target="B7"/>
  <move id="228" source="A8" target="B8"/>
  <move id="229" source="B7" target="C7"/>
  <move id="230" source="B8" target="C8"/>
  <move id="231" source="C7" target="D7"/>
  <move id="232" source="C8" target="C7"/>
  <move id="233" source="D7" target="E7"/>
  <move id="234" source="C7" target="D7"/>
  <move id="235" source="E7" target="F7"/>
  <move id="236" source="B5" target="B4"/>
  <move id="237" source="B3" target="A3"/>
  <move id="238" source="B4" target="C4"/>
  <move id="239" source="G4" target="F4"/>
  <move id="240" source="C4" target="D4"/>
  <move id="241" source="F4" target="E4"/>
  <move id="242" source="D4" target="C4"/>
  <move id="243" source="E4" target="D4"/>
  <move id="244" source="C4" target="B4"/>
  <move id="245" source="D4" target="E4"/>
  <move id="246" source="B4" target="B5"/>
  <move id="247" source="E4" target="E5"/>
  <move id="248" source="B5" target="B6"/>
  <move id="249" source="E5" target="E6"/>
  <move id="250" source="D7" target="C7"/>
  <move id="251" source="E8" target="E7"/>
  <move id="252" source="C7" target="C8"/>
  <move id="253" source="E7" target="D7"/>
  <move id="254" source="B6" target="B7"/>
  <move id="255" source="E6" target="E7"/>
  <move id="256" source="B7" target="C7"/>
  <move id="257" source="D7" target="C7"/>
  <move id="258" source="C8" target="D8"/>
  <move id="259" source="E7" target="E6"/>
  <move id="260" source="D8" target="E8"/>
  <move id="261" source="F7" target="G7"/>
  <move id="262" source="E8" target="E7"/>
  <move id="263" source="E6" target="E7"/>
  <move id="264" source="E7" target="F7"/>
  <move id="265" source="G7" target="G8"/>
  <move id="266" source="F7" target="F8"/>
  <move id="267" source="G8" target="G7"/>
  <move id="268" source="F8" target="F7"/>
  <move id="269" source="G7" target="G8"/>
  <move id="270" source="F7" target="F8"/>
  <move id="271" source="G8" target="G9"/>
  <move id="272" source="K8" target="K7"/>
  <move id="273" source="I7" target="K7"/>
  <move id="274" source="F8" target="F7"/>
  <move id="275" source="C7" target="D7"/>
  <move id="276" source="F7" target="F6"/>
  <move id="277" source="D7" target="E7"/>
  <move id="278" source="F6" target="F5"/>
  <move id="279" source="E7" target="E6"/>
  <move id="280" source="F5" target="F4"/>
  <move id="281" source="E6" target="E5"/>
  <move id="282" source="K7" target="I7"/>
  <move id="283" source="E5" target="F5"/>
  <move id="284" source="F4" target="F5"/>
  <move id="285" source="I3" target="I4"/>
  <move id="286" source="I7" target="I6"/>
  <move id="287" source="I4" target="K4"/>
  <move id="288" source="I6" target="K6"/>
  <move id="289" source="K4" target="I4"/>
  <move id="290" source="K6" target="I6"/>
  <move id="291" source="I4" target="H4"/>
  <move id="292" source="I6" target="I5"/>
  <move id="293" source="H4" target="G4"/>
  <move id="294" source="I5" target="I4"/>
  <move id="295" source="G4" target="F4"/>
  <move id="296" source="I4" target="H4"/>
  <move id="297" source="F4" target="F5"/>
  <move id="298" source="H4" target="G4"/>
  <move id="299" source="F5" target="F6"/>
  <move id="300" source="G4" target="F4"/>
  <move id="301" source="A3" target="A4"/>
  <move id="302" source="F4" target="E4"/>
  <move id="303" source="A4" target="A5"/>
  <move id="304" source="E4" target="D4"/>
  <move id="305" source="A5" target="A6"/>
  <move id="306" source="D4" target="C4"/>
  <move id="307" source="F6" target="F7"/>
  <move id="308" source="C4" target="B4"/>
  <move id="309" source="F7" target="F8"/>
  <move id="310" source="B4" target="A4"/>
  <move id="311" source="A6" target="B6"/>
  <move id="312" source="A4" target="A3"/>
  <move id="313" source="F8" target="G8"/>
  <move id="314" source="A3" target="B3"/>
  <move id="315" source="G8" target="H8"/>
  <move id="316" source="B3" target="B4"/>
  <move id="317" source="H8" target="H9"/>
  <move id="318" source="B4" target="B5"/>
  <move id="319" source="B6" target="B7"/>
  <move id="320" source="B5" target="B6"/>
  <move id="321" source="B7" target="B8"/>
  <move id="322" source="B6" target="B7"/>
  <move id="323" source="B8" target="C8"/>
  <move id="324" source="B7" target="C7"/>
  <move id="325" source="C8" target="D8"/>
  <move id="326" source="C7" target="D7"/>
  <move id="327" source="D8" target="C8"/>
  <move id="328" source="D7" target="C7"/>
  <move id="329" source="C8" target="B8"/>
  <move id="330" source="C7" target="C8"/>
  <move id="331" source="B8" target="B7"/>
  <move id="332" source="C8" target="C7"/>
  <move id="333" source="B7" target="B8"/>
  <move id="334" source="C7" target="C8"/>
  <move id="335" source="B8" target="B7"/>
  <move id="336" source="C8" target="B8"/>
  <move id="337" source="B7" target="A7"/>
  <move id="338" source="B8" target="A8"/>
  <move id="339" source="A7" target="B7"/>
  <move id="340" source="A8" target="A7"/>
  <move id="341" source="B7" target="B8"/>
  <move id="342" source="A7" target="A8"/>
  <move id="343" source="B8" target="B7"/>
  <move id="344" source="A8" target="A7"/>
  <move id="345" source="B7" target="B8"/>
  <move id="346" source="A7" target="A6"/>
  <move id="347" source="H9" target="H8"/>
  <move id="348" source="A6" target="A5"/>
  <move id="349" source="H8" target="I8"/>
  <move id="350" source="A5" target="A4"/>
  <move id="351" source="K2" target="K3"/>
  <move id="352" source="A4" target="B4"/>
  <move id="353" source="K3" target="K4"/>
  <move id="354" source="B4" target="B5"/>
  <move id="355" source="K4" target="K5"/>
  <move id="356" source="B5" target="B6"/>
  <move id="357" source="B8" target="A8"/>
  <move id="358" source="B6" target="A6"/>
  <move id="359" source="K5" target="K6"/>
  <move id="360" source="A6" target="A7"/>
  <move id="361" source="A8" target="B8"/>
  <move id="362" source="A7" target="B7"/>
  <move id="363" source="B8" target="C8"/>
  <move id="364" source="A9" target="A8"/>
  <move id="365" source="K6" target="I6"/>
  <move id="366" source="A8" target="A7"/>
  <move id="367" source="I6" target="I7"/>
  <move id="368" source="A7" target="A6"/>
  <move id="369" source="I7" target="H7"/>
  <move id="370" source="A6" target="A5"/>
  <move id="371" source="H7" target="G7"/>
  <move id="372" source="A5" target="A4"/>
  <move id="373" source="G7" target="G8"/>
  <move id="374" source="A4" target="A3"/>
  <move id="375" source="A2" target="A3"/>
  <move id="376" source="B7" target="B6"/>
  <move id="377" source="I8" target="H8"/>
  <move id="378" source="B6" target="A6"/>
  <move id="379" source="H8" target="H9"/>
  <move id="380" source="A6" target="A5"/>
  <move id="381" source="G8" target="G9"/>
  <move id="382" source="A5" target="A4"/>
  <move id="383" source="A3" target="B3"/>
  <move id="384" source="A4" target="B4"/>
  <move id="385" source="B3" target="C3"/>
  <move id="386" source="B4" target="C4"/>
  <move id="387" source="C3" target="B3"/>
  <move id="388" source="C4" target="B4"/>
  <move id="389" source="B3" target="A3"/>
  <move id="390" source="B4" target="B5"/>
  <move id="391" source="G9" target="G:"/>
  <move id="392" source="B5" target="B6"/>
  <move id="393" source="H9" target="G9"/>
  <move id="394" source="B6" target="B7"/>
  <move id="395" source="G9" target="G:"/>
  <move id="396" source="B7" target="B8"/>
  <move id="397" source="C8" target="C7"/>
  <move id="398" source="B8" target="B7"/>
  <move id="399" source="C7" target="C8"/>
  <move id="400" source="B7" target="C7"/>
  <move id="401" source="C8" target="B8"/>
  <move id="402" source="C7" target="D7"/>
  <move id="403" source="G:" target="G9"/>
  <move id="404" source="D7" target="E7"/>
  <move id="405" source="G9" target="H9"/>
  <move id="406" source="E7" target="F7"/>
  <move id="407" source="H9" target="H8"/>
  <move id="408" source="F7" target="G7"/>
  <move id="409" source="H8" target="I8"/>
  <move id="410" source="G7" target="H7"/>
  <move id="411" source="A3" target="A4"/>
  <move id="412" source="H7" target="I7"/>
  <move id="413" source="I8" target="H8"/>
  <move id="414" source="I7" target="K7"/>
  <move id="415" source="A4" target="A5"/>
  <move id="416" source="K7" target="K8"/>
  <move id="417" source="H8" target="H7"/>
  <move id="418" source="K8" target="K7"/>
  <move id="419" source="A5" target="A6"/>
  <move id="420" source="K7" target="I7"/>
  <move id="421" source="H7" target="H8"/>
  <move id="422" source="I7" target="I8"/>
  <move id="423" source="H8" target="H7"/>
  <move id="424" source="I8" target="I7"/>
  <move id="425" source="H7" target="G7"/>
  <move id="426" source="I7" target="H7"/>
  <move id="427" source="G7" target="G8"/>
  <move id="428" source="H7" target="H8"/>
  <move id="429" source="G8" target="G9"/>
  <move id="430" source="I9" target="I8"/>
  <move id="431" source="A6" target="A7"/>
  <move id="432" source="I8" target="I7"/>
  <move id="433" source="A7" target="A8"/>
  <move id="434" source="I7" target="I6"/>
  <move id="435" source="A8" target="A9"/>
  <move id="436" source="I6" target="I5"/>
  <move id="437" source="A9" target="A:"/>
  <move id="438" source="I5" target="I4"/>
  <move id="439" source="I2" target="I3"/>
  <move id="440" source="I4" target="H4"/>
  <move id="441" source="I3" target="H3"/>
  <move id="442" source="H4" target="G4"/>
  <move id="443" source="H3" target="G3"/>
  <move id="444" source="G4" target="F4"/>
  <move id="445" source="G3" target="H3"/>
  <move id="446" source="F4" target="E4"/>
  <move id="447" source="A:" target="B:"/>
  <move id="448" source="E4" target="D4"/>
  <move id="449" source="B:" target="C:"/>
  <player id="1">Player 1</player>
  <player id="2">Player 2</player>
  <result type="1" winner="1"/>
 </game>
</stratego>