<?xml version="1.0" encoding="UTF-8"?>
<stratego>
 <game type="classic">
  
  <field content="HFDGMBDEEEEHDDBDDDFGGFIJKDJFGHBBECIHLIBBAA__AA__AAAA__AA__AAPTNTQSWTNUPUVSPVORRRTSNQNXYUNQSPPPPNPQQR"/>
  <move id="1" source="E4" target="E5"/>
  <move id="2" source="F7" target="F6"/>
  <move id="3" source="F4" target="F5"/>
  <move id="4" source="B7" target="B6"/>
  <move id="5" source="G4" target="F4"/>
  <move id="6" source="A7" target="A6"/>
  <move id="7" source="E5" target="E6"/>
  <move id="8" source="A6" target="A4"/>
  <move id="9" source="E3" target="E4"/>
  <move id="10" source="B6" target="A6"/>
  <move id="11" source="E4" target="E5"/>
  <move id="12" source="A8" target="A7"/>
  <move id="13" source="F5" target="F6"/>
  <move id="14" source="A7" target="B7"/>
  <move id="15" source="F4" target="F5"/>
  <move id="16" source="B7" target="B4"/>
  <move id="17" source="F6" target="F7"/>
  <move id="18" source="K7" target="K6"/>
  <move id="19" source="F5" target="F6"/>
  <move id="20" source="K6" target="I6"/>
  <move id="21" source="F7" target="F8"/>
  <move id="22" source="K8" target="K7"/>
  <move id="23" source="E6" target="E7"/>
  <move id="24" source="K7" target="K6"/>
  <move id="25" source="F6" target="F7"/>
  <move id="26" source="K6" target="K5"/>
  <move id="27" source="E5" target="E6"/>
  <move id="28" source="K5" target="I5"/>
  <move id="29" source="F7" target="F8"/>
  <move id="30" source="G8" target="F8"/>
  <move id="31" source="E6" target="F6"/>
  <move id="32" source="F8" target="F7"/>
  <move id="33" source="E7" target="F7"/>
  <move id="34" source="F9" target="F8"/>
  <move id="35" source="F7" target="E7"/>
  <move id="36" source="F8" target="G8"/>
  <move id="37" source="F6" target="F7"/>
  <move id="38" source="G7" target="F7"/>
  <move id="39" source="E7" target="E8"/>
  <move id="40" source="G8" target="F8"/>
  <move id="41" source="E8" target="D8"/>
  <move id="42" source="C8" target="D8"/>
  <move id="43" source="F3" target="F8"/>
  <move id="44" source="F8" target="G8"/>
  <move id="45" source="D3" target="E3"/>
  <move id="46" source="D8" target="E8"/>
  <move id="47" source="E3" target="E4"/>
  <move id="48" source="E8" target="F8"/>
  <move id="49" source="E4" target="E5"/>
  <move id="50" source="G8" target="G7"/>
  <move id="51" source="E5" target="E6"/>
  <move id="52" source="G7" target="F7"/>
  <move id="53" source="G3" target="F3"/>
  <move id="54" source="F8" target="E8"/>
  <move id="55" source="G2" target="G3"/>
  <move id="56" source="E8" target="E7"/>
  <move id="57" source="G3" target="G4"/>
  <move id="58" source="F7" target="F6"/>
  <move id="59" source="E6" target="E7"/>
  <move id="60" source="K9" target="K8"/>
  <move id="61" source="G4" target="F4"/>
  <move id="62" source="K8" target="K7"/>
  <move id="63" source="F4" target="E4"/>
  <move id="64" source="I5" target="I4"/>
  <move id="65" source="E4" target="E5"/>
  <move id="66" source="H8" target="G8"/>
  <move id="67" source="D2" target="D3"/>
  <move id="68" source="G8" target="F8"/>
  <move id="69" source="D3" target="E3"/>
  <move id="70" source="F8" target="E8"/>
  <move id="71" source="E3" target="E4"/>
  <move id="72" source="E8" target="E7"/>
  <move id="73" source="F3" target="F4"/>
  <move id="74" source="E7" target="E6"/>
  <move id="75" source="E5" target="F5"/>
  <move id="76" source="E6" target="E5"/>
  <move id="77" source="E4" target="E5"/>
  <move id="78" source="E5" target="E4"/>
  <move id="79" source="F4" target="E4"/>
  <move id="80" source="F6" target="F5"/>
  <move id="81" source="F2" target="F3"/>
  <move id="82" source="F5" target="F6"/>
  <move id="83" source="E4" target="E5"/>
  <move id="84" source="H7" target="G7"/>
  <move id="85" source="F3" target="F4"/>
  <move id="86" source="G7" target="F7"/>
  <move id="87" source="F4" target="F5"/>
  <move id="88" source="F6" target="E6"/>
  <move id="89" source="E5" target="E4"/>
  <move id="90" source="F7" target="F6"/>
  <move id="91" source="F5" target="F4"/>
  <move id="92" source="E6" target="E7"/>
  <move id="93" source="E4" target="E5"/>
  <move id="94" source="E7" target="E6"/>
  <move id="95" source="E5" target="E4"/>
  <move id="96" source="E6" target="E5"/>
  <move id="97" source="E4" target="E3"/>
  <move id="98" source="F6" target="F5"/>
  <move id="99" source="F4" target="F3"/>
  <move id="100" source="I8" target="H8"/>
  <move id="101" source="F3" target="G3"/>
  <move id="102" source="H8" target="G8"/>
  <move id="103" source="E3" target="F3"/>
  <move id="104" source="G8" target="F8"/>
  <move id="105" source="F3" target="F4"/>
  <move id="106" source="F8" target="F9"/>
  <move id="107" source="G3" target="F3"/>
  <move id="108" source="K7" target="K8"/>
  <move id="109" source="F3" target="E3"/>
  <move id="110" source="K8" target="K9"/>
  <move id="111" source="E3" target="E4"/>
  <move id="112" source="E5" target="E6"/>
  <move id="113" source="F4" target="F5"/>
  <move id="114" source="E6" target="F6"/>
  <move id="115" source="F5" target="F4"/>
  <move id="116" source="F6" target="F5"/>
  <move id="117" source="F4" target="F3"/>
  <move id="118" source="D7" target="E7"/>
  <move id="119" source="F3" target="E3"/>
  <move id="120" source="D9" target="D8"/>
  <move id="121" source="E3" target="D3"/>
  <move id="122" source="D8" target="D7"/>
  <move id="123" source="E4" target="E3"/>
  <move id="124" source="B8" target="C8"/>
  <move id="125" source="E3" target="F3"/>
  <move id="126" source="D:" target="D8"/>
  <move id="127" source="D3" target="E3"/>
  <move id="128" source="D8" target="F8"/>
  <move id="129" source="E3" target="E4"/>
  <move id="130" source="E7" target="F7"/>
  <move id="131" source="D4" target="D3"/>
  <move id="132" source="F7" target="G7"/>
  <move id="133" source="D3" target="E3"/>
  <move id="134" source="F8" target="E8"/>
  <move id="135" source="F3" target="G3"/>
  <move id="136" source="E8" target="E4"/>
  <move id="137" source="E3" target="F3"/>
  <move id="138" source="C:" target="D:"/>
  <move id="139" source="G3" target="G4"/>
  <move id="140" source="D:" target="D8"/>
  <move id="141" source="G4" target="F4"/>
  <move id="142" source="F5" target="F6"/>
  <move id="143" source="E4" target="E5"/>
  <move id="144" source="D8" target="F8"/>
  <move id="145" source="F3" target="E3"/>
  <move id="146" source="B:" target="D:"/>
  <move id="147" source="E3" target="E4"/>
  <move id="148" source="D:" target="D8"/>
  <move id="149" source="F4" target="F5"/>
  <move id="150" source="F6" target="E6"/>
  <move id="151" source="F5" target="F6"/>
  <move id="152" source="E6" target="F6"/>
  <move id="153" source="H3" target="G3"/>
  <move id="154" source="D8" target="E8"/>
  <move id="155" source="G3" target="G4"/>
  <move id="156" source="G7" target="H7"/>
  <move id="157" source="G4" target="F4"/>
  <move id="158" source="H7" target="H8"/>
  <move id="159" source="F4" target="F5"/>
  <move id="160" source="F6" target="E6"/>
  <move id="161" source="F5" target="F4"/>
  <move id="162" source="H8" target="I8"/>
  <move id="163" source="F4" target="F5"/>
  <move id="164" source="I8" target="K8"/>
  <move id="165" source="F5" target="F4"/>
  <move id="166" source="K8" target="K7"/>
  <move id="167" source="H2" target="G2"/>
  <move id="168" source="K7" target="K6"/>
  <move id="169" source="G2" target="G3"/>
  <move id="170" source="K6" target="K5"/>
  <move id="171" source="G3" target="F3"/>
  <move id="172" source="I6" target="K6"/>
  <move id="173" source="F3" target="E3"/>
  <move id="174" source="D7" target="D8"/>
  <move id="175" source="F4" target="F3"/>
  <move id="176" source="D8" target="D9"/>
  <move id="177" source="F3" target="G3"/>
  <move id="178" source="D9" target="D:"/>
  <move id="179" source="E3" target="F3"/>
  <move id="180" source="K6" target="K7"/>
  <move id="181" source="F3" target="F4"/>
  <move id="182" source="K7" target="K8"/>
  <move id="183" source="G3" target="F3"/>
  <move id="184" source="K8" target="I8"/>
  <move id="185" source="F4" target="F5"/>
  <move id="186" source="I8" target="H8"/>
  <move id="187" source="F5" target="F4"/>
  <move id="188" source="H8" target="G8"/>
  <move id="189" source="F4" target="G4"/>
  <move id="190" source="G8" target="G7"/>
  <move id="191" source="F3" target="F4"/>
  <move id="192" source="G7" target="F7"/>
  <move id="193" source="F4" target="F5"/>
  <move id="194" source="F7" target="G7"/>
  <move id="195" source="F5" target="F4"/>
  <move id="196" source="C8" target="D8"/>
  <move id="197" source="F4" target="F3"/>
  <move id="198" source="D8" target="D7"/>
  <move id="199" source="G4" target="F4"/>
  <move id="200" source="F8" target="F7"/>
  <move id="201" source="E5" target="F5"/>
  <move id="202" source="E6" target="F6"/>
  <move id="203" source="F5" target="E5"/>
  <move id="204" source="F6" target="E6"/>
  <move id="205" source="F3" target="F2"/>
  <move id="206" source="F7" target="F8"/>
  <move id="207" source="F4" target="F5"/>
  <move id="208" source="A6" target="A5"/>
  <move id="209" source="F5" target="F4"/>
  <move id="210" source="A9" target="A8"/>
  <move id="211" source="F4" target="F5"/>
  <move id="212" source="A8" target="A7"/>
  <move id="213" source="F2" target="F3"/>
  <move id="214" source="A7" target="A6"/>
  <move id="215" source="F3" target="F4"/>
  <move id="216" source="A6" target="B6"/>
  <move id="217" source="F4" target="F3"/>
  <move id="218" source="B6" target="B5"/>
  <move id="219" source="F3" target="F2"/>
  <move id="220" source="H9" target="H8"/>
  <move id="221" source="F5" target="F4"/>
  <move id="222" source="H8" target="H7"/>
  <move id="223" source="E5" target="F5"/>
  <move id="224" source="K9" target="K8"/>
  <move id="225" source="F4" target="F3"/>
  <move id="226" source="K8" target="K7"/>
  <move id="227" source="F3" target="E3"/>
  <move id="228" source="K7" target="K6"/>
  <move id="229" source="F2" target="F3"/>
  <move id="230" source="K6" target="I6"/>
  <move id="231" source="E4" target="F4"/>
  <move id="232" source="I6" target="I5"/>
  <move id="233" source="F4" target="E4"/>
  <move id="234" source="D:" target="C:"/>
  <move id="235" source="F3" target="F4"/>
  <move id="236" source="C:" target="B:"/>
  <move id="237" source="E3" target="D3"/>
  <move id="238" source="E:" target="D:"/>
  <move id="239" source="D3" target="D4"/>
  <move id="240" source="D:" target="D9"/>
  <move id="241" source="E4" target="E3"/>
  <move id="242" source="D9" target="D8"/>
  <move id="243" source="D4" target="E4"/>
  <move id="244" source="H:" target="H9"/>
  <move id="245" source="F4" target="G4"/>
  <move id="246" source="H9" target="H8"/>
  <move id="247" source="E3" target="F3"/>
  <move id="248" source="H8" target="I8"/>
  <move id="249" source="F3" target="F4"/>
  <move id="250" source="I8" target="K8"/>
  <move id="251" source="E4" target="E5"/>
  <move id="252" source="E6" target="F6"/>
  <move id="253" source="G4" target="G3"/>
  <move id="254" source="D7" target="E7"/>
  <move id="255" source="G3" target="F3"/>
  <move id="256" source="E7" target="D7"/>
  <move id="257" source="F3" target="E3"/>
  <move id="258" source="E8" target="E5"/>
  <move id="259" source="E3" target="E4"/>
  <move id="260" source="D8" target="E8"/>
  <move id="261" source="E4" target="E5"/>
  <move id="262" source="E8" target="E5"/>
  <move id="263" source="C3" target="D3"/>
  <move id="264" source="D7" target="E7"/>
  <move id="265" source="D3" target="E3"/>
  <move id="266" source="E7" target="D7"/>
  <move id="267" source="E3" target="F3"/>
  <move id="268" source="D7" target="E7"/>
  <move id="269" source="F3" target="E3"/>
  <move id="270" source="E7" target="D7"/>
  <move id="271" source="E3" target="F3"/>
  <move id="272" source="D7" target="E7"/>
  <move id="273" source="F3" target="E3"/>
  <move id="274" source="E7" target="E8"/>
  <move id="275" source="E3" target="E4"/>
  <move id="276" source="B9" target="B8"/>
  <move id="277" source="E4" target="E3"/>
  <move id="278" source="B8" target="C8"/>
  <move id="279" source="E3" target="D3"/>
  <move id="280" source="C8" target="D8"/>
  <move id="281" source="D3" target="E3"/>
  <move id="282" source="D8" target="D7"/>
  <move id="283" source="E3" target="E4"/>
  <move id="284" source="D7" target="E7"/>
  <move id="285" source="E4" target="E3"/>
  <move id="286" source="E7" target="E6"/>
  <move id="287" source="E3" target="D3"/>
  <move id="288" source="E6" target="E5"/>
  <move id="289" source="F5" target="E5"/>
  <move id="290" source="F6" target="E6"/>
  <move id="291" source="E5" target="F5"/>
  <move id="292" source="E6" target="F6"/>
  <move id="293" source="D3" target="D2"/>
  <move id="294" source="E8" target="D8"/>
  <move id="295" source="C2" target="C3"/>
  <move id="296" source="F8" target="E8"/>
  <move id="297" source="C3" target="E3"/>
  <move id="298" source="E8" target="F8"/>
  <move id="299" source="E3" target="E4"/>
  <move id="300" source="D8" target="D7"/>
  <move id="301" source="G1" target="G2"/>
  <move id="302" source="G:" target="H:"/>
  <move id="303" source="G2" target="G3"/>
  <move id="304" source="H:" target="H9"/>
  <move id="305" source="G3" target="F3"/>
  <move id="306" source="H9" target="H8"/>
  <move id="307" source="F3" target="E3"/>
  <move id="308" source="F8" target="E8"/>
  <move id="309" source="E3" target="D3"/>
  <move id="310" source="H8" target="G8"/>
  <move id="311" source="E4" target="D4"/>
  <move id="312" source="G8" target="F8"/>
  <move id="313" source="D3" target="E3"/>
  <move id="314" source="D7" target="D8"/>
  <move id="315" source="C1" target="C2"/>
  <move id="316" source="D8" target="D7"/>
  <move id="317" source="C2" target="C3"/>
  <move id="318" source="I:" target="H:"/>
  <move id="319" source="C3" target="D3"/>
  <move id="320" source="H:" target="G:"/>
  <move id="321" source="E3" target="F3"/>
  <move id="322" source="K8" target="K9"/>
  <move id="323" source="D3" target="E3"/>
  <move id="324" source="B:" target="B9"/>
  <move id="325" source="D4" target="E4"/>
  <move id="326" source="B9" target="A9"/>
  <move id="327" source="E3" target="D3"/>
  <move id="328" source="D7" target="D8"/>
  <move id="329" source="E4" target="E5"/>
  <move id="330" source="D8" target="D7"/>
  <move id="331" source="D3" target="D4"/>
  <move id="332" source="A9" target="A8"/>
  <move id="333" source="F3" target="E3"/>
  <move id="334" source="A8" target="A7"/>
  <move id="335" source="E3" target="D3"/>
  <move id="336" source="A:" target="A9"/>
  <move id="337" source="D4" target="E4"/>
  <move id="338" source="A9" target="A8"/>
  <move id="339" source="D3" target="D4"/>
  <move id="340" source="A8" target="B8"/>
  <move id="341" source="E4" target="E3"/>
  <move id="342" source="B8" target="B9"/>
  <move id="343" source="D4" target="E4"/>
  <move id="344" source="B9" target="B8"/>
  <move id="345" source="E3" target="F3"/>
  <move id="346" source="A5" target="A6"/>
  <move id="347" source="E4" target="E3"/>
  <move id="348" source="A6" target="B6"/>
  <move id="349" source="E3" target="E4"/>
  <move id="350" source="A7" target="A6"/>
  <move id="351" source="F3" target="E3"/>
  <move id="352" source="A6" target="A5"/>
  <move id="353" source="E5" target="E8"/>
  <move id="354" source="B8" target="C8"/>
  <move id="355" source="E4" target="E5"/>
  <move id="356" source="C8" target="D8"/>
  <move id="357" source="D2" target="D3"/>
  <move id="358" source="G:" target="H:"/>
  <move id="359" source="D3" target="C3"/>
  <move id="360" source="H:" target="H9"/>
  <move id="361" source="E3" target="E4"/>
  <move id="362" source="H9" target="H8"/>
  <move id="363" source="E4" target="E3"/>
  <move id="364" source="H8" target="I8"/>
  <move id="365" source="E3" target="F3"/>
  <move id="366" source="I8" target="K8"/>
  <move id="367" source="F3" target="E3"/>
  <move id="368" source="K8" target="K7"/>
  <move id="369" source="E3" target="D3"/>
  <move id="370" source="K7" target="K6"/>
  <move id="371" source="D3" target="D4"/>
  <move id="372" source="D8" target="E8"/>
  <move id="373" source="C3" target="D3"/>
  <move id="374" source="E8" target="E7"/>
  <move id="375" source="D3" target="E3"/>
  <move id="376" source="E7" target="E6"/>
  <move id="377" source="E3" target="D3"/>
  <move id="378" source="E6" target="E7"/>
  <move id="379" source="E5" target="E4"/>
  <move id="380" source="E7" target="F7"/>
  <move id="381" source="E4" target="E5"/>
  <move id="382" source="F7" target="E7"/>
  <move id="383" source="D3" target="E3"/>
  <move id="384" source="E7" target="E6"/>
  <move id="385" source="E5" target="E4"/>
  <move id="386" source="E6" target="E7"/>
  <move id="387" source="E4" target="E5"/>
  <move id="388" source="E7" target="E6"/>
  <move id="389" source="E3" target="E4"/>
  <move id="390" source="K:" target="I:"/>
  <move id="391" source="E4" target="E3"/>
  <move id="392" source="I:" target="H:"/>
  <move id="393" source="E5" target="E4"/>
  <move id="394" source="H:" target="H9"/>
  <move id="395" source="E3" target="D3"/>
  <move id="396" source="G7" target="F7"/>
  <move id="397" source="E4" target="E5"/>
  <move id="398" source="F7" target="E7"/>
  <move id="399" source="D3" target="E3"/>
  <move id="400" source="H9" target="H8"/>
  <move id="401" source="E5" target="E4"/>
  <move id="402" source="H8" target="I8"/>
  <move id="403" source="E3" target="D3"/>
  <move id="404" source="K9" target="K:"/>
  <move id="405" source="E4" target="E5"/>
  <move id="406" source="I8" target="K8"/>
  <move id="407" source="D4" target="E4"/>
  <move id="408" source="F8" target="E8"/>
  <move id="409" source="E5" target="E6"/>
  <move id="410" source="E7" target="F7"/>
  <move id="411" source="E4" target="E3"/>
  <move id="412" source="F7" target="G7"/>
  <move id="413" source="D3" target="D4"/>
  <move id="414" source="F9" target="F8"/>
  <move id="415" source="E3" target="E4"/>
  <move id="416" source="F8" target="F7"/>
  <move id="417" source="E4" target="E3"/>
  <move id="418" source="H7" target="H8"/>
  <move id="419" source="E3" target="E4"/>
  <move id="420" source="H8" target="G8"/>
  <move id="421" source="E4" target="E3"/>
  <move id="422" source="G8" target="F8"/>
  <move id="423" source="D4" target="E4"/>
  <move id="424" source="F8" target="F9"/>
  <move id="425" source="E4" target="D4"/>
  <move id="426" source="E6" target="E7"/>
  <move id="427" source="D4" target="D3"/>
  <move id="428" source="E8" target="F8"/>
  <move id="429" source="C4" target="D4"/>
  <move id="430" source="E7" target="E8"/>
  <move id="431" source="D3" target="D2"/>
  <move id="432" source="F7" target="E7"/>
  <move id="433" source="E3" target="E4"/>
  <move id="434" source="G7" target="F7"/>
  <move id="435" source="E4" target="E3"/>
  <move id="436" source="F8" target="G8"/>
  <move id="437" source="D4" target="E4"/>
  <move id="438" source="G8" target="G7"/>
  <move id="439" source="E4" target="D4"/>
  <move id="440" source="B6" target="B7"/>
  <move id="441" source="E3" target="E4"/>
  <move id="442" source="B7" target="B8"/>
  <move id="443" source="E4" target="E5"/>
  <move id="444" source="B8" target="C8"/>
  <move id="445" source="E5" target="E4"/>
  <move id="446" source="C8" target="D8"/>
  <move id="447" source="E4" target="E3"/>
  <move id="448" source="E7" target="E6"/>
  <move id="449" source="E3" target="E4"/>
  <move id="450" source="E8" target="F8"/>
  <move id="451" source="E4" target="E3"/>
  <move id="452" source="D8" target="E8"/>
  <move id="453" source="E3" target="E4"/>
  <move id="454" source="B5" target="B6"/>
  <move id="455" source="E4" target="E5"/>
  <move id="456" source="E6" target="E5"/>
  <move id="457" source="F5" target="E5"/>
  <move id="458" source="F8" target="G8"/>
  <move id="459" source="E5" target="F5"/>
  <move id="460" source="F7" target="F8"/>
  <move id="461" source="D2" target="D3"/>
  <move id="462" source="G7" target="F7"/>
  <move id="463" source="D3" target="E3"/>
  <move id="464" source="G8" target="G7"/>
  <move id="465" source="D4" target="E4"/>
  <move id="466" source="F8" target="G8"/>
  <move id="467" source="E4" target="E5"/>
  <move id="468" source="E8" target="D8"/>
  <move id="469" source="E5" target="E4"/>
  <move id="470" source="F7" target="F8"/>
  <move id="471" source="E4" target="D4"/>
  <move id="472" source="F8" target="E8"/>
  <move id="473" source="E3" target="E4"/>
  <move id="474" source="G7" target="H7"/>
  <move id="475" source="E4" target="E3"/>
  <move id="476" source="G8" target="G7"/>
  <move id="477" source="D4" target="E4"/>
  <move id="478" source="K6" target="I6"/>
  <move id="479" source="E4" target="E5"/>
  <move id="480" source="K8" target="I8"/>
  <move id="481" source="E5" target="E4"/>
  <move id="482" source="I8" target="H8"/>
  <move id="483" source="E4" target="E5"/>
  <move id="484" source="H8" target="G8"/>
  <move id="485" source="E5" target="E4"/>
  <move id="486" source="G8" target="F8"/>
  <move id="487" source="E3" target="D3"/>
  <move id="488" source="F8" target="F7"/>
  <move id="489" source="D3" target="D4"/>
  <move id="490" source="F7" target="E7"/>
  <move id="491" source="E4" target="E3"/>
  <move id="492" source="E7" target="E6"/>
  <move id="493" source="D4" target="E4"/>
  <move id="494" source="K5" target="K6"/>
  <move id="495" source="E3" target="D3"/>
  <move id="496" source="K6" target="K7"/>
  <move id="497" source="D3" target="D4"/>
  <move id="498" source="I6" target="K6"/>
  <move id="499" source="E4" target="E3"/>
  <move id="500" source="K6" target="K5"/>
  <move id="501" source="D4" target="E4"/>
  <move id="502" source="K7" target="K8"/>
  <move id="503" source="E3" target="D3"/>
  <move id="504" source="K8" target="I8"/>
  <move id="505" source="D3" target="D4"/>
  <move id="506" source="E6" target="E7"/>
  <move id="507" source="E4" target="E3"/>
  <move id="508" source="E7" target="F7"/>
  <move id="509" source="D4" target="E4"/>
  <move id="510" source="F7" target="E7"/>
  <move id="511" source="E4" target="D4"/>
  <move id="512" source="E7" target="E6"/>
  <move id="513" source="E3" target="E4"/>
  <move id="514" source="E6" target="E7"/>
  <move id="515" source="D4" target="D3"/>
  <move id="516" source="E7" target="F7"/>
  <move id="517" source="D3" target="E3"/>
  <move id="518" source="F7" target="E7"/>
  <move id="519" source="E4" target="D4"/>
  <move id="520" source="E7" target="F7"/>
  <move id="521" source="E3" target="E4"/>
  <move id="522" source="F7" target="F8"/>
  <move id="523" source="D4" target="D3"/>
  <move id="524" source="F8" target="G8"/>
  <move id="525" source="D3" target="E3"/>
  <move id="526" source="F9" target="F8"/>
  <move id="527" source="E4" target="D4"/>
  <move id="528" source="K:" target="I:"/>
  <move id="529" source="E3" target="E4"/>
  <move id="530" source="H7" target="H8"/>
  <move id="531" source="E4" target="E3"/>
  <move id="532" source="H8" target="H9"/>
  <move id="533" source="D4" target="E4"/>
  <move id="534" source="F8" target="F7"/>
  <move id="535" source="E3" target="D3"/>
  <move id="536" source="G8" target="H8"/>
  <move id="537" source="D3" target="D4"/>
  <move id="538" source="H8" target="H7"/>
  <move id="539" source="E4" target="E3"/>
  <move id="540" source="I8" target="H8"/>
  <move id="541" source="D4" target="E4"/>
  <move id="542" source="H8" target="G8"/>
  <move id="543" source="E3" target="D3"/>
  <move id="544" source="G8" target="F8"/>
  <move id="545" source="D3" target="D4"/>
  <move id="546" source="F8" target="F9"/>
  <move id="547" source="E4" target="E3"/>
  <move id="548" source="E8" target="E7"/>
  <move id="549" source="D4" target="E4"/>
  <move id="550" source="D8" target="E8"/>
  <move id="551" source="E4" target="D4"/>
  <move id="552" source="E8" target="F8"/>
  <move id="553" source="D4" target="E4"/>
  <move id="554" source="F8" target="G8"/>
  <move id="555" source="E4" target="D4"/>
  <move id="556" source="K5" target="K6"/>
  <move id="557" source="D4" target="E4"/>
  <move id="558" source="E7" target="E8"/>
  <move id="559" source="E3" target="D3"/>
  <move id="560" source="F7" target="E7"/>
  <move id="561" source="D3" target="D4"/>
  <move id="562" source="G7" target="F7"/>
  <move id="563" source="D4" target="D3"/>
  <move id="564" source="F7" target="F8"/>
  <move id="565" source="D3" target="E3"/>
  <move id="566" source="H7" target="H8"/>
  <move id="567" source="E4" target="D4"/>
  <move id="568" source="H8" target="I8"/>
  <move id="569" source="D4" target="E4"/>
  <move id="570" source="I8" target="K8"/>
  <move id="571" source="E3" target="D3"/>
  <move id="572" source="K8" target="K9"/>
  <move id="573" source="D3" target="E3"/>
  <move id="574" source="K6" target="K7"/>
  <move id="575" source="E3" target="D3"/>
  <move id="576" source="K7" target="K8"/>
  <move id="577" source="D3" target="D4"/>
  <move id="578" source="K8" target="I8"/>
  <move id="579" source="D4" target="D3"/>
  <move id="580" source="I8" target="H8"/>
  <move id="581" source="D3" target="E3"/>
  <move id="582" source="H8" target="H7"/>
  <move id="583" source="E4" target="D4"/>
  <move id="584" source="H7" target="G7"/>
  <move id="585" source="D4" target="E4"/>
  <move id="586" source="F8" target="F7"/>
  <move id="587" source="E3" target="D3"/>
  <move id="588" source="F6" target="F5"/>
  <move id="589" source="F4" target="F5"/>
  <move id="590" source="F7" target="F6"/>
  <move id="591" source="F5" target="F6"/>
  <move id="592" source="E7" target="E6"/>
  <move id="593" source="E4" target="E5"/>
  <move id="594" source="E6" target="E5"/>
  <move id="595" source="H4" target="G4"/>
  <move id="596" source="D7" target="E7"/>
  <move id="597" source="G4" target="F4"/>
  <move id="598" source="E7" target="E6"/>
  <move id="599" source="F4" target="E4"/>
  <move id="600" source="E6" target="E5"/>
  <move id="601" source="E4" target="E5"/>
  <move id="602" source="F6" target="F5"/>
  <move id="603" source="D3" target="D4"/>
  <move id="604" source="F5" target="E5"/>
  <move id="605" source="D4" target="D3"/>
  <move id="606" source="G7" target="F7"/>
  <move id="607" source="B2" target="C2"/>
  <move id="608" source="F7" target="F6"/>
  <move id="609" source="D3" target="C3"/>
  <move id="610" source="E5" target="E4"/>
  <move id="611" source="C2" target="D2"/>
  <move id="612" source="F6" target="F5"/>
  <move id="613" source="C3" target="C4"/>
  <move id="614" source="F5" target="F4"/>
  <move id="615" source="D2" target="D3"/>
  <move id="616" source="F4" target="F3"/>
  <move id="617" source="I2" target="H2"/>
  <move id="618" source="F3" target="F2"/>
  <move id="619" source="H2" target="G2"/>
  <move id="620" source="F2" target="F1"/>
  <move id="621" source="I3" target="H3"/>
  <move id="622" source="F1" target="E1"/>
  <player id="1">Player 1</player>
  <player id="2">Player 2</player>
  <result type="1" winner="2"/>
 </game>
</stratego>