<?xml version="1.0" encoding="UTF-8"?>
<stratego>
 <game type="classic">
  
  <field content="BEBMFBBFBGGDLEHFJEEFJICKDIEDDIHDDDHDGBHGAA__AA__AAAA__AA__AATPXQTPSPPTPVURPWONRSRTSNSVURNUQQNYNQPNQP"/>
  <move id="1" source="B4" target="B5"/>
  <move id="2" source="I7" target="I4"/>
  <move id="3" source="B5" target="A5"/>
  <move id="4" source="K7" target="I7"/>
  <move id="5" source="A5" target="A6"/>
  <move id="6" source="A7" target="A6"/>
  <move id="7" source="A4" target="A5"/>
  <move id="8" source="A6" target="A5"/>
  <move id="9" source="C4" target="B4"/>
  <move id="10" source="I7" target="I6"/>
  <move id="11" source="B4" target="B7"/>
  <move id="12" source="A8" target="A7"/>
  <move id="13" source="B3" target="B4"/>
  <move id="14" source="A7" target="B7"/>
  <move id="15" source="B4" target="B5"/>
  <move id="16" source="B8" target="A8"/>
  <move id="17" source="B5" target="B6"/>
  <move id="18" source="B9" target="B8"/>
  <move id="19" source="D4" target="C4"/>
  <move id="20" source="B7" target="A7"/>
  <move id="21" source="B6" target="A6"/>
  <move id="22" source="B8" target="B7"/>
  <move id="23" source="C4" target="B4"/>
  <move id="24" source="A8" target="B8"/>
  <move id="25" source="B4" target="B5"/>
  <move id="26" source="B8" target="B9"/>
  <move id="27" source="B5" target="B6"/>
  <move id="28" source="C8" target="B8"/>
  <move id="29" source="A6" target="A7"/>
  <move id="30" source="B7" target="B6"/>
  <move id="31" source="B2" target="B3"/>
  <move id="32" source="B8" target="A8"/>
  <move id="33" source="A7" target="A6"/>
  <move id="34" source="B6" target="B7"/>
  <move id="35" source="A6" target="B6"/>
  <move id="36" source="A8" target="B8"/>
  <move id="37" source="B3" target="B4"/>
  <move id="38" source="B7" target="A7"/>
  <move id="39" source="B6" target="A6"/>
  <move id="40" source="A7" target="B7"/>
  <move id="41" source="A6" target="B6"/>
  <move id="42" source="I6" target="I5"/>
  <move id="43" source="B4" target="A4"/>
  <move id="44" source="H7" target="I7"/>
  <move id="45" source="A4" target="A5"/>
  <move id="46" source="I7" target="K7"/>
  <move id="47" source="A5" target="A6"/>
  <move id="48" source="A9" target="A8"/>
  <move id="49" source="A6" target="A5"/>
  <move id="50" source="K7" target="K4"/>
  <move id="51" source="A5" target="A4"/>
  <move id="52" source="I5" target="K5"/>
  <move id="53" source="A4" target="B4"/>
  <move id="54" source="F7" target="F4"/>
  <move id="55" source="B4" target="B3"/>
  <move id="56" source="E7" target="F7"/>
  <move id="57" source="B3" target="B2"/>
  <move id="58" source="E8" target="E4"/>
  <move id="59" source="E4" target="D4"/>
  <move id="60" source="D8" target="E8"/>
  <move id="61" source="D4" target="C4"/>
  <move id="62" source="E8" target="E7"/>
  <move id="63" source="C4" target="B4"/>
  <move id="64" source="F8" target="E8"/>
  <move id="65" source="B4" target="A4"/>
  <move id="66" source="E8" target="D8"/>
  <move id="67" source="G4" target="F4"/>
  <move id="68" source="D8" target="E8"/>
  <move id="69" source="F4" target="E4"/>
  <move id="70" source="E8" target="F8"/>
  <move id="71" source="E4" target="D4"/>
  <move id="72" source="F8" target="E8"/>
  <move id="73" source="D4" target="C4"/>
  <move id="74" source="E8" target="D8"/>
  <move id="75" source="C4" target="B4"/>
  <move id="76" source="D8" target="C8"/>
  <move id="77" source="B4" target="B5"/>
  <move id="78" source="C8" target="D8"/>
  <move id="79" source="B5" target="A5"/>
  <move id="80" source="D8" target="E8"/>
  <move id="81" source="A5" target="A6"/>
  <move id="82" source="E8" target="F8"/>
  <move id="83" source="A6" target="A7"/>
  <move id="84" source="B7" target="A7"/>
  <move id="85" source="B6" target="A6"/>
  <move id="86" source="A7" target="B7"/>
  <move id="87" source="A6" target="B6"/>
  <move id="88" source="K5" target="K6"/>
  <move id="89" source="B6" target="A6"/>
  <move id="90" source="K6" target="K5"/>
  <move id="91" source="A6" target="A7"/>
  <move id="92" source="A8" target="A9"/>
  <move id="93" source="F3" target="F4"/>
  <move id="94" source="B7" target="B6"/>
  <move id="95" source="A7" target="A6"/>
  <move id="96" source="B6" target="B7"/>
  <move id="97" source="F4" target="F5"/>
  <move id="98" source="G7" target="H7"/>
  <move id="99" source="F5" target="F6"/>
  <move id="100" source="H7" target="I7"/>
  <move id="101" source="E3" target="E4"/>
  <move id="102" source="F7" target="F6"/>
  <move id="103" source="F6" target="F5"/>
  <move id="104" source="I7" target="K7"/>
  <move id="105" source="F5" target="F4"/>
  <move id="106" source="K5" target="I5"/>
  <move id="107" source="E4" target="E5"/>
  <move id="108" source="K7" target="K6"/>
  <move id="109" source="F4" target="E4"/>
  <move id="110" source="F8" target="E8"/>
  <move id="111" source="E4" target="E3"/>
  <move id="112" source="F9" target="F8"/>
  <move id="113" source="E5" target="F5"/>
  <move id="114" source="F8" target="F7"/>
  <move id="115" source="E3" target="E4"/>
  <move id="116" source="F7" target="G7"/>
  <move id="117" source="F5" target="F:"/>
  <move id="118" source="K6" target="K5"/>
  <move id="119" source="E4" target="F4"/>
  <move id="120" source="G7" target="H7"/>
  <move id="121" source="F4" target="G4"/>
  <move id="122" source="H7" target="G7"/>
  <move id="123" source="D3" target="D4"/>
  <move id="124" source="G7" target="H7"/>
  <move id="125" source="C3" target="C4"/>
  <move id="126" source="H7" target="I7"/>
  <move id="127" source="C2" target="C3"/>
  <move id="128" source="I7" target="H7"/>
  <move id="129" source="C3" target="D3"/>
  <move id="130" source="H7" target="G7"/>
  <move id="131" source="G4" target="F4"/>
  <move id="132" source="G7" target="H7"/>
  <move id="133" source="G3" target="G4"/>
  <move id="134" source="H7" target="I7"/>
  <move id="135" source="D3" target="E3"/>
  <move id="136" source="I7" target="K7"/>
  <move id="137" source="E3" target="E4"/>
  <move id="138" source="K7" target="I7"/>
  <move id="139" source="A4" target="B4"/>
  <move id="140" source="G9" target="F9"/>
  <move id="141" source="B4" target="B3"/>
  <move id="142" source="F9" target="F8"/>
  <move id="143" source="B3" target="C3"/>
  <move id="144" source="F8" target="F7"/>
  <move id="145" source="C3" target="C2"/>
  <move id="146" source="I7" target="H7"/>
  <move id="147" source="F4" target="F5"/>
  <move id="148" source="E8" target="F8"/>
  <move id="149" source="E4" target="E5"/>
  <move id="150" source="F8" target="F9"/>
  <move id="151" source="F5" target="F6"/>
  <move id="152" source="F7" target="F8"/>
  <move id="153" source="E5" target="E6"/>
  <move id="154" source="E7" target="E8"/>
  <move id="155" source="F6" target="F7"/>
  <move id="156" source="H7" target="G7"/>
  <move id="157" source="E6" target="E7"/>
  <move id="158" source="D7" target="E7"/>
  <move id="159" source="F7" target="G7"/>
  <move id="160" source="G7" target="H7"/>
  <move id="161" source="E7" target="D7"/>
  <move id="162" source="G8" target="G9"/>
  <move id="163" source="D7" target="C7"/>
  <move id="164" source="F8" target="G8"/>
  <move id="165" source="C4" target="C3"/>
  <move id="166" source="E8" target="E7"/>
  <move id="167" source="C3" target="D3"/>
  <move id="168" source="E7" target="F7"/>
  <move id="169" source="D3" target="E3"/>
  <move id="170" source="F9" target="F8"/>
  <move id="171" source="E3" target="E4"/>
  <move id="172" source="B7" target="C7"/>
  <move id="173" source="E4" target="E5"/>
  <move id="174" source="F7" target="E7"/>
  <move id="175" source="E5" target="E6"/>
  <move id="176" source="F8" target="E8"/>
  <move id="177" source="E6" target="F6"/>
  <move id="178" source="E8" target="F8"/>
  <move id="179" source="F6" target="F7"/>
  <move id="180" source="F8" target="F7"/>
  <move id="181" source="G4" target="G3"/>
  <move id="182" source="B8" target="B7"/>
  <move id="183" source="B2" target="B3"/>
  <move id="184" source="B7" target="B6"/>
  <move id="185" source="A6" target="A7"/>
  <move id="186" source="C7" target="D7"/>
  <move id="187" source="B3" target="B4"/>
  <move id="188" source="B6" target="A6"/>
  <move id="189" source="A7" target="B7"/>
  <move id="190" source="D7" target="D8"/>
  <move id="191" source="B4" target="B5"/>
  <move id="192" source="D8" target="E8"/>
  <move id="193" source="B5" target="A5"/>
  <move id="194" source="A6" target="B6"/>
  <move id="195" source="B7" target="C7"/>
  <move id="196" source="E8" target="F8"/>
  <move id="197" source="A5" target="B5"/>
  <move id="198" source="B6" target="B7"/>
  <move id="199" source="C7" target="C8"/>
  <move id="200" source="F8" target="F9"/>
  <move id="201" source="B5" target="B6"/>
  <move id="202" source="B7" target="C7"/>
  <move id="203" source="C8" target="B8"/>
  <move id="204" source="C7" target="D7"/>
  <move id="205" source="B6" target="B7"/>
  <move id="206" source="F7" target="F8"/>
  <move id="207" source="B7" target="C7"/>
  <move id="208" source="F8" target="E8"/>
  <move id="209" source="B8" target="B7"/>
  <move id="210" source="E7" target="F7"/>
  <move id="211" source="G3" target="G4"/>
  <move id="212" source="D7" target="E7"/>
  <move id="213" source="G2" target="G3"/>
  <move id="214" source="E8" target="D8"/>
  <move id="215" source="C7" target="C9"/>
  <move id="216" source="E7" target="E8"/>
  <move id="217" source="G3" target="F3"/>
  <move id="218" source="D8" target="D7"/>
  <move id="219" source="B7" target="B8"/>
  <move id="220" source="B9" target="B8"/>
  <move id="221" source="F3" target="F4"/>
  <move id="222" source="D7" target="E7"/>
  <move id="223" source="F4" target="F5"/>
  <move id="224" source="F7" target="F8"/>
  <move id="225" source="F5" target="F6"/>
  <move id="226" source="B8" target="C8"/>
  <move id="227" source="D4" target="D3"/>
  <move id="228" source="E7" target="F7"/>
  <move id="229" source="F6" target="E6"/>
  <move id="230" source="F7" target="E7"/>
  <move id="231" source="E6" target="F6"/>
  <move id="232" source="A9" target="A8"/>
  <move id="233" source="G4" target="F4"/>
  <move id="234" source="A8" target="A7"/>
  <move id="235" source="F4" target="E4"/>
  <move id="236" source="A7" target="A8"/>
  <move id="237" source="E4" target="D4"/>
  <move id="238" source="A8" target="B8"/>
  <move id="239" source="D4" target="C4"/>
  <move id="240" source="B8" target="B7"/>
  <move id="241" source="C4" target="B4"/>
  <move id="242" source="C8" target="D8"/>
  <move id="243" source="B4" target="B5"/>
  <move id="244" source="B7" target="C7"/>
  <move id="245" source="B5" target="B6"/>
  <move id="246" source="F8" target="F7"/>
  <move id="247" source="B6" target="B7"/>
  <move id="248" source="C7" target="D7"/>
  <move id="249" source="B7" target="B8"/>
  <move id="250" source="D8" target="C8"/>
  <move id="251" source="B8" target="B9"/>
  <move id="252" source="C8" target="B8"/>
  <move id="253" source="B9" target="C9"/>
  <move id="254" source="B8" target="B9"/>
  <move id="255" source="C2" target="C3"/>
  <move id="256" source="D7" target="C7"/>
  <move id="257" source="C3" target="C4"/>
  <move id="258" source="C7" target="B7"/>
  <move id="259" source="C4" target="B4"/>
  <move id="260" source="B9" target="B8"/>
  <move id="261" source="B4" target="B5"/>
  <move id="262" source="B8" target="C8"/>
  <move id="263" source="B5" target="B6"/>
  <move id="264" source="B7" target="B8"/>
  <move id="265" source="B6" target="B7"/>
  <move id="266" source="B8" target="B7"/>
  <move id="267" source="D3" target="C3"/>
  <move id="268" source="C8" target="B8"/>
  <move id="269" source="B7" target="B6"/>
  <move id="270" source="B8" target="B7"/>
  <move id="271" source="B6" target="B5"/>
  <move id="272" source="B7" target="B8"/>
  <move id="273" source="B5" target="B4"/>
  <move id="274" source="E8" target="D8"/>
  <move id="275" source="C3" target="C2"/>
  <move id="276" source="B8" target="B9"/>
  <move id="277" source="B4" target="A4"/>
  <move id="278" source="B9" target="B8"/>
  <move id="279" source="H3" target="G3"/>
  <move id="280" source="B8" target="B7"/>
  <move id="281" source="G3" target="G2"/>
  <move id="282" source="B7" target="B6"/>
  <move id="283" source="A4" target="B4"/>
  <move id="284" source="B6" target="B7"/>
  <move id="285" source="B4" target="C4"/>
  <move id="286" source="B7" target="B8"/>
  <move id="287" source="C4" target="D4"/>
  <move id="288" source="F7" target="F8"/>
  <move id="289" source="I3" target="H3"/>
  <move id="290" source="H7" target="G7"/>
  <move id="291" source="H3" target="G3"/>
  <move id="292" source="G7" target="F7"/>
  <move id="293" source="G3" target="F3"/>
  <move id="294" source="F7" target="F6"/>
  <move id="295" source="I4" target="I3"/>
  <move id="296" source="K5" target="K4"/>
  <move id="297" source="I3" target="H3"/>
  <move id="298" source="B8" target="B7"/>
  <move id="299" source="F3" target="E3"/>
  <move id="300" source="B7" target="B6"/>
  <move id="301" source="E3" target="D3"/>
  <move id="302" source="B6" target="B7"/>
  <move id="303" source="C2" target="C3"/>
  <move id="304" source="B7" target="C7"/>
  <move id="305" source="C3" target="C4"/>
  <move id="306" source="C7" target="D7"/>
  <move id="307" source="D3" target="C3"/>
  <move id="308" source="D8" target="E8"/>
  <move id="309" source="C3" target="B3"/>
  <move id="310" source="B:" target="B9"/>
  <move id="311" source="B3" target="B4"/>
  <move id="312" source="B9" target="B8"/>
  <move id="313" source="C4" target="C3"/>
  <move id="314" source="D7" target="C7"/>
  <move id="315" source="D4" target="C4"/>
  <move id="316" source="B8" target="B7"/>
  <move id="317" source="B4" target="A4"/>
  <move id="318" source="E7" target="E6"/>
  <move id="319" source="C3" target="B3"/>
  <move id="320" source="E6" target="E5"/>
  <move id="321" source="C4" target="B4"/>
  <move id="322" source="E5" target="E6"/>
  <move id="323" source="B4" target="B5"/>
  <move id="324" source="C7" target="C8"/>
  <move id="325" source="B5" target="B6"/>
  <move id="326" source="E6" target="E7"/>
  <move id="327" source="B6" target="B7"/>
  <move id="328" source="C8" target="B8"/>
  <move id="329" source="B7" target="B6"/>
  <move id="330" source="B8" target="B7"/>
  <move id="331" source="B6" target="B5"/>
  <move id="332" source="E7" target="E6"/>
  <move id="333" source="A4" target="A5"/>
  <move id="334" source="B7" target="B6"/>
  <move id="335" source="B5" target="B4"/>
  <move id="336" source="E6" target="E5"/>
  <move id="337" source="A5" target="B5"/>
  <move id="338" source="B6" target="A6"/>
  <move id="339" source="B4" target="C4"/>
  <move id="340" source="E5" target="E4"/>
  <move id="341" source="C4" target="C3"/>
  <move id="342" source="E4" target="E3"/>
  <move id="343" source="C3" target="C4"/>
  <move id="344" source="E3" target="E4"/>
  <move id="345" source="B5" target="A5"/>
  <move id="346" source="A6" target="B6"/>
  <move id="347" source="C4" target="C3"/>
  <move id="348" source="E4" target="E3"/>
  <move id="349" source="C3" target="C2"/>
  <move id="350" source="E3" target="D3"/>
  <move id="351" source="C2" target="B2"/>
  <move id="352" source="D3" target="C3"/>
  <move id="353" source="B3" target="B4"/>
  <move id="354" source="C3" target="B3"/>
  <move id="355" source="B4" target="B5"/>
  <move id="356" source="B3" target="B2"/>
  <move id="357" source="B5" target="B6"/>
  <move id="358" source="B2" target="B3"/>
  <move id="359" source="A5" target="A6"/>
  <move id="360" source="B3" target="B4"/>
  <move id="361" source="A6" target="A7"/>
  <move id="362" source="B4" target="B5"/>
  <move id="363" source="B6" target="B7"/>
  <move id="364" source="B5" target="B6"/>
  <move id="365" source="B7" target="C7"/>
  <move id="366" source="B6" target="B7"/>
  <move id="367" source="C7" target="D7"/>
  <move id="368" source="B7" target="A7"/>
  <move id="369" source="A3" target="B3"/>
  <move id="370" source="A7" target="B7"/>
  <move id="371" source="D7" target="E7"/>
  <move id="372" source="E8" target="D8"/>
  <move id="373" source="E7" target="E8"/>
  <move id="374" source="D8" target="D7"/>
  <move id="375" source="E8" target="F8"/>
  <move id="376" source="I5" target="I4"/>
  <move id="377" source="B3" target="C3"/>
  <move id="378" source="D7" target="C7"/>
  <move id="379" source="F8" target="E8"/>
  <move id="380" source="C7" target="C8"/>
  <move id="381" source="E8" target="D8"/>
  <move id="382" source="C8" target="B8"/>
  <move id="383" source="G2" target="G3"/>
  <move id="384" source="I4" target="I3"/>
  <move id="385" source="K3" target="I3"/>
  <move id="386" source="B8" target="A8"/>
  <move id="387" source="G3" target="F3"/>
  <move id="388" source="G8" target="G7"/>
  <move id="389" source="F3" target="E3"/>
  <move id="390" source="G7" target="H7"/>
  <move id="391" source="E3" target="E9"/>
  <move id="392" source="H7" target="I7"/>
  <move id="393" source="D8" target="E8"/>
  <move id="394" source="I7" target="I6"/>
  <move id="395" source="E8" target="E9"/>
  <move id="396" source="I6" target="I5"/>
  <move id="397" source="E9" target="E8"/>
  <move id="398" source="I5" target="I4"/>
  <move id="399" source="I3" target="I4"/>
  <move id="400" source="B7" target="C7"/>
  <move id="401" source="E8" target="D8"/>
  <move id="402" source="G9" target="G8"/>
  <move id="403" source="C3" target="C4"/>
  <move id="404" source="G8" target="G7"/>
  <move id="405" source="H3" target="G3"/>
  <move id="406" source="G7" target="F7"/>
  <move id="407" source="G3" target="F3"/>
  <move id="408" source="F7" target="E7"/>
  <move id="409" source="D8" target="E8"/>
  <move id="410" source="E7" target="E6"/>
  <move id="411" source="E8" target="E7"/>
  <move id="412" source="E6" target="E5"/>
  <move id="413" source="C4" target="D4"/>
  <move id="414" source="E5" target="E4"/>
  <move id="415" source="D4" target="E4"/>
  <move id="416" source="C7" target="D7"/>
  <move id="417" source="E7" target="D7"/>
  <move id="418" source="A8" target="A7"/>
  <move id="419" source="F3" target="F4"/>
  <move id="420" source="A7" target="B7"/>
  <move id="421" source="F4" target="F5"/>
  <move id="422" source="B7" target="C7"/>
  <move id="423" source="E4" target="E5"/>
  <move id="424" source="K8" target="K7"/>
  <move id="425" source="E5" target="E6"/>
  <move id="426" source="K7" target="K6"/>
  <move id="427" source="E6" target="E7"/>
  <move id="428" source="C7" target="B7"/>
  <move id="429" source="E7" target="D7"/>
  <move id="430" source="B7" target="B6"/>
  <move id="431" source="F5" target="F6"/>
  <move id="432" source="K6" target="K5"/>
  <move id="433" source="F6" target="F7"/>
  <move id="434" source="K9" target="K8"/>
  <move id="435" source="F7" target="E7"/>
  <move id="436" source="K8" target="K7"/>
  <move id="437" source="E7" target="E8"/>
  <move id="438" source="C9" target="B9"/>
  <move id="439" source="D7" target="C7"/>
  <move id="440" source="B9" target="A9"/>
  <move id="441" source="C7" target="B7"/>
  <move id="442" source="B6" target="B5"/>
  <move id="443" source="B7" target="A7"/>
  <move id="444" source="A9" target="B9"/>
  <move id="445" source="A7" target="B7"/>
  <move id="446" source="B5" target="B4"/>
  <move id="447" source="B7" target="B8"/>
  <move id="448" source="B9" target="A9"/>
  <move id="449" source="B8" target="A8"/>
  <move id="450" source="A9" target="B9"/>
  <move id="451" source="A8" target="B8"/>
  <move id="452" source="B9" target="C9"/>
  <move id="453" source="E8" target="D8"/>
  <move id="454" source="K7" target="K6"/>
  <move id="455" source="D8" target="C8"/>
  <move id="456" source="K6" target="I6"/>
  <move id="457" source="C8" target="C9"/>
  <move id="458" source="I6" target="I5"/>
  <move id="459" source="B8" target="B7"/>
  <move id="460" source="B4" target="C4"/>
  <move id="461" source="B7" target="C7"/>
  <move id="462" source="I5" target="I4"/>
  <move id="463" source="C7" target="D7"/>
  <move id="464" source="I4" target="I3"/>
  <move id="465" source="D7" target="E7"/>
  <move id="466" source="I3" target="H3"/>
  <move id="467" source="E7" target="E6"/>
  <move id="468" source="K:" target="K9"/>
  <move id="469" source="E6" target="E5"/>
  <move id="470" source="C4" target="B4"/>
  <move id="471" source="E5" target="E4"/>
  <move id="472" source="B4" target="B5"/>
  <move id="473" source="C9" target="C8"/>
  <move id="474" source="F9" target="F8"/>
  <move id="475" source="E4" target="E3"/>
  <move id="476" source="H3" target="I3"/>
  <move id="477" source="E3" target="F3"/>
  <move id="478" source="I3" target="I4"/>
  <move id="479" source="F3" target="F4"/>
  <move id="480" source="F8" target="E8"/>
  <move id="481" source="F4" target="E4"/>
  <move id="482" source="E8" target="D8"/>
  <move id="483" source="E4" target="E5"/>
  <move id="484" source="I4" target="I5"/>
  <move id="485" source="E5" target="E6"/>
  <move id="486" source="K5" target="K6"/>
  <move id="487" source="E6" target="E7"/>
  <move id="488" source="I5" target="I4"/>
  <move id="489" source="E7" target="E8"/>
  <move id="490" source="D8" target="C8"/>
  <move id="491" source="H2" target="H3"/>
  <move id="492" source="I4" target="I3"/>
  <move id="493" source="H3" target="G3"/>
  <move id="494" source="B5" target="B4"/>
  <move id="495" source="G3" target="G4"/>
  <move id="496" source="B4" target="C4"/>
  <move id="497" source="G4" target="F4"/>
  <move id="498" source="C4" target="D4"/>
  <move id="499" source="F4" target="F5"/>
  <move id="500" source="D4" target="E4"/>
  <move id="501" source="F5" target="F6"/>
  <move id="502" source="K6" target="K5"/>
  <move id="503" source="F6" target="F7"/>
  <move id="504" source="K5" target="K4"/>
  <move id="505" source="F7" target="E7"/>
  <move id="506" source="K4" target="K3"/>
  <move id="507" source="E7" target="D7"/>
  <move id="508" source="K3" target="K2"/>
  <move id="509" source="K1" target="K2"/>
  <move id="510" source="K9" target="K8"/>
  <move id="511" source="D7" target="D8"/>
  <move id="512" source="K8" target="K7"/>
  <move id="513" source="D8" target="D9"/>
  <move id="514" source="K7" target="K6"/>
  <move id="515" source="D9" target="D:"/>
  <player id="1">Player 1</player>
  <player id="2">Player 2</player>
  <result type="1" winner="1"/>
 </game>
</stratego>