<?xml version="1.0" encoding="UTF-8"?>
<stratego>
 <game type="classic">
  
  <field content="MBEHDIIEFGBFEDDDDDDDFBBJGLECKJBGGHHBIHFEAA__AA__AAAA__AA__AATRXSTRQWTRVPPPPUNOPTPQUNUNVNSPQSNYNSPQRQ"/>
  <move id="1" source="E4" target="E5"/>
  <move id="2" source="F7" target="F6"/>
  <move id="3" source="E3" target="E4"/>
  <move id="4" source="E7" target="F7"/>
  <move id="5" source="B4" target="B5"/>
  <move id="6" source="D7" target="E7"/>
  <move id="7" source="C4" target="B4"/>
  <move id="8" source="E7" target="E6"/>
  <move id="9" source="E5" target="F5"/>
  <move id="10" source="A7" target="A6"/>
  <move id="11" source="F3" target="E3"/>
  <move id="12" source="A8" target="A7"/>
  <move id="13" source="E4" target="E5"/>
  <move id="14" source="E6" target="E7"/>
  <move id="15" source="E3" target="E4"/>
  <move id="16" source="I7" target="I6"/>
  <move id="17" source="D4" target="C4"/>
  <move id="18" source="I6" target="I5"/>
  <move id="19" source="B5" target="A5"/>
  <move id="20" source="B7" target="B6"/>
  <move id="21" source="B4" target="B5"/>
  <move id="22" source="K7" target="K6"/>
  <move id="23" source="C4" target="B4"/>
  <move id="24" source="K6" target="K5"/>
  <move id="25" source="D3" target="E3"/>
  <move id="26" source="K5" target="K4"/>
  <move id="27" source="I4" target="I5"/>
  <move id="28" source="K4" target="K3"/>
  <move id="29" source="K3" target="K4"/>
  <move id="30" source="I5" target="I6"/>
  <move id="31" source="K4" target="K5"/>
  <move id="32" source="I6" target="I7"/>
  <move id="33" source="K5" target="K6"/>
  <move id="34" source="E7" target="E6"/>
  <move id="35" source="I3" target="I4"/>
  <move id="36" source="E8" target="E7"/>
  <move id="37" source="I4" target="I5"/>
  <move id="38" source="E6" target="E5"/>
  <move id="39" source="F5" target="F6"/>
  <move id="40" source="F7" target="F6"/>
  <move id="41" source="E4" target="E5"/>
  <move id="42" source="E7" target="F7"/>
  <move id="43" source="E5" target="E6"/>
  <move id="44" source="F7" target="F4"/>
  <move id="45" source="E6" target="E7"/>
  <move id="46" source="G7" target="F7"/>
  <move id="47" source="E7" target="F7"/>
  <move id="48" source="I7" target="K7"/>
  <move id="49" source="I5" target="K5"/>
  <move id="50" source="I8" target="I4"/>
  <move id="51" source="H4" target="I4"/>
  <move id="52" source="H7" target="I7"/>
  <move id="53" source="I4" target="H4"/>
  <move id="54" source="I7" target="I6"/>
  <move id="55" source="K6" target="K7"/>
  <move id="56" source="I6" target="K6"/>
  <move id="57" source="K5" target="K6"/>
  <move id="58" source="A6" target="A5"/>
  <move id="59" source="B5" target="B6"/>
  <move id="60" source="A5" target="B5"/>
  <move id="61" source="B4" target="B5"/>
  <move id="62" source="B8" target="B7"/>
  <move id="63" source="B6" target="A6"/>
  <move id="64" source="A7" target="A6"/>
  <move id="65" source="I2" target="I7"/>
  <move id="66" source="A6" target="B6"/>
  <move id="67" source="I7" target="H7"/>
  <move id="68" source="H8" target="I8"/>
  <move id="69" source="H2" target="I2"/>
  <move id="70" source="B6" target="B5"/>
  <move id="71" source="I2" target="I8"/>
  <move id="72" source="I9" target="I8"/>
  <move id="73" source="H7" target="G7"/>
  <move id="74" source="I8" target="H8"/>
  <move id="75" source="G7" target="G8"/>
  <move id="76" source="B5" target="B4"/>
  <move id="77" source="F7" target="G7"/>
  <move id="78" source="B4" target="C4"/>
  <move id="79" source="G7" target="H7"/>
  <move id="80" source="B7" target="B3"/>
  <move id="81" source="H7" target="H8"/>
  <move id="82" source="B9" target="B8"/>
  <move id="83" source="K7" target="I7"/>
  <move id="84" source="B8" target="B7"/>
  <move id="85" source="K2" target="K8"/>
  <move id="86" source="B7" target="B6"/>
  <move id="87" source="H8" target="I8"/>
  <move id="88" source="B6" target="B5"/>
  <move id="89" source="I8" target="K8"/>
  <move id="90" source="B5" target="B4"/>
  <move id="91" source="K8" target="I8"/>
  <move id="92" source="B4" target="B3"/>
  <move id="93" source="A3" target="B3"/>
  <move id="94" source="C4" target="B4"/>
  <move id="95" source="D2" target="D4"/>
  <move id="96" source="B4" target="B3"/>
  <move id="97" source="D4" target="E4"/>
  <move id="98" source="B3" target="A3"/>
  <move id="99" source="E4" target="E7"/>
  <move id="100" source="A9" target="B9"/>
  <move id="101" source="E7" target="H7"/>
  <move id="102" source="B9" target="B2"/>
  <move id="103" source="C2" target="D2"/>
  <move id="104" source="A3" target="B3"/>
  <move id="105" source="D2" target="D3"/>
  <move id="106" source="B3" target="B2"/>
  <move id="107" source="D3" target="D4"/>
  <move id="108" source="B2" target="C2"/>
  <move id="109" source="E3" target="D3"/>
  <move id="110" source="C8" target="B8"/>
  <move id="111" source="H7" target="H9"/>
  <move id="112" source="B8" target="B1"/>
  <move id="113" source="D3" target="D2"/>
  <move id="114" source="C2" target="C1"/>
  <move id="115" source="E2" target="E7"/>
  <move id="116" source="A:" target="A9"/>
  <move id="117" source="I8" target="H8"/>
  <move id="118" source="A9" target="A8"/>
  <move id="119" source="H8" target="H7"/>
  <move id="120" source="A8" target="A7"/>
  <move id="121" source="D4" target="C4"/>
  <move id="122" source="C1" target="C2"/>
  <move id="123" source="D2" target="C2"/>
  <move id="124" source="C7" target="B7"/>
  <move id="125" source="E7" target="B7"/>
  <move id="126" source="B7" target="B6"/>
  <move id="127" source="H7" target="G7"/>
  <move id="128" source="B6" target="B5"/>
  <move id="129" source="G7" target="F7"/>
  <move id="130" source="B5" target="B4"/>
  <move id="131" source="C4" target="D4"/>
  <move id="132" source="A7" target="A6"/>
  <move id="133" source="F7" target="E7"/>
  <move id="134" source="A6" target="A5"/>
  <move id="135" source="D1" target="C1"/>
  <move id="136" source="A5" target="A4"/>
  <move id="137" source="E7" target="D7"/>
  <move id="138" source="A4" target="A3"/>
  <move id="139" source="D7" target="C7"/>
  <move id="140" source="A3" target="A2"/>
  <move id="141" source="C7" target="B7"/>
  <move id="142" source="A2" target="A1"/>
  <player id="1">Player 1</player>
  <player id="2">Player 2</player>
  <result type="1" winner="2"/>
 </game>
</stratego>