<?xml version="1.0" encoding="UTF-8"?>
<stratego>
 <game type="classic">
  
  <field content="KFDDCBBEMBEEBIHJEHIBFJHFFHGGLDIGDDDGEDDBAA__AA__AAAA__AA__AATPNPUPVOPUPSUTXSPTSWQNPVSRNQRQNRQRQNYNTP"/>
  <move id="1" source="F4" target="F5"/>
  <move id="2" source="B7" target="B6"/>
  <move id="3" source="E4" target="E5"/>
  <move id="4" source="B6" target="A6"/>
  <move id="5" source="F5" target="F6"/>
  <move id="6" source="K7" target="K6"/>
  <move id="7" source="E5" target="E6"/>
  <move id="8" source="K6" target="K5"/>
  <move id="9" source="B4" target="B5"/>
  <move id="10" source="A6" target="A4"/>
  <move id="11" source="B5" target="B6"/>
  <move id="12" source="I7" target="K7"/>
  <move id="13" source="B6" target="B7"/>
  <move id="14" source="A7" target="B7"/>
  <move id="15" source="C4" target="B4"/>
  <move id="16" source="B7" target="B6"/>
  <move id="17" source="B4" target="B5"/>
  <move id="18" source="B6" target="A6"/>
  <move id="19" source="B3" target="B4"/>
  <move id="20" source="I8" target="I7"/>
  <move id="21" source="B5" target="A5"/>
  <move id="22" source="A6" target="B6"/>
  <move id="23" source="B4" target="B5"/>
  <move id="24" source="B6" target="A6"/>
  <move id="25" source="B5" target="B6"/>
  <move id="26" source="A6" target="A5"/>
  <move id="27" source="A4" target="A5"/>
  <move id="28" source="I7" target="I6"/>
  <move id="29" source="B6" target="B5"/>
  <move id="30" source="I6" target="I5"/>
  <move id="31" source="B5" target="B4"/>
  <move id="32" source="F7" target="F6"/>
  <move id="33" source="D4" target="E4"/>
  <move id="34" source="E7" target="E6"/>
  <move id="35" source="F6" target="F7"/>
  <move id="36" source="E6" target="E7"/>
  <move id="37" source="F7" target="G7"/>
  <move id="38" source="F8" target="F7"/>
  <move id="39" source="G4" target="F4"/>
  <move id="40" source="F7" target="F6"/>
  <move id="41" source="F4" target="F5"/>
  <move id="42" source="F6" target="F5"/>
  <move id="43" source="E4" target="E5"/>
  <move id="44" source="F5" target="F4"/>
  <move id="45" source="F3" target="F4"/>
  <move id="46" source="G8" target="F8"/>
  <move id="47" source="F4" target="E4"/>
  <move id="48" source="F8" target="F7"/>
  <move id="49" source="E5" target="F5"/>
  <move id="50" source="F7" target="F6"/>
  <move id="51" source="H4" target="G4"/>
  <move id="52" source="F6" target="E6"/>
  <move id="53" source="G4" target="F4"/>
  <move id="54" source="E6" target="E5"/>
  <move id="55" source="E4" target="D4"/>
  <move id="56" source="E5" target="E4"/>
  <move id="57" source="D4" target="C4"/>
  <move id="58" source="E4" target="D4"/>
  <move id="59" source="C4" target="D4"/>
  <move id="60" source="E7" target="E6"/>
  <move id="61" source="F4" target="E4"/>
  <move id="62" source="D7" target="E7"/>
  <move id="63" source="E4" target="E5"/>
  <move id="64" source="E6" target="F6"/>
  <move id="65" source="E5" target="E7"/>
  <move id="66" source="F6" target="F5"/>
  <move id="67" source="E3" target="E4"/>
  <move id="68" source="F5" target="F6"/>
  <move id="69" source="G3" target="G4"/>
  <move id="70" source="F6" target="F7"/>
  <move id="71" source="G4" target="F4"/>
  <move id="72" source="F7" target="E7"/>
  <move id="73" source="E4" target="E5"/>
  <move id="74" source="E7" target="D7"/>
  <move id="75" source="F4" target="F5"/>
  <move id="76" source="E8" target="F8"/>
  <move id="77" source="E5" target="E6"/>
  <move id="78" source="E9" target="E8"/>
  <move id="79" source="E6" target="E7"/>
  <move id="80" source="E8" target="E7"/>
  <move id="81" source="F5" target="F6"/>
  <move id="82" source="E7" target="F7"/>
  <move id="83" source="F6" target="E6"/>
  <move id="84" source="F7" target="E7"/>
  <move id="85" source="E6" target="F6"/>
  <move id="86" source="E7" target="F7"/>
  <move id="87" source="F6" target="E6"/>
  <move id="88" source="I5" target="I4"/>
  <move id="89" source="F2" target="F3"/>
  <move id="90" source="D8" target="E8"/>
  <move id="91" source="F3" target="F4"/>
  <move id="92" source="E8" target="E7"/>
  <move id="93" source="F4" target="F5"/>
  <move id="94" source="E7" target="E6"/>
  <move id="95" source="F5" target="F6"/>
  <move id="96" source="E6" target="E5"/>
  <move id="97" source="F6" target="F7"/>
  <move id="98" source="F8" target="F7"/>
  <move id="99" source="E2" target="E3"/>
  <move id="100" source="E5" target="E4"/>
  <move id="101" source="E3" target="E4"/>
  <move id="102" source="D7" target="D8"/>
  <move id="103" source="E1" target="E2"/>
  <move id="104" source="H8" target="G8"/>
  <move id="105" source="E2" target="E3"/>
  <move id="106" source="G8" target="F8"/>
  <move id="107" source="E3" target="E4"/>
  <move id="108" source="F8" target="E8"/>
  <move id="109" source="D3" target="E3"/>
  <move id="110" source="E8" target="E7"/>
  <move id="111" source="E4" target="F4"/>
  <move id="112" source="E7" target="E6"/>
  <move id="113" source="D4" target="E4"/>
  <move id="114" source="E6" target="E5"/>
  <move id="115" source="E4" target="E5"/>
  <move id="116" source="D8" target="E8"/>
  <move id="117" source="E3" target="E4"/>
  <move id="118" source="E8" target="E9"/>
  <move id="119" source="H3" target="G3"/>
  <move id="120" source="F7" target="F6"/>
  <move id="121" source="G3" target="F3"/>
  <move id="122" source="G7" target="G8"/>
  <move id="123" source="E4" target="E5"/>
  <move id="124" source="G8" target="H8"/>
  <move id="125" source="F3" target="E3"/>
  <move id="126" source="I4" target="H4"/>
  <move id="127" source="E3" target="E4"/>
  <move id="128" source="H4" target="G4"/>
  <move id="129" source="F4" target="F5"/>
  <move id="130" source="F6" target="F7"/>
  <move id="131" source="E5" target="E6"/>
  <move id="132" source="F9" target="F8"/>
  <move id="133" source="F5" target="F6"/>
  <move id="134" source="F7" target="G7"/>
  <move id="135" source="E6" target="E7"/>
  <move id="136" source="G4" target="F4"/>
  <move id="137" source="E7" target="F7"/>
  <move id="138" source="F8" target="F7"/>
  <move id="139" source="I3" target="I4"/>
  <move id="140" source="F4" target="F5"/>
  <move id="141" source="F6" target="E6"/>
  <move id="142" source="F5" target="E5"/>
  <move id="143" source="E6" target="E7"/>
  <move id="144" source="E5" target="E6"/>
  <move id="145" source="E7" target="E8"/>
  <move id="146" source="E6" target="E7"/>
  <move id="147" source="E8" target="D8"/>
  <move id="148" source="E7" target="D7"/>
  <move id="149" source="D8" target="C8"/>
  <move id="150" source="D7" target="E7"/>
  <move id="151" source="I4" target="I5"/>
  <move id="152" source="G7" target="F7"/>
  <move id="153" source="I5" target="I6"/>
  <move id="154" source="K7" target="I7"/>
  <move id="155" source="I6" target="I7"/>
  <move id="156" source="H7" target="I7"/>
  <player id="1">Player 1</player>
  <player id="2">Player 2</player>
  <result type="3" winner="2"/>
 </game>
</stratego>