<?xml version="1.0" encoding="UTF-8"?>
<stratego>
 <game type="classic">
  
  <field content="FEDEDEMFHFBFBGBGBBHBDICDIJEJIDDHKDGHELGDAA__AA__AAAA__AA__AARSPPRSUPSRPTWVNTXTNPPUPOPNSVUNNRNQQQTYQQ"/>
  <move id="1" source="E4" target="E5"/>
  <move id="2" source="F7" target="F6"/>
  <move id="3" source="F4" target="F5"/>
  <move id="4" source="G7" target="F7"/>
  <move id="5" source="D4" target="E4"/>
  <move id="6" source="E7" target="E6"/>
  <move id="7" source="F3" target="F4"/>
  <move id="8" source="D7" target="E7"/>
  <move id="9" source="D3" target="D4"/>
  <move id="10" source="F6" target="F5"/>
  <move id="11" source="E5" target="E6"/>
  <move id="12" source="E7" target="D7"/>
  <move id="13" source="D4" target="D3"/>
  <move id="14" source="F7" target="E7"/>
  <move id="15" source="E6" target="E5"/>
  <move id="16" source="E7" target="E6"/>
  <move id="17" source="E4" target="D4"/>
  <move id="18" source="F8" target="F7"/>
  <move id="19" source="F4" target="E4"/>
  <move id="20" source="E6" target="E5"/>
  <move id="21" source="E4" target="E5"/>
  <move id="22" source="F7" target="F6"/>
  <move id="23" source="D4" target="E4"/>
  <move id="24" source="G8" target="G7"/>
  <move id="25" source="E4" target="F4"/>
  <move id="26" source="G7" target="F7"/>
  <move id="27" source="D3" target="D4"/>
  <move id="28" source="F7" target="E7"/>
  <move id="29" source="C3" target="D3"/>
  <move id="30" source="E7" target="E6"/>
  <move id="31" source="E3" target="E4"/>
  <move id="32" source="E6" target="E5"/>
  <move id="33" source="F5" target="F6"/>
  <move id="34" source="E5" target="F5"/>
  <move id="35" source="F4" target="F3"/>
  <move id="36" source="D7" target="E7"/>
  <move id="37" source="E4" target="E3"/>
  <move id="38" source="E7" target="E3"/>
  <move id="39" source="D4" target="E4"/>
  <move id="40" source="C7" target="D7"/>
  <move id="41" source="I4" target="I5"/>
  <move id="42" source="D7" target="E7"/>
  <move id="43" source="K4" target="K7"/>
  <move id="44" source="F5" target="F6"/>
  <move id="45" source="I5" target="I6"/>
  <move id="46" source="F6" target="F7"/>
  <move id="47" source="I6" target="K6"/>
  <move id="48" source="F7" target="G7"/>
  <move id="49" source="I3" target="I4"/>
  <move id="50" source="H8" target="G8"/>
  <move id="51" source="I4" target="I5"/>
  <move id="52" source="H7" target="H8"/>
  <move id="53" source="I5" target="I6"/>
  <move id="54" source="G7" target="H7"/>
  <move id="55" source="K6" target="K7"/>
  <move id="56" source="I7" target="K7"/>
  <move id="57" source="K3" target="K4"/>
  <move id="58" source="K8" target="K7"/>
  <move id="59" source="K4" target="K5"/>
  <move id="60" source="K7" target="I7"/>
  <move id="61" source="I6" target="K6"/>
  <move id="62" source="I7" target="K7"/>
  <move id="63" source="H3" target="I3"/>
  <move id="64" source="K7" target="K6"/>
  <move id="65" source="K5" target="I5"/>
  <move id="66" source="H7" target="I7"/>
  <move id="67" source="I5" target="I7"/>
  <move id="68" source="I7" target="I6"/>
  <move id="69" source="K6" target="K5"/>
  <move id="70" source="I6" target="I5"/>
  <move id="71" source="K5" target="K4"/>
  <move id="72" source="I5" target="K5"/>
  <move id="73" source="K4" target="I4"/>
  <move id="74" source="H8" target="H7"/>
  <move id="75" source="F3" target="F4"/>
  <move id="76" source="E7" target="F7"/>
  <move id="77" source="G3" target="F3"/>
  <move id="78" source="K5" target="K4"/>
  <move id="79" source="I4" target="I5"/>
  <move id="80" source="H7" target="G7"/>
  <move id="81" source="I5" target="I6"/>
  <move id="82" source="H9" target="H8"/>
  <move id="83" source="I3" target="H3"/>
  <move id="84" source="H8" target="H7"/>
  <move id="85" source="I6" target="I5"/>
  <move id="86" source="H7" target="I7"/>
  <move id="87" source="H4" target="I4"/>
  <move id="88" source="K4" target="I4"/>
  <move id="89" source="G4" target="G3"/>
  <move id="90" source="I7" target="I6"/>
  <move id="91" source="I5" target="I4"/>
  <move id="92" source="I6" target="I5"/>
  <move id="93" source="I4" target="H4"/>
  <move id="94" source="F7" target="F8"/>
  <move id="95" source="E4" target="E5"/>
  <move id="96" source="G7" target="H7"/>
  <move id="97" source="F4" target="F5"/>
  <move id="98" source="H7" target="H8"/>
  <move id="99" source="C4" target="D4"/>
  <move id="100" source="I5" target="I6"/>
  <move id="101" source="F3" target="F4"/>
  <move id="102" source="I6" target="I7"/>
  <move id="103" source="G3" target="G4"/>
  <move id="104" source="I7" target="H7"/>
  <move id="105" source="E3" target="F3"/>
  <move id="106" source="H7" target="G7"/>
  <move id="107" source="D4" target="E4"/>
  <move id="108" source="G7" target="F7"/>
  <move id="109" source="F5" target="F7"/>
  <move id="110" source="F7" target="G7"/>
  <move id="111" source="H4" target="I4"/>
  <move id="112" source="G7" target="H7"/>
  <move id="113" source="G4" target="H4"/>
  <move id="114" source="H7" target="I7"/>
  <move id="115" source="F4" target="F5"/>
  <move id="116" source="F8" target="F5"/>
  <move id="117" source="E5" target="E6"/>
  <move id="118" source="B7" target="C7"/>
  <move id="119" source="E6" target="E7"/>
  <move id="120" source="C7" target="D7"/>
  <move id="121" source="E4" target="E5"/>
  <move id="122" source="D7" target="E7"/>
  <move id="123" source="F5" target="F4"/>
  <move id="124" source="I7" target="I6"/>
  <move id="125" source="F4" target="G4"/>
  <move id="126" source="I6" target="I5"/>
  <move id="127" source="I4" target="K4"/>
  <move id="128" source="I5" target="K5"/>
  <move id="129" source="K4" target="I4"/>
  <move id="130" source="K5" target="I5"/>
  <move id="131" source="I4" target="K4"/>
  <move id="132" source="E7" target="E6"/>
  <move id="133" source="E5" target="E4"/>
  <move id="134" source="E6" target="E5"/>
  <move id="135" source="E4" target="D4"/>
  <move id="136" source="E5" target="E4"/>
  <move id="137" source="F3" target="F4"/>
  <move id="138" source="E4" target="D4"/>
  <move id="139" source="F4" target="F5"/>
  <move id="140" source="I5" target="I4"/>
  <move id="141" source="K4" target="K5"/>
  <move id="142" source="I4" target="I3"/>
  <move id="143" source="H3" target="I3"/>
  <move id="144" source="D8" target="D7"/>
  <move id="145" source="D4" target="E4"/>
  <move id="146" source="D7" target="E7"/>
  <move id="147" source="E4" target="E5"/>
  <move id="148" source="E7" target="F7"/>
  <move id="149" source="E5" target="E6"/>
  <move id="150" source="F7" target="G7"/>
  <move id="151" source="D3" target="D4"/>
  <move id="152" source="G7" target="H7"/>
  <move id="153" source="D4" target="E4"/>
  <move id="154" source="A7" target="A6"/>
  <move id="155" source="G4" target="G3"/>
  <move id="156" source="A6" target="A5"/>
  <move id="157" source="H4" target="G4"/>
  <move id="158" source="A5" target="A4"/>
  <move id="159" source="B4" target="A4"/>
  <move id="160" source="A8" target="A7"/>
  <move id="161" source="E4" target="D4"/>
  <move id="162" source="A7" target="A6"/>
  <move id="163" source="D4" target="C4"/>
  <move id="164" source="A6" target="A5"/>
  <move id="165" source="A4" target="B4"/>
  <move id="166" source="A5" target="A3"/>
  <move id="167" source="B4" target="A4"/>
  <move id="168" source="B8" target="A8"/>
  <move id="169" source="A4" target="A5"/>
  <move id="170" source="B9" target="B8"/>
  <move id="171" source="A5" target="A6"/>
  <move id="172" source="B8" target="B7"/>
  <move id="173" source="C4" target="B4"/>
  <move id="174" source="B7" target="B6"/>
  <move id="175" source="A6" target="A5"/>
  <move id="176" source="B6" target="B5"/>
  <move id="177" source="A5" target="A4"/>
  <move id="178" source="B5" target="B4"/>
  <move id="179" source="B3" target="B4"/>
  <move id="180" source="H7" target="I7"/>
  <move id="181" source="G4" target="F4"/>
  <move id="182" source="I7" target="I6"/>
  <move id="183" source="F4" target="E4"/>
  <move id="184" source="I6" target="I5"/>
  <move id="185" source="K5" target="K6"/>
  <move id="186" source="I5" target="I4"/>
  <move id="187" source="G3" target="H3"/>
  <move id="188" source="I4" target="H4"/>
  <move id="189" source="H3" target="H4"/>
  <move id="190" source="H4" target="G4"/>
  <move id="191" source="F5" target="F6"/>
  <move id="192" source="G4" target="F4"/>
  <move id="193" source="E4" target="E3"/>
  <move id="194" source="F4" target="E4"/>
  <move id="195" source="E3" target="F3"/>
  <move id="196" source="E4" target="D4"/>
  <move id="197" source="A4" target="A5"/>
  <move id="198" source="D4" target="C4"/>
  <move id="199" source="A5" target="A6"/>
  <move id="200" source="C4" target="B4"/>
  <move id="201" source="A6" target="B6"/>
  <move id="202" source="B4" target="B5"/>
  <move id="203" source="B6" target="B7"/>
  <move id="204" source="B5" target="B6"/>
  <move id="205" source="B7" target="C7"/>
  <move id="206" source="B6" target="B5"/>
  <move id="207" source="E6" target="E5"/>
  <move id="208" source="B5" target="B4"/>
  <move id="209" source="C7" target="D7"/>
  <move id="210" source="B4" target="B5"/>
  <move id="211" source="D7" target="C7"/>
  <move id="212" source="B5" target="B6"/>
  <move id="213" source="E5" target="E4"/>
  <move id="214" source="B6" target="B7"/>
  <move id="215" source="C7" target="D7"/>
  <move id="216" source="B7" target="C7"/>
  <move id="217" source="D7" target="D8"/>
  <move id="218" source="C8" target="D8"/>
  <move id="219" source="E4" target="D4"/>
  <move id="220" source="C7" target="D7"/>
  <move id="221" source="F6" target="F7"/>
  <move id="222" source="D7" target="E7"/>
  <move id="223" source="F7" target="G7"/>
  <move id="224" source="E7" target="F7"/>
  <move id="225" source="G7" target="H7"/>
  <move id="226" source="F7" target="G7"/>
  <move id="227" source="H7" target="H8"/>
  <move id="228" source="G7" target="H7"/>
  <move id="229" source="H8" target="H9"/>
  <move id="230" source="I9" target="H9"/>
  <move id="231" source="D4" target="E4"/>
  <move id="232" source="D8" target="D7"/>
  <move id="233" source="E4" target="F4"/>
  <move id="234" source="D7" target="E7"/>
  <move id="235" source="F4" target="G4"/>
  <move id="236" source="E7" target="F7"/>
  <move id="237" source="K6" target="K5"/>
  <move id="238" source="H7" target="H8"/>
  <move id="239" source="K5" target="K4"/>
  <move id="240" source="F7" target="G7"/>
  <move id="241" source="G4" target="H4"/>
  <move id="242" source="G7" target="H7"/>
  <move id="243" source="K4" target="K3"/>
  <move id="244" source="H7" target="I7"/>
  <move id="245" source="H4" target="I4"/>
  <move id="246" source="I7" target="I6"/>
  <move id="247" source="K3" target="I3"/>
  <move id="248" source="I6" target="I5"/>
  <move id="249" source="I3" target="H3"/>
  <move id="250" source="I5" target="I4"/>
  <move id="251" source="H3" target="H4"/>
  <move id="252" source="H8" target="H7"/>
  <move id="253" source="H4" target="G4"/>
  <move id="254" source="D9" target="D8"/>
  <move id="255" source="G4" target="F4"/>
  <move id="256" source="D8" target="D7"/>
  <move id="257" source="F4" target="E4"/>
  <move id="258" source="D7" target="C7"/>
  <move id="259" source="E4" target="D4"/>
  <move id="260" source="C7" target="B7"/>
  <move id="261" source="D4" target="C4"/>
  <move id="262" source="B7" target="B6"/>
  <move id="263" source="C4" target="B4"/>
  <move id="264" source="B6" target="B5"/>
  <move id="265" source="B4" target="B5"/>
  <move id="266" source="H7" target="G7"/>
  <move id="267" source="F3" target="F4"/>
  <move id="268" source="G7" target="F7"/>
  <move id="269" source="F2" target="F3"/>
  <move id="270" source="F7" target="E7"/>
  <move id="271" source="F3" target="G3"/>
  <move id="272" source="E7" target="D7"/>
  <move id="273" source="F4" target="F5"/>
  <move id="274" source="D7" target="E7"/>
  <move id="275" source="B5" target="B4"/>
  <move id="276" source="E7" target="F7"/>
  <move id="277" source="F5" target="F4"/>
  <move id="278" source="F7" target="G7"/>
  <move id="279" source="F4" target="E4"/>
  <move id="280" source="G7" target="F7"/>
  <move id="281" source="G3" target="G4"/>
  <move id="282" source="F7" target="F6"/>
  <move id="283" source="G4" target="H4"/>
  <move id="284" source="F6" target="F5"/>
  <move id="285" source="H4" target="I4"/>
  <move id="286" source="G8" target="H8"/>
  <move id="287" source="I4" target="I5"/>
  <move id="288" source="H8" target="H7"/>
  <move id="289" source="I5" target="I6"/>
  <move id="290" source="H7" target="I7"/>
  <move id="291" source="I6" target="K6"/>
  <move id="292" source="I7" target="K7"/>
  <move id="293" source="K6" target="I6"/>
  <move id="294" source="F5" target="F4"/>
  <move id="295" source="E4" target="E5"/>
  <move id="296" source="F4" target="G4"/>
  <move id="297" source="E5" target="E6"/>
  <move id="298" source="G4" target="H4"/>
  <move id="299" source="E6" target="E7"/>
  <move id="300" source="H4" target="I4"/>
  <move id="301" source="E7" target="F7"/>
  <move id="302" source="K7" target="I7"/>
  <move id="303" source="I6" target="K6"/>
  <move id="304" source="I4" target="I5"/>
  <move id="305" source="F7" target="F8"/>
  <move id="306" source="G9" target="G8"/>
  <move id="307" source="F8" target="F9"/>
  <move id="308" source="F:" target="F9"/>
  <move id="309" source="B4" target="B5"/>
  <move id="310" source="I7" target="K7"/>
  <move id="311" source="B5" target="B6"/>
  <move id="312" source="K7" target="K6"/>
  <move id="313" source="B6" target="B7"/>
  <move id="314" source="I5" target="I6"/>
  <move id="315" source="B7" target="C7"/>
  <move id="316" source="I6" target="I7"/>
  <move id="317" source="B2" target="B3"/>
  <move id="318" source="I7" target="H7"/>
  <move id="319" source="B3" target="C3"/>
  <move id="320" source="H7" target="G7"/>
  <move id="321" source="C3" target="D3"/>
  <move id="322" source="G7" target="F7"/>
  <move id="323" source="D3" target="E3"/>
  <move id="324" source="F7" target="E7"/>
  <move id="325" source="E3" target="E4"/>
  <move id="326" source="E7" target="D7"/>
  <move id="327" source="C7" target="B7"/>
  <move id="328" source="D7" target="C7"/>
  <move id="329" source="B7" target="B6"/>
  <move id="330" source="A8" target="B8"/>
  <move id="331" source="E4" target="E5"/>
  <move id="332" source="B8" target="C8"/>
  <move id="333" source="E5" target="E6"/>
  <move id="334" source="C7" target="D7"/>
  <move id="335" source="B6" target="B7"/>
  <move id="336" source="C8" target="D8"/>
  <move id="337" source="B7" target="B8"/>
  <move id="338" source="A9" target="A4"/>
  <move id="339" source="E6" target="F6"/>
  <move id="340" source="K6" target="K7"/>
  <move id="341" source="F6" target="F7"/>
  <move id="342" source="K7" target="I7"/>
  <move id="343" source="F7" target="F8"/>
  <move id="344" source="G8" target="G7"/>
  <move id="345" source="F8" target="F9"/>
  <move id="346" source="G7" target="F7"/>
  <move id="347" source="F9" target="G9"/>
  <move id="348" source="G:" target="G9"/>
  <move id="349" source="I2" target="I3"/>
  <move id="350" source="I7" target="I6"/>
  <move id="351" source="I1" target="I2"/>
  <move id="352" source="I6" target="I5"/>
  <move id="353" source="I3" target="H3"/>
  <move id="354" source="I5" target="I4"/>
  <move id="355" source="H3" target="G3"/>
  <move id="356" source="D7" target="C7"/>
  <move id="357" source="G3" target="G4"/>
  <move id="358" source="D8" target="D7"/>
  <move id="359" source="G4" target="F4"/>
  <move id="360" source="D7" target="E7"/>
  <move id="361" source="F4" target="E4"/>
  <move id="362" source="E7" target="E6"/>
  <move id="363" source="D2" target="D3"/>
  <move id="364" source="E6" target="E5"/>
  <move id="365" source="E4" target="D4"/>
  <move id="366" source="E5" target="E4"/>
  <move id="367" source="D4" target="C4"/>
  <move id="368" source="E4" target="D4"/>
  <move id="369" source="D3" target="E3"/>
  <move id="370" source="D4" target="C4"/>
  <move id="371" source="E3" target="E4"/>
  <move id="372" source="A4" target="E4"/>
  <move id="373" source="E4" target="D4"/>
  <move id="374" source="I4" target="H4"/>
  <move id="375" source="D4" target="C4"/>
  <move id="376" source="H4" target="G4"/>
  <move id="377" source="C4" target="B4"/>
  <move id="378" source="G4" target="F4"/>
  <move id="379" source="B4" target="B5"/>
  <move id="380" source="F4" target="E4"/>
  <move id="381" source="B5" target="A5"/>
  <move id="382" source="E4" target="D4"/>
  <move id="383" source="A5" target="A6"/>
  <move id="384" source="D4" target="C4"/>
  <move id="385" source="A6" target="A7"/>
  <move id="386" source="C4" target="B4"/>
  <move id="387" source="A7" target="A8"/>
  <move id="388" source="B4" target="B5"/>
  <move id="389" source="A8" target="A9"/>
  <move id="390" source="B5" target="B6"/>
  <move id="391" source="B8" target="A8"/>
  <move id="392" source="C7" target="B7"/>
  <move id="393" source="A9" target="A:"/>
  <move id="394" source="B6" target="B5"/>
  <move id="395" source="I2" target="I3"/>
  <move id="396" source="B5" target="B4"/>
  <move id="397" source="I3" target="I4"/>
  <move id="398" source="G9" target="G8"/>
  <move id="399" source="I4" target="I5"/>
  <move id="400" source="G8" target="H8"/>
  <move id="401" source="F1" target="F2"/>
  <move id="402" source="B4" target="C4"/>
  <move id="403" source="F2" target="F3"/>
  <move id="404" source="C4" target="D4"/>
  <move id="405" source="F3" target="G3"/>
  <move id="406" source="D4" target="E4"/>
  <move id="407" source="I5" target="I4"/>
  <move id="408" source="E4" target="F4"/>
  <move id="409" source="I4" target="H4"/>
  <move id="410" source="H8" target="H7"/>
  <move id="411" source="D1" target="D2"/>
  <move id="412" source="F4" target="G4"/>
  <move id="413" source="G3" target="F3"/>
  <move id="414" source="G4" target="H4"/>
  <move id="415" source="F3" target="F4"/>
  <move id="416" source="F7" target="F6"/>
  <move id="417" source="D2" target="D3"/>
  <move id="418" source="F6" target="F5"/>
  <move id="419" source="F4" target="E4"/>
  <move id="420" source="H7" target="G7"/>
  <move id="421" source="K1" target="I1"/>
  <move id="422" source="F5" target="F4"/>
  <move id="423" source="E4" target="E5"/>
  <move id="424" source="F4" target="E4"/>
  <move id="425" source="E5" target="E6"/>
  <move id="426" source="G7" target="F7"/>
  <move id="427" source="I1" target="I2"/>
  <move id="428" source="E4" target="E5"/>
  <move id="429" source="E6" target="F6"/>
  <move id="430" source="F7" target="F6"/>
  <move id="431" source="I2" target="I3"/>
  <move id="432" source="F6" target="F7"/>
  <move id="433" source="I3" target="I4"/>
  <move id="434" source="F7" target="G7"/>
  <move id="435" source="I4" target="H4"/>
  <move id="436" source="G7" target="H7"/>
  <move id="437" source="H4" target="G4"/>
  <move id="438" source="E5" target="F5"/>
  <move id="439" source="G4" target="F4"/>
  <move id="440" source="D:" target="D9"/>
  <move id="441" source="F4" target="F5"/>
  <move id="442" source="D9" target="D8"/>
  <move id="443" source="D3" target="D4"/>
  <move id="444" source="D8" target="D7"/>
  <move id="445" source="D4" target="C4"/>
  <move id="446" source="D7" target="E7"/>
  <move id="447" source="H1" target="I1"/>
  <move id="448" source="E7" target="E6"/>
  <move id="449" source="I1" target="I2"/>
  <move id="450" source="E6" target="E5"/>
  <move id="451" source="I2" target="I3"/>
  <move id="452" source="E5" target="E4"/>
  <move id="453" source="I3" target="I4"/>
  <move id="454" source="E4" target="E3"/>
  <move id="455" source="C1" target="D1"/>
  <move id="456" source="E3" target="E2"/>
  <move id="457" source="D1" target="D4"/>
  <move id="458" source="E2" target="F2"/>
  <move id="459" source="D4" target="E4"/>
  <move id="460" source="F2" target="G2"/>
  <move id="461" source="E4" target="E7"/>
  <move id="462" source="E9" target="F9"/>
  <move id="463" source="E7" target="D7"/>
  <move id="464" source="G2" target="H2"/>
  <move id="465" source="A8" target="A9"/>
  <move id="466" source="C9" target="A9"/>
  <move id="467" source="A9" target="B9"/>
  <move id="468" source="B7" target="C7"/>
  <move id="469" source="B9" target="C9"/>
  <move id="470" source="C7" target="D7"/>
  <player id="1">Player 1</player>
  <player id="2">Player 2</player>
  <result type="3" winner="1"/>
 </game>
</stratego>