<?xml version="1.0" encoding="UTF-8"?>
<stratego>
 <game type="classic">
  
  <field content="BDLIGEMEEFCEHGJHFFDDHIDDEDDBBGDFJBBBIGKHAA__AA__AAAA__AA__AAUQPPQRPPUONPXNSUPNYSQQVTNPPRTNTNRVRWSSTQ"/>
  <move id="1" source="B4" target="B5"/>
  <move id="2" source="A7" target="A6"/>
  <move id="3" source="B3" target="B4"/>
  <move id="4" source="B7" target="A7"/>
  <move id="5" source="B5" target="A5"/>
  <move id="6" source="A6" target="A5"/>
  <move id="7" source="A3" target="B3"/>
  <move id="8" source="A5" target="A4"/>
  <move id="9" source="B4" target="A4"/>
  <move id="10" source="B8" target="B3"/>
  <move id="11" source="B3" target="B4"/>
  <move id="12" source="C8" target="B8"/>
  <move id="13" source="B4" target="A4"/>
  <move id="14" source="A7" target="B7"/>
  <move id="15" source="C3" target="B3"/>
  <move id="16" source="B7" target="B6"/>
  <move id="17" source="B3" target="B6"/>
  <move id="18" source="C7" target="B7"/>
  <move id="19" source="A4" target="A5"/>
  <move id="20" source="B7" target="A7"/>
  <move id="21" source="A5" target="B5"/>
  <move id="22" source="B6" target="B7"/>
  <move id="23" source="B5" target="B6"/>
  <move id="24" source="B7" target="C7"/>
  <move id="25" source="C4" target="B4"/>
  <move id="26" source="A7" target="B7"/>
  <move id="27" source="B4" target="B5"/>
  <move id="28" source="F7" target="F6"/>
  <move id="29" source="B6" target="B7"/>
  <move id="30" source="B8" target="B7"/>
  <move id="31" source="D3" target="C3"/>
  <move id="32" source="B7" target="B6"/>
  <move id="33" source="B5" target="B4"/>
  <move id="34" source="B6" target="B5"/>
  <move id="35" source="B4" target="A4"/>
  <move id="36" source="B5" target="A5"/>
  <move id="37" source="A4" target="A3"/>
  <move id="38" source="A5" target="A4"/>
  <move id="39" source="C3" target="B3"/>
  <move id="40" source="C7" target="C8"/>
  <move id="41" source="C2" target="C3"/>
  <move id="42" source="D7" target="B7"/>
  <move id="43" source="C1" target="C2"/>
  <move id="44" source="B7" target="B3"/>
  <move id="45" source="B2" target="B3"/>
  <move id="46" source="A4" target="A3"/>
  <move id="47" source="A2" target="A3"/>
  <move id="48" source="F6" target="F5"/>
  <move id="49" source="C3" target="C4"/>
  <move id="50" source="F8" target="F7"/>
  <move id="51" source="C2" target="C3"/>
  <move id="52" source="F7" target="F6"/>
  <move id="53" source="C4" target="B4"/>
  <move id="54" source="F5" target="F4"/>
  <move id="55" source="B4" target="B5"/>
  <move id="56" source="E7" target="E6"/>
  <move id="57" source="A3" target="A4"/>
  <move id="58" source="F6" target="F5"/>
  <move id="59" source="A4" target="B4"/>
  <move id="60" source="E6" target="E5"/>
  <move id="61" source="B4" target="C4"/>
  <move id="62" source="I7" target="I6"/>
  <move id="63" source="B3" target="B4"/>
  <move id="64" source="I6" target="I5"/>
  <move id="65" source="C3" target="B3"/>
  <move id="66" source="H7" target="I7"/>
  <move id="67" source="B1" target="B2"/>
  <move id="68" source="I7" target="I6"/>
  <move id="69" source="B2" target="A2"/>
  <move id="70" source="I5" target="K5"/>
  <move id="71" source="K4" target="K5"/>
  <move id="72" source="I6" target="I5"/>
  <move id="73" source="I4" target="I5"/>
  <move id="74" source="K5" target="K4"/>
  <move id="75" source="H4" target="I4"/>
  <move id="76" source="K4" target="K3"/>
  <move id="77" source="I5" target="I6"/>
  <move id="78" source="K3" target="K2"/>
  <move id="79" source="I6" target="I7"/>
  <move id="80" source="K2" target="K1"/>
  <move id="81" source="I7" target="I8"/>
  <player id="1">Player 1</player>
  <player id="2">Player 2</player>
  <result type="1" winner="1"/>
 </game>
</stratego>