<?xml version="1.0" encoding="UTF-8"?>
<stratego>
 <game type="classic">
  
  <field content="DFBGBMBEBBHDBEIEEGIFDFJCKHFEJHHDDIGDDLGDAA__AA__AAAA__AA__AASRTNRPNQUTTSPUXNQUQWRSONQVNVRPTQNYSPPPPP"/>
  <move id="1" source="K4" target="K5"/>
  <move id="2" source="E7" target="E6"/>
  <move id="3" source="K5" target="K6"/>
  <move id="4" source="E6" target="E5"/>
  <move id="5" source="A4" target="A5"/>
  <move id="6" source="F7" target="F6"/>
  <move id="7" source="A5" target="A6"/>
  <move id="8" source="F6" target="F5"/>
  <move id="9" source="A6" target="A7"/>
  <move id="10" source="A8" target="A7"/>
  <move id="11" source="A3" target="A9"/>
  <move id="12" source="E8" target="E7"/>
  <move id="13" source="B3" target="A3"/>
  <move id="14" source="E7" target="E6"/>
  <move id="15" source="A3" target="A4"/>
  <move id="16" source="B8" target="A8"/>
  <move id="17" source="A4" target="A5"/>
  <move id="18" source="A8" target="A7"/>
  <move id="19" source="A5" target="B5"/>
  <move id="20" source="A7" target="A6"/>
  <move id="21" source="B4" target="B3"/>
  <move id="22" source="A6" target="B6"/>
  <move id="23" source="B5" target="A5"/>
  <move id="24" source="C8" target="B8"/>
  <move id="25" source="B3" target="B6"/>
  <move id="26" source="B8" target="A8"/>
  <move id="27" source="A2" target="A3"/>
  <move id="28" source="A8" target="A7"/>
  <move id="29" source="A3" target="B3"/>
  <move id="30" source="A7" target="A6"/>
  <move id="31" source="B3" target="B4"/>
  <move id="32" source="D8" target="C8"/>
  <move id="33" source="B4" target="B5"/>
  <move id="34" source="C8" target="B8"/>
  <move id="35" source="B5" target="B6"/>
  <move id="36" source="A6" target="A5"/>
  <move id="37" source="B6" target="B5"/>
  <move id="38" source="B7" target="A7"/>
  <move id="39" source="B5" target="B4"/>
  <move id="40" source="A7" target="A6"/>
  <move id="41" source="A5" target="A4"/>
  <move id="42" source="A6" target="A5"/>
  <move id="43" source="A4" target="A3"/>
  <move id="44" source="B8" target="B7"/>
  <move id="45" source="A3" target="A2"/>
  <move id="46" source="B7" target="B6"/>
  <move id="47" source="B4" target="B3"/>
  <move id="48" source="B6" target="B5"/>
  <move id="49" source="C4" target="B4"/>
  <move id="50" source="B5" target="B4"/>
  <move id="51" source="D4" target="C4"/>
  <move id="52" source="B4" target="B3"/>
  <move id="53" source="C3" target="B3"/>
  <move id="54" source="A5" target="A4"/>
  <move id="55" source="B3" target="C3"/>
  <move id="56" source="C7" target="B7"/>
  <move id="57" source="C4" target="D4"/>
  <move id="58" source="B7" target="B6"/>
  <move id="59" source="B2" target="B6"/>
  <move id="60" source="A4" target="A3"/>
  <move id="61" source="A2" target="A3"/>
  <move id="62" source="B6" target="B7"/>
  <move id="63" source="D4" target="C4"/>
  <move id="64" source="E5" target="E4"/>
  <move id="65" source="E4" target="D4"/>
  <move id="66" source="F5" target="E5"/>
  <move id="67" source="E3" target="E4"/>
  <move id="68" source="E5" target="E4"/>
  <move id="69" source="F4" target="F8"/>
  <move id="70" source="E6" target="E5"/>
  <move id="71" source="E4" target="E5"/>
  <move id="72" source="E5" target="E4"/>
  <move id="73" source="I4" target="I5"/>
  <move id="74" source="B7" target="B8"/>
  <move id="75" source="I5" target="I6"/>
  <move id="76" source="B8" target="C8"/>
  <move id="77" source="I6" target="I7"/>
  <move id="78" source="C8" target="D8"/>
  <move id="79" source="I3" target="I4"/>
  <move id="80" source="I7" target="I6"/>
  <move id="81" source="K6" target="K7"/>
  <move id="82" source="E4" target="F4"/>
  <move id="83" source="I4" target="I5"/>
  <move id="84" source="I6" target="I7"/>
  <move id="85" source="I5" target="I6"/>
  <move id="86" source="F4" target="G4"/>
  <move id="87" source="H4" target="I4"/>
  <move id="88" source="G4" target="H4"/>
  <move id="89" source="I4" target="K4"/>
  <move id="90" source="H4" target="I4"/>
  <move id="91" source="K4" target="K5"/>
  <move id="92" source="I4" target="I5"/>
  <move id="93" source="K5" target="I5"/>
  <move id="94" source="E9" target="E8"/>
  <move id="95" source="C3" target="B3"/>
  <move id="96" source="E8" target="E7"/>
  <move id="97" source="B3" target="B4"/>
  <move id="98" source="E7" target="E6"/>
  <move id="99" source="B4" target="B5"/>
  <move id="100" source="E6" target="E5"/>
  <move id="101" source="B5" target="B6"/>
  <move id="102" source="D8" target="E8"/>
  <move id="103" source="B6" target="B7"/>
  <move id="104" source="E8" target="E7"/>
  <move id="105" source="B7" target="B8"/>
  <move id="106" source="E5" target="F5"/>
  <move id="107" source="B8" target="A8"/>
  <move id="108" source="F9" target="E9"/>
  <move id="109" source="A8" target="A9"/>
  <move id="110" source="B9" target="B8"/>
  <move id="111" source="A9" target="A8"/>
  <move id="112" source="B8" target="B7"/>
  <move id="113" source="A8" target="B8"/>
  <move id="114" source="B7" target="B6"/>
  <move id="115" source="B8" target="B9"/>
  <move id="116" source="B6" target="B5"/>
  <move id="117" source="C4" target="C3"/>
  <move id="118" source="B5" target="B4"/>
  <move id="119" source="A1" target="A:"/>
  <move id="120" source="B:" target="B9"/>
  <move id="121" source="B9" target="B8"/>
  <move id="122" source="E7" target="E6"/>
  <move id="123" source="B8" target="B7"/>
  <move id="124" source="B4" target="B3"/>
  <move id="125" source="C3" target="C4"/>
  <move id="126" source="E6" target="E5"/>
  <move id="127" source="B7" target="A7"/>
  <move id="128" source="A:" target="B:"/>
  <move id="129" source="A7" target="A6"/>
  <move id="130" source="E9" target="E8"/>
  <move id="131" source="A6" target="A5"/>
  <move id="132" source="E8" target="D8"/>
  <move id="133" source="A5" target="B5"/>
  <move id="134" source="B:" target="A:"/>
  <move id="135" source="B5" target="B6"/>
  <move id="136" source="D8" target="C8"/>
  <move id="137" source="B6" target="B7"/>
  <move id="138" source="E5" target="E4"/>
  <move id="139" source="B7" target="B8"/>
  <move id="140" source="C8" target="B8"/>
  <move id="141" source="D4" target="E4"/>
  <move id="142" source="K7" target="K6"/>
  <move id="143" source="C4" target="D4"/>
  <move id="144" source="E4" target="F4"/>
  <move id="145" source="D4" target="E4"/>
  <move id="146" source="F4" target="F3"/>
  <move id="147" source="E4" target="F4"/>
  <move id="148" source="F5" target="E5"/>
  <move id="149" source="F4" target="G4"/>
  <move id="150" source="K6" target="K5"/>
  <move id="151" source="G4" target="H4"/>
  <move id="152" source="K5" target="K4"/>
  <move id="153" source="H4" target="I4"/>
  <move id="154" source="K4" target="K3"/>
  <move id="155" source="I4" target="H4"/>
  <move id="156" source="E5" target="E4"/>
  <move id="157" source="H4" target="G4"/>
  <move id="158" source="E4" target="E3"/>
  <move id="159" source="G4" target="F4"/>
  <move id="160" source="E3" target="D3"/>
  <move id="161" source="D2" target="D3"/>
  <move id="162" source="K8" target="K7"/>
  <move id="163" source="F4" target="F5"/>
  <move id="164" source="K7" target="K6"/>
  <move id="165" source="F5" target="F6"/>
  <move id="166" source="K6" target="I6"/>
  <move id="167" source="F6" target="F7"/>
  <move id="168" source="I6" target="I5"/>
  <move id="169" source="E2" target="E3"/>
  <move id="170" source="I5" target="I4"/>
  <move id="171" source="E3" target="E4"/>
  <move id="172" source="I4" target="H4"/>
  <move id="173" source="E4" target="E5"/>
  <move id="174" source="H4" target="G4"/>
  <move id="175" source="E5" target="E6"/>
  <move id="176" source="G4" target="F4"/>
  <move id="177" source="E6" target="E7"/>
  <move id="178" source="F4" target="F5"/>
  <move id="179" source="E7" target="E8"/>
  <move id="180" source="F5" target="F6"/>
  <move id="181" source="F7" target="G7"/>
  <move id="182" source="C9" target="C8"/>
  <move id="183" source="E8" target="E9"/>
  <move id="184" source="E:" target="E9"/>
  <move id="185" source="E9" target="E:"/>
  <move id="186" source="C8" target="D8"/>
  <move id="187" source="E:" target="D:"/>
  <player id="1">Player 1</player>
  <player id="2">Player 2</player>
  <result type="1" winner="1"/>
 </game>
</stratego>