<?xml version="1.0" encoding="UTF-8"?>
<stratego>
 <game type="classic">
  
  <field content="IDEBMBHFBHDEDEBDEBDFHKEDJLCJGBFHDGFGIIDGAA__AA__AAAA__AA__AARTNRPUXWTSUPNVTPQOUPQRNPQSNVPPSPTSRNYNQQ"/>
  <move id="1" source="B4" target="B5"/>
  <move id="2" source="K7" target="K6"/>
  <move id="3" source="C4" target="B4"/>
  <move id="4" source="K6" target="K5"/>
  <move id="5" source="B5" target="A5"/>
  <move id="6" source="K5" target="K4"/>
  <move id="7" source="I4" target="K4"/>
  <move id="8" source="I7" target="K7"/>
  <move id="9" source="I3" target="I4"/>
  <move id="10" source="K7" target="K6"/>
  <move id="11" source="H3" target="I3"/>
  <move id="12" source="K6" target="K5"/>
  <move id="13" source="I3" target="H3"/>
  <move id="14" source="K8" target="K7"/>
  <move id="15" source="A5" target="A6"/>
  <move id="16" source="K7" target="I7"/>
  <move id="17" source="B4" target="B5"/>
  <move id="18" source="I7" target="I6"/>
  <move id="19" source="H3" target="I3"/>
  <move id="20" source="I6" target="I4"/>
  <move id="21" source="E4" target="E5"/>
  <move id="22" source="K5" target="K4"/>
  <move id="23" source="I4" target="I5"/>
  <move id="24" source="K4" target="K5"/>
  <move id="25" source="I5" target="I4"/>
  <move id="26" source="I8" target="I7"/>
  <move id="27" source="B5" target="B6"/>
  <move id="28" source="I7" target="I6"/>
  <move id="29" source="E3" target="E4"/>
  <move id="30" source="K5" target="K4"/>
  <move id="31" source="F4" target="F5"/>
  <move id="32" source="I6" target="I5"/>
  <move id="33" source="I4" target="I5"/>
  <move id="34" source="I5" target="I6"/>
  <move id="35" source="I3" target="I4"/>
  <move id="36" source="K4" target="K5"/>
  <move id="37" source="I4" target="I5"/>
  <move id="38" source="I6" target="I7"/>
  <move id="39" source="I5" target="K5"/>
  <move id="40" source="I7" target="I8"/>
  <move id="41" source="E4" target="F4"/>
  <move id="42" source="K9" target="K8"/>
  <move id="43" source="K5" target="I5"/>
  <move id="44" source="K8" target="K7"/>
  <move id="45" source="I5" target="I4"/>
  <move id="46" source="K7" target="K6"/>
  <move id="47" source="I4" target="I3"/>
  <move id="48" source="K6" target="K5"/>
  <move id="49" source="I3" target="H3"/>
  <move id="50" source="K5" target="K4"/>
  <move id="51" source="I2" target="I3"/>
  <move id="52" source="K4" target="H4"/>
  <move id="53" source="I3" target="I4"/>
  <move id="54" source="I8" target="K8"/>
  <move id="55" source="I4" target="K4"/>
  <move id="56" source="K8" target="K7"/>
  <move id="57" source="K4" target="K5"/>
  <move id="58" source="K7" target="K6"/>
  <move id="59" source="K5" target="I5"/>
  <move id="60" source="K6" target="I6"/>
  <move id="61" source="I5" target="K5"/>
  <move id="62" source="I6" target="K6"/>
  <move id="63" source="K5" target="I5"/>
  <move id="64" source="I9" target="I5"/>
  <move id="65" source="H3" target="I3"/>
  <move id="66" source="H7" target="I7"/>
  <move id="67" source="G3" target="H3"/>
  <move id="68" source="I7" target="I6"/>
  <move id="69" source="G4" target="G3"/>
  <move id="70" source="I6" target="I5"/>
  <move id="71" source="F4" target="G4"/>
  <move id="72" source="I5" target="I4"/>
  <move id="73" source="F3" target="F4"/>
  <move id="74" source="F7" target="F6"/>
  <move id="75" source="B3" target="B4"/>
  <move id="76" source="K6" target="K7"/>
  <player id="1">Player 1</player>
  <player id="2">Player 2</player>
  <result type="3" winner="2"/>
 </game>
</stratego>