<?xml version="1.0" encoding="UTF-8"?>
<stratego>
 <game type="classic">
  
  <field content="BDBBEBMBBFGJEEHEDEJDHDGLDGKCGIDFIHDFIHDFAA__AA__AAAA__AA__AASPWNSPVPSPPTSOPTPUPURNQRUQRTXQQNNQTNNYRV"/>
  <move id="1" source="E4" target="E5"/>
  <move id="2" source="B7" target="B4"/>
  <move id="3" source="E5" target="E6"/>
  <move id="4" source="A7" target="A6"/>
  <move id="5" source="I4" target="I5"/>
  <move id="6" source="A6" target="A5"/>
  <move id="7" source="I5" target="I6"/>
  <move id="8" source="A5" target="B5"/>
  <move id="9" source="I6" target="I7"/>
  <move id="10" source="F7" target="F4"/>
  <move id="11" source="H4" target="I4"/>
  <move id="12" source="K7" target="K4"/>
  <move id="13" source="I4" target="I5"/>
  <move id="14" source="K8" target="K7"/>
  <move id="15" source="I5" target="I6"/>
  <move id="16" source="K7" target="K6"/>
  <move id="17" source="I6" target="K6"/>
  <move id="18" source="I7" target="I6"/>
  <move id="19" source="E6" target="E7"/>
  <move id="20" source="I6" target="I5"/>
  <move id="21" source="D4" target="E4"/>
  <move id="22" source="I5" target="K5"/>
  <move id="23" source="K4" target="I4"/>
  <move id="24" source="K5" target="K4"/>
  <move id="25" source="K3" target="K4"/>
  <move id="26" source="K6" target="I6"/>
  <move id="27" source="K4" target="K5"/>
  <move id="28" source="I6" target="I5"/>
  <move id="29" source="K5" target="I5"/>
  <move id="30" source="A8" target="A4"/>
  <move id="31" source="E4" target="E5"/>
  <move id="32" source="B8" target="A8"/>
  <move id="33" source="E5" target="E6"/>
  <move id="34" source="E7" target="F7"/>
  <move id="35" source="E6" target="F6"/>
  <move id="36" source="C7" target="B7"/>
  <move id="37" source="E3" target="E4"/>
  <move id="38" source="B7" target="B6"/>
  <move id="39" source="E4" target="E5"/>
  <move id="40" source="C8" target="C7"/>
  <move id="41" source="E5" target="E6"/>
  <move id="42" source="C7" target="B7"/>
  <move id="43" source="F6" target="F5"/>
  <move id="44" source="B7" target="A7"/>
  <move id="45" source="F5" target="E5"/>
  <move id="46" source="A7" target="A6"/>
  <move id="47" source="E5" target="E4"/>
  <move id="48" source="A6" target="A5"/>
  <move id="49" source="E4" target="E3"/>
  <move id="50" source="A5" target="A4"/>
  <move id="51" source="B4" target="A4"/>
  <move id="52" source="D8" target="C8"/>
  <move id="53" source="A3" target="A4"/>
  <move id="54" source="C8" target="C7"/>
  <move id="55" source="B3" target="B4"/>
  <move id="56" source="C7" target="B7"/>
  <move id="57" source="B4" target="B3"/>
  <move id="58" source="B6" target="A6"/>
  <move id="59" source="A4" target="B4"/>
  <move id="60" source="B5" target="A5"/>
  <move id="61" source="I4" target="H4"/>
  <move id="62" source="A8" target="B8"/>
  <move id="63" source="E3" target="E4"/>
  <move id="64" source="I8" target="I3"/>
  <move id="65" source="H4" target="I4"/>
  <move id="66" source="H8" target="I8"/>
  <move id="67" source="E4" target="E5"/>
  <move id="68" source="B7" target="C7"/>
  <move id="69" source="F4" target="E4"/>
  <move id="70" source="B8" target="B7"/>
  <move id="71" source="E4" target="E3"/>
  <move id="72" source="B7" target="B6"/>
  <move id="73" source="B4" target="A4"/>
  <move id="74" source="A5" target="B5"/>
  <move id="75" source="E5" target="F5"/>
  <move id="76" source="B6" target="B7"/>
  <move id="77" source="A4" target="B4"/>
  <move id="78" source="B5" target="A5"/>
  <move id="79" source="F5" target="F6"/>
  <move id="80" source="E8" target="E6"/>
  <move id="81" source="E3" target="E4"/>
  <move id="82" source="A6" target="A7"/>
  <move id="83" source="E4" target="F4"/>
  <move id="84" source="B7" target="B6"/>
  <move id="85" source="B4" target="A4"/>
  <move id="86" source="A5" target="B5"/>
  <move id="87" source="I4" target="I5"/>
  <move id="88" source="B6" target="A6"/>
  <move id="89" source="A4" target="B4"/>
  <move id="90" source="B5" target="B6"/>
  <move id="91" source="B3" target="A3"/>
  <move id="92" source="A6" target="A5"/>
  <move id="93" source="A3" target="A5"/>
  <move id="94" source="A5" target="A4"/>
  <move id="95" source="B4" target="B3"/>
  <move id="96" source="A7" target="A6"/>
  <move id="97" source="C4" target="B4"/>
  <move id="98" source="A4" target="A3"/>
  <move id="99" source="B4" target="B5"/>
  <move id="100" source="B6" target="B5"/>
  <move id="101" source="B3" target="A3"/>
  <move id="102" source="A6" target="A5"/>
  <move id="103" source="B5" target="B4"/>
  <move id="104" source="A5" target="A4"/>
  <move id="105" source="C3" target="C4"/>
  <move id="106" source="C7" target="B7"/>
  <move id="107" source="F4" target="F5"/>
  <move id="108" source="B7" target="B6"/>
  <move id="109" source="F5" target="E5"/>
  <move id="110" source="B6" target="B5"/>
  <move id="111" source="B4" target="A4"/>
  <move id="112" source="A4" target="A3"/>
  <move id="113" source="C4" target="B4"/>
  <move id="114" source="B5" target="B4"/>
  <move id="115" source="C2" target="C3"/>
  <move id="116" source="F7" target="E7"/>
  <move id="117" source="F6" target="E6"/>
  <move id="118" source="E7" target="E8"/>
  <move id="119" source="E5" target="F5"/>
  <move id="120" source="E8" target="D8"/>
  <move id="121" source="E6" target="E5"/>
  <move id="122" source="D8" target="C8"/>
  <move id="123" source="E5" target="E4"/>
  <move id="124" source="C8" target="B8"/>
  <move id="125" source="C3" target="C4"/>
  <move id="126" source="A3" target="A4"/>
  <move id="127" source="B4" target="B3"/>
  <move id="128" source="A4" target="B4"/>
  <move id="129" source="D3" target="C3"/>
  <move id="130" source="B4" target="C4"/>
  <move id="131" source="C3" target="C4"/>
  <move id="132" source="I8" target="K8"/>
  <move id="133" source="I5" target="K5"/>
  <move id="134" source="H7" target="I7"/>
  <move id="135" source="K5" target="K6"/>
  <move id="136" source="G7" target="F7"/>
  <move id="137" source="E4" target="E3"/>
  <move id="138" source="F7" target="F6"/>
  <move id="139" source="F5" target="F4"/>
  <move id="140" source="F6" target="F5"/>
  <move id="141" source="C4" target="D4"/>
  <move id="142" source="I7" target="H7"/>
  <move id="143" source="D4" target="E4"/>
  <move id="144" source="H7" target="H8"/>
  <move id="145" source="E4" target="E5"/>
  <move id="146" source="F5" target="F6"/>
  <move id="147" source="E5" target="E6"/>
  <move id="148" source="F6" target="F7"/>
  <move id="149" source="B3" target="B4"/>
  <move id="150" source="F7" target="G7"/>
  <move id="151" source="B4" target="B5"/>
  <move id="152" source="G7" target="H7"/>
  <move id="153" source="B5" target="B6"/>
  <move id="154" source="H7" target="I7"/>
  <move id="155" source="B6" target="B7"/>
  <move id="156" source="I7" target="I6"/>
  <move id="157" source="K6" target="I6"/>
  <move id="158" source="I6" target="I5"/>
  <move id="159" source="H3" target="H4"/>
  <move id="160" source="I5" target="I4"/>
  <move id="161" source="G3" target="H3"/>
  <move id="162" source="I9" target="I8"/>
  <move id="163" source="E6" target="F6"/>
  <move id="164" source="I8" target="I7"/>
  <move id="165" source="F6" target="F7"/>
  <move id="166" source="I7" target="I6"/>
  <move id="167" source="F7" target="G7"/>
  <move id="168" source="I6" target="I5"/>
  <move id="169" source="G7" target="G8"/>
  <move id="170" source="I4" target="K4"/>
  <move id="171" source="G8" target="H8"/>
  <move id="172" source="I5" target="I4"/>
  <move id="173" source="H4" target="I4"/>
  <move id="174" source="K4" target="K3"/>
  <move id="175" source="B2" target="B3"/>
  <move id="176" source="K3" target="K2"/>
  <move id="177" source="I2" target="K2"/>
  <player id="1">Player 1</player>
  <player id="2">Player 2</player>
  <result type="3" winner="1"/>
 </game>
</stratego>