<?xml version="1.0" encoding="UTF-8"?>
<stratego>
 <game type="classic">
  
  <field content="FHMBHDEJBBBJBCGDDEDBEDDKHDFLGEIGFEIFDGIHAA__AA__AAAA__AA__AAPRXVPPRVPWTUPQNNNQUOQSSTNQNUTNSRRSQPPPTY"/>
  <move id="1" source="A4" target="A5"/>
  <move id="2" source="A7" target="A5"/>
  <move id="3" source="F4" target="F5"/>
  <move id="4" source="B7" target="A7"/>
  <move id="5" source="B4" target="B5"/>
  <move id="6" source="C7" target="B7"/>
  <move id="7" source="B3" target="B4"/>
  <move id="8" source="D7" target="C7"/>
  <move id="9" source="K4" target="K5"/>
  <move id="10" source="I7" target="I6"/>
  <move id="11" source="K3" target="K4"/>
  <move id="12" source="B7" target="B6"/>
  <move id="13" source="K5" target="K6"/>
  <move id="14" source="C7" target="B7"/>
  <move id="15" source="K6" target="I6"/>
  <move id="16" source="K7" target="K6"/>
  <move id="17" source="I6" target="K6"/>
  <move id="18" source="K8" target="K7"/>
  <move id="19" source="B5" target="B6"/>
  <move id="20" source="I8" target="I7"/>
  <move id="21" source="B4" target="B3"/>
  <move id="22" source="I7" target="I6"/>
  <move id="23" source="I3" target="K3"/>
  <move id="24" source="H7" target="I7"/>
  <move id="25" source="H3" target="I3"/>
  <move id="26" source="A7" target="A6"/>
  <move id="27" source="H4" target="H3"/>
  <move id="28" source="A6" target="A5"/>
  <move id="29" source="I4" target="H4"/>
  <move id="30" source="B7" target="A7"/>
  <move id="31" source="I3" target="I4"/>
  <move id="32" source="A7" target="A6"/>
  <move id="33" source="I4" target="I5"/>
  <move id="34" source="A6" target="A5"/>
  <move id="35" source="I5" target="I6"/>
  <move id="36" source="I7" target="I8"/>
  <move id="37" source="I6" target="K6"/>
  <move id="38" source="K7" target="K6"/>
  <move id="39" source="K4" target="K5"/>
  <move id="40" source="K6" target="I6"/>
  <move id="41" source="H4" target="I4"/>
  <move id="42" source="B6" target="B7"/>
  <move id="43" source="E4" target="E5"/>
  <move id="44" source="B7" target="C7"/>
  <move id="45" source="K5" target="K6"/>
  <move id="46" source="I6" target="K6"/>
  <move id="47" source="I4" target="I5"/>
  <move id="48" source="I8" target="K8"/>
  <move id="49" source="I5" target="I6"/>
  <move id="50" source="C7" target="D7"/>
  <move id="51" source="I6" target="I7"/>
  <move id="52" source="E7" target="E5"/>
  <move id="53" source="I7" target="K7"/>
  <move id="54" source="K8" target="I8"/>
  <move id="55" source="I2" target="I8"/>
  <move id="56" source="D7" target="E7"/>
  <move id="57" source="K6" target="K5"/>
  <move id="58" source="F7" target="F5"/>
  <move id="59" source="K7" target="K6"/>
  <move id="60" source="G7" target="H7"/>
  <move id="61" source="K6" target="I6"/>
  <move id="62" source="E7" target="F7"/>
  <move id="63" source="B3" target="B4"/>
  <move id="64" source="F7" target="G7"/>
  <move id="65" source="B4" target="B5"/>
  <move id="66" source="A5" target="A6"/>
  <move id="67" source="B5" target="B6"/>
  <move id="68" source="A6" target="B6"/>
  <move id="69" source="C4" target="B4"/>
  <move id="70" source="H7" target="I7"/>
  <move id="71" source="I6" target="I5"/>
  <move id="72" source="G7" target="H7"/>
  <move id="73" source="I5" target="I4"/>
  <move id="74" source="I7" target="K7"/>
  <move id="75" source="I4" target="H4"/>
  <move id="76" source="H7" target="I7"/>
  <move id="77" source="F5" target="F6"/>
  <move id="78" source="I7" target="I6"/>
  <move id="79" source="G4" target="F4"/>
  <move id="80" source="I6" target="I5"/>
  <move id="81" source="F4" target="F5"/>
  <move id="82" source="I5" target="K5"/>
  <move id="83" source="H4" target="G4"/>
  <move id="84" source="K5" target="I5"/>
  <move id="85" source="G4" target="F4"/>
  <move id="86" source="I5" target="I6"/>
  <move id="87" source="C3" target="B3"/>
  <move id="88" source="I6" target="I7"/>
  <move id="89" source="D3" target="C3"/>
  <move id="90" source="I7" target="H7"/>
  <move id="91" source="F4" target="G4"/>
  <move id="92" source="B6" target="B7"/>
  <move id="93" source="F5" target="F4"/>
  <move id="94" source="B7" target="C7"/>
  <move id="95" source="D2" target="D3"/>
  <move id="96" source="H7" target="G7"/>
  <move id="97" source="D4" target="C4"/>
  <move id="98" source="C7" target="D7"/>
  <move id="99" source="E5" target="E4"/>
  <move id="100" source="G7" target="F7"/>
  <move id="101" source="E4" target="D4"/>
  <move id="102" source="F7" target="F6"/>
  <move id="103" source="B4" target="B5"/>
  <move id="104" source="C8" target="C7"/>
  <move id="105" source="B5" target="A5"/>
  <move id="106" source="C7" target="A7"/>
  <move id="107" source="C4" target="B4"/>
  <move id="108" source="A7" target="B7"/>
  <move id="109" source="B4" target="A4"/>
  <move id="110" source="A8" target="A7"/>
  <move id="111" source="C3" target="C4"/>
  <move id="112" source="A7" target="A6"/>
  <move id="113" source="C4" target="B4"/>
  <move id="114" source="B7" target="B4"/>
  <move id="115" source="B4" target="B5"/>
  <move id="116" source="A6" target="A5"/>
  <move id="117" source="B5" target="A5"/>
  <move id="118" source="D7" target="E7"/>
  <move id="119" source="B3" target="B8"/>
  <move id="120" source="E7" target="E6"/>
  <move id="121" source="A5" target="A6"/>
  <move id="122" source="B8" target="C8"/>
  <move id="123" source="A6" target="A7"/>
  <move id="124" source="F6" target="F7"/>
  <move id="125" source="A7" target="A8"/>
  <move id="126" source="F7" target="E7"/>
  <move id="127" source="A8" target="B8"/>
  <move id="128" source="C8" target="C7"/>
  <move id="129" source="B8" target="B7"/>
  <move id="130" source="C7" target="D7"/>
  <move id="131" source="B7" target="C7"/>
  <move id="132" source="E6" target="E5"/>
  <move id="133" source="A4" target="A5"/>
  <move id="134" source="E5" target="E4"/>
  <move id="135" source="A5" target="B5"/>
  <move id="136" source="H8" target="H7"/>
  <move id="137" source="B5" target="B6"/>
  <move id="138" source="H7" target="G7"/>
  <move id="139" source="B6" target="B7"/>
  <move id="140" source="E4" target="E3"/>
  <move id="141" source="B7" target="B8"/>
  <move id="142" source="G7" target="F7"/>
  <move id="143" source="B8" target="B9"/>
  <move id="144" source="F7" target="F6"/>
  <move id="145" source="C7" target="C8"/>
  <move id="146" source="F6" target="F5"/>
  <move id="147" source="C8" target="B8"/>
  <move id="148" source="F5" target="F4"/>
  <move id="149" source="B8" target="B9"/>
  <move id="150" source="D7" target="C7"/>
  <move id="151" source="B9" target="B8"/>
  <move id="152" source="E7" target="D7"/>
  <move id="153" source="B8" target="B7"/>
  <move id="154" source="C7" target="C8"/>
  <move id="155" source="B7" target="B6"/>
  <move id="156" source="D7" target="C7"/>
  <move id="157" source="B6" target="B5"/>
  <move id="158" source="F4" target="F3"/>
  <move id="159" source="G3" target="F3"/>
  <move id="160" source="E3" target="F3"/>
  <move id="161" source="B5" target="B4"/>
  <move id="162" source="C7" target="D7"/>
  <move id="163" source="B4" target="C4"/>
  <move id="164" source="D7" target="E7"/>
  <move id="165" source="C4" target="C3"/>
  <move id="166" source="E7" target="E6"/>
  <move id="167" source="D4" target="C4"/>
  <move id="168" source="E6" target="E5"/>
  <move id="169" source="D3" target="D4"/>
  <move id="170" source="F3" target="F4"/>
  <move id="171" source="C3" target="D3"/>
  <move id="172" source="F4" target="E4"/>
  <player id="1">Player 1</player>
  <player id="2">Player 2</player>
  <result type="3" winner="2"/>
 </game>
</stratego>