<?xml version="1.0" encoding="UTF-8"?>
<stratego>
 <game type="classic">
  
  <field content="DDFBEEBIBMEDJCHJDDIBGDKEEHLDFBBGHDGFHIGFAA__AA__AAAA__AA__AARUPNRSRPSRPXSPPPPVSNTTUVNNUOWPYQQQTTNQNQ"/>
  <move id="1" source="F4" target="F5"/>
  <move id="2" source="B7" target="B6"/>
  <move id="3" source="E4" target="E5"/>
  <move id="4" source="B6" target="B5"/>
  <move id="5" source="D4" target="E4"/>
  <move id="6" source="A7" target="B7"/>
  <move id="7" source="E5" target="E6"/>
  <move id="8" source="B7" target="B6"/>
  <move id="9" source="F5" target="F6"/>
  <move id="10" source="A8" target="A7"/>
  <move id="11" source="E4" target="E5"/>
  <move id="12" source="A7" target="A6"/>
  <move id="13" source="G4" target="F4"/>
  <move id="14" source="A6" target="A4"/>
  <move id="15" source="F4" target="F5"/>
  <move id="16" source="B5" target="A5"/>
  <move id="17" source="F6" target="F7"/>
  <move id="18" source="C7" target="B7"/>
  <move id="19" source="F5" target="F6"/>
  <move id="20" source="B6" target="A6"/>
  <move id="21" source="E5" target="E4"/>
  <move id="22" source="B7" target="B4"/>
  <move id="23" source="E6" target="E5"/>
  <move id="24" source="A6" target="B6"/>
  <move id="25" source="E5" target="F5"/>
  <move id="26" source="A5" target="B5"/>
  <move id="27" source="E4" target="E5"/>
  <move id="28" source="A9" target="A8"/>
  <move id="29" source="C4" target="D4"/>
  <move id="30" source="A8" target="A7"/>
  <move id="31" source="B4" target="C4"/>
  <move id="32" source="A7" target="B7"/>
  <move id="33" source="D4" target="E4"/>
  <move id="34" source="B7" target="C7"/>
  <move id="35" source="E5" target="E7"/>
  <move id="36" source="B5" target="B4"/>
  <move id="37" source="E4" target="E5"/>
  <move id="38" source="B4" target="B5"/>
  <move id="39" source="E5" target="E6"/>
  <move id="40" source="B6" target="A6"/>
  <move id="41" source="F5" target="E5"/>
  <move id="42" source="B5" target="B6"/>
  <move id="43" source="F6" target="F5"/>
  <move id="44" source="B6" target="B5"/>
  <move id="45" source="E6" target="F6"/>
  <move id="46" source="B5" target="B4"/>
  <move id="47" source="E5" target="E6"/>
  <move id="48" source="I7" target="I6"/>
  <move id="49" source="F5" target="F4"/>
  <move id="50" source="I6" target="I5"/>
  <move id="51" source="F4" target="E4"/>
  <move id="52" source="I5" target="K5"/>
  <move id="53" source="E4" target="D4"/>
  <move id="54" source="H7" target="I7"/>
  <move id="55" source="F6" target="F5"/>
  <move id="56" source="I7" target="I6"/>
  <move id="57" source="F5" target="E5"/>
  <move id="58" source="I6" target="I5"/>
  <move id="59" source="E3" target="E4"/>
  <move id="60" source="I5" target="I4"/>
  <move id="61" source="E4" target="F4"/>
  <move id="62" source="K5" target="I5"/>
  <move id="63" source="F4" target="F5"/>
  <move id="64" source="K7" target="K6"/>
  <move id="65" source="E6" target="F6"/>
  <move id="66" source="K6" target="K5"/>
  <move id="67" source="F6" target="F7"/>
  <move id="68" source="G7" target="F7"/>
  <move id="69" source="F5" target="F6"/>
  <move id="70" source="G8" target="G7"/>
  <move id="71" source="E5" target="E6"/>
  <move id="72" source="K5" target="K4"/>
  <move id="73" source="F6" target="F5"/>
  <move id="74" source="I5" target="I4"/>
  <move id="75" source="F5" target="F4"/>
  <move id="76" source="G7" target="H7"/>
  <move id="77" source="I3" target="I4"/>
  <move id="78" source="H7" target="I7"/>
  <move id="79" source="H3" target="I3"/>
  <move id="80" source="I7" target="I6"/>
  <move id="81" source="H2" target="H3"/>
  <move id="82" source="I6" target="I7"/>
  <move id="83" source="I4" target="I5"/>
  <move id="84" source="I7" target="H7"/>
  <move id="85" source="I3" target="I4"/>
  <move id="86" source="H7" target="G7"/>
  <move id="87" source="H3" target="I3"/>
  <move id="88" source="G7" target="H7"/>
  <move id="89" source="I4" target="K4"/>
  <move id="90" source="H7" target="I7"/>
  <move id="91" source="I5" target="K5"/>
  <move id="92" source="I7" target="K7"/>
  <move id="93" source="I3" target="I4"/>
  <move id="94" source="K7" target="I7"/>
  <move id="95" source="I4" target="I5"/>
  <move id="96" source="F8" target="G8"/>
  <move id="97" source="K5" target="K6"/>
  <move id="98" source="G8" target="G7"/>
  <move id="99" source="K4" target="K5"/>
  <move id="100" source="G7" target="H7"/>
  <move id="101" source="G2" target="H2"/>
  <move id="102" source="F7" target="F8"/>
  <move id="103" source="F4" target="G4"/>
  <move id="104" source="E7" target="F7"/>
  <move id="105" source="E6" target="F6"/>
  <move id="106" source="F7" target="G7"/>
  <move id="107" source="H4" target="H3"/>
  <move id="108" source="G7" target="G8"/>
  <move id="109" source="G4" target="H4"/>
  <move id="110" source="I7" target="K7"/>
  <move id="111" source="H4" target="I4"/>
  <move id="112" source="K7" target="K6"/>
  <move id="113" source="K6" target="K7"/>
  <move id="114" source="H7" target="I7"/>
  <move id="115" source="K7" target="K8"/>
  <move id="116" source="I7" target="H7"/>
  <move id="117" source="I5" target="I6"/>
  <move id="118" source="H7" target="G7"/>
  <move id="119" source="I6" target="I7"/>
  <move id="120" source="I8" target="I7"/>
  <move id="121" source="K5" target="I5"/>
  <move id="122" source="I7" target="I8"/>
  <move id="123" source="I5" target="I6"/>
  <move id="124" source="G7" target="H7"/>
  <move id="125" source="I4" target="K4"/>
  <move id="126" source="H7" target="I7"/>
  <move id="127" source="I6" target="K6"/>
  <move id="128" source="I7" target="K7"/>
  <move id="129" source="K6" target="K5"/>
  <move id="130" source="K7" target="K6"/>
  <move id="131" source="K5" target="I5"/>
  <move id="132" source="K6" target="I6"/>
  <move id="133" source="I5" target="I4"/>
  <move id="134" source="I6" target="I4"/>
  <move id="135" source="F6" target="F5"/>
  <move id="136" source="B4" target="B5"/>
  <move id="137" source="F5" target="F4"/>
  <move id="138" source="B5" target="B6"/>
  <move id="139" source="F4" target="G4"/>
  <move id="140" source="B6" target="B7"/>
  <move id="141" source="G4" target="H4"/>
  <move id="142" source="A6" target="B6"/>
  <move id="143" source="F3" target="F4"/>
  <move id="144" source="B6" target="B5"/>
  <move id="145" source="H4" target="I4"/>
  <move id="146" source="B5" target="B4"/>
  <move id="147" source="I4" target="I5"/>
  <move id="148" source="B4" target="B3"/>
  <move id="149" source="A3" target="B3"/>
  <move id="150" source="B7" target="B6"/>
  <move id="151" source="I5" target="I6"/>
  <move id="152" source="B6" target="B5"/>
  <move id="153" source="I6" target="I7"/>
  <move id="154" source="I8" target="I7"/>
  <move id="155" source="I7" target="I6"/>
  <move id="156" source="B5" target="B4"/>
  <move id="157" source="I6" target="I5"/>
  <move id="158" source="G8" target="G7"/>
  <move id="159" source="D4" target="E4"/>
  <move id="160" source="G7" target="H7"/>
  <move id="161" source="I5" target="I4"/>
  <move id="162" source="H7" target="I7"/>
  <move id="163" source="F4" target="F3"/>
  <move id="164" source="B4" target="B5"/>
  <move id="165" source="D3" target="E3"/>
  <move id="166" source="I7" target="H7"/>
  <move id="167" source="E4" target="D4"/>
  <move id="168" source="I9" target="I8"/>
  <move id="169" source="E3" target="E4"/>
  <move id="170" source="I8" target="I7"/>
  <move id="171" source="F3" target="E3"/>
  <move id="172" source="I7" target="I6"/>
  <move id="173" source="E4" target="F4"/>
  <move id="174" source="I6" target="I5"/>
  <move id="175" source="I4" target="H4"/>
  <move id="176" source="I5" target="I4"/>
  <move id="177" source="K4" target="K5"/>
  <move id="178" source="I4" target="H4"/>
  <move id="179" source="K5" target="K6"/>
  <move id="180" source="H7" target="I7"/>
  <move id="181" source="F4" target="F5"/>
  <move id="182" source="H4" target="I4"/>
  <move id="183" source="G3" target="G4"/>
  <move id="184" source="I4" target="I5"/>
  <move id="185" source="G4" target="H4"/>
  <move id="186" source="I7" target="K7"/>
  <move id="187" source="H4" target="I4"/>
  <move id="188" source="I5" target="I6"/>
  <move id="189" source="K6" target="K5"/>
  <move id="190" source="I6" target="I7"/>
  <move id="191" source="F5" target="F6"/>
  <move id="192" source="I7" target="H7"/>
  <move id="193" source="F6" target="F7"/>
  <move id="194" source="F8" target="F7"/>
  <move id="195" source="E3" target="E4"/>
  <move id="196" source="E8" target="E4"/>
  <move id="197" source="E4" target="E3"/>
  <move id="198" source="D8" target="E8"/>
  <move id="199" source="D4" target="E4"/>
  <move id="200" source="E8" target="E4"/>
  <move id="201" source="E4" target="F4"/>
  <move id="202" source="F7" target="F6"/>
  <move id="203" source="F4" target="G4"/>
  <move id="204" source="F6" target="F5"/>
  <move id="205" source="G4" target="H4"/>
  <move id="206" source="F5" target="F4"/>
  <move id="207" source="I4" target="K4"/>
  <move id="208" source="K7" target="I7"/>
  <move id="209" source="K5" target="K6"/>
  <move id="210" source="F4" target="F5"/>
  <move id="211" source="K4" target="K5"/>
  <move id="212" source="F5" target="F6"/>
  <move id="213" source="H4" target="I4"/>
  <move id="214" source="F6" target="F7"/>
  <move id="215" source="C4" target="D4"/>
  <move id="216" source="F7" target="E7"/>
  <move id="217" source="E3" target="F3"/>
  <move id="218" source="E7" target="F7"/>
  <move id="219" source="F3" target="E3"/>
  <move id="220" source="F7" target="E7"/>
  <move id="221" source="E3" target="F3"/>
  <move id="222" source="H7" target="G7"/>
  <move id="223" source="D4" target="E4"/>
  <move id="224" source="G7" target="F7"/>
  <move id="225" source="E4" target="F4"/>
  <move id="226" source="E7" target="E6"/>
  <move id="227" source="F4" target="G4"/>
  <move id="228" source="I7" target="H7"/>
  <move id="229" source="K6" target="K7"/>
  <move id="230" source="F7" target="G7"/>
  <move id="231" source="K7" target="K8"/>
  <move id="232" source="K9" target="I9"/>
  <move id="233" source="K8" target="K7"/>
  <move id="234" source="H7" target="I7"/>
  <move id="235" source="K7" target="K6"/>
  <move id="236" source="I7" target="I6"/>
  <move id="237" source="I4" target="I5"/>
  <move id="238" source="I6" target="K6"/>
  <move id="239" source="K5" target="K4"/>
  <move id="240" source="I9" target="K9"/>
  <move id="241" source="K4" target="I4"/>
  <move id="242" source="K6" target="K7"/>
  <move id="243" source="I5" target="I6"/>
  <move id="244" source="G7" target="H7"/>
  <move id="245" source="G4" target="H4"/>
  <move id="246" source="K7" target="I7"/>
  <move id="247" source="I6" target="K6"/>
  <move id="248" source="I7" target="K7"/>
  <move id="249" source="I4" target="K4"/>
  <move id="250" source="H7" target="I7"/>
  <move id="251" source="H4" target="I4"/>
  <move id="252" source="I7" target="H7"/>
  <move id="253" source="K6" target="K7"/>
  <move id="254" source="H7" target="I7"/>
  <move id="255" source="K7" target="K6"/>
  <move id="256" source="I7" target="I6"/>
  <move id="257" source="K6" target="K5"/>
  <move id="258" source="I6" target="K6"/>
  <move id="259" source="I4" target="I5"/>
  <move id="260" source="K9" target="I9"/>
  <move id="261" source="C3" target="D3"/>
  <move id="262" source="I9" target="I5"/>
  <move id="263" source="B3" target="C3"/>
  <move id="264" source="K6" target="I6"/>
  <move id="265" source="I5" target="I4"/>
  <move id="266" source="I6" target="I5"/>
  <move id="267" source="K5" target="K6"/>
  <move id="268" source="G9" target="G8"/>
  <move id="269" source="D3" target="E3"/>
  <move id="270" source="G8" target="G7"/>
  <move id="271" source="E3" target="E4"/>
  <move id="272" source="G7" target="H7"/>
  <move id="273" source="E4" target="F4"/>
  <move id="274" source="H7" target="I7"/>
  <move id="275" source="F4" target="G4"/>
  <move id="276" source="I7" target="K7"/>
  <move id="277" source="K6" target="K5"/>
  <move id="278" source="K7" target="K6"/>
  <move id="279" source="I4" target="I3"/>
  <move id="280" source="K6" target="K5"/>
  <move id="281" source="K4" target="K5"/>
  <move id="282" source="I5" target="I4"/>
  <move id="283" source="G4" target="F4"/>
  <move id="284" source="I4" target="H4"/>
  <move id="285" source="F4" target="F5"/>
  <move id="286" source="H4" target="G4"/>
  <move id="287" source="F5" target="E5"/>
  <move id="288" source="E6" target="E7"/>
  <move id="289" source="E5" target="E6"/>
  <move id="290" source="E7" target="E8"/>
  <move id="291" source="E6" target="E5"/>
  <move id="292" source="G4" target="F4"/>
  <move id="293" source="F3" target="G3"/>
  <move id="294" source="F4" target="G4"/>
  <move id="295" source="G3" target="F3"/>
  <move id="296" source="G4" target="G3"/>
  <move id="297" source="F3" target="F4"/>
  <move id="298" source="G3" target="F3"/>
  <move id="299" source="F4" target="G4"/>
  <move id="300" source="F3" target="F4"/>
  <move id="301" source="G4" target="G3"/>
  <move id="302" source="F4" target="F5"/>
  <move id="303" source="E5" target="E4"/>
  <move id="304" source="F5" target="E5"/>
  <move id="305" source="E4" target="F4"/>
  <move id="306" source="E5" target="E4"/>
  <move id="307" source="F4" target="F5"/>
  <move id="308" source="E4" target="F4"/>
  <move id="309" source="F5" target="E5"/>
  <move id="310" source="F4" target="F3"/>
  <move id="311" source="G3" target="G4"/>
  <move id="312" source="F3" target="E3"/>
  <move id="313" source="E5" target="F5"/>
  <move id="314" source="E3" target="F3"/>
  <move id="315" source="F5" target="E5"/>
  <move id="316" source="F3" target="G3"/>
  <move id="317" source="G4" target="F4"/>
  <move id="318" source="G3" target="G2"/>
  <move id="319" source="F4" target="G4"/>
  <move id="320" source="G2" target="G3"/>
  <move id="321" source="G4" target="H4"/>
  <move id="322" source="G3" target="G4"/>
  <move id="323" source="H4" target="I4"/>
  <move id="324" source="G4" target="H4"/>
  <move id="325" source="I4" target="I5"/>
  <move id="326" source="H4" target="I4"/>
  <move id="327" source="I5" target="I6"/>
  <move id="328" source="I4" target="H4"/>
  <move id="329" source="K5" target="I5"/>
  <move id="330" source="H4" target="G4"/>
  <move id="331" source="I5" target="I4"/>
  <move id="332" source="G4" target="F4"/>
  <move id="333" source="I6" target="K6"/>
  <move id="334" source="F4" target="F5"/>
  <move id="335" source="E5" target="E4"/>
  <move id="336" source="F5" target="F4"/>
  <move id="337" source="E4" target="E5"/>
  <move id="338" source="F4" target="F3"/>
  <move id="339" source="I4" target="H4"/>
  <move id="340" source="F3" target="F2"/>
  <move id="341" source="I3" target="I4"/>
  <move id="342" source="F2" target="F3"/>
  <move id="343" source="I4" target="I5"/>
  <move id="344" source="F3" target="F4"/>
  <move id="345" source="I5" target="I6"/>
  <move id="346" source="F4" target="F5"/>
  <move id="347" source="E5" target="E4"/>
  <move id="348" source="F5" target="F6"/>
  <move id="349" source="I6" target="I7"/>
  <move id="350" source="F6" target="F7"/>
  <move id="351" source="I7" target="I8"/>
  <move id="352" source="F7" target="F6"/>
  <move id="353" source="E4" target="E3"/>
  <move id="354" source="F6" target="F7"/>
  <move id="355" source="E3" target="F3"/>
  <move id="356" source="F7" target="G7"/>
  <move id="357" source="H4" target="I4"/>
  <move id="358" source="G7" target="H7"/>
  <move id="359" source="I4" target="I5"/>
  <move id="360" source="H7" target="G7"/>
  <move id="361" source="I5" target="I6"/>
  <move id="362" source="G7" target="F7"/>
  <move id="363" source="F3" target="G3"/>
  <move id="364" source="F7" target="F6"/>
  <move id="365" source="K6" target="K7"/>
  <move id="366" source="F6" target="F7"/>
  <move id="367" source="K7" target="K8"/>
  <move id="368" source="F7" target="G7"/>
  <move id="369" source="I6" target="I7"/>
  <move id="370" source="G7" target="H7"/>
  <move id="371" source="K8" target="K9"/>
  <move id="372" source="H7" target="G7"/>
  <move id="373" source="I8" target="H8"/>
  <move id="374" source="H8" target="G8"/>
  <move id="375" source="I7" target="H7"/>
  <move id="376" source="G7" target="F7"/>
  <move id="377" source="H7" target="G7"/>
  <move id="378" source="F7" target="F6"/>
  <move id="379" source="G7" target="G8"/>
  <move id="380" source="F6" target="F7"/>
  <move id="381" source="G8" target="G7"/>
  <move id="382" source="F7" target="F6"/>
  <move id="383" source="K9" target="K8"/>
  <move id="384" source="F6" target="F5"/>
  <move id="385" source="G7" target="H7"/>
  <move id="386" source="F5" target="F4"/>
  <move id="387" source="H7" target="I7"/>
  <move id="388" source="F4" target="G4"/>
  <move id="389" source="G3" target="F3"/>
  <move id="390" source="G4" target="F4"/>
  <move id="391" source="F3" target="E3"/>
  <move id="392" source="F4" target="E4"/>
  <move id="393" source="E3" target="F3"/>
  <move id="394" source="E4" target="E3"/>
  <move id="395" source="F3" target="F4"/>
  <move id="396" source="E3" target="D3"/>
  <move id="397" source="C3" target="C4"/>
  <move id="398" source="B5" target="B6"/>
  <move id="399" source="C4" target="B4"/>
  <move id="400" source="B6" target="B7"/>
  <move id="401" source="B4" target="B5"/>
  <move id="402" source="D3" target="C3"/>
  <move id="403" source="B5" target="A5"/>
  <move id="404" source="C3" target="B3"/>
  <move id="405" source="A5" target="A6"/>
  <move id="406" source="B3" target="B4"/>
  <move id="407" source="F4" target="F3"/>
  <move id="408" source="B4" target="B5"/>
  <move id="409" source="H2" target="F2"/>
  <move id="410" source="B5" target="A5"/>
  <move id="411" source="A6" target="B6"/>
  <move id="412" source="A5" target="A6"/>
  <move id="413" source="B6" target="B7"/>
  <move id="414" source="A6" target="B6"/>
  <move id="415" source="F3" target="G3"/>
  <move id="416" source="B6" target="B5"/>
  <move id="417" source="F2" target="F7"/>
  <move id="418" source="B5" target="B4"/>
  <move id="419" source="I7" target="H7"/>
  <move id="420" source="B4" target="C4"/>
  <move id="421" source="F7" target="G7"/>
  <move id="422" source="C4" target="D4"/>
  <move id="423" source="G7" target="G8"/>
  <move id="424" source="D4" target="E4"/>
  <move id="425" source="K8" target="K7"/>
  <move id="426" source="E4" target="F4"/>
  <move id="427" source="G8" target="K8"/>
  <move id="428" source="F4" target="G4"/>
  <move id="429" source="G3" target="F3"/>
  <move id="430" source="G4" target="F4"/>
  <move id="431" source="F3" target="E3"/>
  <move id="432" source="F4" target="F5"/>
  <move id="433" source="K8" target="K:"/>
  <move id="434" source="F5" target="F6"/>
  <move id="435" source="K7" target="K8"/>
  <move id="436" source="F6" target="F7"/>
  <move id="437" source="K8" target="K9"/>
  <move id="438" source="F7" target="F8"/>
  <move id="439" source="K9" target="K:"/>
  <move id="440" source="F8" target="F7"/>
  <move id="441" source="K:" target="K9"/>
  <move id="442" source="F7" target="F6"/>
  <move id="443" source="K9" target="K8"/>
  <move id="444" source="F6" target="F5"/>
  <move id="445" source="B2" target="B3"/>
  <move id="446" source="F5" target="F4"/>
  <move id="447" source="B3" target="B4"/>
  <move id="448" source="F4" target="E4"/>
  <move id="449" source="B4" target="B3"/>
  <move id="450" source="E4" target="D4"/>
  <move id="451" source="E3" target="F3"/>
  <move id="452" source="D4" target="E4"/>
  <move id="453" source="F3" target="G3"/>
  <move id="454" source="E4" target="F4"/>
  <move id="455" source="B3" target="C3"/>
  <move id="456" source="F4" target="G4"/>
  <move id="457" source="G3" target="F3"/>
  <move id="458" source="G4" target="G3"/>
  <move id="459" source="F3" target="F4"/>
  <move id="460" source="G3" target="G4"/>
  <move id="461" source="F4" target="F3"/>
  <move id="462" source="G4" target="H4"/>
  <move id="463" source="C3" target="D3"/>
  <move id="464" source="H4" target="G4"/>
  <move id="465" source="D3" target="C3"/>
  <move id="466" source="G4" target="F4"/>
  <move id="467" source="F3" target="G3"/>
  <move id="468" source="F4" target="G4"/>
  <move id="469" source="G3" target="F3"/>
  <move id="470" source="G4" target="F4"/>
  <move id="471" source="F3" target="G3"/>
  <move id="472" source="F4" target="F3"/>
  <move id="473" source="G3" target="G4"/>
  <move id="474" source="F3" target="F2"/>
  <move id="475" source="C3" target="C4"/>
  <move id="476" source="F2" target="F3"/>
  <move id="477" source="G4" target="H4"/>
  <move id="478" source="F3" target="F4"/>
  <move id="479" source="C4" target="C3"/>
  <move id="480" source="F4" target="E4"/>
  <move id="481" source="C3" target="D3"/>
  <move id="482" source="E4" target="D4"/>
  <move id="483" source="D3" target="E3"/>
  <move id="484" source="D4" target="E4"/>
  <move id="485" source="E3" target="D3"/>
  <move id="486" source="E4" target="D4"/>
  <move id="487" source="D3" target="C3"/>
  <move id="488" source="D4" target="C4"/>
  <move id="489" source="C3" target="B3"/>
  <move id="490" source="C4" target="B4"/>
  <move id="491" source="B3" target="C3"/>
  <move id="492" source="B4" target="B3"/>
  <move id="493" source="C3" target="C4"/>
  <move id="494" source="B3" target="B2"/>
  <move id="495" source="C4" target="D4"/>
  <move id="496" source="B2" target="B3"/>
  <move id="497" source="D4" target="E4"/>
  <move id="498" source="B3" target="B4"/>
  <move id="499" source="E4" target="E5"/>
  <move id="500" source="B4" target="C4"/>
  <move id="501" source="E5" target="F5"/>
  <move id="502" source="C4" target="D4"/>
  <move id="503" source="F5" target="F6"/>
  <move id="504" source="D4" target="E4"/>
  <move id="505" source="F6" target="F7"/>
  <move id="506" source="E8" target="F8"/>
  <move id="507" source="F7" target="G7"/>
  <move id="508" source="F8" target="G8"/>
  <move id="509" source="G7" target="D7"/>
  <move id="510" source="E4" target="E5"/>
  <move id="511" source="B1" target="B2"/>
  <move id="512" source="E5" target="E4"/>
  <move id="513" source="B2" target="B3"/>
  <move id="514" source="E4" target="D4"/>
  <move id="515" source="B3" target="C3"/>
  <move id="516" source="D4" target="D3"/>
  <move id="517" source="C3" target="C4"/>
  <move id="518" source="D3" target="D4"/>
  <move id="519" source="C4" target="C3"/>
  <move id="520" source="D4" target="D3"/>
  <move id="521" source="C3" target="C4"/>
  <move id="522" source="D3" target="E3"/>
  <move id="523" source="C4" target="D4"/>
  <move id="524" source="E3" target="E4"/>
  <move id="525" source="D4" target="D3"/>
  <move id="526" source="E4" target="E3"/>
  <move id="527" source="D3" target="D4"/>
  <move id="528" source="E3" target="E4"/>
  <move id="529" source="D4" target="D3"/>
  <move id="530" source="E4" target="F4"/>
  <move id="531" source="H4" target="I4"/>
  <move id="532" source="F4" target="G4"/>
  <move id="533" source="I4" target="K4"/>
  <move id="534" source="G4" target="H4"/>
  <move id="535" source="D3" target="E3"/>
  <move id="536" source="H4" target="I4"/>
  <move id="537" source="K4" target="K5"/>
  <move id="538" source="I4" target="K4"/>
  <move id="539" source="K5" target="I5"/>
  <move id="540" source="K4" target="I4"/>
  <move id="541" source="I5" target="K5"/>
  <move id="542" source="I4" target="I5"/>
  <move id="543" source="K5" target="K4"/>
  <move id="544" source="I5" target="K5"/>
  <move id="545" source="K4" target="I4"/>
  <move id="546" source="K5" target="K4"/>
  <move id="547" source="I4" target="I5"/>
  <move id="548" source="K4" target="K5"/>
  <move id="549" source="I5" target="I4"/>
  <move id="550" source="K5" target="K4"/>
  <move id="551" source="I4" target="I5"/>
  <player id="1">Player 1</player>
  <player id="2">Player 2</player>
  <result type="3" winner="1"/>
 </game>
</stratego>