<?xml version="1.0" encoding="UTF-8"?>
<stratego>
 <game type="classic">
  
  <field content="GDBBMBIGDEBIFEBEEDEDFHJCKIJHDBDGFLHFHDDGAA__AA__AAAA__AA__AATPXUTPSNSRTPQPPWSNUTVRUQVOQPSNQYQPPNNRNR"/>
  <move id="1" source="I4" target="I7"/>
  <move id="2" source="I7" target="I6"/>
  <move id="3" source="K4" target="K5"/>
  <move id="4" source="F7" target="F6"/>
  <move id="5" source="H4" target="I4"/>
  <move id="6" source="F6" target="F5"/>
  <move id="7" source="K5" target="K6"/>
  <move id="8" source="I6" target="K6"/>
  <move id="9" source="I4" target="K4"/>
  <move id="10" source="K7" target="I7"/>
  <move id="11" source="E4" target="E5"/>
  <move id="12" source="F5" target="F6"/>
  <move id="13" source="E5" target="E6"/>
  <move id="14" source="E7" target="E6"/>
  <move id="15" source="F4" target="F5"/>
  <move id="16" source="F6" target="F7"/>
  <move id="17" source="F5" target="F6"/>
  <move id="18" source="E8" target="E3"/>
  <move id="19" source="F6" target="E6"/>
  <move id="20" source="F7" target="F3"/>
  <move id="21" source="I3" target="I4"/>
  <move id="22" source="G7" target="F7"/>
  <move id="23" source="I4" target="I5"/>
  <move id="24" source="F7" target="F6"/>
  <move id="25" source="E6" target="F6"/>
  <move id="26" source="F6" target="F7"/>
  <move id="27" source="G4" target="F4"/>
  <move id="28" source="F7" target="G7"/>
  <move id="29" source="F4" target="F5"/>
  <move id="30" source="D8" target="E8"/>
  <move id="31" source="F5" target="F6"/>
  <move id="32" source="E8" target="E7"/>
  <move id="33" source="F6" target="F7"/>
  <move id="34" source="E7" target="E6"/>
  <move id="35" source="F7" target="G7"/>
  <move id="36" source="E6" target="E5"/>
  <move id="37" source="D4" target="E4"/>
  <move id="38" source="E5" target="F5"/>
  <move id="39" source="E4" target="F4"/>
  <move id="40" source="F8" target="F7"/>
  <move id="41" source="G7" target="F7"/>
  <move id="42" source="F7" target="E7"/>
  <move id="43" source="I5" target="I6"/>
  <move id="44" source="E7" target="E6"/>
  <move id="45" source="K4" target="K5"/>
  <move id="46" source="E6" target="E5"/>
  <move id="47" source="K5" target="K6"/>
  <move id="48" source="E5" target="E4"/>
  <move id="49" source="F4" target="E4"/>
  <move id="50" source="B7" target="B4"/>
  <move id="51" source="I6" target="I4"/>
  <move id="52" source="A7" target="B7"/>
  <move id="53" source="I4" target="F4"/>
  <move id="54" source="B7" target="B6"/>
  <move id="55" source="F4" target="F5"/>
  <move id="56" source="B6" target="B5"/>
  <move id="57" source="E4" target="D4"/>
  <move id="58" source="C7" target="B7"/>
  <move id="59" source="A4" target="A6"/>
  <move id="60" source="B5" target="B4"/>
  <move id="61" source="A6" target="B6"/>
  <move id="62" source="B7" target="A7"/>
  <move id="63" source="F3" target="F4"/>
  <move id="64" source="B8" target="B6"/>
  <move id="65" source="B3" target="B4"/>
  <move id="66" source="A7" target="A6"/>
  <move id="67" source="C3" target="B3"/>
  <move id="68" source="A6" target="A5"/>
  <move id="69" source="B3" target="B4"/>
  <move id="70" source="A5" target="A4"/>
  <move id="71" source="B4" target="A4"/>
  <move id="72" source="A4" target="B4"/>
  <move id="73" source="D3" target="C3"/>
  <move id="74" source="B9" target="B8"/>
  <move id="75" source="F4" target="F3"/>
  <move id="76" source="B8" target="B7"/>
  <move id="77" source="E3" target="E4"/>
  <move id="78" source="B7" target="B6"/>
  <move id="79" source="E4" target="E5"/>
  <move id="80" source="D7" target="C7"/>
  <move id="81" source="E5" target="E6"/>
  <move id="82" source="C7" target="B7"/>
  <move id="83" source="E6" target="E7"/>
  <move id="84" source="B7" target="A7"/>
  <move id="85" source="E7" target="E8"/>
  <move id="86" source="A7" target="A6"/>
  <move id="87" source="K6" target="K4"/>
  <move id="88" source="A6" target="A5"/>
  <move id="89" source="K4" target="F4"/>
  <move id="90" source="A5" target="A4"/>
  <move id="91" source="F4" target="F9"/>
  <move id="92" source="G9" target="F9"/>
  <move id="93" source="E8" target="F8"/>
  <move id="94" source="F9" target="G9"/>
  <move id="95" source="F8" target="F9"/>
  <move id="96" source="A4" target="A3"/>
  <move id="97" source="F9" target="G9"/>
  <move id="98" source="A3" target="B3"/>
  <move id="99" source="B2" target="B3"/>
  <move id="100" source="B6" target="A6"/>
  <move id="101" source="H3" target="I3"/>
  <move id="102" source="A6" target="A5"/>
  <move id="103" source="H2" target="H4"/>
  <move id="104" source="A5" target="A4"/>
  <move id="105" source="H4" target="F4"/>
  <move id="106" source="A4" target="A3"/>
  <move id="107" source="B1" target="B3"/>
  <move id="108" source="A3" target="B3"/>
  <move id="109" source="C3" target="D3"/>
  <move id="110" source="B4" target="C4"/>
  <move id="111" source="D4" target="C4"/>
  <move id="112" source="E9" target="E8"/>
  <move id="113" source="F4" target="F:"/>
  <move id="114" source="E8" target="E7"/>
  <move id="115" source="G9" target="G:"/>
  <move id="116" source="E7" target="F7"/>
  <move id="117" source="G3" target="G4"/>
  <move id="118" source="F7" target="F6"/>
  <move id="119" source="G4" target="H4"/>
  <move id="120" source="F6" target="F5"/>
  <move id="121" source="H4" target="I4"/>
  <move id="122" source="F5" target="F4"/>
  <move id="123" source="I4" target="I5"/>
  <move id="124" source="F4" target="F3"/>
  <move id="125" source="I5" target="I6"/>
  <move id="126" source="F3" target="G3"/>
  <move id="127" source="I6" target="I7"/>
  <move id="128" source="G3" target="H3"/>
  <player id="1">Player 1</player>
  <player id="2">Player 2</player>
  <result type="3" winner="2"/>
 </game>
</stratego>