<?xml version="1.0" encoding="UTF-8"?>
<stratego>
 <game type="classic">
  
  <field content="BBEBMBGBFDFIGEEIEBDHHJEFHKCJFDDGLDDGIDDHAA__AA__AAAA__AA__AATSVTRSPPRTXQUNNTSQUWPUPRSPNVQOPNRQQNYNPP"/>
  <move id="1" source="K4" target="K5"/>
  <move id="2" source="A7" target="A6"/>
  <move id="3" source="K5" target="K6"/>
  <move id="4" source="A6" target="A5"/>
  <move id="5" source="K6" target="K7"/>
  <move id="6" source="I7" target="K7"/>
  <move id="7" source="I4" target="K4"/>
  <move id="8" source="H7" target="I7"/>
  <move id="9" source="I3" target="I4"/>
  <move id="10" source="H8" target="H7"/>
  <move id="11" source="I4" target="I5"/>
  <move id="12" source="A8" target="A7"/>
  <move id="13" source="I5" target="I6"/>
  <move id="14" source="A7" target="A6"/>
  <move id="15" source="I6" target="K6"/>
  <move id="16" source="A5" target="A4"/>
  <move id="17" source="K6" target="K7"/>
  <move id="18" source="I7" target="K7"/>
  <move id="19" source="I2" target="I8"/>
  <move id="20" source="H7" target="I7"/>
  <move id="21" source="H3" target="I3"/>
  <move id="22" source="I8" target="H8"/>
  <move id="23" source="I3" target="I4"/>
  <move id="24" source="G7" target="H7"/>
  <move id="25" source="I4" target="I5"/>
  <move id="26" source="I7" target="I8"/>
  <move id="27" source="I5" target="I6"/>
  <move id="28" source="H7" target="I7"/>
  <move id="29" source="I6" target="I7"/>
  <move id="30" source="I8" target="I7"/>
  <move id="31" source="I7" target="I6"/>
  <move id="32" source="A6" target="A5"/>
  <move id="33" source="F4" target="F5"/>
  <move id="34" source="B7" target="B6"/>
  <move id="35" source="F5" target="F6"/>
  <move id="36" source="B6" target="B5"/>
  <move id="37" source="G4" target="F4"/>
  <move id="38" source="B5" target="B4"/>
  <move id="39" source="B3" target="B4"/>
  <move id="40" source="A4" target="B4"/>
  <move id="41" source="B4" target="B3"/>
  <move id="42" source="C7" target="B7"/>
  <move id="43" source="F4" target="F5"/>
  <move id="44" source="B7" target="B6"/>
  <move id="45" source="E4" target="E5"/>
  <move id="46" source="A5" target="B5"/>
  <move id="47" source="E5" target="E6"/>
  <move id="48" source="B5" target="B4"/>
  <move id="49" source="B3" target="B4"/>
  <move id="50" source="B4" target="B5"/>
  <move id="51" source="F5" target="E5"/>
  <move id="52" source="A9" target="A4"/>
  <move id="53" source="A3" target="A4"/>
  <move id="54" source="B6" target="A6"/>
  <move id="55" source="A4" target="A3"/>
  <move id="56" source="A6" target="A5"/>
  <move id="57" source="C3" target="B3"/>
  <move id="58" source="A5" target="A6"/>
  <move id="59" source="F3" target="F4"/>
  <move id="60" source="A6" target="B6"/>
  <move id="61" source="F4" target="F5"/>
  <move id="62" source="B9" target="A9"/>
  <move id="63" source="F6" target="F7"/>
  <move id="64" source="A9" target="A8"/>
  <move id="65" source="F5" target="F6"/>
  <move id="66" source="A8" target="A7"/>
  <move id="67" source="F6" target="F7"/>
  <move id="68" source="A7" target="A6"/>
  <move id="69" source="F7" target="G7"/>
  <move id="70" source="G8" target="G7"/>
  <move id="71" source="D4" target="E4"/>
  <move id="72" source="K8" target="I8"/>
  <move id="73" source="G7" target="H7"/>
  <move id="74" source="I8" target="I7"/>
  <move id="75" source="I6" target="K6"/>
  <move id="76" source="I7" target="H7"/>
  <move id="77" source="K6" target="K7"/>
  <move id="78" source="H8" target="G8"/>
  <move id="79" source="K7" target="K8"/>
  <move id="80" source="H9" target="H8"/>
  <move id="81" source="K8" target="K7"/>
  <move id="82" source="H8" target="I8"/>
  <move id="83" source="E4" target="F4"/>
  <move id="84" source="A6" target="A5"/>
  <move id="85" source="F4" target="F5"/>
  <move id="86" source="A5" target="A4"/>
  <move id="87" source="B3" target="B4"/>
  <move id="88" source="A4" target="B4"/>
  <move id="89" source="C4" target="B4"/>
  <move id="90" source="B5" target="B4"/>
  <move id="91" source="F5" target="F6"/>
  <move id="92" source="B6" target="B5"/>
  <move id="93" source="F6" target="F7"/>
  <move id="94" source="G8" target="H8"/>
  <move id="95" source="E5" target="F5"/>
  <move id="96" source="B5" target="B4"/>
  <move id="97" source="F5" target="F6"/>
  <move id="98" source="B4" target="C4"/>
  <move id="99" source="F7" target="F8"/>
  <move id="100" source="F8" target="G8"/>
  <move id="101" source="F6" target="F7"/>
  <move id="102" source="H8" target="H7"/>
  <move id="103" source="F7" target="G7"/>
  <move id="104" source="H7" target="G7"/>
  <move id="105" source="E6" target="F6"/>
  <move id="106" source="F9" target="F6"/>
  <move id="107" source="F2" target="F3"/>
  <move id="108" source="C4" target="D4"/>
  <move id="109" source="F3" target="F4"/>
  <move id="110" source="D4" target="E4"/>
  <move id="111" source="F4" target="F5"/>
  <move id="112" source="I8" target="H8"/>
  <move id="113" source="K7" target="I7"/>
  <move id="114" source="E4" target="E5"/>
  <move id="115" source="F5" target="F6"/>
  <move id="116" source="E7" target="F7"/>
  <move id="117" source="F6" target="F7"/>
  <move id="118" source="E5" target="E6"/>
  <move id="119" source="I7" target="H7"/>
  <move id="120" source="E6" target="E7"/>
  <move id="121" source="F7" target="F8"/>
  <move id="122" source="E7" target="F7"/>
  <move id="123" source="F8" target="G8"/>
  <move id="124" source="H8" target="G8"/>
  <move id="125" source="H7" target="G7"/>
  <move id="126" source="F7" target="G7"/>
  <move id="127" source="B2" target="B3"/>
  <move id="128" source="K9" target="K8"/>
  <move id="129" source="B3" target="B4"/>
  <move id="130" source="K8" target="K7"/>
  <move id="131" source="H4" target="H3"/>
  <move id="132" source="K7" target="K6"/>
  <move id="133" source="K4" target="I4"/>
  <move id="134" source="K6" target="I6"/>
  <move id="135" source="I4" target="H4"/>
  <move id="136" source="I6" target="I5"/>
  <move id="137" source="H4" target="G4"/>
  <move id="138" source="I5" target="I4"/>
  <move id="139" source="G4" target="F4"/>
  <move id="140" source="I4" target="K4"/>
  <move id="141" source="F4" target="E4"/>
  <move id="142" source="G8" target="F8"/>
  <move id="143" source="B4" target="B5"/>
  <move id="144" source="F8" target="F7"/>
  <move id="145" source="B5" target="B6"/>
  <move id="146" source="F7" target="F6"/>
  <move id="147" source="B6" target="B7"/>
  <move id="148" source="F6" target="F5"/>
  <move id="149" source="E4" target="A4"/>
  <move id="150" source="A:" target="A4"/>
  <move id="151" source="A3" target="A4"/>
  <move id="152" source="F5" target="F4"/>
  <move id="153" source="A4" target="A5"/>
  <move id="154" source="F4" target="F3"/>
  <move id="155" source="A5" target="A6"/>
  <move id="156" source="F3" target="F4"/>
  <move id="157" source="A6" target="A7"/>
  <move id="158" source="F4" target="G4"/>
  <move id="159" source="A7" target="A8"/>
  <move id="160" source="G4" target="H4"/>
  <move id="161" source="A8" target="A9"/>
  <move id="162" source="H4" target="H3"/>
  <move id="163" source="A9" target="A:"/>
  <move id="164" source="K4" target="I4"/>
  <move id="165" source="G3" target="G4"/>
  <move id="166" source="I4" target="I3"/>
  <move id="167" source="G4" target="F4"/>
  <move id="168" source="I3" target="I2"/>
  <move id="169" source="F4" target="E4"/>
  <move id="170" source="I2" target="H2"/>
  <move id="171" source="E4" target="E5"/>
  <move id="172" source="D7" target="E7"/>
  <move id="173" source="B7" target="C7"/>
  <move id="174" source="E7" target="F7"/>
  <move id="175" source="C7" target="D7"/>
  <move id="176" source="F7" target="G7"/>
  <move id="177" source="D7" target="E7"/>
  <move id="178" source="G7" target="H7"/>
  <move id="179" source="E7" target="F7"/>
  <move id="180" source="H7" target="I7"/>
  <move id="181" source="E5" target="E6"/>
  <move id="182" source="H3" target="G3"/>
  <move id="183" source="E6" target="E7"/>
  <move id="184" source="G3" target="F3"/>
  <move id="185" source="E7" target="D7"/>
  <move id="186" source="F3" target="F4"/>
  <move id="187" source="F7" target="E7"/>
  <move id="188" source="F4" target="F5"/>
  <move id="189" source="D7" target="D8"/>
  <move id="190" source="C8" target="C7"/>
  <move id="191" source="E7" target="D7"/>
  <move id="192" source="C7" target="B7"/>
  <move id="193" source="D7" target="C7"/>
  <move id="194" source="B7" target="B6"/>
  <move id="195" source="C7" target="B7"/>
  <move id="196" source="B6" target="B5"/>
  <move id="197" source="B7" target="B6"/>
  <move id="198" source="B5" target="B4"/>
  <move id="199" source="B6" target="B5"/>
  <move id="200" source="B4" target="C4"/>
  <move id="201" source="B5" target="B4"/>
  <move id="202" source="C4" target="D4"/>
  <move id="203" source="B4" target="C4"/>
  <move id="204" source="D4" target="E4"/>
  <move id="205" source="E3" target="E4"/>
  <move id="206" source="E4" target="F4"/>
  <move id="207" source="C4" target="B4"/>
  <move id="208" source="F4" target="G4"/>
  <move id="209" source="B4" target="B5"/>
  <move id="210" source="C9" target="C7"/>
  <move id="211" source="B5" target="B6"/>
  <move id="212" source="C7" target="E7"/>
  <move id="213" source="B6" target="B7"/>
  <move id="214" source="E7" target="E2"/>
  <move id="215" source="B7" target="C7"/>
  <move id="216" source="G4" target="F4"/>
  <move id="217" source="A:" target="A9"/>
  <move id="218" source="F4" target="E4"/>
  <move id="219" source="E2" target="F2"/>
  <move id="220" source="F5" target="F4"/>
  <move id="221" source="A9" target="B9"/>
  <move id="222" source="F4" target="F3"/>
  <move id="223" source="B9" target="C9"/>
  <move id="224" source="F3" target="F2"/>
  <move id="225" source="C9" target="D9"/>
  <move id="226" source="F2" target="F3"/>
  <move id="227" source="D9" target="C9"/>
  <move id="228" source="F3" target="F4"/>
  <move id="229" source="C9" target="C:"/>
  <move id="230" source="F4" target="F5"/>
  <move id="231" source="C7" target="B7"/>
  <move id="232" source="F5" target="F6"/>
  <move id="233" source="B7" target="B6"/>
  <move id="234" source="F6" target="E6"/>
  <move id="235" source="B6" target="B5"/>
  <move id="236" source="E4" target="E5"/>
  <move id="237" source="B5" target="B4"/>
  <move id="238" source="E5" target="F5"/>
  <move id="239" source="B4" target="C4"/>
  <move id="240" source="F5" target="F6"/>
  <move id="241" source="C4" target="D4"/>
  <move id="242" source="E6" target="E5"/>
  <move id="243" source="C:" target="C9"/>
  <move id="244" source="F6" target="F7"/>
  <move id="245" source="C9" target="B9"/>
  <move id="246" source="F7" target="E7"/>
  <move id="247" source="B9" target="A9"/>
  <move id="248" source="E7" target="D7"/>
  <move id="249" source="A9" target="A8"/>
  <move id="250" source="D7" target="C7"/>
  <move id="251" source="A8" target="A7"/>
  <move id="252" source="C7" target="B7"/>
  <move id="253" source="A7" target="A8"/>
  <move id="254" source="B7" target="C7"/>
  <move id="255" source="A8" target="A9"/>
  <move id="256" source="C7" target="C8"/>
  <move id="257" source="A9" target="B9"/>
  <move id="258" source="E5" target="E4"/>
  <move id="259" source="D4" target="C4"/>
  <move id="260" source="E4" target="D4"/>
  <move id="261" source="C4" target="B4"/>
  <move id="262" source="D4" target="C4"/>
  <move id="263" source="B4" target="B5"/>
  <move id="264" source="C4" target="B4"/>
  <move id="265" source="B5" target="B6"/>
  <move id="266" source="B4" target="B5"/>
  <move id="267" source="B6" target="B7"/>
  <move id="268" source="B5" target="B6"/>
  <move id="269" source="B7" target="C7"/>
  <move id="270" source="C8" target="C9"/>
  <move id="271" source="B9" target="A9"/>
  <move id="272" source="C9" target="B9"/>
  <move id="273" source="A9" target="A:"/>
  <move id="274" source="B9" target="A9"/>
  <move id="275" source="A:" target="B:"/>
  <move id="276" source="B6" target="B7"/>
  <move id="277" source="C7" target="D7"/>
  <move id="278" source="B7" target="C7"/>
  <move id="279" source="D7" target="E7"/>
  <move id="280" source="C7" target="D7"/>
  <move id="281" source="E7" target="F7"/>
  <move id="282" source="D7" target="E7"/>
  <move id="283" source="F7" target="G7"/>
  <move id="284" source="I7" target="I6"/>
  <move id="285" source="G7" target="H7"/>
  <move id="286" source="E7" target="F7"/>
  <move id="287" source="H7" target="I7"/>
  <move id="288" source="I6" target="I5"/>
  <move id="289" source="I7" target="I8"/>
  <move id="290" source="F7" target="G7"/>
  <move id="291" source="K3" target="K:"/>
  <move id="292" source="G7" target="H7"/>
  <move id="293" source="K2" target="K3"/>
  <move id="294" source="I5" target="I4"/>
  <move id="295" source="K3" target="I3"/>
  <move id="296" source="I4" target="H4"/>
  <move id="297" source="I3" target="H3"/>
  <move id="298" source="H4" target="G4"/>
  <move id="299" source="H3" target="G3"/>
  <move id="300" source="G4" target="F4"/>
  <move id="301" source="G3" target="F3"/>
  <move id="302" source="F4" target="E4"/>
  <move id="303" source="F3" target="E3"/>
  <move id="304" source="E4" target="F4"/>
  <move id="305" source="E3" target="F3"/>
  <move id="306" source="F4" target="G4"/>
  <move id="307" source="F3" target="F4"/>
  <move id="308" source="G4" target="G3"/>
  <move id="309" source="F4" target="E4"/>
  <move id="310" source="A9" target="A8"/>
  <move id="311" source="E4" target="E5"/>
  <move id="312" source="A8" target="A7"/>
  <move id="313" source="E5" target="E6"/>
  <move id="314" source="A7" target="B7"/>
  <move id="315" source="E6" target="E7"/>
  <move id="316" source="H7" target="G7"/>
  <move id="317" source="E7" target="E6"/>
  <move id="318" source="G7" target="F7"/>
  <move id="319" source="E6" target="E5"/>
  <move id="320" source="F7" target="F6"/>
  <move id="321" source="E5" target="E4"/>
  <move id="322" source="F6" target="F5"/>
  <move id="323" source="E4" target="E3"/>
  <move id="324" source="F5" target="F4"/>
  <move id="325" source="E3" target="E2"/>
  <move id="326" source="B7" target="B6"/>
  <move id="327" source="K1" target="K7"/>
  <move id="328" source="B6" target="B5"/>
  <move id="329" source="K7" target="H7"/>
  <move id="330" source="F4" target="E4"/>
  <move id="331" source="E2" target="F2"/>
  <move id="332" source="E4" target="F4"/>
  <move id="333" source="F2" target="E2"/>
  <move id="334" source="B5" target="B4"/>
  <move id="335" source="H7" target="H:"/>
  <move id="336" source="B4" target="C4"/>
  <move id="337" source="I8" target="I9"/>
  <move id="338" source="C4" target="D4"/>
  <move id="339" source="I9" target="I:"/>
  <move id="340" source="D4" target="E4"/>
  <move id="341" source="I:" target="I9"/>
  <move id="342" source="F4" target="F5"/>
  <move id="343" source="E2" target="F2"/>
  <move id="344" source="E4" target="F4"/>
  <move id="345" source="I9" target="I8"/>
  <move id="346" source="F4" target="F3"/>
  <move id="347" source="I8" target="I7"/>
  <move id="348" source="F3" target="F2"/>
  <move id="349" source="I7" target="H7"/>
  <move id="350" source="F5" target="F6"/>
  <move id="351" source="H7" target="G7"/>
  <move id="352" source="G3" target="F3"/>
  <move id="353" source="G7" target="H7"/>
  <move id="354" source="F3" target="F4"/>
  <move id="355" source="H7" target="I7"/>
  <move id="356" source="F4" target="E4"/>
  <move id="357" source="I7" target="I6"/>
  <move id="358" source="E4" target="E5"/>
  <move id="359" source="I6" target="I5"/>
  <move id="360" source="E5" target="E6"/>
  <move id="361" source="I5" target="I4"/>
  <move id="362" source="E6" target="E7"/>
  <move id="363" source="I4" target="H4"/>
  <move id="364" source="F2" target="F3"/>
  <move id="365" source="H4" target="G4"/>
  <move id="366" source="F6" target="F5"/>
  <move id="367" source="G4" target="H4"/>
  <move id="368" source="E7" target="F7"/>
  <move id="369" source="H4" target="I4"/>
  <move id="370" source="F5" target="F6"/>
  <move id="371" source="I4" target="I5"/>
  <move id="372" source="F7" target="E7"/>
  <move id="373" source="I5" target="I6"/>
  <move id="374" source="F3" target="G3"/>
  <move id="375" source="I6" target="I7"/>
  <move id="376" source="G3" target="H3"/>
  <move id="377" source="I7" target="H7"/>
  <move id="378" source="E7" target="E6"/>
  <move id="379" source="H7" target="G7"/>
  <move id="380" source="E6" target="E5"/>
  <move id="381" source="G7" target="H7"/>
  <move id="382" source="E5" target="E4"/>
  <move id="383" source="H7" target="I7"/>
  <move id="384" source="E4" target="D4"/>
  <move id="385" source="I7" target="I6"/>
  <move id="386" source="F6" target="F5"/>
  <move id="387" source="I6" target="I5"/>
  <move id="388" source="F5" target="F4"/>
  <move id="389" source="I5" target="I4"/>
  <move id="390" source="F4" target="G4"/>
  <move id="391" source="I4" target="I5"/>
  <move id="392" source="G4" target="F4"/>
  <move id="393" source="I5" target="I6"/>
  <move id="394" source="F4" target="F5"/>
  <move id="395" source="I6" target="I7"/>
  <move id="396" source="F5" target="F6"/>
  <move id="397" source="I7" target="H7"/>
  <move id="398" source="F6" target="F7"/>
  <move id="399" source="H7" target="I7"/>
  <move id="400" source="H3" target="I3"/>
  <move id="401" source="I7" target="I6"/>
  <move id="402" source="I3" target="I4"/>
  <move id="403" source="I6" target="I5"/>
  <move id="404" source="I4" target="I5"/>
  <move id="405" source="I1" target="I2"/>
  <move id="406" source="F7" target="G7"/>
  <move id="407" source="I2" target="K2"/>
  <move id="408" source="G7" target="H7"/>
  <move id="409" source="K2" target="K3"/>
  <move id="410" source="H7" target="I7"/>
  <move id="411" source="K3" target="K4"/>
  <move id="412" source="I7" target="I6"/>
  <move id="413" source="K4" target="K5"/>
  <move id="414" source="E9" target="F9"/>
  <move id="415" source="A2" target="A3"/>
  <move id="416" source="D4" target="E4"/>
  <move id="417" source="A3" target="A4"/>
  <move id="418" source="I6" target="I7"/>
  <move id="419" source="A4" target="A5"/>
  <move id="420" source="E4" target="E5"/>
  <move id="421" source="A5" target="A6"/>
  <move id="422" source="E5" target="E6"/>
  <move id="423" source="A6" target="A7"/>
  <move id="424" source="E6" target="E7"/>
  <move id="425" source="A7" target="A8"/>
  <move id="426" source="E7" target="D7"/>
  <move id="427" source="A8" target="A9"/>
  <move id="428" source="D7" target="C7"/>
  <move id="429" source="C2" target="C3"/>
  <move id="430" source="C7" target="C8"/>
  <move id="431" source="C3" target="C4"/>
  <move id="432" source="F9" target="F8"/>
  <move id="433" source="C4" target="D4"/>
  <move id="434" source="I7" target="K7"/>
  <move id="435" source="K5" target="I5"/>
  <move id="436" source="K7" target="K6"/>
  <move id="437" source="D4" target="E4"/>
  <move id="438" source="F8" target="F7"/>
  <move id="439" source="E4" target="E5"/>
  <move id="440" source="K6" target="I6"/>
  <move id="441" source="I5" target="K5"/>
  <move id="442" source="C8" target="C9"/>
  <move id="443" source="E5" target="E6"/>
  <move id="444" source="C9" target="B9"/>
  <move id="445" source="A9" target="A8"/>
  <move id="446" source="B9" target="C9"/>
  <move id="447" source="E6" target="E7"/>
  <move id="448" source="F7" target="E7"/>
  <move id="449" source="D3" target="D4"/>
  <move id="450" source="C9" target="C8"/>
  <move id="451" source="D4" target="E4"/>
  <move id="452" source="C8" target="C7"/>
  <move id="453" source="E4" target="F4"/>
  <move id="454" source="C7" target="D7"/>
  <move id="455" source="A8" target="A9"/>
  <move id="456" source="D7" target="E7"/>
  <move id="457" source="A9" target="B9"/>
  <move id="458" source="E7" target="F7"/>
  <move id="459" source="F4" target="E4"/>
  <move id="460" source="I6" target="I7"/>
  <move id="461" source="B9" target="C9"/>
  <move id="462" source="I7" target="I8"/>
  <move id="463" source="C9" target="D9"/>
  <move id="464" source="I8" target="H8"/>
  <move id="465" source="D9" target="E9"/>
  <move id="466" source="E:" target="E9"/>
  <move id="467" source="E9" target="D9"/>
  <move id="468" source="D:" target="E:"/>
  <move id="469" source="D9" target="D:"/>
  <move id="470" source="E:" target="E9"/>
  <move id="471" source="D:" target="D9"/>
  <move id="472" source="E9" target="F9"/>
  <move id="473" source="D9" target="C9"/>
  <move id="474" source="F9" target="F8"/>
  <move id="475" source="C9" target="C8"/>
  <move id="476" source="F8" target="G8"/>
  <move id="477" source="C8" target="B8"/>
  <move id="478" source="F7" target="E7"/>
  <move id="479" source="E4" target="F4"/>
  <move id="480" source="E7" target="E6"/>
  <move id="481" source="B8" target="C8"/>
  <move id="482" source="E6" target="E5"/>
  <move id="483" source="C8" target="C9"/>
  <move id="484" source="E5" target="E4"/>
  <move id="485" source="F4" target="F3"/>
  <move id="486" source="E4" target="E3"/>
  <move id="487" source="F3" target="F2"/>
  <move id="488" source="G8" target="G7"/>
  <move id="489" source="C9" target="D9"/>
  <move id="490" source="G7" target="F7"/>
  <move id="491" source="D9" target="E9"/>
  <move id="492" source="F7" target="F6"/>
  <move id="493" source="E9" target="F9"/>
  <move id="494" source="H8" target="G8"/>
  <move id="495" source="F9" target="E9"/>
  <move id="496" source="F6" target="F5"/>
  <move id="497" source="E9" target="D9"/>
  <move id="498" source="F5" target="F4"/>
  <move id="499" source="D9" target="C9"/>
  <move id="500" source="F4" target="G4"/>
  <move id="501" source="C9" target="C8"/>
  <move id="502" source="E3" target="F3"/>
  <move id="503" source="F2" target="E2"/>
  <move id="504" source="G4" target="G3"/>
  <move id="505" source="G2" target="G3"/>
  <move id="506" source="G8" target="F8"/>
  <move id="507" source="K5" target="K6"/>
  <move id="508" source="F8" target="F7"/>
  <move id="509" source="K6" target="K7"/>
  <move id="510" source="F7" target="E7"/>
  <move id="511" source="K7" target="I7"/>
  <move id="512" source="E7" target="E6"/>
  <move id="513" source="I7" target="H7"/>
  <move id="514" source="E6" target="E5"/>
  <move id="515" source="H7" target="I7"/>
  <move id="516" source="E5" target="E4"/>
  <move id="517" source="I7" target="K7"/>
  <move id="518" source="E4" target="E3"/>
  <move id="519" source="K7" target="K6"/>
  <move id="520" source="E3" target="E2"/>
  <move id="521" source="K6" target="K5"/>
  <move id="522" source="E2" target="E3"/>
  <move id="523" source="C8" target="B8"/>
  <move id="524" source="E3" target="D3"/>
  <move id="525" source="B8" target="B9"/>
  <move id="526" source="D3" target="C3"/>
  <move id="527" source="B9" target="B8"/>
  <move id="528" source="C3" target="B3"/>
  <move id="529" source="B8" target="C8"/>
  <move id="530" source="B3" target="B2"/>
  <move id="531" source="C8" target="C9"/>
  <move id="532" source="B2" target="B1"/>
  <move id="533" source="C9" target="B9"/>
  <move id="534" source="F3" target="F2"/>
  <move id="535" source="B9" target="A9"/>
  <move id="536" source="F2" target="F1"/>
  <player id="1">Player 1</player>
  <player id="2">Player 2</player>
  <result type="0" winner="1"/>
 </game>
</stratego>