<?xml version="1.0" encoding="UTF-8"?>
<stratego>
 <game type="classic">
  
  <field content="GFBMBHEEEBBHIILCBEIGDDDJHDKJHBDFDEGFDGDFAA__AA__AAAA__AA__AAPTPVSRTPSPQPUXPTNWUPURSNPOVTQNNQNYRQSNQR"/>
  <move id="1" source="E4" target="E5"/>
  <move id="2" source="F7" target="F6"/>
  <move id="3" source="E5" target="E6"/>
  <move id="4" source="F6" target="F5"/>
  <move id="5" source="E3" target="E4"/>
  <move id="6" source="F5" target="F4"/>
  <move id="7" source="E6" target="E7"/>
  <move id="8" source="E8" target="E4"/>
  <move id="9" source="E4" target="E3"/>
  <move id="10" source="I7" target="I6"/>
  <move id="11" source="G4" target="F4"/>
  <move id="12" source="I6" target="I5"/>
  <move id="13" source="F4" target="F5"/>
  <move id="14" source="I8" target="I7"/>
  <move id="15" source="F5" target="F6"/>
  <move id="16" source="I7" target="I6"/>
  <move id="17" source="F6" target="F7"/>
  <move id="18" source="G7" target="F7"/>
  <move id="19" source="F3" target="F4"/>
  <move id="20" source="F7" target="E7"/>
  <move id="21" source="E3" target="E4"/>
  <move id="22" source="H7" target="G7"/>
  <move id="23" source="E4" target="E5"/>
  <move id="24" source="G7" target="F7"/>
  <move id="25" source="E5" target="E6"/>
  <move id="26" source="I5" target="I4"/>
  <move id="27" source="E6" target="E7"/>
  <move id="28" source="I4" target="K4"/>
  <move id="29" source="F4" target="F7"/>
  <move id="30" source="I6" target="K6"/>
  <move id="31" source="G3" target="F3"/>
  <move id="32" source="K6" target="K5"/>
  <move id="33" source="H4" target="G4"/>
  <move id="34" source="K7" target="I7"/>
  <move id="35" source="G4" target="G3"/>
  <move id="36" source="I7" target="H7"/>
  <move id="37" source="I3" target="I4"/>
  <move id="38" source="K4" target="I4"/>
  <move id="39" source="I4" target="H4"/>
  <move id="40" source="F8" target="F7"/>
  <move id="41" source="H4" target="G4"/>
  <move id="42" source="F7" target="F6"/>
  <move id="43" source="G4" target="F4"/>
  <move id="44" source="F6" target="F5"/>
  <move id="45" source="F4" target="E4"/>
  <move id="46" source="F5" target="E5"/>
  <move id="47" source="E4" target="E3"/>
  <move id="48" source="H7" target="I7"/>
  <move id="49" source="D4" target="E4"/>
  <move id="50" source="E5" target="E6"/>
  <move id="51" source="E4" target="F4"/>
  <move id="52" source="E6" target="E5"/>
  <move id="53" source="F4" target="G4"/>
  <move id="54" source="E5" target="E4"/>
  <move id="55" source="C4" target="E4"/>
  <move id="56" source="E4" target="E3"/>
  <move id="57" source="G4" target="F4"/>
  <move id="58" source="I7" target="I6"/>
  <move id="59" source="F4" target="E4"/>
  <move id="60" source="I6" target="I5"/>
  <move id="61" source="E4" target="E3"/>
  <move id="62" source="I5" target="I4"/>
  <move id="63" source="C3" target="C4"/>
  <move id="64" source="K5" target="K6"/>
  <move id="65" source="I2" target="I3"/>
  <move id="66" source="I4" target="H4"/>
  <move id="67" source="I3" target="I4"/>
  <move id="68" source="H4" target="H3"/>
  <move id="69" source="I4" target="I5"/>
  <move id="70" source="D7" target="E7"/>
  <move id="71" source="C4" target="D4"/>
  <move id="72" source="E7" target="F7"/>
  <move id="73" source="I5" target="I6"/>
  <move id="74" source="K6" target="I6"/>
  <move id="75" source="H3" target="H4"/>
  <move id="76" source="F7" target="G7"/>
  <move id="77" source="D4" target="E4"/>
  <move id="78" source="G7" target="F7"/>
  <move id="79" source="E4" target="F4"/>
  <move id="80" source="F7" target="F6"/>
  <move id="81" source="F4" target="F6"/>
  <move id="82" source="F6" target="F7"/>
  <move id="83" source="H4" target="G4"/>
  <move id="84" source="F7" target="F6"/>
  <move id="85" source="G4" target="F4"/>
  <move id="86" source="F6" target="F5"/>
  <move id="87" source="F4" target="F5"/>
  <move id="88" source="C7" target="D7"/>
  <move id="89" source="E3" target="E4"/>
  <move id="90" source="D7" target="E7"/>
  <move id="91" source="E4" target="E5"/>
  <move id="92" source="E7" target="F7"/>
  <move id="93" source="E5" target="E6"/>
  <move id="94" source="B7" target="C7"/>
  <move id="95" source="F3" target="F4"/>
  <move id="96" source="C7" target="D7"/>
  <move id="97" source="D3" target="E3"/>
  <move id="98" source="D7" target="E7"/>
  <move id="99" source="E6" target="E5"/>
  <move id="100" source="E7" target="E6"/>
  <move id="101" source="F4" target="F5"/>
  <move id="102" source="E6" target="E5"/>
  <move id="103" source="F5" target="E5"/>
  <move id="104" source="F7" target="G7"/>
  <move id="105" source="E5" target="F5"/>
  <move id="106" source="G7" target="H7"/>
  <move id="107" source="F5" target="F4"/>
  <move id="108" source="H7" target="I7"/>
  <move id="109" source="F4" target="F3"/>
  <move id="110" source="I7" target="I6"/>
  <move id="111" source="G3" target="G4"/>
  <move id="112" source="I6" target="I5"/>
  <move id="113" source="G4" target="F4"/>
  <move id="114" source="I5" target="I4"/>
  <move id="115" source="F4" target="F5"/>
  <move id="116" source="H8" target="H7"/>
  <move id="117" source="F5" target="E5"/>
  <move id="118" source="H7" target="G7"/>
  <move id="119" source="E5" target="E6"/>
  <move id="120" source="G7" target="F7"/>
  <move id="121" source="E6" target="E5"/>
  <move id="122" source="F7" target="F6"/>
  <move id="123" source="E5" target="E4"/>
  <move id="124" source="F6" target="F5"/>
  <move id="125" source="E4" target="D4"/>
  <move id="126" source="F5" target="E5"/>
  <move id="127" source="D4" target="D3"/>
  <move id="128" source="E5" target="E4"/>
  <move id="129" source="D3" target="C3"/>
  <move id="130" source="I4" target="H4"/>
  <move id="131" source="B4" target="B5"/>
  <move id="132" source="H4" target="G4"/>
  <move id="133" source="A4" target="E4"/>
  <move id="134" source="E4" target="E3"/>
  <move id="135" source="E2" target="E3"/>
  <move id="136" source="C8" target="C7"/>
  <move id="137" source="B5" target="B6"/>
  <move id="138" source="C7" target="B7"/>
  <move id="139" source="B6" target="B5"/>
  <move id="140" source="B7" target="B6"/>
  <move id="141" source="B5" target="B4"/>
  <move id="142" source="B6" target="B5"/>
  <move id="143" source="B4" target="C4"/>
  <move id="144" source="B5" target="B4"/>
  <move id="145" source="C4" target="D4"/>
  <move id="146" source="A7" target="A3"/>
  <move id="147" source="D4" target="E4"/>
  <move id="148" source="D8" target="D7"/>
  <move id="149" source="E4" target="F4"/>
  <move id="150" source="G4" target="H4"/>
  <move id="151" source="F4" target="G4"/>
  <move id="152" source="H4" target="I4"/>
  <move id="153" source="G4" target="H4"/>
  <move id="154" source="I4" target="I5"/>
  <move id="155" source="H4" target="I4"/>
  <move id="156" source="I5" target="I6"/>
  <move id="157" source="I4" target="I5"/>
  <move id="158" source="I6" target="I7"/>
  <move id="159" source="I5" target="I6"/>
  <move id="160" source="I7" target="I8"/>
  <move id="161" source="I6" target="I7"/>
  <move id="162" source="I8" target="H8"/>
  <move id="163" source="I7" target="H7"/>
  <move id="164" source="D7" target="E7"/>
  <move id="165" source="C3" target="D3"/>
  <move id="166" source="E7" target="F7"/>
  <move id="167" source="B3" target="B4"/>
  <move id="168" source="B4" target="B5"/>
  <move id="169" source="H7" target="H8"/>
  <move id="170" source="H9" target="H8"/>
  <move id="171" source="C2" target="C3"/>
  <move id="172" source="B5" target="B4"/>
  <move id="173" source="C3" target="C4"/>
  <move id="174" source="B4" target="C4"/>
  <move id="175" source="D2" target="C2"/>
  <move id="176" source="I9" target="I8"/>
  <move id="177" source="C2" target="C3"/>
  <move id="178" source="I8" target="I7"/>
  <move id="179" source="C3" target="C4"/>
  <move id="180" source="I7" target="I6"/>
  <move id="181" source="C4" target="D4"/>
  <move id="182" source="I6" target="I5"/>
  <move id="183" source="D4" target="E4"/>
  <move id="184" source="I5" target="I4"/>
  <move id="185" source="E4" target="F4"/>
  <move id="186" source="I4" target="H4"/>
  <move id="187" source="F4" target="G4"/>
  <move id="188" source="H4" target="H3"/>
  <move id="189" source="G4" target="H4"/>
  <move id="190" source="H3" target="H2"/>
  <move id="191" source="H4" target="I4"/>
  <move id="192" source="H8" target="H7"/>
  <move id="193" source="I4" target="I5"/>
  <move id="194" source="H7" target="I7"/>
  <move id="195" source="I5" target="I6"/>
  <move id="196" source="I7" target="I6"/>
  <move id="197" source="I6" target="I5"/>
  <move id="198" source="F7" target="F6"/>
  <move id="199" source="I5" target="I4"/>
  <move id="200" source="F6" target="F5"/>
  <move id="201" source="I4" target="H4"/>
  <move id="202" source="F5" target="F4"/>
  <move id="203" source="D3" target="D4"/>
  <move id="204" source="F4" target="G4"/>
  <move id="205" source="H4" target="I4"/>
  <move id="206" source="G9" target="H9"/>
  <move id="207" source="I4" target="I3"/>
  <move id="208" source="G4" target="G3"/>
  <move id="209" source="E3" target="E4"/>
  <move id="210" source="G3" target="H3"/>
  <move id="211" source="I3" target="I4"/>
  <move id="212" source="H9" target="H8"/>
  <move id="213" source="E4" target="F4"/>
  <move id="214" source="H8" target="H7"/>
  <move id="215" source="F4" target="G4"/>
  <move id="216" source="H7" target="I7"/>
  <move id="217" source="G4" target="G3"/>
  <move id="218" source="H3" target="H4"/>
  <move id="219" source="I4" target="I3"/>
  <move id="220" source="I7" target="I6"/>
  <move id="221" source="G3" target="H3"/>
  <move id="222" source="H4" target="I4"/>
  <move id="223" source="I3" target="I2"/>
  <move id="224" source="K8" target="K3"/>
  <move id="225" source="I2" target="H2"/>
  <move id="226" source="I4" target="I3"/>
  <move id="227" source="H3" target="I3"/>
  <move id="228" source="I6" target="I5"/>
  <move id="229" source="H2" target="H3"/>
  <move id="230" source="I5" target="I4"/>
  <move id="231" source="F3" target="G3"/>
  <move id="232" source="I4" target="I3"/>
  <move id="233" source="H3" target="H4"/>
  <move id="234" source="I3" target="I2"/>
  <move id="235" source="G3" target="H3"/>
  <move id="236" source="I2" target="K2"/>
  <move id="237" source="H3" target="I3"/>
  <move id="238" source="K2" target="K1"/>
  <move id="239" source="I3" target="H3"/>
  <move id="240" source="A8" target="A7"/>
  <move id="241" source="H3" target="G3"/>
  <move id="242" source="A7" target="A6"/>
  <move id="243" source="G3" target="F3"/>
  <move id="244" source="A6" target="A5"/>
  <move id="245" source="F3" target="E3"/>
  <move id="246" source="A5" target="A4"/>
  <move id="247" source="E3" target="D3"/>
  <move id="248" source="A4" target="A3"/>
  <move id="249" source="D3" target="C3"/>
  <move id="250" source="A3" target="A2"/>
  <move id="251" source="B2" target="A2"/>
  <move id="252" source="B8" target="B1"/>
  <move id="253" source="A2" target="B2"/>
  <move id="254" source="E9" target="E1"/>
  <move id="255" source="F2" target="F3"/>
  <move id="256" source="A9" target="A8"/>
  <move id="257" source="F3" target="F4"/>
  <move id="258" source="A8" target="B8"/>
  <move id="259" source="F4" target="F5"/>
  <move id="260" source="B8" target="B7"/>
  <move id="261" source="F5" target="E5"/>
  <move id="262" source="B7" target="C7"/>
  <move id="263" source="E5" target="E6"/>
  <move id="264" source="C7" target="D7"/>
  <move id="265" source="E6" target="E7"/>
  <move id="266" source="D7" target="E7"/>
  <move id="267" source="H4" target="G4"/>
  <move id="268" source="E7" target="F7"/>
  <move id="269" source="C3" target="D3"/>
  <move id="270" source="F7" target="F6"/>
  <move id="271" source="G4" target="F4"/>
  <move id="272" source="F6" target="F5"/>
  <move id="273" source="F4" target="F5"/>
  <player id="1">Player 1</player>
  <player id="2">Player 2</player>
  <result type="3" winner="1"/>
 </game>
</stratego>