<?xml version="1.0" encoding="UTF-8"?>
<stratego>
 <game type="classic">
  
  <field content="EGBFBFMEDDDFDHEBICDEIBBJLGEJDKGBFHGIDHDHAA__AA__AAAA__AA__AASTPSSRPWSRQPXPPUROTPUPUVQNQVRNTNNQNYNQPT"/>
  <move id="1" source="I4" target="I7"/>
  <move id="2" source="I7" target="I6"/>
  <move id="3" source="F4" target="F5"/>
  <move id="4" source="I6" target="K6"/>
  <move id="5" source="F5" target="F6"/>
  <move id="6" source="K6" target="K5"/>
  <move id="7" source="I3" target="I4"/>
  <move id="8" source="K5" target="K4"/>
  <move id="9" source="I4" target="I5"/>
  <move id="10" source="I8" target="I7"/>
  <move id="11" source="I5" target="K5"/>
  <move id="12" source="I7" target="I6"/>
  <move id="13" source="K5" target="K7"/>
  <move id="14" source="I6" target="I5"/>
  <move id="15" source="K4" target="K5"/>
  <move id="16" source="I5" target="I4"/>
  <move id="17" source="H4" target="I4"/>
  <move id="18" source="K7" target="I7"/>
  <move id="19" source="K5" target="K6"/>
  <move id="20" source="H8" target="I8"/>
  <move id="21" source="G4" target="H4"/>
  <move id="22" source="F7" target="F6"/>
  <move id="23" source="H4" target="I4"/>
  <move id="24" source="E7" target="F7"/>
  <move id="25" source="F6" target="F5"/>
  <move id="26" source="E8" target="E7"/>
  <move id="27" source="F5" target="F4"/>
  <move id="28" source="E7" target="E6"/>
  <move id="29" source="I4" target="H4"/>
  <move id="30" source="E6" target="F6"/>
  <move id="31" source="H4" target="G4"/>
  <move id="32" source="F6" target="F5"/>
  <move id="33" source="I2" target="I3"/>
  <move id="34" source="H9" target="H8"/>
  <move id="35" source="I3" target="I4"/>
  <move id="36" source="I9" target="H9"/>
  <move id="37" source="I4" target="K4"/>
  <move id="38" source="I8" target="I9"/>
  <move id="39" source="K6" target="I6"/>
  <move id="40" source="H8" target="I8"/>
  <move id="41" source="K4" target="K8"/>
  <move id="42" source="I7" target="K7"/>
  <move id="43" source="I6" target="K6"/>
  <move id="44" source="K7" target="I7"/>
  <move id="45" source="K6" target="I6"/>
  <move id="46" source="I8" target="K8"/>
  <move id="47" source="I6" target="K6"/>
  <move id="48" source="I9" target="I8"/>
  <move id="49" source="A4" target="A5"/>
  <move id="50" source="K8" target="K7"/>
  <move id="51" source="K6" target="K7"/>
  <move id="52" source="I7" target="I6"/>
  <move id="53" source="H3" target="I3"/>
  <move id="54" source="K7" target="I7"/>
  <move id="55" source="I3" target="I4"/>
  <move id="56" source="I6" target="K6"/>
  <move id="57" source="I4" target="K4"/>
  <move id="58" source="K6" target="K7"/>
  <move id="59" source="K4" target="K5"/>
  <move id="60" source="I8" target="H8"/>
  <move id="61" source="K5" target="K6"/>
  <move id="62" source="K7" target="K8"/>
  <move id="63" source="K6" target="K7"/>
  <move id="64" source="I7" target="I8"/>
  <move id="65" source="G3" target="H3"/>
  <move id="66" source="K8" target="K7"/>
  <move id="67" source="K7" target="K6"/>
  <move id="68" source="I8" target="I7"/>
  <move id="69" source="K6" target="K5"/>
  <move id="70" source="I7" target="I6"/>
  <move id="71" source="H3" target="I3"/>
  <move id="72" source="I6" target="I5"/>
  <move id="73" source="K5" target="I5"/>
  <move id="74" source="I:" target="I7"/>
  <move id="75" source="I3" target="I4"/>
  <move id="76" source="K:" target="I:"/>
  <move id="77" source="I4" target="I5"/>
  <move id="78" source="I7" target="K7"/>
  <move id="79" source="I5" target="K5"/>
  <move id="80" source="I:" target="I9"/>
  <move id="81" source="K5" target="K6"/>
  <move id="82" source="K7" target="K8"/>
  <move id="83" source="K6" target="K7"/>
  <move id="84" source="K8" target="I8"/>
  <move id="85" source="K7" target="I7"/>
  <move id="86" source="H7" target="I7"/>
  <move id="87" source="G4" target="H4"/>
  <move id="88" source="I7" target="K7"/>
  <move id="89" source="H4" target="I4"/>
  <move id="90" source="I8" target="I4"/>
  <move id="91" source="F4" target="G4"/>
  <move id="92" source="F5" target="F3"/>
  <move id="93" source="G4" target="H4"/>
  <move id="94" source="F7" target="F6"/>
  <move id="95" source="E4" target="E5"/>
  <move id="96" source="F6" target="F5"/>
  <move id="97" source="H4" target="G4"/>
  <move id="98" source="F5" target="E5"/>
  <move id="99" source="D4" target="E4"/>
  <move id="100" source="D8" target="E8"/>
  <move id="101" source="G4" target="H4"/>
  <move id="102" source="E8" target="E7"/>
  <move id="103" source="H4" target="H3"/>
  <move id="104" source="E7" target="E6"/>
  <move id="105" source="G2" target="G3"/>
  <move id="106" source="C8" target="D8"/>
  <move id="107" source="G3" target="G4"/>
  <move id="108" source="D8" target="E8"/>
  <move id="109" source="D3" target="D4"/>
  <move id="110" source="E8" target="E7"/>
  <move id="111" source="E4" target="E5"/>
  <move id="112" source="E6" target="F6"/>
  <move id="113" source="E5" target="F5"/>
  <move id="114" source="F6" target="F7"/>
  <move id="115" source="F5" target="E5"/>
  <move id="116" source="F8" target="E8"/>
  <move id="117" source="G4" target="F4"/>
  <move id="118" source="F7" target="F8"/>
  <move id="119" source="F3" target="G3"/>
  <move id="120" source="E7" target="F7"/>
  <move id="121" source="G3" target="G4"/>
  <move id="122" source="E8" target="E7"/>
  <move id="123" source="G4" target="G3"/>
  <move id="124" source="E7" target="E6"/>
  <move id="125" source="E5" target="E4"/>
  <move id="126" source="E6" target="E5"/>
  <move id="127" source="G3" target="G2"/>
  <move id="128" source="F7" target="F6"/>
  <move id="129" source="H3" target="I3"/>
  <move id="130" source="F6" target="F5"/>
  <move id="131" source="I3" target="I4"/>
  <move id="132" source="F5" target="F4"/>
  <move id="133" source="I4" target="I5"/>
  <move id="134" source="E5" target="E4"/>
  <move id="135" source="E3" target="E4"/>
  <move id="136" source="F4" target="G4"/>
  <move id="137" source="I5" target="I4"/>
  <move id="138" source="G4" target="H4"/>
  <move id="139" source="I4" target="I3"/>
  <move id="140" source="K7" target="I7"/>
  <move id="141" source="E4" target="E3"/>
  <move id="142" source="I7" target="I6"/>
  <move id="143" source="D4" target="E4"/>
  <move id="144" source="I6" target="I5"/>
  <move id="145" source="E4" target="E5"/>
  <move id="146" source="I5" target="I4"/>
  <move id="147" source="I3" target="H3"/>
  <move id="148" source="H4" target="H3"/>
  <move id="149" source="H2" target="H3"/>
  <move id="150" source="I4" target="H4"/>
  <move id="151" source="H3" target="I3"/>
  <move id="152" source="H4" target="G4"/>
  <move id="153" source="E3" target="F3"/>
  <move id="154" source="G7" target="I7"/>
  <move id="155" source="I3" target="H3"/>
  <move id="156" source="I7" target="I3"/>
  <move id="157" source="I1" target="I3"/>
  <move id="158" source="F8" target="F7"/>
  <move id="159" source="E5" target="F5"/>
  <move id="160" source="F7" target="I7"/>
  <move id="161" source="H3" target="H2"/>
  <move id="162" source="G4" target="H4"/>
  <move id="163" source="F3" target="G3"/>
  <move id="164" source="H4" target="I4"/>
  <move id="165" source="G3" target="H3"/>
  <move id="166" source="I7" target="K7"/>
  <move id="167" source="F5" target="F6"/>
  <move id="168" source="I4" target="I5"/>
  <move id="169" source="H3" target="H4"/>
  <move id="170" source="I5" target="I6"/>
  <move id="171" source="F6" target="F7"/>
  <move id="172" source="I6" target="I7"/>
  <move id="173" source="F7" target="E7"/>
  <move id="174" source="I7" target="H7"/>
  <move id="175" source="H2" target="H3"/>
  <move id="176" source="H7" target="G7"/>
  <move id="177" source="E7" target="E8"/>
  <move id="178" source="G7" target="F7"/>
  <move id="179" source="H3" target="G3"/>
  <move id="180" source="F7" target="F8"/>
  <move id="181" source="E8" target="E7"/>
  <move id="182" source="F8" target="F7"/>
  <move id="183" source="E7" target="E8"/>
  <move id="184" source="B8" target="E8"/>
  <move id="185" source="G3" target="F3"/>
  <move id="186" source="D9" target="D8"/>
  <move id="187" source="K3" target="K4"/>
  <move id="188" source="D8" target="E8"/>
  <move id="189" source="K4" target="K5"/>
  <move id="190" source="F7" target="G7"/>
  <move id="191" source="K5" target="K6"/>
  <move id="192" source="G7" target="H7"/>
  <move id="193" source="K6" target="K7"/>
  <move id="194" source="H7" target="I7"/>
  <move id="195" source="K7" target="K8"/>
  <move id="196" source="C9" target="D9"/>
  <move id="197" source="K8" target="K9"/>
  <move id="198" source="D9" target="D8"/>
  <move id="199" source="H4" target="I4"/>
  <move id="200" source="D8" target="E8"/>
  <move id="201" source="I4" target="I5"/>
  <move id="202" source="E8" target="E7"/>
  <move id="203" source="I5" target="I6"/>
  <move id="204" source="H8" target="H7"/>
  <move id="205" source="F3" target="G3"/>
  <move id="206" source="C7" target="C8"/>
  <move id="207" source="A5" target="A6"/>
  <move id="208" source="B7" target="C7"/>
  <move id="209" source="A3" target="A4"/>
  <move id="210" source="B9" target="C9"/>
  <move id="211" source="A4" target="A5"/>
  <move id="212" source="A9" target="B9"/>
  <move id="213" source="A5" target="B5"/>
  <move id="214" source="B9" target="B8"/>
  <move id="215" source="B5" target="B6"/>
  <move id="216" source="B8" target="B7"/>
  <move id="217" source="A6" target="A5"/>
  <move id="218" source="B7" target="B6"/>
  <move id="219" source="K2" target="K3"/>
  <move id="220" source="G8" target="H8"/>
  <move id="221" source="I6" target="I7"/>
  <move id="222" source="H7" target="I7"/>
  <move id="223" source="K3" target="K4"/>
  <move id="224" source="E7" target="F7"/>
  <move id="225" source="K1" target="I1"/>
  <move id="226" source="F7" target="G7"/>
  <move id="227" source="I1" target="I7"/>
  <move id="228" source="G7" target="H7"/>
  <move id="229" source="I7" target="I9"/>
  <move id="230" source="A7" target="B7"/>
  <move id="231" source="A5" target="B5"/>
  <move id="232" source="B7" target="B8"/>
  <move id="233" source="B5" target="B6"/>
  <move id="234" source="C7" target="B7"/>
  <move id="235" source="B6" target="A6"/>
  <move id="236" source="B7" target="A7"/>
  <move id="237" source="G3" target="F3"/>
  <move id="238" source="C8" target="D8"/>
  <move id="239" source="F3" target="F4"/>
  <move id="240" source="D8" target="E8"/>
  <move id="241" source="F4" target="F5"/>
  <move id="242" source="E8" target="F8"/>
  <move id="243" source="F5" target="E5"/>
  <move id="244" source="D7" target="E7"/>
  <move id="245" source="E5" target="E4"/>
  <move id="246" source="F8" target="F7"/>
  <move id="247" source="E4" target="E5"/>
  <move id="248" source="F7" target="F6"/>
  <move id="249" source="K4" target="K5"/>
  <move id="250" source="F6" target="F5"/>
  <move id="251" source="E5" target="E6"/>
  <move id="252" source="E7" target="E6"/>
  <move id="253" source="E2" target="E3"/>
  <move id="254" source="H7" target="G7"/>
  <move id="255" source="E3" target="E4"/>
  <move id="256" source="G7" target="F7"/>
  <move id="257" source="E4" target="E5"/>
  <move id="258" source="F7" target="F6"/>
  <move id="259" source="E5" target="E4"/>
  <move id="260" source="E6" target="E7"/>
  <move id="261" source="K5" target="K6"/>
  <move id="262" source="I9" target="I8"/>
  <move id="263" source="K6" target="K7"/>
  <move id="264" source="C9" target="C8"/>
  <move id="265" source="D2" target="E2"/>
  <move id="266" source="A7" target="A6"/>
  <move id="267" source="E2" target="E3"/>
  <move id="268" source="A:" target="A9"/>
  <move id="269" source="E3" target="F3"/>
  <move id="270" source="A9" target="B9"/>
  <move id="271" source="F3" target="G3"/>
  <move id="272" source="B9" target="C9"/>
  <move id="273" source="G3" target="H3"/>
  <move id="274" source="C9" target="D9"/>
  <move id="275" source="H3" target="H4"/>
  <move id="276" source="D9" target="D8"/>
  <move id="277" source="H4" target="I4"/>
  <move id="278" source="F6" target="F7"/>
  <move id="279" source="E4" target="E5"/>
  <move id="280" source="F5" target="E5"/>
  <move id="281" source="I4" target="I5"/>
  <move id="282" source="F7" target="G7"/>
  <move id="283" source="I5" target="I6"/>
  <move id="284" source="G7" target="H7"/>
  <move id="285" source="I6" target="I5"/>
  <move id="286" source="H7" target="I7"/>
  <move id="287" source="K7" target="K6"/>
  <move id="288" source="I7" target="I6"/>
  <move id="289" source="I5" target="I4"/>
  <move id="290" source="I6" target="K6"/>
  <move id="291" source="I4" target="H4"/>
  <move id="292" source="K6" target="K7"/>
  <move id="293" source="H4" target="G4"/>
  <move id="294" source="K7" target="I7"/>
  <move id="295" source="G4" target="F4"/>
  <move id="296" source="I7" target="H7"/>
  <move id="297" source="F4" target="F5"/>
  <move id="298" source="H7" target="G7"/>
  <move id="299" source="F5" target="F6"/>
  <move id="300" source="G7" target="F7"/>
  <move id="301" source="F6" target="E6"/>
  <move id="302" source="E7" target="E8"/>
  <move id="303" source="E5" target="E4"/>
  <move id="304" source="I8" target="I7"/>
  <move id="305" source="E4" target="E3"/>
  <move id="306" source="H8" target="H7"/>
  <move id="307" source="E3" target="F3"/>
  <move id="308" source="I7" target="I6"/>
  <move id="309" source="F3" target="G3"/>
  <move id="310" source="I6" target="I5"/>
  <move id="311" source="G3" target="H3"/>
  <move id="312" source="I5" target="I4"/>
  <move id="313" source="H3" target="G3"/>
  <move id="314" source="I4" target="I3"/>
  <move id="315" source="G3" target="G4"/>
  <move id="316" source="I3" target="H3"/>
  <move id="317" source="G4" target="F4"/>
  <move id="318" source="H3" target="G3"/>
  <move id="319" source="F4" target="E4"/>
  <move id="320" source="E8" target="F8"/>
  <move id="321" source="E4" target="D4"/>
  <move id="322" source="F8" target="G8"/>
  <move id="323" source="D4" target="E4"/>
  <move id="324" source="G8" target="G7"/>
  <move id="325" source="E4" target="F4"/>
  <move id="326" source="D8" target="E8"/>
  <move id="327" source="F4" target="E4"/>
  <move id="328" source="E8" target="F8"/>
  <move id="329" source="E4" target="E3"/>
  <move id="330" source="G3" target="F3"/>
  <move id="331" source="E3" target="D3"/>
  <move id="332" source="F3" target="E3"/>
  <move id="333" source="D3" target="D2"/>
  <move id="334" source="F8" target="G8"/>
  <player id="1">Player 1</player>
  <player id="2">Player 2</player>
  <result type="3" winner="2"/>
 </game>
</stratego>