<?xml version="1.0" encoding="UTF-8"?>
<stratego>
 <game type="classic">
  
  <field content="EIBEDFBEBMGFLGEBDJFBFHJCIHGKHGDDBHDDEIDDAA__AA__AAAA__AA__AARTXOTPUSPPTVSVWSQPUPNRTRNUPSNNYNQQQNPPQR"/>
  <move id="1" source="I4" target="I5"/>
  <move id="2" source="K7" target="K6"/>
  <move id="3" source="I3" target="I4"/>
  <move id="4" source="E7" target="E6"/>
  <move id="5" source="I5" target="I6"/>
  <move id="6" source="K6" target="K5"/>
  <move id="7" source="I6" target="K6"/>
  <move id="8" source="K5" target="K4"/>
  <move id="9" source="I4" target="I5"/>
  <move id="10" source="F7" target="F6"/>
  <move id="11" source="K6" target="I6"/>
  <move id="12" source="E8" target="E7"/>
  <move id="13" source="I6" target="I7"/>
  <move id="14" source="F8" target="F7"/>
  <move id="15" source="B4" target="B5"/>
  <move id="16" source="E6" target="E5"/>
  <move id="17" source="B3" target="B4"/>
  <move id="18" source="F6" target="F5"/>
  <move id="19" source="B5" target="B6"/>
  <move id="20" source="F7" target="F6"/>
  <move id="21" source="B4" target="B5"/>
  <move id="22" source="E7" target="E6"/>
  <move id="23" source="A4" target="A5"/>
  <move id="24" source="D7" target="E7"/>
  <move id="25" source="B6" target="B7"/>
  <move id="26" source="H7" target="I7"/>
  <move id="27" source="A5" target="A7"/>
  <move id="28" source="H8" target="H7"/>
  <move id="29" source="B5" target="A5"/>
  <move id="30" source="I7" target="I6"/>
  <move id="31" source="I5" target="I4"/>
  <move id="32" source="I6" target="I5"/>
  <move id="33" source="I4" target="I3"/>
  <move id="34" source="H7" target="I7"/>
  <move id="35" source="A5" target="A6"/>
  <move id="36" source="I7" target="I6"/>
  <move id="37" source="C3" target="B3"/>
  <move id="38" source="I6" target="K6"/>
  <move id="39" source="B3" target="B4"/>
  <move id="40" source="K6" target="K5"/>
  <move id="41" source="B4" target="B5"/>
  <move id="42" source="K5" target="K4"/>
  <move id="43" source="B5" target="B6"/>
  <move id="44" source="I5" target="I4"/>
  <move id="45" source="A3" target="A4"/>
  <move id="46" source="G8" target="H8"/>
  <move id="47" source="A4" target="A5"/>
  <move id="48" source="H8" target="H7"/>
  <move id="49" source="A5" target="A4"/>
  <move id="50" source="H7" target="I7"/>
  <move id="51" source="A4" target="A3"/>
  <move id="52" source="I7" target="I6"/>
  <move id="53" source="A3" target="A4"/>
  <move id="54" source="I6" target="I5"/>
  <move id="55" source="A4" target="A5"/>
  <move id="56" source="I4" target="H4"/>
  <move id="57" source="A5" target="A4"/>
  <move id="58" source="I5" target="I4"/>
  <move id="59" source="A4" target="A3"/>
  <move id="60" source="I4" target="I5"/>
  <move id="61" source="A3" target="A4"/>
  <move id="62" source="I5" target="K5"/>
  <move id="63" source="A4" target="A5"/>
  <move id="64" source="I8" target="I7"/>
  <move id="65" source="A5" target="A4"/>
  <move id="66" source="I7" target="I6"/>
  <move id="67" source="A4" target="A3"/>
  <move id="68" source="I6" target="I5"/>
  <move id="69" source="A3" target="A4"/>
  <move id="70" source="I5" target="I4"/>
  <move id="71" source="A4" target="A5"/>
  <move id="72" source="K4" target="K3"/>
  <move id="73" source="A5" target="A4"/>
  <move id="74" source="I4" target="K4"/>
  <move id="75" source="A4" target="A3"/>
  <move id="76" source="K4" target="K3"/>
  <move id="77" source="A3" target="A4"/>
  <move id="78" source="K3" target="K4"/>
  <move id="79" source="A4" target="A5"/>
  <move id="80" source="K5" target="I5"/>
  <move id="81" source="A5" target="A4"/>
  <move id="82" source="I5" target="I4"/>
  <move id="83" source="A4" target="A3"/>
  <move id="84" source="K4" target="K3"/>
  <move id="85" source="A3" target="A4"/>
  <move id="86" source="K3" target="I3"/>
  <move id="87" source="H3" target="I3"/>
  <move id="88" source="K8" target="K7"/>
  <move id="89" source="I3" target="I4"/>
  <move id="90" source="K7" target="K6"/>
  <move id="91" source="H4" target="H3"/>
  <move id="92" source="K6" target="K5"/>
  <move id="93" source="I4" target="I3"/>
  <move id="94" source="K5" target="K4"/>
  <move id="95" source="G4" target="H4"/>
  <move id="96" source="K4" target="K5"/>
  <move id="97" source="H4" target="I4"/>
  <move id="98" source="G7" target="H7"/>
  <move id="99" source="I4" target="I5"/>
  <move id="100" source="K5" target="K6"/>
  <move id="101" source="I5" target="I6"/>
  <move id="102" source="K6" target="K5"/>
  <move id="103" source="F4" target="K4"/>
  <move id="104" source="H7" target="I7"/>
  <move id="105" source="K4" target="K5"/>
  <move id="106" source="I7" target="I6"/>
  <move id="107" source="I3" target="I4"/>
  <move id="108" source="I6" target="I7"/>
  <move id="109" source="I4" target="I5"/>
  <move id="110" source="I7" target="I8"/>
  <move id="111" source="I5" target="I6"/>
  <move id="112" source="I8" target="H8"/>
  <move id="113" source="I6" target="I7"/>
  <move id="114" source="D8" target="E8"/>
  <move id="115" source="I7" target="H7"/>
  <move id="116" source="H8" target="I8"/>
  <move id="117" source="H7" target="G7"/>
  <move id="118" source="E8" target="F8"/>
  <move id="119" source="G7" target="H7"/>
  <move id="120" source="F8" target="G8"/>
  <move id="121" source="E4" target="K4"/>
  <move id="122" source="F6" target="F7"/>
  <move id="123" source="K4" target="K9"/>
  <move id="124" source="F7" target="G7"/>
  <move id="125" source="H7" target="I7"/>
  <move id="126" source="I8" target="K8"/>
  <move id="127" source="I7" target="K7"/>
  <move id="128" source="K8" target="I8"/>
  <move id="129" source="K7" target="I7"/>
  <move id="130" source="I8" target="H8"/>
  <move id="131" source="I7" target="I8"/>
  <move id="132" source="H8" target="H7"/>
  <player id="1">Player 1</player>
  <player id="2">Player 2</player>
  <result type="3" winner="2"/>
 </game>
</stratego>