<?xml version="1.0" encoding="UTF-8"?>
<stratego>
 <game type="classic">
  
  <field content="BBEBMBGBFDFIGEEIEBDHHJEFHKCJFDDGLDDGIDDHAA__AA__AAAA__AA__AATRXSTRQWTRVPPPPURONTPQUNUPVNSPQSNYNSPQNQ"/>
  <move id="1" source="K4" target="K5"/>
  <move id="2" source="F7" target="F6"/>
  <move id="3" source="K5" target="K6"/>
  <move id="4" source="F6" target="F5"/>
  <move id="5" source="K6" target="K7"/>
  <move id="6" source="K8" target="K7"/>
  <move id="7" source="K3" target="K9"/>
  <move id="8" source="E7" target="E6"/>
  <move id="9" source="K2" target="K3"/>
  <move id="10" source="E6" target="E5"/>
  <move id="11" source="K3" target="K4"/>
  <move id="12" source="F5" target="F4"/>
  <move id="13" source="K4" target="K5"/>
  <move id="14" source="B7" target="B6"/>
  <move id="15" source="K5" target="K6"/>
  <move id="16" source="B6" target="B5"/>
  <move id="17" source="K6" target="K7"/>
  <move id="18" source="I7" target="K7"/>
  <move id="19" source="I3" target="K3"/>
  <move id="20" source="I9" target="K9"/>
  <move id="21" source="I4" target="I5"/>
  <move id="22" source="K9" target="K8"/>
  <move id="23" source="I5" target="I6"/>
  <move id="24" source="K8" target="K7"/>
  <move id="25" source="K3" target="K4"/>
  <move id="26" source="K7" target="I7"/>
  <move id="27" source="I6" target="K6"/>
  <move id="28" source="A7" target="A6"/>
  <move id="29" source="H4" target="I4"/>
  <move id="30" source="A6" target="A5"/>
  <move id="31" source="I4" target="I3"/>
  <move id="32" source="B5" target="B4"/>
  <move id="33" source="I3" target="K3"/>
  <move id="34" source="D7" target="E7"/>
  <move id="35" source="K3" target="K2"/>
  <move id="36" source="E7" target="E6"/>
  <move id="37" source="K4" target="K5"/>
  <move id="38" source="E6" target="F6"/>
  <move id="39" source="K5" target="I5"/>
  <move id="40" source="E5" target="F5"/>
  <move id="41" source="I5" target="I6"/>
  <move id="42" source="F5" target="F4"/>
  <move id="43" source="G4" target="F4"/>
  <move id="44" source="F6" target="F5"/>
  <move id="45" source="F4" target="G4"/>
  <move id="46" source="F5" target="F4"/>
  <move id="47" source="G4" target="F4"/>
  <move id="48" source="F8" target="F7"/>
  <move id="49" source="K6" target="K7"/>
  <move id="50" source="F7" target="F6"/>
  <move id="51" source="F4" target="G4"/>
  <move id="52" source="F6" target="F5"/>
  <move id="53" source="E4" target="F4"/>
  <move id="54" source="F5" target="F4"/>
  <move id="55" source="F3" target="F4"/>
  <move id="56" source="E8" target="E3"/>
  <move id="57" source="F4" target="F3"/>
  <move id="58" source="C7" target="D7"/>
  <move id="59" source="D4" target="E4"/>
  <move id="60" source="E9" target="E8"/>
  <move id="61" source="E4" target="F4"/>
  <move id="62" source="E8" target="E7"/>
  <move id="63" source="D3" target="D4"/>
  <move id="64" source="E7" target="F7"/>
  <move id="65" source="D4" target="E4"/>
  <move id="66" source="D8" target="E8"/>
  <move id="67" source="C4" target="D4"/>
  <move id="68" source="E8" target="E4"/>
  <move id="69" source="H3" target="I3"/>
  <move id="70" source="D7" target="E7"/>
  <move id="71" source="I3" target="I4"/>
  <move id="72" source="E7" target="E6"/>
  <move id="73" source="I4" target="I5"/>
  <move id="74" source="E6" target="E5"/>
  <move id="75" source="I6" target="I7"/>
  <move id="76" source="E5" target="E4"/>
  <move id="77" source="D4" target="E4"/>
  <move id="78" source="A8" target="A7"/>
  <move id="79" source="F4" target="E4"/>
  <move id="80" source="A7" target="A6"/>
  <move id="81" source="F3" target="F4"/>
  <move id="82" source="A6" target="B6"/>
  <move id="83" source="F4" target="F5"/>
  <move id="84" source="B6" target="B5"/>
  <move id="85" source="F5" target="F6"/>
  <move id="86" source="B5" target="B4"/>
  <move id="87" source="B3" target="B4"/>
  <move id="88" source="B8" target="B2"/>
  <move id="89" source="C3" target="C4"/>
  <move id="90" source="C8" target="C7"/>
  <move id="91" source="B2" target="B3"/>
  <move id="92" source="C7" target="B7"/>
  <move id="93" source="C4" target="B4"/>
  <move id="94" source="B7" target="B6"/>
  <move id="95" source="F6" target="F7"/>
  <move id="96" source="B6" target="B5"/>
  <move id="97" source="E4" target="E8"/>
  <move id="98" source="A5" target="A4"/>
  <move id="99" source="A3" target="A4"/>
  <move id="100" source="A9" target="A2"/>
  <move id="101" source="E8" target="G8"/>
  <move id="102" source="I7" target="I6"/>
  <move id="103" source="I5" target="I6"/>
  <move id="104" source="H7" target="I7"/>
  <move id="105" source="I6" target="K6"/>
  <move id="106" source="I7" target="K7"/>
  <move id="107" source="K6" target="I6"/>
  <move id="108" source="K7" target="I7"/>
  <move id="109" source="I6" target="K6"/>
  <move id="110" source="I7" target="K7"/>
  <move id="111" source="K6" target="K5"/>
  <move id="112" source="K7" target="K6"/>
  <move id="113" source="K5" target="K4"/>
  <move id="114" source="K6" target="K5"/>
  <move id="115" source="K4" target="K3"/>
  <move id="116" source="K5" target="K4"/>
  <move id="117" source="K3" target="I3"/>
  <move id="118" source="K4" target="I4"/>
  <move id="119" source="I3" target="H3"/>
  <move id="120" source="I4" target="H4"/>
  <move id="121" source="H3" target="I3"/>
  <move id="122" source="H4" target="I4"/>
  <move id="123" source="I3" target="K3"/>
  <move id="124" source="I4" target="I3"/>
  <move id="125" source="K3" target="K4"/>
  <move id="126" source="I3" target="K3"/>
  <move id="127" source="K4" target="K5"/>
  <move id="128" source="K3" target="K2"/>
  <move id="129" source="I2" target="I8"/>
  <move id="130" source="K2" target="K1"/>
  <move id="131" source="K5" target="K6"/>
  <move id="132" source="K1" target="I1"/>
  <move id="133" source="K6" target="K7"/>
  <move id="134" source="I1" target="I2"/>
  <move id="135" source="K7" target="I7"/>
  <move id="136" source="I2" target="H2"/>
  <move id="137" source="I7" target="H7"/>
  <player id="1">Player 1</player>
  <player id="2">Player 2</player>
  <result type="3" winner="1"/>
 </game>
</stratego>