<?xml version="1.0" encoding="UTF-8"?>
<stratego>
 <game type="classic">
  
  <field content="GGDDDMDGDDGIDHBBBFJHDHIBLBIBCJEHKEFEEFFEAA__AA__AAAA__AA__AAVWUUVTNYNSSXNTTUTNORRPSNPQNQSPRPQRPQPQPP"/>
  <move id="1" source="E4" target="E5"/>
  <move id="2" source="A7" target="A6"/>
  <move id="3" source="B4" target="B5"/>
  <move id="4" source="B7" target="B6"/>
  <move id="5" source="F4" target="F5"/>
  <move id="6" source="B8" target="B7"/>
  <move id="7" source="I4" target="I5"/>
  <move id="8" source="A8" target="A7"/>
  <move id="9" source="K4" target="K5"/>
  <move id="10" source="A6" target="A5"/>
  <move id="11" source="B3" target="B4"/>
  <move id="12" source="A7" target="A6"/>
  <move id="13" source="K3" target="K4"/>
  <move id="14" source="A5" target="A4"/>
  <move id="15" source="B4" target="B3"/>
  <move id="16" source="A6" target="A5"/>
  <move id="17" source="C4" target="B4"/>
  <move id="18" source="B6" target="B5"/>
  <move id="19" source="B4" target="B5"/>
  <move id="20" source="B7" target="B6"/>
  <move id="21" source="B3" target="B4"/>
  <move id="22" source="B6" target="B5"/>
  <move id="23" source="B4" target="B5"/>
  <move id="24" source="C7" target="B7"/>
  <move id="25" source="D4" target="E4"/>
  <move id="26" source="B7" target="B6"/>
  <move id="27" source="E5" target="E6"/>
  <move id="28" source="B5" target="B4"/>
  <move id="29" source="E4" target="E5"/>
  <move id="30" source="B6" target="B5"/>
  <move id="31" source="E6" target="E7"/>
  <move id="32" source="B4" target="B3"/>
  <move id="33" source="K4" target="I4"/>
  <move id="34" source="B5" target="B4"/>
  <move id="35" source="G4" target="F4"/>
  <move id="36" source="B4" target="C4"/>
  <move id="37" source="F4" target="E4"/>
  <move id="38" source="A4" target="A3"/>
  <move id="39" source="I5" target="I6"/>
  <move id="40" source="A5" target="A4"/>
  <move id="41" source="I4" target="I5"/>
  <move id="42" source="A4" target="B4"/>
  <move id="43" source="K5" target="K6"/>
  <move id="44" source="C4" target="D4"/>
  <move id="45" source="I3" target="I4"/>
  <move id="46" source="B4" target="C4"/>
  <move id="47" source="K2" target="K3"/>
  <move id="48" source="C4" target="C3"/>
  <move id="49" source="G3" target="G4"/>
  <move id="50" source="A3" target="A2"/>
  <move id="51" source="I6" target="I7"/>
  <move id="52" source="D4" target="D3"/>
  <move id="53" source="C3" target="B3"/>
  <move id="54" source="B3" target="B2"/>
  <move id="55" source="C2" target="C3"/>
  <move id="56" source="A2" target="A1"/>
  <move id="57" source="C3" target="C4"/>
  <move id="58" source="A1" target="B1"/>
  <move id="59" source="C1" target="C2"/>
  <move id="60" source="B2" target="C2"/>
  <move id="61" source="D2" target="C2"/>
  <move id="62" source="B1" target="C1"/>
  <move id="63" source="C4" target="B4"/>
  <move id="64" source="C2" target="D2"/>
  <move id="65" source="B4" target="B5"/>
  <move id="66" source="C1" target="D1"/>
  <move id="67" source="K6" target="K7"/>
  <move id="68" source="D1" target="E1"/>
  <move id="69" source="K3" target="K4"/>
  <move id="70" source="D2" target="E2"/>
  <move id="71" source="G4" target="F4"/>
  <move id="72" source="E1" target="F1"/>
  <player id="1">Player 1</player>
  <player id="2">Player 2</player>
  <result type="1" winner="2"/>
 </game>
</stratego>