<?xml version="1.0" encoding="UTF-8"?>
<stratego>
 <game type="classic">
  
  <field content="JEBFEMGBEEHKDBHGEFHDDJCDLBIBDDGFBIGFDDIHAA__AA__AAAA__AA__AASPPTRSXPRPPTWQPTSUSTROUNRVPPQNVQNYNNUQNQ"/>
  <move id="1" source="I4" target="I5"/>
  <move id="2" source="B7" target="B6"/>
  <move id="3" source="I5" target="I6"/>
  <move id="4" source="B6" target="A6"/>
  <move id="5" source="K4" target="K5"/>
  <move id="6" source="A6" target="A5"/>
  <move id="7" source="K5" target="K6"/>
  <move id="8" source="A5" target="A4"/>
  <move id="9" source="K6" target="K7"/>
  <move id="10" source="I7" target="I6"/>
  <move id="11" source="K7" target="K8"/>
  <move id="12" source="H7" target="I7"/>
  <move id="13" source="I6" target="I5"/>
  <move id="14" source="I7" target="I6"/>
  <move id="15" source="I5" target="I4"/>
  <move id="16" source="I6" target="I5"/>
  <move id="17" source="K3" target="K9"/>
  <move id="18" source="A7" target="A6"/>
  <move id="19" source="I3" target="K3"/>
  <move id="20" source="A6" target="A5"/>
  <move id="21" source="K3" target="K4"/>
  <move id="22" source="A5" target="A4"/>
  <move id="23" source="K4" target="K5"/>
  <move id="24" source="I5" target="I6"/>
  <move id="25" source="I4" target="I5"/>
  <move id="26" source="I6" target="I7"/>
  <move id="27" source="K5" target="K6"/>
  <move id="28" source="I8" target="K8"/>
  <move id="29" source="H4" target="I4"/>
  <move id="30" source="K8" target="K7"/>
  <move id="31" source="K6" target="I6"/>
  <move id="32" source="I7" target="I8"/>
  <move id="33" source="I6" target="I8"/>
  <move id="34" source="K7" target="K6"/>
  <move id="35" source="I4" target="K4"/>
  <move id="36" source="H8" target="H7"/>
  <move id="37" source="F4" target="F5"/>
  <move id="38" source="G8" target="H8"/>
  <move id="39" source="E4" target="E5"/>
  <move id="40" source="H8" target="I8"/>
  <move id="41" source="F5" target="F6"/>
  <move id="42" source="I8" target="I7"/>
  <move id="43" source="G4" target="F4"/>
  <move id="44" source="I7" target="I6"/>
  <move id="45" source="I5" target="I4"/>
  <move id="46" source="I6" target="I5"/>
  <move id="47" source="I4" target="H4"/>
  <move id="48" source="K6" target="K5"/>
  <move id="49" source="K4" target="I4"/>
  <move id="50" source="K5" target="K4"/>
  <move id="51" source="H4" target="G4"/>
  <move id="52" source="K4" target="I4"/>
  <move id="53" source="F4" target="F5"/>
  <move id="54" source="I4" target="K4"/>
  <move id="55" source="E5" target="E6"/>
  <move id="56" source="K4" target="K5"/>
  <move id="57" source="E6" target="E7"/>
  <move id="58" source="D7" target="E7"/>
  <move id="59" source="F6" target="E6"/>
  <move id="60" source="E7" target="D7"/>
  <move id="61" source="E6" target="E7"/>
  <move id="62" source="K5" target="K6"/>
  <move id="63" source="E7" target="E8"/>
  <move id="64" source="E9" target="E8"/>
  <move id="65" source="G4" target="F4"/>
  <move id="66" source="F8" target="E8"/>
  <move id="67" source="F4" target="E4"/>
  <move id="68" source="C7" target="B7"/>
  <move id="69" source="E4" target="E5"/>
  <move id="70" source="B7" target="B6"/>
  <move id="71" source="E5" target="E6"/>
  <move id="72" source="D7" target="C7"/>
  <move id="73" source="F5" target="F4"/>
  <move id="74" source="K6" target="K7"/>
  <move id="75" source="F4" target="G4"/>
  <move id="76" source="I5" target="K5"/>
  <move id="77" source="G4" target="H4"/>
  <move id="78" source="K7" target="K8"/>
  <move id="79" source="H4" target="I4"/>
  <move id="80" source="K8" target="I8"/>
  <move id="81" source="I4" target="K4"/>
  <move id="82" source="K5" target="I5"/>
  <move id="83" source="K4" target="I4"/>
  <move id="84" source="I5" target="K5"/>
  <move id="85" source="K2" target="K5"/>
  <move id="86" source="I8" target="H8"/>
  <move id="87" source="I4" target="H4"/>
  <move id="88" source="K5" target="K6"/>
  <move id="89" source="E6" target="F6"/>
  <move id="90" source="E8" target="E7"/>
  <move id="91" source="F6" target="F5"/>
  <move id="92" source="E7" target="E6"/>
  <move id="93" source="F5" target="F4"/>
  <move id="94" source="E6" target="E5"/>
  <move id="95" source="F4" target="G4"/>
  <move id="96" source="H8" target="G8"/>
  <move id="97" source="H4" target="I4"/>
  <move id="98" source="G8" target="F8"/>
  <move id="99" source="I4" target="I5"/>
  <move id="100" source="F8" target="E8"/>
  <move id="101" source="G4" target="H4"/>
  <move id="102" source="K6" target="K7"/>
  <move id="103" source="H4" target="I4"/>
  <move id="104" source="K7" target="K8"/>
  <move id="105" source="I4" target="K4"/>
  <move id="106" source="E8" target="E9"/>
  <move id="107" source="K4" target="K5"/>
  <move id="108" source="E5" target="E6"/>
  <move id="109" source="K5" target="K6"/>
  <move id="110" source="E6" target="E7"/>
  <move id="111" source="K6" target="K7"/>
  <move id="112" source="K8" target="I8"/>
  <move id="113" source="K7" target="K6"/>
  <move id="114" source="I8" target="H8"/>
  <move id="115" source="K6" target="K5"/>
  <move id="116" source="H8" target="G8"/>
  <move id="117" source="K5" target="K4"/>
  <move id="118" source="E7" target="E8"/>
  <move id="119" source="K4" target="I4"/>
  <move id="120" source="G8" target="F8"/>
  <move id="121" source="K1" target="K2"/>
  <move id="122" source="B6" target="A6"/>
  <move id="123" source="K2" target="K3"/>
  <move id="124" source="A6" target="A3"/>
  <move id="125" source="K3" target="K4"/>
  <move id="126" source="A8" target="A2"/>
  <move id="127" source="K4" target="K5"/>
  <move id="128" source="F8" target="G8"/>
  <move id="129" source="K5" target="K6"/>
  <move id="130" source="G8" target="H8"/>
  <move id="131" source="K6" target="K7"/>
  <move id="132" source="H8" target="I8"/>
  <move id="133" source="K7" target="K6"/>
  <move id="134" source="C7" target="B7"/>
  <move id="135" source="I4" target="H4"/>
  <move id="136" source="B7" target="A7"/>
  <move id="137" source="H4" target="G4"/>
  <move id="138" source="A7" target="A6"/>
  <move id="139" source="G4" target="F4"/>
  <move id="140" source="A6" target="A5"/>
  <move id="141" source="F4" target="E4"/>
  <move id="142" source="A5" target="A4"/>
  <move id="143" source="B4" target="A4"/>
  <move id="144" source="A4" target="A3"/>
  <move id="145" source="B3" target="A3"/>
  <move id="146" source="A9" target="A8"/>
  <move id="147" source="A3" target="B3"/>
  <move id="148" source="A8" target="A7"/>
  <move id="149" source="I5" target="I4"/>
  <move id="150" source="A7" target="B7"/>
  <move id="151" source="I4" target="H4"/>
  <move id="152" source="A:" target="A9"/>
  <move id="153" source="H4" target="G4"/>
  <move id="154" source="A9" target="A8"/>
  <move id="155" source="G4" target="F4"/>
  <move id="156" source="A8" target="A7"/>
  <move id="157" source="F4" target="F5"/>
  <move id="158" source="A7" target="A6"/>
  <move id="159" source="F5" target="E5"/>
  <move id="160" source="A6" target="A5"/>
  <move id="161" source="E5" target="E6"/>
  <move id="162" source="A5" target="A4"/>
  <move id="163" source="E4" target="E5"/>
  <move id="164" source="A4" target="A3"/>
  <move id="165" source="K6" target="K7"/>
  <move id="166" source="B9" target="A9"/>
  <move id="167" source="E6" target="F6"/>
  <move id="168" source="B7" target="C7"/>
  <move id="169" source="E5" target="E6"/>
  <move id="170" source="C7" target="D7"/>
  <move id="171" source="E6" target="E5"/>
  <move id="172" source="C8" target="C7"/>
  <move id="173" source="E5" target="E4"/>
  <move id="174" source="C7" target="B7"/>
  <move id="175" source="F6" target="F5"/>
  <move id="176" source="B7" target="A7"/>
  <move id="177" source="F5" target="F4"/>
  <move id="178" source="A3" target="A4"/>
  <move id="179" source="K7" target="K6"/>
  <move id="180" source="A4" target="A5"/>
  <move id="181" source="K6" target="K5"/>
  <move id="182" source="A5" target="B5"/>
  <move id="183" source="K5" target="K4"/>
  <move id="184" source="A7" target="A6"/>
  <move id="185" source="K4" target="I4"/>
  <move id="186" source="A6" target="A5"/>
  <move id="187" source="I4" target="H4"/>
  <move id="188" source="A5" target="A4"/>
  <move id="189" source="H4" target="G4"/>
  <move id="190" source="A4" target="A3"/>
  <move id="191" source="F4" target="F5"/>
  <move id="192" source="B5" target="B6"/>
  <move id="193" source="G4" target="F4"/>
  <move id="194" source="B6" target="B7"/>
  <move id="195" source="E4" target="E5"/>
  <move id="196" source="A9" target="A8"/>
  <move id="197" source="F4" target="E4"/>
  <move id="198" source="A8" target="A7"/>
  <move id="199" source="E5" target="E6"/>
  <move id="200" source="A7" target="A6"/>
  <move id="201" source="E4" target="E5"/>
  <move id="202" source="A6" target="B6"/>
  <move id="203" source="F5" target="F6"/>
  <move id="204" source="B6" target="B5"/>
  <move id="205" source="E5" target="F5"/>
  <move id="206" source="B5" target="B4"/>
  <move id="207" source="E6" target="E5"/>
  <move id="208" source="A3" target="B3"/>
  <move id="209" source="B2" target="B3"/>
  <move id="210" source="B4" target="A4"/>
  <move id="211" source="C2" target="B2"/>
  <move id="212" source="A4" target="A5"/>
  <move id="213" source="B2" target="B3"/>
  <move id="214" source="A5" target="A6"/>
  <move id="215" source="B3" target="B4"/>
  <move id="216" source="B8" target="C8"/>
  <move id="217" source="B4" target="B5"/>
  <move id="218" source="A6" target="A7"/>
  <move id="219" source="B5" target="A5"/>
  <move id="220" source="A7" target="A8"/>
  <move id="221" source="A5" target="A8"/>
  <move id="222" source="B7" target="A7"/>
  <move id="223" source="A8" target="C8"/>
  <move id="224" source="C8" target="C7"/>
  <move id="225" source="E5" target="E4"/>
  <move id="226" source="C7" target="B7"/>
  <move id="227" source="F5" target="E5"/>
  <move id="228" source="B7" target="B6"/>
  <move id="229" source="E5" target="E6"/>
  <move id="230" source="B6" target="A6"/>
  <move id="231" source="E6" target="E7"/>
  <move id="232" source="A7" target="A8"/>
  <move id="233" source="E7" target="D7"/>
  <move id="234" source="A6" target="A5"/>
  <move id="235" source="C3" target="C2"/>
  <move id="236" source="A5" target="A4"/>
  <move id="237" source="D3" target="C3"/>
  <move id="238" source="A4" target="A3"/>
  <move id="239" source="C3" target="B3"/>
  <move id="240" source="A3" target="A2"/>
  <move id="241" source="B3" target="B4"/>
  <move id="242" source="D7" target="C7"/>
  <move id="243" source="F6" target="E6"/>
  <move id="244" source="C7" target="B7"/>
  <move id="245" source="E6" target="E7"/>
  <move id="246" source="B7" target="A7"/>
  <move id="247" source="E7" target="D7"/>
  <move id="248" source="A7" target="A6"/>
  <move id="249" source="D7" target="C7"/>
  <move id="250" source="A6" target="B6"/>
  <move id="251" source="C7" target="C9"/>
  <move id="252" source="E8" target="E7"/>
  <move id="253" source="E4" target="E5"/>
  <move id="254" source="G7" target="G8"/>
  <move id="255" source="I2" target="I3"/>
  <move id="256" source="G8" target="F8"/>
  <move id="257" source="I3" target="I4"/>
  <move id="258" source="F8" target="E8"/>
  <move id="259" source="I4" target="I5"/>
  <move id="260" source="E8" target="F8"/>
  <move id="261" source="I5" target="I6"/>
  <move id="262" source="I8" target="K8"/>
  <move id="263" source="I6" target="I7"/>
  <move id="264" source="H7" target="G7"/>
  <move id="265" source="I7" target="K7"/>
  <move id="266" source="K8" target="I8"/>
  <move id="267" source="K7" target="I7"/>
  <move id="268" source="I8" target="H8"/>
  <move id="269" source="I1" target="K1"/>
  <move id="270" source="B6" target="A6"/>
  <move id="271" source="K1" target="K2"/>
  <move id="272" source="H8" target="H7"/>
  <move id="273" source="K2" target="K3"/>
  <move id="274" source="F8" target="G8"/>
  <move id="275" source="I7" target="H7"/>
  <move id="276" source="G7" target="H7"/>
  <move id="277" source="K3" target="K4"/>
  <move id="278" source="H7" target="I7"/>
  <move id="279" source="K4" target="K5"/>
  <move id="280" source="I7" target="I6"/>
  <move id="281" source="K5" target="K4"/>
  <move id="282" source="I6" target="I5"/>
  <move id="283" source="K4" target="K3"/>
  <move id="284" source="I5" target="I4"/>
  <move id="285" source="G3" target="G4"/>
  <move id="286" source="E7" target="D7"/>
  <move id="287" source="G4" target="H4"/>
  <move id="288" source="I4" target="K4"/>
  <move id="289" source="K3" target="K2"/>
  <move id="290" source="K4" target="K3"/>
  <move id="291" source="K2" target="I2"/>
  <move id="292" source="K3" target="I3"/>
  <move id="293" source="I2" target="I1"/>
  <move id="294" source="I3" target="I2"/>
  <move id="295" source="H4" target="I4"/>
  <move id="296" source="I2" target="I1"/>
  <move id="297" source="I4" target="I3"/>
  <move id="298" source="I1" target="K1"/>
  <move id="299" source="D4" target="E4"/>
  <move id="300" source="G8" target="H8"/>
  <move id="301" source="E4" target="F4"/>
  <move id="302" source="H8" target="I8"/>
  <move id="303" source="F4" target="G4"/>
  <move id="304" source="I8" target="I7"/>
  <move id="305" source="I3" target="I2"/>
  <move id="306" source="I7" target="I6"/>
  <move id="307" source="G4" target="F4"/>
  <move id="308" source="H9" target="H8"/>
  <move id="309" source="F4" target="E4"/>
  <move id="310" source="H8" target="I8"/>
  <move id="311" source="E4" target="D4"/>
  <move id="312" source="I8" target="K8"/>
  <move id="313" source="D4" target="D3"/>
  <move id="314" source="K8" target="K7"/>
  <move id="315" source="E3" target="E4"/>
  <move id="316" source="K7" target="K6"/>
  <move id="317" source="E4" target="F4"/>
  <move id="318" source="K6" target="K5"/>
  <move id="319" source="F4" target="G4"/>
  <move id="320" source="K5" target="K4"/>
  <move id="321" source="G4" target="H4"/>
  <move id="322" source="I6" target="I5"/>
  <move id="323" source="H4" target="G4"/>
  <move id="324" source="K4" target="I4"/>
  <move id="325" source="G4" target="F4"/>
  <move id="326" source="I4" target="I2"/>
  <move id="327" source="F4" target="F5"/>
  <move id="328" source="K1" target="K2"/>
  <move id="329" source="I2" target="K2"/>
  <move id="330" source="I5" target="I6"/>
  <move id="331" source="F5" target="F6"/>
  <move id="332" source="I6" target="I7"/>
  <move id="333" source="F6" target="F7"/>
  <move id="334" source="C9" target="B9"/>
  <move id="335" source="F7" target="E7"/>
  <move id="336" source="A6" target="A5"/>
  <move id="337" source="E7" target="D7"/>
  <move id="338" source="A8" target="A7"/>
  <move id="339" source="D7" target="C7"/>
  <move id="340" source="A7" target="A6"/>
  <move id="341" source="C7" target="B7"/>
  <move id="342" source="A5" target="A4"/>
  <move id="343" source="B4" target="B3"/>
  <move id="344" source="A4" target="A3"/>
  <move id="345" source="B3" target="B5"/>
  <move id="346" source="I7" target="H7"/>
  <move id="347" source="B7" target="A7"/>
  <move id="348" source="A6" target="B6"/>
  <move id="349" source="B5" target="B4"/>
  <move id="350" source="B6" target="B5"/>
  <move id="351" source="B4" target="B2"/>
  <move id="352" source="A3" target="A2"/>
  <move id="353" source="A1" target="A2"/>
  <move id="354" source="B5" target="B4"/>
  <move id="355" source="B2" target="B4"/>
  <move id="356" source="B4" target="B3"/>
  <move id="357" source="A7" target="B7"/>
  <move id="358" source="B9" target="A9"/>
  <move id="359" source="B7" target="C7"/>
  <move id="360" source="H7" target="G7"/>
  <move id="361" source="C7" target="D7"/>
  <move id="362" source="G7" target="F7"/>
  <move id="363" source="D7" target="D8"/>
  <move id="364" source="F7" target="E7"/>
  <move id="365" source="D8" target="C8"/>
  <move id="366" source="E7" target="D7"/>
  <move id="367" source="C8" target="B8"/>
  <move id="368" source="D7" target="C7"/>
  <move id="369" source="B8" target="B9"/>
  <move id="370" source="A9" target="A8"/>
  <move id="371" source="B9" target="B:"/>
  <move id="372" source="C7" target="C8"/>
  <move id="373" source="B:" target="B9"/>
  <move id="374" source="A8" target="A7"/>
  <move id="375" source="A2" target="A3"/>
  <move id="376" source="B3" target="A3"/>
  <move id="377" source="B9" target="C9"/>
  <move id="378" source="C8" target="C9"/>
  <move id="379" source="E5" target="E6"/>
  <move id="380" source="F9" target="F8"/>
  <move id="381" source="E6" target="E7"/>
  <move id="382" source="F8" target="E8"/>
  <move id="383" source="E7" target="F7"/>
  <move id="384" source="E8" target="E7"/>
  <move id="385" source="F7" target="G7"/>
  <move id="386" source="E7" target="F7"/>
  <move id="387" source="G7" target="H7"/>
  <move id="388" source="F7" target="G7"/>
  <move id="389" source="H7" target="I7"/>
  <move id="390" source="G9" target="F9"/>
  <move id="391" source="I7" target="I6"/>
  <move id="392" source="G:" target="G9"/>
  <move id="393" source="I6" target="I5"/>
  <move id="394" source="G9" target="G8"/>
  <move id="395" source="I5" target="I4"/>
  <move id="396" source="G8" target="F8"/>
  <move id="397" source="I4" target="H4"/>
  <move id="398" source="F8" target="E8"/>
  <move id="399" source="H4" target="G4"/>
  <move id="400" source="E8" target="D8"/>
  <move id="401" source="G4" target="F4"/>
  <move id="402" source="G7" target="F7"/>
  <move id="403" source="F4" target="G4"/>
  <move id="404" source="D8" target="C8"/>
  <move id="405" source="G4" target="H4"/>
  <move id="406" source="C8" target="B8"/>
  <move id="407" source="H4" target="I4"/>
  <move id="408" source="A7" target="B7"/>
  <move id="409" source="I4" target="K4"/>
  <move id="410" source="B7" target="C7"/>
  <move id="411" source="C2" target="B2"/>
  <move id="412" source="C7" target="B7"/>
  <move id="413" source="B2" target="B3"/>
  <move id="414" source="B7" target="B6"/>
  <move id="415" source="D3" target="C3"/>
  <move id="416" source="B6" target="B5"/>
  <move id="417" source="K4" target="K5"/>
  <move id="418" source="B5" target="B4"/>
  <move id="419" source="K5" target="K6"/>
  <move id="420" source="B4" target="A4"/>
  <move id="421" source="B3" target="A3"/>
  <move id="422" source="A4" target="A3"/>
  <move id="423" source="C3" target="B3"/>
  <move id="424" source="A3" target="A2"/>
  <move id="425" source="B3" target="B2"/>
  <move id="426" source="A2" target="A3"/>
  <move id="427" source="B2" target="B3"/>
  <move id="428" source="A3" target="A4"/>
  <move id="429" source="B3" target="B4"/>
  <move id="430" source="A4" target="A5"/>
  <move id="431" source="B4" target="B5"/>
  <move id="432" source="A5" target="A6"/>
  <move id="433" source="B5" target="B6"/>
  <move id="434" source="A6" target="A7"/>
  <move id="435" source="G2" target="G3"/>
  <move id="436" source="A7" target="A8"/>
  <move id="437" source="G3" target="G4"/>
  <move id="438" source="A8" target="A9"/>
  <move id="439" source="G4" target="H4"/>
  <move id="440" source="B8" target="B7"/>
  <move id="441" source="B6" target="B5"/>
  <move id="442" source="B7" target="B6"/>
  <move id="443" source="B5" target="B4"/>
  <move id="444" source="B6" target="B5"/>
  <move id="445" source="B4" target="B3"/>
  <move id="446" source="B5" target="B4"/>
  <move id="447" source="B3" target="C3"/>
  <move id="448" source="B4" target="B3"/>
  <move id="449" source="C3" target="D3"/>
  <move id="450" source="B3" target="C3"/>
  <move id="451" source="D3" target="E3"/>
  <move id="452" source="C3" target="D3"/>
  <move id="453" source="E3" target="E4"/>
  <move id="454" source="D3" target="D4"/>
  <move id="455" source="E4" target="E5"/>
  <move id="456" source="D4" target="E4"/>
  <move id="457" source="E5" target="E6"/>
  <move id="458" source="E4" target="E5"/>
  <move id="459" source="E6" target="E5"/>
  <move id="460" source="F7" target="G7"/>
  <move id="461" source="H4" target="G4"/>
  <move id="462" source="A9" target="A8"/>
  <move id="463" source="G4" target="F4"/>
  <move id="464" source="A8" target="B8"/>
  <move id="465" source="F4" target="E4"/>
  <move id="466" source="G7" target="F7"/>
  <move id="467" source="K6" target="I6"/>
  <move id="468" source="F7" target="F6"/>
  <move id="469" source="I6" target="I7"/>
  <move id="470" source="F6" target="F5"/>
  <move id="471" source="I7" target="H7"/>
  <move id="472" source="F5" target="F4"/>
  <move id="473" source="E4" target="D4"/>
  <move id="474" source="F4" target="E4"/>
  <move id="475" source="D4" target="D3"/>
  <move id="476" source="E4" target="E3"/>
  <move id="477" source="D3" target="C3"/>
  <move id="478" source="E3" target="D3"/>
  <move id="479" source="C3" target="B3"/>
  <move id="480" source="D3" target="C3"/>
  <move id="481" source="B3" target="C3"/>
  <move id="482" source="C3" target="D3"/>
  <move id="483" source="H7" target="G7"/>
  <move id="484" source="E9" target="E8"/>
  <move id="485" source="G7" target="F7"/>
  <move id="486" source="D3" target="D4"/>
  <move id="487" source="F7" target="F8"/>
  <move id="488" source="E8" target="E7"/>
  <move id="489" source="F8" target="E8"/>
  <move id="490" source="E7" target="F7"/>
  <move id="491" source="E8" target="E7"/>
  <move id="492" source="F7" target="F8"/>
  <move id="493" source="E7" target="F7"/>
  <move id="494" source="F8" target="E8"/>
  <move id="495" source="F7" target="E7"/>
  <move id="496" source="E8" target="F8"/>
  <move id="497" source="B1" target="B2"/>
  <move id="498" source="B8" target="B7"/>
  <move id="499" source="E7" target="F7"/>
  <move id="500" source="F8" target="E8"/>
  <move id="501" source="F7" target="E7"/>
  <move id="502" source="E8" target="F8"/>
  <move id="503" source="E7" target="F7"/>
  <move id="504" source="F8" target="E8"/>
  <move id="505" source="F7" target="F8"/>
  <move id="506" source="E8" target="E7"/>
  <move id="507" source="F8" target="E8"/>
  <move id="508" source="E7" target="F7"/>
  <move id="509" source="E8" target="E7"/>
  <move id="510" source="F7" target="F8"/>
  <move id="511" source="E7" target="D7"/>
  <move id="512" source="B7" target="B6"/>
  <move id="513" source="D7" target="C7"/>
  <move id="514" source="B6" target="B5"/>
  <move id="515" source="C7" target="B7"/>
  <move id="516" source="B5" target="B4"/>
  <move id="517" source="B7" target="B6"/>
  <move id="518" source="B4" target="B3"/>
  <move id="519" source="B2" target="A2"/>
  <move id="520" source="B3" target="A3"/>
  <move id="521" source="A2" target="B2"/>
  <move id="522" source="A3" target="B3"/>
  <move id="523" source="B6" target="B5"/>
  <move id="524" source="B3" target="B2"/>
  <move id="525" source="B5" target="B4"/>
  <move id="526" source="B2" target="C2"/>
  <move id="527" source="B4" target="B3"/>
  <move id="528" source="F8" target="F7"/>
  <move id="529" source="H2" target="I2"/>
  <move id="530" source="D4" target="E4"/>
  <move id="531" source="I2" target="I3"/>
  <move id="532" source="E4" target="E5"/>
  <move id="533" source="I3" target="I4"/>
  <move id="534" source="F7" target="F8"/>
  <move id="535" source="I4" target="I5"/>
  <move id="536" source="E5" target="E6"/>
  <move id="537" source="B3" target="C3"/>
  <move id="538" source="C2" target="B2"/>
  <move id="539" source="I5" target="I6"/>
  <move id="540" source="B2" target="A2"/>
  <move id="541" source="C3" target="B3"/>
  <move id="542" source="E6" target="F6"/>
  <move id="543" source="I6" target="I7"/>
  <move id="544" source="F6" target="F7"/>
  <move id="545" source="I7" target="I6"/>
  <move id="546" source="F8" target="E8"/>
  <move id="547" source="I6" target="I5"/>
  <move id="548" source="F7" target="E7"/>
  <move id="549" source="I5" target="I6"/>
  <move id="550" source="E8" target="D8"/>
  <move id="551" source="I6" target="I7"/>
  <move id="552" source="D8" target="C8"/>
  <move id="553" source="I7" target="I8"/>
  <move id="554" source="E7" target="F7"/>
  <move id="555" source="I8" target="I7"/>
  <move id="556" source="C8" target="D8"/>
  <move id="557" source="I7" target="I6"/>
  <move id="558" source="F7" target="E7"/>
  <move id="559" source="I6" target="I7"/>
  <move id="560" source="E7" target="D7"/>
  <move id="561" source="I7" target="H7"/>
  <move id="562" source="D7" target="C7"/>
  <move id="563" source="H7" target="G7"/>
  <move id="564" source="C7" target="B7"/>
  <move id="565" source="G7" target="F7"/>
  <move id="566" source="B7" target="B6"/>
  <move id="567" source="F7" target="E7"/>
  <move id="568" source="B6" target="B5"/>
  <move id="569" source="E7" target="D7"/>
  <move id="570" source="D8" target="E8"/>
  <move id="571" source="B3" target="C3"/>
  <move id="572" source="A2" target="A3"/>
  <move id="573" source="D7" target="E7"/>
  <move id="574" source="E8" target="D8"/>
  <move id="575" source="E7" target="D7"/>
  <move id="576" source="D8" target="C8"/>
  <move id="577" source="D7" target="C7"/>
  <move id="578" source="C8" target="B8"/>
  <move id="579" source="C3" target="D3"/>
  <move id="580" source="B5" target="B6"/>
  <move id="581" source="C7" target="C8"/>
  <move id="582" source="B8" target="B9"/>
  <move id="583" source="C8" target="B8"/>
  <move id="584" source="B9" target="C9"/>
  <move id="585" source="D3" target="D4"/>
  <move id="586" source="B6" target="B7"/>
  <move id="587" source="B8" target="C8"/>
  <move id="588" source="C9" target="B9"/>
  <move id="589" source="D4" target="D3"/>
  <move id="590" source="A3" target="A4"/>
  <move id="591" source="D3" target="E3"/>
  <move id="592" source="B9" target="A9"/>
  <move id="593" source="E3" target="D3"/>
  <move id="594" source="A4" target="A5"/>
  <move id="595" source="D3" target="C3"/>
  <move id="596" source="A5" target="A6"/>
  <move id="597" source="C3" target="B3"/>
  <move id="598" source="A6" target="A7"/>
  <move id="599" source="C8" target="D8"/>
  <move id="600" source="B7" target="C7"/>
  <move id="601" source="D8" target="E8"/>
  <move id="602" source="C7" target="D7"/>
  <move id="603" source="B3" target="B4"/>
  <move id="604" source="A7" target="A8"/>
  <move id="605" source="B4" target="B5"/>
  <move id="606" source="A8" target="B8"/>
  <move id="607" source="B5" target="B6"/>
  <move id="608" source="B8" target="C8"/>
  <move id="609" source="B6" target="B7"/>
  <move id="610" source="C8" target="D8"/>
  <move id="611" source="E8" target="E9"/>
  <move id="612" source="D8" target="E8"/>
  <move id="613" source="E9" target="E:"/>
  <move id="614" source="D7" target="C7"/>
  <move id="615" source="B7" target="B6"/>
  <move id="616" source="E8" target="D8"/>
  <move id="617" source="B6" target="B5"/>
  <move id="618" source="A9" target="B9"/>
  <move id="619" source="B5" target="B4"/>
  <move id="620" source="C7" target="D7"/>
  <move id="621" source="B4" target="B5"/>
  <move id="622" source="B9" target="C9"/>
  <move id="623" source="B5" target="B6"/>
  <move id="624" source="D8" target="E8"/>
  <move id="625" source="B6" target="B7"/>
  <move id="626" source="E8" target="F8"/>
  <move id="627" source="B7" target="B6"/>
  <move id="628" source="F8" target="F7"/>
  <move id="629" source="B6" target="B5"/>
  <move id="630" source="C9" target="B9"/>
  <move id="631" source="B5" target="B4"/>
  <move id="632" source="F7" target="F8"/>
  <move id="633" source="B4" target="B3"/>
  <move id="634" source="F8" target="E8"/>
  <move id="635" source="B3" target="C3"/>
  <move id="636" source="D7" target="E7"/>
  <move id="637" source="C3" target="D3"/>
  <move id="638" source="E8" target="D8"/>
  <move id="639" source="D3" target="C3"/>
  <move id="640" source="D8" target="D7"/>
  <move id="641" source="C3" target="B3"/>
  <move id="642" source="E7" target="E8"/>
  <move id="643" source="B3" target="B4"/>
  <move id="644" source="E8" target="D8"/>
  <move id="645" source="B4" target="B3"/>
  <move id="646" source="D7" target="E7"/>
  <move id="647" source="B3" target="C3"/>
  <move id="648" source="B9" target="B8"/>
  <move id="649" source="C3" target="D3"/>
  <move id="650" source="B8" target="C8"/>
  <move id="651" source="D3" target="D4"/>
  <move id="652" source="E7" target="D7"/>
  <move id="653" source="D4" target="D3"/>
  <move id="654" source="C8" target="C7"/>
  <move id="655" source="D3" target="C3"/>
  <move id="656" source="D7" target="E7"/>
  <move id="657" source="C3" target="D3"/>
  <move id="658" source="D8" target="D7"/>
  <move id="659" source="D3" target="E3"/>
  <move id="660" source="C7" target="C8"/>
  <move id="661" source="E3" target="E4"/>
  <move id="662" source="C8" target="D8"/>
  <move id="663" source="E4" target="E5"/>
  <move id="664" source="E7" target="F7"/>
  <move id="665" source="E5" target="E6"/>
  <move id="666" source="F7" target="G7"/>
  <move id="667" source="E6" target="E5"/>
  <move id="668" source="G7" target="H7"/>
  <move id="669" source="E5" target="E4"/>
  <move id="670" source="H7" target="I7"/>
  <move id="671" source="E4" target="F4"/>
  <move id="672" source="I7" target="K7"/>
  <move id="673" source="F4" target="G4"/>
  <move id="674" source="K7" target="K6"/>
  <move id="675" source="G4" target="H4"/>
  <move id="676" source="K6" target="K5"/>
  <move id="677" source="H4" target="I4"/>
  <move id="678" source="D8" target="E8"/>
  <move id="679" source="I4" target="K4"/>
  <move id="680" source="K5" target="I5"/>
  <move id="681" source="K4" target="I4"/>
  <move id="682" source="I5" target="K5"/>
  <move id="683" source="E2" target="E3"/>
  <move id="684" source="E8" target="D8"/>
  <move id="685" source="E3" target="E4"/>
  <move id="686" source="D8" target="C8"/>
  <move id="687" source="E4" target="E5"/>
  <move id="688" source="C8" target="B8"/>
  <move id="689" source="E5" target="E6"/>
  <move id="690" source="B8" target="A8"/>
  <move id="691" source="F2" target="E2"/>
  <move id="692" source="A8" target="A9"/>
  <move id="693" source="E2" target="E3"/>
  <move id="694" source="D7" target="E7"/>
  <move id="695" source="E6" target="F6"/>
  <move id="696" source="E7" target="F7"/>
  <move id="697" source="F6" target="F5"/>
  <move id="698" source="F7" target="F6"/>
  <move id="699" source="F5" target="F4"/>
  <move id="700" source="F6" target="F5"/>
  <move id="701" source="F4" target="G4"/>
  <move id="702" source="F5" target="F4"/>
  <move id="703" source="G4" target="G3"/>
  <move id="704" source="F4" target="G4"/>
  <move id="705" source="G3" target="G2"/>
  <move id="706" source="G4" target="H4"/>
  <move id="707" source="I4" target="K4"/>
  <move id="708" source="K5" target="I5"/>
  <move id="709" source="E3" target="E4"/>
  <move id="710" source="A9" target="A8"/>
  <move id="711" source="E4" target="E5"/>
  <move id="712" source="A8" target="B8"/>
  <move id="713" source="E5" target="E6"/>
  <move id="714" source="B8" target="C8"/>
  <move id="715" source="E6" target="E7"/>
  <move id="716" source="C8" target="D8"/>
  <move id="717" source="E7" target="E8"/>
  <move id="718" source="D8" target="E8"/>
  <move id="719" source="K4" target="K5"/>
  <move id="720" source="I5" target="I4"/>
  <move id="721" source="G2" target="F2"/>
  <move id="722" source="H4" target="G4"/>
  <move id="723" source="F2" target="E2"/>
  <move id="724" source="G4" target="F4"/>
  <move id="725" source="E2" target="E3"/>
  <move id="726" source="F4" target="E4"/>
  <move id="727" source="E3" target="D3"/>
  <move id="728" source="I4" target="H4"/>
  <move id="729" source="D3" target="C3"/>
  <move id="730" source="E4" target="E5"/>
  <move id="731" source="K5" target="K4"/>
  <move id="732" source="E5" target="E6"/>
  <move id="733" source="K4" target="I4"/>
  <move id="734" source="H4" target="G4"/>
  <move id="735" source="I4" target="H4"/>
  <move id="736" source="G4" target="F4"/>
  <move id="737" source="H4" target="G4"/>
  <move id="738" source="F4" target="E4"/>
  <move id="739" source="C3" target="D3"/>
  <move id="740" source="E4" target="E3"/>
  <move id="741" source="D3" target="D4"/>
  <move id="742" source="E6" target="E5"/>
  <move id="743" source="G4" target="F4"/>
  <move id="744" source="E3" target="D3"/>
  <move id="745" source="E1" target="E2"/>
  <move id="746" source="D3" target="D4"/>
  <move id="747" source="E2" target="F2"/>
  <move id="748" source="E5" target="E4"/>
  <move id="749" source="F4" target="F5"/>
  <move id="750" source="E4" target="F4"/>
  <move id="751" source="F5" target="F6"/>
  <move id="752" source="F4" target="G4"/>
  <move id="753" source="F2" target="G2"/>
  <move id="754" source="D4" target="E4"/>
  <move id="755" source="F6" target="F5"/>
  <move id="756" source="E4" target="E3"/>
  <move id="757" source="G2" target="H2"/>
  <move id="758" source="E3" target="E2"/>
  <move id="759" source="H2" target="I2"/>
  <move id="760" source="E2" target="F2"/>
  <move id="761" source="I2" target="I3"/>
  <move id="762" source="G4" target="H4"/>
  <move id="763" source="F5" target="F4"/>
  <move id="764" source="H4" target="I4"/>
  <move id="765" source="I3" target="I2"/>
  <move id="766" source="I4" target="I3"/>
  <move id="767" source="F4" target="G4"/>
  <move id="768" source="I3" target="I2"/>
  <move id="769" source="G4" target="G3"/>
  <move id="770" source="F2" target="E2"/>
  <move id="771" source="G3" target="G2"/>
  <move id="772" source="E2" target="E3"/>
  <move id="773" source="G2" target="F2"/>
  <move id="774" source="E3" target="E4"/>
  <move id="775" source="F2" target="E2"/>
  <move id="776" source="E4" target="F4"/>
  <move id="777" source="E2" target="E3"/>
  <move id="778" source="F4" target="G4"/>
  <move id="779" source="E3" target="E4"/>
  <move id="780" source="G4" target="H4"/>
  <move id="781" source="E4" target="E5"/>
  <move id="782" source="H4" target="I4"/>
  <move id="783" source="E5" target="E6"/>
  <move id="784" source="I4" target="K4"/>
  <move id="785" source="E6" target="E7"/>
  <move id="786" source="I2" target="I3"/>
  <move id="787" source="E7" target="F7"/>
  <move id="788" source="I3" target="I4"/>
  <move id="789" source="F7" target="G7"/>
  <move id="790" source="I4" target="I5"/>
  <move id="791" source="G7" target="G8"/>
  <move id="792" source="I5" target="I6"/>
  <move id="793" source="G8" target="G9"/>
  <move id="794" source="I6" target="I7"/>
  <move id="795" source="G9" target="G:"/>
  <move id="796" source="H:" target="H9"/>
  <move id="797" source="G:" target="G9"/>
  <move id="798" source="H9" target="H:"/>
  <move id="799" source="G9" target="H9"/>
  <move id="800" source="H:" target="G:"/>
  <move id="801" source="H9" target="I9"/>
  <move id="802" source="I7" target="I8"/>
  <move id="803" source="I9" target="I:"/>
  <move id="804" source="I8" target="H8"/>
  <player id="1">Player 1</player>
  <player id="2">Player 2</player>
  <result type="3" winner="2"/>
 </game>
</stratego>