<?xml version="1.0" encoding="UTF-8"?>
<stratego>
 <game type="classic">
  
  <field content="FDEEBMBEJBEBIFBBGCGDIDDLHGEKHDDHJDDHFGFIAA__AA__AAAA__AA__AASQPNQSRPNUWRTOSNXUNUPQTPTVPRVQPSPNRQYPTN"/>
  <move id="1" source="K4" target="K5"/>
  <move id="2" source="K7" target="K6"/>
  <move id="3" source="B4" target="B5"/>
  <move id="4" source="K6" target="K5"/>
  <move id="5" source="B5" target="B6"/>
  <move id="6" source="F7" target="F6"/>
  <move id="7" source="I4" target="I5"/>
  <move id="8" source="F6" target="F5"/>
  <move id="9" source="I5" target="I6"/>
  <move id="10" source="G7" target="F7"/>
  <move id="11" source="K3" target="K8"/>
  <move id="12" source="F7" target="F6"/>
  <move id="13" source="I6" target="I7"/>
  <move id="14" source="F6" target="E6"/>
  <move id="15" source="I3" target="I4"/>
  <move id="16" source="K8" target="K7"/>
  <move id="17" source="H3" target="I3"/>
  <move id="18" source="K9" target="K8"/>
  <move id="19" source="I3" target="K3"/>
  <move id="20" source="E6" target="E5"/>
  <move id="21" source="I4" target="I3"/>
  <move id="22" source="E7" target="E6"/>
  <move id="23" source="K3" target="K4"/>
  <move id="24" source="G8" target="G7"/>
  <move id="25" source="I3" target="K3"/>
  <move id="26" source="H8" target="G8"/>
  <move id="27" source="K4" target="K5"/>
  <move id="28" source="I9" target="K9"/>
  <move id="29" source="K5" target="K6"/>
  <move id="30" source="H7" target="H8"/>
  <move id="31" source="A4" target="A7"/>
  <move id="32" source="H8" target="H7"/>
  <move id="33" source="B6" target="A6"/>
  <move id="34" source="H9" target="I9"/>
  <move id="35" source="A6" target="A7"/>
  <move id="36" source="A8" target="A7"/>
  <move id="37" source="B3" target="B7"/>
  <move id="38" source="B7" target="B6"/>
  <move id="39" source="A3" target="B3"/>
  <move id="40" source="C7" target="B7"/>
  <move id="41" source="B3" target="B4"/>
  <move id="42" source="B6" target="A6"/>
  <move id="43" source="B4" target="B5"/>
  <move id="44" source="B7" target="B5"/>
  <move id="45" source="C3" target="B3"/>
  <move id="46" source="B8" target="B7"/>
  <move id="47" source="B3" target="A3"/>
  <move id="48" source="B7" target="B6"/>
  <move id="49" source="B5" target="B4"/>
  <move id="50" source="B6" target="B5"/>
  <move id="51" source="E4" target="E5"/>
  <move id="52" source="I9" target="H9"/>
  <move id="53" source="E3" target="E4"/>
  <move id="54" source="H9" target="H8"/>
  <move id="55" source="K6" target="K7"/>
  <move id="56" source="C8" target="C7"/>
  <move id="57" source="K7" target="K6"/>
  <move id="58" source="D8" target="C8"/>
  <move id="59" source="K6" target="K5"/>
  <move id="60" source="E8" target="E7"/>
  <move id="61" source="K5" target="I5"/>
  <move id="62" source="C8" target="B8"/>
  <move id="63" source="K3" target="K4"/>
  <move id="64" source="B8" target="A8"/>
  <move id="65" source="K4" target="K5"/>
  <move id="66" source="G7" target="F7"/>
  <move id="67" source="K5" target="K6"/>
  <move id="68" source="F7" target="F6"/>
  <move id="69" source="I5" target="K5"/>
  <move id="70" source="G8" target="G7"/>
  <move id="71" source="K6" target="K7"/>
  <move id="72" source="E7" target="E8"/>
  <move id="73" source="K5" target="K6"/>
  <move id="74" source="E8" target="D8"/>
  <move id="75" source="K7" target="K8"/>
  <move id="76" source="K9" target="K8"/>
  <move id="77" source="K6" target="K7"/>
  <move id="78" source="K8" target="K9"/>
  <move id="79" source="G3" target="H3"/>
  <move id="80" source="G7" target="F7"/>
  <move id="81" source="H3" target="I3"/>
  <move id="82" source="F7" target="E7"/>
  <move id="83" source="I3" target="I4"/>
  <move id="84" source="H7" target="G7"/>
  <move id="85" source="I4" target="I5"/>
  <move id="86" source="H8" target="H7"/>
  <move id="87" source="I5" target="I6"/>
  <move id="88" source="G9" target="H9"/>
  <move id="89" source="F3" target="G3"/>
  <move id="90" source="H9" target="H8"/>
  <move id="91" source="G3" target="H3"/>
  <move id="92" source="E7" target="E8"/>
  <move id="93" source="H3" target="I3"/>
  <move id="94" source="D8" target="C8"/>
  <move id="95" source="I3" target="I4"/>
  <move id="96" source="E8" target="D8"/>
  <move id="97" source="I4" target="I5"/>
  <move id="98" source="G7" target="F7"/>
  <move id="99" source="I6" target="I7"/>
  <move id="100" source="H7" target="I7"/>
  <move id="101" source="I5" target="I6"/>
  <move id="102" source="H8" target="H7"/>
  <move id="103" source="I6" target="I7"/>
  <move id="104" source="F7" target="G7"/>
  <move id="105" source="I7" target="I8"/>
  <move id="106" source="K9" target="I9"/>
  <move id="107" source="H4" target="I4"/>
  <move id="108" source="I9" target="H9"/>
  <move id="109" source="I4" target="I5"/>
  <move id="110" source="G7" target="G8"/>
  <move id="111" source="I5" target="I6"/>
  <move id="112" source="G8" target="H8"/>
  <move id="113" source="I6" target="I7"/>
  <move id="114" source="F6" target="F7"/>
  <move id="115" source="I7" target="H7"/>
  <move id="116" source="F9" target="G9"/>
  <move id="117" source="K7" target="I7"/>
  <move id="118" source="G9" target="G8"/>
  <move id="119" source="K2" target="K:"/>
  <move id="120" source="G8" target="G7"/>
  <move id="121" source="H7" target="H8"/>
  <move id="122" source="H9" target="H8"/>
  <move id="123" source="G4" target="H4"/>
  <move id="124" source="H8" target="H9"/>
  <move id="125" source="H4" target="I4"/>
  <move id="126" source="G7" target="G8"/>
  <move id="127" source="I4" target="I5"/>
  <move id="128" source="F7" target="G7"/>
  <move id="129" source="I5" target="I6"/>
  <move id="130" source="G8" target="G9"/>
  <move id="131" source="I7" target="K7"/>
  <move id="132" source="G7" target="G8"/>
  <move id="133" source="I6" target="I7"/>
  <move id="134" source="G8" target="H8"/>
  <move id="135" source="I7" target="H7"/>
  <move id="136" source="G9" target="F9"/>
  <move id="137" source="K7" target="I7"/>
  <move id="138" source="H9" target="G9"/>
  <move id="139" source="H7" target="H8"/>
  <move id="140" source="D8" target="E8"/>
  <move id="141" source="B4" target="B3"/>
  <move id="142" source="C7" target="B7"/>
  <move id="143" source="C4" target="B4"/>
  <move id="144" source="B7" target="B6"/>
  <move id="145" source="B4" target="B5"/>
  <move id="146" source="B6" target="B7"/>
  <move id="147" source="B3" target="C3"/>
  <move id="148" source="B7" target="C7"/>
  <move id="149" source="F4" target="F5"/>
  <move id="150" source="E5" target="E4"/>
  <move id="151" source="E4" target="E3"/>
  <move id="152" source="G9" target="G8"/>
  <move id="153" source="F5" target="F4"/>
  <move id="154" source="G8" target="G7"/>
  <move id="155" source="F4" target="F3"/>
  <move id="156" source="G7" target="F7"/>
  <move id="157" source="D4" target="E4"/>
  <move id="158" source="E6" target="F6"/>
  <move id="159" source="E4" target="F4"/>
  <move id="160" source="C8" target="B8"/>
  <move id="161" source="F4" target="F6"/>
  <move id="162" source="B8" target="B7"/>
  <move id="163" source="D3" target="D4"/>
  <move id="164" source="E8" target="D8"/>
  <move id="165" source="D4" target="E4"/>
  <move id="166" source="D8" target="C8"/>
  <move id="167" source="E4" target="E5"/>
  <move id="168" source="D9" target="D8"/>
  <move id="169" source="E5" target="E6"/>
  <move id="170" source="F6" target="F5"/>
  <move id="171" source="F3" target="F4"/>
  <move id="172" source="F5" target="E5"/>
  <move id="173" source="E6" target="F6"/>
  <move id="174" source="F7" target="F6"/>
  <move id="175" source="F6" target="E6"/>
  <move id="176" source="H8" target="H7"/>
  <move id="177" source="I7" target="K7"/>
  <move id="178" source="H7" target="I7"/>
  <move id="179" source="K7" target="K6"/>
  <move id="180" source="I7" target="I6"/>
  <move id="181" source="K6" target="K5"/>
  <move id="182" source="I6" target="I5"/>
  <move id="183" source="K5" target="K6"/>
  <move id="184" source="I5" target="I6"/>
  <move id="185" source="K6" target="K7"/>
  <move id="186" source="B7" target="B8"/>
  <move id="187" source="E6" target="E5"/>
  <move id="188" source="A7" target="B7"/>
  <move id="189" source="B5" target="A5"/>
  <move id="190" source="B7" target="B6"/>
  <move id="191" source="E5" target="E4"/>
  <move id="192" source="A6" target="A7"/>
  <move id="193" source="E4" target="D4"/>
  <move id="194" source="B6" target="A6"/>
  <move id="195" source="A5" target="B5"/>
  <move id="196" source="D8" target="E8"/>
  <move id="197" source="E3" target="F3"/>
  <move id="198" source="E8" target="E7"/>
  <move id="199" source="F3" target="G3"/>
  <move id="200" source="I6" target="I7"/>
  <move id="201" source="K7" target="K6"/>
  <move id="202" source="I7" target="H7"/>
  <move id="203" source="F4" target="F3"/>
  <move id="204" source="H7" target="G7"/>
  <move id="205" source="G3" target="H3"/>
  <move id="206" source="G7" target="F7"/>
  <move id="207" source="F3" target="G3"/>
  <move id="208" source="F7" target="F6"/>
  <move id="209" source="H3" target="I3"/>
  <move id="210" source="F6" target="F5"/>
  <move id="211" source="D4" target="E4"/>
  <move id="212" source="E7" target="F7"/>
  <move id="213" source="K6" target="K7"/>
  <move id="214" source="A6" target="B6"/>
  <move id="215" source="B5" target="A5"/>
  <move id="216" source="B6" target="B5"/>
  <move id="217" source="A5" target="A6"/>
  <move id="218" source="B5" target="B4"/>
  <move id="219" source="A6" target="A7"/>
  <move id="220" source="B4" target="B3"/>
  <move id="221" source="C3" target="C4"/>
  <move id="222" source="B3" target="B2"/>
  <move id="223" source="K7" target="I7"/>
  <move id="224" source="A8" target="A7"/>
  <move id="225" source="I7" target="H7"/>
  <move id="226" source="C7" target="B7"/>
  <move id="227" source="A7" target="B7"/>
  <move id="228" source="B8" target="B7"/>
  <move id="229" source="H7" target="G7"/>
  <move id="230" source="C8" target="C7"/>
  <move id="231" source="G7" target="F7"/>
  <move id="232" source="C7" target="B7"/>
  <move id="233" source="F7" target="F8"/>
  <move id="234" source="C9" target="C8"/>
  <move id="235" source="I3" target="I4"/>
  <move id="236" source="C8" target="C7"/>
  <move id="237" source="I4" target="I5"/>
  <move id="238" source="C7" target="B7"/>
  <move id="239" source="I5" target="I6"/>
  <move id="240" source="B9" target="B8"/>
  <move id="241" source="I6" target="I7"/>
  <move id="242" source="B8" target="B7"/>
  <move id="243" source="I7" target="H7"/>
  <move id="244" source="F9" target="G9"/>
  <move id="245" source="H7" target="H8"/>
  <move id="246" source="B:" target="B9"/>
  <move id="247" source="H8" target="H9"/>
  <move id="248" source="G9" target="H9"/>
  <move id="249" source="B7" target="B8"/>
  <move id="250" source="B9" target="B8"/>
  <move id="251" source="B8" target="C8"/>
  <move id="252" source="C:" target="C8"/>
  <move id="253" source="C8" target="D8"/>
  <move id="254" source="F5" target="F6"/>
  <move id="255" source="D8" target="E8"/>
  <move id="256" source="F6" target="F7"/>
  <move id="257" source="E8" target="E9"/>
  <move id="258" source="F7" target="F6"/>
  <move id="259" source="E9" target="F9"/>
  <move id="260" source="F6" target="F5"/>
  <move id="261" source="F9" target="F:"/>
  <move id="262" source="A9" target="A3"/>
  <move id="263" source="F:" target="G:"/>
  <player id="1">Player 1</player>
  <player id="2">Player 2</player>
  <result type="1" winner="1"/>
 </game>
</stratego>