<?xml version="1.0" encoding="UTF-8"?>
<stratego>
 <game type="classic">
  
  <field content="DEBFHBMBEHGBFBEEBIDJDHDELJDDFGDGIFIHCKGDAA__AA__AAAA__AA__AAPRSTRPPRSPNTXWPNTTUSNRUOVUQSNPPVQNQYNQQP"/>
  <move id="1" source="E4" target="E5"/>
  <move id="2" source="I7" target="I6"/>
  <move id="3" source="F4" target="F5"/>
  <move id="4" source="I8" target="I7"/>
  <move id="5" source="F5" target="F6"/>
  <move id="6" source="I6" target="I5"/>
  <move id="7" source="E5" target="E6"/>
  <move id="8" source="I7" target="I6"/>
  <move id="9" source="D4" target="E4"/>
  <move id="10" source="K7" target="K4"/>
  <move id="11" source="E4" target="F4"/>
  <move id="12" source="I6" target="K6"/>
  <move id="13" source="F4" target="F5"/>
  <move id="14" source="K6" target="K5"/>
  <move id="15" source="D3" target="D4"/>
  <move id="16" source="K5" target="K4"/>
  <move id="17" source="B4" target="B5"/>
  <move id="18" source="E7" target="E6"/>
  <move id="19" source="E6" target="E5"/>
  <move id="20" source="F7" target="F6"/>
  <move id="21" source="E5" target="E4"/>
  <move id="22" source="D7" target="E7"/>
  <move id="23" source="B5" target="B6"/>
  <move id="24" source="E7" target="E6"/>
  <move id="25" source="F6" target="F7"/>
  <move id="26" source="E8" target="E7"/>
  <move id="27" source="F7" target="F8"/>
  <move id="28" source="E7" target="F7"/>
  <move id="29" source="F5" target="F6"/>
  <move id="30" source="E6" target="E7"/>
  <move id="31" source="F6" target="E6"/>
  <move id="32" source="E7" target="E8"/>
  <move id="33" source="E6" target="E7"/>
  <move id="34" source="C7" target="D7"/>
  <move id="35" source="B6" target="B7"/>
  <move id="36" source="B8" target="B7"/>
  <move id="37" source="B3" target="B4"/>
  <move id="38" source="C8" target="C7"/>
  <move id="39" source="B4" target="B5"/>
  <move id="40" source="F7" target="E7"/>
  <move id="41" source="E7" target="F7"/>
  <move id="42" source="D7" target="E7"/>
  <move id="43" source="F7" target="G7"/>
  <move id="44" source="G8" target="G7"/>
  <move id="45" source="B5" target="B6"/>
  <move id="46" source="E7" target="D7"/>
  <move id="47" source="A3" target="B3"/>
  <move id="48" source="G7" target="G8"/>
  <move id="49" source="A4" target="B4"/>
  <move id="50" source="D7" target="E7"/>
  <move id="51" source="B4" target="B5"/>
  <move id="52" source="D8" target="D7"/>
  <move id="53" source="B6" target="A6"/>
  <move id="54" source="B7" target="B8"/>
  <move id="55" source="A6" target="A7"/>
  <move id="56" source="C7" target="B7"/>
  <move id="57" source="A7" target="A6"/>
  <move id="58" source="B7" target="B6"/>
  <move id="59" source="A6" target="A5"/>
  <move id="60" source="B6" target="B5"/>
  <move id="61" source="A5" target="A6"/>
  <move id="62" source="D7" target="C7"/>
  <move id="63" source="I4" target="I5"/>
  <move id="64" source="C9" target="C8"/>
  <move id="65" source="I3" target="I4"/>
  <move id="66" source="K4" target="K5"/>
  <move id="67" source="I4" target="I5"/>
  <move id="68" source="K5" target="K6"/>
  <move id="69" source="I5" target="I6"/>
  <move id="70" source="K6" target="K7"/>
  <move id="71" source="I6" target="I7"/>
  <move id="72" source="C7" target="D7"/>
  <move id="73" source="I7" target="H7"/>
  <move id="74" source="C8" target="C7"/>
  <move id="75" source="E4" target="E5"/>
  <move id="76" source="K7" target="I7"/>
  <move id="77" source="K3" target="I3"/>
  <move id="78" source="I7" target="H7"/>
  <move id="79" source="E3" target="E4"/>
  <move id="80" source="H7" target="G7"/>
  <move id="81" source="E4" target="F4"/>
  <move id="82" source="E7" target="F7"/>
  <move id="83" source="E5" target="F5"/>
  <move id="84" source="C7" target="B7"/>
  <move id="85" source="F5" target="F6"/>
  <move id="86" source="F7" target="E7"/>
  <move id="87" source="F3" target="E3"/>
  <move id="88" source="G7" target="F7"/>
  <move id="89" source="F4" target="F5"/>
  <move id="90" source="F7" target="F6"/>
  <move id="91" source="F5" target="F6"/>
  <move id="92" source="D9" target="D8"/>
  <move id="93" source="G4" target="F4"/>
  <move id="94" source="B7" target="A7"/>
  <move id="95" source="A6" target="A7"/>
  <move id="96" source="A7" target="B7"/>
  <move id="97" source="H4" target="I4"/>
  <move id="98" source="B7" target="C7"/>
  <move id="99" source="I4" target="I5"/>
  <move id="100" source="C7" target="C8"/>
  <move id="101" source="I5" target="I6"/>
  <move id="102" source="B5" target="B6"/>
  <move id="103" source="I6" target="I7"/>
  <move id="104" source="B6" target="B7"/>
  <move id="105" source="I7" target="H7"/>
  <move id="106" source="H8" target="I8"/>
  <move id="107" source="H7" target="G7"/>
  <move id="108" source="C8" target="C9"/>
  <move id="109" source="G7" target="G8"/>
  <move id="110" source="I8" target="I7"/>
  <move id="111" source="G8" target="G7"/>
  <move id="112" source="E7" target="E6"/>
  <move id="113" source="F6" target="F7"/>
  <move id="114" source="D7" target="E7"/>
  <move id="115" source="E3" target="E4"/>
  <move id="116" source="E7" target="F7"/>
  <move id="117" source="E4" target="E5"/>
  <move id="118" source="I7" target="I6"/>
  <move id="119" source="E5" target="E6"/>
  <move id="120" source="B7" target="B6"/>
  <move id="121" source="E6" target="E7"/>
  <move id="122" source="B6" target="B5"/>
  <move id="123" source="E7" target="E8"/>
  <move id="124" source="E9" target="E8"/>
  <move id="125" source="C3" target="E3"/>
  <move id="126" source="B5" target="B4"/>
  <move id="127" source="C4" target="C3"/>
  <move id="128" source="B4" target="B3"/>
  <move id="129" source="C3" target="D3"/>
  <move id="130" source="B3" target="C3"/>
  <move id="131" source="E3" target="E:"/>
  <move id="132" source="C3" target="D3"/>
  <move id="133" source="D4" target="E4"/>
  <move id="134" source="D3" target="D4"/>
  <move id="135" source="E4" target="E5"/>
  <move id="136" source="D4" target="E4"/>
  <move id="137" source="F4" target="E4"/>
  <player id="1">Player 1</player>
  <player id="2">Player 2</player>
  <result type="3" winner="1"/>
 </game>
</stratego>