<?xml version="1.0" encoding="UTF-8"?>
<stratego>
 <game type="classic">
  
  <field content="EEEDDDGBFFJDHHMHJGBBDDEELIGBFFKDICIHDGBBAA__AA__AAAA__AA__AASPQXPTOVTNUSUPUWVPNRNPSPPSQTRNRQPTQQRNNY"/>
  <move id="1" source="A4" target="A5"/>
  <move id="2" source="A7" target="A6"/>
  <move id="3" source="A5" target="A6"/>
  <move id="4" source="B7" target="B4"/>
  <move id="5" source="A6" target="A7"/>
  <move id="6" source="F7" target="F6"/>
  <move id="7" source="A7" target="B7"/>
  <move id="8" source="E7" target="E6"/>
  <move id="9" source="A3" target="A8"/>
  <move id="10" source="B8" target="B7"/>
  <move id="11" source="B7" target="B8"/>
  <move id="12" source="A8" target="A7"/>
  <move id="13" source="C4" target="B4"/>
  <move id="14" source="C7" target="B7"/>
  <move id="15" source="B8" target="B7"/>
  <move id="16" source="A7" target="A8"/>
  <move id="17" source="B4" target="A4"/>
  <move id="18" source="D7" target="C7"/>
  <move id="19" source="B7" target="B6"/>
  <move id="20" source="C7" target="B7"/>
  <move id="21" source="B6" target="B5"/>
  <move id="22" source="B7" target="B6"/>
  <move id="23" source="B5" target="B4"/>
  <move id="24" source="B6" target="B5"/>
  <move id="25" source="B4" target="C4"/>
  <move id="26" source="B5" target="B4"/>
  <move id="27" source="A4" target="A5"/>
  <move id="28" source="F8" target="F7"/>
  <move id="29" source="A5" target="A6"/>
  <move id="30" source="A8" target="B8"/>
  <move id="31" source="A6" target="A7"/>
  <move id="32" source="D8" target="D7"/>
  <move id="33" source="A7" target="A8"/>
  <move id="34" source="B8" target="B7"/>
  <move id="35" source="B3" target="B4"/>
  <move id="36" source="B7" target="B6"/>
  <move id="37" source="A8" target="A7"/>
  <move id="38" source="D7" target="A7"/>
  <move id="39" source="A7" target="B7"/>
  <move id="40" source="B6" target="A6"/>
  <move id="41" source="B2" target="B3"/>
  <move id="42" source="B4" target="C4"/>
  <move id="43" source="D4" target="C4"/>
  <move id="44" source="I7" target="I6"/>
  <move id="45" source="B7" target="B6"/>
  <move id="46" source="A6" target="A5"/>
  <move id="47" source="B6" target="B5"/>
  <move id="48" source="A5" target="A4"/>
  <move id="49" source="B5" target="B4"/>
  <move id="50" source="A4" target="A3"/>
  <move id="51" source="B3" target="B2"/>
  <move id="52" source="A3" target="A2"/>
  <move id="53" source="B4" target="A4"/>
  <move id="54" source="H7" target="I7"/>
  <move id="55" source="B2" target="B3"/>
  <move id="56" source="I6" target="I5"/>
  <move id="57" source="B3" target="B4"/>
  <move id="58" source="I7" target="I6"/>
  <move id="59" source="B4" target="B5"/>
  <move id="60" source="B9" target="B5"/>
  <move id="61" source="B1" target="B2"/>
  <move id="62" source="I5" target="I4"/>
  <move id="63" source="B2" target="B3"/>
  <move id="64" source="F6" target="F5"/>
  <move id="65" source="B3" target="B4"/>
  <move id="66" source="F7" target="F6"/>
  <move id="67" source="B4" target="B5"/>
  <move id="68" source="E6" target="E7"/>
  <move id="69" source="B5" target="B6"/>
  <move id="70" source="E7" target="D7"/>
  <move id="71" source="B6" target="B7"/>
  <move id="72" source="G8" target="F8"/>
  <move id="73" source="B7" target="B8"/>
  <move id="74" source="C8" target="B8"/>
  <move id="75" source="E4" target="E5"/>
  <move id="76" source="F5" target="E5"/>
  <move id="77" source="E5" target="E4"/>
  <move id="78" source="F6" target="F5"/>
  <move id="79" source="D3" target="D4"/>
  <move id="80" source="D7" target="C7"/>
  <move id="81" source="C3" target="B3"/>
  <move id="82" source="C7" target="B7"/>
  <move id="83" source="B3" target="B4"/>
  <move id="84" source="I6" target="I5"/>
  <move id="85" source="A2" target="A3"/>
  <move id="86" source="H8" target="H7"/>
  <move id="87" source="A3" target="B3"/>
  <move id="88" source="H7" target="I7"/>
  <move id="89" source="F4" target="F5"/>
  <move id="90" source="I7" target="I6"/>
  <move id="91" source="G4" target="F4"/>
  <move id="92" source="F5" target="E5"/>
  <move id="93" source="A4" target="A3"/>
  <move id="94" source="B7" target="C7"/>
  <move id="95" source="F4" target="F5"/>
  <move id="96" source="E5" target="F5"/>
  <move id="97" source="D4" target="D3"/>
  <move id="98" source="F5" target="E5"/>
  <move id="99" source="E4" target="D4"/>
  <move id="100" source="E5" target="F5"/>
  <move id="101" source="E3" target="E4"/>
  <move id="102" source="F5" target="F6"/>
  <move id="103" source="E4" target="E5"/>
  <move id="104" source="F6" target="F7"/>
  <move id="105" source="E5" target="E6"/>
  <move id="106" source="E8" target="D8"/>
  <move id="107" source="B4" target="A4"/>
  <move id="108" source="B8" target="A8"/>
  <move id="109" source="B3" target="B4"/>
  <move id="110" source="A8" target="A7"/>
  <move id="111" source="B4" target="B5"/>
  <move id="112" source="A7" target="A6"/>
  <move id="113" source="B5" target="A5"/>
  <move id="114" source="A6" target="B6"/>
  <move id="115" source="A5" target="B5"/>
  <move id="116" source="B6" target="A6"/>
  <move id="117" source="G3" target="G4"/>
  <move id="118" source="E9" target="E6"/>
  <move id="119" source="G4" target="F4"/>
  <move id="120" source="I6" target="K6"/>
  <move id="121" source="D3" target="E3"/>
  <move id="122" source="K6" target="K4"/>
  <move id="123" source="D4" target="D3"/>
  <move id="124" source="G9" target="G8"/>
  <move id="125" source="C4" target="C3"/>
  <move id="126" source="G8" target="H8"/>
  <move id="127" source="F4" target="E4"/>
  <move id="128" source="D8" target="D7"/>
  <move id="129" source="E4" target="D4"/>
  <move id="130" source="A6" target="A7"/>
  <move id="131" source="B5" target="B6"/>
  <move id="132" source="A7" target="A8"/>
  <move id="133" source="B6" target="B7"/>
  <move id="134" source="D7" target="D8"/>
  <move id="135" source="D4" target="C4"/>
  <move id="136" source="D8" target="E8"/>
  <move id="137" source="C4" target="B4"/>
  <move id="138" source="E8" target="E9"/>
  <move id="139" source="B4" target="B5"/>
  <move id="140" source="H8" target="H7"/>
  <move id="141" source="B5" target="B6"/>
  <move id="142" source="H7" target="I7"/>
  <move id="143" source="B7" target="A7"/>
  <move id="144" source="A8" target="B8"/>
  <move id="145" source="B6" target="B7"/>
  <move id="146" source="C7" target="D7"/>
  <move id="147" source="B7" target="C7"/>
  <move id="148" source="D7" target="E7"/>
  <move id="149" source="E6" target="E5"/>
  <move id="150" source="B8" target="C8"/>
  <move id="151" source="C7" target="D7"/>
  <move id="152" source="C8" target="D8"/>
  <move id="153" source="D7" target="C7"/>
  <move id="154" source="E7" target="D7"/>
  <move id="155" source="C7" target="B7"/>
  <move id="156" source="D8" target="E8"/>
  <move id="157" source="A7" target="A8"/>
  <move id="158" source="E8" target="E7"/>
  <move id="159" source="A8" target="B8"/>
  <move id="160" source="F8" target="E8"/>
  <move id="161" source="A4" target="A5"/>
  <move id="162" source="E8" target="D8"/>
  <move id="163" source="A5" target="A6"/>
  <move id="164" source="D8" target="C8"/>
  <move id="165" source="B8" target="C8"/>
  <move id="166" source="E7" target="E8"/>
  <move id="167" source="A6" target="A7"/>
  <move id="168" source="E8" target="D8"/>
  <move id="169" source="A7" target="A8"/>
  <move id="170" source="D8" target="C8"/>
  <move id="171" source="A8" target="A9"/>
  <move id="172" source="A:" target="A9"/>
  <move id="173" source="G2" target="G3"/>
  <move id="174" source="I7" target="I6"/>
  <move id="175" source="G3" target="G4"/>
  <move id="176" source="I5" target="K5"/>
  <move id="177" source="G4" target="F4"/>
  <move id="178" source="I6" target="I5"/>
  <move id="179" source="F4" target="E4"/>
  <move id="180" source="A9" target="A8"/>
  <move id="181" source="E4" target="D4"/>
  <move id="182" source="A8" target="B8"/>
  <move id="183" source="D4" target="C4"/>
  <move id="184" source="B8" target="B7"/>
  <move id="185" source="C4" target="B4"/>
  <move id="186" source="I5" target="I4"/>
  <move id="187" source="I3" target="I4"/>
  <move id="188" source="K5" target="I5"/>
  <move id="189" source="B7" target="A7"/>
  <move id="190" source="C8" target="B8"/>
  <move id="191" source="B4" target="B5"/>
  <move id="192" source="B8" target="A8"/>
  <move id="193" source="A7" target="A6"/>
  <move id="194" source="A8" target="A7"/>
  <move id="195" source="A6" target="A5"/>
  <move id="196" source="A7" target="A6"/>
  <move id="197" source="A5" target="A4"/>
  <move id="198" source="I5" target="I4"/>
  <move id="199" source="E5" target="F5"/>
  <move id="200" source="D7" target="D8"/>
  <move id="201" source="B5" target="B4"/>
  <move id="202" source="A6" target="A5"/>
  <move id="203" source="C3" target="C4"/>
  <move id="204" source="F7" target="E7"/>
  <move id="205" source="C4" target="C3"/>
  <move id="206" source="E7" target="D7"/>
  <move id="207" source="B4" target="C4"/>
  <move id="208" source="A5" target="A4"/>
  <move id="209" source="A3" target="A4"/>
  <move id="210" source="D7" target="C7"/>
  <move id="211" source="F5" target="F4"/>
  <move id="212" source="C7" target="B7"/>
  <move id="213" source="F4" target="E4"/>
  <move id="214" source="B7" target="B6"/>
  <move id="215" source="C4" target="D4"/>
  <move id="216" source="B6" target="B5"/>
  <move id="217" source="E4" target="E5"/>
  <move id="218" source="B5" target="B4"/>
  <move id="219" source="D4" target="E4"/>
  <move id="220" source="B4" target="B3"/>
  <move id="221" source="E4" target="F4"/>
  <move id="222" source="B3" target="C3"/>
  <move id="223" source="D3" target="D4"/>
  <move id="224" source="C3" target="C4"/>
  <move id="225" source="D4" target="E4"/>
  <move id="226" source="C4" target="D4"/>
  <move id="227" source="F4" target="F5"/>
  <move id="228" source="D4" target="D3"/>
  <move id="229" source="F5" target="F6"/>
  <move id="230" source="D3" target="E3"/>
  <move id="231" source="E4" target="D4"/>
  <move id="232" source="E3" target="F3"/>
  <move id="233" source="E5" target="E4"/>
  <move id="234" source="G7" target="G8"/>
  <move id="235" source="F6" target="F7"/>
  <move id="236" source="G8" target="H8"/>
  <move id="237" source="F7" target="G7"/>
  <move id="238" source="E9" target="E8"/>
  <move id="239" source="G7" target="F7"/>
  <move id="240" source="D8" target="A8"/>
  <move id="241" source="F7" target="E7"/>
  <move id="242" source="E8" target="D8"/>
  <move id="243" source="E7" target="F7"/>
  <move id="244" source="A8" target="A1"/>
  <move id="245" source="A1" target="A2"/>
  <move id="246" source="D8" target="C8"/>
  <move id="247" source="F7" target="E7"/>
  <move id="248" source="C8" target="B8"/>
  <move id="249" source="E7" target="D7"/>
  <move id="250" source="B8" target="B7"/>
  <move id="251" source="D4" target="C4"/>
  <move id="252" source="B7" target="A7"/>
  <move id="253" source="C4" target="B4"/>
  <move id="254" source="A7" target="A6"/>
  <move id="255" source="B4" target="B5"/>
  <move id="256" source="H9" target="G9"/>
  <move id="257" source="D7" target="C7"/>
  <move id="258" source="G9" target="G8"/>
  <move id="259" source="C7" target="B7"/>
  <move id="260" source="G8" target="F8"/>
  <move id="261" source="B7" target="A7"/>
  <move id="262" source="A6" target="A5"/>
  <move id="263" source="B5" target="A5"/>
  <move id="264" source="F8" target="E8"/>
  <move id="265" source="A2" target="A3"/>
  <move id="266" source="E8" target="D8"/>
  <move id="267" source="A3" target="A4"/>
  <move id="268" source="D8" target="C8"/>
  <move id="269" source="A4" target="A5"/>
  <move id="270" source="C8" target="B8"/>
  <move id="271" source="A5" target="A6"/>
  <move id="272" source="D9" target="E9"/>
  <move id="273" source="A6" target="B6"/>
  <move id="274" source="E9" target="E8"/>
  <move id="275" source="B6" target="B7"/>
  <move id="276" source="E8" target="E7"/>
  <move id="277" source="B7" target="C7"/>
  <move id="278" source="B8" target="C8"/>
  <move id="279" source="A7" target="B7"/>
  <move id="280" source="H8" target="G8"/>
  <move id="281" source="C7" target="D7"/>
  <move id="282" source="E7" target="E8"/>
  <move id="283" source="B7" target="B8"/>
  <move id="284" source="C8" target="C7"/>
  <move id="285" source="D7" target="D8"/>
  <move id="286" source="E8" target="F8"/>
  <move id="287" source="D8" target="C8"/>
  <move id="288" source="C9" target="C8"/>
  <move id="289" source="B8" target="C8"/>
  <move id="290" source="C7" target="B7"/>
  <move id="291" source="E4" target="F4"/>
  <move id="292" source="F3" target="E3"/>
  <move id="293" source="F4" target="F3"/>
  <move id="294" source="E3" target="E2"/>
  <player id="1">Player 1</player>
  <player id="2">Player 2</player>
  <result type="1" winner="2"/>
 </game>
</stratego>