<?xml version="1.0" encoding="UTF-8"?>
<stratego>
 <game type="classic">
  
  <field content="HBMBIIIHEEEHJCJDDHGBGLDDKGGBBEDFEFFDDDFBAA__AA__AAAA__AA__AASSXPSPWSPRVRPOVRPQNNUPQTUPUQNRQPTNTQTNYN"/>
  <move id="1" source="B4" target="B5"/>
  <move id="2" source="A7" target="A6"/>
  <move id="3" source="B3" target="B4"/>
  <move id="4" source="A6" target="A5"/>
  <move id="5" source="F4" target="F5"/>
  <move id="6" source="A5" target="A4"/>
  <move id="7" source="A3" target="A4"/>
  <move id="8" source="B7" target="B6"/>
  <move id="9" source="B2" target="B3"/>
  <move id="10" source="B6" target="B5"/>
  <move id="11" source="B4" target="B5"/>
  <move id="12" source="E7" target="E6"/>
  <move id="13" source="B5" target="B6"/>
  <move id="14" source="E6" target="E5"/>
  <move id="15" source="B3" target="A3"/>
  <move id="16" source="E5" target="F5"/>
  <move id="17" source="C3" target="B3"/>
  <move id="18" source="F7" target="E7"/>
  <move id="19" source="D3" target="C3"/>
  <move id="20" source="F5" target="F4"/>
  <move id="21" source="B3" target="B4"/>
  <move id="22" source="G7" target="F7"/>
  <move id="23" source="B6" target="B7"/>
  <move id="24" source="F7" target="F6"/>
  <move id="25" source="B4" target="A4"/>
  <move id="26" source="F6" target="F5"/>
  <move id="27" source="A4" target="A8"/>
  <move id="28" source="B8" target="B7"/>
  <move id="29" source="C3" target="B3"/>
  <move id="30" source="F4" target="F3"/>
  <move id="31" source="B3" target="B2"/>
  <move id="32" source="F8" target="F7"/>
  <move id="33" source="E3" target="D3"/>
  <move id="34" source="F7" target="F6"/>
  <move id="35" source="D3" target="C3"/>
  <move id="36" source="F5" target="F4"/>
  <move id="37" source="C3" target="B3"/>
  <move id="38" source="F4" target="F3"/>
  <move id="39" source="B3" target="B4"/>
  <move id="40" source="F3" target="E3"/>
  <move id="41" source="B4" target="B5"/>
  <move id="42" source="C7" target="B7"/>
  <move id="43" source="B5" target="B6"/>
  <move id="44" source="B9" target="B6"/>
  <move id="45" source="B6" target="B7"/>
  <move id="46" source="F6" target="F5"/>
  <move id="47" source="B7" target="B8"/>
  <move id="48" source="A8" target="A7"/>
  <move id="49" source="C2" target="C3"/>
  <move id="50" source="F5" target="F4"/>
  <move id="51" source="C3" target="B3"/>
  <move id="52" source="F4" target="F3"/>
  <move id="53" source="B3" target="B4"/>
  <move id="54" source="F3" target="G3"/>
  <move id="55" source="B4" target="B5"/>
  <move id="56" source="F9" target="F2"/>
  <move id="57" source="B5" target="B6"/>
  <move id="58" source="E7" target="E4"/>
  <move id="59" source="B6" target="A6"/>
  <move id="60" source="E3" target="E4"/>
  <move id="61" source="A6" target="A7"/>
  <move id="62" source="E4" target="E3"/>
  <move id="63" source="B8" target="B9"/>
  <move id="64" source="E3" target="F3"/>
  <move id="65" source="B9" target="C9"/>
  <move id="66" source="C8" target="B8"/>
  <move id="67" source="B2" target="B8"/>
  <move id="68" source="F3" target="G3"/>
  <move id="69" source="G4" target="E4"/>
  <move id="70" source="G8" target="F8"/>
  <move id="71" source="E4" target="E3"/>
  <move id="72" source="F8" target="F4"/>
  <move id="73" source="E3" target="E4"/>
  <move id="74" source="F4" target="H4"/>
  <move id="75" source="E2" target="E3"/>
  <move id="76" source="G3" target="F3"/>
  <move id="77" source="E3" target="D3"/>
  <move id="78" source="F3" target="E3"/>
  <move id="79" source="D3" target="C3"/>
  <move id="80" source="E3" target="E4"/>
  <move id="81" source="C9" target="B9"/>
  <move id="82" source="I7" target="I4"/>
  <move id="83" source="B9" target="B8"/>
  <move id="84" source="E4" target="E3"/>
  <move id="85" source="C3" target="B3"/>
  <move id="86" source="D7" target="F7"/>
  <move id="87" source="B3" target="B4"/>
  <move id="88" source="F7" target="F3"/>
  <move id="89" source="B4" target="B5"/>
  <move id="90" source="F3" target="H3"/>
  <move id="91" source="B5" target="B6"/>
  <move id="92" source="D8" target="D7"/>
  <move id="93" source="B6" target="B7"/>
  <move id="94" source="D7" target="E7"/>
  <move id="95" source="B8" target="C8"/>
  <move id="96" source="E7" target="E6"/>
  <move id="97" source="C8" target="D8"/>
  <move id="98" source="E8" target="F8"/>
  <move id="99" source="D8" target="E8"/>
  <move id="100" source="F8" target="F7"/>
  <move id="101" source="E8" target="E7"/>
  <move id="102" source="F7" target="F6"/>
  <move id="103" source="E7" target="E6"/>
  <move id="104" source="F6" target="F5"/>
  <move id="105" source="E6" target="E5"/>
  <move id="106" source="F5" target="F4"/>
  <move id="107" source="E5" target="E4"/>
  <move id="108" source="F4" target="G4"/>
  <move id="109" source="E4" target="F4"/>
  <move id="110" source="G4" target="H4"/>
  <move id="111" source="F4" target="G4"/>
  <move id="112" source="H4" target="I4"/>
  <move id="113" source="G4" target="H4"/>
  <move id="114" source="I4" target="K4"/>
  <move id="115" source="H4" target="G4"/>
  <move id="116" source="E3" target="D3"/>
  <move id="117" source="G4" target="F4"/>
  <move id="118" source="D3" target="C3"/>
  <move id="119" source="B7" target="C7"/>
  <move id="120" source="C3" target="B3"/>
  <move id="121" source="F4" target="E4"/>
  <move id="122" source="B3" target="A3"/>
  <move id="123" source="E4" target="E3"/>
  <move id="124" source="B:" target="B1"/>
  <move id="125" source="E3" target="D3"/>
  <move id="126" source="A3" target="B3"/>
  <move id="127" source="D3" target="C3"/>
  <move id="128" source="B3" target="B4"/>
  <move id="129" source="C7" target="D7"/>
  <move id="130" source="H7" target="I7"/>
  <move id="131" source="D7" target="E7"/>
  <move id="132" source="I7" target="I6"/>
  <move id="133" source="E7" target="F7"/>
  <move id="134" source="I6" target="I5"/>
  <move id="135" source="D4" target="D3"/>
  <move id="136" source="B4" target="C4"/>
  <move id="137" source="C3" target="C4"/>
  <move id="138" source="I5" target="I4"/>
  <move id="139" source="G2" target="F2"/>
  <move id="140" source="I4" target="I3"/>
  <move id="141" source="G1" target="G2"/>
  <move id="142" source="K7" target="I7"/>
  <move id="143" source="F2" target="F4"/>
  <move id="144" source="I7" target="H7"/>
  <move id="145" source="D2" target="C2"/>
  <move id="146" source="H7" target="G7"/>
  <move id="147" source="F7" target="G7"/>
  <move id="148" source="A9" target="A8"/>
  <move id="149" source="D3" target="D4"/>
  <move id="150" source="A8" target="A7"/>
  <move id="151" source="E1" target="E2"/>
  <move id="152" source="A7" target="A6"/>
  <move id="153" source="E2" target="D2"/>
  <move id="154" source="A6" target="A5"/>
  <move id="155" source="C2" target="C3"/>
  <move id="156" source="A5" target="A4"/>
  <move id="157" source="D2" target="C2"/>
  <move id="158" source="A4" target="B4"/>
  <move id="159" source="C3" target="C4"/>
  <move id="160" source="B4" target="C4"/>
  <move id="161" source="C2" target="C3"/>
  <move id="162" source="C4" target="D4"/>
  <move id="163" source="G2" target="F2"/>
  <move id="164" source="D4" target="E4"/>
  <move id="165" source="F4" target="I4"/>
  <move id="166" source="E9" target="E8"/>
  <move id="167" source="F2" target="F3"/>
  <move id="168" source="E8" target="D8"/>
  <move id="169" source="F1" target="F2"/>
  <move id="170" source="D8" target="D7"/>
  <move id="171" source="G7" target="F7"/>
  <move id="172" source="D7" target="C7"/>
  <move id="173" source="F7" target="E7"/>
  <move id="174" source="C7" target="B7"/>
  <move id="175" source="F2" target="E2"/>
  <move id="176" source="B7" target="B6"/>
  <move id="177" source="E2" target="D2"/>
  <move id="178" source="B6" target="B5"/>
  <move id="179" source="E7" target="E6"/>
  <move id="180" source="B5" target="B4"/>
  <move id="181" source="E6" target="E5"/>
  <move id="182" source="E4" target="F4"/>
  <move id="183" source="E5" target="E4"/>
  <move id="184" source="F4" target="G4"/>
  <move id="185" source="E4" target="D4"/>
  <move id="186" source="G4" target="G3"/>
  <move id="187" source="F3" target="G3"/>
  <move id="188" source="G9" target="G8"/>
  <move id="189" source="C3" target="B3"/>
  <move id="190" source="B4" target="A4"/>
  <move id="191" source="B3" target="A3"/>
  <move id="192" source="A4" target="A5"/>
  <move id="193" source="D2" target="D3"/>
  <move id="194" source="G8" target="G7"/>
  <move id="195" source="A3" target="A4"/>
  <move id="196" source="A5" target="A6"/>
  <move id="197" source="A4" target="A5"/>
  <move id="198" source="A6" target="B6"/>
  <move id="199" source="A5" target="A6"/>
  <move id="200" source="B6" target="B5"/>
  <move id="201" source="D4" target="C4"/>
  <move id="202" source="G7" target="F7"/>
  <move id="203" source="C4" target="B4"/>
  <move id="204" source="B5" target="A5"/>
  <move id="205" source="A6" target="A5"/>
  <move id="206" source="F7" target="F6"/>
  <move id="207" source="D3" target="E3"/>
  <move id="208" source="F6" target="F5"/>
  <move id="209" source="B4" target="C4"/>
  <move id="210" source="F5" target="F4"/>
  <move id="211" source="C4" target="D4"/>
  <move id="212" source="F4" target="F3"/>
  <move id="213" source="E3" target="F3"/>
  <move id="214" source="H9" target="G9"/>
  <move id="215" source="H2" target="G2"/>
  <move id="216" source="G9" target="G8"/>
  <move id="217" source="G2" target="G3"/>
  <move id="218" source="G8" target="G7"/>
  <move id="219" source="I4" target="F4"/>
  <move id="220" source="G7" target="F7"/>
  <move id="221" source="G3" target="G4"/>
  <move id="222" source="G:" target="G9"/>
  <move id="223" source="H1" target="H2"/>
  <move id="224" source="G9" target="G8"/>
  <move id="225" source="H2" target="G2"/>
  <move id="226" source="G8" target="G7"/>
  <move id="227" source="G2" target="G3"/>
  <move id="228" source="G7" target="H7"/>
  <move id="229" source="G4" target="H4"/>
  <move id="230" source="H7" target="I7"/>
  <move id="231" source="A2" target="B2"/>
  <move id="232" source="I7" target="I6"/>
  <move id="233" source="A1" target="A2"/>
  <move id="234" source="I6" target="I5"/>
  <move id="235" source="A2" target="A3"/>
  <move id="236" source="I5" target="I4"/>
  <move id="237" source="A3" target="B3"/>
  <move id="238" source="I4" target="H4"/>
  <move id="239" source="G3" target="G4"/>
  <move id="240" source="E:" target="E9"/>
  <move id="241" source="B3" target="B4"/>
  <move id="242" source="E9" target="E8"/>
  <move id="243" source="B4" target="B5"/>
  <move id="244" source="E8" target="E7"/>
  <move id="245" source="B5" target="B6"/>
  <move id="246" source="E7" target="D7"/>
  <move id="247" source="B6" target="B7"/>
  <move id="248" source="D7" target="C7"/>
  <move id="249" source="F4" target="F5"/>
  <move id="250" source="C7" target="B7"/>
  <move id="251" source="I2" target="H2"/>
  <move id="252" source="F7" target="E7"/>
  <move id="253" source="H2" target="G2"/>
  <move id="254" source="E7" target="D7"/>
  <move id="255" source="G2" target="F2"/>
  <move id="256" source="D7" target="C7"/>
  <move id="257" source="F2" target="F3"/>
  <move id="258" source="C7" target="B7"/>
  <move id="259" source="D4" target="C4"/>
  <move id="260" source="D9" target="E9"/>
  <move id="261" source="F5" target="F6"/>
  <move id="262" source="E9" target="E8"/>
  <move id="263" source="G4" target="F4"/>
  <move id="264" source="E8" target="E7"/>
  <move id="265" source="F6" target="F8"/>
  <move id="266" source="E7" target="F7"/>
  <move id="267" source="F3" target="E3"/>
  <move id="268" source="F7" target="F8"/>
  <move id="269" source="F4" target="F5"/>
  <move id="270" source="F8" target="F7"/>
  <move id="271" source="F5" target="F6"/>
  <move id="272" source="F7" target="F6"/>
  <move id="273" source="E3" target="D3"/>
  <move id="274" source="B7" target="C7"/>
  <move id="275" source="D3" target="C3"/>
  <move id="276" source="C7" target="D7"/>
  <move id="277" source="C4" target="D4"/>
  <move id="278" source="D7" target="E7"/>
  <move id="279" source="D4" target="E4"/>
  <move id="280" source="E7" target="F7"/>
  <move id="281" source="B2" target="B3"/>
  <move id="282" source="F7" target="E7"/>
  <move id="283" source="B3" target="B4"/>
  <move id="284" source="E7" target="D7"/>
  <move id="285" source="E4" target="D4"/>
  <move id="286" source="D7" target="C7"/>
  <move id="287" source="C3" target="C4"/>
  <move id="288" source="C7" target="B7"/>
  <move id="289" source="B4" target="B3"/>
  <move id="290" source="B7" target="B6"/>
  <move id="291" source="B3" target="C3"/>
  <move id="292" source="B6" target="B5"/>
  <move id="293" source="C3" target="D3"/>
  <move id="294" source="B5" target="B4"/>
  <move id="295" source="D3" target="E3"/>
  <move id="296" source="B4" target="B3"/>
  <move id="297" source="D4" target="D3"/>
  <move id="298" source="B3" target="B2"/>
  <move id="299" source="D3" target="C3"/>
  <move id="300" source="B2" target="B1"/>
  <move id="301" source="C3" target="C2"/>
  <move id="302" source="C:" target="C9"/>
  <move id="303" source="C4" target="C3"/>
  <move id="304" source="C9" target="C8"/>
  <move id="305" source="C3" target="B3"/>
  <move id="306" source="F:" target="F9"/>
  <move id="307" source="B3" target="B2"/>
  <move id="308" source="B1" target="C1"/>
  <player id="1">Player 1</player>
  <player id="2">Player 2</player>
  <result type="1" winner="2"/>
 </game>
</stratego>