<?xml version="1.0" encoding="UTF-8"?>
<stratego>
 <game type="classic">
  
  <field content="BBBFMBFBFBDIEIEECHIEFEJKHLJDHDGDHDDGGDGDAA__AA__AAAA__AA__AARPQPPRPPRPSPTRUNQTSPSUWOVNVXUSQNTQNYNTNQ"/>
  <move id="1" source="F4" target="F5"/>
  <move id="2" source="F7" target="F6"/>
  <move id="3" source="F3" target="F4"/>
  <move id="4" source="E7" target="E6"/>
  <move id="5" source="E4" target="E5"/>
  <move id="6" source="E8" target="E7"/>
  <move id="7" source="F5" target="F6"/>
  <move id="8" source="E6" target="E5"/>
  <move id="9" source="D4" target="E4"/>
  <move id="10" source="E7" target="E6"/>
  <move id="11" source="F4" target="F5"/>
  <move id="12" source="E6" target="F6"/>
  <move id="13" source="F5" target="F6"/>
  <move id="14" source="B7" target="B6"/>
  <move id="15" source="F6" target="F7"/>
  <move id="16" source="B6" target="B5"/>
  <move id="17" source="E4" target="E5"/>
  <move id="18" source="D8" target="E8"/>
  <move id="19" source="E5" target="E6"/>
  <move id="20" source="D7" target="E7"/>
  <move id="21" source="F7" target="E7"/>
  <move id="22" source="E8" target="D8"/>
  <move id="23" source="E6" target="F6"/>
  <move id="24" source="B5" target="B4"/>
  <move id="25" source="F6" target="F7"/>
  <move id="26" source="G7" target="F7"/>
  <move id="27" source="G4" target="F4"/>
  <move id="28" source="H7" target="G7"/>
  <move id="29" source="F4" target="F5"/>
  <move id="30" source="A7" target="A6"/>
  <move id="31" source="F5" target="F6"/>
  <move id="32" source="A6" target="A5"/>
  <move id="33" source="F6" target="F7"/>
  <move id="34" source="G7" target="H7"/>
  <move id="35" source="F7" target="F8"/>
  <move id="36" source="A5" target="A4"/>
  <move id="37" source="F2" target="F3"/>
  <move id="38" source="A8" target="A7"/>
  <move id="39" source="F3" target="F4"/>
  <move id="40" source="A7" target="A6"/>
  <move id="41" source="F4" target="F5"/>
  <move id="42" source="A6" target="A5"/>
  <move id="43" source="F5" target="F6"/>
  <move id="44" source="A5" target="A4"/>
  <move id="45" source="F6" target="F7"/>
  <move id="46" source="B8" target="B7"/>
  <move id="47" source="H4" target="G4"/>
  <move id="48" source="B7" target="B6"/>
  <move id="49" source="G4" target="F4"/>
  <move id="50" source="B6" target="B5"/>
  <move id="51" source="F4" target="F5"/>
  <move id="52" source="B5" target="A5"/>
  <move id="53" source="F5" target="F6"/>
  <move id="54" source="A5" target="A4"/>
  <move id="55" source="F7" target="F8"/>
  <move id="56" source="G8" target="F8"/>
  <move id="57" source="F6" target="F7"/>
  <move id="58" source="H7" target="F7"/>
  <move id="59" source="H3" target="H4"/>
  <move id="60" source="A4" target="A3"/>
  <move id="61" source="H4" target="G4"/>
  <move id="62" source="A9" target="A8"/>
  <move id="63" source="G4" target="F4"/>
  <move id="64" source="A8" target="A7"/>
  <move id="65" source="F4" target="F5"/>
  <move id="66" source="A7" target="A6"/>
  <move id="67" source="F5" target="F6"/>
  <move id="68" source="A6" target="A5"/>
  <move id="69" source="F6" target="F7"/>
  <move id="70" source="A5" target="A4"/>
  <move id="71" source="F7" target="F8"/>
  <move id="72" source="A4" target="A3"/>
  <move id="73" source="F8" target="E8"/>
  <move id="74" source="D8" target="E8"/>
  <move id="75" source="E7" target="E8"/>
  <move id="76" source="C7" target="B7"/>
  <move id="77" source="I4" target="I5"/>
  <move id="78" source="B7" target="B6"/>
  <move id="79" source="K4" target="I4"/>
  <move id="80" source="B6" target="B5"/>
  <move id="81" source="I4" target="H4"/>
  <move id="82" source="B5" target="B4"/>
  <move id="83" source="H4" target="G4"/>
  <move id="84" source="B4" target="B3"/>
  <move id="85" source="G4" target="F4"/>
  <move id="86" source="A3" target="A2"/>
  <move id="87" source="F4" target="F5"/>
  <move id="88" source="A2" target="A1"/>
  <move id="89" source="F5" target="F6"/>
  <move id="90" source="I7" target="H7"/>
  <move id="91" source="F6" target="F7"/>
  <move id="92" source="H7" target="G7"/>
  <move id="93" source="E8" target="E7"/>
  <move id="94" source="G7" target="G8"/>
  <move id="95" source="E7" target="E8"/>
  <move id="96" source="G8" target="G7"/>
  <move id="97" source="F7" target="F8"/>
  <move id="98" source="G7" target="F7"/>
  <move id="99" source="K3" target="K4"/>
  <move id="100" source="K7" target="K4"/>
  <move id="101" source="F8" target="F7"/>
  <move id="102" source="F7" target="G7"/>
  <move id="103" source="G3" target="G4"/>
  <move id="104" source="G7" target="F7"/>
  <move id="105" source="G4" target="H4"/>
  <move id="106" source="F7" target="G7"/>
  <move id="107" source="H4" target="I4"/>
  <move id="108" source="G7" target="H7"/>
  <move id="109" source="I4" target="K4"/>
  <move id="110" source="H7" target="I7"/>
  <move id="111" source="K4" target="K5"/>
  <move id="112" source="I7" target="H7"/>
  <move id="113" source="K5" target="K6"/>
  <move id="114" source="K8" target="K6"/>
  <move id="115" source="K6" target="K5"/>
  <move id="116" source="H7" target="I7"/>
  <move id="117" source="K5" target="K4"/>
  <move id="118" source="I7" target="K7"/>
  <move id="119" source="K4" target="I4"/>
  <move id="120" source="K7" target="K6"/>
  <move id="121" source="I4" target="H4"/>
  <move id="122" source="K6" target="K7"/>
  <move id="123" source="H4" target="G4"/>
  <move id="124" source="K7" target="I7"/>
  <move id="125" source="E3" target="E4"/>
  <move id="126" source="I7" target="H7"/>
  <move id="127" source="E4" target="E5"/>
  <move id="128" source="H7" target="G7"/>
  <move id="129" source="E5" target="E6"/>
  <move id="130" source="G7" target="F7"/>
  <move id="131" source="E6" target="E7"/>
  <move id="132" source="F7" target="G7"/>
  <move id="133" source="E7" target="F7"/>
  <move id="134" source="G7" target="G8"/>
  <move id="135" source="F7" target="F8"/>
  <move id="136" source="G8" target="G7"/>
  <move id="137" source="F8" target="F9"/>
  <move id="138" source="G7" target="F7"/>
  <move id="139" source="G4" target="F4"/>
  <move id="140" source="F7" target="F6"/>
  <move id="141" source="F4" target="F5"/>
  <move id="142" source="F6" target="F7"/>
  <move id="143" source="F5" target="F4"/>
  <move id="144" source="F7" target="G7"/>
  <move id="145" source="D3" target="E3"/>
  <move id="146" source="G7" target="F7"/>
  <move id="147" source="E3" target="E4"/>
  <move id="148" source="F7" target="F6"/>
  <move id="149" source="E4" target="E5"/>
  <move id="150" source="F6" target="F7"/>
  <move id="151" source="E5" target="E6"/>
  <move id="152" source="I8" target="I7"/>
  <move id="153" source="F4" target="F5"/>
  <move id="154" source="I7" target="I6"/>
  <move id="155" source="F5" target="F6"/>
  <move id="156" source="I6" target="I5"/>
  <move id="157" source="F6" target="F7"/>
  <move id="158" source="K9" target="K8"/>
  <move id="159" source="F7" target="F6"/>
  <move id="160" source="K8" target="K7"/>
  <move id="161" source="E6" target="E7"/>
  <move id="162" source="K7" target="I7"/>
  <move id="163" source="E7" target="F7"/>
  <move id="164" source="I7" target="H7"/>
  <move id="165" source="F6" target="F5"/>
  <move id="166" source="H7" target="G7"/>
  <move id="167" source="F7" target="F8"/>
  <move id="168" source="G7" target="F7"/>
  <move id="169" source="F5" target="F4"/>
  <move id="170" source="F7" target="F6"/>
  <move id="171" source="F4" target="F3"/>
  <move id="172" source="F6" target="F5"/>
  <move id="173" source="F3" target="G3"/>
  <move id="174" source="F5" target="F4"/>
  <move id="175" source="F8" target="F7"/>
  <move id="176" source="F4" target="G4"/>
  <move id="177" source="G3" target="F3"/>
  <move id="178" source="G4" target="F4"/>
  <move id="179" source="F3" target="G3"/>
  <move id="180" source="F4" target="G4"/>
  <move id="181" source="G3" target="F3"/>
  <move id="182" source="G4" target="G3"/>
  <move id="183" source="F3" target="F4"/>
  <move id="184" source="G3" target="F3"/>
  <move id="185" source="F4" target="E4"/>
  <move id="186" source="F3" target="F4"/>
  <move id="187" source="E4" target="E3"/>
  <move id="188" source="F4" target="E4"/>
  <move id="189" source="E3" target="F3"/>
  <move id="190" source="E4" target="E3"/>
  <move id="191" source="F3" target="F4"/>
  <move id="192" source="E3" target="E4"/>
  <move id="193" source="F4" target="F3"/>
  <move id="194" source="E4" target="E3"/>
  <move id="195" source="F3" target="F4"/>
  <move id="196" source="E3" target="D3"/>
  <move id="197" source="F7" target="E7"/>
  <move id="198" source="D3" target="D4"/>
  <move id="199" source="F4" target="F3"/>
  <move id="200" source="D4" target="E4"/>
  <move id="201" source="K2" target="K3"/>
  <move id="202" source="E4" target="F4"/>
  <move id="203" source="F3" target="E3"/>
  <move id="204" source="F4" target="E4"/>
  <move id="205" source="E3" target="F3"/>
  <move id="206" source="E4" target="F4"/>
  <move id="207" source="F3" target="E3"/>
  <move id="208" source="F4" target="F3"/>
  <move id="209" source="E3" target="E4"/>
  <move id="210" source="F3" target="E3"/>
  <move id="211" source="E4" target="F4"/>
  <move id="212" source="E3" target="E4"/>
  <move id="213" source="F4" target="F3"/>
  <move id="214" source="E4" target="E5"/>
  <move id="215" source="K3" target="K4"/>
  <move id="216" source="E5" target="E6"/>
  <move id="217" source="K4" target="K5"/>
  <move id="218" source="E6" target="E5"/>
  <move id="219" source="K5" target="K6"/>
  <move id="220" source="E5" target="E4"/>
  <move id="221" source="K6" target="K7"/>
  <move id="222" source="E4" target="F4"/>
  <move id="223" source="F3" target="E3"/>
  <move id="224" source="F4" target="E4"/>
  <move id="225" source="E3" target="F3"/>
  <move id="226" source="E4" target="F4"/>
  <move id="227" source="F3" target="E3"/>
  <move id="228" source="F4" target="F3"/>
  <move id="229" source="E3" target="E4"/>
  <move id="230" source="F3" target="E3"/>
  <move id="231" source="E4" target="F4"/>
  <move id="232" source="E3" target="E4"/>
  <move id="233" source="F4" target="F3"/>
  <move id="234" source="E4" target="E3"/>
  <move id="235" source="F3" target="F4"/>
  <move id="236" source="E3" target="F3"/>
  <move id="237" source="F4" target="E4"/>
  <move id="238" source="F3" target="F4"/>
  <move id="239" source="E4" target="E3"/>
  <move id="240" source="F4" target="F5"/>
  <move id="241" source="K7" target="I7"/>
  <move id="242" source="F5" target="F4"/>
  <move id="243" source="I7" target="H7"/>
  <move id="244" source="H8" target="H7"/>
  <move id="245" source="I3" target="I4"/>
  <move id="246" source="F4" target="G4"/>
  <move id="247" source="I4" target="I5"/>
  <move id="248" source="G4" target="H4"/>
  <move id="249" source="I5" target="I6"/>
  <move id="250" source="H4" target="I4"/>
  <move id="251" source="I6" target="I7"/>
  <move id="252" source="H7" target="H8"/>
  <move id="253" source="I7" target="I8"/>
  <move id="254" source="H8" target="H7"/>
  <move id="255" source="I8" target="I7"/>
  <move id="256" source="H7" target="H8"/>
  <move id="257" source="I7" target="I8"/>
  <move id="258" source="I4" target="I5"/>
  <move id="259" source="I8" target="H8"/>
  <move id="260" source="I5" target="I4"/>
  <move id="261" source="E7" target="F7"/>
  <move id="262" source="I4" target="I5"/>
  <move id="263" source="F7" target="F8"/>
  <move id="264" source="I5" target="I6"/>
  <move id="265" source="F8" target="G8"/>
  <move id="266" source="G9" target="G8"/>
  <move id="267" source="G8" target="F8"/>
  <move id="268" source="I6" target="I7"/>
  <move id="269" source="F8" target="F7"/>
  <move id="270" source="I7" target="H7"/>
  <move id="271" source="F7" target="F6"/>
  <move id="272" source="H7" target="G7"/>
  <move id="273" source="F6" target="F5"/>
  <move id="274" source="G7" target="F7"/>
  <move id="275" source="F5" target="F4"/>
  <move id="276" source="F7" target="F6"/>
  <move id="277" source="F4" target="G4"/>
  <move id="278" source="F6" target="F5"/>
  <move id="279" source="G4" target="H4"/>
  <move id="280" source="F5" target="F4"/>
  <move id="281" source="H4" target="H3"/>
  <move id="282" source="F4" target="E4"/>
  <move id="283" source="E3" target="F3"/>
  <move id="284" source="E4" target="F4"/>
  <move id="285" source="F3" target="E3"/>
  <move id="286" source="F4" target="E4"/>
  <move id="287" source="E3" target="F3"/>
  <move id="288" source="E4" target="E3"/>
  <move id="289" source="F3" target="F4"/>
  <move id="290" source="E3" target="F3"/>
  <move id="291" source="F4" target="E4"/>
  <move id="292" source="F3" target="G3"/>
  <move id="293" source="G2" target="G3"/>
  <move id="294" source="G3" target="F3"/>
  <move id="295" source="H3" target="G3"/>
  <move id="296" source="F3" target="F2"/>
  <move id="297" source="E4" target="E3"/>
  <move id="298" source="F2" target="F1"/>
  <move id="299" source="E2" target="F2"/>
  <move id="300" source="A:" target="A9"/>
  <move id="301" source="F2" target="F3"/>
  <move id="302" source="A9" target="A8"/>
  <move id="303" source="F3" target="F4"/>
  <move id="304" source="A8" target="A7"/>
  <move id="305" source="F4" target="F5"/>
  <move id="306" source="A7" target="A6"/>
  <move id="307" source="F5" target="F6"/>
  <move id="308" source="A6" target="A5"/>
  <move id="309" source="F6" target="F7"/>
  <move id="310" source="A5" target="A4"/>
  <move id="311" source="F7" target="F8"/>
  <move id="312" source="A4" target="A3"/>
  <move id="313" source="G3" target="F3"/>
  <move id="314" source="A3" target="A2"/>
  <move id="315" source="F3" target="F4"/>
  <move id="316" source="A2" target="A1"/>
  <move id="317" source="F4" target="F5"/>
  <move id="318" source="A1" target="B1"/>
  <move id="319" source="B2" target="B1"/>
  <move id="320" source="B9" target="B8"/>
  <move id="321" source="F5" target="F6"/>
  <move id="322" source="B8" target="B7"/>
  <move id="323" source="F6" target="F7"/>
  <move id="324" source="B7" target="C7"/>
  <move id="325" source="E8" target="E9"/>
  <move id="326" source="H9" target="G9"/>
  <move id="327" source="F8" target="F9"/>
  <move id="328" source="D9" target="E9"/>
  <move id="329" source="F9" target="F:"/>
  <player id="1">Player 1</player>
  <player id="2">Player 2</player>
  <result type="1" winner="1"/>
 </game>
</stratego>