<?xml version="1.0" encoding="UTF-8"?>
<stratego>
 <game type="classic">
  
  <field content="EDFBFBMBEGHDDEBFBFBEDHDHDICJDJGEDIGHKLGIAA__AA__AAAA__AA__AANSSTTNUTRQRNNVSXQOWVNRQPPPPPPPYNQTPUUQRS"/>
  <move id="1" source="K4" target="K5"/>
  <move id="2" source="B7" target="B6"/>
  <move id="3" source="K5" target="K6"/>
  <move id="4" source="C7" target="B7"/>
  <move id="5" source="A4" target="A5"/>
  <move id="6" source="E7" target="E6"/>
  <move id="7" source="E4" target="E5"/>
  <move id="8" source="D7" target="E7"/>
  <move id="9" source="E5" target="E6"/>
  <move id="10" source="E6" target="F6"/>
  <move id="11" source="F4" target="F5"/>
  <move id="12" source="E7" target="E6"/>
  <move id="13" source="F5" target="F6"/>
  <move id="14" source="E8" target="E7"/>
  <move id="15" source="E3" target="E6"/>
  <move id="16" source="E6" target="F6"/>
  <move id="17" source="D3" target="E3"/>
  <move id="18" source="E7" target="E6"/>
  <move id="19" source="E3" target="E4"/>
  <move id="20" source="F8" target="E8"/>
  <move id="21" source="E4" target="E5"/>
  <move id="22" source="E8" target="E7"/>
  <move id="23" source="G4" target="F4"/>
  <move id="24" source="B6" target="A6"/>
  <move id="25" source="F4" target="F5"/>
  <move id="26" source="B7" target="B6"/>
  <move id="27" source="F5" target="F6"/>
  <move id="28" source="E6" target="E5"/>
  <move id="29" source="E5" target="E6"/>
  <move id="30" source="E7" target="E6"/>
  <move id="31" source="F6" target="F5"/>
  <move id="32" source="E6" target="E5"/>
  <move id="33" source="F5" target="F4"/>
  <move id="34" source="E5" target="E4"/>
  <move id="35" source="F4" target="G4"/>
  <move id="36" source="E4" target="D4"/>
  <move id="37" source="F3" target="E3"/>
  <move id="38" source="E9" target="E3"/>
  <move id="39" source="F2" target="F3"/>
  <move id="40" source="D4" target="E4"/>
  <move id="41" source="E3" target="D3"/>
  <move id="42" source="I7" target="I6"/>
  <move id="43" source="K6" target="I6"/>
  <move id="44" source="I8" target="I7"/>
  <move id="45" source="I6" target="K6"/>
  <move id="46" source="I7" target="I6"/>
  <move id="47" source="K6" target="I6"/>
  <move id="48" source="I6" target="I5"/>
  <move id="49" source="I4" target="K4"/>
  <move id="50" source="I5" target="I6"/>
  <move id="51" source="I3" target="I4"/>
  <move id="52" source="I6" target="I7"/>
  <move id="53" source="I4" target="I5"/>
  <move id="54" source="I7" target="I8"/>
  <move id="55" source="I5" target="I6"/>
  <move id="56" source="H7" target="I7"/>
  <move id="57" source="H3" target="I3"/>
  <move id="58" source="H8" target="H7"/>
  <move id="59" source="K4" target="K5"/>
  <move id="60" source="H9" target="H8"/>
  <move id="61" source="I6" target="K6"/>
  <move id="62" source="I9" target="H9"/>
  <move id="63" source="K5" target="I5"/>
  <move id="64" source="K9" target="I9"/>
  <move id="65" source="I5" target="I6"/>
  <move id="66" source="K8" target="K9"/>
  <move id="67" source="K6" target="K7"/>
  <move id="68" source="I8" target="K8"/>
  <move id="69" source="I3" target="I4"/>
  <move id="70" source="I9" target="I8"/>
  <move id="71" source="I4" target="I5"/>
  <move id="72" source="F9" target="E9"/>
  <move id="73" source="I6" target="K6"/>
  <move id="74" source="G9" target="F9"/>
  <move id="75" source="I5" target="I6"/>
  <move id="76" source="F9" target="F8"/>
  <move id="77" source="I6" target="I7"/>
  <move id="78" source="K7" target="K6"/>
  <move id="79" source="K6" target="K5"/>
  <move id="80" source="K9" target="I9"/>
  <move id="81" source="K5" target="K4"/>
  <move id="82" source="K8" target="K7"/>
  <move id="83" source="I7" target="I8"/>
  <move id="84" source="I9" target="I8"/>
  <move id="85" source="H2" target="H3"/>
  <move id="86" source="H8" target="I8"/>
  <move id="87" source="H3" target="I3"/>
  <move id="88" source="I8" target="I3"/>
  <move id="89" source="I3" target="H3"/>
  <move id="90" source="H9" target="I9"/>
  <move id="91" source="K4" target="I4"/>
  <move id="92" source="I9" target="K9"/>
  <move id="93" source="I4" target="I5"/>
  <move id="94" source="K7" target="I7"/>
  <move id="95" source="I5" target="K5"/>
  <move id="96" source="I7" target="K7"/>
  <move id="97" source="K5" target="I5"/>
  <move id="98" source="K7" target="K6"/>
  <move id="99" source="A5" target="A6"/>
  <move id="100" source="B6" target="B5"/>
  <move id="101" source="A3" target="A4"/>
  <move id="102" source="F8" target="E8"/>
  <move id="103" source="A4" target="A5"/>
  <move id="104" source="B5" target="B4"/>
  <move id="105" source="B3" target="B4"/>
  <move id="106" source="E4" target="E5"/>
  <move id="107" source="H4" target="I4"/>
  <move id="108" source="E9" target="I9"/>
  <move id="109" source="I4" target="I3"/>
  <move id="110" source="H7" target="H8"/>
  <move id="111" source="G4" target="H4"/>
  <move id="112" source="H8" target="H9"/>
  <move id="113" source="H4" target="I4"/>
  <move id="114" source="E5" target="E4"/>
  <move id="115" source="I4" target="K4"/>
  <move id="116" source="K6" target="I6"/>
  <move id="117" source="I5" target="I4"/>
  <move id="118" source="E4" target="D4"/>
  <move id="119" source="D3" target="E3"/>
  <move id="120" source="D4" target="E4"/>
  <move id="121" source="E3" target="D3"/>
  <move id="122" source="E4" target="E3"/>
  <move id="123" source="D3" target="D4"/>
  <move id="124" source="E8" target="E4"/>
  <move id="125" source="I4" target="H4"/>
  <move id="126" source="E4" target="E5"/>
  <move id="127" source="K4" target="K5"/>
  <move id="128" source="E3" target="E4"/>
  <move id="129" source="D4" target="D3"/>
  <move id="130" source="G7" target="H7"/>
  <move id="131" source="K5" target="K6"/>
  <move id="132" source="I6" target="K6"/>
  <move id="133" source="K3" target="K4"/>
  <move id="134" source="K9" target="K4"/>
  <move id="135" source="K4" target="K5"/>
  <move id="136" source="H7" target="I7"/>
  <move id="137" source="K5" target="I5"/>
  <move id="138" source="I7" target="K7"/>
  <move id="139" source="I5" target="I6"/>
  <move id="140" source="D8" target="E8"/>
  <move id="141" source="I6" target="I7"/>
  <move id="142" source="K7" target="K6"/>
  <move id="143" source="I7" target="I8"/>
  <move id="144" source="G8" target="F8"/>
  <move id="145" source="I8" target="I9"/>
  <move id="146" source="H9" target="H8"/>
  <move id="147" source="I9" target="I8"/>
  <move id="148" source="H8" target="H7"/>
  <move id="149" source="I8" target="H8"/>
  <move id="150" source="H7" target="G7"/>
  <move id="151" source="H8" target="G8"/>
  <move id="152" source="G7" target="H7"/>
  <move id="153" source="H4" target="I4"/>
  <move id="154" source="F8" target="F9"/>
  <move id="155" source="I4" target="I5"/>
  <move id="156" source="E8" target="F8"/>
  <move id="157" source="G8" target="G7"/>
  <move id="158" source="H7" target="H8"/>
  <move id="159" source="G7" target="H7"/>
  <move id="160" source="H8" target="G8"/>
  <move id="161" source="H7" target="I7"/>
  <move id="162" source="E4" target="E3"/>
  <move id="163" source="D3" target="D4"/>
  <move id="164" source="E5" target="E4"/>
  <move id="165" source="H3" target="H4"/>
  <move id="166" source="K6" target="K5"/>
  <move id="167" source="I5" target="K5"/>
  <move id="168" source="K5" target="K4"/>
  <move id="169" source="H4" target="G4"/>
  <move id="170" source="F9" target="E9"/>
  <move id="171" source="I7" target="K7"/>
  <move id="172" source="K4" target="I4"/>
  <move id="173" source="I3" target="I4"/>
  <move id="174" source="F8" target="E8"/>
  <move id="175" source="G4" target="F4"/>
  <move id="176" source="E8" target="E7"/>
  <move id="177" source="I4" target="H4"/>
  <move id="178" source="E4" target="E5"/>
  <move id="179" source="H4" target="G4"/>
  <move id="180" source="E3" target="D3"/>
  <move id="181" source="D4" target="E4"/>
  <move id="182" source="E7" target="E6"/>
  <move id="183" source="F4" target="F5"/>
  <move id="184" source="D3" target="E3"/>
  <move id="185" source="E4" target="D4"/>
  <move id="186" source="E3" target="E4"/>
  <move id="187" source="D4" target="D3"/>
  <move id="188" source="E4" target="E3"/>
  <move id="189" source="D3" target="D4"/>
  <move id="190" source="E5" target="E4"/>
  <move id="191" source="G4" target="F4"/>
  <move id="192" source="E3" target="D3"/>
  <move id="193" source="D4" target="E4"/>
  <move id="194" source="D3" target="E3"/>
  <move id="195" source="E4" target="D4"/>
  <move id="196" source="E6" target="F6"/>
  <move id="197" source="F5" target="E5"/>
  <move id="198" source="F6" target="E6"/>
  <move id="199" source="E5" target="F5"/>
  <move id="200" source="E6" target="F6"/>
  <move id="201" source="K7" target="I7"/>
  <move id="202" source="G8" target="F8"/>
  <move id="203" source="I7" target="H7"/>
  <move id="204" source="F8" target="E8"/>
  <move id="205" source="H7" target="G7"/>
  <move id="206" source="E8" target="E7"/>
  <move id="207" source="G7" target="G8"/>
  <move id="208" source="E3" target="D3"/>
  <move id="209" source="D4" target="E4"/>
  <move id="210" source="E7" target="E6"/>
  <move id="211" source="G8" target="F8"/>
  <move id="212" source="D3" target="D4"/>
  <move id="213" source="E4" target="E3"/>
  <move id="214" source="D4" target="E4"/>
  <move id="215" source="E3" target="D3"/>
  <move id="216" source="E4" target="E5"/>
  <move id="217" source="F8" target="E8"/>
  <move id="218" source="E5" target="F5"/>
  <move id="219" source="F4" target="E4"/>
  <move id="220" source="F5" target="F4"/>
  <move id="221" source="E4" target="F4"/>
  <move id="222" source="E6" target="E5"/>
  <move id="223" source="F3" target="F4"/>
  <move id="224" source="F6" target="F5"/>
  <move id="225" source="F4" target="E4"/>
  <move id="226" source="E5" target="E6"/>
  <move id="227" source="G3" target="H3"/>
  <move id="228" source="F5" target="E5"/>
  <move id="229" source="E4" target="F4"/>
  <move id="230" source="E6" target="F6"/>
  <move id="231" source="H3" target="I3"/>
  <move id="232" source="F6" target="F5"/>
  <move id="233" source="I3" target="I4"/>
  <move id="234" source="G:" target="G9"/>
  <move id="235" source="E8" target="F8"/>
  <move id="236" source="G9" target="H9"/>
  <move id="237" source="F8" target="G8"/>
  <move id="238" source="F5" target="F4"/>
  <move id="239" source="I4" target="I5"/>
  <move id="240" source="D9" target="D8"/>
  <move id="241" source="I5" target="I6"/>
  <move id="242" source="D8" target="D7"/>
  <move id="243" source="I6" target="I7"/>
  <move id="244" source="H9" target="I9"/>
  <move id="245" source="G8" target="H8"/>
  <move id="246" source="F:" target="F9"/>
  <move id="247" source="I7" target="H7"/>
  <move id="248" source="F9" target="F8"/>
  <move id="249" source="H7" target="G7"/>
  <move id="250" source="E5" target="F5"/>
  <move id="251" source="F4" target="G4"/>
  <move id="252" source="F8" target="E8"/>
  <move id="253" source="G7" target="G8"/>
  <move id="254" source="F5" target="F4"/>
  <move id="255" source="G4" target="H4"/>
  <move id="256" source="F4" target="F3"/>
  <move id="257" source="D3" target="D4"/>
  <move id="258" source="F3" target="E3"/>
  <move id="259" source="G8" target="G9"/>
  <move id="260" source="E8" target="E7"/>
  <move id="261" source="G9" target="H9"/>
  <move id="262" source="D7" target="D8"/>
  <move id="263" source="H9" target="H:"/>
  <move id="264" source="H:" target="G:"/>
  <move id="265" source="H8" target="I8"/>
  <move id="266" source="I9" target="K9"/>
  <move id="267" source="H4" target="I4"/>
  <move id="268" source="E7" target="D7"/>
  <move id="269" source="I4" target="I5"/>
  <move id="270" source="D7" target="C7"/>
  <move id="271" source="I5" target="I6"/>
  <move id="272" source="C7" target="B7"/>
  <move id="273" source="I6" target="I7"/>
  <move id="274" source="B7" target="B6"/>
  <move id="275" source="I7" target="H7"/>
  <move id="276" source="B6" target="B5"/>
  <move id="277" source="H7" target="G7"/>
  <move id="278" source="B5" target="B4"/>
  <move id="279" source="G7" target="G8"/>
  <move id="280" source="B4" target="B5"/>
  <move id="281" source="A5" target="A4"/>
  <move id="282" source="D8" target="D7"/>
  <move id="283" source="G8" target="G9"/>
  <move id="284" source="D7" target="C7"/>
  <move id="285" source="G9" target="G:"/>
  <move id="286" source="E9" target="E8"/>
  <move id="287" source="I8" target="I9"/>
  <move id="288" source="K9" target="K8"/>
  <move id="289" source="I9" target="H9"/>
  <move id="290" source="C7" target="B7"/>
  <move id="291" source="H9" target="G9"/>
  <move id="292" source="E8" target="E7"/>
  <move id="293" source="G9" target="G8"/>
  <move id="294" source="E7" target="E6"/>
  <move id="295" source="G8" target="F8"/>
  <move id="296" source="B5" target="A5"/>
  <move id="297" source="A4" target="B4"/>
  <move id="298" source="B7" target="B6"/>
  <move id="299" source="G:" target="G9"/>
  <move id="300" source="E6" target="E5"/>
  <move id="301" source="F8" target="E8"/>
  <move id="302" source="A5" target="A4"/>
  <move id="303" source="B4" target="B5"/>
  <move id="304" source="B6" target="A6"/>
  <move id="305" source="G9" target="F9"/>
  <move id="306" source="D:" target="D9"/>
  <move id="307" source="F9" target="F8"/>
  <move id="308" source="E5" target="E4"/>
  <move id="309" source="E8" target="D8"/>
  <move id="310" source="D9" target="E9"/>
  <move id="311" source="F8" target="E8"/>
  <move id="312" source="A4" target="B4"/>
  <move id="313" source="B5" target="A5"/>
  <move id="314" source="B4" target="B5"/>
  <move id="315" source="A5" target="A4"/>
  <move id="316" source="B5" target="B4"/>
  <move id="317" source="A4" target="A5"/>
  <move id="318" source="B4" target="B5"/>
  <move id="319" source="A5" target="A4"/>
  <move id="320" source="A6" target="A5"/>
  <move id="321" source="E8" target="E7"/>
  <move id="322" source="E4" target="F4"/>
  <move id="323" source="E7" target="D7"/>
  <move id="324" source="B5" target="B4"/>
  <move id="325" source="A4" target="A3"/>
  <move id="326" source="B4" target="A4"/>
  <move id="327" source="A3" target="B3"/>
  <move id="328" source="A5" target="B5"/>
  <move id="329" source="D7" target="C7"/>
  <move id="330" source="B5" target="B4"/>
  <move id="331" source="C7" target="C8"/>
  <move id="332" source="B4" target="C4"/>
  <move id="333" source="D8" target="D7"/>
  <move id="334" source="F4" target="F3"/>
  <move id="335" source="D7" target="C7"/>
  <move id="336" source="F3" target="G3"/>
  <move id="337" source="B3" target="B8"/>
  <move id="338" source="A4" target="B4"/>
  <move id="339" source="D4" target="C4"/>
  <move id="340" source="G3" target="G2"/>
  <move id="341" source="C4" target="B4"/>
  <move id="342" source="G2" target="F2"/>
  <move id="343" source="B2" target="B7"/>
  <move id="344" source="F2" target="E2"/>
  <move id="345" source="D2" target="E2"/>
  <move id="346" source="E9" target="F9"/>
  <move id="347" source="B7" target="B6"/>
  <move id="348" source="E3" target="D3"/>
  <move id="349" source="E1" target="E2"/>
  <move id="350" source="D3" target="E3"/>
  <move id="351" source="E2" target="F2"/>
  <move id="352" source="E3" target="F3"/>
  <move id="353" source="F2" target="G2"/>
  <move id="354" source="F3" target="G3"/>
  <move id="355" source="G2" target="F2"/>
  <move id="356" source="K8" target="K7"/>
  <move id="357" source="C7" target="B7"/>
  <move id="358" source="K7" target="K6"/>
  <move id="359" source="B6" target="A6"/>
  <move id="360" source="K6" target="K5"/>
  <move id="361" source="A6" target="A7"/>
  <move id="362" source="K5" target="K4"/>
  <move id="363" source="B7" target="C7"/>
  <move id="364" source="K4" target="I4"/>
  <move id="365" source="C7" target="D7"/>
  <move id="366" source="I4" target="H4"/>
  <move id="367" source="D7" target="D8"/>
  <move id="368" source="G3" target="F3"/>
  <move id="369" source="F2" target="G2"/>
  <move id="370" source="H4" target="H3"/>
  <move id="371" source="D8" target="D9"/>
  <move id="372" source="H3" target="H2"/>
  <move id="373" source="G2" target="H2"/>
  <move id="374" source="E:" target="E2"/>
  <move id="375" source="C2" target="E2"/>
  <move id="376" source="F9" target="F8"/>
  <move id="377" source="D9" target="E9"/>
  <move id="378" source="I:" target="I9"/>
  <move id="379" source="A2" target="A3"/>
  <move id="380" source="I9" target="I8"/>
  <move id="381" source="A3" target="A4"/>
  <move id="382" source="I8" target="I7"/>
  <move id="383" source="A4" target="A5"/>
  <move id="384" source="I7" target="I6"/>
  <move id="385" source="A5" target="A6"/>
  <move id="386" source="H2" target="H3"/>
  <move id="387" source="A6" target="B6"/>
  <move id="388" source="I6" target="I5"/>
  <move id="389" source="B6" target="B7"/>
  <move id="390" source="I5" target="I4"/>
  <move id="391" source="B7" target="C7"/>
  <move id="392" source="I4" target="H4"/>
  <move id="393" source="C7" target="D7"/>
  <move id="394" source="H4" target="G4"/>
  <move id="395" source="D7" target="D8"/>
  <move id="396" source="G4" target="G3"/>
  <move id="397" source="D8" target="D9"/>
  <move id="398" source="G3" target="G2"/>
  <move id="399" source="D9" target="C9"/>
  <move id="400" source="G2" target="G1"/>
  <player id="1">Player 1</player>
  <player id="2">Player 2</player>
  <result type="1" winner="2"/>
 </game>
</stratego>