<?xml version="1.0" encoding="UTF-8"?>
<stratego>
 <game type="classic">
  
  <field content="JFDHIHLMBFKGDDDHFEGEHGBEGJEIBDBFBIBCEDDDAA__AA__AAAA__AA__AATRUVSRXQPTQPQPUPUWSPNTNSNTSOPPRNRNYNQVQP"/>
  <move id="1" source="I4" target="I7"/>
  <move id="2" source="K7" target="K6"/>
  <move id="3" source="H4" target="I4"/>
  <move id="4" source="K6" target="K5"/>
  <move id="5" source="G4" target="H4"/>
  <move id="6" source="A7" target="A6"/>
  <move id="7" source="F4" target="G4"/>
  <move id="8" source="A6" target="A5"/>
  <move id="9" source="F3" target="F4"/>
  <move id="10" source="A5" target="A4"/>
  <move id="11" source="G3" target="F3"/>
  <move id="12" source="B7" target="B6"/>
  <move id="13" source="G4" target="G3"/>
  <move id="14" source="B6" target="B5"/>
  <move id="15" source="F4" target="G4"/>
  <move id="16" source="B5" target="B4"/>
  <move id="17" source="F3" target="F4"/>
  <move id="18" source="B8" target="B3"/>
  <move id="19" source="F4" target="F5"/>
  <move id="20" source="C7" target="B7"/>
  <move id="21" source="F2" target="F3"/>
  <move id="22" source="B7" target="B6"/>
  <move id="23" source="F3" target="F4"/>
  <move id="24" source="B6" target="B5"/>
  <move id="25" source="F5" target="F6"/>
  <move id="26" source="B5" target="B4"/>
  <move id="27" source="F6" target="E6"/>
  <move id="28" source="K5" target="I5"/>
  <move id="29" source="F4" target="F5"/>
  <move id="30" source="K8" target="K4"/>
  <move id="31" source="G2" target="F2"/>
  <move id="32" source="I5" target="K5"/>
  <move id="33" source="G1" target="G2"/>
  <move id="34" source="K5" target="K4"/>
  <move id="35" source="F1" target="G1"/>
  <move id="36" source="H7" target="I7"/>
  <move id="37" source="F2" target="F1"/>
  <move id="38" source="I7" target="K7"/>
  <move id="39" source="E2" target="F2"/>
  <move id="40" source="G7" target="H7"/>
  <move id="41" source="F2" target="F3"/>
  <move id="42" source="H7" target="I7"/>
  <move id="43" source="E6" target="F6"/>
  <move id="44" source="I7" target="I6"/>
  <move id="45" source="F6" target="F7"/>
  <move id="46" source="I6" target="I5"/>
  <move id="47" source="F5" target="E5"/>
  <move id="48" source="K4" target="I4"/>
  <move id="49" source="E5" target="E6"/>
  <move id="50" source="I4" target="I3"/>
  <move id="51" source="E6" target="E7"/>
  <move id="52" source="D7" target="E7"/>
  <move id="53" source="F3" target="F2"/>
  <move id="54" source="F7" target="F6"/>
  <move id="55" source="E3" target="F3"/>
  <move id="56" source="F6" target="F5"/>
  <move id="57" source="F3" target="F4"/>
  <move id="58" source="I5" target="I6"/>
  <move id="59" source="F4" target="F5"/>
  <move id="60" source="I6" target="I7"/>
  <move id="61" source="B3" target="B4"/>
  <move id="62" source="B4" target="B5"/>
  <move id="63" source="B2" target="B3"/>
  <move id="64" source="B5" target="A5"/>
  <move id="65" source="B3" target="B4"/>
  <move id="66" source="A5" target="A6"/>
  <move id="67" source="B4" target="B5"/>
  <move id="68" source="I7" target="H7"/>
  <move id="69" source="B5" target="B6"/>
  <move id="70" source="A6" target="A5"/>
  <move id="71" source="B6" target="B7"/>
  <move id="72" source="D8" target="D7"/>
  <move id="73" source="B7" target="C7"/>
  <move id="74" source="D7" target="C7"/>
  <move id="75" source="C7" target="C8"/>
  <move id="76" source="E7" target="D7"/>
  <move id="77" source="C8" target="C9"/>
  <move id="78" source="F8" target="F7"/>
  <move id="79" source="B1" target="B2"/>
  <move id="80" source="F7" target="E7"/>
  <move id="81" source="B2" target="B3"/>
  <move id="82" source="A5" target="A6"/>
  <move id="83" source="B3" target="B4"/>
  <move id="84" source="E7" target="E4"/>
  <move id="85" source="B4" target="B5"/>
  <move id="86" source="D9" target="D8"/>
  <move id="87" source="B5" target="B6"/>
  <move id="88" source="A6" target="A5"/>
  <move id="89" source="B6" target="B7"/>
  <move id="90" source="D8" target="C8"/>
  <move id="91" source="B7" target="A7"/>
  <move id="92" source="C8" target="B8"/>
  <move id="93" source="A2" target="B2"/>
  <move id="94" source="B8" target="B7"/>
  <move id="95" source="A7" target="A8"/>
  <move id="96" source="I8" target="I7"/>
  <move id="97" source="B2" target="B3"/>
  <move id="98" source="I7" target="I6"/>
  <move id="99" source="B3" target="B4"/>
  <move id="100" source="A5" target="A6"/>
  <move id="101" source="A8" target="A9"/>
  <move id="102" source="B7" target="C7"/>
  <move id="103" source="B4" target="B5"/>
  <move id="104" source="D7" target="E7"/>
  <move id="105" source="B5" target="B6"/>
  <move id="106" source="A6" target="A5"/>
  <move id="107" source="A1" target="A2"/>
  <move id="108" source="I6" target="K6"/>
  <move id="109" source="A2" target="B2"/>
  <move id="110" source="E7" target="E6"/>
  <move id="111" source="B2" target="B3"/>
  <move id="112" source="H7" target="G7"/>
  <move id="113" source="B6" target="A6"/>
  <move id="114" source="A5" target="B5"/>
  <move id="115" source="B3" target="B4"/>
  <move id="116" source="G7" target="F7"/>
  <move id="117" source="B4" target="B5"/>
  <move id="118" source="E6" target="E5"/>
  <move id="119" source="F5" target="F4"/>
  <move id="120" source="F7" target="F6"/>
  <move id="121" source="F2" target="E2"/>
  <move id="122" source="F6" target="F5"/>
  <move id="123" source="G2" target="F2"/>
  <move id="124" source="E5" target="E6"/>
  <move id="125" source="F2" target="F3"/>
  <move id="126" source="E6" target="E7"/>
  <move id="127" source="E2" target="F2"/>
  <move id="128" source="C7" target="C8"/>
  <move id="129" source="B5" target="B4"/>
  <move id="130" source="E7" target="D7"/>
  <move id="131" source="B4" target="B3"/>
  <move id="132" source="D7" target="C7"/>
  <move id="133" source="B3" target="B2"/>
  <move id="134" source="C7" target="B7"/>
  <move id="135" source="B2" target="A2"/>
  <move id="136" source="K6" target="K5"/>
  <move id="137" source="C2" target="B2"/>
  <move id="138" source="K5" target="K4"/>
  <move id="139" source="B2" target="B7"/>
  <move id="140" source="K4" target="K3"/>
  <move id="141" source="A6" target="A7"/>
  <move id="142" source="B7" target="A7"/>
  <move id="143" source="A7" target="A6"/>
  <move id="144" source="K3" target="K2"/>
  <move id="145" source="I2" target="K2"/>
  <move id="146" source="I9" target="I4"/>
  <move id="147" source="H4" target="I4"/>
  <move id="148" source="G8" target="G7"/>
  <move id="149" source="C1" target="B1"/>
  <move id="150" source="G7" target="H7"/>
  <move id="151" source="G3" target="G2"/>
  <move id="152" source="H7" target="I7"/>
  <move id="153" source="G4" target="G3"/>
  <move id="154" source="I7" target="I6"/>
  <move id="155" source="F4" target="G4"/>
  <move id="156" source="I6" target="I5"/>
  <move id="157" source="G4" target="H4"/>
  <move id="158" source="I5" target="K5"/>
  <move id="159" source="G3" target="G4"/>
  <move id="160" source="K5" target="K4"/>
  <move id="161" source="F3" target="G3"/>
  <move id="162" source="K4" target="K3"/>
  <move id="163" source="F2" target="F3"/>
  <move id="164" source="K3" target="K2"/>
  <move id="165" source="G2" target="F2"/>
  <move id="166" source="F5" target="E5"/>
  <move id="167" source="F3" target="F4"/>
  <move id="168" source="K7" target="I7"/>
  <move id="169" source="K1" target="K2"/>
  <move id="170" source="K2" target="K1"/>
  <move id="171" source="H2" target="I2"/>
  <move id="172" source="K1" target="I1"/>
  <move id="173" source="I2" target="K2"/>
  <move id="174" source="E5" target="F5"/>
  <move id="175" source="G3" target="F3"/>
  <move id="176" source="I7" target="H7"/>
  <move id="177" source="A6" target="A5"/>
  <move id="178" source="H8" target="I8"/>
  <move id="179" source="A2" target="A1"/>
  <move id="180" source="I8" target="I7"/>
  <move id="181" source="K2" target="K1"/>
  <move id="182" source="I7" target="I6"/>
  <move id="183" source="I4" target="K4"/>
  <move id="184" source="I6" target="K6"/>
  <move id="185" source="F2" target="G2"/>
  <move id="186" source="K6" target="K5"/>
  <move id="187" source="G2" target="G3"/>
  <move id="188" source="K5" target="K4"/>
  <move id="189" source="A5" target="B5"/>
  <move id="190" source="K4" target="K3"/>
  <move id="191" source="F3" target="F2"/>
  <move id="192" source="K3" target="K2"/>
  <move id="193" source="F2" target="G2"/>
  <move id="194" source="K2" target="K1"/>
  <move id="195" source="G3" target="F3"/>
  <move id="196" source="K1" target="K2"/>
  <move id="197" source="H4" target="I4"/>
  <move id="198" source="K2" target="K3"/>
  <move id="199" source="I4" target="I5"/>
  <move id="200" source="K3" target="K4"/>
  <move id="201" source="I5" target="I6"/>
  <move id="202" source="K4" target="I4"/>
  <move id="203" source="G2" target="G3"/>
  <move id="204" source="F5" target="F4"/>
  <move id="205" source="F3" target="F4"/>
  <move id="206" source="I4" target="I5"/>
  <move id="207" source="I6" target="I7"/>
  <move id="208" source="I5" target="I6"/>
  <move id="209" source="I7" target="H7"/>
  <move id="210" source="I6" target="I7"/>
  <move id="211" source="H7" target="H8"/>
  <move id="212" source="I7" target="H7"/>
  <move id="213" source="H8" target="I8"/>
  <move id="214" source="H7" target="G7"/>
  <move id="215" source="F4" target="F3"/>
  <move id="216" source="K9" target="K2"/>
  <move id="217" source="H3" target="H2"/>
  <move id="218" source="K2" target="K4"/>
  <move id="219" source="I8" target="I7"/>
  <move id="220" source="K4" target="G4"/>
  <move id="221" source="B5" target="B6"/>
  <move id="222" source="G7" target="H7"/>
  <move id="223" source="I7" target="I6"/>
  <move id="224" source="H7" target="I7"/>
  <move id="225" source="I6" target="I5"/>
  <move id="226" source="I7" target="I6"/>
  <move id="227" source="I5" target="I4"/>
  <move id="228" source="I6" target="I5"/>
  <move id="229" source="I4" target="H4"/>
  <move id="230" source="I5" target="I4"/>
  <move id="231" source="G3" target="H3"/>
  <move id="232" source="I4" target="K4"/>
  <move id="233" source="H2" target="G2"/>
  <move id="234" source="K4" target="I4"/>
  <move id="235" source="B6" target="B7"/>
  <move id="236" source="I:" target="I9"/>
  <move id="237" source="F3" target="E3"/>
  <move id="238" source="I9" target="K9"/>
  <move id="239" source="G4" target="G3"/>
  <move id="240" source="K9" target="K8"/>
  <move id="241" source="G2" target="F2"/>
  <move id="242" source="K8" target="K7"/>
  <move id="243" source="G3" target="G2"/>
  <move id="244" source="K7" target="K6"/>
  <move id="245" source="G2" target="H2"/>
  <move id="246" source="K6" target="K5"/>
  <move id="247" source="H2" target="I2"/>
  <move id="248" source="I4" target="K4"/>
  <move id="249" source="I2" target="H2"/>
  <move id="250" source="K4" target="K3"/>
  <move id="251" source="H4" target="I4"/>
  <move id="252" source="K3" target="K4"/>
  <move id="253" source="I4" target="I5"/>
  <move id="254" source="K5" target="K6"/>
  <move id="255" source="B7" target="C7"/>
  <move id="256" source="C8" target="B8"/>
  <move id="257" source="C7" target="D7"/>
  <move id="258" source="K4" target="K5"/>
  <move id="259" source="I5" target="I6"/>
  <move id="260" source="K6" target="K7"/>
  <move id="261" source="D7" target="E7"/>
  <move id="262" source="K5" target="I5"/>
  <move id="263" source="I6" target="K6"/>
  <move id="264" source="K7" target="I7"/>
  <move id="265" source="E7" target="F7"/>
  <move id="266" source="I5" target="I4"/>
  <move id="267" source="F7" target="G7"/>
  <move id="268" source="I4" target="H4"/>
  <move id="269" source="H3" target="H4"/>
  <player id="1">Player 1</player>
  <player id="2">Player 2</player>
  <result type="3" winner="1"/>
 </game>
</stratego>