<?xml version="1.0" encoding="UTF-8"?>
<stratego>
 <game type="classic">
  
  <field content="EDMEBFBFEDDDHIBGBGBDKHCJDEBEDHIGLJHFIDGFAA__AA__AAAA__AA__AARSVPRSTQSPUPWOPPPXPRQNNNTUVYTQQNRNTUQPNS"/>
  <move id="1" source="E4" target="E5"/>
  <move id="2" source="B7" target="B6"/>
  <move id="3" source="E5" target="E6"/>
  <move id="4" source="B6" target="B5"/>
  <move id="5" source="D4" target="E4"/>
  <move id="6" source="B8" target="B7"/>
  <move id="7" source="E4" target="E5"/>
  <move id="8" source="B7" target="B6"/>
  <move id="9" source="F4" target="F5"/>
  <move id="10" source="B6" target="A6"/>
  <move id="11" source="F5" target="F6"/>
  <move id="12" source="A6" target="A4"/>
  <move id="13" source="G4" target="F4"/>
  <move id="14" source="C7" target="B7"/>
  <move id="15" source="F4" target="F5"/>
  <move id="16" source="B7" target="B6"/>
  <move id="17" source="B4" target="B5"/>
  <move id="18" source="B6" target="B5"/>
  <move id="19" source="B3" target="B4"/>
  <move id="20" source="B5" target="A5"/>
  <move id="21" source="C3" target="B3"/>
  <move id="22" source="D7" target="C7"/>
  <move id="23" source="E6" target="E7"/>
  <move id="24" source="C8" target="B8"/>
  <move id="25" source="F6" target="F7"/>
  <move id="26" source="F7" target="F6"/>
  <move id="27" source="F5" target="F6"/>
  <move id="28" source="G7" target="F7"/>
  <move id="29" source="E5" target="E6"/>
  <move id="30" source="F7" target="E7"/>
  <move id="31" source="E6" target="E5"/>
  <move id="32" source="E8" target="E5"/>
  <move id="33" source="F6" target="F5"/>
  <move id="34" source="C7" target="B7"/>
  <move id="35" source="E5" target="E4"/>
  <move id="36" source="F8" target="F7"/>
  <move id="37" source="E4" target="D4"/>
  <move id="38" source="F7" target="E7"/>
  <move id="39" source="F5" target="E5"/>
  <move id="40" source="G8" target="F8"/>
  <move id="41" source="E3" target="E4"/>
  <move id="42" source="G9" target="G8"/>
  <move id="43" source="E4" target="F4"/>
  <move id="44" source="F8" target="F7"/>
  <move id="45" source="E5" target="E6"/>
  <move id="46" source="G8" target="F8"/>
  <move id="47" source="E6" target="E7"/>
  <move id="48" source="B7" target="B6"/>
  <move id="49" source="E7" target="E6"/>
  <move id="50" source="F8" target="E8"/>
  <move id="51" source="E6" target="F6"/>
  <move id="52" source="F7" target="F8"/>
  <move id="53" source="F4" target="E4"/>
  <move id="54" source="B6" target="B7"/>
  <move id="55" source="E4" target="E5"/>
  <move id="56" source="B7" target="C7"/>
  <move id="57" source="F6" target="F7"/>
  <move id="58" source="C7" target="D7"/>
  <move id="59" source="E5" target="E7"/>
  <move id="60" source="D7" target="E7"/>
  <move id="61" source="F3" target="E3"/>
  <move id="62" source="H8" target="G8"/>
  <move id="63" source="F7" target="F6"/>
  <move id="64" source="E8" target="E7"/>
  <move id="65" source="F2" target="F3"/>
  <move id="66" source="F8" target="E8"/>
  <move id="67" source="F3" target="F4"/>
  <move id="68" source="E7" target="E6"/>
  <move id="69" source="F6" target="F5"/>
  <move id="70" source="E6" target="E5"/>
  <move id="71" source="E3" target="E4"/>
  <move id="72" source="E8" target="E7"/>
  <move id="73" source="E4" target="E5"/>
  <move id="74" source="E5" target="F5"/>
  <move id="75" source="F4" target="G4"/>
  <move id="76" source="E7" target="E4"/>
  <move id="77" source="D4" target="E4"/>
  <move id="78" source="B8" target="B7"/>
  <move id="79" source="D3" target="E3"/>
  <move id="80" source="B7" target="C7"/>
  <move id="81" source="E3" target="F3"/>
  <move id="82" source="C7" target="D7"/>
  <move id="83" source="F3" target="F4"/>
  <move id="84" source="F5" target="E5"/>
  <move id="85" source="E4" target="E3"/>
  <move id="86" source="D7" target="E7"/>
  <move id="87" source="C4" target="D4"/>
  <move id="88" source="E5" target="E6"/>
  <move id="89" source="F4" target="F5"/>
  <move id="90" source="E7" target="E8"/>
  <move id="91" source="D4" target="E4"/>
  <move id="92" source="E6" target="E7"/>
  <move id="93" source="F5" target="F6"/>
  <move id="94" source="H7" target="G7"/>
  <move id="95" source="E4" target="E5"/>
  <move id="96" source="G7" target="F7"/>
  <move id="97" source="E5" target="E6"/>
  <move id="98" source="E7" target="D7"/>
  <move id="99" source="E6" target="E7"/>
  <move id="100" source="D7" target="C7"/>
  <move id="101" source="F6" target="F7"/>
  <move id="102" source="F9" target="F8"/>
  <move id="103" source="E7" target="D7"/>
  <move id="104" source="D8" target="D7"/>
  <move id="105" source="F7" target="G7"/>
  <player id="1">Player 1</player>
  <player id="2">Player 2</player>
  <result type="3" winner="2"/>
 </game>
</stratego>