<?xml version="1.0" encoding="UTF-8"?>
<stratego>
 <game type="classic">
  
  <field content="MBEEDDEFDFBDJBJIBBEBIDICGEDHDFGHLKHGDHFGAA__AA__AAAA__AA__AARSPXPUQTPRPUNNSTNVSPRSVOWPRPQTPTNQYQUQNN"/>
  <move id="1" source="E4" target="E5"/>
  <move id="2" source="F7" target="F6"/>
  <move id="3" source="E5" target="E6"/>
  <move id="4" source="F6" target="E6"/>
  <move id="5" source="F4" target="F5"/>
  <move id="6" source="A7" target="A6"/>
  <move id="7" source="G4" target="F4"/>
  <move id="8" source="E6" target="F6"/>
  <move id="9" source="F5" target="E5"/>
  <move id="10" source="F6" target="E6"/>
  <move id="11" source="E5" target="E4"/>
  <move id="12" source="E6" target="E5"/>
  <move id="13" source="F4" target="F5"/>
  <move id="14" source="E5" target="F5"/>
  <move id="15" source="F3" target="F4"/>
  <move id="16" source="F5" target="E5"/>
  <move id="17" source="F4" target="G4"/>
  <move id="18" source="E7" target="F7"/>
  <move id="19" source="F2" target="F3"/>
  <move id="20" source="F7" target="F3"/>
  <move id="21" source="F3" target="F2"/>
  <move id="22" source="E5" target="E6"/>
  <move id="23" source="E3" target="F3"/>
  <move id="24" source="E6" target="E7"/>
  <move id="25" source="F3" target="F4"/>
  <move id="26" source="G7" target="F7"/>
  <move id="27" source="F4" target="F5"/>
  <move id="28" source="F7" target="F6"/>
  <move id="29" source="F5" target="F6"/>
  <move id="30" source="E7" target="E6"/>
  <move id="31" source="F6" target="F7"/>
  <move id="32" source="F8" target="F7"/>
  <move id="33" source="G3" target="F3"/>
  <move id="34" source="F7" target="G7"/>
  <move id="35" source="F3" target="F4"/>
  <move id="36" source="E6" target="E5"/>
  <move id="37" source="F4" target="F5"/>
  <move id="38" source="E5" target="E6"/>
  <move id="39" source="F5" target="F6"/>
  <move id="40" source="D7" target="E7"/>
  <move id="41" source="E4" target="E3"/>
  <move id="42" source="F9" target="F6"/>
  <move id="43" source="F2" target="F3"/>
  <move id="44" source="E6" target="F6"/>
  <move id="45" source="F3" target="F4"/>
  <move id="46" source="E7" target="E6"/>
  <move id="47" source="E3" target="E4"/>
  <move id="48" source="F6" target="F5"/>
  <move id="49" source="F4" target="F5"/>
  <move id="50" source="E6" target="E5"/>
  <move id="51" source="E4" target="E5"/>
  <move id="52" source="E5" target="E4"/>
  <move id="53" source="H3" target="G3"/>
  <move id="54" source="E4" target="D4"/>
  <move id="55" source="D3" target="D4"/>
  <move id="56" source="A6" target="A5"/>
  <move id="57" source="A4" target="A5"/>
  <move id="58" source="B7" target="B6"/>
  <move id="59" source="A5" target="A6"/>
  <move id="60" source="B6" target="A6"/>
  <move id="61" source="B4" target="B5"/>
  <move id="62" source="B8" target="B7"/>
  <move id="63" source="E2" target="E3"/>
  <move id="64" source="B7" target="B6"/>
  <move id="65" source="B5" target="B4"/>
  <move id="66" source="B6" target="B5"/>
  <move id="67" source="E3" target="E4"/>
  <move id="68" source="B9" target="B8"/>
  <move id="69" source="E4" target="E5"/>
  <move id="70" source="B8" target="B7"/>
  <move id="71" source="E5" target="E6"/>
  <move id="72" source="B7" target="B6"/>
  <move id="73" source="E6" target="E7"/>
  <move id="74" source="E8" target="E7"/>
  <move id="75" source="B4" target="B5"/>
  <move id="76" source="B5" target="A5"/>
  <move id="77" source="B3" target="B6"/>
  <move id="78" source="C9" target="B9"/>
  <move id="79" source="C4" target="B4"/>
  <move id="80" source="B9" target="B8"/>
  <move id="81" source="B4" target="A4"/>
  <move id="82" source="A5" target="B5"/>
  <move id="83" source="C3" target="D3"/>
  <move id="84" source="A8" target="A4"/>
  <move id="85" source="C2" target="C3"/>
  <move id="86" source="E9" target="E8"/>
  <move id="87" source="C3" target="C4"/>
  <move id="88" source="E8" target="E7"/>
  <move id="89" source="A4" target="A5"/>
  <move id="90" source="B5" target="B4"/>
  <move id="91" source="C4" target="B4"/>
  <move id="92" source="E7" target="E6"/>
  <move id="93" source="A5" target="A6"/>
  <move id="94" source="B6" target="B5"/>
  <move id="95" source="B4" target="B5"/>
  <move id="96" source="E6" target="E5"/>
  <move id="97" source="B5" target="A5"/>
  <move id="98" source="E5" target="E4"/>
  <move id="99" source="G3" target="F3"/>
  <move id="100" source="E4" target="D4"/>
  <move id="101" source="A6" target="A7"/>
  <move id="102" source="D4" target="D3"/>
  <move id="103" source="A7" target="A8"/>
  <move id="104" source="B8" target="B7"/>
  <move id="105" source="A5" target="B5"/>
  <move id="106" source="D3" target="E3"/>
  <move id="107" source="F3" target="F4"/>
  <move id="108" source="E3" target="E4"/>
  <move id="109" source="F4" target="F5"/>
  <move id="110" source="E4" target="F4"/>
  <move id="111" source="F5" target="F6"/>
  <move id="112" source="F4" target="G4"/>
  <move id="113" source="F6" target="F7"/>
  <move id="114" source="G4" target="F4"/>
  <move id="115" source="B5" target="B6"/>
  <move id="116" source="F4" target="F5"/>
  <move id="117" source="B6" target="B7"/>
  <move id="118" source="F5" target="F6"/>
  <move id="119" source="F7" target="G7"/>
  <move id="120" source="F6" target="F5"/>
  <move id="121" source="A8" target="B8"/>
  <move id="122" source="F5" target="F4"/>
  <move id="123" source="B2" target="B7"/>
  <move id="124" source="F:" target="F9"/>
  <move id="125" source="B7" target="C7"/>
  <move id="126" source="F9" target="F8"/>
  <move id="127" source="B8" target="B7"/>
  <move id="128" source="F8" target="F7"/>
  <move id="129" source="B7" target="C7"/>
  <move id="130" source="F7" target="F6"/>
  <move id="131" source="E1" target="E8"/>
  <move id="132" source="F4" target="F3"/>
  <move id="133" source="C1" target="C2"/>
  <move id="134" source="F6" target="F5"/>
  <move id="135" source="C2" target="C3"/>
  <move id="136" source="F5" target="F4"/>
  <move id="137" source="C3" target="C4"/>
  <move id="138" source="F3" target="G3"/>
  <move id="139" source="E8" target="D8"/>
  <move id="140" source="F4" target="F3"/>
  <move id="141" source="C4" target="B4"/>
  <move id="142" source="F3" target="F2"/>
  <move id="143" source="B4" target="B5"/>
  <move id="144" source="F2" target="G2"/>
  <move id="145" source="G1" target="G2"/>
  <move id="146" source="H7" target="G7"/>
  <move id="147" source="B5" target="A5"/>
  <move id="148" source="G7" target="F7"/>
  <move id="149" source="F1" target="F4"/>
  <move id="150" source="F7" target="E7"/>
  <move id="151" source="F4" target="B4"/>
  <move id="152" source="G3" target="G2"/>
  <move id="153" source="A5" target="A6"/>
  <move id="154" source="I7" target="F7"/>
  <move id="155" source="B4" target="B8"/>
  <move id="156" source="F7" target="F1"/>
  <move id="157" source="D1" target="C1"/>
  <move id="158" source="F1" target="H1"/>
  <move id="159" source="B8" target="C8"/>
  <move id="160" source="G2" target="G1"/>
  <move id="161" source="C1" target="C2"/>
  <move id="162" source="G1" target="H1"/>
  <move id="163" source="C2" target="C3"/>
  <move id="164" source="K7" target="I7"/>
  <move id="165" source="A6" target="A7"/>
  <move id="166" source="I7" target="H7"/>
  <move id="167" source="A7" target="A8"/>
  <move id="168" source="H7" target="G7"/>
  <move id="169" source="A8" target="B8"/>
  <move id="170" source="G7" target="F7"/>
  <move id="171" source="C3" target="B3"/>
  <move id="172" source="F7" target="F6"/>
  <move id="173" source="B3" target="B4"/>
  <move id="174" source="F6" target="F5"/>
  <move id="175" source="B4" target="B5"/>
  <move id="176" source="F5" target="F4"/>
  <move id="177" source="B5" target="B6"/>
  <move id="178" source="F4" target="F3"/>
  <move id="179" source="I3" target="F3"/>
  <move id="180" source="H1" target="G1"/>
  <move id="181" source="A3" target="A4"/>
  <move id="182" source="G1" target="G2"/>
  <move id="183" source="A4" target="A5"/>
  <move id="184" source="F3" target="F2"/>
  <move id="185" source="B8" target="C8"/>
  <move id="186" source="E7" target="E8"/>
  <move id="187" source="I1" target="C1"/>
  <move id="188" source="F2" target="F1"/>
  <move id="189" source="A5" target="A6"/>
  <move id="190" source="F1" target="G1"/>
  <move id="191" source="A6" target="A7"/>
  <move id="192" source="G1" target="H1"/>
  <move id="193" source="A7" target="A8"/>
  <move id="194" source="H1" target="I1"/>
  <move id="195" source="K1" target="I1"/>
  <move id="196" source="K8" target="K7"/>
  <move id="197" source="A8" target="B8"/>
  <move id="198" source="K7" target="I7"/>
  <move id="199" source="B8" target="B9"/>
  <move id="200" source="B:" target="B9"/>
  <move id="201" source="C7" target="B7"/>
  <move id="202" source="I7" target="H7"/>
  <move id="203" source="B9" target="C9"/>
  <move id="204" source="H7" target="G7"/>
  <move id="205" source="C9" target="D9"/>
  <move id="206" source="G7" target="F7"/>
  <move id="207" source="B7" target="C7"/>
  <move id="208" source="F7" target="F3"/>
  <move id="209" source="C8" target="C9"/>
  <move id="210" source="F3" target="K3"/>
  <move id="211" source="C9" target="C:"/>
  <move id="212" source="D:" target="C:"/>
  <move id="213" source="D9" target="D:"/>
  <move id="214" source="E8" target="E9"/>
  <move id="215" source="C7" target="C8"/>
  <move id="216" source="G2" target="G3"/>
  <move id="217" source="C8" target="C9"/>
  <move id="218" source="G3" target="H3"/>
  <move id="219" source="C1" target="C4"/>
  <move id="220" source="H3" target="I3"/>
  <move id="221" source="D:" target="C:"/>
  <move id="222" source="I3" target="K3"/>
  <move id="223" source="C4" target="B4"/>
  <move id="224" source="K3" target="I3"/>
  <move id="225" source="B6" target="B7"/>
  <move id="226" source="I3" target="H3"/>
  <move id="227" source="B7" target="C7"/>
  <move id="228" source="H3" target="G3"/>
  <move id="229" source="B4" target="B:"/>
  <move id="230" source="A:" target="B:"/>
  <move id="231" source="C9" target="D9"/>
  <move id="232" source="E9" target="E8"/>
  <move id="233" source="D9" target="E9"/>
  <move id="234" source="E8" target="E7"/>
  <move id="235" source="C7" target="C8"/>
  <move id="236" source="A9" target="A8"/>
  <move id="237" source="E9" target="E8"/>
  <move id="238" source="E7" target="E6"/>
  <move id="239" source="E8" target="E7"/>
  <move id="240" source="E6" target="E5"/>
  <move id="241" source="E7" target="E6"/>
  <move id="242" source="E5" target="E4"/>
  <move id="243" source="E6" target="E5"/>
  <move id="244" source="E4" target="D4"/>
  <move id="245" source="C8" target="C9"/>
  <move id="246" source="G:" target="F:"/>
  <move id="247" source="C:" target="D:"/>
  <move id="248" source="F:" target="F9"/>
  <move id="249" source="D:" target="D9"/>
  <move id="250" source="A8" target="A7"/>
  <move id="251" source="E5" target="F5"/>
  <move id="252" source="A7" target="A6"/>
  <move id="253" source="C9" target="C:"/>
  <move id="254" source="F9" target="E9"/>
  <move id="255" source="C:" target="D:"/>
  <move id="256" source="E9" target="D9"/>
  <move id="257" source="F5" target="F6"/>
  <move id="258" source="A6" target="A5"/>
  <move id="259" source="F6" target="F7"/>
  <move id="260" source="A5" target="A4"/>
  <move id="261" source="F7" target="F8"/>
  <move id="262" source="A4" target="A3"/>
  <move id="263" source="D:" target="E:"/>
  <player id="1">Player 1</player>
  <player id="2">Player 2</player>
  <result type="1" winner="1"/>
 </game>
</stratego>