<?xml version="1.0" encoding="UTF-8"?>
<stratego>
 <game type="barrage">
  
  <field content="AAAMAAKAAADAAAAAAAAAAAAAAAAAACADAAEBAALAAA__AA__AAAA__AA__AAQXAAOWPAAAAAAAAAAAAANAAAAAAAAAYPAAAAAAAA"/>
  <move id="1" source="I4" target="I5"/>
  <move id="2" source="A7" target="A6"/>
  <move id="3" source="I5" target="I6"/>
  <move id="4" source="B7" target="B6"/>
  <move id="5" source="I6" target="I7"/>
  <move id="6" source="A6" target="A5"/>
  <move id="7" source="I7" target="H7"/>
  <move id="8" source="B6" target="B5"/>
  <move id="9" source="H7" target="G7"/>
  <move id="10" source="F7" target="F6"/>
  <move id="11" source="A2" target="A5"/>
  <move id="12" source="B5" target="B4"/>
  <move id="13" source="E4" target="E5"/>
  <move id="14" source="F6" target="F5"/>
  <move id="15" source="E5" target="E6"/>
  <move id="16" source="F5" target="F4"/>
  <move id="17" source="E6" target="E7"/>
  <move id="18" source="B4" target="B5"/>
  <move id="19" source="E7" target="E8"/>
  <move id="20" source="B5" target="B6"/>
  <move id="21" source="G7" target="F7"/>
  <move id="22" source="B6" target="B7"/>
  <move id="23" source="F7" target="E7"/>
  <move id="24" source="B7" target="B8"/>
  <move id="25" source="E7" target="D7"/>
  <move id="26" source="B8" target="C8"/>
  <move id="27" source="D7" target="C7"/>
  <move id="28" source="C8" target="D8"/>
  <move id="29" source="E8" target="E9"/>
  <move id="30" source="D8" target="D9"/>
  <move id="31" source="E9" target="E:"/>
  <move id="32" source="A5" target="A4"/>
  <move id="33" source="C7" target="B7"/>
  <move id="34" source="A4" target="B4"/>
  <move id="35" source="B7" target="B8"/>
  <move id="36" source="B4" target="C4"/>
  <move id="37" source="B8" target="B9"/>
  <move id="38" source="C4" target="D4"/>
  <move id="39" source="E:" target="D:"/>
  <move id="40" source="D9" target="D:"/>
  <move id="41" source="B9" target="B:"/>
  <move id="42" source="D4" target="D3"/>
  <move id="43" source="B:" target="A:"/>
  <player id="1">Player 1</player>
  <player id="2">Player 2</player>
  <result type="1" winner="1"/>
 </game>
</stratego>