<?xml version="1.0" encoding="UTF-8"?>
<stratego>
 <game type="barrage">
  
  <field content="CDAAAAAADMEAAAAAAAABAAAAAAAAAAALAAKAAAAAAA__AA__AAAA__AA__AAAAAAXOAAWNAAAAAAAAPAAAAAAAAAAYAAAAAAAAPQ"/>
  <move id="1" source="B4" target="B5"/>
  <move id="2" source="I7" target="I6"/>
  <move id="3" source="B5" target="B6"/>
  <move id="4" source="I6" target="I5"/>
  <move id="5" source="B6" target="B7"/>
  <move id="6" source="E7" target="E8"/>
  <move id="7" source="B7" target="C7"/>
  <move id="8" source="E8" target="F8"/>
  <move id="9" source="C7" target="D7"/>
  <move id="10" source="F8" target="G8"/>
  <move id="11" source="D7" target="E7"/>
  <move id="12" source="F7" target="E7"/>
  <move id="13" source="E4" target="E5"/>
  <move id="14" source="G8" target="F8"/>
  <move id="15" source="E5" target="E6"/>
  <move id="16" source="F8" target="F7"/>
  <move id="17" source="A2" target="A3"/>
  <move id="18" source="I5" target="I4"/>
  <move id="19" source="A3" target="A4"/>
  <move id="20" source="I4" target="I3"/>
  <move id="21" source="A4" target="A5"/>
  <move id="22" source="I3" target="I2"/>
  <move id="23" source="A5" target="A6"/>
  <move id="24" source="E7" target="E6"/>
  <move id="25" source="A6" target="A7"/>
  <move id="26" source="F7" target="E7"/>
  <move id="27" source="E6" target="F6"/>
  <move id="28" source="I2" target="I3"/>
  <move id="29" source="A7" target="A8"/>
  <move id="30" source="I3" target="K3"/>
  <move id="31" source="A8" target="A9"/>
  <move id="32" source="I8" target="I1"/>
  <move id="33" source="A9" target="B9"/>
  <move id="34" source="I:" target="I1"/>
  <move id="35" source="B1" target="I1"/>
  <move id="36" source="K3" target="I3"/>
  <move id="37" source="B9" target="C9"/>
  <move id="38" source="I3" target="I4"/>
  <move id="39" source="C9" target="D9"/>
  <move id="40" source="I4" target="I5"/>
  <move id="41" source="D9" target="E9"/>
  <move id="42" source="I5" target="I6"/>
  <move id="43" source="E9" target="F9"/>
  <move id="44" source="I6" target="I7"/>
  <move id="45" source="F9" target="G9"/>
  <move id="46" source="I7" target="I8"/>
  <move id="47" source="G9" target="H9"/>
  <move id="48" source="I8" target="I9"/>
  <move id="49" source="H9" target="H:"/>
  <move id="50" source="I9" target="I:"/>
  <move id="51" source="H:" target="H9"/>
  <move id="52" source="E7" target="F7"/>
  <move id="53" source="F6" target="E6"/>
  <move id="54" source="F7" target="G7"/>
  <move id="55" source="H9" target="H8"/>
  <move id="56" source="I:" target="I9"/>
  <move id="57" source="E6" target="F6"/>
  <move id="58" source="G7" target="H7"/>
  <move id="59" source="H8" target="G8"/>
  <move id="60" source="H7" target="G7"/>
  <move id="61" source="G8" target="H8"/>
  <move id="62" source="G7" target="H7"/>
  <move id="63" source="H8" target="G8"/>
  <move id="64" source="I9" target="H9"/>
  <move id="65" source="F6" target="F5"/>
  <move id="66" source="H7" target="G7"/>
  <move id="67" source="G8" target="F8"/>
  <move id="68" source="H9" target="G9"/>
  <move id="69" source="F5" target="F4"/>
  <move id="70" source="G9" target="F9"/>
  <move id="71" source="F8" target="E8"/>
  <move id="72" source="F9" target="E9"/>
  <move id="73" source="E8" target="D8"/>
  <move id="74" source="E9" target="D9"/>
  <move id="75" source="D8" target="C8"/>
  <move id="76" source="D9" target="C9"/>
  <move id="77" source="C8" target="B8"/>
  <move id="78" source="C9" target="B9"/>
  <move id="79" source="B8" target="A8"/>
  <move id="80" source="G7" target="H7"/>
  <move id="81" source="F4" target="G4"/>
  <move id="82" source="H7" target="I7"/>
  <move id="83" source="G4" target="H4"/>
  <move id="84" source="I7" target="I6"/>
  <move id="85" source="H4" target="I4"/>
  <move id="86" source="I6" target="I5"/>
  <move id="87" source="I4" target="K4"/>
  <move id="88" source="K:" target="I:"/>
  <move id="89" source="A1" target="A2"/>
  <move id="90" source="I:" target="H:"/>
  <move id="91" source="A2" target="A3"/>
  <move id="92" source="H:" target="H9"/>
  <move id="93" source="A3" target="A4"/>
  <move id="94" source="H9" target="G9"/>
  <move id="95" source="A4" target="A5"/>
  <move id="96" source="G9" target="G8"/>
  <move id="97" source="A5" target="B5"/>
  <move id="98" source="G8" target="F8"/>
  <move id="99" source="B5" target="B6"/>
  <move id="100" source="F8" target="F7"/>
  <move id="101" source="B6" target="B7"/>
  <move id="102" source="B9" target="B8"/>
  <move id="103" source="B7" target="B8"/>
  <move id="104" source="B8" target="A8"/>
  <player id="1">Player 1</player>
  <player id="2">Player 2</player>
  <result type="3" winner="2"/>
 </game>
</stratego>