<?xml version="1.0" encoding="UTF-8"?>
<stratego>
 <game type="classic">
  
  <field content="EDEBBMBEDEFGIDFBEDHDBJDDBGJCKIFHLIGHDGHFAA__AA__AAAA__AA__AAPSQPSPNPSPTUVXTUTWNUNPQRVSOQRNPTNPNQYRQR"/>
  <move id="1" source="I4" target="I5"/>
  <move id="2" source="B7" target="B6"/>
  <move id="3" source="K4" target="K5"/>
  <move id="4" source="F7" target="F6"/>
  <move id="5" source="H4" target="I4"/>
  <move id="6" source="A7" target="A6"/>
  <move id="7" source="I5" target="I6"/>
  <move id="8" source="E7" target="E6"/>
  <move id="9" source="I4" target="I5"/>
  <move id="10" source="E6" target="E7"/>
  <move id="11" source="I3" target="I4"/>
  <move id="12" source="F6" target="F7"/>
  <move id="13" source="K3" target="K4"/>
  <move id="14" source="B6" target="B7"/>
  <move id="15" source="K5" target="K6"/>
  <move id="16" source="A6" target="A7"/>
  <move id="17" source="K4" target="K5"/>
  <move id="18" source="F7" target="F6"/>
  <move id="19" source="I6" target="I7"/>
  <move id="20" source="K7" target="K6"/>
  <move id="21" source="I5" target="I6"/>
  <move id="22" source="K8" target="K7"/>
  <move id="23" source="I4" target="I5"/>
  <move id="24" source="E7" target="E6"/>
  <move id="25" source="H3" target="H4"/>
  <move id="26" source="E6" target="E7"/>
  <move id="27" source="I7" target="K7"/>
  <move id="28" source="F6" target="F7"/>
  <move id="29" source="K5" target="K4"/>
  <move id="30" source="H7" target="I7"/>
  <move id="31" source="I5" target="K5"/>
  <move id="32" source="F7" target="F6"/>
  <move id="33" source="H4" target="I4"/>
  <move id="34" source="F6" target="F7"/>
  <move id="35" source="G4" target="H4"/>
  <move id="36" source="E7" target="E6"/>
  <move id="37" source="I4" target="I3"/>
  <move id="38" source="F7" target="F6"/>
  <move id="39" source="I3" target="K3"/>
  <move id="40" source="F6" target="F5"/>
  <move id="41" source="I2" target="I3"/>
  <move id="42" source="F5" target="F6"/>
  <move id="43" source="I3" target="I4"/>
  <move id="44" source="B7" target="B6"/>
  <move id="45" source="I4" target="I5"/>
  <move id="46" source="A7" target="A6"/>
  <move id="47" source="K4" target="I4"/>
  <move id="48" source="A6" target="A7"/>
  <move id="49" source="K3" target="K4"/>
  <move id="50" source="B6" target="B7"/>
  <move id="51" source="K6" target="K7"/>
  <move id="52" source="H8" target="H7"/>
  <move id="53" source="K5" target="K6"/>
  <move id="54" source="F6" target="F4"/>
  <move id="55" source="K6" target="K7"/>
  <move id="56" source="I7" target="I6"/>
  <move id="57" source="I6" target="I7"/>
  <move id="58" source="H7" target="H8"/>
  <move id="59" source="I5" target="I6"/>
  <move id="60" source="E6" target="F6"/>
  <move id="61" source="I4" target="I3"/>
  <move id="62" source="F6" target="F7"/>
  <move id="63" source="H4" target="I4"/>
  <move id="64" source="F7" target="E7"/>
  <move id="65" source="I7" target="I8"/>
  <move id="66" source="F8" target="F7"/>
  <move id="67" source="I6" target="I7"/>
  <move id="68" source="F7" target="F6"/>
  <move id="69" source="I4" target="I5"/>
  <move id="70" source="F6" target="F5"/>
  <move id="71" source="I5" target="I6"/>
  <move id="72" source="B7" target="B6"/>
  <move id="73" source="F4" target="F5"/>
  <move id="74" source="E7" target="F7"/>
  <move id="75" source="E4" target="F4"/>
  <move id="76" source="F5" target="E5"/>
  <move id="77" source="D4" target="E4"/>
  <move id="78" source="E5" target="F5"/>
  <move id="79" source="F4" target="G4"/>
  <move id="80" source="F7" target="F8"/>
  <move id="81" source="E4" target="E5"/>
  <move id="82" source="F5" target="F6"/>
  <move id="83" source="E5" target="E6"/>
  <move id="84" source="F6" target="F5"/>
  <move id="85" source="G4" target="H4"/>
  <move id="86" source="D7" target="E7"/>
  <move id="87" source="E6" target="F6"/>
  <move id="88" source="F5" target="E5"/>
  <move id="89" source="C4" target="D4"/>
  <move id="90" source="E7" target="E6"/>
  <move id="91" source="D4" target="E4"/>
  <move id="92" source="E5" target="E4"/>
  <move id="93" source="F6" target="F5"/>
  <move id="94" source="E6" target="F6"/>
  <move id="95" source="F5" target="F4"/>
  <move id="96" source="F6" target="F4"/>
  <move id="97" source="I7" target="H7"/>
  <move id="98" source="A7" target="A4"/>
  <move id="99" source="I6" target="K6"/>
  <move id="100" source="B6" target="B5"/>
  <move id="101" source="K7" target="I7"/>
  <move id="102" source="B5" target="A5"/>
  <move id="103" source="F4" target="G4"/>
  <move id="104" source="A5" target="A4"/>
  <move id="105" source="B4" target="A4"/>
  <move id="106" source="B8" target="B7"/>
  <move id="107" source="A4" target="B4"/>
  <move id="108" source="B7" target="B6"/>
  <move id="109" source="E4" target="D4"/>
  <move id="110" source="B6" target="B5"/>
  <move id="111" source="G3" target="H3"/>
  <move id="112" source="B5" target="B4"/>
  <move id="113" source="B3" target="B4"/>
  <move id="114" source="F8" target="F7"/>
  <move id="115" source="D4" target="E4"/>
  <move id="116" source="B9" target="B8"/>
  <move id="117" source="C3" target="B3"/>
  <move id="118" source="B8" target="B9"/>
  <move id="119" source="K4" target="K5"/>
  <move id="120" source="C7" target="D7"/>
  <move id="121" source="D3" target="D4"/>
  <move id="122" source="C8" target="C7"/>
  <move id="123" source="F3" target="G3"/>
  <move id="124" source="D8" target="C8"/>
  <move id="125" source="E4" target="F4"/>
  <move id="126" source="C8" target="B8"/>
  <move id="127" source="D4" target="E4"/>
  <move id="128" source="B8" target="B7"/>
  <move id="129" source="B4" target="C4"/>
  <move id="130" source="B7" target="A7"/>
  <move id="131" source="B3" target="B4"/>
  <move id="132" source="C7" target="B7"/>
  <move id="133" source="E4" target="E5"/>
  <move id="134" source="B7" target="B6"/>
  <move id="135" source="C4" target="C3"/>
  <move id="136" source="B6" target="B5"/>
  <move id="137" source="C3" target="B3"/>
  <move id="138" source="A7" target="A6"/>
  <move id="139" source="E5" target="F5"/>
  <move id="140" source="A6" target="A5"/>
  <move id="141" source="H4" target="I4"/>
  <move id="142" source="F7" target="F6"/>
  <move id="143" source="G3" target="F3"/>
  <move id="144" source="F6" target="F5"/>
  <move id="145" source="F4" target="F5"/>
  <move id="146" source="A5" target="A4"/>
  <move id="147" source="F5" target="E5"/>
  <move id="148" source="G8" target="F8"/>
  <move id="149" source="K6" target="K7"/>
  <move id="150" source="F8" target="F7"/>
  <move id="151" source="K5" target="I5"/>
  <move id="152" source="F7" target="F6"/>
  <move id="153" source="F3" target="F4"/>
  <move id="154" source="A4" target="B4"/>
  <move id="155" source="B3" target="C3"/>
  <move id="156" source="B4" target="C4"/>
  <move id="157" source="C3" target="D3"/>
  <move id="158" source="C4" target="D4"/>
  <move id="159" source="D3" target="C3"/>
  <move id="160" source="D4" target="C4"/>
  <move id="161" source="C3" target="B3"/>
  <move id="162" source="H8" target="H7"/>
  <move id="163" source="I3" target="I2"/>
  <move id="164" source="H7" target="I7"/>
  <move id="165" source="I5" target="K5"/>
  <move id="166" source="E8" target="D8"/>
  <move id="167" source="I4" target="I3"/>
  <move id="168" source="E9" target="E8"/>
  <move id="169" source="H3" target="H4"/>
  <move id="170" source="E8" target="F8"/>
  <move id="171" source="H4" target="I4"/>
  <move id="172" source="F8" target="G8"/>
  <move id="173" source="I4" target="I5"/>
  <move id="174" source="G8" target="H8"/>
  <move id="175" source="I5" target="I6"/>
  <move id="176" source="H8" target="H7"/>
  <move id="177" source="K5" target="K4"/>
  <move id="178" source="H7" target="I7"/>
  <move id="179" source="K7" target="K6"/>
  <move id="180" source="I7" target="I6"/>
  <move id="181" source="K4" target="I4"/>
  <move id="182" source="D7" target="E7"/>
  <move id="183" source="I4" target="H4"/>
  <move id="184" source="E7" target="E8"/>
  <move id="185" source="H4" target="H3"/>
  <move id="186" source="E8" target="F8"/>
  <move id="187" source="F4" target="F5"/>
  <move id="188" source="F8" target="G8"/>
  <move id="189" source="G4" target="F4"/>
  <move id="190" source="G8" target="H8"/>
  <move id="191" source="F5" target="F6"/>
  <move id="192" source="H8" target="H7"/>
  <move id="193" source="F4" target="F5"/>
  <move id="194" source="H7" target="I7"/>
  <move id="195" source="E5" target="E4"/>
  <move id="196" source="B5" target="B6"/>
  <move id="197" source="F5" target="F6"/>
  <move id="198" source="B6" target="B7"/>
  <move id="199" source="H3" target="G3"/>
  <move id="200" source="B7" target="C7"/>
  <move id="201" source="G3" target="F3"/>
  <move id="202" source="C7" target="D7"/>
  <move id="203" source="I3" target="H3"/>
  <move id="204" source="D7" target="E7"/>
  <move id="205" source="H3" target="G3"/>
  <move id="206" source="E7" target="E6"/>
  <move id="207" source="F6" target="F5"/>
  <move id="208" source="E6" target="F6"/>
  <move id="209" source="F5" target="F4"/>
  <move id="210" source="F6" target="F5"/>
  <move id="211" source="F4" target="G4"/>
  <move id="212" source="I7" target="K7"/>
  <move id="213" source="K6" target="K7"/>
  <move id="214" source="K7" target="K6"/>
  <move id="215" source="G4" target="H4"/>
  <move id="216" source="C4" target="B4"/>
  <move id="217" source="B3" target="C3"/>
  <move id="218" source="B4" target="A4"/>
  <move id="219" source="H4" target="I4"/>
  <move id="220" source="B9" target="B2"/>
  <move id="221" source="E4" target="F4"/>
  <move id="222" source="F5" target="E5"/>
  <move id="223" source="C3" target="C4"/>
  <move id="224" source="A4" target="B4"/>
  <move id="225" source="C4" target="D4"/>
  <move id="226" source="B4" target="C4"/>
  <move id="227" source="D4" target="E4"/>
  <move id="228" source="C4" target="D4"/>
  <move id="229" source="E4" target="E5"/>
  <move id="230" source="A8" target="A7"/>
  <move id="231" source="C2" target="C3"/>
  <move id="232" source="D4" target="C4"/>
  <move id="233" source="C3" target="D3"/>
  <move id="234" source="A7" target="A6"/>
  <move id="235" source="I4" target="I5"/>
  <move id="236" source="A6" target="A5"/>
  <move id="237" source="I2" target="I3"/>
  <move id="238" source="A5" target="B5"/>
  <move id="239" source="I3" target="K3"/>
  <move id="240" source="B5" target="B4"/>
  <move id="241" source="I5" target="I6"/>
  <move id="242" source="B4" target="B3"/>
  <move id="243" source="F4" target="G4"/>
  <move id="244" source="B3" target="B2"/>
  <move id="245" source="I6" target="K6"/>
  <move id="246" source="C9" target="C8"/>
  <move id="247" source="F3" target="F4"/>
  <move id="248" source="C8" target="C7"/>
  <move id="249" source="F4" target="F5"/>
  <move id="250" source="C7" target="B7"/>
  <move id="251" source="F5" target="E5"/>
  <move id="252" source="B7" target="B6"/>
  <move id="253" source="E5" target="E6"/>
  <move id="254" source="B6" target="B5"/>
  <move id="255" source="E6" target="E7"/>
  <move id="256" source="B5" target="B4"/>
  <move id="257" source="K6" target="I6"/>
  <move id="258" source="B4" target="B3"/>
  <move id="259" source="G4" target="F4"/>
  <move id="260" source="B3" target="C3"/>
  <move id="261" source="F4" target="E4"/>
  <move id="262" source="C3" target="C2"/>
  <move id="263" source="I6" target="I7"/>
  <move id="264" source="C2" target="D2"/>
  <move id="265" source="D3" target="D2"/>
  <move id="266" source="C4" target="C3"/>
  <move id="267" source="E4" target="D4"/>
  <move id="268" source="D9" target="E9"/>
  <move id="269" source="I7" target="H7"/>
  <move id="270" source="E9" target="E8"/>
  <move id="271" source="E7" target="E6"/>
  <move id="272" source="E8" target="E7"/>
  <move id="273" source="E6" target="E5"/>
  <move id="274" source="E7" target="E6"/>
  <move id="275" source="D4" target="E4"/>
  <move id="276" source="E6" target="E5"/>
  <move id="277" source="E4" target="E5"/>
  <move id="278" source="B2" target="C2"/>
  <move id="279" source="H7" target="H8"/>
  <move id="280" source="C2" target="C1"/>
  <move id="281" source="H8" target="G8"/>
  <move id="282" source="C3" target="C2"/>
  <move id="283" source="D2" target="D3"/>
  <move id="284" source="C1" target="D1"/>
  <move id="285" source="E5" target="E4"/>
  <move id="286" source="C2" target="D2"/>
  <move id="287" source="D3" target="C3"/>
  <move id="288" source="D2" target="D3"/>
  <move id="289" source="C3" target="B3"/>
  <move id="290" source="D3" target="C3"/>
  <move id="291" source="B3" target="B4"/>
  <move id="292" source="C3" target="B3"/>
  <move id="293" source="B4" target="A4"/>
  <move id="294" source="B3" target="B2"/>
  <move id="295" source="E4" target="D4"/>
  <move id="296" source="B2" target="A2"/>
  <move id="297" source="B1" target="B:"/>
  <move id="298" source="A2" target="A1"/>
  <move id="299" source="D4" target="C4"/>
  <move id="300" source="A1" target="B1"/>
  <move id="301" source="A4" target="B4"/>
  <move id="302" source="B1" target="B2"/>
  <move id="303" source="B4" target="B5"/>
  <move id="304" source="B:" target="B9"/>
  <move id="305" source="G8" target="F8"/>
  <move id="306" source="B9" target="C9"/>
  <move id="307" source="B5" target="B6"/>
  <move id="308" source="C9" target="D9"/>
  <move id="309" source="B6" target="B7"/>
  <move id="310" source="D9" target="E9"/>
  <move id="311" source="B7" target="B8"/>
  <move id="312" source="E9" target="E8"/>
  <move id="313" source="F8" target="E8"/>
  <move id="314" source="B2" target="C2"/>
  <move id="315" source="E8" target="E7"/>
  <move id="316" source="C2" target="D2"/>
  <move id="317" source="K3" target="K4"/>
  <move id="318" source="D2" target="D3"/>
  <move id="319" source="C4" target="D4"/>
  <move id="320" source="D3" target="E3"/>
  <move id="321" source="K4" target="K5"/>
  <player id="1">Player 1</player>
  <player id="2">Player 2</player>
  <result type="3" winner="1"/>
 </game>
</stratego>