<?xml version="1.0" encoding="UTF-8"?>
<stratego>
 <game type="classic">
  
  <field content="EBHGEMHBDEDFEBBBEFDBGIDCIIJDJGDFKHDGLHFDAA__AA__AAAA__AA__AASPTVQUXQSPRNTUSPQTWSNNRNTPOQVPRRNYNPPUQP"/>
  <move id="1" source="F4" target="F5"/>
  <move id="2" source="I7" target="I6"/>
  <move id="3" source="F3" target="F4"/>
  <move id="4" source="I6" target="I5"/>
  <move id="5" source="F5" target="F6"/>
  <move id="6" source="I8" target="I7"/>
  <move id="7" source="F4" target="F5"/>
  <move id="8" source="I7" target="I6"/>
  <move id="9" source="E4" target="E5"/>
  <move id="10" source="K7" target="K4"/>
  <move id="11" source="E5" target="E6"/>
  <move id="12" source="I5" target="K5"/>
  <move id="13" source="D4" target="E4"/>
  <move id="14" source="I6" target="I5"/>
  <move id="15" source="E4" target="E5"/>
  <move id="16" source="I9" target="I8"/>
  <move id="17" source="E6" target="E7"/>
  <move id="18" source="I8" target="I7"/>
  <move id="19" source="F6" target="E6"/>
  <move id="20" source="I7" target="I6"/>
  <move id="21" source="F5" target="F6"/>
  <move id="22" source="I6" target="K6"/>
  <move id="23" source="E6" target="E7"/>
  <move id="24" source="F7" target="E7"/>
  <move id="25" source="F6" target="E6"/>
  <move id="26" source="E7" target="F7"/>
  <move id="27" source="E6" target="F6"/>
  <move id="28" source="K5" target="K4"/>
  <move id="29" source="K3" target="K4"/>
  <move id="30" source="K6" target="I6"/>
  <move id="31" source="I4" target="I5"/>
  <move id="32" source="K8" target="K7"/>
  <move id="33" source="H4" target="I4"/>
  <move id="34" source="K7" target="K6"/>
  <move id="35" source="G4" target="H4"/>
  <move id="36" source="K6" target="K5"/>
  <move id="37" source="I4" target="K4"/>
  <move id="38" source="K5" target="K4"/>
  <move id="39" source="E5" target="E6"/>
  <move id="40" source="H9" target="I9"/>
  <move id="41" source="F6" target="F7"/>
  <move id="42" source="D7" target="E7"/>
  <move id="43" source="E6" target="E5"/>
  <move id="44" source="I9" target="I8"/>
  <move id="45" source="G3" target="G4"/>
  <move id="46" source="I8" target="I7"/>
  <move id="47" source="G4" target="F4"/>
  <move id="48" source="I7" target="K7"/>
  <move id="49" source="F4" target="E4"/>
  <move id="50" source="G9" target="H9"/>
  <move id="51" source="E3" target="F3"/>
  <move id="52" source="H9" target="I9"/>
  <move id="53" source="D3" target="E3"/>
  <move id="54" source="I9" target="I8"/>
  <move id="55" source="E5" target="F5"/>
  <move id="56" source="I8" target="I7"/>
  <move id="57" source="F5" target="F6"/>
  <move id="58" source="E7" target="F7"/>
  <move id="59" source="F6" target="E6"/>
  <move id="60" source="E8" target="E7"/>
  <move id="61" source="E6" target="E5"/>
  <move id="62" source="I6" target="K6"/>
  <move id="63" source="E4" target="F4"/>
  <move id="64" source="I7" target="I6"/>
  <move id="65" source="C4" target="D4"/>
  <move id="66" source="F8" target="E8"/>
  <move id="67" source="D4" target="E4"/>
  <move id="68" source="K6" target="K5"/>
  <move id="69" source="H4" target="I4"/>
  <move id="70" source="K7" target="I7"/>
  <move id="71" source="H3" target="H4"/>
  <move id="72" source="F7" target="F6"/>
  <move id="73" source="E5" target="F5"/>
  <move id="74" source="G7" target="F7"/>
  <move id="75" source="F5" target="F6"/>
  <move id="76" source="F7" target="F8"/>
  <move id="77" source="F4" target="F5"/>
  <move id="78" source="F6" target="F7"/>
  <move id="79" source="F5" target="F6"/>
  <move id="80" source="F7" target="G7"/>
  <move id="81" source="E4" target="E5"/>
  <move id="82" source="F8" target="F7"/>
  <move id="83" source="F6" target="F7"/>
  <move id="84" source="E7" target="E6"/>
  <move id="85" source="E5" target="E4"/>
  <move id="86" source="E6" target="E5"/>
  <move id="87" source="E4" target="F4"/>
  <move id="88" source="E5" target="F5"/>
  <move id="89" source="F4" target="G4"/>
  <move id="90" source="F5" target="F4"/>
  <move id="91" source="F3" target="F4"/>
  <move id="92" source="E8" target="E7"/>
  <move id="93" source="F4" target="E4"/>
  <move id="94" source="E7" target="E6"/>
  <move id="95" source="C3" target="D3"/>
  <move id="96" source="E6" target="E5"/>
  <move id="97" source="D3" target="D4"/>
  <move id="98" source="D8" target="E8"/>
  <move id="99" source="I3" target="H3"/>
  <move id="100" source="E8" target="E7"/>
  <move id="101" source="H3" target="G3"/>
  <move id="102" source="F7" target="F6"/>
  <move id="103" source="G3" target="F3"/>
  <move id="104" source="E7" target="E6"/>
  <move id="105" source="G4" target="F4"/>
  <move id="106" source="E5" target="F5"/>
  <move id="107" source="F4" target="G4"/>
  <move id="108" source="E6" target="E5"/>
  <move id="109" source="G4" target="F4"/>
  <move id="110" source="E5" target="E4"/>
  <move id="111" source="D4" target="E4"/>
  <move id="112" source="F5" target="E5"/>
  <move id="113" source="B3" target="C3"/>
  <move id="114" source="F6" target="E6"/>
  <move id="115" source="C3" target="D3"/>
  <move id="116" source="F9" target="F4"/>
  <move id="117" source="D3" target="D4"/>
  <move id="118" source="B7" target="B4"/>
  <move id="119" source="K4" target="K3"/>
  <move id="120" source="A7" target="A6"/>
  <move id="121" source="E4" target="E5"/>
  <move id="122" source="A6" target="A5"/>
  <move id="123" source="F4" target="G4"/>
  <move id="124" source="F:" target="F3"/>
  <move id="125" source="F3" target="F4"/>
  <move id="126" source="E6" target="E5"/>
  <move id="127" source="G4" target="G3"/>
  <move id="128" source="E5" target="F5"/>
  <move id="129" source="F4" target="E4"/>
  <move id="130" source="A5" target="B5"/>
  <move id="131" source="H4" target="G4"/>
  <move id="132" source="B5" target="B4"/>
  <move id="133" source="A4" target="A8"/>
  <move id="134" source="B4" target="C4"/>
  <move id="135" source="D4" target="C4"/>
  <move id="136" source="G7" target="F7"/>
  <move id="137" source="K3" target="I3"/>
  <move id="138" source="F7" target="F6"/>
  <move id="139" source="I3" target="H3"/>
  <move id="140" source="F6" target="E6"/>
  <move id="141" source="H3" target="H4"/>
  <move id="142" source="E6" target="E5"/>
  <move id="143" source="C4" target="D4"/>
  <move id="144" source="E5" target="E4"/>
  <move id="145" source="E3" target="F3"/>
  <move id="146" source="F5" target="E5"/>
  <move id="147" source="G4" target="F4"/>
  <move id="148" source="G:" target="F:"/>
  <move id="149" source="G3" target="H3"/>
  <move id="150" source="F:" target="F4"/>
  <move id="151" source="H4" target="G4"/>
  <move id="152" source="E5" target="E4"/>
  <move id="153" source="D4" target="D3"/>
  <move id="154" source="I7" target="I8"/>
  <move id="155" source="H3" target="I3"/>
  <move id="156" source="I8" target="I9"/>
  <move id="157" source="I3" target="K3"/>
  <move id="158" source="I9" target="H9"/>
  <move id="159" source="K3" target="K4"/>
  <move id="160" source="K5" target="K6"/>
  <move id="161" source="I4" target="I5"/>
  <move id="162" source="I6" target="I5"/>
  <move id="163" source="K4" target="K5"/>
  <move id="164" source="K6" target="I6"/>
  <move id="165" source="K5" target="K6"/>
  <move id="166" source="I6" target="I7"/>
  <move id="167" source="K6" target="I6"/>
  <move id="168" source="I7" target="K7"/>
  <move id="169" source="I6" target="K6"/>
  <move id="170" source="K7" target="I7"/>
  <move id="171" source="K6" target="I6"/>
  <move id="172" source="I7" target="I8"/>
  <move id="173" source="I6" target="I7"/>
  <move id="174" source="I8" target="K8"/>
  <move id="175" source="I7" target="K7"/>
  <move id="176" source="K8" target="I8"/>
  <move id="177" source="K7" target="I7"/>
  <move id="178" source="K9" target="K4"/>
  <move id="179" source="I7" target="I8"/>
  <move id="180" source="K4" target="G4"/>
  <move id="181" source="I2" target="I5"/>
  <move id="182" source="H7" target="G7"/>
  <move id="183" source="I8" target="H8"/>
  <move id="184" source="G7" target="F7"/>
  <move id="185" source="H8" target="H7"/>
  <move id="186" source="F7" target="F6"/>
  <move id="187" source="H7" target="G7"/>
  <move id="188" source="F6" target="F5"/>
  <move id="189" source="G4" target="F4"/>
  <move id="190" source="F5" target="E5"/>
  <move id="191" source="F4" target="F5"/>
  <move id="192" source="E5" target="E6"/>
  <move id="193" source="G7" target="F7"/>
  <move id="194" source="E4" target="E5"/>
  <move id="195" source="F5" target="F6"/>
  <move id="196" source="E5" target="F5"/>
  <move id="197" source="F6" target="E6"/>
  <move id="198" source="F5" target="F6"/>
  <move id="199" source="F7" target="G7"/>
  <move id="200" source="F6" target="E6"/>
  <move id="201" source="I5" target="I:"/>
  <move id="202" source="K:" target="K3"/>
  <move id="203" source="H2" target="H3"/>
  <move id="204" source="E6" target="F6"/>
  <move id="205" source="D3" target="E3"/>
  <move id="206" source="F6" target="F7"/>
  <move id="207" source="G7" target="H7"/>
  <move id="208" source="F7" target="G7"/>
  <move id="209" source="H7" target="I7"/>
  <move id="210" source="G7" target="H7"/>
  <move id="211" source="I7" target="I6"/>
  <move id="212" source="H7" target="I7"/>
  <move id="213" source="I6" target="I5"/>
  <move id="214" source="K3" target="K8"/>
  <move id="215" source="I5" target="I4"/>
  <move id="216" source="I7" target="H7"/>
  <move id="217" source="I4" target="H4"/>
  <move id="218" source="H:" target="G:"/>
  <move id="219" source="H4" target="G4"/>
  <move id="220" source="H7" target="G7"/>
  <move id="221" source="G4" target="F4"/>
  <move id="222" source="G7" target="F7"/>
  <move id="223" source="I1" target="I2"/>
  <move id="224" source="F7" target="F6"/>
  <move id="225" source="I2" target="I3"/>
  <move id="226" source="G:" target="G9"/>
  <move id="227" source="I3" target="K3"/>
  <move id="228" source="G9" target="G:"/>
  <move id="229" source="K3" target="K8"/>
  <move id="230" source="G:" target="H:"/>
  <move id="231" source="H3" target="I3"/>
  <move id="232" source="I:" target="K:"/>
  <move id="233" source="F4" target="G4"/>
  <move id="234" source="H:" target="I:"/>
  <move id="235" source="G4" target="H4"/>
  <move id="236" source="F6" target="F7"/>
  <move id="237" source="F3" target="F4"/>
  <move id="238" source="F7" target="G7"/>
  <move id="239" source="E3" target="E4"/>
  <move id="240" source="I:" target="I9"/>
  <move id="241" source="E4" target="E5"/>
  <move id="242" source="G7" target="H7"/>
  <move id="243" source="E5" target="F5"/>
  <move id="244" source="I9" target="I8"/>
  <move id="245" source="F5" target="F6"/>
  <move id="246" source="I8" target="H8"/>
  <move id="247" source="F4" target="F5"/>
  <move id="248" source="H7" target="G7"/>
  <move id="249" source="H4" target="I4"/>
  <move id="250" source="K:" target="I:"/>
  <move id="251" source="I4" target="I5"/>
  <move id="252" source="G7" target="H7"/>
  <move id="253" source="F6" target="F7"/>
  <move id="254" source="H7" target="I7"/>
  <move id="255" source="I5" target="I4"/>
  <move id="256" source="H8" target="H7"/>
  <move id="257" source="I3" target="H3"/>
  <move id="258" source="H7" target="G7"/>
  <move id="259" source="H3" target="G3"/>
  <move id="260" source="G7" target="F7"/>
  <move id="261" source="G3" target="F3"/>
  <move id="262" source="I7" target="H7"/>
  <move id="263" source="F5" target="F6"/>
  <move id="264" source="H7" target="G7"/>
  <move id="265" source="I4" target="I5"/>
  <move id="266" source="E9" target="E8"/>
  <move id="267" source="F6" target="F5"/>
  <move id="268" source="E8" target="E7"/>
  <move id="269" source="F5" target="F4"/>
  <move id="270" source="G7" target="H7"/>
  <move id="271" source="F4" target="G4"/>
  <move id="272" source="H7" target="I7"/>
  <move id="273" source="G4" target="H4"/>
  <move id="274" source="I7" target="I6"/>
  <move id="275" source="I5" target="I4"/>
  <move id="276" source="E7" target="E6"/>
  <move id="277" source="I4" target="I3"/>
  <move id="278" source="E6" target="F6"/>
  <move id="279" source="I3" target="H3"/>
  <move id="280" source="I6" target="I7"/>
  <move id="281" source="H3" target="G3"/>
  <move id="282" source="I7" target="H7"/>
  <move id="283" source="G3" target="G4"/>
  <move id="284" source="H7" target="G7"/>
  <move id="285" source="F3" target="G3"/>
  <move id="286" source="G7" target="F7"/>
  <move id="287" source="G3" target="H3"/>
  <move id="288" source="F7" target="F8"/>
  <move id="289" source="H3" target="I3"/>
  <move id="290" source="F6" target="F7"/>
  <move id="291" source="I3" target="I4"/>
  <move id="292" source="F7" target="G7"/>
  <move id="293" source="H4" target="H3"/>
  <move id="294" source="G7" target="H7"/>
  <move id="295" source="H3" target="G3"/>
  <move id="296" source="F8" target="F7"/>
  <move id="297" source="G3" target="F3"/>
  <move id="298" source="H7" target="I7"/>
  <move id="299" source="A3" target="A4"/>
  <move id="300" source="I7" target="I6"/>
  <move id="301" source="G4" target="H4"/>
  <move id="302" source="F7" target="F6"/>
  <move id="303" source="F3" target="F4"/>
  <move id="304" source="I6" target="I7"/>
  <move id="305" source="I4" target="I5"/>
  <move id="306" source="I7" target="H7"/>
  <move id="307" source="I5" target="I6"/>
  <move id="308" source="H7" target="G7"/>
  <move id="309" source="I6" target="I7"/>
  <move id="310" source="G7" target="F7"/>
  <move id="311" source="I7" target="H7"/>
  <move id="312" source="F7" target="E7"/>
  <move id="313" source="H7" target="G7"/>
  <move id="314" source="E7" target="E6"/>
  <move id="315" source="G7" target="G8"/>
  <move id="316" source="F6" target="F7"/>
  <move id="317" source="G8" target="G9"/>
  <move id="318" source="H9" target="H8"/>
  <move id="319" source="G9" target="G8"/>
  <move id="320" source="H8" target="H7"/>
  <move id="321" source="G8" target="H8"/>
  <move id="322" source="H7" target="G7"/>
  <move id="323" source="H4" target="G4"/>
  <move id="324" source="E6" target="E5"/>
  <move id="325" source="F4" target="F3"/>
  <move id="326" source="E5" target="E4"/>
  <move id="327" source="G4" target="F4"/>
  <move id="328" source="E4" target="E3"/>
  <move id="329" source="F3" target="G3"/>
  <move id="330" source="F7" target="F8"/>
  <move id="331" source="H8" target="H7"/>
  <move id="332" source="G7" target="F7"/>
  <move id="333" source="H7" target="G7"/>
  <move id="334" source="F7" target="E7"/>
  <move id="335" source="C2" target="C3"/>
  <move id="336" source="E7" target="E8"/>
  <move id="337" source="C3" target="B3"/>
  <move id="338" source="E3" target="D3"/>
  <move id="339" source="C1" target="C2"/>
  <move id="340" source="C7" target="D7"/>
  <move id="341" source="C2" target="C3"/>
  <move id="342" source="D7" target="E7"/>
  <move id="343" source="C3" target="D3"/>
  <move id="344" source="E7" target="F7"/>
  <move id="345" source="G7" target="H7"/>
  <move id="346" source="F7" target="G7"/>
  <move id="347" source="H7" target="I7"/>
  <move id="348" source="G7" target="H7"/>
  <move id="349" source="I7" target="I6"/>
  <move id="350" source="H7" target="I7"/>
  <move id="351" source="I6" target="I5"/>
  <move id="352" source="I7" target="I6"/>
  <move id="353" source="I5" target="I4"/>
  <move id="354" source="I6" target="I5"/>
  <move id="355" source="I4" target="H4"/>
  <move id="356" source="I5" target="I4"/>
  <move id="357" source="H4" target="G4"/>
  <move id="358" source="I4" target="H4"/>
  <move id="359" source="G3" target="F3"/>
  <move id="360" source="I:" target="I9"/>
  <move id="361" source="F3" target="E3"/>
  <move id="362" source="F8" target="F7"/>
  <move id="363" source="G2" target="H2"/>
  <move id="364" source="F7" target="F6"/>
  <move id="365" source="G4" target="G3"/>
  <move id="366" source="H4" target="H3"/>
  <move id="367" source="F4" target="G4"/>
  <move id="368" source="H3" target="H2"/>
  <move id="369" source="G1" target="G2"/>
  <move id="370" source="H2" target="H3"/>
  <move id="371" source="G2" target="H2"/>
  <move id="372" source="F6" target="F5"/>
  <move id="373" source="E3" target="F3"/>
  <move id="374" source="H3" target="I3"/>
  <move id="375" source="H2" target="I2"/>
  <move id="376" source="I3" target="I4"/>
  <move id="377" source="I2" target="I3"/>
  <move id="378" source="I4" target="I5"/>
  <move id="379" source="I3" target="I4"/>
  <move id="380" source="I5" target="I6"/>
  <move id="381" source="I4" target="I5"/>
  <move id="382" source="I6" target="I7"/>
  <move id="383" source="I5" target="I6"/>
  <move id="384" source="I7" target="H7"/>
  <move id="385" source="I6" target="I7"/>
  <move id="386" source="H7" target="G7"/>
  <move id="387" source="I7" target="H7"/>
  <move id="388" source="G7" target="F7"/>
  <move id="389" source="H7" target="H8"/>
  <move id="390" source="E8" target="E7"/>
  <move id="391" source="G4" target="F4"/>
  <move id="392" source="E7" target="E6"/>
  <move id="393" source="F4" target="E4"/>
  <move id="394" source="F5" target="E5"/>
  <move id="395" source="E4" target="F4"/>
  <move id="396" source="F7" target="E7"/>
  <move id="397" source="F3" target="E3"/>
  <move id="398" source="E7" target="D7"/>
  <move id="399" source="F4" target="E4"/>
  <move id="400" source="D7" target="C7"/>
  <move id="401" source="E4" target="D4"/>
  <move id="402" source="C7" target="B7"/>
  <move id="403" source="G3" target="H3"/>
  <move id="404" source="E5" target="F5"/>
  <move id="405" source="H3" target="I3"/>
  <move id="406" source="F5" target="F6"/>
  <move id="407" source="B3" target="C3"/>
  <move id="408" source="F6" target="F7"/>
  <move id="409" source="H8" target="I8"/>
  <move id="410" source="I9" target="H9"/>
  <move id="411" source="I8" target="H8"/>
  <move id="412" source="H9" target="G9"/>
  <move id="413" source="H8" target="G8"/>
  <move id="414" source="G9" target="F9"/>
  <move id="415" source="I3" target="I4"/>
  <move id="416" source="F7" target="F8"/>
  <move id="417" source="G8" target="G7"/>
  <move id="418" source="F9" target="E9"/>
  <move id="419" source="I4" target="K4"/>
  <move id="420" source="B7" target="C7"/>
  <move id="421" source="K4" target="I4"/>
  <move id="422" source="C7" target="D7"/>
  <move id="423" source="I4" target="I5"/>
  <move id="424" source="D7" target="E7"/>
  <move id="425" source="I5" target="I6"/>
  <move id="426" source="E7" target="F7"/>
  <move id="427" source="D4" target="E4"/>
  <move id="428" source="F7" target="G7"/>
  <move id="429" source="E4" target="E5"/>
  <move id="430" source="E6" target="F6"/>
  <move id="431" source="I6" target="I5"/>
  <move id="432" source="C8" target="C7"/>
  <move id="433" source="I5" target="I4"/>
  <move id="434" source="C7" target="B7"/>
  <move id="435" source="I4" target="I3"/>
  <move id="436" source="B7" target="B6"/>
  <move id="437" source="I3" target="K3"/>
  <move id="438" source="B6" target="B5"/>
  <move id="439" source="K3" target="K4"/>
  <move id="440" source="B5" target="B4"/>
  <move id="441" source="A4" target="B4"/>
  <move id="442" source="B4" target="B3"/>
  <move id="443" source="C3" target="D3"/>
  <move id="444" source="B3" target="C3"/>
  <move id="445" source="D3" target="D4"/>
  <move id="446" source="C3" target="D3"/>
  <move id="447" source="E5" target="E4"/>
  <move id="448" source="F6" target="F5"/>
  <move id="449" source="K4" target="I4"/>
  <move id="450" source="F5" target="F6"/>
  <move id="451" source="I4" target="I5"/>
  <move id="452" source="F6" target="E6"/>
  <move id="453" source="I5" target="I6"/>
  <move id="454" source="F8" target="G8"/>
  <move id="455" source="I6" target="I7"/>
  <move id="456" source="E6" target="E7"/>
  <move id="457" source="I7" target="H7"/>
  <move id="458" source="E7" target="D7"/>
  <move id="459" source="B2" target="B3"/>
  <move id="460" source="D7" target="E7"/>
  <move id="461" source="B3" target="B4"/>
  <move id="462" source="G8" target="F8"/>
  <move id="463" source="H7" target="G7"/>
  <move id="464" source="F8" target="F7"/>
  <move id="465" source="G7" target="G8"/>
  <move id="466" source="E7" target="E6"/>
  <move id="467" source="E3" target="F3"/>
  <move id="468" source="F7" target="E7"/>
  <move id="469" source="G8" target="F8"/>
  <move id="470" source="E7" target="F7"/>
  <move id="471" source="F8" target="E8"/>
  <move id="472" source="E6" target="F6"/>
  <move id="473" source="B4" target="A4"/>
  <move id="474" source="E9" target="F9"/>
  <move id="475" source="A4" target="A5"/>
  <move id="476" source="F9" target="G9"/>
  <move id="477" source="A5" target="A6"/>
  <move id="478" source="G9" target="H9"/>
  <move id="479" source="A6" target="A7"/>
  <move id="480" source="H9" target="H8"/>
  <move id="481" source="D4" target="C4"/>
  <move id="482" source="D3" target="C3"/>
  <move id="483" source="C4" target="D4"/>
  <move id="484" source="C3" target="C4"/>
  <move id="485" source="D4" target="D3"/>
  <move id="486" source="C4" target="B4"/>
  <move id="487" source="E4" target="D4"/>
  <move id="488" source="B4" target="B5"/>
  <move id="489" source="E8" target="E9"/>
  <move id="490" source="B5" target="B6"/>
  <move id="491" source="D4" target="E4"/>
  <move id="492" source="F7" target="F8"/>
  <move id="493" source="E4" target="E5"/>
  <move id="494" source="F6" target="F7"/>
  <move id="495" source="E5" target="E6"/>
  <move id="496" source="F7" target="G7"/>
  <move id="497" source="E6" target="E5"/>
  <move id="498" source="B6" target="B7"/>
  <move id="499" source="A7" target="A6"/>
  <move id="500" source="B7" target="C7"/>
  <move id="501" source="D3" target="C3"/>
  <move id="502" source="C7" target="C8"/>
  <move id="503" source="C3" target="B3"/>
  <move id="504" source="C8" target="D8"/>
  <move id="505" source="B3" target="B4"/>
  <move id="506" source="D8" target="E8"/>
  <move id="507" source="E9" target="D9"/>
  <move id="508" source="F8" target="F7"/>
  <move id="509" source="B4" target="B5"/>
  <move id="510" source="E8" target="D8"/>
  <move id="511" source="B5" target="B4"/>
  <move id="512" source="F7" target="F6"/>
  <move id="513" source="B4" target="B3"/>
  <move id="514" source="D8" target="D7"/>
  <move id="515" source="E5" target="E4"/>
  <move id="516" source="F6" target="F5"/>
  <move id="517" source="E4" target="D4"/>
  <move id="518" source="D7" target="E7"/>
  <move id="519" source="B3" target="B4"/>
  <move id="520" source="F5" target="E5"/>
  <move id="521" source="F3" target="E3"/>
  <move id="522" source="E7" target="F7"/>
  <move id="523" source="B4" target="A4"/>
  <move id="524" source="F7" target="F6"/>
  <move id="525" source="A4" target="A5"/>
  <move id="526" source="F6" target="F5"/>
  <move id="527" source="A5" target="B5"/>
  <move id="528" source="F5" target="F4"/>
  <move id="529" source="B5" target="B6"/>
  <move id="530" source="F4" target="F3"/>
  <move id="531" source="E3" target="D3"/>
  <move id="532" source="F3" target="E3"/>
  <move id="533" source="D3" target="C3"/>
  <move id="534" source="E5" target="E4"/>
  <move id="535" source="D4" target="D3"/>
  <move id="536" source="E3" target="F3"/>
  <move id="537" source="B6" target="B7"/>
  <move id="538" source="F3" target="F4"/>
  <move id="539" source="B7" target="C7"/>
  <move id="540" source="F4" target="F5"/>
  <move id="541" source="C7" target="D7"/>
  <move id="542" source="C9" target="C8"/>
  <move id="543" source="A6" target="A7"/>
  <move id="544" source="F5" target="F6"/>
  <move id="545" source="D7" target="E7"/>
  <move id="546" source="F6" target="F7"/>
  <move id="547" source="E7" target="E8"/>
  <move id="548" source="C8" target="D8"/>
  <move id="549" source="E8" target="E9"/>
  <move id="550" source="D8" target="E8"/>
  <move id="551" source="E9" target="E:"/>
  <player id="1">Player 1</player>
  <player id="2">Player 2</player>
  <result type="3" winner="1"/>
 </game>
</stratego>