<?xml version="1.0" encoding="UTF-8"?>
<stratego>
 <game type="classic">
  
  <field content="DKELHBDDIDGEMGBDHGBDIFBBIGCFFEEJDBDHEFJHAA__AA__AAAA__AA__AARPURPTQNRSNSPXUPWTPNQPVYTTUOQSPNRNQNQSVP"/>
  <move id="1" source="K4" target="K5"/>
  <move id="2" source="F7" target="F6"/>
  <move id="3" source="K5" target="K6"/>
  <move id="4" source="F6" target="F5"/>
  <move id="5" source="I4" target="K4"/>
  <move id="6" source="E7" target="E4"/>
  <move id="7" source="F4" target="F5"/>
  <move id="8" source="F8" target="F7"/>
  <move id="9" source="H4" target="I4"/>
  <move id="10" source="F7" target="F6"/>
  <move id="11" source="F3" target="F4"/>
  <move id="12" source="F6" target="F5"/>
  <move id="13" source="E3" target="F3"/>
  <move id="14" source="E8" target="E7"/>
  <move id="15" source="I4" target="I5"/>
  <move id="16" source="E7" target="E6"/>
  <move id="17" source="F4" target="F5"/>
  <move id="18" source="F9" target="F8"/>
  <move id="19" source="F5" target="F4"/>
  <move id="20" source="E6" target="E5"/>
  <move id="21" source="K6" target="K7"/>
  <move id="22" source="F8" target="F7"/>
  <move id="23" source="K7" target="I7"/>
  <move id="24" source="F7" target="F6"/>
  <move id="25" source="I7" target="I8"/>
  <move id="26" source="H8" target="I8"/>
  <move id="27" source="I5" target="I6"/>
  <move id="28" source="F6" target="F5"/>
  <move id="29" source="I6" target="I7"/>
  <move id="30" source="F5" target="F4"/>
  <move id="31" source="F3" target="F4"/>
  <move id="32" source="G9" target="F9"/>
  <move id="33" source="I7" target="H7"/>
  <move id="34" source="I9" target="I8"/>
  <move id="35" source="I3" target="I4"/>
  <move id="36" source="E5" target="F5"/>
  <move id="37" source="I4" target="I5"/>
  <move id="38" source="D7" target="E7"/>
  <move id="39" source="I5" target="I6"/>
  <move id="40" source="E7" target="E6"/>
  <move id="41" source="I6" target="I7"/>
  <move id="42" source="G8" target="H8"/>
  <move id="43" source="I7" target="I8"/>
  <move id="44" source="H8" target="G8"/>
  <move id="45" source="I8" target="K8"/>
  <move id="46" source="G8" target="H8"/>
  <move id="47" source="K3" target="I3"/>
  <move id="48" source="K9" target="I9"/>
  <move id="49" source="I3" target="I4"/>
  <move id="50" source="I9" target="I8"/>
  <move id="51" source="I4" target="I5"/>
  <move id="52" source="E6" target="E5"/>
  <move id="53" source="I5" target="K5"/>
  <move id="54" source="E5" target="E4"/>
  <move id="55" source="F4" target="F3"/>
  <move id="56" source="E4" target="F4"/>
  <move id="57" source="F3" target="F4"/>
  <move id="58" source="F5" target="F4"/>
  <move id="59" source="K2" target="K3"/>
  <move id="60" source="C7" target="D7"/>
  <move id="61" source="H3" target="H4"/>
  <move id="62" source="D7" target="E7"/>
  <move id="63" source="H2" target="H3"/>
  <move id="64" source="C8" target="C7"/>
  <move id="65" source="H3" target="I3"/>
  <move id="66" source="C7" target="D7"/>
  <move id="67" source="I3" target="I4"/>
  <move id="68" source="E7" target="F7"/>
  <move id="69" source="I4" target="I5"/>
  <move id="70" source="D7" target="E7"/>
  <move id="71" source="I5" target="I6"/>
  <move id="72" source="G7" target="G8"/>
  <move id="73" source="I6" target="I7"/>
  <move id="74" source="F7" target="G7"/>
  <move id="75" source="I7" target="I8"/>
  <move id="76" source="K:" target="K9"/>
  <move id="77" source="K3" target="I3"/>
  <move id="78" source="K9" target="I9"/>
  <move id="79" source="H4" target="I4"/>
  <move id="80" source="E7" target="E6"/>
  <move id="81" source="I4" target="I5"/>
  <move id="82" source="E6" target="E5"/>
  <move id="83" source="I5" target="I6"/>
  <move id="84" source="E5" target="F5"/>
  <move id="85" source="G3" target="H3"/>
  <move id="86" source="F5" target="F4"/>
  <move id="87" source="G2" target="G3"/>
  <move id="88" source="F4" target="G4"/>
  <move id="89" source="I6" target="I7"/>
  <move id="90" source="I9" target="I8"/>
  <move id="91" source="K5" target="K6"/>
  <move id="92" source="I:" target="I9"/>
  <move id="93" source="K6" target="K7"/>
  <move id="94" source="I9" target="K9"/>
  <move id="95" source="I7" target="I8"/>
  <move id="96" source="K9" target="I9"/>
  <move id="97" source="I8" target="H8"/>
  <move id="98" source="G7" target="F7"/>
  <move id="99" source="K7" target="K8"/>
  <move id="100" source="I9" target="I8"/>
  <move id="101" source="K8" target="K7"/>
  <move id="102" source="I8" target="I7"/>
  <move id="103" source="K7" target="K6"/>
  <move id="104" source="I7" target="I6"/>
  <move id="105" source="K6" target="K5"/>
  <move id="106" source="F7" target="F6"/>
  <move id="107" source="G3" target="F3"/>
  <move id="108" source="F6" target="F5"/>
  <move id="109" source="G4" target="G3"/>
  <move id="110" source="F5" target="F4"/>
  <move id="111" source="F3" target="F4"/>
  <move id="112" source="F4" target="F5"/>
  <move id="113" source="K4" target="I4"/>
  <move id="114" source="I6" target="K6"/>
  <move id="115" source="K5" target="I5"/>
  <move id="116" source="H:" target="I:"/>
  <move id="117" source="I4" target="K4"/>
  <move id="118" source="I:" target="I9"/>
  <move id="119" source="I5" target="I4"/>
  <move id="120" source="K6" target="I6"/>
  <move id="121" source="I4" target="H4"/>
  <move id="122" source="I9" target="I8"/>
  <move id="123" source="K4" target="K5"/>
  <move id="124" source="I8" target="K8"/>
  <move id="125" source="F2" target="F3"/>
  <move id="126" source="I6" target="I7"/>
  <move id="127" source="K5" target="K6"/>
  <move id="128" source="F5" target="F6"/>
  <move id="129" source="F3" target="F4"/>
  <move id="130" source="I7" target="I8"/>
  <move id="131" source="F4" target="F5"/>
  <move id="132" source="F6" target="F7"/>
  <move id="133" source="F5" target="F6"/>
  <move id="134" source="G8" target="G7"/>
  <move id="135" source="F6" target="E6"/>
  <move id="136" source="F7" target="F8"/>
  <move id="137" source="E6" target="E7"/>
  <move id="138" source="B7" target="E7"/>
  <move id="139" source="H4" target="G4"/>
  <move id="140" source="G7" target="F7"/>
  <move id="141" source="G4" target="F4"/>
  <move id="142" source="F7" target="F6"/>
  <move id="143" source="F4" target="F5"/>
  <move id="144" source="F6" target="F5"/>
  <move id="145" source="K6" target="K7"/>
  <move id="146" source="B8" target="C8"/>
  <move id="147" source="A4" target="A5"/>
  <move id="148" source="C8" target="C7"/>
  <move id="149" source="A5" target="A6"/>
  <move id="150" source="C9" target="C8"/>
  <move id="151" source="A6" target="A7"/>
  <move id="152" source="C7" target="D7"/>
  <move id="153" source="A3" target="A4"/>
  <move id="154" source="D7" target="E7"/>
  <move id="155" source="A4" target="A5"/>
  <move id="156" source="A7" target="B7"/>
  <move id="157" source="A5" target="B5"/>
  <move id="158" source="B7" target="C7"/>
  <move id="159" source="A2" target="A3"/>
  <move id="160" source="B9" target="B8"/>
  <move id="161" source="A3" target="A4"/>
  <move id="162" source="E7" target="E6"/>
  <move id="163" source="A4" target="A5"/>
  <move id="164" source="E6" target="E5"/>
  <move id="165" source="A5" target="A6"/>
  <move id="166" source="E5" target="E4"/>
  <move id="167" source="B5" target="B6"/>
  <move id="168" source="F8" target="F7"/>
  <move id="169" source="B6" target="B7"/>
  <move id="170" source="F7" target="G7"/>
  <move id="171" source="G1" target="G2"/>
  <move id="172" source="C:" target="C9"/>
  <move id="173" source="G2" target="F2"/>
  <move id="174" source="C9" target="B9"/>
  <move id="175" source="F2" target="F3"/>
  <move id="176" source="E4" target="D4"/>
  <move id="177" source="F3" target="F4"/>
  <move id="178" source="B8" target="B7"/>
  <move id="179" source="B7" target="C7"/>
  <move id="180" source="C8" target="C7"/>
  <move id="181" source="A6" target="A7"/>
  <move id="182" source="B9" target="B8"/>
  <move id="183" source="A7" target="B7"/>
  <move id="184" source="C7" target="D7"/>
  <move id="185" source="B7" target="C7"/>
  <move id="186" source="D7" target="E7"/>
  <move id="187" source="C7" target="D7"/>
  <move id="188" source="E7" target="D7"/>
  <move id="189" source="A1" target="A8"/>
  <move id="190" source="D7" target="C7"/>
  <move id="191" source="B4" target="B5"/>
  <move id="192" source="C7" target="D7"/>
  <move id="193" source="B5" target="B6"/>
  <move id="194" source="B8" target="C8"/>
  <move id="195" source="B6" target="B7"/>
  <move id="196" source="D7" target="E7"/>
  <move id="197" source="B2" target="A2"/>
  <move id="198" source="C8" target="B8"/>
  <move id="199" source="A2" target="A3"/>
  <move id="200" source="B8" target="B7"/>
  <move id="201" source="A3" target="A4"/>
  <move id="202" source="D8" target="C8"/>
  <move id="203" source="A4" target="A5"/>
  <move id="204" source="E7" target="D7"/>
  <move id="205" source="A5" target="A6"/>
  <move id="206" source="D7" target="C7"/>
  <move id="207" source="B7" target="B6"/>
  <move id="208" source="C7" target="B7"/>
  <move id="209" source="B6" target="B5"/>
  <move id="210" source="B7" target="B6"/>
  <move id="211" source="A6" target="A7"/>
  <move id="212" source="B6" target="B5"/>
  <move id="213" source="C4" target="B4"/>
  <move id="214" source="E9" target="E8"/>
  <move id="215" source="B1" target="A1"/>
  <move id="216" source="E8" target="E7"/>
  <move id="217" source="A1" target="A2"/>
  <move id="218" source="E7" target="D7"/>
  <move id="219" source="A7" target="A8"/>
  <move id="220" source="A9" target="A8"/>
  <move id="221" source="A2" target="A3"/>
  <move id="222" source="D7" target="C7"/>
  <move id="223" source="B4" target="B8"/>
  <move id="224" source="C7" target="B7"/>
  <move id="225" source="B8" target="C8"/>
  <move id="226" source="A:" target="A3"/>
  <move id="227" source="A3" target="A4"/>
  <move id="228" source="I8" target="I9"/>
  <move id="229" source="A4" target="A5"/>
  <move id="230" source="K8" target="I8"/>
  <move id="231" source="A5" target="A6"/>
  <move id="232" source="C8" target="B8"/>
  <move id="233" source="C1" target="B1"/>
  <move id="234" source="B7" target="C7"/>
  <move id="235" source="B1" target="A1"/>
  <move id="236" source="H8" target="G8"/>
  <move id="237" source="A6" target="A7"/>
  <move id="238" source="G8" target="F8"/>
  <move id="239" source="D1" target="C1"/>
  <move id="240" source="F8" target="E8"/>
  <move id="241" source="C1" target="B1"/>
  <move id="242" source="E8" target="D8"/>
  <move id="243" source="B1" target="B2"/>
  <move id="244" source="D8" target="C8"/>
  <move id="245" source="B2" target="A2"/>
  <move id="246" source="B8" target="B7"/>
  <move id="247" source="A7" target="A8"/>
  <move id="248" source="C8" target="B8"/>
  <move id="249" source="A2" target="A3"/>
  <move id="250" source="B8" target="A8"/>
  <move id="251" source="K7" target="I7"/>
  <move id="252" source="I8" target="K8"/>
  <move id="253" source="I7" target="I8"/>
  <move id="254" source="K8" target="K7"/>
  <move id="255" source="I8" target="I9"/>
  <move id="256" source="G7" target="G8"/>
  <move id="257" source="F4" target="F5"/>
  <move id="258" source="H9" target="H8"/>
  <move id="259" source="F5" target="F6"/>
  <move id="260" source="G8" target="F8"/>
  <move id="261" source="F6" target="E6"/>
  <move id="262" source="H8" target="G8"/>
  <move id="263" source="A3" target="A4"/>
  <move id="264" source="F8" target="F7"/>
  <move id="265" source="A4" target="A5"/>
  <move id="266" source="G8" target="F8"/>
  <move id="267" source="A5" target="A6"/>
  <move id="268" source="C7" target="C8"/>
  <move id="269" source="H1" target="G1"/>
  <move id="270" source="K7" target="I7"/>
  <move id="271" source="G3" target="G4"/>
  <move id="272" source="I7" target="I6"/>
  <move id="273" source="I3" target="K3"/>
  <move id="274" source="I6" target="I5"/>
  <move id="275" source="G4" target="F4"/>
  <move id="276" source="F9" target="E9"/>
  <move id="277" source="G1" target="G2"/>
  <move id="278" source="E9" target="E8"/>
  <move id="279" source="E1" target="D1"/>
  <move id="280" source="F7" target="F6"/>
  <move id="281" source="E6" target="E7"/>
  <move id="282" source="F6" target="E6"/>
  <move id="283" source="E7" target="F7"/>
  <move id="284" source="F8" target="F7"/>
  <move id="285" source="F7" target="F:"/>
  <move id="286" source="E6" target="E5"/>
  <move id="287" source="D1" target="C1"/>
  <move id="288" source="E8" target="F8"/>
  <move id="289" source="C1" target="B1"/>
  <move id="290" source="F8" target="E8"/>
  <move id="291" source="B1" target="B2"/>
  <move id="292" source="C8" target="B8"/>
  <move id="293" source="B2" target="A2"/>
  <move id="294" source="B8" target="A8"/>
  <move id="295" source="A2" target="A3"/>
  <move id="296" source="E8" target="D8"/>
  <move id="297" source="A3" target="A4"/>
  <move id="298" source="D8" target="C8"/>
  <move id="299" source="A4" target="A5"/>
  <move id="300" source="C8" target="C7"/>
  <move id="301" source="A5" target="B5"/>
  <move id="302" source="C7" target="C8"/>
  <move id="303" source="B5" target="B6"/>
  <move id="304" source="B7" target="B6"/>
  <move id="305" source="A6" target="A7"/>
  <move id="306" source="A8" target="A7"/>
  <move id="307" source="A7" target="A8"/>
  <move id="308" source="B6" target="B7"/>
  <move id="309" source="K3" target="K4"/>
  <move id="310" source="B7" target="B8"/>
  <move id="311" source="A8" target="A7"/>
  <move id="312" source="C8" target="D8"/>
  <move id="313" source="K4" target="K5"/>
  <move id="314" source="I5" target="I4"/>
  <move id="315" source="K5" target="K6"/>
  <move id="316" source="E5" target="F5"/>
  <move id="317" source="F4" target="E4"/>
  <move id="318" source="F5" target="F4"/>
  <move id="319" source="E4" target="E5"/>
  <move id="320" source="F4" target="F5"/>
  <move id="321" source="E5" target="E6"/>
  <move id="322" source="F5" target="F6"/>
  <move id="323" source="E6" target="E7"/>
  <move id="324" source="F6" target="F7"/>
  <move id="325" source="E7" target="E8"/>
  <move id="326" source="D8" target="E8"/>
  <move id="327" source="G2" target="F2"/>
  <move id="328" source="E8" target="E7"/>
  <move id="329" source="F2" target="F3"/>
  <move id="330" source="F7" target="F8"/>
  <move id="331" source="F3" target="F4"/>
  <move id="332" source="F8" target="G8"/>
  <move id="333" source="K6" target="K7"/>
  <move id="334" source="I4" target="I5"/>
  <move id="335" source="K7" target="K8"/>
  <move id="336" source="I5" target="I6"/>
  <move id="337" source="K8" target="K9"/>
  <move id="338" source="G8" target="G9"/>
  <move id="339" source="K9" target="K:"/>
  <move id="340" source="I6" target="I7"/>
  <move id="341" source="I1" target="H1"/>
  <move id="342" source="I7" target="I8"/>
  <move id="343" source="H1" target="G1"/>
  <move id="344" source="I8" target="H8"/>
  <move id="345" source="G1" target="G2"/>
  <move id="346" source="H8" target="H9"/>
  <move id="347" source="G2" target="G3"/>
  <move id="348" source="G9" target="G8"/>
  <move id="349" source="G3" target="F3"/>
  <move id="350" source="G8" target="F8"/>
  <move id="351" source="F4" target="G4"/>
  <move id="352" source="F8" target="F7"/>
  <move id="353" source="G4" target="H4"/>
  <move id="354" source="F7" target="F6"/>
  <move id="355" source="F3" target="G3"/>
  <move id="356" source="F6" target="F5"/>
  <move id="357" source="H4" target="I4"/>
  <move id="358" source="F5" target="F4"/>
  <move id="359" source="I4" target="I5"/>
  <move id="360" source="F4" target="F3"/>
  <move id="361" source="G3" target="G4"/>
  <move id="362" source="F3" target="G3"/>
  <move id="363" source="G4" target="F4"/>
  <move id="364" source="G3" target="F3"/>
  <move id="365" source="F4" target="F5"/>
  <move id="366" source="F3" target="F4"/>
  <move id="367" source="F5" target="F6"/>
  <move id="368" source="F4" target="F5"/>
  <move id="369" source="F6" target="F7"/>
  <move id="370" source="E7" target="F7"/>
  <move id="371" source="I5" target="I4"/>
  <move id="372" source="F5" target="F4"/>
  <move id="373" source="I4" target="K4"/>
  <move id="374" source="F4" target="F3"/>
  <move id="375" source="K4" target="I4"/>
  <move id="376" source="F3" target="E3"/>
  <move id="377" source="I4" target="H4"/>
  <move id="378" source="E3" target="E4"/>
  <move id="379" source="H4" target="G4"/>
  <move id="380" source="E4" target="F4"/>
  <move id="381" source="G4" target="G3"/>
  <move id="382" source="G:" target="G9"/>
  <move id="383" source="A1" target="A2"/>
  <move id="384" source="G9" target="F9"/>
  <move id="385" source="A2" target="A3"/>
  <move id="386" source="F9" target="F8"/>
  <move id="387" source="A3" target="A4"/>
  <move id="388" source="F8" target="F7"/>
  <move id="389" source="A4" target="A5"/>
  <move id="390" source="F7" target="F6"/>
  <move id="391" source="A5" target="B5"/>
  <move id="392" source="F6" target="E6"/>
  <move id="393" source="B5" target="B6"/>
  <move id="394" source="E6" target="E5"/>
  <move id="395" source="B3" target="B4"/>
  <move id="396" source="E5" target="E4"/>
  <move id="397" source="B4" target="C4"/>
  <move id="398" source="F4" target="F3"/>
  <move id="399" source="G3" target="G4"/>
  <move id="400" source="E4" target="E3"/>
  <move id="401" source="A7" target="B7"/>
  <move id="402" source="B8" target="C8"/>
  <move id="403" source="B6" target="A6"/>
  <move id="404" source="E3" target="E2"/>
  <move id="405" source="D2" target="E2"/>
  <move id="406" source="F3" target="E3"/>
  <move id="407" source="E2" target="F2"/>
  <move id="408" source="E3" target="E2"/>
  <move id="409" source="F2" target="F3"/>
  <move id="410" source="E2" target="E3"/>
  <move id="411" source="F3" target="F2"/>
  <move id="412" source="E3" target="F3"/>
  <move id="413" source="F2" target="E2"/>
  <move id="414" source="F3" target="E3"/>
  <move id="415" source="E2" target="F2"/>
  <move id="416" source="E3" target="F3"/>
  <move id="417" source="F2" target="E2"/>
  <move id="418" source="F3" target="F4"/>
  <move id="419" source="G4" target="G3"/>
  <move id="420" source="F4" target="F3"/>
  <move id="421" source="G3" target="G4"/>
  <move id="422" source="H9" target="I9"/>
  <move id="423" source="A6" target="A7"/>
  <move id="424" source="I9" target="I:"/>
  <move id="425" source="K:" target="K9"/>
  <move id="426" source="I:" target="I9"/>
  <move id="427" source="K9" target="K8"/>
  <move id="428" source="I9" target="I8"/>
  <move id="429" source="K8" target="K9"/>
  <move id="430" source="I8" target="I7"/>
  <move id="431" source="A7" target="A8"/>
  <move id="432" source="I7" target="I6"/>
  <move id="433" source="A8" target="A9"/>
  <move id="434" source="C8" target="C9"/>
  <move id="435" source="B7" target="B8"/>
  <move id="436" source="I6" target="I5"/>
  <move id="437" source="B8" target="C8"/>
  <move id="438" source="C9" target="C8"/>
  <move id="439" source="A9" target="B9"/>
  <move id="440" source="I5" target="I4"/>
  <move id="441" source="B9" target="B:"/>
  <move id="442" source="I4" target="H4"/>
  <move id="443" source="G4" target="E4"/>
  <move id="444" source="F3" target="E3"/>
  <move id="445" source="E4" target="E:"/>
  <move id="446" source="E3" target="E2"/>
  <move id="447" source="B:" target="C:"/>
  <move id="448" source="E2" target="D2"/>
  <move id="449" source="C:" target="D:"/>
  <move id="450" source="E:" target="D:"/>
  <move id="451" source="K9" target="D9"/>
  <player id="1">Player 1</player>
  <player id="2">Player 2</player>
  <result type="1" winner="1"/>
 </game>
</stratego>