<?xml version="1.0" encoding="UTF-8"?>
<stratego>
 <game type="classic">
  
  <field content="EBBMEHBHBELDJFBFBCIDIEKHEDJGDGGDIDGFHFDDAA__AA__AAAA__AA__AANTSXRPTOSPNRVPTPVPWSRTUNRSUQPUNQNYNQPQPQ"/>
  <move id="1" source="A4" target="A5"/>
  <move id="2" source="B7" target="B6"/>
  <move id="3" source="B4" target="B5"/>
  <move id="4" source="B6" target="A6"/>
  <move id="5" source="A3" target="A4"/>
  <move id="6" source="C7" target="B7"/>
  <move id="7" source="C4" target="B4"/>
  <move id="8" source="B7" target="B6"/>
  <move id="9" source="B5" target="B6"/>
  <move id="10" source="B6" target="B7"/>
  <move id="11" source="A5" target="B5"/>
  <move id="12" source="B7" target="C7"/>
  <move id="13" source="B5" target="B6"/>
  <move id="14" source="A6" target="B6"/>
  <move id="15" source="A4" target="A5"/>
  <move id="16" source="I7" target="I6"/>
  <move id="17" source="A5" target="A6"/>
  <move id="18" source="B6" target="A6"/>
  <move id="19" source="A6" target="A5"/>
  <move id="20" source="I8" target="I7"/>
  <move id="21" source="D4" target="C4"/>
  <move id="22" source="I6" target="I5"/>
  <move id="23" source="A5" target="A6"/>
  <move id="24" source="I7" target="I6"/>
  <move id="25" source="B4" target="A4"/>
  <move id="26" source="K7" target="K4"/>
  <move id="27" source="C4" target="B4"/>
  <move id="28" source="H8" target="I8"/>
  <move id="29" source="B4" target="B5"/>
  <move id="30" source="I8" target="I7"/>
  <move id="31" source="B5" target="B6"/>
  <move id="32" source="I7" target="K7"/>
  <move id="33" source="A6" target="A5"/>
  <move id="34" source="K7" target="K3"/>
  <move id="35" source="I4" target="K4"/>
  <move id="36" source="I5" target="K5"/>
  <move id="37" source="I3" target="I4"/>
  <move id="38" source="I6" target="I5"/>
  <move id="39" source="E4" target="D4"/>
  <move id="40" source="K5" target="K4"/>
  <move id="41" source="K3" target="K4"/>
  <move id="42" source="I9" target="I8"/>
  <move id="43" source="D4" target="C4"/>
  <move id="44" source="I8" target="I7"/>
  <move id="45" source="C4" target="B4"/>
  <move id="46" source="I7" target="K7"/>
  <move id="47" source="B4" target="B5"/>
  <move id="48" source="K7" target="K2"/>
  <move id="49" source="B6" target="A6"/>
  <move id="50" source="I:" target="I9"/>
  <move id="51" source="B5" target="B6"/>
  <move id="52" source="I9" target="I8"/>
  <move id="53" source="B6" target="B7"/>
  <move id="54" source="I8" target="I7"/>
  <move id="55" source="A6" target="B6"/>
  <move id="56" source="I7" target="K7"/>
  <move id="57" source="A5" target="A6"/>
  <move id="58" source="K7" target="K1"/>
  <move id="59" source="B7" target="B8"/>
  <move id="60" source="B9" target="B8"/>
  <move id="61" source="B6" target="B7"/>
  <move id="62" source="B8" target="B9"/>
  <move id="63" source="B7" target="B8"/>
  <move id="64" source="K8" target="K7"/>
  <move id="65" source="B8" target="C8"/>
  <move id="66" source="K7" target="K6"/>
  <move id="67" source="B3" target="B4"/>
  <move id="68" source="K6" target="K5"/>
  <move id="69" source="B4" target="C4"/>
  <move id="70" source="K5" target="K4"/>
  <move id="71" source="H3" target="I3"/>
  <move id="72" source="K4" target="I4"/>
  <move id="73" source="A2" target="A3"/>
  <move id="74" source="C7" target="B7"/>
  <move id="75" source="A6" target="B6"/>
  <move id="76" source="B7" target="B8"/>
  <move id="77" source="B6" target="B7"/>
  <move id="78" source="D7" target="C7"/>
  <move id="79" source="B7" target="B6"/>
  <move id="80" source="C7" target="B7"/>
  <move id="81" source="B6" target="B5"/>
  <move id="82" source="B7" target="B6"/>
  <move id="83" source="B5" target="B4"/>
  <move id="84" source="B6" target="B5"/>
  <move id="85" source="B4" target="B3"/>
  <move id="86" source="B5" target="B4"/>
  <move id="87" source="D3" target="D4"/>
  <move id="88" source="D8" target="D7"/>
  <move id="89" source="C4" target="B4"/>
  <move id="90" source="B4" target="A4"/>
  <move id="91" source="A3" target="A4"/>
  <move id="92" source="D7" target="B7"/>
  <move id="93" source="C3" target="C4"/>
  <move id="94" source="B7" target="B3"/>
  <move id="95" source="C4" target="B4"/>
  <move id="96" source="B8" target="B7"/>
  <move id="97" source="D4" target="C4"/>
  <move id="98" source="B7" target="B6"/>
  <move id="99" source="B4" target="B5"/>
  <move id="100" source="B6" target="B5"/>
  <move id="101" source="B5" target="B6"/>
  <move id="102" source="I4" target="I3"/>
  <move id="103" source="B6" target="B7"/>
  <move id="104" source="F7" target="F4"/>
  <move id="105" source="B7" target="B8"/>
  <move id="106" source="C8" target="C7"/>
  <move id="107" source="B3" target="C3"/>
  <move id="108" source="K9" target="K8"/>
  <move id="109" source="B8" target="B7"/>
  <move id="110" source="C7" target="C8"/>
  <move id="111" source="B7" target="C7"/>
  <move id="112" source="C8" target="B8"/>
  <move id="113" source="C3" target="D3"/>
  <move id="114" source="G7" target="F7"/>
  <move id="115" source="C7" target="D7"/>
  <move id="116" source="F7" target="F6"/>
  <move id="117" source="D7" target="D8"/>
  <move id="118" source="F6" target="F5"/>
  <move id="119" source="D8" target="E8"/>
  <move id="120" source="F5" target="F4"/>
  <move id="121" source="E8" target="F8"/>
  <move id="122" source="F4" target="G4"/>
  <move id="123" source="F8" target="G8"/>
  <move id="124" source="I5" target="I4"/>
  <move id="125" source="H4" target="I4"/>
  <move id="126" source="I4" target="H4"/>
  <move id="127" source="F3" target="F9"/>
  <move id="128" source="H4" target="G4"/>
  <move id="129" source="G3" target="H3"/>
  <move id="130" source="G4" target="F4"/>
  <move id="131" source="C4" target="B4"/>
  <move id="132" source="F4" target="E4"/>
  <move id="133" source="E3" target="E4"/>
  <move id="134" source="E4" target="D4"/>
  <move id="135" source="D3" target="E3"/>
  <move id="136" source="B8" target="B7"/>
  <move id="137" source="F2" target="F3"/>
  <move id="138" source="B7" target="B6"/>
  <move id="139" source="F3" target="F4"/>
  <move id="140" source="B6" target="B5"/>
  <move id="141" source="F4" target="F5"/>
  <move id="142" source="B5" target="B4"/>
  <move id="143" source="F5" target="F6"/>
  <move id="144" source="D4" target="E4"/>
  <move id="145" source="E3" target="F3"/>
  <move id="146" source="B4" target="B3"/>
  <move id="147" source="G8" target="F8"/>
  <move id="148" source="B3" target="B2"/>
  <move id="149" source="F6" target="F7"/>
  <move id="150" source="B2" target="B1"/>
  <move id="151" source="F7" target="G7"/>
  <move id="152" source="B9" target="B8"/>
  <move id="153" source="G7" target="G8"/>
  <move id="154" source="B8" target="B7"/>
  <move id="155" source="G8" target="G9"/>
  <move id="156" source="F9" target="F8"/>
  <move id="157" source="H3" target="H4"/>
  <move id="158" source="B7" target="B6"/>
  <move id="159" source="H4" target="I4"/>
  <move id="160" source="B6" target="B5"/>
  <move id="161" source="I4" target="I5"/>
  <move id="162" source="B5" target="B4"/>
  <move id="163" source="I5" target="I6"/>
  <move id="164" source="B4" target="B3"/>
  <move id="165" source="A1" target="A2"/>
  <move id="166" source="B3" target="A3"/>
  <move id="167" source="A2" target="B2"/>
  <move id="168" source="C9" target="C8"/>
  <move id="169" source="I6" target="I7"/>
  <move id="170" source="C8" target="C7"/>
  <move id="171" source="I7" target="I8"/>
  <move id="172" source="C7" target="B7"/>
  <move id="173" source="I8" target="H8"/>
  <move id="174" source="B7" target="B6"/>
  <move id="175" source="H8" target="G8"/>
  <move id="176" source="B6" target="B5"/>
  <move id="177" source="G8" target="G9"/>
  <move id="178" source="B5" target="B4"/>
  <move id="179" source="F8" target="F7"/>
  <move id="180" source="B4" target="B3"/>
  <move id="181" source="F7" target="F6"/>
  <move id="182" source="B3" target="B2"/>
  <move id="183" source="C2" target="B2"/>
  <move id="184" source="E4" target="E3"/>
  <move id="185" source="F3" target="F4"/>
  <move id="186" source="E3" target="D3"/>
  <move id="187" source="B2" target="B3"/>
  <move id="188" source="A3" target="A2"/>
  <move id="189" source="D2" target="C2"/>
  <move id="190" source="D3" target="C3"/>
  <move id="191" source="B3" target="A3"/>
  <move id="192" source="A2" target="B2"/>
  <move id="193" source="C2" target="B2"/>
  <move id="194" source="B2" target="C2"/>
  <move id="195" source="F6" target="E6"/>
  <move id="196" source="C2" target="C1"/>
  <move id="197" source="A3" target="A4"/>
  <move id="198" source="C3" target="D3"/>
  <move id="199" source="G9" target="G:"/>
  <move id="200" source="D3" target="E3"/>
  <move id="201" source="F4" target="F5"/>
  <move id="202" source="E3" target="F3"/>
  <move id="203" source="E6" target="E5"/>
  <move id="204" source="F3" target="F4"/>
  <move id="205" source="F5" target="F6"/>
  <move id="206" source="K8" target="K7"/>
  <move id="207" source="F6" target="F7"/>
  <move id="208" source="K7" target="K6"/>
  <move id="209" source="F7" target="F8"/>
  <move id="210" source="K6" target="K5"/>
  <move id="211" source="F8" target="G8"/>
  <move id="212" source="K5" target="K4"/>
  <move id="213" source="G8" target="H8"/>
  <move id="214" source="K4" target="K3"/>
  <move id="215" source="H8" target="I8"/>
  <move id="216" source="K3" target="K2"/>
  <move id="217" source="I2" target="K2"/>
  <move id="218" source="F4" target="G4"/>
  <move id="219" source="E5" target="E4"/>
  <move id="220" source="G4" target="H4"/>
  <move id="221" source="E4" target="F4"/>
  <move id="222" source="H4" target="H3"/>
  <move id="223" source="F4" target="G4"/>
  <move id="224" source="H3" target="H2"/>
  <move id="225" source="G4" target="G3"/>
  <player id="1">Player 1</player>
  <player id="2">Player 2</player>
  <result type="3" winner="1"/>
 </game>
</stratego>