<?xml version="1.0" encoding="UTF-8"?>
<stratego>
 <game type="classic">
  
  <field content="BEBFJBMBCDFGEHDGBEIKJDELHEGDFHFDIBGDHDDIAA__AA__AAAA__AA__AARPNQSTVXURTSRNUPPPPTPSTOWRNUQVQNQNSPYNPQ"/>
  <move id="1" source="I4" target="I5"/>
  <move id="2" source="I7" target="I6"/>
  <move id="3" source="H4" target="I4"/>
  <move id="4" source="E7" target="E6"/>
  <move id="5" source="I5" target="K5"/>
  <move id="6" source="I6" target="K6"/>
  <move id="7" source="I4" target="I5"/>
  <move id="8" source="I8" target="I5"/>
  <move id="9" source="K5" target="I5"/>
  <move id="10" source="K6" target="I6"/>
  <move id="11" source="I3" target="I4"/>
  <move id="12" source="E6" target="E5"/>
  <move id="13" source="F4" target="F5"/>
  <move id="14" source="E5" target="E4"/>
  <move id="15" source="F5" target="E5"/>
  <move id="16" source="F7" target="E7"/>
  <move id="17" source="I5" target="K5"/>
  <move id="18" source="I6" target="K6"/>
  <move id="19" source="I4" target="I5"/>
  <move id="20" source="F8" target="F3"/>
  <move id="21" source="I5" target="I6"/>
  <move id="22" source="K6" target="K5"/>
  <move id="23" source="I6" target="I7"/>
  <move id="24" source="K7" target="I7"/>
  <move id="25" source="H3" target="I3"/>
  <move id="26" source="H8" target="I8"/>
  <move id="27" source="I3" target="I4"/>
  <move id="28" source="I8" target="I4"/>
  <move id="29" source="G3" target="H3"/>
  <move id="30" source="F9" target="F8"/>
  <move id="31" source="H3" target="H4"/>
  <move id="32" source="F8" target="F7"/>
  <move id="33" source="E3" target="E4"/>
  <move id="34" source="F7" target="F6"/>
  <move id="35" source="E4" target="F4"/>
  <move id="36" source="E7" target="E6"/>
  <move id="37" source="F3" target="E3"/>
  <move id="38" source="E6" target="E5"/>
  <move id="39" source="E3" target="F3"/>
  <move id="40" source="E5" target="F5"/>
  <move id="41" source="F4" target="E4"/>
  <move id="42" source="F6" target="F7"/>
  <move id="43" source="I2" target="I3"/>
  <move id="44" source="F7" target="F8"/>
  <move id="45" source="I3" target="I4"/>
  <move id="46" source="F8" target="F9"/>
  <move id="47" source="F3" target="G3"/>
  <move id="48" source="F5" target="E5"/>
  <move id="49" source="E4" target="F4"/>
  <move id="50" source="G8" target="F8"/>
  <move id="51" source="E2" target="E3"/>
  <move id="52" source="F8" target="F7"/>
  <move id="53" source="G3" target="H3"/>
  <move id="54" source="F7" target="E7"/>
  <move id="55" source="H3" target="I3"/>
  <move id="56" source="E5" target="F5"/>
  <move id="57" source="F4" target="E4"/>
  <move id="58" source="E7" target="E6"/>
  <move id="59" source="I3" target="I2"/>
  <move id="60" source="F5" target="E5"/>
  <move id="61" source="E4" target="F4"/>
  <move id="62" source="E5" target="E4"/>
  <move id="63" source="D2" target="E2"/>
  <move id="64" source="E6" target="E5"/>
  <move id="65" source="I4" target="I3"/>
  <move id="66" source="E4" target="F4"/>
  <move id="67" source="E3" target="E4"/>
  <move id="68" source="E5" target="E6"/>
  <move id="69" source="E2" target="E3"/>
  <move id="70" source="E6" target="E7"/>
  <move id="71" source="E3" target="F3"/>
  <move id="72" source="E7" target="F7"/>
  <move id="73" source="F3" target="F4"/>
  <move id="74" source="F7" target="F4"/>
  <move id="75" source="I3" target="H3"/>
  <move id="76" source="E8" target="F8"/>
  <move id="77" source="E1" target="E2"/>
  <move id="78" source="F8" target="F7"/>
  <move id="79" source="H3" target="G3"/>
  <move id="80" source="F7" target="F6"/>
  <move id="81" source="F4" target="F3"/>
  <move id="82" source="F6" target="F5"/>
  <move id="83" source="E2" target="D2"/>
  <move id="84" source="I9" target="I8"/>
  <move id="85" source="F3" target="E3"/>
  <move id="86" source="I8" target="I7"/>
  <move id="87" source="E3" target="E2"/>
  <move id="88" source="I7" target="I6"/>
  <move id="89" source="E2" target="E1"/>
  <move id="90" source="I6" target="I5"/>
  <move id="91" source="G3" target="F3"/>
  <move id="92" source="F5" target="F6"/>
  <move id="93" source="E4" target="E5"/>
  <move id="94" source="K8" target="I8"/>
  <move id="95" source="F3" target="F4"/>
  <move id="96" source="I8" target="H8"/>
  <move id="97" source="F4" target="F5"/>
  <move id="98" source="F6" target="F7"/>
  <move id="99" source="E5" target="E6"/>
  <move id="100" source="F7" target="F8"/>
  <move id="101" source="E6" target="E7"/>
  <move id="102" source="F8" target="E8"/>
  <move id="103" source="E7" target="F7"/>
  <move id="104" source="H8" target="G8"/>
  <move id="105" source="E1" target="E2"/>
  <move id="106" source="G8" target="F8"/>
  <move id="107" source="F5" target="F6"/>
  <move id="108" source="D7" target="E7"/>
  <move id="109" source="E2" target="E3"/>
  <move id="110" source="E7" target="E6"/>
  <move id="111" source="E3" target="E4"/>
  <move id="112" source="F8" target="F7"/>
  <move id="113" source="F6" target="F7"/>
  <move id="114" source="G7" target="F7"/>
  <move id="115" source="E4" target="E5"/>
  <move id="116" source="F7" target="E7"/>
  <move id="117" source="D2" target="E2"/>
  <move id="118" source="E6" target="F6"/>
  <move id="119" source="E2" target="E3"/>
  <move id="120" source="E7" target="D7"/>
  <move id="121" source="E5" target="F5"/>
  <move id="122" source="F6" target="E6"/>
  <move id="123" source="F5" target="F6"/>
  <move id="124" source="E6" target="E5"/>
  <move id="125" source="E3" target="E4"/>
  <move id="126" source="K5" target="K4"/>
  <move id="127" source="F6" target="F7"/>
  <move id="128" source="I5" target="K5"/>
  <move id="129" source="F7" target="G7"/>
  <move id="130" source="K5" target="K4"/>
  <move id="131" source="K3" target="K4"/>
  <move id="132" source="H7" target="I7"/>
  <move id="133" source="G7" target="H7"/>
  <move id="134" source="I7" target="I6"/>
  <move id="135" source="H7" target="I7"/>
  <move id="136" source="I6" target="I5"/>
  <move id="137" source="I7" target="I6"/>
  <move id="138" source="I5" target="I4"/>
  <move id="139" source="K4" target="I4"/>
  <move id="140" source="I4" target="H4"/>
  <move id="141" source="D3" target="E3"/>
  <move id="142" source="H4" target="I4"/>
  <move id="143" source="I6" target="K6"/>
  <move id="144" source="I4" target="I3"/>
  <move id="145" source="E3" target="F3"/>
  <move id="146" source="I3" target="I2"/>
  <move id="147" source="I1" target="I2"/>
  <move id="148" source="A7" target="A6"/>
  <move id="149" source="E4" target="E5"/>
  <move id="150" source="A6" target="A5"/>
  <move id="151" source="B4" target="B7"/>
  <move id="152" source="A5" target="A4"/>
  <move id="153" source="B3" target="B4"/>
  <move id="154" source="D7" target="E7"/>
  <move id="155" source="B4" target="B5"/>
  <move id="156" source="E7" target="E6"/>
  <move id="157" source="E5" target="E4"/>
  <move id="158" source="E6" target="E5"/>
  <move id="159" source="E4" target="E3"/>
  <move id="160" source="E5" target="F5"/>
  <move id="161" source="E3" target="E2"/>
  <move id="162" source="K9" target="K8"/>
  <move id="163" source="C3" target="B3"/>
  <move id="164" source="K8" target="K7"/>
  <move id="165" source="B3" target="B4"/>
  <move id="166" source="K7" target="K6"/>
  <move id="167" source="B4" target="A4"/>
  <move id="168" source="E8" target="F8"/>
  <move id="169" source="F3" target="F4"/>
  <move id="170" source="F5" target="F6"/>
  <move id="171" source="F4" target="F5"/>
  <move id="172" source="F6" target="F5"/>
  <move id="173" source="F5" target="F6"/>
  <move id="174" source="K6" target="K5"/>
  <move id="175" source="F6" target="F7"/>
  <move id="176" source="K5" target="K4"/>
  <move id="177" source="G4" target="H4"/>
  <move id="178" source="K4" target="K3"/>
  <move id="179" source="K2" target="K3"/>
  <player id="1">Player 1</player>
  <player id="2">Player 2</player>
  <result type="3" winner="1"/>
 </game>
</stratego>