<?xml version="1.0" encoding="UTF-8"?>
<stratego>
 <game type="classic">
  
  <field content="DEHEIDHFBMDEGGGDBHEBIBHGBDFJCJFDDEDFBKILAA__AA__AAAA__AA__AANPTQSPPPPTQUQUSRNPSTYWQVUQRPTXVNOPNRNNSR"/>
  <move id="1" source="K4" target="K5"/>
  <move id="2" source="E7" target="E6"/>
  <move id="3" source="K5" target="K6"/>
  <move id="4" source="F7" target="F6"/>
  <move id="5" source="E4" target="E6"/>
  <move id="6" source="G7" target="F7"/>
  <move id="7" source="I4" target="I5"/>
  <move id="8" source="E6" target="E7"/>
  <move id="9" source="I5" target="I6"/>
  <move id="10" source="B7" target="B6"/>
  <move id="11" source="I6" target="I7"/>
  <move id="12" source="B8" target="B7"/>
  <move id="13" source="I7" target="K7"/>
  <move id="14" source="B6" target="A6"/>
  <move id="15" source="K7" target="K8"/>
  <move id="16" source="K9" target="K8"/>
  <move id="17" source="F4" target="E4"/>
  <move id="18" source="K8" target="K7"/>
  <move id="19" source="K6" target="K5"/>
  <move id="20" source="K7" target="K6"/>
  <move id="21" source="K5" target="K4"/>
  <move id="22" source="K6" target="K5"/>
  <move id="23" source="I3" target="I4"/>
  <move id="24" source="K5" target="K4"/>
  <move id="25" source="I4" target="I5"/>
  <move id="26" source="B7" target="B6"/>
  <move id="27" source="I5" target="I6"/>
  <move id="28" source="B9" target="B8"/>
  <move id="29" source="I6" target="I7"/>
  <move id="30" source="B8" target="B7"/>
  <move id="31" source="I7" target="H7"/>
  <move id="32" source="B6" target="B5"/>
  <move id="33" source="H4" target="I4"/>
  <move id="34" source="B7" target="B6"/>
  <move id="35" source="I4" target="I5"/>
  <move id="36" source="A6" target="A4"/>
  <move id="37" source="I5" target="I6"/>
  <move id="38" source="B5" target="B4"/>
  <move id="39" source="I6" target="I7"/>
  <move id="40" source="B4" target="A4"/>
  <move id="41" source="A3" target="A4"/>
  <move id="42" source="B6" target="B5"/>
  <move id="43" source="I7" target="H7"/>
  <move id="44" source="B5" target="B4"/>
  <move id="45" source="H7" target="G7"/>
  <move id="46" source="B4" target="C4"/>
  <move id="47" source="G7" target="F7"/>
  <move id="48" source="C8" target="B8"/>
  <move id="49" source="F7" target="F6"/>
  <move id="50" source="B8" target="B7"/>
  <move id="51" source="F6" target="F7"/>
  <move id="52" source="B7" target="B6"/>
  <move id="53" source="F7" target="G7"/>
  <move id="54" source="B6" target="B5"/>
  <move id="55" source="F3" target="F8"/>
  <move id="56" source="B5" target="B4"/>
  <move id="57" source="G7" target="F7"/>
  <move id="58" source="B4" target="B3"/>
  <move id="59" source="B2" target="B3"/>
  <move id="60" source="C9" target="B9"/>
  <move id="61" source="A2" target="B2"/>
  <move id="62" source="B9" target="B8"/>
  <move id="63" source="B2" target="B8"/>
  <move id="64" source="B8" target="B7"/>
  <move id="65" source="F7" target="F8"/>
  <move id="66" source="B7" target="B6"/>
  <move id="67" source="F8" target="F7"/>
  <move id="68" source="B6" target="B5"/>
  <move id="69" source="F7" target="G7"/>
  <move id="70" source="B5" target="B4"/>
  <move id="71" source="F2" target="F8"/>
  <move id="72" source="F9" target="F8"/>
  <move id="73" source="G7" target="F7"/>
  <move id="74" source="B4" target="B3"/>
  <move id="75" source="C3" target="B3"/>
  <move id="76" source="D8" target="C8"/>
  <move id="77" source="F7" target="F8"/>
  <move id="78" source="C8" target="B8"/>
  <move id="79" source="F8" target="F9"/>
  <move id="80" source="B8" target="B7"/>
  <move id="81" source="F1" target="F8"/>
  <move id="82" source="B7" target="B6"/>
  <move id="83" source="F8" target="E8"/>
  <move id="84" source="B6" target="B5"/>
  <move id="85" source="F9" target="F8"/>
  <move id="86" source="B5" target="B4"/>
  <move id="87" source="B3" target="B2"/>
  <move id="88" source="B4" target="B3"/>
  <move id="89" source="F8" target="E8"/>
  <move id="90" source="B3" target="B2"/>
  <move id="91" source="K3" target="K4"/>
  <move id="92" source="C4" target="D4"/>
  <move id="93" source="E4" target="E5"/>
  <move id="94" source="B2" target="B3"/>
  <move id="95" source="E5" target="E6"/>
  <move id="96" source="B3" target="C3"/>
  <move id="97" source="E6" target="E7"/>
  <move id="98" source="E7" target="E6"/>
  <move id="99" source="E8" target="E7"/>
  <move id="100" source="E6" target="E5"/>
  <move id="101" source="E7" target="E6"/>
  <move id="102" source="E5" target="E4"/>
  <move id="103" source="E6" target="E5"/>
  <move id="104" source="E4" target="E3"/>
  <move id="105" source="E5" target="E4"/>
  <move id="106" source="D4" target="D3"/>
  <move id="107" source="E4" target="D4"/>
  <move id="108" source="D3" target="D2"/>
  <move id="109" source="D4" target="D3"/>
  <move id="110" source="D2" target="D3"/>
  <move id="111" source="G3" target="F3"/>
  <move id="112" source="D9" target="D8"/>
  <move id="113" source="H3" target="G3"/>
  <move id="114" source="D8" target="E8"/>
  <move id="115" source="F3" target="F2"/>
  <move id="116" source="E8" target="E7"/>
  <move id="117" source="G3" target="F3"/>
  <move id="118" source="E7" target="E6"/>
  <move id="119" source="F3" target="F4"/>
  <move id="120" source="E6" target="E5"/>
  <move id="121" source="F4" target="E4"/>
  <move id="122" source="E5" target="E4"/>
  <move id="123" source="K4" target="I4"/>
  <move id="124" source="D:" target="D9"/>
  <move id="125" source="I4" target="H4"/>
  <move id="126" source="D9" target="D8"/>
  <move id="127" source="H4" target="H3"/>
  <move id="128" source="D8" target="E8"/>
  <move id="129" source="H3" target="H4"/>
  <move id="130" source="H8" target="H7"/>
  <move id="131" source="H4" target="I4"/>
  <move id="132" source="H7" target="I7"/>
  <move id="133" source="I4" target="I5"/>
  <move id="134" source="I7" target="I5"/>
  <move id="135" source="I5" target="I6"/>
  <move id="136" source="C3" target="D3"/>
  <move id="137" source="I2" target="I3"/>
  <move id="138" source="D3" target="D4"/>
  <move id="139" source="I3" target="I4"/>
  <move id="140" source="D4" target="E4"/>
  <move id="141" source="F2" target="F3"/>
  <move id="142" source="E4" target="F4"/>
  <move id="143" source="F3" target="G3"/>
  <move id="144" source="F4" target="F3"/>
  <move id="145" source="G3" target="H3"/>
  <move id="146" source="F3" target="G3"/>
  <move id="147" source="H3" target="I3"/>
  <move id="148" source="G3" target="H3"/>
  <move id="149" source="I3" target="K3"/>
  <move id="150" source="H3" target="I3"/>
  <move id="151" source="I6" target="I5"/>
  <move id="152" source="I3" target="K3"/>
  <move id="153" source="I4" target="H4"/>
  <move id="154" source="K3" target="I3"/>
  <move id="155" source="I5" target="I4"/>
  <move id="156" source="I3" target="H3"/>
  <move id="157" source="E1" target="F1"/>
  <move id="158" source="E9" target="F9"/>
  <move id="159" source="F1" target="F2"/>
  <move id="160" source="F9" target="F8"/>
  <move id="161" source="F2" target="F3"/>
  <move id="162" source="F8" target="F7"/>
  <move id="163" source="F3" target="G3"/>
  <move id="164" source="F7" target="F6"/>
  <move id="165" source="G3" target="H3"/>
  <move id="166" source="F6" target="F5"/>
  <move id="167" source="I4" target="I3"/>
  <move id="168" source="E8" target="E7"/>
  <move id="169" source="H4" target="I4"/>
  <move id="170" source="E7" target="E6"/>
  <move id="171" source="I4" target="I5"/>
  <move id="172" source="E6" target="E5"/>
  <move id="173" source="I5" target="I6"/>
  <move id="174" source="E5" target="E4"/>
  <move id="175" source="I6" target="I7"/>
  <move id="176" source="E4" target="G4"/>
  <move id="177" source="I7" target="I8"/>
  <move id="178" source="I8" target="I7"/>
  <move id="179" source="I3" target="I4"/>
  <move id="180" source="I7" target="H7"/>
  <move id="181" source="I4" target="I5"/>
  <move id="182" source="H7" target="G7"/>
  <move id="183" source="I5" target="I6"/>
  <move id="184" source="G7" target="F7"/>
  <move id="185" source="I6" target="I7"/>
  <move id="186" source="F7" target="F8"/>
  <move id="187" source="I7" target="H7"/>
  <move id="188" source="F8" target="F9"/>
  <move id="189" source="H7" target="H8"/>
  <move id="190" source="F5" target="F4"/>
  <move id="191" source="H8" target="H9"/>
  <move id="192" source="F4" target="F3"/>
  <move id="193" source="H9" target="H8"/>
  <move id="194" source="F3" target="G3"/>
  <move id="195" source="H8" target="H7"/>
  <move id="196" source="G3" target="H3"/>
  <move id="197" source="H7" target="I7"/>
  <move id="198" source="H3" target="G3"/>
  <move id="199" source="I7" target="I6"/>
  <move id="200" source="G3" target="F3"/>
  <move id="201" source="I6" target="I5"/>
  <move id="202" source="F3" target="F4"/>
  <move id="203" source="I5" target="I4"/>
  <move id="204" source="F4" target="F5"/>
  <move id="205" source="I4" target="H4"/>
  <move id="206" source="F5" target="F6"/>
  <move id="207" source="H4" target="H3"/>
  <move id="208" source="F6" target="F7"/>
  <move id="209" source="H3" target="G3"/>
  <move id="210" source="F7" target="G7"/>
  <move id="211" source="G3" target="F3"/>
  <move id="212" source="G7" target="H7"/>
  <move id="213" source="F3" target="G3"/>
  <move id="214" source="H7" target="G7"/>
  <move id="215" source="G3" target="H3"/>
  <move id="216" source="G7" target="F7"/>
  <move id="217" source="H3" target="H4"/>
  <move id="218" source="F7" target="F6"/>
  <move id="219" source="H2" target="H3"/>
  <move id="220" source="C7" target="B7"/>
  <move id="221" source="H3" target="I3"/>
  <move id="222" source="C:" target="C9"/>
  <move id="223" source="I3" target="I4"/>
  <move id="224" source="C9" target="C8"/>
  <move id="225" source="I4" target="I5"/>
  <move id="226" source="C8" target="D8"/>
  <move id="227" source="I5" target="I6"/>
  <move id="228" source="D8" target="E8"/>
  <move id="229" source="I6" target="I7"/>
  <move id="230" source="E8" target="E7"/>
  <move id="231" source="H4" target="I4"/>
  <move id="232" source="E7" target="F7"/>
  <move id="233" source="I4" target="I5"/>
  <move id="234" source="F7" target="G7"/>
  <move id="235" source="I5" target="I6"/>
  <move id="236" source="G7" target="H7"/>
  <move id="237" source="I7" target="I8"/>
  <move id="238" source="I9" target="I8"/>
  <move id="239" source="I6" target="I7"/>
  <move id="240" source="H7" target="H8"/>
  <move id="241" source="I7" target="I8"/>
  <move id="242" source="H8" target="H9"/>
  <move id="243" source="I8" target="I9"/>
  <move id="244" source="H9" target="H8"/>
  <move id="245" source="I9" target="I:"/>
  <move id="246" source="F6" target="F5"/>
  <move id="247" source="I:" target="I9"/>
  <move id="248" source="F5" target="F4"/>
  <move id="249" source="I9" target="I8"/>
  <move id="250" source="H8" target="H9"/>
  <move id="251" source="I8" target="I7"/>
  <move id="252" source="F4" target="E4"/>
  <move id="253" source="I7" target="I6"/>
  <move id="254" source="E4" target="D4"/>
  <move id="255" source="I6" target="I5"/>
  <move id="256" source="B7" target="B8"/>
  <move id="257" source="I5" target="I6"/>
  <move id="258" source="B8" target="B9"/>
  <move id="259" source="I6" target="I7"/>
  <move id="260" source="D4" target="E4"/>
  <move id="261" source="I7" target="H7"/>
  <move id="262" source="E4" target="F4"/>
  <move id="263" source="H7" target="G7"/>
  <move id="264" source="F4" target="F3"/>
  <move id="265" source="G7" target="F7"/>
  <move id="266" source="F3" target="G3"/>
  <move id="267" source="F7" target="F6"/>
  <move id="268" source="G3" target="H3"/>
  <move id="269" source="F6" target="F5"/>
  <move id="270" source="H3" target="I3"/>
  <move id="271" source="F5" target="F4"/>
  <move id="272" source="I3" target="I4"/>
  <move id="273" source="F4" target="F5"/>
  <move id="274" source="I4" target="I3"/>
  <move id="275" source="F5" target="F6"/>
  <move id="276" source="H9" target="I9"/>
  <move id="277" source="F6" target="E6"/>
  <move id="278" source="I9" target="I8"/>
  <move id="279" source="E6" target="E7"/>
  <move id="280" source="I8" target="I7"/>
  <move id="281" source="D1" target="D2"/>
  <move id="282" source="I7" target="I6"/>
  <move id="283" source="D2" target="D3"/>
  <move id="284" source="I6" target="I5"/>
  <move id="285" source="D3" target="D4"/>
  <move id="286" source="I5" target="I4"/>
  <move id="287" source="D4" target="E4"/>
  <move id="288" source="I4" target="H4"/>
  <move id="289" source="E4" target="F4"/>
  <move id="290" source="H4" target="H3"/>
  <move id="291" source="F4" target="F5"/>
  <move id="292" source="H3" target="H2"/>
  <move id="293" source="H1" target="H2"/>
  <move id="294" source="I3" target="I2"/>
  <move id="295" source="H2" target="H3"/>
  <move id="296" source="I2" target="I3"/>
  <move id="297" source="H3" target="H2"/>
  <move id="298" source="I3" target="H3"/>
  <move id="299" source="H2" target="I2"/>
  <move id="300" source="H3" target="G3"/>
  <move id="301" source="F5" target="F6"/>
  <move id="302" source="G3" target="F3"/>
  <move id="303" source="F6" target="F7"/>
  <move id="304" source="F3" target="F4"/>
  <move id="305" source="F7" target="G7"/>
  <move id="306" source="F4" target="F3"/>
  <move id="307" source="G7" target="H7"/>
  <move id="308" source="F3" target="G3"/>
  <move id="309" source="H7" target="I7"/>
  <move id="310" source="G3" target="H3"/>
  <move id="311" source="I7" target="I8"/>
  <move id="312" source="H3" target="I3"/>
  <move id="313" source="I2" target="H2"/>
  <move id="314" source="I3" target="I4"/>
  <move id="315" source="I8" target="I9"/>
  <move id="316" source="I4" target="I5"/>
  <move id="317" source="I9" target="I:"/>
  <move id="318" source="K:" target="I:"/>
  <move id="319" source="E7" target="F7"/>
  <move id="320" source="I:" target="K:"/>
  <move id="321" source="F7" target="F8"/>
  <move id="322" source="I5" target="I4"/>
  <move id="323" source="F8" target="F9"/>
  <move id="324" source="I4" target="I3"/>
  <move id="325" source="F9" target="E9"/>
  <move id="326" source="I3" target="H3"/>
  <move id="327" source="H2" target="I2"/>
  <move id="328" source="K:" target="K9"/>
  <move id="329" source="A1" target="A3"/>
  <move id="330" source="H3" target="G3"/>
  <move id="331" source="A3" target="A4"/>
  <move id="332" source="G3" target="F3"/>
  <move id="333" source="A4" target="E4"/>
  <move id="334" source="F3" target="F4"/>
  <move id="335" source="E4" target="E8"/>
  <move id="336" source="D7" target="D8"/>
  <move id="337" source="E8" target="F8"/>
  <move id="338" source="F4" target="F3"/>
  <move id="339" source="F8" target="F:"/>
  <move id="340" source="D8" target="D7"/>
  <move id="341" source="E9" target="F9"/>
  <move id="342" source="D7" target="E7"/>
  <move id="343" source="F9" target="F:"/>
  <move id="344" source="E7" target="E6"/>
  <move id="345" source="F:" target="G:"/>
  <move id="346" source="E6" target="E5"/>
  <player id="1">Player 1</player>
  <player id="2">Player 2</player>
  <result type="3" winner="2"/>
 </game>
</stratego>