<?xml version="1.0" encoding="UTF-8"?>
<stratego>
 <game type="classic">
  
  <field content="EEEEEGBFBMDJIHHHGBFBGDCIJDIGBFDFKDHDDLDBAA__AA__AAAA__AA__AATPXQPPNQPNQQWTSPRPSRNPOUNSSPTNYNUTVURVQR"/>
  <move id="1" source="I4" target="I5"/>
  <move id="2" source="B7" target="B4"/>
  <move id="3" source="I5" target="K5"/>
  <move id="4" source="C7" target="B7"/>
  <move id="5" source="K5" target="K7"/>
  <move id="6" source="B7" target="B6"/>
  <move id="7" source="B4" target="B5"/>
  <move id="8" source="B6" target="A6"/>
  <move id="9" source="C4" target="B4"/>
  <move id="10" source="E7" target="E4"/>
  <move id="11" source="F4" target="F5"/>
  <move id="12" source="D7" target="C7"/>
  <move id="13" source="G4" target="F4"/>
  <move id="14" source="C7" target="B7"/>
  <move id="15" source="H4" target="G4"/>
  <move id="16" source="B7" target="B6"/>
  <move id="17" source="C3" target="C4"/>
  <move id="18" source="D8" target="D7"/>
  <move id="19" source="F5" target="E5"/>
  <move id="20" source="D7" target="E7"/>
  <move id="21" source="F4" target="F5"/>
  <move id="22" source="E7" target="E6"/>
  <move id="23" source="G4" target="F4"/>
  <move id="24" source="E6" target="E5"/>
  <move id="25" source="H3" target="H4"/>
  <move id="26" source="E5" target="E4"/>
  <move id="27" source="F5" target="F6"/>
  <move id="28" source="B6" target="B7"/>
  <move id="29" source="F4" target="F5"/>
  <move id="30" source="B7" target="C7"/>
  <move id="31" source="H4" target="G4"/>
  <move id="32" source="A7" target="B7"/>
  <move id="33" source="G4" target="F4"/>
  <move id="34" source="B7" target="B6"/>
  <move id="35" source="F4" target="E4"/>
  <move id="36" source="B6" target="B5"/>
  <move id="37" source="B4" target="B5"/>
  <move id="38" source="C7" target="B7"/>
  <move id="39" source="B5" target="B4"/>
  <move id="40" source="A6" target="A5"/>
  <move id="41" source="E4" target="E5"/>
  <move id="42" source="A5" target="B5"/>
  <move id="43" source="D4" target="E4"/>
  <move id="44" source="B7" target="B6"/>
  <move id="45" source="E4" target="I4"/>
  <move id="46" source="F7" target="A7"/>
  <move id="47" source="D3" target="D4"/>
  <move id="48" source="A7" target="A4"/>
  <move id="49" source="A3" target="A4"/>
  <move id="50" source="F8" target="F7"/>
  <move id="51" source="B3" target="A3"/>
  <move id="52" source="F7" target="E7"/>
  <move id="53" source="B2" target="B3"/>
  <move id="54" source="E7" target="A7"/>
  <move id="55" source="B3" target="C3"/>
  <move id="56" source="A7" target="A4"/>
  <move id="57" source="I4" target="I7"/>
  <move id="58" source="E8" target="D8"/>
  <move id="59" source="F3" target="F4"/>
  <move id="60" source="D8" target="D7"/>
  <move id="61" source="F4" target="I4"/>
  <move id="62" source="D7" target="C7"/>
  <move id="63" source="E3" target="D3"/>
  <move id="64" source="C7" target="B7"/>
  <move id="65" source="E2" target="E3"/>
  <move id="66" source="B7" target="A7"/>
  <move id="67" source="E3" target="E4"/>
  <move id="68" source="A7" target="A6"/>
  <move id="69" source="E1" target="E2"/>
  <move id="70" source="A6" target="A5"/>
  <move id="71" source="E2" target="E3"/>
  <move id="72" source="G8" target="F8"/>
  <move id="73" source="E3" target="F3"/>
  <move id="74" source="F8" target="F7"/>
  <move id="75" source="F3" target="F4"/>
  <player id="1">Player 1</player>
  <player id="2">Player 2</player>
  <result type="11" winner="1"/>
 </game>
</stratego>