<?xml version="1.0" encoding="UTF-8"?>
<stratego>
 <game type="classic">
  
  <field content="DDBEBEBEBMEGDHBDEICBDHJDDIDFHKGFHJGFLIFGAA__AA__AAAA__AA__AARNQNPSWSTPTRNTRUOQXVPQNQPQVTPPPSRNSNUYUP"/>
  <move id="1" source="F4" target="F5"/>
  <move id="2" source="A7" target="A6"/>
  <move id="3" source="A4" target="A5"/>
  <move id="4" source="A6" target="B6"/>
  <move id="5" source="A5" target="B5"/>
  <move id="6" source="A8" target="A7"/>
  <move id="7" source="B5" target="B6"/>
  <move id="8" source="A7" target="A6"/>
  <move id="9" source="B6" target="B7"/>
  <move id="10" source="A6" target="A5"/>
  <move id="11" source="B4" target="A4"/>
  <move id="12" source="A5" target="A4"/>
  <move id="13" source="C4" target="B4"/>
  <move id="14" source="A4" target="A3"/>
  <move id="15" source="B3" target="A3"/>
  <move id="16" source="A9" target="A2"/>
  <move id="17" source="B4" target="B5"/>
  <move id="18" source="K7" target="K6"/>
  <move id="19" source="B5" target="B6"/>
  <move id="20" source="I7" target="I6"/>
  <move id="21" source="B2" target="B3"/>
  <move id="22" source="K8" target="K7"/>
  <move id="23" source="B3" target="B4"/>
  <move id="24" source="K6" target="K5"/>
  <move id="25" source="B4" target="A4"/>
  <move id="26" source="K7" target="K6"/>
  <move id="27" source="A4" target="A5"/>
  <move id="28" source="H7" target="I7"/>
  <move id="29" source="A5" target="A6"/>
  <move id="30" source="I6" target="I5"/>
  <move id="31" source="A6" target="A7"/>
  <move id="32" source="I7" target="I6"/>
  <move id="33" source="A7" target="A8"/>
  <move id="34" source="I5" target="I4"/>
  <move id="35" source="H4" target="I4"/>
  <move id="36" source="K5" target="I5"/>
  <move id="37" source="I4" target="H4"/>
  <move id="38" source="I5" target="I3"/>
  <move id="39" source="K4" target="K5"/>
  <move id="40" source="I6" target="I5"/>
  <move id="41" source="K5" target="K6"/>
  <move id="42" source="I5" target="I4"/>
  <move id="43" source="F5" target="F6"/>
  <move id="44" source="K6" target="I6"/>
  <move id="45" source="I3" target="I4"/>
  <move id="46" source="K9" target="K3"/>
  <move id="47" source="H3" target="I3"/>
  <move id="48" source="I6" target="I5"/>
  <move id="49" source="I4" target="K4"/>
  <move id="50" source="I5" target="I6"/>
  <move id="51" source="G3" target="H3"/>
  <move id="52" source="I6" target="I7"/>
  <move id="53" source="G4" target="G3"/>
  <move id="54" source="H8" target="H7"/>
  <move id="55" source="H4" target="G4"/>
  <move id="56" source="I8" target="H8"/>
  <move id="57" source="H3" target="H4"/>
  <move id="58" source="I7" target="I8"/>
  <move id="59" source="H4" target="I4"/>
  <move id="60" source="H7" target="I7"/>
  <move id="61" source="I4" target="I5"/>
  <move id="62" source="H8" target="H7"/>
  <move id="63" source="I5" target="I6"/>
  <move id="64" source="I7" target="K7"/>
  <move id="65" source="I6" target="K6"/>
  <move id="66" source="K7" target="K8"/>
  <move id="67" source="K6" target="K7"/>
  <move id="68" source="K8" target="K9"/>
  <move id="69" source="K7" target="H7"/>
  <move id="70" source="H7" target="I7"/>
  <move id="71" source="I3" target="I4"/>
  <move id="72" source="I7" target="I6"/>
  <move id="73" source="K4" target="K5"/>
  <move id="74" source="F7" target="F6"/>
  <move id="75" source="E4" target="E5"/>
  <move id="76" source="E7" target="E5"/>
  <move id="77" source="C3" target="B3"/>
  <move id="78" source="G7" target="H7"/>
  <move id="79" source="G3" target="H3"/>
  <move id="80" source="H7" target="I7"/>
  <move id="81" source="H3" target="I3"/>
  <move id="82" source="I7" target="K7"/>
  <move id="83" source="A8" target="A9"/>
  <move id="84" source="K7" target="K6"/>
  <move id="85" source="K3" target="K4"/>
  <move id="86" source="K6" target="K5"/>
  <move id="87" source="D4" target="E4"/>
  <move id="88" source="I8" target="K8"/>
  <move id="89" source="E4" target="F4"/>
  <move id="90" source="I6" target="K6"/>
  <move id="91" source="F4" target="F5"/>
  <move id="92" source="F6" target="E6"/>
  <move id="93" source="E5" target="E4"/>
  <move id="94" source="I9" target="I4"/>
  <move id="95" source="E4" target="D4"/>
  <move id="96" source="K5" target="I5"/>
  <move id="97" source="I4" target="H4"/>
  <move id="98" source="K6" target="K5"/>
  <move id="99" source="K4" target="I4"/>
  <move id="100" source="K5" target="K4"/>
  <move id="101" source="I4" target="I5"/>
  <move id="102" source="K9" target="I9"/>
  <move id="103" source="H4" target="I4"/>
  <move id="104" source="I9" target="I8"/>
  <move id="105" source="F3" target="F4"/>
  <move id="106" source="I8" target="H8"/>
  <move id="107" source="F4" target="E4"/>
  <move id="108" source="K8" target="I8"/>
  <move id="109" source="F5" target="F6"/>
  <move id="110" source="E6" target="E5"/>
  <move id="111" source="E4" target="E5"/>
  <move id="112" source="H8" target="H7"/>
  <move id="113" source="B3" target="B4"/>
  <move id="114" source="I8" target="H8"/>
  <move id="115" source="B4" target="C4"/>
  <move id="116" source="H7" target="I7"/>
  <move id="117" source="D4" target="E4"/>
  <move id="118" source="H8" target="H7"/>
  <move id="119" source="E4" target="F4"/>
  <move id="120" source="H7" target="G7"/>
  <move id="121" source="C4" target="D4"/>
  <move id="122" source="G7" target="F7"/>
  <move id="123" source="D4" target="E4"/>
  <move id="124" source="I7" target="H7"/>
  <move id="125" source="E5" target="F5"/>
  <move id="126" source="G8" target="G7"/>
  <move id="127" source="E4" target="E5"/>
  <move id="128" source="F8" target="G8"/>
  <move id="129" source="E5" target="E6"/>
  <move id="130" source="G8" target="H8"/>
  <move id="131" source="E6" target="E7"/>
  <move id="132" source="G9" target="G8"/>
  <move id="133" source="F5" target="E5"/>
  <move id="134" source="G8" target="F8"/>
  <move id="135" source="F4" target="E4"/>
  <move id="136" source="H8" target="I8"/>
  <move id="137" source="E4" target="D4"/>
  <move id="138" source="I8" target="I7"/>
  <move id="139" source="A9" target="B9"/>
  <move id="140" source="B:" target="B9"/>
  <move id="141" source="B6" target="A6"/>
  <move id="142" source="I7" target="I6"/>
  <move id="143" source="A6" target="A7"/>
  <move id="144" source="I6" target="I5"/>
  <move id="145" source="G4" target="H4"/>
  <move id="146" source="I5" target="I4"/>
  <move id="147" source="I3" target="I4"/>
  <move id="148" source="K4" target="I4"/>
  <move id="149" source="E7" target="F7"/>
  <move id="150" source="F8" target="F7"/>
  <move id="151" source="F6" target="F7"/>
  <move id="152" source="G7" target="F7"/>
  <move id="153" source="H4" target="I4"/>
  <move id="154" source="F7" target="F6"/>
  <move id="155" source="H2" target="H3"/>
  <move id="156" source="F6" target="F5"/>
  <move id="157" source="E5" target="F5"/>
  <move id="158" source="G:" target="G9"/>
  <move id="159" source="I4" target="I5"/>
  <move id="160" source="G9" target="G8"/>
  <move id="161" source="I5" target="I6"/>
  <move id="162" source="G8" target="F8"/>
  <move id="163" source="I6" target="I7"/>
  <move id="164" source="F8" target="F7"/>
  <move id="165" source="H3" target="H4"/>
  <move id="166" source="F7" target="F6"/>
  <move id="167" source="H4" target="I4"/>
  <move id="168" source="F6" target="F5"/>
  <move id="169" source="I7" target="I8"/>
  <move id="170" source="H7" target="G7"/>
  <move id="171" source="I4" target="H4"/>
  <move id="172" source="I:" target="I9"/>
  <move id="173" source="I8" target="I9"/>
  <move id="174" source="H9" target="I9"/>
  <move id="175" source="H4" target="I4"/>
  <move id="176" source="I9" target="I8"/>
  <move id="177" source="I4" target="I5"/>
  <move id="178" source="I8" target="I7"/>
  <move id="179" source="I5" target="I6"/>
  <move id="180" source="I7" target="I8"/>
  <move id="181" source="I6" target="I7"/>
  <move id="182" source="I8" target="H8"/>
  <move id="183" source="I7" target="I8"/>
  <move id="184" source="H8" target="H7"/>
  <move id="185" source="E3" target="F3"/>
  <move id="186" source="H7" target="I7"/>
  <move id="187" source="I8" target="I7"/>
  <move id="188" source="G7" target="F7"/>
  <move id="189" source="D3" target="C3"/>
  <move id="190" source="F7" target="F6"/>
  <move id="191" source="D2" target="D3"/>
  <move id="192" source="F6" target="F5"/>
  <move id="193" source="D3" target="E3"/>
  <move id="194" source="F5" target="F4"/>
  <move id="195" source="F3" target="K3"/>
  <move id="196" source="F4" target="G4"/>
  <move id="197" source="E3" target="F3"/>
  <move id="198" source="G4" target="H4"/>
  <move id="199" source="F3" target="G3"/>
  <move id="200" source="H4" target="I4"/>
  <move id="201" source="G3" target="H3"/>
  <move id="202" source="I4" target="K4"/>
  <move id="203" source="H3" target="I3"/>
  <move id="204" source="E8" target="F8"/>
  <move id="205" source="A2" target="B2"/>
  <move id="206" source="D8" target="E8"/>
  <move id="207" source="D4" target="E4"/>
  <move id="208" source="E8" target="E7"/>
  <move id="209" source="E4" target="F4"/>
  <move id="210" source="E7" target="F7"/>
  <move id="211" source="I7" target="K7"/>
  <move id="212" source="F7" target="F6"/>
  <move id="213" source="K7" target="K6"/>
  <move id="214" source="F6" target="F5"/>
  <move id="215" source="F4" target="E4"/>
  <move id="216" source="F5" target="F4"/>
  <move id="217" source="E4" target="D4"/>
  <move id="218" source="F4" target="F3"/>
  <move id="219" source="K6" target="K5"/>
  <move id="220" source="K4" target="K3"/>
  <move id="221" source="I3" target="K3"/>
  <move id="222" source="F3" target="G3"/>
  <move id="223" source="K3" target="I3"/>
  <move id="224" source="F8" target="F7"/>
  <move id="225" source="I3" target="H3"/>
  <move id="226" source="F7" target="F6"/>
  <move id="227" source="H3" target="G3"/>
  <move id="228" source="F6" target="F5"/>
  <move id="229" source="D4" target="E4"/>
  <move id="230" source="F5" target="F4"/>
  <move id="231" source="E4" target="F4"/>
  <move id="232" source="E9" target="E2"/>
  <move id="233" source="F4" target="F5"/>
  <move id="234" source="E:" target="E9"/>
  <move id="235" source="F5" target="F6"/>
  <move id="236" source="E9" target="E8"/>
  <move id="237" source="F6" target="F7"/>
  <move id="238" source="E8" target="E7"/>
  <move id="239" source="F7" target="E7"/>
  <move id="240" source="F9" target="F8"/>
  <move id="241" source="F2" target="F8"/>
  <move id="242" source="F8" target="F7"/>
  <move id="243" source="F1" target="F2"/>
  <move id="244" source="F7" target="F6"/>
  <move id="245" source="F2" target="F3"/>
  <move id="246" source="F6" target="F7"/>
  <move id="247" source="F3" target="F4"/>
  <move id="248" source="F7" target="F8"/>
  <move id="249" source="F4" target="F5"/>
  <move id="250" source="F8" target="F9"/>
  <move id="251" source="F5" target="F6"/>
  <move id="252" source="F9" target="G9"/>
  <move id="253" source="F6" target="F7"/>
  <move id="254" source="G9" target="H9"/>
  <move id="255" source="F7" target="F8"/>
  <move id="256" source="H9" target="H8"/>
  <move id="257" source="F8" target="G8"/>
  <move id="258" source="H8" target="I8"/>
  <move id="259" source="G8" target="H8"/>
  <move id="260" source="I8" target="K8"/>
  <move id="261" source="H8" target="H9"/>
  <move id="262" source="D9" target="E9"/>
  <move id="263" source="H9" target="H:"/>
  <player id="1">Player 1</player>
  <player id="2">Player 2</player>
  <result type="1" winner="1"/>
 </game>
</stratego>