<?xml version="1.0" encoding="UTF-8"?>
<stratego>
 <game type="classic">
  
  <field content="ICBFBMFBEIGKEBEBBILGDHDEDJDEHFGDJHDGFHDDAA__AA__AAAA__AA__AASPTPPSTQSPNUWOUPPXURNSNRVQVTPQRNQYNTQNRP"/>
  <move id="1" source="K4" target="K7"/>
  <move id="2" source="F7" target="F6"/>
  <move id="3" source="B4" target="B7"/>
  <move id="4" source="E7" target="E6"/>
  <move id="5" source="C4" target="B4"/>
  <move id="6" source="D7" target="E7"/>
  <move id="7" source="B4" target="B5"/>
  <move id="8" source="E6" target="E5"/>
  <move id="9" source="B5" target="A5"/>
  <move id="10" source="E7" target="E6"/>
  <move id="11" source="A4" target="B4"/>
  <move id="12" source="F6" target="F5"/>
  <move id="13" source="B4" target="B5"/>
  <move id="14" source="C7" target="D7"/>
  <move id="15" source="B5" target="B6"/>
  <move id="16" source="C8" target="C7"/>
  <move id="17" source="B6" target="A6"/>
  <move id="18" source="B8" target="B7"/>
  <move id="19" source="C3" target="C4"/>
  <move id="20" source="D8" target="C8"/>
  <move id="21" source="A6" target="A7"/>
  <move id="22" source="C8" target="B8"/>
  <move id="23" source="A5" target="B5"/>
  <move id="24" source="E8" target="E7"/>
  <move id="25" source="A3" target="A8"/>
  <move id="26" source="F8" target="F7"/>
  <move id="27" source="B5" target="A5"/>
  <move id="28" source="G8" target="F8"/>
  <move id="29" source="A5" target="A6"/>
  <move id="30" source="F8" target="E8"/>
  <move id="31" source="K3" target="K4"/>
  <move id="32" source="E8" target="D8"/>
  <move id="33" source="K4" target="K5"/>
  <move id="34" source="D8" target="C8"/>
  <move id="35" source="K5" target="K6"/>
  <move id="36" source="D7" target="D8"/>
  <move id="37" source="K6" target="K7"/>
  <move id="38" source="D8" target="E8"/>
  <move id="39" source="K7" target="K8"/>
  <move id="40" source="E8" target="F8"/>
  <move id="41" source="I4" target="K4"/>
  <move id="42" source="F8" target="G8"/>
  <move id="43" source="K4" target="K9"/>
  <move id="44" source="E5" target="E4"/>
  <move id="45" source="I3" target="I4"/>
  <move id="46" source="E6" target="E5"/>
  <move id="47" source="I4" target="I5"/>
  <move id="48" source="C8" target="D8"/>
  <move id="49" source="I2" target="I3"/>
  <move id="50" source="D8" target="D7"/>
  <move id="51" source="I3" target="I4"/>
  <move id="52" source="E7" target="E6"/>
  <move id="53" source="I5" target="I6"/>
  <move id="54" source="F7" target="F8"/>
  <move id="55" source="I4" target="I5"/>
  <move id="56" source="F8" target="F7"/>
  <move id="57" source="I5" target="K5"/>
  <move id="58" source="K9" target="K8"/>
  <move id="59" source="K2" target="K3"/>
  <move id="60" source="I9" target="K9"/>
  <move id="61" source="K3" target="K4"/>
  <move id="62" source="E5" target="E4"/>
  <move id="63" source="K5" target="I5"/>
  <move id="64" source="E4" target="F4"/>
  <move id="65" source="K4" target="K5"/>
  <move id="66" source="F7" target="F6"/>
  <move id="67" source="K5" target="K6"/>
  <move id="68" source="E6" target="E5"/>
  <move id="69" source="K6" target="K7"/>
  <move id="70" source="F5" target="F4"/>
  <move id="71" source="K7" target="K8"/>
  <move id="72" source="I8" target="K8"/>
  <move id="73" source="I6" target="I7"/>
  <move id="74" source="K8" target="I8"/>
  <move id="75" source="I7" target="K7"/>
  <move id="76" source="I8" target="K8"/>
  <move id="77" source="K7" target="I7"/>
  <move id="78" source="K9" target="I9"/>
  <move id="79" source="K1" target="K2"/>
  <move id="80" source="I9" target="I8"/>
  <move id="81" source="K2" target="K3"/>
  <move id="82" source="K8" target="K9"/>
  <move id="83" source="K3" target="K4"/>
  <move id="84" source="K9" target="I9"/>
  <move id="85" source="K4" target="K5"/>
  <move id="86" source="I8" target="K8"/>
  <move id="87" source="K5" target="K6"/>
  <move id="88" source="I9" target="I8"/>
  <move id="89" source="I7" target="K7"/>
  <move id="90" source="H9" target="I9"/>
  <move id="91" source="I5" target="I6"/>
  <move id="92" source="I9" target="K9"/>
  <move id="93" source="I6" target="I7"/>
  <move id="94" source="H7" target="I7"/>
  <move id="95" source="K6" target="I6"/>
  <move id="96" source="I8" target="I9"/>
  <move id="97" source="K7" target="K6"/>
  <move id="98" source="K8" target="K6"/>
  <move id="99" source="K6" target="K5"/>
  <move id="100" source="G7" target="F7"/>
  <move id="101" source="I6" target="K6"/>
  <move id="102" source="F7" target="F8"/>
  <move id="103" source="K6" target="K7"/>
  <move id="104" source="B8" target="C8"/>
  <move id="105" source="K7" target="K8"/>
  <move id="106" source="H8" target="I8"/>
  <move id="107" source="I7" target="I8"/>
  <move id="108" source="I9" target="H9"/>
  <move id="109" source="K8" target="K9"/>
  <move id="110" source="H9" target="H8"/>
  <move id="111" source="K9" target="K8"/>
  <move id="112" source="H8" target="H7"/>
  <move id="113" source="B3" target="A3"/>
  <move id="114" source="C8" target="B8"/>
  <move id="115" source="B2" target="B3"/>
  <move id="116" source="C7" target="C8"/>
  <move id="117" source="B3" target="B4"/>
  <move id="118" source="D7" target="E7"/>
  <move id="119" source="B4" target="B5"/>
  <move id="120" source="E7" target="E6"/>
  <move id="121" source="B5" target="B6"/>
  <move id="122" source="B7" target="C7"/>
  <move id="123" source="B6" target="B7"/>
  <move id="124" source="C7" target="D7"/>
  <move id="125" source="B7" target="B8"/>
  <move id="126" source="C8" target="C7"/>
  <move id="127" source="B8" target="C8"/>
  <move id="128" source="C7" target="C8"/>
  <move id="129" source="A6" target="A7"/>
  <move id="130" source="H7" target="I7"/>
  <move id="131" source="A7" target="B7"/>
  <move id="132" source="D7" target="D8"/>
  <move id="133" source="B7" target="B8"/>
  <move id="134" source="D8" target="D7"/>
  <move id="135" source="B8" target="B7"/>
  <move id="136" source="D7" target="E7"/>
  <move id="137" source="B7" target="C7"/>
  <move id="138" source="E7" target="F7"/>
  <move id="139" source="C7" target="D7"/>
  <move id="140" source="E9" target="E8"/>
  <move id="141" source="D7" target="E7"/>
  <move id="142" source="E8" target="E7"/>
  <move id="143" source="F3" target="F4"/>
  <move id="144" source="G9" target="H9"/>
  <move id="145" source="F4" target="F5"/>
  <move id="146" source="E5" target="E4"/>
  <move id="147" source="F5" target="F6"/>
  <move id="148" source="F7" target="E7"/>
  <move id="149" source="F6" target="E6"/>
  <move id="150" source="E7" target="D7"/>
  <move id="151" source="E6" target="E7"/>
  <move id="152" source="D7" target="C7"/>
  <move id="153" source="E7" target="F7"/>
  <move id="154" source="H9" target="I9"/>
  <move id="155" source="F7" target="G7"/>
  <move id="156" source="I7" target="K7"/>
  <move id="157" source="K8" target="I8"/>
  <move id="158" source="I9" target="I8"/>
  <move id="159" source="E3" target="E4"/>
  <move id="160" source="C7" target="C8"/>
  <move id="161" source="G7" target="F7"/>
  <move id="162" source="K7" target="K6"/>
  <move id="163" source="F7" target="E7"/>
  <move id="164" source="E4" target="F4"/>
  <move id="165" source="E7" target="D7"/>
  <move id="166" source="K6" target="K5"/>
  <move id="167" source="D7" target="C7"/>
  <move id="168" source="C8" target="D8"/>
  <move id="169" source="C7" target="C8"/>
  <move id="170" source="D8" target="D7"/>
  <move id="171" source="C4" target="B4"/>
  <move id="172" source="I8" target="I7"/>
  <move id="173" source="B4" target="B9"/>
  <move id="174" source="I7" target="H7"/>
  <move id="175" source="C8" target="B8"/>
  <move id="176" source="H7" target="G7"/>
  <move id="177" source="B8" target="B9"/>
  <move id="178" source="D7" target="E7"/>
  <move id="179" source="B9" target="B8"/>
  <move id="180" source="E7" target="E6"/>
  <move id="181" source="B8" target="C8"/>
  <move id="182" source="G7" target="F7"/>
  <move id="183" source="C8" target="D8"/>
  <move id="184" source="F7" target="E7"/>
  <move id="185" source="B1" target="B2"/>
  <move id="186" source="E7" target="E8"/>
  <move id="187" source="D8" target="D7"/>
  <move id="188" source="E6" target="E5"/>
  <move id="189" source="B2" target="B3"/>
  <move id="190" source="K:" target="K9"/>
  <move id="191" source="H2" target="I2"/>
  <move id="192" source="K9" target="K8"/>
  <move id="193" source="I2" target="I3"/>
  <move id="194" source="K8" target="K7"/>
  <move id="195" source="B3" target="B4"/>
  <move id="196" source="K5" target="K4"/>
  <move id="197" source="B4" target="B5"/>
  <move id="198" source="K4" target="I4"/>
  <move id="199" source="I3" target="K3"/>
  <move id="200" source="I4" target="K4"/>
  <move id="201" source="K3" target="I3"/>
  <move id="202" source="E5" target="F5"/>
  <move id="203" source="B5" target="B6"/>
  <move id="204" source="F5" target="F6"/>
  <move id="205" source="B6" target="B7"/>
  <move id="206" source="F6" target="F7"/>
  <move id="207" source="B7" target="B8"/>
  <move id="208" source="F7" target="G7"/>
  <move id="209" source="B8" target="B9"/>
  <move id="210" source="G7" target="H7"/>
  <move id="211" source="B9" target="C9"/>
  <move id="212" source="H7" target="I7"/>
  <move id="213" source="D7" target="E7"/>
  <move id="214" source="E8" target="E7"/>
  <move id="215" source="A1" target="B1"/>
  <move id="216" source="I7" target="I6"/>
  <move id="217" source="B1" target="B2"/>
  <move id="218" source="I6" target="I5"/>
  <move id="219" source="I3" target="I4"/>
  <move id="220" source="I5" target="I4"/>
  <move id="221" source="H3" target="I3"/>
  <move id="222" source="F4" target="E4"/>
  <move id="223" source="B2" target="B3"/>
  <move id="224" source="K4" target="I4"/>
  <move id="225" source="I3" target="K3"/>
  <move id="226" source="K7" target="I7"/>
  <move id="227" source="B3" target="B4"/>
  <move id="228" source="I7" target="H7"/>
  <move id="229" source="B4" target="B5"/>
  <move id="230" source="E4" target="E5"/>
  <move id="231" source="B5" target="B6"/>
  <move id="232" source="E5" target="E6"/>
  <move id="233" source="B6" target="B7"/>
  <move id="234" source="E6" target="E7"/>
  <move id="235" source="B7" target="C7"/>
  <move id="236" source="E7" target="D7"/>
  <move id="237" source="C7" target="D7"/>
  <move id="238" source="F8" target="E8"/>
  <move id="239" source="D4" target="E4"/>
  <move id="240" source="E8" target="D8"/>
  <move id="241" source="E4" target="E5"/>
  <move id="242" source="G8" target="F8"/>
  <move id="243" source="E5" target="E6"/>
  <move id="244" source="F8" target="F7"/>
  <move id="245" source="E6" target="E7"/>
  <move id="246" source="F7" target="E7"/>
  <move id="247" source="A3" target="A4"/>
  <move id="248" source="D8" target="D7"/>
  <move id="249" source="A4" target="A5"/>
  <move id="250" source="H7" target="G7"/>
  <move id="251" source="A5" target="A6"/>
  <move id="252" source="G7" target="F7"/>
  <move id="253" source="A6" target="A7"/>
  <move id="254" source="F7" target="E7"/>
  <move id="255" source="A7" target="B7"/>
  <move id="256" source="D7" target="D8"/>
  <move id="257" source="B7" target="B8"/>
  <move id="258" source="D8" target="C8"/>
  <move id="259" source="B8" target="C8"/>
  <move id="260" source="F9" target="F8"/>
  <move id="261" source="G3" target="F3"/>
  <move id="262" source="F8" target="F7"/>
  <move id="263" source="F3" target="F4"/>
  <move id="264" source="F7" target="G7"/>
  <move id="265" source="F4" target="E4"/>
  <move id="266" source="G7" target="H7"/>
  <move id="267" source="E4" target="D4"/>
  <move id="268" source="E7" target="D7"/>
  <move id="269" source="D4" target="C4"/>
  <move id="270" source="F:" target="F9"/>
  <move id="271" source="H4" target="H3"/>
  <move id="272" source="F9" target="F8"/>
  <move id="273" source="H3" target="G3"/>
  <move id="274" source="I4" target="I3"/>
  <move id="275" source="K3" target="K4"/>
  <move id="276" source="I3" target="H3"/>
  <move id="277" source="G3" target="F3"/>
  <move id="278" source="H3" target="G3"/>
  <move id="279" source="F3" target="F4"/>
  <move id="280" source="G3" target="F3"/>
  <move id="281" source="F4" target="F5"/>
  <move id="282" source="F8" target="F7"/>
  <move id="283" source="F5" target="F6"/>
  <move id="284" source="F7" target="F6"/>
  <move id="285" source="A2" target="A3"/>
  <move id="286" source="D7" target="E7"/>
  <move id="287" source="A3" target="A4"/>
  <move id="288" source="E7" target="E2"/>
  <move id="289" source="A4" target="A5"/>
  <move id="290" source="F3" target="E3"/>
  <move id="291" source="A5" target="A6"/>
  <move id="292" source="E3" target="E2"/>
  <move id="293" source="A6" target="A7"/>
  <move id="294" source="E2" target="E3"/>
  <move id="295" source="A7" target="B7"/>
  <move id="296" source="E3" target="E4"/>
  <move id="297" source="B7" target="C7"/>
  <move id="298" source="E4" target="E5"/>
  <move id="299" source="C7" target="C8"/>
  <move id="300" source="E5" target="E6"/>
  <move id="301" source="G4" target="F4"/>
  <move id="302" source="E6" target="E7"/>
  <move id="303" source="F4" target="F5"/>
  <move id="304" source="E7" target="E8"/>
  <move id="305" source="C8" target="C7"/>
  <move id="306" source="E8" target="E7"/>
  <move id="307" source="C7" target="C8"/>
  <move id="308" source="E7" target="D7"/>
  <move id="309" source="F5" target="F6"/>
  <move id="310" source="D7" target="D8"/>
  <move id="311" source="C8" target="C7"/>
  <move id="312" source="D8" target="C8"/>
  <move id="313" source="C7" target="D7"/>
  <move id="314" source="C8" target="D8"/>
  <move id="315" source="D7" target="C7"/>
  <move id="316" source="D8" target="D7"/>
  <move id="317" source="C7" target="C8"/>
  <move id="318" source="I:" target="I9"/>
  <move id="319" source="F6" target="F7"/>
  <move id="320" source="I9" target="K9"/>
  <move id="321" source="F7" target="F8"/>
  <move id="322" source="K9" target="K8"/>
  <move id="323" source="F8" target="G8"/>
  <move id="324" source="K8" target="K7"/>
  <move id="325" source="G8" target="H8"/>
  <move id="326" source="H7" target="G7"/>
  <move id="327" source="H8" target="H7"/>
  <move id="328" source="G7" target="F7"/>
  <move id="329" source="H7" target="I7"/>
  <move id="330" source="K7" target="K6"/>
  <move id="331" source="K4" target="I4"/>
  <move id="332" source="K6" target="K5"/>
  <move id="333" source="I7" target="I6"/>
  <move id="334" source="F7" target="F6"/>
  <move id="335" source="I6" target="I5"/>
  <move id="336" source="K5" target="K4"/>
  <move id="337" source="I4" target="I3"/>
  <move id="338" source="F6" target="F5"/>
  <move id="339" source="I5" target="I4"/>
  <move id="340" source="K4" target="K3"/>
  <move id="341" source="I3" target="I2"/>
  <move id="342" source="F5" target="F4"/>
  <move id="343" source="I4" target="H4"/>
  <move id="344" source="K3" target="I3"/>
  <move id="345" source="H4" target="G4"/>
  <move id="346" source="F4" target="F3"/>
  <move id="347" source="G4" target="G3"/>
  <move id="348" source="F3" target="F2"/>
  <move id="349" source="G3" target="F3"/>
  <move id="350" source="F2" target="G2"/>
  <move id="351" source="G1" target="G2"/>
  <move id="352" source="I3" target="I2"/>
  <move id="353" source="G2" target="H2"/>
  <move id="354" source="I2" target="H2"/>
  <move id="355" source="F3" target="F4"/>
  <move id="356" source="D7" target="E7"/>
  <move id="357" source="F4" target="F5"/>
  <move id="358" source="E7" target="F7"/>
  <move id="359" source="F5" target="E5"/>
  <move id="360" source="F7" target="E7"/>
  <move id="361" source="E5" target="F5"/>
  <move id="362" source="E7" target="E6"/>
  <move id="363" source="C4" target="B4"/>
  <move id="364" source="E6" target="F6"/>
  <move id="365" source="F5" target="E5"/>
  <move id="366" source="G:" target="G9"/>
  <move id="367" source="B4" target="B9"/>
  <move id="368" source="G9" target="G8"/>
  <move id="369" source="B9" target="A9"/>
  <move id="370" source="G8" target="G7"/>
  <move id="371" source="C2" target="B2"/>
  <move id="372" source="G7" target="H7"/>
  <move id="373" source="B2" target="B3"/>
  <move id="374" source="H7" target="I7"/>
  <move id="375" source="B3" target="B4"/>
  <move id="376" source="I7" target="I6"/>
  <move id="377" source="I1" target="I2"/>
  <move id="378" source="I6" target="I5"/>
  <move id="379" source="I2" target="I3"/>
  <move id="380" source="I5" target="I6"/>
  <move id="381" source="B4" target="B5"/>
  <move id="382" source="I6" target="I7"/>
  <move id="383" source="B5" target="B6"/>
  <move id="384" source="F6" target="E6"/>
  <move id="385" source="E5" target="F5"/>
  <move id="386" source="E6" target="E7"/>
  <move id="387" source="F5" target="F6"/>
  <move id="388" source="E7" target="E8"/>
  <move id="389" source="C8" target="C7"/>
  <move id="390" source="E8" target="D8"/>
  <move id="391" source="B6" target="A6"/>
  <move id="392" source="D8" target="C8"/>
  <move id="393" source="C7" target="D7"/>
  <move id="394" source="C8" target="D8"/>
  <move id="395" source="D7" target="C7"/>
  <move id="396" source="D8" target="D7"/>
  <move id="397" source="C7" target="C8"/>
  <move id="398" source="D7" target="C7"/>
  <move id="399" source="C8" target="D8"/>
  <move id="400" source="D9" target="D8"/>
  <move id="401" source="I3" target="I4"/>
  <move id="402" source="C7" target="B7"/>
  <move id="403" source="F6" target="F7"/>
  <move id="404" source="B7" target="A7"/>
  <move id="405" source="A6" target="B6"/>
  <move id="406" source="A7" target="B7"/>
  <move id="407" source="B6" target="A6"/>
  <move id="408" source="B7" target="C7"/>
  <move id="409" source="F7" target="G7"/>
  <move id="410" source="C7" target="D7"/>
  <move id="411" source="D8" target="C8"/>
  <move id="412" source="I7" target="I8"/>
  <move id="413" source="G7" target="H7"/>
  <move id="414" source="D7" target="D8"/>
  <move id="415" source="C8" target="C7"/>
  <move id="416" source="I8" target="I9"/>
  <move id="417" source="H7" target="H8"/>
  <move id="418" source="D8" target="C8"/>
  <move id="419" source="C7" target="D7"/>
  <move id="420" source="C8" target="D8"/>
  <move id="421" source="D7" target="C7"/>
  <move id="422" source="D8" target="E8"/>
  <move id="423" source="A6" target="A7"/>
  <move id="424" source="E8" target="F8"/>
  <move id="425" source="C7" target="B7"/>
  <move id="426" source="F8" target="G8"/>
  <move id="427" source="H8" target="I8"/>
  <move id="428" source="I9" target="H9"/>
  <move id="429" source="B7" target="B8"/>
  <move id="430" source="H9" target="G9"/>
  <move id="431" source="B8" target="B9"/>
  <move id="432" source="G8" target="F8"/>
  <move id="433" source="A7" target="A8"/>
  <move id="434" source="F8" target="E8"/>
  <move id="435" source="A8" target="A9"/>
  <move id="436" source="E8" target="D8"/>
  <move id="437" source="A9" target="A:"/>
  <move id="438" source="D8" target="C8"/>
  <move id="439" source="B9" target="A9"/>
  <move id="440" source="C8" target="B8"/>
  <move id="441" source="I8" target="H8"/>
  <move id="442" source="B8" target="A8"/>
  <move id="443" source="A9" target="B9"/>
  <move id="444" source="A8" target="B8"/>
  <move id="445" source="B9" target="A9"/>
  <move id="446" source="B8" target="A8"/>
  <move id="447" source="A9" target="B9"/>
  <move id="448" source="G9" target="F9"/>
  <move id="449" source="H8" target="G8"/>
  <move id="450" source="A8" target="B8"/>
  <move id="451" source="B9" target="A9"/>
  <move id="452" source="F9" target="E9"/>
  <move id="453" source="G8" target="F8"/>
  <move id="454" source="E9" target="D9"/>
  <move id="455" source="F8" target="E8"/>
  <move id="456" source="B8" target="C8"/>
  <move id="457" source="A9" target="A:"/>
  <move id="458" source="D9" target="D8"/>
  <move id="459" source="E8" target="D8"/>
  <move id="460" source="C8" target="D8"/>
  <move id="461" source="D3" target="D4"/>
  <move id="462" source="D8" target="D7"/>
  <move id="463" source="D4" target="C4"/>
  <move id="464" source="D7" target="C7"/>
  <move id="465" source="I4" target="H4"/>
  <move id="466" source="C7" target="B7"/>
  <move id="467" source="C4" target="D4"/>
  <move id="468" source="B7" target="A7"/>
  <move id="469" source="D4" target="C4"/>
  <move id="470" source="A7" target="A8"/>
  <move id="471" source="C4" target="B4"/>
  <move id="472" source="A8" target="A9"/>
  <move id="473" source="B4" target="B5"/>
  <move id="474" source="A9" target="A:"/>
  <move id="475" source="B5" target="B6"/>
  <move id="476" source="A:" target="A9"/>
  <move id="477" source="B6" target="B7"/>
  <move id="478" source="A9" target="A8"/>
  <move id="479" source="H4" target="G4"/>
  <move id="480" source="A8" target="B8"/>
  <move id="481" source="B7" target="A7"/>
  <move id="482" source="B8" target="A8"/>
  <move id="483" source="A7" target="B7"/>
  <move id="484" source="A8" target="B8"/>
  <move id="485" source="B7" target="A7"/>
  <move id="486" source="B8" target="C8"/>
  <move id="487" source="G4" target="F4"/>
  <move id="488" source="C8" target="D8"/>
  <move id="489" source="F4" target="F5"/>
  <move id="490" source="D8" target="E8"/>
  <move id="491" source="A7" target="A8"/>
  <move id="492" source="E8" target="E7"/>
  <move id="493" source="A8" target="A9"/>
  <move id="494" source="E7" target="E6"/>
  <move id="495" source="A9" target="B9"/>
  <move id="496" source="E6" target="F6"/>
  <move id="497" source="F5" target="E5"/>
  <move id="498" source="F6" target="E6"/>
  <move id="499" source="E5" target="F5"/>
  <move id="500" source="E6" target="E5"/>
  <move id="501" source="F5" target="F6"/>
  <move id="502" source="E5" target="E6"/>
  <move id="503" source="F6" target="F5"/>
  <move id="504" source="E6" target="E5"/>
  <move id="505" source="F5" target="F6"/>
  <move id="506" source="E5" target="E4"/>
  <move id="507" source="B9" target="C9"/>
  <move id="508" source="C:" target="C9"/>
  <move id="509" source="F6" target="F7"/>
  <move id="510" source="E4" target="E3"/>
  <move id="511" source="F7" target="F8"/>
  <move id="512" source="E3" target="E2"/>
  <move id="513" source="F8" target="F9"/>
  <move id="514" source="E2" target="F2"/>
  <move id="515" source="F9" target="F:"/>
  <move id="516" source="F2" target="G2"/>
  <move id="517" source="F:" target="E:"/>
  <move id="518" source="G2" target="H2"/>
  <move id="519" source="E:" target="D:"/>
  <player id="1">Player 1</player>
  <player id="2">Player 2</player>
  <result type="1" winner="1"/>
 </game>
</stratego>