<?xml version="1.0" encoding="UTF-8"?>
<stratego>
 <game type="classic">
  
  <field content="MBFBDEEEDDBFBHJHDEGDGBHLKDIFDJBGICIFEDGHAA__AA__AAAA__AA__AANRVTPNSRNRSTTOSUUQSPPWQXQNQUPRPVYTQNPNPP"/>
  <move id="1" source="F4" target="F5"/>
  <move id="2" source="B7" target="B6"/>
  <move id="3" source="F5" target="E5"/>
  <move id="4" source="K7" target="K6"/>
  <move id="5" source="F3" target="F7"/>
  <move id="6" source="K8" target="K7"/>
  <move id="7" source="E5" target="E6"/>
  <move id="8" source="B8" target="B7"/>
  <move id="9" source="E6" target="E7"/>
  <move id="10" source="E8" target="E7"/>
  <move id="11" source="F2" target="F3"/>
  <move id="12" source="C8" target="B8"/>
  <move id="13" source="F3" target="F4"/>
  <move id="14" source="B6" target="B5"/>
  <move id="15" source="F4" target="F5"/>
  <move id="16" source="B7" target="B6"/>
  <move id="17" source="F5" target="E5"/>
  <move id="18" source="D8" target="C8"/>
  <move id="19" source="E3" target="F3"/>
  <move id="20" source="B5" target="A5"/>
  <move id="21" source="G4" target="F4"/>
  <move id="22" source="K6" target="I6"/>
  <move id="23" source="F4" target="F5"/>
  <move id="24" source="B6" target="B5"/>
  <move id="25" source="F3" target="F4"/>
  <move id="26" source="B8" target="B7"/>
  <move id="27" source="F5" target="F6"/>
  <move id="28" source="B7" target="B6"/>
  <move id="29" source="F4" target="F5"/>
  <move id="30" source="C8" target="B8"/>
  <move id="31" source="E5" target="E6"/>
  <move id="32" source="F8" target="E8"/>
  <move id="33" source="F6" target="F7"/>
  <move id="34" source="E7" target="F7"/>
  <move id="35" source="E6" target="E7"/>
  <move id="36" source="E8" target="D8"/>
  <move id="37" source="E7" target="D7"/>
  <move id="38" source="F7" target="E7"/>
  <move id="39" source="E2" target="E3"/>
  <move id="40" source="D8" target="D7"/>
  <move id="41" source="E4" target="E5"/>
  <move id="42" source="B6" target="A6"/>
  <move id="43" source="E5" target="E6"/>
  <move id="44" source="C7" target="B7"/>
  <move id="45" source="F5" target="F6"/>
  <move id="46" source="A5" target="A4"/>
  <move id="47" source="F6" target="F7"/>
  <move id="48" source="G7" target="F7"/>
  <move id="49" source="F7" target="G7"/>
  <move id="50" source="G8" target="F8"/>
  <move id="51" source="G7" target="H7"/>
  <move id="52" source="I6" target="I5"/>
  <move id="53" source="H7" target="H8"/>
  <move id="54" source="F8" target="E8"/>
  <move id="55" source="H8" target="I8"/>
  <move id="56" source="B7" target="B6"/>
  <move id="57" source="I8" target="K8"/>
  <move id="58" source="K7" target="K6"/>
  <move id="59" source="K8" target="K7"/>
  <move id="60" source="K6" target="K4"/>
  <move id="61" source="I4" target="I5"/>
  <move id="62" source="A6" target="A5"/>
  <move id="63" source="I5" target="K5"/>
  <move id="64" source="B8" target="C8"/>
  <move id="65" source="I3" target="I7"/>
  <move id="66" source="C8" target="D8"/>
  <move id="67" source="K7" target="K8"/>
  <move id="68" source="E8" target="F8"/>
  <move id="69" source="H4" target="F4"/>
  <move id="70" source="E7" target="F7"/>
  <move id="71" source="E6" target="F6"/>
  <move id="72" source="D8" target="C8"/>
  <move id="73" source="F4" target="E4"/>
  <move id="74" source="C8" target="C7"/>
  <move id="75" source="E4" target="E9"/>
  <move id="76" source="C7" target="B7"/>
  <move id="77" source="F1" target="F2"/>
  <move id="78" source="D7" target="E7"/>
  <move id="79" source="F2" target="F3"/>
  <move id="80" source="B5" target="B4"/>
  <move id="81" source="C4" target="B4"/>
  <move id="82" source="A5" target="B5"/>
  <move id="83" source="D4" target="C4"/>
  <move id="84" source="B6" target="A6"/>
  <move id="85" source="E3" target="E4"/>
  <move id="86" source="A6" target="A5"/>
  <move id="87" source="E4" target="D4"/>
  <move id="88" source="B7" target="B6"/>
  <move id="89" source="E1" target="E7"/>
  <move id="90" source="C9" target="C8"/>
  <move id="91" source="F6" target="E6"/>
  <move id="92" source="E7" target="D7"/>
  <move id="93" source="E6" target="E7"/>
  <move id="94" source="D7" target="C7"/>
  <move id="95" source="E7" target="D7"/>
  <move id="96" source="C7" target="B7"/>
  <move id="97" source="D7" target="C7"/>
  <move id="98" source="B9" target="B8"/>
  <move id="99" source="C7" target="B7"/>
  <move id="100" source="C8" target="C7"/>
  <move id="101" source="G2" target="F2"/>
  <move id="102" source="C7" target="D7"/>
  <move id="103" source="F2" target="E2"/>
  <move id="104" source="B8" target="C8"/>
  <move id="105" source="E2" target="E3"/>
  <move id="106" source="D7" target="E7"/>
  <move id="107" source="E3" target="E4"/>
  <move id="108" source="C8" target="D8"/>
  <move id="109" source="K8" target="K9"/>
  <move id="110" source="E7" target="E6"/>
  <move id="111" source="K9" target="K:"/>
  <move id="112" source="F7" target="F6"/>
  <move id="113" source="G3" target="G4"/>
  <move id="114" source="D8" target="D7"/>
  <move id="115" source="G4" target="F4"/>
  <move id="116" source="D7" target="E7"/>
  <move id="117" source="H3" target="H4"/>
  <move id="118" source="F8" target="E8"/>
  <move id="119" source="H4" target="G4"/>
  <move id="120" source="E8" target="D8"/>
  <move id="121" source="F3" target="G3"/>
  <move id="122" source="D8" target="C8"/>
  <move id="123" source="G3" target="H3"/>
  <move id="124" source="E7" target="F7"/>
  <move id="125" source="K:" target="K9"/>
  <move id="126" source="C8" target="C7"/>
  <move id="127" source="K9" target="K8"/>
  <move id="128" source="F7" target="G7"/>
  <move id="129" source="K8" target="I8"/>
  <move id="130" source="G7" target="G8"/>
  <move id="131" source="I8" target="I9"/>
  <move id="132" source="H9" target="H8"/>
  <move id="133" source="I9" target="I8"/>
  <move id="134" source="H8" target="H7"/>
  <move id="135" source="F4" target="F5"/>
  <move id="136" source="F6" target="F7"/>
  <move id="137" source="F5" target="F4"/>
  <move id="138" source="H7" target="G7"/>
  <move id="139" source="H3" target="H4"/>
  <move id="140" source="F7" target="F6"/>
  <move id="141" source="I8" target="K8"/>
  <move id="142" source="G7" target="F7"/>
  <move id="143" source="K8" target="K7"/>
  <move id="144" source="F7" target="E7"/>
  <move id="145" source="K7" target="K6"/>
  <move id="146" source="E7" target="D7"/>
  <move id="147" source="K6" target="I6"/>
  <move id="148" source="C7" target="B7"/>
  <move id="149" source="K5" target="K6"/>
  <move id="150" source="F6" target="F7"/>
  <move id="151" source="K6" target="K7"/>
  <move id="152" source="I:" target="I9"/>
  <move id="153" source="K7" target="K8"/>
  <move id="154" source="I9" target="I8"/>
  <move id="155" source="K8" target="I8"/>
  <move id="156" source="F7" target="G7"/>
  <move id="157" source="I8" target="I9"/>
  <move id="158" source="G7" target="H7"/>
  <move id="159" source="I9" target="I:"/>
  <move id="160" source="H7" target="H8"/>
  <move id="161" source="I:" target="H:"/>
  <move id="162" source="H8" target="I8"/>
  <move id="163" source="K4" target="K5"/>
  <move id="164" source="I8" target="K8"/>
  <move id="165" source="K5" target="K6"/>
  <move id="166" source="G8" target="H8"/>
  <move id="167" source="K6" target="K7"/>
  <move id="168" source="H8" target="I8"/>
  <move id="169" source="H4" target="I4"/>
  <move id="170" source="D7" target="E7"/>
  <move id="171" source="I4" target="I5"/>
  <move id="172" source="E6" target="F6"/>
  <move id="173" source="I6" target="K6"/>
  <move id="174" source="E7" target="E6"/>
  <move id="175" source="I5" target="I6"/>
  <move id="176" source="F6" target="F7"/>
  <move id="177" source="I6" target="I7"/>
  <move id="178" source="I8" target="H8"/>
  <move id="179" source="K7" target="K8"/>
  <move id="180" source="F7" target="G7"/>
  <move id="181" source="I7" target="I8"/>
  <move id="182" source="H8" target="H7"/>
  <move id="183" source="I8" target="I9"/>
  <move id="184" source="H7" target="I7"/>
  <move id="185" source="I9" target="I:"/>
  <move id="186" source="G9" target="H9"/>
  <move id="187" source="K6" target="K5"/>
  <move id="188" source="I7" target="I8"/>
  <move id="189" source="K8" target="K7"/>
  <move id="190" source="G7" target="H7"/>
  <move id="191" source="K5" target="K4"/>
  <move id="192" source="H7" target="I7"/>
  <move id="193" source="K7" target="K8"/>
  <move id="194" source="I8" target="K8"/>
  <move id="195" source="I:" target="H:"/>
  <move id="196" source="H9" target="H:"/>
  <move id="197" source="I2" target="I3"/>
  <move id="198" source="K8" target="K7"/>
  <move id="199" source="I3" target="H3"/>
  <move id="200" source="I7" target="I6"/>
  <move id="201" source="K2" target="I2"/>
  <move id="202" source="K7" target="I7"/>
  <move id="203" source="I2" target="I6"/>
  <move id="204" source="I7" target="H7"/>
  <move id="205" source="K4" target="K5"/>
  <move id="206" source="I6" target="I7"/>
  <move id="207" source="K5" target="K6"/>
  <move id="208" source="I7" target="I8"/>
  <move id="209" source="K6" target="K7"/>
  <move id="210" source="I8" target="I9"/>
  <move id="211" source="K7" target="I7"/>
  <move id="212" source="I9" target="H9"/>
  <move id="213" source="I7" target="H7"/>
  <move id="214" source="B7" target="C7"/>
  <move id="215" source="K3" target="I3"/>
  <move id="216" source="C7" target="D7"/>
  <move id="217" source="I3" target="I4"/>
  <move id="218" source="D7" target="E7"/>
  <move id="219" source="I4" target="I5"/>
  <move id="220" source="E7" target="F7"/>
  <move id="221" source="I5" target="I6"/>
  <move id="222" source="H9" target="H8"/>
  <move id="223" source="I6" target="I7"/>
  <move id="224" source="F7" target="G7"/>
  <move id="225" source="I7" target="I8"/>
  <move id="226" source="G7" target="G8"/>
  <move id="227" source="I8" target="I9"/>
  <move id="228" source="G8" target="G9"/>
  <move id="229" source="I9" target="I:"/>
  <move id="230" source="H8" target="H9"/>
  <move id="231" source="I:" target="H:"/>
  <move id="232" source="B:" target="B9"/>
  <move id="233" source="G4" target="H4"/>
  <move id="234" source="B9" target="B8"/>
  <move id="235" source="H4" target="I4"/>
  <move id="236" source="B8" target="C8"/>
  <move id="237" source="I4" target="I5"/>
  <move id="238" source="C8" target="D8"/>
  <move id="239" source="I5" target="I6"/>
  <move id="240" source="D8" target="E8"/>
  <move id="241" source="I6" target="I7"/>
  <move id="242" source="E8" target="F8"/>
  <move id="243" source="I7" target="H7"/>
  <move id="244" source="F8" target="F7"/>
  <move id="245" source="H7" target="H8"/>
  <move id="246" source="H9" target="H:"/>
  <move id="247" source="H8" target="H9"/>
  <move id="248" source="F7" target="F8"/>
  <move id="249" source="K1" target="K8"/>
  <move id="250" source="F8" target="F7"/>
  <move id="251" source="H9" target="G9"/>
  <move id="252" source="F7" target="F6"/>
  <move id="253" source="H:" target="H9"/>
  <move id="254" source="G9" target="G8"/>
  <move id="255" source="H9" target="H8"/>
  <move id="256" source="G8" target="F8"/>
  <move id="257" source="H8" target="G8"/>
  <move id="258" source="F8" target="E8"/>
  <move id="259" source="K8" target="K9"/>
  <move id="260" source="E8" target="D8"/>
  <move id="261" source="K9" target="F9"/>
  <move id="262" source="E9" target="E8"/>
  <move id="263" source="H3" target="H4"/>
  <move id="264" source="E8" target="F8"/>
  <move id="265" source="G8" target="F8"/>
  <move id="266" source="E6" target="E7"/>
  <move id="267" source="F8" target="G8"/>
  <move id="268" source="E7" target="E8"/>
  <move id="269" source="E4" target="E8"/>
  <move id="270" source="E8" target="E9"/>
  <move id="271" source="H4" target="I4"/>
  <move id="272" source="B6" target="B7"/>
  <move id="273" source="I4" target="I5"/>
  <move id="274" source="B7" target="C7"/>
  <move id="275" source="G8" target="F8"/>
  <move id="276" source="C7" target="D7"/>
  <move id="277" source="F8" target="E8"/>
  <move id="278" source="F6" target="E6"/>
  <move id="279" source="E8" target="E9"/>
  <move id="280" source="D9" target="E9"/>
  <move id="281" source="I5" target="I6"/>
  <move id="282" source="E9" target="E8"/>
  <move id="283" source="I6" target="I7"/>
  <move id="284" source="E8" target="E7"/>
  <move id="285" source="I7" target="I8"/>
  <move id="286" source="E7" target="F7"/>
  <move id="287" source="I8" target="I9"/>
  <move id="288" source="D8" target="D9"/>
  <move id="289" source="I9" target="H9"/>
  <move id="290" source="E:" target="E9"/>
  <move id="291" source="H9" target="G9"/>
  <move id="292" source="E9" target="E8"/>
  <move id="293" source="D4" target="E4"/>
  <move id="294" source="F7" target="F6"/>
  <move id="295" source="F4" target="G4"/>
  <move id="296" source="F6" target="F5"/>
  <move id="297" source="G4" target="H4"/>
  <move id="298" source="D9" target="E9"/>
  <move id="299" source="E4" target="D4"/>
  <move id="300" source="D7" target="E7"/>
  <move id="301" source="D4" target="E4"/>
  <move id="302" source="E6" target="E5"/>
  <move id="303" source="D3" target="D4"/>
  <move id="304" source="E7" target="E6"/>
  <move id="305" source="E4" target="E3"/>
  <move id="306" source="F5" target="F4"/>
  <move id="307" source="E3" target="E4"/>
  <move id="308" source="F4" target="F3"/>
  <move id="309" source="E4" target="E5"/>
  <move id="310" source="E6" target="E5"/>
  <move id="311" source="D4" target="E4"/>
  <move id="312" source="E5" target="E6"/>
  <move id="313" source="E4" target="E5"/>
  <move id="314" source="E6" target="E7"/>
  <move id="315" source="E5" target="E6"/>
  <move id="316" source="E7" target="F7"/>
  <move id="317" source="E6" target="F6"/>
  <move id="318" source="F7" target="E7"/>
  <move id="319" source="F6" target="E6"/>
  <move id="320" source="E7" target="D7"/>
  <move id="321" source="E6" target="E7"/>
  <move id="322" source="D7" target="C7"/>
  <move id="323" source="E7" target="D7"/>
  <move id="324" source="C7" target="B7"/>
  <move id="325" source="D7" target="C7"/>
  <move id="326" source="B7" target="B6"/>
  <move id="327" source="C7" target="B7"/>
  <move id="328" source="F3" target="E3"/>
  <move id="329" source="B7" target="B6"/>
  <move id="330" source="B5" target="B4"/>
  <move id="331" source="B6" target="B5"/>
  <move id="332" source="A5" target="A6"/>
  <move id="333" source="B5" target="A5"/>
  <move id="334" source="E8" target="E7"/>
  <move id="335" source="A5" target="B5"/>
  <move id="336" source="E7" target="E6"/>
  <move id="337" source="B5" target="B6"/>
  <move id="338" source="A6" target="A5"/>
  <move id="339" source="H4" target="G4"/>
  <move id="340" source="E3" target="E4"/>
  <move id="341" source="H2" target="H3"/>
  <move id="342" source="E6" target="E5"/>
  <move id="343" source="H3" target="I3"/>
  <move id="344" source="E9" target="E8"/>
  <move id="345" source="I3" target="I4"/>
  <move id="346" source="E8" target="E7"/>
  <move id="347" source="I4" target="I5"/>
  <move id="348" source="E7" target="F7"/>
  <move id="349" source="I5" target="I6"/>
  <move id="350" source="F7" target="F6"/>
  <move id="351" source="I6" target="I7"/>
  <move id="352" source="F6" target="F5"/>
  <move id="353" source="I7" target="I8"/>
  <move id="354" source="F5" target="F4"/>
  <move id="355" source="I8" target="I9"/>
  <move id="356" source="F4" target="F3"/>
  <move id="357" source="I9" target="I:"/>
  <move id="358" source="F3" target="E3"/>
  <move id="359" source="I:" target="H:"/>
  <move id="360" source="E3" target="E2"/>
  <move id="361" source="H:" target="G:"/>
  <move id="362" source="E2" target="E3"/>
  <move id="363" source="G:" target="F:"/>
  <move id="364" source="E3" target="D3"/>
  <move id="365" source="F:" target="F9"/>
  <move id="366" source="E4" target="E3"/>
  <move id="367" source="F9" target="F:"/>
  <move id="368" source="E3" target="E2"/>
  <move id="369" source="F:" target="E:"/>
  <move id="370" source="E5" target="E4"/>
  <move id="371" source="E:" target="D:"/>
  <move id="372" source="E4" target="E3"/>
  <move id="373" source="G4" target="F4"/>
  <move id="374" source="E2" target="E1"/>
  <move id="375" source="F4" target="F5"/>
  <move id="376" source="D3" target="D2"/>
  <move id="377" source="F5" target="F6"/>
  <move id="378" source="E3" target="E2"/>
  <move id="379" source="F6" target="F7"/>
  <move id="380" source="D2" target="C2"/>
  <move id="381" source="F7" target="F8"/>
  <move id="382" source="E1" target="D1"/>
  <move id="383" source="F8" target="E8"/>
  <move id="384" source="E2" target="D2"/>
  <move id="385" source="E8" target="E9"/>
  <move id="386" source="D2" target="D1"/>
  <move id="387" source="E9" target="D9"/>
  <move id="388" source="D1" target="C1"/>
  <move id="389" source="D9" target="D:"/>
  <move id="390" source="A8" target="B8"/>
  <move id="391" source="D:" target="C:"/>
  <player id="1">Player 1</player>
  <player id="2">Player 2</player>
  <result type="1" winner="1"/>
 </game>
</stratego>