<?xml version="1.0" encoding="UTF-8"?>
<stratego>
 <game type="classic">
  
  <field content="EGEIBDFBEMBFDIGEDBHFHDKBLDGEJHCIJDGBDFDHAA__AA__AAAA__AA__AANUTVTSPRNRRPNNUSPSWXPQOPPPNQYQQNUTPQRTVS"/>
  <move id="1" source="B4" target="B5"/>
  <move id="2" source="E7" target="E6"/>
  <move id="3" source="B5" target="B6"/>
  <move id="4" source="F7" target="F6"/>
  <move id="5" source="B6" target="A6"/>
  <move id="6" source="E8" target="E7"/>
  <move id="7" source="A6" target="A7"/>
  <move id="8" source="E6" target="E5"/>
  <move id="9" source="B3" target="B7"/>
  <move id="10" source="B7" target="B6"/>
  <move id="11" source="C4" target="B4"/>
  <move id="12" source="B6" target="A6"/>
  <move id="13" source="B4" target="B5"/>
  <move id="14" source="B8" target="B5"/>
  <move id="15" source="C3" target="C4"/>
  <move id="16" source="F6" target="F5"/>
  <move id="17" source="C4" target="B4"/>
  <move id="18" source="E7" target="E6"/>
  <move id="19" source="B5" target="A5"/>
  <move id="20" source="A6" target="B6"/>
  <move id="21" source="A5" target="A6"/>
  <move id="22" source="B6" target="B7"/>
  <move id="23" source="A6" target="B6"/>
  <move id="24" source="B7" target="B8"/>
  <move id="25" source="B6" target="B7"/>
  <move id="26" source="E5" target="E4"/>
  <move id="27" source="B4" target="B5"/>
  <move id="28" source="E4" target="D4"/>
  <move id="29" source="B5" target="B6"/>
  <move id="30" source="D4" target="D3"/>
  <move id="31" source="B7" target="B8"/>
  <move id="32" source="E6" target="E5"/>
  <move id="33" source="B6" target="B7"/>
  <move id="34" source="E5" target="E4"/>
  <move id="35" source="E3" target="E4"/>
  <move id="36" source="F5" target="F4"/>
  <move id="37" source="B8" target="B9"/>
  <move id="38" source="K7" target="K6"/>
  <move id="39" source="B9" target="A9"/>
  <move id="40" source="K8" target="K7"/>
  <move id="41" source="A9" target="A:"/>
  <move id="42" source="K6" target="K5"/>
  <move id="43" source="A:" target="B:"/>
  <move id="44" source="K7" target="K6"/>
  <move id="45" source="B7" target="B8"/>
  <move id="46" source="K5" target="I5"/>
  <move id="47" source="B8" target="C8"/>
  <move id="48" source="K6" target="K5"/>
  <move id="49" source="B2" target="B3"/>
  <move id="50" source="I5" target="I4"/>
  <move id="51" source="K4" target="I4"/>
  <move id="52" source="I8" target="K8"/>
  <move id="53" source="B3" target="B4"/>
  <move id="54" source="K8" target="K7"/>
  <move id="55" source="B4" target="B5"/>
  <move id="56" source="K7" target="K6"/>
  <move id="57" source="B5" target="B6"/>
  <move id="58" source="K6" target="I6"/>
  <move id="59" source="B6" target="B7"/>
  <move id="60" source="I6" target="I5"/>
  <move id="61" source="I4" target="K4"/>
  <move id="62" source="I5" target="I4"/>
  <move id="63" source="K4" target="K5"/>
  <move id="64" source="I4" target="H4"/>
  <move id="65" source="E4" target="E5"/>
  <move id="66" source="K9" target="K8"/>
  <move id="67" source="E5" target="E6"/>
  <move id="68" source="K5" target="K4"/>
  <move id="69" source="E6" target="E7"/>
  <move id="70" source="K8" target="K7"/>
  <move id="71" source="B7" target="B8"/>
  <move id="72" source="K7" target="K6"/>
  <move id="73" source="B8" target="A8"/>
  <move id="74" source="K6" target="I6"/>
  <move id="75" source="E7" target="E8"/>
  <move id="76" source="I6" target="I5"/>
  <move id="77" source="E8" target="E9"/>
  <move id="78" source="I5" target="I4"/>
  <move id="79" source="E9" target="E:"/>
  <move id="80" source="I4" target="I3"/>
  <move id="81" source="E:" target="F:"/>
  <move id="82" source="H4" target="I4"/>
  <move id="83" source="F:" target="G:"/>
  <move id="84" source="I4" target="I3"/>
  <move id="85" source="G:" target="H:"/>
  <move id="86" source="I3" target="I2"/>
  <move id="87" source="H:" target="I:"/>
  <move id="88" source="I2" target="I1"/>
  <move id="89" source="I:" target="K:"/>
  <move id="90" source="I1" target="H1"/>
  <move id="91" source="K:" target="I:"/>
  <move id="92" source="K4" target="I4"/>
  <move id="93" source="I:" target="H:"/>
  <move id="94" source="I4" target="I3"/>
  <move id="95" source="K3" target="K4"/>
  <move id="96" source="I3" target="I2"/>
  <move id="97" source="K4" target="K5"/>
  <move id="98" source="D7" target="E7"/>
  <move id="99" source="K5" target="K6"/>
  <move id="100" source="H8" target="I8"/>
  <move id="101" source="K6" target="K7"/>
  <move id="102" source="I8" target="K8"/>
  <move id="103" source="K7" target="K8"/>
  <move id="104" source="E7" target="E6"/>
  <move id="105" source="K8" target="K9"/>
  <move id="106" source="E6" target="E5"/>
  <move id="107" source="K9" target="K8"/>
  <move id="108" source="E5" target="E4"/>
  <move id="109" source="K8" target="I8"/>
  <move id="110" source="E4" target="E3"/>
  <move id="111" source="I8" target="H8"/>
  <move id="112" source="E3" target="F3"/>
  <move id="113" source="H8" target="H9"/>
  <move id="114" source="F3" target="F2"/>
  <move id="115" source="H9" target="G9"/>
  <move id="116" source="F2" target="F1"/>
  <move id="117" source="H:" target="G:"/>
  <move id="118" source="F1" target="E1"/>
  <move id="119" source="G:" target="F:"/>
  <move id="120" source="F8" target="F7"/>
  <move id="121" source="F:" target="E:"/>
  <move id="122" source="F7" target="F6"/>
  <move id="123" source="E:" target="E9"/>
  <move id="124" source="F6" target="F5"/>
  <move id="125" source="E2" target="E3"/>
  <move id="126" source="F5" target="E5"/>
  <move id="127" source="D2" target="E2"/>
  <move id="128" source="E5" target="E4"/>
  <move id="129" source="E3" target="F3"/>
  <move id="130" source="E4" target="D4"/>
  <move id="131" source="E2" target="E3"/>
  <move id="132" source="D4" target="C4"/>
  <move id="133" source="E3" target="E4"/>
  <move id="134" source="C4" target="C3"/>
  <move id="135" source="D1" target="D2"/>
  <move id="136" source="C3" target="B3"/>
  <move id="137" source="C2" target="C3"/>
  <move id="138" source="B3" target="B2"/>
  <move id="139" source="D2" target="C2"/>
  <move id="140" source="B2" target="B1"/>
  <move id="141" source="E4" target="E5"/>
  <move id="142" source="C7" target="B7"/>
  <move id="143" source="E5" target="E6"/>
  <move id="144" source="B7" target="B6"/>
  <move id="145" source="C3" target="C4"/>
  <move id="146" source="B6" target="B5"/>
  <move id="147" source="E6" target="F6"/>
  <move id="148" source="B5" target="B4"/>
  <move id="149" source="C4" target="D4"/>
  <move id="150" source="B4" target="B3"/>
  <move id="151" source="D4" target="E4"/>
  <move id="152" source="B3" target="B2"/>
  <move id="153" source="C2" target="B2"/>
  <move id="154" source="I2" target="H2"/>
  <move id="155" source="E4" target="E8"/>
  <move id="156" source="G8" target="H8"/>
  <move id="157" source="E8" target="H8"/>
  <move id="158" source="H7" target="H8"/>
  <move id="159" source="F6" target="F7"/>
  <move id="160" source="H8" target="I8"/>
  <move id="161" source="H3" target="H4"/>
  <move id="162" source="I8" target="K8"/>
  <move id="163" source="G3" target="H3"/>
  <move id="164" source="K8" target="K7"/>
  <move id="165" source="H3" target="I3"/>
  <move id="166" source="K7" target="K6"/>
  <move id="167" source="I3" target="I4"/>
  <move id="168" source="K6" target="K5"/>
  <move id="169" source="E9" target="D9"/>
  <move id="170" source="C9" target="D9"/>
  <move id="171" source="B2" target="B3"/>
  <move id="172" source="K5" target="K4"/>
  <move id="173" source="I4" target="K4"/>
  <move id="174" source="F9" target="E9"/>
  <move id="175" source="F7" target="F8"/>
  <move id="176" source="E9" target="E2"/>
  <move id="177" source="G2" target="E2"/>
  <move id="178" source="D9" target="E9"/>
  <move id="179" source="B3" target="B4"/>
  <move id="180" source="E9" target="F9"/>
  <move id="181" source="B4" target="B5"/>
  <move id="182" source="G7" target="E7"/>
  <move id="183" source="B5" target="B6"/>
  <move id="184" source="E7" target="E2"/>
  <move id="185" source="C1" target="C2"/>
  <move id="186" source="E2" target="F2"/>
  <move id="187" source="B6" target="B7"/>
  <move id="188" source="D:" target="D9"/>
  <move id="189" source="B7" target="C7"/>
  <move id="190" source="D9" target="E9"/>
  <move id="191" source="A4" target="A5"/>
  <move id="192" source="E9" target="E8"/>
  <move id="193" source="F8" target="E8"/>
  <move id="194" source="C:" target="C9"/>
  <move id="195" source="A5" target="A6"/>
  <move id="196" source="C9" target="B9"/>
  <move id="197" source="A6" target="B6"/>
  <move id="198" source="B9" target="B8"/>
  <move id="199" source="C7" target="B7"/>
  <move id="200" source="B8" target="B7"/>
  <move id="201" source="B6" target="B7"/>
  <move id="202" source="F2" target="E2"/>
  <move id="203" source="B7" target="B8"/>
  <move id="204" source="E2" target="E4"/>
  <move id="205" source="B8" target="B9"/>
  <move id="206" source="E4" target="B4"/>
  <move id="207" source="B9" target="B:"/>
  <move id="208" source="B4" target="B1"/>
  <move id="209" source="E8" target="D8"/>
  <move id="210" source="B1" target="A1"/>
  <move id="211" source="G4" target="G3"/>
  <move id="212" source="F9" target="F8"/>
  <move id="213" source="G3" target="I3"/>
  <move id="214" source="F8" target="F7"/>
  <move id="215" source="I3" target="I7"/>
  <move id="216" source="F7" target="F6"/>
  <move id="217" source="K4" target="K5"/>
  <move id="218" source="F6" target="E6"/>
  <move id="219" source="K5" target="K6"/>
  <move id="220" source="E6" target="E5"/>
  <move id="221" source="K6" target="K7"/>
  <move id="222" source="E5" target="E4"/>
  <move id="223" source="K7" target="K8"/>
  <move id="224" source="E4" target="E3"/>
  <move id="225" source="K8" target="I8"/>
  <move id="226" source="E3" target="E2"/>
  <move id="227" source="I8" target="H8"/>
  <move id="228" source="E2" target="D2"/>
  <move id="229" source="H8" target="G8"/>
  <move id="230" source="D2" target="D1"/>
  <move id="231" source="G8" target="G9"/>
  <move id="232" source="D1" target="C1"/>
  <move id="233" source="K2" target="K3"/>
  <move id="234" source="C1" target="B1"/>
  <move id="235" source="K3" target="K4"/>
  <move id="236" source="B1" target="B2"/>
  <move id="237" source="K4" target="K5"/>
  <move id="238" source="B2" target="A2"/>
  <player id="1">Player 1</player>
  <player id="2">Player 2</player>
  <result type="0" winner="1"/>
 </game>
</stratego>