<?xml version="1.0" encoding="UTF-8"?>
<stratego>
 <game type="classic">
  
  <field content="DBFMBDHEBCEIBHIBJBJEDGELHEIKHFFDDDFGDGDGAA__AA__AAAA__AA__AARPURPTQNRSNSXPTPPTPNQVOWUTUPQSYNRNQNQSVP"/>
  <move id="1" source="F4" target="F5"/>
  <move id="2" source="B7" target="B4"/>
  <move id="3" source="E4" target="E5"/>
  <move id="4" source="A7" target="A6"/>
  <move id="5" source="E5" target="E6"/>
  <move id="6" source="A6" target="A5"/>
  <move id="7" source="E3" target="E4"/>
  <move id="8" source="C7" target="B7"/>
  <move id="9" source="E4" target="E5"/>
  <move id="10" source="B7" target="B6"/>
  <move id="11" source="B3" target="B4"/>
  <move id="12" source="A5" target="B5"/>
  <move id="13" source="E6" target="E7"/>
  <move id="14" source="E8" target="E7"/>
  <move id="15" source="D4" target="E4"/>
  <move id="16" source="D8" target="E8"/>
  <move id="17" source="A4" target="A5"/>
  <move id="18" source="D7" target="D8"/>
  <move id="19" source="A5" target="A6"/>
  <move id="20" source="B6" target="A6"/>
  <move id="21" source="C3" target="B3"/>
  <move id="22" source="A6" target="B6"/>
  <move id="23" source="K4" target="K5"/>
  <move id="24" source="E7" target="D7"/>
  <move id="25" source="K5" target="K6"/>
  <move id="26" source="E8" target="E5"/>
  <move id="27" source="I4" target="I5"/>
  <move id="28" source="D7" target="E7"/>
  <move id="29" source="E4" target="F4"/>
  <move id="30" source="E7" target="D7"/>
  <move id="31" source="E5" target="E4"/>
  <move id="32" source="F7" target="F6"/>
  <move id="33" source="I5" target="I6"/>
  <move id="34" source="D7" target="E7"/>
  <move id="35" source="H4" target="I4"/>
  <move id="36" source="E7" target="E6"/>
  <move id="37" source="E4" target="D4"/>
  <move id="38" source="E6" target="E7"/>
  <move id="39" source="F4" target="E4"/>
  <move id="40" source="E7" target="D7"/>
  <move id="41" source="E4" target="E9"/>
  <move id="42" source="F6" target="F5"/>
  <move id="43" source="G4" target="F4"/>
  <move id="44" source="F5" target="F6"/>
  <move id="45" source="F4" target="F5"/>
  <move id="46" source="F6" target="F7"/>
  <move id="47" source="F5" target="F6"/>
  <move id="48" source="F7" target="E7"/>
  <move id="49" source="F6" target="E6"/>
  <move id="50" source="E7" target="E8"/>
  <move id="51" source="E6" target="E7"/>
  <move id="52" source="G7" target="F7"/>
  <move id="53" source="E7" target="F7"/>
  <move id="54" source="F7" target="F6"/>
  <move id="55" source="I4" target="H4"/>
  <move id="56" source="F8" target="F7"/>
  <move id="57" source="H4" target="G4"/>
  <move id="58" source="F6" target="E6"/>
  <move id="59" source="G4" target="F4"/>
  <move id="60" source="F7" target="F4"/>
  <move id="61" source="F4" target="F5"/>
  <move id="62" source="E8" target="F8"/>
  <move id="63" source="F5" target="F6"/>
  <move id="64" source="E6" target="E7"/>
  <move id="65" source="H3" target="H4"/>
  <move id="66" source="F8" target="F7"/>
  <move id="67" source="F6" target="F5"/>
  <move id="68" source="F7" target="F6"/>
  <move id="69" source="F5" target="F4"/>
  <move id="70" source="F6" target="F5"/>
  <move id="71" source="G3" target="G4"/>
  <move id="72" source="F5" target="F4"/>
  <move id="73" source="G4" target="F4"/>
  <move id="74" source="G8" target="G7"/>
  <move id="75" source="F4" target="E4"/>
  <move id="76" source="G7" target="F7"/>
  <move id="77" source="H4" target="G4"/>
  <move id="78" source="D7" target="C7"/>
  <move id="79" source="F3" target="F4"/>
  <move id="80" source="D8" target="E8"/>
  <move id="81" source="F4" target="F3"/>
  <move id="82" source="E8" target="F8"/>
  <move id="83" source="G4" target="F4"/>
  <move id="84" source="E9" target="E8"/>
  <move id="85" source="F4" target="F5"/>
  <move id="86" source="D9" target="E9"/>
  <move id="87" source="F5" target="F6"/>
  <move id="88" source="C9" target="D9"/>
  <move id="89" source="F6" target="F7"/>
  <move id="90" source="E7" target="D7"/>
  <move id="91" source="F7" target="F8"/>
  <move id="92" source="E8" target="D8"/>
  <move id="93" source="F8" target="E8"/>
  <move id="94" source="C7" target="B7"/>
  <move id="95" source="E8" target="D8"/>
  <move id="96" source="C8" target="D8"/>
  <move id="97" source="F3" target="F4"/>
  <move id="98" source="B7" target="A7"/>
  <move id="99" source="F4" target="F5"/>
  <move id="100" source="B6" target="B7"/>
  <move id="101" source="F5" target="F6"/>
  <move id="102" source="B5" target="B4"/>
  <move id="103" source="F6" target="F7"/>
  <move id="104" source="B7" target="C7"/>
  <move id="105" source="F7" target="F8"/>
  <move id="106" source="D7" target="E7"/>
  <move id="107" source="F8" target="F9"/>
  <move id="108" source="E7" target="F7"/>
  <move id="109" source="I3" target="H3"/>
  <move id="110" source="C7" target="D7"/>
  <move id="111" source="I2" target="I3"/>
  <move id="112" source="D7" target="E7"/>
  <move id="113" source="E4" target="F4"/>
  <move id="114" source="E7" target="E6"/>
  <move id="115" source="D3" target="E3"/>
  <move id="116" source="D8" target="D7"/>
  <move id="117" source="I3" target="I4"/>
  <move id="118" source="E6" target="F6"/>
  <move id="119" source="F4" target="G4"/>
  <move id="120" source="D9" target="D8"/>
  <move id="121" source="E3" target="F3"/>
  <move id="122" source="D8" target="C8"/>
  <move id="123" source="I4" target="I5"/>
  <move id="124" source="E9" target="D9"/>
  <move id="125" source="I6" target="I7"/>
  <move id="126" source="C8" target="D8"/>
  <move id="127" source="K6" target="I6"/>
  <move id="128" source="D8" target="E8"/>
  <move id="129" source="I6" target="I7"/>
  <move id="130" source="K7" target="I7"/>
  <move id="131" source="I5" target="I6"/>
  <move id="132" source="E8" target="F8"/>
  <move id="133" source="I6" target="I7"/>
  <move id="134" source="H8" target="G8"/>
  <move id="135" source="I7" target="I8"/>
  <move id="136" source="F8" target="E8"/>
  <move id="137" source="I8" target="I9"/>
  <move id="138" source="I:" target="I9"/>
  <move id="139" source="H3" target="I3"/>
  <move id="140" source="F7" target="E7"/>
  <move id="141" source="I3" target="I2"/>
  <move id="142" source="B8" target="C8"/>
  <move id="143" source="F3" target="G3"/>
  <move id="144" source="B9" target="B8"/>
  <move id="145" source="G3" target="H3"/>
  <move id="146" source="B8" target="B7"/>
  <move id="147" source="H3" target="I3"/>
  <move id="148" source="B7" target="B6"/>
  <move id="149" source="I3" target="I4"/>
  <move id="150" source="B6" target="B5"/>
  <move id="151" source="I4" target="I5"/>
  <move id="152" source="G8" target="G7"/>
  <move id="153" source="I5" target="I6"/>
  <move id="154" source="E7" target="F7"/>
  <move id="155" source="I6" target="I7"/>
  <move id="156" source="F7" target="F8"/>
  <move id="157" source="I7" target="I8"/>
  <move id="158" source="F8" target="G8"/>
  <move id="159" source="I8" target="I7"/>
  <move id="160" source="E8" target="F8"/>
  <move id="161" source="C4" target="C3"/>
  <move id="162" source="D7" target="E7"/>
  <move id="163" source="K3" target="K4"/>
  <move id="164" source="E7" target="E6"/>
  <move id="165" source="K4" target="K5"/>
  <move id="166" source="E6" target="E5"/>
  <move id="167" source="D4" target="D3"/>
  <move id="168" source="F6" target="F5"/>
  <move id="169" source="C3" target="C4"/>
  <move id="170" source="E5" target="E4"/>
  <move id="171" source="K5" target="K6"/>
  <move id="172" source="H9" target="I9"/>
  <move id="173" source="I7" target="I6"/>
  <move id="174" source="I9" target="I6"/>
  <move id="175" source="K6" target="K7"/>
  <move id="176" source="B5" target="B4"/>
  <move id="177" source="C4" target="E4"/>
  <move id="178" source="B4" target="B3"/>
  <move id="179" source="K7" target="I7"/>
  <move id="180" source="B3" target="B4"/>
  <move id="181" source="I7" target="I8"/>
  <move id="182" source="F8" target="F7"/>
  <move id="183" source="I6" target="I7"/>
  <move id="184" source="E4" target="E5"/>
  <move id="185" source="I8" target="I9"/>
  <move id="186" source="E5" target="E6"/>
  <move id="187" source="I7" target="I8"/>
  <move id="188" source="E6" target="E7"/>
  <move id="189" source="I9" target="I:"/>
  <move id="190" source="E7" target="E8"/>
  <move id="191" source="I8" target="I9"/>
  <move id="192" source="G8" target="H8"/>
  <move id="193" source="I:" target="K:"/>
  <move id="194" source="K9" target="K:"/>
  <move id="195" source="G2" target="G3"/>
  <move id="196" source="F9" target="E9"/>
  <move id="197" source="G3" target="F3"/>
  <move id="198" source="D9" target="D8"/>
  <move id="199" source="F3" target="F4"/>
  <move id="200" source="F5" target="F6"/>
  <move id="201" source="K2" target="K3"/>
  <move id="202" source="E8" target="E7"/>
  <move id="203" source="K3" target="K4"/>
  <move id="204" source="E7" target="E6"/>
  <move id="205" source="F4" target="F3"/>
  <move id="206" source="B4" target="C4"/>
  <move id="207" source="F3" target="G3"/>
  <move id="208" source="C4" target="D4"/>
  <move id="209" source="G4" target="H4"/>
  <move id="210" source="D4" target="E4"/>
  <move id="211" source="H4" target="H3"/>
  <move id="212" source="E4" target="F4"/>
  <move id="213" source="H3" target="I3"/>
  <move id="214" source="F4" target="G4"/>
  <move id="215" source="G3" target="G4"/>
  <move id="216" source="E6" target="E7"/>
  <move id="217" source="K4" target="K5"/>
  <move id="218" source="E7" target="E8"/>
  <move id="219" source="K5" target="K6"/>
  <move id="220" source="F7" target="F8"/>
  <move id="221" source="K6" target="K7"/>
  <move id="222" source="D8" target="D7"/>
  <move id="223" source="K7" target="K8"/>
  <move id="224" source="D7" target="E7"/>
  <move id="225" source="K8" target="I8"/>
  <move id="226" source="H8" target="I8"/>
  <move id="227" source="A3" target="A4"/>
  <move id="228" source="E7" target="D7"/>
  <move id="229" source="I9" target="I:"/>
  <move id="230" source="K:" target="K9"/>
  <move id="231" source="I:" target="K:"/>
  <move id="232" source="K9" target="I9"/>
  <move id="233" source="I3" target="K3"/>
  <move id="234" source="F8" target="F9"/>
  <move id="235" source="I2" target="I3"/>
  <move id="236" source="I9" target="H9"/>
  <move id="237" source="I3" target="I4"/>
  <move id="238" source="H9" target="H8"/>
  <move id="239" source="I4" target="I5"/>
  <move id="240" source="H8" target="G8"/>
  <move id="241" source="I5" target="I6"/>
  <move id="242" source="G8" target="F8"/>
  <move id="243" source="I6" target="I7"/>
  <move id="244" source="F8" target="F7"/>
  <move id="245" source="I7" target="I8"/>
  <move id="246" source="F6" target="F5"/>
  <move id="247" source="K:" target="K9"/>
  <move id="248" source="F5" target="E5"/>
  <move id="249" source="K9" target="I9"/>
  <move id="250" source="E5" target="E4"/>
  <move id="251" source="I8" target="I7"/>
  <move id="252" source="E4" target="D4"/>
  <move id="253" source="K3" target="K4"/>
  <move id="254" source="D4" target="C4"/>
  <move id="255" source="A4" target="A5"/>
  <move id="256" source="C4" target="B4"/>
  <move id="257" source="K4" target="K5"/>
  <move id="258" source="D7" target="C7"/>
  <move id="259" source="D3" target="E3"/>
  <move id="260" source="C7" target="B7"/>
  <move id="261" source="E3" target="F3"/>
  <move id="262" source="B7" target="B6"/>
  <move id="263" source="A5" target="A3"/>
  <move id="264" source="B6" target="B7"/>
  <move id="265" source="A3" target="E3"/>
  <move id="266" source="B7" target="C7"/>
  <move id="267" source="E3" target="E4"/>
  <move id="268" source="C7" target="D7"/>
  <move id="269" source="K5" target="I5"/>
  <move id="270" source="D7" target="E7"/>
  <move id="271" source="E4" target="K4"/>
  <move id="272" source="E7" target="E6"/>
  <move id="273" source="K4" target="K:"/>
  <move id="274" source="E6" target="E5"/>
  <move id="275" source="K:" target="H:"/>
  <move id="276" source="E8" target="F8"/>
  <move id="277" source="I9" target="H9"/>
  <move id="278" source="H:" target="I:"/>
  <move id="279" source="I7" target="I8"/>
  <move id="280" source="I:" target="K:"/>
  <move id="281" source="I8" target="I9"/>
  <move id="282" source="G9" target="G8"/>
  <move id="283" source="I9" target="I:"/>
  <move id="284" source="K:" target="K9"/>
  <move id="285" source="I:" target="H:"/>
  <move id="286" source="K9" target="K8"/>
  <move id="287" source="H:" target="G:"/>
  <move id="288" source="G8" target="G9"/>
  <move id="289" source="G:" target="F:"/>
  <move id="290" source="G9" target="G8"/>
  <move id="291" source="H9" target="H8"/>
  <move id="292" source="G8" target="G9"/>
  <move id="293" source="I5" target="K5"/>
  <move id="294" source="K8" target="K9"/>
  <move id="295" source="K5" target="K6"/>
  <move id="296" source="E5" target="E4"/>
  <move id="297" source="K6" target="K7"/>
  <move id="298" source="E4" target="F4"/>
  <move id="299" source="F3" target="G3"/>
  <move id="300" source="F4" target="G4"/>
  <move id="301" source="G3" target="H3"/>
  <move id="302" source="G4" target="H4"/>
  <move id="303" source="H3" target="I3"/>
  <move id="304" source="H4" target="H3"/>
  <move id="305" source="I3" target="K3"/>
  <move id="306" source="H3" target="I3"/>
  <move id="307" source="K3" target="K2"/>
  <move id="308" source="I3" target="I2"/>
  <move id="309" source="K2" target="K3"/>
  <move id="310" source="I2" target="I3"/>
  <move id="311" source="K3" target="K4"/>
  <move id="312" source="I3" target="I4"/>
  <move id="313" source="K4" target="K5"/>
  <move id="314" source="I4" target="K4"/>
  <move id="315" source="K5" target="I5"/>
  <move id="316" source="K4" target="K5"/>
  <move id="317" source="I5" target="I4"/>
  <move id="318" source="K5" target="K6"/>
  <move id="319" source="K7" target="K8"/>
  <move id="320" source="K6" target="K7"/>
  <move id="321" source="K8" target="I8"/>
  <move id="322" source="K7" target="I7"/>
  <move id="323" source="I8" target="I9"/>
  <move id="324" source="K9" target="K8"/>
  <move id="325" source="H8" target="I8"/>
  <move id="326" source="I7" target="I6"/>
  <move id="327" source="I8" target="I7"/>
  <move id="328" source="I6" target="I5"/>
  <move id="329" source="I4" target="H4"/>
  <move id="330" source="I5" target="I4"/>
  <move id="331" source="H4" target="H3"/>
  <move id="332" source="I4" target="H4"/>
  <move id="333" source="H3" target="I3"/>
  <move id="334" source="F8" target="G8"/>
  <move id="335" source="I9" target="K9"/>
  <move id="336" source="G8" target="H8"/>
  <move id="337" source="K9" target="K8"/>
  <move id="338" source="H4" target="I4"/>
  <move id="339" source="I3" target="K3"/>
  <move id="340" source="I4" target="K4"/>
  <move id="341" source="K3" target="K2"/>
  <move id="342" source="K4" target="K3"/>
  <move id="343" source="I7" target="I8"/>
  <move id="344" source="K3" target="K2"/>
  <move id="345" source="I8" target="I7"/>
  <move id="346" source="K2" target="K3"/>
  <move id="347" source="I7" target="I6"/>
  <move id="348" source="K3" target="K4"/>
  <move id="349" source="K8" target="K7"/>
  <move id="350" source="F7" target="E7"/>
  <move id="351" source="I6" target="K6"/>
  <move id="352" source="H8" target="I8"/>
  <move id="353" source="K6" target="K5"/>
  <move id="354" source="K4" target="I4"/>
  <move id="355" source="K5" target="I5"/>
  <move id="356" source="I4" target="H4"/>
  <move id="357" source="I5" target="I4"/>
  <move id="358" source="H4" target="H3"/>
  <move id="359" source="I4" target="I3"/>
  <move id="360" source="H3" target="H4"/>
  <move id="361" source="E2" target="E3"/>
  <move id="362" source="H4" target="G4"/>
  <move id="363" source="I3" target="H3"/>
  <move id="364" source="G4" target="F4"/>
  <move id="365" source="H3" target="G3"/>
  <move id="366" source="I8" target="H8"/>
  <move id="367" source="E3" target="D3"/>
  <move id="368" source="F4" target="E4"/>
  <move id="369" source="G3" target="F3"/>
  <move id="370" source="B4" target="B3"/>
  <move id="371" source="B2" target="B3"/>
  <move id="372" source="E4" target="D4"/>
  <move id="373" source="F3" target="E3"/>
  <move id="374" source="H8" target="G8"/>
  <move id="375" source="K1" target="K2"/>
  <move id="376" source="G9" target="H9"/>
  <move id="377" source="K2" target="I2"/>
  <move id="378" source="H9" target="I9"/>
  <move id="379" source="I2" target="I3"/>
  <move id="380" source="I9" target="I8"/>
  <move id="381" source="I3" target="H3"/>
  <move id="382" source="G8" target="F8"/>
  <move id="383" source="H3" target="G3"/>
  <move id="384" source="F8" target="F7"/>
  <move id="385" source="K7" target="K6"/>
  <move id="386" source="I8" target="I7"/>
  <move id="387" source="K6" target="K5"/>
  <move id="388" source="I7" target="I6"/>
  <move id="389" source="G3" target="G4"/>
  <move id="390" source="I6" target="I5"/>
  <move id="391" source="G4" target="F4"/>
  <move id="392" source="I5" target="K5"/>
  <move id="393" source="D3" target="C3"/>
  <move id="394" source="D4" target="C4"/>
  <move id="395" source="C3" target="D3"/>
  <move id="396" source="E7" target="E6"/>
  <move id="397" source="E3" target="E4"/>
  <move id="398" source="F7" target="F6"/>
  <move id="399" source="D3" target="E3"/>
  <move id="400" source="E6" target="E7"/>
  <move id="401" source="E4" target="E5"/>
  <move id="402" source="C4" target="B4"/>
  <move id="403" source="E3" target="E4"/>
  <move id="404" source="B4" target="C4"/>
  <move id="405" source="E4" target="E3"/>
  <move id="406" source="C4" target="C3"/>
  <move id="407" source="E3" target="E4"/>
  <move id="408" source="C3" target="D3"/>
  <move id="409" source="A2" target="A3"/>
  <move id="410" source="E7" target="E8"/>
  <move id="411" source="A3" target="A4"/>
  <move id="412" source="F6" target="F7"/>
  <move id="413" source="E5" target="E6"/>
  <move id="414" source="D3" target="E3"/>
  <move id="415" source="E6" target="E5"/>
  <move id="416" source="F7" target="E7"/>
  <move id="417" source="E4" target="D4"/>
  <move id="418" source="E3" target="D3"/>
  <move id="419" source="E5" target="E4"/>
  <move id="420" source="E7" target="E6"/>
  <move id="421" source="A4" target="B4"/>
  <move id="422" source="D3" target="C3"/>
  <move id="423" source="B4" target="B5"/>
  <move id="424" source="E6" target="E7"/>
  <move id="425" source="B5" target="B6"/>
  <move id="426" source="E7" target="D7"/>
  <move id="427" source="B6" target="B7"/>
  <move id="428" source="A7" target="B7"/>
  <move id="429" source="F4" target="F5"/>
  <move id="430" source="D7" target="E7"/>
  <move id="431" source="F5" target="F6"/>
  <move id="432" source="F9" target="F8"/>
  <move id="433" source="F6" target="F5"/>
  <move id="434" source="E7" target="E6"/>
  <move id="435" source="E4" target="E3"/>
  <move id="436" source="C3" target="C4"/>
  <move id="437" source="D4" target="E4"/>
  <move id="438" source="E8" target="D8"/>
  <move id="439" source="E4" target="F4"/>
  <move id="440" source="D8" target="D9"/>
  <move id="441" source="F4" target="G4"/>
  <move id="442" source="B7" target="B8"/>
  <move id="443" source="G4" target="H4"/>
  <move id="444" source="F8" target="F7"/>
  <move id="445" source="H4" target="I4"/>
  <move id="446" source="F7" target="F6"/>
  <move id="447" source="F5" target="F4"/>
  <move id="448" source="E6" target="E5"/>
  <move id="449" source="I4" target="I5"/>
  <move id="450" source="E5" target="E6"/>
  <move id="451" source="I5" target="I6"/>
  <move id="452" source="E6" target="E7"/>
  <move id="453" source="E3" target="E4"/>
  <move id="454" source="F6" target="E6"/>
  <move id="455" source="A1" target="A2"/>
  <move id="456" source="C4" target="B4"/>
  <move id="457" source="A2" target="A3"/>
  <move id="458" source="E7" target="F7"/>
  <move id="459" source="F4" target="G4"/>
  <move id="460" source="B4" target="A4"/>
  <move id="461" source="A3" target="B3"/>
  <move id="462" source="A4" target="A3"/>
  <move id="463" source="B3" target="C3"/>
  <move id="464" source="A3" target="B3"/>
  <move id="465" source="C3" target="D3"/>
  <move id="466" source="B3" target="C3"/>
  <move id="467" source="D3" target="E3"/>
  <move id="468" source="C3" target="B3"/>
  <move id="469" source="E3" target="F3"/>
  <move id="470" source="F7" target="F6"/>
  <move id="471" source="F3" target="G3"/>
  <move id="472" source="B3" target="B4"/>
  <move id="473" source="G3" target="H3"/>
  <move id="474" source="B4" target="B5"/>
  <move id="475" source="H3" target="I3"/>
  <move id="476" source="B5" target="B6"/>
  <move id="477" source="I3" target="K3"/>
  <move id="478" source="B6" target="B7"/>
  <move id="479" source="I6" target="I7"/>
  <move id="480" source="F6" target="F5"/>
  <move id="481" source="I7" target="I8"/>
  <move id="482" source="B7" target="C7"/>
  <move id="483" source="I8" target="H8"/>
  <move id="484" source="C7" target="D7"/>
  <move id="485" source="H8" target="G8"/>
  <move id="486" source="G7" target="F7"/>
  <move id="487" source="G8" target="F8"/>
  <move id="488" source="D7" target="E7"/>
  <move id="489" source="E4" target="F4"/>
  <move id="490" source="F5" target="F6"/>
  <move id="491" source="F4" target="F5"/>
  <move id="492" source="F7" target="G7"/>
  <move id="493" source="F8" target="G8"/>
  <move id="494" source="G7" target="F7"/>
  <move id="495" source="G8" target="F8"/>
  <move id="496" source="E7" target="E8"/>
  <move id="497" source="F8" target="G8"/>
  <move id="498" source="F7" target="E7"/>
  <move id="499" source="G8" target="H8"/>
  <move id="500" source="E8" target="F8"/>
  <move id="501" source="H8" target="I8"/>
  <move id="502" source="F8" target="G8"/>
  <move id="503" source="I8" target="I7"/>
  <move id="504" source="G8" target="H8"/>
  <move id="505" source="I7" target="I6"/>
  <move id="506" source="H8" target="G8"/>
  <move id="507" source="F5" target="F6"/>
  <move id="508" source="G8" target="F8"/>
  <move id="509" source="G4" target="F4"/>
  <move id="510" source="E6" target="E5"/>
  <move id="511" source="F4" target="E4"/>
  <move id="512" source="E7" target="E6"/>
  <move id="513" source="E4" target="E5"/>
  <move id="514" source="E6" target="E5"/>
  <move id="515" source="I6" target="I5"/>
  <move id="516" source="F8" target="F7"/>
  <move id="517" source="I5" target="I4"/>
  <move id="518" source="F7" target="F6"/>
  <move id="519" source="I4" target="I5"/>
  <move id="520" source="E5" target="E4"/>
  <move id="521" source="I5" target="I6"/>
  <move id="522" source="E4" target="E3"/>
  <move id="523" source="I6" target="I7"/>
  <move id="524" source="E3" target="E2"/>
  <move id="525" source="D2" target="E2"/>
  <move id="526" source="B8" target="B7"/>
  <move id="527" source="I7" target="I8"/>
  <move id="528" source="F6" target="F7"/>
  <move id="529" source="I8" target="H8"/>
  <move id="530" source="E9" target="E8"/>
  <move id="531" source="H8" target="I8"/>
  <move id="532" source="E8" target="E7"/>
  <move id="533" source="I8" target="I7"/>
  <move id="534" source="E7" target="E6"/>
  <move id="535" source="I7" target="I6"/>
  <move id="536" source="E6" target="E5"/>
  <move id="537" source="I6" target="I5"/>
  <move id="538" source="F7" target="F6"/>
  <move id="539" source="I5" target="I4"/>
  <move id="540" source="F6" target="F5"/>
  <move id="541" source="I4" target="H4"/>
  <move id="542" source="E5" target="E4"/>
  <move id="543" source="H4" target="I4"/>
  <move id="544" source="E4" target="E3"/>
  <move id="545" source="I4" target="I5"/>
  <move id="546" source="E3" target="E2"/>
  <move id="547" source="I5" target="I6"/>
  <move id="548" source="E2" target="D2"/>
  <move id="549" source="I6" target="I7"/>
  <move id="550" source="F5" target="F6"/>
  <move id="551" source="K3" target="K9"/>
  <move id="552" source="F6" target="F7"/>
  <move id="553" source="I7" target="I6"/>
  <move id="554" source="F7" target="F6"/>
  <move id="555" source="I6" target="I5"/>
  <move id="556" source="F6" target="F5"/>
  <move id="557" source="I5" target="I4"/>
  <move id="558" source="E:" target="E9"/>
  <move id="559" source="I4" target="I5"/>
  <move id="560" source="B7" target="B6"/>
  <move id="561" source="I5" target="I6"/>
  <move id="562" source="B6" target="B5"/>
  <move id="563" source="I6" target="I7"/>
  <move id="564" source="B5" target="B4"/>
  <move id="565" source="I7" target="I8"/>
  <move id="566" source="F5" target="F6"/>
  <move id="567" source="I8" target="H8"/>
  <move id="568" source="F6" target="F7"/>
  <move id="569" source="H8" target="I8"/>
  <move id="570" source="B4" target="B3"/>
  <move id="571" source="I8" target="I7"/>
  <move id="572" source="B3" target="B2"/>
  <move id="573" source="I7" target="I6"/>
  <move id="574" source="F7" target="F6"/>
  <move id="575" source="I6" target="I7"/>
  <move id="576" source="E9" target="E8"/>
  <move id="577" source="K9" target="K:"/>
  <move id="578" source="E8" target="E7"/>
  <move id="579" source="I7" target="I8"/>
  <move id="580" source="F6" target="F7"/>
  <move id="581" source="I8" target="I7"/>
  <move id="582" source="E7" target="E6"/>
  <move id="583" source="I7" target="I6"/>
  <move id="584" source="E6" target="E5"/>
  <move id="585" source="I6" target="I5"/>
  <move id="586" source="F7" target="F6"/>
  <move id="587" source="I5" target="I4"/>
  <move id="588" source="F6" target="F5"/>
  <move id="589" source="I4" target="H4"/>
  <move id="590" source="E5" target="E4"/>
  <move id="591" source="H4" target="G4"/>
  <move id="592" source="E4" target="D4"/>
  <move id="593" source="K:" target="I:"/>
  <move id="594" source="B2" target="B3"/>
  <move id="595" source="G4" target="H4"/>
  <move id="596" source="D4" target="D3"/>
  <move id="597" source="I:" target="F:"/>
  <move id="598" source="D3" target="C3"/>
  <move id="599" source="H4" target="I4"/>
  <move id="600" source="C3" target="C2"/>
  <move id="601" source="C1" target="C2"/>
  <move id="602" source="D2" target="C2"/>
  <move id="603" source="I4" target="I5"/>
  <move id="604" source="C2" target="D2"/>
  <move id="605" source="I5" target="I6"/>
  <move id="606" source="D2" target="E2"/>
  <move id="607" source="I6" target="I7"/>
  <move id="608" source="F5" target="F6"/>
  <move id="609" source="I7" target="I8"/>
  <move id="610" source="F6" target="F7"/>
  <move id="611" source="G1" target="G2"/>
  <move id="612" source="E2" target="E3"/>
  <move id="613" source="G2" target="G3"/>
  <move id="614" source="E3" target="F3"/>
  <move id="615" source="G3" target="G4"/>
  <move id="616" source="F3" target="F4"/>
  <move id="617" source="G4" target="F4"/>
  <move id="618" source="B3" target="C3"/>
  <move id="619" source="F1" target="G1"/>
  <move id="620" source="C3" target="D3"/>
  <move id="621" source="G1" target="G2"/>
  <move id="622" source="D3" target="E3"/>
  <move id="623" source="G2" target="G3"/>
  <move id="624" source="E3" target="F3"/>
  <move id="625" source="G3" target="G4"/>
  <move id="626" source="C8" target="B8"/>
  <move id="627" source="G4" target="H4"/>
  <move id="628" source="B8" target="B7"/>
  <move id="629" source="H4" target="I4"/>
  <move id="630" source="F3" target="G3"/>
  <move id="631" source="I8" target="K8"/>
  <move id="632" source="B7" target="B6"/>
  <move id="633" source="I4" target="I9"/>
  <move id="634" source="B6" target="B5"/>
  <move id="635" source="I9" target="E9"/>
  <move id="636" source="B5" target="B4"/>
  <move id="637" source="E9" target="E8"/>
  <move id="638" source="B4" target="C4"/>
  <move id="639" source="E8" target="C8"/>
  <move id="640" source="C4" target="D4"/>
  <move id="641" source="C8" target="C:"/>
  <move id="642" source="D4" target="D3"/>
  <move id="643" source="K8" target="I8"/>
  <move id="644" source="D3" target="D2"/>
  <move id="645" source="I8" target="H8"/>
  <move id="646" source="G3" target="G2"/>
  <move id="647" source="H8" target="I8"/>
  <move id="648" source="G2" target="G1"/>
  <move id="649" source="I8" target="I7"/>
  <move id="650" source="G1" target="H1"/>
  <move id="651" source="I7" target="I6"/>
  <move id="652" source="D2" target="E2"/>
  <move id="653" source="I6" target="I5"/>
  <move id="654" source="H1" target="H2"/>
  <move id="655" source="I5" target="I4"/>
  <move id="656" source="E2" target="F2"/>
  <move id="657" source="I4" target="H4"/>
  <move id="658" source="F7" target="F6"/>
  <move id="659" source="H4" target="G4"/>
  <move id="660" source="F6" target="F5"/>
  <move id="661" source="G4" target="H4"/>
  <move id="662" source="D9" target="D8"/>
  <move id="663" source="H4" target="I4"/>
  <move id="664" source="D8" target="D7"/>
  <move id="665" source="I4" target="I5"/>
  <move id="666" source="D7" target="E7"/>
  <player id="1">Player 1</player>
  <player id="2">Player 2</player>
  <result type="3" winner="2"/>
 </game>
</stratego>