<?xml version="1.0" encoding="UTF-8"?>
<stratego>
 <game type="classic">
  
  <field content="DDBEBEBEBMEGDHBDEICBDHJDDIDFHKGFHJGFLIFGAA__AA__AAAA__AA__AATSQPRPUSRPUVQTPVRTNSNNPQXPQNROYNSWPTNPUQ"/>
  <move id="1" source="F4" target="F5"/>
  <move id="2" source="E7" target="E6"/>
  <move id="3" source="F3" target="F4"/>
  <move id="4" source="E6" target="E5"/>
  <move id="5" source="F5" target="F6"/>
  <move id="6" source="E5" target="E4"/>
  <move id="7" source="F4" target="F5"/>
  <move id="8" source="E8" target="E7"/>
  <move id="9" source="E4" target="E5"/>
  <move id="10" source="E7" target="E6"/>
  <move id="11" source="E3" target="E4"/>
  <move id="12" source="E9" target="E8"/>
  <move id="13" source="I4" target="I5"/>
  <move id="14" source="E8" target="E7"/>
  <move id="15" source="I5" target="I6"/>
  <move id="16" source="F7" target="F6"/>
  <move id="17" source="I6" target="K6"/>
  <move id="18" source="G7" target="F7"/>
  <move id="19" source="F6" target="F7"/>
  <move id="20" source="E6" target="F6"/>
  <move id="21" source="F5" target="F6"/>
  <move id="22" source="E7" target="E6"/>
  <move id="23" source="F6" target="F7"/>
  <move id="24" source="F8" target="F7"/>
  <move id="25" source="E5" target="E6"/>
  <move id="26" source="E6" target="F6"/>
  <move id="27" source="E4" target="E5"/>
  <move id="28" source="E:" target="E5"/>
  <move id="29" source="D3" target="E3"/>
  <move id="30" source="D7" target="E7"/>
  <move id="31" source="E3" target="E4"/>
  <move id="32" source="E7" target="E4"/>
  <move id="33" source="G3" target="F3"/>
  <move id="34" source="F7" target="G7"/>
  <move id="35" source="F3" target="F4"/>
  <move id="36" source="F6" target="E6"/>
  <move id="37" source="G2" target="G3"/>
  <move id="38" source="F9" target="F4"/>
  <move id="39" source="G3" target="F3"/>
  <move id="40" source="G8" target="F8"/>
  <move id="41" source="F3" target="F4"/>
  <move id="42" source="F8" target="F7"/>
  <move id="43" source="H2" target="G2"/>
  <move id="44" source="F7" target="F6"/>
  <move id="45" source="G2" target="G3"/>
  <move id="46" source="F6" target="F5"/>
  <move id="47" source="G3" target="F3"/>
  <move id="48" source="F5" target="F4"/>
  <move id="49" source="F3" target="F4"/>
  <move id="50" source="E6" target="E5"/>
  <move id="51" source="H3" target="G3"/>
  <move id="52" source="B7" target="B6"/>
  <move id="53" source="G3" target="F3"/>
  <move id="54" source="B8" target="B7"/>
  <move id="55" source="F3" target="E3"/>
  <move id="56" source="D8" target="D7"/>
  <move id="57" source="K6" target="K7"/>
  <move id="58" source="I7" target="K7"/>
  <move id="59" source="K4" target="K5"/>
  <move id="60" source="C8" target="D8"/>
  <move id="61" source="K5" target="K6"/>
  <move id="62" source="D8" target="E8"/>
  <move id="63" source="K3" target="K4"/>
  <move id="64" source="E8" target="E7"/>
  <move id="65" source="K4" target="K5"/>
  <move id="66" source="A8" target="B8"/>
  <move id="67" source="I2" target="H2"/>
  <move id="68" source="B8" target="C8"/>
  <move id="69" source="H2" target="G2"/>
  <move id="70" source="C8" target="D8"/>
  <move id="71" source="G2" target="G3"/>
  <move id="72" source="D8" target="E8"/>
  <move id="73" source="G3" target="F3"/>
  <move id="74" source="E8" target="F8"/>
  <move id="75" source="K6" target="K7"/>
  <move id="76" source="F8" target="F7"/>
  <move id="77" source="K7" target="K8"/>
  <move id="78" source="H7" target="I7"/>
  <move id="79" source="K5" target="I5"/>
  <move id="80" source="I7" target="K7"/>
  <move id="81" source="I5" target="I6"/>
  <move id="82" source="F7" target="F6"/>
  <move id="83" source="F2" target="G2"/>
  <move id="84" source="F6" target="F5"/>
  <move id="85" source="G2" target="G3"/>
  <move id="86" source="B6" target="B5"/>
  <move id="87" source="G3" target="H3"/>
  <move id="88" source="B5" target="B4"/>
  <move id="89" source="C4" target="B4"/>
  <move id="90" source="B7" target="B6"/>
  <move id="91" source="B4" target="C4"/>
  <move id="92" source="B6" target="B5"/>
  <move id="93" source="I3" target="K3"/>
  <move id="94" source="B5" target="B4"/>
  <move id="95" source="H3" target="I3"/>
  <move id="96" source="C9" target="C8"/>
  <move id="97" source="I3" target="I4"/>
  <move id="98" source="C8" target="B8"/>
  <move id="99" source="I4" target="K4"/>
  <move id="100" source="K9" target="K8"/>
  <move id="101" source="I6" target="I7"/>
  <move id="102" source="K7" target="K6"/>
  <move id="103" source="I7" target="K7"/>
  <move id="104" source="K8" target="K7"/>
  <move id="105" source="K7" target="K6"/>
  <move id="106" source="B4" target="C4"/>
  <move id="107" source="D2" target="D3"/>
  <move id="108" source="B8" target="B3"/>
  <move id="109" source="C3" target="C4"/>
  <move id="110" source="G7" target="G8"/>
  <move id="111" source="K6" target="K7"/>
  <move id="112" source="G8" target="F8"/>
  <move id="113" source="K7" target="I7"/>
  <move id="114" source="F8" target="E8"/>
  <move id="115" source="K4" target="K:"/>
  <move id="116" source="E5" target="E6"/>
  <move id="117" source="K3" target="K4"/>
  <move id="118" source="E6" target="F6"/>
  <move id="119" source="K4" target="K5"/>
  <move id="120" source="F6" target="F7"/>
  <move id="121" source="K5" target="K6"/>
  <move id="122" source="F7" target="G7"/>
  <move id="123" source="I7" target="I6"/>
  <move id="124" source="G7" target="H7"/>
  <move id="125" source="I6" target="I5"/>
  <move id="126" source="H7" target="I7"/>
  <move id="127" source="I5" target="I4"/>
  <move id="128" source="K:" target="K9"/>
  <move id="129" source="I4" target="I3"/>
  <move id="130" source="K9" target="K8"/>
  <move id="131" source="I3" target="H3"/>
  <move id="132" source="K8" target="K7"/>
  <move id="133" source="H3" target="G3"/>
  <move id="134" source="K7" target="K6"/>
  <move id="135" source="F3" target="F2"/>
  <move id="136" source="I7" target="I6"/>
  <move id="137" source="K6" target="K5"/>
  <move id="138" source="F5" target="F4"/>
  <move id="139" source="G3" target="F3"/>
  <move id="140" source="I6" target="I5"/>
  <move id="141" source="K5" target="K6"/>
  <move id="142" source="I:" target="K:"/>
  <move id="143" source="F3" target="F4"/>
  <move id="144" source="K:" target="K9"/>
  <move id="145" source="F4" target="E4"/>
  <move id="146" source="E8" target="F8"/>
  <move id="147" source="E3" target="F3"/>
  <move id="148" source="K9" target="K8"/>
  <move id="149" source="E4" target="E5"/>
  <move id="150" source="K8" target="K7"/>
  <move id="151" source="E5" target="E6"/>
  <move id="152" source="K7" target="K6"/>
  <move id="153" source="E6" target="F6"/>
  <move id="154" source="F8" target="E8"/>
  <move id="155" source="F6" target="F7"/>
  <move id="156" source="E7" target="E6"/>
  <move id="157" source="G4" target="F4"/>
  <move id="158" source="E6" target="E5"/>
  <move id="159" source="F4" target="E4"/>
  <move id="160" source="I5" target="I6"/>
  <move id="161" source="E4" target="E5"/>
  <move id="162" source="I6" target="I7"/>
  <move id="163" source="E5" target="E6"/>
  <move id="164" source="I7" target="H7"/>
  <move id="165" source="F7" target="F8"/>
  <move id="166" source="E8" target="D8"/>
  <move id="167" source="F8" target="E8"/>
  <move id="168" source="D8" target="C8"/>
  <move id="169" source="B3" target="C3"/>
  <move id="170" source="H7" target="G7"/>
  <move id="171" source="E8" target="D8"/>
  <move id="172" source="C8" target="B8"/>
  <move id="173" source="D8" target="C8"/>
  <move id="174" source="B8" target="B7"/>
  <move id="175" source="C8" target="B8"/>
  <move id="176" source="B7" target="B6"/>
  <move id="177" source="B8" target="B9"/>
  <move id="178" source="G7" target="F7"/>
  <move id="179" source="E6" target="E7"/>
  <move id="180" source="F7" target="E7"/>
  <move id="181" source="D4" target="E4"/>
  <move id="182" source="D:" target="E:"/>
  <move id="183" source="E4" target="E5"/>
  <move id="184" source="E:" target="E9"/>
  <move id="185" source="E5" target="E6"/>
  <move id="186" source="E9" target="E8"/>
  <move id="187" source="E6" target="E7"/>
  <move id="188" source="E8" target="E7"/>
  <player id="1">Player 1</player>
  <player id="2">Player 2</player>
  <result type="3" winner="2"/>
 </game>
</stratego>