<?xml version="1.0" encoding="UTF-8"?>
<stratego>
 <game type="classic">
  
  <field content="MBEEDDDDDEBFGHDIBEDFGHIBDJCFIJBBFKGHELGHAA__AA__AAAA__AA__AARPSXPTPVPUUQPRSPWNSQNSVUNPOQTNYNRTQNTPQR"/>
  <move id="1" source="K4" target="K5"/>
  <move id="2" source="I7" target="I4"/>
  <move id="3" source="K3" target="K4"/>
  <move id="4" source="E7" target="E6"/>
  <move id="5" source="I4" target="I5"/>
  <move id="6" source="I8" target="I7"/>
  <move id="7" source="K5" target="K6"/>
  <move id="8" source="I7" target="I6"/>
  <move id="9" source="K4" target="K5"/>
  <move id="10" source="E6" target="E5"/>
  <move id="11" source="I5" target="I6"/>
  <move id="12" source="E8" target="E7"/>
  <move id="13" source="I3" target="K3"/>
  <move id="14" source="K8" target="I8"/>
  <move id="15" source="I2" target="I8"/>
  <move id="16" source="E7" target="E6"/>
  <move id="17" source="H3" target="I3"/>
  <move id="18" source="E6" target="F6"/>
  <move id="19" source="I3" target="I4"/>
  <move id="20" source="F6" target="F5"/>
  <move id="21" source="I4" target="I5"/>
  <move id="22" source="F5" target="F4"/>
  <move id="23" source="I5" target="I6"/>
  <move id="24" source="K7" target="I7"/>
  <move id="25" source="K6" target="K7"/>
  <move id="26" source="I7" target="I6"/>
  <move id="27" source="K5" target="K6"/>
  <move id="28" source="I6" target="I7"/>
  <move id="29" source="K7" target="K8"/>
  <move id="30" source="E5" target="F5"/>
  <move id="31" source="K6" target="K7"/>
  <move id="32" source="F7" target="F6"/>
  <move id="33" source="H4" target="I4"/>
  <move id="34" source="F6" target="E6"/>
  <move id="35" source="I4" target="I5"/>
  <move id="36" source="E6" target="E5"/>
  <move id="37" source="I5" target="I6"/>
  <move id="38" source="E5" target="E4"/>
  <move id="39" source="F4" target="E4"/>
  <move id="40" source="F5" target="F4"/>
  <move id="41" source="K7" target="I7"/>
  <move id="42" source="H7" target="I7"/>
  <move id="43" source="K8" target="I8"/>
  <move id="44" source="G7" target="H7"/>
  <move id="45" source="I6" target="K6"/>
  <move id="46" source="H7" target="I7"/>
  <move id="47" source="I1" target="I7"/>
  <move id="48" source="F4" target="G4"/>
  <move id="49" source="K2" target="I2"/>
  <move id="50" source="D8" target="E8"/>
  <move id="51" source="I2" target="I3"/>
  <move id="52" source="E8" target="E7"/>
  <move id="53" source="E3" target="E4"/>
  <move id="54" source="E7" target="F7"/>
  <move id="55" source="E4" target="F4"/>
  <move id="56" source="F7" target="G7"/>
  <move id="57" source="I3" target="I4"/>
  <move id="58" source="G7" target="H7"/>
  <move id="59" source="I4" target="I5"/>
  <move id="60" source="H7" target="I7"/>
  <move id="61" source="I8" target="H8"/>
  <move id="62" source="I7" target="I6"/>
  <move id="63" source="K6" target="K5"/>
  <move id="64" source="F8" target="F7"/>
  <move id="65" source="E2" target="E3"/>
  <move id="66" source="F7" target="F6"/>
  <move id="67" source="E3" target="E4"/>
  <move id="68" source="F6" target="F5"/>
  <move id="69" source="I5" target="I6"/>
  <move id="70" source="F9" target="F8"/>
  <move id="71" source="H1" target="I1"/>
  <move id="72" source="F8" target="F7"/>
  <move id="73" source="I1" target="I9"/>
  <move id="74" source="F7" target="G7"/>
  <move id="75" source="K5" target="K6"/>
  <move id="76" source="G7" target="H7"/>
  <move id="77" source="K6" target="K7"/>
  <move id="78" source="H7" target="I7"/>
  <move id="79" source="K7" target="I7"/>
  <move id="80" source="G8" target="G7"/>
  <move id="81" source="K3" target="K4"/>
  <move id="82" source="F5" target="F6"/>
  <move id="83" source="K4" target="K5"/>
  <move id="84" source="G7" target="F7"/>
  <move id="85" source="K5" target="K6"/>
  <move id="86" source="F7" target="F8"/>
  <move id="87" source="K6" target="K7"/>
  <move id="88" source="F6" target="F7"/>
  <move id="89" source="I7" target="H7"/>
  <move id="90" source="F8" target="G8"/>
  <move id="91" source="F4" target="F7"/>
  <move id="92" source="D7" target="E7"/>
  <move id="93" source="E4" target="F4"/>
  <move id="94" source="E7" target="F7"/>
  <move id="95" source="E1" target="E8"/>
  <move id="96" source="C8" target="E8"/>
  <move id="97" source="K7" target="I7"/>
  <move id="98" source="D9" target="D8"/>
  <move id="99" source="I7" target="I8"/>
  <move id="100" source="F7" target="G7"/>
  <move id="101" source="H7" target="I7"/>
  <move id="102" source="G7" target="F7"/>
  <move id="103" source="I8" target="I9"/>
  <move id="104" source="D8" target="E8"/>
  <move id="105" source="K1" target="K2"/>
  <move id="106" source="E8" target="E7"/>
  <move id="107" source="F1" target="E1"/>
  <move id="108" source="E7" target="E6"/>
  <move id="109" source="E1" target="E6"/>
  <move id="110" source="E6" target="E7"/>
  <move id="111" source="K2" target="K3"/>
  <move id="112" source="E7" target="E8"/>
  <move id="113" source="K3" target="K4"/>
  <move id="114" source="E8" target="D8"/>
  <move id="115" source="K4" target="K5"/>
  <move id="116" source="C7" target="D7"/>
  <move id="117" source="K5" target="K6"/>
  <move id="118" source="D7" target="E7"/>
  <move id="119" source="K6" target="K7"/>
  <move id="120" source="E7" target="E6"/>
  <move id="121" source="K7" target="K8"/>
  <move id="122" source="E6" target="E5"/>
  <move id="123" source="F4" target="E4"/>
  <move id="124" source="E5" target="E4"/>
  <move id="125" source="F3" target="F4"/>
  <move id="126" source="E4" target="D4"/>
  <move id="127" source="K8" target="K9"/>
  <move id="128" source="G8" target="F8"/>
  <move id="129" source="K9" target="K:"/>
  <move id="130" source="F8" target="E8"/>
  <move id="131" source="I9" target="K9"/>
  <move id="132" source="E8" target="E7"/>
  <move id="133" source="G1" target="E1"/>
  <move id="134" source="E7" target="E6"/>
  <move id="135" source="E1" target="E6"/>
  <move id="136" source="E6" target="E5"/>
  <move id="137" source="D4" target="E4"/>
  <move id="138" source="E5" target="E6"/>
  <move id="139" source="E4" target="E5"/>
  <move id="140" source="E6" target="E7"/>
  <move id="141" source="E5" target="E6"/>
  <move id="142" source="F7" target="F6"/>
  <move id="143" source="E6" target="E7"/>
  <move id="144" source="F6" target="F5"/>
  <move id="145" source="F4" target="F3"/>
  <move id="146" source="F5" target="F4"/>
  <move id="147" source="G4" target="H4"/>
  <move id="148" source="F4" target="F3"/>
  <move id="149" source="G3" target="F3"/>
  <move id="150" source="H9" target="I9"/>
  <move id="151" source="K9" target="K8"/>
  <move id="152" source="I9" target="K9"/>
  <move id="153" source="K8" target="K7"/>
  <move id="154" source="K9" target="K8"/>
  <move id="155" source="K7" target="K6"/>
  <move id="156" source="G9" target="G8"/>
  <move id="157" source="F3" target="F4"/>
  <move id="158" source="G8" target="G7"/>
  <move id="159" source="F4" target="F5"/>
  <move id="160" source="G7" target="F7"/>
  <move id="161" source="F5" target="F6"/>
  <move id="162" source="F7" target="G7"/>
  <move id="163" source="F6" target="F7"/>
  <move id="164" source="G7" target="G8"/>
  <move id="165" source="C4" target="D4"/>
  <move id="166" source="D8" target="D7"/>
  <move id="167" source="D4" target="E4"/>
  <move id="168" source="C9" target="C8"/>
  <move id="169" source="E4" target="E5"/>
  <move id="170" source="C8" target="D8"/>
  <move id="171" source="F2" target="F3"/>
  <move id="172" source="D8" target="E8"/>
  <move id="173" source="F3" target="F4"/>
  <move id="174" source="E8" target="E7"/>
  <move id="175" source="F7" target="G7"/>
  <move id="176" source="G8" target="F8"/>
  <move id="177" source="E5" target="F5"/>
  <move id="178" source="E7" target="E6"/>
  <move id="179" source="F5" target="F6"/>
  <move id="180" source="E6" target="E7"/>
  <move id="181" source="G7" target="G8"/>
  <move id="182" source="F8" target="E8"/>
  <move id="183" source="F4" target="F5"/>
  <move id="184" source="E8" target="D8"/>
  <move id="185" source="F6" target="E6"/>
  <move id="186" source="E7" target="F7"/>
  <move id="187" source="G8" target="G7"/>
  <move id="188" source="F7" target="G7"/>
  <move id="189" source="K6" target="K7"/>
  <move id="190" source="G7" target="F7"/>
  <move id="191" source="F5" target="F4"/>
  <move id="192" source="F7" target="F6"/>
  <move id="193" source="E6" target="E7"/>
  <move id="194" source="D7" target="E7"/>
  <move id="195" source="K7" target="K8"/>
  <move id="196" source="F6" target="F5"/>
  <move id="197" source="F4" target="F3"/>
  <move id="198" source="F5" target="F4"/>
  <move id="199" source="F3" target="F2"/>
  <move id="200" source="F4" target="F3"/>
  <move id="201" source="F2" target="F1"/>
  <move id="202" source="F3" target="F2"/>
  <move id="203" source="F1" target="G1"/>
  <move id="204" source="F2" target="F3"/>
  <move id="205" source="I7" target="H7"/>
  <move id="206" source="B7" target="B4"/>
  <move id="207" source="H7" target="G7"/>
  <move id="208" source="D8" target="E8"/>
  <move id="209" source="G7" target="F7"/>
  <move id="210" source="E7" target="D7"/>
  <move id="211" source="K8" target="K9"/>
  <move id="212" source="E8" target="D8"/>
  <move id="213" source="K9" target="I9"/>
  <move id="214" source="F3" target="E3"/>
  <move id="215" source="I9" target="H9"/>
  <move id="216" source="E3" target="E4"/>
  <move id="217" source="F7" target="F6"/>
  <move id="218" source="B8" target="B7"/>
  <move id="219" source="H9" target="G9"/>
  <move id="220" source="B7" target="B6"/>
  <move id="221" source="G9" target="F9"/>
  <move id="222" source="B6" target="B5"/>
  <move id="223" source="F9" target="F8"/>
  <move id="224" source="A8" target="B8"/>
  <move id="225" source="F6" target="E6"/>
  <move id="226" source="E4" target="D4"/>
  <move id="227" source="E6" target="E7"/>
  <move id="228" source="B5" target="B4"/>
  <move id="229" source="B3" target="B4"/>
  <move id="230" source="D4" target="C4"/>
  <move id="231" source="B4" target="B5"/>
  <move id="232" source="C4" target="B4"/>
  <move id="233" source="B5" target="B6"/>
  <move id="234" source="D7" target="C7"/>
  <move id="235" source="F8" target="E8"/>
  <move id="236" source="D8" target="D9"/>
  <move id="237" source="E8" target="D8"/>
  <move id="238" source="D9" target="C9"/>
  <move id="239" source="E7" target="D7"/>
  <move id="240" source="C7" target="B7"/>
  <move id="241" source="B6" target="A6"/>
  <move id="242" source="I:" target="I9"/>
  <move id="243" source="D7" target="C7"/>
  <move id="244" source="B7" target="B6"/>
  <move id="245" source="A6" target="A7"/>
  <move id="246" source="B6" target="A6"/>
  <move id="247" source="A7" target="B7"/>
  <move id="248" source="A6" target="B6"/>
  <move id="249" source="B7" target="B8"/>
  <move id="250" source="B6" target="A6"/>
  <move id="251" source="D8" target="D9"/>
  <move id="252" source="B4" target="C4"/>
  <move id="253" source="C3" target="B3"/>
  <move id="254" source="C4" target="B4"/>
  <move id="255" source="B3" target="C3"/>
  <move id="256" source="B4" target="C4"/>
  <move id="257" source="C3" target="B3"/>
  <move id="258" source="A6" target="A5"/>
  <move id="259" source="D9" target="C9"/>
  <move id="260" source="C4" target="C3"/>
  <move id="261" source="B3" target="B4"/>
  <move id="262" source="C3" target="B3"/>
  <move id="263" source="B4" target="B5"/>
  <move id="264" source="A5" target="B5"/>
  <move id="265" source="C7" target="B7"/>
  <move id="266" source="B3" target="B2"/>
  <move id="267" source="C2" target="C3"/>
  <move id="268" source="B2" target="C2"/>
  <move id="269" source="D2" target="E2"/>
  <move id="270" source="B8" target="C8"/>
  <move id="271" source="C9" target="C8"/>
  <move id="272" source="C2" target="C3"/>
  <move id="273" source="E2" target="E3"/>
  <move id="274" source="C3" target="C4"/>
  <move id="275" source="E3" target="E4"/>
  <move id="276" source="C4" target="D4"/>
  <move id="277" source="E4" target="E5"/>
  <move id="278" source="D4" target="E4"/>
  <move id="279" source="E5" target="E6"/>
  <move id="280" source="E4" target="E5"/>
  <move id="281" source="E6" target="E7"/>
  <move id="282" source="I9" target="H9"/>
  <move id="283" source="E7" target="F7"/>
  <move id="284" source="H9" target="I9"/>
  <move id="285" source="F7" target="G7"/>
  <move id="286" source="E5" target="F5"/>
  <move id="287" source="G7" target="H7"/>
  <move id="288" source="F5" target="F6"/>
  <move id="289" source="H7" target="I7"/>
  <move id="290" source="I9" target="H9"/>
  <move id="291" source="B7" target="C7"/>
  <move id="292" source="F6" target="F7"/>
  <move id="293" source="C7" target="D7"/>
  <move id="294" source="F7" target="G7"/>
  <move id="295" source="D7" target="E7"/>
  <move id="296" source="B9" target="B8"/>
  <move id="297" source="I7" target="I8"/>
  <move id="298" source="B8" target="B7"/>
  <move id="299" source="G1" target="F1"/>
  <move id="300" source="B7" target="B6"/>
  <move id="301" source="F1" target="F2"/>
  <move id="302" source="B6" target="B5"/>
  <move id="303" source="F2" target="E2"/>
  <move id="304" source="B5" target="B4"/>
  <move id="305" source="E2" target="D2"/>
  <move id="306" source="B4" target="C4"/>
  <move id="307" source="I8" target="I9"/>
  <move id="308" source="C4" target="C3"/>
  <move id="309" source="D2" target="C2"/>
  <move id="310" source="C3" target="B3"/>
  <move id="311" source="I9" target="H9"/>
  <move id="312" source="G7" target="G8"/>
  <move id="313" source="E7" target="D7"/>
  <move id="314" source="G8" target="G9"/>
  <move id="315" source="H9" target="I9"/>
  <move id="316" source="G9" target="H9"/>
  <move id="317" source="I9" target="I8"/>
  <move id="318" source="H9" target="I9"/>
  <move id="319" source="I8" target="I7"/>
  <move id="320" source="I9" target="I8"/>
  <move id="321" source="I7" target="H7"/>
  <move id="322" source="I8" target="I7"/>
  <move id="323" source="H7" target="G7"/>
  <move id="324" source="I7" target="H7"/>
  <move id="325" source="G7" target="F7"/>
  <move id="326" source="H7" target="G7"/>
  <move id="327" source="F7" target="F8"/>
  <move id="328" source="G7" target="F7"/>
  <move id="329" source="F8" target="E8"/>
  <move id="330" source="F7" target="F6"/>
  <move id="331" source="D7" target="E7"/>
  <move id="332" source="F6" target="F5"/>
  <move id="333" source="E7" target="E6"/>
  <move id="334" source="F5" target="F4"/>
  <move id="335" source="E6" target="E5"/>
  <move id="336" source="G:" target="G9"/>
  <move id="337" source="E8" target="F8"/>
  <move id="338" source="G9" target="H9"/>
  <move id="339" source="F8" target="G8"/>
  <move id="340" source="H9" target="I9"/>
  <move id="341" source="G8" target="G7"/>
  <move id="342" source="I9" target="I8"/>
  <move id="343" source="G7" target="H7"/>
  <move id="344" source="I8" target="I9"/>
  <move id="345" source="H7" target="I7"/>
  <move id="346" source="I9" target="H9"/>
  <move id="347" source="I7" target="I8"/>
  <move id="348" source="H9" target="G9"/>
  <move id="349" source="E5" target="E6"/>
  <move id="350" source="F4" target="E4"/>
  <move id="351" source="C2" target="C3"/>
  <move id="352" source="B3" target="A3"/>
  <move id="353" source="C3" target="C4"/>
  <move id="354" source="E4" target="E3"/>
  <move id="355" source="C4" target="B4"/>
  <move id="356" source="E3" target="E2"/>
  <move id="357" source="B4" target="B5"/>
  <move id="358" source="E2" target="D2"/>
  <move id="359" source="D1" target="E1"/>
  <move id="360" source="D2" target="E2"/>
  <move id="361" source="E1" target="F1"/>
  <move id="362" source="E2" target="F2"/>
  <move id="363" source="F1" target="E1"/>
  <move id="364" source="F2" target="G2"/>
  <player id="1">Player 1</player>
  <player id="2">Player 2</player>
  <result type="3" winner="1"/>
 </game>
</stratego>