<?xml version="1.0" encoding="UTF-8"?>
<stratego>
 <game type="classic">
  
  <field content="EBFBMBBEGEDBGEBEFIDDFHDGIKDDHLDFJDGHCJIHAA__AA__AAAA__AA__AASPTPPSTQSPNUWOUPPXURNSNRVQVTPQYNRNQTQNRP"/>
  <move id="1" source="K4" target="K5"/>
  <move id="2" source="A7" target="A6"/>
  <move id="3" source="I4" target="K4"/>
  <move id="4" source="A6" target="A5"/>
  <move id="5" source="F4" target="F5"/>
  <move id="6" source="B7" target="B6"/>
  <move id="7" source="E4" target="E5"/>
  <move id="8" source="B6" target="B5"/>
  <move id="9" source="F5" target="F6"/>
  <move id="10" source="B8" target="B7"/>
  <move id="11" source="F3" target="F4"/>
  <move id="12" source="B7" target="B6"/>
  <move id="13" source="F4" target="F5"/>
  <move id="14" source="B6" target="A6"/>
  <move id="15" source="E5" target="E6"/>
  <move id="16" source="A5" target="A4"/>
  <move id="17" source="D4" target="E4"/>
  <move id="18" source="A6" target="A5"/>
  <move id="19" source="B4" target="B5"/>
  <move id="20" source="A4" target="A3"/>
  <move id="21" source="B3" target="A3"/>
  <move id="22" source="A5" target="A4"/>
  <move id="23" source="A3" target="B3"/>
  <move id="24" source="A4" target="B4"/>
  <move id="25" source="B5" target="A5"/>
  <move id="26" source="B4" target="B3"/>
  <move id="27" source="D3" target="D4"/>
  <move id="28" source="B3" target="B2"/>
  <move id="29" source="C3" target="A3"/>
  <move id="30" source="C7" target="B7"/>
  <move id="31" source="A5" target="B5"/>
  <move id="32" source="B7" target="B6"/>
  <move id="33" source="D4" target="D3"/>
  <move id="34" source="B6" target="B5"/>
  <move id="35" source="E4" target="E5"/>
  <move id="36" source="D7" target="A7"/>
  <move id="37" source="A3" target="B3"/>
  <move id="38" source="A7" target="A2"/>
  <move id="39" source="F6" target="F7"/>
  <move id="40" source="E7" target="A7"/>
  <move id="41" source="F5" target="F6"/>
  <move id="42" source="A7" target="A1"/>
  <move id="43" source="G4" target="F4"/>
  <move id="44" source="B5" target="B4"/>
  <move id="45" source="C4" target="B4"/>
  <move id="46" source="E8" target="E7"/>
  <move id="47" source="F4" target="F5"/>
  <move id="48" source="E7" target="F7"/>
  <move id="49" source="B4" target="C4"/>
  <move id="50" source="C8" target="C7"/>
  <move id="51" source="B3" target="B4"/>
  <move id="52" source="C7" target="D7"/>
  <move id="53" source="B4" target="B5"/>
  <move id="54" source="D7" target="E7"/>
  <move id="55" source="E3" target="E4"/>
  <move id="56" source="D8" target="D7"/>
  <move id="57" source="B5" target="B6"/>
  <move id="58" source="F8" target="E8"/>
  <move id="59" source="D3" target="D4"/>
  <move id="60" source="E8" target="D8"/>
  <move id="61" source="E6" target="E7"/>
  <move id="62" source="D8" target="C8"/>
  <move id="63" source="E5" target="E6"/>
  <move id="64" source="C8" target="C7"/>
  <move id="65" source="B6" target="B5"/>
  <move id="66" source="G8" target="F8"/>
  <move id="67" source="E4" target="E5"/>
  <move id="68" source="G7" target="G8"/>
  <move id="69" source="D4" target="D3"/>
  <move id="70" source="F7" target="G7"/>
  <move id="71" source="I3" target="I4"/>
  <move id="72" source="F8" target="F6"/>
  <move id="73" source="K3" target="I3"/>
  <move id="74" source="E7" target="E6"/>
  <move id="75" source="F6" target="E6"/>
  <move id="76" source="G8" target="F8"/>
  <move id="77" source="F5" target="F6"/>
  <move id="78" source="E9" target="E8"/>
  <move id="79" source="G3" target="F3"/>
  <move id="80" source="E8" target="E7"/>
  <move id="81" source="E5" target="E4"/>
  <move id="82" source="E7" target="E6"/>
  <move id="83" source="F6" target="F5"/>
  <move id="84" source="E6" target="E5"/>
  <move id="85" source="F5" target="F4"/>
  <move id="86" source="E5" target="E4"/>
  <move id="87" source="F4" target="G4"/>
  <move id="88" source="E4" target="E5"/>
  <move id="89" source="C4" target="D4"/>
  <move id="90" source="E5" target="E6"/>
  <move id="91" source="D4" target="E4"/>
  <move id="92" source="E6" target="E7"/>
  <move id="93" source="F3" target="F8"/>
  <move id="94" source="F8" target="E8"/>
  <move id="95" source="H3" target="G3"/>
  <move id="96" source="E8" target="E9"/>
  <move id="97" source="G3" target="F3"/>
  <move id="98" source="G9" target="G8"/>
  <move id="99" source="F3" target="F4"/>
  <move id="100" source="G8" target="F8"/>
  <move id="101" source="F4" target="F5"/>
  <move id="102" source="F8" target="E8"/>
  <move id="103" source="I3" target="H3"/>
  <move id="104" source="F9" target="F8"/>
  <move id="105" source="H3" target="G3"/>
  <move id="106" source="F8" target="F7"/>
  <move id="107" source="I4" target="I3"/>
  <move id="108" source="F7" target="F6"/>
  <move id="109" source="F5" target="F4"/>
  <move id="110" source="F6" target="F5"/>
  <move id="111" source="F4" target="F3"/>
  <move id="112" source="F5" target="F4"/>
  <move id="113" source="E4" target="F4"/>
  <move id="114" source="E7" target="E6"/>
  <move id="115" source="F3" target="E3"/>
  <move id="116" source="E6" target="E5"/>
  <move id="117" source="H4" target="I4"/>
  <move id="118" source="E5" target="F5"/>
  <move id="119" source="F4" target="E4"/>
  <move id="120" source="F5" target="E5"/>
  <move id="121" source="E4" target="D4"/>
  <move id="122" source="D7" target="D8"/>
  <move id="123" source="D4" target="C4"/>
  <move id="124" source="C7" target="D7"/>
  <move id="125" source="D3" target="D4"/>
  <move id="126" source="D7" target="E7"/>
  <move id="127" source="D4" target="E4"/>
  <move id="128" source="E7" target="F7"/>
  <move id="129" source="C4" target="C3"/>
  <move id="130" source="E5" target="E4"/>
  <move id="131" source="E3" target="F3"/>
  <move id="132" source="F7" target="F4"/>
  <move id="133" source="F3" target="F4"/>
  <move id="134" source="G:" target="G9"/>
  <move id="135" source="F2" target="F3"/>
  <move id="136" source="G9" target="G8"/>
  <move id="137" source="I3" target="H3"/>
  <move id="138" source="G8" target="F8"/>
  <move id="139" source="G4" target="H4"/>
  <move id="140" source="F8" target="F7"/>
  <move id="141" source="G3" target="G4"/>
  <move id="142" source="F7" target="F6"/>
  <move id="143" source="H3" target="G3"/>
  <move id="144" source="F6" target="F5"/>
  <move id="145" source="F3" target="F4"/>
  <move id="146" source="F5" target="F4"/>
  <move id="147" source="G3" target="F3"/>
  <move id="148" source="E4" target="D4"/>
  <move id="149" source="F3" target="E3"/>
  <move id="150" source="D4" target="C4"/>
  <move id="151" source="C3" target="D3"/>
  <move id="152" source="E8" target="E7"/>
  <move id="153" source="E3" target="E4"/>
  <move id="154" source="E7" target="D7"/>
  <move id="155" source="H4" target="H3"/>
  <move id="156" source="D7" target="C7"/>
  <move id="157" source="H3" target="G3"/>
  <move id="158" source="C4" target="B4"/>
  <move id="159" source="B5" target="B6"/>
  <move id="160" source="B4" target="B5"/>
  <move id="161" source="B6" target="B7"/>
  <move id="162" source="C7" target="B7"/>
  <move id="163" source="G3" target="F3"/>
  <move id="164" source="B7" target="C7"/>
  <move id="165" source="F3" target="E3"/>
  <move id="166" source="C7" target="D7"/>
  <move id="167" source="G4" target="F4"/>
  <move id="168" source="B5" target="B6"/>
  <move id="169" source="G2" target="G3"/>
  <move id="170" source="B6" target="B7"/>
  <move id="171" source="G3" target="F3"/>
  <move id="172" source="E9" target="F9"/>
  <move id="173" source="F4" target="G4"/>
  <move id="174" source="D9" target="E9"/>
  <move id="175" source="F3" target="F4"/>
  <move id="176" source="E9" target="E8"/>
  <move id="177" source="F4" target="F5"/>
  <move id="178" source="E8" target="E7"/>
  <move id="179" source="E4" target="E5"/>
  <move id="180" source="G7" target="G8"/>
  <move id="181" source="E3" target="E4"/>
  <move id="182" source="H7" target="G7"/>
  <move id="183" source="D3" target="D4"/>
  <move id="184" source="G7" target="F7"/>
  <move id="185" source="I4" target="H4"/>
  <move id="186" source="H8" target="H7"/>
  <move id="187" source="H4" target="H3"/>
  <move id="188" source="G8" target="H8"/>
  <move id="189" source="H3" target="G3"/>
  <move id="190" source="H7" target="G7"/>
  <move id="191" source="G3" target="F3"/>
  <move id="192" source="F7" target="F8"/>
  <move id="193" source="F3" target="F4"/>
  <move id="194" source="G7" target="F7"/>
  <move id="195" source="F5" target="F6"/>
  <move id="196" source="F8" target="G8"/>
  <move id="197" source="F4" target="F5"/>
  <move id="198" source="G8" target="G7"/>
  <move id="199" source="E5" target="E6"/>
  <move id="200" source="E7" target="E6"/>
  <move id="201" source="E4" target="E3"/>
  <move id="202" source="D7" target="E7"/>
  <move id="203" source="E6" target="E5"/>
  <move id="204" source="E7" target="D7"/>
  <move id="205" source="G4" target="G3"/>
  <move id="206" source="B7" target="B6"/>
  <move id="207" source="D4" target="E4"/>
  <move id="208" source="B6" target="B5"/>
  <move id="209" source="E4" target="F4"/>
  <move id="210" source="B5" target="B4"/>
  <move id="211" source="G3" target="F3"/>
  <move id="212" source="B4" target="B3"/>
  <move id="213" source="E3" target="D3"/>
  <move id="214" source="B3" target="B4"/>
  <move id="215" source="F3" target="E3"/>
  <move id="216" source="D7" target="E7"/>
  <move id="217" source="E5" target="E4"/>
  <move id="218" source="E7" target="E6"/>
  <move id="219" source="F4" target="F3"/>
  <move id="220" source="F7" target="E7"/>
  <move id="221" source="E4" target="D4"/>
  <move id="222" source="G7" target="F7"/>
  <move id="223" source="E3" target="E4"/>
  <move id="224" source="F7" target="F6"/>
  <move id="225" source="D3" target="E3"/>
  <move id="226" source="E7" target="F7"/>
  <move id="227" source="F3" target="F4"/>
  <move id="228" source="E6" target="E7"/>
  <move id="229" source="D4" target="D3"/>
  <move id="230" source="E7" target="D7"/>
  <move id="231" source="F6" target="E6"/>
  <move id="232" source="F9" target="F8"/>
  <move id="233" source="E4" target="D4"/>
  <move id="234" source="F7" target="E7"/>
  <move id="235" source="E6" target="F6"/>
  <move id="236" source="F8" target="F7"/>
  <move id="237" source="E3" target="E4"/>
  <move id="238" source="E7" target="E6"/>
  <move id="239" source="E4" target="E5"/>
  <move id="240" source="F7" target="F6"/>
  <move id="241" source="E5" target="E6"/>
  <move id="242" source="F6" target="F5"/>
  <move id="243" source="F5" target="F6"/>
  <move id="244" source="D7" target="E7"/>
  <move id="245" source="E6" target="E5"/>
  <move id="246" source="I7" target="I6"/>
  <move id="247" source="F4" target="G4"/>
  <move id="248" source="E7" target="E8"/>
  <move id="249" source="D3" target="C3"/>
  <move id="250" source="B4" target="B5"/>
  <move id="251" source="E5" target="E4"/>
  <move id="252" source="B5" target="B6"/>
  <move id="253" source="K5" target="K6"/>
  <move id="254" source="B6" target="B7"/>
  <move id="255" source="K6" target="I6"/>
  <move id="256" source="B7" target="C7"/>
  <move id="257" source="I6" target="I5"/>
  <move id="258" source="C7" target="D7"/>
  <move id="259" source="I5" target="I4"/>
  <move id="260" source="D7" target="E7"/>
  <move id="261" source="I4" target="I3"/>
  <move id="262" source="E8" target="F8"/>
  <move id="263" source="I3" target="H3"/>
  <move id="264" source="F8" target="G8"/>
  <move id="265" source="H3" target="G3"/>
  <move id="266" source="G8" target="G7"/>
  <move id="267" source="G4" target="H4"/>
  <move id="268" source="G7" target="H7"/>
  <move id="269" source="H4" target="I4"/>
  <move id="270" source="K7" target="I7"/>
  <move id="271" source="I4" target="I5"/>
  <move id="272" source="I7" target="I5"/>
  <move id="273" source="E4" target="E3"/>
  <move id="274" source="H7" target="I7"/>
  <move id="275" source="E3" target="F3"/>
  <move id="276" source="I7" target="I6"/>
  <move id="277" source="F3" target="F4"/>
  <move id="278" source="I6" target="I5"/>
  <move id="279" source="F4" target="G4"/>
  <move id="280" source="E7" target="E6"/>
  <move id="281" source="F6" target="F7"/>
  <move id="282" source="E6" target="E7"/>
  <move id="283" source="F7" target="F6"/>
  <move id="284" source="E7" target="F7"/>
  <move id="285" source="F6" target="E6"/>
  <move id="286" source="F7" target="G7"/>
  <move id="287" source="G4" target="H4"/>
  <move id="288" source="G7" target="H7"/>
  <move id="289" source="H4" target="I4"/>
  <move id="290" source="H7" target="I7"/>
  <move id="291" source="I4" target="I5"/>
  <move id="292" source="I7" target="H7"/>
  <move id="293" source="G3" target="G2"/>
  <move id="294" source="K8" target="K7"/>
  <move id="295" source="D4" target="D3"/>
  <move id="296" source="K7" target="K6"/>
  <move id="297" source="D3" target="E3"/>
  <move id="298" source="K6" target="I6"/>
  <move id="299" source="I5" target="K5"/>
  <move id="300" source="I6" target="I5"/>
  <move id="301" source="K5" target="K6"/>
  <move id="302" source="H7" target="I7"/>
  <move id="303" source="C3" target="D3"/>
  <move id="304" source="I5" target="K5"/>
  <move id="305" source="K4" target="K5"/>
  <move id="306" source="I7" target="I6"/>
  <move id="307" source="K6" target="K7"/>
  <move id="308" source="I6" target="K6"/>
  <move id="309" source="K5" target="I5"/>
  <move id="310" source="K6" target="K7"/>
  <move id="311" source="I5" target="I6"/>
  <move id="312" source="K7" target="K6"/>
  <move id="313" source="I6" target="I7"/>
  <move id="314" source="I8" target="I7"/>
  <move id="315" source="I2" target="I3"/>
  <move id="316" source="K6" target="K5"/>
  <move id="317" source="I3" target="I4"/>
  <move id="318" source="K5" target="K4"/>
  <move id="319" source="I4" target="H4"/>
  <move id="320" source="K4" target="K3"/>
  <move id="321" source="H4" target="G4"/>
  <move id="322" source="I9" target="I1"/>
  <move id="323" source="E3" target="E4"/>
  <move id="324" source="K3" target="I3"/>
  <move id="325" source="D3" target="E3"/>
  <move id="326" source="I3" target="I2"/>
  <move id="327" source="E3" target="F3"/>
  <move id="328" source="I2" target="I1"/>
  <move id="329" source="H2" target="H3"/>
  <move id="330" source="I1" target="I2"/>
  <move id="331" source="F3" target="G3"/>
  <move id="332" source="I2" target="I3"/>
  <move id="333" source="H3" target="H2"/>
  <move id="334" source="K9" target="I9"/>
  <move id="335" source="G4" target="F4"/>
  <move id="336" source="K:" target="K2"/>
  <move id="337" source="F4" target="F5"/>
  <move id="338" source="I9" target="I8"/>
  <move id="339" source="F5" target="F6"/>
  <move id="340" source="I8" target="I7"/>
  <move id="341" source="G3" target="G4"/>
  <move id="342" source="I7" target="I6"/>
  <move id="343" source="G4" target="H4"/>
  <move id="344" source="I6" target="K6"/>
  <move id="345" source="F6" target="F7"/>
  <move id="346" source="K6" target="K5"/>
  <move id="347" source="E6" target="E7"/>
  <move id="348" source="K5" target="K4"/>
  <move id="349" source="E7" target="E8"/>
  <move id="350" source="K4" target="K3"/>
  <move id="351" source="F7" target="F8"/>
  <move id="352" source="K3" target="K2"/>
  <move id="353" source="E8" target="E9"/>
  <move id="354" source="K2" target="K1"/>
  <move id="355" source="E9" target="F9"/>
  <move id="356" source="I:" target="K:"/>
  <move id="357" source="F8" target="E8"/>
  <move id="358" source="K:" target="K9"/>
  <move id="359" source="E8" target="E:"/>
  <move id="360" source="K9" target="K8"/>
  <move id="361" source="F9" target="E9"/>
  <move id="362" source="K8" target="K7"/>
  <move id="363" source="E9" target="E:"/>
  <move id="364" source="K7" target="K6"/>
  <move id="365" source="E4" target="F4"/>
  <move id="366" source="K6" target="K5"/>
  <move id="367" source="F4" target="G4"/>
  <move id="368" source="K5" target="K4"/>
  <move id="369" source="H4" target="I4"/>
  <move id="370" source="I3" target="H3"/>
  <move id="371" source="H2" target="I2"/>
  <move id="372" source="K4" target="I4"/>
  <move id="373" source="I4" target="K4"/>
  <move id="374" source="H8" target="H7"/>
  <move id="375" source="K4" target="K5"/>
  <move id="376" source="H7" target="I7"/>
  <move id="377" source="K5" target="K6"/>
  <move id="378" source="H3" target="I3"/>
  <move id="379" source="I2" target="H2"/>
  <move id="380" source="I3" target="I4"/>
  <move id="381" source="G4" target="H4"/>
  <move id="382" source="I4" target="I5"/>
  <move id="383" source="H4" target="I4"/>
  <move id="384" source="I5" target="K5"/>
  <move id="385" source="K6" target="I6"/>
  <move id="386" source="I7" target="H7"/>
  <move id="387" source="E:" target="E9"/>
  <move id="388" source="K5" target="K6"/>
  <move id="389" source="I6" target="I5"/>
  <move id="390" source="K6" target="K5"/>
  <move id="391" source="I5" target="I6"/>
  <move id="392" source="D8" target="D7"/>
  <move id="393" source="E9" target="E8"/>
  <move id="394" source="H7" target="I7"/>
  <move id="395" source="E8" target="E7"/>
  <move id="396" source="D7" target="D8"/>
  <move id="397" source="H2" target="H3"/>
  <move id="398" source="I7" target="K7"/>
  <move id="399" source="H3" target="G3"/>
  <move id="400" source="K5" target="K6"/>
  <move id="401" source="I4" target="I5"/>
  <move id="402" source="K7" target="K8"/>
  <move id="403" source="I6" target="I7"/>
  <move id="404" source="K6" target="K7"/>
  <move id="405" source="I5" target="I6"/>
  <move id="406" source="K8" target="I8"/>
  <move id="407" source="I7" target="I8"/>
  <move id="408" source="I8" target="I9"/>
  <move id="409" source="I6" target="I7"/>
  <move id="410" source="K7" target="K6"/>
  <move id="411" source="G3" target="F3"/>
  <move id="412" source="K6" target="K5"/>
  <move id="413" source="I7" target="I6"/>
  <move id="414" source="K5" target="K4"/>
  <move id="415" source="I6" target="I5"/>
  <move id="416" source="I9" target="I8"/>
  <move id="417" source="F3" target="E3"/>
  <move id="418" source="I8" target="H8"/>
  <move id="419" source="E3" target="E4"/>
  <move id="420" source="H8" target="G8"/>
  <move id="421" source="E4" target="D4"/>
  <move id="422" source="G8" target="F8"/>
  <move id="423" source="D4" target="C4"/>
  <move id="424" source="D8" target="C8"/>
  <move id="425" source="C4" target="B4"/>
  <move id="426" source="H9" target="H8"/>
  <move id="427" source="B4" target="B5"/>
  <move id="428" source="H8" target="I8"/>
  <move id="429" source="B5" target="B6"/>
  <move id="430" source="I8" target="K8"/>
  <move id="431" source="B6" target="B7"/>
  <move id="432" source="C8" target="D8"/>
  <move id="433" source="B7" target="C7"/>
  <move id="434" source="D8" target="D9"/>
  <move id="435" source="C7" target="D7"/>
  <move id="436" source="D9" target="E9"/>
  <move id="437" source="D7" target="D8"/>
  <move id="438" source="E9" target="F9"/>
  <move id="439" source="E7" target="E8"/>
  <move id="440" source="F8" target="F7"/>
  <move id="441" source="E8" target="F8"/>
  <move id="442" source="F7" target="E7"/>
  <move id="443" source="F8" target="F9"/>
  <move id="444" source="E7" target="E6"/>
  <move id="445" source="F9" target="F8"/>
  <move id="446" source="E6" target="E5"/>
  <move id="447" source="F8" target="F7"/>
  <move id="448" source="E5" target="E4"/>
  <move id="449" source="F7" target="F6"/>
  <move id="450" source="E4" target="E3"/>
  <move id="451" source="F6" target="F5"/>
  <move id="452" source="E3" target="D3"/>
  <move id="453" source="F5" target="E5"/>
  <move id="454" source="D3" target="C3"/>
  <move id="455" source="E5" target="E4"/>
  <move id="456" source="C3" target="C2"/>
  <move id="457" source="D2" target="D3"/>
  <move id="458" source="C2" target="C1"/>
  <move id="459" source="E4" target="D4"/>
  <move id="460" source="C1" target="C2"/>
  <move id="461" source="D3" target="E3"/>
  <move id="462" source="C2" target="C3"/>
  <move id="463" source="E3" target="E4"/>
  <move id="464" source="C3" target="C2"/>
  <move id="465" source="D4" target="C4"/>
  <move id="466" source="C2" target="C1"/>
  <move id="467" source="C4" target="C3"/>
  <move id="468" source="C1" target="B1"/>
  <move id="469" source="E4" target="E5"/>
  <move id="470" source="K4" target="K3"/>
  <move id="471" source="I5" target="I4"/>
  <move id="472" source="K3" target="K2"/>
  <move id="473" source="I4" target="I3"/>
  <move id="474" source="K2" target="K1"/>
  <move id="475" source="I3" target="I2"/>
  <move id="476" source="K8" target="K7"/>
  <move id="477" source="C3" target="D3"/>
  <move id="478" source="K7" target="K6"/>
  <move id="479" source="D3" target="E3"/>
  <move id="480" source="K6" target="K5"/>
  <move id="481" source="E3" target="F3"/>
  <move id="482" source="K5" target="K4"/>
  <move id="483" source="F3" target="G3"/>
  <move id="484" source="K4" target="I4"/>
  <move id="485" source="G3" target="H3"/>
  <move id="486" source="I4" target="I5"/>
  <move id="487" source="E5" target="E6"/>
  <move id="488" source="I5" target="I6"/>
  <move id="489" source="E6" target="F6"/>
  <move id="490" source="I6" target="I7"/>
  <move id="491" source="F6" target="F7"/>
  <move id="492" source="I7" target="I8"/>
  <move id="493" source="F7" target="F8"/>
  <move id="494" source="I8" target="H8"/>
  <move id="495" source="F8" target="F9"/>
  <move id="496" source="H8" target="G8"/>
  <move id="497" source="F9" target="F:"/>
  <move id="498" source="G8" target="G7"/>
  <move id="499" source="H3" target="G3"/>
  <move id="500" source="G7" target="F7"/>
  <move id="501" source="G3" target="F3"/>
  <move id="502" source="F7" target="E7"/>
  <move id="503" source="F3" target="F4"/>
  <move id="504" source="E7" target="D7"/>
  <move id="505" source="D8" target="D7"/>
  <move id="506" source="F:" target="F9"/>
  <move id="507" source="D7" target="D8"/>
  <move id="508" source="F9" target="F8"/>
  <move id="509" source="D8" target="E8"/>
  <move id="510" source="F8" target="G8"/>
  <move id="511" source="E8" target="F8"/>
  <move id="512" source="G8" target="G9"/>
  <move id="513" source="F8" target="F9"/>
  <move id="514" source="G9" target="H9"/>
  <move id="515" source="F9" target="G9"/>
  <move id="516" source="H9" target="H8"/>
  <move id="517" source="G9" target="H9"/>
  <move id="518" source="H8" target="H7"/>
  <move id="519" source="H9" target="H8"/>
  <move id="520" source="H7" target="I7"/>
  <move id="521" source="H8" target="I8"/>
  <move id="522" source="I7" target="I6"/>
  <move id="523" source="F4" target="G4"/>
  <move id="524" source="I6" target="I5"/>
  <move id="525" source="G4" target="H4"/>
  <move id="526" source="B9" target="B8"/>
  <move id="527" source="G2" target="G3"/>
  <move id="528" source="B8" target="B7"/>
  <move id="529" source="G3" target="F3"/>
  <move id="530" source="B7" target="B6"/>
  <move id="531" source="I8" target="I7"/>
  <move id="532" source="B6" target="B5"/>
  <move id="533" source="F3" target="E3"/>
  <move id="534" source="I5" target="K5"/>
  <move id="535" source="H4" target="I4"/>
  <move id="536" source="B5" target="B4"/>
  <move id="537" source="E3" target="D3"/>
  <move id="538" source="B4" target="C4"/>
  <move id="539" source="I7" target="K7"/>
  <move id="540" source="C4" target="C3"/>
  <player id="1">Player 1</player>
  <player id="2">Player 2</player>
  <result type="3" winner="1"/>
 </game>
</stratego>