<?xml version="1.0" encoding="UTF-8"?>
<stratego>
 <game type="classic">
  
  <field content="DEBFBEEDBFEDDBJDIGHBBHJDIHGMDIGDECFGKLHFAA__AA__AAAA__AA__AANRSXSSWTSNRPVUTUOVPRRPTUPPTNPNQPQQPQNYNQ"/>
  <move id="1" source="K4" target="K5"/>
  <move id="2" source="E7" target="E6"/>
  <move id="3" source="I4" target="I5"/>
  <move id="4" source="B7" target="B6"/>
  <move id="5" source="F4" target="F5"/>
  <move id="6" source="C7" target="B7"/>
  <move id="7" source="A4" target="A5"/>
  <move id="8" source="B6" target="A6"/>
  <move id="9" source="B4" target="B7"/>
  <move id="10" source="A6" target="B6"/>
  <move id="11" source="B3" target="B4"/>
  <move id="12" source="B6" target="A6"/>
  <move id="13" source="B4" target="B5"/>
  <move id="14" source="B7" target="B6"/>
  <move id="15" source="B5" target="B6"/>
  <move id="16" source="A6" target="A5"/>
  <move id="17" source="C4" target="B4"/>
  <move id="18" source="C8" target="C7"/>
  <move id="19" source="B4" target="A4"/>
  <move id="20" source="C7" target="B7"/>
  <move id="21" source="B6" target="B5"/>
  <move id="22" source="B7" target="B6"/>
  <move id="23" source="B5" target="B4"/>
  <move id="24" source="B6" target="B5"/>
  <move id="25" source="B4" target="B3"/>
  <move id="26" source="B5" target="B6"/>
  <move id="27" source="A4" target="B4"/>
  <move id="28" source="B6" target="B7"/>
  <move id="29" source="B4" target="B5"/>
  <move id="30" source="D7" target="C7"/>
  <move id="31" source="B5" target="B6"/>
  <move id="32" source="E8" target="E7"/>
  <move id="33" source="B6" target="A6"/>
  <move id="34" source="E7" target="E8"/>
  <move id="35" source="A6" target="A7"/>
  <move id="36" source="A8" target="A7"/>
  <move id="37" source="A5" target="A6"/>
  <move id="38" source="B8" target="C8"/>
  <move id="39" source="I5" target="I6"/>
  <move id="40" source="B7" target="B8"/>
  <move id="41" source="I6" target="I7"/>
  <move id="42" source="C7" target="B7"/>
  <move id="43" source="I7" target="I6"/>
  <move id="44" source="B8" target="A8"/>
  <move id="45" source="K5" target="K6"/>
  <move id="46" source="B7" target="B6"/>
  <move id="47" source="A6" target="A5"/>
  <move id="48" source="B6" target="B5"/>
  <move id="49" source="A5" target="A4"/>
  <move id="50" source="B9" target="B8"/>
  <move id="51" source="K6" target="K7"/>
  <move id="52" source="B8" target="B7"/>
  <move id="53" source="C3" target="C4"/>
  <move id="54" source="B7" target="B6"/>
  <move id="55" source="C4" target="B4"/>
  <move id="56" source="B5" target="A5"/>
  <move id="57" source="D4" target="C4"/>
  <move id="58" source="A5" target="A4"/>
  <move id="59" source="B4" target="B5"/>
  <move id="60" source="A8" target="B8"/>
  <move id="61" source="B5" target="B6"/>
  <move id="62" source="C8" target="C7"/>
  <move id="63" source="B3" target="C3"/>
  <move id="64" source="A4" target="A5"/>
  <move id="65" source="B2" target="B3"/>
  <move id="66" source="A5" target="B5"/>
  <move id="67" source="B6" target="A6"/>
  <move id="68" source="B5" target="B6"/>
  <move id="69" source="A6" target="A5"/>
  <move id="70" source="B6" target="B5"/>
  <move id="71" source="A5" target="A4"/>
  <move id="72" source="C7" target="B7"/>
  <move id="73" source="C4" target="B4"/>
  <move id="74" source="B5" target="B4"/>
  <move id="75" source="A4" target="A5"/>
  <move id="76" source="B4" target="B5"/>
  <move id="77" source="A5" target="A4"/>
  <move id="78" source="B7" target="B6"/>
  <move id="79" source="E4" target="E5"/>
  <move id="80" source="B6" target="A6"/>
  <move id="81" source="F5" target="F4"/>
  <move id="82" source="A6" target="A5"/>
  <move id="83" source="F4" target="E4"/>
  <move id="84" source="F7" target="E7"/>
  <move id="85" source="G4" target="F4"/>
  <move id="86" source="G7" target="F7"/>
  <move id="87" source="F4" target="F5"/>
  <move id="88" source="G8" target="G7"/>
  <move id="89" source="F5" target="F6"/>
  <move id="90" source="A5" target="A6"/>
  <move id="91" source="F6" target="F7"/>
  <move id="92" source="A7" target="A8"/>
  <move id="93" source="F3" target="F4"/>
  <move id="94" source="F8" target="G8"/>
  <move id="95" source="F4" target="F5"/>
  <move id="96" source="F9" target="F5"/>
  <move id="97" source="E5" target="E6"/>
  <move id="98" source="E9" target="F9"/>
  <move id="99" source="F5" target="E5"/>
  <move id="100" source="D8" target="D7"/>
  <move id="101" source="H4" target="G4"/>
  <move id="102" source="E8" target="D8"/>
  <move id="103" source="E5" target="E6"/>
  <move id="104" source="D9" target="E9"/>
  <move id="105" source="E6" target="E7"/>
  <move id="106" source="D7" target="E7"/>
  <move id="107" source="G4" target="F4"/>
  <move id="108" source="F9" target="F4"/>
  <move id="109" source="F4" target="F5"/>
  <move id="110" source="B8" target="B7"/>
  <move id="111" source="F5" target="F6"/>
  <move id="112" source="B7" target="C7"/>
  <move id="113" source="F6" target="E6"/>
  <move id="114" source="E7" target="F7"/>
  <move id="115" source="E6" target="E7"/>
  <move id="116" source="F7" target="F6"/>
  <move id="117" source="E7" target="E6"/>
  <move id="118" source="G7" target="F7"/>
  <move id="119" source="I6" target="I7"/>
  <move id="120" source="H7" target="G7"/>
  <move id="121" source="I7" target="H7"/>
  <move id="122" source="H8" target="H7"/>
  <move id="123" source="F2" target="F3"/>
  <move id="124" source="E9" target="F9"/>
  <move id="125" source="F3" target="F4"/>
  <move id="126" source="B5" target="A5"/>
  <move id="127" source="A4" target="B4"/>
  <move id="128" source="A5" target="B5"/>
  <move id="129" source="B4" target="A4"/>
  <move id="130" source="G8" target="H8"/>
  <move id="131" source="F4" target="G4"/>
  <move id="132" source="G7" target="G8"/>
  <move id="133" source="E2" target="F2"/>
  <move id="134" source="A6" target="A7"/>
  <move id="135" source="F2" target="F3"/>
  <move id="136" source="B5" target="B4"/>
  <move id="137" source="A4" target="A5"/>
  <move id="138" source="B4" target="C4"/>
  <move id="139" source="F3" target="F4"/>
  <move id="140" source="C4" target="D4"/>
  <move id="141" source="F4" target="F5"/>
  <move id="142" source="D4" target="E4"/>
  <move id="143" source="F5" target="F6"/>
  <move id="144" source="E4" target="E5"/>
  <move id="145" source="F6" target="F7"/>
  <move id="146" source="E5" target="E6"/>
  <move id="147" source="F7" target="G7"/>
  <move id="148" source="H7" target="G7"/>
  <move id="149" source="A5" target="A6"/>
  <move id="150" source="C7" target="B7"/>
  <move id="151" source="A6" target="A7"/>
  <move id="152" source="B7" target="A7"/>
  <move id="153" source="E3" target="E4"/>
  <move id="154" source="A8" target="A7"/>
  <move id="155" source="E4" target="D4"/>
  <move id="156" source="F9" target="F8"/>
  <move id="157" source="B3" target="B4"/>
  <move id="158" source="F8" target="F7"/>
  <move id="159" source="B4" target="B:"/>
  <move id="160" source="H8" target="H7"/>
  <move id="161" source="C2" target="B2"/>
  <move id="162" source="F7" target="E7"/>
  <move id="163" source="B2" target="B:"/>
  <move id="164" source="E7" target="D7"/>
  <move id="165" source="B:" target="C:"/>
  <move id="166" source="I8" target="H8"/>
  <move id="167" source="D3" target="E3"/>
  <move id="168" source="D8" target="E8"/>
  <move id="169" source="C3" target="C2"/>
  <move id="170" source="A7" target="A6"/>
  <move id="171" source="K3" target="K4"/>
  <move id="172" source="F:" target="F9"/>
  <move id="173" source="K4" target="K5"/>
  <move id="174" source="F9" target="E9"/>
  <move id="175" source="K5" target="I5"/>
  <move id="176" source="A6" target="A5"/>
  <move id="177" source="I5" target="I6"/>
  <move id="178" source="E8" target="F8"/>
  <move id="179" source="I6" target="I7"/>
  <move id="180" source="H7" target="I7"/>
  <move id="181" source="G4" target="H4"/>
  <move id="182" source="F8" target="E8"/>
  <move id="183" source="H4" target="I4"/>
  <move id="184" source="D7" target="E7"/>
  <move id="185" source="G3" target="F3"/>
  <move id="186" source="E7" target="F7"/>
  <move id="187" source="G2" target="G3"/>
  <move id="188" source="E8" target="D8"/>
  <move id="189" source="G3" target="G4"/>
  <move id="190" source="A5" target="A4"/>
  <move id="191" source="G4" target="F4"/>
  <move id="192" source="A4" target="B4"/>
  <move id="193" source="F4" target="F5"/>
  <move id="194" source="A9" target="A8"/>
  <move id="195" source="F5" target="F6"/>
  <move id="196" source="A8" target="A7"/>
  <move id="197" source="F6" target="F7"/>
  <move id="198" source="A:" target="A9"/>
  <move id="199" source="D4" target="C4"/>
  <move id="200" source="B4" target="B3"/>
  <move id="201" source="C4" target="C3"/>
  <move id="202" source="B3" target="B2"/>
  <move id="203" source="C2" target="B2"/>
  <move id="204" source="A9" target="A8"/>
  <move id="205" source="C3" target="B3"/>
  <move id="206" source="D8" target="D7"/>
  <move id="207" source="I3" target="K3"/>
  <move id="208" source="D7" target="E7"/>
  <move id="209" source="I2" target="I3"/>
  <move id="210" source="E7" target="E6"/>
  <move id="211" source="I4" target="K4"/>
  <move id="212" source="E6" target="E5"/>
  <move id="213" source="I3" target="I4"/>
  <move id="214" source="A7" target="A6"/>
  <move id="215" source="B3" target="B4"/>
  <move id="216" source="A6" target="A5"/>
  <move id="217" source="B4" target="A4"/>
  <move id="218" source="E5" target="E4"/>
  <move id="219" source="A4" target="A5"/>
  <move id="220" source="E4" target="D4"/>
  <move id="221" source="A5" target="A4"/>
  <move id="222" source="D4" target="C4"/>
  <move id="223" source="A4" target="B4"/>
  <move id="224" source="C4" target="C3"/>
  <move id="225" source="B4" target="C4"/>
  <move id="226" source="C3" target="B3"/>
  <move id="227" source="B2" target="C2"/>
  <move id="228" source="G8" target="G7"/>
  <move id="229" source="C4" target="D4"/>
  <move id="230" source="C9" target="C8"/>
  <move id="231" source="D4" target="E4"/>
  <move id="232" source="C8" target="C7"/>
  <move id="233" source="E4" target="E5"/>
  <move id="234" source="C7" target="B7"/>
  <move id="235" source="E5" target="E6"/>
  <move id="236" source="B7" target="B6"/>
  <move id="237" source="E6" target="E7"/>
  <move id="238" source="B6" target="B5"/>
  <move id="239" source="E7" target="F7"/>
  <move id="240" source="G7" target="H7"/>
  <move id="241" source="F7" target="G7"/>
  <move id="242" source="H7" target="I7"/>
  <move id="243" source="G7" target="H7"/>
  <move id="244" source="I7" target="I6"/>
  <move id="245" source="H7" target="I7"/>
  <move id="246" source="I6" target="I5"/>
  <move id="247" source="I4" target="I3"/>
  <move id="248" source="I5" target="I4"/>
  <move id="249" source="I3" target="I4"/>
  <move id="250" source="B5" target="B4"/>
  <move id="251" source="I7" target="I6"/>
  <move id="252" source="B4" target="C4"/>
  <move id="253" source="I6" target="I5"/>
  <move id="254" source="C4" target="C3"/>
  <move id="255" source="I5" target="I4"/>
  <move id="256" source="C3" target="C2"/>
  <move id="257" source="I4" target="H4"/>
  <move id="258" source="H8" target="H7"/>
  <move id="259" source="H2" target="I2"/>
  <move id="260" source="A8" target="A7"/>
  <move id="261" source="G1" target="G2"/>
  <move id="262" source="A7" target="A6"/>
  <move id="263" source="G2" target="G3"/>
  <move id="264" source="A6" target="A5"/>
  <move id="265" source="H4" target="I4"/>
  <move id="266" source="A5" target="A4"/>
  <move id="267" source="I4" target="I5"/>
  <move id="268" source="A4" target="A3"/>
  <move id="269" source="I5" target="K5"/>
  <move id="270" source="A3" target="A2"/>
  <move id="271" source="G3" target="G4"/>
  <move id="272" source="H7" target="G7"/>
  <move id="273" source="G4" target="H4"/>
  <move id="274" source="E:" target="F:"/>
  <move id="275" source="K5" target="I5"/>
  <move id="276" source="G7" target="F7"/>
  <move id="277" source="I5" target="I6"/>
  <move id="278" source="F7" target="F6"/>
  <move id="279" source="I6" target="I7"/>
  <move id="280" source="F6" target="F5"/>
  <move id="281" source="H4" target="I4"/>
  <move id="282" source="F5" target="F4"/>
  <move id="283" source="I4" target="I5"/>
  <move id="284" source="F4" target="G4"/>
  <move id="285" source="I5" target="I6"/>
  <move id="286" source="G4" target="G3"/>
  <move id="287" source="F3" target="G3"/>
  <move id="288" source="B3" target="C3"/>
  <move id="289" source="I7" target="H7"/>
  <move id="290" source="C3" target="D3"/>
  <move id="291" source="H7" target="H8"/>
  <move id="292" source="D3" target="D4"/>
  <move id="293" source="H8" target="H9"/>
  <player id="1">Player 1</player>
  <player id="2">Player 2</player>
  <result type="4" winner="3"/>
 </game>
</stratego>