<?xml version="1.0" encoding="UTF-8"?>
<stratego>
 <game type="classic">
  
  <field content="DEIFEDBFFEDIEMKJFBBHGGLCGHGBEBJDDHDIBHDDAA__AA__AAAA__AA__AARSUTSTPVPRVPXWUONNRTQPQNQPRTNPPQSPSYNNUQ"/>
  <move id="1" source="B4" target="B5"/>
  <move id="2" source="E7" target="E6"/>
  <move id="3" source="B5" target="B6"/>
  <move id="4" source="E6" target="E5"/>
  <move id="5" source="B3" target="B4"/>
  <move id="6" source="D7" target="E7"/>
  <move id="7" source="B4" target="B5"/>
  <move id="8" source="K7" target="K6"/>
  <move id="9" source="B5" target="A5"/>
  <move id="10" source="K6" target="K5"/>
  <move id="11" source="A5" target="A6"/>
  <move id="12" source="K5" target="K4"/>
  <move id="13" source="A6" target="A7"/>
  <move id="14" source="B7" target="A7"/>
  <move id="15" source="A3" target="B3"/>
  <move id="16" source="B8" target="B7"/>
  <move id="17" source="B3" target="B4"/>
  <move id="18" source="B7" target="A7"/>
  <move id="19" source="B4" target="B5"/>
  <move id="20" source="C7" target="B7"/>
  <move id="21" source="B5" target="A5"/>
  <move id="22" source="E7" target="D7"/>
  <move id="23" source="A5" target="A6"/>
  <move id="24" source="D7" target="C7"/>
  <move id="25" source="A6" target="A7"/>
  <move id="26" source="B7" target="A7"/>
  <move id="27" source="B6" target="B7"/>
  <move id="28" source="A7" target="B7"/>
  <move id="29" source="B2" target="B3"/>
  <move id="30" source="B7" target="A7"/>
  <move id="31" source="B3" target="B4"/>
  <move id="32" source="B9" target="B4"/>
  <move id="33" source="B4" target="B3"/>
  <move id="34" source="C7" target="B7"/>
  <move id="35" source="C4" target="B4"/>
  <move id="36" source="B7" target="B6"/>
  <move id="37" source="B4" target="B5"/>
  <move id="38" source="A7" target="B7"/>
  <move id="39" source="F4" target="F5"/>
  <move id="40" source="A9" target="B9"/>
  <move id="41" source="F5" target="E5"/>
  <move id="42" source="B9" target="B8"/>
  <move id="43" source="I4" target="I7"/>
  <move id="44" source="K4" target="K3"/>
  <move id="45" source="H4" target="I4"/>
  <move id="46" source="I8" target="I7"/>
  <move id="47" source="I4" target="I5"/>
  <move id="48" source="A8" target="A9"/>
  <move id="49" source="I5" target="I6"/>
  <move id="50" source="A9" target="B9"/>
  <move id="51" source="I6" target="I7"/>
  <move id="52" source="H7" target="I7"/>
  <move id="53" source="E4" target="F4"/>
  <move id="54" source="A:" target="A9"/>
  <move id="55" source="B5" target="A5"/>
  <move id="56" source="A9" target="A8"/>
  <move id="57" source="B3" target="B4"/>
  <move id="58" source="A8" target="A7"/>
  <move id="59" source="B4" target="B5"/>
  <move id="60" source="A7" target="A6"/>
  <move id="61" source="E3" target="E4"/>
  <move id="62" source="D8" target="D7"/>
  <move id="63" source="E5" target="F5"/>
  <move id="64" source="E8" target="E7"/>
  <move id="65" source="E4" target="E5"/>
  <move id="66" source="B8" target="A8"/>
  <move id="67" source="E5" target="E6"/>
  <move id="68" source="A8" target="A7"/>
  <move id="69" source="E6" target="E7"/>
  <move id="70" source="A6" target="A5"/>
  <move id="71" source="F4" target="E4"/>
  <move id="72" source="A7" target="A6"/>
  <move id="73" source="E4" target="E5"/>
  <move id="74" source="A6" target="A5"/>
  <move id="75" source="B5" target="A5"/>
  <move id="76" source="B6" target="A6"/>
  <move id="77" source="A5" target="A6"/>
  <move id="78" source="B9" target="A9"/>
  <move id="79" source="A6" target="A5"/>
  <move id="80" source="A9" target="A8"/>
  <move id="81" source="A5" target="B5"/>
  <move id="82" source="B7" target="C7"/>
  <move id="83" source="B5" target="B4"/>
  <move id="84" source="B:" target="B9"/>
  <move id="85" source="B4" target="B3"/>
  <move id="86" source="B9" target="B8"/>
  <move id="87" source="A2" target="A3"/>
  <move id="88" source="B8" target="B7"/>
  <move id="89" source="B3" target="B2"/>
  <move id="90" source="F8" target="E8"/>
  <move id="91" source="A3" target="B3"/>
  <move id="92" source="D7" target="D8"/>
  <move id="93" source="F5" target="F6"/>
  <move id="94" source="I7" target="H7"/>
  <move id="95" source="F6" target="E6"/>
  <move id="96" source="F7" target="F8"/>
  <move id="97" source="D4" target="C4"/>
  <move id="98" source="G7" target="F7"/>
  <move id="99" source="C4" target="B4"/>
  <move id="100" source="F7" target="F6"/>
  <move id="101" source="E6" target="E7"/>
  <move id="102" source="F6" target="E6"/>
  <move id="103" source="B4" target="B5"/>
  <move id="104" source="H7" target="G7"/>
  <move id="105" source="B5" target="B6"/>
  <move id="106" source="G7" target="F7"/>
  <move id="107" source="F3" target="F4"/>
  <move id="108" source="F7" target="E7"/>
  <move id="109" source="F4" target="F5"/>
  <move id="110" source="F8" target="F7"/>
  <move id="111" source="F5" target="F6"/>
  <move id="112" source="D8" target="D7"/>
  <move id="113" source="I3" target="I4"/>
  <move id="114" source="E6" target="E5"/>
  <move id="115" source="I4" target="I5"/>
  <move id="116" source="F7" target="F6"/>
  <move id="117" source="I5" target="I6"/>
  <move id="118" source="K8" target="K7"/>
  <move id="119" source="I6" target="I7"/>
  <move id="120" source="K7" target="I7"/>
  <move id="121" source="B3" target="B4"/>
  <move id="122" source="I7" target="H7"/>
  <move id="123" source="B4" target="C4"/>
  <move id="124" source="H7" target="G7"/>
  <move id="125" source="C4" target="D4"/>
  <move id="126" source="F9" target="F8"/>
  <move id="127" source="D4" target="E4"/>
  <move id="128" source="F8" target="F7"/>
  <move id="129" source="F2" target="F3"/>
  <move id="130" source="F7" target="F6"/>
  <move id="131" source="F3" target="F4"/>
  <move id="132" source="F6" target="E6"/>
  <move id="133" source="F4" target="F5"/>
  <move id="134" source="G7" target="F7"/>
  <move id="135" source="E4" target="E5"/>
  <move id="136" source="A8" target="A7"/>
  <move id="137" source="F5" target="F6"/>
  <move id="138" source="A7" target="A6"/>
  <move id="139" source="B6" target="A6"/>
  <move id="140" source="A6" target="A7"/>
  <move id="141" source="A1" target="A2"/>
  <move id="142" source="A7" target="A8"/>
  <move id="143" source="A2" target="A3"/>
  <move id="144" source="B7" target="B6"/>
  <move id="145" source="B2" target="B3"/>
  <move id="146" source="K9" target="K8"/>
  <move id="147" source="B3" target="B4"/>
  <move id="148" source="K8" target="K7"/>
  <move id="149" source="B4" target="B5"/>
  <move id="150" source="C7" target="B7"/>
  <move id="151" source="B5" target="B6"/>
  <move id="152" source="B7" target="C7"/>
  <move id="153" source="B6" target="B5"/>
  <move id="154" source="K7" target="I7"/>
  <move id="155" source="B5" target="B4"/>
  <move id="156" source="I7" target="H7"/>
  <move id="157" source="B4" target="C4"/>
  <move id="158" source="H7" target="G7"/>
  <move id="159" source="C4" target="D4"/>
  <move id="160" source="C7" target="B7"/>
  <move id="161" source="D4" target="E4"/>
  <move id="162" source="E8" target="D8"/>
  <move id="163" source="E4" target="F4"/>
  <move id="164" source="E7" target="E8"/>
  <move id="165" source="F4" target="F3"/>
  <move id="166" source="D7" target="E7"/>
  <move id="167" source="F6" target="F5"/>
  <move id="168" source="E6" target="E5"/>
  <move id="169" source="F5" target="E5"/>
  <move id="170" source="E7" target="D7"/>
  <move id="171" source="E5" target="E4"/>
  <move id="172" source="F7" target="E7"/>
  <move id="173" source="F3" target="F4"/>
  <move id="174" source="G7" target="F7"/>
  <move id="175" source="G3" target="F3"/>
  <move id="176" source="B7" target="B6"/>
  <move id="177" source="F3" target="E3"/>
  <move id="178" source="C:" target="B:"/>
  <move id="179" source="E4" target="D4"/>
  <move id="180" source="B6" target="B7"/>
  <move id="181" source="D4" target="C4"/>
  <move id="182" source="B7" target="C7"/>
  <move id="183" source="C4" target="B4"/>
  <move id="184" source="B:" target="B9"/>
  <move id="185" source="B4" target="B5"/>
  <move id="186" source="B9" target="B8"/>
  <move id="187" source="B5" target="B6"/>
  <move id="188" source="B8" target="B7"/>
  <move id="189" source="B6" target="B7"/>
  <move id="190" source="F7" target="F6"/>
  <move id="191" source="B7" target="C7"/>
  <move id="192" source="D7" target="C7"/>
  <move id="193" source="E3" target="E4"/>
  <move id="194" source="C7" target="D7"/>
  <move id="195" source="E4" target="E5"/>
  <move id="196" source="F6" target="E6"/>
  <move id="197" source="E5" target="E6"/>
  <move id="198" source="E7" target="E6"/>
  <move id="199" source="F4" target="F5"/>
  <move id="200" source="D7" target="E7"/>
  <move id="201" source="F5" target="F6"/>
  <move id="202" source="E6" target="F6"/>
  <move id="203" source="F6" target="F5"/>
  <move id="204" source="E7" target="E6"/>
  <move id="205" source="F5" target="F4"/>
  <move id="206" source="E6" target="E5"/>
  <move id="207" source="F4" target="F3"/>
  <move id="208" source="E5" target="E4"/>
  <move id="209" source="A3" target="B3"/>
  <move id="210" source="C9" target="B9"/>
  <move id="211" source="B3" target="B4"/>
  <move id="212" source="B9" target="B8"/>
  <move id="213" source="B4" target="C4"/>
  <move id="214" source="E4" target="E5"/>
  <move id="215" source="B1" target="B2"/>
  <move id="216" source="B8" target="B7"/>
  <move id="217" source="B2" target="B3"/>
  <move id="218" source="E5" target="F5"/>
  <move id="219" source="F3" target="E3"/>
  <move id="220" source="F5" target="E5"/>
  <move id="221" source="C4" target="D4"/>
  <move id="222" source="E5" target="E6"/>
  <move id="223" source="B3" target="B4"/>
  <move id="224" source="A8" target="B8"/>
  <move id="225" source="D4" target="E4"/>
  <move id="226" source="B7" target="B6"/>
  <move id="227" source="C1" target="B1"/>
  <move id="228" source="C8" target="C7"/>
  <move id="229" source="B1" target="B2"/>
  <move id="230" source="B8" target="B7"/>
  <move id="231" source="B2" target="B3"/>
  <move id="232" source="D8" target="D7"/>
  <move id="233" source="E4" target="E5"/>
  <move id="234" source="E6" target="E7"/>
  <move id="235" source="E5" target="E6"/>
  <move id="236" source="K:" target="K9"/>
  <move id="237" source="E6" target="F6"/>
  <move id="238" source="K9" target="K8"/>
  <move id="239" source="F6" target="F7"/>
  <move id="240" source="E7" target="F7"/>
  <move id="241" source="G2" target="G3"/>
  <move id="242" source="F7" target="E7"/>
  <move id="243" source="G3" target="F3"/>
  <move id="244" source="B7" target="B8"/>
  <move id="245" source="F3" target="F4"/>
  <move id="246" source="B6" target="A6"/>
  <move id="247" source="B4" target="B5"/>
  <move id="248" source="C7" target="B7"/>
  <move id="249" source="B3" target="B4"/>
  <move id="250" source="B7" target="B6"/>
  <move id="251" source="B5" target="A5"/>
  <move id="252" source="B6" target="B5"/>
  <move id="253" source="B4" target="B5"/>
  <move id="254" source="B5" target="A5"/>
  <move id="255" source="F4" target="F5"/>
  <move id="256" source="A5" target="A4"/>
  <player id="1">Player 1</player>
  <player id="2">Player 2</player>
  <result type="3" winner="2"/>
 </game>
</stratego>