<?xml version="1.0" encoding="UTF-8"?>
<stratego>
 <game type="classic">
  
  <field content="BGEJEBHDBGGILICHDDFDFBEFKEEHDDIBGMBDDJHFAA__AA__AAAA__AA__AANPNQPQUTNQPTSTWQTVUSNRPPPNQYRSUSRXOVRNPP"/>
  <move id="1" source="A4" target="A5"/>
  <move id="2" source="B7" target="B6"/>
  <move id="3" source="A5" target="A6"/>
  <move id="4" source="B8" target="B7"/>
  <move id="5" source="A6" target="A7"/>
  <move id="6" source="E7" target="E6"/>
  <move id="7" source="I4" target="I5"/>
  <move id="8" source="E8" target="E7"/>
  <move id="9" source="I5" target="I6"/>
  <move id="10" source="F7" target="F6"/>
  <move id="11" source="K4" target="K5"/>
  <move id="12" source="E6" target="E5"/>
  <move id="13" source="K5" target="K6"/>
  <move id="14" source="F6" target="F5"/>
  <move id="15" source="K6" target="K7"/>
  <move id="16" source="K8" target="K7"/>
  <move id="17" source="I6" target="K6"/>
  <move id="18" source="I8" target="K8"/>
  <move id="19" source="K6" target="K7"/>
  <move id="20" source="K8" target="K7"/>
  <move id="21" source="K3" target="K4"/>
  <move id="22" source="H8" target="I8"/>
  <move id="23" source="K4" target="K5"/>
  <move id="24" source="I8" target="K8"/>
  <move id="25" source="K5" target="K6"/>
  <move id="26" source="F8" target="F7"/>
  <move id="27" source="I3" target="I7"/>
  <move id="28" source="F7" target="F6"/>
  <move id="29" source="H4" target="I4"/>
  <move id="30" source="G8" target="F8"/>
  <move id="31" source="G4" target="H4"/>
  <move id="32" source="F8" target="F7"/>
  <move id="33" source="I4" target="I5"/>
  <move id="34" source="E7" target="E8"/>
  <move id="35" source="H4" target="I4"/>
  <move id="36" source="E8" target="F8"/>
  <move id="37" source="I4" target="K4"/>
  <move id="38" source="F8" target="G8"/>
  <move id="39" source="G3" target="G4"/>
  <move id="40" source="G8" target="H8"/>
  <move id="41" source="G4" target="H4"/>
  <move id="42" source="I9" target="I8"/>
  <move id="43" source="H4" target="I4"/>
  <move id="44" source="I:" target="I9"/>
  <move id="45" source="I5" target="K5"/>
  <move id="46" source="E9" target="E8"/>
  <move id="47" source="I4" target="I5"/>
  <move id="48" source="E8" target="E7"/>
  <move id="49" source="I5" target="I6"/>
  <move id="50" source="E7" target="E6"/>
  <move id="51" source="K5" target="I5"/>
  <move id="52" source="E:" target="E9"/>
  <move id="53" source="K4" target="I4"/>
  <move id="54" source="E9" target="E8"/>
  <move id="55" source="I4" target="H4"/>
  <move id="56" source="E8" target="E7"/>
  <move id="57" source="H3" target="G3"/>
  <move id="58" source="D:" target="E:"/>
  <move id="59" source="G3" target="G4"/>
  <move id="60" source="E:" target="E9"/>
  <move id="61" source="K6" target="K5"/>
  <move id="62" source="E9" target="E8"/>
  <move id="63" source="F3" target="G3"/>
  <move id="64" source="E8" target="F8"/>
  <move id="65" source="E3" target="F3"/>
  <move id="66" source="F8" target="G8"/>
  <move id="67" source="H4" target="H3"/>
  <move id="68" source="E7" target="E8"/>
  <move id="69" source="H3" target="I3"/>
  <move id="70" source="F7" target="E7"/>
  <move id="71" source="K5" target="K4"/>
  <move id="72" source="G7" target="F7"/>
  <move id="73" source="I5" target="K5"/>
  <move id="74" source="G8" target="G7"/>
  <move id="75" source="K5" target="K6"/>
  <move id="76" source="E8" target="F8"/>
  <move id="77" source="K6" target="K7"/>
  <move id="78" source="B6" target="B5"/>
  <move id="79" source="K7" target="K8"/>
  <move id="80" source="I8" target="K8"/>
  <move id="81" source="K4" target="K8"/>
  <move id="82" source="H8" target="I8"/>
  <move id="83" source="G4" target="H4"/>
  <move id="84" source="K8" target="K7"/>
  <move id="85" source="H4" target="I4"/>
  <move id="86" source="K9" target="K8"/>
  <move id="87" source="I4" target="I5"/>
  <move id="88" source="I9" target="I:"/>
  <move id="89" source="I5" target="K5"/>
  <move id="90" source="E7" target="E8"/>
  <move id="91" source="K5" target="K6"/>
  <move id="92" source="E8" target="E9"/>
  <move id="93" source="A3" target="A4"/>
  <move id="94" source="E9" target="E:"/>
  <move id="95" source="A4" target="A5"/>
  <move id="96" source="B5" target="B4"/>
  <move id="97" source="A5" target="B5"/>
  <move id="98" source="F7" target="E7"/>
  <move id="99" source="B5" target="B6"/>
  <move id="100" source="F8" target="F7"/>
  <move id="101" source="B6" target="B7"/>
  <move id="102" source="D9" target="D:"/>
  <move id="103" source="G3" target="G4"/>
  <move id="104" source="D8" target="D9"/>
  <move id="105" source="D3" target="E3"/>
  <move id="106" source="C8" target="D8"/>
  <move id="107" source="F4" target="F5"/>
  <move id="108" source="D8" target="E8"/>
  <move id="109" source="G4" target="F4"/>
  <move id="110" source="E8" target="E9"/>
  <move id="111" source="G2" target="G3"/>
  <move id="112" source="F7" target="F8"/>
  <move id="113" source="G3" target="G4"/>
  <move id="114" source="F8" target="G8"/>
  <move id="115" source="F4" target="F5"/>
  <move id="116" source="G8" target="H8"/>
  <move id="117" source="G4" target="F4"/>
  <move id="118" source="F6" target="F7"/>
  <move id="119" source="F4" target="F5"/>
  <move id="120" source="E6" target="F6"/>
  <move id="121" source="F5" target="E5"/>
  <move id="122" source="E9" target="E8"/>
  <move id="123" source="I3" target="I4"/>
  <move id="124" source="E7" target="E6"/>
  <move id="125" source="I4" target="H4"/>
  <move id="126" source="F6" target="F5"/>
  <move id="127" source="H4" target="G4"/>
  <move id="128" source="E6" target="F6"/>
  <move id="129" source="G4" target="F4"/>
  <move id="130" source="E8" target="E7"/>
  <move id="131" source="K2" target="K3"/>
  <move id="132" source="E7" target="E6"/>
  <move id="133" source="K3" target="K4"/>
  <move id="134" source="E6" target="E5"/>
  <move id="135" source="K4" target="I4"/>
  <move id="136" source="F7" target="E7"/>
  <move id="137" source="I4" target="H4"/>
  <move id="138" source="E7" target="E8"/>
  <move id="139" source="H4" target="G4"/>
  <move id="140" source="E8" target="E9"/>
  <move id="141" source="G1" target="G2"/>
  <move id="142" source="B7" target="B8"/>
  <move id="143" source="G2" target="G3"/>
  <move id="144" source="B8" target="C8"/>
  <move id="145" source="G4" target="H4"/>
  <move id="146" source="A8" target="B8"/>
  <move id="147" source="G3" target="G4"/>
  <move id="148" source="B8" target="B7"/>
  <move id="149" source="F4" target="F5"/>
  <move id="150" source="E5" target="F5"/>
  <move id="151" source="G4" target="F4"/>
  <move id="152" source="C8" target="D8"/>
  <move id="153" source="F4" target="F5"/>
  <move id="154" source="F6" target="F5"/>
  <move id="155" source="H4" target="G4"/>
  <move id="156" source="F5" target="F6"/>
  <move id="157" source="G4" target="F4"/>
  <move id="158" source="F6" target="F7"/>
  <move id="159" source="F4" target="F5"/>
  <move id="160" source="D8" target="E8"/>
  <move id="161" source="F5" target="F6"/>
  <move id="162" source="B7" target="B8"/>
  <move id="163" source="F6" target="E6"/>
  <move id="164" source="B8" target="C8"/>
  <move id="165" source="F2" target="G2"/>
  <move id="166" source="C8" target="D8"/>
  <move id="167" source="G2" target="G3"/>
  <move id="168" source="E8" target="F8"/>
  <move id="169" source="G3" target="G4"/>
  <move id="170" source="D8" target="E8"/>
  <move id="171" source="G4" target="F4"/>
  <move id="172" source="E8" target="E7"/>
  <move id="173" source="F4" target="F5"/>
  <move id="174" source="B9" target="B8"/>
  <move id="175" source="F5" target="F6"/>
  <move id="176" source="B8" target="C8"/>
  <move id="177" source="E6" target="E5"/>
  <move id="178" source="C8" target="D8"/>
  <move id="179" source="F6" target="E6"/>
  <move id="180" source="D8" target="E8"/>
  <move id="181" source="E5" target="F5"/>
  <move id="182" source="C9" target="B9"/>
  <move id="183" source="A2" target="A3"/>
  <move id="184" source="B9" target="B8"/>
  <move id="185" source="A3" target="A4"/>
  <move id="186" source="D9" target="C9"/>
  <move id="187" source="A4" target="A5"/>
  <move id="188" source="C9" target="C8"/>
  <move id="189" source="A5" target="A6"/>
  <move id="190" source="E9" target="D9"/>
  <move id="191" source="A6" target="B6"/>
  <move id="192" source="D9" target="D8"/>
  <move id="193" source="B6" target="B7"/>
  <move id="194" source="E:" target="E9"/>
  <move id="195" source="B7" target="B8"/>
  <move id="196" source="C8" target="B8"/>
  <move id="197" source="B2" target="A2"/>
  <move id="198" source="C:" target="C9"/>
  <move id="199" source="A2" target="A3"/>
  <move id="200" source="C9" target="C8"/>
  <move id="201" source="A3" target="A4"/>
  <move id="202" source="F:" target="E:"/>
  <move id="203" source="A4" target="A5"/>
  <move id="204" source="D:" target="D9"/>
  <move id="205" source="A5" target="B5"/>
  <move id="206" source="E:" target="D:"/>
  <move id="207" source="B5" target="B6"/>
  <move id="208" source="D:" target="C:"/>
  <move id="209" source="B6" target="B7"/>
  <move id="210" source="B8" target="B9"/>
  <move id="211" source="B7" target="B8"/>
  <move id="212" source="C:" target="C9"/>
  <move id="213" source="B8" target="B9"/>
  <move id="214" source="C9" target="B9"/>
  <move id="215" source="C2" target="B2"/>
  <move id="216" source="C8" target="B8"/>
  <move id="217" source="B2" target="A2"/>
  <move id="218" source="B8" target="B7"/>
  <move id="219" source="A2" target="A3"/>
  <move id="220" source="D9" target="C9"/>
  <move id="221" source="A3" target="A4"/>
  <move id="222" source="C9" target="C8"/>
  <move id="223" source="F3" target="F4"/>
  <move id="224" source="C8" target="B8"/>
  <move id="225" source="F5" target="F6"/>
  <move id="226" source="B9" target="C9"/>
  <move id="227" source="F4" target="F5"/>
  <move id="228" source="C9" target="D9"/>
  <move id="229" source="I2" target="I3"/>
  <move id="230" source="E9" target="E:"/>
  <move id="231" source="I3" target="I4"/>
  <move id="232" source="E:" target="F:"/>
  <move id="233" source="I4" target="K4"/>
  <move id="234" source="K:" target="K9"/>
  <move id="235" source="K6" target="K5"/>
  <move id="236" source="D9" target="E9"/>
  <move id="237" source="K5" target="I5"/>
  <move id="238" source="D8" target="D9"/>
  <move id="239" source="K4" target="K5"/>
  <move id="240" source="D9" target="D:"/>
  <move id="241" source="K5" target="K6"/>
  <move id="242" source="D7" target="D8"/>
  <move id="243" source="I5" target="K5"/>
  <move id="244" source="D8" target="C8"/>
  <move id="245" source="K6" target="K7"/>
  <move id="246" source="C8" target="C9"/>
  <move id="247" source="K5" target="K6"/>
  <move id="248" source="C9" target="C:"/>
  <move id="249" source="K6" target="K7"/>
  <move id="250" source="B8" target="C8"/>
  <move id="251" source="I6" target="K6"/>
  <move id="252" source="C8" target="D8"/>
  <move id="253" source="K7" target="K8"/>
  <move id="254" source="I8" target="K8"/>
  <move id="255" source="K6" target="K7"/>
  <move id="256" source="H8" target="I8"/>
  <move id="257" source="A4" target="A5"/>
  <move id="258" source="I:" target="K:"/>
  <move id="259" source="A5" target="B5"/>
  <move id="260" source="F8" target="G8"/>
  <move id="261" source="B5" target="B6"/>
  <move id="262" source="G8" target="H8"/>
  <move id="263" source="B6" target="B7"/>
  <move id="264" source="K8" target="K7"/>
  <move id="265" source="B7" target="C7"/>
  <move id="266" source="I8" target="I9"/>
  <move id="267" source="E6" target="E7"/>
  <move id="268" source="F7" target="E7"/>
  <move id="269" source="F5" target="E5"/>
  <move id="270" source="G7" target="F7"/>
  <move id="271" source="E5" target="E6"/>
  <move id="272" source="E7" target="D7"/>
  <move id="273" source="F6" target="F7"/>
  <move id="274" source="E8" target="E7"/>
  <move id="275" source="E3" target="F3"/>
  <move id="276" source="E7" target="E6"/>
  <move id="277" source="F3" target="F4"/>
  <move id="278" source="K7" target="K6"/>
  <move id="279" source="F4" target="F5"/>
  <move id="280" source="K6" target="K5"/>
  <move id="281" source="F5" target="F6"/>
  <move id="282" source="F7" target="E7"/>
  <move id="283" source="E6" target="E5"/>
  <move id="284" source="H8" target="G8"/>
  <move id="285" source="C3" target="D3"/>
  <move id="286" source="G8" target="G7"/>
  <move id="287" source="D3" target="E3"/>
  <move id="288" source="G7" target="F7"/>
  <move id="289" source="E3" target="F3"/>
  <move id="290" source="F7" target="F6"/>
  <move id="291" source="F3" target="G3"/>
  <move id="292" source="E7" target="F7"/>
  <move id="293" source="G3" target="H3"/>
  <move id="294" source="F7" target="G7"/>
  <move id="295" source="E5" target="F5"/>
  <move id="296" source="G7" target="F7"/>
  <move id="297" source="F5" target="F4"/>
  <move id="298" source="F6" target="E6"/>
  <move id="299" source="F4" target="F3"/>
  <move id="300" source="F7" target="G7"/>
  <player id="1">Player 1</player>
  <player id="2">Player 2</player>
  <result type="3" winner="2"/>
 </game>
</stratego>