<?xml version="1.0" encoding="UTF-8"?>
<stratego>
 <game type="classic">
  
  <field content="MIEEDDEBEDBJHIHJFBDGHGKCEGFLFBBDFHBDIGDDAA__AA__AAAA__AA__AAPSQRPSOTSPRPNTWTVXNRPNQVUQPTRNNSQUPUQPNY"/>
  <move id="1" source="I4" target="I5"/>
  <move id="2" source="F7" target="F6"/>
  <move id="3" source="H4" target="I4"/>
  <move id="4" source="F6" target="F5"/>
  <move id="5" source="B4" target="B5"/>
  <move id="6" source="E7" target="E6"/>
  <move id="7" source="B3" target="B4"/>
  <move id="8" source="E6" target="E5"/>
  <move id="9" source="B5" target="A5"/>
  <move id="10" source="D7" target="E7"/>
  <move id="11" source="B4" target="B5"/>
  <move id="12" source="E7" target="E6"/>
  <move id="13" source="B2" target="B3"/>
  <move id="14" source="E5" target="E4"/>
  <move id="15" source="B3" target="B4"/>
  <move id="16" source="F5" target="E5"/>
  <move id="17" source="F4" target="F5"/>
  <move id="18" source="E5" target="F5"/>
  <move id="19" source="F3" target="F4"/>
  <move id="20" source="F5" target="F6"/>
  <move id="21" source="F2" target="F3"/>
  <move id="22" source="E6" target="E5"/>
  <move id="23" source="G4" target="H4"/>
  <move id="24" source="E5" target="F5"/>
  <move id="25" source="G3" target="G4"/>
  <move id="26" source="I7" target="I6"/>
  <move id="27" source="H3" target="G3"/>
  <move id="28" source="H7" target="I7"/>
  <move id="29" source="I5" target="K5"/>
  <move id="30" source="I6" target="K6"/>
  <move id="31" source="I4" target="I5"/>
  <move id="32" source="I7" target="I6"/>
  <move id="33" source="H4" target="I4"/>
  <move id="34" source="H8" target="H7"/>
  <move id="35" source="C2" target="B2"/>
  <move id="36" source="K6" target="K5"/>
  <move id="37" source="I5" target="K5"/>
  <move id="38" source="K7" target="K6"/>
  <move id="39" source="I4" target="H4"/>
  <move id="40" source="I6" target="I5"/>
  <move id="41" source="I3" target="I4"/>
  <move id="42" source="I5" target="K5"/>
  <move id="43" source="I4" target="I5"/>
  <move id="44" source="K6" target="I6"/>
  <move id="45" source="I5" target="K5"/>
  <move id="46" source="K5" target="K6"/>
  <move id="47" source="G3" target="H3"/>
  <move id="48" source="K6" target="K7"/>
  <move id="49" source="I2" target="I6"/>
  <move id="50" source="K7" target="I7"/>
  <move id="51" source="K4" target="I4"/>
  <move id="52" source="G8" target="H8"/>
  <move id="53" source="E2" target="F2"/>
  <move id="54" source="G7" target="G8"/>
  <move id="55" source="B5" target="B6"/>
  <move id="56" source="H7" target="G7"/>
  <move id="57" source="B4" target="B5"/>
  <move id="58" source="G7" target="F7"/>
  <move id="59" source="A5" target="A6"/>
  <move id="60" source="I7" target="H7"/>
  <move id="61" source="C4" target="B4"/>
  <move id="62" source="H7" target="G7"/>
  <move id="63" source="C3" target="C4"/>
  <move id="64" source="H8" target="H7"/>
  <move id="65" source="B4" target="B3"/>
  <move id="66" source="G8" target="H8"/>
  <move id="67" source="B3" target="C3"/>
  <move id="68" source="H7" target="I7"/>
  <move id="69" source="C3" target="C2"/>
  <move id="70" source="H8" target="H7"/>
  <move id="71" source="E3" target="E2"/>
  <move id="72" source="I7" target="I6"/>
  <move id="73" source="D3" target="E3"/>
  <move id="74" source="G9" target="G8"/>
  <move id="75" source="K2" target="I2"/>
  <move id="76" source="G8" target="H8"/>
  <move id="77" source="H3" target="I3"/>
  <move id="78" source="G7" target="G8"/>
  <move id="79" source="I4" target="I5"/>
  <move id="80" source="I6" target="I7"/>
  <move id="81" source="I5" target="I6"/>
  <move id="82" source="G8" target="G9"/>
  <move id="83" source="H4" target="I4"/>
  <move id="84" source="H8" target="G8"/>
  <move id="85" source="I4" target="I5"/>
  <move id="86" source="G8" target="G7"/>
  <move id="87" source="I3" target="I4"/>
  <move id="88" source="K8" target="K7"/>
  <move id="89" source="I4" target="K4"/>
  <move id="90" source="K7" target="K6"/>
  <move id="91" source="K4" target="K5"/>
  <move id="92" source="K6" target="I6"/>
  <move id="93" source="I5" target="I6"/>
  <move id="94" source="I7" target="I6"/>
  <move id="95" source="K5" target="K4"/>
  <move id="96" source="H7" target="H8"/>
  <move id="97" source="G4" target="H4"/>
  <move id="98" source="G7" target="G8"/>
  <move id="99" source="H4" target="I4"/>
  <move id="100" source="I6" target="I7"/>
  <move id="101" source="I4" target="I5"/>
  <move id="102" source="I7" target="H7"/>
  <move id="103" source="I5" target="I6"/>
  <move id="104" source="E8" target="E7"/>
  <move id="105" source="I6" target="I7"/>
  <move id="106" source="H7" target="G7"/>
  <move id="107" source="I7" target="H7"/>
  <move id="108" source="H8" target="H7"/>
  <move id="109" source="H7" target="I7"/>
  <move id="110" source="G7" target="H7"/>
  <move id="111" source="I7" target="I6"/>
  <move id="112" source="H7" target="H8"/>
  <move id="113" source="I6" target="K6"/>
  <move id="114" source="G8" target="G7"/>
  <move id="115" source="K4" target="I4"/>
  <move id="116" source="G7" target="H7"/>
  <move id="117" source="F3" target="G3"/>
  <move id="118" source="H7" target="I7"/>
  <move id="119" source="G3" target="G4"/>
  <move id="120" source="F8" target="G8"/>
  <move id="121" source="K6" target="I6"/>
  <move id="122" source="I7" target="K7"/>
  <move id="123" source="I6" target="K6"/>
  <move id="124" source="K7" target="I7"/>
  <move id="125" source="I2" target="I3"/>
  <move id="126" source="G8" target="G7"/>
  <move id="127" source="I4" target="H4"/>
  <move id="128" source="H8" target="G8"/>
  <move id="129" source="I3" target="I4"/>
  <move id="130" source="I7" target="H7"/>
  <move id="131" source="I4" target="I5"/>
  <move id="132" source="H7" target="H8"/>
  <move id="133" source="I5" target="I6"/>
  <move id="134" source="G7" target="H7"/>
  <move id="135" source="I6" target="I7"/>
  <move id="136" source="F7" target="G7"/>
  <move id="137" source="I7" target="H7"/>
  <move id="138" source="G8" target="F8"/>
  <move id="139" source="C4" target="C3"/>
  <move id="140" source="E7" target="E8"/>
  <move id="141" source="C3" target="D3"/>
  <move id="142" source="G7" target="F7"/>
  <move id="143" source="E3" target="F3"/>
  <move id="144" source="H7" target="G7"/>
  <move id="145" source="D3" target="E3"/>
  <move id="146" source="H8" target="H7"/>
  <move id="147" source="F3" target="G3"/>
  <move id="148" source="H7" target="I7"/>
  <move id="149" source="K6" target="I6"/>
  <move id="150" source="I7" target="K7"/>
  <move id="151" source="I6" target="I7"/>
  <move id="152" source="K7" target="K6"/>
  <move id="153" source="K1" target="K2"/>
  <move id="154" source="K6" target="K5"/>
  <move id="155" source="K2" target="I2"/>
  <move id="156" source="K5" target="K4"/>
  <move id="157" source="I2" target="I4"/>
  <move id="158" source="K4" target="K5"/>
  <move id="159" source="I7" target="I6"/>
  <move id="160" source="G7" target="G8"/>
  <move id="161" source="I6" target="K6"/>
  <move id="162" source="K5" target="I5"/>
  <move id="163" source="K6" target="K5"/>
  <move id="164" source="I5" target="I6"/>
  <move id="165" source="I4" target="I6"/>
  <move id="166" source="F7" target="E7"/>
  <move id="167" source="I1" target="I2"/>
  <move id="168" source="F6" target="F7"/>
  <move id="169" source="I2" target="I3"/>
  <move id="170" source="F7" target="G7"/>
  <move id="171" source="I3" target="I4"/>
  <move id="172" source="G7" target="H7"/>
  <move id="173" source="I4" target="I5"/>
  <move id="174" source="H7" target="I7"/>
  <move id="175" source="H4" target="I4"/>
  <move id="176" source="E7" target="F7"/>
  <move id="177" source="I5" target="I6"/>
  <move id="178" source="I7" target="K7"/>
  <move id="179" source="I4" target="I5"/>
  <move id="180" source="F7" target="G7"/>
  <move id="181" source="K5" target="K6"/>
  <move id="182" source="K7" target="K8"/>
  <move id="183" source="I6" target="I7"/>
  <move id="184" source="G8" target="H8"/>
  <move id="185" source="I5" target="I6"/>
  <move id="186" source="H8" target="H7"/>
  <move id="187" source="K6" target="K7"/>
  <move id="188" source="F8" target="G8"/>
  <move id="189" source="K7" target="K8"/>
  <move id="190" source="H7" target="H8"/>
  <move id="191" source="I7" target="H7"/>
  <move id="192" source="G7" target="H7"/>
  <move id="193" source="I6" target="I5"/>
  <move id="194" source="H7" target="I7"/>
  <move id="195" source="I5" target="I4"/>
  <move id="196" source="K8" target="K7"/>
  <move id="197" source="F4" target="F5"/>
  <move id="198" source="K7" target="K6"/>
  <move id="199" source="I4" target="H4"/>
  <move id="200" source="K6" target="K5"/>
  <move id="201" source="H4" target="H3"/>
  <move id="202" source="H8" target="H7"/>
  <move id="203" source="G4" target="H4"/>
  <move id="204" source="H7" target="G7"/>
  <move id="205" source="G3" target="G4"/>
  <move id="206" source="G7" target="F7"/>
  <move id="207" source="H3" target="G3"/>
  <move id="208" source="I7" target="H7"/>
  <move id="209" source="H4" target="I4"/>
  <move id="210" source="H7" target="G7"/>
  <move id="211" source="G3" target="H3"/>
  <move id="212" source="G8" target="F8"/>
  <move id="213" source="H3" target="H4"/>
  <move id="214" source="G7" target="H7"/>
  <move id="215" source="G4" target="G3"/>
  <move id="216" source="F7" target="G7"/>
  <move id="217" source="H4" target="G4"/>
  <move id="218" source="F8" target="G8"/>
  <move id="219" source="G3" target="H3"/>
  <move id="220" source="H7" target="H8"/>
  <move id="221" source="G4" target="F4"/>
  <move id="222" source="G7" target="H7"/>
  <move id="223" source="F4" target="G4"/>
  <move id="224" source="H7" target="I7"/>
  <move id="225" source="G4" target="H4"/>
  <move id="226" source="H8" target="H7"/>
  <move id="227" source="H3" target="G3"/>
  <move id="228" source="G8" target="H8"/>
  <move id="229" source="F5" target="F6"/>
  <move id="230" source="D8" target="D7"/>
  <move id="231" source="F6" target="F7"/>
  <move id="232" source="G9" target="G8"/>
  <move id="233" source="F7" target="F8"/>
  <move id="234" source="G8" target="F8"/>
  <move id="235" source="E3" target="F3"/>
  <move id="236" source="F8" target="G8"/>
  <move id="237" source="F3" target="F4"/>
  <move id="238" source="G8" target="G9"/>
  <move id="239" source="F4" target="F5"/>
  <move id="240" source="H7" target="G7"/>
  <move id="241" source="F5" target="F4"/>
  <move id="242" source="H8" target="G8"/>
  <move id="243" source="E2" target="E3"/>
  <move id="244" source="I7" target="H7"/>
  <move id="245" source="E3" target="F3"/>
  <move id="246" source="H7" target="H8"/>
  <move id="247" source="F4" target="G4"/>
  <move id="248" source="G8" target="F8"/>
  <move id="249" source="F3" target="F4"/>
  <move id="250" source="F8" target="F7"/>
  <move id="251" source="F4" target="F5"/>
  <move id="252" source="F7" target="F8"/>
  <move id="253" source="F5" target="F6"/>
  <move id="254" source="D7" target="E7"/>
  <move id="255" source="F6" target="E6"/>
  <move id="256" source="G7" target="F7"/>
  <move id="257" source="I4" target="I3"/>
  <move id="258" source="E7" target="E6"/>
  <move id="259" source="H4" target="I4"/>
  <move id="260" source="F7" target="G7"/>
  <move id="261" source="I3" target="H3"/>
  <move id="262" source="G7" target="H7"/>
  <move id="263" source="G4" target="F4"/>
  <move id="264" source="H8" target="G8"/>
  <move id="265" source="F4" target="F5"/>
  <move id="266" source="H7" target="G7"/>
  <move id="267" source="E1" target="E2"/>
  <move id="268" source="G7" target="F7"/>
  <move id="269" source="F5" target="F4"/>
  <move id="270" source="E6" target="E5"/>
  <move id="271" source="D2" target="D3"/>
  <move id="272" source="F7" target="G7"/>
  <move id="273" source="D3" target="E3"/>
  <move id="274" source="E8" target="D8"/>
  <move id="275" source="E3" target="F3"/>
  <move id="276" source="G8" target="H8"/>
  <move id="277" source="G3" target="G4"/>
  <move id="278" source="F8" target="G8"/>
  <move id="279" source="H3" target="H4"/>
  <move id="280" source="G7" target="H7"/>
  <move id="281" source="I4" target="K4"/>
  <move id="282" source="K5" target="I5"/>
  <move id="283" source="K4" target="I4"/>
  <move id="284" source="I5" target="K5"/>
  <move id="285" source="G2" target="G3"/>
  <move id="286" source="G8" target="F8"/>
  <move id="287" source="F4" target="F5"/>
  <move id="288" source="E5" target="E6"/>
  <move id="289" source="F5" target="F6"/>
  <move id="290" source="H7" target="G7"/>
  <move id="291" source="G4" target="F4"/>
  <move id="292" source="G7" target="F7"/>
  <move id="293" source="F6" target="F5"/>
  <move id="294" source="F7" target="F6"/>
  <move id="295" source="F5" target="E5"/>
  <move id="296" source="E6" target="E5"/>
  <move id="297" source="I4" target="I5"/>
  <move id="298" source="K5" target="I5"/>
  <move id="299" source="I5" target="I6"/>
  <move id="300" source="F6" target="F7"/>
  <move id="301" source="I6" target="I7"/>
  <move id="302" source="F7" target="G7"/>
  <move id="303" source="E5" target="E6"/>
  <move id="304" source="D8" target="D7"/>
  <move id="305" source="F4" target="F5"/>
  <move id="306" source="D7" target="E7"/>
  <move id="307" source="F5" target="F6"/>
  <move id="308" source="E7" target="E6"/>
  <move id="309" source="F6" target="F5"/>
  <move id="310" source="F8" target="F7"/>
  <move id="311" source="H4" target="G4"/>
  <move id="312" source="F7" target="F6"/>
  <move id="313" source="F5" target="E5"/>
  <move id="314" source="F6" target="E6"/>
  <move id="315" source="E5" target="F5"/>
  <move id="316" source="E6" target="F6"/>
  <move id="317" source="B6" target="B7"/>
  <move id="318" source="F6" target="F5"/>
  <move id="319" source="B5" target="B6"/>
  <move id="320" source="D9" target="D8"/>
  <move id="321" source="B6" target="B7"/>
  <move id="322" source="D8" target="D7"/>
  <move id="323" source="B7" target="B8"/>
  <move id="324" source="F5" target="F4"/>
  <move id="325" source="G4" target="F4"/>
  <move id="326" source="D7" target="E7"/>
  <move id="327" source="B8" target="B9"/>
  <player id="1">Player 1</player>
  <player id="2">Player 2</player>
  <result type="3" winner="2"/>
 </game>
</stratego>