<?xml version="1.0" encoding="UTF-8"?>
<stratego>
 <game type="barrage">
  
  <field content="AAAAAAAADMAAAAAAAAADAAAAAAAAAEAAAAALAKCBAA__AA__AAAA__AA__AAAAAAAAPAAYAAAAAPOAAAAAAAAAAAXWAAAAAAAAQN"/>
  <move id="1" source="F4" target="F5"/>
  <move id="2" source="G7" target="F7"/>
  <move id="3" source="I4" target="I5"/>
  <move id="4" source="G8" target="G7"/>
  <move id="5" source="I5" target="I6"/>
  <move id="6" source="F8" target="G8"/>
  <move id="7" source="H4" target="I4"/>
  <move id="8" source="G8" target="H8"/>
  <move id="9" source="I4" target="I5"/>
  <move id="10" source="H8" target="H7"/>
  <move id="11" source="I5" target="K5"/>
  <move id="12" source="H7" target="I7"/>
  <move id="13" source="I6" target="I7"/>
  <move id="14" source="I7" target="I1"/>
  <move id="15" source="K5" target="K6"/>
  <move id="16" source="I9" target="I8"/>
  <move id="17" source="K6" target="K7"/>
  <player id="1">Player 1</player>
  <player id="2">Player 2</player>
  <result type="1" winner="1"/>
 </game>
</stratego>