<?xml version="1.0" encoding="UTF-8"?>
<stratego>
 <game type="barrage">
  
  <field content="AAAAAAACDMAAAAAAAEADAAAAAAAAAAAAAAAAAKLBAA__AA__AAAA__AA__AAAAAAAOPAXNAAAAAAAAAAAAAAAAAAWYAAAAAAAAPQ"/>
  <move id="1" source="H1" target="G1"/>
  <move id="2" source="F7" target="E7"/>
  <move id="3" source="G1" target="G2"/>
  <move id="4" source="G7" target="F7"/>
  <move id="5" source="G2" target="G3"/>
  <move id="6" source="E7" target="E6"/>
  <move id="7" source="G3" target="G4"/>
  <move id="8" source="F7" target="F6"/>
  <move id="9" source="G4" target="F4"/>
  <move id="10" source="E6" target="E5"/>
  <move id="11" source="I4" target="I5"/>
  <move id="12" source="F6" target="F5"/>
  <move id="13" source="F4" target="F5"/>
  <move id="14" source="E5" target="E4"/>
  <move id="15" source="I5" target="I6"/>
  <move id="16" source="E4" target="F4"/>
  <move id="17" source="I6" target="I7"/>
  <move id="18" source="F4" target="F3"/>
  <move id="19" source="H2" target="G2"/>
  <move id="20" source="I9" target="I8"/>
  <move id="21" source="G2" target="F2"/>
  <move id="22" source="F3" target="G3"/>
  <move id="23" source="F2" target="F3"/>
  <move id="24" source="G3" target="G2"/>
  <move id="25" source="H4" target="H3"/>
  <move id="26" source="I8" target="I7"/>
  <move id="27" source="F3" target="F4"/>
  <move id="28" source="F5" target="E5"/>
  <move id="29" source="F4" target="E4"/>
  <move id="30" source="E5" target="F5"/>
  <move id="31" source="E4" target="F4"/>
  <move id="32" source="F5" target="F6"/>
  <move id="33" source="F4" target="F5"/>
  <move id="34" source="F6" target="E6"/>
  <move id="35" source="F5" target="E5"/>
  <move id="36" source="E6" target="E7"/>
  <move id="37" source="E5" target="E6"/>
  <move id="38" source="E7" target="D7"/>
  <move id="39" source="E6" target="E7"/>
  <move id="40" source="D7" target="C7"/>
  <move id="41" source="E7" target="E8"/>
  <move id="42" source="C7" target="D7"/>
  <move id="43" source="E8" target="F8"/>
  <move id="44" source="I7" target="I6"/>
  <move id="45" source="F8" target="G8"/>
  <move id="46" source="I6" target="I5"/>
  <move id="47" source="G8" target="H8"/>
  <move id="48" source="I5" target="I4"/>
  <move id="49" source="H8" target="I8"/>
  <move id="50" source="I4" target="I3"/>
  <move id="51" source="I8" target="K8"/>
  <move id="52" source="I3" target="K3"/>
  <move id="53" source="K8" target="K9"/>
  <player id="1">Player 1</player>
  <player id="2">Player 2</player>
  <result type="1" winner="1"/>
 </game>
</stratego>