<?xml version="1.0" encoding="UTF-8"?>
<stratego>
 <game type="barrage">
  
  <field content="AAAMAABAAAAEAAAAAAADAAAAAAAAAAKAAACLAADAAA__AA__AAAA__AA__AAXPAAWOAAAAAAAAAAAAAAPQAAAAAAAANYAAAAAAAA"/>
  <move id="1" source="I4" target="I5"/>
  <move id="2" source="B7" target="B2"/>
  <move id="3" source="I5" target="I6"/>
  <move id="4" source="A7" target="A6"/>
  <move id="5" source="E4" target="D4"/>
  <move id="6" source="A6" target="A5"/>
  <move id="7" source="D4" target="C4"/>
  <move id="8" source="A5" target="A4"/>
  <move id="9" source="C4" target="C3"/>
  <move id="10" source="A4" target="B4"/>
  <move id="11" source="B2" target="A2"/>
  <move id="12" source="E7" target="E6"/>
  <move id="13" source="I6" target="I7"/>
  <move id="14" source="E6" target="E5"/>
  <move id="15" source="I7" target="H7"/>
  <move id="16" source="F7" target="F6"/>
  <move id="17" source="H7" target="G7"/>
  <move id="18" source="F6" target="F5"/>
  <move id="19" source="F4" target="E4"/>
  <move id="20" source="E5" target="E6"/>
  <move id="21" source="G7" target="F7"/>
  <move id="22" source="E6" target="F6"/>
  <move id="23" source="F7" target="E7"/>
  <move id="24" source="F6" target="F7"/>
  <move id="25" source="E7" target="E6"/>
  <move id="26" source="B4" target="A4"/>
  <move id="27" source="C3" target="B3"/>
  <move id="28" source="A9" target="A8"/>
  <move id="29" source="K2" target="F2"/>
  <move id="30" source="A8" target="B8"/>
  <move id="31" source="F2" target="F5"/>
  <move id="32" source="B8" target="B3"/>
  <move id="33" source="F5" target="F3"/>
  <move id="34" source="F7" target="E7"/>
  <move id="35" source="E6" target="F6"/>
  <move id="36" source="B3" target="F3"/>
  <move id="37" source="E4" target="D4"/>
  <move id="38" source="A4" target="A3"/>
  <move id="39" source="A2" target="B2"/>
  <move id="40" source="A3" target="B3"/>
  <move id="41" source="B2" target="C2"/>
  <move id="42" source="B3" target="C3"/>
  <move id="43" source="C2" target="B2"/>
  <move id="44" source="C3" target="C4"/>
  <move id="45" source="D4" target="C4"/>
  <move id="46" source="E7" target="D7"/>
  <move id="47" source="B2" target="B3"/>
  <move id="48" source="D7" target="C7"/>
  <move id="49" source="B3" target="B4"/>
  <move id="50" source="C7" target="B7"/>
  <move id="51" source="B4" target="C4"/>
  <move id="52" source="B7" target="B6"/>
  <move id="53" source="F6" target="F7"/>
  <move id="54" source="B9" target="B8"/>
  <move id="55" source="F7" target="F9"/>
  <move id="56" source="B8" target="A8"/>
  <move id="57" source="F9" target="F8"/>
  <move id="58" source="A8" target="A7"/>
  <move id="59" source="F8" target="E8"/>
  <move id="60" source="A7" target="A6"/>
  <move id="61" source="E8" target="A8"/>
  <move id="62" source="B6" target="B5"/>
  <player id="1">Player 1</player>
  <player id="2">Player 2</player>
  <result type="3" winner="2"/>
 </game>
</stratego>