<?xml version="1.0" encoding="UTF-8"?>
<stratego>
 <game type="barrage">
  
  <field content="AAABKAMAAADAAAAAAAAAAAAAAAAAAAADAAAEAALCAA__AA__AAAA__AA__AAQXAPWOAAAAAAAAAAAAAAPAAAAAAAAANYAAAAAAAA"/>
  <move id="1" source="I4" target="I5"/>
  <move id="2" source="F7" target="F6"/>
  <move id="3" source="K4" target="I4"/>
  <move id="4" source="E7" target="E6"/>
  <move id="5" source="I4" target="H4"/>
  <move id="6" source="E6" target="E5"/>
  <move id="7" source="H4" target="G4"/>
  <move id="8" source="F6" target="F5"/>
  <move id="9" source="I5" target="I6"/>
  <move id="10" source="F5" target="F4"/>
  <move id="11" source="I6" target="I7"/>
  <move id="12" source="E5" target="E4"/>
  <move id="13" source="F4" target="F5"/>
  <move id="14" source="E4" target="E3"/>
  <move id="15" source="F5" target="F6"/>
  <move id="16" source="E3" target="E2"/>
  <move id="17" source="E1" target="E2"/>
  <move id="18" source="D7" target="E7"/>
  <move id="19" source="I7" target="H7"/>
  <move id="20" source="E7" target="E1"/>
  <move id="21" source="H7" target="G7"/>
  <move id="22" source="E1" target="G1"/>
  <player id="1">Player 1</player>
  <player id="2">Player 2</player>
  <result type="1" winner="2"/>
 </game>
</stratego>