<?xml version="1.0" encoding="UTF-8"?>
<stratego>
 <game type="classic">
  
  <field content="DEBEEEEHIMFDBHIHCIJBDGGJBBLKGHDDFGDDFFDBAA__AA__AAAA__AA__AAQRTUNTTSSNVWOQXSVNNRPPPPPPPQRNSRQUUPTQNY"/>
  <move id="1" source="B4" target="B5"/>
  <move id="2" source="F7" target="F6"/>
  <move id="3" source="F4" target="F6"/>
  <move id="4" source="F8" target="F7"/>
  <move id="5" source="G4" target="F4"/>
  <move id="6" source="F6" target="E6"/>
  <move id="7" source="G3" target="G4"/>
  <move id="8" source="F7" target="F6"/>
  <move id="9" source="H3" target="G3"/>
  <move id="10" source="I7" target="I6"/>
  <move id="11" source="G3" target="H3"/>
  <move id="12" source="H7" target="I7"/>
  <move id="13" source="G2" target="G3"/>
  <move id="14" source="I6" target="K6"/>
  <move id="15" source="I4" target="I7"/>
  <move id="16" source="I7" target="I6"/>
  <move id="17" source="I3" target="I4"/>
  <move id="18" source="G7" target="H7"/>
  <move id="19" source="H3" target="I3"/>
  <move id="20" source="H7" target="I7"/>
  <move id="21" source="H4" target="H3"/>
  <move id="22" source="G8" target="F8"/>
  <move id="23" source="H3" target="H4"/>
  <move id="24" source="F8" target="F7"/>
  <move id="25" source="F4" target="F5"/>
  <move id="26" source="B7" target="B6"/>
  <move id="27" source="G4" target="F4"/>
  <move id="28" source="A7" target="A6"/>
  <move id="29" source="G3" target="H3"/>
  <move id="30" source="A8" target="A7"/>
  <move id="31" source="H2" target="G2"/>
  <move id="32" source="C7" target="B7"/>
  <move id="33" source="E4" target="E5"/>
  <move id="34" source="C8" target="C7"/>
  <move id="35" source="D4" target="E4"/>
  <move id="36" source="E8" target="F8"/>
  <move id="37" source="H4" target="G4"/>
  <move id="38" source="F8" target="G8"/>
  <move id="39" source="G4" target="G3"/>
  <move id="40" source="B6" target="B5"/>
  <move id="41" source="B3" target="B4"/>
  <move id="42" source="A6" target="A5"/>
  <move id="43" source="H3" target="H2"/>
  <move id="44" source="B7" target="B6"/>
  <move id="45" source="F5" target="F6"/>
  <move id="46" source="C7" target="B7"/>
  <move id="47" source="F4" target="G4"/>
  <move id="48" source="D8" target="C8"/>
  <move id="49" source="E4" target="F4"/>
  <move id="50" source="C8" target="C7"/>
  <move id="51" source="F4" target="F5"/>
  <move id="52" source="G8" target="G7"/>
  <move id="53" source="G4" target="H4"/>
  <move id="54" source="A7" target="A6"/>
  <move id="55" source="D3" target="D4"/>
  <move id="56" source="B8" target="C8"/>
  <move id="57" source="D4" target="E4"/>
  <move id="58" source="B7" target="A7"/>
  <move id="59" source="G3" target="G4"/>
  <move id="60" source="A7" target="A8"/>
  <move id="61" source="G4" target="F4"/>
  <move id="62" source="C8" target="B8"/>
  <move id="63" source="F5" target="F6"/>
  <move id="64" source="E6" target="F6"/>
  <move id="65" source="F4" target="F5"/>
  <move id="66" source="A6" target="A7"/>
  <move id="67" source="E4" target="F4"/>
  <move id="68" source="A5" target="A6"/>
  <move id="69" source="E5" target="E4"/>
  <move id="70" source="B8" target="B7"/>
  <move id="71" source="C4" target="D4"/>
  <move id="72" source="B5" target="A5"/>
  <move id="73" source="D4" target="C4"/>
  <move id="74" source="B6" target="B5"/>
  <move id="75" source="C3" target="B3"/>
  <move id="76" source="B7" target="B6"/>
  <move id="77" source="A4" target="A5"/>
  <move id="78" source="A7" target="B7"/>
  <move id="79" source="B4" target="A4"/>
  <move id="80" source="A6" target="A7"/>
  <move id="81" source="A4" target="A5"/>
  <move id="82" source="B5" target="A5"/>
  <move id="83" source="C4" target="B4"/>
  <move id="84" source="A5" target="B5"/>
  <move id="85" source="B4" target="C4"/>
  <move id="86" source="A7" target="A6"/>
  <move id="87" source="C4" target="B4"/>
  <move id="88" source="B7" target="A7"/>
  <move id="89" source="A3" target="A6"/>
  <move id="90" source="A8" target="B8"/>
  <move id="91" source="B4" target="A4"/>
  <move id="92" source="B8" target="B7"/>
  <move id="93" source="A4" target="A5"/>
  <move id="94" source="F7" target="F8"/>
  <move id="95" source="A5" target="A6"/>
  <move id="96" source="A7" target="A6"/>
  <move id="97" source="E4" target="D4"/>
  <move id="98" source="F8" target="G8"/>
  <move id="99" source="D4" target="D3"/>
  <move id="100" source="B5" target="B4"/>
  <move id="101" source="D3" target="C3"/>
  <move id="102" source="B6" target="B5"/>
  <move id="103" source="H4" target="G4"/>
  <move id="104" source="A6" target="A7"/>
  <move id="105" source="B3" target="A3"/>
  <move id="106" source="B5" target="B6"/>
  <move id="107" source="C3" target="B3"/>
  <move id="108" source="B4" target="B5"/>
  <move id="109" source="B3" target="B4"/>
  <move id="110" source="A7" target="A8"/>
  <move id="111" source="B4" target="A4"/>
  <move id="112" source="A8" target="B8"/>
  <move id="113" source="A4" target="A6"/>
  <move id="114" source="B5" target="A5"/>
  <move id="115" source="A6" target="B6"/>
  <move id="116" source="A5" target="A4"/>
  <move id="117" source="A3" target="B3"/>
  <move id="118" source="A4" target="B4"/>
  <move id="119" source="B3" target="C3"/>
  <move id="120" source="B4" target="C4"/>
  <move id="121" source="C3" target="D3"/>
  <move id="122" source="C4" target="D4"/>
  <move id="123" source="D3" target="C3"/>
  <move id="124" source="D4" target="C4"/>
  <move id="125" source="C3" target="B3"/>
  <move id="126" source="F6" target="E6"/>
  <move id="127" source="F4" target="E4"/>
  <move id="128" source="E6" target="E5"/>
  <move id="129" source="E4" target="E5"/>
  <move id="130" source="G7" target="F7"/>
  <move id="131" source="G4" target="H4"/>
  <move id="132" source="F7" target="F6"/>
  <move id="133" source="H4" target="G4"/>
  <move id="134" source="F6" target="F5"/>
  <move id="135" source="E5" target="E6"/>
  <move id="136" source="B8" target="A8"/>
  <move id="137" source="G4" target="F4"/>
  <move id="138" source="F5" target="F6"/>
  <move id="139" source="E6" target="E5"/>
  <move id="140" source="F6" target="F5"/>
  <move id="141" source="F4" target="F5"/>
  <move id="142" source="B6" target="B5"/>
  <move id="143" source="E5" target="E6"/>
  <move id="144" source="B5" target="B4"/>
  <move id="145" source="E6" target="F6"/>
  <move id="146" source="B4" target="B3"/>
  <move id="147" source="F6" target="F7"/>
  <move id="148" source="B3" target="C3"/>
  <move id="149" source="F7" target="G7"/>
  <move id="150" source="G8" target="G7"/>
  <move id="151" source="I4" target="I5"/>
  <move id="152" source="C3" target="D3"/>
  <move id="153" source="I3" target="I4"/>
  <move id="154" source="D3" target="D4"/>
  <move id="155" source="I5" target="I6"/>
  <move id="156" source="D4" target="E4"/>
  <move id="157" source="I4" target="I5"/>
  <move id="158" source="F9" target="F3"/>
  <move id="159" source="I5" target="I6"/>
  <move id="160" source="I7" target="H7"/>
  <move id="161" source="I6" target="I7"/>
  <move id="162" source="H7" target="G7"/>
  <move id="163" source="I7" target="H7"/>
  <move id="164" source="G7" target="F7"/>
  <move id="165" source="H7" target="G7"/>
  <move id="166" source="F7" target="F6"/>
  <move id="167" source="G7" target="F7"/>
  <move id="168" source="F6" target="F5"/>
  <move id="169" source="F7" target="F8"/>
  <move id="170" source="B7" target="B8"/>
  <move id="171" source="F8" target="E8"/>
  <move id="172" source="B8" target="C8"/>
  <move id="173" source="E8" target="D8"/>
  <move id="174" source="A8" target="A7"/>
  <move id="175" source="D8" target="C8"/>
  <move id="176" source="A7" target="A6"/>
  <move id="177" source="C8" target="C9"/>
  <move id="178" source="C4" target="C3"/>
  <move id="179" source="C9" target="C:"/>
  <move id="180" source="C3" target="C2"/>
  <move id="181" source="C:" target="C9"/>
  <move id="182" source="A6" target="A5"/>
  <move id="183" source="C9" target="C8"/>
  <move id="184" source="C7" target="B7"/>
  <move id="185" source="C8" target="C7"/>
  <move id="186" source="B7" target="A7"/>
  <move id="187" source="C7" target="B7"/>
  <move id="188" source="D7" target="D8"/>
  <move id="189" source="B7" target="A7"/>
  <move id="190" source="A5" target="A4"/>
  <move id="191" source="A7" target="A6"/>
  <move id="192" source="A4" target="B4"/>
  <move id="193" source="A6" target="B6"/>
  <move id="194" source="B4" target="B3"/>
  <move id="195" source="B6" target="B5"/>
  <move id="196" source="B3" target="C3"/>
  <move id="197" source="B5" target="B4"/>
  <move id="198" source="E4" target="D4"/>
  <move id="199" source="I2" target="I3"/>
  <move id="200" source="D4" target="C4"/>
  <move id="201" source="B4" target="B3"/>
  <move id="202" source="C3" target="D3"/>
  <move id="203" source="I3" target="H3"/>
  <move id="204" source="D3" target="D2"/>
  <move id="205" source="H3" target="G3"/>
  <move id="206" source="D2" target="E2"/>
  <move id="207" source="G3" target="G4"/>
  <move id="208" source="E2" target="D2"/>
  <move id="209" source="G4" target="F4"/>
  <move id="210" source="F5" target="F6"/>
  <move id="211" source="F4" target="F5"/>
  <move id="212" source="F6" target="F7"/>
  <move id="213" source="F5" target="F6"/>
  <move id="214" source="F7" target="G7"/>
  <move id="215" source="F6" target="F7"/>
  <move id="216" source="G7" target="H7"/>
  <move id="217" source="F7" target="E7"/>
  <move id="218" source="D2" target="D3"/>
  <player id="1">Player 1</player>
  <player id="2">Player 2</player>
  <result type="3" winner="2"/>
 </game>
</stratego>