<?xml version="1.0" encoding="UTF-8"?>
<stratego>
 <game type="classic">
  
  <field content="MBIFEHEIDHBGECIEJEBFDDJDDDBBHBGHLFGFDKDGAA__AA__AAAA__AA__AASPQQPPUVSUWPTPUTQPXSOVTQSNRTRNQPPRNRNNNY"/>
  <move id="1" source="E4" target="E5"/>
  <move id="2" source="I7" target="I6"/>
  <move id="3" source="F4" target="F5"/>
  <move id="4" source="E7" target="E6"/>
  <move id="5" source="E5" target="E6"/>
  <move id="6" source="I6" target="I5"/>
  <move id="7" source="F5" target="F6"/>
  <move id="8" source="A7" target="A6"/>
  <move id="9" source="G4" target="F4"/>
  <move id="10" source="A6" target="A5"/>
  <move id="11" source="F4" target="F5"/>
  <move id="12" source="K7" target="K6"/>
  <move id="13" source="F6" target="F7"/>
  <move id="14" source="F8" target="F7"/>
  <move id="15" source="F5" target="F6"/>
  <move id="16" source="F7" target="E7"/>
  <move id="17" source="E6" target="E5"/>
  <move id="18" source="G8" target="F8"/>
  <move id="19" source="F6" target="F7"/>
  <move id="20" source="E7" target="E6"/>
  <move id="21" source="E5" target="E4"/>
  <move id="22" source="F8" target="F7"/>
  <move id="23" source="F3" target="F4"/>
  <move id="24" source="E6" target="E5"/>
  <move id="25" source="E3" target="F3"/>
  <move id="26" source="E5" target="E4"/>
  <move id="27" source="E2" target="E3"/>
  <move id="28" source="E4" target="F4"/>
  <move id="29" source="I4" target="I5"/>
  <move id="30" source="F7" target="E7"/>
  <move id="31" source="I3" target="I4"/>
  <move id="32" source="I5" target="I6"/>
  <move id="33" source="I4" target="I5"/>
  <move id="34" source="I6" target="I7"/>
  <move id="35" source="I5" target="I6"/>
  <move id="36" source="K6" target="I6"/>
  <move id="37" source="A4" target="A5"/>
  <move id="38" source="B7" target="A7"/>
  <move id="39" source="B4" target="A4"/>
  <move id="40" source="B8" target="B7"/>
  <move id="41" source="B3" target="B7"/>
  <move id="42" source="I6" target="I5"/>
  <move id="43" source="A4" target="A5"/>
  <move id="44" source="C8" target="B8"/>
  <move id="45" source="A5" target="A6"/>
  <move id="46" source="B8" target="B7"/>
  <move id="47" source="A6" target="A7"/>
  <move id="48" source="A8" target="A7"/>
  <move id="49" source="C3" target="B3"/>
  <move id="50" source="A7" target="A6"/>
  <move id="51" source="B3" target="B4"/>
  <move id="52" source="A6" target="A5"/>
  <move id="53" source="B4" target="A4"/>
  <move id="54" source="A5" target="A6"/>
  <move id="55" source="A4" target="A5"/>
  <move id="56" source="A6" target="A5"/>
  <move id="57" source="D4" target="E4"/>
  <move id="58" source="F4" target="F3"/>
  <move id="59" source="E3" target="F3"/>
  <move id="60" source="I7" target="K7"/>
  <move id="61" source="C4" target="B4"/>
  <move id="62" source="A5" target="A6"/>
  <move id="63" source="B4" target="B5"/>
  <move id="64" source="A6" target="A7"/>
  <move id="65" source="B5" target="A5"/>
  <move id="66" source="A7" target="A8"/>
  <move id="67" source="A5" target="A6"/>
  <move id="68" source="B7" target="A7"/>
  <move id="69" source="A6" target="A7"/>
  <move id="70" source="A8" target="B8"/>
  <move id="71" source="A3" target="B3"/>
  <move id="72" source="K7" target="K6"/>
  <move id="73" source="B3" target="B7"/>
  <move id="74" source="C7" target="C8"/>
  <move id="75" source="B7" target="D7"/>
  <move id="76" source="C8" target="C7"/>
  <move id="77" source="D3" target="C3"/>
  <move id="78" source="C7" target="C8"/>
  <move id="79" source="E4" target="D4"/>
  <move id="80" source="E7" target="F7"/>
  <move id="81" source="D4" target="C4"/>
  <move id="82" source="D7" target="E7"/>
  <move id="83" source="C4" target="B4"/>
  <move id="84" source="D8" target="D7"/>
  <move id="85" source="B4" target="B5"/>
  <move id="86" source="D7" target="C7"/>
  <move id="87" source="B5" target="B6"/>
  <move id="88" source="C8" target="D8"/>
  <move id="89" source="B6" target="B7"/>
  <move id="90" source="B8" target="C8"/>
  <move id="91" source="B7" target="C7"/>
  <move id="92" source="B9" target="B8"/>
  <move id="93" source="C7" target="B7"/>
  <move id="94" source="B8" target="B9"/>
  <move id="95" source="B7" target="B6"/>
  <move id="96" source="C8" target="B8"/>
  <move id="97" source="B6" target="A6"/>
  <move id="98" source="F7" target="F8"/>
  <move id="99" source="F3" target="F4"/>
  <move id="100" source="G7" target="F7"/>
  <move id="101" source="F4" target="E4"/>
  <move id="102" source="F7" target="F6"/>
  <move id="103" source="E4" target="D4"/>
  <move id="104" source="F6" target="E6"/>
  <move id="105" source="D4" target="C4"/>
  <move id="106" source="E7" target="D7"/>
  <move id="107" source="C4" target="B4"/>
  <move id="108" source="D7" target="C7"/>
  <move id="109" source="B4" target="B5"/>
  <move id="110" source="D8" target="D7"/>
  <move id="111" source="B5" target="B6"/>
  <move id="112" source="B8" target="C8"/>
  <move id="113" source="B6" target="B7"/>
  <move id="114" source="D7" target="D8"/>
  <move id="115" source="A6" target="B6"/>
  <move id="116" source="E6" target="E5"/>
  <move id="117" source="A7" target="A6"/>
  <move id="118" source="C7" target="D7"/>
  <move id="119" source="B7" target="A7"/>
  <move id="120" source="C8" target="B8"/>
  <move id="121" source="B6" target="B5"/>
  <move id="122" source="D7" target="E7"/>
  <move id="123" source="A6" target="B6"/>
  <move id="124" source="B8" target="A8"/>
  <move id="125" source="B6" target="B7"/>
  <move id="126" source="D8" target="C8"/>
  <move id="127" source="A7" target="A6"/>
  <move id="128" source="E7" target="D7"/>
  <move id="129" source="B7" target="A7"/>
  <move id="130" source="A8" target="B8"/>
  <move id="131" source="B5" target="B6"/>
  <move id="132" source="C8" target="D8"/>
  <move id="133" source="B6" target="B7"/>
  <move id="134" source="B8" target="C8"/>
  <move id="135" source="A6" target="B6"/>
  <move id="136" source="D7" target="E7"/>
  <move id="137" source="A7" target="A6"/>
  <move id="138" source="B9" target="B8"/>
  <move id="139" source="B7" target="A7"/>
  <move id="140" source="B8" target="A8"/>
  <move id="141" source="A7" target="A8"/>
  <move id="142" source="A8" target="B8"/>
  <move id="143" source="A6" target="A7"/>
  <move id="144" source="B8" target="B9"/>
  <move id="145" source="A7" target="B7"/>
  <move id="146" source="D8" target="D7"/>
  <move id="147" source="B7" target="B8"/>
  <move id="148" source="C8" target="C7"/>
  <move id="149" source="C3" target="A3"/>
  <move id="150" source="A9" target="A8"/>
  <move id="151" source="B8" target="A8"/>
  <move id="152" source="E7" target="E6"/>
  <move id="153" source="A8" target="B8"/>
  <move id="154" source="B9" target="A9"/>
  <move id="155" source="B8" target="B7"/>
  <move id="156" source="C7" target="C8"/>
  <move id="157" source="B7" target="C7"/>
  <move id="158" source="C8" target="B8"/>
  <move id="159" source="C7" target="D7"/>
  <move id="160" source="B8" target="B7"/>
  <move id="161" source="B6" target="B5"/>
  <move id="162" source="B7" target="B6"/>
  <move id="163" source="B5" target="B4"/>
  <move id="164" source="B6" target="B5"/>
  <move id="165" source="B4" target="C4"/>
  <move id="166" source="B5" target="B4"/>
  <move id="167" source="C4" target="D4"/>
  <move id="168" source="B4" target="C4"/>
  <move id="169" source="D4" target="E4"/>
  <move id="170" source="E6" target="F6"/>
  <move id="171" source="E4" target="E5"/>
  <move id="172" source="F6" target="F5"/>
  <move id="173" source="A3" target="A7"/>
  <move id="174" source="C4" target="C3"/>
  <move id="175" source="A7" target="C7"/>
  <move id="176" source="B:" target="B2"/>
  <move id="177" source="D7" target="E7"/>
  <move id="178" source="E8" target="D8"/>
  <move id="179" source="E7" target="E8"/>
  <move id="180" source="D8" target="D7"/>
  <move id="181" source="E8" target="F8"/>
  <move id="182" source="D7" target="C7"/>
  <move id="183" source="F8" target="E8"/>
  <move id="184" source="A9" target="A8"/>
  <move id="185" source="E8" target="D8"/>
  <move id="186" source="A8" target="A7"/>
  <move id="187" source="D8" target="C8"/>
  <move id="188" source="C7" target="D7"/>
  <move id="189" source="C8" target="C7"/>
  <move id="190" source="D7" target="D8"/>
  <move id="191" source="C7" target="B7"/>
  <move id="192" source="A7" target="A6"/>
  <move id="193" source="B7" target="B6"/>
  <move id="194" source="A6" target="A7"/>
  <move id="195" source="F2" target="F3"/>
  <move id="196" source="F5" target="E5"/>
  <move id="197" source="F3" target="F4"/>
  <move id="198" source="H7" target="G7"/>
  <move id="199" source="F4" target="E4"/>
  <move id="200" source="E5" target="F5"/>
  <move id="201" source="E4" target="F4"/>
  <move id="202" source="F5" target="E5"/>
  <move id="203" source="F4" target="E4"/>
  <move id="204" source="E5" target="F5"/>
  <move id="205" source="E4" target="E5"/>
  <move id="206" source="F5" target="F4"/>
  <move id="207" source="E5" target="E6"/>
  <move id="208" source="G7" target="F7"/>
  <move id="209" source="E6" target="E7"/>
  <move id="210" source="F7" target="E7"/>
  <move id="211" source="K4" target="I4"/>
  <move id="212" source="F4" target="F3"/>
  <move id="213" source="I4" target="I3"/>
  <move id="214" source="F3" target="G3"/>
  <move id="215" source="H4" target="I4"/>
  <move id="216" source="I5" target="I6"/>
  <move id="217" source="I4" target="I5"/>
  <move id="218" source="I6" target="I7"/>
  <move id="219" source="I5" target="I6"/>
  <move id="220" source="I7" target="H7"/>
  <move id="221" source="I6" target="K6"/>
  <move id="222" source="G3" target="H3"/>
  <move id="223" source="I3" target="H3"/>
  <move id="224" source="I8" target="I7"/>
  <move id="225" source="H3" target="H4"/>
  <move id="226" source="E7" target="E6"/>
  <move id="227" source="H4" target="G4"/>
  <move id="228" source="E6" target="E5"/>
  <move id="229" source="G4" target="F4"/>
  <move id="230" source="D8" target="E8"/>
  <move id="231" source="F4" target="E4"/>
  <move id="232" source="E5" target="E4"/>
  <move id="233" source="B6" target="B5"/>
  <move id="234" source="E4" target="E5"/>
  <move id="235" source="B5" target="B4"/>
  <move id="236" source="E8" target="D8"/>
  <move id="237" source="B4" target="C4"/>
  <move id="238" source="C3" target="B3"/>
  <move id="239" source="C4" target="D4"/>
  <move id="240" source="E5" target="F5"/>
  <move id="241" source="D4" target="E4"/>
  <move id="242" source="B3" target="B2"/>
  <move id="243" source="E4" target="E5"/>
  <move id="244" source="F5" target="F4"/>
  <move id="245" source="E5" target="E6"/>
  <move id="246" source="H8" target="I8"/>
  <move id="247" source="E6" target="E7"/>
  <move id="248" source="I7" target="K7"/>
  <move id="249" source="K6" target="I6"/>
  <move id="250" source="I8" target="I7"/>
  <move id="251" source="I6" target="K6"/>
  <move id="252" source="K7" target="K6"/>
  <move id="253" source="E7" target="F7"/>
  <move id="254" source="I7" target="I2"/>
  <move id="255" source="F7" target="G7"/>
  <move id="256" source="H7" target="I7"/>
  <move id="257" source="G7" target="H7"/>
  <move id="258" source="I7" target="I6"/>
  <move id="259" source="H7" target="I7"/>
  <move id="260" source="I6" target="I5"/>
  <move id="261" source="I7" target="I8"/>
  <move id="262" source="K6" target="K7"/>
  <move id="263" source="I8" target="I9"/>
  <move id="264" source="H9" target="H8"/>
  <move id="265" source="I9" target="H9"/>
  <move id="266" source="H8" target="I8"/>
  <move id="267" source="H9" target="H:"/>
  <move id="268" source="I5" target="I4"/>
  <player id="1">Player 1</player>
  <player id="2">Player 2</player>
  <result type="3" winner="2"/>
 </game>
</stratego>