<?xml version="1.0" encoding="UTF-8"?>
<stratego>
 <game type="classic">
  
  <field content="HEEHEBMBFBDJFIDEBFBGGHLDHBECJDDFDIDGDKGIAA__AA__AAAA__AA__AATRQURPTPUPWPPOTPSXNNRPVUSNTVSQPQSQNYNQRN"/>
  <move id="1" source="K4" target="K5"/>
  <move id="2" source="I7" target="I6"/>
  <move id="3" source="I4" target="I5"/>
  <move id="4" source="H7" target="I7"/>
  <move id="5" source="I5" target="I6"/>
  <move id="6" source="B7" target="B6"/>
  <move id="7" source="K5" target="K6"/>
  <move id="8" source="I6" target="K6"/>
  <move id="9" source="K3" target="K7"/>
  <move id="10" source="G7" target="H7"/>
  <move id="11" source="I3" target="I4"/>
  <move id="12" source="I7" target="I6"/>
  <move id="13" source="I4" target="I5"/>
  <move id="14" source="I6" target="K6"/>
  <move id="15" source="I5" target="I6"/>
  <move id="16" source="K6" target="K5"/>
  <move id="17" source="I6" target="I7"/>
  <move id="18" source="K5" target="K4"/>
  <move id="19" source="I7" target="I8"/>
  <move id="20" source="B8" target="B7"/>
  <move id="21" source="H4" target="I4"/>
  <move id="22" source="K4" target="K3"/>
  <move id="23" source="I4" target="I5"/>
  <move id="24" source="K3" target="H3"/>
  <move id="25" source="G3" target="H3"/>
  <move id="26" source="B6" target="A6"/>
  <move id="27" source="I5" target="I6"/>
  <move id="28" source="B7" target="B4"/>
  <move id="29" source="I6" target="I7"/>
  <move id="30" source="C8" target="B8"/>
  <move id="31" source="H3" target="H4"/>
  <move id="32" source="A7" target="B7"/>
  <move id="33" source="H4" target="I4"/>
  <move id="34" source="B7" target="B6"/>
  <move id="35" source="I4" target="I5"/>
  <move id="36" source="B6" target="B5"/>
  <move id="37" source="I5" target="I6"/>
  <move id="38" source="B8" target="B7"/>
  <move id="39" source="I6" target="K6"/>
  <move id="40" source="A6" target="A7"/>
  <move id="41" source="K6" target="K7"/>
  <move id="42" source="B7" target="B6"/>
  <move id="43" source="K7" target="K8"/>
  <move id="44" source="K9" target="K8"/>
  <move id="45" source="G4" target="K4"/>
  <move id="46" source="I9" target="K9"/>
  <move id="47" source="K4" target="I4"/>
  <move id="48" source="B6" target="A6"/>
  <move id="49" source="K2" target="K3"/>
  <move id="50" source="H7" target="G7"/>
  <move id="51" source="K3" target="K4"/>
  <move id="52" source="F7" target="F6"/>
  <move id="53" source="K4" target="K5"/>
  <move id="54" source="F6" target="E6"/>
  <move id="55" source="K5" target="K6"/>
  <move id="56" source="G7" target="F7"/>
  <move id="57" source="K6" target="K7"/>
  <move id="58" source="H8" target="H7"/>
  <move id="59" source="K7" target="K8"/>
  <move id="60" source="H7" target="I7"/>
  <move id="61" source="K8" target="K9"/>
  <move id="62" source="I7" target="H7"/>
  <move id="63" source="I4" target="K4"/>
  <move id="64" source="H7" target="G7"/>
  <move id="65" source="K4" target="K:"/>
  <move id="66" source="F7" target="F6"/>
  <move id="67" source="B4" target="B5"/>
  <move id="68" source="B5" target="B6"/>
  <move id="69" source="B3" target="B4"/>
  <move id="70" source="B6" target="B7"/>
  <move id="71" source="B4" target="B5"/>
  <move id="72" source="B7" target="B8"/>
  <move id="73" source="B5" target="B6"/>
  <move id="74" source="B8" target="C8"/>
  <move id="75" source="B6" target="A6"/>
  <move id="76" source="A7" target="B7"/>
  <move id="77" source="A6" target="A7"/>
  <move id="78" source="B7" target="B6"/>
  <move id="79" source="A7" target="A8"/>
  <move id="80" source="C8" target="B8"/>
  <move id="81" source="C3" target="B3"/>
  <move id="82" source="B8" target="B7"/>
  <move id="83" source="B3" target="B4"/>
  <move id="84" source="B6" target="B5"/>
  <move id="85" source="B4" target="B5"/>
  <move id="86" source="G7" target="F7"/>
  <move id="87" source="B5" target="B6"/>
  <move id="88" source="F6" target="F5"/>
  <move id="89" source="B6" target="B7"/>
  <move id="90" source="F7" target="F6"/>
  <move id="91" source="B7" target="C7"/>
  <move id="92" source="H9" target="H8"/>
  <move id="93" source="C7" target="D7"/>
  <move id="94" source="D8" target="D7"/>
  <player id="1">Player 1</player>
  <player id="2">Player 2</player>
  <result type="3" winner="2"/>
 </game>
</stratego>