<?xml version="1.0" encoding="UTF-8"?>
<stratego>
 <game type="classic">
  
  <field content="JIBMBBBIBIEKCBGFFJEEDHHEDHEDHGDGDDFGDLFDAA__AA__AAAA__AA__AAPTPPPPSTPSSSXURTRORWVRUNPQNUTVPNNQQNYNQQ"/>
  <move id="1" source="F4" target="F5"/>
  <move id="2" source="A7" target="A6"/>
  <move id="3" source="E4" target="E5"/>
  <move id="4" source="A6" target="B6"/>
  <move id="5" source="D4" target="E4"/>
  <move id="6" source="B6" target="B5"/>
  <move id="7" source="G4" target="F4"/>
  <move id="8" source="B5" target="B4"/>
  <move id="9" source="B4" target="B5"/>
  <move id="10" source="B7" target="B6"/>
  <move id="11" source="B5" target="B6"/>
  <move id="12" source="B6" target="B5"/>
  <move id="13" source="B3" target="B4"/>
  <move id="14" source="B5" target="A5"/>
  <move id="15" source="E5" target="E6"/>
  <move id="16" source="C7" target="B7"/>
  <move id="17" source="F5" target="F6"/>
  <move id="18" source="B7" target="B6"/>
  <move id="19" source="E6" target="E7"/>
  <move id="20" source="E8" target="E7"/>
  <move id="21" source="E4" target="E9"/>
  <move id="22" source="F7" target="E7"/>
  <move id="23" source="F6" target="E6"/>
  <move id="24" source="E7" target="E8"/>
  <move id="25" source="F4" target="F8"/>
  <move id="26" source="E8" target="E9"/>
  <move id="27" source="E6" target="E7"/>
  <move id="28" source="D7" target="C7"/>
  <move id="29" source="E7" target="D7"/>
  <move id="30" source="B6" target="B7"/>
  <move id="31" source="D7" target="D8"/>
  <move id="32" source="B7" target="B4"/>
  <move id="33" source="F3" target="F4"/>
  <move id="34" source="A5" target="A4"/>
  <move id="35" source="B4" target="A4"/>
  <move id="36" source="C7" target="B7"/>
  <move id="37" source="C4" target="B4"/>
  <move id="38" source="B7" target="A7"/>
  <move id="39" source="B4" target="A4"/>
  <move id="40" source="F8" target="F7"/>
  <move id="41" source="F4" target="F5"/>
  <move id="42" source="F7" target="E7"/>
  <move id="43" source="F5" target="E5"/>
  <move id="44" source="E7" target="D7"/>
  <move id="45" source="E5" target="E6"/>
  <move id="46" source="D7" target="C7"/>
  <move id="47" source="E6" target="E7"/>
  <move id="48" source="C7" target="B7"/>
  <move id="49" source="G3" target="F3"/>
  <move id="50" source="B7" target="B6"/>
  <move id="51" source="C3" target="C4"/>
  <move id="52" source="B6" target="A6"/>
  <move id="53" source="A4" target="B4"/>
  <move id="54" source="A6" target="A5"/>
  <move id="55" source="B4" target="B8"/>
  <move id="56" source="A7" target="B7"/>
  <move id="57" source="F3" target="F4"/>
  <move id="58" source="G8" target="F8"/>
  <move id="59" source="F4" target="F5"/>
  <move id="60" source="F8" target="F7"/>
  <move id="61" source="E7" target="F7"/>
  <move id="62" source="H8" target="G8"/>
  <move id="63" source="F7" target="E7"/>
  <move id="64" source="D8" target="D7"/>
  <move id="65" source="E7" target="E6"/>
  <move id="66" source="D7" target="E7"/>
  <move id="67" source="E6" target="E5"/>
  <move id="68" source="E7" target="E6"/>
  <move id="69" source="E5" target="E4"/>
  <move id="70" source="E6" target="E5"/>
  <move id="71" source="E4" target="D4"/>
  <move id="72" source="E5" target="F5"/>
  <move id="73" source="E3" target="E9"/>
  <move id="74" source="F5" target="F4"/>
  <move id="75" source="C4" target="C3"/>
  <move id="76" source="F4" target="E4"/>
  <move id="77" source="D4" target="C4"/>
  <move id="78" source="A5" target="B5"/>
  <move id="79" source="B2" target="B3"/>
  <move id="80" source="B5" target="A5"/>
  <move id="81" source="H3" target="G3"/>
  <move id="82" source="B7" target="B3"/>
  <move id="83" source="G3" target="F3"/>
  <move id="84" source="C8" target="C7"/>
  <move id="85" source="F3" target="E3"/>
  <move id="86" source="E4" target="F4"/>
  <move id="87" source="H2" target="H3"/>
  <move id="88" source="C7" target="B7"/>
  <move id="89" source="H3" target="G3"/>
  <move id="90" source="B7" target="B6"/>
  <move id="91" source="B3" target="B4"/>
  <move id="92" source="B6" target="B5"/>
  <move id="93" source="B4" target="A4"/>
  <move id="94" source="A5" target="A6"/>
  <move id="95" source="A3" target="B3"/>
  <move id="96" source="B5" target="A5"/>
  <move id="97" source="A4" target="B4"/>
  <move id="98" source="G8" target="F8"/>
  <move id="99" source="G3" target="F3"/>
  <move id="100" source="F4" target="F5"/>
  <move id="101" source="F3" target="F4"/>
  <move id="102" source="F5" target="F6"/>
  <move id="103" source="F4" target="F5"/>
  <move id="104" source="F6" target="F7"/>
  <move id="105" source="F5" target="F6"/>
  <move id="106" source="B8" target="B7"/>
  <move id="107" source="B3" target="A3"/>
  <move id="108" source="A5" target="B5"/>
  <move id="109" source="B4" target="A4"/>
  <move id="110" source="B7" target="C7"/>
  <move id="111" source="A3" target="B3"/>
  <move id="112" source="B5" target="A5"/>
  <move id="113" source="A4" target="B4"/>
  <move id="114" source="A6" target="A7"/>
  <move id="115" source="H4" target="G4"/>
  <move id="116" source="A7" target="B7"/>
  <move id="117" source="G4" target="F4"/>
  <move id="118" source="B7" target="B8"/>
  <move id="119" source="F4" target="E4"/>
  <move id="120" source="C7" target="D7"/>
  <move id="121" source="E4" target="E5"/>
  <move id="122" source="D7" target="E7"/>
  <move id="123" source="F6" target="E6"/>
  <move id="124" source="E7" target="E8"/>
  <move id="125" source="E6" target="E7"/>
  <move id="126" source="B8" target="C8"/>
  <move id="127" source="E5" target="E6"/>
  <move id="128" source="C8" target="D8"/>
  <move id="129" source="E7" target="D7"/>
  <move id="130" source="D8" target="C8"/>
  <move id="131" source="D7" target="C7"/>
  <move id="132" source="C8" target="B8"/>
  <move id="133" source="E6" target="F6"/>
  <move id="134" source="E8" target="E7"/>
  <move id="135" source="E3" target="E7"/>
  <move id="136" source="A5" target="A4"/>
  <move id="137" source="B4" target="B5"/>
  <move id="138" source="A4" target="B4"/>
  <move id="139" source="B5" target="B4"/>
  <move id="140" source="B4" target="B5"/>
  <move id="141" source="C7" target="D7"/>
  <move id="142" source="B5" target="B6"/>
  <move id="143" source="D7" target="E7"/>
  <move id="144" source="F7" target="F6"/>
  <move id="145" source="E7" target="F7"/>
  <move id="146" source="F8" target="E8"/>
  <move id="147" source="F7" target="E7"/>
  <move id="148" source="E8" target="D8"/>
  <move id="149" source="E7" target="E8"/>
  <move id="150" source="D8" target="D7"/>
  <move id="151" source="F6" target="E6"/>
  <move id="152" source="D7" target="C7"/>
  <move id="153" source="E6" target="E7"/>
  <move id="154" source="C7" target="C8"/>
  <move id="155" source="E8" target="D8"/>
  <move id="156" source="C8" target="C7"/>
  <move id="157" source="D8" target="C8"/>
  <move id="158" source="B6" target="B7"/>
  <move id="159" source="D3" target="E3"/>
  <move id="160" source="A8" target="A7"/>
  <move id="161" source="E3" target="E4"/>
  <move id="162" source="A7" target="A6"/>
  <move id="163" source="E4" target="F4"/>
  <move id="164" source="B8" target="A8"/>
  <move id="165" source="F4" target="F5"/>
  <move id="166" source="A8" target="A7"/>
  <move id="167" source="F5" target="F6"/>
  <move id="168" source="A9" target="A8"/>
  <move id="169" source="A2" target="B2"/>
  <move id="170" source="A8" target="B8"/>
  <move id="171" source="A1" target="A2"/>
  <move id="172" source="B8" target="C8"/>
  <move id="173" source="A2" target="A3"/>
  <move id="174" source="B7" target="B8"/>
  <move id="175" source="A3" target="A4"/>
  <move id="176" source="A6" target="B6"/>
  <move id="177" source="A4" target="A5"/>
  <move id="178" source="A7" target="A8"/>
  <move id="179" source="A5" target="A6"/>
  <move id="180" source="B6" target="B5"/>
  <move id="181" source="C4" target="D4"/>
  <move id="182" source="B5" target="B4"/>
  <move id="183" source="D4" target="E4"/>
  <move id="184" source="B4" target="B3"/>
  <move id="185" source="C3" target="B3"/>
  <move id="186" source="B8" target="B7"/>
  <move id="187" source="F6" target="F7"/>
  <move id="188" source="A8" target="B8"/>
  <move id="189" source="F7" target="F8"/>
  <move id="190" source="F9" target="F8"/>
  <move id="191" source="F2" target="F3"/>
  <move id="192" source="A:" target="A6"/>
  <move id="193" source="F3" target="F4"/>
  <move id="194" source="C7" target="C8"/>
  <move id="195" source="E4" target="E5"/>
  <move id="196" source="B7" target="C7"/>
  <move id="197" source="E5" target="E6"/>
  <move id="198" source="C7" target="D7"/>
  <move id="199" source="E7" target="E8"/>
  <move id="200" source="D7" target="D8"/>
  <move id="201" source="E8" target="E7"/>
  <move id="202" source="D8" target="D7"/>
  <move id="203" source="E7" target="F7"/>
  <move id="204" source="G7" target="G8"/>
  <move id="205" source="A6" target="A7"/>
  <move id="206" source="C8" target="D8"/>
  <move id="207" source="A7" target="B7"/>
  <move id="208" source="B8" target="A8"/>
  <move id="209" source="F7" target="F8"/>
  <move id="210" source="G8" target="G7"/>
  <move id="211" source="F4" target="F5"/>
  <move id="212" source="E:" target="E9"/>
  <move id="213" source="F8" target="E8"/>
  <move id="214" source="D8" target="E8"/>
  <move id="215" source="B7" target="B8"/>
  <move id="216" source="A8" target="A7"/>
  <move id="217" source="B8" target="B9"/>
  <move id="218" source="C9" target="C8"/>
  <move id="219" source="B9" target="B8"/>
  <move id="220" source="C8" target="C9"/>
  <move id="221" source="F5" target="F6"/>
  <move id="222" source="E8" target="E7"/>
  <move id="223" source="E6" target="E5"/>
  <move id="224" source="D7" target="D8"/>
  <move id="225" source="F6" target="F7"/>
  <move id="226" source="D8" target="E8"/>
  <move id="227" source="B8" target="C8"/>
  <move id="228" source="C9" target="B9"/>
  <move id="229" source="F7" target="G7"/>
  <move id="230" source="E7" target="E6"/>
  <move id="231" source="E5" target="F5"/>
  <move id="232" source="E6" target="F6"/>
  <move id="233" source="F5" target="F4"/>
  <move id="234" source="E8" target="D8"/>
  <move id="235" source="C8" target="B8"/>
  <move id="236" source="B9" target="C9"/>
  <move id="237" source="B8" target="B7"/>
  <move id="238" source="A7" target="A8"/>
  <move id="239" source="I4" target="I5"/>
  <move id="240" source="A8" target="A9"/>
  <move id="241" source="I5" target="I6"/>
  <move id="242" source="C9" target="C8"/>
  <move id="243" source="I6" target="I7"/>
  <move id="244" source="I8" target="I7"/>
  <move id="245" source="F4" target="E4"/>
  <move id="246" source="F6" target="E6"/>
  <move id="247" source="E4" target="D4"/>
  <move id="248" source="D8" target="D7"/>
  <move id="249" source="B7" target="B6"/>
  <move id="250" source="E6" target="E5"/>
  <move id="251" source="D4" target="C4"/>
  <move id="252" source="E5" target="E4"/>
  <move id="253" source="K4" target="E4"/>
  <move id="254" source="D7" target="C7"/>
  <move id="255" source="C4" target="D4"/>
  <move id="256" source="K8" target="I8"/>
  <move id="257" source="B6" target="B5"/>
  <move id="258" source="I8" target="H8"/>
  <move id="259" source="B5" target="B4"/>
  <move id="260" source="H8" target="G8"/>
  <move id="261" source="B4" target="C4"/>
  <move id="262" source="G8" target="F8"/>
  <move id="263" source="C4" target="C3"/>
  <move id="264" source="F8" target="F7"/>
  <move id="265" source="E4" target="F4"/>
  <move id="266" source="F7" target="F6"/>
  <move id="267" source="C3" target="D3"/>
  <move id="268" source="F6" target="F5"/>
  <move id="269" source="D3" target="E3"/>
  <move id="270" source="F5" target="F4"/>
  <move id="271" source="D4" target="C4"/>
  <move id="272" source="C8" target="B8"/>
  <move id="273" source="C4" target="B4"/>
  <move id="274" source="B8" target="B7"/>
  <move id="275" source="B4" target="A4"/>
  <move id="276" source="B7" target="A7"/>
  <move id="277" source="A4" target="A3"/>
  <move id="278" source="A7" target="A6"/>
  <move id="279" source="A3" target="A2"/>
  <move id="280" source="A6" target="A5"/>
  <move id="281" source="A2" target="A1"/>
  <move id="282" source="A5" target="A4"/>
  <move id="283" source="K3" target="K4"/>
  <move id="284" source="K7" target="I7"/>
  <move id="285" source="K4" target="K5"/>
  <move id="286" source="K9" target="K8"/>
  <move id="287" source="K5" target="I5"/>
  <move id="288" source="K8" target="K7"/>
  <move id="289" source="I5" target="I6"/>
  <move id="290" source="I7" target="I8"/>
  <move id="291" source="I6" target="I5"/>
  <move id="292" source="K7" target="K6"/>
  <move id="293" source="I5" target="I4"/>
  <move id="294" source="K6" target="K5"/>
  <move id="295" source="I4" target="H4"/>
  <move id="296" source="A4" target="B4"/>
  <move id="297" source="B3" target="A3"/>
  <move id="298" source="B4" target="A4"/>
  <move id="299" source="A3" target="B3"/>
  <move id="300" source="A4" target="A3"/>
  <move id="301" source="B3" target="C3"/>
  <move id="302" source="A3" target="A2"/>
  <move id="303" source="C3" target="C4"/>
  <move id="304" source="A2" target="A1"/>
  <move id="305" source="B1" target="A1"/>
  <move id="306" source="H9" target="H8"/>
  <move id="307" source="C4" target="B4"/>
  <move id="308" source="H8" target="G8"/>
  <move id="309" source="B4" target="A4"/>
  <move id="310" source="G8" target="F8"/>
  <move id="311" source="A4" target="A5"/>
  <move id="312" source="F8" target="E8"/>
  <move id="313" source="A5" target="A6"/>
  <move id="314" source="C7" target="B7"/>
  <move id="315" source="B2" target="B3"/>
  <move id="316" source="E8" target="D8"/>
  <move id="317" source="B3" target="B4"/>
  <move id="318" source="D8" target="C8"/>
  <move id="319" source="B4" target="B5"/>
  <move id="320" source="C8" target="B8"/>
  <move id="321" source="B5" target="B6"/>
  <move id="322" source="B7" target="C7"/>
  <move id="323" source="A6" target="A7"/>
  <move id="324" source="A9" target="B9"/>
  <move id="325" source="B6" target="B7"/>
  <move id="326" source="B8" target="B7"/>
  <move id="327" source="A7" target="A8"/>
  <move id="328" source="C7" target="C8"/>
  <move id="329" source="A8" target="A9"/>
  <move id="330" source="B9" target="B8"/>
  <move id="331" source="A9" target="B9"/>
  <move id="332" source="B8" target="A8"/>
  <move id="333" source="B9" target="B:"/>
  <player id="1">Player 1</player>
  <player id="2">Player 2</player>
  <result type="3" winner="2"/>
 </game>
</stratego>