<?xml version="1.0" encoding="UTF-8"?>
<stratego>
 <game type="classic">
  
  <field content="MBEEBEDEEGBJBJFBIBDIFHLDGHCDHDDFDIFGHKDGAA__AA__AAAA__AA__AAPNUOTXUVPRQVPWPPTQUSNQTQPNSRSNRSPQNYNTPR"/>
  <move id="1" source="E4" target="E5"/>
  <move id="2" source="E7" target="E6"/>
  <move id="3" source="D4" target="E4"/>
  <move id="4" source="E6" target="F6"/>
  <move id="5" source="F4" target="F5"/>
  <move id="6" source="E8" target="E5"/>
  <move id="7" source="F5" target="F6"/>
  <move id="8" source="F6" target="F5"/>
  <move id="9" source="G4" target="F4"/>
  <move id="10" source="F5" target="E5"/>
  <move id="11" source="E4" target="E5"/>
  <move id="12" source="A7" target="A4"/>
  <move id="13" source="D3" target="D4"/>
  <move id="14" source="D8" target="E8"/>
  <move id="15" source="D4" target="E4"/>
  <move id="16" source="E8" target="E7"/>
  <move id="17" source="F4" target="F5"/>
  <move id="18" source="E7" target="E6"/>
  <move id="19" source="F5" target="F6"/>
  <move id="20" source="D7" target="E7"/>
  <move id="21" source="I4" target="I7"/>
  <move id="22" source="E6" target="F6"/>
  <move id="23" source="E4" target="F4"/>
  <move id="24" source="F6" target="E6"/>
  <move id="25" source="E5" target="E4"/>
  <move id="26" source="A8" target="A7"/>
  <move id="27" source="F4" target="F5"/>
  <move id="28" source="A7" target="A6"/>
  <move id="29" source="F5" target="E5"/>
  <move id="30" source="A6" target="A5"/>
  <move id="31" source="H4" target="I4"/>
  <move id="32" source="A5" target="B5"/>
  <move id="33" source="H3" target="H4"/>
  <move id="34" source="B5" target="B4"/>
  <move id="35" source="H4" target="G4"/>
  <move id="36" source="F7" target="F6"/>
  <move id="37" source="I4" target="H4"/>
  <move id="38" source="F6" target="F5"/>
  <move id="39" source="G4" target="F4"/>
  <move id="40" source="F5" target="E5"/>
  <move id="41" source="E4" target="D4"/>
  <move id="42" source="E5" target="F5"/>
  <move id="43" source="F4" target="G4"/>
  <move id="44" source="F5" target="F6"/>
  <move id="45" source="D4" target="D3"/>
  <move id="46" source="K7" target="K6"/>
  <move id="47" source="K4" target="K5"/>
  <move id="48" source="K6" target="K5"/>
  <move id="49" source="K5" target="K6"/>
  <move id="50" source="I8" target="I7"/>
  <move id="51" source="K3" target="K4"/>
  <move id="52" source="I7" target="K7"/>
  <move id="53" source="K4" target="K5"/>
  <move id="54" source="K7" target="K6"/>
  <move id="55" source="K5" target="K4"/>
  <move id="56" source="K6" target="K5"/>
  <move id="57" source="K4" target="K3"/>
  <move id="58" source="K5" target="K4"/>
  <move id="59" source="C4" target="D4"/>
  <move id="60" source="F6" target="F5"/>
  <move id="61" source="H4" target="I4"/>
  <move id="62" source="K4" target="K5"/>
  <move id="63" source="I4" target="I5"/>
  <move id="64" source="K5" target="K4"/>
  <move id="65" source="I5" target="I6"/>
  <move id="66" source="K4" target="K3"/>
  <move id="67" source="K2" target="K3"/>
  <move id="68" source="F5" target="E5"/>
  <move id="69" source="F3" target="F4"/>
  <move id="70" source="F8" target="F4"/>
  <move id="71" source="F4" target="F3"/>
  <move id="72" source="G8" target="F8"/>
  <move id="73" source="G4" target="F4"/>
  <move id="74" source="E5" target="F5"/>
  <move id="75" source="F4" target="G4"/>
  <move id="76" source="F5" target="F4"/>
  <move id="77" source="G4" target="H4"/>
  <move id="78" source="F8" target="F7"/>
  <move id="79" source="I6" target="I7"/>
  <move id="80" source="F4" target="F5"/>
  <move id="81" source="I7" target="K7"/>
  <move id="82" source="F5" target="E5"/>
  <move id="83" source="H4" target="I4"/>
  <move id="84" source="F7" target="F6"/>
  <move id="85" source="I4" target="I5"/>
  <move id="86" source="F6" target="F5"/>
  <move id="87" source="I5" target="I6"/>
  <move id="88" source="F5" target="F4"/>
  <move id="89" source="F3" target="F4"/>
  <move id="90" source="H7" target="I7"/>
  <move id="91" source="K7" target="I7"/>
  <move id="92" source="E5" target="F5"/>
  <move id="93" source="D4" target="C4"/>
  <move id="94" source="E6" target="E5"/>
  <move id="95" source="D3" target="D4"/>
  <move id="96" source="E7" target="E6"/>
  <move id="97" source="I7" target="H7"/>
  <move id="98" source="K8" target="K7"/>
  <move id="99" source="I6" target="I9"/>
  <move id="100" source="G7" target="F7"/>
  <move id="101" source="H7" target="I7"/>
  <move id="102" source="K7" target="K6"/>
  <move id="103" source="I7" target="I8"/>
  <move id="104" source="K6" target="K5"/>
  <move id="105" source="I8" target="I9"/>
  <move id="106" source="K5" target="I5"/>
  <move id="107" source="I9" target="I8"/>
  <move id="108" source="I5" target="I4"/>
  <move id="109" source="I8" target="I7"/>
  <move id="110" source="I4" target="H4"/>
  <move id="111" source="I7" target="I6"/>
  <move id="112" source="H4" target="G4"/>
  <move id="113" source="I6" target="I5"/>
  <move id="114" source="G4" target="F4"/>
  <move id="115" source="E3" target="E4"/>
  <move id="116" source="F4" target="E4"/>
  <move id="117" source="I5" target="I6"/>
  <move id="118" source="F7" target="E7"/>
  <move id="119" source="I6" target="I7"/>
  <move id="120" source="F5" target="F6"/>
  <move id="121" source="I7" target="H7"/>
  <move id="122" source="F6" target="F7"/>
  <move id="123" source="H7" target="I7"/>
  <move id="124" source="F7" target="G7"/>
  <move id="125" source="I7" target="I6"/>
  <move id="126" source="G7" target="H7"/>
  <move id="127" source="I6" target="I5"/>
  <move id="128" source="H7" target="I7"/>
  <move id="129" source="I5" target="I4"/>
  <move id="130" source="I7" target="I6"/>
  <move id="131" source="I4" target="H4"/>
  <move id="132" source="I6" target="I5"/>
  <move id="133" source="H4" target="G4"/>
  <move id="134" source="I5" target="I4"/>
  <move id="135" source="G4" target="F4"/>
  <move id="136" source="I4" target="H4"/>
  <move id="137" source="F4" target="F3"/>
  <move id="138" source="H4" target="G4"/>
  <player id="1">Player 1</player>
  <player id="2">Player 2</player>
  <result type="3" winner="1"/>
 </game>
</stratego>