<?xml version="1.0" encoding="UTF-8"?>
<stratego>
 <game type="classic">
  
  <field content="BFMBEEFBIEGBGJDIBEDLKHCEHDDDJHBFIDDGHGDFAA__AA__AAAA__AA__AANPRNPRSQSPQNPTSWPPXSNRQPPTVOVQRNTYNUUUTQ"/>
  <move id="1" source="I4" target="I7"/>
  <move id="2" source="I7" target="I6"/>
  <move id="3" source="K4" target="K5"/>
  <move id="4" source="I8" target="I7"/>
  <move id="5" source="K3" target="K4"/>
  <move id="6" source="K7" target="K6"/>
  <move id="7" source="I3" target="I4"/>
  <move id="8" source="K8" target="K7"/>
  <move id="9" source="B4" target="B5"/>
  <move id="10" source="H8" target="I8"/>
  <move id="11" source="B5" target="A5"/>
  <move id="12" source="K6" target="K5"/>
  <move id="13" source="C4" target="B4"/>
  <move id="14" source="I6" target="K6"/>
  <move id="15" source="K5" target="I5"/>
  <move id="16" source="I7" target="I6"/>
  <move id="17" source="K4" target="K5"/>
  <move id="18" source="K7" target="K8"/>
  <move id="19" source="B4" target="B5"/>
  <move id="20" source="K6" target="K5"/>
  <move id="21" source="I4" target="K4"/>
  <move id="22" source="I6" target="K6"/>
  <move id="23" source="H4" target="I4"/>
  <move id="24" source="I8" target="H8"/>
  <move id="25" source="B5" target="B6"/>
  <move id="26" source="I9" target="I8"/>
  <move id="27" source="A5" target="A6"/>
  <move id="28" source="K6" target="K5"/>
  <move id="29" source="K4" target="K3"/>
  <move id="30" source="K5" target="I5"/>
  <move id="31" source="I4" target="H4"/>
  <move id="32" source="I8" target="I9"/>
  <move id="33" source="A6" target="A7"/>
  <move id="34" source="I5" target="I4"/>
  <move id="35" source="B6" target="A6"/>
  <move id="36" source="H8" target="I8"/>
  <move id="37" source="D4" target="B4"/>
  <move id="38" source="I8" target="I7"/>
  <move id="39" source="B4" target="B7"/>
  <move id="40" source="C7" target="B7"/>
  <move id="41" source="A6" target="A5"/>
  <move id="42" source="I7" target="K7"/>
  <move id="43" source="B3" target="B4"/>
  <move id="44" source="K7" target="K3"/>
  <move id="45" source="A3" target="B3"/>
  <move id="46" source="G8" target="I8"/>
  <move id="47" source="B4" target="B5"/>
  <move id="48" source="I4" target="K4"/>
  <move id="49" source="K3" target="I3"/>
  <move id="50" source="I8" target="I4"/>
  <move id="51" source="B3" target="B4"/>
  <move id="52" source="I4" target="H4"/>
  <move id="53" source="E4" target="E7"/>
  <move id="54" source="K4" target="I4"/>
  <move id="55" source="I3" target="K3"/>
  <move id="56" source="F8" target="G8"/>
  <move id="57" source="F4" target="E4"/>
  <move id="58" source="G8" target="H8"/>
  <move id="59" source="E4" target="E5"/>
  <move id="60" source="H8" target="I8"/>
  <move id="61" source="E5" target="E6"/>
  <move id="62" source="I8" target="I7"/>
  <move id="63" source="E6" target="E7"/>
  <move id="64" source="I7" target="I6"/>
  <move id="65" source="B4" target="C4"/>
  <move id="66" source="I6" target="I5"/>
  <move id="67" source="C4" target="D4"/>
  <move id="68" source="I5" target="K5"/>
  <move id="69" source="D4" target="E4"/>
  <move id="70" source="K5" target="K4"/>
  <move id="71" source="E4" target="E5"/>
  <move id="72" source="K4" target="K3"/>
  <move id="73" source="K2" target="K3"/>
  <move id="74" source="I4" target="H4"/>
  <move id="75" source="E5" target="E6"/>
  <move id="76" source="H4" target="G4"/>
  <move id="77" source="E7" target="D7"/>
  <move id="78" source="G4" target="F4"/>
  <move id="79" source="I2" target="I9"/>
  <move id="80" source="F4" target="F3"/>
  <move id="81" source="K3" target="I3"/>
  <move id="82" source="E8" target="E7"/>
  <move id="83" source="I3" target="I4"/>
  <move id="84" source="E7" target="E6"/>
  <move id="85" source="I4" target="I5"/>
  <move id="86" source="F3" target="F4"/>
  <move id="87" source="E6" target="E7"/>
  <move id="88" source="F4" target="F5"/>
  <move id="89" source="E7" target="E8"/>
  <move id="90" source="F5" target="F6"/>
  <move id="91" source="E8" target="F8"/>
  <move id="92" source="F7" target="E7"/>
  <move id="93" source="F8" target="G8"/>
  <move id="94" source="F6" target="F7"/>
  <move id="95" source="G8" target="H8"/>
  <move id="96" source="F7" target="F8"/>
  <move id="97" source="H8" target="I8"/>
  <move id="98" source="F8" target="G8"/>
  <move id="99" source="I8" target="I9"/>
  <move id="100" source="G8" target="H8"/>
  <move id="101" source="D3" target="D4"/>
  <move id="102" source="G9" target="G8"/>
  <move id="103" source="I5" target="I4"/>
  <move id="104" source="G8" target="F8"/>
  <move id="105" source="I4" target="H4"/>
  <move id="106" source="H9" target="G9"/>
  <move id="107" source="H4" target="G4"/>
  <move id="108" source="F8" target="F7"/>
  <move id="109" source="G4" target="F4"/>
  <move id="110" source="H7" target="I7"/>
  <move id="111" source="D2" target="D3"/>
  <move id="112" source="D8" target="E8"/>
  <move id="113" source="D4" target="E4"/>
  <move id="114" source="E8" target="F8"/>
  <move id="115" source="D3" target="D4"/>
  <move id="116" source="F8" target="G8"/>
  <move id="117" source="D4" target="C4"/>
  <move id="118" source="F7" target="F8"/>
  <move id="119" source="B5" target="B4"/>
  <move id="120" source="F8" target="E8"/>
  <move id="121" source="B4" target="B3"/>
  <move id="122" source="B7" target="B6"/>
  <move id="123" source="B3" target="A3"/>
  <move id="124" source="C8" target="C7"/>
  <move id="125" source="C4" target="B4"/>
  <move id="126" source="E8" target="D8"/>
  <move id="127" source="B4" target="B5"/>
  <move id="128" source="D8" target="C8"/>
  <move id="129" source="B5" target="B6"/>
  <move id="130" source="C8" target="D8"/>
  <move id="131" source="E4" target="E5"/>
  <move id="132" source="C7" target="C8"/>
  <move id="133" source="E5" target="E6"/>
  <move id="134" source="D8" target="E8"/>
  <move id="135" source="F4" target="F5"/>
  <move id="136" source="E7" target="E6"/>
  <move id="137" source="B6" target="B5"/>
  <move id="138" source="C8" target="C7"/>
  <move id="139" source="B5" target="B4"/>
  <move id="140" source="C7" target="B7"/>
  <move id="141" source="B4" target="C4"/>
  <move id="142" source="E6" target="E7"/>
  <move id="143" source="F5" target="F6"/>
  <move id="144" source="G7" target="H7"/>
  <move id="145" source="C4" target="D4"/>
  <move id="146" source="I7" target="I6"/>
  <move id="147" source="D4" target="E4"/>
  <move id="148" source="I6" target="I5"/>
  <move id="149" source="E4" target="E5"/>
  <move id="150" source="I5" target="I4"/>
  <move id="151" source="E5" target="E6"/>
  <move id="152" source="I4" target="I3"/>
  <move id="153" source="F6" target="F5"/>
  <move id="154" source="I3" target="I2"/>
  <move id="155" source="F5" target="E5"/>
  <move id="156" source="I2" target="H2"/>
  <move id="157" source="G3" target="F3"/>
  <move id="158" source="E7" target="F7"/>
  <move id="159" source="E6" target="F6"/>
  <move id="160" source="F7" target="F8"/>
  <move id="161" source="F6" target="F7"/>
  <move id="162" source="D9" target="D8"/>
  <move id="163" source="F7" target="F8"/>
  <move id="164" source="E8" target="F8"/>
  <move id="165" source="F3" target="F9"/>
  <move id="166" source="E9" target="D9"/>
  <move id="167" source="F2" target="F3"/>
  <move id="168" source="F9" target="E9"/>
  <move id="169" source="F3" target="F4"/>
  <move id="170" source="F:" target="F9"/>
  <move id="171" source="F4" target="F5"/>
  <move id="172" source="D8" target="E8"/>
  <move id="173" source="A5" target="B5"/>
  <move id="174" source="G:" target="F:"/>
  <move id="175" source="B5" target="B6"/>
  <move id="176" source="E8" target="E7"/>
  <move id="177" source="B6" target="B7"/>
  <move id="178" source="F9" target="F8"/>
  <move id="179" source="E5" target="E6"/>
  <move id="180" source="F8" target="E8"/>
  <move id="181" source="F5" target="F6"/>
  <move id="182" source="F:" target="F9"/>
  <move id="183" source="F6" target="F7"/>
  <move id="184" source="H:" target="G:"/>
  <move id="185" source="E6" target="F6"/>
  <move id="186" source="E7" target="F7"/>
  <move id="187" source="E3" target="D3"/>
  <move id="188" source="E8" target="E7"/>
  <move id="189" source="F7" target="E7"/>
  <move id="190" source="F9" target="F8"/>
  <move id="191" source="B7" target="C7"/>
  <move id="192" source="G:" target="F:"/>
  <player id="1">Player 1</player>
  <player id="2">Player 2</player>
  <result type="3" winner="2"/>
 </game>
</stratego>