<?xml version="1.0" encoding="UTF-8"?>
<stratego>
 <game type="classic">
  
  <field content="DEBEEEJMCDIBFIBBEBKBGGHFGGFIHHDDDLJHDDFDAA__AA__AAAA__AA__AASRTSRPPTPSTWOPTPUXRPRUPNSQNUPVVQNQNNYNQQ"/>
  <move id="1" source="E4" target="E5"/>
  <move id="2" source="A7" target="A6"/>
  <move id="3" source="E5" target="E6"/>
  <move id="4" source="A6" target="A5"/>
  <move id="5" source="F4" target="F5"/>
  <move id="6" source="A5" target="A4"/>
  <move id="7" source="A3" target="A4"/>
  <move id="8" source="A8" target="A7"/>
  <move id="9" source="F5" target="F6"/>
  <move id="10" source="A7" target="A6"/>
  <move id="11" source="F6" target="F7"/>
  <move id="12" source="E7" target="E6"/>
  <move id="13" source="F7" target="F8"/>
  <move id="14" source="G8" target="F8"/>
  <move id="15" source="E6" target="E7"/>
  <move id="16" source="A6" target="A5"/>
  <move id="17" source="E7" target="E8"/>
  <move id="18" source="F8" target="F7"/>
  <move id="19" source="G4" target="F4"/>
  <move id="20" source="G7" target="G8"/>
  <move id="21" source="F4" target="E4"/>
  <move id="22" source="F7" target="G7"/>
  <move id="23" source="E4" target="F4"/>
  <move id="24" source="G8" target="F8"/>
  <move id="25" source="E8" target="F8"/>
  <move id="26" source="D7" target="E7"/>
  <move id="27" source="D4" target="E4"/>
  <move id="28" source="H8" target="G8"/>
  <move id="29" source="F8" target="G8"/>
  <move id="30" source="G8" target="F8"/>
  <move id="31" source="E4" target="E5"/>
  <move id="32" source="F8" target="F7"/>
  <move id="33" source="E5" target="E6"/>
  <move id="34" source="E7" target="E8"/>
  <move id="35" source="F4" target="F5"/>
  <move id="36" source="G7" target="G8"/>
  <move id="37" source="F5" target="F6"/>
  <move id="38" source="F7" target="F8"/>
  <move id="39" source="E6" target="E7"/>
  <move id="40" source="E8" target="E7"/>
  <move id="41" source="F6" target="F7"/>
  <move id="42" source="F8" target="F7"/>
  <move id="43" source="E7" target="E8"/>
  <move id="44" source="F7" target="F8"/>
  <move id="45" source="E8" target="D8"/>
  <move id="46" source="C8" target="D8"/>
  <move id="47" source="I4" target="I5"/>
  <move id="48" source="G8" target="G7"/>
  <move id="49" source="I5" target="I6"/>
  <move id="50" source="F8" target="G8"/>
  <move id="51" source="I6" target="I7"/>
  <move id="52" source="G8" target="H8"/>
  <move id="53" source="I7" target="H7"/>
  <move id="54" source="G7" target="G8"/>
  <move id="55" source="H4" target="G4"/>
  <move id="56" source="H7" target="I7"/>
  <move id="57" source="G4" target="F4"/>
  <move id="58" source="H8" target="H7"/>
  <move id="59" source="F4" target="F5"/>
  <move id="60" source="H7" target="G7"/>
  <move id="61" source="I3" target="I4"/>
  <move id="62" source="I7" target="I6"/>
  <move id="63" source="I4" target="I5"/>
  <move id="64" source="I6" target="I5"/>
  <move id="65" source="K4" target="K7"/>
  <move id="66" source="K7" target="K6"/>
  <move id="67" source="K3" target="K4"/>
  <move id="68" source="K6" target="I6"/>
  <move id="69" source="K4" target="I4"/>
  <move id="70" source="G8" target="F8"/>
  <move id="71" source="I4" target="I5"/>
  <move id="72" source="I6" target="I5"/>
  <move id="73" source="I5" target="I6"/>
  <move id="74" source="I8" target="H8"/>
  <move id="75" source="I6" target="I7"/>
  <move id="76" source="H8" target="G8"/>
  <move id="77" source="I7" target="K7"/>
  <move id="78" source="K8" target="I8"/>
  <move id="79" source="K7" target="I7"/>
  <move id="80" source="I8" target="K8"/>
  <move id="81" source="I7" target="I8"/>
  <move id="82" source="K8" target="K7"/>
  <move id="83" source="I8" target="I9"/>
  <move id="84" source="H9" target="I9"/>
  <move id="85" source="I2" target="I3"/>
  <move id="86" source="K7" target="I7"/>
  <move id="87" source="I3" target="I4"/>
  <move id="88" source="I7" target="I4"/>
  <move id="89" source="I4" target="I5"/>
  <move id="90" source="B8" target="C8"/>
  <move id="91" source="I5" target="I6"/>
  <move id="92" source="G7" target="H7"/>
  <move id="93" source="H3" target="I3"/>
  <move id="94" source="D8" target="D7"/>
  <move id="95" source="I3" target="I4"/>
  <move id="96" source="K9" target="K8"/>
  <move id="97" source="I4" target="K4"/>
  <move id="98" source="C8" target="D8"/>
  <move id="99" source="K4" target="K5"/>
  <move id="100" source="D8" target="E8"/>
  <move id="101" source="K5" target="K6"/>
  <move id="102" source="E8" target="E7"/>
  <move id="103" source="K6" target="K7"/>
  <move id="104" source="E7" target="E6"/>
  <move id="105" source="I6" target="I7"/>
  <move id="106" source="I9" target="H9"/>
  <move id="107" source="I7" target="I8"/>
  <move id="108" source="K8" target="K7"/>
  <move id="109" source="I8" target="I9"/>
  <move id="110" source="H9" target="H8"/>
  <move id="111" source="I9" target="H9"/>
  <move id="112" source="H8" target="I8"/>
  <move id="113" source="H9" target="G9"/>
  <player id="1">Player 1</player>
  <player id="2">Player 2</player>
  <result type="3" winner="2"/>
 </game>
</stratego>