<?xml version="1.0" encoding="UTF-8"?>
<stratego>
 <game type="classic">
  
  <field content="GEBMBEBECJFBEBFBEIKGGIDJHIHLDDDFDDFGDHHDAA__AA__AAAA__AA__AAPSTPURSUSRPUXRTWQPPTSPQNQOTQPVVQNYNRNPNN"/>
  <move id="1" source="K4" target="K7"/>
  <move id="2" source="B7" target="B6"/>
  <move id="3" source="I4" target="I5"/>
  <move id="4" source="B8" target="B7"/>
  <move id="5" source="I5" target="I6"/>
  <move id="6" source="E7" target="E6"/>
  <move id="7" source="I6" target="I7"/>
  <move id="8" source="H7" target="I7"/>
  <move id="9" source="H4" target="I4"/>
  <move id="10" source="I7" target="H7"/>
  <move id="11" source="I4" target="I5"/>
  <move id="12" source="I8" target="I7"/>
  <move id="13" source="I5" target="I6"/>
  <move id="14" source="H8" target="I8"/>
  <move id="15" source="I6" target="K6"/>
  <move id="16" source="E6" target="E5"/>
  <move id="17" source="K6" target="K7"/>
  <move id="18" source="I7" target="I6"/>
  <move id="19" source="K7" target="K6"/>
  <move id="20" source="H7" target="I7"/>
  <move id="21" source="K6" target="K5"/>
  <move id="22" source="I8" target="H8"/>
  <move id="23" source="K5" target="I5"/>
  <move id="24" source="I6" target="K6"/>
  <move id="25" source="K3" target="K4"/>
  <move id="26" source="H8" target="H7"/>
  <move id="27" source="K4" target="I4"/>
  <move id="28" source="K6" target="K2"/>
  <move id="29" source="I4" target="H4"/>
  <move id="30" source="I7" target="I6"/>
  <move id="31" source="I5" target="I4"/>
  <move id="32" source="I6" target="I5"/>
  <move id="33" source="I4" target="K4"/>
  <move id="34" source="I5" target="K5"/>
  <move id="35" source="K4" target="K3"/>
  <move id="36" source="K5" target="K4"/>
  <move id="37" source="H4" target="I4"/>
  <move id="38" source="K4" target="K3"/>
  <move id="39" source="I4" target="I5"/>
  <move id="40" source="K3" target="K2"/>
  <move id="41" source="K1" target="K2"/>
  <move id="42" source="K8" target="K7"/>
  <move id="43" source="I5" target="I6"/>
  <move id="44" source="K7" target="I7"/>
  <move id="45" source="I6" target="K6"/>
  <move id="46" source="I7" target="K7"/>
  <move id="47" source="K6" target="K5"/>
  <move id="48" source="K7" target="K6"/>
  <move id="49" source="I3" target="I7"/>
  <move id="50" source="K6" target="K5"/>
  <move id="51" source="I7" target="H7"/>
  <move id="52" source="K5" target="I5"/>
  <move id="53" source="K2" target="K3"/>
  <move id="54" source="I5" target="I6"/>
  <move id="55" source="K3" target="K4"/>
  <move id="56" source="I6" target="I7"/>
  <move id="57" source="K4" target="K5"/>
  <move id="58" source="I7" target="I8"/>
  <move id="59" source="K5" target="K6"/>
  <move id="60" source="I8" target="H8"/>
  <move id="61" source="G4" target="I4"/>
  <move id="62" source="H8" target="I8"/>
  <move id="63" source="K6" target="K7"/>
  <move id="64" source="F7" target="F6"/>
  <move id="65" source="K7" target="I7"/>
  <move id="66" source="I8" target="K8"/>
  <move id="67" source="I7" target="I8"/>
  <move id="68" source="K8" target="K7"/>
  <move id="69" source="I4" target="I7"/>
  <move id="70" source="F6" target="F5"/>
  <move id="71" source="I7" target="G7"/>
  <move id="72" source="G7" target="F7"/>
  <move id="73" source="I8" target="I7"/>
  <move id="74" source="K7" target="K8"/>
  <move id="75" source="F4" target="G4"/>
  <move id="76" source="F7" target="E7"/>
  <move id="77" source="G4" target="H4"/>
  <move id="78" source="E7" target="E6"/>
  <move id="79" source="H4" target="I4"/>
  <move id="80" source="D7" target="E7"/>
  <move id="81" source="I4" target="K4"/>
  <move id="82" source="E7" target="F7"/>
  <move id="83" source="K4" target="K5"/>
  <move id="84" source="F7" target="G7"/>
  <move id="85" source="K5" target="K6"/>
  <move id="86" source="B6" target="B5"/>
  <move id="87" source="K6" target="K7"/>
  <move id="88" source="B7" target="B6"/>
  <move id="89" source="K7" target="K6"/>
  <move id="90" source="B6" target="A6"/>
  <move id="91" source="I7" target="I8"/>
  <move id="92" source="K8" target="K7"/>
  <move id="93" source="K6" target="I6"/>
  <move id="94" source="G7" target="H7"/>
  <move id="95" source="I6" target="I7"/>
  <move id="96" source="H7" target="H8"/>
  <move id="97" source="I8" target="K8"/>
  <move id="98" source="K7" target="I7"/>
  <move id="99" source="K8" target="K7"/>
  <move id="100" source="I7" target="H7"/>
  <move id="101" source="F3" target="F4"/>
  <move id="102" source="H7" target="G7"/>
  <move id="103" source="F4" target="F5"/>
  <move id="104" source="H8" target="I8"/>
  <move id="105" source="F5" target="E5"/>
  <move id="106" source="G8" target="H8"/>
  <move id="107" source="K7" target="K6"/>
  <move id="108" source="H8" target="H7"/>
  <move id="109" source="K6" target="K5"/>
  <move id="110" source="H7" target="I7"/>
  <move id="111" source="K5" target="I5"/>
  <move id="112" source="I8" target="K8"/>
  <move id="113" source="I5" target="I4"/>
  <move id="114" source="K8" target="K7"/>
  <move id="115" source="E4" target="E5"/>
  <move id="116" source="E6" target="E7"/>
  <move id="117" source="E5" target="E6"/>
  <move id="118" source="E7" target="D7"/>
  <move id="119" source="E6" target="E7"/>
  <move id="120" source="E8" target="E7"/>
  <move id="121" source="E3" target="E4"/>
  <move id="122" source="E7" target="E8"/>
  <move id="123" source="E4" target="E5"/>
  <move id="124" source="D7" target="E7"/>
  <move id="125" source="E5" target="E6"/>
  <move id="126" source="E7" target="F7"/>
  <move id="127" source="E6" target="E7"/>
  <move id="128" source="G7" target="G8"/>
  <move id="129" source="I4" target="H4"/>
  <move id="130" source="K7" target="K6"/>
  <move id="131" source="H4" target="G4"/>
  <move id="132" source="K6" target="K5"/>
  <move id="133" source="G4" target="H4"/>
  <move id="134" source="K5" target="K4"/>
  <move id="135" source="H4" target="I4"/>
  <move id="136" source="K4" target="K3"/>
  <move id="137" source="I4" target="I3"/>
  <move id="138" source="K3" target="K4"/>
  <move id="139" source="D4" target="K4"/>
  <move id="140" source="G8" target="H8"/>
  <move id="141" source="I3" target="I4"/>
  <move id="142" source="I7" target="I6"/>
  <move id="143" source="I4" target="I3"/>
  <move id="144" source="I6" target="K6"/>
  <move id="145" source="C4" target="K4"/>
  <move id="146" source="A7" target="B7"/>
  <move id="147" source="K4" target="K6"/>
  <move id="148" source="A6" target="A5"/>
  <move id="149" source="I3" target="I4"/>
  <move id="150" source="F7" target="F6"/>
  <move id="151" source="I4" target="H4"/>
  <move id="152" source="I9" target="I7"/>
  <move id="153" source="H4" target="G4"/>
  <move id="154" source="I7" target="E7"/>
  <move id="155" source="G4" target="F4"/>
  <move id="156" source="E8" target="E7"/>
  <move id="157" source="F4" target="F5"/>
  <move id="158" source="F6" target="F7"/>
  <move id="159" source="F5" target="F6"/>
  <move id="160" source="F7" target="G7"/>
  <move id="161" source="C3" target="C4"/>
  <move id="162" source="D8" target="D7"/>
  <move id="163" source="C4" target="D4"/>
  <move id="164" source="D7" target="E7"/>
  <move id="165" source="D4" target="E4"/>
  <move id="166" source="C7" target="D7"/>
  <move id="167" source="F6" target="E6"/>
  <move id="168" source="E7" target="F7"/>
  <move id="169" source="E4" target="F4"/>
  <move id="170" source="G7" target="H7"/>
  <move id="171" source="E6" target="F6"/>
  <move id="172" source="F7" target="E7"/>
  <move id="173" source="F4" target="F5"/>
  <move id="174" source="H8" target="G8"/>
  <move id="175" source="F5" target="E5"/>
  <move id="176" source="G8" target="G7"/>
  <move id="177" source="B4" target="C4"/>
  <move id="178" source="K6" target="K5"/>
  <move id="179" source="C4" target="D4"/>
  <move id="180" source="K5" target="K4"/>
  <move id="181" source="H3" target="I3"/>
  <move id="182" source="H7" target="H8"/>
  <move id="183" source="F6" target="F5"/>
  <move id="184" source="G7" target="H7"/>
  <move id="185" source="E5" target="E6"/>
  <move id="186" source="E7" target="E8"/>
  <move id="187" source="E6" target="F6"/>
  <move id="188" source="H7" target="G7"/>
  <move id="189" source="F6" target="F8"/>
  <move id="190" source="E8" target="E7"/>
  <move id="191" source="D4" target="E4"/>
  <move id="192" source="E7" target="E6"/>
  <move id="193" source="E4" target="E5"/>
  <move id="194" source="F8" target="F7"/>
  <move id="195" source="E5" target="E6"/>
  <move id="196" source="G7" target="G8"/>
  <move id="197" source="A4" target="B4"/>
  <move id="198" source="B5" target="B6"/>
  <move id="199" source="B4" target="C4"/>
  <move id="200" source="B6" target="B5"/>
  <move id="201" source="C4" target="D4"/>
  <move id="202" source="B7" target="B6"/>
  <move id="203" source="I3" target="H3"/>
  <move id="204" source="A5" target="A6"/>
  <move id="205" source="H3" target="H4"/>
  <move id="206" source="A6" target="A7"/>
  <move id="207" source="H4" target="G4"/>
  <move id="208" source="K4" target="I4"/>
  <move id="209" source="G3" target="H3"/>
  <move id="210" source="A7" target="B7"/>
  <move id="211" source="G4" target="F4"/>
  <move id="212" source="A8" target="A3"/>
  <move id="213" source="D4" target="E4"/>
  <move id="214" source="B5" target="B4"/>
  <move id="215" source="E4" target="E3"/>
  <move id="216" source="B6" target="B5"/>
  <move id="217" source="F5" target="E5"/>
  <move id="218" source="B4" target="A4"/>
  <move id="219" source="E5" target="E4"/>
  <move id="220" source="B5" target="B4"/>
  <move id="221" source="E4" target="D4"/>
  <move id="222" source="B4" target="B6"/>
  <move id="223" source="D4" target="C4"/>
  <move id="224" source="B6" target="A6"/>
  <move id="225" source="C4" target="B4"/>
  <move id="226" source="A4" target="A3"/>
  <move id="227" source="F4" target="E4"/>
  <move id="228" source="A6" target="A8"/>
  <move id="229" source="E4" target="D4"/>
  <move id="230" source="D7" target="D8"/>
  <move id="231" source="B4" target="B5"/>
  <move id="232" source="B7" target="C7"/>
  <move id="233" source="B5" target="B6"/>
  <move id="234" source="C7" target="D7"/>
  <move id="235" source="B6" target="B7"/>
  <move id="236" source="D7" target="E7"/>
  <move id="237" source="E3" target="E7"/>
  <move id="238" source="E7" target="E8"/>
  <move id="239" source="D4" target="E4"/>
  <move id="240" source="D8" target="D7"/>
  <move id="241" source="E4" target="E5"/>
  <move id="242" source="B9" target="B8"/>
  <move id="243" source="B7" target="B6"/>
  <move id="244" source="C8" target="C7"/>
  <move id="245" source="E5" target="E6"/>
  <move id="246" source="F7" target="F8"/>
  <move id="247" source="E6" target="E7"/>
  <move id="248" source="E8" target="D8"/>
  <move id="249" source="E7" target="D7"/>
  <move id="250" source="C7" target="B7"/>
  <move id="251" source="B6" target="B5"/>
  <move id="252" source="B7" target="B6"/>
  <move id="253" source="B5" target="B4"/>
  <move id="254" source="D8" target="E8"/>
  <move id="255" source="D7" target="E7"/>
  <move id="256" source="E8" target="D8"/>
  <move id="257" source="B4" target="C4"/>
  <move id="258" source="H8" target="I8"/>
  <move id="259" source="C4" target="D4"/>
  <move id="260" source="G8" target="H8"/>
  <move id="261" source="E7" target="F7"/>
  <move id="262" source="F8" target="E8"/>
  <move id="263" source="D4" target="E4"/>
  <move id="264" source="A8" target="A4"/>
  <move id="265" source="E4" target="E5"/>
  <move id="266" source="A4" target="D4"/>
  <move id="267" source="D3" target="E3"/>
  <move id="268" source="B8" target="B7"/>
  <move id="269" source="E5" target="E6"/>
  <move id="270" source="D8" target="C8"/>
  <move id="271" source="F7" target="E7"/>
  <move id="272" source="E8" target="F8"/>
  <move id="273" source="E6" target="F6"/>
  <move id="274" source="B7" target="C7"/>
  <move id="275" source="F6" target="F7"/>
  <move id="276" source="F8" target="G8"/>
  <move id="277" source="H3" target="I3"/>
  <move id="278" source="I4" target="H4"/>
  <move id="279" source="I2" target="K2"/>
  <move id="280" source="H4" target="G4"/>
  <move id="281" source="I3" target="H3"/>
  <move id="282" source="G4" target="F4"/>
  <move id="283" source="H3" target="G3"/>
  <move id="284" source="D4" target="E4"/>
  <move id="285" source="E3" target="F3"/>
  <move id="286" source="F4" target="F3"/>
  <move id="287" source="K2" target="K3"/>
  <move id="288" source="C8" target="B8"/>
  <move id="289" source="K3" target="K4"/>
  <move id="290" source="B8" target="A8"/>
  <move id="291" source="K4" target="K5"/>
  <move id="292" source="I8" target="I9"/>
  <move id="293" source="K5" target="K6"/>
  <move id="294" source="C7" target="C8"/>
  <move id="295" source="K6" target="K7"/>
  <move id="296" source="E4" target="F4"/>
  <move id="297" source="F3" target="F4"/>
  <move id="298" source="C8" target="D8"/>
  <move id="299" source="K7" target="K8"/>
  <move id="300" source="H8" target="H7"/>
  <move id="301" source="K8" target="I8"/>
  <move id="302" source="E9" target="E8"/>
  <move id="303" source="E7" target="E8"/>
  <move id="304" source="D8" target="D7"/>
  <move id="305" source="I8" target="I9"/>
  <move id="306" source="H7" target="I7"/>
  <move id="307" source="I9" target="I8"/>
  <move id="308" source="I7" target="K7"/>
  <move id="309" source="F4" target="G4"/>
  <move id="310" source="B6" target="B5"/>
  <move id="311" source="G4" target="H4"/>
  <move id="312" source="B5" target="B4"/>
  <move id="313" source="H4" target="I4"/>
  <move id="314" source="B4" target="C4"/>
  <move id="315" source="I4" target="K4"/>
  <move id="316" source="C4" target="D4"/>
  <move id="317" source="E2" target="E3"/>
  <move id="318" source="A8" target="A7"/>
  <move id="319" source="K4" target="K5"/>
  <move id="320" source="A7" target="A6"/>
  <move id="321" source="K5" target="K6"/>
  <move id="322" source="A6" target="A5"/>
  <move id="323" source="K6" target="K7"/>
  <move id="324" source="A5" target="A4"/>
  <move id="325" source="I8" target="H8"/>
  <move id="326" source="G8" target="G7"/>
  <move id="327" source="F7" target="F8"/>
  <move id="328" source="A4" target="B4"/>
  <move id="329" source="H8" target="H7"/>
  <move id="330" source="G7" target="G8"/>
  <move id="331" source="E3" target="E4"/>
  <move id="332" source="G8" target="F8"/>
  <move id="333" source="E8" target="F8"/>
  <move id="334" source="F9" target="F8"/>
  <move id="335" source="E4" target="D4"/>
  <move id="336" source="D4" target="E4"/>
  <move id="337" source="H7" target="G7"/>
  <move id="338" source="E4" target="E5"/>
  <move id="339" source="G7" target="F7"/>
  <move id="340" source="F8" target="G8"/>
  <move id="341" source="F7" target="E7"/>
  <move id="342" source="D7" target="A7"/>
  <move id="343" source="E7" target="D7"/>
  <move id="344" source="B4" target="C4"/>
  <move id="345" source="D7" target="D8"/>
  <move id="346" source="C4" target="C3"/>
  <move id="347" source="D8" target="C8"/>
  <move id="348" source="A7" target="A4"/>
  <move id="349" source="C8" target="B8"/>
  <move id="350" source="C3" target="D3"/>
  <move id="351" source="B8" target="C8"/>
  <move id="352" source="E5" target="E6"/>
  <move id="353" source="C8" target="C9"/>
  <move id="354" source="A9" target="A8"/>
  <move id="355" source="C9" target="C8"/>
  <move id="356" source="A8" target="A7"/>
  <move id="357" source="C8" target="B8"/>
  <move id="358" source="A7" target="A6"/>
  <move id="359" source="B8" target="B7"/>
  <move id="360" source="A:" target="A9"/>
  <move id="361" source="B7" target="A7"/>
  <move id="362" source="A6" target="B6"/>
  <move id="363" source="A7" target="A6"/>
  <move id="364" source="B6" target="B7"/>
  <move id="365" source="A6" target="A5"/>
  <move id="366" source="A4" target="H4"/>
  <move id="367" source="K7" target="K6"/>
  <move id="368" source="H4" target="H2"/>
  <move id="369" source="K6" target="K5"/>
  <move id="370" source="E6" target="F6"/>
  <move id="371" source="K5" target="K4"/>
  <move id="372" source="A9" target="B9"/>
  <move id="373" source="A5" target="A6"/>
  <move id="374" source="B9" target="C9"/>
  <move id="375" source="A6" target="B6"/>
  <move id="376" source="B7" target="A7"/>
  <move id="377" source="K4" target="I4"/>
  <move id="378" source="C9" target="C8"/>
  <move id="379" source="I4" target="H4"/>
  <move id="380" source="F6" target="F5"/>
  <move id="381" source="B6" target="B7"/>
  <move id="382" source="A7" target="A6"/>
  <move id="383" source="B7" target="C7"/>
  <move id="384" source="C8" target="B8"/>
  <move id="385" source="H4" target="I4"/>
  <move id="386" source="F5" target="F6"/>
  <move id="387" source="C7" target="B7"/>
  <move id="388" source="B8" target="C8"/>
  <move id="389" source="B7" target="B6"/>
  <move id="390" source="A6" target="A7"/>
  <move id="391" source="A2" target="A3"/>
  <move id="392" source="F6" target="E6"/>
  <move id="393" source="A3" target="A4"/>
  <move id="394" source="E6" target="E7"/>
  <move id="395" source="A4" target="A5"/>
  <move id="396" source="C8" target="D8"/>
  <move id="397" source="A5" target="A6"/>
  <move id="398" source="D8" target="E8"/>
  <move id="399" source="A6" target="A7"/>
  <move id="400" source="E7" target="D7"/>
  <move id="401" source="B6" target="B5"/>
  <move id="402" source="D3" target="E3"/>
  <move id="403" source="B5" target="B4"/>
  <move id="404" source="E3" target="E4"/>
  <move id="405" source="I4" target="H4"/>
  <move id="406" source="E4" target="E5"/>
  <move id="407" source="H4" target="G4"/>
  <move id="408" source="E5" target="E6"/>
  <move id="409" source="G4" target="F4"/>
  <move id="410" source="E6" target="E7"/>
  <move id="411" source="F4" target="F5"/>
  <move id="412" source="E8" target="F8"/>
  <move id="413" source="F5" target="F6"/>
  <move id="414" source="E7" target="E8"/>
  <move id="415" source="F6" target="F7"/>
  <move id="416" source="F8" target="F7"/>
  <move id="417" source="B4" target="C4"/>
  <move id="418" source="G8" target="G7"/>
  <move id="419" source="C4" target="D4"/>
  <move id="420" source="D7" target="E7"/>
  <move id="421" source="D4" target="E4"/>
  <move id="422" source="E7" target="E6"/>
  <move id="423" source="E4" target="F4"/>
  <move id="424" source="E6" target="E5"/>
  <move id="425" source="F4" target="G4"/>
  <move id="426" source="E5" target="F5"/>
  <move id="427" source="G4" target="H4"/>
  <move id="428" source="K9" target="K8"/>
  <move id="429" source="H4" target="I4"/>
  <move id="430" source="K8" target="I8"/>
  <move id="431" source="I4" target="I5"/>
  <move id="432" source="F5" target="F6"/>
  <move id="433" source="I5" target="I6"/>
  <move id="434" source="F6" target="F7"/>
  <move id="435" source="I6" target="I7"/>
  <move id="436" source="I8" target="H8"/>
  <move id="437" source="I7" target="H7"/>
  <move id="438" source="H8" target="I8"/>
  <move id="439" source="A1" target="A2"/>
  <move id="440" source="E8" target="D8"/>
  <move id="441" source="A2" target="A3"/>
  <move id="442" source="D8" target="C8"/>
  <move id="443" source="A3" target="A4"/>
  <move id="444" source="C8" target="B8"/>
  <move id="445" source="A4" target="A5"/>
  <move id="446" source="B8" target="B7"/>
  <move id="447" source="A5" target="A6"/>
  <move id="448" source="A7" target="A8"/>
  <move id="449" source="H7" target="I7"/>
  <move id="450" source="I8" target="H8"/>
  <move id="451" source="H2" target="H3"/>
  <move id="452" source="H8" target="G8"/>
  <move id="453" source="H3" target="H4"/>
  <move id="454" source="G8" target="F8"/>
  <move id="455" source="H4" target="I4"/>
  <move id="456" source="F8" target="E8"/>
  <move id="457" source="I4" target="K4"/>
  <move id="458" source="F7" target="F8"/>
  <move id="459" source="I7" target="I6"/>
  <move id="460" source="G7" target="F7"/>
  <move id="461" source="I6" target="I5"/>
  <move id="462" source="F7" target="E7"/>
  <move id="463" source="I5" target="I4"/>
  <move id="464" source="F8" target="F7"/>
  <move id="465" source="I4" target="H4"/>
  <move id="466" source="F7" target="F6"/>
  <move id="467" source="H4" target="G4"/>
  <move id="468" source="F6" target="F5"/>
  <move id="469" source="K4" target="K5"/>
  <move id="470" source="E7" target="E6"/>
  <move id="471" source="K5" target="K6"/>
  <move id="472" source="E6" target="E5"/>
  <move id="473" source="K6" target="K7"/>
  <move id="474" source="E5" target="E4"/>
  <move id="475" source="K7" target="I7"/>
  <move id="476" source="E4" target="E3"/>
  <move id="477" source="I7" target="H7"/>
  <move id="478" source="E8" target="E7"/>
  <move id="479" source="H7" target="G7"/>
  <move id="480" source="E7" target="F7"/>
  <move id="481" source="G7" target="F7"/>
  <move id="482" source="A8" target="B8"/>
  <move id="483" source="B3" target="B4"/>
  <move id="484" source="F7" target="E7"/>
  <move id="485" source="B4" target="B5"/>
  <move id="486" source="E7" target="D7"/>
  <move id="487" source="B5" target="B6"/>
  <move id="488" source="D7" target="C7"/>
  <move id="489" source="B6" target="B7"/>
  <move id="490" source="C7" target="B7"/>
  <move id="491" source="H1" target="H2"/>
  <move id="492" source="E3" target="E4"/>
  <move id="493" source="H2" target="H3"/>
  <move id="494" source="E4" target="D4"/>
  <move id="495" source="H3" target="I3"/>
  <move id="496" source="D4" target="C4"/>
  <move id="497" source="I3" target="I4"/>
  <move id="498" source="C4" target="B4"/>
  <move id="499" source="I4" target="I5"/>
  <move id="500" source="B4" target="B5"/>
  <move id="501" source="I5" target="I6"/>
  <move id="502" source="B5" target="A5"/>
  <move id="503" source="I6" target="I7"/>
  <move id="504" source="A5" target="A6"/>
  <move id="505" source="I7" target="I8"/>
  <move id="506" source="B8" target="C8"/>
  <move id="507" source="I8" target="I9"/>
  <move id="508" source="H9" target="H8"/>
  <move id="509" source="I9" target="H9"/>
  <move id="510" source="G9" target="H9"/>
  <move id="511" source="G3" target="H3"/>
  <move id="512" source="H9" target="I9"/>
  <move id="513" source="H3" target="I3"/>
  <move id="514" source="I9" target="I8"/>
  <move id="515" source="I3" target="I4"/>
  <move id="516" source="I8" target="I7"/>
  <move id="517" source="I4" target="I5"/>
  <move id="518" source="I7" target="I6"/>
  <move id="519" source="I5" target="I6"/>
  <move id="520" source="C8" target="D8"/>
  <move id="521" source="G4" target="H4"/>
  <move id="522" source="H8" target="G8"/>
  <move id="523" source="H4" target="I4"/>
  <move id="524" source="G8" target="F8"/>
  <move id="525" source="I4" target="I5"/>
  <move id="526" source="F8" target="E8"/>
  <move id="527" source="I5" target="I6"/>
  <move id="528" source="E8" target="E7"/>
  <move id="529" source="I6" target="I7"/>
  <move id="530" source="F5" target="F6"/>
  <move id="531" source="I7" target="H7"/>
  <move id="532" source="F6" target="F7"/>
  <move id="533" source="H7" target="I7"/>
  <move id="534" source="E7" target="E6"/>
  <move id="535" source="I7" target="I6"/>
  <move id="536" source="H:" target="H9"/>
  <move id="537" source="I6" target="I7"/>
  <move id="538" source="H9" target="E9"/>
  <move id="539" source="I7" target="I6"/>
  <move id="540" source="E6" target="F6"/>
  <move id="541" source="I6" target="I5"/>
  <move id="542" source="E9" target="E3"/>
  <move id="543" source="I5" target="I4"/>
  <move id="544" source="E3" target="G3"/>
  <move id="545" source="I4" target="H4"/>
  <move id="546" source="G3" target="G2"/>
  <move id="547" source="H4" target="G4"/>
  <move id="548" source="D8" target="E8"/>
  <move id="549" source="G4" target="F4"/>
  <move id="550" source="F7" target="E7"/>
  <move id="551" source="F4" target="E4"/>
  <move id="552" source="E7" target="E6"/>
  <move id="553" source="E4" target="D4"/>
  <move id="554" source="B:" target="B9"/>
  <move id="555" source="D4" target="C4"/>
  <move id="556" source="B9" target="C9"/>
  <move id="557" source="C4" target="B4"/>
  <move id="558" source="E8" target="F8"/>
  <move id="559" source="B4" target="B5"/>
  <move id="560" source="C9" target="C8"/>
  <move id="561" source="B5" target="B6"/>
  <move id="562" source="B7" target="A7"/>
  <move id="563" source="A6" target="A5"/>
  <move id="564" source="C8" target="D8"/>
  <move id="565" source="A5" target="B5"/>
  <move id="566" source="E6" target="E5"/>
  <move id="567" source="C2" target="C3"/>
  <move id="568" source="E5" target="E4"/>
  <move id="569" source="B6" target="A6"/>
  <move id="570" source="A7" target="B7"/>
  <move id="571" source="B5" target="A5"/>
  <move id="572" source="F6" target="F5"/>
  <move id="573" source="A5" target="A4"/>
  <move id="574" source="F:" target="F9"/>
  <move id="575" source="A6" target="A7"/>
  <move id="576" source="B7" target="B6"/>
  <move id="577" source="A7" target="B7"/>
  <move id="578" source="B6" target="A6"/>
  <move id="579" source="B7" target="C7"/>
  <move id="580" source="F8" target="G8"/>
  <move id="581" source="C7" target="D7"/>
  <move id="582" source="D8" target="C8"/>
  <move id="583" source="D7" target="C7"/>
  <move id="584" source="C8" target="D8"/>
  <move id="585" source="A4" target="B4"/>
  <move id="586" source="G8" target="H8"/>
  <move id="587" source="C7" target="D7"/>
  <move id="588" source="D8" target="C8"/>
  <move id="589" source="D7" target="E7"/>
  <move id="590" source="H8" target="I8"/>
  <move id="591" source="E7" target="F7"/>
  <move id="592" source="F9" target="E9"/>
  <move id="593" source="F7" target="F6"/>
  <move id="594" source="E4" target="E5"/>
  <move id="595" source="G2" target="H2"/>
  <move id="596" source="F5" target="F4"/>
  <move id="597" source="H2" target="G2"/>
  <move id="598" source="F4" target="F3"/>
  <move id="599" source="F6" target="F7"/>
  <move id="600" source="I8" target="I7"/>
  <move id="601" source="F7" target="G7"/>
  <move id="602" source="I7" target="K7"/>
  <move id="603" source="G7" target="H7"/>
  <move id="604" source="K7" target="K6"/>
  <move id="605" source="H7" target="I7"/>
  <move id="606" source="F3" target="E3"/>
  <move id="607" source="C3" target="B3"/>
  <move id="608" source="E3" target="E2"/>
  <move id="609" source="I7" target="I6"/>
  <move id="610" source="K6" target="K7"/>
  <move id="611" source="B3" target="C3"/>
  <move id="612" source="E2" target="E1"/>
  <move id="613" source="F1" target="E1"/>
  <move id="614" source="A6" target="B6"/>
  <move id="615" source="B4" target="A4"/>
  <move id="616" source="B6" target="B5"/>
  <move id="617" source="C3" target="D3"/>
  <move id="618" source="E9" target="E8"/>
  <move id="619" source="I6" target="I5"/>
  <move id="620" source="E8" target="E7"/>
  <move id="621" source="I5" target="I4"/>
  <move id="622" source="E5" target="F5"/>
  <move id="623" source="D3" target="E3"/>
  <move id="624" source="F5" target="F4"/>
  <move id="625" source="I1" target="I2"/>
  <move id="626" source="E7" target="E6"/>
  <move id="627" source="I2" target="I3"/>
  <move id="628" source="K7" target="K6"/>
  <move id="629" source="I3" target="K3"/>
  <move id="630" source="E6" target="E5"/>
  <move id="631" source="K3" target="K4"/>
  <move id="632" source="E5" target="E4"/>
  <move id="633" source="E3" target="F3"/>
  <move id="634" source="F4" target="G4"/>
  <move id="635" source="I4" target="I5"/>
  <move id="636" source="E4" target="E3"/>
  <move id="637" source="F3" target="G3"/>
  <move id="638" source="G4" target="G3"/>
  <move id="639" source="K4" target="I4"/>
  <move id="640" source="G3" target="G4"/>
  <move id="641" source="I4" target="I3"/>
  <move id="642" source="E3" target="F3"/>
  <move id="643" source="I5" target="I4"/>
  <move id="644" source="F3" target="G3"/>
  <move id="645" source="G2" target="H2"/>
  <move id="646" source="G3" target="H3"/>
  <move id="647" source="H2" target="I2"/>
  <move id="648" source="G4" target="H4"/>
  <move id="649" source="I4" target="I5"/>
  <move id="650" source="H3" target="I3"/>
  <move id="651" source="I5" target="K5"/>
  <move id="652" source="K6" target="I6"/>
  <move id="653" source="K5" target="I5"/>
  <move id="654" source="I6" target="K6"/>
  <move id="655" source="I2" target="H2"/>
  <move id="656" source="H4" target="G4"/>
  <move id="657" source="I5" target="I6"/>
  <move id="658" source="K6" target="K5"/>
  <move id="659" source="I6" target="I5"/>
  <move id="660" source="K5" target="K6"/>
  <move id="661" source="I5" target="I4"/>
  <move id="662" source="I3" target="I2"/>
  <move id="663" source="H2" target="H3"/>
  <move id="664" source="I2" target="H2"/>
  <move id="665" source="H3" target="I3"/>
  <move id="666" source="H2" target="H3"/>
  <move id="667" source="I3" target="K3"/>
  <move id="668" source="G4" target="F4"/>
  <move id="669" source="I4" target="H4"/>
  <move id="670" source="H3" target="G3"/>
  <move id="671" source="H4" target="G4"/>
  <move id="672" source="F4" target="G4"/>
  <player id="1">Player 1</player>
  <player id="2">Player 2</player>
  <result type="3" winner="2"/>
 </game>
</stratego>