<?xml version="1.0" encoding="UTF-8"?>
<stratego>
 <game type="classic">
  
  <field content="BDDFHBHFFDEEHHDMIEIEDIDCJBJGFDGLBKGBEBDGAA__AA__AAAA__AA__AAWNRUTQVRXTQSUNPSTVQRUTPPNPYOQSPRNPNSQPNP"/>
  <move id="1" source="B4" target="B5"/>
  <move id="2" source="F7" target="F6"/>
  <move id="3" source="A4" target="A5"/>
  <move id="4" source="E7" target="E6"/>
  <move id="5" source="A3" target="A4"/>
  <move id="6" source="F6" target="F5"/>
  <move id="7" source="B3" target="B4"/>
  <move id="8" source="E6" target="E5"/>
  <move id="9" source="B5" target="B6"/>
  <move id="10" source="F5" target="F4"/>
  <move id="11" source="G4" target="F4"/>
  <move id="12" source="E5" target="F5"/>
  <move id="13" source="A5" target="A6"/>
  <move id="14" source="E8" target="E4"/>
  <move id="15" source="B4" target="B5"/>
  <move id="16" source="F5" target="F4"/>
  <move id="17" source="A4" target="A5"/>
  <move id="18" source="F8" target="F7"/>
  <move id="19" source="A6" target="A7"/>
  <move id="20" source="F7" target="F6"/>
  <move id="21" source="B6" target="A6"/>
  <move id="22" source="F6" target="E6"/>
  <move id="23" source="B5" target="B4"/>
  <move id="24" source="E6" target="E5"/>
  <move id="25" source="A5" target="B5"/>
  <move id="26" source="E5" target="E4"/>
  <move id="27" source="B5" target="B7"/>
  <move id="28" source="F9" target="F8"/>
  <move id="29" source="B4" target="A4"/>
  <move id="30" source="F8" target="F7"/>
  <move id="31" source="A4" target="A5"/>
  <move id="32" source="F7" target="F6"/>
  <move id="33" source="B2" target="B3"/>
  <move id="34" source="F6" target="E6"/>
  <move id="35" source="B3" target="B4"/>
  <move id="36" source="E6" target="E5"/>
  <move id="37" source="B4" target="B5"/>
  <move id="38" source="E5" target="E4"/>
  <move id="39" source="B5" target="B6"/>
  <move id="40" source="E4" target="D4"/>
  <move id="41" source="B6" target="B7"/>
  <move id="42" source="C7" target="B7"/>
  <move id="43" source="C2" target="B2"/>
  <move id="44" source="B7" target="B6"/>
  <move id="45" source="B2" target="B3"/>
  <move id="46" source="B6" target="A6"/>
  <move id="47" source="B3" target="B4"/>
  <move id="48" source="I7" target="I6"/>
  <move id="49" source="B4" target="A4"/>
  <move id="50" source="I6" target="K6"/>
  <move id="51" source="C3" target="B3"/>
  <move id="52" source="H7" target="I7"/>
  <move id="53" source="B3" target="B8"/>
  <move id="54" source="I7" target="I6"/>
  <move id="55" source="B1" target="B2"/>
  <move id="56" source="I6" target="I5"/>
  <move id="57" source="B2" target="B3"/>
  <move id="58" source="I5" target="K5"/>
  <move id="59" source="A4" target="B4"/>
  <move id="60" source="K5" target="K4"/>
  <move id="61" source="A2" target="B2"/>
  <move id="62" source="K6" target="I6"/>
  <move id="63" source="A5" target="A4"/>
  <move id="64" source="K7" target="K6"/>
  <move id="65" source="A4" target="A3"/>
  <move id="66" source="K6" target="K5"/>
  <move id="67" source="A3" target="A2"/>
  <move id="68" source="K5" target="K4"/>
  <move id="69" source="B4" target="A4"/>
  <move id="70" source="K4" target="K3"/>
  <move id="71" source="A4" target="B4"/>
  <move id="72" source="K3" target="K4"/>
  <move id="73" source="B3" target="A3"/>
  <move id="74" source="K4" target="K5"/>
  <move id="75" source="A3" target="A4"/>
  <move id="76" source="K5" target="I5"/>
  <move id="77" source="B4" target="B5"/>
  <move id="78" source="I5" target="I4"/>
  <move id="79" source="A4" target="A5"/>
  <move id="80" source="I4" target="I5"/>
  <move id="81" source="A6" target="B6"/>
  <move id="82" source="K8" target="K7"/>
  <move id="83" source="B6" target="B7"/>
  <move id="84" source="A7" target="A6"/>
  <move id="85" source="A5" target="A4"/>
  <move id="86" source="A6" target="A5"/>
  <move id="87" source="B5" target="B6"/>
  <move id="88" source="A5" target="A4"/>
  <move id="89" source="B6" target="A6"/>
  <move id="90" source="A4" target="B4"/>
  <move id="91" source="A6" target="A7"/>
  <move id="92" source="B4" target="C4"/>
  <move id="93" source="A7" target="A8"/>
  <move id="94" source="A9" target="A8"/>
  <move id="95" source="B7" target="A7"/>
  <move id="96" source="A8" target="A9"/>
  <move id="97" source="A7" target="A8"/>
  <move id="98" source="F4" target="E4"/>
  <move id="99" source="A2" target="A3"/>
  <move id="100" source="E4" target="E3"/>
  <move id="101" source="A3" target="A4"/>
  <move id="102" source="G7" target="F7"/>
  <move id="103" source="A4" target="B4"/>
  <move id="104" source="F7" target="E7"/>
  <move id="105" source="B4" target="B5"/>
  <move id="106" source="E7" target="E6"/>
  <move id="107" source="B5" target="B6"/>
  <move id="108" source="E6" target="E5"/>
  <move id="109" source="B6" target="B7"/>
  <move id="110" source="E5" target="E4"/>
  <move id="111" source="B7" target="B8"/>
  <move id="112" source="C8" target="B8"/>
  <move id="113" source="B2" target="B3"/>
  <move id="114" source="D7" target="C7"/>
  <move id="115" source="B3" target="B4"/>
  <move id="116" source="C7" target="B7"/>
  <move id="117" source="B4" target="B5"/>
  <move id="118" source="E4" target="E3"/>
  <move id="119" source="B5" target="B6"/>
  <move id="120" source="I6" target="I7"/>
  <move id="121" source="B6" target="B7"/>
  <move id="122" source="I7" target="H7"/>
  <move id="123" source="D2" target="C2"/>
  <move id="124" source="H7" target="G7"/>
  <move id="125" source="C2" target="B2"/>
  <move id="126" source="G7" target="F7"/>
  <move id="127" source="B2" target="B3"/>
  <move id="128" source="F7" target="E7"/>
  <move id="129" source="B3" target="B4"/>
  <move id="130" source="E7" target="E6"/>
  <move id="131" source="B4" target="B5"/>
  <move id="132" source="E6" target="E5"/>
  <move id="133" source="E2" target="E5"/>
  <move id="134" source="E5" target="E4"/>
  <move id="135" source="B5" target="B6"/>
  <move id="136" source="I8" target="I7"/>
  <move id="137" source="B6" target="A6"/>
  <move id="138" source="I7" target="H7"/>
  <move id="139" source="A6" target="A7"/>
  <move id="140" source="H7" target="G7"/>
  <move id="141" source="I3" target="I4"/>
  <move id="142" source="I5" target="I6"/>
  <move id="143" source="I4" target="I5"/>
  <move id="144" source="I6" target="I7"/>
  <move id="145" source="I5" target="I6"/>
  <move id="146" source="I7" target="I8"/>
  <move id="147" source="I6" target="I7"/>
  <move id="148" source="G7" target="F7"/>
  <move id="149" source="I7" target="I8"/>
  <move id="150" source="F7" target="E7"/>
  <move id="151" source="H3" target="I3"/>
  <move id="152" source="E7" target="E6"/>
  <move id="153" source="I3" target="I4"/>
  <move id="154" source="E6" target="E5"/>
  <move id="155" source="I4" target="I5"/>
  <move id="156" source="E4" target="F4"/>
  <move id="157" source="I5" target="I6"/>
  <move id="158" source="E5" target="E4"/>
  <move id="159" source="E1" target="E2"/>
  <move id="160" source="E4" target="E3"/>
  <move id="161" source="E2" target="E3"/>
  <move id="162" source="G8" target="G7"/>
  <move id="163" source="I6" target="I7"/>
  <move id="164" source="G7" target="F7"/>
  <move id="165" source="I7" target="H7"/>
  <move id="166" source="F7" target="E7"/>
  <move id="167" source="H7" target="G7"/>
  <move id="168" source="E7" target="E6"/>
  <move id="169" source="G7" target="F7"/>
  <move id="170" source="E6" target="E5"/>
  <move id="171" source="D3" target="D2"/>
  <move id="172" source="E5" target="E4"/>
  <move id="173" source="D4" target="D3"/>
  <move id="174" source="E4" target="E3"/>
  <move id="175" source="D1" target="E1"/>
  <move id="176" source="F4" target="E4"/>
  <move id="177" source="E1" target="E2"/>
  <move id="178" source="E4" target="E3"/>
  <move id="179" source="I2" target="I3"/>
  <move id="180" source="H8" target="H7"/>
  <move id="181" source="I3" target="I4"/>
  <move id="182" source="H7" target="I7"/>
  <move id="183" source="I4" target="I5"/>
  <move id="184" source="I7" target="I6"/>
  <move id="185" source="I5" target="I6"/>
  <move id="186" source="I6" target="I5"/>
  <move id="187" source="G3" target="H3"/>
  <move id="188" source="I5" target="I4"/>
  <move id="189" source="H3" target="I3"/>
  <move id="190" source="I4" target="I3"/>
  <move id="191" source="D3" target="C3"/>
  <move id="192" source="B7" target="C7"/>
  <move id="193" source="F7" target="F8"/>
  <move id="194" source="C7" target="D7"/>
  <move id="195" source="F8" target="E8"/>
  <move id="196" source="D7" target="E7"/>
  <move id="197" source="E8" target="E9"/>
  <move id="198" source="E7" target="F7"/>
  <move id="199" source="A7" target="B7"/>
  <move id="200" source="F7" target="G7"/>
  <move id="201" source="B7" target="B8"/>
  <move id="202" source="G7" target="H7"/>
  <move id="203" source="B8" target="B9"/>
  <move id="204" source="H7" target="I7"/>
  <move id="205" source="A8" target="A9"/>
  <move id="206" source="C9" target="C8"/>
  <move id="207" source="A9" target="A8"/>
  <move id="208" source="C8" target="C7"/>
  <move id="209" source="A8" target="A7"/>
  <move id="210" source="K7" target="K6"/>
  <move id="211" source="C3" target="D3"/>
  <move id="212" source="K6" target="K5"/>
  <move id="213" source="C1" target="B1"/>
  <move id="214" source="K5" target="K4"/>
  <move id="215" source="B1" target="B7"/>
  <move id="216" source="I7" target="I6"/>
  <move id="217" source="B7" target="C7"/>
  <move id="218" source="I6" target="I5"/>
  <move id="219" source="G2" target="G3"/>
  <move id="220" source="I5" target="I4"/>
  <move id="221" source="G3" target="H3"/>
  <move id="222" source="I4" target="I3"/>
  <move id="223" source="H3" target="I3"/>
  <move id="224" source="K4" target="K3"/>
  <move id="225" source="G1" target="G2"/>
  <move id="226" source="I8" target="I7"/>
  <move id="227" source="G2" target="G3"/>
  <move id="228" source="I7" target="I6"/>
  <move id="229" source="G3" target="H3"/>
  <move id="230" source="I6" target="I5"/>
  <move id="231" source="H3" target="I3"/>
  <move id="232" source="I5" target="K5"/>
  <move id="233" source="I3" target="K3"/>
  <move id="234" source="K5" target="K4"/>
  <move id="235" source="D3" target="C3"/>
  <move id="236" source="K4" target="K3"/>
  <move id="237" source="C3" target="B3"/>
  <move id="238" source="H9" target="H8"/>
  <move id="239" source="B3" target="B4"/>
  <move id="240" source="H8" target="I8"/>
  <move id="241" source="B4" target="B5"/>
  <move id="242" source="I8" target="I7"/>
  <move id="243" source="B5" target="B6"/>
  <move id="244" source="I7" target="I6"/>
  <move id="245" source="B6" target="B7"/>
  <move id="246" source="I6" target="I5"/>
  <move id="247" source="B7" target="C7"/>
  <move id="248" source="I5" target="I4"/>
  <move id="249" source="C7" target="D7"/>
  <move id="250" source="I4" target="I3"/>
  <move id="251" source="D7" target="E7"/>
  <move id="252" source="I9" target="I8"/>
  <move id="253" source="E7" target="F7"/>
  <move id="254" source="I8" target="I7"/>
  <move id="255" source="F7" target="G7"/>
  <move id="256" source="I7" target="I6"/>
  <move id="257" source="G7" target="H7"/>
  <move id="258" source="I6" target="I5"/>
  <move id="259" source="H7" target="I7"/>
  <move id="260" source="I5" target="I4"/>
  <move id="261" source="I7" target="I6"/>
  <move id="262" source="I4" target="K4"/>
  <move id="263" source="I6" target="I5"/>
  <move id="264" source="K4" target="K3"/>
  <move id="265" source="I5" target="I4"/>
  <move id="266" source="K3" target="K2"/>
  <move id="267" source="I4" target="I3"/>
  <move id="268" source="D9" target="C9"/>
  <move id="269" source="A7" target="B7"/>
  <move id="270" source="A:" target="A2"/>
  <move id="271" source="D2" target="D1"/>
  <move id="272" source="A2" target="B2"/>
  <move id="273" source="B7" target="B6"/>
  <move id="274" source="E3" target="D3"/>
  <move id="275" source="E2" target="D2"/>
  <move id="276" source="B2" target="B1"/>
  <move id="277" source="B6" target="B5"/>
  <move id="278" source="B1" target="D1"/>
  <move id="279" source="D2" target="D1"/>
  <move id="280" source="D3" target="D2"/>
  <move id="281" source="D1" target="C1"/>
  <move id="282" source="C9" target="C8"/>
  <move id="283" source="I3" target="H3"/>
  <move id="284" source="C8" target="C7"/>
  <move id="285" source="H3" target="G3"/>
  <move id="286" source="C7" target="D7"/>
  <move id="287" source="G3" target="G4"/>
  <move id="288" source="D7" target="E7"/>
  <move id="289" source="G4" target="F4"/>
  <move id="290" source="E7" target="E1"/>
  <move id="291" source="F4" target="E4"/>
  <move id="292" source="D2" target="E2"/>
  <move id="293" source="E4" target="E3"/>
  <move id="294" source="E2" target="E3"/>
  <move id="295" source="B5" target="B6"/>
  <move id="296" source="E1" target="F1"/>
  <move id="297" source="B6" target="B7"/>
  <move id="298" source="H:" target="H9"/>
  <move id="299" source="B7" target="C7"/>
  <move id="300" source="H9" target="H8"/>
  <move id="301" source="C7" target="D7"/>
  <move id="302" source="H8" target="H7"/>
  <move id="303" source="D7" target="E7"/>
  <move id="304" source="H7" target="I7"/>
  <move id="305" source="E7" target="E6"/>
  <move id="306" source="I7" target="I6"/>
  <move id="307" source="E6" target="E7"/>
  <move id="308" source="I6" target="I5"/>
  <move id="309" source="E7" target="F7"/>
  <move id="310" source="I5" target="I4"/>
  <move id="311" source="F7" target="G7"/>
  <move id="312" source="I4" target="I3"/>
  <move id="313" source="G7" target="H7"/>
  <move id="314" source="I3" target="H3"/>
  <move id="315" source="H7" target="I7"/>
  <move id="316" source="H3" target="G3"/>
  <move id="317" source="I7" target="I6"/>
  <move id="318" source="G3" target="G2"/>
  <move id="319" source="I6" target="I5"/>
  <move id="320" source="G2" target="F2"/>
  <player id="1">Player 1</player>
  <player id="2">Player 2</player>
  <result type="1" winner="2"/>
 </game>
</stratego>