<?xml version="1.0" encoding="UTF-8"?>
<stratego>
 <game type="classic">
  
  <field content="BEBEEBGMHBFJCIBIEBJDIFKFHFLEHGDGDDGDHDDDAA__AA__AAAA__AA__AAPSPTPRPOSRRUPNXTVPWTPQNSUNQUTPSNQRNYNQQV"/>
  <move id="1" source="E4" target="E5"/>
  <move id="2" source="F7" target="F6"/>
  <move id="3" source="E5" target="E6"/>
  <move id="4" source="F8" target="F7"/>
  <move id="5" source="E6" target="F6"/>
  <move id="6" source="F7" target="F6"/>
  <move id="7" source="F4" target="F5"/>
  <move id="8" source="F6" target="F7"/>
  <move id="9" source="F5" target="F6"/>
  <move id="10" source="F7" target="F8"/>
  <move id="11" source="F6" target="F7"/>
  <move id="12" source="E7" target="E6"/>
  <move id="13" source="F7" target="G7"/>
  <move id="14" source="D7" target="E7"/>
  <move id="15" source="G4" target="F4"/>
  <move id="16" source="E7" target="F7"/>
  <move id="17" source="F4" target="F5"/>
  <move id="18" source="F7" target="G7"/>
  <move id="19" source="F5" target="F6"/>
  <move id="20" source="E6" target="E7"/>
  <move id="21" source="F6" target="F7"/>
  <move id="22" source="C7" target="D7"/>
  <move id="23" source="D4" target="E4"/>
  <move id="24" source="E7" target="E6"/>
  <move id="25" source="E4" target="E6"/>
  <move id="26" source="D7" target="E7"/>
  <move id="27" source="C4" target="D4"/>
  <move id="28" source="C8" target="C7"/>
  <move id="29" source="D4" target="E4"/>
  <move id="30" source="E7" target="E6"/>
  <move id="31" source="E4" target="E6"/>
  <move id="32" source="C7" target="D7"/>
  <move id="33" source="H4" target="E4"/>
  <move id="34" source="D7" target="E7"/>
  <move id="35" source="F7" target="E7"/>
  <move id="36" source="G7" target="F7"/>
  <move id="37" source="E7" target="F7"/>
  <move id="38" source="F8" target="F7"/>
  <move id="39" source="E4" target="E8"/>
  <move id="40" source="E8" target="E7"/>
  <move id="41" source="A4" target="A7"/>
  <move id="42" source="F7" target="F8"/>
  <move id="43" source="B4" target="B5"/>
  <move id="44" source="E7" target="D7"/>
  <move id="45" source="B5" target="B6"/>
  <move id="46" source="B7" target="C7"/>
  <move id="47" source="B6" target="B7"/>
  <move id="48" source="B8" target="B7"/>
  <move id="49" source="B3" target="B4"/>
  <move id="50" source="B7" target="B8"/>
  <move id="51" source="B4" target="B5"/>
  <move id="52" source="B8" target="C8"/>
  <move id="53" source="B5" target="B6"/>
  <move id="54" source="D7" target="E7"/>
  <move id="55" source="B6" target="B7"/>
  <move id="56" source="C7" target="D7"/>
  <move id="57" source="B7" target="C7"/>
  <move id="58" source="C8" target="B8"/>
  <move id="59" source="C3" target="B3"/>
  <move id="60" source="D7" target="C7"/>
  <move id="61" source="B3" target="B4"/>
  <move id="62" source="B8" target="C8"/>
  <move id="63" source="B4" target="B5"/>
  <move id="64" source="E7" target="E8"/>
  <move id="65" source="B5" target="B6"/>
  <move id="66" source="C7" target="D7"/>
  <move id="67" source="B6" target="B7"/>
  <move id="68" source="D7" target="E7"/>
  <move id="69" source="B7" target="C7"/>
  <move id="70" source="C8" target="B8"/>
  <move id="71" source="B2" target="B3"/>
  <move id="72" source="E7" target="F7"/>
  <move id="73" source="B3" target="B4"/>
  <move id="74" source="E8" target="E7"/>
  <move id="75" source="C7" target="C8"/>
  <move id="76" source="B8" target="B7"/>
  <move id="77" source="B4" target="B5"/>
  <move id="78" source="E7" target="D7"/>
  <move id="79" source="B5" target="B6"/>
  <move id="80" source="B7" target="A7"/>
  <move id="81" source="B6" target="A6"/>
  <move id="82" source="A7" target="B7"/>
  <move id="83" source="C2" target="B2"/>
  <move id="84" source="A8" target="B8"/>
  <move id="85" source="B2" target="B3"/>
  <move id="86" source="A9" target="A6"/>
  <move id="87" source="B3" target="B4"/>
  <move id="88" source="B8" target="C8"/>
  <move id="89" source="B4" target="B5"/>
  <move id="90" source="F7" target="F6"/>
  <move id="91" source="F3" target="F4"/>
  <move id="92" source="G8" target="G7"/>
  <move id="93" source="F4" target="F5"/>
  <move id="94" source="G7" target="F7"/>
  <move id="95" source="F5" target="F6"/>
  <move id="96" source="D7" target="C7"/>
  <move id="97" source="C8" target="D8"/>
  <move id="98" source="B7" target="B8"/>
  <move id="99" source="G3" target="F3"/>
  <move id="100" source="C7" target="B7"/>
  <move id="101" source="F3" target="F4"/>
  <move id="102" source="B8" target="C8"/>
  <move id="103" source="F4" target="F5"/>
  <move id="104" source="C8" target="C7"/>
  <move id="105" source="F5" target="F6"/>
  <move id="106" source="F7" target="G7"/>
  <move id="107" source="F6" target="F7"/>
  <move id="108" source="H8" target="G8"/>
  <move id="109" source="F7" target="F8"/>
  <move id="110" source="G8" target="H8"/>
  <move id="111" source="I4" target="F4"/>
  <move id="112" source="C7" target="C8"/>
  <move id="113" source="F4" target="F7"/>
  <move id="114" source="C8" target="B8"/>
  <move id="115" source="F7" target="E7"/>
  <move id="116" source="B7" target="C7"/>
  <move id="117" source="E7" target="E9"/>
  <move id="118" source="C7" target="D7"/>
  <move id="119" source="F8" target="E8"/>
  <move id="120" source="D7" target="E7"/>
  <move id="121" source="E8" target="E9"/>
  <move id="122" source="E7" target="E8"/>
  <move id="123" source="E9" target="D9"/>
  <move id="124" source="E8" target="E9"/>
  <move id="125" source="D9" target="C9"/>
  <move id="126" source="G7" target="F7"/>
  <move id="127" source="A6" target="A7"/>
  <move id="128" source="F7" target="E7"/>
  <move id="129" source="A7" target="B7"/>
  <move id="130" source="B8" target="A8"/>
  <move id="131" source="B7" target="B8"/>
  <move id="132" source="A8" target="A7"/>
  <move id="133" source="B8" target="B9"/>
  <move id="134" source="E7" target="D7"/>
  <move id="135" source="B9" target="A9"/>
  <move id="136" source="E9" target="E8"/>
  <move id="137" source="A9" target="A:"/>
  <move id="138" source="D7" target="E7"/>
  <move id="139" source="A:" target="A9"/>
  <move id="140" source="E7" target="F7"/>
  <move id="141" source="A9" target="A8"/>
  <move id="142" source="A7" target="B7"/>
  <move id="143" source="A8" target="B8"/>
  <move id="144" source="B7" target="C7"/>
  <move id="145" source="B8" target="B7"/>
  <move id="146" source="C7" target="D7"/>
  <move id="147" source="B7" target="C7"/>
  <move id="148" source="D7" target="E7"/>
  <move id="149" source="B1" target="B2"/>
  <move id="150" source="I7" target="I6"/>
  <move id="151" source="B2" target="B3"/>
  <move id="152" source="I6" target="K6"/>
  <move id="153" source="B3" target="B4"/>
  <move id="154" source="I8" target="I7"/>
  <move id="155" source="B4" target="A4"/>
  <move id="156" source="I7" target="I6"/>
  <move id="157" source="A4" target="A5"/>
  <move id="158" source="I6" target="I5"/>
  <move id="159" source="A5" target="A6"/>
  <move id="160" source="I5" target="I4"/>
  <move id="161" source="A6" target="A7"/>
  <move id="162" source="I4" target="H4"/>
  <move id="163" source="A7" target="A8"/>
  <move id="164" source="H4" target="G4"/>
  <move id="165" source="A8" target="B8"/>
  <move id="166" source="G4" target="F4"/>
  <move id="167" source="C7" target="C8"/>
  <move id="168" source="F4" target="E4"/>
  <move id="169" source="B8" target="B9"/>
  <move id="170" source="E4" target="D4"/>
  <move id="171" source="B9" target="C9"/>
  <move id="172" source="D4" target="C4"/>
  <move id="173" source="C9" target="C:"/>
  <move id="174" source="C4" target="B4"/>
  <move id="175" source="I3" target="I4"/>
  <move id="176" source="H7" target="I7"/>
  <move id="177" source="I4" target="H4"/>
  <move id="178" source="F7" target="G7"/>
  <move id="179" source="B5" target="B4"/>
  <move id="180" source="B4" target="B5"/>
  <move id="181" source="I2" target="I3"/>
  <move id="182" source="I7" target="I8"/>
  <move id="183" source="I3" target="I4"/>
  <move id="184" source="G7" target="H7"/>
  <move id="185" source="I4" target="I5"/>
  <move id="186" source="H7" target="I7"/>
  <move id="187" source="I5" target="I6"/>
  <move id="188" source="I7" target="I6"/>
  <move id="189" source="C8" target="C9"/>
  <move id="190" source="E8" target="E9"/>
  <move id="191" source="C9" target="C:"/>
  <move id="192" source="D:" target="D9"/>
  <move id="193" source="F2" target="F3"/>
  <move id="194" source="H8" target="G8"/>
  <move id="195" source="F3" target="F4"/>
  <move id="196" source="H9" target="H8"/>
  <move id="197" source="F4" target="F5"/>
  <move id="198" source="H8" target="H7"/>
  <move id="199" source="F5" target="F6"/>
  <move id="200" source="H7" target="I7"/>
  <move id="201" source="F6" target="F7"/>
  <move id="202" source="E7" target="F7"/>
  <move id="203" source="K4" target="K5"/>
  <move id="204" source="I7" target="I6"/>
  <move id="205" source="K5" target="K6"/>
  <move id="206" source="I6" target="I5"/>
  <move id="207" source="D3" target="D4"/>
  <move id="208" source="I5" target="I6"/>
  <move id="209" source="D4" target="E4"/>
  <move id="210" source="I6" target="I7"/>
  <move id="211" source="E4" target="E5"/>
  <move id="212" source="I7" target="H7"/>
  <move id="213" source="E5" target="E6"/>
  <move id="214" source="H7" target="G7"/>
  <move id="215" source="K3" target="K4"/>
  <move id="216" source="K6" target="I6"/>
  <move id="217" source="K4" target="K5"/>
  <move id="218" source="I6" target="I7"/>
  <move id="219" source="K5" target="K6"/>
  <move id="220" source="I7" target="H7"/>
  <move id="221" source="K6" target="I6"/>
  <move id="222" source="I8" target="I7"/>
  <move id="223" source="I6" target="I7"/>
  <move id="224" source="H7" target="I7"/>
  <player id="1">Player 1</player>
  <player id="2">Player 2</player>
  <result type="3" winner="2"/>
 </game>
</stratego>