<?xml version="1.0" encoding="UTF-8"?>
<stratego>
 <game type="classic">
  
  <field content="DFEDBFDEHMHDHDFBEHEGEDCGBFBJLKIGDDIBBJGIAA__AA__AAAA__AA__AAPPTSPRSTPRXSQVTPTUNSNWVOPPNQRNYNUUQQNQPR"/>
  <move id="1" source="E4" target="E5"/>
  <move id="2" source="A7" target="A6"/>
  <move id="3" source="A4" target="A5"/>
  <move id="4" source="B7" target="A7"/>
  <move id="5" source="K4" target="K5"/>
  <move id="6" source="C7" target="B7"/>
  <move id="7" source="A5" target="A6"/>
  <move id="8" source="C8" target="C7"/>
  <move id="9" source="K5" target="K6"/>
  <move id="10" source="B8" target="C8"/>
  <move id="11" source="E5" target="E6"/>
  <move id="12" source="B9" target="B8"/>
  <move id="13" source="I4" target="I5"/>
  <move id="14" source="B7" target="B6"/>
  <move id="15" source="A6" target="A7"/>
  <move id="16" source="A8" target="A7"/>
  <move id="17" source="K3" target="K4"/>
  <move id="18" source="B6" target="A6"/>
  <move id="19" source="K4" target="K5"/>
  <move id="20" source="C7" target="B7"/>
  <move id="21" source="I5" target="I6"/>
  <move id="22" source="A6" target="A5"/>
  <move id="23" source="K5" target="I5"/>
  <move id="24" source="A7" target="A6"/>
  <move id="25" source="I6" target="I7"/>
  <move id="26" source="B7" target="A7"/>
  <move id="27" source="I5" target="I6"/>
  <move id="28" source="D7" target="C7"/>
  <move id="29" source="I7" target="H7"/>
  <move id="30" source="F7" target="F6"/>
  <move id="31" source="E6" target="F6"/>
  <move id="32" source="E7" target="E3"/>
  <move id="33" source="I6" target="I7"/>
  <move id="34" source="D8" target="D7"/>
  <move id="35" source="F6" target="F7"/>
  <move id="36" source="D7" target="E7"/>
  <move id="37" source="F7" target="G7"/>
  <move id="38" source="E7" target="F7"/>
  <move id="39" source="G7" target="H7"/>
  <move id="40" source="F7" target="G7"/>
  <move id="41" source="H7" target="H8"/>
  <move id="42" source="H9" target="H8"/>
  <move id="43" source="I7" target="H7"/>
  <move id="44" source="G7" target="F7"/>
  <move id="45" source="H7" target="H8"/>
  <move id="46" source="C7" target="B7"/>
  <move id="47" source="H8" target="H7"/>
  <move id="48" source="B7" target="B6"/>
  <move id="49" source="D4" target="E4"/>
  <move id="50" source="C8" target="D8"/>
  <move id="51" source="E4" target="E5"/>
  <move id="52" source="B8" target="C8"/>
  <move id="53" source="E5" target="E6"/>
  <move id="54" source="E8" target="E7"/>
  <move id="55" source="E6" target="F6"/>
  <move id="56" source="B6" target="B5"/>
  <move id="57" source="H7" target="G7"/>
  <move id="58" source="F7" target="F6"/>
  <move id="59" source="G7" target="F7"/>
  <move id="60" source="F6" target="F5"/>
  <move id="61" source="F7" target="E7"/>
  <move id="62" source="B5" target="B4"/>
  <move id="63" source="C4" target="D4"/>
  <move id="64" source="F5" target="F4"/>
  <move id="65" source="D4" target="C4"/>
  <move id="66" source="F8" target="F5"/>
  <move id="67" source="I3" target="I4"/>
  <move id="68" source="F5" target="E5"/>
  <move id="69" source="C4" target="E4"/>
  <move id="70" source="E5" target="E4"/>
  <move id="71" source="I4" target="I5"/>
  <move id="72" source="C8" target="B8"/>
  <move id="73" source="I5" target="I6"/>
  <move id="74" source="B8" target="B7"/>
  <move id="75" source="I6" target="I7"/>
  <move id="76" source="B7" target="B6"/>
  <move id="77" source="B3" target="B4"/>
  <move id="78" source="A5" target="B5"/>
  <move id="79" source="B4" target="E4"/>
  <move id="80" source="B5" target="B4"/>
  <move id="81" source="E4" target="E5"/>
  <move id="82" source="B6" target="B5"/>
  <move id="83" source="E5" target="F5"/>
  <move id="84" source="B5" target="A5"/>
  <move id="85" source="F5" target="F9"/>
  <move id="86" source="A5" target="A4"/>
  <move id="87" source="I7" target="H7"/>
  <move id="88" source="A7" target="B7"/>
  <move id="89" source="H7" target="G7"/>
  <move id="90" source="B7" target="B6"/>
  <move id="91" source="G7" target="F7"/>
  <move id="92" source="B6" target="B5"/>
  <move id="93" source="F7" target="F6"/>
  <move id="94" source="B4" target="C4"/>
  <move id="95" source="B2" target="B5"/>
  <move id="96" source="C4" target="B4"/>
  <move id="97" source="B1" target="B2"/>
  <move id="98" source="A6" target="A5"/>
  <move id="99" source="B2" target="B3"/>
  <move id="100" source="B4" target="B3"/>
  <move id="101" source="C2" target="B2"/>
  <move id="102" source="B3" target="A3"/>
  <move id="103" source="A2" target="A3"/>
  <move id="104" source="A4" target="B4"/>
  <move id="105" source="B2" target="B3"/>
  <move id="106" source="A5" target="A4"/>
  <move id="107" source="A1" target="A2"/>
  <move id="108" source="B5" target="A5"/>
  <move id="109" source="A2" target="A3"/>
  <move id="110" source="A4" target="A3"/>
  <move id="111" source="B3" target="B4"/>
  <move id="112" source="A5" target="A4"/>
  <move id="113" source="E7" target="D7"/>
  <move id="114" source="A3" target="A2"/>
  <move id="115" source="D7" target="C7"/>
  <move id="116" source="A4" target="A3"/>
  <move id="117" source="C7" target="B7"/>
  <move id="118" source="A3" target="B3"/>
  <move id="119" source="B7" target="B6"/>
  <move id="120" source="B3" target="B2"/>
  <move id="121" source="B6" target="B5"/>
  <move id="122" source="B2" target="B1"/>
  <move id="123" source="B5" target="B4"/>
  <move id="124" source="B1" target="C1"/>
  <move id="125" source="D3" target="D4"/>
  <move id="126" source="D8" target="C8"/>
  <move id="127" source="D4" target="C4"/>
  <move id="128" source="C8" target="B8"/>
  <move id="129" source="F6" target="E6"/>
  <move id="130" source="B8" target="B7"/>
  <move id="131" source="E6" target="E7"/>
  <move id="132" source="B7" target="B6"/>
  <move id="133" source="C4" target="B4"/>
  <move id="134" source="B6" target="A6"/>
  <move id="135" source="B4" target="B5"/>
  <move id="136" source="A2" target="A3"/>
  <move id="137" source="B5" target="A5"/>
  <move id="138" source="A6" target="B6"/>
  <move id="139" source="E7" target="D7"/>
  <move id="140" source="B6" target="B5"/>
  <move id="141" source="A5" target="A6"/>
  <move id="142" source="B5" target="B4"/>
  <move id="143" source="A6" target="A7"/>
  <move id="144" source="B4" target="B3"/>
  <move id="145" source="A7" target="A8"/>
  <move id="146" source="B3" target="B2"/>
  <move id="147" source="A8" target="B8"/>
  <move id="148" source="B2" target="B1"/>
  <move id="149" source="B8" target="C8"/>
  <move id="150" source="B1" target="C1"/>
  <move id="151" source="C8" target="D8"/>
  <move id="152" source="C1" target="D1"/>
  <move id="153" source="H4" target="I4"/>
  <move id="154" source="A3" target="A2"/>
  <move id="155" source="I4" target="I5"/>
  <move id="156" source="A2" target="B2"/>
  <move id="157" source="I5" target="I6"/>
  <move id="158" source="B2" target="B1"/>
  <move id="159" source="D2" target="D3"/>
  <move id="160" source="B1" target="C1"/>
  <move id="161" source="D3" target="D4"/>
  <move id="162" source="D1" target="E1"/>
  <move id="163" source="D4" target="C4"/>
  <move id="164" source="D9" target="D8"/>
  <move id="165" source="D8" target="D9"/>
  <move id="166" source="D:" target="D9"/>
  <move id="167" source="D7" target="D8"/>
  <move id="168" source="C9" target="B9"/>
  <move id="169" source="D8" target="D9"/>
  <move id="170" source="B9" target="B8"/>
  <move id="171" source="D9" target="D8"/>
  <move id="172" source="B8" target="B7"/>
  <move id="173" source="D8" target="C8"/>
  <move id="174" source="B7" target="B6"/>
  <move id="175" source="C8" target="B8"/>
  <move id="176" source="B6" target="B5"/>
  <move id="177" source="B8" target="B7"/>
  <move id="178" source="B5" target="B4"/>
  <move id="179" source="B7" target="B6"/>
  <move id="180" source="B4" target="C4"/>
  <move id="181" source="B6" target="B5"/>
  <move id="182" source="C4" target="D4"/>
  <move id="183" source="B5" target="B4"/>
  <move id="184" source="D4" target="D3"/>
  <move id="185" source="B4" target="B3"/>
  <move id="186" source="D3" target="D2"/>
  <move id="187" source="B3" target="B2"/>
  <move id="188" source="D2" target="E2"/>
  <move id="189" source="B2" target="B1"/>
  <move id="190" source="C1" target="C2"/>
  <move id="191" source="C3" target="C2"/>
  <move id="192" source="E2" target="F2"/>
  <move id="193" source="I6" target="I7"/>
  <player id="1">Player 1</player>
  <player id="2">Player 2</player>
  <result type="3" winner="1"/>
 </game>
</stratego>