<?xml version="1.0" encoding="UTF-8"?>
<stratego>
 <game type="classic">
  
  <field content="EHBHEBMBEDDGCJFBBELIIDKDBHEDDJGDFGIDFHFGAA__AA__AAAA__AA__AARPNRPQXWRSNSPQSVPOUPRPNUTUTVPQNQNSQTYNTP"/>
  <move id="1" source="E4" target="E5"/>
  <move id="2" source="I7" target="I6"/>
  <move id="3" source="E5" target="E6"/>
  <move id="4" source="E7" target="E6"/>
  <move id="5" source="A4" target="A5"/>
  <move id="6" source="I8" target="I7"/>
  <move id="7" source="B4" target="B7"/>
  <move id="8" source="I6" target="K6"/>
  <move id="9" source="A5" target="A6"/>
  <move id="10" source="I7" target="I6"/>
  <move id="11" source="A6" target="A7"/>
  <move id="12" source="I6" target="I5"/>
  <move id="13" source="A7" target="A8"/>
  <move id="14" source="I5" target="K5"/>
  <move id="15" source="C4" target="B4"/>
  <move id="16" source="K5" target="K4"/>
  <move id="17" source="I4" target="I5"/>
  <move id="18" source="K4" target="K3"/>
  <move id="19" source="I3" target="I4"/>
  <move id="20" source="K7" target="I7"/>
  <move id="21" source="I4" target="K4"/>
  <move id="22" source="I7" target="I6"/>
  <move id="23" source="K4" target="K5"/>
  <move id="24" source="K6" target="K7"/>
  <move id="25" source="I5" target="I6"/>
  <move id="26" source="K7" target="I7"/>
  <move id="27" source="K5" target="K8"/>
  <move id="28" source="I7" target="I8"/>
  <move id="29" source="H4" target="I4"/>
  <move id="30" source="H7" target="I7"/>
  <move id="31" source="I4" target="I5"/>
  <move id="32" source="I7" target="K7"/>
  <move id="33" source="I5" target="I6"/>
  <move id="34" source="G7" target="H7"/>
  <move id="35" source="H3" target="H4"/>
  <move id="36" source="H7" target="I7"/>
  <move id="37" source="I6" target="K6"/>
  <move id="38" source="I7" target="I6"/>
  <move id="39" source="K6" target="K7"/>
  <move id="40" source="I6" target="I5"/>
  <move id="41" source="K3" target="I3"/>
  <move id="42" source="I5" target="I4"/>
  <move id="43" source="G3" target="H3"/>
  <move id="44" source="I4" target="I3"/>
  <move id="45" source="H3" target="G3"/>
  <move id="46" source="I8" target="K8"/>
  <move id="47" source="B4" target="B5"/>
  <move id="48" source="I9" target="I4"/>
  <move id="49" source="B5" target="B6"/>
  <move id="50" source="I4" target="H4"/>
  <move id="51" source="B6" target="B7"/>
  <move id="52" source="I3" target="H3"/>
  <move id="53" source="F4" target="F7"/>
  <move id="54" source="H3" target="G3"/>
  <move id="55" source="G4" target="H4"/>
  <move id="56" source="K7" target="I7"/>
  <move id="57" source="H4" target="I4"/>
  <move id="58" source="G3" target="G4"/>
  <move id="59" source="B7" target="C7"/>
  <move id="60" source="G4" target="F4"/>
  <move id="61" source="B3" target="B8"/>
  <move id="62" source="F7" target="G7"/>
  <move id="63" source="A3" target="B3"/>
  <move id="64" source="F8" target="F7"/>
  <move id="65" source="B3" target="B4"/>
  <move id="66" source="F4" target="F5"/>
  <move id="67" source="B4" target="B5"/>
  <move id="68" source="F5" target="E5"/>
  <move id="69" source="E6" target="E7"/>
  <move id="70" source="F7" target="E7"/>
  <move id="71" source="B5" target="B6"/>
  <move id="72" source="E5" target="F5"/>
  <move id="73" source="B6" target="B7"/>
  <move id="74" source="G8" target="F8"/>
  <move id="75" source="B7" target="B8"/>
  <move id="76" source="F8" target="F7"/>
  <move id="77" source="B8" target="C8"/>
  <move id="78" source="F7" target="F6"/>
  <move id="79" source="D4" target="C4"/>
  <move id="80" source="E8" target="F8"/>
  <move id="81" source="C4" target="B4"/>
  <move id="82" source="F6" target="E6"/>
  <move id="83" source="B4" target="B5"/>
  <move id="84" source="F5" target="F6"/>
  <move id="85" source="B5" target="B6"/>
  <move id="86" source="E7" target="E8"/>
  <move id="87" source="B6" target="B7"/>
  <move id="88" source="E6" target="E5"/>
  <move id="89" source="B7" target="B8"/>
  <move id="90" source="D7" target="E7"/>
  <move id="91" source="B8" target="B9"/>
  <move id="92" source="E5" target="E4"/>
  <move id="93" source="B9" target="A9"/>
  <move id="94" source="E4" target="D4"/>
  <move id="95" source="A9" target="A:"/>
  <move id="96" source="D4" target="C4"/>
  <move id="97" source="A2" target="A3"/>
  <move id="98" source="C4" target="B4"/>
  <move id="99" source="A3" target="B3"/>
  <move id="100" source="B4" target="B5"/>
  <move id="101" source="B3" target="B5"/>
  <move id="102" source="F6" target="F7"/>
  <move id="103" source="B2" target="B3"/>
  <move id="104" source="E7" target="E6"/>
  <move id="105" source="B3" target="B4"/>
  <move id="106" source="E6" target="E5"/>
  <move id="107" source="B4" target="B5"/>
  <move id="108" source="F7" target="E7"/>
  <move id="109" source="B5" target="B6"/>
  <move id="110" source="E5" target="E4"/>
  <move id="111" source="B6" target="B7"/>
  <move id="112" source="E7" target="D7"/>
  <move id="113" source="B7" target="B8"/>
  <move id="114" source="E4" target="D4"/>
  <move id="115" source="D3" target="D4"/>
  <move id="116" source="D4" target="E4"/>
  <move id="117" source="B8" target="B9"/>
  <move id="118" source="E4" target="E5"/>
  <move id="119" source="B9" target="B:"/>
  <move id="120" source="D7" target="E7"/>
  <move id="121" source="B:" target="C:"/>
  <move id="122" source="E7" target="E6"/>
  <move id="123" source="A1" target="A2"/>
  <move id="124" source="E5" target="F5"/>
  <move id="125" source="A2" target="A3"/>
  <move id="126" source="E6" target="E5"/>
  <move id="127" source="A3" target="A4"/>
  <move id="128" source="E5" target="E4"/>
  <move id="129" source="A4" target="A5"/>
  <move id="130" source="E4" target="D4"/>
  <move id="131" source="A5" target="A6"/>
  <move id="132" source="D4" target="C4"/>
  <move id="133" source="A6" target="A7"/>
  <move id="134" source="C4" target="B4"/>
  <move id="135" source="A7" target="A8"/>
  <move id="136" source="B4" target="B5"/>
  <move id="137" source="A8" target="A9"/>
  <move id="138" source="B5" target="B6"/>
  <move id="139" source="A9" target="B9"/>
  <move id="140" source="B6" target="B7"/>
  <move id="141" source="B9" target="C9"/>
  <move id="142" source="B7" target="B8"/>
  <move id="143" source="C9" target="C:"/>
  <move id="144" source="B8" target="C8"/>
  <move id="145" source="C:" target="D:"/>
  <move id="146" source="D9" target="C9"/>
  <move id="147" source="C3" target="C4"/>
  <move id="148" source="D8" target="D9"/>
  <move id="149" source="C4" target="D4"/>
  <move id="150" source="F5" target="E5"/>
  <move id="151" source="F3" target="F4"/>
  <move id="152" source="C8" target="D8"/>
  <move id="153" source="F4" target="F5"/>
  <move id="154" source="E5" target="E4"/>
  <move id="155" source="D4" target="C4"/>
  <move id="156" source="E4" target="D4"/>
  <move id="157" source="C4" target="B4"/>
  <move id="158" source="G7" target="F7"/>
  <move id="159" source="F5" target="F6"/>
  <move id="160" source="F7" target="F6"/>
  <move id="161" source="F6" target="F5"/>
  <move id="162" source="D4" target="C4"/>
  <move id="163" source="B4" target="A4"/>
  <move id="164" source="C4" target="B4"/>
  <move id="165" source="A4" target="A5"/>
  <move id="166" source="B4" target="B5"/>
  <move id="167" source="A5" target="A4"/>
  <move id="168" source="B5" target="B4"/>
  <move id="169" source="A4" target="A3"/>
  <move id="170" source="B4" target="B3"/>
  <move id="171" source="A3" target="A4"/>
  <move id="172" source="C9" target="C8"/>
  <move id="173" source="I4" target="H4"/>
  <move id="174" source="C8" target="B8"/>
  <move id="175" source="H4" target="G4"/>
  <move id="176" source="B8" target="A8"/>
  <move id="177" source="G4" target="F4"/>
  <move id="178" source="A8" target="A7"/>
  <move id="179" source="F4" target="E4"/>
  <move id="180" source="A7" target="A6"/>
  <move id="181" source="E4" target="E5"/>
  <move id="182" source="D8" target="D7"/>
  <move id="183" source="E5" target="E6"/>
  <move id="184" source="D7" target="E7"/>
  <move id="185" source="E6" target="E5"/>
  <move id="186" source="E7" target="E6"/>
  <move id="187" source="E5" target="E4"/>
  <move id="188" source="E6" target="E5"/>
  <move id="189" source="F5" target="F4"/>
  <move id="190" source="E5" target="E4"/>
  <move id="191" source="F4" target="F3"/>
  <move id="192" source="B3" target="A3"/>
  <move id="193" source="K2" target="K3"/>
  <move id="194" source="E4" target="F4"/>
  <move id="195" source="F3" target="G3"/>
  <move id="196" source="F4" target="F5"/>
  <move id="197" source="A4" target="A5"/>
  <move id="198" source="A6" target="A5"/>
  <move id="199" source="B1" target="B2"/>
  <move id="200" source="F5" target="E5"/>
  <move id="201" source="A5" target="A4"/>
  <move id="202" source="A3" target="B3"/>
  <move id="203" source="B2" target="B3"/>
  <move id="204" source="H8" target="G8"/>
  <move id="205" source="K3" target="K4"/>
  <move id="206" source="I7" target="H7"/>
  <move id="207" source="A4" target="B4"/>
  <move id="208" source="H7" target="G7"/>
  <move id="209" source="B4" target="B5"/>
  <move id="210" source="G7" target="F7"/>
  <move id="211" source="B5" target="B6"/>
  <move id="212" source="F7" target="E7"/>
  <move id="213" source="B6" target="B7"/>
  <move id="214" source="E7" target="D7"/>
  <move id="215" source="B7" target="B8"/>
  <move id="216" source="D7" target="D8"/>
  <move id="217" source="B8" target="B9"/>
  <move id="218" source="D8" target="C8"/>
  <move id="219" source="K4" target="K5"/>
  <move id="220" source="E5" target="E4"/>
  <move id="221" source="K5" target="K6"/>
  <move id="222" source="C8" target="C9"/>
  <move id="223" source="B9" target="B8"/>
  <move id="224" source="E4" target="F4"/>
  <move id="225" source="K6" target="K7"/>
  <move id="226" source="K8" target="K7"/>
  <move id="227" source="K7" target="K8"/>
  <move id="228" source="H9" target="I9"/>
  <move id="229" source="K1" target="K2"/>
  <move id="230" source="F4" target="G4"/>
  <move id="231" source="G3" target="F3"/>
  <move id="232" source="G4" target="H4"/>
  <move id="233" source="K2" target="K3"/>
  <move id="234" source="H4" target="I4"/>
  <move id="235" source="B3" target="A3"/>
  <move id="236" source="I4" target="I5"/>
  <move id="237" source="B8" target="B7"/>
  <move id="238" source="I5" target="K5"/>
  <move id="239" source="K3" target="I3"/>
  <move id="240" source="K5" target="K6"/>
  <move id="241" source="K8" target="K9"/>
  <move id="242" source="I9" target="K9"/>
  <move id="243" source="B7" target="B6"/>
  <move id="244" source="K6" target="I6"/>
  <move id="245" source="I3" target="K3"/>
  <move id="246" source="K9" target="I9"/>
  <move id="247" source="B6" target="B5"/>
  <move id="248" source="I6" target="I5"/>
  <move id="249" source="K3" target="K4"/>
  <move id="250" source="K:" target="K4"/>
  <move id="251" source="B5" target="B4"/>
  <move id="252" source="I5" target="I6"/>
  <move id="253" source="B4" target="C4"/>
  <move id="254" source="I6" target="I7"/>
  <move id="255" source="C4" target="D4"/>
  <move id="256" source="I7" target="H7"/>
  <move id="257" source="D4" target="E4"/>
  <move id="258" source="H7" target="G7"/>
  <move id="259" source="E4" target="F4"/>
  <move id="260" source="G7" target="F7"/>
  <move id="261" source="F4" target="G4"/>
  <move id="262" source="C9" target="B9"/>
  <move id="263" source="G4" target="H4"/>
  <move id="264" source="F7" target="G7"/>
  <move id="265" source="C2" target="C3"/>
  <move id="266" source="B9" target="C9"/>
  <move id="267" source="C3" target="C4"/>
  <move id="268" source="C9" target="C8"/>
  <move id="269" source="C4" target="D4"/>
  <move id="270" source="C8" target="D8"/>
  <move id="271" source="D4" target="E4"/>
  <move id="272" source="F8" target="F7"/>
  <move id="273" source="E4" target="F4"/>
  <move id="274" source="F7" target="F6"/>
  <move id="275" source="F4" target="G4"/>
  <move id="276" source="D8" target="D7"/>
  <move id="277" source="I2" target="I3"/>
  <move id="278" source="D7" target="E7"/>
  <move id="279" source="H4" target="I4"/>
  <move id="280" source="G7" target="H7"/>
  <move id="281" source="I3" target="H3"/>
  <move id="282" source="F6" target="F5"/>
  <move id="283" source="H3" target="G3"/>
  <move id="284" source="H7" target="I7"/>
  <move id="285" source="G4" target="H4"/>
  <move id="286" source="E7" target="F7"/>
  <move id="287" source="G3" target="G4"/>
  <move id="288" source="I7" target="I6"/>
  <move id="289" source="I4" target="I3"/>
  <move id="290" source="F7" target="G7"/>
  <move id="291" source="I3" target="H3"/>
  <move id="292" source="I6" target="I7"/>
  <move id="293" source="F3" target="F4"/>
  <move id="294" source="F5" target="F6"/>
  <move id="295" source="H3" target="G3"/>
  <move id="296" source="I7" target="H7"/>
  <move id="297" source="H4" target="I4"/>
  <move id="298" source="I9" target="I8"/>
  <move id="299" source="I4" target="I5"/>
  <move id="300" source="G8" target="H8"/>
  <move id="301" source="F4" target="E4"/>
  <move id="302" source="G7" target="F7"/>
  <move id="303" source="I5" target="I6"/>
  <move id="304" source="F6" target="E6"/>
  <move id="305" source="E4" target="D4"/>
  <move id="306" source="E6" target="E7"/>
  <move id="307" source="G3" target="F3"/>
  <move id="308" source="E7" target="D7"/>
  <move id="309" source="G4" target="F4"/>
  <move id="310" source="H7" target="G7"/>
  <move id="311" source="F3" target="G3"/>
  <move id="312" source="E8" target="F8"/>
  <move id="313" source="G3" target="G4"/>
  <move id="314" source="D7" target="D8"/>
  <move id="315" source="D4" target="D3"/>
  <move id="316" source="F8" target="G8"/>
  <move id="317" source="G4" target="H4"/>
  <move id="318" source="F7" target="F8"/>
  <move id="319" source="H4" target="I4"/>
  <move id="320" source="I8" target="I9"/>
  <move id="321" source="I4" target="K4"/>
  <move id="322" source="G7" target="H7"/>
  <move id="323" source="K4" target="K5"/>
  <move id="324" source="G8" target="G7"/>
  <move id="325" source="K5" target="K6"/>
  <move id="326" source="H8" target="G8"/>
  <move id="327" source="K6" target="K7"/>
  <move id="328" source="G7" target="F7"/>
  <move id="329" source="K7" target="K8"/>
  <move id="330" source="G8" target="G7"/>
  <move id="331" source="K8" target="K7"/>
  <move id="332" source="H7" target="I7"/>
  <move id="333" source="I6" target="I7"/>
  <move id="334" source="F7" target="E7"/>
  <move id="335" source="I7" target="H7"/>
  <move id="336" source="G7" target="F7"/>
  <move id="337" source="H7" target="G7"/>
  <move id="338" source="F7" target="F6"/>
  <move id="339" source="D3" target="D4"/>
  <move id="340" source="E7" target="D7"/>
  <move id="341" source="D4" target="E4"/>
  <move id="342" source="D8" target="E8"/>
  <move id="343" source="E4" target="E5"/>
  <move id="344" source="F8" target="F7"/>
  <move id="345" source="E5" target="E6"/>
  <move id="346" source="D7" target="D8"/>
  <move id="347" source="K7" target="K6"/>
  <move id="348" source="D8" target="C8"/>
  <move id="349" source="K6" target="K5"/>
  <move id="350" source="C8" target="B8"/>
  <move id="351" source="K5" target="K4"/>
  <move id="352" source="E8" target="F8"/>
  <move id="353" source="G7" target="H7"/>
  <move id="354" source="F8" target="G8"/>
  <move id="355" source="H7" target="I7"/>
  <move id="356" source="G8" target="H8"/>
  <move id="357" source="I7" target="I6"/>
  <move id="358" source="B8" target="B7"/>
  <move id="359" source="I6" target="I5"/>
  <move id="360" source="B7" target="B6"/>
  <move id="361" source="I5" target="I4"/>
  <move id="362" source="B6" target="B5"/>
  <move id="363" source="I4" target="H4"/>
  <move id="364" source="B5" target="B4"/>
  <move id="365" source="H4" target="G4"/>
  <move id="366" source="B4" target="B3"/>
  <move id="367" source="A3" target="A4"/>
  <move id="368" source="B3" target="B4"/>
  <move id="369" source="A4" target="A3"/>
  <move id="370" source="B4" target="B5"/>
  <move id="371" source="F4" target="F3"/>
  <move id="372" source="B5" target="B6"/>
  <move id="373" source="G4" target="F4"/>
  <move id="374" source="B6" target="B7"/>
  <move id="375" source="F4" target="F5"/>
  <move id="376" source="B7" target="B8"/>
  <move id="377" source="F5" target="F6"/>
  <move id="378" source="B8" target="C8"/>
  <move id="379" source="F3" target="F4"/>
  <move id="380" source="F7" target="G7"/>
  <move id="381" source="K4" target="I4"/>
  <move id="382" source="H8" target="G8"/>
  <move id="383" source="F4" target="F5"/>
  <move id="384" source="G7" target="H7"/>
  <move id="385" source="I4" target="H4"/>
  <move id="386" source="H7" target="I7"/>
  <move id="387" source="H4" target="G4"/>
  <move id="388" source="I7" target="I6"/>
  <move id="389" source="G4" target="F4"/>
  <move id="390" source="I6" target="I5"/>
  <move id="391" source="F5" target="F6"/>
  <move id="392" source="I5" target="I4"/>
  <move id="393" source="F4" target="E4"/>
  <move id="394" source="I4" target="H4"/>
  <move id="395" source="E4" target="E5"/>
  <move id="396" source="H4" target="G4"/>
  <move id="397" source="F6" target="F5"/>
  <move id="398" source="G4" target="H4"/>
  <move id="399" source="E6" target="E7"/>
  <move id="400" source="C8" target="B8"/>
  <move id="401" source="E5" target="E6"/>
  <move id="402" source="B8" target="B7"/>
  <move id="403" source="E7" target="E8"/>
  <move id="404" source="B7" target="B6"/>
  <move id="405" source="E6" target="E7"/>
  <move id="406" source="B6" target="B5"/>
  <move id="407" source="E7" target="F7"/>
  <move id="408" source="B5" target="A5"/>
  <move id="409" source="A3" target="B3"/>
  <move id="410" source="H4" target="I4"/>
  <move id="411" source="E8" target="E9"/>
  <move id="412" source="I4" target="I5"/>
  <move id="413" source="F7" target="G7"/>
  <move id="414" source="I5" target="I6"/>
  <move id="415" source="G7" target="G8"/>
  <move id="416" source="A5" target="A4"/>
  <move id="417" source="G8" target="F8"/>
  <move id="418" source="A4" target="B4"/>
  <move id="419" source="B3" target="A3"/>
  <move id="420" source="I6" target="I7"/>
  <move id="421" source="F8" target="F7"/>
  <move id="422" source="B4" target="B3"/>
  <move id="423" source="A3" target="A4"/>
  <move id="424" source="I7" target="H7"/>
  <move id="425" source="F5" target="F6"/>
  <move id="426" source="H7" target="G7"/>
  <move id="427" source="F7" target="E7"/>
  <move id="428" source="B3" target="B4"/>
  <move id="429" source="A4" target="A5"/>
  <move id="430" source="G7" target="H7"/>
  <move id="431" source="A5" target="A6"/>
  <move id="432" source="H7" target="I7"/>
  <move id="433" source="A6" target="A7"/>
  <move id="434" source="I7" target="I6"/>
  <move id="435" source="A7" target="A8"/>
  <move id="436" source="I6" target="I5"/>
  <move id="437" source="F6" target="F5"/>
  <move id="438" source="I5" target="I4"/>
  <move id="439" source="F5" target="F4"/>
  <move id="440" source="I4" target="H4"/>
  <move id="441" source="A8" target="B8"/>
  <move id="442" source="H4" target="I4"/>
  <move id="443" source="B8" target="B9"/>
  <move id="444" source="I4" target="I5"/>
  <move id="445" source="B9" target="B:"/>
  <move id="446" source="B4" target="C4"/>
  <move id="447" source="B:" target="C:"/>
  <move id="448" source="C4" target="D4"/>
  <move id="449" source="C:" target="D:"/>
  <move id="450" source="D9" target="C9"/>
  <move id="451" source="D:" target="E:"/>
  <move id="452" source="C9" target="B9"/>
  <move id="453" source="E:" target="F:"/>
  <move id="454" source="B9" target="B8"/>
  <move id="455" source="E7" target="E6"/>
  <move id="456" source="B8" target="B7"/>
  <move id="457" source="E6" target="E5"/>
  <move id="458" source="D4" target="D3"/>
  <move id="459" source="E5" target="E4"/>
  <move id="460" source="D3" target="C3"/>
  <move id="461" source="E4" target="D4"/>
  <move id="462" source="C3" target="C2"/>
  <move id="463" source="D4" target="C4"/>
  <move id="464" source="I5" target="I4"/>
  <move id="465" source="C4" target="C3"/>
  <move id="466" source="C2" target="B2"/>
  <move id="467" source="F4" target="G4"/>
  <move id="468" source="I4" target="I3"/>
  <move id="469" source="G4" target="H4"/>
  <move id="470" source="I9" target="I8"/>
  <move id="471" source="D2" target="D3"/>
  <move id="472" source="I8" target="H8"/>
  <move id="473" source="D3" target="D4"/>
  <move id="474" source="H8" target="G8"/>
  <move id="475" source="D4" target="C4"/>
  <move id="476" source="G8" target="F8"/>
  <move id="477" source="C4" target="B4"/>
  <move id="478" source="B7" target="B8"/>
  <move id="479" source="B4" target="B5"/>
  <move id="480" source="B8" target="C8"/>
  <move id="481" source="B5" target="B6"/>
  <move id="482" source="C8" target="D8"/>
  <move id="483" source="B6" target="B7"/>
  <move id="484" source="D8" target="D7"/>
  <move id="485" source="C3" target="C4"/>
  <move id="486" source="B2" target="C2"/>
  <move id="487" source="C4" target="C3"/>
  <move id="488" source="C2" target="B2"/>
  <move id="489" source="D1" target="D2"/>
  <move id="490" source="F8" target="E8"/>
  <move id="491" source="B7" target="B8"/>
  <move id="492" source="E8" target="D8"/>
  <move id="493" source="B8" target="B9"/>
  <move id="494" source="D8" target="D9"/>
  <move id="495" source="B9" target="B:"/>
  <move id="496" source="D9" target="D:"/>
  <move id="497" source="B:" target="B9"/>
  <move id="498" source="D:" target="D9"/>
  <move id="499" source="B9" target="B8"/>
  <move id="500" source="D9" target="D8"/>
  <move id="501" source="B8" target="B9"/>
  <move id="502" source="D8" target="D9"/>
  <move id="503" source="B9" target="B:"/>
  <move id="504" source="D9" target="D:"/>
  <move id="505" source="B:" target="B9"/>
  <move id="506" source="D:" target="D9"/>
  <move id="507" source="B9" target="B8"/>
  <move id="508" source="D9" target="D8"/>
  <move id="509" source="B8" target="B9"/>
  <move id="510" source="D8" target="D9"/>
  <move id="511" source="D2" target="D3"/>
  <move id="512" source="F9" target="F8"/>
  <move id="513" source="D3" target="D4"/>
  <move id="514" source="F8" target="F7"/>
  <move id="515" source="D4" target="E4"/>
  <move id="516" source="F7" target="F6"/>
  <move id="517" source="B9" target="B8"/>
  <move id="518" source="D9" target="D8"/>
  <move id="519" source="B8" target="B7"/>
  <move id="520" source="D8" target="E8"/>
  <move id="521" source="B7" target="B6"/>
  <move id="522" source="E8" target="E7"/>
  <move id="523" source="B6" target="B5"/>
  <move id="524" source="E7" target="E6"/>
  <move id="525" source="E4" target="F4"/>
  <move id="526" source="E6" target="E5"/>
  <move id="527" source="C3" target="D3"/>
  <move id="528" source="E5" target="F5"/>
  <move id="529" source="H4" target="G4"/>
  <move id="530" source="I3" target="H3"/>
  <move id="531" source="D3" target="D4"/>
  <move id="532" source="B2" target="C2"/>
  <move id="533" source="D4" target="E4"/>
  <move id="534" source="F6" target="F7"/>
  <move id="535" source="F4" target="F3"/>
  <move id="536" source="F7" target="G7"/>
  <move id="537" source="E4" target="E5"/>
  <move id="538" source="F5" target="F6"/>
  <move id="539" source="E5" target="E6"/>
  <move id="540" source="F6" target="F7"/>
  <move id="541" source="E6" target="E7"/>
  <move id="542" source="F7" target="F8"/>
  <move id="543" source="E7" target="F7"/>
  <move id="544" source="F8" target="E8"/>
  <move id="545" source="F7" target="G7"/>
  <move id="546" source="C2" target="D2"/>
  <move id="547" source="G7" target="F7"/>
  <move id="548" source="D2" target="D1"/>
  <move id="549" source="F7" target="E7"/>
  <move id="550" source="E8" target="F8"/>
  <move id="551" source="E7" target="D7"/>
  <move id="552" source="D1" target="E1"/>
  <move id="553" source="H2" target="I2"/>
  <move id="554" source="E1" target="F1"/>
  <move id="555" source="I2" target="K2"/>
  <move id="556" source="H3" target="H2"/>
  <move id="557" source="K2" target="K3"/>
  <move id="558" source="H2" target="H1"/>
  <player id="1">Player 1</player>
  <player id="2">Player 2</player>
  <result type="3" winner="1"/>
 </game>
</stratego>