<?xml version="1.0" encoding="UTF-8"?>
<stratego>
 <game type="classic">
  
  <field content="EDIHDDEEHDEDMBDDJKBFLGBCHIDHFBIGEJFGBBGFAA__AA__AAAA__AA__AARPSQTUPNQPQRPNPSWTVNYSNQNRPUPPUSXVRTTNOQ"/>
  <move id="1" source="F4" target="F5"/>
  <move id="2" source="E7" target="E6"/>
  <move id="3" source="I4" target="I5"/>
  <move id="4" source="K7" target="K6"/>
  <move id="5" source="E4" target="E5"/>
  <move id="6" source="F7" target="F6"/>
  <move id="7" source="F5" target="F4"/>
  <move id="8" source="F6" target="F5"/>
  <move id="9" source="D4" target="E4"/>
  <move id="10" source="E6" target="E5"/>
  <move id="11" source="A4" target="A5"/>
  <move id="12" source="F5" target="F4"/>
  <move id="13" source="E4" target="F4"/>
  <move id="14" source="F8" target="F7"/>
  <move id="15" source="F4" target="E4"/>
  <move id="16" source="E5" target="F5"/>
  <move id="17" source="B4" target="B5"/>
  <move id="18" source="F7" target="F6"/>
  <move id="19" source="B5" target="B6"/>
  <move id="20" source="F6" target="E6"/>
  <move id="21" source="E4" target="D4"/>
  <move id="22" source="E6" target="E5"/>
  <move id="23" source="C4" target="B4"/>
  <move id="24" source="F5" target="F4"/>
  <move id="25" source="B4" target="B5"/>
  <move id="26" source="E5" target="E4"/>
  <move id="27" source="D4" target="C4"/>
  <move id="28" source="E4" target="E3"/>
  <move id="29" source="F3" target="F4"/>
  <move id="30" source="G8" target="F8"/>
  <move id="31" source="F4" target="E4"/>
  <move id="32" source="F8" target="F7"/>
  <move id="33" source="F2" target="F7"/>
  <move id="34" source="F7" target="F6"/>
  <move id="35" source="E4" target="E5"/>
  <move id="36" source="F6" target="F5"/>
  <move id="37" source="E5" target="E6"/>
  <move id="38" source="F5" target="F4"/>
  <move id="39" source="B6" target="B7"/>
  <move id="40" source="C7" target="B7"/>
  <move id="41" source="B5" target="B6"/>
  <move id="42" source="B8" target="B7"/>
  <move id="43" source="B6" target="A6"/>
  <move id="44" source="B7" target="B6"/>
  <move id="45" source="A3" target="A4"/>
  <move id="46" source="B6" target="B5"/>
  <move id="47" source="A5" target="B5"/>
  <move id="48" source="A7" target="A6"/>
  <move id="49" source="B3" target="A3"/>
  <move id="50" source="F4" target="E4"/>
  <move id="51" source="E3" target="F3"/>
  <move id="52" source="E4" target="E3"/>
  <move id="53" source="F3" target="F4"/>
  <move id="54" source="E3" target="F3"/>
  <move id="55" source="F4" target="E4"/>
  <move id="56" source="F3" target="F4"/>
  <move id="57" source="E4" target="E3"/>
  <move id="58" source="F4" target="F3"/>
  <move id="59" source="E3" target="E4"/>
  <move id="60" source="F3" target="E3"/>
  <move id="61" source="E4" target="F4"/>
  <move id="62" source="E3" target="E4"/>
  <move id="63" source="F4" target="F3"/>
  <move id="64" source="E4" target="D4"/>
  <move id="65" source="C4" target="B4"/>
  <move id="66" source="D4" target="C4"/>
  <move id="67" source="B4" target="B3"/>
  <move id="68" source="C4" target="B4"/>
  <move id="69" source="A4" target="B4"/>
  <move id="70" source="I7" target="K7"/>
  <move id="71" source="F3" target="F2"/>
  <move id="72" source="G7" target="F7"/>
  <move id="73" source="G3" target="F3"/>
  <move id="74" source="I8" target="I7"/>
  <move id="75" source="I3" target="I4"/>
  <move id="76" source="I7" target="I6"/>
  <move id="77" source="H3" target="I3"/>
  <move id="78" source="I6" target="I5"/>
  <move id="79" source="H2" target="H3"/>
  <move id="80" source="I5" target="I4"/>
  <move id="81" source="K4" target="K5"/>
  <move id="82" source="I4" target="K4"/>
  <move id="83" source="K5" target="I5"/>
  <move id="84" source="K4" target="K3"/>
  <player id="1">Player 1</player>
  <player id="2">Player 2</player>
  <result type="3" winner="1"/>
 </game>
</stratego>