<?xml version="1.0" encoding="UTF-8"?>
<stratego>
 <game type="classic">
  
  <field content="BBFBBBEHFEDDEDIJIMBIGHEDGHLCJDDFGEDFDKHGAA__AA__AAAA__AA__AARPURPTQNRSNSPXUPWTPNQPVYTTUOQSPNRNQNQSVP"/>
  <move id="1" source="F4" target="F5"/>
  <move id="2" source="B7" target="B6"/>
  <move id="3" source="F3" target="F4"/>
  <move id="4" source="B6" target="B5"/>
  <move id="5" source="F5" target="F6"/>
  <move id="6" source="E7" target="E6"/>
  <move id="7" source="F4" target="F5"/>
  <move id="8" source="E8" target="E7"/>
  <move id="9" source="G3" target="F3"/>
  <move id="10" source="D8" target="E8"/>
  <move id="11" source="E4" target="E5"/>
  <move id="12" source="C7" target="B7"/>
  <move id="13" source="F3" target="F4"/>
  <move id="14" source="B7" target="B6"/>
  <move id="15" source="E3" target="E4"/>
  <move id="16" source="B6" target="A6"/>
  <move id="17" source="E5" target="E6"/>
  <move id="18" source="A6" target="A5"/>
  <move id="19" source="E4" target="E5"/>
  <move id="20" source="A5" target="A4"/>
  <move id="21" source="B4" target="B5"/>
  <move id="22" source="A4" target="A5"/>
  <move id="23" source="B5" target="B6"/>
  <move id="24" source="A5" target="B5"/>
  <move id="25" source="B6" target="B7"/>
  <move id="26" source="B8" target="B7"/>
  <move id="27" source="E5" target="E6"/>
  <move id="28" source="B7" target="B8"/>
  <move id="29" source="F6" target="F7"/>
  <move id="30" source="B5" target="B6"/>
  <move id="31" source="F5" target="F6"/>
  <move id="32" source="B6" target="B7"/>
  <move id="33" source="F4" target="F5"/>
  <move id="34" source="B7" target="C7"/>
  <move id="35" source="E6" target="E5"/>
  <move id="36" source="C8" target="D8"/>
  <move id="37" source="F6" target="E6"/>
  <move id="38" source="C7" target="C8"/>
  <move id="39" source="F5" target="F6"/>
  <move id="40" source="D7" target="C7"/>
  <move id="41" source="E6" target="E7"/>
  <move id="42" source="E7" target="D7"/>
  <move id="43" source="F6" target="F7"/>
  <move id="44" source="C7" target="B7"/>
  <move id="45" source="F7" target="E7"/>
  <move id="46" source="D7" target="C7"/>
  <move id="47" source="E7" target="D7"/>
  <move id="48" source="F8" target="F7"/>
  <move id="49" source="D7" target="C7"/>
  <move id="50" source="B7" target="B6"/>
  <move id="51" source="E5" target="E6"/>
  <move id="52" source="F7" target="E7"/>
  <move id="53" source="E6" target="F6"/>
  <move id="54" source="E7" target="E6"/>
  <move id="55" source="F6" target="F7"/>
  <move id="56" source="G7" target="F7"/>
  <move id="57" source="C7" target="D7"/>
  <move id="58" source="F9" target="F8"/>
  <move id="59" source="F7" target="E7"/>
  <move id="60" source="E6" target="E5"/>
  <move id="61" source="E7" target="E8"/>
  <move id="62" source="E5" target="E4"/>
  <move id="63" source="G4" target="F4"/>
  <move id="64" source="E4" target="D4"/>
  <move id="65" source="F4" target="F8"/>
  <move id="66" source="G8" target="G7"/>
  <move id="67" source="D7" target="E7"/>
  <move id="68" source="E8" target="E7"/>
  <move id="69" source="H4" target="G4"/>
  <move id="70" source="G7" target="F7"/>
  <move id="71" source="G4" target="F4"/>
  <move id="72" source="D8" target="E8"/>
  <move id="73" source="F4" target="F5"/>
  <move id="74" source="E8" target="E7"/>
  <move id="75" source="F5" target="F6"/>
  <move id="76" source="C8" target="D8"/>
  <move id="77" source="F6" target="F7"/>
  <move id="78" source="C9" target="C8"/>
  <move id="79" source="F2" target="F3"/>
  <move id="80" source="C8" target="C7"/>
  <move id="81" source="F3" target="F4"/>
  <move id="82" source="B6" target="B5"/>
  <move id="83" source="F4" target="F5"/>
  <move id="84" source="E7" target="E8"/>
  <move id="85" source="F5" target="F6"/>
  <move id="86" source="C7" target="D7"/>
  <move id="87" source="F6" target="F7"/>
  <move id="88" source="F8" target="G8"/>
  <move id="89" source="F7" target="G7"/>
  <move id="90" source="G8" target="F8"/>
  <move id="91" source="G7" target="F7"/>
  <move id="92" source="F8" target="G8"/>
  <move id="93" source="F7" target="G7"/>
  <move id="94" source="D7" target="E7"/>
  <move id="95" source="G7" target="G8"/>
  <move id="96" source="E7" target="E6"/>
  <move id="97" source="G8" target="F8"/>
  <move id="98" source="E6" target="E5"/>
  <move id="99" source="F8" target="E8"/>
  <move id="100" source="E5" target="E4"/>
  <move id="101" source="I4" target="I5"/>
  <move id="102" source="B5" target="B4"/>
  <move id="103" source="I3" target="I4"/>
  <move id="104" source="B4" target="C4"/>
  <move id="105" source="I4" target="H4"/>
  <move id="106" source="E4" target="D4"/>
  <move id="107" source="C4" target="B4"/>
  <move id="108" source="D4" target="C4"/>
  <move id="109" source="B4" target="A4"/>
  <move id="110" source="C4" target="C3"/>
  <move id="111" source="A4" target="A5"/>
  <move id="112" source="C3" target="C4"/>
  <move id="113" source="D3" target="F3"/>
  <move id="114" source="B8" target="B7"/>
  <move id="115" source="F3" target="F:"/>
  <move id="116" source="B7" target="B6"/>
  <move id="117" source="D2" target="D3"/>
  <move id="118" source="B6" target="A6"/>
  <move id="119" source="D3" target="F3"/>
  <move id="120" source="A6" target="A5"/>
  <move id="121" source="F3" target="F8"/>
  <move id="122" source="G9" target="G8"/>
  <move id="123" source="F8" target="F9"/>
  <move id="124" source="G8" target="G7"/>
  <move id="125" source="F9" target="E9"/>
  <move id="126" source="C4" target="C3"/>
  <move id="127" source="E8" target="E9"/>
  <move id="128" source="B9" target="B3"/>
  <move id="129" source="B3" target="B4"/>
  <move id="130" source="D8" target="C8"/>
  <move id="131" source="E9" target="E8"/>
  <move id="132" source="C8" target="B8"/>
  <move id="133" source="E8" target="F8"/>
  <move id="134" source="B8" target="B7"/>
  <move id="135" source="H4" target="G4"/>
  <move id="136" source="B7" target="B6"/>
  <move id="137" source="G4" target="F4"/>
  <move id="138" source="B6" target="B5"/>
  <move id="139" source="F4" target="F5"/>
  <move id="140" source="B5" target="B4"/>
  <move id="141" source="F5" target="F6"/>
  <move id="142" source="B4" target="B3"/>
  <move id="143" source="F6" target="F7"/>
  <move id="144" source="A7" target="A6"/>
  <move id="145" source="F7" target="G7"/>
  <move id="146" source="A6" target="A5"/>
  <move id="147" source="G7" target="F7"/>
  <move id="148" source="A5" target="A4"/>
  <move id="149" source="F7" target="F6"/>
  <move id="150" source="A4" target="A3"/>
  <move id="151" source="A3" target="A4"/>
  <move id="152" source="B3" target="B2"/>
  <move id="153" source="F6" target="F5"/>
  <move id="154" source="B2" target="B3"/>
  <move id="155" source="F5" target="F4"/>
  <move id="156" source="B3" target="B4"/>
  <move id="157" source="A4" target="A5"/>
  <move id="158" source="B4" target="B5"/>
  <move id="159" source="A5" target="A6"/>
  <move id="160" source="B5" target="B6"/>
  <move id="161" source="A6" target="A7"/>
  <move id="162" source="B6" target="B7"/>
  <move id="163" source="A7" target="A6"/>
  <move id="164" source="B7" target="B6"/>
  <move id="165" source="A6" target="A5"/>
  <move id="166" source="C3" target="C4"/>
  <move id="167" source="F8" target="E8"/>
  <move id="168" source="C4" target="B4"/>
  <move id="169" source="E8" target="D8"/>
  <move id="170" source="B6" target="A6"/>
  <move id="171" source="D8" target="C8"/>
  <move id="172" source="A6" target="A5"/>
  <move id="173" source="C8" target="B8"/>
  <move id="174" source="B4" target="B5"/>
  <move id="175" source="B8" target="B7"/>
  <move id="176" source="B5" target="B6"/>
  <move id="177" source="B7" target="A7"/>
  <move id="178" source="A5" target="A4"/>
  <move id="179" source="F4" target="E4"/>
  <move id="180" source="A4" target="A3"/>
  <move id="181" source="E4" target="E3"/>
  <move id="182" source="A3" target="A4"/>
  <move id="183" source="E3" target="E4"/>
  <move id="184" source="B6" target="B5"/>
  <move id="185" source="A7" target="A6"/>
  <move id="186" source="I7" target="I6"/>
  <move id="187" source="I5" target="I6"/>
  <move id="188" source="I8" target="I7"/>
  <move id="189" source="I6" target="K6"/>
  <move id="190" source="I7" target="I6"/>
  <move id="191" source="K6" target="K7"/>
  <move id="192" source="I6" target="K6"/>
  <move id="193" source="K7" target="I7"/>
  <move id="194" source="K6" target="I6"/>
  <move id="195" source="I7" target="K7"/>
  <move id="196" source="I6" target="K6"/>
  <move id="197" source="K7" target="I7"/>
  <move id="198" source="H9" target="G9"/>
  <move id="199" source="E4" target="F4"/>
  <move id="200" source="G9" target="G8"/>
  <move id="201" source="A6" target="A5"/>
  <move id="202" source="B5" target="A5"/>
  <move id="203" source="F4" target="G4"/>
  <move id="204" source="I9" target="H9"/>
  <move id="205" source="G4" target="H4"/>
  <move id="206" source="H9" target="G9"/>
  <move id="207" source="K4" target="I4"/>
  <move id="208" source="I:" target="I9"/>
  <move id="209" source="K3" target="K6"/>
  <move id="210" source="I9" target="I8"/>
  <move id="211" source="I7" target="K7"/>
  <move id="212" source="I8" target="I7"/>
  <move id="213" source="K7" target="K6"/>
  <move id="214" source="I7" target="I6"/>
  <move id="215" source="K6" target="K5"/>
  <move id="216" source="I6" target="I5"/>
  <move id="217" source="K5" target="K6"/>
  <move id="218" source="I5" target="I6"/>
  <move id="219" source="K6" target="K7"/>
  <move id="220" source="G8" target="F8"/>
  <move id="221" source="I4" target="I3"/>
  <move id="222" source="I6" target="I7"/>
  <move id="223" source="K7" target="K6"/>
  <move id="224" source="I7" target="I6"/>
  <move id="225" source="K6" target="K5"/>
  <move id="226" source="I6" target="I5"/>
  <move id="227" source="K5" target="K4"/>
  <move id="228" source="F8" target="F7"/>
  <move id="229" source="H3" target="G3"/>
  <move id="230" source="F7" target="F6"/>
  <move id="231" source="G3" target="F3"/>
  <move id="232" source="F6" target="E6"/>
  <move id="233" source="F3" target="E3"/>
  <move id="234" source="E6" target="E5"/>
  <move id="235" source="E3" target="E4"/>
  <move id="236" source="E5" target="F5"/>
  <move id="237" source="E4" target="F4"/>
  <move id="238" source="F5" target="E5"/>
  <move id="239" source="F4" target="E4"/>
  <move id="240" source="E5" target="E6"/>
  <move id="241" source="E4" target="E5"/>
  <move id="242" source="E6" target="E7"/>
  <move id="243" source="E5" target="E6"/>
  <move id="244" source="E7" target="D7"/>
  <move id="245" source="E6" target="E7"/>
  <move id="246" source="D7" target="D8"/>
  <move id="247" source="H4" target="I4"/>
  <move id="248" source="I5" target="K5"/>
  <move id="249" source="K4" target="K3"/>
  <move id="250" source="A9" target="B9"/>
  <move id="251" source="E7" target="F7"/>
  <move id="252" source="D8" target="D7"/>
  <move id="253" source="F7" target="G7"/>
  <move id="254" source="B9" target="B8"/>
  <move id="255" source="G7" target="G8"/>
  <move id="256" source="B8" target="B7"/>
  <move id="257" source="G8" target="H8"/>
  <move id="258" source="B7" target="B6"/>
  <move id="259" source="E2" target="E3"/>
  <move id="260" source="B6" target="B5"/>
  <move id="261" source="E3" target="E4"/>
  <move id="262" source="B5" target="B4"/>
  <move id="263" source="E4" target="D4"/>
  <move id="264" source="B4" target="B3"/>
  <move id="265" source="D4" target="C4"/>
  <move id="266" source="A4" target="A5"/>
  <move id="267" source="C4" target="B4"/>
  <move id="268" source="B3" target="C3"/>
  <move id="269" source="B4" target="C4"/>
  <move id="270" source="C3" target="C2"/>
  <move id="271" source="A2" target="E2"/>
  <move id="272" source="D7" target="E7"/>
  <move id="273" source="I4" target="K4"/>
  <move id="274" source="K5" target="I5"/>
  <move id="275" source="E2" target="E4"/>
  <move id="276" source="E7" target="E6"/>
  <move id="277" source="E4" target="I4"/>
  <move id="278" source="E6" target="E5"/>
  <move id="279" source="I4" target="I5"/>
  <move id="280" source="E5" target="E4"/>
  <move id="281" source="I3" target="H3"/>
  <move id="282" source="E4" target="E3"/>
  <move id="283" source="H3" target="G3"/>
  <move id="284" source="E3" target="E2"/>
  <move id="285" source="G3" target="F3"/>
  <move id="286" source="A:" target="A9"/>
  <move id="287" source="C4" target="C3"/>
  <move id="288" source="A9" target="B9"/>
  <move id="289" source="C3" target="C2"/>
  <move id="290" source="A5" target="A4"/>
  <move id="291" source="C2" target="D2"/>
  <move id="292" source="A4" target="A3"/>
  <move id="293" source="D2" target="E2"/>
  <move id="294" source="A3" target="A2"/>
  <move id="295" source="E2" target="D2"/>
  <move id="296" source="B9" target="B1"/>
  <move id="297" source="D2" target="C2"/>
  <move id="298" source="A2" target="A1"/>
  <move id="299" source="K4" target="I4"/>
  <move id="300" source="I5" target="I6"/>
  <move id="301" source="I4" target="I5"/>
  <move id="302" source="I6" target="I7"/>
  <move id="303" source="I5" target="I6"/>
  <move id="304" source="I7" target="K7"/>
  <move id="305" source="I6" target="K6"/>
  <move id="306" source="K7" target="I7"/>
  <move id="307" source="K6" target="I6"/>
  <move id="308" source="H8" target="G8"/>
  <move id="309" source="I6" target="I7"/>
  <player id="1">Player 1</player>
  <player id="2">Player 2</player>
  <result type="3" winner="1"/>
 </game>
</stratego>