<?xml version="1.0" encoding="UTF-8"?>
<stratego>
 <game type="classic">
  
  <field content="BEBMHJBIBBFIBECKEFHEDGHLJHIEDFGDDGDFDDGDAA__AA__AAAA__AA__AASPTWPSTUSPPUPOURTXQRQSNTVPVQPQNNRYNQNNRP"/>
  <move id="1" source="I4" target="I5"/>
  <move id="2" source="E7" target="E6"/>
  <move id="3" source="I5" target="I6"/>
  <move id="4" source="E8" target="E7"/>
  <move id="5" source="K4" target="K7"/>
  <move id="6" source="A7" target="A6"/>
  <move id="7" source="I6" target="I7"/>
  <move id="8" source="K8" target="K7"/>
  <move id="9" source="I3" target="I8"/>
  <move id="10" source="I8" target="K8"/>
  <move id="11" source="K3" target="K4"/>
  <move id="12" source="K7" target="I7"/>
  <move id="13" source="K4" target="K5"/>
  <move id="14" source="K8" target="I8"/>
  <move id="15" source="K5" target="K6"/>
  <move id="16" source="E6" target="E5"/>
  <move id="17" source="K6" target="K7"/>
  <move id="18" source="E7" target="E6"/>
  <move id="19" source="K7" target="K8"/>
  <move id="20" source="A6" target="A5"/>
  <move id="21" source="K8" target="I8"/>
  <move id="22" source="I7" target="I8"/>
  <move id="23" source="H4" target="I4"/>
  <move id="24" source="I9" target="I8"/>
  <move id="25" source="I4" target="I5"/>
  <move id="26" source="I:" target="I9"/>
  <move id="27" source="I5" target="I6"/>
  <move id="28" source="I8" target="I7"/>
  <move id="29" source="I6" target="I7"/>
  <move id="30" source="I9" target="I8"/>
  <move id="31" source="G4" target="H4"/>
  <move id="32" source="I8" target="I7"/>
  <move id="33" source="H4" target="I4"/>
  <move id="34" source="I7" target="I8"/>
  <move id="35" source="I4" target="I5"/>
  <move id="36" source="H9" target="I9"/>
  <move id="37" source="I5" target="I6"/>
  <move id="38" source="F8" target="E8"/>
  <move id="39" source="I6" target="I7"/>
  <move id="40" source="H7" target="I7"/>
  <move id="41" source="E4" target="E5"/>
  <move id="42" source="E8" target="F8"/>
  <move id="43" source="D4" target="E4"/>
  <move id="44" source="E6" target="E7"/>
  <move id="45" source="D3" target="D4"/>
  <move id="46" source="D8" target="E8"/>
  <move id="47" source="E4" target="E5"/>
  <move id="48" source="I8" target="K8"/>
  <move id="49" source="E5" target="E6"/>
  <move id="50" source="K8" target="K7"/>
  <move id="51" source="E3" target="E4"/>
  <move id="52" source="K7" target="K6"/>
  <move id="53" source="E4" target="E5"/>
  <move id="54" source="I7" target="I8"/>
  <move id="55" source="D4" target="E4"/>
  <move id="56" source="G7" target="H7"/>
  <move id="57" source="F4" target="F5"/>
  <move id="58" source="H7" target="I7"/>
  <move id="59" source="F5" target="F6"/>
  <move id="60" source="H8" target="H7"/>
  <move id="61" source="E4" target="F4"/>
  <move id="62" source="H7" target="G7"/>
  <move id="63" source="F4" target="F5"/>
  <move id="64" source="I8" target="H8"/>
  <move id="65" source="F3" target="F4"/>
  <move id="66" source="H8" target="H9"/>
  <move id="67" source="F2" target="F3"/>
  <move id="68" source="I7" target="H7"/>
  <move id="69" source="F3" target="E3"/>
  <move id="70" source="I9" target="I8"/>
  <move id="71" source="F6" target="F7"/>
  <move id="72" source="I8" target="I7"/>
  <move id="73" source="E6" target="E7"/>
  <move id="74" source="I7" target="I6"/>
  <move id="75" source="E5" target="E6"/>
  <move id="76" source="I6" target="I5"/>
  <move id="77" source="F5" target="E5"/>
  <move id="78" source="I5" target="I4"/>
  <move id="79" source="E3" target="E4"/>
  <move id="80" source="I4" target="H4"/>
  <move id="81" source="E2" target="E3"/>
  <move id="82" source="H4" target="H3"/>
  <move id="83" source="F4" target="F5"/>
  <move id="84" source="K6" target="I6"/>
  <move id="85" source="E6" target="F6"/>
  <move id="86" source="I6" target="I5"/>
  <move id="87" source="F6" target="E6"/>
  <move id="88" source="I5" target="I4"/>
  <move id="89" source="F5" target="F6"/>
  <move id="90" source="I4" target="H4"/>
  <move id="91" source="E5" target="F5"/>
  <move id="92" source="H4" target="G4"/>
  <move id="93" source="G3" target="G4"/>
  <move id="94" source="H9" target="H8"/>
  <move id="95" source="E6" target="E5"/>
  <move id="96" source="H8" target="I8"/>
  <move id="97" source="G4" target="G3"/>
  <move id="98" source="I8" target="I7"/>
  <move id="99" source="E3" target="E2"/>
  <move id="100" source="I7" target="I6"/>
  <move id="101" source="E4" target="E3"/>
  <move id="102" source="I6" target="I5"/>
  <move id="103" source="C4" target="I4"/>
  <move id="104" source="I5" target="I4"/>
  <move id="105" source="E5" target="E4"/>
  <move id="106" source="I4" target="H4"/>
  <move id="107" source="F5" target="E5"/>
  <move id="108" source="H4" target="G4"/>
  <move id="109" source="G3" target="F3"/>
  <move id="110" source="H7" target="H8"/>
  <move id="111" source="F3" target="F2"/>
  <move id="112" source="G4" target="H4"/>
  <move id="113" source="E5" target="E6"/>
  <move id="114" source="H4" target="I4"/>
  <move id="115" source="F6" target="F5"/>
  <move id="116" source="H8" target="I8"/>
  <move id="117" source="F5" target="F6"/>
  <move id="118" source="I8" target="K8"/>
  <move id="119" source="E6" target="E5"/>
  <move id="120" source="K8" target="K7"/>
  <move id="121" source="E5" target="F5"/>
  <move id="122" source="K:" target="I:"/>
  <move id="123" source="E4" target="E5"/>
  <move id="124" source="I:" target="I9"/>
  <move id="125" source="F5" target="F4"/>
  <move id="126" source="I9" target="I8"/>
  <move id="127" source="F4" target="G4"/>
  <move id="128" source="I4" target="I5"/>
  <move id="129" source="G4" target="H4"/>
  <move id="130" source="I5" target="I6"/>
  <move id="131" source="H4" target="I4"/>
  <move id="132" source="I6" target="I7"/>
  <move id="133" source="I4" target="I5"/>
  <move id="134" source="I7" target="H7"/>
  <move id="135" source="I5" target="I6"/>
  <move id="136" source="I8" target="I6"/>
  <move id="137" source="I6" target="I7"/>
  <move id="138" source="H7" target="H8"/>
  <move id="139" source="I7" target="K7"/>
  <move id="140" source="E8" target="D8"/>
  <move id="141" source="E5" target="F5"/>
  <move id="142" source="E7" target="E8"/>
  <move id="143" source="F5" target="F4"/>
  <move id="144" source="F7" target="E7"/>
  <move id="145" source="F4" target="G4"/>
  <move id="146" source="F8" target="F7"/>
  <move id="147" source="F6" target="E6"/>
  <move id="148" source="F7" target="F6"/>
  <move id="149" source="E6" target="E7"/>
  <move id="150" source="E8" target="E7"/>
  <move id="151" source="G4" target="G3"/>
  <move id="152" source="G8" target="F8"/>
  <move id="153" source="K7" target="I7"/>
  <move id="154" source="F8" target="F7"/>
  <move id="155" source="I7" target="I6"/>
  <move id="156" source="D8" target="E8"/>
  <move id="157" source="I6" target="I5"/>
  <move id="158" source="F7" target="F8"/>
  <move id="159" source="I5" target="I4"/>
  <move id="160" source="F6" target="F7"/>
  <move id="161" source="I4" target="H4"/>
  <move id="162" source="F8" target="G8"/>
  <move id="163" source="H4" target="G4"/>
  <move id="164" source="H8" target="H9"/>
  <move id="165" source="G4" target="F4"/>
  <move id="166" source="G8" target="H8"/>
  <move id="167" source="F4" target="F5"/>
  <move id="168" source="D7" target="D8"/>
  <move id="169" source="F5" target="F6"/>
  <move id="170" source="F7" target="F8"/>
  <move id="171" source="F6" target="E6"/>
  <move id="172" source="B7" target="A7"/>
  <move id="173" source="B4" target="I4"/>
  <move id="174" source="H8" target="I8"/>
  <move id="175" source="I4" target="K4"/>
  <move id="176" source="F8" target="F7"/>
  <move id="177" source="K4" target="K7"/>
  <move id="178" source="I8" target="I7"/>
  <move id="179" source="K7" target="K8"/>
  <move id="180" source="K9" target="K8"/>
  <move id="181" source="H2" target="H3"/>
  <move id="182" source="K8" target="K9"/>
  <move id="183" source="H3" target="H4"/>
  <move id="184" source="I7" target="I8"/>
  <move id="185" source="H4" target="G4"/>
  <move id="186" source="K9" target="I9"/>
  <move id="187" source="G4" target="F4"/>
  <move id="188" source="I8" target="H8"/>
  <move id="189" source="F4" target="F5"/>
  <move id="190" source="G9" target="G8"/>
  <move id="191" source="F5" target="F6"/>
  <move id="192" source="G8" target="F8"/>
  <move id="193" source="F6" target="F7"/>
  <move id="194" source="F8" target="G8"/>
  <move id="195" source="B3" target="B4"/>
  <move id="196" source="F9" target="F8"/>
  <move id="197" source="B4" target="C4"/>
  <move id="198" source="F8" target="F7"/>
  <move id="199" source="C4" target="D4"/>
  <move id="200" source="G8" target="F8"/>
  <move id="201" source="D4" target="E4"/>
  <move id="202" source="D8" target="D7"/>
  <move id="203" source="E4" target="F4"/>
  <move id="204" source="H8" target="G8"/>
  <move id="205" source="F4" target="F5"/>
  <move id="206" source="H9" target="H8"/>
  <move id="207" source="F5" target="F6"/>
  <move id="208" source="H8" target="H7"/>
  <move id="209" source="F6" target="F7"/>
  <move id="210" source="F8" target="F7"/>
  <move id="211" source="E6" target="F6"/>
  <move id="212" source="F7" target="F8"/>
  <move id="213" source="F6" target="F7"/>
  <move id="214" source="F8" target="F9"/>
  <move id="215" source="F7" target="G7"/>
  <move id="216" source="E8" target="D8"/>
  <move id="217" source="E3" target="E4"/>
  <move id="218" source="E7" target="E8"/>
  <move id="219" source="E4" target="F4"/>
  <move id="220" source="E8" target="F8"/>
  <move id="221" source="F4" target="F5"/>
  <move id="222" source="D8" target="E8"/>
  <move id="223" source="F5" target="F4"/>
  <move id="224" source="E8" target="E7"/>
  <move id="225" source="F4" target="G4"/>
  <move id="226" source="E7" target="F7"/>
  <move id="227" source="G4" target="H4"/>
  <move id="228" source="H7" target="H8"/>
  <move id="229" source="H4" target="I4"/>
  <move id="230" source="F7" target="G7"/>
  <move id="231" source="G3" target="F3"/>
  <move id="232" source="G7" target="H7"/>
  <move id="233" source="F3" target="F4"/>
  <move id="234" source="H7" target="I7"/>
  <move id="235" source="F4" target="F5"/>
  <move id="236" source="D7" target="E7"/>
  <move id="237" source="F5" target="F6"/>
  <move id="238" source="G8" target="G9"/>
  <move id="239" source="F2" target="F3"/>
  <move id="240" source="F8" target="E8"/>
  <move id="241" source="F3" target="E3"/>
  <move id="242" source="E7" target="F7"/>
  <move id="243" source="F6" target="F7"/>
  <move id="244" source="H8" target="G8"/>
  <move id="245" source="F1" target="F2"/>
  <move id="246" source="I7" target="I6"/>
  <move id="247" source="F2" target="F3"/>
  <move id="248" source="I6" target="I5"/>
  <move id="249" source="I4" target="I5"/>
  <move id="250" source="F7" target="G7"/>
  <move id="251" source="F3" target="F4"/>
  <move id="252" source="E8" target="D8"/>
  <move id="253" source="F4" target="F5"/>
  <move id="254" source="E9" target="E8"/>
  <move id="255" source="F5" target="E5"/>
  <move id="256" source="E8" target="E7"/>
  <move id="257" source="E5" target="E4"/>
  <move id="258" source="E7" target="E6"/>
  <move id="259" source="E4" target="D4"/>
  <move id="260" source="C7" target="D7"/>
  <move id="261" source="D4" target="C4"/>
  <move id="262" source="D7" target="E7"/>
  <move id="263" source="C4" target="B4"/>
  <move id="264" source="E7" target="E8"/>
  <move id="265" source="B4" target="B5"/>
  <move id="266" source="A5" target="A4"/>
  <move id="267" source="B5" target="B6"/>
  <move id="268" source="C8" target="C7"/>
  <move id="269" source="B6" target="A6"/>
  <move id="270" source="C7" target="B7"/>
  <move id="271" source="A6" target="A7"/>
  <move id="272" source="B7" target="B6"/>
  <move id="273" source="A7" target="A8"/>
  <move id="274" source="B8" target="B7"/>
  <move id="275" source="A8" target="B8"/>
  <move id="276" source="B7" target="A7"/>
  <move id="277" source="B8" target="B7"/>
  <move id="278" source="A7" target="A6"/>
  <move id="279" source="B7" target="B6"/>
  <move id="280" source="A6" target="A5"/>
  <move id="281" source="B6" target="B5"/>
  <move id="282" source="A5" target="A6"/>
  <move id="283" source="B5" target="B6"/>
  <move id="284" source="A6" target="A5"/>
  <move id="285" source="B6" target="B7"/>
  <move id="286" source="F9" target="F8"/>
  <move id="287" source="I5" target="I4"/>
  <move id="288" source="G7" target="F7"/>
  <move id="289" source="I4" target="H4"/>
  <move id="290" source="F7" target="F6"/>
  <move id="291" source="H4" target="I4"/>
  <move id="292" source="F6" target="F7"/>
  <move id="293" source="B7" target="B8"/>
  <move id="294" source="D8" target="D7"/>
  <move id="295" source="B8" target="A8"/>
  <move id="296" source="A5" target="B5"/>
  <move id="297" source="A8" target="A7"/>
  <move id="298" source="D7" target="D8"/>
  <move id="299" source="A7" target="B7"/>
  <move id="300" source="B5" target="A5"/>
  <move id="301" source="B7" target="B8"/>
  <move id="302" source="D8" target="D7"/>
  <move id="303" source="B8" target="C8"/>
  <move id="304" source="E8" target="E9"/>
  <move id="305" source="A3" target="B3"/>
  <move id="306" source="F8" target="E8"/>
  <move id="307" source="B3" target="B9"/>
  <move id="308" source="E8" target="D8"/>
  <move id="309" source="C8" target="B8"/>
  <move id="310" source="D8" target="C8"/>
  <move id="311" source="B8" target="B9"/>
  <move id="312" source="A9" target="A8"/>
  <move id="313" source="B9" target="A9"/>
  <move id="314" source="C8" target="B8"/>
  <move id="315" source="A9" target="A8"/>
  <move id="316" source="B8" target="A8"/>
  <move id="317" source="A2" target="A3"/>
  <move id="318" source="D7" target="D8"/>
  <move id="319" source="A3" target="A4"/>
  <move id="320" source="D8" target="C8"/>
  <move id="321" source="A4" target="A5"/>
  <move id="322" source="C8" target="B8"/>
  <move id="323" source="I4" target="I5"/>
  <move id="324" source="F7" target="G7"/>
  <move id="325" source="I5" target="I6"/>
  <move id="326" source="G7" target="H7"/>
  <move id="327" source="I6" target="I5"/>
  <move id="328" source="H7" target="G7"/>
  <move id="329" source="I5" target="I4"/>
  <move id="330" source="G7" target="F7"/>
  <move id="331" source="I4" target="H4"/>
  <move id="332" source="F7" target="F6"/>
  <move id="333" source="H4" target="G4"/>
  <move id="334" source="F6" target="F5"/>
  <move id="335" source="G4" target="H4"/>
  <move id="336" source="F5" target="F6"/>
  <move id="337" source="H4" target="I4"/>
  <move id="338" source="F6" target="F7"/>
  <move id="339" source="I4" target="I5"/>
  <move id="340" source="F7" target="G7"/>
  <move id="341" source="I5" target="I6"/>
  <move id="342" source="G7" target="H7"/>
  <move id="343" source="I6" target="I5"/>
  <move id="344" source="H7" target="G7"/>
  <move id="345" source="I5" target="I4"/>
  <move id="346" source="G7" target="F7"/>
  <move id="347" source="I4" target="H4"/>
  <move id="348" source="F7" target="F6"/>
  <move id="349" source="H4" target="G4"/>
  <move id="350" source="F6" target="F5"/>
  <move id="351" source="G4" target="H4"/>
  <move id="352" source="F5" target="F6"/>
  <move id="353" source="H4" target="I4"/>
  <move id="354" source="F6" target="F7"/>
  <move id="355" source="I4" target="I5"/>
  <move id="356" source="F7" target="G7"/>
  <move id="357" source="I5" target="I6"/>
  <move id="358" source="G8" target="F8"/>
  <move id="359" source="I6" target="I5"/>
  <move id="360" source="I9" target="H9"/>
  <move id="361" source="I5" target="I4"/>
  <move id="362" source="H9" target="H8"/>
  <move id="363" source="I4" target="H4"/>
  <move id="364" source="G7" target="F7"/>
  <move id="365" source="H4" target="G4"/>
  <move id="366" source="F7" target="F6"/>
  <move id="367" source="G4" target="F4"/>
  <move id="368" source="E6" target="E7"/>
  <move id="369" source="F4" target="E4"/>
  <move id="370" source="F6" target="E6"/>
  <move id="371" source="E4" target="D4"/>
  <move id="372" source="E7" target="F7"/>
  <move id="373" source="D4" target="C4"/>
  <move id="374" source="B8" target="C8"/>
  <move id="375" source="C4" target="B4"/>
  <move id="376" source="E6" target="E7"/>
  <move id="377" source="B4" target="A4"/>
  <move id="378" source="A5" target="B5"/>
  <move id="379" source="A4" target="A5"/>
  <move id="380" source="B5" target="B4"/>
  <move id="381" source="A5" target="B5"/>
  <move id="382" source="B4" target="A4"/>
  <move id="383" source="B5" target="B6"/>
  <move id="384" source="E7" target="D7"/>
  <move id="385" source="B6" target="B7"/>
  <move id="386" source="D7" target="C7"/>
  <move id="387" source="B7" target="A7"/>
  <move id="388" source="C7" target="B7"/>
  <move id="389" source="A7" target="A6"/>
  <move id="390" source="A4" target="B4"/>
  <move id="391" source="A6" target="A5"/>
  <move id="392" source="B7" target="B6"/>
  <move id="393" source="A5" target="A4"/>
  <move id="394" source="B4" target="B3"/>
  <move id="395" source="A4" target="B4"/>
  <move id="396" source="B3" target="A3"/>
  <move id="397" source="B4" target="C4"/>
  <move id="398" source="B6" target="B7"/>
  <move id="399" source="C4" target="D4"/>
  <move id="400" source="B7" target="C7"/>
  <move id="401" source="D4" target="E4"/>
  <move id="402" source="C7" target="D7"/>
  <move id="403" source="E4" target="F4"/>
  <move id="404" source="D7" target="E7"/>
  <move id="405" source="F4" target="F5"/>
  <move id="406" source="F8" target="E8"/>
  <move id="407" source="F5" target="F6"/>
  <move id="408" source="F7" target="F8"/>
  <move id="409" source="F6" target="F5"/>
  <move id="410" source="E7" target="F7"/>
  <move id="411" source="F5" target="E5"/>
  <move id="412" source="F7" target="E7"/>
  <move id="413" source="E5" target="F5"/>
  <move id="414" source="C8" target="B8"/>
  <move id="415" source="F5" target="F6"/>
  <move id="416" source="E8" target="D8"/>
  <move id="417" source="F6" target="F5"/>
  <move id="418" source="E7" target="E6"/>
  <move id="419" source="F5" target="F4"/>
  <move id="420" source="H8" target="H7"/>
  <move id="421" source="F4" target="E4"/>
  <move id="422" source="E6" target="E7"/>
  <move id="423" source="E4" target="D4"/>
  <move id="424" source="E7" target="D7"/>
  <move id="425" source="D4" target="C4"/>
  <move id="426" source="D7" target="C7"/>
  <move id="427" source="C4" target="B4"/>
  <move id="428" source="H7" target="G7"/>
  <move id="429" source="B4" target="A4"/>
  <move id="430" source="A3" target="B3"/>
  <move id="431" source="A4" target="A5"/>
  <move id="432" source="G7" target="F7"/>
  <move id="433" source="A5" target="B5"/>
  <move id="434" source="B3" target="A3"/>
  <move id="435" source="B5" target="B6"/>
  <move id="436" source="F7" target="F6"/>
  <move id="437" source="B6" target="B5"/>
  <move id="438" source="F6" target="F5"/>
  <move id="439" source="B5" target="B4"/>
  <move id="440" source="F5" target="F4"/>
  <move id="441" source="B4" target="C4"/>
  <move id="442" source="F4" target="F3"/>
  <move id="443" source="C4" target="D4"/>
  <move id="444" source="F3" target="G3"/>
  <move id="445" source="D4" target="E4"/>
  <move id="446" source="G3" target="G2"/>
  <move id="447" source="E4" target="F4"/>
  <move id="448" source="C7" target="D7"/>
  <move id="449" source="F4" target="F5"/>
  <move id="450" source="D7" target="E7"/>
  <move id="451" source="F5" target="F6"/>
  <move id="452" source="F8" target="G8"/>
  <move id="453" source="F6" target="F5"/>
  <move id="454" source="G8" target="H8"/>
  <move id="455" source="F5" target="F4"/>
  <move id="456" source="E7" target="E6"/>
  <move id="457" source="F4" target="E4"/>
  <move id="458" source="E6" target="E7"/>
  <move id="459" source="E4" target="D4"/>
  <move id="460" source="E7" target="D7"/>
  <move id="461" source="D4" target="C4"/>
  <move id="462" source="D8" target="E8"/>
  <move id="463" source="C4" target="B4"/>
  <move id="464" source="H8" target="I8"/>
  <move id="465" source="B4" target="A4"/>
  <move id="466" source="A3" target="B3"/>
  <move id="467" source="B2" target="B3"/>
  <move id="468" source="I8" target="I7"/>
  <move id="469" source="A4" target="B4"/>
  <move id="470" source="I7" target="I6"/>
  <move id="471" source="B4" target="B5"/>
  <move id="472" source="I6" target="I5"/>
  <move id="473" source="B5" target="B6"/>
  <move id="474" source="D7" target="C7"/>
  <move id="475" source="B6" target="B5"/>
  <move id="476" source="I5" target="I4"/>
  <move id="477" source="B5" target="B4"/>
  <move id="478" source="I4" target="I3"/>
  <move id="479" source="B4" target="C4"/>
  <move id="480" source="C7" target="D7"/>
  <move id="481" source="C4" target="D4"/>
  <move id="482" source="D7" target="E7"/>
  <move id="483" source="D4" target="E4"/>
  <move id="484" source="E7" target="F7"/>
  <move id="485" source="E4" target="F4"/>
  <move id="486" source="B8" target="B7"/>
  <move id="487" source="F4" target="G4"/>
  <move id="488" source="B7" target="B6"/>
  <move id="489" source="G4" target="G3"/>
  <move id="490" source="I3" target="I4"/>
  <move id="491" source="G3" target="H3"/>
  <move id="492" source="B6" target="B5"/>
  <move id="493" source="H3" target="H4"/>
  <move id="494" source="I4" target="I3"/>
  <move id="495" source="H4" target="G4"/>
  <move id="496" source="B5" target="A5"/>
  <move id="497" source="G4" target="F4"/>
  <move id="498" source="A5" target="A4"/>
  <move id="499" source="F4" target="F3"/>
  <move id="500" source="I3" target="I4"/>
  <move id="501" source="F3" target="G3"/>
  <move id="502" source="I4" target="H4"/>
  <move id="503" source="G3" target="G4"/>
  <move id="504" source="H4" target="H3"/>
  <move id="505" source="G4" target="H4"/>
  <move id="506" source="H3" target="G3"/>
  <move id="507" source="H4" target="I4"/>
  <move id="508" source="A4" target="A3"/>
  <move id="509" source="I4" target="I3"/>
  <move id="510" source="G3" target="G4"/>
  <move id="511" source="I3" target="H3"/>
  <move id="512" source="A3" target="A2"/>
  <move id="513" source="H3" target="G3"/>
  <move id="514" source="G4" target="H4"/>
  <move id="515" source="G3" target="G4"/>
  <move id="516" source="H4" target="H3"/>
  <move id="517" source="G4" target="F4"/>
  <move id="518" source="E8" target="F8"/>
  <move id="519" source="F4" target="E4"/>
  <move id="520" source="F7" target="E7"/>
  <move id="521" source="E4" target="D4"/>
  <move id="522" source="E7" target="D7"/>
  <move id="523" source="D4" target="C4"/>
  <move id="524" source="D7" target="C7"/>
  <move id="525" source="C4" target="B4"/>
  <move id="526" source="H3" target="I3"/>
  <move id="527" source="B4" target="A4"/>
  <move id="528" source="A2" target="B2"/>
  <move id="529" source="A4" target="A3"/>
  <move id="530" source="C7" target="B7"/>
  <move id="531" source="A3" target="B3"/>
  <move id="532" source="B2" target="A2"/>
  <move id="533" source="B3" target="B4"/>
  <move id="534" source="B7" target="C7"/>
  <move id="535" source="B4" target="C4"/>
  <move id="536" source="C7" target="D7"/>
  <move id="537" source="C4" target="D4"/>
  <move id="538" source="D7" target="E7"/>
  <move id="539" source="D4" target="E4"/>
  <move id="540" source="E7" target="F7"/>
  <move id="541" source="E4" target="F4"/>
  <move id="542" source="F7" target="F6"/>
  <move id="543" source="F4" target="G4"/>
  <move id="544" source="F8" target="E8"/>
  <move id="545" source="G4" target="H4"/>
  <move id="546" source="F:" target="F9"/>
  <move id="547" source="H4" target="I4"/>
  <move id="548" source="I3" target="H3"/>
  <move id="549" source="I4" target="I5"/>
  <move id="550" source="F6" target="F7"/>
  <move id="551" source="I5" target="I6"/>
  <move id="552" source="F7" target="G7"/>
  <move id="553" source="I6" target="I7"/>
  <move id="554" source="F9" target="F8"/>
  <move id="555" source="I7" target="I6"/>
  <move id="556" source="F8" target="F7"/>
  <move id="557" source="I6" target="I5"/>
  <move id="558" source="F7" target="E7"/>
  <move id="559" source="I5" target="I4"/>
  <move id="560" source="E7" target="D7"/>
  <move id="561" source="I4" target="H4"/>
  <move id="562" source="H3" target="I3"/>
  <move id="563" source="H4" target="G4"/>
  <move id="564" source="D7" target="D8"/>
  <move id="565" source="G4" target="F4"/>
  <move id="566" source="G7" target="F7"/>
  <move id="567" source="F4" target="E4"/>
  <move id="568" source="F7" target="E7"/>
  <move id="569" source="E4" target="D4"/>
  <move id="570" source="E8" target="F8"/>
  <move id="571" source="D4" target="C4"/>
  <move id="572" source="F8" target="F9"/>
  <move id="573" source="C4" target="B4"/>
  <move id="574" source="E7" target="D7"/>
  <move id="575" source="B4" target="A4"/>
  <move id="576" source="A2" target="B2"/>
  <move id="577" source="A4" target="A5"/>
  <move id="578" source="D8" target="E8"/>
  <move id="579" source="A5" target="A6"/>
  <move id="580" source="E8" target="E7"/>
  <move id="581" source="A6" target="B6"/>
  <move id="582" source="E7" target="E6"/>
  <move id="583" source="B6" target="B5"/>
  <move id="584" source="B2" target="A2"/>
  <move id="585" source="B5" target="A5"/>
  <move id="586" source="E6" target="E7"/>
  <move id="587" source="A5" target="A4"/>
  <move id="588" source="A2" target="B2"/>
  <move id="589" source="A4" target="B4"/>
  <move id="590" source="B2" target="A2"/>
  <move id="591" source="B4" target="A4"/>
  <move id="592" source="D7" target="C7"/>
  <move id="593" source="A4" target="A3"/>
  <move id="594" source="A2" target="B2"/>
  <move id="595" source="A3" target="B3"/>
  <move id="596" source="B2" target="A2"/>
  <move id="597" source="B3" target="A3"/>
  <move id="598" source="A2" target="B2"/>
  <move id="599" source="A3" target="B3"/>
  <move id="600" source="B2" target="B1"/>
  <move id="601" source="B3" target="B2"/>
  <move id="602" source="B1" target="A1"/>
  <move id="603" source="B2" target="B3"/>
  <move id="604" source="C7" target="D7"/>
  <move id="605" source="B3" target="B4"/>
  <move id="606" source="E7" target="E8"/>
  <move id="607" source="B4" target="C4"/>
  <move id="608" source="D7" target="E7"/>
  <move id="609" source="C4" target="D4"/>
  <move id="610" source="E7" target="E6"/>
  <move id="611" source="D4" target="E4"/>
  <move id="612" source="E8" target="D8"/>
  <move id="613" source="E4" target="F4"/>
  <move id="614" source="F9" target="F8"/>
  <move id="615" source="F4" target="G4"/>
  <move id="616" source="F8" target="E8"/>
  <move id="617" source="G4" target="F4"/>
  <move id="618" source="E8" target="E7"/>
  <move id="619" source="E2" target="F2"/>
  <move id="620" source="E6" target="E5"/>
  <move id="621" source="F2" target="G2"/>
  <move id="622" source="E5" target="F5"/>
  <move id="623" source="F4" target="E4"/>
  <move id="624" source="I3" target="H3"/>
  <move id="625" source="G2" target="G3"/>
  <move id="626" source="H3" target="G3"/>
  <move id="627" source="E4" target="E5"/>
  <move id="628" source="F5" target="E5"/>
  <move id="629" source="E3" target="E4"/>
  <move id="630" source="G3" target="F3"/>
  <move id="631" source="H1" target="H2"/>
  <move id="632" source="F3" target="F4"/>
  <move id="633" source="E4" target="E5"/>
  <move id="634" source="F4" target="F5"/>
  <move id="635" source="E5" target="E4"/>
  <move id="636" source="F5" target="F4"/>
  <move id="637" source="E4" target="D4"/>
  <move id="638" source="E7" target="D7"/>
  <move id="639" source="H2" target="H3"/>
  <move id="640" source="F4" target="G4"/>
  <move id="641" source="D4" target="C4"/>
  <move id="642" source="D8" target="E8"/>
  <move id="643" source="C4" target="D4"/>
  <move id="644" source="D7" target="E7"/>
  <move id="645" source="D4" target="E4"/>
  <move id="646" source="E7" target="E6"/>
  <move id="647" source="E4" target="E5"/>
  <move id="648" source="E6" target="E5"/>
  <move id="649" source="C3" target="C4"/>
  <move id="650" source="G4" target="F4"/>
  <move id="651" source="H3" target="G3"/>
  <move id="652" source="E8" target="E7"/>
  <move id="653" source="I2" target="I3"/>
  <move id="654" source="E7" target="E6"/>
  <move id="655" source="I3" target="I4"/>
  <move id="656" source="E6" target="E5"/>
  <move id="657" source="I4" target="I5"/>
  <move id="658" source="E5" target="E4"/>
  <move id="659" source="I5" target="I6"/>
  <move id="660" source="E4" target="E3"/>
  <move id="661" source="I6" target="I7"/>
  <move id="662" source="E3" target="E2"/>
  <move id="663" source="E1" target="E2"/>
  <move id="664" source="F4" target="F3"/>
  <move id="665" source="G3" target="G4"/>
  <move id="666" source="F3" target="F4"/>
  <move id="667" source="G4" target="G3"/>
  <move id="668" source="F4" target="E4"/>
  <move id="669" source="E2" target="F2"/>
  <move id="670" source="E4" target="D4"/>
  <move id="671" source="C4" target="B4"/>
  <move id="672" source="D4" target="E4"/>
  <move id="673" source="B4" target="B5"/>
  <move id="674" source="E4" target="F4"/>
  <move id="675" source="F2" target="E2"/>
  <move id="676" source="F4" target="G4"/>
  <move id="677" source="G3" target="F3"/>
  <move id="678" source="G4" target="F4"/>
  <move id="679" source="F3" target="G3"/>
  <move id="680" source="F4" target="F3"/>
  <move id="681" source="G3" target="G4"/>
  <move id="682" source="F3" target="F4"/>
  <move id="683" source="G4" target="G3"/>
  <move id="684" source="F4" target="F5"/>
  <move id="685" source="B5" target="B6"/>
  <move id="686" source="F5" target="E5"/>
  <move id="687" source="E2" target="F2"/>
  <move id="688" source="E5" target="F5"/>
  <move id="689" source="F2" target="E2"/>
  <move id="690" source="F5" target="F6"/>
  <move id="691" source="E2" target="E3"/>
  <move id="692" source="F6" target="F5"/>
  <move id="693" source="G3" target="H3"/>
  <move id="694" source="F5" target="E5"/>
  <move id="695" source="E3" target="F3"/>
  <move id="696" source="E5" target="E4"/>
  <move id="697" source="B6" target="B7"/>
  <move id="698" source="E4" target="F4"/>
  <move id="699" source="F3" target="E3"/>
  <move id="700" source="F4" target="E4"/>
  <move id="701" source="E3" target="F3"/>
  <move id="702" source="E4" target="E5"/>
  <move id="703" source="B7" target="B8"/>
  <move id="704" source="E5" target="E6"/>
  <move id="705" source="B8" target="B9"/>
  <move id="706" source="E6" target="E7"/>
  <move id="707" source="H3" target="H4"/>
  <move id="708" source="E7" target="E8"/>
  <move id="709" source="H4" target="G4"/>
  <move id="710" source="E8" target="D8"/>
  <move id="711" source="G4" target="F4"/>
  <move id="712" source="D8" target="C8"/>
  <move id="713" source="B9" target="A9"/>
  <move id="714" source="C8" target="B8"/>
  <move id="715" source="F4" target="F5"/>
  <move id="716" source="B8" target="A8"/>
  <move id="717" source="A9" target="B9"/>
  <move id="718" source="A8" target="B8"/>
  <move id="719" source="B9" target="A9"/>
  <move id="720" source="B8" target="C8"/>
  <move id="721" source="F5" target="F6"/>
  <move id="722" source="C8" target="D8"/>
  <move id="723" source="F6" target="F7"/>
  <move id="724" source="D8" target="E8"/>
  <move id="725" source="F3" target="E3"/>
  <move id="726" source="D9" target="D8"/>
  <move id="727" source="A9" target="A8"/>
  <move id="728" source="D8" target="C8"/>
  <move id="729" source="A8" target="B8"/>
  <move id="730" source="C8" target="B8"/>
  <move id="731" source="I7" target="I8"/>
  <move id="732" source="E8" target="F8"/>
  <move id="733" source="F7" target="E7"/>
  <move id="734" source="F8" target="E8"/>
  <move id="735" source="E7" target="F7"/>
  <move id="736" source="G9" target="H9"/>
  <move id="737" source="K2" target="K3"/>
  <move id="738" source="H9" target="I9"/>
  <move id="739" source="I8" target="I9"/>
  <move id="740" source="E8" target="F8"/>
  <move id="741" source="F7" target="E7"/>
  <move id="742" source="F8" target="E8"/>
  <move id="743" source="E7" target="F7"/>
  <move id="744" source="E9" target="D9"/>
  <move id="745" source="E3" target="E4"/>
  <move id="746" source="D9" target="D8"/>
  <move id="747" source="E4" target="D4"/>
  <move id="748" source="D8" target="D7"/>
  <move id="749" source="D4" target="C4"/>
  <move id="750" source="E8" target="E7"/>
  <move id="751" source="F7" target="F8"/>
  <move id="752" source="E7" target="E8"/>
  <move id="753" source="F8" target="F7"/>
  <move id="754" source="D7" target="C7"/>
  <move id="755" source="C4" target="B4"/>
  <move id="756" source="C7" target="C8"/>
  <move id="757" source="B4" target="B5"/>
  <move id="758" source="C8" target="D8"/>
  <move id="759" source="B5" target="B6"/>
  <move id="760" source="D8" target="D9"/>
  <move id="761" source="B6" target="B7"/>
  <move id="762" source="D9" target="E9"/>
  <move id="763" source="B7" target="B8"/>
  <move id="764" source="E9" target="F9"/>
  <move id="765" source="K3" target="K4"/>
  <move id="766" source="F9" target="G9"/>
  <move id="767" source="K4" target="I4"/>
  <move id="768" source="G9" target="H9"/>
  <move id="769" source="F7" target="G7"/>
  <move id="770" source="E8" target="F8"/>
  <move id="771" source="I4" target="H4"/>
  <move id="772" source="H9" target="G9"/>
  <move id="773" source="H4" target="G4"/>
  <move id="774" source="G9" target="F9"/>
  <move id="775" source="B8" target="C8"/>
  <move id="776" source="F9" target="E9"/>
  <move id="777" source="G4" target="F4"/>
  <move id="778" source="E9" target="E8"/>
  <move id="779" source="F4" target="E4"/>
  <move id="780" source="E8" target="E7"/>
  <move id="781" source="E4" target="E5"/>
  <move id="782" source="F8" target="F7"/>
  <move id="783" source="G7" target="G8"/>
  <move id="784" source="F7" target="F8"/>
  <move id="785" source="G8" target="G7"/>
  <move id="786" source="E7" target="E8"/>
  <move id="787" source="E5" target="E6"/>
  <move id="788" source="E8" target="E9"/>
  <move id="789" source="C8" target="D8"/>
  <move id="790" source="E9" target="F9"/>
  <move id="791" source="E6" target="E5"/>
  <move id="792" source="F9" target="G9"/>
  <move id="793" source="E5" target="E4"/>
  <move id="794" source="G9" target="H9"/>
  <move id="795" source="E4" target="D4"/>
  <move id="796" source="H9" target="G9"/>
  <move id="797" source="D4" target="C4"/>
  <move id="798" source="G9" target="F9"/>
  <move id="799" source="C4" target="B4"/>
  <move id="800" source="F9" target="E9"/>
  <move id="801" source="B4" target="B5"/>
  <move id="802" source="E9" target="F9"/>
  <move id="803" source="B5" target="B6"/>
  <move id="804" source="F8" target="E8"/>
  <move id="805" source="D8" target="D9"/>
  <move id="806" source="E8" target="E9"/>
  <move id="807" source="D9" target="D8"/>
  <move id="808" source="E9" target="E8"/>
  <move id="809" source="D8" target="D7"/>
  <move id="810" source="E8" target="F8"/>
  <move id="811" source="B6" target="B7"/>
  <move id="812" source="F9" target="E9"/>
  <move id="813" source="B7" target="B8"/>
  <move id="814" source="F8" target="G8"/>
  <move id="815" source="G7" target="F7"/>
  <move id="816" source="G8" target="F8"/>
  <move id="817" source="F7" target="G7"/>
  <move id="818" source="F8" target="F7"/>
  <move id="819" source="G7" target="G8"/>
  <move id="820" source="F7" target="F8"/>
  <move id="821" source="G8" target="G7"/>
  <move id="822" source="E9" target="F9"/>
  <move id="823" source="B8" target="C8"/>
  <move id="824" source="F9" target="E9"/>
  <move id="825" source="C8" target="C9"/>
  <move id="826" source="C:" target="C9"/>
  <move id="827" source="D7" target="C7"/>
  <move id="828" source="C9" target="D9"/>
  <move id="829" source="C7" target="C8"/>
  <move id="830" source="E9" target="E8"/>
  <move id="831" source="C8" target="D8"/>
  <move id="832" source="E8" target="D8"/>
  <move id="833" source="G7" target="H7"/>
  <move id="834" source="F8" target="F7"/>
  <move id="835" source="H7" target="H8"/>
  <move id="836" source="F7" target="F8"/>
  <move id="837" source="H8" target="H7"/>
  <move id="838" source="F8" target="G8"/>
  <move id="839" source="H7" target="I7"/>
  <move id="840" source="G8" target="G7"/>
  <move id="841" source="I7" target="I6"/>
  <move id="842" source="G7" target="H7"/>
  <move id="843" source="I6" target="I5"/>
  <move id="844" source="H7" target="G7"/>
  <move id="845" source="I5" target="I4"/>
  <move id="846" source="G7" target="F7"/>
  <move id="847" source="I4" target="H4"/>
  <move id="848" source="D9" target="E9"/>
  <move id="849" source="H4" target="G4"/>
  <move id="850" source="F7" target="E7"/>
  <move id="851" source="G4" target="F4"/>
  <move id="852" source="E7" target="E6"/>
  <move id="853" source="F4" target="F5"/>
  <move id="854" source="E9" target="F9"/>
  <move id="855" source="D2" target="D3"/>
  <move id="856" source="F9" target="E9"/>
  <move id="857" source="D3" target="E3"/>
  <move id="858" source="E9" target="E8"/>
  <move id="859" source="E3" target="F3"/>
  <move id="860" source="E8" target="F8"/>
  <move id="861" source="F3" target="E3"/>
  <move id="862" source="F8" target="G8"/>
  <move id="863" source="E3" target="D3"/>
  <move id="864" source="G8" target="F8"/>
  <move id="865" source="D3" target="C3"/>
  <move id="866" source="F8" target="E8"/>
  <move id="867" source="C3" target="D3"/>
  <move id="868" source="E8" target="D8"/>
  <move id="869" source="D3" target="E3"/>
  <move id="870" source="D8" target="D7"/>
  <move id="871" source="E3" target="F3"/>
  <move id="872" source="D7" target="E7"/>
  <move id="873" source="F3" target="G3"/>
  <move id="874" source="E6" target="F6"/>
  <move id="875" source="F5" target="E5"/>
  <move id="876" source="E7" target="F7"/>
  <move id="877" source="G3" target="H3"/>
  <move id="878" source="F7" target="G7"/>
  <move id="879" source="H3" target="G3"/>
  <move id="880" source="F6" target="E6"/>
  <move id="881" source="E5" target="F5"/>
  <move id="882" source="G7" target="H7"/>
  <move id="883" source="G3" target="F3"/>
  <move id="884" source="H7" target="I7"/>
  <move id="885" source="F3" target="E3"/>
  <move id="886" source="I7" target="H7"/>
  <move id="887" source="E3" target="D3"/>
  <move id="888" source="H7" target="G7"/>
  <move id="889" source="D3" target="C3"/>
  <move id="890" source="G7" target="F7"/>
  <move id="891" source="C3" target="B3"/>
  <move id="892" source="F7" target="E7"/>
  <move id="893" source="B3" target="B4"/>
  <move id="894" source="E7" target="D7"/>
  <move id="895" source="B4" target="B5"/>
  <move id="896" source="D7" target="C7"/>
  <move id="897" source="B5" target="B4"/>
  <move id="898" source="E6" target="E5"/>
  <move id="899" source="F5" target="F6"/>
  <move id="900" source="C7" target="B7"/>
  <move id="901" source="B4" target="A4"/>
  <move id="902" source="B7" target="B6"/>
  <move id="903" source="A4" target="A3"/>
  <move id="904" source="B6" target="B5"/>
  <move id="905" source="F6" target="F7"/>
  <move id="906" source="B5" target="B4"/>
  <move id="907" source="F7" target="E7"/>
  <move id="908" source="B4" target="A4"/>
  <move id="909" source="A3" target="B3"/>
  <move id="910" source="E5" target="E4"/>
  <move id="911" source="E7" target="E8"/>
  <move id="912" source="E4" target="D4"/>
  <move id="913" source="E8" target="D8"/>
  <move id="914" source="D4" target="C4"/>
  <move id="915" source="D8" target="D9"/>
  <move id="916" source="C4" target="C3"/>
  <move id="917" source="B3" target="B2"/>
  <move id="918" source="C3" target="B3"/>
  <move id="919" source="B2" target="A2"/>
  <move id="920" source="B3" target="B2"/>
  <move id="921" source="A2" target="A3"/>
  <move id="922" source="A4" target="A3"/>
  <move id="923" source="D9" target="E9"/>
  <move id="924" source="B2" target="B3"/>
  <move id="925" source="E9" target="F9"/>
  <move id="926" source="B3" target="B4"/>
  <move id="927" source="F9" target="G9"/>
  <move id="928" source="A3" target="B3"/>
  <move id="929" source="G9" target="G8"/>
  <move id="930" source="B3" target="B2"/>
  <move id="931" source="G8" target="F8"/>
  <move id="932" source="B2" target="B1"/>
  <move id="933" source="F8" target="E8"/>
  <move id="934" source="B4" target="B5"/>
  <move id="935" source="E8" target="E7"/>
  <move id="936" source="B5" target="B6"/>
  <move id="937" source="E7" target="E6"/>
  <move id="938" source="B6" target="B7"/>
  <move id="939" source="E6" target="E5"/>
  <move id="940" source="B1" target="B2"/>
  <move id="941" source="E5" target="E4"/>
  <move id="942" source="B2" target="B3"/>
  <move id="943" source="E4" target="E3"/>
  <move id="944" source="B3" target="B4"/>
  <move id="945" source="E3" target="D3"/>
  <move id="946" source="B4" target="C4"/>
  <move id="947" source="D3" target="D4"/>
  <move id="948" source="C4" target="C3"/>
  <move id="949" source="D4" target="C4"/>
  <move id="950" source="C3" target="D3"/>
  <move id="951" source="C4" target="C3"/>
  <move id="952" source="D3" target="E3"/>
  <move id="953" source="C3" target="D3"/>
  <move id="954" source="E3" target="E2"/>
  <move id="955" source="D3" target="D2"/>
  <move id="956" source="E2" target="F2"/>
  <move id="957" source="D2" target="E2"/>
  <move id="958" source="F2" target="G2"/>
  <move id="959" source="E2" target="F2"/>
  <move id="960" source="G2" target="H2"/>
  <move id="961" source="F2" target="G2"/>
  <move id="962" source="H2" target="H3"/>
  <move id="963" source="G2" target="G3"/>
  <move id="964" source="H3" target="I3"/>
  <move id="965" source="G3" target="H3"/>
  <move id="966" source="I3" target="I4"/>
  <move id="967" source="H3" target="H4"/>
  <move id="968" source="I4" target="I3"/>
  <move id="969" source="H4" target="H3"/>
  <move id="970" source="I3" target="I2"/>
  <move id="971" source="H3" target="H2"/>
  <move id="972" source="I2" target="I3"/>
  <move id="973" source="H2" target="H3"/>
  <move id="974" source="I3" target="I4"/>
  <move id="975" source="H3" target="I3"/>
  <move id="976" source="I4" target="H4"/>
  <move id="977" source="I3" target="H3"/>
  <move id="978" source="H4" target="G4"/>
  <move id="979" source="H3" target="G3"/>
  <move id="980" source="G4" target="F4"/>
  <move id="981" source="G3" target="F3"/>
  <move id="982" source="F4" target="E4"/>
  <move id="983" source="F3" target="E3"/>
  <move id="984" source="E4" target="F4"/>
  <move id="985" source="E3" target="F3"/>
  <move id="986" source="F4" target="E4"/>
  <move id="987" source="F3" target="E3"/>
  <move id="988" source="E4" target="D4"/>
  <player id="1">Player 1</player>
  <player id="2">Player 2</player>
  <result type="4" winner="3"/>
 </game>
</stratego>