<?xml version="1.0" encoding="UTF-8"?>
<stratego>
 <game type="classic">
  
  <field content="EIDDEEDBMBJFIGBBFEBGKEDJHGBCIDLHHDFDHDGFAA__AA__AAAA__AA__AARRXVSRTPRNUTSOPPPSTNQPUVWTUQQPQPNNYNQSPN"/>
  <move id="1" source="B4" target="B5"/>
  <move id="2" source="I7" target="I6"/>
  <move id="3" source="A4" target="A5"/>
  <move id="4" source="I8" target="I7"/>
  <move id="5" source="B5" target="B6"/>
  <move id="6" source="I6" target="K6"/>
  <move id="7" source="A5" target="A6"/>
  <move id="8" source="I7" target="I6"/>
  <move id="9" source="B3" target="B4"/>
  <move id="10" source="H7" target="I7"/>
  <move id="11" source="B4" target="A4"/>
  <move id="12" source="K6" target="K5"/>
  <move id="13" source="A4" target="A5"/>
  <move id="14" source="I6" target="I5"/>
  <move id="15" source="C4" target="B4"/>
  <move id="16" source="I7" target="I6"/>
  <move id="17" source="B4" target="B5"/>
  <move id="18" source="A7" target="A6"/>
  <move id="19" source="B6" target="B7"/>
  <move id="20" source="C7" target="B7"/>
  <move id="21" source="B5" target="B4"/>
  <move id="22" source="F7" target="F6"/>
  <move id="23" source="B4" target="C4"/>
  <move id="24" source="E7" target="E6"/>
  <move id="25" source="A6" target="B6"/>
  <move id="26" source="B7" target="A7"/>
  <move id="27" source="A5" target="B5"/>
  <move id="28" source="F6" target="F5"/>
  <move id="29" source="C3" target="B3"/>
  <move id="30" source="E6" target="E5"/>
  <move id="31" source="B3" target="B4"/>
  <move id="32" source="E5" target="E4"/>
  <move id="33" source="B4" target="A4"/>
  <move id="34" source="E4" target="D4"/>
  <move id="35" source="C4" target="D4"/>
  <move id="36" source="E8" target="E3"/>
  <move id="37" source="F4" target="F5"/>
  <move id="38" source="E9" target="E8"/>
  <move id="39" source="A4" target="A5"/>
  <move id="40" source="E8" target="E7"/>
  <move id="41" source="A5" target="A6"/>
  <move id="42" source="A7" target="B7"/>
  <move id="43" source="B6" target="B7"/>
  <move id="44" source="E7" target="E6"/>
  <move id="45" source="A6" target="A8"/>
  <move id="46" source="A8" target="A7"/>
  <move id="47" source="A3" target="A4"/>
  <move id="48" source="E6" target="E5"/>
  <move id="49" source="A4" target="A5"/>
  <move id="50" source="D7" target="E7"/>
  <move id="51" source="A5" target="A6"/>
  <move id="52" source="A7" target="B7"/>
  <move id="53" source="A6" target="A7"/>
  <move id="54" source="B7" target="C7"/>
  <move id="55" source="A7" target="B7"/>
  <move id="56" source="E7" target="E6"/>
  <move id="57" source="B7" target="C7"/>
  <move id="58" source="E5" target="E4"/>
  <move id="59" source="C7" target="C8"/>
  <move id="60" source="E4" target="D4"/>
  <move id="61" source="C8" target="D8"/>
  <move id="62" source="D4" target="E4"/>
  <move id="63" source="D8" target="D7"/>
  <move id="64" source="E6" target="F6"/>
  <move id="65" source="D7" target="E7"/>
  <move id="66" source="E4" target="E3"/>
  <move id="67" source="E7" target="E6"/>
  <move id="68" source="F6" target="F7"/>
  <move id="69" source="E6" target="F6"/>
  <move id="70" source="F7" target="E7"/>
  <move id="71" source="F6" target="F5"/>
  <move id="72" source="E3" target="E4"/>
  <move id="73" source="F5" target="F6"/>
  <move id="74" source="E7" target="D7"/>
  <move id="75" source="F6" target="F7"/>
  <move id="76" source="D7" target="C7"/>
  <move id="77" source="F7" target="G7"/>
  <move id="78" source="C7" target="B7"/>
  <move id="79" source="G7" target="H7"/>
  <move id="80" source="I5" target="I4"/>
  <move id="81" source="I3" target="I4"/>
  <move id="82" source="B7" target="B6"/>
  <move id="83" source="H7" target="I7"/>
  <move id="84" source="K5" target="K4"/>
  <move id="85" source="I7" target="I6"/>
  <move id="86" source="B6" target="B5"/>
  <move id="87" source="D3" target="C3"/>
  <move id="88" source="E4" target="D4"/>
  <move id="89" source="C3" target="B3"/>
  <move id="90" source="D4" target="C4"/>
  <move id="91" source="K3" target="K7"/>
  <move id="92" source="B8" target="A8"/>
  <move id="93" source="I6" target="I7"/>
  <move id="94" source="F8" target="E8"/>
  <move id="95" source="I7" target="H7"/>
  <move id="96" source="E8" target="E2"/>
  <move id="97" source="H7" target="I7"/>
  <move id="98" source="C4" target="C3"/>
  <move id="99" source="B3" target="B4"/>
  <move id="100" source="C3" target="C2"/>
  <move id="101" source="B4" target="B5"/>
  <move id="102" source="B9" target="B2"/>
  <move id="103" source="I7" target="I8"/>
  <move id="104" source="H8" target="H7"/>
  <move id="105" source="I8" target="K8"/>
  <move id="106" source="C2" target="B2"/>
  <move id="107" source="A2" target="A3"/>
  <move id="108" source="B2" target="B3"/>
  <move id="109" source="A3" target="A4"/>
  <move id="110" source="B3" target="B4"/>
  <move id="111" source="A4" target="A5"/>
  <move id="112" source="B4" target="B5"/>
  <move id="113" source="A5" target="A6"/>
  <move id="114" source="B5" target="B6"/>
  <move id="115" source="A6" target="A7"/>
  <move id="116" source="A8" target="A7"/>
  <move id="117" source="A7" target="A8"/>
  <move id="118" source="B6" target="B7"/>
  <move id="119" source="I4" target="I5"/>
  <move id="120" source="G8" target="F8"/>
  <move id="121" source="I5" target="I6"/>
  <move id="122" source="F8" target="F3"/>
  <move id="123" source="I6" target="I7"/>
  <move id="124" source="H7" target="G7"/>
  <move id="125" source="I7" target="I8"/>
  <move id="126" source="G7" target="F7"/>
  <move id="127" source="I8" target="I9"/>
  <move id="128" source="F7" target="F6"/>
  <move id="129" source="I9" target="K9"/>
  <move id="130" source="F6" target="F5"/>
  <move id="131" source="K9" target="K:"/>
  <move id="132" source="D9" target="D8"/>
  <move id="133" source="H4" target="I4"/>
  <move id="134" source="D8" target="E8"/>
  <move id="135" source="I4" target="I:"/>
  <move id="136" source="E8" target="E7"/>
  <move id="137" source="G4" target="H4"/>
  <move id="138" source="G9" target="G8"/>
  <move id="139" source="H4" target="I4"/>
  <move id="140" source="G8" target="H8"/>
  <move id="141" source="I4" target="I5"/>
  <move id="142" source="H8" target="I8"/>
  <move id="143" source="I5" target="I6"/>
  <move id="144" source="I8" target="I7"/>
  <move id="145" source="I6" target="I5"/>
  <move id="146" source="I7" target="I6"/>
  <move id="147" source="I5" target="I4"/>
  <move id="148" source="F5" target="F4"/>
  <move id="149" source="I4" target="H4"/>
  <move id="150" source="E7" target="E6"/>
  <move id="151" source="H4" target="G4"/>
  <move id="152" source="F4" target="F3"/>
  <move id="153" source="G4" target="F4"/>
  <move id="154" source="E6" target="E5"/>
  <move id="155" source="A8" target="A9"/>
  <move id="156" source="B7" target="B8"/>
  <move id="157" source="A9" target="A:"/>
  <move id="158" source="B8" target="B9"/>
  <move id="159" source="B1" target="B2"/>
  <move id="160" source="C9" target="C8"/>
  <move id="161" source="B2" target="B3"/>
  <move id="162" source="C8" target="B8"/>
  <move id="163" source="B3" target="B4"/>
  <move id="164" source="B8" target="B7"/>
  <move id="165" source="B4" target="B5"/>
  <move id="166" source="B7" target="B6"/>
  <move id="167" source="B5" target="B6"/>
  <move id="168" source="I6" target="I5"/>
  <move id="169" source="A1" target="A2"/>
  <move id="170" source="I5" target="I4"/>
  <move id="171" source="A2" target="A3"/>
  <move id="172" source="I4" target="H4"/>
  <move id="173" source="A3" target="A4"/>
  <move id="174" source="H4" target="G4"/>
  <move id="175" source="F4" target="F3"/>
  <move id="176" source="E5" target="E4"/>
  <move id="177" source="A4" target="A5"/>
  <move id="178" source="E4" target="E3"/>
  <move id="179" source="A5" target="A6"/>
  <move id="180" source="E3" target="F3"/>
  <move id="181" source="A6" target="A7"/>
  <move id="182" source="F9" target="E9"/>
  <move id="183" source="A7" target="B7"/>
  <move id="184" source="E9" target="E8"/>
  <move id="185" source="B7" target="C7"/>
  <move id="186" source="F3" target="E3"/>
  <move id="187" source="C7" target="D7"/>
  <move id="188" source="E3" target="D3"/>
  <move id="189" source="C1" target="A1"/>
  <move id="190" source="D3" target="C3"/>
  <move id="191" source="A1" target="A7"/>
  <move id="192" source="C3" target="B3"/>
  <move id="193" source="A7" target="C7"/>
  <move id="194" source="B9" target="C9"/>
  <move id="195" source="A:" target="B:"/>
  <move id="196" source="B3" target="B4"/>
  <move id="197" source="D7" target="E7"/>
  <move id="198" source="E8" target="E7"/>
  <move id="199" source="D1" target="C1"/>
  <move id="200" source="G4" target="F4"/>
  <move id="201" source="C1" target="C2"/>
  <move id="202" source="F4" target="E4"/>
  <move id="203" source="C2" target="C3"/>
  <move id="204" source="E4" target="D4"/>
  <move id="205" source="C3" target="F3"/>
  <move id="206" source="E7" target="F7"/>
  <move id="207" source="C7" target="D7"/>
  <move id="208" source="C9" target="D9"/>
  <move id="209" source="B:" target="B9"/>
  <move id="210" source="D9" target="D8"/>
  <move id="211" source="B9" target="C9"/>
  <move id="212" source="D4" target="E4"/>
  <move id="213" source="F3" target="A3"/>
  <move id="214" source="B4" target="A4"/>
  <move id="215" source="A3" target="A2"/>
  <move id="216" source="E4" target="D4"/>
  <move id="217" source="A2" target="B2"/>
  <move id="218" source="A4" target="B4"/>
  <move id="219" source="H3" target="I3"/>
  <move id="220" source="B4" target="B3"/>
  <move id="221" source="B2" target="A2"/>
  <move id="222" source="B3" target="A3"/>
  <move id="223" source="A2" target="A1"/>
  <move id="224" source="A3" target="A2"/>
  <move id="225" source="A1" target="C1"/>
  <move id="226" source="D4" target="C4"/>
  <move id="227" source="H2" target="H3"/>
  <move id="228" source="C4" target="C3"/>
  <move id="229" source="H3" target="H4"/>
  <move id="230" source="C3" target="C2"/>
  <move id="231" source="C1" target="B1"/>
  <move id="232" source="C2" target="B2"/>
  <move id="233" source="B1" target="C1"/>
  <move id="234" source="B2" target="C2"/>
  <move id="235" source="H4" target="G4"/>
  <move id="236" source="C2" target="C1"/>
  <move id="237" source="G4" target="H4"/>
  <move id="238" source="C1" target="C2"/>
  <move id="239" source="H4" target="I4"/>
  <move id="240" source="C2" target="C3"/>
  <move id="241" source="I4" target="I5"/>
  <move id="242" source="C3" target="C4"/>
  <move id="243" source="I5" target="I6"/>
  <move id="244" source="F7" target="G7"/>
  <move id="245" source="D7" target="E7"/>
  <move id="246" source="D8" target="E8"/>
  <move id="247" source="C9" target="D9"/>
  <move id="248" source="G7" target="H7"/>
  <move id="249" source="I6" target="K6"/>
  <move id="250" source="H7" target="I7"/>
  <move id="251" source="E7" target="F7"/>
  <move id="252" source="H9" target="G9"/>
  <move id="253" source="D9" target="D:"/>
  <move id="254" source="C4" target="D4"/>
  <move id="255" source="F7" target="F:"/>
  <move id="256" source="D4" target="E4"/>
  <move id="257" source="K6" target="K7"/>
  <move id="258" source="I7" target="K7"/>
  <player id="1">Player 1</player>
  <player id="2">Player 2</player>
  <result type="3" winner="2"/>
 </game>
</stratego>