<?xml version="1.0" encoding="UTF-8"?>
<stratego>
 <game type="classic">
  
  <field content="EGMHBFBEFHBEIHEBBEIDBDJLGDCJGDFGDDFIKDHDAA__AA__AAAA__AA__AAPPSXSPRUSPNSUQVTPOWTQNRNQPRPVUNQNYNQPTTR"/>
  <move id="1" source="E4" target="E5"/>
  <move id="2" source="K7" target="K6"/>
  <move id="3" source="F4" target="F5"/>
  <move id="4" source="K6" target="K5"/>
  <move id="5" source="E5" target="E6"/>
  <move id="6" source="K5" target="K4"/>
  <move id="7" source="F5" target="F6"/>
  <move id="8" source="I7" target="I6"/>
  <move id="9" source="E6" target="E7"/>
  <move id="10" source="H7" target="I7"/>
  <move id="11" source="E3" target="E4"/>
  <move id="12" source="I7" target="K7"/>
  <move id="13" source="E4" target="E5"/>
  <move id="14" source="K7" target="K6"/>
  <move id="15" source="E5" target="E6"/>
  <move id="16" source="K6" target="K5"/>
  <move id="17" source="E6" target="E7"/>
  <move id="18" source="F7" target="E7"/>
  <move id="19" source="F6" target="E6"/>
  <move id="20" source="F8" target="F7"/>
  <move id="21" source="F3" target="F7"/>
  <move id="22" source="G8" target="F8"/>
  <move id="23" source="D4" target="E4"/>
  <move id="24" source="G7" target="H7"/>
  <move id="25" source="E4" target="F4"/>
  <move id="26" source="H8" target="G8"/>
  <move id="27" source="F4" target="F5"/>
  <move id="28" source="G8" target="G7"/>
  <move id="29" source="F5" target="F6"/>
  <move id="30" source="I8" target="H8"/>
  <move id="31" source="E6" target="E7"/>
  <move id="32" source="E8" target="E7"/>
  <move id="33" source="F6" target="E6"/>
  <move id="34" source="E7" target="E8"/>
  <move id="35" source="E6" target="E7"/>
  <move id="36" source="D7" target="E7"/>
  <move id="37" source="D3" target="D4"/>
  <move id="38" source="F7" target="F6"/>
  <move id="39" source="D4" target="E4"/>
  <move id="40" source="F6" target="E6"/>
  <move id="41" source="E4" target="E5"/>
  <move id="42" source="E6" target="E5"/>
  <move id="43" source="E5" target="E6"/>
  <move id="44" source="E7" target="E6"/>
  <move id="45" source="G4" target="F4"/>
  <move id="46" source="F8" target="F4"/>
  <move id="47" source="F4" target="F5"/>
  <move id="48" source="E8" target="E7"/>
  <move id="49" source="F5" target="F6"/>
  <move id="50" source="K5" target="K6"/>
  <move id="51" source="F6" target="F7"/>
  <move id="52" source="E7" target="E6"/>
  <move id="53" source="F7" target="G7"/>
  <move id="54" source="H7" target="I7"/>
  <move id="55" source="G7" target="H7"/>
  <move id="56" source="H8" target="H7"/>
  <move id="57" source="I4" target="K4"/>
  <move id="58" source="I7" target="H7"/>
  <move id="59" source="H4" target="G4"/>
  <move id="60" source="H7" target="H8"/>
  <move id="61" source="H3" target="H4"/>
  <move id="62" source="K6" target="K7"/>
  <move id="63" source="H4" target="I4"/>
  <move id="64" source="I6" target="I5"/>
  <move id="65" source="I4" target="I5"/>
  <move id="66" source="K7" target="I7"/>
  <move id="67" source="I5" target="I6"/>
  <move id="68" source="I7" target="H7"/>
  <move id="69" source="I6" target="I7"/>
  <move id="70" source="H7" target="G7"/>
  <move id="71" source="I7" target="H7"/>
  <move id="72" source="G7" target="F7"/>
  <move id="73" source="H7" target="H8"/>
  <move id="74" source="E6" target="F6"/>
  <move id="75" source="G4" target="I4"/>
  <move id="76" source="I9" target="I8"/>
  <move id="77" source="H8" target="I8"/>
  <move id="78" source="H9" target="I9"/>
  <move id="79" source="I4" target="I9"/>
  <move id="80" source="F7" target="F8"/>
  <move id="81" source="B4" target="B5"/>
  <move id="82" source="D8" target="D7"/>
  <move id="83" source="B5" target="B6"/>
  <move id="84" source="F8" target="G8"/>
  <move id="85" source="B6" target="B7"/>
  <move id="86" source="A7" target="A6"/>
  <move id="87" source="B7" target="C7"/>
  <move id="88" source="A6" target="B6"/>
  <move id="89" source="A4" target="A5"/>
  <move id="90" source="D7" target="E7"/>
  <move id="91" source="A5" target="A6"/>
  <move id="92" source="B6" target="B7"/>
  <move id="93" source="A6" target="A7"/>
  <move id="94" source="E7" target="E6"/>
  <move id="95" source="A7" target="A8"/>
  <move id="96" source="C8" target="C7"/>
  <move id="97" source="B3" target="B7"/>
  <move id="98" source="E6" target="E5"/>
  <move id="99" source="C4" target="B4"/>
  <move id="100" source="G8" target="H8"/>
  <move id="101" source="B4" target="B8"/>
  <move id="102" source="F9" target="F8"/>
  <move id="103" source="C3" target="C4"/>
  <move id="104" source="C7" target="D7"/>
  <move id="105" source="C2" target="C3"/>
  <move id="106" source="D7" target="D8"/>
  <move id="107" source="C3" target="B3"/>
  <move id="108" source="F6" target="F7"/>
  <move id="109" source="B3" target="B4"/>
  <move id="110" source="F7" target="E7"/>
  <move id="111" source="B4" target="B5"/>
  <move id="112" source="E7" target="D7"/>
  <move id="113" source="B5" target="B6"/>
  <move id="114" source="D7" target="C7"/>
  <move id="115" source="C4" target="D4"/>
  <move id="116" source="C7" target="B7"/>
  <move id="117" source="B6" target="B5"/>
  <move id="118" source="B7" target="B6"/>
  <move id="119" source="B5" target="B4"/>
  <move id="120" source="B6" target="B5"/>
  <move id="121" source="B4" target="C4"/>
  <move id="122" source="B5" target="B4"/>
  <move id="123" source="C4" target="C3"/>
  <move id="124" source="B4" target="C4"/>
  <move id="125" source="C3" target="D3"/>
  <move id="126" source="C4" target="D4"/>
  <move id="127" source="D3" target="D4"/>
  <move id="128" source="E5" target="E6"/>
  <move id="129" source="D4" target="E4"/>
  <move id="130" source="E6" target="E7"/>
  <move id="131" source="E4" target="E5"/>
  <move id="132" source="E7" target="D7"/>
  <move id="133" source="E5" target="E6"/>
  <move id="134" source="D7" target="C7"/>
  <move id="135" source="E6" target="E7"/>
  <move id="136" source="C7" target="B7"/>
  <move id="137" source="E7" target="E8"/>
  <move id="138" source="D8" target="E8"/>
  <move id="139" source="I3" target="H3"/>
  <move id="140" source="H8" target="H7"/>
  <move id="141" source="I2" target="I3"/>
  <move id="142" source="H7" target="I7"/>
  <move id="143" source="I3" target="I4"/>
  <move id="144" source="I7" target="I6"/>
  <move id="145" source="I4" target="I5"/>
  <move id="146" source="I6" target="I5"/>
  <move id="147" source="G3" target="G4"/>
  <move id="148" source="B7" target="C7"/>
  <move id="149" source="G4" target="F4"/>
  <move id="150" source="F8" target="F4"/>
  <move id="151" source="K3" target="I3"/>
  <move id="152" source="K8" target="I8"/>
  <move id="153" source="I3" target="I4"/>
  <move id="154" source="I8" target="H8"/>
  <move id="155" source="I4" target="I5"/>
  <move id="156" source="H8" target="H7"/>
  <move id="157" source="I5" target="I6"/>
  <move id="158" source="H7" target="H8"/>
  <move id="159" source="I6" target="I7"/>
  <move id="160" source="F4" target="F5"/>
  <move id="161" source="I7" target="H7"/>
  <move id="162" source="H8" target="I8"/>
  <move id="163" source="H7" target="G7"/>
  <move id="164" source="C7" target="B7"/>
  <move id="165" source="G7" target="F7"/>
  <move id="166" source="B7" target="A7"/>
  <move id="167" source="F7" target="E7"/>
  <move id="168" source="A7" target="A6"/>
  <move id="169" source="E7" target="D7"/>
  <move id="170" source="A6" target="A5"/>
  <move id="171" source="D7" target="C7"/>
  <move id="172" source="F5" target="F6"/>
  <move id="173" source="E2" target="E3"/>
  <move id="174" source="F6" target="F7"/>
  <move id="175" source="E3" target="E4"/>
  <move id="176" source="F7" target="C7"/>
  <move id="177" source="E4" target="E5"/>
  <move id="178" source="I8" target="H8"/>
  <move id="179" source="E5" target="E6"/>
  <move id="180" source="H8" target="G8"/>
  <move id="181" source="E6" target="E7"/>
  <move id="182" source="G8" target="F8"/>
  <move id="183" source="K2" target="K3"/>
  <move id="184" source="A5" target="A6"/>
  <move id="185" source="K3" target="I3"/>
  <move id="186" source="A6" target="A7"/>
  <move id="187" source="I3" target="I4"/>
  <move id="188" source="B8" target="C8"/>
  <move id="189" source="I4" target="I5"/>
  <move id="190" source="A7" target="A6"/>
  <move id="191" source="I5" target="I6"/>
  <move id="192" source="A6" target="B6"/>
  <move id="193" source="I6" target="I7"/>
  <move id="194" source="B6" target="B7"/>
  <move id="195" source="I7" target="H7"/>
  <move id="196" source="B7" target="A7"/>
  <move id="197" source="H7" target="H:"/>
  <move id="198" source="H:" target="H9"/>
  <move id="199" source="K4" target="K5"/>
  <move id="200" source="H9" target="H8"/>
  <move id="201" source="K5" target="K6"/>
  <move id="202" source="H8" target="I8"/>
  <move id="203" source="K6" target="K7"/>
  <move id="204" source="A7" target="A6"/>
  <move id="205" source="K7" target="I7"/>
  <move id="206" source="I8" target="K8"/>
  <move id="207" source="I7" target="H7"/>
  <move id="208" source="K8" target="K7"/>
  <move id="209" source="H7" target="G7"/>
  <move id="210" source="K7" target="K6"/>
  <move id="211" source="G7" target="F7"/>
  <move id="212" source="F8" target="G8"/>
  <move id="213" source="F7" target="F8"/>
  <move id="214" source="G8" target="H8"/>
  <move id="215" source="E7" target="E8"/>
  <move id="216" source="H8" target="I8"/>
  <move id="217" source="E8" target="E9"/>
  <move id="218" source="C8" target="C7"/>
  <move id="219" source="F8" target="G8"/>
  <move id="220" source="I8" target="I9"/>
  <move id="221" source="G8" target="H8"/>
  <move id="222" source="C7" target="D7"/>
  <move id="223" source="H8" target="I8"/>
  <move id="224" source="I9" target="H9"/>
  <move id="225" source="I8" target="I7"/>
  <move id="226" source="H9" target="H8"/>
  <move id="227" source="I7" target="I6"/>
  <move id="228" source="K6" target="K7"/>
  <move id="229" source="I6" target="I7"/>
  <move id="230" source="K7" target="K6"/>
  <move id="231" source="I7" target="I6"/>
  <move id="232" source="K6" target="K7"/>
  <move id="233" source="I6" target="K6"/>
  <move id="234" source="K7" target="I7"/>
  <move id="235" source="K6" target="K7"/>
  <move id="236" source="I7" target="I6"/>
  <move id="237" source="K7" target="I7"/>
  <move id="238" source="I6" target="K6"/>
  <move id="239" source="I7" target="H7"/>
  <move id="240" source="H8" target="I8"/>
  <move id="241" source="K1" target="K2"/>
  <move id="242" source="D7" target="D8"/>
  <move id="243" source="K2" target="K3"/>
  <move id="244" source="A6" target="A7"/>
  <move id="245" source="K3" target="K4"/>
  <move id="246" source="A7" target="B7"/>
  <move id="247" source="K4" target="K5"/>
  <move id="248" source="B7" target="B6"/>
  <move id="249" source="K5" target="K6"/>
  <move id="250" source="B6" target="B7"/>
  <move id="251" source="H7" target="I7"/>
  <move id="252" source="I8" target="H8"/>
  <move id="253" source="I7" target="H7"/>
  <move id="254" source="H8" target="I8"/>
  <move id="255" source="I1" target="I2"/>
  <move id="256" source="I8" target="K8"/>
  <move id="257" source="I2" target="I3"/>
  <move id="258" source="B7" target="C7"/>
  <move id="259" source="I3" target="I4"/>
  <move id="260" source="C7" target="D7"/>
  <move id="261" source="I4" target="I5"/>
  <move id="262" source="D7" target="E7"/>
  <move id="263" source="I5" target="I6"/>
  <move id="264" source="E7" target="F7"/>
  <move id="265" source="I6" target="I7"/>
  <move id="266" source="D8" target="C8"/>
  <move id="267" source="I7" target="K7"/>
  <move id="268" source="K8" target="I8"/>
  <move id="269" source="K7" target="K8"/>
  <move id="270" source="K9" target="K8"/>
  <move id="271" source="H7" target="G7"/>
  <move id="272" source="F7" target="E7"/>
  <move id="273" source="G7" target="F7"/>
  <move id="274" source="E7" target="E8"/>
  <move id="275" source="F7" target="F8"/>
  <move id="276" source="E8" target="E9"/>
  <move id="277" source="F8" target="E8"/>
  <move id="278" source="E9" target="F9"/>
  <move id="279" source="E8" target="D8"/>
  <move id="280" source="C8" target="B8"/>
  <move id="281" source="D8" target="C8"/>
  <move id="282" source="B8" target="B7"/>
  <move id="283" source="C8" target="C7"/>
  <move id="284" source="B7" target="A7"/>
  <move id="285" source="B2" target="B3"/>
  <move id="286" source="K8" target="K7"/>
  <move id="287" source="B3" target="B4"/>
  <move id="288" source="K7" target="I7"/>
  <move id="289" source="B4" target="B5"/>
  <move id="290" source="I7" target="H7"/>
  <move id="291" source="B5" target="B6"/>
  <move id="292" source="H7" target="G7"/>
  <move id="293" source="B6" target="B7"/>
  <move id="294" source="A7" target="A6"/>
  <move id="295" source="B7" target="B8"/>
  <move id="296" source="G7" target="F7"/>
  <move id="297" source="B8" target="B9"/>
  <move id="298" source="F7" target="E7"/>
  <move id="299" source="B9" target="A9"/>
  <move id="300" source="E7" target="D7"/>
  <move id="301" source="C7" target="B7"/>
  <move id="302" source="D7" target="C7"/>
  <move id="303" source="B7" target="B6"/>
  <move id="304" source="A6" target="A7"/>
  <move id="305" source="B6" target="B5"/>
  <move id="306" source="A7" target="B7"/>
  <move id="307" source="B5" target="B4"/>
  <move id="308" source="B7" target="B8"/>
  <move id="309" source="B4" target="C4"/>
  <move id="310" source="C7" target="D7"/>
  <move id="311" source="C4" target="B4"/>
  <move id="312" source="B8" target="C8"/>
  <move id="313" source="B4" target="B5"/>
  <move id="314" source="I8" target="H8"/>
  <move id="315" source="B5" target="B6"/>
  <move id="316" source="C8" target="D8"/>
  <move id="317" source="B6" target="A6"/>
  <move id="318" source="D8" target="E8"/>
  <move id="319" source="D2" target="D3"/>
  <move id="320" source="E8" target="D8"/>
  <move id="321" source="D3" target="D4"/>
  <move id="322" source="H8" target="G8"/>
  <move id="323" source="D4" target="E4"/>
  <move id="324" source="D7" target="E7"/>
  <move id="325" source="E4" target="F4"/>
  <move id="326" source="E7" target="F7"/>
  <move id="327" source="F4" target="G4"/>
  <move id="328" source="F7" target="G7"/>
  <move id="329" source="A6" target="B6"/>
  <move id="330" source="G7" target="F7"/>
  <move id="331" source="B6" target="B7"/>
  <move id="332" source="F7" target="E7"/>
  <move id="333" source="B7" target="B8"/>
  <move id="334" source="E7" target="D7"/>
  <move id="335" source="B8" target="C8"/>
  <move id="336" source="D8" target="E8"/>
  <move id="337" source="G4" target="H4"/>
  <move id="338" source="G8" target="G7"/>
  <move id="339" source="H4" target="I4"/>
  <move id="340" source="G7" target="H7"/>
  <move id="341" source="I4" target="I5"/>
  <move id="342" source="H7" target="I7"/>
  <move id="343" source="I5" target="I6"/>
  <move id="344" source="I7" target="I6"/>
  <move id="345" source="D1" target="D2"/>
  <move id="346" source="E8" target="E7"/>
  <move id="347" source="D2" target="D3"/>
  <move id="348" source="G:" target="H:"/>
  <move id="349" source="D3" target="D4"/>
  <move id="350" source="H:" target="H9"/>
  <move id="351" source="D4" target="E4"/>
  <move id="352" source="H9" target="H8"/>
  <move id="353" source="E4" target="F4"/>
  <move id="354" source="H8" target="C8"/>
  <move id="355" source="F4" target="F5"/>
  <move id="356" source="E7" target="E6"/>
  <move id="357" source="F5" target="F6"/>
  <move id="358" source="E6" target="E5"/>
  <move id="359" source="F6" target="F7"/>
  <move id="360" source="I:" target="I9"/>
  <move id="361" source="F7" target="G7"/>
  <move id="362" source="I9" target="I8"/>
  <move id="363" source="G7" target="H7"/>
  <move id="364" source="I8" target="K8"/>
  <move id="365" source="H7" target="H8"/>
  <move id="366" source="E5" target="E6"/>
  <move id="367" source="H8" target="G8"/>
  <move id="368" source="E6" target="E5"/>
  <move id="369" source="G8" target="G9"/>
  <move id="370" source="F9" target="F8"/>
  <move id="371" source="G9" target="G8"/>
  <move id="372" source="F8" target="E8"/>
  <move id="373" source="G8" target="F8"/>
  <move id="374" source="E8" target="D8"/>
  <move id="375" source="F8" target="F7"/>
  <move id="376" source="K8" target="K7"/>
  <move id="377" source="F7" target="F6"/>
  <move id="378" source="D8" target="E8"/>
  <move id="379" source="F6" target="F5"/>
  <move id="380" source="E5" target="E4"/>
  <move id="381" source="F5" target="F4"/>
  <move id="382" source="E4" target="E3"/>
  <move id="383" source="F4" target="E4"/>
  <move id="384" source="E3" target="F3"/>
  <move id="385" source="E4" target="E3"/>
  <move id="386" source="F3" target="F4"/>
  <move id="387" source="H2" target="I2"/>
  <move id="388" source="K7" target="I7"/>
  <move id="389" source="I2" target="I3"/>
  <move id="390" source="I7" target="I6"/>
  <move id="391" source="I3" target="I4"/>
  <move id="392" source="I6" target="I5"/>
  <move id="393" source="I4" target="I5"/>
  <move id="394" source="I5" target="K5"/>
  <move id="395" source="E3" target="F3"/>
  <move id="396" source="F4" target="E4"/>
  <move id="397" source="F3" target="F4"/>
  <move id="398" source="E4" target="E3"/>
  <move id="399" source="F4" target="E4"/>
  <move id="400" source="E3" target="F3"/>
  <move id="401" source="E4" target="E3"/>
  <move id="402" source="F3" target="F4"/>
  <move id="403" source="E3" target="E4"/>
  <move id="404" source="F4" target="F3"/>
  <move id="405" source="E4" target="F4"/>
  <move id="406" source="F3" target="E3"/>
  <move id="407" source="F4" target="F5"/>
  <move id="408" source="E8" target="E7"/>
  <move id="409" source="F5" target="F6"/>
  <move id="410" source="F:" target="G:"/>
  <move id="411" source="F6" target="F7"/>
  <move id="412" source="E7" target="E6"/>
  <move id="413" source="F7" target="F8"/>
  <move id="414" source="G:" target="H:"/>
  <move id="415" source="F8" target="G8"/>
  <move id="416" source="E6" target="E5"/>
  <move id="417" source="G8" target="G9"/>
  <move id="418" source="E5" target="E6"/>
  <move id="419" source="G9" target="H9"/>
  <move id="420" source="H:" target="G:"/>
  <move id="421" source="H9" target="I9"/>
  <move id="422" source="E6" target="E7"/>
  <move id="423" source="I9" target="K9"/>
  <move id="424" source="K:" target="I:"/>
  <move id="425" source="K9" target="I9"/>
  <move id="426" source="I:" target="K:"/>
  <move id="427" source="I9" target="I:"/>
  <move id="428" source="K:" target="K9"/>
  <move id="429" source="I:" target="H:"/>
  <move id="430" source="G:" target="G9"/>
  <move id="431" source="H:" target="G:"/>
  <move id="432" source="G9" target="H9"/>
  <move id="433" source="G:" target="G9"/>
  <move id="434" source="H9" target="H:"/>
  <move id="435" source="G9" target="G8"/>
  <move id="436" source="E3" target="E4"/>
  <move id="437" source="G8" target="F8"/>
  <move id="438" source="E4" target="D4"/>
  <move id="439" source="F8" target="F7"/>
  <move id="440" source="E7" target="E8"/>
  <move id="441" source="F7" target="F8"/>
  <move id="442" source="E8" target="E7"/>
  <move id="443" source="F8" target="G8"/>
  <move id="444" source="K5" target="K4"/>
  <move id="445" source="B1" target="B2"/>
  <move id="446" source="D4" target="C4"/>
  <move id="447" source="B2" target="B3"/>
  <move id="448" source="K4" target="I4"/>
  <move id="449" source="B3" target="B4"/>
  <move id="450" source="C4" target="C3"/>
  <move id="451" source="B4" target="B5"/>
  <move id="452" source="I4" target="H4"/>
  <move id="453" source="B5" target="B6"/>
  <move id="454" source="H4" target="G4"/>
  <move id="455" source="B6" target="B7"/>
  <move id="456" source="D7" target="C7"/>
  <move id="457" source="C8" target="D8"/>
  <move id="458" source="C7" target="B7"/>
  <move id="459" source="D8" target="D9"/>
  <move id="460" source="B7" target="B8"/>
  <move id="461" source="G8" target="F8"/>
  <move id="462" source="B8" target="C8"/>
  <move id="463" source="F8" target="E8"/>
  <move id="464" source="E7" target="D7"/>
  <move id="465" source="E8" target="E9"/>
  <move id="466" source="C8" target="D8"/>
  <move id="467" source="E9" target="E:"/>
  <move id="468" source="C3" target="C4"/>
  <move id="469" source="A1" target="B1"/>
  <move id="470" source="C4" target="D4"/>
  <move id="471" source="B1" target="B2"/>
  <move id="472" source="D4" target="E4"/>
  <move id="473" source="B2" target="B3"/>
  <move id="474" source="E4" target="E5"/>
  <move id="475" source="B3" target="B4"/>
  <move id="476" source="E5" target="E6"/>
  <move id="477" source="B4" target="B5"/>
  <move id="478" source="E6" target="E7"/>
  <move id="479" source="B5" target="B6"/>
  <move id="480" source="D8" target="C8"/>
  <move id="481" source="B6" target="B7"/>
  <move id="482" source="D7" target="D8"/>
  <move id="483" source="H1" target="I1"/>
  <move id="484" source="G4" target="H4"/>
  <move id="485" source="I1" target="K1"/>
  <move id="486" source="H4" target="I4"/>
  <move id="487" source="K1" target="K2"/>
  <move id="488" source="I4" target="I3"/>
  <move id="489" source="H3" target="G3"/>
  <move id="490" source="E7" target="E6"/>
  <move id="491" source="G3" target="F3"/>
  <move id="492" source="E6" target="E5"/>
  <move id="493" source="F3" target="F4"/>
  <move id="494" source="D8" target="E8"/>
  <move id="495" source="F4" target="F5"/>
  <move id="496" source="E5" target="F5"/>
  <move id="497" source="B7" target="A7"/>
  <move id="498" source="C8" target="B8"/>
  <move id="499" source="A7" target="A8"/>
  <move id="500" source="B8" target="A8"/>
  <move id="501" source="K2" target="K3"/>
  <move id="502" source="I3" target="K3"/>
  <player id="1">Player 1</player>
  <player id="2">Player 2</player>
  <result type="0" winner="2"/>
 </game>
</stratego>