<?xml version="1.0" encoding="UTF-8"?>
<stratego>
 <game type="classic">
  
  <field content="HGDDDEEEBMFFFJBEHCIBGBIBIBHJEFDGDDDDKLHGAA__AA__AAAA__AA__AARSQVTPWUSPTUXUSTOVTPNNSPPNPPNNRYNQQRPQQR"/>
  <move id="1" source="E4" target="E5"/>
  <move id="2" source="K7" target="K4"/>
  <move id="3" source="K4" target="K5"/>
  <move id="4" source="I7" target="K7"/>
  <move id="5" source="K5" target="K6"/>
  <move id="6" source="K7" target="K6"/>
  <move id="7" source="I4" target="I5"/>
  <move id="8" source="K8" target="K3"/>
  <move id="9" source="I5" target="I6"/>
  <move id="10" source="H7" target="I7"/>
  <move id="11" source="I6" target="I7"/>
  <move id="12" source="I7" target="H7"/>
  <move id="13" source="H4" target="I4"/>
  <move id="14" source="E7" target="E6"/>
  <move id="15" source="I4" target="I5"/>
  <move id="16" source="E6" target="E5"/>
  <move id="17" source="I5" target="I6"/>
  <move id="18" source="F7" target="F4"/>
  <move id="19" source="I6" target="I7"/>
  <move id="20" source="H7" target="I7"/>
  <move id="21" source="I7" target="I8"/>
  <move id="22" source="G7" target="F7"/>
  <move id="23" source="I8" target="I9"/>
  <move id="24" source="E5" target="E4"/>
  <move id="25" source="E3" target="E4"/>
  <move id="26" source="D7" target="E7"/>
  <move id="27" source="H3" target="H4"/>
  <move id="28" source="G8" target="G7"/>
  <move id="29" source="H4" target="I4"/>
  <move id="30" source="G7" target="H7"/>
  <move id="31" source="I4" target="I5"/>
  <move id="32" source="H7" target="I7"/>
  <move id="33" source="I5" target="I6"/>
  <move id="34" source="F7" target="G7"/>
  <move id="35" source="I6" target="I7"/>
  <move id="36" source="E7" target="E6"/>
  <move id="37" source="I7" target="I8"/>
  <move id="38" source="E6" target="E5"/>
  <move id="39" source="I8" target="K8"/>
  <move id="40" source="E5" target="E4"/>
  <move id="41" source="K8" target="K9"/>
  <move id="42" source="E4" target="E5"/>
  <move id="43" source="G4" target="F4"/>
  <move id="44" source="G7" target="F7"/>
  <move id="45" source="F4" target="F5"/>
  <move id="46" source="E5" target="E6"/>
  <move id="47" source="F5" target="E5"/>
  <move id="48" source="E6" target="E7"/>
  <move id="49" source="E5" target="E6"/>
  <move id="50" source="E7" target="D7"/>
  <move id="51" source="E6" target="E7"/>
  <move id="52" source="F7" target="E7"/>
  <move id="53" source="D4" target="E4"/>
  <move id="54" source="D7" target="E7"/>
  <move id="55" source="E4" target="E7"/>
  <move id="56" source="E7" target="E6"/>
  <move id="57" source="I3" target="I4"/>
  <move id="58" source="E6" target="E5"/>
  <move id="59" source="I4" target="I5"/>
  <move id="60" source="E5" target="E4"/>
  <move id="61" source="I5" target="I6"/>
  <move id="62" source="E4" target="D4"/>
  <move id="63" source="I6" target="I7"/>
  <move id="64" source="B7" target="B6"/>
  <move id="65" source="I7" target="I8"/>
  <move id="66" source="B6" target="B5"/>
  <move id="67" source="I8" target="K8"/>
  <move id="68" source="B5" target="B4"/>
  <move id="69" source="K8" target="K9"/>
  <move id="70" source="K:" target="K9"/>
  <move id="71" source="K3" target="K4"/>
  <move id="72" source="H8" target="I8"/>
  <move id="73" source="K4" target="K5"/>
  <move id="74" source="A7" target="A6"/>
  <move id="75" source="K5" target="K6"/>
  <move id="76" source="A6" target="A5"/>
  <move id="77" source="K6" target="K7"/>
  <move id="78" source="A5" target="A4"/>
  <move id="79" source="A3" target="A4"/>
  <move id="80" source="A8" target="A7"/>
  <player id="1">Player 1</player>
  <player id="2">Player 2</player>
  <result type="3" winner="2"/>
 </game>
</stratego>