<?xml version="1.0" encoding="UTF-8"?>
<stratego>
 <game type="classic">
  
  <field content="GEGDGHEBMBEEIDDDBEBFJKFDIBDCIHHLHDGFDJBFAA__AA__AAAA__AA__AAPRRXRTSTPPNTVPTWVNPSQPUNUOPUPNSQNYNQQSRQ"/>
  <move id="1" source="B4" target="B5"/>
  <move id="2" source="E7" target="E6"/>
  <move id="3" source="A4" target="A5"/>
  <move id="4" source="E8" target="E7"/>
  <move id="5" source="B5" target="B6"/>
  <move id="6" source="E6" target="E5"/>
  <move id="7" source="A5" target="A6"/>
  <move id="8" source="E7" target="E6"/>
  <move id="9" source="A6" target="A7"/>
  <move id="10" source="B7" target="B6"/>
  <move id="11" source="B6" target="B7"/>
  <move id="12" source="D8" target="E8"/>
  <move id="13" source="A7" target="A8"/>
  <move id="14" source="E8" target="E7"/>
  <move id="15" source="B7" target="A7"/>
  <move id="16" source="C8" target="D8"/>
  <move id="17" source="C4" target="B4"/>
  <move id="18" source="D8" target="E8"/>
  <move id="19" source="B4" target="A4"/>
  <move id="20" source="B8" target="C8"/>
  <move id="21" source="A7" target="B7"/>
  <move id="22" source="C8" target="D8"/>
  <move id="23" source="B7" target="B8"/>
  <move id="24" source="F7" target="F6"/>
  <move id="25" source="D4" target="B4"/>
  <move id="26" source="F8" target="F7"/>
  <move id="27" source="B4" target="B7"/>
  <move id="28" source="F6" target="F5"/>
  <move id="29" source="B7" target="C7"/>
  <move id="30" source="F7" target="F6"/>
  <move id="31" source="A4" target="A5"/>
  <move id="32" source="E8" target="F8"/>
  <move id="33" source="A5" target="A6"/>
  <move id="34" source="F8" target="F7"/>
  <move id="35" source="A6" target="A7"/>
  <move id="36" source="F9" target="F8"/>
  <move id="37" source="A7" target="B7"/>
  <move id="38" source="E5" target="E4"/>
  <move id="39" source="B7" target="C7"/>
  <move id="40" source="D7" target="C7"/>
  <move id="41" source="B3" target="B4"/>
  <move id="42" source="E7" target="D7"/>
  <move id="43" source="E4" target="E5"/>
  <move id="44" source="E6" target="E7"/>
  <move id="45" source="E5" target="F5"/>
  <move id="46" source="F8" target="E8"/>
  <move id="47" source="B4" target="C4"/>
  <move id="48" source="F6" target="E6"/>
  <move id="49" source="C4" target="D4"/>
  <move id="50" source="E6" target="E5"/>
  <move id="51" source="D4" target="E4"/>
  <move id="52" source="F7" target="F6"/>
  <move id="53" source="E4" target="E5"/>
  <move id="54" source="F6" target="E6"/>
  <move id="55" source="D3" target="D4"/>
  <move id="56" source="E6" target="E5"/>
  <move id="57" source="D4" target="C4"/>
  <move id="58" source="G8" target="F8"/>
  <move id="59" source="C4" target="B4"/>
  <move id="60" source="F8" target="F7"/>
  <move id="61" source="B4" target="B5"/>
  <move id="62" source="F7" target="F6"/>
  <move id="63" source="B5" target="B6"/>
  <move id="64" source="F6" target="E6"/>
  <move id="65" source="B6" target="B7"/>
  <move id="66" source="C7" target="B7"/>
  <move id="67" source="B8" target="C8"/>
  <move id="68" source="B7" target="B6"/>
  <move id="69" source="C3" target="C4"/>
  <move id="70" source="B6" target="B5"/>
  <move id="71" source="A3" target="B3"/>
  <move id="72" source="E5" target="E4"/>
  <move id="73" source="B3" target="C3"/>
  <move id="74" source="E4" target="D4"/>
  <move id="75" source="C3" target="D3"/>
  <move id="76" source="D4" target="C4"/>
  <move id="77" source="E3" target="E4"/>
  <move id="78" source="B5" target="B4"/>
  <move id="79" source="E4" target="E5"/>
  <move id="80" source="E6" target="E5"/>
  <move id="81" source="C8" target="C9"/>
  <move id="82" source="D7" target="C7"/>
  <move id="83" source="C9" target="D9"/>
  <move id="84" source="E5" target="E4"/>
  <move id="85" source="D3" target="E3"/>
  <move id="86" source="C4" target="D4"/>
  <move id="87" source="E3" target="E4"/>
  <move id="88" source="B4" target="C4"/>
  <move id="89" source="K4" target="K5"/>
  <move id="90" source="B9" target="B2"/>
  <move id="91" source="K5" target="K6"/>
  <move id="92" source="D4" target="D3"/>
  <move id="93" source="K6" target="K7"/>
  <move id="94" source="K8" target="K7"/>
  <move id="95" source="K3" target="K4"/>
  <move id="96" source="D3" target="C3"/>
  <move id="97" source="K4" target="K5"/>
  <move id="98" source="C3" target="B3"/>
  <move id="99" source="K5" target="K6"/>
  <move id="100" source="B3" target="B2"/>
  <move id="101" source="K6" target="K7"/>
  <move id="102" source="B2" target="B3"/>
  <move id="103" source="K7" target="K8"/>
  <move id="104" source="B3" target="C3"/>
  <move id="105" source="K8" target="I8"/>
  <move id="106" source="C7" target="D7"/>
  <move id="107" source="I8" target="I9"/>
  <move id="108" source="H9" target="I9"/>
  <move id="109" source="I3" target="K3"/>
  <move id="110" source="I7" target="K7"/>
  <move id="111" source="K3" target="K4"/>
  <move id="112" source="K7" target="K4"/>
  <move id="113" source="K4" target="K5"/>
  <move id="114" source="I9" target="I8"/>
  <move id="115" source="K5" target="K6"/>
  <move id="116" source="I8" target="I7"/>
  <move id="117" source="K6" target="K7"/>
  <move id="118" source="I7" target="I6"/>
  <move id="119" source="K7" target="K8"/>
  <move id="120" source="I6" target="I7"/>
  <move id="121" source="K8" target="K9"/>
  <move id="122" source="G9" target="F9"/>
  <move id="123" source="H3" target="I3"/>
  <move id="124" source="F9" target="F6"/>
  <move id="125" source="I3" target="K3"/>
  <move id="126" source="F6" target="E6"/>
  <move id="127" source="K3" target="K4"/>
  <move id="128" source="E6" target="E2"/>
  <move id="129" source="K4" target="K5"/>
  <move id="130" source="C4" target="D4"/>
  <move id="131" source="K5" target="I5"/>
  <move id="132" source="D4" target="E4"/>
  <move id="133" source="I5" target="I6"/>
  <move id="134" source="I7" target="K7"/>
  <move id="135" source="H4" target="H3"/>
  <move id="136" source="E4" target="E5"/>
  <move id="137" source="H3" target="I3"/>
  <move id="138" source="E5" target="E6"/>
  <move id="139" source="I3" target="K3"/>
  <move id="140" source="E6" target="F6"/>
  <move id="141" source="K3" target="K4"/>
  <move id="142" source="F6" target="F7"/>
  <move id="143" source="K4" target="K5"/>
  <move id="144" source="F7" target="F8"/>
  <move id="145" source="K5" target="K6"/>
  <move id="146" source="K7" target="K8"/>
  <move id="147" source="K6" target="K7"/>
  <move id="148" source="K8" target="I8"/>
  <move id="149" source="K7" target="I7"/>
  <move id="150" source="I8" target="I9"/>
  <move id="151" source="I7" target="H7"/>
  <move id="152" source="F8" target="G8"/>
  <move id="153" source="H7" target="G7"/>
  <move id="154" source="G8" target="G7"/>
  <player id="1">Player 1</player>
  <player id="2">Player 2</player>
  <result type="3" winner="2"/>
 </game>
</stratego>