<?xml version="1.0" encoding="UTF-8"?>
<stratego>
 <game type="classic">
  
  <field content="DFEBEGMHEBEDFBIBFBDDFJCJEGBHDIGILKHDHDGDAA__AA__AAAA__AA__AASPTQTRTURSUTPPPPQNSPVNNXPVOSUNNRYNQQPQWR"/>
  <move id="1" source="A4" target="A5"/>
  <move id="2" source="K7" target="K6"/>
  <move id="3" source="B4" target="B5"/>
  <move id="4" source="K6" target="K5"/>
  <move id="5" source="B5" target="B6"/>
  <move id="6" source="K5" target="K4"/>
  <move id="7" source="K3" target="K4"/>
  <move id="8" source="K8" target="K7"/>
  <move id="9" source="I3" target="K3"/>
  <move id="10" source="I7" target="I6"/>
  <move id="11" source="I4" target="I5"/>
  <move id="12" source="I6" target="I5"/>
  <move id="13" source="K4" target="I4"/>
  <move id="14" source="K7" target="K3"/>
  <move id="15" source="I4" target="I3"/>
  <move id="16" source="I8" target="I7"/>
  <move id="17" source="I5" target="I4"/>
  <move id="18" source="I9" target="I8"/>
  <move id="19" source="A5" target="A6"/>
  <move id="20" source="I7" target="K7"/>
  <move id="21" source="A6" target="A7"/>
  <move id="22" source="I8" target="I7"/>
  <move id="23" source="A3" target="A4"/>
  <move id="24" source="I7" target="I6"/>
  <move id="25" source="A4" target="A5"/>
  <move id="26" source="I6" target="I5"/>
  <move id="27" source="A5" target="A6"/>
  <move id="28" source="I5" target="I4"/>
  <move id="29" source="I3" target="I4"/>
  <move id="30" source="K7" target="K6"/>
  <move id="31" source="A6" target="A7"/>
  <move id="32" source="K6" target="I6"/>
  <move id="33" source="A7" target="A8"/>
  <move id="34" source="I6" target="I5"/>
  <move id="35" source="B6" target="A6"/>
  <move id="36" source="I5" target="I4"/>
  <move id="37" source="A6" target="A7"/>
  <move id="38" source="I4" target="H4"/>
  <move id="39" source="H3" target="H4"/>
  <move id="40" source="H7" target="I7"/>
  <move id="41" source="H4" target="H3"/>
  <move id="42" source="I7" target="I6"/>
  <move id="43" source="C4" target="B4"/>
  <move id="44" source="I6" target="I5"/>
  <move id="45" source="B4" target="A4"/>
  <move id="46" source="I5" target="I4"/>
  <move id="47" source="A4" target="A3"/>
  <move id="48" source="I4" target="I3"/>
  <move id="49" source="H3" target="H4"/>
  <move id="50" source="G7" target="H7"/>
  <move id="51" source="B3" target="B4"/>
  <move id="52" source="H7" target="I7"/>
  <move id="53" source="B4" target="A4"/>
  <move id="54" source="I7" target="I6"/>
  <move id="55" source="B2" target="B7"/>
  <move id="56" source="I6" target="I5"/>
  <move id="57" source="B1" target="B2"/>
  <move id="58" source="I5" target="I4"/>
  <move id="59" source="B2" target="B3"/>
  <move id="60" source="I4" target="H4"/>
  <move id="61" source="I2" target="I3"/>
  <move id="62" source="I3" target="I4"/>
  <move id="63" source="G4" target="H4"/>
  <move id="64" source="I4" target="I5"/>
  <move id="65" source="H4" target="I4"/>
  <move id="66" source="I5" target="I6"/>
  <move id="67" source="I4" target="I5"/>
  <move id="68" source="I6" target="I7"/>
  <move id="69" source="I5" target="I6"/>
  <move id="70" source="I7" target="I8"/>
  <move id="71" source="I6" target="I7"/>
  <move id="72" source="I8" target="I9"/>
  <move id="73" source="B3" target="B4"/>
  <move id="74" source="G8" target="G7"/>
  <move id="75" source="B4" target="B5"/>
  <move id="76" source="F8" target="G8"/>
  <move id="77" source="B5" target="B6"/>
  <move id="78" source="G7" target="H7"/>
  <move id="79" source="B6" target="B7"/>
  <move id="80" source="H7" target="I7"/>
  <move id="81" source="B7" target="B8"/>
  <move id="82" source="G8" target="G7"/>
  <move id="83" source="A3" target="B3"/>
  <move id="84" source="G7" target="H7"/>
  <move id="85" source="I7" target="I6"/>
  <move id="86" source="H7" target="I7"/>
  <move id="87" source="I6" target="I5"/>
  <move id="88" source="I7" target="I6"/>
  <move id="89" source="I5" target="I4"/>
  <move id="90" source="I6" target="I5"/>
  <move id="91" source="I4" target="I3"/>
  <move id="92" source="I5" target="I4"/>
  <move id="93" source="I3" target="H3"/>
  <move id="94" source="I4" target="I3"/>
  <move id="95" source="A4" target="A5"/>
  <move id="96" source="I9" target="I8"/>
  <move id="97" source="A5" target="B5"/>
  <move id="98" source="I8" target="I7"/>
  <move id="99" source="B5" target="B6"/>
  <move id="100" source="I7" target="I6"/>
  <move id="101" source="B6" target="B7"/>
  <move id="102" source="I6" target="I5"/>
  <move id="103" source="B3" target="B4"/>
  <move id="104" source="I5" target="I4"/>
  <move id="105" source="B4" target="B5"/>
  <move id="106" source="I4" target="H4"/>
  <move id="107" source="B5" target="B6"/>
  <move id="108" source="H4" target="H3"/>
  <move id="109" source="B7" target="B8"/>
  <move id="110" source="H3" target="H4"/>
  <move id="111" source="B8" target="A8"/>
  <move id="112" source="A9" target="A8"/>
  <move id="113" source="A7" target="B7"/>
  <move id="114" source="I3" target="G3"/>
  <move id="115" source="A2" target="A3"/>
  <move id="116" source="F7" target="F6"/>
  <move id="117" source="A3" target="A4"/>
  <move id="118" source="F6" target="F5"/>
  <move id="119" source="A4" target="A5"/>
  <move id="120" source="F5" target="F4"/>
  <move id="121" source="E4" target="F4"/>
  <move id="122" source="H4" target="G4"/>
  <move id="123" source="F4" target="E4"/>
  <move id="124" source="G4" target="F4"/>
  <move id="125" source="E4" target="E5"/>
  <move id="126" source="E7" target="E6"/>
  <move id="127" source="E5" target="E6"/>
  <move id="128" source="E8" target="E7"/>
  <move id="129" source="A5" target="A6"/>
  <move id="130" source="E7" target="E3"/>
  <move id="131" source="A6" target="A7"/>
  <move id="132" source="D7" target="E7"/>
  <move id="133" source="E3" target="E4"/>
  <move id="134" source="F4" target="E4"/>
  <move id="135" source="D4" target="E4"/>
  <move id="136" source="E7" target="E6"/>
  <move id="137" source="E4" target="D4"/>
  <move id="138" source="E6" target="E5"/>
  <move id="139" source="D4" target="C4"/>
  <move id="140" source="E5" target="E4"/>
  <move id="141" source="A7" target="A8"/>
  <move id="142" source="E4" target="D4"/>
  <move id="143" source="A8" target="A9"/>
  <move id="144" source="D4" target="D3"/>
  <move id="145" source="B7" target="B8"/>
  <move id="146" source="E9" target="E2"/>
  <move id="147" source="F3" target="F4"/>
  <move id="148" source="F9" target="E9"/>
  <move id="149" source="F4" target="F5"/>
  <move id="150" source="E9" target="E8"/>
  <move id="151" source="F5" target="E5"/>
  <move id="152" source="E8" target="E7"/>
  <move id="153" source="C4" target="D4"/>
  <move id="154" source="E7" target="E6"/>
  <move id="155" source="D4" target="E4"/>
  <move id="156" source="D9" target="E9"/>
  <move id="157" source="B6" target="B5"/>
  <move id="158" source="E9" target="E8"/>
  <move id="159" source="B5" target="B4"/>
  <move id="160" source="E8" target="E7"/>
  <move id="161" source="B4" target="C4"/>
  <move id="162" source="E7" target="F7"/>
  <move id="163" source="C4" target="D4"/>
  <move id="164" source="F7" target="F6"/>
  <move id="165" source="E4" target="E3"/>
  <move id="166" source="F6" target="F5"/>
  <move id="167" source="D4" target="E4"/>
  <move id="168" source="F5" target="F4"/>
  <move id="169" source="E4" target="F4"/>
  <move id="170" source="E6" target="E5"/>
  <move id="171" source="A9" target="B9"/>
  <move id="172" source="B:" target="B9"/>
  <move id="173" source="B8" target="B9"/>
  <move id="174" source="E5" target="F5"/>
  <move id="175" source="B9" target="A9"/>
  <move id="176" source="F5" target="F4"/>
  <move id="177" source="E3" target="F3"/>
  <move id="178" source="F4" target="E4"/>
  <move id="179" source="F3" target="E3"/>
  <move id="180" source="E4" target="D4"/>
  <move id="181" source="D3" target="D4"/>
  <move id="182" source="C8" target="B8"/>
  <move id="183" source="A9" target="B9"/>
  <move id="184" source="B8" target="B7"/>
  <move id="185" source="B9" target="B8"/>
  <move id="186" source="B7" target="B6"/>
  <move id="187" source="C3" target="C4"/>
  <move id="188" source="B6" target="B5"/>
  <move id="189" source="C4" target="B4"/>
  <move id="190" source="B5" target="B4"/>
  <move id="191" source="A1" target="A9"/>
  <move id="192" source="B4" target="I4"/>
  <move id="193" source="A9" target="C9"/>
  <move id="194" source="I4" target="I1"/>
  <move id="195" source="C1" target="B1"/>
  <move id="196" source="I:" target="I9"/>
  <move id="197" source="B1" target="B2"/>
  <move id="198" source="I9" target="I8"/>
  <move id="199" source="B2" target="B3"/>
  <move id="200" source="I8" target="I7"/>
  <move id="201" source="I1" target="I2"/>
  <move id="202" source="I7" target="I6"/>
  <move id="203" source="I2" target="I3"/>
  <move id="204" source="I6" target="I5"/>
  <move id="205" source="B3" target="B4"/>
  <move id="206" source="I5" target="I4"/>
  <move id="207" source="I3" target="K3"/>
  <move id="208" source="I4" target="I3"/>
  <move id="209" source="K3" target="K4"/>
  <move id="210" source="I3" target="I2"/>
  <move id="211" source="E3" target="E4"/>
  <move id="212" source="I2" target="I1"/>
  <move id="213" source="E2" target="E3"/>
  <move id="214" source="I1" target="K1"/>
  <player id="1">Player 1</player>
  <player id="2">Player 2</player>
  <result type="3" winner="1"/>
 </game>
</stratego>