<?xml version="1.0" encoding="UTF-8"?>
<stratego>
 <game type="classic">
  
  <field content="IEBMBEEBBHDHGBHJEEBIDDCJILDDGDFGKDGFHFDFAA__AA__AAAA__AA__AAUSVNNUPPSUWXVNRNSOPQSQTQNRPTPTYTQPRNPQRP"/>
  <move id="1" source="E4" target="E5"/>
  <move id="2" source="F7" target="F6"/>
  <move id="3" source="F4" target="F5"/>
  <move id="4" source="K7" target="K6"/>
  <move id="5" source="F5" target="F6"/>
  <move id="6" source="F6" target="F5"/>
  <move id="7" source="E5" target="E4"/>
  <move id="8" source="G7" target="F7"/>
  <move id="9" source="A4" target="A5"/>
  <move id="10" source="F7" target="F6"/>
  <move id="11" source="A5" target="A6"/>
  <move id="12" source="A7" target="A6"/>
  <move id="13" source="K4" target="K5"/>
  <move id="14" source="K6" target="K5"/>
  <move id="15" source="F3" target="F4"/>
  <move id="16" source="F5" target="E5"/>
  <move id="17" source="F4" target="F5"/>
  <move id="18" source="E5" target="F5"/>
  <move id="19" source="F5" target="F6"/>
  <move id="20" source="A6" target="A5"/>
  <move id="21" source="F6" target="F5"/>
  <move id="22" source="A5" target="A4"/>
  <move id="23" source="F5" target="F4"/>
  <move id="24" source="A8" target="A7"/>
  <move id="25" source="F4" target="F3"/>
  <move id="26" source="A7" target="A6"/>
  <move id="27" source="B4" target="B5"/>
  <move id="28" source="A6" target="B6"/>
  <move id="29" source="B5" target="B6"/>
  <move id="30" source="B6" target="B5"/>
  <move id="31" source="I4" target="I7"/>
  <move id="32" source="B7" target="B6"/>
  <move id="33" source="H4" target="I4"/>
  <move id="34" source="A4" target="A5"/>
  <move id="35" source="I4" target="K4"/>
  <move id="36" source="K5" target="K4"/>
  <move id="37" source="G4" target="H4"/>
  <move id="38" source="I7" target="K7"/>
  <move id="39" source="H4" target="G4"/>
  <move id="40" source="H7" target="I7"/>
  <move id="41" source="E4" target="E5"/>
  <move id="42" source="B5" target="B4"/>
  <move id="43" source="C4" target="B4"/>
  <move id="44" source="B8" target="B7"/>
  <move id="45" source="D4" target="C4"/>
  <move id="46" source="B6" target="A6"/>
  <move id="47" source="B3" target="B4"/>
  <move id="48" source="B7" target="B6"/>
  <move id="49" source="B2" target="B3"/>
  <move id="50" source="A5" target="A4"/>
  <move id="51" source="D3" target="D4"/>
  <move id="52" source="B6" target="B5"/>
  <move id="53" source="E5" target="E6"/>
  <move id="54" source="K7" target="K6"/>
  <move id="55" source="E6" target="E7"/>
  <move id="56" source="K6" target="K5"/>
  <move id="57" source="D4" target="E4"/>
  <move id="58" source="A6" target="A5"/>
  <move id="59" source="E4" target="E5"/>
  <move id="60" source="A4" target="B4"/>
  <move id="61" source="B3" target="B2"/>
  <move id="62" source="B4" target="A4"/>
  <move id="63" source="F3" target="F4"/>
  <move id="64" source="K5" target="I5"/>
  <move id="65" source="F4" target="E4"/>
  <move id="66" source="I5" target="I4"/>
  <move id="67" source="E4" target="D4"/>
  <move id="68" source="I4" target="I3"/>
  <move id="69" source="C3" target="D3"/>
  <move id="70" source="B5" target="B4"/>
  <move id="71" source="C4" target="C3"/>
  <move id="72" source="B4" target="B3"/>
  <move id="73" source="B2" target="B3"/>
  <move id="74" source="B3" target="B4"/>
  <move id="75" source="E5" target="E6"/>
  <move id="76" source="K8" target="K7"/>
  <move id="77" source="E6" target="F6"/>
  <move id="78" source="K7" target="K6"/>
  <move id="79" source="F6" target="F7"/>
  <move id="80" source="I7" target="H7"/>
  <move id="81" source="F7" target="G7"/>
  <move id="82" source="H7" target="I7"/>
  <move id="83" source="G7" target="H7"/>
  <move id="84" source="I7" target="I2"/>
  <move id="85" source="H7" target="H8"/>
  <move id="86" source="K6" target="K5"/>
  <move id="87" source="H8" target="H9"/>
  <move id="88" source="K4" target="K3"/>
  <move id="89" source="K2" target="K3"/>
  <move id="90" source="I8" target="I4"/>
  <move id="91" source="H3" target="H4"/>
  <move id="92" source="K5" target="K4"/>
  <move id="93" source="H9" target="I9"/>
  <move id="94" source="K9" target="K8"/>
  <move id="95" source="I9" target="I8"/>
  <move id="96" source="K8" target="K7"/>
  <move id="97" source="I8" target="I7"/>
  <move id="98" source="K7" target="K8"/>
  <move id="99" source="I7" target="I6"/>
  <move id="100" source="K4" target="K3"/>
  <move id="101" source="I6" target="I5"/>
  <move id="102" source="I4" target="I3"/>
  <move id="103" source="I5" target="I4"/>
  <move id="104" source="I3" target="G3"/>
  <move id="105" source="H4" target="H3"/>
  <move id="106" source="B4" target="B5"/>
  <move id="107" source="H3" target="G3"/>
  <move id="108" source="A4" target="B4"/>
  <move id="109" source="A3" target="A5"/>
  <move id="110" source="B4" target="B3"/>
  <move id="111" source="D4" target="C4"/>
  <move id="112" source="A5" target="A4"/>
  <move id="113" source="G3" target="F3"/>
  <move id="114" source="A4" target="A3"/>
  <move id="115" source="F3" target="F8"/>
  <move id="116" source="C7" target="B7"/>
  <move id="117" source="E3" target="E4"/>
  <move id="118" source="B7" target="B6"/>
  <move id="119" source="E4" target="E5"/>
  <move id="120" source="B6" target="A6"/>
  <move id="121" source="E5" target="E6"/>
  <move id="122" source="A6" target="A5"/>
  <move id="123" source="E6" target="F6"/>
  <move id="124" source="B3" target="B2"/>
  <move id="125" source="F6" target="F7"/>
  <move id="126" source="A5" target="A4"/>
  <move id="127" source="F7" target="G7"/>
  <move id="128" source="G8" target="H8"/>
  <move id="129" source="G7" target="H7"/>
  <move id="130" source="H8" target="G8"/>
  <move id="131" source="H7" target="G7"/>
  <move id="132" source="G8" target="H8"/>
  <move id="133" source="G2" target="G3"/>
  <move id="134" source="B5" target="B4"/>
  <move id="135" source="C4" target="D4"/>
  <move id="136" source="A3" target="B3"/>
  <move id="137" source="G3" target="F3"/>
  <move id="138" source="B3" target="C3"/>
  <move id="139" source="C2" target="C3"/>
  <move id="140" source="B4" target="C4"/>
  <move id="141" source="D4" target="E4"/>
  <move id="142" source="B2" target="B3"/>
  <move id="143" source="E4" target="E3"/>
  <move id="144" source="B9" target="B8"/>
  <move id="145" source="F3" target="F4"/>
  <move id="146" source="B8" target="B7"/>
  <move id="147" source="F4" target="F5"/>
  <move id="148" source="B7" target="B6"/>
  <move id="149" source="F5" target="F6"/>
  <move id="150" source="B6" target="B5"/>
  <move id="151" source="F6" target="F7"/>
  <move id="152" source="B5" target="B4"/>
  <move id="153" source="G7" target="G8"/>
  <move id="154" source="H8" target="H7"/>
  <move id="155" source="F7" target="F8"/>
  <move id="156" source="E8" target="F8"/>
  <move id="157" source="G8" target="F8"/>
  <move id="158" source="B3" target="C3"/>
  <move id="159" source="F8" target="G8"/>
  <move id="160" source="B4" target="B3"/>
  <move id="161" source="G8" target="G9"/>
  <move id="162" source="C3" target="C2"/>
  <move id="163" source="G9" target="G:"/>
  <move id="164" source="B3" target="C3"/>
  <move id="165" source="G:" target="F:"/>
  <move id="166" source="H7" target="G7"/>
  <move id="167" source="F2" target="F3"/>
  <move id="168" source="G7" target="F7"/>
  <move id="169" source="F3" target="F4"/>
  <move id="170" source="F7" target="F6"/>
  <move id="171" source="F4" target="F5"/>
  <move id="172" source="F6" target="F5"/>
  <move id="173" source="F5" target="F6"/>
  <move id="174" source="C3" target="D3"/>
  <move id="175" source="E3" target="D3"/>
  <move id="176" source="C4" target="C3"/>
  <move id="177" source="D3" target="D4"/>
  <move id="178" source="B:" target="B9"/>
  <move id="179" source="F6" target="F7"/>
  <move id="180" source="B9" target="B8"/>
  <move id="181" source="F7" target="F8"/>
  <move id="182" source="B8" target="B7"/>
  <move id="183" source="F8" target="F9"/>
  <move id="184" source="B7" target="B6"/>
  <move id="185" source="G1" target="G2"/>
  <move id="186" source="B6" target="B5"/>
  <move id="187" source="G2" target="F2"/>
  <move id="188" source="B5" target="B4"/>
  <move id="189" source="F2" target="F3"/>
  <move id="190" source="K8" target="K7"/>
  <move id="191" source="F3" target="F4"/>
  <move id="192" source="K7" target="I7"/>
  <move id="193" source="F4" target="F5"/>
  <move id="194" source="I7" target="H7"/>
  <move id="195" source="F9" target="F8"/>
  <move id="196" source="B4" target="C4"/>
  <move id="197" source="F5" target="F6"/>
  <move id="198" source="C4" target="B4"/>
  <move id="199" source="F6" target="E6"/>
  <move id="200" source="B4" target="B3"/>
  <move id="201" source="F8" target="F7"/>
  <move id="202" source="B3" target="B2"/>
  <move id="203" source="E6" target="E7"/>
  <move id="204" source="B2" target="B1"/>
  <move id="205" source="F7" target="F8"/>
  <move id="206" source="B1" target="A1"/>
  <move id="207" source="A2" target="A4"/>
  <move id="208" source="A4" target="A3"/>
  <move id="209" source="F8" target="G8"/>
  <move id="210" source="A3" target="A2"/>
  <move id="211" source="E7" target="F7"/>
  <move id="212" source="C:" target="B:"/>
  <move id="213" source="F7" target="F8"/>
  <move id="214" source="B:" target="B9"/>
  <move id="215" source="G8" target="G9"/>
  <move id="216" source="C9" target="C:"/>
  <move id="217" source="F8" target="F9"/>
  <move id="218" source="C:" target="B:"/>
  <move id="219" source="F9" target="F:"/>
  <move id="220" source="E:" target="F:"/>
  <move id="221" source="G9" target="F9"/>
  <move id="222" source="A2" target="A1"/>
  <move id="223" source="F9" target="F:"/>
  <move id="224" source="B9" target="B8"/>
  <move id="225" source="F:" target="E:"/>
  <move id="226" source="B8" target="B7"/>
  <move id="227" source="E:" target="D:"/>
  <move id="228" source="C8" target="C9"/>
  <move id="229" source="I4" target="I5"/>
  <move id="230" source="A1" target="A2"/>
  <move id="231" source="I5" target="I6"/>
  <move id="232" source="A2" target="A3"/>
  <move id="233" source="D:" target="C:"/>
  <move id="234" source="C9" target="C:"/>
  <move id="235" source="I6" target="I7"/>
  <move id="236" source="H7" target="G7"/>
  <move id="237" source="I7" target="H7"/>
  <move id="238" source="G7" target="F7"/>
  <move id="239" source="H7" target="G7"/>
  <move id="240" source="F7" target="F6"/>
  <move id="241" source="G7" target="F7"/>
  <move id="242" source="F6" target="F5"/>
  <move id="243" source="F7" target="F8"/>
  <move id="244" source="A3" target="A4"/>
  <move id="245" source="F8" target="F9"/>
  <move id="246" source="A4" target="A5"/>
  <move id="247" source="F9" target="F:"/>
  <move id="248" source="A5" target="A6"/>
  <move id="249" source="F:" target="E:"/>
  <move id="250" source="A6" target="A7"/>
  <move id="251" source="E:" target="D:"/>
  <move id="252" source="A7" target="A8"/>
  <move id="253" source="D:" target="C:"/>
  <move id="254" source="A8" target="B8"/>
  <move id="255" source="C:" target="B:"/>
  <move id="256" source="B8" target="B9"/>
  <move id="257" source="B:" target="A:"/>
  <player id="1">Player 1</player>
  <player id="2">Player 2</player>
  <result type="1" winner="1"/>
 </game>
</stratego>