<?xml version="1.0" encoding="UTF-8"?>
<stratego>
 <game type="classic">
  
  <field content="EEBMBEBBHDFFGBHIBEHDDHJLDDEDCKGFDIGFIJGDAA__AA__AAAA__AA__AANRUXPUWVPSRNTPPSONNPPTVTPRQSRNQSQYUQTNPQ"/>
  <move id="1" source="E4" target="E5"/>
  <move id="2" source="E7" target="E6"/>
  <move id="3" source="E5" target="E6"/>
  <move id="4" source="E8" target="E7"/>
  <move id="5" source="E6" target="E5"/>
  <move id="6" source="F8" target="E8"/>
  <move id="7" source="D4" target="E4"/>
  <move id="8" source="E7" target="E6"/>
  <move id="9" source="F4" target="F5"/>
  <move id="10" source="E6" target="F6"/>
  <move id="11" source="G4" target="F4"/>
  <move id="12" source="E8" target="E7"/>
  <move id="13" source="F5" target="F6"/>
  <move id="14" source="F7" target="F6"/>
  <move id="15" source="F4" target="F5"/>
  <move id="16" source="F6" target="F7"/>
  <move id="17" source="F5" target="F6"/>
  <move id="18" source="G8" target="F8"/>
  <move id="19" source="E5" target="E6"/>
  <move id="20" source="E7" target="E6"/>
  <move id="21" source="F6" target="F7"/>
  <move id="22" source="F8" target="G8"/>
  <move id="23" source="E4" target="E5"/>
  <move id="24" source="F9" target="F8"/>
  <move id="25" source="E5" target="E6"/>
  <move id="26" source="E9" target="E6"/>
  <move id="27" source="E6" target="E7"/>
  <move id="28" source="D7" target="E7"/>
  <move id="29" source="B4" target="B5"/>
  <move id="30" source="F8" target="F7"/>
  <move id="31" source="B5" target="B6"/>
  <move id="32" source="F7" target="F6"/>
  <move id="33" source="H4" target="G4"/>
  <move id="34" source="G9" target="F9"/>
  <move id="35" source="B6" target="B7"/>
  <move id="36" source="D8" target="E8"/>
  <move id="37" source="C4" target="B4"/>
  <move id="38" source="E8" target="E9"/>
  <move id="39" source="B4" target="B5"/>
  <move id="40" source="F6" target="E6"/>
  <move id="41" source="B5" target="B6"/>
  <move id="42" source="E6" target="E5"/>
  <move id="43" source="C3" target="C4"/>
  <move id="44" source="E5" target="E4"/>
  <move id="45" source="B6" target="B7"/>
  <move id="46" source="F9" target="F8"/>
  <move id="47" source="B7" target="C7"/>
  <move id="48" source="C7" target="D7"/>
  <move id="49" source="A4" target="A5"/>
  <move id="50" source="D7" target="D8"/>
  <move id="51" source="A5" target="A6"/>
  <move id="52" source="E9" target="E8"/>
  <move id="53" source="A6" target="A7"/>
  <move id="54" source="E7" target="D7"/>
  <move id="55" source="A3" target="A4"/>
  <move id="56" source="E8" target="E7"/>
  <move id="57" source="A4" target="B4"/>
  <move id="58" source="E7" target="F7"/>
  <move id="59" source="B4" target="B8"/>
  <move id="60" source="F7" target="F6"/>
  <move id="61" source="A2" target="A3"/>
  <move id="62" source="D8" target="E8"/>
  <move id="63" source="A3" target="A4"/>
  <move id="64" source="E8" target="E9"/>
  <move id="65" source="A4" target="A5"/>
  <move id="66" source="E9" target="F9"/>
  <move id="67" source="A5" target="B5"/>
  <move id="68" source="F9" target="G9"/>
  <move id="69" source="B5" target="B6"/>
  <move id="70" source="C8" target="C7"/>
  <move id="71" source="B6" target="B7"/>
  <move id="72" source="C7" target="B7"/>
  <move id="73" source="B3" target="B4"/>
  <move id="74" source="B7" target="C7"/>
  <move id="75" source="B4" target="B5"/>
  <move id="76" source="C7" target="C8"/>
  <move id="77" source="B5" target="B6"/>
  <move id="78" source="C8" target="D8"/>
  <move id="79" source="A1" target="A2"/>
  <move id="80" source="D8" target="E8"/>
  <move id="81" source="A2" target="A3"/>
  <move id="82" source="D9" target="D8"/>
  <move id="83" source="A3" target="A4"/>
  <move id="84" source="D8" target="C8"/>
  <move id="85" source="A4" target="A5"/>
  <move id="86" source="E8" target="E9"/>
  <move id="87" source="A5" target="A6"/>
  <move id="88" source="F6" target="F5"/>
  <move id="89" source="B6" target="B7"/>
  <move id="90" source="D7" target="C7"/>
  <move id="91" source="B7" target="B6"/>
  <move id="92" source="C7" target="B7"/>
  <move id="93" source="B6" target="B5"/>
  <move id="94" source="B7" target="B6"/>
  <move id="95" source="B5" target="B4"/>
  <move id="96" source="B6" target="A6"/>
  <move id="97" source="C4" target="D4"/>
  <move id="98" source="A6" target="B6"/>
  <move id="99" source="D4" target="E4"/>
  <move id="100" source="B6" target="B7"/>
  <move id="101" source="E4" target="E5"/>
  <move id="102" source="F5" target="F4"/>
  <move id="103" source="E5" target="E6"/>
  <move id="104" source="G7" target="F7"/>
  <move id="105" source="K4" target="K7"/>
  <move id="106" source="B7" target="C7"/>
  <move id="107" source="K3" target="K4"/>
  <move id="108" source="I7" target="I4"/>
  <move id="109" source="K4" target="K5"/>
  <move id="110" source="C7" target="D7"/>
  <move id="111" source="K5" target="K6"/>
  <move id="112" source="K7" target="I7"/>
  <move id="113" source="K6" target="K7"/>
  <move id="114" source="F8" target="E8"/>
  <move id="115" source="K7" target="I7"/>
  <move id="116" source="E8" target="D8"/>
  <move id="117" source="I7" target="H7"/>
  <move id="118" source="D7" target="E7"/>
  <move id="119" source="E6" target="E5"/>
  <move id="120" source="F4" target="G4"/>
  <move id="121" source="I4" target="I5"/>
  <move id="122" source="F7" target="F8"/>
  <move id="123" source="K2" target="K8"/>
  <move id="124" source="E7" target="F7"/>
  <move id="125" source="I5" target="I6"/>
  <move id="126" source="F8" target="E8"/>
  <move id="127" source="I6" target="K6"/>
  <move id="128" source="G8" target="F8"/>
  <move id="129" source="K6" target="K7"/>
  <move id="130" source="D8" target="D7"/>
  <move id="131" source="K7" target="K8"/>
  <move id="132" source="D7" target="C7"/>
  <move id="133" source="K8" target="I8"/>
  <move id="134" source="C7" target="B7"/>
  <move id="135" source="K1" target="K9"/>
  <move id="136" source="B7" target="B6"/>
  <move id="137" source="B2" target="B3"/>
  <move id="138" source="B6" target="B5"/>
  <move id="139" source="B4" target="C4"/>
  <move id="140" source="C8" target="D8"/>
  <move id="141" source="B3" target="B4"/>
  <move id="142" source="B5" target="B6"/>
  <move id="143" source="B4" target="B5"/>
  <move id="144" source="B6" target="B7"/>
  <move id="145" source="B5" target="B6"/>
  <move id="146" source="B7" target="C7"/>
  <move id="147" source="B6" target="B7"/>
  <move id="148" source="C9" target="C8"/>
  <move id="149" source="B7" target="C7"/>
  <move id="150" source="C8" target="C9"/>
  <move id="151" source="H3" target="H4"/>
  <move id="152" source="G9" target="G8"/>
  <move id="153" source="H4" target="I4"/>
  <move id="154" source="E9" target="D9"/>
  <move id="155" source="I4" target="K4"/>
  <move id="156" source="E8" target="E9"/>
  <move id="157" source="K4" target="K5"/>
  <move id="158" source="H9" target="G9"/>
  <move id="159" source="K5" target="K6"/>
  <move id="160" source="G9" target="F9"/>
  <move id="161" source="K6" target="K7"/>
  <move id="162" source="G8" target="G9"/>
  <move id="163" source="G4" target="H4"/>
  <move id="164" source="F8" target="G8"/>
  <move id="165" source="H4" target="H3"/>
  <move id="166" source="F9" target="F8"/>
  <move id="167" source="K7" target="K8"/>
  <move id="168" source="F8" target="E8"/>
  <move id="169" source="C4" target="B4"/>
  <move id="170" source="E8" target="E7"/>
  <move id="171" source="B4" target="B5"/>
  <move id="172" source="E7" target="D7"/>
  <move id="173" source="C7" target="B7"/>
  <move id="174" source="D7" target="C7"/>
  <move id="175" source="B7" target="B6"/>
  <move id="176" source="C7" target="B7"/>
  <move id="177" source="E5" target="E4"/>
  <move id="178" source="C9" target="C8"/>
  <move id="179" source="E4" target="D4"/>
  <move id="180" source="D8" target="E8"/>
  <move id="181" source="D4" target="C4"/>
  <move id="182" source="E8" target="E7"/>
  <move id="183" source="E3" target="E7"/>
  <move id="184" source="D9" target="D8"/>
  <move id="185" source="G3" target="G4"/>
  <move id="186" source="D8" target="E8"/>
  <move id="187" source="G4" target="H4"/>
  <move id="188" source="E7" target="D7"/>
  <move id="189" source="H4" target="I4"/>
  <move id="190" source="E8" target="E7"/>
  <move id="191" source="I4" target="K4"/>
  <move id="192" source="E7" target="E6"/>
  <move id="193" source="K4" target="K5"/>
  <move id="194" source="E6" target="E5"/>
  <move id="195" source="C4" target="D4"/>
  <move id="196" source="G9" target="F9"/>
  <move id="197" source="K5" target="K6"/>
  <move id="198" source="F9" target="F8"/>
  <move id="199" source="K6" target="K7"/>
  <move id="200" source="F7" target="G7"/>
  <move id="201" source="H7" target="I7"/>
  <move id="202" source="G7" target="H7"/>
  <move id="203" source="I7" target="I6"/>
  <move id="204" source="H7" target="I7"/>
  <move id="205" source="I6" target="I5"/>
  <move id="206" source="I7" target="K7"/>
  <move id="207" source="I5" target="I6"/>
  <move id="208" source="K7" target="I7"/>
  <move id="209" source="I6" target="I5"/>
  <move id="210" source="I7" target="H7"/>
  <move id="211" source="D4" target="E4"/>
  <move id="212" source="E5" target="E6"/>
  <move id="213" source="E4" target="E5"/>
  <move id="214" source="E6" target="E7"/>
  <move id="215" source="E5" target="E6"/>
  <move id="216" source="E9" target="E8"/>
  <move id="217" source="F3" target="F8"/>
  <move id="218" source="F8" target="F9"/>
  <move id="219" source="B6" target="B7"/>
  <move id="220" source="D7" target="D8"/>
  <move id="221" source="B5" target="B6"/>
  <move id="222" source="B7" target="C7"/>
  <move id="223" source="B6" target="B7"/>
  <move id="224" source="D8" target="D9"/>
  <move id="225" source="B7" target="C7"/>
  <move id="226" source="C8" target="C7"/>
  <move id="227" source="I3" target="K3"/>
  <move id="228" source="H7" target="G7"/>
  <move id="229" source="K3" target="K4"/>
  <move id="230" source="G7" target="F7"/>
  <move id="231" source="K4" target="K5"/>
  <move id="232" source="E7" target="D7"/>
  <move id="233" source="K5" target="K6"/>
  <move id="234" source="D7" target="D8"/>
  <move id="235" source="K6" target="K7"/>
  <move id="236" source="F9" target="E9"/>
  <move id="237" source="I5" target="I6"/>
  <move id="238" source="E8" target="F8"/>
  <move id="239" source="I6" target="I7"/>
  <move id="240" source="F7" target="E7"/>
  <move id="241" source="E6" target="E5"/>
  <move id="242" source="F8" target="F9"/>
  <move id="243" source="I7" target="H7"/>
  <move id="244" source="E7" target="F7"/>
  <move id="245" source="D3" target="C3"/>
  <move id="246" source="D8" target="D7"/>
  <move id="247" source="C3" target="B3"/>
  <move id="248" source="G8" target="F8"/>
  <move id="249" source="B3" target="B4"/>
  <move id="250" source="F8" target="E8"/>
  <move id="251" source="B4" target="B5"/>
  <move id="252" source="E8" target="D8"/>
  <move id="253" source="B5" target="B6"/>
  <move id="254" source="C7" target="C8"/>
  <move id="255" source="B6" target="B7"/>
  <move id="256" source="F9" target="F8"/>
  <move id="257" source="B7" target="C7"/>
  <move id="258" source="F7" target="E7"/>
  <move id="259" source="H7" target="G7"/>
  <move id="260" source="E9" target="F9"/>
  <move id="261" source="G7" target="G8"/>
  <move id="262" source="F8" target="G8"/>
  <move id="263" source="B1" target="B2"/>
  <move id="264" source="D9" target="E9"/>
  <move id="265" source="H3" target="I3"/>
  <move id="266" source="E9" target="E8"/>
  <move id="267" source="I3" target="I4"/>
  <move id="268" source="F9" target="G9"/>
  <move id="269" source="I4" target="I5"/>
  <move id="270" source="F:" target="F9"/>
  <move id="271" source="I5" target="I6"/>
  <move id="272" source="F9" target="F8"/>
  <move id="273" source="I6" target="I7"/>
  <move id="274" source="F8" target="F7"/>
  <move id="275" source="I7" target="H7"/>
  <move id="276" source="F7" target="G7"/>
  <move id="277" source="H7" target="G7"/>
  <move id="278" source="C8" target="C9"/>
  <move id="279" source="G7" target="G8"/>
  <move id="280" source="G9" target="F9"/>
  <move id="281" source="G8" target="G9"/>
  <move id="282" source="F9" target="F8"/>
  <move id="283" source="G9" target="G:"/>
  <move id="284" source="C9" target="D9"/>
  <move id="285" source="G:" target="H:"/>
  <move id="286" source="F8" target="F7"/>
  <move id="287" source="C7" target="C8"/>
  <move id="288" source="D8" target="C8"/>
  <move id="289" source="B2" target="B3"/>
  <move id="290" source="F7" target="G7"/>
  <move id="291" source="B3" target="B4"/>
  <move id="292" source="D7" target="C7"/>
  <move id="293" source="B4" target="B5"/>
  <move id="294" source="D9" target="D8"/>
  <move id="295" source="B5" target="B6"/>
  <move id="296" source="D8" target="D7"/>
  <move id="297" source="B6" target="B7"/>
  <move id="298" source="G7" target="H7"/>
  <move id="299" source="B7" target="B8"/>
  <move id="300" source="A8" target="B8"/>
  <move id="301" source="E5" target="E4"/>
  <move id="302" source="C8" target="C9"/>
  <move id="303" source="E4" target="D4"/>
  <move id="304" source="C7" target="C8"/>
  <move id="305" source="D4" target="C4"/>
  <move id="306" source="H7" target="I7"/>
  <move id="307" source="C4" target="B4"/>
  <move id="308" source="I7" target="K7"/>
  <move id="309" source="B4" target="B5"/>
  <move id="310" source="K7" target="K8"/>
  <move id="311" source="B5" target="B6"/>
  <move id="312" source="D7" target="C7"/>
  <move id="313" source="B6" target="B7"/>
  <move id="314" source="C7" target="B7"/>
  <move id="315" source="F2" target="F3"/>
  <move id="316" source="K8" target="K7"/>
  <move id="317" source="F3" target="G3"/>
  <move id="318" source="K7" target="I7"/>
  <move id="319" source="G3" target="H3"/>
  <move id="320" source="C8" target="D8"/>
  <move id="321" source="H3" target="G3"/>
  <move id="322" source="C9" target="C8"/>
  <move id="323" source="G3" target="F3"/>
  <move id="324" source="C8" target="C7"/>
  <move id="325" source="F3" target="E3"/>
  <move id="326" source="C7" target="B7"/>
  <move id="327" source="E3" target="D3"/>
  <move id="328" source="B7" target="B6"/>
  <move id="329" source="D3" target="C3"/>
  <move id="330" source="B6" target="B5"/>
  <move id="331" source="C3" target="B3"/>
  <move id="332" source="B5" target="B4"/>
  <move id="333" source="B3" target="B4"/>
  <move id="334" source="E8" target="F8"/>
  <move id="335" source="B4" target="B5"/>
  <move id="336" source="E7" target="D7"/>
  <move id="337" source="B5" target="B6"/>
  <move id="338" source="D7" target="C7"/>
  <move id="339" source="B6" target="B5"/>
  <move id="340" source="F8" target="F7"/>
  <move id="341" source="B5" target="B4"/>
  <move id="342" source="F7" target="F6"/>
  <move id="343" source="B4" target="C4"/>
  <move id="344" source="F6" target="F5"/>
  <move id="345" source="C4" target="D4"/>
  <move id="346" source="C7" target="D7"/>
  <move id="347" source="D4" target="E4"/>
  <move id="348" source="D7" target="E7"/>
  <move id="349" source="E4" target="F4"/>
  <move id="350" source="F5" target="E5"/>
  <move id="351" source="C2" target="C3"/>
  <move id="352" source="D8" target="C8"/>
  <move id="353" source="C3" target="B3"/>
  <move id="354" source="C8" target="C7"/>
  <move id="355" source="B3" target="B4"/>
  <move id="356" source="C7" target="B7"/>
  <move id="357" source="B4" target="B3"/>
  <move id="358" source="B7" target="B6"/>
  <move id="359" source="B3" target="C3"/>
  <move id="360" source="B6" target="B5"/>
  <move id="361" source="C3" target="D3"/>
  <move id="362" source="I7" target="I6"/>
  <move id="363" source="D3" target="E3"/>
  <move id="364" source="B9" target="C9"/>
  <move id="365" source="E3" target="F3"/>
  <move id="366" source="C9" target="D9"/>
  <move id="367" source="F4" target="E4"/>
  <move id="368" source="E5" target="F5"/>
  <move id="369" source="E4" target="D4"/>
  <move id="370" source="E7" target="D7"/>
  <move id="371" source="D4" target="C4"/>
  <move id="372" source="B5" target="A5"/>
  <move id="373" source="C4" target="B4"/>
  <move id="374" source="D9" target="E9"/>
  <move id="375" source="B4" target="A4"/>
  <move id="376" source="A5" target="B5"/>
  <move id="377" source="F3" target="F4"/>
  <move id="378" source="F5" target="F4"/>
  <move id="379" source="I2" target="I3"/>
  <move id="380" source="I6" target="I7"/>
  <move id="381" source="I3" target="I4"/>
  <move id="382" source="E9" target="F9"/>
  <move id="383" source="I4" target="H4"/>
  <move id="384" source="F9" target="F8"/>
  <move id="385" source="H4" target="G4"/>
  <move id="386" source="F4" target="F5"/>
  <move id="387" source="G4" target="F4"/>
  <move id="388" source="F5" target="F6"/>
  <move id="389" source="F4" target="F5"/>
  <move id="390" source="F6" target="F7"/>
  <move id="391" source="F5" target="F6"/>
  <move id="392" source="F7" target="E7"/>
  <move id="393" source="A4" target="A5"/>
  <move id="394" source="B5" target="B4"/>
  <move id="395" source="A5" target="A6"/>
  <move id="396" source="E7" target="E8"/>
  <move id="397" source="A6" target="B6"/>
  <move id="398" source="D7" target="C7"/>
  <move id="399" source="F6" target="E6"/>
  <move id="400" source="F8" target="F7"/>
  <move id="401" source="B6" target="B5"/>
  <move id="402" source="B4" target="B3"/>
  <move id="403" source="B5" target="B4"/>
  <move id="404" source="B3" target="C3"/>
  <move id="405" source="B4" target="B3"/>
  <move id="406" source="C3" target="C4"/>
  <move id="407" source="E6" target="E5"/>
  <move id="408" source="F7" target="F6"/>
  <move id="409" source="E5" target="E4"/>
  <move id="410" source="F6" target="F5"/>
  <move id="411" source="E4" target="D4"/>
  <move id="412" source="F5" target="F4"/>
  <move id="413" source="D4" target="C4"/>
  <move id="414" source="I7" target="H7"/>
  <move id="415" source="B3" target="B4"/>
  <move id="416" source="H7" target="G7"/>
  <move id="417" source="B4" target="C4"/>
  <move id="418" source="F4" target="F5"/>
  <move id="419" source="C4" target="D4"/>
  <move id="420" source="G7" target="F7"/>
  <move id="421" source="D4" target="E4"/>
  <move id="422" source="C7" target="D7"/>
  <move id="423" source="E4" target="E5"/>
  <move id="424" source="F5" target="F4"/>
  <move id="425" source="E5" target="F5"/>
  <move id="426" source="F4" target="E4"/>
  <move id="427" source="F5" target="F4"/>
  <move id="428" source="E4" target="E5"/>
  <move id="429" source="F4" target="E4"/>
  <move id="430" source="E5" target="F5"/>
  <move id="431" source="E4" target="F4"/>
  <move id="432" source="F5" target="E5"/>
  <move id="433" source="F4" target="E4"/>
  <move id="434" source="E5" target="F5"/>
  <move id="435" source="E4" target="D4"/>
  <move id="436" source="E8" target="F8"/>
  <move id="437" source="D4" target="D3"/>
  <move id="438" source="F7" target="E7"/>
  <move id="439" source="D3" target="E3"/>
  <move id="440" source="E7" target="E8"/>
  <move id="441" source="E3" target="E4"/>
  <move id="442" source="F8" target="G8"/>
  <move id="443" source="E4" target="F4"/>
  <move id="444" source="F5" target="E5"/>
  <move id="445" source="F4" target="F3"/>
  <move id="446" source="E8" target="E7"/>
  <move id="447" source="F3" target="E3"/>
  <move id="448" source="E5" target="F5"/>
  <move id="449" source="E3" target="E4"/>
  <move id="450" source="E7" target="E6"/>
  <move id="451" source="E4" target="F4"/>
  <move id="452" source="F5" target="E5"/>
  <move id="453" source="F4" target="F3"/>
  <move id="454" source="E6" target="F6"/>
  <move id="455" source="F3" target="F4"/>
  <move id="456" source="F6" target="F5"/>
  <move id="457" source="F4" target="E4"/>
  <move id="458" source="E5" target="E6"/>
  <move id="459" source="E4" target="D4"/>
  <move id="460" source="F5" target="F4"/>
  <move id="461" source="D4" target="C4"/>
  <move id="462" source="F4" target="E4"/>
  <move id="463" source="C4" target="B4"/>
  <move id="464" source="E4" target="D4"/>
  <move id="465" source="B4" target="B5"/>
  <move id="466" source="D4" target="C4"/>
  <move id="467" source="B5" target="B6"/>
  <move id="468" source="D7" target="C7"/>
  <move id="469" source="B6" target="B7"/>
  <move id="470" source="C7" target="B7"/>
  <player id="1">Player 1</player>
  <player id="2">Player 2</player>
  <result type="3" winner="2"/>
 </game>
</stratego>