<?xml version="1.0" encoding="UTF-8"?>
<stratego>
 <game type="classic">
  
  <field content="DEBEDDEEIMFDBFIHIHJBBGKCGFELGHDDGJDBHFDBAA__AA__AAAA__AA__AASPNURSNXTRPTOPTQQPPPNRRTSQQVWSYNUUPNQVPN"/>
  <move id="1" source="E4" target="E5"/>
  <move id="2" source="E7" target="E6"/>
  <move id="3" source="E3" target="E4"/>
  <move id="4" source="E6" target="E5"/>
  <move id="5" source="E4" target="E5"/>
  <move id="6" source="F7" target="F6"/>
  <move id="7" source="E5" target="E4"/>
  <move id="8" source="F6" target="F5"/>
  <move id="9" source="F3" target="E3"/>
  <move id="10" source="F5" target="E5"/>
  <move id="11" source="G3" target="F3"/>
  <move id="12" source="B7" target="B6"/>
  <move id="13" source="H3" target="G3"/>
  <move id="14" source="A7" target="A6"/>
  <move id="15" source="B4" target="B6"/>
  <move id="16" source="A6" target="A5"/>
  <move id="17" source="C4" target="B4"/>
  <move id="18" source="A5" target="B5"/>
  <move id="19" source="C3" target="C4"/>
  <move id="20" source="B5" target="B4"/>
  <move id="21" source="B3" target="B4"/>
  <move id="22" source="K7" target="K6"/>
  <move id="23" source="B2" target="B3"/>
  <move id="24" source="K6" target="K5"/>
  <move id="25" source="G3" target="H3"/>
  <move id="26" source="K5" target="K4"/>
  <move id="27" source="I4" target="I5"/>
  <move id="28" source="I7" target="I6"/>
  <move id="29" source="I3" target="I4"/>
  <move id="30" source="K8" target="K7"/>
  <move id="31" source="I2" target="I3"/>
  <move id="32" source="K7" target="K6"/>
  <move id="33" source="I5" target="K5"/>
  <move id="34" source="K6" target="K7"/>
  <move id="35" source="I4" target="I5"/>
  <move id="36" source="I6" target="K6"/>
  <move id="37" source="I3" target="I4"/>
  <move id="38" source="H7" target="I7"/>
  <move id="39" source="K5" target="K6"/>
  <move id="40" source="I7" target="I6"/>
  <move id="41" source="F3" target="G3"/>
  <move id="42" source="I6" target="I5"/>
  <move id="43" source="I4" target="I3"/>
  <move id="44" source="I5" target="I4"/>
  <move id="45" source="I3" target="I2"/>
  <move id="46" source="I4" target="I3"/>
  <move id="47" source="H3" target="I3"/>
  <move id="48" source="I8" target="I2"/>
  <move id="49" source="I2" target="I3"/>
  <move id="50" source="I9" target="I8"/>
  <move id="51" source="I3" target="I4"/>
  <move id="52" source="I8" target="I7"/>
  <move id="53" source="I4" target="I5"/>
  <move id="54" source="I7" target="I6"/>
  <move id="55" source="I5" target="K5"/>
  <move id="56" source="K7" target="K8"/>
  <move id="57" source="E4" target="E5"/>
  <move id="58" source="K6" target="K7"/>
  <move id="59" source="D4" target="E4"/>
  <move id="60" source="I6" target="K6"/>
  <move id="61" source="K5" target="I5"/>
  <move id="62" source="H9" target="I9"/>
  <move id="63" source="E4" target="E5"/>
  <move id="64" source="I9" target="I8"/>
  <move id="65" source="E5" target="E6"/>
  <move id="66" source="I8" target="I7"/>
  <move id="67" source="E3" target="E4"/>
  <move id="68" source="I7" target="I6"/>
  <move id="69" source="I5" target="K5"/>
  <move id="70" source="K6" target="K5"/>
  <move id="71" source="E6" target="E7"/>
  <move id="72" source="K5" target="I5"/>
  <move id="73" source="E7" target="E8"/>
  <move id="74" source="I5" target="I4"/>
  <move id="75" source="E8" target="D8"/>
  <move id="76" source="I4" target="I3"/>
  <move id="77" source="D8" target="D9"/>
  <move id="78" source="I3" target="I2"/>
  <move id="79" source="D3" target="E3"/>
  <move id="80" source="I2" target="H2"/>
  <move id="81" source="G3" target="F3"/>
  <move id="82" source="H2" target="H1"/>
  <move id="83" source="D9" target="D:"/>
  <move id="84" source="I6" target="I5"/>
  <move id="85" source="H4" target="I4"/>
  <move id="86" source="I5" target="I4"/>
  <move id="87" source="D:" target="E:"/>
  <move id="88" source="I4" target="H4"/>
  <move id="89" source="E4" target="E5"/>
  <move id="90" source="I:" target="I1"/>
  <move id="91" source="E5" target="E6"/>
  <move id="92" source="H4" target="I4"/>
  <move id="93" source="E:" target="F:"/>
  <move id="94" source="I4" target="I3"/>
  <move id="95" source="C4" target="D4"/>
  <move id="96" source="I3" target="I2"/>
  <move id="97" source="D4" target="E4"/>
  <move id="98" source="I2" target="I1"/>
  <move id="99" source="E4" target="E5"/>
  <move id="100" source="I1" target="I2"/>
  <move id="101" source="E5" target="F5"/>
  <move id="102" source="I2" target="H2"/>
  <move id="103" source="F5" target="F6"/>
  <move id="104" source="H8" target="I8"/>
  <move id="105" source="F6" target="F7"/>
  <move id="106" source="I8" target="I1"/>
  <move id="107" source="F7" target="F8"/>
  <move id="108" source="G8" target="H8"/>
  <move id="109" source="F8" target="F9"/>
  <move id="110" source="H8" target="I8"/>
  <move id="111" source="F9" target="F:"/>
  <move id="112" source="I8" target="I7"/>
  <player id="1">Player 1</player>
  <player id="2">Player 2</player>
  <result type="3" winner="2"/>
 </game>
</stratego>