<?xml version="1.0" encoding="UTF-8"?>
<stratego>
 <game type="classic">
  
  <field content="EEBMBFEGEDEKJBBFCDDGILJBHBIHGDGIHDDFDHDFAA__AA__AAAA__AA__AAUSVNNUPPSUWXVNRNSOPQSQTQNRPTPTYTQPRNPQRP"/>
  <move id="1" source="A4" target="A5"/>
  <move id="2" source="F7" target="F6"/>
  <move id="3" source="B4" target="B5"/>
  <move id="4" source="F6" target="F5"/>
  <move id="5" source="A5" target="A6"/>
  <move id="6" source="A7" target="A6"/>
  <move id="7" source="B5" target="B4"/>
  <move id="8" source="A6" target="A5"/>
  <move id="9" source="A3" target="A4"/>
  <move id="10" source="K7" target="K6"/>
  <move id="11" source="A4" target="A5"/>
  <move id="12" source="B7" target="B6"/>
  <move id="13" source="B4" target="A4"/>
  <move id="14" source="B6" target="A6"/>
  <move id="15" source="A4" target="A3"/>
  <move id="16" source="A6" target="A5"/>
  <move id="17" source="B3" target="B4"/>
  <move id="18" source="A8" target="A7"/>
  <move id="19" source="B4" target="A4"/>
  <move id="20" source="A7" target="A6"/>
  <move id="21" source="A4" target="A5"/>
  <move id="22" source="A6" target="B6"/>
  <move id="23" source="A5" target="B5"/>
  <move id="24" source="B6" target="A6"/>
  <move id="25" source="B5" target="A5"/>
  <move id="26" source="A6" target="B6"/>
  <move id="27" source="A5" target="B5"/>
  <move id="28" source="B6" target="B7"/>
  <move id="29" source="B5" target="B6"/>
  <move id="30" source="B7" target="A7"/>
  <move id="31" source="B6" target="A6"/>
  <move id="32" source="A7" target="B7"/>
  <move id="33" source="A6" target="B6"/>
  <move id="34" source="B7" target="A7"/>
  <move id="35" source="B6" target="A6"/>
  <move id="36" source="B8" target="B7"/>
  <move id="37" source="A6" target="A7"/>
  <move id="38" source="B7" target="B6"/>
  <move id="39" source="A7" target="B7"/>
  <move id="40" source="B6" target="B5"/>
  <move id="41" source="A3" target="A4"/>
  <move id="42" source="G7" target="F7"/>
  <move id="43" source="B7" target="B6"/>
  <move id="44" source="B5" target="B4"/>
  <move id="45" source="A4" target="A5"/>
  <move id="46" source="F7" target="F6"/>
  <move id="47" source="A5" target="A6"/>
  <move id="48" source="A9" target="A8"/>
  <move id="49" source="B6" target="B7"/>
  <move id="50" source="F6" target="E6"/>
  <move id="51" source="B7" target="A7"/>
  <move id="52" source="A8" target="A9"/>
  <move id="53" source="A6" target="B6"/>
  <move id="54" source="A9" target="A8"/>
  <move id="55" source="B6" target="B7"/>
  <move id="56" source="B4" target="C4"/>
  <move id="57" source="E4" target="E6"/>
  <move id="58" source="F5" target="F4"/>
  <move id="59" source="D4" target="E4"/>
  <move id="60" source="F4" target="E4"/>
  <move id="61" source="A7" target="A8"/>
  <move id="62" source="C7" target="B7"/>
  <move id="63" source="A8" target="B8"/>
  <move id="64" source="B7" target="B6"/>
  <move id="65" source="B8" target="B9"/>
  <move id="66" source="B6" target="B5"/>
  <move id="67" source="B9" target="B:"/>
  <move id="68" source="B5" target="B4"/>
  <move id="69" source="B:" target="A:"/>
  <player id="1">Player 1</player>
  <player id="2">Player 2</player>
  <result type="1" winner="1"/>
 </game>
</stratego>