<?xml version="1.0" encoding="UTF-8"?>
<stratego>
 <game type="classic">
  
  <field content="DGIBMBIEGDEBKEBBJLBEHGFCJHDEIDDFDHFGHDFDAA__AA__AAAA__AA__AARSPUPSQTPRPUNNSTNVSPRXVOWPRPQTPTNQYQUQNN"/>
  <move id="1" source="A4" target="A7"/>
  <move id="2" source="B7" target="B6"/>
  <move id="3" source="K4" target="K7"/>
  <move id="4" source="K7" target="K6"/>
  <move id="5" source="A3" target="A4"/>
  <move id="6" source="B6" target="B5"/>
  <move id="7" source="A4" target="A5"/>
  <move id="8" source="B5" target="B4"/>
  <move id="9" source="A5" target="A6"/>
  <move id="10" source="A7" target="B7"/>
  <move id="11" source="A6" target="A7"/>
  <move id="12" source="B4" target="C4"/>
  <move id="13" source="D4" target="C4"/>
  <move id="14" source="F7" target="F6"/>
  <move id="15" source="B3" target="B4"/>
  <move id="16" source="F6" target="F5"/>
  <move id="17" source="B4" target="B5"/>
  <move id="18" source="E7" target="E4"/>
  <move id="19" source="B5" target="B6"/>
  <move id="20" source="F5" target="E5"/>
  <move id="21" source="B6" target="B7"/>
  <move id="22" source="B8" target="B7"/>
  <move id="23" source="A7" target="A8"/>
  <move id="24" source="E8" target="E7"/>
  <move id="25" source="C4" target="D4"/>
  <move id="26" source="E7" target="E6"/>
  <move id="27" source="C3" target="C4"/>
  <move id="28" source="E5" target="E4"/>
  <move id="29" source="D4" target="E4"/>
  <move id="30" source="E6" target="E5"/>
  <move id="31" source="C4" target="D4"/>
  <move id="32" source="F8" target="F7"/>
  <move id="33" source="I4" target="K4"/>
  <move id="34" source="F7" target="F6"/>
  <move id="35" source="I3" target="I4"/>
  <move id="36" source="F6" target="E6"/>
  <move id="37" source="I4" target="I5"/>
  <move id="38" source="E5" target="F5"/>
  <move id="39" source="I5" target="I6"/>
  <move id="40" source="K6" target="K5"/>
  <move id="41" source="I6" target="K6"/>
  <move id="42" source="K5" target="K4"/>
  <move id="43" source="K6" target="I6"/>
  <move id="44" source="E6" target="E5"/>
  <move id="45" source="K3" target="K8"/>
  <move id="46" source="E5" target="E4"/>
  <move id="47" source="F4" target="E4"/>
  <move id="48" source="F5" target="E5"/>
  <move id="49" source="G4" target="F4"/>
  <move id="50" source="F9" target="F4"/>
  <move id="51" source="H4" target="G4"/>
  <move id="52" source="G7" target="F7"/>
  <move id="53" source="H3" target="H4"/>
  <move id="54" source="F7" target="E7"/>
  <move id="55" source="K2" target="K3"/>
  <move id="56" source="E7" target="E6"/>
  <move id="57" source="K3" target="I3"/>
  <move id="58" source="H7" target="G7"/>
  <move id="59" source="K1" target="K9"/>
  <move id="60" source="G7" target="F7"/>
  <move id="61" source="I3" target="K3"/>
  <move id="62" source="H8" target="H7"/>
  <move id="63" source="K3" target="K4"/>
  <move id="64" source="I7" target="K7"/>
  <move id="65" source="K4" target="K3"/>
  <move id="66" source="K7" target="K3"/>
  <move id="67" source="K3" target="K2"/>
  <move id="68" source="H7" target="I7"/>
  <move id="69" source="I6" target="I5"/>
  <move id="70" source="I7" target="I6"/>
  <move id="71" source="I5" target="I4"/>
  <move id="72" source="I6" target="I5"/>
  <move id="73" source="I4" target="I3"/>
  <move id="74" source="I5" target="K5"/>
  <move id="75" source="H4" target="I4"/>
  <move id="76" source="F7" target="F6"/>
  <move id="77" source="I3" target="H3"/>
  <move id="78" source="F6" target="F5"/>
  <move id="79" source="H3" target="H4"/>
  <move id="80" source="F5" target="F4"/>
  <move id="81" source="G4" target="F4"/>
  <move id="82" source="E9" target="E8"/>
  <move id="83" source="H4" target="G4"/>
  <move id="84" source="E8" target="E7"/>
  <move id="85" source="I4" target="I5"/>
  <move id="86" source="K5" target="K6"/>
  <move id="87" source="I5" target="I6"/>
  <move id="88" source="K6" target="K7"/>
  <move id="89" source="I6" target="I7"/>
  <move id="90" source="I8" target="I7"/>
  <move id="91" source="G3" target="H3"/>
  <move id="92" source="E5" target="E4"/>
  <move id="93" source="F4" target="E4"/>
  <move id="94" source="B7" target="B6"/>
  <move id="95" source="H3" target="G3"/>
  <move id="96" source="B6" target="A6"/>
  <move id="97" source="A8" target="A9"/>
  <move id="98" source="B9" target="B8"/>
  <move id="99" source="D4" target="C4"/>
  <move id="100" source="B8" target="B7"/>
  <move id="101" source="C4" target="B4"/>
  <move id="102" source="A6" target="B6"/>
  <move id="103" source="B4" target="B5"/>
  <move id="104" source="B6" target="B5"/>
  <move id="105" source="A9" target="A:"/>
  <move id="106" source="B5" target="A5"/>
  <move id="107" source="A:" target="A9"/>
  <move id="108" source="B7" target="B6"/>
  <move id="109" source="A2" target="A3"/>
  <move id="110" source="B6" target="B5"/>
  <move id="111" source="A3" target="B3"/>
  <move id="112" source="A5" target="A4"/>
  <move id="113" source="A9" target="A8"/>
  <move id="114" source="A4" target="B4"/>
  <move id="115" source="B3" target="C3"/>
  <move id="116" source="B4" target="A4"/>
  <move id="117" source="F3" target="F4"/>
  <move id="118" source="C9" target="B9"/>
  <move id="119" source="G3" target="F3"/>
  <move id="120" source="A4" target="A5"/>
  <move id="121" source="A8" target="A7"/>
  <move id="122" source="B9" target="B8"/>
  <move id="123" source="A7" target="B7"/>
  <move id="124" source="B8" target="B7"/>
  <move id="125" source="C3" target="C4"/>
  <move id="126" source="A5" target="A4"/>
  <move id="127" source="F4" target="F5"/>
  <move id="128" source="A4" target="B4"/>
  <move id="129" source="C4" target="C3"/>
  <move id="130" source="B:" target="B9"/>
  <move id="131" source="G4" target="F4"/>
  <move id="132" source="B9" target="B8"/>
  <move id="133" source="G2" target="G3"/>
  <move id="134" source="B8" target="A8"/>
  <move id="135" source="G3" target="G4"/>
  <move id="136" source="A8" target="A7"/>
  <move id="137" source="G4" target="H4"/>
  <move id="138" source="A7" target="A6"/>
  <move id="139" source="H4" target="I4"/>
  <move id="140" source="A6" target="A5"/>
  <move id="141" source="I4" target="I5"/>
  <move id="142" source="A5" target="A4"/>
  <move id="143" source="I5" target="I6"/>
  <move id="144" source="I7" target="I8"/>
  <move id="145" source="I6" target="I7"/>
  <move id="146" source="K7" target="I7"/>
  <move id="147" source="F3" target="G3"/>
  <move id="148" source="A4" target="A3"/>
  <move id="149" source="G3" target="G4"/>
  <move id="150" source="B4" target="C4"/>
  <move id="151" source="A1" target="A3"/>
  <move id="152" source="B5" target="B4"/>
  <move id="153" source="C3" target="B3"/>
  <move id="154" source="A3" target="B3"/>
  <move id="155" source="E4" target="E5"/>
  <move id="156" source="B3" target="A3"/>
  <move id="157" source="F4" target="E4"/>
  <move id="158" source="B4" target="B3"/>
  <move id="159" source="C2" target="C3"/>
  <move id="160" source="C4" target="C3"/>
  <move id="161" source="E4" target="F4"/>
  <move id="162" source="B3" target="B4"/>
  <move id="163" source="E5" target="E4"/>
  <move id="164" source="A3" target="A4"/>
  <move id="165" source="E4" target="B4"/>
  <move id="166" source="D9" target="E9"/>
  <move id="167" source="H2" target="G2"/>
  <move id="168" source="E9" target="E8"/>
  <move id="169" source="G2" target="G3"/>
  <move id="170" source="E7" target="F7"/>
  <move id="171" source="G3" target="F3"/>
  <move id="172" source="F7" target="F8"/>
  <move id="173" source="G4" target="G3"/>
  <move id="174" source="F8" target="F9"/>
  <move id="175" source="G3" target="G2"/>
  <move id="176" source="F9" target="E9"/>
  <move id="177" source="F5" target="F6"/>
  <move id="178" source="D7" target="E7"/>
  <move id="179" source="F6" target="E6"/>
  <move id="180" source="E7" target="E6"/>
  <move id="181" source="F4" target="F5"/>
  <move id="182" source="B4" target="C4"/>
  <move id="183" source="C3" target="B3"/>
  <move id="184" source="C4" target="D4"/>
  <move id="185" source="D3" target="D4"/>
  <player id="1">Player 1</player>
  <player id="2">Player 2</player>
  <result type="3" winner="1"/>
 </game>
</stratego>