<?xml version="1.0" encoding="UTF-8"?>
<stratego>
 <game type="classic">
  
  <field content="BEBHGEHFHGBHDFDFMDKDDLDBJEGIGBIJBDECIFDEAA__AA__AAAA__AA__AANSRWPPXSPSRNVOQPVNTPNRPPPUURNSYTTQQQUQTN"/>
  <move id="1" source="E4" target="E5"/>
  <move id="2" source="F7" target="F4"/>
  <move id="3" source="F3" target="F4"/>
  <move id="4" source="E7" target="E5"/>
  <move id="5" source="F4" target="F3"/>
  <move id="6" source="F8" target="F7"/>
  <move id="7" source="A4" target="A5"/>
  <move id="8" source="F7" target="F6"/>
  <move id="9" source="A5" target="B5"/>
  <move id="10" source="F6" target="F5"/>
  <move id="11" source="E5" target="E6"/>
  <move id="12" source="F5" target="F4"/>
  <move id="13" source="A3" target="A7"/>
  <move id="14" source="F4" target="G4"/>
  <move id="15" source="I4" target="I7"/>
  <move id="16" source="G7" target="F7"/>
  <move id="17" source="H4" target="I4"/>
  <move id="18" source="F7" target="F6"/>
  <move id="19" source="I4" target="I5"/>
  <move id="20" source="F6" target="F5"/>
  <move id="21" source="I5" target="K5"/>
  <move id="22" source="F5" target="F4"/>
  <move id="23" source="G4" target="H4"/>
  <move id="24" source="F4" target="G4"/>
  <move id="25" source="H4" target="I4"/>
  <move id="26" source="G4" target="H4"/>
  <move id="27" source="I4" target="I5"/>
  <move id="28" source="H4" target="I4"/>
  <move id="29" source="I5" target="I6"/>
  <move id="30" source="I4" target="I5"/>
  <move id="31" source="I6" target="K6"/>
  <move id="32" source="I5" target="K5"/>
  <move id="33" source="K6" target="K7"/>
  <move id="34" source="K5" target="K6"/>
  <move id="35" source="K7" target="K8"/>
  <move id="36" source="K6" target="K7"/>
  <move id="37" source="K8" target="I8"/>
  <move id="38" source="K7" target="I7"/>
  <move id="39" source="I8" target="I9"/>
  <move id="40" source="I7" target="I6"/>
  <move id="41" source="D4" target="E4"/>
  <move id="42" source="I6" target="I5"/>
  <move id="43" source="E4" target="F4"/>
  <move id="44" source="I5" target="I4"/>
  <move id="45" source="F4" target="F5"/>
  <move id="46" source="H7" target="G7"/>
  <move id="47" source="F5" target="F9"/>
  <move id="48" source="G7" target="F7"/>
  <move id="49" source="B4" target="A4"/>
  <move id="50" source="I4" target="H4"/>
  <move id="51" source="B5" target="A5"/>
  <move id="52" source="H4" target="G4"/>
  <move id="53" source="B3" target="A3"/>
  <move id="54" source="F7" target="E7"/>
  <move id="55" source="E6" target="F6"/>
  <move id="56" source="G4" target="F4"/>
  <move id="57" source="I3" target="I4"/>
  <move id="58" source="F4" target="F5"/>
  <move id="59" source="F6" target="F7"/>
  <move id="60" source="E7" target="F7"/>
  <move id="61" source="I4" target="I5"/>
  <move id="62" source="F7" target="E7"/>
  <move id="63" source="I5" target="I6"/>
  <move id="64" source="E7" target="E6"/>
  <move id="65" source="I6" target="I7"/>
  <move id="66" source="E6" target="E5"/>
  <move id="67" source="I7" target="H7"/>
  <move id="68" source="F5" target="F6"/>
  <move id="69" source="C3" target="B3"/>
  <move id="70" source="F6" target="F7"/>
  <move id="71" source="H7" target="I7"/>
  <move id="72" source="F7" target="F6"/>
  <move id="73" source="B3" target="B7"/>
  <move id="74" source="E5" target="E4"/>
  <move id="75" source="A5" target="A6"/>
  <move id="76" source="F6" target="F5"/>
  <move id="77" source="I2" target="I3"/>
  <move id="78" source="F5" target="F4"/>
  <move id="79" source="I3" target="I4"/>
  <move id="80" source="F4" target="F3"/>
  <move id="81" source="I4" target="I5"/>
  <move id="82" source="E4" target="E3"/>
  <move id="83" source="E3" target="E4"/>
  <move id="84" source="D7" target="E7"/>
  <move id="85" source="E4" target="E5"/>
  <move id="86" source="E7" target="E6"/>
  <move id="87" source="I7" target="I8"/>
  <move id="88" source="E6" target="E5"/>
  <move id="89" source="I5" target="I6"/>
  <move id="90" source="F3" target="F4"/>
  <move id="91" source="I6" target="I7"/>
  <move id="92" source="F4" target="F5"/>
  <move id="93" source="I7" target="H7"/>
  <move id="94" source="F5" target="F6"/>
  <move id="95" source="H7" target="G7"/>
  <move id="96" source="F6" target="F7"/>
  <move id="97" source="G7" target="G8"/>
  <move id="98" source="F7" target="F8"/>
  <move id="99" source="G8" target="G7"/>
  <move id="100" source="E5" target="F5"/>
  <move id="101" source="I8" target="K8"/>
  <move id="102" source="E8" target="E7"/>
  <move id="103" source="C2" target="C3"/>
  <move id="104" source="E7" target="E6"/>
  <move id="105" source="C3" target="B3"/>
  <move id="106" source="E6" target="E5"/>
  <move id="107" source="B3" target="B4"/>
  <move id="108" source="E5" target="E4"/>
  <move id="109" source="B4" target="B5"/>
  <move id="110" source="E4" target="F4"/>
  <move id="111" source="B5" target="A5"/>
  <move id="112" source="F4" target="F3"/>
  <move id="113" source="G3" target="F3"/>
  <move id="114" source="F5" target="F4"/>
  <move id="115" source="F3" target="E3"/>
  <move id="116" source="F4" target="E4"/>
  <move id="117" source="D2" target="C2"/>
  <move id="118" source="E4" target="E3"/>
  <move id="119" source="C2" target="C3"/>
  <move id="120" source="E3" target="E4"/>
  <move id="121" source="C3" target="B3"/>
  <move id="122" source="E4" target="F4"/>
  <move id="123" source="B3" target="B4"/>
  <move id="124" source="F4" target="F3"/>
  <move id="125" source="B4" target="B5"/>
  <move id="126" source="E9" target="E2"/>
  <move id="127" source="B5" target="B6"/>
  <move id="128" source="E:" target="E9"/>
  <move id="129" source="A5" target="B5"/>
  <move id="130" source="E9" target="E8"/>
  <move id="131" source="B5" target="B4"/>
  <move id="132" source="E8" target="E7"/>
  <move id="133" source="B4" target="B3"/>
  <move id="134" source="E7" target="E6"/>
  <move id="135" source="B3" target="C3"/>
  <move id="136" source="E6" target="E5"/>
  <move id="137" source="C3" target="C2"/>
  <move id="138" source="E5" target="E4"/>
  <move id="139" source="C2" target="D2"/>
  <move id="140" source="E4" target="E3"/>
  <move id="141" source="D2" target="E2"/>
  <move id="142" source="D9" target="E9"/>
  <move id="143" source="K8" target="K9"/>
  <move id="144" source="E9" target="E8"/>
  <move id="145" source="B6" target="B5"/>
  <move id="146" source="E8" target="E7"/>
  <move id="147" source="B5" target="A5"/>
  <move id="148" source="E7" target="E6"/>
  <move id="149" source="H2" target="I2"/>
  <move id="150" source="E6" target="E5"/>
  <move id="151" source="I2" target="I3"/>
  <move id="152" source="E5" target="E4"/>
  <move id="153" source="I3" target="I4"/>
  <move id="154" source="F3" target="F4"/>
  <move id="155" source="I4" target="H4"/>
  <move id="156" source="F4" target="F5"/>
  <move id="157" source="H4" target="G4"/>
  <move id="158" source="E4" target="G4"/>
  <move id="159" source="F2" target="F3"/>
  <move id="160" source="E3" target="D3"/>
  <move id="161" source="F3" target="E3"/>
  <move id="162" source="D3" target="C3"/>
  <move id="163" source="E3" target="D3"/>
  <move id="164" source="C3" target="C4"/>
  <move id="165" source="D3" target="C3"/>
  <move id="166" source="C4" target="B4"/>
  <move id="167" source="C3" target="B3"/>
  <move id="168" source="B4" target="A4"/>
  <move id="169" source="B3" target="C3"/>
  <move id="170" source="C9" target="D9"/>
  <move id="171" source="C3" target="D3"/>
  <move id="172" source="D9" target="E9"/>
  <move id="173" source="D3" target="D4"/>
  <move id="174" source="E9" target="E4"/>
  <move id="175" source="D4" target="D3"/>
  <move id="176" source="E4" target="E2"/>
  <move id="177" source="D3" target="E3"/>
  <move id="178" source="F5" target="F4"/>
  <move id="179" source="E3" target="F3"/>
  <move id="180" source="F4" target="E4"/>
  <move id="181" source="F3" target="F4"/>
  <move id="182" source="E4" target="E3"/>
  <move id="183" source="A5" target="B5"/>
  <move id="184" source="B7" target="B6"/>
  <move id="185" source="F4" target="F3"/>
  <move id="186" source="E3" target="E4"/>
  <move id="187" source="B5" target="B4"/>
  <move id="188" source="B6" target="A6"/>
  <move id="189" source="B4" target="C4"/>
  <move id="190" source="E4" target="E5"/>
  <move id="191" source="F3" target="F4"/>
  <move id="192" source="E5" target="E6"/>
  <move id="193" source="F4" target="E4"/>
  <move id="194" source="E6" target="E7"/>
  <move id="195" source="E4" target="E5"/>
  <move id="196" source="E7" target="E8"/>
  <move id="197" source="E5" target="E6"/>
  <move id="198" source="E8" target="E9"/>
  <move id="199" source="G7" target="H7"/>
  <move id="200" source="C7" target="D7"/>
  <move id="201" source="E6" target="E5"/>
  <move id="202" source="C8" target="C7"/>
  <move id="203" source="A6" target="A5"/>
  <move id="204" source="C7" target="B7"/>
  <move id="205" source="A5" target="B5"/>
  <move id="206" source="B7" target="B6"/>
  <move id="207" source="B5" target="B4"/>
  <move id="208" source="B6" target="B5"/>
  <move id="209" source="B4" target="B3"/>
  <move id="210" source="B5" target="A5"/>
  <move id="211" source="A4" target="B4"/>
  <move id="212" source="A5" target="A4"/>
  <move id="213" source="A3" target="A4"/>
  <move id="214" source="E9" target="E8"/>
  <move id="215" source="B4" target="B5"/>
  <move id="216" source="E8" target="E7"/>
  <move id="217" source="E5" target="F5"/>
  <move id="218" source="E7" target="E6"/>
  <move id="219" source="B5" target="A5"/>
  <move id="220" source="E6" target="E5"/>
  <move id="221" source="F5" target="F4"/>
  <move id="222" source="E5" target="E4"/>
  <move id="223" source="F4" target="F5"/>
  <move id="224" source="E4" target="F4"/>
  <move id="225" source="F5" target="E5"/>
  <move id="226" source="F8" target="F7"/>
  <move id="227" source="C4" target="C3"/>
  <move id="228" source="F7" target="F6"/>
  <move id="229" source="H7" target="G7"/>
  <move id="230" source="F4" target="E4"/>
  <move id="231" source="G7" target="G8"/>
  <move id="232" source="E4" target="E5"/>
  <move id="233" source="G8" target="F8"/>
  <move id="234" source="F6" target="F7"/>
  <move id="235" source="F8" target="F9"/>
  <move id="236" source="E5" target="E4"/>
  <move id="237" source="F9" target="E9"/>
  <move id="238" source="E4" target="D4"/>
  <move id="239" source="A4" target="B4"/>
  <move id="240" source="D4" target="D3"/>
  <move id="241" source="B4" target="C4"/>
  <move id="242" source="F7" target="F6"/>
  <move id="243" source="C3" target="C2"/>
  <move id="244" source="F6" target="F5"/>
  <move id="245" source="C4" target="C3"/>
  <move id="246" source="D3" target="D2"/>
  <move id="247" source="A5" target="A6"/>
  <move id="248" source="F5" target="F4"/>
  <move id="249" source="A6" target="B6"/>
  <move id="250" source="F4" target="E4"/>
  <move id="251" source="B3" target="A3"/>
  <move id="252" source="E4" target="D4"/>
  <move id="253" source="C3" target="D3"/>
  <move id="254" source="D2" target="C2"/>
  <move id="255" source="D3" target="D4"/>
  <move id="256" source="C2" target="D2"/>
  <move id="257" source="E9" target="E8"/>
  <move id="258" source="D2" target="D1"/>
  <move id="259" source="B6" target="B7"/>
  <move id="260" source="D1" target="E1"/>
  <move id="261" source="B7" target="C7"/>
  <move id="262" source="E1" target="E2"/>
  <move id="263" source="C7" target="C8"/>
  <move id="264" source="G9" target="G8"/>
  <move id="265" source="E8" target="F8"/>
  <move id="266" source="G8" target="G7"/>
  <move id="267" source="F8" target="F7"/>
  <move id="268" source="G7" target="H7"/>
  <move id="269" source="F7" target="G7"/>
  <move id="270" source="H7" target="I7"/>
  <move id="271" source="G7" target="H7"/>
  <move id="272" source="I7" target="I6"/>
  <move id="273" source="H7" target="I7"/>
  <move id="274" source="I6" target="I5"/>
  <move id="275" source="I7" target="I6"/>
  <move id="276" source="I5" target="I4"/>
  <move id="277" source="I6" target="I5"/>
  <move id="278" source="I4" target="I3"/>
  <move id="279" source="H3" target="I3"/>
  <move id="280" source="E2" target="F2"/>
  <move id="281" source="I5" target="I4"/>
  <move id="282" source="F2" target="G2"/>
  <player id="1">Player 1</player>
  <player id="2">Player 2</player>
  <result type="1" winner="2"/>
 </game>
</stratego>