<?xml version="1.0" encoding="UTF-8"?>
<stratego>
 <game type="classic">
  
  <field content="DDBMBEEFBDCEJBDGFDIDKIEGHBBHELHFDDGFIJGHAA__AA__AAAA__AA__AASPUQPSQWTPPTNVSPTRPRRPNSUXNOVPRQNUQNYNQT"/>
  <move id="1" source="K4" target="K5"/>
  <move id="2" source="I7" target="I6"/>
  <move id="3" source="K3" target="K4"/>
  <move id="4" source="I6" target="K6"/>
  <move id="5" source="K5" target="K6"/>
  <move id="6" source="B7" target="B6"/>
  <move id="7" source="K4" target="K5"/>
  <move id="8" source="B6" target="B5"/>
  <move id="9" source="K5" target="K6"/>
  <move id="10" source="A7" target="A6"/>
  <move id="11" source="K6" target="I6"/>
  <move id="12" source="I8" target="I7"/>
  <move id="13" source="K2" target="K7"/>
  <move id="14" source="H8" target="I8"/>
  <move id="15" source="K1" target="K8"/>
  <move id="16" source="A6" target="A5"/>
  <move id="17" source="I4" target="K4"/>
  <move id="18" source="A5" target="A4"/>
  <move id="19" source="K4" target="K5"/>
  <move id="20" source="I8" target="H8"/>
  <move id="21" source="K5" target="K6"/>
  <move id="22" source="I9" target="I8"/>
  <move id="23" source="K6" target="K7"/>
  <move id="24" source="C7" target="B7"/>
  <move id="25" source="K7" target="I7"/>
  <move id="26" source="I8" target="I7"/>
  <move id="27" source="I6" target="I7"/>
  <move id="28" source="B7" target="A7"/>
  <move id="29" source="I7" target="K7"/>
  <move id="30" source="H8" target="I8"/>
  <move id="31" source="I2" target="K2"/>
  <move id="32" source="A7" target="A6"/>
  <move id="33" source="I3" target="K3"/>
  <move id="34" source="A6" target="A5"/>
  <move id="35" source="H2" target="I2"/>
  <move id="36" source="F7" target="F6"/>
  <move id="37" source="I2" target="I8"/>
  <move id="38" source="F6" target="F5"/>
  <move id="39" source="H3" target="I3"/>
  <move id="40" source="A5" target="A4"/>
  <move id="41" source="A3" target="A4"/>
  <move id="42" source="B5" target="A5"/>
  <move id="43" source="A2" target="A3"/>
  <move id="44" source="B8" target="B7"/>
  <move id="45" source="I3" target="I4"/>
  <move id="46" source="B7" target="B6"/>
  <move id="47" source="I4" target="I5"/>
  <move id="48" source="B6" target="B5"/>
  <move id="49" source="I5" target="I6"/>
  <move id="50" source="B5" target="B4"/>
  <move id="51" source="B3" target="B4"/>
  <move id="52" source="D7" target="C7"/>
  <move id="53" source="B4" target="B3"/>
  <move id="54" source="C7" target="B7"/>
  <move id="55" source="C4" target="B4"/>
  <move id="56" source="B7" target="B6"/>
  <move id="57" source="B4" target="B5"/>
  <move id="58" source="B6" target="B5"/>
  <move id="59" source="I6" target="I7"/>
  <move id="60" source="I8" target="I7"/>
  <move id="61" source="I7" target="I8"/>
  <move id="62" source="G7" target="F7"/>
  <move id="63" source="I8" target="K8"/>
  <move id="64" source="B5" target="B6"/>
  <move id="65" source="D4" target="C4"/>
  <move id="66" source="G8" target="H8"/>
  <move id="67" source="K7" target="I7"/>
  <move id="68" source="H9" target="I9"/>
  <move id="69" source="C4" target="B4"/>
  <move id="70" source="I9" target="I8"/>
  <move id="71" source="K8" target="I8"/>
  <move id="72" source="H8" target="I8"/>
  <move id="73" source="B4" target="B5"/>
  <move id="74" source="B6" target="B5"/>
  <move id="75" source="D3" target="D4"/>
  <move id="76" source="F5" target="F4"/>
  <move id="77" source="G4" target="F4"/>
  <move id="78" source="F7" target="F6"/>
  <move id="79" source="D4" target="C4"/>
  <move id="80" source="F6" target="F5"/>
  <move id="81" source="C4" target="B4"/>
  <move id="82" source="F5" target="E5"/>
  <move id="83" source="B4" target="B5"/>
  <move id="84" source="A5" target="A6"/>
  <move id="85" source="B5" target="B6"/>
  <move id="86" source="E5" target="E4"/>
  <move id="87" source="B6" target="A6"/>
  <move id="88" source="H7" target="G7"/>
  <move id="89" source="H4" target="I4"/>
  <move id="90" source="G7" target="F7"/>
  <move id="91" source="F4" target="G4"/>
  <move id="92" source="F7" target="F6"/>
  <move id="93" source="G4" target="H4"/>
  <move id="94" source="F6" target="F5"/>
  <move id="95" source="I4" target="I3"/>
  <move id="96" source="F5" target="F4"/>
  <move id="97" source="H4" target="I4"/>
  <player id="1">Player 1</player>
  <player id="2">Player 2</player>
  <result type="3" winner="1"/>
 </game>
</stratego>