<?xml version="1.0" encoding="UTF-8"?>
<stratego>
 <game type="classic">
  
  <field content="GEEDDDEDDFMIJHBGDDGBLHJBFFCEHEIGKHBBDFBIAA__AA__AAAA__AA__AAPRSTTUONRPTPNRWXQSPTQRNVQNQVSQPPSUNYNUPP"/>
  <move id="1" source="A4" target="A5"/>
  <move id="2" source="K7" target="K4"/>
  <move id="3" source="K4" target="K5"/>
  <move id="4" source="K8" target="K7"/>
  <move id="5" source="K5" target="K6"/>
  <move id="6" source="K7" target="K8"/>
  <move id="7" source="K3" target="K4"/>
  <move id="8" source="A7" target="A5"/>
  <move id="9" source="A5" target="A6"/>
  <move id="10" source="I7" target="I6"/>
  <move id="11" source="K6" target="I6"/>
  <move id="12" source="I8" target="I7"/>
  <move id="13" source="I6" target="K6"/>
  <move id="14" source="I7" target="I4"/>
  <move id="15" source="K6" target="K7"/>
  <move id="16" source="K8" target="I8"/>
  <move id="17" source="K4" target="K5"/>
  <move id="18" source="E7" target="E6"/>
  <move id="19" source="K5" target="I5"/>
  <move id="20" source="D7" target="E7"/>
  <move id="21" source="B4" target="B5"/>
  <move id="22" source="E6" target="E5"/>
  <move id="23" source="B5" target="B6"/>
  <move id="24" source="E7" target="E6"/>
  <move id="25" source="A6" target="A7"/>
  <move id="26" source="B7" target="B6"/>
  <move id="27" source="A3" target="A4"/>
  <move id="28" source="C7" target="B7"/>
  <move id="29" source="A7" target="A6"/>
  <move id="30" source="B7" target="A7"/>
  <move id="31" source="A6" target="A5"/>
  <move id="32" source="A7" target="A6"/>
  <move id="33" source="A5" target="B5"/>
  <move id="34" source="A6" target="A7"/>
  <move id="35" source="A4" target="A5"/>
  <move id="36" source="A7" target="B7"/>
  <move id="37" source="A5" target="A6"/>
  <move id="38" source="D8" target="D7"/>
  <move id="39" source="B5" target="A5"/>
  <move id="40" source="B7" target="B6"/>
  <move id="41" source="A5" target="B5"/>
  <move id="42" source="B8" target="B7"/>
  <move id="43" source="A6" target="B6"/>
  <move id="44" source="B7" target="B6"/>
  <move id="45" source="B5" target="A5"/>
  <move id="46" source="E5" target="E4"/>
  <move id="47" source="B6" target="B7"/>
  <move id="48" source="E8" target="D8"/>
  <move id="49" source="B7" target="C7"/>
  <move id="50" source="E6" target="F6"/>
  <move id="51" source="A5" target="A6"/>
  <move id="52" source="E9" target="E8"/>
  <move id="53" source="A6" target="A7"/>
  <move id="54" source="E8" target="E7"/>
  <move id="55" source="B3" target="B4"/>
  <move id="56" source="E7" target="E6"/>
  <move id="57" source="B4" target="B5"/>
  <move id="58" source="E6" target="E5"/>
  <move id="59" source="B5" target="B6"/>
  <move id="60" source="E5" target="E4"/>
  <move id="61" source="E3" target="E4"/>
  <move id="62" source="F6" target="F5"/>
  <move id="63" source="B6" target="B7"/>
  <move id="64" source="F5" target="E5"/>
  <move id="65" source="E4" target="E3"/>
  <move id="66" source="E5" target="E4"/>
  <move id="67" source="D4" target="E4"/>
  <move id="68" source="D7" target="E7"/>
  <move id="69" source="B7" target="B8"/>
  <move id="70" source="B9" target="B8"/>
  <move id="71" source="B8" target="A8"/>
  <move id="72" source="B:" target="B4"/>
  <move id="73" source="C7" target="D7"/>
  <move id="74" source="B4" target="C4"/>
  <move id="75" source="D7" target="E7"/>
  <move id="76" source="I8" target="K8"/>
  <move id="77" source="K7" target="K8"/>
  <move id="78" source="H8" target="I8"/>
  <move id="79" source="K8" target="K9"/>
  <move id="80" source="I8" target="K8"/>
  <move id="81" source="K9" target="K:"/>
  <move id="82" source="I9" target="I8"/>
  <move id="83" source="K:" target="I:"/>
  <move id="84" source="I8" target="I7"/>
  <move id="85" source="I:" target="I9"/>
  <move id="86" source="H9" target="I9"/>
  <move id="87" source="I5" target="I6"/>
  <move id="88" source="I7" target="I6"/>
  <move id="89" source="E3" target="E4"/>
  <move id="90" source="I6" target="I5"/>
  <move id="91" source="E4" target="E5"/>
  <move id="92" source="I5" target="K5"/>
  <move id="93" source="E5" target="E6"/>
  <move id="94" source="K5" target="K4"/>
  <move id="95" source="E6" target="F6"/>
  <move id="96" source="F7" target="F6"/>
  <move id="97" source="E7" target="F7"/>
  <move id="98" source="G7" target="F7"/>
  <move id="99" source="C4" target="D4"/>
  <move id="100" source="K4" target="K3"/>
  <move id="101" source="D4" target="E4"/>
  <move id="102" source="K3" target="I3"/>
  <move id="103" source="E4" target="E5"/>
  <move id="104" source="I9" target="I8"/>
  <move id="105" source="E5" target="E6"/>
  <move id="106" source="F6" target="F5"/>
  <move id="107" source="C3" target="C4"/>
  <move id="108" source="F7" target="G7"/>
  <move id="109" source="C4" target="D4"/>
  <move id="110" source="I8" target="I7"/>
  <move id="111" source="E6" target="F6"/>
  <move id="112" source="F5" target="E5"/>
  <move id="113" source="D4" target="E4"/>
  <move id="114" source="F8" target="F7"/>
  <move id="115" source="E4" target="E5"/>
  <move id="116" source="F7" target="F6"/>
  <move id="117" source="A7" target="A8"/>
  <move id="118" source="F6" target="F5"/>
  <move id="119" source="E5" target="E6"/>
  <move id="120" source="D8" target="D7"/>
  <move id="121" source="A8" target="A9"/>
  <move id="122" source="D7" target="E7"/>
  <move id="123" source="A9" target="A:"/>
  <move id="124" source="D9" target="E9"/>
  <move id="125" source="A:" target="B:"/>
  <move id="126" source="D:" target="D9"/>
  <move id="127" source="B:" target="B9"/>
  <move id="128" source="E7" target="E6"/>
  <move id="129" source="B9" target="C9"/>
  <move id="130" source="I7" target="I6"/>
  <move id="131" source="B2" target="B3"/>
  <move id="132" source="I6" target="K6"/>
  <move id="133" source="B3" target="B4"/>
  <move id="134" source="K6" target="K5"/>
  <move id="135" source="B4" target="B5"/>
  <move id="136" source="K5" target="K4"/>
  <move id="137" source="B5" target="B6"/>
  <move id="138" source="K4" target="K3"/>
  <move id="139" source="B6" target="B7"/>
  <move id="140" source="K3" target="I3"/>
  <move id="141" source="B7" target="C7"/>
  <move id="142" source="E6" target="E7"/>
  <move id="143" source="F3" target="E3"/>
  <move id="144" source="F5" target="E5"/>
  <move id="145" source="E3" target="F3"/>
  <move id="146" source="E5" target="E6"/>
  <move id="147" source="B1" target="B2"/>
  <move id="148" source="E7" target="F7"/>
  <move id="149" source="B2" target="B3"/>
  <move id="150" source="E6" target="E7"/>
  <move id="151" source="C7" target="B7"/>
  <move id="152" source="F7" target="F6"/>
  <move id="153" source="B7" target="A7"/>
  <move id="154" source="F6" target="E6"/>
  <move id="155" source="B3" target="B4"/>
  <move id="156" source="E6" target="E5"/>
  <move id="157" source="B4" target="B5"/>
  <move id="158" source="E5" target="E4"/>
  <move id="159" source="B5" target="B6"/>
  <move id="160" source="E4" target="E3"/>
  <move id="161" source="B6" target="B7"/>
  <move id="162" source="E3" target="F3"/>
  <move id="163" source="B7" target="C7"/>
  <move id="164" source="F3" target="E3"/>
  <move id="165" source="C7" target="C8"/>
  <move id="166" source="E3" target="E4"/>
  <move id="167" source="A7" target="A8"/>
  <move id="168" source="E4" target="D4"/>
  <move id="169" source="A8" target="A9"/>
  <move id="170" source="D9" target="D8"/>
  <move id="171" source="C8" target="C9"/>
  <move id="172" source="C:" target="C9"/>
  <move id="173" source="A9" target="B9"/>
  <move id="174" source="D4" target="C4"/>
  <move id="175" source="B9" target="C9"/>
  <move id="176" source="C4" target="B4"/>
  <move id="177" source="C9" target="D9"/>
  <move id="178" source="E9" target="D9"/>
  <move id="179" source="F2" target="F3"/>
  <move id="180" source="E7" target="E6"/>
  <move id="181" source="F3" target="F2"/>
  <move id="182" source="E6" target="E5"/>
  <move id="183" source="A1" target="B1"/>
  <move id="184" source="B4" target="B3"/>
  <move id="185" source="B1" target="A1"/>
  <move id="186" source="D8" target="D7"/>
  <move id="187" source="F2" target="F3"/>
  <move id="188" source="G7" target="F7"/>
  <move id="189" source="F3" target="E3"/>
  <move id="190" source="F7" target="F6"/>
  <move id="191" source="E3" target="F3"/>
  <move id="192" source="B3" target="B4"/>
  <move id="193" source="A1" target="B1"/>
  <move id="194" source="B4" target="C4"/>
  <move id="195" source="B1" target="A1"/>
  <move id="196" source="C4" target="D4"/>
  <move id="197" source="F3" target="F2"/>
  <move id="198" source="D4" target="E4"/>
  <move id="199" source="C2" target="C3"/>
  <move id="200" source="E4" target="E3"/>
  <move id="201" source="C3" target="C4"/>
  <move id="202" source="E3" target="F3"/>
  <move id="203" source="C4" target="B4"/>
  <move id="204" source="F3" target="F2"/>
  <move id="205" source="B4" target="B5"/>
  <move id="206" source="D7" target="E7"/>
  <move id="207" source="B5" target="B6"/>
  <move id="208" source="D9" target="D8"/>
  <move id="209" source="B6" target="B7"/>
  <move id="210" source="D8" target="C8"/>
  <move id="211" source="C1" target="C2"/>
  <move id="212" source="F2" target="F3"/>
  <move id="213" source="C2" target="C3"/>
  <move id="214" source="F3" target="E3"/>
  <move id="215" source="C3" target="C4"/>
  <move id="216" source="E7" target="E8"/>
  <move id="217" source="C4" target="B4"/>
  <move id="218" source="E8" target="D8"/>
  <move id="219" source="B4" target="B5"/>
  <move id="220" source="D8" target="D9"/>
  <move id="221" source="B5" target="B6"/>
  <move id="222" source="C8" target="B8"/>
  <move id="223" source="B7" target="B8"/>
  <move id="224" source="E3" target="E4"/>
  <move id="225" source="B6" target="B7"/>
  <move id="226" source="E4" target="D4"/>
  <move id="227" source="B7" target="C7"/>
  <move id="228" source="D4" target="C4"/>
  <move id="229" source="C7" target="D7"/>
  <move id="230" source="E5" target="E6"/>
  <move id="231" source="D7" target="D8"/>
  <player id="1">Player 1</player>
  <player id="2">Player 2</player>
  <result type="3" winner="2"/>
 </game>
</stratego>