<?xml version="1.0" encoding="UTF-8"?>
<stratego>
 <game type="classic">
  
  <field content="EEBFBMBFEFFDHDLBGCEBBIDDHDHKDJJDGIGDEIGHAA__AA__AAAA__AA__AANSPUSNVQPRRNNWPUVXPRNQUTORTSPPYNTTQQQSPP"/>
  <move id="1" source="B4" target="B7"/>
  <move id="2" source="B7" target="B6"/>
  <move id="3" source="B3" target="B4"/>
  <move id="4" source="B6" target="A6"/>
  <move id="5" source="B4" target="B5"/>
  <move id="6" source="C7" target="B7"/>
  <move id="7" source="I4" target="I5"/>
  <move id="8" source="E7" target="E6"/>
  <move id="9" source="I5" target="I6"/>
  <move id="10" source="E8" target="E7"/>
  <move id="11" source="H4" target="I4"/>
  <move id="12" source="E6" target="F6"/>
  <move id="13" source="I4" target="I5"/>
  <move id="14" source="E7" target="E6"/>
  <move id="15" source="I6" target="I7"/>
  <move id="16" source="K7" target="K6"/>
  <move id="17" source="I7" target="I8"/>
  <move id="18" source="K6" target="K5"/>
  <move id="19" source="I5" target="K5"/>
  <move id="20" source="K8" target="K7"/>
  <move id="21" source="I8" target="I9"/>
  <move id="22" source="H9" target="I9"/>
  <move id="23" source="K5" target="I5"/>
  <move id="24" source="K7" target="K6"/>
  <move id="25" source="I5" target="I4"/>
  <move id="26" source="K6" target="I6"/>
  <move id="27" source="I4" target="H4"/>
  <move id="28" source="I6" target="I5"/>
  <move id="29" source="I3" target="I5"/>
  <move id="30" source="I5" target="K5"/>
  <move id="31" source="K4" target="K5"/>
  <move id="32" source="H7" target="I7"/>
  <move id="33" source="F4" target="F6"/>
  <move id="34" source="G7" target="H7"/>
  <move id="35" source="E4" target="F4"/>
  <move id="36" source="E6" target="E5"/>
  <move id="37" source="F4" target="F5"/>
  <move id="38" source="E5" target="E4"/>
  <move id="39" source="D4" target="E4"/>
  <move id="40" source="D7" target="E7"/>
  <move id="41" source="E4" target="D4"/>
  <move id="42" source="E7" target="E6"/>
  <move id="43" source="F5" target="F6"/>
  <move id="44" source="E6" target="E5"/>
  <move id="45" source="F3" target="F7"/>
  <move id="46" source="E5" target="E4"/>
  <move id="47" source="G4" target="F4"/>
  <move id="48" source="E4" target="D4"/>
  <move id="49" source="F4" target="F5"/>
  <move id="50" source="F8" target="E8"/>
  <move id="51" source="F5" target="F6"/>
  <move id="52" source="E8" target="E7"/>
  <move id="53" source="D3" target="D4"/>
  <move id="54" source="D8" target="D7"/>
  <move id="55" source="D4" target="E4"/>
  <move id="56" source="F9" target="F8"/>
  <move id="57" source="E4" target="E5"/>
  <move id="58" source="E9" target="E8"/>
  <move id="59" source="E5" target="E6"/>
  <move id="60" source="I7" target="K7"/>
  <move id="61" source="K5" target="K4"/>
  <move id="62" source="H7" target="I7"/>
  <move id="63" source="H4" target="G4"/>
  <move id="64" source="I7" target="I6"/>
  <move id="65" source="G4" target="F4"/>
  <move id="66" source="I6" target="I5"/>
  <move id="67" source="F4" target="F5"/>
  <move id="68" source="H8" target="H7"/>
  <move id="69" source="E6" target="E5"/>
  <move id="70" source="H7" target="I7"/>
  <move id="71" source="E5" target="E4"/>
  <move id="72" source="I7" target="I6"/>
  <move id="73" source="F5" target="E5"/>
  <move id="74" source="I5" target="I4"/>
  <move id="75" source="E5" target="E6"/>
  <move id="76" source="I6" target="K6"/>
  <move id="77" source="E4" target="I4"/>
  <move id="78" source="I4" target="K4"/>
  <move id="79" source="K3" target="K4"/>
  <move id="80" source="K6" target="K5"/>
  <move id="81" source="C3" target="D3"/>
  <move id="82" source="K5" target="K4"/>
  <move id="83" source="D3" target="D4"/>
  <move id="84" source="K4" target="I4"/>
  <move id="85" source="D4" target="I4"/>
  <move id="86" source="K7" target="I7"/>
  <move id="87" source="G3" target="G4"/>
  <move id="88" source="K9" target="K2"/>
  <move id="89" source="H3" target="G3"/>
  <move id="90" source="I7" target="I6"/>
  <move id="91" source="G3" target="F3"/>
  <move id="92" source="I6" target="I5"/>
  <move id="93" source="F3" target="F4"/>
  <move id="94" source="I5" target="K5"/>
  <move id="95" source="F4" target="F5"/>
  <move id="96" source="K5" target="K4"/>
  <move id="97" source="E6" target="E5"/>
  <move id="98" source="K4" target="K3"/>
  <move id="99" source="E5" target="E4"/>
  <move id="100" source="I4" target="K4"/>
  <move id="101" source="F5" target="E5"/>
  <move id="102" source="I:" target="I2"/>
  <move id="103" source="E5" target="E6"/>
  <move id="104" source="K4" target="I4"/>
  <move id="105" source="E6" target="E7"/>
  <move id="106" source="D7" target="E7"/>
  <move id="107" source="F6" target="F7"/>
  <move id="108" source="F8" target="F7"/>
  <move id="109" source="B5" target="B6"/>
  <move id="110" source="F7" target="E7"/>
  <move id="111" source="B6" target="A6"/>
  <move id="112" source="B7" target="B4"/>
  <move id="113" source="C4" target="B4"/>
  <move id="114" source="G8" target="G7"/>
  <move id="115" source="A4" target="A5"/>
  <move id="116" source="G7" target="F7"/>
  <move id="117" source="A5" target="B5"/>
  <move id="118" source="E7" target="E6"/>
  <move id="119" source="B5" target="B6"/>
  <move id="120" source="F7" target="E7"/>
  <move id="121" source="B6" target="B7"/>
  <move id="122" source="E8" target="D8"/>
  <move id="123" source="B7" target="C7"/>
  <move id="124" source="E7" target="D7"/>
  <move id="125" source="C7" target="D7"/>
  <move id="126" source="D9" target="E9"/>
  <move id="127" source="A6" target="B6"/>
  <move id="128" source="C9" target="D9"/>
  <move id="129" source="B6" target="B7"/>
  <move id="130" source="D8" target="E8"/>
  <move id="131" source="B7" target="C7"/>
  <move id="132" source="D9" target="D8"/>
  <move id="133" source="C7" target="D7"/>
  <move id="134" source="D8" target="D7"/>
  <move id="135" source="E4" target="E5"/>
  <move id="136" source="E8" target="F8"/>
  <move id="137" source="E5" target="E6"/>
  <move id="138" source="I4" target="I3"/>
  <move id="139" source="E6" target="E7"/>
  <move id="140" source="I3" target="I2"/>
  <move id="141" source="H2" target="I2"/>
  <move id="142" source="K3" target="K2"/>
  <move id="143" source="K1" target="K2"/>
  <move id="144" source="H:" target="H9"/>
  <move id="145" source="G4" target="H4"/>
  <move id="146" source="H9" target="H8"/>
  <move id="147" source="H4" target="I4"/>
  <move id="148" source="K:" target="K9"/>
  <move id="149" source="E7" target="F7"/>
  <move id="150" source="F8" target="E8"/>
  <move id="151" source="F7" target="F8"/>
  <move id="152" source="E8" target="D8"/>
  <move id="153" source="C2" target="C3"/>
  <move id="154" source="H8" target="H7"/>
  <move id="155" source="B4" target="C4"/>
  <move id="156" source="K9" target="K8"/>
  <move id="157" source="C3" target="B3"/>
  <move id="158" source="K8" target="K7"/>
  <move id="159" source="B3" target="B4"/>
  <move id="160" source="K7" target="K6"/>
  <move id="161" source="E3" target="F3"/>
  <move id="162" source="K6" target="K5"/>
  <move id="163" source="F3" target="G3"/>
  <move id="164" source="K5" target="K4"/>
  <move id="165" source="I4" target="K4"/>
  <move id="166" source="G9" target="H9"/>
  <move id="167" source="B4" target="B5"/>
  <move id="168" source="H9" target="I9"/>
  <move id="169" source="B5" target="B6"/>
  <move id="170" source="I9" target="I8"/>
  <move id="171" source="B6" target="B7"/>
  <move id="172" source="I8" target="I7"/>
  <move id="173" source="B7" target="C7"/>
  <move id="174" source="I7" target="I6"/>
  <move id="175" source="C7" target="D7"/>
  <move id="176" source="D8" target="D9"/>
  <move id="177" source="D7" target="D8"/>
  <move id="178" source="D9" target="C9"/>
  <move id="179" source="D8" target="D9"/>
  <move id="180" source="C9" target="D9"/>
  <move id="181" source="D9" target="E9"/>
  <move id="182" source="I6" target="I5"/>
  <move id="183" source="F8" target="F9"/>
  <move id="184" source="D:" target="D9"/>
  <move id="185" source="D2" target="D3"/>
  <move id="186" source="D9" target="D8"/>
  <move id="187" source="D3" target="E3"/>
  <move id="188" source="I5" target="I4"/>
  <move id="189" source="K4" target="I4"/>
  <move id="190" source="H7" target="I7"/>
  <move id="191" source="E3" target="E:"/>
  <move id="192" source="E:" target="D:"/>
  <move id="193" source="F9" target="F8"/>
  <move id="194" source="D8" target="D7"/>
  <move id="195" source="F8" target="E8"/>
  <move id="196" source="D7" target="C7"/>
  <move id="197" source="B2" target="B7"/>
  <move id="198" source="C7" target="B7"/>
  <move id="199" source="E2" target="D2"/>
  <move id="200" source="B7" target="B6"/>
  <move id="201" source="D2" target="D3"/>
  <move id="202" source="B6" target="B5"/>
  <move id="203" source="D3" target="C3"/>
  <move id="204" source="B5" target="B4"/>
  <move id="205" source="C4" target="D4"/>
  <move id="206" source="D:" target="D9"/>
  <move id="207" source="D4" target="E4"/>
  <move id="208" source="I7" target="I6"/>
  <move id="209" source="G3" target="H3"/>
  <move id="210" source="I6" target="I5"/>
  <move id="211" source="H3" target="H4"/>
  <move id="212" source="I5" target="I4"/>
  <move id="213" source="H4" target="I4"/>
  <move id="214" source="G:" target="G9"/>
  <move id="215" source="E4" target="E5"/>
  <move id="216" source="G9" target="G8"/>
  <move id="217" source="E5" target="E6"/>
  <move id="218" source="G8" target="G7"/>
  <move id="219" source="E8" target="E7"/>
  <move id="220" source="C:" target="D:"/>
  <move id="221" source="E7" target="F7"/>
  <move id="222" source="G7" target="H7"/>
  <move id="223" source="E6" target="E7"/>
  <move id="224" source="D9" target="D8"/>
  <move id="225" source="E7" target="D7"/>
  <move id="226" source="D:" target="D9"/>
  <move id="227" source="D7" target="D8"/>
  <move id="228" source="D9" target="D8"/>
  <move id="229" source="I4" target="I5"/>
  <move id="230" source="D8" target="E8"/>
  <move id="231" source="I5" target="I6"/>
  <move id="232" source="H7" target="H8"/>
  <move id="233" source="I6" target="I7"/>
  <move id="234" source="H8" target="H9"/>
  <move id="235" source="I7" target="I8"/>
  <move id="236" source="F:" target="E:"/>
  <move id="237" source="I8" target="H8"/>
  <move id="238" source="H9" target="I9"/>
  <move id="239" source="H8" target="G8"/>
  <move id="240" source="I9" target="I8"/>
  <move id="241" source="G8" target="F8"/>
  <move id="242" source="I8" target="I7"/>
  <move id="243" source="F8" target="E8"/>
  <move id="244" source="I7" target="I6"/>
  <move id="245" source="K2" target="K3"/>
  <move id="246" source="I6" target="I5"/>
  <move id="247" source="I2" target="I3"/>
  <move id="248" source="I5" target="I4"/>
  <move id="249" source="I3" target="I4"/>
  <move id="250" source="I4" target="H4"/>
  <move id="251" source="G2" target="G3"/>
  <move id="252" source="E:" target="F:"/>
  <move id="253" source="F7" target="E7"/>
  <move id="254" source="F:" target="F9"/>
  <move id="255" source="E7" target="E8"/>
  <move id="256" source="F9" target="G9"/>
  <move id="257" source="K3" target="K4"/>
  <move id="258" source="G9" target="G8"/>
  <move id="259" source="K4" target="I4"/>
  <move id="260" source="H4" target="H3"/>
  <move id="261" source="G3" target="H3"/>
  <move id="262" source="G8" target="G7"/>
  <move id="263" source="E8" target="E9"/>
  <move id="264" source="G7" target="F7"/>
  <move id="265" source="E9" target="D9"/>
  <move id="266" source="F7" target="F6"/>
  <move id="267" source="D9" target="C9"/>
  <move id="268" source="F6" target="F5"/>
  <move id="269" source="H3" target="G3"/>
  <move id="270" source="F5" target="F4"/>
  <move id="271" source="C9" target="B9"/>
  <move id="272" source="B4" target="B5"/>
  <move id="273" source="I4" target="H4"/>
  <move id="274" source="B5" target="B6"/>
  <move id="275" source="H4" target="G4"/>
  <move id="276" source="F4" target="E4"/>
  <move id="277" source="G4" target="F4"/>
  <move id="278" source="E4" target="E3"/>
  <move id="279" source="D1" target="D2"/>
  <move id="280" source="B6" target="B7"/>
  <move id="281" source="G3" target="F3"/>
  <move id="282" source="E3" target="E2"/>
  <move id="283" source="D2" target="E2"/>
  <move id="284" source="B7" target="C7"/>
  <move id="285" source="B9" target="A9"/>
  <move id="286" source="C7" target="D7"/>
  <move id="287" source="B1" target="B2"/>
  <move id="288" source="D7" target="E7"/>
  <move id="289" source="B2" target="B3"/>
  <move id="290" source="E7" target="E6"/>
  <move id="291" source="B3" target="B4"/>
  <move id="292" source="E6" target="E5"/>
  <move id="293" source="B4" target="B5"/>
  <move id="294" source="E5" target="E4"/>
  <move id="295" source="F4" target="F5"/>
  <move id="296" source="E4" target="E3"/>
  <move id="297" source="F5" target="F6"/>
  <move id="298" source="E3" target="F3"/>
  <move id="299" source="B5" target="B6"/>
  <move id="300" source="F3" target="E3"/>
  <move id="301" source="B6" target="B7"/>
  <move id="302" source="E3" target="E2"/>
  <move id="303" source="C3" target="D3"/>
  <move id="304" source="E2" target="D2"/>
  <move id="305" source="D3" target="D2"/>
  <player id="1">Player 1</player>
  <player id="2">Player 2</player>
  <result type="0" winner="1"/>
 </game>
</stratego>