<?xml version="1.0" encoding="UTF-8"?>
<stratego>
 <game type="classic">
  
  <field content="EJBEMBFEHFFHBBGIBBHIDHCJEFGEDDDDDLIGGKDDAA__AA__AAAA__AA__AATPRWTRUVTPPUQOSPTPPQNPVSPNXUSRRQNQNYNSNQ"/>
  <move id="1" source="E4" target="E5"/>
  <move id="2" source="F7" target="F6"/>
  <move id="3" source="F4" target="F5"/>
  <move id="4" source="G7" target="F7"/>
  <move id="5" source="D4" target="E4"/>
  <move id="6" source="A7" target="A6"/>
  <move id="7" source="G4" target="F4"/>
  <move id="8" source="A6" target="A5"/>
  <move id="9" source="B4" target="B7"/>
  <move id="10" source="C7" target="B7"/>
  <move id="11" source="E5" target="E6"/>
  <move id="12" source="B7" target="B6"/>
  <move id="13" source="E4" target="E5"/>
  <move id="14" source="B6" target="B5"/>
  <move id="15" source="F4" target="E4"/>
  <move id="16" source="B5" target="B6"/>
  <move id="17" source="E4" target="D4"/>
  <move id="18" source="B6" target="A6"/>
  <move id="19" source="H4" target="G4"/>
  <move id="20" source="B8" target="B7"/>
  <move id="21" source="G4" target="F4"/>
  <move id="22" source="B7" target="B6"/>
  <move id="23" source="E6" target="F6"/>
  <move id="24" source="F7" target="F6"/>
  <move id="25" source="F5" target="F6"/>
  <move id="26" source="F8" target="F6"/>
  <move id="27" source="F4" target="F5"/>
  <move id="28" source="G8" target="F8"/>
  <move id="29" source="E5" target="E6"/>
  <move id="30" source="B6" target="B5"/>
  <move id="31" source="F5" target="E5"/>
  <move id="32" source="B5" target="B4"/>
  <move id="33" source="F6" target="F5"/>
  <move id="34" source="I7" target="I6"/>
  <move id="35" source="E6" target="F6"/>
  <move id="36" source="F8" target="F7"/>
  <move id="37" source="E5" target="E6"/>
  <move id="38" source="I6" target="I5"/>
  <move id="39" source="I4" target="I5"/>
  <move id="40" source="I5" target="K5"/>
  <move id="41" source="I3" target="I4"/>
  <move id="42" source="I8" target="I4"/>
  <move id="43" source="K4" target="I4"/>
  <move id="44" source="K5" target="I5"/>
  <move id="45" source="I4" target="H4"/>
  <move id="46" source="K7" target="K3"/>
  <move id="47" source="I2" target="I3"/>
  <move id="48" source="I5" target="I6"/>
  <move id="49" source="I3" target="I4"/>
  <move id="50" source="H7" target="I7"/>
  <move id="51" source="I4" target="I5"/>
  <move id="52" source="K8" target="K7"/>
  <move id="53" source="I5" target="I6"/>
  <move id="54" source="I7" target="I6"/>
  <move id="55" source="H4" target="I4"/>
  <move id="56" source="I6" target="I5"/>
  <move id="57" source="I4" target="I5"/>
  <move id="58" source="K7" target="K6"/>
  <move id="59" source="F5" target="F4"/>
  <move id="60" source="K6" target="K5"/>
  <move id="61" source="F4" target="G4"/>
  <move id="62" source="I5" target="I6"/>
  <move id="63" source="G4" target="H4"/>
  <move id="64" source="I6" target="I7"/>
  <move id="65" source="H3" target="I3"/>
  <move id="66" source="K5" target="K4"/>
  <move id="67" source="I3" target="I4"/>
  <move id="68" source="K4" target="K3"/>
  <move id="69" source="K2" target="K3"/>
  <move id="70" source="H8" target="I8"/>
  <move id="71" source="K3" target="I3"/>
  <move id="72" source="I7" target="H7"/>
  <move id="73" source="I3" target="H3"/>
  <move id="74" source="H7" target="G7"/>
  <move id="75" source="F6" target="F7"/>
  <move id="76" source="G7" target="G8"/>
  <move id="77" source="F7" target="G7"/>
  <move id="78" source="G8" target="F8"/>
  <move id="79" source="E6" target="F6"/>
  <move id="80" source="E7" target="E6"/>
  <move id="81" source="F6" target="F7"/>
  <move id="82" source="E6" target="E5"/>
  <move id="83" source="G7" target="G8"/>
  <move id="84" source="F8" target="F7"/>
  <move id="85" source="D4" target="E4"/>
  <move id="86" source="E5" target="E4"/>
  <move id="87" source="C4" target="D4"/>
  <move id="88" source="E4" target="E3"/>
  <move id="89" source="D3" target="E3"/>
  <move id="90" source="A5" target="A4"/>
  <move id="91" source="B3" target="B4"/>
  <move id="92" source="A4" target="A3"/>
  <move id="93" source="D4" target="C4"/>
  <move id="94" source="B4" target="B5"/>
  <move id="95" source="C4" target="B4"/>
  <move id="96" source="B5" target="B6"/>
  <move id="97" source="B4" target="B5"/>
  <move id="98" source="B6" target="B7"/>
  <move id="99" source="B5" target="A5"/>
  <move id="100" source="A3" target="B3"/>
  <move id="101" source="B2" target="B3"/>
  <move id="102" source="C8" target="B8"/>
  <move id="103" source="A5" target="A6"/>
  <move id="104" source="A6" target="A5"/>
  <move id="105" source="H4" target="G4"/>
  <move id="106" source="A5" target="A4"/>
  <move id="107" source="G4" target="F4"/>
  <move id="108" source="A4" target="A3"/>
  <move id="109" source="A2" target="A3"/>
  <move id="110" source="B7" target="C7"/>
  <move id="111" source="F4" target="E4"/>
  <move id="112" source="B8" target="B7"/>
  <move id="113" source="E4" target="E5"/>
  <move id="114" source="B7" target="B6"/>
  <move id="115" source="E5" target="E6"/>
  <move id="116" source="B6" target="B5"/>
  <move id="117" source="E6" target="E7"/>
  <move id="118" source="D7" target="E7"/>
  <move id="119" source="F7" target="E7"/>
  <move id="120" source="B5" target="B4"/>
  <move id="121" source="G8" target="G7"/>
  <move id="122" source="B4" target="C4"/>
  <move id="123" source="G7" target="F7"/>
  <move id="124" source="C4" target="C3"/>
  <move id="125" source="B1" target="B2"/>
  <move id="126" source="B9" target="B2"/>
  <move id="127" source="B2" target="B3"/>
  <move id="128" source="C3" target="C2"/>
  <move id="129" source="B3" target="C3"/>
  <move id="130" source="C2" target="C1"/>
  <move id="131" source="D1" target="C1"/>
  <move id="132" source="C9" target="B9"/>
  <move id="133" source="C3" target="C4"/>
  <move id="134" source="B9" target="B8"/>
  <move id="135" source="C4" target="D4"/>
  <move id="136" source="B8" target="B7"/>
  <move id="137" source="D4" target="C4"/>
  <move id="138" source="B7" target="B6"/>
  <move id="139" source="C4" target="B4"/>
  <move id="140" source="B6" target="B5"/>
  <move id="141" source="B4" target="B5"/>
  <move id="142" source="C7" target="B7"/>
  <move id="143" source="E3" target="D3"/>
  <move id="144" source="H9" target="H8"/>
  <move id="145" source="D3" target="C3"/>
  <move id="146" source="H8" target="H7"/>
  <move id="147" source="I4" target="I5"/>
  <move id="148" source="H7" target="I7"/>
  <move id="149" source="H3" target="H4"/>
  <move id="150" source="I7" target="I6"/>
  <move id="151" source="H4" target="I4"/>
  <move id="152" source="I6" target="I5"/>
  <move id="153" source="I4" target="I5"/>
  <move id="154" source="B7" target="B6"/>
  <move id="155" source="C3" target="C4"/>
  <move id="156" source="B6" target="B5"/>
  <move id="157" source="F3" target="F4"/>
  <move id="158" source="I8" target="I7"/>
  <move id="159" source="F4" target="F5"/>
  <move id="160" source="I7" target="I6"/>
  <move id="161" source="F5" target="F6"/>
  <move id="162" source="I6" target="I5"/>
  <move id="163" source="F6" target="E6"/>
  <move id="164" source="I5" target="I4"/>
  <move id="165" source="E6" target="E7"/>
  <move id="166" source="I4" target="H4"/>
  <move id="167" source="F7" target="G7"/>
  <move id="168" source="H4" target="G4"/>
  <move id="169" source="E7" target="F7"/>
  <move id="170" source="G4" target="F4"/>
  <move id="171" source="F7" target="F8"/>
  <move id="172" source="E8" target="F8"/>
  <move id="173" source="G7" target="F7"/>
  <move id="174" source="F8" target="G8"/>
  <move id="175" source="C4" target="B4"/>
  <move id="176" source="A8" target="A7"/>
  <move id="177" source="B4" target="B5"/>
  <move id="178" source="A7" target="A6"/>
  <move id="179" source="F2" target="F3"/>
  <move id="180" source="F4" target="E4"/>
  <move id="181" source="F3" target="E3"/>
  <move id="182" source="E4" target="D4"/>
  <move id="183" source="E3" target="D3"/>
  <move id="184" source="D4" target="C4"/>
  <move id="185" source="I1" target="I2"/>
  <move id="186" source="C4" target="C1"/>
  <move id="187" source="I2" target="I3"/>
  <move id="188" source="C1" target="E1"/>
  <player id="1">Player 1</player>
  <player id="2">Player 2</player>
  <result type="1" winner="2"/>
 </game>
</stratego>