<?xml version="1.0" encoding="UTF-8"?>
<stratego>
 <game type="classic">
  
  <field content="EDDEDEBDDFEHGMIFEDFBGDCIGJBHBFBIKLHGJDHBAA__AA__AAAA__AA__AASRPVPTTPSUURWOXVQPPRPPSTQNNNQUPQTQNRNYNS"/>
  <move id="1" source="E4" target="E5"/>
  <move id="2" source="B7" target="B6"/>
  <move id="3" source="E5" target="E6"/>
  <move id="4" source="A7" target="A6"/>
  <move id="5" source="B4" target="B5"/>
  <move id="6" source="A8" target="A7"/>
  <move id="7" source="F4" target="F5"/>
  <move id="8" source="C7" target="B7"/>
  <move id="9" source="F5" target="F6"/>
  <move id="10" source="A6" target="A5"/>
  <move id="11" source="E3" target="E4"/>
  <move id="12" source="A5" target="A4"/>
  <move id="13" source="E4" target="E5"/>
  <move id="14" source="B6" target="B5"/>
  <move id="15" source="B3" target="B4"/>
  <move id="16" source="A7" target="A6"/>
  <move id="17" source="E6" target="E7"/>
  <move id="18" source="D7" target="E7"/>
  <move id="19" source="E5" target="E6"/>
  <move id="20" source="E7" target="D7"/>
  <move id="21" source="E6" target="E7"/>
  <move id="22" source="F7" target="E7"/>
  <move id="23" source="D4" target="E4"/>
  <move id="24" source="A6" target="A5"/>
  <move id="25" source="E4" target="E5"/>
  <move id="26" source="A5" target="B5"/>
  <move id="27" source="E5" target="E6"/>
  <move id="28" source="B7" target="B4"/>
  <move id="29" source="E6" target="E7"/>
  <move id="30" source="D7" target="C7"/>
  <move id="31" source="F6" target="F7"/>
  <move id="32" source="B8" target="B7"/>
  <move id="33" source="C4" target="B4"/>
  <move id="34" source="B7" target="B6"/>
  <move id="35" source="B4" target="B5"/>
  <move id="36" source="B6" target="B5"/>
  <move id="37" source="B5" target="B6"/>
  <move id="38" source="C8" target="B8"/>
  <move id="39" source="B6" target="B7"/>
  <move id="40" source="B8" target="B7"/>
  <move id="41" source="F7" target="G7"/>
  <move id="42" source="E8" target="E7"/>
  <move id="43" source="C3" target="C4"/>
  <move id="44" source="C7" target="B7"/>
  <move id="45" source="C4" target="D4"/>
  <move id="46" source="B7" target="B6"/>
  <move id="47" source="D4" target="E4"/>
  <move id="48" source="B6" target="B5"/>
  <move id="49" source="E4" target="E5"/>
  <move id="50" source="B5" target="B4"/>
  <move id="51" source="E5" target="E6"/>
  <move id="52" source="B4" target="C4"/>
  <move id="53" source="E6" target="E7"/>
  <move id="54" source="B9" target="B2"/>
  <move id="55" source="B2" target="B3"/>
  <move id="56" source="C4" target="B4"/>
  <move id="57" source="D3" target="D4"/>
  <move id="58" source="B4" target="B3"/>
  <move id="59" source="D4" target="E4"/>
  <move id="60" source="B3" target="C3"/>
  <move id="61" source="E4" target="E5"/>
  <move id="62" source="C3" target="D3"/>
  <move id="63" source="E5" target="E6"/>
  <move id="64" source="D3" target="E3"/>
  <move id="65" source="E7" target="E8"/>
  <move id="66" source="F8" target="E8"/>
  <move id="67" source="F3" target="E3"/>
  <move id="68" source="E8" target="E7"/>
  <move id="69" source="E6" target="E5"/>
  <move id="70" source="E7" target="E6"/>
  <move id="71" source="E5" target="E4"/>
  <move id="72" source="E6" target="E5"/>
  <move id="73" source="E4" target="D4"/>
  <move id="74" source="D8" target="E8"/>
  <move id="75" source="D4" target="C4"/>
  <move id="76" source="E8" target="E7"/>
  <move id="77" source="C4" target="B4"/>
  <move id="78" source="E5" target="E4"/>
  <move id="79" source="B4" target="B5"/>
  <move id="80" source="E7" target="E6"/>
  <move id="81" source="B5" target="B6"/>
  <move id="82" source="G7" target="F7"/>
  <move id="83" source="B6" target="B7"/>
  <move id="84" source="F7" target="F6"/>
  <move id="85" source="B7" target="C7"/>
  <move id="86" source="F6" target="F5"/>
  <move id="87" source="C7" target="D7"/>
  <move id="88" source="F5" target="F4"/>
  <move id="89" source="D7" target="E7"/>
  <move id="90" source="E6" target="E5"/>
  <move id="91" source="E7" target="E6"/>
  <move id="92" source="F4" target="F3"/>
  <move id="93" source="I4" target="I5"/>
  <move id="94" source="F3" target="E3"/>
  <move id="95" source="G4" target="F4"/>
  <move id="96" source="E4" target="F4"/>
  <move id="97" source="E2" target="E3"/>
  <move id="98" source="K7" target="K6"/>
  <move id="99" source="E6" target="E5"/>
  <move id="100" source="K6" target="I6"/>
  <move id="101" source="I5" target="K5"/>
  <move id="102" source="K8" target="K7"/>
  <move id="103" source="E5" target="E6"/>
  <move id="104" source="K7" target="K6"/>
  <move id="105" source="K5" target="I5"/>
  <move id="106" source="I6" target="I5"/>
  <move id="107" source="E6" target="E7"/>
  <move id="108" source="K6" target="K5"/>
  <move id="109" source="E7" target="E8"/>
  <move id="110" source="I5" target="I6"/>
  <move id="111" source="B1" target="B7"/>
  <move id="112" source="K5" target="I5"/>
  <move id="113" source="B7" target="F7"/>
  <move id="114" source="I5" target="I4"/>
  <move id="115" source="F7" target="F9"/>
  <move id="116" source="I4" target="H4"/>
  <move id="117" source="H3" target="H4"/>
  <move id="118" source="I6" target="I5"/>
  <move id="119" source="H4" target="G4"/>
  <move id="120" source="I5" target="I4"/>
  <move id="121" source="G4" target="F4"/>
  <move id="122" source="I4" target="H4"/>
  <move id="123" source="F4" target="F5"/>
  <move id="124" source="H4" target="G4"/>
  <move id="125" source="F5" target="F6"/>
  <move id="126" source="G4" target="F4"/>
  <move id="127" source="F6" target="F7"/>
  <move id="128" source="F4" target="E4"/>
  <move id="129" source="F7" target="E7"/>
  <move id="130" source="K9" target="K8"/>
  <move id="131" source="E7" target="D7"/>
  <move id="132" source="K8" target="K7"/>
  <move id="133" source="E8" target="F8"/>
  <move id="134" source="E4" target="E3"/>
  <move id="135" source="E1" target="E9"/>
  <move id="136" source="K7" target="K6"/>
  <move id="137" source="F8" target="E8"/>
  <move id="138" source="K6" target="K5"/>
  <move id="139" source="E8" target="E9"/>
  <move id="140" source="D9" target="D8"/>
  <move id="141" source="D7" target="E7"/>
  <move id="142" source="D8" target="D7"/>
  <move id="143" source="E7" target="E8"/>
  <move id="144" source="K5" target="I5"/>
  <move id="145" source="C1" target="B1"/>
  <move id="146" source="I5" target="I4"/>
  <move id="147" source="B1" target="B8"/>
  <move id="148" source="D7" target="D8"/>
  <move id="149" source="E8" target="E7"/>
  <move id="150" source="I4" target="H4"/>
  <move id="151" source="E9" target="E8"/>
  <move id="152" source="D8" target="D7"/>
  <move id="153" source="E7" target="E6"/>
  <move id="154" source="H4" target="G4"/>
  <move id="155" source="B8" target="D8"/>
  <move id="156" source="D7" target="C7"/>
  <move id="157" source="D8" target="D:"/>
  <move id="158" source="G4" target="F4"/>
  <move id="159" source="H2" target="H3"/>
  <move id="160" source="F4" target="G4"/>
  <move id="161" source="E8" target="D8"/>
  <move id="162" source="G4" target="H4"/>
  <move id="163" source="E6" target="E7"/>
  <move id="164" source="H4" target="H3"/>
  <move id="165" source="E7" target="E8"/>
  <move id="166" source="H3" target="H4"/>
  <move id="167" source="E8" target="E9"/>
  <move id="168" source="H4" target="G4"/>
  <move id="169" source="E9" target="D9"/>
  <move id="170" source="G4" target="F4"/>
  <move id="171" source="H1" target="H2"/>
  <move id="172" source="F4" target="E4"/>
  <move id="173" source="D9" target="D:"/>
  <move id="174" source="C:" target="D:"/>
  <move id="175" source="H2" target="H3"/>
  <move id="176" source="I7" target="I6"/>
  <move id="177" source="D8" target="D7"/>
  <move id="178" source="C7" target="B7"/>
  <move id="179" source="D7" target="C7"/>
  <move id="180" source="B7" target="B6"/>
  <move id="181" source="C7" target="B7"/>
  <move id="182" source="B6" target="B5"/>
  <move id="183" source="B7" target="B6"/>
  <move id="184" source="B5" target="B4"/>
  <move id="185" source="B6" target="B5"/>
  <move id="186" source="B4" target="B3"/>
  <move id="187" source="B5" target="B4"/>
  <move id="188" source="B3" target="C3"/>
  <move id="189" source="B4" target="C4"/>
  <move id="190" source="C3" target="D3"/>
  <move id="191" source="A3" target="B3"/>
  <move id="192" source="I6" target="I5"/>
  <move id="193" source="B3" target="B4"/>
  <move id="194" source="I5" target="I4"/>
  <move id="195" source="B4" target="B5"/>
  <move id="196" source="I4" target="H4"/>
  <move id="197" source="B5" target="B6"/>
  <move id="198" source="H4" target="H3"/>
  <move id="199" source="C4" target="D4"/>
  <move id="200" source="E4" target="D4"/>
  <move id="201" source="F2" target="F3"/>
  <move id="202" source="C9" target="D9"/>
  <move id="203" source="B6" target="B7"/>
  <move id="204" source="D9" target="D8"/>
  <move id="205" source="B7" target="C7"/>
  <move id="206" source="A9" target="E9"/>
  <move id="207" source="C7" target="D7"/>
  <move id="208" source="D8" target="D7"/>
  <move id="209" source="F3" target="F4"/>
  <move id="210" source="D3" target="E3"/>
  <move id="211" source="F4" target="F5"/>
  <move id="212" source="E3" target="E4"/>
  <move id="213" source="F5" target="F6"/>
  <move id="214" source="E4" target="E5"/>
  <move id="215" source="F6" target="F7"/>
  <move id="216" source="E5" target="E6"/>
  <move id="217" source="G2" target="F2"/>
  <move id="218" source="H7" target="I7"/>
  <move id="219" source="F2" target="F3"/>
  <move id="220" source="I7" target="I3"/>
  <move id="221" source="F3" target="E3"/>
  <move id="222" source="H3" target="H4"/>
  <move id="223" source="E3" target="E4"/>
  <move id="224" source="H4" target="G4"/>
  <move id="225" source="E4" target="D4"/>
  <move id="226" source="G4" target="F4"/>
  <move id="227" source="D4" target="C4"/>
  <move id="228" source="F4" target="F5"/>
  <move id="229" source="C4" target="B4"/>
  <move id="230" source="F5" target="F6"/>
  <move id="231" source="F7" target="G7"/>
  <move id="232" source="G8" target="G7"/>
  <move id="233" source="G7" target="H7"/>
  <move id="234" source="H8" target="E8"/>
  <move id="235" source="B4" target="B5"/>
  <move id="236" source="E6" target="E7"/>
  <move id="237" source="B5" target="B6"/>
  <move id="238" source="E7" target="D7"/>
  <move id="239" source="B6" target="B7"/>
  <move id="240" source="D7" target="D8"/>
  <move id="241" source="C2" target="C3"/>
  <move id="242" source="F6" target="F5"/>
  <move id="243" source="C3" target="D3"/>
  <move id="244" source="F5" target="F4"/>
  <move id="245" source="D3" target="D4"/>
  <move id="246" source="F4" target="G4"/>
  <move id="247" source="D4" target="E4"/>
  <move id="248" source="K:" target="K9"/>
  <move id="249" source="E4" target="F4"/>
  <move id="250" source="G4" target="F4"/>
  <move id="251" source="F1" target="F2"/>
  <move id="252" source="I8" target="I4"/>
  <move id="253" source="F2" target="F3"/>
  <move id="254" source="K9" target="K8"/>
  <move id="255" source="F3" target="F4"/>
  <move id="256" source="K8" target="I8"/>
  <move id="257" source="F4" target="F5"/>
  <move id="258" source="I4" target="B4"/>
  <move id="259" source="F5" target="F6"/>
  <move id="260" source="B4" target="B1"/>
  <move id="261" source="F6" target="F7"/>
  <move id="262" source="B1" target="A1"/>
  <move id="263" source="F7" target="F8"/>
  <move id="264" source="E8" target="E5"/>
  <move id="265" source="F8" target="F9"/>
  <move id="266" source="F:" target="F9"/>
  <move id="267" source="H7" target="G7"/>
  <move id="268" source="D8" target="E8"/>
  <move id="269" source="B7" target="B8"/>
  <move id="270" source="I8" target="I7"/>
  <move id="271" source="G7" target="F7"/>
  <move id="272" source="I7" target="H7"/>
  <move id="273" source="B8" target="B9"/>
  <move id="274" source="H7" target="G7"/>
  <move id="275" source="F7" target="F6"/>
  <move id="276" source="G7" target="F7"/>
  <move id="277" source="F6" target="F5"/>
  <move id="278" source="E5" target="E4"/>
  <move id="279" source="B9" target="B:"/>
  <move id="280" source="E4" target="I4"/>
  <move id="281" source="F5" target="F4"/>
  <player id="1">Player 1</player>
  <player id="2">Player 2</player>
  <result type="3" winner="1"/>
 </game>
</stratego>