<?xml version="1.0" encoding="UTF-8"?>
<stratego>
 <game type="duell">
  
  <field content="AKBAAAAAAAEAAEAAAAAAAAADAAMALAAAAAABDCAAAA__AA__AAAA__AA__AAQXWAAAAAAAYOAAAAAAAANQPAAAAAAANPAAAAAAAA"/>
  <move id="1" source="D3" target="E3"/>
  <move id="2" source="A7" target="A6"/>
  <move id="3" source="D2" target="D3"/>
  <move id="4" source="A6" target="A5"/>
  <move id="5" source="D3" target="D4"/>
  <move id="6" source="A5" target="A4"/>
  <move id="7" source="D4" target="E4"/>
  <move id="8" source="A4" target="A3"/>
  <move id="9" source="E4" target="E5"/>
  <move id="10" source="A3" target="A2"/>
  <move id="11" source="E5" target="E6"/>
  <move id="12" source="B7" target="B6"/>
  <move id="13" source="I3" target="I4"/>
  <move id="14" source="B6" target="B5"/>
  <move id="15" source="I4" target="I5"/>
  <move id="16" source="B5" target="B4"/>
  <move id="17" source="I5" target="I6"/>
  <move id="18" source="B4" target="B3"/>
  <move id="19" source="I6" target="I7"/>
  <move id="20" source="B3" target="B2"/>
  <move id="21" source="I7" target="H7"/>
  <move id="22" source="C9" target="D9"/>
  <move id="23" source="H7" target="G7"/>
  <move id="24" source="D9" target="D8"/>
  <move id="25" source="H4" target="I4"/>
  <move id="26" source="D8" target="E8"/>
  <move id="27" source="I4" target="I5"/>
  <move id="28" source="B8" target="C8"/>
  <move id="29" source="I5" target="I6"/>
  <move id="30" source="B9" target="B8"/>
  <move id="31" source="I6" target="I7"/>
  <move id="32" source="B8" target="B7"/>
  <move id="33" source="I7" target="H7"/>
  <move id="34" source="B7" target="B6"/>
  <move id="35" source="B1" target="B2"/>
  <move id="36" source="E8" target="E6"/>
  <move id="37" source="E6" target="E7"/>
  <move id="38" source="C8" target="D8"/>
  <move id="39" source="G7" target="F7"/>
  <move id="40" source="B6" target="B5"/>
  <move id="41" source="F7" target="F8"/>
  <move id="42" source="B5" target="B4"/>
  <move id="43" source="H7" target="G7"/>
  <move id="44" source="B4" target="C4"/>
  <move id="45" source="G7" target="G8"/>
  <move id="46" source="C4" target="C3"/>
  <move id="47" source="G8" target="G9"/>
  <move id="48" source="C3" target="D3"/>
  <move id="49" source="E3" target="E6"/>
  <move id="50" source="D3" target="E3"/>
  <move id="51" source="E7" target="F7"/>
  <move id="52" source="C7" target="D7"/>
  <move id="53" source="E6" target="E7"/>
  <move id="54" source="D7" target="E7"/>
  <move id="55" source="F7" target="G7"/>
  <move id="56" source="E3" target="E4"/>
  <move id="57" source="F8" target="E8"/>
  <move id="58" source="D8" target="E8"/>
  <move id="59" source="G7" target="G8"/>
  <move id="60" source="E4" target="F4"/>
  <move id="61" source="G8" target="F8"/>
  <move id="62" source="E8" target="D8"/>
  <move id="63" source="F8" target="F9"/>
  <move id="64" source="E7" target="E8"/>
  <move id="65" source="F9" target="F:"/>
  <move id="66" source="E8" target="E9"/>
  <move id="67" source="G9" target="G8"/>
  <move id="68" source="F4" target="G4"/>
  <move id="69" source="G8" target="F8"/>
  <move id="70" source="G4" target="G3"/>
  <player id="1">Player 1</player>
  <player id="2">Player 2</player>
  <result type="1" winner="2"/>
 </game>
</stratego>