<?xml version="1.0" encoding="UTF-8"?>
<stratego>
 <game type="barrage">
  
  <field content="AAAAAAAABMAAAAAAAAADAAAAAAAAAKAAAAEDAACLAA__AA__AAAA__AA__AAAAAAAAAAAOAAAAAAPAXAAAAAAAPAQWAAAAAAAANY"/>
  <move id="1" source="K4" target="K5"/>
  <move id="2" source="G8" target="G7"/>
  <move id="3" source="I4" target="I5"/>
  <move id="4" source="G7" target="H7"/>
  <move id="5" source="F4" target="F5"/>
  <move id="6" source="H7" target="H8"/>
  <move id="7" source="E4" target="E5"/>
  <move id="8" source="H8" target="H9"/>
  <move id="9" source="F5" target="F6"/>
  <move id="10" source="I8" target="I7"/>
  <move id="11" source="E5" target="E6"/>
  <move id="12" source="I7" target="H7"/>
  <move id="13" source="F6" target="F7"/>
  <move id="14" source="H9" target="H8"/>
  <move id="15" source="E6" target="E7"/>
  <move id="16" source="H8" target="I8"/>
  <move id="17" source="F7" target="F8"/>
  <move id="18" source="I8" target="I7"/>
  <move id="19" source="E7" target="F7"/>
  <move id="20" source="I7" target="I8"/>
  <move id="21" source="F8" target="F9"/>
  <move id="22" source="G9" target="G8"/>
  <move id="23" source="F7" target="F8"/>
  <move id="24" source="G8" target="G7"/>
  <move id="25" source="F9" target="G9"/>
  <move id="26" source="H7" target="H8"/>
  <move id="27" source="G9" target="G:"/>
  <move id="28" source="G7" target="H7"/>
  <move id="29" source="G:" target="G9"/>
  <move id="30" source="I8" target="K8"/>
  <move id="31" source="G9" target="G8"/>
  <move id="32" source="H7" target="I7"/>
  <move id="33" source="G8" target="G9"/>
  <move id="34" source="I7" target="I6"/>
  <move id="35" source="I5" target="I6"/>
  <move id="36" source="I6" target="I7"/>
  <move id="37" source="F8" target="F9"/>
  <move id="38" source="H8" target="H9"/>
  <move id="39" source="G9" target="G7"/>
  <move id="40" source="I7" target="G7"/>
  <move id="41" source="K3" target="I3"/>
  <move id="42" source="K8" target="I8"/>
  <move id="43" source="F9" target="F8"/>
  <move id="44" source="H9" target="H8"/>
  <move id="45" source="F8" target="F7"/>
  <move id="46" source="H8" target="H7"/>
  <move id="47" source="F7" target="E7"/>
  <move id="48" source="I8" target="K8"/>
  <move id="49" source="I3" target="I4"/>
  <move id="50" source="H7" target="I7"/>
  <move id="51" source="E7" target="E8"/>
  <move id="52" source="I7" target="I6"/>
  <move id="53" source="E8" target="E9"/>
  <move id="54" source="K7" target="K6"/>
  <move id="55" source="K5" target="K6"/>
  <move id="56" source="I6" target="K6"/>
  <move id="57" source="E9" target="F9"/>
  <move id="58" source="K8" target="K7"/>
  <move id="59" source="I4" target="I5"/>
  <move id="60" source="K7" target="I7"/>
  <move id="61" source="F9" target="F:"/>
  <move id="62" source="I7" target="H7"/>
  <move id="63" source="F:" target="G:"/>
  <move id="64" source="H7" target="G7"/>
  <move id="65" source="G:" target="H:"/>
  <move id="66" source="G7" target="F7"/>
  <move id="67" source="H:" target="I:"/>
  <move id="68" source="I9" target="I:"/>
  <move id="69" source="I5" target="I6"/>
  <move id="70" source="F7" target="G7"/>
  <move id="71" source="I6" target="I7"/>
  <move id="72" source="G7" target="F7"/>
  <move id="73" source="I7" target="I8"/>
  <move id="74" source="F7" target="F1"/>
  <move id="75" source="I8" target="I9"/>
  <move id="76" source="F1" target="I1"/>
  <move id="77" source="I9" target="I8"/>
  <player id="1">Player 1</player>
  <player id="2">Player 2</player>
  <result type="3" winner="1"/>
 </game>
</stratego>