<?xml version="1.0" encoding="UTF-8"?>
<stratego>
 <game type="barrage">
  
  <field content="AAABMAKAAAAAAAAAAADAAAAAAAAAAADLAAAEAAACAA__AA__AAAA__AA__AAPWAAPXAAAAAAAAAAAAAAQOAAAAAAAAYNAAAAAAAA"/>
  <move id="1" source="K4" target="I4"/>
  <move id="2" source="A7" target="A6"/>
  <move id="3" source="I4" target="H4"/>
  <move id="4" source="A6" target="A5"/>
  <move id="5" source="H4" target="G4"/>
  <move id="6" source="A5" target="B5"/>
  <move id="7" source="B4" target="B5"/>
  <move id="8" source="F7" target="G7"/>
  <move id="9" source="B5" target="B6"/>
  <move id="10" source="G7" target="H7"/>
  <move id="11" source="B6" target="B7"/>
  <move id="12" source="H7" target="I7"/>
  <move id="13" source="G4" target="H4"/>
  <move id="14" source="I7" target="I6"/>
  <move id="15" source="F4" target="G4"/>
  <move id="16" source="I6" target="I5"/>
  <move id="17" source="G4" target="G3"/>
  <move id="18" source="I5" target="I4"/>
  <move id="19" source="G3" target="H3"/>
  <move id="20" source="E7" target="E3"/>
  <move id="21" source="A4" target="A3"/>
  <move id="22" source="E3" target="H3"/>
  <move id="23" source="B7" target="A7"/>
  <move id="24" source="B9" target="B8"/>
  <move id="25" source="A3" target="B3"/>
  <move id="26" source="I4" target="H4"/>
  <move id="27" source="H3" target="I3"/>
  <move id="28" source="H4" target="H3"/>
  <move id="29" source="I3" target="I4"/>
  <move id="30" source="H3" target="H2"/>
  <move id="31" source="B3" target="B8"/>
  <move id="32" source="H2" target="H1"/>
  <move id="33" source="A7" target="A8"/>
  <move id="34" source="H1" target="G1"/>
  <move id="35" source="A8" target="A9"/>
  <move id="36" source="G1" target="F1"/>
  <move id="37" source="A9" target="A:"/>
  <player id="1">Player 1</player>
  <player id="2">Player 2</player>
  <result type="1" winner="1"/>
 </game>
</stratego>