<?xml version="1.0" encoding="UTF-8"?>
<stratego>
 <game type="classic">
  
  <field content="FDDEDDGEDEBFBHIEIHDGFBBMLDCIEDBBFJHGJKGHAA__AA__AAAA__AA__AAPSRXTRSPPSRTVOWUVTPUPUQNNQQPNPQPNNYNTSRQ"/>
  <move id="1" source="E4" target="E5"/>
  <move id="2" source="I7" target="I4"/>
  <move id="3" source="E5" target="E6"/>
  <move id="4" source="K7" target="K6"/>
  <move id="5" source="I4" target="I5"/>
  <move id="6" source="K6" target="K5"/>
  <move id="7" source="H4" target="I4"/>
  <move id="8" source="K5" target="I5"/>
  <move id="9" source="I4" target="H4"/>
  <move id="10" source="K8" target="K7"/>
  <move id="11" source="K4" target="K5"/>
  <move id="12" source="K7" target="K6"/>
  <move id="13" source="K5" target="K6"/>
  <move id="14" source="K6" target="K5"/>
  <move id="15" source="I3" target="I4"/>
  <move id="16" source="I8" target="I7"/>
  <move id="17" source="I4" target="K4"/>
  <move id="18" source="I7" target="I6"/>
  <move id="19" source="H4" target="I4"/>
  <move id="20" source="I6" target="I5"/>
  <move id="21" source="K3" target="I3"/>
  <move id="22" source="I5" target="I4"/>
  <move id="23" source="K4" target="K3"/>
  <move id="24" source="K5" target="K6"/>
  <move id="25" source="I4" target="I5"/>
  <move id="26" source="K6" target="K7"/>
  <move id="27" source="I5" target="I6"/>
  <move id="28" source="K7" target="K8"/>
  <move id="29" source="I6" target="I7"/>
  <move id="30" source="H7" target="I7"/>
  <move id="31" source="I3" target="I4"/>
  <move id="32" source="G7" target="H7"/>
  <move id="33" source="I7" target="K7"/>
  <move id="34" source="K8" target="I8"/>
  <move id="35" source="I4" target="I5"/>
  <move id="36" source="G8" target="G7"/>
  <move id="37" source="I5" target="I6"/>
  <move id="38" source="H8" target="G8"/>
  <move id="39" source="I6" target="I7"/>
  <move id="40" source="I8" target="I7"/>
  <move id="41" source="K7" target="I7"/>
  <move id="42" source="E7" target="E6"/>
  <move id="43" source="F4" target="F5"/>
  <move id="44" source="F7" target="F6"/>
  <move id="45" source="E3" target="E4"/>
  <move id="46" source="F6" target="F5"/>
  <move id="47" source="E4" target="E5"/>
  <move id="48" source="G8" target="H8"/>
  <move id="49" source="E5" target="E6"/>
  <move id="50" source="G7" target="F7"/>
  <move id="51" source="E6" target="E7"/>
  <move id="52" source="F7" target="E7"/>
  <move id="53" source="E7" target="E6"/>
  <move id="54" source="H7" target="G7"/>
  <move id="55" source="F5" target="F6"/>
  <move id="56" source="G7" target="F7"/>
  <move id="57" source="F6" target="F7"/>
  <move id="58" source="A7" target="A4"/>
  <move id="59" source="F3" target="F8"/>
  <move id="60" source="B7" target="B6"/>
  <move id="61" source="E6" target="F6"/>
  <move id="62" source="E8" target="E7"/>
  <move id="63" source="I7" target="K7"/>
  <move id="64" source="B6" target="B5"/>
  <move id="65" source="I2" target="I7"/>
  <move id="66" source="H8" target="H7"/>
  <move id="67" source="I7" target="H7"/>
  <move id="68" source="H7" target="H8"/>
  <move id="69" source="K7" target="I7"/>
  <move id="70" source="B5" target="B4"/>
  <move id="71" source="I7" target="H7"/>
  <move id="72" source="H8" target="I8"/>
  <move id="73" source="H7" target="G7"/>
  <move id="74" source="A8" target="A7"/>
  <move id="75" source="E2" target="E3"/>
  <move id="76" source="A7" target="A6"/>
  <move id="77" source="E3" target="F3"/>
  <move id="78" source="B8" target="B7"/>
  <move id="79" source="E1" target="E7"/>
  <move id="80" source="B7" target="B6"/>
  <move id="81" source="G7" target="G8"/>
  <move id="82" source="F8" target="E8"/>
  <move id="83" source="G8" target="F8"/>
  <move id="84" source="A9" target="A8"/>
  <move id="85" source="F8" target="E8"/>
  <move id="86" source="A8" target="B8"/>
  <move id="87" source="E8" target="E7"/>
  <move id="88" source="A:" target="A9"/>
  <move id="89" source="F6" target="F7"/>
  <move id="90" source="A9" target="A8"/>
  <move id="91" source="F1" target="E1"/>
  <move id="92" source="A8" target="A7"/>
  <move id="93" source="E1" target="E7"/>
  <move id="94" source="B6" target="B5"/>
  <move id="95" source="E7" target="D7"/>
  <move id="96" source="A6" target="B6"/>
  <move id="97" source="F7" target="E7"/>
  <move id="98" source="A7" target="A6"/>
  <move id="99" source="E7" target="D7"/>
  <move id="100" source="A6" target="A5"/>
  <move id="101" source="K3" target="K4"/>
  <move id="102" source="A5" target="A4"/>
  <move id="103" source="A3" target="A4"/>
  <move id="104" source="B5" target="A5"/>
  <move id="105" source="G4" target="F4"/>
  <move id="106" source="A5" target="A4"/>
  <move id="107" source="F4" target="F5"/>
  <move id="108" source="A4" target="A3"/>
  <move id="109" source="F5" target="F6"/>
  <move id="110" source="A3" target="B3"/>
  <move id="111" source="F6" target="F7"/>
  <move id="112" source="B8" target="A8"/>
  <move id="113" source="F7" target="E7"/>
  <move id="114" source="A8" target="A2"/>
  <move id="115" source="E7" target="D7"/>
  <move id="116" source="B9" target="A9"/>
  <move id="117" source="G3" target="G4"/>
  <move id="118" source="C9" target="B9"/>
  <move id="119" source="K4" target="K5"/>
  <move id="120" source="B9" target="B8"/>
  <move id="121" source="K5" target="K6"/>
  <move id="122" source="B8" target="A8"/>
  <move id="123" source="K6" target="K7"/>
  <move id="124" source="A8" target="A7"/>
  <move id="125" source="K7" target="I7"/>
  <move id="126" source="A7" target="A6"/>
  <move id="127" source="I7" target="H7"/>
  <move id="128" source="A6" target="A5"/>
  <move id="129" source="H7" target="G7"/>
  <move id="130" source="A5" target="A4"/>
  <move id="131" source="G7" target="F7"/>
  <move id="132" source="A4" target="A3"/>
  <move id="133" source="F7" target="E7"/>
  <move id="134" source="D8" target="E8"/>
  <move id="135" source="E7" target="F7"/>
  <move id="136" source="E8" target="F8"/>
  <move id="137" source="D7" target="E7"/>
  <move id="138" source="A3" target="B3"/>
  <move id="139" source="B2" target="B3"/>
  <move id="140" source="A9" target="A8"/>
  <move id="141" source="F7" target="G7"/>
  <move id="142" source="A8" target="A7"/>
  <move id="143" source="E7" target="E8"/>
  <move id="144" source="F8" target="F7"/>
  <move id="145" source="G7" target="G8"/>
  <move id="146" source="A7" target="A6"/>
  <move id="147" source="G8" target="F8"/>
  <move id="148" source="A6" target="A5"/>
  <move id="149" source="F8" target="F9"/>
  <move id="150" source="A5" target="A4"/>
  <move id="151" source="G4" target="F4"/>
  <move id="152" source="A4" target="A3"/>
  <move id="153" source="F4" target="F5"/>
  <move id="154" source="A3" target="B3"/>
  <move id="155" source="F5" target="F6"/>
  <move id="156" source="B3" target="B2"/>
  <move id="157" source="F6" target="F7"/>
  <move id="158" source="B2" target="B1"/>
  <move id="159" source="F3" target="E3"/>
  <move id="160" source="B1" target="C1"/>
  <move id="161" source="E3" target="E2"/>
  <move id="162" source="C1" target="D1"/>
  <move id="163" source="F2" target="F3"/>
  <move id="164" source="D1" target="D2"/>
  <move id="165" source="E2" target="D2"/>
  <move id="166" source="B6" target="A6"/>
  <move id="167" source="E8" target="E7"/>
  <move id="168" source="A6" target="A5"/>
  <move id="169" source="D4" target="E4"/>
  <move id="170" source="A5" target="A4"/>
  <move id="171" source="E4" target="E3"/>
  <move id="172" source="A4" target="A3"/>
  <move id="173" source="E3" target="E2"/>
  <move id="174" source="A3" target="B3"/>
  <move id="175" source="E2" target="D2"/>
  <move id="176" source="B3" target="B2"/>
  <move id="177" source="D2" target="D1"/>
  <move id="178" source="B2" target="B1"/>
  <move id="179" source="D1" target="C1"/>
  <move id="180" source="B1" target="A1"/>
  <move id="181" source="F3" target="F4"/>
  <move id="182" source="K9" target="K2"/>
  <move id="183" source="F4" target="F5"/>
  <move id="184" source="I8" target="K8"/>
  <move id="185" source="F5" target="F6"/>
  <move id="186" source="K8" target="K7"/>
  <move id="187" source="H3" target="H4"/>
  <move id="188" source="K7" target="K6"/>
  <move id="189" source="H4" target="I4"/>
  <move id="190" source="K6" target="K5"/>
  <move id="191" source="I4" target="K4"/>
  <move id="192" source="K5" target="I5"/>
  <move id="193" source="G2" target="G3"/>
  <move id="194" source="H9" target="H8"/>
  <move id="195" source="G3" target="G4"/>
  <move id="196" source="H8" target="K8"/>
  <move id="197" source="G4" target="H4"/>
  <move id="198" source="K8" target="K4"/>
  <move id="199" source="K4" target="K5"/>
  <move id="200" source="I5" target="I6"/>
  <move id="201" source="K5" target="K6"/>
  <move id="202" source="I6" target="I7"/>
  <move id="203" source="K6" target="K7"/>
  <move id="204" source="I7" target="I8"/>
  <move id="205" source="K7" target="K8"/>
  <move id="206" source="I8" target="I7"/>
  <move id="207" source="H4" target="I4"/>
  <move id="208" source="C8" target="B8"/>
  <move id="209" source="I4" target="I5"/>
  <move id="210" source="B8" target="A8"/>
  <move id="211" source="I5" target="I6"/>
  <move id="212" source="I7" target="H7"/>
  <move id="213" source="F6" target="F7"/>
  <move id="214" source="A8" target="A7"/>
  <move id="215" source="F7" target="F8"/>
  <move id="216" source="A7" target="A6"/>
  <move id="217" source="K8" target="I8"/>
  <move id="218" source="A6" target="A5"/>
  <move id="219" source="I8" target="H8"/>
  <move id="220" source="H7" target="G7"/>
  <move id="221" source="H8" target="G8"/>
  <move id="222" source="G7" target="H7"/>
  <move id="223" source="I6" target="I7"/>
  <move id="224" source="A5" target="A4"/>
  <move id="225" source="I7" target="H7"/>
  <move id="226" source="A4" target="A3"/>
  <move id="227" source="F8" target="F9"/>
  <move id="228" source="G9" target="F9"/>
  <move id="229" source="I1" target="I4"/>
  <move id="230" source="A3" target="B3"/>
  <move id="231" source="I4" target="F4"/>
  <player id="1">Player 1</player>
  <player id="2">Player 2</player>
  <result type="3" winner="1"/>
 </game>
</stratego>