<?xml version="1.0" encoding="UTF-8"?>
<stratego>
 <game type="classic">
  
  <field content="FBFMBBFDBFDBEGEHBEHELEHCDDJIDDIGJDHGDKGIAA__AA__AAAA__AA__AANSNPPTUXPSNUNUWPRQPTRSVQORQTTVNRNSYPPQPQ"/>
  <move id="1" source="K4" target="K5"/>
  <move id="2" source="I7" target="I4"/>
  <move id="3" source="K5" target="K6"/>
  <move id="4" source="K7" target="I7"/>
  <move id="5" source="E4" target="E5"/>
  <move id="6" source="K8" target="K7"/>
  <move id="7" source="E5" target="E6"/>
  <move id="8" source="K7" target="K6"/>
  <move id="9" source="K3" target="K4"/>
  <move id="10" source="K9" target="K8"/>
  <move id="11" source="K4" target="K5"/>
  <move id="12" source="K8" target="K7"/>
  <move id="13" source="K6" target="I6"/>
  <move id="14" source="K7" target="K6"/>
  <move id="15" source="I6" target="I7"/>
  <move id="16" source="K6" target="K5"/>
  <move id="17" source="I7" target="H7"/>
  <move id="18" source="F7" target="F6"/>
  <move id="19" source="E6" target="F6"/>
  <move id="20" source="G7" target="F7"/>
  <move id="21" source="F4" target="F5"/>
  <move id="22" source="F7" target="F6"/>
  <move id="23" source="F5" target="F6"/>
  <move id="24" source="H7" target="I7"/>
  <move id="25" source="D4" target="E4"/>
  <move id="26" source="I7" target="I6"/>
  <move id="27" source="E4" target="E5"/>
  <move id="28" source="F6" target="F7"/>
  <move id="29" source="E5" target="E6"/>
  <move id="30" source="F7" target="G7"/>
  <move id="31" source="E6" target="F6"/>
  <move id="32" source="G7" target="H7"/>
  <move id="33" source="F6" target="F7"/>
  <move id="34" source="H7" target="I7"/>
  <move id="35" source="F7" target="G7"/>
  <move id="36" source="I7" target="K7"/>
  <move id="37" source="G4" target="F4"/>
  <move id="38" source="I6" target="I7"/>
  <move id="39" source="F4" target="F8"/>
  <move id="40" source="I7" target="H7"/>
  <move id="41" source="G7" target="F7"/>
  <move id="42" source="H7" target="G7"/>
  <move id="43" source="F7" target="F6"/>
  <move id="44" source="G7" target="F7"/>
  <move id="45" source="F6" target="F5"/>
  <move id="46" source="F7" target="F6"/>
  <move id="47" source="F5" target="E5"/>
  <move id="48" source="F6" target="E6"/>
  <move id="49" source="E5" target="E4"/>
  <move id="50" source="E6" target="E5"/>
  <move id="51" source="E4" target="D4"/>
  <move id="52" source="K7" target="I7"/>
  <move id="53" source="I3" target="K3"/>
  <move id="54" source="I7" target="H7"/>
  <move id="55" source="K3" target="K4"/>
  <move id="56" source="K5" target="I5"/>
  <move id="57" source="K4" target="K5"/>
  <move id="58" source="I5" target="K5"/>
  <move id="59" source="H3" target="I3"/>
  <move id="60" source="K5" target="I5"/>
  <move id="61" source="I3" target="K3"/>
  <move id="62" source="I8" target="K8"/>
  <move id="63" source="I4" target="I3"/>
  <move id="64" source="K8" target="K3"/>
  <move id="65" source="H4" target="I4"/>
  <move id="66" source="I5" target="K5"/>
  <move id="67" source="I4" target="K4"/>
  <move id="68" source="K5" target="I5"/>
  <move id="69" source="G3" target="G4"/>
  <move id="70" source="E5" target="F5"/>
  <move id="71" source="G4" target="H4"/>
  <move id="72" source="F5" target="F4"/>
  <move id="73" source="H4" target="I4"/>
  <move id="74" source="F4" target="G4"/>
  <move id="75" source="I4" target="I5"/>
  <move id="76" source="G4" target="H4"/>
  <move id="77" source="D4" target="E4"/>
  <move id="78" source="H4" target="I4"/>
  <move id="79" source="K4" target="K5"/>
  <move id="80" source="I4" target="I3"/>
  <move id="81" source="K5" target="K6"/>
  <move id="82" source="I3" target="K3"/>
  <move id="83" source="K6" target="K7"/>
  <move id="84" source="K3" target="K4"/>
  <move id="85" source="K7" target="I7"/>
  <move id="86" source="K4" target="I4"/>
  <move id="87" source="I7" target="H7"/>
  <move id="88" source="I4" target="I5"/>
  <move id="89" source="H7" target="G7"/>
  <move id="90" source="I5" target="I6"/>
  <move id="91" source="F3" target="F9"/>
  <move id="92" source="I6" target="I7"/>
  <move id="93" source="G7" target="F7"/>
  <move id="94" source="I7" target="H7"/>
  <move id="95" source="F7" target="E7"/>
  <move id="96" source="H7" target="G7"/>
  <move id="97" source="E7" target="D7"/>
  <move id="98" source="G7" target="F7"/>
  <move id="99" source="D7" target="C7"/>
  <move id="100" source="F7" target="F6"/>
  <move id="101" source="E4" target="F4"/>
  <move id="102" source="F6" target="F5"/>
  <move id="103" source="F4" target="G4"/>
  <move id="104" source="I9" target="K9"/>
  <move id="105" source="G4" target="H4"/>
  <move id="106" source="F5" target="F4"/>
  <move id="107" source="A4" target="A5"/>
  <move id="108" source="F4" target="G4"/>
  <move id="109" source="H4" target="I4"/>
  <move id="110" source="I:" target="I4"/>
  <move id="111" source="A5" target="A6"/>
  <move id="112" source="G4" target="F4"/>
  <move id="113" source="A3" target="A4"/>
  <move id="114" source="G8" target="G7"/>
  <move id="115" source="B4" target="B5"/>
  <move id="116" source="G7" target="F7"/>
  <move id="117" source="B5" target="B6"/>
  <move id="118" source="F7" target="F6"/>
  <move id="119" source="A4" target="A5"/>
  <move id="120" source="F6" target="F5"/>
  <move id="121" source="A5" target="B5"/>
  <move id="122" source="F5" target="E5"/>
  <move id="123" source="C4" target="D4"/>
  <move id="124" source="E5" target="E4"/>
  <move id="125" source="D4" target="E4"/>
  <move id="126" source="F4" target="E4"/>
  <move id="127" source="B6" target="B7"/>
  <move id="128" source="D8" target="D7"/>
  <move id="129" source="B5" target="B6"/>
  <move id="130" source="D7" target="E7"/>
  <move id="131" source="B6" target="B7"/>
  <move id="132" source="E7" target="E6"/>
  <move id="133" source="A6" target="A7"/>
  <move id="134" source="E4" target="F4"/>
  <move id="135" source="B3" target="B4"/>
  <move id="136" source="E6" target="E5"/>
  <move id="137" source="B4" target="B5"/>
  <move id="138" source="E5" target="E4"/>
  <move id="139" source="B5" target="B6"/>
  <move id="140" source="E4" target="D4"/>
  <move id="141" source="B7" target="B8"/>
  <move id="142" source="F4" target="E4"/>
  <move id="143" source="B6" target="B7"/>
  <move id="144" source="E4" target="E5"/>
  <move id="145" source="B8" target="A8"/>
  <move id="146" source="D4" target="C4"/>
  <player id="1">Player 1</player>
  <player id="2">Player 2</player>
  <result type="3" winner="2"/>
 </game>
</stratego>