<?xml version="1.0" encoding="UTF-8"?>
<stratego>
 <game type="classic">
  
  <field content="MFDEJBDEDFFHGHDBGEFBLEJCDBDIBDIGKGHBHEDIAA__AA__AAAA__AA__AAVTXQNUNTRSWPQNRNROTPVPYSNUTSQSQPPPPPQNRU"/>
  <move id="1" source="K4" target="K5"/>
  <move id="2" source="F7" target="F6"/>
  <move id="3" source="K5" target="K6"/>
  <move id="4" source="B7" target="B6"/>
  <move id="5" source="A4" target="A5"/>
  <move id="6" source="B6" target="B5"/>
  <move id="7" source="A5" target="A6"/>
  <move id="8" source="A7" target="A6"/>
  <move id="9" source="A3" target="A4"/>
  <move id="10" source="B5" target="A5"/>
  <move id="11" source="A4" target="A5"/>
  <move id="12" source="A6" target="B6"/>
  <move id="13" source="A5" target="A6"/>
  <move id="14" source="B6" target="B5"/>
  <move id="15" source="B4" target="A4"/>
  <move id="16" source="B8" target="B7"/>
  <move id="17" source="C4" target="B4"/>
  <move id="18" source="B7" target="A7"/>
  <move id="19" source="B4" target="B5"/>
  <move id="20" source="F6" target="F5"/>
  <move id="21" source="A6" target="A7"/>
  <move id="22" source="C8" target="B8"/>
  <move id="23" source="A4" target="A5"/>
  <move id="24" source="F5" target="F4"/>
  <move id="25" source="A5" target="A6"/>
  <move id="26" source="K7" target="K6"/>
  <move id="27" source="A6" target="B6"/>
  <move id="28" source="K8" target="K7"/>
  <move id="29" source="K6" target="I6"/>
  <move id="30" source="K7" target="K6"/>
  <move id="31" source="I6" target="I7"/>
  <move id="32" source="K6" target="K5"/>
  <move id="33" source="B6" target="B7"/>
  <move id="34" source="C7" target="B7"/>
  <move id="35" source="A7" target="B7"/>
  <move id="36" source="B8" target="C8"/>
  <move id="37" source="B5" target="B6"/>
  <move id="38" source="K5" target="K4"/>
  <move id="39" source="I4" target="I5"/>
  <move id="40" source="K4" target="K3"/>
  <move id="41" source="I5" target="K5"/>
  <move id="42" source="K9" target="K8"/>
  <move id="43" source="K5" target="K6"/>
  <move id="44" source="K8" target="K7"/>
  <move id="45" source="I7" target="I8"/>
  <move id="46" source="K7" target="K6"/>
  <move id="47" source="H4" target="I4"/>
  <move id="48" source="K:" target="K9"/>
  <move id="49" source="I4" target="I5"/>
  <move id="50" source="K9" target="K8"/>
  <move id="51" source="I8" target="I9"/>
  <move id="52" source="K8" target="K7"/>
  <move id="53" source="I5" target="K5"/>
  <move id="54" source="K6" target="I6"/>
  <move id="55" source="I9" target="I:"/>
  <move id="56" source="K7" target="K6"/>
  <move id="57" source="K5" target="I5"/>
  <move id="58" source="K6" target="K5"/>
  <move id="59" source="I5" target="I4"/>
  <move id="60" source="K5" target="K4"/>
  <move id="61" source="I4" target="I5"/>
  <move id="62" source="K4" target="I4"/>
  <move id="63" source="I5" target="K5"/>
  <move id="64" source="I4" target="H4"/>
  <move id="65" source="K5" target="K6"/>
  <move id="66" source="H4" target="G4"/>
  <move id="67" source="K6" target="K7"/>
  <move id="68" source="G4" target="G3"/>
  <move id="69" source="K7" target="K8"/>
  <move id="70" source="G3" target="G2"/>
  <move id="71" source="K8" target="I8"/>
  <move id="72" source="G2" target="F2"/>
  <move id="73" source="I8" target="I9"/>
  <move id="74" source="H9" target="I9"/>
  <move id="75" source="I:" target="I9"/>
  <move id="76" source="I6" target="I5"/>
  <move id="77" source="A2" target="A3"/>
  <move id="78" source="I5" target="I4"/>
  <move id="79" source="A3" target="A4"/>
  <move id="80" source="I4" target="H4"/>
  <move id="81" source="H3" target="H4"/>
  <move id="82" source="B9" target="B8"/>
  <move id="83" source="A4" target="A5"/>
  <move id="84" source="B8" target="B7"/>
  <move id="85" source="B6" target="B7"/>
  <move id="86" source="C8" target="C7"/>
  <move id="87" source="B7" target="B6"/>
  <move id="88" source="C7" target="C8"/>
  <move id="89" source="A5" target="A6"/>
  <move id="90" source="A8" target="B8"/>
  <move id="91" source="A6" target="A7"/>
  <move id="92" source="C8" target="C7"/>
  <move id="93" source="B6" target="B7"/>
  <move id="94" source="B8" target="A8"/>
  <move id="95" source="A7" target="A6"/>
  <move id="96" source="A9" target="B9"/>
  <move id="97" source="B7" target="A7"/>
  <move id="98" source="A8" target="B8"/>
  <move id="99" source="C3" target="C4"/>
  <move id="100" source="C7" target="C8"/>
  <move id="101" source="C4" target="B4"/>
  <move id="102" source="B8" target="A8"/>
  <move id="103" source="A7" target="A8"/>
  <move id="104" source="B9" target="B8"/>
  <move id="105" source="B4" target="B5"/>
  <move id="106" source="B8" target="B7"/>
  <move id="107" source="B5" target="B6"/>
  <move id="108" source="B7" target="A7"/>
  <move id="109" source="A6" target="A5"/>
  <move id="110" source="A7" target="A6"/>
  <move id="111" source="B6" target="A6"/>
  <move id="112" source="B:" target="B3"/>
  <move id="113" source="A5" target="A6"/>
  <move id="114" source="C8" target="B8"/>
  <move id="115" source="A6" target="A7"/>
  <move id="116" source="B8" target="B7"/>
  <move id="117" source="A7" target="A8"/>
  <move id="118" source="B7" target="B8"/>
  <move id="119" source="A8" target="A9"/>
  <move id="120" source="B8" target="B9"/>
  <move id="121" source="A9" target="A:"/>
  <move id="122" source="B9" target="B8"/>
  <move id="123" source="E4" target="E5"/>
  <move id="124" source="B8" target="B7"/>
  <move id="125" source="E5" target="F5"/>
  <move id="126" source="B7" target="B6"/>
  <move id="127" source="D4" target="E4"/>
  <move id="128" source="B6" target="B5"/>
  <move id="129" source="E4" target="E5"/>
  <move id="130" source="B5" target="B4"/>
  <move id="131" source="B3" target="C3"/>
  <move id="132" source="B4" target="C4"/>
  <move id="133" source="C3" target="B3"/>
  <move id="134" source="C4" target="C3"/>
  <move id="135" source="B3" target="B4"/>
  <move id="136" source="C3" target="C2"/>
  <move id="137" source="A:" target="B:"/>
  <move id="138" source="D7" target="C7"/>
  <move id="139" source="B:" target="C:"/>
  <move id="140" source="C7" target="B7"/>
  <move id="141" source="C:" target="D:"/>
  <move id="142" source="D9" target="D:"/>
  <move id="143" source="F5" target="F6"/>
  <move id="144" source="B7" target="B6"/>
  <move id="145" source="F6" target="F7"/>
  <move id="146" source="B6" target="B5"/>
  <move id="147" source="B4" target="A4"/>
  <move id="148" source="B5" target="A5"/>
  <move id="149" source="A4" target="B4"/>
  <move id="150" source="A5" target="A4"/>
  <move id="151" source="B4" target="B5"/>
  <move id="152" source="A4" target="A3"/>
  <move id="153" source="B5" target="B6"/>
  <move id="154" source="A3" target="A2"/>
  <move id="155" source="B2" target="A2"/>
  <move id="156" source="D:" target="C:"/>
  <move id="157" source="B6" target="B7"/>
  <move id="158" source="C:" target="B:"/>
  <move id="159" source="B7" target="C7"/>
  <move id="160" source="B:" target="B9"/>
  <move id="161" source="C7" target="D7"/>
  <move id="162" source="B9" target="B8"/>
  <move id="163" source="D7" target="E7"/>
  <move id="164" source="E8" target="E7"/>
  <move id="165" source="F7" target="E7"/>
  <move id="166" source="B8" target="B7"/>
  <move id="167" source="E7" target="E8"/>
  <move id="168" source="B7" target="B6"/>
  <move id="169" source="E8" target="E9"/>
  <move id="170" source="B6" target="B5"/>
  <move id="171" source="E5" target="E6"/>
  <move id="172" source="B5" target="B4"/>
  <move id="173" source="E3" target="E5"/>
  <move id="174" source="B4" target="C4"/>
  <move id="175" source="E5" target="F5"/>
  <move id="176" source="C4" target="C3"/>
  <move id="177" source="F5" target="F8"/>
  <move id="178" source="C3" target="C2"/>
  <move id="179" source="E2" target="E5"/>
  <move id="180" source="E:" target="D:"/>
  <move id="181" source="E1" target="E2"/>
  <move id="182" source="D:" target="C:"/>
  <move id="183" source="D2" target="C2"/>
  <move id="184" source="C:" target="B:"/>
  <move id="185" source="E2" target="D2"/>
  <move id="186" source="B:" target="B1"/>
  <move id="187" source="E6" target="E7"/>
  <move id="188" source="H7" target="I7"/>
  <move id="189" source="E7" target="E8"/>
  <move id="190" source="I7" target="I6"/>
  <move id="191" source="E5" target="E6"/>
  <move id="192" source="I6" target="I5"/>
  <move id="193" source="E6" target="F6"/>
  <move id="194" source="I5" target="I4"/>
  <move id="195" source="F6" target="F7"/>
  <move id="196" source="I4" target="K4"/>
  <move id="197" source="F7" target="F8"/>
  <move id="198" source="K4" target="K3"/>
  <move id="199" source="I9" target="H9"/>
  <move id="200" source="K3" target="K2"/>
  <move id="201" source="H9" target="G9"/>
  <move id="202" source="H8" target="I8"/>
  <move id="203" source="G9" target="G8"/>
  <move id="204" source="I8" target="I7"/>
  <move id="205" source="G8" target="G9"/>
  <move id="206" source="I7" target="I6"/>
  <move id="207" source="G9" target="F9"/>
  <move id="208" source="I6" target="I5"/>
  <move id="209" source="H4" target="I4"/>
  <move id="210" source="I5" target="I4"/>
  <move id="211" source="I4" target="I5"/>
  <move id="212" source="F:" target="A:"/>
  <move id="213" source="I5" target="I6"/>
  <move id="214" source="A:" target="A2"/>
  <move id="215" source="I6" target="I7"/>
  <move id="216" source="G:" target="G9"/>
  <move id="217" source="I7" target="I8"/>
  <move id="218" source="G9" target="H9"/>
  <move id="219" source="E8" target="E7"/>
  <move id="220" source="H9" target="H8"/>
  <move id="221" source="I8" target="I9"/>
  <move id="222" source="H8" target="I8"/>
  <move id="223" source="I9" target="H9"/>
  <move id="224" source="I8" target="H8"/>
  <move id="225" source="H9" target="G9"/>
  <move id="226" source="H8" target="G8"/>
  <move id="227" source="G9" target="F9"/>
  <move id="228" source="G8" target="G9"/>
  <move id="229" source="F9" target="F:"/>
  <move id="230" source="G9" target="F9"/>
  <move id="231" source="F:" target="E:"/>
  <move id="232" source="F9" target="F:"/>
  <move id="233" source="E:" target="D:"/>
  <move id="234" source="F:" target="E:"/>
  <move id="235" source="D:" target="D9"/>
  <move id="236" source="E:" target="D:"/>
  <move id="237" source="D9" target="C9"/>
  <player id="1">Player 1</player>
  <player id="2">Player 2</player>
  <result type="1" winner="1"/>
 </game>
</stratego>