<?xml version="1.0" encoding="UTF-8"?>
<stratego>
 <game type="classic">
  
  <field content="EBBBGFHMBBDDFIDGFBFEHDEDHJCGDKDEDIEHJLGIAA__AA__AAAA__AA__AATPQUPSUTPNPWSRTQRQXSTPUOPVNRPVNQNRSNYNQP"/>
  <move id="1" source="F4" target="F5"/>
  <move id="2" source="B7" target="B4"/>
  <move id="3" source="A4" target="A5"/>
  <move id="4" source="C7" target="B7"/>
  <move id="5" source="A5" target="B5"/>
  <move id="6" source="B7" target="B6"/>
  <move id="7" source="B4" target="A4"/>
  <move id="8" source="B6" target="B5"/>
  <move id="9" source="C4" target="B4"/>
  <move id="10" source="B5" target="A5"/>
  <move id="11" source="A4" target="A5"/>
  <move id="12" source="A7" target="B7"/>
  <move id="13" source="B4" target="A4"/>
  <move id="14" source="A8" target="A7"/>
  <move id="15" source="D4" target="C4"/>
  <move id="16" source="E7" target="E4"/>
  <move id="17" source="F3" target="F4"/>
  <move id="18" source="I7" target="I4"/>
  <move id="19" source="E4" target="D4"/>
  <move id="20" source="H7" target="I7"/>
  <move id="21" source="E3" target="E4"/>
  <move id="22" source="B8" target="A8"/>
  <move id="23" source="C4" target="B4"/>
  <move id="24" source="C8" target="C7"/>
  <move id="25" source="B4" target="B5"/>
  <move id="26" source="C9" target="C8"/>
  <move id="27" source="B5" target="B6"/>
  <move id="28" source="B7" target="B8"/>
  <move id="29" source="F2" target="F3"/>
  <move id="30" source="D7" target="E7"/>
  <move id="31" source="E4" target="E5"/>
  <move id="32" source="A7" target="B7"/>
  <move id="33" source="E5" target="E6"/>
  <move id="34" source="B7" target="A7"/>
  <move id="35" source="F5" target="F6"/>
  <move id="36" source="E7" target="E6"/>
  <move id="37" source="F6" target="F5"/>
  <move id="38" source="E6" target="E7"/>
  <move id="39" source="F3" target="E3"/>
  <move id="40" source="E7" target="D7"/>
  <move id="41" source="E3" target="E4"/>
  <move id="42" source="C8" target="C9"/>
  <move id="43" source="E4" target="E5"/>
  <move id="44" source="D7" target="E7"/>
  <move id="45" source="E5" target="E6"/>
  <move id="46" source="E7" target="E6"/>
  <move id="47" source="D3" target="E3"/>
  <move id="48" source="E6" target="E7"/>
  <move id="49" source="E3" target="E4"/>
  <move id="50" source="E7" target="D7"/>
  <move id="51" source="E4" target="E5"/>
  <move id="52" source="C9" target="C8"/>
  <move id="53" source="E5" target="E6"/>
  <move id="54" source="C8" target="C9"/>
  <move id="55" source="E6" target="E7"/>
  <move id="56" source="D7" target="E7"/>
  <move id="57" source="G2" target="F2"/>
  <move id="58" source="E7" target="D7"/>
  <move id="59" source="E2" target="E8"/>
  <move id="60" source="C9" target="C8"/>
  <move id="61" source="F4" target="E4"/>
  <move id="62" source="C8" target="C9"/>
  <move id="63" source="E4" target="E5"/>
  <move id="64" source="H8" target="H7"/>
  <move id="65" source="F5" target="F6"/>
  <move id="66" source="F7" target="F6"/>
  <move id="67" source="G4" target="F4"/>
  <move id="68" source="D7" target="E7"/>
  <move id="69" source="E5" target="E6"/>
  <move id="70" source="E7" target="E6"/>
  <move id="71" source="E6" target="E5"/>
  <move id="72" source="G7" target="F7"/>
  <move id="73" source="F6" target="E6"/>
  <move id="74" source="F7" target="E7"/>
  <move id="75" source="F4" target="F3"/>
  <move id="76" source="G8" target="G7"/>
  <move id="77" source="H4" target="G4"/>
  <move id="78" source="F8" target="F7"/>
  <move id="79" source="G4" target="F4"/>
  <move id="80" source="F7" target="F6"/>
  <move id="81" source="F4" target="F5"/>
  <move id="82" source="E7" target="E6"/>
  <move id="83" source="F5" target="F6"/>
  <move id="84" source="E6" target="E7"/>
  <move id="85" source="F6" target="F7"/>
  <move id="86" source="E7" target="D7"/>
  <move id="87" source="F7" target="F8"/>
  <move id="88" source="C7" target="B7"/>
  <move id="89" source="I4" target="H4"/>
  <move id="90" source="B7" target="B6"/>
  <move id="91" source="H4" target="G4"/>
  <move id="92" source="A7" target="A4"/>
  <move id="93" source="G4" target="F4"/>
  <move id="94" source="A8" target="A7"/>
  <move id="95" source="F4" target="F5"/>
  <move id="96" source="A7" target="B7"/>
  <move id="97" source="F5" target="F6"/>
  <move id="98" source="B7" target="B6"/>
  <move id="99" source="F6" target="F7"/>
  <move id="100" source="D7" target="C7"/>
  <move id="101" source="F7" target="G7"/>
  <move id="102" source="C7" target="B7"/>
  <move id="103" source="G7" target="G8"/>
  <move id="104" source="I7" target="I6"/>
  <move id="105" source="G8" target="G9"/>
  <move id="106" source="B7" target="A7"/>
  <move id="107" source="K4" target="K5"/>
  <move id="108" source="B6" target="B7"/>
  <move id="109" source="E5" target="E6"/>
  <move id="110" source="B7" target="C7"/>
  <move id="111" source="F8" target="F7"/>
  <move id="112" source="C7" target="D7"/>
  <move id="113" source="F7" target="E7"/>
  <move id="114" source="D7" target="C7"/>
  <move id="115" source="B3" target="B8"/>
  <move id="116" source="E8" target="F8"/>
  <move id="117" source="E7" target="F7"/>
  <move id="118" source="F8" target="G8"/>
  <move id="119" source="E6" target="E7"/>
  <move id="120" source="G8" target="H8"/>
  <move id="121" source="E7" target="E8"/>
  <move id="122" source="C7" target="D7"/>
  <move id="123" source="F7" target="E7"/>
  <move id="124" source="H7" target="G7"/>
  <move id="125" source="E7" target="D7"/>
  <move id="126" source="H8" target="H7"/>
  <move id="127" source="E8" target="E7"/>
  <move id="128" source="I8" target="I7"/>
  <move id="129" source="E7" target="E6"/>
  <move id="130" source="I6" target="I5"/>
  <move id="131" source="K5" target="I5"/>
  <move id="132" source="I7" target="I6"/>
  <move id="133" source="I5" target="I4"/>
  <move id="134" source="I6" target="I5"/>
  <move id="135" source="I4" target="H4"/>
  <move id="136" source="I5" target="I4"/>
  <move id="137" source="I3" target="I4"/>
  <move id="138" source="I4" target="H4"/>
  <move id="139" source="F3" target="F4"/>
  <move id="140" source="I9" target="I2"/>
  <move id="141" source="K3" target="K4"/>
  <move id="142" source="H4" target="I4"/>
  <move id="143" source="K4" target="K5"/>
  <move id="144" source="I4" target="I5"/>
  <move id="145" source="K5" target="K6"/>
  <move id="146" source="I5" target="I6"/>
  <move id="147" source="K6" target="K5"/>
  <move id="148" source="I6" target="I5"/>
  <move id="149" source="K5" target="K4"/>
  <move id="150" source="G7" target="G8"/>
  <move id="151" source="D4" target="D3"/>
  <move id="152" source="I5" target="I4"/>
  <move id="153" source="K4" target="K5"/>
  <move id="154" source="G8" target="H8"/>
  <move id="155" source="F4" target="E4"/>
  <move id="156" source="I4" target="I3"/>
  <move id="157" source="E4" target="D4"/>
  <move id="158" source="I3" target="I2"/>
  <move id="159" source="D4" target="C4"/>
  <move id="160" source="H8" target="I8"/>
  <move id="161" source="D7" target="E7"/>
  <move id="162" source="A7" target="A6"/>
  <move id="163" source="C4" target="B4"/>
  <move id="164" source="A6" target="A5"/>
  <move id="165" source="E7" target="F7"/>
  <move id="166" source="A5" target="A4"/>
  <move id="167" source="B4" target="A4"/>
  <move id="168" source="I2" target="H2"/>
  <move id="169" source="A4" target="B4"/>
  <player id="1">Player 1</player>
  <player id="2">Player 2</player>
  <result type="3" winner="1"/>
 </game>
</stratego>