<?xml version="1.0" encoding="UTF-8"?>
<stratego>
 <game type="classic">
  
  <field content="BEBDDEHMBEIEGCJDBFEIFBIFGGDJBDGDHKDHLDHFAA__AA__AAAA__AA__AAQRTUNTTSSNVWOQXSVNNRPPPPPPPQRNSRQUUPTQNY"/>
  <move id="1" source="E4" target="E5"/>
  <move id="2" source="F7" target="F6"/>
  <move id="3" source="E5" target="E7"/>
  <move id="4" source="G7" target="F7"/>
  <move id="5" source="B4" target="B5"/>
  <move id="6" source="I7" target="I6"/>
  <move id="7" source="B5" target="B6"/>
  <move id="8" source="H7" target="I7"/>
  <move id="9" source="A4" target="B4"/>
  <move id="10" source="I6" target="K6"/>
  <move id="11" source="B6" target="A6"/>
  <move id="12" source="I7" target="I6"/>
  <move id="13" source="B4" target="B5"/>
  <move id="14" source="G8" target="G7"/>
  <move id="15" source="B5" target="B6"/>
  <move id="16" source="G7" target="H7"/>
  <move id="17" source="B6" target="B7"/>
  <move id="18" source="C7" target="B7"/>
  <move id="19" source="C4" target="B4"/>
  <move id="20" source="H7" target="I7"/>
  <move id="21" source="B4" target="B5"/>
  <move id="22" source="C8" target="C7"/>
  <move id="23" source="B5" target="B6"/>
  <move id="24" source="F6" target="E6"/>
  <move id="25" source="F4" target="F5"/>
  <move id="26" source="F7" target="F6"/>
  <move id="27" source="F5" target="F6"/>
  <move id="28" source="F8" target="F7"/>
  <move id="29" source="F3" target="F4"/>
  <move id="30" source="F7" target="F6"/>
  <move id="31" source="F4" target="F5"/>
  <move id="32" source="E8" target="F8"/>
  <move id="33" source="F5" target="F6"/>
  <move id="34" source="F8" target="E8"/>
  <move id="35" source="E3" target="E4"/>
  <move id="36" source="F9" target="F8"/>
  <move id="37" source="E4" target="E5"/>
  <move id="38" source="F8" target="F7"/>
  <move id="39" source="E5" target="E6"/>
  <move id="40" source="F7" target="F6"/>
  <move id="41" source="G4" target="F4"/>
  <move id="42" source="F6" target="F5"/>
  <move id="43" source="F4" target="F5"/>
  <move id="44" source="E8" target="F8"/>
  <move id="45" source="F5" target="F6"/>
  <move id="46" source="E6" target="E5"/>
  <move id="47" source="F6" target="F7"/>
  <move id="48" source="F8" target="F7"/>
  <move id="49" source="H4" target="G4"/>
  <move id="50" source="C7" target="C8"/>
  <move id="51" source="G4" target="F4"/>
  <move id="52" source="B7" target="C7"/>
  <move id="53" source="A6" target="A7"/>
  <move id="54" source="F:" target="F4"/>
  <move id="55" source="D3" target="E3"/>
  <move id="56" source="E5" target="F5"/>
  <move id="57" source="E3" target="F3"/>
  <move id="58" source="F5" target="E5"/>
  <move id="59" source="F3" target="F4"/>
  <move id="60" source="B8" target="B7"/>
  <move id="61" source="B6" target="A6"/>
  <move id="62" source="B7" target="B6"/>
  <move id="63" source="A6" target="A7"/>
  <move id="64" source="A8" target="A7"/>
  <move id="65" source="E2" target="E3"/>
  <move id="66" source="E9" target="F9"/>
  <move id="67" source="E3" target="E4"/>
  <move id="68" source="F9" target="F4"/>
  <move id="69" source="E4" target="E5"/>
  <move id="70" source="B6" target="B5"/>
  <move id="71" source="E5" target="E6"/>
  <move id="72" source="B5" target="B4"/>
  <move id="73" source="F4" target="F5"/>
  <move id="74" source="B4" target="C4"/>
  <move id="75" source="F5" target="F6"/>
  <move id="76" source="C4" target="D4"/>
  <move id="77" source="F6" target="F7"/>
  <move id="78" source="I7" target="H7"/>
  <move id="79" source="F7" target="F8"/>
  <move id="80" source="E:" target="E9"/>
  <move id="81" source="E6" target="F6"/>
  <move id="82" source="H7" target="G7"/>
  <move id="83" source="F6" target="F7"/>
  <move id="84" source="G7" target="G8"/>
  <move id="85" source="F7" target="G7"/>
  <move id="86" source="G8" target="G7"/>
  <move id="87" source="I4" target="I5"/>
  <move id="88" source="I6" target="I7"/>
  <move id="89" source="I5" target="I6"/>
  <move id="90" source="I7" target="H7"/>
  <move id="91" source="I6" target="K6"/>
  <move id="92" source="H7" target="G7"/>
  <move id="93" source="K4" target="I4"/>
  <move id="94" source="G9" target="F9"/>
  <move id="95" source="F8" target="E8"/>
  <move id="96" source="E9" target="E8"/>
  <move id="97" source="I4" target="I5"/>
  <move id="98" source="F9" target="F8"/>
  <move id="99" source="I5" target="I6"/>
  <move id="100" source="F8" target="F7"/>
  <move id="101" source="I6" target="I7"/>
  <move id="102" source="G7" target="G8"/>
  <move id="103" source="I7" target="I8"/>
  <move id="104" source="C8" target="B8"/>
  <move id="105" source="H3" target="H4"/>
  <move id="106" source="B8" target="B7"/>
  <move id="107" source="H4" target="I4"/>
  <move id="108" source="B7" target="B6"/>
  <move id="109" source="I4" target="I5"/>
  <move id="110" source="D9" target="E9"/>
  <move id="111" source="I5" target="I6"/>
  <move id="112" source="D8" target="D9"/>
  <move id="113" source="I6" target="I7"/>
  <move id="114" source="F7" target="I7"/>
  <move id="115" source="I7" target="H7"/>
  <move id="116" source="E8" target="D8"/>
  <move id="117" source="H7" target="G7"/>
  <move id="118" source="G8" target="F8"/>
  <move id="119" source="G7" target="F7"/>
  <move id="120" source="F8" target="G8"/>
  <move id="121" source="F7" target="G7"/>
  <move id="122" source="G8" target="F8"/>
  <move id="123" source="G7" target="F7"/>
  <move id="124" source="D8" target="C8"/>
  <move id="125" source="F7" target="F8"/>
  <move id="126" source="B6" target="A6"/>
  <move id="127" source="F2" target="F7"/>
  <move id="128" source="C8" target="B8"/>
  <move id="129" source="F7" target="H7"/>
  <move id="130" source="B8" target="B7"/>
  <move id="131" source="H7" target="H8"/>
  <move id="132" source="A7" target="A8"/>
  <move id="133" source="F8" target="F9"/>
  <move id="134" source="A8" target="B8"/>
  <move id="135" source="F9" target="E9"/>
  <move id="136" source="B8" target="C8"/>
  <move id="137" source="E9" target="E8"/>
  <move id="138" source="C8" target="D8"/>
  <move id="139" source="E8" target="F8"/>
  <move id="140" source="D8" target="E8"/>
  <move id="141" source="F8" target="F7"/>
  <move id="142" source="E8" target="F8"/>
  <move id="143" source="F7" target="F6"/>
  <move id="144" source="F8" target="F7"/>
  <move id="145" source="F6" target="E6"/>
  <move id="146" source="D7" target="D8"/>
  <move id="147" source="E6" target="E5"/>
  <move id="148" source="D8" target="E8"/>
  <move id="149" source="E5" target="E4"/>
  <move id="150" source="E8" target="F8"/>
  <move id="151" source="E4" target="D4"/>
  <move id="152" source="F8" target="G8"/>
  <move id="153" source="D4" target="C4"/>
  <move id="154" source="G8" target="G7"/>
  <move id="155" source="C4" target="B4"/>
  <move id="156" source="B7" target="B8"/>
  <move id="157" source="B4" target="B5"/>
  <move id="158" source="B8" target="C8"/>
  <move id="159" source="B5" target="B6"/>
  <move id="160" source="C8" target="D8"/>
  <move id="161" source="B6" target="A6"/>
  <move id="162" source="D8" target="E8"/>
  <move id="163" source="A6" target="A7"/>
  <move id="164" source="C7" target="C8"/>
  <move id="165" source="A7" target="A8"/>
  <move id="166" source="C8" target="C7"/>
  <move id="167" source="A8" target="A7"/>
  <move id="168" source="C7" target="C8"/>
  <move id="169" source="A7" target="A8"/>
  <move id="170" source="G7" target="H7"/>
  <move id="171" source="A8" target="B8"/>
  <move id="172" source="C8" target="C7"/>
  <move id="173" source="B8" target="B7"/>
  <move id="174" source="H7" target="I7"/>
  <move id="175" source="B7" target="C7"/>
  <move id="176" source="I7" target="I6"/>
  <move id="177" source="K6" target="K5"/>
  <move id="178" source="I6" target="I5"/>
  <move id="179" source="K5" target="K4"/>
  <move id="180" source="F7" target="F6"/>
  <move id="181" source="C7" target="C8"/>
  <move id="182" source="E8" target="E9"/>
  <move id="183" source="G3" target="G4"/>
  <move id="184" source="F6" target="F5"/>
  <move id="185" source="G4" target="B4"/>
  <move id="186" source="F5" target="F4"/>
  <move id="187" source="B4" target="B9"/>
  <move id="188" source="F4" target="G4"/>
  <move id="189" source="E1" target="E4"/>
  <move id="190" source="G4" target="H4"/>
  <move id="191" source="E4" target="B4"/>
  <move id="192" source="C9" target="B9"/>
  <move id="193" source="C8" target="B8"/>
  <move id="194" source="A9" target="A8"/>
  <move id="195" source="B8" target="B9"/>
  <move id="196" source="A8" target="A7"/>
  <move id="197" source="B4" target="B8"/>
  <move id="198" source="A7" target="B7"/>
  <move id="199" source="B8" target="A8"/>
  <move id="200" source="H4" target="I4"/>
  <move id="201" source="A8" target="A:"/>
  <move id="202" source="B:" target="B9"/>
  <move id="203" source="B9" target="B8"/>
  <move id="204" source="B7" target="B6"/>
  <move id="205" source="C3" target="C4"/>
  <move id="206" source="B6" target="B5"/>
  <move id="207" source="C4" target="B4"/>
  <move id="208" source="I4" target="K4"/>
  <move id="209" source="B4" target="B5"/>
  <move id="210" source="K4" target="I4"/>
  <move id="211" source="B5" target="A5"/>
  <move id="212" source="I4" target="H4"/>
  <move id="213" source="A5" target="A6"/>
  <move id="214" source="H4" target="G4"/>
  <move id="215" source="A6" target="A7"/>
  <move id="216" source="G4" target="F4"/>
  <move id="217" source="A7" target="A8"/>
  <move id="218" source="F4" target="F5"/>
  <move id="219" source="A8" target="A9"/>
  <move id="220" source="F5" target="F6"/>
  <move id="221" source="A9" target="A:"/>
  <move id="222" source="F6" target="F7"/>
  <move id="223" source="B8" target="C8"/>
  <move id="224" source="F7" target="F8"/>
  <move id="225" source="C8" target="D8"/>
  <move id="226" source="F8" target="E8"/>
  <move id="227" source="A:" target="B:"/>
  <move id="228" source="E8" target="D8"/>
  <move id="229" source="B:" target="B9"/>
  <move id="230" source="D9" target="D8"/>
  <move id="231" source="B9" target="B8"/>
  <move id="232" source="E9" target="D9"/>
  <move id="233" source="B8" target="C8"/>
  <move id="234" source="D8" target="E8"/>
  <move id="235" source="D2" target="D3"/>
  <move id="236" source="D9" target="D8"/>
  <move id="237" source="C8" target="C9"/>
  <move id="238" source="C:" target="B:"/>
  <move id="239" source="C9" target="B9"/>
  <move id="240" source="B:" target="A:"/>
  <move id="241" source="B9" target="A9"/>
  <move id="242" source="A:" target="B:"/>
  <move id="243" source="A9" target="B9"/>
  <move id="244" source="B:" target="C:"/>
  <move id="245" source="D3" target="D4"/>
  <move id="246" source="D8" target="C8"/>
  <move id="247" source="D4" target="E4"/>
  <move id="248" source="D:" target="D9"/>
  <move id="249" source="B9" target="B:"/>
  <move id="250" source="C:" target="D:"/>
  <move id="251" source="B:" target="C:"/>
  <move id="252" source="D:" target="E:"/>
  <move id="253" source="C:" target="D:"/>
  <move id="254" source="D9" target="D:"/>
  <move id="255" source="E4" target="E5"/>
  <move id="256" source="C8" target="D8"/>
  <move id="257" source="E5" target="E6"/>
  <move id="258" source="E8" target="E9"/>
  <move id="259" source="E6" target="F6"/>
  <move id="260" source="D8" target="E8"/>
  <move id="261" source="F6" target="F7"/>
  <move id="262" source="E8" target="F8"/>
  <move id="263" source="F7" target="G7"/>
  <move id="264" source="I5" target="I6"/>
  <move id="265" source="A3" target="A4"/>
  <move id="266" source="I6" target="I7"/>
  <move id="267" source="A4" target="A5"/>
  <move id="268" source="I7" target="H7"/>
  <move id="269" source="G7" target="G8"/>
  <move id="270" source="F8" target="G8"/>
  <move id="271" source="A5" target="A6"/>
  <move id="272" source="G8" target="F8"/>
  <move id="273" source="A6" target="A7"/>
  <move id="274" source="F8" target="E8"/>
  <move id="275" source="A7" target="A8"/>
  <move id="276" source="E8" target="D8"/>
  <move id="277" source="A8" target="A9"/>
  <move id="278" source="D8" target="C8"/>
  <move id="279" source="A2" target="A3"/>
  <move id="280" source="C8" target="B8"/>
  <move id="281" source="A3" target="A4"/>
  <move id="282" source="B8" target="B9"/>
  <move id="283" source="A9" target="A8"/>
  <move id="284" source="B9" target="B8"/>
  <move id="285" source="A8" target="A9"/>
  <move id="286" source="H7" target="G7"/>
  <move id="287" source="A4" target="B4"/>
  <move id="288" source="G7" target="F7"/>
  <move id="289" source="B4" target="C4"/>
  <move id="290" source="F7" target="F8"/>
  <move id="291" source="C4" target="D4"/>
  <move id="292" source="F8" target="E8"/>
  <move id="293" source="D4" target="E4"/>
  <move id="294" source="E8" target="D8"/>
  <move id="295" source="E4" target="F4"/>
  <move id="296" source="D8" target="D9"/>
  <move id="297" source="F4" target="F5"/>
  <move id="298" source="D9" target="C9"/>
  <move id="299" source="F5" target="F6"/>
  <move id="300" source="C9" target="B9"/>
  <move id="301" source="F6" target="F7"/>
  <move id="302" source="B9" target="A9"/>
  <move id="303" source="F7" target="G7"/>
  <move id="304" source="B8" target="C8"/>
  <move id="305" source="G7" target="H7"/>
  <move id="306" source="C8" target="D8"/>
  <move id="307" source="H7" target="I7"/>
  <move id="308" source="D8" target="E8"/>
  <move id="309" source="I7" target="H7"/>
  <move id="310" source="E8" target="F8"/>
  <move id="311" source="H7" target="G7"/>
  <move id="312" source="F8" target="G8"/>
  <move id="313" source="G7" target="F7"/>
  <move id="314" source="A9" target="A8"/>
  <move id="315" source="K3" target="K7"/>
  <move id="316" source="A8" target="B8"/>
  <move id="317" source="F1" target="E1"/>
  <move id="318" source="B8" target="C8"/>
  <move id="319" source="E1" target="E2"/>
  <move id="320" source="C8" target="D8"/>
  <move id="321" source="E2" target="D2"/>
  <move id="322" source="D8" target="E8"/>
  <move id="323" source="F7" target="F6"/>
  <move id="324" source="G8" target="G7"/>
  <move id="325" source="F6" target="F5"/>
  <move id="326" source="G7" target="F7"/>
  <move id="327" source="F5" target="F4"/>
  <move id="328" source="F7" target="F6"/>
  <move id="329" source="F4" target="G4"/>
  <move id="330" source="F6" target="F5"/>
  <move id="331" source="G4" target="H4"/>
  <move id="332" source="F5" target="F4"/>
  <move id="333" source="H4" target="I4"/>
  <move id="334" source="F4" target="G4"/>
  <move id="335" source="I4" target="K4"/>
  <move id="336" source="G4" target="H4"/>
  <move id="337" source="K4" target="K5"/>
  <move id="338" source="E8" target="F8"/>
  <move id="339" source="D2" target="D3"/>
  <move id="340" source="F8" target="F7"/>
  <move id="341" source="D3" target="D4"/>
  <move id="342" source="F7" target="G7"/>
  <move id="343" source="D4" target="C4"/>
  <move id="344" source="G7" target="H7"/>
  <move id="345" source="C4" target="B4"/>
  <move id="346" source="H7" target="I7"/>
  <move id="347" source="B4" target="B5"/>
  <move id="348" source="E9" target="E8"/>
  <move id="349" source="B5" target="B6"/>
  <move id="350" source="E8" target="F8"/>
  <move id="351" source="B6" target="B7"/>
  <move id="352" source="F8" target="F7"/>
  <move id="353" source="B7" target="C7"/>
  <move id="354" source="F7" target="F6"/>
  <move id="355" source="C7" target="D7"/>
  <move id="356" source="F6" target="F5"/>
  <move id="357" source="D7" target="D8"/>
  <move id="358" source="F5" target="F4"/>
  <move id="359" source="D8" target="D9"/>
  <move id="360" source="F4" target="F3"/>
  <move id="361" source="B2" target="A2"/>
  <move id="362" source="F3" target="E3"/>
  <move id="363" source="A2" target="A3"/>
  <move id="364" source="E3" target="E2"/>
  <move id="365" source="A3" target="A4"/>
  <move id="366" source="E2" target="E1"/>
  <move id="367" source="A4" target="A5"/>
  <move id="368" source="I7" target="I6"/>
  <move id="369" source="A5" target="A6"/>
  <move id="370" source="I6" target="K6"/>
  <move id="371" source="K5" target="I5"/>
  <move id="372" source="H4" target="I4"/>
  <move id="373" source="A6" target="A7"/>
  <move id="374" source="I4" target="I5"/>
  <move id="375" source="A7" target="B7"/>
  <move id="376" source="K6" target="I6"/>
  <move id="377" source="B7" target="C7"/>
  <move id="378" source="I6" target="I7"/>
  <move id="379" source="C7" target="B7"/>
  <move id="380" source="I7" target="H7"/>
  <move id="381" source="B7" target="A7"/>
  <move id="382" source="H7" target="G7"/>
  <move id="383" source="K2" target="K3"/>
  <move id="384" source="G7" target="F7"/>
  <move id="385" source="K3" target="K4"/>
  <move id="386" source="F7" target="F8"/>
  <move id="387" source="A7" target="A6"/>
  <move id="388" source="F8" target="E8"/>
  <move id="389" source="K4" target="K5"/>
  <move id="390" source="E8" target="E9"/>
  <move id="391" source="D9" target="D8"/>
  <move id="392" source="E:" target="F:"/>
  <move id="393" source="K5" target="K6"/>
  <move id="394" source="F:" target="F9"/>
  <move id="395" source="K6" target="I6"/>
  <move id="396" source="G:" target="G9"/>
  <move id="397" source="I6" target="I5"/>
  <move id="398" source="E9" target="E8"/>
  <move id="399" source="D8" target="D9"/>
  <move id="400" source="F9" target="F8"/>
  <move id="401" source="I5" target="I4"/>
  <move id="402" source="G9" target="G8"/>
  <move id="403" source="A6" target="A7"/>
  <move id="404" source="G8" target="G7"/>
  <move id="405" source="A7" target="A8"/>
  <move id="406" source="G7" target="F7"/>
  <move id="407" source="A8" target="A9"/>
  <move id="408" source="F7" target="F6"/>
  <move id="409" source="I4" target="H4"/>
  <move id="410" source="F6" target="F5"/>
  <move id="411" source="A9" target="A:"/>
  <move id="412" source="E8" target="E9"/>
  <move id="413" source="D9" target="D8"/>
  <move id="414" source="F8" target="F7"/>
  <move id="415" source="A:" target="B:"/>
  <move id="416" source="F7" target="F6"/>
  <move id="417" source="H4" target="G4"/>
  <move id="418" source="F6" target="E6"/>
  <move id="419" source="B:" target="C:"/>
  <move id="420" source="E6" target="E5"/>
  <move id="421" source="D8" target="D7"/>
  <move id="422" source="E5" target="E4"/>
  <move id="423" source="G4" target="F4"/>
  <move id="424" source="E4" target="E3"/>
  <move id="425" source="F4" target="F5"/>
  <move id="426" source="E3" target="E2"/>
  <move id="427" source="F5" target="F4"/>
  <move id="428" source="E2" target="F2"/>
  <move id="429" source="F4" target="F3"/>
  <move id="430" source="F2" target="G2"/>
  <move id="431" source="H2" target="G2"/>
  <move id="432" source="E1" target="D1"/>
  <move id="433" source="G2" target="F2"/>
  <move id="434" source="D1" target="C1"/>
  <move id="435" source="C2" target="C1"/>
  <move id="436" source="E9" target="E8"/>
  <move id="437" source="F2" target="G2"/>
  <move id="438" source="H9" target="G9"/>
  <move id="439" source="C1" target="C2"/>
  <move id="440" source="G9" target="F9"/>
  <move id="441" source="C2" target="C3"/>
  <move id="442" source="I9" target="H9"/>
  <move id="443" source="C:" target="B:"/>
  <move id="444" source="H9" target="G9"/>
  <move id="445" source="B:" target="A:"/>
  <move id="446" source="G9" target="G8"/>
  <move id="447" source="C3" target="C4"/>
  <move id="448" source="G8" target="G7"/>
  <move id="449" source="C4" target="D4"/>
  <move id="450" source="G7" target="F7"/>
  <move id="451" source="D4" target="E4"/>
  <move id="452" source="E8" target="D8"/>
  <move id="453" source="D7" target="E7"/>
  <move id="454" source="F7" target="E7"/>
  <move id="455" source="E4" target="E5"/>
  <move id="456" source="D8" target="E8"/>
  <move id="457" source="F3" target="F4"/>
  <move id="458" source="E7" target="F7"/>
  <move id="459" source="F4" target="F5"/>
  <move id="460" source="E8" target="E7"/>
  <move id="461" source="F5" target="F6"/>
  <move id="462" source="F7" target="F8"/>
  <move id="463" source="E5" target="E4"/>
  <move id="464" source="F8" target="G8"/>
  <move id="465" source="E4" target="E3"/>
  <move id="466" source="G8" target="G7"/>
  <move id="467" source="F6" target="F7"/>
  <move id="468" source="E7" target="F7"/>
  <move id="469" source="E3" target="E4"/>
  <move id="470" source="F9" target="F8"/>
  <move id="471" source="E4" target="E5"/>
  <move id="472" source="F8" target="F7"/>
  <move id="473" source="E5" target="E6"/>
  <move id="474" source="G7" target="H7"/>
  <move id="475" source="G2" target="G3"/>
  <move id="476" source="H7" target="I7"/>
  <move id="477" source="E6" target="F6"/>
  <move id="478" source="F7" target="E7"/>
  <move id="479" source="F6" target="F5"/>
  <move id="480" source="E7" target="E6"/>
  <move id="481" source="F5" target="F4"/>
  <move id="482" source="E6" target="E5"/>
  <move id="483" source="F4" target="G4"/>
  <move id="484" source="E5" target="E4"/>
  <move id="485" source="G4" target="H4"/>
  <move id="486" source="E4" target="E3"/>
  <move id="487" source="H4" target="I4"/>
  <move id="488" source="E3" target="E2"/>
  <move id="489" source="G3" target="F3"/>
  <move id="490" source="E2" target="E1"/>
  <move id="491" source="F3" target="F2"/>
  <move id="492" source="I7" target="I6"/>
  <move id="493" source="A:" target="B:"/>
  <move id="494" source="I6" target="I7"/>
  <move id="495" source="B:" target="C:"/>
  <move id="496" source="I7" target="H7"/>
  <move id="497" source="C:" target="D:"/>
  <move id="498" source="H7" target="G7"/>
  <move id="499" source="D:" target="E:"/>
  <move id="500" source="G7" target="F7"/>
  <move id="501" source="E:" target="F:"/>
  <move id="502" source="F7" target="F6"/>
  <move id="503" source="I4" target="H4"/>
  <move id="504" source="F6" target="F5"/>
  <move id="505" source="H4" target="G4"/>
  <move id="506" source="F5" target="E5"/>
  <move id="507" source="G4" target="F4"/>
  <move id="508" source="E5" target="E6"/>
  <move id="509" source="F4" target="F5"/>
  <move id="510" source="E6" target="E7"/>
  <move id="511" source="F5" target="F6"/>
  <move id="512" source="E7" target="D7"/>
  <move id="513" source="F6" target="F7"/>
  <move id="514" source="D7" target="C7"/>
  <move id="515" source="F7" target="F8"/>
  <move id="516" source="C7" target="B7"/>
  <move id="517" source="F8" target="G8"/>
  <move id="518" source="B7" target="C7"/>
  <move id="519" source="F2" target="E2"/>
  <move id="520" source="E1" target="F1"/>
  <move id="521" source="G1" target="F1"/>
  <move id="522" source="C7" target="B7"/>
  <move id="523" source="F1" target="F2"/>
  <move id="524" source="B7" target="B6"/>
  <move id="525" source="F2" target="F3"/>
  <move id="526" source="B6" target="B5"/>
  <move id="527" source="F3" target="E3"/>
  <move id="528" source="B5" target="B4"/>
  <move id="529" source="E3" target="D3"/>
  <move id="530" source="B4" target="B3"/>
  <move id="531" source="D3" target="E3"/>
  <move id="532" source="H:" target="G:"/>
  <move id="533" source="F:" target="F9"/>
  <move id="534" source="G:" target="F:"/>
  <move id="535" source="F9" target="G9"/>
  <move id="536" source="F:" target="F9"/>
  <move id="537" source="G9" target="H9"/>
  <move id="538" source="F9" target="E9"/>
  <move id="539" source="G8" target="G9"/>
  <move id="540" source="E9" target="E8"/>
  <move id="541" source="G9" target="G:"/>
  <move id="542" source="E8" target="E7"/>
  <move id="543" source="H9" target="H:"/>
  <move id="544" source="E7" target="D7"/>
  <move id="545" source="H:" target="I:"/>
  <move id="546" source="D7" target="C7"/>
  <move id="547" source="G:" target="H:"/>
  <move id="548" source="C7" target="B7"/>
  <move id="549" source="I:" target="K:"/>
  <player id="1">Player 1</player>
  <player id="2">Player 2</player>
  <result type="1" winner="1"/>
 </game>
</stratego>