<?xml version="1.0" encoding="UTF-8"?>
<stratego>
 <game type="classic">
  
  <field content="HBMBEDFEDFEBBILFEBFDGHICJGDBEHDGDJHDIKGDAA__AA__AAAA__AA__AATSPXTSWPSUVPVUPTUOPPRQSQRQRQTRPNYNNNNNQP"/>
  <move id="1" source="F4" target="F7"/>
  <move id="2" source="K7" target="K6"/>
  <move id="3" source="G4" target="F4"/>
  <move id="4" source="K6" target="K5"/>
  <move id="5" source="F4" target="F5"/>
  <move id="6" source="E7" target="E6"/>
  <move id="7" source="F5" target="F6"/>
  <move id="8" source="E6" target="E5"/>
  <move id="9" source="E4" target="E5"/>
  <move id="10" source="D7" target="E7"/>
  <move id="11" source="E3" target="E4"/>
  <move id="12" source="A7" target="A6"/>
  <move id="13" source="E4" target="E5"/>
  <move id="14" source="E7" target="E6"/>
  <move id="15" source="F6" target="E6"/>
  <move id="16" source="E6" target="E5"/>
  <move id="17" source="I4" target="I5"/>
  <move id="18" source="K5" target="I5"/>
  <move id="19" source="K4" target="I4"/>
  <move id="20" source="I7" target="I6"/>
  <move id="21" source="K3" target="K4"/>
  <move id="22" source="H7" target="I7"/>
  <move id="23" source="K4" target="K5"/>
  <move id="24" source="I5" target="I4"/>
  <move id="25" source="H4" target="I4"/>
  <move id="26" source="I6" target="K6"/>
  <move id="27" source="I4" target="I5"/>
  <move id="28" source="G7" target="H7"/>
  <move id="29" source="I5" target="I6"/>
  <move id="30" source="K6" target="K5"/>
  <move id="31" source="I6" target="I7"/>
  <move id="32" source="H7" target="I7"/>
  <move id="33" source="F3" target="F4"/>
  <move id="34" source="E5" target="F5"/>
  <move id="35" source="G3" target="G4"/>
  <move id="36" source="F7" target="E7"/>
  <move id="37" source="D4" target="E4"/>
  <move id="38" source="E7" target="E6"/>
  <move id="39" source="D3" target="E3"/>
  <move id="40" source="E6" target="E5"/>
  <move id="41" source="C4" target="D4"/>
  <move id="42" source="A6" target="A5"/>
  <move id="43" source="E3" target="F3"/>
  <move id="44" source="A5" target="A4"/>
  <move id="45" source="B4" target="B5"/>
  <move id="46" source="A4" target="A3"/>
  <move id="47" source="B3" target="A3"/>
  <move id="48" source="B7" target="B6"/>
  <move id="49" source="B5" target="B4"/>
  <move id="50" source="B6" target="B5"/>
  <move id="51" source="C3" target="C4"/>
  <move id="52" source="B5" target="B4"/>
  <move id="53" source="G4" target="G3"/>
  <move id="54" source="C7" target="B7"/>
  <move id="55" source="F4" target="G4"/>
  <move id="56" source="B7" target="B6"/>
  <move id="57" source="F3" target="F4"/>
  <move id="58" source="F5" target="F4"/>
  <move id="59" source="E4" target="E5"/>
  <move id="60" source="C8" target="C7"/>
  <move id="61" source="E5" target="E6"/>
  <move id="62" source="C7" target="D7"/>
  <move id="63" source="E6" target="E7"/>
  <move id="64" source="D7" target="E7"/>
  <move id="65" source="C4" target="B4"/>
  <move id="66" source="F4" target="G4"/>
  <move id="67" source="B4" target="B5"/>
  <move id="68" source="E8" target="E2"/>
  <move id="69" source="E2" target="E3"/>
  <move id="70" source="G4" target="F4"/>
  <move id="71" source="E3" target="D3"/>
  <move id="72" source="F4" target="E4"/>
  <move id="73" source="D3" target="C3"/>
  <move id="74" source="E4" target="D4"/>
  <move id="75" source="B5" target="B6"/>
  <move id="76" source="A8" target="A7"/>
  <move id="77" source="B6" target="B7"/>
  <move id="78" source="A7" target="B7"/>
  <move id="79" source="I3" target="I4"/>
  <move id="80" source="B7" target="C7"/>
  <move id="81" source="I4" target="I5"/>
  <move id="82" source="G8" target="G7"/>
  <move id="83" source="K5" target="K6"/>
  <move id="84" source="G7" target="H7"/>
  <move id="85" source="K6" target="K7"/>
  <move id="86" source="H7" target="I7"/>
  <move id="87" source="K7" target="K8"/>
  <move id="88" source="I7" target="I6"/>
  <move id="89" source="I5" target="I4"/>
  <move id="90" source="I6" target="I5"/>
  <move id="91" source="I4" target="H4"/>
  <move id="92" source="D8" target="D7"/>
  <move id="93" source="H4" target="G4"/>
  <move id="94" source="D7" target="E7"/>
  <move id="95" source="G4" target="F4"/>
  <move id="96" source="E7" target="E6"/>
  <move id="97" source="C3" target="B3"/>
  <move id="98" source="D4" target="C4"/>
  <move id="99" source="B3" target="A3"/>
  <move id="100" source="C4" target="B4"/>
  <move id="101" source="K8" target="K9"/>
  <move id="102" source="I9" target="K9"/>
  <move id="103" source="D2" target="E2"/>
  <move id="104" source="I5" target="I4"/>
  <move id="105" source="E2" target="E3"/>
  <move id="106" source="I4" target="H4"/>
  <move id="107" source="F4" target="F3"/>
  <move id="108" source="H4" target="G4"/>
  <move id="109" source="E3" target="E4"/>
  <move id="110" source="G4" target="F4"/>
  <move id="111" source="E4" target="E5"/>
  <move id="112" source="F4" target="F3"/>
  <move id="113" source="E5" target="E6"/>
  <move id="114" source="I8" target="I7"/>
  <move id="115" source="A3" target="A4"/>
  <move id="116" source="B4" target="A4"/>
  <player id="1">Player 1</player>
  <player id="2">Player 2</player>
  <result type="3" winner="2"/>
 </game>
</stratego>