<?xml version="1.0" encoding="UTF-8"?>
<stratego>
 <game type="classic">
  
  <field content="EEEFBMBEGFBFHCKBHHEDGBIDLJIHBGDDDJGIDDDFAA__AA__AAAA__AA__AARPUXPTQNRSPPVTUPWTPNQSRRPTUOVSNNNYQNQSQP"/>
  <move id="1" source="F4" target="F5"/>
  <move id="2" source="B7" target="B6"/>
  <move id="3" source="F5" target="F6"/>
  <move id="4" source="C7" target="B7"/>
  <move id="5" source="G4" target="F4"/>
  <move id="6" source="B6" target="A6"/>
  <move id="7" source="F4" target="F5"/>
  <move id="8" source="B7" target="B6"/>
  <move id="9" source="F5" target="E5"/>
  <move id="10" source="B6" target="B5"/>
  <move id="11" source="E5" target="E6"/>
  <move id="12" source="A6" target="A5"/>
  <move id="13" source="E4" target="E5"/>
  <move id="14" source="K7" target="K6"/>
  <move id="15" source="E3" target="E4"/>
  <move id="16" source="K6" target="K5"/>
  <move id="17" source="E6" target="E7"/>
  <move id="18" source="F7" target="E7"/>
  <move id="19" source="F6" target="F7"/>
  <move id="20" source="I7" target="K7"/>
  <move id="21" source="E5" target="E6"/>
  <move id="22" source="F8" target="F7"/>
  <move id="23" source="F7" target="F6"/>
  <move id="24" source="I8" target="I7"/>
  <move id="25" source="E4" target="E5"/>
  <move id="26" source="I7" target="I6"/>
  <move id="27" source="F6" target="F5"/>
  <move id="28" source="I6" target="I5"/>
  <move id="29" source="E6" target="F6"/>
  <move id="30" source="H8" target="I8"/>
  <move id="31" source="F6" target="F7"/>
  <move id="32" source="I8" target="I7"/>
  <move id="33" source="E5" target="E6"/>
  <move id="34" source="I7" target="I6"/>
  <move id="35" source="F7" target="E7"/>
  <move id="36" source="G7" target="F7"/>
  <move id="37" source="E6" target="E7"/>
  <move id="38" source="F7" target="F8"/>
  <move id="39" source="F5" target="E5"/>
  <move id="40" source="K5" target="K4"/>
  <move id="41" source="K3" target="K4"/>
  <move id="42" source="K7" target="K6"/>
  <move id="43" source="D3" target="E3"/>
  <move id="44" source="K6" target="K5"/>
  <move id="45" source="E3" target="E4"/>
  <move id="46" source="H9" target="H8"/>
  <move id="47" source="E4" target="F4"/>
  <move id="48" source="G8" target="G7"/>
  <move id="49" source="F4" target="F5"/>
  <move id="50" source="H8" target="G8"/>
  <move id="51" source="F5" target="F6"/>
  <move id="52" source="C8" target="C7"/>
  <move id="53" source="E2" target="E3"/>
  <move id="54" source="D7" target="E7"/>
  <move id="55" source="E3" target="E4"/>
  <move id="56" source="G7" target="F7"/>
  <move id="57" source="E5" target="F5"/>
  <move id="58" source="F7" target="F6"/>
  <move id="59" source="F5" target="F4"/>
  <move id="60" source="F6" target="F5"/>
  <move id="61" source="F4" target="G4"/>
  <move id="62" source="G8" target="G7"/>
  <move id="63" source="C3" target="D3"/>
  <move id="64" source="G7" target="F7"/>
  <move id="65" source="C4" target="C3"/>
  <move id="66" source="F7" target="E7"/>
  <move id="67" source="D3" target="E3"/>
  <move id="68" source="E7" target="E6"/>
  <move id="69" source="E3" target="E2"/>
  <move id="70" source="E6" target="E5"/>
  <move id="71" source="D4" target="C4"/>
  <move id="72" source="E5" target="E4"/>
  <move id="73" source="B4" target="B5"/>
  <move id="74" source="B8" target="C8"/>
  <move id="75" source="C4" target="B4"/>
  <move id="76" source="B5" target="B6"/>
  <move id="77" source="B4" target="B5"/>
  <move id="78" source="B6" target="B7"/>
  <move id="79" source="B5" target="A5"/>
  <move id="80" source="B7" target="B8"/>
  <move id="81" source="A5" target="B5"/>
  <move id="82" source="I6" target="K6"/>
  <move id="83" source="B5" target="B6"/>
  <move id="84" source="I5" target="I4"/>
  <move id="85" source="F3" target="E3"/>
  <move id="86" source="I9" target="I8"/>
  <move id="87" source="E3" target="D3"/>
  <move id="88" source="I8" target="I7"/>
  <move id="89" source="D3" target="D4"/>
  <move id="90" source="I7" target="I6"/>
  <move id="91" source="D4" target="C4"/>
  <move id="92" source="I6" target="I5"/>
  <move id="93" source="C4" target="B4"/>
  <move id="94" source="I5" target="I4"/>
  <move id="95" source="B4" target="B5"/>
  <move id="96" source="E8" target="E7"/>
  <move id="97" source="B6" target="B7"/>
  <move id="98" source="C7" target="B7"/>
  <move id="99" source="B5" target="B6"/>
  <move id="100" source="C8" target="C7"/>
  <move id="101" source="B6" target="B7"/>
  <move id="102" source="B8" target="C8"/>
  <move id="103" source="B7" target="C7"/>
  <move id="104" source="C8" target="B8"/>
  <move id="105" source="C7" target="B7"/>
  <move id="106" source="B8" target="C8"/>
  <move id="107" source="B7" target="C7"/>
  <move id="108" source="E7" target="E6"/>
  <move id="109" source="C7" target="C8"/>
  <move id="110" source="F5" target="F4"/>
  <move id="111" source="E4" target="F4"/>
  <move id="112" source="E6" target="E5"/>
  <move id="113" source="H4" target="I4"/>
  <move id="114" source="I4" target="H4"/>
  <move id="115" source="G4" target="F4"/>
  <move id="116" source="H4" target="G4"/>
  <move id="117" source="F4" target="F5"/>
  <move id="118" source="E5" target="F5"/>
  <move id="119" source="G3" target="F3"/>
  <move id="120" source="G4" target="F4"/>
  <move id="121" source="F3" target="E3"/>
  <move id="122" source="F4" target="E4"/>
  <move id="123" source="E3" target="D3"/>
  <move id="124" source="E9" target="E8"/>
  <move id="125" source="C8" target="C7"/>
  <move id="126" source="E8" target="E7"/>
  <move id="127" source="C7" target="D7"/>
  <move id="128" source="E7" target="F7"/>
  <move id="129" source="D7" target="E7"/>
  <move id="130" source="F7" target="F2"/>
  <move id="131" source="E7" target="F7"/>
  <move id="132" source="E4" target="E3"/>
  <move id="133" source="D3" target="D4"/>
  <move id="134" source="E3" target="D3"/>
  <move id="135" source="D4" target="E4"/>
  <move id="136" source="D3" target="D4"/>
  <move id="137" source="E4" target="F4"/>
  <move id="138" source="D4" target="C4"/>
  <move id="139" source="F4" target="G4"/>
  <move id="140" source="A8" target="B8"/>
  <move id="141" source="F7" target="F6"/>
  <move id="142" source="B8" target="B3"/>
  <move id="143" source="F6" target="F5"/>
  <move id="144" source="A7" target="A6"/>
  <move id="145" source="F5" target="E5"/>
  <move id="146" source="A6" target="A5"/>
  <move id="147" source="E5" target="E4"/>
  <move id="148" source="A5" target="A4"/>
  <move id="149" source="E4" target="D4"/>
  <move id="150" source="C4" target="B4"/>
  <move id="151" source="D4" target="C4"/>
  <move id="152" source="B4" target="B5"/>
  <move id="153" source="C4" target="B4"/>
  <move id="154" source="B5" target="B6"/>
  <move id="155" source="B4" target="A4"/>
  <move id="156" source="B6" target="B7"/>
  <move id="157" source="A4" target="B4"/>
  <move id="158" source="B7" target="C7"/>
  <move id="159" source="B4" target="C4"/>
  <move id="160" source="C7" target="D7"/>
  <move id="161" source="C4" target="D4"/>
  <move id="162" source="D7" target="C7"/>
  <move id="163" source="G4" target="H4"/>
  <move id="164" source="C7" target="B7"/>
  <move id="165" source="H4" target="I4"/>
  <move id="166" source="K6" target="K7"/>
  <move id="167" source="I4" target="K4"/>
  <move id="168" source="K5" target="I5"/>
  <move id="169" source="E2" target="E3"/>
  <move id="170" source="G9" target="G8"/>
  <move id="171" source="E3" target="E4"/>
  <move id="172" source="G8" target="G7"/>
  <move id="173" source="E4" target="F4"/>
  <move id="174" source="G7" target="F7"/>
  <move id="175" source="F4" target="G4"/>
  <move id="176" source="F7" target="F6"/>
  <move id="177" source="K4" target="K5"/>
  <move id="178" source="I5" target="I4"/>
  <move id="179" source="G4" target="H4"/>
  <move id="180" source="I4" target="I3"/>
  <move id="181" source="K5" target="K6"/>
  <move id="182" source="B7" target="B6"/>
  <move id="183" source="K6" target="K7"/>
  <move id="184" source="B6" target="B5"/>
  <move id="185" source="A3" target="A4"/>
  <move id="186" source="B5" target="A5"/>
  <move id="187" source="A4" target="B4"/>
  <move id="188" source="A5" target="A4"/>
  <move id="189" source="B4" target="B5"/>
  <move id="190" source="A4" target="A5"/>
  <move id="191" source="B5" target="B4"/>
  <move id="192" source="F6" target="F5"/>
  <move id="193" source="H4" target="G4"/>
  <move id="194" source="F8" target="F7"/>
  <move id="195" source="G4" target="F4"/>
  <move id="196" source="F7" target="F6"/>
  <move id="197" source="F4" target="F5"/>
  <move id="198" source="F6" target="F5"/>
  <move id="199" source="H3" target="G3"/>
  <move id="200" source="F5" target="F4"/>
  <move id="201" source="K7" target="I7"/>
  <move id="202" source="D8" target="E8"/>
  <move id="203" source="I7" target="I8"/>
  <move id="204" source="E8" target="E7"/>
  <move id="205" source="I8" target="H8"/>
  <move id="206" source="A5" target="B5"/>
  <move id="207" source="B4" target="A4"/>
  <move id="208" source="B5" target="B4"/>
  <move id="209" source="A4" target="A5"/>
  <move id="210" source="E7" target="D7"/>
  <move id="211" source="H8" target="G8"/>
  <move id="212" source="D7" target="C7"/>
  <move id="213" source="G8" target="F8"/>
  <move id="214" source="C7" target="B7"/>
  <move id="215" source="F8" target="F7"/>
  <move id="216" source="B7" target="A7"/>
  <move id="217" source="F7" target="F6"/>
  <move id="218" source="A7" target="A6"/>
  <move id="219" source="D4" target="C4"/>
  <move id="220" source="B4" target="B5"/>
  <move id="221" source="C4" target="B4"/>
  <move id="222" source="B5" target="A5"/>
  <move id="223" source="B4" target="B5"/>
  <move id="224" source="A5" target="A4"/>
  <move id="225" source="B5" target="A5"/>
  <move id="226" source="A6" target="B6"/>
  <move id="227" source="A5" target="A4"/>
  <move id="228" source="B6" target="B5"/>
  <move id="229" source="F6" target="F5"/>
  <move id="230" source="F4" target="E4"/>
  <move id="231" source="G3" target="F3"/>
  <move id="232" source="E4" target="D4"/>
  <move id="233" source="F3" target="E3"/>
  <move id="234" source="D4" target="C4"/>
  <move id="235" source="E3" target="D3"/>
  <move id="236" source="C4" target="B4"/>
  <move id="237" source="D3" target="D4"/>
  <move id="238" source="B4" target="B3"/>
  <move id="239" source="D4" target="C4"/>
  <move id="240" source="B3" target="C3"/>
  <move id="241" source="C2" target="C3"/>
  <move id="242" source="B5" target="B4"/>
  <move id="243" source="C4" target="B4"/>
  <move id="244" source="F9" target="F8"/>
  <move id="245" source="F5" target="F6"/>
  <move id="246" source="F8" target="E8"/>
  <move id="247" source="F6" target="F7"/>
  <move id="248" source="E8" target="D8"/>
  <move id="249" source="D2" target="D3"/>
  <move id="250" source="D8" target="D7"/>
  <move id="251" source="D3" target="E3"/>
  <move id="252" source="D7" target="C7"/>
  <move id="253" source="E3" target="E4"/>
  <move id="254" source="C7" target="B7"/>
  <move id="255" source="E4" target="E5"/>
  <move id="256" source="B7" target="B6"/>
  <move id="257" source="E5" target="E6"/>
  <move id="258" source="B6" target="B5"/>
  <move id="259" source="C3" target="C4"/>
  <move id="260" source="A9" target="A8"/>
  <move id="261" source="E6" target="E7"/>
  <move id="262" source="A8" target="A7"/>
  <move id="263" source="E7" target="E8"/>
  <move id="264" source="A7" target="A6"/>
  <move id="265" source="F7" target="F8"/>
  <move id="266" source="A6" target="A5"/>
  <move id="267" source="F8" target="F9"/>
  <move id="268" source="A5" target="A4"/>
  <move id="269" source="C4" target="B4"/>
  <move id="270" source="A4" target="A3"/>
  <move id="271" source="B4" target="B5"/>
  <move id="272" source="A3" target="A2"/>
  <move id="273" source="B2" target="A2"/>
  <move id="274" source="B9" target="B8"/>
  <move id="275" source="G2" target="G3"/>
  <move id="276" source="B8" target="B7"/>
  <move id="277" source="G3" target="F3"/>
  <move id="278" source="B7" target="B6"/>
  <move id="279" source="F3" target="E3"/>
  <move id="280" source="B6" target="B5"/>
  <move id="281" source="E3" target="D3"/>
  <move id="282" source="B5" target="B4"/>
  <move id="283" source="D3" target="C3"/>
  <move id="284" source="B4" target="A4"/>
  <move id="285" source="C3" target="B3"/>
  <move id="286" source="K9" target="I9"/>
  <move id="287" source="E8" target="E9"/>
  <move id="288" source="I9" target="I8"/>
  <move id="289" source="E9" target="E:"/>
  <move id="290" source="I8" target="I7"/>
  <move id="291" source="F9" target="E9"/>
  <move id="292" source="I7" target="I6"/>
  <move id="293" source="E9" target="E:"/>
  <move id="294" source="I6" target="I5"/>
  <move id="295" source="H2" target="H3"/>
  <move id="296" source="I5" target="I4"/>
  <move id="297" source="E:" target="E9"/>
  <move id="298" source="I4" target="K4"/>
  <move id="299" source="C1" target="C2"/>
  <move id="300" source="K4" target="K3"/>
  <move id="301" source="C2" target="C3"/>
  <move id="302" source="K3" target="K2"/>
  <move id="303" source="I2" target="H2"/>
  <move id="304" source="K2" target="I2"/>
  <move id="305" source="I1" target="I2"/>
  <move id="306" source="I:" target="I9"/>
  <move id="307" source="C3" target="D3"/>
  <move id="308" source="I9" target="I8"/>
  <move id="309" source="D3" target="E3"/>
  <move id="310" source="I8" target="I7"/>
  <move id="311" source="H3" target="H4"/>
  <move id="312" source="I7" target="I6"/>
  <move id="313" source="E3" target="E4"/>
  <move id="314" source="I6" target="I5"/>
  <move id="315" source="E4" target="E5"/>
  <move id="316" source="I5" target="I4"/>
  <move id="317" source="H4" target="I4"/>
  <move id="318" source="A4" target="A3"/>
  <move id="319" source="B3" target="A3"/>
  <player id="1">Player 1</player>
  <player id="2">Player 2</player>
  <result type="3" winner="1"/>
 </game>
</stratego>