<?xml version="1.0" encoding="UTF-8"?>
<stratego>
 <game type="classic">
  
  <field content="EEEFBMBEGFBFHCKBHHEDGBIDLJIHBGDDDJGDIDDFAA__AA__AAAA__AA__AAPPWOURSPPPSRTVXTQTTRUQPNSVPNQUQPNRNQNYNS"/>
  <move id="1" source="F4" target="F5"/>
  <move id="2" source="A7" target="A6"/>
  <move id="3" source="F5" target="F6"/>
  <move id="4" source="A6" target="A5"/>
  <move id="5" source="E4" target="E5"/>
  <move id="6" source="A8" target="A7"/>
  <move id="7" source="E5" target="E6"/>
  <move id="8" source="A7" target="A6"/>
  <move id="9" source="E3" target="E4"/>
  <move id="10" source="A5" target="A4"/>
  <move id="11" source="E4" target="E5"/>
  <move id="12" source="A6" target="A5"/>
  <move id="13" source="F6" target="F7"/>
  <move id="14" source="A5" target="A4"/>
  <move id="15" source="E6" target="F6"/>
  <move id="16" source="A4" target="B4"/>
  <move id="17" source="G4" target="F4"/>
  <move id="18" source="B4" target="C4"/>
  <move id="19" source="C3" target="C4"/>
  <move id="20" source="B7" target="B3"/>
  <move id="21" source="D3" target="C3"/>
  <move id="22" source="B8" target="B7"/>
  <move id="23" source="D4" target="E4"/>
  <move id="24" source="B7" target="B6"/>
  <move id="25" source="E4" target="E3"/>
  <move id="26" source="B6" target="B5"/>
  <move id="27" source="C4" target="D4"/>
  <move id="28" source="B5" target="B4"/>
  <move id="29" source="D4" target="D3"/>
  <move id="30" source="B4" target="C4"/>
  <move id="31" source="C3" target="C4"/>
  <move id="32" source="C4" target="B4"/>
  <move id="33" source="E5" target="E6"/>
  <move id="34" source="B4" target="B5"/>
  <move id="35" source="F6" target="F7"/>
  <move id="36" source="F8" target="F7"/>
  <move id="37" source="F4" target="E4"/>
  <move id="38" source="B5" target="B6"/>
  <move id="39" source="H4" target="G4"/>
  <move id="40" source="B6" target="B7"/>
  <move id="41" source="G4" target="F4"/>
  <move id="42" source="B7" target="B8"/>
  <move id="43" source="F4" target="F5"/>
  <move id="44" source="B8" target="B7"/>
  <move id="45" source="F5" target="F6"/>
  <move id="46" source="F7" target="F8"/>
  <move id="47" source="F6" target="F7"/>
  <move id="48" source="G7" target="F7"/>
  <move id="49" source="E4" target="E5"/>
  <move id="50" source="F7" target="F6"/>
  <move id="51" source="E5" target="F5"/>
  <move id="52" source="F6" target="E6"/>
  <move id="53" source="F5" target="F6"/>
  <move id="54" source="H7" target="G7"/>
  <move id="55" source="F6" target="F7"/>
  <move id="56" source="G7" target="F7"/>
  <move id="57" source="F7" target="E7"/>
  <move id="58" source="F8" target="F7"/>
  <move id="59" source="E6" target="E7"/>
  <move id="60" source="D7" target="E7"/>
  <move id="61" source="E3" target="E4"/>
  <move id="62" source="B7" target="B6"/>
  <move id="63" source="E4" target="E5"/>
  <move id="64" source="B6" target="B5"/>
  <move id="65" source="E5" target="E6"/>
  <move id="66" source="B5" target="B4"/>
  <move id="67" source="E6" target="E7"/>
  <move id="68" source="E8" target="E7"/>
  <move id="69" source="E2" target="E3"/>
  <move id="70" source="B4" target="A4"/>
  <move id="71" source="E3" target="E4"/>
  <move id="72" source="A4" target="A3"/>
  <move id="73" source="I4" target="I5"/>
  <move id="74" source="F7" target="F8"/>
  <move id="75" source="I5" target="I6"/>
  <move id="76" source="E7" target="F7"/>
  <move id="77" source="E4" target="F4"/>
  <move id="78" source="F7" target="G7"/>
  <move id="79" source="F4" target="G4"/>
  <move id="80" source="C7" target="D7"/>
  <move id="81" source="G4" target="H4"/>
  <move id="82" source="D7" target="E7"/>
  <move id="83" source="H4" target="I4"/>
  <move id="84" source="G7" target="H7"/>
  <move id="85" source="I4" target="I5"/>
  <move id="86" source="E7" target="E6"/>
  <move id="87" source="I5" target="K5"/>
  <move id="88" source="E6" target="E5"/>
  <move id="89" source="K5" target="K6"/>
  <move id="90" source="I7" target="I6"/>
  <move id="91" source="K6" target="K7"/>
  <move id="92" source="I8" target="I7"/>
  <move id="93" source="K7" target="K8"/>
  <move id="94" source="I7" target="I6"/>
  <move id="95" source="K8" target="K9"/>
  <move id="96" source="H7" target="I7"/>
  <move id="97" source="K9" target="I9"/>
  <move id="98" source="I7" target="I8"/>
  <move id="99" source="I9" target="H9"/>
  <player id="1">Player 1</player>
  <player id="2">Player 2</player>
  <result type="3" winner="2"/>
 </game>
</stratego>