<?xml version="1.0" encoding="UTF-8"?>
<stratego>
 <game type="classic">
  
  <field content="EBEBIMBEBHHEBKHCIBHGFJDDGILGJFDFEDDFDGDDAA__AA__AAAA__AA__AAPQTRQUTXWVRUNRSPSSTPPTNQPVQPPPNOSNNUNYRQ"/>
  <move id="1" source="I4" target="I5"/>
  <move id="2" source="K7" target="K6"/>
  <move id="3" source="F4" target="F5"/>
  <move id="4" source="I7" target="K7"/>
  <move id="5" source="H4" target="I4"/>
  <move id="6" source="I8" target="I7"/>
  <move id="7" source="H3" target="H4"/>
  <move id="8" source="I7" target="I6"/>
  <move id="9" source="F3" target="F4"/>
  <move id="10" source="H7" target="I7"/>
  <move id="11" source="E4" target="E5"/>
  <move id="12" source="K8" target="I8"/>
  <move id="13" source="E3" target="E4"/>
  <move id="14" source="K7" target="K8"/>
  <move id="15" source="F5" target="F6"/>
  <move id="16" source="H8" target="H7"/>
  <move id="17" source="F4" target="F5"/>
  <move id="18" source="I8" target="H8"/>
  <move id="19" source="B4" target="B5"/>
  <move id="20" source="K8" target="I8"/>
  <move id="21" source="A4" target="A7"/>
  <move id="22" source="K6" target="K5"/>
  <move id="23" source="C4" target="B4"/>
  <move id="24" source="I6" target="I5"/>
  <move id="25" source="B4" target="A4"/>
  <move id="26" source="A8" target="A7"/>
  <move id="27" source="G3" target="F3"/>
  <move id="28" source="B8" target="A8"/>
  <move id="29" source="F3" target="E3"/>
  <move id="30" source="B7" target="B8"/>
  <move id="31" source="D4" target="C4"/>
  <move id="32" source="A7" target="A6"/>
  <move id="33" source="D3" target="D4"/>
  <move id="34" source="A8" target="A7"/>
  <move id="35" source="E4" target="F4"/>
  <move id="36" source="A6" target="A5"/>
  <move id="37" source="B3" target="B4"/>
  <move id="38" source="A5" target="A4"/>
  <move id="39" source="B4" target="B3"/>
  <move id="40" source="A4" target="A3"/>
  <move id="41" source="C4" target="B4"/>
  <move id="42" source="A7" target="A6"/>
  <move id="43" source="C3" target="C4"/>
  <move id="44" source="A6" target="A5"/>
  <move id="45" source="B5" target="B6"/>
  <move id="46" source="A5" target="A4"/>
  <move id="47" source="A2" target="A3"/>
  <move id="48" source="F7" target="F6"/>
  <move id="49" source="B4" target="A4"/>
  <move id="50" source="A4" target="A3"/>
  <move id="51" source="B3" target="A3"/>
  <move id="52" source="F6" target="F5"/>
  <move id="53" source="A3" target="B3"/>
  <move id="54" source="I7" target="I6"/>
  <move id="55" source="B3" target="C3"/>
  <move id="56" source="K5" target="K6"/>
  <move id="57" source="E3" target="E4"/>
  <move id="58" source="K6" target="K7"/>
  <move id="59" source="F4" target="F5"/>
  <move id="60" source="K7" target="I7"/>
  <move id="61" source="E4" target="F4"/>
  <move id="62" source="K9" target="K4"/>
  <move id="63" source="K3" target="K4"/>
  <move id="64" source="I9" target="K9"/>
  <move id="65" source="I3" target="K3"/>
  <move id="66" source="I5" target="I4"/>
  <move id="67" source="H4" target="H3"/>
  <move id="68" source="I6" target="I5"/>
  <move id="69" source="H3" target="G3"/>
  <move id="70" source="I4" target="I3"/>
  <move id="71" source="I2" target="I3"/>
  <move id="72" source="I5" target="I4"/>
  <move id="73" source="K4" target="I4"/>
  <move id="74" source="K9" target="K3"/>
  <move id="75" source="D2" target="D3"/>
  <move id="76" source="I8" target="K8"/>
  <move id="77" source="D3" target="E3"/>
  <move id="78" source="K8" target="K7"/>
  <move id="79" source="G4" target="H4"/>
  <move id="80" source="K7" target="K6"/>
  <move id="81" source="G3" target="H3"/>
  <move id="82" source="K6" target="K5"/>
  <move id="83" source="K3" target="I3"/>
  <move id="84" source="K5" target="K4"/>
  <move id="85" source="I3" target="I2"/>
  <move id="86" source="K4" target="K5"/>
  <move id="87" source="F4" target="G4"/>
  <move id="88" source="K5" target="I5"/>
  <move id="89" source="G4" target="G3"/>
  <move id="90" source="I4" target="I3"/>
  <move id="91" source="G3" target="G4"/>
  <move id="92" source="I3" target="I2"/>
  <move id="93" source="E3" target="E4"/>
  <move id="94" source="I2" target="I3"/>
  <move id="95" source="E5" target="E6"/>
  <move id="96" source="I3" target="H3"/>
  <move id="97" source="H4" target="I4"/>
  <move id="98" source="I5" target="K5"/>
  <move id="99" source="I4" target="K4"/>
  <move id="100" source="K5" target="I5"/>
  <move id="101" source="K4" target="I4"/>
  <move id="102" source="I5" target="I6"/>
  <move id="103" source="I4" target="I5"/>
  <move id="104" source="I6" target="K6"/>
  <move id="105" source="I5" target="K5"/>
  <move id="106" source="K6" target="K7"/>
  <move id="107" source="K5" target="K6"/>
  <move id="108" source="K7" target="K8"/>
  <move id="109" source="K6" target="K7"/>
  <move id="110" source="K8" target="I8"/>
  <move id="111" source="K7" target="K8"/>
  <move id="112" source="I8" target="I9"/>
  <move id="113" source="K8" target="K9"/>
  <move id="114" source="I7" target="I6"/>
  <move id="115" source="F2" target="F3"/>
  <move id="116" source="K:" target="K9"/>
  <move id="117" source="F3" target="G3"/>
  <move id="118" source="H3" target="I3"/>
  <move id="119" source="G4" target="H4"/>
  <move id="120" source="H8" target="K8"/>
  <move id="121" source="G3" target="H3"/>
  <move id="122" source="I3" target="K3"/>
  <move id="123" source="H4" target="I4"/>
  <move id="124" source="K3" target="K4"/>
  <move id="125" source="I4" target="I5"/>
  <move id="126" source="I6" target="I7"/>
  <move id="127" source="I5" target="I6"/>
  <move id="128" source="I7" target="I8"/>
  <move id="129" source="I6" target="I7"/>
  <move id="130" source="I8" target="H8"/>
  <move id="131" source="I7" target="I8"/>
  <move id="132" source="H7" target="I7"/>
  <move id="133" source="E4" target="E5"/>
  <move id="134" source="H8" target="H7"/>
  <move id="135" source="I8" target="I7"/>
  <move id="136" source="H9" target="H8"/>
  <move id="137" source="I7" target="H7"/>
  <move id="138" source="H8" target="H7"/>
  <move id="139" source="H3" target="G3"/>
  <move id="140" source="K4" target="K3"/>
  <move id="141" source="G3" target="F3"/>
  <move id="142" source="K8" target="K4"/>
  <move id="143" source="E6" target="E7"/>
  <move id="144" source="K9" target="K8"/>
  <move id="145" source="F5" target="F6"/>
  <move id="146" source="K8" target="K7"/>
  <move id="147" source="F6" target="E6"/>
  <move id="148" source="K7" target="K6"/>
  <move id="149" source="E6" target="E7"/>
  <move id="150" source="E8" target="E7"/>
  <move id="151" source="D4" target="E4"/>
  <move id="152" source="K6" target="I6"/>
  <move id="153" source="C4" target="D4"/>
  <move id="154" source="I9" target="K9"/>
  <move id="155" source="F3" target="F2"/>
  <move id="156" source="K9" target="K8"/>
  <move id="157" source="E4" target="K4"/>
  <move id="158" source="K8" target="K7"/>
  <move id="159" source="D4" target="I4"/>
  <move id="160" source="K7" target="K6"/>
  <move id="161" source="I4" target="I6"/>
  <move id="162" source="K6" target="K5"/>
  <move id="163" source="H7" target="I7"/>
  <move id="164" source="K5" target="I5"/>
  <move id="165" source="E5" target="F5"/>
  <move id="166" source="I5" target="I4"/>
  <move id="167" source="F5" target="F4"/>
  <move id="168" source="I4" target="H4"/>
  <move id="169" source="I7" target="I6"/>
  <move id="170" source="H4" target="H3"/>
  <move id="171" source="F4" target="F3"/>
  <player id="1">Player 1</player>
  <player id="2">Player 2</player>
  <result type="3" winner="1"/>
 </game>
</stratego>