<?xml version="1.0" encoding="UTF-8"?>
<stratego>
 <game type="classic">
  
  <field content="EDHFBMBFDFDJEHDBEBDEGHDJGDEBDBIGLIGHCKIFAA__AA__AAAA__AA__AARTWNUXQTURSVOUPSPVNSPPPPTRNPPTQRNQSNYNQQ"/>
  <move id="1" source="I4" target="I5"/>
  <move id="2" source="F7" target="F6"/>
  <move id="3" source="I5" target="I6"/>
  <move id="4" source="F6" target="F5"/>
  <move id="5" source="I3" target="I4"/>
  <move id="6" source="G7" target="F7"/>
  <move id="7" source="I4" target="I5"/>
  <move id="8" source="F7" target="F6"/>
  <move id="9" source="I5" target="K5"/>
  <move id="10" source="F6" target="E6"/>
  <move id="11" source="K5" target="K7"/>
  <move id="12" source="E6" target="E5"/>
  <move id="13" source="I6" target="K6"/>
  <move id="14" source="E5" target="E6"/>
  <move id="15" source="K6" target="K7"/>
  <move id="16" source="E6" target="F6"/>
  <move id="17" source="K7" target="K6"/>
  <move id="18" source="E7" target="E6"/>
  <move id="19" source="I2" target="I7"/>
  <move id="20" source="E6" target="E5"/>
  <move id="21" source="K4" target="I4"/>
  <move id="22" source="E5" target="E4"/>
  <move id="23" source="F4" target="F5"/>
  <move id="24" source="E4" target="D4"/>
  <move id="25" source="F3" target="F4"/>
  <move id="26" source="F5" target="E5"/>
  <move id="27" source="E3" target="E4"/>
  <move id="28" source="E5" target="E4"/>
  <move id="29" source="F4" target="F5"/>
  <move id="30" source="F6" target="F5"/>
  <move id="31" source="G3" target="F3"/>
  <move id="32" source="F5" target="F4"/>
  <move id="33" source="F3" target="F4"/>
  <move id="34" source="E8" target="E7"/>
  <move id="35" source="C4" target="D4"/>
  <move id="36" source="E4" target="F4"/>
  <move id="37" source="G4" target="F4"/>
  <move id="38" source="E7" target="F7"/>
  <move id="39" source="I4" target="I3"/>
  <move id="40" source="F7" target="F4"/>
  <move id="41" source="H4" target="I4"/>
  <move id="42" source="F4" target="D4"/>
  <move id="43" source="I4" target="I5"/>
  <move id="44" source="I7" target="K7"/>
  <move id="45" source="K6" target="K5"/>
  <move id="46" source="K7" target="K6"/>
  <move id="47" source="K5" target="K4"/>
  <move id="48" source="A7" target="A6"/>
  <move id="49" source="I5" target="K5"/>
  <move id="50" source="K6" target="I6"/>
  <move id="51" source="D3" target="E3"/>
  <move id="52" source="A6" target="A5"/>
  <move id="53" source="D4" target="E4"/>
  <move id="54" source="A5" target="A4"/>
  <move id="55" source="B4" target="B5"/>
  <move id="56" source="B7" target="B6"/>
  <move id="57" source="A4" target="B4"/>
  <move id="58" source="C7" target="B7"/>
  <move id="59" source="E3" target="F3"/>
  <move id="60" source="B7" target="A7"/>
  <move id="61" source="A3" target="A4"/>
  <move id="62" source="A7" target="A6"/>
  <move id="63" source="F3" target="G3"/>
  <move id="64" source="A6" target="A5"/>
  <move id="65" source="G3" target="G4"/>
  <move id="66" source="A5" target="A4"/>
  <move id="67" source="B4" target="C4"/>
  <move id="68" source="A4" target="B4"/>
  <move id="69" source="E4" target="D4"/>
  <move id="70" source="B4" target="B5"/>
  <move id="71" source="G4" target="H4"/>
  <move id="72" source="B5" target="B4"/>
  <move id="73" source="K5" target="K6"/>
  <move id="74" source="B4" target="B3"/>
  <move id="75" source="K6" target="I6"/>
  <move id="76" source="B3" target="C3"/>
  <move id="77" source="H4" target="G4"/>
  <move id="78" source="B6" target="B5"/>
  <move id="79" source="G4" target="F4"/>
  <move id="80" source="B5" target="B6"/>
  <move id="81" source="I6" target="I5"/>
  <move id="82" source="B6" target="B7"/>
  <move id="83" source="I5" target="I4"/>
  <move id="84" source="G8" target="G7"/>
  <move id="85" source="I4" target="H4"/>
  <move id="86" source="G7" target="F7"/>
  <move id="87" source="H4" target="G4"/>
  <move id="88" source="F7" target="F6"/>
  <move id="89" source="F4" target="F3"/>
  <move id="90" source="F6" target="F5"/>
  <move id="91" source="G4" target="F4"/>
  <move id="92" source="F5" target="F4"/>
  <move id="93" source="F3" target="G3"/>
  <move id="94" source="H7" target="G7"/>
  <move id="95" source="G3" target="G4"/>
  <move id="96" source="G7" target="F7"/>
  <move id="97" source="G4" target="H4"/>
  <move id="98" source="F7" target="F6"/>
  <move id="99" source="F4" target="F5"/>
  <move id="100" source="F6" target="F7"/>
  <move id="101" source="H4" target="I4"/>
  <move id="102" source="H8" target="H7"/>
  <move id="103" source="I4" target="I5"/>
  <move id="104" source="H7" target="I7"/>
  <move id="105" source="I5" target="I6"/>
  <move id="106" source="I7" target="I6"/>
  <move id="107" source="I3" target="I4"/>
  <move id="108" source="B7" target="A7"/>
  <move id="109" source="A2" target="A7"/>
  <move id="110" source="A7" target="A6"/>
  <move id="111" source="B2" target="A2"/>
  <move id="112" source="A6" target="A5"/>
  <move id="113" source="A2" target="A3"/>
  <move id="114" source="A5" target="B5"/>
  <move id="115" source="F5" target="F6"/>
  <move id="116" source="F7" target="G7"/>
  <move id="117" source="I4" target="I5"/>
  <move id="118" source="B8" target="B7"/>
  <move id="119" source="E2" target="E7"/>
  <move id="120" source="B7" target="A7"/>
  <move id="121" source="E7" target="D7"/>
  <move id="122" source="A7" target="A6"/>
  <move id="123" source="A3" target="A4"/>
  <move id="124" source="A6" target="A5"/>
  <move id="125" source="A4" target="A5"/>
  <move id="126" source="B5" target="A5"/>
  <move id="127" source="C4" target="B4"/>
  <move id="128" source="C3" target="B3"/>
  <move id="129" source="B4" target="A4"/>
  <move id="130" source="A5" target="A6"/>
  <move id="131" source="D4" target="C4"/>
  <move id="132" source="A6" target="B6"/>
  <move id="133" source="F6" target="F7"/>
  <move id="134" source="G7" target="H7"/>
  <move id="135" source="K4" target="K5"/>
  <move id="136" source="H7" target="I7"/>
  <move id="137" source="K5" target="K6"/>
  <move id="138" source="B6" target="B7"/>
  <move id="139" source="I5" target="I4"/>
  <move id="140" source="B7" target="B6"/>
  <move id="141" source="I4" target="H4"/>
  <move id="142" source="B3" target="A3"/>
  <move id="143" source="C4" target="B4"/>
  <move id="144" source="B6" target="B5"/>
  <move id="145" source="A4" target="A5"/>
  <move id="146" source="B5" target="B6"/>
  <move id="147" source="A5" target="A6"/>
  <move id="148" source="B6" target="B7"/>
  <move id="149" source="A6" target="A7"/>
  <move id="150" source="B7" target="B6"/>
  <move id="151" source="H4" target="G4"/>
  <move id="152" source="A3" target="A2"/>
  <move id="153" source="B4" target="B3"/>
  <move id="154" source="A2" target="A1"/>
  <move id="155" source="B3" target="B2"/>
  <move id="156" source="A1" target="B1"/>
  <move id="157" source="B2" target="B1"/>
  <move id="158" source="B6" target="B5"/>
  <move id="159" source="B1" target="B2"/>
  <move id="160" source="B5" target="B4"/>
  <move id="161" source="F7" target="F6"/>
  <move id="162" source="B4" target="C4"/>
  <move id="163" source="D2" target="D3"/>
  <move id="164" source="I7" target="H7"/>
  <move id="165" source="F6" target="F5"/>
  <move id="166" source="H7" target="H8"/>
  <move id="167" source="F5" target="F4"/>
  <move id="168" source="D8" target="E8"/>
  <move id="169" source="F4" target="E4"/>
  <move id="170" source="E8" target="E7"/>
  <move id="171" source="B2" target="B3"/>
  <move id="172" source="E7" target="F7"/>
  <move id="173" source="E4" target="D4"/>
  <move id="174" source="F7" target="G7"/>
  <move id="175" source="D4" target="C4"/>
  <move id="176" source="G7" target="H7"/>
  <move id="177" source="C4" target="D4"/>
  <move id="178" source="H7" target="I7"/>
  <move id="179" source="D4" target="E4"/>
  <move id="180" source="I7" target="I6"/>
  <move id="181" source="K6" target="I6"/>
  <move id="182" source="D9" target="D8"/>
  <move id="183" source="E4" target="E5"/>
  <move id="184" source="D8" target="E8"/>
  <move id="185" source="E5" target="E6"/>
  <move id="186" source="E8" target="D8"/>
  <move id="187" source="E6" target="E7"/>
  <move id="188" source="H8" target="H7"/>
  <move id="189" source="E7" target="E8"/>
  <move id="190" source="D8" target="D9"/>
  <move id="191" source="E8" target="D8"/>
  <move id="192" source="H7" target="I7"/>
  <move id="193" source="D8" target="D9"/>
  <move id="194" source="I7" target="I6"/>
  <move id="195" source="I1" target="I6"/>
  <move id="196" source="I6" target="I5"/>
  <move id="197" source="B3" target="B4"/>
  <move id="198" source="I5" target="I4"/>
  <move id="199" source="B4" target="C4"/>
  <move id="200" source="I4" target="I3"/>
  <move id="201" source="G4" target="F4"/>
  <move id="202" source="I3" target="I2"/>
  <move id="203" source="C4" target="D4"/>
  <move id="204" source="I2" target="I1"/>
  <move id="205" source="D4" target="E4"/>
  <move id="206" source="I1" target="K1"/>
  <move id="207" source="K2" target="I2"/>
  <move id="208" source="K1" target="K2"/>
  <move id="209" source="I2" target="I3"/>
  <move id="210" source="K2" target="I2"/>
  <move id="211" source="I3" target="I4"/>
  <move id="212" source="I2" target="H2"/>
  <move id="213" source="E4" target="E5"/>
  <move id="214" source="K8" target="K7"/>
  <move id="215" source="I4" target="I5"/>
  <move id="216" source="K7" target="K6"/>
  <move id="217" source="E5" target="F5"/>
  <move id="218" source="K6" target="K5"/>
  <move id="219" source="I5" target="I6"/>
  <move id="220" source="K5" target="I5"/>
  <move id="221" source="I6" target="I7"/>
  <move id="222" source="I5" target="I4"/>
  <move id="223" source="F4" target="E4"/>
  <move id="224" source="I4" target="I3"/>
  <move id="225" source="F5" target="F4"/>
  <move id="226" source="I3" target="I2"/>
  <move id="227" source="F4" target="G4"/>
  <move id="228" source="I2" target="I1"/>
  <move id="229" source="G4" target="H4"/>
  <move id="230" source="I1" target="H1"/>
  <move id="231" source="H4" target="I4"/>
  <move id="232" source="H1" target="G1"/>
  <move id="233" source="D9" target="D8"/>
  <move id="234" source="B9" target="B3"/>
  <move id="235" source="E4" target="E5"/>
  <move id="236" source="B3" target="A3"/>
  <move id="237" source="E5" target="E6"/>
  <move id="238" source="A3" target="A4"/>
  <move id="239" source="E6" target="E7"/>
  <move id="240" source="A4" target="B4"/>
  <move id="241" source="E7" target="E8"/>
  <move id="242" source="B4" target="C4"/>
  <move id="243" source="E8" target="E9"/>
  <move id="244" source="C4" target="B4"/>
  <move id="245" source="A7" target="A6"/>
  <move id="246" source="B4" target="B5"/>
  <move id="247" source="A6" target="A5"/>
  <move id="248" source="B5" target="B4"/>
  <move id="249" source="A5" target="A4"/>
  <move id="250" source="B4" target="B3"/>
  <move id="251" source="A4" target="B4"/>
  <move id="252" source="B3" target="A3"/>
  <move id="253" source="B4" target="C4"/>
  <move id="254" source="A3" target="A4"/>
  <move id="255" source="C4" target="D4"/>
  <move id="256" source="A4" target="B4"/>
  <move id="257" source="D4" target="E4"/>
  <move id="258" source="A9" target="B9"/>
  <move id="259" source="E4" target="E5"/>
  <move id="260" source="B9" target="B8"/>
  <move id="261" source="I4" target="H4"/>
  <move id="262" source="B8" target="B7"/>
  <move id="263" source="H4" target="G4"/>
  <move id="264" source="B7" target="B6"/>
  <move id="265" source="G4" target="F4"/>
  <move id="266" source="B6" target="A6"/>
  <move id="267" source="C1" target="B1"/>
  <move id="268" source="A6" target="A5"/>
  <move id="269" source="E5" target="E6"/>
  <move id="270" source="A5" target="A4"/>
  <move id="271" source="B1" target="B2"/>
  <move id="272" source="A4" target="A3"/>
  <move id="273" source="D3" target="D4"/>
  <move id="274" source="A3" target="E3"/>
  <move id="275" source="E6" target="E7"/>
  <move id="276" source="E3" target="E1"/>
  <move id="277" source="E7" target="E8"/>
  <move id="278" source="A:" target="A9"/>
  <move id="279" source="E8" target="E9"/>
  <move id="280" source="A9" target="B9"/>
  <move id="281" source="D8" target="E8"/>
  <move id="282" source="B9" target="B8"/>
  <move id="283" source="D4" target="C4"/>
  <move id="284" source="B4" target="B3"/>
  <move id="285" source="B2" target="B3"/>
  <move id="286" source="B8" target="B7"/>
  <move id="287" source="C4" target="B4"/>
  <move id="288" source="B7" target="B6"/>
  <move id="289" source="E8" target="E7"/>
  <move id="290" source="K9" target="K8"/>
  <move id="291" source="I7" target="H7"/>
  <move id="292" source="K8" target="K7"/>
  <move id="293" source="F4" target="G4"/>
  <move id="294" source="K7" target="K6"/>
  <move id="295" source="G4" target="H4"/>
  <move id="296" source="K6" target="K5"/>
  <move id="297" source="H4" target="I4"/>
  <move id="298" source="K5" target="K4"/>
  <player id="1">Player 1</player>
  <player id="2">Player 2</player>
  <result type="3" winner="1"/>
 </game>
</stratego>