<?xml version="1.0" encoding="UTF-8"?>
<stratego>
 <game type="classic">
  
  <field content="EDHFBMBFDFDJEHDBEBDEGHDJGDEBDBIGLIGHCKIFAA__AA__AAAA__AA__AAQTPPSTUTRQRNXNVOTWUVNRNSPQQUPPRNYNSPQSPP"/>
  <move id="1" source="F4" target="F5"/>
  <move id="2" source="B7" target="B6"/>
  <move id="3" source="F5" target="F6"/>
  <move id="4" source="B6" target="B5"/>
  <move id="5" source="A4" target="A5"/>
  <move id="6" source="B5" target="A5"/>
  <move id="7" source="B4" target="B5"/>
  <move id="8" source="C7" target="B7"/>
  <move id="9" source="B5" target="B6"/>
  <move id="10" source="B7" target="B6"/>
  <move id="11" source="B6" target="A6"/>
  <move id="12" source="A7" target="B7"/>
  <move id="13" source="A3" target="A4"/>
  <move id="14" source="E7" target="E6"/>
  <move id="15" source="F6" target="E6"/>
  <move id="16" source="F7" target="F6"/>
  <move id="17" source="E6" target="F6"/>
  <move id="18" source="G7" target="F7"/>
  <move id="19" source="E4" target="F4"/>
  <move id="20" source="D7" target="E7"/>
  <move id="21" source="E3" target="E4"/>
  <move id="22" source="E7" target="E6"/>
  <move id="23" source="E4" target="E5"/>
  <move id="24" source="F7" target="F6"/>
  <move id="25" source="E5" target="E6"/>
  <move id="26" source="F6" target="E6"/>
  <move id="27" source="F4" target="F5"/>
  <move id="28" source="H7" target="G7"/>
  <move id="29" source="E2" target="E3"/>
  <move id="30" source="G7" target="F7"/>
  <move id="31" source="E3" target="E4"/>
  <move id="32" source="H8" target="H7"/>
  <move id="33" source="E4" target="E5"/>
  <move id="34" source="E6" target="E7"/>
  <move id="35" source="F5" target="F6"/>
  <move id="36" source="B7" target="A7"/>
  <move id="37" source="A6" target="A7"/>
  <move id="38" source="H7" target="G7"/>
  <move id="39" source="E5" target="E6"/>
  <move id="40" source="E7" target="D7"/>
  <move id="41" source="F6" target="F7"/>
  <move id="42" source="D7" target="C7"/>
  <move id="43" source="A5" target="B5"/>
  <move id="44" source="C7" target="B7"/>
  <move id="45" source="A7" target="A8"/>
  <move id="46" source="C8" target="C7"/>
  <move id="47" source="A4" target="A5"/>
  <move id="48" source="B7" target="A7"/>
  <move id="49" source="A8" target="B8"/>
  <move id="50" source="C7" target="B7"/>
  <move id="51" source="A5" target="A6"/>
  <move id="52" source="A7" target="A8"/>
  <move id="53" source="A6" target="B6"/>
  <move id="54" source="B7" target="B6"/>
  <move id="55" source="B5" target="A5"/>
  <move id="56" source="F7" target="E7"/>
  <move id="57" source="E6" target="F6"/>
  <move id="58" source="G7" target="F7"/>
  <move id="59" source="D4" target="E4"/>
  <move id="60" source="E7" target="D7"/>
  <move id="61" source="E4" target="E5"/>
  <move id="62" source="D7" target="C7"/>
  <move id="63" source="E5" target="E6"/>
  <move id="64" source="C7" target="B7"/>
  <move id="65" source="D3" target="E3"/>
  <move id="66" source="B7" target="A7"/>
  <move id="67" source="C4" target="D4"/>
  <move id="68" source="A7" target="A6"/>
  <move id="69" source="C3" target="C4"/>
  <move id="70" source="A6" target="A7"/>
  <move id="71" source="C4" target="B4"/>
  <move id="72" source="A7" target="B7"/>
  <move id="73" source="E3" target="E4"/>
  <move id="74" source="B7" target="C7"/>
  <move id="75" source="E4" target="F4"/>
  <move id="76" source="C7" target="C8"/>
  <move id="77" source="F6" target="F7"/>
  <move id="78" source="I7" target="H7"/>
  <move id="79" source="F3" target="E3"/>
  <move id="80" source="H7" target="G7"/>
  <move id="81" source="E3" target="E4"/>
  <move id="82" source="F7" target="E7"/>
  <move id="83" source="E6" target="F6"/>
  <move id="84" source="G7" target="F7"/>
  <move id="85" source="E4" target="E5"/>
  <move id="86" source="E7" target="D7"/>
  <move id="87" source="E5" target="E6"/>
  <move id="88" source="D7" target="C7"/>
  <move id="89" source="B4" target="C4"/>
  <move id="90" source="B6" target="B5"/>
  <move id="91" source="A5" target="A4"/>
  <move id="92" source="C7" target="B7"/>
  <move id="93" source="C4" target="C3"/>
  <move id="94" source="B7" target="B6"/>
  <move id="95" source="D4" target="C4"/>
  <move id="96" source="B5" target="A5"/>
  <move id="97" source="A4" target="B4"/>
  <move id="98" source="B6" target="B5"/>
  <move id="99" source="A2" target="A3"/>
  <move id="100" source="A5" target="A4"/>
  <move id="101" source="F6" target="F5"/>
  <move id="102" source="B5" target="B4"/>
  <move id="103" source="C4" target="B4"/>
  <move id="104" source="A4" target="A3"/>
  <move id="105" source="B3" target="A3"/>
  <move id="106" source="A3" target="A4"/>
  <move id="107" source="B4" target="A4"/>
  <move id="108" source="F7" target="F6"/>
  <move id="109" source="F5" target="E5"/>
  <move id="110" source="F6" target="E6"/>
  <move id="111" source="F4" target="F5"/>
  <move id="112" source="E8" target="E7"/>
  <move id="113" source="F5" target="F6"/>
  <move id="114" source="E6" target="F6"/>
  <move id="115" source="B2" target="A2"/>
  <move id="116" source="K7" target="K6"/>
  <move id="117" source="A2" target="A3"/>
  <move id="118" source="K8" target="K7"/>
  <move id="119" source="A3" target="A4"/>
  <move id="120" source="A8" target="A7"/>
  <move id="121" source="A4" target="A5"/>
  <move id="122" source="A7" target="B7"/>
  <move id="123" source="A5" target="B5"/>
  <move id="124" source="B7" target="C7"/>
  <move id="125" source="B5" target="B6"/>
  <move id="126" source="C7" target="D7"/>
  <move id="127" source="B6" target="B7"/>
  <move id="128" source="E7" target="E6"/>
  <move id="129" source="E5" target="E4"/>
  <move id="130" source="E6" target="F6"/>
  <move id="131" source="G4" target="F4"/>
  <move id="132" source="K6" target="K5"/>
  <move id="133" source="F4" target="F5"/>
  <move id="134" source="K7" target="K6"/>
  <move id="135" source="H4" target="G4"/>
  <move id="136" source="D7" target="E7"/>
  <move id="137" source="F5" target="F6"/>
  <move id="138" source="F8" target="F7"/>
  <move id="139" source="G4" target="F4"/>
  <move id="140" source="F7" target="F6"/>
  <move id="141" source="F4" target="F5"/>
  <move id="142" source="E7" target="F7"/>
  <move id="143" source="F5" target="F6"/>
  <move id="144" source="F7" target="G7"/>
  <move id="145" source="F6" target="F7"/>
  <move id="146" source="G7" target="H7"/>
  <move id="147" source="F7" target="G7"/>
  <move id="148" source="H7" target="I7"/>
  <move id="149" source="G7" target="H7"/>
  <move id="150" source="K5" target="K4"/>
  <move id="151" source="H7" target="I7"/>
  <move id="152" source="K6" target="K5"/>
  <move id="153" source="I7" target="I6"/>
  <move id="154" source="K5" target="K4"/>
  <move id="155" source="I6" target="I5"/>
  <move id="156" source="K4" target="K3"/>
  <move id="157" source="B7" target="C7"/>
  <move id="158" source="I8" target="I7"/>
  <move id="159" source="I5" target="I6"/>
  <move id="160" source="I7" target="H7"/>
  <move id="161" source="C7" target="D7"/>
  <move id="162" source="H7" target="G7"/>
  <move id="163" source="D7" target="E7"/>
  <move id="164" source="G7" target="F7"/>
  <player id="1">Player 1</player>
  <player id="2">Player 2</player>
  <result type="3" winner="1"/>
 </game>
</stratego>