<?xml version="1.0" encoding="UTF-8"?>
<stratego>
 <game type="classic">
  
  <field content="FEFBFEBBEFMJBBCDEDEBIGLDKHDHHJGDIHDGIDDGAA__AA__AAAA__AA__AANPUPSPWTRSRSQRPTOPUVPPXQVURSNTQTPNNQQNYN"/>
  <move id="1" source="K4" target="K5"/>
  <move id="2" source="I7" target="I6"/>
  <move id="3" source="K5" target="K6"/>
  <move id="4" source="I8" target="I7"/>
  <move id="5" source="K6" target="K7"/>
  <move id="6" source="I6" target="K6"/>
  <move id="7" source="I4" target="K4"/>
  <move id="8" source="I7" target="K7"/>
  <move id="9" source="H4" target="I4"/>
  <move id="10" source="K6" target="I6"/>
  <move id="11" source="K4" target="K7"/>
  <move id="12" source="K7" target="K6"/>
  <move id="13" source="I4" target="I5"/>
  <move id="14" source="I6" target="I7"/>
  <move id="15" source="F4" target="F5"/>
  <move id="16" source="I7" target="I8"/>
  <move id="17" source="F5" target="F6"/>
  <move id="18" source="F7" target="F6"/>
  <move id="19" source="F6" target="F5"/>
  <move id="20" source="F8" target="F7"/>
  <move id="21" source="F5" target="F4"/>
  <move id="22" source="F7" target="F6"/>
  <move id="23" source="I3" target="I4"/>
  <move id="24" source="F6" target="F5"/>
  <move id="25" source="I4" target="K4"/>
  <move id="26" source="I8" target="I7"/>
  <move id="27" source="K4" target="K5"/>
  <move id="28" source="K6" target="I6"/>
  <move id="29" source="I5" target="I4"/>
  <move id="30" source="I7" target="K7"/>
  <move id="31" source="I4" target="H4"/>
  <move id="32" source="B7" target="B6"/>
  <move id="33" source="K3" target="K4"/>
  <move id="34" source="C7" target="B7"/>
  <move id="35" source="K4" target="I4"/>
  <move id="36" source="B6" target="B5"/>
  <move id="37" source="I4" target="I5"/>
  <move id="38" source="I6" target="I5"/>
  <move id="39" source="I5" target="I4"/>
  <move id="40" source="B5" target="B4"/>
  <move id="41" source="I4" target="I3"/>
  <move id="42" source="B7" target="B6"/>
  <move id="43" source="H4" target="I4"/>
  <move id="44" source="B6" target="B5"/>
  <move id="45" source="H3" target="H4"/>
  <move id="46" source="H7" target="I7"/>
  <move id="47" source="I3" target="H3"/>
  <move id="48" source="I7" target="I6"/>
  <move id="49" source="E4" target="E7"/>
  <move id="50" source="E7" target="F7"/>
  <move id="51" source="D4" target="E4"/>
  <move id="52" source="F7" target="F8"/>
  <move id="53" source="E4" target="E5"/>
  <move id="54" source="F5" target="F4"/>
  <move id="55" source="G4" target="F4"/>
  <move id="56" source="E8" target="E7"/>
  <move id="57" source="E5" target="E4"/>
  <move id="58" source="B5" target="A5"/>
  <move id="59" source="C4" target="B4"/>
  <move id="60" source="I6" target="I5"/>
  <move id="61" source="K5" target="K6"/>
  <move id="62" source="K7" target="K6"/>
  <move id="63" source="K6" target="K7"/>
  <move id="64" source="K8" target="K7"/>
  <move id="65" source="I4" target="I5"/>
  <move id="66" source="I5" target="I6"/>
  <move id="67" source="H3" target="I3"/>
  <move id="68" source="I6" target="I7"/>
  <move id="69" source="I3" target="I4"/>
  <move id="70" source="I7" target="I8"/>
  <move id="71" source="I4" target="I5"/>
  <move id="72" source="H8" target="H7"/>
  <move id="73" source="I5" target="I6"/>
  <move id="74" source="E7" target="E6"/>
  <move id="75" source="I6" target="K6"/>
  <move id="76" source="K7" target="I7"/>
  <move id="77" source="H2" target="H3"/>
  <move id="78" source="E6" target="E5"/>
  <move id="79" source="H3" target="I3"/>
  <move id="80" source="E9" target="E8"/>
  <move id="81" source="I3" target="I4"/>
  <move id="82" source="E8" target="E7"/>
  <move id="83" source="K6" target="K7"/>
  <move id="84" source="I7" target="I6"/>
  <move id="85" source="I4" target="I5"/>
  <move id="86" source="I6" target="I5"/>
  <move id="87" source="G3" target="H3"/>
  <move id="88" source="I5" target="I6"/>
  <move id="89" source="H3" target="I3"/>
  <move id="90" source="I6" target="K6"/>
  <move id="91" source="K7" target="K6"/>
  <move id="92" source="E7" target="E6"/>
  <move id="93" source="H4" target="I4"/>
  <move id="94" source="A5" target="B5"/>
  <move id="95" source="B4" target="B5"/>
  <move id="96" source="D7" target="C7"/>
  <move id="97" source="I4" target="I5"/>
  <move id="98" source="H7" target="I7"/>
  <move id="99" source="I5" target="I6"/>
  <move id="100" source="C7" target="B7"/>
  <move id="101" source="I6" target="I7"/>
  <move id="102" source="I8" target="K8"/>
  <move id="103" source="I7" target="K7"/>
  <move id="104" source="K8" target="I8"/>
  <move id="105" source="K7" target="I7"/>
  <move id="106" source="I8" target="H8"/>
  <move id="107" source="I3" target="K3"/>
  <move id="108" source="B7" target="B3"/>
  <move id="109" source="D3" target="D4"/>
  <move id="110" source="B8" target="B7"/>
  <move id="111" source="F4" target="G4"/>
  <move id="112" source="B7" target="B6"/>
  <move id="113" source="G4" target="H4"/>
  <move id="114" source="B6" target="B5"/>
  <move id="115" source="H4" target="I4"/>
  <move id="116" source="B5" target="B4"/>
  <move id="117" source="B3" target="B4"/>
  <move id="118" source="D8" target="D7"/>
  <move id="119" source="K3" target="K4"/>
  <move id="120" source="D7" target="C7"/>
  <move id="121" source="K4" target="K5"/>
  <move id="122" source="E6" target="F6"/>
  <move id="123" source="K5" target="K6"/>
  <move id="124" source="F6" target="F5"/>
  <move id="125" source="K6" target="K7"/>
  <move id="126" source="F5" target="F4"/>
  <move id="127" source="K7" target="K8"/>
  <move id="128" source="F4" target="G4"/>
  <move id="129" source="I4" target="I3"/>
  <move id="130" source="E5" target="F5"/>
  <move id="131" source="I7" target="I8"/>
  <move id="132" source="H8" target="H7"/>
  <move id="133" source="K8" target="K9"/>
  <move id="134" source="C7" target="D7"/>
  <move id="135" source="I3" target="K3"/>
  <move id="136" source="K9" target="K8"/>
  <move id="137" source="K3" target="K4"/>
  <move id="138" source="K8" target="I8"/>
  <move id="139" source="K4" target="K5"/>
  <move id="140" source="H7" target="I7"/>
  <move id="141" source="K5" target="K6"/>
  <move id="142" source="G7" target="H7"/>
  <move id="143" source="I2" target="I3"/>
  <move id="144" source="G8" target="H8"/>
  <move id="145" source="K6" target="K5"/>
  <move id="146" source="D7" target="E7"/>
  <move id="147" source="I3" target="I4"/>
  <move id="148" source="F8" target="E8"/>
  <move id="149" source="K5" target="K4"/>
  <move id="150" source="E8" target="D8"/>
  <move id="151" source="K4" target="K3"/>
  <move id="152" source="D8" target="D7"/>
  <move id="153" source="K3" target="I3"/>
  <move id="154" source="D7" target="C7"/>
  <move id="155" source="I3" target="H3"/>
  <move id="156" source="C7" target="B7"/>
  <move id="157" source="I4" target="H4"/>
  <move id="158" source="G4" target="F4"/>
  <move id="159" source="H4" target="G4"/>
  <move id="160" source="B7" target="B6"/>
  <move id="161" source="G4" target="F4"/>
  <move id="162" source="F4" target="G4"/>
  <move id="163" source="E4" target="E5"/>
  <move id="164" source="F5" target="F4"/>
  <move id="165" source="H3" target="I3"/>
  <move id="166" source="B6" target="B5"/>
  <move id="167" source="G2" target="H2"/>
  <move id="168" source="B5" target="B4"/>
  <move id="169" source="A4" target="B4"/>
  <move id="170" source="F4" target="D4"/>
  <move id="171" source="F2" target="G2"/>
  <move id="172" source="G4" target="H4"/>
  <move id="173" source="G2" target="G3"/>
  <move id="174" source="F9" target="F8"/>
  <move id="175" source="I3" target="K3"/>
  <move id="176" source="H4" target="I4"/>
  <move id="177" source="G3" target="G4"/>
  <move id="178" source="I7" target="K7"/>
  <move id="179" source="G4" target="H4"/>
  <move id="180" source="I4" target="K4"/>
  <move id="181" source="K3" target="I3"/>
  <move id="182" source="H8" target="I8"/>
  <move id="183" source="I3" target="H3"/>
  <move id="184" source="K4" target="K5"/>
  <move id="185" source="H4" target="I4"/>
  <move id="186" source="K5" target="K6"/>
  <move id="187" source="E5" target="E6"/>
  <move id="188" source="F8" target="F7"/>
  <move id="189" source="E6" target="F6"/>
  <move id="190" source="F7" target="F6"/>
  <move id="191" source="I4" target="H4"/>
  <move id="192" source="F6" target="F7"/>
  <move id="193" source="H4" target="G4"/>
  <move id="194" source="I8" target="I7"/>
  <move id="195" source="G4" target="F4"/>
  <move id="196" source="F7" target="F8"/>
  <move id="197" source="F4" target="E4"/>
  <move id="198" source="F8" target="E8"/>
  <move id="199" source="E4" target="E7"/>
  <move id="200" source="I7" target="I6"/>
  <move id="201" source="F3" target="F4"/>
  <move id="202" source="I6" target="I5"/>
  <move id="203" source="F4" target="F5"/>
  <move id="204" source="H7" target="G7"/>
  <move id="205" source="F5" target="F6"/>
  <move id="206" source="E7" target="F7"/>
  <move id="207" source="F6" target="F7"/>
  <move id="208" source="G7" target="F7"/>
  <move id="209" source="E3" target="E4"/>
  <move id="210" source="E8" target="D8"/>
  <move id="211" source="E4" target="E5"/>
  <move id="212" source="C8" target="C7"/>
  <move id="213" source="E5" target="E6"/>
  <move id="214" source="C7" target="D7"/>
  <move id="215" source="E6" target="F6"/>
  <move id="216" source="F7" target="E7"/>
  <move id="217" source="F6" target="F7"/>
  <move id="218" source="E7" target="E6"/>
  <move id="219" source="C3" target="D3"/>
  <move id="220" source="D7" target="E7"/>
  <move id="221" source="F7" target="F6"/>
  <move id="222" source="E6" target="E5"/>
  <move id="223" source="D3" target="E3"/>
  <move id="224" source="E7" target="F7"/>
  <move id="225" source="F6" target="E6"/>
  <move id="226" source="E5" target="F5"/>
  <move id="227" source="E3" target="F3"/>
  <move id="228" source="F7" target="E7"/>
  <move id="229" source="E6" target="F6"/>
  <move id="230" source="F5" target="E5"/>
  <move id="231" source="F3" target="F4"/>
  <move id="232" source="I5" target="I4"/>
  <move id="233" source="F4" target="E4"/>
  <move id="234" source="E5" target="E4"/>
  <move id="235" source="F6" target="F5"/>
  <move id="236" source="D8" target="C8"/>
  <move id="237" source="F5" target="F4"/>
  <move id="238" source="C8" target="B8"/>
  <move id="239" source="F4" target="F3"/>
  <move id="240" source="B8" target="B7"/>
  <move id="241" source="E4" target="D4"/>
  <move id="242" source="E7" target="E6"/>
  <move id="243" source="D4" target="C4"/>
  <move id="244" source="E6" target="E5"/>
  <move id="245" source="F3" target="E3"/>
  <move id="246" source="B7" target="C7"/>
  <move id="247" source="H2" target="G2"/>
  <move id="248" source="C7" target="D7"/>
  <move id="249" source="G2" target="G3"/>
  <move id="250" source="D7" target="E7"/>
  <move id="251" source="G3" target="F3"/>
  <move id="252" source="E7" target="E6"/>
  <move id="253" source="F3" target="F4"/>
  <move id="254" source="K7" target="I7"/>
  <move id="255" source="C4" target="D4"/>
  <move id="256" source="I7" target="H7"/>
  <move id="257" source="F4" target="E4"/>
  <move id="258" source="H7" target="H8"/>
  <move id="259" source="H3" target="G3"/>
  <move id="260" source="K6" target="K5"/>
  <move id="261" source="G3" target="F3"/>
  <move id="262" source="K5" target="I5"/>
  <move id="263" source="F3" target="F4"/>
  <move id="264" source="B9" target="B8"/>
  <move id="265" source="F4" target="F5"/>
  <move id="266" source="B8" target="B7"/>
  <move id="267" source="F5" target="E5"/>
  <move id="268" source="E6" target="E5"/>
  <move id="269" source="E4" target="F4"/>
  <move id="270" source="I4" target="I3"/>
  <move id="271" source="F4" target="F3"/>
  <move id="272" source="B7" target="K7"/>
  <move id="273" source="F3" target="F4"/>
  <move id="274" source="K7" target="K2"/>
  <move id="275" source="F4" target="F5"/>
  <move id="276" source="I3" target="H3"/>
  <move id="277" source="F5" target="F6"/>
  <move id="278" source="I5" target="I4"/>
  <move id="279" source="F6" target="F7"/>
  <move id="280" source="B:" target="B9"/>
  <move id="281" source="F7" target="F8"/>
  <move id="282" source="H8" target="H7"/>
  <move id="283" source="F8" target="E8"/>
  <move id="284" source="B9" target="B8"/>
  <move id="285" source="E8" target="D8"/>
  <move id="286" source="D9" target="D8"/>
  <move id="287" source="D4" target="E4"/>
  <move id="288" source="B8" target="B7"/>
  <move id="289" source="E4" target="F4"/>
  <move id="290" source="B7" target="B6"/>
  <move id="291" source="F1" target="F2"/>
  <move id="292" source="B6" target="B5"/>
  <move id="293" source="F2" target="F3"/>
  <move id="294" source="B5" target="B4"/>
  <move id="295" source="F4" target="E4"/>
  <move id="296" source="H7" target="I7"/>
  <move id="297" source="F3" target="F4"/>
  <move id="298" source="I7" target="K7"/>
  <move id="299" source="F4" target="F5"/>
  <move id="300" source="K7" target="I7"/>
  <move id="301" source="F5" target="F6"/>
  <move id="302" source="I7" target="H7"/>
  <move id="303" source="F6" target="F7"/>
  <move id="304" source="A8" target="B8"/>
  <move id="305" source="F7" target="F8"/>
  <move id="306" source="B8" target="C8"/>
  <move id="307" source="F8" target="G8"/>
  <move id="308" source="C8" target="D8"/>
  <move id="309" source="G8" target="G9"/>
  <move id="310" source="H3" target="H4"/>
  <move id="311" source="E1" target="F1"/>
  <move id="312" source="I4" target="I3"/>
  <move id="313" source="F1" target="F2"/>
  <move id="314" source="I3" target="H3"/>
  <move id="315" source="F2" target="G2"/>
  <move id="316" source="H7" target="I7"/>
  <move id="317" source="E4" target="F4"/>
  <move id="318" source="I7" target="K7"/>
  <move id="319" source="E3" target="F3"/>
  <move id="320" source="K7" target="K6"/>
  <move id="321" source="G2" target="G3"/>
  <move id="322" source="H3" target="I3"/>
  <move id="323" source="G3" target="G4"/>
  <move id="324" source="H4" target="H3"/>
  <move id="325" source="G4" target="H4"/>
  <move id="326" source="H3" target="H2"/>
  <move id="327" source="F4" target="G4"/>
  <move id="328" source="I3" target="I4"/>
  <move id="329" source="H4" target="H3"/>
  <move id="330" source="H2" target="I2"/>
  <move id="331" source="H3" target="H2"/>
  <move id="332" source="I2" target="I3"/>
  <move id="333" source="H2" target="I2"/>
  <move id="334" source="I3" target="K3"/>
  <move id="335" source="G4" target="G3"/>
  <move id="336" source="K3" target="K4"/>
  <move id="337" source="G3" target="H3"/>
  <move id="338" source="K6" target="K7"/>
  <move id="339" source="I2" target="I3"/>
  <move id="340" source="K4" target="K5"/>
  <move id="341" source="I3" target="I4"/>
  <move id="342" source="I4" target="I5"/>
  <move id="343" source="F3" target="F4"/>
  <move id="344" source="I5" target="I6"/>
  <move id="345" source="F4" target="F5"/>
  <move id="346" source="A9" target="B9"/>
  <move id="347" source="F5" target="F6"/>
  <move id="348" source="B9" target="B7"/>
  <move id="349" source="F6" target="F7"/>
  <move id="350" source="B7" target="F7"/>
  <move id="351" source="F7" target="G7"/>
  <move id="352" source="H9" target="H8"/>
  <move id="353" source="G7" target="F7"/>
  <move id="354" source="K7" target="K8"/>
  <move id="355" source="B2" target="B3"/>
  <move id="356" source="B4" target="B5"/>
  <move id="357" source="B3" target="B4"/>
  <move id="358" source="B5" target="B6"/>
  <move id="359" source="B4" target="B5"/>
  <move id="360" source="B6" target="B7"/>
  <move id="361" source="B5" target="B6"/>
  <move id="362" source="B7" target="B8"/>
  <move id="363" source="B6" target="B7"/>
  <move id="364" source="B8" target="B9"/>
  <move id="365" source="B7" target="B8"/>
  <move id="366" source="K5" target="K4"/>
  <move id="367" source="B8" target="B9"/>
  <move id="368" source="C9" target="B9"/>
  <move id="369" source="F7" target="G7"/>
  <move id="370" source="I6" target="K6"/>
  <move id="371" source="G7" target="H7"/>
  <move id="372" source="K4" target="I4"/>
  <move id="373" source="H7" target="I7"/>
  <move id="374" source="K8" target="K9"/>
  <move id="375" source="I7" target="K7"/>
  <move id="376" source="K6" target="I6"/>
  <move id="377" source="K7" target="K8"/>
  <move id="378" source="I6" target="I7"/>
  <move id="379" source="K8" target="K9"/>
  <move id="380" source="I7" target="H7"/>
  <move id="381" source="K9" target="K8"/>
  <move id="382" source="H7" target="G7"/>
  <move id="383" source="K8" target="I8"/>
  <move id="384" source="G7" target="F7"/>
  <move id="385" source="I8" target="I7"/>
  <move id="386" source="F7" target="E7"/>
  <move id="387" source="I7" target="I6"/>
  <move id="388" source="E7" target="E6"/>
  <move id="389" source="I6" target="I5"/>
  <move id="390" source="I4" target="K4"/>
  <move id="391" source="I5" target="K5"/>
  <move id="392" source="B9" target="B8"/>
  <move id="393" source="K5" target="K4"/>
  <move id="394" source="B8" target="B7"/>
  <move id="395" source="H3" target="G3"/>
  <move id="396" source="B7" target="C7"/>
  <move id="397" source="G3" target="F3"/>
  <move id="398" source="C7" target="D7"/>
  <move id="399" source="K4" target="K5"/>
  <move id="400" source="D7" target="E7"/>
  <move id="401" source="K5" target="K6"/>
  <move id="402" source="E7" target="F7"/>
  <move id="403" source="F3" target="F4"/>
  <move id="404" source="F7" target="F6"/>
  <move id="405" source="F4" target="E4"/>
  <move id="406" source="E6" target="E7"/>
  <move id="407" source="K6" target="K7"/>
  <move id="408" source="F6" target="E6"/>
  <move id="409" source="K7" target="I7"/>
  <move id="410" source="E6" target="E5"/>
  <move id="411" source="E4" target="E3"/>
  <move id="412" source="E5" target="E4"/>
  <move id="413" source="E3" target="F3"/>
  <move id="414" source="E4" target="F4"/>
  <move id="415" source="F3" target="G3"/>
  <move id="416" source="E7" target="E6"/>
  <move id="417" source="I7" target="H7"/>
  <move id="418" source="H8" target="I8"/>
  <move id="419" source="H7" target="G7"/>
  <move id="420" source="E6" target="E5"/>
  <move id="421" source="G7" target="F7"/>
  <move id="422" source="E5" target="E4"/>
  <move id="423" source="F7" target="E7"/>
  <move id="424" source="E4" target="E3"/>
  <move id="425" source="E2" target="F2"/>
  <move id="426" source="F4" target="G4"/>
  <move id="427" source="E7" target="E6"/>
  <move id="428" source="G4" target="G3"/>
  <move id="429" source="E6" target="E5"/>
  <move id="430" source="E3" target="F3"/>
  <move id="431" source="F2" target="E2"/>
  <move id="432" source="I8" target="I7"/>
  <move id="433" source="E5" target="E4"/>
  <move id="434" source="I7" target="I6"/>
  <move id="435" source="E2" target="E3"/>
  <move id="436" source="I6" target="I5"/>
  <move id="437" source="E3" target="D3"/>
  <move id="438" source="I5" target="I4"/>
  <move id="439" source="D3" target="C3"/>
  <move id="440" source="I4" target="I3"/>
  <move id="441" source="C3" target="B3"/>
  <move id="442" source="I3" target="I2"/>
  <move id="443" source="B3" target="B4"/>
  <move id="444" source="I2" target="H2"/>
  <move id="445" source="B4" target="A4"/>
  <move id="446" source="H2" target="G2"/>
  <move id="447" source="A4" target="A5"/>
  <move id="448" source="D8" target="E8"/>
  <move id="449" source="A5" target="A6"/>
  <move id="450" source="E8" target="F8"/>
  <move id="451" source="A6" target="B6"/>
  <move id="452" source="F8" target="G8"/>
  <move id="453" source="B6" target="B7"/>
  <move id="454" source="G8" target="H8"/>
  <move id="455" source="B7" target="B8"/>
  <move id="456" source="H8" target="I8"/>
  <move id="457" source="B8" target="B9"/>
  <move id="458" source="I8" target="K8"/>
  <move id="459" source="B1" target="B2"/>
  <move id="460" source="K8" target="K7"/>
  <move id="461" source="B2" target="B3"/>
  <move id="462" source="K7" target="I7"/>
  <move id="463" source="B3" target="B4"/>
  <move id="464" source="I7" target="H7"/>
  <move id="465" source="B4" target="B5"/>
  <move id="466" source="H7" target="G7"/>
  <move id="467" source="B5" target="B6"/>
  <move id="468" source="G7" target="F7"/>
  <move id="469" source="B6" target="B7"/>
  <move id="470" source="C:" target="C8"/>
  <move id="471" source="B9" target="C9"/>
  <move id="472" source="C8" target="K8"/>
  <move id="473" source="B7" target="C7"/>
  <move id="474" source="F7" target="E7"/>
  <move id="475" source="C7" target="C8"/>
  <move id="476" source="E7" target="E8"/>
  <move id="477" source="C9" target="D9"/>
  <move id="478" source="K8" target="I8"/>
  <move id="479" source="C8" target="C9"/>
  <move id="480" source="I8" target="I1"/>
  <move id="481" source="I1" target="I2"/>
  <move id="482" source="E8" target="F8"/>
  <move id="483" source="I2" target="I3"/>
  <move id="484" source="F8" target="G8"/>
  <move id="485" source="I3" target="K3"/>
  <move id="486" source="G8" target="H8"/>
  <move id="487" source="C9" target="C8"/>
  <move id="488" source="H8" target="I8"/>
  <move id="489" source="C8" target="D8"/>
  <move id="490" source="I8" target="I7"/>
  <move id="491" source="D8" target="E8"/>
  <move id="492" source="I7" target="I6"/>
  <move id="493" source="E8" target="F8"/>
  <move id="494" source="I6" target="I5"/>
  <move id="495" source="F8" target="G8"/>
  <move id="496" source="G9" target="G8"/>
  <move id="497" source="D9" target="E9"/>
  <move id="498" source="I5" target="I4"/>
  <move id="499" source="E9" target="F9"/>
  <move id="500" source="G2" target="H2"/>
  <move id="501" source="E4" target="F4"/>
  <move id="502" source="F3" target="E3"/>
  <move id="503" source="F4" target="G4"/>
  <move id="504" source="H2" target="H3"/>
  <move id="505" source="G4" target="H4"/>
  <move id="506" source="I4" target="K4"/>
  <move id="507" source="H4" target="H3"/>
  <move id="508" source="K4" target="K3"/>
  <move id="509" source="H3" target="I3"/>
  <move id="510" source="K3" target="K4"/>
  <move id="511" source="K1" target="I1"/>
  <move id="512" source="E3" target="E4"/>
  <move id="513" source="I1" target="I2"/>
  <move id="514" source="E4" target="E5"/>
  <move id="515" source="I2" target="H2"/>
  <move id="516" source="G8" target="G7"/>
  <move id="517" source="H2" target="H3"/>
  <move id="518" source="G7" target="F7"/>
  <move id="519" source="H3" target="H4"/>
  <move id="520" source="F7" target="F6"/>
  <move id="521" source="H4" target="I4"/>
  <move id="522" source="K4" target="I4"/>
  <move id="523" source="I3" target="H3"/>
  <move id="524" source="E5" target="E6"/>
  <move id="525" source="H3" target="G3"/>
  <move id="526" source="E6" target="E7"/>
  <move id="527" source="G3" target="F3"/>
  <move id="528" source="E7" target="E8"/>
  <move id="529" source="F3" target="F4"/>
  <move id="530" source="F6" target="F7"/>
  <move id="531" source="F4" target="F5"/>
  <move id="532" source="F7" target="G7"/>
  <move id="533" source="F5" target="F6"/>
  <move id="534" source="E8" target="E7"/>
  <move id="535" source="F6" target="F7"/>
  <move id="536" source="E7" target="D7"/>
  <move id="537" source="F7" target="G7"/>
  <move id="538" source="D7" target="C7"/>
  <move id="539" source="G7" target="F7"/>
  <move id="540" source="C7" target="B7"/>
  <move id="541" source="F7" target="E7"/>
  <move id="542" source="B7" target="B6"/>
  <move id="543" source="E7" target="D7"/>
  <move id="544" source="B6" target="B5"/>
  <move id="545" source="D7" target="C7"/>
  <move id="546" source="B5" target="B4"/>
  <move id="547" source="C7" target="B7"/>
  <move id="548" source="B4" target="B3"/>
  <move id="549" source="B7" target="B6"/>
  <move id="550" source="B3" target="B4"/>
  <move id="551" source="B6" target="B5"/>
  <move id="552" source="B4" target="C4"/>
  <move id="553" source="B5" target="B4"/>
  <move id="554" source="C4" target="D4"/>
  <move id="555" source="B4" target="C4"/>
  <player id="1">Player 1</player>
  <player id="2">Player 2</player>
  <result type="4" winner="3"/>
 </game>
</stratego>