<?xml version="1.0" encoding="UTF-8"?>
<stratego>
 <game type="classic">
  
  <field content="DEBEDDEEIMFDBFIHIHJBBGKCGFELGHDDGJDBHFDBAA__AA__AAAA__AA__AAPPPRPQWOUSSPTQPRVPXSNPNTRNUVSNRQQQNTUTNY"/>
  <move id="1" source="E4" target="E5"/>
  <move id="2" source="E7" target="E6"/>
  <move id="3" source="E3" target="E4"/>
  <move id="4" source="F7" target="E7"/>
  <move id="5" source="I4" target="I5"/>
  <move id="6" source="E6" target="F6"/>
  <move id="7" source="I3" target="I4"/>
  <move id="8" source="E7" target="F7"/>
  <move id="9" source="I2" target="I3"/>
  <move id="10" source="I7" target="I6"/>
  <move id="11" source="I5" target="K5"/>
  <move id="12" source="F7" target="E7"/>
  <move id="13" source="I4" target="I5"/>
  <move id="14" source="I6" target="I7"/>
  <move id="15" source="I3" target="I4"/>
  <move id="16" source="F6" target="F7"/>
  <move id="17" source="I5" target="I6"/>
  <move id="18" source="F7" target="F6"/>
  <move id="19" source="I4" target="I5"/>
  <move id="20" source="F6" target="E6"/>
  <move id="21" source="E5" target="F5"/>
  <move id="22" source="E7" target="F7"/>
  <move id="23" source="E4" target="E5"/>
  <move id="24" source="E6" target="F6"/>
  <move id="25" source="D4" target="E4"/>
  <move id="26" source="B7" target="B4"/>
  <move id="27" source="C4" target="B4"/>
  <move id="28" source="D7" target="E7"/>
  <move id="29" source="C3" target="C4"/>
  <move id="30" source="E7" target="D7"/>
  <move id="31" source="C4" target="D4"/>
  <move id="32" source="F7" target="E7"/>
  <move id="33" source="K5" target="K6"/>
  <move id="34" source="G7" target="F7"/>
  <move id="35" source="I5" target="I4"/>
  <move id="36" source="F7" target="G7"/>
  <move id="37" source="I4" target="I3"/>
  <move id="38" source="F6" target="F7"/>
  <move id="39" source="H4" target="I4"/>
  <move id="40" source="F7" target="F6"/>
  <move id="41" source="I4" target="I5"/>
  <move id="42" source="E7" target="F7"/>
  <move id="43" source="I3" target="I4"/>
  <move id="44" source="D7" target="E7"/>
  <move id="45" source="I5" target="K5"/>
  <move id="46" source="E7" target="D7"/>
  <move id="47" source="I4" target="I5"/>
  <move id="48" source="A7" target="B7"/>
  <move id="49" source="K6" target="K7"/>
  <move id="50" source="B7" target="B4"/>
  <move id="51" source="I6" target="K6"/>
  <move id="52" source="A8" target="A7"/>
  <move id="53" source="I5" target="I6"/>
  <move id="54" source="A7" target="B7"/>
  <move id="55" source="K6" target="K7"/>
  <move id="56" source="B7" target="B6"/>
  <move id="57" source="K5" target="K6"/>
  <move id="58" source="C7" target="B7"/>
  <move id="59" source="D4" target="C4"/>
  <move id="60" source="B6" target="B5"/>
  <move id="61" source="H3" target="H4"/>
  <move id="62" source="B5" target="B4"/>
  <move id="63" source="B3" target="B4"/>
  <move id="64" source="B7" target="B6"/>
  <move id="65" source="B2" target="B3"/>
  <move id="66" source="D7" target="C7"/>
  <move id="67" source="H4" target="I4"/>
  <move id="68" source="C7" target="B7"/>
  <move id="69" source="I4" target="I5"/>
  <move id="70" source="B7" target="A7"/>
  <move id="71" source="I5" target="K5"/>
  <move id="72" source="B6" target="B7"/>
  <move id="73" source="K6" target="K7"/>
  <move id="74" source="I7" target="K7"/>
  <move id="75" source="K5" target="K6"/>
  <move id="76" source="K7" target="I7"/>
  <move id="77" source="K6" target="K7"/>
  <move id="78" source="B7" target="C7"/>
  <move id="79" source="I6" target="I7"/>
  <move id="80" source="I8" target="I7"/>
  <move id="81" source="K7" target="K6"/>
  <move id="82" source="H8" target="I8"/>
  <move id="83" source="K6" target="K5"/>
  <move id="84" source="I7" target="K7"/>
  <move id="85" source="K5" target="I5"/>
  <move id="86" source="I8" target="I5"/>
  <move id="87" source="E5" target="E6"/>
  <move id="88" source="F6" target="F5"/>
  <move id="89" source="E4" target="E5"/>
  <move id="90" source="H7" target="H8"/>
  <move id="91" source="E6" target="E7"/>
  <move id="92" source="F7" target="F6"/>
  <move id="93" source="E5" target="E6"/>
  <move id="94" source="F6" target="F5"/>
  <move id="95" source="E7" target="E8"/>
  <move id="96" source="F8" target="F7"/>
  <move id="97" source="E8" target="F8"/>
  <move id="98" source="G8" target="F8"/>
  <move id="99" source="E6" target="F6"/>
  <move id="100" source="F7" target="E7"/>
  <move id="101" source="C4" target="D4"/>
  <move id="102" source="F5" target="F4"/>
  <move id="103" source="D4" target="E4"/>
  <move id="104" source="F4" target="G4"/>
  <move id="105" source="E4" target="E5"/>
  <move id="106" source="G7" target="F7"/>
  <move id="107" source="F6" target="F5"/>
  <move id="108" source="F7" target="F6"/>
  <move id="109" source="F5" target="F4"/>
  <move id="110" source="F6" target="E6"/>
  <move id="111" source="F4" target="F5"/>
  <move id="112" source="E7" target="F7"/>
  <move id="113" source="E5" target="E6"/>
  <move id="114" source="F7" target="G7"/>
  <move id="115" source="I5" target="I4"/>
  <move id="116" source="K7" target="I7"/>
  <move id="117" source="I4" target="H4"/>
  <move id="118" source="H8" target="G8"/>
  <move id="119" source="F5" target="E5"/>
  <move id="120" source="H9" target="H8"/>
  <move id="121" source="E5" target="E4"/>
  <move id="122" source="G7" target="F7"/>
  <move id="123" source="E4" target="E3"/>
  <move id="124" source="F7" target="F6"/>
  <move id="125" source="F3" target="F4"/>
  <move id="126" source="F8" target="F7"/>
  <move id="127" source="F4" target="F5"/>
  <move id="128" source="F6" target="E6"/>
  <move id="129" source="G4" target="F4"/>
  <move id="130" source="F7" target="F6"/>
  <move id="131" source="F5" target="E5"/>
  <move id="132" source="E6" target="E7"/>
  <move id="133" source="H4" target="G4"/>
  <move id="134" source="I7" target="H7"/>
  <move id="135" source="F4" target="F3"/>
  <move id="136" source="H7" target="G7"/>
  <move id="137" source="G3" target="H3"/>
  <move id="138" source="F6" target="F7"/>
  <move id="139" source="D3" target="D4"/>
  <move id="140" source="E7" target="E8"/>
  <move id="141" source="H3" target="H4"/>
  <move id="142" source="F7" target="E7"/>
  <move id="143" source="H4" target="I4"/>
  <move id="144" source="E7" target="E6"/>
  <move id="145" source="E5" target="E4"/>
  <move id="146" source="E6" target="E5"/>
  <move id="147" source="G4" target="F4"/>
  <move id="148" source="G7" target="F7"/>
  <move id="149" source="I4" target="I5"/>
  <move id="150" source="F7" target="F6"/>
  <move id="151" source="I5" target="I6"/>
  <move id="152" source="F6" target="F5"/>
  <move id="153" source="F4" target="G4"/>
  <move id="154" source="E5" target="E4"/>
  <move id="155" source="E3" target="E4"/>
  <move id="156" source="H8" target="H7"/>
  <move id="157" source="I6" target="I7"/>
  <move id="158" source="H7" target="I7"/>
  <move id="159" source="G4" target="H4"/>
  <move id="160" source="F5" target="F6"/>
  <move id="161" source="H4" target="I4"/>
  <move id="162" source="F6" target="F7"/>
  <move id="163" source="I4" target="H4"/>
  <player id="1">Player 1</player>
  <player id="2">Player 2</player>
  <result type="3" winner="2"/>
 </game>
</stratego>