<?xml version="1.0" encoding="UTF-8"?>
<stratego>
 <game type="classic">
  
  <field content="MBEHEDFEDFBDDEIDBBEHJIKCJDHDDFGFLIGGBBHGAA__AA__AAAA__AA__AARSTPRUTQSTVPPSPPOWTPNQNUVXPUQNQPSNNRYNRQ"/>
  <move id="1" source="E4" target="E5"/>
  <move id="2" source="F7" target="F6"/>
  <move id="3" source="E3" target="E4"/>
  <move id="4" source="F8" target="F7"/>
  <move id="5" source="A4" target="A5"/>
  <move id="6" source="B7" target="B6"/>
  <move id="7" source="A3" target="A4"/>
  <move id="8" source="K7" target="K6"/>
  <move id="9" source="I4" target="I5"/>
  <move id="10" source="E7" target="E6"/>
  <move id="11" source="I3" target="I4"/>
  <move id="12" source="B8" target="B7"/>
  <move id="13" source="F4" target="F5"/>
  <move id="14" source="B7" target="B8"/>
  <move id="15" source="F3" target="F4"/>
  <move id="16" source="K6" target="I6"/>
  <move id="17" source="K4" target="K5"/>
  <move id="18" source="D7" target="E7"/>
  <move id="19" source="K3" target="K4"/>
  <move id="20" source="B8" target="B7"/>
  <move id="21" source="A5" target="A6"/>
  <move id="22" source="B6" target="A6"/>
  <move id="23" source="A4" target="A5"/>
  <move id="24" source="B7" target="B6"/>
  <move id="25" source="B4" target="B5"/>
  <move id="26" source="C7" target="B7"/>
  <move id="27" source="B3" target="B4"/>
  <move id="28" source="E7" target="D7"/>
  <move id="29" source="E5" target="E6"/>
  <move id="30" source="F6" target="E6"/>
  <move id="31" source="F5" target="E5"/>
  <move id="32" source="E6" target="F6"/>
  <move id="33" source="F4" target="F5"/>
  <move id="34" source="F6" target="E6"/>
  <move id="35" source="F5" target="F7"/>
  <move id="36" source="D7" target="E7"/>
  <move id="37" source="G3" target="F3"/>
  <move id="38" source="E7" target="F7"/>
  <move id="39" source="F3" target="F4"/>
  <move id="40" source="F7" target="F6"/>
  <move id="41" source="F4" target="F5"/>
  <move id="42" source="F6" target="F7"/>
  <move id="43" source="F5" target="F4"/>
  <move id="44" source="F7" target="F8"/>
  <move id="45" source="F4" target="F3"/>
  <move id="46" source="A7" target="A6"/>
  <move id="47" source="B5" target="B6"/>
  <move id="48" source="B7" target="B6"/>
  <move id="49" source="A5" target="A6"/>
  <move id="50" source="B6" target="B7"/>
  <move id="51" source="A6" target="A7"/>
  <move id="52" source="B7" target="C7"/>
  <move id="53" source="F3" target="G3"/>
  <move id="54" source="C7" target="D7"/>
  <move id="55" source="E2" target="E3"/>
  <move id="56" source="D7" target="E7"/>
  <move id="57" source="E3" target="F3"/>
  <move id="58" source="E7" target="F7"/>
  <move id="59" source="F3" target="F4"/>
  <move id="60" source="E8" target="E7"/>
  <move id="61" source="F4" target="F5"/>
  <move id="62" source="E7" target="D7"/>
  <move id="63" source="F5" target="F6"/>
  <move id="64" source="E6" target="E7"/>
  <move id="65" source="F6" target="E6"/>
  <move id="66" source="E7" target="E8"/>
  <move id="67" source="A7" target="A6"/>
  <move id="68" source="D7" target="C7"/>
  <move id="69" source="B4" target="A4"/>
  <move id="70" source="C7" target="D7"/>
  <move id="71" source="E6" target="F6"/>
  <move id="72" source="D7" target="C7"/>
  <move id="73" source="B2" target="B3"/>
  <move id="74" source="C7" target="B7"/>
  <move id="75" source="F6" target="E6"/>
  <move id="76" source="D8" target="D7"/>
  <move id="77" source="G3" target="F3"/>
  <move id="78" source="E8" target="E7"/>
  <move id="79" source="F3" target="F4"/>
  <move id="80" source="F7" target="F6"/>
  <move id="81" source="E6" target="F6"/>
  <move id="82" source="E7" target="F7"/>
  <move id="83" source="F6" target="F7"/>
  <move id="84" source="F8" target="E8"/>
  <move id="85" source="E5" target="E6"/>
  <move id="86" source="E8" target="E6"/>
  <move id="87" source="E6" target="E7"/>
  <move id="88" source="D7" target="E7"/>
  <move id="89" source="F4" target="F5"/>
  <move id="90" source="C8" target="D8"/>
  <move id="91" source="F5" target="E5"/>
  <move id="92" source="D8" target="D7"/>
  <move id="93" source="E4" target="E3"/>
  <move id="94" source="G7" target="F7"/>
  <move id="95" source="F2" target="F7"/>
  <move id="96" source="F7" target="G7"/>
  <move id="97" source="F1" target="F2"/>
  <move id="98" source="D7" target="E7"/>
  <move id="99" source="E5" target="F5"/>
  <move id="100" source="E7" target="F7"/>
  <move id="101" source="F5" target="F4"/>
  <move id="102" source="F7" target="F6"/>
  <move id="103" source="F4" target="F3"/>
  <move id="104" source="F6" target="F7"/>
  <move id="105" source="F3" target="G3"/>
  <move id="106" source="F7" target="E7"/>
  <move id="107" source="F2" target="F3"/>
  <move id="108" source="G7" target="F7"/>
  <move id="109" source="F3" target="F4"/>
  <move id="110" source="E7" target="E8"/>
  <move id="111" source="F4" target="F5"/>
  <move id="112" source="H7" target="G7"/>
  <move id="113" source="F5" target="E5"/>
  <move id="114" source="F7" target="E7"/>
  <move id="115" source="G1" target="F1"/>
  <move id="116" source="G7" target="F7"/>
  <move id="117" source="F1" target="F2"/>
  <move id="118" source="F7" target="F6"/>
  <move id="119" source="F2" target="F3"/>
  <move id="120" source="F6" target="F5"/>
  <move id="121" source="F3" target="F4"/>
  <move id="122" source="F5" target="F6"/>
  <move id="123" source="F4" target="F5"/>
  <move id="124" source="F6" target="F7"/>
  <move id="125" source="F5" target="F6"/>
  <move id="126" source="E8" target="F8"/>
  <move id="127" source="G3" target="F3"/>
  <move id="128" source="B7" target="C7"/>
  <move id="129" source="E5" target="E4"/>
  <move id="130" source="C7" target="D7"/>
  <move id="131" source="F3" target="F4"/>
  <move id="132" source="D7" target="D8"/>
  <move id="133" source="F4" target="F5"/>
  <move id="134" source="D8" target="E8"/>
  <move id="135" source="F5" target="E5"/>
  <move id="136" source="I7" target="H7"/>
  <move id="137" source="E5" target="E6"/>
  <move id="138" source="F7" target="G7"/>
  <move id="139" source="E6" target="E7"/>
  <move id="140" source="E8" target="D8"/>
  <move id="141" source="F6" target="F7"/>
  <move id="142" source="F8" target="F7"/>
  <move id="143" source="E4" target="E5"/>
  <move id="144" source="F9" target="F8"/>
  <move id="145" source="F7" target="G7"/>
  <move id="146" source="H7" target="G7"/>
  <move id="147" source="E5" target="E6"/>
  <move id="148" source="G7" target="F7"/>
  <move id="149" source="E3" target="F3"/>
  <move id="150" source="D8" target="D7"/>
  <move id="151" source="B3" target="B4"/>
  <move id="152" source="D7" target="E7"/>
  <move id="153" source="B4" target="B5"/>
  <move id="154" source="E7" target="D7"/>
  <move id="155" source="B5" target="B6"/>
  <move id="156" source="A8" target="B8"/>
  <move id="157" source="A6" target="A7"/>
  <move id="158" source="D7" target="C7"/>
  <move id="159" source="A7" target="A6"/>
  <move id="160" source="B8" target="B7"/>
  <move id="161" source="C2" target="B2"/>
  <move id="162" source="B7" target="B6"/>
  <move id="163" source="A6" target="B6"/>
  <move id="164" source="C7" target="D7"/>
  <move id="165" source="A4" target="A5"/>
  <move id="166" source="D9" target="D8"/>
  <move id="167" source="A5" target="A6"/>
  <move id="168" source="D8" target="C8"/>
  <move id="169" source="A6" target="A7"/>
  <move id="170" source="C8" target="B8"/>
  <move id="171" source="B2" target="B3"/>
  <move id="172" source="D7" target="C7"/>
  <move id="173" source="A7" target="A6"/>
  <move id="174" source="B8" target="A8"/>
  <move id="175" source="B3" target="B4"/>
  <move id="176" source="C7" target="B7"/>
  <move id="177" source="B4" target="B7"/>
  <move id="178" source="A8" target="B8"/>
  <move id="179" source="C3" target="B3"/>
  <move id="180" source="B8" target="C8"/>
  <move id="181" source="B3" target="B4"/>
  <move id="182" source="C8" target="D8"/>
  <move id="183" source="B4" target="B5"/>
  <move id="184" source="D8" target="D7"/>
  <move id="185" source="D2" target="E2"/>
  <move id="186" source="F7" target="E7"/>
  <move id="187" source="E6" target="F6"/>
  <move id="188" source="I6" target="I7"/>
  <move id="189" source="F3" target="F4"/>
  <move id="190" source="I7" target="H7"/>
  <move id="191" source="F4" target="F5"/>
  <move id="192" source="H7" target="G7"/>
  <move id="193" source="H3" target="G3"/>
  <move id="194" source="G7" target="F7"/>
  <move id="195" source="G3" target="F3"/>
  <move id="196" source="E7" target="E6"/>
  <move id="197" source="F6" target="F7"/>
  <move id="198" source="E6" target="E7"/>
  <move id="199" source="K5" target="K6"/>
  <move id="200" source="I8" target="I7"/>
  <move id="201" source="D4" target="E4"/>
  <move id="202" source="E7" target="E8"/>
  <move id="203" source="F3" target="E3"/>
  <move id="204" source="D7" target="D8"/>
  <move id="205" source="F5" target="F6"/>
  <move id="206" source="G8" target="G7"/>
  <move id="207" source="E4" target="D4"/>
  <move id="208" source="E8" target="E7"/>
  <move id="209" source="E3" target="E4"/>
  <move id="210" source="E7" target="E6"/>
  <move id="211" source="F6" target="F5"/>
  <move id="212" source="E6" target="E7"/>
  <move id="213" source="A6" target="A7"/>
  <move id="214" source="E7" target="D7"/>
  <move id="215" source="A7" target="A8"/>
  <move id="216" source="D7" target="C7"/>
  <move id="217" source="A8" target="A7"/>
  <move id="218" source="C7" target="D7"/>
  <move id="219" source="B5" target="B6"/>
  <move id="220" source="D7" target="C7"/>
  <move id="221" source="F5" target="F6"/>
  <move id="222" source="D8" target="C8"/>
  <move id="223" source="E4" target="E8"/>
  <move id="224" source="E9" target="E8"/>
  <move id="225" source="D4" target="E4"/>
  <move id="226" source="C7" target="D7"/>
  <move id="227" source="E4" target="E5"/>
  <move id="228" source="D7" target="E7"/>
  <move id="229" source="E5" target="E6"/>
  <move id="230" source="C8" target="D8"/>
  <move id="231" source="B6" target="B7"/>
  <move id="232" source="D8" target="D7"/>
  <move id="233" source="B7" target="C7"/>
  <move id="234" source="D7" target="D8"/>
  <move id="235" source="E6" target="E5"/>
  <move id="236" source="E7" target="D7"/>
  <move id="237" source="C7" target="B7"/>
  <move id="238" source="D7" target="C7"/>
  <move id="239" source="B7" target="B6"/>
  <move id="240" source="C7" target="D7"/>
  <move id="241" source="C1" target="C2"/>
  <move id="242" source="D7" target="E7"/>
  <move id="243" source="C2" target="B2"/>
  <move id="244" source="E7" target="E6"/>
  <move id="245" source="E5" target="E6"/>
  <move id="246" source="D8" target="D7"/>
  <move id="247" source="E6" target="E5"/>
  <move id="248" source="D7" target="E7"/>
  <move id="249" source="E5" target="E4"/>
  <move id="250" source="E7" target="E6"/>
  <move id="251" source="F6" target="F5"/>
  <move id="252" source="E6" target="E5"/>
  <move id="253" source="F5" target="F4"/>
  <move id="254" source="E5" target="F5"/>
  <move id="255" source="B6" target="B7"/>
  <move id="256" source="E8" target="E7"/>
  <move id="257" source="C4" target="D4"/>
  <move id="258" source="E7" target="E6"/>
  <move id="259" source="D3" target="E3"/>
  <move id="260" source="F7" target="E7"/>
  <move id="261" source="B7" target="B6"/>
  <move id="262" source="E6" target="E5"/>
  <move id="263" source="E3" target="F3"/>
  <move id="264" source="E7" target="D7"/>
  <move id="265" source="B6" target="B7"/>
  <move id="266" source="F8" target="E8"/>
  <move id="267" source="B7" target="C7"/>
  <move id="268" source="D7" target="E7"/>
  <move id="269" source="E4" target="E3"/>
  <move id="270" source="G9" target="G8"/>
  <move id="271" source="D4" target="E4"/>
  <move id="272" source="E5" target="E6"/>
  <move id="273" source="E4" target="E5"/>
  <move id="274" source="E6" target="F6"/>
  <move id="275" source="E5" target="E6"/>
  <move id="276" source="F6" target="F7"/>
  <move id="277" source="E6" target="F6"/>
  <move id="278" source="F7" target="F8"/>
  <move id="279" source="F6" target="F7"/>
  <move id="280" source="G7" target="F7"/>
  <move id="281" source="C7" target="D7"/>
  <move id="282" source="E7" target="E6"/>
  <move id="283" source="F4" target="F5"/>
  <move id="284" source="E6" target="E7"/>
  <move id="285" source="D7" target="E7"/>
  <move id="286" source="E8" target="E7"/>
  <move id="287" source="F5" target="F6"/>
  <move id="288" source="F7" target="G7"/>
  <move id="289" source="A7" target="A8"/>
  <move id="290" source="I7" target="K7"/>
  <move id="291" source="A8" target="B8"/>
  <move id="292" source="E7" target="D7"/>
  <move id="293" source="B8" target="B9"/>
  <move id="294" source="D7" target="D8"/>
  <move id="295" source="B9" target="B8"/>
  <move id="296" source="D8" target="C8"/>
  <move id="297" source="B8" target="A8"/>
  <move id="298" source="C8" target="B8"/>
  <move id="299" source="A8" target="A7"/>
  <move id="300" source="B8" target="B7"/>
  <move id="301" source="A7" target="A6"/>
  <move id="302" source="B7" target="B6"/>
  <move id="303" source="A6" target="A5"/>
  <move id="304" source="B6" target="B5"/>
  <move id="305" source="A5" target="A4"/>
  <move id="306" source="B5" target="B4"/>
  <move id="307" source="A4" target="A5"/>
  <move id="308" source="F8" target="E8"/>
  <move id="309" source="F6" target="F7"/>
  <move id="310" source="E8" target="D8"/>
  <move id="311" source="F7" target="E7"/>
  <move id="312" source="D8" target="C8"/>
  <move id="313" source="E7" target="D7"/>
  <move id="314" source="C8" target="B8"/>
  <move id="315" source="D7" target="C7"/>
  <move id="316" source="H8" target="H7"/>
  <move id="317" source="K6" target="K7"/>
  <move id="318" source="H7" target="I7"/>
  <move id="319" source="I5" target="K5"/>
  <move id="320" source="I7" target="I6"/>
  <move id="321" source="I4" target="I6"/>
  <move id="322" source="K7" target="I7"/>
  <move id="323" source="E3" target="D3"/>
  <move id="324" source="B8" target="C8"/>
  <move id="325" source="C7" target="C8"/>
  <move id="326" source="G8" target="F8"/>
  <move id="327" source="E2" target="E3"/>
  <move id="328" source="F8" target="E8"/>
  <move id="329" source="D3" target="D4"/>
  <move id="330" source="I7" target="I8"/>
  <move id="331" source="D4" target="E4"/>
  <move id="332" source="H9" target="G9"/>
  <move id="333" source="E4" target="E5"/>
  <move id="334" source="G9" target="G8"/>
  <move id="335" source="E5" target="E6"/>
  <move id="336" source="G8" target="F8"/>
  <move id="337" source="E6" target="E7"/>
  <move id="338" source="E8" target="D8"/>
  <move id="339" source="E7" target="E8"/>
  <move id="340" source="F8" target="E8"/>
  <move id="341" source="E3" target="E4"/>
  <move id="342" source="D8" target="E8"/>
  <move id="343" source="E4" target="E5"/>
  <move id="344" source="E8" target="E5"/>
  <move id="345" source="D1" target="D2"/>
  <move id="346" source="I8" target="I7"/>
  <move id="347" source="D2" target="D3"/>
  <move id="348" source="I7" target="K7"/>
  <move id="349" source="D3" target="E3"/>
  <move id="350" source="K7" target="K6"/>
  <move id="351" source="K5" target="K6"/>
  <move id="352" source="I6" target="I7"/>
  <move id="353" source="E5" target="E6"/>
  <move id="354" source="I7" target="H7"/>
  <move id="355" source="E6" target="E7"/>
  <move id="356" source="H7" target="H8"/>
  <move id="357" source="E7" target="E8"/>
  <move id="358" source="H8" target="G8"/>
  <move id="359" source="E8" target="D8"/>
  <move id="360" source="G8" target="F8"/>
  <move id="361" source="E3" target="E4"/>
  <move id="362" source="F8" target="E8"/>
  <move id="363" source="D8" target="C8"/>
  <move id="364" source="E8" target="D8"/>
  <move id="365" source="C8" target="C9"/>
  <move id="366" source="C:" target="C9"/>
  <move id="367" source="A5" target="A6"/>
  <move id="368" source="D8" target="D7"/>
  <move id="369" source="A6" target="A7"/>
  <move id="370" source="D7" target="C7"/>
  <move id="371" source="A7" target="A8"/>
  <move id="372" source="C7" target="B7"/>
  <move id="373" source="E4" target="E5"/>
  <move id="374" source="B4" target="B5"/>
  <move id="375" source="E5" target="E6"/>
  <move id="376" source="B5" target="B6"/>
  <move id="377" source="E6" target="E7"/>
  <move id="378" source="B6" target="A6"/>
  <move id="379" source="E7" target="E8"/>
  <move id="380" source="A6" target="A7"/>
  <move id="381" source="A8" target="A9"/>
  <move id="382" source="B7" target="C7"/>
  <move id="383" source="E8" target="E9"/>
  <move id="384" source="C7" target="D7"/>
  <move id="385" source="E9" target="E:"/>
  <move id="386" source="D7" target="E7"/>
  <move id="387" source="K4" target="K5"/>
  <move id="388" source="G7" target="G8"/>
  <move id="389" source="K5" target="K6"/>
  <move id="390" source="E7" target="F7"/>
  <move id="391" source="K6" target="K7"/>
  <move id="392" source="F7" target="G7"/>
  <move id="393" source="K7" target="I7"/>
  <move id="394" source="G7" target="H7"/>
  <move id="395" source="I7" target="I8"/>
  <move id="396" source="H7" target="H8"/>
  <move id="397" source="I8" target="I9"/>
  <move id="398" source="H8" target="H9"/>
  <move id="399" source="I9" target="I8"/>
  <move id="400" source="K8" target="K2"/>
  <move id="401" source="K2" target="K3"/>
  <move id="402" source="H9" target="H8"/>
  <move id="403" source="I8" target="I7"/>
  <move id="404" source="A7" target="B7"/>
  <move id="405" source="B2" target="B3"/>
  <move id="406" source="B7" target="C7"/>
  <move id="407" source="B3" target="A3"/>
  <move id="408" source="C7" target="D7"/>
  <move id="409" source="A3" target="A4"/>
  <move id="410" source="D7" target="E7"/>
  <move id="411" source="I7" target="K7"/>
  <move id="412" source="H8" target="I8"/>
  <move id="413" source="K3" target="I3"/>
  <move id="414" source="E7" target="E6"/>
  <move id="415" source="I3" target="H3"/>
  <move id="416" source="E6" target="E5"/>
  <move id="417" source="A4" target="A5"/>
  <move id="418" source="F:" target="F9"/>
  <move id="419" source="F3" target="E3"/>
  <move id="420" source="F9" target="F8"/>
  <move id="421" source="H3" target="G3"/>
  <move id="422" source="I8" target="I7"/>
  <move id="423" source="K7" target="K8"/>
  <move id="424" source="F8" target="F9"/>
  <move id="425" source="G3" target="F3"/>
  <move id="426" source="F9" target="G9"/>
  <move id="427" source="A5" target="A6"/>
  <move id="428" source="G9" target="H9"/>
  <move id="429" source="A6" target="A7"/>
  <move id="430" source="H9" target="I9"/>
  <move id="431" source="A7" target="A8"/>
  <move id="432" source="I9" target="I8"/>
  <move id="433" source="K8" target="I8"/>
  <move id="434" source="I:" target="I9"/>
  <move id="435" source="E3" target="D3"/>
  <move id="436" source="I7" target="H7"/>
  <move id="437" source="K1" target="K2"/>
  <move id="438" source="I9" target="I8"/>
  <move id="439" source="K2" target="K3"/>
  <move id="440" source="I8" target="I7"/>
  <move id="441" source="K3" target="K4"/>
  <move id="442" source="I7" target="I6"/>
  <move id="443" source="K4" target="K5"/>
  <move id="444" source="E5" target="E6"/>
  <move id="445" source="F3" target="F4"/>
  <move id="446" source="H7" target="G7"/>
  <move id="447" source="K5" target="K6"/>
  <move id="448" source="I6" target="K6"/>
  <move id="449" source="I2" target="K2"/>
  <move id="450" source="G7" target="F7"/>
  <move id="451" source="D3" target="C3"/>
  <move id="452" source="F7" target="E7"/>
  <move id="453" source="A8" target="A9"/>
  <move id="454" source="A:" target="A9"/>
  <move id="455" source="K2" target="K3"/>
  <move id="456" source="E7" target="F7"/>
  <move id="457" source="K3" target="K4"/>
  <move id="458" source="F7" target="G7"/>
  <move id="459" source="K4" target="K5"/>
  <move id="460" source="G7" target="H7"/>
  <move id="461" source="K5" target="K6"/>
  <move id="462" source="H7" target="I7"/>
  <move id="463" source="C3" target="B3"/>
  <move id="464" source="E6" target="E7"/>
  <move id="465" source="F4" target="F5"/>
  <move id="466" source="C9" target="D9"/>
  <move id="467" source="F5" target="F6"/>
  <move id="468" source="D9" target="E9"/>
  <move id="469" source="B3" target="B4"/>
  <move id="470" source="E9" target="E8"/>
  <move id="471" source="B4" target="B5"/>
  <move id="472" source="E8" target="F8"/>
  <move id="473" source="B5" target="B6"/>
  <move id="474" source="F8" target="F7"/>
  <move id="475" source="F6" target="F7"/>
  <move id="476" source="E7" target="F7"/>
  <move id="477" source="B6" target="B7"/>
  <move id="478" source="F7" target="F8"/>
  <move id="479" source="E1" target="E2"/>
  <move id="480" source="F8" target="F7"/>
  <move id="481" source="E2" target="E3"/>
  <move id="482" source="F7" target="E7"/>
  <move id="483" source="E3" target="E4"/>
  <move id="484" source="E7" target="E6"/>
  <move id="485" source="I1" target="I2"/>
  <move id="486" source="K:" target="I:"/>
  <move id="487" source="I2" target="I3"/>
  <move id="488" source="I:" target="I9"/>
  <move id="489" source="I3" target="H3"/>
  <move id="490" source="I9" target="I8"/>
  <move id="491" source="H3" target="G3"/>
  <move id="492" source="I8" target="K8"/>
  <move id="493" source="H1" target="I1"/>
  <move id="494" source="K8" target="K7"/>
  <move id="495" source="I1" target="K1"/>
  <move id="496" source="K7" target="K6"/>
  <move id="497" source="K1" target="K2"/>
  <move id="498" source="E6" target="E7"/>
  <move id="499" source="E4" target="E5"/>
  <move id="500" source="I7" target="H7"/>
  <move id="501" source="K2" target="K3"/>
  <move id="502" source="H7" target="G7"/>
  <move id="503" source="K3" target="K4"/>
  <move id="504" source="G7" target="F7"/>
  <move id="505" source="K4" target="K5"/>
  <move id="506" source="F7" target="F6"/>
  <move id="507" source="K5" target="K6"/>
  <move id="508" source="F6" target="F5"/>
  <move id="509" source="E5" target="E4"/>
  <move id="510" source="F5" target="F4"/>
  <move id="511" source="E4" target="D4"/>
  <move id="512" source="F4" target="F3"/>
  <move id="513" source="G3" target="H3"/>
  <move id="514" source="F3" target="G3"/>
  <move id="515" source="H3" target="I3"/>
  <move id="516" source="G3" target="H3"/>
  <move id="517" source="I3" target="I2"/>
  <move id="518" source="H3" target="I3"/>
  <move id="519" source="I2" target="I1"/>
  <move id="520" source="I3" target="I2"/>
  <move id="521" source="I1" target="K1"/>
  <move id="522" source="B:" target="C:"/>
  <move id="523" source="K6" target="K7"/>
  <move id="524" source="C:" target="C9"/>
  <move id="525" source="K7" target="K8"/>
  <move id="526" source="C9" target="F9"/>
  <move id="527" source="K8" target="I8"/>
  <move id="528" source="F9" target="F1"/>
  <move id="529" source="I8" target="H8"/>
  <move id="530" source="E7" target="F7"/>
  <move id="531" source="H8" target="G8"/>
  <move id="532" source="F1" target="K1"/>
  <move id="533" source="G8" target="G9"/>
  <move id="534" source="F7" target="F8"/>
  <move id="535" source="G9" target="G:"/>
  <player id="1">Player 1</player>
  <player id="2">Player 2</player>
  <result type="1" winner="1"/>
 </game>
</stratego>