<?xml version="1.0" encoding="UTF-8"?>
<stratego>
 <game type="classic">
  
  <field content="DDEDBFDEHMDEHEFBFHEGHDCGBFBJLKIGDDIBBJGIAA__AA__AAAA__AA__AARPSUPTOWPPPNRNSXVPTPPRNQVQUTUSNRNSNQTYQQ"/>
  <move id="1" source="E4" target="E5"/>
  <move id="2" source="I7" target="I4"/>
  <move id="3" source="E5" target="E6"/>
  <move id="4" source="I8" target="I7"/>
  <move id="5" source="D4" target="E4"/>
  <move id="6" source="I7" target="I6"/>
  <move id="7" source="K4" target="K5"/>
  <move id="8" source="H7" target="I7"/>
  <move id="9" source="I4" target="K4"/>
  <move id="10" source="H8" target="H7"/>
  <move id="11" source="I3" target="I4"/>
  <move id="12" source="H7" target="H8"/>
  <move id="13" source="I4" target="I5"/>
  <move id="14" source="G7" target="H7"/>
  <move id="15" source="K5" target="K6"/>
  <move id="16" source="I6" target="K6"/>
  <move id="17" source="K4" target="K5"/>
  <move id="18" source="K7" target="K6"/>
  <move id="19" source="K5" target="K4"/>
  <move id="20" source="K8" target="K7"/>
  <move id="21" source="I5" target="I6"/>
  <move id="22" source="H8" target="I8"/>
  <move id="23" source="K6" target="K5"/>
  <move id="24" source="I8" target="K8"/>
  <move id="25" source="I6" target="K6"/>
  <move id="26" source="K7" target="K6"/>
  <move id="27" source="K6" target="I6"/>
  <move id="28" source="I7" target="K7"/>
  <move id="29" source="E4" target="E5"/>
  <move id="30" source="K8" target="I8"/>
  <move id="31" source="K5" target="I5"/>
  <move id="32" source="G8" target="G7"/>
  <move id="33" source="K4" target="K5"/>
  <move id="34" source="F8" target="G8"/>
  <move id="35" source="K5" target="K6"/>
  <move id="36" source="F7" target="F8"/>
  <move id="37" source="K6" target="K7"/>
  <move id="38" source="G7" target="F7"/>
  <move id="39" source="E5" target="F5"/>
  <move id="40" source="G8" target="G7"/>
  <move id="41" source="F5" target="F6"/>
  <move id="42" source="F8" target="G8"/>
  <move id="43" source="B4" target="B5"/>
  <move id="44" source="F7" target="F8"/>
  <move id="45" source="B5" target="B6"/>
  <move id="46" source="G7" target="F7"/>
  <move id="47" source="C4" target="B4"/>
  <move id="48" source="F7" target="F6"/>
  <move id="49" source="E6" target="E5"/>
  <move id="50" source="F6" target="E6"/>
  <move id="51" source="E5" target="E4"/>
  <move id="52" source="E6" target="E5"/>
  <move id="53" source="E4" target="D4"/>
  <move id="54" source="F8" target="F7"/>
  <move id="55" source="B4" target="B5"/>
  <move id="56" source="F7" target="F6"/>
  <move id="57" source="B6" target="B7"/>
  <move id="58" source="E7" target="F7"/>
  <move id="59" source="B5" target="B6"/>
  <move id="60" source="F7" target="F8"/>
  <move id="61" source="B7" target="A7"/>
  <move id="62" source="E5" target="E6"/>
  <move id="63" source="A7" target="A8"/>
  <move id="64" source="C7" target="B7"/>
  <move id="65" source="B6" target="B5"/>
  <move id="66" source="B7" target="B6"/>
  <move id="67" source="B5" target="B4"/>
  <move id="68" source="B6" target="B5"/>
  <move id="69" source="B4" target="C4"/>
  <move id="70" source="B5" target="B4"/>
  <move id="71" source="A4" target="B4"/>
  <move id="72" source="F6" target="F5"/>
  <move id="73" source="B4" target="A4"/>
  <move id="74" source="E6" target="E7"/>
  <move id="75" source="C4" target="B4"/>
  <move id="76" source="E7" target="E6"/>
  <move id="77" source="B4" target="B5"/>
  <move id="78" source="D7" target="E7"/>
  <move id="79" source="B5" target="B6"/>
  <move id="80" source="E7" target="F7"/>
  <move id="81" source="A8" target="A9"/>
  <move id="82" source="F7" target="F6"/>
  <move id="83" source="B6" target="B7"/>
  <move id="84" source="E6" target="E7"/>
  <move id="85" source="A9" target="A:"/>
  <move id="86" source="F8" target="F7"/>
  <move id="87" source="B7" target="C7"/>
  <move id="88" source="E7" target="E6"/>
  <move id="89" source="B3" target="B8"/>
  <move id="90" source="E6" target="E7"/>
  <move id="91" source="C7" target="B7"/>
  <move id="92" source="E7" target="E6"/>
  <move id="93" source="B2" target="B3"/>
  <move id="94" source="F7" target="B7"/>
  <move id="95" source="B3" target="B4"/>
  <move id="96" source="C8" target="C7"/>
  <move id="97" source="B4" target="B5"/>
  <move id="98" source="C7" target="B7"/>
  <move id="99" source="A4" target="A5"/>
  <move id="100" source="F6" target="F7"/>
  <move id="101" source="A5" target="A6"/>
  <move id="102" source="F7" target="F8"/>
  <move id="103" source="A6" target="B6"/>
  <move id="104" source="B7" target="A7"/>
  <move id="105" source="B1" target="B2"/>
  <move id="106" source="E6" target="E7"/>
  <move id="107" source="B2" target="B3"/>
  <move id="108" source="E7" target="D7"/>
  <move id="109" source="B6" target="A6"/>
  <move id="110" source="A7" target="B7"/>
  <move id="111" source="B5" target="A5"/>
  <move id="112" source="D7" target="E7"/>
  <move id="113" source="B3" target="B4"/>
  <move id="114" source="E7" target="F7"/>
  <move id="115" source="B4" target="B5"/>
  <move id="116" source="F5" target="E5"/>
  <move id="117" source="B5" target="B6"/>
  <move id="118" source="E5" target="E6"/>
  <move id="119" source="A5" target="B5"/>
  <move id="120" source="E6" target="E7"/>
  <move id="121" source="A6" target="A7"/>
  <move id="122" source="B7" target="B6"/>
  <move id="123" source="B5" target="B4"/>
  <move id="124" source="B6" target="B5"/>
  <move id="125" source="B4" target="B3"/>
  <move id="126" source="B5" target="B4"/>
  <move id="127" source="B3" target="B2"/>
  <move id="128" source="F7" target="F6"/>
  <move id="129" source="D4" target="C4"/>
  <move id="130" source="E7" target="F7"/>
  <move id="131" source="C4" target="B4"/>
  <move id="132" source="F7" target="E7"/>
  <move id="133" source="A7" target="B7"/>
  <move id="134" source="E7" target="E6"/>
  <move id="135" source="B7" target="C7"/>
  <move id="136" source="F6" target="F7"/>
  <move id="137" source="C7" target="D7"/>
  <move id="138" source="F7" target="E7"/>
  <move id="139" source="D7" target="D8"/>
  <move id="140" source="E7" target="F7"/>
  <move id="141" source="B4" target="B5"/>
  <move id="142" source="F7" target="F6"/>
  <move id="143" source="B5" target="B6"/>
  <move id="144" source="E6" target="E7"/>
  <move id="145" source="B6" target="B7"/>
  <move id="146" source="E7" target="D7"/>
  <move id="147" source="B7" target="A7"/>
  <move id="148" source="D7" target="C7"/>
  <move id="149" source="A7" target="A8"/>
  <move id="150" source="C7" target="B7"/>
  <move id="151" source="A8" target="A9"/>
  <move id="152" source="B7" target="A7"/>
  <move id="153" source="A9" target="B9"/>
  <move id="154" source="A7" target="A8"/>
  <move id="155" source="B9" target="B:"/>
  <move id="156" source="A8" target="A9"/>
  <move id="157" source="B:" target="C:"/>
  <move id="158" source="A9" target="A8"/>
  <move id="159" source="D3" target="D4"/>
  <move id="160" source="A8" target="A7"/>
  <move id="161" source="D4" target="C4"/>
  <move id="162" source="A7" target="B7"/>
  <move id="163" source="C4" target="B4"/>
  <move id="164" source="B7" target="C7"/>
  <move id="165" source="B4" target="C4"/>
  <move id="166" source="C7" target="D7"/>
  <move id="167" source="B2" target="B3"/>
  <move id="168" source="D7" target="E7"/>
  <move id="169" source="B3" target="B4"/>
  <move id="170" source="E7" target="F7"/>
  <move id="171" source="B4" target="B5"/>
  <move id="172" source="F6" target="E6"/>
  <move id="173" source="B5" target="B6"/>
  <move id="174" source="E8" target="E7"/>
  <move id="175" source="B6" target="B7"/>
  <move id="176" source="E7" target="D7"/>
  <move id="177" source="B7" target="B8"/>
  <move id="178" source="D7" target="C7"/>
  <move id="179" source="B8" target="B9"/>
  <move id="180" source="C7" target="C8"/>
  <move id="181" source="B9" target="B:"/>
  <move id="182" source="E6" target="E7"/>
  <move id="183" source="C4" target="B4"/>
  <move id="184" source="C8" target="B8"/>
  <move id="185" source="B4" target="B5"/>
  <move id="186" source="B8" target="B9"/>
  <move id="187" source="B:" target="C:"/>
  <move id="188" source="D:" target="C:"/>
  <move id="189" source="H4" target="I4"/>
  <move id="190" source="F7" target="F6"/>
  <move id="191" source="I5" target="K5"/>
  <move id="192" source="E7" target="F7"/>
  <move id="193" source="I4" target="I5"/>
  <move id="194" source="F7" target="G7"/>
  <move id="195" source="K5" target="K4"/>
  <move id="196" source="F8" target="F7"/>
  <move id="197" source="K4" target="I4"/>
  <move id="198" source="G8" target="F8"/>
  <move id="199" source="I4" target="H4"/>
  <move id="200" source="F7" target="E7"/>
  <move id="201" source="K3" target="K4"/>
  <move id="202" source="E7" target="E8"/>
  <move id="203" source="D2" target="D3"/>
  <move id="204" source="F6" target="F7"/>
  <move id="205" source="D3" target="D4"/>
  <move id="206" source="F7" target="E7"/>
  <move id="207" source="D4" target="C4"/>
  <move id="208" source="G7" target="F7"/>
  <move id="209" source="C4" target="B4"/>
  <move id="210" source="E7" target="D7"/>
  <move id="211" source="B4" target="B3"/>
  <move id="212" source="F7" target="E7"/>
  <move id="213" source="B5" target="B4"/>
  <move id="214" source="E7" target="E6"/>
  <move id="215" source="B4" target="C4"/>
  <move id="216" source="D7" target="E7"/>
  <move id="217" source="C4" target="D4"/>
  <move id="218" source="E7" target="F7"/>
  <move id="219" source="B3" target="B4"/>
  <move id="220" source="B9" target="B8"/>
  <move id="221" source="B4" target="B5"/>
  <move id="222" source="B8" target="B7"/>
  <move id="223" source="D4" target="C4"/>
  <move id="224" source="E6" target="E7"/>
  <move id="225" source="C4" target="B4"/>
  <move id="226" source="E7" target="D7"/>
  <move id="227" source="B5" target="A5"/>
  <move id="228" source="B7" target="B6"/>
  <move id="229" source="B4" target="B5"/>
  <move id="230" source="B6" target="A6"/>
  <move id="231" source="A5" target="A4"/>
  <move id="232" source="F7" target="F6"/>
  <move id="233" source="B5" target="A5"/>
  <move id="234" source="D7" target="E7"/>
  <move id="235" source="A5" target="A6"/>
  <move id="236" source="C:" target="B:"/>
  <move id="237" source="A3" target="B3"/>
  <move id="238" source="B:" target="B9"/>
  <move id="239" source="B3" target="B4"/>
  <move id="240" source="B9" target="B8"/>
  <move id="241" source="B4" target="B5"/>
  <move id="242" source="B8" target="B7"/>
  <move id="243" source="B5" target="B6"/>
  <move id="244" source="B7" target="B6"/>
  <move id="245" source="A4" target="A5"/>
  <move id="246" source="E7" target="E6"/>
  <move id="247" source="B6" target="B5"/>
  <move id="248" source="F6" target="F7"/>
  <move id="249" source="A5" target="A6"/>
  <move id="250" source="F7" target="E7"/>
  <move id="251" source="A6" target="A7"/>
  <move id="252" source="E7" target="D7"/>
  <move id="253" source="A7" target="B7"/>
  <move id="254" source="D7" target="C7"/>
  <move id="255" source="B7" target="B8"/>
  <move id="256" source="C7" target="C8"/>
  <move id="257" source="B8" target="B9"/>
  <move id="258" source="C8" target="B8"/>
  <move id="259" source="B9" target="C9"/>
  <move id="260" source="D9" target="C9"/>
  <move id="261" source="A2" target="A3"/>
  <move id="262" source="E8" target="E7"/>
  <move id="263" source="A3" target="A4"/>
  <move id="264" source="E7" target="F7"/>
  <move id="265" source="A4" target="A5"/>
  <move id="266" source="F7" target="G7"/>
  <move id="267" source="A5" target="A6"/>
  <move id="268" source="G7" target="G8"/>
  <move id="269" source="A6" target="A7"/>
  <move id="270" source="F8" target="F7"/>
  <move id="271" source="B5" target="B6"/>
  <move id="272" source="E6" target="E7"/>
  <move id="273" source="K4" target="K5"/>
  <move id="274" source="E7" target="D7"/>
  <move id="275" source="K5" target="K6"/>
  <move id="276" source="D7" target="E7"/>
  <move id="277" source="I5" target="K5"/>
  <move id="278" source="F7" target="F6"/>
  <move id="279" source="H3" target="I3"/>
  <move id="280" source="G8" target="F8"/>
  <move id="281" source="I3" target="I4"/>
  <move id="282" source="E7" target="F7"/>
  <move id="283" source="I4" target="I5"/>
  <move id="284" source="F7" target="G7"/>
  <move id="285" source="A1" target="A2"/>
  <move id="286" source="I8" target="I7"/>
  <move id="287" source="A2" target="A3"/>
  <move id="288" source="I7" target="I8"/>
  <move id="289" source="A3" target="A4"/>
  <move id="290" source="G7" target="F7"/>
  <move id="291" source="A4" target="A5"/>
  <move id="292" source="F7" target="E7"/>
  <move id="293" source="B6" target="B5"/>
  <move id="294" source="F6" target="E6"/>
  <move id="295" source="B5" target="B4"/>
  <move id="296" source="F8" target="F7"/>
  <move id="297" source="B4" target="C4"/>
  <move id="298" source="F7" target="F6"/>
  <move id="299" source="C4" target="D4"/>
  <move id="300" source="F6" target="F7"/>
  <move id="301" source="D4" target="E4"/>
  <move id="302" source="F7" target="F8"/>
  <move id="303" source="A5" target="A6"/>
  <move id="304" source="I8" target="H8"/>
  <move id="305" source="A6" target="B6"/>
  <move id="306" source="H8" target="G8"/>
  <move id="307" source="E4" target="E5"/>
  <move id="308" source="G8" target="G7"/>
  <move id="309" source="D1" target="D2"/>
  <move id="310" source="G7" target="F7"/>
  <move id="311" source="D2" target="D3"/>
  <move id="312" source="F7" target="F6"/>
  <move id="313" source="D3" target="D4"/>
  <move id="314" source="F6" target="F5"/>
  <move id="315" source="D4" target="E4"/>
  <move id="316" source="F5" target="E5"/>
  <move id="317" source="E4" target="D4"/>
  <move id="318" source="F8" target="F7"/>
  <move id="319" source="D4" target="C4"/>
  <move id="320" source="F7" target="F6"/>
  <move id="321" source="E5" target="E4"/>
  <move id="322" source="F6" target="F5"/>
  <move id="323" source="E4" target="D4"/>
  <move id="324" source="E6" target="F6"/>
  <move id="325" source="D4" target="D3"/>
  <move id="326" source="F6" target="F7"/>
  <move id="327" source="C4" target="D4"/>
  <move id="328" source="F7" target="F8"/>
  <move id="329" source="D4" target="E4"/>
  <move id="330" source="E7" target="E6"/>
  <move id="331" source="A7" target="H7"/>
  <move id="332" source="E6" target="E5"/>
  <move id="333" source="H7" target="H9"/>
  <move id="334" source="E5" target="E4"/>
  <move id="335" source="I6" target="I7"/>
  <move id="336" source="K7" target="K6"/>
  <move id="337" source="I7" target="I8"/>
  <move id="338" source="F5" target="F4"/>
  <move id="339" source="I8" target="H8"/>
  <move id="340" source="E4" target="D4"/>
  <move id="341" source="D3" target="D2"/>
  <move id="342" source="D4" target="D3"/>
  <move id="343" source="C3" target="D3"/>
  <player id="1">Player 1</player>
  <player id="2">Player 2</player>
  <result type="3" winner="1"/>
 </game>
</stratego>