<?xml version="1.0" encoding="UTF-8"?>
<stratego>
 <game type="classic">
  
  <field content="MIEEDDEBEDBJHIHIFBDFHGLEFGCKGBBDFHBDJGDDAA__AA__AAAA__AA__AAPUUUTQPTSQPPXPWRVSNTVRNPNQQORPNSRNQYTNSP"/>
  <move id="1" source="I4" target="I5"/>
  <move id="2" source="B7" target="B6"/>
  <move id="3" source="H4" target="I4"/>
  <move id="4" source="A7" target="A6"/>
  <move id="5" source="H3" target="H4"/>
  <move id="6" source="B8" target="B7"/>
  <move id="7" source="B4" target="B6"/>
  <move id="8" source="B7" target="A7"/>
  <move id="9" source="B3" target="B4"/>
  <move id="10" source="C8" target="B8"/>
  <move id="11" source="C3" target="B3"/>
  <move id="12" source="B8" target="B7"/>
  <move id="13" source="B4" target="B5"/>
  <move id="14" source="A6" target="A5"/>
  <move id="15" source="B5" target="A5"/>
  <move id="16" source="B6" target="B5"/>
  <move id="17" source="B3" target="B4"/>
  <move id="18" source="B5" target="A5"/>
  <move id="19" source="B4" target="B5"/>
  <move id="20" source="A5" target="A6"/>
  <move id="21" source="F4" target="F5"/>
  <move id="22" source="A8" target="B8"/>
  <move id="23" source="B5" target="B6"/>
  <move id="24" source="B7" target="B6"/>
  <move id="25" source="F5" target="F7"/>
  <move id="26" source="B8" target="B2"/>
  <move id="27" source="B2" target="B3"/>
  <move id="28" source="D8" target="C8"/>
  <move id="29" source="B3" target="B4"/>
  <move id="30" source="C8" target="B8"/>
  <move id="31" source="B4" target="B5"/>
  <move id="32" source="B8" target="B7"/>
  <move id="33" source="G4" target="F4"/>
  <move id="34" source="A7" target="A8"/>
  <move id="35" source="B5" target="A5"/>
  <move id="36" source="B7" target="B6"/>
  <move id="37" source="F4" target="F5"/>
  <move id="38" source="A6" target="A7"/>
  <move id="39" source="F5" target="F6"/>
  <move id="40" source="B6" target="A6"/>
  <move id="41" source="A5" target="B5"/>
  <move id="42" source="A7" target="B7"/>
  <move id="43" source="F3" target="F4"/>
  <move id="44" source="A8" target="A7"/>
  <move id="45" source="F4" target="F5"/>
  <move id="46" source="B7" target="B8"/>
  <move id="47" source="F5" target="E5"/>
  <move id="48" source="B8" target="A8"/>
  <move id="49" source="E5" target="E6"/>
  <move id="50" source="E8" target="D8"/>
  <move id="51" source="E6" target="E7"/>
  <move id="52" source="E7" target="E8"/>
  <move id="53" source="F6" target="E6"/>
  <move id="54" source="F7" target="F6"/>
  <move id="55" source="E6" target="E7"/>
  <move id="56" source="K7" target="K6"/>
  <move id="57" source="E7" target="E8"/>
  <move id="58" source="D8" target="E8"/>
  <move id="59" source="I5" target="I7"/>
  <move id="60" source="E8" target="D8"/>
  <move id="61" source="B5" target="B6"/>
  <move id="62" source="D8" target="C8"/>
  <move id="63" source="B6" target="B7"/>
  <move id="64" source="A7" target="B7"/>
  <move id="65" source="H4" target="G4"/>
  <move id="66" source="B9" target="B8"/>
  <move id="67" source="B7" target="A7"/>
  <move id="68" source="B8" target="B7"/>
  <move id="69" source="A7" target="A6"/>
  <move id="70" source="C8" target="B8"/>
  <move id="71" source="A6" target="A7"/>
  <move id="72" source="B7" target="B6"/>
  <move id="73" source="C4" target="B4"/>
  <move id="74" source="A9" target="B9"/>
  <move id="75" source="B4" target="B5"/>
  <move id="76" source="A8" target="A9"/>
  <move id="77" source="B5" target="B6"/>
  <move id="78" source="B8" target="A8"/>
  <move id="79" source="A7" target="B7"/>
  <move id="80" source="B9" target="B8"/>
  <move id="81" source="I4" target="I5"/>
  <move id="82" source="B8" target="B7"/>
  <move id="83" source="I5" target="I6"/>
  <move id="84" source="A8" target="B8"/>
  <move id="85" source="I6" target="I7"/>
  <move id="86" source="F8" target="F7"/>
  <move id="87" source="K4" target="I4"/>
  <move id="88" source="B8" target="C8"/>
  <move id="89" source="I4" target="I5"/>
  <move id="90" source="C8" target="D8"/>
  <move id="91" source="I5" target="I6"/>
  <move id="92" source="K6" target="I6"/>
  <move id="93" source="I3" target="I4"/>
  <move id="94" source="D8" target="E8"/>
  <move id="95" source="I4" target="I5"/>
  <move id="96" source="E8" target="E7"/>
  <move id="97" source="I5" target="I6"/>
  <move id="98" source="D9" target="D8"/>
  <move id="99" source="I6" target="I7"/>
  <move id="100" source="B:" target="B9"/>
  <move id="101" source="G4" target="H4"/>
  <move id="102" source="B9" target="B8"/>
  <move id="103" source="H4" target="I4"/>
  <move id="104" source="F7" target="F8"/>
  <move id="105" source="I4" target="I5"/>
  <move id="106" source="F6" target="E6"/>
  <move id="107" source="I5" target="I6"/>
  <move id="108" source="G7" target="F7"/>
  <move id="109" source="I7" target="H7"/>
  <move id="110" source="F7" target="F6"/>
  <move id="111" source="I6" target="I7"/>
  <move id="112" source="E7" target="F7"/>
  <move id="113" source="I7" target="H7"/>
  <move id="114" source="C7" target="B7"/>
  <move id="115" source="I2" target="I8"/>
  <move id="116" source="F8" target="E8"/>
  <move id="117" source="H7" target="H8"/>
  <move id="118" source="G8" target="G7"/>
  <move id="119" source="H8" target="H9"/>
  <move id="120" source="F7" target="F8"/>
  <move id="121" source="H9" target="G9"/>
  <move id="122" source="D8" target="C8"/>
  <player id="1">Player 1</player>
  <player id="2">Player 2</player>
  <result type="3" winner="1"/>
 </game>
</stratego>