<?xml version="1.0" encoding="UTF-8"?>
<stratego>
 <game type="classic">
  
  <field content="DEBEDDEEIMFDBHIHICJBBGLFGFEKGHDDGJDBHFDBAA__AA__AAAA__AA__AATTSTPPRPSPVPVXUQUWPRPNRNOQNQSUSQPNRNYNQT"/>
  <move id="1" source="B4" target="B5"/>
  <move id="2" source="B7" target="B6"/>
  <move id="3" source="C4" target="B4"/>
  <move id="4" source="B6" target="B5"/>
  <move id="5" source="D4" target="C4"/>
  <move id="6" source="B5" target="B4"/>
  <move id="7" source="C4" target="B4"/>
  <move id="8" source="B8" target="B7"/>
  <move id="9" source="B4" target="C4"/>
  <move id="10" source="B7" target="B3"/>
  <move id="11" source="B3" target="B4"/>
  <move id="12" source="C7" target="B7"/>
  <move id="13" source="E4" target="E5"/>
  <move id="14" source="B7" target="B6"/>
  <move id="15" source="C3" target="B3"/>
  <move id="16" source="B6" target="B5"/>
  <move id="17" source="E3" target="E4"/>
  <move id="18" source="D7" target="C7"/>
  <move id="19" source="C4" target="D4"/>
  <move id="20" source="C7" target="B7"/>
  <move id="21" source="D3" target="C3"/>
  <move id="22" source="B7" target="B8"/>
  <move id="23" source="C3" target="C4"/>
  <move id="24" source="E7" target="D7"/>
  <move id="25" source="F3" target="E3"/>
  <move id="26" source="D7" target="C7"/>
  <move id="27" source="G3" target="F3"/>
  <move id="28" source="C7" target="B7"/>
  <move id="29" source="H3" target="G3"/>
  <move id="30" source="B5" target="B4"/>
  <move id="31" source="C4" target="B4"/>
  <move id="32" source="A7" target="A6"/>
  <move id="33" source="D4" target="C4"/>
  <move id="34" source="A6" target="A5"/>
  <move id="35" source="E3" target="D3"/>
  <move id="36" source="A5" target="B5"/>
  <move id="37" source="D3" target="C3"/>
  <move id="38" source="B7" target="C7"/>
  <move id="39" source="F3" target="E3"/>
  <move id="40" source="B8" target="B7"/>
  <move id="41" source="G3" target="F3"/>
  <move id="42" source="B7" target="B6"/>
  <move id="43" source="E5" target="E6"/>
  <move id="44" source="B6" target="A6"/>
  <move id="45" source="E4" target="E5"/>
  <move id="46" source="F7" target="F4"/>
  <move id="47" source="E3" target="E4"/>
  <move id="48" source="G7" target="F7"/>
  <move id="49" source="F3" target="E3"/>
  <move id="50" source="F7" target="E7"/>
  <move id="51" source="E4" target="D4"/>
  <move id="52" source="G8" target="G7"/>
  <move id="53" source="E3" target="E4"/>
  <move id="54" source="H8" target="G8"/>
  <move id="55" source="E6" target="F6"/>
  <move id="56" source="H7" target="H8"/>
  <move id="57" source="F6" target="F5"/>
  <move id="58" source="G7" target="F7"/>
  <move id="59" source="H2" target="H3"/>
  <move id="60" source="I7" target="H7"/>
  <move id="61" source="H3" target="G3"/>
  <move id="62" source="H7" target="G7"/>
  <move id="63" source="D4" target="D3"/>
  <move id="64" source="E7" target="D7"/>
  <move id="65" source="C4" target="D4"/>
  <move id="66" source="F7" target="E7"/>
  <move id="67" source="G3" target="F3"/>
  <move id="68" source="G7" target="F7"/>
  <move id="69" source="C3" target="C4"/>
  <move id="70" source="F7" target="F6"/>
  <move id="71" source="B4" target="B5"/>
  <move id="72" source="B5" target="B6"/>
  <move id="73" source="C4" target="B4"/>
  <move id="74" source="B6" target="B7"/>
  <move id="75" source="B4" target="B5"/>
  <move id="76" source="B7" target="B8"/>
  <move id="77" source="B5" target="B4"/>
  <move id="78" source="C7" target="B7"/>
  <move id="79" source="D4" target="C4"/>
  <move id="80" source="B7" target="B6"/>
  <move id="81" source="D3" target="D4"/>
  <move id="82" source="A6" target="A7"/>
  <move id="83" source="F3" target="E3"/>
  <move id="84" source="A7" target="A6"/>
  <move id="85" source="C4" target="C3"/>
  <move id="86" source="A6" target="A5"/>
  <move id="87" source="C3" target="C4"/>
  <move id="88" source="K7" target="I7"/>
  <move id="89" source="E3" target="F3"/>
  <move id="90" source="K8" target="K7"/>
  <move id="91" source="E4" target="E3"/>
  <move id="92" source="K7" target="K6"/>
  <move id="93" source="F3" target="G3"/>
  <move id="94" source="K6" target="K5"/>
  <move id="95" source="E3" target="F3"/>
  <move id="96" source="K5" target="K4"/>
  <move id="97" source="G3" target="H3"/>
  <move id="98" source="K9" target="K8"/>
  <move id="99" source="I4" target="I5"/>
  <move id="100" source="K8" target="K7"/>
  <move id="101" source="H4" target="I4"/>
  <move id="102" source="K7" target="K6"/>
  <move id="103" source="F3" target="G3"/>
  <move id="104" source="E7" target="E6"/>
  <move id="105" source="E5" target="E4"/>
  <move id="106" source="E6" target="E5"/>
  <move id="107" source="E4" target="E3"/>
  <move id="108" source="F6" target="F5"/>
  <move id="109" source="D4" target="E4"/>
  <move id="110" source="F5" target="F6"/>
  <move id="111" source="E4" target="E5"/>
  <move id="112" source="E5" target="E6"/>
  <move id="113" source="E3" target="E4"/>
  <move id="114" source="E6" target="E7"/>
  <move id="115" source="E4" target="E5"/>
  <move id="116" source="F6" target="F7"/>
  <move id="117" source="E5" target="E6"/>
  <move id="118" source="F7" target="G7"/>
  <move id="119" source="B3" target="C3"/>
  <move id="120" source="G7" target="H7"/>
  <move id="121" source="C3" target="D3"/>
  <move id="122" source="I7" target="K7"/>
  <move id="123" source="D3" target="E3"/>
  <move id="124" source="H7" target="I7"/>
  <move id="125" source="H3" target="H2"/>
  <move id="126" source="I7" target="I6"/>
  <move id="127" source="G3" target="H3"/>
  <move id="128" source="K7" target="I7"/>
  <move id="129" source="H3" target="H4"/>
  <move id="130" source="I7" target="H7"/>
  <move id="131" source="E3" target="E4"/>
  <move id="132" source="H7" target="G7"/>
  <move id="133" source="E4" target="E5"/>
  <move id="134" source="G7" target="H7"/>
  <move id="135" source="E6" target="F6"/>
  <move id="136" source="E7" target="F7"/>
  <move id="137" source="F6" target="E6"/>
  <move id="138" source="F7" target="G7"/>
  <move id="139" source="E6" target="F6"/>
  <move id="140" source="D7" target="C7"/>
  <move id="141" source="F6" target="F7"/>
  <move id="142" source="E8" target="E7"/>
  <move id="143" source="F7" target="E7"/>
  <move id="144" source="E7" target="D7"/>
  <move id="145" source="E5" target="E6"/>
  <move id="146" source="F8" target="E8"/>
  <move id="147" source="E6" target="E7"/>
  <move id="148" source="E8" target="E7"/>
  <move id="149" source="E7" target="D7"/>
  <move id="150" source="D8" target="D7"/>
  <move id="151" source="H4" target="H3"/>
  <move id="152" source="K6" target="K5"/>
  <move id="153" source="I5" target="I6"/>
  <move id="154" source="K5" target="K6"/>
  <move id="155" source="I4" target="I5"/>
  <move id="156" source="I6" target="I7"/>
  <move id="157" source="I5" target="K5"/>
  <move id="158" source="K6" target="K5"/>
  <move id="159" source="I3" target="I4"/>
  <move id="160" source="K5" target="K6"/>
  <move id="161" source="I4" target="I5"/>
  <move id="162" source="G8" target="F8"/>
  <move id="163" source="I5" target="K5"/>
  <move id="164" source="K6" target="I6"/>
  <move id="165" source="K5" target="I5"/>
  <move id="166" source="I6" target="K6"/>
  <move id="167" source="I5" target="K5"/>
  <move id="168" source="K6" target="I6"/>
  <move id="169" source="K5" target="K6"/>
  <move id="170" source="I6" target="I5"/>
  <move id="171" source="K6" target="I6"/>
  <move id="172" source="I5" target="K5"/>
  <move id="173" source="I6" target="K6"/>
  <move id="174" source="K5" target="I5"/>
  <move id="175" source="I2" target="I3"/>
  <move id="176" source="F8" target="E8"/>
  <move id="177" source="I3" target="I4"/>
  <move id="178" source="I5" target="K5"/>
  <move id="179" source="K6" target="K7"/>
  <move id="180" source="I7" target="I6"/>
  <move id="181" source="I4" target="I5"/>
  <move id="182" source="K5" target="K6"/>
  <move id="183" source="K7" target="I7"/>
  <move id="184" source="E8" target="E7"/>
  <move id="185" source="H3" target="G3"/>
  <move id="186" source="E7" target="E6"/>
  <move id="187" source="G3" target="F3"/>
  <move id="188" source="E6" target="E5"/>
  <move id="189" source="F3" target="E3"/>
  <move id="190" source="E5" target="E4"/>
  <move id="191" source="E3" target="E4"/>
  <move id="192" source="C8" target="D8"/>
  <move id="193" source="C4" target="D4"/>
  <move id="194" source="D8" target="E8"/>
  <move id="195" source="I7" target="H7"/>
  <move id="196" source="I6" target="I7"/>
  <move id="197" source="H7" target="H8"/>
  <move id="198" source="I8" target="K8"/>
  <move id="199" source="H8" target="I8"/>
  <move id="200" source="I7" target="I8"/>
  <move id="201" source="I5" target="I4"/>
  <move id="202" source="E8" target="E7"/>
  <move id="203" source="I4" target="H4"/>
  <move id="204" source="E7" target="E6"/>
  <move id="205" source="H4" target="H3"/>
  <move id="206" source="E6" target="E5"/>
  <move id="207" source="H3" target="G3"/>
  <move id="208" source="A5" target="B5"/>
  <move id="209" source="B4" target="C4"/>
  <move id="210" source="B5" target="B4"/>
  <move id="211" source="A4" target="B4"/>
  <move id="212" source="A8" target="A7"/>
  <move id="213" source="H2" target="H3"/>
  <move id="214" source="A7" target="A6"/>
  <move id="215" source="G3" target="F3"/>
  <move id="216" source="A6" target="A5"/>
  <move id="217" source="H3" target="H4"/>
  <move id="218" source="A5" target="A4"/>
  <move id="219" source="C4" target="C3"/>
  <move id="220" source="B4" target="B5"/>
  <move id="221" source="D4" target="C4"/>
  <move id="222" source="E5" target="E4"/>
  <move id="223" source="C4" target="B4"/>
  <move id="224" source="A4" target="B4"/>
  <move id="225" source="H4" target="I4"/>
  <move id="226" source="E4" target="D4"/>
  <move id="227" source="C3" target="B3"/>
  <move id="228" source="D4" target="C4"/>
  <move id="229" source="I4" target="I5"/>
  <move id="230" source="B5" target="A5"/>
  <move id="231" source="I5" target="K5"/>
  <move id="232" source="C4" target="B4"/>
  <move id="233" source="F3" target="E3"/>
  <move id="234" source="B4" target="B3"/>
  <move id="235" source="E3" target="D3"/>
  <move id="236" source="B3" target="C3"/>
  <move id="237" source="E2" target="E3"/>
  <move id="238" source="B6" target="B2"/>
  <move id="239" source="D3" target="C3"/>
  <move id="240" source="G7" target="F7"/>
  <move id="241" source="I1" target="I2"/>
  <move id="242" source="F7" target="E7"/>
  <move id="243" source="I2" target="I3"/>
  <move id="244" source="K6" target="K5"/>
  <move id="245" source="H1" target="I1"/>
  <move id="246" source="E7" target="E6"/>
  <move id="247" source="G2" target="G3"/>
  <move id="248" source="E6" target="E5"/>
  <move id="249" source="G3" target="F3"/>
  <move id="250" source="E5" target="E4"/>
  <move id="251" source="E1" target="E2"/>
  <move id="252" source="E4" target="E3"/>
  <move id="253" source="E2" target="E3"/>
  <move id="254" source="A5" target="A4"/>
  <move id="255" source="E3" target="D3"/>
  <move id="256" source="A4" target="B4"/>
  <move id="257" source="D3" target="C3"/>
  <move id="258" source="K5" target="I5"/>
  <move id="259" source="C3" target="B3"/>
  <move id="260" source="B4" target="C4"/>
  <move id="261" source="B3" target="C3"/>
  <move id="262" source="C4" target="B4"/>
  <move id="263" source="C3" target="B3"/>
  <move id="264" source="B4" target="C4"/>
  <move id="265" source="B3" target="B4"/>
  <move id="266" source="C4" target="C3"/>
  <move id="267" source="B4" target="B3"/>
  <move id="268" source="C3" target="C4"/>
  <move id="269" source="F3" target="E3"/>
  <move id="270" source="I5" target="I4"/>
  <move id="271" source="I3" target="I4"/>
  <move id="272" source="K8" target="I8"/>
  <move id="273" source="B3" target="C3"/>
  <move id="274" source="C4" target="B4"/>
  <move id="275" source="C3" target="C4"/>
  <move id="276" source="B4" target="B3"/>
  <move id="277" source="C4" target="B4"/>
  <move id="278" source="B3" target="B2"/>
  <move id="279" source="B4" target="B3"/>
  <move id="280" source="B2" target="A2"/>
  <move id="281" source="B3" target="B2"/>
  <move id="282" source="A2" target="A1"/>
  <move id="283" source="B2" target="A2"/>
  <move id="284" source="I8" target="I7"/>
  <move id="285" source="G4" target="H4"/>
  <move id="286" source="I7" target="I6"/>
  <move id="287" source="F2" target="F3"/>
  <move id="288" source="B8" target="B7"/>
  <move id="289" source="E3" target="D3"/>
  <move id="290" source="B7" target="B6"/>
  <move id="291" source="D3" target="C3"/>
  <move id="292" source="B6" target="B5"/>
  <move id="293" source="C3" target="B3"/>
  <move id="294" source="B5" target="A5"/>
  <move id="295" source="B3" target="B2"/>
  <move id="296" source="A5" target="A4"/>
  <move id="297" source="B2" target="B3"/>
  <move id="298" source="A4" target="A5"/>
  <move id="299" source="A2" target="B2"/>
  <move id="300" source="A1" target="A2"/>
  <move id="301" source="D2" target="D3"/>
  <move id="302" source="I6" target="I7"/>
  <move id="303" source="D3" target="E3"/>
  <move id="304" source="I7" target="H7"/>
  <move id="305" source="D1" target="D2"/>
  <move id="306" source="H7" target="G7"/>
  <move id="307" source="E3" target="E4"/>
  <move id="308" source="G7" target="F7"/>
  <move id="309" source="E4" target="E5"/>
  <move id="310" source="F7" target="F6"/>
  <move id="311" source="E5" target="E6"/>
  <move id="312" source="F6" target="F5"/>
  <move id="313" source="E6" target="E5"/>
  <move id="314" source="F5" target="F6"/>
  <move id="315" source="E5" target="E6"/>
  <move id="316" source="F6" target="F5"/>
  <move id="317" source="F3" target="E3"/>
  <move id="318" source="A5" target="A4"/>
  <move id="319" source="E3" target="E4"/>
  <move id="320" source="A4" target="B4"/>
  <move id="321" source="B3" target="B4"/>
  <move id="322" source="A2" target="B2"/>
  <move id="323" source="B4" target="B3"/>
  <move id="324" source="B2" target="B1"/>
  <move id="325" source="B3" target="B2"/>
  <move id="326" source="B1" target="C1"/>
  <move id="327" source="B2" target="B3"/>
  <move id="328" source="K:" target="K9"/>
  <move id="329" source="H4" target="I4"/>
  <move id="330" source="K9" target="K8"/>
  <move id="331" source="E4" target="E3"/>
  <move id="332" source="K8" target="K7"/>
  <move id="333" source="E3" target="E4"/>
  <move id="334" source="K7" target="I7"/>
  <move id="335" source="E4" target="E5"/>
  <move id="336" source="I7" target="I6"/>
  <move id="337" source="B3" target="B4"/>
  <move id="338" source="I6" target="I5"/>
  <move id="339" source="B4" target="B5"/>
  <move id="340" source="I5" target="I4"/>
  <move id="341" source="K3" target="I3"/>
  <move id="342" source="I9" target="I8"/>
  <move id="343" source="I3" target="I4"/>
  <move id="344" source="I8" target="I7"/>
  <move id="345" source="I4" target="I5"/>
  <move id="346" source="I7" target="I6"/>
  <move id="347" source="I5" target="I6"/>
  <player id="1">Player 1</player>
  <player id="2">Player 2</player>
  <result type="3" winner="1"/>
 </game>
</stratego>