<?xml version="1.0" encoding="UTF-8"?>
<stratego>
 <game type="classic">
  
  <field content="DBFHMBFBIEEGBHEDBEDDJKCGGDEDDJGFHDLIBIFHAA__AA__AAAA__AA__AARUNPPTQSRPTWRQUXVPTPVOURPTNPSQNSNYNQQNPS"/>
  <move id="1" source="F4" target="F5"/>
  <move id="2" source="B7" target="B6"/>
  <move id="3" source="F5" target="F6"/>
  <move id="4" source="B6" target="B5"/>
  <move id="5" source="E4" target="E5"/>
  <move id="6" source="A7" target="A6"/>
  <move id="7" source="E5" target="E6"/>
  <move id="8" source="A6" target="A5"/>
  <move id="9" source="E6" target="E7"/>
  <move id="10" source="F7" target="F6"/>
  <move id="11" source="F6" target="F7"/>
  <move id="12" source="F8" target="F7"/>
  <move id="13" source="E7" target="F7"/>
  <move id="14" source="G7" target="F7"/>
  <move id="15" source="A4" target="A5"/>
  <move id="16" source="B5" target="A5"/>
  <move id="17" source="A3" target="A4"/>
  <move id="18" source="A5" target="B5"/>
  <move id="19" source="A4" target="A5"/>
  <move id="20" source="B5" target="B6"/>
  <move id="21" source="A5" target="A6"/>
  <move id="22" source="B6" target="B5"/>
  <move id="23" source="B4" target="A4"/>
  <move id="24" source="B8" target="B7"/>
  <move id="25" source="B3" target="B4"/>
  <move id="26" source="B5" target="B6"/>
  <move id="27" source="B4" target="B5"/>
  <move id="28" source="B6" target="A6"/>
  <move id="29" source="B5" target="B6"/>
  <move id="30" source="B7" target="A7"/>
  <move id="31" source="A6" target="A5"/>
  <move id="32" source="F7" target="F6"/>
  <move id="33" source="B6" target="B7"/>
  <move id="34" source="A7" target="A6"/>
  <move id="35" source="A5" target="A6"/>
  <move id="36" source="A6" target="A5"/>
  <player id="1">Player 1</player>
  <player id="2">Player 2</player>
  <result type="3" winner="2"/>
 </game>
</stratego>