<?xml version="1.0" encoding="UTF-8"?>
<stratego>
 <game type="classic">
  
  <field content="FHEDEDMBEGDBBIGDIEHBDFBJHDLICJFGGDFDEKHBAA__AA__AAAA__AA__AATRPQSPSPTPPUWVPTOXVPPNNYURUQNNQRNSNTQQSR"/>
  <move id="1" source="F4" target="F7"/>
  <move id="2" source="K7" target="K4"/>
  <move id="3" source="F3" target="F8"/>
  <move id="4" source="I7" target="I6"/>
  <move id="5" source="G3" target="F3"/>
  <move id="6" source="I6" target="I5"/>
  <move id="7" source="F3" target="F4"/>
  <move id="8" source="I5" target="I4"/>
  <move id="9" source="H4" target="I4"/>
  <move id="10" source="H7" target="I7"/>
  <move id="11" source="H3" target="H4"/>
  <move id="12" source="A7" target="A6"/>
  <move id="13" source="F4" target="F5"/>
  <move id="14" source="A6" target="A5"/>
  <move id="15" source="F5" target="F6"/>
  <move id="16" source="A5" target="B5"/>
  <move id="17" source="F6" target="F7"/>
  <move id="18" source="H8" target="H7"/>
  <move id="19" source="E4" target="E5"/>
  <move id="20" source="A8" target="A4"/>
  <move id="21" source="E5" target="E6"/>
  <move id="22" source="B5" target="A5"/>
  <move id="23" source="E6" target="E7"/>
  <move id="24" source="E7" target="E6"/>
  <move id="25" source="E3" target="E4"/>
  <move id="26" source="E6" target="E5"/>
  <move id="27" source="E4" target="E5"/>
  <move id="28" source="D7" target="E7"/>
  <move id="29" source="E5" target="E6"/>
  <move id="30" source="D8" target="D7"/>
  <move id="31" source="E6" target="E7"/>
  <move id="32" source="D7" target="E7"/>
  <move id="33" source="F7" target="E7"/>
  <move id="34" source="H7" target="H8"/>
  <move id="35" source="F2" target="F7"/>
  <move id="36" source="A5" target="A4"/>
  <move id="37" source="B4" target="B5"/>
  <move id="38" source="B7" target="A7"/>
  <move id="39" source="F7" target="G7"/>
  <move id="40" source="B8" target="B7"/>
  <move id="41" source="E7" target="F7"/>
  <move id="42" source="G7" target="H7"/>
  <move id="43" source="F7" target="F8"/>
  <move id="44" source="G8" target="F8"/>
  <move id="45" source="I4" target="I5"/>
  <move id="46" source="H7" target="G7"/>
  <move id="47" source="I5" target="I6"/>
  <move id="48" source="H8" target="H7"/>
  <move id="49" source="I6" target="I7"/>
  <player id="1">Player 1</player>
  <player id="2">Player 2</player>
  <result type="3" winner="2"/>
 </game>
</stratego>