<?xml version="1.0" encoding="UTF-8"?>
<stratego>
 <game type="classic">
  
  <field content="DEBBBGMBEFJDFBEECIDHGLDFJHFGKDBDHIGDIEDHAA__AA__AAAA__AA__AARTWQRTSXRTTNORUPPPPVPSNVPUNUQPQNQPSNYNSQ"/>
  <move id="1" source="I4" target="I7"/>
  <move id="2" source="A7" target="A6"/>
  <move id="3" source="K4" target="I4"/>
  <move id="4" source="A6" target="A5"/>
  <move id="5" source="I4" target="I5"/>
  <move id="6" source="E7" target="E6"/>
  <move id="7" source="I5" target="I6"/>
  <move id="8" source="E6" target="E5"/>
  <move id="9" source="K3" target="K7"/>
  <move id="10" source="F7" target="F6"/>
  <move id="11" source="I3" target="I4"/>
  <move id="12" source="F6" target="F5"/>
  <move id="13" source="I4" target="I5"/>
  <move id="14" source="I7" target="I6"/>
  <move id="15" source="K2" target="K3"/>
  <move id="16" source="I8" target="I7"/>
  <move id="17" source="I6" target="K6"/>
  <move id="18" source="K7" target="K6"/>
  <move id="19" source="K3" target="K4"/>
  <move id="20" source="I7" target="I5"/>
  <move id="21" source="I5" target="I4"/>
  <move id="22" source="H8" target="I8"/>
  <move id="23" source="I4" target="I3"/>
  <move id="24" source="I8" target="I7"/>
  <move id="25" source="I3" target="K3"/>
  <move id="26" source="I7" target="I6"/>
  <move id="27" source="H4" target="I4"/>
  <move id="28" source="I6" target="K6"/>
  <move id="29" source="K3" target="K2"/>
  <move id="30" source="G8" target="H8"/>
  <move id="31" source="K4" target="K3"/>
  <move id="32" source="H8" target="I8"/>
  <move id="33" source="K3" target="I3"/>
  <move id="34" source="I8" target="I7"/>
  <move id="35" source="I4" target="I5"/>
  <move id="36" source="I7" target="I8"/>
  <move id="37" source="I3" target="I4"/>
  <move id="38" source="I8" target="H8"/>
  <move id="39" source="I4" target="H4"/>
  <move id="40" source="G7" target="G8"/>
  <move id="41" source="E4" target="E5"/>
  <move id="42" source="F5" target="E5"/>
  <move id="43" source="F4" target="F5"/>
  <move id="44" source="E5" target="F5"/>
  <move id="45" source="F3" target="F4"/>
  <move id="46" source="F5" target="F6"/>
  <move id="47" source="F4" target="F5"/>
  <move id="48" source="F6" target="F7"/>
  <move id="49" source="F5" target="F6"/>
  <move id="50" source="F7" target="G7"/>
  <move id="51" source="F6" target="F7"/>
  <move id="52" source="D7" target="E7"/>
  <move id="53" source="E3" target="F3"/>
  <move id="54" source="E7" target="E6"/>
  <move id="55" source="D3" target="E3"/>
  <move id="56" source="E6" target="E5"/>
  <move id="57" source="E3" target="E4"/>
  <move id="58" source="E5" target="E4"/>
  <move id="59" source="E4" target="E3"/>
  <move id="60" source="F8" target="F7"/>
  <move id="61" source="F7" target="G7"/>
  <move id="62" source="H7" target="I7"/>
  <move id="63" source="E3" target="E4"/>
  <move id="64" source="I7" target="K7"/>
  <move id="65" source="E4" target="F4"/>
  <move id="66" source="G8" target="G7"/>
  <move id="67" source="F3" target="E3"/>
  <move id="68" source="G7" target="H7"/>
  <move id="69" source="E3" target="D3"/>
  <move id="70" source="H7" target="I7"/>
  <move id="71" source="G3" target="F3"/>
  <move id="72" source="I7" target="I6"/>
  <move id="73" source="I5" target="I4"/>
  <move id="74" source="I6" target="I5"/>
  <move id="75" source="F3" target="E3"/>
  <move id="76" source="K6" target="I6"/>
  <move id="77" source="E3" target="E4"/>
  <move id="78" source="I5" target="I4"/>
  <move id="79" source="H4" target="I4"/>
  <move id="80" source="I6" target="I5"/>
  <move id="81" source="I4" target="I3"/>
  <move id="82" source="I5" target="I4"/>
  <move id="83" source="I3" target="K3"/>
  <move id="84" source="I4" target="I3"/>
  <move id="85" source="K3" target="K4"/>
  <move id="86" source="I3" target="I4"/>
  <move id="87" source="K4" target="K3"/>
  <move id="88" source="E8" target="E7"/>
  <move id="89" source="I2" target="I4"/>
  <move id="90" source="K7" target="K6"/>
  <move id="91" source="H3" target="I3"/>
  <move id="92" source="K6" target="K5"/>
  <move id="93" source="I3" target="I2"/>
  <move id="94" source="K5" target="K4"/>
  <move id="95" source="K3" target="K4"/>
  <move id="96" source="K4" target="K3"/>
  <move id="97" source="H2" target="H3"/>
  <move id="98" source="K8" target="K7"/>
  <move id="99" source="B4" target="B5"/>
  <move id="100" source="A5" target="A4"/>
  <move id="101" source="C4" target="B4"/>
  <move id="102" source="K7" target="K6"/>
  <move id="103" source="C3" target="C4"/>
  <move id="104" source="K6" target="K5"/>
  <move id="105" source="B3" target="C3"/>
  <move id="106" source="K5" target="K4"/>
  <move id="107" source="H3" target="G3"/>
  <move id="108" source="K3" target="I3"/>
  <move id="109" source="G3" target="F3"/>
  <move id="110" source="I3" target="I2"/>
  <move id="111" source="K2" target="K3"/>
  <move id="112" source="K4" target="I4"/>
  <move id="113" source="F4" target="F5"/>
  <move id="114" source="I4" target="H4"/>
  <move id="115" source="K3" target="K4"/>
  <move id="116" source="H4" target="H3"/>
  <move id="117" source="E4" target="E5"/>
  <move id="118" source="H3" target="G3"/>
  <move id="119" source="F3" target="E3"/>
  <move id="120" source="I2" target="I3"/>
  <move id="121" source="E3" target="E4"/>
  <move id="122" source="G3" target="H3"/>
  <move id="123" source="D3" target="E3"/>
  <move id="124" source="H3" target="H2"/>
  <move id="125" source="C3" target="D3"/>
  <move id="126" source="I3" target="H3"/>
  <move id="127" source="E5" target="E6"/>
  <move id="128" source="H3" target="G3"/>
  <move id="129" source="G2" target="G3"/>
  <move id="130" source="H2" target="G2"/>
  <move id="131" source="K4" target="K3"/>
  <move id="132" source="G2" target="F2"/>
  <move id="133" source="E3" target="F3"/>
  <move id="134" source="F2" target="G2"/>
  <move id="135" source="D3" target="E3"/>
  <move id="136" source="G2" target="G1"/>
  <player id="1">Player 1</player>
  <player id="2">Player 2</player>
  <result type="1" winner="2"/>
 </game>
</stratego>