<?xml version="1.0" encoding="UTF-8"?>
<stratego>
 <game type="classic">
  
  <field content="MBEEDDEFDFBDJBJIBBEBIDICGEDHDFGHLKHGDHFGAA__AA__AAAA__AA__AARPURPTQTRSNSPXUPWUPQQPVYTTOVNSPNRNQNNSQP"/>
  <move id="1" source="B4" target="B5"/>
  <move id="2" source="E7" target="E6"/>
  <move id="3" source="E4" target="E5"/>
  <move id="4" source="E8" target="E7"/>
  <move id="5" source="E5" target="E6"/>
  <move id="6" source="E7" target="E6"/>
  <move id="7" source="E3" target="E4"/>
  <move id="8" source="E6" target="E7"/>
  <move id="9" source="E4" target="E5"/>
  <move id="10" source="E7" target="E8"/>
  <move id="11" source="E5" target="E6"/>
  <move id="12" source="K7" target="K6"/>
  <move id="13" source="E6" target="E7"/>
  <move id="14" source="K6" target="K5"/>
  <move id="15" source="E7" target="D7"/>
  <move id="16" source="C7" target="D7"/>
  <move id="17" source="F3" target="E3"/>
  <move id="18" source="F7" target="F6"/>
  <move id="19" source="F4" target="F5"/>
  <move id="20" source="F8" target="F7"/>
  <move id="21" source="F5" target="F6"/>
  <move id="22" source="F7" target="E7"/>
  <move id="23" source="G3" target="F3"/>
  <move id="24" source="E7" target="E3"/>
  <move id="25" source="F3" target="F4"/>
  <move id="26" source="F6" target="F7"/>
  <move id="27" source="F4" target="F5"/>
  <move id="28" source="F7" target="F8"/>
  <move id="29" source="F5" target="F6"/>
  <move id="30" source="D7" target="C7"/>
  <move id="31" source="F6" target="F7"/>
  <move id="32" source="B7" target="B6"/>
  <move id="33" source="B5" target="B6"/>
  <move id="34" source="B8" target="B7"/>
  <move id="35" source="B6" target="B5"/>
  <move id="36" source="B7" target="B8"/>
  <move id="37" source="F7" target="G7"/>
  <move id="38" source="C7" target="B7"/>
  <move id="39" source="B5" target="B4"/>
  <move id="40" source="C8" target="C7"/>
  <move id="41" source="F2" target="F3"/>
  <move id="42" source="C7" target="D7"/>
  <move id="43" source="F3" target="F4"/>
  <move id="44" source="B7" target="B6"/>
  <move id="45" source="F4" target="F5"/>
  <move id="46" source="B6" target="B5"/>
  <move id="47" source="F5" target="F6"/>
  <move id="48" source="I7" target="I6"/>
  <move id="49" source="F6" target="F7"/>
  <move id="50" source="I6" target="K6"/>
  <move id="51" source="F7" target="E7"/>
  <move id="52" source="I8" target="I7"/>
  <move id="53" source="E2" target="F2"/>
  <move id="54" source="I7" target="I6"/>
  <move id="55" source="F2" target="F3"/>
  <move id="56" source="I6" target="I5"/>
  <move id="57" source="F3" target="F4"/>
  <move id="58" source="H8" target="I8"/>
  <move id="59" source="F4" target="F5"/>
  <move id="60" source="G7" target="F7"/>
  <move id="61" source="E7" target="F7"/>
  <move id="62" source="E8" target="E7"/>
  <move id="63" source="F5" target="F6"/>
  <move id="64" source="E7" target="F7"/>
  <move id="65" source="F6" target="F7"/>
  <move id="66" source="D7" target="F7"/>
  <move id="67" source="G4" target="F4"/>
  <move id="68" source="D8" target="D7"/>
  <move id="69" source="F7" target="F6"/>
  <move id="70" source="D7" target="E7"/>
  <move id="71" source="F4" target="E4"/>
  <move id="72" source="E7" target="D7"/>
  <move id="73" source="E4" target="E5"/>
  <move id="74" source="G8" target="G7"/>
  <move id="75" source="F6" target="F5"/>
  <move id="76" source="G9" target="G8"/>
  <move id="77" source="F5" target="F4"/>
  <move id="78" source="F8" target="E8"/>
  <move id="79" source="F4" target="F3"/>
  <move id="80" source="E8" target="E7"/>
  <move id="81" source="H3" target="G3"/>
  <move id="82" source="F9" target="F8"/>
  <move id="83" source="G3" target="G4"/>
  <move id="84" source="B5" target="B4"/>
  <move id="85" source="C4" target="B4"/>
  <move id="86" source="E7" target="F7"/>
  <move id="87" source="B4" target="C4"/>
  <move id="88" source="F7" target="E7"/>
  <move id="89" source="D4" target="E4"/>
  <move id="90" source="G7" target="F7"/>
  <move id="91" source="E5" target="F5"/>
  <move id="92" source="F7" target="F6"/>
  <move id="93" source="C4" target="D4"/>
  <move id="94" source="F6" target="F5"/>
  <move id="95" source="E4" target="F4"/>
  <move id="96" source="F5" target="F4"/>
  <move id="97" source="D4" target="E4"/>
  <move id="98" source="G8" target="G7"/>
  <move id="99" source="E4" target="E5"/>
  <move id="100" source="G7" target="F7"/>
  <move id="101" source="E5" target="E6"/>
  <move id="102" source="E7" target="E8"/>
  <move id="103" source="F3" target="F4"/>
  <move id="104" source="H9" target="H8"/>
  <move id="105" source="F4" target="E4"/>
  <move id="106" source="H8" target="G8"/>
  <move id="107" source="E4" target="D4"/>
  <move id="108" source="G8" target="G7"/>
  <move id="109" source="D4" target="C4"/>
  <move id="110" source="C9" target="C8"/>
  <move id="111" source="C4" target="B4"/>
  <move id="112" source="C8" target="C7"/>
  <move id="113" source="B4" target="B5"/>
  <move id="114" source="C7" target="B7"/>
  <move id="115" source="C3" target="C4"/>
  <move id="116" source="B7" target="B6"/>
  <move id="117" source="C4" target="D4"/>
  <move id="118" source="B6" target="B5"/>
  <move id="119" source="C2" target="C3"/>
  <move id="120" source="H7" target="H8"/>
  <move id="121" source="C3" target="C4"/>
  <move id="122" source="H8" target="H9"/>
  <move id="123" source="C4" target="B4"/>
  <move id="124" source="B8" target="C8"/>
  <move id="125" source="B4" target="B5"/>
  <move id="126" source="B9" target="B5"/>
  <move id="127" source="B5" target="B6"/>
  <move id="128" source="D7" target="C7"/>
  <move id="129" source="B6" target="A6"/>
  <move id="130" source="A7" target="B7"/>
  <move id="131" source="A6" target="A7"/>
  <move id="132" source="B7" target="B8"/>
  <move id="133" source="A4" target="B4"/>
  <move id="134" source="C7" target="B7"/>
  <move id="135" source="A7" target="A6"/>
  <move id="136" source="B7" target="B6"/>
  <move id="137" source="A6" target="A5"/>
  <move id="138" source="B8" target="B9"/>
  <move id="139" source="B4" target="B5"/>
  <move id="140" source="B6" target="B5"/>
  <move id="141" source="A5" target="A6"/>
  <move id="142" source="B5" target="B6"/>
  <move id="143" source="A6" target="A7"/>
  <move id="144" source="F8" target="F9"/>
  <move id="145" source="B3" target="B4"/>
  <move id="146" source="E8" target="D8"/>
  <move id="147" source="B4" target="B5"/>
  <move id="148" source="B6" target="B7"/>
  <move id="149" source="A7" target="A6"/>
  <move id="150" source="C8" target="C7"/>
  <move id="151" source="E6" target="E7"/>
  <move id="152" source="F7" target="E7"/>
  <move id="153" source="D4" target="E4"/>
  <move id="154" source="G7" target="F7"/>
  <move id="155" source="E4" target="E5"/>
  <move id="156" source="K6" target="K7"/>
  <move id="157" source="E5" target="E6"/>
  <move id="158" source="I8" target="H8"/>
  <move id="159" source="E6" target="E7"/>
  <player id="1">Player 1</player>
  <player id="2">Player 2</player>
  <result type="3" winner="2"/>
 </game>
</stratego>