<?xml version="1.0" encoding="UTF-8"?>
<stratego>
 <game type="barrage">
  
  <field content="AAAMEABAAADAAAAAAAAAAAAAAAAAAAALAAACAAKDAA__AA__AAAA__AA__AAPXAAPWAAAAAAAAAAAAAANOAAAAAAAAYQAAAAAAAA"/>
  <move id="1" source="I4" target="H4"/>
  <move id="2" source="E7" target="E1"/>
  <move id="3" source="H4" target="G4"/>
  <move id="4" source="B7" target="B6"/>
  <move id="5" source="G4" target="G3"/>
  <move id="6" source="B6" target="B5"/>
  <move id="7" source="B4" target="B5"/>
  <move id="8" source="A7" target="A6"/>
  <move id="9" source="G3" target="F3"/>
  <move id="10" source="A6" target="A5"/>
  <move id="11" source="F3" target="E3"/>
  <move id="12" source="A5" target="A4"/>
  <move id="13" source="E3" target="D3"/>
  <move id="14" source="F7" target="F6"/>
  <move id="15" source="A2" target="A4"/>
  <move id="16" source="F6" target="F5"/>
  <move id="17" source="F4" target="E4"/>
  <move id="18" source="F5" target="F4"/>
  <move id="19" source="D3" target="E3"/>
  <move id="20" source="F4" target="E4"/>
  <move id="21" source="E3" target="E4"/>
  <move id="22" source="B9" target="B8"/>
  <move id="23" source="E1" target="E2"/>
  <move id="24" source="B8" target="B7"/>
  <move id="25" source="E2" target="E3"/>
  <move id="26" source="B7" target="B6"/>
  <move id="27" source="E3" target="D3"/>
  <move id="28" source="B6" target="B5"/>
  <move id="29" source="D3" target="C3"/>
  <move id="30" source="B5" target="B4"/>
  <move id="31" source="C3" target="B3"/>
  <move id="32" source="B4" target="C4"/>
  <move id="33" source="B3" target="C3"/>
  <move id="34" source="C4" target="B4"/>
  <move id="35" source="K4" target="B4"/>
  <player id="1">Player 1</player>
  <player id="2">Player 2</player>
  <result type="3" winner="1"/>
 </game>
</stratego>