<?xml version="1.0" encoding="UTF-8"?>
<stratego>
 <game type="barrage">
  
  <field content="AAAMAEKAAABAAAAAAAAAAAAAAAAACAALAADAAAADAA__AA__AAAA__AA__AAPNAPWOAAAAAAAAAAAAAAXAAAAAAAAAYQAAAAAAAA"/>
  <move id="1" source="I3" target="H3"/>
  <move id="2" source="F7" target="F6"/>
  <move id="3" source="H3" target="G3"/>
  <move id="4" source="F6" target="F5"/>
  <move id="5" source="G3" target="F3"/>
  <move id="6" source="E7" target="E6"/>
  <move id="7" source="K4" target="K5"/>
  <move id="8" source="E6" target="E5"/>
  <move id="9" source="F3" target="F4"/>
  <move id="10" source="D7" target="E7"/>
  <move id="11" source="K5" target="K6"/>
  <move id="12" source="E7" target="F7"/>
  <move id="13" source="K6" target="K7"/>
  <move id="14" source="F7" target="G7"/>
  <move id="15" source="K7" target="K8"/>
  <move id="16" source="G7" target="G8"/>
  <move id="17" source="K8" target="K9"/>
  <move id="18" source="G8" target="G9"/>
  <move id="19" source="K9" target="K:"/>
  <move id="20" source="G9" target="G:"/>
  <move id="21" source="K:" target="K9"/>
  <move id="22" source="G:" target="G9"/>
  <move id="23" source="K9" target="K8"/>
  <move id="24" source="G9" target="H9"/>
  <move id="25" source="K8" target="I8"/>
  <move id="26" source="A7" target="A8"/>
  <move id="27" source="B4" target="B5"/>
  <move id="28" source="A8" target="B8"/>
  <move id="29" source="B5" target="A5"/>
  <move id="30" source="B8" target="C8"/>
  <move id="31" source="A5" target="A6"/>
  <move id="32" source="C8" target="D8"/>
  <move id="33" source="A6" target="A7"/>
  <move id="34" source="D8" target="E8"/>
  <move id="35" source="A7" target="A8"/>
  <move id="36" source="A9" target="A8"/>
  <move id="37" source="E4" target="D4"/>
  <move id="38" source="E5" target="E4"/>
  <move id="39" source="D4" target="C4"/>
  <move id="40" source="E4" target="F4"/>
  <move id="41" source="C4" target="B4"/>
  <move id="42" source="F4" target="F3"/>
  <move id="43" source="B4" target="A4"/>
  <move id="44" source="E8" target="A8"/>
  <move id="45" source="A4" target="A8"/>
  <move id="46" source="H9" target="A9"/>
  <move id="47" source="I8" target="B8"/>
  <move id="48" source="F3" target="F2"/>
  <move id="49" source="B8" target="E8"/>
  <move id="50" source="F5" target="F4"/>
  <move id="51" source="E8" target="E3"/>
  <move id="52" source="F4" target="F3"/>
  <move id="53" source="E3" target="F3"/>
  <move id="54" source="F2" target="F3"/>
  <move id="55" source="G1" target="G2"/>
  <move id="56" source="F3" target="F2"/>
  <move id="57" source="G2" target="F2"/>
  <move id="58" source="A9" target="A8"/>
  <move id="59" source="F1" target="F2"/>
  <move id="60" source="B:" target="B9"/>
  <move id="61" source="F2" target="F3"/>
  <move id="62" source="B9" target="B8"/>
  <move id="63" source="F3" target="F4"/>
  <move id="64" source="A8" target="A3"/>
  <move id="65" source="F4" target="E4"/>
  <move id="66" source="A3" target="F3"/>
  <move id="67" source="E4" target="D4"/>
  <move id="68" source="B8" target="A8"/>
  <move id="69" source="D4" target="E4"/>
  <move id="70" source="A8" target="A7"/>
  <move id="71" source="E4" target="E5"/>
  <move id="72" source="A7" target="A6"/>
  <move id="73" source="E5" target="E6"/>
  <move id="74" source="A6" target="A5"/>
  <move id="75" source="E6" target="E7"/>
  <move id="76" source="A5" target="A4"/>
  <move id="77" source="E7" target="D7"/>
  <move id="78" source="A4" target="A3"/>
  <move id="79" source="D7" target="C7"/>
  <move id="80" source="F3" target="F1"/>
  <move id="81" source="C7" target="B7"/>
  <move id="82" source="F1" target="D1"/>
  <player id="1">Player 1</player>
  <player id="2">Player 2</player>
  <result type="1" winner="2"/>
 </game>
</stratego>