<?xml version="1.0" encoding="UTF-8"?>
<stratego>
 <game type="classic">
  
  <field content="FEDFDEBMBHDBFEFLIBBEHEBDGJCIHGDGKIDHJDGDAA__AA__AAAA__AA__AAPTRSPTVSRPQWNVPPXTPSNOUSTUNUPNRQPQQNYNQR"/>
  <move id="1" source="E4" target="E7"/>
  <move id="2" source="E8" target="E3"/>
  <move id="3" source="D4" target="E4"/>
  <move id="4" source="D7" target="E7"/>
  <move id="5" source="E4" target="E5"/>
  <move id="6" source="E7" target="E6"/>
  <move id="7" source="E5" target="E6"/>
  <move id="8" source="D8" target="D7"/>
  <move id="9" source="E6" target="E5"/>
  <move id="10" source="D7" target="E7"/>
  <move id="11" source="E5" target="E4"/>
  <move id="12" source="E7" target="E6"/>
  <move id="13" source="E4" target="D4"/>
  <move id="14" source="E6" target="E5"/>
  <move id="15" source="E3" target="E4"/>
  <move id="16" source="F7" target="E7"/>
  <move id="17" source="F4" target="F5"/>
  <move id="18" source="F8" target="F5"/>
  <move id="19" source="F5" target="E5"/>
  <move id="20" source="E5" target="E4"/>
  <move id="21" source="F3" target="F4"/>
  <move id="22" source="E4" target="D4"/>
  <move id="23" source="C4" target="D4"/>
  <move id="24" source="G8" target="F8"/>
  <move id="25" source="E2" target="E3"/>
  <move id="26" source="F8" target="F7"/>
  <move id="27" source="E3" target="E4"/>
  <move id="28" source="F7" target="F6"/>
  <move id="29" source="E4" target="E5"/>
  <move id="30" source="F6" target="F5"/>
  <move id="31" source="F4" target="F3"/>
  <move id="32" source="F5" target="E5"/>
  <move id="33" source="D3" target="E3"/>
  <move id="34" source="E5" target="F5"/>
  <move id="35" source="E3" target="E4"/>
  <move id="36" source="B7" target="B6"/>
  <move id="37" source="B4" target="B5"/>
  <move id="38" source="B6" target="B5"/>
  <move id="39" source="A4" target="A7"/>
  <move id="40" source="B8" target="B7"/>
  <move id="41" source="D4" target="C4"/>
  <move id="42" source="B7" target="B6"/>
  <move id="43" source="C4" target="B4"/>
  <move id="44" source="B5" target="A5"/>
  <move id="45" source="B4" target="B5"/>
  <move id="46" source="A5" target="A6"/>
  <move id="47" source="B5" target="B6"/>
  <move id="48" source="A6" target="B6"/>
  <move id="49" source="F3" target="E3"/>
  <move id="50" source="G7" target="F7"/>
  <move id="51" source="G3" target="F3"/>
  <move id="52" source="F7" target="F6"/>
  <move id="53" source="F3" target="F4"/>
  <move id="54" source="F6" target="E6"/>
  <move id="55" source="F4" target="F5"/>
  <move id="56" source="E6" target="F6"/>
  <move id="57" source="E4" target="E7"/>
  <move id="58" source="F6" target="F5"/>
  <move id="59" source="F2" target="F3"/>
  <move id="60" source="F5" target="F4"/>
  <move id="61" source="F3" target="F4"/>
  <player id="1">Player 1</player>
  <player id="2">Player 2</player>
  <result type="3" winner="1"/>
 </game>
</stratego>