<?xml version="1.0" encoding="UTF-8"?>
<stratego>
 <game type="classic">
  
  <field content="BGFBDMEBEBBDIEDIDEDBJHEDIHCJHDFDHLGFKGFGAA__AA__AAAA__AA__AAPSXPPRUPPTRVQWTPNQRPNUTOVUNTNSYNSQQQSNRP"/>
  <move id="1" source="F4" target="F5"/>
  <move id="2" source="E7" target="E4"/>
  <move id="3" source="F5" target="E5"/>
  <move id="4" source="E8" target="E7"/>
  <move id="5" source="E4" target="F4"/>
  <move id="6" source="E7" target="E6"/>
  <move id="7" source="E5" target="E4"/>
  <move id="8" source="E6" target="E5"/>
  <move id="9" source="B4" target="B5"/>
  <move id="10" source="E5" target="F5"/>
  <move id="11" source="B5" target="B6"/>
  <move id="12" source="F5" target="F4"/>
  <move id="13" source="G4" target="F4"/>
  <move id="14" source="F8" target="E8"/>
  <move id="15" source="E4" target="E5"/>
  <move id="16" source="F7" target="E7"/>
  <move id="17" source="E5" target="F5"/>
  <move id="18" source="E8" target="F8"/>
  <move id="19" source="F5" target="F6"/>
  <move id="20" source="G7" target="F7"/>
  <move id="21" source="F4" target="F5"/>
  <move id="22" source="E7" target="E8"/>
  <move id="23" source="H4" target="G4"/>
  <move id="24" source="F7" target="G7"/>
  <move id="25" source="G4" target="F4"/>
  <move id="26" source="D7" target="E7"/>
  <move id="27" source="F4" target="E4"/>
  <move id="28" source="E7" target="E6"/>
  <move id="29" source="E4" target="E5"/>
  <move id="30" source="E6" target="E7"/>
  <move id="31" source="E5" target="E6"/>
  <move id="32" source="E7" target="F7"/>
  <move id="33" source="E6" target="E7"/>
  <move id="34" source="E8" target="E7"/>
  <move id="35" source="E7" target="E8"/>
  <move id="36" source="E9" target="E8"/>
  <move id="37" source="F3" target="F4"/>
  <move id="38" source="D8" target="D7"/>
  <move id="39" source="F4" target="E4"/>
  <move id="40" source="D7" target="E7"/>
  <move id="41" source="E4" target="E5"/>
  <move id="42" source="E7" target="E6"/>
  <move id="43" source="F6" target="E6"/>
  <move id="44" source="E6" target="E5"/>
  <move id="45" source="E3" target="E4"/>
  <move id="46" source="E5" target="F5"/>
  <move id="47" source="E4" target="E5"/>
  <move id="48" source="F7" target="E7"/>
  <move id="49" source="E5" target="E6"/>
  <move id="50" source="C7" target="D7"/>
  <move id="51" source="F2" target="F3"/>
  <move id="52" source="E7" target="E6"/>
  <move id="53" source="F3" target="F4"/>
  <move id="54" source="D7" target="E7"/>
  <move id="55" source="E6" target="E5"/>
  <move id="56" source="E7" target="E6"/>
  <move id="57" source="E5" target="E4"/>
  <move id="58" source="E6" target="E5"/>
  <move id="59" source="E4" target="E3"/>
  <move id="60" source="E5" target="E4"/>
  <move id="61" source="G3" target="F3"/>
  <move id="62" source="F8" target="F4"/>
  <move id="63" source="D4" target="E4"/>
  <move id="64" source="E8" target="E7"/>
  <move id="65" source="F4" target="F5"/>
  <move id="66" source="E7" target="E6"/>
  <move id="67" source="F3" target="G3"/>
  <move id="68" source="E6" target="E5"/>
  <move id="69" source="F5" target="F6"/>
  <move id="70" source="E5" target="E4"/>
  <move id="71" source="E3" target="F3"/>
  <move id="72" source="E4" target="F4"/>
  <move id="73" source="F3" target="F2"/>
  <move id="74" source="F4" target="F3"/>
  <move id="75" source="F6" target="F7"/>
  <move id="76" source="F3" target="F2"/>
  <move id="77" source="G3" target="G4"/>
  <move id="78" source="B7" target="B6"/>
  <move id="79" source="A4" target="A5"/>
  <move id="80" source="B8" target="B7"/>
  <move id="81" source="A3" target="A4"/>
  <move id="82" source="F2" target="F3"/>
  <move id="83" source="A4" target="B4"/>
  <move id="84" source="B7" target="C7"/>
  <move id="85" source="B4" target="B5"/>
  <move id="86" source="B6" target="B7"/>
  <move id="87" source="B5" target="B6"/>
  <move id="88" source="B7" target="B8"/>
  <move id="89" source="B6" target="B7"/>
  <move id="90" source="C7" target="B7"/>
  <move id="91" source="F7" target="G7"/>
  <move id="92" source="B8" target="B7"/>
  <move id="93" source="A5" target="A6"/>
  <move id="94" source="F3" target="F4"/>
  <move id="95" source="G4" target="G3"/>
  <move id="96" source="B7" target="C7"/>
  <move id="97" source="A6" target="B6"/>
  <move id="98" source="C7" target="D7"/>
  <move id="99" source="I4" target="I5"/>
  <move id="100" source="D7" target="E7"/>
  <move id="101" source="I5" target="I6"/>
  <move id="102" source="D9" target="D8"/>
  <move id="103" source="I6" target="I7"/>
  <move id="104" source="I8" target="I7"/>
  <move id="105" source="K4" target="I4"/>
  <move id="106" source="D8" target="E8"/>
  <move id="107" source="I4" target="I5"/>
  <move id="108" source="E8" target="F8"/>
  <move id="109" source="I5" target="I6"/>
  <move id="110" source="F8" target="F7"/>
  <move id="111" source="I6" target="I7"/>
  <move id="112" source="F7" target="F6"/>
  <move id="113" source="I7" target="I8"/>
  <move id="114" source="F6" target="F5"/>
  <move id="115" source="I8" target="K8"/>
  <move id="116" source="K9" target="K8"/>
  <move id="117" source="K3" target="K4"/>
  <move id="118" source="F5" target="E5"/>
  <move id="119" source="D3" target="E3"/>
  <move id="120" source="E5" target="E4"/>
  <move id="121" source="E3" target="E4"/>
  <move id="122" source="F4" target="E4"/>
  <move id="123" source="G3" target="F3"/>
  <move id="124" source="E4" target="F4"/>
  <move id="125" source="F3" target="E3"/>
  <move id="126" source="B9" target="B8"/>
  <move id="127" source="K4" target="K5"/>
  <move id="128" source="B8" target="B7"/>
  <move id="129" source="B6" target="A6"/>
  <move id="130" source="F9" target="F8"/>
  <move id="131" source="K5" target="K6"/>
  <move id="132" source="F8" target="F7"/>
  <move id="133" source="K6" target="I6"/>
  <move id="134" source="F7" target="F6"/>
  <move id="135" source="I6" target="I7"/>
  <move id="136" source="F6" target="F7"/>
  <move id="137" source="I7" target="I8"/>
  <move id="138" source="F7" target="F6"/>
  <move id="139" source="I8" target="K8"/>
  <move id="140" source="F6" target="F5"/>
  <move id="141" source="K8" target="K9"/>
  <move id="142" source="F5" target="F6"/>
  <move id="143" source="K9" target="I9"/>
  <move id="144" source="E7" target="E8"/>
  <move id="145" source="I3" target="K3"/>
  <move id="146" source="E8" target="E9"/>
  <move id="147" source="I2" target="I3"/>
  <move id="148" source="E9" target="D9"/>
  <move id="149" source="I3" target="I4"/>
  <move id="150" source="F6" target="E6"/>
  <move id="151" source="I4" target="I5"/>
  <move id="152" source="E6" target="E7"/>
  <move id="153" source="I5" target="I6"/>
  <move id="154" source="E7" target="F7"/>
  <move id="155" source="I6" target="I7"/>
  <move id="156" source="F7" target="G7"/>
  <move id="157" source="I7" target="I8"/>
  <move id="158" source="G7" target="F7"/>
  <move id="159" source="I8" target="K8"/>
  <move id="160" source="F7" target="F8"/>
  <move id="161" source="K8" target="K9"/>
  <move id="162" source="F8" target="E8"/>
  <move id="163" source="K9" target="K:"/>
  <move id="164" source="E8" target="E7"/>
  <move id="165" source="K3" target="K4"/>
  <move id="166" source="E7" target="F7"/>
  <move id="167" source="K4" target="K5"/>
  <move id="168" source="F7" target="F8"/>
  <move id="169" source="K5" target="I5"/>
  <move id="170" source="F8" target="E8"/>
  <move id="171" source="I5" target="I6"/>
  <move id="172" source="E8" target="D8"/>
  <move id="173" source="I6" target="I7"/>
  <move id="174" source="D8" target="D7"/>
  <move id="175" source="I7" target="I8"/>
  <move id="176" source="D7" target="E7"/>
  <move id="177" source="I8" target="K8"/>
  <move id="178" source="E7" target="F7"/>
  <move id="179" source="K8" target="K9"/>
  <move id="180" source="F7" target="F8"/>
  <move id="181" source="K9" target="K:"/>
  <move id="182" source="F8" target="E8"/>
  <move id="183" source="K:" target="I:"/>
  <move id="184" source="E8" target="F8"/>
  <move id="185" source="H2" target="I2"/>
  <move id="186" source="F8" target="F7"/>
  <move id="187" source="I2" target="I3"/>
  <move id="188" source="F7" target="F6"/>
  <move id="189" source="I3" target="K3"/>
  <move id="190" source="F6" target="E6"/>
  <move id="191" source="K3" target="K4"/>
  <move id="192" source="E6" target="E7"/>
  <move id="193" source="K4" target="K5"/>
  <move id="194" source="E7" target="F7"/>
  <move id="195" source="K5" target="K6"/>
  <move id="196" source="F7" target="G7"/>
  <move id="197" source="K6" target="K7"/>
  <move id="198" source="K7" target="K8"/>
  <move id="199" source="G2" target="H2"/>
  <move id="200" source="K8" target="K9"/>
  <move id="201" source="H2" target="I2"/>
  <move id="202" source="K9" target="K:"/>
  <move id="203" source="I2" target="I3"/>
  <move id="204" source="K:" target="I:"/>
  <move id="205" source="I3" target="I4"/>
  <move id="206" source="H7" target="I7"/>
  <move id="207" source="I4" target="I5"/>
  <move id="208" source="G7" target="H7"/>
  <move id="209" source="I5" target="I6"/>
  <move id="210" source="D9" target="E9"/>
  <move id="211" source="G1" target="G2"/>
  <move id="212" source="I7" target="I6"/>
  <move id="213" source="G2" target="H2"/>
  <move id="214" source="H7" target="I7"/>
  <move id="215" source="H2" target="I2"/>
  <move id="216" source="I7" target="I6"/>
  <move id="217" source="H3" target="I3"/>
  <move id="218" source="I6" target="I5"/>
  <move id="219" source="I3" target="I4"/>
  <move id="220" source="I5" target="I4"/>
  <move id="221" source="I4" target="I5"/>
  <move id="222" source="B7" target="C7"/>
  <move id="223" source="I5" target="I6"/>
  <move id="224" source="C7" target="D7"/>
  <move id="225" source="I6" target="I7"/>
  <move id="226" source="D7" target="E7"/>
  <move id="227" source="I7" target="H7"/>
  <move id="228" source="E7" target="E6"/>
  <move id="229" source="H7" target="G7"/>
  <move id="230" source="E6" target="E5"/>
  <move id="231" source="A6" target="B6"/>
  <move id="232" source="E5" target="E4"/>
  <move id="233" source="B6" target="B7"/>
  <move id="234" source="E4" target="E3"/>
  <move id="235" source="B7" target="C7"/>
  <move id="236" source="F4" target="F5"/>
  <move id="237" source="G7" target="F7"/>
  <move id="238" source="F5" target="F6"/>
  <move id="239" source="F7" target="F8"/>
  <move id="240" source="F6" target="F7"/>
  <move id="241" source="F8" target="F9"/>
  <move id="242" source="E9" target="E8"/>
  <move id="243" source="C7" target="D7"/>
  <move id="244" source="E8" target="E7"/>
  <move id="245" source="D7" target="E7"/>
  <move id="246" source="E7" target="E6"/>
  <move id="247" source="B3" target="B4"/>
  <move id="248" source="F7" target="E7"/>
  <move id="249" source="B4" target="B5"/>
  <move id="250" source="E7" target="E8"/>
  <move id="251" source="B5" target="A5"/>
  <move id="252" source="H8" target="H7"/>
  <move id="253" source="A5" target="A6"/>
  <move id="254" source="H7" target="G7"/>
  <move id="255" source="I2" target="I3"/>
  <move id="256" source="G7" target="F7"/>
  <move id="257" source="I3" target="I4"/>
  <move id="258" source="F7" target="F6"/>
  <move id="259" source="I4" target="I5"/>
  <move id="260" source="F6" target="F5"/>
  <move id="261" source="E2" target="F2"/>
  <move id="262" source="F5" target="F4"/>
  <move id="263" source="I5" target="I6"/>
  <move id="264" source="F4" target="E4"/>
  <move id="265" source="I6" target="I7"/>
  <move id="266" source="E3" target="E2"/>
  <move id="267" source="F2" target="F3"/>
  <move id="268" source="E4" target="E3"/>
  <move id="269" source="C3" target="B3"/>
  <move id="270" source="E3" target="D3"/>
  <move id="271" source="B3" target="A3"/>
  <move id="272" source="E2" target="E3"/>
  <move id="273" source="F3" target="F4"/>
  <move id="274" source="D3" target="D2"/>
  <move id="275" source="F4" target="G4"/>
  <move id="276" source="E3" target="D3"/>
  <move id="277" source="G4" target="F4"/>
  <move id="278" source="D3" target="C3"/>
  <move id="279" source="C4" target="D4"/>
  <move id="280" source="C3" target="B3"/>
  <move id="281" source="A6" target="B6"/>
  <move id="282" source="B3" target="A3"/>
  <move id="283" source="B6" target="B7"/>
  <move id="284" source="A3" target="A4"/>
  <move id="285" source="B7" target="B8"/>
  <move id="286" source="A8" target="B8"/>
  <move id="287" source="I7" target="H7"/>
  <move id="288" source="A4" target="B4"/>
  <move id="289" source="D4" target="D3"/>
  <move id="290" source="B4" target="B3"/>
  <move id="291" source="F4" target="G4"/>
  <move id="292" source="B3" target="C3"/>
  <move id="293" source="D3" target="E3"/>
  <move id="294" source="C3" target="D3"/>
  <move id="295" source="E3" target="E2"/>
  <move id="296" source="D3" target="D2"/>
  <move id="297" source="E2" target="E3"/>
  <move id="298" source="D2" target="D3"/>
  <move id="299" source="E3" target="E4"/>
  <move id="300" source="D3" target="C3"/>
  <move id="301" source="H7" target="G7"/>
  <move id="302" source="C3" target="B3"/>
  <move id="303" source="G4" target="H4"/>
  <move id="304" source="A7" target="A2"/>
  <move id="305" source="H4" target="I4"/>
  <move id="306" source="C9" target="B9"/>
  <move id="307" source="B8" target="B9"/>
  <move id="308" source="C8" target="C7"/>
  <move id="309" source="I4" target="I5"/>
  <move id="310" source="C7" target="B7"/>
  <move id="311" source="I5" target="I6"/>
  <move id="312" source="B7" target="B6"/>
  <move id="313" source="I6" target="I7"/>
  <move id="314" source="B6" target="B5"/>
  <move id="315" source="I7" target="I8"/>
  <move id="316" source="B5" target="B4"/>
  <move id="317" source="I8" target="H8"/>
  <move id="318" source="B4" target="A4"/>
  <move id="319" source="H8" target="H9"/>
  <move id="320" source="H9" target="H8"/>
  <move id="321" source="G7" target="H7"/>
  <move id="322" source="H8" target="I8"/>
  <move id="323" source="H7" target="I7"/>
  <move id="324" source="I8" target="K8"/>
  <move id="325" source="E4" target="F4"/>
  <move id="326" source="A4" target="A3"/>
  <move id="327" source="I7" target="H7"/>
  <move id="328" source="A3" target="A2"/>
  <move id="329" source="F4" target="G4"/>
  <move id="330" source="A2" target="B2"/>
  <move id="331" source="H7" target="H8"/>
  <move id="332" source="B2" target="B1"/>
  <move id="333" source="H8" target="H9"/>
  <move id="334" source="B3" target="B2"/>
  <move id="335" source="C2" target="B2"/>
  <move id="336" source="K8" target="I8"/>
  <move id="337" source="H9" target="G9"/>
  <move id="338" source="G:" target="G9"/>
  <move id="339" source="F9" target="G9"/>
  <move id="340" source="E8" target="F8"/>
  <move id="341" source="G4" target="F4"/>
  <move id="342" source="E6" target="E5"/>
  <move id="343" source="B1" target="B2"/>
  <move id="344" source="D:" target="D9"/>
  <move id="345" source="B2" target="B3"/>
  <move id="346" source="D9" target="D8"/>
  <move id="347" source="B3" target="B4"/>
  <move id="348" source="D8" target="C8"/>
  <move id="349" source="B4" target="B5"/>
  <move id="350" source="C8" target="B8"/>
  <move id="351" source="B5" target="B6"/>
  <move id="352" source="I8" target="I7"/>
  <move id="353" source="B6" target="B7"/>
  <move id="354" source="B8" target="C8"/>
  <move id="355" source="B7" target="B8"/>
  <move id="356" source="C8" target="C7"/>
  <move id="357" source="I1" target="I2"/>
  <move id="358" source="C:" target="C9"/>
  <move id="359" source="I2" target="H2"/>
  <move id="360" source="C9" target="B9"/>
  <move id="361" source="B8" target="B7"/>
  <move id="362" source="C7" target="D7"/>
  <move id="363" source="H2" target="G2"/>
  <move id="364" source="B9" target="B8"/>
  <move id="365" source="B7" target="C7"/>
  <move id="366" source="D7" target="D8"/>
  <move id="367" source="F4" target="E4"/>
  <move id="368" source="E5" target="E4"/>
  <move id="369" source="G2" target="F2"/>
  <move id="370" source="I7" target="H7"/>
  <move id="371" source="E4" target="D4"/>
  <move id="372" source="H7" target="G7"/>
  <move id="373" source="D4" target="C4"/>
  <move id="374" source="G7" target="F7"/>
  <move id="375" source="C4" target="B4"/>
  <move id="376" source="B8" target="B7"/>
  <move id="377" source="C7" target="C8"/>
  <move id="378" source="D8" target="D7"/>
  <move id="379" source="B4" target="B5"/>
  <move id="380" source="B7" target="B8"/>
  <move id="381" source="C8" target="C9"/>
  <move id="382" source="D7" target="E7"/>
  <move id="383" source="B5" target="B6"/>
  <move id="384" source="E7" target="E6"/>
  <move id="385" source="B6" target="B7"/>
  <move id="386" source="B8" target="C8"/>
  <move id="387" source="F2" target="E2"/>
  <move id="388" source="F7" target="E7"/>
  <move id="389" source="E2" target="D2"/>
  <move id="390" source="E7" target="D7"/>
  <move id="391" source="C9" target="C:"/>
  <move id="392" source="D7" target="C7"/>
  <move id="393" source="B7" target="B8"/>
  <move id="394" source="C8" target="D8"/>
  <move id="395" source="D2" target="C2"/>
  <move id="396" source="C7" target="B7"/>
  <move id="397" source="B8" target="B7"/>
  <move id="398" source="E6" target="E5"/>
  <move id="399" source="C:" target="C9"/>
  <move id="400" source="D8" target="C8"/>
  <move id="401" source="C9" target="C8"/>
  <move id="402" source="E:" target="D:"/>
  <move id="403" source="C2" target="B2"/>
  <move id="404" source="D:" target="D9"/>
  <move id="405" source="B2" target="A2"/>
  <move id="406" source="D9" target="D8"/>
  <move id="407" source="C1" target="C2"/>
  <move id="408" source="D8" target="C8"/>
  <move id="409" source="A2" target="A3"/>
  <move id="410" source="C8" target="B8"/>
  <move id="411" source="C2" target="B2"/>
  <move id="412" source="B8" target="B7"/>
  <move id="413" source="B2" target="B3"/>
  <move id="414" source="B7" target="A7"/>
  <move id="415" source="B3" target="C3"/>
  <move id="416" source="E5" target="E4"/>
  <move id="417" source="C3" target="D3"/>
  <move id="418" source="E4" target="F4"/>
  <move id="419" source="D3" target="E3"/>
  <move id="420" source="F4" target="G4"/>
  <move id="421" source="E3" target="F3"/>
  <move id="422" source="G4" target="H4"/>
  <move id="423" source="F3" target="G3"/>
  <move id="424" source="H4" target="I4"/>
  <move id="425" source="G3" target="H3"/>
  <move id="426" source="F:" target="E:"/>
  <move id="427" source="G9" target="H9"/>
  <move id="428" source="F8" target="F7"/>
  <move id="429" source="H9" target="H8"/>
  <move id="430" source="F7" target="G7"/>
  <move id="431" source="H8" target="H9"/>
  <move id="432" source="G7" target="F7"/>
  <move id="433" source="H9" target="G9"/>
  <move id="434" source="F7" target="F8"/>
  <move id="435" source="A3" target="B3"/>
  <move id="436" source="E:" target="E9"/>
  <move id="437" source="B3" target="C3"/>
  <move id="438" source="E9" target="E8"/>
  <move id="439" source="G9" target="H9"/>
  <move id="440" source="F8" target="F7"/>
  <move id="441" source="H9" target="H8"/>
  <move id="442" source="F7" target="G7"/>
  <move id="443" source="H8" target="H9"/>
  <move id="444" source="A7" target="A6"/>
  <move id="445" source="C3" target="C4"/>
  <move id="446" source="A6" target="A5"/>
  <move id="447" source="C4" target="B4"/>
  <move id="448" source="E8" target="E7"/>
  <move id="449" source="E1" target="E2"/>
  <move id="450" source="E7" target="E6"/>
  <move id="451" source="E2" target="D2"/>
  <move id="452" source="E6" target="E5"/>
  <move id="453" source="B4" target="B5"/>
  <move id="454" source="A5" target="B5"/>
  <move id="455" source="D2" target="D3"/>
  <move id="456" source="G7" target="F7"/>
  <move id="457" source="D3" target="D4"/>
  <move id="458" source="F7" target="F6"/>
  <move id="459" source="D4" target="E4"/>
  <move id="460" source="F6" target="F5"/>
  <move id="461" source="H9" target="H8"/>
  <move id="462" source="E5" target="E4"/>
  <player id="1">Player 1</player>
  <player id="2">Player 2</player>
  <result type="3" winner="2"/>
 </game>
</stratego>