<?xml version="1.0" encoding="UTF-8"?>
<stratego>
 <game type="classic">
  
  <field content="EEIBMBHCDFFBEHBEBHKDBDGIDIJJELDDHFDDFGGGAA__AA__AAAA__AA__AASRUPPTPPSPUSXOQVUNSPNNTQWQVNTNRNQPQYRTPR"/>
  <move id="1" source="K4" target="K5"/>
  <move id="2" source="I7" target="I6"/>
  <move id="3" source="K5" target="K6"/>
  <move id="4" source="I6" target="I5"/>
  <move id="5" source="K6" target="K7"/>
  <move id="6" source="H7" target="I7"/>
  <move id="7" source="K7" target="K8"/>
  <move id="8" source="I7" target="K7"/>
  <move id="9" source="K8" target="K9"/>
  <move id="10" source="K7" target="K3"/>
  <move id="11" source="K3" target="K4"/>
  <move id="12" source="E7" target="E4"/>
  <move id="13" source="I4" target="I5"/>
  <move id="14" source="E8" target="E7"/>
  <move id="15" source="K4" target="K5"/>
  <move id="16" source="E7" target="E6"/>
  <move id="17" source="K5" target="K6"/>
  <move id="18" source="F7" target="F6"/>
  <move id="19" source="K6" target="K7"/>
  <move id="20" source="F6" target="F5"/>
  <move id="21" source="K7" target="I7"/>
  <move id="22" source="D7" target="E7"/>
  <move id="23" source="H4" target="I4"/>
  <move id="24" source="F5" target="E5"/>
  <move id="25" source="K2" target="K8"/>
  <move id="26" source="E5" target="E4"/>
  <move id="27" source="K8" target="I8"/>
  <move id="28" source="E6" target="E5"/>
  <move id="29" source="I3" target="K3"/>
  <move id="30" source="G7" target="F7"/>
  <move id="31" source="K3" target="K4"/>
  <move id="32" source="F7" target="F4"/>
  <move id="33" source="G4" target="F4"/>
  <move id="34" source="E4" target="F4"/>
  <move id="35" source="F3" target="F4"/>
  <move id="36" source="E5" target="E4"/>
  <move id="37" source="F4" target="F5"/>
  <move id="38" source="E4" target="D4"/>
  <move id="39" source="I4" target="I5"/>
  <move id="40" source="F8" target="F7"/>
  <move id="41" source="F5" target="F4"/>
  <move id="42" source="E7" target="E6"/>
  <move id="43" source="F4" target="G4"/>
  <move id="44" source="F7" target="F6"/>
  <move id="45" source="G4" target="H4"/>
  <move id="46" source="E6" target="E5"/>
  <move id="47" source="E3" target="F3"/>
  <move id="48" source="D8" target="D7"/>
  <move id="49" source="F3" target="F4"/>
  <move id="50" source="D7" target="E7"/>
  <move id="51" source="H4" target="I4"/>
  <move id="52" source="E7" target="E6"/>
  <move id="53" source="K4" target="K5"/>
  <move id="54" source="E5" target="F5"/>
  <move id="55" source="I4" target="K4"/>
  <move id="56" source="F5" target="F4"/>
  <move id="57" source="D4" target="E4"/>
  <move id="58" source="E9" target="E8"/>
  <move id="59" source="K5" target="K6"/>
  <move id="60" source="F6" target="F5"/>
  <move id="61" source="E4" target="F4"/>
  <move id="62" source="F5" target="E5"/>
  <move id="63" source="K6" target="K7"/>
  <move id="64" source="E8" target="E7"/>
  <move id="65" source="K7" target="K8"/>
  <move id="66" source="E7" target="F7"/>
  <move id="67" source="K8" target="K9"/>
  <move id="68" source="K:" target="K9"/>
  <move id="69" source="K4" target="K5"/>
  <move id="70" source="F7" target="F6"/>
  <move id="71" source="K5" target="K6"/>
  <move id="72" source="E5" target="E4"/>
  <move id="73" source="K6" target="K7"/>
  <move id="74" source="E6" target="E5"/>
  <move id="75" source="K7" target="K8"/>
  <move id="76" source="E4" target="F4"/>
  <move id="77" source="K8" target="I8"/>
  <move id="78" source="F4" target="E4"/>
  <move id="79" source="I8" target="K8"/>
  <move id="80" source="E5" target="F5"/>
  <move id="81" source="K8" target="K9"/>
  <move id="82" source="B7" target="B6"/>
  <move id="83" source="K9" target="K:"/>
  <move id="84" source="B6" target="B5"/>
  <move id="85" source="I5" target="K5"/>
  <move id="86" source="B5" target="B4"/>
  <move id="87" source="K5" target="K6"/>
  <move id="88" source="B4" target="C4"/>
  <move id="89" source="C4" target="B4"/>
  <move id="90" source="C7" target="B7"/>
  <move id="91" source="K6" target="K7"/>
  <move id="92" source="B7" target="B6"/>
  <move id="93" source="K7" target="K8"/>
  <move id="94" source="B6" target="B5"/>
  <move id="95" source="K8" target="K9"/>
  <move id="96" source="B5" target="B4"/>
  <move id="97" source="K9" target="I9"/>
  <move id="98" source="B4" target="B5"/>
  <move id="99" source="K:" target="K9"/>
  <move id="100" source="A7" target="A6"/>
  <move id="101" source="K9" target="I9"/>
  <move id="102" source="A6" target="A5"/>
  <move id="103" source="K1" target="K2"/>
  <move id="104" source="A5" target="A4"/>
  <move id="105" source="K2" target="K3"/>
  <move id="106" source="A4" target="A3"/>
  <move id="107" source="K3" target="K4"/>
  <move id="108" source="D9" target="D8"/>
  <move id="109" source="K4" target="K5"/>
  <move id="110" source="D8" target="D7"/>
  <move id="111" source="K5" target="K6"/>
  <move id="112" source="D7" target="C7"/>
  <move id="113" source="I2" target="I3"/>
  <move id="114" source="C7" target="B7"/>
  <move id="115" source="I3" target="I4"/>
  <move id="116" source="B7" target="B6"/>
  <move id="117" source="I4" target="H4"/>
  <move id="118" source="F5" target="E5"/>
  <move id="119" source="I1" target="K1"/>
  <move id="120" source="F6" target="F5"/>
  <move id="121" source="H1" target="I1"/>
  <move id="122" source="F5" target="F4"/>
  <move id="123" source="I1" target="I2"/>
  <move id="124" source="F4" target="G4"/>
  <move id="125" source="I2" target="I3"/>
  <move id="126" source="G4" target="H4"/>
  <move id="127" source="K6" target="K7"/>
  <move id="128" source="E4" target="F4"/>
  <move id="129" source="K7" target="K8"/>
  <move id="130" source="F4" target="G4"/>
  <move id="131" source="K8" target="K9"/>
  <move id="132" source="G4" target="H4"/>
  <move id="133" source="H3" target="H4"/>
  <move id="134" source="B6" target="A6"/>
  <move id="135" source="K9" target="K:"/>
  <move id="136" source="A6" target="A5"/>
  <move id="137" source="K:" target="K9"/>
  <move id="138" source="A5" target="A4"/>
  <move id="139" source="K9" target="K:"/>
  <move id="140" source="B5" target="B4"/>
  <move id="141" source="K:" target="I:"/>
  <move id="142" source="A4" target="A3"/>
  <move id="143" source="A2" target="A3"/>
  <move id="144" source="B8" target="B7"/>
  <move id="145" source="I:" target="H:"/>
  <move id="146" source="B7" target="B6"/>
  <move id="147" source="I9" target="I:"/>
  <move id="148" source="B6" target="B5"/>
  <move id="149" source="I:" target="H:"/>
  <move id="150" source="B5" target="A5"/>
  <move id="151" source="H:" target="I:"/>
  <move id="152" source="A5" target="A4"/>
  <move id="153" source="K1" target="K9"/>
  <move id="154" source="A4" target="A3"/>
  <move id="155" source="K9" target="H9"/>
  <move id="156" source="B4" target="A4"/>
  <move id="157" source="F2" target="F3"/>
  <move id="158" source="E5" target="E4"/>
  <move id="159" source="B3" target="B4"/>
  <move id="160" source="A4" target="B4"/>
  <move id="161" source="G3" target="G4"/>
  <move id="162" source="A3" target="B3"/>
  <move id="163" source="F3" target="G3"/>
  <move id="164" source="B3" target="C3"/>
  <move id="165" source="G3" target="H3"/>
  <move id="166" source="F9" target="F8"/>
  <move id="167" source="H3" target="H4"/>
  <move id="168" source="F8" target="F7"/>
  <move id="169" source="H4" target="I4"/>
  <move id="170" source="F7" target="F6"/>
  <move id="171" source="I4" target="K4"/>
  <move id="172" source="F6" target="F5"/>
  <move id="173" source="K4" target="K5"/>
  <move id="174" source="F5" target="F4"/>
  <move id="175" source="G4" target="G3"/>
  <move id="176" source="D:" target="D9"/>
  <move id="177" source="K5" target="K6"/>
  <move id="178" source="D9" target="D8"/>
  <move id="179" source="K6" target="K7"/>
  <move id="180" source="D8" target="E8"/>
  <move id="181" source="K7" target="K8"/>
  <move id="182" source="E8" target="E7"/>
  <move id="183" source="K8" target="K9"/>
  <move id="184" source="E7" target="F7"/>
  <move id="185" source="K9" target="I9"/>
  <move id="186" source="B4" target="B3"/>
  <move id="187" source="I:" target="H:"/>
  <move id="188" source="C9" target="D9"/>
  <move id="189" source="I9" target="H9"/>
  <move id="190" source="G9" target="H9"/>
  <move id="191" source="H:" target="I:"/>
  <move id="192" source="F7" target="G7"/>
  <move id="193" source="I:" target="K:"/>
  <move id="194" source="H9" target="I9"/>
  <move id="195" source="I3" target="I4"/>
  <move id="196" source="C8" target="D8"/>
  <move id="197" source="G3" target="H3"/>
  <move id="198" source="D8" target="E8"/>
  <move id="199" source="H3" target="I3"/>
  <move id="200" source="E8" target="F8"/>
  <move id="201" source="I3" target="K3"/>
  <move id="202" source="F4" target="G4"/>
  <move id="203" source="K3" target="K4"/>
  <move id="204" source="G4" target="G3"/>
  <move id="205" source="K4" target="K5"/>
  <move id="206" source="E4" target="F4"/>
  <move id="207" source="K5" target="K6"/>
  <move id="208" source="F8" target="F9"/>
  <move id="209" source="K6" target="K7"/>
  <move id="210" source="F9" target="G9"/>
  <move id="211" source="K7" target="K8"/>
  <move id="212" source="G9" target="H9"/>
  <move id="213" source="I7" target="I8"/>
  <move id="214" source="I9" target="I:"/>
  <move id="215" source="K:" target="K9"/>
  <move id="216" source="I:" target="K:"/>
  <move id="217" source="K9" target="I9"/>
  <move id="218" source="F4" target="G4"/>
  <move id="219" source="I4" target="I5"/>
  <move id="220" source="G4" target="H4"/>
  <move id="221" source="I5" target="I6"/>
  <move id="222" source="H4" target="I4"/>
  <move id="223" source="I6" target="K6"/>
  <move id="224" source="I4" target="I5"/>
  <move id="225" source="I9" target="H9"/>
  <move id="226" source="K:" target="K9"/>
  <move id="227" source="I8" target="I9"/>
  <move id="228" source="K9" target="K8"/>
  <move id="229" source="I9" target="H9"/>
  <move id="230" source="I5" target="I6"/>
  <move id="231" source="K6" target="K7"/>
  <move id="232" source="I6" target="I7"/>
  <move id="233" source="K7" target="K8"/>
  <move id="234" source="I7" target="I8"/>
  <move id="235" source="K8" target="K9"/>
  <move id="236" source="G8" target="G9"/>
  <move id="237" source="D3" target="E3"/>
  <move id="238" source="G9" target="H9"/>
  <move id="239" source="E3" target="E4"/>
  <move id="240" source="G3" target="F3"/>
  <move id="241" source="E4" target="E5"/>
  <move id="242" source="F3" target="E3"/>
  <move id="243" source="E5" target="E6"/>
  <move id="244" source="I8" target="K8"/>
  <move id="245" source="K9" target="K:"/>
  <move id="246" source="K8" target="K9"/>
  <move id="247" source="K:" target="I:"/>
  <move id="248" source="K9" target="K:"/>
  <move id="249" source="E6" target="E7"/>
  <move id="250" source="E3" target="D3"/>
  <move id="251" source="E7" target="E8"/>
  <move id="252" source="D3" target="C3"/>
  <move id="253" source="E8" target="E9"/>
  <move id="254" source="D9" target="D8"/>
  <move id="255" source="E9" target="F9"/>
  <move id="256" source="D8" target="D7"/>
  <move id="257" source="F9" target="F:"/>
  <player id="1">Player 1</player>
  <player id="2">Player 2</player>
  <result type="1" winner="1"/>
 </game>
</stratego>