<?xml version="1.0" encoding="UTF-8"?>
<stratego>
 <game type="classic">
  
  <field content="MBBEBGDEGEBIEJEDJIDDDHBCKFHGDHGFLIHBFDDFAA__AA__AAAA__AA__AASTRNRSPURTUPWOTPXTPSQVSQPUNPVNNQNYPPQNQR"/>
  <move id="1" source="I4" target="I7"/>
  <move id="2" source="K7" target="K6"/>
  <move id="3" source="K4" target="K5"/>
  <move id="4" source="K6" target="K5"/>
  <move id="5" source="K3" target="K4"/>
  <move id="6" source="K5" target="K4"/>
  <move id="7" source="K2" target="K8"/>
  <move id="8" source="I7" target="K7"/>
  <move id="9" source="I3" target="K3"/>
  <move id="10" source="I8" target="I2"/>
  <move id="11" source="H3" target="I3"/>
  <move id="12" source="H8" target="I8"/>
  <move id="13" source="I3" target="I4"/>
  <move id="14" source="I8" target="I7"/>
  <move id="15" source="I4" target="I5"/>
  <move id="16" source="I7" target="I6"/>
  <move id="17" source="I5" target="I6"/>
  <move id="18" source="I6" target="I7"/>
  <move id="19" source="E4" target="E5"/>
  <move id="20" source="I7" target="I8"/>
  <move id="21" source="E5" target="E6"/>
  <move id="22" source="B7" target="B6"/>
  <move id="23" source="E6" target="E7"/>
  <move id="24" source="E8" target="E7"/>
  <move id="25" source="E3" target="E4"/>
  <move id="26" source="E9" target="E8"/>
  <move id="27" source="E4" target="E5"/>
  <move id="28" source="E8" target="E7"/>
  <move id="29" source="E5" target="E6"/>
  <move id="30" source="F8" target="E8"/>
  <move id="31" source="E6" target="E7"/>
  <move id="32" source="F9" target="E9"/>
  <move id="33" source="E7" target="E8"/>
  <move id="34" source="E9" target="F9"/>
  <move id="35" source="E8" target="E7"/>
  <move id="36" source="F7" target="F6"/>
  <move id="37" source="D4" target="E4"/>
  <move id="38" source="G8" target="F8"/>
  <move id="39" source="E4" target="E5"/>
  <move id="40" source="F6" target="F5"/>
  <move id="41" source="E5" target="F5"/>
  <move id="42" source="F8" target="F7"/>
  <move id="43" source="E7" target="E8"/>
  <move id="44" source="F7" target="F6"/>
  <move id="45" source="F5" target="E5"/>
  <move id="46" source="F6" target="E6"/>
  <move id="47" source="E5" target="E4"/>
  <move id="48" source="E6" target="E5"/>
  <move id="49" source="D3" target="E3"/>
  <move id="50" source="B6" target="B5"/>
  <move id="51" source="C4" target="D4"/>
  <move id="52" source="B5" target="B4"/>
  <move id="53" source="B3" target="B4"/>
  <move id="54" source="B8" target="B7"/>
  <move id="55" source="E8" target="F8"/>
  <move id="56" source="I8" target="I7"/>
  <move id="57" source="F8" target="G8"/>
  <move id="58" source="I7" target="I6"/>
  <move id="59" source="G8" target="H8"/>
  <move id="60" source="I6" target="I5"/>
  <move id="61" source="H8" target="H7"/>
  <move id="62" source="I5" target="I4"/>
  <move id="63" source="H7" target="I7"/>
  <move id="64" source="I4" target="H4"/>
  <move id="65" source="I7" target="K7"/>
  <move id="66" source="H4" target="G4"/>
  <move id="67" source="K7" target="K8"/>
  <move id="68" source="G4" target="G3"/>
  <move id="69" source="K3" target="I3"/>
  <move id="70" source="B7" target="B2"/>
  <move id="71" source="I3" target="I9"/>
  <move id="72" source="B9" target="B8"/>
  <move id="73" source="K8" target="I8"/>
  <move id="74" source="B8" target="B7"/>
  <move id="75" source="I8" target="I9"/>
  <move id="76" source="B7" target="B6"/>
  <move id="77" source="E3" target="D3"/>
  <move id="78" source="B6" target="B5"/>
  <move id="79" source="E4" target="E3"/>
  <move id="80" source="E5" target="E4"/>
  <move id="81" source="D4" target="E4"/>
  <move id="82" source="B5" target="B4"/>
  <move id="83" source="D3" target="D4"/>
  <move id="84" source="B4" target="B3"/>
  <move id="85" source="D4" target="E4"/>
  <move id="86" source="B3" target="B2"/>
  <move id="87" source="I9" target="I8"/>
  <move id="88" source="B2" target="C2"/>
  <move id="89" source="I8" target="H8"/>
  <move id="90" source="C2" target="D2"/>
  <move id="91" source="H8" target="G8"/>
  <move id="92" source="C8" target="B8"/>
  <move id="93" source="G8" target="F8"/>
  <move id="94" source="B8" target="B7"/>
  <move id="95" source="F8" target="E8"/>
  <move id="96" source="B7" target="B6"/>
  <move id="97" source="E8" target="E7"/>
  <move id="98" source="B6" target="B5"/>
  <move id="99" source="E7" target="E6"/>
  <move id="100" source="B5" target="B4"/>
  <move id="101" source="A4" target="B4"/>
  <move id="102" source="B4" target="C4"/>
  <move id="103" source="E4" target="D4"/>
  <move id="104" source="C4" target="D4"/>
  <move id="105" source="E6" target="E5"/>
  <move id="106" source="D4" target="D3"/>
  <move id="107" source="E3" target="E4"/>
  <move id="108" source="D3" target="E3"/>
  <move id="109" source="E4" target="D4"/>
  <move id="110" source="E3" target="E2"/>
  <move id="111" source="G2" target="G3"/>
  <move id="112" source="E2" target="E1"/>
  <move id="113" source="D4" target="C4"/>
  <player id="1">Player 1</player>
  <player id="2">Player 2</player>
  <result type="3" winner="1"/>
 </game>
</stratego>