<?xml version="1.0" encoding="UTF-8"?>
<stratego>
 <game type="classic">
  
  <field content="EEBMBFBDDEJDKBFDBCJLHGGFHHIEDIDFIBDGEGHDAA__AA__AAAA__AA__AAPPTRPTONPRNSUQSWVSTPRPQNNSUVXTQPPQRUNYNQ"/>
  <move id="1" source="A4" target="A5"/>
  <move id="2" source="B7" target="B6"/>
  <move id="3" source="A3" target="A4"/>
  <move id="4" source="C7" target="B7"/>
  <move id="5" source="A5" target="A7"/>
  <move id="6" source="E7" target="E6"/>
  <move id="7" source="A4" target="A5"/>
  <move id="8" source="E6" target="E4"/>
  <move id="9" source="A5" target="A6"/>
  <move id="10" source="B6" target="B4"/>
  <move id="11" source="B3" target="A3"/>
  <move id="12" source="K7" target="K6"/>
  <move id="13" source="A3" target="A4"/>
  <move id="14" source="K6" target="K5"/>
  <move id="15" source="A4" target="A5"/>
  <move id="16" source="K5" target="K4"/>
  <move id="17" source="I4" target="K4"/>
  <move id="18" source="I7" target="I3"/>
  <move id="19" source="K4" target="I4"/>
  <move id="20" source="I8" target="I7"/>
  <move id="21" source="I4" target="I3"/>
  <move id="22" source="K8" target="K7"/>
  <move id="23" source="A6" target="A7"/>
  <move id="24" source="H8" target="I8"/>
  <move id="25" source="A5" target="A6"/>
  <move id="26" source="K7" target="K6"/>
  <move id="27" source="A7" target="A8"/>
  <move id="28" source="K6" target="K5"/>
  <move id="29" source="A6" target="A7"/>
  <move id="30" source="B7" target="A7"/>
  <move id="31" source="B4" target="A4"/>
  <move id="32" source="A7" target="B7"/>
  <move id="33" source="B2" target="B3"/>
  <move id="34" source="D7" target="E7"/>
  <move id="35" source="B3" target="B4"/>
  <move id="36" source="E7" target="E6"/>
  <move id="37" source="B4" target="B5"/>
  <move id="38" source="B7" target="C7"/>
  <move id="39" source="B5" target="B6"/>
  <move id="40" source="B8" target="B7"/>
  <move id="41" source="B6" target="B5"/>
  <move id="42" source="K5" target="K4"/>
  <move id="43" source="B5" target="B4"/>
  <move id="44" source="K4" target="H4"/>
  <move id="45" source="A4" target="A5"/>
  <move id="46" source="I7" target="I6"/>
  <move id="47" source="B4" target="B5"/>
  <move id="48" source="I6" target="I5"/>
  <move id="49" source="A5" target="A6"/>
  <move id="50" source="I8" target="I7"/>
  <move id="51" source="B5" target="B6"/>
  <move id="52" source="I9" target="I8"/>
  <move id="53" source="A6" target="A7"/>
  <move id="54" source="B7" target="A7"/>
  <move id="55" source="B6" target="B7"/>
  <move id="56" source="A7" target="B7"/>
  <move id="57" source="E3" target="E4"/>
  <move id="58" source="I5" target="I4"/>
  <move id="59" source="E4" target="E5"/>
  <move id="60" source="E6" target="E7"/>
  <move id="61" source="E5" target="E6"/>
  <move id="62" source="E7" target="E6"/>
  <move id="63" source="E6" target="E5"/>
  <move id="64" source="C7" target="D7"/>
  <move id="65" source="E5" target="E6"/>
  <move id="66" source="D7" target="E7"/>
  <move id="67" source="E6" target="E7"/>
  <move id="68" source="I4" target="I3"/>
  <move id="69" source="H4" target="I4"/>
  <move id="70" source="K9" target="K8"/>
  <move id="71" source="I4" target="I3"/>
  <move id="72" source="K8" target="K7"/>
  <move id="73" source="C3" target="B3"/>
  <move id="74" source="F7" target="F6"/>
  <move id="75" source="B3" target="B4"/>
  <move id="76" source="F8" target="F7"/>
  <move id="77" source="B4" target="B5"/>
  <move id="78" source="F7" target="F8"/>
  <move id="79" source="B5" target="B6"/>
  <move id="80" source="C8" target="C7"/>
  <move id="81" source="F3" target="E3"/>
  <move id="82" source="B7" target="B6"/>
  <move id="83" source="E3" target="E4"/>
  <move id="84" source="B9" target="B8"/>
  <move id="85" source="E4" target="E5"/>
  <move id="86" source="B8" target="B7"/>
  <move id="87" source="E5" target="E6"/>
  <move id="88" source="F6" target="F7"/>
  <move id="89" source="E6" target="E7"/>
  <move id="90" source="D8" target="D7"/>
  <move id="91" source="F2" target="F3"/>
  <move id="92" source="D7" target="E7"/>
  <move id="93" source="E7" target="E6"/>
  <move id="94" source="C7" target="C8"/>
  <move id="95" source="E6" target="E5"/>
  <move id="96" source="B7" target="C7"/>
  <move id="97" source="E5" target="E4"/>
  <move id="98" source="C7" target="D7"/>
  <move id="99" source="E4" target="E3"/>
  <move id="100" source="C8" target="D8"/>
  <move id="101" source="B1" target="B2"/>
  <move id="102" source="B:" target="B9"/>
  <move id="103" source="B2" target="B3"/>
  <move id="104" source="B9" target="B8"/>
  <move id="105" source="B3" target="A3"/>
  <move id="106" source="D7" target="C7"/>
  <move id="107" source="A3" target="A4"/>
  <move id="108" source="D8" target="C8"/>
  <move id="109" source="A4" target="A5"/>
  <move id="110" source="K7" target="K6"/>
  <move id="111" source="F4" target="F5"/>
  <move id="112" source="C7" target="D7"/>
  <move id="113" source="F5" target="F6"/>
  <move id="114" source="D7" target="E7"/>
  <move id="115" source="F3" target="F4"/>
  <move id="116" source="E7" target="E6"/>
  <move id="117" source="F4" target="F5"/>
  <move id="118" source="E6" target="E5"/>
  <move id="119" source="E3" target="F3"/>
  <move id="120" source="E5" target="F5"/>
  <move id="121" source="F6" target="F7"/>
  <move id="122" source="B8" target="B7"/>
  <move id="123" source="F3" target="F4"/>
  <move id="124" source="B7" target="C7"/>
  <move id="125" source="F4" target="F5"/>
  <move id="126" source="C7" target="D7"/>
  <move id="127" source="F5" target="F6"/>
  <move id="128" source="D7" target="E7"/>
  <move id="129" source="A5" target="A6"/>
  <move id="130" source="E7" target="E6"/>
  <move id="131" source="F6" target="E6"/>
  <move id="132" source="C8" target="D8"/>
  <move id="133" source="A6" target="B6"/>
  <move id="134" source="D8" target="D7"/>
  <move id="135" source="B6" target="B7"/>
  <move id="136" source="D7" target="E7"/>
  <move id="137" source="E6" target="F6"/>
  <move id="138" source="A9" target="B9"/>
  <move id="139" source="B7" target="C7"/>
  <move id="140" source="E7" target="E6"/>
  <move id="141" source="F6" target="F7"/>
  <move id="142" source="E6" target="F6"/>
  <move id="143" source="C7" target="C8"/>
  <move id="144" source="F6" target="F7"/>
  <move id="145" source="C8" target="D8"/>
  <move id="146" source="B9" target="B8"/>
  <move id="147" source="D8" target="D9"/>
  <move id="148" source="C9" target="D9"/>
  <move id="149" source="C4" target="B4"/>
  <move id="150" source="I7" target="I6"/>
  <move id="151" source="B4" target="B5"/>
  <move id="152" source="I6" target="I5"/>
  <move id="153" source="B5" target="B6"/>
  <move id="154" source="K:" target="K9"/>
  <move id="155" source="B6" target="B7"/>
  <move id="156" source="K9" target="I9"/>
  <move id="157" source="B7" target="C7"/>
  <move id="158" source="B8" target="C8"/>
  <move id="159" source="E2" target="E3"/>
  <move id="160" source="I8" target="I7"/>
  <move id="161" source="E3" target="E4"/>
  <move id="162" source="I7" target="I6"/>
  <move id="163" source="E4" target="E5"/>
  <move id="164" source="I5" target="I4"/>
  <move id="165" source="E5" target="E6"/>
  <move id="166" source="I4" target="I3"/>
  <move id="167" source="C7" target="D7"/>
  <move id="168" source="I6" target="I5"/>
  <move id="169" source="E6" target="E7"/>
  <move id="170" source="I5" target="I4"/>
  <move id="171" source="E7" target="F7"/>
  <move id="172" source="K6" target="K5"/>
  <move id="173" source="G3" target="F3"/>
  <move id="174" source="I4" target="H4"/>
  <move id="175" source="F3" target="F4"/>
  <move id="176" source="H4" target="G4"/>
  <move id="177" source="F4" target="F5"/>
  <move id="178" source="G4" target="F4"/>
  <move id="179" source="F5" target="F6"/>
  <move id="180" source="F4" target="F5"/>
  <move id="181" source="F6" target="F7"/>
  <move id="182" source="E8" target="E7"/>
  <move id="183" source="D7" target="E7"/>
  <move id="184" source="F5" target="F6"/>
  <move id="185" source="E7" target="D7"/>
  <move id="186" source="F8" target="F7"/>
  <move id="187" source="D7" target="C7"/>
  <move id="188" source="C8" target="B8"/>
  <move id="189" source="C7" target="B7"/>
  <move id="190" source="B8" target="C8"/>
  <move id="191" source="B7" target="B6"/>
  <move id="192" source="D:" target="D9"/>
  <move id="193" source="B6" target="B5"/>
  <move id="194" source="K5" target="I5"/>
  <move id="195" source="B5" target="B4"/>
  <move id="196" source="I5" target="I4"/>
  <move id="197" source="B4" target="B3"/>
  <move id="198" source="D9" target="D8"/>
  <move id="199" source="I2" target="I3"/>
  <move id="200" source="I4" target="H4"/>
  <move id="201" source="H3" target="G3"/>
  <move id="202" source="H4" target="G4"/>
  <move id="203" source="G3" target="H3"/>
  <move id="204" source="F6" target="F5"/>
  <move id="205" source="I3" target="I4"/>
  <move id="206" source="F5" target="E5"/>
  <move id="207" source="I4" target="H4"/>
  <move id="208" source="G4" target="G3"/>
  <move id="209" source="H3" target="I3"/>
  <move id="210" source="D8" target="D7"/>
  <move id="211" source="I3" target="I4"/>
  <move id="212" source="D7" target="E7"/>
  <move id="213" source="I4" target="I5"/>
  <move id="214" source="E7" target="E6"/>
  <move id="215" source="K3" target="I3"/>
  <move id="216" source="E6" target="F6"/>
  <move id="217" source="H4" target="G4"/>
  <move id="218" source="G3" target="G2"/>
  <move id="219" source="I3" target="K3"/>
  <move id="220" source="E5" target="E4"/>
  <move id="221" source="G4" target="G3"/>
  <move id="222" source="E4" target="F4"/>
  <move id="223" source="I5" target="K5"/>
  <move id="224" source="C:" target="D:"/>
  <move id="225" source="K5" target="K6"/>
  <move id="226" source="D:" target="D9"/>
  <move id="227" source="K6" target="K7"/>
  <move id="228" source="D9" target="D8"/>
  <move id="229" source="K7" target="I7"/>
  <move id="230" source="D8" target="D7"/>
  <move id="231" source="I7" target="H7"/>
  <move id="232" source="F4" target="E4"/>
  <move id="233" source="H7" target="G7"/>
  <move id="234" source="G8" target="G7"/>
  <move id="235" source="G3" target="H3"/>
  <move id="236" source="D7" target="E7"/>
  <move id="237" source="H3" target="H4"/>
  <move id="238" source="E7" target="E6"/>
  <move id="239" source="H4" target="I4"/>
  <move id="240" source="G7" target="G8"/>
  <move id="241" source="I4" target="I5"/>
  <move id="242" source="F6" target="F5"/>
  <move id="243" source="I5" target="I6"/>
  <move id="244" source="F7" target="E7"/>
  <move id="245" source="I6" target="I7"/>
  <move id="246" source="F5" target="F4"/>
  <move id="247" source="K2" target="I2"/>
  <move id="248" source="F4" target="F3"/>
  <move id="249" source="I2" target="I3"/>
  <move id="250" source="F3" target="G3"/>
  <move id="251" source="I7" target="H7"/>
  <move id="252" source="E4" target="F4"/>
  <move id="253" source="H7" target="G7"/>
  <move id="254" source="G8" target="H8"/>
  <move id="255" source="I3" target="I4"/>
  <move id="256" source="G3" target="F3"/>
  <move id="257" source="G7" target="F7"/>
  <move id="258" source="E7" target="D7"/>
  <move id="259" source="I4" target="I5"/>
  <move id="260" source="F3" target="F2"/>
  <move id="261" source="I5" target="I6"/>
  <move id="262" source="F2" target="F1"/>
  <move id="263" source="I6" target="I7"/>
  <move id="264" source="F4" target="F3"/>
  <move id="265" source="I7" target="H7"/>
  <move id="266" source="E6" target="E5"/>
  <move id="267" source="F7" target="E7"/>
  <move id="268" source="D7" target="C7"/>
  <move id="269" source="E7" target="E6"/>
  <move id="270" source="E5" target="F5"/>
  <move id="271" source="H7" target="G7"/>
  <move id="272" source="F5" target="F4"/>
  <move id="273" source="C2" target="C3"/>
  <move id="274" source="F4" target="G4"/>
  <move id="275" source="C3" target="C4"/>
  <move id="276" source="G4" target="H4"/>
  <move id="277" source="K3" target="I3"/>
  <move id="278" source="H4" target="H2"/>
  <move id="279" source="C4" target="B4"/>
  <move id="280" source="H2" target="H1"/>
  <move id="281" source="B4" target="B5"/>
  <move id="282" source="C8" target="B8"/>
  <move id="283" source="B5" target="B6"/>
  <move id="284" source="B8" target="B7"/>
  <move id="285" source="G7" target="F7"/>
  <move id="286" source="B7" target="B6"/>
  <move id="287" source="B6" target="B7"/>
  <move id="288" source="C7" target="B7"/>
  <move id="289" source="E6" target="E5"/>
  <move id="290" source="F3" target="F2"/>
  <move id="291" source="E5" target="E4"/>
  <move id="292" source="F2" target="F1"/>
  <move id="293" source="I3" target="K3"/>
  <move id="294" source="H8" target="I8"/>
  <move id="295" source="F7" target="G7"/>
  <move id="296" source="I8" target="I7"/>
  <move id="297" source="G7" target="H7"/>
  <move id="298" source="I7" target="I6"/>
  <move id="299" source="I1" target="I4"/>
  <move id="300" source="F9" target="F8"/>
  <move id="301" source="H7" target="G7"/>
  <move id="302" source="F8" target="F7"/>
  <move id="303" source="G7" target="F7"/>
  <move id="304" source="I6" target="I5"/>
  <move id="305" source="I4" target="F4"/>
  <move id="306" source="I5" target="I4"/>
  <move id="307" source="F4" target="F6"/>
  <move id="308" source="I4" target="H4"/>
  <move id="309" source="E4" target="F4"/>
  <move id="310" source="H4" target="H3"/>
  <move id="311" source="K3" target="I3"/>
  <move id="312" source="H3" target="I3"/>
  <move id="313" source="F4" target="G4"/>
  <move id="314" source="I3" target="H3"/>
  <move id="315" source="F7" target="G7"/>
  <move id="316" source="F1" target="F2"/>
  <move id="317" source="G7" target="G8"/>
  <move id="318" source="F2" target="F3"/>
  <move id="319" source="F6" target="F7"/>
  <move id="320" source="F3" target="F4"/>
  <move id="321" source="G4" target="H4"/>
  <move id="322" source="H3" target="H4"/>
  <move id="323" source="F7" target="H7"/>
  <move id="324" source="F4" target="F3"/>
  <move id="325" source="H7" target="H9"/>
  <move id="326" source="F3" target="F2"/>
  <move id="327" source="G8" target="H8"/>
  <move id="328" source="F2" target="F1"/>
  <move id="329" source="H8" target="H9"/>
  <move id="330" source="F1" target="G1"/>
  <player id="1">Player 1</player>
  <player id="2">Player 2</player>
  <result type="3" winner="1"/>
 </game>
</stratego>