<?xml version="1.0" encoding="UTF-8"?>
<stratego>
 <game type="classic">
  
  <field content="JDBMIBEGEFDJIHGHBEBDLKCHEBEDDFGFIHDDBGFDAA__AA__AAAA__AA__AARPSVTPPTPSTUOPPUPVPUNSXQSQWTRRRYNNQNNQQN"/>
  <move id="1" source="A4" target="A5"/>
  <move id="2" source="B7" target="B6"/>
  <move id="3" source="A5" target="A6"/>
  <move id="4" source="B8" target="B7"/>
  <move id="5" source="A3" target="A4"/>
  <move id="6" source="C8" target="B8"/>
  <move id="7" source="A4" target="A5"/>
  <move id="8" source="B6" target="A6"/>
  <move id="9" source="B4" target="B5"/>
  <move id="10" source="C9" target="C8"/>
  <move id="11" source="B5" target="B6"/>
  <move id="12" source="E7" target="E6"/>
  <move id="13" source="C4" target="B4"/>
  <move id="14" source="D7" target="E7"/>
  <move id="15" source="B4" target="B5"/>
  <move id="16" source="E6" target="E5"/>
  <move id="17" source="A6" target="A7"/>
  <move id="18" source="A8" target="A7"/>
  <move id="19" source="A5" target="A6"/>
  <move id="20" source="A7" target="A8"/>
  <move id="21" source="A6" target="A7"/>
  <move id="22" source="B9" target="C9"/>
  <move id="23" source="B6" target="B7"/>
  <move id="24" source="B7" target="A7"/>
  <move id="25" source="A2" target="A3"/>
  <move id="26" source="C7" target="B7"/>
  <move id="27" source="A7" target="A6"/>
  <move id="28" source="D8" target="D7"/>
  <move id="29" source="A6" target="B6"/>
  <move id="30" source="B7" target="A7"/>
  <move id="31" source="A3" target="A7"/>
  <move id="32" source="D7" target="C7"/>
  <move id="33" source="B5" target="A5"/>
  <move id="34" source="F7" target="F6"/>
  <move id="35" source="A5" target="A6"/>
  <move id="36" source="C7" target="B7"/>
  <move id="37" source="A6" target="A5"/>
  <move id="38" source="C8" target="C7"/>
  <move id="39" source="B6" target="A6"/>
  <move id="40" source="B8" target="C8"/>
  <move id="41" source="B3" target="B4"/>
  <move id="42" source="E7" target="D7"/>
  <move id="43" source="A6" target="A7"/>
  <move id="44" source="A8" target="B8"/>
  <move id="45" source="A7" target="A6"/>
  <move id="46" source="D7" target="D8"/>
  <move id="47" source="B4" target="B3"/>
  <move id="48" source="F8" target="F7"/>
  <move id="49" source="B3" target="A3"/>
  <move id="50" source="F7" target="E7"/>
  <move id="51" source="D4" target="C4"/>
  <move id="52" source="E7" target="D7"/>
  <move id="53" source="C4" target="B4"/>
  <move id="54" source="G8" target="F8"/>
  <move id="55" source="B4" target="B3"/>
  <move id="56" source="F8" target="F7"/>
  <move id="57" source="E4" target="B4"/>
  <move id="58" source="C9" target="B9"/>
  <move id="59" source="B4" target="B7"/>
  <move id="60" source="B8" target="B7"/>
  <move id="61" source="F4" target="B4"/>
  <move id="62" source="B9" target="B8"/>
  <move id="63" source="B4" target="B7"/>
  <move id="64" source="B8" target="A8"/>
  <move id="65" source="A6" target="A7"/>
  <move id="66" source="C8" target="B8"/>
  <move id="67" source="B3" target="B4"/>
  <move id="68" source="D8" target="C8"/>
  <move id="69" source="B4" target="B5"/>
  <move id="70" source="E8" target="E7"/>
  <move id="71" source="B5" target="B6"/>
  <move id="72" source="G9" target="G8"/>
  <move id="73" source="B6" target="B7"/>
  <move id="74" source="C8" target="C9"/>
  <move id="75" source="A3" target="B3"/>
  <move id="76" source="C7" target="C8"/>
  <move id="77" source="A7" target="A8"/>
  <move id="78" source="B8" target="A8"/>
  <move id="79" source="A5" target="A6"/>
  <move id="80" source="C8" target="B8"/>
  <move id="81" source="A6" target="A7"/>
  <move id="82" source="D7" target="C7"/>
  <move id="83" source="A7" target="A8"/>
  <move id="84" source="C7" target="B7"/>
  <move id="85" source="D3" target="D4"/>
  <move id="86" source="C9" target="B9"/>
  <move id="87" source="D4" target="C4"/>
  <move id="88" source="G8" target="F8"/>
  <move id="89" source="B3" target="B4"/>
  <move id="90" source="F8" target="E8"/>
  <move id="91" source="B4" target="B5"/>
  <move id="92" source="E8" target="D8"/>
  <move id="93" source="B5" target="B6"/>
  <move id="94" source="D8" target="D7"/>
  <move id="95" source="B6" target="B7"/>
  <move id="96" source="B8" target="B7"/>
  <move id="97" source="A8" target="A9"/>
  <move id="98" source="E7" target="E6"/>
  <player id="1">Player 1</player>
  <player id="2">Player 2</player>
  <result type="3" winner="2"/>
 </game>
</stratego>