<?xml version="1.0" encoding="UTF-8"?>
<stratego>
 <game type="classic">
  
  <field content="DFEHMHEGFGEHGFBFCHDGDJBBBBBKEDDIJEDDLIIDAA__AA__AAAA__AA__AAPPQPPPQTNPVUSTWUTSVURXNRPPSNRNQNYNOQSTRQ"/>
  <move id="1" source="K4" target="K5"/>
  <move id="2" source="A7" target="A6"/>
  <move id="3" source="A4" target="A5"/>
  <move id="4" source="A8" target="A7"/>
  <move id="5" source="A5" target="B5"/>
  <move id="6" source="A6" target="A5"/>
  <move id="7" source="B5" target="B6"/>
  <move id="8" source="A5" target="A4"/>
  <move id="9" source="B4" target="A4"/>
  <move id="10" source="A7" target="A6"/>
  <move id="11" source="B6" target="B7"/>
  <move id="12" source="A6" target="A5"/>
  <move id="13" source="A4" target="B4"/>
  <move id="14" source="A5" target="A4"/>
  <move id="15" source="B4" target="B5"/>
  <move id="16" source="B8" target="B7"/>
  <move id="17" source="K5" target="K6"/>
  <move id="18" source="B7" target="B6"/>
  <move id="19" source="B5" target="B6"/>
  <move id="20" source="C8" target="B8"/>
  <move id="21" source="K6" target="I6"/>
  <move id="22" source="B8" target="B7"/>
  <move id="23" source="I6" target="I7"/>
  <move id="24" source="B7" target="B6"/>
  <move id="25" source="K3" target="K7"/>
  <move id="26" source="B6" target="B5"/>
  <move id="27" source="E4" target="E7"/>
  <move id="28" source="B5" target="B4"/>
  <move id="29" source="F4" target="F7"/>
  <move id="30" source="B4" target="B3"/>
  <move id="31" source="G4" target="F4"/>
  <move id="32" source="B9" target="B8"/>
  <move id="33" source="F4" target="E4"/>
  <move id="34" source="B8" target="B7"/>
  <move id="35" source="C4" target="B4"/>
  <move id="36" source="B7" target="B6"/>
  <move id="37" source="D4" target="C4"/>
  <move id="38" source="C7" target="C8"/>
  <move id="39" source="E4" target="D4"/>
  <move id="40" source="D7" target="B7"/>
  <move id="41" source="B4" target="A4"/>
  <move id="42" source="B6" target="B5"/>
  <move id="43" source="C4" target="B4"/>
  <move id="44" source="B5" target="A5"/>
  <move id="45" source="B4" target="A4"/>
  <move id="46" source="A5" target="B5"/>
  <move id="47" source="D4" target="C4"/>
  <move id="48" source="B5" target="B6"/>
  <move id="49" source="I4" target="I5"/>
  <move id="50" source="B7" target="A7"/>
  <move id="51" source="I5" target="I6"/>
  <move id="52" source="A7" target="A4"/>
  <move id="53" source="I6" target="K6"/>
  <move id="54" source="B6" target="B5"/>
  <move id="55" source="K6" target="K7"/>
  <move id="56" source="B5" target="B4"/>
  <move id="57" source="C4" target="B4"/>
  <move id="58" source="K8" target="K7"/>
  <move id="59" source="K2" target="K3"/>
  <move id="60" source="E8" target="E7"/>
  <move id="61" source="K3" target="K4"/>
  <move id="62" source="E7" target="E6"/>
  <move id="63" source="K4" target="K5"/>
  <move id="64" source="E6" target="E5"/>
  <move id="65" source="K5" target="K6"/>
  <move id="66" source="E5" target="E4"/>
  <move id="67" source="H4" target="G4"/>
  <move id="68" source="E4" target="D4"/>
  <move id="69" source="G4" target="F4"/>
  <move id="70" source="D4" target="C4"/>
  <move id="71" source="F4" target="E4"/>
  <move id="72" source="C4" target="B4"/>
  <move id="73" source="A4" target="A5"/>
  <move id="74" source="B4" target="B3"/>
  <move id="75" source="K6" target="K7"/>
  <move id="76" source="E9" target="E6"/>
  <move id="77" source="K7" target="K8"/>
  <move id="78" source="E6" target="F6"/>
  <move id="79" source="K8" target="I8"/>
  <move id="80" source="F6" target="F5"/>
  <move id="81" source="H3" target="H4"/>
  <move id="82" source="I8" target="K8"/>
  <move id="83" source="H4" target="I4"/>
  <move id="84" source="K8" target="K7"/>
  <move id="85" source="I4" target="K4"/>
  <move id="86" source="K7" target="K6"/>
  <move id="87" source="K4" target="K5"/>
  <move id="88" source="K6" target="I6"/>
  <move id="89" source="E4" target="F4"/>
  <move id="90" source="F5" target="E5"/>
  <move id="91" source="F4" target="E4"/>
  <move id="92" source="E5" target="F5"/>
  <move id="93" source="K5" target="I5"/>
  <move id="94" source="I6" target="K6"/>
  <move id="95" source="A5" target="A6"/>
  <move id="96" source="F5" target="F7"/>
  <move id="97" source="I5" target="K5"/>
  <move id="98" source="K6" target="I6"/>
  <move id="99" source="K5" target="I5"/>
  <move id="100" source="I6" target="K6"/>
  <move id="101" source="I5" target="K5"/>
  <move id="102" source="K6" target="I6"/>
  <move id="103" source="E4" target="E5"/>
  <move id="104" source="F7" target="B7"/>
  <move id="105" source="A6" target="B6"/>
  <move id="106" source="B7" target="A7"/>
  <move id="107" source="B6" target="A6"/>
  <move id="108" source="A7" target="C7"/>
  <move id="109" source="A6" target="A7"/>
  <move id="110" source="C7" target="F7"/>
  <move id="111" source="I3" target="H3"/>
  <move id="112" source="D8" target="D7"/>
  <move id="113" source="H3" target="H4"/>
  <move id="114" source="D7" target="C7"/>
  <move id="115" source="H4" target="G4"/>
  <move id="116" source="C7" target="B7"/>
  <move id="117" source="A7" target="A6"/>
  <move id="118" source="B7" target="B6"/>
  <move id="119" source="A6" target="A7"/>
  <move id="120" source="B6" target="B7"/>
  <move id="121" source="A7" target="A8"/>
  <move id="122" source="B7" target="B8"/>
  <move id="123" source="A8" target="A9"/>
  <move id="124" source="B8" target="B7"/>
  <move id="125" source="K5" target="I5"/>
  <move id="126" source="I6" target="K6"/>
  <move id="127" source="I5" target="K5"/>
  <move id="128" source="K6" target="I6"/>
  <move id="129" source="K5" target="I5"/>
  <move id="130" source="I6" target="K6"/>
  <move id="131" source="E5" target="E6"/>
  <move id="132" source="B7" target="B6"/>
  <move id="133" source="E6" target="F6"/>
  <move id="134" source="F7" target="A7"/>
  <move id="135" source="A3" target="A7"/>
  <move id="136" source="B6" target="B5"/>
  <move id="137" source="F6" target="F7"/>
  <move id="138" source="F8" target="F7"/>
  <move id="139" source="I5" target="I6"/>
  <move id="140" source="K6" target="K5"/>
  <move id="141" source="I6" target="I5"/>
  <move id="142" source="K5" target="K4"/>
  <move id="143" source="I5" target="I4"/>
  <move id="144" source="K4" target="K3"/>
  <move id="145" source="I4" target="I3"/>
  <move id="146" source="K3" target="K4"/>
  <move id="147" source="I2" target="K2"/>
  <move id="148" source="B5" target="B4"/>
  <move id="149" source="I3" target="K3"/>
  <move id="150" source="K4" target="I4"/>
  <move id="151" source="K3" target="I3"/>
  <move id="152" source="I4" target="K4"/>
  <move id="153" source="I3" target="K3"/>
  <move id="154" source="K4" target="I4"/>
  <move id="155" source="K3" target="K4"/>
  <move id="156" source="I4" target="I5"/>
  <move id="157" source="G4" target="F4"/>
  <move id="158" source="B3" target="A3"/>
  <move id="159" source="F4" target="F5"/>
  <move id="160" source="B4" target="B3"/>
  <move id="161" source="K4" target="I4"/>
  <move id="162" source="I5" target="K5"/>
  <move id="163" source="I4" target="H4"/>
  <move id="164" source="B3" target="B2"/>
  <move id="165" source="H4" target="G4"/>
  <move id="166" source="A3" target="B3"/>
  <move id="167" source="G4" target="F4"/>
  <move id="168" source="B3" target="B2"/>
  <move id="169" source="F4" target="E4"/>
  <move id="170" source="K5" target="K4"/>
  <move id="171" source="E4" target="D4"/>
  <move id="172" source="K4" target="K3"/>
  <move id="173" source="D4" target="C4"/>
  <move id="174" source="K3" target="K2"/>
  <move id="175" source="C4" target="B4"/>
  <move id="176" source="K2" target="I2"/>
  <move id="177" source="B4" target="B3"/>
  <move id="178" source="B2" target="C2"/>
  <move id="179" source="B3" target="B2"/>
  <move id="180" source="C2" target="D2"/>
  <move id="181" source="B2" target="C2"/>
  <move id="182" source="D2" target="D1"/>
  <move id="183" source="C2" target="D2"/>
  <move id="184" source="D1" target="E1"/>
  <player id="1">Player 1</player>
  <player id="2">Player 2</player>
  <result type="1" winner="2"/>
 </game>
</stratego>