<?xml version="1.0" encoding="UTF-8"?>
<stratego>
 <game type="classic">
  
  <field content="JDBMIBEGEFEJIHGHBEBDLKCHDBEDDFGFIHDDBGFDAA__AA__AAAA__AA__AARTWQUXPPTRSVOUPSPPVSNRPTQPTQPUYNQNSQNNRN"/>
  <move id="1" source="A4" target="A5"/>
  <move id="2" source="F7" target="F6"/>
  <move id="3" source="A5" target="A6"/>
  <move id="4" source="F6" target="F5"/>
  <move id="5" source="A3" target="A4"/>
  <move id="6" source="G7" target="F7"/>
  <move id="7" source="B4" target="B5"/>
  <move id="8" source="F7" target="F6"/>
  <move id="9" source="C4" target="B4"/>
  <move id="10" source="F6" target="E6"/>
  <move id="11" source="B5" target="A5"/>
  <move id="12" source="E6" target="E4"/>
  <move id="13" source="B4" target="B5"/>
  <move id="14" source="H7" target="G7"/>
  <move id="15" source="B5" target="B6"/>
  <move id="16" source="G7" target="F7"/>
  <move id="17" source="A5" target="B5"/>
  <move id="18" source="F7" target="F6"/>
  <move id="19" source="A6" target="A7"/>
  <move id="20" source="B7" target="A7"/>
  <move id="21" source="B6" target="A6"/>
  <move id="22" source="A7" target="B7"/>
  <move id="23" source="B5" target="B4"/>
  <move id="24" source="F6" target="E6"/>
  <move id="25" source="A4" target="A5"/>
  <move id="26" source="E6" target="E3"/>
  <move id="27" source="B4" target="A4"/>
  <move id="28" source="E7" target="E6"/>
  <move id="29" source="F4" target="E4"/>
  <move id="30" source="E6" target="E5"/>
  <move id="31" source="A4" target="A3"/>
  <move id="32" source="F5" target="F4"/>
  <move id="33" source="A5" target="A4"/>
  <move id="34" source="E5" target="E4"/>
  <move id="35" source="B3" target="B4"/>
  <move id="36" source="E4" target="D4"/>
  <move id="37" source="B4" target="B5"/>
  <move id="38" source="D4" target="D3"/>
  <move id="39" source="C3" target="C4"/>
  <move id="40" source="D3" target="D2"/>
  <move id="41" source="C2" target="D2"/>
  <move id="42" source="E8" target="E2"/>
  <move id="43" source="B5" target="B6"/>
  <move id="44" source="D7" target="E7"/>
  <move id="45" source="A6" target="A7"/>
  <move id="46" source="E7" target="E6"/>
  <move id="47" source="A7" target="B7"/>
  <move id="48" source="C7" target="B7"/>
  <move id="49" source="B6" target="B5"/>
  <move id="50" source="E6" target="E5"/>
  <move id="51" source="B5" target="B4"/>
  <move id="52" source="E5" target="E4"/>
  <move id="53" source="B4" target="B3"/>
  <move id="54" source="F4" target="F5"/>
  <move id="55" source="B3" target="C3"/>
  <move id="56" source="E4" target="F4"/>
  <move id="57" source="C3" target="D3"/>
  <move id="58" source="F4" target="F3"/>
  <move id="59" source="F2" target="F3"/>
  <move id="60" source="F5" target="F4"/>
  <move id="61" source="F3" target="E3"/>
  <move id="62" source="F4" target="E4"/>
  <move id="63" source="A4" target="A5"/>
  <move id="64" source="E4" target="E3"/>
  <move id="65" source="D3" target="D4"/>
  <move id="66" source="E3" target="E2"/>
  <move id="67" source="G3" target="F3"/>
  <move id="68" source="E2" target="E3"/>
  <move id="69" source="F3" target="G3"/>
  <move id="70" source="E3" target="F3"/>
  <move id="71" source="C4" target="B4"/>
  <move id="72" source="G8" target="G7"/>
  <move id="73" source="B4" target="B5"/>
  <move id="74" source="G7" target="F7"/>
  <move id="75" source="B5" target="B6"/>
  <move id="76" source="F7" target="E7"/>
  <move id="77" source="A5" target="A6"/>
  <move id="78" source="E7" target="E1"/>
  <move id="79" source="E1" target="E2"/>
  <move id="80" source="F3" target="E3"/>
  <move id="81" source="E2" target="F2"/>
  <move id="82" source="E3" target="F3"/>
  <move id="83" source="F2" target="E2"/>
  <move id="84" source="F3" target="G3"/>
  <move id="85" source="D4" target="E4"/>
  <move id="86" source="G3" target="F3"/>
  <move id="87" source="E4" target="E5"/>
  <move id="88" source="F3" target="E3"/>
  <move id="89" source="E2" target="F2"/>
  <move id="90" source="E3" target="E4"/>
  <move id="91" source="E5" target="F5"/>
  <move id="92" source="H8" target="H7"/>
  <move id="93" source="F5" target="F6"/>
  <move id="94" source="H7" target="G7"/>
  <move id="95" source="F6" target="F7"/>
  <move id="96" source="G7" target="F7"/>
  <move id="97" source="K4" target="K5"/>
  <move id="98" source="B7" target="C7"/>
  <move id="99" source="A6" target="A7"/>
  <move id="100" source="C7" target="D7"/>
  <move id="101" source="F7" target="G7"/>
  <move id="102" source="D7" target="E7"/>
  <move id="103" source="G7" target="H7"/>
  <move id="104" source="I7" target="I6"/>
  <move id="105" source="K5" target="K7"/>
  <move id="106" source="I6" target="I5"/>
  <move id="107" source="H7" target="I7"/>
  <move id="108" source="I5" target="I4"/>
  <move id="109" source="I7" target="K7"/>
  <move id="110" source="I4" target="I3"/>
  <move id="111" source="K7" target="I7"/>
  <move id="112" source="I3" target="H3"/>
  <move id="113" source="H4" target="I4"/>
  <move id="114" source="H3" target="H2"/>
  <move id="115" source="I4" target="I5"/>
  <move id="116" source="H2" target="I2"/>
  <move id="117" source="I5" target="K5"/>
  <move id="118" source="E7" target="F7"/>
  <move id="119" source="K5" target="K6"/>
  <move id="120" source="F7" target="G7"/>
  <move id="121" source="I7" target="I8"/>
  <move id="122" source="G7" target="H7"/>
  <move id="123" source="A7" target="B7"/>
  <move id="124" source="H9" target="H8"/>
  <move id="125" source="K6" target="K7"/>
  <move id="126" source="H8" target="G8"/>
  <move id="127" source="K7" target="K8"/>
  <move id="128" source="G8" target="G7"/>
  <move id="129" source="I8" target="I7"/>
  <move id="130" source="H7" target="I7"/>
  <move id="131" source="B2" target="B3"/>
  <move id="132" source="G7" target="F7"/>
  <move id="133" source="B3" target="C3"/>
  <move id="134" source="F7" target="F6"/>
  <move id="135" source="F2" target="E2"/>
  <move id="136" source="F6" target="F5"/>
  <move id="137" source="E2" target="D2"/>
  <move id="138" source="F5" target="F4"/>
  <move id="139" source="B6" target="B5"/>
  <move id="140" source="F4" target="G4"/>
  <move id="141" source="B5" target="B6"/>
  <move id="142" source="E4" target="F4"/>
  <move id="143" source="B7" target="A7"/>
  <move id="144" source="F4" target="F3"/>
  <move id="145" source="A7" target="A6"/>
  <move id="146" source="G4" target="G3"/>
  <move id="147" source="A6" target="A5"/>
  <move id="148" source="G3" target="G2"/>
  <move id="149" source="G1" target="G2"/>
  <move id="150" source="I9" target="I4"/>
  <move id="151" source="A5" target="A4"/>
  <move id="152" source="I4" target="D4"/>
  <move id="153" source="C3" target="C4"/>
  <move id="154" source="D4" target="D2"/>
  <move id="155" source="A4" target="B4"/>
  <move id="156" source="F3" target="F2"/>
  <move id="157" source="D2" target="D3"/>
  <player id="1">Player 1</player>
  <player id="2">Player 2</player>
  <result type="3" winner="1"/>
 </game>
</stratego>