<?xml version="1.0" encoding="UTF-8"?>
<stratego>
 <game type="classic">
  
  <field content="MBIEDEBFDEBLJDCBEBFHIHFEDJFBHDGDHKGDGIGDAA__AA__AAAA__AA__AAPTPQTPUNSPPPXVQUNRRNVTUOSWRTPRQQPQYSNNSN"/>
  <move id="1" source="B4" target="B7"/>
  <move id="2" source="B7" target="B6"/>
  <move id="3" source="K4" target="K7"/>
  <move id="4" source="B6" target="B5"/>
  <move id="5" source="F4" target="F7"/>
  <move id="6" source="E7" target="E6"/>
  <move id="7" source="K3" target="K8"/>
  <move id="8" source="E6" target="E5"/>
  <move id="9" source="K2" target="K3"/>
  <move id="10" source="D7" target="E7"/>
  <move id="11" source="E4" target="F4"/>
  <move id="12" source="E5" target="F5"/>
  <move id="13" source="E3" target="E4"/>
  <move id="14" source="E7" target="F7"/>
  <move id="15" source="K3" target="K4"/>
  <move id="16" source="F7" target="F6"/>
  <move id="17" source="K4" target="K5"/>
  <move id="18" source="F6" target="E6"/>
  <move id="19" source="K5" target="K6"/>
  <move id="20" source="F5" target="E5"/>
  <move id="21" source="K6" target="K7"/>
  <move id="22" source="E5" target="E4"/>
  <move id="23" source="D4" target="E4"/>
  <move id="24" source="E6" target="E5"/>
  <move id="25" source="E4" target="E3"/>
  <move id="26" source="E5" target="E4"/>
  <move id="27" source="F4" target="E4"/>
  <move id="28" source="B5" target="A5"/>
  <move id="29" source="A4" target="B4"/>
  <move id="30" source="A5" target="A4"/>
  <move id="31" source="A3" target="A4"/>
  <move id="32" source="C7" target="B7"/>
  <move id="33" source="B4" target="B5"/>
  <move id="34" source="B7" target="B6"/>
  <move id="35" source="C4" target="D4"/>
  <move id="36" source="B6" target="A6"/>
  <move id="37" source="A4" target="B4"/>
  <move id="38" source="A6" target="A2"/>
  <move id="39" source="B3" target="A3"/>
  <move id="40" source="D8" target="D7"/>
  <move id="41" source="B2" target="B3"/>
  <move id="42" source="D7" target="C7"/>
  <move id="43" source="B4" target="C4"/>
  <move id="44" source="C7" target="B7"/>
  <move id="45" source="B3" target="B4"/>
  <move id="46" source="B7" target="B6"/>
  <move id="47" source="K1" target="K2"/>
  <move id="48" source="A7" target="B7"/>
  <move id="49" source="B5" target="B6"/>
  <move id="50" source="B7" target="A7"/>
  <move id="51" source="B4" target="B5"/>
  <move id="52" source="B6" target="B7"/>
  <move id="53" source="B5" target="B6"/>
  <move id="54" source="B7" target="C7"/>
  <move id="55" source="B6" target="B7"/>
  <move id="56" source="C7" target="D7"/>
  <move id="57" source="B7" target="A7"/>
  <move id="58" source="D7" target="D8"/>
  <move id="59" source="K2" target="K3"/>
  <move id="60" source="F8" target="F7"/>
  <move id="61" source="C3" target="B3"/>
  <move id="62" source="F7" target="E7"/>
  <move id="63" source="B3" target="B4"/>
  <move id="64" source="F9" target="F8"/>
  <move id="65" source="B4" target="B5"/>
  <move id="66" source="F8" target="F7"/>
  <move id="67" source="C4" target="C3"/>
  <move id="68" source="F7" target="F6"/>
  <move id="69" source="D4" target="C4"/>
  <move id="70" source="F6" target="F5"/>
  <move id="71" source="B5" target="B6"/>
  <move id="72" source="E7" target="F7"/>
  <move id="73" source="D3" target="D4"/>
  <move id="74" source="D8" target="D7"/>
  <move id="75" source="B6" target="B7"/>
  <move id="76" source="D7" target="E7"/>
  <move id="77" source="B7" target="B8"/>
  <move id="78" source="B9" target="B8"/>
  <move id="79" source="A7" target="A8"/>
  <move id="80" source="B8" target="B7"/>
  <move id="81" source="C3" target="B3"/>
  <move id="82" source="F5" target="E5"/>
  <move id="83" source="B3" target="B4"/>
  <move id="84" source="E7" target="E6"/>
  <move id="85" source="E4" target="E5"/>
  <move id="86" source="E5" target="E4"/>
  <move id="87" source="E3" target="E4"/>
  <move id="88" source="E6" target="E5"/>
  <move id="89" source="B4" target="B5"/>
  <move id="90" source="B7" target="C7"/>
  <move id="91" source="B5" target="B6"/>
  <move id="92" source="C7" target="D7"/>
  <move id="93" source="F3" target="E3"/>
  <move id="94" source="E5" target="E4"/>
  <move id="95" source="C2" target="C3"/>
  <move id="96" source="E4" target="E3"/>
  <move id="97" source="D4" target="E4"/>
  <move id="98" source="F7" target="F6"/>
  <move id="99" source="C3" target="D3"/>
  <move id="100" source="F6" target="F5"/>
  <move id="101" source="D3" target="E3"/>
  <move id="102" source="F5" target="F4"/>
  <move id="103" source="E4" target="D4"/>
  <move id="104" source="E8" target="E7"/>
  <move id="105" source="A8" target="A7"/>
  <move id="106" source="E7" target="E6"/>
  <move id="107" source="A7" target="A6"/>
  <move id="108" source="E6" target="E5"/>
  <move id="109" source="A6" target="A5"/>
  <move id="110" source="E5" target="E4"/>
  <move id="111" source="A5" target="B5"/>
  <move id="112" source="F4" target="F3"/>
  <move id="113" source="G3" target="F3"/>
  <move id="114" source="F3" target="E3"/>
  <move id="115" source="D4" target="E4"/>
  <move id="116" source="C8" target="C7"/>
  <move id="117" source="B6" target="A6"/>
  <move id="118" source="G7" target="F7"/>
  <move id="119" source="A6" target="A5"/>
  <move id="120" source="F7" target="F6"/>
  <move id="121" source="D2" target="D3"/>
  <move id="122" source="F6" target="F5"/>
  <move id="123" source="D3" target="D4"/>
  <move id="124" source="F5" target="F4"/>
  <move id="125" source="D4" target="E4"/>
  <move id="126" source="F4" target="F5"/>
  <move id="127" source="A5" target="A4"/>
  <move id="128" source="C7" target="C8"/>
  <move id="129" source="A4" target="B4"/>
  <move id="130" source="C8" target="D8"/>
  <move id="131" source="B4" target="B3"/>
  <move id="132" source="D8" target="E8"/>
  <move id="133" source="C4" target="C3"/>
  <move id="134" source="E8" target="E7"/>
  <move id="135" source="B5" target="B4"/>
  <move id="136" source="E7" target="E6"/>
  <move id="137" source="B4" target="C4"/>
  <move id="138" source="E6" target="E5"/>
  <move id="139" source="C4" target="D4"/>
  <move id="140" source="E5" target="E4"/>
  <move id="141" source="D4" target="E4"/>
  <move id="142" source="A9" target="A8"/>
  <move id="143" source="E3" target="E4"/>
  <move id="144" source="A8" target="A7"/>
  <move id="145" source="E4" target="D4"/>
  <move id="146" source="F5" target="F4"/>
  <move id="147" source="E2" target="E3"/>
  <move id="148" source="A7" target="A6"/>
  <move id="149" source="D4" target="C4"/>
  <move id="150" source="F4" target="F3"/>
  <move id="151" source="E3" target="F3"/>
  <move id="152" source="F3" target="G3"/>
  <move id="153" source="G4" target="F4"/>
  <move id="154" source="C9" target="C8"/>
  <move id="155" source="C4" target="B4"/>
  <move id="156" source="C8" target="D8"/>
  <move id="157" source="B4" target="B5"/>
  <move id="158" source="D8" target="E8"/>
  <move id="159" source="B5" target="B6"/>
  <move id="160" source="A6" target="A5"/>
  <move id="161" source="B3" target="B4"/>
  <move id="162" source="A5" target="A4"/>
  <move id="163" source="B4" target="A4"/>
  <move id="164" source="A4" target="A3"/>
  <move id="165" source="B6" target="B7"/>
  <move id="166" source="E8" target="E7"/>
  <move id="167" source="H4" target="G4"/>
  <move id="168" source="G3" target="F3"/>
  <move id="169" source="F4" target="F5"/>
  <move id="170" source="E7" target="E6"/>
  <move id="171" source="B7" target="C7"/>
  <move id="172" source="A3" target="B3"/>
  <move id="173" source="C7" target="D7"/>
  <move id="174" source="B3" target="C3"/>
  <move id="175" source="D7" target="E7"/>
  <move id="176" source="E6" target="F6"/>
  <move id="177" source="G4" target="F4"/>
  <move id="178" source="F6" target="F5"/>
  <move id="179" source="E7" target="E6"/>
  <move id="180" source="F5" target="F4"/>
  <move id="181" source="E6" target="E5"/>
  <move id="182" source="C3" target="D3"/>
  <move id="183" source="E5" target="E4"/>
  <move id="184" source="F3" target="G3"/>
  <move id="185" source="E4" target="F4"/>
  <move id="186" source="D3" target="D2"/>
  <move id="187" source="K3" target="K4"/>
  <move id="188" source="C:" target="C7"/>
  <move id="189" source="K4" target="K5"/>
  <move id="190" source="C7" target="B7"/>
  <move id="191" source="K5" target="I5"/>
  <move id="192" source="B7" target="B3"/>
  <move id="193" source="I5" target="I6"/>
  <move id="194" source="B3" target="C3"/>
  <move id="195" source="I6" target="I7"/>
  <move id="196" source="I7" target="I6"/>
  <move id="197" source="I4" target="K4"/>
  <move id="198" source="I6" target="I5"/>
  <move id="199" source="K4" target="K3"/>
  <move id="200" source="C3" target="C1"/>
  <move id="201" source="D1" target="D2"/>
  <move id="202" source="D2" target="D3"/>
  <move id="203" source="I3" target="I4"/>
  <move id="204" source="I5" target="K5"/>
  <move id="205" source="I4" target="K4"/>
  <move id="206" source="K5" target="K6"/>
  <move id="207" source="K7" target="K6"/>
  <move id="208" source="D3" target="D4"/>
  <move id="209" source="I2" target="K2"/>
  <move id="210" source="D4" target="E4"/>
  <move id="211" source="F4" target="G4"/>
  <move id="212" source="G3" target="F3"/>
  <move id="213" source="I1" target="I8"/>
  <move id="214" source="E4" target="F4"/>
  <move id="215" source="K6" target="K7"/>
  <move id="216" source="F4" target="G4"/>
  <move id="217" source="K4" target="K5"/>
  <move id="218" source="F3" target="F4"/>
  <move id="219" source="K7" target="I7"/>
  <move id="220" source="F4" target="G4"/>
  <move id="221" source="I7" target="I8"/>
  <move id="222" source="G4" target="H4"/>
  <move id="223" source="I8" target="I9"/>
  <move id="224" source="H9" target="I9"/>
  <move id="225" source="E1" target="E9"/>
  <move id="226" source="H4" target="I4"/>
  <move id="227" source="C1" target="C2"/>
  <move id="228" source="I4" target="K4"/>
  <move id="229" source="K5" target="I5"/>
  <move id="230" source="K4" target="K3"/>
  <move id="231" source="I5" target="I4"/>
  <move id="232" source="K3" target="K2"/>
  <move id="233" source="I4" target="H4"/>
  <move id="234" source="K2" target="K3"/>
  <move id="235" source="H4" target="G4"/>
  <move id="236" source="K3" target="I3"/>
  <move id="237" source="C2" target="C3"/>
  <move id="238" source="I3" target="I4"/>
  <move id="239" source="G4" target="F4"/>
  <move id="240" source="I4" target="H4"/>
  <move id="241" source="F4" target="F5"/>
  <move id="242" source="H4" target="G4"/>
  <move id="243" source="F5" target="F6"/>
  <move id="244" source="G4" target="F4"/>
  <move id="245" source="F6" target="F7"/>
  <move id="246" source="F4" target="F5"/>
  <move id="247" source="F7" target="F8"/>
  <move id="248" source="F5" target="F6"/>
  <move id="249" source="C3" target="C4"/>
  <move id="250" source="F6" target="F7"/>
  <move id="251" source="F8" target="E8"/>
  <move id="252" source="E9" target="F9"/>
  <move id="253" source="G2" target="G3"/>
  <move id="254" source="I:" target="I9"/>
  <move id="255" source="G3" target="F3"/>
  <move id="256" source="I9" target="I8"/>
  <move id="257" source="F3" target="F4"/>
  <move id="258" source="I8" target="I7"/>
  <move id="259" source="F4" target="E4"/>
  <move id="260" source="I7" target="I6"/>
  <move id="261" source="E4" target="E3"/>
  <move id="262" source="I6" target="I5"/>
  <move id="263" source="E3" target="D3"/>
  <move id="264" source="I5" target="I4"/>
  <move id="265" source="D3" target="C3"/>
  <move id="266" source="I4" target="I3"/>
  <move id="267" source="C3" target="B3"/>
  <move id="268" source="I3" target="I2"/>
  <move id="269" source="B3" target="B4"/>
  <move id="270" source="I2" target="I1"/>
  <move id="271" source="B4" target="B5"/>
  <move id="272" source="F7" target="E7"/>
  <move id="273" source="E8" target="F8"/>
  <move id="274" source="F9" target="E9"/>
  <move id="275" source="B5" target="A5"/>
  <move id="276" source="E9" target="E8"/>
  <move id="277" source="C4" target="B4"/>
  <move id="278" source="E8" target="D8"/>
  <move id="279" source="B4" target="B5"/>
  <move id="280" source="E7" target="D7"/>
  <move id="281" source="F8" target="E8"/>
  <move id="282" source="D8" target="C8"/>
  <move id="283" source="A5" target="A4"/>
  <move id="284" source="D7" target="C7"/>
  <move id="285" source="E8" target="D8"/>
  <move id="286" source="C8" target="B8"/>
  <move id="287" source="B5" target="A5"/>
  <move id="288" source="C7" target="B7"/>
  <move id="289" source="A5" target="A6"/>
  <move id="290" source="B8" target="B9"/>
  <move id="291" source="A4" target="B4"/>
  <move id="292" source="I1" target="I2"/>
  <move id="293" source="B4" target="C4"/>
  <move id="294" source="I2" target="I3"/>
  <move id="295" source="C4" target="D4"/>
  <move id="296" source="I3" target="I4"/>
  <move id="297" source="D4" target="E4"/>
  <move id="298" source="I4" target="H4"/>
  <move id="299" source="E4" target="E5"/>
  <move id="300" source="H4" target="G4"/>
  <move id="301" source="E5" target="E6"/>
  <move id="302" source="B7" target="C7"/>
  <move id="303" source="E6" target="F6"/>
  <move id="304" source="G4" target="F4"/>
  <move id="305" source="F6" target="F7"/>
  <move id="306" source="F4" target="F5"/>
  <move id="307" source="F7" target="F8"/>
  <move id="308" source="F5" target="F6"/>
  <move id="309" source="A6" target="B6"/>
  <move id="310" source="F6" target="F7"/>
  <move id="311" source="F8" target="G8"/>
  <move id="312" source="C7" target="B7"/>
  <move id="313" source="B6" target="B5"/>
  <move id="314" source="B7" target="B6"/>
  <move id="315" source="B5" target="B4"/>
  <move id="316" source="B6" target="B5"/>
  <move id="317" source="B4" target="C4"/>
  <move id="318" source="A:" target="A9"/>
  <move id="319" source="D8" target="C8"/>
  <move id="320" source="A9" target="A8"/>
  <move id="321" source="C8" target="B8"/>
  <move id="322" source="A8" target="A7"/>
  <move id="323" source="B8" target="B9"/>
  <move id="324" source="A7" target="A6"/>
  <move id="325" source="B9" target="C9"/>
  <move id="326" source="A6" target="A5"/>
  <move id="327" source="C9" target="C:"/>
  <move id="328" source="A5" target="A4"/>
  <move id="329" source="C:" target="D:"/>
  <move id="330" source="A4" target="A3"/>
  <move id="331" source="D:" target="E:"/>
  <player id="1">Player 1</player>
  <player id="2">Player 2</player>
  <result type="1" winner="1"/>
 </game>
</stratego>