<?xml version="1.0" encoding="UTF-8"?>
<stratego>
 <game type="classic">
  
  <field content="EJDDDBFIEEHJBFFBELBDGICHIBDHMFDGEDDHGBGKAA__AA__AAAA__AA__AANPXOTRSTPNSRTVWTSPNRNQUUPPVUSNYNQQPPQPQR"/>
  <move id="1" source="K4" target="K5"/>
  <move id="2" source="B7" target="B6"/>
  <move id="3" source="K5" target="K6"/>
  <move id="4" source="B8" target="B7"/>
  <move id="5" source="K6" target="K7"/>
  <move id="6" source="B6" target="A6"/>
  <move id="7" source="I4" target="I5"/>
  <move id="8" source="B7" target="B6"/>
  <move id="9" source="I5" target="I6"/>
  <move id="10" source="F7" target="F6"/>
  <move id="11" source="I6" target="I7"/>
  <move id="12" source="H7" target="I7"/>
  <move id="13" source="K3" target="K4"/>
  <move id="14" source="H8" target="H7"/>
  <move id="15" source="K4" target="K5"/>
  <move id="16" source="E7" target="E6"/>
  <move id="17" source="K5" target="K6"/>
  <move id="18" source="F6" target="F5"/>
  <move id="19" source="F4" target="F5"/>
  <move id="20" source="F8" target="F7"/>
  <move id="21" source="F5" target="E5"/>
  <move id="22" source="E6" target="E5"/>
  <move id="23" source="E4" target="E8"/>
  <move id="24" source="F7" target="E7"/>
  <move id="25" source="G4" target="F4"/>
  <move id="26" source="F9" target="F8"/>
  <move id="27" source="F4" target="F5"/>
  <move id="28" source="F8" target="F7"/>
  <move id="29" source="F5" target="F6"/>
  <move id="30" source="C8" target="B8"/>
  <move id="31" source="F6" target="F7"/>
  <move id="32" source="E7" target="F7"/>
  <move id="33" source="G3" target="G4"/>
  <move id="34" source="F7" target="E7"/>
  <move id="35" source="G4" target="F4"/>
  <move id="36" source="E9" target="F9"/>
  <move id="37" source="F4" target="F9"/>
  <move id="38" source="F:" target="F9"/>
  <move id="39" source="H3" target="G3"/>
  <move id="40" source="F9" target="F8"/>
  <move id="41" source="G3" target="G4"/>
  <move id="42" source="F8" target="F7"/>
  <move id="43" source="G4" target="F4"/>
  <move id="44" source="C9" target="C8"/>
  <move id="45" source="F4" target="F5"/>
  <move id="46" source="D9" target="C9"/>
  <move id="47" source="F5" target="F6"/>
  <move id="48" source="D8" target="D9"/>
  <move id="49" source="F6" target="E6"/>
  <move id="50" source="B8" target="B7"/>
  <move id="51" source="E6" target="E7"/>
  <move id="52" source="C8" target="B8"/>
  <move id="53" source="E3" target="E4"/>
  <move id="54" source="D7" target="D8"/>
  <move id="55" source="E4" target="E5"/>
  <move id="56" source="C7" target="D7"/>
  <move id="57" source="E5" target="E6"/>
  <move id="58" source="E:" target="E9"/>
  <move id="59" source="E6" target="E7"/>
  <move id="60" source="D7" target="E7"/>
  <move id="61" source="B4" target="B5"/>
  <move id="62" source="A6" target="A4"/>
  <move id="63" source="B5" target="B6"/>
  <move id="64" source="B7" target="B6"/>
  <move id="65" source="B3" target="B4"/>
  <move id="66" source="E7" target="D7"/>
  <move id="67" source="B4" target="B5"/>
  <move id="68" source="D7" target="C7"/>
  <move id="69" source="H2" target="H3"/>
  <move id="70" source="C7" target="B7"/>
  <move id="71" source="H3" target="G3"/>
  <move id="72" source="B6" target="A6"/>
  <move id="73" source="G3" target="G4"/>
  <move id="74" source="B7" target="B6"/>
  <move id="75" source="B5" target="A5"/>
  <move id="76" source="A6" target="A5"/>
  <move id="77" source="G4" target="F4"/>
  <move id="78" source="B6" target="B5"/>
  <move id="79" source="A5" target="A6"/>
  <move id="80" source="B8" target="B7"/>
  <move id="81" source="F4" target="F5"/>
  <move id="82" source="B7" target="B6"/>
  <move id="83" source="F5" target="F6"/>
  <move id="84" source="G8" target="F8"/>
  <move id="85" source="F6" target="E6"/>
  <move id="86" source="F7" target="E7"/>
  <move id="87" source="E6" target="F6"/>
  <move id="88" source="B6" target="A6"/>
  <move id="89" source="F6" target="F7"/>
  <move id="90" source="B9" target="B8"/>
  <move id="91" source="F7" target="F8"/>
  <move id="92" source="B5" target="B6"/>
  <move id="93" source="F8" target="F7"/>
  <move id="94" source="B6" target="B7"/>
  <move id="95" source="F7" target="G7"/>
  <move id="96" source="E9" target="F9"/>
  <move id="97" source="G7" target="H7"/>
  <move id="98" source="I7" target="I6"/>
  <move id="99" source="H7" target="I7"/>
  <move id="100" source="I6" target="K6"/>
  <move id="101" source="I7" target="I8"/>
  <move id="102" source="G9" target="G8"/>
  <move id="103" source="C4" target="B4"/>
  <move id="104" source="E7" target="E6"/>
  <player id="1">Player 1</player>
  <player id="2">Player 2</player>
  <result type="3" winner="2"/>
 </game>
</stratego>