<?xml version="1.0" encoding="UTF-8"?>
<stratego>
 <game type="classic">
  
  <field content="EFBGBMBEEGDBBIEBEIDDFGDDHKJLHIDHDDFHCJGFAA__AA__AAAA__AA__AAUPTPNNVTUPSRWPSRSPRSQPOVNUPQXNQTQTRNPQNY"/>
  <move id="1" source="F4" target="F5"/>
  <move id="2" source="B7" target="B6"/>
  <move id="3" source="F3" target="F4"/>
  <move id="4" source="I7" target="I6"/>
  <move id="5" source="E4" target="E5"/>
  <move id="6" source="B8" target="B7"/>
  <move id="7" source="E3" target="E4"/>
  <move id="8" source="B6" target="A6"/>
  <move id="9" source="E5" target="E6"/>
  <move id="10" source="B7" target="B6"/>
  <move id="11" source="E4" target="E5"/>
  <move id="12" source="B6" target="B5"/>
  <move id="13" source="F5" target="F6"/>
  <move id="14" source="A6" target="A5"/>
  <move id="15" source="F4" target="F5"/>
  <move id="16" source="A7" target="A6"/>
  <move id="17" source="G3" target="F3"/>
  <move id="18" source="A8" target="B8"/>
  <move id="19" source="D4" target="E4"/>
  <move id="20" source="B8" target="B7"/>
  <move id="21" source="B4" target="B5"/>
  <move id="22" source="A5" target="A4"/>
  <move id="23" source="B5" target="A5"/>
  <move id="24" source="A6" target="A5"/>
  <move id="25" source="C4" target="B4"/>
  <move id="26" source="A5" target="A6"/>
  <move id="27" source="F6" target="F7"/>
  <move id="28" source="C8" target="B8"/>
  <move id="29" source="E6" target="E7"/>
  <move id="30" source="B8" target="A8"/>
  <move id="31" source="E2" target="E3"/>
  <move id="32" source="A6" target="A7"/>
  <move id="33" source="F5" target="F6"/>
  <move id="34" source="B7" target="B6"/>
  <move id="35" source="F6" target="E6"/>
  <move id="36" source="B6" target="A6"/>
  <move id="37" source="E4" target="D4"/>
  <move id="38" source="C9" target="C8"/>
  <move id="39" source="E3" target="E4"/>
  <move id="40" source="B9" target="B4"/>
  <move id="41" source="E4" target="F4"/>
  <move id="42" source="C8" target="B8"/>
  <move id="43" source="F4" target="F5"/>
  <move id="44" source="B8" target="B9"/>
  <move id="45" source="F3" target="E3"/>
  <move id="46" source="D8" target="C8"/>
  <move id="47" source="H3" target="G3"/>
  <move id="48" source="C8" target="B8"/>
  <move id="49" source="I3" target="H3"/>
  <move id="50" source="A6" target="A5"/>
  <move id="51" source="G3" target="F3"/>
  <move id="52" source="A5" target="A4"/>
  <move id="53" source="A3" target="A4"/>
  <move id="54" source="B8" target="B3"/>
  <move id="55" source="H3" target="G3"/>
  <move id="56" source="A7" target="A6"/>
  <move id="57" source="F5" target="F6"/>
  <move id="58" source="A8" target="A7"/>
  <move id="59" source="D4" target="C4"/>
  <move id="60" source="B9" target="B8"/>
  <move id="61" source="E3" target="E4"/>
  <move id="62" source="C7" target="B7"/>
  <move id="63" source="G4" target="F4"/>
  <move id="64" source="B7" target="B6"/>
  <move id="65" source="D3" target="E3"/>
  <move id="66" source="A7" target="B7"/>
  <move id="67" source="E3" target="E2"/>
  <move id="68" source="B6" target="B5"/>
  <move id="69" source="E4" target="D4"/>
  <move id="70" source="B7" target="B6"/>
  <move id="71" source="F4" target="E4"/>
  <move id="72" source="A4" target="A3"/>
  <move id="73" source="B3" target="B4"/>
  <move id="74" source="A3" target="A2"/>
  <move id="75" source="B4" target="B5"/>
  <move id="76" source="A2" target="A1"/>
  <move id="77" source="C4" target="B4"/>
  <move id="78" source="D7" target="A7"/>
  <move id="79" source="D4" target="C4"/>
  <move id="80" source="B8" target="B7"/>
  <move id="81" source="E4" target="D4"/>
  <move id="82" source="A1" target="B1"/>
  <move id="83" source="B4" target="A4"/>
  <move id="84" source="B1" target="C1"/>
  <move id="85" source="C4" target="B4"/>
  <move id="86" source="E8" target="D8"/>
  <move id="87" source="D4" target="C4"/>
  <move id="88" source="F8" target="E8"/>
  <move id="89" source="C3" target="B3"/>
  <move id="90" source="D8" target="D7"/>
  <move id="91" source="A4" target="A3"/>
  <move id="92" source="B5" target="A5"/>
  <move id="93" source="B4" target="A4"/>
  <move id="94" source="B6" target="B5"/>
  <move id="95" source="B3" target="B5"/>
  <move id="96" source="B7" target="B6"/>
  <move id="97" source="F3" target="E3"/>
  <move id="98" source="K7" target="K6"/>
  <move id="99" source="A3" target="B3"/>
  <move id="100" source="H7" target="I7"/>
  <move id="101" source="E3" target="D3"/>
  <move id="102" source="K6" target="K5"/>
  <move id="103" source="D3" target="C3"/>
  <move id="104" source="I7" target="K7"/>
  <move id="105" source="B3" target="B4"/>
  <move id="106" source="K7" target="K6"/>
  <move id="107" source="C3" target="B3"/>
  <move id="108" source="K5" target="K4"/>
  <move id="109" source="B3" target="A3"/>
  <move id="110" source="K6" target="K5"/>
  <move id="111" source="A4" target="A5"/>
  <move id="112" source="B5" target="A5"/>
  <move id="113" source="B4" target="B6"/>
  <move id="114" source="A5" target="B5"/>
  <move id="115" source="A3" target="B3"/>
  <move id="116" source="B5" target="A5"/>
  <move id="117" source="B3" target="A3"/>
  <move id="118" source="A6" target="B6"/>
  <move id="119" source="A3" target="A4"/>
  <move id="120" source="A5" target="B5"/>
  <move id="121" source="A4" target="B4"/>
  <move id="122" source="B5" target="A5"/>
  <move id="123" source="B4" target="A4"/>
  <move id="124" source="A5" target="B5"/>
  <move id="125" source="A4" target="B4"/>
  <move id="126" source="B6" target="A6"/>
  <move id="127" source="B4" target="B5"/>
  <move id="128" source="K5" target="K4"/>
  <move id="129" source="K3" target="K4"/>
  <move id="130" source="I6" target="I5"/>
  <move id="131" source="K4" target="K3"/>
  <move id="132" source="I5" target="I4"/>
  <move id="133" source="H4" target="I4"/>
  <player id="1">Player 1</player>
  <player id="2">Player 2</player>
  <result type="3" winner="1"/>
 </game>
</stratego>