<?xml version="1.0" encoding="UTF-8"?>
<stratego>
 <game type="classic">
  
  <field content="EDMEEBFBBFHDIDHBGFGELDDCDJEBBHIHJKGDDIFGAA__AA__AAAA__AA__AARPUQTSWQPTTPPVXPONSPNTNUSVURQSRQYNPRNPQN"/>
  <move id="1" source="A4" target="A5"/>
  <move id="2" source="B7" target="B4"/>
  <move id="3" source="A5" target="A6"/>
  <move id="4" source="A7" target="A6"/>
  <move id="5" source="A3" target="A4"/>
  <move id="6" source="C7" target="B7"/>
  <move id="7" source="A4" target="A5"/>
  <move id="8" source="B7" target="A7"/>
  <move id="9" source="B4" target="A4"/>
  <move id="10" source="C8" target="C7"/>
  <move id="11" source="B3" target="B4"/>
  <move id="12" source="C7" target="B7"/>
  <move id="13" source="B4" target="B5"/>
  <move id="14" source="F7" target="F6"/>
  <move id="15" source="B5" target="B6"/>
  <move id="16" source="B7" target="C7"/>
  <move id="17" source="C4" target="B4"/>
  <move id="18" source="A7" target="B7"/>
  <move id="19" source="B6" target="B7"/>
  <move id="20" source="B7" target="A7"/>
  <move id="21" source="B4" target="B5"/>
  <move id="22" source="A7" target="A6"/>
  <move id="23" source="B5" target="B6"/>
  <move id="24" source="A8" target="A7"/>
  <move id="25" source="B6" target="A6"/>
  <move id="26" source="B8" target="B5"/>
  <move id="27" source="B2" target="B5"/>
  <move id="28" source="C7" target="B7"/>
  <move id="29" source="A4" target="B4"/>
  <move id="30" source="B7" target="C7"/>
  <move id="31" source="B4" target="B5"/>
  <move id="32" source="C7" target="C8"/>
  <move id="33" source="C3" target="C4"/>
  <move id="34" source="F6" target="F5"/>
  <move id="35" source="C4" target="B4"/>
  <move id="36" source="F8" target="F7"/>
  <move id="37" source="B5" target="B6"/>
  <move id="38" source="F7" target="F6"/>
  <move id="39" source="B6" target="B7"/>
  <move id="40" source="A7" target="B7"/>
  <move id="41" source="B4" target="B5"/>
  <move id="42" source="B9" target="B8"/>
  <move id="43" source="B5" target="B6"/>
  <move id="44" source="B8" target="B7"/>
  <move id="45" source="C2" target="C3"/>
  <move id="46" source="F5" target="F4"/>
  <move id="47" source="E4" target="F4"/>
  <move id="48" source="F6" target="E6"/>
  <move id="49" source="G4" target="F4"/>
  <move id="50" source="E7" target="F7"/>
  <move id="51" source="H4" target="G4"/>
  <move id="52" source="F7" target="F6"/>
  <move id="53" source="C3" target="C4"/>
  <move id="54" source="F6" target="F5"/>
  <move id="55" source="C4" target="B4"/>
  <move id="56" source="E6" target="E7"/>
  <move id="57" source="E3" target="E4"/>
  <move id="58" source="E7" target="F7"/>
  <move id="59" source="E2" target="E3"/>
  <move id="60" source="K7" target="K6"/>
  <move id="61" source="B4" target="B5"/>
  <move id="62" source="K6" target="K5"/>
  <move id="63" source="A6" target="A7"/>
  <move id="64" source="B7" target="A7"/>
  <move id="65" source="B6" target="B7"/>
  <move id="66" source="D7" target="E7"/>
  <move id="67" source="B7" target="B8"/>
  <move id="68" source="C8" target="C7"/>
  <move id="69" source="B8" target="B7"/>
  <move id="70" source="C7" target="D7"/>
  <move id="71" source="D2" target="C2"/>
  <move id="72" source="E7" target="E6"/>
  <move id="73" source="C2" target="C3"/>
  <move id="74" source="D7" target="E7"/>
  <move id="75" source="C3" target="C4"/>
  <move id="76" source="D8" target="C8"/>
  <move id="77" source="C4" target="B4"/>
  <move id="78" source="C8" target="C7"/>
  <move id="79" source="B7" target="C7"/>
  <move id="80" source="C7" target="B7"/>
  <move id="81" source="A5" target="A6"/>
  <move id="82" source="B7" target="A7"/>
  <move id="83" source="B5" target="B6"/>
  <move id="84" source="E7" target="A7"/>
  <move id="85" source="B6" target="B7"/>
  <move id="86" source="A7" target="A6"/>
  <move id="87" source="A6" target="B6"/>
  <move id="88" source="E6" target="F6"/>
  <move id="89" source="B7" target="A7"/>
  <move id="90" source="E8" target="E7"/>
  <move id="91" source="B6" target="B7"/>
  <move id="92" source="E7" target="E6"/>
  <move id="93" source="B7" target="C7"/>
  <move id="94" source="F5" target="E5"/>
  <move id="95" source="F4" target="F6"/>
  <move id="96" source="E5" target="E4"/>
  <move id="97" source="D4" target="E4"/>
  <move id="98" source="E6" target="E5"/>
  <move id="99" source="E4" target="E5"/>
  <move id="100" source="E5" target="F5"/>
  <move id="101" source="C7" target="D7"/>
  <move id="102" source="F5" target="F4"/>
  <move id="103" source="D7" target="E7"/>
  <move id="104" source="F4" target="G4"/>
  <move id="105" source="E7" target="F7"/>
  <move id="106" source="F6" target="F5"/>
  <move id="107" source="E3" target="E4"/>
  <move id="108" source="F5" target="F4"/>
  <move id="109" source="F3" target="F4"/>
  <move id="110" source="G4" target="F4"/>
  <move id="111" source="E4" target="E5"/>
  <move id="112" source="F4" target="F5"/>
  <move id="113" source="E5" target="E4"/>
  <move id="114" source="F5" target="F6"/>
  <move id="115" source="F7" target="F8"/>
  <player id="1">Player 1</player>
  <player id="2">Player 2</player>
  <result type="3" winner="2"/>
 </game>
</stratego>