<?xml version="1.0" encoding="UTF-8"?>
<stratego>
 <game type="classic">
  
  <field content="MIEEDDEBEDBJHIHJFBDGHGKCFGEIFBBDFHBDLGDDAA__AA__AAAA__AA__AAPTVPTUQPTSSNPOWPXVPNNRPRQTQNPSRQRQNUSYUN"/>
  <move id="1" source="B4" target="B5"/>
  <move id="2" source="I7" target="I6"/>
  <move id="3" source="B3" target="B4"/>
  <move id="4" source="I6" target="I5"/>
  <move id="5" source="C3" target="B3"/>
  <move id="6" source="H7" target="I7"/>
  <move id="7" source="I4" target="I5"/>
  <move id="8" source="I7" target="I6"/>
  <move id="9" source="H4" target="I4"/>
  <move id="10" source="F7" target="F6"/>
  <move id="11" source="H3" target="H4"/>
  <move id="12" source="K7" target="K6"/>
  <move id="13" source="F4" target="F6"/>
  <move id="14" source="F6" target="E6"/>
  <move id="15" source="F3" target="F4"/>
  <move id="16" source="F8" target="F7"/>
  <move id="17" source="F2" target="F3"/>
  <move id="18" source="F7" target="F6"/>
  <move id="19" source="E2" target="F2"/>
  <move id="20" source="F6" target="F5"/>
  <move id="21" source="E3" target="E2"/>
  <move id="22" source="E6" target="E5"/>
  <move id="23" source="D3" target="E3"/>
  <move id="24" source="E5" target="E6"/>
  <move id="25" source="F4" target="F5"/>
  <move id="26" source="E6" target="E5"/>
  <move id="27" source="F3" target="F4"/>
  <move id="28" source="E7" target="F7"/>
  <move id="29" source="B3" target="C3"/>
  <move id="30" source="F7" target="F6"/>
  <move id="31" source="F5" target="F6"/>
  <move id="32" source="G7" target="F7"/>
  <move id="33" source="F4" target="F5"/>
  <move id="34" source="E5" target="E6"/>
  <move id="35" source="F5" target="E5"/>
  <move id="36" source="E6" target="E7"/>
  <move id="37" source="G4" target="F4"/>
  <move id="38" source="F6" target="E6"/>
  <move id="39" source="F4" target="F5"/>
  <move id="40" source="F7" target="F6"/>
  <move id="41" source="F5" target="F6"/>
  <move id="42" source="E6" target="E5"/>
  <move id="43" source="F6" target="F7"/>
  <move id="44" source="I8" target="I7"/>
  <move id="45" source="F7" target="E7"/>
  <move id="46" source="E8" target="F8"/>
  <move id="47" source="E7" target="E6"/>
  <move id="48" source="F8" target="F7"/>
  <move id="49" source="E5" target="F5"/>
  <move id="50" source="E9" target="E8"/>
  <move id="51" source="E6" target="E5"/>
  <move id="52" source="E8" target="E7"/>
  <move id="53" source="F5" target="F4"/>
  <move id="54" source="F7" target="F6"/>
  <move id="55" source="E5" target="F5"/>
  <move id="56" source="F6" target="E6"/>
  <move id="57" source="F4" target="F3"/>
  <move id="58" source="E7" target="F7"/>
  <move id="59" source="F5" target="F4"/>
  <move id="60" source="F7" target="F6"/>
  <move id="61" source="G3" target="G4"/>
  <move id="62" source="D9" target="E9"/>
  <move id="63" source="E3" target="D3"/>
  <move id="64" source="E9" target="E8"/>
  <move id="65" source="F3" target="E3"/>
  <move id="66" source="E8" target="F8"/>
  <move id="67" source="F4" target="F3"/>
  <move id="68" source="E6" target="E5"/>
  <move id="69" source="G4" target="F4"/>
  <move id="70" source="F6" target="F5"/>
  <move id="71" source="G2" target="G3"/>
  <move id="72" source="F8" target="F7"/>
  <move id="73" source="G3" target="G4"/>
  <move id="74" source="F7" target="F6"/>
  <move id="75" source="F4" target="F5"/>
  <move id="76" source="F6" target="F5"/>
  <move id="77" source="G4" target="F4"/>
  <move id="78" source="I7" target="H7"/>
  <move id="79" source="F2" target="G2"/>
  <move id="80" source="H7" target="G7"/>
  <move id="81" source="F4" target="F5"/>
  <move id="82" source="G7" target="F7"/>
  <move id="83" source="F3" target="F4"/>
  <move id="84" source="F7" target="F6"/>
  <move id="85" source="F1" target="F2"/>
  <move id="86" source="F6" target="F5"/>
  <move id="87" source="F4" target="G4"/>
  <move id="88" source="F5" target="F4"/>
  <move id="89" source="G4" target="F4"/>
  <move id="90" source="D7" target="E7"/>
  <move id="91" source="F4" target="G4"/>
  <move id="92" source="E7" target="F7"/>
  <move id="93" source="F2" target="F3"/>
  <move id="94" source="F7" target="F6"/>
  <move id="95" source="F3" target="F4"/>
  <move id="96" source="E5" target="E4"/>
  <move id="97" source="E3" target="F3"/>
  <move id="98" source="B7" target="B6"/>
  <move id="99" source="C3" target="B3"/>
  <move id="100" source="B6" target="B5"/>
  <move id="101" source="E2" target="F2"/>
  <move id="102" source="B5" target="B4"/>
  <move id="103" source="B3" target="B4"/>
  <move id="104" source="G8" target="F8"/>
  <move id="105" source="B4" target="B3"/>
  <move id="106" source="G9" target="G8"/>
  <move id="107" source="C4" target="B4"/>
  <move id="108" source="G8" target="G7"/>
  <move id="109" source="B4" target="B5"/>
  <move id="110" source="G7" target="F7"/>
  <move id="111" source="B5" target="B6"/>
  <move id="112" source="F7" target="E7"/>
  <move id="113" source="B3" target="B4"/>
  <move id="114" source="E7" target="E6"/>
  <move id="115" source="F4" target="F6"/>
  <move id="116" source="E6" target="E5"/>
  <move id="117" source="F3" target="E3"/>
  <move id="118" source="A7" target="B7"/>
  <move id="119" source="B4" target="B5"/>
  <move id="120" source="F8" target="F7"/>
  <move id="121" source="B2" target="B3"/>
  <move id="122" source="K6" target="K5"/>
  <move id="123" source="E3" target="F3"/>
  <move id="124" source="F7" target="F6"/>
  <move id="125" source="F3" target="E3"/>
  <move id="126" source="D8" target="D7"/>
  <move id="127" source="F2" target="F3"/>
  <move id="128" source="F6" target="F5"/>
  <move id="129" source="F3" target="F4"/>
  <move id="130" source="D7" target="E7"/>
  <move id="131" source="B3" target="C3"/>
  <move id="132" source="E7" target="E6"/>
  <move id="133" source="C3" target="C4"/>
  <move id="134" source="F5" target="F6"/>
  <move id="135" source="E1" target="F1"/>
  <move id="136" source="C8" target="D8"/>
  <move id="137" source="F4" target="F5"/>
  <move id="138" source="E5" target="E4"/>
  <move id="139" source="E3" target="E4"/>
  <move id="140" source="E6" target="E5"/>
  <move id="141" source="D3" target="E3"/>
  <move id="142" source="F6" target="F7"/>
  <move id="143" source="F5" target="E5"/>
  <move id="144" source="F9" target="E9"/>
  <move id="145" source="E5" target="F5"/>
  <move id="146" source="E9" target="E8"/>
  <move id="147" source="E4" target="E5"/>
  <move id="148" source="E8" target="E7"/>
  <move id="149" source="E3" target="E4"/>
  <move id="150" source="E7" target="E6"/>
  <move id="151" source="D4" target="D3"/>
  <move id="152" source="E6" target="F6"/>
  <move id="153" source="G4" target="F4"/>
  <move id="154" source="C7" target="D7"/>
  <move id="155" source="D3" target="E3"/>
  <move id="156" source="D7" target="E7"/>
  <move id="157" source="C4" target="D4"/>
  <move id="158" source="E7" target="E6"/>
  <move id="159" source="E3" target="E2"/>
  <move id="160" source="E6" target="E5"/>
  <move id="161" source="F5" target="E5"/>
  <move id="162" source="F6" target="E6"/>
  <move id="163" source="F4" target="F5"/>
  <move id="164" source="K5" target="K4"/>
  <move id="165" source="E4" target="E3"/>
  <move id="166" source="K4" target="K3"/>
  <move id="167" source="D4" target="E4"/>
  <move id="168" source="I5" target="K5"/>
  <move id="169" source="F5" target="F4"/>
  <move id="170" source="D8" target="E8"/>
  <move id="171" source="F4" target="G4"/>
  <move id="172" source="E8" target="E7"/>
  <move id="173" source="F1" target="F7"/>
  <move id="174" source="E6" target="E5"/>
  <move id="175" source="E4" target="E5"/>
  <move id="176" source="F7" target="F6"/>
  <move id="177" source="E3" target="E4"/>
  <move id="178" source="F6" target="E6"/>
  <move id="179" source="G4" target="F4"/>
  <move id="180" source="E6" target="F6"/>
  <move id="181" source="B5" target="B4"/>
  <move id="182" source="I6" target="I4"/>
  <move id="183" source="B4" target="C4"/>
  <move id="184" source="K5" target="I5"/>
  <move id="185" source="C4" target="D4"/>
  <move id="186" source="I5" target="I4"/>
  <move id="187" source="H4" target="I4"/>
  <move id="188" source="B7" target="A7"/>
  <move id="189" source="B6" target="B5"/>
  <move id="190" source="H8" target="H7"/>
  <move id="191" source="I4" target="H4"/>
  <move id="192" source="H7" target="G7"/>
  <move id="193" source="H4" target="G4"/>
  <move id="194" source="E7" target="E8"/>
  <move id="195" source="I3" target="I4"/>
  <move id="196" source="G7" target="F7"/>
  <move id="197" source="I4" target="I5"/>
  <move id="198" source="F7" target="E7"/>
  <move id="199" source="I5" target="I6"/>
  <move id="200" source="E7" target="E6"/>
  <move id="201" source="E4" target="E3"/>
  <move id="202" source="E6" target="E7"/>
  <move id="203" source="I6" target="I7"/>
  <move id="204" source="E7" target="F7"/>
  <move id="205" source="F4" target="F5"/>
  <move id="206" source="F6" target="E6"/>
  <move id="207" source="E3" target="E4"/>
  <move id="208" source="F7" target="G7"/>
  <move id="209" source="F5" target="F6"/>
  <move id="210" source="G7" target="H7"/>
  <move id="211" source="G4" target="G3"/>
  <move id="212" source="H7" target="I7"/>
  <move id="213" source="E5" target="F5"/>
  <move id="214" source="I7" target="I6"/>
  <move id="215" source="F5" target="F4"/>
  <move id="216" source="I6" target="I5"/>
  <move id="217" source="F6" target="E6"/>
  <move id="218" source="I5" target="I4"/>
  <move id="219" source="F4" target="G4"/>
  <move id="220" source="I4" target="I3"/>
  <move id="221" source="G4" target="H4"/>
  <move id="222" source="F:" target="F9"/>
  <move id="223" source="G3" target="G4"/>
  <move id="224" source="F9" target="F8"/>
  <move id="225" source="B1" target="B2"/>
  <move id="226" source="F8" target="F7"/>
  <move id="227" source="E4" target="E5"/>
  <move id="228" source="F7" target="G7"/>
  <move id="229" source="D4" target="E4"/>
  <move id="230" source="G7" target="H7"/>
  <move id="231" source="E4" target="F4"/>
  <move id="232" source="E8" target="E5"/>
  <move id="233" source="B2" target="B3"/>
  <move id="234" source="I3" target="I2"/>
  <move id="235" source="F4" target="F3"/>
  <move id="236" source="I2" target="I3"/>
  <move id="237" source="D2" target="D3"/>
  <move id="238" source="E5" target="E6"/>
  <move id="239" source="F3" target="F4"/>
  <move id="240" source="H7" target="H8"/>
  <move id="241" source="F4" target="F5"/>
  <move id="242" source="E6" target="E7"/>
  <move id="243" source="F5" target="F6"/>
  <move id="244" source="E7" target="K7"/>
  <move id="245" source="D3" target="E3"/>
  <move id="246" source="K7" target="K3"/>
  <move id="247" source="F6" target="F7"/>
  <move id="248" source="I3" target="H3"/>
  <move id="249" source="H4" target="H3"/>
  <move id="250" source="I9" target="I8"/>
  <move id="251" source="F7" target="G7"/>
  <move id="252" source="I8" target="I7"/>
  <move id="253" source="G4" target="H4"/>
  <move id="254" source="I7" target="I6"/>
  <move id="255" source="H4" target="I4"/>
  <move id="256" source="I6" target="K6"/>
  <move id="257" source="E3" target="F3"/>
  <move id="258" source="A7" target="B7"/>
  <move id="259" source="B3" target="B4"/>
  <move id="260" source="B7" target="C7"/>
  <move id="261" source="F3" target="F4"/>
  <move id="262" source="C7" target="D7"/>
  <move id="263" source="F4" target="E4"/>
  <move id="264" source="K6" target="K7"/>
  <move id="265" source="E4" target="E5"/>
  <move id="266" source="K7" target="I7"/>
  <move id="267" source="E5" target="E6"/>
  <move id="268" source="D7" target="D8"/>
  <move id="269" source="E6" target="E7"/>
  <move id="270" source="I7" target="H7"/>
  <move id="271" source="G7" target="H7"/>
  <move id="272" source="H8" target="G8"/>
  <move id="273" source="H7" target="G7"/>
  <move id="274" source="G8" target="F8"/>
  <move id="275" source="G7" target="F7"/>
  <move id="276" source="F8" target="E8"/>
  <move id="277" source="E7" target="E6"/>
  <move id="278" source="D8" target="C8"/>
  <move id="279" source="B5" target="B6"/>
  <move id="280" source="I:" target="I9"/>
  <move id="281" source="B6" target="B7"/>
  <move id="282" source="I9" target="I8"/>
  <move id="283" source="B7" target="C7"/>
  <move id="284" source="C8" target="D8"/>
  <move id="285" source="C7" target="D7"/>
  <move id="286" source="D8" target="C8"/>
  <move id="287" source="D7" target="D8"/>
  <move id="288" source="C8" target="C7"/>
  <move id="289" source="D8" target="E8"/>
  <move id="290" source="C7" target="B7"/>
  <move id="291" source="F7" target="E7"/>
  <move id="292" source="E8" target="F8"/>
  <move id="293" source="E6" target="F6"/>
  <move id="294" source="I8" target="I7"/>
  <move id="295" source="I4" target="I5"/>
  <move id="296" source="I7" target="K7"/>
  <move id="297" source="I5" target="I6"/>
  <move id="298" source="B7" target="A7"/>
  <move id="299" source="B4" target="B5"/>
  <move id="300" source="A7" target="A6"/>
  <move id="301" source="B5" target="B6"/>
  <move id="302" source="A6" target="A5"/>
  <move id="303" source="C2" target="C3"/>
  <move id="304" source="A5" target="B5"/>
  <move id="305" source="B6" target="B5"/>
  <move id="306" source="K7" target="K6"/>
  <move id="307" source="I6" target="K6"/>
  <move id="308" source="F8" target="G8"/>
  <move id="309" source="E7" target="F7"/>
  <move id="310" source="G8" target="H8"/>
  <move id="311" source="F7" target="G7"/>
  <move id="312" source="C9" target="D9"/>
  <move id="313" source="F6" target="F7"/>
  <move id="314" source="D9" target="E9"/>
  <move id="315" source="F7" target="F8"/>
  <move id="316" source="C:" target="C9"/>
  <move id="317" source="B5" target="B6"/>
  <move id="318" source="C9" target="C8"/>
  <move id="319" source="B6" target="B7"/>
  <move id="320" source="C8" target="D8"/>
  <move id="321" source="G2" target="G3"/>
  <move id="322" source="D8" target="D7"/>
  <move id="323" source="G3" target="G4"/>
  <move id="324" source="D7" target="E7"/>
  <move id="325" source="G4" target="F4"/>
  <move id="326" source="E7" target="E6"/>
  <move id="327" source="B7" target="B6"/>
  <move id="328" source="E6" target="E5"/>
  <move id="329" source="E2" target="E3"/>
  <move id="330" source="H8" target="I8"/>
  <move id="331" source="G7" target="H7"/>
  <move id="332" source="E5" target="E6"/>
  <move id="333" source="E3" target="E4"/>
  <move id="334" source="E6" target="E7"/>
  <move id="335" source="D1" target="D2"/>
  <move id="336" source="E7" target="D7"/>
  <move id="337" source="D2" target="D3"/>
  <move id="338" source="D7" target="C7"/>
  <move id="339" source="D3" target="D4"/>
  <move id="340" source="C7" target="C8"/>
  <move id="341" source="D4" target="C4"/>
  <move id="342" source="C8" target="C9"/>
  <move id="343" source="C4" target="B4"/>
  <move id="344" source="C9" target="D9"/>
  <move id="345" source="F8" target="E8"/>
  <move id="346" source="E9" target="F9"/>
  <move id="347" source="B4" target="B5"/>
  <move id="348" source="D9" target="C9"/>
  <move id="349" source="B6" target="B7"/>
  <move id="350" source="C9" target="C8"/>
  <move id="351" source="C3" target="B3"/>
  <move id="352" source="I8" target="I9"/>
  <move id="353" source="H7" target="H8"/>
  <move id="354" source="F9" target="G9"/>
  <move id="355" source="E8" target="F8"/>
  <move id="356" source="I9" target="I:"/>
  <move id="357" source="H8" target="I8"/>
  <move id="358" source="G:" target="F:"/>
  <move id="359" source="I8" target="I9"/>
  <move id="360" source="G9" target="G7"/>
  <move id="361" source="I9" target="I:"/>
  <move id="362" source="G7" target="I7"/>
  <move id="363" source="B5" target="B6"/>
  <move id="364" source="I7" target="I3"/>
  <move id="365" source="E4" target="E5"/>
  <move id="366" source="I3" target="D3"/>
  <move id="367" source="B3" target="B2"/>
  <move id="368" source="D3" target="D1"/>
  <move id="369" source="C1" target="D1"/>
  <player id="1">Player 1</player>
  <player id="2">Player 2</player>
  <result type="3" winner="1"/>
 </game>
</stratego>