<?xml version="1.0" encoding="UTF-8"?>
<stratego>
 <game type="classic">
  
  <field content="DEGDGMBBIEEDEBEDFHBDJDLKICBBFHFGIHGHDJDFAA__AA__AAAA__AA__AARTWQPUXPTRSVOUPSPPVSNRPTPQTQPUYNQNSNQNNR"/>
  <move id="1" source="K4" target="K5"/>
  <move id="2" source="B7" target="B6"/>
  <move id="3" source="K5" target="K6"/>
  <move id="4" source="B6" target="B5"/>
  <move id="5" source="K3" target="K4"/>
  <move id="6" source="B5" target="B6"/>
  <move id="7" source="I4" target="I5"/>
  <move id="8" source="B6" target="B5"/>
  <move id="9" source="H4" target="I4"/>
  <move id="10" source="B5" target="B4"/>
  <move id="11" source="C4" target="B4"/>
  <move id="12" source="A7" target="A6"/>
  <move id="13" source="K6" target="K7"/>
  <move id="14" source="A6" target="A5"/>
  <move id="15" source="K4" target="K5"/>
  <move id="16" source="A5" target="A4"/>
  <move id="17" source="B4" target="C4"/>
  <move id="18" source="E7" target="E4"/>
  <move id="19" source="B3" target="B4"/>
  <move id="20" source="F7" target="F6"/>
  <move id="21" source="B4" target="B5"/>
  <move id="22" source="F6" target="F5"/>
  <move id="23" source="B5" target="A5"/>
  <move id="24" source="G7" target="F7"/>
  <move id="25" source="I4" target="H4"/>
  <move id="26" source="F7" target="E7"/>
  <move id="27" source="K5" target="K6"/>
  <move id="28" source="E7" target="E6"/>
  <move id="29" source="C4" target="B4"/>
  <move id="30" source="E6" target="E5"/>
  <move id="31" source="K6" target="K7"/>
  <move id="32" source="E5" target="E4"/>
  <move id="33" source="I5" target="I6"/>
  <move id="34" source="F5" target="F4"/>
  <move id="35" source="H4" target="I4"/>
  <move id="36" source="F4" target="F3"/>
  <move id="37" source="B4" target="A4"/>
  <move id="38" source="F3" target="E3"/>
  <move id="39" source="D4" target="C4"/>
  <move id="40" source="E4" target="D4"/>
  <move id="41" source="D3" target="E3"/>
  <move id="42" source="D4" target="C4"/>
  <move id="43" source="C3" target="C4"/>
  <move id="44" source="C7" target="B7"/>
  <move id="45" source="A4" target="B4"/>
  <move id="46" source="B7" target="B6"/>
  <move id="47" source="B4" target="C4"/>
  <move id="48" source="B6" target="B5"/>
  <move id="49" source="A5" target="B5"/>
  <move id="50" source="B5" target="B4"/>
  <move id="51" source="C4" target="D4"/>
  <move id="52" source="B4" target="C4"/>
  <move id="53" source="D4" target="E4"/>
  <move id="54" source="C4" target="D4"/>
  <move id="55" source="E4" target="F4"/>
  <move id="56" source="D7" target="C7"/>
  <move id="57" source="I4" target="K4"/>
  <move id="58" source="C7" target="B7"/>
  <move id="59" source="K4" target="K5"/>
  <move id="60" source="B7" target="B6"/>
  <move id="61" source="A3" target="A4"/>
  <move id="62" source="B6" target="B5"/>
  <move id="63" source="A4" target="A5"/>
  <move id="64" source="B5" target="B4"/>
  <move id="65" source="A5" target="A6"/>
  <move id="66" source="B4" target="B3"/>
  <move id="67" source="A6" target="A7"/>
  <move id="68" source="B3" target="C3"/>
  <move id="69" source="A7" target="B7"/>
  <move id="70" source="C3" target="C2"/>
  <move id="71" source="B7" target="C7"/>
  <move id="72" source="C8" target="C7"/>
  <move id="73" source="C7" target="D7"/>
  <move id="74" source="E8" target="E3"/>
  <move id="75" source="F4" target="F3"/>
  <move id="76" source="B8" target="B7"/>
  <move id="77" source="G4" target="F4"/>
  <move id="78" source="B7" target="C7"/>
  <move id="79" source="D7" target="E7"/>
  <move id="80" source="C7" target="D7"/>
  <move id="81" source="E7" target="F7"/>
  <move id="82" source="D7" target="E7"/>
  <move id="83" source="F7" target="G7"/>
  <move id="84" source="E7" target="F7"/>
  <move id="85" source="G7" target="G8"/>
  <move id="86" source="F7" target="F6"/>
  <move id="87" source="G8" target="H8"/>
  <move id="88" source="F6" target="F5"/>
  <move id="89" source="E3" target="E4"/>
  <move id="90" source="D4" target="E4"/>
  <move id="91" source="F3" target="E3"/>
  <move id="92" source="F5" target="F4"/>
  <move id="93" source="K7" target="K8"/>
  <move id="94" source="K9" target="K8"/>
  <move id="95" source="K5" target="K6"/>
  <move id="96" source="K8" target="K9"/>
  <move id="97" source="K6" target="K7"/>
  <move id="98" source="F4" target="E4"/>
  <move id="99" source="E3" target="F3"/>
  <move id="100" source="E4" target="F4"/>
  <move id="101" source="F3" target="E3"/>
  <move id="102" source="F4" target="G4"/>
  <move id="103" source="K7" target="K8"/>
  <move id="104" source="I8" target="K8"/>
  <move id="105" source="H8" target="I8"/>
  <move id="106" source="I9" target="I8"/>
  <move id="107" source="I8" target="K8"/>
  <move id="108" source="K9" target="I9"/>
  <move id="109" source="K8" target="I8"/>
  <move id="110" source="I9" target="K9"/>
  <move id="111" source="I6" target="I7"/>
  <move id="112" source="I7" target="I6"/>
  <move id="113" source="I8" target="I7"/>
  <move id="114" source="I6" target="I5"/>
  <move id="115" source="I7" target="I6"/>
  <move id="116" source="I5" target="I4"/>
  <move id="117" source="I6" target="I5"/>
  <move id="118" source="I4" target="H4"/>
  <move id="119" source="I5" target="I4"/>
  <move id="120" source="H4" target="H3"/>
  <move id="121" source="I4" target="I5"/>
  <move id="122" source="H7" target="F7"/>
  <move id="123" source="I5" target="K5"/>
  <move id="124" source="F7" target="F2"/>
  <move id="125" source="K5" target="K6"/>
  <move id="126" source="K9" target="K8"/>
  <move id="127" source="K6" target="K7"/>
  <move id="128" source="K8" target="I8"/>
  <move id="129" source="K7" target="I7"/>
  <move id="130" source="I8" target="H8"/>
  <move id="131" source="I7" target="I8"/>
  <move id="132" source="H8" target="H7"/>
  <move id="133" source="I8" target="H8"/>
  <move id="134" source="H7" target="G7"/>
  <move id="135" source="H8" target="H7"/>
  <move id="136" source="G7" target="F7"/>
  <move id="137" source="K2" target="K8"/>
  <move id="138" source="F7" target="F6"/>
  <move id="139" source="H7" target="G7"/>
  <move id="140" source="F6" target="F5"/>
  <move id="141" source="K8" target="G8"/>
  <move id="142" source="F5" target="E5"/>
  <move id="143" source="G8" target="G9"/>
  <move id="144" source="E5" target="E4"/>
  <move id="145" source="G7" target="G8"/>
  <move id="146" source="E4" target="F4"/>
  <move id="147" source="E3" target="F3"/>
  <move id="148" source="F4" target="E4"/>
  <move id="149" source="G8" target="G9"/>
  <move id="150" source="G4" target="F4"/>
  <move id="151" source="F3" target="E3"/>
  <move id="152" source="E4" target="E5"/>
  <move id="153" source="G9" target="G8"/>
  <move id="154" source="E5" target="E4"/>
  <move id="155" source="G8" target="G7"/>
  <move id="156" source="E4" target="D4"/>
  <move id="157" source="G7" target="F7"/>
  <move id="158" source="F4" target="F3"/>
  <move id="159" source="E3" target="E4"/>
  <move id="160" source="D4" target="D3"/>
  <move id="161" source="F7" target="F6"/>
  <move id="162" source="F3" target="E3"/>
  <move id="163" source="E4" target="D4"/>
  <move id="164" source="D3" target="C3"/>
  <move id="165" source="F6" target="F5"/>
  <move id="166" source="C3" target="B3"/>
  <move id="167" source="F5" target="F4"/>
  <move id="168" source="B3" target="B2"/>
  <move id="169" source="D4" target="C4"/>
  <move id="170" source="E3" target="D3"/>
  <move id="171" source="F4" target="E4"/>
  <move id="172" source="B2" target="B3"/>
  <move id="173" source="I3" target="I4"/>
  <move id="174" source="B3" target="B4"/>
  <move id="175" source="I4" target="I5"/>
  <move id="176" source="B4" target="C4"/>
  <move id="177" source="I5" target="I6"/>
  <move id="178" source="D3" target="C3"/>
  <move id="179" source="I6" target="I7"/>
  <move id="180" source="C3" target="B3"/>
  <move id="181" source="I7" target="H7"/>
  <move id="182" source="B3" target="B4"/>
  <move id="183" source="E4" target="E5"/>
  <move id="184" source="B4" target="B5"/>
  <move id="185" source="E5" target="E6"/>
  <move id="186" source="B5" target="B6"/>
  <move id="187" source="E6" target="E7"/>
  <move id="188" source="B6" target="B7"/>
  <move id="189" source="E7" target="E8"/>
  <move id="190" source="B7" target="C7"/>
  <move id="191" source="E8" target="E7"/>
  <move id="192" source="C7" target="D7"/>
  <move id="193" source="E7" target="E6"/>
  <move id="194" source="D7" target="E7"/>
  <move id="195" source="E6" target="E5"/>
  <move id="196" source="E7" target="E6"/>
  <move id="197" source="E5" target="E4"/>
  <move id="198" source="E6" target="E5"/>
  <move id="199" source="E4" target="D4"/>
  <move id="200" source="E5" target="E4"/>
  <move id="201" source="D4" target="C4"/>
  <move id="202" source="E4" target="E3"/>
  <move id="203" source="H7" target="G7"/>
  <move id="204" source="E9" target="E4"/>
  <move id="205" source="C4" target="D4"/>
  <move id="206" source="E4" target="F4"/>
  <move id="207" source="G2" target="F2"/>
  <move id="208" source="F4" target="F2"/>
  <move id="209" source="G7" target="F7"/>
  <move id="210" source="E3" target="F3"/>
  <move id="211" source="D4" target="E4"/>
  <move id="212" source="F3" target="F2"/>
  <move id="213" source="E4" target="E3"/>
  <move id="214" source="F2" target="F3"/>
  <move id="215" source="E3" target="E4"/>
  <move id="216" source="F3" target="F4"/>
  <move id="217" source="E4" target="E5"/>
  <move id="218" source="F4" target="F5"/>
  <move id="219" source="E5" target="E6"/>
  <move id="220" source="F5" target="F6"/>
  <move id="221" source="E6" target="E7"/>
  <move id="222" source="F6" target="F7"/>
  <move id="223" source="E7" target="D7"/>
  <move id="224" source="F7" target="E7"/>
  <move id="225" source="D7" target="C7"/>
  <move id="226" source="E7" target="D7"/>
  <move id="227" source="C7" target="B7"/>
  <move id="228" source="D7" target="C7"/>
  <move id="229" source="B7" target="B8"/>
  <move id="230" source="C7" target="C8"/>
  <move id="231" source="B8" target="B9"/>
  <move id="232" source="C8" target="B8"/>
  <move id="233" source="B9" target="A9"/>
  <move id="234" source="B8" target="B7"/>
  <move id="235" source="K1" target="K2"/>
  <move id="236" source="B7" target="B6"/>
  <move id="237" source="K2" target="K3"/>
  <move id="238" source="B6" target="B5"/>
  <move id="239" source="K3" target="K4"/>
  <move id="240" source="B5" target="B6"/>
  <move id="241" source="K4" target="K5"/>
  <move id="242" source="B6" target="B7"/>
  <move id="243" source="K5" target="K6"/>
  <move id="244" source="D8" target="E8"/>
  <move id="245" source="K6" target="K7"/>
  <move id="246" source="E8" target="E7"/>
  <move id="247" source="K7" target="I7"/>
  <move id="248" source="E7" target="F7"/>
  <move id="249" source="I7" target="H7"/>
  <move id="250" source="F7" target="G7"/>
  <move id="251" source="H7" target="H8"/>
  <move id="252" source="G7" target="G8"/>
  <move id="253" source="H8" target="H9"/>
  <move id="254" source="G8" target="G7"/>
  <move id="255" source="I1" target="K1"/>
  <move id="256" source="G7" target="H7"/>
  <move id="257" source="K1" target="K2"/>
  <move id="258" source="H7" target="I7"/>
  <move id="259" source="K2" target="K3"/>
  <move id="260" source="I7" target="K7"/>
  <move id="261" source="K3" target="I3"/>
  <move id="262" source="K7" target="K6"/>
  <move id="263" source="I3" target="I4"/>
  <move id="264" source="K6" target="K5"/>
  <move id="265" source="I4" target="H4"/>
  <move id="266" source="K5" target="I5"/>
  <move id="267" source="H4" target="G4"/>
  <move id="268" source="I5" target="I4"/>
  <move id="269" source="G4" target="F4"/>
  <move id="270" source="I4" target="H4"/>
  <move id="271" source="F4" target="F5"/>
  <move id="272" source="H4" target="G4"/>
  <move id="273" source="F5" target="F6"/>
  <move id="274" source="B7" target="C7"/>
  <move id="275" source="F6" target="F7"/>
  <move id="276" source="C7" target="D7"/>
  <move id="277" source="F7" target="G7"/>
  <move id="278" source="D7" target="E7"/>
  <move id="279" source="G7" target="G8"/>
  <move id="280" source="E7" target="F7"/>
  <move id="281" source="G8" target="H8"/>
  <move id="282" source="F7" target="G7"/>
  <move id="283" source="H8" target="H9"/>
  <move id="284" source="G7" target="G8"/>
  <move id="285" source="A2" target="A3"/>
  <move id="286" source="G4" target="F4"/>
  <move id="287" source="A3" target="A4"/>
  <move id="288" source="F4" target="E4"/>
  <move id="289" source="A4" target="B4"/>
  <move id="290" source="E4" target="D4"/>
  <move id="291" source="B4" target="B5"/>
  <move id="292" source="D4" target="C4"/>
  <move id="293" source="B5" target="B6"/>
  <move id="294" source="C4" target="B4"/>
  <move id="295" source="B6" target="B7"/>
  <move id="296" source="B4" target="B5"/>
  <move id="297" source="B7" target="B8"/>
  <move id="298" source="A8" target="B8"/>
  <move id="299" source="A1" target="A2"/>
  <move id="300" source="B5" target="B4"/>
  <move id="301" source="A2" target="A3"/>
  <move id="302" source="B4" target="A4"/>
  <move id="303" source="A3" target="B3"/>
  <move id="304" source="G8" target="G7"/>
  <move id="305" source="B3" target="C3"/>
  <move id="306" source="G7" target="F7"/>
  <move id="307" source="C3" target="C4"/>
  <move id="308" source="F7" target="F6"/>
  <move id="309" source="H9" target="H:"/>
  <move id="310" source="F6" target="F5"/>
  <player id="1">Player 1</player>
  <player id="2">Player 2</player>
  <result type="3" winner="2"/>
 </game>
</stratego>