<?xml version="1.0" encoding="UTF-8"?>
<stratego>
 <game type="classic">
  
  <field content="JCBMBEBBJGEGKBBEHEDHGIEHFDFFIDGDDIDHLDDFAA__AA__AAAA__AA__AASRVPSTTVPRUTWOUPQXTUPPSNQRNSQPPPNRQNYNQN"/>
  <move id="1" source="A4" target="A5"/>
  <move id="2" source="F7" target="F6"/>
  <move id="3" source="B4" target="B5"/>
  <move id="4" source="F6" target="F5"/>
  <move id="5" source="A5" target="A6"/>
  <move id="6" source="F8" target="F7"/>
  <move id="7" source="B5" target="B6"/>
  <move id="8" source="F7" target="F6"/>
  <move id="9" source="A6" target="A7"/>
  <move id="10" source="B7" target="A7"/>
  <move id="11" source="B6" target="B8"/>
  <move id="12" source="F5" target="F4"/>
  <move id="13" source="E4" target="F4"/>
  <move id="14" source="E7" target="E6"/>
  <move id="15" source="D4" target="E4"/>
  <move id="16" source="F6" target="F7"/>
  <move id="17" source="A3" target="A4"/>
  <move id="18" source="E6" target="F6"/>
  <move id="19" source="A4" target="A5"/>
  <move id="20" source="E8" target="E7"/>
  <move id="21" source="A5" target="A6"/>
  <move id="22" source="E7" target="E6"/>
  <move id="23" source="A6" target="A7"/>
  <move id="24" source="A8" target="A7"/>
  <move id="25" source="C4" target="B4"/>
  <move id="26" source="A7" target="A6"/>
  <move id="27" source="B4" target="B5"/>
  <move id="28" source="E6" target="E5"/>
  <move id="29" source="D3" target="D4"/>
  <move id="30" source="F6" target="F5"/>
  <move id="31" source="C3" target="C4"/>
  <move id="32" source="B8" target="A8"/>
  <move id="33" source="C4" target="B4"/>
  <move id="34" source="F5" target="F4"/>
  <move id="35" source="E4" target="F4"/>
  <move id="36" source="F7" target="F6"/>
  <move id="37" source="E3" target="E4"/>
  <move id="38" source="F6" target="F5"/>
  <move id="39" source="B4" target="A4"/>
  <move id="40" source="D7" target="E7"/>
  <move id="41" source="B5" target="B7"/>
  <move id="42" source="B9" target="B7"/>
  <move id="43" source="B3" target="B4"/>
  <move id="44" source="A6" target="B6"/>
  <move id="45" source="A4" target="A5"/>
  <move id="46" source="A8" target="B8"/>
  <move id="47" source="B4" target="B5"/>
  <move id="48" source="B6" target="B7"/>
  <move id="49" source="A5" target="A6"/>
  <move id="50" source="A9" target="A6"/>
  <move id="51" source="B5" target="B6"/>
  <move id="52" source="B7" target="A7"/>
  <move id="53" source="A6" target="A5"/>
  <move id="54" source="B8" target="B9"/>
  <move id="55" source="F3" target="E3"/>
  <move id="56" source="I7" target="I4"/>
  <move id="57" source="G3" target="F3"/>
  <move id="58" source="I8" target="I7"/>
  <move id="59" source="E3" target="D3"/>
  <move id="60" source="I7" target="I6"/>
  <move id="61" source="D3" target="C3"/>
  <move id="62" source="B9" target="A9"/>
  <move id="63" source="B6" target="A6"/>
  <move id="64" source="A7" target="B7"/>
  <move id="65" source="C3" target="B3"/>
  <move id="66" source="I6" target="I5"/>
  <move id="67" source="I3" target="I4"/>
  <move id="68" source="G7" target="F7"/>
  <move id="69" source="A6" target="A7"/>
  <move id="70" source="B7" target="A7"/>
  <move id="71" source="A5" target="A6"/>
  <move id="72" source="A9" target="A8"/>
  <move id="73" source="A6" target="A7"/>
  <move id="74" source="A8" target="A7"/>
  <move id="75" source="A2" target="A3"/>
  <move id="76" source="A7" target="B7"/>
  <move id="77" source="A3" target="A4"/>
  <move id="78" source="A:" target="A4"/>
  <move id="79" source="A4" target="B4"/>
  <move id="80" source="B7" target="B6"/>
  <move id="81" source="B4" target="C4"/>
  <move id="82" source="B6" target="B5"/>
  <move id="83" source="C4" target="C3"/>
  <move id="84" source="B5" target="B4"/>
  <move id="85" source="B3" target="A3"/>
  <move id="86" source="B4" target="A4"/>
  <move id="87" source="A3" target="B3"/>
  <move id="88" source="A4" target="B4"/>
  <move id="89" source="B3" target="A3"/>
  <move id="90" source="B4" target="A4"/>
  <move id="91" source="A3" target="A2"/>
  <move id="92" source="A4" target="A3"/>
  <move id="93" source="C3" target="C4"/>
  <move id="94" source="A3" target="A2"/>
  <move id="95" source="A1" target="A2"/>
  <move id="96" source="C7" target="B7"/>
  <move id="97" source="A2" target="A3"/>
  <move id="98" source="B7" target="B6"/>
  <move id="99" source="A3" target="B3"/>
  <move id="100" source="B6" target="B5"/>
  <player id="1">Player 1</player>
  <player id="2">Player 2</player>
  <result type="14" winner="2"/>
 </game>
</stratego>