<?xml version="1.0" encoding="UTF-8"?>
<stratego>
 <game type="classic">
  
  <field content="BBEBMBGBFDFIHEEIEBDHFJEGHKCJFDDGLDDGIDDHAA__AA__AAAA__AA__AARPTPPTOTPSUPXSRWPPPVQVRNUQTQRQSQNYNNNUSN"/>
  <move id="1" source="E4" target="E7"/>
  <move id="2" source="I7" target="I6"/>
  <move id="3" source="F4" target="F5"/>
  <move id="4" source="I6" target="K6"/>
  <move id="5" source="F5" target="F6"/>
  <move id="6" source="D7" target="E7"/>
  <move id="7" source="F6" target="F7"/>
  <move id="8" source="K6" target="K4"/>
  <move id="9" source="G4" target="F4"/>
  <move id="10" source="H7" target="I7"/>
  <move id="11" source="F4" target="F5"/>
  <move id="12" source="I7" target="I6"/>
  <move id="13" source="F5" target="F6"/>
  <move id="14" source="I6" target="I5"/>
  <move id="15" source="D4" target="E4"/>
  <move id="16" source="B7" target="B6"/>
  <move id="17" source="E4" target="F4"/>
  <move id="18" source="B6" target="A6"/>
  <move id="19" source="F4" target="G4"/>
  <move id="20" source="A6" target="A4"/>
  <move id="21" source="C4" target="D4"/>
  <move id="22" source="A7" target="A6"/>
  <move id="23" source="D4" target="E4"/>
  <move id="24" source="A8" target="A7"/>
  <move id="25" source="E4" target="F4"/>
  <move id="26" source="A7" target="B7"/>
  <move id="27" source="E3" target="E4"/>
  <move id="28" source="B8" target="A8"/>
  <move id="29" source="F6" target="F7"/>
  <move id="30" source="F8" target="F7"/>
  <move id="31" source="F4" target="F5"/>
  <move id="32" source="F7" target="F8"/>
  <move id="33" source="F5" target="F6"/>
  <move id="34" source="E7" target="F7"/>
  <move id="35" source="F6" target="F7"/>
  <move id="36" source="G7" target="F7"/>
  <move id="37" source="G4" target="F4"/>
  <move id="38" source="G8" target="G7"/>
  <move id="39" source="F4" target="F5"/>
  <move id="40" source="K7" target="I7"/>
  <move id="41" source="F5" target="F6"/>
  <move id="42" source="K8" target="K7"/>
  <move id="43" source="E4" target="E3"/>
  <move id="44" source="K7" target="K6"/>
  <move id="45" source="B4" target="C4"/>
  <move id="46" source="K6" target="K5"/>
  <move id="47" source="B3" target="B4"/>
  <move id="48" source="B7" target="B8"/>
  <move id="49" source="B4" target="B5"/>
  <move id="50" source="A8" target="A7"/>
  <move id="51" source="B5" target="B6"/>
  <move id="52" source="A6" target="A5"/>
  <move id="53" source="B6" target="B7"/>
  <move id="54" source="E8" target="E7"/>
  <move id="55" source="A3" target="A4"/>
  <move id="56" source="E7" target="D7"/>
  <move id="57" source="A4" target="A5"/>
  <move id="58" source="F7" target="F6"/>
  <move id="59" source="F3" target="F4"/>
  <move id="60" source="F8" target="F7"/>
  <move id="61" source="I4" target="I5"/>
  <move id="62" source="F7" target="F6"/>
  <move id="63" source="F4" target="G4"/>
  <move id="64" source="F6" target="F5"/>
  <move id="65" source="H4" target="I4"/>
  <move id="66" source="F5" target="F4"/>
  <move id="67" source="G4" target="H4"/>
  <move id="68" source="F4" target="G4"/>
  <move id="69" source="K4" target="K5"/>
  <move id="70" source="I5" target="I4"/>
  <move id="71" source="H4" target="I4"/>
  <move id="72" source="G7" target="E7"/>
  <move id="73" source="I4" target="I5"/>
  <move id="74" source="K5" target="K4"/>
  <move id="75" source="I5" target="I6"/>
  <move id="76" source="I7" target="H7"/>
  <move id="77" source="I6" target="I7"/>
  <move id="78" source="H7" target="G7"/>
  <move id="79" source="I7" target="H7"/>
  <move id="80" source="G7" target="F7"/>
  <move id="81" source="H7" target="G7"/>
  <move id="82" source="F7" target="F8"/>
  <move id="83" source="G7" target="F7"/>
  <move id="84" source="F8" target="E8"/>
  <move id="85" source="F7" target="F8"/>
  <move id="86" source="E7" target="E3"/>
  <move id="87" source="F8" target="E8"/>
  <move id="88" source="G4" target="F4"/>
  <move id="89" source="B7" target="B8"/>
  <move id="90" source="C8" target="B8"/>
  <move id="91" source="E8" target="D8"/>
  <move id="92" source="B8" target="C8"/>
  <move id="93" source="D8" target="D7"/>
  <move id="94" source="C7" target="B7"/>
  <move id="95" source="D7" target="E7"/>
  <move id="96" source="C8" target="D8"/>
  <move id="97" source="E7" target="F7"/>
  <move id="98" source="I8" target="I3"/>
  <move id="99" source="F7" target="G7"/>
  <move id="100" source="F4" target="E4"/>
  <move id="101" source="G7" target="H7"/>
  <move id="102" source="H8" target="F8"/>
  <move id="103" source="H7" target="I7"/>
  <move id="104" source="F8" target="F3"/>
  <move id="105" source="E3" target="F3"/>
  <move id="106" source="E4" target="F4"/>
  <move id="107" source="F3" target="E3"/>
  <move id="108" source="F4" target="E4"/>
  <move id="109" source="H3" target="H4"/>
  <move id="110" source="E4" target="E3"/>
  <move id="111" source="H4" target="I4"/>
  <move id="112" source="K4" target="I4"/>
  <move id="113" source="I7" target="I8"/>
  <move id="114" source="B7" target="B8"/>
  <move id="115" source="K3" target="K9"/>
  <move id="116" source="A7" target="E7"/>
  <move id="117" source="I8" target="K8"/>
  <move id="118" source="B8" target="A8"/>
  <move id="119" source="K8" target="K9"/>
  <move id="120" source="E7" target="E4"/>
  <move id="121" source="I3" target="I4"/>
  <move id="122" source="E4" target="C4"/>
  <move id="123" source="I4" target="I5"/>
  <move id="124" source="A8" target="A7"/>
  <move id="125" source="I5" target="I6"/>
  <move id="126" source="A7" target="A6"/>
  <move id="127" source="C4" target="B4"/>
  <move id="128" source="E3" target="E4"/>
  <move id="129" source="I6" target="I7"/>
  <move id="130" source="E4" target="D4"/>
  <move id="131" source="I7" target="I8"/>
  <move id="132" source="D4" target="C4"/>
  <move id="133" source="B4" target="B3"/>
  <move id="134" source="C4" target="B4"/>
  <move id="135" source="B3" target="A3"/>
  <move id="136" source="B4" target="A4"/>
  <move id="137" source="I8" target="I9"/>
  <move id="138" source="A4" target="A3"/>
  <move id="139" source="I2" target="I:"/>
  <move id="140" source="D8" target="E8"/>
  <move id="141" source="K9" target="I9"/>
  <move id="142" source="E8" target="F8"/>
  <move id="143" source="I9" target="I:"/>
  <move id="144" source="F8" target="G8"/>
  <move id="145" source="I:" target="I9"/>
  <move id="146" source="G8" target="H8"/>
  <move id="147" source="I9" target="K9"/>
  <move id="148" source="H8" target="I8"/>
  <move id="149" source="C3" target="C4"/>
  <move id="150" source="A3" target="B3"/>
  <move id="151" source="C4" target="D4"/>
  <move id="152" source="E9" target="E8"/>
  <move id="153" source="D4" target="E4"/>
  <move id="154" source="E8" target="E7"/>
  <move id="155" source="E4" target="F4"/>
  <move id="156" source="E7" target="F7"/>
  <move id="157" source="F4" target="G4"/>
  <move id="158" source="F7" target="G7"/>
  <move id="159" source="G4" target="H4"/>
  <move id="160" source="H9" target="H8"/>
  <move id="161" source="H4" target="I4"/>
  <move id="162" source="H8" target="H7"/>
  <move id="163" source="I4" target="I3"/>
  <move id="164" source="H7" target="I7"/>
  <move id="165" source="I3" target="K3"/>
  <move id="166" source="I7" target="I6"/>
  <move id="167" source="K3" target="K4"/>
  <move id="168" source="I6" target="I7"/>
  <move id="169" source="K4" target="K5"/>
  <move id="170" source="I7" target="K7"/>
  <move id="171" source="K5" target="I5"/>
  <move id="172" source="G7" target="H7"/>
  <move id="173" source="I5" target="I4"/>
  <move id="174" source="H7" target="I7"/>
  <move id="175" source="E2" target="E3"/>
  <move id="176" source="H:" target="H9"/>
  <move id="177" source="E3" target="E4"/>
  <move id="178" source="H9" target="H8"/>
  <move id="179" source="E4" target="E5"/>
  <move id="180" source="H8" target="G8"/>
  <move id="181" source="E5" target="E6"/>
  <move id="182" source="G8" target="F8"/>
  <move id="183" source="E6" target="E7"/>
  <move id="184" source="F8" target="E8"/>
  <move id="185" source="E7" target="E8"/>
  <move id="186" source="A6" target="B6"/>
  <move id="187" source="F2" target="F3"/>
  <move id="188" source="I7" target="I6"/>
  <move id="189" source="F3" target="F4"/>
  <move id="190" source="I6" target="I5"/>
  <move id="191" source="I4" target="I3"/>
  <move id="192" source="I5" target="I4"/>
  <move id="193" source="I3" target="H3"/>
  <move id="194" source="B9" target="B8"/>
  <move id="195" source="F4" target="F5"/>
  <move id="196" source="B8" target="C8"/>
  <move id="197" source="F5" target="F6"/>
  <move id="198" source="C8" target="D8"/>
  <move id="199" source="F6" target="F7"/>
  <move id="200" source="E8" target="F8"/>
  <move id="201" source="F7" target="E7"/>
  <move id="202" source="B6" target="A6"/>
  <move id="203" source="E7" target="D7"/>
  <move id="204" source="D8" target="D7"/>
  <move id="205" source="K9" target="K:"/>
  <player id="1">Player 1</player>
  <player id="2">Player 2</player>
  <result type="3" winner="2"/>
 </game>
</stratego>