<?xml version="1.0" encoding="UTF-8"?>
<stratego>
 <game type="classic">
  
  <field content="BBEBMBGBFDFIHEEIEBDHFJEGHKCJFDDGLDDGIDDHAA__AA__AAAA__AA__AASPUPPTRQTRVTXWTPVSPSNQPUOUPNNPYNNQQQSRNR"/>
  <move id="1" source="E4" target="E7"/>
  <move id="2" source="D7" target="E7"/>
  <move id="3" source="I4" target="I5"/>
  <move id="4" source="K7" target="K6"/>
  <move id="5" source="I5" target="I7"/>
  <move id="6" source="K6" target="K5"/>
  <move id="7" source="K4" target="K5"/>
  <move id="8" source="I7" target="I6"/>
  <move id="9" source="K5" target="I5"/>
  <move id="10" source="I8" target="I7"/>
  <move id="11" source="I5" target="I6"/>
  <move id="12" source="I7" target="K7"/>
  <move id="13" source="B4" target="B5"/>
  <move id="14" source="K7" target="K3"/>
  <move id="15" source="B5" target="B6"/>
  <move id="16" source="F7" target="F6"/>
  <move id="17" source="H4" target="I4"/>
  <move id="18" source="G7" target="F7"/>
  <move id="19" source="I4" target="I5"/>
  <move id="20" source="F6" target="E6"/>
  <move id="21" source="I5" target="I6"/>
  <move id="22" source="F7" target="F6"/>
  <move id="23" source="I6" target="I7"/>
  <move id="24" source="H7" target="G7"/>
  <move id="25" source="I7" target="G7"/>
  <move id="26" source="G7" target="H7"/>
  <move id="27" source="I3" target="I4"/>
  <move id="28" source="F6" target="F7"/>
  <move id="29" source="I4" target="I5"/>
  <move id="30" source="F7" target="G7"/>
  <move id="31" source="I5" target="I6"/>
  <move id="32" source="G7" target="F7"/>
  <move id="33" source="I6" target="I7"/>
  <move id="34" source="H7" target="G7"/>
  <move id="35" source="I7" target="H7"/>
  <move id="36" source="H8" target="H7"/>
  <move id="37" source="G4" target="H4"/>
  <move id="38" source="H7" target="H8"/>
  <move id="39" source="H4" target="I4"/>
  <move id="40" source="F7" target="F6"/>
  <move id="41" source="I4" target="I5"/>
  <move id="42" source="F6" target="F5"/>
  <move id="43" source="I5" target="I6"/>
  <move id="44" source="F5" target="E5"/>
  <move id="45" source="I6" target="I7"/>
  <move id="46" source="G7" target="F7"/>
  <move id="47" source="I7" target="H7"/>
  <move id="48" source="F7" target="G7"/>
  <move id="49" source="F4" target="F5"/>
  <move id="50" source="E5" target="E4"/>
  <move id="51" source="D4" target="E4"/>
  <move id="52" source="E4" target="D4"/>
  <move id="53" source="D3" target="D4"/>
  <move id="54" source="E7" target="F7"/>
  <move id="55" source="D4" target="D3"/>
  <move id="56" source="K8" target="K7"/>
  <move id="57" source="C4" target="D4"/>
  <move id="58" source="K7" target="K6"/>
  <move id="59" source="D4" target="E4"/>
  <move id="60" source="K6" target="K5"/>
  <move id="61" source="K2" target="K3"/>
  <move id="62" source="K5" target="K4"/>
  <move id="63" source="K3" target="K4"/>
  <move id="64" source="K9" target="K8"/>
  <move id="65" source="K4" target="I4"/>
  <move id="66" source="K8" target="I8"/>
  <move id="67" source="I4" target="H4"/>
  <move id="68" source="I8" target="K8"/>
  <move id="69" source="K1" target="K8"/>
  <move id="70" source="K:" target="K9"/>
  <move id="71" source="H4" target="I4"/>
  <move id="72" source="K9" target="K8"/>
  <move id="73" source="I4" target="I3"/>
  <move id="74" source="K8" target="K7"/>
  <move id="75" source="I3" target="K3"/>
  <move id="76" source="K7" target="I7"/>
  <move id="77" source="E4" target="F4"/>
  <move id="78" source="I7" target="I6"/>
  <move id="79" source="K3" target="K4"/>
  <move id="80" source="I6" target="I5"/>
  <move id="81" source="F4" target="G4"/>
  <move id="82" source="E6" target="F6"/>
  <move id="83" source="H3" target="I3"/>
  <move id="84" source="F6" target="F5"/>
  <move id="85" source="K4" target="K5"/>
  <move id="86" source="I5" target="I4"/>
  <move id="87" source="I3" target="I4"/>
  <move id="88" source="F5" target="F6"/>
  <move id="89" source="I4" target="I3"/>
  <move id="90" source="F6" target="E6"/>
  <move id="91" source="I3" target="H3"/>
  <move id="92" source="E6" target="E7"/>
  <move id="93" source="G4" target="H4"/>
  <move id="94" source="E7" target="D7"/>
  <move id="95" source="H4" target="I4"/>
  <move id="96" source="E8" target="E7"/>
  <move id="97" source="I4" target="I5"/>
  <move id="98" source="E7" target="E6"/>
  <move id="99" source="I5" target="I6"/>
  <move id="100" source="F8" target="E8"/>
  <move id="101" source="I6" target="I7"/>
  <move id="102" source="E8" target="E7"/>
  <move id="103" source="I7" target="I8"/>
  <move id="104" source="F7" target="F6"/>
  <move id="105" source="H7" target="H8"/>
  <move id="106" source="F6" target="F5"/>
  <move id="107" source="K5" target="K6"/>
  <move id="108" source="F5" target="F4"/>
  <move id="109" source="A4" target="F4"/>
  <move id="110" source="E7" target="F7"/>
  <move id="111" source="E3" target="E4"/>
  <move id="112" source="F7" target="F6"/>
  <move id="113" source="K6" target="I6"/>
  <move id="114" source="E6" target="E5"/>
  <move id="115" source="E4" target="F4"/>
  <move id="116" source="E5" target="E4"/>
  <move id="117" source="F4" target="G4"/>
  <move id="118" source="E4" target="E5"/>
  <move id="119" source="I2" target="K2"/>
  <move id="120" source="E5" target="E6"/>
  <move id="121" source="K2" target="K3"/>
  <move id="122" source="E6" target="E7"/>
  <move id="123" source="K3" target="K4"/>
  <move id="124" source="F6" target="F5"/>
  <move id="125" source="K4" target="K5"/>
  <move id="126" source="A7" target="A6"/>
  <move id="127" source="B6" target="B5"/>
  <move id="128" source="E7" target="E6"/>
  <move id="129" source="K5" target="K6"/>
  <move id="130" source="E9" target="E8"/>
  <move id="131" source="K6" target="K7"/>
  <move id="132" source="E8" target="E7"/>
  <move id="133" source="K7" target="K8"/>
  <move id="134" source="D8" target="E8"/>
  <move id="135" source="K8" target="K9"/>
  <move id="136" source="E8" target="F8"/>
  <move id="137" source="K9" target="I9"/>
  <move id="138" source="F8" target="F7"/>
  <move id="139" source="H3" target="I3"/>
  <move id="140" source="F7" target="F6"/>
  <move id="141" source="I3" target="I2"/>
  <move id="142" source="E6" target="E5"/>
  <move id="143" source="I6" target="I7"/>
  <move id="144" source="C8" target="D8"/>
  <move id="145" source="I1" target="K1"/>
  <move id="146" source="E5" target="E4"/>
  <move id="147" source="I2" target="I1"/>
  <move id="148" source="F5" target="E5"/>
  <move id="149" source="K1" target="K2"/>
  <move id="150" source="E5" target="E6"/>
  <move id="151" source="K2" target="K3"/>
  <move id="152" source="E4" target="E5"/>
  <move id="153" source="K3" target="K4"/>
  <move id="154" source="E5" target="F5"/>
  <move id="155" source="K4" target="K5"/>
  <move id="156" source="E7" target="E8"/>
  <move id="157" source="K5" target="K6"/>
  <move id="158" source="E8" target="F8"/>
  <move id="159" source="K6" target="K7"/>
  <move id="160" source="D8" target="E8"/>
  <move id="161" source="K7" target="K8"/>
  <move id="162" source="E8" target="E7"/>
  <move id="163" source="K8" target="K9"/>
  <move id="164" source="F6" target="F7"/>
  <move id="165" source="K9" target="K:"/>
  <move id="166" source="E6" target="E5"/>
  <move id="167" source="K:" target="I:"/>
  <move id="168" source="E7" target="E6"/>
  <move id="169" source="G3" target="H3"/>
  <move id="170" source="F5" target="F4"/>
  <move id="171" source="G4" target="F4"/>
  <move id="172" source="E5" target="E4"/>
  <move id="173" source="H3" target="I3"/>
  <move id="174" source="E6" target="E5"/>
  <move id="175" source="I3" target="I2"/>
  <move id="176" source="E4" target="I4"/>
  <move id="177" source="G2" target="G3"/>
  <move id="178" source="I4" target="I2"/>
  <move id="179" source="I1" target="I2"/>
  <move id="180" source="C9" target="C8"/>
  <move id="181" source="I2" target="K2"/>
  <move id="182" source="C8" target="D8"/>
  <move id="183" source="G3" target="G4"/>
  <move id="184" source="D8" target="E8"/>
  <move id="185" source="G4" target="H4"/>
  <move id="186" source="E8" target="E7"/>
  <move id="187" source="H4" target="I4"/>
  <move id="188" source="E7" target="E6"/>
  <move id="189" source="I4" target="K4"/>
  <move id="190" source="E6" target="F6"/>
  <move id="191" source="K4" target="K5"/>
  <move id="192" source="F6" target="F5"/>
  <move id="193" source="K5" target="K6"/>
  <move id="194" source="F5" target="F4"/>
  <move id="195" source="K6" target="K7"/>
  <move id="196" source="F4" target="G4"/>
  <move id="197" source="K7" target="K8"/>
  <move id="198" source="G4" target="H4"/>
  <move id="199" source="K8" target="K9"/>
  <move id="200" source="H4" target="I4"/>
  <move id="201" source="K9" target="K:"/>
  <move id="202" source="I4" target="K4"/>
  <move id="203" source="K2" target="I2"/>
  <move id="204" source="K4" target="K3"/>
  <move id="205" source="D3" target="D4"/>
  <move id="206" source="E5" target="F5"/>
  <move id="207" source="D4" target="E4"/>
  <move id="208" source="D7" target="D8"/>
  <move id="209" source="E4" target="F4"/>
  <move id="210" source="F5" target="E5"/>
  <move id="211" source="K:" target="I:"/>
  <move id="212" source="H:" target="I:"/>
  <move id="213" source="I7" target="K7"/>
  <move id="214" source="K3" target="I3"/>
  <move id="215" source="I2" target="K2"/>
  <move id="216" source="I3" target="I8"/>
  <move id="217" source="K7" target="K8"/>
  <move id="218" source="F9" target="E9"/>
  <move id="219" source="K8" target="K9"/>
  <move id="220" source="F8" target="F9"/>
  <move id="221" source="K9" target="K:"/>
  <move id="222" source="E9" target="E8"/>
  <move id="223" source="K:" target="I:"/>
  <move id="224" source="E8" target="E9"/>
  <move id="225" source="I:" target="H:"/>
  <move id="226" source="F9" target="F8"/>
  <move id="227" source="H:" target="H9"/>
  <move id="228" source="G7" target="H7"/>
  <move id="229" source="H8" target="H7"/>
  <move id="230" source="E5" target="F5"/>
  <move id="231" source="H7" target="I7"/>
  <move id="232" source="F5" target="F4"/>
  <move id="233" source="I7" target="K7"/>
  <move id="234" source="E9" target="E8"/>
  <move id="235" source="I8" target="I7"/>
  <move id="236" source="E8" target="E7"/>
  <move id="237" source="I7" target="I6"/>
  <move id="238" source="F4" target="E4"/>
  <move id="239" source="I6" target="I5"/>
  <move id="240" source="E4" target="E5"/>
  <move id="241" source="I5" target="I4"/>
  <move id="242" source="E7" target="E8"/>
  <move id="243" source="I4" target="H4"/>
  <move id="244" source="E8" target="E9"/>
  <move id="245" source="H4" target="G4"/>
  <move id="246" source="F7" target="G7"/>
  <move id="247" source="K7" target="K8"/>
  <move id="248" source="E9" target="F9"/>
  <move id="249" source="G4" target="F4"/>
  <move id="250" source="G7" target="H7"/>
  <move id="251" source="F3" target="G3"/>
  <move id="252" source="H7" target="I7"/>
  <move id="253" source="G3" target="H3"/>
  <move id="254" source="F9" target="E9"/>
  <move id="255" source="H3" target="I3"/>
  <move id="256" source="I7" target="K7"/>
  <move id="257" source="K8" target="I8"/>
  <move id="258" source="G8" target="H8"/>
  <move id="259" source="I3" target="I4"/>
  <move id="260" source="H8" target="I8"/>
  <move id="261" source="B3" target="B4"/>
  <move id="262" source="C7" target="C8"/>
  <move id="263" source="B4" target="A4"/>
  <move id="264" source="B7" target="B6"/>
  <move id="265" source="A4" target="A5"/>
  <move id="266" source="B6" target="B7"/>
  <move id="267" source="A5" target="A6"/>
  <move id="268" source="B7" target="C7"/>
  <move id="269" source="A6" target="A7"/>
  <move id="270" source="A8" target="A7"/>
  <move id="271" source="K2" target="I2"/>
  <move id="272" source="C7" target="D7"/>
  <move id="273" source="I2" target="I3"/>
  <move id="274" source="D7" target="E7"/>
  <move id="275" source="I3" target="H3"/>
  <move id="276" source="E7" target="F7"/>
  <move id="277" source="H3" target="G3"/>
  <move id="278" source="I8" target="H8"/>
  <move id="279" source="G3" target="F3"/>
  <move id="280" source="F7" target="F6"/>
  <move id="281" source="F3" target="E3"/>
  <move id="282" source="H8" target="H7"/>
  <move id="283" source="E3" target="D3"/>
  <move id="284" source="H7" target="G7"/>
  <move id="285" source="D3" target="D4"/>
  <move id="286" source="G7" target="F7"/>
  <move id="287" source="D4" target="C4"/>
  <move id="288" source="F7" target="E7"/>
  <move id="289" source="C4" target="B4"/>
  <move id="290" source="E7" target="D7"/>
  <move id="291" source="B5" target="B6"/>
  <move id="292" source="D7" target="C7"/>
  <move id="293" source="B4" target="A4"/>
  <move id="294" source="C7" target="B7"/>
  <move id="295" source="B6" target="B5"/>
  <move id="296" source="B7" target="B6"/>
  <move id="297" source="B5" target="B4"/>
  <move id="298" source="B6" target="B5"/>
  <move id="299" source="B4" target="C4"/>
  <move id="300" source="B5" target="A5"/>
  <move id="301" source="A4" target="A5"/>
  <move id="302" source="K7" target="I7"/>
  <move id="303" source="I4" target="K4"/>
  <move id="304" source="F6" target="F7"/>
  <move id="305" source="B2" target="B3"/>
  <move id="306" source="C8" target="C7"/>
  <move id="307" source="B3" target="B4"/>
  <move id="308" source="E9" target="E8"/>
  <move id="309" source="B4" target="B5"/>
  <move id="310" source="E8" target="E7"/>
  <move id="311" source="B5" target="B6"/>
  <move id="312" source="E7" target="D7"/>
  <move id="313" source="B6" target="B7"/>
  <move id="314" source="C7" target="B7"/>
  <move id="315" source="C4" target="D4"/>
  <move id="316" source="D7" target="C7"/>
  <move id="317" source="D4" target="D3"/>
  <move id="318" source="C7" target="B7"/>
  <move id="319" source="D3" target="E3"/>
  <move id="320" source="B7" target="B6"/>
  <move id="321" source="E3" target="F3"/>
  <move id="322" source="B6" target="B5"/>
  <move id="323" source="F3" target="G3"/>
  <move id="324" source="B5" target="B4"/>
  <move id="325" source="G3" target="G2"/>
  <move id="326" source="F7" target="F6"/>
  <move id="327" source="F4" target="E4"/>
  <move id="328" source="E5" target="F5"/>
  <move id="329" source="K4" target="K3"/>
  <move id="330" source="B4" target="B5"/>
  <move id="331" source="K3" target="I3"/>
  <move id="332" source="B5" target="A5"/>
  <move id="333" source="I3" target="H3"/>
  <move id="334" source="I7" target="H7"/>
  <move id="335" source="H3" target="G3"/>
  <move id="336" source="H7" target="G7"/>
  <move id="337" source="G3" target="F3"/>
  <move id="338" source="G7" target="F7"/>
  <move id="339" source="F3" target="E3"/>
  <move id="340" source="F7" target="E7"/>
  <move id="341" source="E3" target="F3"/>
  <move id="342" source="F5" target="F4"/>
  <move id="343" source="E4" target="F4"/>
  <move id="344" source="E7" target="E6"/>
  <move id="345" source="F3" target="F4"/>
  <move id="346" source="E6" target="E5"/>
  <move id="347" source="F4" target="G4"/>
  <move id="348" source="E5" target="F5"/>
  <move id="349" source="G4" target="H4"/>
  <move id="350" source="F5" target="F4"/>
  <move id="351" source="H4" target="I4"/>
  <move id="352" source="F4" target="G4"/>
  <move id="353" source="I4" target="I5"/>
  <move id="354" source="G4" target="G3"/>
  <move id="355" source="I5" target="I6"/>
  <move id="356" source="F6" target="F2"/>
  <move id="357" source="G2" target="G3"/>
  <move id="358" source="G3" target="F3"/>
  <move id="359" source="F2" target="G2"/>
  <move id="360" source="F3" target="F4"/>
  <move id="361" source="I6" target="I7"/>
  <move id="362" source="F4" target="F5"/>
  <move id="363" source="I7" target="H7"/>
  <move id="364" source="F5" target="F6"/>
  <move id="365" source="H7" target="G7"/>
  <move id="366" source="F6" target="F7"/>
  <move id="367" source="G7" target="G8"/>
  <move id="368" source="F8" target="E8"/>
  <move id="369" source="G8" target="G9"/>
  <move id="370" source="G:" target="H:"/>
  <move id="371" source="G9" target="G:"/>
  <move id="372" source="H:" target="I:"/>
  <move id="373" source="G:" target="H:"/>
  <move id="374" source="I:" target="K:"/>
  <move id="375" source="H:" target="I:"/>
  <move id="376" source="K:" target="K9"/>
  <move id="377" source="I:" target="K:"/>
  <move id="378" source="K9" target="K8"/>
  <move id="379" source="K:" target="K9"/>
  <move id="380" source="K8" target="K7"/>
  <move id="381" source="K9" target="K8"/>
  <move id="382" source="K7" target="I7"/>
  <move id="383" source="K8" target="K7"/>
  <move id="384" source="I7" target="I8"/>
  <move id="385" source="K7" target="I7"/>
  <move id="386" source="I8" target="K8"/>
  <move id="387" source="I7" target="I6"/>
  <move id="388" source="F7" target="F6"/>
  <move id="389" source="I6" target="I5"/>
  <move id="390" source="E8" target="E7"/>
  <move id="391" source="I5" target="I4"/>
  <move id="392" source="E7" target="E6"/>
  <move id="393" source="I4" target="H4"/>
  <move id="394" source="E6" target="E5"/>
  <move id="395" source="H4" target="I4"/>
  <move id="396" source="E5" target="E4"/>
  <move id="397" source="I4" target="I5"/>
  <move id="398" source="A5" target="A4"/>
  <move id="399" source="I5" target="I6"/>
  <move id="400" source="F6" target="F7"/>
  <move id="401" source="G2" target="G3"/>
  <move id="402" source="E4" target="D4"/>
  <move id="403" source="G3" target="F3"/>
  <move id="404" source="D4" target="C4"/>
  <move id="405" source="F3" target="E3"/>
  <move id="406" source="C4" target="B4"/>
  <move id="407" source="E3" target="D3"/>
  <move id="408" source="B4" target="B3"/>
  <move id="409" source="D3" target="D4"/>
  <move id="410" source="B3" target="B2"/>
  <move id="411" source="D4" target="C4"/>
  <move id="412" source="B2" target="A2"/>
  <move id="413" source="C4" target="B4"/>
  <move id="414" source="A4" target="B4"/>
  <move id="415" source="A2" target="B2"/>
  <move id="416" source="B8" target="B7"/>
  <move id="417" source="B2" target="B3"/>
  <move id="418" source="B7" target="B6"/>
  <move id="419" source="B3" target="B4"/>
  <move id="420" source="B6" target="B5"/>
  <move id="421" source="B4" target="C4"/>
  <move id="422" source="B5" target="B4"/>
  <move id="423" source="C4" target="D4"/>
  <move id="424" source="D8" target="E8"/>
  <move id="425" source="D4" target="E4"/>
  <move id="426" source="E8" target="E7"/>
  <move id="427" source="E4" target="F4"/>
  <move id="428" source="E7" target="E6"/>
  <move id="429" source="F4" target="G4"/>
  <move id="430" source="E6" target="E5"/>
  <move id="431" source="G4" target="H4"/>
  <move id="432" source="E5" target="E4"/>
  <move id="433" source="H4" target="I4"/>
  <move id="434" source="E:" target="E9"/>
  <move id="435" source="I4" target="I3"/>
  <move id="436" source="E9" target="E8"/>
  <move id="437" source="I3" target="K3"/>
  <move id="438" source="E8" target="E7"/>
  <move id="439" source="K3" target="K4"/>
  <move id="440" source="E7" target="E6"/>
  <move id="441" source="K4" target="K5"/>
  <move id="442" source="E4" target="E3"/>
  <move id="443" source="K5" target="K6"/>
  <move id="444" source="E6" target="E5"/>
  <move id="445" source="I6" target="I7"/>
  <move id="446" source="F7" target="G7"/>
  <move id="447" source="K6" target="K7"/>
  <move id="448" source="G7" target="H7"/>
  <move id="449" source="I7" target="I6"/>
  <move id="450" source="H7" target="G7"/>
  <move id="451" source="K7" target="K8"/>
  <move id="452" source="E5" target="E4"/>
  <move id="453" source="I6" target="I5"/>
  <move id="454" source="G7" target="F7"/>
  <move id="455" source="I5" target="I4"/>
  <move id="456" source="F7" target="F6"/>
  <move id="457" source="I4" target="H4"/>
  <move id="458" source="F6" target="F5"/>
  <move id="459" source="H4" target="G4"/>
  <move id="460" source="F5" target="F4"/>
  <move id="461" source="G4" target="H4"/>
  <move id="462" source="F4" target="F5"/>
  <move id="463" source="H4" target="I4"/>
  <move id="464" source="E4" target="F4"/>
  <move id="465" source="I4" target="I5"/>
  <move id="466" source="F4" target="F3"/>
  <move id="467" source="I5" target="I6"/>
  <move id="468" source="F3" target="G3"/>
  <move id="469" source="I6" target="I7"/>
  <move id="470" source="F5" target="F6"/>
  <move id="471" source="I7" target="H7"/>
  <move id="472" source="F6" target="F7"/>
  <move id="473" source="H7" target="I7"/>
  <move id="474" source="E3" target="F3"/>
  <move id="475" source="I7" target="I6"/>
  <move id="476" source="F3" target="F2"/>
  <move id="477" source="I6" target="I5"/>
  <move id="478" source="G3" target="G2"/>
  <move id="479" source="G1" target="G2"/>
  <move id="480" source="F2" target="G2"/>
  <move id="481" source="I5" target="I4"/>
  <move id="482" source="G2" target="F2"/>
  <move id="483" source="I4" target="H4"/>
  <move id="484" source="F7" target="F6"/>
  <move id="485" source="H4" target="G4"/>
  <move id="486" source="F6" target="F5"/>
  <move id="487" source="G4" target="H4"/>
  <move id="488" source="F:" target="F9"/>
  <move id="489" source="H4" target="I4"/>
  <move id="490" source="F9" target="F8"/>
  <move id="491" source="I4" target="I5"/>
  <move id="492" source="F8" target="E8"/>
  <move id="493" source="I5" target="I6"/>
  <move id="494" source="F5" target="F6"/>
  <move id="495" source="I6" target="I7"/>
  <move id="496" source="F6" target="F7"/>
  <move id="497" source="I7" target="H7"/>
  <move id="498" source="E8" target="E7"/>
  <move id="499" source="H7" target="I7"/>
  <move id="500" source="E7" target="E6"/>
  <move id="501" source="I7" target="I6"/>
  <move id="502" source="E6" target="E5"/>
  <move id="503" source="I6" target="I5"/>
  <move id="504" source="F7" target="F6"/>
  <move id="505" source="I5" target="I4"/>
  <move id="506" source="F6" target="F5"/>
  <move id="507" source="I4" target="H4"/>
  <move id="508" source="E5" target="E4"/>
  <move id="509" source="H4" target="I4"/>
  <move id="510" source="E4" target="E3"/>
  <move id="511" source="I4" target="I5"/>
  <move id="512" source="E3" target="F3"/>
  <move id="513" source="I5" target="I6"/>
  <move id="514" source="F3" target="G3"/>
  <move id="515" source="I6" target="I7"/>
  <move id="516" source="F5" target="F6"/>
  <move id="517" source="I7" target="I6"/>
  <move id="518" source="G3" target="G2"/>
  <move id="519" source="I6" target="I5"/>
  <move id="520" source="G2" target="G1"/>
  <move id="521" source="I5" target="I6"/>
  <move id="522" source="G1" target="H1"/>
  <move id="523" source="I6" target="I7"/>
  <move id="524" source="H1" target="H2"/>
  <move id="525" source="I7" target="H7"/>
  <move id="526" source="F6" target="F7"/>
  <move id="527" source="H7" target="I7"/>
  <move id="528" source="H2" target="H1"/>
  <move id="529" source="I7" target="I6"/>
  <move id="530" source="H1" target="G1"/>
  <player id="1">Player 1</player>
  <player id="2">Player 2</player>
  <result type="3" winner="2"/>
 </game>
</stratego>