<?xml version="1.0" encoding="UTF-8"?>
<stratego>
 <game type="classic">
  
  <field content="EGBFBFMEDDDFDHEBICDEIBBJLGEJDKGBFHGIDHDHAA__AA__AAAA__AA__AANTVSRRTXTNRPSOWTVSPSNQUPPQUQUNRNPQPPPQNY"/>
  <move id="1" source="I4" target="I7"/>
  <move id="2" source="E7" target="E6"/>
  <move id="3" source="F4" target="F5"/>
  <move id="4" source="F7" target="F6"/>
  <move id="5" source="F5" target="F6"/>
  <move id="6" source="G7" target="F7"/>
  <move id="7" source="F6" target="E6"/>
  <move id="8" source="D7" target="E7"/>
  <move id="9" source="E6" target="F6"/>
  <move id="10" source="H7" target="G7"/>
  <move id="11" source="H4" target="I4"/>
  <move id="12" source="D8" target="D7"/>
  <move id="13" source="I4" target="I5"/>
  <move id="14" source="E7" target="E6"/>
  <move id="15" source="F6" target="E6"/>
  <move id="16" source="E8" target="E7"/>
  <move id="17" source="E6" target="F6"/>
  <move id="18" source="G7" target="H7"/>
  <move id="19" source="I5" target="K5"/>
  <move id="20" source="G8" target="G7"/>
  <move id="21" source="G4" target="F4"/>
  <move id="22" source="E9" target="E8"/>
  <move id="23" source="F4" target="F5"/>
  <move id="24" source="F9" target="E9"/>
  <move id="25" source="F5" target="E5"/>
  <move id="26" source="F8" target="F9"/>
  <move id="27" source="F6" target="F5"/>
  <move id="28" source="D9" target="D8"/>
  <move id="29" source="F5" target="F4"/>
  <move id="30" source="F7" target="F8"/>
  <move id="31" source="F4" target="G4"/>
  <move id="32" source="H8" target="G8"/>
  <move id="33" source="G4" target="H4"/>
  <move id="34" source="F8" target="F7"/>
  <move id="35" source="H4" target="I4"/>
  <move id="36" source="F7" target="F6"/>
  <move id="37" source="I4" target="I5"/>
  <move id="38" source="F9" target="F8"/>
  <move id="39" source="I5" target="I6"/>
  <move id="40" source="F6" target="F7"/>
  <move id="41" source="I6" target="I7"/>
  <move id="42" source="H7" target="I7"/>
  <move id="43" source="I3" target="I4"/>
  <move id="44" source="I7" target="H7"/>
  <move id="45" source="I4" target="I8"/>
  <move id="46" source="F8" target="F9"/>
  <move id="47" source="K5" target="I5"/>
  <move id="48" source="F7" target="F6"/>
  <move id="49" source="I5" target="I4"/>
  <move id="50" source="G8" target="H8"/>
  <move id="51" source="I4" target="H4"/>
  <move id="52" source="G7" target="F7"/>
  <move id="53" source="H4" target="G4"/>
  <move id="54" source="F7" target="F8"/>
  <move id="55" source="G4" target="F4"/>
  <move id="56" source="H7" target="G7"/>
  <move id="57" source="F4" target="F5"/>
  <move id="58" source="F6" target="F7"/>
  <move id="59" source="F5" target="F6"/>
  <move id="60" source="F8" target="G8"/>
  <move id="61" source="I2" target="I9"/>
  <move id="62" source="F7" target="F8"/>
  <move id="63" source="K2" target="I2"/>
  <move id="64" source="G7" target="F7"/>
  <move id="65" source="F6" target="F5"/>
  <move id="66" source="F7" target="F6"/>
  <move id="67" source="F5" target="F4"/>
  <move id="68" source="F6" target="F5"/>
  <move id="69" source="E5" target="E6"/>
  <move id="70" source="F5" target="F6"/>
  <move id="71" source="E6" target="E5"/>
  <move id="72" source="E7" target="F7"/>
  <move id="73" source="I2" target="I3"/>
  <move id="74" source="E8" target="E5"/>
  <move id="75" source="I3" target="I4"/>
  <move id="76" source="D8" target="E8"/>
  <move id="77" source="I4" target="I5"/>
  <move id="78" source="E8" target="E4"/>
  <move id="79" source="I5" target="I6"/>
  <move id="80" source="F7" target="E7"/>
  <move id="81" source="I6" target="K6"/>
  <move id="82" source="F6" target="F7"/>
  <move id="83" source="K4" target="K5"/>
  <move id="84" source="F7" target="G7"/>
  <move id="85" source="K6" target="K7"/>
  <move id="86" source="K8" target="K7"/>
  <move id="87" source="K5" target="K6"/>
  <move id="88" source="G7" target="H7"/>
  <move id="89" source="K6" target="K7"/>
  <move id="90" source="H7" target="I7"/>
  <move id="91" source="K7" target="K6"/>
  <move id="92" source="I7" target="I6"/>
  <move id="93" source="K6" target="K5"/>
  <move id="94" source="I6" target="I5"/>
  <move id="95" source="K5" target="K4"/>
  <move id="96" source="I9" target="I8"/>
  <move id="97" source="F4" target="F5"/>
  <move id="98" source="I5" target="I6"/>
  <move id="99" source="F5" target="E5"/>
  <move id="100" source="I6" target="I7"/>
  <move id="101" source="G3" target="G4"/>
  <move id="102" source="H9" target="I9"/>
  <move id="103" source="G4" target="H4"/>
  <move id="104" source="H8" target="H7"/>
  <move id="105" source="E5" target="F5"/>
  <move id="106" source="I8" target="H8"/>
  <move id="107" source="F5" target="F4"/>
  <move id="108" source="H8" target="H9"/>
  <move id="109" source="F4" target="G4"/>
  <move id="110" source="H7" target="H8"/>
  <move id="111" source="G4" target="G3"/>
  <move id="112" source="H8" target="I8"/>
  <move id="113" source="H4" target="G4"/>
  <move id="114" source="I8" target="K8"/>
  <move id="115" source="G4" target="F4"/>
  <move id="116" source="I7" target="H7"/>
  <move id="117" source="F4" target="F5"/>
  <move id="118" source="H7" target="G7"/>
  <move id="119" source="K4" target="I4"/>
  <move id="120" source="F8" target="E8"/>
  <move id="121" source="I4" target="I3"/>
  <move id="122" source="E8" target="D8"/>
  <move id="123" source="K3" target="K4"/>
  <move id="124" source="F9" target="F8"/>
  <move id="125" source="K4" target="K5"/>
  <move id="126" source="F8" target="E8"/>
  <move id="127" source="K5" target="K6"/>
  <move id="128" source="F:" target="F5"/>
  <move id="129" source="K6" target="K7"/>
  <move id="130" source="G7" target="H7"/>
  <move id="131" source="K7" target="K8"/>
  <move id="132" source="H7" target="I7"/>
  <move id="133" source="F5" target="F4"/>
  <move id="134" source="E7" target="E6"/>
  <move id="135" source="F4" target="G4"/>
  <move id="136" source="G8" target="F8"/>
  <move id="137" source="G4" target="H4"/>
  <move id="138" source="F8" target="F7"/>
  <move id="139" source="H4" target="I4"/>
  <move id="140" source="D7" target="E7"/>
  <move id="141" source="I4" target="K4"/>
  <move id="142" source="G9" target="F9"/>
  <move id="143" source="K4" target="K3"/>
  <move id="144" source="G:" target="G9"/>
  <move id="145" source="K3" target="K4"/>
  <move id="146" source="G9" target="G8"/>
  <move id="147" source="H3" target="H4"/>
  <move id="148" source="G8" target="H8"/>
  <move id="149" source="H4" target="G4"/>
  <move id="150" source="I7" target="I8"/>
  <move id="151" source="K8" target="K7"/>
  <move id="152" source="I8" target="I7"/>
  <move id="153" source="K7" target="K8"/>
  <move id="154" source="E:" target="F:"/>
  <move id="155" source="G4" target="F4"/>
  <move id="156" source="F:" target="G:"/>
  <move id="157" source="F4" target="F5"/>
  <move id="158" source="E8" target="F8"/>
  <move id="159" source="F5" target="F6"/>
  <move id="160" source="C7" target="D7"/>
  <move id="161" source="E4" target="F4"/>
  <move id="162" source="D8" target="D9"/>
  <move id="163" source="D4" target="E4"/>
  <move id="164" source="D7" target="D8"/>
  <move id="165" source="E4" target="E5"/>
  <move id="166" source="D8" target="E8"/>
  <move id="167" source="E5" target="E6"/>
  <move id="168" source="F8" target="G8"/>
  <move id="169" source="F6" target="F7"/>
  <move id="170" source="E8" target="F8"/>
  <move id="171" source="E3" target="E4"/>
  <move id="172" source="F8" target="F7"/>
  <move id="173" source="E4" target="E5"/>
  <move id="174" source="C8" target="D8"/>
  <move id="175" source="D3" target="D4"/>
  <move id="176" source="D8" target="E8"/>
  <move id="177" source="D4" target="E4"/>
  <move id="178" source="E8" target="F8"/>
  <move id="179" source="E5" target="E6"/>
  <move id="180" source="E7" target="E6"/>
  <move id="181" source="E4" target="E5"/>
  <move id="182" source="F7" target="E7"/>
  <move id="183" source="E5" target="E6"/>
  <move id="184" source="G8" target="G7"/>
  <move id="185" source="E6" target="E7"/>
  <move id="186" source="C9" target="C8"/>
  <move id="187" source="A4" target="A5"/>
  <move id="188" source="F8" target="G8"/>
  <move id="189" source="A5" target="A6"/>
  <move id="190" source="F9" target="F8"/>
  <move id="191" source="A6" target="B6"/>
  <move id="192" source="B7" target="C7"/>
  <move id="193" source="B6" target="B7"/>
  <move id="194" source="C7" target="D7"/>
  <move id="195" source="B7" target="C7"/>
  <move id="196" source="C8" target="C7"/>
  <move id="197" source="F4" target="E4"/>
  <move id="198" source="D7" target="D8"/>
  <move id="199" source="E4" target="D4"/>
  <move id="200" source="F8" target="F7"/>
  <move id="201" source="D4" target="D3"/>
  <move id="202" source="F7" target="F6"/>
  <move id="203" source="G3" target="H3"/>
  <move id="204" source="F6" target="F5"/>
  <move id="205" source="G2" target="G3"/>
  <move id="206" source="F5" target="F4"/>
  <move id="207" source="G3" target="G4"/>
  <move id="208" source="F4" target="E4"/>
  <move id="209" source="G4" target="F4"/>
  <move id="210" source="H9" target="G9"/>
  <move id="211" source="F4" target="E4"/>
  <move id="212" source="G9" target="F9"/>
  <move id="213" source="H3" target="H4"/>
  <move id="214" source="F9" target="F8"/>
  <move id="215" source="H4" target="G4"/>
  <move id="216" source="F8" target="F7"/>
  <move id="217" source="G4" target="F4"/>
  <move id="218" source="F7" target="F6"/>
  <move id="219" source="F4" target="G4"/>
  <move id="220" source="F6" target="F5"/>
  <move id="221" source="G4" target="G3"/>
  <move id="222" source="F5" target="F4"/>
  <move id="223" source="G3" target="H3"/>
  <move id="224" source="F4" target="E4"/>
  <move id="225" source="K4" target="K5"/>
  <move id="226" source="H8" target="H7"/>
  <move id="227" source="A3" target="A4"/>
  <move id="228" source="C7" target="B7"/>
  <move id="229" source="A4" target="A5"/>
  <move id="230" source="B7" target="B6"/>
  <move id="231" source="K1" target="K2"/>
  <move id="232" source="B6" target="A6"/>
  <move id="233" source="A5" target="B5"/>
  <move id="234" source="E9" target="E8"/>
  <move id="235" source="K2" target="K3"/>
  <move id="236" source="E8" target="E7"/>
  <move id="237" source="K3" target="K4"/>
  <move id="238" source="E7" target="E6"/>
  <move id="239" source="K4" target="E4"/>
  <move id="240" source="E6" target="E5"/>
  <move id="241" source="I3" target="K3"/>
  <move id="242" source="E4" target="D4"/>
  <move id="243" source="D3" target="E3"/>
  <move id="244" source="D4" target="E4"/>
  <move id="245" source="E3" target="D3"/>
  <move id="246" source="E5" target="F5"/>
  <move id="247" source="H3" target="G3"/>
  <move id="248" source="D8" target="E8"/>
  <move id="249" source="G3" target="G4"/>
  <move id="250" source="E4" target="F4"/>
  <move id="251" source="G4" target="H4"/>
  <move id="252" source="A6" target="B6"/>
  <move id="253" source="B5" target="A5"/>
  <move id="254" source="F4" target="G4"/>
  <move id="255" source="H4" target="H3"/>
  <move id="256" source="G4" target="G3"/>
  <move id="257" source="H3" target="H4"/>
  <move id="258" source="F5" target="F4"/>
  <move id="259" source="F3" target="F4"/>
  <move id="260" source="G7" target="F7"/>
  <move id="261" source="F4" target="E4"/>
  <move id="262" source="B6" target="B7"/>
  <move id="263" source="E4" target="E5"/>
  <move id="264" source="B7" target="C7"/>
  <move id="265" source="E5" target="E4"/>
  <move id="266" source="C7" target="D7"/>
  <move id="267" source="A5" target="B5"/>
  <move id="268" source="B8" target="B5"/>
  <move id="269" source="B5" target="B6"/>
  <move id="270" source="D7" target="C7"/>
  <move id="271" source="B6" target="B7"/>
  <move id="272" source="C7" target="B7"/>
  <move id="273" source="A2" target="A3"/>
  <move id="274" source="G3" target="H3"/>
  <move id="275" source="H4" target="G4"/>
  <move id="276" source="H3" target="H4"/>
  <move id="277" source="G4" target="F4"/>
  <move id="278" source="H4" target="I4"/>
  <move id="279" source="K3" target="K2"/>
  <move id="280" source="I4" target="K4"/>
  <move id="281" source="K5" target="I5"/>
  <move id="282" source="K4" target="K3"/>
  <move id="283" source="K2" target="I2"/>
  <move id="284" source="F7" target="F6"/>
  <move id="285" source="F4" target="F5"/>
  <move id="286" source="E8" target="E7"/>
  <move id="287" source="F5" target="F6"/>
  <move id="288" source="E7" target="E6"/>
  <move id="289" source="A3" target="A4"/>
  <move id="290" source="K3" target="I3"/>
  <move id="291" source="I2" target="K2"/>
  <move id="292" source="E6" target="F6"/>
  <move id="293" source="A4" target="A5"/>
  <move id="294" source="F6" target="F5"/>
  <move id="295" source="A5" target="A6"/>
  <move id="296" source="F5" target="F4"/>
  <move id="297" source="E4" target="E5"/>
  <move id="298" source="F4" target="G4"/>
  <move id="299" source="E5" target="E6"/>
  <move id="300" source="D9" target="D8"/>
  <move id="301" source="E6" target="E7"/>
  <move id="302" source="D8" target="E8"/>
  <move id="303" source="E7" target="D7"/>
  <move id="304" source="G4" target="H4"/>
  <move id="305" source="A6" target="B6"/>
  <move id="306" source="I3" target="I4"/>
  <move id="307" source="I5" target="K5"/>
  <move id="308" source="I4" target="I5"/>
  <move id="309" source="K5" target="K4"/>
  <move id="310" source="H4" target="I4"/>
  <move id="311" source="K2" target="K3"/>
  <move id="312" source="I5" target="K5"/>
  <move id="313" source="K3" target="I3"/>
  <move id="314" source="K5" target="K4"/>
  <move id="315" source="I3" target="H3"/>
  <move id="316" source="I4" target="H4"/>
  <move id="317" source="H3" target="H4"/>
  <move id="318" source="K4" target="I4"/>
  <move id="319" source="B6" target="B7"/>
  <move id="320" source="I4" target="H4"/>
  <move id="321" source="B7" target="B8"/>
  <move id="322" source="H4" target="G4"/>
  <move id="323" source="B8" target="C8"/>
  <move id="324" source="G4" target="F4"/>
  <move id="325" source="C8" target="C9"/>
  <move id="326" source="F4" target="F5"/>
  <move id="327" source="D7" target="C7"/>
  <move id="328" source="F5" target="F6"/>
  <move id="329" source="C7" target="B7"/>
  <move id="330" source="F6" target="F7"/>
  <move id="331" source="B7" target="B8"/>
  <move id="332" source="F7" target="F8"/>
  <move id="333" source="B8" target="A8"/>
  <move id="334" source="F8" target="F9"/>
  <move id="335" source="A8" target="A9"/>
  <move id="336" source="F9" target="E9"/>
  <move id="337" source="A1" target="A2"/>
  <move id="338" source="E9" target="D9"/>
  <move id="339" source="C9" target="C8"/>
  <move id="340" source="E8" target="D8"/>
  <move id="341" source="A2" target="A3"/>
  <move id="342" source="D8" target="C8"/>
  <move id="343" source="A3" target="A4"/>
  <move id="344" source="C8" target="D8"/>
  <move id="345" source="A4" target="A5"/>
  <move id="346" source="D8" target="C8"/>
  <move id="347" source="A5" target="A6"/>
  <move id="348" source="C8" target="C7"/>
  <move id="349" source="D3" target="E3"/>
  <move id="350" source="C7" target="B7"/>
  <move id="351" source="E3" target="F3"/>
  <move id="352" source="B7" target="B6"/>
  <move id="353" source="A6" target="A7"/>
  <move id="354" source="B6" target="B7"/>
  <move id="355" source="A7" target="A8"/>
  <move id="356" source="B9" target="C9"/>
  <move id="357" source="A8" target="A9"/>
  <move id="358" source="A:" target="A9"/>
  <move id="359" source="D2" target="D3"/>
  <move id="360" source="C9" target="B9"/>
  <move id="361" source="D3" target="E3"/>
  <move id="362" source="B9" target="B8"/>
  <move id="363" source="E3" target="E4"/>
  <move id="364" source="B8" target="A8"/>
  <move id="365" source="E4" target="E5"/>
  <move id="366" source="D9" target="E9"/>
  <move id="367" source="E5" target="F5"/>
  <move id="368" source="E9" target="E8"/>
  <move id="369" source="F5" target="F6"/>
  <move id="370" source="E8" target="E7"/>
  <move id="371" source="B2" target="A2"/>
  <move id="372" source="B7" target="A7"/>
  <move id="373" source="A2" target="A3"/>
  <move id="374" source="A7" target="A6"/>
  <move id="375" source="A3" target="A2"/>
  <move id="376" source="A6" target="A5"/>
  <move id="377" source="A2" target="B2"/>
  <move id="378" source="A5" target="A4"/>
  <move id="379" source="C2" target="D2"/>
  <move id="380" source="A8" target="A7"/>
  <move id="381" source="D2" target="D4"/>
  <move id="382" source="A9" target="B9"/>
  <move id="383" source="D4" target="K4"/>
  <move id="384" source="A4" target="A3"/>
  <move id="385" source="B2" target="C2"/>
  <move id="386" source="A7" target="A6"/>
  <move id="387" source="C2" target="D2"/>
  <move id="388" source="A6" target="A5"/>
  <move id="389" source="D2" target="D3"/>
  <move id="390" source="A5" target="A4"/>
  <move id="391" source="D3" target="D4"/>
  <move id="392" source="B9" target="B8"/>
  <move id="393" source="D4" target="E4"/>
  <move id="394" source="B8" target="B7"/>
  <move id="395" source="E4" target="F4"/>
  <move id="396" source="B7" target="B6"/>
  <move id="397" source="F4" target="G4"/>
  <move id="398" source="B6" target="B5"/>
  <move id="399" source="G4" target="H4"/>
  <move id="400" source="A3" target="A2"/>
  <move id="401" source="H4" target="H3"/>
  <move id="402" source="A2" target="B2"/>
  <move id="403" source="H3" target="I3"/>
  <move id="404" source="A4" target="A3"/>
  <move id="405" source="I3" target="K3"/>
  <move id="406" source="A3" target="A2"/>
  <move id="407" source="K4" target="K5"/>
  <move id="408" source="A2" target="A1"/>
  <move id="409" source="B1" target="A1"/>
  <move id="410" source="B2" target="C2"/>
  <move id="411" source="F6" target="F5"/>
  <move id="412" source="E7" target="F7"/>
  <move id="413" source="F5" target="E5"/>
  <move id="414" source="F7" target="F6"/>
  <move id="415" source="E5" target="E4"/>
  <move id="416" source="F6" target="F5"/>
  <move id="417" source="E4" target="D4"/>
  <move id="418" source="D:" target="D9"/>
  <move id="419" source="A1" target="A2"/>
  <move id="420" source="F5" target="F4"/>
  <move id="421" source="D4" target="D3"/>
  <move id="422" source="D9" target="E9"/>
  <move id="423" source="A2" target="A3"/>
  <move id="424" source="E9" target="E8"/>
  <move id="425" source="A3" target="A4"/>
  <move id="426" source="E8" target="E7"/>
  <move id="427" source="A4" target="A5"/>
  <move id="428" source="B5" target="A5"/>
  <move id="429" source="A5" target="A6"/>
  <move id="430" source="E7" target="E6"/>
  <move id="431" source="A6" target="A7"/>
  <move id="432" source="E6" target="E5"/>
  <move id="433" source="D3" target="D2"/>
  <move id="434" source="C2" target="B2"/>
  <move id="435" source="A7" target="A8"/>
  <move id="436" source="E5" target="E4"/>
  <move id="437" source="D2" target="C2"/>
  <move id="438" source="E4" target="E3"/>
  <move id="439" source="F3" target="E3"/>
  <move id="440" source="F4" target="F3"/>
  <move id="441" source="E3" target="E4"/>
  <move id="442" source="F3" target="F4"/>
  <move id="443" source="E4" target="E3"/>
  <move id="444" source="G8" target="F8"/>
  <move id="445" source="C2" target="B2"/>
  <move id="446" source="H:" target="H9"/>
  <move id="447" source="A8" target="B8"/>
  <move id="448" source="F4" target="F5"/>
  <move id="449" source="B8" target="C8"/>
  <move id="450" source="F5" target="F6"/>
  <move id="451" source="C8" target="D8"/>
  <move id="452" source="F6" target="F7"/>
  <move id="453" source="D8" target="E8"/>
  <move id="454" source="F8" target="E8"/>
  <move id="455" source="E3" target="E4"/>
  <move id="456" source="H9" target="G9"/>
  <move id="457" source="E4" target="E5"/>
  <move id="458" source="G9" target="G8"/>
  <move id="459" source="E5" target="E6"/>
  <move id="460" source="G8" target="F8"/>
  <move id="461" source="D1" target="D2"/>
  <move id="462" source="F8" target="E8"/>
  <move id="463" source="D2" target="C2"/>
  <move id="464" source="F7" target="E7"/>
  <move id="465" source="E6" target="F6"/>
  <move id="466" source="E8" target="D8"/>
  <move id="467" source="C2" target="B2"/>
  <move id="468" source="D8" target="C8"/>
  <move id="469" source="B2" target="A2"/>
  <move id="470" source="I7" target="I8"/>
  <move id="471" source="K8" target="K7"/>
  <move id="472" source="H7" target="I7"/>
  <move id="473" source="K7" target="K6"/>
  <move id="474" source="I7" target="I3"/>
  <move id="475" source="K3" target="I3"/>
  <move id="476" source="G:" target="G7"/>
  <move id="477" source="A2" target="A3"/>
  <move id="478" source="I8" target="I7"/>
  <move id="479" source="A3" target="A4"/>
  <move id="480" source="C8" target="D8"/>
  <move id="481" source="A4" target="A5"/>
  <move id="482" source="D8" target="E8"/>
  <move id="483" source="A5" target="A6"/>
  <move id="484" source="E8" target="F8"/>
  <move id="485" source="A6" target="A7"/>
  <move id="486" source="F8" target="G8"/>
  <move id="487" source="A7" target="B7"/>
  <move id="488" source="G8" target="H8"/>
  <move id="489" source="B7" target="B8"/>
  <move id="490" source="G7" target="G8"/>
  <move id="491" source="B8" target="B9"/>
  <move id="492" source="E7" target="F7"/>
  <move id="493" source="F6" target="E6"/>
  <move id="494" source="I9" target="H9"/>
  <move id="495" source="E2" target="D2"/>
  <move id="496" source="H9" target="G9"/>
  <move id="497" source="D2" target="C2"/>
  <move id="498" source="G9" target="F9"/>
  <move id="499" source="C2" target="B2"/>
  <move id="500" source="F9" target="F8"/>
  <move id="501" source="B2" target="A2"/>
  <move id="502" source="H8" target="I8"/>
  <move id="503" source="A2" target="A3"/>
  <move id="504" source="F7" target="E7"/>
  <move id="505" source="E6" target="F6"/>
  <move id="506" source="I7" target="H7"/>
  <move id="507" source="A3" target="A4"/>
  <move id="508" source="H7" target="G7"/>
  <move id="509" source="A4" target="A5"/>
  <move id="510" source="E7" target="E6"/>
  <move id="511" source="F6" target="F5"/>
  <move id="512" source="E6" target="F6"/>
  <move id="513" source="F5" target="E5"/>
  <move id="514" source="F6" target="F5"/>
  <move id="515" source="E5" target="E4"/>
  <move id="516" source="F5" target="E5"/>
  <move id="517" source="E4" target="F4"/>
  <move id="518" source="F8" target="F7"/>
  <move id="519" source="K5" target="I5"/>
  <move id="520" source="F7" target="F6"/>
  <move id="521" source="I5" target="I8"/>
  <move id="522" source="E5" target="E4"/>
  <move id="523" source="F4" target="F3"/>
  <move id="524" source="E4" target="F4"/>
  <move id="525" source="F3" target="E3"/>
  <move id="526" source="F4" target="G4"/>
  <move id="527" source="K6" target="I6"/>
  <move id="528" source="F6" target="F5"/>
  <move id="529" source="I6" target="I5"/>
  <move id="530" source="F5" target="F4"/>
  <move id="531" source="I5" target="I4"/>
  <move id="532" source="F4" target="F3"/>
  <move id="533" source="I3" target="K3"/>
  <move id="534" source="F3" target="F2"/>
  <move id="535" source="F1" target="F2"/>
  <move id="536" source="G4" target="F4"/>
  <move id="537" source="F2" target="G2"/>
  <move id="538" source="F4" target="F3"/>
  <move id="539" source="E3" target="E4"/>
  <move id="540" source="F3" target="E3"/>
  <move id="541" source="E4" target="E5"/>
  <move id="542" source="G7" target="F7"/>
  <move id="543" source="K3" target="K4"/>
  <move id="544" source="E3" target="E4"/>
  <move id="545" source="E5" target="E6"/>
  <move id="546" source="E4" target="E5"/>
  <move id="547" source="E6" target="E7"/>
  <move id="548" source="F7" target="E7"/>
  <move id="549" source="K4" target="K5"/>
  <move id="550" source="E7" target="F7"/>
  <move id="551" source="K5" target="K6"/>
  <move id="552" source="F7" target="G7"/>
  <move id="553" source="K6" target="K7"/>
  <move id="554" source="I8" target="K8"/>
  <move id="555" source="K7" target="K8"/>
  <move id="556" source="G7" target="H7"/>
  <move id="557" source="K8" target="K7"/>
  <move id="558" source="H7" target="I7"/>
  <move id="559" source="K7" target="K6"/>
  <move id="560" source="E5" target="E6"/>
  <move id="561" source="A5" target="A6"/>
  <move id="562" source="I7" target="I6"/>
  <move id="563" source="K6" target="K7"/>
  <move id="564" source="E6" target="E7"/>
  <move id="565" source="B9" target="B:"/>
  <move id="566" source="E7" target="F7"/>
  <move id="567" source="A6" target="A7"/>
  <move id="568" source="F7" target="G7"/>
  <move id="569" source="A7" target="A8"/>
  <move id="570" source="G7" target="H7"/>
  <move id="571" source="A8" target="A9"/>
  <move id="572" source="H7" target="I7"/>
  <move id="573" source="A9" target="B9"/>
  <move id="574" source="I7" target="K7"/>
  <move id="575" source="B9" target="C9"/>
  <move id="576" source="C:" target="F:"/>
  <move id="577" source="C9" target="C:"/>
  <move id="578" source="K7" target="I7"/>
  <move id="579" source="G2" target="F2"/>
  <move id="580" source="I7" target="H7"/>
  <move id="581" source="C:" target="D:"/>
  <move id="582" source="H7" target="H8"/>
  <move id="583" source="D:" target="E:"/>
  <move id="584" source="F:" target="F5"/>
  <move id="585" source="I4" target="H4"/>
  <move id="586" source="H8" target="H9"/>
  <move id="587" source="H4" target="G4"/>
  <move id="588" source="I6" target="I7"/>
  <move id="589" source="G4" target="F4"/>
  <move id="590" source="F5" target="E5"/>
  <move id="591" source="F4" target="E4"/>
  <move id="592" source="E5" target="E7"/>
  <move id="593" source="E4" target="E5"/>
  <move id="594" source="E7" target="A7"/>
  <move id="595" source="E5" target="E6"/>
  <move id="596" source="I7" target="H7"/>
  <move id="597" source="E6" target="E7"/>
  <move id="598" source="G8" target="K8"/>
  <move id="599" source="E7" target="E6"/>
  <move id="600" source="H9" target="G9"/>
  <move id="601" source="H2" target="I2"/>
  <move id="602" source="H7" target="G7"/>
  <move id="603" source="I2" target="K2"/>
  <move id="604" source="G7" target="F7"/>
  <move id="605" source="K2" target="K3"/>
  <move id="606" source="F7" target="F8"/>
  <move id="607" source="K3" target="K4"/>
  <move id="608" source="F8" target="E8"/>
  <move id="609" source="K4" target="K5"/>
  <move id="610" source="G9" target="H9"/>
  <move id="611" source="K5" target="K6"/>
  <move id="612" source="H9" target="H8"/>
  <move id="613" source="E6" target="F6"/>
  <move id="614" source="E8" target="F8"/>
  <move id="615" source="E:" target="F:"/>
  <move id="616" source="F8" target="F9"/>
  <move id="617" source="F:" target="E:"/>
  <move id="618" source="H8" target="I8"/>
  <move id="619" source="F6" target="F7"/>
  <move id="620" source="I8" target="I7"/>
  <move id="621" source="F7" target="G7"/>
  <move id="622" source="I7" target="I6"/>
  <move id="623" source="K6" target="K7"/>
  <move id="624" source="A7" target="A1"/>
  <move id="625" source="G7" target="H7"/>
  <move id="626" source="A1" target="C1"/>
  <move id="627" source="H7" target="I7"/>
  <move id="628" source="I6" target="I5"/>
  <move id="629" source="I1" target="K1"/>
  <move id="630" source="I5" target="I4"/>
  <move id="631" source="K7" target="K6"/>
  <move id="632" source="I4" target="I3"/>
  <move id="633" source="F2" target="F3"/>
  <move id="634" source="I3" target="H3"/>
  <move id="635" source="F3" target="F4"/>
  <move id="636" source="H3" target="G3"/>
  <move id="637" source="K6" target="I6"/>
  <move id="638" source="F9" target="G9"/>
  <move id="639" source="K1" target="K8"/>
  <move id="640" source="G9" target="H9"/>
  <move id="641" source="E:" target="F:"/>
  <move id="642" source="G3" target="F3"/>
  <move id="643" source="F4" target="F5"/>
  <move id="644" source="F3" target="F4"/>
  <move id="645" source="F5" target="F6"/>
  <move id="646" source="F4" target="F5"/>
  <move id="647" source="F6" target="F7"/>
  <move id="648" source="F5" target="F6"/>
  <move id="649" source="F7" target="E7"/>
  <move id="650" source="F6" target="F7"/>
  <move id="651" source="E7" target="D7"/>
  <move id="652" source="F7" target="E7"/>
  <move id="653" source="D7" target="C7"/>
  <move id="654" source="E7" target="E8"/>
  <move id="655" source="F:" target="E:"/>
  <move id="656" source="E8" target="E9"/>
  <move id="657" source="E:" target="D:"/>
  <move id="658" source="E9" target="D9"/>
  <move id="659" source="D:" target="C:"/>
  <move id="660" source="D9" target="C9"/>
  <move id="661" source="C:" target="B:"/>
  <move id="662" source="H9" target="G9"/>
  <move id="663" source="I7" target="H7"/>
  <move id="664" source="G9" target="F9"/>
  <move id="665" source="B:" target="A:"/>
  <move id="666" source="C9" target="B9"/>
  <move id="667" source="H7" target="G7"/>
  <move id="668" source="F9" target="F8"/>
  <move id="669" source="I6" target="I7"/>
  <move id="670" source="F8" target="E8"/>
  <move id="671" source="I7" target="H7"/>
  <move id="672" source="E8" target="D8"/>
  <move id="673" source="H7" target="H8"/>
  <move id="674" source="D8" target="D7"/>
  <move id="675" source="H1" target="H2"/>
  <move id="676" source="D7" target="C7"/>
  <move id="677" source="H2" target="H3"/>
  <move id="678" source="C7" target="D7"/>
  <move id="679" source="H3" target="I3"/>
  <move id="680" source="D7" target="E7"/>
  <move id="681" source="I3" target="K3"/>
  <move id="682" source="E7" target="E8"/>
  <move id="683" source="K3" target="K4"/>
  <move id="684" source="E8" target="E9"/>
  <move id="685" source="K4" target="K5"/>
  <move id="686" source="E9" target="F9"/>
  <move id="687" source="K5" target="K6"/>
  <move id="688" source="F9" target="G9"/>
  <move id="689" source="K6" target="K7"/>
  <move id="690" source="G9" target="H9"/>
  <move id="691" source="H8" target="H9"/>
  <move id="692" source="B9" target="A9"/>
  <move id="693" source="K7" target="K8"/>
  <player id="1">Player 1</player>
  <player id="2">Player 2</player>
  <result type="3" winner="1"/>
 </game>
</stratego>