<?xml version="1.0" encoding="UTF-8"?>
<stratego>
 <game type="classic">
  
  <field content="DGBMBGBEEBDJCDDEIHDGFDEKDBHJDIEHBGFFILHFAA__AA__AAAA__AA__AASTNPNTPUQNUQNRVQPXNRRUSRVPOPSSPYPWTQNTPQ"/>
  <move id="1" source="I4" target="I5"/>
  <move id="2" source="A7" target="A6"/>
  <move id="3" source="I5" target="I6"/>
  <move id="4" source="A8" target="A7"/>
  <move id="5" source="B4" target="B5"/>
  <move id="6" source="F7" target="F6"/>
  <move id="7" source="K4" target="K5"/>
  <move id="8" source="F6" target="E6"/>
  <move id="9" source="K5" target="K6"/>
  <move id="10" source="G7" target="F7"/>
  <move id="11" source="K6" target="K7"/>
  <move id="12" source="F7" target="F6"/>
  <move id="13" source="I6" target="K6"/>
  <move id="14" source="F6" target="F5"/>
  <move id="15" source="I3" target="I7"/>
  <move id="16" source="E6" target="E5"/>
  <move id="17" source="K6" target="I6"/>
  <move id="18" source="B7" target="B6"/>
  <move id="19" source="B5" target="A5"/>
  <move id="20" source="F8" target="F7"/>
  <move id="21" source="I6" target="I7"/>
  <move id="22" source="H7" target="I7"/>
  <move id="23" source="F4" target="F5"/>
  <move id="24" source="E5" target="F5"/>
  <move id="25" source="K3" target="K4"/>
  <move id="26" source="F5" target="F6"/>
  <move id="27" source="K4" target="K5"/>
  <move id="28" source="G8" target="F8"/>
  <move id="29" source="K5" target="K6"/>
  <move id="30" source="F6" target="E6"/>
  <move id="31" source="E4" target="F4"/>
  <move id="32" source="F7" target="G7"/>
  <move id="33" source="F4" target="F5"/>
  <move id="34" source="F8" target="F5"/>
  <move id="35" source="K6" target="I6"/>
  <move id="36" source="I7" target="H7"/>
  <move id="37" source="I6" target="I7"/>
  <move id="38" source="B8" target="A8"/>
  <move id="39" source="I7" target="H7"/>
  <move id="40" source="G7" target="H7"/>
  <move id="41" source="I2" target="I8"/>
  <move id="42" source="E6" target="F6"/>
  <move id="43" source="F5" target="E5"/>
  <move id="44" source="E8" target="F8"/>
  <move id="45" source="D4" target="E4"/>
  <move id="46" source="F6" target="F7"/>
  <move id="47" source="E4" target="F4"/>
  <move id="48" source="D8" target="E8"/>
  <move id="49" source="F4" target="F5"/>
  <move id="50" source="A8" target="B8"/>
  <move id="51" source="F5" target="F6"/>
  <move id="52" source="B8" target="B7"/>
  <move id="53" source="E5" target="E4"/>
  <move id="54" source="H7" target="I7"/>
  <move id="55" source="E4" target="D4"/>
  <move id="56" source="H8" target="H7"/>
  <move id="57" source="E3" target="E7"/>
  <move id="58" source="H7" target="G7"/>
  <move id="59" source="G4" target="F4"/>
  <move id="60" source="F8" target="G8"/>
  <move id="61" source="F4" target="E4"/>
  <move id="62" source="G8" target="H8"/>
  <move id="63" source="E4" target="E3"/>
  <move id="64" source="H8" target="H7"/>
  <move id="65" source="G3" target="G4"/>
  <move id="66" source="G7" target="G8"/>
  <move id="67" source="G4" target="F4"/>
  <move id="68" source="E8" target="F8"/>
  <move id="69" source="F4" target="F5"/>
  <move id="70" source="F7" target="G7"/>
  <move id="71" source="F6" target="E6"/>
  <move id="72" source="F8" target="F7"/>
  <move id="73" source="F5" target="F6"/>
  <move id="74" source="G8" target="F8"/>
  <move id="75" source="F6" target="F7"/>
  <move id="76" source="F8" target="E8"/>
  <move id="77" source="F7" target="G7"/>
  <move id="78" source="F9" target="F6"/>
  <move id="79" source="E6" target="F6"/>
  <move id="80" source="H7" target="G7"/>
  <move id="81" source="F6" target="F5"/>
  <move id="82" source="E9" target="F9"/>
  <move id="83" source="F5" target="F4"/>
  <move id="84" source="D9" target="D8"/>
  <move id="85" source="F4" target="G4"/>
  <move id="86" source="E8" target="E9"/>
  <move id="87" source="H3" target="I3"/>
  <move id="88" source="D8" target="E8"/>
  <move id="89" source="K2" target="K3"/>
  <move id="90" source="E8" target="F8"/>
  <move id="91" source="K3" target="K4"/>
  <move id="92" source="F8" target="F7"/>
  <move id="93" source="K4" target="K5"/>
  <move id="94" source="I7" target="H7"/>
  <move id="95" source="K5" target="K6"/>
  <move id="96" source="H7" target="H8"/>
  <move id="97" source="K6" target="I6"/>
  <move id="98" source="G7" target="H7"/>
  <move id="99" source="I6" target="I7"/>
  <move id="100" source="H7" target="I7"/>
  <move id="101" source="G4" target="F4"/>
  <move id="102" source="I7" target="H7"/>
  <move id="103" source="F4" target="F5"/>
  <move id="104" source="E9" target="E8"/>
  <move id="105" source="F5" target="F6"/>
  <move id="106" source="E8" target="F8"/>
  <move id="107" source="F6" target="F7"/>
  <move id="108" source="F8" target="E8"/>
  <move id="109" source="I3" target="I4"/>
  <move id="110" source="C9" target="D9"/>
  <move id="111" source="I4" target="I5"/>
  <move id="112" source="D9" target="D8"/>
  <move id="113" source="I5" target="I6"/>
  <move id="114" source="H7" target="G7"/>
  <move id="115" source="F7" target="F6"/>
  <move id="116" source="H8" target="H7"/>
  <move id="117" source="I6" target="I7"/>
  <move id="118" source="H9" target="H8"/>
  <move id="119" source="F6" target="F5"/>
  <move id="120" source="B9" target="C9"/>
  <move id="121" source="F5" target="F4"/>
  <move id="122" source="C9" target="D9"/>
  <move id="123" source="F4" target="G4"/>
  <move id="124" source="D9" target="E9"/>
  <move id="125" source="G4" target="G3"/>
  <move id="126" source="D:" target="D9"/>
  <move id="127" source="D4" target="E4"/>
  <move id="128" source="D9" target="C9"/>
  <move id="129" source="D3" target="D4"/>
  <move id="130" source="E9" target="D9"/>
  <move id="131" source="E4" target="E5"/>
  <move id="132" source="E8" target="E9"/>
  <move id="133" source="E5" target="E6"/>
  <move id="134" source="D8" target="E8"/>
  <move id="135" source="E6" target="F6"/>
  <move id="136" source="E8" target="F8"/>
  <move id="137" source="F6" target="F7"/>
  <move id="138" source="G7" target="F7"/>
  <move id="139" source="D2" target="D3"/>
  <move id="140" source="F7" target="G7"/>
  <move id="141" source="D4" target="E4"/>
  <move id="142" source="F8" target="F7"/>
  <move id="143" source="E4" target="E5"/>
  <move id="144" source="E9" target="E8"/>
  <move id="145" source="E5" target="E6"/>
  <move id="146" source="C9" target="B9"/>
  <move id="147" source="E3" target="E4"/>
  <move id="148" source="B9" target="B8"/>
  <move id="149" source="C2" target="D2"/>
  <move id="150" source="E8" target="F8"/>
  <move id="151" source="D3" target="D4"/>
  <move id="152" source="D9" target="D:"/>
  <move id="153" source="D2" target="D3"/>
  <move id="154" source="B8" target="A8"/>
  <move id="155" source="E4" target="E3"/>
  <move id="156" source="B7" target="B8"/>
  <move id="157" source="D4" target="E4"/>
  <move id="158" source="B6" target="B7"/>
  <move id="159" source="A5" target="A6"/>
  <move id="160" source="A7" target="A6"/>
  <move id="161" source="A4" target="A5"/>
  <move id="162" source="A6" target="A7"/>
  <move id="163" source="A5" target="A6"/>
  <move id="164" source="B8" target="B9"/>
  <move id="165" source="A6" target="B6"/>
  <move id="166" source="B7" target="B8"/>
  <move id="167" source="B6" target="B7"/>
  <move id="168" source="B9" target="C9"/>
  <move id="169" source="B7" target="C7"/>
  <move id="170" source="D:" target="D9"/>
  <move id="171" source="C7" target="D7"/>
  <move id="172" source="D9" target="D8"/>
  <move id="173" source="D7" target="E7"/>
  <move id="174" source="F7" target="E7"/>
  <move id="175" source="E4" target="F4"/>
  <move id="176" source="E7" target="F7"/>
  <move id="177" source="E6" target="E7"/>
  <move id="178" source="C:" target="D:"/>
  <move id="179" source="E7" target="D7"/>
  <move id="180" source="D8" target="D7"/>
  <move id="181" source="D7" target="E7"/>
  <move id="182" source="B8" target="B7"/>
  <move id="183" source="H4" target="G4"/>
  <move id="184" source="B7" target="B6"/>
  <move id="185" source="F4" target="F5"/>
  <move id="186" source="A8" target="B8"/>
  <move id="187" source="E7" target="E6"/>
  <move id="188" source="B8" target="B7"/>
  <move id="189" source="E6" target="E5"/>
  <move id="190" source="B7" target="C7"/>
  <move id="191" source="E5" target="E4"/>
  <move id="192" source="D:" target="D9"/>
  <move id="193" source="E4" target="D4"/>
  <move id="194" source="D9" target="D8"/>
  <move id="195" source="F5" target="E5"/>
  <move id="196" source="D8" target="D7"/>
  <move id="197" source="G4" target="F4"/>
  <move id="198" source="D7" target="E7"/>
  <move id="199" source="F4" target="E4"/>
  <move id="200" source="C7" target="D7"/>
  <move id="201" source="G3" target="G4"/>
  <move id="202" source="A7" target="B7"/>
  <move id="203" source="G4" target="F4"/>
  <move id="204" source="B7" target="B8"/>
  <move id="205" source="F4" target="F5"/>
  <move id="206" source="B8" target="B9"/>
  <move id="207" source="F5" target="F6"/>
  <move id="208" source="B6" target="B7"/>
  <move id="209" source="E5" target="F5"/>
  <move id="210" source="B7" target="B8"/>
  <move id="211" source="E4" target="E5"/>
  <move id="212" source="A9" target="A8"/>
  <move id="213" source="E5" target="E6"/>
  <move id="214" source="A8" target="A7"/>
  <move id="215" source="F6" target="F7"/>
  <move id="216" source="E7" target="F7"/>
  <move id="217" source="E6" target="E7"/>
  <move id="218" source="D7" target="E7"/>
  <move id="219" source="E7" target="E6"/>
  <move id="220" source="H7" target="I7"/>
  <move id="221" source="I7" target="I6"/>
  <move id="222" source="G7" target="H7"/>
  <move id="223" source="I6" target="K6"/>
  <move id="224" source="H7" target="I7"/>
  <move id="225" source="E6" target="F6"/>
  <move id="226" source="I7" target="I6"/>
  <move id="227" source="K6" target="I6"/>
  <move id="228" source="H8" target="H7"/>
  <move id="229" source="F5" target="E5"/>
  <move id="230" source="H7" target="I7"/>
  <move id="231" source="E5" target="E8"/>
  <move id="232" source="I7" target="I6"/>
  <move id="233" source="E8" target="F8"/>
  <move id="234" source="I6" target="I5"/>
  <move id="235" source="F6" target="F7"/>
  <move id="236" source="I5" target="I4"/>
  <move id="237" source="D4" target="E4"/>
  <move id="238" source="I4" target="I1"/>
  <move id="239" source="F7" target="F8"/>
  <move id="240" source="F9" target="F8"/>
  <move id="241" source="B3" target="B8"/>
  <move id="242" source="F8" target="G8"/>
  <move id="243" source="B2" target="B3"/>
  <move id="244" source="G8" target="H8"/>
  <move id="245" source="B3" target="B4"/>
  <move id="246" source="H8" target="H7"/>
  <move id="247" source="B4" target="B5"/>
  <move id="248" source="H7" target="I7"/>
  <move id="249" source="B5" target="B6"/>
  <move id="250" source="I7" target="I6"/>
  <move id="251" source="B6" target="B7"/>
  <move id="252" source="I6" target="I5"/>
  <move id="253" source="B7" target="B8"/>
  <move id="254" source="I5" target="I4"/>
  <move id="255" source="E4" target="F4"/>
  <move id="256" source="I4" target="I3"/>
  <move id="257" source="F4" target="G4"/>
  <move id="258" source="I3" target="I2"/>
  <move id="259" source="G4" target="G3"/>
  <move id="260" source="I2" target="I1"/>
  <move id="261" source="G3" target="H3"/>
  <move id="262" source="I1" target="H1"/>
  <move id="263" source="H2" target="I2"/>
  <move id="264" source="H1" target="G1"/>
  <move id="265" source="H3" target="H4"/>
  <move id="266" source="A7" target="A6"/>
  <move id="267" source="A3" target="A4"/>
  <move id="268" source="A6" target="A5"/>
  <move id="269" source="A4" target="A5"/>
  <move id="270" source="G9" target="G8"/>
  <move id="271" source="E3" target="E4"/>
  <move id="272" source="G8" target="G7"/>
  <move id="273" source="E4" target="E5"/>
  <move id="274" source="G7" target="F7"/>
  <move id="275" source="E5" target="E6"/>
  <move id="276" source="F7" target="F6"/>
  <move id="277" source="E6" target="F6"/>
  <move id="278" source="F:" target="F9"/>
  <move id="279" source="F6" target="F7"/>
  <move id="280" source="F9" target="F8"/>
  <move id="281" source="F7" target="F8"/>
  <move id="282" source="E:" target="E9"/>
  <move id="283" source="A2" target="A:"/>
  <move id="284" source="E9" target="E8"/>
  <move id="285" source="F8" target="E8"/>
  <move id="286" source="H:" target="H9"/>
  <move id="287" source="H4" target="I4"/>
  <move id="288" source="H9" target="G9"/>
  <move id="289" source="I4" target="I5"/>
  <move id="290" source="G9" target="F9"/>
  <move id="291" source="I5" target="I6"/>
  <move id="292" source="C9" target="D9"/>
  <move id="293" source="I6" target="I7"/>
  <move id="294" source="D9" target="D8"/>
  <move id="295" source="E8" target="D8"/>
  <move id="296" source="F9" target="F8"/>
  <move id="297" source="D8" target="E8"/>
  <move id="298" source="F8" target="F7"/>
  <move id="299" source="G2" target="G3"/>
  <move id="300" source="F7" target="F6"/>
  <move id="301" source="G3" target="G4"/>
  <move id="302" source="F6" target="F5"/>
  <move id="303" source="I7" target="H7"/>
  <move id="304" source="F5" target="F4"/>
  <move id="305" source="G4" target="F4"/>
  <move id="306" source="I9" target="H9"/>
  <move id="307" source="H7" target="H8"/>
  <move id="308" source="H9" target="H8"/>
  <move id="309" source="E8" target="E9"/>
  <move id="310" source="K9" target="I9"/>
  <move id="311" source="H8" target="H9"/>
  <move id="312" source="I9" target="H9"/>
  <move id="313" source="H9" target="I9"/>
  <move id="314" source="K8" target="K9"/>
  <move id="315" source="I9" target="K9"/>
  <move id="316" source="K:" target="K9"/>
  <move id="317" source="E9" target="F9"/>
  <move id="318" source="I:" target="I9"/>
  <move id="319" source="K9" target="K:"/>
  <move id="320" source="I9" target="F9"/>
  <move id="321" source="K:" target="I:"/>
  <move id="322" source="B9" target="B8"/>
  <player id="1">Player 1</player>
  <player id="2">Player 2</player>
  <result type="0" winner="1"/>
 </game>
</stratego>