<?xml version="1.0" encoding="UTF-8"?>
<stratego>
 <game type="classic">
  
  <field content="EBGFBBBEBMDECBEDJEDJHGKDHIDLIHDFIHDGFGFDAA__AA__AAAA__AA__AAPTXSPPSRNTVPPPTQVOTRNNNQPSUQWPRNQUQNYURS"/>
  <move id="1" source="A4" target="A5"/>
  <move id="2" source="B7" target="B6"/>
  <move id="3" source="A3" target="A4"/>
  <move id="4" source="K7" target="K6"/>
  <move id="5" source="A5" target="A7"/>
  <move id="6" source="B6" target="B5"/>
  <move id="7" source="A4" target="A5"/>
  <move id="8" source="B5" target="B4"/>
  <move id="9" source="C4" target="B4"/>
  <move id="10" source="B8" target="B7"/>
  <move id="11" source="B4" target="C4"/>
  <move id="12" source="B7" target="B3"/>
  <move id="13" source="A5" target="A6"/>
  <move id="14" source="A8" target="A7"/>
  <move id="15" source="A6" target="A7"/>
  <move id="16" source="A7" target="A6"/>
  <move id="17" source="B3" target="A3"/>
  <move id="18" source="A6" target="A5"/>
  <move id="19" source="B2" target="B3"/>
  <move id="20" source="A5" target="A4"/>
  <move id="21" source="E4" target="E5"/>
  <move id="22" source="C8" target="B8"/>
  <move id="23" source="C4" target="B4"/>
  <move id="24" source="A4" target="B4"/>
  <move id="25" source="B3" target="B2"/>
  <move id="26" source="B4" target="A4"/>
  <move id="27" source="C3" target="B3"/>
  <move id="28" source="B8" target="B3"/>
  <move id="29" source="D4" target="C4"/>
  <move id="30" source="C7" target="B7"/>
  <move id="31" source="C4" target="B4"/>
  <move id="32" source="A4" target="A5"/>
  <move id="33" source="B4" target="C4"/>
  <move id="34" source="B7" target="B6"/>
  <move id="35" source="B3" target="B4"/>
  <move id="36" source="B6" target="B5"/>
  <move id="37" source="B4" target="B3"/>
  <move id="38" source="A5" target="A4"/>
  <move id="39" source="C4" target="B4"/>
  <move id="40" source="B5" target="B4"/>
  <move id="41" source="B3" target="C3"/>
  <move id="42" source="B4" target="C4"/>
  <move id="43" source="E5" target="E6"/>
  <move id="44" source="C4" target="C3"/>
  <move id="45" source="C2" target="C3"/>
  <move id="46" source="A4" target="A3"/>
  <move id="47" source="C3" target="C4"/>
  <move id="48" source="A3" target="B3"/>
  <move id="49" source="E6" target="E7"/>
  <move id="50" source="D8" target="C8"/>
  <move id="51" source="F4" target="F5"/>
  <move id="52" source="C8" target="B8"/>
  <move id="53" source="G4" target="F4"/>
  <move id="54" source="B8" target="B4"/>
  <move id="55" source="F4" target="E4"/>
  <move id="56" source="B4" target="C4"/>
  <move id="57" source="D3" target="D4"/>
  <move id="58" source="C4" target="C3"/>
  <move id="59" source="D4" target="C4"/>
  <move id="60" source="C3" target="C4"/>
  <move id="61" source="E4" target="D4"/>
  <move id="62" source="B3" target="B4"/>
  <move id="63" source="D4" target="C4"/>
  <move id="64" source="B4" target="C4"/>
  <move id="65" source="G3" target="G4"/>
  <move id="66" source="C4" target="C3"/>
  <move id="67" source="G4" target="F4"/>
  <move id="68" source="E8" target="D8"/>
  <move id="69" source="F4" target="E4"/>
  <move id="70" source="E9" target="E4"/>
  <move id="71" source="G2" target="G3"/>
  <move id="72" source="D7" target="C7"/>
  <move id="73" source="G3" target="G4"/>
  <move id="74" source="C7" target="B7"/>
  <move id="75" source="G4" target="F4"/>
  <move id="76" source="F8" target="E8"/>
  <move id="77" source="F4" target="E4"/>
  <move id="78" source="B7" target="B6"/>
  <move id="79" source="E4" target="D4"/>
  <move id="80" source="B6" target="B5"/>
  <move id="81" source="D4" target="C4"/>
  <move id="82" source="C3" target="C4"/>
  <move id="83" source="F5" target="F6"/>
  <move id="84" source="F7" target="F8"/>
  <move id="85" source="F6" target="F7"/>
  <move id="86" source="E8" target="E7"/>
  <move id="87" source="F7" target="F8"/>
  <move id="88" source="G8" target="F8"/>
  <move id="89" source="K4" target="K6"/>
  <move id="90" source="K6" target="K5"/>
  <move id="91" source="K3" target="K4"/>
  <move id="92" source="K5" target="I5"/>
  <move id="93" source="K4" target="K5"/>
  <move id="94" source="I5" target="I4"/>
  <move id="95" source="I3" target="I4"/>
  <move id="96" source="B5" target="B4"/>
  <move id="97" source="I4" target="I3"/>
  <move id="98" source="B4" target="B3"/>
  <move id="99" source="E3" target="E4"/>
  <move id="100" source="B3" target="B2"/>
  <move id="101" source="E4" target="D4"/>
  <move id="102" source="B2" target="B1"/>
  <move id="103" source="D4" target="D3"/>
  <move id="104" source="E7" target="D7"/>
  <move id="105" source="I3" target="K3"/>
  <move id="106" source="D7" target="C7"/>
  <move id="107" source="I2" target="I7"/>
  <move id="108" source="C7" target="B7"/>
  <move id="109" source="H3" target="G3"/>
  <move id="110" source="B7" target="B6"/>
  <move id="111" source="G3" target="G4"/>
  <move id="112" source="B6" target="B5"/>
  <move id="113" source="G4" target="F4"/>
  <move id="114" source="F8" target="F7"/>
  <move id="115" source="F4" target="E4"/>
  <move id="116" source="B5" target="B4"/>
  <move id="117" source="E4" target="D4"/>
  <move id="118" source="B4" target="B3"/>
  <move id="119" source="D4" target="C4"/>
  <move id="120" source="B3" target="A3"/>
  <move id="121" source="A2" target="B2"/>
  <move id="122" source="A3" target="A2"/>
  <move id="123" source="B2" target="B3"/>
  <move id="124" source="A2" target="A1"/>
  <move id="125" source="C4" target="D4"/>
  <move id="126" source="G7" target="G8"/>
  <move id="127" source="D4" target="E4"/>
  <move id="128" source="G8" target="F8"/>
  <move id="129" source="E4" target="E5"/>
  <move id="130" source="F8" target="E8"/>
  <move id="131" source="E5" target="F5"/>
  <move id="132" source="E8" target="E7"/>
  <move id="133" source="F5" target="F6"/>
  <move id="134" source="F7" target="G7"/>
  <move id="135" source="B3" target="B4"/>
  <move id="136" source="E7" target="D7"/>
  <move id="137" source="B4" target="A4"/>
  <move id="138" source="D7" target="C7"/>
  <move id="139" source="F6" target="F7"/>
  <move id="140" source="G7" target="G8"/>
  <move id="141" source="A4" target="A5"/>
  <move id="142" source="C7" target="B7"/>
  <move id="143" source="A5" target="A6"/>
  <move id="144" source="B7" target="A7"/>
  <move id="145" source="A6" target="B6"/>
  <move id="146" source="A7" target="B7"/>
  <move id="147" source="B6" target="A6"/>
  <move id="148" source="D8" target="C8"/>
  <move id="149" source="H4" target="G4"/>
  <move id="150" source="C8" target="B8"/>
  <move id="151" source="G4" target="F4"/>
  <move id="152" source="B7" target="B6"/>
  <move id="153" source="A6" target="A4"/>
  <move id="154" source="B6" target="B5"/>
  <move id="155" source="A4" target="E4"/>
  <move id="156" source="B8" target="B7"/>
  <move id="157" source="E4" target="E8"/>
  <move id="158" source="B5" target="B4"/>
  <move id="159" source="E8" target="F8"/>
  <move id="160" source="B4" target="B3"/>
  <move id="161" source="D3" target="D4"/>
  <move id="162" source="B3" target="C3"/>
  <move id="163" source="F8" target="F9"/>
  <move id="164" source="F9" target="F8"/>
  <move id="165" source="F7" target="E7"/>
  <move id="166" source="B7" target="A7"/>
  <move id="167" source="E7" target="E6"/>
  <move id="168" source="C3" target="C2"/>
  <move id="169" source="E6" target="E5"/>
  <move id="170" source="C2" target="C1"/>
  <move id="171" source="E5" target="E6"/>
  <move id="172" source="A7" target="A6"/>
  <move id="173" source="E6" target="E7"/>
  <move id="174" source="H7" target="G7"/>
  <move id="175" source="E7" target="E8"/>
  <move id="176" source="G7" target="F7"/>
  <move id="177" source="E8" target="F8"/>
  <move id="178" source="F7" target="E7"/>
  <move id="179" source="F8" target="E8"/>
  <move id="180" source="E7" target="F7"/>
  <move id="181" source="E8" target="E7"/>
  <move id="182" source="F7" target="F6"/>
  <move id="183" source="F4" target="G4"/>
  <move id="184" source="F6" target="F5"/>
  <move id="185" source="G4" target="F4"/>
  <move id="186" source="G8" target="F8"/>
  <move id="187" source="F4" target="F5"/>
  <move id="188" source="H8" target="H7"/>
  <move id="189" source="E7" target="F7"/>
  <move id="190" source="F8" target="E8"/>
  <move id="191" source="K2" target="I2"/>
  <move id="192" source="I8" target="H8"/>
  <move id="193" source="I2" target="I3"/>
  <move id="194" source="H8" target="G8"/>
  <move id="195" source="I3" target="H3"/>
  <move id="196" source="K8" target="K7"/>
  <move id="197" source="K5" target="I5"/>
  <move id="198" source="K7" target="K6"/>
  <move id="199" source="H3" target="G3"/>
  <move id="200" source="K6" target="K5"/>
  <move id="201" source="I5" target="I6"/>
  <move id="202" source="K5" target="I5"/>
  <move id="203" source="I6" target="K6"/>
  <move id="204" source="I5" target="I4"/>
  <move id="205" source="G3" target="G4"/>
  <move id="206" source="I4" target="I3"/>
  <move id="207" source="K3" target="K4"/>
  <move id="208" source="I3" target="K3"/>
  <move id="209" source="K4" target="I4"/>
  <move id="210" source="K3" target="K2"/>
  <move id="211" source="G4" target="F4"/>
  <move id="212" source="K2" target="K1"/>
  <player id="1">Player 1</player>
  <player id="2">Player 2</player>
  <result type="1" winner="2"/>
 </game>
</stratego>