<?xml version="1.0" encoding="UTF-8"?>
<stratego>
 <game type="classic">
  
  <field content="EFDEDBMEDEDDBBGBIIDJGFBBFFCHDKHGDHEHJLGIAA__AA__AAAA__AA__AAPTWXTPVPSNUSQPRSPQURNPVOQNUTNPYNSNPRQQRT"/>
  <move id="1" source="K4" target="K5"/>
  <move id="2" source="A7" target="A4"/>
  <move id="3" source="B4" target="B5"/>
  <move id="4" source="F7" target="F4"/>
  <move id="5" source="B5" target="B6"/>
  <move id="6" source="E7" target="E6"/>
  <move id="7" source="F4" target="F5"/>
  <move id="8" source="G7" target="F7"/>
  <move id="9" source="G4" target="F4"/>
  <move id="10" source="F7" target="F6"/>
  <move id="11" source="F5" target="E5"/>
  <move id="12" source="E6" target="E7"/>
  <move id="13" source="F4" target="G4"/>
  <move id="14" source="F6" target="E6"/>
  <move id="15" source="E5" target="F5"/>
  <move id="16" source="E7" target="F7"/>
  <move id="17" source="E4" target="F4"/>
  <move id="18" source="E6" target="F6"/>
  <move id="19" source="F5" target="E5"/>
  <move id="20" source="F6" target="E6"/>
  <move id="21" source="E5" target="F5"/>
  <move id="22" source="E6" target="F6"/>
  <move id="23" source="F5" target="E5"/>
  <move id="24" source="F6" target="F5"/>
  <move id="25" source="E5" target="E4"/>
  <move id="26" source="F5" target="E5"/>
  <move id="27" source="B6" target="B7"/>
  <move id="28" source="F7" target="F6"/>
  <move id="29" source="I4" target="I5"/>
  <move id="30" source="F6" target="F5"/>
  <move id="31" source="I5" target="I6"/>
  <move id="32" source="B7" target="B6"/>
  <move id="33" source="B3" target="B4"/>
  <move id="34" source="E8" target="E7"/>
  <move id="35" source="A4" target="A5"/>
  <move id="36" source="E7" target="E6"/>
  <move id="37" source="A5" target="B5"/>
  <move id="38" source="B6" target="B7"/>
  <move id="39" source="B5" target="B6"/>
  <move id="40" source="F5" target="F6"/>
  <move id="41" source="B6" target="B7"/>
  <move id="42" source="B8" target="B7"/>
  <move id="43" source="B4" target="B5"/>
  <move id="44" source="C8" target="B8"/>
  <move id="45" source="B5" target="B6"/>
  <move id="46" source="D7" target="E7"/>
  <move id="47" source="B6" target="A6"/>
  <move id="48" source="E7" target="D7"/>
  <move id="49" source="A3" target="B3"/>
  <move id="50" source="D8" target="E8"/>
  <move id="51" source="B3" target="B4"/>
  <move id="52" source="B7" target="A7"/>
  <move id="53" source="A6" target="B6"/>
  <move id="54" source="B8" target="B7"/>
  <move id="55" source="B4" target="B5"/>
  <move id="56" source="A8" target="B8"/>
  <move id="57" source="B5" target="A5"/>
  <move id="58" source="B8" target="A8"/>
  <move id="59" source="A5" target="A6"/>
  <move id="60" source="E8" target="D8"/>
  <move id="61" source="B6" target="B7"/>
  <move id="62" source="A7" target="B7"/>
  <move id="63" source="A6" target="B6"/>
  <move id="64" source="D8" target="C8"/>
  <move id="65" source="A2" target="A8"/>
  <move id="66" source="B7" target="B6"/>
  <move id="67" source="B2" target="B7"/>
  <move id="68" source="B9" target="B7"/>
  <move id="69" source="B1" target="B2"/>
  <move id="70" source="A8" target="A7"/>
  <move id="71" source="B2" target="B3"/>
  <move id="72" source="C8" target="B8"/>
  <move id="73" source="B3" target="B4"/>
  <move id="74" source="B8" target="B7"/>
  <move id="75" source="B4" target="B5"/>
  <move id="76" source="C9" target="C8"/>
  <move id="77" source="B5" target="B6"/>
  <move id="78" source="A7" target="A8"/>
  <move id="79" source="B6" target="B7"/>
  <move id="80" source="C8" target="B8"/>
  <move id="81" source="B7" target="C7"/>
  <move id="82" source="C7" target="C8"/>
  <move id="83" source="I6" target="I7"/>
  <move id="84" source="H7" target="I7"/>
  <move id="85" source="K5" target="K6"/>
  <move id="86" source="F8" target="E8"/>
  <move id="87" source="I3" target="I4"/>
  <move id="88" source="E8" target="D8"/>
  <move id="89" source="I4" target="K4"/>
  <move id="90" source="C8" target="C9"/>
  <move id="91" source="K6" target="I6"/>
  <move id="92" source="D8" target="C8"/>
  <move id="93" source="I6" target="I7"/>
  <move id="94" source="I8" target="I7"/>
  <move id="95" source="H3" target="I3"/>
  <move id="96" source="C8" target="C7"/>
  <move id="97" source="K4" target="I4"/>
  <move id="98" source="C7" target="B7"/>
  <move id="99" source="I4" target="I5"/>
  <move id="100" source="B8" target="C8"/>
  <move id="101" source="I5" target="I6"/>
  <move id="102" source="C8" target="D8"/>
  <move id="103" source="I6" target="I7"/>
  <move id="104" source="D8" target="E8"/>
  <move id="105" source="I7" target="D7"/>
  <move id="106" source="B7" target="B6"/>
  <move id="107" source="K3" target="K4"/>
  <move id="108" source="E6" target="E7"/>
  <move id="109" source="K4" target="K5"/>
  <move id="110" source="E7" target="F7"/>
  <move id="111" source="K2" target="K3"/>
  <move id="112" source="F7" target="G7"/>
  <move id="113" source="K3" target="K4"/>
  <move id="114" source="G7" target="H7"/>
  <move id="115" source="K4" target="I4"/>
  <move id="116" source="H7" target="I7"/>
  <move id="117" source="K5" target="K6"/>
  <move id="118" source="G8" target="G7"/>
  <move id="119" source="K6" target="I6"/>
  <move id="120" source="G7" target="H7"/>
  <move id="121" source="I6" target="I7"/>
  <move id="122" source="H7" target="G7"/>
  <move id="123" source="I7" target="H7"/>
  <move id="124" source="G7" target="F7"/>
  <move id="125" source="H7" target="G7"/>
  <move id="126" source="D7" target="E7"/>
  <move id="127" source="G7" target="G8"/>
  <move id="128" source="E8" target="D8"/>
  <move id="129" source="G8" target="F8"/>
  <move id="130" source="F7" target="G7"/>
  <move id="131" source="I4" target="I5"/>
  <move id="132" source="D8" target="D7"/>
  <move id="133" source="I5" target="I6"/>
  <move id="134" source="C9" target="C8"/>
  <move id="135" source="I6" target="I7"/>
  <move id="136" source="C8" target="D8"/>
  <move id="137" source="I7" target="H7"/>
  <move id="138" source="E7" target="F7"/>
  <move id="139" source="F8" target="E8"/>
  <move id="140" source="D8" target="E8"/>
  <move id="141" source="I3" target="I4"/>
  <move id="142" source="K8" target="I8"/>
  <move id="143" source="H7" target="I7"/>
  <move id="144" source="I8" target="I7"/>
  <move id="145" source="I4" target="K4"/>
  <move id="146" source="B6" target="B5"/>
  <move id="147" source="I7" target="I6"/>
  <move id="148" source="D7" target="C7"/>
  <move id="149" source="I2" target="I3"/>
  <move id="150" source="C7" target="B7"/>
  <move id="151" source="I3" target="I4"/>
  <move id="152" source="B7" target="B6"/>
  <move id="153" source="I4" target="I5"/>
  <move id="154" source="B5" target="B4"/>
  <move id="155" source="I6" target="K6"/>
  <move id="156" source="B6" target="B5"/>
  <move id="157" source="I5" target="I9"/>
  <move id="158" source="B4" target="C4"/>
  <move id="159" source="F4" target="F5"/>
  <move id="160" source="F6" target="F5"/>
  <move id="161" source="G4" target="F4"/>
  <move id="162" source="F5" target="F6"/>
  <move id="163" source="F4" target="F5"/>
  <move id="164" source="E5" target="E6"/>
  <move id="165" source="F5" target="E5"/>
  <move id="166" source="E6" target="E7"/>
  <move id="167" source="E5" target="E6"/>
  <move id="168" source="E7" target="D7"/>
  <move id="169" source="H4" target="G4"/>
  <move id="170" source="B5" target="B4"/>
  <move id="171" source="G4" target="F4"/>
  <move id="172" source="H8" target="G8"/>
  <move id="173" source="K4" target="I4"/>
  <move id="174" source="G8" target="F8"/>
  <move id="175" source="I4" target="I5"/>
  <move id="176" source="F8" target="E8"/>
  <move id="177" source="I5" target="I6"/>
  <move id="178" source="E8" target="D8"/>
  <move id="179" source="I6" target="I7"/>
  <move id="180" source="D8" target="C8"/>
  <move id="181" source="K6" target="I6"/>
  <move id="182" source="C8" target="C7"/>
  <move id="183" source="I7" target="I8"/>
  <move id="184" source="C7" target="B7"/>
  <move id="185" source="I6" target="I7"/>
  <move id="186" source="B7" target="A7"/>
  <move id="187" source="I8" target="K8"/>
  <move id="188" source="A7" target="A6"/>
  <move id="189" source="K8" target="K9"/>
  <move id="190" source="K:" target="K9"/>
  <move id="191" source="I7" target="H7"/>
  <move id="192" source="G9" target="G8"/>
  <move id="193" source="H2" target="I2"/>
  <move id="194" source="A6" target="A5"/>
  <move id="195" source="H7" target="H8"/>
  <move id="196" source="G8" target="F8"/>
  <move id="197" source="K1" target="K2"/>
  <move id="198" source="A5" target="A4"/>
  <move id="199" source="K2" target="K3"/>
  <move id="200" source="A4" target="A3"/>
  <move id="201" source="E4" target="E5"/>
  <move id="202" source="A3" target="B3"/>
  <move id="203" source="A1" target="A2"/>
  <move id="204" source="B3" target="C3"/>
  <move id="205" source="A2" target="B2"/>
  <move id="206" source="B4" target="B3"/>
  <move id="207" source="D4" target="C4"/>
  <move id="208" source="B3" target="B2"/>
  <move id="209" source="C4" target="C3"/>
  <move id="210" source="B2" target="B3"/>
  <move id="211" source="C3" target="C4"/>
  <move id="212" source="B3" target="B4"/>
  <move id="213" source="C4" target="D4"/>
  <move id="214" source="B4" target="C4"/>
  <move id="215" source="D4" target="E4"/>
  <move id="216" source="C4" target="D4"/>
  <move id="217" source="G3" target="G4"/>
  <move id="218" source="F6" target="E6"/>
  <move id="219" source="K3" target="K4"/>
  <move id="220" source="F7" target="E7"/>
  <move id="221" source="E6" target="F6"/>
  <move id="222" source="E7" target="E6"/>
  <move id="223" source="F6" target="F7"/>
  <move id="224" source="F8" target="E8"/>
  <move id="225" source="F7" target="G7"/>
  <move id="226" source="E6" target="E5"/>
  <move id="227" source="G7" target="F7"/>
  <move id="228" source="E5" target="E4"/>
  <move id="229" source="F7" target="E7"/>
  <move id="230" source="D7" target="E7"/>
  <move id="231" source="F4" target="F5"/>
  <move id="232" source="E4" target="E5"/>
  <move id="233" source="F5" target="F6"/>
  <move id="234" source="E5" target="E6"/>
  <move id="235" source="F6" target="F7"/>
  <move id="236" source="E6" target="E7"/>
  <move id="237" source="F7" target="F6"/>
  <move id="238" source="D4" target="C4"/>
  <move id="239" source="H8" target="G8"/>
  <move id="240" source="C4" target="B4"/>
  <move id="241" source="G8" target="F8"/>
  <move id="242" source="E8" target="D8"/>
  <move id="243" source="I2" target="I3"/>
  <move id="244" source="B4" target="B5"/>
  <move id="245" source="F3" target="F4"/>
  <move id="246" source="B5" target="B6"/>
  <move id="247" source="F4" target="E4"/>
  <move id="248" source="B6" target="B7"/>
  <move id="249" source="E4" target="D4"/>
  <move id="250" source="B7" target="B8"/>
  <move id="251" source="D4" target="C4"/>
  <move id="252" source="D8" target="D7"/>
  <move id="253" source="C4" target="B4"/>
  <move id="254" source="E9" target="E8"/>
  <move id="255" source="I3" target="I4"/>
  <move id="256" source="E8" target="F8"/>
  <move id="257" source="F8" target="G8"/>
  <move id="258" source="B8" target="C8"/>
  <move id="259" source="I4" target="I5"/>
  <move id="260" source="C8" target="B8"/>
  <move id="261" source="I5" target="I6"/>
  <move id="262" source="B8" target="B7"/>
  <move id="263" source="I6" target="I7"/>
  <move id="264" source="B7" target="B6"/>
  <move id="265" source="B4" target="C4"/>
  <move id="266" source="B6" target="B5"/>
  <move id="267" source="C4" target="D4"/>
  <move id="268" source="B5" target="B4"/>
  <move id="269" source="D4" target="E4"/>
  <move id="270" source="B4" target="C4"/>
  <move id="271" source="E4" target="E5"/>
  <move id="272" source="E7" target="F7"/>
  <move id="273" source="F6" target="F5"/>
  <move id="274" source="E:" target="E5"/>
  <move id="275" source="K4" target="K5"/>
  <move id="276" source="C4" target="D4"/>
  <move id="277" source="G4" target="F4"/>
  <move id="278" source="D4" target="C4"/>
  <move id="279" source="K5" target="K6"/>
  <move id="280" source="C4" target="B4"/>
  <move id="281" source="I7" target="I6"/>
  <move id="282" source="B4" target="B5"/>
  <move id="283" source="G8" target="H8"/>
  <move id="284" source="F7" target="F8"/>
  <move id="285" source="H8" target="H7"/>
  <move id="286" source="F8" target="F7"/>
  <move id="287" source="H7" target="H8"/>
  <move id="288" source="D7" target="E7"/>
  <move id="289" source="I6" target="I5"/>
  <move id="290" source="E7" target="E6"/>
  <move id="291" source="E5" target="E6"/>
  <move id="292" source="F7" target="G7"/>
  <move id="293" source="F4" target="E4"/>
  <move id="294" source="G:" target="G9"/>
  <move id="295" source="E4" target="E5"/>
  <move id="296" source="E6" target="E7"/>
  <move id="297" source="E5" target="E6"/>
  <move id="298" source="E7" target="E8"/>
  <move id="299" source="E6" target="E7"/>
  <move id="300" source="E8" target="D8"/>
  <move id="301" source="F5" target="F6"/>
  <move id="302" source="G9" target="G8"/>
  <move id="303" source="K6" target="K7"/>
  <move id="304" source="G8" target="F8"/>
  <move id="305" source="K7" target="K8"/>
  <move id="306" source="F8" target="F7"/>
  <move id="307" source="E7" target="E8"/>
  <move id="308" source="F7" target="F6"/>
  <move id="309" source="E8" target="F8"/>
  <move id="310" source="B5" target="B4"/>
  <move id="311" source="F6" target="E6"/>
  <move id="312" source="G7" target="G8"/>
  <move id="313" source="F8" target="G8"/>
  <move id="314" source="B4" target="C4"/>
  <move id="315" source="G8" target="G9"/>
  <move id="316" source="H9" target="G9"/>
  <move id="317" source="H8" target="G8"/>
  <move id="318" source="C4" target="D4"/>
  <move id="319" source="E6" target="E5"/>
  <move id="320" source="D4" target="D3"/>
  <move id="321" source="G8" target="G9"/>
  <move id="322" source="A8" target="A7"/>
  <move id="323" source="E5" target="E4"/>
  <move id="324" source="A7" target="A6"/>
  <move id="325" source="E4" target="D4"/>
  <move id="326" source="A6" target="A5"/>
  <move id="327" source="D4" target="C4"/>
  <move id="328" source="D8" target="E8"/>
  <move id="329" source="G2" target="G3"/>
  <move id="330" source="E8" target="E7"/>
  <move id="331" source="G3" target="F3"/>
  <move id="332" source="A5" target="A4"/>
  <move id="333" source="G9" target="G8"/>
  <move id="334" source="E7" target="E6"/>
  <move id="335" source="G8" target="G7"/>
  <move id="336" source="E6" target="E5"/>
  <move id="337" source="C4" target="D4"/>
  <move id="338" source="A4" target="A3"/>
  <move id="339" source="G7" target="F7"/>
  <move id="340" source="A3" target="B3"/>
  <move id="341" source="D4" target="E4"/>
  <move id="342" source="B3" target="B2"/>
  <move id="343" source="E4" target="E5"/>
  <move id="344" source="B2" target="C2"/>
  <move id="345" source="F7" target="F8"/>
  <player id="1">Player 1</player>
  <player id="2">Player 2</player>
  <result type="3" winner="1"/>
 </game>
</stratego>