<?xml version="1.0" encoding="UTF-8"?>
<stratego>
 <game type="classic">
  
  <field content="FEBBBMBBEFEDFHEBEJCDIGDDLGIGKDGDIJHDDHFHAA__AA__AAAA__AA__AAPPTURSXURPRPWQTOTVPPPTSNNSVQUSRQNYNNNQPQ"/>
  <move id="1" source="B4" target="B7"/>
  <move id="2" source="E7" target="E6"/>
  <move id="3" source="C4" target="B4"/>
  <move id="4" source="F7" target="F6"/>
  <move id="5" source="B4" target="B5"/>
  <move id="6" source="D7" target="E7"/>
  <move id="7" source="B5" target="B6"/>
  <move id="8" source="E6" target="E5"/>
  <move id="9" source="B6" target="B7"/>
  <move id="10" source="E7" target="E6"/>
  <move id="11" source="B3" target="B4"/>
  <move id="12" source="E5" target="E4"/>
  <move id="13" source="B4" target="B5"/>
  <move id="14" source="E6" target="E5"/>
  <move id="15" source="B5" target="B6"/>
  <move id="16" source="F6" target="F5"/>
  <move id="17" source="B6" target="A6"/>
  <move id="18" source="A7" target="A6"/>
  <move id="19" source="A6" target="A7"/>
  <move id="20" source="B8" target="B7"/>
  <move id="21" source="B7" target="C7"/>
  <move id="22" source="C8" target="C7"/>
  <move id="23" source="A7" target="A8"/>
  <move id="24" source="C7" target="B7"/>
  <move id="25" source="A8" target="A9"/>
  <move id="26" source="B9" target="A9"/>
  <move id="27" source="C3" target="C4"/>
  <move id="28" source="A9" target="B9"/>
  <move id="29" source="C4" target="B4"/>
  <move id="30" source="B7" target="C7"/>
  <move id="31" source="B4" target="B5"/>
  <move id="32" source="C7" target="C8"/>
  <move id="33" source="B5" target="B6"/>
  <move id="34" source="D8" target="D7"/>
  <move id="35" source="B6" target="B7"/>
  <move id="36" source="D7" target="C7"/>
  <move id="37" source="B7" target="A7"/>
  <move id="38" source="C7" target="B7"/>
  <move id="39" source="A7" target="A:"/>
  <move id="40" source="B7" target="B6"/>
  <move id="41" source="D4" target="C4"/>
  <move id="42" source="C8" target="B8"/>
  <move id="43" source="C4" target="B4"/>
  <move id="44" source="B8" target="A8"/>
  <move id="45" source="B4" target="B5"/>
  <move id="46" source="B6" target="B7"/>
  <move id="47" source="B5" target="B6"/>
  <move id="48" source="A8" target="B8"/>
  <move id="49" source="A4" target="A5"/>
  <move id="50" source="A:" target="A9"/>
  <move id="51" source="A5" target="A6"/>
  <move id="52" source="A9" target="A8"/>
  <move id="53" source="A6" target="A7"/>
  <move id="54" source="B7" target="B6"/>
  <move id="55" source="B6" target="B5"/>
  <move id="56" source="A8" target="A7"/>
  <move id="57" source="B5" target="B4"/>
  <move id="58" source="B8" target="B7"/>
  <move id="59" source="A7" target="A6"/>
  <move id="60" source="B7" target="B6"/>
  <move id="61" source="A6" target="A7"/>
  <move id="62" source="B9" target="B8"/>
  <move id="63" source="D3" target="C3"/>
  <move id="64" source="B8" target="A8"/>
  <move id="65" source="B4" target="C4"/>
  <move id="66" source="A8" target="A7"/>
  <move id="67" source="C3" target="B3"/>
  <move id="68" source="A7" target="A8"/>
  <move id="69" source="C4" target="D4"/>
  <move id="70" source="A8" target="A9"/>
  <move id="71" source="E3" target="D3"/>
  <move id="72" source="A9" target="B9"/>
  <move id="73" source="D3" target="C3"/>
  <move id="74" source="B6" target="B7"/>
  <move id="75" source="A3" target="A4"/>
  <move id="76" source="G7" target="F7"/>
  <move id="77" source="C3" target="C4"/>
  <move id="78" source="F7" target="F6"/>
  <move id="79" source="A4" target="A5"/>
  <move id="80" source="F8" target="F7"/>
  <move id="81" source="C4" target="B4"/>
  <move id="82" source="F7" target="E7"/>
  <move id="83" source="A5" target="A6"/>
  <move id="84" source="E8" target="D8"/>
  <move id="85" source="B4" target="B5"/>
  <move id="86" source="D8" target="C8"/>
  <move id="87" source="B5" target="B6"/>
  <move id="88" source="B7" target="C7"/>
  <move id="89" source="A6" target="A7"/>
  <move id="90" source="E7" target="D7"/>
  <move id="91" source="A7" target="A8"/>
  <move id="92" source="C8" target="B8"/>
  <move id="93" source="A8" target="B8"/>
  <move id="94" source="B9" target="A9"/>
  <move id="95" source="B8" target="A8"/>
  <move id="96" source="A9" target="B9"/>
  <move id="97" source="A8" target="B8"/>
  <move id="98" source="B9" target="A9"/>
  <move id="99" source="B8" target="B7"/>
  <move id="100" source="F5" target="F4"/>
  <move id="101" source="E4" target="F4"/>
  <move id="102" source="E5" target="F5"/>
  <move id="103" source="F4" target="E4"/>
  <move id="104" source="F5" target="F4"/>
  <move id="105" source="E4" target="E3"/>
  <move id="106" source="F6" target="F5"/>
  <move id="107" source="B3" target="A3"/>
  <move id="108" source="F4" target="F3"/>
  <move id="109" source="E3" target="D3"/>
  <move id="110" source="F3" target="F4"/>
  <move id="111" source="D3" target="C3"/>
  <move id="112" source="F5" target="E5"/>
  <move id="113" source="A3" target="A4"/>
  <move id="114" source="E5" target="E4"/>
  <move id="115" source="D4" target="D3"/>
  <move id="116" source="E4" target="D4"/>
  <move id="117" source="D3" target="E3"/>
  <move id="118" source="D4" target="C4"/>
  <move id="119" source="C3" target="C4"/>
  <move id="120" source="C4" target="B4"/>
  <move id="121" source="E3" target="E4"/>
  <move id="122" source="F4" target="F5"/>
  <move id="123" source="B7" target="B8"/>
  <move id="124" source="B4" target="B5"/>
  <move id="125" source="B6" target="B7"/>
  <move id="126" source="B5" target="B6"/>
  <move id="127" source="B7" target="C7"/>
  <move id="128" source="D7" target="C7"/>
  <move id="129" source="E4" target="E5"/>
  <move id="130" source="F5" target="F6"/>
  <move id="131" source="E5" target="E6"/>
  <move id="132" source="F6" target="F7"/>
  <move id="133" source="E6" target="E7"/>
  <move id="134" source="F7" target="F8"/>
  <move id="135" source="E7" target="F7"/>
  <move id="136" source="F8" target="E8"/>
  <move id="137" source="F7" target="F8"/>
  <move id="138" source="E8" target="E7"/>
  <move id="139" source="F8" target="F7"/>
  <move id="140" source="E7" target="E8"/>
  <move id="141" source="B8" target="C8"/>
  <move id="142" source="B6" target="B7"/>
  <move id="143" source="C8" target="D8"/>
  <move id="144" source="B7" target="B8"/>
  <move id="145" source="G4" target="F4"/>
  <move id="146" source="B8" target="C8"/>
  <move id="147" source="D8" target="E8"/>
  <move id="148" source="C8" target="D8"/>
  <move id="149" source="F4" target="E4"/>
  <move id="150" source="D8" target="E8"/>
  <move id="151" source="E4" target="E5"/>
  <move id="152" source="C7" target="C8"/>
  <move id="153" source="E5" target="E6"/>
  <move id="154" source="E8" target="F8"/>
  <move id="155" source="F7" target="E7"/>
  <move id="156" source="I7" target="I6"/>
  <move id="157" source="E6" target="F6"/>
  <move id="158" source="I6" target="I5"/>
  <move id="159" source="G3" target="F3"/>
  <move id="160" source="I5" target="I4"/>
  <move id="161" source="H4" target="I4"/>
  <move id="162" source="I8" target="I4"/>
  <move id="163" source="F3" target="E3"/>
  <move id="164" source="H8" target="I8"/>
  <move id="165" source="E3" target="D3"/>
  <move id="166" source="H7" target="H8"/>
  <move id="167" source="D3" target="C3"/>
  <move id="168" source="I8" target="I7"/>
  <move id="169" source="C3" target="B3"/>
  <move id="170" source="I7" target="I6"/>
  <move id="171" source="I4" target="H4"/>
  <move id="172" source="I6" target="I5"/>
  <move id="173" source="H4" target="G4"/>
  <move id="174" source="I5" target="I4"/>
  <move id="175" source="G4" target="G3"/>
  <move id="176" source="I4" target="H4"/>
  <move id="177" source="G3" target="F3"/>
  <move id="178" source="H4" target="G4"/>
  <move id="179" source="F3" target="E3"/>
  <move id="180" source="G4" target="F4"/>
  <move id="181" source="E3" target="D3"/>
  <move id="182" source="F4" target="F5"/>
  <move id="183" source="F6" target="E6"/>
  <move id="184" source="K7" target="F7"/>
  <move id="185" source="B3" target="A3"/>
  <move id="186" source="F7" target="F6"/>
  <move id="187" source="A4" target="B4"/>
  <move id="188" source="F6" target="E6"/>
  <move id="189" source="A3" target="A4"/>
  <move id="190" source="F5" target="F4"/>
  <move id="191" source="A4" target="A5"/>
  <move id="192" source="F4" target="E4"/>
  <move id="193" source="B4" target="B5"/>
  <move id="194" source="E4" target="D4"/>
  <move id="195" source="D3" target="E3"/>
  <move id="196" source="D4" target="C4"/>
  <move id="197" source="B5" target="B6"/>
  <move id="198" source="C4" target="B4"/>
  <move id="199" source="A5" target="A6"/>
  <move id="200" source="B4" target="B5"/>
  <move id="201" source="B6" target="B7"/>
  <move id="202" source="B5" target="B6"/>
  <move id="203" source="A6" target="A7"/>
  <move id="204" source="B6" target="B7"/>
  <move id="205" source="A7" target="A6"/>
  <move id="206" source="C8" target="B8"/>
  <move id="207" source="A6" target="A5"/>
  <move id="208" source="B7" target="B6"/>
  <move id="209" source="A5" target="A4"/>
  <move id="210" source="B6" target="B5"/>
  <move id="211" source="A4" target="A3"/>
  <move id="212" source="B5" target="B4"/>
  <move id="213" source="H3" target="H4"/>
  <move id="214" source="B8" target="A8"/>
  <move id="215" source="H4" target="G4"/>
  <move id="216" source="A8" target="A7"/>
  <move id="217" source="G4" target="F4"/>
  <move id="218" source="A7" target="A6"/>
  <move id="219" source="F4" target="E4"/>
  <move id="220" source="A6" target="A5"/>
  <move id="221" source="E4" target="D4"/>
  <move id="222" source="A5" target="A4"/>
  <move id="223" source="D4" target="C4"/>
  <move id="224" source="B4" target="B3"/>
  <move id="225" source="A3" target="A4"/>
  <move id="226" source="F8" target="E8"/>
  <move id="227" source="E7" target="D7"/>
  <move id="228" source="E8" target="D8"/>
  <move id="229" source="D7" target="C7"/>
  <move id="230" source="D8" target="C8"/>
  <move id="231" source="C7" target="B7"/>
  <move id="232" source="C8" target="B8"/>
  <move id="233" source="B7" target="A7"/>
  <move id="234" source="B8" target="A8"/>
  <move id="235" source="A7" target="B7"/>
  <move id="236" source="A8" target="A7"/>
  <move id="237" source="B7" target="B8"/>
  <move id="238" source="A7" target="A6"/>
  <move id="239" source="B8" target="A8"/>
  <move id="240" source="A9" target="B9"/>
  <move id="241" source="C4" target="C3"/>
  <move id="242" source="B3" target="B4"/>
  <move id="243" source="A4" target="A3"/>
  <move id="244" source="A6" target="A5"/>
  <move id="245" source="A8" target="B8"/>
  <move id="246" source="B9" target="A9"/>
  <move id="247" source="B8" target="C8"/>
  <move id="248" source="B4" target="A4"/>
  <move id="249" source="A3" target="B3"/>
  <move id="250" source="A5" target="B5"/>
  <move id="251" source="C3" target="C4"/>
  <move id="252" source="B5" target="B4"/>
  <move id="253" source="B3" target="C3"/>
  <move id="254" source="B4" target="C4"/>
  <move id="255" source="C3" target="D3"/>
  <move id="256" source="C4" target="D4"/>
  <move id="257" source="E3" target="F3"/>
  <move id="258" source="A4" target="B4"/>
  <move id="259" source="F3" target="G3"/>
  <move id="260" source="B4" target="B3"/>
  <move id="261" source="G3" target="H3"/>
  <move id="262" source="B3" target="C3"/>
  <move id="263" source="D3" target="E3"/>
  <move id="264" source="D4" target="E4"/>
  <move id="265" source="E3" target="F3"/>
  <move id="266" source="E4" target="F4"/>
  <move id="267" source="F3" target="G3"/>
  <move id="268" source="C3" target="D3"/>
  <move id="269" source="K4" target="K5"/>
  <move id="270" source="D3" target="E3"/>
  <move id="271" source="K5" target="K6"/>
  <move id="272" source="K8" target="K6"/>
  <move id="273" source="K6" target="K7"/>
  <move id="274" source="I9" target="I8"/>
  <move id="275" source="K3" target="K4"/>
  <move id="276" source="E3" target="F3"/>
  <move id="277" source="K4" target="I4"/>
  <move id="278" source="F3" target="G3"/>
  <move id="279" source="I4" target="H4"/>
  <move id="280" source="G3" target="G4"/>
  <move id="281" source="H4" target="I4"/>
  <move id="282" source="G4" target="H4"/>
  <move id="283" source="I4" target="I5"/>
  <move id="284" source="I8" target="K8"/>
  <move id="285" source="K7" target="I7"/>
  <move id="286" source="F4" target="F5"/>
  <move id="287" source="I5" target="I6"/>
  <move id="288" source="F5" target="F6"/>
  <move id="289" source="I7" target="H7"/>
  <move id="290" source="F6" target="F7"/>
  <move id="291" source="I6" target="I7"/>
  <move id="292" source="H4" target="I4"/>
  <move id="293" source="I3" target="I4"/>
  <move id="294" source="H8" target="H7"/>
  <move id="295" source="I7" target="I8"/>
  <move id="296" source="K8" target="I8"/>
  <move id="297" source="I4" target="I5"/>
  <move id="298" source="I8" target="H8"/>
  <move id="299" source="I5" target="I6"/>
  <move id="300" source="H7" target="G7"/>
  <move id="301" source="I6" target="I7"/>
  <move id="302" source="F7" target="F8"/>
  <move id="303" source="I7" target="H7"/>
  <move id="304" source="G7" target="F7"/>
  <move id="305" source="H7" target="H8"/>
  <move id="306" source="F7" target="F6"/>
  <move id="307" source="H3" target="I3"/>
  <move id="308" source="F8" target="F7"/>
  <move id="309" source="H8" target="H7"/>
  <move id="310" source="F7" target="G7"/>
  <move id="311" source="H7" target="I7"/>
  <move id="312" source="G7" target="H7"/>
  <move id="313" source="I7" target="I6"/>
  <move id="314" source="H7" target="I7"/>
  <move id="315" source="I6" target="I5"/>
  <move id="316" source="I7" target="I6"/>
  <move id="317" source="I5" target="I4"/>
  <move id="318" source="F6" target="F7"/>
  <move id="319" source="C8" target="C7"/>
  <move id="320" source="G8" target="H8"/>
  <move id="321" source="C7" target="D7"/>
  <move id="322" source="G9" target="G8"/>
  <move id="323" source="D7" target="E7"/>
  <move id="324" source="F7" target="G7"/>
  <move id="325" source="E7" target="D7"/>
  <move id="326" source="G8" target="F8"/>
  <move id="327" source="D7" target="C7"/>
  <move id="328" source="F8" target="E8"/>
  <move id="329" source="C7" target="B7"/>
  <move id="330" source="E8" target="D8"/>
  <move id="331" source="B7" target="A7"/>
  <move id="332" source="A9" target="B9"/>
  <move id="333" source="A7" target="A8"/>
  <move id="334" source="D8" target="C8"/>
  <move id="335" source="B2" target="B3"/>
  <move id="336" source="C8" target="C7"/>
  <move id="337" source="B3" target="C3"/>
  <move id="338" source="C7" target="B7"/>
  <move id="339" source="C3" target="C4"/>
  <move id="340" source="G7" target="G8"/>
  <move id="341" source="C4" target="D4"/>
  <move id="342" source="I:" target="I9"/>
  <move id="343" source="D4" target="E4"/>
  <move id="344" source="I9" target="I8"/>
  <move id="345" source="E4" target="E5"/>
  <move id="346" source="I8" target="I7"/>
  <move id="347" source="E5" target="E6"/>
  <move id="348" source="G8" target="F8"/>
  <move id="349" source="E6" target="E7"/>
  <move id="350" source="I7" target="E7"/>
  <move id="351" source="A2" target="A3"/>
  <move id="352" source="F8" target="F7"/>
  <move id="353" source="A3" target="B3"/>
  <move id="354" source="F7" target="F6"/>
  <move id="355" source="B3" target="C3"/>
  <move id="356" source="F6" target="F5"/>
  <move id="357" source="C3" target="D3"/>
  <move id="358" source="F5" target="F4"/>
  <move id="359" source="D3" target="E3"/>
  <move id="360" source="K:" target="I:"/>
  <move id="361" source="E3" target="E4"/>
  <move id="362" source="F4" target="E4"/>
  <move id="363" source="I4" target="H4"/>
  <move id="364" source="I6" target="I7"/>
  <move id="365" source="H4" target="G4"/>
  <move id="366" source="E4" target="E5"/>
  <move id="367" source="G4" target="F4"/>
  <move id="368" source="I7" target="H7"/>
  <move id="369" source="F4" target="F5"/>
  <move id="370" source="E5" target="E6"/>
  <move id="371" source="F5" target="F6"/>
  <move id="372" source="E6" target="E5"/>
  <move id="373" source="F6" target="F7"/>
  <move id="374" source="H7" target="G7"/>
  <move id="375" source="F7" target="E7"/>
  <move id="376" source="G7" target="F7"/>
  <move id="377" source="E7" target="D7"/>
  <move id="378" source="F7" target="E7"/>
  <move id="379" source="D7" target="C7"/>
  <move id="380" source="B7" target="A7"/>
  <move id="381" source="C7" target="B7"/>
  <move id="382" source="A7" target="A8"/>
  <move id="383" source="B7" target="B6"/>
  <move id="384" source="E5" target="E4"/>
  <move id="385" source="B6" target="B5"/>
  <move id="386" source="E4" target="E3"/>
  <move id="387" source="B5" target="B4"/>
  <move id="388" source="K9" target="K8"/>
  <move id="389" source="B4" target="C4"/>
  <move id="390" source="K8" target="K7"/>
  <move id="391" source="C4" target="D4"/>
  <move id="392" source="K7" target="K6"/>
  <move id="393" source="I3" target="I4"/>
  <move id="394" source="K6" target="K5"/>
  <move id="395" source="I4" target="K4"/>
  <move id="396" source="K5" target="K4"/>
  <move id="397" source="K2" target="K3"/>
  <move id="398" source="H8" target="I8"/>
  <move id="399" source="K3" target="I3"/>
  <move id="400" source="I8" target="I7"/>
  <move id="401" source="I3" target="H3"/>
  <move id="402" source="I7" target="I6"/>
  <move id="403" source="H3" target="H4"/>
  <move id="404" source="E7" target="E6"/>
  <move id="405" source="H4" target="G4"/>
  <move id="406" source="E6" target="E5"/>
  <move id="407" source="K4" target="K5"/>
  <move id="408" source="E5" target="E4"/>
  <move id="409" source="D4" target="C4"/>
  <move id="410" source="I6" target="I5"/>
  <move id="411" source="K5" target="I5"/>
  <move id="412" source="I:" target="I9"/>
  <move id="413" source="H2" target="H3"/>
  <move id="414" source="I9" target="I8"/>
  <move id="415" source="H3" target="G3"/>
  <move id="416" source="I8" target="H8"/>
  <move id="417" source="G3" target="F3"/>
  <move id="418" source="H8" target="G8"/>
  <move id="419" source="G4" target="F4"/>
  <move id="420" source="E4" target="F4"/>
  <move id="421" source="F3" target="E3"/>
  <move id="422" source="G8" target="H8"/>
  <move id="423" source="C4" target="B4"/>
  <move id="424" source="H8" target="I8"/>
  <move id="425" source="B4" target="B5"/>
  <move id="426" source="I8" target="I7"/>
  <move id="427" source="B5" target="B6"/>
  <move id="428" source="I7" target="I6"/>
  <move id="429" source="B6" target="B7"/>
  <move id="430" source="I6" target="I5"/>
  <move id="431" source="B7" target="B8"/>
  <move id="432" source="I5" target="I4"/>
  <move id="433" source="B8" target="B9"/>
  <move id="434" source="I4" target="I3"/>
  <move id="435" source="B9" target="B8"/>
  <move id="436" source="I3" target="I2"/>
  <move id="437" source="I1" target="I2"/>
  <move id="438" source="H9" target="H8"/>
  <move id="439" source="B8" target="C8"/>
  <move id="440" source="H8" target="I8"/>
  <move id="441" source="C8" target="D8"/>
  <move id="442" source="I8" target="I7"/>
  <move id="443" source="D8" target="E8"/>
  <move id="444" source="I7" target="I6"/>
  <move id="445" source="E8" target="F8"/>
  <move id="446" source="I6" target="I5"/>
  <move id="447" source="A1" target="A2"/>
  <move id="448" source="I5" target="I4"/>
  <move id="449" source="A2" target="A3"/>
  <move id="450" source="I4" target="H4"/>
  <move id="451" source="A3" target="A4"/>
  <move id="452" source="H4" target="G4"/>
  <move id="453" source="A4" target="A5"/>
  <move id="454" source="G4" target="G3"/>
  <move id="455" source="G2" target="G3"/>
  <move id="456" source="F4" target="F5"/>
  <move id="457" source="A5" target="A6"/>
  <move id="458" source="F5" target="F6"/>
  <move id="459" source="A6" target="A7"/>
  <move id="460" source="F6" target="F7"/>
  <move id="461" source="F8" target="E8"/>
  <move id="462" source="F7" target="E7"/>
  <move id="463" source="E8" target="F8"/>
  <move id="464" source="E7" target="F7"/>
  <move id="465" source="F8" target="G8"/>
  <move id="466" source="F7" target="G7"/>
  <move id="467" source="G8" target="F8"/>
  <move id="468" source="G7" target="F7"/>
  <move id="469" source="F8" target="E8"/>
  <move id="470" source="F7" target="F6"/>
  <move id="471" source="E3" target="E4"/>
  <move id="472" source="F6" target="F5"/>
  <move id="473" source="A7" target="A8"/>
  <move id="474" source="H:" target="H9"/>
  <move id="475" source="E8" target="F8"/>
  <move id="476" source="H9" target="H8"/>
  <move id="477" source="F8" target="G8"/>
  <move id="478" source="H8" target="H7"/>
  <move id="479" source="G8" target="G7"/>
  <move id="480" source="H7" target="I7"/>
  <move id="481" source="K1" target="K2"/>
  <move id="482" source="I7" target="I6"/>
  <move id="483" source="K2" target="K3"/>
  <move id="484" source="I6" target="I5"/>
  <move id="485" source="K3" target="K4"/>
  <move id="486" source="F5" target="F4"/>
  <move id="487" source="E4" target="E5"/>
  <move id="488" source="F4" target="G4"/>
  <move id="489" source="E5" target="E6"/>
  <move id="490" source="G4" target="H4"/>
  <move id="491" source="E6" target="E7"/>
  <move id="492" source="I5" target="I4"/>
  <move id="493" source="K4" target="I4"/>
  <move id="494" source="H4" target="I4"/>
  <move id="495" source="E7" target="E8"/>
  <move id="496" source="I4" target="H4"/>
  <move id="497" source="G7" target="H7"/>
  <move id="498" source="H4" target="G4"/>
  <move id="499" source="D2" target="D3"/>
  <move id="500" source="G4" target="F4"/>
  <move id="501" source="D3" target="E3"/>
  <move id="502" source="F4" target="E4"/>
  <move id="503" source="E3" target="F3"/>
  <move id="504" source="E4" target="E5"/>
  <move id="505" source="E8" target="D8"/>
  <move id="506" source="E5" target="E6"/>
  <move id="507" source="H7" target="H8"/>
  <move id="508" source="E6" target="E7"/>
  <move id="509" source="A8" target="A9"/>
  <move id="510" source="E7" target="E8"/>
  <move id="511" source="D8" target="D7"/>
  <move id="512" source="E8" target="D8"/>
  <move id="513" source="D7" target="E7"/>
  <move id="514" source="D8" target="C8"/>
  <move id="515" source="H8" target="H9"/>
  <move id="516" source="C8" target="C7"/>
  <move id="517" source="E7" target="E8"/>
  <move id="518" source="C7" target="B7"/>
  <move id="519" source="F3" target="G3"/>
  <move id="520" source="B7" target="A7"/>
  <move id="521" source="A9" target="B9"/>
  <move id="522" source="A7" target="A8"/>
  <move id="523" source="E8" target="E7"/>
  <move id="524" source="A8" target="A9"/>
  <move id="525" source="B9" target="B8"/>
  <move id="526" source="A9" target="A8"/>
  <move id="527" source="B8" target="B9"/>
  <move id="528" source="A8" target="A7"/>
  <move id="529" source="E7" target="E8"/>
  <move id="530" source="A7" target="B7"/>
  <move id="531" source="B9" target="A9"/>
  <move id="532" source="B7" target="A7"/>
  <move id="533" source="A9" target="B9"/>
  <move id="534" source="A7" target="A8"/>
  <move id="535" source="E8" target="E7"/>
  <move id="536" source="A8" target="B8"/>
  <move id="537" source="B9" target="A9"/>
  <move id="538" source="B8" target="B7"/>
  <move id="539" source="E7" target="E8"/>
  <move id="540" source="B:" target="B9"/>
  <move id="541" source="G3" target="F3"/>
  <move id="542" source="B9" target="B8"/>
  <move id="543" source="F3" target="E3"/>
  <move id="544" source="B7" target="B6"/>
  <move id="545" source="E3" target="D3"/>
  <move id="546" source="B6" target="B5"/>
  <move id="547" source="D3" target="C3"/>
  <move id="548" source="B5" target="B4"/>
  <move id="549" source="A9" target="A8"/>
  <move id="550" source="B8" target="B7"/>
  <move id="551" source="A8" target="A7"/>
  <move id="552" source="B7" target="B6"/>
  <move id="553" source="A7" target="A6"/>
  <move id="554" source="B6" target="B5"/>
  <move id="555" source="A6" target="A5"/>
  <move id="556" source="B5" target="B6"/>
  <move id="557" source="E8" target="D8"/>
  <move id="558" source="F9" target="F8"/>
  <move id="559" source="C3" target="D3"/>
  <move id="560" source="F8" target="F7"/>
  <move id="561" source="D3" target="E3"/>
  <move id="562" source="F7" target="F6"/>
  <move id="563" source="E3" target="E4"/>
  <move id="564" source="F6" target="F5"/>
  <move id="565" source="E4" target="F4"/>
  <move id="566" source="F5" target="E5"/>
  <move id="567" source="D8" target="E8"/>
  <move id="568" source="B4" target="C4"/>
  <move id="569" source="E8" target="E7"/>
  <move id="570" source="C4" target="D4"/>
  <move id="571" source="E7" target="E6"/>
  <move id="572" source="E5" target="E4"/>
  <move id="573" source="F4" target="E4"/>
  <move id="574" source="D4" target="E4"/>
  <move id="575" source="E6" target="E7"/>
  <move id="576" source="E4" target="D4"/>
  <move id="577" source="E7" target="D7"/>
  <move id="578" source="D4" target="C4"/>
  <move id="579" source="D7" target="C7"/>
  <move id="580" source="C4" target="B4"/>
  <move id="581" source="H9" target="H8"/>
  <move id="582" source="B4" target="A4"/>
  <move id="583" source="A5" target="B5"/>
  <move id="584" source="B6" target="A6"/>
  <move id="585" source="H8" target="G8"/>
  <move id="586" source="A4" target="B4"/>
  <move id="587" source="B5" target="A5"/>
  <move id="588" source="A6" target="B6"/>
  <move id="589" source="G8" target="F8"/>
  <move id="590" source="B6" target="B5"/>
  <move id="591" source="C7" target="B7"/>
  <move id="592" source="B4" target="B3"/>
  <move id="593" source="A5" target="B5"/>
  <move id="594" source="B3" target="B4"/>
  <move id="595" source="B7" target="C7"/>
  <move id="596" source="B4" target="B5"/>
  <move id="597" source="C7" target="D7"/>
  <move id="598" source="B5" target="B6"/>
  <move id="599" source="F8" target="G8"/>
  <move id="600" source="B6" target="B7"/>
  <move id="601" source="D7" target="E7"/>
  <move id="602" source="B7" target="C7"/>
  <move id="603" source="E7" target="E6"/>
  <move id="604" source="C7" target="D7"/>
  <move id="605" source="E6" target="E5"/>
  <move id="606" source="D7" target="E7"/>
  <move id="607" source="E5" target="E4"/>
  <move id="608" source="E7" target="E6"/>
  <move id="609" source="E4" target="D4"/>
  <move id="610" source="E6" target="E5"/>
  <move id="611" source="D4" target="D3"/>
  <move id="612" source="E5" target="E4"/>
  <move id="613" source="G8" target="F8"/>
  <move id="614" source="E4" target="E3"/>
  <move id="615" source="D3" target="D4"/>
  <move id="616" source="E3" target="E2"/>
  <move id="617" source="F8" target="E8"/>
  <move id="618" source="E2" target="E3"/>
  <move id="619" source="E8" target="D8"/>
  <move id="620" source="E3" target="E2"/>
  <move id="621" source="D4" target="E4"/>
  <move id="622" source="E2" target="D2"/>
  <move id="623" source="E4" target="F4"/>
  <move id="624" source="D2" target="E2"/>
  <move id="625" source="F4" target="F5"/>
  <move id="626" source="E2" target="E3"/>
  <move id="627" source="D8" target="C8"/>
  <move id="628" source="E3" target="E4"/>
  <move id="629" source="C2" target="C3"/>
  <move id="630" source="E4" target="E3"/>
  <move id="631" source="C3" target="C4"/>
  <move id="632" source="E3" target="E2"/>
  <move id="633" source="C4" target="D4"/>
  <move id="634" source="E2" target="D2"/>
  <move id="635" source="D4" target="C4"/>
  <player id="1">Player 1</player>
  <player id="2">Player 2</player>
  <result type="3" winner="1"/>
 </game>
</stratego>