<?xml version="1.0" encoding="UTF-8"?>
<stratego>
 <game type="classic">
  
  <field content="EGFHEBMBGEHDBDDDBIEFDIDLDKCDFBEGJFIHJHBGAA__AA__AAAA__AA__AARSTSRRTVSNNSQVXWOQTNNUTPPPPNURYNQPUPPPQQ"/>
  <move id="1" source="E4" target="E5"/>
  <move id="2" source="E7" target="E6"/>
  <move id="3" source="E3" target="E4"/>
  <move id="4" source="F7" target="F6"/>
  <move id="5" source="E5" target="E6"/>
  <move id="6" source="D7" target="E7"/>
  <move id="7" source="E6" target="F6"/>
  <move id="8" source="C7" target="D7"/>
  <move id="9" source="F6" target="F5"/>
  <move id="10" source="I7" target="I6"/>
  <move id="11" source="E4" target="E5"/>
  <move id="12" source="F8" target="F7"/>
  <move id="13" source="E5" target="E6"/>
  <move id="14" source="G8" target="F8"/>
  <move id="15" source="F5" target="E5"/>
  <move id="16" source="I8" target="I7"/>
  <move id="17" source="K4" target="K5"/>
  <move id="18" source="B7" target="B6"/>
  <move id="19" source="K5" target="I5"/>
  <move id="20" source="E7" target="E6"/>
  <move id="21" source="E5" target="E6"/>
  <move id="22" source="D7" target="E7"/>
  <move id="23" source="E6" target="E5"/>
  <move id="24" source="A7" target="A6"/>
  <move id="25" source="E5" target="E4"/>
  <move id="26" source="G9" target="G8"/>
  <move id="27" source="E4" target="E3"/>
  <move id="28" source="E7" target="E6"/>
  <move id="29" source="D4" target="E4"/>
  <move id="30" source="D8" target="D7"/>
  <move id="31" source="E4" target="E5"/>
  <move id="32" source="E6" target="E7"/>
  <move id="33" source="E5" target="E6"/>
  <move id="34" source="D9" target="D8"/>
  <move id="35" source="E3" target="E4"/>
  <move id="36" source="E9" target="D9"/>
  <move id="37" source="E4" target="D4"/>
  <move id="38" source="E8" target="E9"/>
  <move id="39" source="D4" target="E4"/>
  <move id="40" source="D8" target="E8"/>
  <move id="41" source="E2" target="E3"/>
  <move id="42" source="D7" target="D8"/>
  <move id="43" source="E4" target="D4"/>
  <move id="44" source="E7" target="D7"/>
  <move id="45" source="E3" target="E4"/>
  <move id="46" source="E8" target="E7"/>
  <move id="47" source="E4" target="E3"/>
  <move id="48" source="E9" target="E8"/>
  <move id="49" source="D4" target="E4"/>
  <move id="50" source="E7" target="E6"/>
  <move id="51" source="E4" target="D4"/>
  <move id="52" source="D7" target="E7"/>
  <move id="53" source="E6" target="E5"/>
  <move id="54" source="C8" target="C7"/>
  <move id="55" source="E5" target="E4"/>
  <move id="56" source="C9" target="C8"/>
  <move id="57" source="E3" target="E2"/>
  <move id="58" source="A6" target="A5"/>
  <move id="59" source="E4" target="E3"/>
  <move id="60" source="A5" target="A4"/>
  <move id="61" source="B4" target="A4"/>
  <move id="62" source="C7" target="D7"/>
  <move id="63" source="A4" target="A5"/>
  <move id="64" source="C8" target="C7"/>
  <move id="65" source="A3" target="A4"/>
  <move id="66" source="C7" target="B7"/>
  <move id="67" source="A4" target="B4"/>
  <move id="68" source="B7" target="A7"/>
  <move id="69" source="A5" target="B5"/>
  <move id="70" source="B6" target="B7"/>
  <move id="71" source="B5" target="B6"/>
  <move id="72" source="B7" target="C7"/>
  <move id="73" source="B4" target="B5"/>
  <move id="74" source="A7" target="B7"/>
  <move id="75" source="B6" target="A6"/>
  <move id="76" source="D8" target="C8"/>
  <move id="77" source="A6" target="A5"/>
  <move id="78" source="C8" target="C9"/>
  <move id="79" source="A5" target="A4"/>
  <move id="80" source="B8" target="C8"/>
  <move id="81" source="A4" target="B4"/>
  <move id="82" source="B7" target="B8"/>
  <move id="83" source="B5" target="A5"/>
  <move id="84" source="C7" target="B7"/>
  <move id="85" source="B4" target="B5"/>
  <move id="86" source="B7" target="A7"/>
  <move id="87" source="A5" target="A6"/>
  <move id="88" source="B8" target="B7"/>
  <move id="89" source="A6" target="B6"/>
  <move id="90" source="B7" target="B6"/>
  <move id="91" source="B5" target="A5"/>
  <move id="92" source="B6" target="A6"/>
  <move id="93" source="A5" target="A4"/>
  <move id="94" source="A6" target="A5"/>
  <move id="95" source="A4" target="A3"/>
  <move id="96" source="A5" target="A4"/>
  <move id="97" source="B3" target="B4"/>
  <move id="98" source="A4" target="A3"/>
  <move id="99" source="C3" target="B3"/>
  <move id="100" source="A3" target="A4"/>
  <move id="101" source="B4" target="B5"/>
  <move id="102" source="A4" target="A5"/>
  <move id="103" source="B5" target="B6"/>
  <move id="104" source="A5" target="B5"/>
  <move id="105" source="B3" target="B4"/>
  <move id="106" source="B5" target="B6"/>
  <move id="107" source="B4" target="B5"/>
  <move id="108" source="C8" target="C7"/>
  <move id="109" source="B5" target="A5"/>
  <move id="110" source="E8" target="D8"/>
  <move id="111" source="A5" target="A6"/>
  <move id="112" source="D8" target="C8"/>
  <move id="113" source="B6" target="B5"/>
  <move id="114" source="C8" target="B8"/>
  <move id="115" source="A6" target="B6"/>
  <move id="116" source="B8" target="B7"/>
  <move id="117" source="B5" target="B4"/>
  <move id="118" source="B7" target="B6"/>
  <move id="119" source="D4" target="E4"/>
  <move id="120" source="B6" target="B5"/>
  <move id="121" source="B4" target="B3"/>
  <move id="122" source="B5" target="B4"/>
  <move id="123" source="D3" target="C3"/>
  <move id="124" source="B4" target="B3"/>
  <move id="125" source="E4" target="E5"/>
  <move id="126" source="F8" target="E8"/>
  <move id="127" source="E5" target="E6"/>
  <move id="128" source="B3" target="B4"/>
  <move id="129" source="C4" target="D4"/>
  <move id="130" source="B4" target="B5"/>
  <move id="131" source="F4" target="F5"/>
  <move id="132" source="B5" target="B6"/>
  <move id="133" source="F5" target="F6"/>
  <move id="134" source="B6" target="B7"/>
  <move id="135" source="F6" target="F7"/>
  <move id="136" source="G8" target="G9"/>
  <move id="137" source="F3" target="F4"/>
  <move id="138" source="G7" target="G8"/>
  <move id="139" source="F4" target="F5"/>
  <move id="140" source="E8" target="F8"/>
  <move id="141" source="F5" target="F6"/>
  <move id="142" source="H7" target="G7"/>
  <move id="143" source="E3" target="E4"/>
  <move id="144" source="B7" target="B8"/>
  <move id="145" source="E4" target="E5"/>
  <move id="146" source="B8" target="C8"/>
  <move id="147" source="C3" target="D3"/>
  <move id="148" source="C8" target="D8"/>
  <move id="149" source="D3" target="E3"/>
  <move id="150" source="D8" target="E8"/>
  <move id="151" source="E3" target="F3"/>
  <move id="152" source="E7" target="E6"/>
  <move id="153" source="E5" target="F5"/>
  <move id="154" source="D9" target="E9"/>
  <move id="155" source="F3" target="F4"/>
  <move id="156" source="E8" target="D8"/>
  <move id="157" source="G3" target="F3"/>
  <move id="158" source="E9" target="E8"/>
  <move id="159" source="H3" target="G3"/>
  <move id="160" source="E8" target="E7"/>
  <move id="161" source="E6" target="E5"/>
  <move id="162" source="E7" target="E6"/>
  <move id="163" source="E5" target="E4"/>
  <move id="164" source="E6" target="E5"/>
  <move id="165" source="F5" target="E5"/>
  <move id="166" source="F9" target="E9"/>
  <move id="167" source="E5" target="E6"/>
  <move id="168" source="D8" target="E8"/>
  <move id="169" source="E4" target="E3"/>
  <move id="170" source="D7" target="D8"/>
  <move id="171" source="E3" target="D3"/>
  <move id="172" source="C7" target="D7"/>
  <move id="173" source="G3" target="H3"/>
  <move id="174" source="D7" target="E7"/>
  <move id="175" source="G4" target="G3"/>
  <move id="176" source="E7" target="E6"/>
  <move id="177" source="F6" target="F5"/>
  <move id="178" source="E8" target="E7"/>
  <move id="179" source="F3" target="E3"/>
  <move id="180" source="E6" target="F6"/>
  <move id="181" source="F5" target="E5"/>
  <move id="182" source="E7" target="D7"/>
  <move id="183" source="H4" target="G4"/>
  <move id="184" source="E9" target="E6"/>
  <move id="185" source="E5" target="F5"/>
  <move id="186" source="E6" target="E5"/>
  <move id="187" source="H3" target="H4"/>
  <move id="188" source="E5" target="F5"/>
  <move id="189" source="F5" target="F6"/>
  <move id="190" source="D:" target="D9"/>
  <move id="191" source="F6" target="F7"/>
  <move id="192" source="D7" target="E7"/>
  <move id="193" source="F4" target="E4"/>
  <move id="194" source="D9" target="E9"/>
  <move id="195" source="E4" target="E5"/>
  <move id="196" source="E7" target="F7"/>
  <move id="197" source="E5" target="F5"/>
  <move id="198" source="E9" target="E5"/>
  <move id="199" source="F5" target="F6"/>
  <move id="200" source="F7" target="F6"/>
  <move id="201" source="D4" target="E4"/>
  <move id="202" source="F8" target="F7"/>
  <move id="203" source="E4" target="E5"/>
  <move id="204" source="F7" target="F6"/>
  <move id="205" source="E5" target="E6"/>
  <move id="206" source="G7" target="F7"/>
  <move id="207" source="E6" target="F6"/>
  <move id="208" source="F7" target="F6"/>
  <move id="209" source="E3" target="E4"/>
  <move id="210" source="C9" target="C8"/>
  <move id="211" source="E4" target="E5"/>
  <move id="212" source="D8" target="D9"/>
  <move id="213" source="E5" target="E6"/>
  <move id="214" source="C8" target="D8"/>
  <move id="215" source="E6" target="E7"/>
  <move id="216" source="G9" target="F9"/>
  <move id="217" source="E7" target="F7"/>
  <move id="218" source="D8" target="E8"/>
  <move id="219" source="F7" target="G7"/>
  <move id="220" source="I6" target="I5"/>
  <move id="221" source="G7" target="H7"/>
  <move id="222" source="I7" target="I6"/>
  <move id="223" source="H7" target="I7"/>
  <move id="224" source="I6" target="K6"/>
  <move id="225" source="I7" target="I6"/>
  <move id="226" source="K6" target="K5"/>
  <move id="227" source="I6" target="I5"/>
  <move id="228" source="K5" target="K4"/>
  <move id="229" source="I5" target="K5"/>
  <move id="230" source="K4" target="K3"/>
  <move id="231" source="K5" target="I5"/>
  <move id="232" source="E8" target="E7"/>
  <move id="233" source="I5" target="I6"/>
  <move id="234" source="E7" target="F7"/>
  <move id="235" source="G3" target="F3"/>
  <move id="236" source="F7" target="G7"/>
  <move id="237" source="F3" target="F4"/>
  <move id="238" source="F9" target="F5"/>
  <move id="239" source="I6" target="I7"/>
  <move id="240" source="G7" target="H7"/>
  <move id="241" source="F4" target="E4"/>
  <move id="242" source="H7" target="I7"/>
  <move id="243" source="F2" target="F5"/>
  <move id="244" source="F:" target="F4"/>
  <move id="245" source="G4" target="F4"/>
  <move id="246" source="I7" target="H7"/>
  <move id="247" source="E4" target="E5"/>
  <move id="248" source="H7" target="G7"/>
  <move id="249" source="E5" target="E6"/>
  <move id="250" source="G7" target="F7"/>
  <move id="251" source="F4" target="E4"/>
  <move id="252" source="F7" target="E7"/>
  <move id="253" source="E6" target="F6"/>
  <move id="254" source="G:" target="F:"/>
  <move id="255" source="E4" target="D4"/>
  <move id="256" source="F:" target="F7"/>
  <move id="257" source="D4" target="C4"/>
  <move id="258" source="F7" target="F6"/>
  <move id="259" source="C4" target="B4"/>
  <move id="260" source="B9" target="B8"/>
  <move id="261" source="B4" target="A4"/>
  <move id="262" source="B8" target="B7"/>
  <move id="263" source="D3" target="D4"/>
  <move id="264" source="B7" target="B6"/>
  <move id="265" source="D4" target="C4"/>
  <move id="266" source="E:" target="E9"/>
  <move id="267" source="C4" target="B4"/>
  <move id="268" source="E9" target="E8"/>
  <move id="269" source="B4" target="B5"/>
  <move id="270" source="B6" target="B5"/>
  <move id="271" source="A4" target="A5"/>
  <move id="272" source="E8" target="D8"/>
  <move id="273" source="A5" target="A6"/>
  <move id="274" source="D8" target="C8"/>
  <move id="275" source="A6" target="B6"/>
  <move id="276" source="C8" target="B8"/>
  <move id="277" source="B6" target="A6"/>
  <move id="278" source="B8" target="B7"/>
  <move id="279" source="E2" target="E3"/>
  <move id="280" source="H8" target="H7"/>
  <move id="281" source="E3" target="E4"/>
  <move id="282" source="H7" target="I7"/>
  <move id="283" source="E4" target="D4"/>
  <move id="284" source="I7" target="I6"/>
  <move id="285" source="A6" target="A5"/>
  <move id="286" source="B7" target="B6"/>
  <move id="287" source="D4" target="C4"/>
  <move id="288" source="I9" target="I8"/>
  <move id="289" source="C4" target="D4"/>
  <move id="290" source="I6" target="I5"/>
  <move id="291" source="D4" target="E4"/>
  <move id="292" source="I5" target="K5"/>
  <move id="293" source="E4" target="F4"/>
  <move id="294" source="K5" target="K4"/>
  <move id="295" source="F4" target="G4"/>
  <move id="296" source="K4" target="K3"/>
  <move id="297" source="I3" target="K3"/>
  <move id="298" source="I8" target="I7"/>
  <move id="299" source="K3" target="K4"/>
  <move id="300" source="I7" target="I6"/>
  <move id="301" source="K4" target="K5"/>
  <move id="302" source="I6" target="K6"/>
  <move id="303" source="K5" target="I5"/>
  <move id="304" source="K6" target="I6"/>
  <move id="305" source="I5" target="K5"/>
  <move id="306" source="I6" target="I5"/>
  <move id="307" source="K5" target="K6"/>
  <move id="308" source="G8" target="H8"/>
  <move id="309" source="K6" target="K7"/>
  <move id="310" source="D9" target="E9"/>
  <move id="311" source="G4" target="G3"/>
  <move id="312" source="E9" target="F9"/>
  <move id="313" source="G3" target="H3"/>
  <move id="314" source="F9" target="F8"/>
  <move id="315" source="H3" target="I3"/>
  <move id="316" source="F8" target="G8"/>
  <move id="317" source="I3" target="K3"/>
  <move id="318" source="G8" target="G7"/>
  <move id="319" source="K3" target="K4"/>
  <move id="320" source="G7" target="H7"/>
  <move id="321" source="K4" target="K3"/>
  <move id="322" source="H7" target="I7"/>
  <move id="323" source="K3" target="I3"/>
  <move id="324" source="I5" target="K5"/>
  <move id="325" source="I3" target="H3"/>
  <move id="326" source="I7" target="I6"/>
  <move id="327" source="H3" target="I3"/>
  <move id="328" source="I6" target="I5"/>
  <move id="329" source="H4" target="G4"/>
  <move id="330" source="K5" target="K4"/>
  <move id="331" source="G4" target="F4"/>
  <move id="332" source="K4" target="K3"/>
  <move id="333" source="F4" target="E4"/>
  <move id="334" source="K3" target="I3"/>
  <move id="335" source="E4" target="D4"/>
  <move id="336" source="I5" target="K5"/>
  <move id="337" source="F6" target="F5"/>
  <move id="338" source="K5" target="K4"/>
  <move id="339" source="F5" target="F4"/>
  <move id="340" source="K4" target="I4"/>
  <move id="341" source="F4" target="G4"/>
  <move id="342" source="I3" target="K3"/>
  <move id="343" source="G4" target="H4"/>
  <move id="344" source="I4" target="I3"/>
  <move id="345" source="H4" target="H3"/>
  <move id="346" source="I3" target="I2"/>
  <move id="347" source="H3" target="I3"/>
  <move id="348" source="K3" target="K4"/>
  <move id="349" source="I3" target="I4"/>
  <move id="350" source="K4" target="K5"/>
  <move id="351" source="I4" target="I5"/>
  <move id="352" source="K5" target="K4"/>
  <move id="353" source="I5" target="I4"/>
  <move id="354" source="K4" target="K5"/>
  <move id="355" source="I4" target="I5"/>
  <move id="356" source="K5" target="K6"/>
  <move id="357" source="I5" target="I6"/>
  <move id="358" source="E7" target="E6"/>
  <move id="359" source="I6" target="K6"/>
  <move id="360" source="E6" target="E5"/>
  <move id="361" source="K6" target="I6"/>
  <move id="362" source="E5" target="E4"/>
  <move id="363" source="D4" target="D3"/>
  <move id="364" source="E4" target="D4"/>
  <move id="365" source="D3" target="E3"/>
  <move id="366" source="D4" target="E4"/>
  <move id="367" source="E3" target="F3"/>
  <move id="368" source="E4" target="F4"/>
  <move id="369" source="F3" target="E3"/>
  <move id="370" source="F4" target="E4"/>
  <move id="371" source="E3" target="I3"/>
  <move id="372" source="B6" target="A6"/>
  <move id="373" source="A5" target="B5"/>
  <move id="374" source="A6" target="B6"/>
  <move id="375" source="B5" target="A5"/>
  <move id="376" source="B6" target="A6"/>
  <move id="377" source="A5" target="B5"/>
  <move id="378" source="E4" target="D4"/>
  <move id="379" source="I6" target="I7"/>
  <move id="380" source="D4" target="C4"/>
  <move id="381" source="I7" target="H7"/>
  <move id="382" source="C4" target="B4"/>
  <move id="383" source="B5" target="B6"/>
  <move id="384" source="B4" target="B5"/>
  <move id="385" source="B6" target="B7"/>
  <move id="386" source="A7" target="B7"/>
  <move id="387" source="B7" target="B8"/>
  <move id="388" source="B5" target="B6"/>
  <move id="389" source="B8" target="B9"/>
  <move id="390" source="B6" target="B7"/>
  <move id="391" source="B9" target="C9"/>
  <move id="392" source="B7" target="C7"/>
  <move id="393" source="C9" target="D9"/>
  <move id="394" source="C7" target="B7"/>
  <move id="395" source="I3" target="I9"/>
  <move id="396" source="B7" target="B6"/>
  <move id="397" source="I9" target="K9"/>
  <move id="398" source="B6" target="B5"/>
  <move id="399" source="H7" target="I7"/>
  <move id="400" source="B5" target="B4"/>
  <move id="401" source="I7" target="I8"/>
  <move id="402" source="B4" target="C4"/>
  <move id="403" source="I8" target="I9"/>
  <move id="404" source="C4" target="D4"/>
  <move id="405" source="I9" target="K9"/>
  <move id="406" source="A6" target="B6"/>
  <move id="407" source="K9" target="I9"/>
  <move id="408" source="B6" target="B7"/>
  <move id="409" source="I9" target="I8"/>
  <move id="410" source="D4" target="E4"/>
  <move id="411" source="I8" target="I7"/>
  <move id="412" source="E4" target="F4"/>
  <move id="413" source="I7" target="H7"/>
  <move id="414" source="F4" target="G4"/>
  <move id="415" source="H7" target="G7"/>
  <move id="416" source="B7" target="B6"/>
  <move id="417" source="G7" target="F7"/>
  <move id="418" source="G4" target="H4"/>
  <move id="419" source="F7" target="E7"/>
  <move id="420" source="B6" target="B5"/>
  <move id="421" source="E7" target="E6"/>
  <move id="422" source="H4" target="I4"/>
  <move id="423" source="E6" target="E5"/>
  <move id="424" source="B5" target="B6"/>
  <move id="425" source="E5" target="E6"/>
  <move id="426" source="B6" target="B5"/>
  <move id="427" source="B2" target="B3"/>
  <move id="428" source="B5" target="B6"/>
  <move id="429" source="E6" target="E7"/>
  <move id="430" source="I4" target="H4"/>
  <move id="431" source="E7" target="E8"/>
  <move id="432" source="K:" target="K9"/>
  <move id="433" source="E8" target="E9"/>
  <move id="434" source="K9" target="I9"/>
  <move id="435" source="E9" target="F9"/>
  <move id="436" source="I9" target="I8"/>
  <move id="437" source="F9" target="F8"/>
  <move id="438" source="I8" target="I7"/>
  <move id="439" source="F8" target="G8"/>
  <move id="440" source="I7" target="I6"/>
  <move id="441" source="D2" target="F2"/>
  <move id="442" source="I6" target="I5"/>
  <move id="443" source="G8" target="G9"/>
  <move id="444" source="I5" target="I4"/>
  <move id="445" source="F2" target="F:"/>
  <move id="446" source="I4" target="I3"/>
  <move id="447" source="H2" target="I2"/>
  <move id="448" source="H4" target="H3"/>
  <move id="449" source="F:" target="H:"/>
  <move id="450" source="I3" target="K3"/>
  <move id="451" source="B3" target="B4"/>
  <move id="452" source="H3" target="I3"/>
  <move id="453" source="I2" target="H2"/>
  <move id="454" source="I3" target="H3"/>
  <move id="455" source="H2" target="I2"/>
  <move id="456" source="H3" target="I3"/>
  <move id="457" source="I2" target="H2"/>
  <move id="458" source="K3" target="K2"/>
  <move id="459" source="D9" target="D8"/>
  <move id="460" source="I3" target="I2"/>
  <move id="461" source="H2" target="H3"/>
  <move id="462" source="I2" target="K2"/>
  <move id="463" source="H3" target="H4"/>
  <move id="464" source="K2" target="K3"/>
  <move id="465" source="D8" target="C8"/>
  <move id="466" source="K3" target="I3"/>
  <move id="467" source="B4" target="C4"/>
  <move id="468" source="I3" target="H3"/>
  <move id="469" source="H4" target="I4"/>
  <move id="470" source="H3" target="H4"/>
  <move id="471" source="I4" target="I5"/>
  <move id="472" source="H4" target="I4"/>
  <move id="473" source="I5" target="I6"/>
  <move id="474" source="I4" target="I5"/>
  <move id="475" source="I6" target="I7"/>
  <move id="476" source="I5" target="I6"/>
  <move id="477" source="I7" target="H7"/>
  <move id="478" source="I6" target="I5"/>
  <move id="479" source="K1" target="K2"/>
  <move id="480" source="I5" target="I4"/>
  <move id="481" source="K2" target="K3"/>
  <move id="482" source="I4" target="K4"/>
  <move id="483" source="K3" target="I3"/>
  <move id="484" source="K4" target="I4"/>
  <move id="485" source="I3" target="K3"/>
  <move id="486" source="B6" target="B7"/>
  <move id="487" source="G9" target="F9"/>
  <move id="488" source="B7" target="C7"/>
  <move id="489" source="C8" target="B8"/>
  <move id="490" source="C7" target="C8"/>
  <move id="491" source="B8" target="B7"/>
  <move id="492" source="C8" target="B8"/>
  <move id="493" source="B7" target="C7"/>
  <move id="494" source="B8" target="C8"/>
  <move id="495" source="C7" target="D7"/>
  <move id="496" source="C8" target="C7"/>
  <move id="497" source="D7" target="E7"/>
  <move id="498" source="C7" target="D7"/>
  <move id="499" source="E7" target="E8"/>
  <move id="500" source="D7" target="E7"/>
  <move id="501" source="E8" target="E9"/>
  <move id="502" source="E7" target="F7"/>
  <move id="503" source="F9" target="F8"/>
  <move id="504" source="F7" target="G7"/>
  <move id="505" source="F8" target="G8"/>
  <move id="506" source="G7" target="H7"/>
  <move id="507" source="E9" target="E8"/>
  <move id="508" source="I4" target="K4"/>
  <move id="509" source="K3" target="I3"/>
  <move id="510" source="K4" target="I4"/>
  <move id="511" source="I3" target="H3"/>
  <move id="512" source="I4" target="H4"/>
  <move id="513" source="H3" target="I3"/>
  <move id="514" source="H8" target="I8"/>
  <move id="515" source="E8" target="D8"/>
  <move id="516" source="I8" target="I7"/>
  <move id="517" source="G8" target="H8"/>
  <move id="518" source="H4" target="G4"/>
  <move id="519" source="H8" target="H7"/>
  <move id="520" source="I7" target="I6"/>
  <move id="521" source="H7" target="I7"/>
  <move id="522" source="I6" target="I5"/>
  <move id="523" source="I7" target="I6"/>
  <move id="524" source="I5" target="I4"/>
  <move id="525" source="I3" target="H3"/>
  <move id="526" source="I4" target="I3"/>
  <move id="527" source="H3" target="H2"/>
  <move id="528" source="I3" target="I2"/>
  <move id="529" source="H2" target="H3"/>
  <move id="530" source="G4" target="H4"/>
  <move id="531" source="H3" target="G3"/>
  <move id="532" source="H4" target="G4"/>
  <move id="533" source="G3" target="H3"/>
  <move id="534" source="I2" target="H2"/>
  <move id="535" source="H3" target="I3"/>
  <move id="536" source="H2" target="H1"/>
  <move id="537" source="I6" target="I7"/>
  <move id="538" source="G4" target="F4"/>
  <move id="539" source="I3" target="I4"/>
  <move id="540" source="F4" target="E4"/>
  <move id="541" source="I4" target="I5"/>
  <move id="542" source="E4" target="D4"/>
  <move id="543" source="C4" target="B4"/>
  <move id="544" source="D4" target="C4"/>
  <move id="545" source="B4" target="B5"/>
  <move id="546" source="C4" target="B4"/>
  <move id="547" source="B5" target="B6"/>
  <move id="548" source="B4" target="B5"/>
  <move id="549" source="B6" target="B7"/>
  <move id="550" source="B5" target="B6"/>
  <move id="551" source="B7" target="A7"/>
  <move id="552" source="B6" target="B7"/>
  <move id="553" source="A7" target="A4"/>
  <move id="554" source="B7" target="C7"/>
  <move id="555" source="I5" target="I6"/>
  <move id="556" source="C7" target="D7"/>
  <move id="557" source="D8" target="C8"/>
  <move id="558" source="D7" target="C7"/>
  <move id="559" source="C8" target="D8"/>
  <move id="560" source="C7" target="C8"/>
  <move id="561" source="D8" target="D7"/>
  <move id="562" source="C8" target="D8"/>
  <move id="563" source="D7" target="C7"/>
  <move id="564" source="D8" target="C8"/>
  <move id="565" source="C7" target="D7"/>
  <move id="566" source="C8" target="C7"/>
  <move id="567" source="D7" target="D8"/>
  <move id="568" source="C7" target="C8"/>
  <move id="569" source="D8" target="D9"/>
  <move id="570" source="C8" target="C9"/>
  <move id="571" source="D9" target="D8"/>
  <move id="572" source="C9" target="D9"/>
  <move id="573" source="D8" target="C8"/>
  <move id="574" source="D9" target="C9"/>
  <move id="575" source="C8" target="D8"/>
  <move id="576" source="C9" target="D9"/>
  <move id="577" source="D8" target="C8"/>
  <move id="578" source="D9" target="D8"/>
  <move id="579" source="C8" target="C9"/>
  <move id="580" source="D8" target="C8"/>
  <move id="581" source="C9" target="C:"/>
  <move id="582" source="C8" target="C9"/>
  <move id="583" source="C:" target="D:"/>
  <move id="584" source="C9" target="D9"/>
  <move id="585" source="D:" target="E:"/>
  <move id="586" source="D9" target="E9"/>
  <move id="587" source="E:" target="F:"/>
  <move id="588" source="E9" target="F9"/>
  <move id="589" source="F:" target="G:"/>
  <move id="590" source="F9" target="G9"/>
  <move id="591" source="G:" target="H:"/>
  <move id="592" source="G9" target="G:"/>
  <move id="593" source="H:" target="I:"/>
  <move id="594" source="G:" target="F:"/>
  <move id="595" source="I:" target="K:"/>
  <move id="596" source="F:" target="F9"/>
  <move id="597" source="K:" target="K9"/>
  <move id="598" source="F9" target="F8"/>
  <move id="599" source="K9" target="I9"/>
  <move id="600" source="F8" target="F7"/>
  <move id="601" source="I7" target="H7"/>
  <player id="1">Player 1</player>
  <player id="2">Player 2</player>
  <result type="3" winner="1"/>
 </game>
</stratego>