<?xml version="1.0" encoding="UTF-8"?>
<stratego>
 <game type="classic">
  
  <field content="BGFBFFEDBMHDEEBBECIBFDHKEDDJDIHGIGDHJLDGAA__AA__AAAA__AA__AAPSTSRPUWSPPRXUTPQOTSNVNRNQVRPPNQQNYNPUTQ"/>
  <move id="1" source="F4" target="F5"/>
  <move id="2" source="I7" target="I6"/>
  <move id="3" source="F5" target="F6"/>
  <move id="4" source="H7" target="I7"/>
  <move id="5" source="E4" target="E7"/>
  <move id="6" source="F7" target="F6"/>
  <move id="7" source="F6" target="E6"/>
  <move id="8" source="E7" target="F7"/>
  <move id="9" source="E6" target="E5"/>
  <move id="10" source="E8" target="E7"/>
  <move id="11" source="E5" target="F5"/>
  <move id="12" source="E7" target="E6"/>
  <move id="13" source="F3" target="F4"/>
  <move id="14" source="E6" target="E5"/>
  <move id="15" source="F5" target="F6"/>
  <move id="16" source="F7" target="E7"/>
  <move id="17" source="F4" target="E4"/>
  <move id="18" source="G7" target="F7"/>
  <move id="19" source="E4" target="E5"/>
  <move id="20" source="F7" target="F6"/>
  <move id="21" source="D4" target="E4"/>
  <move id="22" source="E5" target="F5"/>
  <move id="23" source="G4" target="F4"/>
  <move id="24" source="F5" target="E5"/>
  <move id="25" source="F4" target="F5"/>
  <move id="26" source="F6" target="F7"/>
  <move id="27" source="F5" target="E5"/>
  <move id="28" source="E7" target="E8"/>
  <move id="29" source="E5" target="F5"/>
  <move id="30" source="D7" target="E7"/>
  <move id="31" source="F5" target="F4"/>
  <move id="32" source="E7" target="E6"/>
  <move id="33" source="F4" target="F3"/>
  <move id="34" source="E6" target="F6"/>
  <move id="35" source="G3" target="G4"/>
  <move id="36" source="F6" target="F5"/>
  <move id="37" source="F3" target="G3"/>
  <move id="38" source="E8" target="E7"/>
  <move id="39" source="G4" target="F4"/>
  <move id="40" source="F5" target="E5"/>
  <move id="41" source="E4" target="E5"/>
  <move id="42" source="E7" target="E6"/>
  <move id="43" source="F4" target="F5"/>
  <move id="44" source="F7" target="G7"/>
  <move id="45" source="C4" target="D4"/>
  <move id="46" source="E6" target="E7"/>
  <move id="47" source="D4" target="E4"/>
  <move id="48" source="G7" target="H7"/>
  <move id="49" source="E4" target="E5"/>
  <move id="50" source="G8" target="G7"/>
  <move id="51" source="F5" target="F6"/>
  <move id="52" source="E7" target="D7"/>
  <move id="53" source="E5" target="E6"/>
  <move id="54" source="F8" target="E8"/>
  <move id="55" source="F6" target="F7"/>
  <move id="56" source="G9" target="G8"/>
  <move id="57" source="E6" target="E7"/>
  <move id="58" source="G8" target="F8"/>
  <move id="59" source="C3" target="C4"/>
  <move id="60" source="F8" target="F7"/>
  <move id="61" source="E7" target="E6"/>
  <move id="62" source="F7" target="F6"/>
  <move id="63" source="E6" target="E5"/>
  <move id="64" source="F6" target="F5"/>
  <move id="65" source="E5" target="E4"/>
  <move id="66" source="F5" target="F4"/>
  <move id="67" source="E4" target="D4"/>
  <move id="68" source="F4" target="F5"/>
  <move id="69" source="D3" target="C3"/>
  <move id="70" source="F5" target="F6"/>
  <move id="71" source="D4" target="D3"/>
  <move id="72" source="F6" target="F7"/>
  <move id="73" source="C4" target="D4"/>
  <move id="74" source="F7" target="F8"/>
  <move id="75" source="D4" target="E4"/>
  <move id="76" source="F8" target="G8"/>
  <move id="77" source="E4" target="E5"/>
  <move id="78" source="E8" target="F8"/>
  <move id="79" source="E5" target="F5"/>
  <move id="80" source="G8" target="G9"/>
  <move id="81" source="F5" target="F6"/>
  <move id="82" source="F8" target="F7"/>
  <move id="83" source="C3" target="C4"/>
  <move id="84" source="D7" target="E7"/>
  <move id="85" source="C4" target="D4"/>
  <move id="86" source="D8" target="D7"/>
  <move id="87" source="B3" target="C3"/>
  <move id="88" source="F7" target="F8"/>
  <move id="89" source="C3" target="C4"/>
  <move id="90" source="G7" target="F7"/>
  <move id="91" source="F6" target="E6"/>
  <move id="92" source="E7" target="E8"/>
  <move id="93" source="D3" target="C3"/>
  <move id="94" source="F7" target="G7"/>
  <move id="95" source="G3" target="G4"/>
  <move id="96" source="F8" target="F7"/>
  <move id="97" source="D4" target="D3"/>
  <move id="98" source="F7" target="F6"/>
  <move id="99" source="E6" target="E5"/>
  <move id="100" source="F6" target="F5"/>
  <move id="101" source="E5" target="E4"/>
  <move id="102" source="G9" target="G8"/>
  <move id="103" source="E4" target="D4"/>
  <move id="104" source="G8" target="F8"/>
  <move id="105" source="C3" target="B3"/>
  <move id="106" source="F8" target="F7"/>
  <move id="107" source="D3" target="C3"/>
  <move id="108" source="F5" target="E5"/>
  <move id="109" source="D4" target="D3"/>
  <move id="110" source="F7" target="F6"/>
  <move id="111" source="C4" target="D4"/>
  <move id="112" source="F6" target="F5"/>
  <move id="113" source="D4" target="E4"/>
  <move id="114" source="E5" target="E4"/>
  <move id="115" source="G4" target="G3"/>
  <move id="116" source="G7" target="F7"/>
  <move id="117" source="D3" target="D4"/>
  <move id="118" source="F7" target="E7"/>
  <move id="119" source="D4" target="E4"/>
  <move id="120" source="F5" target="F6"/>
  <move id="121" source="E4" target="F4"/>
  <move id="122" source="F6" target="F7"/>
  <move id="123" source="F4" target="F5"/>
  <move id="124" source="E7" target="E6"/>
  <move id="125" source="C3" target="D3"/>
  <move id="126" source="F7" target="F8"/>
  <move id="127" source="G3" target="F3"/>
  <move id="128" source="F8" target="G8"/>
  <move id="129" source="H3" target="G3"/>
  <move id="130" source="E8" target="F8"/>
  <move id="131" source="G3" target="G4"/>
  <move id="132" source="F8" target="F7"/>
  <move id="133" source="G4" target="F4"/>
  <move id="134" source="G8" target="G9"/>
  <move id="135" source="F4" target="E4"/>
  <move id="136" source="H8" target="G8"/>
  <move id="137" source="F3" target="G3"/>
  <move id="138" source="G8" target="F8"/>
  <move id="139" source="G3" target="H3"/>
  <move id="140" source="C8" target="D8"/>
  <move id="141" source="E4" target="E5"/>
  <move id="142" source="E6" target="E7"/>
  <move id="143" source="H3" target="G3"/>
  <move id="144" source="H7" target="H8"/>
  <move id="145" source="G3" target="G4"/>
  <move id="146" source="F8" target="E8"/>
  <move id="147" source="I3" target="H3"/>
  <move id="148" source="H8" target="G8"/>
  <move id="149" source="H3" target="G3"/>
  <move id="150" source="E8" target="F8"/>
  <move id="151" source="G3" target="F3"/>
  <move id="152" source="E7" target="E8"/>
  <move id="153" source="E5" target="E4"/>
  <move id="154" source="E8" target="E7"/>
  <move id="155" source="F3" target="F4"/>
  <move id="156" source="E7" target="E6"/>
  <move id="157" source="E4" target="D4"/>
  <move id="158" source="D7" target="E7"/>
  <move id="159" source="F4" target="E4"/>
  <move id="160" source="G8" target="G7"/>
  <move id="161" source="E4" target="E5"/>
  <move id="162" source="D8" target="D7"/>
  <move id="163" source="F5" target="F4"/>
  <move id="164" source="F7" target="F6"/>
  <move id="165" source="G4" target="G3"/>
  <move id="166" source="F8" target="F7"/>
  <move id="167" source="F4" target="F5"/>
  <move id="168" source="G7" target="G8"/>
  <move id="169" source="D4" target="E4"/>
  <move id="170" source="G8" target="G7"/>
  <move id="171" source="G3" target="H3"/>
  <move id="172" source="G7" target="G8"/>
  <move id="173" source="I4" target="I5"/>
  <move id="174" source="G8" target="F8"/>
  <move id="175" source="I5" target="K5"/>
  <move id="176" source="F8" target="E8"/>
  <move id="177" source="K5" target="K7"/>
  <move id="178" source="E8" target="D8"/>
  <move id="179" source="I2" target="I3"/>
  <move id="180" source="D8" target="C8"/>
  <move id="181" source="I3" target="I4"/>
  <move id="182" source="C8" target="D8"/>
  <move id="183" source="H3" target="I3"/>
  <move id="184" source="D8" target="E8"/>
  <move id="185" source="I3" target="I2"/>
  <move id="186" source="E8" target="D8"/>
  <move id="187" source="D3" target="D4"/>
  <move id="188" source="D8" target="C8"/>
  <move id="189" source="E4" target="F4"/>
  <move id="190" source="C8" target="D8"/>
  <move id="191" source="D4" target="E4"/>
  <move id="192" source="D8" target="E8"/>
  <move id="193" source="F4" target="F3"/>
  <move id="194" source="E8" target="F8"/>
  <move id="195" source="F3" target="G3"/>
  <move id="196" source="F8" target="E8"/>
  <move id="197" source="G3" target="H3"/>
  <move id="198" source="E8" target="D8"/>
  <move id="199" source="I4" target="I5"/>
  <move id="200" source="D8" target="C8"/>
  <move id="201" source="I5" target="K5"/>
  <move id="202" source="C8" target="D8"/>
  <move id="203" source="K5" target="K6"/>
  <move id="204" source="K8" target="K7"/>
  <move id="205" source="I2" target="I3"/>
  <move id="206" source="K9" target="K8"/>
  <move id="207" source="I3" target="I4"/>
  <move id="208" source="I6" target="K6"/>
  <move id="209" source="K6" target="K5"/>
  <move id="210" source="I7" target="I6"/>
  <move id="211" source="I4" target="I3"/>
  <move id="212" source="I6" target="I5"/>
  <move id="213" source="K5" target="I5"/>
  <move id="214" source="I5" target="I6"/>
  <move id="215" source="I3" target="I4"/>
  <move id="216" source="I6" target="I7"/>
  <move id="217" source="I4" target="I5"/>
  <move id="218" source="I7" target="H7"/>
  <move id="219" source="I5" target="I6"/>
  <move id="220" source="K7" target="I7"/>
  <move id="221" source="I6" target="K6"/>
  <move id="222" source="K8" target="K7"/>
  <move id="223" source="K6" target="I6"/>
  <move id="224" source="D8" target="C8"/>
  <move id="225" source="K4" target="K5"/>
  <move id="226" source="E6" target="E5"/>
  <move id="227" source="F5" target="E5"/>
  <move id="228" source="F7" target="G7"/>
  <move id="229" source="E4" target="D4"/>
  <move id="230" source="E7" target="E6"/>
  <move id="231" source="E5" target="E4"/>
  <move id="232" source="F6" target="F5"/>
  <move id="233" source="K5" target="K6"/>
  <move id="234" source="E6" target="E5"/>
  <move id="235" source="H3" target="I3"/>
  <move id="236" source="F5" target="F6"/>
  <move id="237" source="I3" target="I2"/>
  <move id="238" source="E5" target="F5"/>
  <move id="239" source="E3" target="F3"/>
  <move id="240" source="F5" target="E5"/>
  <move id="241" source="F3" target="E3"/>
  <move id="242" source="F6" target="F7"/>
  <move id="243" source="E3" target="F3"/>
  <move id="244" source="F7" target="F6"/>
  <move id="245" source="F3" target="F4"/>
  <move id="246" source="F6" target="F5"/>
  <move id="247" source="F4" target="F3"/>
  <move id="248" source="D7" target="E7"/>
  <move id="249" source="E4" target="F4"/>
  <move id="250" source="F5" target="F6"/>
  <move id="251" source="D4" target="D3"/>
  <move id="252" source="E5" target="E4"/>
  <move id="253" source="F4" target="G4"/>
  <move id="254" source="F6" target="F5"/>
  <move id="255" source="H2" target="H3"/>
  <move id="256" source="C8" target="D8"/>
  <move id="257" source="K6" target="K7"/>
  <move id="258" source="I7" target="I6"/>
  <move id="259" source="K7" target="K8"/>
  <move id="260" source="I8" target="K8"/>
  <move id="261" source="I6" target="K6"/>
  <move id="262" source="I9" target="I4"/>
  <move id="263" source="K6" target="K7"/>
  <move id="264" source="K8" target="I8"/>
  <move id="265" source="K7" target="K8"/>
  <move id="266" source="I8" target="H8"/>
  <move id="267" source="K8" target="I8"/>
  <move id="268" source="H8" target="G8"/>
  <move id="269" source="H3" target="G3"/>
  <move id="270" source="I4" target="H4"/>
  <move id="271" source="H4" target="I4"/>
  <move id="272" source="G8" target="F8"/>
  <move id="273" source="I4" target="I5"/>
  <move id="274" source="F8" target="F7"/>
  <move id="275" source="I5" target="I6"/>
  <move id="276" source="E7" target="E8"/>
  <move id="277" source="I6" target="I7"/>
  <move id="278" source="H7" target="H8"/>
  <move id="279" source="I8" target="K8"/>
  <move id="280" source="H9" target="I9"/>
  <move id="281" source="K8" target="K7"/>
  <move id="282" source="H8" target="G8"/>
  <move id="283" source="I7" target="I6"/>
  <move id="284" source="F7" target="E7"/>
  <move id="285" source="I6" target="I5"/>
  <move id="286" source="G8" target="F8"/>
  <move id="287" source="I5" target="I4"/>
  <move id="288" source="F8" target="F7"/>
  <move id="289" source="G4" target="H4"/>
  <move id="290" source="E4" target="E5"/>
  <move id="291" source="H4" target="H3"/>
  <move id="292" source="E5" target="E6"/>
  <move id="293" source="I4" target="H4"/>
  <move id="294" source="E7" target="D7"/>
  <move id="295" source="H4" target="G4"/>
  <move id="296" source="F5" target="E5"/>
  <move id="297" source="G4" target="F4"/>
  <move id="298" source="E6" target="E7"/>
  <move id="299" source="B3" target="C3"/>
  <move id="300" source="F7" target="F8"/>
  <move id="301" source="C3" target="C4"/>
  <move id="302" source="F8" target="G8"/>
  <move id="303" source="C4" target="D4"/>
  <move id="304" source="G8" target="H8"/>
  <move id="305" source="F4" target="F5"/>
  <move id="306" source="E5" target="E6"/>
  <move id="307" source="F5" target="F6"/>
  <move id="308" source="E7" target="F7"/>
  <move id="309" source="F6" target="E6"/>
  <move id="310" source="E8" target="E7"/>
  <move id="311" source="E6" target="E5"/>
  <move id="312" source="H8" target="I8"/>
  <move id="313" source="E5" target="F5"/>
  <move id="314" source="I8" target="I7"/>
  <move id="315" source="K7" target="K6"/>
  <move id="316" source="I7" target="I6"/>
  <move id="317" source="K6" target="K7"/>
  <move id="318" source="E7" target="E8"/>
  <move id="319" source="F5" target="F4"/>
  <move id="320" source="E8" target="F8"/>
  <move id="321" source="F4" target="G4"/>
  <move id="322" source="F8" target="G8"/>
  <move id="323" source="G4" target="H4"/>
  <move id="324" source="G8" target="H8"/>
  <move id="325" source="H4" target="I4"/>
  <move id="326" source="H8" target="I8"/>
  <move id="327" source="I4" target="I5"/>
  <move id="328" source="I6" target="K6"/>
  <move id="329" source="K7" target="I7"/>
  <move id="330" source="I8" target="I7"/>
  <move id="331" source="D4" target="E4"/>
  <move id="332" source="I7" target="I8"/>
  <move id="333" source="E4" target="E5"/>
  <move id="334" source="I8" target="H8"/>
  <move id="335" source="E5" target="E6"/>
  <move id="336" source="H8" target="G8"/>
  <move id="337" source="E6" target="E7"/>
  <move id="338" source="G8" target="F8"/>
  <move id="339" source="G3" target="G4"/>
  <move id="340" source="K6" target="K7"/>
  <move id="341" source="I5" target="I6"/>
  <move id="342" source="G7" target="H7"/>
  <move id="343" source="H3" target="H2"/>
  <move id="344" source="I9" target="I8"/>
  <move id="345" source="I2" target="I3"/>
  <move id="346" source="I8" target="I7"/>
  <move id="347" source="I6" target="K6"/>
  <move id="348" source="K7" target="K8"/>
  <move id="349" source="I3" target="I4"/>
  <move id="350" source="K8" target="I8"/>
  <move id="351" source="I4" target="I5"/>
  <move id="352" source="F7" target="G7"/>
  <move id="353" source="I5" target="I6"/>
  <move id="354" source="G7" target="G8"/>
  <move id="355" source="F3" target="F4"/>
  <move id="356" source="G8" target="H8"/>
  <move id="357" source="F4" target="F5"/>
  <move id="358" source="H8" target="H9"/>
  <move id="359" source="F5" target="F6"/>
  <move id="360" source="I8" target="H8"/>
  <move id="361" source="I6" target="I7"/>
  <move id="362" source="H7" target="G7"/>
  <move id="363" source="K6" target="I6"/>
  <move id="364" source="H8" target="H7"/>
  <move id="365" source="I7" target="K7"/>
  <move id="366" source="G7" target="G8"/>
  <move id="367" source="F6" target="E6"/>
  <move id="368" source="H7" target="G7"/>
  <move id="369" source="E6" target="E5"/>
  <move id="370" source="G7" target="F7"/>
  <move id="371" source="E7" target="D7"/>
  <move id="372" source="B8" target="C8"/>
  <move id="373" source="G4" target="G3"/>
  <move id="374" source="D8" target="E8"/>
  <move id="375" source="B2" target="B3"/>
  <move id="376" source="B9" target="B8"/>
  <move id="377" source="B3" target="C3"/>
  <move id="378" source="F7" target="E7"/>
  <move id="379" source="D7" target="C7"/>
  <move id="380" source="E7" target="D7"/>
  <move id="381" source="C7" target="C8"/>
  <move id="382" source="B8" target="C8"/>
  <move id="383" source="E5" target="F5"/>
  <move id="384" source="D7" target="E7"/>
  <move id="385" source="I6" target="I5"/>
  <move id="386" source="E7" target="E6"/>
  <move id="387" source="I5" target="I4"/>
  <move id="388" source="E6" target="E5"/>
  <move id="389" source="F5" target="F6"/>
  <move id="390" source="E5" target="F5"/>
  <move id="391" source="F6" target="E6"/>
  <move id="392" source="F8" target="F7"/>
  <move id="393" source="I4" target="H4"/>
  <move id="394" source="F5" target="E5"/>
  <move id="395" source="H4" target="G4"/>
  <move id="396" source="E5" target="E6"/>
  <move id="397" source="G4" target="F4"/>
  <move id="398" source="F7" target="F6"/>
  <move id="399" source="F4" target="G4"/>
  <move id="400" source="F6" target="F5"/>
  <move id="401" source="G4" target="H4"/>
  <move id="402" source="E6" target="E5"/>
  <move id="403" source="C3" target="C4"/>
  <move id="404" source="E5" target="E4"/>
  <move id="405" source="H4" target="I4"/>
  <move id="406" source="E4" target="D4"/>
  <move id="407" source="D3" target="E3"/>
  <move id="408" source="D4" target="C4"/>
  <move id="409" source="I4" target="I3"/>
  <move id="410" source="C4" target="C3"/>
  <move id="411" source="E3" target="E4"/>
  <move id="412" source="C3" target="D3"/>
  <move id="413" source="G3" target="G4"/>
  <move id="414" source="D3" target="D4"/>
  <move id="415" source="E4" target="E3"/>
  <move id="416" source="D4" target="D3"/>
  <move id="417" source="E3" target="E4"/>
  <move id="418" source="D3" target="D4"/>
  <move id="419" source="E4" target="E3"/>
  <move id="420" source="F5" target="E5"/>
  <move id="421" source="E3" target="F3"/>
  <move id="422" source="D4" target="E4"/>
  <move id="423" source="G4" target="H4"/>
  <move id="424" source="E4" target="F4"/>
  <move id="425" source="F3" target="E3"/>
  <move id="426" source="F4" target="F3"/>
  <move id="427" source="E3" target="D3"/>
  <move id="428" source="F3" target="E3"/>
  <move id="429" source="D3" target="D4"/>
  <move id="430" source="E3" target="E4"/>
  <move id="431" source="D4" target="C4"/>
  <move id="432" source="E4" target="D4"/>
  <move id="433" source="C4" target="C3"/>
  <move id="434" source="D4" target="D3"/>
  <move id="435" source="C3" target="B3"/>
  <move id="436" source="D3" target="C3"/>
  <move id="437" source="B3" target="B2"/>
  <move id="438" source="C3" target="B3"/>
  <move id="439" source="I3" target="I4"/>
  <move id="440" source="B3" target="B2"/>
  <move id="441" source="H4" target="H3"/>
  <move id="442" source="E5" target="F5"/>
  <move id="443" source="H3" target="G3"/>
  <move id="444" source="F5" target="F6"/>
  <move id="445" source="H2" target="H3"/>
  <move id="446" source="F6" target="F7"/>
  <move id="447" source="K7" target="K6"/>
  <move id="448" source="F7" target="G7"/>
  <move id="449" source="I4" target="H4"/>
  <move id="450" source="G7" target="H7"/>
  <move id="451" source="H3" target="I3"/>
  <move id="452" source="H7" target="I7"/>
  <move id="453" source="I3" target="I4"/>
  <move id="454" source="I7" target="I6"/>
  <move id="455" source="K6" target="K5"/>
  <move id="456" source="I6" target="K6"/>
  <move id="457" source="K5" target="I5"/>
  <move id="458" source="K6" target="K5"/>
  <move id="459" source="I5" target="I6"/>
  <move id="460" source="G8" target="F8"/>
  <move id="461" source="G3" target="F3"/>
  <move id="462" source="F8" target="G8"/>
  <move id="463" source="F3" target="F4"/>
  <move id="464" source="E8" target="E7"/>
  <move id="465" source="F4" target="F5"/>
  <move id="466" source="E7" target="F7"/>
  <move id="467" source="H4" target="H3"/>
  <move id="468" source="G8" target="F8"/>
  <move id="469" source="F5" target="E5"/>
  <move id="470" source="G9" target="G8"/>
  <move id="471" source="H3" target="G3"/>
  <move id="472" source="C8" target="D8"/>
  <move id="473" source="G3" target="F3"/>
  <move id="474" source="D8" target="E8"/>
  <move id="475" source="F3" target="F4"/>
  <move id="476" source="G8" target="H8"/>
  <move id="477" source="I6" target="I7"/>
  <move id="478" source="K5" target="K6"/>
  <move id="479" source="I4" target="I5"/>
  <move id="480" source="K6" target="K7"/>
  <move id="481" source="I7" target="I6"/>
  <move id="482" source="K7" target="K6"/>
  <move id="483" source="I6" target="I7"/>
  <move id="484" source="K6" target="K7"/>
  <move id="485" source="I7" target="I6"/>
  <move id="486" source="H8" target="I8"/>
  <move id="487" source="I5" target="K5"/>
  <move id="488" source="I8" target="I7"/>
  <move id="489" source="F4" target="F5"/>
  <move id="490" source="I7" target="I6"/>
  <move id="491" source="F5" target="F6"/>
  <move id="492" source="K7" target="I7"/>
  <move id="493" source="K5" target="I5"/>
  <move id="494" source="I7" target="H7"/>
  <move id="495" source="I5" target="I6"/>
  <move id="496" source="H7" target="G7"/>
  <move id="497" source="F6" target="E6"/>
  <move id="498" source="B7" target="B8"/>
  <move id="499" source="E5" target="F5"/>
  <move id="500" source="A7" target="E7"/>
  <move id="501" source="E6" target="E5"/>
  <move id="502" source="E7" target="E5"/>
  <move id="503" source="E5" target="E4"/>
  <move id="504" source="F7" target="F6"/>
  <move id="505" source="F5" target="F4"/>
  <move id="506" source="F6" target="F5"/>
  <move id="507" source="F4" target="G4"/>
  <move id="508" source="G7" target="F7"/>
  <move id="509" source="E4" target="F4"/>
  <move id="510" source="F5" target="E5"/>
  <move id="511" source="I6" target="I5"/>
  <move id="512" source="F7" target="F6"/>
  <move id="513" source="I5" target="I4"/>
  <move id="514" source="F6" target="F5"/>
  <move id="515" source="F4" target="E4"/>
  <move id="516" source="E5" target="E6"/>
  <move id="517" source="I4" target="H4"/>
  <move id="518" source="E6" target="E7"/>
  <move id="519" source="G4" target="G3"/>
  <move id="520" source="F5" target="F4"/>
  <move id="521" source="E4" target="E5"/>
  <move id="522" source="F8" target="F7"/>
  <move id="523" source="H4" target="G4"/>
  <move id="524" source="F4" target="E4"/>
  <move id="525" source="E5" target="F5"/>
  <move id="526" source="E7" target="D7"/>
  <move id="527" source="G3" target="F3"/>
  <move id="528" source="E8" target="F8"/>
  <move id="529" source="D2" target="D3"/>
  <move id="530" source="F8" target="G8"/>
  <move id="531" source="D3" target="E3"/>
  <move id="532" source="E4" target="E5"/>
  <move id="533" source="F5" target="F4"/>
  <move id="534" source="E5" target="F5"/>
  <move id="535" source="F4" target="E4"/>
  <move id="536" source="G8" target="H8"/>
  <move id="537" source="F3" target="F4"/>
  <move id="538" source="F5" target="E5"/>
  <move id="539" source="E4" target="D4"/>
  <move id="540" source="F7" target="E7"/>
  <move id="541" source="E3" target="E4"/>
  <move id="542" source="E5" target="E6"/>
  <move id="543" source="F4" target="F5"/>
  <move id="544" source="E7" target="F7"/>
  <move id="545" source="E4" target="E5"/>
  <move id="546" source="E6" target="E7"/>
  <move id="547" source="D4" target="E4"/>
  <move id="548" source="F7" target="F8"/>
  <move id="549" source="G4" target="G3"/>
  <move id="550" source="E7" target="F7"/>
  <move id="551" source="E4" target="F4"/>
  <move id="552" source="D7" target="E7"/>
  <move id="553" source="E5" target="E4"/>
  <move id="554" source="E7" target="E6"/>
  <move id="555" source="E4" target="E3"/>
  <move id="556" source="E6" target="E5"/>
  <move id="557" source="G3" target="G4"/>
  <move id="558" source="F8" target="G8"/>
  <move id="559" source="E3" target="D3"/>
  <move id="560" source="H8" target="I8"/>
  <move id="561" source="G4" target="G3"/>
  <move id="562" source="I8" target="I7"/>
  <move id="563" source="G3" target="F3"/>
  <move id="564" source="I7" target="I6"/>
  <move id="565" source="F3" target="E3"/>
  <move id="566" source="I6" target="I5"/>
  <move id="567" source="E3" target="E4"/>
  <move id="568" source="I5" target="I4"/>
  <move id="569" source="B4" target="B5"/>
  <move id="570" source="B8" target="C8"/>
  <move id="571" source="B5" target="B6"/>
  <move id="572" source="H9" target="H8"/>
  <move id="573" source="B6" target="B7"/>
  <move id="574" source="G8" target="G7"/>
  <move id="575" source="B7" target="C7"/>
  <move id="576" source="C8" target="D8"/>
  <move id="577" source="C7" target="D7"/>
  <move id="578" source="D8" target="C8"/>
  <move id="579" source="D7" target="D8"/>
  <move id="580" source="C8" target="C7"/>
  <move id="581" source="E4" target="D4"/>
  <move id="582" source="H8" target="G8"/>
  <move id="583" source="D8" target="D9"/>
  <move id="584" source="G8" target="F8"/>
  <move id="585" source="D9" target="D8"/>
  <move id="586" source="F8" target="E8"/>
  <move id="587" source="D8" target="C8"/>
  <move id="588" source="C7" target="D7"/>
  <move id="589" source="C8" target="C7"/>
  <move id="590" source="D7" target="E7"/>
  <move id="591" source="C7" target="B7"/>
  <move id="592" source="E7" target="E6"/>
  <move id="593" source="D4" target="C4"/>
  <move id="594" source="E6" target="F6"/>
  <move id="595" source="B7" target="B8"/>
  <move id="596" source="E8" target="D8"/>
  <move id="597" source="B8" target="B9"/>
  <move id="598" source="D8" target="C8"/>
  <move id="599" source="B9" target="A9"/>
  <move id="600" source="C8" target="B8"/>
  <move id="601" source="D3" target="C3"/>
  <move id="602" source="B8" target="B7"/>
  <move id="603" source="C4" target="D4"/>
  <move id="604" source="B7" target="B6"/>
  <move id="605" source="D4" target="D3"/>
  <move id="606" source="B6" target="B5"/>
  <move id="607" source="D3" target="E3"/>
  <move id="608" source="B5" target="B4"/>
  <move id="609" source="E3" target="F3"/>
  <move id="610" source="B4" target="B3"/>
  <move id="611" source="C3" target="C4"/>
  <move id="612" source="F6" target="F5"/>
  <move id="613" source="F4" target="E4"/>
  <move id="614" source="E5" target="E6"/>
  <move id="615" source="E4" target="E5"/>
  <move id="616" source="E6" target="E7"/>
  <move id="617" source="E5" target="F5"/>
  <move id="618" source="F7" target="F6"/>
  <move id="619" source="F5" target="E5"/>
  <move id="620" source="F6" target="E6"/>
  <move id="621" source="K3" target="K4"/>
  <move id="622" source="E6" target="E5"/>
  <move id="623" source="K4" target="K5"/>
  <move id="624" source="H:" target="H9"/>
  <move id="625" source="K5" target="K6"/>
  <move id="626" source="H9" target="I9"/>
  <move id="627" source="K6" target="K7"/>
  <move id="628" source="I4" target="I5"/>
  <move id="629" source="K7" target="I7"/>
  <move id="630" source="G7" target="G8"/>
  <move id="631" source="I7" target="H7"/>
  <move id="632" source="E7" target="F7"/>
  <move id="633" source="H7" target="H8"/>
  <move id="634" source="G8" target="G9"/>
  <move id="635" source="H8" target="G8"/>
  <move id="636" source="G9" target="G8"/>
  <move id="637" source="G8" target="G9"/>
  <move id="638" source="F9" target="F8"/>
  <move id="639" source="G9" target="H9"/>
  <move id="640" source="I9" target="I8"/>
  <move id="641" source="H9" target="H8"/>
  <move id="642" source="I8" target="K8"/>
  <move id="643" source="H8" target="I8"/>
  <move id="644" source="K8" target="K7"/>
  <move id="645" source="I8" target="I7"/>
  <move id="646" source="K7" target="K6"/>
  <move id="647" source="I7" target="K7"/>
  <move id="648" source="K6" target="K5"/>
  <move id="649" source="K7" target="K8"/>
  <move id="650" source="I5" target="I6"/>
  <move id="651" source="K8" target="K9"/>
  <move id="652" source="I6" target="I7"/>
  <move id="653" source="K9" target="K:"/>
  <move id="654" source="I:" target="I9"/>
  <move id="655" source="K:" target="I:"/>
  <move id="656" source="I9" target="K9"/>
  <move id="657" source="I:" target="H:"/>
  <move id="658" source="I7" target="I8"/>
  <move id="659" source="H:" target="H9"/>
  <move id="660" source="F8" target="E8"/>
  <move id="661" source="H9" target="G9"/>
  <move id="662" source="I8" target="H8"/>
  <move id="663" source="G9" target="F9"/>
  <move id="664" source="H8" target="G8"/>
  <move id="665" source="F3" target="F4"/>
  <move id="666" source="F7" target="F6"/>
  <move id="667" source="F4" target="G4"/>
  <move id="668" source="K5" target="K4"/>
  <move id="669" source="G4" target="H4"/>
  <move id="670" source="K4" target="I4"/>
  <move id="671" source="H4" target="I4"/>
  <move id="672" source="F6" target="E6"/>
  <move id="673" source="A4" target="A5"/>
  <move id="674" source="B3" target="B4"/>
  <move id="675" source="C4" target="C3"/>
  <move id="676" source="B4" target="B5"/>
  <move id="677" source="A5" target="A6"/>
  <move id="678" source="B5" target="B6"/>
  <move id="679" source="A6" target="A7"/>
  <move id="680" source="B6" target="B7"/>
  <move id="681" source="A7" target="A6"/>
  <move id="682" source="E6" target="E5"/>
  <move id="683" source="C3" target="D3"/>
  <move id="684" source="E5" target="E4"/>
  <move id="685" source="F9" target="F8"/>
  <move id="686" source="G8" target="F8"/>
  <move id="687" source="H1" target="H2"/>
  <move id="688" source="I4" target="I3"/>
  <move id="689" source="H2" target="H4"/>
  <move id="690" source="B7" target="A7"/>
  <move id="691" source="A6" target="B6"/>
  <move id="692" source="E4" target="D4"/>
  <move id="693" source="D3" target="E3"/>
  <move id="694" source="D4" target="C4"/>
  <move id="695" source="E3" target="E4"/>
  <move id="696" source="C4" target="B4"/>
  <move id="697" source="E4" target="E5"/>
  <move id="698" source="B4" target="B5"/>
  <move id="699" source="B6" target="A6"/>
  <move id="700" source="A7" target="A6"/>
  <move id="701" source="E5" target="E6"/>
  <move id="702" source="F8" target="F7"/>
  <move id="703" source="H4" target="K4"/>
  <move id="704" source="B5" target="B4"/>
  <move id="705" source="K4" target="K5"/>
  <move id="706" source="B4" target="C4"/>
  <move id="707" source="K5" target="I5"/>
  <move id="708" source="C4" target="D4"/>
  <move id="709" source="I5" target="I6"/>
  <move id="710" source="I3" target="I4"/>
  <move id="711" source="I6" target="I7"/>
  <move id="712" source="I4" target="I5"/>
  <move id="713" source="I7" target="I8"/>
  <move id="714" source="I5" target="I6"/>
  <move id="715" source="I8" target="H8"/>
  <move id="716" source="G:" target="G8"/>
  <move id="717" source="H8" target="H9"/>
  <move id="718" source="K9" target="I9"/>
  <move id="719" source="H9" target="H:"/>
  <move id="720" source="I9" target="I:"/>
  <move id="721" source="H:" target="H9"/>
  <move id="722" source="I:" target="I9"/>
  <move id="723" source="H9" target="E9"/>
  <move id="724" source="D4" target="E4"/>
  <player id="1">Player 1</player>
  <player id="2">Player 2</player>
  <result type="3" winner="2"/>
 </game>
</stratego>