<?xml version="1.0" encoding="UTF-8"?>
<stratego>
 <game type="classic">
  
  <field content="EHEBMBFDEEHDEBBBBFDIGJHCGGJIHDFFDKGILDDDAA__AA__AAAA__AA__AASPPSRPVPSPPUPQTSQPRNTRUQWVXQUNNNYTNOTQRN"/>
  <move id="1" source="F4" target="F5"/>
  <move id="2" source="F7" target="F5"/>
  <move id="3" source="E4" target="E5"/>
  <move id="4" source="G7" target="F7"/>
  <move id="5" source="E5" target="E6"/>
  <move id="6" source="F7" target="F6"/>
  <move id="7" source="E6" target="F6"/>
  <move id="8" source="F6" target="F5"/>
  <move id="9" source="F3" target="F4"/>
  <move id="10" source="F5" target="F6"/>
  <move id="11" source="F4" target="F5"/>
  <move id="12" source="F6" target="F7"/>
  <move id="13" source="F5" target="F6"/>
  <move id="14" source="F7" target="G7"/>
  <move id="15" source="F6" target="F7"/>
  <move id="16" source="E7" target="E6"/>
  <move id="17" source="E3" target="E4"/>
  <move id="18" source="D7" target="E7"/>
  <move id="19" source="E4" target="E5"/>
  <move id="20" source="E7" target="F7"/>
  <move id="21" source="E5" target="E6"/>
  <move id="22" source="C7" target="D7"/>
  <move id="23" source="G4" target="F4"/>
  <move id="24" source="F8" target="F7"/>
  <move id="25" source="F4" target="F5"/>
  <move id="26" source="D7" target="E7"/>
  <move id="27" source="F5" target="F6"/>
  <move id="28" source="G8" target="F8"/>
  <move id="29" source="E6" target="E5"/>
  <move id="30" source="E7" target="D7"/>
  <move id="31" source="F6" target="E6"/>
  <move id="32" source="E8" target="E7"/>
  <move id="33" source="E6" target="E7"/>
  <move id="34" source="F7" target="F6"/>
  <move id="35" source="E7" target="D7"/>
  <move id="36" source="F6" target="F5"/>
  <move id="37" source="E5" target="E6"/>
  <move id="38" source="F8" target="F7"/>
  <move id="39" source="E6" target="E7"/>
  <move id="40" source="F7" target="F6"/>
  <move id="41" source="E7" target="E6"/>
  <move id="42" source="F6" target="F7"/>
  <move id="43" source="H4" target="F4"/>
  <move id="44" source="G9" target="G8"/>
  <move id="45" source="E6" target="E7"/>
  <move id="46" source="F9" target="G9"/>
  <move id="47" source="E7" target="F7"/>
  <move id="48" source="G7" target="F7"/>
  <move id="49" source="D7" target="E7"/>
  <move id="50" source="F7" target="F8"/>
  <move id="51" source="F4" target="F5"/>
  <move id="52" source="G8" target="G7"/>
  <move id="53" source="G3" target="F3"/>
  <move id="54" source="F:" target="F9"/>
  <move id="55" source="H3" target="H4"/>
  <move id="56" source="F8" target="G8"/>
  <move id="57" source="H4" target="G4"/>
  <move id="58" source="F9" target="F8"/>
  <move id="59" source="G4" target="F4"/>
  <move id="60" source="F8" target="F7"/>
  <move id="61" source="F4" target="F5"/>
  <move id="62" source="F7" target="E7"/>
  <move id="63" source="D4" target="E4"/>
  <move id="64" source="E9" target="E8"/>
  <move id="65" source="E4" target="E5"/>
  <move id="66" source="G7" target="F7"/>
  <move id="67" source="E5" target="E6"/>
  <move id="68" source="G8" target="F8"/>
  <move id="69" source="E6" target="F6"/>
  <move id="70" source="F7" target="G7"/>
  <move id="71" source="F6" target="F7"/>
  <move id="72" source="F8" target="G8"/>
  <move id="73" source="F7" target="G7"/>
  <move id="74" source="E7" target="E6"/>
  <player id="1">Player 1</player>
  <player id="2">Player 2</player>
  <result type="3" winner="2"/>
 </game>
</stratego>