<?xml version="1.0" encoding="UTF-8"?>
<stratego>
 <game type="classic">
  
  <field content="DEBEEDDEIMFDBFJHIHJBBGKCGFELFHDDGIDBHGDBAA__AA__AAAA__AA__AAPSORPPQNSPTWQQTVXNPTVTQNQUURPPURNYNRSSNP"/>
  <move id="1" source="B4" target="B5"/>
  <move id="2" source="E7" target="E6"/>
  <move id="3" source="C4" target="B4"/>
  <move id="4" source="A7" target="A6"/>
  <move id="5" source="D4" target="C4"/>
  <move id="6" source="A8" target="A7"/>
  <move id="7" source="B5" target="B7"/>
  <move id="8" source="E6" target="E5"/>
  <move id="9" source="B4" target="B5"/>
  <move id="10" source="E5" target="F5"/>
  <move id="11" source="C4" target="B4"/>
  <move id="12" source="F5" target="F4"/>
  <move id="13" source="C3" target="C4"/>
  <move id="14" source="D7" target="E7"/>
  <move id="15" source="C4" target="D4"/>
  <move id="16" source="E7" target="E6"/>
  <move id="17" source="E4" target="E6"/>
  <move id="18" source="E6" target="E5"/>
  <move id="19" source="E3" target="E4"/>
  <move id="20" source="E5" target="E6"/>
  <move id="21" source="E2" target="E3"/>
  <move id="22" source="F7" target="E7"/>
  <move id="23" source="I4" target="I5"/>
  <move id="24" source="E6" target="F6"/>
  <move id="25" source="I5" target="K5"/>
  <move id="26" source="F6" target="F5"/>
  <move id="27" source="I3" target="I4"/>
  <move id="28" source="E7" target="E4"/>
  <move id="29" source="I4" target="I5"/>
  <move id="30" source="E8" target="E7"/>
  <move id="31" source="I2" target="I3"/>
  <move id="32" source="E7" target="E6"/>
  <move id="33" source="I3" target="I4"/>
  <move id="34" source="E6" target="E5"/>
  <move id="35" source="I5" target="I6"/>
  <move id="36" source="F5" target="F6"/>
  <move id="37" source="I4" target="I5"/>
  <move id="38" source="F6" target="F7"/>
  <move id="39" source="H2" target="I2"/>
  <move id="40" source="A6" target="A4"/>
  <move id="41" source="B4" target="C4"/>
  <move id="42" source="A7" target="A6"/>
  <move id="43" source="B3" target="B4"/>
  <move id="44" source="A6" target="A5"/>
  <move id="45" source="B4" target="A4"/>
  <move id="46" source="A5" target="B5"/>
  <move id="47" source="C4" target="C3"/>
  <move id="48" source="B5" target="B6"/>
  <move id="49" source="D4" target="C4"/>
  <move id="50" source="E5" target="E4"/>
  <move id="51" source="E3" target="E4"/>
  <move id="52" source="D8" target="E8"/>
  <move id="53" source="E4" target="E3"/>
  <move id="54" source="E8" target="E7"/>
  <move id="55" source="E3" target="E2"/>
  <move id="56" source="E7" target="E6"/>
  <move id="57" source="F3" target="E3"/>
  <move id="58" source="E6" target="E5"/>
  <move id="59" source="C4" target="D4"/>
  <move id="60" source="E5" target="F5"/>
  <move id="61" source="E3" target="E4"/>
  <move id="62" source="B7" target="A7"/>
  <move id="63" source="A4" target="B4"/>
  <move id="64" source="C7" target="D7"/>
  <move id="65" source="G3" target="F3"/>
  <move id="66" source="D7" target="D8"/>
  <move id="67" source="H3" target="G3"/>
  <move id="68" source="F7" target="E7"/>
  <move id="69" source="F3" target="E3"/>
  <move id="70" source="E7" target="D7"/>
  <move id="71" source="G3" target="F3"/>
  <move id="72" source="D7" target="C7"/>
  <move id="73" source="E4" target="E5"/>
  <move id="74" source="F5" target="F6"/>
  <move id="75" source="E3" target="E4"/>
  <move id="76" source="F8" target="F7"/>
  <move id="77" source="E2" target="E3"/>
  <move id="78" source="F9" target="F8"/>
  <move id="79" source="E5" target="F5"/>
  <move id="80" source="F6" target="E6"/>
  <move id="81" source="E4" target="E5"/>
  <move id="82" source="E6" target="E7"/>
  <move id="83" source="E3" target="E4"/>
  <move id="84" source="F8" target="E8"/>
  <move id="85" source="E5" target="E6"/>
  <move id="86" source="E7" target="D7"/>
  <move id="87" source="E4" target="E5"/>
  <move id="88" source="F7" target="E7"/>
  <move id="89" source="F5" target="F6"/>
  <move id="90" source="E8" target="F8"/>
  <move id="91" source="F6" target="F5"/>
  <move id="92" source="F8" target="F7"/>
  <move id="93" source="D4" target="C4"/>
  <move id="94" source="F7" target="F6"/>
  <move id="95" source="C4" target="D4"/>
  <move id="96" source="A7" target="A8"/>
  <move id="97" source="D4" target="C4"/>
  <move id="98" source="C7" target="B7"/>
  <move id="99" source="D3" target="D4"/>
  <move id="100" source="B7" target="A7"/>
  <move id="101" source="C3" target="D3"/>
  <move id="102" source="G8" target="F8"/>
  <move id="103" source="B2" target="B3"/>
  <move id="104" source="F8" target="E8"/>
  <move id="105" source="D3" target="C3"/>
  <move id="106" source="B8" target="B7"/>
  <move id="107" source="B4" target="B5"/>
  <move id="108" source="A7" target="A6"/>
  <move id="109" source="B3" target="B4"/>
  <move id="110" source="A6" target="A5"/>
  <move id="111" source="C3" target="B3"/>
  <move id="112" source="E7" target="F7"/>
  <move id="113" source="B4" target="A4"/>
  <move id="114" source="A5" target="A6"/>
  <move id="115" source="A4" target="A5"/>
  <move id="116" source="A6" target="A7"/>
  <move id="117" source="B3" target="B4"/>
  <move id="118" source="C8" target="B8"/>
  <move id="119" source="A5" target="A4"/>
  <move id="120" source="F7" target="F8"/>
  <move id="121" source="D2" target="E2"/>
  <move id="122" source="F8" target="G8"/>
  <move id="123" source="A4" target="A5"/>
  <move id="124" source="D7" target="C7"/>
  <move id="125" source="E6" target="E7"/>
  <move id="126" source="E8" target="F8"/>
  <move id="127" source="E7" target="E6"/>
  <move id="128" source="C7" target="C8"/>
  <move id="129" source="E6" target="E7"/>
  <move id="130" source="C8" target="C7"/>
  <move id="131" source="G2" target="H2"/>
  <move id="132" source="F8" target="F9"/>
  <move id="133" source="E7" target="E6"/>
  <move id="134" source="C7" target="D7"/>
  <move id="135" source="D4" target="D3"/>
  <move id="136" source="D7" target="E7"/>
  <move id="137" source="D1" target="D2"/>
  <move id="138" source="E7" target="E6"/>
  <move id="139" source="E5" target="E4"/>
  <move id="140" source="F6" target="F5"/>
  <move id="141" source="E4" target="E5"/>
  <move id="142" source="F5" target="F6"/>
  <move id="143" source="E5" target="E6"/>
  <move id="144" source="F6" target="F7"/>
  <move id="145" source="E6" target="E7"/>
  <move id="146" source="F7" target="F8"/>
  <move id="147" source="E7" target="E6"/>
  <move id="148" source="G7" target="F7"/>
  <move id="149" source="E6" target="E5"/>
  <move id="150" source="F7" target="E7"/>
  <move id="151" source="E5" target="E4"/>
  <move id="152" source="E7" target="E6"/>
  <move id="153" source="E2" target="E3"/>
  <move id="154" source="E6" target="E5"/>
  <move id="155" source="E4" target="D4"/>
  <move id="156" source="G8" target="G7"/>
  <move id="157" source="E3" target="E4"/>
  <move id="158" source="E5" target="F5"/>
  <move id="159" source="E4" target="E5"/>
  <move id="160" source="F5" target="F6"/>
  <move id="161" source="F3" target="E3"/>
  <move id="162" source="G7" target="F7"/>
  <move id="163" source="E3" target="E4"/>
  <move id="164" source="F7" target="E7"/>
  <move id="165" source="E5" target="F5"/>
  <move id="166" source="F6" target="E6"/>
  <move id="167" source="F5" target="E5"/>
  <move id="168" source="E6" target="F6"/>
  <move id="169" source="E5" target="E6"/>
  <move id="170" source="E7" target="F7"/>
  <move id="171" source="E6" target="E7"/>
  <move id="172" source="F7" target="E7"/>
  <move id="173" source="E4" target="E5"/>
  <move id="174" source="E7" target="F7"/>
  <move id="175" source="E5" target="E6"/>
  <move id="176" source="F6" target="F5"/>
  <move id="177" source="E6" target="E7"/>
  <move id="178" source="F7" target="G7"/>
  <move id="179" source="E7" target="F7"/>
  <move id="180" source="G7" target="G8"/>
  <move id="181" source="D4" target="E4"/>
  <move id="182" source="F5" target="F6"/>
  <move id="183" source="F7" target="G7"/>
  <move id="184" source="F6" target="F7"/>
  <move id="185" source="C4" target="D4"/>
  <move id="186" source="F7" target="G7"/>
  <move id="187" source="G7" target="F7"/>
  <move id="188" source="F8" target="E8"/>
  <move id="189" source="F7" target="F8"/>
  <move id="190" source="G8" target="G7"/>
  <move id="191" source="F8" target="E8"/>
  <move id="192" source="D8" target="E8"/>
  <player id="1">Player 1</player>
  <player id="2">Player 2</player>
  <result type="3" winner="2"/>
 </game>
</stratego>