<?xml version="1.0" encoding="UTF-8"?>
<stratego>
 <game type="classic">
  
  <field content="IMBBEBEBBFEKEHDLDHFBGHICHDDDDJDFEJGDIGFGAA__AA__AAAA__AA__AAPVQPSRTURSRNTPNXUPVQQTPWOPNRQSQNUSTPYNPN"/>
  <move id="1" source="F4" target="F7"/>
  <move id="2" source="E7" target="E6"/>
  <move id="3" source="B4" target="B5"/>
  <move id="4" source="E6" target="E5"/>
  <move id="5" source="B5" target="A5"/>
  <move id="6" source="D7" target="E7"/>
  <move id="7" source="B3" target="B4"/>
  <move id="8" source="F7" target="F6"/>
  <move id="9" source="B4" target="B5"/>
  <move id="10" source="F6" target="E6"/>
  <move id="11" source="B5" target="B6"/>
  <move id="12" source="D8" target="D7"/>
  <move id="13" source="B2" target="B3"/>
  <move id="14" source="D9" target="D8"/>
  <move id="15" source="B3" target="B4"/>
  <move id="16" source="E9" target="D9"/>
  <move id="17" source="C3" target="B3"/>
  <move id="18" source="E7" target="F7"/>
  <move id="19" source="B3" target="B2"/>
  <move id="20" source="F7" target="F3"/>
  <move id="21" source="E3" target="F3"/>
  <move id="22" source="D7" target="E7"/>
  <move id="23" source="F3" target="F4"/>
  <move id="24" source="E7" target="F7"/>
  <move id="25" source="B4" target="B5"/>
  <move id="26" source="F7" target="F4"/>
  <move id="27" source="F4" target="F3"/>
  <move id="28" source="D8" target="D7"/>
  <move id="29" source="I4" target="I5"/>
  <move id="30" source="D9" target="D8"/>
  <move id="31" source="I5" target="I6"/>
  <move id="32" source="C9" target="D9"/>
  <move id="33" source="I6" target="K6"/>
  <move id="34" source="E5" target="F5"/>
  <move id="35" source="H4" target="I4"/>
  <move id="36" source="E6" target="E5"/>
  <move id="37" source="A5" target="A6"/>
  <move id="38" source="E5" target="E4"/>
  <move id="39" source="K6" target="K7"/>
  <move id="40" source="K7" target="K6"/>
  <move id="41" source="H3" target="H4"/>
  <move id="42" source="K6" target="K5"/>
  <move id="43" source="B5" target="B4"/>
  <move id="44" source="K5" target="K4"/>
  <move id="45" source="I4" target="K4"/>
  <move id="46" source="F5" target="E5"/>
  <move id="47" source="H4" target="I4"/>
  <move id="48" source="C8" target="C9"/>
  <move id="49" source="A6" target="A5"/>
  <move id="50" source="C7" target="C8"/>
  <move id="51" source="B6" target="B5"/>
  <move id="52" source="D7" target="C7"/>
  <move id="53" source="B4" target="B3"/>
  <move id="54" source="A7" target="A5"/>
  <move id="55" source="A5" target="A6"/>
  <move id="56" source="A8" target="A7"/>
  <move id="57" source="A6" target="B6"/>
  <move id="58" source="A7" target="A6"/>
  <move id="59" source="B6" target="B7"/>
  <move id="60" source="A6" target="A5"/>
  <move id="61" source="B5" target="B4"/>
  <move id="62" source="B7" target="B6"/>
  <move id="63" source="A4" target="A5"/>
  <move id="64" source="G7" target="F7"/>
  <move id="65" source="B4" target="A4"/>
  <move id="66" source="A5" target="B5"/>
  <move id="67" source="G4" target="H4"/>
  <move id="68" source="F7" target="F6"/>
  <move id="69" source="G3" target="G4"/>
  <move id="70" source="F6" target="E6"/>
  <move id="71" source="A4" target="B4"/>
  <move id="72" source="E5" target="F5"/>
  <move id="73" source="I3" target="H3"/>
  <move id="74" source="E6" target="E5"/>
  <move id="75" source="G4" target="F4"/>
  <move id="76" source="F5" target="F6"/>
  <move id="77" source="C4" target="C3"/>
  <move id="78" source="B5" target="A5"/>
  <move id="79" source="H3" target="G3"/>
  <move id="80" source="A5" target="A4"/>
  <move id="81" source="B4" target="A4"/>
  <move id="82" source="F8" target="F7"/>
  <move id="83" source="C3" target="C4"/>
  <move id="84" source="D8" target="D7"/>
  <move id="85" source="C4" target="B4"/>
  <move id="86" source="C7" target="B7"/>
  <move id="87" source="B4" target="B5"/>
  <move id="88" source="D7" target="C7"/>
  <move id="89" source="A4" target="B4"/>
  <move id="90" source="A9" target="A8"/>
  <move id="91" source="A3" target="A4"/>
  <move id="92" source="B7" target="A7"/>
  <move id="93" source="B5" target="A5"/>
  <move id="94" source="A7" target="A6"/>
  <move id="95" source="B4" target="C4"/>
  <move id="96" source="C7" target="B7"/>
  <move id="97" source="B3" target="B4"/>
  <move id="98" source="B7" target="A7"/>
  <move id="99" source="A5" target="B5"/>
  <move id="100" source="B6" target="B7"/>
  <move id="101" source="A4" target="A5"/>
  <move id="102" source="B7" target="C7"/>
  <move id="103" source="A5" target="A6"/>
  <move id="104" source="C7" target="D7"/>
  <move id="105" source="D3" target="E3"/>
  <move id="106" source="C8" target="C7"/>
  <move id="107" source="F4" target="F5"/>
  <move id="108" source="E5" target="E4"/>
  <move id="109" source="D4" target="E4"/>
  <move id="110" source="C7" target="B7"/>
  <move id="111" source="E4" target="E5"/>
  <move id="112" source="B7" target="B6"/>
  <move id="113" source="G3" target="G4"/>
  <move id="114" source="B6" target="B5"/>
  <move id="115" source="B4" target="A4"/>
  <move id="116" source="A6" target="B6"/>
  <move id="117" source="A4" target="B4"/>
  <move id="118" source="A7" target="B7"/>
  <move id="119" source="B4" target="B5"/>
  <move id="120" source="F6" target="F5"/>
  <move id="121" source="F3" target="F4"/>
  <move id="122" source="F5" target="F6"/>
  <move id="123" source="F4" target="F5"/>
  <move id="124" source="D7" target="E7"/>
  <move id="125" source="E3" target="E4"/>
  <move id="126" source="A8" target="A7"/>
  <move id="127" source="G4" target="F4"/>
  <move id="128" source="A7" target="A6"/>
  <move id="129" source="B5" target="B4"/>
  <move id="130" source="D9" target="D8"/>
  <move id="131" source="B4" target="B3"/>
  <move id="132" source="D8" target="D7"/>
  <move id="133" source="F4" target="F3"/>
  <move id="134" source="G8" target="G7"/>
  <move id="135" source="F3" target="E3"/>
  <move id="136" source="F6" target="F5"/>
  <move id="137" source="F2" target="F3"/>
  <move id="138" source="F7" target="F6"/>
  <move id="139" source="F3" target="F4"/>
  <move id="140" source="F6" target="E6"/>
  <move id="141" source="E3" target="D3"/>
  <move id="142" source="G7" target="F7"/>
  <move id="143" source="D3" target="C3"/>
  <move id="144" source="E6" target="E5"/>
  <move id="145" source="E4" target="E5"/>
  <move id="146" source="E7" target="E6"/>
  <move id="147" source="E5" target="E4"/>
  <move id="148" source="E6" target="E5"/>
  <move id="149" source="F5" target="F6"/>
  <move id="150" source="E5" target="E4"/>
  <move id="151" source="F4" target="E4"/>
  <player id="1">Player 1</player>
  <player id="2">Player 2</player>
  <result type="3" winner="1"/>
 </game>
</stratego>