<?xml version="1.0" encoding="UTF-8"?>
<stratego>
 <game type="barrage">
  
  <field content="AAAADAAAAMAAAAKAAAAAAAAAAAAALAEADBAAAACAAA__AA__AAAA__AA__AAAAAAAAAAAWAAAAAANAAQAAAAAAAXAYPAAAOAAPAA"/>
  <move id="1" source="E2" target="F2"/>
  <move id="2" source="A:" target="A4"/>
  <move id="3" source="E1" target="E:"/>
  <move id="4" source="H:" target="I:"/>
  <move id="5" source="E:" target="I:"/>
  <move id="6" source="H9" target="H8"/>
  <move id="7" source="C4" target="B4"/>
  <move id="8" source="H8" target="H7"/>
  <move id="9" source="B4" target="B8"/>
  <move id="10" source="H7" target="I7"/>
  <move id="11" source="B8" target="G8"/>
  <move id="12" source="I7" target="I6"/>
  <move id="13" source="F2" target="F3"/>
  <move id="14" source="I6" target="I5"/>
  <move id="15" source="I4" target="I5"/>
  <move id="16" source="K7" target="K6"/>
  <move id="17" source="I3" target="I4"/>
  <move id="18" source="K6" target="K5"/>
  <move id="19" source="F3" target="G3"/>
  <move id="20" source="K5" target="K4"/>
  <move id="21" source="I4" target="K4"/>
  <player id="1">Player 1</player>
  <player id="2">Player 2</player>
  <result type="3" winner="1"/>
 </game>
</stratego>