<?xml version="1.0" encoding="UTF-8"?>
<stratego>
 <game type="barrage">
  
  <field content="CBAAAAAAAAAAAAAAAAAADAAMAALEAKAAADAAAAAAAA__AA__AAAA__AA__AAAAAAAAAAAAPAPAAAAAAAXAAAYQAAWNAAOAAAAAAA"/>
  <move id="1" source="G3" target="G4"/>
  <move id="2" source="A8" target="A3"/>
  <move id="3" source="G4" target="F4"/>
  <move id="4" source="C8" target="A8"/>
  <move id="5" source="D4" target="A4"/>
  <move id="6" source="A8" target="A4"/>
  <move id="7" source="F4" target="F5"/>
  <move id="8" source="A9" target="A8"/>
  <move id="9" source="F5" target="F6"/>
  <move id="10" source="A8" target="A7"/>
  <move id="11" source="F6" target="F7"/>
  <move id="12" source="A7" target="A6"/>
  <move id="13" source="F7" target="F8"/>
  <move id="14" source="A6" target="A5"/>
  <move id="15" source="F8" target="F9"/>
  <move id="16" source="A5" target="A4"/>
  <move id="17" source="F9" target="E9"/>
  <player id="1">Player 1</player>
  <player id="2">Player 2</player>
  <result type="1" winner="1"/>
 </game>
</stratego>