<?xml version="1.0" encoding="UTF-8"?>
<stratego>
 <game type="classic">
  
  <field content="DEJEBGMHBEKDCDEFGDDDHHEJIBBDFBFGILGHDIBFAA__AA__AAAA__AA__AAPPSRSUXSPRPURVPTOWSPRNTQTQQVUTPNQNYNNNQP"/>
  <move id="1" source="B4" target="B5"/>
  <move id="2" source="E7" target="E6"/>
  <move id="3" source="B5" target="B6"/>
  <move id="4" source="D7" target="E7"/>
  <move id="5" source="C4" target="B4"/>
  <move id="6" source="E6" target="F6"/>
  <move id="7" source="B4" target="B5"/>
  <move id="8" source="C7" target="D7"/>
  <move id="9" source="A4" target="A5"/>
  <move id="10" source="C8" target="C7"/>
  <move id="11" source="A5" target="A6"/>
  <move id="12" source="F6" target="F5"/>
  <move id="13" source="B5" target="A5"/>
  <move id="14" source="E7" target="E6"/>
  <move id="15" source="B6" target="B5"/>
  <move id="16" source="D7" target="E7"/>
  <move id="17" source="B5" target="B4"/>
  <move id="18" source="E6" target="E5"/>
  <move id="19" source="A6" target="A7"/>
  <move id="20" source="B7" target="B6"/>
  <move id="21" source="A5" target="A4"/>
  <move id="22" source="C7" target="B7"/>
  <move id="23" source="B4" target="B5"/>
  <move id="24" source="B7" target="A7"/>
  <move id="25" source="B5" target="B6"/>
  <move id="26" source="E7" target="D7"/>
  <move id="27" source="A4" target="B4"/>
  <move id="28" source="D7" target="C7"/>
  <move id="29" source="B4" target="C4"/>
  <move id="30" source="E8" target="E7"/>
  <move id="31" source="B3" target="B4"/>
  <move id="32" source="F8" target="E8"/>
  <move id="33" source="B4" target="A4"/>
  <move id="34" source="E7" target="E6"/>
  <move id="35" source="B6" target="A6"/>
  <move id="36" source="E8" target="E7"/>
  <move id="37" source="B2" target="B8"/>
  <move id="38" source="F7" target="F6"/>
  <move id="39" source="A4" target="B4"/>
  <move id="40" source="G7" target="F7"/>
  <move id="41" source="B4" target="B3"/>
  <move id="42" source="D8" target="D7"/>
  <move id="43" source="B3" target="B2"/>
  <move id="44" source="G8" target="F8"/>
  <move id="45" source="A6" target="A7"/>
  <move id="46" source="C7" target="B7"/>
  <move id="47" source="A7" target="A6"/>
  <move id="48" source="E5" target="E4"/>
  <move id="49" source="A6" target="A5"/>
  <move id="50" source="F5" target="E5"/>
  <move id="51" source="A5" target="A4"/>
  <move id="52" source="E5" target="E4"/>
  <move id="53" source="C3" target="B3"/>
  <move id="54" source="D7" target="C7"/>
  <move id="55" source="B3" target="B4"/>
  <move id="56" source="E7" target="D7"/>
  <move id="57" source="A3" target="B3"/>
  <move id="58" source="F8" target="E8"/>
  <move id="59" source="B3" target="C3"/>
  <move id="60" source="E6" target="E5"/>
  <move id="61" source="A4" target="A3"/>
  <move id="62" source="D7" target="E7"/>
  <move id="63" source="B4" target="A4"/>
  <move id="64" source="E7" target="E6"/>
  <move id="65" source="A4" target="A5"/>
  <move id="66" source="F7" target="E7"/>
  <move id="67" source="A5" target="A6"/>
  <move id="68" source="E7" target="D7"/>
  <move id="69" source="A3" target="B3"/>
  <move id="70" source="H7" target="G7"/>
  <move id="71" source="B3" target="B4"/>
  <move id="72" source="F6" target="F7"/>
  <move id="73" source="B4" target="B5"/>
  <move id="74" source="D7" target="E7"/>
  <move id="75" source="B5" target="B6"/>
  <move id="76" source="F7" target="F8"/>
  <move id="77" source="A6" target="A7"/>
  <move id="78" source="A8" target="A7"/>
  <move id="79" source="A7" target="A6"/>
  <move id="80" source="B7" target="B6"/>
  <move id="81" source="A6" target="A5"/>
  <move id="82" source="I7" target="H7"/>
  <move id="83" source="A5" target="A4"/>
  <move id="84" source="E7" target="D7"/>
  <move id="85" source="A4" target="A3"/>
  <move id="86" source="G7" target="F7"/>
  <move id="87" source="C4" target="B4"/>
  <move id="88" source="D7" target="D8"/>
  <move id="89" source="B4" target="A4"/>
  <move id="90" source="F7" target="E7"/>
  <move id="91" source="A4" target="A5"/>
  <move id="92" source="E7" target="D7"/>
  <move id="93" source="A5" target="A6"/>
  <move id="94" source="C7" target="C8"/>
  <move id="95" source="A6" target="A7"/>
  <move id="96" source="D7" target="C7"/>
  <move id="97" source="C3" target="C4"/>
  <move id="98" source="C7" target="B7"/>
  <move id="99" source="A7" target="A8"/>
  <move id="100" source="C8" target="C7"/>
  <move id="101" source="A8" target="B8"/>
  <move id="102" source="D8" target="D7"/>
  <move id="103" source="A3" target="A4"/>
  <move id="104" source="D7" target="E7"/>
  <move id="105" source="A4" target="A5"/>
  <move id="106" source="E7" target="F7"/>
  <move id="107" source="A5" target="A6"/>
  <move id="108" source="F7" target="E7"/>
  <move id="109" source="C4" target="B4"/>
  <move id="110" source="A9" target="A8"/>
  <move id="111" source="B4" target="B5"/>
  <move id="112" source="A8" target="A7"/>
  <move id="113" source="A6" target="A5"/>
  <move id="114" source="A7" target="A6"/>
  <move id="115" source="A5" target="A4"/>
  <move id="116" source="A6" target="A7"/>
  <move id="117" source="B5" target="A5"/>
  <move id="118" source="A7" target="A8"/>
  <move id="119" source="A5" target="A6"/>
  <move id="120" source="A8" target="B8"/>
  <move id="121" source="A4" target="B4"/>
  <move id="122" source="C7" target="C8"/>
  <move id="123" source="B4" target="C4"/>
  <move id="124" source="B7" target="C7"/>
  <move id="125" source="A6" target="A7"/>
  <move id="126" source="I8" target="I7"/>
  <move id="127" source="E3" target="E4"/>
  <move id="128" source="F8" target="F7"/>
  <move id="129" source="D3" target="E3"/>
  <move id="130" source="E7" target="D7"/>
  <move id="131" source="D2" target="D3"/>
  <move id="132" source="H8" target="G8"/>
  <move id="133" source="D3" target="C3"/>
  <move id="134" source="G8" target="G7"/>
  <move id="135" source="C3" target="B3"/>
  <move id="136" source="F7" target="F8"/>
  <move id="137" source="B3" target="A3"/>
  <move id="138" source="G7" target="G8"/>
  <move id="139" source="A3" target="A4"/>
  <move id="140" source="H7" target="G7"/>
  <move id="141" source="A4" target="A5"/>
  <move id="142" source="G7" target="F7"/>
  <move id="143" source="A5" target="A6"/>
  <move id="144" source="G8" target="G7"/>
  <move id="145" source="C4" target="B4"/>
  <move id="146" source="F7" target="F6"/>
  <move id="147" source="B4" target="B3"/>
  <move id="148" source="E5" target="E4"/>
  <move id="149" source="E3" target="D3"/>
  <move id="150" source="G7" target="F7"/>
  <move id="151" source="E4" target="E3"/>
  <move id="152" source="F6" target="F5"/>
  <move id="153" source="F4" target="E4"/>
  <move id="154" source="E6" target="E5"/>
  <move id="155" source="D3" target="D2"/>
  <move id="156" source="I7" target="H7"/>
  <move id="157" source="E3" target="D3"/>
  <move id="158" source="K7" target="I7"/>
  <move id="159" source="D3" target="C3"/>
  <move id="160" source="H7" target="G7"/>
  <move id="161" source="C3" target="C4"/>
  <move id="162" source="F8" target="G8"/>
  <move id="163" source="C4" target="B4"/>
  <move id="164" source="F7" target="F8"/>
  <move id="165" source="B4" target="A4"/>
  <move id="166" source="G7" target="F7"/>
  <move id="167" source="A4" target="A5"/>
  <move id="168" source="F7" target="F6"/>
  <move id="169" source="A5" target="B5"/>
  <move id="170" source="C7" target="B7"/>
  <move id="171" source="A7" target="A8"/>
  <move id="172" source="D7" target="C7"/>
  <move id="173" source="A6" target="B6"/>
  <move id="174" source="B8" target="A8"/>
  <move id="175" source="B6" target="B7"/>
  <move id="176" source="B7" target="B6"/>
  <move id="177" source="A8" target="A7"/>
  <move id="178" source="B6" target="B5"/>
  <move id="179" source="B5" target="B4"/>
  <move id="180" source="C7" target="B7"/>
  <move id="181" source="A7" target="A8"/>
  <move id="182" source="C8" target="B8"/>
  <move id="183" source="A8" target="A9"/>
  <move id="184" source="B7" target="C7"/>
  <move id="185" source="B4" target="C4"/>
  <move id="186" source="C7" target="C8"/>
  <move id="187" source="B3" target="B4"/>
  <move id="188" source="B8" target="A8"/>
  <move id="189" source="A9" target="A:"/>
  <move id="190" source="A8" target="A9"/>
  <move id="191" source="A:" target="B:"/>
  <move id="192" source="F6" target="F7"/>
  <move id="193" source="B4" target="B5"/>
  <move id="194" source="F7" target="E7"/>
  <move id="195" source="B5" target="B6"/>
  <move id="196" source="E7" target="D7"/>
  <move id="197" source="B6" target="B7"/>
  <move id="198" source="D7" target="C7"/>
  <move id="199" source="B7" target="A7"/>
  <move id="200" source="C7" target="B7"/>
  <move id="201" source="A7" target="A8"/>
  <move id="202" source="B7" target="A7"/>
  <move id="203" source="A8" target="A9"/>
  <move id="204" source="C8" target="C7"/>
  <move id="205" source="G4" target="F4"/>
  <move id="206" source="F5" target="F6"/>
  <move id="207" source="F4" target="F5"/>
  <move id="208" source="E5" target="E6"/>
  <move id="209" source="F5" target="E5"/>
  <move id="210" source="E6" target="E7"/>
  <move id="211" source="E5" target="E7"/>
  <move id="212" source="A9" target="A8"/>
  <move id="213" source="H4" target="G4"/>
  <move id="214" source="A8" target="B8"/>
  <move id="215" source="G4" target="F4"/>
  <move id="216" source="F8" target="F7"/>
  <move id="217" source="F4" target="F5"/>
  <move id="218" source="B8" target="C8"/>
  <move id="219" source="F5" target="E5"/>
  <move id="220" source="A7" target="B7"/>
  <move id="221" source="E5" target="E6"/>
  <move id="222" source="C7" target="D7"/>
  <move id="223" source="E2" target="E3"/>
  <move id="224" source="C8" target="D8"/>
  <move id="225" source="E3" target="D3"/>
  <move id="226" source="I7" target="H7"/>
  <move id="227" source="D3" target="C3"/>
  <move id="228" source="K8" target="I8"/>
  <move id="229" source="C3" target="B3"/>
  <move id="230" source="F7" target="F8"/>
  <move id="231" source="B3" target="B4"/>
  <move id="232" source="H7" target="G7"/>
  <move id="233" source="B4" target="B5"/>
  <move id="234" source="B7" target="C7"/>
  <move id="235" source="B5" target="B6"/>
  <move id="236" source="G7" target="F7"/>
  <move id="237" source="B6" target="B7"/>
  <move id="238" source="F7" target="G7"/>
  <move id="239" source="E6" target="F6"/>
  <move id="240" source="G7" target="F7"/>
  <move id="241" source="F6" target="E6"/>
  <move id="242" source="F7" target="F6"/>
  <move id="243" source="E6" target="E7"/>
  <move id="244" source="D7" target="E7"/>
  <move id="245" source="B7" target="B8"/>
  <move id="246" source="F6" target="E6"/>
  <move id="247" source="B8" target="C8"/>
  <move id="248" source="E7" target="D7"/>
  <move id="249" source="C8" target="C9"/>
  <move id="250" source="C7" target="B7"/>
  <move id="251" source="H3" target="H4"/>
  <move id="252" source="F8" target="F7"/>
  <move id="253" source="H4" target="G4"/>
  <move id="254" source="E8" target="F8"/>
  <move id="255" source="E4" target="E5"/>
  <move id="256" source="E6" target="E7"/>
  <move id="257" source="E5" target="E6"/>
  <move id="258" source="E7" target="E8"/>
  <move id="259" source="G4" target="F4"/>
  <move id="260" source="D7" target="E7"/>
  <move id="261" source="E6" target="E5"/>
  <move id="262" source="E7" target="E6"/>
  <move id="263" source="E5" target="E4"/>
  <move id="264" source="E6" target="E5"/>
  <move id="265" source="E4" target="E3"/>
  <move id="266" source="E5" target="E6"/>
  <move id="267" source="F4" target="F5"/>
  <move id="268" source="I8" target="I7"/>
  <move id="269" source="E3" target="E2"/>
  <move id="270" source="D8" target="D7"/>
  <move id="271" source="A2" target="A3"/>
  <move id="272" source="E8" target="D8"/>
  <move id="273" source="A3" target="A4"/>
  <move id="274" source="D8" target="C8"/>
  <move id="275" source="A4" target="A5"/>
  <move id="276" source="C8" target="B8"/>
  <move id="277" source="A5" target="A6"/>
  <move id="278" source="D7" target="C7"/>
  <move id="279" source="F5" target="E5"/>
  <move id="280" source="E6" target="E5"/>
  <move id="281" source="A6" target="B6"/>
  <move id="282" source="E5" target="E6"/>
  <move id="283" source="B6" target="B7"/>
  <move id="284" source="C7" target="D7"/>
  <move id="285" source="B7" target="B8"/>
  <move id="286" source="F7" target="E7"/>
  <move id="287" source="B8" target="C8"/>
  <move id="288" source="E7" target="E8"/>
  <move id="289" source="C8" target="C9"/>
  <move id="290" source="E8" target="D8"/>
  <move id="291" source="A1" target="A2"/>
  <move id="292" source="D7" target="E7"/>
  <move id="293" source="A2" target="A3"/>
  <move id="294" source="E7" target="F7"/>
  <move id="295" source="A3" target="A4"/>
  <move id="296" source="E6" target="E7"/>
  <move id="297" source="A4" target="A5"/>
  <move id="298" source="E7" target="D7"/>
  <move id="299" source="C9" target="C8"/>
  <move id="300" source="D8" target="C8"/>
  <move id="301" source="A5" target="A6"/>
  <move id="302" source="G8" target="G7"/>
  <move id="303" source="A6" target="A7"/>
  <move id="304" source="F7" target="E7"/>
  <move id="305" source="A7" target="A8"/>
  <move id="306" source="E7" target="E8"/>
  <move id="307" source="H2" target="H3"/>
  <move id="308" source="G7" target="F7"/>
  <move id="309" source="H3" target="H4"/>
  <move id="310" source="H9" target="H8"/>
  <move id="311" source="H4" target="G4"/>
  <move id="312" source="H8" target="H7"/>
  <move id="313" source="G4" target="F4"/>
  <move id="314" source="D7" target="E7"/>
  <move id="315" source="F4" target="F5"/>
  <move id="316" source="E7" target="E6"/>
  <move id="317" source="D2" target="D3"/>
  <move id="318" source="E6" target="F6"/>
  <move id="319" source="F5" target="E5"/>
  <move id="320" source="F7" target="G7"/>
  <move id="321" source="D3" target="E3"/>
  <move id="322" source="G7" target="G8"/>
  <move id="323" source="E3" target="E4"/>
  <move id="324" source="H7" target="G7"/>
  <move id="325" source="E4" target="F4"/>
  <move id="326" source="G7" target="F7"/>
  <move id="327" source="C2" target="C3"/>
  <move id="328" source="F6" target="E6"/>
  <move id="329" source="E5" target="F5"/>
  <move id="330" source="E6" target="E5"/>
  <move id="331" source="C3" target="D3"/>
  <move id="332" source="I7" target="H7"/>
  <move id="333" source="D3" target="E3"/>
  <move id="334" source="E8" target="D8"/>
  <move id="335" source="C1" target="C2"/>
  <move id="336" source="F8" target="E8"/>
  <move id="337" source="C2" target="C3"/>
  <move id="338" source="F7" target="E7"/>
  <move id="339" source="C3" target="B3"/>
  <move id="340" source="H7" target="G7"/>
  <move id="341" source="B3" target="B4"/>
  <move id="342" source="D8" target="C8"/>
  <move id="343" source="F5" target="F6"/>
  <move id="344" source="G7" target="F7"/>
  <move id="345" source="E3" target="E4"/>
  <move id="346" source="E5" target="E6"/>
  <move id="347" source="F4" target="F5"/>
  <move id="348" source="F7" target="F6"/>
  <move id="349" source="E4" target="E5"/>
  <move id="350" source="E6" target="E5"/>
  <move id="351" source="F5" target="F6"/>
  <move id="352" source="E5" target="E6"/>
  <move id="353" source="F6" target="F7"/>
  <move id="354" source="E7" target="F7"/>
  <move id="355" source="B4" target="B5"/>
  <move id="356" source="E8" target="D8"/>
  <move id="357" source="B5" target="B6"/>
  <move id="358" source="E6" target="E7"/>
  <move id="359" source="B6" target="B7"/>
  <move id="360" source="G8" target="F8"/>
  <move id="361" source="B7" target="B8"/>
  <move id="362" source="E7" target="D7"/>
  <move id="363" source="B8" target="C8"/>
  <move id="364" source="D7" target="C7"/>
  <move id="365" source="A8" target="D8"/>
  <move id="366" source="D9" target="D8"/>
  <move id="367" source="I2" target="H2"/>
  <move id="368" source="C7" target="D7"/>
  <move id="369" source="H2" target="H3"/>
  <move id="370" source="D7" target="E7"/>
  <move id="371" source="H3" target="H4"/>
  <move id="372" source="E7" target="E6"/>
  <move id="373" source="C4" target="B4"/>
  <move id="374" source="F8" target="F7"/>
  <move id="375" source="B4" target="B5"/>
  <move id="376" source="F7" target="F6"/>
  <move id="377" source="B5" target="B6"/>
  <move id="378" source="E6" target="E7"/>
  <move id="379" source="B6" target="B7"/>
  <move id="380" source="D8" target="D7"/>
  <move id="381" source="B7" target="C7"/>
  <move id="382" source="F6" target="F5"/>
  <move id="383" source="H4" target="G4"/>
  <move id="384" source="D7" target="D8"/>
  <move id="385" source="C7" target="C8"/>
  <move id="386" source="D8" target="E8"/>
  <move id="387" source="C8" target="D8"/>
  <move id="388" source="E8" target="F8"/>
  <move id="389" source="G4" target="F4"/>
  <move id="390" source="F5" target="F4"/>
  <move id="391" source="B2" target="B3"/>
  <move id="392" source="F4" target="F5"/>
  <move id="393" source="B3" target="B4"/>
  <move id="394" source="F5" target="F6"/>
  <move id="395" source="B4" target="B5"/>
  <move id="396" source="E7" target="E8"/>
  <move id="397" source="D8" target="D7"/>
  <move id="398" source="F8" target="F7"/>
  <move id="399" source="B5" target="B4"/>
  <move id="400" source="F7" target="E7"/>
  <move id="401" source="B4" target="B3"/>
  <move id="402" source="E7" target="E6"/>
  <move id="403" source="B3" target="C3"/>
  <move id="404" source="E6" target="E5"/>
  <move id="405" source="E2" target="E3"/>
  <move id="406" source="F6" target="F5"/>
  <move id="407" source="E3" target="E4"/>
  <move id="408" source="E5" target="E6"/>
  <move id="409" source="C3" target="D3"/>
  <move id="410" source="F5" target="F6"/>
  <move id="411" source="E4" target="E5"/>
  <move id="412" source="E6" target="E7"/>
  <move id="413" source="D3" target="E3"/>
  <move id="414" source="F6" target="F7"/>
  <move id="415" source="E3" target="E2"/>
  <move id="416" source="F7" target="F8"/>
  <move id="417" source="E5" target="E6"/>
  <move id="418" source="E7" target="F7"/>
  <move id="419" source="E6" target="F6"/>
  <move id="420" source="F7" target="G7"/>
  <move id="421" source="F6" target="F5"/>
  <move id="422" source="E8" target="E7"/>
  <move id="423" source="D7" target="D8"/>
  <move id="424" source="F8" target="G8"/>
  <move id="425" source="E2" target="D2"/>
  <move id="426" source="G8" target="H8"/>
  <move id="427" source="D2" target="C2"/>
  <move id="428" source="H8" target="I8"/>
  <move id="429" source="C2" target="B2"/>
  <move id="430" source="G7" target="H7"/>
  <move id="431" source="B2" target="A2"/>
  <move id="432" source="H7" target="I7"/>
  <move id="433" source="A2" target="A3"/>
  <move id="434" source="I7" target="I6"/>
  <move id="435" source="A3" target="A4"/>
  <move id="436" source="I8" target="I7"/>
  <move id="437" source="A4" target="A5"/>
  <move id="438" source="I6" target="I5"/>
  <move id="439" source="A5" target="A4"/>
  <move id="440" source="I7" target="K7"/>
  <move id="441" source="A4" target="B4"/>
  <move id="442" source="I5" target="K5"/>
  <move id="443" source="B4" target="B3"/>
  <move id="444" source="K7" target="K6"/>
  <move id="445" source="B3" target="C3"/>
  <move id="446" source="K5" target="K4"/>
  <move id="447" source="C3" target="D3"/>
  <move id="448" source="K6" target="K5"/>
  <move id="449" source="D3" target="E3"/>
  <move id="450" source="K5" target="K4"/>
  <move id="451" source="E3" target="E4"/>
  <move id="452" source="K4" target="K5"/>
  <move id="453" source="E4" target="E3"/>
  <move id="454" source="K5" target="I5"/>
  <move id="455" source="E3" target="D3"/>
  <move id="456" source="K9" target="K8"/>
  <move id="457" source="D3" target="C3"/>
  <move id="458" source="K8" target="I8"/>
  <move id="459" source="C3" target="B3"/>
  <move id="460" source="K:" target="K9"/>
  <move id="461" source="B1" target="B2"/>
  <move id="462" source="I8" target="H8"/>
  <move id="463" source="B2" target="A2"/>
  <move id="464" source="K9" target="K8"/>
  <move id="465" source="A2" target="A3"/>
  <move id="466" source="K8" target="K7"/>
  <move id="467" source="A3" target="A4"/>
  <move id="468" source="K7" target="K6"/>
  <move id="469" source="A4" target="A5"/>
  <move id="470" source="K6" target="K5"/>
  <move id="471" source="B3" target="C3"/>
  <move id="472" source="K5" target="K4"/>
  <move id="473" source="C3" target="D3"/>
  <move id="474" source="I5" target="K5"/>
  <move id="475" source="D3" target="E3"/>
  <move id="476" source="K5" target="I5"/>
  <move id="477" source="E3" target="E4"/>
  <move id="478" source="K4" target="K5"/>
  <move id="479" source="E4" target="F4"/>
  <move id="480" source="I5" target="I6"/>
  <move id="481" source="A5" target="A6"/>
  <move id="482" source="I6" target="I7"/>
  <move id="483" source="A6" target="A7"/>
  <move id="484" source="I7" target="H7"/>
  <move id="485" source="A7" target="A8"/>
  <move id="486" source="H7" target="G7"/>
  <move id="487" source="A8" target="A9"/>
  <move id="488" source="E7" target="F7"/>
  <move id="489" source="F5" target="E5"/>
  <move id="490" source="F7" target="F6"/>
  <move id="491" source="D8" target="E8"/>
  <move id="492" source="G7" target="F7"/>
  <move id="493" source="F4" target="E4"/>
  <move id="494" source="F6" target="E6"/>
  <move id="495" source="E5" target="F5"/>
  <move id="496" source="E6" target="E7"/>
  <move id="497" source="E8" target="F8"/>
  <move id="498" source="F7" target="F8"/>
  <move id="499" source="F5" target="F6"/>
  <move id="500" source="H8" target="G8"/>
  <move id="501" source="E4" target="E3"/>
  <move id="502" source="G8" target="F8"/>
  <move id="503" source="E3" target="D3"/>
  <move id="504" source="F8" target="E8"/>
  <move id="505" source="D3" target="C3"/>
  <move id="506" source="E8" target="D8"/>
  <move id="507" source="C3" target="C4"/>
  <move id="508" source="D8" target="C8"/>
  <move id="509" source="C4" target="B4"/>
  <move id="510" source="C8" target="B8"/>
  <move id="511" source="B4" target="B5"/>
  <move id="512" source="B8" target="A8"/>
  <move id="513" source="A9" target="B9"/>
  <move id="514" source="A8" target="A9"/>
  <move id="515" source="B9" target="B:"/>
  <move id="516" source="C:" target="B:"/>
  <move id="517" source="B5" target="B6"/>
  <move id="518" source="A9" target="B9"/>
  <move id="519" source="B6" target="A6"/>
  <move id="520" source="B9" target="B8"/>
  <move id="521" source="A6" target="A7"/>
  <move id="522" source="K5" target="K6"/>
  <move id="523" source="F2" target="E2"/>
  <move id="524" source="K6" target="K7"/>
  <move id="525" source="E2" target="D2"/>
  <move id="526" source="K7" target="I7"/>
  <move id="527" source="D2" target="C2"/>
  <move id="528" source="I7" target="H7"/>
  <move id="529" source="C2" target="B2"/>
  <move id="530" source="H7" target="G7"/>
  <move id="531" source="B2" target="B3"/>
  <move id="532" source="G7" target="F7"/>
  <move id="533" source="F6" target="F5"/>
  <move id="534" source="F7" target="F5"/>
  <move id="535" source="B3" target="B4"/>
  <move id="536" source="E7" target="E6"/>
  <move id="537" source="B4" target="B5"/>
  <move id="538" source="E6" target="E5"/>
  <move id="539" source="F5" target="F6"/>
  <move id="540" source="E5" target="E6"/>
  <move id="541" source="F6" target="F5"/>
  <move id="542" source="I9" target="I8"/>
  <move id="543" source="B5" target="B6"/>
  <move id="544" source="I8" target="H8"/>
  <move id="545" source="B6" target="B7"/>
  <move id="546" source="B8" target="A8"/>
  <move id="547" source="A7" target="A6"/>
  <move id="548" source="H8" target="G8"/>
  <move id="549" source="A6" target="A5"/>
  <move id="550" source="G8" target="G7"/>
  <move id="551" source="A5" target="A4"/>
  <move id="552" source="E6" target="E5"/>
  <move id="553" source="F5" target="F4"/>
  <move id="554" source="E5" target="E4"/>
  <move id="555" source="D4" target="E4"/>
  <move id="556" source="G7" target="F7"/>
  <move id="557" source="F4" target="E4"/>
  <move id="558" source="F7" target="E7"/>
  <move id="559" source="E4" target="D4"/>
  <move id="560" source="E7" target="D7"/>
  <move id="561" source="D4" target="E4"/>
  <move id="562" source="D7" target="C7"/>
  <move id="563" source="E4" target="F4"/>
  <move id="564" source="C7" target="B7"/>
  <move id="565" source="F4" target="F5"/>
  <move id="566" source="B7" target="B6"/>
  <move id="567" source="F5" target="F6"/>
  <move id="568" source="B6" target="B5"/>
  <move id="569" source="F6" target="F7"/>
  <move id="570" source="A8" target="A7"/>
  <move id="571" source="F7" target="F8"/>
  <move id="572" source="A7" target="A6"/>
  <move id="573" source="G2" target="F2"/>
  <move id="574" source="B5" target="B4"/>
  <move id="575" source="A4" target="A5"/>
  <move id="576" source="A6" target="A5"/>
  <move id="577" source="F2" target="E2"/>
  <move id="578" source="B4" target="C4"/>
  <move id="579" source="E2" target="D2"/>
  <move id="580" source="C4" target="D4"/>
  <move id="581" source="D2" target="C2"/>
  <move id="582" source="D4" target="E4"/>
  <move id="583" source="C2" target="B2"/>
  <move id="584" source="E4" target="E5"/>
  <move id="585" source="B2" target="B3"/>
  <move id="586" source="E5" target="E6"/>
  <move id="587" source="B3" target="B4"/>
  <move id="588" source="E6" target="E7"/>
  <move id="589" source="B4" target="B5"/>
  <move id="590" source="E9" target="D9"/>
  <move id="591" source="B5" target="B6"/>
  <move id="592" source="D9" target="C9"/>
  <move id="593" source="B6" target="B7"/>
  <move id="594" source="C9" target="C8"/>
  <move id="595" source="I3" target="H3"/>
  <move id="596" source="E7" target="E8"/>
  <move id="597" source="F8" target="F7"/>
  <move id="598" source="C8" target="B8"/>
  <move id="599" source="B7" target="A7"/>
  <move id="600" source="B8" target="A8"/>
  <move id="601" source="A7" target="B7"/>
  <move id="602" source="A8" target="B8"/>
  <move id="603" source="B7" target="A7"/>
  <move id="604" source="B8" target="A8"/>
  <move id="605" source="A7" target="B7"/>
  <move id="606" source="A8" target="B8"/>
  <move id="607" source="B7" target="B6"/>
  <move id="608" source="B8" target="B7"/>
  <move id="609" source="B6" target="B5"/>
  <move id="610" source="B7" target="B6"/>
  <move id="611" source="B5" target="B4"/>
  <move id="612" source="B6" target="B5"/>
  <move id="613" source="B4" target="B3"/>
  <move id="614" source="B5" target="B4"/>
  <move id="615" source="B3" target="A3"/>
  <move id="616" source="B4" target="A4"/>
  <move id="617" source="A3" target="B3"/>
  <move id="618" source="A4" target="B4"/>
  <move id="619" source="B3" target="C3"/>
  <move id="620" source="E8" target="E7"/>
  <move id="621" source="F7" target="F8"/>
  <move id="622" source="E7" target="E6"/>
  <move id="623" source="F8" target="E8"/>
  <move id="624" source="E6" target="E5"/>
  <move id="625" source="E8" target="D8"/>
  <move id="626" source="E5" target="E4"/>
  <move id="627" source="D8" target="D9"/>
  <move id="628" source="E4" target="E3"/>
  <move id="629" source="C3" target="C2"/>
  <move id="630" source="B4" target="B3"/>
  <move id="631" source="D9" target="E9"/>
  <move id="632" source="E3" target="D3"/>
  <move id="633" source="H3" target="H4"/>
  <move id="634" source="B3" target="B2"/>
  <move id="635" source="H4" target="G4"/>
  <move id="636" source="B2" target="C2"/>
  <move id="637" source="G4" target="F4"/>
  <move id="638" source="D3" target="E3"/>
  <move id="639" source="F4" target="F5"/>
  <move id="640" source="E3" target="E4"/>
  <move id="641" source="F5" target="F6"/>
  <move id="642" source="E4" target="E5"/>
  <move id="643" source="E9" target="D9"/>
  <move id="644" source="E5" target="E6"/>
  <move id="645" source="F6" target="F7"/>
  <move id="646" source="E6" target="E7"/>
  <move id="647" source="F7" target="G7"/>
  <move id="648" source="E7" target="F7"/>
  <move id="649" source="G7" target="G8"/>
  <move id="650" source="F7" target="F8"/>
  <move id="651" source="G8" target="H8"/>
  <move id="652" source="F8" target="G8"/>
  <move id="653" source="H8" target="I8"/>
  <move id="654" source="G8" target="H8"/>
  <move id="655" source="I8" target="K8"/>
  <move id="656" source="H8" target="I8"/>
  <move id="657" source="K8" target="K9"/>
  <move id="658" source="I8" target="H8"/>
  <move id="659" source="D9" target="D8"/>
  <move id="660" source="H8" target="G8"/>
  <move id="661" source="D8" target="D7"/>
  <move id="662" source="G8" target="G7"/>
  <move id="663" source="D7" target="E7"/>
  <move id="664" source="G7" target="F7"/>
  <move id="665" source="E7" target="E6"/>
  <move id="666" source="C2" target="C3"/>
  <move id="667" source="K9" target="I9"/>
  <move id="668" source="C3" target="C4"/>
  <move id="669" source="I9" target="I8"/>
  <move id="670" source="C4" target="B4"/>
  <move id="671" source="I8" target="K8"/>
  <move id="672" source="B4" target="B5"/>
  <move id="673" source="K8" target="K7"/>
  <move id="674" source="B5" target="B6"/>
  <move id="675" source="K7" target="K8"/>
  <move id="676" source="B6" target="B7"/>
  <move id="677" source="K8" target="I8"/>
  <move id="678" source="F7" target="E7"/>
  <move id="679" source="E6" target="F6"/>
  <move id="680" source="B7" target="B8"/>
  <move id="681" source="I8" target="I7"/>
  <move id="682" source="E7" target="F7"/>
  <move id="683" source="F6" target="E6"/>
  <move id="684" source="B8" target="B7"/>
  <move id="685" source="I7" target="I8"/>
  <move id="686" source="B7" target="B6"/>
  <move id="687" source="I8" target="I9"/>
  <move id="688" source="B6" target="B5"/>
  <move id="689" source="I9" target="I8"/>
  <move id="690" source="B5" target="B4"/>
  <move id="691" source="I8" target="I7"/>
  <move id="692" source="B4" target="C4"/>
  <move id="693" source="E6" target="E5"/>
  <move id="694" source="F7" target="G7"/>
  <move id="695" source="I7" target="I8"/>
  <move id="696" source="G7" target="G8"/>
  <move id="697" source="I8" target="I9"/>
  <move id="698" source="G8" target="F8"/>
  <move id="699" source="E5" target="E6"/>
  <move id="700" source="F8" target="F7"/>
  <move id="701" source="I9" target="I8"/>
  <move id="702" source="C4" target="B4"/>
  <move id="703" source="I8" target="I9"/>
  <move id="704" source="B4" target="B5"/>
  <move id="705" source="I9" target="H9"/>
  <move id="706" source="B5" target="B6"/>
  <move id="707" source="H9" target="I9"/>
  <move id="708" source="B6" target="B7"/>
  <move id="709" source="I9" target="I8"/>
  <move id="710" source="B7" target="B8"/>
  <move id="711" source="I8" target="I9"/>
  <move id="712" source="B8" target="C8"/>
  <move id="713" source="I9" target="I:"/>
  <move id="714" source="C8" target="D8"/>
  <move id="715" source="I:" target="I9"/>
  <move id="716" source="D8" target="E8"/>
  <move id="717" source="I9" target="H9"/>
  <move id="718" source="E8" target="F8"/>
  <move id="719" source="H9" target="G9"/>
  <move id="720" source="F7" target="G7"/>
  <move id="721" source="E6" target="E7"/>
  <move id="722" source="G7" target="G8"/>
  <move id="723" source="G9" target="G:"/>
  <move id="724" source="G8" target="G7"/>
  <move id="725" source="D1" target="C1"/>
  <move id="726" source="G7" target="F7"/>
  <move id="727" source="E7" target="E8"/>
  <move id="728" source="F8" target="G8"/>
  <move id="729" source="C1" target="B1"/>
  <move id="730" source="F7" target="E7"/>
  <move id="731" source="E8" target="F8"/>
  <move id="732" source="G8" target="G7"/>
  <move id="733" source="B1" target="B2"/>
  <move id="734" source="E7" target="E8"/>
  <move id="735" source="F8" target="F7"/>
  <move id="736" source="G7" target="G8"/>
  <move id="737" source="B2" target="B3"/>
  <move id="738" source="E8" target="D8"/>
  <move id="739" source="B3" target="B4"/>
  <move id="740" source="D8" target="C8"/>
  <move id="741" source="F7" target="E7"/>
  <move id="742" source="G8" target="F8"/>
  <move id="743" source="B4" target="A4"/>
  <move id="744" source="C8" target="B8"/>
  <move id="745" source="A4" target="A5"/>
  <move id="746" source="B8" target="B7"/>
  <move id="747" source="A5" target="A6"/>
  <move id="748" source="B7" target="C7"/>
  <move id="749" source="E7" target="F7"/>
  <move id="750" source="F8" target="E8"/>
  <move id="751" source="A6" target="A5"/>
  <move id="752" source="E8" target="D8"/>
  <move id="753" source="A5" target="A4"/>
  <move id="754" source="D8" target="D9"/>
  <move id="755" source="F7" target="E7"/>
  <move id="756" source="C7" target="D7"/>
  <move id="757" source="E7" target="E8"/>
  <move id="758" source="D9" target="C9"/>
  <move id="759" source="A4" target="A3"/>
  <move id="760" source="C9" target="B9"/>
  <move id="761" source="A3" target="B3"/>
  <move id="762" source="B9" target="B8"/>
  <move id="763" source="B3" target="C3"/>
  <move id="764" source="B8" target="B7"/>
  <move id="765" source="C3" target="D3"/>
  <move id="766" source="D7" target="E7"/>
  <move id="767" source="E8" target="D8"/>
  <move id="768" source="B7" target="B6"/>
  <move id="769" source="D3" target="D2"/>
  <move id="770" source="B6" target="B5"/>
  <move id="771" source="D2" target="C2"/>
  <move id="772" source="B5" target="B4"/>
  <move id="773" source="D8" target="C8"/>
  <move id="774" source="B4" target="B3"/>
  <move id="775" source="C8" target="B8"/>
  <move id="776" source="B3" target="B2"/>
  <move id="777" source="C2" target="C3"/>
  <move id="778" source="E7" target="E6"/>
  <move id="779" source="C3" target="C4"/>
  <move id="780" source="B2" target="B3"/>
  <move id="781" source="B8" target="B7"/>
  <move id="782" source="E6" target="E5"/>
  <move id="783" source="B7" target="B6"/>
  <move id="784" source="E5" target="E4"/>
  <move id="785" source="B6" target="B5"/>
  <move id="786" source="E4" target="D4"/>
  <move id="787" source="C4" target="B4"/>
  <move id="788" source="B3" target="B4"/>
  <move id="789" source="B5" target="B4"/>
  <move id="790" source="D4" target="E4"/>
  <move id="791" source="K2" target="I2"/>
  <move id="792" source="E4" target="E3"/>
  <move id="793" source="I2" target="I3"/>
  <move id="794" source="E3" target="E2"/>
  <move id="795" source="I3" target="H3"/>
  <move id="796" source="E2" target="E3"/>
  <move id="797" source="H3" target="H4"/>
  <move id="798" source="E3" target="E4"/>
  <move id="799" source="H4" target="H3"/>
  <move id="800" source="E4" target="F4"/>
  <move id="801" source="H3" target="H2"/>
  <move id="802" source="F4" target="G4"/>
  <move id="803" source="H2" target="G2"/>
  <move id="804" source="G4" target="F4"/>
  <move id="805" source="G2" target="F2"/>
  <move id="806" source="F4" target="E4"/>
  <move id="807" source="F2" target="E2"/>
  <move id="808" source="E4" target="E3"/>
  <move id="809" source="E2" target="D2"/>
  <move id="810" source="E3" target="E4"/>
  <move id="811" source="D2" target="C2"/>
  <move id="812" source="E4" target="E5"/>
  <move id="813" source="C2" target="B2"/>
  <move id="814" source="E5" target="E6"/>
  <move id="815" source="B2" target="A2"/>
  <move id="816" source="E6" target="E7"/>
  <move id="817" source="A2" target="A3"/>
  <move id="818" source="E7" target="E6"/>
  <move id="819" source="A3" target="A4"/>
  <move id="820" source="E6" target="E5"/>
  <move id="821" source="A4" target="A5"/>
  <move id="822" source="E5" target="E4"/>
  <move id="823" source="A5" target="A6"/>
  <move id="824" source="E4" target="E5"/>
  <move id="825" source="A6" target="A7"/>
  <move id="826" source="E5" target="E6"/>
  <move id="827" source="A7" target="A8"/>
  <move id="828" source="E6" target="E7"/>
  <move id="829" source="A8" target="B8"/>
  <move id="830" source="E7" target="E8"/>
  <move id="831" source="B8" target="B9"/>
  <move id="832" source="E8" target="D8"/>
  <move id="833" source="B9" target="C9"/>
  <move id="834" source="D8" target="D9"/>
  <move id="835" source="C9" target="C8"/>
  <move id="836" source="D9" target="D8"/>
  <move id="837" source="C8" target="C9"/>
  <move id="838" source="D8" target="D9"/>
  <move id="839" source="C9" target="B9"/>
  <move id="840" source="D9" target="C9"/>
  <move id="841" source="B9" target="A9"/>
  <move id="842" source="C9" target="B9"/>
  <move id="843" source="A9" target="A8"/>
  <move id="844" source="B9" target="B8"/>
  <move id="845" source="A8" target="A7"/>
  <move id="846" source="B8" target="B7"/>
  <move id="847" source="A7" target="A8"/>
  <move id="848" source="B7" target="C7"/>
  <move id="849" source="K1" target="K2"/>
  <move id="850" source="C7" target="D7"/>
  <move id="851" source="K2" target="I2"/>
  <move id="852" source="D7" target="E7"/>
  <move id="853" source="I2" target="H2"/>
  <move id="854" source="E7" target="E6"/>
  <move id="855" source="H2" target="G2"/>
  <move id="856" source="E6" target="E5"/>
  <move id="857" source="G2" target="F2"/>
  <move id="858" source="E5" target="E4"/>
  <move id="859" source="F2" target="E2"/>
  <move id="860" source="E4" target="E3"/>
  <move id="861" source="E2" target="D2"/>
  <move id="862" source="F9" target="F8"/>
  <move id="863" source="D2" target="C2"/>
  <move id="864" source="F8" target="F7"/>
  <move id="865" source="C2" target="B2"/>
  <move id="866" source="F7" target="F6"/>
  <move id="867" source="B2" target="B3"/>
  <move id="868" source="E3" target="E4"/>
  <move id="869" source="B3" target="B4"/>
  <move id="870" source="E4" target="E5"/>
  <move id="871" source="B4" target="B5"/>
  <move id="872" source="E5" target="E6"/>
  <move id="873" source="B5" target="B6"/>
  <move id="874" source="E6" target="E7"/>
  <move id="875" source="B6" target="B7"/>
  <move id="876" source="E7" target="D7"/>
  <move id="877" source="B7" target="B8"/>
  <move id="878" source="D7" target="D8"/>
  <move id="879" source="B8" target="B9"/>
  <move id="880" source="D8" target="D9"/>
  <move id="881" source="B9" target="B:"/>
  <move id="882" source="D9" target="C9"/>
  <move id="883" source="A8" target="A7"/>
  <move id="884" source="F6" target="F5"/>
  <move id="885" source="A7" target="B7"/>
  <move id="886" source="F5" target="F4"/>
  <move id="887" source="B7" target="C7"/>
  <move id="888" source="F4" target="F3"/>
  <move id="889" source="C7" target="D7"/>
  <move id="890" source="F3" target="G3"/>
  <move id="891" source="F1" target="F2"/>
  <move id="892" source="G3" target="H3"/>
  <move id="893" source="F2" target="G2"/>
  <move id="894" source="H3" target="H4"/>
  <move id="895" source="D7" target="E7"/>
  <move id="896" source="H4" target="I4"/>
  <move id="897" source="E7" target="F7"/>
  <move id="898" source="I4" target="I5"/>
  <move id="899" source="F7" target="G7"/>
  <move id="900" source="I5" target="I6"/>
  <move id="901" source="G7" target="H7"/>
  <move id="902" source="I6" target="K6"/>
  <move id="903" source="H7" target="I7"/>
  <move id="904" source="K6" target="K5"/>
  <move id="905" source="G2" target="H2"/>
  <move id="906" source="K5" target="K4"/>
  <move id="907" source="H2" target="I2"/>
  <move id="908" source="K4" target="K3"/>
  <move id="909" source="I7" target="K7"/>
  <move id="910" source="K3" target="K4"/>
  <move id="911" source="K7" target="K6"/>
  <move id="912" source="K4" target="I4"/>
  <move id="913" source="I2" target="H2"/>
  <move id="914" source="I4" target="H4"/>
  <move id="915" source="H2" target="G2"/>
  <move id="916" source="H4" target="G4"/>
  <move id="917" source="G2" target="G3"/>
  <move id="918" source="G4" target="F4"/>
  <move id="919" source="G3" target="F3"/>
  <move id="920" source="F4" target="E4"/>
  <move id="921" source="F3" target="E3"/>
  <move id="922" source="E4" target="E5"/>
  <move id="923" source="K6" target="K7"/>
  <move id="924" source="E5" target="E6"/>
  <move id="925" source="K7" target="I7"/>
  <move id="926" source="E6" target="E7"/>
  <move id="927" source="I7" target="H7"/>
  <move id="928" source="E7" target="D7"/>
  <move id="929" source="H7" target="G7"/>
  <move id="930" source="D7" target="C7"/>
  <move id="931" source="G7" target="F7"/>
  <move id="932" source="C9" target="D9"/>
  <move id="933" source="B:" target="B9"/>
  <move id="934" source="C7" target="C8"/>
  <move id="935" source="F7" target="E7"/>
  <move id="936" source="D9" target="D8"/>
  <move id="937" source="E3" target="E4"/>
  <move id="938" source="C8" target="C7"/>
  <move id="939" source="E4" target="D4"/>
  <move id="940" source="D8" target="D7"/>
  <move id="941" source="E7" target="E8"/>
  <move id="942" source="D7" target="D8"/>
  <move id="943" source="E8" target="E7"/>
  <move id="944" source="D8" target="D7"/>
  <move id="945" source="B9" target="C9"/>
  <move id="946" source="D7" target="D8"/>
  <move id="947" source="D4" target="C4"/>
  <move id="948" source="C7" target="B7"/>
  <move id="949" source="C4" target="B4"/>
  <move id="950" source="B7" target="A7"/>
  <move id="951" source="B4" target="B5"/>
  <move id="952" source="A7" target="A8"/>
  <move id="953" source="B5" target="B6"/>
  <move id="954" source="A8" target="A9"/>
  <move id="955" source="B6" target="B7"/>
  <move id="956" source="A9" target="B9"/>
  <move id="957" source="C9" target="C:"/>
  <move id="958" source="D8" target="D9"/>
  <move id="959" source="B7" target="B8"/>
  <move id="960" source="B9" target="B:"/>
  <move id="961" source="C:" target="D:"/>
  <move id="962" source="D9" target="D:"/>
  <move id="963" source="B8" target="B9"/>
  <move id="964" source="B:" target="C:"/>
  <move id="965" source="B9" target="C9"/>
  <move id="966" source="C:" target="B:"/>
  <move id="967" source="C9" target="B9"/>
  <move id="968" source="B:" target="A:"/>
  <move id="969" source="E7" target="E8"/>
  <move id="970" source="D:" target="D9"/>
  <move id="971" source="E8" target="F8"/>
  <move id="972" source="D9" target="E9"/>
  <move id="973" source="F8" target="G8"/>
  <move id="974" source="E9" target="F9"/>
  <move id="975" source="H1" target="H2"/>
  <move id="976" source="F9" target="E9"/>
  <move id="977" source="H2" target="H3"/>
  <move id="978" source="E9" target="D9"/>
  <move id="979" source="H3" target="H4"/>
  <move id="980" source="D9" target="C9"/>
  <move id="981" source="B9" target="A9"/>
  <move id="982" source="A:" target="B:"/>
  <move id="983" source="H4" target="G4"/>
  <move id="984" source="B:" target="C:"/>
  <move id="985" source="G4" target="F4"/>
  <move id="986" source="C9" target="D9"/>
  <move id="987" source="A9" target="B9"/>
  <move id="988" source="D9" target="C9"/>
  <move id="989" source="B9" target="B:"/>
  <move id="990" source="C:" target="D:"/>
  <move id="991" source="F4" target="F5"/>
  <move id="992" source="D:" target="D9"/>
  <move id="993" source="F5" target="F6"/>
  <move id="994" source="D9" target="D8"/>
  <move id="995" source="F6" target="F7"/>
  <move id="996" source="C9" target="D9"/>
  <move id="997" source="B:" target="B9"/>
  <move id="998" source="D8" target="D7"/>
  <move id="999" source="B9" target="B8"/>
  <move id="1000" source="D9" target="E9"/>
  <move id="1001" source="F7" target="E7"/>
  <move id="1002" source="D7" target="D8"/>
  <move id="1003" source="B8" target="C8"/>
  <move id="1004" source="D8" target="D9"/>
  <move id="1005" source="E7" target="F7"/>
  <move id="1006" source="E9" target="F9"/>
  <move id="1007" source="F7" target="E7"/>
  <move id="1008" source="F9" target="F8"/>
  <move id="1009" source="G8" target="G:"/>
  <move id="1010" source="F8" target="E8"/>
  <move id="1011" source="E7" target="F7"/>
  <move id="1012" source="D9" target="E9"/>
  <move id="1013" source="C8" target="C9"/>
  <move id="1014" source="E9" target="F9"/>
  <move id="1015" source="C9" target="D9"/>
  <move id="1016" source="F9" target="G9"/>
  <move id="1017" source="F7" target="G7"/>
  <move id="1018" source="G9" target="H9"/>
  <move id="1019" source="G7" target="G8"/>
  <move id="1020" source="H9" target="I9"/>
  <move id="1021" source="G8" target="H8"/>
  <move id="1022" source="I9" target="K9"/>
  <move id="1023" source="H8" target="I8"/>
  <move id="1024" source="E8" target="E9"/>
  <move id="1025" source="D9" target="D8"/>
  <move id="1026" source="E9" target="D9"/>
  <move id="1027" source="D8" target="E8"/>
  <move id="1028" source="D9" target="E9"/>
  <move id="1029" source="E8" target="F8"/>
  <move id="1030" source="E9" target="F9"/>
  <move id="1031" source="F8" target="E8"/>
  <move id="1032" source="F9" target="E9"/>
  <move id="1033" source="E8" target="F8"/>
  <move id="1034" source="E9" target="F9"/>
  <move id="1035" source="F8" target="E8"/>
  <move id="1036" source="F9" target="E9"/>
  <move id="1037" source="E8" target="F8"/>
  <move id="1038" source="E9" target="F9"/>
  <move id="1039" source="F8" target="G8"/>
  <move id="1040" source="F9" target="G9"/>
  <move id="1041" source="G8" target="F8"/>
  <move id="1042" source="G9" target="F9"/>
  <move id="1043" source="F8" target="E8"/>
  <move id="1044" source="F9" target="F8"/>
  <move id="1045" source="E8" target="E9"/>
  <move id="1046" source="F8" target="F9"/>
  <move id="1047" source="E9" target="E8"/>
  <move id="1048" source="F9" target="F8"/>
  <move id="1049" source="E8" target="E9"/>
  <move id="1050" source="F8" target="F9"/>
  <move id="1051" source="E9" target="E8"/>
  <move id="1052" source="F9" target="F8"/>
  <move id="1053" source="E8" target="E7"/>
  <move id="1054" source="F8" target="E8"/>
  <move id="1055" source="E7" target="F7"/>
  <move id="1056" source="E8" target="F8"/>
  <move id="1057" source="F7" target="E7"/>
  <move id="1058" source="F8" target="E8"/>
  <move id="1059" source="E7" target="F7"/>
  <move id="1060" source="E8" target="F8"/>
  <move id="1061" source="F7" target="E7"/>
  <move id="1062" source="F8" target="E8"/>
  <move id="1063" source="E7" target="F7"/>
  <move id="1064" source="E8" target="E9"/>
  <move id="1065" source="I8" target="K8"/>
  <move id="1066" source="K9" target="I9"/>
  <move id="1067" source="F7" target="G7"/>
  <move id="1068" source="E9" target="E8"/>
  <move id="1069" source="G7" target="G8"/>
  <move id="1070" source="E8" target="F8"/>
  <move id="1071" source="G8" target="G9"/>
  <move id="1072" source="F8" target="G8"/>
  <move id="1073" source="G9" target="H9"/>
  <move id="1074" source="G8" target="H8"/>
  <move id="1075" source="H9" target="I9"/>
  <move id="1076" source="H8" target="I8"/>
  <move id="1077" source="I9" target="H9"/>
  <move id="1078" source="I8" target="K8"/>
  <move id="1079" source="H9" target="G9"/>
  <move id="1080" source="K8" target="I8"/>
  <move id="1081" source="G9" target="F9"/>
  <move id="1082" source="I8" target="H8"/>
  <move id="1083" source="F9" target="F:"/>
  <player id="1">Player 1</player>
  <player id="2">Player 2</player>
  <result type="0" winner="2"/>
 </game>
</stratego>