<?xml version="1.0" encoding="UTF-8"?>
<stratego>
 <game type="classic">
  
  <field content="DBMBDEBEBDDIBHDDIEDFGGICEHJEHBFHKJFGLDFGAA__AA__AAAA__AA__AAQUTPPPRSQQTPQPRNNTPPVUNNRUXWPSVNYNQTOSSR"/>
  <move id="1" source="F4" target="F5"/>
  <move id="2" source="B7" target="B6"/>
  <move id="3" source="E4" target="E5"/>
  <move id="4" source="I7" target="I6"/>
  <move id="5" source="E5" target="E6"/>
  <move id="6" source="E7" target="E6"/>
  <move id="7" source="B4" target="B5"/>
  <move id="8" source="B6" target="B5"/>
  <move id="9" source="E6" target="F6"/>
  <move id="10" source="A7" target="A6"/>
  <move id="11" source="F6" target="F7"/>
  <move id="12" source="G7" target="F7"/>
  <move id="13" source="A4" target="B4"/>
  <move id="14" source="B5" target="B6"/>
  <move id="15" source="A3" target="A4"/>
  <move id="16" source="I6" target="I5"/>
  <move id="17" source="A4" target="A5"/>
  <move id="18" source="A8" target="A7"/>
  <move id="19" source="I4" target="I5"/>
  <move id="20" source="H7" target="I7"/>
  <move id="21" source="F3" target="F4"/>
  <move id="22" source="I7" target="I6"/>
  <move id="23" source="F4" target="E4"/>
  <move id="24" source="I6" target="I5"/>
  <move id="25" source="F5" target="E5"/>
  <move id="26" source="D7" target="E7"/>
  <move id="27" source="F2" target="F8"/>
  <move id="28" source="E7" target="E5"/>
  <move id="29" source="F1" target="F2"/>
  <move id="30" source="I5" target="K5"/>
  <move id="31" source="F2" target="F3"/>
  <move id="32" source="K5" target="K4"/>
  <move id="33" source="F3" target="F4"/>
  <move id="34" source="E8" target="E7"/>
  <move id="35" source="E5" target="E6"/>
  <move id="36" source="E7" target="F7"/>
  <move id="37" source="E6" target="F6"/>
  <move id="38" source="F7" target="E7"/>
  <move id="39" source="E3" target="F3"/>
  <move id="40" source="H8" target="H7"/>
  <move id="41" source="F3" target="F2"/>
  <move id="42" source="H7" target="G7"/>
  <move id="43" source="E4" target="E3"/>
  <move id="44" source="G7" target="F7"/>
  <move id="45" source="E3" target="F3"/>
  <move id="46" source="B6" target="B5"/>
  <move id="47" source="E2" target="E7"/>
  <move id="48" source="B5" target="B4"/>
  <move id="49" source="C4" target="B4"/>
  <move id="50" source="I8" target="I3"/>
  <move id="51" source="F6" target="E6"/>
  <move id="52" source="E7" target="D7"/>
  <move id="53" source="E6" target="F6"/>
  <move id="54" source="F7" target="G7"/>
  <move id="55" source="E1" target="E9"/>
  <move id="56" source="H9" target="H8"/>
  <move id="57" source="F6" target="F7"/>
  <move id="58" source="G7" target="F7"/>
  <move id="59" source="H4" target="I4"/>
  <move id="60" source="H8" target="H7"/>
  <move id="61" source="I4" target="I9"/>
  <move id="62" source="H7" target="I7"/>
  <move id="63" source="F4" target="F5"/>
  <move id="64" source="K7" target="K6"/>
  <move id="65" source="G4" target="F4"/>
  <move id="66" source="I7" target="I6"/>
  <move id="67" source="F4" target="E4"/>
  <move id="68" source="K8" target="K7"/>
  <move id="69" source="E4" target="E5"/>
  <move id="70" source="K6" target="K5"/>
  <move id="71" source="E5" target="E6"/>
  <move id="72" source="F7" target="G7"/>
  <move id="73" source="E6" target="F6"/>
  <move id="74" source="E9" target="E8"/>
  <move id="75" source="F6" target="F7"/>
  <move id="76" source="G7" target="F7"/>
  <move id="77" source="F7" target="E7"/>
  <move id="78" source="I6" target="I5"/>
  <move id="79" source="F5" target="F6"/>
  <move id="80" source="I5" target="I4"/>
  <move id="81" source="F6" target="F7"/>
  <move id="82" source="K7" target="F7"/>
  <move id="83" source="F7" target="F8"/>
  <move id="84" source="E8" target="F8"/>
  <move id="85" source="A5" target="A6"/>
  <move id="86" source="I4" target="I3"/>
  <move id="87" source="E7" target="E6"/>
  <move id="88" source="I:" target="I9"/>
  <move id="89" source="E6" target="E5"/>
  <move id="90" source="I9" target="I8"/>
  <move id="91" source="E5" target="E4"/>
  <move id="92" source="I8" target="I7"/>
  <move id="93" source="E4" target="F4"/>
  <move id="94" source="I3" target="I4"/>
  <move id="95" source="F4" target="G4"/>
  <move id="96" source="I4" target="I5"/>
  <move id="97" source="G4" target="H4"/>
  <move id="98" source="I5" target="I6"/>
  <move id="99" source="I2" target="I3"/>
  <move id="100" source="D7" target="E7"/>
  <move id="101" source="I3" target="I4"/>
  <move id="102" source="I6" target="K6"/>
  <move id="103" source="I4" target="I5"/>
  <move id="104" source="E7" target="E6"/>
  <move id="105" source="I5" target="I7"/>
  <move id="106" source="F8" target="F7"/>
  <move id="107" source="K2" target="I2"/>
  <move id="108" source="B8" target="B4"/>
  <move id="109" source="I2" target="I3"/>
  <move id="110" source="G9" target="H9"/>
  <move id="111" source="I3" target="I4"/>
  <move id="112" source="H9" target="H8"/>
  <move id="113" source="I4" target="K4"/>
  <move id="114" source="H8" target="H7"/>
  <move id="115" source="K4" target="K5"/>
  <move id="116" source="K6" target="K5"/>
  <move id="117" source="H4" target="I4"/>
  <move id="118" source="K5" target="K6"/>
  <move id="119" source="I4" target="I5"/>
  <move id="120" source="K6" target="K7"/>
  <move id="121" source="I5" target="I6"/>
  <move id="122" source="I7" target="I8"/>
  <move id="123" source="I6" target="K6"/>
  <move id="124" source="K7" target="I7"/>
  <move id="125" source="K6" target="K7"/>
  <move id="126" source="I8" target="H8"/>
  <move id="127" source="F2" target="E2"/>
  <move id="128" source="I7" target="I8"/>
  <move id="129" source="E2" target="E3"/>
  <move id="130" source="H7" target="I7"/>
  <move id="131" source="K7" target="I7"/>
  <move id="132" source="G:" target="G9"/>
  <move id="133" source="D4" target="E4"/>
  <move id="134" source="G9" target="H9"/>
  <move id="135" source="E4" target="E5"/>
  <move id="136" source="E6" target="E7"/>
  <move id="137" source="E5" target="E6"/>
  <move id="138" source="F9" target="F8"/>
  <move id="139" source="E6" target="E7"/>
  <move id="140" source="F7" target="G7"/>
  <move id="141" source="E7" target="F7"/>
  <move id="142" source="G7" target="H7"/>
  <move id="143" source="F7" target="F8"/>
  <move id="144" source="H7" target="I7"/>
  <move id="145" source="D3" target="D4"/>
  <move id="146" source="H8" target="H7"/>
  <move id="147" source="D4" target="E4"/>
  <move id="148" source="H7" target="G7"/>
  <move id="149" source="F8" target="F7"/>
  <move id="150" source="G7" target="F7"/>
  <move id="151" source="E4" target="E5"/>
  <move id="152" source="A9" target="A8"/>
  <move id="153" source="E5" target="E6"/>
  <move id="154" source="C7" target="D7"/>
  <move id="155" source="F7" target="E7"/>
  <move id="156" source="D7" target="C7"/>
  <move id="157" source="E7" target="D7"/>
  <move id="158" source="C7" target="B7"/>
  <move id="159" source="D7" target="C7"/>
  <move id="160" source="B7" target="B8"/>
  <move id="161" source="C7" target="B7"/>
  <move id="162" source="I8" target="H8"/>
  <move id="163" source="B7" target="B8"/>
  <move id="164" source="A8" target="B8"/>
  <move id="165" source="G3" target="G4"/>
  <move id="166" source="I7" target="I6"/>
  <move id="167" source="G4" target="F4"/>
  <move id="168" source="A7" target="B7"/>
  <move id="169" source="F4" target="F5"/>
  <move id="170" source="D8" target="E8"/>
  <move id="171" source="F5" target="F6"/>
  <move id="172" source="H8" target="H7"/>
  <move id="173" source="F6" target="F7"/>
  <move id="174" source="H7" target="G7"/>
  <move id="175" source="F7" target="E7"/>
  <move id="176" source="G7" target="F7"/>
  <move id="177" source="E7" target="E8"/>
  <move id="178" source="F7" target="E7"/>
  <move id="179" source="E8" target="F8"/>
  <move id="180" source="E7" target="E6"/>
  <move id="181" source="B4" target="C4"/>
  <move id="182" source="E6" target="E7"/>
  <move id="183" source="C4" target="D4"/>
  <move id="184" source="E7" target="F7"/>
  <move id="185" source="F8" target="E8"/>
  <move id="186" source="K9" target="K8"/>
  <move id="187" source="D4" target="E4"/>
  <move id="188" source="A:" target="A9"/>
  <move id="189" source="E4" target="F4"/>
  <move id="190" source="A9" target="A8"/>
  <move id="191" source="F4" target="G4"/>
  <move id="192" source="A8" target="A7"/>
  <move id="193" source="G4" target="H4"/>
  <move id="194" source="A7" target="A6"/>
  <move id="195" source="H4" target="I4"/>
  <move id="196" source="A6" target="B6"/>
  <move id="197" source="I4" target="I5"/>
  <move id="198" source="I6" target="I7"/>
  <move id="199" source="I5" target="I6"/>
  <move id="200" source="I7" target="I8"/>
  <move id="201" source="I6" target="I7"/>
  <move id="202" source="I8" target="I9"/>
  <move id="203" source="I7" target="I8"/>
  <move id="204" source="K8" target="I8"/>
  <move id="205" source="I8" target="I9"/>
  <move id="206" source="H9" target="G9"/>
  <move id="207" source="K1" target="K2"/>
  <move id="208" source="B6" target="B5"/>
  <move id="209" source="I9" target="H9"/>
  <move id="210" source="G9" target="F9"/>
  <move id="211" source="H9" target="G9"/>
  <move id="212" source="F9" target="E9"/>
  <move id="213" source="E8" target="E9"/>
  <move id="214" source="F7" target="F8"/>
  <move id="215" source="K2" target="I2"/>
  <move id="216" source="F8" target="F9"/>
  <move id="217" source="G9" target="F9"/>
  <move id="218" source="B5" target="B4"/>
  <move id="219" source="E9" target="E8"/>
  <move id="220" source="B4" target="B3"/>
  <move id="221" source="E8" target="E7"/>
  <move id="222" source="B3" target="C3"/>
  <move id="223" source="E7" target="E6"/>
  <move id="224" source="C3" target="C2"/>
  <move id="225" source="I2" target="I:"/>
  <move id="226" source="H:" target="I:"/>
  <move id="227" source="A2" target="A:"/>
  <move id="228" source="I:" target="I9"/>
  <move id="229" source="A:" target="B:"/>
  <move id="230" source="I9" target="I8"/>
  <move id="231" source="A1" target="A9"/>
  <move id="232" source="K:" target="K9"/>
  <move id="233" source="A9" target="B9"/>
  <player id="1">Player 1</player>
  <player id="2">Player 2</player>
  <result type="3" winner="1"/>
 </game>
</stratego>