<?xml version="1.0" encoding="UTF-8"?>
<stratego>
 <game type="classic">
  
  <field content="HDJIDEBMDDEBEEBJEBDDKGCGHFGFBLDIBHGIFFHDAA__AA__AAAA__AA__AASSPWSSUXTPURVQTPVQTUQPTQPPQPPONRNNRNRNNY"/>
  <move id="1" source="I4" target="I5"/>
  <move id="2" source="B7" target="B6"/>
  <move id="3" source="B4" target="B5"/>
  <move id="4" source="K7" target="K4"/>
  <move id="5" source="B5" target="B6"/>
  <move id="6" source="I7" target="I6"/>
  <move id="7" source="I5" target="I6"/>
  <move id="8" source="I8" target="I7"/>
  <move id="9" source="K3" target="K4"/>
  <move id="10" source="I7" target="I6"/>
  <move id="11" source="K4" target="I4"/>
  <move id="12" source="H7" target="I7"/>
  <move id="13" source="K2" target="K3"/>
  <move id="14" source="K8" target="K7"/>
  <move id="15" source="K3" target="K4"/>
  <move id="16" source="K9" target="K8"/>
  <move id="17" source="K1" target="K3"/>
  <move id="18" source="K7" target="K6"/>
  <move id="19" source="K4" target="K6"/>
  <move id="20" source="I6" target="I5"/>
  <move id="21" source="I4" target="I5"/>
  <move id="22" source="I7" target="H7"/>
  <move id="23" source="A4" target="A6"/>
  <move id="24" source="F7" target="F6"/>
  <move id="25" source="A6" target="A7"/>
  <move id="26" source="F6" target="F5"/>
  <move id="27" source="F4" target="F5"/>
  <move id="28" source="G7" target="F7"/>
  <move id="29" source="B6" target="A6"/>
  <move id="30" source="F7" target="F6"/>
  <move id="31" source="A6" target="A7"/>
  <move id="32" source="F6" target="F5"/>
  <move id="33" source="F3" target="F4"/>
  <move id="34" source="E7" target="E6"/>
  <move id="35" source="K3" target="K6"/>
  <move id="36" source="E6" target="E5"/>
  <move id="37" source="E4" target="E5"/>
  <move id="38" source="E8" target="E7"/>
  <move id="39" source="I5" target="I6"/>
  <move id="40" source="K6" target="K5"/>
  <move id="41" source="I6" target="I5"/>
  <move id="42" source="K5" target="K4"/>
  <move id="43" source="I5" target="I6"/>
  <move id="44" source="E7" target="E6"/>
  <move id="45" source="E3" target="E4"/>
  <move id="46" source="E6" target="E5"/>
  <move id="47" source="E4" target="E5"/>
  <move id="48" source="B8" target="B7"/>
  <move id="49" source="I6" target="K6"/>
  <move id="50" source="K8" target="I8"/>
  <move id="51" source="A7" target="B7"/>
  <move id="52" source="C8" target="B8"/>
  <move id="53" source="B7" target="C7"/>
  <move id="54" source="D7" target="C7"/>
  <move id="55" source="K6" target="K5"/>
  <move id="56" source="K4" target="K3"/>
  <move id="57" source="K5" target="K4"/>
  <move id="58" source="K3" target="K2"/>
  <move id="59" source="K4" target="K3"/>
  <move id="60" source="K2" target="I2"/>
  <move id="61" source="K3" target="K2"/>
  <move id="62" source="I2" target="I3"/>
  <move id="63" source="F2" target="F3"/>
  <move id="64" source="C7" target="B7"/>
  <move id="65" source="F3" target="E3"/>
  <move id="66" source="H7" target="G7"/>
  <move id="67" source="E3" target="E4"/>
  <move id="68" source="H8" target="H7"/>
  <move id="69" source="A3" target="A4"/>
  <move id="70" source="B7" target="B6"/>
  <move id="71" source="A4" target="A5"/>
  <move id="72" source="B6" target="B5"/>
  <move id="73" source="A5" target="B5"/>
  <move id="74" source="B8" target="B7"/>
  <move id="75" source="B3" target="B4"/>
  <move id="76" source="B7" target="B6"/>
  <move id="77" source="B4" target="B5"/>
  <move id="78" source="B6" target="B5"/>
  <move id="79" source="E4" target="E5"/>
  <move id="80" source="B5" target="B4"/>
  <move id="81" source="E5" target="E6"/>
  <move id="82" source="G7" target="F7"/>
  <move id="83" source="E6" target="E7"/>
  <move id="84" source="F7" target="E7"/>
  <move id="85" source="D3" target="E3"/>
  <move id="86" source="B4" target="B3"/>
  <move id="87" source="E3" target="E4"/>
  <move id="88" source="B9" target="B4"/>
  <move id="89" source="E4" target="E5"/>
  <move id="90" source="B4" target="C4"/>
  <move id="91" source="C3" target="D3"/>
  <move id="92" source="B3" target="C3"/>
  <move id="93" source="D3" target="E3"/>
  <move id="94" source="C3" target="D3"/>
  <move id="95" source="E3" target="F3"/>
  <move id="96" source="D3" target="E3"/>
  <move id="97" source="F3" target="F2"/>
  <move id="98" source="E3" target="F3"/>
  <move id="99" source="E5" target="E6"/>
  <move id="100" source="F3" target="F2"/>
  <move id="101" source="E6" target="F6"/>
  <move id="102" source="E7" target="F7"/>
  <move id="103" source="F6" target="E6"/>
  <move id="104" source="F7" target="E7"/>
  <move id="105" source="E6" target="F6"/>
  <move id="106" source="E7" target="F7"/>
  <move id="107" source="F6" target="F5"/>
  <move id="108" source="F7" target="F6"/>
  <move id="109" source="F5" target="E5"/>
  <move id="110" source="F6" target="E6"/>
  <move id="111" source="E5" target="E4"/>
  <move id="112" source="E6" target="E5"/>
  <move id="113" source="E4" target="E3"/>
  <move id="114" source="F2" target="F3"/>
  <move id="115" source="E3" target="D3"/>
  <move id="116" source="F3" target="E3"/>
  <move id="117" source="D3" target="C3"/>
  <move id="118" source="E5" target="E6"/>
  <move id="119" source="C3" target="B3"/>
  <move id="120" source="E6" target="E7"/>
  <move id="121" source="H4" target="I4"/>
  <move id="122" source="E3" target="D3"/>
  <move id="123" source="I4" target="I5"/>
  <move id="124" source="D3" target="C3"/>
  <move id="125" source="B3" target="B4"/>
  <move id="126" source="C3" target="B3"/>
  <move id="127" source="B4" target="B5"/>
  <move id="128" source="E7" target="D7"/>
  <move id="129" source="I5" target="I6"/>
  <move id="130" source="B3" target="B4"/>
  <move id="131" source="B5" target="B6"/>
  <move id="132" source="D7" target="C7"/>
  <move id="133" source="B6" target="A6"/>
  <move id="134" source="C7" target="B7"/>
  <move id="135" source="I6" target="I7"/>
  <move id="136" source="B4" target="A4"/>
  <move id="137" source="I7" target="I8"/>
  <move id="138" source="A4" target="A5"/>
  <move id="139" source="I8" target="I9"/>
  <move id="140" source="A5" target="A6"/>
  <move id="141" source="H3" target="H4"/>
  <move id="142" source="H7" target="I7"/>
  <move id="143" source="H4" target="I4"/>
  <move id="144" source="G8" target="H8"/>
  <move id="145" source="I4" target="I5"/>
  <move id="146" source="H8" target="I8"/>
  <move id="147" source="I9" target="H9"/>
  <move id="148" source="G9" target="G8"/>
  <move id="149" source="H9" target="H:"/>
  <move id="150" source="B7" target="C7"/>
  <move id="151" source="K2" target="K3"/>
  <move id="152" source="C7" target="D7"/>
  <move id="153" source="K3" target="K4"/>
  <move id="154" source="I7" target="I6"/>
  <move id="155" source="K4" target="K5"/>
  <move id="156" source="I6" target="I5"/>
  <move id="157" source="K5" target="K6"/>
  <move id="158" source="I8" target="I7"/>
  <move id="159" source="I5" target="I6"/>
  <move id="160" source="D7" target="E7"/>
  <move id="161" source="K6" target="K7"/>
  <move id="162" source="I7" target="I6"/>
  <move id="163" source="K7" target="K6"/>
  <move id="164" source="I6" target="I5"/>
  <move id="165" source="K6" target="K5"/>
  <move id="166" source="I5" target="I4"/>
  <move id="167" source="K5" target="K4"/>
  <move id="168" source="I4" target="H4"/>
  <move id="169" source="K4" target="I4"/>
  <move id="170" source="H4" target="H3"/>
  <move id="171" source="I4" target="H4"/>
  <move id="172" source="H3" target="G3"/>
  <move id="173" source="H4" target="H3"/>
  <move id="174" source="G3" target="F3"/>
  <move id="175" source="C2" target="C3"/>
  <move id="176" source="F3" target="F4"/>
  <move id="177" source="G4" target="H4"/>
  <move id="178" source="E7" target="F7"/>
  <move id="179" source="C3" target="B3"/>
  <move id="180" source="F4" target="G4"/>
  <move id="181" source="C1" target="C2"/>
  <move id="182" source="F7" target="G7"/>
  <move id="183" source="C2" target="C3"/>
  <move id="184" source="G7" target="H7"/>
  <move id="185" source="C3" target="D3"/>
  <move id="186" source="H7" target="I7"/>
  <move id="187" source="D3" target="E3"/>
  <move id="188" source="A6" target="A5"/>
  <move id="189" source="H4" target="G4"/>
  <move id="190" source="I7" target="I6"/>
  <move id="191" source="H3" target="H4"/>
  <move id="192" source="G4" target="G3"/>
  <move id="193" source="H4" target="I4"/>
  <move id="194" source="G3" target="F3"/>
  <move id="195" source="E3" target="F3"/>
  <move id="196" source="A5" target="A4"/>
  <move id="197" source="D4" target="E4"/>
  <move id="198" source="A4" target="B4"/>
  <move id="199" source="E4" target="E5"/>
  <move id="200" source="B4" target="B3"/>
  <move id="201" source="E5" target="E6"/>
  <move id="202" source="E9" target="E6"/>
  <move id="203" source="E6" target="E7"/>
  <move id="204" source="D8" target="C8"/>
  <move id="205" source="E7" target="E8"/>
  <move id="206" source="F8" target="F3"/>
  <move id="207" source="E8" target="E9"/>
  <move id="208" source="F3" target="C3"/>
  <move id="209" source="E9" target="E:"/>
  <move id="210" source="C3" target="C1"/>
  <move id="211" source="E:" target="F:"/>
  <move id="212" source="C1" target="B1"/>
  <move id="213" source="D2" target="D3"/>
  <move id="214" source="I6" target="I5"/>
  <move id="215" source="D3" target="D4"/>
  <move id="216" source="I5" target="I4"/>
  <move id="217" source="D4" target="E4"/>
  <move id="218" source="B3" target="C3"/>
  <move id="219" source="E4" target="E5"/>
  <move id="220" source="C3" target="D3"/>
  <move id="221" source="E5" target="E6"/>
  <move id="222" source="D3" target="E3"/>
  <move id="223" source="E6" target="E7"/>
  <move id="224" source="E3" target="E4"/>
  <move id="225" source="E7" target="E8"/>
  <move id="226" source="E4" target="E5"/>
  <move id="227" source="E8" target="E9"/>
  <move id="228" source="E5" target="E6"/>
  <move id="229" source="E9" target="E:"/>
  <move id="230" source="E6" target="E7"/>
  <move id="231" source="E:" target="F:"/>
  <move id="232" source="G:" target="F:"/>
  <move id="233" source="D1" target="D2"/>
  <move id="234" source="E7" target="E6"/>
  <move id="235" source="A2" target="A3"/>
  <move id="236" source="E6" target="E5"/>
  <move id="237" source="A3" target="A4"/>
  <move id="238" source="E5" target="E4"/>
  <move id="239" source="A4" target="A5"/>
  <move id="240" source="E4" target="E3"/>
  <move id="241" source="A5" target="A6"/>
  <move id="242" source="E3" target="D3"/>
  <move id="243" source="D2" target="C2"/>
  <move id="244" source="A8" target="A7"/>
  <move id="245" source="A6" target="B6"/>
  <move id="246" source="A7" target="B7"/>
  <move id="247" source="B6" target="B5"/>
  <move id="248" source="B7" target="B6"/>
  <move id="249" source="G2" target="G3"/>
  <move id="250" source="B6" target="B5"/>
  <move id="251" source="G3" target="G4"/>
  <move id="252" source="B5" target="B4"/>
  <move id="253" source="G4" target="F4"/>
  <move id="254" source="D3" target="D4"/>
  <move id="255" source="F4" target="F5"/>
  <move id="256" source="D4" target="E4"/>
  <move id="257" source="F5" target="F6"/>
  <move id="258" source="E4" target="F4"/>
  <move id="259" source="F6" target="F7"/>
  <move id="260" source="F4" target="F5"/>
  <move id="261" source="F7" target="E7"/>
  <move id="262" source="F5" target="F6"/>
  <move id="263" source="E7" target="E8"/>
  <move id="264" source="F6" target="F7"/>
  <move id="265" source="E8" target="E9"/>
  <move id="266" source="F7" target="F8"/>
  <move id="267" source="E9" target="D9"/>
  <move id="268" source="B4" target="B3"/>
  <move id="269" source="E1" target="D1"/>
  <move id="270" source="B3" target="C3"/>
  <move id="271" source="D1" target="D4"/>
  <move id="272" source="C3" target="C2"/>
  <move id="273" source="D4" target="E4"/>
  <move id="274" source="F:" target="E:"/>
  <move id="275" source="E4" target="E7"/>
  <move id="276" source="F8" target="F7"/>
  <move id="277" source="E7" target="D7"/>
  <move id="278" source="C8" target="D8"/>
  <move id="279" source="D7" target="C7"/>
  <move id="280" source="D8" target="C8"/>
  <move id="281" source="C7" target="B7"/>
  <move id="282" source="C8" target="B8"/>
  <move id="283" source="B7" target="D7"/>
  <move id="284" source="B8" target="C8"/>
  <move id="285" source="D7" target="D:"/>
  <move id="286" source="C9" target="D9"/>
  <move id="287" source="A1" target="A2"/>
  <move id="288" source="A9" target="A8"/>
  <move id="289" source="A2" target="A3"/>
  <move id="290" source="A8" target="A7"/>
  <move id="291" source="A3" target="A4"/>
  <move id="292" source="A7" target="A6"/>
  <move id="293" source="A4" target="A5"/>
  <move id="294" source="A6" target="B6"/>
  <move id="295" source="A5" target="A6"/>
  <move id="296" source="B6" target="B5"/>
  <move id="297" source="A6" target="A7"/>
  <move id="298" source="B5" target="B4"/>
  <move id="299" source="A7" target="A8"/>
  <move id="300" source="C8" target="B8"/>
  <move id="301" source="A8" target="A9"/>
  <move id="302" source="B8" target="A8"/>
  <move id="303" source="A9" target="B9"/>
  <move id="304" source="B:" target="B9"/>
  <move id="305" source="B9" target="B:"/>
  <move id="306" source="D9" target="C9"/>
  <move id="307" source="B:" target="C:"/>
  <move id="308" source="B4" target="B3"/>
  <move id="309" source="I1" target="K1"/>
  <move id="310" source="F9" target="I9"/>
  <move id="311" source="K1" target="K:"/>
  <player id="1">Player 1</player>
  <player id="2">Player 2</player>
  <result type="1" winner="1"/>
 </game>
</stratego>