<?xml version="1.0" encoding="UTF-8"?>
<stratego>
 <game type="classic">
  
  <field content="EGBEGIMIFDBFDBBKHEEDDBEDHFCJHIDFHBDGJLDGAA__AA__AAAA__AA__AANNPPPPPPQNRRURWXOUUTTTSSNSSRVTPQVNYNPQQQ"/>
  <move id="1" source="K4" target="K5"/>
  <move id="2" source="E7" target="E6"/>
  <move id="3" source="K5" target="K6"/>
  <move id="4" source="F7" target="F6"/>
  <move id="5" source="K6" target="K7"/>
  <move id="6" source="F8" target="F7"/>
  <move id="7" source="I4" target="I7"/>
  <move id="8" source="F7" target="F8"/>
  <move id="9" source="I3" target="I4"/>
  <move id="10" source="G7" target="F7"/>
  <move id="11" source="I4" target="I5"/>
  <move id="12" source="H7" target="G7"/>
  <move id="13" source="I5" target="I6"/>
  <move id="14" source="I7" target="H7"/>
  <move id="15" source="I6" target="I7"/>
  <move id="16" source="I8" target="I7"/>
  <move id="17" source="H4" target="I4"/>
  <move id="18" source="I7" target="I6"/>
  <move id="19" source="I4" target="I5"/>
  <move id="20" source="I6" target="K6"/>
  <move id="21" source="H3" target="I3"/>
  <move id="22" source="I9" target="I8"/>
  <move id="23" source="I3" target="I4"/>
  <move id="24" source="I8" target="I7"/>
  <move id="25" source="I4" target="K4"/>
  <move id="26" source="F6" target="F4"/>
  <move id="27" source="K4" target="K5"/>
  <move id="28" source="I7" target="I6"/>
  <move id="29" source="I5" target="I6"/>
  <move id="30" source="H8" target="I8"/>
  <move id="31" source="I6" target="K6"/>
  <move id="32" source="I8" target="I9"/>
  <move id="33" source="K6" target="I6"/>
  <move id="34" source="G8" target="H8"/>
  <move id="35" source="I6" target="I5"/>
  <move id="36" source="H8" target="I8"/>
  <move id="37" source="I5" target="I4"/>
  <move id="38" source="E6" target="F6"/>
  <move id="39" source="K3" target="I3"/>
  <move id="40" source="H7" target="I7"/>
  <move id="41" source="I3" target="H3"/>
  <move id="42" source="E8" target="E7"/>
  <move id="43" source="I4" target="I5"/>
  <move id="44" source="I7" target="H7"/>
  <move id="45" source="K5" target="K4"/>
  <move id="46" source="H7" target="I7"/>
  <move id="47" source="K4" target="I4"/>
  <move id="48" source="E7" target="E6"/>
  <move id="49" source="K2" target="K6"/>
  <move id="50" source="I8" target="H8"/>
  <move id="51" source="K6" target="I6"/>
  <move id="52" source="H8" target="H7"/>
  <move id="53" source="I6" target="I7"/>
  <move id="54" source="F7" target="E7"/>
  <move id="55" source="I5" target="I6"/>
  <move id="56" source="I9" target="I8"/>
  <move id="57" source="I2" target="K2"/>
  <move id="58" source="I8" target="I9"/>
  <move id="59" source="K2" target="K3"/>
  <move id="60" source="I7" target="I8"/>
  <move id="61" source="K3" target="K4"/>
  <move id="62" source="D8" target="E8"/>
  <move id="63" source="K4" target="K5"/>
  <move id="64" source="G7" target="F7"/>
  <move id="65" source="K5" target="K6"/>
  <move id="66" source="H7" target="G7"/>
  <move id="67" source="K6" target="K7"/>
  <move id="68" source="F8" target="G8"/>
  <move id="69" source="K7" target="K8"/>
  <move id="70" source="G8" target="H8"/>
  <move id="71" source="I6" target="I7"/>
  <move id="72" source="H8" target="H7"/>
  <move id="73" source="I7" target="I6"/>
  <move id="74" source="E6" target="E5"/>
  <move id="75" source="I4" target="K4"/>
  <move id="76" source="F6" target="F5"/>
  <move id="77" source="K4" target="K5"/>
  <move id="78" source="H7" target="H8"/>
  <move id="79" source="I6" target="I7"/>
  <move id="80" source="G7" target="G8"/>
  <move id="81" source="K5" target="K6"/>
  <move id="82" source="H8" target="H7"/>
  <move id="83" source="I7" target="H7"/>
  <move id="84" source="F7" target="G7"/>
  <move id="85" source="K6" target="K7"/>
  <move id="86" source="G7" target="H7"/>
  <move id="87" source="K7" target="K8"/>
  <move id="88" source="H7" target="I7"/>
  <move id="89" source="K1" target="K2"/>
  <move id="90" source="I7" target="I6"/>
  <move id="91" source="K8" target="I8"/>
  <move id="92" source="G8" target="G7"/>
  <move id="93" source="K2" target="K7"/>
  <move id="94" source="I6" target="I5"/>
  <move id="95" source="K7" target="G7"/>
  <move id="96" source="I5" target="I4"/>
  <move id="97" source="H2" target="I2"/>
  <move id="98" source="I4" target="G4"/>
  <move id="99" source="I8" target="I9"/>
  <move id="100" source="E5" target="E4"/>
  <move id="101" source="G4" target="H4"/>
  <move id="102" source="E4" target="F4"/>
  <move id="103" source="H4" target="I4"/>
  <move id="104" source="F4" target="G4"/>
  <move id="105" source="I4" target="I5"/>
  <move id="106" source="G4" target="H4"/>
  <move id="107" source="I5" target="I6"/>
  <move id="108" source="H4" target="I4"/>
  <move id="109" source="I6" target="I7"/>
  <move id="110" source="G9" target="G8"/>
  <move id="111" source="I7" target="H7"/>
  <move id="112" source="I4" target="I5"/>
  <move id="113" source="I9" target="I8"/>
  <move id="114" source="I5" target="I6"/>
  <move id="115" source="I8" target="K8"/>
  <move id="116" source="I6" target="I7"/>
  <move id="117" source="H7" target="H8"/>
  <move id="118" source="F5" target="F6"/>
  <move id="119" source="H8" target="G8"/>
  <move id="120" source="I7" target="H7"/>
  <move id="121" source="G8" target="F8"/>
  <move id="122" source="H7" target="G7"/>
  <move id="123" source="F8" target="E8"/>
  <move id="124" source="G7" target="F7"/>
  <move id="125" source="F3" target="F4"/>
  <move id="126" source="F7" target="F8"/>
  <move id="127" source="E8" target="E7"/>
  <move id="128" source="F8" target="F7"/>
  <move id="129" source="E7" target="E6"/>
  <move id="130" source="F7" target="E7"/>
  <move id="131" source="E6" target="F6"/>
  <move id="132" source="E7" target="E6"/>
  <move id="133" source="F6" target="F7"/>
  <move id="134" source="E6" target="F6"/>
  <move id="135" source="F7" target="E7"/>
  <move id="136" source="F6" target="F7"/>
  <move id="137" source="E7" target="E6"/>
  <move id="138" source="F7" target="E7"/>
  <move id="139" source="E6" target="F6"/>
  <move id="140" source="E7" target="F7"/>
  <move id="141" source="F6" target="E6"/>
  <move id="142" source="F7" target="F8"/>
  <move id="143" source="K8" target="K7"/>
  <move id="144" source="F8" target="G8"/>
  <move id="145" source="F2" target="F3"/>
  <move id="146" source="G8" target="G7"/>
  <move id="147" source="F4" target="F5"/>
  <move id="148" source="G7" target="H7"/>
  <move id="149" source="K7" target="K6"/>
  <move id="150" source="H7" target="I7"/>
  <move id="151" source="F3" target="F4"/>
  <move id="152" source="I7" target="I6"/>
  <move id="153" source="K6" target="K7"/>
  <move id="154" source="I6" target="I7"/>
  <move id="155" source="K7" target="K6"/>
  <move id="156" source="I7" target="I6"/>
  <move id="157" source="K6" target="K7"/>
  <move id="158" source="I6" target="I5"/>
  <move id="159" source="F5" target="F6"/>
  <move id="160" source="I5" target="I4"/>
  <move id="161" source="F4" target="F5"/>
  <move id="162" source="I4" target="I3"/>
  <move id="163" source="F6" target="F7"/>
  <move id="164" source="I3" target="K3"/>
  <move id="165" source="K7" target="I7"/>
  <move id="166" source="K3" target="K2"/>
  <move id="167" source="E6" target="E7"/>
  <move id="168" source="K2" target="K1"/>
  <move id="169" source="F7" target="F8"/>
  <move id="170" source="K1" target="I1"/>
  <move id="171" source="E7" target="E8"/>
  <move id="172" source="I1" target="H1"/>
  <move id="173" source="F8" target="F9"/>
  <move id="174" source="H1" target="G1"/>
  <player id="1">Player 1</player>
  <player id="2">Player 2</player>
  <result type="1" winner="2"/>
 </game>
</stratego>