<?xml version="1.0" encoding="UTF-8"?>
<stratego>
 <game type="classic">
  
  <field content="CBMBIEEIHJGFBJKDFEDBELHDBBFDDGDGDIGHFHEDAA__AA__AAAA__AA__AASPTWRSRXTSPPVQPUQVPPUPSNOPNRQUQNTRNNYNTQ"/>
  <move id="1" source="A4" target="A5"/>
  <move id="2" source="I7" target="I6"/>
  <move id="3" source="B4" target="B5"/>
  <move id="4" source="I6" target="I5"/>
  <move id="5" source="B5" target="B6"/>
  <move id="6" source="K7" target="I7"/>
  <move id="7" source="A3" target="A4"/>
  <move id="8" source="K8" target="K4"/>
  <move id="9" source="A5" target="A6"/>
  <move id="10" source="I8" target="K8"/>
  <move id="11" source="A4" target="A5"/>
  <move id="12" source="K8" target="K3"/>
  <move id="13" source="A2" target="A3"/>
  <move id="14" source="I5" target="K5"/>
  <move id="15" source="A3" target="A4"/>
  <move id="16" source="K5" target="K4"/>
  <move id="17" source="A1" target="A2"/>
  <move id="18" source="K4" target="K3"/>
  <move id="19" source="B3" target="B4"/>
  <move id="20" source="K3" target="K2"/>
  <move id="21" source="B4" target="B5"/>
  <move id="22" source="I7" target="I6"/>
  <move id="23" source="A2" target="A3"/>
  <move id="24" source="I6" target="I5"/>
  <move id="25" source="A3" target="B3"/>
  <move id="26" source="I5" target="K5"/>
  <move id="27" source="C4" target="B4"/>
  <move id="28" source="K5" target="K4"/>
  <move id="29" source="C3" target="C4"/>
  <move id="30" source="K4" target="K3"/>
  <move id="31" source="I4" target="K4"/>
  <move id="32" source="K3" target="K4"/>
  <move id="33" source="B6" target="B7"/>
  <move id="34" source="C7" target="B7"/>
  <move id="35" source="A6" target="A7"/>
  <move id="36" source="B7" target="C7"/>
  <move id="37" source="B3" target="C3"/>
  <move id="38" source="E7" target="E6"/>
  <move id="39" source="B4" target="B3"/>
  <move id="40" source="E6" target="E5"/>
  <move id="41" source="C4" target="B4"/>
  <move id="42" source="E5" target="E4"/>
  <move id="43" source="A4" target="A3"/>
  <move id="44" source="F7" target="E7"/>
  <move id="45" source="A5" target="A4"/>
  <move id="46" source="E7" target="E6"/>
  <move id="47" source="B5" target="B6"/>
  <move id="48" source="E6" target="E5"/>
  <move id="49" source="B4" target="B5"/>
  <move id="50" source="E5" target="E4"/>
  <move id="51" source="B5" target="A5"/>
  <move id="52" source="E8" target="E3"/>
  <move id="53" source="A5" target="A6"/>
  <move id="54" source="A7" target="B7"/>
  <move id="55" source="B6" target="B5"/>
  <move id="56" source="K4" target="I4"/>
  <move id="57" source="A6" target="A7"/>
  <move id="58" source="B7" target="B6"/>
  <move id="59" source="B5" target="B4"/>
  <move id="60" source="B6" target="B5"/>
  <move id="61" source="B4" target="C4"/>
  <move id="62" source="A8" target="A7"/>
  <move id="63" source="A7" target="A8"/>
  <move id="64" source="A9" target="A8"/>
  <move id="65" source="A4" target="A5"/>
  <move id="66" source="A8" target="A7"/>
  <move id="67" source="A3" target="A2"/>
  <move id="68" source="B5" target="B4"/>
  <move id="69" source="A5" target="A6"/>
  <move id="70" source="A7" target="A6"/>
  <move id="71" source="B3" target="A3"/>
  <move id="72" source="B4" target="C4"/>
  <move id="73" source="C4" target="B4"/>
  <move id="74" source="D7" target="E7"/>
  <move id="75" source="B4" target="B5"/>
  <move id="76" source="E7" target="F7"/>
  <move id="77" source="D4" target="E4"/>
  <move id="78" source="F7" target="F6"/>
  <move id="79" source="E4" target="D4"/>
  <move id="80" source="F6" target="E6"/>
  <move id="81" source="D4" target="C4"/>
  <move id="82" source="E6" target="E5"/>
  <move id="83" source="D3" target="D4"/>
  <move id="84" source="E5" target="E4"/>
  <move id="85" source="F4" target="E4"/>
  <move id="86" source="E4" target="D4"/>
  <move id="87" source="C4" target="B4"/>
  <move id="88" source="C7" target="D7"/>
  <move id="89" source="G4" target="F4"/>
  <move id="90" source="D4" target="E4"/>
  <move id="91" source="F4" target="F5"/>
  <move id="92" source="E4" target="E5"/>
  <move id="93" source="F5" target="F6"/>
  <move id="94" source="E5" target="E6"/>
  <move id="95" source="F6" target="F7"/>
  <move id="96" source="E6" target="E7"/>
  <move id="97" source="F7" target="F8"/>
  <move id="98" source="E7" target="F7"/>
  <move id="99" source="D2" target="D3"/>
  <move id="100" source="D7" target="E7"/>
  <move id="101" source="D3" target="D4"/>
  <move id="102" source="E7" target="E8"/>
  <move id="103" source="D4" target="C4"/>
  <move id="104" source="F7" target="F6"/>
  <move id="105" source="B4" target="B3"/>
  <move id="106" source="F6" target="F5"/>
  <move id="107" source="B5" target="B6"/>
  <move id="108" source="A6" target="A5"/>
  <move id="109" source="C4" target="B4"/>
  <move id="110" source="F5" target="F4"/>
  <move id="111" source="B6" target="A6"/>
  <move id="112" source="A5" target="A4"/>
  <move id="113" source="B4" target="A4"/>
  <move id="114" source="F4" target="E4"/>
  <move id="115" source="H4" target="G4"/>
  <move id="116" source="F8" target="F7"/>
  <move id="117" source="A6" target="B6"/>
  <move id="118" source="F7" target="E7"/>
  <move id="119" source="B6" target="B5"/>
  <move id="120" source="F9" target="F3"/>
  <move id="121" source="B5" target="B4"/>
  <move id="122" source="E7" target="F7"/>
  <move id="123" source="B4" target="C4"/>
  <move id="124" source="E4" target="E5"/>
  <move id="125" source="G4" target="F4"/>
  <move id="126" source="F7" target="F8"/>
  <move id="127" source="C4" target="D4"/>
  <move id="128" source="F8" target="F9"/>
  <move id="129" source="F4" target="F5"/>
  <move id="130" source="E5" target="F5"/>
  <move id="131" source="D4" target="E4"/>
  <move id="132" source="I4" target="H4"/>
  <move id="133" source="A4" target="B4"/>
  <move id="134" source="H4" target="H3"/>
  <move id="135" source="I3" target="I4"/>
  <move id="136" source="H3" target="H2"/>
  <move id="137" source="H1" target="H2"/>
  <move id="138" source="H8" target="I8"/>
  <move id="139" source="I4" target="I8"/>
  <move id="140" source="I8" target="I7"/>
  <move id="141" source="B4" target="C4"/>
  <move id="142" source="I7" target="I6"/>
  <move id="143" source="G3" target="G4"/>
  <move id="144" source="I6" target="I5"/>
  <move id="145" source="G2" target="G3"/>
  <move id="146" source="I5" target="I4"/>
  <move id="147" source="G1" target="H1"/>
  <move id="148" source="H7" target="H8"/>
  <move id="149" source="F2" target="G2"/>
  <move id="150" source="G7" target="H7"/>
  <move id="151" source="G2" target="G1"/>
  <move id="152" source="H7" target="I7"/>
  <move id="153" source="H2" target="G2"/>
  <move id="154" source="I7" target="I6"/>
  <move id="155" source="I2" target="H2"/>
  <move id="156" source="I6" target="I5"/>
  <move id="157" source="G2" target="F2"/>
  <move id="158" source="I4" target="K4"/>
  <move id="159" source="H2" target="G2"/>
  <move id="160" source="I5" target="I4"/>
  <move id="161" source="I1" target="I2"/>
  <move id="162" source="I4" target="I3"/>
  <move id="163" source="C4" target="D4"/>
  <move id="164" source="I3" target="H3"/>
  <move id="165" source="D4" target="D3"/>
  <move id="166" source="H3" target="H2"/>
  <move id="167" source="D3" target="D2"/>
  <move id="168" source="H2" target="H1"/>
  <move id="169" source="A3" target="A4"/>
  <move id="170" source="H1" target="I1"/>
  <move id="171" source="A4" target="B4"/>
  <move id="172" source="I1" target="I2"/>
  <move id="173" source="B4" target="C4"/>
  <move id="174" source="F5" target="F6"/>
  <move id="175" source="C4" target="D4"/>
  <move id="176" source="F6" target="E6"/>
  <move id="177" source="D4" target="C4"/>
  <move id="178" source="E6" target="E7"/>
  <move id="179" source="C4" target="B4"/>
  <move id="180" source="E7" target="D7"/>
  <move id="181" source="E4" target="D4"/>
  <move id="182" source="D7" target="C7"/>
  <move id="183" source="D4" target="C4"/>
  <move id="184" source="C7" target="B7"/>
  <move id="185" source="B4" target="A4"/>
  <move id="186" source="B7" target="A7"/>
  <move id="187" source="C4" target="B4"/>
  <move id="188" source="A7" target="B7"/>
  <move id="189" source="B4" target="B5"/>
  <move id="190" source="B7" target="C7"/>
  <move id="191" source="A4" target="B4"/>
  <move id="192" source="C7" target="D7"/>
  <move id="193" source="B4" target="C4"/>
  <move id="194" source="D7" target="E7"/>
  <move id="195" source="C4" target="D4"/>
  <move id="196" source="H8" target="H7"/>
  <move id="197" source="D4" target="E4"/>
  <move id="198" source="H7" target="G7"/>
  <move id="199" source="E4" target="F4"/>
  <move id="200" source="G7" target="F7"/>
  <move id="201" source="G4" target="H4"/>
  <move id="202" source="F7" target="F6"/>
  <move id="203" source="H4" target="H3"/>
  <move id="204" source="F6" target="F5"/>
  <move id="205" source="H3" target="H2"/>
  <move id="206" source="F5" target="F4"/>
  <move id="207" source="H2" target="H3"/>
  <move id="208" source="F4" target="G4"/>
  <move id="209" source="B5" target="B4"/>
  <move id="210" source="E7" target="F7"/>
  <move id="211" source="B4" target="C4"/>
  <move id="212" source="F7" target="G7"/>
  <move id="213" source="C3" target="D3"/>
  <move id="214" source="G7" target="H7"/>
  <move id="215" source="C4" target="D4"/>
  <move id="216" source="H7" target="I7"/>
  <move id="217" source="D4" target="E4"/>
  <move id="218" source="I7" target="I6"/>
  <move id="219" source="E4" target="E5"/>
  <move id="220" source="I6" target="I5"/>
  <move id="221" source="D3" target="D4"/>
  <move id="222" source="I5" target="I4"/>
  <move id="223" source="D4" target="E4"/>
  <move id="224" source="I4" target="I3"/>
  <move id="225" source="E5" target="F5"/>
  <move id="226" source="I3" target="H3"/>
  <move id="227" source="D2" target="D3"/>
  <move id="228" source="H3" target="H2"/>
  <move id="229" source="E2" target="D2"/>
  <move id="230" source="H2" target="G2"/>
  <move id="231" source="D3" target="D4"/>
  <move id="232" source="G2" target="F2"/>
  <move id="233" source="D2" target="D3"/>
  <move id="234" source="F2" target="E2"/>
  <move id="235" source="D3" target="C3"/>
  <move id="236" source="E2" target="D2"/>
  <move id="237" source="E4" target="E5"/>
  <move id="238" source="D2" target="D3"/>
  <move id="239" source="D4" target="E4"/>
  <move id="240" source="D3" target="C3"/>
  <move id="241" source="E4" target="D4"/>
  <move id="242" source="K4" target="I4"/>
  <move id="243" source="E5" target="E4"/>
  <move id="244" source="I4" target="I3"/>
  <move id="245" source="D4" target="C4"/>
  <move id="246" source="I3" target="I2"/>
  <move id="247" source="C4" target="B4"/>
  <move id="248" source="C8" target="C7"/>
  <move id="249" source="B4" target="B5"/>
  <move id="250" source="C7" target="B7"/>
  <move id="251" source="F5" target="E5"/>
  <move id="252" source="B7" target="B6"/>
  <move id="253" source="E5" target="E6"/>
  <move id="254" source="B6" target="B5"/>
  <move id="255" source="E4" target="E5"/>
  <move id="256" source="B8" target="B7"/>
  <move id="257" source="E5" target="F5"/>
  <move id="258" source="B7" target="F7"/>
  <move id="259" source="F5" target="E5"/>
  <move id="260" source="F7" target="F5"/>
  <move id="261" source="E5" target="E4"/>
  <move id="262" source="F5" target="F4"/>
  <move id="263" source="E4" target="D4"/>
  <move id="264" source="F4" target="D4"/>
  <move id="265" source="E6" target="E7"/>
  <move id="266" source="D4" target="D1"/>
  <move id="267" source="E7" target="E8"/>
  <move id="268" source="E9" target="E8"/>
  <player id="1">Player 1</player>
  <player id="2">Player 2</player>
  <result type="3" winner="2"/>
 </game>
</stratego>