<?xml version="1.0" encoding="UTF-8"?>
<stratego>
 <game type="classic">
  
  <field content="BFBGBDEEDHDDHFBDMIEDFIEHEKIGDFBGJLDHCJGBAA__AA__AAAA__AA__AASPPXPSWTNNPQUSQPOPRPNVTUSVQPNNRNUYTQTQRR"/>
  <move id="1" source="F4" target="F5"/>
  <move id="2" source="A7" target="A6"/>
  <move id="3" source="E4" target="E5"/>
  <move id="4" source="B7" target="B4"/>
  <move id="5" source="F3" target="F4"/>
  <move id="6" source="A6" target="B6"/>
  <move id="7" source="G3" target="F3"/>
  <move id="8" source="A8" target="A4"/>
  <move id="9" source="F4" target="E4"/>
  <move id="10" source="B8" target="B7"/>
  <move id="11" source="G4" target="F4"/>
  <move id="12" source="B7" target="A7"/>
  <move id="13" source="F3" target="G3"/>
  <move id="14" source="A7" target="A6"/>
  <move id="15" source="H4" target="G4"/>
  <move id="16" source="B6" target="B5"/>
  <move id="17" source="E3" target="F3"/>
  <move id="18" source="A6" target="A5"/>
  <move id="19" source="D3" target="E3"/>
  <move id="20" source="B5" target="B4"/>
  <move id="21" source="B3" target="B4"/>
  <move id="22" source="C7" target="B7"/>
  <move id="23" source="E3" target="D3"/>
  <move id="24" source="B7" target="B4"/>
  <move id="25" source="H3" target="H4"/>
  <move id="26" source="B9" target="B8"/>
  <move id="27" source="G3" target="H3"/>
  <move id="28" source="B8" target="B7"/>
  <move id="29" source="F3" target="E3"/>
  <move id="30" source="B7" target="B6"/>
  <move id="31" source="G4" target="G3"/>
  <move id="32" source="B6" target="B5"/>
  <move id="33" source="C3" target="B3"/>
  <move id="34" source="C8" target="C7"/>
  <move id="35" source="G3" target="G4"/>
  <move id="36" source="B5" target="B6"/>
  <move id="37" source="E3" target="F3"/>
  <move id="38" source="B6" target="A6"/>
  <move id="39" source="F3" target="G3"/>
  <move id="40" source="C7" target="B7"/>
  <move id="41" source="F4" target="F3"/>
  <move id="42" source="B7" target="B6"/>
  <move id="43" source="F3" target="E3"/>
  <move id="44" source="B6" target="B5"/>
  <move id="45" source="D3" target="C3"/>
  <move id="46" source="D7" target="C7"/>
  <move id="47" source="E4" target="F4"/>
  <move id="48" source="C7" target="B7"/>
  <move id="49" source="E3" target="E4"/>
  <move id="50" source="B5" target="B4"/>
  <move id="51" source="C3" target="D3"/>
  <move id="52" source="B7" target="A7"/>
  <move id="53" source="B3" target="C3"/>
  <move id="54" source="E7" target="D7"/>
  <move id="55" source="E5" target="E6"/>
  <move id="56" source="D7" target="C7"/>
  <move id="57" source="E4" target="E5"/>
  <move id="58" source="C7" target="B7"/>
  <move id="59" source="F5" target="F6"/>
  <move id="60" source="A5" target="A4"/>
  <move id="61" source="A3" target="A4"/>
  <move id="62" source="D8" target="C8"/>
  <move id="63" source="C3" target="B3"/>
  <move id="64" source="B7" target="B3"/>
  <move id="65" source="C4" target="B4"/>
  <move id="66" source="C8" target="C7"/>
  <move id="67" source="D4" target="C4"/>
  <move id="68" source="C7" target="B7"/>
  <move id="69" source="B3" target="C3"/>
  <move id="70" source="B7" target="B6"/>
  <move id="71" source="B4" target="B3"/>
  <move id="72" source="B6" target="B5"/>
  <move id="73" source="D3" target="E3"/>
  <move id="74" source="B5" target="A5"/>
  <move id="75" source="C4" target="B4"/>
  <move id="76" source="A5" target="A4"/>
  <move id="77" source="B4" target="C4"/>
  <move id="78" source="A4" target="A3"/>
  <move id="79" source="B3" target="A3"/>
  <move id="80" source="A7" target="B7"/>
  <move id="81" source="E5" target="E4"/>
  <move id="82" source="B7" target="B6"/>
  <move id="83" source="E4" target="D4"/>
  <move id="84" source="B6" target="B5"/>
  <move id="85" source="C3" target="D3"/>
  <move id="86" source="B5" target="B4"/>
  <move id="87" source="B2" target="B4"/>
  <move id="88" source="A6" target="A5"/>
  <move id="89" source="E3" target="F3"/>
  <move id="90" source="A5" target="A4"/>
  <move id="91" source="C4" target="C3"/>
  <move id="92" source="B4" target="B3"/>
  <move id="93" source="C3" target="B3"/>
  <move id="94" source="A4" target="A3"/>
  <move id="95" source="F4" target="F5"/>
  <move id="96" source="E8" target="D8"/>
  <move id="97" source="D3" target="C3"/>
  <move id="98" source="F8" target="E8"/>
  <move id="99" source="D4" target="E4"/>
  <move id="100" source="F7" target="F6"/>
  <move id="101" source="E4" target="E5"/>
  <move id="102" source="G7" target="F7"/>
  <move id="103" source="C3" target="C4"/>
  <move id="104" source="F7" target="F6"/>
  <move id="105" source="F5" target="F6"/>
  <move id="106" source="E8" target="E7"/>
  <move id="107" source="E6" target="F6"/>
  <move id="108" source="F9" target="F8"/>
  <move id="109" source="F6" target="F5"/>
  <move id="110" source="F8" target="F7"/>
  <move id="111" source="F5" target="F4"/>
  <move id="112" source="F7" target="F6"/>
  <move id="113" source="E5" target="E4"/>
  <move id="114" source="F6" target="E6"/>
  <move id="115" source="F4" target="F5"/>
  <move id="116" source="E6" target="F6"/>
  <move id="117" source="G4" target="F4"/>
  <move id="118" source="F6" target="F5"/>
  <move id="119" source="F4" target="F5"/>
  <move id="120" source="E7" target="E4"/>
  <move id="121" source="C4" target="D4"/>
  <move id="122" source="E4" target="H4"/>
  <move id="123" source="D4" target="E4"/>
  <move id="124" source="H7" target="G7"/>
  <move id="125" source="A2" target="B2"/>
  <move id="126" source="D8" target="C8"/>
  <move id="127" source="B2" target="B:"/>
  <move id="128" source="D9" target="D8"/>
  <move id="129" source="E4" target="D4"/>
  <move id="130" source="D8" target="D7"/>
  <move id="131" source="C2" target="C3"/>
  <move id="132" source="D7" target="E7"/>
  <move id="133" source="D4" target="C4"/>
  <move id="134" source="E7" target="E6"/>
  <move id="135" source="C4" target="B4"/>
  <move id="136" source="E6" target="E5"/>
  <move id="137" source="C3" target="D3"/>
  <move id="138" source="E5" target="F5"/>
  <move id="139" source="D3" target="E3"/>
  <move id="140" source="F5" target="F4"/>
  <move id="141" source="B4" target="B5"/>
  <move id="142" source="G8" target="F8"/>
  <move id="143" source="B5" target="B6"/>
  <move id="144" source="C8" target="D8"/>
  <move id="145" source="E3" target="D3"/>
  <move id="146" source="C9" target="C8"/>
  <move id="147" source="D3" target="C3"/>
  <move id="148" source="F4" target="G4"/>
  <move id="149" source="C3" target="C4"/>
  <move id="150" source="G4" target="H4"/>
  <move id="151" source="H3" target="H4"/>
  <move id="152" source="D8" target="D7"/>
  <move id="153" source="C4" target="B4"/>
  <move id="154" source="D7" target="C7"/>
  <move id="155" source="B4" target="B5"/>
  <move id="156" source="C7" target="B7"/>
  <move id="157" source="B6" target="A6"/>
  <move id="158" source="B7" target="A7"/>
  <move id="159" source="A6" target="A5"/>
  <move id="160" source="A7" target="A6"/>
  <move id="161" source="A5" target="A4"/>
  <move id="162" source="C:" target="C9"/>
  <move id="163" source="B5" target="A5"/>
  <move id="164" source="A6" target="B6"/>
  <move id="165" source="A5" target="B5"/>
  <move id="166" source="B6" target="A6"/>
  <move id="167" source="F3" target="E3"/>
  <move id="168" source="F8" target="F7"/>
  <move id="169" source="E3" target="E4"/>
  <move id="170" source="C8" target="D8"/>
  <move id="171" source="E4" target="E5"/>
  <move id="172" source="D8" target="D7"/>
  <move id="173" source="E5" target="E6"/>
  <move id="174" source="F7" target="E7"/>
  <move id="175" source="E6" target="E7"/>
  <move id="176" source="D7" target="C7"/>
  <move id="177" source="E7" target="D7"/>
  <move id="178" source="C7" target="C8"/>
  <move id="179" source="D7" target="D8"/>
  <move id="180" source="C8" target="B8"/>
  <move id="181" source="D8" target="C8"/>
  <move id="182" source="C9" target="C8"/>
  <move id="183" source="H2" target="H3"/>
  <move id="184" source="B8" target="B9"/>
  <move id="185" source="H3" target="H4"/>
  <move id="186" source="B9" target="C9"/>
  <move id="187" source="H4" target="G4"/>
  <move id="188" source="C9" target="D9"/>
  <move id="189" source="G4" target="F4"/>
  <move id="190" source="C8" target="D8"/>
  <move id="191" source="F4" target="F5"/>
  <move id="192" source="D8" target="D7"/>
  <move id="193" source="F5" target="F6"/>
  <move id="194" source="D9" target="D8"/>
  <move id="195" source="F6" target="E6"/>
  <move id="196" source="D7" target="E7"/>
  <move id="197" source="E6" target="E5"/>
  <move id="198" source="E7" target="E6"/>
  <move id="199" source="E5" target="F5"/>
  <move id="200" source="E6" target="F6"/>
  <move id="201" source="F5" target="E5"/>
  <move id="202" source="D8" target="D7"/>
  <move id="203" source="B5" target="B6"/>
  <move id="204" source="D7" target="E7"/>
  <move id="205" source="B6" target="A6"/>
  <move id="206" source="E7" target="D7"/>
  <move id="207" source="A6" target="B6"/>
  <move id="208" source="D7" target="C7"/>
  <move id="209" source="B6" target="B5"/>
  <move id="210" source="F6" target="E6"/>
  <move id="211" source="E5" target="E4"/>
  <move id="212" source="E6" target="E5"/>
  <move id="213" source="E4" target="D4"/>
  <move id="214" source="E5" target="E4"/>
  <move id="215" source="D4" target="C4"/>
  <move id="216" source="E4" target="D4"/>
  <move id="217" source="C4" target="B4"/>
  <move id="218" source="D4" target="C4"/>
  <move id="219" source="B4" target="C4"/>
  <move id="220" source="C7" target="B7"/>
  <move id="221" source="G3" target="G4"/>
  <move id="222" source="B7" target="B6"/>
  <move id="223" source="G4" target="F4"/>
  <move id="224" source="B6" target="B5"/>
  <move id="225" source="A4" target="A5"/>
  <move id="226" source="G7" target="F7"/>
  <move id="227" source="F4" target="F5"/>
  <move id="228" source="E9" target="D9"/>
  <move id="229" source="F5" target="E5"/>
  <move id="230" source="D9" target="C9"/>
  <move id="231" source="A5" target="A6"/>
  <move id="232" source="C9" target="C8"/>
  <move id="233" source="A6" target="A7"/>
  <move id="234" source="C8" target="B8"/>
  <move id="235" source="E5" target="E6"/>
  <move id="236" source="E:" target="E9"/>
  <move id="237" source="I4" target="I5"/>
  <move id="238" source="E9" target="D9"/>
  <move id="239" source="I5" target="I6"/>
  <move id="240" source="D9" target="D8"/>
  <move id="241" source="I6" target="K6"/>
  <move id="242" source="D8" target="C8"/>
  <move id="243" source="I3" target="I7"/>
  <move id="244" source="C8" target="C7"/>
  <move id="245" source="I2" target="I3"/>
  <move id="246" source="C7" target="B7"/>
  <move id="247" source="A7" target="A6"/>
  <move id="248" source="B7" target="B6"/>
  <move id="249" source="A6" target="A7"/>
  <move id="250" source="B8" target="A8"/>
  <move id="251" source="A7" target="B7"/>
  <move id="252" source="B6" target="B7"/>
  <move id="253" source="I3" target="I4"/>
  <move id="254" source="B7" target="B6"/>
  <move id="255" source="I4" target="I5"/>
  <move id="256" source="B6" target="B5"/>
  <move id="257" source="I5" target="I6"/>
  <move id="258" source="B5" target="B4"/>
  <move id="259" source="I6" target="I7"/>
  <move id="260" source="I8" target="I7"/>
  <move id="261" source="K6" target="I6"/>
  <move id="262" source="B4" target="C4"/>
  <move id="263" source="I6" target="I7"/>
  <move id="264" source="H8" target="B8"/>
  <move id="265" source="I7" target="I8"/>
  <move id="266" source="C4" target="D4"/>
  <move id="267" source="I8" target="I9"/>
  <move id="268" source="D4" target="E4"/>
  <move id="269" source="K3" target="I3"/>
  <move id="270" source="E4" target="E5"/>
  <move id="271" source="I3" target="I4"/>
  <move id="272" source="E5" target="E6"/>
  <player id="1">Player 1</player>
  <player id="2">Player 2</player>
  <result type="3" winner="2"/>
 </game>
</stratego>