<?xml version="1.0" encoding="UTF-8"?>
<stratego>
 <game type="classic">
  
  <field content="GBHMGEEDFDDBIEDDIFDEBGJEDDJCIFHBFLHGKHBBAA__AA__AAAA__AA__AAPPPQSSTXPSPTWOVUQQTUSUPNRNTNVNQQPRPRNYNR"/>
  <move id="1" source="E4" target="E5"/>
  <move id="2" source="B7" target="B4"/>
  <move id="3" source="F4" target="F5"/>
  <move id="4" source="A7" target="A4"/>
  <move id="5" source="D4" target="E4"/>
  <move id="6" source="B8" target="B7"/>
  <move id="7" source="G4" target="F4"/>
  <move id="8" source="B7" target="B6"/>
  <move id="9" source="E5" target="E6"/>
  <move id="10" source="B9" target="B8"/>
  <move id="11" source="E4" target="E5"/>
  <move id="12" source="B8" target="B7"/>
  <move id="13" source="F5" target="F6"/>
  <move id="14" source="B7" target="A7"/>
  <move id="15" source="F4" target="F5"/>
  <move id="16" source="A7" target="A6"/>
  <move id="17" source="E6" target="E7"/>
  <move id="18" source="E8" target="E7"/>
  <move id="19" source="F5" target="F4"/>
  <move id="20" source="E7" target="E8"/>
  <move id="21" source="E5" target="E6"/>
  <move id="22" source="A6" target="A5"/>
  <move id="23" source="E6" target="E7"/>
  <move id="24" source="D7" target="E7"/>
  <move id="25" source="E7" target="E8"/>
  <move id="26" source="D8" target="E8"/>
  <move id="27" source="F6" target="F7"/>
  <move id="28" source="C8" target="D8"/>
  <move id="29" source="F4" target="F5"/>
  <move id="30" source="D8" target="D7"/>
  <move id="31" source="F5" target="F6"/>
  <move id="32" source="D7" target="E7"/>
  <move id="33" source="E3" target="E7"/>
  <move id="34" source="E7" target="F7"/>
  <move id="35" source="F6" target="E6"/>
  <move id="36" source="E8" target="E7"/>
  <move id="37" source="E6" target="E7"/>
  <move id="38" source="F7" target="E7"/>
  <move id="39" source="G3" target="G4"/>
  <move id="40" source="G7" target="F7"/>
  <move id="41" source="G4" target="F4"/>
  <move id="42" source="H7" target="G7"/>
  <move id="43" source="F4" target="E4"/>
  <move id="44" source="C7" target="D7"/>
  <move id="45" source="E4" target="E5"/>
  <move id="46" source="D7" target="E7"/>
  <move id="47" source="E5" target="E6"/>
  <move id="48" source="E7" target="E6"/>
  <move id="49" source="E6" target="E7"/>
  <move id="50" source="F7" target="F6"/>
  <move id="51" source="E7" target="E8"/>
  <move id="52" source="F8" target="F7"/>
  <move id="53" source="E8" target="E7"/>
  <move id="54" source="F7" target="F8"/>
  <move id="55" source="E7" target="E8"/>
  <move id="56" source="F8" target="F7"/>
  <move id="57" source="E8" target="D8"/>
  <move id="58" source="F7" target="E7"/>
  <move id="59" source="D3" target="E3"/>
  <move id="60" source="G7" target="F7"/>
  <move id="61" source="C3" target="D3"/>
  <move id="62" source="F6" target="F5"/>
  <move id="63" source="D8" target="D7"/>
  <move id="64" source="E7" target="E8"/>
  <move id="65" source="D7" target="D8"/>
  <move id="66" source="E8" target="E7"/>
  <move id="67" source="D3" target="D4"/>
  <move id="68" source="F5" target="E5"/>
  <move id="69" source="D4" target="E4"/>
  <move id="70" source="E5" target="E6"/>
  <move id="71" source="E4" target="E5"/>
  <move id="72" source="E6" target="F6"/>
  <move id="73" source="E5" target="F5"/>
  <move id="74" source="I7" target="I4"/>
  <move id="75" source="D8" target="E8"/>
  <move id="76" source="K7" target="K6"/>
  <move id="77" source="E8" target="E9"/>
  <move id="78" source="F7" target="F8"/>
  <move id="79" source="E9" target="D9"/>
  <move id="80" source="F8" target="F7"/>
  <move id="81" source="F5" target="F6"/>
  <move id="82" source="F7" target="F6"/>
  <move id="83" source="F3" target="F6"/>
  <move id="84" source="K6" target="K5"/>
  <move id="85" source="H4" target="G4"/>
  <move id="86" source="K5" target="K4"/>
  <move id="87" source="G4" target="F4"/>
  <move id="88" source="E7" target="E6"/>
  <move id="89" source="F4" target="E4"/>
  <move id="90" source="E6" target="E5"/>
  <move id="91" source="E4" target="E5"/>
  <move id="92" source="E5" target="E4"/>
  <move id="93" source="E3" target="E4"/>
  <move id="94" source="I8" target="I7"/>
  <move id="95" source="F2" target="F6"/>
  <move id="96" source="I7" target="K7"/>
  <move id="97" source="G2" target="G3"/>
  <move id="98" source="I9" target="I8"/>
  <move id="99" source="G3" target="F3"/>
  <move id="100" source="I8" target="I7"/>
  <move id="101" source="F3" target="F4"/>
  <move id="102" source="I7" target="H7"/>
  <move id="103" source="F4" target="E4"/>
  <move id="104" source="H7" target="G7"/>
  <move id="105" source="H2" target="G2"/>
  <move id="106" source="G7" target="F7"/>
  <move id="107" source="G2" target="F2"/>
  <move id="108" source="F7" target="E7"/>
  <move id="109" source="F2" target="F3"/>
  <move id="110" source="E7" target="E6"/>
  <move id="111" source="F3" target="F4"/>
  <move id="112" source="E6" target="E5"/>
  <move id="113" source="F4" target="F5"/>
  <move id="114" source="E5" target="F5"/>
  <move id="115" source="E2" target="E3"/>
  <move id="116" source="F5" target="F4"/>
  <move id="117" source="E3" target="E4"/>
  <move id="118" source="F4" target="E4"/>
  <move id="119" source="C4" target="D4"/>
  <move id="120" source="E4" target="D4"/>
  <move id="121" source="A4" target="A5"/>
  <move id="122" source="K8" target="I8"/>
  <move id="123" source="C2" target="C3"/>
  <move id="124" source="I8" target="I7"/>
  <move id="125" source="C3" target="D3"/>
  <move id="126" source="D4" target="D3"/>
  <move id="127" source="D2" target="D3"/>
  <move id="128" source="D3" target="D4"/>
  <move id="129" source="B3" target="C3"/>
  <move id="130" source="I7" target="H7"/>
  <move id="131" source="C3" target="D3"/>
  <move id="132" source="D4" target="D3"/>
  <move id="133" source="H3" target="G3"/>
  <move id="134" source="D3" target="D4"/>
  <move id="135" source="G3" target="F3"/>
  <move id="136" source="H7" target="G7"/>
  <move id="137" source="F3" target="F4"/>
  <move id="138" source="G7" target="F7"/>
  <move id="139" source="F4" target="F5"/>
  <move id="140" source="F6" target="F5"/>
  <move id="141" source="F1" target="F2"/>
  <move id="142" source="F7" target="E7"/>
  <move id="143" source="F2" target="F3"/>
  <move id="144" source="E7" target="E6"/>
  <move id="145" source="F3" target="F4"/>
  <move id="146" source="F5" target="F4"/>
  <move id="147" source="I3" target="H3"/>
  <move id="148" source="E6" target="E5"/>
  <move id="149" source="H3" target="G3"/>
  <move id="150" source="F4" target="G4"/>
  <move id="151" source="G3" target="G4"/>
  <move id="152" source="E5" target="E4"/>
  <move id="153" source="G1" target="G2"/>
  <move id="154" source="E4" target="F4"/>
  <move id="155" source="G2" target="G3"/>
  <move id="156" source="E:" target="E1"/>
  <move id="157" source="G3" target="G4"/>
  <move id="158" source="G4" target="G3"/>
  <move id="159" source="I2" target="F2"/>
  <move id="160" source="G8" target="F8"/>
  <move id="161" source="F2" target="F4"/>
  <move id="162" source="F8" target="E8"/>
  <move id="163" source="H1" target="G1"/>
  <move id="164" source="E8" target="E7"/>
  <move id="165" source="K2" target="I2"/>
  <move id="166" source="E7" target="E6"/>
  <move id="167" source="I2" target="H2"/>
  <move id="168" source="E6" target="E5"/>
  <move id="169" source="H2" target="G2"/>
  <move id="170" source="E5" target="E4"/>
  <move id="171" source="G2" target="G3"/>
  <move id="172" source="E4" target="E3"/>
  <move id="173" source="G1" target="G3"/>
  <move id="174" source="E3" target="E2"/>
  <move id="175" source="E1" target="E2"/>
  <move id="176" source="A8" target="E8"/>
  <move id="177" source="E2" target="E3"/>
  <move id="178" source="E8" target="E7"/>
  <move id="179" source="C1" target="C2"/>
  <move id="180" source="E7" target="E6"/>
  <move id="181" source="C2" target="C3"/>
  <move id="182" source="D4" target="D3"/>
  <move id="183" source="C3" target="D3"/>
  <move id="184" source="D3" target="E3"/>
  <move id="185" source="K3" target="I3"/>
  <move id="186" source="E6" target="E5"/>
  <move id="187" source="I3" target="H3"/>
  <move id="188" source="E5" target="E4"/>
  <move id="189" source="H3" target="G3"/>
  <move id="190" source="E4" target="D4"/>
  <move id="191" source="I1" target="H1"/>
  <move id="192" source="D4" target="D2"/>
  <move id="193" source="H1" target="G1"/>
  <move id="194" source="D2" target="D1"/>
  <player id="1">Player 1</player>
  <player id="2">Player 2</player>
  <result type="1" winner="2"/>
 </game>
</stratego>