<?xml version="1.0" encoding="UTF-8"?>
<stratego>
 <game type="classic">
  
  <field content="FEFDEEEGBMBHBJIJHIIBBBCHDDDDHKFGLDDGEDFGAA__AA__AAAA__AA__AATPPVPSTPPSSNTNRPNWRUSOXQPUQTNVUNRYRPQQNQ"/>
  <move id="1" source="A4" target="A5"/>
  <move id="2" source="B7" target="B6"/>
  <move id="3" source="F4" target="F5"/>
  <move id="4" source="B6" target="A6"/>
  <move id="5" source="B4" target="A4"/>
  <move id="6" source="C7" target="B7"/>
  <move id="7" source="E4" target="E5"/>
  <move id="8" source="E7" target="E5"/>
  <move id="9" source="K4" target="K5"/>
  <move id="10" source="F7" target="F6"/>
  <move id="11" source="F3" target="F4"/>
  <move id="12" source="I7" target="I6"/>
  <move id="13" source="K3" target="K4"/>
  <move id="14" source="I6" target="I4"/>
  <move id="15" source="I4" target="I5"/>
  <move id="16" source="K7" target="I7"/>
  <move id="17" source="H4" target="I4"/>
  <move id="18" source="I7" target="I6"/>
  <move id="19" source="K5" target="K6"/>
  <move id="20" source="I6" target="I5"/>
  <move id="21" source="I4" target="H4"/>
  <move id="22" source="H7" target="I7"/>
  <move id="23" source="I3" target="I4"/>
  <move id="24" source="I7" target="K7"/>
  <move id="25" source="K6" target="I6"/>
  <move id="26" source="I5" target="K5"/>
  <move id="27" source="K4" target="K3"/>
  <move id="28" source="K7" target="K6"/>
  <move id="29" source="I4" target="K4"/>
  <move id="30" source="K6" target="I6"/>
  <move id="31" source="K4" target="K5"/>
  <move id="32" source="I8" target="I7"/>
  <move id="33" source="I6" target="I7"/>
  <move id="34" source="K8" target="K7"/>
  <move id="35" source="I7" target="I8"/>
  <move id="36" source="H8" target="H7"/>
  <move id="37" source="I8" target="I9"/>
  <move id="38" source="K7" target="I7"/>
  <move id="39" source="H4" target="I4"/>
  <move id="40" source="I7" target="I6"/>
  <move id="41" source="I4" target="I5"/>
  <move id="42" source="I6" target="K6"/>
  <move id="43" source="K5" target="K4"/>
  <move id="44" source="H9" target="H8"/>
  <move id="45" source="A5" target="A6"/>
  <move id="46" source="A7" target="A6"/>
  <move id="47" source="A4" target="A5"/>
  <move id="48" source="A6" target="B6"/>
  <move id="49" source="A5" target="A6"/>
  <move id="50" source="H8" target="I8"/>
  <move id="51" source="A6" target="A7"/>
  <move id="52" source="D7" target="C7"/>
  <move id="53" source="A7" target="A8"/>
  <move id="54" source="B7" target="A7"/>
  <move id="55" source="C4" target="B4"/>
  <move id="56" source="C7" target="B7"/>
  <move id="57" source="B4" target="B5"/>
  <move id="58" source="I8" target="I7"/>
  <move id="59" source="B5" target="B6"/>
  <move id="60" source="B7" target="C7"/>
  <move id="61" source="B6" target="A6"/>
  <move id="62" source="A7" target="A8"/>
  <move id="63" source="A6" target="A7"/>
  <move id="64" source="C7" target="D7"/>
  <move id="65" source="D4" target="B4"/>
  <move id="66" source="C8" target="C7"/>
  <move id="67" source="B4" target="B8"/>
  <move id="68" source="I7" target="I6"/>
  <move id="69" source="A7" target="A8"/>
  <move id="70" source="C7" target="B7"/>
  <move id="71" source="F4" target="B4"/>
  <move id="72" source="C9" target="C8"/>
  <move id="73" source="B4" target="B7"/>
  <move id="74" source="C8" target="C7"/>
  <move id="75" source="A8" target="A7"/>
  <move id="76" source="B7" target="B6"/>
  <move id="77" source="D3" target="D4"/>
  <move id="78" source="B6" target="B5"/>
  <move id="79" source="D4" target="C4"/>
  <move id="80" source="B5" target="B6"/>
  <move id="81" source="C4" target="B4"/>
  <move id="82" source="B6" target="B7"/>
  <move id="83" source="B4" target="B5"/>
  <move id="84" source="I6" target="I5"/>
  <move id="85" source="B5" target="B6"/>
  <move id="86" source="I5" target="I4"/>
  <move id="87" source="K4" target="K5"/>
  <move id="88" source="K6" target="K5"/>
  <move id="89" source="B6" target="B7"/>
  <move id="90" source="F6" target="F5"/>
  <move id="91" source="I2" target="I3"/>
  <move id="92" source="I4" target="K4"/>
  <move id="93" source="I3" target="I4"/>
  <move id="94" source="K4" target="K3"/>
  <move id="95" source="K3" target="K4"/>
  <move id="96" source="K5" target="K6"/>
  <move id="97" source="G4" target="F4"/>
  <move id="98" source="K6" target="K7"/>
  <move id="99" source="E3" target="E4"/>
  <move id="100" source="K7" target="K8"/>
  <move id="101" source="E4" target="B4"/>
  <move id="102" source="C7" target="C8"/>
  <move id="103" source="A7" target="B7"/>
  <move id="104" source="K8" target="I8"/>
  <move id="105" source="B4" target="A4"/>
  <move id="106" source="H7" target="I7"/>
  <move id="107" source="A4" target="A9"/>
  <move id="108" source="I7" target="I6"/>
  <move id="109" source="I4" target="H4"/>
  <move id="110" source="I6" target="I5"/>
  <move id="111" source="H3" target="I3"/>
  <move id="112" source="I5" target="I4"/>
  <move id="113" source="K4" target="K5"/>
  <move id="114" source="I4" target="H4"/>
  <move id="115" source="F4" target="E4"/>
  <move id="116" source="H4" target="I4"/>
  <move id="117" source="B7" target="A7"/>
  <move id="118" source="I4" target="I3"/>
  <move id="119" source="A7" target="A8"/>
  <move id="120" source="I3" target="I4"/>
  <move id="121" source="A8" target="A9"/>
  <move id="122" source="B9" target="A9"/>
  <move id="123" source="K5" target="K6"/>
  <move id="124" source="I4" target="I5"/>
  <move id="125" source="K6" target="K7"/>
  <move id="126" source="I5" target="I6"/>
  <move id="127" source="K7" target="K8"/>
  <move id="128" source="I8" target="I7"/>
  <move id="129" source="K8" target="I8"/>
  <move id="130" source="I7" target="K7"/>
  <move id="131" source="I8" target="I9"/>
  <player id="1">Player 1</player>
  <player id="2">Player 2</player>
  <result type="3" winner="2"/>
 </game>
</stratego>