<?xml version="1.0" encoding="UTF-8"?>
<stratego>
 <game type="classic">
  
  <field content="IGDHBMBIGDEFBEGBCJGEHDBKEDJEHFDDFIFDHLBDAA__AA__AAAA__AA__AAUPWTRSUVTRXTOVSNSNSNPPPPPRNURQQPPQQNYNTQ"/>
  <move id="1" source="B4" target="B5"/>
  <move id="2" source="E7" target="E6"/>
  <move id="3" source="B5" target="A5"/>
  <move id="4" source="B7" target="B3"/>
  <move id="5" source="A5" target="B5"/>
  <move id="6" source="E8" target="E7"/>
  <move id="7" source="F4" target="F7"/>
  <move id="8" source="B8" target="B7"/>
  <move id="9" source="B5" target="A5"/>
  <move id="10" source="B7" target="B6"/>
  <move id="11" source="K4" target="K5"/>
  <move id="12" source="B6" target="B5"/>
  <move id="13" source="A5" target="A6"/>
  <move id="14" source="A7" target="A6"/>
  <move id="15" source="K5" target="I5"/>
  <move id="16" source="B5" target="B4"/>
  <move id="17" source="I5" target="I7"/>
  <move id="18" source="B4" target="B3"/>
  <move id="19" source="A3" target="B3"/>
  <move id="20" source="B9" target="B2"/>
  <move id="21" source="A4" target="B4"/>
  <move id="22" source="A6" target="B6"/>
  <move id="23" source="B4" target="A4"/>
  <move id="24" source="B6" target="A6"/>
  <move id="25" source="A4" target="B4"/>
  <move id="26" source="A6" target="B6"/>
  <move id="27" source="B4" target="B3"/>
  <move id="28" source="B6" target="B5"/>
  <move id="29" source="B3" target="A3"/>
  <move id="30" source="B5" target="A5"/>
  <move id="31" source="B2" target="B3"/>
  <move id="32" source="A5" target="A4"/>
  <move id="33" source="F3" target="F4"/>
  <move id="34" source="C7" target="B7"/>
  <move id="35" source="F4" target="F5"/>
  <move id="36" source="D7" target="C7"/>
  <move id="37" source="E4" target="E5"/>
  <move id="38" source="B7" target="B8"/>
  <move id="39" source="F5" target="F4"/>
  <move id="40" source="C7" target="B7"/>
  <move id="41" source="F4" target="F3"/>
  <move id="42" source="B7" target="B6"/>
  <move id="43" source="G4" target="F4"/>
  <move id="44" source="B6" target="B5"/>
  <move id="45" source="F4" target="F5"/>
  <move id="46" source="B5" target="B4"/>
  <move id="47" source="F5" target="F6"/>
  <move id="48" source="A4" target="A3"/>
  <move id="49" source="B3" target="B4"/>
  <move id="50" source="A3" target="A2"/>
  <move id="51" source="E5" target="F5"/>
  <move id="52" source="A2" target="A1"/>
  <move id="53" source="H4" target="G4"/>
  <move id="54" source="B4" target="C4"/>
  <move id="55" source="D4" target="C4"/>
  <move id="56" source="E6" target="E5"/>
  <move id="57" source="C4" target="D4"/>
  <move id="58" source="E5" target="E4"/>
  <move id="59" source="D4" target="E4"/>
  <move id="60" source="E7" target="E6"/>
  <move id="61" source="F5" target="E5"/>
  <move id="62" source="E6" target="F6"/>
  <move id="63" source="F6" target="F5"/>
  <move id="64" source="F7" target="E7"/>
  <move id="65" source="G4" target="F4"/>
  <move id="66" source="E7" target="D7"/>
  <move id="67" source="F5" target="F6"/>
  <move id="68" source="D7" target="C7"/>
  <move id="69" source="F4" target="F5"/>
  <move id="70" source="C7" target="B7"/>
  <move id="71" source="F3" target="F4"/>
  <move id="72" source="B7" target="B6"/>
  <move id="73" source="E4" target="D4"/>
  <move id="74" source="B6" target="A6"/>
  <move id="75" source="D4" target="C4"/>
  <move id="76" source="A6" target="A5"/>
  <move id="77" source="C4" target="B4"/>
  <move id="78" source="B8" target="B7"/>
  <move id="79" source="B4" target="A4"/>
  <move id="80" source="A5" target="B5"/>
  <move id="81" source="F4" target="E4"/>
  <move id="82" source="B7" target="B6"/>
  <move id="83" source="E4" target="D4"/>
  <move id="84" source="B5" target="A5"/>
  <move id="85" source="A4" target="A5"/>
  <move id="86" source="B6" target="B5"/>
  <move id="87" source="A5" target="A4"/>
  <move id="88" source="B5" target="B4"/>
  <move id="89" source="A4" target="A3"/>
  <move id="90" source="B4" target="B3"/>
  <move id="91" source="A3" target="A4"/>
  <move id="92" source="A8" target="A7"/>
  <move id="93" source="D4" target="C4"/>
  <move id="94" source="A7" target="A6"/>
  <move id="95" source="A4" target="B4"/>
  <move id="96" source="A6" target="B6"/>
  <move id="97" source="B4" target="B3"/>
  <move id="98" source="B6" target="B5"/>
  <move id="99" source="C4" target="B4"/>
  <move id="100" source="B5" target="B4"/>
  <move id="101" source="F5" target="F4"/>
  <move id="102" source="A9" target="A2"/>
  <move id="103" source="F4" target="E4"/>
  <move id="104" source="A2" target="C2"/>
  <move id="105" source="E4" target="D4"/>
  <move id="106" source="C9" target="A9"/>
  <move id="107" source="D4" target="C4"/>
  <move id="108" source="B4" target="C4"/>
  <move id="109" source="G3" target="G4"/>
  <move id="110" source="B3" target="B4"/>
  <move id="111" source="G4" target="F4"/>
  <move id="112" source="B4" target="C4"/>
  <move id="113" source="E5" target="E4"/>
  <move id="114" source="C4" target="D4"/>
  <move id="115" source="D3" target="D4"/>
  <move id="116" source="D8" target="D7"/>
  <move id="117" source="F4" target="F5"/>
  <move id="118" source="G7" target="F7"/>
  <move id="119" source="F6" target="E6"/>
  <move id="120" source="F7" target="E7"/>
  <move id="121" source="F5" target="F6"/>
  <move id="122" source="H7" target="G7"/>
  <move id="123" source="E6" target="E5"/>
  <move id="124" source="G7" target="F7"/>
  <move id="125" source="H3" target="H4"/>
  <move id="126" source="F7" target="F6"/>
  <move id="127" source="H2" target="H3"/>
  <move id="128" source="E7" target="E6"/>
  <move id="129" source="E5" target="F5"/>
  <move id="130" source="E6" target="F6"/>
  <move id="131" source="F5" target="F4"/>
  <move id="132" source="D7" target="E7"/>
  <move id="133" source="H3" target="G3"/>
  <move id="134" source="E7" target="E6"/>
  <move id="135" source="G3" target="G4"/>
  <move id="136" source="E6" target="E5"/>
  <move id="137" source="F4" target="F3"/>
  <move id="138" source="E5" target="E4"/>
  <move id="139" source="G4" target="F4"/>
  <move id="140" source="E4" target="F4"/>
  <move id="141" source="E3" target="D3"/>
  <move id="142" source="F6" target="F5"/>
  <move id="143" source="D3" target="D4"/>
  <move id="144" source="F5" target="F4"/>
  <move id="145" source="F3" target="G3"/>
  <move id="146" source="F4" target="G4"/>
  <move id="147" source="G3" target="F3"/>
  <move id="148" source="G4" target="F4"/>
  <move id="149" source="F3" target="G3"/>
  <move id="150" source="F4" target="G4"/>
  <move id="151" source="G3" target="F3"/>
  <move id="152" source="G4" target="F4"/>
  <move id="153" source="F3" target="E3"/>
  <move id="154" source="F4" target="E4"/>
  <move id="155" source="E3" target="F3"/>
  <move id="156" source="E4" target="D4"/>
  <move id="157" source="F3" target="F4"/>
  <move id="158" source="D4" target="D3"/>
  <move id="159" source="F4" target="F5"/>
  <move id="160" source="E9" target="E2"/>
  <move id="161" source="F5" target="F6"/>
  <move id="162" source="D3" target="E3"/>
  <move id="163" source="F6" target="F7"/>
  <move id="164" source="E3" target="E2"/>
  <move id="165" source="F7" target="G7"/>
  <move id="166" source="E2" target="E3"/>
  <move id="167" source="G7" target="H7"/>
  <move id="168" source="E3" target="F3"/>
  <move id="169" source="H7" target="H8"/>
  <move id="170" source="C8" target="C7"/>
  <player id="1">Player 1</player>
  <player id="2">Player 2</player>
  <result type="3" winner="2"/>
 </game>
</stratego>