<?xml version="1.0" encoding="UTF-8"?>
<stratego>
 <game type="classic">
  
  <field content="FBFEEBHEDMBHBFHBCJDHIDBFGDGLDIDGKEDIJEGDAA__AA__AAAA__AA__AASRNNPRPTRTNVWVTNPXPRNTOPSPQUSQSNQYUQPQPU"/>
  <move id="1" source="E4" target="E5"/>
  <move id="2" source="A7" target="A6"/>
  <move id="3" source="E5" target="F5"/>
  <move id="4" source="B7" target="B6"/>
  <move id="5" source="F5" target="F7"/>
  <move id="6" source="B8" target="B7"/>
  <move id="7" source="E3" target="E4"/>
  <move id="8" source="E7" target="E6"/>
  <move id="9" source="F4" target="F5"/>
  <move id="10" source="E8" target="E7"/>
  <move id="11" source="F5" target="F6"/>
  <move id="12" source="B6" target="B5"/>
  <move id="13" source="F6" target="E6"/>
  <move id="14" source="E7" target="E8"/>
  <move id="15" source="E6" target="E7"/>
  <move id="16" source="B7" target="B6"/>
  <move id="17" source="E7" target="E8"/>
  <move id="18" source="D8" target="E8"/>
  <move id="19" source="E4" target="E5"/>
  <move id="20" source="E8" target="D8"/>
  <move id="21" source="E5" target="E6"/>
  <move id="22" source="A6" target="A5"/>
  <move id="23" source="E6" target="E7"/>
  <move id="24" source="I7" target="I6"/>
  <move id="25" source="E7" target="F7"/>
  <move id="26" source="D8" target="E8"/>
  <move id="27" source="F7" target="G7"/>
  <move id="28" source="H7" target="G7"/>
  <move id="29" source="F3" target="F8"/>
  <move id="30" source="G7" target="H7"/>
  <move id="31" source="G4" target="F4"/>
  <move id="32" source="E8" target="D8"/>
  <move id="33" source="F4" target="F5"/>
  <move id="34" source="K7" target="K6"/>
  <move id="35" source="F5" target="F6"/>
  <move id="36" source="I8" target="I7"/>
  <move id="37" source="F6" target="F7"/>
  <move id="38" source="I7" target="K7"/>
  <move id="39" source="D4" target="E4"/>
  <move id="40" source="E9" target="E8"/>
  <move id="41" source="E4" target="E5"/>
  <move id="42" source="E8" target="E7"/>
  <move id="43" source="E5" target="E6"/>
  <move id="44" source="E7" target="F7"/>
  <move id="45" source="E6" target="E7"/>
  <move id="46" source="D9" target="E9"/>
  <move id="47" source="E7" target="E8"/>
  <move id="48" source="C9" target="D9"/>
  <move id="49" source="E8" target="F8"/>
  <move id="50" source="B5" target="B4"/>
  <move id="51" source="F8" target="G8"/>
  <move id="52" source="E9" target="E4"/>
  <move id="53" source="D3" target="D4"/>
  <move id="54" source="E4" target="H4"/>
  <move id="55" source="G8" target="G9"/>
  <move id="56" source="A5" target="A4"/>
  <move id="57" source="A3" target="A4"/>
  <move id="58" source="B6" target="B5"/>
  <move id="59" source="B4" target="B5"/>
  <move id="60" source="B5" target="B6"/>
  <move id="61" source="H4" target="G4"/>
  <move id="62" source="I6" target="I5"/>
  <move id="63" source="G4" target="F4"/>
  <move id="64" source="K6" target="K5"/>
  <move id="65" source="F4" target="F3"/>
  <move id="66" source="I5" target="I4"/>
  <move id="67" source="G3" target="G4"/>
  <move id="68" source="K5" target="I5"/>
  <move id="69" source="H3" target="H4"/>
  <move id="70" source="I5" target="I4"/>
  <move id="71" source="H4" target="H3"/>
  <move id="72" source="K7" target="K4"/>
  <move id="73" source="H3" target="G3"/>
  <move id="74" source="K8" target="K7"/>
  <move id="75" source="H2" target="H3"/>
  <move id="76" source="K7" target="K6"/>
  <move id="77" source="H3" target="H4"/>
  <move id="78" source="I4" target="I3"/>
  <move id="79" source="K3" target="I3"/>
  <move id="80" source="K6" target="K5"/>
  <move id="81" source="H4" target="I4"/>
  <move id="82" source="H8" target="I8"/>
  <move id="83" source="I3" target="H3"/>
  <move id="84" source="I8" target="I7"/>
  <move id="85" source="I4" target="K4"/>
  <move id="86" source="K5" target="K6"/>
  <move id="87" source="I2" target="I7"/>
  <move id="88" source="I7" target="I6"/>
  <move id="89" source="A4" target="A3"/>
  <move id="90" source="I6" target="I5"/>
  <move id="91" source="C4" target="B4"/>
  <move id="92" source="I5" target="I4"/>
  <move id="93" source="K4" target="K5"/>
  <move id="94" source="K6" target="I6"/>
  <move id="95" source="B4" target="B5"/>
  <move id="96" source="B6" target="B5"/>
  <move id="97" source="B5" target="B6"/>
  <move id="98" source="D8" target="E8"/>
  <move id="99" source="B6" target="B7"/>
  <move id="100" source="C8" target="D8"/>
  <move id="101" source="B7" target="B8"/>
  <move id="102" source="E8" target="F8"/>
  <move id="103" source="B8" target="C8"/>
  <move id="104" source="D8" target="E8"/>
  <move id="105" source="C8" target="D8"/>
  <move id="106" source="E8" target="E7"/>
  <move id="107" source="F7" target="F8"/>
  <move id="108" source="E7" target="E6"/>
  <move id="109" source="D4" target="E4"/>
  <move id="110" source="E6" target="E5"/>
  <move id="111" source="E4" target="E5"/>
  <move id="112" source="E5" target="E4"/>
  <move id="113" source="D8" target="E8"/>
  <move id="114" source="I4" target="K4"/>
  <move id="115" source="K5" target="I5"/>
  <move id="116" source="I6" target="I5"/>
  <move id="117" source="I5" target="I6"/>
  <move id="118" source="K4" target="I4"/>
  <move id="119" source="I6" target="I7"/>
  <move id="120" source="I4" target="I5"/>
  <move id="121" source="I7" target="H7"/>
  <move id="122" source="I5" target="I6"/>
  <move id="123" source="H7" target="H8"/>
  <move id="124" source="E4" target="E5"/>
  <move id="125" source="E8" target="E7"/>
  <move id="126" source="I6" target="I7"/>
  <move id="127" source="E7" target="E6"/>
  <move id="128" source="I7" target="H7"/>
  <move id="129" source="H8" target="I8"/>
  <move id="130" source="E5" target="F5"/>
  <move id="131" source="G4" target="H4"/>
  <move id="132" source="H7" target="I7"/>
  <move id="133" source="I8" target="H8"/>
  <move id="134" source="I7" target="H7"/>
  <move id="135" source="H8" target="I8"/>
  <move id="136" source="H7" target="I7"/>
  <move id="137" source="I8" target="H8"/>
  <move id="138" source="C:" target="C9"/>
  <move id="139" source="F3" target="E3"/>
  <move id="140" source="C9" target="C8"/>
  <move id="141" source="E3" target="D3"/>
  <move id="142" source="C8" target="D8"/>
  <move id="143" source="E6" target="E7"/>
  <move id="144" source="D8" target="C8"/>
  <move id="145" source="B3" target="B9"/>
  <move id="146" source="F5" target="F6"/>
  <move id="147" source="A3" target="B3"/>
  <move id="148" source="I7" target="I8"/>
  <move id="149" source="H8" target="H7"/>
  <move id="150" source="I8" target="I7"/>
  <move id="151" source="H7" target="H8"/>
  <move id="152" source="I7" target="H7"/>
  <move id="153" source="H8" target="I8"/>
  <move id="154" source="H7" target="I7"/>
  <move id="155" source="I8" target="H8"/>
  <move id="156" source="K9" target="K8"/>
  <move id="157" source="H3" target="I3"/>
  <move id="158" source="K8" target="K7"/>
  <move id="159" source="I3" target="K3"/>
  <move id="160" source="K7" target="K6"/>
  <move id="161" source="K3" target="K4"/>
  <move id="162" source="F6" target="F5"/>
  <move id="163" source="B3" target="B4"/>
  <move id="164" source="F5" target="F4"/>
  <move id="165" source="B4" target="B5"/>
  <move id="166" source="F4" target="E4"/>
  <move id="167" source="B5" target="B6"/>
  <move id="168" source="F9" target="F2"/>
  <move id="169" source="B6" target="B7"/>
  <move id="170" source="G:" target="G9"/>
  <move id="171" source="B7" target="B8"/>
  <move id="172" source="G9" target="F9"/>
  <move id="173" source="E7" target="F7"/>
  <move id="174" source="F9" target="E9"/>
  <move id="175" source="B8" target="B9"/>
  <move id="176" source="E9" target="E5"/>
  <move id="177" source="F7" target="F6"/>
  <move id="178" source="E4" target="F4"/>
  <move id="179" source="F6" target="F5"/>
  <move id="180" source="F4" target="E4"/>
  <move id="181" source="F5" target="E5"/>
  <move id="182" source="E4" target="E3"/>
  <move id="183" source="E5" target="E4"/>
  <move id="184" source="E3" target="D3"/>
  <move id="185" source="B9" target="B8"/>
  <move id="186" source="I7" target="I6"/>
  <move id="187" source="K4" target="K5"/>
  <move id="188" source="I6" target="I5"/>
  <move id="189" source="K5" target="K6"/>
  <move id="190" source="I5" target="I4"/>
  <move id="191" source="H4" target="G4"/>
  <move id="192" source="D3" target="D2"/>
  <move id="193" source="E4" target="E3"/>
  <move id="194" source="I4" target="H4"/>
  <move id="195" source="G4" target="F4"/>
  <move id="196" source="K:" target="K9"/>
  <move id="197" source="H8" target="I8"/>
  <move id="198" source="H9" target="G9"/>
  <move id="199" source="B8" target="C8"/>
  <move id="200" source="G9" target="F9"/>
  <move id="201" source="I8" target="K8"/>
  <move id="202" source="F9" target="F8"/>
  <move id="203" source="K8" target="K9"/>
  <move id="204" source="F8" target="F7"/>
  <move id="205" source="K9" target="K8"/>
  <move id="206" source="D2" target="E2"/>
  <move id="207" source="E3" target="E2"/>
  <move id="208" source="F7" target="F6"/>
  <move id="209" source="K8" target="I8"/>
  <move id="210" source="F6" target="F5"/>
  <move id="211" source="I8" target="H8"/>
  <move id="212" source="F5" target="F4"/>
  <move id="213" source="I1" target="I9"/>
  <move id="214" source="F4" target="G4"/>
  <move id="215" source="G3" target="G4"/>
  <move id="216" source="H4" target="H3"/>
  <move id="217" source="K6" target="K7"/>
  <move id="218" source="E:" target="E9"/>
  <move id="219" source="C8" target="D8"/>
  <move id="220" source="E9" target="F9"/>
  <move id="221" source="D8" target="E8"/>
  <move id="222" source="D9" target="C9"/>
  <move id="223" source="K7" target="K8"/>
  <move id="224" source="C9" target="B9"/>
  <move id="225" source="K8" target="K9"/>
  <move id="226" source="B9" target="B8"/>
  <move id="227" source="K9" target="I9"/>
  <move id="228" source="B8" target="B7"/>
  <move id="229" source="H8" target="G8"/>
  <move id="230" source="B7" target="B6"/>
  <move id="231" source="G8" target="G9"/>
  <move id="232" source="B6" target="B5"/>
  <move id="233" source="E8" target="E7"/>
  <move id="234" source="B5" target="B4"/>
  <move id="235" source="E7" target="E6"/>
  <move id="236" source="B4" target="C4"/>
  <move id="237" source="E6" target="E5"/>
  <move id="238" source="C4" target="D4"/>
  <move id="239" source="E5" target="E4"/>
  <move id="240" source="D4" target="D3"/>
  <move id="241" source="G9" target="F9"/>
  <move id="242" source="H3" target="H2"/>
  <move id="243" source="G2" target="H2"/>
  <move id="244" source="D3" target="D2"/>
  <move id="245" source="E4" target="E3"/>
  <move id="246" source="D2" target="D1"/>
  <move id="247" source="I9" target="I:"/>
  <move id="248" source="H:" target="I:"/>
  <move id="249" source="F9" target="F:"/>
  <player id="1">Player 1</player>
  <player id="2">Player 2</player>
  <result type="0" winner="1"/>
 </game>
</stratego>