<?xml version="1.0" encoding="UTF-8"?>
<stratego>
 <game type="classic">
  
  <field content="HDBBDBMBHBEGDCELIBFDIDKHFDGDJEFGDEIGJEHFAA__AA__AAAA__AA__AAPPQUSTVRTPPTVQXPPWNPSQOUSNRURTNNSQNYNQPR"/>
  <move id="1" source="F4" target="F5"/>
  <move id="2" source="B7" target="B6"/>
  <move id="3" source="E4" target="E5"/>
  <move id="4" source="B8" target="B7"/>
  <move id="5" source="F5" target="F6"/>
  <move id="6" source="B6" target="B5"/>
  <move id="7" source="E5" target="E6"/>
  <move id="8" source="B7" target="B6"/>
  <move id="9" source="F3" target="F4"/>
  <move id="10" source="B5" target="B4"/>
  <move id="11" source="E3" target="E4"/>
  <move id="12" source="B6" target="B7"/>
  <move id="13" source="E4" target="E5"/>
  <move id="14" source="B7" target="B8"/>
  <move id="15" source="F4" target="F5"/>
  <move id="16" source="I7" target="I6"/>
  <move id="17" source="E2" target="E3"/>
  <move id="18" source="I6" target="I5"/>
  <move id="19" source="E3" target="E4"/>
  <move id="20" source="K7" target="K6"/>
  <move id="21" source="F2" target="F3"/>
  <move id="22" source="K6" target="K5"/>
  <move id="23" source="F3" target="F4"/>
  <move id="24" source="K5" target="K4"/>
  <move id="25" source="F6" target="F7"/>
  <move id="26" source="H7" target="I7"/>
  <move id="27" source="F5" target="F6"/>
  <move id="28" source="I7" target="K7"/>
  <move id="29" source="F4" target="F5"/>
  <move id="30" source="K7" target="K6"/>
  <move id="31" source="E6" target="E7"/>
  <move id="32" source="E8" target="E7"/>
  <move id="33" source="I4" target="I5"/>
  <move id="34" source="K6" target="K5"/>
  <move id="35" source="K4" target="I4"/>
  <move id="36" source="K5" target="I5"/>
  <move id="37" source="K3" target="K4"/>
  <move id="38" source="I5" target="I4"/>
  <move id="39" source="K4" target="K5"/>
  <move id="40" source="K8" target="K7"/>
  <move id="41" source="I3" target="I4"/>
  <move id="42" source="H8" target="H7"/>
  <move id="43" source="I4" target="I5"/>
  <move id="44" source="K7" target="I7"/>
  <move id="45" source="I5" target="I6"/>
  <move id="46" source="I7" target="I6"/>
  <move id="47" source="I6" target="I7"/>
  <move id="48" source="H7" target="I7"/>
  <move id="49" source="B4" target="B5"/>
  <move id="50" source="G8" target="H8"/>
  <move id="51" source="B5" target="A5"/>
  <move id="52" source="H8" target="H7"/>
  <move id="53" source="C4" target="B4"/>
  <move id="54" source="A7" target="B7"/>
  <move id="55" source="B4" target="B5"/>
  <move id="56" source="B7" target="B6"/>
  <move id="57" source="C3" target="C4"/>
  <move id="58" source="B8" target="B7"/>
  <move id="59" source="C4" target="B4"/>
  <move id="60" source="B7" target="A7"/>
  <move id="61" source="B5" target="B6"/>
  <move id="62" source="A8" target="B8"/>
  <move id="63" source="B4" target="B5"/>
  <move id="64" source="B8" target="B5"/>
  <move id="65" source="B5" target="B6"/>
  <move id="66" source="I7" target="I6"/>
  <move id="67" source="B6" target="B7"/>
  <move id="68" source="A7" target="A6"/>
  <move id="69" source="B7" target="B8"/>
  <move id="70" source="A6" target="A5"/>
  <move id="71" source="B8" target="C8"/>
  <move id="72" source="C7" target="B7"/>
  <move id="73" source="C8" target="D8"/>
  <move id="74" source="B7" target="B6"/>
  <move id="75" source="D8" target="C8"/>
  <move id="76" source="B6" target="B5"/>
  <move id="77" source="C8" target="C7"/>
  <move id="78" source="B5" target="B4"/>
  <move id="79" source="C7" target="B7"/>
  <move id="80" source="B4" target="C4"/>
  <move id="81" source="B7" target="B6"/>
  <move id="82" source="C4" target="D4"/>
  <move id="83" source="B6" target="B5"/>
  <move id="84" source="A5" target="A6"/>
  <move id="85" source="B5" target="B6"/>
  <move id="86" source="A6" target="A7"/>
  <move id="87" source="B6" target="B7"/>
  <move id="88" source="A7" target="A8"/>
  <move id="89" source="B7" target="B8"/>
  <move id="90" source="A8" target="A7"/>
  <move id="91" source="B8" target="A8"/>
  <move id="92" source="A7" target="B7"/>
  <move id="93" source="A8" target="B8"/>
  <move id="94" source="B7" target="A7"/>
  <move id="95" source="B8" target="C8"/>
  <move id="96" source="E7" target="E8"/>
  <move id="97" source="C8" target="C9"/>
  <move id="98" source="E8" target="D8"/>
  <move id="99" source="F6" target="F7"/>
  <move id="100" source="F8" target="E8"/>
  <move id="101" source="F5" target="F6"/>
  <move id="102" source="E8" target="E5"/>
  <move id="103" source="F6" target="F7"/>
  <move id="104" source="A7" target="A6"/>
  <move id="105" source="E5" target="E6"/>
  <move id="106" source="A6" target="A5"/>
  <move id="107" source="E6" target="E7"/>
  <move id="108" source="A5" target="A4"/>
  <move id="109" source="A3" target="A4"/>
  <move id="110" source="I6" target="I5"/>
  <move id="111" source="B3" target="B9"/>
  <move id="112" source="B9" target="B8"/>
  <move id="113" source="C9" target="B9"/>
  <move id="114" source="B8" target="C8"/>
  <move id="115" source="B9" target="B8"/>
  <move id="116" source="C8" target="C9"/>
  <move id="117" source="F7" target="F8"/>
  <move id="118" source="D7" target="E7"/>
  <move id="119" source="G4" target="F4"/>
  <move id="120" source="I5" target="I4"/>
  <move id="121" source="F4" target="F5"/>
  <move id="122" source="I4" target="I3"/>
  <move id="123" source="K5" target="K6"/>
  <move id="124" source="H7" target="I7"/>
  <move id="125" source="F5" target="F6"/>
  <move id="126" source="I7" target="I4"/>
  <move id="127" source="F6" target="E6"/>
  <move id="128" source="E7" target="D7"/>
  <move id="129" source="E4" target="F4"/>
  <move id="130" source="I4" target="H4"/>
  <move id="131" source="F4" target="F5"/>
  <move id="132" source="I3" target="I4"/>
  <move id="133" source="H4" target="G4"/>
  <move id="134" source="I4" target="H4"/>
  <move id="135" source="G4" target="F4"/>
  <move id="136" source="H4" target="G4"/>
  <move id="137" source="F4" target="F3"/>
  <move id="138" source="G4" target="F4"/>
  <move id="139" source="F5" target="F6"/>
  <move id="140" source="F4" target="F5"/>
  <move id="141" source="F6" target="F7"/>
  <move id="142" source="F5" target="F6"/>
  <move id="143" source="E6" target="E7"/>
  <move id="144" source="F6" target="E6"/>
  <move id="145" source="F8" target="E8"/>
  <move id="146" source="G7" target="F7"/>
  <move id="147" source="E7" target="F7"/>
  <move id="148" source="E6" target="F6"/>
  <move id="149" source="E8" target="F8"/>
  <move id="150" source="F6" target="F5"/>
  <move id="151" source="F8" target="F7"/>
  <move id="152" source="F5" target="F4"/>
  <move id="153" source="F7" target="E7"/>
  <move id="154" source="D7" target="C7"/>
  <move id="155" source="B8" target="B7"/>
  <move id="156" source="C7" target="C8"/>
  <move id="157" source="A4" target="A5"/>
  <move id="158" source="F4" target="F3"/>
  <move id="159" source="K6" target="K7"/>
  <move id="160" source="F3" target="F4"/>
  <move id="161" source="E7" target="F7"/>
  <move id="162" source="F4" target="E4"/>
  <move id="163" source="F7" target="G7"/>
  <move id="164" source="H9" target="H8"/>
  <move id="165" source="G7" target="H7"/>
  <move id="166" source="H8" target="G8"/>
  <move id="167" source="K7" target="I7"/>
  <move id="168" source="E4" target="D4"/>
  <move id="169" source="H7" target="H8"/>
  <move id="170" source="G8" target="G7"/>
  <move id="171" source="I7" target="I8"/>
  <move id="172" source="D4" target="C4"/>
  <move id="173" source="I8" target="I9"/>
  <move id="174" source="C4" target="B4"/>
  <move id="175" source="A5" target="A6"/>
  <move id="176" source="B4" target="B5"/>
  <move id="177" source="A6" target="A7"/>
  <move id="178" source="B5" target="B6"/>
  <move id="179" source="A7" target="A8"/>
  <move id="180" source="B6" target="B7"/>
  <move id="181" source="H3" target="I3"/>
  <move id="182" source="C8" target="B8"/>
  <move id="183" source="A8" target="A9"/>
  <move id="184" source="B8" target="B9"/>
  <move id="185" source="A9" target="A:"/>
  <move id="186" source="D8" target="E8"/>
  <move id="187" source="D3" target="E3"/>
  <move id="188" source="E8" target="F8"/>
  <move id="189" source="H8" target="H9"/>
  <move id="190" source="F8" target="G8"/>
  <move id="191" source="H9" target="I9"/>
  <move id="192" source="K9" target="K8"/>
  <move id="193" source="I9" target="I8"/>
  <move id="194" source="K8" target="K7"/>
  <move id="195" source="I8" target="I7"/>
  <move id="196" source="K7" target="K8"/>
  <move id="197" source="I7" target="I8"/>
  <move id="198" source="K8" target="K7"/>
  <move id="199" source="I8" target="K8"/>
  <move id="200" source="K7" target="I7"/>
  <move id="201" source="K8" target="K7"/>
  <move id="202" source="I7" target="I8"/>
  <move id="203" source="K7" target="I7"/>
  <move id="204" source="I8" target="K8"/>
  <move id="205" source="I7" target="I6"/>
  <move id="206" source="G7" target="F7"/>
  <move id="207" source="I6" target="I5"/>
  <move id="208" source="F7" target="E7"/>
  <move id="209" source="I5" target="I4"/>
  <move id="210" source="E7" target="E6"/>
  <move id="211" source="I4" target="H4"/>
  <move id="212" source="E6" target="E5"/>
  <move id="213" source="H4" target="G4"/>
  <move id="214" source="E5" target="E4"/>
  <move id="215" source="E3" target="F3"/>
  <move id="216" source="G8" target="G7"/>
  <move id="217" source="G4" target="F4"/>
  <move id="218" source="E4" target="E3"/>
  <move id="219" source="F3" target="F2"/>
  <move id="220" source="G7" target="F7"/>
  <move id="221" source="F4" target="F3"/>
  <move id="222" source="E3" target="E2"/>
  <move id="223" source="I3" target="H3"/>
  <move id="224" source="F7" target="F6"/>
  <move id="225" source="D2" target="D3"/>
  <move id="226" source="F6" target="F5"/>
  <move id="227" source="D3" target="D4"/>
  <move id="228" source="F5" target="F4"/>
  <move id="229" source="F3" target="E3"/>
  <move id="230" source="E2" target="F2"/>
  <move id="231" source="H3" target="H4"/>
  <move id="232" source="D9" target="D8"/>
  <move id="233" source="G3" target="G4"/>
  <move id="234" source="F4" target="F5"/>
  <move id="235" source="G2" target="G3"/>
  <move id="236" source="D8" target="E8"/>
  <move id="237" source="G3" target="H3"/>
  <move id="238" source="F2" target="G2"/>
  <move id="239" source="E3" target="F3"/>
  <move id="240" source="E8" target="F8"/>
  <move id="241" source="F3" target="G3"/>
  <move id="242" source="G2" target="F2"/>
  <move id="243" source="G3" target="F3"/>
  <move id="244" source="F2" target="E2"/>
  <move id="245" source="F3" target="E3"/>
  <move id="246" source="E2" target="D2"/>
  <move id="247" source="E3" target="D3"/>
  <move id="248" source="D2" target="E2"/>
  <move id="249" source="D3" target="E3"/>
  <move id="250" source="E2" target="F2"/>
  <move id="251" source="H3" target="I3"/>
  <move id="252" source="F8" target="G8"/>
  <move id="253" source="I3" target="I4"/>
  <move id="254" source="G8" target="H8"/>
  <move id="255" source="I4" target="I5"/>
  <move id="256" source="H8" target="H7"/>
  <move id="257" source="A2" target="A3"/>
  <move id="258" source="H7" target="I7"/>
  <move id="259" source="A3" target="A4"/>
  <move id="260" source="I7" target="I6"/>
  <move id="261" source="I5" target="I4"/>
  <move id="262" source="I6" target="I5"/>
  <move id="263" source="A4" target="A5"/>
  <move id="264" source="I5" target="I4"/>
  <move id="265" source="A5" target="A6"/>
  <move id="266" source="B9" target="B8"/>
  <move id="267" source="B2" target="A2"/>
  <move id="268" source="B8" target="A8"/>
  <move id="269" source="A6" target="B6"/>
  <move id="270" source="A8" target="A7"/>
  <move id="271" source="C2" target="B2"/>
  <move id="272" source="K8" target="K7"/>
  <move id="273" source="H4" target="H3"/>
  <move id="274" source="K7" target="K6"/>
  <move id="275" source="H3" target="G3"/>
  <move id="276" source="I:" target="I4"/>
  <move id="277" source="G3" target="F3"/>
  <move id="278" source="I4" target="G4"/>
  <move id="279" source="F3" target="I3"/>
  <move id="280" source="F5" target="F4"/>
  <move id="281" source="G4" target="G3"/>
  <move id="282" source="F2" target="G2"/>
  <move id="283" source="G3" target="H3"/>
  <move id="284" source="G2" target="G3"/>
  <move id="285" source="H3" target="H4"/>
  <move id="286" source="G3" target="G4"/>
  <move id="287" source="H4" target="H3"/>
  <move id="288" source="G4" target="G3"/>
  <move id="289" source="H3" target="H4"/>
  <move id="290" source="G3" target="G4"/>
  <move id="291" source="H4" target="I4"/>
  <move id="292" source="G4" target="H4"/>
  <move id="293" source="I4" target="I5"/>
  <move id="294" source="H4" target="I4"/>
  <move id="295" source="I5" target="I6"/>
  <move id="296" source="K6" target="I6"/>
  <move id="297" source="E3" target="D3"/>
  <move id="298" source="I4" target="I3"/>
  <move id="299" source="D3" target="C3"/>
  <move id="300" source="F4" target="F5"/>
  <move id="301" source="C3" target="B3"/>
  <move id="302" source="F5" target="E5"/>
  <move id="303" source="B3" target="B4"/>
  <move id="304" source="E5" target="E6"/>
  <move id="305" source="B4" target="B5"/>
  <move id="306" source="E6" target="E7"/>
  <move id="307" source="B5" target="A5"/>
  <move id="308" source="E7" target="D7"/>
  <move id="309" source="A5" target="A6"/>
  <move id="310" source="A7" target="B7"/>
  <move id="311" source="B6" target="B5"/>
  <move id="312" source="I3" target="H3"/>
  <move id="313" source="A6" target="B6"/>
  <move id="314" source="B7" target="A7"/>
  <move id="315" source="B6" target="B7"/>
  <move id="316" source="A7" target="A6"/>
  <move id="317" source="B5" target="B6"/>
  <move id="318" source="D7" target="C7"/>
  <move id="319" source="D4" target="E4"/>
  <move id="320" source="I6" target="I7"/>
  <move id="321" source="E4" target="E5"/>
  <move id="322" source="C7" target="D7"/>
  <move id="323" source="E5" target="E6"/>
  <move id="324" source="I7" target="H7"/>
  <move id="325" source="E6" target="F6"/>
  <move id="326" source="H7" target="G7"/>
  <move id="327" source="B6" target="B5"/>
  <move id="328" source="G7" target="F7"/>
  <move id="329" source="F6" target="E6"/>
  <move id="330" source="F7" target="E7"/>
  <move id="331" source="E6" target="F6"/>
  <move id="332" source="E7" target="F7"/>
  <move id="333" source="F6" target="E6"/>
  <move id="334" source="F7" target="E7"/>
  <move id="335" source="E6" target="E5"/>
  <move id="336" source="E7" target="E6"/>
  <move id="337" source="E5" target="E4"/>
  <move id="338" source="E6" target="E5"/>
  <move id="339" source="E4" target="D4"/>
  <move id="340" source="E5" target="E4"/>
  <move id="341" source="D4" target="C4"/>
  <move id="342" source="A6" target="A5"/>
  <move id="343" source="B5" target="B6"/>
  <move id="344" source="A5" target="B5"/>
  <move id="345" source="B6" target="A6"/>
  <move id="346" source="B5" target="B4"/>
  <move id="347" source="C4" target="C3"/>
  <move id="348" source="B4" target="B3"/>
  <move id="349" source="C3" target="C2"/>
  <move id="350" source="B3" target="C3"/>
  <move id="351" source="B7" target="B8"/>
  <move id="352" source="D7" target="C7"/>
  <move id="353" source="A6" target="A7"/>
  <move id="354" source="C3" target="C2"/>
  <move id="355" source="A7" target="A8"/>
  <move id="356" source="E4" target="E5"/>
  <move id="357" source="A8" target="A9"/>
  <move id="358" source="E5" target="E6"/>
  <move id="359" source="A9" target="B9"/>
  <move id="360" source="E6" target="E7"/>
  <move id="361" source="B9" target="C9"/>
  <move id="362" source="C2" target="C3"/>
  <move id="363" source="B8" target="B9"/>
  <move id="364" source="C7" target="C8"/>
  <move id="365" source="B9" target="B:"/>
  <player id="1">Player 1</player>
  <player id="2">Player 2</player>
  <result type="3" winner="2"/>
 </game>
</stratego>