<?xml version="1.0" encoding="UTF-8"?>
<stratego>
 <game type="classic">
  
  <field content="FEEFFEFEBMBDHBBIBEIBDDGLHDJCDJDDGDGGIKHHAA__AA__AAAA__AA__AAPRPVTTPVRPRSNOWXSQSRSUNQQUNUQPPPQNTNYNTP"/>
  <move id="1" source="B4" target="B7"/>
  <move id="2" source="E7" target="E6"/>
  <move id="3" source="C4" target="B4"/>
  <move id="4" source="E6" target="E7"/>
  <move id="5" source="C3" target="C4"/>
  <move id="6" source="F7" target="F6"/>
  <move id="7" source="C2" target="C3"/>
  <move id="8" source="F6" target="F7"/>
  <move id="9" source="B4" target="B5"/>
  <move id="10" source="I7" target="I6"/>
  <move id="11" source="B3" target="B4"/>
  <move id="12" source="I6" target="I5"/>
  <move id="13" source="C3" target="B3"/>
  <move id="14" source="I5" target="I4"/>
  <move id="15" source="C4" target="C3"/>
  <move id="16" source="K7" target="I7"/>
  <move id="17" source="C3" target="C2"/>
  <move id="18" source="I7" target="I6"/>
  <move id="19" source="B3" target="C3"/>
  <move id="20" source="I6" target="I5"/>
  <move id="21" source="C3" target="C4"/>
  <move id="22" source="K8" target="K7"/>
  <move id="23" source="B4" target="B3"/>
  <move id="24" source="K7" target="I7"/>
  <move id="25" source="B3" target="C3"/>
  <move id="26" source="I7" target="I6"/>
  <move id="27" source="A4" target="B4"/>
  <move id="28" source="K9" target="K4"/>
  <move id="29" source="B5" target="B6"/>
  <move id="30" source="H7" target="I7"/>
  <move id="31" source="B4" target="A4"/>
  <move id="32" source="I7" target="K7"/>
  <move id="33" source="A4" target="A7"/>
  <move id="34" source="K7" target="K6"/>
  <move id="35" source="A3" target="A8"/>
  <move id="36" source="K6" target="K5"/>
  <move id="37" source="B6" target="A6"/>
  <move id="38" source="I6" target="K6"/>
  <move id="39" source="A6" target="A7"/>
  <move id="40" source="K6" target="K7"/>
  <move id="41" source="A7" target="A8"/>
  <move id="42" source="H8" target="H7"/>
  <move id="43" source="A8" target="A7"/>
  <move id="44" source="I8" target="K8"/>
  <move id="45" source="A7" target="B7"/>
  <move id="46" source="B8" target="B7"/>
  <move id="47" source="B2" target="B7"/>
  <move id="48" source="C7" target="B7"/>
  <move id="49" source="C3" target="B3"/>
  <move id="50" source="H9" target="H8"/>
  <move id="51" source="B3" target="B7"/>
  <move id="52" source="H8" target="I8"/>
  <move id="53" source="B7" target="D7"/>
  <move id="54" source="I8" target="I7"/>
  <move id="55" source="C4" target="B4"/>
  <move id="56" source="I7" target="I6"/>
  <move id="57" source="D4" target="C4"/>
  <move id="58" source="K5" target="K4"/>
  <move id="59" source="C4" target="C3"/>
  <move id="60" source="K4" target="I4"/>
  <move id="61" source="B4" target="A4"/>
  <move id="62" source="I5" target="K5"/>
  <move id="63" source="H4" target="I4"/>
  <move id="64" source="K5" target="I5"/>
  <move id="65" source="I4" target="H4"/>
  <move id="66" source="F7" target="F6"/>
  <move id="67" source="D3" target="D4"/>
  <move id="68" source="F6" target="F5"/>
  <move id="69" source="E3" target="D3"/>
  <move id="70" source="F5" target="F4"/>
  <move id="71" source="G4" target="F4"/>
  <move id="72" source="F8" target="F7"/>
  <move id="73" source="F4" target="G4"/>
  <move id="74" source="F7" target="F6"/>
  <move id="75" source="E4" target="F4"/>
  <move id="76" source="F6" target="F5"/>
  <move id="77" source="D4" target="E4"/>
  <move id="78" source="F5" target="F4"/>
  <move id="79" source="E4" target="F4"/>
  <move id="80" source="E7" target="E6"/>
  <move id="81" source="H4" target="I4"/>
  <move id="82" source="E8" target="E7"/>
  <move id="83" source="I4" target="I5"/>
  <move id="84" source="I6" target="K6"/>
  <move id="85" source="I5" target="K5"/>
  <move id="86" source="K6" target="I6"/>
  <move id="87" source="F3" target="E3"/>
  <move id="88" source="E7" target="F7"/>
  <move id="89" source="E3" target="E6"/>
  <move id="90" source="F7" target="F6"/>
  <move id="91" source="K5" target="I5"/>
  <move id="92" source="I6" target="K6"/>
  <move id="93" source="K3" target="K4"/>
  <move id="94" source="F6" target="F5"/>
  <move id="95" source="K4" target="K5"/>
  <move id="96" source="F5" target="F4"/>
  <move id="97" source="G4" target="H4"/>
  <move id="98" source="F4" target="G4"/>
  <move id="99" source="H4" target="I4"/>
  <move id="100" source="G4" target="H4"/>
  <move id="101" source="I4" target="K4"/>
  <move id="102" source="H4" target="H3"/>
  <move id="103" source="G3" target="F3"/>
  <move id="104" source="H3" target="H2"/>
  <move id="105" source="K5" target="K6"/>
  <move id="106" source="H2" target="H1"/>
  <move id="107" source="K6" target="K7"/>
  <move id="108" source="H1" target="I1"/>
  <move id="109" source="F3" target="F4"/>
  <move id="110" source="E6" target="E5"/>
  <move id="111" source="F4" target="E4"/>
  <move id="112" source="E5" target="E4"/>
  <move id="113" source="I5" target="I6"/>
  <move id="114" source="D7" target="C7"/>
  <move id="115" source="I6" target="I5"/>
  <move id="116" source="C7" target="B7"/>
  <move id="117" source="E4" target="D4"/>
  <move id="118" source="B7" target="B6"/>
  <move id="119" source="D4" target="C4"/>
  <move id="120" source="B6" target="B5"/>
  <move id="121" source="C4" target="B4"/>
  <move id="122" source="B5" target="A5"/>
  <move id="123" source="A4" target="A3"/>
  <move id="124" source="A5" target="A4"/>
  <move id="125" source="B4" target="A4"/>
  <move id="126" source="B9" target="B8"/>
  <move id="127" source="I5" target="I4"/>
  <move id="128" source="B8" target="B7"/>
  <move id="129" source="I4" target="H4"/>
  <move id="130" source="B7" target="B6"/>
  <move id="131" source="I3" target="I8"/>
  <move id="132" source="B6" target="B5"/>
  <move id="133" source="I8" target="K8"/>
  <move id="134" source="B5" target="B4"/>
  <move id="135" source="K7" target="K8"/>
  <move id="136" source="B4" target="B3"/>
  <move id="137" source="C3" target="C4"/>
  <move id="138" source="B3" target="C3"/>
  <move id="139" source="C4" target="F4"/>
  <move id="140" source="C3" target="C2"/>
  <move id="141" source="D3" target="E3"/>
  <move id="142" source="C2" target="C1"/>
  <move id="143" source="F4" target="F9"/>
  <move id="144" source="C1" target="B1"/>
  <move id="145" source="H4" target="G4"/>
  <move id="146" source="B1" target="A1"/>
  <move id="147" source="G4" target="F4"/>
  <move id="148" source="A1" target="A2"/>
  <move id="149" source="F4" target="F5"/>
  <move id="150" source="B:" target="B1"/>
  <move id="151" source="F5" target="F6"/>
  <move id="152" source="B1" target="D1"/>
  <move id="153" source="F6" target="F7"/>
  <move id="154" source="A9" target="A8"/>
  <move id="155" source="F7" target="F8"/>
  <move id="156" source="A8" target="A7"/>
  <move id="157" source="F8" target="F9"/>
  <move id="158" source="A7" target="A6"/>
  <move id="159" source="F9" target="F8"/>
  <move id="160" source="A6" target="B6"/>
  <move id="161" source="K8" target="K7"/>
  <move id="162" source="B6" target="B5"/>
  <move id="163" source="F8" target="F7"/>
  <move id="164" source="B5" target="B4"/>
  <move id="165" source="F7" target="F6"/>
  <move id="166" source="B4" target="B3"/>
  <move id="167" source="F6" target="F5"/>
  <move id="168" source="B3" target="B2"/>
  <move id="169" source="E3" target="F3"/>
  <move id="170" source="B2" target="B1"/>
  <move id="171" source="F3" target="G3"/>
  <move id="172" source="B1" target="C1"/>
  <move id="173" source="F5" target="F4"/>
  <move id="174" source="C1" target="D1"/>
  <move id="175" source="G1" target="H1"/>
  <move id="176" source="D1" target="E1"/>
  <move id="177" source="F1" target="G1"/>
  <move id="178" source="E1" target="F1"/>
  <move id="179" source="F2" target="F1"/>
  <move id="180" source="E9" target="E8"/>
  <move id="181" source="K7" target="K6"/>
  <move id="182" source="E8" target="E7"/>
  <move id="183" source="K6" target="I6"/>
  <move id="184" source="E7" target="E6"/>
  <move id="185" source="I6" target="I5"/>
  <move id="186" source="E6" target="E5"/>
  <move id="187" source="H1" target="H2"/>
  <move id="188" source="E5" target="E6"/>
  <move id="189" source="F4" target="E4"/>
  <move id="190" source="E6" target="E7"/>
  <move id="191" source="A3" target="B3"/>
  <move id="192" source="E7" target="D7"/>
  <move id="193" source="B3" target="C3"/>
  <move id="194" source="D7" target="C7"/>
  <move id="195" source="C3" target="D3"/>
  <player id="1">Player 1</player>
  <player id="2">Player 2</player>
  <result type="10" winner="3"/>
 </game>
</stratego>