<?xml version="1.0" encoding="UTF-8"?>
<stratego>
 <game type="classic">
  
  <field content="EEIIMHBEFDDDDDDEBHBHILJJKBGFBEGGHCFFDDBGAA__AA__AAAA__AA__AAPRSVRPSWPPSUTXTPTPUSQPNVUNQOPQQRNNRNYNTQ"/>
  <move id="1" source="B4" target="B5"/>
  <move id="2" source="B7" target="B6"/>
  <move id="3" source="B3" target="B4"/>
  <move id="4" source="F7" target="F4"/>
  <move id="5" source="A4" target="A5"/>
  <move id="6" source="G7" target="F7"/>
  <move id="7" source="A3" target="A4"/>
  <move id="8" source="F7" target="F6"/>
  <move id="9" source="A5" target="A6"/>
  <move id="10" source="H7" target="G7"/>
  <move id="11" source="A4" target="A5"/>
  <move id="12" source="G7" target="F7"/>
  <move id="13" source="A6" target="A7"/>
  <move id="14" source="A8" target="A7"/>
  <move id="15" source="A5" target="A6"/>
  <move id="16" source="F6" target="F5"/>
  <move id="17" source="A6" target="B6"/>
  <move id="18" source="F7" target="F6"/>
  <move id="19" source="B6" target="A6"/>
  <move id="20" source="F5" target="F4"/>
  <move id="21" source="B5" target="B6"/>
  <move id="22" source="F6" target="F5"/>
  <move id="23" source="B4" target="B5"/>
  <move id="24" source="F4" target="E4"/>
  <move id="25" source="E3" target="E4"/>
  <move id="26" source="F5" target="E5"/>
  <move id="27" source="D3" target="E3"/>
  <move id="28" source="E7" target="F7"/>
  <move id="29" source="B6" target="B7"/>
  <move id="30" source="F7" target="G7"/>
  <move id="31" source="B5" target="B6"/>
  <move id="32" source="D7" target="E7"/>
  <move id="33" source="B7" target="B8"/>
  <move id="34" source="B8" target="A8"/>
  <move id="35" source="B6" target="B7"/>
  <move id="36" source="E7" target="F7"/>
  <move id="37" source="A6" target="B6"/>
  <move id="38" source="D8" target="D7"/>
  <move id="39" source="B6" target="B5"/>
  <move id="40" source="D7" target="E7"/>
  <move id="41" source="C3" target="B3"/>
  <move id="42" source="E7" target="E6"/>
  <move id="43" source="B3" target="A3"/>
  <move id="44" source="E6" target="F6"/>
  <move id="45" source="A3" target="A4"/>
  <move id="46" source="F6" target="F5"/>
  <move id="47" source="A4" target="A5"/>
  <move id="48" source="F5" target="F4"/>
  <move id="49" source="A5" target="A6"/>
  <move id="50" source="B9" target="B7"/>
  <move id="51" source="A6" target="A7"/>
  <move id="52" source="F7" target="F6"/>
  <move id="53" source="A7" target="A8"/>
  <move id="54" source="F8" target="F7"/>
  <move id="55" source="A8" target="A7"/>
  <move id="56" source="F7" target="E7"/>
  <move id="57" source="A7" target="A6"/>
  <move id="58" source="E5" target="E4"/>
  <move id="59" source="E3" target="E4"/>
  <move id="60" source="E7" target="E4"/>
  <move id="61" source="A6" target="A5"/>
  <move id="62" source="F6" target="F5"/>
  <move id="63" source="A5" target="A4"/>
  <move id="64" source="F5" target="E5"/>
  <move id="65" source="A4" target="A3"/>
  <move id="66" source="G7" target="F7"/>
  <move id="67" source="A3" target="B3"/>
  <move id="68" source="F7" target="F8"/>
  <move id="69" source="B3" target="C3"/>
  <move id="70" source="H8" target="H7"/>
  <move id="71" source="C3" target="D3"/>
  <move id="72" source="H7" target="G7"/>
  <move id="73" source="D3" target="E3"/>
  <move id="74" source="G7" target="F7"/>
  <move id="75" source="C2" target="C3"/>
  <move id="76" source="F7" target="F6"/>
  <move id="77" source="C3" target="B3"/>
  <move id="78" source="I7" target="I4"/>
  <move id="79" source="C1" target="C2"/>
  <move id="80" source="G8" target="H8"/>
  <move id="81" source="C2" target="C3"/>
  <move id="82" source="G9" target="G8"/>
  <move id="83" source="C3" target="D3"/>
  <move id="84" source="G8" target="G7"/>
  <move id="85" source="D2" target="C2"/>
  <move id="86" source="G7" target="H7"/>
  <move id="87" source="D1" target="D2"/>
  <move id="88" source="H7" target="I7"/>
  <move id="89" source="A2" target="A9"/>
  <move id="90" source="I7" target="I6"/>
  <move id="91" source="C4" target="B4"/>
  <move id="92" source="I6" target="I5"/>
  <move id="93" source="B4" target="A4"/>
  <move id="94" source="I5" target="I4"/>
  <move id="95" source="K4" target="I4"/>
  <move id="96" source="D9" target="D8"/>
  <move id="97" source="A4" target="A5"/>
  <move id="98" source="D8" target="D7"/>
  <move id="99" source="A5" target="A6"/>
  <move id="100" source="D7" target="E7"/>
  <move id="101" source="A6" target="A7"/>
  <move id="102" source="E7" target="F7"/>
  <move id="103" source="A7" target="A8"/>
  <move id="104" source="F7" target="G7"/>
  <move id="105" source="A8" target="A9"/>
  <move id="106" source="G7" target="H7"/>
  <move id="107" source="B3" target="A3"/>
  <move id="108" source="H7" target="I7"/>
  <move id="109" source="A3" target="A8"/>
  <move id="110" source="I7" target="I6"/>
  <move id="111" source="A8" target="C8"/>
  <move id="112" source="I6" target="I5"/>
  <move id="113" source="B7" target="B8"/>
  <move id="114" source="C8" target="D8"/>
  <move id="115" source="B5" target="A5"/>
  <move id="116" source="K7" target="K3"/>
  <move id="117" source="B2" target="B7"/>
  <move id="118" source="D8" target="D9"/>
  <move id="119" source="B7" target="C7"/>
  <move id="120" source="C7" target="D7"/>
  <move id="121" source="B8" target="B7"/>
  <move id="122" source="D7" target="E7"/>
  <move id="123" source="B7" target="C7"/>
  <move id="124" source="E7" target="F7"/>
  <move id="125" source="C7" target="D7"/>
  <move id="126" source="F7" target="G7"/>
  <move id="127" source="C2" target="B2"/>
  <move id="128" source="G7" target="H7"/>
  <move id="129" source="B2" target="B:"/>
  <move id="130" source="H7" target="I7"/>
  <move id="131" source="A9" target="B9"/>
  <move id="132" source="I7" target="K7"/>
  <move id="133" source="B9" target="B:"/>
  <move id="134" source="K7" target="K6"/>
  <move id="135" source="D2" target="D1"/>
  <move id="136" source="K6" target="K5"/>
  <move id="137" source="A5" target="B5"/>
  <move id="138" source="I5" target="I4"/>
  <move id="139" source="E2" target="A2"/>
  <move id="140" source="K5" target="K4"/>
  <move id="141" source="A2" target="A:"/>
  <move id="142" source="K4" target="K3"/>
  <move id="143" source="B:" target="A:"/>
  <move id="144" source="K3" target="I3"/>
  <move id="145" source="G4" target="F4"/>
  <move id="146" source="E5" target="E4"/>
  <move id="147" source="B5" target="B6"/>
  <move id="148" source="K8" target="K7"/>
  <move id="149" source="B6" target="B7"/>
  <move id="150" source="K7" target="I7"/>
  <move id="151" source="B7" target="C7"/>
  <move id="152" source="K9" target="K8"/>
  <move id="153" source="C7" target="C8"/>
  <move id="154" source="K8" target="K7"/>
  <move id="155" source="C8" target="D8"/>
  <move id="156" source="K7" target="K6"/>
  <move id="157" source="D8" target="D9"/>
  <move id="158" source="K6" target="K5"/>
  <move id="159" source="B1" target="B2"/>
  <move id="160" source="K5" target="K4"/>
  <move id="161" source="B2" target="B3"/>
  <move id="162" source="K4" target="K3"/>
  <move id="163" source="B3" target="B4"/>
  <move id="164" source="K3" target="I3"/>
  <move id="165" source="H3" target="I3"/>
  <move id="166" source="I4" target="I3"/>
  <move id="167" source="B4" target="B5"/>
  <move id="168" source="I8" target="K8"/>
  <move id="169" source="B5" target="B6"/>
  <move id="170" source="I7" target="K7"/>
  <move id="171" source="B6" target="B7"/>
  <move id="172" source="I3" target="H3"/>
  <move id="173" source="B7" target="B8"/>
  <move id="174" source="I9" target="I2"/>
  <move id="175" source="B8" target="B9"/>
  <move id="176" source="H3" target="H2"/>
  <move id="177" source="F2" target="E2"/>
  <move id="178" source="H2" target="G2"/>
  <move id="179" source="E2" target="F2"/>
  <move id="180" source="F4" target="F3"/>
  <player id="1">Player 1</player>
  <player id="2">Player 2</player>
  <result type="3" winner="1"/>
 </game>
</stratego>