<?xml version="1.0" encoding="UTF-8"?>
<stratego>
 <game type="classic">
  
  <field content="BFMEBEBEBEGILIEJCJHFDGIGBHKHBDDDGDDFHFDDAA__AA__AAAA__AA__AASRTWRSPTSPQPOPTPXVPQNUVNQUTUPNRNQYSNQPNR"/>
  <move id="1" source="B4" target="B7"/>
  <move id="2" source="A7" target="A6"/>
  <move id="3" source="C4" target="B4"/>
  <move id="4" source="B7" target="B6"/>
  <move id="5" source="B4" target="B5"/>
  <move id="6" source="A6" target="A5"/>
  <move id="7" source="B5" target="B6"/>
  <move id="8" source="C7" target="B7"/>
  <move id="9" source="B6" target="B5"/>
  <move id="10" source="A5" target="A4"/>
  <move id="11" source="B5" target="B4"/>
  <move id="12" source="A4" target="A3"/>
  <move id="13" source="B4" target="A4"/>
  <move id="14" source="A3" target="B3"/>
  <move id="15" source="A4" target="A3"/>
  <move id="16" source="B7" target="B6"/>
  <move id="17" source="D4" target="C4"/>
  <move id="18" source="B6" target="B5"/>
  <move id="19" source="C4" target="B4"/>
  <move id="20" source="B5" target="B4"/>
  <move id="21" source="D3" target="D4"/>
  <move id="22" source="B4" target="B3"/>
  <move id="23" source="C3" target="B3"/>
  <move id="24" source="D7" target="C7"/>
  <move id="25" source="B3" target="C3"/>
  <move id="26" source="B8" target="B2"/>
  <move id="27" source="D4" target="C4"/>
  <move id="28" source="C7" target="B7"/>
  <move id="29" source="C4" target="B4"/>
  <move id="30" source="B7" target="B6"/>
  <move id="31" source="B4" target="B5"/>
  <move id="32" source="B6" target="B5"/>
  <move id="33" source="A3" target="A4"/>
  <move id="34" source="B5" target="A5"/>
  <move id="35" source="A4" target="B4"/>
  <move id="36" source="B9" target="B8"/>
  <move id="37" source="C3" target="D3"/>
  <move id="38" source="B8" target="B7"/>
  <move id="39" source="D3" target="D4"/>
  <move id="40" source="A5" target="B5"/>
  <move id="41" source="B4" target="B3"/>
  <move id="42" source="B5" target="B4"/>
  <move id="43" source="B3" target="A3"/>
  <move id="44" source="B4" target="B3"/>
  <move id="45" source="A3" target="A4"/>
  <move id="46" source="B3" target="B2"/>
  <move id="47" source="C2" target="B2"/>
  <move id="48" source="E7" target="E6"/>
  <move id="49" source="B2" target="B3"/>
  <move id="50" source="C8" target="B8"/>
  <move id="51" source="B3" target="B4"/>
  <move id="52" source="C9" target="C8"/>
  <move id="53" source="B4" target="C4"/>
  <move id="54" source="C8" target="C7"/>
  <move id="55" source="D4" target="D3"/>
  <move id="56" source="C7" target="D7"/>
  <move id="57" source="D3" target="C3"/>
  <move id="58" source="E6" target="E5"/>
  <move id="59" source="C4" target="D4"/>
  <move id="60" source="F7" target="F6"/>
  <move id="61" source="E4" target="E5"/>
  <move id="62" source="E5" target="F5"/>
  <move id="63" source="D4" target="E4"/>
  <move id="64" source="F5" target="F4"/>
  <move id="65" source="E4" target="F4"/>
  <move id="66" source="F6" target="E6"/>
  <move id="67" source="F4" target="E4"/>
  <move id="68" source="F8" target="F3"/>
  <move id="69" source="E4" target="E5"/>
  <move id="70" source="G8" target="F8"/>
  <move id="71" source="E5" target="E6"/>
  <move id="72" source="D7" target="C7"/>
  <move id="73" source="E6" target="E7"/>
  <move id="74" source="C7" target="C8"/>
  <move id="75" source="G4" target="F4"/>
  <move id="76" source="C8" target="C9"/>
  <move id="77" source="F4" target="F5"/>
  <move id="78" source="B8" target="C8"/>
  <move id="79" source="F5" target="F6"/>
  <move id="80" source="C8" target="C7"/>
  <move id="81" source="F6" target="F7"/>
  <move id="82" source="F8" target="F7"/>
  <move id="83" source="E7" target="E6"/>
  <move id="84" source="C7" target="D7"/>
  <move id="85" source="E6" target="E5"/>
  <move id="86" source="B7" target="C7"/>
  <move id="87" source="G3" target="G4"/>
  <move id="88" source="F7" target="F6"/>
  <move id="89" source="G4" target="F4"/>
  <move id="90" source="E8" target="E7"/>
  <move id="91" source="F4" target="E4"/>
  <move id="92" source="F6" target="F7"/>
  <move id="93" source="E4" target="D4"/>
  <move id="94" source="F7" target="F8"/>
  <move id="95" source="D4" target="C4"/>
  <move id="96" source="F8" target="E8"/>
  <move id="97" source="C4" target="B4"/>
  <move id="98" source="D8" target="B8"/>
  <move id="99" source="B4" target="C4"/>
  <move id="100" source="E8" target="D8"/>
  <move id="101" source="C4" target="D4"/>
  <move id="102" source="G7" target="F7"/>
  <move id="103" source="E5" target="F5"/>
  <move id="104" source="E7" target="E6"/>
  <move id="105" source="F3" target="G3"/>
  <move id="106" source="D7" target="E7"/>
  <move id="107" source="F2" target="F3"/>
  <move id="108" source="F7" target="F8"/>
  <move id="109" source="F3" target="F4"/>
  <move id="110" source="D8" target="D7"/>
  <move id="111" source="F4" target="E4"/>
  <move id="112" source="E7" target="F7"/>
  <move id="113" source="E4" target="E5"/>
  <move id="114" source="E6" target="F6"/>
  <move id="115" source="F5" target="F4"/>
  <move id="116" source="D7" target="E7"/>
  <move id="117" source="E5" target="F5"/>
  <move id="118" source="F6" target="E6"/>
  <move id="119" source="F4" target="E4"/>
  <move id="120" source="E6" target="F6"/>
  <move id="121" source="D4" target="C4"/>
  <move id="122" source="E7" target="E6"/>
  <move id="123" source="C4" target="B4"/>
  <move id="124" source="B8" target="B4"/>
  <move id="125" source="B4" target="B5"/>
  <move id="126" source="E6" target="E7"/>
  <move id="127" source="B5" target="B6"/>
  <move id="128" source="E7" target="D7"/>
  <move id="129" source="B6" target="B7"/>
  <move id="130" source="C7" target="C8"/>
  <move id="131" source="B7" target="B8"/>
  <move id="132" source="C8" target="D8"/>
  <move id="133" source="B8" target="C8"/>
  <move id="134" source="D8" target="E8"/>
  <move id="135" source="F5" target="F6"/>
  <move id="136" source="F7" target="E7"/>
  <move id="137" source="F6" target="F7"/>
  <move id="138" source="F8" target="G8"/>
  <move id="139" source="F7" target="F8"/>
  <move id="140" source="E8" target="D8"/>
  <move id="141" source="F8" target="G8"/>
  <move id="142" source="H8" target="G8"/>
  <move id="143" source="H4" target="G4"/>
  <move id="144" source="H7" target="G7"/>
  <move id="145" source="E4" target="F4"/>
  <move id="146" source="G7" target="F7"/>
  <move id="147" source="F4" target="F5"/>
  <move id="148" source="E7" target="E8"/>
  <move id="149" source="F5" target="E5"/>
  <move id="150" source="F7" target="E7"/>
  <move id="151" source="G4" target="F4"/>
  <move id="152" source="I8" target="H8"/>
  <move id="153" source="F4" target="E4"/>
  <move id="154" source="H8" target="G8"/>
  <move id="155" source="G3" target="F3"/>
  <move id="156" source="I7" target="I6"/>
  <move id="157" source="H3" target="G3"/>
  <move id="158" source="I6" target="I5"/>
  <move id="159" source="H2" target="H3"/>
  <move id="160" source="K7" target="K4"/>
  <move id="161" source="H3" target="H4"/>
  <move id="162" source="I5" target="K5"/>
  <move id="163" source="I4" target="I9"/>
  <move id="164" source="K5" target="K4"/>
  <move id="165" source="H4" target="I4"/>
  <move id="166" source="K4" target="K3"/>
  <move id="167" source="I4" target="I5"/>
  <move id="168" source="H9" target="H8"/>
  <move id="169" source="I5" target="I6"/>
  <move id="170" source="K3" target="I3"/>
  <move id="171" source="I6" target="I7"/>
  <move id="172" source="G8" target="F8"/>
  <move id="173" source="I7" target="H7"/>
  <move id="174" source="H8" target="H7"/>
  <move id="175" source="H7" target="G7"/>
  <move id="176" source="F8" target="F3"/>
  <move id="177" source="G7" target="F7"/>
  <move id="178" source="E7" target="E6"/>
  <move id="179" source="E5" target="E6"/>
  <move id="180" source="K8" target="K7"/>
  <move id="181" source="F7" target="F8"/>
  <move id="182" source="E8" target="E7"/>
  <move id="183" source="E6" target="E7"/>
  <move id="184" source="D7" target="C7"/>
  <move id="185" source="C8" target="D8"/>
  <move id="186" source="C7" target="B7"/>
  <move id="187" source="E4" target="F4"/>
  <move id="188" source="K7" target="K6"/>
  <move id="189" source="E7" target="E6"/>
  <move id="190" source="K6" target="K5"/>
  <move id="191" source="E6" target="E5"/>
  <move id="192" source="K5" target="K4"/>
  <move id="193" source="E5" target="E4"/>
  <move id="194" source="K4" target="K3"/>
  <move id="195" source="F4" target="F5"/>
  <move id="196" source="K3" target="K2"/>
  <move id="197" source="E4" target="D4"/>
  <move id="198" source="B7" target="C7"/>
  <move id="199" source="F8" target="G8"/>
  <move id="200" source="C7" target="C8"/>
  <move id="201" source="D8" target="D7"/>
  <move id="202" source="C8" target="C7"/>
  <move id="203" source="D7" target="D8"/>
  <move id="204" source="C7" target="C8"/>
  <move id="205" source="D8" target="D7"/>
  <move id="206" source="C8" target="C7"/>
  <move id="207" source="D7" target="D8"/>
  <move id="208" source="C7" target="C8"/>
  <move id="209" source="D8" target="D7"/>
  <move id="210" source="C8" target="D8"/>
  <move id="211" source="D7" target="C7"/>
  <move id="212" source="D8" target="E8"/>
  <move id="213" source="G8" target="H8"/>
  <move id="214" source="E8" target="F8"/>
  <move id="215" source="H8" target="I8"/>
  <move id="216" source="F8" target="G8"/>
  <move id="217" source="I8" target="K8"/>
  <move id="218" source="F9" target="F8"/>
  <move id="219" source="C7" target="D7"/>
  <move id="220" source="F8" target="F7"/>
  <move id="221" source="D4" target="E4"/>
  <move id="222" source="F7" target="F6"/>
  <move id="223" source="E4" target="F4"/>
  <move id="224" source="G8" target="G7"/>
  <move id="225" source="D7" target="D8"/>
  <move id="226" source="G7" target="F7"/>
  <move id="227" source="D8" target="E8"/>
  <move id="228" source="F7" target="F8"/>
  <move id="229" source="E8" target="E7"/>
  <move id="230" source="F8" target="F7"/>
  <move id="231" source="E7" target="E8"/>
  <move id="232" source="F7" target="E7"/>
  <move id="233" source="E8" target="F8"/>
  <move id="234" source="E7" target="F7"/>
  <move id="235" source="F8" target="E8"/>
  <move id="236" source="F7" target="E7"/>
  <move id="237" source="E8" target="F8"/>
  <move id="238" source="F6" target="F5"/>
  <move id="239" source="F4" target="F5"/>
  <move id="240" source="E7" target="F7"/>
  <move id="241" source="F8" target="E8"/>
  <move id="242" source="F7" target="G7"/>
  <move id="243" source="F5" target="F6"/>
  <move id="244" source="G7" target="H7"/>
  <move id="245" source="F6" target="F7"/>
  <move id="246" source="H7" target="I7"/>
  <move id="247" source="F7" target="G7"/>
  <move id="248" source="I7" target="I6"/>
  <move id="249" source="G2" target="H2"/>
  <move id="250" source="I6" target="I5"/>
  <move id="251" source="G7" target="H7"/>
  <move id="252" source="I5" target="I4"/>
  <move id="253" source="H2" target="H3"/>
  <move id="254" source="I4" target="K4"/>
  <move id="255" source="H7" target="I7"/>
  <move id="256" source="K4" target="K3"/>
  <move id="257" source="I7" target="K7"/>
  <move id="258" source="K3" target="K2"/>
  <move id="259" source="K7" target="K6"/>
  <move id="260" source="K2" target="K1"/>
  <move id="261" source="K6" target="K5"/>
  <move id="262" source="K1" target="I1"/>
  <player id="1">Player 1</player>
  <player id="2">Player 2</player>
  <result type="10" winner="3"/>
 </game>
</stratego>