<?xml version="1.0" encoding="UTF-8"?>
<stratego>
 <game type="classic">
  
  <field content="FBEEEBMIBFBEDHBEJDIBDDJDFHCDDHHGIDLGKGFGAA__AA__AAAA__AA__AASPSPSPSTRPPVPTWXORVRTUPNUPQNUTQQQNNRNYNQ"/>
  <move id="1" source="E4" target="E5"/>
  <move id="2" source="E7" target="E6"/>
  <move id="3" source="E5" target="E6"/>
  <move id="4" source="B7" target="B6"/>
  <move id="5" source="E6" target="E7"/>
  <move id="6" source="B6" target="B5"/>
  <move id="7" source="E7" target="D7"/>
  <move id="8" source="A7" target="A6"/>
  <move id="9" source="D7" target="C7"/>
  <move id="10" source="A6" target="A5"/>
  <move id="11" source="C7" target="B7"/>
  <move id="12" source="A5" target="A4"/>
  <move id="13" source="B7" target="B6"/>
  <move id="14" source="B5" target="B4"/>
  <move id="15" source="B6" target="B7"/>
  <move id="16" source="F7" target="F6"/>
  <move id="17" source="B7" target="C7"/>
  <move id="18" source="G7" target="F7"/>
  <move id="19" source="F4" target="F5"/>
  <move id="20" source="E8" target="E7"/>
  <move id="21" source="G4" target="F4"/>
  <move id="22" source="F7" target="G7"/>
  <move id="23" source="F4" target="E4"/>
  <move id="24" source="F8" target="F7"/>
  <move id="25" source="E4" target="E5"/>
  <move id="26" source="G8" target="F8"/>
  <move id="27" source="I4" target="I5"/>
  <move id="28" source="G7" target="G8"/>
  <move id="29" source="F5" target="F6"/>
  <move id="30" source="F7" target="G7"/>
  <move id="31" source="G3" target="G4"/>
  <move id="32" source="F8" target="E8"/>
  <move id="33" source="B4" target="B5"/>
  <move id="34" source="E7" target="E6"/>
  <move id="35" source="E5" target="F5"/>
  <move id="36" source="E6" target="F6"/>
  <move id="37" source="B5" target="B6"/>
  <move id="38" source="G7" target="F7"/>
  <move id="39" source="D4" target="E4"/>
  <move id="40" source="F7" target="E7"/>
  <move id="41" source="E4" target="E5"/>
  <move id="42" source="F6" target="E6"/>
  <move id="43" source="E5" target="E4"/>
  <move id="44" source="E6" target="E5"/>
  <move id="45" source="F5" target="F4"/>
  <move id="46" source="E5" target="E4"/>
  <move id="47" source="C4" target="B4"/>
  <move id="48" source="E4" target="D4"/>
  <move id="49" source="B4" target="B5"/>
  <move id="50" source="D4" target="C4"/>
  <move id="51" source="B5" target="A5"/>
  <move id="52" source="C4" target="B4"/>
  <move id="53" source="A5" target="A6"/>
  <move id="54" source="B4" target="B5"/>
  <move id="55" source="A6" target="A7"/>
  <move id="56" source="B5" target="B6"/>
  <move id="57" source="C7" target="B7"/>
  <move id="58" source="B6" target="B5"/>
  <move id="59" source="B7" target="B6"/>
  <move id="60" source="B5" target="B4"/>
  <move id="61" source="B6" target="B5"/>
  <move id="62" source="B4" target="C4"/>
  <move id="63" source="A4" target="A5"/>
  <move id="64" source="C4" target="D4"/>
  <move id="65" source="A5" target="A6"/>
  <move id="66" source="D4" target="E4"/>
  <move id="67" source="B5" target="B6"/>
  <move id="68" source="E4" target="E5"/>
  <move id="69" source="B6" target="B7"/>
  <move id="70" source="E5" target="E6"/>
  <move id="71" source="B7" target="C7"/>
  <move id="72" source="E7" target="F7"/>
  <move id="73" source="A7" target="B7"/>
  <move id="74" source="F7" target="F6"/>
  <move id="75" source="B3" target="B4"/>
  <move id="76" source="F6" target="F5"/>
  <move id="77" source="B4" target="C4"/>
  <move id="78" source="F5" target="F4"/>
  <move id="79" source="G4" target="F4"/>
  <move id="80" source="F9" target="F4"/>
  <move id="81" source="B2" target="B3"/>
  <move id="82" source="F4" target="F3"/>
  <move id="83" source="B3" target="B4"/>
  <move id="84" source="E6" target="E5"/>
  <move id="85" source="B4" target="B5"/>
  <move id="86" source="E5" target="F5"/>
  <move id="87" source="A6" target="A7"/>
  <move id="88" source="F5" target="F4"/>
  <move id="89" source="B5" target="B6"/>
  <move id="90" source="F4" target="F3"/>
  <move id="91" source="B6" target="A6"/>
  <move id="92" source="F3" target="E3"/>
  <move id="93" source="A7" target="A8"/>
  <move id="94" source="B8" target="A8"/>
  <move id="95" source="B7" target="B6"/>
  <move id="96" source="A8" target="A7"/>
  <move id="97" source="C7" target="B7"/>
  <move id="98" source="A7" target="A6"/>
  <move id="99" source="B6" target="B5"/>
  <move id="100" source="A6" target="A5"/>
  <move id="101" source="B5" target="B6"/>
  <move id="102" source="A5" target="A4"/>
  <move id="103" source="B7" target="C7"/>
  <move id="104" source="A4" target="B4"/>
  <move id="105" source="C4" target="F4"/>
  <move id="106" source="B4" target="B5"/>
  <move id="107" source="B6" target="B7"/>
  <move id="108" source="B5" target="B4"/>
  <move id="109" source="B7" target="A7"/>
  <move id="110" source="B4" target="C4"/>
  <move id="111" source="C3" target="C4"/>
  <move id="112" source="E3" target="E4"/>
  <move id="113" source="F4" target="F6"/>
  <move id="114" source="E4" target="F4"/>
  <move id="115" source="A7" target="B7"/>
  <move id="116" source="F4" target="G4"/>
  <move id="117" source="A3" target="A9"/>
  <move id="118" source="G4" target="H4"/>
  <move id="119" source="I5" target="I6"/>
  <move id="120" source="H4" target="I4"/>
  <move id="121" source="I6" target="I7"/>
  <move id="122" source="I4" target="K4"/>
  <move id="123" source="B7" target="B8"/>
  <move id="124" source="K4" target="I4"/>
  <move id="125" source="B8" target="A8"/>
  <move id="126" source="I4" target="I3"/>
  <move id="127" source="C7" target="B7"/>
  <move id="128" source="I3" target="H3"/>
  <move id="129" source="B7" target="B6"/>
  <move id="130" source="H3" target="H4"/>
  <move id="131" source="B6" target="B5"/>
  <move id="132" source="H4" target="G4"/>
  <move id="133" source="B5" target="B4"/>
  <move id="134" source="G4" target="F4"/>
  <move id="135" source="B4" target="C4"/>
  <move id="136" source="F4" target="F5"/>
  <move id="137" source="F6" target="E6"/>
  <move id="138" source="F5" target="F6"/>
  <move id="139" source="E6" target="E8"/>
  <move id="140" source="D8" target="E8"/>
  <move id="141" source="C4" target="D4"/>
  <move id="142" source="F6" target="F7"/>
  <move id="143" source="D4" target="E4"/>
  <move id="144" source="F7" target="E7"/>
  <move id="145" source="A8" target="A9"/>
  <move id="146" source="E7" target="D7"/>
  <move id="147" source="E4" target="D4"/>
  <move id="148" source="D7" target="C7"/>
  <move id="149" source="D4" target="C4"/>
  <move id="150" source="B9" target="A9"/>
  <move id="151" source="D3" target="A3"/>
  <move id="152" source="C8" target="A8"/>
  <move id="153" source="C2" target="B2"/>
  <move id="154" source="C9" target="B9"/>
  <move id="155" source="C4" target="B4"/>
  <move id="156" source="C7" target="D7"/>
  <move id="157" source="B4" target="B5"/>
  <move id="158" source="D7" target="E7"/>
  <move id="159" source="B5" target="B6"/>
  <move id="160" source="E7" target="E6"/>
  <move id="161" source="B6" target="B5"/>
  <move id="162" source="G8" target="F8"/>
  <move id="163" source="G2" target="G3"/>
  <move id="164" source="G9" target="G8"/>
  <move id="165" source="G3" target="G4"/>
  <move id="166" source="H7" target="G7"/>
  <move id="167" source="G4" target="F4"/>
  <move id="168" source="G7" target="F7"/>
  <move id="169" source="F4" target="E4"/>
  <move id="170" source="E6" target="E5"/>
  <move id="171" source="E4" target="D4"/>
  <move id="172" source="G8" target="G7"/>
  <move id="173" source="D4" target="C4"/>
  <move id="174" source="G7" target="H7"/>
  <move id="175" source="C4" target="B4"/>
  <move id="176" source="H7" target="I7"/>
  <move id="177" source="B4" target="A4"/>
  <move id="178" source="I7" target="I6"/>
  <move id="179" source="A4" target="A5"/>
  <move id="180" source="E5" target="F5"/>
  <move id="181" source="A5" target="A6"/>
  <move id="182" source="F5" target="F4"/>
  <move id="183" source="B5" target="B4"/>
  <move id="184" source="F4" target="F5"/>
  <move id="185" source="A6" target="A7"/>
  <move id="186" source="F7" target="E7"/>
  <move id="187" source="B4" target="B5"/>
  <move id="188" source="E7" target="D7"/>
  <move id="189" source="B5" target="B6"/>
  <move id="190" source="F5" target="F4"/>
  <move id="191" source="B6" target="B5"/>
  <move id="192" source="D7" target="C7"/>
  <move id="193" source="B5" target="B4"/>
  <move id="194" source="F4" target="F5"/>
  <move id="195" source="B4" target="C4"/>
  <move id="196" source="C7" target="B7"/>
  <move id="197" source="C4" target="D4"/>
  <move id="198" source="B7" target="A7"/>
  <move id="199" source="A7" target="A8"/>
  <move id="200" source="F5" target="F6"/>
  <move id="201" source="A8" target="B8"/>
  <move id="202" source="F6" target="F7"/>
  <move id="203" source="D4" target="C4"/>
  <move id="204" source="F7" target="E7"/>
  <move id="205" source="B8" target="B7"/>
  <move id="206" source="E7" target="D7"/>
  <move id="207" source="B7" target="B6"/>
  <move id="208" source="D7" target="C7"/>
  <move id="209" source="B6" target="B5"/>
  <move id="210" source="E8" target="E7"/>
  <move id="211" source="B5" target="B4"/>
  <move id="212" source="E7" target="E6"/>
  <move id="213" source="B4" target="B3"/>
  <move id="214" source="E6" target="E5"/>
  <move id="215" source="C4" target="D4"/>
  <move id="216" source="E5" target="E6"/>
  <move id="217" source="B3" target="C3"/>
  <move id="218" source="C7" target="B7"/>
  <move id="219" source="D4" target="C4"/>
  <move id="220" source="E6" target="F6"/>
  <move id="221" source="C3" target="D3"/>
  <move id="222" source="B7" target="C7"/>
  <move id="223" source="D3" target="E3"/>
  <move id="224" source="C7" target="D7"/>
  <move id="225" source="C4" target="D4"/>
  <move id="226" source="D7" target="C7"/>
  <move id="227" source="E3" target="E4"/>
  <move id="228" source="C7" target="D7"/>
  <move id="229" source="E4" target="F4"/>
  <move id="230" source="F6" target="F7"/>
  <move id="231" source="D4" target="E4"/>
  <move id="232" source="F7" target="E7"/>
  <move id="233" source="E4" target="E5"/>
  <move id="234" source="E7" target="E8"/>
  <move id="235" source="F4" target="F5"/>
  <move id="236" source="D7" target="E7"/>
  <move id="237" source="E5" target="E6"/>
  <move id="238" source="E7" target="F7"/>
  <move id="239" source="E6" target="F6"/>
  <move id="240" source="F7" target="E7"/>
  <move id="241" source="F6" target="E6"/>
  <move id="242" source="E7" target="F7"/>
  <move id="243" source="E6" target="F6"/>
  <move id="244" source="F7" target="E7"/>
  <move id="245" source="F6" target="F7"/>
  <move id="246" source="E7" target="E6"/>
  <move id="247" source="F7" target="E7"/>
  <move id="248" source="E6" target="E5"/>
  <move id="249" source="F5" target="F6"/>
  <move id="250" source="E5" target="F5"/>
  <move id="251" source="F6" target="F7"/>
  <move id="252" source="F5" target="F6"/>
  <move id="253" source="F7" target="G7"/>
  <move id="254" source="I6" target="I5"/>
  <move id="255" source="E7" target="E8"/>
  <move id="256" source="F6" target="F7"/>
  <move id="257" source="G7" target="H7"/>
  <move id="258" source="F7" target="G7"/>
  <move id="259" source="H7" target="I7"/>
  <move id="260" source="I8" target="I7"/>
  <move id="261" source="E8" target="E7"/>
  <move id="262" source="G7" target="H7"/>
  <move id="263" source="E7" target="F7"/>
  <move id="264" source="H7" target="I7"/>
  <move id="265" source="F7" target="F6"/>
  <move id="266" source="I5" target="I4"/>
  <move id="267" source="F6" target="F5"/>
  <move id="268" source="I4" target="H4"/>
  <move id="269" source="F5" target="F4"/>
  <move id="270" source="H4" target="H3"/>
  <move id="271" source="F4" target="F3"/>
  <move id="272" source="H3" target="H2"/>
  <move id="273" source="I2" target="H2"/>
  <move id="274" source="I7" target="H7"/>
  <move id="275" source="F3" target="F4"/>
  <move id="276" source="H7" target="G7"/>
  <move id="277" source="F4" target="F5"/>
  <move id="278" source="G7" target="F7"/>
  <move id="279" source="F5" target="F6"/>
  <move id="280" source="F7" target="E7"/>
  <move id="281" source="F2" target="F3"/>
  <move id="282" source="B9" target="B4"/>
  <move id="283" source="H2" target="H3"/>
  <move id="284" source="A:" target="A9"/>
  <move id="285" source="H3" target="H4"/>
  <move id="286" source="A9" target="A8"/>
  <move id="287" source="H4" target="I4"/>
  <move id="288" source="A8" target="A7"/>
  <move id="289" source="I4" target="I5"/>
  <move id="290" source="A7" target="A6"/>
  <move id="291" source="K3" target="K4"/>
  <move id="292" source="A6" target="A5"/>
  <move id="293" source="K4" target="K5"/>
  <move id="294" source="A5" target="A4"/>
  <move id="295" source="A3" target="E3"/>
  <move id="296" source="A4" target="A3"/>
  <move id="297" source="H1" target="H2"/>
  <move id="298" source="A3" target="A2"/>
  <player id="1">Player 1</player>
  <player id="2">Player 2</player>
  <result type="11" winner="1"/>
 </game>
</stratego>