<?xml version="1.0" encoding="UTF-8"?>
<stratego>
 <game type="classic">
  
  <field content="MBEEDHFFDDBHIJLBIBFEDEGCHDJHBDFGKIGDBGDEAA__AA__AAAA__AA__AASTPRNSTURSPPVQWPPTTPPXUVONRNSQNQUYRQPQNN"/>
  <move id="1" source="F4" target="F5"/>
  <move id="2" source="I7" target="I6"/>
  <move id="3" source="F5" target="E5"/>
  <move id="4" source="K7" target="K6"/>
  <move id="5" source="F3" target="F4"/>
  <move id="6" source="I6" target="I5"/>
  <move id="7" source="F4" target="F5"/>
  <move id="8" source="K6" target="K5"/>
  <move id="9" source="E3" target="F3"/>
  <move id="10" source="K5" target="K4"/>
  <move id="11" source="I4" target="I5"/>
  <move id="12" source="K4" target="K3"/>
  <move id="13" source="H4" target="I4"/>
  <move id="14" source="K3" target="I3"/>
  <move id="15" source="I4" target="I5"/>
  <move id="16" source="K8" target="K2"/>
  <move id="17" source="I5" target="I4"/>
  <move id="18" source="I8" target="I7"/>
  <move id="19" source="I4" target="H4"/>
  <move id="20" source="I7" target="I6"/>
  <move id="21" source="K2" target="K3"/>
  <move id="22" source="I6" target="I5"/>
  <move id="23" source="K3" target="K4"/>
  <move id="24" source="I5" target="I4"/>
  <move id="25" source="K4" target="K5"/>
  <move id="26" source="I4" target="I5"/>
  <move id="27" source="K5" target="K6"/>
  <move id="28" source="H8" target="I8"/>
  <move id="29" source="F5" target="F7"/>
  <move id="30" source="I8" target="K8"/>
  <move id="31" source="E2" target="E3"/>
  <move id="32" source="K8" target="K7"/>
  <move id="33" source="K6" target="K5"/>
  <move id="34" source="I5" target="K5"/>
  <move id="35" source="F3" target="F4"/>
  <move id="36" source="K5" target="K4"/>
  <move id="37" source="G3" target="F3"/>
  <move id="38" source="K4" target="I4"/>
  <move id="39" source="F4" target="F5"/>
  <move id="40" source="K7" target="I7"/>
  <move id="41" source="E4" target="F4"/>
  <move id="42" source="K9" target="K8"/>
  <move id="43" source="E5" target="E6"/>
  <move id="44" source="K8" target="K7"/>
  <move id="45" source="F5" target="E5"/>
  <move id="46" source="K7" target="K6"/>
  <move id="47" source="F4" target="F5"/>
  <move id="48" source="K6" target="K5"/>
  <move id="49" source="F3" target="F4"/>
  <move id="50" source="K5" target="K4"/>
  <move id="51" source="F5" target="F6"/>
  <move id="52" source="K4" target="K3"/>
  <move id="53" source="E5" target="E4"/>
  <move id="54" source="K3" target="I3"/>
  <move id="55" source="H3" target="I3"/>
  <move id="56" source="I4" target="I3"/>
  <move id="57" source="H4" target="H3"/>
  <move id="58" source="I9" target="I8"/>
  <move id="59" source="H3" target="G3"/>
  <move id="60" source="I8" target="K8"/>
  <move id="61" source="G3" target="F3"/>
  <move id="62" source="K8" target="K7"/>
  <move id="63" source="K1" target="K2"/>
  <move id="64" source="K7" target="K6"/>
  <move id="65" source="K2" target="K3"/>
  <move id="66" source="K6" target="K5"/>
  <move id="67" source="K3" target="I3"/>
  <move id="68" source="K5" target="K4"/>
  <move id="69" source="I3" target="H3"/>
  <move id="70" source="K4" target="I4"/>
  <move id="71" source="F4" target="F5"/>
  <move id="72" source="I4" target="H4"/>
  <move id="73" source="H3" target="G3"/>
  <move id="74" source="H4" target="H3"/>
  <move id="75" source="F3" target="F4"/>
  <move id="76" source="H3" target="G3"/>
  <move id="77" source="G2" target="G3"/>
  <move id="78" source="I7" target="I6"/>
  <move id="79" source="E4" target="E5"/>
  <move id="80" source="I6" target="I5"/>
  <move id="81" source="G3" target="G2"/>
  <move id="82" source="I5" target="K5"/>
  <move id="83" source="F4" target="F3"/>
  <move id="84" source="G8" target="H8"/>
  <move id="85" source="F3" target="G3"/>
  <move id="86" source="H8" target="I8"/>
  <move id="87" source="G3" target="H3"/>
  <move id="88" source="I8" target="I7"/>
  <move id="89" source="E3" target="E4"/>
  <move id="90" source="I7" target="I6"/>
  <move id="91" source="E4" target="F4"/>
  <move id="92" source="I6" target="I5"/>
  <move id="93" source="F4" target="F3"/>
  <move id="94" source="I5" target="I4"/>
  <move id="95" source="F3" target="G3"/>
  <move id="96" source="K5" target="K4"/>
  <move id="97" source="D4" target="E4"/>
  <move id="98" source="I4" target="I3"/>
  <move id="99" source="E4" target="E3"/>
  <move id="100" source="K4" target="K3"/>
  <move id="101" source="E3" target="E2"/>
  <move id="102" source="K3" target="K2"/>
  <move id="103" source="C4" target="D4"/>
  <move id="104" source="K2" target="K1"/>
  <move id="105" source="D4" target="E4"/>
  <move id="106" source="K1" target="K2"/>
  <move id="107" source="F5" target="F4"/>
  <move id="108" source="K2" target="K3"/>
  <move id="109" source="E4" target="E3"/>
  <move id="110" source="K3" target="K4"/>
  <move id="111" source="F4" target="F3"/>
  <move id="112" source="I3" target="K3"/>
  <move id="113" source="F3" target="F4"/>
  <move id="114" source="K3" target="K1"/>
  <move id="115" source="F4" target="F3"/>
  <move id="116" source="K1" target="I1"/>
  <move id="117" source="B4" target="C4"/>
  <move id="118" source="K4" target="I4"/>
  <move id="119" source="C4" target="D4"/>
  <move id="120" source="I4" target="I5"/>
  <move id="121" source="D4" target="E4"/>
  <move id="122" source="I5" target="I6"/>
  <move id="123" source="E4" target="F4"/>
  <move id="124" source="I6" target="I7"/>
  <move id="125" source="F4" target="F5"/>
  <move id="126" source="I7" target="I8"/>
  <move id="127" source="F3" target="F4"/>
  <move id="128" source="I8" target="H8"/>
  <move id="129" source="E3" target="E4"/>
  <move id="130" source="H8" target="G8"/>
  <move id="131" source="E4" target="D4"/>
  <move id="132" source="H7" target="H8"/>
  <move id="133" source="F6" target="F7"/>
  <move id="134" source="G7" target="F7"/>
  <move id="135" source="D3" target="E3"/>
  <move id="136" source="G8" target="G7"/>
  <move id="137" source="D4" target="C4"/>
  <move id="138" source="H8" target="H7"/>
  <move id="139" source="C4" target="D4"/>
  <move id="140" source="G7" target="G8"/>
  <move id="141" source="H3" target="H4"/>
  <move id="142" source="H7" target="G7"/>
  <move id="143" source="H4" target="I4"/>
  <move id="144" source="G8" target="H8"/>
  <move id="145" source="I4" target="I5"/>
  <move id="146" source="H8" target="H7"/>
  <move id="147" source="I5" target="I6"/>
  <move id="148" source="H7" target="I7"/>
  <move id="149" source="I6" target="I5"/>
  <move id="150" source="I7" target="I6"/>
  <move id="151" source="I5" target="I4"/>
  <move id="152" source="I6" target="I5"/>
  <move id="153" source="I4" target="I3"/>
  <move id="154" source="I5" target="I6"/>
  <move id="155" source="I3" target="H3"/>
  <move id="156" source="I6" target="I7"/>
  <move id="157" source="D4" target="C4"/>
  <move id="158" source="I7" target="H7"/>
  <move id="159" source="C4" target="D4"/>
  <move id="160" source="H7" target="H8"/>
  <move id="161" source="D4" target="E4"/>
  <move id="162" source="H8" target="G8"/>
  <move id="163" source="E6" target="F6"/>
  <move id="164" source="G7" target="H7"/>
  <move id="165" source="F6" target="E6"/>
  <move id="166" source="G8" target="G7"/>
  <move id="167" source="H3" target="H4"/>
  <move id="168" source="H7" target="H8"/>
  <move id="169" source="G3" target="H3"/>
  <move id="170" source="H8" target="G8"/>
  <move id="171" source="H3" target="G3"/>
  <move id="172" source="G7" target="H7"/>
  <move id="173" source="H4" target="H3"/>
  <move id="174" source="G8" target="G7"/>
  <move id="175" source="G3" target="F3"/>
  <move id="176" source="F8" target="G8"/>
  <move id="177" source="E3" target="D3"/>
  <move id="178" source="G8" target="H8"/>
  <move id="179" source="E4" target="D4"/>
  <move id="180" source="G7" target="G8"/>
  <move id="181" source="G2" target="G3"/>
  <move id="182" source="G8" target="F8"/>
  <move id="183" source="F3" target="E3"/>
  <move id="184" source="H7" target="G7"/>
  <move id="185" source="E3" target="E4"/>
  <move id="186" source="H8" target="H7"/>
  <move id="187" source="G3" target="F3"/>
  <move id="188" source="G7" target="G8"/>
  <move id="189" source="F3" target="E3"/>
  <move id="190" source="H7" target="G7"/>
  <move id="191" source="D4" target="C4"/>
  <move id="192" source="G8" target="H8"/>
  <move id="193" source="D3" target="D4"/>
  <move id="194" source="H8" target="H7"/>
  <move id="195" source="E3" target="D3"/>
  <move id="196" source="G7" target="G8"/>
  <move id="197" source="E4" target="E3"/>
  <move id="198" source="H7" target="H8"/>
  <move id="199" source="E3" target="F3"/>
  <move id="200" source="G8" target="G7"/>
  <move id="201" source="F4" target="E4"/>
  <move id="202" source="F8" target="G8"/>
  <move id="203" source="F3" target="G3"/>
  <move id="204" source="H8" target="H7"/>
  <move id="205" source="D3" target="E3"/>
  <move id="206" source="G8" target="H8"/>
  <move id="207" source="G3" target="F3"/>
  <move id="208" source="G7" target="G8"/>
  <move id="209" source="F3" target="F4"/>
  <move id="210" source="H7" target="G7"/>
  <move id="211" source="E3" target="D3"/>
  <move id="212" source="H8" target="H7"/>
  <move id="213" source="E4" target="E3"/>
  <move id="214" source="G8" target="H8"/>
  <move id="215" source="E3" target="F3"/>
  <move id="216" source="G7" target="G8"/>
  <move id="217" source="D3" target="E3"/>
  <move id="218" source="H7" target="G7"/>
  <move id="219" source="F3" target="G3"/>
  <move id="220" source="H8" target="H7"/>
  <move id="221" source="H3" target="H4"/>
  <move id="222" source="G8" target="H8"/>
  <move id="223" source="G3" target="H3"/>
  <move id="224" source="G7" target="G8"/>
  <move id="225" source="H4" target="I4"/>
  <move id="226" source="G8" target="F8"/>
  <move id="227" source="H3" target="H4"/>
  <move id="228" source="H8" target="G8"/>
  <move id="229" source="I4" target="I5"/>
  <move id="230" source="G8" target="G7"/>
  <move id="231" source="H4" target="I4"/>
  <move id="232" source="H7" target="H8"/>
  <move id="233" source="F4" target="F3"/>
  <move id="234" source="G7" target="H7"/>
  <move id="235" source="F3" target="F4"/>
  <move id="236" source="H7" target="I7"/>
  <move id="237" source="E3" target="F3"/>
  <move id="238" source="H8" target="H7"/>
  <move id="239" source="F3" target="E3"/>
  <move id="240" source="I7" target="I6"/>
  <move id="241" source="F4" target="F3"/>
  <move id="242" source="H7" target="I7"/>
  <move id="243" source="F3" target="G3"/>
  <move id="244" source="I7" target="K7"/>
  <move id="245" source="I5" target="K5"/>
  <move id="246" source="I6" target="K6"/>
  <move id="247" source="K5" target="K4"/>
  <move id="248" source="K6" target="K5"/>
  <move id="249" source="K4" target="K3"/>
  <move id="250" source="K7" target="I7"/>
  <move id="251" source="I4" target="H4"/>
  <move id="252" source="K5" target="K4"/>
  <move id="253" source="K3" target="I3"/>
  <move id="254" source="K4" target="K3"/>
  <move id="255" source="H4" target="H3"/>
  <move id="256" source="K3" target="K4"/>
  <move id="257" source="G3" target="G2"/>
  <move id="258" source="K4" target="I4"/>
  <move id="259" source="E3" target="E4"/>
  <move id="260" source="I7" target="H7"/>
  <move id="261" source="D4" target="D3"/>
  <move id="262" source="H7" target="G7"/>
  <move id="263" source="I3" target="K3"/>
  <move id="264" source="I4" target="K4"/>
  <move id="265" source="K3" target="K2"/>
  <move id="266" source="G7" target="H7"/>
  <move id="267" source="H3" target="G3"/>
  <move id="268" source="H7" target="I7"/>
  <move id="269" source="D3" target="E3"/>
  <move id="270" source="K4" target="K3"/>
  <move id="271" source="K2" target="K1"/>
  <move id="272" source="K3" target="K2"/>
  <move id="273" source="K1" target="I1"/>
  <move id="274" source="K2" target="K1"/>
  <move id="275" source="G3" target="H3"/>
  <move id="276" source="I7" target="I6"/>
  <move id="277" source="G2" target="G3"/>
  <move id="278" source="I6" target="I5"/>
  <move id="279" source="H3" target="H4"/>
  <move id="280" source="K1" target="I1"/>
  <move id="281" source="I2" target="I3"/>
  <move id="282" source="I1" target="I2"/>
  <move id="283" source="I3" target="K3"/>
  <move id="284" source="I2" target="K2"/>
  <move id="285" source="K3" target="I3"/>
  <move id="286" source="K2" target="K3"/>
  <move id="287" source="I3" target="I2"/>
  <move id="288" source="K3" target="K4"/>
  <move id="289" source="G3" target="H3"/>
  <move id="290" source="K4" target="K5"/>
  <move id="291" source="H3" target="I3"/>
  <move id="292" source="K5" target="K6"/>
  <move id="293" source="I3" target="I4"/>
  <move id="294" source="K6" target="K7"/>
  <move id="295" source="I4" target="I3"/>
  <move id="296" source="K7" target="I7"/>
  <move id="297" source="H4" target="H3"/>
  <move id="298" source="I7" target="H7"/>
  <move id="299" source="H3" target="G3"/>
  <move id="300" source="H7" target="H8"/>
  <move id="301" source="G3" target="G2"/>
  <move id="302" source="H8" target="G8"/>
  <move id="303" source="I3" target="H3"/>
  <move id="304" source="G8" target="G7"/>
  <move id="305" source="H3" target="G3"/>
  <move id="306" source="F8" target="G8"/>
  <move id="307" source="I2" target="I3"/>
  <move id="308" source="G8" target="H8"/>
  <move id="309" source="G3" target="F3"/>
  <move id="310" source="H8" target="H7"/>
  <move id="311" source="G2" target="G3"/>
  <move id="312" source="G7" target="G8"/>
  <move id="313" source="G3" target="G2"/>
  <move id="314" source="H7" target="G7"/>
  <move id="315" source="F3" target="G3"/>
  <move id="316" source="G8" target="H8"/>
  <move id="317" source="G3" target="H3"/>
  <move id="318" source="G7" target="G8"/>
  <move id="319" source="H3" target="H4"/>
  <move id="320" source="G8" target="F8"/>
  <move id="321" source="G2" target="G3"/>
  <move id="322" source="H8" target="G8"/>
  <move id="323" source="G3" target="H3"/>
  <move id="324" source="G8" target="G7"/>
  <move id="325" source="I3" target="I4"/>
  <move id="326" source="I5" target="I6"/>
  <move id="327" source="H3" target="I3"/>
  <move id="328" source="I6" target="I7"/>
  <move id="329" source="I4" target="I5"/>
  <move id="330" source="G7" target="H7"/>
  <move id="331" source="I3" target="I4"/>
  <move id="332" source="I7" target="K7"/>
  <move id="333" source="I4" target="K4"/>
  <move id="334" source="H7" target="I7"/>
  <move id="335" source="H4" target="I4"/>
  <move id="336" source="I7" target="I6"/>
  <move id="337" source="K4" target="K5"/>
  <move id="338" source="K7" target="K5"/>
  <move id="339" source="K5" target="K4"/>
  <move id="340" source="I6" target="K6"/>
  <move id="341" source="K4" target="K3"/>
  <move id="342" source="K6" target="K5"/>
  <move id="343" source="E4" target="F4"/>
  <move id="344" source="K5" target="K4"/>
  <move id="345" source="K3" target="I3"/>
  <move id="346" source="K4" target="K3"/>
  <move id="347" source="I3" target="H3"/>
  <move id="348" source="K3" target="I3"/>
  <move id="349" source="I4" target="I3"/>
  <move id="350" source="A7" target="A6"/>
  <move id="351" source="H3" target="G3"/>
  <move id="352" source="A6" target="A5"/>
  <move id="353" source="G3" target="G2"/>
  <move id="354" source="A5" target="A4"/>
  <move id="355" source="I3" target="H3"/>
  <move id="356" source="A4" target="A3"/>
  <move id="357" source="B3" target="B4"/>
  <move id="358" source="A3" target="A2"/>
  <move id="359" source="B4" target="A4"/>
  <move id="360" source="B7" target="A7"/>
  <move id="361" source="C3" target="B3"/>
  <move id="362" source="B8" target="B3"/>
  <move id="363" source="B3" target="B4"/>
  <move id="364" source="A7" target="B7"/>
  <move id="365" source="H3" target="G3"/>
  <move id="366" source="A8" target="B8"/>
  <move id="367" source="G3" target="F3"/>
  <move id="368" source="B7" target="B6"/>
  <move id="369" source="E3" target="D3"/>
  <move id="370" source="B6" target="B5"/>
  <move id="371" source="D3" target="D4"/>
  <move id="372" source="B5" target="A5"/>
  <move id="373" source="F3" target="E3"/>
  <move id="374" source="A5" target="A4"/>
  <move id="375" source="B2" target="B3"/>
  <move id="376" source="A4" target="A5"/>
  <move id="377" source="B3" target="B2"/>
  <move id="378" source="A5" target="A6"/>
  <move id="379" source="E3" target="E4"/>
  <move id="380" source="A6" target="A7"/>
  <move id="381" source="G2" target="G3"/>
  <move id="382" source="A7" target="B7"/>
  <move id="383" source="I5" target="I4"/>
  <move id="384" source="B8" target="A8"/>
  <move id="385" source="I4" target="H4"/>
  <move id="386" source="B7" target="B8"/>
  <move id="387" source="H4" target="H3"/>
  <move id="388" source="A8" target="A7"/>
  <move id="389" source="B4" target="A4"/>
  <move id="390" source="A7" target="A4"/>
  <move id="391" source="E4" target="E3"/>
  <move id="392" source="C7" target="B7"/>
  <move id="393" source="E3" target="D3"/>
  <move id="394" source="C8" target="C7"/>
  <move id="395" source="A4" target="B4"/>
  <move id="396" source="D8" target="C8"/>
  <move id="397" source="D3" target="C3"/>
  <move id="398" source="B8" target="A8"/>
  <move id="399" source="B2" target="B3"/>
  <move id="400" source="D7" target="D8"/>
  <move id="401" source="B3" target="B2"/>
  <move id="402" source="C7" target="D7"/>
  <move id="403" source="C3" target="B3"/>
  <move id="404" source="B7" target="A7"/>
  <move id="405" source="B4" target="A4"/>
  <move id="406" source="C8" target="B8"/>
  <move id="407" source="B3" target="B4"/>
  <move id="408" source="A7" target="B7"/>
  <move id="409" source="G3" target="G2"/>
  <move id="410" source="B7" target="B4"/>
  <move id="411" source="B4" target="B3"/>
  <move id="412" source="F7" target="G7"/>
  <move id="413" source="B3" target="C3"/>
  <move id="414" source="G7" target="G8"/>
  <move id="415" source="C3" target="D3"/>
  <move id="416" source="A8" target="A7"/>
  <move id="417" source="D3" target="C3"/>
  <move id="418" source="A7" target="A6"/>
  <move id="419" source="C3" target="B3"/>
  <move id="420" source="A6" target="A5"/>
  <move id="421" source="A4" target="B4"/>
  <move id="422" source="A5" target="B5"/>
  <move id="423" source="H3" target="G3"/>
  <move id="424" source="F8" target="F7"/>
  <move id="425" source="B3" target="C3"/>
  <move id="426" source="F7" target="G7"/>
  <move id="427" source="C3" target="D3"/>
  <move id="428" source="D8" target="C8"/>
  <move id="429" source="G3" target="H3"/>
  <move id="430" source="C8" target="C7"/>
  <move id="431" source="H3" target="I3"/>
  <move id="432" source="B8" target="B7"/>
  <move id="433" source="I3" target="I4"/>
  <move id="434" source="B7" target="B6"/>
  <move id="435" source="D3" target="C3"/>
  <move id="436" source="G8" target="F8"/>
  <move id="437" source="I4" target="I5"/>
  <move id="438" source="F8" target="F7"/>
  <move id="439" source="C3" target="D3"/>
  <move id="440" source="B6" target="A6"/>
  <move id="441" source="D3" target="C3"/>
  <move id="442" source="A6" target="A5"/>
  <move id="443" source="F5" target="F6"/>
  <move id="444" source="F7" target="F8"/>
  <move id="445" source="C3" target="B3"/>
  <move id="446" source="G7" target="F7"/>
  <move id="447" source="F6" target="F5"/>
  <move id="448" source="F7" target="F6"/>
  <move id="449" source="I5" target="I6"/>
  <move id="450" source="F8" target="F7"/>
  <move id="451" source="B3" target="C3"/>
  <move id="452" source="E8" target="F8"/>
  <move id="453" source="C3" target="D3"/>
  <move id="454" source="F8" target="G8"/>
  <move id="455" source="D3" target="E3"/>
  <move id="456" source="G8" target="G7"/>
  <move id="457" source="D4" target="D3"/>
  <move id="458" source="A5" target="A4"/>
  <move id="459" source="B4" target="B3"/>
  <move id="460" source="A4" target="A3"/>
  <move id="461" source="B3" target="A3"/>
  <move id="462" source="B5" target="B4"/>
  <move id="463" source="C4" target="C3"/>
  <move id="464" source="B4" target="B3"/>
  <move id="465" source="A3" target="A4"/>
  <move id="466" source="B3" target="B4"/>
  <move id="467" source="A4" target="A5"/>
  <move id="468" source="B4" target="B5"/>
  <move id="469" source="A5" target="A6"/>
  <move id="470" source="C7" target="B7"/>
  <move id="471" source="E3" target="E4"/>
  <move id="472" source="B7" target="A7"/>
  <move id="473" source="A6" target="A5"/>
  <move id="474" source="B5" target="A5"/>
  <move id="475" source="C3" target="C4"/>
  <move id="476" source="A5" target="B5"/>
  <move id="477" source="B2" target="B3"/>
  <move id="478" source="B5" target="B6"/>
  <move id="479" source="D3" target="D4"/>
  <move id="480" source="B6" target="B7"/>
  <move id="481" source="B3" target="B2"/>
  <move id="482" source="B7" target="C7"/>
  <move id="483" source="I6" target="I5"/>
  <move id="484" source="A7" target="B7"/>
  <move id="485" source="C4" target="B4"/>
  <move id="486" source="C7" target="C8"/>
  <move id="487" source="D4" target="C4"/>
  <move id="488" source="B7" target="B6"/>
  <move id="489" source="E4" target="E3"/>
  <move id="490" source="B6" target="B5"/>
  <move id="491" source="E3" target="D3"/>
  <move id="492" source="B5" target="B4"/>
  <move id="493" source="D3" target="C3"/>
  <move id="494" source="F7" target="F8"/>
  <move id="495" source="C4" target="D4"/>
  <move id="496" source="F8" target="E8"/>
  <move id="497" source="B4" target="C4"/>
  <move id="498" source="F6" target="F7"/>
  <move id="499" source="D4" target="D3"/>
  <move id="500" source="F7" target="F8"/>
  <move id="501" source="C4" target="D4"/>
  <move id="502" source="F8" target="G8"/>
  <move id="503" source="C3" target="C4"/>
  <move id="504" source="G7" target="F7"/>
  <move id="505" source="D4" target="E4"/>
  <move id="506" source="F7" target="F6"/>
  <move id="507" source="F4" target="F3"/>
  <move id="508" source="F6" target="E6"/>
  <move id="509" source="F3" target="G3"/>
  <move id="510" source="E6" target="F6"/>
  <move id="511" source="F5" target="F4"/>
  <move id="512" source="F6" target="F7"/>
  <move id="513" source="G3" target="F3"/>
  <move id="514" source="F7" target="G7"/>
  <move id="515" source="I5" target="K5"/>
  <move id="516" source="G8" target="F8"/>
  <move id="517" source="D3" target="D4"/>
  <move id="518" source="F8" target="F7"/>
  <move id="519" source="F3" target="E3"/>
  <move id="520" source="G7" target="G8"/>
  <move id="521" source="F4" target="F3"/>
  <move id="522" source="F7" target="G7"/>
  <move id="523" source="E3" target="D3"/>
  <move id="524" source="G8" target="F8"/>
  <move id="525" source="F3" target="E3"/>
  <move id="526" source="G7" target="G8"/>
  <move id="527" source="E3" target="F3"/>
  <move id="528" source="E8" target="D8"/>
  <move id="529" source="C4" target="B4"/>
  <move id="530" source="C8" target="C7"/>
  <move id="531" source="D3" target="C3"/>
  <move id="532" source="D8" target="C8"/>
  <move id="533" source="C3" target="C4"/>
  <move id="534" source="D7" target="D8"/>
  <move id="535" source="F3" target="E3"/>
  <move id="536" source="F8" target="E8"/>
  <move id="537" source="E3" target="D3"/>
  <move id="538" source="D8" target="D7"/>
  <move id="539" source="D3" target="C3"/>
  <move id="540" source="C7" target="B7"/>
  <move id="541" source="C3" target="B3"/>
  <move id="542" source="C8" target="C7"/>
  <move id="543" source="B3" target="A3"/>
  <move id="544" source="E8" target="D8"/>
  <move id="545" source="C4" target="C3"/>
  <move id="546" source="D8" target="C8"/>
  <move id="547" source="D4" target="C4"/>
  <move id="548" source="D7" target="D8"/>
  <move id="549" source="E2" target="E3"/>
  <move id="550" source="C7" target="D7"/>
  <move id="551" source="E3" target="D3"/>
  <move id="552" source="G8" target="F8"/>
  <move id="553" source="E1" target="E2"/>
  <move id="554" source="F8" target="E8"/>
  <move id="555" source="E2" target="E3"/>
  <move id="556" source="C8" target="C7"/>
  <move id="557" source="E3" target="F3"/>
  <move id="558" source="D8" target="C8"/>
  <move id="559" source="F3" target="F4"/>
  <move id="560" source="D7" target="D8"/>
  <move id="561" source="F4" target="F5"/>
  <move id="562" source="C7" target="D7"/>
  <move id="563" source="E4" target="E3"/>
  <move id="564" source="E8" target="F8"/>
  <move id="565" source="E5" target="E4"/>
  <move id="566" source="C8" target="C7"/>
  <move id="567" source="E4" target="F4"/>
  <move id="568" source="D8" target="E8"/>
  <move id="569" source="E3" target="E4"/>
  <move id="570" source="D7" target="D8"/>
  <move id="571" source="E4" target="E5"/>
  <move id="572" source="B7" target="B8"/>
  <move id="573" source="F4" target="F3"/>
  <move id="574" source="C7" target="B7"/>
  <move id="575" source="F3" target="E3"/>
  <move id="576" source="D8" target="D7"/>
  <move id="577" source="A3" target="A4"/>
  <move id="578" source="B8" target="C8"/>
  <move id="579" source="E3" target="E2"/>
  <move id="580" source="C8" target="C7"/>
  <move id="581" source="E5" target="E4"/>
  <move id="582" source="E8" target="D8"/>
  <move id="583" source="D3" target="D4"/>
  <move id="584" source="D8" target="C8"/>
  <move id="585" source="E4" target="E3"/>
  <move id="586" source="F8" target="E8"/>
  <move id="587" source="E3" target="E4"/>
  <move id="588" source="E8" target="D8"/>
  <move id="589" source="D4" target="D3"/>
  <move id="590" source="C8" target="B8"/>
  <move id="591" source="D3" target="E3"/>
  <move id="592" source="D8" target="C8"/>
  <move id="593" source="E3" target="F3"/>
  <move id="594" source="D7" target="D8"/>
  <move id="595" source="F3" target="F4"/>
  <move id="596" source="C7" target="D7"/>
  <move id="597" source="C3" target="D3"/>
  <move id="598" source="C8" target="C7"/>
  <move id="599" source="D3" target="E3"/>
  <move id="600" source="D8" target="E8"/>
  <move id="601" source="F4" target="F3"/>
  <move id="602" source="B8" target="C8"/>
  <move id="603" source="F3" target="G3"/>
  <move id="604" source="C8" target="D8"/>
  <move id="605" source="G3" target="H3"/>
  <move id="606" source="B7" target="B8"/>
  <move id="607" source="H3" target="H4"/>
  <move id="608" source="E8" target="F8"/>
  <move id="609" source="G2" target="G3"/>
  <move id="610" source="F8" target="G8"/>
  <move id="611" source="E3" target="D3"/>
  <move id="612" source="G8" target="H8"/>
  <move id="613" source="D3" target="C3"/>
  <move id="614" source="H8" target="H7"/>
  <move id="615" source="G3" target="F3"/>
  <move id="616" source="H7" target="I7"/>
  <move id="617" source="K5" target="I5"/>
  <move id="618" source="I7" target="I6"/>
  <move id="619" source="F3" target="F4"/>
  <move id="620" source="I6" target="I5"/>
  <move id="621" source="H4" target="H3"/>
  <move id="622" source="I5" target="I6"/>
  <move id="623" source="F5" target="E5"/>
  <move id="624" source="I6" target="I7"/>
  <move id="625" source="F4" target="F3"/>
  <move id="626" source="I7" target="H7"/>
  <move id="627" source="E4" target="F4"/>
  <move id="628" source="H7" target="G7"/>
  <move id="629" source="F4" target="F5"/>
  <move id="630" source="G7" target="F7"/>
  <move id="631" source="F5" target="F6"/>
  <move id="632" source="F7" target="F8"/>
  <move id="633" source="E5" target="E7"/>
  <move id="634" source="F8" target="E8"/>
  <move id="635" source="F6" target="F7"/>
  <move id="636" source="C7" target="B7"/>
  <move id="637" source="B4" target="B5"/>
  <move id="638" source="D7" target="C7"/>
  <move id="639" source="F7" target="F8"/>
  <move id="640" source="D8" target="D7"/>
  <move id="641" source="F8" target="E8"/>
  <move id="642" source="D7" target="D8"/>
  <move id="643" source="F3" target="F4"/>
  <move id="644" source="C7" target="D7"/>
  <move id="645" source="H3" target="G3"/>
  <move id="646" source="D8" target="E8"/>
  <move id="647" source="D2" target="D3"/>
  <move id="648" source="E8" target="F8"/>
  <move id="649" source="G3" target="F3"/>
  <move id="650" source="B7" target="C7"/>
  <move id="651" source="D3" target="D4"/>
  <move id="652" source="C7" target="C8"/>
  <move id="653" source="D4" target="E4"/>
  <move id="654" source="C8" target="D8"/>
  <move id="655" source="E4" target="E5"/>
  <move id="656" source="D8" target="E8"/>
  <move id="657" source="C4" target="D4"/>
  <move id="658" source="D7" target="C7"/>
  <move id="659" source="F3" target="E3"/>
  <move id="660" source="C7" target="C8"/>
  <move id="661" source="E3" target="D3"/>
  <move id="662" source="B8" target="B7"/>
  <move id="663" source="D3" target="D2"/>
  <move id="664" source="B7" target="C7"/>
  <move id="665" source="A4" target="B4"/>
  <move id="666" source="C7" target="D7"/>
  <move id="667" source="E5" target="E4"/>
  <move id="668" source="B9" target="B8"/>
  <move id="669" source="F4" target="F3"/>
  <move id="670" source="B8" target="B7"/>
  <move id="671" source="F3" target="E3"/>
  <move id="672" source="B7" target="B6"/>
  <move id="673" source="B5" target="B6"/>
  <move id="674" source="D7" target="C7"/>
  <move id="675" source="D4" target="D3"/>
  <move id="676" source="C8" target="D8"/>
  <move id="677" source="E4" target="D4"/>
  <move id="678" source="D8" target="D7"/>
  <move id="679" source="E3" target="E4"/>
  <move id="680" source="C7" target="C8"/>
  <move id="681" source="B4" target="B3"/>
  <move id="682" source="D7" target="C7"/>
  <move id="683" source="D4" target="C4"/>
  <move id="684" source="C8" target="B8"/>
  <move id="685" source="C4" target="B4"/>
  <move id="686" source="B8" target="B7"/>
  <move id="687" source="E4" target="D4"/>
  <move id="688" source="B7" target="B6"/>
  <move id="689" source="D3" target="E3"/>
  <move id="690" source="B6" target="B5"/>
  <move id="691" source="E3" target="F3"/>
  <move id="692" source="B5" target="B4"/>
  <move id="693" source="F3" target="G3"/>
  <move id="694" source="E8" target="D8"/>
  <move id="695" source="G3" target="H3"/>
  <move id="696" source="D8" target="D7"/>
  <move id="697" source="H3" target="H4"/>
  <move id="698" source="F8" target="E8"/>
  <move id="699" source="H4" target="I4"/>
  <move id="700" source="E8" target="D8"/>
  <move id="701" source="I4" target="I5"/>
  <move id="702" source="D8" target="C8"/>
  <move id="703" source="I5" target="I6"/>
  <move id="704" source="C8" target="B8"/>
  <move id="705" source="I6" target="I7"/>
  <move id="706" source="B8" target="B9"/>
  <move id="707" source="D4" target="C4"/>
  <move id="708" source="D9" target="D8"/>
  <move id="709" source="I7" target="H7"/>
  <move id="710" source="E9" target="E8"/>
  <move id="711" source="H7" target="G7"/>
  <move id="712" source="E8" target="F8"/>
  <move id="713" source="C4" target="D4"/>
  <move id="714" source="F8" target="F7"/>
  <move id="715" source="G7" target="G8"/>
  <move id="716" source="F7" target="F8"/>
  <move id="717" source="G8" target="F8"/>
  <move id="718" source="D8" target="C8"/>
  <move id="719" source="D4" target="C4"/>
  <move id="720" source="D7" target="D8"/>
  <move id="721" source="C4" target="D4"/>
  <move id="722" source="D8" target="D9"/>
  <move id="723" source="D4" target="E4"/>
  <move id="724" source="C7" target="D7"/>
  <move id="725" source="E4" target="D4"/>
  <move id="726" source="C8" target="C7"/>
  <move id="727" source="D4" target="C4"/>
  <move id="728" source="D7" target="D8"/>
  <move id="729" source="G1" target="G2"/>
  <move id="730" source="D8" target="E8"/>
  <move id="731" source="G2" target="G3"/>
  <move id="732" source="E8" target="D8"/>
  <move id="733" source="G3" target="F3"/>
  <move id="734" source="D8" target="D7"/>
  <move id="735" source="F3" target="F4"/>
  <move id="736" source="D9" target="D8"/>
  <move id="737" source="F4" target="F5"/>
  <move id="738" source="D8" target="E8"/>
  <move id="739" source="C4" target="D4"/>
  <move id="740" source="E8" target="F8"/>
  <move id="741" source="D2" target="D3"/>
  <move id="742" source="F8" target="F7"/>
  <move id="743" source="D4" target="E4"/>
  <move id="744" source="F7" target="F6"/>
  <move id="745" source="F5" target="F4"/>
  <move id="746" source="F6" target="F7"/>
  <move id="747" source="D3" target="E3"/>
  <move id="748" source="F7" target="F8"/>
  <move id="749" source="E3" target="F3"/>
  <move id="750" source="F8" target="E8"/>
  <move id="751" source="F3" target="G3"/>
  <move id="752" source="E8" target="E9"/>
  <move id="753" source="E4" target="D4"/>
  <move id="754" source="E9" target="D9"/>
  <move id="755" source="F4" target="F5"/>
  <move id="756" source="D9" target="D8"/>
  <move id="757" source="D4" target="C4"/>
  <move id="758" source="D8" target="E8"/>
  <move id="759" source="C4" target="D4"/>
  <move id="760" source="E8" target="F8"/>
  <move id="761" source="F5" target="F4"/>
  <move id="762" source="F8" target="F7"/>
  <move id="763" source="F4" target="E4"/>
  <move id="764" source="F7" target="F8"/>
  <move id="765" source="E4" target="F4"/>
  <move id="766" source="F8" target="E8"/>
  <move id="767" source="D4" target="C4"/>
  <move id="768" source="E8" target="D8"/>
  <move id="769" source="C4" target="D4"/>
  <move id="770" source="D8" target="D9"/>
  <move id="771" source="G3" target="H3"/>
  <move id="772" source="D9" target="E9"/>
  <move id="773" source="H3" target="I3"/>
  <move id="774" source="E9" target="E8"/>
  <move id="775" source="I3" target="K3"/>
  <move id="776" source="E8" target="F8"/>
  <move id="777" source="F4" target="F5"/>
  <move id="778" source="F8" target="G8"/>
  <move id="779" source="D4" target="C4"/>
  <move id="780" source="G8" target="G7"/>
  <move id="781" source="C4" target="B4"/>
  <move id="782" source="G7" target="F7"/>
  <move id="783" source="B4" target="C4"/>
  <move id="784" source="F7" target="G7"/>
  <move id="785" source="F5" target="F6"/>
  <move id="786" source="G7" target="H7"/>
  <move id="787" source="C4" target="D4"/>
  <move id="788" source="H7" target="G7"/>
  <move id="789" source="D4" target="E4"/>
  <move id="790" source="G7" target="F7"/>
  <move id="791" source="E4" target="D4"/>
  <move id="792" source="F7" target="F6"/>
  <move id="793" source="D4" target="C4"/>
  <move id="794" source="F6" target="F7"/>
  <move id="795" source="C4" target="D4"/>
  <move id="796" source="F7" target="F8"/>
  <move id="797" source="K3" target="K4"/>
  <move id="798" source="F8" target="E8"/>
  <move id="799" source="K4" target="K5"/>
  <move id="800" source="E8" target="D8"/>
  <move id="801" source="D4" target="C4"/>
  <move id="802" source="D8" target="C8"/>
  <move id="803" source="C4" target="B4"/>
  <move id="804" source="D7" target="D8"/>
  <move id="805" source="B4" target="B5"/>
  <move id="806" source="D8" target="D9"/>
  <move id="807" source="B5" target="B6"/>
  <move id="808" source="C8" target="D8"/>
  <move id="809" source="B6" target="B7"/>
  <move id="810" source="C7" target="B7"/>
  <move id="811" source="C3" target="C4"/>
  <move id="812" source="D8" target="D7"/>
  <move id="813" source="C4" target="B4"/>
  <move id="814" source="D7" target="C7"/>
  <move id="815" source="C2" target="C3"/>
  <move id="816" source="C9" target="C8"/>
  <move id="817" source="C3" target="C4"/>
  <move id="818" source="C8" target="D8"/>
  <move id="819" source="B4" target="B5"/>
  <move id="820" source="D8" target="E8"/>
  <move id="821" source="C4" target="D4"/>
  <move id="822" source="E8" target="F8"/>
  <move id="823" source="D4" target="E4"/>
  <move id="824" source="F8" target="G8"/>
  <move id="825" source="E4" target="F4"/>
  <move id="826" source="G8" target="H8"/>
  <move id="827" source="F4" target="F5"/>
  <move id="828" source="H8" target="H7"/>
  <move id="829" source="K5" target="K6"/>
  <move id="830" source="H7" target="I7"/>
  <move id="831" source="F5" target="F6"/>
  <move id="832" source="I7" target="I6"/>
  <move id="833" source="K6" target="I6"/>
  <move id="834" source="C7" target="B7"/>
  <move id="835" source="F6" target="F5"/>
  <move id="836" source="B7" target="B6"/>
  <move id="837" source="F5" target="F4"/>
  <move id="838" source="B6" target="B5"/>
  <move id="839" source="F4" target="E4"/>
  <move id="840" source="C:" target="C9"/>
  <move id="841" source="E4" target="D4"/>
  <move id="842" source="C9" target="C8"/>
  <move id="843" source="D4" target="C4"/>
  <move id="844" source="C8" target="D8"/>
  <move id="845" source="C4" target="D4"/>
  <move id="846" source="D8" target="E8"/>
  <move id="847" source="D4" target="E4"/>
  <move id="848" source="E8" target="F8"/>
  <move id="849" source="E4" target="F4"/>
  <move id="850" source="F8" target="G8"/>
  <move id="851" source="F4" target="F5"/>
  <move id="852" source="G8" target="F8"/>
  <move id="853" source="F5" target="F6"/>
  <move id="854" source="F8" target="E8"/>
  <move id="855" source="F6" target="F5"/>
  <move id="856" source="E8" target="D8"/>
  <move id="857" source="F5" target="F4"/>
  <move id="858" source="D8" target="D7"/>
  <move id="859" source="F4" target="E4"/>
  <move id="860" source="D7" target="C7"/>
  <move id="861" source="E4" target="D4"/>
  <move id="862" source="C7" target="C8"/>
  <move id="863" source="D4" target="C4"/>
  <move id="864" source="C8" target="D8"/>
  <move id="865" source="C4" target="D4"/>
  <move id="866" source="D8" target="E8"/>
  <move id="867" source="D4" target="E4"/>
  <move id="868" source="E8" target="F8"/>
  <move id="869" source="E4" target="E5"/>
  <move id="870" source="F8" target="G8"/>
  <move id="871" source="E5" target="F5"/>
  <move id="872" source="G8" target="G7"/>
  <move id="873" source="F5" target="F6"/>
  <move id="874" source="G7" target="H7"/>
  <move id="875" source="D1" target="D2"/>
  <move id="876" source="H7" target="I7"/>
  <move id="877" source="F6" target="F5"/>
  <move id="878" source="I7" target="I6"/>
  <move id="879" source="F5" target="F4"/>
  <move id="880" source="I6" target="I5"/>
  <move id="881" source="F4" target="F3"/>
  <move id="882" source="I5" target="I4"/>
  <move id="883" source="F3" target="G3"/>
  <move id="884" source="I4" target="H4"/>
  <move id="885" source="D2" target="D3"/>
  <move id="886" source="H4" target="H3"/>
  <move id="887" source="G3" target="H3"/>
  <move id="888" source="D9" target="D8"/>
  <move id="889" source="B3" target="C3"/>
  <move id="890" source="D8" target="D7"/>
  <move id="891" source="B2" target="B3"/>
  <move id="892" source="D7" target="C7"/>
  <move id="893" source="C3" target="C2"/>
  <move id="894" source="C7" target="B7"/>
  <move id="895" source="E2" target="E3"/>
  <move id="896" source="B7" target="B6"/>
  <move id="897" source="E3" target="E4"/>
  <move id="898" source="B6" target="B5"/>
  <move id="899" source="E4" target="D4"/>
  <move id="900" source="B5" target="B4"/>
  <move id="901" source="D4" target="C4"/>
  <move id="902" source="B4" target="B3"/>
  <move id="903" source="C4" target="B4"/>
  <move id="904" source="B9" target="B8"/>
  <move id="905" source="B4" target="B5"/>
  <move id="906" source="B8" target="B7"/>
  <move id="907" source="C2" target="C3"/>
  <move id="908" source="B7" target="B6"/>
  <move id="909" source="C3" target="B3"/>
  <move id="910" source="B6" target="B5"/>
  <move id="911" source="B3" target="B4"/>
  <move id="912" source="G9" target="G8"/>
  <move id="913" source="B4" target="B5"/>
  <move id="914" source="G8" target="G7"/>
  <move id="915" source="B5" target="B6"/>
  <move id="916" source="G7" target="H7"/>
  <move id="917" source="B6" target="B7"/>
  <move id="918" source="H7" target="I7"/>
  <move id="919" source="B7" target="C7"/>
  <move id="920" source="I7" target="I6"/>
  <move id="921" source="D3" target="C3"/>
  <move id="922" source="I6" target="I5"/>
  <move id="923" source="C3" target="B3"/>
  <move id="924" source="I5" target="I4"/>
  <move id="925" source="B3" target="B4"/>
  <move id="926" source="I4" target="I3"/>
  <move id="927" source="B4" target="B5"/>
  <move id="928" source="I3" target="I2"/>
  <move id="929" source="B5" target="B6"/>
  <move id="930" source="I2" target="I1"/>
  <move id="931" source="C7" target="B7"/>
  <move id="932" source="I1" target="H1"/>
  <move id="933" source="B7" target="B8"/>
  <move id="934" source="E:" target="E9"/>
  <move id="935" source="B6" target="B7"/>
  <move id="936" source="E9" target="E8"/>
  <move id="937" source="B7" target="A7"/>
  <move id="938" source="E8" target="F8"/>
  <move id="939" source="B8" target="B9"/>
  <move id="940" source="F8" target="F7"/>
  <move id="941" source="A7" target="A8"/>
  <move id="942" source="F7" target="F6"/>
  <move id="943" source="F1" target="E1"/>
  <move id="944" source="F6" target="F5"/>
  <move id="945" source="E1" target="E2"/>
  <move id="946" source="F5" target="E5"/>
  <move id="947" source="E2" target="E3"/>
  <move id="948" source="E5" target="E4"/>
  <move id="949" source="E3" target="E4"/>
  <move id="950" source="G:" target="G9"/>
  <move id="951" source="A8" target="A9"/>
  <move id="952" source="G9" target="G8"/>
  <move id="953" source="A9" target="A:"/>
  <move id="954" source="B:" target="A:"/>
  <move id="955" source="B9" target="B8"/>
  <move id="956" source="G8" target="G7"/>
  <move id="957" source="B8" target="B7"/>
  <move id="958" source="G7" target="H7"/>
  <move id="959" source="B7" target="B6"/>
  <move id="960" source="H7" target="I7"/>
  <move id="961" source="B6" target="B5"/>
  <move id="962" source="I7" target="K7"/>
  <move id="963" source="B5" target="B4"/>
  <move id="964" source="K7" target="K6"/>
  <move id="965" source="E4" target="F4"/>
  <move id="966" source="K6" target="K7"/>
  <move id="967" source="F4" target="F3"/>
  <move id="968" source="K7" target="I7"/>
  <move id="969" source="F3" target="G3"/>
  <move id="970" source="I7" target="H7"/>
  <move id="971" source="G3" target="H3"/>
  <move id="972" source="H7" target="G7"/>
  <move id="973" source="H3" target="G3"/>
  <move id="974" source="G7" target="F7"/>
  <move id="975" source="G3" target="F3"/>
  <move id="976" source="F7" target="G7"/>
  <move id="977" source="F3" target="F4"/>
  <move id="978" source="G7" target="H7"/>
  <move id="979" source="F4" target="F5"/>
  <move id="980" source="H7" target="I7"/>
  <move id="981" source="F5" target="F6"/>
  <move id="982" source="I7" target="I6"/>
  <move id="983" source="F6" target="F7"/>
  <move id="984" source="I6" target="K6"/>
  <move id="985" source="F7" target="G7"/>
  <move id="986" source="K6" target="K5"/>
  <move id="987" source="G7" target="H7"/>
  <move id="988" source="K5" target="K4"/>
  <move id="989" source="H7" target="I7"/>
  <move id="990" source="K4" target="K3"/>
  <move id="991" source="I7" target="I6"/>
  <move id="992" source="K3" target="K2"/>
  <move id="993" source="B4" target="C4"/>
  <move id="994" source="K2" target="I2"/>
  <move id="995" source="C4" target="D4"/>
  <move id="996" source="I2" target="I1"/>
  <move id="997" source="D4" target="D3"/>
  <move id="998" source="I1" target="K1"/>
  <move id="999" source="D3" target="E3"/>
  <move id="1000" source="K1" target="K2"/>
  <move id="1001" source="E3" target="F3"/>
  <move id="1002" source="K2" target="K3"/>
  <move id="1003" source="F3" target="G3"/>
  <move id="1004" source="K3" target="K4"/>
  <move id="1005" source="I6" target="I5"/>
  <move id="1006" source="K4" target="K8"/>
  <move id="1007" source="I5" target="I6"/>
  <move id="1008" source="K8" target="A8"/>
  <move id="1009" source="G3" target="F3"/>
  <move id="1010" source="A8" target="A7"/>
  <move id="1011" source="F3" target="E3"/>
  <move id="1012" source="A7" target="B7"/>
  <move id="1013" source="E3" target="D3"/>
  <move id="1014" source="B7" target="C7"/>
  <move id="1015" source="D3" target="C3"/>
  <move id="1016" source="C7" target="D7"/>
  <move id="1017" source="I6" target="I7"/>
  <move id="1018" source="D7" target="D8"/>
  <move id="1019" source="I7" target="I8"/>
  <move id="1020" source="D8" target="E8"/>
  <move id="1021" source="I8" target="H8"/>
  <move id="1022" source="E8" target="F8"/>
  <move id="1023" source="H8" target="G8"/>
  <move id="1024" source="F8" target="F7"/>
  <move id="1025" source="G8" target="G7"/>
  <move id="1026" source="F7" target="F8"/>
  <move id="1027" source="G7" target="G8"/>
  <move id="1028" source="F8" target="F7"/>
  <move id="1029" source="G8" target="G7"/>
  <move id="1030" source="F7" target="F8"/>
  <move id="1031" source="G7" target="G8"/>
  <move id="1032" source="F8" target="E8"/>
  <move id="1033" source="G8" target="F8"/>
  <move id="1034" source="E8" target="D8"/>
  <move id="1035" source="C3" target="C4"/>
  <move id="1036" source="D8" target="A8"/>
  <move id="1037" source="F8" target="E8"/>
  <move id="1038" source="A8" target="A5"/>
  <move id="1039" source="C4" target="B4"/>
  <move id="1040" source="A5" target="A8"/>
  <move id="1041" source="C1" target="C2"/>
  <move id="1042" source="A8" target="A3"/>
  <move id="1043" source="C2" target="C3"/>
  <move id="1044" source="A3" target="A7"/>
  <move id="1045" source="C3" target="B3"/>
  <move id="1046" source="A7" target="A8"/>
  <move id="1047" source="B4" target="B5"/>
  <move id="1048" source="F:" target="G:"/>
  <move id="1049" source="E8" target="F8"/>
  <move id="1050" source="G:" target="F:"/>
  <move id="1051" source="B5" target="B6"/>
  <move id="1052" source="F:" target="E:"/>
  <move id="1053" source="B6" target="B7"/>
  <move id="1054" source="A8" target="A4"/>
  <move id="1055" source="B7" target="C7"/>
  <move id="1056" source="A4" target="E4"/>
  <move id="1057" source="C7" target="C8"/>
  <move id="1058" source="E4" target="E3"/>
  <move id="1059" source="C8" target="D8"/>
  <move id="1060" source="E3" target="E2"/>
  <move id="1061" source="F8" target="G8"/>
  <move id="1062" source="E:" target="F:"/>
  <move id="1063" source="D8" target="E8"/>
  <move id="1064" source="E2" target="E1"/>
  <move id="1065" source="G8" target="G9"/>
  <move id="1066" source="E1" target="K1"/>
  <move id="1067" source="G9" target="G:"/>
  <move id="1068" source="F:" target="E:"/>
  <move id="1069" source="G:" target="F:"/>
  <move id="1070" source="E:" target="E9"/>
  <move id="1071" source="E8" target="E9"/>
  <move id="1072" source="K1" target="I1"/>
  <move id="1073" source="E9" target="E8"/>
  <move id="1074" source="I1" target="I3"/>
  <move id="1075" source="E8" target="F8"/>
  <move id="1076" source="I3" target="K3"/>
  <move id="1077" source="F8" target="F7"/>
  <move id="1078" source="K3" target="K4"/>
  <move id="1079" source="F7" target="F6"/>
  <move id="1080" source="K4" target="K5"/>
  <move id="1081" source="F:" target="G:"/>
  <move id="1082" source="K5" target="K6"/>
  <move id="1083" source="G:" target="G9"/>
  <move id="1084" source="K6" target="K8"/>
  <move id="1085" source="G9" target="G8"/>
  <move id="1086" source="K8" target="K3"/>
  <move id="1087" source="G8" target="H8"/>
  <move id="1088" source="K3" target="D3"/>
  <move id="1089" source="F6" target="F5"/>
  <move id="1090" source="D3" target="D4"/>
  <move id="1091" source="F5" target="E5"/>
  <move id="1092" source="D4" target="A4"/>
  <move id="1093" source="E5" target="E4"/>
  <move id="1094" source="A4" target="A5"/>
  <move id="1095" source="H8" target="G8"/>
  <move id="1096" source="A5" target="A8"/>
  <move id="1097" source="E4" target="D4"/>
  <move id="1098" source="A8" target="A9"/>
  <move id="1099" source="D4" target="C4"/>
  <move id="1100" source="A9" target="A8"/>
  <move id="1101" source="G8" target="F8"/>
  <move id="1102" source="A8" target="A7"/>
  <move id="1103" source="F8" target="E8"/>
  <move id="1104" source="A7" target="A6"/>
  <move id="1105" source="E8" target="D8"/>
  <move id="1106" source="A6" target="A5"/>
  <move id="1107" source="D8" target="C8"/>
  <move id="1108" source="A5" target="A9"/>
  <move id="1109" source="C8" target="D8"/>
  <move id="1110" source="A9" target="E9"/>
  <move id="1111" source="D8" target="E8"/>
  <move id="1112" source="E9" target="E:"/>
  <move id="1113" source="E8" target="F8"/>
  <move id="1114" source="E:" target="G:"/>
  <move id="1115" source="F8" target="G8"/>
  <move id="1116" source="G:" target="E:"/>
  <move id="1117" source="C4" target="B4"/>
  <move id="1118" source="E:" target="E8"/>
  <move id="1119" source="B4" target="B5"/>
  <move id="1120" source="E8" target="A8"/>
  <move id="1121" source="B5" target="B6"/>
  <move id="1122" source="A8" target="A5"/>
  <move id="1123" source="B6" target="A6"/>
  <move id="1124" source="A5" target="A4"/>
  <move id="1125" source="B3" target="B4"/>
  <move id="1126" source="A4" target="A3"/>
  <move id="1127" source="B4" target="B3"/>
  <move id="1128" source="A3" target="A4"/>
  <move id="1129" source="B3" target="B4"/>
  <move id="1130" source="A4" target="A3"/>
  <move id="1131" source="B4" target="B3"/>
  <move id="1132" source="A3" target="A4"/>
  <move id="1133" source="B3" target="B4"/>
  <move id="1134" source="A4" target="A3"/>
  <move id="1135" source="A6" target="A5"/>
  <move id="1136" source="A3" target="I3"/>
  <move id="1137" source="A5" target="A4"/>
  <move id="1138" source="I3" target="I4"/>
  <move id="1139" source="G8" target="H8"/>
  <move id="1140" source="I4" target="K4"/>
  <move id="1141" source="H8" target="I8"/>
  <move id="1142" source="K4" target="K3"/>
  <move id="1143" source="I8" target="I7"/>
  <move id="1144" source="K3" target="K2"/>
  <move id="1145" source="I7" target="I6"/>
  <move id="1146" source="K2" target="K3"/>
  <move id="1147" source="I6" target="I5"/>
  <move id="1148" source="K3" target="D3"/>
  <move id="1149" source="I5" target="I4"/>
  <move id="1150" source="D3" target="D1"/>
  <move id="1151" source="I4" target="I3"/>
  <move id="1152" source="D1" target="D4"/>
  <move id="1153" source="I3" target="H3"/>
  <move id="1154" source="D4" target="G4"/>
  <player id="1">Player 1</player>
  <player id="2">Player 2</player>
  <result type="3" winner="1"/>
 </game>
</stratego>