<?xml version="1.0" encoding="UTF-8"?>
<stratego>
 <game type="classic">
  
  <field content="DFDEDBIMDEFHDHDHEJDEIBFBFBCELDGGBGIBGKHJAA__AA__AAAA__AA__AAPPQTPSUSPPPSUNQRNWUTQNQVTNNROXRTPPRNYSQV"/>
  <move id="1" source="I4" target="I5"/>
  <move id="2" source="E7" target="E6"/>
  <move id="3" source="I3" target="I4"/>
  <move id="4" source="E6" target="F6"/>
  <move id="5" source="I5" target="I6"/>
  <move id="6" source="F6" target="F5"/>
  <move id="7" source="I4" target="I5"/>
  <move id="8" source="F5" target="F4"/>
  <move id="9" source="I6" target="I7"/>
  <move id="10" source="I8" target="I7"/>
  <move id="11" source="I5" target="I6"/>
  <move id="12" source="I7" target="I8"/>
  <move id="13" source="I6" target="I7"/>
  <move id="14" source="F7" target="F6"/>
  <move id="15" source="I7" target="I8"/>
  <move id="16" source="I9" target="I8"/>
  <move id="17" source="I2" target="I8"/>
  <move id="18" source="K8" target="I8"/>
  <move id="19" source="H4" target="I4"/>
  <move id="20" source="F6" target="F5"/>
  <move id="21" source="I4" target="I5"/>
  <move id="22" source="G7" target="F7"/>
  <move id="23" source="I5" target="I6"/>
  <move id="24" source="F7" target="F6"/>
  <move id="25" source="I6" target="I7"/>
  <move id="26" source="K7" target="K6"/>
  <move id="27" source="I7" target="I8"/>
  <move id="28" source="H7" target="G7"/>
  <move id="29" source="K4" target="K5"/>
  <move id="30" source="K6" target="K7"/>
  <move id="31" source="K5" target="K6"/>
  <move id="32" source="K7" target="K8"/>
  <move id="33" source="I8" target="K8"/>
  <move id="34" source="K9" target="K8"/>
  <move id="35" source="I1" target="I:"/>
  <move id="36" source="F6" target="E6"/>
  <move id="37" source="K6" target="I6"/>
  <move id="38" source="K8" target="K7"/>
  <move id="39" source="I6" target="I5"/>
  <move id="40" source="K7" target="K6"/>
  <player id="1">Player 1</player>
  <player id="2">Player 2</player>
  <result type="3" winner="2"/>
 </game>
</stratego>