<?xml version="1.0" encoding="UTF-8"?>
<stratego>
 <game type="classic">
  
  <field content="GDBFBGEIEIDDDBFBIHJCHDHEBGKEEMFDDFBDHLGJAA__AA__AAAA__AA__AASTXOTSSNPPPQUQWUPRNSPPQTNVUNRNPQRVYNQTPR"/>
  <move id="1" source="I4" target="I5"/>
  <move id="2" source="B7" target="B6"/>
  <move id="3" source="I5" target="I6"/>
  <move id="4" source="A7" target="A6"/>
  <move id="5" source="I6" target="I7"/>
  <move id="6" source="K7" target="K6"/>
  <move id="7" source="I7" target="H7"/>
  <move id="8" source="B6" target="B5"/>
  <move id="9" source="I3" target="I4"/>
  <move id="10" source="B5" target="A5"/>
  <move id="11" source="I4" target="I5"/>
  <move id="12" source="B8" target="B7"/>
  <move id="13" source="I5" target="K5"/>
  <move id="14" source="B7" target="A7"/>
  <move id="15" source="K5" target="I5"/>
  <move id="16" source="B9" target="B4"/>
  <move id="17" source="I5" target="I6"/>
  <move id="18" source="A9" target="B9"/>
  <move id="19" source="I6" target="I7"/>
  <move id="20" source="B9" target="B3"/>
  <move id="21" source="I7" target="I8"/>
  <move id="22" source="K8" target="I8"/>
  <move id="23" source="H4" target="I4"/>
  <move id="24" source="K6" target="I6"/>
  <move id="25" source="I4" target="I5"/>
  <move id="26" source="I6" target="I5"/>
  <move id="27" source="I5" target="I6"/>
  <move id="28" source="A8" target="B8"/>
  <move id="29" source="I6" target="I7"/>
  <move id="30" source="B8" target="B2"/>
  <move id="31" source="I7" target="I8"/>
  <move id="32" source="A5" target="A4"/>
  <move id="33" source="A3" target="A4"/>
  <move id="34" source="A6" target="A5"/>
  <move id="35" source="H3" target="H4"/>
  <move id="36" source="A5" target="A4"/>
  <move id="37" source="H4" target="I4"/>
  <move id="38" source="A4" target="A3"/>
  <move id="39" source="I4" target="I5"/>
  <move id="40" source="A3" target="B3"/>
  <move id="41" source="I5" target="I6"/>
  <move id="42" source="B3" target="B2"/>
  <move id="43" source="I6" target="I7"/>
  <move id="44" source="B2" target="B1"/>
  <move id="45" source="A1" target="B1"/>
  <move id="46" source="A7" target="B7"/>
  <move id="47" source="I7" target="K7"/>
  <move id="48" source="A:" target="A2"/>
  <move id="49" source="K7" target="K8"/>
  <move id="50" source="F7" target="F6"/>
  <move id="51" source="K8" target="K9"/>
  <move id="52" source="K:" target="K9"/>
  <move id="53" source="I8" target="K8"/>
  <move id="54" source="E7" target="E6"/>
  <move id="55" source="K8" target="K9"/>
  <move id="56" source="F8" target="F7"/>
  <move id="57" source="K9" target="K8"/>
  <move id="58" source="E8" target="E7"/>
  <move id="59" source="K8" target="I8"/>
  <move id="60" source="D8" target="E8"/>
  <move id="61" source="I2" target="I3"/>
  <move id="62" source="E8" target="F8"/>
  <move id="63" source="I3" target="I4"/>
  <move id="64" source="F6" target="F5"/>
  <move id="65" source="K2" target="I2"/>
  <move id="66" source="E6" target="E5"/>
  <move id="67" source="I2" target="I3"/>
  <move id="68" source="F7" target="F6"/>
  <move id="69" source="I3" target="H3"/>
  <move id="70" source="E7" target="E6"/>
  <move id="71" source="I4" target="I5"/>
  <move id="72" source="D7" target="D8"/>
  <move id="73" source="I5" target="I6"/>
  <move id="74" source="C7" target="D7"/>
  <move id="75" source="I6" target="K6"/>
  <move id="76" source="D7" target="E7"/>
  <move id="77" source="I1" target="I2"/>
  <move id="78" source="E7" target="F7"/>
  <move id="79" source="I2" target="I3"/>
  <move id="80" source="F8" target="E8"/>
  <move id="81" source="I3" target="I4"/>
  <move id="82" source="E8" target="E7"/>
  <move id="83" source="I4" target="I5"/>
  <move id="84" source="E7" target="D7"/>
  <move id="85" source="I5" target="I6"/>
  <move id="86" source="D7" target="C7"/>
  <move id="87" source="I6" target="I7"/>
  <move id="88" source="G8" target="F8"/>
  <move id="89" source="I7" target="K7"/>
  <move id="90" source="F8" target="E8"/>
  <move id="91" source="K7" target="K8"/>
  <move id="92" source="E8" target="E7"/>
  <move id="93" source="K8" target="K9"/>
  <move id="94" source="E7" target="D7"/>
  <move id="95" source="K9" target="K:"/>
  <move id="96" source="F7" target="F8"/>
  <move id="97" source="K:" target="I:"/>
  <move id="98" source="I9" target="I:"/>
  <move id="99" source="I8" target="I9"/>
  <move id="100" source="F8" target="G8"/>
  <move id="101" source="I9" target="I:"/>
  <move id="102" source="H8" target="I8"/>
  <move id="103" source="I:" target="I9"/>
  <move id="104" source="G8" target="H8"/>
  <move id="105" source="I9" target="K9"/>
  <move id="106" source="E5" target="E4"/>
  <move id="107" source="K9" target="K8"/>
  <move id="108" source="E6" target="E7"/>
  <move id="109" source="K8" target="K7"/>
  <move id="110" source="E7" target="F7"/>
  <move id="111" source="K7" target="I7"/>
  <move id="112" source="D7" target="E7"/>
  <move id="113" source="K6" target="K5"/>
  <move id="114" source="E7" target="E8"/>
  <move id="115" source="H2" target="I2"/>
  <move id="116" source="C7" target="D7"/>
  <move id="117" source="I2" target="I3"/>
  <move id="118" source="D7" target="E7"/>
  <move id="119" source="I3" target="I4"/>
  <move id="120" source="E7" target="E6"/>
  <move id="121" source="I4" target="I5"/>
  <move id="122" source="E6" target="E5"/>
  <move id="123" source="I5" target="I6"/>
  <move id="124" source="E5" target="E4"/>
  <move id="125" source="D4" target="E4"/>
  <move id="126" source="F5" target="E5"/>
  <move id="127" source="I6" target="K6"/>
  <move id="128" source="E5" target="E4"/>
  <move id="129" source="F4" target="F6"/>
  <move id="130" source="F6" target="E6"/>
  <move id="131" source="K6" target="K7"/>
  <move id="132" source="F7" target="F6"/>
  <move id="133" source="K7" target="K8"/>
  <move id="134" source="E6" target="E7"/>
  <move id="135" source="K8" target="I8"/>
  <move id="136" source="H8" target="I8"/>
  <move id="137" source="I7" target="I6"/>
  <move id="138" source="E4" target="E3"/>
  <move id="139" source="G4" target="H4"/>
  <move id="140" source="F6" target="F5"/>
  <move id="141" source="H4" target="I4"/>
  <move id="142" source="F5" target="F4"/>
  <move id="143" source="I4" target="I5"/>
  <move id="144" source="F4" target="G4"/>
  <move id="145" source="G3" target="G4"/>
  <move id="146" source="E8" target="F8"/>
  <move id="147" source="K4" target="I4"/>
  <move id="148" source="F8" target="G8"/>
  <move id="149" source="I4" target="H4"/>
  <move id="150" source="G8" target="F8"/>
  <move id="151" source="H4" target="G4"/>
  <move id="152" source="F8" target="E8"/>
  <move id="153" source="G4" target="F4"/>
  <move id="154" source="E7" target="F7"/>
  <move id="155" source="F4" target="F5"/>
  <move id="156" source="I8" target="H8"/>
  <move id="157" source="F5" target="F6"/>
  <move id="158" source="F7" target="F8"/>
  <move id="159" source="F6" target="F7"/>
  <move id="160" source="F8" target="G8"/>
  <move id="161" source="F7" target="G7"/>
  <move id="162" source="F9" target="F8"/>
  <move id="163" source="G7" target="F7"/>
  <move id="164" source="F8" target="F7"/>
  <move id="165" source="I6" target="I7"/>
  <move id="166" source="H8" target="I8"/>
  <move id="167" source="K5" target="K6"/>
  <move id="168" source="I8" target="I7"/>
  <move id="169" source="K6" target="K7"/>
  <move id="170" source="E8" target="F8"/>
  <move id="171" source="K7" target="K8"/>
  <move id="172" source="G8" target="G7"/>
  <move id="173" source="K8" target="I8"/>
  <move id="174" source="F8" target="G8"/>
  <move id="175" source="I8" target="H8"/>
  <move id="176" source="G8" target="H8"/>
  <move id="177" source="H8" target="G8"/>
  <move id="178" source="G7" target="F7"/>
  <move id="179" source="G8" target="F8"/>
  <move id="180" source="F7" target="F6"/>
  <move id="181" source="F8" target="E8"/>
  <move id="182" source="C8" target="B8"/>
  <move id="183" source="E8" target="E9"/>
  <move id="184" source="D8" target="E8"/>
  <move id="185" source="H3" target="H4"/>
  <move id="186" source="G9" target="G8"/>
  <move id="187" source="H4" target="G4"/>
  <move id="188" source="D9" target="D8"/>
  <move id="189" source="G4" target="F4"/>
  <move id="190" source="D8" target="C8"/>
  <move id="191" source="F4" target="E4"/>
  <move id="192" source="B7" target="C7"/>
  <move id="193" source="E4" target="D4"/>
  <move id="194" source="B8" target="B7"/>
  <move id="195" source="D4" target="E4"/>
  <move id="196" source="B7" target="B6"/>
  <move id="197" source="E4" target="E5"/>
  <move id="198" source="E8" target="F8"/>
  <move id="199" source="E5" target="E6"/>
  <move id="200" source="D:" target="D9"/>
  <move id="201" source="E6" target="E7"/>
  <move id="202" source="D9" target="D8"/>
  <move id="203" source="E7" target="E8"/>
  <move id="204" source="D8" target="E8"/>
  <move id="205" source="G2" target="G3"/>
  <move id="206" source="G8" target="H8"/>
  <move id="207" source="G3" target="G4"/>
  <move id="208" source="H8" target="I8"/>
  <move id="209" source="H1" target="H2"/>
  <move id="210" source="I8" target="I7"/>
  <move id="211" source="I5" target="I4"/>
  <move id="212" source="I7" target="I6"/>
  <move id="213" source="I4" target="I3"/>
  <move id="214" source="I6" target="I5"/>
  <move id="215" source="I3" target="H3"/>
  <move id="216" source="I5" target="I4"/>
  <move id="217" source="H3" target="G3"/>
  <move id="218" source="I4" target="H4"/>
  <move id="219" source="G4" target="H4"/>
  <move id="220" source="E8" target="E7"/>
  <move id="221" source="G3" target="H3"/>
  <move id="222" source="E7" target="E6"/>
  <move id="223" source="H2" target="I2"/>
  <move id="224" source="F6" target="F7"/>
  <move id="225" source="I2" target="I3"/>
  <move id="226" source="F7" target="G7"/>
  <move id="227" source="I3" target="I4"/>
  <move id="228" source="G7" target="G8"/>
  <move id="229" source="I4" target="I5"/>
  <move id="230" source="E6" target="E7"/>
  <move id="231" source="I5" target="I6"/>
  <move id="232" source="E7" target="F7"/>
  <move id="233" source="I6" target="I7"/>
  <move id="234" source="G8" target="G9"/>
  <move id="235" source="I7" target="I6"/>
  <move id="236" source="F7" target="G7"/>
  <move id="237" source="I6" target="I5"/>
  <move id="238" source="G9" target="F9"/>
  <move id="239" source="K1" target="I1"/>
  <move id="240" source="F8" target="F7"/>
  <move id="241" source="I1" target="I2"/>
  <move id="242" source="F7" target="E7"/>
  <move id="243" source="I5" target="I6"/>
  <move id="244" source="H:" target="I:"/>
  <move id="245" source="C4" target="D4"/>
  <move id="246" source="I:" target="I9"/>
  <move id="247" source="D4" target="E4"/>
  <move id="248" source="I9" target="I8"/>
  <move id="249" source="E4" target="E7"/>
  <move id="250" source="C8" target="D8"/>
  <move id="251" source="E7" target="G7"/>
  <move id="252" source="I8" target="I7"/>
  <move id="253" source="I6" target="I7"/>
  <move id="254" source="F9" target="F8"/>
  <move id="255" source="I2" target="I3"/>
  <move id="256" source="F8" target="G8"/>
  <move id="257" source="I3" target="I4"/>
  <move id="258" source="G8" target="H8"/>
  <move id="259" source="I4" target="H4"/>
  <move id="260" source="H8" target="I8"/>
  <move id="261" source="H4" target="G4"/>
  <move id="262" source="I8" target="I7"/>
  <move id="263" source="G4" target="F4"/>
  <move id="264" source="G7" target="F7"/>
  <move id="265" source="F4" target="E4"/>
  <move id="266" source="D8" target="E8"/>
  <move id="267" source="H3" target="I3"/>
  <move id="268" source="C7" target="D7"/>
  <move id="269" source="I3" target="I4"/>
  <move id="270" source="F7" target="F6"/>
  <move id="271" source="I4" target="I5"/>
  <move id="272" source="F6" target="F7"/>
  <move id="273" source="I5" target="I4"/>
  <move id="274" source="F7" target="F8"/>
  <move id="275" source="E4" target="E5"/>
  <move id="276" source="B6" target="B7"/>
  <move id="277" source="E5" target="E6"/>
  <move id="278" source="B7" target="C7"/>
  <move id="279" source="E6" target="E7"/>
  <move id="280" source="D7" target="D8"/>
  <move id="281" source="E7" target="D7"/>
  <move id="282" source="C7" target="D7"/>
  <move id="283" source="I4" target="I5"/>
  <move id="284" source="F8" target="G8"/>
  <move id="285" source="I5" target="K5"/>
  <move id="286" source="G8" target="H8"/>
  <move id="287" source="K5" target="K6"/>
  <move id="288" source="H8" target="I8"/>
  <move id="289" source="K6" target="K7"/>
  <move id="290" source="D8" target="D7"/>
  <move id="291" source="C3" target="C4"/>
  <move id="292" source="C:" target="D:"/>
  <move id="293" source="C4" target="D4"/>
  <move id="294" source="D:" target="D9"/>
  <move id="295" source="D4" target="E4"/>
  <move id="296" source="D9" target="D8"/>
  <move id="297" source="E4" target="E5"/>
  <move id="298" source="I8" target="H8"/>
  <move id="299" source="E5" target="E6"/>
  <move id="300" source="E8" target="F8"/>
  <move id="301" source="E6" target="E7"/>
  <move id="302" source="D7" target="C7"/>
  <move id="303" source="E7" target="E8"/>
  <move id="304" source="F8" target="E8"/>
  <move id="305" source="F3" target="F4"/>
  <move id="306" source="H8" target="G8"/>
  <move id="307" source="F4" target="E4"/>
  <move id="308" source="G8" target="F8"/>
  <move id="309" source="E4" target="D4"/>
  <move id="310" source="F8" target="E8"/>
  <move id="311" source="D4" target="C4"/>
  <move id="312" source="D8" target="D7"/>
  <move id="313" source="C4" target="B4"/>
  <move id="314" source="E8" target="D8"/>
  <move id="315" source="G1" target="G2"/>
  <move id="316" source="D8" target="E8"/>
  <move id="317" source="G2" target="G3"/>
  <move id="318" source="D7" target="E7"/>
  <move id="319" source="G3" target="G4"/>
  <move id="320" source="E7" target="E6"/>
  <move id="321" source="F1" target="G1"/>
  <move id="322" source="C7" target="D7"/>
  <move id="323" source="G1" target="G2"/>
  <move id="324" source="D7" target="E7"/>
  <move id="325" source="G2" target="G3"/>
  <move id="326" source="E6" target="F6"/>
  <move id="327" source="G3" target="F3"/>
  <move id="328" source="E7" target="E6"/>
  <move id="329" source="F3" target="F4"/>
  <move id="330" source="E6" target="E5"/>
  <move id="331" source="F4" target="F5"/>
  <move id="332" source="E5" target="E4"/>
  <move id="333" source="F5" target="F6"/>
  <move id="334" source="E4" target="E3"/>
  <move id="335" source="E2" target="E3"/>
  <move id="336" source="E8" target="F8"/>
  <move id="337" source="F6" target="E6"/>
  <move id="338" source="F8" target="F7"/>
  <move id="339" source="B4" target="B5"/>
  <move id="340" source="F7" target="E7"/>
  <move id="341" source="E6" target="F6"/>
  <move id="342" source="G:" target="G9"/>
  <move id="343" source="B5" target="A5"/>
  <move id="344" source="G9" target="G8"/>
  <move id="345" source="A5" target="A6"/>
  <move id="346" source="G8" target="H8"/>
  <move id="347" source="A6" target="A7"/>
  <move id="348" source="H8" target="I8"/>
  <move id="349" source="A7" target="A8"/>
  <move id="350" source="I8" target="K8"/>
  <move id="351" source="K7" target="K8"/>
  <move id="352" source="E7" target="E8"/>
  <move id="353" source="F6" target="F7"/>
  <move id="354" source="E8" target="F8"/>
  <move id="355" source="F7" target="E7"/>
  <move id="356" source="F8" target="E8"/>
  <move id="357" source="E7" target="F7"/>
  <move id="358" source="E8" target="F8"/>
  <move id="359" source="F7" target="E7"/>
  <move id="360" source="F8" target="E8"/>
  <move id="361" source="E7" target="F7"/>
  <move id="362" source="E8" target="D8"/>
  <move id="363" source="G4" target="F4"/>
  <move id="364" source="D8" target="C8"/>
  <move id="365" source="A8" target="A9"/>
  <move id="366" source="C8" target="B8"/>
  <move id="367" source="F4" target="F5"/>
  <move id="368" source="B8" target="A8"/>
  <move id="369" source="A9" target="B9"/>
  <move id="370" source="B:" target="B9"/>
  <move id="371" source="F5" target="E5"/>
  <move id="372" source="A8" target="B8"/>
  <move id="373" source="B9" target="A9"/>
  <move id="374" source="B8" target="C8"/>
  <move id="375" source="E5" target="E6"/>
  <move id="376" source="C8" target="D8"/>
  <move id="377" source="F7" target="G7"/>
  <move id="378" source="D8" target="E8"/>
  <move id="379" source="E6" target="E5"/>
  <move id="380" source="E8" target="F8"/>
  <move id="381" source="E5" target="E6"/>
  <move id="382" source="F8" target="E8"/>
  <move id="383" source="E6" target="F6"/>
  <move id="384" source="E8" target="F8"/>
  <move id="385" source="F6" target="E6"/>
  <move id="386" source="F8" target="E8"/>
  <move id="387" source="E6" target="F6"/>
  <move id="388" source="E8" target="E7"/>
  <move id="389" source="G7" target="G8"/>
  <move id="390" source="E7" target="F7"/>
  <move id="391" source="F6" target="E6"/>
  <move id="392" source="F7" target="F8"/>
  <move id="393" source="E6" target="E7"/>
  <move id="394" source="F8" target="G8"/>
  <move id="395" source="E7" target="E8"/>
  <move id="396" source="C9" target="D9"/>
  <move id="397" source="A9" target="B9"/>
  <move id="398" source="G8" target="F8"/>
  <move id="399" source="E8" target="E9"/>
  <move id="400" source="D9" target="E9"/>
  <move id="401" source="C2" target="B2"/>
  <player id="1">Player 1</player>
  <player id="2">Player 2</player>
  <result type="3" winner="1"/>
 </game>
</stratego>