<?xml version="1.0" encoding="UTF-8"?>
<stratego>
 <game type="classic">
  
  <field content="HIHFBGHDBEDBEEMFCBEBDGLGBJKDDIGDIJHDFFDEAA__AA__AAAA__AA__AASTTVTVNRNRPPPUWXUNRNPPPOUQPPNRSQTYQQQSSN"/>
  <move id="1" source="F4" target="F5"/>
  <move id="2" source="A7" target="A6"/>
  <move id="3" source="I4" target="I5"/>
  <move id="4" source="B7" target="B6"/>
  <move id="5" source="I5" target="K5"/>
  <move id="6" source="A6" target="A5"/>
  <move id="7" source="I3" target="I4"/>
  <move id="8" source="A5" target="A4"/>
  <move id="9" source="A3" target="A4"/>
  <move id="10" source="A8" target="A4"/>
  <move id="11" source="I4" target="I5"/>
  <move id="12" source="A9" target="A2"/>
  <move id="13" source="I5" target="I4"/>
  <move id="14" source="B6" target="B5"/>
  <move id="15" source="B3" target="A3"/>
  <move id="16" source="B5" target="B4"/>
  <move id="17" source="C4" target="B4"/>
  <move id="18" source="B8" target="A8"/>
  <move id="19" source="E4" target="E5"/>
  <move id="20" source="A8" target="A3"/>
  <move id="21" source="D4" target="E4"/>
  <move id="22" source="C8" target="B8"/>
  <move id="23" source="D3" target="D4"/>
  <move id="24" source="D8" target="C8"/>
  <move id="25" source="E4" target="F4"/>
  <move id="26" source="B8" target="A8"/>
  <move id="27" source="F5" target="F6"/>
  <move id="28" source="C8" target="B8"/>
  <move id="29" source="F6" target="F5"/>
  <move id="30" source="D7" target="D8"/>
  <move id="31" source="F4" target="E4"/>
  <move id="32" source="D8" target="C8"/>
  <move id="33" source="E5" target="E6"/>
  <move id="34" source="E7" target="E6"/>
  <move id="35" source="E4" target="F4"/>
  <move id="36" source="C7" target="D7"/>
  <move id="37" source="F5" target="E5"/>
  <move id="38" source="D7" target="E7"/>
  <move id="39" source="F4" target="E4"/>
  <move id="40" source="C8" target="C7"/>
  <move id="41" source="G4" target="F4"/>
  <move id="42" source="C7" target="B7"/>
  <move id="43" source="F4" target="F5"/>
  <move id="44" source="A8" target="A7"/>
  <move id="45" source="F5" target="F6"/>
  <move id="46" source="B7" target="B6"/>
  <move id="47" source="D4" target="C4"/>
  <move id="48" source="A7" target="A6"/>
  <move id="49" source="G3" target="G4"/>
  <move id="50" source="B6" target="B7"/>
  <move id="51" source="G4" target="F4"/>
  <move id="52" source="B7" target="C7"/>
  <move id="53" source="F4" target="F5"/>
  <move id="54" source="B8" target="B7"/>
  <move id="55" source="E5" target="E6"/>
  <move id="56" source="B7" target="B6"/>
  <move id="57" source="E4" target="E5"/>
  <move id="58" source="B6" target="B5"/>
  <move id="59" source="I4" target="I5"/>
  <move id="60" source="B5" target="B4"/>
  <move id="61" source="C4" target="D4"/>
  <move id="62" source="A6" target="B6"/>
  <move id="63" source="A3" target="B3"/>
  <move id="64" source="B6" target="B5"/>
  <move id="65" source="D4" target="C4"/>
  <move id="66" source="B5" target="B4"/>
  <move id="67" source="I5" target="I6"/>
  <move id="68" source="B4" target="C4"/>
  <move id="69" source="F5" target="F4"/>
  <move id="70" source="E7" target="D7"/>
  <move id="71" source="C4" target="D4"/>
  <move id="72" source="D7" target="D8"/>
  <move id="73" source="D4" target="D3"/>
  <move id="74" source="D8" target="C8"/>
  <move id="75" source="F4" target="E4"/>
  <move id="76" source="D9" target="D8"/>
  <move id="77" source="E4" target="F4"/>
  <move id="78" source="D8" target="D7"/>
  <move id="79" source="F4" target="F5"/>
  <move id="80" source="E8" target="E7"/>
  <move id="81" source="K5" target="K6"/>
  <move id="82" source="B9" target="B3"/>
  <move id="83" source="I6" target="I5"/>
  <move id="84" source="C8" target="B8"/>
  <move id="85" source="H3" target="G3"/>
  <move id="86" source="A:" target="A9"/>
  <move id="87" source="G3" target="G4"/>
  <move id="88" source="A9" target="A8"/>
  <move id="89" source="G4" target="F4"/>
  <move id="90" source="A8" target="A7"/>
  <move id="91" source="F4" target="E4"/>
  <move id="92" source="A7" target="A6"/>
  <move id="93" source="E4" target="D4"/>
  <move id="94" source="A6" target="A5"/>
  <move id="95" source="D4" target="C4"/>
  <move id="96" source="A5" target="A4"/>
  <move id="97" source="C4" target="B4"/>
  <move id="98" source="A4" target="A3"/>
  <move id="99" source="B4" target="A4"/>
  <move id="100" source="A3" target="B3"/>
  <move id="101" source="A4" target="B4"/>
  <move id="102" source="C9" target="B9"/>
  <move id="103" source="I5" target="I4"/>
  <move id="104" source="B9" target="A9"/>
  <move id="105" source="I4" target="I3"/>
  <move id="106" source="A9" target="A8"/>
  <move id="107" source="I3" target="H3"/>
  <move id="108" source="A8" target="A7"/>
  <move id="109" source="B4" target="A4"/>
  <move id="110" source="A7" target="A4"/>
  <move id="111" source="H3" target="G3"/>
  <move id="112" source="B8" target="C8"/>
  <move id="113" source="G3" target="G4"/>
  <move id="114" source="B:" target="B9"/>
  <move id="115" source="G4" target="F4"/>
  <move id="116" source="B9" target="B8"/>
  <move id="117" source="F4" target="E4"/>
  <move id="118" source="B8" target="B7"/>
  <move id="119" source="E4" target="D4"/>
  <move id="120" source="B7" target="B6"/>
  <move id="121" source="D4" target="C4"/>
  <move id="122" source="B6" target="B5"/>
  <move id="123" source="C4" target="B4"/>
  <move id="124" source="B5" target="A5"/>
  <move id="125" source="D3" target="D4"/>
  <move id="126" source="A5" target="A6"/>
  <move id="127" source="D4" target="C4"/>
  <move id="128" source="A6" target="B6"/>
  <move id="129" source="K6" target="K5"/>
  <move id="130" source="C8" target="C9"/>
  <move id="131" source="K5" target="I5"/>
  <move id="132" source="B6" target="B7"/>
  <move id="133" source="I5" target="I4"/>
  <move id="134" source="E7" target="E8"/>
  <move id="135" source="I4" target="I3"/>
  <move id="136" source="D7" target="D8"/>
  <move id="137" source="I3" target="H3"/>
  <move id="138" source="F7" target="E7"/>
  <move id="139" source="H3" target="G3"/>
  <move id="140" source="E7" target="D7"/>
  <move id="141" source="G3" target="G4"/>
  <move id="142" source="F8" target="F7"/>
  <move id="143" source="G4" target="F4"/>
  <move id="144" source="E8" target="E7"/>
  <move id="145" source="F4" target="G4"/>
  <move id="146" source="D8" target="E8"/>
  <move id="147" source="H4" target="I4"/>
  <move id="148" source="F7" target="F6"/>
  <move id="149" source="F5" target="F4"/>
  <move id="150" source="F6" target="F7"/>
  <move id="151" source="G4" target="H4"/>
  <move id="152" source="D7" target="D8"/>
  <move id="153" source="F4" target="G4"/>
  <move id="154" source="D8" target="C8"/>
  <move id="155" source="E5" target="E4"/>
  <move id="156" source="E7" target="D7"/>
  <move id="157" source="E6" target="E5"/>
  <move id="158" source="E8" target="D8"/>
  <move id="159" source="I4" target="I5"/>
  <move id="160" source="F9" target="F8"/>
  <move id="161" source="I5" target="I6"/>
  <move id="162" source="E9" target="D9"/>
  <move id="163" source="I6" target="K6"/>
  <move id="164" source="G9" target="F9"/>
  <move id="165" source="K6" target="K7"/>
  <move id="166" source="F9" target="E9"/>
  <move id="167" source="K4" target="K5"/>
  <move id="168" source="E9" target="E5"/>
  <move id="169" source="K5" target="K6"/>
  <move id="170" source="D7" target="E7"/>
  <move id="171" source="E4" target="D4"/>
  <move id="172" source="H9" target="G9"/>
  <move id="173" source="G4" target="G3"/>
  <move id="174" source="G9" target="F9"/>
  <move id="175" source="H4" target="G4"/>
  <move id="176" source="F9" target="E9"/>
  <move id="177" source="K6" target="K7"/>
  <move id="178" source="E7" target="D7"/>
  <move id="179" source="K7" target="K8"/>
  <move id="180" source="E9" target="E8"/>
  <move id="181" source="K8" target="I8"/>
  <move id="182" source="E8" target="E7"/>
  <move id="183" source="G4" target="F4"/>
  <move id="184" source="E7" target="E6"/>
  <move id="185" source="F4" target="E4"/>
  <move id="186" source="D7" target="E7"/>
  <move id="187" source="K3" target="K4"/>
  <move id="188" source="D8" target="E8"/>
  <move id="189" source="K4" target="K5"/>
  <move id="190" source="F7" target="F6"/>
  <move id="191" source="K5" target="K6"/>
  <move id="192" source="F6" target="F5"/>
  <move id="193" source="K6" target="K7"/>
  <move id="194" source="E6" target="E5"/>
  <move id="195" source="G3" target="G4"/>
  <move id="196" source="E7" target="E6"/>
  <move id="197" source="K7" target="K8"/>
  <move id="198" source="E8" target="E7"/>
  <move id="199" source="I2" target="I3"/>
  <move id="200" source="E5" target="E4"/>
  <move id="201" source="I3" target="I4"/>
  <move id="202" source="E6" target="E5"/>
  <move id="203" source="I4" target="I5"/>
  <move id="204" source="E7" target="E6"/>
  <move id="205" source="I5" target="I6"/>
  <move id="206" source="F5" target="F6"/>
  <move id="207" source="K8" target="K7"/>
  <move id="208" source="E6" target="E7"/>
  <move id="209" source="I6" target="I7"/>
  <move id="210" source="H7" target="I7"/>
  <move id="211" source="G4" target="F4"/>
  <move id="212" source="E7" target="D7"/>
  <move id="213" source="F4" target="G4"/>
  <move id="214" source="E5" target="E6"/>
  <move id="215" source="G4" target="F4"/>
  <move id="216" source="E6" target="E7"/>
  <move id="217" source="F4" target="G4"/>
  <move id="218" source="I7" target="K7"/>
  <move id="219" source="G4" target="H4"/>
  <move id="220" source="F6" target="F7"/>
  <move id="221" source="H4" target="I4"/>
  <move id="222" source="F8" target="F9"/>
  <move id="223" source="I4" target="I5"/>
  <move id="224" source="F9" target="E9"/>
  <move id="225" source="I5" target="I6"/>
  <move id="226" source="F7" target="F8"/>
  <move id="227" source="K7" target="I7"/>
  <move id="228" source="E7" target="E8"/>
  <move id="229" source="I7" target="I8"/>
  <move id="230" source="F:" target="F9"/>
  <move id="231" source="I8" target="I7"/>
  <move id="232" source="G:" target="F:"/>
  <move id="233" source="I7" target="K7"/>
  <move id="234" source="H:" target="G:"/>
  <move id="235" source="K7" target="K6"/>
  <move id="236" source="B7" target="B6"/>
  <move id="237" source="I6" target="I7"/>
  <move id="238" source="B6" target="B5"/>
  <move id="239" source="A1" target="A2"/>
  <move id="240" source="D7" target="D8"/>
  <move id="241" source="D4" target="D3"/>
  <move id="242" source="C7" target="B7"/>
  <move id="243" source="I7" target="I6"/>
  <move id="244" source="B7" target="B6"/>
  <move id="245" source="I6" target="I5"/>
  <move id="246" source="B6" target="A6"/>
  <move id="247" source="A2" target="A3"/>
  <move id="248" source="A6" target="A5"/>
  <move id="249" source="I5" target="I4"/>
  <move id="250" source="A5" target="A4"/>
  <move id="251" source="C3" target="B3"/>
  <move id="252" source="B5" target="B4"/>
  <move id="253" source="C4" target="B4"/>
  <move id="254" source="A4" target="A5"/>
  <move id="255" source="I4" target="H4"/>
  <move id="256" source="F8" target="F7"/>
  <move id="257" source="B4" target="C4"/>
  <move id="258" source="F7" target="F6"/>
  <move id="259" source="B3" target="B4"/>
  <move id="260" source="F6" target="E6"/>
  <move id="261" source="B4" target="A4"/>
  <move id="262" source="A5" target="B5"/>
  <move id="263" source="A4" target="B4"/>
  <move id="264" source="B5" target="B6"/>
  <move id="265" source="B4" target="B5"/>
  <move id="266" source="B6" target="B7"/>
  <move id="267" source="B5" target="B6"/>
  <move id="268" source="B7" target="C7"/>
  <move id="269" source="B6" target="B7"/>
  <move id="270" source="C7" target="D7"/>
  <move id="271" source="A3" target="A4"/>
  <move id="272" source="E6" target="E7"/>
  <move id="273" source="A4" target="A5"/>
  <move id="274" source="E8" target="F8"/>
  <move id="275" source="A5" target="A6"/>
  <move id="276" source="E7" target="E6"/>
  <move id="277" source="A6" target="A7"/>
  <move id="278" source="D7" target="E7"/>
  <move id="279" source="A7" target="A8"/>
  <move id="280" source="E7" target="E8"/>
  <move id="281" source="A8" target="B8"/>
  <move id="282" source="E6" target="E7"/>
  <move id="283" source="B8" target="B9"/>
  <move id="284" source="E7" target="D7"/>
  <move id="285" source="B9" target="C9"/>
  <move id="286" source="D7" target="C7"/>
  <move id="287" source="B7" target="B6"/>
  <move id="288" source="C7" target="B7"/>
  <move id="289" source="B6" target="B5"/>
  <move id="290" source="B7" target="B6"/>
  <move id="291" source="B5" target="B4"/>
  <move id="292" source="B6" target="B5"/>
  <move id="293" source="B4" target="A4"/>
  <move id="294" source="B5" target="B4"/>
  <move id="295" source="A4" target="B4"/>
  <move id="296" source="F8" target="F7"/>
  <move id="297" source="H4" target="G4"/>
  <move id="298" source="F7" target="F6"/>
  <move id="299" source="G4" target="F4"/>
  <move id="300" source="F6" target="F5"/>
  <move id="301" source="F4" target="F5"/>
  <move id="302" source="E8" target="E7"/>
  <move id="303" source="F3" target="F4"/>
  <move id="304" source="E7" target="E6"/>
  <move id="305" source="F4" target="F5"/>
  <move id="306" source="C8" target="C7"/>
  <move id="307" source="D3" target="D4"/>
  <move id="308" source="C7" target="B7"/>
  <move id="309" source="C4" target="C3"/>
  <move id="310" source="B7" target="B6"/>
  <move id="311" source="D4" target="C4"/>
  <move id="312" source="B6" target="B5"/>
  <move id="313" source="C4" target="B4"/>
  <move id="314" source="B5" target="A5"/>
  <move id="315" source="B4" target="A4"/>
  <move id="316" source="A5" target="B5"/>
  <move id="317" source="A4" target="B4"/>
  <move id="318" source="B5" target="B6"/>
  <move id="319" source="B4" target="B5"/>
  <move id="320" source="B6" target="A6"/>
  <move id="321" source="B5" target="A5"/>
  <move id="322" source="A6" target="B6"/>
  <move id="323" source="A5" target="B5"/>
  <move id="324" source="B6" target="A6"/>
  <move id="325" source="B5" target="A5"/>
  <move id="326" source="A6" target="B6"/>
  <move id="327" source="A5" target="B5"/>
  <move id="328" source="B6" target="A6"/>
  <move id="329" source="B5" target="A5"/>
  <move id="330" source="E6" target="E5"/>
  <move id="331" source="F5" target="E5"/>
  <move id="332" source="A6" target="A5"/>
  <move id="333" source="B1" target="A1"/>
  <move id="334" source="D8" target="E8"/>
  <move id="335" source="K6" target="K5"/>
  <move id="336" source="E8" target="E7"/>
  <move id="337" source="K5" target="K4"/>
  <move id="338" source="E7" target="E6"/>
  <move id="339" source="A1" target="A2"/>
  <move id="340" source="E6" target="E5"/>
  <move id="341" source="A2" target="A3"/>
  <move id="342" source="E5" target="F5"/>
  <move id="343" source="K4" target="I4"/>
  <move id="344" source="F5" target="F4"/>
  <move id="345" source="I4" target="H4"/>
  <move id="346" source="F4" target="F3"/>
  <move id="347" source="H4" target="G4"/>
  <move id="348" source="F3" target="F2"/>
  <move id="349" source="A3" target="A4"/>
  <move id="350" source="G8" target="F8"/>
  <move id="351" source="A4" target="B4"/>
  <move id="352" source="F8" target="F7"/>
  <move id="353" source="G2" target="G3"/>
  <move id="354" source="D9" target="D8"/>
  <move id="355" source="G3" target="F3"/>
  <move id="356" source="D8" target="C8"/>
  <move id="357" source="F3" target="F4"/>
  <move id="358" source="C8" target="B8"/>
  <move id="359" source="F4" target="E4"/>
  <move id="360" source="B8" target="B7"/>
  <move id="361" source="E4" target="D4"/>
  <move id="362" source="B7" target="B6"/>
  <move id="363" source="D4" target="C4"/>
  <move id="364" source="B6" target="B5"/>
  <move id="365" source="G4" target="F4"/>
  <move id="366" source="B5" target="B4"/>
  <move id="367" source="F4" target="F5"/>
  <move id="368" source="F7" target="E7"/>
  <move id="369" source="F5" target="E5"/>
  <move id="370" source="E7" target="D7"/>
  <move id="371" source="E5" target="E4"/>
  <move id="372" source="D7" target="C7"/>
  <move id="373" source="C4" target="B4"/>
  <move id="374" source="C7" target="B7"/>
  <move id="375" source="E4" target="D4"/>
  <move id="376" source="B7" target="B6"/>
  <move id="377" source="D4" target="C4"/>
  <move id="378" source="B6" target="B5"/>
  <move id="379" source="B4" target="B3"/>
  <move id="380" source="B5" target="A5"/>
  <move id="381" source="C4" target="B4"/>
  <move id="382" source="K9" target="K8"/>
  <move id="383" source="B4" target="A4"/>
  <move id="384" source="A5" target="B5"/>
  <move id="385" source="A4" target="B4"/>
  <move id="386" source="B5" target="A5"/>
  <move id="387" source="B3" target="A3"/>
  <move id="388" source="K8" target="K7"/>
  <move id="389" source="A3" target="A4"/>
  <move id="390" source="A5" target="A4"/>
  <move id="391" source="B4" target="A4"/>
  <move id="392" source="K7" target="K6"/>
  <move id="393" source="G1" target="G2"/>
  <move id="394" source="K6" target="K5"/>
  <move id="395" source="G2" target="G3"/>
  <move id="396" source="K5" target="K4"/>
  <move id="397" source="G3" target="H3"/>
  <move id="398" source="K4" target="K3"/>
  <move id="399" source="H3" target="I3"/>
  <move id="400" source="K3" target="K2"/>
  <move id="401" source="I3" target="I4"/>
  <move id="402" source="C:" target="C9"/>
  <move id="403" source="I4" target="H4"/>
  <move id="404" source="C9" target="C8"/>
  <move id="405" source="H4" target="G4"/>
  <move id="406" source="F9" target="F8"/>
  <move id="407" source="G4" target="F4"/>
  <move id="408" source="C8" target="D8"/>
  <move id="409" source="F4" target="F5"/>
  <move id="410" source="D8" target="E8"/>
  <move id="411" source="F5" target="F6"/>
  <move id="412" source="E8" target="E7"/>
  <move id="413" source="F6" target="E6"/>
  <move id="414" source="F8" target="F7"/>
  <move id="415" source="C3" target="C4"/>
  <move id="416" source="E7" target="E6"/>
  <move id="417" source="C4" target="D4"/>
  <move id="418" source="F7" target="F6"/>
  <move id="419" source="D4" target="E4"/>
  <move id="420" source="F6" target="F5"/>
  <move id="421" source="E4" target="F4"/>
  <move id="422" source="F5" target="E5"/>
  <move id="423" source="F4" target="E4"/>
  <move id="424" source="E5" target="E6"/>
  <move id="425" source="E4" target="E5"/>
  <move id="426" source="E6" target="E7"/>
  <move id="427" source="E5" target="E6"/>
  <move id="428" source="E7" target="D7"/>
  <move id="429" source="E6" target="E7"/>
  <move id="430" source="D7" target="C7"/>
  <move id="431" source="E7" target="E6"/>
  <move id="432" source="C7" target="B7"/>
  <move id="433" source="E6" target="E5"/>
  <move id="434" source="B7" target="B6"/>
  <move id="435" source="E5" target="E4"/>
  <move id="436" source="E9" target="E8"/>
  <move id="437" source="E4" target="D4"/>
  <move id="438" source="E8" target="E7"/>
  <move id="439" source="C1" target="B1"/>
  <move id="440" source="E7" target="E6"/>
  <move id="441" source="B1" target="A1"/>
  <move id="442" source="E6" target="E5"/>
  <move id="443" source="A1" target="A2"/>
  <move id="444" source="E5" target="F5"/>
  <move id="445" source="D4" target="E4"/>
  <move id="446" source="B6" target="B5"/>
  <move id="447" source="A2" target="A3"/>
  <move id="448" source="B5" target="B4"/>
  <move id="449" source="A3" target="B3"/>
  <move id="450" source="B4" target="A4"/>
  <move id="451" source="B3" target="A3"/>
  <move id="452" source="A4" target="B4"/>
  <move id="453" source="A3" target="B3"/>
  <move id="454" source="B4" target="C4"/>
  <move id="455" source="B3" target="C3"/>
  <move id="456" source="C4" target="D4"/>
  <move id="457" source="C3" target="D3"/>
  <move id="458" source="D4" target="C4"/>
  <move id="459" source="E4" target="F4"/>
  <move id="460" source="F5" target="E5"/>
  <move id="461" source="H1" target="G1"/>
  <move id="462" source="G:" target="G9"/>
  <move id="463" source="D3" target="C3"/>
  <move id="464" source="C4" target="B4"/>
  <move id="465" source="G1" target="G2"/>
  <move id="466" source="G9" target="F9"/>
  <move id="467" source="G2" target="G3"/>
  <move id="468" source="F9" target="E9"/>
  <move id="469" source="G3" target="G4"/>
  <move id="470" source="E9" target="D9"/>
  <move id="471" source="F4" target="E4"/>
  <move id="472" source="E5" target="F5"/>
  <move id="473" source="C3" target="B3"/>
  <move id="474" source="B4" target="C4"/>
  <move id="475" source="E4" target="D4"/>
  <move id="476" source="F5" target="F4"/>
  <move id="477" source="G4" target="H4"/>
  <move id="478" source="F4" target="G4"/>
  <move id="479" source="H4" target="I4"/>
  <move id="480" source="G4" target="H4"/>
  <move id="481" source="I4" target="I5"/>
  <move id="482" source="H4" target="I4"/>
  <move id="483" source="I5" target="K5"/>
  <move id="484" source="I4" target="K4"/>
  <move id="485" source="K5" target="I5"/>
  <move id="486" source="K4" target="K3"/>
  <move id="487" source="I5" target="I4"/>
  <move id="488" source="K3" target="K2"/>
  <move id="489" source="K1" target="K2"/>
  <move id="490" source="C4" target="C3"/>
  <move id="491" source="B3" target="C3"/>
  <move id="492" source="D9" target="D8"/>
  <move id="493" source="D4" target="E4"/>
  <move id="494" source="D8" target="D7"/>
  <move id="495" source="E4" target="F4"/>
  <move id="496" source="D7" target="E7"/>
  <move id="497" source="F4" target="F5"/>
  <move id="498" source="E7" target="E6"/>
  <move id="499" source="C3" target="C4"/>
  <move id="500" source="E6" target="E5"/>
  <move id="501" source="F5" target="E5"/>
  <move id="502" source="F:" target="F9"/>
  <move id="503" source="C4" target="D4"/>
  <move id="504" source="F9" target="F8"/>
  <move id="505" source="D4" target="E4"/>
  <move id="506" source="F8" target="F7"/>
  <move id="507" source="E4" target="E5"/>
  <move id="508" source="F7" target="F6"/>
  <move id="509" source="I4" target="A4"/>
  <move id="510" source="E:" target="E9"/>
  <move id="511" source="A4" target="A:"/>
  <player id="1">Player 1</player>
  <player id="2">Player 2</player>
  <result type="3" winner="1"/>
 </game>
</stratego>