<?xml version="1.0" encoding="UTF-8"?>
<stratego>
 <game type="barrage">
  
  <field content="AAABAEMAAADAAAAAAAAAAAAAAAAAAAADAACAAALKAA__AA__AAAA__AA__AAWPAAXOPAAAAAAAAAAAAAQAAAAAAAAAYNAAAAAAAA"/>
  <move id="1" source="I4" target="H4"/>
  <move id="2" source="F7" target="F6"/>
  <move id="3" source="H4" target="G4"/>
  <move id="4" source="F6" target="F5"/>
  <move id="5" source="B4" target="B5"/>
  <move id="6" source="E7" target="E6"/>
  <move id="7" source="A2" target="A3"/>
  <move id="8" source="E6" target="E5"/>
  <move id="9" source="G4" target="F4"/>
  <move id="10" source="F5" target="F4"/>
  <move id="11" source="E4" target="F4"/>
  <move id="12" source="E5" target="E4"/>
  <move id="13" source="B5" target="B7"/>
  <move id="14" source="E4" target="E3"/>
  <move id="15" source="F1" target="F2"/>
  <move id="16" source="E3" target="F3"/>
  <move id="17" source="F2" target="E2"/>
  <move id="18" source="F3" target="G3"/>
  <move id="19" source="E2" target="E3"/>
  <move id="20" source="G3" target="G2"/>
  <move id="21" source="E3" target="E4"/>
  <move id="22" source="G7" target="F7"/>
  <move id="23" source="A3" target="F3"/>
  <move id="24" source="F7" target="F3"/>
  <move id="25" source="E4" target="E5"/>
  <move id="26" source="A7" target="B7"/>
  <move id="27" source="E5" target="E6"/>
  <move id="28" source="B7" target="C7"/>
  <move id="29" source="E6" target="E7"/>
  <move id="30" source="C7" target="D7"/>
  <move id="31" source="E7" target="E8"/>
  <move id="32" source="G2" target="G3"/>
  <move id="33" source="E8" target="E9"/>
  <move id="34" source="D7" target="D8"/>
  <move id="35" source="E9" target="E:"/>
  <move id="36" source="D8" target="D9"/>
  <move id="37" source="K4" target="I4"/>
  <move id="38" source="G3" target="G4"/>
  <move id="39" source="I4" target="I3"/>
  <move id="40" source="G4" target="F4"/>
  <move id="41" source="I3" target="H3"/>
  <move id="42" source="F4" target="F5"/>
  <move id="43" source="H3" target="G3"/>
  <move id="44" source="F5" target="F6"/>
  <move id="45" source="G3" target="F3"/>
  <move id="46" source="F6" target="F7"/>
  <move id="47" source="E:" target="F:"/>
  <move id="48" source="D9" target="E9"/>
  <move id="49" source="F:" target="G:"/>
  <move id="50" source="E9" target="F9"/>
  <move id="51" source="G:" target="H:"/>
  <move id="52" source="F9" target="G9"/>
  <move id="53" source="H:" target="I:"/>
  <move id="54" source="G9" target="H9"/>
  <move id="55" source="F3" target="F4"/>
  <move id="56" source="F7" target="F6"/>
  <move id="57" source="F4" target="F5"/>
  <player id="1">Player 1</player>
  <player id="2">Player 2</player>
  <result type="3" winner="2"/>
 </game>
</stratego>