<?xml version="1.0" encoding="UTF-8"?>
<stratego>
 <game type="barrage">
  
  <field content="AAAAAAAAMBAAAAAAAAADAAAAAAAAAAADAALKAACEAA__AA__AAAA__AA__AAXQAAWPAAAAAAAAAAAAAANAAAAAAAAAYPAOAAAAAA"/>
  <move id="1" source="I4" target="I5"/>
  <move id="2" source="A7" target="A6"/>
  <move id="3" source="I5" target="I6"/>
  <move id="4" source="B7" target="B6"/>
  <move id="5" source="I6" target="I7"/>
  <move id="6" source="A6" target="A5"/>
  <move id="7" source="I7" target="I8"/>
  <move id="8" source="A5" target="B5"/>
  <move id="9" source="B4" target="A4"/>
  <move id="10" source="B6" target="A6"/>
  <move id="11" source="I8" target="I9"/>
  <move id="12" source="A6" target="A5"/>
  <move id="13" source="I9" target="H9"/>
  <move id="14" source="A5" target="A4"/>
  <move id="15" source="H9" target="G9"/>
  <move id="16" source="B5" target="B6"/>
  <move id="17" source="G9" target="F9"/>
  <move id="18" source="E7" target="E8"/>
  <move id="19" source="F9" target="E9"/>
  <move id="20" source="E8" target="F8"/>
  <move id="21" source="E9" target="E8"/>
  <move id="22" source="F8" target="F9"/>
  <move id="23" source="E8" target="E7"/>
  <move id="24" source="F7" target="G7"/>
  <move id="25" source="E7" target="E8"/>
  <move id="26" source="B6" target="B7"/>
  <move id="27" source="F4" target="F5"/>
  <move id="28" source="G7" target="H7"/>
  <move id="29" source="F5" target="F6"/>
  <move id="30" source="B7" target="B8"/>
  <move id="31" source="F6" target="F7"/>
  <move id="32" source="F9" target="F:"/>
  <move id="33" source="E8" target="E9"/>
  <move id="34" source="B8" target="B9"/>
  <move id="35" source="F7" target="F8"/>
  <move id="36" source="B9" target="C9"/>
  <move id="37" source="F8" target="E8"/>
  <move id="38" source="F:" target="E:"/>
  <move id="39" source="E8" target="D8"/>
  <move id="40" source="A4" target="A5"/>
  <move id="41" source="E4" target="E5"/>
  <move id="42" source="A5" target="A6"/>
  <move id="43" source="E5" target="E6"/>
  <move id="44" source="A6" target="A7"/>
  <move id="45" source="E6" target="E7"/>
  <move id="46" source="A7" target="B7"/>
  <move id="47" source="E7" target="D7"/>
  <move id="48" source="H7" target="D7"/>
  <move id="49" source="D7" target="C7"/>
  <move id="50" source="B7" target="B6"/>
  <move id="51" source="C7" target="B7"/>
  <move id="52" source="B6" target="B5"/>
  <move id="53" source="B7" target="A7"/>
  <move id="54" source="E:" target="E9"/>
  <move id="55" source="A7" target="A8"/>
  <move id="56" source="C9" target="B9"/>
  <move id="57" source="A8" target="A9"/>
  <move id="58" source="E9" target="D9"/>
  <move id="59" source="D8" target="D9"/>
  <move id="60" source="D:" target="D9"/>
  <move id="61" source="K4" target="I4"/>
  <move id="62" source="D9" target="C9"/>
  <move id="63" source="K2" target="K:"/>
  <move id="64" source="B5" target="B4"/>
  <move id="65" source="K:" target="B:"/>
  <player id="1">Player 1</player>
  <player id="2">Player 2</player>
  <result type="3" winner="2"/>
 </game>
</stratego>