<?xml version="1.0" encoding="UTF-8"?>
<stratego>
 <game type="barrage">
  
  <field content="BDAAAAAAAADAAAAAAAAAAAAAAAAAAAMLAACEAAKAAA__AA__AAAA__AA__AAWAAAQAPAAAAAAAAAAAAXAAAAAAAAPOAAAAAAAANY"/>
  <move id="1" source="B4" target="B5"/>
  <move id="2" source="E7" target="E6"/>
  <move id="3" source="B5" target="B6"/>
  <move id="4" source="E6" target="E5"/>
  <move id="5" source="E4" target="E5"/>
  <move id="6" source="E5" target="E4"/>
  <move id="7" source="F4" target="F5"/>
  <move id="8" source="E4" target="E3"/>
  <move id="9" source="B6" target="B5"/>
  <move id="10" source="E3" target="D3"/>
  <move id="11" source="B5" target="B4"/>
  <move id="12" source="D3" target="E3"/>
  <move id="13" source="B4" target="C4"/>
  <move id="14" source="E3" target="F3"/>
  <move id="15" source="C4" target="D4"/>
  <move id="16" source="F3" target="G3"/>
  <move id="17" source="D4" target="E4"/>
  <move id="18" source="G3" target="H3"/>
  <move id="19" source="E4" target="F4"/>
  <move id="20" source="H3" target="H4"/>
  <move id="21" source="I4" target="I5"/>
  <move id="22" source="H4" target="I4"/>
  <move id="23" source="I5" target="I6"/>
  <move id="24" source="I4" target="I5"/>
  <move id="25" source="I6" target="I7"/>
  <move id="26" source="I5" target="I6"/>
  <move id="27" source="F5" target="F6"/>
  <move id="28" source="I6" target="I7"/>
  <move id="29" source="F6" target="F7"/>
  <move id="30" source="A7" target="A6"/>
  <move id="31" source="F7" target="G7"/>
  <move id="32" source="A6" target="A5"/>
  <move id="33" source="G7" target="H7"/>
  <move id="34" source="A5" target="A4"/>
  <player id="1">Player 1</player>
  <player id="2">Player 2</player>
  <result type="1" winner="2"/>
 </game>
</stratego>