<?xml version="1.0" encoding="UTF-8"?>
<stratego>
 <game type="barrage">
  
  <field content="MDAAAAAAAABDAAAAAAAAAEAAAAAAAAAKAACAAAALAA__AA__AAAA__AA__AAAAAAXWAAQNAAAAAAAAOAAAAAAAAAAPAAAAAAAAPY"/>
  <move id="1" source="B4" target="B5"/>
  <move id="2" source="F7" target="F6"/>
  <move id="3" source="B5" target="B6"/>
  <move id="4" source="F6" target="F5"/>
  <move id="5" source="B6" target="B7"/>
  <move id="6" source="F5" target="F4"/>
  <move id="7" source="E4" target="F4"/>
  <move id="8" source="F4" target="E4"/>
  <move id="9" source="B7" target="C7"/>
  <move id="10" source="E4" target="D4"/>
  <move id="11" source="C7" target="D7"/>
  <move id="12" source="E7" target="D7"/>
  <move id="13" source="K4" target="K5"/>
  <move id="14" source="D7" target="C7"/>
  <move id="15" source="K5" target="K6"/>
  <move id="16" source="C7" target="B7"/>
  <move id="17" source="K6" target="K7"/>
  <move id="18" source="B7" target="B6"/>
  <player id="1">Player 1</player>
  <player id="2">Player 2</player>
  <result type="3" winner="2"/>
 </game>
</stratego>