<?xml version="1.0" encoding="UTF-8"?>
<stratego>
 <game type="barrage">
  
  <field content="AAAAAAAAAAAAAAAAAAAAAAAAAAAAAAAKCBLMEDDAAA__AA__AAAA__AA__AANAAAAAWAAAYAAAAQAAAAAAAAAXAAAAAAOAAAAPPA"/>
  <move id="1" source="E4" target="E5"/>
  <move id="2" source="I:" target="I4"/>
  <move id="3" source="E5" target="E6"/>
  <move id="4" source="G7" target="F7"/>
  <move id="5" source="H4" target="I4"/>
  <move id="6" source="F7" target="E7"/>
  <move id="7" source="E6" target="F6"/>
  <move id="8" source="E7" target="F7"/>
  <move id="9" source="F6" target="E6"/>
  <move id="10" source="F9" target="E9"/>
  <move id="11" source="I4" target="I5"/>
  <move id="12" source="E9" target="E8"/>
  <move id="13" source="I5" target="I6"/>
  <move id="14" source="E8" target="E7"/>
  <move id="15" source="E6" target="E5"/>
  <move id="16" source="E7" target="E6"/>
  <move id="17" source="E5" target="E6"/>
  <move id="18" source="F7" target="G7"/>
  <move id="19" source="I6" target="I7"/>
  <move id="20" source="F8" target="E8"/>
  <move id="21" source="I7" target="I8"/>
  <move id="22" source="G7" target="G8"/>
  <move id="23" source="I8" target="I9"/>
  <move id="24" source="G8" target="G9"/>
  <move id="25" source="I9" target="I:"/>
  <move id="26" source="G9" target="G:"/>
  <move id="27" source="B4" target="B5"/>
  <move id="28" source="E8" target="D8"/>
  <move id="29" source="B5" target="B6"/>
  <move id="30" source="D8" target="D7"/>
  <move id="31" source="B6" target="B7"/>
  <move id="32" source="D7" target="C7"/>
  <move id="33" source="B7" target="B8"/>
  <move id="34" source="C7" target="B7"/>
  <move id="35" source="B8" target="A8"/>
  <player id="1">Player 1</player>
  <player id="2">Player 2</player>
  <result type="1" winner="1"/>
 </game>
</stratego>