<?xml version="1.0" encoding="UTF-8"?>
<stratego>
 <game type="barrage">
  
  <field content="AAAAAAAAMBAAAAAAAAADAAAAAAAAAAADAAKCAALEAA__AA__AAAA__AA__AAQXAAOWAAPPANAAAAAYAAAAAAAAAAAAAAAAAAAAAA"/>
  <move id="1" source="I4" target="I5"/>
  <move id="2" source="F7" target="F6"/>
  <move id="3" source="I5" target="I6"/>
  <move id="4" source="F6" target="F5"/>
  <move id="5" source="F4" target="F5"/>
  <move id="6" source="F5" target="F4"/>
  <move id="7" source="E4" target="F4"/>
  <move id="8" source="I7" target="F7"/>
  <move id="9" source="K4" target="K5"/>
  <move id="10" source="F7" target="F2"/>
  <move id="11" source="K5" target="K6"/>
  <move id="12" source="F2" target="K2"/>
  <move id="13" source="K6" target="K7"/>
  <move id="14" source="B7" target="B6"/>
  <move id="15" source="B4" target="E4"/>
  <move id="16" source="B6" target="B5"/>
  <move id="17" source="E4" target="E7"/>
  <move id="18" source="B5" target="B4"/>
  <move id="19" source="I6" target="I7"/>
  <move id="20" source="B4" target="C4"/>
  <move id="21" source="I7" target="H7"/>
  <move id="22" source="C4" target="D4"/>
  <move id="23" source="H7" target="H8"/>
  <player id="1">Player 1</player>
  <player id="2">Player 2</player>
  <result type="1" winner="1"/>
 </game>
</stratego>