<?xml version="1.0" encoding="UTF-8"?>
<stratego>
 <game type="barrage">
  
  <field content="BDAAAAAAAADAAAAAAAAAAAAAAAAAAAMLAAKCAAEAAA__AA__AAAA__AA__AAWAQOAPAAPAAAAAAXYAAAAAANAAAAAAAAAAAAAAAA"/>
  <move id="1" source="I4" target="I5"/>
  <move id="2" source="F8" target="E8"/>
  <move id="3" source="I5" target="I6"/>
  <move id="4" source="I7" target="K7"/>
  <move id="5" source="I6" target="K6"/>
  <move id="6" source="K7" target="I7"/>
  <move id="7" source="K6" target="I6"/>
  <move id="8" source="I7" target="I9"/>
  <move id="9" source="I6" target="I7"/>
  <move id="10" source="I9" target="K9"/>
  <move id="11" source="I7" target="H7"/>
  <move id="12" source="K9" target="K2"/>
  <move id="13" source="H7" target="H8"/>
  <move id="14" source="K2" target="A2"/>
  <move id="15" source="H8" target="G8"/>
  <player id="1">Player 1</player>
  <player id="2">Player 2</player>
  <result type="1" winner="1"/>
 </game>
</stratego>