<?xml version="1.0" encoding="UTF-8"?>
<stratego>
 <game type="barrage">
  
  <field content="AAAAAAAAMBAAAAAAAAADAAAAAAAAAAALAAKCAAEDAA__AA__AAAA__AA__AAWOAAAPAAAAPQAAAAAAAANAAAAAAAAAYXAAAAAAAA"/>
  <move id="1" source="F4" target="F5"/>
  <move id="2" source="F7" target="E7"/>
  <move id="3" source="F5" target="E5"/>
  <move id="4" source="E7" target="E8"/>
  <move id="5" source="E5" target="E6"/>
  <move id="6" source="E8" target="D8"/>
  <move id="7" source="E6" target="E7"/>
  <move id="8" source="B8" target="C8"/>
  <move id="9" source="E7" target="E8"/>
  <move id="10" source="A7" target="A6"/>
  <move id="11" source="E8" target="E9"/>
  <move id="12" source="A6" target="B6"/>
  <move id="13" source="E9" target="E:"/>
  <move id="14" source="B6" target="B5"/>
  <move id="15" source="B4" target="B5"/>
  <move id="16" source="D8" target="D9"/>
  <move id="17" source="E4" target="E5"/>
  <move id="18" source="C8" target="D8"/>
  <move id="19" source="E5" target="E6"/>
  <move id="20" source="D8" target="D7"/>
  <move id="21" source="E6" target="E7"/>
  <move id="22" source="D9" target="D8"/>
  <move id="23" source="E7" target="D7"/>
  <move id="24" source="D8" target="E8"/>
  <move id="25" source="D7" target="D8"/>
  <move id="26" source="E8" target="E7"/>
  <move id="27" source="E:" target="D:"/>
  <move id="28" source="E7" target="E6"/>
  <move id="29" source="D:" target="C:"/>
  <move id="30" source="E6" target="E5"/>
  <move id="31" source="K4" target="K7"/>
  <move id="32" source="E5" target="E7"/>
  <move id="33" source="K7" target="K9"/>
  <move id="34" source="E7" target="E1"/>
  <move id="35" source="D8" target="D9"/>
  <move id="36" source="E1" target="I1"/>
  <player id="1">Player 1</player>
  <player id="2">Player 2</player>
  <result type="1" winner="2"/>
 </game>
</stratego>