<?xml version="1.0" encoding="UTF-8"?>
<stratego>
 <game type="barrage">
  
  <field content="BDAAAAAAAADAAAAAAAAAAAAAAAAAAAKLAACEAAMAAA__AA__AAAA__AA__AAAPAAAXAAAAAPAAAAAAAWAAAAAAAAQOAAAAAAAANY"/>
  <move id="1" source="E4" target="E5"/>
  <move id="2" source="B8" target="A8"/>
  <move id="3" source="E5" target="E6"/>
  <move id="4" source="A8" target="A4"/>
  <move id="5" source="F4" target="F5"/>
  <move id="6" source="B7" target="B6"/>
  <move id="7" source="F5" target="F6"/>
  <move id="8" source="B6" target="B5"/>
  <move id="9" source="B4" target="B5"/>
  <move id="10" source="F7" target="F6"/>
  <move id="11" source="E6" target="F6"/>
  <move id="12" source="K8" target="K7"/>
  <move id="13" source="B5" target="B6"/>
  <move id="14" source="K7" target="K6"/>
  <move id="15" source="B6" target="B7"/>
  <move id="16" source="K6" target="K5"/>
  <move id="17" source="B7" target="C7"/>
  <move id="18" source="K5" target="K4"/>
  <move id="19" source="C7" target="D7"/>
  <move id="20" source="K4" target="I4"/>
  <player id="1">Player 1</player>
  <player id="2">Player 2</player>
  <result type="1" winner="2"/>
 </game>
</stratego>