<?xml version="1.0" encoding="UTF-8"?>
<stratego>
 <game type="barrage">
  
  <field content="BDAAAAAAAADAAAAAAAAAAAAAAAAAAACLAAKMAAEAAA__AA__AAAA__AA__AAXPAAQOAAAAAAAAAAAAAANAAAAAAAAAYWAPAAAAAA"/>
  <move id="1" source="E4" target="E5"/>
  <move id="2" source="F7" target="F6"/>
  <move id="3" source="E5" target="E6"/>
  <move id="4" source="F6" target="E6"/>
  <move id="5" source="E6" target="E7"/>
  <move id="6" source="D:" target="D9"/>
  <move id="7" source="I4" target="I5"/>
  <move id="8" source="D9" target="D8"/>
  <move id="9" source="I5" target="I6"/>
  <move id="10" source="B7" target="B6"/>
  <move id="11" source="I6" target="I7"/>
  <move id="12" source="A7" target="B7"/>
  <move id="13" source="I7" target="I8"/>
  <move id="14" source="B7" target="C7"/>
  <move id="15" source="A4" target="A5"/>
  <move id="16" source="C7" target="D7"/>
  <move id="17" source="E7" target="E8"/>
  <move id="18" source="D8" target="C8"/>
  <move id="19" source="A5" target="A6"/>
  <move id="20" source="B6" target="B5"/>
  <move id="21" source="B4" target="B5"/>
  <move id="22" source="D7" target="E7"/>
  <move id="23" source="E8" target="D8"/>
  <move id="24" source="C8" target="C9"/>
  <move id="25" source="A6" target="A7"/>
  <move id="26" source="E7" target="E6"/>
  <move id="27" source="A7" target="A8"/>
  <move id="28" source="E6" target="E5"/>
  <move id="29" source="D8" target="C8"/>
  <move id="30" source="C9" target="D9"/>
  <move id="31" source="C8" target="C9"/>
  <move id="32" source="D9" target="D8"/>
  <move id="33" source="C9" target="B9"/>
  <move id="34" source="E5" target="E4"/>
  <move id="35" source="B9" target="A9"/>
  <move id="36" source="B:" target="B9"/>
  <move id="37" source="B5" target="B6"/>
  <move id="38" source="E4" target="D4"/>
  <move id="39" source="B6" target="B5"/>
  <move id="40" source="D4" target="D3"/>
  <move id="41" source="B5" target="B4"/>
  <move id="42" source="D8" target="A8"/>
  <move id="43" source="B4" target="C4"/>
  <move id="44" source="D3" target="D2"/>
  <move id="45" source="C4" target="C3"/>
  <move id="46" source="D2" target="D1"/>
  <move id="47" source="C3" target="C2"/>
  <move id="48" source="B9" target="B:"/>
  <move id="49" source="B1" target="B:"/>
  <move id="50" source="A8" target="B8"/>
  <move id="51" source="I8" target="H8"/>
  <move id="52" source="B8" target="A8"/>
  <move id="53" source="H8" target="G8"/>
  <move id="54" source="B:" target="C:"/>
  <move id="55" source="G8" target="F8"/>
  <move id="56" source="A8" target="B8"/>
  <move id="57" source="F8" target="E8"/>
  <move id="58" source="C:" target="C9"/>
  <move id="59" source="E8" target="E7"/>
  <move id="60" source="B8" target="B7"/>
  <move id="61" source="E7" target="E6"/>
  <move id="62" source="C9" target="C8"/>
  <move id="63" source="E6" target="E5"/>
  <move id="64" source="C8" target="C7"/>
  <move id="65" source="E5" target="E4"/>
  <move id="66" source="B7" target="B8"/>
  <move id="67" source="E4" target="D4"/>
  <move id="68" source="C7" target="B7"/>
  <move id="69" source="D4" target="E4"/>
  <move id="70" source="B7" target="A7"/>
  <move id="71" source="E4" target="E5"/>
  <move id="72" source="A7" target="A6"/>
  <move id="73" source="E5" target="E6"/>
  <move id="74" source="A6" target="A5"/>
  <move id="75" source="E6" target="E7"/>
  <move id="76" source="A5" target="A4"/>
  <move id="77" source="C2" target="B2"/>
  <move id="78" source="D1" target="C1"/>
  <move id="79" source="E7" target="E8"/>
  <move id="80" source="C1" target="B1"/>
  <move id="81" source="E8" target="D8"/>
  <move id="82" source="B1" target="A1"/>
  <move id="83" source="B2" target="B3"/>
  <move id="84" source="A4" target="A3"/>
  <move id="85" source="B3" target="A3"/>
  <move id="86" source="B8" target="B2"/>
  <move id="87" source="A2" target="B2"/>
  <player id="1">Player 1</player>
  <player id="2">Player 2</player>
  <result type="0" winner="1"/>
 </game>
</stratego>