<?xml version="1.0" encoding="UTF-8"?>
<stratego>
 <game type="classic">
  
  <field content="EBFHBMBEDEFHBFGBFEDIDBJCKDEGGLDGIDHDDJHIAA__AA__AAAA__AA__AARNQNPSWSTPTRNTRUOQXVPQNQPQVTPPPSRNSNUYUP"/>
  <move id="1" source="K4" target="K5"/>
  <move id="2" source="I7" target="I6"/>
  <move id="3" source="K5" target="K6"/>
  <move id="4" source="I6" target="I5"/>
  <move id="5" source="I4" target="I5"/>
  <move id="6" source="K7" target="I7"/>
  <move id="7" source="K6" target="I6"/>
  <move id="8" source="K8" target="K7"/>
  <move id="9" source="I3" target="I4"/>
  <move id="10" source="I7" target="I6"/>
  <move id="11" source="I4" target="K4"/>
  <move id="12" source="H7" target="I7"/>
  <move id="13" source="I6" target="I5"/>
  <move id="14" source="I7" target="I6"/>
  <move id="15" source="I5" target="I4"/>
  <move id="16" source="I6" target="I5"/>
  <move id="17" source="I4" target="I3"/>
  <move id="18" source="I5" target="K5"/>
  <move id="19" source="K4" target="I4"/>
  <move id="20" source="K7" target="I7"/>
  <move id="21" source="A4" target="A5"/>
  <move id="22" source="H8" target="H7"/>
  <move id="23" source="A5" target="A6"/>
  <move id="24" source="I7" target="I6"/>
  <move id="25" source="A6" target="B6"/>
  <move id="26" source="H7" target="I7"/>
  <move id="27" source="A3" target="A7"/>
  <move id="28" source="I7" target="K7"/>
  <move id="29" source="I4" target="I5"/>
  <move id="30" source="K5" target="I5"/>
  <move id="31" source="H4" target="I4"/>
  <move id="32" source="K7" target="K6"/>
  <move id="33" source="I4" target="I5"/>
  <move id="34" source="I6" target="I7"/>
  <move id="35" source="I3" target="I4"/>
  <move id="36" source="K6" target="K5"/>
  <move id="37" source="I4" target="H4"/>
  <move id="38" source="K5" target="K4"/>
  <move id="39" source="H3" target="I3"/>
  <move id="40" source="K4" target="K3"/>
  <move id="41" source="K3" target="K4"/>
  <move id="42" source="I8" target="H8"/>
  <move id="43" source="K4" target="K5"/>
  <move id="44" source="H8" target="H7"/>
  <move id="45" source="K5" target="K6"/>
  <move id="46" source="I7" target="I8"/>
  <move id="47" source="K6" target="K7"/>
  <move id="48" source="I8" target="H8"/>
  <move id="49" source="I5" target="K5"/>
  <move id="50" source="I9" target="I8"/>
  <move id="51" source="I3" target="I4"/>
  <move id="52" source="K9" target="I9"/>
  <move id="53" source="I4" target="I5"/>
  <move id="54" source="I8" target="I7"/>
  <move id="55" source="I5" target="I6"/>
  <move id="56" source="F7" target="F6"/>
  <move id="57" source="I6" target="I7"/>
  <move id="58" source="G7" target="F7"/>
  <move id="59" source="I7" target="I8"/>
  <move id="60" source="H7" target="G7"/>
  <move id="61" source="I8" target="H8"/>
  <move id="62" source="F6" target="F5"/>
  <move id="63" source="K7" target="I7"/>
  <move id="64" source="F7" target="F6"/>
  <move id="65" source="K5" target="K6"/>
  <move id="66" source="F8" target="F7"/>
  <move id="67" source="K6" target="K7"/>
  <move id="68" source="G8" target="F8"/>
  <move id="69" source="K7" target="K8"/>
  <move id="70" source="G7" target="G8"/>
  <move id="71" source="I7" target="H7"/>
  <move id="72" source="H8" target="I8"/>
  <move id="73" source="K8" target="K7"/>
  <move id="74" source="E7" target="E4"/>
  <move id="75" source="F4" target="F5"/>
  <move id="76" source="F5" target="F4"/>
  <move id="77" source="E4" target="F4"/>
  <move id="78" source="F6" target="F5"/>
  <move id="79" source="F4" target="E4"/>
  <move id="80" source="F5" target="E5"/>
  <move id="81" source="F3" target="F7"/>
  <move id="82" source="E5" target="E4"/>
  <move id="83" source="K7" target="K6"/>
  <move id="84" source="E8" target="E7"/>
  <move id="85" source="G3" target="H3"/>
  <move id="86" source="E7" target="E6"/>
  <move id="87" source="H3" target="I3"/>
  <move id="88" source="E6" target="F6"/>
  <move id="89" source="I3" target="K3"/>
  <move id="90" source="F6" target="F5"/>
  <move id="91" source="K3" target="K4"/>
  <move id="92" source="F5" target="F4"/>
  <move id="93" source="K4" target="K5"/>
  <move id="94" source="F4" target="G4"/>
  <move id="95" source="H7" target="I7"/>
  <move id="96" source="I8" target="H8"/>
  <move id="97" source="K6" target="K7"/>
  <move id="98" source="G4" target="H4"/>
  <move id="99" source="H4" target="H3"/>
  <move id="100" source="E4" target="F4"/>
  <move id="101" source="K7" target="K8"/>
  <move id="102" source="G8" target="G7"/>
  <move id="103" source="K8" target="K9"/>
  <move id="104" source="H8" target="G8"/>
  <move id="105" source="K5" target="K6"/>
  <move id="106" source="F7" target="E7"/>
  <move id="107" source="K6" target="K7"/>
  <move id="108" source="F8" target="F7"/>
  <move id="109" source="K7" target="K8"/>
  <move id="110" source="G8" target="F8"/>
  <move id="111" source="K8" target="I8"/>
  <move id="112" source="G7" target="G8"/>
  <move id="113" source="I8" target="I9"/>
  <move id="114" source="G8" target="H8"/>
  <move id="115" source="I9" target="H9"/>
  <move id="116" source="F7" target="G7"/>
  <move id="117" source="K9" target="I9"/>
  <move id="118" source="G7" target="H7"/>
  <move id="119" source="I7" target="K7"/>
  <move id="120" source="H7" target="G7"/>
  <move id="121" source="I2" target="I8"/>
  <move id="122" source="H8" target="H7"/>
  <move id="123" source="I9" target="H9"/>
  <move id="124" source="F8" target="G8"/>
  <move id="125" source="H9" target="I9"/>
  <move id="126" source="G8" target="H8"/>
  <move id="127" source="I8" target="I7"/>
  <move id="128" source="H8" target="I8"/>
  <move id="129" source="I9" target="K9"/>
  <move id="130" source="I8" target="I7"/>
  <move id="131" source="K7" target="I7"/>
  <move id="132" source="E7" target="F7"/>
  <move id="133" source="K9" target="I9"/>
  <move id="134" source="E9" target="E3"/>
  <move id="135" source="I7" target="I8"/>
  <move id="136" source="G9" target="H9"/>
  <move id="137" source="I9" target="K9"/>
  <move id="138" source="G7" target="G8"/>
  <move id="139" source="K9" target="K8"/>
  <move id="140" source="G8" target="G9"/>
  <move id="141" source="K8" target="K7"/>
  <move id="142" source="H7" target="G7"/>
  <move id="143" source="I8" target="I7"/>
  <move id="144" source="G7" target="G8"/>
  <move id="145" source="I7" target="H7"/>
  <move id="146" source="D8" target="E8"/>
  <move id="147" source="E3" target="E4"/>
  <move id="148" source="E8" target="E7"/>
  <move id="149" source="E4" target="F4"/>
  <move id="150" source="E7" target="E6"/>
  <move id="151" source="B4" target="A4"/>
  <move id="152" source="E6" target="E5"/>
  <move id="153" source="A4" target="A5"/>
  <move id="154" source="E5" target="E4"/>
  <move id="155" source="A5" target="A6"/>
  <move id="156" source="F7" target="F6"/>
  <move id="157" source="A6" target="A7"/>
  <move id="158" source="A8" target="A7"/>
  <move id="159" source="B6" target="A6"/>
  <move id="160" source="A7" target="A8"/>
  <move id="161" source="A6" target="A7"/>
  <move id="162" source="F6" target="F5"/>
  <move id="163" source="K7" target="K8"/>
  <move id="164" source="F5" target="F4"/>
  <move id="165" source="K8" target="I8"/>
  <move id="166" source="F4" target="F3"/>
  <move id="167" source="I8" target="I9"/>
  <move id="168" source="F9" target="F8"/>
  <move id="169" source="I9" target="H9"/>
  <move id="170" source="I:" target="I9"/>
  <move id="171" source="H3" target="H4"/>
  <move id="172" source="E4" target="D4"/>
  <move id="173" source="C4" target="D4"/>
  <move id="174" source="F3" target="E3"/>
  <move id="175" source="E2" target="E3"/>
  <move id="176" source="E3" target="E4"/>
  <move id="177" source="K2" target="K3"/>
  <move id="178" source="F8" target="F7"/>
  <move id="179" source="K3" target="K4"/>
  <move id="180" source="F7" target="F6"/>
  <move id="181" source="D4" target="E4"/>
  <move id="182" source="F6" target="F5"/>
  <move id="183" source="K4" target="K5"/>
  <move id="184" source="F5" target="F4"/>
  <move id="185" source="K5" target="K6"/>
  <move id="186" source="F4" target="G4"/>
  <move id="187" source="H4" target="H3"/>
  <move id="188" source="G4" target="H4"/>
  <move id="189" source="H3" target="G3"/>
  <move id="190" source="H4" target="H3"/>
  <move id="191" source="G3" target="G4"/>
  <move id="192" source="H3" target="I3"/>
  <move id="193" source="K6" target="K7"/>
  <move id="194" source="I3" target="I2"/>
  <move id="195" source="K7" target="K8"/>
  <move id="196" source="I9" target="I8"/>
  <move id="197" source="K8" target="I8"/>
  <move id="198" source="K:" target="K1"/>
  <move id="199" source="G4" target="F4"/>
  <move id="200" source="G8" target="F8"/>
  <move id="201" source="H7" target="G7"/>
  <move id="202" source="F8" target="E8"/>
  <move id="203" source="G7" target="F7"/>
  <move id="204" source="E8" target="E9"/>
  <move id="205" source="A7" target="A4"/>
  <move id="206" source="G9" target="F9"/>
  <move id="207" source="A4" target="E4"/>
  <move id="208" source="G:" target="G9"/>
  <move id="209" source="E4" target="E7"/>
  <move id="210" source="G9" target="G8"/>
  <move id="211" source="E7" target="E8"/>
  <move id="212" source="D9" target="D8"/>
  <move id="213" source="E8" target="E9"/>
  <move id="214" source="D8" target="E8"/>
  <move id="215" source="D3" target="D4"/>
  <move id="216" source="A8" target="A7"/>
  <move id="217" source="D4" target="D3"/>
  <move id="218" source="A7" target="A6"/>
  <move id="219" source="F4" target="E4"/>
  <move id="220" source="A6" target="A5"/>
  <move id="221" source="E4" target="D4"/>
  <move id="222" source="A5" target="B5"/>
  <move id="223" source="D4" target="C4"/>
  <move id="224" source="B5" target="A5"/>
  <move id="225" source="C4" target="B4"/>
  <move id="226" source="G8" target="H8"/>
  <move id="227" source="B4" target="A4"/>
  <move id="228" source="A5" target="B5"/>
  <move id="229" source="A4" target="A5"/>
  <move id="230" source="B5" target="B6"/>
  <move id="231" source="A5" target="A6"/>
  <move id="232" source="B6" target="B5"/>
  <move id="233" source="D3" target="D4"/>
  <move id="234" source="H8" target="H7"/>
  <move id="235" source="C3" target="C4"/>
  <move id="236" source="H7" target="I7"/>
  <move id="237" source="C4" target="B4"/>
  <move id="238" source="B5" target="A5"/>
  <move id="239" source="A6" target="A5"/>
  <move id="240" source="I7" target="I6"/>
  <move id="241" source="B4" target="C4"/>
  <move id="242" source="I6" target="I5"/>
  <move id="243" source="F7" target="F6"/>
  <move id="244" source="I5" target="I4"/>
  <move id="245" source="F6" target="F5"/>
  <move id="246" source="I4" target="I3"/>
  <move id="247" source="F5" target="F4"/>
  <move id="248" source="I3" target="K3"/>
  <move id="249" source="F4" target="F3"/>
  <move id="250" source="K3" target="K2"/>
  <move id="251" source="F3" target="G3"/>
  <move id="252" source="K2" target="K1"/>
  <move id="253" source="G3" target="H3"/>
  <move id="254" source="I2" target="I1"/>
  <move id="255" source="C4" target="C3"/>
  <move id="256" source="I1" target="H1"/>
  <move id="257" source="H3" target="I3"/>
  <move id="258" source="K1" target="I1"/>
  <move id="259" source="I3" target="I2"/>
  <move id="260" source="I1" target="H1"/>
  <move id="261" source="C3" target="D3"/>
  <move id="262" source="H1" target="G1"/>
  <move id="263" source="D3" target="E3"/>
  <move id="264" source="E8" target="E7"/>
  <move id="265" source="I2" target="I3"/>
  <move id="266" source="E7" target="E6"/>
  <move id="267" source="I3" target="I4"/>
  <move id="268" source="E6" target="E5"/>
  <move id="269" source="I4" target="H4"/>
  <move id="270" source="E5" target="F5"/>
  <move id="271" source="E3" target="F3"/>
  <move id="272" source="E9" target="E8"/>
  <move id="273" source="F3" target="F4"/>
  <move id="274" source="E8" target="E7"/>
  <move id="275" source="F4" target="F5"/>
  <move id="276" source="E7" target="E6"/>
  <move id="277" source="H4" target="G4"/>
  <move id="278" source="E6" target="F6"/>
  <move id="279" source="F5" target="E5"/>
  <move id="280" source="F6" target="F5"/>
  <move id="281" source="E5" target="E6"/>
  <move id="282" source="F9" target="F8"/>
  <move id="283" source="E6" target="E7"/>
  <move id="284" source="F5" target="F6"/>
  <move id="285" source="A5" target="B5"/>
  <move id="286" source="F8" target="G8"/>
  <move id="287" source="H2" target="H3"/>
  <move id="288" source="G8" target="H8"/>
  <move id="289" source="H3" target="H4"/>
  <move id="290" source="H8" target="I8"/>
  <move id="291" source="H4" target="I4"/>
  <move id="292" source="I8" target="K8"/>
  <move id="293" source="I4" target="K4"/>
  <move id="294" source="E:" target="E9"/>
  <move id="295" source="E7" target="E8"/>
  <move id="296" source="E9" target="F9"/>
  <move id="297" source="E8" target="F8"/>
  <move id="298" source="F9" target="G9"/>
  <move id="299" source="F8" target="G8"/>
  <move id="300" source="G9" target="F9"/>
  <move id="301" source="K4" target="K5"/>
  <move id="302" source="F6" target="F7"/>
  <move id="303" source="K5" target="K6"/>
  <move id="304" source="F9" target="E9"/>
  <move id="305" source="K6" target="K7"/>
  <move id="306" source="K8" target="K9"/>
  <move id="307" source="K7" target="K8"/>
  <move id="308" source="K9" target="I9"/>
  <move id="309" source="K8" target="I8"/>
  <move id="310" source="I9" target="H9"/>
  <move id="311" source="I8" target="I9"/>
  <move id="312" source="E9" target="E8"/>
  <move id="313" source="I9" target="H9"/>
  <move id="314" source="E8" target="E7"/>
  <move id="315" source="G4" target="F4"/>
  <move id="316" source="F7" target="F6"/>
  <move id="317" source="B5" target="B4"/>
  <move id="318" source="F6" target="F5"/>
  <move id="319" source="B4" target="C4"/>
  <move id="320" source="E7" target="E6"/>
  <move id="321" source="D4" target="E4"/>
  <move id="322" source="F5" target="F4"/>
  <move id="323" source="E4" target="E5"/>
  <move id="324" source="E6" target="E5"/>
  <move id="325" source="C4" target="D4"/>
  <move id="326" source="E5" target="F5"/>
  <move id="327" source="D4" target="E4"/>
  <move id="328" source="B8" target="A8"/>
  <move id="329" source="G8" target="F8"/>
  <move id="330" source="A8" target="A7"/>
  <move id="331" source="F8" target="F7"/>
  <move id="332" source="A7" target="A6"/>
  <move id="333" source="F7" target="F6"/>
  <move id="334" source="F5" target="F4"/>
  <move id="335" source="E4" target="F4"/>
  <move id="336" source="A6" target="A5"/>
  <move id="337" source="F4" target="E4"/>
  <move id="338" source="A5" target="A4"/>
  <move id="339" source="E4" target="D4"/>
  <move id="340" source="A4" target="B4"/>
  <move id="341" source="D4" target="C4"/>
  <move id="342" source="B4" target="A4"/>
  <move id="343" source="C4" target="B4"/>
  <move id="344" source="A4" target="A3"/>
  <move id="345" source="B4" target="A4"/>
  <move id="346" source="A3" target="A2"/>
  <move id="347" source="A4" target="B4"/>
  <move id="348" source="A9" target="A1"/>
  <move id="349" source="B4" target="B5"/>
  <player id="1">Player 1</player>
  <player id="2">Player 2</player>
  <result type="3" winner="1"/>
 </game>
</stratego>