<?xml version="1.0" encoding="UTF-8"?>
<stratego>
 <game type="classic">
  
  <field content="EMBEFBEDFDHDHFBFBGDHLJCBDDHBDEIGEJGIDKIGAA__AA__AAAA__AA__AARSQNPPNQSNTUWTSTPPUSRTPXPQRPVRQUOVNYNNPQ"/>
  <move id="1" source="F4" target="F5"/>
  <move id="2" source="A7" target="A6"/>
  <move id="3" source="F5" target="F6"/>
  <move id="4" source="B7" target="B6"/>
  <move id="5" source="I4" target="I5"/>
  <move id="6" source="B8" target="B7"/>
  <move id="7" source="A4" target="A5"/>
  <move id="8" source="A8" target="A7"/>
  <move id="9" source="I5" target="I6"/>
  <move id="10" source="F7" target="F6"/>
  <move id="11" source="B4" target="B5"/>
  <move id="12" source="A6" target="A5"/>
  <move id="13" source="K4" target="K5"/>
  <move id="14" source="A7" target="A8"/>
  <move id="15" source="K5" target="K6"/>
  <move id="16" source="B7" target="A7"/>
  <move id="17" source="A3" target="A4"/>
  <move id="18" source="B6" target="B7"/>
  <move id="19" source="B5" target="B4"/>
  <move id="20" source="A7" target="A6"/>
  <move id="21" source="A5" target="B5"/>
  <move id="22" source="A6" target="B6"/>
  <move id="23" source="B5" target="A5"/>
  <move id="24" source="B6" target="A6"/>
  <move id="25" source="B4" target="B5"/>
  <move id="26" source="A6" target="A5"/>
  <move id="27" source="C4" target="B4"/>
  <move id="28" source="C8" target="B8"/>
  <move id="29" source="B5" target="A5"/>
  <move id="30" source="C9" target="C8"/>
  <move id="31" source="A5" target="A6"/>
  <move id="32" source="E7" target="E4"/>
  <move id="33" source="G4" target="F4"/>
  <move id="34" source="E8" target="E7"/>
  <move id="35" source="F4" target="F5"/>
  <move id="36" source="E9" target="E8"/>
  <move id="37" source="F5" target="E5"/>
  <move id="38" source="I7" target="I6"/>
  <move id="39" source="I6" target="I5"/>
  <move id="40" source="I8" target="I7"/>
  <move id="41" source="K6" target="I6"/>
  <move id="42" source="I7" target="I8"/>
  <move id="43" source="E5" target="E6"/>
  <move id="44" source="H7" target="I7"/>
  <move id="45" source="I3" target="I4"/>
  <move id="46" source="B7" target="B6"/>
  <move id="47" source="A6" target="A7"/>
  <move id="48" source="A8" target="A7"/>
  <move id="49" source="B4" target="B5"/>
  <move id="50" source="B6" target="B7"/>
  <move id="51" source="B5" target="B6"/>
  <move id="52" source="A7" target="A8"/>
  <move id="53" source="B6" target="A6"/>
  <move id="54" source="I7" target="I6"/>
  <move id="55" source="I6" target="K6"/>
  <move id="56" source="H8" target="H7"/>
  <move id="57" source="K6" target="K7"/>
  <move id="58" source="H7" target="I7"/>
  <move id="59" source="I5" target="K5"/>
  <move id="60" source="I7" target="I4"/>
  <move id="61" source="K3" target="K4"/>
  <move id="62" source="H9" target="H8"/>
  <move id="63" source="K4" target="I4"/>
  <move id="64" source="H8" target="H7"/>
  <move id="65" source="I4" target="I5"/>
  <move id="66" source="I8" target="I7"/>
  <move id="67" source="K5" target="K6"/>
  <move id="68" source="I9" target="I8"/>
  <move id="69" source="K6" target="I6"/>
  <move id="70" source="I8" target="H8"/>
  <move id="71" source="I5" target="K5"/>
  <move id="72" source="G9" target="H9"/>
  <move id="73" source="K5" target="K6"/>
  <move id="74" source="G8" target="G9"/>
  <move id="75" source="D4" target="C4"/>
  <move id="76" source="H8" target="G8"/>
  <move id="77" source="C4" target="B4"/>
  <move id="78" source="E8" target="E9"/>
  <move id="79" source="B4" target="B5"/>
  <move id="80" source="F8" target="E8"/>
  <move id="81" source="B5" target="B6"/>
  <move id="82" source="G8" target="F8"/>
  <move id="83" source="F6" target="F5"/>
  <move id="84" source="E7" target="E6"/>
  <move id="85" source="E4" target="E5"/>
  <move id="86" source="E6" target="E7"/>
  <move id="87" source="E5" target="E6"/>
  <move id="88" source="E7" target="F7"/>
  <move id="89" source="F5" target="F6"/>
  <move id="90" source="E8" target="E7"/>
  <move id="91" source="E6" target="E7"/>
  <move id="92" source="E7" target="E8"/>
  <move id="93" source="F6" target="F7"/>
  <move id="94" source="F8" target="F7"/>
  <move id="95" source="F3" target="F4"/>
  <move id="96" source="F7" target="F8"/>
  <move id="97" source="F4" target="F5"/>
  <move id="98" source="F8" target="G8"/>
  <move id="99" source="F5" target="F6"/>
  <move id="100" source="F9" target="F8"/>
  <move id="101" source="F6" target="F7"/>
  <move id="102" source="G9" target="F9"/>
  <move id="103" source="F7" target="E7"/>
  <move id="104" source="F9" target="G9"/>
  <move id="105" source="H4" target="G4"/>
  <move id="106" source="E9" target="F9"/>
  <move id="107" source="G4" target="F4"/>
  <move id="108" source="D9" target="E9"/>
  <move id="109" source="F4" target="F5"/>
  <move id="110" source="F8" target="F7"/>
  <move id="111" source="E7" target="D7"/>
  <move id="112" source="E8" target="E7"/>
  <move id="113" source="F5" target="F6"/>
  <move id="114" source="F7" target="F8"/>
  <move id="115" source="F6" target="F7"/>
  <move id="116" source="E9" target="E8"/>
  <move id="117" source="G3" target="G4"/>
  <move id="118" source="F8" target="F7"/>
  <move id="119" source="G4" target="F4"/>
  <move id="120" source="E7" target="E6"/>
  <move id="121" source="F4" target="E4"/>
  <move id="122" source="G8" target="H8"/>
  <move id="123" source="E4" target="E5"/>
  <move id="124" source="E6" target="E7"/>
  <move id="125" source="E5" target="E6"/>
  <move id="126" source="I7" target="I8"/>
  <move id="127" source="E6" target="E7"/>
  <move id="128" source="F9" target="E9"/>
  <move id="129" source="E3" target="E8"/>
  <move id="130" source="E8" target="F8"/>
  <move id="131" source="F7" target="E7"/>
  <move id="132" source="H7" target="I7"/>
  <move id="133" source="I6" target="I5"/>
  <move id="134" source="I7" target="I6"/>
  <move id="135" source="I5" target="I4"/>
  <move id="136" source="I6" target="K6"/>
  <move id="137" source="K6" target="K7"/>
  <move id="138" source="K8" target="K7"/>
  <move id="139" source="I4" target="H4"/>
  <move id="140" source="K7" target="K8"/>
  <move id="141" source="K2" target="K3"/>
  <move id="142" source="H8" target="G8"/>
  <move id="143" source="K3" target="K4"/>
  <move id="144" source="I8" target="H8"/>
  <move id="145" source="K4" target="K5"/>
  <move id="146" source="I:" target="I9"/>
  <move id="147" source="K5" target="K6"/>
  <move id="148" source="H8" target="I8"/>
  <move id="149" source="K6" target="K7"/>
  <move id="150" source="H9" target="H8"/>
  <move id="151" source="K7" target="K8"/>
  <move id="152" source="I8" target="K8"/>
  <move id="153" source="H4" target="I4"/>
  <move id="154" source="H8" target="H7"/>
  <move id="155" source="I4" target="I5"/>
  <move id="156" source="G8" target="H8"/>
  <move id="157" source="I5" target="I6"/>
  <move id="158" source="H8" target="I8"/>
  <move id="159" source="I6" target="I5"/>
  <move id="160" source="I8" target="I7"/>
  <move id="161" source="I5" target="I4"/>
  <move id="162" source="I7" target="I8"/>
  <move id="163" source="I4" target="H4"/>
  <move id="164" source="F8" target="E8"/>
  <move id="165" source="E7" target="F7"/>
  <move id="166" source="E8" target="F8"/>
  <move id="167" source="F7" target="E7"/>
  <move id="168" source="B7" target="A7"/>
  <move id="169" source="I2" target="I8"/>
  <move id="170" source="C7" target="B7"/>
  <move id="171" source="B6" target="B5"/>
  <move id="172" source="A7" target="A6"/>
  <move id="173" source="B5" target="A5"/>
  <move id="174" source="A6" target="A7"/>
  <move id="175" source="A5" target="A6"/>
  <move id="176" source="C8" target="C7"/>
  <move id="177" source="E7" target="E6"/>
  <move id="178" source="F8" target="F7"/>
  <move id="179" source="E6" target="E5"/>
  <move id="180" source="F7" target="F6"/>
  <move id="181" source="E5" target="E4"/>
  <move id="182" source="F6" target="F5"/>
  <move id="183" source="E4" target="D4"/>
  <move id="184" source="A7" target="A6"/>
  <move id="185" source="D4" target="C4"/>
  <move id="186" source="B7" target="B6"/>
  <move id="187" source="A6" target="A5"/>
  <move id="188" source="B8" target="B7"/>
  <move id="189" source="C4" target="B4"/>
  <move id="190" source="B7" target="A7"/>
  <move id="191" source="B4" target="B5"/>
  <move id="192" source="A7" target="A6"/>
  <move id="193" source="B5" target="B6"/>
  <move id="194" source="A6" target="B6"/>
  <move id="195" source="A5" target="A6"/>
  <move id="196" source="C7" target="B7"/>
  <move id="197" source="A6" target="A7"/>
  <move id="198" source="B7" target="B5"/>
  <move id="199" source="A7" target="A8"/>
  <move id="200" source="B5" target="A5"/>
  <move id="201" source="A4" target="B4"/>
  <move id="202" source="A5" target="A4"/>
  <move id="203" source="B4" target="C4"/>
  <move id="204" source="A4" target="C4"/>
  <move id="205" source="C4" target="D4"/>
  <move id="206" source="F5" target="F4"/>
  <move id="207" source="D4" target="E4"/>
  <move id="208" source="F4" target="G4"/>
  <move id="209" source="H4" target="I4"/>
  <move id="210" source="I8" target="I7"/>
  <move id="211" source="E4" target="E5"/>
  <move id="212" source="I7" target="I6"/>
  <move id="213" source="E5" target="E6"/>
  <move id="214" source="I6" target="I5"/>
  <move id="215" source="E6" target="E7"/>
  <move id="216" source="I5" target="I4"/>
  <move id="217" source="A8" target="B8"/>
  <move id="218" source="I4" target="I5"/>
  <move id="219" source="B8" target="C8"/>
  <move id="220" source="D8" target="E8"/>
  <move id="221" source="E7" target="E8"/>
  <move id="222" source="I5" target="K5"/>
  <move id="223" source="E8" target="E7"/>
  <move id="224" source="I9" target="I3"/>
  <move id="225" source="C8" target="D8"/>
  <move id="226" source="I3" target="H3"/>
  <move id="227" source="D8" target="E8"/>
  <move id="228" source="G4" target="H4"/>
  <move id="229" source="E8" target="F8"/>
  <move id="230" source="K8" target="K7"/>
  <move id="231" source="F8" target="G8"/>
  <move id="232" source="H4" target="I4"/>
  <move id="233" source="G8" target="H8"/>
  <move id="234" source="K5" target="K4"/>
  <move id="235" source="H8" target="H7"/>
  <move id="236" source="I4" target="I5"/>
  <move id="237" source="F2" target="F3"/>
  <move id="238" source="I5" target="I6"/>
  <move id="239" source="H7" target="H8"/>
  <move id="240" source="I6" target="I7"/>
  <move id="241" source="H8" target="G8"/>
  <move id="242" source="I7" target="H7"/>
  <move id="243" source="G8" target="F8"/>
  <move id="244" source="H7" target="H8"/>
  <move id="245" source="F8" target="E8"/>
  <move id="246" source="H8" target="G8"/>
  <move id="247" source="E8" target="D8"/>
  <move id="248" source="E9" target="F9"/>
  <move id="249" source="E7" target="E8"/>
  <move id="250" source="F9" target="F3"/>
  <move id="251" source="E8" target="F8"/>
  <move id="252" source="G8" target="H8"/>
  <move id="253" source="F3" target="F4"/>
  <move id="254" source="D:" target="D9"/>
  <move id="255" source="D8" target="D9"/>
  <move id="256" source="K4" target="I4"/>
  <move id="257" source="F4" target="F5"/>
  <move id="258" source="I4" target="H4"/>
  <move id="259" source="F5" target="F6"/>
  <move id="260" source="H4" target="G4"/>
  <move id="261" source="F6" target="F7"/>
  <move id="262" source="G4" target="F4"/>
  <move id="263" source="F7" target="E7"/>
  <move id="264" source="F4" target="E4"/>
  <move id="265" source="E7" target="E8"/>
  <move id="266" source="E4" target="E5"/>
  <move id="267" source="E8" target="E9"/>
  <move id="268" source="E5" target="E6"/>
  <move id="269" source="F8" target="E8"/>
  <move id="270" source="E6" target="F6"/>
  <move id="271" source="B3" target="B4"/>
  <move id="272" source="A9" target="A8"/>
  <move id="273" source="B4" target="B5"/>
  <move id="274" source="A8" target="B8"/>
  <move id="275" source="B5" target="B6"/>
  <move id="276" source="B8" target="C8"/>
  <move id="277" source="B6" target="B7"/>
  <move id="278" source="C8" target="C9"/>
  <move id="279" source="B7" target="B8"/>
  <move id="280" source="C9" target="D9"/>
  <move id="281" source="B8" target="C8"/>
  <move id="282" source="D9" target="E9"/>
  <move id="283" source="B2" target="B9"/>
  <move id="284" source="F6" target="F5"/>
  <move id="285" source="C8" target="B8"/>
  <move id="286" source="B9" target="C9"/>
  <move id="287" source="E8" target="D8"/>
  <move id="288" source="F5" target="E5"/>
  <move id="289" source="B8" target="B9"/>
  <move id="290" source="C9" target="D9"/>
  <move id="291" source="D8" target="D9"/>
  <move id="292" source="E5" target="E4"/>
  <move id="293" source="C3" target="C4"/>
  <move id="294" source="E4" target="E3"/>
  <move id="295" source="C4" target="B4"/>
  <move id="296" source="E3" target="F3"/>
  <move id="297" source="B4" target="B5"/>
  <move id="298" source="F3" target="F2"/>
  <move id="299" source="B5" target="B6"/>
  <move id="300" source="F2" target="G2"/>
  <move id="301" source="K1" target="K4"/>
  <move id="302" source="G9" target="F9"/>
  <move id="303" source="K4" target="A4"/>
  <move id="304" source="F9" target="E9"/>
  <move id="305" source="D9" target="D8"/>
  <move id="306" source="H8" target="G8"/>
  <move id="307" source="A4" target="A:"/>
  <move id="308" source="G8" target="F8"/>
  <move id="309" source="B9" target="A9"/>
  <move id="310" source="C:" target="C9"/>
  <move id="311" source="A9" target="A:"/>
  <move id="312" source="C9" target="D9"/>
  <move id="313" source="D8" target="C8"/>
  <move id="314" source="F8" target="E8"/>
  <move id="315" source="A:" target="A9"/>
  <move id="316" source="E9" target="F9"/>
  <move id="317" source="A9" target="B9"/>
  <move id="318" source="F9" target="F8"/>
  <move id="319" source="B9" target="C9"/>
  <move id="320" source="D9" target="E9"/>
  <move id="321" source="C9" target="D9"/>
  <move id="322" source="E9" target="F9"/>
  <move id="323" source="C8" target="D8"/>
  <move id="324" source="E8" target="E9"/>
  <move id="325" source="D9" target="C9"/>
  <move id="326" source="F8" target="F7"/>
  <move id="327" source="C9" target="C8"/>
  <move id="328" source="F9" target="F8"/>
  <move id="329" source="C8" target="B8"/>
  <move id="330" source="F7" target="E7"/>
  <move id="331" source="B8" target="A8"/>
  <move id="332" source="F8" target="E8"/>
  <move id="333" source="D8" target="C8"/>
  <move id="334" source="E9" target="F9"/>
  <move id="335" source="A8" target="A7"/>
  <move id="336" source="K:" target="I:"/>
  <move id="337" source="A7" target="A6"/>
  <move id="338" source="I:" target="I9"/>
  <move id="339" source="A6" target="A5"/>
  <move id="340" source="I9" target="I8"/>
  <move id="341" source="A5" target="B5"/>
  <move id="342" source="I8" target="I7"/>
  <move id="343" source="B5" target="B4"/>
  <move id="344" source="I7" target="I6"/>
  <move id="345" source="B6" target="B7"/>
  <move id="346" source="I6" target="I5"/>
  <move id="347" source="B7" target="B8"/>
  <move id="348" source="I5" target="I4"/>
  <move id="349" source="B8" target="B9"/>
  <move id="350" source="I4" target="I3"/>
  <move id="351" source="B9" target="C9"/>
  <move id="352" source="F9" target="E9"/>
  <move id="353" source="C9" target="C:"/>
  <move id="354" source="I3" target="I2"/>
  <move id="355" source="C8" target="C9"/>
  <move id="356" source="I2" target="I1"/>
  <move id="357" source="C:" target="D:"/>
  <move id="358" source="K7" target="K6"/>
  <move id="359" source="B4" target="C4"/>
  <move id="360" source="K6" target="K5"/>
  <move id="361" source="C4" target="D4"/>
  <move id="362" source="K5" target="K4"/>
  <move id="363" source="D4" target="E4"/>
  <move id="364" source="K4" target="K3"/>
  <move id="365" source="E4" target="E5"/>
  <move id="366" source="K3" target="K2"/>
  <move id="367" source="E5" target="E6"/>
  <move id="368" source="E7" target="E6"/>
  <move id="369" source="E6" target="E7"/>
  <move id="370" source="E8" target="D8"/>
  <move id="371" source="D:" target="D9"/>
  <move id="372" source="E9" target="D9"/>
  <move id="373" source="C9" target="D9"/>
  <move id="374" source="K2" target="K1"/>
  <move id="375" source="H2" target="I2"/>
  <move id="376" source="K1" target="I1"/>
  <move id="377" source="I2" target="I3"/>
  <move id="378" source="I1" target="H1"/>
  <move id="379" source="I3" target="I4"/>
  <move id="380" source="H1" target="G1"/>
  <move id="381" source="I4" target="I5"/>
  <move id="382" source="G1" target="F1"/>
  <move id="383" source="I5" target="I6"/>
  <move id="384" source="B:" target="B9"/>
  <move id="385" source="I6" target="I7"/>
  <move id="386" source="B9" target="B8"/>
  <move id="387" source="E7" target="E8"/>
  <move id="388" source="B8" target="B7"/>
  <move id="389" source="E8" target="E9"/>
  <move id="390" source="B7" target="B6"/>
  <move id="391" source="I7" target="I8"/>
  <move id="392" source="B6" target="B5"/>
  <move id="393" source="I8" target="H8"/>
  <move id="394" source="B5" target="B4"/>
  <move id="395" source="H8" target="G8"/>
  <move id="396" source="B4" target="B3"/>
  <move id="397" source="E9" target="F9"/>
  <move id="398" source="B3" target="B2"/>
  <move id="399" source="F9" target="F:"/>
  <player id="1">Player 1</player>
  <player id="2">Player 2</player>
  <result type="1" winner="1"/>
 </game>
</stratego>