<?xml version="1.0" encoding="UTF-8"?>
<stratego>
 <game type="classic">
  
  <field content="DFBGBMBEBBHDBEIEEGIFDFJCKHFEJHHDDIGDDLGDAA__AA__AAAA__AA__AARTSPTPPTPSUPWSPVOUPVQNNUQTNXQQPSRQRNYNRN"/>
  <move id="1" source="B4" target="B5"/>
  <move id="2" source="A7" target="A6"/>
  <move id="3" source="B5" target="B6"/>
  <move id="4" source="A6" target="A5"/>
  <move id="5" source="B6" target="B7"/>
  <move id="6" source="A5" target="A4"/>
  <move id="7" source="A4" target="A5"/>
  <move id="8" source="A8" target="A7"/>
  <move id="9" source="A5" target="B5"/>
  <move id="10" source="A7" target="A6"/>
  <move id="11" source="A3" target="A6"/>
  <move id="12" source="B7" target="A7"/>
  <move id="13" source="C4" target="B4"/>
  <move id="14" source="A7" target="A8"/>
  <move id="15" source="B4" target="A4"/>
  <move id="16" source="A6" target="B6"/>
  <move id="17" source="B5" target="B4"/>
  <move id="18" source="B8" target="B7"/>
  <move id="19" source="B4" target="C4"/>
  <move id="20" source="B6" target="B5"/>
  <move id="21" source="B3" target="A3"/>
  <move id="22" source="B7" target="A7"/>
  <move id="23" source="C3" target="B3"/>
  <move id="24" source="A7" target="A4"/>
  <move id="25" source="B3" target="B4"/>
  <move id="26" source="B5" target="B6"/>
  <move id="27" source="B4" target="B5"/>
  <move id="28" source="B6" target="B7"/>
  <move id="29" source="B5" target="B6"/>
  <move id="30" source="B7" target="B8"/>
  <move id="31" source="B6" target="B7"/>
  <move id="32" source="E7" target="E6"/>
  <move id="33" source="E4" target="E5"/>
  <move id="34" source="F7" target="F6"/>
  <move id="35" source="E5" target="F5"/>
  <move id="36" source="F6" target="F7"/>
  <move id="37" source="F5" target="F6"/>
  <move id="38" source="E6" target="F6"/>
  <move id="39" source="D4" target="E4"/>
  <move id="40" source="F6" target="F5"/>
  <move id="41" source="I4" target="I5"/>
  <move id="42" source="I7" target="I6"/>
  <move id="43" source="F4" target="F5"/>
  <move id="44" source="E8" target="E4"/>
  <move id="45" source="G4" target="F4"/>
  <move id="46" source="F5" target="F6"/>
  <move id="47" source="E4" target="E5"/>
  <move id="48" source="F7" target="E7"/>
  <move id="49" source="F4" target="F5"/>
  <move id="50" source="F6" target="F7"/>
  <move id="51" source="F5" target="F6"/>
  <move id="52" source="E7" target="E8"/>
  <move id="53" source="I5" target="I6"/>
  <move id="54" source="D7" target="E7"/>
  <move id="55" source="E5" target="E4"/>
  <move id="56" source="E7" target="E6"/>
  <move id="57" source="F6" target="F5"/>
  <move id="58" source="E6" target="E5"/>
  <move id="59" source="F5" target="F4"/>
  <move id="60" source="E5" target="F5"/>
  <move id="61" source="E4" target="D4"/>
  <move id="62" source="E8" target="E3"/>
  <move id="63" source="F4" target="F5"/>
  <move id="64" source="C7" target="D7"/>
  <move id="65" source="E3" target="E4"/>
  <move id="66" source="D7" target="E7"/>
  <move id="67" source="G3" target="G4"/>
  <move id="68" source="E7" target="E6"/>
  <move id="69" source="G4" target="F4"/>
  <move id="70" source="F8" target="E8"/>
  <move id="71" source="F4" target="F5"/>
  <move id="72" source="F7" target="F8"/>
  <move id="73" source="F5" target="E5"/>
  <move id="74" source="E8" target="E7"/>
  <move id="75" source="E5" target="E6"/>
  <move id="76" source="E7" target="D7"/>
  <move id="77" source="F3" target="F4"/>
  <move id="78" source="D7" target="C7"/>
  <move id="79" source="B7" target="B8"/>
  <move id="80" source="C8" target="B8"/>
  <move id="81" source="F4" target="F5"/>
  <move id="82" source="C7" target="D7"/>
  <move id="83" source="F5" target="F6"/>
  <move id="84" source="E6" target="E7"/>
  <move id="85" source="F6" target="E6"/>
  <move id="86" source="E7" target="E8"/>
  <move id="87" source="E6" target="E7"/>
  <move id="88" source="D7" target="E7"/>
  <move id="89" source="H3" target="G3"/>
  <move id="90" source="E7" target="D7"/>
  <move id="91" source="E4" target="E5"/>
  <move id="92" source="D7" target="C7"/>
  <move id="93" source="E5" target="E6"/>
  <move id="94" source="G7" target="F7"/>
  <move id="95" source="I6" target="K6"/>
  <move id="96" source="K7" target="I7"/>
  <move id="97" source="I3" target="I4"/>
  <move id="98" source="B8" target="C8"/>
  <move id="99" source="I4" target="I5"/>
  <move id="100" source="C7" target="B7"/>
  <move id="101" source="I5" target="I6"/>
  <move id="102" source="I7" target="K7"/>
  <move id="103" source="I6" target="I7"/>
  <move id="104" source="K7" target="K6"/>
  <move id="105" source="K4" target="K8"/>
  <move id="106" source="I8" target="I7"/>
  <move id="107" source="I7" target="H7"/>
  <move id="108" source="C8" target="C7"/>
  <move id="109" source="H7" target="I7"/>
  <move id="110" source="C7" target="D7"/>
  <move id="111" source="I7" target="K7"/>
  <move id="112" source="D7" target="E7"/>
  <move id="113" source="K7" target="K8"/>
  <move id="114" source="E7" target="E6"/>
  <move id="115" source="G3" target="G4"/>
  <move id="116" source="F7" target="F6"/>
  <move id="117" source="G4" target="G3"/>
  <move id="118" source="F8" target="F7"/>
  <move id="119" source="G3" target="H3"/>
  <move id="120" source="F7" target="G7"/>
  <move id="121" source="H3" target="I3"/>
  <move id="122" source="G7" target="H7"/>
  <move id="123" source="I3" target="I4"/>
  <move id="124" source="H7" target="I7"/>
  <move id="125" source="I4" target="I5"/>
  <move id="126" source="I7" target="I8"/>
  <move id="127" source="I5" target="K5"/>
  <move id="128" source="H8" target="H7"/>
  <move id="129" source="H4" target="I4"/>
  <move id="130" source="H7" target="G7"/>
  <move id="131" source="I4" target="I5"/>
  <move id="132" source="G7" target="F7"/>
  <move id="133" source="I5" target="I6"/>
  <move id="134" source="F7" target="E7"/>
  <move id="135" source="I6" target="I7"/>
  <move id="136" source="I8" target="H8"/>
  <move id="137" source="I7" target="I8"/>
  <move id="138" source="F6" target="F7"/>
  <move id="139" source="K5" target="K6"/>
  <move id="140" source="F7" target="G7"/>
  <move id="141" source="K6" target="K7"/>
  <move id="142" source="G7" target="H7"/>
  <move id="143" source="K7" target="K8"/>
  <move id="144" source="E7" target="D7"/>
  <move id="145" source="K8" target="K9"/>
  <move id="146" source="H7" target="I7"/>
  <move id="147" source="I8" target="K8"/>
  <move id="148" source="B7" target="B8"/>
  <move id="149" source="G2" target="G3"/>
  <move id="150" source="D7" target="C7"/>
  <move id="151" source="G3" target="G4"/>
  <move id="152" source="C7" target="B7"/>
  <move id="153" source="B2" target="B7"/>
  <move id="154" source="B7" target="B6"/>
  <move id="155" source="C4" target="C3"/>
  <move id="156" source="B6" target="B7"/>
  <move id="157" source="G4" target="F4"/>
  <move id="158" source="B8" target="C8"/>
  <move id="159" source="F4" target="E4"/>
  <move id="160" source="C8" target="C7"/>
  <move id="161" source="E4" target="E5"/>
  <move id="162" source="E8" target="F8"/>
  <move id="163" source="E5" target="E6"/>
  <move id="164" source="C7" target="D7"/>
  <move id="165" source="E6" target="F6"/>
  <move id="166" source="D7" target="E7"/>
  <move id="167" source="D4" target="C4"/>
  <move id="168" source="B7" target="B8"/>
  <move id="169" source="C4" target="B4"/>
  <move id="170" source="B8" target="C8"/>
  <move id="171" source="B4" target="B5"/>
  <move id="172" source="D8" target="D7"/>
  <move id="173" source="B5" target="B6"/>
  <move id="174" source="D7" target="C7"/>
  <move id="175" source="C3" target="C4"/>
  <move id="176" source="C8" target="D8"/>
  <move id="177" source="C4" target="D4"/>
  <move id="178" source="F8" target="F7"/>
  <move id="179" source="F6" target="F5"/>
  <move id="180" source="E7" target="E6"/>
  <move id="181" source="F5" target="F4"/>
  <move id="182" source="E6" target="E5"/>
  <move id="183" source="F4" target="G4"/>
  <move id="184" source="F7" target="F8"/>
  <move id="185" source="G4" target="H4"/>
  <move id="186" source="I7" target="H7"/>
  <move id="187" source="K8" target="K7"/>
  <move id="188" source="H7" target="G7"/>
  <move id="189" source="K7" target="K6"/>
  <move id="190" source="G7" target="F7"/>
  <move id="191" source="K6" target="I6"/>
  <move id="192" source="F7" target="F6"/>
  <move id="193" source="I6" target="I7"/>
  <move id="194" source="D8" target="E8"/>
  <move id="195" source="I7" target="H7"/>
  <move id="196" source="F6" target="F7"/>
  <move id="197" source="H4" target="H3"/>
  <move id="198" source="C7" target="B7"/>
  <move id="199" source="B6" target="B7"/>
  <move id="200" source="F7" target="E7"/>
  <move id="201" source="H7" target="G7"/>
  <move id="202" source="G8" target="G7"/>
  <move id="203" source="B7" target="B8"/>
  <move id="204" source="A8" target="A7"/>
  <move id="205" source="B8" target="B9"/>
  <move id="206" source="E5" target="E4"/>
  <player id="1">Player 1</player>
  <player id="2">Player 2</player>
  <result type="3" winner="2"/>
 </game>
</stratego>