<?xml version="1.0" encoding="UTF-8"?>
<stratego>
 <game type="classic">
  
  <field content="DDGEEEHHBMDDGHFCHIEBFDLJIDKBBFFDEJBGIDGBAA__AA__AAAA__AA__AATPQUSTQUPRPTRRPQSPPUSNVOPVXQWNNSTNQPNRNY"/>
  <move id="1" source="F4" target="F5"/>
  <move id="2" source="I7" target="I6"/>
  <move id="3" source="I4" target="I5"/>
  <move id="4" source="H7" target="I7"/>
  <move id="5" source="H4" target="I4"/>
  <move id="6" source="K7" target="K6"/>
  <move id="7" source="F3" target="F4"/>
  <move id="8" source="E7" target="E6"/>
  <move id="9" source="F5" target="E5"/>
  <move id="10" source="D7" target="E7"/>
  <move id="11" source="F4" target="F5"/>
  <move id="12" source="A7" target="A6"/>
  <move id="13" source="E3" target="F3"/>
  <move id="14" source="A6" target="A5"/>
  <move id="15" source="F3" target="F4"/>
  <move id="16" source="B7" target="B4"/>
  <move id="17" source="B3" target="B8"/>
  <move id="18" source="C7" target="B7"/>
  <move id="19" source="C4" target="B4"/>
  <move id="20" source="B7" target="A7"/>
  <move id="21" source="C3" target="B3"/>
  <move id="22" source="A5" target="A6"/>
  <move id="23" source="B4" target="B5"/>
  <move id="24" source="E6" target="E5"/>
  <move id="25" source="I5" target="K5"/>
  <move id="26" source="K6" target="K7"/>
  <move id="27" source="I4" target="I5"/>
  <move id="28" source="A7" target="B7"/>
  <move id="29" source="G4" target="H4"/>
  <move id="30" source="B7" target="C7"/>
  <move id="31" source="D4" target="C4"/>
  <move id="32" source="C7" target="D7"/>
  <move id="33" source="H4" target="I4"/>
  <move id="34" source="E7" target="E6"/>
  <move id="35" source="E2" target="E3"/>
  <move id="36" source="E6" target="F6"/>
  <move id="37" source="E3" target="F3"/>
  <move id="38" source="D7" target="E7"/>
  <move id="39" source="F5" target="E5"/>
  <move id="40" source="F6" target="E6"/>
  <move id="41" source="F4" target="F5"/>
  <move id="42" source="A6" target="A7"/>
  <move id="43" source="C4" target="B4"/>
  <move id="44" source="A7" target="A6"/>
  <move id="45" source="F5" target="F4"/>
  <move id="46" source="E6" target="E5"/>
  <move id="47" source="F4" target="G4"/>
  <move id="48" source="E7" target="D7"/>
  <move id="49" source="F3" target="F4"/>
  <move id="50" source="E5" target="E6"/>
  <move id="51" source="F4" target="F5"/>
  <move id="52" source="E6" target="E7"/>
  <move id="53" source="G4" target="F4"/>
  <move id="54" source="D7" target="C7"/>
  <move id="55" source="F5" target="E5"/>
  <move id="56" source="E7" target="D7"/>
  <move id="57" source="G3" target="G4"/>
  <move id="58" source="C7" target="B7"/>
  <move id="59" source="F4" target="F5"/>
  <move id="60" source="B7" target="B6"/>
  <move id="61" source="G4" target="F4"/>
  <move id="62" source="D7" target="C7"/>
  <move id="63" source="D3" target="E3"/>
  <move id="64" source="C7" target="B7"/>
  <move id="65" source="E3" target="E2"/>
  <move id="66" source="B7" target="A7"/>
  <move id="67" source="A4" target="A5"/>
  <move id="68" source="B6" target="B7"/>
  <move id="69" source="B4" target="A4"/>
  <move id="70" source="B7" target="C7"/>
  <move id="71" source="B3" target="B4"/>
  <move id="72" source="C7" target="D7"/>
  <move id="73" source="B5" target="B6"/>
  <move id="74" source="A6" target="A5"/>
  <move id="75" source="B4" target="B5"/>
  <move id="76" source="A5" target="B5"/>
  <move id="77" source="B6" target="B7"/>
  <move id="78" source="A7" target="B7"/>
  <move id="79" source="B5" target="B6"/>
  <move id="80" source="B7" target="C7"/>
  <move id="81" source="B6" target="A6"/>
  <move id="82" source="F7" target="E7"/>
  <move id="83" source="A6" target="A7"/>
  <move id="84" source="G7" target="H7"/>
  <move id="85" source="A7" target="A8"/>
  <move id="86" source="G8" target="G7"/>
  <move id="87" source="A8" target="A7"/>
  <move id="88" source="G7" target="F7"/>
  <move id="89" source="F4" target="G4"/>
  <move id="90" source="F7" target="F6"/>
  <move id="91" source="F5" target="F4"/>
  <move id="92" source="F6" target="F5"/>
  <move id="93" source="F4" target="F3"/>
  <move id="94" source="G9" target="G8"/>
  <move id="95" source="A7" target="B7"/>
  <move id="96" source="G8" target="G7"/>
  <move id="97" source="B7" target="C7"/>
  <move id="98" source="G7" target="F7"/>
  <move id="99" source="C7" target="D7"/>
  <move id="100" source="E7" target="E6"/>
  <move id="101" source="E5" target="F5"/>
  <move id="102" source="E6" target="F6"/>
  <move id="103" source="D7" target="C7"/>
  <move id="104" source="F7" target="E7"/>
  <move id="105" source="C7" target="B7"/>
  <move id="106" source="E7" target="E6"/>
  <move id="107" source="F3" target="F4"/>
  <move id="108" source="E6" target="E5"/>
  <move id="109" source="G4" target="G3"/>
  <move id="110" source="I6" target="K6"/>
  <move id="111" source="G3" target="F3"/>
  <move id="112" source="I7" target="I6"/>
  <move id="113" source="F4" target="G4"/>
  <move id="114" source="H7" target="G7"/>
  <move id="115" source="F3" target="F4"/>
  <move id="116" source="G7" target="G8"/>
  <move id="117" source="G4" target="G3"/>
  <move id="118" source="I8" target="I7"/>
  <move id="119" source="G3" target="F3"/>
  <move id="120" source="I7" target="H7"/>
  <move id="121" source="F3" target="E3"/>
  <move id="122" source="H7" target="G7"/>
  <move id="123" source="E3" target="D3"/>
  <move id="124" source="G7" target="F7"/>
  <move id="125" source="D3" target="D4"/>
  <move id="126" source="F7" target="E7"/>
  <move id="127" source="B7" target="B6"/>
  <move id="128" source="I9" target="I8"/>
  <move id="129" source="B6" target="B7"/>
  <move id="130" source="I8" target="I7"/>
  <move id="131" source="B7" target="B8"/>
  <move id="132" source="I6" target="I5"/>
  <move id="133" source="I4" target="I5"/>
  <move id="134" source="I7" target="I6"/>
  <move id="135" source="B8" target="B7"/>
  <move id="136" source="I6" target="I5"/>
  <move id="137" source="K5" target="K6"/>
  <move id="138" source="I5" target="I4"/>
  <move id="139" source="K6" target="K7"/>
  <move id="140" source="K8" target="K7"/>
  <move id="141" source="B7" target="B6"/>
  <move id="142" source="I4" target="H4"/>
  <move id="143" source="B6" target="B5"/>
  <move id="144" source="H4" target="G4"/>
  <move id="145" source="F4" target="F3"/>
  <move id="146" source="G4" target="G3"/>
  <move id="147" source="F3" target="G3"/>
  <move id="148" source="F5" target="F4"/>
  <move id="149" source="E2" target="E3"/>
  <move id="150" source="F4" target="F3"/>
  <move id="151" source="E3" target="F3"/>
  <move id="152" source="E5" target="F5"/>
  <move id="153" source="B2" target="B3"/>
  <move id="154" source="F5" target="F4"/>
  <move id="155" source="B3" target="C3"/>
  <move id="156" source="F6" target="F7"/>
  <move id="157" source="C3" target="C4"/>
  <move id="158" source="F7" target="G7"/>
  <move id="159" source="E1" target="E2"/>
  <move id="160" source="F8" target="F7"/>
  <move id="161" source="E2" target="E3"/>
  <move id="162" source="F7" target="F6"/>
  <move id="163" source="D4" target="D3"/>
  <move id="164" source="F6" target="F5"/>
  <move id="165" source="C4" target="D4"/>
  <move id="166" source="F5" target="E5"/>
  <move id="167" source="D3" target="C3"/>
  <move id="168" source="E5" target="E4"/>
  <move id="169" source="E3" target="E4"/>
  <move id="170" source="E7" target="E2"/>
  <move id="171" source="D2" target="E2"/>
  <move id="172" source="F4" target="G4"/>
  <move id="173" source="D4" target="G4"/>
  <move id="174" source="G4" target="H4"/>
  <move id="175" source="B5" target="B4"/>
  <move id="176" source="H8" target="I8"/>
  <move id="177" source="B4" target="C4"/>
  <move id="178" source="I8" target="I3"/>
  <move id="179" source="F3" target="F4"/>
  <move id="180" source="H4" target="H3"/>
  <move id="181" source="F2" target="F3"/>
  <move id="182" source="F9" target="F8"/>
  <move id="183" source="F4" target="F5"/>
  <move id="184" source="F8" target="F7"/>
  <move id="185" source="F5" target="F6"/>
  <move id="186" source="F7" target="F6"/>
  <move id="187" source="C4" target="D4"/>
  <move id="188" source="C8" target="B8"/>
  <move id="189" source="A4" target="A5"/>
  <move id="190" source="B8" target="B7"/>
  <move id="191" source="A5" target="A6"/>
  <move id="192" source="B7" target="B6"/>
  <move id="193" source="A6" target="B6"/>
  <move id="194" source="G8" target="H8"/>
  <move id="195" source="B6" target="B7"/>
  <move id="196" source="H8" target="H7"/>
  <move id="197" source="D4" target="E4"/>
  <move id="198" source="H7" target="I7"/>
  <move id="199" source="E4" target="F4"/>
  <move id="200" source="I7" target="I6"/>
  <move id="201" source="F4" target="F5"/>
  <move id="202" source="I6" target="I5"/>
  <move id="203" source="F3" target="F4"/>
  <move id="204" source="I5" target="I4"/>
  <move id="205" source="F4" target="G4"/>
  <move id="206" source="K7" target="K6"/>
  <move id="207" source="G4" target="H4"/>
  <move id="208" source="I4" target="K4"/>
  <move id="209" source="K3" target="K4"/>
  <move id="210" source="K6" target="K5"/>
  <move id="211" source="K4" target="K3"/>
  <move id="212" source="K5" target="K4"/>
  <move id="213" source="H4" target="I4"/>
  <move id="214" source="K4" target="K3"/>
  <move id="215" source="I4" target="K4"/>
  <move id="216" source="K3" target="K2"/>
  <move id="217" source="K4" target="K5"/>
  <move id="218" source="E8" target="K8"/>
  <move id="219" source="K5" target="K6"/>
  <move id="220" source="K8" target="K6"/>
  <move id="221" source="A3" target="A4"/>
  <move id="222" source="H9" target="H8"/>
  <move id="223" source="A4" target="A5"/>
  <move id="224" source="H8" target="H7"/>
  <move id="225" source="G2" target="G3"/>
  <move id="226" source="H7" target="I7"/>
  <move id="227" source="G3" target="G4"/>
  <move id="228" source="I7" target="I6"/>
  <move id="229" source="G4" target="H4"/>
  <move id="230" source="D8" target="D7"/>
  <move id="231" source="A2" target="A3"/>
  <move id="232" source="D7" target="E7"/>
  <move id="233" source="B7" target="C7"/>
  <move id="234" source="E7" target="E6"/>
  <move id="235" source="C7" target="D7"/>
  <move id="236" source="E9" target="F9"/>
  <move id="237" source="D7" target="E7"/>
  <move id="238" source="C9" target="C8"/>
  <move id="239" source="E7" target="E6"/>
  <move id="240" source="C8" target="C7"/>
  <move id="241" source="A5" target="A6"/>
  <move id="242" source="C7" target="B7"/>
  <move id="243" source="F5" target="F4"/>
  <move id="244" source="B7" target="B6"/>
  <move id="245" source="A6" target="B6"/>
  <move id="246" source="B6" target="B5"/>
  <move id="247" source="F4" target="E4"/>
  <move id="248" source="B5" target="B4"/>
  <move id="249" source="E4" target="D4"/>
  <move id="250" source="B4" target="B3"/>
  <move id="251" source="D4" target="D3"/>
  <move id="252" source="B3" target="B2"/>
  <move id="253" source="D3" target="D2"/>
  <move id="254" source="B2" target="B1"/>
  <move id="255" source="C3" target="D3"/>
  <move id="256" source="B1" target="C1"/>
  <move id="257" source="C2" target="C3"/>
  <move id="258" source="C1" target="D1"/>
  <move id="259" source="D2" target="D1"/>
  <move id="260" source="F9" target="F1"/>
  <move id="261" source="A3" target="A7"/>
  <player id="1">Player 1</player>
  <player id="2">Player 2</player>
  <result type="3" winner="1"/>
 </game>
</stratego>