<?xml version="1.0" encoding="UTF-8"?>
<stratego>
 <game type="classic">
  
  <field content="EGFMBFBGBELEBBGJEDEDIJCHDHDKDHDGIHDFBIDFAA__AA__AAAA__AA__AAPUNRPUNSTPWSOVTPTVPUTPQSRQRPXQYSPNQRNNQN"/>
  <move id="1" source="K4" target="K5"/>
  <move id="2" source="F7" target="F6"/>
  <move id="3" source="K5" target="K6"/>
  <move id="4" source="F6" target="F5"/>
  <move id="5" source="K3" target="K4"/>
  <move id="6" source="B7" target="B6"/>
  <move id="7" source="K4" target="K5"/>
  <move id="8" source="B6" target="A6"/>
  <move id="9" source="K6" target="K7"/>
  <move id="10" source="K8" target="K7"/>
  <move id="11" source="K5" target="K6"/>
  <move id="12" source="K7" target="K6"/>
  <move id="13" source="I4" target="I7"/>
  <move id="14" source="I7" target="K7"/>
  <move id="15" source="H4" target="I4"/>
  <move id="16" source="K7" target="K8"/>
  <move id="17" source="I4" target="K4"/>
  <move id="18" source="K6" target="I6"/>
  <move id="19" source="H3" target="H4"/>
  <move id="20" source="I8" target="I7"/>
  <move id="21" source="H4" target="I4"/>
  <move id="22" source="I6" target="K6"/>
  <move id="23" source="K4" target="K5"/>
  <move id="24" source="I7" target="I4"/>
  <move id="25" source="I4" target="K4"/>
  <move id="26" source="K6" target="I6"/>
  <move id="27" source="I3" target="I4"/>
  <move id="28" source="H7" target="I7"/>
  <move id="29" source="K5" target="K6"/>
  <move id="30" source="I6" target="K6"/>
  <move id="31" source="I4" target="I7"/>
  <move id="32" source="I7" target="I8"/>
  <move id="33" source="K4" target="K5"/>
  <move id="34" source="K8" target="K7"/>
  <move id="35" source="K5" target="K6"/>
  <move id="36" source="K7" target="I7"/>
  <move id="37" source="K6" target="I6"/>
  <move id="38" source="I7" target="H7"/>
  <move id="39" source="I6" target="I7"/>
  <move id="40" source="I8" target="K8"/>
  <move id="41" source="I7" target="K7"/>
  <move id="42" source="H8" target="I8"/>
  <move id="43" source="G3" target="I3"/>
  <move id="44" source="H7" target="I7"/>
  <move id="45" source="F3" target="G3"/>
  <move id="46" source="I7" target="I6"/>
  <move id="47" source="G3" target="H3"/>
  <move id="48" source="I6" target="I5"/>
  <move id="49" source="H3" target="H4"/>
  <move id="50" source="I5" target="I4"/>
  <move id="51" source="H4" target="I4"/>
  <move id="52" source="I8" target="I7"/>
  <move id="53" source="K7" target="K8"/>
  <move id="54" source="I7" target="K7"/>
  <move id="55" source="K8" target="I8"/>
  <move id="56" source="I9" target="I8"/>
  <move id="57" source="K2" target="K7"/>
  <move id="58" source="I8" target="I7"/>
  <move id="59" source="B4" target="B5"/>
  <move id="60" source="E7" target="E4"/>
  <move id="61" source="B3" target="B4"/>
  <move id="62" source="G8" target="H8"/>
  <move id="63" source="B5" target="B6"/>
  <move id="64" source="A6" target="B6"/>
  <move id="65" source="B4" target="B5"/>
  <move id="66" source="B6" target="B7"/>
  <move id="67" source="B5" target="B6"/>
  <move id="68" source="A7" target="A4"/>
  <move id="69" source="A3" target="B3"/>
  <move id="70" source="B7" target="A7"/>
  <move id="71" source="B6" target="A6"/>
  <move id="72" source="B8" target="B7"/>
  <move id="73" source="A2" target="A3"/>
  <move id="74" source="B7" target="B6"/>
  <move id="75" source="A6" target="A7"/>
  <move id="76" source="A8" target="A7"/>
  <move id="77" source="A3" target="A4"/>
  <move id="78" source="B6" target="B5"/>
  <move id="79" source="A4" target="A5"/>
  <move id="80" source="B5" target="B4"/>
  <move id="81" source="B3" target="B4"/>
  <move id="82" source="B9" target="B8"/>
  <move id="83" source="A5" target="B5"/>
  <move id="84" source="A7" target="B7"/>
  <move id="85" source="B5" target="A5"/>
  <move id="86" source="B7" target="A7"/>
  <move id="87" source="B4" target="B3"/>
  <move id="88" source="A7" target="A6"/>
  <move id="89" source="A5" target="A6"/>
  <move id="90" source="B8" target="B7"/>
  <move id="91" source="B3" target="B4"/>
  <move id="92" source="K7" target="K6"/>
  <move id="93" source="F4" target="E4"/>
  <move id="94" source="F5" target="E5"/>
  <move id="95" source="F2" target="F3"/>
  <move id="96" source="F8" target="F3"/>
  <move id="97" source="F3" target="F4"/>
  <move id="98" source="K6" target="K5"/>
  <move id="99" source="F4" target="F5"/>
  <move id="100" source="E5" target="E4"/>
  <move id="101" source="F5" target="F6"/>
  <move id="102" source="H8" target="H7"/>
  <move id="103" source="F6" target="E6"/>
  <move id="104" source="E4" target="F4"/>
  <move id="105" source="E6" target="E7"/>
  <move id="106" source="E8" target="F8"/>
  <move id="107" source="E7" target="E8"/>
  <move id="108" source="D8" target="E8"/>
  <move id="109" source="B4" target="B5"/>
  <move id="110" source="F8" target="E8"/>
  <move id="111" source="B5" target="B6"/>
  <move id="112" source="B7" target="B8"/>
  <move id="113" source="B6" target="B7"/>
  <move id="114" source="E8" target="E7"/>
  <move id="115" source="B7" target="B8"/>
  <move id="116" source="C8" target="D8"/>
  <move id="117" source="B8" target="C8"/>
  <move id="118" source="D8" target="E8"/>
  <move id="119" source="C8" target="D8"/>
  <move id="120" source="E8" target="F8"/>
  <move id="121" source="D8" target="E8"/>
  <move id="122" source="F8" target="G8"/>
  <move id="123" source="E8" target="E7"/>
  <move id="124" source="G8" target="H8"/>
  <move id="125" source="E7" target="E8"/>
  <move id="126" source="H8" target="I8"/>
  <move id="127" source="E8" target="D8"/>
  <move id="128" source="I8" target="I9"/>
  <move id="129" source="E3" target="E9"/>
  <move id="130" source="I7" target="I8"/>
  <move id="131" source="D8" target="E8"/>
  <move id="132" source="I8" target="H8"/>
  <move id="133" source="E8" target="E9"/>
  <move id="134" source="H8" target="G8"/>
  <move id="135" source="E9" target="E8"/>
  <move id="136" source="G8" target="F8"/>
  <move id="137" source="E8" target="D8"/>
  <move id="138" source="F8" target="E8"/>
  <move id="139" source="D8" target="C8"/>
  <move id="140" source="E8" target="D8"/>
  <move id="141" source="C8" target="B8"/>
  <move id="142" source="D8" target="C8"/>
  <move id="143" source="B8" target="B7"/>
  <move id="144" source="C8" target="B8"/>
  <move id="145" source="B7" target="B6"/>
  <move id="146" source="B8" target="B7"/>
  <move id="147" source="B6" target="B5"/>
  <move id="148" source="H7" target="I7"/>
  <move id="149" source="C3" target="B3"/>
  <move id="150" source="I7" target="I6"/>
  <move id="151" source="B3" target="A3"/>
  <move id="152" source="I6" target="I5"/>
  <move id="153" source="B5" target="B4"/>
  <move id="154" source="K5" target="K4"/>
  <move id="155" source="B4" target="B3"/>
  <move id="156" source="I5" target="I4"/>
  <move id="157" source="A3" target="A4"/>
  <move id="158" source="I4" target="I3"/>
  <move id="159" source="A4" target="B4"/>
  <move id="160" source="D7" target="D8"/>
  <move id="161" source="B4" target="B5"/>
  <move id="162" source="D8" target="C8"/>
  <move id="163" source="A6" target="A7"/>
  <move id="164" source="B7" target="B8"/>
  <move id="165" source="B5" target="B6"/>
  <move id="166" source="C8" target="D8"/>
  <move id="167" source="B6" target="B7"/>
  <move id="168" source="B8" target="C8"/>
  <move id="169" source="B3" target="B4"/>
  <move id="170" source="D8" target="D7"/>
  <move id="171" source="D3" target="C3"/>
  <move id="172" source="C8" target="D8"/>
  <move id="173" source="C3" target="B3"/>
  <move id="174" source="K4" target="I4"/>
  <move id="175" source="B3" target="A3"/>
  <move id="176" source="I3" target="K3"/>
  <move id="177" source="B4" target="B3"/>
  <move id="178" source="I4" target="I3"/>
  <move id="179" source="B3" target="B4"/>
  <move id="180" source="D8" target="E8"/>
  <move id="181" source="B4" target="A4"/>
  <move id="182" source="D7" target="D8"/>
  <move id="183" source="B7" target="B6"/>
  <move id="184" source="D8" target="C8"/>
  <move id="185" source="B6" target="A6"/>
  <move id="186" source="E8" target="D8"/>
  <move id="187" source="A6" target="A5"/>
  <move id="188" source="C9" target="B9"/>
  <move id="189" source="A7" target="A6"/>
  <move id="190" source="I3" target="I4"/>
  <move id="191" source="A6" target="B6"/>
  <move id="192" source="D8" target="D7"/>
  <move id="193" source="B6" target="B5"/>
  <move id="194" source="C8" target="D8"/>
  <move id="195" source="B5" target="B4"/>
  <move id="196" source="D8" target="E8"/>
  <move id="197" source="B4" target="B3"/>
  <move id="198" source="I4" target="I5"/>
  <move id="199" source="B3" target="C3"/>
  <move id="200" source="I5" target="I6"/>
  <move id="201" source="C3" target="D3"/>
  <move id="202" source="K3" target="K4"/>
  <move id="203" source="D3" target="E3"/>
  <move id="204" source="I6" target="I7"/>
  <move id="205" source="E3" target="F3"/>
  <move id="206" source="F4" target="E4"/>
  <move id="207" source="D4" target="D3"/>
  <move id="208" source="E8" target="F8"/>
  <move id="209" source="C4" target="D4"/>
  <move id="210" source="E4" target="E5"/>
  <move id="211" source="F3" target="F4"/>
  <move id="212" source="E5" target="E6"/>
  <move id="213" source="F4" target="F5"/>
  <move id="214" source="E6" target="E7"/>
  <move id="215" source="F5" target="F6"/>
  <move id="216" source="E7" target="E8"/>
  <move id="217" source="F6" target="E6"/>
  <move id="218" source="F8" target="F7"/>
  <move id="219" source="A4" target="B4"/>
  <move id="220" source="E8" target="F8"/>
  <move id="221" source="B4" target="B5"/>
  <move id="222" source="F8" target="G8"/>
  <move id="223" source="B5" target="B6"/>
  <move id="224" source="D7" target="D8"/>
  <move id="225" source="B6" target="B7"/>
  <move id="226" source="D8" target="C8"/>
  <move id="227" source="D4" target="E4"/>
  <move id="228" source="B9" target="B8"/>
  <move id="229" source="B7" target="A7"/>
  <move id="230" source="B8" target="A8"/>
  <move id="231" source="A7" target="A8"/>
  <move id="232" source="C8" target="B8"/>
  <move id="233" source="A8" target="A7"/>
  <move id="234" source="B8" target="B7"/>
  <move id="235" source="A7" target="A6"/>
  <move id="236" source="G8" target="H8"/>
  <move id="237" source="H2" target="H3"/>
  <move id="238" source="H8" target="I8"/>
  <move id="239" source="H3" target="G3"/>
  <move id="240" source="I8" target="K8"/>
  <move id="241" source="G3" target="F3"/>
  <move id="242" source="I7" target="H7"/>
  <move id="243" source="F3" target="F7"/>
  <move id="244" source="H7" target="H8"/>
  <move id="245" source="E6" target="E7"/>
  <move id="246" source="F7" target="F8"/>
  <move id="247" source="E7" target="E8"/>
  <move id="248" source="F8" target="G8"/>
  <move id="249" source="E8" target="F8"/>
  <move id="250" source="K8" target="K7"/>
  <move id="251" source="F8" target="G8"/>
  <move id="252" source="H8" target="I8"/>
  <move id="253" source="G8" target="F8"/>
  <move id="254" source="K7" target="I7"/>
  <move id="255" source="G2" target="G3"/>
  <move id="256" source="K4" target="K5"/>
  <move id="257" source="G3" target="F3"/>
  <move id="258" source="I8" target="K8"/>
  <move id="259" source="F3" target="F4"/>
  <move id="260" source="I7" target="H7"/>
  <move id="261" source="F4" target="F5"/>
  <move id="262" source="K5" target="I5"/>
  <move id="263" source="F5" target="F6"/>
  <move id="264" source="I5" target="I6"/>
  <move id="265" source="F6" target="F7"/>
  <move id="266" source="I6" target="I7"/>
  <move id="267" source="F7" target="G7"/>
  <move id="268" source="H7" target="G7"/>
  <move id="269" source="F8" target="G8"/>
  <move id="270" source="G7" target="F7"/>
  <move id="271" source="E4" target="E5"/>
  <move id="272" source="F7" target="F6"/>
  <move id="273" source="G8" target="G7"/>
  <move id="274" source="I7" target="I6"/>
  <move id="275" source="G7" target="F7"/>
  <move id="276" source="F6" target="F5"/>
  <move id="277" source="E5" target="F5"/>
  <move id="278" source="I6" target="I5"/>
  <move id="279" source="F7" target="F6"/>
  <move id="280" source="I5" target="I4"/>
  <move id="281" source="F6" target="F5"/>
  <move id="282" source="I4" target="H4"/>
  <move id="283" source="F5" target="F4"/>
  <move id="284" source="I9" target="I8"/>
  <move id="285" source="D3" target="E3"/>
  <move id="286" source="I8" target="H8"/>
  <move id="287" source="E3" target="E4"/>
  <move id="288" source="K8" target="I8"/>
  <move id="289" source="E4" target="E5"/>
  <move id="290" source="H9" target="I9"/>
  <move id="291" source="E5" target="E6"/>
  <move id="292" source="H8" target="H9"/>
  <move id="293" source="E6" target="E7"/>
  <move id="294" source="H4" target="I4"/>
  <move id="295" source="F4" target="F5"/>
  <move id="296" source="I8" target="H8"/>
  <move id="297" source="E7" target="E8"/>
  <move id="298" source="H8" target="G8"/>
  <move id="299" source="A3" target="B3"/>
  <move id="300" source="G8" target="F8"/>
  <move id="301" source="E8" target="F8"/>
  <move id="302" source="F8" target="E8"/>
  <move id="303" source="A5" target="B5"/>
  <move id="304" source="E8" target="D8"/>
  <move id="305" source="A6" target="A5"/>
  <move id="306" source="D8" target="C8"/>
  <move id="307" source="A5" target="A4"/>
  <move id="308" source="C8" target="B8"/>
  <move id="309" source="A4" target="B4"/>
  <move id="310" source="B8" target="A8"/>
  <move id="311" source="B4" target="C4"/>
  <move id="312" source="A8" target="A7"/>
  <move id="313" source="C4" target="D4"/>
  <move id="314" source="A7" target="A6"/>
  <move id="315" source="D4" target="E4"/>
  <move id="316" source="A6" target="A5"/>
  <move id="317" source="B5" target="B6"/>
  <move id="318" source="B7" target="B6"/>
  <move id="319" source="E4" target="E5"/>
  <move id="320" source="B6" target="B7"/>
  <move id="321" source="E5" target="E6"/>
  <move id="322" source="B7" target="B8"/>
  <move id="323" source="E6" target="F6"/>
  <move id="324" source="B8" target="C8"/>
  <move id="325" source="F6" target="F7"/>
  <move id="326" source="C8" target="D8"/>
  <move id="327" source="F7" target="G7"/>
  <move id="328" source="H9" target="H8"/>
  <move id="329" source="G7" target="H7"/>
  <move id="330" source="H8" target="G8"/>
  <move id="331" source="H7" target="I7"/>
  <move id="332" source="I4" target="I3"/>
  <move id="333" source="F5" target="F4"/>
  <move id="334" source="I3" target="H3"/>
  <move id="335" source="F4" target="F3"/>
  <move id="336" source="H3" target="H2"/>
  <move id="337" source="F3" target="G3"/>
  <move id="338" source="A5" target="A4"/>
  <move id="339" source="I7" target="I6"/>
  <move id="340" source="A4" target="B4"/>
  <move id="341" source="B3" target="C3"/>
  <move id="342" source="B4" target="C4"/>
  <move id="343" source="C3" target="D3"/>
  <move id="344" source="C4" target="D4"/>
  <move id="345" source="D3" target="E3"/>
  <move id="346" source="D4" target="E4"/>
  <move id="347" source="E3" target="F3"/>
  <move id="348" source="E4" target="F4"/>
  <move id="349" source="F3" target="F2"/>
  <move id="350" source="F9" target="F8"/>
  <move id="351" source="I6" target="I5"/>
  <move id="352" source="F8" target="F7"/>
  <move id="353" source="I5" target="I4"/>
  <move id="354" source="F7" target="E7"/>
  <move id="355" source="I4" target="I3"/>
  <move id="356" source="E7" target="E6"/>
  <move id="357" source="I3" target="H3"/>
  <move id="358" source="H2" target="H1"/>
  <move id="359" source="H3" target="H2"/>
  <move id="360" source="H1" target="I1"/>
  <move id="361" source="G3" target="F3"/>
  <move id="362" source="F4" target="F5"/>
  <move id="363" source="F3" target="F4"/>
  <move id="364" source="F5" target="F6"/>
  <move id="365" source="F4" target="F5"/>
  <move id="366" source="F6" target="F7"/>
  <move id="367" source="F5" target="F6"/>
  <move id="368" source="F7" target="G7"/>
  <move id="369" source="F6" target="E6"/>
  <move id="370" source="G7" target="H7"/>
  <move id="371" source="H2" target="H3"/>
  <move id="372" source="H7" target="I7"/>
  <move id="373" source="H3" target="G3"/>
  <move id="374" source="I7" target="I6"/>
  <move id="375" source="G3" target="F3"/>
  <move id="376" source="I6" target="I5"/>
  <move id="377" source="F3" target="F4"/>
  <move id="378" source="I5" target="I4"/>
  <move id="379" source="F4" target="F5"/>
  <move id="380" source="I4" target="I5"/>
  <move id="381" source="E6" target="E7"/>
  <move id="382" source="I5" target="I6"/>
  <move id="383" source="F5" target="F6"/>
  <move id="384" source="I6" target="I7"/>
  <move id="385" source="F6" target="F7"/>
  <move id="386" source="I7" target="H7"/>
  <move id="387" source="F7" target="F8"/>
  <move id="388" source="G8" target="H8"/>
  <move id="389" source="E7" target="F7"/>
  <move id="390" source="H8" target="I8"/>
  <move id="391" source="F7" target="G7"/>
  <move id="392" source="H7" target="H8"/>
  <move id="393" source="G7" target="G8"/>
  <move id="394" source="H8" target="H7"/>
  <move id="395" source="G8" target="G7"/>
  <move id="396" source="H7" target="I7"/>
  <move id="397" source="G7" target="H7"/>
  <move id="398" source="I7" target="I6"/>
  <move id="399" source="F8" target="G8"/>
  <move id="400" source="D8" target="E8"/>
  <move id="401" source="G8" target="H8"/>
  <move id="402" source="I6" target="I7"/>
  <move id="403" source="H7" target="I7"/>
  <move id="404" source="I8" target="I7"/>
  <move id="405" source="H8" target="I8"/>
  <move id="406" source="I7" target="I6"/>
  <move id="407" source="I8" target="I7"/>
  <move id="408" source="I6" target="I5"/>
  <move id="409" source="I7" target="I6"/>
  <move id="410" source="I5" target="I4"/>
  <move id="411" source="I6" target="I5"/>
  <move id="412" source="I4" target="H4"/>
  <move id="413" source="I5" target="I4"/>
  <move id="414" source="H4" target="H3"/>
  <move id="415" source="F2" target="F3"/>
  <move id="416" source="H3" target="H2"/>
  <move id="417" source="I2" target="H2"/>
  <move id="418" source="I9" target="I8"/>
  <move id="419" source="F3" target="F4"/>
  <move id="420" source="I8" target="I7"/>
  <move id="421" source="F4" target="F5"/>
  <move id="422" source="E8" target="E7"/>
  <move id="423" source="F5" target="F6"/>
  <move id="424" source="I7" target="H7"/>
  <move id="425" source="I4" target="I5"/>
  <move id="426" source="H7" target="G7"/>
  <move id="427" source="H2" target="I2"/>
  <move id="428" source="G7" target="F7"/>
  <move id="429" source="I2" target="K2"/>
  <move id="430" source="F7" target="F8"/>
  <move id="431" source="K2" target="K3"/>
  <move id="432" source="F8" target="E8"/>
  <move id="433" source="K3" target="K4"/>
  <move id="434" source="E8" target="D8"/>
  <move id="435" source="K4" target="K5"/>
  <move id="436" source="E7" target="F7"/>
  <move id="437" source="F6" target="E6"/>
  <move id="438" source="F7" target="G7"/>
  <move id="439" source="K5" target="K6"/>
  <move id="440" source="G7" target="H7"/>
  <move id="441" source="K6" target="K7"/>
  <move id="442" source="H7" target="I7"/>
  <move id="443" source="K7" target="K8"/>
  <move id="444" source="I7" target="I6"/>
  <move id="445" source="I5" target="I4"/>
  <move id="446" source="I6" target="I5"/>
  <move id="447" source="I4" target="I3"/>
  <move id="448" source="I5" target="I4"/>
  <move id="449" source="I3" target="I2"/>
  <move id="450" source="I4" target="I3"/>
  <move id="451" source="I2" target="H2"/>
  <move id="452" source="I3" target="H3"/>
  <move id="453" source="H2" target="I2"/>
  <move id="454" source="H3" target="H2"/>
  <move id="455" source="I2" target="I3"/>
  <move id="456" source="D8" target="E8"/>
  <move id="457" source="I3" target="I4"/>
  <move id="458" source="E8" target="F8"/>
  <move id="459" source="I4" target="I5"/>
  <move id="460" source="H2" target="G2"/>
  <move id="461" source="I5" target="I6"/>
  <move id="462" source="F8" target="F1"/>
  <move id="463" source="I6" target="I7"/>
  <move id="464" source="G2" target="F2"/>
  <move id="465" source="I7" target="I8"/>
  <move id="466" source="F2" target="F1"/>
  <move id="467" source="I8" target="I9"/>
  <move id="468" source="F1" target="F2"/>
  <move id="469" source="K8" target="K9"/>
  <move id="470" source="F2" target="F3"/>
  <move id="471" source="E6" target="E7"/>
  <move id="472" source="F3" target="F4"/>
  <move id="473" source="E7" target="E8"/>
  <move id="474" source="F4" target="E4"/>
  <move id="475" source="E8" target="D8"/>
  <move id="476" source="E4" target="D4"/>
  <move id="477" source="D8" target="C8"/>
  <move id="478" source="D4" target="C4"/>
  <move id="479" source="C8" target="B8"/>
  <move id="480" source="C4" target="B4"/>
  <move id="481" source="K1" target="K2"/>
  <move id="482" source="B4" target="B5"/>
  <move id="483" source="B8" target="C8"/>
  <move id="484" source="B5" target="B6"/>
  <move id="485" source="C8" target="C9"/>
  <move id="486" source="B6" target="B7"/>
  <move id="487" source="K2" target="K3"/>
  <move id="488" source="B7" target="B8"/>
  <move id="489" source="K3" target="K4"/>
  <move id="490" source="B8" target="C8"/>
  <move id="491" source="C9" target="B9"/>
  <move id="492" source="C8" target="D8"/>
  <move id="493" source="I9" target="I8"/>
  <move id="494" source="D8" target="E8"/>
  <move id="495" source="I8" target="I7"/>
  <move id="496" source="E8" target="E7"/>
  <move id="497" source="I7" target="I6"/>
  <move id="498" source="E7" target="F7"/>
  <move id="499" source="I6" target="I5"/>
  <move id="500" source="F7" target="G7"/>
  <move id="501" source="I5" target="I4"/>
  <move id="502" source="G7" target="H7"/>
  <move id="503" source="I4" target="I3"/>
  <move id="504" source="H7" target="I7"/>
  <move id="505" source="I3" target="H3"/>
  <move id="506" source="I7" target="H7"/>
  <move id="507" source="H3" target="G3"/>
  <move id="508" source="H7" target="G7"/>
  <move id="509" source="K4" target="K5"/>
  <move id="510" source="G7" target="F7"/>
  <move id="511" source="K5" target="K6"/>
  <move id="512" source="F7" target="E7"/>
  <move id="513" source="K6" target="K7"/>
  <move id="514" source="E7" target="E8"/>
  <move id="515" source="K7" target="K8"/>
  <move id="516" source="E8" target="F8"/>
  <move id="517" source="K8" target="I8"/>
  <move id="518" source="F8" target="G8"/>
  <move id="519" source="I8" target="K8"/>
  <move id="520" source="G8" target="H8"/>
  <move id="521" source="K8" target="K7"/>
  <move id="522" source="H8" target="H7"/>
  <move id="523" source="K7" target="K6"/>
  <move id="524" source="H7" target="I7"/>
  <move id="525" source="B2" target="B3"/>
  <move id="526" source="I7" target="I6"/>
  <move id="527" source="K6" target="K5"/>
  <move id="528" source="I6" target="I5"/>
  <move id="529" source="K5" target="K6"/>
  <move id="530" source="I5" target="I6"/>
  <move id="531" source="K6" target="K7"/>
  <move id="532" source="I6" target="K6"/>
  <move id="533" source="K7" target="K8"/>
  <move id="534" source="K6" target="K7"/>
  <move id="535" source="K8" target="I8"/>
  <move id="536" source="K7" target="I7"/>
  <move id="537" source="I8" target="H8"/>
  <move id="538" source="I7" target="H7"/>
  <move id="539" source="H8" target="G8"/>
  <move id="540" source="H7" target="G7"/>
  <move id="541" source="G8" target="G9"/>
  <move id="542" source="G7" target="G8"/>
  <move id="543" source="B3" target="C3"/>
  <move id="544" source="G8" target="F8"/>
  <move id="545" source="C3" target="D3"/>
  <move id="546" source="F8" target="E8"/>
  <move id="547" source="D3" target="E3"/>
  <move id="548" source="E8" target="E7"/>
  <move id="549" source="E3" target="F3"/>
  <move id="550" source="E7" target="F7"/>
  <move id="551" source="G3" target="H3"/>
  <move id="552" source="F7" target="F6"/>
  <move id="553" source="H3" target="I3"/>
  <move id="554" source="F6" target="F5"/>
  <move id="555" source="F3" target="E3"/>
  <move id="556" source="F5" target="E5"/>
  <move id="557" source="E3" target="D3"/>
  <move id="558" source="E5" target="E4"/>
  <move id="559" source="I3" target="I4"/>
  <move id="560" source="E4" target="D4"/>
  <move id="561" source="D3" target="E3"/>
  <move id="562" source="D4" target="E4"/>
  <move id="563" source="E3" target="D3"/>
  <move id="564" source="G9" target="G8"/>
  <move id="565" source="I4" target="I5"/>
  <move id="566" source="G8" target="G7"/>
  <move id="567" source="I5" target="I6"/>
  <move id="568" source="G7" target="F7"/>
  <move id="569" source="I6" target="I7"/>
  <move id="570" source="E4" target="E5"/>
  <move id="571" source="I7" target="H7"/>
  <move id="572" source="E5" target="E6"/>
  <move id="573" source="H7" target="H8"/>
  <move id="574" source="E6" target="E7"/>
  <move id="575" source="H8" target="H9"/>
  <move id="576" source="E7" target="E8"/>
  <move id="577" source="D3" target="E3"/>
  <move id="578" source="F7" target="F6"/>
  <move id="579" source="E3" target="E4"/>
  <move id="580" source="F6" target="F5"/>
  <move id="581" source="A1" target="A2"/>
  <move id="582" source="E8" target="D8"/>
  <move id="583" source="A2" target="A3"/>
  <move id="584" source="D8" target="C8"/>
  <move id="585" source="A3" target="B3"/>
  <move id="586" source="C8" target="B8"/>
  <move id="587" source="B9" target="C9"/>
  <move id="588" source="B8" target="B9"/>
  <move id="589" source="C9" target="C8"/>
  <move id="590" source="B9" target="B8"/>
  <move id="591" source="C8" target="C9"/>
  <move id="592" source="B8" target="C8"/>
  <move id="593" source="C9" target="B9"/>
  <move id="594" source="C8" target="D8"/>
  <move id="595" source="B3" target="B4"/>
  <move id="596" source="D8" target="E8"/>
  <move id="597" source="B4" target="A4"/>
  <move id="598" source="E8" target="E7"/>
  <move id="599" source="A4" target="A5"/>
  <move id="600" source="E7" target="D7"/>
  <move id="601" source="A5" target="A6"/>
  <move id="602" source="D7" target="D8"/>
  <move id="603" source="H9" target="H8"/>
  <move id="604" source="D8" target="C8"/>
  <move id="605" source="E2" target="F2"/>
  <move id="606" source="C8" target="B8"/>
  <move id="607" source="B9" target="C9"/>
  <move id="608" source="F5" target="F6"/>
  <move id="609" source="F2" target="F3"/>
  <move id="610" source="F6" target="F7"/>
  <move id="611" source="F3" target="F4"/>
  <move id="612" source="F7" target="E7"/>
  <move id="613" source="F4" target="F5"/>
  <move id="614" source="E7" target="E8"/>
  <move id="615" source="F5" target="F6"/>
  <move id="616" source="B8" target="C8"/>
  <move id="617" source="C9" target="B9"/>
  <move id="618" source="C8" target="D8"/>
  <move id="619" source="F6" target="F7"/>
  <move id="620" source="D8" target="D7"/>
  <move id="621" source="F7" target="F8"/>
  <move id="622" source="D7" target="E7"/>
  <move id="623" source="H8" target="I8"/>
  <move id="624" source="E8" target="D8"/>
  <move id="625" source="B9" target="C9"/>
  <move id="626" source="E7" target="E8"/>
  <move id="627" source="F8" target="F7"/>
  <move id="628" source="D8" target="D7"/>
  <move id="629" source="A6" target="A7"/>
  <move id="630" source="E8" target="D8"/>
  <move id="631" source="C9" target="B9"/>
  <move id="632" source="D8" target="C8"/>
  <move id="633" source="F7" target="E7"/>
  <move id="634" source="D7" target="D8"/>
  <move id="635" source="E7" target="E8"/>
  <move id="636" source="C8" target="B8"/>
  <move id="637" source="B9" target="C9"/>
  <move id="638" source="B8" target="B9"/>
  <move id="639" source="C9" target="C8"/>
  <move id="640" source="B9" target="C9"/>
  <move id="641" source="C8" target="B8"/>
  <move id="642" source="C9" target="C8"/>
  <move id="643" source="B8" target="B9"/>
  <move id="644" source="C8" target="C9"/>
  <move id="645" source="B9" target="B8"/>
  <move id="646" source="C9" target="B9"/>
  <move id="647" source="B8" target="C8"/>
  <move id="648" source="B9" target="B8"/>
  <move id="649" source="C8" target="C9"/>
  <move id="650" source="B8" target="A8"/>
  <move id="651" source="A7" target="A6"/>
  <move id="652" source="A8" target="A7"/>
  <move id="653" source="A6" target="A5"/>
  <move id="654" source="A7" target="A6"/>
  <move id="655" source="A5" target="A4"/>
  <move id="656" source="A6" target="A5"/>
  <move id="657" source="A4" target="A3"/>
  <move id="658" source="A5" target="A4"/>
  <move id="659" source="A3" target="B3"/>
  <move id="660" source="A4" target="B4"/>
  <move id="661" source="B3" target="C3"/>
  <move id="662" source="B4" target="B3"/>
  <move id="663" source="C3" target="C4"/>
  <move id="664" source="B3" target="B4"/>
  <move id="665" source="C4" target="C3"/>
  <move id="666" source="B4" target="C4"/>
  <move id="667" source="C3" target="B3"/>
  <move id="668" source="C4" target="D4"/>
  <move id="669" source="E4" target="E3"/>
  <move id="670" source="D4" target="D3"/>
  <move id="671" source="E3" target="F3"/>
  <move id="672" source="D3" target="C3"/>
  <move id="673" source="B3" target="A3"/>
  <move id="674" source="C3" target="B3"/>
  <move id="675" source="A3" target="A4"/>
  <move id="676" source="B3" target="A3"/>
  <move id="677" source="A4" target="A5"/>
  <move id="678" source="A3" target="A4"/>
  <move id="679" source="A5" target="A6"/>
  <move id="680" source="A4" target="A5"/>
  <move id="681" source="A6" target="A7"/>
  <move id="682" source="A5" target="A6"/>
  <move id="683" source="A7" target="A8"/>
  <move id="684" source="A6" target="A7"/>
  <move id="685" source="A8" target="A9"/>
  <move id="686" source="A7" target="A8"/>
  <move id="687" source="E8" target="D8"/>
  <move id="688" source="A8" target="B8"/>
  <move id="689" source="D8" target="E8"/>
  <move id="690" source="B8" target="C8"/>
  <move id="691" source="C9" target="B9"/>
  <move id="692" source="A9" target="A8"/>
  <move id="693" source="E8" target="F8"/>
  <move id="694" source="A8" target="A7"/>
  <move id="695" source="F8" target="G8"/>
  <move id="696" source="A7" target="A6"/>
  <move id="697" source="G8" target="H8"/>
  <move id="698" source="C8" target="D8"/>
  <move id="699" source="H8" target="H9"/>
  <move id="700" source="D8" target="E8"/>
  <move id="701" source="H9" target="I9"/>
  <move id="702" source="E8" target="F8"/>
  <move id="703" source="I9" target="I:"/>
  <move id="704" source="F8" target="G8"/>
  <move id="705" source="I8" target="I7"/>
  <move id="706" source="G8" target="G7"/>
  <move id="707" source="I7" target="I6"/>
  <move id="708" source="G7" target="H7"/>
  <move id="709" source="I6" target="I5"/>
  <move id="710" source="H7" target="I7"/>
  <move id="711" source="I:" target="I9"/>
  <move id="712" source="A6" target="A5"/>
  <move id="713" source="I5" target="I4"/>
  <move id="714" source="A5" target="A4"/>
  <move id="715" source="F3" target="E3"/>
  <move id="716" source="I7" target="I8"/>
  <move id="717" source="I9" target="H9"/>
  <move id="718" source="I8" target="H8"/>
  <move id="719" source="H9" target="G9"/>
  <move id="720" source="H8" target="G8"/>
  <move id="721" source="G9" target="F9"/>
  <move id="722" source="G8" target="F8"/>
  <move id="723" source="F9" target="G9"/>
  <move id="724" source="A4" target="A3"/>
  <move id="725" source="E3" target="F3"/>
  <move id="726" source="A3" target="B3"/>
  <move id="727" source="F3" target="G3"/>
  <move id="728" source="B3" target="C3"/>
  <move id="729" source="G3" target="H3"/>
  <move id="730" source="C3" target="D3"/>
  <move id="731" source="H3" target="I3"/>
  <move id="732" source="D3" target="E3"/>
  <move id="733" source="I3" target="K3"/>
  <move id="734" source="E3" target="F3"/>
  <move id="735" source="K3" target="K4"/>
  <move id="736" source="F3" target="F4"/>
  <move id="737" source="K4" target="K5"/>
  <move id="738" source="F4" target="F5"/>
  <move id="739" source="G9" target="G:"/>
  <move id="740" source="F5" target="F6"/>
  <move id="741" source="K5" target="K4"/>
  <move id="742" source="F6" target="F7"/>
  <move id="743" source="K4" target="K3"/>
  <move id="744" source="F7" target="G7"/>
  <move id="745" source="K3" target="I3"/>
  <move id="746" source="F8" target="E8"/>
  <move id="747" source="I3" target="H3"/>
  <move id="748" source="E8" target="D8"/>
  <move id="749" source="H3" target="I3"/>
  <move id="750" source="D8" target="C8"/>
  <move id="751" source="I4" target="I5"/>
  <move id="752" source="C8" target="B8"/>
  <move id="753" source="B9" target="A9"/>
  <move id="754" source="B8" target="A8"/>
  <move id="755" source="A9" target="B9"/>
  <move id="756" source="A8" target="B8"/>
  <move id="757" source="B9" target="C9"/>
  <move id="758" source="B:" target="B9"/>
  <move id="759" source="I5" target="I6"/>
  <move id="760" source="G7" target="G8"/>
  <move id="761" source="I6" target="I7"/>
  <move id="762" source="B9" target="A9"/>
  <move id="763" source="I7" target="H7"/>
  <move id="764" source="A9" target="A8"/>
  <move id="765" source="I3" target="I4"/>
  <move id="766" source="A8" target="A7"/>
  <move id="767" source="I4" target="I5"/>
  <move id="768" source="A7" target="A6"/>
  <move id="769" source="I5" target="I6"/>
  <move id="770" source="B8" target="C8"/>
  <move id="771" source="C9" target="B9"/>
  <move id="772" source="C8" target="D8"/>
  <move id="773" source="I6" target="I7"/>
  <move id="774" source="D8" target="E8"/>
  <move id="775" source="I7" target="I8"/>
  <move id="776" source="E8" target="F8"/>
  <move id="777" source="I8" target="I9"/>
  <move id="778" source="G8" target="G9"/>
  <move id="779" source="I9" target="I:"/>
  <move id="780" source="G9" target="H9"/>
  <move id="781" source="H7" target="H8"/>
  <move id="782" source="H9" target="I9"/>
  <move id="783" source="I:" target="H:"/>
  <move id="784" source="F8" target="G8"/>
  <move id="785" source="H8" target="H9"/>
  <move id="786" source="I9" target="I:"/>
  <move id="787" source="H:" target="G:"/>
  <move id="788" source="G8" target="G9"/>
  <move id="789" source="H9" target="H:"/>
  <move id="790" source="I:" target="I9"/>
  <move id="791" source="G:" target="F:"/>
  <move id="792" source="I9" target="I8"/>
  <move id="793" source="B9" target="B8"/>
  <move id="794" source="I8" target="I7"/>
  <move id="795" source="B8" target="A8"/>
  <move id="796" source="A6" target="B6"/>
  <move id="797" source="A8" target="A9"/>
  <move id="798" source="B6" target="B5"/>
  <move id="799" source="A9" target="A:"/>
  <player id="1">Player 1</player>
  <player id="2">Player 2</player>
  <result type="1" winner="1"/>
 </game>
</stratego>