<?xml version="1.0" encoding="UTF-8"?>
<stratego>
 <game type="classic">
  
  <field content="DDMFIBBEIEJDGHKCIJBBHBDHDEFDGBGDDGHFFEELAA__AA__AAAA__AA__AANTSUVRUSTRYNXQOQWVNNNSQUPPQTNRRSTQPPPPPP"/>
  <move id="1" source="K4" target="K5"/>
  <move id="2" source="B7" target="B6"/>
  <move id="3" source="K5" target="K6"/>
  <move id="4" source="C7" target="B7"/>
  <move id="5" source="K6" target="K7"/>
  <move id="6" source="I7" target="I6"/>
  <move id="7" source="K7" target="K8"/>
  <move id="8" source="B6" target="A6"/>
  <move id="9" source="E4" target="E5"/>
  <move id="10" source="B7" target="B6"/>
  <move id="11" source="E5" target="E6"/>
  <move id="12" source="D7" target="C7"/>
  <move id="13" source="E6" target="E7"/>
  <move id="14" source="C7" target="B7"/>
  <move id="15" source="E3" target="E7"/>
  <move id="16" source="C8" target="C7"/>
  <move id="17" source="E2" target="E3"/>
  <move id="18" source="D8" target="C8"/>
  <move id="19" source="E3" target="E4"/>
  <move id="20" source="E8" target="D8"/>
  <move id="21" source="E4" target="E5"/>
  <move id="22" source="C7" target="D7"/>
  <move id="23" source="E5" target="E6"/>
  <move id="24" source="E7" target="E8"/>
  <move id="25" source="E6" target="F6"/>
  <move id="26" source="D7" target="E7"/>
  <move id="27" source="F6" target="F7"/>
  <move id="28" source="E7" target="F7"/>
  <player id="1">Player 1</player>
  <player id="2">Player 2</player>
  <result type="3" winner="2"/>
 </game>
</stratego>