<?xml version="1.0" encoding="UTF-8"?>
<stratego>
 <game type="classic">
  
  <field content="FBEBHDBMBFJEGDHDDEEGCEDGBIFGIBKHDLIDFJHDAA__AA__AAAA__AA__AANTWQPRPNSRVOUXPTVNRPNTQUPSUSNPYNSQPQPQTR"/>
  <move id="1" source="A4" target="A5"/>
  <move id="2" source="E7" target="E4"/>
  <move id="3" source="B4" target="B5"/>
  <move id="4" source="E8" target="E7"/>
  <move id="5" source="B5" target="B6"/>
  <move id="6" source="E7" target="E6"/>
  <move id="7" source="C4" target="B4"/>
  <move id="8" source="E6" target="F6"/>
  <move id="9" source="B6" target="A6"/>
  <move id="10" source="F6" target="F4"/>
  <move id="11" source="B4" target="B5"/>
  <move id="12" source="E9" target="E8"/>
  <move id="13" source="B5" target="B6"/>
  <move id="14" source="E8" target="E7"/>
  <move id="15" source="B6" target="B7"/>
  <move id="16" source="E7" target="E6"/>
  <move id="17" source="A6" target="A7"/>
  <move id="18" source="E6" target="F6"/>
  <move id="19" source="A5" target="A6"/>
  <move id="20" source="F6" target="F5"/>
  <move id="21" source="A6" target="B6"/>
  <move id="22" source="F5" target="F4"/>
  <move id="23" source="B3" target="B4"/>
  <move id="24" source="F7" target="F6"/>
  <move id="25" source="B4" target="A4"/>
  <move id="26" source="F6" target="F5"/>
  <move id="27" source="A4" target="A5"/>
  <move id="28" source="D9" target="E9"/>
  <move id="29" source="A5" target="A6"/>
  <move id="30" source="E9" target="E8"/>
  <move id="31" source="A6" target="A7"/>
  <move id="32" source="B7" target="B6"/>
  <move id="33" source="A7" target="A8"/>
  <move id="34" source="C7" target="B7"/>
  <move id="35" source="B6" target="B5"/>
  <move id="36" source="B7" target="B6"/>
  <move id="37" source="B5" target="B4"/>
  <move id="38" source="B6" target="B5"/>
  <move id="39" source="B4" target="A4"/>
  <move id="40" source="B5" target="A5"/>
  <move id="41" source="C3" target="B3"/>
  <move id="42" source="A5" target="B5"/>
  <move id="43" source="B3" target="B5"/>
  <move id="44" source="A8" target="A7"/>
  <move id="45" source="K4" target="K7"/>
  <move id="46" source="E8" target="E7"/>
  <move id="47" source="I4" target="I5"/>
  <move id="48" source="E7" target="E6"/>
  <move id="49" source="I5" target="K5"/>
  <move id="50" source="E6" target="E5"/>
  <move id="51" source="K5" target="K6"/>
  <move id="52" source="E5" target="E4"/>
  <move id="53" source="G4" target="F4"/>
  <move id="54" source="E:" target="E3"/>
  <move id="55" source="F4" target="F5"/>
  <move id="56" source="D7" target="E7"/>
  <move id="57" source="G3" target="G4"/>
  <move id="58" source="E7" target="E6"/>
  <move id="59" source="G4" target="F4"/>
  <move id="60" source="E6" target="E5"/>
  <move id="61" source="F4" target="E4"/>
  <move id="62" source="E5" target="E4"/>
  <move id="63" source="E4" target="E5"/>
  <move id="64" source="F9" target="E9"/>
  <move id="65" source="H4" target="G4"/>
  <move id="66" source="E9" target="E8"/>
  <move id="67" source="H3" target="H4"/>
  <move id="68" source="E8" target="E7"/>
  <move id="69" source="H4" target="I4"/>
  <move id="70" source="E7" target="E6"/>
  <move id="71" source="F3" target="F4"/>
  <move id="72" source="E6" target="E5"/>
  <move id="73" source="I4" target="I5"/>
  <move id="74" source="E5" target="E4"/>
  <move id="75" source="F4" target="E4"/>
  <move id="76" source="G7" target="F7"/>
  <move id="77" source="F2" target="F7"/>
  <move id="78" source="D8" target="D7"/>
  <move id="79" source="I5" target="I6"/>
  <move id="80" source="D7" target="E7"/>
  <move id="81" source="I6" target="I7"/>
  <move id="82" source="E7" target="E6"/>
  <move id="83" source="F1" target="F8"/>
  <move id="84" source="E6" target="E5"/>
  <move id="85" source="K6" target="K7"/>
  <move id="86" source="E5" target="F5"/>
  <move id="87" source="G4" target="H4"/>
  <move id="88" source="F5" target="F4"/>
  <move id="89" source="E4" target="F4"/>
  <move id="90" source="F:" target="F9"/>
  <move id="91" source="A3" target="B3"/>
  <move id="92" source="G:" target="E:"/>
  <move id="93" source="A4" target="A3"/>
  <move id="94" source="B5" target="A5"/>
  <move id="95" source="B3" target="B4"/>
  <move id="96" source="E:" target="E4"/>
  <move id="97" source="B4" target="A4"/>
  <move id="98" source="A5" target="B5"/>
  <move id="99" source="D4" target="C4"/>
  <move id="100" source="E4" target="C4"/>
  <move id="101" source="C4" target="B4"/>
  <move id="102" source="B5" target="A5"/>
  <move id="103" source="A3" target="B3"/>
  <move id="104" source="F4" target="E4"/>
  <move id="105" source="A4" target="A3"/>
  <move id="106" source="A7" target="B7"/>
  <move id="107" source="B3" target="C3"/>
  <move id="108" source="B7" target="C7"/>
  <move id="109" source="A3" target="B3"/>
  <move id="110" source="C7" target="D7"/>
  <move id="111" source="G2" target="G3"/>
  <move id="112" source="D7" target="E7"/>
  <move id="113" source="G3" target="F3"/>
  <move id="114" source="E7" target="F7"/>
  <move id="115" source="K7" target="I7"/>
  <move id="116" source="F7" target="F6"/>
  <move id="117" source="I7" target="I8"/>
  <move id="118" source="F6" target="F5"/>
  <move id="119" source="C3" target="C4"/>
  <move id="120" source="F5" target="F4"/>
  <move id="121" source="F3" target="G3"/>
  <move id="122" source="F4" target="G4"/>
  <move id="123" source="H4" target="G4"/>
  <move id="124" source="G8" target="G7"/>
  <move id="125" source="G3" target="G4"/>
  <move id="126" source="G7" target="F7"/>
  <move id="127" source="G4" target="H4"/>
  <move id="128" source="F7" target="F6"/>
  <move id="129" source="H4" target="I4"/>
  <move id="130" source="F6" target="F5"/>
  <move id="131" source="I4" target="I5"/>
  <move id="132" source="F5" target="F4"/>
  <move id="133" source="I5" target="I6"/>
  <move id="134" source="F4" target="G4"/>
  <move id="135" source="I6" target="I7"/>
  <move id="136" source="G4" target="H4"/>
  <move id="137" source="I7" target="H7"/>
  <move id="138" source="H4" target="I4"/>
  <move id="139" source="I8" target="H8"/>
  <move id="140" source="K8" target="K3"/>
  <move id="141" source="B4" target="A4"/>
  <move id="142" source="A5" target="B5"/>
  <move id="143" source="A4" target="B4"/>
  <move id="144" source="B5" target="A5"/>
  <move id="145" source="B3" target="C3"/>
  <move id="146" source="F8" target="G8"/>
  <move id="147" source="B4" target="A4"/>
  <move id="148" source="A5" target="B5"/>
  <move id="149" source="C4" target="B4"/>
  <move id="150" source="F9" target="F8"/>
  <move id="151" source="B4" target="B5"/>
  <move id="152" source="F8" target="F7"/>
  <move id="153" source="A4" target="A5"/>
  <move id="154" source="F7" target="F6"/>
  <move id="155" source="A5" target="B5"/>
  <move id="156" source="F6" target="F5"/>
  <move id="157" source="B5" target="B4"/>
  <move id="158" source="F5" target="F4"/>
  <move id="159" source="B4" target="C4"/>
  <move id="160" source="F4" target="F3"/>
  <move id="161" source="A2" target="A3"/>
  <move id="162" source="F3" target="E3"/>
  <move id="163" source="D3" target="D4"/>
  <move id="164" source="E4" target="D4"/>
  <move id="165" source="E2" target="E3"/>
  <move id="166" source="D4" target="C4"/>
  <move id="167" source="D2" target="D4"/>
  <move id="168" source="I4" target="H4"/>
  <move id="169" source="D4" target="H4"/>
  <move id="170" source="H4" target="G4"/>
  <move id="171" source="A3" target="A4"/>
  <move id="172" source="G4" target="F4"/>
  <move id="173" source="A4" target="A5"/>
  <move id="174" source="B8" target="B7"/>
  <move id="175" source="A5" target="A6"/>
  <move id="176" source="B7" target="A7"/>
  <move id="177" source="A6" target="A7"/>
  <move id="178" source="C8" target="D8"/>
  <move id="179" source="A7" target="B7"/>
  <move id="180" source="D8" target="E8"/>
  <move id="181" source="B7" target="C7"/>
  <move id="182" source="E8" target="E7"/>
  <move id="183" source="C7" target="C8"/>
  <move id="184" source="G8" target="G7"/>
  <move id="185" source="C8" target="C9"/>
  <move id="186" source="E7" target="E6"/>
  <move id="187" source="C9" target="B9"/>
  <move id="188" source="E6" target="E5"/>
  <move id="189" source="B9" target="B8"/>
  <move id="190" source="E5" target="E4"/>
  <move id="191" source="B8" target="C8"/>
  <move id="192" source="E4" target="E3"/>
  <move id="193" source="B2" target="B3"/>
  <move id="194" source="F4" target="E4"/>
  <move id="195" source="B3" target="B4"/>
  <move id="196" source="E4" target="E5"/>
  <move id="197" source="B4" target="B5"/>
  <move id="198" source="E5" target="E6"/>
  <move id="199" source="B5" target="B6"/>
  <move id="200" source="E6" target="E7"/>
  <move id="201" source="B6" target="B7"/>
  <move id="202" source="E7" target="D7"/>
  <move id="203" source="B7" target="B8"/>
  <move id="204" source="D7" target="C7"/>
  <move id="205" source="C8" target="C9"/>
  <move id="206" source="C7" target="C8"/>
  <move id="207" source="B8" target="B9"/>
  <move id="208" source="C8" target="C9"/>
  <move id="209" source="B9" target="A9"/>
  <move id="210" source="E3" target="E2"/>
  <move id="211" source="A9" target="A:"/>
  <player id="1">Player 1</player>
  <player id="2">Player 2</player>
  <result type="1" winner="1"/>
 </game>
</stratego>