<?xml version="1.0" encoding="UTF-8"?>
<stratego>
 <game type="classic">
  
  <field content="BBBMBDEBDEEHECGJHJDGBGFHDGILDHDFIKFDEIDFAA__AA__AAAA__AA__AAPSVPSRTVPSRTPOWPUQTXNPNUQNQUPQRQNRNYNTPS"/>
  <move id="1" source="I4" target="I7"/>
  <move id="2" source="E7" target="E6"/>
  <move id="3" source="H4" target="I4"/>
  <move id="4" source="D7" target="E7"/>
  <move id="5" source="I4" target="I5"/>
  <move id="6" source="F7" target="F6"/>
  <move id="7" source="I5" target="I6"/>
  <move id="8" source="I8" target="I7"/>
  <move id="9" source="H3" target="H4"/>
  <move id="10" source="H8" target="I8"/>
  <move id="11" source="H4" target="I4"/>
  <move id="12" source="E6" target="E5"/>
  <move id="13" source="I4" target="I5"/>
  <move id="14" source="E7" target="E6"/>
  <move id="15" source="I6" target="I7"/>
  <move id="16" source="H7" target="I7"/>
  <move id="17" source="I5" target="I6"/>
  <move id="18" source="I7" target="H7"/>
  <move id="19" source="I6" target="I7"/>
  <move id="20" source="H7" target="H8"/>
  <move id="21" source="I7" target="H7"/>
  <move id="22" source="E5" target="E4"/>
  <move id="23" source="F4" target="F5"/>
  <move id="24" source="E6" target="E5"/>
  <move id="25" source="I3" target="I8"/>
  <move id="26" source="K7" target="K6"/>
  <move id="27" source="H7" target="H8"/>
  <move id="28" source="E4" target="D4"/>
  <move id="29" source="F5" target="F6"/>
  <move id="30" source="E5" target="E3"/>
  <move id="31" source="H8" target="H7"/>
  <move id="32" source="K6" target="K5"/>
  <move id="33" source="H7" target="I7"/>
  <move id="34" source="I8" target="H8"/>
  <move id="35" source="I7" target="H7"/>
  <move id="36" source="H8" target="I8"/>
  <move id="37" source="H2" target="H3"/>
  <move id="38" source="E8" target="E7"/>
  <move id="39" source="D4" target="E4"/>
  <move id="40" source="E7" target="E6"/>
  <move id="41" source="E4" target="F4"/>
  <move id="42" source="E6" target="E5"/>
  <move id="43" source="H3" target="H4"/>
  <move id="44" source="E5" target="E4"/>
  <move id="45" source="F4" target="E4"/>
  <move id="46" source="C7" target="D7"/>
  <move id="47" source="H4" target="I4"/>
  <move id="48" source="D7" target="E7"/>
  <move id="49" source="I4" target="I5"/>
  <move id="50" source="K5" target="I5"/>
  <move id="51" source="K4" target="K5"/>
  <move id="52" source="E7" target="E6"/>
  <move id="53" source="K5" target="K6"/>
  <move id="54" source="K8" target="K7"/>
  <move id="55" source="K6" target="K7"/>
  <move id="56" source="K7" target="K6"/>
  <move id="57" source="H7" target="I7"/>
  <move id="58" source="E6" target="E5"/>
  <move id="59" source="F3" target="F4"/>
  <move id="60" source="E5" target="E4"/>
  <move id="61" source="F4" target="F5"/>
  <move id="62" source="E4" target="F4"/>
  <move id="63" source="F5" target="F6"/>
  <move id="64" source="F4" target="G4"/>
  <move id="65" source="F6" target="F7"/>
  <move id="66" source="G4" target="G3"/>
  <move id="67" source="F7" target="G7"/>
  <move id="68" source="G7" target="F7"/>
  <move id="69" source="I5" target="I4"/>
  <move id="70" source="K6" target="K5"/>
  <move id="71" source="I4" target="H4"/>
  <move id="72" source="K5" target="K4"/>
  <move id="73" source="H4" target="G4"/>
  <move id="74" source="G3" target="G4"/>
  <move id="75" source="F2" target="F3"/>
  <move id="76" source="K4" target="K3"/>
  <move id="77" source="F3" target="F4"/>
  <move id="78" source="F7" target="E7"/>
  <move id="79" source="F4" target="F5"/>
  <move id="80" source="K3" target="I3"/>
  <move id="81" source="I7" target="I8"/>
  <move id="82" source="I3" target="H3"/>
  <move id="83" source="F5" target="F6"/>
  <move id="84" source="H3" target="G3"/>
  <move id="85" source="I2" target="I3"/>
  <move id="86" source="G3" target="F3"/>
  <move id="87" source="I3" target="K3"/>
  <move id="88" source="F8" target="F6"/>
  <move id="89" source="K3" target="K9"/>
  <move id="90" source="F3" target="F4"/>
  <move id="91" source="I8" target="K8"/>
  <move id="92" source="F4" target="F5"/>
  <move id="93" source="F6" target="E6"/>
  <move id="94" source="E7" target="F7"/>
  <move id="95" source="K8" target="K9"/>
  <move id="96" source="F7" target="G7"/>
  <move id="97" source="K9" target="K8"/>
  <move id="98" source="G7" target="H7"/>
  <move id="99" source="K8" target="K7"/>
  <move id="100" source="H7" target="H8"/>
  <move id="101" source="K7" target="I7"/>
  <move id="102" source="F5" target="F6"/>
  <move id="103" source="E6" target="E7"/>
  <move id="104" source="F6" target="F7"/>
  <move id="105" source="E7" target="E6"/>
  <move id="106" source="G8" target="F8"/>
  <move id="107" source="C4" target="D4"/>
  <move id="108" source="F8" target="E8"/>
  <move id="109" source="D4" target="E4"/>
  <move id="110" source="E8" target="E7"/>
  <move id="111" source="E4" target="F4"/>
  <move id="112" source="E7" target="D7"/>
  <move id="113" source="F4" target="G4"/>
  <move id="114" source="D7" target="C7"/>
  <move id="115" source="G4" target="H4"/>
  <move id="116" source="B7" target="B6"/>
  <move id="117" source="H4" target="I4"/>
  <move id="118" source="B6" target="B5"/>
  <move id="119" source="I4" target="I5"/>
  <move id="120" source="B5" target="B4"/>
  <move id="121" source="A4" target="A5"/>
  <move id="122" source="C7" target="B7"/>
  <move id="123" source="I5" target="K5"/>
  <move id="124" source="B4" target="A4"/>
  <move id="125" source="A5" target="B5"/>
  <move id="126" source="B7" target="B6"/>
  <move id="127" source="K5" target="K6"/>
  <move id="128" source="B6" target="B5"/>
  <move id="129" source="K6" target="K7"/>
  <move id="130" source="B5" target="B4"/>
  <move id="131" source="K7" target="K8"/>
  <move id="132" source="A4" target="A3"/>
  <move id="133" source="K8" target="I8"/>
  <move id="134" source="H8" target="G8"/>
  <move id="135" source="I8" target="H8"/>
  <move id="136" source="G8" target="H8"/>
  <move id="137" source="I7" target="K7"/>
  <move id="138" source="H9" target="H8"/>
  <move id="139" source="K7" target="K6"/>
  <move id="140" source="A7" target="B7"/>
  <move id="141" source="K6" target="K5"/>
  <move id="142" source="B4" target="A4"/>
  <move id="143" source="K5" target="K4"/>
  <move id="144" source="B7" target="B3"/>
  <move id="145" source="K4" target="I4"/>
  <move id="146" source="A4" target="B4"/>
  <move id="147" source="I4" target="H4"/>
  <move id="148" source="B4" target="B3"/>
  <move id="149" source="H4" target="G4"/>
  <move id="150" source="B3" target="B4"/>
  <move id="151" source="G4" target="F4"/>
  <move id="152" source="B4" target="B5"/>
  <move id="153" source="F4" target="E4"/>
  <move id="154" source="B5" target="B6"/>
  <move id="155" source="E4" target="D4"/>
  <move id="156" source="B6" target="B7"/>
  <move id="157" source="D4" target="C4"/>
  <move id="158" source="B7" target="C7"/>
  <move id="159" source="C4" target="B4"/>
  <move id="160" source="C7" target="D7"/>
  <move id="161" source="B4" target="B5"/>
  <move id="162" source="D7" target="E7"/>
  <move id="163" source="B5" target="B6"/>
  <move id="164" source="E7" target="E8"/>
  <move id="165" source="B6" target="A6"/>
  <move id="166" source="E8" target="F8"/>
  <move id="167" source="A6" target="A7"/>
  <move id="168" source="F8" target="G8"/>
  <move id="169" source="C3" target="C4"/>
  <move id="170" source="G8" target="H8"/>
  <move id="171" source="C4" target="B4"/>
  <move id="172" source="H8" target="I8"/>
  <move id="173" source="B4" target="B5"/>
  <move id="174" source="I8" target="I7"/>
  <move id="175" source="B5" target="B6"/>
  <move id="176" source="I7" target="I6"/>
  <move id="177" source="B6" target="B7"/>
  <move id="178" source="I6" target="I5"/>
  <move id="179" source="B7" target="B8"/>
  <move id="180" source="A8" target="A7"/>
  <move id="181" source="A7" target="B7"/>
  <move id="182" source="B8" target="A8"/>
  <move id="183" source="B2" target="B3"/>
  <move id="184" source="I5" target="I4"/>
  <move id="185" source="B3" target="B4"/>
  <move id="186" source="I4" target="I3"/>
  <move id="187" source="B4" target="B5"/>
  <move id="188" source="I3" target="H3"/>
  <move id="189" source="B5" target="A5"/>
  <move id="190" source="H3" target="H2"/>
  <move id="191" source="A5" target="A6"/>
  <move id="192" source="I9" target="I1"/>
  <move id="193" source="A6" target="A7"/>
  <move id="194" source="H2" target="I2"/>
  <move id="195" source="A7" target="A8"/>
  <move id="196" source="I2" target="K2"/>
  <player id="1">Player 1</player>
  <player id="2">Player 2</player>
  <result type="3" winner="2"/>
 </game>
</stratego>