<?xml version="1.0" encoding="UTF-8"?>
<stratego>
 <game type="classic">
  
  <field content="DFIHEFJGDEGBHDDBBBHFBDGFJEIMDDEGHDLBIECKAA__AA__AAAA__AA__AAQRTUNTTSSNVWOQXSVNNRPPPPPPPQRNSRQUUPTQNY"/>
  <move id="1" source="K4" target="K5"/>
  <move id="2" source="I7" target="I6"/>
  <move id="3" source="K5" target="I5"/>
  <move id="4" source="H7" target="I7"/>
  <move id="5" source="I5" target="I6"/>
  <move id="6" source="F7" target="F6"/>
  <move id="7" source="I6" target="I7"/>
  <move id="8" source="F8" target="F7"/>
  <move id="9" source="K3" target="K7"/>
  <move id="10" source="F6" target="E6"/>
  <move id="11" source="K2" target="K3"/>
  <move id="12" source="F7" target="F6"/>
  <move id="13" source="K3" target="K4"/>
  <move id="14" source="G7" target="F7"/>
  <move id="15" source="K4" target="K5"/>
  <move id="16" source="E8" target="F8"/>
  <move id="17" source="K5" target="I5"/>
  <move id="18" source="F6" target="F5"/>
  <move id="19" source="K1" target="K2"/>
  <move id="20" source="F7" target="F6"/>
  <move id="21" source="E4" target="E5"/>
  <move id="22" source="F5" target="F4"/>
  <move id="23" source="E5" target="E6"/>
  <move id="24" source="F6" target="F5"/>
  <move id="25" source="E6" target="E7"/>
  <move id="26" source="F8" target="F7"/>
  <move id="27" source="K2" target="K3"/>
  <move id="28" source="G8" target="F8"/>
  <move id="29" source="K3" target="K4"/>
  <move id="30" source="G9" target="G8"/>
  <move id="31" source="I7" target="I8"/>
  <move id="32" source="G8" target="G7"/>
  <player id="1">Player 1</player>
  <player id="2">Player 2</player>
  <result type="3" winner="2"/>
 </game>
</stratego>