<?xml version="1.0" encoding="UTF-8"?>
<stratego>
 <game type="classic">
  
  <field content="MIHEEDEBEDBJHIJIFBDFHGLFGECKGBBDFDDBHGDDAA__AA__AAAA__AA__AAYXVNSRRNSRUPSWNTQRNTUPQVONTQUNQPPPPPPQST"/>
  <move id="1" source="B4" target="B5"/>
  <move id="2" source="B7" target="B6"/>
  <move id="3" source="B3" target="B4"/>
  <move id="4" source="B6" target="A6"/>
  <move id="5" source="B2" target="B3"/>
  <move id="6" source="A6" target="A5"/>
  <move id="7" source="B5" target="B6"/>
  <move id="8" source="B8" target="B6"/>
  <move id="9" source="B4" target="B5"/>
  <move id="10" source="B9" target="B5"/>
  <move id="11" source="B3" target="B4"/>
  <move id="12" source="C7" target="B7"/>
  <move id="13" source="E4" target="E5"/>
  <move id="14" source="B7" target="B6"/>
  <move id="15" source="E3" target="E4"/>
  <move id="16" source="B6" target="A6"/>
  <move id="17" source="B5" target="A5"/>
  <move id="18" source="A5" target="B5"/>
  <move id="19" source="B4" target="B3"/>
  <move id="20" source="B5" target="B4"/>
  <move id="21" source="B3" target="B2"/>
  <move id="22" source="B4" target="B3"/>
  <move id="23" source="C3" target="B3"/>
  <move id="24" source="C8" target="C7"/>
  <move id="25" source="C4" target="B4"/>
  <move id="26" source="B:" target="B4"/>
  <move id="27" source="D4" target="C4"/>
  <move id="28" source="D8" target="C8"/>
  <move id="29" source="D3" target="D4"/>
  <move id="30" source="C8" target="B8"/>
  <move id="31" source="B2" target="B3"/>
  <move id="32" source="B8" target="B7"/>
  <move id="33" source="B3" target="C3"/>
  <move id="34" source="B7" target="B6"/>
  <move id="35" source="C3" target="D3"/>
  <move id="36" source="B6" target="B5"/>
  <move id="37" source="E5" target="E7"/>
  <move id="38" source="B5" target="B4"/>
  <move id="39" source="E4" target="E5"/>
  <move id="40" source="B4" target="C4"/>
  <move id="41" source="E5" target="F5"/>
  <move id="42" source="C4" target="D4"/>
  <move id="43" source="D3" target="C3"/>
  <move id="44" source="A6" target="B6"/>
  <move id="45" source="C3" target="B3"/>
  <move id="46" source="D4" target="C4"/>
  <move id="47" source="F3" target="E3"/>
  <move id="48" source="B6" target="A6"/>
  <move id="49" source="E3" target="E4"/>
  <move id="50" source="C:" target="B:"/>
  <move id="51" source="E4" target="E5"/>
  <move id="52" source="B:" target="B3"/>
  <move id="53" source="G3" target="F3"/>
  <move id="54" source="D:" target="B:"/>
  <move id="55" source="F3" target="E3"/>
  <move id="56" source="B:" target="B4"/>
  <move id="57" source="E3" target="E4"/>
  <move id="58" source="A6" target="A5"/>
  <move id="59" source="H3" target="G3"/>
  <move id="60" source="B4" target="A4"/>
  <move id="61" source="G3" target="F3"/>
  <move id="62" source="C4" target="D4"/>
  <move id="63" source="F3" target="E3"/>
  <move id="64" source="D4" target="E4"/>
  <move id="65" source="E5" target="E6"/>
  <move id="66" source="E4" target="F4"/>
  <move id="67" source="E3" target="D3"/>
  <move id="68" source="A5" target="B5"/>
  <move id="69" source="D3" target="D4"/>
  <move id="70" source="B5" target="B4"/>
  <move id="71" source="D4" target="C4"/>
  <move id="72" source="B4" target="B3"/>
  <move id="73" source="E6" target="E5"/>
  <move id="74" source="E:" target="B:"/>
  <move id="75" source="E5" target="E4"/>
  <move id="76" source="B:" target="B4"/>
  <move id="77" source="C4" target="C3"/>
  <move id="78" source="B4" target="C4"/>
  <move id="79" source="C3" target="D3"/>
  <move id="80" source="F:" target="B:"/>
  <move id="81" source="E4" target="D4"/>
  <move id="82" source="C4" target="C3"/>
  <move id="83" source="C2" target="C3"/>
  <move id="84" source="B:" target="B4"/>
  <move id="85" source="C3" target="C4"/>
  <move id="86" source="B4" target="B3"/>
  <move id="87" source="C4" target="C3"/>
  <move id="88" source="B3" target="A3"/>
  <move id="89" source="F5" target="E5"/>
  <move id="90" source="A8" target="B8"/>
  <move id="91" source="C3" target="B3"/>
  <move id="92" source="B8" target="B7"/>
  <move id="93" source="D3" target="C3"/>
  <move id="94" source="B7" target="B6"/>
  <move id="95" source="D4" target="C4"/>
  <move id="96" source="B6" target="B5"/>
  <move id="97" source="E2" target="E3"/>
  <move id="98" source="B5" target="B4"/>
  <move id="99" source="E3" target="D3"/>
  <move id="100" source="F7" target="F6"/>
  <move id="101" source="E5" target="E4"/>
  <move id="102" source="F6" target="F5"/>
  <move id="103" source="C4" target="B4"/>
  <move id="104" source="F5" target="E5"/>
  <move id="105" source="D3" target="E3"/>
  <move id="106" source="E5" target="E4"/>
  <move id="107" source="E3" target="D3"/>
  <move id="108" source="F8" target="F7"/>
  <move id="109" source="B3" target="B2"/>
  <move id="110" source="F7" target="F6"/>
  <move id="111" source="C3" target="B3"/>
  <move id="112" source="B4" target="B5"/>
  <move id="113" source="B3" target="B4"/>
  <move id="114" source="B5" target="B6"/>
  <move id="115" source="B4" target="B5"/>
  <move id="116" source="B6" target="B7"/>
  <move id="117" source="B5" target="B6"/>
  <move id="118" source="B7" target="B8"/>
  <move id="119" source="B6" target="B7"/>
  <move id="120" source="B8" target="B9"/>
  <move id="121" source="B7" target="B8"/>
  <move id="122" source="B9" target="B:"/>
  <move id="123" source="B8" target="B9"/>
  <move id="124" source="B:" target="C:"/>
  <move id="125" source="B9" target="B:"/>
  <move id="126" source="C:" target="D:"/>
  <move id="127" source="B:" target="C:"/>
  <move id="128" source="D:" target="E:"/>
  <move id="129" source="C:" target="D:"/>
  <move id="130" source="D9" target="D:"/>
  <move id="131" source="D:" target="E:"/>
  <move id="132" source="F6" target="F5"/>
  <move id="133" source="D3" target="D4"/>
  <move id="134" source="F5" target="E5"/>
  <move id="135" source="E4" target="E3"/>
  <move id="136" source="G8" target="F8"/>
  <move id="137" source="E:" target="D:"/>
  <move id="138" source="F8" target="F7"/>
  <move id="139" source="D4" target="E4"/>
  <move id="140" source="E5" target="F5"/>
  <move id="141" source="D:" target="C:"/>
  <move id="142" source="F5" target="F6"/>
  <move id="143" source="C:" target="B:"/>
  <move id="144" source="E7" target="E6"/>
  <move id="145" source="B:" target="B9"/>
  <move id="146" source="F7" target="E7"/>
  <move id="147" source="B9" target="B8"/>
  <move id="148" source="F6" target="F7"/>
  <move id="149" source="B8" target="B7"/>
  <move id="150" source="F7" target="F8"/>
  <move id="151" source="B7" target="B6"/>
  <move id="152" source="E7" target="F7"/>
  <move id="153" source="E4" target="E5"/>
  <move id="154" source="F7" target="F6"/>
  <move id="155" source="E5" target="E6"/>
  <move id="156" source="F6" target="F5"/>
  <move id="157" source="E6" target="E5"/>
  <move id="158" source="F5" target="F4"/>
  <move id="159" source="G4" target="F4"/>
  <move id="160" source="F8" target="G8"/>
  <move id="161" source="E5" target="E6"/>
  <move id="162" source="G7" target="F7"/>
  <move id="163" source="E6" target="F6"/>
  <move id="164" source="F7" target="E7"/>
  <move id="165" source="E3" target="D3"/>
  <move id="166" source="I7" target="I6"/>
  <move id="167" source="F2" target="F3"/>
  <move id="168" source="I6" target="I5"/>
  <move id="169" source="F3" target="G3"/>
  <move id="170" source="I5" target="I4"/>
  <move id="171" source="H4" target="I4"/>
  <move id="172" source="K7" target="K6"/>
  <move id="173" source="G3" target="H3"/>
  <move id="174" source="K6" target="K5"/>
  <move id="175" source="D2" target="E2"/>
  <move id="176" source="K5" target="K4"/>
  <move id="177" source="E2" target="F2"/>
  <move id="178" source="K4" target="K3"/>
  <move id="179" source="F2" target="F3"/>
  <move id="180" source="K8" target="K7"/>
  <move id="181" source="F3" target="G3"/>
  <move id="182" source="K7" target="K6"/>
  <move id="183" source="H3" target="H4"/>
  <move id="184" source="K6" target="K5"/>
  <move id="185" source="H4" target="I4"/>
  <move id="186" source="K5" target="K4"/>
  <move id="187" source="I4" target="K4"/>
  <player id="1">Player 1</player>
  <player id="2">Player 2</player>
  <result type="3" winner="1"/>
 </game>
</stratego>