<?xml version="1.0" encoding="UTF-8"?>
<stratego>
 <game type="classic">
  
  <field content="EDEBBBMBBEDDBFEGIGEJIKCJHILDDHGHGFDDHFDFAA__AA__AAAA__AA__AANRRNPTWXUPRNNSPUOVPPRNSQTQVTQTNSPQSPUYPQ"/>
  <move id="1" source="B4" target="B5"/>
  <move id="2" source="F7" target="F6"/>
  <move id="3" source="B3" target="B4"/>
  <move id="4" source="E7" target="E6"/>
  <move id="5" source="A4" target="A5"/>
  <move id="6" source="F6" target="F5"/>
  <move id="7" source="B5" target="B6"/>
  <move id="8" source="E6" target="E5"/>
  <move id="9" source="B4" target="B5"/>
  <move id="10" source="E5" target="E4"/>
  <move id="11" source="D4" target="E4"/>
  <move id="12" source="E8" target="E4"/>
  <move id="13" source="A5" target="A6"/>
  <move id="14" source="K7" target="K6"/>
  <move id="15" source="A6" target="A7"/>
  <move id="16" source="I7" target="I6"/>
  <move id="17" source="B6" target="A6"/>
  <move id="18" source="K6" target="K5"/>
  <move id="19" source="B5" target="A5"/>
  <move id="20" source="I6" target="I5"/>
  <move id="21" source="B2" target="B7"/>
  <move id="22" source="K5" target="K4"/>
  <move id="23" source="C4" target="B4"/>
  <move id="24" source="F5" target="E5"/>
  <move id="25" source="B4" target="B5"/>
  <move id="26" source="E5" target="E4"/>
  <move id="27" source="E3" target="E4"/>
  <move id="28" source="F8" target="E8"/>
  <move id="29" source="F4" target="E4"/>
  <move id="30" source="E8" target="F8"/>
  <move id="31" source="B5" target="B6"/>
  <move id="32" source="F8" target="F7"/>
  <move id="33" source="G4" target="F4"/>
  <move id="34" source="F7" target="F6"/>
  <move id="35" source="G3" target="G4"/>
  <move id="36" source="F6" target="F5"/>
  <move id="37" source="B6" target="B7"/>
  <move id="38" source="F5" target="E5"/>
  <move id="39" source="B7" target="B6"/>
  <move id="40" source="E5" target="E4"/>
  <move id="41" source="B6" target="B5"/>
  <move id="42" source="E4" target="E5"/>
  <move id="43" source="B5" target="B4"/>
  <move id="44" source="E5" target="E6"/>
  <move id="45" source="B4" target="A4"/>
  <move id="46" source="E6" target="E7"/>
  <move id="47" source="A2" target="B2"/>
  <move id="48" source="E7" target="F7"/>
  <move id="49" source="B2" target="B8"/>
  <move id="50" source="F7" target="F8"/>
  <move id="51" source="B1" target="B7"/>
  <move id="52" source="D8" target="E8"/>
  <move id="53" source="B7" target="C7"/>
  <move id="54" source="E8" target="E7"/>
  <move id="55" source="A6" target="B6"/>
  <move id="56" source="E7" target="E6"/>
  <move id="57" source="B6" target="B7"/>
  <move id="58" source="E6" target="E5"/>
  <move id="59" source="F4" target="E4"/>
  <move id="60" source="E5" target="E4"/>
  <move id="61" source="E4" target="F4"/>
  <move id="62" source="F8" target="E8"/>
  <move id="63" source="F3" target="E3"/>
  <move id="64" source="G8" target="F8"/>
  <move id="65" source="E3" target="E4"/>
  <move id="66" source="F8" target="F7"/>
  <move id="67" source="A5" target="B5"/>
  <move id="68" source="F7" target="F6"/>
  <move id="69" source="B5" target="B6"/>
  <move id="70" source="F6" target="F5"/>
  <move id="71" source="B7" target="C7"/>
  <move id="72" source="E8" target="E7"/>
  <move id="73" source="A1" target="A2"/>
  <move id="74" source="E7" target="E6"/>
  <move id="75" source="B6" target="B7"/>
  <move id="76" source="E6" target="E5"/>
  <move id="77" source="A2" target="B2"/>
  <move id="78" source="E5" target="E4"/>
  <move id="79" source="B2" target="B3"/>
  <move id="80" source="G7" target="F7"/>
  <move id="81" source="B3" target="B4"/>
  <move id="82" source="F7" target="E7"/>
  <move id="83" source="B4" target="C4"/>
  <move id="84" source="E7" target="E6"/>
  <move id="85" source="C4" target="B4"/>
  <move id="86" source="E6" target="E5"/>
  <move id="87" source="B4" target="B5"/>
  <move id="88" source="E5" target="E4"/>
  <move id="89" source="B5" target="B6"/>
  <move id="90" source="H7" target="G7"/>
  <move id="91" source="A4" target="A5"/>
  <move id="92" source="G7" target="F7"/>
  <move id="93" source="B6" target="A6"/>
  <move id="94" source="F7" target="E7"/>
  <move id="95" source="A6" target="A7"/>
  <move id="96" source="A8" target="A7"/>
  <move id="97" source="A5" target="A6"/>
  <move id="98" source="A7" target="A8"/>
  <move id="99" source="A6" target="A7"/>
  <move id="100" source="E7" target="E6"/>
  <move id="101" source="A7" target="A8"/>
  <move id="102" source="E6" target="E5"/>
  <move id="103" source="C1" target="B1"/>
  <move id="104" source="E4" target="F4"/>
  <move id="105" source="B1" target="B2"/>
  <move id="106" source="E5" target="E4"/>
  <move id="107" source="B2" target="B3"/>
  <move id="108" source="E4" target="E3"/>
  <move id="109" source="B3" target="B4"/>
  <move id="110" source="F9" target="F8"/>
  <move id="111" source="B4" target="B5"/>
  <move id="112" source="F8" target="F7"/>
  <move id="113" source="A8" target="A9"/>
  <move id="114" source="F7" target="E7"/>
  <move id="115" source="B5" target="B6"/>
  <move id="116" source="E7" target="E6"/>
  <move id="117" source="B6" target="A6"/>
  <move id="118" source="E6" target="E5"/>
  <move id="119" source="A6" target="A7"/>
  <move id="120" source="E5" target="E4"/>
  <move id="121" source="A7" target="A8"/>
  <move id="122" source="E4" target="D4"/>
  <move id="123" source="G4" target="G3"/>
  <move id="124" source="D4" target="C4"/>
  <move id="125" source="G3" target="F3"/>
  <move id="126" source="E3" target="E4"/>
  <move id="127" source="F3" target="E3"/>
  <move id="128" source="E4" target="E5"/>
  <move id="129" source="E3" target="E4"/>
  <move id="130" source="E5" target="E4"/>
  <move id="131" source="A8" target="B8"/>
  <move id="132" source="C4" target="B4"/>
  <move id="133" source="B8" target="C8"/>
  <move id="134" source="G9" target="G8"/>
  <move id="135" source="C8" target="C9"/>
  <move id="136" source="F4" target="E4"/>
  <move id="137" source="C3" target="B3"/>
  <move id="138" source="E4" target="E5"/>
  <move id="139" source="B3" target="B4"/>
  <move id="140" source="E5" target="E6"/>
  <move id="141" source="B7" target="B8"/>
  <move id="142" source="E6" target="E7"/>
  <move id="143" source="B8" target="C8"/>
  <move id="144" source="E7" target="E8"/>
  <move id="145" source="C8" target="C9"/>
  <move id="146" source="D9" target="D8"/>
  <move id="147" source="A9" target="A:"/>
  <move id="148" source="E9" target="F9"/>
  <move id="149" source="C9" target="C8"/>
  <move id="150" source="D8" target="D9"/>
  <move id="151" source="C8" target="C9"/>
  <move id="152" source="E8" target="E9"/>
  <move id="153" source="C9" target="C:"/>
  <move id="154" source="D9" target="D8"/>
  <move id="155" source="C:" target="D:"/>
  <move id="156" source="G8" target="G7"/>
  <move id="157" source="D:" target="E:"/>
  <move id="158" source="E9" target="E:"/>
  <move id="159" source="C7" target="C8"/>
  <move id="160" source="F5" target="F4"/>
  <move id="161" source="C8" target="D8"/>
  <move id="162" source="G7" target="F7"/>
  <move id="163" source="D8" target="D9"/>
  <move id="164" source="F7" target="F8"/>
  <move id="165" source="D9" target="D:"/>
  <move id="166" source="F8" target="E8"/>
  <move id="167" source="D:" target="C:"/>
  <move id="168" source="E8" target="D8"/>
  <move id="169" source="C:" target="B:"/>
  <move id="170" source="D8" target="D9"/>
  <move id="171" source="D3" target="E3"/>
  <move id="172" source="D9" target="C9"/>
  <move id="173" source="E3" target="E4"/>
  <move id="174" source="H8" target="G8"/>
  <move id="175" source="E4" target="F4"/>
  <move id="176" source="G8" target="F8"/>
  <move id="177" source="F4" target="F5"/>
  <move id="178" source="C9" target="C:"/>
  <move id="179" source="F5" target="F6"/>
  <move id="180" source="C:" target="B:"/>
  <move id="181" source="F6" target="F7"/>
  <move id="182" source="F8" target="F7"/>
  <move id="183" source="I4" target="I5"/>
  <move id="184" source="B:" target="C:"/>
  <move id="185" source="I3" target="I4"/>
  <move id="186" source="C:" target="D:"/>
  <move id="187" source="K3" target="I3"/>
  <move id="188" source="D:" target="E:"/>
  <move id="189" source="K2" target="K3"/>
  <move id="190" source="E:" target="E9"/>
  <move id="191" source="K4" target="K5"/>
  <move id="192" source="E9" target="E8"/>
  <move id="193" source="K5" target="K6"/>
  <move id="194" source="E8" target="F8"/>
  <move id="195" source="K3" target="K4"/>
  <move id="196" source="F8" target="G8"/>
  <move id="197" source="K4" target="K5"/>
  <move id="198" source="I5" target="I4"/>
  <move id="199" source="I3" target="K3"/>
  <move id="200" source="G8" target="G7"/>
  <move id="201" source="H4" target="G4"/>
  <move id="202" source="F9" target="E9"/>
  <move id="203" source="G4" target="F4"/>
  <move id="204" source="F:" target="F4"/>
  <move id="205" source="K6" target="K7"/>
  <move id="206" source="G7" target="H7"/>
  <move id="207" source="K7" target="K8"/>
  <move id="208" source="K9" target="K8"/>
  <move id="209" source="H3" target="G3"/>
  <move id="210" source="I4" target="H4"/>
  <move id="211" source="G3" target="F3"/>
  <move id="212" source="H4" target="G4"/>
  <move id="213" source="F4" target="E4"/>
  <move id="214" source="G4" target="F4"/>
  <move id="215" source="F3" target="G3"/>
  <move id="216" source="F4" target="E4"/>
  <move id="217" source="K5" target="K6"/>
  <move id="218" source="H7" target="I7"/>
  <move id="219" source="K6" target="K5"/>
  <move id="220" source="I7" target="I6"/>
  <move id="221" source="G3" target="H3"/>
  <move id="222" source="E4" target="F4"/>
  <move id="223" source="G2" target="G3"/>
  <move id="224" source="B4" target="C4"/>
  <move id="225" source="G3" target="F3"/>
  <move id="226" source="F4" target="F3"/>
  <move id="227" source="K5" target="K4"/>
  <move id="228" source="I6" target="I5"/>
  <move id="229" source="K4" target="I4"/>
  <move id="230" source="I5" target="I4"/>
  <move id="231" source="K3" target="K4"/>
  <move id="232" source="I8" target="I7"/>
  <move id="233" source="K4" target="I4"/>
  <move id="234" source="I7" target="I6"/>
  <move id="235" source="I4" target="H4"/>
  <move id="236" source="I6" target="I7"/>
  <move id="237" source="H4" target="G4"/>
  <move id="238" source="I7" target="H7"/>
  <move id="239" source="G4" target="F4"/>
  <move id="240" source="H7" target="G7"/>
  <move id="241" source="F4" target="E4"/>
  <move id="242" source="G7" target="F7"/>
  <move id="243" source="I2" target="I3"/>
  <move id="244" source="G:" target="G9"/>
  <move id="245" source="I3" target="I4"/>
  <move id="246" source="G9" target="G8"/>
  <move id="247" source="I4" target="I5"/>
  <move id="248" source="G8" target="H8"/>
  <move id="249" source="I5" target="I6"/>
  <move id="250" source="H8" target="I8"/>
  <move id="251" source="I6" target="I7"/>
  <move id="252" source="I8" target="I7"/>
  <move id="253" source="E4" target="E5"/>
  <move id="254" source="I7" target="H7"/>
  <move id="255" source="E5" target="E6"/>
  <move id="256" source="H7" target="G7"/>
  <move id="257" source="E6" target="E7"/>
  <move id="258" source="F7" target="E7"/>
  <move id="259" source="E7" target="E8"/>
  <move id="260" source="E9" target="E8"/>
  <move id="261" source="H3" target="H4"/>
  <move id="262" source="K8" target="I8"/>
  <move id="263" source="H4" target="G4"/>
  <move id="264" source="I8" target="H8"/>
  <move id="265" source="G4" target="F4"/>
  <move id="266" source="H8" target="G8"/>
  <move id="267" source="F4" target="F5"/>
  <move id="268" source="G8" target="F8"/>
  <move id="269" source="F5" target="F4"/>
  <move id="270" source="I9" target="I8"/>
  <move id="271" source="F4" target="G4"/>
  <move id="272" source="I8" target="H8"/>
  <move id="273" source="G4" target="H4"/>
  <move id="274" source="H8" target="I8"/>
  <move id="275" source="H4" target="I4"/>
  <move id="276" source="I8" target="I7"/>
  <move id="277" source="I4" target="H4"/>
  <move id="278" source="I7" target="I6"/>
  <move id="279" source="H4" target="G4"/>
  <move id="280" source="I6" target="I5"/>
  <move id="281" source="G4" target="F4"/>
  <move id="282" source="I5" target="I4"/>
  <move id="283" source="E2" target="E3"/>
  <move id="284" source="I4" target="I3"/>
  <move id="285" source="E3" target="D3"/>
  <move id="286" source="I3" target="H3"/>
  <move id="287" source="D3" target="C3"/>
  <move id="288" source="C4" target="B4"/>
  <move id="289" source="C3" target="B3"/>
  <move id="290" source="B4" target="A4"/>
  <move id="291" source="F4" target="E4"/>
  <move id="292" source="H3" target="H2"/>
  <move id="293" source="E4" target="E5"/>
  <move id="294" source="G7" target="F7"/>
  <move id="295" source="E5" target="F5"/>
  <move id="296" source="F7" target="G7"/>
  <move id="297" source="F5" target="F4"/>
  <move id="298" source="G7" target="H7"/>
  <move id="299" source="F4" target="G4"/>
  <move id="300" source="H7" target="I7"/>
  <move id="301" source="G4" target="F4"/>
  <move id="302" source="I7" target="H7"/>
  <player id="1">Player 1</player>
  <player id="2">Player 2</player>
  <result type="4" winner="3"/>
 </game>
</stratego>