<?xml version="1.0" encoding="UTF-8"?>
<stratego>
 <game type="classic">
  
  <field content="EDBBBBBMBEDFEFEFEGDFIDHJKLCJDIGDHDGHDIGHAA__AA__AAAA__AA__AANPWSPPRSPPTSOVNNSXNNNVTUUTTRRRYUQQQPPPQQ"/>
  <move id="1" source="K4" target="K5"/>
  <move id="2" source="F7" target="F6"/>
  <move id="3" source="F4" target="F5"/>
  <move id="4" source="F6" target="F7"/>
  <move id="5" source="F5" target="F6"/>
  <move id="6" source="I7" target="I6"/>
  <move id="7" source="K5" target="K6"/>
  <move id="8" source="H7" target="I7"/>
  <move id="9" source="A4" target="A5"/>
  <move id="10" source="H8" target="H7"/>
  <move id="11" source="A5" target="A6"/>
  <move id="12" source="B7" target="B6"/>
  <move id="13" source="A6" target="B6"/>
  <move id="14" source="B8" target="B7"/>
  <move id="15" source="B6" target="A6"/>
  <move id="16" source="B7" target="B6"/>
  <move id="17" source="A6" target="A5"/>
  <move id="18" source="C7" target="B7"/>
  <move id="19" source="A3" target="A4"/>
  <move id="20" source="C8" target="C7"/>
  <move id="21" source="E4" target="E5"/>
  <move id="22" source="F7" target="F6"/>
  <move id="23" source="E5" target="F5"/>
  <move id="24" source="G7" target="F7"/>
  <move id="25" source="F6" target="E6"/>
  <move id="26" source="H7" target="G7"/>
  <move id="27" source="F5" target="F6"/>
  <move id="28" source="I6" target="K6"/>
  <move id="29" source="I4" target="I5"/>
  <move id="30" source="I7" target="H7"/>
  <move id="31" source="I5" target="K5"/>
  <move id="32" source="K7" target="I7"/>
  <move id="33" source="I3" target="I4"/>
  <move id="34" source="H7" target="H8"/>
  <move id="35" source="I4" target="I5"/>
  <move id="36" source="G7" target="H7"/>
  <move id="37" source="D4" target="E4"/>
  <move id="38" source="H7" target="G7"/>
  <move id="39" source="E4" target="E5"/>
  <move id="40" source="H8" target="H7"/>
  <move id="41" source="A5" target="B5"/>
  <move id="42" source="F7" target="F6"/>
  <move id="43" source="F6" target="F5"/>
  <move id="44" source="G7" target="F7"/>
  <move id="45" source="F5" target="F4"/>
  <move id="46" source="F7" target="F6"/>
  <move id="47" source="I5" target="I6"/>
  <move id="48" source="F6" target="E6"/>
  <move id="49" source="E5" target="E4"/>
  <move id="50" source="E6" target="F6"/>
  <move id="51" source="E4" target="D4"/>
  <move id="52" source="F6" target="F7"/>
  <move id="53" source="F4" target="F5"/>
  <move id="54" source="F7" target="G7"/>
  <move id="55" source="F5" target="E5"/>
  <move id="56" source="H7" target="H8"/>
  <move id="57" source="E5" target="E6"/>
  <move id="58" source="G7" target="F7"/>
  <move id="59" source="F3" target="F4"/>
  <move id="60" source="E7" target="E6"/>
  <move id="61" source="I6" target="I5"/>
  <move id="62" source="D7" target="E7"/>
  <move id="63" source="E6" target="E5"/>
  <move id="64" source="D8" target="D7"/>
  <move id="65" source="F4" target="F5"/>
  <move id="66" source="C7" target="C8"/>
  <move id="67" source="E5" target="E4"/>
  <move id="68" source="D7" target="D8"/>
  <move id="69" source="F5" target="E5"/>
  <move id="70" source="G8" target="G7"/>
  <move id="71" source="E5" target="E6"/>
  <move id="72" source="B7" target="B8"/>
  <move id="73" source="E4" target="F4"/>
  <move id="74" source="B6" target="B7"/>
  <move id="75" source="E3" target="E4"/>
  <move id="76" source="B7" target="C7"/>
  <move id="77" source="E4" target="E5"/>
  <move id="78" source="C7" target="B7"/>
  <move id="79" source="E5" target="F5"/>
  <move id="80" source="B7" target="B6"/>
  <move id="81" source="E6" target="E7"/>
  <move id="82" source="B8" target="B7"/>
  <move id="83" source="E7" target="F7"/>
  <move id="84" source="B7" target="C7"/>
  <move id="85" source="F5" target="F6"/>
  <move id="86" source="C7" target="D7"/>
  <move id="87" source="F6" target="F7"/>
  <move id="88" source="D7" target="E7"/>
  <move id="89" source="F7" target="G7"/>
  <move id="90" source="D8" target="D7"/>
  <move id="91" source="K6" target="I6"/>
  <move id="92" source="E7" target="F7"/>
  <move id="93" source="G7" target="G8"/>
  <move id="94" source="D7" target="C7"/>
  <move id="95" source="I6" target="I7"/>
  <move id="96" source="C7" target="B7"/>
  <move id="97" source="I7" target="K7"/>
  <move id="98" source="B6" target="A6"/>
  <move id="99" source="B5" target="A5"/>
  <move id="100" source="B9" target="B8"/>
  <move id="101" source="I5" target="I8"/>
  <move id="102" source="H8" target="H7"/>
  <move id="103" source="K7" target="K8"/>
  <move id="104" source="C9" target="B9"/>
  <move id="105" source="G8" target="F8"/>
  <move id="106" source="B7" target="B6"/>
  <move id="107" source="H4" target="I4"/>
  <move id="108" source="B8" target="B7"/>
  <move id="109" source="I4" target="I5"/>
  <move id="110" source="F7" target="G7"/>
  <move id="111" source="I5" target="I6"/>
  <move id="112" source="B6" target="B5"/>
  <move id="113" source="D3" target="E3"/>
  <move id="114" source="B5" target="B4"/>
  <move id="115" source="A5" target="A6"/>
  <move id="116" source="B7" target="C7"/>
  <move id="117" source="E3" target="E4"/>
  <move id="118" source="C7" target="D7"/>
  <move id="119" source="E4" target="E5"/>
  <move id="120" source="B4" target="B5"/>
  <move id="121" source="E5" target="E6"/>
  <move id="122" source="G7" target="F7"/>
  <move id="123" source="E6" target="E7"/>
  <move id="124" source="F7" target="E7"/>
  <move id="125" source="I6" target="I7"/>
  <move id="126" source="E7" target="F7"/>
  <move id="127" source="I7" target="H7"/>
  <move id="128" source="F7" target="G7"/>
  <move id="129" source="H7" target="H8"/>
  <move id="130" source="G7" target="G8"/>
  <move id="131" source="H8" target="H9"/>
  <move id="132" source="D7" target="D8"/>
  <move id="133" source="G4" target="H4"/>
  <move id="134" source="D9" target="C9"/>
  <move id="135" source="H4" target="I4"/>
  <move id="136" source="E9" target="D9"/>
  <move id="137" source="H9" target="H:"/>
  <move id="138" source="D9" target="E9"/>
  <move id="139" source="H:" target="G:"/>
  <move id="140" source="G9" target="H9"/>
  <move id="141" source="F4" target="F3"/>
  <move id="142" source="B9" target="B8"/>
  <move id="143" source="H3" target="H4"/>
  <move id="144" source="C9" target="B9"/>
  <move id="145" source="H4" target="G4"/>
  <move id="146" source="E9" target="D9"/>
  <move id="147" source="G4" target="F4"/>
  <move id="148" source="D9" target="C9"/>
  <move id="149" source="F4" target="F5"/>
  <move id="150" source="B5" target="B6"/>
  <move id="151" source="F5" target="F6"/>
  <move id="152" source="B6" target="B7"/>
  <move id="153" source="F6" target="F7"/>
  <move id="154" source="B7" target="C7"/>
  <move id="155" source="F7" target="E7"/>
  <move id="156" source="C7" target="D7"/>
  <move id="157" source="E7" target="E8"/>
  <move id="158" source="D8" target="D9"/>
  <move id="159" source="G:" target="F:"/>
  <move id="160" source="D9" target="E9"/>
  <move id="161" source="F:" target="E:"/>
  <move id="162" source="E9" target="E:"/>
  <player id="1">Player 1</player>
  <player id="2">Player 2</player>
  <result type="3" winner="2"/>
 </game>
</stratego>