<?xml version="1.0" encoding="UTF-8"?>
<stratego>
 <game type="classic">
  
  <field content="FDEBMBGEFDEJIEBIGEBFGDDLGHJHBBDHCIHDKDFDAA__AA__AAAA__AA__AANSSTTNUTRQRNNVSXQOWVNRQPPPPPPPYNQTPUUQRS"/>
  <move id="1" source="F4" target="F7"/>
  <move id="2" source="B7" target="B6"/>
  <move id="3" source="E4" target="E5"/>
  <move id="4" source="C7" target="B7"/>
  <move id="5" source="E5" target="E6"/>
  <move id="6" source="B6" target="A6"/>
  <move id="7" source="E6" target="E7"/>
  <move id="8" source="B7" target="B6"/>
  <move id="9" source="E3" target="E4"/>
  <move id="10" source="D7" target="C7"/>
  <move id="11" source="E4" target="E5"/>
  <move id="12" source="C7" target="B7"/>
  <move id="13" source="E5" target="E6"/>
  <move id="14" source="E8" target="E7"/>
  <move id="15" source="E6" target="E7"/>
  <move id="16" source="E9" target="E8"/>
  <move id="17" source="F3" target="F4"/>
  <move id="18" source="E8" target="E7"/>
  <move id="19" source="F4" target="F5"/>
  <move id="20" source="F9" target="E9"/>
  <move id="21" source="F5" target="F6"/>
  <move id="22" source="F8" target="E8"/>
  <move id="23" source="F6" target="E6"/>
  <move id="24" source="D8" target="D7"/>
  <move id="25" source="E6" target="E7"/>
  <move id="26" source="D7" target="E7"/>
  <move id="27" source="G4" target="F4"/>
  <move id="28" source="E8" target="D8"/>
  <move id="29" source="F4" target="F5"/>
  <move id="30" source="E7" target="E8"/>
  <move id="31" source="F5" target="F6"/>
  <move id="32" source="E8" target="F8"/>
  <move id="33" source="H4" target="G4"/>
  <move id="34" source="E9" target="E8"/>
  <move id="35" source="G4" target="F4"/>
  <move id="36" source="E8" target="E7"/>
  <move id="37" source="F4" target="E4"/>
  <move id="38" source="D9" target="E9"/>
  <move id="39" source="E4" target="E5"/>
  <move id="40" source="E7" target="E6"/>
  <move id="41" source="F6" target="E6"/>
  <move id="42" source="D8" target="D7"/>
  <move id="43" source="K4" target="K7"/>
  <move id="44" source="E9" target="E8"/>
  <move id="45" source="I4" target="I5"/>
  <move id="46" source="E8" target="E7"/>
  <move id="47" source="E6" target="F6"/>
  <move id="48" source="E7" target="E5"/>
  <move id="49" source="I5" target="K5"/>
  <move id="50" source="I7" target="I6"/>
  <move id="51" source="K5" target="K6"/>
  <move id="52" source="K7" target="I7"/>
  <move id="53" source="K6" target="K7"/>
  <move id="54" source="K8" target="K7"/>
  <move id="55" source="F6" target="F5"/>
  <move id="56" source="K7" target="K8"/>
  <move id="57" source="F5" target="E5"/>
  <move id="58" source="G9" target="F9"/>
  <move id="59" source="E5" target="E6"/>
  <move id="60" source="F9" target="E9"/>
  <move id="61" source="E6" target="E7"/>
  <move id="62" source="D7" target="E7"/>
  <move id="63" source="D3" target="E3"/>
  <move id="64" source="E7" target="D7"/>
  <move id="65" source="E3" target="E4"/>
  <move id="66" source="I6" target="I5"/>
  <move id="67" source="E4" target="F4"/>
  <move id="68" source="I7" target="K7"/>
  <move id="69" source="F4" target="G4"/>
  <move id="70" source="I8" target="I7"/>
  <move id="71" source="G4" target="H4"/>
  <move id="72" source="I7" target="I6"/>
  <move id="73" source="H4" target="I4"/>
  <move id="74" source="H8" target="I8"/>
  <move id="75" source="I4" target="K4"/>
  <move id="76" source="I5" target="K5"/>
  <move id="77" source="K4" target="K5"/>
  <move id="78" source="I8" target="I7"/>
  <move id="79" source="K5" target="K6"/>
  <move id="80" source="I6" target="I5"/>
  <move id="81" source="H3" target="H4"/>
  <move id="82" source="K8" target="I8"/>
  <move id="83" source="H4" target="I4"/>
  <move id="84" source="I5" target="I4"/>
  <move id="85" source="K6" target="K5"/>
  <move id="86" source="I7" target="I6"/>
  <move id="87" source="K5" target="K4"/>
  <move id="88" source="I4" target="I5"/>
  <move id="89" source="B4" target="B5"/>
  <move id="90" source="D7" target="E7"/>
  <move id="91" source="B5" target="B6"/>
  <move id="92" source="A6" target="A5"/>
  <move id="93" source="B6" target="B7"/>
  <move id="94" source="A5" target="B5"/>
  <move id="95" source="D4" target="D3"/>
  <move id="96" source="E7" target="E6"/>
  <move id="97" source="C4" target="D4"/>
  <move id="98" source="E6" target="E5"/>
  <move id="99" source="C3" target="C4"/>
  <move id="100" source="E5" target="F5"/>
  <move id="101" source="B3" target="B5"/>
  <move id="102" source="E9" target="E4"/>
  <move id="103" source="B2" target="B3"/>
  <move id="104" source="E4" target="D4"/>
  <move id="105" source="B3" target="B4"/>
  <move id="106" source="B5" target="B6"/>
  <move id="107" source="B4" target="B5"/>
  <move id="108" source="B6" target="B7"/>
  <move id="109" source="B5" target="B6"/>
  <move id="110" source="B7" target="C7"/>
  <move id="111" source="B6" target="B7"/>
  <move id="112" source="C7" target="D7"/>
  <move id="113" source="B7" target="C7"/>
  <move id="114" source="D7" target="E7"/>
  <move id="115" source="C7" target="D7"/>
  <move id="116" source="F8" target="E8"/>
  <move id="117" source="D7" target="E7"/>
  <move id="118" source="E8" target="E7"/>
  <move id="119" source="C4" target="D4"/>
  <move id="120" source="F5" target="F4"/>
  <move id="121" source="B1" target="B8"/>
  <move id="122" source="G8" target="G9"/>
  <move id="123" source="A3" target="B3"/>
  <move id="124" source="I8" target="H8"/>
  <move id="125" source="B3" target="B4"/>
  <move id="126" source="H8" target="G8"/>
  <move id="127" source="B4" target="B5"/>
  <move id="128" source="G8" target="F8"/>
  <move id="129" source="B5" target="B6"/>
  <move id="130" source="F8" target="E8"/>
  <move id="131" source="B6" target="B7"/>
  <move id="132" source="E8" target="E7"/>
  <move id="133" source="B7" target="B6"/>
  <move id="134" source="E7" target="D7"/>
  <move id="135" source="B6" target="B5"/>
  <move id="136" source="D7" target="C7"/>
  <move id="137" source="B5" target="A5"/>
  <move id="138" source="C7" target="B7"/>
  <move id="139" source="A4" target="A3"/>
  <move id="140" source="B7" target="B6"/>
  <move id="141" source="A3" target="B3"/>
  <move id="142" source="B6" target="B5"/>
  <move id="143" source="A5" target="A6"/>
  <move id="144" source="F4" target="E4"/>
  <move id="145" source="B3" target="B2"/>
  <move id="146" source="E4" target="D4"/>
  <move id="147" source="G3" target="F3"/>
  <move id="148" source="D4" target="E4"/>
  <move id="149" source="B2" target="B1"/>
  <move id="150" source="E:" target="E9"/>
  <move id="151" source="B1" target="B2"/>
  <move id="152" source="E9" target="E8"/>
  <move id="153" source="B2" target="B3"/>
  <move id="154" source="E8" target="E7"/>
  <move id="155" source="B3" target="B4"/>
  <move id="156" source="B5" target="B6"/>
  <move id="157" source="A6" target="A5"/>
  <move id="158" source="E4" target="D4"/>
  <move id="159" source="F3" target="F4"/>
  <move id="160" source="D4" target="C4"/>
  <move id="161" source="F4" target="E4"/>
  <move id="162" source="B6" target="B7"/>
  <move id="163" source="E4" target="E5"/>
  <move id="164" source="B7" target="C7"/>
  <move id="165" source="E5" target="F5"/>
  <move id="166" source="C4" target="B4"/>
  <move id="167" source="A5" target="A6"/>
  <move id="168" source="B4" target="B5"/>
  <move id="169" source="G2" target="G3"/>
  <move id="170" source="B5" target="A5"/>
  <move id="171" source="A6" target="B6"/>
  <move id="172" source="C7" target="B7"/>
  <move id="173" source="F5" target="E5"/>
  <move id="174" source="B7" target="C7"/>
  <move id="175" source="E5" target="E6"/>
  <move id="176" source="C7" target="D7"/>
  <move id="177" source="E6" target="F6"/>
  <move id="178" source="E7" target="E6"/>
  <move id="179" source="F6" target="F5"/>
  <move id="180" source="D7" target="C7"/>
  <move id="181" source="G3" target="F3"/>
  <move id="182" source="C7" target="B7"/>
  <move id="183" source="F5" target="F6"/>
  <move id="184" source="B7" target="C7"/>
  <move id="185" source="F6" target="F5"/>
  <move id="186" source="H9" target="H8"/>
  <move id="187" source="F3" target="E3"/>
  <move id="188" source="H8" target="G8"/>
  <move id="189" source="E3" target="E4"/>
  <move id="190" source="G8" target="F8"/>
  <move id="191" source="H2" target="H3"/>
  <move id="192" source="F8" target="E8"/>
  <move id="193" source="H3" target="G3"/>
  <move id="194" source="C7" target="D7"/>
  <move id="195" source="G3" target="F3"/>
  <move id="196" source="A5" target="A4"/>
  <move id="197" source="B6" target="B7"/>
  <move id="198" source="A4" target="B4"/>
  <move id="199" source="F5" target="F6"/>
  <move id="200" source="B4" target="C4"/>
  <move id="201" source="K4" target="I4"/>
  <move id="202" source="I5" target="K5"/>
  <move id="203" source="I4" target="H4"/>
  <move id="204" source="C4" target="D4"/>
  <move id="205" source="H4" target="G4"/>
  <move id="206" source="D4" target="E4"/>
  <move id="207" source="G4" target="F4"/>
  <move id="208" source="E4" target="F4"/>
  <move id="209" source="B7" target="B6"/>
  <move id="210" source="E6" target="F6"/>
  <player id="1">Player 1</player>
  <player id="2">Player 2</player>
  <result type="3" winner="2"/>
 </game>
</stratego>