<?xml version="1.0" encoding="UTF-8"?>
<stratego>
 <game type="classic">
  
  <field content="EDBFEDDEHGDDIBDJCKGMHFJBDHBEIHBGDEGFBILFAA__AA__AAAA__AA__AAPSPXSTPPURSNROVUQTWSPUNQNTRVQPQNRNYNQTPP"/>
  <move id="1" source="I4" target="I5"/>
  <move id="2" source="I7" target="I6"/>
  <move id="3" source="I3" target="I4"/>
  <move id="4" source="I6" target="I5"/>
  <move id="5" source="I5" target="I6"/>
  <move id="6" source="F7" target="F6"/>
  <move id="7" source="K4" target="K5"/>
  <move id="8" source="F6" target="F5"/>
  <move id="9" source="K5" target="K6"/>
  <move id="10" source="E7" target="E6"/>
  <move id="11" source="K6" target="K7"/>
  <move id="12" source="E6" target="E5"/>
  <move id="13" source="I4" target="I5"/>
  <move id="14" source="F5" target="F4"/>
  <move id="15" source="E4" target="E5"/>
  <move id="16" source="G7" target="E7"/>
  <move id="17" source="F3" target="F4"/>
  <move id="18" source="E7" target="E3"/>
  <move id="19" source="I2" target="I3"/>
  <move id="20" source="G8" target="G7"/>
  <move id="21" source="I3" target="I4"/>
  <move id="22" source="G7" target="F7"/>
  <move id="23" source="I4" target="K4"/>
  <move id="24" source="F7" target="F6"/>
  <move id="25" source="K4" target="K5"/>
  <move id="26" source="F6" target="F5"/>
  <move id="27" source="K5" target="K6"/>
  <move id="28" source="F5" target="F4"/>
  <move id="29" source="E2" target="E3"/>
  <move id="30" source="F4" target="F3"/>
  <move id="31" source="E3" target="F3"/>
  <move id="32" source="F3" target="F2"/>
  <move id="33" source="F2" target="E2"/>
  <move id="34" source="E8" target="E7"/>
  <move id="35" source="K6" target="K7"/>
  <move id="36" source="E7" target="E6"/>
  <move id="37" source="K7" target="K8"/>
  <move id="38" source="E6" target="E5"/>
  <move id="39" source="H3" target="I3"/>
  <move id="40" source="E5" target="E4"/>
  <move id="41" source="I3" target="I4"/>
  <move id="42" source="E4" target="E3"/>
  <move id="43" source="E2" target="F2"/>
  <move id="44" source="E3" target="F3"/>
  <move id="45" source="I4" target="K4"/>
  <move id="46" source="F3" target="F2"/>
  <move id="47" source="K4" target="K5"/>
  <move id="48" source="H8" target="G8"/>
  <move id="49" source="K5" target="K6"/>
  <move id="50" source="G8" target="G7"/>
  <move id="51" source="K6" target="K7"/>
  <move id="52" source="G7" target="F7"/>
  <move id="53" source="K7" target="I7"/>
  <move id="54" source="F7" target="E7"/>
  <move id="55" source="I7" target="H7"/>
  <move id="56" source="E7" target="E6"/>
  <move id="57" source="H7" target="I7"/>
  <move id="58" source="I8" target="H8"/>
  <move id="59" source="I7" target="H7"/>
  <move id="60" source="H8" target="H7"/>
  <move id="61" source="I6" target="I7"/>
  <move id="62" source="H7" target="G7"/>
  <move id="63" source="I7" target="H7"/>
  <move id="64" source="G7" target="F7"/>
  <move id="65" source="H7" target="G7"/>
  <move id="66" source="F7" target="F6"/>
  <move id="67" source="G7" target="F7"/>
  <move id="68" source="F6" target="F5"/>
  <move id="69" source="F7" target="F6"/>
  <move id="70" source="F5" target="F4"/>
  <move id="71" source="F6" target="E6"/>
  <move id="72" source="F4" target="F3"/>
  <move id="73" source="E6" target="E5"/>
  <move id="74" source="F3" target="F2"/>
  <move id="75" source="E5" target="E4"/>
  <move id="76" source="F2" target="G2"/>
  <move id="77" source="H2" target="G2"/>
  <move id="78" source="K9" target="K3"/>
  <move id="79" source="E4" target="F4"/>
  <move id="80" source="H9" target="H8"/>
  <move id="81" source="F4" target="F5"/>
  <move id="82" source="H8" target="I8"/>
  <move id="83" source="F5" target="F6"/>
  <move id="84" source="I8" target="I7"/>
  <move id="85" source="F6" target="F7"/>
  <move id="86" source="I7" target="I6"/>
  <move id="87" source="I5" target="I6"/>
  <move id="88" source="I6" target="I5"/>
  <move id="89" source="F7" target="G7"/>
  <move id="90" source="I5" target="I4"/>
  <move id="91" source="G7" target="H7"/>
  <move id="92" source="I4" target="I3"/>
  <move id="93" source="K3" target="K4"/>
  <move id="94" source="I3" target="K3"/>
  <move id="95" source="K4" target="K5"/>
  <move id="96" source="K3" target="I3"/>
  <move id="97" source="K5" target="K6"/>
  <move id="98" source="I9" target="H9"/>
  <move id="99" source="K6" target="K7"/>
  <move id="100" source="I:" target="I4"/>
  <move id="101" source="I1" target="I2"/>
  <move id="102" source="I3" target="I2"/>
  <move id="103" source="H4" target="I4"/>
  <move id="104" source="D7" target="E7"/>
  <move id="105" source="I4" target="I5"/>
  <move id="106" source="E7" target="F7"/>
  <move id="107" source="I5" target="I6"/>
  <move id="108" source="F7" target="G7"/>
  <move id="109" source="I6" target="I7"/>
  <move id="110" source="G7" target="G8"/>
  <move id="111" source="I7" target="I8"/>
  <move id="112" source="G8" target="H8"/>
  <move id="113" source="I8" target="I9"/>
  <move id="114" source="I2" target="I3"/>
  <move id="115" source="H7" target="H8"/>
  <move id="116" source="H9" target="H8"/>
  <move id="117" source="D4" target="E4"/>
  <move id="118" source="H8" target="H7"/>
  <move id="119" source="E4" target="E5"/>
  <move id="120" source="H7" target="I7"/>
  <move id="121" source="K7" target="I7"/>
  <move id="122" source="I3" target="K3"/>
  <move id="123" source="E5" target="E6"/>
  <move id="124" source="K:" target="K4"/>
  <move id="125" source="G1" target="G2"/>
  <move id="126" source="K4" target="I4"/>
  <move id="127" source="E6" target="E7"/>
  <move id="128" source="I4" target="I3"/>
  <move id="129" source="E7" target="F7"/>
  <move id="130" source="F8" target="G8"/>
  <move id="131" source="F7" target="G7"/>
  <move id="132" source="G8" target="H8"/>
  <move id="133" source="G7" target="G8"/>
  <move id="134" source="H8" target="I8"/>
  <move id="135" source="I9" target="I8"/>
  <move id="136" source="I3" target="I1"/>
  <move id="137" source="H1" target="I1"/>
  <move id="138" source="K3" target="I3"/>
  <move id="139" source="I1" target="H1"/>
  <move id="140" source="I3" target="I2"/>
  <move id="141" source="G2" target="F2"/>
  <move id="142" source="I2" target="H2"/>
  <move id="143" source="H1" target="I1"/>
  <move id="144" source="H2" target="G2"/>
  <move id="145" source="F2" target="F9"/>
  <move id="146" source="D8" target="E8"/>
  <move id="147" source="C4" target="E4"/>
  <move id="148" source="E8" target="F8"/>
  <move id="149" source="G8" target="H8"/>
  <move id="150" source="G2" target="F2"/>
  <move id="151" source="H8" target="H9"/>
  <move id="152" source="F2" target="F3"/>
  <move id="153" source="H9" target="H:"/>
  <move id="154" source="F3" target="F4"/>
  <move id="155" source="E4" target="E9"/>
  <move id="156" source="H:" target="I:"/>
  <move id="157" source="I7" target="I8"/>
  <move id="158" source="I:" target="I9"/>
  <move id="159" source="C3" target="C4"/>
  <move id="160" source="I9" target="I8"/>
  <move id="161" source="C4" target="D4"/>
  <move id="162" source="F4" target="E4"/>
  <move id="163" source="D4" target="E4"/>
  <move id="164" source="A7" target="A4"/>
  <move id="165" source="C2" target="C3"/>
  <move id="166" source="A8" target="A7"/>
  <move id="167" source="C3" target="C4"/>
  <move id="168" source="A7" target="A6"/>
  <move id="169" source="C4" target="D4"/>
  <move id="170" source="A6" target="A5"/>
  <move id="171" source="D4" target="E4"/>
  <move id="172" source="A9" target="A6"/>
  <move id="173" source="E4" target="F4"/>
  <move id="174" source="A6" target="B6"/>
  <move id="175" source="F4" target="F5"/>
  <move id="176" source="B9" target="A9"/>
  <move id="177" source="F5" target="F6"/>
  <move id="178" source="B6" target="B5"/>
  <move id="179" source="F6" target="F7"/>
  <move id="180" source="A9" target="A8"/>
  <move id="181" source="F7" target="F8"/>
  <move id="182" source="B7" target="B6"/>
  <move id="183" source="F8" target="F9"/>
  <move id="184" source="A8" target="A7"/>
  <move id="185" source="F9" target="F8"/>
  <move id="186" source="A7" target="B7"/>
  <move id="187" source="F8" target="F7"/>
  <move id="188" source="C7" target="D7"/>
  <move id="189" source="F7" target="E7"/>
  <move id="190" source="D7" target="D8"/>
  <move id="191" source="E7" target="E8"/>
  <move id="192" source="D8" target="D7"/>
  <move id="193" source="E8" target="E7"/>
  <move id="194" source="B5" target="B4"/>
  <move id="195" source="E7" target="D7"/>
  <move id="196" source="B6" target="B5"/>
  <move id="197" source="D7" target="C7"/>
  <move id="198" source="B5" target="B4"/>
  <move id="199" source="C7" target="B7"/>
  <move id="200" source="A5" target="B5"/>
  <move id="201" source="B3" target="B4"/>
  <move id="202" source="B5" target="B6"/>
  <move id="203" source="I1" target="H1"/>
  <move id="204" source="B6" target="B5"/>
  <move id="205" source="B4" target="B5"/>
  <move id="206" source="B5" target="B4"/>
  <move id="207" source="H1" target="H2"/>
  <move id="208" source="B4" target="B5"/>
  <move id="209" source="K1" target="I1"/>
  <move id="210" source="B5" target="B6"/>
  <move id="211" source="I1" target="I2"/>
  <move id="212" source="B6" target="B7"/>
  <move id="213" source="I2" target="I3"/>
  <move id="214" source="B7" target="C7"/>
  <move id="215" source="I3" target="I4"/>
  <move id="216" source="C7" target="D7"/>
  <move id="217" source="I4" target="I5"/>
  <move id="218" source="D7" target="E7"/>
  <move id="219" source="H2" target="G2"/>
  <move id="220" source="E7" target="F7"/>
  <move id="221" source="G2" target="F2"/>
  <move id="222" source="F7" target="G7"/>
  <move id="223" source="A3" target="B3"/>
  <move id="224" source="G7" target="H7"/>
  <move id="225" source="B3" target="B4"/>
  <move id="226" source="H7" target="I7"/>
  <move id="227" source="B4" target="C4"/>
  <move id="228" source="I7" target="I6"/>
  <move id="229" source="C4" target="D4"/>
  <move id="230" source="I6" target="I5"/>
  <move id="231" source="D4" target="E4"/>
  <move id="232" source="A:" target="A9"/>
  <move id="233" source="E4" target="E5"/>
  <move id="234" source="A9" target="A8"/>
  <move id="235" source="E5" target="E6"/>
  <move id="236" source="A8" target="A7"/>
  <move id="237" source="E6" target="E7"/>
  <move id="238" source="A7" target="A6"/>
  <move id="239" source="E7" target="E8"/>
  <move id="240" source="A6" target="B6"/>
  <move id="241" source="E8" target="F8"/>
  <move id="242" source="B6" target="B5"/>
  <move id="243" source="F8" target="G8"/>
  <move id="244" source="B5" target="B4"/>
  <move id="245" source="G8" target="H8"/>
  <move id="246" source="B4" target="B5"/>
  <move id="247" source="H8" target="H9"/>
  <move id="248" source="B5" target="B6"/>
  <move id="249" source="F1" target="I1"/>
  <move id="250" source="B6" target="B7"/>
  <move id="251" source="I1" target="I:"/>
  <move id="252" source="B7" target="C7"/>
  <move id="253" source="I:" target="G:"/>
  <move id="254" source="C7" target="D7"/>
  <move id="255" source="F2" target="F3"/>
  <move id="256" source="D7" target="E7"/>
  <move id="257" source="F3" target="F4"/>
  <move id="258" source="E7" target="F7"/>
  <move id="259" source="F4" target="F5"/>
  <move id="260" source="G:" target="H:"/>
  <move id="261" source="F5" target="F6"/>
  <move id="262" source="F7" target="G7"/>
  <move id="263" source="H9" target="H8"/>
  <move id="264" source="G7" target="G8"/>
  <move id="265" source="F6" target="F7"/>
  <move id="266" source="G8" target="H8"/>
  <move id="267" source="F7" target="F8"/>
  <move id="268" source="H:" target="I:"/>
  <move id="269" source="F8" target="G8"/>
  <move id="270" source="C8" target="C7"/>
  <move id="271" source="G8" target="G9"/>
  <move id="272" source="C7" target="B7"/>
  <move id="273" source="E1" target="F1"/>
  <move id="274" source="B7" target="B6"/>
  <move id="275" source="F1" target="G1"/>
  <move id="276" source="B6" target="B5"/>
  <move id="277" source="G1" target="H1"/>
  <move id="278" source="B5" target="B4"/>
  <move id="279" source="H1" target="I1"/>
  <move id="280" source="B4" target="C4"/>
  <move id="281" source="I1" target="I2"/>
  <move id="282" source="C4" target="D4"/>
  <move id="283" source="D1" target="E1"/>
  <move id="284" source="D4" target="E4"/>
  <move id="285" source="E1" target="E2"/>
  <move id="286" source="E4" target="E3"/>
  <move id="287" source="E2" target="E3"/>
  <move id="288" source="I:" target="K:"/>
  <move id="289" source="I2" target="I3"/>
  <move id="290" source="K:" target="K9"/>
  <move id="291" source="I3" target="I4"/>
  <move id="292" source="K9" target="K8"/>
  <move id="293" source="I4" target="I5"/>
  <move id="294" source="K8" target="K7"/>
  <move id="295" source="I5" target="I6"/>
  <move id="296" source="K7" target="I7"/>
  <move id="297" source="I6" target="I7"/>
  <move id="298" source="D9" target="D8"/>
  <move id="299" source="B2" target="B7"/>
  <move id="300" source="D8" target="D7"/>
  <move id="301" source="B7" target="D7"/>
  <move id="302" source="D7" target="C7"/>
  <move id="303" source="A2" target="B2"/>
  <move id="304" source="C7" target="B7"/>
  <move id="305" source="A1" target="A2"/>
  <move id="306" source="B7" target="B6"/>
  <move id="307" source="A2" target="A3"/>
  <move id="308" source="B6" target="B5"/>
  <move id="309" source="A3" target="B3"/>
  <move id="310" source="B5" target="B6"/>
  <move id="311" source="B3" target="B4"/>
  <move id="312" source="B6" target="B7"/>
  <move id="313" source="B4" target="B5"/>
  <move id="314" source="B7" target="C7"/>
  <move id="315" source="B5" target="B6"/>
  <move id="316" source="C7" target="D7"/>
  <move id="317" source="B6" target="B7"/>
  <move id="318" source="D7" target="E7"/>
  <move id="319" source="B7" target="C7"/>
  <move id="320" source="E7" target="E6"/>
  <move id="321" source="H8" target="G8"/>
  <move id="322" source="E6" target="E5"/>
  <move id="323" source="G8" target="G9"/>
  <move id="324" source="E5" target="E4"/>
  <move id="325" source="C7" target="D7"/>
  <move id="326" source="E4" target="E3"/>
  <move id="327" source="D7" target="D8"/>
  <move id="328" source="E3" target="E2"/>
  <move id="329" source="D8" target="D9"/>
  <move id="330" source="E2" target="E1"/>
  <move id="331" source="D9" target="D:"/>
  <move id="332" source="C:" target="D:"/>
  <move id="333" source="G9" target="F9"/>
  <move id="334" source="E1" target="D1"/>
  <move id="335" source="F9" target="F8"/>
  <move id="336" source="D1" target="C1"/>
  <move id="337" source="F8" target="E8"/>
  <move id="338" source="C1" target="B1"/>
  <move id="339" source="B2" target="B4"/>
  <move id="340" source="B1" target="C1"/>
  <move id="341" source="E8" target="D8"/>
  <move id="342" source="C1" target="D1"/>
  <move id="343" source="D8" target="D9"/>
  <move id="344" source="D1" target="D2"/>
  <move id="345" source="D9" target="D:"/>
  <move id="346" source="D2" target="D3"/>
  <move id="347" source="D:" target="E:"/>
  <player id="1">Player 1</player>
  <player id="2">Player 2</player>
  <result type="1" winner="1"/>
 </game>
</stratego>