<?xml version="1.0" encoding="UTF-8"?>
<stratego>
 <game type="classic">
  
  <field content="DFEDBFDDHMHDHEFBEHEGEDCGBFBJLKIGDDIBBJGIAA__AA__AAAA__AA__AANRTPSSUQRTNSUPVXPPWPNSNQUOTVPQRPRNQYNQPT"/>
  <move id="1" source="E4" target="E5"/>
  <move id="2" source="K7" target="K6"/>
  <move id="3" source="E5" target="E6"/>
  <move id="4" source="K6" target="K5"/>
  <move id="5" source="K4" target="K5"/>
  <move id="6" source="K8" target="K7"/>
  <move id="7" source="A4" target="A5"/>
  <move id="8" source="I8" target="K8"/>
  <move id="9" source="A5" target="A6"/>
  <move id="10" source="H8" target="I8"/>
  <move id="11" source="I4" target="I5"/>
  <move id="12" source="H9" target="H8"/>
  <move id="13" source="K5" target="K6"/>
  <move id="14" source="E7" target="E6"/>
  <move id="15" source="D4" target="E4"/>
  <move id="16" source="E8" target="E7"/>
  <move id="17" source="E4" target="E5"/>
  <move id="18" source="F7" target="F6"/>
  <move id="19" source="E6" target="F6"/>
  <move id="20" source="E7" target="F7"/>
  <move id="21" source="F6" target="E6"/>
  <move id="22" source="F8" target="E8"/>
  <move id="23" source="E5" target="F5"/>
  <move id="24" source="E8" target="E7"/>
  <move id="25" source="E6" target="E5"/>
  <move id="26" source="E7" target="E6"/>
  <move id="27" source="E5" target="E4"/>
  <move id="28" source="F7" target="E7"/>
  <move id="29" source="F5" target="E5"/>
  <move id="30" source="E6" target="F6"/>
  <move id="31" source="I5" target="I6"/>
  <move id="32" source="E7" target="E8"/>
  <move id="33" source="I3" target="I4"/>
  <move id="34" source="D7" target="E7"/>
  <move id="35" source="B4" target="B5"/>
  <move id="36" source="E7" target="E5"/>
  <move id="37" source="B5" target="B6"/>
  <move id="38" source="F6" target="E6"/>
  <move id="39" source="C4" target="B4"/>
  <move id="40" source="E6" target="E5"/>
  <move id="41" source="E4" target="D4"/>
  <move id="42" source="E5" target="E4"/>
  <move id="43" source="D4" target="C4"/>
  <move id="44" source="E4" target="D4"/>
  <move id="45" source="I4" target="I5"/>
  <move id="46" source="D4" target="C4"/>
  <move id="47" source="C3" target="C4"/>
  <player id="1">Player 1</player>
  <player id="2">Player 2</player>
  <result type="3" winner="1"/>
 </game>
</stratego>