<?xml version="1.0" encoding="UTF-8"?>
<stratego>
 <game type="classic">
  
  <field content="GHEELBHCEBDDFMGDFBBIBDJIHEDDJGDBEFGIHDFKAA__AA__AAAA__AA__AAPSRXTRSPPSRTVOWUVTPUPUQNNQQPNPQPNNYNTSRQ"/>
  <move id="1" source="K4" target="K5"/>
  <move id="2" source="I7" target="I4"/>
  <move id="3" source="K5" target="K6"/>
  <move id="4" source="H7" target="I7"/>
  <move id="5" source="K6" target="K7"/>
  <move id="6" source="I7" target="H7"/>
  <move id="7" source="K7" target="I7"/>
  <move id="8" source="E7" target="E6"/>
  <move id="9" source="I7" target="H7"/>
  <move id="10" source="K8" target="K7"/>
  <move id="11" source="K3" target="K4"/>
  <move id="12" source="K7" target="K6"/>
  <move id="13" source="K4" target="K5"/>
  <move id="14" source="K6" target="K5"/>
  <move id="15" source="H7" target="I7"/>
  <move id="16" source="F7" target="F6"/>
  <move id="17" source="I7" target="I6"/>
  <move id="18" source="F6" target="F5"/>
  <move id="19" source="I6" target="I5"/>
  <move id="20" source="K5" target="K6"/>
  <move id="21" source="I5" target="I6"/>
  <move id="22" source="K6" target="K5"/>
  <move id="23" source="K2" target="K3"/>
  <move id="24" source="G7" target="F7"/>
  <move id="25" source="K3" target="K4"/>
  <move id="26" source="F7" target="F6"/>
  <move id="27" source="K4" target="K5"/>
  <move id="28" source="E6" target="E5"/>
  <move id="29" source="I6" target="I7"/>
  <move id="30" source="G8" target="G7"/>
  <move id="31" source="I7" target="I8"/>
  <move id="32" source="G7" target="F7"/>
  <move id="33" source="I4" target="I5"/>
  <move id="34" source="F7" target="E7"/>
  <move id="35" source="I5" target="I6"/>
  <move id="36" source="E7" target="E6"/>
  <move id="37" source="I6" target="I7"/>
  <move id="38" source="H8" target="H7"/>
  <move id="39" source="I7" target="K7"/>
  <move id="40" source="D7" target="E7"/>
  <move id="41" source="K7" target="K8"/>
  <move id="42" source="E7" target="F7"/>
  <move id="43" source="I8" target="H8"/>
  <move id="44" source="F7" target="G7"/>
  <move id="45" source="K8" target="K9"/>
  <move id="46" source="H7" target="I7"/>
  <move id="47" source="K9" target="I9"/>
  <move id="48" source="I7" target="I6"/>
  <move id="49" source="H4" target="I4"/>
  <move id="50" source="I6" target="I5"/>
  <move id="51" source="I4" target="K4"/>
  <move id="52" source="I5" target="K5"/>
  <move id="53" source="K4" target="I4"/>
  <move id="54" source="K5" target="I5"/>
  <move id="55" source="E4" target="E5"/>
  <move id="56" source="I5" target="I4"/>
  <move id="57" source="F4" target="E4"/>
  <move id="58" source="I4" target="I3"/>
  <move id="59" source="H3" target="H4"/>
  <move id="60" source="F8" target="F7"/>
  <move id="61" source="H4" target="I4"/>
  <move id="62" source="G7" target="G8"/>
  <move id="63" source="H8" target="H7"/>
  <move id="64" source="F7" target="E7"/>
  <move id="65" source="I4" target="I8"/>
  <move id="66" source="H9" target="H8"/>
  <move id="67" source="I8" target="I4"/>
  <move id="68" source="E8" target="F8"/>
  <move id="69" source="E4" target="E5"/>
  <move id="70" source="E6" target="E5"/>
  <move id="71" source="G4" target="F4"/>
  <move id="72" source="F5" target="F4"/>
  <move id="73" source="F4" target="G4"/>
  <move id="74" source="E5" target="F5"/>
  <move id="75" source="G4" target="H4"/>
  <move id="76" source="F8" target="F7"/>
  <move id="77" source="I4" target="K4"/>
  <move id="78" source="F7" target="G7"/>
  <move id="79" source="K4" target="K:"/>
  <move id="80" source="H8" target="H9"/>
  <move id="81" source="E3" target="E4"/>
  <move id="82" source="F5" target="F4"/>
  <move id="83" source="E4" target="E3"/>
  <move id="84" source="F4" target="G4"/>
  <move id="85" source="H4" target="I4"/>
  <move id="86" source="G4" target="H4"/>
  <move id="87" source="I4" target="K4"/>
  <move id="88" source="H4" target="I4"/>
  <move id="89" source="I3" target="I4"/>
  <move id="90" source="F6" target="F5"/>
  <move id="91" source="K4" target="K5"/>
  <move id="92" source="F5" target="F4"/>
  <move id="93" source="K5" target="K6"/>
  <move id="94" source="G8" target="H8"/>
  <move id="95" source="H7" target="G7"/>
  <move id="96" source="F4" target="F3"/>
  <move id="97" source="E3" target="F3"/>
  <move id="98" source="E7" target="F7"/>
  <move id="99" source="K6" target="K5"/>
  <move id="100" source="F7" target="F6"/>
  <move id="101" source="G3" target="G4"/>
  <move id="102" source="F6" target="F5"/>
  <move id="103" source="G4" target="F4"/>
  <move id="104" source="F5" target="F4"/>
  <move id="105" source="F3" target="G3"/>
  <move id="106" source="F4" target="G4"/>
  <move id="107" source="G3" target="F3"/>
  <move id="108" source="G4" target="H4"/>
  <move id="109" source="K5" target="K6"/>
  <move id="110" source="H4" target="I4"/>
  <move id="111" source="K6" target="K7"/>
  <move id="112" source="H8" target="I8"/>
  <move id="113" source="K7" target="K8"/>
  <move id="114" source="I8" target="K8"/>
  <move id="115" source="D4" target="E4"/>
  <move id="116" source="K8" target="I8"/>
  <move id="117" source="E4" target="E5"/>
  <move id="118" source="I8" target="H8"/>
  <move id="119" source="E5" target="E6"/>
  <move id="120" source="C7" target="D7"/>
  <move id="121" source="E6" target="E7"/>
  <move id="122" source="D7" target="E7"/>
  <move id="123" source="C4" target="D4"/>
  <move id="124" source="H8" target="G8"/>
  <move id="125" source="D4" target="E4"/>
  <move id="126" source="G8" target="F8"/>
  <move id="127" source="E4" target="E5"/>
  <move id="128" source="F8" target="E8"/>
  <move id="129" source="E5" target="E4"/>
  <move id="130" source="E8" target="E7"/>
  <move id="131" source="E4" target="F4"/>
  <move id="132" source="E7" target="E6"/>
  <move id="133" source="F4" target="G4"/>
  <move id="134" source="I4" target="I5"/>
  <move id="135" source="G4" target="H4"/>
  <move id="136" source="I5" target="I6"/>
  <move id="137" source="H4" target="I4"/>
  <move id="138" source="I6" target="I7"/>
  <move id="139" source="I4" target="I5"/>
  <move id="140" source="I7" target="H7"/>
  <move id="141" source="I5" target="I6"/>
  <move id="142" source="H9" target="H8"/>
  <move id="143" source="I6" target="I7"/>
  <move id="144" source="H7" target="G7"/>
  <move id="145" source="I7" target="H7"/>
  <move id="146" source="G7" target="F7"/>
  <move id="147" source="H7" target="G7"/>
  <move id="148" source="F7" target="F6"/>
  <move id="149" source="G7" target="F7"/>
  <move id="150" source="F6" target="F5"/>
  <move id="151" source="F7" target="F8"/>
  <move id="152" source="E6" target="E7"/>
  <move id="153" source="F8" target="F9"/>
  <move id="154" source="E7" target="E6"/>
  <move id="155" source="G2" target="G3"/>
  <move id="156" source="E6" target="E5"/>
  <move id="157" source="G3" target="G4"/>
  <move id="158" source="E5" target="E4"/>
  <move id="159" source="G4" target="H4"/>
  <move id="160" source="F5" target="E5"/>
  <move id="161" source="H4" target="I4"/>
  <move id="162" source="H8" target="F8"/>
  <move id="163" source="I4" target="I5"/>
  <move id="164" source="F8" target="F3"/>
  <move id="165" source="F3" target="G3"/>
  <move id="166" source="E4" target="F4"/>
  <move id="167" source="G3" target="G2"/>
  <move id="168" source="F4" target="F3"/>
  <move id="169" source="I5" target="I6"/>
  <move id="170" source="E5" target="F5"/>
  <move id="171" source="I6" target="I5"/>
  <move id="172" source="F5" target="F4"/>
  <move id="173" source="I5" target="I4"/>
  <move id="174" source="F4" target="G4"/>
  <move id="175" source="I4" target="H4"/>
  <move id="176" source="G4" target="G3"/>
  <move id="177" source="H4" target="I4"/>
  <move id="178" source="G3" target="G2"/>
  <move id="179" source="I4" target="I5"/>
  <move id="180" source="A7" target="A4"/>
  <move id="181" source="I5" target="I6"/>
  <move id="182" source="B7" target="C7"/>
  <move id="183" source="I6" target="I7"/>
  <move id="184" source="C7" target="D7"/>
  <move id="185" source="I7" target="H7"/>
  <move id="186" source="D7" target="E7"/>
  <move id="187" source="H7" target="G7"/>
  <move id="188" source="E7" target="F7"/>
  <move id="189" source="G7" target="G8"/>
  <move id="190" source="F7" target="F8"/>
  <move id="191" source="G8" target="G9"/>
  <move id="192" source="G:" target="G9"/>
  <move id="193" source="E2" target="E3"/>
  <move id="194" source="F3" target="F4"/>
  <move id="195" source="F2" target="F3"/>
  <move id="196" source="G2" target="G3"/>
  <move id="197" source="F3" target="F2"/>
  <move id="198" source="G3" target="F3"/>
  <move id="199" source="E1" target="E2"/>
  <move id="200" source="F3" target="E3"/>
  <move id="201" source="E2" target="E3"/>
  <move id="202" source="D8" target="D7"/>
  <move id="203" source="F2" target="F3"/>
  <move id="204" source="F4" target="F3"/>
  <move id="205" source="E3" target="E4"/>
  <move id="206" source="F8" target="G8"/>
  <move id="207" source="E4" target="E5"/>
  <move id="208" source="G8" target="H8"/>
  <move id="209" source="E5" target="E6"/>
  <move id="210" source="H8" target="I8"/>
  <move id="211" source="E6" target="E5"/>
  <move id="212" source="F3" target="F4"/>
  <move id="213" source="E5" target="E6"/>
  <move id="214" source="F4" target="F5"/>
  <move id="215" source="G1" target="G2"/>
  <move id="216" source="C8" target="D8"/>
  <move id="217" source="G2" target="G3"/>
  <move id="218" source="D8" target="E8"/>
  <move id="219" source="G3" target="G4"/>
  <move id="220" source="F5" target="E5"/>
  <move id="221" source="E6" target="F6"/>
  <move id="222" source="E8" target="E7"/>
  <move id="223" source="G4" target="F4"/>
  <move id="224" source="I8" target="I7"/>
  <move id="225" source="C3" target="C4"/>
  <move id="226" source="I7" target="I6"/>
  <move id="227" source="C4" target="D4"/>
  <move id="228" source="I6" target="I5"/>
  <move id="229" source="D4" target="E4"/>
  <move id="230" source="E5" target="E6"/>
  <move id="231" source="E4" target="E3"/>
  <move id="232" source="E6" target="F6"/>
  <move id="233" source="E3" target="E4"/>
  <move id="234" source="E7" target="E6"/>
  <move id="235" source="E4" target="E5"/>
  <move id="236" source="E6" target="E5"/>
  <move id="237" source="D3" target="E3"/>
  <move id="238" source="D7" target="E7"/>
  <move id="239" source="E3" target="E4"/>
  <move id="240" source="E7" target="E6"/>
  <move id="241" source="E4" target="E5"/>
  <move id="242" source="E6" target="E5"/>
  <move id="243" source="E5" target="E6"/>
  <move id="244" source="B8" target="B7"/>
  <move id="245" source="E6" target="E7"/>
  <move id="246" source="B7" target="B6"/>
  <move id="247" source="E7" target="E8"/>
  <move id="248" source="B6" target="A6"/>
  <move id="249" source="E8" target="D8"/>
  <move id="250" source="A6" target="A5"/>
  <move id="251" source="D8" target="D9"/>
  <move id="252" source="G9" target="F9"/>
  <move id="253" source="F4" target="F5"/>
  <move id="254" source="F9" target="F8"/>
  <move id="255" source="F5" target="F6"/>
  <move id="256" source="F8" target="F7"/>
  <move id="257" source="F6" target="F7"/>
  <move id="258" source="B9" target="B8"/>
  <move id="259" source="C2" target="C3"/>
  <move id="260" source="B8" target="C8"/>
  <move id="261" source="C3" target="D3"/>
  <move id="262" source="C8" target="D8"/>
  <move id="263" source="D3" target="E3"/>
  <move id="264" source="D8" target="E8"/>
  <move id="265" source="E3" target="F3"/>
  <move id="266" source="I5" target="I4"/>
  <move id="267" source="F3" target="G3"/>
  <move id="268" source="I4" target="H4"/>
  <move id="269" source="G3" target="F3"/>
  <move id="270" source="H4" target="G4"/>
  <move id="271" source="F3" target="E3"/>
  <move id="272" source="G4" target="G3"/>
  <move id="273" source="E3" target="E4"/>
  <move id="274" source="G3" target="F3"/>
  <move id="275" source="E4" target="E5"/>
  <move id="276" source="F3" target="F4"/>
  <move id="277" source="E5" target="F5"/>
  <move id="278" source="F4" target="E4"/>
  <move id="279" source="F5" target="E5"/>
  <move id="280" source="E4" target="E3"/>
  <move id="281" source="E5" target="E4"/>
  <move id="282" source="E3" target="D3"/>
  <move id="283" source="E4" target="D4"/>
  <move id="284" source="D3" target="C3"/>
  <move id="285" source="D4" target="C4"/>
  <move id="286" source="C3" target="B3"/>
  <move id="287" source="C4" target="C3"/>
  <move id="288" source="B3" target="B2"/>
  <move id="289" source="B1" target="B2"/>
  <move id="290" source="E8" target="E7"/>
  <move id="291" source="C3" target="C2"/>
  <move id="292" source="E7" target="E6"/>
  <move id="293" source="B2" target="B3"/>
  <move id="294" source="E6" target="E5"/>
  <move id="295" source="B3" target="C3"/>
  <move id="296" source="E5" target="E4"/>
  <move id="297" source="C3" target="D3"/>
  <move id="298" source="H:" target="H9"/>
  <move id="299" source="D1" target="E1"/>
  <move id="300" source="H9" target="H8"/>
  <move id="301" source="E1" target="E2"/>
  <move id="302" source="H8" target="H7"/>
  <move id="303" source="E2" target="F2"/>
  <move id="304" source="H7" target="I7"/>
  <move id="305" source="F2" target="G2"/>
  <move id="306" source="I7" target="I6"/>
  <move id="307" source="G2" target="G3"/>
  <move id="308" source="I6" target="I5"/>
  <move id="309" source="C1" target="B1"/>
  <move id="310" source="I5" target="I4"/>
  <move id="311" source="B1" target="B2"/>
  <move id="312" source="I4" target="I3"/>
  <move id="313" source="G3" target="F3"/>
  <move id="314" source="I3" target="H3"/>
  <move id="315" source="A1" target="B1"/>
  <move id="316" source="H3" target="G3"/>
  <move id="317" source="B1" target="C1"/>
  <move id="318" source="G3" target="F3"/>
  <move id="319" source="C1" target="D1"/>
  <move id="320" source="F3" target="F2"/>
  <move id="321" source="D1" target="E1"/>
  <move id="322" source="F2" target="E2"/>
  <move id="323" source="E1" target="E2"/>
  <move id="324" source="A8" target="B8"/>
  <move id="325" source="H1" target="G1"/>
  <move id="326" source="B8" target="C8"/>
  <move id="327" source="G1" target="G2"/>
  <move id="328" source="C8" target="D8"/>
  <move id="329" source="G2" target="G3"/>
  <move id="330" source="D8" target="E8"/>
  <move id="331" source="G3" target="G4"/>
  <move id="332" source="E8" target="F8"/>
  <move id="333" source="G4" target="H4"/>
  <move id="334" source="I:" target="H:"/>
  <move id="335" source="H4" target="I4"/>
  <move id="336" source="H:" target="H9"/>
  <move id="337" source="I4" target="I5"/>
  <move id="338" source="H9" target="H8"/>
  <move id="339" source="I5" target="I6"/>
  <move id="340" source="H8" target="I8"/>
  <move id="341" source="I6" target="I7"/>
  <move id="342" source="I8" target="I7"/>
  <move id="343" source="D3" target="E3"/>
  <player id="1">Player 1</player>
  <player id="2">Player 2</player>
  <result type="3" winner="2"/>
 </game>
</stratego>