<?xml version="1.0" encoding="UTF-8"?>
<stratego>
 <game type="barrage">
  
  <field content="MKCAAAAAAABAAAAAAAAAAAAAAAAAAAELADDAAAAAAA__AA__AAAA__AA__AAAAAAOWPAXPAAAAAAAAAAAAAAAAAAAYAAAAAAAAQN"/>
  <move id="1" source="B4" target="B5"/>
  <move id="2" source="F7" target="F6"/>
  <move id="3" source="B5" target="B6"/>
  <move id="4" source="F6" target="F5"/>
  <move id="5" source="B6" target="B7"/>
  <move id="6" source="E7" target="E6"/>
  <move id="7" source="B7" target="B8"/>
  <move id="8" source="E6" target="E5"/>
  <move id="9" source="B8" target="B9"/>
  <move id="10" source="F5" target="F4"/>
  <move id="11" source="E4" target="E3"/>
  <move id="12" source="E5" target="E4"/>
  <move id="13" source="E3" target="D3"/>
  <move id="14" source="E4" target="D4"/>
  <move id="15" source="D4" target="B4"/>
  <move id="16" source="F4" target="E4"/>
  <move id="17" source="B9" target="C9"/>
  <move id="18" source="E4" target="D4"/>
  <move id="19" source="D3" target="E3"/>
  <move id="20" source="D4" target="D3"/>
  <move id="21" source="E3" target="E4"/>
  <move id="22" source="D3" target="C3"/>
  <move id="23" source="B4" target="B7"/>
  <move id="24" source="C3" target="C2"/>
  <move id="25" source="C9" target="D9"/>
  <move id="26" source="C2" target="C1"/>
  <move id="27" source="D9" target="E9"/>
  <move id="28" source="I7" target="I8"/>
  <move id="29" source="E9" target="F9"/>
  <move id="30" source="I8" target="I9"/>
  <move id="31" source="F9" target="G9"/>
  <move id="32" source="I9" target="H9"/>
  <move id="33" source="A4" target="A5"/>
  <move id="34" source="H9" target="G9"/>
  <move id="35" source="A5" target="A6"/>
  <move id="36" source="C1" target="C2"/>
  <move id="37" source="A6" target="A7"/>
  <move id="38" source="C2" target="B2"/>
  <move id="39" source="A7" target="A8"/>
  <move id="40" source="G7" target="G8"/>
  <move id="41" source="A8" target="B8"/>
  <move id="42" source="K7" target="K1"/>
  <move id="43" source="B8" target="C8"/>
  <move id="44" source="K1" target="B1"/>
  <move id="45" source="C8" target="D8"/>
  <move id="46" source="G8" target="F8"/>
  <move id="47" source="D8" target="E8"/>
  <move id="48" source="F8" target="F7"/>
  <move id="49" source="E8" target="F8"/>
  <move id="50" source="F7" target="F1"/>
  <move id="51" source="F8" target="G8"/>
  <move id="52" source="F1" target="D1"/>
  <move id="53" source="E4" target="E1"/>
  <move id="54" source="D1" target="D2"/>
  <move id="55" source="G8" target="H8"/>
  <move id="56" source="I:" target="I9"/>
  <move id="57" source="B1" target="B2"/>
  <move id="58" source="D2" target="C2"/>
  <move id="59" source="E1" target="E2"/>
  <move id="60" source="C2" target="C3"/>
  <move id="61" source="B7" target="B1"/>
  <move id="62" source="C3" target="C4"/>
  <move id="63" source="E2" target="I2"/>
  <move id="64" source="C4" target="E4"/>
  <move id="65" source="I2" target="K2"/>
  <move id="66" source="E4" target="E3"/>
  <move id="67" source="K2" target="K3"/>
  <move id="68" source="E3" target="E2"/>
  <move id="69" source="H8" target="I8"/>
  <move id="70" source="I9" target="I8"/>
  <move id="71" source="K3" target="B3"/>
  <move id="72" source="E2" target="F2"/>
  <move id="73" source="B3" target="B:"/>
  <move id="74" source="F2" target="G2"/>
  <move id="75" source="B1" target="K1"/>
  <player id="1">Player 1</player>
  <player id="2">Player 2</player>
  <result type="3" winner="1"/>
 </game>
</stratego>