<?xml version="1.0" encoding="UTF-8"?>
<stratego>
 <game type="barrage">
  
  <field content="AAAAAAADMBAAAAAAAELCAAAAAAAAKDAAAAAAAAAAAA__AA__AAAA__AA__AAQPAAWAAAAAOAAAAAAAAAXPAAAAAAAAYNAAAAAAAA"/>
  <move id="1" source="I3" target="I4"/>
  <move id="2" source="E7" target="F7"/>
  <move id="3" source="I4" target="I5"/>
  <move id="4" source="F7" target="G7"/>
  <move id="5" source="I5" target="I6"/>
  <move id="6" source="G7" target="H7"/>
  <move id="7" source="I6" target="K6"/>
  <move id="8" source="H7" target="I7"/>
  <move id="9" source="K3" target="K4"/>
  <move id="10" source="I7" target="K7"/>
  <move id="11" source="K6" target="I6"/>
  <move id="12" source="K7" target="I7"/>
  <move id="13" source="I6" target="I5"/>
  <move id="14" source="I7" target="I6"/>
  <move id="15" source="I5" target="I4"/>
  <move id="16" source="I6" target="I5"/>
  <move id="17" source="I4" target="H4"/>
  <move id="18" source="A7" target="A6"/>
  <move id="19" source="H4" target="G4"/>
  <move id="20" source="A6" target="A5"/>
  <move id="21" source="G4" target="F4"/>
  <move id="22" source="A5" target="A4"/>
  <move id="23" source="F4" target="F5"/>
  <move id="24" source="A4" target="B4"/>
  <move id="25" source="F5" target="F6"/>
  <move id="26" source="B9" target="C9"/>
  <move id="27" source="F6" target="F7"/>
  <move id="28" source="C9" target="D9"/>
  <move id="29" source="F7" target="E7"/>
  <move id="30" source="D9" target="E9"/>
  <move id="31" source="E7" target="D7"/>
  <move id="32" source="E9" target="E8"/>
  <move id="33" source="K2" target="K3"/>
  <move id="34" source="B4" target="C4"/>
  <move id="35" source="K3" target="I3"/>
  <move id="36" source="C4" target="D4"/>
  <move id="37" source="H2" target="G2"/>
  <move id="38" source="D4" target="E4"/>
  <move id="39" source="G2" target="G3"/>
  <move id="40" source="E4" target="F4"/>
  <move id="41" source="K4" target="I4"/>
  <move id="42" source="I5" target="I4"/>
  <move id="43" source="I3" target="K3"/>
  <move id="44" source="I4" target="K4"/>
  <move id="45" source="K3" target="I3"/>
  <move id="46" source="K4" target="I4"/>
  <move id="47" source="I3" target="H3"/>
  <move id="48" source="I4" target="H4"/>
  <move id="49" source="H3" target="H2"/>
  <move id="50" source="H4" target="I4"/>
  <move id="51" source="G3" target="H3"/>
  <move id="52" source="F4" target="F3"/>
  <move id="53" source="H2" target="G2"/>
  <move id="54" source="E8" target="F8"/>
  <move id="55" source="H1" target="G1"/>
  <move id="56" source="F8" target="G8"/>
  <move id="57" source="G1" target="F1"/>
  <move id="58" source="G8" target="H8"/>
  <move id="59" source="F1" target="F3"/>
  <move id="60" source="H8" target="I8"/>
  <move id="61" source="D7" target="D8"/>
  <move id="62" source="I8" target="K8"/>
  <move id="63" source="D8" target="D9"/>
  <move id="64" source="A9" target="B9"/>
  <move id="65" source="D9" target="C9"/>
  <move id="66" source="B9" target="C9"/>
  <move id="67" source="H3" target="I3"/>
  <move id="68" source="I4" target="H4"/>
  <move id="69" source="I3" target="H3"/>
  <move id="70" source="H4" target="I4"/>
  <move id="71" source="H3" target="H4"/>
  <move id="72" source="I4" target="I3"/>
  <move id="73" source="I2" target="I3"/>
  <move id="74" source="F3" target="F2"/>
  <move id="75" source="G2" target="G3"/>
  <move id="76" source="F2" target="G2"/>
  <move id="77" source="I3" target="H3"/>
  <move id="78" source="G2" target="G1"/>
  <move id="79" source="H3" target="H2"/>
  <move id="80" source="K8" target="K1"/>
  <move id="81" source="H4" target="I4"/>
  <move id="82" source="C9" target="C8"/>
  <move id="83" source="G3" target="H3"/>
  <move id="84" source="C8" target="D8"/>
  <move id="85" source="H3" target="I3"/>
  <move id="86" source="D8" target="E8"/>
  <move id="87" source="I4" target="H4"/>
  <move id="88" source="E8" target="F8"/>
  <move id="89" source="H4" target="I4"/>
  <move id="90" source="F8" target="F7"/>
  <move id="91" source="I4" target="H4"/>
  <move id="92" source="F7" target="F6"/>
  <move id="93" source="H4" target="G4"/>
  <move id="94" source="F6" target="F5"/>
  <move id="95" source="I3" target="I2"/>
  <move id="96" source="A8" target="B8"/>
  <move id="97" source="H2" target="H1"/>
  <move id="98" source="G1" target="G2"/>
  <move id="99" source="H1" target="H2"/>
  <move id="100" source="G2" target="G3"/>
  <move id="101" source="G4" target="H4"/>
  <move id="102" source="G3" target="G4"/>
  <move id="103" source="H4" target="H3"/>
  <move id="104" source="G4" target="H4"/>
  <move id="105" source="H3" target="G3"/>
  <move id="106" source="H4" target="I4"/>
  <move id="107" source="H2" target="H3"/>
  <move id="108" source="B7" target="B1"/>
  <move id="109" source="H3" target="I3"/>
  <move id="110" source="B1" target="I1"/>
  <player id="1">Player 1</player>
  <player id="2">Player 2</player>
  <result type="1" winner="2"/>
 </game>
</stratego>