<?xml version="1.0" encoding="UTF-8"?>
<stratego>
 <game type="barrage">
  
  <field content="AAAAADDCKBAAAAAAAAAMAAAAAAAAAEAAAAAAAAALAA__AA__AAAA__AA__AAAAAAAPAAAAWAAAAAAAAAOPXAAAAAAAYNQAAAAAAA"/>
  <move id="1" source="F1" target="F2"/>
  <move id="2" source="C9" target="C8"/>
  <move id="3" source="F2" target="F3"/>
  <move id="4" source="C8" target="D8"/>
  <move id="5" source="F3" target="F4"/>
  <move id="6" source="D8" target="E8"/>
  <move id="7" source="F4" target="E4"/>
  <move id="8" source="E8" target="F8"/>
  <move id="9" source="E4" target="D4"/>
  <move id="10" source="F8" target="G8"/>
  <move id="11" source="D4" target="C4"/>
  <move id="12" source="G8" target="G7"/>
  <move id="13" source="C4" target="B4"/>
  <move id="14" source="G7" target="H7"/>
  <move id="15" source="B4" target="B5"/>
  <move id="16" source="H7" target="I7"/>
  <move id="17" source="B5" target="B6"/>
  <move id="18" source="I7" target="I6"/>
  <move id="19" source="B6" target="B7"/>
  <move id="20" source="I6" target="I5"/>
  <move id="21" source="K3" target="I3"/>
  <move id="22" source="I5" target="I6"/>
  <move id="23" source="I3" target="I4"/>
  <move id="24" source="I6" target="I7"/>
  <move id="25" source="I4" target="I5"/>
  <move id="26" source="I7" target="I8"/>
  <move id="27" source="I5" target="I6"/>
  <move id="28" source="I8" target="H8"/>
  <move id="29" source="I6" target="I7"/>
  <move id="30" source="H8" target="G8"/>
  <move id="31" source="I7" target="H7"/>
  <move id="32" source="G8" target="F8"/>
  <move id="33" source="H7" target="H8"/>
  <move id="34" source="F8" target="E8"/>
  <move id="35" source="H8" target="G8"/>
  <move id="36" source="E8" target="E7"/>
  <move id="37" source="G8" target="G9"/>
  <move id="38" source="E7" target="E6"/>
  <move id="39" source="G9" target="F9"/>
  <move id="40" source="E6" target="E5"/>
  <move id="41" source="F9" target="E9"/>
  <move id="42" source="E5" target="E4"/>
  <move id="43" source="E9" target="D9"/>
  <move id="44" source="E4" target="E3"/>
  <move id="45" source="G1" target="G2"/>
  <move id="46" source="E3" target="F3"/>
  <move id="47" source="K4" target="K5"/>
  <move id="48" source="F3" target="G3"/>
  <move id="49" source="G2" target="F2"/>
  <move id="50" source="G3" target="H3"/>
  <move id="51" source="K5" target="K4"/>
  <move id="52" source="H3" target="I3"/>
  <move id="53" source="F2" target="F3"/>
  <move id="54" source="F7" target="G7"/>
  <move id="55" source="F3" target="F4"/>
  <move id="56" source="G7" target="H7"/>
  <move id="57" source="F4" target="F5"/>
  <move id="58" source="H7" target="I7"/>
  <move id="59" source="F5" target="F6"/>
  <move id="60" source="I7" target="I6"/>
  <move id="61" source="F6" target="F7"/>
  <move id="62" source="I6" target="I5"/>
  <move id="63" source="F7" target="E7"/>
  <move id="64" source="I5" target="I4"/>
  <move id="65" source="K4" target="K3"/>
  <move id="66" source="I3" target="K3"/>
  <move id="67" source="I1" target="I2"/>
  <move id="68" source="I4" target="H4"/>
  <move id="69" source="I2" target="I3"/>
  <move id="70" source="H4" target="G4"/>
  <move id="71" source="I3" target="H3"/>
  <move id="72" source="G4" target="F4"/>
  <move id="73" source="H3" target="G3"/>
  <move id="74" source="C:" target="D:"/>
  <move id="75" source="D9" target="D8"/>
  <move id="76" source="D:" target="D9"/>
  <move id="77" source="D8" target="C8"/>
  <move id="78" source="D9" target="C9"/>
  <move id="79" source="C8" target="D8"/>
  <move id="80" source="C9" target="C8"/>
  <move id="81" source="D8" target="D9"/>
  <move id="82" source="C8" target="C9"/>
  <move id="83" source="D9" target="D:"/>
  <move id="84" source="C9" target="C:"/>
  <move id="85" source="D:" target="D9"/>
  <move id="86" source="C:" target="C9"/>
  <move id="87" source="D9" target="D8"/>
  <move id="88" source="F4" target="E4"/>
  <move id="89" source="G3" target="F3"/>
  <move id="90" source="C9" target="D9"/>
  <move id="91" source="D8" target="C8"/>
  <move id="92" source="A8" target="B8"/>
  <move id="93" source="C8" target="C9"/>
  <move id="94" source="D9" target="C9"/>
  <move id="95" source="B7" target="A7"/>
  <move id="96" source="B8" target="A8"/>
  <move id="97" source="A7" target="A6"/>
  <move id="98" source="E4" target="E7"/>
  <move id="99" source="F3" target="F4"/>
  <move id="100" source="B9" target="C9"/>
  <move id="101" source="F4" target="F5"/>
  <move id="102" source="C9" target="D9"/>
  <move id="103" source="F5" target="F6"/>
  <move id="104" source="D9" target="E9"/>
  <move id="105" source="F6" target="F7"/>
  <move id="106" source="E9" target="F9"/>
  <move id="107" source="A6" target="A5"/>
  <move id="108" source="F9" target="G9"/>
  <move id="109" source="F7" target="F8"/>
  <move id="110" source="G9" target="H9"/>
  <move id="111" source="F8" target="G8"/>
  <move id="112" source="H9" target="I9"/>
  <move id="113" source="G8" target="H8"/>
  <move id="114" source="I9" target="I1"/>
  <move id="115" source="H8" target="G8"/>
  <move id="116" source="I1" target="K1"/>
  <move id="117" source="G8" target="F8"/>
  <move id="118" source="A8" target="B8"/>
  <move id="119" source="A5" target="A9"/>
  <move id="120" source="B8" target="C8"/>
  <move id="121" source="F8" target="E8"/>
  <move id="122" source="C8" target="C7"/>
  <move id="123" source="E8" target="D8"/>
  <move id="124" source="C7" target="B7"/>
  <move id="125" source="D8" target="C8"/>
  <move id="126" source="B7" target="A7"/>
  <move id="127" source="C8" target="B8"/>
  <player id="1">Player 1</player>
  <player id="2">Player 2</player>
  <result type="3" winner="1"/>
 </game>
</stratego>