<?xml version="1.0" encoding="UTF-8"?>
<stratego>
 <game type="barrage">
  
  <field content="MEAAAAAAAABAAAAAAAAAAAACAAAAAALKDDAAAAAAAA__AA__AAAA__AA__AAAAPAAAAAAAWAAXAAAAAAOQAAAAAAAAYNPAAAAAAA"/>
  <move id="1" source="A4" target="A5"/>
  <move id="2" source="C7" target="B7"/>
  <move id="3" source="D4" target="E4"/>
  <move id="4" source="D8" target="D7"/>
  <move id="5" source="E4" target="E5"/>
  <move id="6" source="D7" target="E7"/>
  <move id="7" source="D3" target="E3"/>
  <move id="8" source="E7" target="F7"/>
  <move id="9" source="E5" target="E6"/>
  <move id="10" source="F7" target="F6"/>
  <move id="11" source="E6" target="E7"/>
  <move id="12" source="F6" target="F5"/>
  <move id="13" source="E7" target="E8"/>
  <move id="14" source="F5" target="F4"/>
  <move id="15" source="E8" target="E9"/>
  <move id="16" source="F4" target="F3"/>
  <move id="17" source="E3" target="F3"/>
  <move id="18" source="B7" target="C7"/>
  <move id="19" source="B4" target="B5"/>
  <move id="20" source="C7" target="D7"/>
  <move id="21" source="A5" target="A4"/>
  <move id="22" source="D7" target="E7"/>
  <move id="23" source="A4" target="B4"/>
  <move id="24" source="E7" target="E6"/>
  <move id="25" source="B4" target="B3"/>
  <move id="26" source="E6" target="E5"/>
  <move id="27" source="B3" target="C3"/>
  <move id="28" source="E5" target="E4"/>
  <move id="29" source="C3" target="D3"/>
  <move id="30" source="E4" target="C4"/>
  <move id="31" source="B5" target="B6"/>
  <move id="32" source="A8" target="A7"/>
  <move id="33" source="D3" target="D4"/>
  <move id="34" source="A9" target="A8"/>
  <move id="35" source="D4" target="E4"/>
  <move id="36" source="A8" target="B8"/>
  <move id="37" source="E4" target="E5"/>
  <move id="38" source="B8" target="B7"/>
  <move id="39" source="E5" target="E4"/>
  <move id="40" source="B7" target="C7"/>
  <move id="41" source="E4" target="E5"/>
  <move id="42" source="C7" target="D7"/>
  <move id="43" source="E5" target="E6"/>
  <move id="44" source="A7" target="A6"/>
  <move id="45" source="B6" target="A6"/>
  <move id="46" source="B9" target="B8"/>
  <move id="47" source="E6" target="E5"/>
  <move id="48" source="D7" target="C7"/>
  <move id="49" source="E5" target="E4"/>
  <move id="50" source="C7" target="B7"/>
  <move id="51" source="E4" target="D4"/>
  <move id="52" source="B7" target="B6"/>
  <move id="53" source="D4" target="C4"/>
  <move id="54" source="B6" target="B5"/>
  <move id="55" source="F3" target="E3"/>
  <move id="56" source="B8" target="B7"/>
  <move id="57" source="E3" target="D3"/>
  <move id="58" source="B7" target="A7"/>
  <move id="59" source="B1" target="B2"/>
  <move id="60" source="A7" target="A6"/>
  <move id="61" source="B2" target="B3"/>
  <move id="62" source="A6" target="A5"/>
  <move id="63" source="E9" target="D9"/>
  <move id="64" source="A5" target="A4"/>
  <move id="65" source="D3" target="C3"/>
  <move id="66" source="A4" target="A3"/>
  <move id="67" source="B3" target="A3"/>
  <move id="68" source="B5" target="A5"/>
  <move id="69" source="C4" target="B4"/>
  <move id="70" source="C:" target="D:"/>
  <move id="71" source="B4" target="B3"/>
  <move id="72" source="D:" target="E:"/>
  <move id="73" source="B3" target="B2"/>
  <move id="74" source="A5" target="A4"/>
  <move id="75" source="D9" target="A9"/>
  <move id="76" source="A4" target="B4"/>
  <move id="77" source="A9" target="A4"/>
  <move id="78" source="B4" target="B5"/>
  <move id="79" source="A4" target="A5"/>
  <move id="80" source="B5" target="B6"/>
  <move id="81" source="A5" target="A6"/>
  <move id="82" source="B6" target="B7"/>
  <move id="83" source="A6" target="A7"/>
  <move id="84" source="B7" target="B6"/>
  <move id="85" source="A7" target="E7"/>
  <move id="86" source="E:" target="D:"/>
  <move id="87" source="C3" target="B3"/>
  <move id="88" source="B6" target="B5"/>
  <move id="89" source="B3" target="B4"/>
  <move id="90" source="D:" target="D9"/>
  <player id="1">Player 1</player>
  <player id="2">Player 2</player>
  <result type="3" winner="1"/>
 </game>
</stratego>