<?xml version="1.0" encoding="UTF-8"?>
<stratego>
 <game type="barrage">
  
  <field content="AAAAAAAABMAAAAAAAAEDAAAAAAAAADAAAAAKACALAA__AA__AAAA__AA__AAAAAAAAAAXQAAAAAAAAWOAAAAAAAAPYAAAAAAAAPN"/>
  <move id="1" source="F4" target="F5"/>
  <move id="2" source="I7" target="H7"/>
  <move id="3" source="F5" target="F6"/>
  <move id="4" source="H7" target="G7"/>
  <move id="5" source="K3" target="I3"/>
  <move id="6" source="I9" target="H9"/>
  <move id="7" source="I3" target="I4"/>
  <move id="8" source="H9" target="H8"/>
  <move id="9" source="I4" target="I5"/>
  <move id="10" source="H8" target="G8"/>
  <move id="11" source="I5" target="I6"/>
  <move id="12" source="G8" target="F8"/>
  <move id="13" source="I2" target="H2"/>
  <move id="14" source="F8" target="F7"/>
  <move id="15" source="F6" target="F5"/>
  <move id="16" source="F7" target="F8"/>
  <move id="17" source="H2" target="G2"/>
  <move id="18" source="F8" target="G8"/>
  <move id="19" source="G2" target="F2"/>
  <move id="20" source="G8" target="H8"/>
  <move id="21" source="F2" target="F3"/>
  <move id="22" source="H8" target="H7"/>
  <move id="23" source="F3" target="E3"/>
  <move id="24" source="H7" target="I7"/>
  <move id="25" source="I6" target="I5"/>
  <move id="26" source="I7" target="H7"/>
  <move id="27" source="E3" target="E4"/>
  <move id="28" source="H7" target="H8"/>
  <move id="29" source="E4" target="E5"/>
  <move id="30" source="H8" target="G8"/>
  <move id="31" source="E5" target="E6"/>
  <move id="32" source="G8" target="F8"/>
  <move id="33" source="E6" target="E7"/>
  <move id="34" source="I8" target="I7"/>
  <move id="35" source="I5" target="I4"/>
  <move id="36" source="I7" target="I6"/>
  <move id="37" source="I4" target="I3"/>
  <move id="38" source="I6" target="I5"/>
  <move id="39" source="I3" target="H3"/>
  <move id="40" source="K7" target="K6"/>
  <move id="41" source="H3" target="G3"/>
  <move id="42" source="K6" target="K5"/>
  <move id="43" source="G3" target="F3"/>
  <move id="44" source="K5" target="K4"/>
  <move id="45" source="F3" target="G3"/>
  <move id="46" source="F8" target="F5"/>
  <move id="47" source="G3" target="H3"/>
  <move id="48" source="G7" target="G8"/>
  <move id="49" source="E7" target="E8"/>
  <move id="50" source="G8" target="H8"/>
  <move id="51" source="E8" target="F8"/>
  <move id="52" source="H8" target="I8"/>
  <move id="53" source="F8" target="G8"/>
  <move id="54" source="K8" target="K7"/>
  <move id="55" source="F5" target="F4"/>
  <move id="56" source="K7" target="K6"/>
  <move id="57" source="F4" target="G4"/>
  <move id="58" source="K6" target="K5"/>
  <move id="59" source="K4" target="K3"/>
  <move id="60" source="I5" target="I4"/>
  <move id="61" source="H4" target="I4"/>
  <move id="62" source="I4" target="H4"/>
  <move id="63" source="G4" target="H4"/>
  <move id="64" source="I:" target="H:"/>
  <move id="65" source="H3" target="I3"/>
  <move id="66" source="H:" target="G:"/>
  <move id="67" source="I3" target="I8"/>
  <move id="68" source="G:" target="G8"/>
  <move id="69" source="K3" target="I3"/>
  <move id="70" source="I8" target="H8"/>
  <move id="71" source="G8" target="G9"/>
  <move id="72" source="H8" target="H9"/>
  <move id="73" source="G9" target="G:"/>
  <move id="74" source="H9" target="H:"/>
  <move id="75" source="G:" target="G9"/>
  <move id="76" source="H:" target="H9"/>
  <move id="77" source="G9" target="G8"/>
  <move id="78" source="K5" target="I5"/>
  <move id="79" source="K2" target="K5"/>
  <move id="80" source="I5" target="I6"/>
  <move id="81" source="K5" target="K6"/>
  <move id="82" source="I6" target="I7"/>
  <move id="83" source="K6" target="K7"/>
  <move id="84" source="I7" target="H7"/>
  <move id="85" source="K7" target="I7"/>
  <move id="86" source="H7" target="H8"/>
  <move id="87" source="I7" target="I:"/>
  <move id="88" source="H8" target="I8"/>
  <move id="89" source="I:" target="K:"/>
  <move id="90" source="H9" target="H8"/>
  <move id="91" source="G8" target="G9"/>
  <move id="92" source="I8" target="I7"/>
  <move id="93" source="I3" target="I4"/>
  <move id="94" source="I7" target="I6"/>
  <move id="95" source="G9" target="G:"/>
  <move id="96" source="H8" target="H9"/>
  <move id="97" source="G:" target="F:"/>
  <move id="98" source="H9" target="G9"/>
  <move id="99" source="F:" target="E:"/>
  <move id="100" source="G9" target="F9"/>
  <move id="101" source="E:" target="D:"/>
  <move id="102" source="F9" target="E9"/>
  <move id="103" source="D:" target="C:"/>
  <move id="104" source="E9" target="D9"/>
  <move id="105" source="C:" target="B:"/>
  <move id="106" source="D9" target="C9"/>
  <move id="107" source="B:" target="A:"/>
  <move id="108" source="C9" target="B9"/>
  <move id="109" source="I4" target="H4"/>
  <move id="110" source="I6" target="I5"/>
  <move id="111" source="H4" target="G4"/>
  <move id="112" source="I5" target="I4"/>
  <move id="113" source="G4" target="F4"/>
  <move id="114" source="I4" target="I3"/>
  <move id="115" source="F4" target="F5"/>
  <move id="116" source="I3" target="I2"/>
  <move id="117" source="F5" target="F6"/>
  <move id="118" source="I2" target="K2"/>
  <move id="119" source="F6" target="F7"/>
  <move id="120" source="K2" target="K1"/>
  <player id="1">Player 1</player>
  <player id="2">Player 2</player>
  <result type="1" winner="2"/>
 </game>
</stratego>