<?xml version="1.0" encoding="UTF-8"?>
<stratego>
 <game type="classic">
  
  <field content="BEBMBBGBFDFIGEIEEBDHHJEFHKCJFDDGLDDGIDDHAA__AA__AAAA__AA__AARSOPPSRXSRUWVTPPPVPURPTNQQQUPNNTNYNQQNTS"/>
  <move id="1" source="I4" target="I7"/>
  <move id="2" source="E7" target="E6"/>
  <move id="3" source="K4" target="K5"/>
  <move id="4" source="F7" target="F6"/>
  <move id="5" source="K5" target="K6"/>
  <move id="6" source="E6" target="E5"/>
  <move id="7" source="K6" target="K7"/>
  <move id="8" source="K8" target="K7"/>
  <move id="9" source="H4" target="I4"/>
  <move id="10" source="K7" target="K8"/>
  <move id="11" source="I4" target="K4"/>
  <move id="12" source="I7" target="I6"/>
  <move id="13" source="K4" target="K5"/>
  <move id="14" source="H7" target="I7"/>
  <move id="15" source="K5" target="K6"/>
  <move id="16" source="I6" target="K6"/>
  <move id="17" source="K3" target="K4"/>
  <move id="18" source="G7" target="H7"/>
  <move id="19" source="I3" target="K3"/>
  <move id="20" source="I7" target="K7"/>
  <move id="21" source="I2" target="I8"/>
  <move id="22" source="H7" target="I7"/>
  <move id="23" source="G4" target="H4"/>
  <move id="24" source="I7" target="I6"/>
  <move id="25" source="H4" target="I4"/>
  <move id="26" source="H8" target="H7"/>
  <move id="27" source="I4" target="I5"/>
  <move id="28" source="H7" target="I7"/>
  <move id="29" source="I5" target="I6"/>
  <move id="30" source="I7" target="I6"/>
  <move id="31" source="H3" target="H4"/>
  <move id="32" source="I6" target="I7"/>
  <move id="33" source="H4" target="I4"/>
  <move id="34" source="I9" target="I8"/>
  <move id="35" source="I4" target="I5"/>
  <move id="36" source="I7" target="H7"/>
  <move id="37" source="I5" target="I6"/>
  <move id="38" source="I8" target="I7"/>
  <move id="39" source="I6" target="K6"/>
  <move id="40" source="K7" target="K6"/>
  <move id="41" source="F4" target="G4"/>
  <move id="42" source="I7" target="I8"/>
  <move id="43" source="F3" target="F4"/>
  <move id="44" source="H7" target="H8"/>
  <move id="45" source="F4" target="F5"/>
  <move id="46" source="K6" target="I6"/>
  <move id="47" source="F5" target="F6"/>
  <move id="48" source="I6" target="I7"/>
  <move id="49" source="F6" target="F7"/>
  <move id="50" source="I7" target="H7"/>
  <move id="51" source="F7" target="F8"/>
  <move id="52" source="I8" target="I7"/>
  <move id="53" source="F8" target="G8"/>
  <move id="54" source="H8" target="I8"/>
  <move id="55" source="G8" target="F8"/>
  <move id="56" source="B7" target="B6"/>
  <move id="57" source="F8" target="E8"/>
  <move id="58" source="D7" target="G7"/>
  <move id="59" source="E4" target="F4"/>
  <move id="60" source="C7" target="B7"/>
  <move id="61" source="F4" target="F9"/>
  <move id="62" source="H7" target="H8"/>
  <move id="63" source="B4" target="B5"/>
  <move id="64" source="A7" target="A6"/>
  <move id="65" source="B5" target="B6"/>
  <move id="66" source="A6" target="B6"/>
  <move id="67" source="A4" target="A8"/>
  <move id="68" source="H8" target="G8"/>
  <move id="69" source="G4" target="H4"/>
  <move id="70" source="B6" target="B5"/>
  <move id="71" source="H4" target="H3"/>
  <move id="72" source="B7" target="B6"/>
  <move id="73" source="D4" target="E4"/>
  <move id="74" source="C8" target="C7"/>
  <move id="75" source="E4" target="F4"/>
  <move id="76" source="C7" target="B7"/>
  <move id="77" source="F4" target="F3"/>
  <move id="78" source="B7" target="A7"/>
  <move id="79" source="C4" target="D4"/>
  <move id="80" source="A7" target="A6"/>
  <move id="81" source="D4" target="E4"/>
  <move id="82" source="A6" target="A5"/>
  <move id="83" source="E4" target="F4"/>
  <move id="84" source="D8" target="D7"/>
  <move id="85" source="F4" target="G4"/>
  <move id="86" source="D7" target="C7"/>
  <move id="87" source="G4" target="H4"/>
  <move id="88" source="C7" target="B7"/>
  <move id="89" source="H4" target="I4"/>
  <move id="90" source="I8" target="H8"/>
  <move id="91" source="I4" target="I5"/>
  <move id="92" source="G8" target="F8"/>
  <move id="93" source="E8" target="F8"/>
  <move id="94" source="I7" target="I5"/>
  <move id="95" source="I5" target="I6"/>
  <move id="96" source="G7" target="C7"/>
  <move id="97" source="I6" target="I7"/>
  <move id="98" source="H8" target="G8"/>
  <move id="99" source="I7" target="I8"/>
  <move id="100" source="K8" target="K7"/>
  <move id="101" source="I8" target="H8"/>
  <move id="102" source="G8" target="G7"/>
  <move id="103" source="H8" target="H9"/>
  <move id="104" source="G7" target="F7"/>
  <move id="105" source="K4" target="I4"/>
  <move id="106" source="K7" target="I7"/>
  <move id="107" source="K3" target="K4"/>
  <move id="108" source="F8" target="G8"/>
  <move id="109" source="K4" target="K5"/>
  <move id="110" source="F9" target="F8"/>
  <move id="111" source="K5" target="K6"/>
  <move id="112" source="G9" target="F9"/>
  <move id="113" source="K6" target="K7"/>
  <move id="114" source="I7" target="K7"/>
  <move id="115" source="I4" target="I:"/>
  <move id="116" source="F7" target="F6"/>
  <move id="117" source="H9" target="I9"/>
  <move id="118" source="G8" target="H8"/>
  <move id="119" source="I9" target="I:"/>
  <move id="120" source="H8" target="H9"/>
  <move id="121" source="B3" target="B4"/>
  <move id="122" source="H9" target="I9"/>
  <move id="123" source="I:" target="K:"/>
  <move id="124" source="I9" target="I:"/>
  <move id="125" source="B4" target="C4"/>
  <move id="126" source="I:" target="K:"/>
  <move id="127" source="C4" target="D4"/>
  <move id="128" source="F6" target="F5"/>
  <move id="129" source="D4" target="E4"/>
  <move id="130" source="B5" target="B4"/>
  <move id="131" source="E4" target="E5"/>
  <move id="132" source="F5" target="E5"/>
  <move id="133" source="F3" target="F4"/>
  <move id="134" source="B8" target="C8"/>
  <move id="135" source="F4" target="F5"/>
  <move id="136" source="C8" target="D8"/>
  <move id="137" source="F5" target="F6"/>
  <move id="138" source="D8" target="E8"/>
  <move id="139" source="F6" target="F8"/>
  <move id="140" source="F8" target="F7"/>
  <move id="141" source="B2" target="B3"/>
  <move id="142" source="A5" target="A4"/>
  <move id="143" source="B3" target="B4"/>
  <move id="144" source="A4" target="B4"/>
  <move id="145" source="E3" target="E4"/>
  <move id="146" source="E8" target="E7"/>
  <move id="147" source="E4" target="E5"/>
  <move id="148" source="E7" target="E6"/>
  <move id="149" source="E5" target="E6"/>
  <move id="150" source="E6" target="E5"/>
  <player id="1">Player 1</player>
  <player id="2">Player 2</player>
  <result type="3" winner="2"/>
 </game>
</stratego>