<?xml version="1.0" encoding="UTF-8"?>
<stratego>
 <game type="classic">
  
  <field content="FDBHEIIGBMBFDBIEJJGBFBEEEDHCKHDDHLGDDDGFAA__AA__AAAA__AA__AANNSSNNSXWVUSRRURRPOPPPPVQQQPPNTTPTQQTUNY"/>
  <move id="1" source="E4" target="E5"/>
  <move id="2" source="K7" target="K6"/>
  <move id="3" source="D4" target="E4"/>
  <move id="4" source="I7" target="I6"/>
  <move id="5" source="F4" target="F5"/>
  <move id="6" source="I6" target="I5"/>
  <move id="7" source="F5" target="F6"/>
  <move id="8" source="I8" target="I7"/>
  <move id="9" source="G4" target="F4"/>
  <move id="10" source="I7" target="I6"/>
  <move id="11" source="F4" target="F5"/>
  <move id="12" source="K6" target="K5"/>
  <move id="13" source="F6" target="F7"/>
  <move id="14" source="K8" target="K7"/>
  <move id="15" source="F5" target="F6"/>
  <move id="16" source="K7" target="K6"/>
  <move id="17" source="F6" target="E6"/>
  <move id="18" source="H8" target="K8"/>
  <move id="19" source="E4" target="F4"/>
  <move id="20" source="K5" target="K4"/>
  <move id="21" source="I4" target="I5"/>
  <move id="22" source="K4" target="K3"/>
  <move id="23" source="I3" target="K3"/>
  <move id="24" source="K8" target="I8"/>
  <move id="25" source="K3" target="I3"/>
  <move id="26" source="K6" target="K2"/>
  <move id="27" source="F4" target="G4"/>
  <move id="28" source="H7" target="I7"/>
  <move id="29" source="H4" target="K4"/>
  <move id="30" source="I8" target="K8"/>
  <move id="31" source="G4" target="H4"/>
  <move id="32" source="I5" target="K5"/>
  <move id="33" source="K4" target="I4"/>
  <move id="34" source="I6" target="K6"/>
  <move id="35" source="I3" target="K3"/>
  <move id="36" source="I7" target="I6"/>
  <move id="37" source="K3" target="K4"/>
  <move id="38" source="K5" target="I5"/>
  <move id="39" source="I4" target="I3"/>
  <move id="40" source="K6" target="K7"/>
  <move id="41" source="K4" target="K5"/>
  <move id="42" source="I6" target="K6"/>
  <move id="43" source="K5" target="I5"/>
  <move id="44" source="I9" target="I3"/>
  <move id="45" source="H4" target="I4"/>
  <move id="46" source="H9" target="I9"/>
  <move id="47" source="I4" target="K4"/>
  <move id="48" source="K6" target="K5"/>
  <move id="49" source="K4" target="K5"/>
  <move id="50" source="H:" target="H9"/>
  <move id="51" source="H3" target="H4"/>
  <move id="52" source="H9" target="H8"/>
  <move id="53" source="H2" target="H3"/>
  <move id="54" source="H8" target="H7"/>
  <move id="55" source="H3" target="I3"/>
  <move id="56" source="H7" target="I7"/>
  <move id="57" source="I3" target="I4"/>
  <move id="58" source="K7" target="K6"/>
  <move id="59" source="G2" target="H2"/>
  <move id="60" source="K6" target="I6"/>
  <move id="61" source="H2" target="H3"/>
  <move id="62" source="I6" target="I5"/>
  <move id="63" source="H3" target="I3"/>
  <move id="64" source="I7" target="I6"/>
  <move id="65" source="I4" target="I5"/>
  <move id="66" source="I6" target="K6"/>
  <move id="67" source="I5" target="K5"/>
  <move id="68" source="K6" target="K7"/>
  <move id="69" source="K5" target="K6"/>
  <move id="70" source="K7" target="I7"/>
  <move id="71" source="K6" target="K7"/>
  <move id="72" source="I7" target="I6"/>
  <move id="73" source="I3" target="I4"/>
  <move id="74" source="I6" target="I5"/>
  <move id="75" source="I4" target="I5"/>
  <move id="76" source="I9" target="I8"/>
  <move id="77" source="K7" target="I7"/>
  <move id="78" source="K8" target="K3"/>
  <move id="79" source="C4" target="D4"/>
  <move id="80" source="K3" target="I3"/>
  <move id="81" source="D4" target="E4"/>
  <move id="82" source="I3" target="I2"/>
  <move id="83" source="E4" target="F4"/>
  <move id="84" source="G:" target="H:"/>
  <move id="85" source="F4" target="G4"/>
  <move id="86" source="H:" target="H9"/>
  <move id="87" source="H4" target="H3"/>
  <move id="88" source="H9" target="I9"/>
  <move id="89" source="G4" target="H4"/>
  <move id="90" source="I8" target="H8"/>
  <move id="91" source="H4" target="I4"/>
  <move id="92" source="I9" target="I8"/>
  <move id="93" source="I4" target="K4"/>
  <move id="94" source="I8" target="K8"/>
  <move id="95" source="K4" target="K3"/>
  <move id="96" source="K8" target="K7"/>
  <move id="97" source="I7" target="K7"/>
  <move id="98" source="G9" target="G:"/>
  <move id="99" source="B4" target="K4"/>
  <move id="100" source="F9" target="G9"/>
  <move id="101" source="E3" target="E4"/>
  <move id="102" source="G9" target="H9"/>
  <move id="103" source="E4" target="F4"/>
  <move id="104" source="H9" target="H:"/>
  <move id="105" source="F4" target="F5"/>
  <move id="106" source="E9" target="F9"/>
  <move id="107" source="F5" target="F6"/>
  <move id="108" source="F9" target="G9"/>
  <move id="109" source="E2" target="E3"/>
  <move id="110" source="G9" target="H9"/>
  <move id="111" source="E3" target="E4"/>
  <move id="112" source="H9" target="I9"/>
  <move id="113" source="E4" target="F4"/>
  <move id="114" source="I9" target="I8"/>
  <move id="115" source="F4" target="F5"/>
  <move id="116" source="I8" target="K8"/>
  <move id="117" source="I5" target="I6"/>
  <move id="118" source="D9" target="E9"/>
  <move id="119" source="I6" target="I7"/>
  <move id="120" source="E9" target="F9"/>
  <move id="121" source="K7" target="K8"/>
  <move id="122" source="F9" target="G9"/>
  <move id="123" source="K8" target="I8"/>
  <move id="124" source="G9" target="H9"/>
  <move id="125" source="I7" target="I6"/>
  <move id="126" source="H9" target="I9"/>
  <move id="127" source="K4" target="K7"/>
  <move id="128" source="I9" target="I8"/>
  <move id="129" source="K7" target="G7"/>
  <move id="130" source="H8" target="K8"/>
  <move id="131" source="I6" target="I7"/>
  <move id="132" source="K8" target="K3"/>
  <move id="133" source="H3" target="H4"/>
  <move id="134" source="E8" target="E9"/>
  <move id="135" source="G1" target="G2"/>
  <move id="136" source="E9" target="F9"/>
  <move id="137" source="G2" target="H2"/>
  <move id="138" source="F9" target="G9"/>
  <move id="139" source="H2" target="H3"/>
  <move id="140" source="G9" target="H9"/>
  <move id="141" source="H3" target="I3"/>
  <move id="142" source="H9" target="H8"/>
  <move id="143" source="I3" target="I4"/>
  <move id="144" source="C9" target="D9"/>
  <move id="145" source="I4" target="I5"/>
  <move id="146" source="D9" target="E9"/>
  <move id="147" source="I7" target="H7"/>
  <move id="148" source="H8" target="I8"/>
  <move id="149" source="H7" target="G7"/>
  <move id="150" source="I8" target="I7"/>
  <move id="151" source="F1" target="G1"/>
  <move id="152" source="I7" target="I6"/>
  <move id="153" source="G1" target="G2"/>
  <move id="154" source="I6" target="I5"/>
  <move id="155" source="G2" target="H2"/>
  <move id="156" source="G8" target="H8"/>
  <move id="157" source="G7" target="H7"/>
  <move id="158" source="H8" target="I8"/>
  <move id="159" source="H2" target="H3"/>
  <move id="160" source="I8" target="K8"/>
  <move id="161" source="H7" target="I7"/>
  <move id="162" source="F8" target="G8"/>
  <move id="163" source="F6" target="F7"/>
  <move id="164" source="F:" target="F9"/>
  <move id="165" source="F7" target="E7"/>
  <move id="166" source="D7" target="E7"/>
  <move id="167" source="E6" target="F6"/>
  <move id="168" source="E7" target="E6"/>
  <move id="169" source="F6" target="F7"/>
  <move id="170" source="E6" target="E5"/>
  <move id="171" source="F7" target="C7"/>
  <move id="172" source="D8" target="D7"/>
  <move id="173" source="F5" target="F6"/>
  <move id="174" source="D:" target="D9"/>
  <move id="175" source="F6" target="E6"/>
  <move id="176" source="D9" target="D8"/>
  <move id="177" source="E6" target="E7"/>
  <move id="178" source="D8" target="E8"/>
  <move id="179" source="E7" target="D7"/>
  <move id="180" source="E8" target="E7"/>
  <move id="181" source="D7" target="E7"/>
  <move id="182" source="C8" target="C9"/>
  <move id="183" source="E7" target="F7"/>
  <move id="184" source="B8" target="C8"/>
  <move id="185" source="F7" target="F8"/>
  <move id="186" source="C8" target="D8"/>
  <move id="187" source="F8" target="F9"/>
  <move id="188" source="D8" target="E8"/>
  <move id="189" source="F9" target="F8"/>
  <move id="190" source="E8" target="E7"/>
  <move id="191" source="F8" target="F7"/>
  <move id="192" source="E7" target="E6"/>
  <move id="193" source="F7" target="F6"/>
  <move id="194" source="E6" target="E5"/>
  <move id="195" source="F6" target="F5"/>
  <move id="196" source="E5" target="E4"/>
  <move id="197" source="F5" target="F4"/>
  <move id="198" source="E4" target="E3"/>
  <move id="199" source="F2" target="E2"/>
  <move id="200" source="E3" target="E2"/>
  <move id="201" source="E1" target="F1"/>
  <move id="202" source="E2" target="E1"/>
  <move id="203" source="F1" target="G1"/>
  <move id="204" source="E1" target="D1"/>
  <move id="205" source="G1" target="G2"/>
  <move id="206" source="A8" target="B8"/>
  <move id="207" source="G2" target="H2"/>
  <move id="208" source="B8" target="C8"/>
  <move id="209" source="F4" target="F5"/>
  <move id="210" source="C8" target="D8"/>
  <move id="211" source="F5" target="F6"/>
  <move id="212" source="D8" target="E8"/>
  <move id="213" source="F6" target="E6"/>
  <move id="214" source="E8" target="F8"/>
  <move id="215" source="E6" target="E7"/>
  <move id="216" source="E9" target="D9"/>
  <move id="217" source="H3" target="I3"/>
  <move id="218" source="D9" target="D8"/>
  <move id="219" source="I3" target="I4"/>
  <move id="220" source="D8" target="D7"/>
  <move id="221" source="I4" target="I5"/>
  <move id="222" source="G8" target="G7"/>
  <move id="223" source="I7" target="H7"/>
  <move id="224" source="G7" target="F7"/>
  <move id="225" source="E7" target="F7"/>
  <move id="226" source="F8" target="F7"/>
  <move id="227" source="H7" target="G7"/>
  <move id="228" source="E:" target="E9"/>
  <move id="229" source="G7" target="F7"/>
  <move id="230" source="G:" target="G9"/>
  <move id="231" source="F7" target="E7"/>
  <move id="232" source="G9" target="G8"/>
  <move id="233" source="E7" target="D7"/>
  <move id="234" source="G8" target="G7"/>
  <move id="235" source="D7" target="E7"/>
  <move id="236" source="G7" target="H7"/>
  <move id="237" source="F3" target="F8"/>
  <move id="238" source="H:" target="H9"/>
  <move id="239" source="F8" target="B8"/>
  <move id="240" source="H9" target="H8"/>
  <move id="241" source="B8" target="B9"/>
  <move id="242" source="H8" target="G8"/>
  <move id="243" source="A4" target="A7"/>
  <move id="244" source="G8" target="G7"/>
  <move id="245" source="I5" target="I6"/>
  <move id="246" source="E9" target="E8"/>
  <move id="247" source="I6" target="I7"/>
  <move id="248" source="G7" target="F7"/>
  <move id="249" source="I7" target="H7"/>
  <move id="250" source="F7" target="F6"/>
  <move id="251" source="G3" target="F3"/>
  <move id="252" source="F6" target="F5"/>
  <move id="253" source="F3" target="F4"/>
  <move id="254" source="F5" target="F4"/>
  <move id="255" source="H4" target="I4"/>
  <player id="1">Player 1</player>
  <player id="2">Player 2</player>
  <result type="3" winner="1"/>
 </game>
</stratego>