<?xml version="1.0" encoding="UTF-8"?>
<stratego>
 <game type="classic">
  
  <field content="DDMDHEFEEDDGGBIHHGLDGIBFHFECJKBBFBBJIEDDAA__AA__AAAA__AA__AAPXQNPPPRNNUPQUWNNNRRRTVSOQTVPSYUSQPTPTQS"/>
  <move id="1" source="K4" target="K5"/>
  <move id="2" source="B7" target="B6"/>
  <move id="3" source="I4" target="I5"/>
  <move id="4" source="B6" target="B5"/>
  <move id="5" source="I5" target="I6"/>
  <move id="6" source="A7" target="A4"/>
  <move id="7" source="I6" target="I7"/>
  <move id="8" source="B5" target="A5"/>
  <move id="9" source="H4" target="I4"/>
  <move id="10" source="B8" target="B4"/>
  <move id="11" source="K5" target="K7"/>
  <move id="12" source="A5" target="B5"/>
  <move id="13" source="I4" target="K4"/>
  <move id="14" source="C8" target="B8"/>
  <move id="15" source="I3" target="I4"/>
  <move id="16" source="B8" target="B7"/>
  <move id="17" source="K4" target="K5"/>
  <move id="18" source="B7" target="B6"/>
  <move id="19" source="K5" target="K6"/>
  <move id="20" source="B6" target="A6"/>
  <move id="21" source="K3" target="K4"/>
  <move id="22" source="A6" target="A5"/>
  <move id="23" source="K4" target="K5"/>
  <move id="24" source="A8" target="A7"/>
  <move id="25" source="K6" target="K7"/>
  <move id="26" source="K8" target="K7"/>
  <move id="27" source="K5" target="K6"/>
  <move id="28" source="K7" target="K8"/>
  <move id="29" source="K6" target="K7"/>
  <move id="30" source="A7" target="A6"/>
  <move id="31" source="K7" target="K8"/>
  <move id="32" source="A5" target="A4"/>
  <move id="33" source="A3" target="A4"/>
  <move id="34" source="A6" target="A5"/>
  <move id="35" source="B3" target="A3"/>
  <move id="36" source="A5" target="A4"/>
  <move id="37" source="A3" target="A4"/>
  <move id="38" source="F7" target="F4"/>
  <move id="39" source="F4" target="F5"/>
  <move id="40" source="E7" target="E4"/>
  <move id="41" source="F5" target="F6"/>
  <move id="42" source="C7" target="B7"/>
  <move id="43" source="A2" target="A9"/>
  <move id="44" source="B7" target="B6"/>
  <move id="45" source="B2" target="B3"/>
  <move id="46" source="B6" target="A6"/>
  <move id="47" source="F6" target="F7"/>
  <move id="48" source="A6" target="A5"/>
  <move id="49" source="F7" target="F8"/>
  <move id="50" source="A5" target="A4"/>
  <move id="51" source="K8" target="I8"/>
  <move id="52" source="A4" target="B4"/>
  <move id="53" source="C4" target="B4"/>
  <move id="54" source="B5" target="B4"/>
  <move id="55" source="I4" target="I5"/>
  <move id="56" source="B4" target="B3"/>
  <move id="57" source="I5" target="I6"/>
  <move id="58" source="B3" target="C3"/>
  <move id="59" source="H3" target="H4"/>
  <move id="60" source="E8" target="E7"/>
  <move id="61" source="G3" target="H3"/>
  <move id="62" source="E7" target="F7"/>
  <move id="63" source="H3" target="I3"/>
  <move id="64" source="F7" target="F6"/>
  <move id="65" source="I3" target="I4"/>
  <move id="66" source="F6" target="F5"/>
  <move id="67" source="I4" target="I5"/>
  <move id="68" source="F5" target="F4"/>
  <move id="69" source="I5" target="K5"/>
  <move id="70" source="F4" target="F3"/>
  <move id="71" source="K5" target="K6"/>
  <move id="72" source="F3" target="F2"/>
  <move id="73" source="K6" target="K7"/>
  <move id="74" source="F2" target="F1"/>
  <move id="75" source="K7" target="I7"/>
  <move id="76" source="H7" target="I7"/>
  <move id="77" source="I6" target="I7"/>
  <move id="78" source="F1" target="G1"/>
  <move id="79" source="I7" target="H7"/>
  <move id="80" source="G1" target="H1"/>
  <move id="81" source="K2" target="K3"/>
  <move id="82" source="H1" target="I1"/>
  <move id="83" source="I2" target="I1"/>
  <move id="84" source="C9" target="C8"/>
  <move id="85" source="K3" target="K4"/>
  <move id="86" source="C8" target="B8"/>
  <move id="87" source="K4" target="K5"/>
  <move id="88" source="B8" target="B7"/>
  <move id="89" source="K5" target="K6"/>
  <move id="90" source="B7" target="B6"/>
  <move id="91" source="K6" target="K7"/>
  <move id="92" source="B6" target="B5"/>
  <move id="93" source="K7" target="K9"/>
  <move id="94" source="B5" target="B4"/>
  <move id="95" source="I8" target="K8"/>
  <move id="96" source="I9" target="I6"/>
  <move id="97" source="K8" target="K9"/>
  <move id="98" source="I6" target="K6"/>
  <move id="99" source="K1" target="K6"/>
  <move id="100" source="B4" target="B3"/>
  <move id="101" source="I1" target="I2"/>
  <move id="102" source="B3" target="B2"/>
  <move id="103" source="I2" target="I3"/>
  <move id="104" source="B2" target="B1"/>
  <move id="105" source="I3" target="I4"/>
  <move id="106" source="B1" target="C1"/>
  <player id="1">Player 1</player>
  <player id="2">Player 2</player>
  <result type="1" winner="2"/>
 </game>
</stratego>