<?xml version="1.0" encoding="UTF-8"?>
<stratego>
 <game type="classic">
  
  <field content="GBFEDEEBFBDEDBIJCMEFDHKDIHJLIBGDBHFDGHDGAA__AA__AAAA__AA__AAPTWQPSVTPSRPROUPNSNPTVTQXSNURQPRNYPQUNQN"/>
  <move id="1" source="A4" target="A5"/>
  <move id="2" source="K7" target="K6"/>
  <move id="3" source="B4" target="B7"/>
  <move id="4" source="K6" target="K5"/>
  <move id="5" source="B3" target="B4"/>
  <move id="6" source="K5" target="I5"/>
  <move id="7" source="A3" target="B3"/>
  <move id="8" source="K8" target="K4"/>
  <move id="9" source="B4" target="B5"/>
  <move id="10" source="I5" target="K5"/>
  <move id="11" source="B5" target="B6"/>
  <move id="12" source="F7" target="F6"/>
  <move id="13" source="B6" target="B7"/>
  <move id="14" source="B8" target="B7"/>
  <move id="15" source="A5" target="A6"/>
  <move id="16" source="C8" target="B8"/>
  <move id="17" source="B3" target="B7"/>
  <move id="18" source="C9" target="C8"/>
  <move id="19" source="A2" target="A3"/>
  <move id="20" source="B8" target="B7"/>
  <move id="21" source="A3" target="B3"/>
  <move id="22" source="C8" target="B8"/>
  <move id="23" source="A6" target="B6"/>
  <move id="24" source="I7" target="I4"/>
  <move id="25" source="A1" target="A2"/>
  <move id="26" source="F6" target="F5"/>
  <move id="27" source="A2" target="A3"/>
  <move id="28" source="E7" target="E4"/>
  <move id="29" source="A3" target="A4"/>
  <move id="30" source="F5" target="E5"/>
  <move id="31" source="A4" target="A5"/>
  <move id="32" source="B7" target="B6"/>
  <move id="33" source="B6" target="B5"/>
  <move id="34" source="B8" target="B7"/>
  <move id="35" source="B5" target="B4"/>
  <move id="36" source="H7" target="I7"/>
  <move id="37" source="B4" target="A4"/>
  <move id="38" source="I7" target="I6"/>
  <move id="39" source="A4" target="A3"/>
  <move id="40" source="I6" target="I5"/>
  <move id="41" source="B3" target="B4"/>
  <move id="42" source="I5" target="I4"/>
  <move id="43" source="B4" target="B5"/>
  <move id="44" source="I4" target="K4"/>
  <move id="45" source="I3" target="I4"/>
  <move id="46" source="K4" target="K3"/>
  <move id="47" source="B5" target="B6"/>
  <move id="48" source="K5" target="K4"/>
  <move id="49" source="I4" target="I3"/>
  <move id="50" source="K4" target="I4"/>
  <move id="51" source="A5" target="B5"/>
  <move id="52" source="I4" target="I3"/>
  <move id="53" source="B6" target="A6"/>
  <move id="54" source="K9" target="K8"/>
  <move id="55" source="B5" target="B6"/>
  <move id="56" source="K8" target="K7"/>
  <move id="57" source="A6" target="A7"/>
  <move id="58" source="A8" target="A7"/>
  <move id="59" source="A3" target="A2"/>
  <move id="60" source="A9" target="A8"/>
  <move id="61" source="B2" target="B3"/>
  <move id="62" source="K7" target="K6"/>
  <move id="63" source="B3" target="B4"/>
  <move id="64" source="K6" target="K5"/>
  <move id="65" source="C3" target="B3"/>
  <move id="66" source="K5" target="K4"/>
  <move id="67" source="B3" target="A3"/>
  <move id="68" source="G7" target="H7"/>
  <move id="69" source="A3" target="A4"/>
  <move id="70" source="H7" target="I7"/>
  <move id="71" source="A4" target="A5"/>
  <move id="72" source="I7" target="I6"/>
  <move id="73" source="A5" target="A6"/>
  <move id="74" source="I6" target="I5"/>
  <move id="75" source="A6" target="A7"/>
  <move id="76" source="A8" target="B8"/>
  <move id="77" source="A7" target="B7"/>
  <move id="78" source="B8" target="C8"/>
  <move id="79" source="B7" target="A7"/>
  <move id="80" source="C8" target="B8"/>
  <move id="81" source="B6" target="B7"/>
  <move id="82" source="B8" target="B7"/>
  <move id="83" source="A7" target="B7"/>
  <move id="84" source="I5" target="I4"/>
  <move id="85" source="B4" target="A4"/>
  <move id="86" source="E8" target="E7"/>
  <move id="87" source="A2" target="A1"/>
  <move id="88" source="E7" target="E6"/>
  <move id="89" source="A4" target="A5"/>
  <move id="90" source="E5" target="E4"/>
  <move id="91" source="D4" target="E4"/>
  <move id="92" source="E6" target="E5"/>
  <move id="93" source="E4" target="D4"/>
  <move id="94" source="E5" target="E4"/>
  <move id="95" source="A5" target="A6"/>
  <move id="96" source="E9" target="E8"/>
  <move id="97" source="A6" target="A7"/>
  <move id="98" source="E8" target="E7"/>
  <move id="99" source="A7" target="A8"/>
  <move id="100" source="E7" target="E6"/>
  <move id="101" source="A8" target="B8"/>
  <move id="102" source="E6" target="E5"/>
  <move id="103" source="B8" target="B9"/>
  <move id="104" source="B9" target="C9"/>
  <move id="105" source="C2" target="A2"/>
  <move id="106" source="E4" target="D4"/>
  <move id="107" source="F4" target="E4"/>
  <move id="108" source="D4" target="E4"/>
  <move id="109" source="E3" target="E4"/>
  <move id="110" source="H8" target="H7"/>
  <move id="111" source="D3" target="E3"/>
  <move id="112" source="E5" target="F5"/>
  <move id="113" source="E3" target="E4"/>
  <move id="114" source="H7" target="I7"/>
  <move id="115" source="B7" target="B8"/>
  <move id="116" source="I7" target="I6"/>
  <move id="117" source="A2" target="A:"/>
  <move id="118" source="I6" target="I5"/>
  <move id="119" source="E4" target="F4"/>
  <move id="120" source="F5" target="F6"/>
  <move id="121" source="F4" target="F6"/>
  <move id="122" source="I4" target="I3"/>
  <move id="123" source="H3" target="I3"/>
  <move id="124" source="F6" target="F5"/>
  <move id="125" source="I3" target="H3"/>
  <move id="126" source="F5" target="F4"/>
  <move id="127" source="B8" target="C8"/>
  <move id="128" source="C9" target="B9"/>
  <move id="129" source="C8" target="D8"/>
  <move id="130" source="F4" target="E4"/>
  <move id="131" source="D8" target="C8"/>
  <move id="132" source="F8" target="F4"/>
  <move id="133" source="H3" target="I3"/>
  <move id="134" source="F4" target="G4"/>
  <move id="135" source="H4" target="I4"/>
  <move id="136" source="E4" target="F4"/>
  <move id="137" source="G3" target="H3"/>
  <move id="138" source="F4" target="G4"/>
  <move id="139" source="I4" target="K4"/>
  <move id="140" source="B9" target="A9"/>
  <move id="141" source="C8" target="B8"/>
  <move id="142" source="D7" target="E7"/>
  <move id="143" source="F3" target="E3"/>
  <move id="144" source="E7" target="E6"/>
  <move id="145" source="F2" target="F3"/>
  <move id="146" source="E6" target="E5"/>
  <move id="147" source="E3" target="D3"/>
  <move id="148" source="E5" target="E4"/>
  <move id="149" source="E2" target="E3"/>
  <move id="150" source="E4" target="F4"/>
  <move id="151" source="F3" target="F2"/>
  <move id="152" source="G4" target="H4"/>
  <move id="153" source="H3" target="G3"/>
  <move id="154" source="F4" target="G4"/>
  <move id="155" source="F2" target="F3"/>
  <move id="156" source="G4" target="F4"/>
  <move id="157" source="F3" target="F4"/>
  <move id="158" source="H4" target="G4"/>
  <move id="159" source="F4" target="F5"/>
  <move id="160" source="G4" target="G3"/>
  <move id="161" source="G2" target="G3"/>
  <move id="162" source="I5" target="K5"/>
  <move id="163" source="K4" target="I4"/>
  <move id="164" source="K5" target="I5"/>
  <move id="165" source="I4" target="H4"/>
  <move id="166" source="I5" target="I6"/>
  <move id="167" source="F5" target="F6"/>
  <move id="168" source="I6" target="I7"/>
  <move id="169" source="F6" target="F7"/>
  <move id="170" source="I7" target="H7"/>
  <move id="171" source="F7" target="G7"/>
  <move id="172" source="H7" target="H8"/>
  <move id="173" source="E1" target="E2"/>
  <move id="174" source="E:" target="E9"/>
  <move id="175" source="G3" target="G2"/>
  <move id="176" source="E9" target="E8"/>
  <move id="177" source="E3" target="F3"/>
  <move id="178" source="E8" target="E7"/>
  <move id="179" source="E2" target="E7"/>
  <move id="180" source="D9" target="D8"/>
  <move id="181" source="H4" target="G4"/>
  <move id="182" source="D8" target="D7"/>
  <move id="183" source="G4" target="F4"/>
  <move id="184" source="D7" target="E7"/>
  <move id="185" source="F4" target="F5"/>
  <move id="186" source="E7" target="F7"/>
  <move id="187" source="G7" target="H7"/>
  <move id="188" source="F7" target="G7"/>
  <move id="189" source="H7" target="I7"/>
  <move id="190" source="G7" target="H7"/>
  <move id="191" source="I7" target="K7"/>
  <move id="192" source="H7" target="I7"/>
  <move id="193" source="K7" target="K6"/>
  <move id="194" source="I7" target="I6"/>
  <move id="195" source="K6" target="K5"/>
  <move id="196" source="I6" target="I5"/>
  <move id="197" source="K5" target="K4"/>
  <move id="198" source="F:" target="E:"/>
  <move id="199" source="F5" target="F6"/>
  <move id="200" source="E:" target="E9"/>
  <move id="201" source="F6" target="E6"/>
  <move id="202" source="E9" target="E8"/>
  <move id="203" source="E6" target="E7"/>
  <move id="204" source="E8" target="F8"/>
  <move id="205" source="E7" target="F7"/>
  <move id="206" source="C7" target="D7"/>
  <move id="207" source="F3" target="F4"/>
  <move id="208" source="D7" target="E7"/>
  <move id="209" source="F7" target="E7"/>
  <move id="210" source="E7" target="E6"/>
  <move id="211" source="I3" target="H3"/>
  <move id="212" source="E6" target="E5"/>
  <move id="213" source="H3" target="G3"/>
  <move id="214" source="E5" target="E4"/>
  <move id="215" source="F4" target="F5"/>
  <move id="216" source="E4" target="E3"/>
  <move id="217" source="D3" target="D4"/>
  <move id="218" source="E3" target="D3"/>
  <move id="219" source="D4" target="E4"/>
  <move id="220" source="D3" target="D2"/>
  <move id="221" source="F5" target="F6"/>
  <player id="1">Player 1</player>
  <player id="2">Player 2</player>
  <result type="3" winner="1"/>
 </game>
</stratego>