<?xml version="1.0" encoding="UTF-8"?>
<stratego>
 <game type="classic">
  
  <field content="FBEBGEEHBMBEFDBDJEIBHIDCIJDDDLFGKDFGDGHHAA__AA__AAAA__AA__AAYTVSNNTPSUUWVNRRTOTQRXUSNPQNPPQQQPPRNPPS"/>
  <move id="1" source="E4" target="E5"/>
  <move id="2" source="I7" target="I6"/>
  <move id="3" source="E5" target="E6"/>
  <move id="4" source="I6" target="I5"/>
  <move id="5" source="E3" target="E4"/>
  <move id="6" source="K7" target="K6"/>
  <move id="7" source="E4" target="E5"/>
  <move id="8" source="I5" target="I4"/>
  <move id="9" source="I4" target="I5"/>
  <move id="10" source="K6" target="K7"/>
  <move id="11" source="E6" target="F6"/>
  <move id="12" source="H7" target="I7"/>
  <move id="13" source="F4" target="E4"/>
  <move id="14" source="K7" target="K6"/>
  <move id="15" source="F6" target="F7"/>
  <move id="16" source="B7" target="B6"/>
  <move id="17" source="G4" target="F4"/>
  <move id="18" source="B6" target="A6"/>
  <move id="19" source="H4" target="G4"/>
  <move id="20" source="B8" target="B7"/>
  <move id="21" source="I5" target="I4"/>
  <move id="22" source="B7" target="B6"/>
  <move id="23" source="I4" target="H4"/>
  <move id="24" source="B6" target="B5"/>
  <move id="25" source="I3" target="I7"/>
  <move id="26" source="I8" target="I7"/>
  <move id="27" source="H3" target="I3"/>
  <move id="28" source="I7" target="I6"/>
  <move id="29" source="I3" target="I6"/>
  <move id="30" source="I6" target="I5"/>
  <move id="31" source="H4" target="H3"/>
  <move id="32" source="I5" target="K5"/>
  <move id="33" source="G4" target="H4"/>
  <move id="34" source="I9" target="I5"/>
  <move id="35" source="K4" target="I4"/>
  <move id="36" source="I5" target="I6"/>
  <move id="37" source="G3" target="G4"/>
  <move id="38" source="K5" target="K4"/>
  <move id="39" source="I4" target="I5"/>
  <move id="40" source="I6" target="I7"/>
  <move id="41" source="I5" target="K5"/>
  <move id="42" source="K6" target="K5"/>
  <move id="43" source="K3" target="K4"/>
  <move id="44" source="K5" target="I5"/>
  <move id="45" source="K4" target="I4"/>
  <move id="46" source="I5" target="K5"/>
  <move id="47" source="I4" target="K4"/>
  <move id="48" source="K5" target="K6"/>
  <move id="49" source="K4" target="K5"/>
  <move id="50" source="K6" target="K7"/>
  <move id="51" source="K5" target="K6"/>
  <move id="52" source="I7" target="H7"/>
  <move id="53" source="K6" target="K7"/>
  <move id="54" source="A6" target="A5"/>
  <move id="55" source="K7" target="I7"/>
  <move id="56" source="B9" target="B8"/>
  <move id="57" source="H4" target="I4"/>
  <move id="58" source="I:" target="I9"/>
  <move id="59" source="I4" target="K4"/>
  <move id="60" source="I9" target="I8"/>
  <move id="61" source="K4" target="K5"/>
  <move id="62" source="B8" target="B7"/>
  <move id="63" source="K5" target="K6"/>
  <move id="64" source="B7" target="B6"/>
  <move id="65" source="K6" target="K7"/>
  <move id="66" source="A5" target="A4"/>
  <move id="67" source="A3" target="A4"/>
  <move id="68" source="B5" target="A5"/>
  <move id="69" source="K7" target="K8"/>
  <move id="70" source="I8" target="I9"/>
  <move id="71" source="K8" target="I8"/>
  <move id="72" source="I9" target="I:"/>
  <move id="73" source="I8" target="I9"/>
  <move id="74" source="K9" target="K4"/>
  <move id="75" source="H3" target="H4"/>
  <move id="76" source="K:" target="K9"/>
  <move id="77" source="I9" target="I:"/>
  <move id="78" source="K4" target="K2"/>
  <move id="79" source="I:" target="I9"/>
  <move id="80" source="K9" target="I9"/>
  <move id="81" source="H4" target="H3"/>
  <move id="82" source="A5" target="A4"/>
  <move id="83" source="G4" target="K4"/>
  <move id="84" source="A4" target="A3"/>
  <move id="85" source="K4" target="K8"/>
  <move id="86" source="H:" target="K:"/>
  <move id="87" source="K8" target="H8"/>
  <move id="88" source="H7" target="H8"/>
  <move id="89" source="I7" target="H7"/>
  <move id="90" source="B6" target="A6"/>
  <move id="91" source="F4" target="I4"/>
  <move id="92" source="B:" target="B9"/>
  <move id="93" source="I4" target="I8"/>
  <move id="94" source="K:" target="K4"/>
  <move id="95" source="I8" target="G8"/>
  <move id="96" source="K4" target="E4"/>
  <move id="97" source="H7" target="H8"/>
  <move id="98" source="B9" target="B8"/>
  <move id="99" source="H8" target="G8"/>
  <move id="100" source="G7" target="H7"/>
  <move id="101" source="E4" target="F4"/>
  <move id="102" source="B8" target="B7"/>
  <move id="103" source="F4" target="G4"/>
  <move id="104" source="H7" target="I7"/>
  <move id="105" source="G4" target="H4"/>
  <move id="106" source="I7" target="I6"/>
  <move id="107" source="H4" target="I4"/>
  <move id="108" source="I6" target="I5"/>
  <move id="109" source="I4" target="I5"/>
  <move id="110" source="I5" target="I4"/>
  <move id="111" source="G8" target="G7"/>
  <move id="112" source="B7" target="B6"/>
  <move id="113" source="H3" target="H4"/>
  <move id="114" source="I4" target="H4"/>
  <move id="115" source="D4" target="I4"/>
  <move id="116" source="B6" target="B5"/>
  <move id="117" source="I4" target="I8"/>
  <move id="118" source="B5" target="B4"/>
  <move id="119" source="I8" target="F8"/>
  <move id="120" source="A3" target="A4"/>
  <move id="121" source="B4" target="B5"/>
  <move id="122" source="C7" target="B7"/>
  <move id="123" source="G7" target="G8"/>
  <move id="124" source="B7" target="B6"/>
  <move id="125" source="B5" target="B4"/>
  <move id="126" source="B6" target="B5"/>
  <move id="127" source="B4" target="A4"/>
  <move id="128" source="A4" target="B4"/>
  <move id="129" source="C4" target="B4"/>
  <move id="130" source="B5" target="B4"/>
  <move id="131" source="G8" target="F8"/>
  <move id="132" source="B4" target="C4"/>
  <move id="133" source="C3" target="C4"/>
  <move id="134" source="C4" target="D4"/>
  <move id="135" source="F3" target="E3"/>
  <move id="136" source="D4" target="D3"/>
  <move id="137" source="E3" target="D3"/>
  <move id="138" source="C8" target="C7"/>
  <move id="139" source="D2" target="D3"/>
  <move id="140" source="A6" target="A5"/>
  <move id="141" source="D3" target="I3"/>
  <move id="142" source="A5" target="A4"/>
  <move id="143" source="I3" target="I8"/>
  <move id="144" source="C7" target="B7"/>
  <move id="145" source="I8" target="G8"/>
  <move id="146" source="B7" target="B6"/>
  <move id="147" source="G8" target="G9"/>
  <move id="148" source="B6" target="B5"/>
  <move id="149" source="F8" target="G8"/>
  <move id="150" source="B5" target="B4"/>
  <move id="151" source="G8" target="G9"/>
  <move id="152" source="B4" target="C4"/>
  <move id="153" source="F2" target="F3"/>
  <move id="154" source="C4" target="D4"/>
  <move id="155" source="E5" target="F5"/>
  <move id="156" source="D4" target="E4"/>
  <move id="157" source="F3" target="I3"/>
  <move id="158" source="E4" target="F4"/>
  <move id="159" source="F5" target="E5"/>
  <move id="160" source="A4" target="B4"/>
  <move id="161" source="I3" target="I8"/>
  <move id="162" source="B4" target="C4"/>
  <move id="163" source="I8" target="E8"/>
  <move id="164" source="C4" target="D4"/>
  <move id="165" source="G9" target="G8"/>
  <move id="166" source="D4" target="E4"/>
  <move id="167" source="G8" target="F8"/>
  <move id="168" source="E4" target="E5"/>
  <move id="169" source="F8" target="E8"/>
  <move id="170" source="F4" target="F3"/>
  <move id="171" source="E8" target="F8"/>
  <move id="172" source="F3" target="F2"/>
  <move id="173" source="G2" target="F2"/>
  <move id="174" source="E5" target="E4"/>
  <move id="175" source="F8" target="G8"/>
  <move id="176" source="E4" target="E3"/>
  <move id="177" source="G8" target="G7"/>
  <move id="178" source="C:" target="B:"/>
  <move id="179" source="B3" target="B4"/>
  <move id="180" source="A8" target="B8"/>
  <move id="181" source="B4" target="A4"/>
  <move id="182" source="B8" target="B7"/>
  <move id="183" source="A4" target="A5"/>
  <move id="184" source="B7" target="B6"/>
  <move id="185" source="G7" target="H7"/>
  <move id="186" source="B6" target="A6"/>
  <move id="187" source="A5" target="B5"/>
  <move id="188" source="E3" target="D3"/>
  <move id="189" source="H7" target="I7"/>
  <move id="190" source="D3" target="C3"/>
  <move id="191" source="I7" target="I6"/>
  <move id="192" source="C3" target="C4"/>
  <move id="193" source="I6" target="I5"/>
  <move id="194" source="C4" target="B4"/>
  <move id="195" source="B5" target="A5"/>
  <move id="196" source="A6" target="A5"/>
  <move id="197" source="I5" target="I4"/>
  <move id="198" source="C9" target="C8"/>
  <move id="199" source="I4" target="H4"/>
  <move id="200" source="D:" target="C:"/>
  <move id="201" source="H4" target="G4"/>
  <move id="202" source="C:" target="C9"/>
  <move id="203" source="G4" target="F4"/>
  <move id="204" source="C9" target="B9"/>
  <move id="205" source="F4" target="E4"/>
  <move id="206" source="B4" target="B3"/>
  <move id="207" source="E4" target="E3"/>
  <move id="208" source="B3" target="C3"/>
  <move id="209" source="E3" target="D3"/>
  <move id="210" source="C8" target="C7"/>
  <move id="211" source="D3" target="C3"/>
  <move id="212" source="C7" target="B7"/>
  <move id="213" source="H2" target="H3"/>
  <move id="214" source="B7" target="B6"/>
  <move id="215" source="H3" target="G3"/>
  <move id="216" source="F9" target="F8"/>
  <move id="217" source="G3" target="F3"/>
  <move id="218" source="F8" target="G8"/>
  <move id="219" source="F3" target="E3"/>
  <move id="220" source="G8" target="G7"/>
  <move id="221" source="E3" target="D3"/>
  <move id="222" source="G7" target="H7"/>
  <move id="223" source="D3" target="C3"/>
  <move id="224" source="H7" target="I7"/>
  <move id="225" source="C3" target="B3"/>
  <move id="226" source="I7" target="I6"/>
  <move id="227" source="B3" target="B4"/>
  <move id="228" source="F:" target="F9"/>
  <move id="229" source="B4" target="C4"/>
  <move id="230" source="F9" target="F8"/>
  <move id="231" source="C4" target="D4"/>
  <move id="232" source="F8" target="G8"/>
  <move id="233" source="D4" target="E4"/>
  <move id="234" source="B6" target="B5"/>
  <move id="235" source="E4" target="F4"/>
  <move id="236" source="I6" target="I5"/>
  <move id="237" source="F4" target="F5"/>
  <move id="238" source="I5" target="I4"/>
  <move id="239" source="F5" target="F6"/>
  <move id="240" source="I4" target="K4"/>
  <move id="241" source="F6" target="F7"/>
  <move id="242" source="B5" target="B4"/>
  <move id="243" source="F7" target="E7"/>
  <move id="244" source="D7" target="E7"/>
  <move id="245" source="G1" target="G2"/>
  <move id="246" source="B4" target="B3"/>
  <move id="247" source="G2" target="F2"/>
  <move id="248" source="K4" target="A4"/>
  <move id="249" source="F2" target="F3"/>
  <move id="250" source="A4" target="A2"/>
  <move id="251" source="F3" target="E3"/>
  <move id="252" source="B3" target="C3"/>
  <move id="253" source="E3" target="E4"/>
  <move id="254" source="B9" target="B2"/>
  <move id="255" source="E4" target="E5"/>
  <move id="256" source="E7" target="D7"/>
  <move id="257" source="E5" target="E6"/>
  <move id="258" source="D7" target="C7"/>
  <move id="259" source="E6" target="E7"/>
  <move id="260" source="C7" target="B7"/>
  <move id="261" source="E7" target="D7"/>
  <move id="262" source="B7" target="B6"/>
  <move id="263" source="D7" target="C7"/>
  <move id="264" source="B6" target="B5"/>
  <move id="265" source="C7" target="B7"/>
  <move id="266" source="E:" target="F:"/>
  <move id="267" source="B7" target="B8"/>
  <move id="268" source="B5" target="B4"/>
  <move id="269" source="B8" target="A8"/>
  <move id="270" source="B4" target="B3"/>
  <move id="271" source="A8" target="A9"/>
  <move id="272" source="B3" target="B2"/>
  <move id="273" source="F1" target="F2"/>
  <move id="274" source="B:" target="B9"/>
  <move id="275" source="F2" target="F3"/>
  <move id="276" source="B9" target="B8"/>
  <move id="277" source="F3" target="F4"/>
  <move id="278" source="F:" target="F7"/>
  <move id="279" source="F4" target="F5"/>
  <move id="280" source="F7" target="K7"/>
  <move id="281" source="F5" target="F6"/>
  <move id="282" source="B8" target="B7"/>
  <move id="283" source="F6" target="F7"/>
  <move id="284" source="B7" target="B6"/>
  <move id="285" source="F7" target="E7"/>
  <move id="286" source="B6" target="B5"/>
  <move id="287" source="E7" target="D7"/>
  <move id="288" source="A:" target="B:"/>
  <move id="289" source="D7" target="D8"/>
  <move id="290" source="D9" target="D8"/>
  <move id="291" source="E1" target="F1"/>
  <move id="292" source="C3" target="D3"/>
  <move id="293" source="F1" target="G1"/>
  <move id="294" source="D3" target="E3"/>
  <move id="295" source="G1" target="G2"/>
  <move id="296" source="E3" target="F3"/>
  <move id="297" source="I2" target="I3"/>
  <move id="298" source="B5" target="B4"/>
  <move id="299" source="I3" target="H3"/>
  <move id="300" source="B4" target="C4"/>
  <move id="301" source="G2" target="H2"/>
  <move id="302" source="C4" target="D4"/>
  <move id="303" source="H2" target="I2"/>
  <move id="304" source="D4" target="E4"/>
  <move id="305" source="H3" target="G3"/>
  <move id="306" source="E4" target="E3"/>
  <move id="307" source="G3" target="F3"/>
  <move id="308" source="K7" target="K6"/>
  <move id="309" source="I2" target="I3"/>
  <move id="310" source="K6" target="K5"/>
  <move id="311" source="I3" target="I4"/>
  <move id="312" source="E3" target="E2"/>
  <move id="313" source="C2" target="D2"/>
  <move id="314" source="E2" target="E3"/>
  <move id="315" source="D2" target="D3"/>
  <move id="316" source="E3" target="E2"/>
  <move id="317" source="D3" target="D2"/>
  <move id="318" source="E2" target="E1"/>
  <move id="319" source="H1" target="G1"/>
  <move id="320" source="B2" target="C2"/>
  <move id="321" source="D2" target="E2"/>
  <move id="322" source="E1" target="D1"/>
  <move id="323" source="C1" target="D1"/>
  <move id="324" source="C2" target="D2"/>
  <move id="325" source="E2" target="F2"/>
  <move id="326" source="D2" target="E2"/>
  <move id="327" source="F2" target="G2"/>
  <move id="328" source="E2" target="F2"/>
  <move id="329" source="G2" target="H2"/>
  <move id="330" source="F2" target="F3"/>
  <move id="331" source="G1" target="G2"/>
  <move id="332" source="B:" target="B9"/>
  <move id="333" source="H2" target="H3"/>
  <move id="334" source="B9" target="B8"/>
  <move id="335" source="H3" target="H4"/>
  <move id="336" source="F3" target="F4"/>
  <move id="337" source="G2" target="G3"/>
  <move id="338" source="B8" target="B7"/>
  <move id="339" source="H4" target="H3"/>
  <move id="340" source="B7" target="B6"/>
  <move id="341" source="H3" target="I3"/>
  <move id="342" source="B6" target="B5"/>
  <move id="343" source="I3" target="K3"/>
  <move id="344" source="B5" target="B4"/>
  <move id="345" source="I4" target="I5"/>
  <move id="346" source="K5" target="K6"/>
  <move id="347" source="I5" target="I6"/>
  <move id="348" source="K6" target="K7"/>
  <move id="349" source="I6" target="I7"/>
  <move id="350" source="K7" target="K8"/>
  <move id="351" source="I7" target="I8"/>
  <move id="352" source="K8" target="K9"/>
  <move id="353" source="I8" target="I9"/>
  <move id="354" source="K9" target="K8"/>
  <move id="355" source="K3" target="K4"/>
  <move id="356" source="F4" target="G4"/>
  <move id="357" source="G3" target="G4"/>
  <move id="358" source="D8" target="E8"/>
  <move id="359" source="K4" target="K5"/>
  <move id="360" source="E8" target="F8"/>
  <move id="361" source="K5" target="K6"/>
  <move id="362" source="K8" target="H8"/>
  <move id="363" source="G4" target="F4"/>
  <move id="364" source="H8" target="H7"/>
  <move id="365" source="F4" target="F5"/>
  <move id="366" source="G8" target="G9"/>
  <move id="367" source="I9" target="I8"/>
  <move id="368" source="H7" target="B7"/>
  <move id="369" source="F5" target="F6"/>
  <move id="370" source="F8" target="G8"/>
  <move id="371" source="I8" target="I7"/>
  <move id="372" source="G8" target="H8"/>
  <move id="373" source="K6" target="K5"/>
  <move id="374" source="H8" target="H7"/>
  <move id="375" source="I7" target="I8"/>
  <move id="376" source="B4" target="C4"/>
  <move id="377" source="K5" target="K4"/>
  <move id="378" source="C4" target="D4"/>
  <move id="379" source="K4" target="I4"/>
  <move id="380" source="D4" target="E4"/>
  <move id="381" source="F6" target="F5"/>
  <move id="382" source="E4" target="E3"/>
  <move id="383" source="F5" target="F4"/>
  <move id="384" source="E3" target="E2"/>
  <move id="385" source="F4" target="F3"/>
  <move id="386" source="E2" target="E1"/>
  <move id="387" source="F3" target="F2"/>
  <move id="388" source="A9" target="B9"/>
  <move id="389" source="I4" target="H4"/>
  <move id="390" source="B9" target="C9"/>
  <move id="391" source="H4" target="G4"/>
  <move id="392" source="C9" target="C8"/>
  <move id="393" source="G4" target="F4"/>
  <move id="394" source="C8" target="C7"/>
  <move id="395" source="F4" target="F5"/>
  <move id="396" source="C7" target="D7"/>
  <move id="397" source="F5" target="E5"/>
  <move id="398" source="D7" target="E7"/>
  <move id="399" source="E5" target="E6"/>
  <move id="400" source="E7" target="E6"/>
  <move id="401" source="F2" target="F3"/>
  <move id="402" source="E1" target="F1"/>
  <move id="403" source="F3" target="F4"/>
  <move id="404" source="F1" target="G1"/>
  <move id="405" source="F4" target="F5"/>
  <move id="406" source="H7" target="I7"/>
  <move id="407" source="I8" target="H8"/>
  <move id="408" source="I7" target="I6"/>
  <move id="409" source="H8" target="G8"/>
  <move id="410" source="G9" target="F9"/>
  <move id="411" source="F5" target="F6"/>
  <move id="412" source="I6" target="I5"/>
  <move id="413" source="F6" target="F7"/>
  <move id="414" source="I5" target="I4"/>
  <move id="415" source="F7" target="F8"/>
  <move id="416" source="F9" target="G9"/>
  <move id="417" source="G8" target="G9"/>
  <move id="418" source="I4" target="I3"/>
  <move id="419" source="F8" target="F9"/>
  <move id="420" source="I3" target="I2"/>
  <move id="421" source="F9" target="F:"/>
  <move id="422" source="B7" target="B4"/>
  <move id="423" source="G9" target="H9"/>
  <move id="424" source="I2" target="I3"/>
  <move id="425" source="F:" target="G:"/>
  <player id="1">Player 1</player>
  <player id="2">Player 2</player>
  <result type="0" winner="2"/>
 </game>
</stratego>