<?xml version="1.0" encoding="UTF-8"?>
<stratego>
 <game type="classic">
  
  <field content="HBBFMEBBFBFEIGECEIGEBDHLHIKGDJFDJDDDHDDGAA__AA__AAAA__AA__AARPUNRPTUSPTPWPTPTOVUPQPQVSNNQXQNSNRNYRSQ"/>
  <move id="1" source="E4" target="E5"/>
  <move id="2" source="A7" target="A6"/>
  <move id="3" source="B4" target="B5"/>
  <move id="4" source="B7" target="A7"/>
  <move id="5" source="B5" target="B8"/>
  <move id="6" source="C7" target="B7"/>
  <move id="7" source="B3" target="B4"/>
  <move id="8" source="A6" target="A5"/>
  <move id="9" source="F4" target="F5"/>
  <move id="10" source="A7" target="A6"/>
  <move id="11" source="E5" target="E6"/>
  <move id="12" source="A6" target="B6"/>
  <move id="13" source="F5" target="F6"/>
  <move id="14" source="A5" target="A4"/>
  <move id="15" source="C3" target="B3"/>
  <move id="16" source="B6" target="B4"/>
  <move id="17" source="C4" target="B4"/>
  <move id="18" source="B7" target="C7"/>
  <move id="19" source="D4" target="C4"/>
  <move id="20" source="A8" target="B8"/>
  <move id="21" source="C4" target="C3"/>
  <move id="22" source="A9" target="A8"/>
  <move id="23" source="B4" target="B5"/>
  <move id="24" source="A8" target="A7"/>
  <move id="25" source="B5" target="B6"/>
  <move id="26" source="A7" target="A3"/>
  <move id="27" source="B3" target="B4"/>
  <move id="28" source="I7" target="I6"/>
  <move id="29" source="K4" target="K5"/>
  <move id="30" source="I6" target="I5"/>
  <move id="31" source="K3" target="K4"/>
  <move id="32" source="I8" target="I7"/>
  <move id="33" source="K5" target="K6"/>
  <move id="34" source="I7" target="I6"/>
  <move id="35" source="I4" target="I5"/>
  <move id="36" source="I6" target="I7"/>
  <move id="37" source="B6" target="A6"/>
  <move id="38" source="C7" target="B7"/>
  <move id="39" source="B4" target="B5"/>
  <move id="40" source="B7" target="A7"/>
  <move id="41" source="A6" target="A7"/>
  <move id="42" source="C8" target="C7"/>
  <move id="43" source="A7" target="A6"/>
  <move id="44" source="B8" target="B7"/>
  <move id="45" source="B5" target="B4"/>
  <move id="46" source="B9" target="B8"/>
  <move id="47" source="B4" target="B3"/>
  <move id="48" source="B8" target="A8"/>
  <move id="49" source="A6" target="B6"/>
  <move id="50" source="B7" target="B8"/>
  <move id="51" source="B6" target="B5"/>
  <move id="52" source="A8" target="A7"/>
  <move id="53" source="B5" target="B4"/>
  <move id="54" source="A7" target="A6"/>
  <move id="55" source="B4" target="C4"/>
  <move id="56" source="A6" target="A5"/>
  <move id="57" source="C4" target="D4"/>
  <move id="58" source="A5" target="A4"/>
  <move id="59" source="C3" target="C4"/>
  <move id="60" source="B8" target="B7"/>
  <move id="61" source="C4" target="B4"/>
  <move id="62" source="A4" target="A3"/>
  <move id="63" source="B3" target="A3"/>
  <move id="64" source="B7" target="B6"/>
  <move id="65" source="A3" target="A4"/>
  <move id="66" source="B6" target="B5"/>
  <move id="67" source="B4" target="B3"/>
  <move id="68" source="B5" target="B4"/>
  <move id="69" source="A4" target="B4"/>
  <move id="70" source="C7" target="B7"/>
  <move id="71" source="B3" target="B7"/>
  <move id="72" source="B7" target="B6"/>
  <move id="73" source="D3" target="C3"/>
  <move id="74" source="B6" target="A6"/>
  <move id="75" source="B2" target="B3"/>
  <move id="76" source="C9" target="B9"/>
  <move id="77" source="B3" target="B4"/>
  <move id="78" source="A6" target="A7"/>
  <move id="79" source="D4" target="C4"/>
  <move id="80" source="D8" target="C8"/>
  <move id="81" source="B4" target="B5"/>
  <move id="82" source="C8" target="C7"/>
  <move id="83" source="C4" target="B4"/>
  <move id="84" source="C7" target="B7"/>
  <move id="85" source="B4" target="B3"/>
  <move id="86" source="I7" target="I6"/>
  <move id="87" source="B5" target="B4"/>
  <move id="88" source="I6" target="K6"/>
  <move id="89" source="K4" target="I4"/>
  <move id="90" source="I5" target="K5"/>
  <move id="91" source="I4" target="K4"/>
  <move id="92" source="K5" target="I5"/>
  <move id="93" source="H4" target="I4"/>
  <move id="94" source="K6" target="I6"/>
  <move id="95" source="I4" target="H4"/>
  <move id="96" source="K7" target="K4"/>
  <move id="97" source="H4" target="I4"/>
  <move id="98" source="I6" target="K6"/>
  <move id="99" source="G4" target="H4"/>
  <move id="100" source="K6" target="K5"/>
  <move id="101" source="K4" target="K3"/>
  <move id="102" source="I5" target="I4"/>
  <move id="103" source="H4" target="I4"/>
  <move id="104" source="K5" target="K4"/>
  <move id="105" source="K3" target="K4"/>
  <move id="106" source="F7" target="F6"/>
  <move id="107" source="I4" target="K4"/>
  <move id="108" source="H7" target="I7"/>
  <move id="109" source="E6" target="F6"/>
  <move id="110" source="I7" target="I6"/>
  <move id="111" source="K4" target="K5"/>
  <move id="112" source="K8" target="K7"/>
  <move id="113" source="B4" target="C4"/>
  <move id="114" source="K7" target="K6"/>
  <move id="115" source="B3" target="B4"/>
  <move id="116" source="K6" target="K5"/>
  <move id="117" source="I3" target="I6"/>
  <move id="118" source="I6" target="I7"/>
  <move id="119" source="B4" target="B5"/>
  <move id="120" source="I7" target="H7"/>
  <move id="121" source="B5" target="B6"/>
  <move id="122" source="B7" target="B6"/>
  <move id="123" source="C4" target="D4"/>
  <move id="124" source="A7" target="A6"/>
  <move id="125" source="B6" target="B5"/>
  <move id="126" source="A6" target="A5"/>
  <move id="127" source="B5" target="B4"/>
  <move id="128" source="A5" target="A4"/>
  <move id="129" source="B4" target="B3"/>
  <move id="130" source="A4" target="A3"/>
  <move id="131" source="B3" target="B4"/>
  <move id="132" source="D9" target="C9"/>
  <move id="133" source="D4" target="C4"/>
  <move id="134" source="A3" target="A4"/>
  <move id="135" source="B4" target="B3"/>
  <move id="136" source="A4" target="A5"/>
  <move id="137" source="C3" target="D3"/>
  <move id="138" source="K5" target="K6"/>
  <move id="139" source="D3" target="D4"/>
  <move id="140" source="I9" target="I8"/>
  <move id="141" source="D4" target="E4"/>
  <move id="142" source="I8" target="I7"/>
  <move id="143" source="E4" target="F4"/>
  <move id="144" source="I7" target="I6"/>
  <move id="145" source="H3" target="H4"/>
  <move id="146" source="I6" target="I5"/>
  <move id="147" source="H4" target="I4"/>
  <move id="148" source="I5" target="I6"/>
  <move id="149" source="E3" target="E4"/>
  <move id="150" source="I6" target="I7"/>
  <move id="151" source="E4" target="E5"/>
  <move id="152" source="I7" target="I8"/>
  <move id="153" source="E5" target="E6"/>
  <move id="154" source="I8" target="I9"/>
  <move id="155" source="I4" target="I3"/>
  <move id="156" source="K6" target="K5"/>
  <move id="157" source="F4" target="G4"/>
  <move id="158" source="K5" target="K4"/>
  <move id="159" source="G4" target="H4"/>
  <move id="160" source="K4" target="K3"/>
  <move id="161" source="I3" target="I4"/>
  <move id="162" source="K3" target="I3"/>
  <move id="163" source="I4" target="K4"/>
  <move id="164" source="I3" target="K3"/>
  <move id="165" source="K4" target="I4"/>
  <move id="166" source="H7" target="I7"/>
  <move id="167" source="B3" target="C3"/>
  <move id="168" source="B9" target="B4"/>
  <move id="169" source="C3" target="D3"/>
  <move id="170" source="B4" target="C4"/>
  <move id="171" source="C4" target="B4"/>
  <move id="172" source="A5" target="A4"/>
  <move id="173" source="B4" target="B5"/>
  <move id="174" source="C9" target="D9"/>
  <move id="175" source="B5" target="B6"/>
  <move id="176" source="C:" target="C9"/>
  <move id="177" source="B6" target="B7"/>
  <move id="178" source="C9" target="C8"/>
  <move id="179" source="H4" target="H3"/>
  <move id="180" source="A4" target="A5"/>
  <move id="181" source="I4" target="H4"/>
  <move id="182" source="K3" target="K4"/>
  <move id="183" source="H4" target="G4"/>
  <move id="184" source="K4" target="K5"/>
  <move id="185" source="G4" target="F4"/>
  <move id="186" source="A5" target="A6"/>
  <move id="187" source="F4" target="E4"/>
  <move id="188" source="A6" target="B6"/>
  <move id="189" source="B7" target="A7"/>
  <move id="190" source="C8" target="B8"/>
  <move id="191" source="E4" target="E3"/>
  <move id="192" source="B8" target="A8"/>
  <move id="193" source="D3" target="D4"/>
  <move id="194" source="A8" target="A7"/>
  <move id="195" source="D4" target="E4"/>
  <move id="196" source="B6" target="B7"/>
  <move id="197" source="E4" target="F4"/>
  <move id="198" source="K5" target="K6"/>
  <move id="199" source="F4" target="G4"/>
  <move id="200" source="I7" target="H7"/>
  <move id="201" source="G4" target="H4"/>
  <move id="202" source="K6" target="K7"/>
  <move id="203" source="H4" target="I4"/>
  <move id="204" source="I9" target="I8"/>
  <move id="205" source="I4" target="K4"/>
  <move id="206" source="K7" target="K8"/>
  <move id="207" source="H3" target="H4"/>
  <move id="208" source="I8" target="I7"/>
  <move id="209" source="I2" target="I3"/>
  <move id="210" source="I7" target="I6"/>
  <move id="211" source="I3" target="I4"/>
  <move id="212" source="I6" target="K6"/>
  <move id="213" source="I4" target="I5"/>
  <move id="214" source="B7" target="B6"/>
  <move id="215" source="K4" target="K3"/>
  <move id="216" source="B6" target="B5"/>
  <move id="217" source="I5" target="K5"/>
  <move id="218" source="K6" target="I6"/>
  <move id="219" source="H4" target="H3"/>
  <move id="220" source="B5" target="B4"/>
  <move id="221" source="E3" target="E4"/>
  <move id="222" source="A7" target="A6"/>
  <move id="223" source="E4" target="F4"/>
  <move id="224" source="A6" target="A5"/>
  <move id="225" source="F4" target="G4"/>
  <move id="226" source="A5" target="A4"/>
  <move id="227" source="G4" target="H4"/>
  <move id="228" source="B4" target="C4"/>
  <move id="229" source="H4" target="I4"/>
  <move id="230" source="C4" target="D4"/>
  <move id="231" source="G3" target="G4"/>
  <move id="232" source="D4" target="C4"/>
  <move id="233" source="G4" target="F4"/>
  <move id="234" source="A4" target="A3"/>
  <move id="235" source="F4" target="E4"/>
  <move id="236" source="A3" target="B3"/>
  <move id="237" source="E4" target="D4"/>
  <move id="238" source="C4" target="D4"/>
  <move id="239" source="I4" target="I5"/>
  <move id="240" source="I6" target="I7"/>
  <move id="241" source="I5" target="I6"/>
  <move id="242" source="I7" target="I8"/>
  <move id="243" source="H3" target="H4"/>
  <move id="244" source="A:" target="A9"/>
  <move id="245" source="H4" target="I4"/>
  <move id="246" source="B3" target="B4"/>
  <move id="247" source="I4" target="I5"/>
  <move id="248" source="K8" target="K7"/>
  <move id="249" source="K5" target="K4"/>
  <move id="250" source="H7" target="I7"/>
  <move id="251" source="K4" target="I4"/>
  <move id="252" source="I7" target="I6"/>
  <move id="253" source="I5" target="I6"/>
  <move id="254" source="E8" target="D8"/>
  <move id="255" source="I4" target="I3"/>
  <move id="256" source="E7" target="F7"/>
  <move id="257" source="F6" target="F5"/>
  <move id="258" source="E9" target="E8"/>
  <move id="259" source="I6" target="I5"/>
  <move id="260" source="E8" target="E7"/>
  <move id="261" source="E6" target="F6"/>
  <move id="262" source="E7" target="E6"/>
  <move id="263" source="F6" target="F7"/>
  <move id="264" source="E6" target="F6"/>
  <move id="265" source="F7" target="E7"/>
  <move id="266" source="F6" target="F5"/>
  <move id="267" source="E7" target="D7"/>
  <move id="268" source="F5" target="F4"/>
  <move id="269" source="F3" target="E3"/>
  <move id="270" source="F4" target="E4"/>
  <move id="271" source="E3" target="F3"/>
  <move id="272" source="E4" target="F4"/>
  <move id="273" source="F3" target="G3"/>
  <move id="274" source="F4" target="F3"/>
  <move id="275" source="G3" target="G4"/>
  <move id="276" source="F8" target="E8"/>
  <move id="277" source="I5" target="I4"/>
  <move id="278" source="E8" target="E2"/>
  <move id="279" source="I4" target="H4"/>
  <move id="280" source="F3" target="E3"/>
  <move id="281" source="H4" target="H3"/>
  <move id="282" source="E3" target="E2"/>
  <move id="283" source="H3" target="G3"/>
  <move id="284" source="E2" target="E3"/>
  <move id="285" source="G3" target="F3"/>
  <move id="286" source="E3" target="E4"/>
  <move id="287" source="K3" target="K4"/>
  <move id="288" source="I8" target="I7"/>
  <move id="289" source="I3" target="I4"/>
  <move id="290" source="I7" target="I6"/>
  <move id="291" source="I4" target="I5"/>
  <move id="292" source="I6" target="I7"/>
  <move id="293" source="K4" target="K5"/>
  <move id="294" source="I7" target="I8"/>
  <move id="295" source="K5" target="K6"/>
  <move id="296" source="K7" target="I7"/>
  <move id="297" source="C2" target="C3"/>
  <move id="298" source="B4" target="A4"/>
  <move id="299" source="C3" target="B3"/>
  <move id="300" source="G8" target="F8"/>
  <move id="301" source="I5" target="I4"/>
  <move id="302" source="F8" target="E8"/>
  <move id="303" source="I4" target="I3"/>
  <move id="304" source="G7" target="G8"/>
  <move id="305" source="G4" target="F4"/>
  <move id="306" source="E4" target="D4"/>
  <move id="307" source="F3" target="E3"/>
  <move id="308" source="D4" target="C4"/>
  <move id="309" source="E3" target="D3"/>
  <move id="310" source="H8" target="H7"/>
  <move id="311" source="B3" target="A3"/>
  <move id="312" source="A4" target="B4"/>
  <move id="313" source="D3" target="D4"/>
  <move id="314" source="C4" target="C3"/>
  <move id="315" source="D4" target="C4"/>
  <move id="316" source="C3" target="D3"/>
  <move id="317" source="A3" target="B3"/>
  <move id="318" source="B4" target="A4"/>
  <move id="319" source="B3" target="A3"/>
  <move id="320" source="D3" target="E3"/>
  <move id="321" source="C4" target="D4"/>
  <move id="322" source="E3" target="F3"/>
  <move id="323" source="D4" target="E4"/>
  <move id="324" source="F3" target="G3"/>
  <move id="325" source="I3" target="I4"/>
  <move id="326" source="G3" target="G4"/>
  <move id="327" source="K6" target="I6"/>
  <move id="328" source="I7" target="K7"/>
  <move id="329" source="I6" target="I5"/>
  <move id="330" source="G4" target="H4"/>
  <move id="331" source="I4" target="K4"/>
  <move id="332" source="H4" target="H3"/>
  <move id="333" source="I5" target="I4"/>
  <move id="334" source="K7" target="K6"/>
  <move id="335" source="K4" target="K3"/>
  <move id="336" source="K6" target="K5"/>
  <move id="337" source="E4" target="E3"/>
  <move id="338" source="I8" target="I7"/>
  <move id="339" source="A3" target="A4"/>
  <move id="340" source="I7" target="I6"/>
  <move id="341" source="E3" target="F3"/>
  <move id="342" source="I6" target="I5"/>
  <move id="343" source="F3" target="G3"/>
  <move id="344" source="H3" target="I3"/>
  <move id="345" source="I4" target="I3"/>
  <move id="346" source="I5" target="I4"/>
  <move id="347" source="G3" target="H3"/>
  <move id="348" source="K5" target="K4"/>
  <move id="349" source="K3" target="I3"/>
  <move id="350" source="I4" target="I5"/>
  <move id="351" source="H3" target="H4"/>
  <move id="352" source="K4" target="K3"/>
  <move id="353" source="I3" target="H3"/>
  <move id="354" source="K3" target="I3"/>
  <move id="355" source="H3" target="G3"/>
  <move id="356" source="I5" target="K5"/>
  <move id="357" source="A4" target="A5"/>
  <move id="358" source="A9" target="B9"/>
  <move id="359" source="A5" target="B5"/>
  <move id="360" source="B9" target="C9"/>
  <move id="361" source="B5" target="B6"/>
  <move id="362" source="H7" target="I7"/>
  <move id="363" source="B6" target="B7"/>
  <move id="364" source="I7" target="I6"/>
  <move id="365" source="B7" target="B8"/>
  <move id="366" source="I6" target="I5"/>
  <move id="367" source="B8" target="C8"/>
  <move id="368" source="C9" target="B9"/>
  <move id="369" source="F4" target="E4"/>
  <move id="370" source="K5" target="K4"/>
  <move id="371" source="H4" target="H3"/>
  <move id="372" source="I3" target="I4"/>
  <move id="373" source="E4" target="D4"/>
  <move id="374" source="K4" target="K3"/>
  <move id="375" source="D4" target="C4"/>
  <move id="376" source="I4" target="K4"/>
  <move id="377" source="G3" target="G4"/>
  <move id="378" source="K3" target="K2"/>
  <move id="379" source="H3" target="I3"/>
  <move id="380" source="K4" target="I4"/>
  <move id="381" source="I3" target="H3"/>
  <move id="382" source="I5" target="K5"/>
  <move id="383" source="C4" target="B4"/>
  <move id="384" source="K5" target="K4"/>
  <move id="385" source="B4" target="B5"/>
  <move id="386" source="K4" target="K3"/>
  <move id="387" source="B5" target="B6"/>
  <move id="388" source="G8" target="G7"/>
  <move id="389" source="B6" target="B7"/>
  <move id="390" source="G7" target="F7"/>
  <move id="391" source="C8" target="C9"/>
  <move id="392" source="B9" target="A9"/>
  <move id="393" source="C9" target="B9"/>
  <move id="394" source="A9" target="A8"/>
  <move id="395" source="B9" target="A9"/>
  <move id="396" source="A8" target="A7"/>
  <move id="397" source="B7" target="A7"/>
  <move id="398" source="F7" target="E7"/>
  <move id="399" source="A7" target="A6"/>
  <move id="400" source="E7" target="E6"/>
  <move id="401" source="A6" target="B6"/>
  <move id="402" source="E6" target="E5"/>
  <move id="403" source="G4" target="F4"/>
  <move id="404" source="E5" target="E4"/>
  <move id="405" source="F4" target="F3"/>
  <move id="406" source="E4" target="E3"/>
  <move id="407" source="F3" target="E3"/>
  <move id="408" source="E3" target="E4"/>
  <move id="409" source="B6" target="B5"/>
  <move id="410" source="E4" target="E5"/>
  <move id="411" source="B5" target="B4"/>
  <move id="412" source="E5" target="F5"/>
  <move id="413" source="B4" target="C4"/>
  <move id="414" source="F5" target="F6"/>
  <move id="415" source="C4" target="D4"/>
  <move id="416" source="F6" target="F7"/>
  <move id="417" source="D4" target="E4"/>
  <move id="418" source="F7" target="G7"/>
  <move id="419" source="E4" target="F4"/>
  <move id="420" source="G7" target="G8"/>
  <move id="421" source="F4" target="G4"/>
  <move id="422" source="G8" target="H8"/>
  <move id="423" source="G4" target="H4"/>
  <move id="424" source="K3" target="K4"/>
  <move id="425" source="H4" target="I4"/>
  <move id="426" source="K4" target="K5"/>
  <move id="427" source="H3" target="H4"/>
  <move id="428" source="K5" target="K6"/>
  <move id="429" source="H4" target="G4"/>
  <move id="430" source="K6" target="K7"/>
  <move id="431" source="G4" target="F4"/>
  <move id="432" source="H8" target="I8"/>
  <move id="433" source="F4" target="F5"/>
  <move id="434" source="I8" target="I7"/>
  <move id="435" source="F5" target="F6"/>
  <move id="436" source="I7" target="I6"/>
  <move id="437" source="F6" target="F7"/>
  <move id="438" source="I6" target="K6"/>
  <move id="439" source="A9" target="A8"/>
  <move id="440" source="K6" target="K5"/>
  <move id="441" source="A8" target="B8"/>
  <move id="442" source="K5" target="K4"/>
  <move id="443" source="B8" target="B7"/>
  <move id="444" source="K4" target="K3"/>
  <move id="445" source="B7" target="B6"/>
  <move id="446" source="K3" target="K2"/>
  <move id="447" source="B6" target="B5"/>
  <move id="448" source="K7" target="K6"/>
  <move id="449" source="F7" target="F6"/>
  <move id="450" source="K6" target="K5"/>
  <move id="451" source="F6" target="F5"/>
  <move id="452" source="K5" target="K4"/>
  <move id="453" source="F5" target="F4"/>
  <move id="454" source="K4" target="I4"/>
  <move id="455" source="F4" target="G4"/>
  <move id="456" source="I4" target="I3"/>
  <move id="457" source="G4" target="H4"/>
  <move id="458" source="K2" target="I2"/>
  <move id="459" source="A2" target="A3"/>
  <move id="460" source="I:" target="I9"/>
  <move id="461" source="A3" target="B3"/>
  <move id="462" source="I9" target="I8"/>
  <move id="463" source="B3" target="C3"/>
  <move id="464" source="I8" target="I7"/>
  <move id="465" source="C3" target="D3"/>
  <move id="466" source="I7" target="I6"/>
  <move id="467" source="D3" target="E3"/>
  <move id="468" source="I6" target="I5"/>
  <move id="469" source="E3" target="F3"/>
  <move id="470" source="I5" target="I4"/>
  <move id="471" source="H4" target="G4"/>
  <move id="472" source="I3" target="K3"/>
  <move id="473" source="H2" target="I2"/>
  <move id="474" source="K3" target="I3"/>
  <move id="475" source="I2" target="H2"/>
  <move id="476" source="I3" target="H3"/>
  <move id="477" source="H2" target="H3"/>
  <move id="478" source="I4" target="I3"/>
  <move id="479" source="H3" target="H4"/>
  <move id="480" source="I3" target="I2"/>
  <move id="481" source="G4" target="G3"/>
  <move id="482" source="I2" target="I1"/>
  <move id="483" source="H4" target="H3"/>
  <move id="484" source="I1" target="K1"/>
  <move id="485" source="G3" target="G4"/>
  <move id="486" source="E8" target="E7"/>
  <move id="487" source="G4" target="F4"/>
  <move id="488" source="E7" target="E6"/>
  <move id="489" source="F4" target="F5"/>
  <move id="490" source="E6" target="E5"/>
  <move id="491" source="F5" target="E5"/>
  <move id="492" source="K:" target="I:"/>
  <move id="493" source="F3" target="F4"/>
  <move id="494" source="I:" target="I9"/>
  <move id="495" source="F4" target="F5"/>
  <move id="496" source="I9" target="I8"/>
  <move id="497" source="F5" target="F6"/>
  <move id="498" source="I8" target="I7"/>
  <move id="499" source="E5" target="E4"/>
  <move id="500" source="I7" target="I6"/>
  <move id="501" source="E4" target="F4"/>
  <move id="502" source="I6" target="I5"/>
  <move id="503" source="F4" target="G4"/>
  <move id="504" source="I5" target="I4"/>
  <move id="505" source="H3" target="I3"/>
  <move id="506" source="I4" target="K4"/>
  <move id="507" source="I3" target="K3"/>
  <move id="508" source="K4" target="K5"/>
  <move id="509" source="F6" target="F7"/>
  <move id="510" source="K5" target="K6"/>
  <move id="511" source="K3" target="K4"/>
  <move id="512" source="K6" target="K7"/>
  <move id="513" source="K4" target="K5"/>
  <move id="514" source="K7" target="I7"/>
  <move id="515" source="F7" target="E7"/>
  <move id="516" source="I7" target="H7"/>
  <move id="517" source="B5" target="B4"/>
  <move id="518" source="H7" target="G7"/>
  <move id="519" source="G4" target="F4"/>
  <move id="520" source="G7" target="F7"/>
  <move id="521" source="E7" target="E6"/>
  <move id="522" source="F7" target="G7"/>
  <move id="523" source="K5" target="K6"/>
  <move id="524" source="G7" target="G8"/>
  <move id="525" source="F4" target="F5"/>
  <move id="526" source="G8" target="H8"/>
  <move id="527" source="F5" target="F6"/>
  <move id="528" source="H8" target="I8"/>
  <move id="529" source="F6" target="F7"/>
  <move id="530" source="D9" target="C9"/>
  <move id="531" source="B4" target="B5"/>
  <move id="532" source="C9" target="B9"/>
  <move id="533" source="B5" target="B6"/>
  <move id="534" source="B9" target="A9"/>
  <move id="535" source="B6" target="B7"/>
  <move id="536" source="A9" target="A8"/>
  <move id="537" source="B7" target="A7"/>
  <move id="538" source="A8" target="B8"/>
  <move id="539" source="A7" target="B7"/>
  <move id="540" source="B8" target="A8"/>
  <move id="541" source="A1" target="A2"/>
  <move id="542" source="I8" target="H8"/>
  <move id="543" source="K6" target="I6"/>
  <move id="544" source="K9" target="K8"/>
  <move id="545" source="I6" target="I7"/>
  <move id="546" source="K8" target="K7"/>
  <move id="547" source="I7" target="I8"/>
  <move id="548" source="H8" target="H7"/>
  <move id="549" source="F7" target="G7"/>
  <move id="550" source="H7" target="I7"/>
  <move id="551" source="G7" target="F7"/>
  <move id="552" source="I7" target="I6"/>
  <move id="553" source="F7" target="F6"/>
  <move id="554" source="I6" target="I5"/>
  <move id="555" source="F6" target="F5"/>
  <move id="556" source="I5" target="I4"/>
  <move id="557" source="F5" target="F4"/>
  <move id="558" source="I4" target="I3"/>
  <move id="559" source="F4" target="G4"/>
  <move id="560" source="I3" target="I2"/>
  <move id="561" source="G4" target="G3"/>
  <move id="562" source="I2" target="I1"/>
  <move id="563" source="G3" target="H3"/>
  <move id="564" source="I1" target="H1"/>
  <move id="565" source="H3" target="H2"/>
  <move id="566" source="H1" target="G1"/>
  <move id="567" source="G2" target="G1"/>
  <move id="568" source="K7" target="I7"/>
  <move id="569" source="I8" target="K8"/>
  <move id="570" source="I7" target="H7"/>
  <move id="571" source="H2" target="H3"/>
  <move id="572" source="H7" target="G7"/>
  <move id="573" source="H3" target="G3"/>
  <move id="574" source="G7" target="F7"/>
  <move id="575" source="G3" target="F3"/>
  <move id="576" source="F7" target="F6"/>
  <move id="577" source="E6" target="F6"/>
  <move id="578" source="F6" target="F7"/>
  <move id="579" source="K8" target="K7"/>
  <move id="580" source="F7" target="G7"/>
  <move id="581" source="K7" target="K6"/>
  <move id="582" source="G7" target="H7"/>
  <move id="583" source="K6" target="K5"/>
  <move id="584" source="H7" target="I7"/>
  <move id="585" source="K5" target="I5"/>
  <move id="586" source="I7" target="H7"/>
  <move id="587" source="F3" target="F4"/>
  <move id="588" source="H7" target="I7"/>
  <move id="589" source="I5" target="I4"/>
  <move id="590" source="I7" target="I6"/>
  <move id="591" source="I4" target="I3"/>
  <move id="592" source="I6" target="I7"/>
  <move id="593" source="I3" target="H3"/>
  <move id="594" source="I7" target="H7"/>
  <move id="595" source="F4" target="F5"/>
  <move id="596" source="H7" target="I7"/>
  <move id="597" source="H3" target="G3"/>
  <move id="598" source="I7" target="H7"/>
  <move id="599" source="G3" target="F3"/>
  <move id="600" source="H7" target="G7"/>
  <move id="601" source="F5" target="F6"/>
  <move id="602" source="G7" target="H7"/>
  <move id="603" source="F3" target="E3"/>
  <move id="604" source="H7" target="I7"/>
  <move id="605" source="F6" target="F5"/>
  <move id="606" source="I7" target="I6"/>
  <move id="607" source="F5" target="F4"/>
  <move id="608" source="I6" target="I5"/>
  <move id="609" source="E3" target="D3"/>
  <move id="610" source="I5" target="I6"/>
  <move id="611" source="D3" target="C3"/>
  <move id="612" source="A8" target="A9"/>
  <move id="613" source="B7" target="B8"/>
  <move id="614" source="D8" target="E8"/>
  <move id="615" source="C3" target="C4"/>
  <move id="616" source="E8" target="F8"/>
  <move id="617" source="A2" target="A3"/>
  <move id="618" source="F8" target="G8"/>
  <move id="619" source="A3" target="B3"/>
  <move id="620" source="G8" target="H8"/>
  <move id="621" source="B3" target="C3"/>
  <move id="622" source="H8" target="I8"/>
  <move id="623" source="C3" target="D3"/>
  <move id="624" source="I8" target="K8"/>
  <move id="625" source="D3" target="E3"/>
  <move id="626" source="K8" target="K7"/>
  <move id="627" source="E3" target="F3"/>
  <move id="628" source="K7" target="K6"/>
  <move id="629" source="F3" target="G3"/>
  <move id="630" source="K6" target="K5"/>
  <move id="631" source="G3" target="H3"/>
  <move id="632" source="K5" target="K4"/>
  <move id="633" source="H3" target="I3"/>
  <move id="634" source="I6" target="I5"/>
  <move id="635" source="F4" target="G4"/>
  <move id="636" source="I5" target="I4"/>
  <move id="637" source="I3" target="K3"/>
  <move id="638" source="K4" target="K5"/>
  <move id="639" source="C4" target="B4"/>
  <move id="640" source="I4" target="I3"/>
  <move id="641" source="K3" target="K4"/>
  <move id="642" source="I3" target="I2"/>
  <move id="643" source="G4" target="G3"/>
  <move id="644" source="K5" target="I5"/>
  <move id="645" source="K4" target="I4"/>
  <move id="646" source="I5" target="I6"/>
  <move id="647" source="I4" target="I5"/>
  <move id="648" source="F9" target="F8"/>
  <move id="649" source="I5" target="I6"/>
  <move id="650" source="F8" target="F7"/>
  <move id="651" source="B4" target="C4"/>
  <move id="652" source="F7" target="F6"/>
  <move id="653" source="C4" target="D4"/>
  <move id="654" source="I2" target="I3"/>
  <move id="655" source="D4" target="E4"/>
  <move id="656" source="I3" target="I4"/>
  <move id="657" source="E4" target="F4"/>
  <move id="658" source="F6" target="E6"/>
  <move id="659" source="F4" target="F5"/>
  <move id="660" source="E6" target="E7"/>
  <move id="661" source="F5" target="F6"/>
  <move id="662" source="I4" target="I5"/>
  <move id="663" source="F6" target="F7"/>
  <move id="664" source="E7" target="E8"/>
  <move id="665" source="F7" target="F8"/>
  <move id="666" source="E8" target="E9"/>
  <move id="667" source="B8" target="C8"/>
  <move id="668" source="I5" target="I6"/>
  <move id="669" source="C8" target="D8"/>
  <move id="670" source="I6" target="I7"/>
  <move id="671" source="F8" target="F9"/>
  <move id="672" source="I7" target="H7"/>
  <move id="673" source="F9" target="E9"/>
  <move id="674" source="H7" target="G7"/>
  <move id="675" source="D8" target="C8"/>
  <move id="676" source="G7" target="F7"/>
  <move id="677" source="C8" target="B8"/>
  <move id="678" source="F7" target="F8"/>
  <move id="679" source="G3" target="F3"/>
  <move id="680" source="F8" target="E8"/>
  <move id="681" source="E9" target="F9"/>
  <move id="682" source="E8" target="D8"/>
  <move id="683" source="B8" target="A8"/>
  <move id="684" source="A9" target="B9"/>
  <move id="685" source="F3" target="F4"/>
  <move id="686" source="D8" target="C8"/>
  <move id="687" source="F4" target="E4"/>
  <move id="688" source="C8" target="C7"/>
  <move id="689" source="F9" target="E9"/>
  <move id="690" source="C7" target="C8"/>
  <move id="691" source="E9" target="D9"/>
  <move id="692" source="B9" target="B8"/>
  <move id="693" source="A8" target="A7"/>
  <move id="694" source="C8" target="C7"/>
  <move id="695" source="E4" target="D4"/>
  <move id="696" source="B8" target="C8"/>
  <move id="697" source="D9" target="D8"/>
  <move id="698" source="C8" target="C9"/>
  <move id="699" source="D8" target="D9"/>
  <move id="700" source="C9" target="B9"/>
  <move id="701" source="A7" target="A8"/>
  <move id="702" source="C7" target="C8"/>
  <move id="703" source="D4" target="C4"/>
  <move id="704" source="H:" target="I:"/>
  <move id="705" source="D9" target="E9"/>
  <move id="706" source="I:" target="I9"/>
  <move id="707" source="E9" target="F9"/>
  <move id="708" source="I9" target="I8"/>
  <move id="709" source="C4" target="D4"/>
  <move id="710" source="I8" target="I7"/>
  <move id="711" source="D4" target="E4"/>
  <move id="712" source="I7" target="I6"/>
  <move id="713" source="E4" target="F4"/>
  <move id="714" source="I6" target="I5"/>
  <move id="715" source="F4" target="G4"/>
  <move id="716" source="I5" target="I4"/>
  <move id="717" source="G4" target="H4"/>
  <move id="718" source="I4" target="I3"/>
  <move id="719" source="H4" target="H3"/>
  <move id="720" source="I3" target="I2"/>
  <move id="721" source="H3" target="H2"/>
  <move id="722" source="I2" target="I1"/>
  <move id="723" source="H2" target="H1"/>
  <move id="724" source="I1" target="I2"/>
  <move id="725" source="D2" target="D3"/>
  <move id="726" source="C8" target="C7"/>
  <move id="727" source="D3" target="E3"/>
  <move id="728" source="C7" target="B7"/>
  <move id="729" source="E3" target="F3"/>
  <move id="730" source="B7" target="B6"/>
  <move id="731" source="F3" target="G3"/>
  <move id="732" source="B6" target="B5"/>
  <move id="733" source="F2" target="E2"/>
  <move id="734" source="B5" target="B4"/>
  <move id="735" source="E2" target="D2"/>
  <move id="736" source="B4" target="B3"/>
  <move id="737" source="D2" target="C2"/>
  <move id="738" source="B3" target="B4"/>
  <move id="739" source="C2" target="C3"/>
  <move id="740" source="B4" target="B5"/>
  <move id="741" source="G3" target="H3"/>
  <move id="742" source="B5" target="B6"/>
  <move id="743" source="H3" target="I3"/>
  <move id="744" source="B9" target="B8"/>
  <move id="745" source="I3" target="I2"/>
  <move id="746" source="B8" target="B7"/>
  <move id="747" source="A8" target="A7"/>
  <move id="748" source="B7" target="B8"/>
  <move id="749" source="H1" target="H2"/>
  <move id="750" source="B6" target="A6"/>
  <move id="751" source="A7" target="B7"/>
  <move id="752" source="B8" target="A8"/>
  <move id="753" source="H2" target="H3"/>
  <move id="754" source="A6" target="A5"/>
  <move id="755" source="C3" target="B3"/>
  <player id="1">Player 1</player>
  <player id="2">Player 2</player>
  <result type="3" winner="1"/>
 </game>
</stratego>