<?xml version="1.0" encoding="UTF-8"?>
<stratego>
 <game type="classic">
  
  <field content="DEBEDDEEIMFDBFIHIHJBBGKCGFELGHDDGJDBHFDBAA__AA__AAAA__AA__AASRTVTROTRSUTPPXUWQPUQNNNNPQVPPNRSNYQQPPS"/>
  <move id="1" source="E4" target="E5"/>
  <move id="2" source="F7" target="F6"/>
  <move id="3" source="E3" target="E4"/>
  <move id="4" source="F6" target="F5"/>
  <move id="5" source="B4" target="B5"/>
  <move id="6" source="F5" target="F4"/>
  <move id="7" source="E5" target="F5"/>
  <move id="8" source="I7" target="I6"/>
  <move id="9" source="E4" target="E5"/>
  <move id="10" source="I6" target="K6"/>
  <move id="11" source="D4" target="E4"/>
  <move id="12" source="K6" target="K5"/>
  <move id="13" source="E5" target="E6"/>
  <move id="14" source="K7" target="K6"/>
  <move id="15" source="E4" target="E5"/>
  <move id="16" source="K6" target="I6"/>
  <move id="17" source="I4" target="I6"/>
  <move id="18" source="I6" target="K6"/>
  <move id="19" source="I3" target="I4"/>
  <move id="20" source="K5" target="K4"/>
  <move id="21" source="I2" target="I3"/>
  <move id="22" source="F8" target="F7"/>
  <move id="23" source="I4" target="I5"/>
  <move id="24" source="F7" target="F6"/>
  <move id="25" source="I3" target="I4"/>
  <move id="26" source="E7" target="E6"/>
  <move id="27" source="E5" target="E6"/>
  <move id="28" source="F6" target="F5"/>
  <move id="29" source="E6" target="F6"/>
  <move id="30" source="E8" target="E7"/>
  <move id="31" source="F6" target="F5"/>
  <move id="32" source="E7" target="E6"/>
  <move id="33" source="D3" target="D4"/>
  <move id="34" source="E6" target="E5"/>
  <move id="35" source="F5" target="F6"/>
  <move id="36" source="G8" target="F8"/>
  <move id="37" source="F6" target="F5"/>
  <move id="38" source="G7" target="F7"/>
  <move id="39" source="F5" target="E5"/>
  <move id="40" source="F7" target="F6"/>
  <move id="41" source="F3" target="E3"/>
  <move id="42" source="F6" target="F5"/>
  <move id="43" source="E3" target="E4"/>
  <move id="44" source="E5" target="E6"/>
  <move id="45" source="C3" target="D3"/>
  <move id="46" source="D8" target="E8"/>
  <move id="47" source="D3" target="E3"/>
  <move id="48" source="F8" target="G8"/>
  <move id="49" source="I5" target="I6"/>
  <move id="50" source="H7" target="G7"/>
  <move id="51" source="I6" target="I7"/>
  <move id="52" source="G7" target="F7"/>
  <move id="53" source="I4" target="I5"/>
  <move id="54" source="E6" target="F6"/>
  <move id="55" source="I5" target="I6"/>
  <move id="56" source="F7" target="E7"/>
  <move id="57" source="G3" target="F3"/>
  <move id="58" source="E7" target="E6"/>
  <move id="59" source="H3" target="G3"/>
  <move id="60" source="E6" target="E5"/>
  <move id="61" source="I7" target="I8"/>
  <move id="62" source="K6" target="I6"/>
  <move id="63" source="I8" target="I9"/>
  <move id="64" source="H9" target="I9"/>
  <move id="65" source="H4" target="I4"/>
  <move id="66" source="G8" target="G7"/>
  <move id="67" source="I4" target="I5"/>
  <move id="68" source="G7" target="H7"/>
  <move id="69" source="I6" target="K6"/>
  <move id="70" source="H7" target="I7"/>
  <move id="71" source="I5" target="I6"/>
  <move id="72" source="I7" target="K7"/>
  <move id="73" source="K6" target="K5"/>
  <move id="74" source="I9" target="H9"/>
  <move id="75" source="I6" target="K6"/>
  <move id="76" source="K7" target="I7"/>
  <move id="77" source="K5" target="I5"/>
  <move id="78" source="I7" target="I6"/>
  <move id="79" source="I5" target="I4"/>
  <move id="80" source="I6" target="I5"/>
  <move id="81" source="I4" target="I3"/>
  <move id="82" source="I5" target="I4"/>
  <move id="83" source="I3" target="H3"/>
  <move id="84" source="I4" target="H4"/>
  <move id="85" source="K6" target="I6"/>
  <move id="86" source="H8" target="I8"/>
  <move id="87" source="I6" target="I7"/>
  <move id="88" source="I8" target="I7"/>
  <move id="89" source="H3" target="I3"/>
  <move id="90" source="H4" target="I4"/>
  <move id="91" source="G3" target="H3"/>
  <move id="92" source="I4" target="I3"/>
  <player id="1">Player 1</player>
  <player id="2">Player 2</player>
  <result type="3" winner="1"/>
 </game>
</stratego>