<?xml version="1.0" encoding="UTF-8"?>
<stratego>
 <game type="classic">
  
  <field content="FDBFMEFBDFBEHEGLEHEBDDBKHDCBHDIGJDIGDJGIAA__AA__AAAA__AA__AASPTRRSXSRPWSOVPQPUPVUPUQNRTTNPTQQNYNNNQP"/>
  <move id="1" source="E4" target="E5"/>
  <move id="2" source="F7" target="F6"/>
  <move id="3" source="F4" target="F5"/>
  <move id="4" source="F8" target="F7"/>
  <move id="5" source="K4" target="K5"/>
  <move id="6" source="G8" target="F8"/>
  <move id="7" source="D4" target="E4"/>
  <move id="8" source="F8" target="G8"/>
  <move id="9" source="E5" target="E6"/>
  <move id="10" source="E8" target="F8"/>
  <move id="11" source="E4" target="E5"/>
  <move id="12" source="F8" target="E8"/>
  <move id="13" source="F5" target="F6"/>
  <move id="14" source="G8" target="F8"/>
  <move id="15" source="E5" target="F5"/>
  <move id="16" source="G7" target="G8"/>
  <move id="17" source="F5" target="F6"/>
  <move id="18" source="F7" target="G7"/>
  <move id="19" source="K5" target="K6"/>
  <move id="20" source="E7" target="F7"/>
  <move id="21" source="G4" target="F4"/>
  <move id="22" source="E8" target="E7"/>
  <move id="23" source="F4" target="F5"/>
  <move id="24" source="D8" target="E8"/>
  <move id="25" source="B4" target="B5"/>
  <move id="26" source="D7" target="D8"/>
  <move id="27" source="B5" target="B6"/>
  <move id="28" source="D8" target="D7"/>
  <move id="29" source="A4" target="A5"/>
  <move id="30" source="C8" target="D8"/>
  <move id="31" source="A5" target="A6"/>
  <move id="32" source="D8" target="C8"/>
  <move id="33" source="I4" target="I5"/>
  <move id="34" source="D7" target="D8"/>
  <move id="35" source="I5" target="I6"/>
  <move id="36" source="D8" target="D7"/>
  <move id="37" source="K3" target="K4"/>
  <move id="38" source="D7" target="D8"/>
  <move id="39" source="K4" target="K5"/>
  <move id="40" source="E7" target="D7"/>
  <move id="41" source="E6" target="E5"/>
  <move id="42" source="D7" target="E7"/>
  <move id="43" source="F6" target="E6"/>
  <move id="44" source="E7" target="D7"/>
  <move id="45" source="K5" target="I5"/>
  <move id="46" source="E8" target="E7"/>
  <move id="47" source="I6" target="I7"/>
  <move id="48" source="H7" target="I7"/>
  <move id="49" source="I5" target="I6"/>
  <move id="50" source="E7" target="E8"/>
  <move id="51" source="I6" target="I7"/>
  <move id="52" source="D7" target="E7"/>
  <move id="53" source="K6" target="I6"/>
  <move id="54" source="D8" target="D7"/>
  <move id="55" source="I3" target="I4"/>
  <move id="56" source="G7" target="H7"/>
  <move id="57" source="I4" target="I5"/>
  <move id="58" source="I8" target="I7"/>
  <move id="59" source="I6" target="I7"/>
  <move id="60" source="H7" target="G7"/>
  <move id="61" source="I5" target="I6"/>
  <move id="62" source="K7" target="K6"/>
  <move id="63" source="I6" target="K6"/>
  <move id="64" source="K8" target="K7"/>
  <move id="65" source="I7" target="K7"/>
  <move id="66" source="K7" target="K6"/>
  <move id="67" source="H4" target="I4"/>
  <move id="68" source="K6" target="K7"/>
  <move id="69" source="I4" target="I5"/>
  <move id="70" source="K7" target="K8"/>
  <move id="71" source="I5" target="I6"/>
  <move id="72" source="G7" target="H7"/>
  <move id="73" source="I6" target="I7"/>
  <move id="74" source="H7" target="I7"/>
  <move id="75" source="I7" target="I6"/>
  <move id="76" source="F7" target="G7"/>
  <move id="77" source="F5" target="F6"/>
  <move id="78" source="G7" target="H7"/>
  <move id="79" source="I6" target="I5"/>
  <move id="80" source="H7" target="I7"/>
  <move id="81" source="I5" target="I4"/>
  <move id="82" source="I7" target="I6"/>
  <move id="83" source="I4" target="H4"/>
  <move id="84" source="I6" target="I5"/>
  <move id="85" source="H4" target="G4"/>
  <move id="86" source="I5" target="I4"/>
  <move id="87" source="G4" target="F4"/>
  <move id="88" source="I4" target="H4"/>
  <move id="89" source="F4" target="E4"/>
  <move id="90" source="H4" target="G4"/>
  <move id="91" source="E4" target="D4"/>
  <move id="92" source="E7" target="E6"/>
  <move id="93" source="F6" target="E6"/>
  <move id="94" source="F8" target="F7"/>
  <move id="95" source="E5" target="F5"/>
  <move id="96" source="F7" target="F6"/>
  <move id="97" source="F5" target="F6"/>
  <move id="98" source="E8" target="E7"/>
  <move id="99" source="F3" target="F4"/>
  <move id="100" source="E7" target="E6"/>
  <move id="101" source="F6" target="F5"/>
  <move id="102" source="E6" target="E5"/>
  <move id="103" source="F5" target="F6"/>
  <move id="104" source="G4" target="F4"/>
  <move id="105" source="D4" target="E4"/>
  <move id="106" source="E5" target="E4"/>
  <move id="107" source="F6" target="F5"/>
  <move id="108" source="F4" target="E4"/>
  <move id="109" source="E3" target="E4"/>
  <move id="110" source="K8" target="K7"/>
  <move id="111" source="F2" target="F3"/>
  <move id="112" source="K7" target="I7"/>
  <move id="113" source="F3" target="F4"/>
  <move id="114" source="I7" target="H7"/>
  <move id="115" source="F5" target="E5"/>
  <move id="116" source="D7" target="E7"/>
  <move id="117" source="E4" target="E3"/>
  <move id="118" source="E7" target="E6"/>
  <move id="119" source="E5" target="E4"/>
  <move id="120" source="E6" target="E5"/>
  <move id="121" source="E4" target="D4"/>
  <move id="122" source="E5" target="F5"/>
  <move id="123" source="F4" target="G4"/>
  <move id="124" source="F5" target="F4"/>
  <move id="125" source="G4" target="H4"/>
  <move id="126" source="H7" target="G7"/>
  <move id="127" source="H4" target="I4"/>
  <move id="128" source="G7" target="F7"/>
  <move id="129" source="I4" target="I5"/>
  <move id="130" source="F7" target="E7"/>
  <move id="131" source="I5" target="I6"/>
  <move id="132" source="E7" target="E6"/>
  <move id="133" source="I6" target="I7"/>
  <move id="134" source="E6" target="E5"/>
  <move id="135" source="B6" target="B5"/>
  <move id="136" source="K9" target="K7"/>
  <move id="137" source="I7" target="I6"/>
  <move id="138" source="K7" target="I7"/>
  <move id="139" source="I6" target="K6"/>
  <move id="140" source="K:" target="K6"/>
  <move id="141" source="E3" target="F3"/>
  <move id="142" source="E5" target="F5"/>
  <move id="143" source="D3" target="E3"/>
  <move id="144" source="A7" target="A6"/>
  <move id="145" source="K6" target="I6"/>
  <move id="146" source="B7" target="B5"/>
  <move id="147" source="I6" target="I7"/>
  <move id="148" source="A8" target="A7"/>
  <move id="149" source="I7" target="H7"/>
  <move id="150" source="H8" target="I8"/>
  <move id="151" source="H7" target="G7"/>
  <move id="152" source="G8" target="G7"/>
  <move id="153" source="E3" target="E4"/>
  <move id="154" source="F4" target="E4"/>
  <move id="155" source="E4" target="F4"/>
  <move id="156" source="F5" target="E5"/>
  <move id="157" source="D4" target="D3"/>
  <move id="158" source="A7" target="A6"/>
  <move id="159" source="C4" target="D4"/>
  <move id="160" source="A6" target="B6"/>
  <move id="161" source="D4" target="E4"/>
  <move id="162" source="B6" target="B5"/>
  <move id="163" source="F4" target="F5"/>
  <move id="164" source="E5" target="E4"/>
  <move id="165" source="F5" target="F6"/>
  <move id="166" source="C7" target="B7"/>
  <move id="167" source="F6" target="F7"/>
  <move id="168" source="B7" target="A7"/>
  <move id="169" source="F7" target="F8"/>
  <move id="170" source="B5" target="B6"/>
  <move id="171" source="B3" target="B4"/>
  <move id="172" source="B6" target="B7"/>
  <move id="173" source="B4" target="E4"/>
  <move id="174" source="B7" target="C7"/>
  <move id="175" source="E4" target="E9"/>
  <move id="176" source="C7" target="D7"/>
  <move id="177" source="F8" target="G8"/>
  <move id="178" source="D7" target="D8"/>
  <move id="179" source="G8" target="H8"/>
  <move id="180" source="I8" target="K8"/>
  <move id="181" source="H8" target="I8"/>
  <move id="182" source="K8" target="K7"/>
  <move id="183" source="G3" target="G4"/>
  <move id="184" source="D8" target="E8"/>
  <move id="185" source="G4" target="H4"/>
  <move id="186" source="E8" target="F8"/>
  <move id="187" source="I8" target="I7"/>
  <move id="188" source="K7" target="K6"/>
  <move id="189" source="H4" target="I4"/>
  <move id="190" source="F8" target="G8"/>
  <move id="191" source="I7" target="I6"/>
  <move id="192" source="K6" target="K7"/>
  <move id="193" source="I6" target="I7"/>
  <move id="194" source="K7" target="K8"/>
  <move id="195" source="I4" target="I5"/>
  <move id="196" source="G8" target="H8"/>
  <move id="197" source="I5" target="K5"/>
  <move id="198" source="C8" target="D8"/>
  <move id="199" source="K5" target="K6"/>
  <move id="200" source="C9" target="C8"/>
  <move id="201" source="K6" target="K7"/>
  <move id="202" source="H8" target="H7"/>
  <move id="203" source="I7" target="I8"/>
  <move id="204" source="K8" target="K7"/>
  <move id="205" source="D3" target="D4"/>
  <move id="206" source="K7" target="K6"/>
  <move id="207" source="D4" target="E4"/>
  <move id="208" source="C8" target="C7"/>
  <move id="209" source="E4" target="E5"/>
  <move id="210" source="C7" target="D7"/>
  <move id="211" source="E5" target="E6"/>
  <move id="212" source="D7" target="E7"/>
  <move id="213" source="E6" target="E7"/>
  <move id="214" source="G9" target="G8"/>
  <move id="215" source="B2" target="B3"/>
  <move id="216" source="B8" target="C8"/>
  <move id="217" source="B3" target="B4"/>
  <move id="218" source="A9" target="A8"/>
  <move id="219" source="B4" target="B5"/>
  <move id="220" source="A8" target="B8"/>
  <move id="221" source="B5" target="B6"/>
  <move id="222" source="A7" target="A8"/>
  <move id="223" source="B6" target="A6"/>
  <move id="224" source="B8" target="B7"/>
  <move id="225" source="F3" target="F4"/>
  <move id="226" source="G8" target="F8"/>
  <move id="227" source="F4" target="F5"/>
  <move id="228" source="F8" target="F7"/>
  <move id="229" source="F5" target="F6"/>
  <move id="230" source="F7" target="F6"/>
  <player id="1">Player 1</player>
  <player id="2">Player 2</player>
  <result type="3" winner="2"/>
 </game>
</stratego>