<?xml version="1.0" encoding="UTF-8"?>
<stratego>
 <game type="classic">
  
  <field content="EMBEFBFDDEIHGFBFBEHDLJCBDDHBDDIGEJGHDKIGAA__AA__AAAA__AA__AAPSRXPRWRNTNUPSTPSPQNSTVROUNVPQPQQQTNYNUP"/>
  <move id="1" source="I4" target="I5"/>
  <move id="2" source="F7" target="F6"/>
  <move id="3" source="I5" target="I6"/>
  <move id="4" source="F6" target="F5"/>
  <move id="5" source="K4" target="K5"/>
  <move id="6" source="K7" target="K6"/>
  <move id="7" source="K5" target="K6"/>
  <move id="8" source="K6" target="K5"/>
  <move id="9" source="K3" target="K4"/>
  <move id="10" source="K5" target="K4"/>
  <move id="11" source="H4" target="I4"/>
  <move id="12" source="K4" target="K3"/>
  <move id="13" source="I4" target="I5"/>
  <move id="14" source="K3" target="K2"/>
  <move id="15" source="I2" target="K2"/>
  <move id="16" source="E7" target="E4"/>
  <move id="17" source="A4" target="A5"/>
  <move id="18" source="E8" target="E7"/>
  <move id="19" source="A5" target="A6"/>
  <move id="20" source="D8" target="E8"/>
  <move id="21" source="A3" target="A4"/>
  <move id="22" source="E7" target="F7"/>
  <move id="23" source="B4" target="B5"/>
  <move id="24" source="E8" target="E7"/>
  <move id="25" source="F4" target="F5"/>
  <move id="26" source="F7" target="F6"/>
  <move id="27" source="G4" target="F4"/>
  <move id="28" source="F6" target="F5"/>
  <move id="29" source="F4" target="F5"/>
  <move id="30" source="F8" target="F5"/>
  <move id="31" source="E4" target="F4"/>
  <move id="32" source="E7" target="F7"/>
  <move id="33" source="E3" target="E4"/>
  <move id="34" source="C8" target="D8"/>
  <move id="35" source="F4" target="G4"/>
  <move id="36" source="D8" target="E8"/>
  <move id="37" source="E4" target="E5"/>
  <move id="38" source="E8" target="E7"/>
  <move id="39" source="B5" target="B6"/>
  <move id="40" source="F9" target="F8"/>
  <move id="41" source="C4" target="B4"/>
  <move id="42" source="F8" target="E8"/>
  <move id="43" source="B4" target="B5"/>
  <move id="44" source="E7" target="E6"/>
  <move id="45" source="D4" target="E4"/>
  <move id="46" source="E8" target="E7"/>
  <move id="47" source="G4" target="H4"/>
  <move id="48" source="E6" target="E5"/>
  <move id="49" source="H4" target="I4"/>
  <move id="50" source="F7" target="F8"/>
  <move id="51" source="I4" target="K4"/>
  <move id="52" source="F8" target="F9"/>
  <move id="53" source="K4" target="K5"/>
  <move id="54" source="G8" target="F8"/>
  <move id="55" source="I3" target="I4"/>
  <move id="56" source="F8" target="F7"/>
  <move id="57" source="I4" target="H4"/>
  <move id="58" source="F7" target="F6"/>
  <move id="59" source="H4" target="G4"/>
  <move id="60" source="H8" target="G8"/>
  <move id="61" source="G4" target="F4"/>
  <move id="62" source="G8" target="F8"/>
  <move id="63" source="K5" target="K6"/>
  <move id="64" source="F6" target="E6"/>
  <move id="65" source="K6" target="K7"/>
  <move id="66" source="F8" target="F4"/>
  <move id="67" source="F3" target="F4"/>
  <move id="68" source="I8" target="H8"/>
  <move id="69" source="F4" target="F5"/>
  <move id="70" source="H8" target="G8"/>
  <move id="71" source="F5" target="E5"/>
  <move id="72" source="G8" target="F8"/>
  <move id="73" source="K1" target="K2"/>
  <move id="74" source="F8" target="F7"/>
  <move id="75" source="K2" target="K3"/>
  <move id="76" source="F7" target="F6"/>
  <move id="77" source="K3" target="K4"/>
  <move id="78" source="F6" target="F5"/>
  <move id="79" source="K4" target="K5"/>
  <move id="80" source="F5" target="F4"/>
  <move id="81" source="G3" target="F3"/>
  <move id="82" source="F4" target="F3"/>
  <move id="83" source="K5" target="K6"/>
  <move id="84" source="E6" target="F6"/>
  <move id="85" source="E5" target="F5"/>
  <move id="86" source="F6" target="F7"/>
  <move id="87" source="E4" target="E5"/>
  <move id="88" source="B8" target="C8"/>
  <move id="89" source="F5" target="F6"/>
  <move id="90" source="C8" target="D8"/>
  <move id="91" source="F6" target="E6"/>
  <move id="92" source="D8" target="E8"/>
  <move id="93" source="F3" target="F4"/>
  <move id="94" source="E8" target="F8"/>
  <move id="95" source="F4" target="E4"/>
  <move id="96" source="F8" target="G8"/>
  <move id="97" source="E4" target="D4"/>
  <move id="98" source="G8" target="H8"/>
  <move id="99" source="D4" target="C4"/>
  <move id="100" source="H8" target="I8"/>
  <move id="101" source="B5" target="A5"/>
  <move id="102" source="I8" target="H8"/>
  <move id="103" source="C4" target="B4"/>
  <move id="104" source="H8" target="G8"/>
  <move id="105" source="B4" target="B5"/>
  <move id="106" source="G8" target="F8"/>
  <move id="107" source="B6" target="B7"/>
  <move id="108" source="B9" target="B8"/>
  <move id="109" source="B5" target="B6"/>
  <move id="110" source="B8" target="B7"/>
  <move id="111" source="B6" target="B7"/>
  <move id="112" source="F8" target="E8"/>
  <move id="113" source="A6" target="B6"/>
  <move id="114" source="E8" target="D8"/>
  <move id="115" source="A5" target="A6"/>
  <move id="116" source="D8" target="C8"/>
  <move id="117" source="A4" target="A5"/>
  <move id="118" source="C8" target="B8"/>
  <move id="119" source="A6" target="A7"/>
  <move id="120" source="C7" target="B7"/>
  <move id="121" source="A5" target="A6"/>
  <move id="122" source="B7" target="A7"/>
  <move id="123" source="B6" target="B7"/>
  <move id="124" source="B8" target="B7"/>
  <move id="125" source="A6" target="B6"/>
  <move id="126" source="A7" target="B7"/>
  <move id="127" source="B6" target="B5"/>
  <move id="128" source="B7" target="C7"/>
  <move id="129" source="A2" target="A3"/>
  <move id="130" source="I9" target="I8"/>
  <move id="131" source="A3" target="A4"/>
  <move id="132" source="I8" target="H8"/>
  <move id="133" source="A4" target="A5"/>
  <move id="134" source="H8" target="G8"/>
  <move id="135" source="A5" target="A6"/>
  <move id="136" source="G8" target="F8"/>
  <move id="137" source="A6" target="A7"/>
  <move id="138" source="F8" target="E8"/>
  <move id="139" source="A7" target="B7"/>
  <move id="140" source="E8" target="D8"/>
  <move id="141" source="B5" target="B6"/>
  <move id="142" source="D8" target="C8"/>
  <move id="143" source="B6" target="A6"/>
  <move id="144" source="C8" target="B8"/>
  <move id="145" source="A6" target="A7"/>
  <move id="146" source="B8" target="B7"/>
  <move id="147" source="A7" target="A6"/>
  <move id="148" source="C9" target="C8"/>
  <move id="149" source="A6" target="B6"/>
  <move id="150" source="C8" target="B8"/>
  <move id="151" source="B7" target="A7"/>
  <move id="152" source="B8" target="B7"/>
  <move id="153" source="B6" target="B7"/>
  <move id="154" source="F7" target="F8"/>
  <move id="155" source="B7" target="B6"/>
  <move id="156" source="G7" target="F7"/>
  <move id="157" source="B6" target="B5"/>
  <move id="158" source="F7" target="F6"/>
  <move id="159" source="K7" target="K8"/>
  <move id="160" source="F6" target="E6"/>
  <move id="161" source="E5" target="E4"/>
  <move id="162" source="E6" target="E5"/>
  <move id="163" source="E4" target="D4"/>
  <move id="164" source="E5" target="E4"/>
  <move id="165" source="D4" target="C4"/>
  <move id="166" source="E4" target="D4"/>
  <move id="167" source="B5" target="B4"/>
  <move id="168" source="D4" target="D3"/>
  <move id="169" source="K6" target="K7"/>
  <player id="1">Player 1</player>
  <player id="2">Player 2</player>
  <result type="3" winner="1"/>
 </game>
</stratego>