<?xml version="1.0" encoding="UTF-8"?>
<stratego>
 <game type="classic">
  
  <field content="DEBMBGFBEDJDFBEECIDHGLDFJHFGKDBDHIGBIEDHAA__AA__AAAA__AA__AASPTWPSTQSPQPUOUPPXURPSNRVQVNQTNNRNYTQNRP"/>
  <move id="1" source="I4" target="I7"/>
  <move id="2" source="B7" target="B6"/>
  <move id="3" source="I3" target="I4"/>
  <move id="4" source="C7" target="B7"/>
  <move id="5" source="K4" target="K5"/>
  <move id="6" source="B6" target="B5"/>
  <move id="7" source="K5" target="I5"/>
  <move id="8" source="B7" target="B6"/>
  <move id="9" source="I5" target="I6"/>
  <move id="10" source="E7" target="E6"/>
  <move id="11" source="I4" target="I5"/>
  <move id="12" source="E6" target="E5"/>
  <move id="13" source="K3" target="K4"/>
  <move id="14" source="K7" target="K4"/>
  <move id="15" source="H3" target="I3"/>
  <move id="16" source="I7" target="K7"/>
  <move id="17" source="I6" target="K6"/>
  <move id="18" source="K7" target="I7"/>
  <move id="19" source="K6" target="I6"/>
  <move id="20" source="F7" target="F6"/>
  <move id="21" source="I3" target="I4"/>
  <move id="22" source="F6" target="E6"/>
  <move id="23" source="I4" target="K4"/>
  <move id="24" source="F8" target="F7"/>
  <move id="25" source="K4" target="K5"/>
  <move id="26" source="F7" target="F6"/>
  <move id="27" source="K5" target="K6"/>
  <move id="28" source="F6" target="F5"/>
  <move id="29" source="G3" target="H3"/>
  <move id="30" source="B5" target="A5"/>
  <move id="31" source="H3" target="I3"/>
  <move id="32" source="B6" target="B5"/>
  <move id="33" source="I3" target="K3"/>
  <move id="34" source="G8" target="F8"/>
  <move id="35" source="K3" target="K4"/>
  <move id="36" source="F8" target="F7"/>
  <move id="37" source="K4" target="K5"/>
  <move id="38" source="F7" target="F6"/>
  <move id="39" source="K6" target="K7"/>
  <move id="40" source="K8" target="K7"/>
  <move id="41" source="K7" target="I7"/>
  <move id="42" source="H7" target="I7"/>
  <move id="43" source="K5" target="K6"/>
  <move id="44" source="I7" target="I6"/>
  <move id="45" source="K6" target="K7"/>
  <move id="46" source="G7" target="H7"/>
  <move id="47" source="I5" target="K5"/>
  <move id="48" source="I8" target="I7"/>
  <move id="49" source="K5" target="K6"/>
  <move id="50" source="K9" target="K8"/>
  <move id="51" source="K7" target="K8"/>
  <move id="52" source="K8" target="I8"/>
  <move id="53" source="K6" target="K7"/>
  <move id="54" source="I7" target="I6"/>
  <move id="55" source="K7" target="I7"/>
  <move id="56" source="I6" target="K6"/>
  <move id="57" source="I7" target="K7"/>
  <move id="58" source="K6" target="I6"/>
  <move id="59" source="K7" target="I7"/>
  <move id="60" source="I6" target="K6"/>
  <move id="61" source="I7" target="I8"/>
  <move id="62" source="H8" target="I8"/>
  <move id="63" source="F3" target="G3"/>
  <move id="64" source="I8" target="H8"/>
  <move id="65" source="G3" target="H3"/>
  <move id="66" source="K:" target="K9"/>
  <move id="67" source="H3" target="I3"/>
  <move id="68" source="K9" target="K8"/>
  <move id="69" source="I3" target="K3"/>
  <move id="70" source="K6" target="I6"/>
  <move id="71" source="K3" target="I3"/>
  <move id="72" source="I6" target="I7"/>
  <move id="73" source="I3" target="I4"/>
  <move id="74" source="H7" target="G7"/>
  <move id="75" source="I4" target="I3"/>
  <move id="76" source="H8" target="H7"/>
  <move id="77" source="I3" target="K3"/>
  <move id="78" source="I7" target="I8"/>
  <move id="79" source="B4" target="B5"/>
  <move id="80" source="B5" target="B6"/>
  <move id="81" source="C4" target="B4"/>
  <move id="82" source="B6" target="B7"/>
  <move id="83" source="B4" target="B5"/>
  <move id="84" source="B7" target="C7"/>
  <move id="85" source="B5" target="A5"/>
  <move id="86" source="C7" target="B7"/>
  <move id="87" source="A5" target="B5"/>
  <move id="88" source="B7" target="B6"/>
  <move id="89" source="B5" target="B4"/>
  <move id="90" source="B6" target="B5"/>
  <move id="91" source="B4" target="C4"/>
  <move id="92" source="B5" target="B4"/>
  <move id="93" source="B3" target="B4"/>
  <move id="94" source="E6" target="E7"/>
  <move id="95" source="B4" target="B3"/>
  <move id="96" source="E7" target="F7"/>
  <move id="97" source="C4" target="B4"/>
  <move id="98" source="F7" target="F8"/>
  <move id="99" source="C3" target="C4"/>
  <move id="100" source="C8" target="C7"/>
  <move id="101" source="B3" target="C3"/>
  <move id="102" source="C7" target="B7"/>
  <move id="103" source="B4" target="B3"/>
  <move id="104" source="B7" target="C7"/>
  <move id="105" source="C4" target="B4"/>
  <move id="106" source="C7" target="C8"/>
  <move id="107" source="C3" target="C4"/>
  <move id="108" source="D7" target="C7"/>
  <move id="109" source="D3" target="C3"/>
  <move id="110" source="C7" target="B7"/>
  <move id="111" source="D4" target="D3"/>
  <move id="112" source="B7" target="C7"/>
  <move id="113" source="C4" target="D4"/>
  <move id="114" source="D8" target="D7"/>
  <move id="115" source="E4" target="E5"/>
  <move id="116" source="F5" target="F4"/>
  <move id="117" source="D4" target="E4"/>
  <move id="118" source="F6" target="F7"/>
  <move id="119" source="E5" target="E6"/>
  <move id="120" source="E8" target="E7"/>
  <move id="121" source="E4" target="E5"/>
  <move id="122" source="F8" target="E8"/>
  <move id="123" source="E6" target="F6"/>
  <move id="124" source="G7" target="G8"/>
  <move id="125" source="E5" target="E6"/>
  <move id="126" source="F7" target="F8"/>
  <move id="127" source="E6" target="E5"/>
  <move id="128" source="G8" target="G7"/>
  <move id="129" source="E5" target="E4"/>
  <move id="130" source="E7" target="E6"/>
  <move id="131" source="F6" target="F5"/>
  <move id="132" source="E6" target="E7"/>
  <move id="133" source="E4" target="D4"/>
  <move id="134" source="G7" target="G8"/>
  <move id="135" source="F5" target="E5"/>
  <move id="136" source="K8" target="K3"/>
  <move id="137" source="K3" target="I3"/>
  <move id="138" source="I8" target="I7"/>
  <move id="139" source="I3" target="H3"/>
  <move id="140" source="H7" target="G7"/>
  <move id="141" source="H3" target="G3"/>
  <move id="142" source="G7" target="F7"/>
  <move id="143" source="D4" target="C4"/>
  <move id="144" source="F7" target="F6"/>
  <move id="145" source="E5" target="E4"/>
  <move id="146" source="F6" target="F5"/>
  <move id="147" source="E4" target="D4"/>
  <move id="148" source="F5" target="E5"/>
  <move id="149" source="B4" target="B5"/>
  <move id="150" source="E5" target="F5"/>
  <move id="151" source="E3" target="F3"/>
  <move id="152" source="F8" target="F7"/>
  <move id="153" source="E2" target="E3"/>
  <move id="154" source="F7" target="F6"/>
  <move id="155" source="D4" target="E4"/>
  <move id="156" source="F6" target="E6"/>
  <move id="157" source="C4" target="D4"/>
  <move id="158" source="E6" target="E4"/>
  <move id="159" source="B5" target="B4"/>
  <move id="160" source="E8" target="F8"/>
  <move id="161" source="C3" target="C4"/>
  <move id="162" source="F8" target="F7"/>
  <move id="163" source="E3" target="E2"/>
  <move id="164" source="F7" target="F6"/>
  <move id="165" source="D3" target="C3"/>
  <move id="166" source="G8" target="F8"/>
  <move id="167" source="D4" target="D3"/>
  <move id="168" source="G9" target="G8"/>
  <move id="169" source="D3" target="D4"/>
  <move id="170" source="G8" target="G7"/>
  <move id="171" source="B4" target="B5"/>
  <move id="172" source="I7" target="I8"/>
  <move id="173" source="C4" target="B4"/>
  <move id="174" source="B8" target="B7"/>
  <move id="175" source="D4" target="C4"/>
  <move id="176" source="E7" target="E6"/>
  <move id="177" source="B5" target="A5"/>
  <move id="178" source="E6" target="E5"/>
  <move id="179" source="C4" target="D4"/>
  <move id="180" source="E5" target="E6"/>
  <move id="181" source="B4" target="B5"/>
  <move id="182" source="G7" target="H7"/>
  <move id="183" source="D4" target="C4"/>
  <move id="184" source="H7" target="I7"/>
  <move id="185" source="A5" target="A6"/>
  <move id="186" source="E6" target="E5"/>
  <move id="187" source="C4" target="D4"/>
  <move id="188" source="I7" target="I6"/>
  <move id="189" source="B5" target="A5"/>
  <move id="190" source="I6" target="I5"/>
  <move id="191" source="F3" target="E3"/>
  <move id="192" source="I5" target="I4"/>
  <move id="193" source="C3" target="C4"/>
  <move id="194" source="I4" target="I3"/>
  <move id="195" source="E3" target="D3"/>
  <move id="196" source="I3" target="H3"/>
  <move id="197" source="G3" target="F3"/>
  <move id="198" source="H3" target="G3"/>
  <move id="199" source="F3" target="E3"/>
  <move id="200" source="G3" target="F3"/>
  <move id="201" source="D3" target="C3"/>
  <move id="202" source="I8" target="H8"/>
  <move id="203" source="E3" target="D3"/>
  <move id="204" source="I9" target="I8"/>
  <move id="205" source="E4" target="E3"/>
  <move id="206" source="E5" target="E6"/>
  <move id="207" source="D4" target="E4"/>
  <move id="208" source="F5" target="E5"/>
  <move id="209" source="E4" target="D4"/>
  <move id="210" source="E5" target="E4"/>
  <move id="211" source="C4" target="B4"/>
  <move id="212" source="I8" target="I7"/>
  <move id="213" source="D4" target="C4"/>
  <move id="214" source="B7" target="B4"/>
  <move id="215" source="A6" target="B6"/>
  <move id="216" source="C8" target="B8"/>
  <move id="217" source="A5" target="B5"/>
  <move id="218" source="B8" target="B7"/>
  <move id="219" source="E3" target="F3"/>
  <move id="220" source="B7" target="B6"/>
  <move id="221" source="B5" target="A5"/>
  <move id="222" source="B6" target="B7"/>
  <move id="223" source="B4" target="B5"/>
  <move id="224" source="B7" target="B8"/>
  <move id="225" source="B5" target="B6"/>
  <move id="226" source="I7" target="I6"/>
  <move id="227" source="B6" target="A6"/>
  <move id="228" source="A7" target="B7"/>
  <move id="229" source="C4" target="B4"/>
  <move id="230" source="I6" target="I5"/>
  <move id="231" source="C3" target="C4"/>
  <move id="232" source="I5" target="I4"/>
  <move id="233" source="D3" target="D4"/>
  <move id="234" source="E4" target="E5"/>
  <move id="235" source="C4" target="C3"/>
  <move id="236" source="I4" target="H4"/>
  <move id="237" source="C3" target="D3"/>
  <move id="238" source="F3" target="G3"/>
  <move id="239" source="D3" target="E3"/>
  <move id="240" source="G3" target="H3"/>
  <move id="241" source="E3" target="F3"/>
  <move id="242" source="H3" target="I3"/>
  <move id="243" source="F3" target="G3"/>
  <move id="244" source="I3" target="K3"/>
  <move id="245" source="G3" target="H3"/>
  <move id="246" source="K3" target="K4"/>
  <move id="247" source="H3" target="I3"/>
  <move id="248" source="F6" target="F5"/>
  <move id="249" source="B4" target="B5"/>
  <move id="250" source="E6" target="F6"/>
  <move id="251" source="B5" target="B6"/>
  <move id="252" source="E5" target="E6"/>
  <move id="253" source="A6" target="A7"/>
  <move id="254" source="E6" target="E7"/>
  <move id="255" source="A7" target="B7"/>
  <move id="256" source="B8" target="B7"/>
  <move id="257" source="B6" target="B5"/>
  <move id="258" source="A8" target="A7"/>
  <move id="259" source="B5" target="B4"/>
  <move id="260" source="A9" target="A8"/>
  <move id="261" source="A5" target="B5"/>
  <move id="262" source="A8" target="B8"/>
  <move id="263" source="B4" target="C4"/>
  <move id="264" source="A7" target="A6"/>
  <move id="265" source="C4" target="C3"/>
  <move id="266" source="F9" target="G9"/>
  <move id="267" source="B5" target="B4"/>
  <move id="268" source="F6" target="E6"/>
  <move id="269" source="C3" target="D3"/>
  <move id="270" source="E7" target="F7"/>
  <move id="271" source="D3" target="E3"/>
  <move id="272" source="E6" target="E7"/>
  <move id="273" source="E3" target="F3"/>
  <move id="274" source="F7" target="F6"/>
  <move id="275" source="F3" target="G3"/>
  <move id="276" source="F8" target="F9"/>
  <move id="277" source="G3" target="H3"/>
  <move id="278" source="F6" target="F7"/>
  <move id="279" source="I3" target="I4"/>
  <move id="280" source="K4" target="K5"/>
  <move id="281" source="I4" target="I5"/>
  <move id="282" source="K5" target="K6"/>
  <move id="283" source="I5" target="I6"/>
  <move id="284" source="K6" target="K7"/>
  <move id="285" source="I6" target="I7"/>
  <move id="286" source="K7" target="K6"/>
  <move id="287" source="H3" target="I3"/>
  <move id="288" source="I:" target="I9"/>
  <move id="289" source="I7" target="K7"/>
  <move id="290" source="K6" target="I6"/>
  <move id="291" source="I3" target="I4"/>
  <move id="292" source="I9" target="I8"/>
  <move id="293" source="I4" target="I5"/>
  <move id="294" source="I8" target="K8"/>
  <move id="295" source="I5" target="I6"/>
  <move id="296" source="C7" target="B7"/>
  <move id="297" source="K7" target="K6"/>
  <move id="298" source="B7" target="B6"/>
  <move id="299" source="I6" target="I5"/>
  <move id="300" source="B6" target="B5"/>
  <move id="301" source="K6" target="K5"/>
  <move id="302" source="B5" target="B4"/>
  <move id="303" source="I5" target="I4"/>
  <move id="304" source="B4" target="C4"/>
  <move id="305" source="D4" target="E4"/>
  <move id="306" source="C4" target="D4"/>
  <move id="307" source="E4" target="E3"/>
  <move id="308" source="D4" target="E4"/>
  <move id="309" source="E3" target="F3"/>
  <move id="310" source="E4" target="E3"/>
  <move id="311" source="F3" target="G3"/>
  <move id="312" source="E3" target="F3"/>
  <move id="313" source="G3" target="H3"/>
  <move id="314" source="F3" target="G3"/>
  <move id="315" source="I4" target="H4"/>
  <move id="316" source="E7" target="E8"/>
  <move id="317" source="H3" target="I3"/>
  <move id="318" source="E8" target="D8"/>
  <move id="319" source="I3" target="K3"/>
  <move id="320" source="E9" target="E8"/>
  <move id="321" source="H4" target="H3"/>
  <move id="322" source="G3" target="F3"/>
  <move id="323" source="H3" target="G3"/>
  <move id="324" source="F3" target="E3"/>
  <move id="325" source="G3" target="F3"/>
  <move id="326" source="E3" target="D3"/>
  <move id="327" source="F3" target="E3"/>
  <move id="328" source="D3" target="D4"/>
  <move id="329" source="E3" target="D3"/>
  <move id="330" source="D4" target="E4"/>
  <move id="331" source="K5" target="K6"/>
  <move id="332" source="F7" target="G7"/>
  <move id="333" source="K6" target="K7"/>
  <move id="334" source="K8" target="I8"/>
  <move id="335" source="K7" target="I7"/>
  <move id="336" source="E8" target="F8"/>
  <move id="337" source="I7" target="I8"/>
  <move id="338" source="G7" target="H7"/>
  <move id="339" source="I8" target="K8"/>
  <move id="340" source="H7" target="I7"/>
  <move id="341" source="I2" target="I3"/>
  <move id="342" source="H8" target="G8"/>
  <move id="343" source="I3" target="I4"/>
  <move id="344" source="E4" target="E5"/>
  <move id="345" source="I4" target="I5"/>
  <move id="346" source="E5" target="E6"/>
  <move id="347" source="I5" target="I6"/>
  <move id="348" source="I7" target="I6"/>
  <move id="349" source="D3" target="E3"/>
  <move id="350" source="E6" target="E7"/>
  <move id="351" source="E3" target="F3"/>
  <move id="352" source="E7" target="F7"/>
  <move id="353" source="F3" target="G3"/>
  <move id="354" source="F7" target="G7"/>
  <move id="355" source="G3" target="H3"/>
  <move id="356" source="G7" target="H7"/>
  <move id="357" source="H3" target="I3"/>
  <move id="358" source="H7" target="H8"/>
  <move id="359" source="I3" target="I4"/>
  <move id="360" source="H8" target="I8"/>
  <move id="361" source="K8" target="K9"/>
  <move id="362" source="I8" target="I9"/>
  <move id="363" source="K9" target="K8"/>
  <move id="364" source="I6" target="I7"/>
  <move id="365" source="I4" target="I5"/>
  <move id="366" source="I7" target="K7"/>
  <move id="367" source="B3" target="C3"/>
  <move id="368" source="K7" target="K8"/>
  <move id="369" source="B2" target="B6"/>
  <move id="370" source="A6" target="B6"/>
  <move id="371" source="A2" target="B2"/>
  <move id="372" source="F8" target="E8"/>
  <move id="373" source="B2" target="B3"/>
  <move id="374" source="D7" target="E7"/>
  <move id="375" source="B3" target="B4"/>
  <move id="376" source="E7" target="F7"/>
  <move id="377" source="B4" target="B5"/>
  <move id="378" source="B6" target="B7"/>
  <move id="379" source="B5" target="B6"/>
  <move id="380" source="B7" target="C7"/>
  <move id="381" source="B6" target="B7"/>
  <move id="382" source="C7" target="C8"/>
  <move id="383" source="B7" target="C7"/>
  <move id="384" source="E8" target="E7"/>
  <move id="385" source="C7" target="C8"/>
  <move id="386" source="D8" target="D7"/>
  <move id="387" source="C8" target="D8"/>
  <move id="388" source="D7" target="C7"/>
  <move id="389" source="D8" target="C8"/>
  <move id="390" source="C7" target="B7"/>
  <move id="391" source="C8" target="C7"/>
  <move id="392" source="B7" target="B6"/>
  <move id="393" source="C7" target="B7"/>
  <move id="394" source="B6" target="B5"/>
  <move id="395" source="B7" target="B6"/>
  <move id="396" source="B5" target="B4"/>
  <move id="397" source="B6" target="B5"/>
  <move id="398" source="B4" target="C4"/>
  <move id="399" source="B5" target="B4"/>
  <move id="400" source="C4" target="D4"/>
  <move id="401" source="B4" target="C4"/>
  <move id="402" source="D4" target="E4"/>
  <move id="403" source="C4" target="D4"/>
  <move id="404" source="E4" target="E5"/>
  <move id="405" source="D4" target="E4"/>
  <move id="406" source="E5" target="E6"/>
  <move id="407" source="E4" target="E5"/>
  <move id="408" source="E6" target="F6"/>
  <move id="409" source="E5" target="F5"/>
  <move id="410" source="F6" target="E6"/>
  <move id="411" source="F5" target="F6"/>
  <move id="412" source="E6" target="E5"/>
  <move id="413" source="F6" target="F7"/>
  <move id="414" source="E7" target="F7"/>
  <move id="415" source="G4" target="G3"/>
  <move id="416" source="K8" target="K7"/>
  <move id="417" source="G3" target="F3"/>
  <move id="418" source="K7" target="I7"/>
  <move id="419" source="F3" target="E3"/>
  <move id="420" source="I7" target="H7"/>
  <move id="421" source="E3" target="E4"/>
  <move id="422" source="G8" target="F8"/>
  <move id="423" source="E4" target="E5"/>
  <move id="424" source="F8" target="F7"/>
  <move id="425" source="I5" target="I4"/>
  <move id="426" source="F7" target="E7"/>
  <move id="427" source="I4" target="H4"/>
  <move id="428" source="I9" target="I8"/>
  <move id="429" source="H4" target="H3"/>
  <move id="430" source="I8" target="I7"/>
  <move id="431" source="H3" target="H4"/>
  <move id="432" source="I7" target="I6"/>
  <move id="433" source="H2" target="H3"/>
  <move id="434" source="I6" target="K6"/>
  <move id="435" source="H3" target="G3"/>
  <move id="436" source="K6" target="K5"/>
  <move id="437" source="H4" target="I4"/>
  <move id="438" source="E7" target="E6"/>
  <move id="439" source="G3" target="F3"/>
  <move id="440" source="E6" target="E5"/>
  <move id="441" source="F3" target="E3"/>
  <move id="442" source="E5" target="E4"/>
  <move id="443" source="E3" target="E4"/>
  <move id="444" source="G9" target="G8"/>
  <move id="445" source="K3" target="I3"/>
  <move id="446" source="H7" target="G7"/>
  <move id="447" source="I3" target="H3"/>
  <move id="448" source="G8" target="F8"/>
  <move id="449" source="H3" target="H2"/>
  <move id="450" source="F8" target="E8"/>
  <move id="451" source="C3" target="B3"/>
  <move id="452" source="K5" target="K6"/>
  <move id="453" source="B3" target="B4"/>
  <move id="454" source="K6" target="K7"/>
  <move id="455" source="B4" target="B5"/>
  <move id="456" source="K7" target="K8"/>
  <move id="457" source="B5" target="B6"/>
  <move id="458" source="K8" target="I8"/>
  <move id="459" source="I4" target="H4"/>
  <move id="460" source="I8" target="H8"/>
  <move id="461" source="H4" target="G4"/>
  <move id="462" source="G7" target="F7"/>
  <move id="463" source="G4" target="G3"/>
  <move id="464" source="F7" target="E7"/>
  <move id="465" source="G3" target="F3"/>
  <move id="466" source="E7" target="E6"/>
  <move id="467" source="E2" target="E3"/>
  <move id="468" source="H8" target="G8"/>
  <move id="469" source="E3" target="E4"/>
  <move id="470" source="G8" target="G7"/>
  <move id="471" source="B6" target="B5"/>
  <move id="472" source="G7" target="F7"/>
  <move id="473" source="B5" target="B4"/>
  <move id="474" source="F7" target="E7"/>
  <move id="475" source="B4" target="B3"/>
  <move id="476" source="E7" target="D7"/>
  <move id="477" source="F3" target="E3"/>
  <move id="478" source="E8" target="F8"/>
  <move id="479" source="E3" target="D3"/>
  <move id="480" source="F8" target="F7"/>
  <move id="481" source="D3" target="D4"/>
  <move id="482" source="F7" target="F6"/>
  <move id="483" source="B3" target="C3"/>
  <move id="484" source="F6" target="F5"/>
  <move id="485" source="C3" target="D3"/>
  <move id="486" source="F5" target="F4"/>
  <move id="487" source="E4" target="F4"/>
  <move id="488" source="E6" target="E5"/>
  <move id="489" source="F2" target="E2"/>
  <move id="490" source="B8" target="C8"/>
  <move id="491" source="E2" target="E3"/>
  <move id="492" source="C8" target="D8"/>
  <move id="493" source="G2" target="G3"/>
  <move id="494" source="D8" target="E8"/>
  <move id="495" source="E3" target="F3"/>
  <move id="496" source="E8" target="F8"/>
  <move id="497" source="F3" target="F4"/>
  <move id="498" source="F8" target="F7"/>
  <move id="499" source="G3" target="F3"/>
  <move id="500" source="F7" target="F6"/>
  <move id="501" source="F3" target="E3"/>
  <move id="502" source="F6" target="F5"/>
  <move id="503" source="F4" target="E4"/>
  <move id="504" source="E5" target="E6"/>
  <move id="505" source="E3" target="E2"/>
  <move id="506" source="D7" target="E7"/>
  <move id="507" source="D3" target="E3"/>
  <move id="508" source="E7" target="F7"/>
  <move id="509" source="E3" target="F3"/>
  <move id="510" source="F7" target="G7"/>
  <move id="511" source="F3" target="F4"/>
  <move id="512" source="F5" target="E5"/>
  <move id="513" source="E4" target="E3"/>
  <move id="514" source="G7" target="H7"/>
  <move id="515" source="D4" target="E4"/>
  <move id="516" source="E5" target="F5"/>
  <move id="517" source="F4" target="F5"/>
  <move id="518" source="E6" target="E5"/>
  <move id="519" source="F5" target="F4"/>
  <move id="520" source="H7" target="I7"/>
  <move id="521" source="F4" target="F3"/>
  <move id="522" source="I7" target="I6"/>
  <move id="523" source="E4" target="F4"/>
  <move id="524" source="I6" target="I5"/>
  <move id="525" source="F4" target="G4"/>
  <move id="526" source="I5" target="I6"/>
  <move id="527" source="G4" target="H4"/>
  <move id="528" source="E5" target="F5"/>
  <move id="529" source="E3" target="E4"/>
  <move id="530" source="I6" target="I7"/>
  <move id="531" source="F3" target="F2"/>
  <move id="532" source="I7" target="H7"/>
  <move id="533" source="H4" target="G4"/>
  <move id="534" source="H7" target="G7"/>
  <move id="535" source="G4" target="G3"/>
  <move id="536" source="G7" target="F7"/>
  <move id="537" source="G3" target="F3"/>
  <move id="538" source="F7" target="E7"/>
  <move id="539" source="F3" target="E3"/>
  <move id="540" source="E7" target="D7"/>
  <move id="541" source="E3" target="D3"/>
  <move id="542" source="D7" target="C7"/>
  <move id="543" source="D3" target="D4"/>
  <move id="544" source="F9" target="F8"/>
  <move id="545" source="F2" target="G2"/>
  <move id="546" source="F8" target="F7"/>
  <move id="547" source="G2" target="G3"/>
  <move id="548" source="F7" target="F6"/>
  <move id="549" source="G3" target="H3"/>
  <move id="550" source="F6" target="E6"/>
  <move id="551" source="H3" target="I3"/>
  <move id="552" source="E6" target="E5"/>
  <move id="553" source="E4" target="E3"/>
  <move id="554" source="F5" target="F4"/>
  <move id="555" source="E2" target="F2"/>
  <move id="556" source="E5" target="F5"/>
  <move id="557" source="F2" target="F3"/>
  <move id="558" source="F4" target="G4"/>
  <move id="559" source="D4" target="E4"/>
  <move id="560" source="F5" target="F6"/>
  <move id="561" source="F3" target="F2"/>
  <move id="562" source="G4" target="H4"/>
  <move id="563" source="E3" target="F3"/>
  <move id="564" source="F6" target="F7"/>
  <move id="565" source="F3" target="G3"/>
  <move id="566" source="F7" target="G7"/>
  <move id="567" source="F2" target="G2"/>
  <move id="568" source="G7" target="H7"/>
  <move id="569" source="G2" target="F2"/>
  <move id="570" source="H7" target="I7"/>
  <move id="571" source="F2" target="F3"/>
  <move id="572" source="I7" target="I6"/>
  <move id="573" source="F3" target="F4"/>
  <move id="574" source="I6" target="I5"/>
  <move id="575" source="F4" target="G4"/>
  <move id="576" source="H4" target="I4"/>
  <move id="577" source="I3" target="H3"/>
  <move id="578" source="I4" target="K4"/>
  <move id="579" source="H3" target="H4"/>
  <move id="580" source="I5" target="I4"/>
  <move id="581" source="G3" target="H3"/>
  <move id="582" source="I4" target="H4"/>
  <move id="583" source="H3" target="G3"/>
  <move id="584" source="K4" target="I4"/>
  <move id="585" source="G3" target="H3"/>
  <move id="586" source="C7" target="D7"/>
  <move id="587" source="E4" target="F4"/>
  <move id="588" source="D7" target="E7"/>
  <move id="589" source="G4" target="H4"/>
  <move id="590" source="I4" target="I5"/>
  <move id="591" source="H3" target="I3"/>
  <move id="592" source="I5" target="I6"/>
  <move id="593" source="I3" target="H3"/>
  <move id="594" source="I6" target="I7"/>
  <move id="595" source="H3" target="G3"/>
  <move id="596" source="I7" target="H7"/>
  <move id="597" source="G3" target="F3"/>
  <move id="598" source="H7" target="G7"/>
  <move id="599" source="F3" target="E3"/>
  <move id="600" source="G7" target="F7"/>
  <move id="601" source="F4" target="F3"/>
  <move id="602" source="E7" target="D7"/>
  <move id="603" source="E3" target="E4"/>
  <move id="604" source="D7" target="C7"/>
  <move id="605" source="F3" target="E3"/>
  <move id="606" source="C7" target="B7"/>
  <move id="607" source="E3" target="D3"/>
  <move id="608" source="B7" target="B6"/>
  <move id="609" source="D3" target="D4"/>
  <move id="610" source="B6" target="B5"/>
  <move id="611" source="D4" target="C4"/>
  <move id="612" source="B5" target="B6"/>
  <move id="613" source="C4" target="D4"/>
  <move id="614" source="F7" target="F6"/>
  <move id="615" source="E4" target="F4"/>
  <move id="616" source="F:" target="F9"/>
  <move id="617" source="H4" target="G4"/>
  <move id="618" source="F9" target="F8"/>
  <move id="619" source="G4" target="G3"/>
  <move id="620" source="F8" target="G8"/>
  <move id="621" source="G3" target="F3"/>
  <move id="622" source="G8" target="H8"/>
  <move id="623" source="F3" target="E3"/>
  <move id="624" source="H8" target="H7"/>
  <move id="625" source="E3" target="E4"/>
  <move id="626" source="H7" target="I7"/>
  <move id="627" source="E4" target="E5"/>
  <move id="628" source="I7" target="I6"/>
  <move id="629" source="E5" target="F5"/>
  <move id="630" source="F6" target="F7"/>
  <move id="631" source="F5" target="E5"/>
  <move id="632" source="I6" target="I5"/>
  <move id="633" source="E5" target="E4"/>
  <move id="634" source="I5" target="I4"/>
  <move id="635" source="H2" target="H3"/>
  <move id="636" source="I4" target="H4"/>
  <move id="637" source="H3" target="H4"/>
  <move id="638" source="B6" target="B7"/>
  <move id="639" source="E4" target="E3"/>
  <move id="640" source="B7" target="C7"/>
  <move id="641" source="D4" target="E4"/>
  <move id="642" source="C7" target="D7"/>
  <move id="643" source="E3" target="E2"/>
  <move id="644" source="D7" target="D8"/>
  <move id="645" source="E4" target="E3"/>
  <move id="646" source="D8" target="E8"/>
  <move id="647" source="E3" target="F3"/>
  <move id="648" source="E8" target="F8"/>
  <move id="649" source="F3" target="G3"/>
  <move id="650" source="F8" target="G8"/>
  <move id="651" source="G3" target="H3"/>
  <move id="652" source="F7" target="E7"/>
  <move id="653" source="F4" target="E4"/>
  <move id="654" source="E7" target="E6"/>
  <move id="655" source="H3" target="H4"/>
  <move id="656" source="G8" target="G7"/>
  <move id="657" source="H4" target="G4"/>
  <move id="658" source="G7" target="F7"/>
  <move id="659" source="G4" target="F4"/>
  <move id="660" source="F7" target="E7"/>
  <move id="661" source="F4" target="F3"/>
  <move id="662" source="E7" target="D7"/>
  <move id="663" source="F3" target="E3"/>
  <move id="664" source="D7" target="E7"/>
  <move id="665" source="E2" target="F2"/>
  <move id="666" source="E7" target="F7"/>
  <move id="667" source="F2" target="G2"/>
  <move id="668" source="F7" target="G7"/>
  <move id="669" source="G2" target="G3"/>
  <move id="670" source="G7" target="H7"/>
  <move id="671" source="E3" target="F3"/>
  <move id="672" source="H7" target="I7"/>
  <move id="673" source="F3" target="F4"/>
  <move id="674" source="I7" target="I6"/>
  <move id="675" source="F4" target="G4"/>
  <move id="676" source="I6" target="I5"/>
  <move id="677" source="G4" target="H4"/>
  <move id="678" source="I5" target="I6"/>
  <move id="679" source="G3" target="G2"/>
  <move id="680" source="I6" target="I7"/>
  <move id="681" source="H4" target="G4"/>
  <move id="682" source="E6" target="F6"/>
  <move id="683" source="G4" target="F4"/>
  <move id="684" source="I7" target="H7"/>
  <move id="685" source="K2" target="K3"/>
  <move id="686" source="H7" target="I7"/>
  <move id="687" source="F4" target="G4"/>
  <move id="688" source="I7" target="I6"/>
  <move id="689" source="G4" target="H4"/>
  <move id="690" source="F6" target="F5"/>
  <move id="691" source="H4" target="I4"/>
  <move id="692" source="I6" target="I7"/>
  <move id="693" source="I4" target="H4"/>
  <move id="694" source="I7" target="I6"/>
  <move id="695" source="K3" target="K4"/>
  <move id="696" source="D9" target="D8"/>
  <move id="697" source="K4" target="K3"/>
  <move id="698" source="D8" target="D7"/>
  <move id="699" source="K3" target="I3"/>
  <move id="700" source="D7" target="E7"/>
  <move id="701" source="I3" target="H3"/>
  <move id="702" source="E7" target="E6"/>
  <move id="703" source="E4" target="E3"/>
  <move id="704" source="E6" target="E5"/>
  <move id="705" source="H3" target="G3"/>
  <move id="706" source="E5" target="E4"/>
  <move id="707" source="E3" target="F3"/>
  <move id="708" source="E4" target="E3"/>
  <move id="709" source="F3" target="F2"/>
  <move id="710" source="F5" target="F4"/>
  <move id="711" source="A3" target="B3"/>
  <move id="712" source="I6" target="I7"/>
  <move id="713" source="G2" target="H2"/>
  <move id="714" source="I7" target="H7"/>
  <move id="715" source="F2" target="G2"/>
  <move id="716" source="H7" target="G7"/>
  <move id="717" source="B3" target="C3"/>
  <move id="718" source="G7" target="F7"/>
  <move id="719" source="C3" target="D3"/>
  <move id="720" source="E3" target="F3"/>
  <move id="721" source="D3" target="E3"/>
  <move id="722" source="F3" target="F2"/>
  <move id="723" source="F1" target="F2"/>
  <move id="724" source="F7" target="F6"/>
  <move id="725" source="E3" target="E2"/>
  <move id="726" source="F6" target="F5"/>
  <move id="727" source="H4" target="G4"/>
  <move id="728" source="F4" target="F3"/>
  <move id="729" source="F2" target="F1"/>
  <move id="730" source="F5" target="E5"/>
  <move id="731" source="G4" target="F4"/>
  <move id="732" source="F3" target="E3"/>
  <move id="733" source="E2" target="F2"/>
  <move id="734" source="E5" target="E6"/>
  <move id="735" source="G3" target="G4"/>
  <move id="736" source="E6" target="F6"/>
  <move id="737" source="G2" target="G3"/>
  <move id="738" source="F6" target="F7"/>
  <move id="739" source="F2" target="G2"/>
  <move id="740" source="F7" target="G7"/>
  <move id="741" source="G4" target="H4"/>
  <move id="742" source="G7" target="H7"/>
  <move id="743" source="H4" target="H3"/>
  <move id="744" source="H7" target="I7"/>
  <move id="745" source="F4" target="G4"/>
  <move id="746" source="I7" target="I6"/>
  <move id="747" source="G4" target="H4"/>
  <move id="748" source="I6" target="I5"/>
  <move id="749" source="G3" target="G4"/>
  <move id="750" source="E3" target="F3"/>
  <move id="751" source="H3" target="I3"/>
  <move id="752" source="G:" target="G9"/>
  <move id="753" source="G2" target="G3"/>
  <move id="754" source="G9" target="G8"/>
  <move id="755" source="G3" target="G2"/>
  <move id="756" source="G8" target="F8"/>
  <move id="757" source="H2" target="H3"/>
  <move id="758" source="F8" target="F7"/>
  <move id="759" source="G4" target="G3"/>
  <move id="760" source="F3" target="G3"/>
  <move id="761" source="H3" target="G3"/>
  <move id="762" source="F7" target="F6"/>
  <move id="763" source="G3" target="F3"/>
  <move id="764" source="F6" target="E6"/>
  <move id="765" source="I3" target="H3"/>
  <move id="766" source="E6" target="E5"/>
  <move id="767" source="H3" target="G3"/>
  <move id="768" source="E5" target="E4"/>
  <move id="769" source="F3" target="E3"/>
  <move id="770" source="E4" target="D4"/>
  <move id="771" source="C2" target="C3"/>
  <move id="772" source="B9" target="B8"/>
  <move id="773" source="G3" target="F3"/>
  <move id="774" source="B8" target="B7"/>
  <move id="775" source="E3" target="E2"/>
  <move id="776" source="B7" target="B6"/>
  <move id="777" source="F3" target="E3"/>
  <move id="778" source="B6" target="B5"/>
  <move id="779" source="E3" target="D3"/>
  <move id="780" source="D4" target="C4"/>
  <move id="781" source="C3" target="C2"/>
  <move id="782" source="B5" target="B4"/>
  <move id="783" source="D3" target="C3"/>
  <move id="784" source="C4" target="D4"/>
  <move id="785" source="G2" target="F2"/>
  <move id="786" source="B4" target="B3"/>
  <move id="787" source="F2" target="F3"/>
  <move id="788" source="B3" target="B2"/>
  <move id="789" source="C2" target="B2"/>
  <move id="790" source="D4" target="E4"/>
  <move id="791" source="F3" target="E3"/>
  <move id="792" source="E4" target="E5"/>
  <move id="793" source="C3" target="B3"/>
  <move id="794" source="B2" target="B3"/>
  <move id="795" source="B3" target="C3"/>
  <move id="796" source="I5" target="I6"/>
  <move id="797" source="C3" target="D3"/>
  <move id="798" source="I6" target="I7"/>
  <move id="799" source="D3" target="D4"/>
  <move id="800" source="I7" target="H7"/>
  <move id="801" source="H4" target="G4"/>
  <move id="802" source="E5" target="E6"/>
  <move id="803" source="D4" target="E4"/>
  <move id="804" source="E6" target="E7"/>
  <move id="805" source="E4" target="E5"/>
  <move id="806" source="E7" target="D7"/>
  <move id="807" source="E5" target="E6"/>
  <move id="808" source="H7" target="G7"/>
  <move id="809" source="E6" target="E7"/>
  <move id="810" source="D7" target="C7"/>
  <move id="811" source="E7" target="D7"/>
  <move id="812" source="C7" target="B7"/>
  <move id="813" source="D7" target="C7"/>
  <move id="814" source="B7" target="B6"/>
  <move id="815" source="C7" target="B7"/>
  <move id="816" source="B6" target="B5"/>
  <move id="817" source="E3" target="D3"/>
  <move id="818" source="B5" target="B4"/>
  <move id="819" source="D3" target="C3"/>
  <move id="820" source="G7" target="F7"/>
  <move id="821" source="B7" target="B6"/>
  <move id="822" source="F7" target="E7"/>
  <move id="823" source="B6" target="B5"/>
  <move id="824" source="B4" target="A4"/>
  <move id="825" source="B5" target="A5"/>
  <move id="826" source="A4" target="A3"/>
  <move id="827" source="C3" target="B3"/>
  <move id="828" source="A3" target="A2"/>
  <move id="829" source="A5" target="A4"/>
  <move id="830" source="A2" target="A1"/>
  <move id="831" source="B1" target="A1"/>
  <move id="832" source="E7" target="E6"/>
  <move id="833" source="G4" target="F4"/>
  <move id="834" source="E6" target="E5"/>
  <move id="835" source="E2" target="E3"/>
  <move id="836" source="E5" target="E6"/>
  <move id="837" source="F4" target="E4"/>
  <move id="838" source="E6" target="E7"/>
  <move id="839" source="A4" target="A5"/>
  <move id="840" source="E7" target="D7"/>
  <move id="841" source="A5" target="A6"/>
  <move id="842" source="D7" target="C7"/>
  <move id="843" source="E4" target="D4"/>
  <move id="844" source="C7" target="B7"/>
  <move id="845" source="D4" target="C4"/>
  <move id="846" source="B7" target="B6"/>
  <move id="847" source="A6" target="A7"/>
  <move id="848" source="B6" target="B7"/>
  <move id="849" source="A7" target="A8"/>
  <move id="850" source="B7" target="A7"/>
  <move id="851" source="A8" target="B8"/>
  <move id="852" source="A7" target="B7"/>
  <move id="853" source="B8" target="C8"/>
  <move id="854" source="B7" target="C7"/>
  <move id="855" source="C8" target="D8"/>
  <move id="856" source="C7" target="D7"/>
  <move id="857" source="D8" target="E8"/>
  <move id="858" source="D7" target="E7"/>
  <move id="859" source="E8" target="D8"/>
  <move id="860" source="E7" target="E8"/>
  <move id="861" source="D8" target="D7"/>
  <move id="862" source="E8" target="E7"/>
  <move id="863" source="D7" target="D8"/>
  <move id="864" source="E7" target="E6"/>
  <move id="865" source="C4" target="D4"/>
  <move id="866" source="E6" target="E5"/>
  <move id="867" source="D4" target="E4"/>
  <move id="868" source="E5" target="E6"/>
  <move id="869" source="I1" target="I2"/>
  <move id="870" source="E6" target="E7"/>
  <move id="871" source="I2" target="I3"/>
  <move id="872" source="E7" target="F7"/>
  <move id="873" source="I3" target="H3"/>
  <move id="874" source="F7" target="F6"/>
  <move id="875" source="H3" target="G3"/>
  <move id="876" source="F6" target="E6"/>
  <move id="877" source="G3" target="F3"/>
  <move id="878" source="E6" target="E7"/>
  <move id="879" source="F3" target="F4"/>
  <move id="880" source="E7" target="E8"/>
  <move id="881" source="D8" target="D9"/>
  <move id="882" source="E8" target="E9"/>
  <move id="883" source="D9" target="D8"/>
  <move id="884" source="E9" target="E8"/>
  <move id="885" source="D8" target="D7"/>
  <move id="886" source="E8" target="F8"/>
  <move id="887" source="E4" target="E5"/>
  <move id="888" source="F8" target="F7"/>
  <move id="889" source="E5" target="E6"/>
  <move id="890" source="F7" target="G7"/>
  <move id="891" source="F4" target="F5"/>
  <move id="892" source="G7" target="H7"/>
  <move id="893" source="F5" target="F6"/>
  <move id="894" source="H7" target="I7"/>
  <move id="895" source="F6" target="F7"/>
  <move id="896" source="I7" target="I6"/>
  <move id="897" source="E6" target="E5"/>
  <move id="898" source="I6" target="I5"/>
  <move id="899" source="E5" target="F5"/>
  <move id="900" source="I5" target="I4"/>
  <move id="901" source="F5" target="F4"/>
  <move id="902" source="I4" target="H4"/>
  <move id="903" source="F4" target="G4"/>
  <move id="904" source="H4" target="I4"/>
  <move id="905" source="F7" target="F8"/>
  <move id="906" source="I4" target="I5"/>
  <move id="907" source="F8" target="E8"/>
  <move id="908" source="I5" target="I6"/>
  <move id="909" source="E8" target="D8"/>
  <move id="910" source="I6" target="I7"/>
  <move id="911" source="D7" target="C7"/>
  <move id="912" source="I7" target="H7"/>
  <move id="913" source="D8" target="C8"/>
  <move id="914" source="H7" target="H8"/>
  <move id="915" source="C8" target="C9"/>
  <move id="916" source="H8" target="G8"/>
  <move id="917" source="C9" target="C:"/>
  <move id="918" source="G8" target="F8"/>
  <move id="919" source="C7" target="C8"/>
  <move id="920" source="F8" target="E8"/>
  <move id="921" source="C8" target="C9"/>
  <move id="922" source="E8" target="D8"/>
  <move id="923" source="C9" target="C:"/>
  <move id="924" source="D8" target="C8"/>
  <move id="925" source="C:" target="D:"/>
  <move id="926" source="C8" target="C7"/>
  <move id="927" source="G4" target="F4"/>
  <move id="928" source="C7" target="B7"/>
  <move id="929" source="F4" target="E4"/>
  <move id="930" source="B7" target="B6"/>
  <move id="931" source="E4" target="D4"/>
  <move id="932" source="B6" target="B5"/>
  <move id="933" source="D4" target="C4"/>
  <move id="934" source="B5" target="B6"/>
  <move id="935" source="E3" target="E4"/>
  <move id="936" source="B6" target="B7"/>
  <move id="937" source="E4" target="E5"/>
  <move id="938" source="B7" target="C7"/>
  <move id="939" source="E5" target="F5"/>
  <move id="940" source="C7" target="D7"/>
  <move id="941" source="F5" target="F6"/>
  <move id="942" source="D7" target="E7"/>
  <move id="943" source="C4" target="D4"/>
  <move id="944" source="E7" target="F7"/>
  <move id="945" source="F6" target="E6"/>
  <move id="946" source="F7" target="F6"/>
  <move id="947" source="E6" target="E7"/>
  <move id="948" source="F6" target="F7"/>
  <move id="949" source="E7" target="D7"/>
  <move id="950" source="F7" target="E7"/>
  <move id="951" source="D7" target="C7"/>
  <move id="952" source="E7" target="D7"/>
  <move id="953" source="C7" target="B7"/>
  <move id="954" source="D7" target="C7"/>
  <move id="955" source="B7" target="B8"/>
  <move id="956" source="C7" target="B7"/>
  <move id="957" source="B8" target="B9"/>
  <move id="958" source="B7" target="B6"/>
  <move id="959" source="B9" target="B:"/>
  <move id="960" source="B6" target="B5"/>
  <move id="961" source="D4" target="C4"/>
  <move id="962" source="B5" target="B6"/>
  <move id="963" source="B3" target="A3"/>
  <move id="964" source="B6" target="B7"/>
  <move id="965" source="A3" target="A4"/>
  <move id="966" source="B7" target="C7"/>
  <move id="967" source="A4" target="A5"/>
  <move id="968" source="C7" target="D7"/>
  <move id="969" source="A5" target="A6"/>
  <move id="970" source="D7" target="E7"/>
  <move id="971" source="A6" target="A7"/>
  <move id="972" source="E7" target="F7"/>
  <move id="973" source="C4" target="D4"/>
  <move id="974" source="F7" target="F6"/>
  <move id="975" source="A7" target="A8"/>
  <move id="976" source="F6" target="F7"/>
  <move id="977" source="A8" target="A9"/>
  <move id="978" source="F7" target="G7"/>
  <move id="979" source="A9" target="B9"/>
  <move id="980" source="G7" target="H7"/>
  <move id="981" source="B9" target="C9"/>
  <move id="982" source="H7" target="I7"/>
  <move id="983" source="C9" target="D9"/>
  <move id="984" source="I7" target="I6"/>
  <move id="985" source="D4" target="E4"/>
  <move id="986" source="I6" target="I5"/>
  <move id="987" source="K1" target="K:"/>
  <move id="988" source="I5" target="I4"/>
  <move id="989" source="K:" target="H:"/>
  <move id="990" source="I4" target="I3"/>
  <move id="991" source="E4" target="F4"/>
  <move id="992" source="I3" target="I2"/>
  <move id="993" source="F4" target="F3"/>
  <move id="994" source="I2" target="H2"/>
  <move id="995" source="F3" target="G3"/>
  <player id="1">Player 1</player>
  <player id="2">Player 2</player>
  <result type="3" winner="1"/>
 </game>
</stratego>