<?xml version="1.0" encoding="UTF-8"?>
<stratego>
 <game type="classic">
  
  <field content="FDDEDDEDGEBFBHIEIGDHFBBMLDCIEDBBFJHGJKGHAA__AA__AAAA__AA__AAPPUQPPTNPPSTWSTUOVTRNRVPNQSXRSYNQNRPQNUQ"/>
  <move id="1" source="K4" target="K5"/>
  <move id="2" source="B7" target="B6"/>
  <move id="3" source="K5" target="K6"/>
  <move id="4" source="B8" target="B7"/>
  <move id="5" source="E4" target="E5"/>
  <move id="6" source="B6" target="B5"/>
  <move id="7" source="E5" target="E6"/>
  <move id="8" source="B7" target="B6"/>
  <move id="9" source="E3" target="E4"/>
  <move id="10" source="A7" target="A6"/>
  <move id="11" source="E4" target="E5"/>
  <move id="12" source="B5" target="B4"/>
  <move id="13" source="F4" target="F5"/>
  <move id="14" source="A6" target="A4"/>
  <move id="15" source="I4" target="I5"/>
  <move id="16" source="B6" target="B5"/>
  <move id="17" source="F5" target="F6"/>
  <move id="18" source="C7" target="B7"/>
  <move id="19" source="E6" target="E7"/>
  <move id="20" source="E8" target="E7"/>
  <move id="21" source="E5" target="E6"/>
  <move id="22" source="B7" target="B8"/>
  <move id="23" source="E6" target="E7"/>
  <move id="24" source="D7" target="C7"/>
  <move id="25" source="F6" target="F7"/>
  <move id="26" source="G7" target="F7"/>
  <move id="27" source="E7" target="E8"/>
  <move id="28" source="C7" target="B7"/>
  <move id="29" source="G4" target="F4"/>
  <move id="30" source="B7" target="A7"/>
  <move id="31" source="F4" target="F5"/>
  <move id="32" source="A7" target="A6"/>
  <move id="33" source="F5" target="F6"/>
  <move id="34" source="F7" target="G7"/>
  <move id="35" source="E8" target="E7"/>
  <move id="36" source="A6" target="A5"/>
  <move id="37" source="F6" target="E6"/>
  <move id="38" source="A5" target="A4"/>
  <move id="39" source="A3" target="A4"/>
  <move id="40" source="B5" target="A5"/>
  <move id="41" source="F3" target="F8"/>
  <move id="42" source="A5" target="A4"/>
  <move id="43" source="E2" target="E3"/>
  <move id="44" source="A4" target="A3"/>
  <move id="45" source="E3" target="E4"/>
  <move id="46" source="A3" target="B3"/>
  <move id="47" source="E7" target="D7"/>
  <move id="48" source="K7" target="K6"/>
  <move id="49" source="E4" target="E5"/>
  <move id="50" source="I7" target="I5"/>
  <move id="51" source="K6" target="K7"/>
  <move id="52" source="D8" target="E8"/>
  <move id="53" source="E5" target="F5"/>
  <move id="54" source="D9" target="D7"/>
  <move id="55" source="D7" target="E7"/>
  <move id="56" source="E8" target="D8"/>
  <move id="57" source="F5" target="F6"/>
  <move id="58" source="A8" target="A7"/>
  <move id="59" source="F6" target="F7"/>
  <move id="60" source="A7" target="A6"/>
  <move id="61" source="F7" target="F8"/>
  <move id="62" source="A6" target="A5"/>
  <move id="63" source="E1" target="E5"/>
  <move id="64" source="A5" target="A4"/>
  <move id="65" source="E5" target="F5"/>
  <move id="66" source="A4" target="A3"/>
  <move id="67" source="F5" target="F9"/>
  <move id="68" source="C8" target="C7"/>
  <move id="69" source="F2" target="F3"/>
  <move id="70" source="C7" target="B7"/>
  <move id="71" source="F3" target="F4"/>
  <move id="72" source="F9" target="F8"/>
  <move id="73" source="F4" target="F5"/>
  <move id="74" source="G9" target="F9"/>
  <move id="75" source="F5" target="F6"/>
  <move id="76" source="H9" target="G9"/>
  <move id="77" source="E7" target="D7"/>
  <move id="78" source="D8" target="D9"/>
  <move id="79" source="E6" target="E7"/>
  <move id="80" source="B7" target="A7"/>
  <move id="81" source="E7" target="F7"/>
  <move id="82" source="A7" target="A6"/>
  <move id="83" source="D7" target="E7"/>
  <move id="84" source="A6" target="A5"/>
  <move id="85" source="E7" target="E8"/>
  <move id="86" source="A5" target="A4"/>
  <move id="87" source="F7" target="F8"/>
  <move id="88" source="A3" target="A2"/>
  <move id="89" source="F8" target="F7"/>
  <move id="90" source="I8" target="I7"/>
  <move id="91" source="K7" target="K8"/>
  <move id="92" source="I7" target="I6"/>
  <move id="93" source="K8" target="K9"/>
  <move id="94" source="I6" target="I5"/>
  <move id="95" source="K3" target="K7"/>
  <move id="96" source="H8" target="I8"/>
  <move id="97" source="K7" target="H7"/>
  <move id="98" source="I8" target="K8"/>
  <move id="99" source="K9" target="K:"/>
  <move id="100" source="I:" target="K:"/>
  <move id="101" source="K2" target="K3"/>
  <move id="102" source="K:" target="I:"/>
  <move id="103" source="K3" target="K4"/>
  <move id="104" source="K8" target="I8"/>
  <move id="105" source="K4" target="K5"/>
  <move id="106" source="I5" target="K5"/>
  <move id="107" source="D1" target="E1"/>
  <move id="108" source="I8" target="I7"/>
  <move id="109" source="D2" target="E2"/>
  <move id="110" source="I7" target="I6"/>
  <move id="111" source="I3" target="I4"/>
  <move id="112" source="I6" target="I5"/>
  <move id="113" source="E2" target="E3"/>
  <move id="114" source="I5" target="I4"/>
  <move id="115" source="H4" target="I4"/>
  <move id="116" source="F9" target="F8"/>
  <move id="117" source="E8" target="F8"/>
  <move id="118" source="G8" target="F8"/>
  <move id="119" source="F7" target="G7"/>
  <move id="120" source="A4" target="A5"/>
  <move id="121" source="I4" target="H4"/>
  <move id="122" source="A5" target="B5"/>
  <move id="123" source="F6" target="F7"/>
  <move id="124" source="G9" target="G8"/>
  <move id="125" source="H4" target="G4"/>
  <move id="126" source="B5" target="B6"/>
  <move id="127" source="G4" target="F4"/>
  <move id="128" source="B6" target="B7"/>
  <move id="129" source="F7" target="F8"/>
  <move id="130" source="G8" target="G7"/>
  <move id="131" source="F8" target="F9"/>
  <move id="132" source="B7" target="C7"/>
  <move id="133" source="I2" target="I3"/>
  <move id="134" source="C7" target="D7"/>
  <move id="135" source="I3" target="I4"/>
  <move id="136" source="G7" target="G8"/>
  <move id="137" source="F9" target="F:"/>
  <move id="138" source="E:" target="F:"/>
  <move id="139" source="I4" target="I5"/>
  <move id="140" source="G8" target="H8"/>
  <move id="141" source="F4" target="F5"/>
  <move id="142" source="H8" target="I8"/>
  <move id="143" source="F5" target="F6"/>
  <move id="144" source="D7" target="E7"/>
  <move id="145" source="F6" target="F7"/>
  <move id="146" source="E7" target="F7"/>
  <move id="147" source="D4" target="E4"/>
  <move id="148" source="C9" target="C8"/>
  <move id="149" source="E4" target="E5"/>
  <move id="150" source="C8" target="D8"/>
  <move id="151" source="E5" target="E6"/>
  <move id="152" source="D8" target="E8"/>
  <move id="153" source="E6" target="E7"/>
  <move id="154" source="E8" target="E7"/>
  <move id="155" source="I5" target="I4"/>
  <move id="156" source="B8" target="C8"/>
  <move id="157" source="I4" target="H4"/>
  <move id="158" source="C8" target="D8"/>
  <move id="159" source="G2" target="F2"/>
  <move id="160" source="D8" target="E8"/>
  <move id="161" source="F2" target="F3"/>
  <move id="162" source="E8" target="E7"/>
  <move id="163" source="F3" target="F4"/>
  <move id="164" source="E7" target="E6"/>
  <move id="165" source="F4" target="F5"/>
  <move id="166" source="I:" target="K:"/>
  <move id="167" source="F5" target="E5"/>
  <move id="168" source="E6" target="F6"/>
  <move id="169" source="H4" target="I4"/>
  <move id="170" source="K:" target="K9"/>
  <move id="171" source="H3" target="H4"/>
  <move id="172" source="K9" target="K8"/>
  <move id="173" source="H4" target="G4"/>
  <move id="174" source="K8" target="K7"/>
  <move id="175" source="G4" target="F4"/>
  <move id="176" source="K7" target="K6"/>
  <move id="177" source="E5" target="E6"/>
  <move id="178" source="F6" target="F5"/>
  <move id="179" source="E6" target="E7"/>
  <move id="180" source="F5" target="F4"/>
  <move id="181" source="E7" target="E8"/>
  <move id="182" source="K6" target="I6"/>
  <move id="183" source="E8" target="F8"/>
  <move id="184" source="I6" target="I5"/>
  <move id="185" source="F8" target="F9"/>
  <move id="186" source="I5" target="I4"/>
  <move id="187" source="F9" target="F:"/>
  <move id="188" source="I4" target="H4"/>
  <move id="189" source="F:" target="F9"/>
  <move id="190" source="H4" target="G4"/>
  <move id="191" source="G3" target="H3"/>
  <move id="192" source="G4" target="G3"/>
  <move id="193" source="H3" target="H4"/>
  <move id="194" source="G3" target="F3"/>
  <move id="195" source="E3" target="E4"/>
  <move id="196" source="F3" target="E3"/>
  <move id="197" source="E4" target="E5"/>
  <move id="198" source="E3" target="E2"/>
  <move id="199" source="F1" target="F8"/>
  <move id="200" source="E2" target="E1"/>
  <move id="201" source="F8" target="G8"/>
  <move id="202" source="I8" target="H8"/>
  <move id="203" source="G8" target="G:"/>
  <move id="204" source="H8" target="G8"/>
  <move id="205" source="H4" target="I4"/>
  <move id="206" source="I9" target="H9"/>
  <move id="207" source="K1" target="K2"/>
  <move id="208" source="E1" target="F1"/>
  <move id="209" source="K2" target="K3"/>
  <move id="210" source="F1" target="F2"/>
  <move id="211" source="K3" target="K4"/>
  <move id="212" source="F2" target="G2"/>
  <move id="213" source="K4" target="K5"/>
  <move id="214" source="G2" target="G3"/>
  <move id="215" source="K5" target="K6"/>
  <move id="216" source="G3" target="G4"/>
  <move id="217" source="K6" target="K7"/>
  <move id="218" source="G4" target="H4"/>
  <move id="219" source="I4" target="I3"/>
  <move id="220" source="H4" target="I4"/>
  <move id="221" source="I3" target="H3"/>
  <move id="222" source="I4" target="I3"/>
  <move id="223" source="H3" target="H4"/>
  <move id="224" source="I3" target="I4"/>
  <move id="225" source="H4" target="G4"/>
  <move id="226" source="I4" target="H4"/>
  <move id="227" source="G4" target="G3"/>
  <move id="228" source="H4" target="H3"/>
  <move id="229" source="G3" target="F3"/>
  <move id="230" source="H3" target="G3"/>
  <move id="231" source="F3" target="F4"/>
  <move id="232" source="G3" target="G4"/>
  <move id="233" source="F4" target="F3"/>
  <move id="234" source="G4" target="F4"/>
  <move id="235" source="F3" target="F2"/>
  <move id="236" source="F4" target="F3"/>
  <move id="237" source="F2" target="E2"/>
  <move id="238" source="F3" target="E3"/>
  <move id="239" source="E2" target="F2"/>
  <move id="240" source="E3" target="F3"/>
  <move id="241" source="F2" target="G2"/>
  <move id="242" source="F3" target="G3"/>
  <move id="243" source="G2" target="F2"/>
  <move id="244" source="G3" target="F3"/>
  <move id="245" source="F2" target="E2"/>
  <move id="246" source="F3" target="F2"/>
  <move id="247" source="E2" target="E3"/>
  <move id="248" source="F2" target="E2"/>
  <move id="249" source="E3" target="F3"/>
  <move id="250" source="E2" target="E3"/>
  <move id="251" source="F3" target="G3"/>
  <move id="252" source="E3" target="E4"/>
  <move id="253" source="E5" target="E6"/>
  <move id="254" source="E4" target="E5"/>
  <move id="255" source="E6" target="E7"/>
  <move id="256" source="E5" target="E6"/>
  <move id="257" source="E7" target="D7"/>
  <move id="258" source="E6" target="E7"/>
  <move id="259" source="D7" target="C7"/>
  <move id="260" source="E7" target="D7"/>
  <move id="261" source="C7" target="C8"/>
  <move id="262" source="D7" target="C7"/>
  <move id="263" source="C8" target="D8"/>
  <move id="264" source="C7" target="C8"/>
  <move id="265" source="D8" target="E8"/>
  <move id="266" source="C8" target="D8"/>
  <move id="267" source="E8" target="E7"/>
  <move id="268" source="D8" target="D7"/>
  <move id="269" source="E7" target="E8"/>
  <move id="270" source="D7" target="E7"/>
  <move id="271" source="E8" target="D8"/>
  <move id="272" source="E7" target="E6"/>
  <move id="273" source="K7" target="K8"/>
  <move id="274" source="E6" target="E5"/>
  <move id="275" source="K8" target="K9"/>
  <move id="276" source="E5" target="E4"/>
  <move id="277" source="K9" target="K:"/>
  <move id="278" source="E4" target="D4"/>
  <move id="279" source="K:" target="I:"/>
  <move id="280" source="D4" target="D3"/>
  <player id="1">Player 1</player>
  <player id="2">Player 2</player>
  <result type="1" winner="2"/>
 </game>
</stratego>