<?xml version="1.0" encoding="UTF-8"?>
<stratego>
 <game type="classic">
  
  <field content="FGBFBEBEDMDEBEBFBEDHHDIDHCJJDKFGDDGIGLHIAA__AA__AAAA__AA__AASTTNRPPPSPUXWTNSPSUPQOVNRNRQQTQYVUNQNRPP"/>
  <move id="1" source="K4" target="K5"/>
  <move id="2" source="B7" target="B6"/>
  <move id="3" source="K5" target="K6"/>
  <move id="4" source="K7" target="K6"/>
  <move id="5" source="I4" target="I5"/>
  <move id="6" source="B8" target="B7"/>
  <move id="7" source="I5" target="I6"/>
  <move id="8" source="B6" target="B5"/>
  <move id="9" source="I3" target="I4"/>
  <move id="10" source="B7" target="B6"/>
  <move id="11" source="I4" target="I5"/>
  <move id="12" source="A7" target="A6"/>
  <move id="13" source="H3" target="I3"/>
  <move id="14" source="A6" target="A5"/>
  <move id="15" source="K6" target="K7"/>
  <move id="16" source="A5" target="A4"/>
  <move id="17" source="A3" target="A4"/>
  <move id="18" source="B5" target="B4"/>
  <move id="19" source="A4" target="B4"/>
  <move id="20" source="C8" target="B8"/>
  <move id="21" source="C4" target="B4"/>
  <move id="22" source="C7" target="B7"/>
  <move id="23" source="B4" target="B5"/>
  <move id="24" source="B7" target="A7"/>
  <move id="25" source="B5" target="A5"/>
  <move id="26" source="B6" target="A6"/>
  <move id="27" source="A5" target="B5"/>
  <move id="28" source="A6" target="B6"/>
  <move id="29" source="B5" target="B4"/>
  <move id="30" source="B6" target="B5"/>
  <move id="31" source="C3" target="C4"/>
  <move id="32" source="A7" target="A6"/>
  <move id="33" source="B4" target="A4"/>
  <move id="34" source="B5" target="B4"/>
  <move id="35" source="C4" target="B4"/>
  <move id="36" source="B4" target="A4"/>
  <move id="37" source="K7" target="K8"/>
  <move id="38" source="I8" target="K8"/>
  <move id="39" source="I5" target="K5"/>
  <move id="40" source="A4" target="B4"/>
  <move id="41" source="I6" target="I7"/>
  <move id="42" source="K9" target="K8"/>
  <move id="43" source="I3" target="I4"/>
  <move id="44" source="F7" target="F6"/>
  <move id="45" source="I4" target="I5"/>
  <move id="46" source="G7" target="F7"/>
  <move id="47" source="I5" target="I6"/>
  <move id="48" source="H7" target="G7"/>
  <move id="49" source="I6" target="K6"/>
  <move id="50" source="F6" target="E6"/>
  <move id="51" source="K6" target="K7"/>
  <move id="52" source="K8" target="I8"/>
  <move id="53" source="K5" target="K6"/>
  <move id="54" source="I8" target="I7"/>
  <move id="55" source="K7" target="K8"/>
  <move id="56" source="A6" target="A5"/>
  <move id="57" source="K6" target="K7"/>
  <move id="58" source="A5" target="A4"/>
  <move id="59" source="K7" target="I7"/>
  <move id="60" source="A4" target="A3"/>
  <move id="61" source="K8" target="K9"/>
  <move id="62" source="A3" target="B3"/>
  <move id="63" source="E4" target="E5"/>
  <move id="64" source="B3" target="B2"/>
  <move id="65" source="D3" target="C3"/>
  <move id="66" source="B2" target="B1"/>
  <move id="67" source="A2" target="A8"/>
  <move id="68" source="B1" target="A1"/>
  <move id="69" source="D4" target="C4"/>
  <move id="70" source="A1" target="B1"/>
  <move id="71" source="I7" target="I9"/>
  <move id="72" source="B1" target="B2"/>
  <move id="73" source="K9" target="I9"/>
  <move id="74" source="B2" target="C2"/>
  <move id="75" source="I2" target="I3"/>
  <move id="76" source="D8" target="C8"/>
  <move id="77" source="I3" target="I4"/>
  <move id="78" source="C8" target="C7"/>
  <move id="79" source="I4" target="I5"/>
  <move id="80" source="C7" target="B7"/>
  <move id="81" source="E3" target="D3"/>
  <move id="82" source="B7" target="B6"/>
  <move id="83" source="F4" target="F5"/>
  <move id="84" source="B6" target="A6"/>
  <move id="85" source="G4" target="F4"/>
  <move id="86" source="A6" target="A5"/>
  <move id="87" source="F4" target="E4"/>
  <move id="88" source="A5" target="A4"/>
  <move id="89" source="E4" target="D4"/>
  <move id="90" source="A4" target="A3"/>
  <move id="91" source="I5" target="I6"/>
  <move id="92" source="A3" target="B3"/>
  <move id="93" source="I6" target="I7"/>
  <move id="94" source="A8" target="A7"/>
  <move id="95" source="I7" target="I8"/>
  <move id="96" source="A7" target="B7"/>
  <move id="97" source="I8" target="H8"/>
  <move id="98" source="A9" target="A8"/>
  <move id="99" source="K2" target="I2"/>
  <move id="100" source="A8" target="A7"/>
  <move id="101" source="I2" target="I3"/>
  <move id="102" source="A7" target="A6"/>
  <move id="103" source="I3" target="I4"/>
  <move id="104" source="A6" target="A5"/>
  <move id="105" source="I4" target="I5"/>
  <move id="106" source="A5" target="A4"/>
  <move id="107" source="I5" target="I6"/>
  <move id="108" source="A4" target="A3"/>
  <move id="109" source="I6" target="I7"/>
  <move id="110" source="A3" target="A2"/>
  <move id="111" source="I7" target="H7"/>
  <move id="112" source="A2" target="A1"/>
  <move id="113" source="I9" target="I8"/>
  <move id="114" source="B3" target="B2"/>
  <move id="115" source="H7" target="H8"/>
  <move id="116" source="B2" target="B1"/>
  <move id="117" source="H8" target="H7"/>
  <move id="118" source="B1" target="C1"/>
  <move id="119" source="H2" target="I2"/>
  <move id="120" source="A1" target="B1"/>
  <move id="121" source="I2" target="K2"/>
  <move id="122" source="B1" target="C1"/>
  <move id="123" source="D1" target="C1"/>
  <move id="124" source="B7" target="A7"/>
  <move id="125" source="K3" target="K4"/>
  <move id="126" source="A7" target="A6"/>
  <move id="127" source="K4" target="K5"/>
  <move id="128" source="A6" target="A5"/>
  <move id="129" source="H7" target="G7"/>
  <move id="130" source="A5" target="A4"/>
  <move id="131" source="G7" target="F7"/>
  <move id="132" source="A4" target="A3"/>
  <move id="133" source="H4" target="G4"/>
  <move id="134" source="A3" target="A2"/>
  <move id="135" source="E5" target="E6"/>
  <move id="136" source="A2" target="A1"/>
  <move id="137" source="D2" target="D1"/>
  <move id="138" source="A1" target="B1"/>
  <move id="139" source="E6" target="E7"/>
  <move id="140" source="B1" target="B2"/>
  <move id="141" source="K5" target="K6"/>
  <move id="142" source="B4" target="A4"/>
  <move id="143" source="K6" target="K7"/>
  <move id="144" source="A4" target="A3"/>
  <move id="145" source="C4" target="B4"/>
  <move id="146" source="A3" target="A2"/>
  <move id="147" source="E7" target="D7"/>
  <move id="148" source="A2" target="A1"/>
  <move id="149" source="D1" target="D2"/>
  <move id="150" source="A1" target="B1"/>
  <move id="151" source="C1" target="D1"/>
  <move id="152" source="B1" target="C1"/>
  <move id="153" source="B4" target="B8"/>
  <move id="154" source="C1" target="D1"/>
  <move id="155" source="F7" target="F8"/>
  <move id="156" source="D1" target="E1"/>
  <move id="157" source="D4" target="C4"/>
  <player id="1">Player 1</player>
  <player id="2">Player 2</player>
  <result type="3" winner="1"/>
 </game>
</stratego>