<?xml version="1.0" encoding="UTF-8"?>
<stratego>
 <game type="classic">
  
  <field content="EBFEMFFBEBDDEBBBCEDGHJHDHJFDHIDDILGGKIGDAA__AA__AAAA__AA__AASNPXRUSQTVUVQTPRNPPNSRNTQTPSUPNOQPYRWPQN"/>
  <move id="1" source="E4" target="E5"/>
  <move id="2" source="I7" target="I6"/>
  <move id="3" source="E5" target="E6"/>
  <move id="4" source="I6" target="K6"/>
  <move id="5" source="E6" target="E7"/>
  <move id="6" source="F7" target="E7"/>
  <move id="7" source="F4" target="F5"/>
  <move id="8" source="A7" target="A6"/>
  <move id="9" source="F5" target="F6"/>
  <move id="10" source="I8" target="I7"/>
  <move id="11" source="G4" target="F4"/>
  <move id="12" source="I7" target="I6"/>
  <move id="13" source="F4" target="F5"/>
  <move id="14" source="G7" target="F7"/>
  <move id="15" source="G3" target="G4"/>
  <move id="16" source="I6" target="I5"/>
  <move id="17" source="G4" target="F4"/>
  <move id="18" source="A6" target="A5"/>
  <move id="19" source="F4" target="E4"/>
  <move id="20" source="H7" target="I7"/>
  <move id="21" source="E4" target="E5"/>
  <move id="22" source="I5" target="K5"/>
  <move id="23" source="E5" target="E6"/>
  <move id="24" source="I7" target="I6"/>
  <move id="25" source="B4" target="B7"/>
  <move id="26" source="A5" target="A4"/>
  <move id="27" source="A3" target="A4"/>
  <move id="28" source="A8" target="A7"/>
  <move id="29" source="A4" target="B4"/>
  <move id="30" source="A7" target="A6"/>
  <move id="31" source="A2" target="A6"/>
  <move id="32" source="A6" target="A5"/>
  <move id="33" source="E3" target="E4"/>
  <move id="34" source="I6" target="I7"/>
  <move id="35" source="E4" target="E5"/>
  <move id="36" source="I7" target="I8"/>
  <move id="37" source="H3" target="G3"/>
  <move id="38" source="H8" target="H7"/>
  <move id="39" source="G3" target="G4"/>
  <move id="40" source="H7" target="I7"/>
  <move id="41" source="G4" target="F4"/>
  <move id="42" source="I7" target="I4"/>
  <move id="43" source="F4" target="E4"/>
  <move id="44" source="K6" target="I6"/>
  <move id="45" source="I3" target="H3"/>
  <move id="46" source="K5" target="K6"/>
  <move id="47" source="E4" target="E3"/>
  <move id="48" source="I6" target="I5"/>
  <move id="49" source="K4" target="K6"/>
  <move id="50" source="F7" target="G7"/>
  <move id="51" source="H3" target="G3"/>
  <move id="52" source="I8" target="I7"/>
  <move id="53" source="G3" target="G4"/>
  <move id="54" source="I7" target="I6"/>
  <move id="55" source="G4" target="F4"/>
  <move id="56" source="I6" target="K6"/>
  <move id="57" source="I4" target="K4"/>
  <move id="58" source="I5" target="K5"/>
  <move id="59" source="F4" target="E4"/>
  <move id="60" source="K5" target="K4"/>
  <move id="61" source="K3" target="K4"/>
  <move id="62" source="K6" target="K5"/>
  <move id="63" source="K4" target="I4"/>
  <move id="64" source="K5" target="I5"/>
  <move id="65" source="I4" target="I3"/>
  <move id="66" source="I5" target="I4"/>
  <move id="67" source="I3" target="H3"/>
  <move id="68" source="I4" target="I3"/>
  <move id="69" source="H3" target="G3"/>
  <move id="70" source="K7" target="K6"/>
  <move id="71" source="I2" target="I3"/>
  <move id="72" source="I3" target="K3"/>
  <move id="73" source="K2" target="K3"/>
  <move id="74" source="K6" target="K5"/>
  <move id="75" source="K3" target="I3"/>
  <move id="76" source="K5" target="I5"/>
  <move id="77" source="I3" target="I4"/>
  <move id="78" source="I5" target="I6"/>
  <move id="79" source="B3" target="A3"/>
  <move id="80" source="G7" target="H7"/>
  <move id="81" source="B4" target="B3"/>
  <move id="82" source="A5" target="A6"/>
  <move id="83" source="C4" target="B4"/>
  <move id="84" source="A6" target="A7"/>
  <move id="85" source="B4" target="B5"/>
  <move id="86" source="H7" target="I7"/>
  <move id="87" source="B5" target="B6"/>
  <move id="88" source="I7" target="K7"/>
  <move id="89" source="A3" target="A4"/>
  <move id="90" source="K7" target="K6"/>
  <move id="91" source="A4" target="A5"/>
  <move id="92" source="K6" target="K5"/>
  <move id="93" source="F5" target="F4"/>
  <move id="94" source="E7" target="F7"/>
  <move id="95" source="F6" target="F5"/>
  <move id="96" source="D7" target="E7"/>
  <move id="97" source="B3" target="B4"/>
  <move id="98" source="E7" target="E6"/>
  <move id="99" source="I4" target="I3"/>
  <move id="100" source="E6" target="F6"/>
  <move id="101" source="F4" target="G4"/>
  <move id="102" source="F6" target="F5"/>
  <move id="103" source="H4" target="I4"/>
  <move id="104" source="I6" target="I7"/>
  <move id="105" source="E5" target="E6"/>
  <move id="106" source="F5" target="F6"/>
  <move id="107" source="E6" target="E7"/>
  <move id="108" source="F7" target="E7"/>
  <move id="109" source="I4" target="K4"/>
  <move id="110" source="K5" target="I5"/>
  <move id="111" source="I3" target="I4"/>
  <move id="112" source="I7" target="H7"/>
  <move id="113" source="G3" target="H3"/>
  <move id="114" source="E7" target="D7"/>
  <move id="115" source="K4" target="K5"/>
  <move id="116" source="I5" target="I4"/>
  <move id="117" source="K5" target="K6"/>
  <move id="118" source="H7" target="H8"/>
  <move id="119" source="K6" target="K7"/>
  <move id="120" source="E8" target="E7"/>
  <move id="121" source="K7" target="I7"/>
  <move id="122" source="E7" target="I7"/>
  <move id="123" source="I7" target="I6"/>
  <move id="124" source="H8" target="I8"/>
  <move id="125" source="I6" target="I5"/>
  <move id="126" source="I8" target="I7"/>
  <move id="127" source="I5" target="I4"/>
  <move id="128" source="I7" target="I6"/>
  <move id="129" source="G4" target="H4"/>
  <move id="130" source="I6" target="I5"/>
  <move id="131" source="I4" target="I3"/>
  <move id="132" source="F6" target="F5"/>
  <move id="133" source="H4" target="I4"/>
  <move id="134" source="I5" target="I6"/>
  <move id="135" source="I4" target="I5"/>
  <move id="136" source="I6" target="I7"/>
  <move id="137" source="I5" target="I6"/>
  <move id="138" source="I7" target="H7"/>
  <move id="139" source="I6" target="I7"/>
  <move id="140" source="H7" target="G7"/>
  <move id="141" source="I7" target="H7"/>
  <move id="142" source="G7" target="F7"/>
  <move id="143" source="H7" target="G7"/>
  <move id="144" source="F7" target="F6"/>
  <move id="145" source="G7" target="F7"/>
  <move id="146" source="F6" target="E6"/>
  <move id="147" source="F7" target="E7"/>
  <move id="148" source="F5" target="F6"/>
  <move id="149" source="I3" target="I2"/>
  <move id="150" source="E6" target="E5"/>
  <move id="151" source="H3" target="H4"/>
  <move id="152" source="F8" target="E8"/>
  <move id="153" source="E4" target="F4"/>
  <move id="154" source="E5" target="F5"/>
  <move id="155" source="F4" target="G4"/>
  <move id="156" source="F5" target="F4"/>
  <move id="157" source="G4" target="G3"/>
  <move id="158" source="F4" target="G4"/>
  <move id="159" source="H4" target="I4"/>
  <move id="160" source="G4" target="H4"/>
  <move id="161" source="I4" target="K4"/>
  <move id="162" source="H4" target="I4"/>
  <move id="163" source="K4" target="K5"/>
  <move id="164" source="F6" target="F7"/>
  <move id="165" source="E7" target="E6"/>
  <move id="166" source="F7" target="G7"/>
  <move id="167" source="E3" target="E4"/>
  <move id="168" source="G7" target="H7"/>
  <move id="169" source="E4" target="I4"/>
  <move id="170" source="H7" target="I7"/>
  <move id="171" source="G3" target="H3"/>
  <move id="172" source="I7" target="K7"/>
  <move id="173" source="H3" target="I3"/>
  <move id="174" source="K7" target="K6"/>
  <move id="175" source="D3" target="E3"/>
  <move id="176" source="K6" target="K5"/>
  <move id="177" source="I3" target="H3"/>
  <move id="178" source="K5" target="K4"/>
  <move id="179" source="H3" target="G3"/>
  <move id="180" source="K4" target="K3"/>
  <move id="181" source="G3" target="G4"/>
  <move id="182" source="K3" target="I3"/>
  <move id="183" source="G4" target="F4"/>
  <move id="184" source="I4" target="K4"/>
  <move id="185" source="G2" target="G3"/>
  <move id="186" source="K4" target="K3"/>
  <move id="187" source="G3" target="H3"/>
  <move id="188" source="I3" target="I4"/>
  <move id="189" source="F3" target="G3"/>
  <move id="190" source="K3" target="K2"/>
  <move id="191" source="I2" target="I3"/>
  <move id="192" source="I4" target="I3"/>
  <move id="193" source="H3" target="I3"/>
  <move id="194" source="K2" target="K3"/>
  <move id="195" source="I3" target="H3"/>
  <move id="196" source="H9" target="H8"/>
  <move id="197" source="G3" target="G4"/>
  <move id="198" source="K3" target="K4"/>
  <move id="199" source="E6" target="E7"/>
  <move id="200" source="H8" target="H7"/>
  <move id="201" source="E7" target="E8"/>
  <move id="202" source="H:" target="H8"/>
  <move id="203" source="E3" target="E7"/>
  <move id="204" source="H8" target="I8"/>
  <move id="205" source="E7" target="D7"/>
  <move id="206" source="D8" target="E8"/>
  <move id="207" source="E8" target="D8"/>
  <move id="208" source="D7" target="E7"/>
  <move id="209" source="D8" target="D7"/>
  <move id="210" source="E7" target="E8"/>
  <move id="211" source="F4" target="F5"/>
  <move id="212" source="H7" target="I7"/>
  <move id="213" source="F5" target="F6"/>
  <move id="214" source="G:" target="H:"/>
  <move id="215" source="F6" target="F7"/>
  <move id="216" source="H:" target="H9"/>
  <move id="217" source="F7" target="G7"/>
  <move id="218" source="H9" target="H8"/>
  <move id="219" source="C3" target="D3"/>
  <move id="220" source="I7" target="I6"/>
  <move id="221" source="D3" target="E3"/>
  <move id="222" source="H8" target="H7"/>
  <move id="223" source="G7" target="H7"/>
  <move id="224" source="H7" target="G7"/>
  <move id="225" source="D7" target="E7"/>
  <move id="226" source="E8" target="D8"/>
  <move id="227" source="A5" target="A6"/>
  <move id="228" source="G7" target="F7"/>
  <move id="229" source="E7" target="E8"/>
  <move id="230" source="D8" target="D7"/>
  <move id="231" source="A6" target="A7"/>
  <move id="232" source="K4" target="K3"/>
  <move id="233" source="H3" target="H4"/>
  <move id="234" source="I6" target="I5"/>
  <move id="235" source="H4" target="I4"/>
  <move id="236" source="I5" target="K5"/>
  <move id="237" source="G4" target="H4"/>
  <move id="238" source="I8" target="I4"/>
  <move id="239" source="H4" target="I4"/>
  <move id="240" source="K5" target="K6"/>
  <move id="241" source="I4" target="I5"/>
  <move id="242" source="B8" target="A8"/>
  <move id="243" source="B6" target="A6"/>
  <move id="244" source="A8" target="A7"/>
  <move id="245" source="A6" target="A7"/>
  <move id="246" source="F7" target="F8"/>
  <move id="247" source="E8" target="E7"/>
  <move id="248" source="D7" target="D8"/>
  <move id="249" source="A7" target="A8"/>
  <move id="250" source="F8" target="F7"/>
  <move id="251" source="E7" target="E8"/>
  <move id="252" source="D8" target="D7"/>
  <move id="253" source="A8" target="B8"/>
  <move id="254" source="K3" target="K4"/>
  <move id="255" source="B2" target="A2"/>
  <move id="256" source="K4" target="I4"/>
  <move id="257" source="I5" target="K5"/>
  <move id="258" source="K6" target="I6"/>
  <move id="259" source="A2" target="A9"/>
  <move id="260" source="I6" target="I7"/>
  <move id="261" source="B8" target="A8"/>
  <move id="262" source="I7" target="I8"/>
  <move id="263" source="A8" target="A9"/>
  <move id="264" source="I8" target="H8"/>
  <move id="265" source="A9" target="A8"/>
  <move id="266" source="H8" target="H9"/>
  <move id="267" source="A8" target="B8"/>
  <move id="268" source="I4" target="I5"/>
  <move id="269" source="K5" target="K4"/>
  <move id="270" source="F7" target="F6"/>
  <move id="271" source="A1" target="A2"/>
  <move id="272" source="F6" target="F5"/>
  <move id="273" source="D4" target="E4"/>
  <move id="274" source="H9" target="H8"/>
  <move id="275" source="A2" target="A3"/>
  <move id="276" source="H8" target="H7"/>
  <move id="277" source="E8" target="E7"/>
  <move id="278" source="D7" target="D8"/>
  <move id="279" source="E7" target="F7"/>
  <move id="280" source="H7" target="H8"/>
  <move id="281" source="F7" target="G7"/>
  <move id="282" source="H8" target="I8"/>
  <move id="283" source="G7" target="H7"/>
  <move id="284" source="I5" target="K5"/>
  <move id="285" source="K4" target="I4"/>
  <move id="286" source="C7" target="D7"/>
  <move id="287" source="H7" target="G7"/>
  <move id="288" source="D7" target="E7"/>
  <move id="289" source="G7" target="F7"/>
  <move id="290" source="E7" target="E6"/>
  <move id="291" source="F7" target="F8"/>
  <move id="292" source="D8" target="D7"/>
  <move id="293" source="F8" target="E8"/>
  <move id="294" source="E6" target="E5"/>
  <move id="295" source="E4" target="E5"/>
  <move id="296" source="F5" target="F4"/>
  <move id="297" source="E5" target="E4"/>
  <move id="298" source="F4" target="G4"/>
  <move id="299" source="E4" target="F4"/>
  <move id="300" source="G4" target="H4"/>
  <move id="301" source="I4" target="K4"/>
  <move id="302" source="K5" target="K4"/>
  <move id="303" source="F4" target="G4"/>
  <move id="304" source="H4" target="I4"/>
  <move id="305" source="A3" target="A4"/>
  <move id="306" source="I4" target="I5"/>
  <move id="307" source="A4" target="A5"/>
  <move id="308" source="I5" target="I6"/>
  <move id="309" source="G4" target="F4"/>
  <move id="310" source="I6" target="I7"/>
  <move id="311" source="F4" target="F5"/>
  <move id="312" source="I7" target="H7"/>
  <move id="313" source="F5" target="F6"/>
  <move id="314" source="I8" target="I7"/>
  <move id="315" source="E8" target="D8"/>
  <move id="316" source="D7" target="E7"/>
  <move id="317" source="D8" target="D7"/>
  <move id="318" source="E7" target="E8"/>
  <move id="319" source="F6" target="F7"/>
  <move id="320" source="I7" target="I6"/>
  <move id="321" source="D7" target="D8"/>
  <move id="322" source="I6" target="I5"/>
  <move id="323" source="D8" target="E8"/>
  <move id="324" source="I5" target="I4"/>
  <move id="325" source="F7" target="F6"/>
  <move id="326" source="I4" target="H4"/>
  <move id="327" source="F6" target="F5"/>
  <move id="328" source="H4" target="G4"/>
  <move id="329" source="A5" target="A6"/>
  <move id="330" source="H7" target="G7"/>
  <move id="331" source="A6" target="A7"/>
  <move id="332" source="G7" target="F7"/>
  <move id="333" source="A7" target="A8"/>
  <move id="334" source="F7" target="E7"/>
  <move id="335" source="E8" target="F8"/>
  <move id="336" source="G9" target="H9"/>
  <move id="337" source="E3" target="F3"/>
  <move id="338" source="H9" target="H8"/>
  <move id="339" source="F3" target="G3"/>
  <move id="340" source="G4" target="H4"/>
  <move id="341" source="G3" target="H3"/>
  <move id="342" source="H4" target="I4"/>
  <move id="343" source="H3" target="I3"/>
  <move id="344" source="I4" target="K4"/>
  <move id="345" source="F5" target="E5"/>
  <move id="346" source="E7" target="F7"/>
  <move id="347" source="F8" target="E8"/>
  <move id="348" source="H8" target="H7"/>
  <move id="349" source="E5" target="E6"/>
  <move id="350" source="H7" target="I7"/>
  <move id="351" source="E8" target="D8"/>
  <move id="352" source="I7" target="I6"/>
  <move id="353" source="A8" target="A7"/>
  <move id="354" source="I6" target="K6"/>
  <move id="355" source="A7" target="B7"/>
  <move id="356" source="K6" target="K5"/>
  <move id="357" source="B7" target="C7"/>
  <move id="358" source="K5" target="I5"/>
  <move id="359" source="C7" target="C8"/>
  <move id="360" source="I5" target="I6"/>
  <move id="361" source="B4" target="C4"/>
  <move id="362" source="I6" target="K6"/>
  <move id="363" source="D8" target="C8"/>
  <move id="364" source="F7" target="G7"/>
  <move id="365" source="E6" target="F6"/>
  <move id="366" source="G7" target="H7"/>
  <move id="367" source="C8" target="D8"/>
  <move id="368" source="H7" target="I7"/>
  <move id="369" source="D8" target="E8"/>
  <move id="370" source="I7" target="I6"/>
  <move id="371" source="F6" target="F5"/>
  <move id="372" source="I6" target="I5"/>
  <move id="373" source="I3" target="K3"/>
  <move id="374" source="I5" target="I4"/>
  <move id="375" source="F5" target="F4"/>
  <move id="376" source="K4" target="K5"/>
  <move id="377" source="F4" target="G4"/>
  <move id="378" source="K6" target="K7"/>
  <move id="379" source="G4" target="H4"/>
  <move id="380" source="I4" target="I5"/>
  <move id="381" source="E8" target="E7"/>
  <move id="382" source="K5" target="K6"/>
  <move id="383" source="K3" target="K4"/>
  <move id="384" source="I5" target="I6"/>
  <move id="385" source="K4" target="K5"/>
  <move id="386" source="I6" target="I7"/>
  <move id="387" source="E7" target="E6"/>
  <move id="388" source="I7" target="H7"/>
  <move id="389" source="E6" target="E5"/>
  <move id="390" source="H7" target="G7"/>
  <move id="391" source="E5" target="E6"/>
  <move id="392" source="G7" target="F7"/>
  <move id="393" source="H4" target="G4"/>
  <move id="394" source="F7" target="E7"/>
  <move id="395" source="E6" target="F6"/>
  <move id="396" source="E7" target="E8"/>
  <move id="397" source="F6" target="F7"/>
  <move id="398" source="E8" target="D8"/>
  <move id="399" source="F7" target="G7"/>
  <move id="400" source="D8" target="C8"/>
  <move id="401" source="B8" target="A8"/>
  <move id="402" source="C8" target="B8"/>
  <move id="403" source="A8" target="A7"/>
  <move id="404" source="B8" target="B7"/>
  <move id="405" source="A7" target="A6"/>
  <move id="406" source="B7" target="B6"/>
  <move id="407" source="A6" target="A7"/>
  <move id="408" source="B6" target="B5"/>
  <move id="409" source="C4" target="C3"/>
  <move id="410" source="K7" target="I7"/>
  <move id="411" source="G7" target="H7"/>
  <move id="412" source="I7" target="I8"/>
  <move id="413" source="H7" target="I7"/>
  <move id="414" source="I8" target="H8"/>
  <move id="415" source="K5" target="K6"/>
  <move id="416" source="B5" target="B4"/>
  <move id="417" source="G4" target="F4"/>
  <move id="418" source="B4" target="C4"/>
  <move id="419" source="C3" target="B3"/>
  <move id="420" source="C4" target="C3"/>
  <move id="421" source="B3" target="B4"/>
  <move id="422" source="C3" target="B3"/>
  <move id="423" source="B4" target="C4"/>
  <move id="424" source="B3" target="B4"/>
  <move id="425" source="C4" target="D4"/>
  <move id="426" source="B4" target="C4"/>
  <move id="427" source="D4" target="E4"/>
  <move id="428" source="C4" target="D4"/>
  <move id="429" source="E4" target="E5"/>
  <move id="430" source="D4" target="C4"/>
  <move id="431" source="F4" target="E4"/>
  <move id="432" source="C4" target="B4"/>
  <move id="433" source="A7" target="B7"/>
  <move id="434" source="B4" target="B5"/>
  <move id="435" source="B7" target="C7"/>
  <move id="436" source="B5" target="B6"/>
  <move id="437" source="C7" target="D7"/>
  <move id="438" source="B6" target="B7"/>
  <move id="439" source="D7" target="E7"/>
  <move id="440" source="B7" target="C7"/>
  <move id="441" source="E7" target="F7"/>
  <move id="442" source="C7" target="D7"/>
  <move id="443" source="F7" target="F6"/>
  <move id="444" source="D7" target="E7"/>
  <move id="445" source="F6" target="F5"/>
  <move id="446" source="E7" target="F7"/>
  <move id="447" source="F5" target="F4"/>
  <move id="448" source="F7" target="G7"/>
  <move id="449" source="F4" target="F3"/>
  <move id="450" source="G7" target="H7"/>
  <move id="451" source="I7" target="I8"/>
  <move id="452" source="H8" target="H9"/>
  <move id="453" source="K6" target="K5"/>
  <move id="454" source="H9" target="G9"/>
  <move id="455" source="E4" target="F4"/>
  <move id="456" source="G9" target="G:"/>
  <move id="457" source="F4" target="G4"/>
  <move id="458" source="H7" target="I7"/>
  <move id="459" source="I8" target="H8"/>
  <move id="460" source="I7" target="H7"/>
  <move id="461" source="H8" target="I8"/>
  <move id="462" source="G:" target="H:"/>
  <move id="463" source="C2" target="C3"/>
  <move id="464" source="H:" target="H9"/>
  <move id="465" source="C3" target="C4"/>
  <move id="466" source="H9" target="G9"/>
  <move id="467" source="C4" target="D4"/>
  <move id="468" source="G9" target="G:"/>
  <move id="469" source="E5" target="E4"/>
  <move id="470" source="E9" target="E8"/>
  <move id="471" source="E4" target="E3"/>
  <move id="472" source="E8" target="D8"/>
  <move id="473" source="E3" target="D3"/>
  <move id="474" source="D8" target="D7"/>
  <move id="475" source="D3" target="C3"/>
  <move id="476" source="D7" target="C7"/>
  <move id="477" source="C3" target="C2"/>
  <move id="478" source="C7" target="B7"/>
  <move id="479" source="F3" target="E3"/>
  <move id="480" source="B7" target="B6"/>
  <move id="481" source="E3" target="D3"/>
  <move id="482" source="B6" target="A6"/>
  <move id="483" source="D3" target="C3"/>
  <move id="484" source="A6" target="A5"/>
  <move id="485" source="C3" target="C4"/>
  <move id="486" source="G:" target="G9"/>
  <move id="487" source="C4" target="B4"/>
  <move id="488" source="H7" target="H8"/>
  <move id="489" source="I8" target="I7"/>
  <move id="490" source="H8" target="H7"/>
  <move id="491" source="I7" target="I8"/>
  <move id="492" source="H7" target="H8"/>
  <move id="493" source="I8" target="I7"/>
  <move id="494" source="H8" target="I8"/>
  <move id="495" source="I7" target="H7"/>
  <move id="496" source="I8" target="H8"/>
  <move id="497" source="H7" target="G7"/>
  <move id="498" source="H8" target="H7"/>
  <move id="499" source="G7" target="F7"/>
  <move id="500" source="H7" target="G7"/>
  <move id="501" source="F7" target="E7"/>
  <move id="502" source="G7" target="F7"/>
  <move id="503" source="E7" target="D7"/>
  <move id="504" source="F7" target="E7"/>
  <move id="505" source="D7" target="C7"/>
  <move id="506" source="E7" target="D7"/>
  <move id="507" source="C7" target="B7"/>
  <move id="508" source="D7" target="C7"/>
  <move id="509" source="B7" target="A7"/>
  <move id="510" source="C7" target="B7"/>
  <move id="511" source="A7" target="A6"/>
  <move id="512" source="B7" target="B6"/>
  <move id="513" source="A6" target="A5"/>
  <move id="514" source="B6" target="B5"/>
  <move id="515" source="A5" target="B5"/>
  <move id="516" source="G9" target="H9"/>
  <move id="517" source="B4" target="B5"/>
  <move id="518" source="H9" target="H8"/>
  <move id="519" source="B5" target="B6"/>
  <move id="520" source="H8" target="H7"/>
  <move id="521" source="B6" target="B7"/>
  <move id="522" source="H7" target="G7"/>
  <move id="523" source="B7" target="B8"/>
  <move id="524" source="G7" target="F7"/>
  <move id="525" source="B8" target="C8"/>
  <move id="526" source="F7" target="E7"/>
  <move id="527" source="K5" target="K6"/>
  <move id="528" source="E7" target="F7"/>
  <move id="529" source="D4" target="E4"/>
  <move id="530" source="F7" target="G7"/>
  <move id="531" source="E4" target="E5"/>
  <move id="532" source="G7" target="H7"/>
  <move id="533" source="E5" target="E6"/>
  <move id="534" source="H7" target="I7"/>
  <move id="535" source="E6" target="E7"/>
  <move id="536" source="I7" target="I8"/>
  <move id="537" source="E7" target="D7"/>
  <move id="538" source="I8" target="H8"/>
  <move id="539" source="D7" target="C7"/>
  <move id="540" source="I9" target="I8"/>
  <move id="541" source="C8" target="D8"/>
  <move id="542" source="I8" target="I7"/>
  <move id="543" source="K6" target="K5"/>
  <move id="544" source="I7" target="I6"/>
  <move id="545" source="K5" target="K4"/>
  <move id="546" source="I6" target="I5"/>
  <move id="547" source="G4" target="H4"/>
  <move id="548" source="H8" target="I8"/>
  <move id="549" source="C7" target="C8"/>
  <move id="550" source="I8" target="I7"/>
  <move id="551" source="C8" target="C9"/>
  <move id="552" source="B9" target="C9"/>
  <move id="553" source="D8" target="C8"/>
  <move id="554" source="C9" target="B9"/>
  <move id="555" source="C8" target="B8"/>
  <move id="556" source="B9" target="A9"/>
  <move id="557" source="C2" target="C3"/>
  <move id="558" source="I7" target="H7"/>
  <move id="559" source="C3" target="C4"/>
  <move id="560" source="H7" target="G7"/>
  <move id="561" source="K4" target="I4"/>
  <move id="562" source="I5" target="I6"/>
  <move id="563" source="I4" target="I3"/>
  <move id="564" source="I6" target="I7"/>
  <move id="565" source="I3" target="H3"/>
  <move id="566" source="I7" target="H7"/>
  <move id="567" source="H3" target="G3"/>
  <move id="568" source="G7" target="F7"/>
  <move id="569" source="C4" target="B4"/>
  <move id="570" source="F7" target="E7"/>
  <move id="571" source="B4" target="A4"/>
  <move id="572" source="E7" target="D7"/>
  <move id="573" source="G3" target="G4"/>
  <move id="574" source="D7" target="C7"/>
  <move id="575" source="G4" target="F4"/>
  <move id="576" source="H7" target="G7"/>
  <move id="577" source="H4" target="G4"/>
  <move id="578" source="G7" target="F7"/>
  <move id="579" source="F4" target="F3"/>
  <move id="580" source="F7" target="E7"/>
  <move id="581" source="G4" target="F4"/>
  <move id="582" source="E7" target="E8"/>
  <move id="583" source="F4" target="E4"/>
  <move id="584" source="E8" target="D8"/>
  <move id="585" source="E4" target="E5"/>
  <move id="586" source="D8" target="C8"/>
  <move id="587" source="B8" target="B9"/>
  <move id="588" source="A9" target="A8"/>
  <move id="589" source="E5" target="E4"/>
  <move id="590" source="C7" target="B7"/>
  <move id="591" source="E4" target="D4"/>
  <move id="592" source="B7" target="B6"/>
  <move id="593" source="D4" target="C4"/>
  <move id="594" source="B6" target="A6"/>
  <move id="595" source="C4" target="B4"/>
  <move id="596" source="A8" target="A7"/>
  <move id="597" source="B4" target="B5"/>
  <move id="598" source="A7" target="B7"/>
  <move id="599" source="A4" target="A5"/>
  <move id="600" source="A6" target="A7"/>
  <move id="601" source="B5" target="B6"/>
  <move id="602" source="B7" target="C7"/>
  <move id="603" source="A5" target="A6"/>
  <move id="604" source="A7" target="A8"/>
  <move id="605" source="B6" target="B7"/>
  <move id="606" source="C7" target="D7"/>
  <move id="607" source="A6" target="A7"/>
  <move id="608" source="A8" target="B8"/>
  <move id="609" source="B9" target="B8"/>
  <move id="610" source="C8" target="B8"/>
  <move id="611" source="B7" target="C7"/>
  <move id="612" source="D7" target="E7"/>
  <move id="613" source="C7" target="D7"/>
  <move id="614" source="E7" target="F7"/>
  <move id="615" source="A7" target="A8"/>
  <move id="616" source="F7" target="G7"/>
  <move id="617" source="A8" target="B8"/>
  <move id="618" source="G7" target="H7"/>
  <move id="619" source="B8" target="C8"/>
  <move id="620" source="H7" target="H8"/>
  <move id="621" source="C8" target="C9"/>
  <move id="622" source="D9" target="C9"/>
  <move id="623" source="C1" target="C2"/>
  <move id="624" source="F9" target="F8"/>
  <move id="625" source="D7" target="E7"/>
  <move id="626" source="H8" target="I8"/>
  <move id="627" source="C2" target="C3"/>
  <move id="628" source="I8" target="I7"/>
  <move id="629" source="C3" target="C4"/>
  <move id="630" source="I7" target="I6"/>
  <move id="631" source="C4" target="B4"/>
  <move id="632" source="I6" target="I5"/>
  <move id="633" source="B4" target="B5"/>
  <move id="634" source="I5" target="I4"/>
  <move id="635" source="F3" target="G3"/>
  <move id="636" source="I4" target="I3"/>
  <move id="637" source="B5" target="B6"/>
  <move id="638" source="I3" target="K3"/>
  <move id="639" source="B6" target="B7"/>
  <move id="640" source="I:" target="I9"/>
  <move id="641" source="B7" target="C7"/>
  <move id="642" source="I9" target="I8"/>
  <move id="643" source="C7" target="C8"/>
  <move id="644" source="I8" target="I7"/>
  <move id="645" source="C8" target="C9"/>
  <move id="646" source="I7" target="I6"/>
  <move id="647" source="C9" target="C:"/>
  <move id="648" source="B:" target="B9"/>
  <move id="649" source="C:" target="C9"/>
  <move id="650" source="B9" target="B8"/>
  <move id="651" source="C9" target="D9"/>
  <move id="652" source="I6" target="I5"/>
  <move id="653" source="D9" target="E9"/>
  <move id="654" source="I5" target="I4"/>
  <move id="655" source="E9" target="F9"/>
  <move id="656" source="F8" target="F9"/>
  <move id="657" source="G3" target="H3"/>
  <move id="658" source="K3" target="K2"/>
  <move id="659" source="E7" target="E6"/>
  <move id="660" source="B8" target="B7"/>
  <move id="661" source="E6" target="E5"/>
  <move id="662" source="B7" target="B6"/>
  <move id="663" source="E5" target="E4"/>
  <move id="664" source="B6" target="B5"/>
  <move id="665" source="E4" target="F4"/>
  <move id="666" source="B5" target="B4"/>
  <move id="667" source="F4" target="G4"/>
  <move id="668" source="I4" target="I5"/>
  <move id="669" source="H3" target="I3"/>
  <move id="670" source="I5" target="I6"/>
  <move id="671" source="I3" target="I2"/>
  <move id="672" source="K2" target="K3"/>
  <move id="673" source="G4" target="H4"/>
  <move id="674" source="I6" target="I5"/>
  <move id="675" source="I2" target="I3"/>
  <move id="676" source="K3" target="K2"/>
  <move id="677" source="I3" target="I4"/>
  <move id="678" source="I5" target="I6"/>
  <move id="679" source="I4" target="I3"/>
  <move id="680" source="B4" target="C4"/>
  <move id="681" source="H4" target="G4"/>
  <move id="682" source="C4" target="D4"/>
  <move id="683" source="G4" target="F4"/>
  <move id="684" source="I6" target="I7"/>
  <move id="685" source="I3" target="H3"/>
  <move id="686" source="K2" target="I2"/>
  <move id="687" source="H3" target="G3"/>
  <move id="688" source="D4" target="C4"/>
  <move id="689" source="G3" target="G2"/>
  <move id="690" source="I2" target="K2"/>
  <move id="691" source="F4" target="E4"/>
  <move id="692" source="F9" target="F8"/>
  <move id="693" source="G2" target="G3"/>
  <move id="694" source="F8" target="F7"/>
  <move id="695" source="G3" target="H3"/>
  <move id="696" source="F7" target="G7"/>
  <move id="697" source="H3" target="I3"/>
  <move id="698" source="I7" target="I8"/>
  <move id="699" source="I3" target="I2"/>
  <move id="700" source="K2" target="K3"/>
  <move id="701" source="E4" target="E3"/>
  <move id="702" source="C4" target="D4"/>
  <move id="703" source="I2" target="I3"/>
  <move id="704" source="K3" target="K2"/>
  <move id="705" source="I3" target="H3"/>
  <move id="706" source="G7" target="F7"/>
  <move id="707" source="H3" target="H4"/>
  <move id="708" source="F7" target="F6"/>
  <move id="709" source="H4" target="I4"/>
  <move id="710" source="F6" target="F5"/>
  <move id="711" source="I4" target="I3"/>
  <move id="712" source="I8" target="H8"/>
  <move id="713" source="H2" target="H3"/>
  <move id="714" source="F5" target="F4"/>
  <move id="715" source="H3" target="H4"/>
  <move id="716" source="F4" target="G4"/>
  <move id="717" source="H4" target="I4"/>
  <move id="718" source="G4" target="H4"/>
  <move id="719" source="I3" target="I2"/>
  <move id="720" source="K2" target="K3"/>
  <move id="721" source="I4" target="I5"/>
  <move id="722" source="H4" target="I4"/>
  <move id="723" source="I5" target="I6"/>
  <move id="724" source="I4" target="I3"/>
  <move id="725" source="I2" target="K2"/>
  <move id="726" source="K3" target="K4"/>
  <move id="727" source="I6" target="I7"/>
  <move id="728" source="K4" target="I4"/>
  <move id="729" source="I7" target="H7"/>
  <move id="730" source="H8" target="I8"/>
  <move id="731" source="H7" target="G7"/>
  <move id="732" source="I8" target="H8"/>
  <move id="733" source="G7" target="G8"/>
  <move id="734" source="H8" target="H7"/>
  <move id="735" source="G8" target="G7"/>
  <move id="736" source="H7" target="H8"/>
  <move id="737" source="G7" target="F7"/>
  <move id="738" source="D:" target="D9"/>
  <move id="739" source="F7" target="F6"/>
  <move id="740" source="D9" target="D8"/>
  <move id="741" source="F6" target="F5"/>
  <move id="742" source="D8" target="D7"/>
  <move id="743" source="F5" target="F4"/>
  <move id="744" source="D7" target="E7"/>
  <move id="745" source="F4" target="E4"/>
  <move id="746" source="D4" target="C4"/>
  <move id="747" source="E3" target="D3"/>
  <move id="748" source="C4" target="B4"/>
  <move id="749" source="E4" target="D4"/>
  <move id="750" source="B4" target="B5"/>
  <move id="751" source="D4" target="C4"/>
  <move id="752" source="B5" target="B6"/>
  <move id="753" source="C4" target="B4"/>
  <move id="754" source="B6" target="B7"/>
  <move id="755" source="B4" target="B5"/>
  <move id="756" source="B7" target="C7"/>
  <move id="757" source="B5" target="B6"/>
  <move id="758" source="E7" target="D7"/>
  <move id="759" source="B6" target="B7"/>
  <move id="760" source="C7" target="C8"/>
  <move id="761" source="B7" target="B8"/>
  <move id="762" source="C8" target="D8"/>
  <move id="763" source="B8" target="B9"/>
  <move id="764" source="D8" target="E8"/>
  <move id="765" source="B9" target="B:"/>
  <move id="766" source="D7" target="D8"/>
  <move id="767" source="B:" target="A:"/>
  <move id="768" source="I4" target="H4"/>
  <move id="769" source="D3" target="E3"/>
  <move id="770" source="H4" target="H3"/>
  <move id="771" source="E3" target="F3"/>
  <move id="772" source="H3" target="H2"/>
  <move id="773" source="F3" target="G3"/>
  <move id="774" source="H2" target="H1"/>
  <move id="775" source="G3" target="H3"/>
  <move id="776" source="I3" target="I2"/>
  <move id="777" source="K2" target="K3"/>
  <move id="778" source="I2" target="I1"/>
  <move id="779" source="H3" target="I3"/>
  <move id="780" source="I1" target="K1"/>
  <player id="1">Player 1</player>
  <player id="2">Player 2</player>
  <result type="3" winner="1"/>
 </game>
</stratego>