<?xml version="1.0" encoding="UTF-8"?>
<stratego>
 <game type="classic">
  
  <field content="DEGBBFMFBDBJCIHHEJDEFDEEDILDGBGBHKHDGIDFAA__AA__AAAA__AA__AARSTNRUTQSTVPPSPPOWTPNQNUVXPUQQQPSNNRYNRP"/>
  <move id="1" source="F4" target="F5"/>
  <move id="2" source="F7" target="F6"/>
  <move id="3" source="F3" target="F4"/>
  <move id="4" source="G7" target="F7"/>
  <move id="5" source="F5" target="E5"/>
  <move id="6" source="F6" target="E6"/>
  <move id="7" source="E5" target="F5"/>
  <move id="8" source="E6" target="F6"/>
  <move id="9" source="E3" target="F3"/>
  <move id="10" source="I7" target="I6"/>
  <move id="11" source="A4" target="A5"/>
  <move id="12" source="I6" target="I5"/>
  <move id="13" source="A5" target="A6"/>
  <move id="14" source="H7" target="I7"/>
  <move id="15" source="A6" target="A7"/>
  <move id="16" source="B7" target="A7"/>
  <move id="17" source="E4" target="E5"/>
  <move id="18" source="C7" target="B7"/>
  <move id="19" source="E5" target="E6"/>
  <move id="20" source="B7" target="A7"/>
  <move id="21" source="D3" target="E3"/>
  <move id="22" source="A7" target="A6"/>
  <move id="23" source="E3" target="E4"/>
  <move id="24" source="A6" target="A5"/>
  <move id="25" source="E4" target="E5"/>
  <move id="26" source="A8" target="A7"/>
  <move id="27" source="E6" target="F6"/>
  <move id="28" source="F6" target="F5"/>
  <move id="29" source="E5" target="E6"/>
  <move id="30" source="F5" target="F4"/>
  <move id="31" source="F3" target="F7"/>
  <move id="32" source="F7" target="G7"/>
  <move id="33" source="F2" target="F3"/>
  <move id="34" source="E7" target="F7"/>
  <move id="35" source="F3" target="F4"/>
  <move id="36" source="A7" target="A6"/>
  <move id="37" source="E6" target="F6"/>
  <move id="38" source="F7" target="E7"/>
  <move id="39" source="F6" target="E6"/>
  <move id="40" source="E7" target="F7"/>
  <move id="41" source="F4" target="F5"/>
  <move id="42" source="B8" target="B7"/>
  <move id="43" source="F5" target="F6"/>
  <move id="44" source="B7" target="B6"/>
  <move id="45" source="G4" target="F4"/>
  <move id="46" source="I7" target="I6"/>
  <move id="47" source="F4" target="F3"/>
  <move id="48" source="I5" target="I4"/>
  <move id="49" source="H4" target="I4"/>
  <move id="50" source="I6" target="I5"/>
  <move id="51" source="I4" target="H4"/>
  <move id="52" source="I5" target="I4"/>
  <move id="53" source="H4" target="G4"/>
  <move id="54" source="K7" target="K6"/>
  <move id="55" source="H3" target="H4"/>
  <move id="56" source="I4" target="I5"/>
  <move id="57" source="H4" target="I4"/>
  <move id="58" source="I5" target="I6"/>
  <move id="59" source="I4" target="I5"/>
  <move id="60" source="I6" target="I7"/>
  <move id="61" source="I5" target="I6"/>
  <move id="62" source="K6" target="I6"/>
  <move id="63" source="G4" target="H4"/>
  <move id="64" source="I6" target="K6"/>
  <move id="65" source="I3" target="H3"/>
  <move id="66" source="I7" target="K7"/>
  <move id="67" source="H4" target="I4"/>
  <move id="68" source="K6" target="I6"/>
  <move id="69" source="I4" target="I5"/>
  <move id="70" source="I6" target="I7"/>
  <move id="71" source="I5" target="I6"/>
  <move id="72" source="I7" target="H7"/>
  <move id="73" source="I6" target="I5"/>
  <move id="74" source="K7" target="K6"/>
  <move id="75" source="I5" target="I4"/>
  <move id="76" source="K6" target="I6"/>
  <move id="77" source="I4" target="H4"/>
  <move id="78" source="I6" target="K6"/>
  <move id="79" source="H3" target="I3"/>
  <move id="80" source="H7" target="I7"/>
  <move id="81" source="I3" target="H3"/>
  <move id="82" source="I7" target="K7"/>
  <move id="83" source="I2" target="I3"/>
  <move id="84" source="K7" target="I7"/>
  <move id="85" source="H4" target="I4"/>
  <move id="86" source="I7" target="H7"/>
  <move id="87" source="I4" target="I5"/>
  <move id="88" source="F7" target="F6"/>
  <move id="89" source="F6" target="F5"/>
  <move id="90" source="G7" target="F7"/>
  <move id="91" source="F5" target="F4"/>
  <move id="92" source="F7" target="F6"/>
  <move id="93" source="E6" target="E5"/>
  <move id="94" source="F6" target="F5"/>
  <move id="95" source="E5" target="E4"/>
  <move id="96" source="H7" target="G7"/>
  <move id="97" source="F4" target="F5"/>
  <move id="98" source="G7" target="F7"/>
  <move id="99" source="F3" target="F4"/>
  <move id="100" source="F7" target="E7"/>
  <move id="101" source="G3" target="G4"/>
  <move id="102" source="E7" target="E6"/>
  <move id="103" source="D2" target="D3"/>
  <move id="104" source="E6" target="E5"/>
  <move id="105" source="D3" target="E3"/>
  <move id="106" source="H8" target="H7"/>
  <move id="107" source="H3" target="H4"/>
  <move id="108" source="H7" target="G7"/>
  <move id="109" source="H2" target="H3"/>
  <move id="110" source="G7" target="F7"/>
  <move id="111" source="H3" target="G3"/>
  <move id="112" source="F7" target="E7"/>
  <move id="113" source="G3" target="F3"/>
  <move id="114" source="E7" target="E6"/>
  <move id="115" source="C2" target="D2"/>
  <move id="116" source="H9" target="H8"/>
  <move id="117" source="D2" target="D3"/>
  <move id="118" source="H8" target="H7"/>
  <move id="119" source="F3" target="G3"/>
  <move id="120" source="H7" target="I7"/>
  <move id="121" source="H4" target="H3"/>
  <move id="122" source="I7" target="I6"/>
  <move id="123" source="I5" target="I4"/>
  <move id="124" source="I6" target="I5"/>
  <move id="125" source="I4" target="H4"/>
  <move id="126" source="I5" target="I6"/>
  <move id="127" source="I3" target="I4"/>
  <move id="128" source="I6" target="I5"/>
  <move id="129" source="H3" target="I3"/>
  <move id="130" source="K6" target="K7"/>
  <move id="131" source="F4" target="F3"/>
  <move id="132" source="K7" target="I7"/>
  <move id="133" source="E4" target="F4"/>
  <move id="134" source="E6" target="F6"/>
  <move id="135" source="E3" target="E4"/>
  <move id="136" source="E5" target="F5"/>
  <move id="137" source="F3" target="E3"/>
  <move id="138" source="I7" target="H7"/>
  <move id="139" source="G3" target="F3"/>
  <move id="140" source="H7" target="G7"/>
  <move id="141" source="E4" target="E5"/>
  <move id="142" source="F5" target="F4"/>
  <move id="143" source="F3" target="F4"/>
  <move id="144" source="E8" target="E7"/>
  <move id="145" source="E5" target="E4"/>
  <move id="146" source="E7" target="E6"/>
  <move id="147" source="F4" target="F3"/>
  <move id="148" source="E6" target="E5"/>
  <move id="149" source="E4" target="F4"/>
  <move id="150" source="E5" target="F5"/>
  <move id="151" source="F4" target="E4"/>
  <move id="152" source="F6" target="E6"/>
  <move id="153" source="F3" target="G3"/>
  <move id="154" source="F5" target="F4"/>
  <move id="155" source="G4" target="F4"/>
  <move id="156" source="G7" target="H7"/>
  <move id="157" source="F4" target="G4"/>
  <move id="158" source="H7" target="I7"/>
  <move id="159" source="G3" target="F3"/>
  <move id="160" source="I7" target="K7"/>
  <move id="161" source="E4" target="E5"/>
  <move id="162" source="E6" target="F6"/>
  <move id="163" source="E5" target="E6"/>
  <move id="164" source="F6" target="F7"/>
  <move id="165" source="E6" target="F6"/>
  <move id="166" source="F7" target="G7"/>
  <move id="167" source="F6" target="F5"/>
  <move id="168" source="K7" target="K6"/>
  <move id="169" source="E2" target="D2"/>
  <move id="170" source="F8" target="E8"/>
  <move id="171" source="F5" target="F4"/>
  <move id="172" source="F9" target="F8"/>
  <move id="173" source="F3" target="F2"/>
  <move id="174" source="F8" target="F7"/>
  <move id="175" source="E3" target="F3"/>
  <move id="176" source="F7" target="F6"/>
  <move id="177" source="F4" target="E4"/>
  <move id="178" source="F6" target="E6"/>
  <move id="179" source="F3" target="F4"/>
  <move id="180" source="E6" target="E5"/>
  <move id="181" source="E4" target="E3"/>
  <move id="182" source="G7" target="F7"/>
  <move id="183" source="F4" target="E4"/>
  <move id="184" source="E5" target="F5"/>
  <move id="185" source="E3" target="F3"/>
  <move id="186" source="F7" target="F6"/>
  <move id="187" source="E4" target="E5"/>
  <move id="188" source="F6" target="E6"/>
  <move id="189" source="E5" target="F5"/>
  <move id="190" source="F5" target="F4"/>
  <move id="191" source="G4" target="F4"/>
  <move id="192" source="E6" target="E5"/>
  <move id="193" source="D3" target="E3"/>
  <move id="194" source="E5" target="F5"/>
  <move id="195" source="D4" target="E4"/>
  <move id="196" source="E8" target="E4"/>
  <move id="197" source="E4" target="F4"/>
  <move id="198" source="F5" target="E5"/>
  <move id="199" source="E3" target="E4"/>
  <move id="200" source="E9" target="E8"/>
  <move id="201" source="E4" target="E5"/>
  <move id="202" source="E5" target="E4"/>
  <move id="203" source="F4" target="E4"/>
  <move id="204" source="E8" target="E7"/>
  <move id="205" source="F3" target="E3"/>
  <move id="206" source="E7" target="F7"/>
  <move id="207" source="F2" target="F3"/>
  <move id="208" source="F7" target="F6"/>
  <move id="209" source="F3" target="F4"/>
  <move id="210" source="K6" target="K5"/>
  <move id="211" source="C3" target="C2"/>
  <move id="212" source="B6" target="B5"/>
  <move id="213" source="F4" target="F5"/>
  <move id="214" source="A6" target="B6"/>
  <move id="215" source="B3" target="C3"/>
  <move id="216" source="B5" target="B4"/>
  <move id="217" source="C3" target="D3"/>
  <move id="218" source="A5" target="B5"/>
  <move id="219" source="D3" target="D4"/>
  <move id="220" source="C8" target="A8"/>
  <move id="221" source="D4" target="E4"/>
  <move id="222" source="A8" target="A3"/>
  <move id="223" source="E4" target="E5"/>
  <move id="224" source="B6" target="A6"/>
  <move id="225" source="E5" target="E6"/>
  <move id="226" source="A6" target="A5"/>
  <move id="227" source="A3" target="B3"/>
  <move id="228" source="A5" target="A4"/>
  <move id="229" source="B3" target="C3"/>
  <move id="230" source="A4" target="A3"/>
  <move id="231" source="C3" target="D3"/>
  <move id="232" source="A3" target="B3"/>
  <move id="233" source="B2" target="B3"/>
  <move id="234" source="F6" target="E6"/>
  <move id="235" source="I3" target="H3"/>
  <move id="236" source="E6" target="E5"/>
  <move id="237" source="F5" target="E5"/>
  <move id="238" source="I5" target="I4"/>
  <move id="239" source="H4" target="I4"/>
  <move id="240" source="D9" target="E9"/>
  <move id="241" source="E3" target="F3"/>
  <move id="242" source="E9" target="E8"/>
  <move id="243" source="F3" target="F4"/>
  <move id="244" source="E8" target="E7"/>
  <move id="245" source="C4" target="C3"/>
  <move id="246" source="E7" target="E6"/>
  <move id="247" source="C3" target="B3"/>
  <move id="248" source="E6" target="E5"/>
  <move id="249" source="B3" target="A3"/>
  <move id="250" source="E5" target="E4"/>
  <move id="251" source="F4" target="E4"/>
  <move id="252" source="B5" target="A5"/>
  <move id="253" source="A3" target="A4"/>
  <move id="254" source="A5" target="A4"/>
  <move id="255" source="D2" target="E2"/>
  <move id="256" source="G8" target="G7"/>
  <move id="257" source="E2" target="E3"/>
  <move id="258" source="G7" target="F7"/>
  <move id="259" source="E3" target="E4"/>
  <move id="260" source="F7" target="F6"/>
  <move id="261" source="E4" target="E5"/>
  <move id="262" source="I8" target="I7"/>
  <move id="263" source="E5" target="F5"/>
  <move id="264" source="F6" target="E6"/>
  <move id="265" source="F5" target="F6"/>
  <move id="266" source="E6" target="F6"/>
  <move id="267" source="F6" target="F7"/>
  <move id="268" source="D8" target="C8"/>
  <move id="269" source="F7" target="G7"/>
  <move id="270" source="C8" target="C7"/>
  <move id="271" source="G7" target="H7"/>
  <player id="1">Player 1</player>
  <player id="2">Player 2</player>
  <result type="13" winner="1"/>
 </game>
</stratego>