<?xml version="1.0" encoding="UTF-8"?>
<stratego>
 <game type="classic">
  
  <field content="FEBGEBMBDEBDEBDDBHDDIHDCIGJEDKFGJLGFHIFHAA__AA__AAAA__AA__AASRWUSRPXRSUPPNPPPPPUNVQQQSNOVNTQQRTNYNTT"/>
  <move id="1" source="A4" target="A5"/>
  <move id="2" source="K7" target="K6"/>
  <move id="3" source="K4" target="K5"/>
  <move id="4" source="K8" target="K7"/>
  <move id="5" source="I4" target="I5"/>
  <move id="6" source="E7" target="E6"/>
  <move id="7" source="I3" target="I4"/>
  <move id="8" source="D7" target="E7"/>
  <move id="9" source="I4" target="K4"/>
  <move id="10" source="F7" target="F6"/>
  <move id="11" source="I5" target="I6"/>
  <move id="12" source="F8" target="F7"/>
  <move id="13" source="I6" target="K6"/>
  <move id="14" source="K6" target="K5"/>
  <move id="15" source="K4" target="I4"/>
  <move id="16" source="K7" target="K6"/>
  <move id="17" source="K5" target="K4"/>
  <move id="18" source="K6" target="K5"/>
  <move id="19" source="I4" target="I5"/>
  <move id="20" source="K5" target="K4"/>
  <move id="21" source="K3" target="K4"/>
  <move id="22" source="I7" target="K7"/>
  <move id="23" source="K4" target="K5"/>
  <move id="24" source="H7" target="I7"/>
  <move id="25" source="I5" target="I6"/>
  <move id="26" source="I7" target="I6"/>
  <move id="27" source="F4" target="F5"/>
  <move id="28" source="I6" target="K6"/>
  <move id="29" source="K5" target="I5"/>
  <move id="30" source="B7" target="B6"/>
  <move id="31" source="H3" target="I3"/>
  <move id="32" source="E6" target="E5"/>
  <move id="33" source="I3" target="I4"/>
  <move id="34" source="E7" target="E6"/>
  <move id="35" source="B4" target="B5"/>
  <move id="36" source="A7" target="A6"/>
  <move id="37" source="C4" target="B4"/>
  <move id="38" source="A8" target="A7"/>
  <move id="39" source="B5" target="B6"/>
  <move id="40" source="A6" target="A5"/>
  <move id="41" source="A3" target="A4"/>
  <move id="42" source="A5" target="B5"/>
  <move id="43" source="B6" target="B7"/>
  <move id="44" source="A7" target="B7"/>
  <move id="45" source="B4" target="C4"/>
  <move id="46" source="F6" target="F5"/>
  <move id="47" source="F3" target="F4"/>
  <move id="48" source="F7" target="F6"/>
  <move id="49" source="E4" target="E5"/>
  <move id="50" source="F6" target="F5"/>
  <move id="51" source="F2" target="F3"/>
  <move id="52" source="E6" target="E5"/>
  <move id="53" source="F4" target="E4"/>
  <move id="54" source="E5" target="E4"/>
  <move id="55" source="F3" target="F5"/>
  <move id="56" source="E4" target="E3"/>
  <move id="57" source="G4" target="F4"/>
  <move id="58" source="E8" target="E7"/>
  <move id="59" source="A4" target="A5"/>
  <move id="60" source="B5" target="B4"/>
  <move id="61" source="B3" target="B4"/>
  <move id="62" source="B7" target="B6"/>
  <move id="63" source="A5" target="A4"/>
  <move id="64" source="B6" target="B5"/>
  <move id="65" source="B4" target="B3"/>
  <move id="66" source="B5" target="B4"/>
  <move id="67" source="C4" target="B4"/>
  <move id="68" source="C7" target="B7"/>
  <move id="69" source="B4" target="C4"/>
  <move id="70" source="B7" target="B6"/>
  <move id="71" source="B3" target="A3"/>
  <move id="72" source="B6" target="B5"/>
  <move id="73" source="B2" target="B5"/>
  <move id="74" source="B5" target="B4"/>
  <move id="75" source="A4" target="A5"/>
  <move id="76" source="B4" target="C4"/>
  <move id="77" source="D4" target="C4"/>
  <move id="78" source="H8" target="H7"/>
  <move id="79" source="G3" target="F3"/>
  <move id="80" source="G8" target="F8"/>
  <move id="81" source="F3" target="E3"/>
  <move id="82" source="F8" target="F7"/>
  <move id="83" source="D3" target="D4"/>
  <move id="84" source="B8" target="A8"/>
  <move id="85" source="C3" target="B3"/>
  <move id="86" source="C8" target="B8"/>
  <move id="87" source="D4" target="D3"/>
  <move id="88" source="E7" target="E6"/>
  <move id="89" source="C4" target="D4"/>
  <move id="90" source="F7" target="F6"/>
  <move id="91" source="D4" target="E4"/>
  <move id="92" source="F9" target="F8"/>
  <move id="93" source="F4" target="G4"/>
  <move id="94" source="H9" target="H8"/>
  <move id="95" source="E3" target="F3"/>
  <move id="96" source="H8" target="G8"/>
  <move id="97" source="F3" target="F4"/>
  <move id="98" source="F8" target="F7"/>
  <move id="99" source="F4" target="F5"/>
  <move id="100" source="G8" target="F8"/>
  <move id="101" source="F5" target="F6"/>
  <move id="102" source="I8" target="K8"/>
  <move id="103" source="F6" target="E6"/>
  <move id="104" source="K6" target="I6"/>
  <move id="105" source="I5" target="K5"/>
  <move id="106" source="I6" target="I5"/>
  <move id="107" source="K5" target="K6"/>
  <move id="108" source="I5" target="I4"/>
  <move id="109" source="H4" target="H3"/>
  <move id="110" source="I4" target="H4"/>
  <move id="111" source="H3" target="I3"/>
  <move id="112" source="H4" target="I4"/>
  <move id="113" source="I3" target="H3"/>
  <move id="114" source="I4" target="I3"/>
  <move id="115" source="H3" target="H4"/>
  <move id="116" source="I3" target="I4"/>
  <move id="117" source="H4" target="H3"/>
  <move id="118" source="I4" target="I5"/>
  <move id="119" source="K6" target="K7"/>
  <move id="120" source="I5" target="I6"/>
  <move id="121" source="E6" target="E7"/>
  <move id="122" source="F7" target="F6"/>
  <move id="123" source="E7" target="F7"/>
  <move id="124" source="F8" target="E8"/>
  <move id="125" source="F7" target="F6"/>
  <move id="126" source="E8" target="E7"/>
  <move id="127" source="E4" target="F4"/>
  <move id="128" source="I6" target="I7"/>
  <move id="129" source="K7" target="K6"/>
  <move id="130" source="I7" target="I8"/>
  <move id="131" source="E2" target="E7"/>
  <move id="132" source="I8" target="H8"/>
  <move id="133" source="K6" target="K7"/>
  <move id="134" source="H8" target="G8"/>
  <move id="135" source="F6" target="E6"/>
  <move id="136" source="G8" target="F8"/>
  <move id="137" source="E7" target="A7"/>
  <move id="138" source="F8" target="F7"/>
  <move id="139" source="F4" target="E4"/>
  <move id="140" source="F7" target="E7"/>
  <move id="141" source="E6" target="F6"/>
  <move id="142" source="E7" target="F7"/>
  <move id="143" source="F6" target="E6"/>
  <move id="144" source="F7" target="E7"/>
  <move id="145" source="E6" target="F6"/>
  <move id="146" source="B8" target="C8"/>
  <move id="147" source="A7" target="A8"/>
  <move id="148" source="C8" target="B8"/>
  <move id="149" source="B3" target="B8"/>
  <move id="150" source="C9" target="C8"/>
  <move id="151" source="D3" target="E3"/>
  <move id="152" source="C8" target="B8"/>
  <move id="153" source="E3" target="F3"/>
  <move id="154" source="B8" target="B7"/>
  <move id="155" source="E4" target="D4"/>
  <move id="156" source="B7" target="B6"/>
  <move id="157" source="D4" target="C4"/>
  <move id="158" source="B9" target="B8"/>
  <move id="159" source="A5" target="A4"/>
  <move id="160" source="B8" target="B7"/>
  <move id="161" source="C4" target="B4"/>
  <move id="162" source="B7" target="C7"/>
  <move id="163" source="B4" target="B5"/>
  <move id="164" source="B6" target="A6"/>
  <move id="165" source="B5" target="A5"/>
  <move id="166" source="C7" target="D7"/>
  <move id="167" source="A5" target="A6"/>
  <move id="168" source="E7" target="F7"/>
  <move id="169" source="F6" target="E6"/>
  <move id="170" source="D7" target="E7"/>
  <move id="171" source="A6" target="B6"/>
  <move id="172" source="E7" target="E6"/>
  <move id="173" source="B6" target="B5"/>
  <move id="174" source="I9" target="H9"/>
  <move id="175" source="B5" target="B4"/>
  <move id="176" source="H9" target="H8"/>
  <move id="177" source="K7" target="I7"/>
  <move id="178" source="H8" target="G8"/>
  <move id="179" source="I7" target="I8"/>
  <move id="180" source="G8" target="F8"/>
  <move id="181" source="I8" target="H8"/>
  <move id="182" source="F8" target="E8"/>
  <move id="183" source="H8" target="H9"/>
  <move id="184" source="E8" target="E7"/>
  <move id="185" source="I2" target="I:"/>
  <move id="186" source="E7" target="E6"/>
  <move id="187" source="B4" target="C4"/>
  <move id="188" source="F7" target="F8"/>
  <move id="189" source="H9" target="I9"/>
  <move id="190" source="F8" target="G8"/>
  <move id="191" source="I9" target="I:"/>
  <move id="192" source="G8" target="H8"/>
  <move id="193" source="I:" target="I9"/>
  <move id="194" source="H8" target="I8"/>
  <move id="195" source="I9" target="H9"/>
  <move id="196" source="I8" target="H8"/>
  <move id="197" source="H9" target="I9"/>
  <move id="198" source="H8" target="I8"/>
  <move id="199" source="I9" target="H9"/>
  <move id="200" source="E6" target="E7"/>
  <move id="201" source="C4" target="D4"/>
  <move id="202" source="E7" target="D7"/>
  <move id="203" source="A3" target="B3"/>
  <move id="204" source="D7" target="C7"/>
  <move id="205" source="B3" target="C3"/>
  <move id="206" source="C7" target="B7"/>
  <move id="207" source="C3" target="D3"/>
  <move id="208" source="B:" target="B9"/>
  <move id="209" source="D3" target="E3"/>
  <move id="210" source="B9" target="B8"/>
  <move id="211" source="E3" target="E4"/>
  <move id="212" source="B7" target="B6"/>
  <move id="213" source="E4" target="E5"/>
  <move id="214" source="B6" target="B5"/>
  <move id="215" source="E5" target="E6"/>
  <move id="216" source="B8" target="B7"/>
  <move id="217" source="E6" target="E7"/>
  <move id="218" source="B7" target="B6"/>
  <move id="219" source="D4" target="C4"/>
  <move id="220" source="B6" target="B7"/>
  <move id="221" source="C4" target="B4"/>
  <move id="222" source="B5" target="A5"/>
  <move id="223" source="A4" target="A3"/>
  <move id="224" source="B7" target="B8"/>
  <move id="225" source="E7" target="D7"/>
  <move id="226" source="A5" target="A6"/>
  <move id="227" source="B4" target="B5"/>
  <move id="228" source="A6" target="A7"/>
  <move id="229" source="B5" target="B6"/>
  <move id="230" source="E9" target="F9"/>
  <move id="231" source="G4" target="F4"/>
  <move id="232" source="E:" target="E9"/>
  <move id="233" source="F4" target="F5"/>
  <move id="234" source="E9" target="E8"/>
  <move id="235" source="F5" target="F6"/>
  <move id="236" source="E8" target="E7"/>
  <move id="237" source="D7" target="E7"/>
  <move id="238" source="B8" target="C8"/>
  <move id="239" source="F6" target="F7"/>
  <move id="240" source="C8" target="C7"/>
  <move id="241" source="F7" target="E7"/>
  <move id="242" source="C7" target="D7"/>
  <move id="243" source="H3" target="H4"/>
  <move id="244" source="D7" target="E7"/>
  <move id="245" source="H4" target="G4"/>
  <move id="246" source="A7" target="A8"/>
  <move id="247" source="B6" target="B7"/>
  <move id="248" source="K8" target="K3"/>
  <move id="249" source="K2" target="K3"/>
  <move id="250" source="H7" target="I7"/>
  <move id="251" source="G4" target="H4"/>
  <move id="252" source="I7" target="I3"/>
  <move id="253" source="H2" target="H3"/>
  <move id="254" source="I3" target="I1"/>
  <move id="255" source="H4" target="G4"/>
  <move id="256" source="G7" target="I7"/>
  <move id="257" source="G4" target="F4"/>
  <move id="258" source="I7" target="I2"/>
  <move id="259" source="F4" target="F5"/>
  <move id="260" source="I2" target="G2"/>
  <move id="261" source="C2" target="C3"/>
  <move id="262" source="F9" target="F8"/>
  <move id="263" source="E7" target="F7"/>
  <move id="264" source="F8" target="G8"/>
  <move id="265" source="F7" target="G7"/>
  <move id="266" source="G8" target="H8"/>
  <move id="267" source="C3" target="C4"/>
  <move id="268" source="D9" target="E9"/>
  <move id="269" source="G7" target="F7"/>
  <move id="270" source="H8" target="H7"/>
  <move id="271" source="H3" target="I3"/>
  <move id="272" source="H7" target="I7"/>
  <move id="273" source="I3" target="I4"/>
  <move id="274" source="I7" target="I6"/>
  <move id="275" source="I4" target="I5"/>
  <move id="276" source="I6" target="K6"/>
  <move id="277" source="I5" target="K5"/>
  <move id="278" source="K6" target="K7"/>
  <move id="279" source="F5" target="E5"/>
  <move id="280" source="I8" target="I7"/>
  <move id="281" source="K5" target="K6"/>
  <move id="282" source="K7" target="K8"/>
  <move id="283" source="C4" target="D4"/>
  <move id="284" source="I7" target="K7"/>
  <move id="285" source="K6" target="I6"/>
  <move id="286" source="K7" target="I7"/>
  <move id="287" source="I6" target="K6"/>
  <move id="288" source="K8" target="I8"/>
  <move id="289" source="D4" target="E4"/>
  <move id="290" source="K:" target="I:"/>
  <move id="291" source="E4" target="F4"/>
  <move id="292" source="I8" target="K8"/>
  <move id="293" source="F4" target="F5"/>
  <move id="294" source="I7" target="I8"/>
  <move id="295" source="F5" target="F6"/>
  <move id="296" source="I:" target="I9"/>
  <move id="297" source="F7" target="E7"/>
  <move id="298" source="E9" target="F9"/>
  <move id="299" source="E7" target="F7"/>
  <move id="300" source="D:" target="D9"/>
  <move id="301" source="F7" target="F8"/>
  <move id="302" source="D9" target="E9"/>
  <move id="303" source="F8" target="F9"/>
  <move id="304" source="E9" target="E8"/>
  <move id="305" source="E5" target="E6"/>
  <move id="306" source="E8" target="F8"/>
  <move id="307" source="F9" target="F8"/>
  <move id="308" source="I9" target="H9"/>
  <move id="309" source="F8" target="E8"/>
  <move id="310" source="C:" target="D:"/>
  <move id="311" source="E8" target="E9"/>
  <move id="312" source="D:" target="D9"/>
  <move id="313" source="F6" target="F7"/>
  <move id="314" source="D9" target="E9"/>
  <move id="315" source="F7" target="F8"/>
  <move id="316" source="K8" target="K7"/>
  <move id="317" source="F8" target="F9"/>
  <move id="318" source="K7" target="K6"/>
  <move id="319" source="F9" target="F:"/>
  <move id="320" source="A8" target="B8"/>
  <move id="321" source="F:" target="G:"/>
  <player id="1">Player 1</player>
  <player id="2">Player 2</player>
  <result type="1" winner="1"/>
 </game>
</stratego>