<?xml version="1.0" encoding="UTF-8"?>
<stratego>
 <game type="classic">
  
  <field content="DDEDBFEHFMHEDDFBHEHGEDCGBFBJLKIGDDIBBJGIAA__AA__AAAA__AA__AARNPPPNUTQPQSRXSTQTUPNPNSNQRONRPTVQSUYPWV"/>
  <move id="1" source="A4" target="A5"/>
  <move id="2" source="E7" target="E6"/>
  <move id="3" source="E4" target="E5"/>
  <move id="4" source="E6" target="F6"/>
  <move id="5" source="A5" target="A6"/>
  <move id="6" source="D7" target="E7"/>
  <move id="7" source="K4" target="K5"/>
  <move id="8" source="E7" target="E6"/>
  <move id="9" source="E5" target="F5"/>
  <move id="10" source="E8" target="E7"/>
  <move id="11" source="B4" target="B5"/>
  <move id="12" source="E6" target="E5"/>
  <move id="13" source="F5" target="E5"/>
  <move id="14" source="D8" target="D7"/>
  <move id="15" source="E5" target="F5"/>
  <move id="16" source="F6" target="E6"/>
  <move id="17" source="D4" target="E4"/>
  <move id="18" source="I7" target="I6"/>
  <move id="19" source="F5" target="E5"/>
  <move id="20" source="I8" target="I7"/>
  <move id="21" source="K5" target="K6"/>
  <move id="22" source="K7" target="K6"/>
  <move id="23" source="I4" target="I5"/>
  <move id="24" source="I6" target="I5"/>
  <move id="25" source="I5" target="I6"/>
  <move id="26" source="I7" target="I6"/>
  <move id="27" source="K6" target="I6"/>
  <move id="28" source="K8" target="K7"/>
  <move id="29" source="E5" target="F5"/>
  <move id="30" source="K7" target="K6"/>
  <move id="31" source="E4" target="E5"/>
  <move id="32" source="K6" target="K5"/>
  <move id="33" source="I3" target="I4"/>
  <move id="34" source="K9" target="K8"/>
  <move id="35" source="I4" target="I5"/>
  <move id="36" source="K8" target="K7"/>
  <move id="37" source="I5" target="I6"/>
  <move id="38" source="K:" target="K9"/>
  <move id="39" source="I6" target="I7"/>
  <move id="40" source="H7" target="I7"/>
  <move id="41" source="I7" target="K7"/>
  <move id="42" source="H8" target="I8"/>
  <move id="43" source="H4" target="I4"/>
  <move id="44" source="G7" target="H7"/>
  <move id="45" source="K7" target="K6"/>
  <move id="46" source="H9" target="H8"/>
  <move id="47" source="K6" target="K5"/>
  <move id="48" source="G8" target="G7"/>
  <move id="49" source="K5" target="K6"/>
  <move id="50" source="G9" target="G8"/>
  <move id="51" source="K6" target="K7"/>
  <move id="52" source="C8" target="D8"/>
  <move id="53" source="B5" target="B6"/>
  <move id="54" source="H:" target="H9"/>
  <move id="55" source="I4" target="I5"/>
  <move id="56" source="H9" target="G9"/>
  <move id="57" source="I5" target="I6"/>
  <move id="58" source="I:" target="H:"/>
  <move id="59" source="I6" target="I7"/>
  <move id="60" source="F8" target="E8"/>
  <move id="61" source="B6" target="B7"/>
  <move id="62" source="A7" target="A6"/>
  <move id="63" source="A3" target="A4"/>
  <move id="64" source="A8" target="A7"/>
  <move id="65" source="A4" target="A5"/>
  <move id="66" source="B8" target="A8"/>
  <move id="67" source="A5" target="B5"/>
  <move id="68" source="E8" target="F8"/>
  <move id="69" source="B5" target="B6"/>
  <move id="70" source="E6" target="F6"/>
  <move id="71" source="F5" target="F6"/>
  <move id="72" source="E7" target="E6"/>
  <move id="73" source="F6" target="F5"/>
  <move id="74" source="D7" target="E7"/>
  <move id="75" source="C4" target="B4"/>
  <move id="76" source="D8" target="D7"/>
  <move id="77" source="B4" target="B5"/>
  <move id="78" source="B9" target="B8"/>
  <move id="79" source="B6" target="B7"/>
  <move id="80" source="A7" target="B7"/>
  <move id="81" source="B5" target="B8"/>
  <move id="82" source="C7" target="B7"/>
  <move id="83" source="A6" target="A7"/>
  <move id="84" source="B:" target="B9"/>
  <move id="85" source="A7" target="B7"/>
  <move id="86" source="C:" target="B:"/>
  <move id="87" source="B3" target="B4"/>
  <move id="88" source="D9" target="D8"/>
  <move id="89" source="B4" target="B5"/>
  <move id="90" source="D8" target="C8"/>
  <move id="91" source="B5" target="B6"/>
  <move id="92" source="C8" target="C7"/>
  <move id="93" source="B7" target="A7"/>
  <move id="94" source="B9" target="B8"/>
  <move id="95" source="B6" target="B7"/>
  <move id="96" source="B:" target="B9"/>
  <move id="97" source="A7" target="A8"/>
  <move id="98" source="B8" target="B7"/>
  <move id="99" source="A2" target="A3"/>
  <move id="100" source="D7" target="D8"/>
  <move id="101" source="A3" target="A4"/>
  <move id="102" source="C7" target="C8"/>
  <move id="103" source="A4" target="A5"/>
  <move id="104" source="B7" target="C7"/>
  <move id="105" source="A8" target="B8"/>
  <move id="106" source="B9" target="B8"/>
  <move id="107" source="A5" target="A6"/>
  <move id="108" source="C7" target="B7"/>
  <move id="109" source="A6" target="B6"/>
  <move id="110" source="C8" target="C7"/>
  <move id="111" source="A1" target="A2"/>
  <move id="112" source="D8" target="C8"/>
  <move id="113" source="A2" target="A3"/>
  <move id="114" source="B8" target="B9"/>
  <move id="115" source="A3" target="A4"/>
  <move id="116" source="C8" target="B8"/>
  <move id="117" source="A4" target="A5"/>
  <move id="118" source="B8" target="A8"/>
  <move id="119" source="A5" target="A6"/>
  <move id="120" source="B9" target="B8"/>
  <move id="121" source="A6" target="A7"/>
  <move id="122" source="F8" target="E8"/>
  <move id="123" source="B6" target="B7"/>
  <move id="124" source="C7" target="B7"/>
  <move id="125" source="D3" target="D4"/>
  <move id="126" source="E8" target="D8"/>
  <move id="127" source="D4" target="C4"/>
  <move id="128" source="D8" target="C8"/>
  <move id="129" source="C4" target="B4"/>
  <move id="130" source="C8" target="C7"/>
  <move id="131" source="B4" target="B5"/>
  <move id="132" source="G8" target="F8"/>
  <move id="133" source="B5" target="B6"/>
  <move id="134" source="F8" target="E8"/>
  <move id="135" source="B6" target="B7"/>
  <move id="136" source="C7" target="B7"/>
  <move id="137" source="D2" target="D3"/>
  <move id="138" source="E8" target="D8"/>
  <move id="139" source="D3" target="D4"/>
  <move id="140" source="D8" target="C8"/>
  <move id="141" source="D4" target="C4"/>
  <move id="142" source="C8" target="C7"/>
  <move id="143" source="C4" target="B4"/>
  <move id="144" source="G9" target="G8"/>
  <move id="145" source="B4" target="B5"/>
  <move id="146" source="G8" target="F8"/>
  <move id="147" source="F5" target="F6"/>
  <move id="148" source="F8" target="E8"/>
  <move id="149" source="F6" target="E6"/>
  <move id="150" source="E8" target="D8"/>
  <move id="151" source="E6" target="F6"/>
  <move id="152" source="D8" target="D7"/>
  <move id="153" source="E5" target="E6"/>
  <move id="154" source="E7" target="E8"/>
  <move id="155" source="E6" target="E7"/>
  <move id="156" source="E8" target="D8"/>
  <move id="157" source="F6" target="E6"/>
  <move id="158" source="D7" target="E7"/>
  <move id="159" source="E6" target="E7"/>
  <move id="160" source="H:" target="H9"/>
  <move id="161" source="E7" target="E8"/>
  <move id="162" source="D8" target="D7"/>
  <move id="163" source="B5" target="B4"/>
  <move id="164" source="H9" target="G9"/>
  <move id="165" source="B4" target="C4"/>
  <move id="166" source="G9" target="G8"/>
  <move id="167" source="C4" target="D4"/>
  <move id="168" source="G8" target="F8"/>
  <move id="169" source="E8" target="D8"/>
  <move id="170" source="D7" target="E7"/>
  <move id="171" source="D4" target="E4"/>
  <move id="172" source="E7" target="D7"/>
  <move id="173" source="E4" target="E5"/>
  <move id="174" source="F8" target="E8"/>
  <move id="175" source="D8" target="D7"/>
  <move id="176" source="E8" target="F8"/>
  <move id="177" source="E5" target="E6"/>
  <move id="178" source="D7" target="E7"/>
  <move id="179" source="E6" target="E5"/>
  <move id="180" source="E7" target="E6"/>
  <move id="181" source="E5" target="E4"/>
  <move id="182" source="K9" target="K:"/>
  <move id="183" source="K3" target="K4"/>
  <move id="184" source="K:" target="I:"/>
  <move id="185" source="K4" target="K5"/>
  <move id="186" source="I:" target="H:"/>
  <move id="187" source="K5" target="K6"/>
  <move id="188" source="H:" target="H9"/>
  <move id="189" source="I7" target="I6"/>
  <move id="190" source="F8" target="G8"/>
  <move id="191" source="I6" target="I5"/>
  <move id="192" source="H9" target="G9"/>
  <move id="193" source="K6" target="I6"/>
  <move id="194" source="H8" target="H9"/>
  <move id="195" source="I6" target="I7"/>
  <move id="196" source="G8" target="H8"/>
  <move id="197" source="K7" target="K8"/>
  <move id="198" source="G9" target="G8"/>
  <move id="199" source="I5" target="I6"/>
  <move id="200" source="G8" target="F8"/>
  <move id="201" source="E4" target="D4"/>
  <move id="202" source="F8" target="G8"/>
  <move id="203" source="D4" target="C4"/>
  <move id="204" source="E6" target="E7"/>
  <move id="205" source="C4" target="B4"/>
  <move id="206" source="E7" target="D7"/>
  <move id="207" source="D1" target="D2"/>
  <move id="208" source="C7" target="C8"/>
  <move id="209" source="C3" target="C4"/>
  <move id="210" source="F9" target="F8"/>
  <move id="211" source="D2" target="D3"/>
  <move id="212" source="A8" target="A7"/>
  <move id="213" source="I7" target="I8"/>
  <move id="214" source="H8" target="I8"/>
  <move id="215" source="I6" target="I7"/>
  <move id="216" source="G8" target="H8"/>
  <move id="217" source="I7" target="I8"/>
  <move id="218" source="F8" target="G8"/>
  <move id="219" source="I8" target="H8"/>
  <move id="220" source="G8" target="G9"/>
  <move id="221" source="H3" target="H4"/>
  <move id="222" source="D7" target="D8"/>
  <move id="223" source="H4" target="I4"/>
  <move id="224" source="D8" target="E8"/>
  <move id="225" source="C4" target="D4"/>
  <move id="226" source="E8" target="F8"/>
  <move id="227" source="D4" target="E4"/>
  <move id="228" source="C8" target="D8"/>
  <move id="229" source="E4" target="E5"/>
  <move id="230" source="D8" target="E8"/>
  <move id="231" source="E5" target="E6"/>
  <move id="232" source="E8" target="E7"/>
  <move id="233" source="E6" target="F6"/>
  <move id="234" source="B8" target="C8"/>
  <move id="235" source="I4" target="I5"/>
  <move id="236" source="F8" target="G8"/>
  <move id="237" source="I5" target="I6"/>
  <move id="238" source="G8" target="H8"/>
  <move id="239" source="B4" target="B5"/>
  <move id="240" source="A7" target="A6"/>
  <move id="241" source="D3" target="C3"/>
  <move id="242" source="B7" target="C7"/>
  <move id="243" source="B5" target="B4"/>
  <move id="244" source="C7" target="D7"/>
  <move id="245" source="B4" target="C4"/>
  <move id="246" source="D7" target="D8"/>
  <move id="247" source="E2" target="D2"/>
  <move id="248" source="D8" target="D9"/>
  <move id="249" source="D2" target="D3"/>
  <move id="250" source="C8" target="C7"/>
  <move id="251" source="D3" target="D4"/>
  <move id="252" source="A:" target="B:"/>
  <move id="253" source="C4" target="B4"/>
  <move id="254" source="B:" target="B9"/>
  <move id="255" source="B4" target="B3"/>
  <move id="256" source="B9" target="B8"/>
  <move id="257" source="D4" target="C4"/>
  <move id="258" source="B8" target="B7"/>
  <move id="259" source="C4" target="B4"/>
  <move id="260" source="B7" target="B4"/>
  <move id="261" source="B4" target="B5"/>
  <move id="262" source="A6" target="A7"/>
  <move id="263" source="B5" target="B6"/>
  <move id="264" source="A7" target="A8"/>
  <move id="265" source="B6" target="A6"/>
  <move id="266" source="C7" target="B7"/>
  <move id="267" source="B3" target="B4"/>
  <move id="268" source="A8" target="B8"/>
  <move id="269" source="B4" target="B5"/>
  <move id="270" source="B8" target="C8"/>
  <move id="271" source="B5" target="B6"/>
  <move id="272" source="C8" target="D8"/>
  <move id="273" source="B6" target="B7"/>
  <move id="274" source="B7" target="C7"/>
  <move id="275" source="A6" target="A7"/>
  <move id="276" source="D8" target="C8"/>
  <move id="277" source="A7" target="A8"/>
  <move id="278" source="C8" target="B8"/>
  <move id="279" source="A8" target="B8"/>
  <move id="280" source="D9" target="D8"/>
  <move id="281" source="B2" target="B3"/>
  <move id="282" source="D8" target="C8"/>
  <move id="283" source="B3" target="B4"/>
  <move id="284" source="C8" target="B8"/>
  <move id="285" source="B4" target="B5"/>
  <move id="286" source="C7" target="B7"/>
  <move id="287" source="H2" target="H3"/>
  <move id="288" source="F:" target="F9"/>
  <move id="289" source="H3" target="H4"/>
  <move id="290" source="F9" target="F8"/>
  <move id="291" source="H4" target="I4"/>
  <move id="292" source="G7" target="G8"/>
  <move id="293" source="I4" target="I5"/>
  <move id="294" source="H7" target="G7"/>
  <move id="295" source="I6" target="I7"/>
  <move id="296" source="G9" target="F9"/>
  <move id="297" source="I5" target="I6"/>
  <move id="298" source="G8" target="G9"/>
  <move id="299" source="I7" target="K7"/>
  <move id="300" source="G7" target="H7"/>
  <move id="301" source="K7" target="I7"/>
  <move id="302" source="H7" target="G7"/>
  <move id="303" source="K8" target="I8"/>
  <move id="304" source="H8" target="G8"/>
  <move id="305" source="I7" target="H7"/>
  <move id="306" source="G7" target="H7"/>
  <move id="307" source="H7" target="I7"/>
  <move id="308" source="E7" target="D7"/>
  <move id="309" source="I6" target="K6"/>
  <move id="310" source="F8" target="E8"/>
  <move id="311" source="K6" target="K7"/>
  <move id="312" source="E8" target="E7"/>
  <move id="313" source="K7" target="K8"/>
  <move id="314" source="E7" target="E6"/>
  <move id="315" source="F6" target="F5"/>
  <move id="316" source="E6" target="E5"/>
  <move id="317" source="F5" target="F6"/>
  <move id="318" source="D7" target="D8"/>
  <move id="319" source="K8" target="K9"/>
  <move id="320" source="B7" target="C7"/>
  <move id="321" source="K9" target="I9"/>
  <move id="322" source="G8" target="H8"/>
  <move id="323" source="I9" target="H9"/>
  <move id="324" source="H8" target="I8"/>
  <move id="325" source="I7" target="H7"/>
  <move id="326" source="G9" target="H9"/>
  <move id="327" source="H7" target="H8"/>
  <move id="328" source="C7" target="D7"/>
  <move id="329" source="H8" target="G8"/>
  <move id="330" source="D7" target="E7"/>
  <move id="331" source="G8" target="G9"/>
  <move id="332" source="E7" target="E8"/>
  <move id="333" source="G9" target="F9"/>
  <move id="334" source="E8" target="E7"/>
  <move id="335" source="F9" target="F:"/>
  <move id="336" source="E5" target="F5"/>
  <move id="337" source="F6" target="E6"/>
  <move id="338" source="E7" target="E6"/>
  <move id="339" source="B5" target="B6"/>
  <move id="340" source="E6" target="E7"/>
  <move id="341" source="B6" target="B7"/>
  <move id="342" source="E7" target="D7"/>
  <move id="343" source="B7" target="B8"/>
  <move id="344" source="F5" target="E5"/>
  <move id="345" source="C3" target="C4"/>
  <move id="346" source="D7" target="C7"/>
  <move id="347" source="C4" target="B4"/>
  <move id="348" source="C7" target="B7"/>
  <move id="349" source="F:" target="F9"/>
  <move id="350" source="B7" target="B6"/>
  <move id="351" source="F9" target="F8"/>
  <move id="352" source="B6" target="B5"/>
  <move id="353" source="B4" target="A4"/>
  <move id="354" source="E5" target="E4"/>
  <move id="355" source="A4" target="A5"/>
  <move id="356" source="E4" target="D4"/>
  <move id="357" source="A5" target="A6"/>
  <move id="358" source="B5" target="B6"/>
  <move id="359" source="A6" target="A7"/>
  <move id="360" source="B6" target="B7"/>
  <move id="361" source="A7" target="A6"/>
  <move id="362" source="B8" target="B9"/>
  <move id="363" source="I2" target="I3"/>
  <move id="364" source="D4" target="C4"/>
  <move id="365" source="I3" target="I4"/>
  <move id="366" source="C4" target="B4"/>
  <move id="367" source="C2" target="D2"/>
  <move id="368" source="B4" target="A4"/>
  <move id="369" source="D2" target="D4"/>
  <move id="370" source="A4" target="A5"/>
  <move id="371" source="D4" target="E4"/>
  <move id="372" source="A5" target="A6"/>
  <move id="373" source="E4" target="E9"/>
  <move id="374" source="B7" target="C7"/>
  <move id="375" source="I4" target="I5"/>
  <move id="376" source="C7" target="D7"/>
  <move id="377" source="I5" target="I6"/>
  <move id="378" source="D7" target="E7"/>
  <move id="379" source="I6" target="I7"/>
  <move id="380" source="E7" target="E8"/>
  <move id="381" source="I7" target="H7"/>
  <move id="382" source="E8" target="F8"/>
  <move id="383" source="H7" target="H8"/>
  <move id="384" source="D8" target="E8"/>
  <move id="385" source="H8" target="H9"/>
  <move id="386" source="A6" target="A5"/>
  <move id="387" source="H9" target="H:"/>
  <move id="388" source="A5" target="A4"/>
  <move id="389" source="C1" target="C2"/>
  <move id="390" source="A4" target="B4"/>
  <move id="391" source="C2" target="C3"/>
  <move id="392" source="B4" target="C4"/>
  <move id="393" source="C3" target="D3"/>
  <move id="394" source="C4" target="D4"/>
  <move id="395" source="D3" target="C3"/>
  <move id="396" source="B9" target="B8"/>
  <move id="397" source="H1" target="H2"/>
  <move id="398" source="B8" target="B7"/>
  <move id="399" source="H2" target="H3"/>
  <move id="400" source="D4" target="E4"/>
  <move id="401" source="H3" target="H4"/>
  <move id="402" source="E8" target="F8"/>
  <move id="403" source="H4" target="I4"/>
  <move id="404" source="F8" target="G8"/>
  <move id="405" source="I4" target="I5"/>
  <move id="406" source="G8" target="H8"/>
  <move id="407" source="I5" target="I6"/>
  <move id="408" source="H8" target="H7"/>
  <move id="409" source="H:" target="H9"/>
  <move id="410" source="E4" target="E5"/>
  <move id="411" source="H9" target="G9"/>
  <move id="412" source="E5" target="E6"/>
  <move id="413" source="G9" target="F9"/>
  <move id="414" source="E6" target="E7"/>
  <move id="415" source="C3" target="C4"/>
  <move id="416" source="E7" target="E8"/>
  <move id="417" source="C4" target="D4"/>
  <move id="418" source="E8" target="F8"/>
  <move id="419" source="F9" target="F:"/>
  <move id="420" source="F8" target="F9"/>
  <move id="421" source="F:" target="E:"/>
  <move id="422" source="F9" target="F:"/>
  <move id="423" source="D4" target="E4"/>
  <move id="424" source="F:" target="E:"/>
  <move id="425" source="I6" target="I7"/>
  <move id="426" source="E:" target="F:"/>
  <move id="427" source="E4" target="E5"/>
  <move id="428" source="F:" target="F9"/>
  <move id="429" source="E5" target="E6"/>
  <move id="430" source="F9" target="F8"/>
  <move id="431" source="E6" target="E7"/>
  <move id="432" source="B7" target="C7"/>
  <move id="433" source="I7" target="H7"/>
  <move id="434" source="C7" target="D7"/>
  <move id="435" source="E7" target="E6"/>
  <move id="436" source="D7" target="E7"/>
  <move id="437" source="E6" target="E5"/>
  <move id="438" source="E7" target="E6"/>
  <move id="439" source="E5" target="E4"/>
  <move id="440" source="E6" target="E5"/>
  <move id="441" source="E4" target="D4"/>
  <move id="442" source="E5" target="E4"/>
  <move id="443" source="D4" target="C4"/>
  <move id="444" source="E4" target="D4"/>
  <move id="445" source="C4" target="B4"/>
  <move id="446" source="D4" target="C4"/>
  <move id="447" source="B4" target="B5"/>
  <move id="448" source="C4" target="B4"/>
  <move id="449" source="B5" target="B6"/>
  <move id="450" source="B4" target="B5"/>
  <move id="451" source="B6" target="B7"/>
  <move id="452" source="B5" target="B6"/>
  <move id="453" source="B7" target="B8"/>
  <move id="454" source="B6" target="B7"/>
  <move id="455" source="B8" target="C8"/>
  <move id="456" source="B7" target="B8"/>
  <move id="457" source="C8" target="C9"/>
  <move id="458" source="B8" target="C8"/>
  <move id="459" source="C9" target="C:"/>
  <move id="460" source="D:" target="C:"/>
  <move id="461" source="B1" target="B2"/>
  <move id="462" source="F8" target="G8"/>
  <move id="463" source="B2" target="B3"/>
  <move id="464" source="G8" target="H8"/>
  <move id="465" source="H7" target="G7"/>
  <move id="466" source="H8" target="G8"/>
  <move id="467" source="G7" target="H7"/>
  <move id="468" source="G8" target="H8"/>
  <move id="469" source="H7" target="I7"/>
  <player id="1">Player 1</player>
  <player id="2">Player 2</player>
  <result type="3" winner="1"/>
 </game>
</stratego>