<?xml version="1.0" encoding="UTF-8"?>
<stratego>
 <game type="classic">
  
  <field content="FBHEEBMBEFCEHDHEBIGBKDJIDDLDDHGFDFBGJIDGAA__AA__AAAA__AA__AAPSVTPSVQRTSUORTURTURPPPWQQXPPPQNNNSYNNNQ"/>
  <move id="1" source="F4" target="F5"/>
  <move id="2" source="K7" target="K6"/>
  <move id="3" source="F5" target="F6"/>
  <move id="4" source="K6" target="K5"/>
  <move id="5" source="F6" target="E6"/>
  <move id="6" source="K5" target="K4"/>
  <move id="7" source="G4" target="F4"/>
  <move id="8" source="K4" target="I4"/>
  <move id="9" source="H4" target="I4"/>
  <move id="10" source="K8" target="K7"/>
  <move id="11" source="F4" target="F5"/>
  <move id="12" source="K7" target="K6"/>
  <move id="13" source="F5" target="F6"/>
  <move id="14" source="K6" target="K5"/>
  <move id="15" source="I4" target="H4"/>
  <move id="16" source="K5" target="K4"/>
  <move id="17" source="I3" target="I4"/>
  <move id="18" source="K4" target="K3"/>
  <move id="19" source="G3" target="G4"/>
  <move id="20" source="I7" target="K7"/>
  <move id="21" source="F3" target="F4"/>
  <move id="22" source="I8" target="I7"/>
  <move id="23" source="I4" target="I3"/>
  <move id="24" source="I7" target="I6"/>
  <move id="25" source="H3" target="G3"/>
  <move id="26" source="I6" target="I5"/>
  <move id="27" source="H4" target="H3"/>
  <move id="28" source="I5" target="I4"/>
  <move id="29" source="G4" target="H4"/>
  <move id="30" source="I4" target="K4"/>
  <move id="31" source="H4" target="I4"/>
  <move id="32" source="K4" target="K3"/>
  <move id="33" source="I4" target="K4"/>
  <move id="34" source="K3" target="I3"/>
  <move id="35" source="H3" target="I3"/>
  <move id="36" source="K7" target="K6"/>
  <move id="37" source="F4" target="F5"/>
  <move id="38" source="K6" target="K5"/>
  <move id="39" source="K4" target="I4"/>
  <move id="40" source="K5" target="I5"/>
  <move id="41" source="I4" target="H4"/>
  <move id="42" source="I5" target="I4"/>
  <move id="43" source="H4" target="G4"/>
  <move id="44" source="I4" target="H4"/>
  <move id="45" source="F5" target="E5"/>
  <move id="46" source="H4" target="G4"/>
  <move id="47" source="G3" target="H3"/>
  <move id="48" source="I9" target="I8"/>
  <move id="49" source="H3" target="H4"/>
  <move id="50" source="I8" target="I7"/>
  <move id="51" source="E3" target="F3"/>
  <move id="52" source="I7" target="I6"/>
  <move id="53" source="H2" target="H3"/>
  <move id="54" source="I6" target="I5"/>
  <move id="55" source="H3" target="I3"/>
  <move id="56" source="I5" target="I3"/>
  <move id="57" source="I3" target="H3"/>
  <move id="58" source="H9" target="I9"/>
  <move id="59" source="H3" target="H2"/>
  <move id="60" source="I9" target="I8"/>
  <move id="61" source="F3" target="G3"/>
  <move id="62" source="H7" target="I7"/>
  <move id="63" source="G3" target="H3"/>
  <move id="64" source="I7" target="K7"/>
  <move id="65" source="H3" target="I3"/>
  <move id="66" source="I8" target="I3"/>
  <move id="67" source="F2" target="F3"/>
  <move id="68" source="K7" target="K6"/>
  <move id="69" source="F3" target="G3"/>
  <move id="70" source="K6" target="K5"/>
  <move id="71" source="G3" target="H3"/>
  <move id="72" source="K5" target="K4"/>
  <move id="73" source="H3" target="I3"/>
  <move id="74" source="K9" target="I9"/>
  <move id="75" source="G4" target="G3"/>
  <move id="76" source="I9" target="I3"/>
  <move id="77" source="G3" target="H3"/>
  <move id="78" source="K4" target="K3"/>
  <move id="79" source="H4" target="G4"/>
  <move id="80" source="K3" target="K2"/>
  <move id="81" source="I2" target="K2"/>
  <move id="82" source="G9" target="H9"/>
  <move id="83" source="H3" target="H4"/>
  <move id="84" source="H9" target="I9"/>
  <move id="85" source="G4" target="G3"/>
  <move id="86" source="I9" target="K9"/>
  <move id="87" source="I3" target="I2"/>
  <move id="88" source="K9" target="K8"/>
  <move id="89" source="K2" target="K3"/>
  <move id="90" source="K8" target="K7"/>
  <move id="91" source="K3" target="I3"/>
  <move id="92" source="K7" target="K6"/>
  <move id="93" source="H4" target="I4"/>
  <move id="94" source="K6" target="K5"/>
  <move id="95" source="I3" target="H3"/>
  <move id="96" source="E7" target="E6"/>
  <move id="97" source="I4" target="H4"/>
  <move id="98" source="K5" target="K4"/>
  <move id="99" source="H3" target="I3"/>
  <move id="100" source="K4" target="K3"/>
  <move id="101" source="I3" target="K3"/>
  <move id="102" source="E8" target="E7"/>
  <move id="103" source="H4" target="I4"/>
  <move id="104" source="E7" target="E6"/>
  <move id="105" source="F6" target="E6"/>
  <move id="106" source="D8" target="E8"/>
  <move id="107" source="E6" target="F6"/>
  <move id="108" source="E8" target="E7"/>
  <move id="109" source="G3" target="F3"/>
  <move id="110" source="E7" target="E6"/>
  <move id="111" source="F6" target="F5"/>
  <move id="112" source="K3" target="I3"/>
  <move id="113" source="I4" target="I3"/>
  <move id="114" source="D9" target="D8"/>
  <move id="115" source="F3" target="G3"/>
  <move id="116" source="D8" target="E8"/>
  <move id="117" source="A4" target="A5"/>
  <move id="118" source="E8" target="E7"/>
  <move id="119" source="A3" target="A4"/>
  <move id="120" source="E6" target="E5"/>
  <move id="121" source="F5" target="E5"/>
  <move id="122" source="E7" target="E6"/>
  <move id="123" source="E5" target="F5"/>
  <move id="124" source="E6" target="F6"/>
  <move id="125" source="F5" target="F4"/>
  <move id="126" source="F6" target="F5"/>
  <move id="127" source="F4" target="G4"/>
  <move id="128" source="F5" target="F4"/>
  <move id="129" source="G4" target="H4"/>
  <move id="130" source="F4" target="G4"/>
  <move id="131" source="H4" target="H3"/>
  <move id="132" source="G4" target="G3"/>
  <move id="133" source="H3" target="H4"/>
  <move id="134" source="G3" target="G4"/>
  <move id="135" source="H4" target="I4"/>
  <move id="136" source="G4" target="H4"/>
  <move id="137" source="I4" target="K4"/>
  <move id="138" source="H4" target="I4"/>
  <move id="139" source="K4" target="K5"/>
  <move id="140" source="I4" target="I3"/>
  <move id="141" source="A5" target="A6"/>
  <move id="142" source="I3" target="I2"/>
  <move id="143" source="A4" target="A5"/>
  <move id="144" source="G7" target="H7"/>
  <move id="145" source="B4" target="A4"/>
  <move id="146" source="H7" target="I7"/>
  <move id="147" source="B3" target="B7"/>
  <move id="148" source="B7" target="B6"/>
  <move id="149" source="A6" target="A7"/>
  <move id="150" source="I7" target="I6"/>
  <move id="151" source="C3" target="B3"/>
  <move id="152" source="I6" target="I5"/>
  <move id="153" source="K5" target="I5"/>
  <move id="154" source="K:" target="K9"/>
  <move id="155" source="B3" target="B4"/>
  <move id="156" source="K9" target="K8"/>
  <move id="157" source="B4" target="B5"/>
  <move id="158" source="B6" target="B7"/>
  <move id="159" source="A7" target="A8"/>
  <move id="160" source="B7" target="A7"/>
  <move id="161" source="A5" target="A6"/>
  <move id="162" source="K8" target="K7"/>
  <move id="163" source="A6" target="A7"/>
  <move id="164" source="K7" target="K6"/>
  <move id="165" source="B5" target="A5"/>
  <move id="166" source="K6" target="K5"/>
  <move id="167" source="C4" target="B4"/>
  <move id="168" source="K5" target="K4"/>
  <move id="169" source="B4" target="B7"/>
  <move id="170" source="D7" target="D8"/>
  <move id="171" source="B7" target="C7"/>
  <move id="172" source="C7" target="D7"/>
  <move id="173" source="A7" target="B7"/>
  <move id="174" source="D7" target="E7"/>
  <move id="175" source="B7" target="C7"/>
  <move id="176" source="E7" target="E6"/>
  <move id="177" source="C7" target="D7"/>
  <move id="178" source="E6" target="E5"/>
  <move id="179" source="D7" target="E7"/>
  <move id="180" source="E5" target="F5"/>
  <move id="181" source="E7" target="E6"/>
  <move id="182" source="F5" target="F4"/>
  <move id="183" source="E6" target="F6"/>
  <move id="184" source="F4" target="F3"/>
  <move id="185" source="F6" target="F5"/>
  <move id="186" source="F3" target="E3"/>
  <move id="187" source="F5" target="F4"/>
  <move id="188" source="K4" target="I4"/>
  <move id="189" source="F4" target="G4"/>
  <move id="190" source="I4" target="I3"/>
  <move id="191" source="G4" target="H4"/>
  <move id="192" source="I2" target="K2"/>
  <move id="193" source="H4" target="H3"/>
  <move id="194" source="I3" target="I2"/>
  <move id="195" source="H3" target="I3"/>
  <move id="196" source="I2" target="I1"/>
  <move id="197" source="A5" target="A6"/>
  <move id="198" source="K2" target="K3"/>
  <move id="199" source="I3" target="K3"/>
  <move id="200" source="E9" target="E8"/>
  <move id="201" source="A6" target="B6"/>
  <move id="202" source="E8" target="E7"/>
  <move id="203" source="A4" target="A5"/>
  <move id="204" source="E7" target="E6"/>
  <move id="205" source="A5" target="A6"/>
  <move id="206" source="E6" target="F6"/>
  <move id="207" source="A6" target="A7"/>
  <move id="208" source="F6" target="F5"/>
  <move id="209" source="A7" target="B7"/>
  <move id="210" source="C8" target="C7"/>
  <move id="211" source="B7" target="B8"/>
  <move id="212" source="B8" target="C8"/>
  <move id="213" source="B6" target="B7"/>
  <move id="214" source="F5" target="F4"/>
  <move id="215" source="B7" target="C7"/>
  <move id="216" source="C8" target="B8"/>
  <move id="217" source="C7" target="D7"/>
  <move id="218" source="F4" target="F3"/>
  <move id="219" source="D7" target="E7"/>
  <move id="220" source="F3" target="G3"/>
  <move id="221" source="E7" target="E6"/>
  <move id="222" source="E3" target="F3"/>
  <move id="223" source="E6" target="F6"/>
  <move id="224" source="F3" target="F2"/>
  <move id="225" source="F6" target="F5"/>
  <move id="226" source="G3" target="G2"/>
  <move id="227" source="H2" target="G2"/>
  <move id="228" source="F2" target="G2"/>
  <move id="229" source="F5" target="F6"/>
  <move id="230" source="G2" target="G1"/>
  <player id="1">Player 1</player>
  <player id="2">Player 2</player>
  <result type="1" winner="2"/>
 </game>
</stratego>