<?xml version="1.0" encoding="UTF-8"?>
<stratego>
 <game type="classic">
  
  <field content="FDBHEIIGBMBFDBIEJJGBFBEDEDHCEHDDHLDGDKGFAA__AA__AAAA__AA__AAPTWQPSVSPSRPROUPNRNPTVTQXSNURTPQNYPQUNQN"/>
  <move id="1" source="E4" target="E5"/>
  <move id="2" source="B7" target="B6"/>
  <move id="3" source="F4" target="F5"/>
  <move id="4" source="B6" target="B5"/>
  <move id="5" source="G4" target="F4"/>
  <move id="6" source="A7" target="A4"/>
  <move id="7" source="E5" target="E6"/>
  <move id="8" source="A8" target="A7"/>
  <move id="9" source="F5" target="E5"/>
  <move id="10" source="A7" target="A6"/>
  <move id="11" source="F4" target="F5"/>
  <move id="12" source="A6" target="A5"/>
  <move id="13" source="F5" target="F4"/>
  <move id="14" source="A5" target="A4"/>
  <move id="15" source="F4" target="F5"/>
  <move id="16" source="B5" target="B4"/>
  <move id="17" source="E5" target="E4"/>
  <move id="18" source="B4" target="C4"/>
  <move id="19" source="C3" target="C4"/>
  <move id="20" source="B8" target="B3"/>
  <move id="21" source="A3" target="A4"/>
  <move id="22" source="C8" target="B8"/>
  <move id="23" source="C4" target="B4"/>
  <move id="24" source="A9" target="A8"/>
  <move id="25" source="D4" target="C4"/>
  <move id="26" source="A8" target="A7"/>
  <move id="27" source="C4" target="C3"/>
  <move id="28" source="A7" target="B7"/>
  <move id="29" source="E4" target="D4"/>
  <move id="30" source="K7" target="K6"/>
  <move id="31" source="D4" target="C4"/>
  <move id="32" source="K6" target="K5"/>
  <move id="33" source="B4" target="A4"/>
  <move id="34" source="B7" target="B6"/>
  <move id="35" source="C4" target="B4"/>
  <move id="36" source="B6" target="B5"/>
  <move id="37" source="C3" target="C4"/>
  <move id="38" source="B5" target="A5"/>
  <move id="39" source="A4" target="A3"/>
  <move id="40" source="F7" target="F6"/>
  <move id="41" source="B4" target="A4"/>
  <move id="42" source="F6" target="E6"/>
  <move id="43" source="F5" target="F8"/>
  <move id="44" source="F9" target="F8"/>
  <move id="45" source="H4" target="G4"/>
  <move id="46" source="F8" target="F7"/>
  <move id="47" source="A4" target="A5"/>
  <move id="48" source="A5" target="A6"/>
  <move id="49" source="A3" target="A4"/>
  <move id="50" source="B8" target="B7"/>
  <move id="51" source="A4" target="B4"/>
  <move id="52" source="A6" target="A7"/>
  <move id="53" source="B4" target="B5"/>
  <move id="54" source="C9" target="C8"/>
  <move id="55" source="B5" target="B6"/>
  <move id="56" source="C8" target="B8"/>
  <move id="57" source="C4" target="B4"/>
  <move id="58" source="A7" target="A8"/>
  <move id="59" source="B4" target="B5"/>
  <move id="60" source="A8" target="A9"/>
  <move id="61" source="B5" target="A5"/>
  <move id="62" source="B7" target="B6"/>
  <move id="63" source="D3" target="D4"/>
  <move id="64" source="B6" target="B7"/>
  <move id="65" source="D4" target="C4"/>
  <move id="66" source="K5" target="K4"/>
  <move id="67" source="I4" target="K4"/>
  <move id="68" source="K8" target="K3"/>
  <move id="69" source="G4" target="H4"/>
  <move id="70" source="K9" target="K8"/>
  <move id="71" source="A5" target="B5"/>
  <move id="72" source="K8" target="K7"/>
  <move id="73" source="B5" target="B4"/>
  <move id="74" source="K7" target="K6"/>
  <move id="75" source="C4" target="C3"/>
  <move id="76" source="K6" target="K5"/>
  <move id="77" source="H4" target="I4"/>
  <move id="78" source="K5" target="K4"/>
  <move id="79" source="I4" target="K4"/>
  <move id="80" source="F7" target="F6"/>
  <move id="81" source="K4" target="I4"/>
  <move id="82" source="F6" target="F5"/>
  <move id="83" source="I4" target="H4"/>
  <move id="84" source="F5" target="F4"/>
  <move id="85" source="F3" target="F4"/>
  <move id="86" source="F4" target="F5"/>
  <move id="87" source="B4" target="C4"/>
  <move id="88" source="F5" target="F6"/>
  <move id="89" source="C4" target="D4"/>
  <move id="90" source="F6" target="F7"/>
  <move id="91" source="D4" target="D3"/>
  <move id="92" source="E6" target="F6"/>
  <move id="93" source="C3" target="C4"/>
  <move id="94" source="E7" target="E6"/>
  <move id="95" source="C4" target="D4"/>
  <move id="96" source="E6" target="E5"/>
  <move id="97" source="D4" target="E4"/>
  <move id="98" source="A9" target="A8"/>
  <move id="99" source="D3" target="D4"/>
  <move id="100" source="A8" target="A7"/>
  <move id="101" source="G3" target="G4"/>
  <move id="102" source="A7" target="A6"/>
  <move id="103" source="G4" target="F4"/>
  <move id="104" source="F7" target="E7"/>
  <move id="105" source="F4" target="F5"/>
  <move id="106" source="F6" target="F7"/>
  <move id="107" source="F5" target="E5"/>
  <move id="108" source="A6" target="A5"/>
  <move id="109" source="E4" target="F4"/>
  <move id="110" source="A5" target="A4"/>
  <move id="111" source="D4" target="D3"/>
  <move id="112" source="A4" target="B4"/>
  <move id="113" source="F4" target="B4"/>
  <move id="114" source="B4" target="B5"/>
  <move id="115" source="C2" target="C3"/>
  <move id="116" source="B5" target="B6"/>
  <move id="117" source="C3" target="C4"/>
  <move id="118" source="B6" target="A6"/>
  <move id="119" source="D3" target="D4"/>
  <move id="120" source="B7" target="B6"/>
  <move id="121" source="D4" target="E4"/>
  <move id="122" source="A6" target="A7"/>
  <move id="123" source="C4" target="D4"/>
  <move id="124" source="B6" target="B5"/>
  <move id="125" source="D4" target="C4"/>
  <move id="126" source="F7" target="F8"/>
  <move id="127" source="E4" target="D4"/>
  <move id="128" source="G7" target="F7"/>
  <move id="129" source="D4" target="E4"/>
  <move id="130" source="F7" target="F6"/>
  <move id="131" source="E4" target="F4"/>
  <move id="132" source="F6" target="F5"/>
  <move id="133" source="F4" target="F5"/>
  <move id="134" source="B5" target="B4"/>
  <move id="135" source="C4" target="F4"/>
  <move id="136" source="B4" target="C4"/>
  <move id="137" source="E5" target="E4"/>
  <move id="138" source="C4" target="C3"/>
  <move id="139" source="E4" target="D4"/>
  <move id="140" source="C3" target="C2"/>
  <move id="141" source="D4" target="D3"/>
  <move id="142" source="C2" target="B2"/>
  <move id="143" source="D3" target="D4"/>
  <move id="144" source="A7" target="A6"/>
  <move id="145" source="D4" target="C4"/>
  <move id="146" source="A6" target="A5"/>
  <move id="147" source="C4" target="B4"/>
  <move id="148" source="A5" target="A4"/>
  <move id="149" source="B4" target="A4"/>
  <move id="150" source="B8" target="B7"/>
  <move id="151" source="B1" target="B2"/>
  <move id="152" source="B7" target="B6"/>
  <move id="153" source="B2" target="C2"/>
  <move id="154" source="E7" target="E6"/>
  <move id="155" source="C2" target="C3"/>
  <move id="156" source="B6" target="B5"/>
  <move id="157" source="C3" target="C4"/>
  <move id="158" source="B5" target="B4"/>
  <move id="159" source="C4" target="D4"/>
  <move id="160" source="B4" target="C4"/>
  <move id="161" source="D4" target="E4"/>
  <move id="162" source="C4" target="C3"/>
  <move id="163" source="F4" target="F3"/>
  <move id="164" source="C3" target="C2"/>
  <move id="165" source="E4" target="F4"/>
  <move id="166" source="C2" target="D2"/>
  <move id="167" source="F4" target="G4"/>
  <move id="168" source="C7" target="B7"/>
  <move id="169" source="H4" target="I4"/>
  <move id="170" source="B7" target="B6"/>
  <move id="171" source="G4" target="H4"/>
  <move id="172" source="B6" target="B5"/>
  <move id="173" source="F3" target="F4"/>
  <move id="174" source="B5" target="B4"/>
  <move id="175" source="F4" target="E4"/>
  <move id="176" source="B4" target="C4"/>
  <move id="177" source="E3" target="D3"/>
  <move id="178" source="C4" target="D4"/>
  <move id="179" source="D3" target="D4"/>
  <move id="180" source="D4" target="E4"/>
  <move id="181" source="F5" target="F4"/>
  <move id="182" source="E4" target="E3"/>
  <move id="183" source="F4" target="F3"/>
  <move id="184" source="E3" target="E2"/>
  <move id="185" source="H4" target="F4"/>
  <move id="186" source="E6" target="E5"/>
  <move id="187" source="F4" target="E4"/>
  <move id="188" source="E5" target="E4"/>
  <move id="189" source="I4" target="H4"/>
  <move id="190" source="D7" target="E7"/>
  <move id="191" source="H4" target="G4"/>
  <move id="192" source="E7" target="E6"/>
  <move id="193" source="G4" target="F4"/>
  <move id="194" source="E6" target="E5"/>
  <move id="195" source="G2" target="G3"/>
  <move id="196" source="E4" target="D4"/>
  <move id="197" source="F2" target="G2"/>
  <move id="198" source="D4" target="C4"/>
  <move id="199" source="F3" target="F2"/>
  <move id="200" source="E2" target="E3"/>
  <move id="201" source="F2" target="E2"/>
  <move id="202" source="E3" target="F3"/>
  <move id="203" source="F4" target="F3"/>
  <move id="204" source="E5" target="E4"/>
  <move id="205" source="G3" target="G4"/>
  <move id="206" source="E4" target="D4"/>
  <move id="207" source="E2" target="E3"/>
  <move id="208" source="C4" target="C3"/>
  <move id="209" source="G2" target="G3"/>
  <move id="210" source="D4" target="D3"/>
  <move id="211" source="E3" target="D3"/>
  <move id="212" source="C3" target="C4"/>
  <move id="213" source="G3" target="F3"/>
  <move id="214" source="B9" target="B8"/>
  <move id="215" source="G4" target="H4"/>
  <move id="216" source="B8" target="B7"/>
  <move id="217" source="H2" target="G2"/>
  <move id="218" source="B7" target="C7"/>
  <move id="219" source="G2" target="G3"/>
  <move id="220" source="C7" target="D7"/>
  <move id="221" source="F3" target="F2"/>
  <move id="222" source="D7" target="E7"/>
  <move id="223" source="D3" target="D4"/>
  <move id="224" source="C4" target="B4"/>
  <move id="225" source="D4" target="E4"/>
  <move id="226" source="E7" target="E6"/>
  <move id="227" source="F2" target="F3"/>
  <move id="228" source="B4" target="C4"/>
  <move id="229" source="F3" target="F4"/>
  <move id="230" source="F8" target="F7"/>
  <move id="231" source="F4" target="F5"/>
  <move id="232" source="F7" target="F6"/>
  <move id="233" source="F5" target="E5"/>
  <move id="234" source="E6" target="E7"/>
  <move id="235" source="E4" target="F4"/>
  <move id="236" source="C4" target="D4"/>
  <move id="237" source="E5" target="E4"/>
  <move id="238" source="D4" target="D3"/>
  <move id="239" source="G3" target="F3"/>
  <move id="240" source="D3" target="E3"/>
  <move id="241" source="F3" target="E3"/>
  <move id="242" source="E7" target="E6"/>
  <move id="243" source="E3" target="F3"/>
  <move id="244" source="E6" target="E5"/>
  <move id="245" source="E4" target="E5"/>
  <move id="246" source="F6" target="F7"/>
  <move id="247" source="F4" target="F5"/>
  <move id="248" source="E5" target="E4"/>
  <move id="249" source="F3" target="E3"/>
  <move id="250" source="E4" target="D4"/>
  <move id="251" source="E3" target="D3"/>
  <move id="252" source="B:" target="B9"/>
  <move id="253" source="D3" target="D4"/>
  <move id="254" source="B9" target="B8"/>
  <move id="255" source="F1" target="F2"/>
  <move id="256" source="B8" target="B7"/>
  <move id="257" source="F2" target="F3"/>
  <move id="258" source="B7" target="B6"/>
  <move id="259" source="F3" target="F4"/>
  <move id="260" source="B6" target="B5"/>
  <move id="261" source="F4" target="E4"/>
  <move id="262" source="B5" target="B4"/>
  <move id="263" source="E4" target="D4"/>
  <move id="264" source="D8" target="D7"/>
  <move id="265" source="D4" target="C4"/>
  <move id="266" source="B4" target="A4"/>
  <move id="267" source="C4" target="B4"/>
  <move id="268" source="A4" target="A5"/>
  <move id="269" source="B4" target="A4"/>
  <move id="270" source="A5" target="B5"/>
  <move id="271" source="G1" target="G2"/>
  <move id="272" source="D7" target="E7"/>
  <move id="273" source="G2" target="G3"/>
  <move id="274" source="E7" target="E6"/>
  <move id="275" source="F5" target="F4"/>
  <move id="276" source="F7" target="E7"/>
  <move id="277" source="F4" target="E4"/>
  <move id="278" source="E7" target="D7"/>
  <move id="279" source="E4" target="D4"/>
  <move id="280" source="H7" target="G7"/>
  <move id="281" source="D4" target="C4"/>
  <move id="282" source="G7" target="F7"/>
  <move id="283" source="A4" target="A5"/>
  <move id="284" source="B5" target="B6"/>
  <move id="285" source="A5" target="A6"/>
  <move id="286" source="B6" target="B7"/>
  <move id="287" source="A6" target="A7"/>
  <move id="288" source="B7" target="B8"/>
  <move id="289" source="A7" target="A8"/>
  <move id="290" source="B8" target="C8"/>
  <move id="291" source="A8" target="B8"/>
  <move id="292" source="E8" target="D8"/>
  <move id="293" source="B8" target="C8"/>
  <move id="294" source="F7" target="F6"/>
  <move id="295" source="C8" target="D8"/>
  <move id="296" source="F6" target="F5"/>
  <move id="297" source="C4" target="D4"/>
  <move id="298" source="E6" target="E5"/>
  <move id="299" source="A1" target="B1"/>
  <move id="300" source="F5" target="F4"/>
  <move id="301" source="B1" target="B2"/>
  <move id="302" source="E9" target="E8"/>
  <move id="303" source="B2" target="C2"/>
  <move id="304" source="E8" target="E7"/>
  <move id="305" source="C2" target="C3"/>
  <move id="306" source="D7" target="C7"/>
  <move id="307" source="C3" target="C4"/>
  <move id="308" source="C7" target="B7"/>
  <move id="309" source="D4" target="D3"/>
  <move id="310" source="E7" target="E6"/>
  <move id="311" source="C4" target="D4"/>
  <move id="312" source="E5" target="F5"/>
  <move id="313" source="D3" target="C3"/>
  <move id="314" source="E6" target="E5"/>
  <move id="315" source="C3" target="C4"/>
  <move id="316" source="F4" target="F3"/>
  <move id="317" source="H4" target="G4"/>
  <move id="318" source="F3" target="F4"/>
  <move id="319" source="G4" target="H4"/>
  <move id="320" source="F4" target="G4"/>
  <move id="321" source="D4" target="E4"/>
  <move id="322" source="E5" target="E4"/>
  <move id="323" source="H4" target="G4"/>
  <move id="324" source="E4" target="F4"/>
  <move id="325" source="G4" target="H4"/>
  <move id="326" source="F4" target="G4"/>
  <move id="327" source="C4" target="D4"/>
  <move id="328" source="F5" target="F4"/>
  <move id="329" source="D4" target="D3"/>
  <move id="330" source="D9" target="D8"/>
  <move id="331" source="D3" target="E3"/>
  <move id="332" source="D8" target="E8"/>
  <move id="333" source="H1" target="H2"/>
  <move id="334" source="E8" target="E7"/>
  <move id="335" source="H2" target="G2"/>
  <move id="336" source="E7" target="E6"/>
  <move id="337" source="G2" target="F2"/>
  <move id="338" source="E6" target="E5"/>
  <move id="339" source="G3" target="F3"/>
  <move id="340" source="E5" target="E4"/>
  <move id="341" source="E3" target="D3"/>
  <move id="342" source="F4" target="F5"/>
  <move id="343" source="F3" target="E3"/>
  <move id="344" source="G4" target="F4"/>
  <move id="345" source="F2" target="G2"/>
  <move id="346" source="B7" target="B6"/>
  <move id="347" source="G2" target="G3"/>
  <move id="348" source="B6" target="B5"/>
  <move id="349" source="D3" target="C3"/>
  <move id="350" source="B5" target="B4"/>
  <move id="351" source="E3" target="D3"/>
  <move id="352" source="F4" target="F3"/>
  <move id="353" source="H4" target="G4"/>
  <move id="354" source="E4" target="E3"/>
  <move id="355" source="D3" target="D4"/>
  <move id="356" source="E3" target="E2"/>
  <move id="357" source="D4" target="C4"/>
  <move id="358" source="E2" target="D2"/>
  <move id="359" source="D1" target="D2"/>
  <move id="360" source="I7" target="I3"/>
  <move id="361" source="C3" target="D3"/>
  <move id="362" source="H8" target="H7"/>
  <move id="363" source="D3" target="E3"/>
  <move id="364" source="F3" target="F2"/>
  <move id="365" source="H3" target="H2"/>
  <move id="366" source="H7" target="I7"/>
  <move id="367" source="C4" target="B4"/>
  <move id="368" source="I7" target="I6"/>
  <move id="369" source="G4" target="H4"/>
  <move id="370" source="I6" target="I5"/>
  <move id="371" source="B4" target="C4"/>
  <move id="372" source="E:" target="E9"/>
  <move id="373" source="C4" target="D4"/>
  <move id="374" source="F5" target="F4"/>
  <move id="375" source="D4" target="E4"/>
  <move id="376" source="F4" target="F5"/>
  <move id="377" source="E4" target="E5"/>
  <move id="378" source="F5" target="F6"/>
  <move id="379" source="E5" target="E6"/>
  <move id="380" source="F6" target="F7"/>
  <move id="381" source="E6" target="E7"/>
  <move id="382" source="F7" target="F6"/>
  <move id="383" source="E7" target="F7"/>
  <move id="384" source="F6" target="E6"/>
  <move id="385" source="F7" target="E7"/>
  <move id="386" source="E6" target="F6"/>
  <move id="387" source="E7" target="F7"/>
  <move id="388" source="F6" target="E6"/>
  <move id="389" source="D2" target="D3"/>
  <move id="390" source="H9" target="H8"/>
  <move id="391" source="D3" target="D4"/>
  <move id="392" source="H8" target="H7"/>
  <move id="393" source="D4" target="E4"/>
  <move id="394" source="H7" target="G7"/>
  <move id="395" source="F7" target="E7"/>
  <move id="396" source="E6" target="F6"/>
  <move id="397" source="E4" target="E5"/>
  <move id="398" source="F6" target="F7"/>
  <move id="399" source="E7" target="F7"/>
  <move id="400" source="G7" target="H7"/>
  <move id="401" source="F7" target="G7"/>
  <move id="402" source="F2" target="F1"/>
  <move id="403" source="E3" target="E2"/>
  <move id="404" source="F1" target="E1"/>
  <move id="405" source="E2" target="E1"/>
  <move id="406" source="H7" target="G7"/>
  <move id="407" source="H4" target="I4"/>
  <move id="408" source="I5" target="K5"/>
  <move id="409" source="I4" target="K4"/>
  <move id="410" source="K5" target="I5"/>
  <move id="411" source="H2" target="H3"/>
  <move id="412" source="A:" target="A2"/>
  <move id="413" source="H3" target="H4"/>
  <player id="1">Player 1</player>
  <player id="2">Player 2</player>
  <result type="3" winner="1"/>
 </game>
</stratego>