<?xml version="1.0" encoding="UTF-8"?>
<stratego>
 <game type="classic">
  
  <field content="EDFDBFDDEMHDHEFBHEHGDECGBFBJLKIGDDIBBJGIAA__AA__AAAA__AA__AANTQRNUONQRTPWUTRSUVXTSPPPQQVNSPRNQPYNPPS"/>
  <move id="1" source="E4" target="E5"/>
  <move id="2" source="I7" target="I6"/>
  <move id="3" source="E5" target="E6"/>
  <move id="4" source="K7" target="K6"/>
  <move id="5" source="K4" target="K5"/>
  <move id="6" source="K6" target="K7"/>
  <move id="7" source="I4" target="I5"/>
  <move id="8" source="I8" target="I7"/>
  <move id="9" source="I3" target="I4"/>
  <move id="10" source="K7" target="K6"/>
  <move id="11" source="K5" target="K6"/>
  <move id="12" source="I6" target="I5"/>
  <move id="13" source="K6" target="K5"/>
  <move id="14" source="I7" target="K7"/>
  <move id="15" source="I5" target="I6"/>
  <move id="16" source="H8" target="I8"/>
  <move id="17" source="I4" target="I5"/>
  <move id="18" source="I8" target="I7"/>
  <move id="19" source="I6" target="K6"/>
  <move id="20" source="G8" target="H8"/>
  <move id="21" source="I5" target="I6"/>
  <move id="22" source="H8" target="I8"/>
  <move id="23" source="B4" target="B5"/>
  <move id="24" source="I7" target="I6"/>
  <move id="25" source="K6" target="K7"/>
  <move id="26" source="I8" target="H8"/>
  <move id="27" source="K5" target="I5"/>
  <move id="28" source="K8" target="I8"/>
  <move id="29" source="I6" target="I7"/>
  <move id="30" source="I8" target="I7"/>
  <move id="31" source="K3" target="K4"/>
  <move id="32" source="K7" target="I7"/>
  <move id="33" source="K4" target="K5"/>
  <move id="34" source="I7" target="I6"/>
  <move id="35" source="I5" target="I4"/>
  <move id="36" source="F7" target="F6"/>
  <move id="37" source="I4" target="I3"/>
  <move id="38" source="F6" target="E6"/>
  <move id="39" source="D4" target="E4"/>
  <move id="40" source="F8" target="F7"/>
  <move id="41" source="E4" target="E5"/>
  <move id="42" source="B7" target="B6"/>
  <move id="43" source="A4" target="A5"/>
  <move id="44" source="B8" target="B7"/>
  <move id="45" source="A5" target="A6"/>
  <move id="46" source="B6" target="B5"/>
  <move id="47" source="C4" target="B4"/>
  <move id="48" source="B5" target="A5"/>
  <move id="49" source="B4" target="A4"/>
  <move id="50" source="A5" target="A6"/>
  <move id="51" source="A4" target="B4"/>
  <move id="52" source="B7" target="B6"/>
  <move id="53" source="A6" target="A5"/>
  <move id="54" source="B6" target="A6"/>
  <move id="55" source="A5" target="B5"/>
  <move id="56" source="A6" target="A5"/>
  <move id="57" source="B5" target="B6"/>
  <move id="58" source="C8" target="B8"/>
  <move id="59" source="B4" target="A4"/>
  <move id="60" source="B8" target="B7"/>
  <move id="61" source="B6" target="B7"/>
  <move id="62" source="A5" target="B5"/>
  <move id="63" source="E5" target="E7"/>
  <move id="64" source="B7" target="B6"/>
  <move id="65" source="B3" target="B4"/>
  <move id="66" source="B5" target="B4"/>
  <move id="67" source="B4" target="C4"/>
  <move id="68" source="B6" target="B5"/>
  <move id="69" source="C4" target="D4"/>
  <move id="70" source="B5" target="B4"/>
  <move id="71" source="D4" target="E4"/>
  <move id="72" source="B4" target="C4"/>
  <move id="73" source="E4" target="E5"/>
  <move id="74" source="C4" target="D4"/>
  <move id="75" source="E5" target="E6"/>
  <move id="76" source="D4" target="E4"/>
  <move id="77" source="B2" target="B9"/>
  <move id="78" source="F7" target="F6"/>
  <move id="79" source="E6" target="E7"/>
  <move id="80" source="D7" target="E7"/>
  <move id="81" source="H4" target="I4"/>
  <move id="82" source="F6" target="F5"/>
  <move id="83" source="I4" target="I5"/>
  <move id="84" source="F5" target="F4"/>
  <move id="85" source="K5" target="K6"/>
  <move id="86" source="I6" target="I5"/>
  <move id="87" source="K6" target="K7"/>
  <move id="88" source="E4" target="E5"/>
  <move id="89" source="I3" target="I4"/>
  <move id="90" source="E5" target="F5"/>
  <move id="91" source="I4" target="I5"/>
  <move id="92" source="G7" target="F7"/>
  <move id="93" source="I5" target="I6"/>
  <move id="94" source="F7" target="F6"/>
  <move id="95" source="I6" target="I7"/>
  <move id="96" source="F6" target="E6"/>
  <move id="97" source="I7" target="I8"/>
  <move id="98" source="E6" target="E5"/>
  <move id="99" source="D3" target="D4"/>
  <move id="100" source="E5" target="E4"/>
  <move id="101" source="D4" target="E4"/>
  <move id="102" source="E7" target="D7"/>
  <move id="103" source="E4" target="D4"/>
  <move id="104" source="E8" target="E7"/>
  <move id="105" source="A2" target="B2"/>
  <move id="106" source="E7" target="E6"/>
  <move id="107" source="B2" target="B3"/>
  <move id="108" source="E6" target="E5"/>
  <move id="109" source="B3" target="B4"/>
  <move id="110" source="E5" target="E4"/>
  <move id="111" source="D4" target="D3"/>
  <move id="112" source="E4" target="D4"/>
  <move id="113" source="B4" target="B5"/>
  <move id="114" source="F5" target="E5"/>
  <move id="115" source="B5" target="B6"/>
  <move id="116" source="E5" target="E4"/>
  <move id="117" source="B6" target="B7"/>
  <move id="118" source="D4" target="D3"/>
  <move id="119" source="C3" target="C4"/>
  <move id="120" source="E4" target="D4"/>
  <move id="121" source="C4" target="C3"/>
  <move id="122" source="D3" target="D2"/>
  <move id="123" source="C2" target="D2"/>
  <move id="124" source="D4" target="D3"/>
  <move id="125" source="C3" target="C4"/>
  <move id="126" source="D3" target="C3"/>
  <move id="127" source="C4" target="D4"/>
  <move id="128" source="D7" target="E7"/>
  <move id="129" source="B7" target="B8"/>
  <move id="130" source="E7" target="E6"/>
  <move id="131" source="B8" target="B9"/>
  <move id="132" source="A9" target="B9"/>
  <move id="133" source="D4" target="E4"/>
  <move id="134" source="E6" target="E5"/>
  <move id="135" source="K2" target="K3"/>
  <move id="136" source="E5" target="E4"/>
  <move id="137" source="K3" target="K4"/>
  <move id="138" source="E4" target="D4"/>
  <move id="139" source="K4" target="K5"/>
  <move id="140" source="C3" target="C2"/>
  <move id="141" source="K5" target="K6"/>
  <move id="142" source="D4" target="D3"/>
  <move id="143" source="K7" target="I7"/>
  <move id="144" source="D3" target="D2"/>
  <move id="145" source="E2" target="D2"/>
  <move id="146" source="C9" target="B9"/>
  <move id="147" source="D1" target="D4"/>
  <move id="148" source="B9" target="B1"/>
  <move id="149" source="D4" target="E4"/>
  <move id="150" source="A:" target="A9"/>
  <move id="151" source="E4" target="E7"/>
  <move id="152" source="A9" target="B9"/>
  <move id="153" source="E7" target="H7"/>
  <move id="154" source="B9" target="B3"/>
  <move id="155" source="K6" target="K7"/>
  <move id="156" source="B3" target="D3"/>
  <move id="157" source="K7" target="K8"/>
  <move id="158" source="D3" target="D2"/>
  <move id="159" source="K8" target="K9"/>
  <move id="160" source="D2" target="F2"/>
  <move id="161" source="I8" target="K8"/>
  <move id="162" source="A8" target="B8"/>
  <move id="163" source="I7" target="I8"/>
  <move id="164" source="B8" target="B7"/>
  <move id="165" source="I2" target="K2"/>
  <move id="166" source="B7" target="B6"/>
  <move id="167" source="I1" target="I2"/>
  <move id="168" source="B6" target="A6"/>
  <move id="169" source="I2" target="I3"/>
  <move id="170" source="C7" target="D7"/>
  <move id="171" source="I3" target="I4"/>
  <move id="172" source="D7" target="E7"/>
  <move id="173" source="I4" target="I5"/>
  <move id="174" source="E7" target="E6"/>
  <move id="175" source="I5" target="I6"/>
  <move id="176" source="E6" target="E5"/>
  <move id="177" source="I6" target="I7"/>
  <move id="178" source="E5" target="E4"/>
  <move id="179" source="I7" target="H7"/>
  <move id="180" source="H8" target="H7"/>
  <move id="181" source="I8" target="H8"/>
  <move id="182" source="H7" target="G7"/>
  <move id="183" source="H8" target="G8"/>
  <move id="184" source="G7" target="F7"/>
  <move id="185" source="G8" target="F8"/>
  <move id="186" source="F7" target="G7"/>
  <move id="187" source="K8" target="I8"/>
  <move id="188" source="G7" target="H7"/>
  <move id="189" source="I8" target="I7"/>
  <move id="190" source="H7" target="I7"/>
  <move id="191" source="A4" target="B4"/>
  <move id="192" source="E4" target="D4"/>
  <move id="193" source="B4" target="C4"/>
  <move id="194" source="D4" target="D3"/>
  <move id="195" source="C4" target="D4"/>
  <move id="196" source="D3" target="D2"/>
  <move id="197" source="D4" target="E4"/>
  <move id="198" source="D2" target="E2"/>
  <move id="199" source="F8" target="G8"/>
  <move id="200" source="E2" target="F2"/>
  <move id="201" source="F1" target="F2"/>
  <move id="202" source="C2" target="D2"/>
  <move id="203" source="G8" target="F8"/>
  <move id="204" source="D2" target="E2"/>
  <move id="205" source="E4" target="E9"/>
  <move id="206" source="E2" target="F2"/>
  <move id="207" source="A3" target="D3"/>
  <move id="208" source="F2" target="E2"/>
  <move id="209" source="D3" target="D4"/>
  <move id="210" source="E2" target="D2"/>
  <move id="211" source="D4" target="E4"/>
  <move id="212" source="D8" target="D7"/>
  <move id="213" source="E4" target="E8"/>
  <move id="214" source="D7" target="E7"/>
  <move id="215" source="E8" target="D8"/>
  <move id="216" source="E7" target="E6"/>
  <move id="217" source="F8" target="F7"/>
  <move id="218" source="E6" target="E5"/>
  <move id="219" source="F7" target="E7"/>
  <move id="220" source="E5" target="E4"/>
  <move id="221" source="E7" target="E6"/>
  <move id="222" source="E4" target="D4"/>
  <move id="223" source="E6" target="E5"/>
  <move id="224" source="D2" target="D3"/>
  <move id="225" source="E5" target="E4"/>
  <move id="226" source="D4" target="C4"/>
  <move id="227" source="E4" target="D4"/>
  <move id="228" source="D3" target="D4"/>
  <move id="229" source="H2" target="I2"/>
  <move id="230" source="C4" target="D4"/>
  <move id="231" source="I2" target="I3"/>
  <move id="232" source="D4" target="D3"/>
  <move id="233" source="I3" target="I4"/>
  <move id="234" source="D3" target="D2"/>
  <move id="235" source="I4" target="I5"/>
  <move id="236" source="D2" target="E2"/>
  <move id="237" source="G2" target="H2"/>
  <move id="238" source="E2" target="F2"/>
  <move id="239" source="H2" target="I2"/>
  <move id="240" source="F2" target="G2"/>
  <move id="241" source="I2" target="I3"/>
  <move id="242" source="G2" target="H2"/>
  <move id="243" source="H3" target="H2"/>
  <move id="244" source="F9" target="F8"/>
  <move id="245" source="D8" target="F8"/>
  <move id="246" source="H9" target="H8"/>
  <move id="247" source="H2" target="H3"/>
  <move id="248" source="F8" target="E8"/>
  <move id="249" source="H3" target="H4"/>
  <move id="250" source="E8" target="E7"/>
  <move id="251" source="C1" target="C2"/>
  <move id="252" source="A6" target="B6"/>
  <move id="253" source="C2" target="C3"/>
  <move id="254" source="B6" target="B5"/>
  <move id="255" source="C3" target="C4"/>
  <move id="256" source="B5" target="B4"/>
  <move id="257" source="C4" target="D4"/>
  <move id="258" source="B4" target="B3"/>
  <move id="259" source="D4" target="E4"/>
  <move id="260" source="B3" target="C3"/>
  <move id="261" source="E4" target="E5"/>
  <move id="262" source="E7" target="D7"/>
  <move id="263" source="H1" target="H2"/>
  <move id="264" source="C3" target="D3"/>
  <move id="265" source="H2" target="D2"/>
  <move id="266" source="D3" target="D2"/>
  <move id="267" source="I3" target="I2"/>
  <move id="268" source="D2" target="E2"/>
  <move id="269" source="I2" target="H2"/>
  <move id="270" source="E2" target="F2"/>
  <move id="271" source="H2" target="G2"/>
  <move id="272" source="F2" target="F1"/>
  <move id="273" source="G1" target="H1"/>
  <move id="274" source="K:" target="K9"/>
  <move id="275" source="I7" target="K7"/>
  <move id="276" source="K9" target="K8"/>
  <move id="277" source="K7" target="K8"/>
  <move id="278" source="I:" target="K:"/>
  <move id="279" source="K8" target="K7"/>
  <move id="280" source="K:" target="K9"/>
  <move id="281" source="K7" target="I7"/>
  <move id="282" source="K9" target="K8"/>
  <move id="283" source="I5" target="I6"/>
  <move id="284" source="K8" target="K7"/>
  <move id="285" source="I7" target="K7"/>
  <move id="286" source="D9" target="C9"/>
  <move id="287" source="A1" target="A2"/>
  <move id="288" source="C9" target="C8"/>
  <move id="289" source="A2" target="A3"/>
  <move id="290" source="C8" target="B8"/>
  <move id="291" source="A3" target="A4"/>
  <move id="292" source="H8" target="H7"/>
  <move id="293" source="I6" target="I7"/>
  <move id="294" source="H7" target="G7"/>
  <move id="295" source="I7" target="H7"/>
  <move id="296" source="G7" target="F7"/>
  <move id="297" source="H7" target="G7"/>
  <move id="298" source="F7" target="E7"/>
  <move id="299" source="G7" target="G8"/>
  <move id="300" source="E7" target="E6"/>
  <move id="301" source="E5" target="E4"/>
  <move id="302" source="E6" target="E5"/>
  <move id="303" source="E4" target="D4"/>
  <move id="304" source="E5" target="E4"/>
  <move id="305" source="D4" target="C4"/>
  <move id="306" source="E4" target="D4"/>
  <move id="307" source="C4" target="C3"/>
  <move id="308" source="D4" target="D3"/>
  <move id="309" source="C3" target="C4"/>
  <move id="310" source="D3" target="D2"/>
  <move id="311" source="H4" target="H3"/>
  <move id="312" source="D2" target="E2"/>
  <move id="313" source="H3" target="H2"/>
  <move id="314" source="E2" target="F2"/>
  <move id="315" source="G2" target="G1"/>
  <move id="316" source="F2" target="G2"/>
  <move id="317" source="H2" target="G2"/>
  <move id="318" source="B8" target="B2"/>
  <move id="319" source="G1" target="F1"/>
  <move id="320" source="B2" target="I2"/>
  <move id="321" source="K2" target="I2"/>
  <move id="322" source="E:" target="E9"/>
  <move id="323" source="I2" target="K2"/>
  <move id="324" source="E9" target="E8"/>
  <move id="325" source="G8" target="G9"/>
  <move id="326" source="E8" target="E7"/>
  <move id="327" source="C4" target="D4"/>
  <move id="328" source="H:" target="H9"/>
  <move id="329" source="F3" target="F2"/>
  <move id="330" source="H9" target="H8"/>
  <move id="331" source="F2" target="G2"/>
  <move id="332" source="H8" target="I8"/>
  <move id="333" source="G2" target="H2"/>
  <move id="334" source="I8" target="I1"/>
  <move id="335" source="H1" target="I1"/>
  <move id="336" source="E7" target="E8"/>
  <move id="337" source="H2" target="H1"/>
  <move id="338" source="E8" target="F8"/>
  <move id="339" source="A4" target="A5"/>
  <move id="340" source="F8" target="G8"/>
  <move id="341" source="A5" target="A6"/>
  <move id="342" source="G8" target="H8"/>
  <move id="343" source="A6" target="A7"/>
  <move id="344" source="D7" target="E7"/>
  <move id="345" source="A7" target="A8"/>
  <move id="346" source="E7" target="F7"/>
  <move id="347" source="A8" target="A9"/>
  <move id="348" source="F7" target="F6"/>
  <move id="349" source="A9" target="B9"/>
  <move id="350" source="B:" target="B9"/>
  <move id="351" source="D4" target="E4"/>
  <move id="352" source="F6" target="F5"/>
  <move id="353" source="K7" target="I7"/>
  <move id="354" source="H8" target="H9"/>
  <move id="355" source="I7" target="H7"/>
  <move id="356" source="H9" target="H:"/>
  <move id="357" source="H7" target="G7"/>
  <move id="358" source="F5" target="F4"/>
  <move id="359" source="E4" target="F4"/>
  <move id="360" source="H:" target="I:"/>
  <move id="361" source="G7" target="G8"/>
  <move id="362" source="I:" target="K:"/>
  <move id="363" source="G8" target="H8"/>
  <move id="364" source="K:" target="K9"/>
  <move id="365" source="H8" target="I8"/>
  <move id="366" source="K9" target="K:"/>
  <move id="367" source="F4" target="F5"/>
  <move id="368" source="K:" target="I:"/>
  <move id="369" source="F5" target="F6"/>
  <move id="370" source="B9" target="B8"/>
  <move id="371" source="F6" target="F7"/>
  <move id="372" source="B8" target="B7"/>
  <move id="373" source="F7" target="G7"/>
  <move id="374" source="I:" target="K:"/>
  <move id="375" source="G7" target="G8"/>
  <move id="376" source="B7" target="B6"/>
  <move id="377" source="I8" target="K8"/>
  <move id="378" source="K:" target="I:"/>
  <move id="379" source="G8" target="H8"/>
  <move id="380" source="B6" target="B5"/>
  <move id="381" source="K8" target="K9"/>
  <move id="382" source="B5" target="B4"/>
  <move id="383" source="K9" target="K:"/>
  <move id="384" source="I:" target="H:"/>
  <move id="385" source="K:" target="I:"/>
  <move id="386" source="H:" target="H9"/>
  <move id="387" source="H8" target="H9"/>
  <move id="388" source="B4" target="C4"/>
  <move id="389" source="H9" target="G9"/>
  <move id="390" source="C4" target="D4"/>
  <move id="391" source="G9" target="F9"/>
  <move id="392" source="D4" target="E4"/>
  <move id="393" source="I:" target="H:"/>
  <move id="394" source="E4" target="F4"/>
  <move id="395" source="F9" target="F:"/>
  <player id="1">Player 1</player>
  <player id="2">Player 2</player>
  <result type="1" winner="1"/>
 </game>
</stratego>