<?xml version="1.0" encoding="UTF-8"?>
<stratego>
 <game type="classic">
  
  <field content="EDBEDBMBEIGFEDDGBEJDHGILDFHDKHFGDJHBBCIFAA__AA__AAAA__AA__AARTNRPUXWTSUPNVTPQOUPQRNPQSNVPPSPTSRNYNQQ"/>
  <move id="1" source="B4" target="B5"/>
  <move id="2" source="K7" target="K6"/>
  <move id="3" source="B5" target="A5"/>
  <move id="4" source="K6" target="K5"/>
  <move id="5" source="C4" target="B4"/>
  <move id="6" source="K5" target="K4"/>
  <move id="7" source="K3" target="K4"/>
  <move id="8" source="I7" target="I6"/>
  <move id="9" source="A5" target="A6"/>
  <move id="10" source="I6" target="I5"/>
  <move id="11" source="B4" target="B5"/>
  <move id="12" source="I8" target="I7"/>
  <move id="13" source="B5" target="B6"/>
  <move id="14" source="I7" target="K7"/>
  <move id="15" source="E4" target="E5"/>
  <move id="16" source="K7" target="K6"/>
  <move id="17" source="E5" target="F5"/>
  <move id="18" source="K6" target="K5"/>
  <move id="19" source="K4" target="K3"/>
  <move id="20" source="K5" target="K4"/>
  <move id="21" source="D4" target="E4"/>
  <move id="22" source="I5" target="K5"/>
  <move id="23" source="E4" target="E5"/>
  <move id="24" source="K8" target="I8"/>
  <move id="25" source="F5" target="F6"/>
  <move id="26" source="I8" target="I4"/>
  <move id="27" source="C3" target="C4"/>
  <move id="28" source="H7" target="I7"/>
  <move id="29" source="C4" target="B4"/>
  <move id="30" source="I7" target="I6"/>
  <move id="31" source="B4" target="B5"/>
  <move id="32" source="I6" target="I5"/>
  <move id="33" source="B5" target="A5"/>
  <move id="34" source="K5" target="K6"/>
  <move id="35" source="A5" target="B5"/>
  <move id="36" source="I5" target="K5"/>
  <move id="37" source="B5" target="B4"/>
  <move id="38" source="K4" target="I4"/>
  <move id="39" source="I3" target="I4"/>
  <move id="40" source="I9" target="I4"/>
  <move id="41" source="I2" target="I3"/>
  <move id="42" source="G7" target="H7"/>
  <move id="43" source="I3" target="I2"/>
  <move id="44" source="K9" target="I9"/>
  <move id="45" source="K3" target="I3"/>
  <move id="46" source="K5" target="K4"/>
  <move id="47" source="I4" target="K4"/>
  <move id="48" source="K6" target="K5"/>
  <move id="49" source="K2" target="K5"/>
  <move id="50" source="K5" target="K4"/>
  <move id="51" source="E5" target="E6"/>
  <move id="52" source="K4" target="K3"/>
  <move id="53" source="I3" target="I4"/>
  <move id="54" source="I9" target="I8"/>
  <move id="55" source="I4" target="I5"/>
  <move id="56" source="H9" target="I9"/>
  <move id="57" source="H4" target="I4"/>
  <move id="58" source="I9" target="K9"/>
  <move id="59" source="I4" target="K4"/>
  <move id="60" source="K3" target="I3"/>
  <move id="61" source="I2" target="I3"/>
  <move id="62" source="K9" target="K8"/>
  <move id="63" source="I5" target="K5"/>
  <move id="64" source="K8" target="K7"/>
  <move id="65" source="K5" target="I5"/>
  <move id="66" source="K7" target="K6"/>
  <move id="67" source="I3" target="I4"/>
  <move id="68" source="K6" target="K5"/>
  <move id="69" source="I5" target="I6"/>
  <move id="70" source="K5" target="K4"/>
  <move id="71" source="I4" target="K4"/>
  <move id="72" source="I8" target="K8"/>
  <move id="73" source="I6" target="K6"/>
  <move id="74" source="H7" target="I7"/>
  <move id="75" source="E6" target="E5"/>
  <move id="76" source="I7" target="K7"/>
  <move id="77" source="K6" target="I6"/>
  <move id="78" source="F7" target="F6"/>
  <move id="79" source="E5" target="F5"/>
  <move id="80" source="F6" target="F7"/>
  <move id="81" source="F5" target="F6"/>
  <move id="82" source="F7" target="G7"/>
  <move id="83" source="F6" target="F7"/>
  <move id="84" source="G7" target="H7"/>
  <move id="85" source="F7" target="G7"/>
  <move id="86" source="H7" target="I7"/>
  <move id="87" source="G7" target="H7"/>
  <move id="88" source="I7" target="I6"/>
  <move id="89" source="H7" target="I7"/>
  <player id="1">Player 1</player>
  <player id="2">Player 2</player>
  <result type="3" winner="2"/>
 </game>
</stratego>