<?xml version="1.0" encoding="UTF-8"?>
<stratego>
 <game type="barrage">
  
  <field content="MBAAAAAAAADAAAAAAAAAAAAAAAAAAAKLAACEAADAAA__AA__AAAA__AA__AAAAAAAAAAAAAAAAAAAAAAPPXNAAAAAAQYOWAAAAAA"/>
  <move id="1" source="B4" target="B5"/>
  <move id="2" source="C9" target="C8"/>
  <move id="3" source="B5" target="B6"/>
  <move id="4" source="C8" target="C7"/>
  <move id="5" source="E4" target="E5"/>
  <move id="6" source="B9" target="B8"/>
  <move id="7" source="E5" target="E6"/>
  <move id="8" source="C7" target="B7"/>
  <move id="9" source="B6" target="B5"/>
  <move id="10" source="B7" target="C7"/>
  <move id="11" source="E6" target="E7"/>
  <move id="12" source="B8" target="B7"/>
  <move id="13" source="I4" target="I5"/>
  <move id="14" source="B7" target="B6"/>
  <move id="15" source="B5" target="B6"/>
  <move id="16" source="C7" target="D7"/>
  <move id="17" source="E7" target="D7"/>
  <move id="18" source="A9" target="A8"/>
  <move id="19" source="B6" target="B7"/>
  <move id="20" source="C:" target="C9"/>
  <move id="21" source="F4" target="F5"/>
  <move id="22" source="C9" target="C8"/>
  <move id="23" source="F5" target="F6"/>
  <move id="24" source="C8" target="B8"/>
  <move id="25" source="B7" target="C7"/>
  <move id="26" source="A8" target="A7"/>
  <move id="27" source="A4" target="A5"/>
  <move id="28" source="A7" target="B7"/>
  <move id="29" source="C7" target="B7"/>
  <move id="30" source="B8" target="B7"/>
  <move id="31" source="I5" target="I6"/>
  <move id="32" source="D:" target="E:"/>
  <move id="33" source="I6" target="I7"/>
  <move id="34" source="E:" target="E9"/>
  <move id="35" source="D7" target="D8"/>
  <move id="36" source="E9" target="F9"/>
  <move id="37" source="I7" target="B7"/>
  <move id="38" source="F9" target="F8"/>
  <move id="39" source="D8" target="D9"/>
  <move id="40" source="F8" target="F7"/>
  <move id="41" source="B7" target="B:"/>
  <player id="1">Player 1</player>
  <player id="2">Player 2</player>
  <result type="1" winner="1"/>
 </game>
</stratego>