<?xml version="1.0" encoding="UTF-8"?>
<stratego>
 <game type="barrage">
  
  <field content="AAAMAABAAAAAAAAAAAADEAAAAAAAAAALAAKCAADAAA__AA__AAAA__AA__AAAAAANPAAQXAAAAAAAAAAAAAAAAAAPWAAAAAAAAOY"/>
  <move id="1" source="B4" target="C4"/>
  <move id="2" source="K7" target="K6"/>
  <move id="3" source="C4" target="D4"/>
  <move id="4" source="K6" target="K5"/>
  <move id="5" source="I4" target="I7"/>
  <move id="6" source="I7" target="I6"/>
  <move id="7" source="F4" target="G4"/>
  <move id="8" source="K5" target="K4"/>
  <move id="9" source="G4" target="H4"/>
  <move id="10" source="K4" target="I4"/>
  <move id="11" source="H4" target="I4"/>
  <move id="12" source="I6" target="I5"/>
  <move id="13" source="E4" target="F4"/>
  <move id="14" source="I5" target="I4"/>
  <move id="15" source="F4" target="G4"/>
  <move id="16" source="I4" target="I3"/>
  <move id="17" source="G4" target="H4"/>
  <move id="18" source="I3" target="I2"/>
  <move id="19" source="K2" target="K9"/>
  <move id="20" source="I2" target="I1"/>
  <move id="21" source="D4" target="D3"/>
  <move id="22" source="I1" target="H1"/>
  <move id="23" source="D3" target="E3"/>
  <move id="24" source="F7" target="F1"/>
  <move id="25" source="E3" target="E2"/>
  <move id="26" source="F1" target="D1"/>
  <player id="1">Player 1</player>
  <player id="2">Player 2</player>
  <result type="1" winner="2"/>
 </game>
</stratego>