<?xml version="1.0" encoding="UTF-8"?>
<stratego>
 <game type="barrage">
  
  <field content="AAALDABAAADAAAAAAAAAAAAAAAAAAAAMAAAEAAKCAA__AA__AAAA__AA__AAAPAAXAAAWOPAAAAQAAAAAAAAAAAAAAAAANAAYAAA"/>
  <move id="1" source="I4" target="I5"/>
  <move id="2" source="A8" target="A2"/>
  <move id="3" source="K4" target="K5"/>
  <move id="4" source="F8" target="F7"/>
  <move id="5" source="I5" target="I6"/>
  <move id="6" source="F7" target="F6"/>
  <move id="7" source="K5" target="K6"/>
  <move id="8" source="F6" target="F5"/>
  <move id="9" source="K6" target="K7"/>
  <move id="10" source="F5" target="F4"/>
  <move id="11" source="I6" target="I7"/>
  <move id="12" source="E7" target="E6"/>
  <move id="13" source="E1" target="E2"/>
  <move id="14" source="E6" target="E5"/>
  <move id="15" source="E2" target="F2"/>
  <move id="16" source="E5" target="F5"/>
  <move id="17" source="F2" target="I2"/>
  <move id="18" source="B7" target="I7"/>
  <move id="19" source="I2" target="A2"/>
  <move id="20" source="F5" target="F4"/>
  <move id="21" source="A2" target="A8"/>
  <move id="22" source="I7" target="I8"/>
  <move id="23" source="A8" target="A7"/>
  <move id="24" source="I8" target="I7"/>
  <move id="25" source="A7" target="A2"/>
  <move id="26" source="F4" target="E4"/>
  <move id="27" source="A2" target="F2"/>
  <move id="28" source="E4" target="F4"/>
  <move id="29" source="F2" target="E2"/>
  <move id="30" source="I7" target="E7"/>
  <move id="31" source="E2" target="K2"/>
  <move id="32" source="E7" target="I7"/>
  <move id="33" source="K2" target="K:"/>
  <move id="34" source="I7" target="I:"/>
  <move id="35" source="K:" target="K9"/>
  <move id="36" source="I:" target="I9"/>
  <move id="37" source="K9" target="K8"/>
  <move id="38" source="F4" target="F3"/>
  <move id="39" source="K8" target="G8"/>
  <move id="40" source="I9" target="G9"/>
  <move id="41" source="G8" target="H8"/>
  <move id="42" source="G9" target="H9"/>
  <move id="43" source="H8" target="G8"/>
  <move id="44" source="H9" target="G9"/>
  <move id="45" source="G8" target="F8"/>
  <move id="46" source="G9" target="F9"/>
  <move id="47" source="F8" target="G8"/>
  <move id="48" source="F9" target="G9"/>
  <move id="49" source="G8" target="H8"/>
  <move id="50" source="G9" target="B9"/>
  <move id="51" source="H8" target="H:"/>
  <move id="52" source="B9" target="B4"/>
  <player id="1">Player 1</player>
  <player id="2">Player 2</player>
  <result type="1" winner="2"/>
 </game>
</stratego>