<?xml version="1.0" encoding="UTF-8"?>
<stratego>
 <game type="classic">
  
  <field content="DDEHBMBEFDBEGICBIJBEGBGKHGLHHEDFIDDFDJDFAA__AA__AAAA__AA__AAPSTQPPNOUPRVRNQSVTWSTPPUNUPQXNRPQRNTQSNY"/>
  <move id="1" source="B4" target="B5"/>
  <move id="2" source="I7" target="I6"/>
  <move id="3" source="F4" target="F5"/>
  <move id="4" source="I6" target="I5"/>
  <move id="5" source="E4" target="E5"/>
  <move id="6" source="K7" target="K4"/>
  <move id="7" source="G4" target="F4"/>
  <move id="8" source="I5" target="K5"/>
  <move id="9" source="F5" target="F6"/>
  <move id="10" source="K5" target="K4"/>
  <move id="11" source="I4" target="I5"/>
  <move id="12" source="K8" target="K7"/>
  <move id="13" source="A4" target="A5"/>
  <move id="14" source="K7" target="I7"/>
  <move id="15" source="D4" target="E4"/>
  <move id="16" source="K4" target="K5"/>
  <move id="17" source="I5" target="I4"/>
  <move id="18" source="K5" target="K6"/>
  <move id="19" source="C4" target="B4"/>
  <move id="20" source="K6" target="K7"/>
  <move id="21" source="F4" target="F5"/>
  <move id="22" source="K7" target="K8"/>
  <move id="23" source="B5" target="B6"/>
  <move id="24" source="I7" target="K7"/>
  <move id="25" source="B4" target="B5"/>
  <move id="26" source="I8" target="I7"/>
  <move id="27" source="A5" target="A4"/>
  <move id="28" source="K8" target="I8"/>
  <move id="29" source="A4" target="B4"/>
  <move id="30" source="I7" target="I6"/>
  <move id="31" source="A3" target="A4"/>
  <move id="32" source="K7" target="K6"/>
  <move id="33" source="A4" target="A5"/>
  <move id="34" source="K6" target="K5"/>
  <move id="35" source="B4" target="A4"/>
  <move id="36" source="I6" target="I5"/>
  <move id="37" source="A4" target="A3"/>
  <move id="38" source="K5" target="K4"/>
  <move id="39" source="A3" target="A4"/>
  <move id="40" source="K4" target="I4"/>
  <move id="41" source="I3" target="I4"/>
  <move id="42" source="I5" target="I4"/>
  <move id="43" source="H4" target="G4"/>
  <move id="44" source="I4" target="I5"/>
  <move id="45" source="F3" target="F4"/>
  <move id="46" source="I5" target="I6"/>
  <move id="47" source="H3" target="H4"/>
  <move id="48" source="I6" target="I7"/>
  <move id="49" source="G3" target="H3"/>
  <move id="50" source="I8" target="K8"/>
  <move id="51" source="G4" target="G3"/>
  <move id="52" source="H8" target="I8"/>
  <move id="53" source="G3" target="F3"/>
  <move id="54" source="I7" target="K7"/>
  <move id="55" source="F4" target="G4"/>
  <move id="56" source="I8" target="I7"/>
  <move id="57" source="H4" target="I4"/>
  <move id="58" source="K8" target="I8"/>
  <move id="59" source="H3" target="H4"/>
  <move id="60" source="I8" target="H8"/>
  <move id="61" source="G4" target="G3"/>
  <move id="62" source="I7" target="I8"/>
  <move id="63" source="G3" target="H3"/>
  <move id="64" source="K7" target="I7"/>
  <move id="65" source="H3" target="I3"/>
  <move id="66" source="A7" target="A5"/>
  <move id="67" source="H4" target="H3"/>
  <move id="68" source="B7" target="A7"/>
  <move id="69" source="I4" target="H4"/>
  <move id="70" source="A7" target="A6"/>
  <move id="71" source="E4" target="F4"/>
  <move id="72" source="A6" target="A5"/>
  <move id="73" source="A4" target="A5"/>
  <move id="74" source="C7" target="B7"/>
  <move id="75" source="H4" target="G4"/>
  <move id="76" source="B7" target="A7"/>
  <move id="77" source="G4" target="G3"/>
  <move id="78" source="C8" target="C7"/>
  <move id="79" source="F4" target="G4"/>
  <move id="80" source="C7" target="B7"/>
  <move id="81" source="G4" target="H4"/>
  <move id="82" source="A7" target="A6"/>
  <move id="83" source="H4" target="I4"/>
  <move id="84" source="B7" target="B6"/>
  <move id="85" source="I4" target="K4"/>
  <move id="86" source="C9" target="C8"/>
  <move id="87" source="E3" target="E4"/>
  <move id="88" source="C8" target="C7"/>
  <move id="89" source="E4" target="F4"/>
  <move id="90" source="C7" target="B7"/>
  <move id="91" source="B5" target="B4"/>
  <move id="92" source="B7" target="B4"/>
  <move id="93" source="F4" target="G4"/>
  <move id="94" source="A6" target="A5"/>
  <move id="95" source="E5" target="E4"/>
  <move id="96" source="A5" target="A6"/>
  <move id="97" source="E4" target="E3"/>
  <move id="98" source="A6" target="A7"/>
  <move id="99" source="F5" target="E5"/>
  <move id="100" source="A7" target="B7"/>
  <move id="101" source="G4" target="H4"/>
  <move id="102" source="B7" target="C7"/>
  <move id="103" source="H4" target="I4"/>
  <move id="104" source="B8" target="B7"/>
  <move id="105" source="K4" target="K5"/>
  <move id="106" source="B7" target="A7"/>
  <move id="107" source="B4" target="C4"/>
  <move id="108" source="B9" target="B8"/>
  <move id="109" source="C4" target="D4"/>
  <move id="110" source="B8" target="B7"/>
  <move id="111" source="C3" target="C4"/>
  <move id="112" source="B7" target="B6"/>
  <move id="113" source="C4" target="B4"/>
  <move id="114" source="B6" target="B5"/>
  <move id="115" source="D4" target="C4"/>
  <move id="116" source="A7" target="A6"/>
  <move id="117" source="K5" target="K6"/>
  <move id="118" source="A6" target="A5"/>
  <move id="119" source="I4" target="K4"/>
  <move id="120" source="B5" target="B4"/>
  <move id="121" source="D3" target="C3"/>
  <move id="122" source="A5" target="A4"/>
  <move id="123" source="E3" target="E4"/>
  <move id="124" source="C7" target="B7"/>
  <move id="125" source="E2" target="E3"/>
  <move id="126" source="B7" target="B6"/>
  <move id="127" source="E3" target="D3"/>
  <move id="128" source="B6" target="B5"/>
  <move id="129" source="E4" target="E3"/>
  <move id="130" source="B5" target="B4"/>
  <move id="131" source="E3" target="E2"/>
  <move id="132" source="B4" target="B5"/>
  <move id="133" source="C4" target="D4"/>
  <move id="134" source="B5" target="B6"/>
  <move id="135" source="D4" target="E4"/>
  <move id="136" source="A4" target="A5"/>
  <move id="137" source="E4" target="E3"/>
  <move id="138" source="A5" target="A6"/>
  <move id="139" source="E5" target="E4"/>
  <move id="140" source="A6" target="A7"/>
  <move id="141" source="E4" target="D4"/>
  <move id="142" source="B6" target="B7"/>
  <move id="143" source="D4" target="C4"/>
  <move id="144" source="B7" target="C7"/>
  <move id="145" source="C4" target="B4"/>
  <move id="146" source="B:" target="B4"/>
  <move id="147" source="D3" target="D4"/>
  <move id="148" source="C7" target="C8"/>
  <move id="149" source="C3" target="D3"/>
  <move id="150" source="C8" target="C9"/>
  <move id="151" source="C2" target="C3"/>
  <move id="152" source="A8" target="B8"/>
  <move id="153" source="C3" target="C4"/>
  <move id="154" source="B8" target="B7"/>
  <move id="155" source="C4" target="B4"/>
  <move id="156" source="B7" target="B6"/>
  <move id="157" source="D3" target="C3"/>
  <move id="158" source="B6" target="A6"/>
  <move id="159" source="D4" target="D3"/>
  <move id="160" source="A:" target="B:"/>
  <move id="161" source="C3" target="C4"/>
  <move id="162" source="B:" target="B9"/>
  <move id="163" source="D3" target="C3"/>
  <move id="164" source="B9" target="B8"/>
  <move id="165" source="C3" target="C2"/>
  <move id="166" source="B8" target="B7"/>
  <move id="167" source="E3" target="D3"/>
  <move id="168" source="A6" target="A5"/>
  <move id="169" source="E2" target="E3"/>
  <move id="170" source="A7" target="A6"/>
  <move id="171" source="E3" target="E4"/>
  <move id="172" source="B7" target="B6"/>
  <move id="173" source="D3" target="E3"/>
  <move id="174" source="F7" target="F6"/>
  <move id="175" source="E3" target="E2"/>
  <move id="176" source="F8" target="F7"/>
  <move id="177" source="F6" target="F5"/>
  <move id="178" source="F7" target="F6"/>
  <move id="179" source="F5" target="F4"/>
  <move id="180" source="F6" target="F5"/>
  <move id="181" source="E2" target="E3"/>
  <move id="182" source="A5" target="A4"/>
  <move id="183" source="E3" target="E2"/>
  <move id="184" source="A6" target="A5"/>
  <move id="185" source="H3" target="H4"/>
  <move id="186" source="B6" target="B5"/>
  <move id="187" source="I3" target="I4"/>
  <move id="188" source="E7" target="E4"/>
  <move id="189" source="G3" target="G4"/>
  <move id="190" source="G8" target="F8"/>
  <move id="191" source="I4" target="I5"/>
  <move id="192" source="F8" target="F7"/>
  <move id="193" source="F4" target="E4"/>
  <move id="194" source="F7" target="F6"/>
  <move id="195" source="G4" target="F4"/>
  <move id="196" source="F5" target="E5"/>
  <move id="197" source="F3" target="E3"/>
  <move id="198" source="F6" target="F5"/>
  <move id="199" source="K4" target="I4"/>
  <move id="200" source="F5" target="F4"/>
  <move id="201" source="E4" target="E5"/>
  <move id="202" source="F4" target="F5"/>
  <move id="203" source="I4" target="I3"/>
  <move id="204" source="F5" target="F6"/>
  <move id="205" source="I3" target="H3"/>
  <move id="206" source="F6" target="F7"/>
  <move id="207" source="H3" target="G3"/>
  <move id="208" source="F7" target="F8"/>
  <move id="209" source="G3" target="G4"/>
  <move id="210" source="E5" target="E6"/>
  <move id="211" source="K6" target="K5"/>
  <move id="212" source="E6" target="E7"/>
  <move id="213" source="K5" target="K4"/>
  <move id="214" source="E7" target="E6"/>
  <move id="215" source="K4" target="I4"/>
  <move id="216" source="D7" target="E7"/>
  <move id="217" source="I4" target="I3"/>
  <move id="218" source="E7" target="F7"/>
  <move id="219" source="I3" target="H3"/>
  <move id="220" source="F7" target="F6"/>
  <move id="221" source="H3" target="G3"/>
  <move id="222" source="F6" target="F5"/>
  <move id="223" source="G3" target="F3"/>
  <move id="224" source="E6" target="E7"/>
  <move id="225" source="I5" target="I4"/>
  <move id="226" source="E7" target="D7"/>
  <move id="227" source="F3" target="G3"/>
  <move id="228" source="G9" target="G8"/>
  <move id="229" source="G3" target="H3"/>
  <move id="230" source="F8" target="F7"/>
  <move id="231" source="G4" target="G3"/>
  <move id="232" source="G8" target="F8"/>
  <move id="233" source="G3" target="F3"/>
  <move id="234" source="F7" target="E7"/>
  <move id="235" source="H4" target="G4"/>
  <move id="236" source="F8" target="F7"/>
  <move id="237" source="E3" target="E4"/>
  <move id="238" source="F7" target="F6"/>
  <move id="239" source="G4" target="F4"/>
  <move id="240" source="E7" target="E6"/>
  <move id="241" source="H3" target="H4"/>
  <move id="242" source="I8" target="K8"/>
  <move id="243" source="I4" target="I3"/>
  <move id="244" source="K8" target="K7"/>
  <move id="245" source="I3" target="I4"/>
  <move id="246" source="H8" target="G8"/>
  <move id="247" source="I4" target="K4"/>
  <move id="248" source="G8" target="G9"/>
  <move id="249" source="H4" target="I4"/>
  <move id="250" source="D7" target="E7"/>
  <move id="251" source="I4" target="I5"/>
  <move id="252" source="E7" target="F7"/>
  <move id="253" source="K4" target="K5"/>
  <move id="254" source="F7" target="E7"/>
  <move id="255" source="E4" target="D4"/>
  <move id="256" source="E7" target="D7"/>
  <move id="257" source="C4" target="C3"/>
  <move id="258" source="E6" target="E7"/>
  <move id="259" source="D4" target="C4"/>
  <move id="260" source="E7" target="F7"/>
  <move id="261" source="C3" target="D3"/>
  <move id="262" source="D7" target="E7"/>
  <move id="263" source="F3" target="E3"/>
  <move id="264" source="E7" target="E6"/>
  <move id="265" source="E3" target="E4"/>
  <move id="266" source="F7" target="E7"/>
  <move id="267" source="D3" target="D4"/>
  <move id="268" source="A4" target="B4"/>
  <move id="269" source="I5" target="I4"/>
  <move id="270" source="B5" target="B6"/>
  <move id="271" source="I4" target="H4"/>
  <move id="272" source="B6" target="A6"/>
  <move id="273" source="H4" target="I4"/>
  <move id="274" source="A9" target="A8"/>
  <move id="275" source="C4" target="C3"/>
  <move id="276" source="A5" target="A4"/>
  <move id="277" source="B4" target="C4"/>
  <move id="278" source="A8" target="B8"/>
  <move id="279" source="C3" target="D3"/>
  <move id="280" source="B8" target="B7"/>
  <move id="281" source="C4" target="C3"/>
  <move id="282" source="A6" target="B6"/>
  <move id="283" source="D4" target="C4"/>
  <move id="284" source="B6" target="B5"/>
  <move id="285" source="C4" target="B4"/>
  <move id="286" source="A4" target="A5"/>
  <move id="287" source="B4" target="B5"/>
  <move id="288" source="A5" target="A6"/>
  <move id="289" source="B5" target="B6"/>
  <move id="290" source="A6" target="A7"/>
  <move id="291" source="B6" target="B7"/>
  <move id="292" source="A7" target="A8"/>
  <move id="293" source="B7" target="B8"/>
  <move id="294" source="A8" target="A9"/>
  <move id="295" source="B8" target="B7"/>
  <move id="296" source="E6" target="E5"/>
  <move id="297" source="B7" target="B6"/>
  <move id="298" source="E7" target="E6"/>
  <move id="299" source="B6" target="B5"/>
  <move id="300" source="E5" target="E4"/>
  <move id="301" source="C3" target="C4"/>
  <move id="302" source="E6" target="E5"/>
  <move id="303" source="C4" target="B4"/>
  <move id="304" source="E5" target="E4"/>
  <move id="305" source="F4" target="E4"/>
  <move id="306" source="I7" target="I6"/>
  <move id="307" source="E4" target="F4"/>
  <move id="308" source="I6" target="I5"/>
  <move id="309" source="K5" target="K6"/>
  <move id="310" source="I5" target="I4"/>
  <move id="311" source="F4" target="G4"/>
  <move id="312" source="I4" target="I5"/>
  <move id="313" source="B4" target="C4"/>
  <move id="314" source="K7" target="I7"/>
  <move id="315" source="K6" target="K7"/>
  <move id="316" source="I5" target="I6"/>
  <move id="317" source="K7" target="I7"/>
  <move id="318" source="I7" target="I8"/>
  <move id="319" source="C4" target="D4"/>
  <move id="320" source="I8" target="I7"/>
  <move id="321" source="B5" target="B4"/>
  <move id="322" source="A9" target="A8"/>
  <move id="323" source="D4" target="E4"/>
  <move id="324" source="A8" target="A7"/>
  <move id="325" source="B4" target="C4"/>
  <move id="326" source="A7" target="B7"/>
  <move id="327" source="K3" target="K4"/>
  <move id="328" source="B7" target="C7"/>
  <move id="329" source="E4" target="E3"/>
  <move id="330" source="C7" target="D7"/>
  <move id="331" source="C4" target="D4"/>
  <move id="332" source="D7" target="E7"/>
  <move id="333" source="E3" target="E4"/>
  <move id="334" source="E7" target="F7"/>
  <move id="335" source="E4" target="E5"/>
  <move id="336" source="F7" target="F8"/>
  <move id="337" source="E5" target="E6"/>
  <move id="338" source="F8" target="F7"/>
  <move id="339" source="E6" target="F6"/>
  <move id="340" source="F7" target="F6"/>
  <move id="341" source="G4" target="F4"/>
  <move id="342" source="F6" target="F7"/>
  <move id="343" source="F4" target="F5"/>
  <move id="344" source="F7" target="F8"/>
  <move id="345" source="F5" target="F4"/>
  <move id="346" source="I6" target="I5"/>
  <move id="347" source="F4" target="G4"/>
  <move id="348" source="I5" target="I4"/>
  <move id="349" source="K4" target="K5"/>
  <move id="350" source="I7" target="K7"/>
  <move id="351" source="G4" target="H4"/>
  <move id="352" source="I4" target="K4"/>
  <move id="353" source="K5" target="I5"/>
  <move id="354" source="K7" target="I7"/>
  <move id="355" source="H4" target="I4"/>
  <move id="356" source="K4" target="K5"/>
  <move id="357" source="D4" target="E4"/>
  <move id="358" source="F8" target="G8"/>
  <move id="359" source="E4" target="F4"/>
  <move id="360" source="G8" target="H8"/>
  <move id="361" source="F4" target="G4"/>
  <move id="362" source="I9" target="I8"/>
  <move id="363" source="G4" target="H4"/>
  <move id="364" source="I8" target="K8"/>
  <move id="365" source="H4" target="H3"/>
  <move id="366" source="K8" target="K7"/>
  <move id="367" source="H3" target="I3"/>
  <move id="368" source="K7" target="K6"/>
  <move id="369" source="I3" target="K3"/>
  <move id="370" source="K6" target="I6"/>
  <move id="371" source="K3" target="K4"/>
  <move id="372" source="I6" target="I5"/>
  <move id="373" source="I4" target="I5"/>
  <move id="374" source="K5" target="K4"/>
  <move id="375" source="H2" target="H3"/>
  <move id="376" source="H8" target="I8"/>
  <move id="377" source="C2" target="C3"/>
  <move id="378" source="I8" target="K8"/>
  <move id="379" source="C3" target="C4"/>
  <move id="380" source="K8" target="K7"/>
  <move id="381" source="C4" target="B4"/>
  <move id="382" source="K7" target="K6"/>
  <move id="383" source="B4" target="B5"/>
  <move id="384" source="K6" target="K5"/>
  <move id="385" source="B5" target="B6"/>
  <move id="386" source="K5" target="K4"/>
  <move id="387" source="B6" target="B7"/>
  <move id="388" source="K4" target="I4"/>
  <move id="389" source="B7" target="B8"/>
  <move id="390" source="I4" target="H4"/>
  <move id="391" source="B8" target="C8"/>
  <move id="392" source="H4" target="H3"/>
  <move id="393" source="C8" target="D8"/>
  <move id="394" source="H7" target="H8"/>
  <move id="395" source="B2" target="C2"/>
  <move id="396" source="H8" target="I8"/>
  <move id="397" source="C2" target="C3"/>
  <move id="398" source="I8" target="K8"/>
  <move id="399" source="C3" target="C4"/>
  <move id="400" source="K8" target="K7"/>
  <move id="401" source="C4" target="B4"/>
  <move id="402" source="K7" target="K6"/>
  <move id="403" source="B4" target="B5"/>
  <move id="404" source="K6" target="K5"/>
  <move id="405" source="B5" target="B6"/>
  <move id="406" source="K5" target="I5"/>
  <move id="407" source="B6" target="B7"/>
  <move id="408" source="I5" target="I4"/>
  <move id="409" source="B7" target="C7"/>
  <move id="410" source="I4" target="I3"/>
  <move id="411" source="C7" target="D7"/>
  <move id="412" source="E8" target="F8"/>
  <move id="413" source="D7" target="D8"/>
  <move id="414" source="D9" target="D8"/>
  <move id="415" source="B1" target="B2"/>
  <move id="416" source="F8" target="G8"/>
  <move id="417" source="B2" target="C2"/>
  <move id="418" source="G8" target="H8"/>
  <move id="419" source="C2" target="C3"/>
  <move id="420" source="H8" target="I8"/>
  <move id="421" source="C3" target="C4"/>
  <move id="422" source="I8" target="K8"/>
  <move id="423" source="C4" target="B4"/>
  <move id="424" source="K8" target="K7"/>
  <move id="425" source="B4" target="B5"/>
  <move id="426" source="K7" target="K6"/>
  <move id="427" source="E2" target="E3"/>
  <move id="428" source="K6" target="K5"/>
  <move id="429" source="E3" target="E4"/>
  <move id="430" source="K5" target="K4"/>
  <move id="431" source="E4" target="E5"/>
  <move id="432" source="K4" target="K3"/>
  <move id="433" source="D3" target="D4"/>
  <move id="434" source="K3" target="K2"/>
  <move id="435" source="E5" target="F5"/>
  <move id="436" source="I3" target="H3"/>
  <move id="437" source="D4" target="E4"/>
  <move id="438" source="H3" target="H4"/>
  <move id="439" source="F5" target="F6"/>
  <move id="440" source="H9" target="H8"/>
  <move id="441" source="E4" target="F4"/>
  <move id="442" source="H8" target="G8"/>
  <move id="443" source="F4" target="G4"/>
  <move id="444" source="G8" target="F8"/>
  <move id="445" source="G4" target="H4"/>
  <move id="446" source="D8" target="C8"/>
  <move id="447" source="H4" target="G4"/>
  <move id="448" source="C8" target="B8"/>
  <move id="449" source="B5" target="B4"/>
  <move id="450" source="B8" target="B7"/>
  <move id="451" source="G4" target="F4"/>
  <move id="452" source="B7" target="B6"/>
  <move id="453" source="F4" target="F3"/>
  <move id="454" source="B6" target="B5"/>
  <move id="455" source="B4" target="H4"/>
  <move id="456" source="B5" target="B4"/>
  <move id="457" source="F3" target="E3"/>
  <move id="458" source="F8" target="G8"/>
  <move id="459" source="E3" target="E4"/>
  <move id="460" source="F9" target="F8"/>
  <move id="461" source="E4" target="D4"/>
  <move id="462" source="F8" target="F7"/>
  <move id="463" source="F6" target="E6"/>
  <move id="464" source="F7" target="F6"/>
  <move id="465" source="E6" target="E7"/>
  <move id="466" source="F6" target="E6"/>
  <move id="467" source="E7" target="F7"/>
  <move id="468" source="G9" target="F9"/>
  <move id="469" source="G2" target="H2"/>
  <move id="470" source="F9" target="F8"/>
  <move id="471" source="H2" target="H3"/>
  <move id="472" source="F8" target="F7"/>
  <move id="473" source="H3" target="I3"/>
  <move id="474" source="E6" target="E7"/>
  <move id="475" source="I3" target="I4"/>
  <move id="476" source="E7" target="F7"/>
  <move id="477" source="I4" target="I5"/>
  <move id="478" source="G8" target="G9"/>
  <move id="479" source="I5" target="I6"/>
  <move id="480" source="I7" target="I8"/>
  <move id="481" source="I6" target="I7"/>
  <move id="482" source="I8" target="H8"/>
  <move id="483" source="I7" target="I8"/>
  <move id="484" source="H8" target="G8"/>
  <move id="485" source="D4" target="E4"/>
  <move id="486" source="G8" target="F8"/>
  <move id="487" source="E4" target="E5"/>
  <move id="488" source="F8" target="E8"/>
  <move id="489" source="E5" target="E6"/>
  <move id="490" source="E8" target="D8"/>
  <move id="491" source="E6" target="E7"/>
  <move id="492" source="F7" target="F6"/>
  <move id="493" source="E7" target="E8"/>
  <move id="494" source="D8" target="C8"/>
  <move id="495" source="E8" target="D8"/>
  <move id="496" source="C8" target="B8"/>
  <move id="497" source="D8" target="C8"/>
  <move id="498" source="B8" target="A8"/>
  <move id="499" source="C8" target="B8"/>
  <move id="500" source="A8" target="A9"/>
  <move id="501" source="H4" target="I4"/>
  <move id="502" source="F6" target="F7"/>
  <move id="503" source="I4" target="I7"/>
  <move id="504" source="F7" target="F8"/>
  <move id="505" source="I7" target="G7"/>
  <move id="506" source="F8" target="G8"/>
  <move id="507" source="I8" target="I7"/>
  <move id="508" source="B4" target="C4"/>
  <move id="509" source="I7" target="I6"/>
  <move id="510" source="C4" target="D4"/>
  <move id="511" source="I6" target="I5"/>
  <move id="512" source="D4" target="E4"/>
  <move id="513" source="I5" target="K5"/>
  <move id="514" source="E4" target="F4"/>
  <move id="515" source="K5" target="K6"/>
  <move id="516" source="F4" target="G4"/>
  <move id="517" source="D2" target="D3"/>
  <move id="518" source="G8" target="H8"/>
  <move id="519" source="D3" target="D4"/>
  <move id="520" source="H8" target="I8"/>
  <move id="521" source="D4" target="C4"/>
  <move id="522" source="G4" target="H4"/>
  <move id="523" source="C4" target="B4"/>
  <move id="524" source="H4" target="I4"/>
  <move id="525" source="B4" target="B5"/>
  <move id="526" source="I4" target="I5"/>
  <move id="527" source="B5" target="B6"/>
  <move id="528" source="I8" target="I7"/>
  <move id="529" source="B6" target="B7"/>
  <move id="530" source="I7" target="K7"/>
  <move id="531" source="B7" target="A7"/>
  <move id="532" source="K7" target="K6"/>
  <move id="533" source="A7" target="A8"/>
  <move id="534" source="I5" target="I4"/>
  <move id="535" source="A8" target="A9"/>
  <move id="536" source="I4" target="H4"/>
  <move id="537" source="B8" target="B7"/>
  <move id="538" source="H4" target="G4"/>
  <move id="539" source="B7" target="B6"/>
  <move id="540" source="G4" target="F4"/>
  <move id="541" source="B6" target="B5"/>
  <move id="542" source="F4" target="E4"/>
  <move id="543" source="B5" target="B4"/>
  <move id="544" source="E4" target="E5"/>
  <move id="545" source="B4" target="C4"/>
  <move id="546" source="E5" target="E6"/>
  <move id="547" source="C4" target="D4"/>
  <move id="548" source="E6" target="E7"/>
  <move id="549" source="A9" target="A8"/>
  <move id="550" source="E7" target="D7"/>
  <move id="551" source="A8" target="A7"/>
  <move id="552" source="D7" target="C7"/>
  <move id="553" source="A7" target="A6"/>
  <move id="554" source="C7" target="B7"/>
  <move id="555" source="D4" target="C4"/>
  <move id="556" source="B7" target="B6"/>
  <move id="557" source="A6" target="A7"/>
  <move id="558" source="B6" target="B7"/>
  <move id="559" source="A7" target="A6"/>
  <move id="560" source="B7" target="C7"/>
  <move id="561" source="A6" target="A5"/>
  <move id="562" source="C7" target="D7"/>
  <move id="563" source="C4" target="D4"/>
  <move id="564" source="D7" target="E7"/>
  <move id="565" source="D4" target="E4"/>
  <move id="566" source="E7" target="D7"/>
  <move id="567" source="E4" target="E5"/>
  <move id="568" source="D7" target="C7"/>
  <move id="569" source="A5" target="B5"/>
  <move id="570" source="C7" target="B7"/>
  <move id="571" source="B5" target="B4"/>
  <move id="572" source="B7" target="B6"/>
  <move id="573" source="B4" target="C4"/>
  <move id="574" source="B6" target="B5"/>
  <move id="575" source="C4" target="D4"/>
  <move id="576" source="B5" target="B4"/>
  <move id="577" source="E5" target="E4"/>
  <move id="578" source="B4" target="C4"/>
  <move id="579" source="D4" target="D3"/>
  <move id="580" source="C4" target="B4"/>
  <move id="581" source="E4" target="D4"/>
  <move id="582" source="B4" target="B5"/>
  <move id="583" source="D3" target="E3"/>
  <move id="584" source="B5" target="B6"/>
  <move id="585" source="D4" target="E4"/>
  <move id="586" source="B6" target="B7"/>
  <move id="587" source="E4" target="E5"/>
  <move id="588" source="B7" target="C7"/>
  <move id="589" source="E5" target="E6"/>
  <move id="590" source="C7" target="D7"/>
  <move id="591" source="A1" target="B1"/>
  <move id="592" source="D7" target="C7"/>
  <move id="593" source="E6" target="E5"/>
  <move id="594" source="C7" target="B7"/>
  <move id="595" source="E5" target="E4"/>
  <move id="596" source="B7" target="B6"/>
  <move id="597" source="E4" target="D4"/>
  <move id="598" source="B6" target="B5"/>
  <move id="599" source="D4" target="C4"/>
  <move id="600" source="B5" target="B6"/>
  <move id="601" source="B1" target="B2"/>
  <move id="602" source="B6" target="B7"/>
  <move id="603" source="E3" target="F3"/>
  <move id="604" source="B7" target="C7"/>
  <move id="605" source="C4" target="D4"/>
  <move id="606" source="C7" target="D7"/>
  <move id="607" source="D4" target="E4"/>
  <move id="608" source="D7" target="E7"/>
  <move id="609" source="E4" target="E5"/>
  <move id="610" source="E7" target="F7"/>
  <move id="611" source="E5" target="F5"/>
  <move id="612" source="F7" target="F8"/>
  <move id="613" source="F5" target="F4"/>
  <move id="614" source="F8" target="G8"/>
  <move id="615" source="F4" target="G4"/>
  <move id="616" source="G8" target="H8"/>
  <move id="617" source="G4" target="H4"/>
  <move id="618" source="H8" target="I8"/>
  <move id="619" source="H4" target="I4"/>
  <move id="620" source="I8" target="H8"/>
  <move id="621" source="I4" target="H4"/>
  <move id="622" source="H8" target="G8"/>
  <move id="623" source="H4" target="G4"/>
  <move id="624" source="G8" target="H8"/>
  <move id="625" source="B2" target="C2"/>
  <move id="626" source="H8" target="I8"/>
  <move id="627" source="C2" target="C3"/>
  <move id="628" source="I8" target="I7"/>
  <move id="629" source="C3" target="C4"/>
  <move id="630" source="I7" target="I6"/>
  <move id="631" source="C4" target="D4"/>
  <move id="632" source="I6" target="I5"/>
  <move id="633" source="D4" target="E4"/>
  <move id="634" source="I5" target="I4"/>
  <move id="635" source="E4" target="E5"/>
  <move id="636" source="I4" target="I5"/>
  <move id="637" source="E5" target="E6"/>
  <move id="638" source="I5" target="I6"/>
  <move id="639" source="G4" target="F4"/>
  <move id="640" source="I6" target="I7"/>
  <move id="641" source="F4" target="F5"/>
  <move id="642" source="I7" target="I8"/>
  <move id="643" source="F5" target="F6"/>
  <move id="644" source="I8" target="H8"/>
  <move id="645" source="F6" target="F7"/>
  <move id="646" source="H8" target="G8"/>
  <move id="647" source="E6" target="E7"/>
  <move id="648" source="G8" target="H8"/>
  <move id="649" source="C1" target="C2"/>
  <move id="650" source="H8" target="I8"/>
  <move id="651" source="F7" target="F6"/>
  <move id="652" source="I8" target="I7"/>
  <move id="653" source="F6" target="F5"/>
  <move id="654" source="I7" target="I6"/>
  <move id="655" source="F5" target="F4"/>
  <move id="656" source="I6" target="I5"/>
  <move id="657" source="F4" target="G4"/>
  <move id="658" source="I5" target="I4"/>
  <move id="659" source="C2" target="C3"/>
  <move id="660" source="I4" target="I5"/>
  <move id="661" source="G4" target="F4"/>
  <move id="662" source="I5" target="I6"/>
  <move id="663" source="F4" target="F5"/>
  <move id="664" source="I6" target="I7"/>
  <move id="665" source="F5" target="F6"/>
  <move id="666" source="I7" target="H7"/>
  <move id="667" source="F6" target="F7"/>
  <move id="668" source="H7" target="H8"/>
  <move id="669" source="C3" target="C4"/>
  <move id="670" source="H8" target="I8"/>
  <move id="671" source="C4" target="B4"/>
  <move id="672" source="I8" target="I7"/>
  <move id="673" source="F7" target="F6"/>
  <move id="674" source="I7" target="I6"/>
  <move id="675" source="F6" target="F5"/>
  <move id="676" source="I6" target="I5"/>
  <move id="677" source="B4" target="B5"/>
  <move id="678" source="I5" target="I4"/>
  <move id="679" source="F5" target="F4"/>
  <move id="680" source="I4" target="I5"/>
  <move id="681" source="F4" target="F5"/>
  <move id="682" source="I5" target="I6"/>
  <move id="683" source="B5" target="B6"/>
  <move id="684" source="I6" target="I7"/>
  <move id="685" source="B6" target="B7"/>
  <move id="686" source="I7" target="H7"/>
  <move id="687" source="F5" target="F6"/>
  <move id="688" source="H7" target="H8"/>
  <move id="689" source="F6" target="F7"/>
  <move id="690" source="H8" target="G8"/>
  <move id="691" source="B7" target="B8"/>
  <move id="692" source="G8" target="H8"/>
  <move id="693" source="B8" target="B9"/>
  <move id="694" source="H8" target="I8"/>
  <move id="695" source="B9" target="C9"/>
  <move id="696" source="I8" target="I7"/>
  <move id="697" source="F3" target="E3"/>
  <move id="698" source="I7" target="I6"/>
  <move id="699" source="E3" target="D3"/>
  <move id="700" source="I6" target="I5"/>
  <move id="701" source="E7" target="E6"/>
  <move id="702" source="I5" target="I4"/>
  <move id="703" source="F7" target="F6"/>
  <move id="704" source="C9" target="C8"/>
  <move id="705" source="D3" target="D4"/>
  <move id="706" source="C8" target="D8"/>
  <move id="707" source="D4" target="C4"/>
  <move id="708" source="D8" target="E8"/>
  <move id="709" source="F6" target="F7"/>
  <move id="710" source="I4" target="H4"/>
  <move id="711" source="C4" target="B4"/>
  <move id="712" source="H4" target="G4"/>
  <move id="713" source="B4" target="B5"/>
  <move id="714" source="G4" target="F4"/>
  <move id="715" source="B5" target="B6"/>
  <move id="716" source="F4" target="E4"/>
  <move id="717" source="B6" target="B7"/>
  <move id="718" source="E4" target="E5"/>
  <move id="719" source="E6" target="F6"/>
  <move id="720" source="E5" target="F5"/>
  <move id="721" source="F6" target="E6"/>
  <move id="722" source="F5" target="E5"/>
  <move id="723" source="E6" target="F6"/>
  <move id="724" source="E5" target="F5"/>
  <move id="725" source="B7" target="C7"/>
  <move id="726" source="E8" target="D8"/>
  <move id="727" source="C7" target="C8"/>
  <move id="728" source="D8" target="D9"/>
  <move id="729" source="F6" target="E6"/>
  <move id="730" source="F5" target="E5"/>
  <move id="731" source="E6" target="E8"/>
  <move id="732" source="E5" target="E4"/>
  <move id="733" source="E8" target="I8"/>
  <move id="734" source="E4" target="D4"/>
  <move id="735" source="F7" target="E7"/>
  <move id="736" source="D4" target="E4"/>
  <move id="737" source="E7" target="E8"/>
  <move id="738" source="E4" target="F4"/>
  <move id="739" source="E8" target="D8"/>
  <move id="740" source="F4" target="G4"/>
  <move id="741" source="D8" target="D9"/>
  <move id="742" source="G9" target="G8"/>
  <move id="743" source="D9" target="D8"/>
  <move id="744" source="G8" target="F8"/>
  <move id="745" source="D8" target="E8"/>
  <move id="746" source="F8" target="G8"/>
  <move id="747" source="E8" target="F8"/>
  <move id="748" source="G8" target="H8"/>
  <move id="749" source="I8" target="I9"/>
  <move id="750" source="H8" target="I8"/>
  <move id="751" source="I9" target="F9"/>
  <move id="752" source="I8" target="I7"/>
  <move id="753" source="F8" target="F7"/>
  <move id="754" source="G4" target="H4"/>
  <move id="755" source="F9" target="F8"/>
  <move id="756" source="I7" target="I6"/>
  <move id="757" source="F7" target="F6"/>
  <move id="758" source="I6" target="I5"/>
  <move id="759" source="F6" target="F5"/>
  <move id="760" source="H4" target="I4"/>
  <move id="761" source="F5" target="F4"/>
  <move id="762" source="I4" target="K4"/>
  <move id="763" source="F4" target="G4"/>
  <move id="764" source="I5" target="I4"/>
  <move id="765" source="G4" target="H4"/>
  <move id="766" source="I4" target="I3"/>
  <move id="767" source="H4" target="I4"/>
  <move id="768" source="K4" target="K5"/>
  <move id="769" source="I4" target="I3"/>
  <move id="770" source="K5" target="I5"/>
  <move id="771" source="I3" target="I4"/>
  <move id="772" source="I5" target="I6"/>
  <move id="773" source="F8" target="D8"/>
  <move id="774" source="I6" target="I7"/>
  <move id="775" source="D8" target="D:"/>
  <move id="776" source="D:" target="D9"/>
  <move id="777" source="I4" target="H4"/>
  <move id="778" source="I7" target="I8"/>
  <move id="779" source="H4" target="G4"/>
  <move id="780" source="I8" target="H8"/>
  <move id="781" source="G4" target="F4"/>
  <move id="782" source="H8" target="G8"/>
  <move id="783" source="F4" target="E4"/>
  <move id="784" source="G8" target="F8"/>
  <move id="785" source="E4" target="E5"/>
  <move id="786" source="F8" target="E8"/>
  <move id="787" source="E5" target="E6"/>
  <move id="788" source="E8" target="D8"/>
  <move id="789" source="C8" target="C9"/>
  <move id="790" source="D9" target="D:"/>
  <move id="791" source="E6" target="E7"/>
  <move id="792" source="D8" target="C8"/>
  <move id="793" source="C9" target="D9"/>
  <move id="794" source="C8" target="D8"/>
  <move id="795" source="D9" target="C9"/>
  <move id="796" source="G:" target="G9"/>
  <move id="797" source="E7" target="D7"/>
  <move id="798" source="D8" target="E8"/>
  <move id="799" source="D7" target="D8"/>
  <move id="800" source="E8" target="E7"/>
  <move id="801" source="C9" target="D9"/>
  <move id="802" source="G9" target="H9"/>
  <move id="803" source="D8" target="D7"/>
  <move id="804" source="E7" target="E6"/>
  <move id="805" source="D9" target="D:"/>
  <move id="806" source="H9" target="H8"/>
  <move id="807" source="D:" target="D9"/>
  <move id="808" source="H8" target="I8"/>
  <move id="809" source="D9" target="D8"/>
  <move id="810" source="I8" target="I7"/>
  <move id="811" source="D8" target="E8"/>
  <move id="812" source="I7" target="I6"/>
  <move id="813" source="D7" target="E7"/>
  <move id="814" source="E6" target="E5"/>
  <move id="815" source="E7" target="E6"/>
  <move id="816" source="E5" target="E4"/>
  <move id="817" source="E6" target="E5"/>
  <move id="818" source="E4" target="D4"/>
  <move id="819" source="E5" target="E4"/>
  <move id="820" source="D4" target="C4"/>
  <move id="821" source="E8" target="F8"/>
  <move id="822" source="I6" target="I5"/>
  <move id="823" source="F8" target="G8"/>
  <move id="824" source="I5" target="I4"/>
  <move id="825" source="G8" target="H8"/>
  <move id="826" source="I4" target="H4"/>
  <move id="827" source="E4" target="F4"/>
  <move id="828" source="H4" target="H3"/>
  <move id="829" source="F4" target="F3"/>
  <move id="830" source="H3" target="H2"/>
  <move id="831" source="F3" target="G3"/>
  <move id="832" source="C4" target="D4"/>
  <move id="833" source="H8" target="I8"/>
  <move id="834" source="D4" target="E4"/>
  <move id="835" source="I8" target="I7"/>
  <move id="836" source="E4" target="F4"/>
  <move id="837" source="I7" target="I6"/>
  <move id="838" source="F4" target="F5"/>
  <move id="839" source="I6" target="I5"/>
  <move id="840" source="H2" target="I2"/>
  <move id="841" source="I1" target="I2"/>
  <move id="842" source="F5" target="F6"/>
  <move id="843" source="G3" target="G4"/>
  <move id="844" source="F6" target="F7"/>
  <move id="845" source="I2" target="H2"/>
  <move id="846" source="F7" target="F8"/>
  <move id="847" source="I5" target="I4"/>
  <move id="848" source="F8" target="G8"/>
  <move id="849" source="I4" target="I3"/>
  <move id="850" source="G8" target="H8"/>
  <move id="851" source="G4" target="H4"/>
  <move id="852" source="H8" target="I8"/>
  <move id="853" source="I3" target="H3"/>
  <move id="854" source="I8" target="I7"/>
  <move id="855" source="H4" target="I4"/>
  <move id="856" source="I7" target="I6"/>
  <move id="857" source="I4" target="I5"/>
  <move id="858" source="I6" target="I7"/>
  <move id="859" source="I5" target="I4"/>
  <move id="860" source="I7" target="H7"/>
  <move id="861" source="I4" target="H4"/>
  <move id="862" source="H7" target="H8"/>
  <move id="863" source="H4" target="G4"/>
  <move id="864" source="H8" target="G8"/>
  <move id="865" source="G4" target="F4"/>
  <move id="866" source="G8" target="F8"/>
  <move id="867" source="F4" target="F5"/>
  <move id="868" source="F8" target="F7"/>
  <move id="869" source="K1" target="I1"/>
  <move id="870" source="F7" target="E7"/>
  <move id="871" source="I1" target="I:"/>
  <move id="872" source="E7" target="D7"/>
  <move id="873" source="H1" target="I1"/>
  <move id="874" source="D7" target="C7"/>
  <move id="875" source="F5" target="E5"/>
  <move id="876" source="C7" target="B7"/>
  <move id="877" source="I1" target="I2"/>
  <move id="878" source="B7" target="B6"/>
  <move id="879" source="I2" target="I3"/>
  <move id="880" source="B6" target="B5"/>
  <move id="881" source="I3" target="I4"/>
  <move id="882" source="B5" target="B4"/>
  <move id="883" source="E5" target="E4"/>
  <move id="884" source="B4" target="C4"/>
  <move id="885" source="E4" target="E3"/>
  <move id="886" source="C4" target="D4"/>
  <move id="887" source="I4" target="K4"/>
  <move id="888" source="D4" target="C4"/>
  <move id="889" source="K4" target="K5"/>
  <move id="890" source="C4" target="B4"/>
  <move id="891" source="K5" target="K6"/>
  <move id="892" source="B4" target="B5"/>
  <move id="893" source="K6" target="K7"/>
  <move id="894" source="B5" target="B6"/>
  <move id="895" source="E3" target="E4"/>
  <move id="896" source="B6" target="B7"/>
  <move id="897" source="E4" target="E5"/>
  <move id="898" source="B7" target="C7"/>
  <move id="899" source="E5" target="E6"/>
  <move id="900" source="C7" target="D7"/>
  <move id="901" source="K7" target="K8"/>
  <move id="902" source="D7" target="C7"/>
  <move id="903" source="H3" target="I3"/>
  <move id="904" source="C7" target="B7"/>
  <move id="905" source="K8" target="K9"/>
  <player id="1">Player 1</player>
  <player id="2">Player 2</player>
  <result type="3" winner="1"/>
 </game>
</stratego>