<?xml version="1.0" encoding="UTF-8"?>
<stratego>
 <game type="classic">
  
  <field content="EDEBDEBEBMKBEDLDDGFBDIDDFJCHFIHGGIGFHJHBAA__AA__AAAA__AA__AARPUXTPPVPPPPNSNSNOTQTQQNRNYTWSQPVRNRQUSU"/>
  <move id="1" source="E4" target="E5"/>
  <move id="2" source="B7" target="B4"/>
  <move id="3" source="E5" target="E6"/>
  <move id="4" source="C7" target="B7"/>
  <move id="5" source="F4" target="F5"/>
  <move id="6" source="B7" target="B6"/>
  <move id="7" source="F5" target="F6"/>
  <move id="8" source="B6" target="B5"/>
  <move id="9" source="E6" target="E7"/>
  <move id="10" source="A7" target="A6"/>
  <move id="11" source="G4" target="F4"/>
  <move id="12" source="A6" target="A5"/>
  <move id="13" source="F4" target="F5"/>
  <move id="14" source="K7" target="K6"/>
  <move id="15" source="F5" target="E5"/>
  <move id="16" source="I7" target="I6"/>
  <move id="17" source="E5" target="E6"/>
  <move id="18" source="K6" target="K5"/>
  <move id="19" source="D4" target="E4"/>
  <move id="20" source="I6" target="I5"/>
  <move id="21" source="E4" target="E5"/>
  <move id="22" source="A8" target="A7"/>
  <move id="23" source="F6" target="F5"/>
  <move id="24" source="A7" target="A6"/>
  <move id="25" source="E6" target="F6"/>
  <move id="26" source="A5" target="A4"/>
  <move id="27" source="E5" target="E6"/>
  <move id="28" source="B5" target="A5"/>
  <move id="29" source="B4" target="B5"/>
  <move id="30" source="A9" target="A8"/>
  <move id="31" source="B5" target="B6"/>
  <move id="32" source="A8" target="A7"/>
  <move id="33" source="F6" target="F7"/>
  <move id="34" source="E7" target="F7"/>
  <move id="35" source="F5" target="F6"/>
  <move id="36" source="G7" target="F7"/>
  <move id="37" source="C4" target="D4"/>
  <move id="38" source="F7" target="E7"/>
  <move id="39" source="D4" target="E4"/>
  <move id="40" source="F8" target="F7"/>
  <move id="41" source="E4" target="F4"/>
  <move id="42" source="E7" target="E6"/>
  <move id="43" source="F4" target="G4"/>
  <move id="44" source="F7" target="F6"/>
  <move id="45" source="E6" target="F6"/>
  <move id="46" source="H7" target="G7"/>
  <move id="47" source="F6" target="E6"/>
  <move id="48" source="G7" target="F7"/>
  <move id="49" source="E6" target="E5"/>
  <move id="50" source="D7" target="C7"/>
  <move id="51" source="D3" target="D4"/>
  <move id="52" source="D8" target="D7"/>
  <move id="53" source="D4" target="E4"/>
  <move id="54" source="D7" target="E7"/>
  <move id="55" source="E4" target="F4"/>
  <move id="56" source="E7" target="E6"/>
  <move id="57" source="E5" target="E4"/>
  <move id="58" source="F7" target="F8"/>
  <move id="59" source="E4" target="D4"/>
  <move id="60" source="E6" target="E7"/>
  <move id="61" source="D4" target="C4"/>
  <move id="62" source="C7" target="D7"/>
  <move id="63" source="C4" target="B4"/>
  <move id="64" source="D7" target="D8"/>
  <move id="65" source="B6" target="A6"/>
  <move id="66" source="A7" target="A6"/>
  <move id="67" source="B4" target="B5"/>
  <move id="68" source="B8" target="A8"/>
  <move id="69" source="A4" target="B4"/>
  <move id="70" source="A5" target="B5"/>
  <move id="71" source="B4" target="C4"/>
  <move id="72" source="A6" target="B6"/>
  <move id="73" source="C4" target="D4"/>
  <move id="74" source="A8" target="A3"/>
  <move id="75" source="C3" target="C4"/>
  <move id="76" source="A:" target="A9"/>
  <move id="77" source="C4" target="B4"/>
  <move id="78" source="A9" target="A8"/>
  <move id="79" source="B4" target="A4"/>
  <move id="80" source="A8" target="A7"/>
  <move id="81" source="B3" target="B4"/>
  <move id="82" source="B6" target="B7"/>
  <move id="83" source="B4" target="B5"/>
  <move id="84" source="B7" target="B8"/>
  <move id="85" source="D4" target="D3"/>
  <move id="86" source="A7" target="B7"/>
  <move id="87" source="A4" target="A9"/>
  <move id="88" source="B9" target="A9"/>
  <move id="89" source="A2" target="A3"/>
  <move id="90" source="A9" target="B9"/>
  <move id="91" source="A3" target="A4"/>
  <move id="92" source="B7" target="A7"/>
  <move id="93" source="A4" target="A5"/>
  <move id="94" source="E7" target="D7"/>
  <move id="95" source="A5" target="A6"/>
  <move id="96" source="B8" target="A8"/>
  <move id="97" source="F4" target="E4"/>
  <move id="98" source="D7" target="C7"/>
  <move id="99" source="E4" target="E5"/>
  <move id="100" source="C7" target="B7"/>
  <move id="101" source="B5" target="B4"/>
  <move id="102" source="I5" target="I6"/>
  <move id="103" source="E5" target="E6"/>
  <move id="104" source="I6" target="I7"/>
  <move id="105" source="E6" target="E7"/>
  <move id="106" source="I7" target="E7"/>
  <move id="107" source="B4" target="C4"/>
  <move id="108" source="B7" target="B6"/>
  <move id="109" source="E3" target="E4"/>
  <move id="110" source="B:" target="A:"/>
  <move id="111" source="C4" target="C3"/>
  <move id="112" source="A8" target="B8"/>
  <move id="113" source="E4" target="D4"/>
  <move id="114" source="K5" target="K6"/>
  <move id="115" source="D4" target="C4"/>
  <move id="116" source="I8" target="I7"/>
  <move id="117" source="C4" target="B4"/>
  <move id="118" source="K6" target="K7"/>
  <move id="119" source="B4" target="B5"/>
  <move id="120" source="B6" target="A6"/>
  <move id="121" source="A6" target="A7"/>
  <move id="122" source="I7" target="H7"/>
  <move id="123" source="B5" target="B6"/>
  <move id="124" source="H7" target="G7"/>
  <move id="125" source="B6" target="B7"/>
  <move id="126" source="G7" target="F7"/>
  <move id="127" source="B7" target="C7"/>
  <move id="128" source="F7" target="E7"/>
  <move id="129" source="C7" target="C8"/>
  <move id="130" source="E7" target="D7"/>
  <move id="131" source="A7" target="A8"/>
  <move id="132" source="B8" target="B7"/>
  <move id="133" source="A8" target="B8"/>
  <move id="134" source="B7" target="A7"/>
  <move id="135" source="E2" target="E3"/>
  <move id="136" source="D7" target="C7"/>
  <move id="137" source="E3" target="E4"/>
  <move id="138" source="A7" target="A6"/>
  <move id="139" source="E4" target="D4"/>
  <move id="140" source="A6" target="A5"/>
  <move id="141" source="D4" target="C4"/>
  <move id="142" source="A5" target="A4"/>
  <move id="143" source="C4" target="B4"/>
  <move id="144" source="A4" target="A3"/>
  <move id="145" source="A1" target="A2"/>
  <move id="146" source="A3" target="A2"/>
  <move id="147" source="B4" target="B5"/>
  <move id="148" source="A2" target="B2"/>
  <move id="149" source="B5" target="B6"/>
  <move id="150" source="C7" target="B7"/>
  <move id="151" source="B6" target="B7"/>
  <move id="152" source="I9" target="I8"/>
  <move id="153" source="B8" target="A8"/>
  <move id="154" source="I8" target="I7"/>
  <move id="155" source="A8" target="A9"/>
  <move id="156" source="A:" target="B:"/>
  <move id="157" source="A9" target="A:"/>
  <move id="158" source="K7" target="K6"/>
  <move id="159" source="A:" target="B:"/>
  <move id="160" source="K6" target="I6"/>
  <move id="161" source="B:" target="B9"/>
  <move id="162" source="I6" target="I4"/>
  <move id="163" source="B1" target="A1"/>
  <move id="164" source="D8" target="D7"/>
  <move id="165" source="A1" target="A:"/>
  <move id="166" source="C9" target="B9"/>
  <move id="167" source="A:" target="C:"/>
  <move id="168" source="D7" target="C7"/>
  <move id="169" source="B7" target="B8"/>
  <move id="170" source="C7" target="B7"/>
  <move id="171" source="B9" target="B:"/>
  <move id="172" source="C:" target="C9"/>
  <move id="173" source="B:" target="C:"/>
  <move id="174" source="B7" target="B6"/>
  <move id="175" source="C:" target="C9"/>
  <move id="176" source="I7" target="I6"/>
  <move id="177" source="B8" target="B7"/>
  <move id="178" source="B6" target="B5"/>
  <move id="179" source="B7" target="B6"/>
  <move id="180" source="B5" target="B4"/>
  <move id="181" source="B6" target="B5"/>
  <move id="182" source="B4" target="A4"/>
  <move id="183" source="E1" target="E4"/>
  <move id="184" source="I6" target="I5"/>
  <move id="185" source="E4" target="A4"/>
  <move id="186" source="K8" target="K7"/>
  <move id="187" source="D3" target="D4"/>
  <move id="188" source="I5" target="I4"/>
  <move id="189" source="D4" target="E4"/>
  <move id="190" source="I4" target="I5"/>
  <move id="191" source="E4" target="E5"/>
  <move id="192" source="I5" target="K5"/>
  <move id="193" source="G4" target="F4"/>
  <move id="194" source="K7" target="I7"/>
  <move id="195" source="F4" target="F5"/>
  <move id="196" source="I7" target="I6"/>
  <move id="197" source="F5" target="F6"/>
  <move id="198" source="I6" target="I5"/>
  <move id="199" source="F6" target="F7"/>
  <move id="200" source="F8" target="F7"/>
  <move id="201" source="F3" target="F4"/>
  <move id="202" source="I5" target="I4"/>
  <move id="203" source="F4" target="F5"/>
  <move id="204" source="K5" target="I5"/>
  <move id="205" source="F5" target="F6"/>
  <move id="206" source="I4" target="I3"/>
  <move id="207" source="F6" target="F7"/>
  <move id="208" source="I5" target="K5"/>
  <move id="209" source="E5" target="E6"/>
  <move id="210" source="I:" target="I9"/>
  <move id="211" source="E6" target="E7"/>
  <move id="212" source="I9" target="I8"/>
  <move id="213" source="E7" target="D7"/>
  <move id="214" source="I8" target="I7"/>
  <move id="215" source="D7" target="D8"/>
  <move id="216" source="I7" target="I6"/>
  <move id="217" source="D8" target="D9"/>
  <move id="218" source="I6" target="I5"/>
  <move id="219" source="D2" target="E2"/>
  <move id="220" source="I5" target="I4"/>
  <move id="221" source="E2" target="E7"/>
  <move id="222" source="K5" target="I5"/>
  <move id="223" source="E7" target="B7"/>
  <move id="224" source="I4" target="I3"/>
  <move id="225" source="B7" target="B:"/>
  <move id="226" source="I3" target="I2"/>
  <move id="227" source="B:" target="D:"/>
  <move id="228" source="I5" target="I4"/>
  <move id="229" source="C9" target="C:"/>
  <move id="230" source="I2" target="K2"/>
  <move id="231" source="H4" target="G4"/>
  <move id="232" source="I4" target="I3"/>
  <move id="233" source="G4" target="F4"/>
  <move id="234" source="I3" target="K3"/>
  <move id="235" source="C:" target="D:"/>
  <move id="236" source="K9" target="I9"/>
  <move id="237" source="F4" target="E4"/>
  <move id="238" source="I9" target="I8"/>
  <move id="239" source="F2" target="F9"/>
  <move id="240" source="I8" target="I7"/>
  <move id="241" source="E4" target="E5"/>
  <move id="242" source="I7" target="I6"/>
  <move id="243" source="E5" target="F5"/>
  <move id="244" source="I6" target="I5"/>
  <move id="245" source="F5" target="F6"/>
  <move id="246" source="I5" target="I4"/>
  <move id="247" source="F6" target="F7"/>
  <move id="248" source="I4" target="I3"/>
  <move id="249" source="F7" target="F8"/>
  <move id="250" source="I3" target="I2"/>
  <move id="251" source="H2" target="I2"/>
  <move id="252" source="K3" target="I3"/>
  <move id="253" source="F8" target="G8"/>
  <move id="254" source="I3" target="I2"/>
  <move id="255" source="D:" target="C:"/>
  <move id="256" source="H:" target="I:"/>
  <move id="257" source="C3" target="C4"/>
  <move id="258" source="I:" target="I9"/>
  <move id="259" source="C4" target="D4"/>
  <move id="260" source="I9" target="I8"/>
  <move id="261" source="D4" target="E4"/>
  <move id="262" source="I8" target="I7"/>
  <move id="263" source="E4" target="F4"/>
  <move id="264" source="I7" target="I6"/>
  <move id="265" source="F4" target="G4"/>
  <move id="266" source="I6" target="I5"/>
  <move id="267" source="G4" target="H4"/>
  <move id="268" source="G:" target="H:"/>
  <move id="269" source="H4" target="I4"/>
  <move id="270" source="H:" target="I:"/>
  <move id="271" source="F1" target="F2"/>
  <move id="272" source="I:" target="I9"/>
  <move id="273" source="F2" target="F3"/>
  <move id="274" source="I9" target="I8"/>
  <move id="275" source="F3" target="F4"/>
  <move id="276" source="I8" target="I7"/>
  <move id="277" source="F4" target="F5"/>
  <move id="278" source="I7" target="I6"/>
  <move id="279" source="F5" target="F6"/>
  <move id="280" source="I5" target="I4"/>
  <move id="281" source="F6" target="F7"/>
  <move id="282" source="I6" target="I5"/>
  <move id="283" source="F7" target="E7"/>
  <move id="284" source="I5" target="I4"/>
  <move id="285" source="E7" target="E8"/>
  <move id="286" source="E9" target="E8"/>
  <move id="287" source="G2" target="F2"/>
  <move id="288" source="K:" target="I:"/>
  <move id="289" source="C:" target="B:"/>
  <move id="290" source="I:" target="I9"/>
  <move id="291" source="B:" target="B9"/>
  <move id="292" source="I9" target="I8"/>
  <move id="293" source="B9" target="B8"/>
  <move id="294" source="I8" target="I7"/>
  <move id="295" source="B8" target="B7"/>
  <move id="296" source="I7" target="I6"/>
  <move id="297" source="B7" target="C7"/>
  <move id="298" source="I6" target="I5"/>
  <move id="299" source="C7" target="D7"/>
  <move id="300" source="I4" target="I3"/>
  <move id="301" source="D7" target="E7"/>
  <move id="302" source="I3" target="K3"/>
  <move id="303" source="E7" target="F7"/>
  <move id="304" source="I5" target="I4"/>
  <move id="305" source="F7" target="G7"/>
  <move id="306" source="K3" target="K2"/>
  <move id="307" source="G7" target="H7"/>
  <move id="308" source="K2" target="K1"/>
  <player id="1">Player 1</player>
  <player id="2">Player 2</player>
  <result type="1" winner="2"/>
 </game>
</stratego>