<?xml version="1.0" encoding="UTF-8"?>
<stratego>
 <game type="classic">
  
  <field content="MBBEHBGBFDBHJCEJEBIHFIEKHDGEDDDGLDDFIGDFAA__AA__AAAA__AA__AARPPVTTNTPRTUSSXVQSSUNWQNQPPUPNRONYNQPPQR"/>
  <move id="1" source="B4" target="B5"/>
  <move id="2" source="I7" target="I4"/>
  <move id="3" source="B5" target="B6"/>
  <move id="4" source="K7" target="K6"/>
  <move id="5" source="A4" target="A7"/>
  <move id="6" source="B7" target="B6"/>
  <move id="7" source="A3" target="A4"/>
  <move id="8" source="K6" target="K5"/>
  <move id="9" source="A4" target="A5"/>
  <move id="10" source="K5" target="K4"/>
  <move id="11" source="A5" target="A6"/>
  <move id="12" source="I8" target="I7"/>
  <move id="13" source="B6" target="B5"/>
  <move id="14" source="I7" target="I6"/>
  <move id="15" source="B5" target="B4"/>
  <move id="16" source="I6" target="I5"/>
  <move id="17" source="B3" target="A3"/>
  <move id="18" source="I5" target="I4"/>
  <move id="19" source="B4" target="B3"/>
  <move id="20" source="I4" target="H4"/>
  <move id="21" source="C4" target="B4"/>
  <move id="22" source="I9" target="I8"/>
  <move id="23" source="B4" target="A4"/>
  <move id="24" source="I8" target="I7"/>
  <move id="25" source="D4" target="C4"/>
  <move id="26" source="I7" target="I6"/>
  <move id="27" source="C4" target="B4"/>
  <move id="28" source="I6" target="I5"/>
  <move id="29" source="B4" target="B5"/>
  <move id="30" source="A7" target="B7"/>
  <move id="31" source="B5" target="B6"/>
  <move id="32" source="I5" target="I4"/>
  <move id="33" source="B6" target="B5"/>
  <move id="34" source="I4" target="H4"/>
  <move id="35" source="A6" target="A7"/>
  <move id="36" source="H8" target="I8"/>
  <move id="37" source="G4" target="H4"/>
  <move id="38" source="K8" target="K7"/>
  <move id="39" source="F4" target="F5"/>
  <move id="40" source="K7" target="K6"/>
  <move id="41" source="E4" target="E5"/>
  <move id="42" source="K6" target="K5"/>
  <move id="43" source="A7" target="A8"/>
  <move id="44" source="K5" target="K4"/>
  <move id="45" source="A4" target="B4"/>
  <move id="46" source="K4" target="I4"/>
  <move id="47" source="H4" target="G4"/>
  <move id="48" source="I8" target="K8"/>
  <move id="49" source="A3" target="A4"/>
  <move id="50" source="K8" target="K7"/>
  <move id="51" source="A4" target="A5"/>
  <move id="52" source="K7" target="K6"/>
  <move id="53" source="A5" target="A6"/>
  <move id="54" source="K6" target="K5"/>
  <move id="55" source="A6" target="A7"/>
  <move id="56" source="K5" target="K4"/>
  <move id="57" source="B4" target="A4"/>
  <move id="58" source="K4" target="K3"/>
  <move id="59" source="K2" target="K3"/>
  <move id="60" source="I4" target="K4"/>
  <move id="61" source="K3" target="K2"/>
  <move id="62" source="K4" target="K3"/>
  <move id="63" source="B5" target="A5"/>
  <move id="64" source="K3" target="K2"/>
  <move id="65" source="I2" target="K2"/>
  <move id="66" source="G8" target="H8"/>
  <move id="67" source="B3" target="B4"/>
  <move id="68" source="H8" target="I8"/>
  <move id="69" source="B4" target="B5"/>
  <move id="70" source="I8" target="K8"/>
  <move id="71" source="B5" target="B6"/>
  <move id="72" source="G9" target="G8"/>
  <move id="73" source="A4" target="B4"/>
  <move id="74" source="G8" target="H8"/>
  <move id="75" source="B4" target="B5"/>
  <move id="76" source="H8" target="I8"/>
  <move id="77" source="A5" target="A4"/>
  <move id="78" source="I8" target="I7"/>
  <move id="79" source="B6" target="B7"/>
  <move id="80" source="A8" target="A7"/>
  <move id="81" source="B7" target="C7"/>
  <move id="82" source="D7" target="C7"/>
  <move id="83" source="B5" target="B6"/>
  <move id="84" source="C7" target="D7"/>
  <move id="85" source="B6" target="B7"/>
  <move id="86" source="E7" target="E6"/>
  <move id="87" source="B7" target="C7"/>
  <move id="88" source="D7" target="E7"/>
  <move id="89" source="C7" target="D7"/>
  <move id="90" source="E6" target="E5"/>
  <move id="91" source="D7" target="E7"/>
  <move id="92" source="B8" target="B7"/>
  <move id="93" source="A7" target="A6"/>
  <move id="94" source="B9" target="B8"/>
  <move id="95" source="A4" target="B4"/>
  <move id="96" source="B7" target="B6"/>
  <move id="97" source="A6" target="A5"/>
  <move id="98" source="B8" target="B7"/>
  <move id="99" source="B4" target="B6"/>
  <move id="100" source="B6" target="B5"/>
  <move id="101" source="A5" target="B5"/>
  <move id="102" source="B7" target="B6"/>
  <move id="103" source="C3" target="B3"/>
  <move id="104" source="B6" target="B5"/>
  <move id="105" source="B3" target="B4"/>
  <move id="106" source="B5" target="B4"/>
  <move id="107" source="D3" target="C3"/>
  <move id="108" source="E5" target="E4"/>
  <move id="109" source="E7" target="E6"/>
  <move id="110" source="B4" target="C4"/>
  <move id="111" source="E6" target="E5"/>
  <move id="112" source="E4" target="E3"/>
  <move id="113" source="C3" target="B3"/>
  <move id="114" source="C4" target="B4"/>
  <move id="115" source="B3" target="C3"/>
  <move id="116" source="E8" target="E7"/>
  <move id="117" source="F5" target="F6"/>
  <move id="118" source="E7" target="D7"/>
  <move id="119" source="F6" target="E6"/>
  <move id="120" source="I7" target="I6"/>
  <move id="121" source="E6" target="E7"/>
  <move id="122" source="D7" target="E7"/>
  <move id="123" source="G4" target="F4"/>
  <move id="124" source="B4" target="C4"/>
  <move id="125" source="C3" target="D3"/>
  <move id="126" source="C4" target="C3"/>
  <move id="127" source="D3" target="D4"/>
  <move id="128" source="C8" target="B8"/>
  <move id="129" source="D4" target="C4"/>
  <move id="130" source="C3" target="C4"/>
  <move id="131" source="F4" target="E4"/>
  <move id="132" source="F8" target="G8"/>
  <move id="133" source="E4" target="D4"/>
  <move id="134" source="G8" target="H8"/>
  <move id="135" source="F3" target="E3"/>
  <move id="136" source="H8" target="I8"/>
  <move id="137" source="E3" target="D3"/>
  <move id="138" source="I6" target="I5"/>
  <move id="139" source="D3" target="C3"/>
  <move id="140" source="I8" target="I7"/>
  <move id="141" source="C3" target="B3"/>
  <move id="142" source="I7" target="I6"/>
  <move id="143" source="B3" target="B4"/>
  <move id="144" source="I5" target="I4"/>
  <move id="145" source="F2" target="F3"/>
  <move id="146" source="I6" target="I5"/>
  <move id="147" source="F3" target="F4"/>
  <move id="148" source="I4" target="I3"/>
  <move id="149" source="F4" target="G4"/>
  <move id="150" source="I5" target="I4"/>
  <move id="151" source="B4" target="B5"/>
  <move id="152" source="E7" target="D7"/>
  <move id="153" source="B5" target="B6"/>
  <move id="154" source="D7" target="C7"/>
  <move id="155" source="D4" target="D3"/>
  <move id="156" source="I4" target="I3"/>
  <move id="157" source="E5" target="E4"/>
  <move id="158" source="I3" target="I2"/>
  <move id="159" source="G4" target="H4"/>
  <move id="160" source="K8" target="K7"/>
  <move id="161" source="H4" target="I4"/>
  <move id="162" source="K7" target="K6"/>
  <move id="163" source="I4" target="I3"/>
  <move id="164" source="I2" target="H2"/>
  <move id="165" source="E4" target="D4"/>
  <move id="166" source="K6" target="K5"/>
  <move id="167" source="I3" target="I4"/>
  <move id="168" source="F7" target="F6"/>
  <move id="169" source="D3" target="E3"/>
  <move id="170" source="F6" target="F5"/>
  <move id="171" source="E3" target="E4"/>
  <move id="172" source="K5" target="K4"/>
  <move id="173" source="I4" target="K4"/>
  <move id="174" source="C7" target="B7"/>
  <move id="175" source="B6" target="B5"/>
  <move id="176" source="B7" target="B6"/>
  <move id="177" source="B5" target="B4"/>
  <move id="178" source="B6" target="B5"/>
  <move id="179" source="D4" target="C4"/>
  <move id="180" source="B8" target="A8"/>
  <move id="181" source="B4" target="B3"/>
  <move id="182" source="B5" target="B6"/>
  <move id="183" source="C2" target="C3"/>
  <move id="184" source="B6" target="B7"/>
  <move id="185" source="C3" target="D3"/>
  <move id="186" source="B7" target="C7"/>
  <move id="187" source="D3" target="E3"/>
  <move id="188" source="C7" target="D7"/>
  <move id="189" source="E3" target="F3"/>
  <move id="190" source="D7" target="E7"/>
  <move id="191" source="E4" target="E3"/>
  <move id="192" source="F5" target="F4"/>
  <move id="193" source="F3" target="F4"/>
  <move id="194" source="E7" target="F7"/>
  <move id="195" source="C4" target="D4"/>
  <move id="196" source="F7" target="F8"/>
  <move id="197" source="D4" target="E4"/>
  <move id="198" source="F8" target="G8"/>
  <move id="199" source="F4" target="F5"/>
  <move id="200" source="G8" target="H8"/>
  <move id="201" source="E4" target="F4"/>
  <move id="202" source="H8" target="I8"/>
  <move id="203" source="F5" target="E5"/>
  <move id="204" source="I8" target="K8"/>
  <move id="205" source="K4" target="I4"/>
  <move id="206" source="K8" target="K7"/>
  <move id="207" source="F4" target="G4"/>
  <move id="208" source="K7" target="K6"/>
  <move id="209" source="G4" target="H4"/>
  <move id="210" source="K6" target="K5"/>
  <move id="211" source="E3" target="D3"/>
  <move id="212" source="K5" target="K4"/>
  <move id="213" source="I4" target="I5"/>
  <move id="214" source="K4" target="K5"/>
  <move id="215" source="I5" target="I6"/>
  <move id="216" source="K5" target="I5"/>
  <move id="217" source="I6" target="K6"/>
  <move id="218" source="I5" target="I6"/>
  <move id="219" source="K6" target="K7"/>
  <move id="220" source="I6" target="I7"/>
  <move id="221" source="K7" target="K8"/>
  <move id="222" source="I7" target="I8"/>
  <move id="223" source="K8" target="K7"/>
  <move id="224" source="I8" target="H8"/>
  <move id="225" source="D3" target="D4"/>
  <move id="226" source="H8" target="G8"/>
  <move id="227" source="D4" target="C4"/>
  <move id="228" source="G8" target="F8"/>
  <move id="229" source="C4" target="B4"/>
  <move id="230" source="F8" target="F7"/>
  <move id="231" source="H4" target="G4"/>
  <move id="232" source="F7" target="E7"/>
  <move id="233" source="G4" target="F4"/>
  <move id="234" source="E7" target="D7"/>
  <move id="235" source="B4" target="A4"/>
  <move id="236" source="D7" target="C7"/>
  <move id="237" source="F4" target="E4"/>
  <move id="238" source="C7" target="B7"/>
  <move id="239" source="E4" target="D4"/>
  <move id="240" source="B7" target="A7"/>
  <move id="241" source="A4" target="B4"/>
  <move id="242" source="A7" target="B7"/>
  <move id="243" source="B4" target="A4"/>
  <move id="244" source="B7" target="C7"/>
  <move id="245" source="A4" target="A5"/>
  <move id="246" source="C7" target="D7"/>
  <move id="247" source="A5" target="A6"/>
  <move id="248" source="D7" target="E7"/>
  <move id="249" source="A6" target="A7"/>
  <move id="250" source="E7" target="F7"/>
  <move id="251" source="A7" target="A8"/>
  <move id="252" source="F7" target="F6"/>
  <move id="253" source="B3" target="B4"/>
  <move id="254" source="F6" target="F5"/>
  <move id="255" source="E5" target="E6"/>
  <move id="256" source="F5" target="F4"/>
  <move id="257" source="D4" target="E4"/>
  <move id="258" source="F4" target="F3"/>
  <move id="259" source="G3" target="G4"/>
  <move id="260" source="F3" target="G3"/>
  <move id="261" source="G4" target="F4"/>
  <move id="262" source="G3" target="G2"/>
  <move id="263" source="F4" target="F5"/>
  <move id="264" source="G2" target="G3"/>
  <move id="265" source="E4" target="F4"/>
  <move id="266" source="G3" target="H3"/>
  <move id="267" source="F4" target="G4"/>
  <move id="268" source="H3" target="I3"/>
  <move id="269" source="G4" target="H4"/>
  <move id="270" source="I3" target="I2"/>
  <move id="271" source="H4" target="H3"/>
  <move id="272" source="I2" target="I1"/>
  <move id="273" source="K1" target="K4"/>
  <move id="274" source="I1" target="H1"/>
  <move id="275" source="E6" target="E7"/>
  <player id="1">Player 1</player>
  <player id="2">Player 2</player>
  <result type="3" winner="1"/>
 </game>
</stratego>