<?xml version="1.0" encoding="UTF-8"?>
<stratego>
 <game type="classicfree">
  
  <field content="AAAAAAAMAAAAAAAAAAAAAAAAAAAAAAAAAAADAAAAAA__AA__AAAA__AA__AAAAAAAAAAAAAAAAATAAAAAAAAAAAAAAAAAYNAAAAA"/>
  <move id="1" source="F4" target="I4"/>
  <move id="2" source="F8" target="F9"/>
  <move id="3" source="I4" target="I7"/>
  <move id="4" source="F9" target="E9"/>
  <move id="5" source="I7" target="C7"/>
  <move id="6" source="E9" target="D9"/>
  <move id="7" source="C7" target="C:"/>
  <move id="8" source="D9" target="C9"/>
  <move id="9" source="C:" target="D:"/>
  <player id="1">Player 1</player>
  <player id="2">Player 2</player>
  <result type="1" winner="1"/>
 </game>
</stratego>