<?xml version="1.0" encoding="UTF-8"?>
<stratego>
 <game type="classic">
  
  <field content="BFEGBGMGBBHBKIHEBCJFDEDDIDDELHDFHFEGJDIDAA__AA__AAAA__AA__AAUPPNPUVQTPSSVRSPNNNPTUROWQRRNTXQPYQTPSNQ"/>
  <move id="1" source="A4" target="A7"/>
  <move id="2" source="K7" target="K6"/>
  <move id="3" source="B4" target="B5"/>
  <move id="4" source="I7" target="I6"/>
  <move id="5" source="B5" target="B6"/>
  <move id="6" source="I6" target="I5"/>
  <move id="7" source="E4" target="E5"/>
  <move id="8" source="I5" target="K5"/>
  <move id="9" source="F4" target="F5"/>
  <move id="10" source="K8" target="K7"/>
  <move id="11" source="F5" target="F6"/>
  <move id="12" source="F7" target="F6"/>
  <move id="13" source="G4" target="F4"/>
  <move id="14" source="F6" target="F7"/>
  <move id="15" source="F4" target="F5"/>
  <move id="16" source="K7" target="I7"/>
  <move id="17" source="F5" target="F6"/>
  <move id="18" source="I7" target="I6"/>
  <move id="19" source="E5" target="F5"/>
  <move id="20" source="E7" target="E6"/>
  <move id="21" source="F5" target="F4"/>
  <move id="22" source="F7" target="E7"/>
  <move id="23" source="F6" target="E6"/>
  <move id="24" source="F8" target="F7"/>
  <move id="25" source="E6" target="E7"/>
  <move id="26" source="F7" target="F4"/>
  <move id="27" source="E7" target="E6"/>
  <move id="28" source="E8" target="F8"/>
  <move id="29" source="E6" target="E5"/>
  <move id="30" source="G7" target="F7"/>
  <move id="31" source="F4" target="F5"/>
  <move id="32" source="F7" target="F6"/>
  <move id="33" source="E5" target="E4"/>
  <move id="34" source="E9" target="E8"/>
  <move id="35" source="F5" target="E5"/>
  <move id="36" source="E8" target="E7"/>
  <move id="37" source="F3" target="F6"/>
  <move id="38" source="E7" target="E6"/>
  <move id="39" source="E4" target="F4"/>
  <move id="40" source="F6" target="F7"/>
  <move id="41" source="E5" target="E6"/>
  <move id="42" source="E6" target="E5"/>
  <move id="43" source="I4" target="I5"/>
  <move id="44" source="K5" target="I5"/>
  <move id="45" source="I5" target="I4"/>
  <move id="46" source="F9" target="E9"/>
  <move id="47" source="K4" target="K6"/>
  <move id="48" source="E9" target="E8"/>
  <move id="49" source="I4" target="I5"/>
  <move id="50" source="I6" target="I7"/>
  <move id="51" source="I5" target="I6"/>
  <move id="52" source="E8" target="E7"/>
  <move id="53" source="H4" target="I4"/>
  <move id="54" source="E7" target="E6"/>
  <move id="55" source="I4" target="K4"/>
  <move id="56" source="E6" target="F6"/>
  <move id="57" source="F4" target="G4"/>
  <move id="58" source="F6" target="F5"/>
  <move id="59" source="G4" target="H4"/>
  <move id="60" source="F5" target="F4"/>
  <move id="61" source="H4" target="I4"/>
  <move id="62" source="F4" target="E4"/>
  <move id="63" source="D4" target="E4"/>
  <move id="64" source="E5" target="E4"/>
  <move id="65" source="K4" target="K5"/>
  <move id="66" source="G9" target="F9"/>
  <move id="67" source="K5" target="K6"/>
  <move id="68" source="F9" target="E9"/>
  <move id="69" source="K6" target="K7"/>
  <move id="70" source="E9" target="E8"/>
  <move id="71" source="K7" target="K8"/>
  <move id="72" source="E8" target="E7"/>
  <move id="73" source="K8" target="I8"/>
  <move id="74" source="E7" target="E6"/>
  <move id="75" source="I4" target="I5"/>
  <move id="76" source="E4" target="F4"/>
  <move id="77" source="H3" target="H4"/>
  <move id="78" source="E6" target="E5"/>
  <move id="79" source="H4" target="I4"/>
  <move id="80" source="E5" target="E4"/>
  <move id="81" source="I4" target="K4"/>
  <move id="82" source="E4" target="D4"/>
  <move id="83" source="K4" target="K5"/>
  <move id="84" source="D4" target="C4"/>
  <move id="85" source="K5" target="K6"/>
  <move id="86" source="B7" target="B6"/>
  <move id="87" source="K6" target="K7"/>
  <move id="88" source="B8" target="B7"/>
  <move id="89" source="B6" target="B5"/>
  <move id="90" source="A7" target="A6"/>
  <move id="91" source="C4" target="B4"/>
  <move id="92" source="A6" target="A5"/>
  <move id="93" source="B5" target="B6"/>
  <move id="94" source="B7" target="B6"/>
  <move id="95" source="C3" target="C4"/>
  <move id="96" source="A5" target="B5"/>
  <move id="97" source="C2" target="C3"/>
  <move id="98" source="B5" target="B4"/>
  <move id="99" source="K7" target="K8"/>
  <move id="100" source="B4" target="C4"/>
  <move id="101" source="C3" target="C4"/>
  <move id="102" source="F4" target="G4"/>
  <move id="103" source="K8" target="K9"/>
  <move id="104" source="G4" target="H4"/>
  <move id="105" source="I6" target="K6"/>
  <move id="106" source="H4" target="I4"/>
  <move id="107" source="I3" target="I4"/>
  <player id="1">Player 1</player>
  <player id="2">Player 2</player>
  <result type="3" winner="1"/>
 </game>
</stratego>