<?xml version="1.0" encoding="UTF-8"?>
<stratego>
 <game type="classic">
  
  <field content="DDDEFBMBGEIDIEBHBFCIGGFEDGLJHKDDBJHDEBFHAA__AA__AAAA__AA__AAUPVPPTVOTRRTNQUXPUWNPPSTSNQQRNQPPSNRQSNY"/>
  <move id="1" source="E4" target="E5"/>
  <move id="2" source="A7" target="A6"/>
  <move id="3" source="E3" target="E4"/>
  <move id="4" source="A6" target="A5"/>
  <move id="5" source="E5" target="E6"/>
  <move id="6" source="A8" target="A7"/>
  <move id="7" source="E4" target="E5"/>
  <move id="8" source="A7" target="A6"/>
  <move id="9" source="E5" target="F5"/>
  <move id="10" source="A5" target="A4"/>
  <move id="11" source="F5" target="F6"/>
  <move id="12" source="A4" target="A5"/>
  <move id="13" source="F6" target="F7"/>
  <move id="14" source="A5" target="B5"/>
  <move id="15" source="B4" target="A4"/>
  <move id="16" source="B5" target="A5"/>
  <move id="17" source="A4" target="B4"/>
  <move id="18" source="A5" target="A4"/>
  <move id="19" source="B4" target="B5"/>
  <move id="20" source="A4" target="A5"/>
  <move id="21" source="B5" target="B4"/>
  <move id="22" source="A6" target="A7"/>
  <move id="23" source="E6" target="F6"/>
  <move id="24" source="A7" target="A6"/>
  <move id="25" source="D3" target="E3"/>
  <move id="26" source="B7" target="A7"/>
  <move id="27" source="E3" target="E4"/>
  <move id="28" source="A7" target="A8"/>
  <move id="29" source="E4" target="E5"/>
  <move id="30" source="B8" target="B7"/>
  <move id="31" source="E5" target="E6"/>
  <move id="32" source="B7" target="B6"/>
  <move id="33" source="E6" target="E5"/>
  <move id="34" source="B6" target="B5"/>
  <move id="35" source="E5" target="E4"/>
  <move id="36" source="A5" target="A4"/>
  <move id="37" source="E4" target="E3"/>
  <move id="38" source="A4" target="B4"/>
  <move id="39" source="D4" target="E4"/>
  <move id="40" source="B4" target="A4"/>
  <move id="41" source="E4" target="E5"/>
  <move id="42" source="A4" target="A5"/>
  <move id="43" source="E5" target="E6"/>
  <move id="44" source="B5" target="B6"/>
  <move id="45" source="F4" target="E4"/>
  <move id="46" source="B6" target="B7"/>
  <move id="47" source="E4" target="D4"/>
  <move id="48" source="B7" target="B8"/>
  <move id="49" source="F3" target="F4"/>
  <move id="50" source="A8" target="A7"/>
  <move id="51" source="F4" target="E4"/>
  <move id="52" source="A7" target="B7"/>
  <move id="53" source="D4" target="D3"/>
  <move id="54" source="A5" target="A4"/>
  <move id="55" source="G3" target="F3"/>
  <move id="56" source="B7" target="B3"/>
  <move id="57" source="E4" target="E5"/>
  <move id="58" source="A4" target="A5"/>
  <move id="59" source="B3" target="B4"/>
  <move id="60" source="A6" target="A7"/>
  <move id="61" source="F3" target="F4"/>
  <move id="62" source="B8" target="B7"/>
  <move id="63" source="E5" target="F5"/>
  <move id="64" source="B7" target="B6"/>
  <move id="65" source="B4" target="A4"/>
  <move id="66" source="A5" target="A4"/>
  <move id="67" source="B2" target="B6"/>
  <move id="68" source="A4" target="A5"/>
  <move id="69" source="F4" target="E4"/>
  <move id="70" source="B6" target="B7"/>
  <move id="71" source="E4" target="E5"/>
  <move id="72" source="B7" target="B8"/>
  <move id="73" source="F5" target="F4"/>
  <move id="74" source="A7" target="A6"/>
  <move id="75" source="F6" target="F5"/>
  <move id="76" source="A9" target="A8"/>
  <move id="77" source="E6" target="F6"/>
  <move id="78" source="A8" target="A7"/>
  <move id="79" source="B1" target="B6"/>
  <move id="80" source="A7" target="B7"/>
  <move id="81" source="B6" target="A6"/>
  <move id="82" source="B7" target="B3"/>
  <move id="83" source="A3" target="B3"/>
  <move id="84" source="A5" target="A4"/>
  <move id="85" source="E5" target="E6"/>
  <move id="86" source="B8" target="A8"/>
  <move id="87" source="B3" target="B2"/>
  <move id="88" source="A4" target="A5"/>
  <move id="89" source="A2" target="A3"/>
  <move id="90" source="A5" target="B5"/>
  <move id="91" source="A3" target="A4"/>
  <move id="92" source="B5" target="B6"/>
  <move id="93" source="A4" target="A5"/>
  <move id="94" source="A6" target="A5"/>
  <move id="95" source="A5" target="B5"/>
  <move id="96" source="A8" target="A7"/>
  <move id="97" source="B5" target="B6"/>
  <move id="98" source="A7" target="B7"/>
  <move id="99" source="F5" target="E5"/>
  <move id="100" source="B9" target="A9"/>
  <move id="101" source="E5" target="E4"/>
  <move id="102" source="A9" target="A8"/>
  <move id="103" source="E6" target="E5"/>
  <move id="104" source="A8" target="A7"/>
  <move id="105" source="E5" target="F5"/>
  <move id="106" source="B7" target="B6"/>
  <move id="107" source="E4" target="E5"/>
  <move id="108" source="A7" target="B7"/>
  <move id="109" source="E5" target="E6"/>
  <move id="110" source="B6" target="A6"/>
  <move id="111" source="F5" target="E5"/>
  <move id="112" source="A6" target="A5"/>
  <move id="113" source="E6" target="E7"/>
  <move id="114" source="E8" target="E7"/>
  <move id="115" source="E5" target="E6"/>
  <move id="116" source="E7" target="E8"/>
  <move id="117" source="E6" target="E7"/>
  <move id="118" source="A5" target="A4"/>
  <move id="119" source="F6" target="F7"/>
  <move id="120" source="F8" target="F7"/>
  <move id="121" source="E7" target="E8"/>
  <move id="122" source="F7" target="E7"/>
  <move id="123" source="E8" target="D8"/>
  <move id="124" source="I7" target="I6"/>
  <move id="125" source="D8" target="D7"/>
  <move id="126" source="E7" target="D7"/>
  <move id="127" source="H3" target="G3"/>
  <move id="128" source="A4" target="A3"/>
  <move id="129" source="G3" target="F3"/>
  <move id="130" source="I6" target="I5"/>
  <move id="131" source="F4" target="F5"/>
  <move id="132" source="G8" target="F8"/>
  <move id="133" source="F5" target="F6"/>
  <move id="134" source="G7" target="G8"/>
  <move id="135" source="F6" target="F7"/>
  <move id="136" source="F8" target="F7"/>
  <move id="137" source="F3" target="F4"/>
  <move id="138" source="H7" target="I7"/>
  <move id="139" source="F4" target="E4"/>
  <move id="140" source="I7" target="I6"/>
  <move id="141" source="E4" target="E5"/>
  <move id="142" source="I8" target="I7"/>
  <move id="143" source="E5" target="E6"/>
  <move id="144" source="I7" target="H7"/>
  <move id="145" source="F7" target="F8"/>
  <move id="146" source="H7" target="G7"/>
  <move id="147" source="F8" target="E8"/>
  <move id="148" source="G7" target="F7"/>
  <move id="149" source="E8" target="D8"/>
  <move id="150" source="D9" target="D8"/>
  <move id="151" source="K4" target="K5"/>
  <move id="152" source="I5" target="K5"/>
  <move id="153" source="I4" target="I5"/>
  <move id="154" source="I6" target="I7"/>
  <move id="155" source="I5" target="I6"/>
  <move id="156" source="I7" target="I8"/>
  <move id="157" source="I6" target="I7"/>
  <move id="158" source="D8" target="E8"/>
  <move id="159" source="I7" target="I8"/>
  <move id="160" source="H8" target="I8"/>
  <move id="161" source="I3" target="H3"/>
  <move id="162" source="E8" target="E7"/>
  <move id="163" source="I2" target="I3"/>
  <move id="164" source="E7" target="E6"/>
  <move id="165" source="I3" target="I4"/>
  <move id="166" source="C7" target="D7"/>
  <move id="167" source="E6" target="E5"/>
  <move id="168" source="F7" target="G7"/>
  <move id="169" source="I4" target="I5"/>
  <move id="170" source="G7" target="H7"/>
  <move id="171" source="I5" target="K5"/>
  <move id="172" source="H7" target="I7"/>
  <move id="173" source="D3" target="D4"/>
  <move id="174" source="I7" target="I6"/>
  <move id="175" source="D4" target="E4"/>
  <move id="176" source="D7" target="D8"/>
  <move id="177" source="E4" target="F4"/>
  <move id="178" source="I6" target="K6"/>
  <move id="179" source="K5" target="I5"/>
  <move id="180" source="B7" target="I7"/>
  <move id="181" source="I5" target="K5"/>
  <move id="182" source="K6" target="K5"/>
  <move id="183" source="E5" target="E6"/>
  <move id="184" source="K5" target="K4"/>
  <move id="185" source="E6" target="E7"/>
  <move id="186" source="I7" target="I4"/>
  <move id="187" source="E7" target="E8"/>
  <move id="188" source="D8" target="E8"/>
  <move id="189" source="F4" target="F5"/>
  <move id="190" source="I4" target="H4"/>
  <move id="191" source="F5" target="F6"/>
  <move id="192" source="K4" target="I4"/>
  <move id="193" source="F6" target="F7"/>
  <move id="194" source="K7" target="K6"/>
  <move id="195" source="F7" target="G7"/>
  <move id="196" source="K6" target="K5"/>
  <move id="197" source="G7" target="H7"/>
  <move id="198" source="K5" target="K4"/>
  <move id="199" source="H7" target="I7"/>
  <move id="200" source="I8" target="H8"/>
  <move id="201" source="I7" target="K7"/>
  <move id="202" source="K4" target="K3"/>
  <move id="203" source="K7" target="K8"/>
  <move id="204" source="H8" target="H7"/>
  <move id="205" source="K3" target="K4"/>
  <move id="206" source="I4" target="K4"/>
  <move id="207" source="A1" target="A3"/>
  <move id="208" source="H7" target="G7"/>
  <move id="209" source="K2" target="K3"/>
  <move id="210" source="G7" target="F7"/>
  <move id="211" source="K3" target="K4"/>
  <move id="212" source="F7" target="E7"/>
  <move id="213" source="K4" target="K5"/>
  <move id="214" source="E7" target="D7"/>
  <move id="215" source="K5" target="K6"/>
  <move id="216" source="D7" target="C7"/>
  <move id="217" source="B2" target="B1"/>
  <move id="218" source="A3" target="A2"/>
  <move id="219" source="C3" target="D3"/>
  <move id="220" source="C7" target="B7"/>
  <move id="221" source="D3" target="D4"/>
  <move id="222" source="B7" target="B6"/>
  <move id="223" source="C2" target="C3"/>
  <move id="224" source="B6" target="B5"/>
  <move id="225" source="D4" target="E4"/>
  <move id="226" source="B5" target="B4"/>
  <move id="227" source="E4" target="E5"/>
  <move id="228" source="B4" target="B3"/>
  <move id="229" source="C3" target="B3"/>
  <move id="230" source="G8" target="G7"/>
  <move id="231" source="E5" target="E6"/>
  <move id="232" source="G7" target="F7"/>
  <move id="233" source="K6" target="K7"/>
  <move id="234" source="F7" target="E7"/>
  <move id="235" source="E6" target="E7"/>
  <move id="236" source="E7" target="E6"/>
  <move id="237" source="C1" target="C2"/>
  <move id="238" source="E6" target="E5"/>
  <move id="239" source="C2" target="B2"/>
  <move id="240" source="A2" target="A1"/>
  <move id="241" source="B1" target="C1"/>
  <move id="242" source="E5" target="E4"/>
  <move id="243" source="C1" target="C2"/>
  <move id="244" source="E4" target="D4"/>
  <move id="245" source="C2" target="C3"/>
  <move id="246" source="D4" target="D3"/>
  <move id="247" source="C3" target="B3"/>
  <move id="248" source="D3" target="C3"/>
  <move id="249" source="B3" target="B4"/>
  <move id="250" source="C3" target="B3"/>
  <move id="251" source="B4" target="B5"/>
  <move id="252" source="B3" target="B2"/>
  <move id="253" source="B5" target="B6"/>
  <move id="254" source="B2" target="B3"/>
  <move id="255" source="B6" target="B7"/>
  <move id="256" source="B3" target="C3"/>
  <move id="257" source="B7" target="C7"/>
  <move id="258" source="C3" target="D3"/>
  <move id="259" source="C7" target="D7"/>
  <move id="260" source="D3" target="D4"/>
  <move id="261" source="D7" target="E7"/>
  <move id="262" source="E9" target="E8"/>
  <move id="263" source="E7" target="E8"/>
  <move id="264" source="D4" target="E4"/>
  <move id="265" source="K7" target="I7"/>
  <move id="266" source="A1" target="A2"/>
  <move id="267" source="I7" target="I8"/>
  <move id="268" source="A2" target="A3"/>
  <move id="269" source="I8" target="H8"/>
  <move id="270" source="A3" target="B3"/>
  <move id="271" source="H8" target="G8"/>
  <move id="272" source="B3" target="C3"/>
  <move id="273" source="H3" target="I3"/>
  <move id="274" source="C3" target="D3"/>
  <move id="275" source="I3" target="K3"/>
  <move id="276" source="D3" target="E3"/>
  <move id="277" source="K3" target="K4"/>
  <move id="278" source="E4" target="F4"/>
  <move id="279" source="K4" target="K5"/>
  <move id="280" source="F4" target="F5"/>
  <move id="281" source="K5" target="K6"/>
  <move id="282" source="F5" target="F6"/>
  <move id="283" source="K6" target="K5"/>
  <move id="284" source="F6" target="F7"/>
  <move id="285" source="K5" target="K4"/>
  <move id="286" source="E3" target="E4"/>
  <move id="287" source="K4" target="K3"/>
  <move id="288" source="B:" target="B9"/>
  <move id="289" source="K3" target="I3"/>
  <move id="290" source="B9" target="B8"/>
  <move id="291" source="I3" target="H3"/>
  <move id="292" source="B8" target="B7"/>
  <move id="293" source="H3" target="G3"/>
  <move id="294" source="B7" target="C7"/>
  <move id="295" source="G3" target="F3"/>
  <move id="296" source="E4" target="E5"/>
  <move id="297" source="F3" target="E3"/>
  <move id="298" source="E5" target="E6"/>
  <move id="299" source="E3" target="D3"/>
  <move id="300" source="C7" target="D7"/>
  <move id="301" source="D3" target="C3"/>
  <move id="302" source="D7" target="D8"/>
  <move id="303" source="C3" target="B3"/>
  <move id="304" source="D8" target="G8"/>
  <move id="305" source="B3" target="B4"/>
  <move id="306" source="E6" target="E7"/>
  <move id="307" source="B4" target="B5"/>
  <move id="308" source="E7" target="D7"/>
  <move id="309" source="B5" target="B6"/>
  <move id="310" source="D7" target="C7"/>
  <move id="311" source="B6" target="B7"/>
  <move id="312" source="C7" target="B7"/>
  <move id="313" source="I1" target="I2"/>
  <move id="314" source="C:" target="B:"/>
  <move id="315" source="I2" target="I3"/>
  <move id="316" source="B:" target="B9"/>
  <move id="317" source="I3" target="H3"/>
  <move id="318" source="B9" target="B8"/>
  <move id="319" source="H3" target="G3"/>
  <move id="320" source="B8" target="B7"/>
  <move id="321" source="G3" target="F3"/>
  <move id="322" source="B7" target="B6"/>
  <move id="323" source="F3" target="E3"/>
  <move id="324" source="B6" target="B5"/>
  <move id="325" source="E3" target="D3"/>
  <move id="326" source="B5" target="B4"/>
  <move id="327" source="D3" target="C3"/>
  <move id="328" source="B4" target="A4"/>
  <move id="329" source="C3" target="B3"/>
  <move id="330" source="C9" target="D9"/>
  <move id="331" source="B3" target="A3"/>
  <move id="332" source="A4" target="B4"/>
  <move id="333" source="A3" target="B3"/>
  <move id="334" source="B4" target="A4"/>
  <move id="335" source="H2" target="H3"/>
  <move id="336" source="D9" target="D8"/>
  <move id="337" source="H3" target="I3"/>
  <move id="338" source="D8" target="D7"/>
  <move id="339" source="I3" target="I4"/>
  <move id="340" source="D7" target="E7"/>
  <move id="341" source="I4" target="I5"/>
  <move id="342" source="E7" target="E6"/>
  <move id="343" source="I5" target="K5"/>
  <move id="344" source="E6" target="E5"/>
  <move id="345" source="K5" target="K6"/>
  <move id="346" source="F7" target="G7"/>
  <move id="347" source="G8" target="F8"/>
  <move id="348" source="E5" target="E4"/>
  <move id="349" source="F8" target="E8"/>
  <move id="350" source="E4" target="F4"/>
  <move id="351" source="E8" target="E7"/>
  <move id="352" source="F4" target="G4"/>
  <move id="353" source="E7" target="E6"/>
  <move id="354" source="A4" target="A3"/>
  <move id="355" source="E6" target="E5"/>
  <move id="356" source="A3" target="B3"/>
  <move id="357" source="F2" target="F3"/>
  <move id="358" source="G7" target="F7"/>
  <move id="359" source="E5" target="E4"/>
  <move id="360" source="F7" target="F6"/>
  <move id="361" source="F3" target="G3"/>
  <move id="362" source="F6" target="F5"/>
  <move id="363" source="B3" target="B4"/>
  <move id="364" source="G4" target="F4"/>
  <move id="365" source="B4" target="A4"/>
  <move id="366" source="I9" target="I8"/>
  <move id="367" source="A4" target="A5"/>
  <move id="368" source="I8" target="I7"/>
  <move id="369" source="A5" target="A6"/>
  <move id="370" source="I7" target="K7"/>
  <move id="371" source="K6" target="I6"/>
  <move id="372" source="H9" target="I9"/>
  <move id="373" source="I6" target="I5"/>
  <move id="374" source="K7" target="K6"/>
  <move id="375" source="I5" target="I4"/>
  <move id="376" source="K6" target="K5"/>
  <move id="377" source="A6" target="A7"/>
  <move id="378" source="K5" target="K4"/>
  <move id="379" source="G3" target="H3"/>
  <move id="380" source="K4" target="I4"/>
  <move id="381" source="A7" target="B7"/>
  <move id="382" source="F4" target="F3"/>
  <move id="383" source="E4" target="E3"/>
  <move id="384" source="F3" target="F4"/>
  <move id="385" source="E3" target="E4"/>
  <move id="386" source="F4" target="F3"/>
  <move id="387" source="E4" target="E3"/>
  <move id="388" source="F5" target="F4"/>
  <move id="389" source="B7" target="C7"/>
  <move id="390" source="D:" target="D9"/>
  <move id="391" source="C7" target="D7"/>
  <move id="392" source="D9" target="D8"/>
  <move id="393" source="D7" target="E7"/>
  <move id="394" source="D8" target="E8"/>
  <move id="395" source="E7" target="F7"/>
  <move id="396" source="E8" target="F8"/>
  <move id="397" source="F7" target="G7"/>
  <move id="398" source="F8" target="G8"/>
  <move id="399" source="G7" target="H7"/>
  <move id="400" source="G8" target="H8"/>
  <move id="401" source="H7" target="I7"/>
  <move id="402" source="H8" target="I8"/>
  <move id="403" source="I7" target="H7"/>
  <move id="404" source="G9" target="G8"/>
  <move id="405" source="H3" target="I3"/>
  <move id="406" source="F3" target="G3"/>
  <move id="407" source="I3" target="I4"/>
  <move id="408" source="I8" target="H8"/>
  <move id="409" source="H7" target="I7"/>
  <move id="410" source="G3" target="G4"/>
  <move id="411" source="I4" target="I5"/>
  <move id="412" source="F4" target="F5"/>
  <move id="413" source="E3" target="F3"/>
  <move id="414" source="F5" target="F6"/>
  <move id="415" source="I5" target="I6"/>
  <move id="416" source="F6" target="F7"/>
  <move id="417" source="I7" target="I8"/>
  <move id="418" source="H8" target="I8"/>
  <move id="419" source="I6" target="I7"/>
  <move id="420" source="F7" target="G7"/>
  <move id="421" source="I7" target="I8"/>
  <move id="422" source="G7" target="H7"/>
  <move id="423" source="I8" target="I9"/>
  <move id="424" source="H7" target="H8"/>
  <move id="425" source="F3" target="F4"/>
  <move id="426" source="G4" target="G3"/>
  <move id="427" source="D2" target="D3"/>
  <move id="428" source="G8" target="F8"/>
  <move id="429" source="D3" target="C3"/>
  <move id="430" source="F8" target="E8"/>
  <move id="431" source="C3" target="B3"/>
  <move id="432" source="E8" target="D8"/>
  <move id="433" source="B3" target="A3"/>
  <move id="434" source="D8" target="D7"/>
  <move id="435" source="A3" target="A4"/>
  <move id="436" source="D7" target="C7"/>
  <move id="437" source="A4" target="A5"/>
  <move id="438" source="C7" target="B7"/>
  <move id="439" source="A5" target="A6"/>
  <move id="440" source="H:" target="H9"/>
  <move id="441" source="D1" target="C1"/>
  <move id="442" source="H9" target="G9"/>
  <move id="443" source="E1" target="D1"/>
  <move id="444" source="G9" target="G8"/>
  <move id="445" source="D1" target="D2"/>
  <move id="446" source="G8" target="F8"/>
  <move id="447" source="D2" target="D3"/>
  <move id="448" source="F8" target="E8"/>
  <move id="449" source="D3" target="D4"/>
  <move id="450" source="B7" target="C7"/>
  <move id="451" source="D4" target="E4"/>
  <move id="452" source="C7" target="D7"/>
  <move id="453" source="A6" target="A7"/>
  <move id="454" source="D7" target="E7"/>
  <move id="455" source="A7" target="B7"/>
  <move id="456" source="E7" target="F7"/>
  <move id="457" source="B7" target="B8"/>
  <move id="458" source="F7" target="G7"/>
  <move id="459" source="B8" target="B9"/>
  <move id="460" source="E8" target="D8"/>
  <move id="461" source="E4" target="E5"/>
  <move id="462" source="G7" target="H7"/>
  <move id="463" source="E5" target="E6"/>
  <move id="464" source="H7" target="I7"/>
  <move id="465" source="E6" target="E7"/>
  <move id="466" source="I7" target="I6"/>
  <move id="467" source="E7" target="E8"/>
  <move id="468" source="D8" target="E8"/>
  <move id="469" source="B9" target="C9"/>
  <move id="470" source="E8" target="D8"/>
  <move id="471" source="F4" target="F5"/>
  <move id="472" source="I6" target="I5"/>
  <move id="473" source="F5" target="F6"/>
  <move id="474" source="I5" target="I4"/>
  <move id="475" source="F6" target="F5"/>
  <move id="476" source="I4" target="I3"/>
  <move id="477" source="F5" target="F4"/>
  <move id="478" source="I3" target="I2"/>
  <move id="479" source="F4" target="F3"/>
  <move id="480" source="G3" target="G4"/>
  <move id="481" source="F3" target="G3"/>
  <move id="482" source="G4" target="F4"/>
  <move id="483" source="G3" target="H3"/>
  <move id="484" source="F4" target="E4"/>
  <move id="485" source="H3" target="H2"/>
  <move id="486" source="I2" target="I1"/>
  <move id="487" source="K1" target="I1"/>
  <move id="488" source="E4" target="E5"/>
  <move id="489" source="H2" target="H3"/>
  <move id="490" source="E5" target="E6"/>
  <move id="491" source="H3" target="G3"/>
  <move id="492" source="E6" target="E7"/>
  <move id="493" source="G3" target="F3"/>
  <move id="494" source="E7" target="D7"/>
  <move id="495" source="C9" target="C:"/>
  <move id="496" source="D7" target="C7"/>
  <move id="497" source="C:" target="B:"/>
  <move id="498" source="A:" target="A9"/>
  <move id="499" source="B:" target="A:"/>
  <move id="500" source="A9" target="B9"/>
  <move id="501" source="A:" target="A9"/>
  <move id="502" source="B9" target="B:"/>
  <move id="503" source="F3" target="E3"/>
  <move id="504" source="G:" target="G9"/>
  <move id="505" source="E3" target="E4"/>
  <move id="506" source="G9" target="G8"/>
  <move id="507" source="A9" target="B9"/>
  <move id="508" source="B:" target="A:"/>
  <move id="509" source="E4" target="F4"/>
  <move id="510" source="G8" target="G7"/>
  <move id="511" source="F4" target="G4"/>
  <move id="512" source="G7" target="H7"/>
  <move id="513" source="G4" target="G3"/>
  <move id="514" source="H7" target="I7"/>
  <move id="515" source="G3" target="H3"/>
  <move id="516" source="I7" target="K7"/>
  <move id="517" source="C1" target="C2"/>
  <move id="518" source="K7" target="K6"/>
  <move id="519" source="C2" target="C3"/>
  <move id="520" source="C7" target="B7"/>
  <move id="521" source="B9" target="A9"/>
  <move id="522" source="A:" target="B:"/>
  <move id="523" source="A9" target="A:"/>
  <move id="524" source="B:" target="C:"/>
  <move id="525" source="A:" target="B:"/>
  <move id="526" source="C:" target="C9"/>
  <move id="527" source="C3" target="D3"/>
  <move id="528" source="C9" target="D9"/>
  <move id="529" source="D3" target="E3"/>
  <move id="530" source="B7" target="B8"/>
  <move id="531" source="B:" target="C:"/>
  <move id="532" source="D9" target="E9"/>
  <move id="533" source="C:" target="D:"/>
  <move id="534" source="D8" target="D9"/>
  <move id="535" source="D:" target="E:"/>
  <move id="536" source="F:" target="E:"/>
  <player id="1">Player 1</player>
  <player id="2">Player 2</player>
  <result type="3" winner="2"/>
 </game>
</stratego>