<?xml version="1.0" encoding="UTF-8"?>
<stratego>
 <game type="classic">
  
  <field content="DDBMBEEFBDCEJBDGFDIDKIEGHBBHELHFDDGFIJGHAA__AA__AAAA__AA__AAPUXVTSQTPRTPPNPUSRRTVQUOWNRNSPQPNNYSPQNQ"/>
  <move id="1" source="K4" target="K5"/>
  <move id="2" source="E7" target="E6"/>
  <move id="3" source="K5" target="K6"/>
  <move id="4" source="E6" target="E5"/>
  <move id="5" source="K3" target="K4"/>
  <move id="6" source="D7" target="E7"/>
  <move id="7" source="K4" target="K5"/>
  <move id="8" source="E7" target="E6"/>
  <move id="9" source="K6" target="K7"/>
  <move id="10" source="K8" target="K7"/>
  <move id="11" source="K5" target="I5"/>
  <move id="12" source="B7" target="B6"/>
  <move id="13" source="K2" target="K9"/>
  <move id="14" source="B6" target="B5"/>
  <move id="15" source="I5" target="I6"/>
  <move id="16" source="A7" target="A4"/>
  <move id="17" source="I4" target="I5"/>
  <move id="18" source="F7" target="F6"/>
  <move id="19" source="I5" target="K5"/>
  <move id="20" source="F6" target="F5"/>
  <move id="21" source="K5" target="K6"/>
  <move id="22" source="F8" target="F7"/>
  <move id="23" source="K6" target="K7"/>
  <move id="24" source="F7" target="F6"/>
  <move id="25" source="K7" target="I7"/>
  <move id="26" source="H7" target="I7"/>
  <move id="27" source="I6" target="I7"/>
  <move id="28" source="F5" target="F4"/>
  <move id="29" source="H4" target="I4"/>
  <move id="30" source="F6" target="F7"/>
  <move id="31" source="G4" target="F4"/>
  <move id="32" source="F7" target="F8"/>
  <move id="33" source="F4" target="F5"/>
  <move id="34" source="E5" target="E4"/>
  <move id="35" source="F5" target="E5"/>
  <move id="36" source="E6" target="E5"/>
  <move id="37" source="K1" target="K8"/>
  <move id="38" source="E4" target="E3"/>
  <move id="39" source="K8" target="I8"/>
  <move id="40" source="E5" target="E6"/>
  <move id="41" source="I4" target="I5"/>
  <move id="42" source="E6" target="E7"/>
  <move id="43" source="D4" target="K4"/>
  <move id="44" source="E7" target="F7"/>
  <move id="45" source="K4" target="K9"/>
  <move id="46" source="K:" target="K9"/>
  <move id="47" source="I5" target="K5"/>
  <move id="48" source="E8" target="E7"/>
  <move id="49" source="K5" target="K6"/>
  <move id="50" source="E7" target="E6"/>
  <move id="51" source="K6" target="K7"/>
  <move id="52" source="E6" target="E5"/>
  <move id="53" source="K7" target="K8"/>
  <move id="54" source="K9" target="K:"/>
  <move id="55" source="K8" target="K9"/>
  <move id="56" source="E5" target="E4"/>
  <move id="57" source="K9" target="K:"/>
  <move id="58" source="E4" target="C4"/>
  <move id="59" source="E2" target="E4"/>
  <move id="60" source="E9" target="E8"/>
  <move id="61" source="E4" target="K4"/>
  <move id="62" source="E8" target="E7"/>
  <move id="63" source="K4" target="K9"/>
  <move id="64" source="E7" target="E6"/>
  <move id="65" source="K9" target="I9"/>
  <move id="66" source="E6" target="E5"/>
  <move id="67" source="K:" target="K9"/>
  <move id="68" source="E5" target="E4"/>
  <move id="69" source="K9" target="I9"/>
  <move id="70" source="F7" target="E7"/>
  <move id="71" source="I7" target="I8"/>
  <move id="72" source="E7" target="D7"/>
  <move id="73" source="I8" target="I7"/>
  <move id="74" source="G7" target="F7"/>
  <move id="75" source="H3" target="H4"/>
  <move id="76" source="F7" target="F6"/>
  <move id="77" source="H4" target="I4"/>
  <move id="78" source="F6" target="F5"/>
  <move id="79" source="I4" target="I5"/>
  <move id="80" source="F5" target="F4"/>
  <move id="81" source="H2" target="H4"/>
  <move id="82" source="E4" target="E3"/>
  <move id="83" source="H4" target="K4"/>
  <move id="84" source="F4" target="F3"/>
  <move id="85" source="F2" target="F3"/>
  <move id="86" source="E3" target="F3"/>
  <move id="87" source="K4" target="K:"/>
  <move id="88" source="B5" target="A5"/>
  <move id="89" source="K:" target="I:"/>
  <move id="90" source="F3" target="F4"/>
  <move id="91" source="I3" target="K3"/>
  <move id="92" source="F4" target="E4"/>
  <move id="93" source="K3" target="K4"/>
  <move id="94" source="E4" target="D4"/>
  <move id="95" source="K4" target="K5"/>
  <move id="96" source="D4" target="C4"/>
  <move id="97" source="B4" target="B5"/>
  <move id="98" source="A5" target="B5"/>
  <move id="99" source="K5" target="K6"/>
  <move id="100" source="B5" target="A5"/>
  <move id="101" source="K6" target="K7"/>
  <move id="102" source="C4" target="B4"/>
  <move id="103" source="K7" target="K8"/>
  <move id="104" source="B4" target="A4"/>
  <move id="105" source="K8" target="K9"/>
  <move id="106" source="B8" target="B3"/>
  <move id="107" source="A3" target="A4"/>
  <move id="108" source="B9" target="B8"/>
  <move id="109" source="K9" target="K:"/>
  <move id="110" source="B8" target="B7"/>
  <move id="111" source="B3" target="B4"/>
  <move id="112" source="B7" target="B6"/>
  <move id="113" source="K:" target="I:"/>
  <move id="114" source="H:" target="I:"/>
  <move id="115" source="I9" target="K9"/>
  <move id="116" source="B6" target="B5"/>
  <move id="117" source="B4" target="A4"/>
  <move id="118" source="B5" target="B4"/>
  <move id="119" source="A4" target="A5"/>
  <move id="120" source="B4" target="A4"/>
  <move id="121" source="B2" target="B3"/>
  <move id="122" source="A9" target="B9"/>
  <move id="123" source="D3" target="E3"/>
  <move id="124" source="D7" target="E7"/>
  <move id="125" source="E3" target="F3"/>
  <move id="126" source="E7" target="E6"/>
  <move id="127" source="F3" target="F4"/>
  <move id="128" source="E6" target="E5"/>
  <move id="129" source="I5" target="I6"/>
  <move id="130" source="B9" target="B8"/>
  <move id="131" source="K9" target="I9"/>
  <move id="132" source="B8" target="B7"/>
  <move id="133" source="I9" target="I8"/>
  <move id="134" source="B7" target="B6"/>
  <move id="135" source="I8" target="K8"/>
  <move id="136" source="B6" target="B5"/>
  <move id="137" source="I7" target="I8"/>
  <move id="138" source="B5" target="B4"/>
  <move id="139" source="K8" target="K9"/>
  <move id="140" source="B4" target="B3"/>
  <move id="141" source="I6" target="I7"/>
  <move id="142" source="A4" target="A3"/>
  <move id="143" source="C2" target="B2"/>
  <move id="144" source="B3" target="B2"/>
  <move id="145" source="K9" target="K8"/>
  <move id="146" source="A3" target="A2"/>
  <move id="147" source="C3" target="C2"/>
  <move id="148" source="A2" target="A1"/>
  <move id="149" source="C2" target="B2"/>
  <move id="150" source="C7" target="B7"/>
  <move id="151" source="I7" target="H7"/>
  <move id="152" source="B7" target="B6"/>
  <move id="153" source="H7" target="G7"/>
  <move id="154" source="B6" target="B5"/>
  <move id="155" source="G7" target="G8"/>
  <move id="156" source="F8" target="G8"/>
  <move id="157" source="I8" target="I7"/>
  <move id="158" source="G8" target="F8"/>
  <move id="159" source="I7" target="H7"/>
  <move id="160" source="F8" target="E8"/>
  <move id="161" source="H7" target="G7"/>
  <move id="162" source="B5" target="B4"/>
  <move id="163" source="G7" target="F7"/>
  <move id="164" source="B4" target="B3"/>
  <move id="165" source="F7" target="E7"/>
  <move id="166" source="E8" target="F8"/>
  <move id="167" source="E7" target="E6"/>
  <move id="168" source="E5" target="E4"/>
  <move id="169" source="E6" target="E5"/>
  <move id="170" source="E4" target="F4"/>
  <move id="171" source="E5" target="E4"/>
  <move id="172" source="F4" target="F5"/>
  <move id="173" source="E4" target="E3"/>
  <move id="174" source="B3" target="B2"/>
  <move id="175" source="E3" target="E4"/>
  <move id="176" source="A1" target="B1"/>
  <move id="177" source="E4" target="E5"/>
  <move id="178" source="F5" target="F4"/>
  <move id="179" source="K8" target="I8"/>
  <move id="180" source="B1" target="C1"/>
  <move id="181" source="I8" target="H8"/>
  <move id="182" source="C1" target="D1"/>
  <player id="1">Player 1</player>
  <player id="2">Player 2</player>
  <result type="1" winner="2"/>
 </game>
</stratego>