<?xml version="1.0" encoding="UTF-8"?>
<stratego>
 <game type="classic">
  
  <field content="EBEBIBMBEDGEIBGLBFHFDKDEDFCFDJDHDGJHGIDHAA__AA__AAAA__AA__AANWPVRPSXRVRQQPPNQNPNNPUTQSSSURTOYUNTPQTP"/>
  <move id="1" source="F4" target="F5"/>
  <move id="2" source="B7" target="B6"/>
  <move id="3" source="F5" target="E5"/>
  <move id="4" source="B6" target="B5"/>
  <move id="5" source="I4" target="I5"/>
  <move id="6" source="K7" target="K6"/>
  <move id="7" source="F3" target="F4"/>
  <move id="8" source="F7" target="F4"/>
  <move id="9" source="I5" target="I7"/>
  <move id="10" source="K6" target="K5"/>
  <move id="11" source="K4" target="K5"/>
  <move id="12" source="K5" target="K6"/>
  <move id="13" source="K3" target="K4"/>
  <move id="14" source="K6" target="I6"/>
  <move id="15" source="K4" target="I4"/>
  <move id="16" source="I7" target="K7"/>
  <move id="17" source="I4" target="I5"/>
  <move id="18" source="I6" target="I7"/>
  <move id="19" source="I5" target="I6"/>
  <move id="20" source="K7" target="K6"/>
  <move id="21" source="I6" target="K6"/>
  <move id="22" source="B5" target="A5"/>
  <move id="23" source="I3" target="K3"/>
  <move id="24" source="C7" target="B7"/>
  <move id="25" source="A4" target="A5"/>
  <move id="26" source="B7" target="B4"/>
  <move id="27" source="F4" target="F5"/>
  <move id="28" source="I7" target="K7"/>
  <move id="29" source="K6" target="K7"/>
  <move id="30" source="I8" target="I7"/>
  <move id="31" source="K3" target="K8"/>
  <move id="32" source="I7" target="I6"/>
  <move id="33" source="G3" target="F3"/>
  <move id="34" source="I9" target="I8"/>
  <move id="35" source="F3" target="F4"/>
  <move id="36" source="I6" target="K6"/>
  <move id="37" source="F5" target="F6"/>
  <move id="38" source="I8" target="I7"/>
  <move id="39" source="E5" target="E6"/>
  <move id="40" source="I7" target="I6"/>
  <move id="41" source="E4" target="E5"/>
  <move id="42" source="I6" target="I5"/>
  <move id="43" source="E5" target="F5"/>
  <move id="44" source="I5" target="I6"/>
  <move id="45" source="F4" target="E4"/>
  <move id="46" source="I6" target="I7"/>
  <move id="47" source="H4" target="I4"/>
  <move id="48" source="I7" target="I8"/>
  <move id="49" source="I4" target="I5"/>
  <move id="50" source="I8" target="I9"/>
  <move id="51" source="I5" target="I6"/>
  <move id="52" source="K6" target="K5"/>
  <move id="53" source="H3" target="I3"/>
  <move id="54" source="K5" target="K2"/>
  <move id="55" source="I6" target="K6"/>
  <move id="56" source="I9" target="I8"/>
  <move id="57" source="E3" target="F3"/>
  <move id="58" source="I8" target="I7"/>
  <move id="59" source="F3" target="G3"/>
  <move id="60" source="I7" target="I6"/>
  <move id="61" source="G3" target="H3"/>
  <move id="62" source="I6" target="K6"/>
  <move id="63" source="H3" target="H4"/>
  <move id="64" source="I:" target="I9"/>
  <move id="65" source="D3" target="E3"/>
  <move id="66" source="I9" target="I8"/>
  <move id="67" source="E3" target="F3"/>
  <move id="68" source="I8" target="I7"/>
  <move id="69" source="F3" target="F4"/>
  <move id="70" source="I7" target="I6"/>
  <move id="71" source="C3" target="D3"/>
  <move id="72" source="I6" target="I5"/>
  <move id="73" source="H4" target="I4"/>
  <move id="74" source="I5" target="I6"/>
  <move id="75" source="D3" target="E3"/>
  <move id="76" source="I6" target="I7"/>
  <move id="77" source="E3" target="F3"/>
  <move id="78" source="I7" target="I8"/>
  <move id="79" source="F3" target="G3"/>
  <move id="80" source="I8" target="I9"/>
  <move id="81" source="G3" target="H3"/>
  <move id="82" source="I9" target="I:"/>
  <move id="83" source="H3" target="H4"/>
  <move id="84" source="H7" target="I7"/>
  <move id="85" source="B3" target="C3"/>
  <move id="86" source="I7" target="I6"/>
  <move id="87" source="B4" target="B3"/>
  <move id="88" source="B8" target="B7"/>
  <move id="89" source="C4" target="B4"/>
  <move id="90" source="B7" target="C7"/>
  <move id="91" source="B4" target="A4"/>
  <move id="92" source="A5" target="B5"/>
  <move id="93" source="A4" target="A7"/>
  <move id="94" source="B5" target="A5"/>
  <move id="95" source="C3" target="C4"/>
  <move id="96" source="A5" target="A6"/>
  <move id="97" source="A3" target="A4"/>
  <move id="98" source="A6" target="A5"/>
  <move id="99" source="A4" target="B4"/>
  <move id="100" source="C7" target="B7"/>
  <move id="101" source="B3" target="C3"/>
  <move id="102" source="B7" target="B6"/>
  <move id="103" source="C3" target="D3"/>
  <move id="104" source="B6" target="B5"/>
  <move id="105" source="D3" target="E3"/>
  <move id="106" source="A5" target="A4"/>
  <move id="107" source="E3" target="F3"/>
  <move id="108" source="A4" target="A5"/>
  <move id="109" source="B4" target="B5"/>
  <move id="110" source="B5" target="B6"/>
  <move id="111" source="C4" target="B4"/>
  <move id="112" source="B6" target="B7"/>
  <move id="113" source="B4" target="B5"/>
  <move id="114" source="A5" target="A4"/>
  <move id="115" source="F3" target="G3"/>
  <move id="116" source="B7" target="C7"/>
  <move id="117" source="F2" target="F3"/>
  <move id="118" source="B9" target="B5"/>
  <move id="119" source="B5" target="B6"/>
  <move id="120" source="A4" target="A5"/>
  <move id="121" source="B6" target="B7"/>
  <move id="122" source="E7" target="E6"/>
  <move id="123" source="B7" target="C7"/>
  <move id="124" source="A5" target="B5"/>
  <move id="125" source="C7" target="B7"/>
  <move id="126" source="B5" target="B6"/>
  <move id="127" source="B7" target="B6"/>
  <move id="128" source="D7" target="C7"/>
  <move id="129" source="F3" target="E3"/>
  <move id="130" source="C7" target="D7"/>
  <move id="131" source="E3" target="D3"/>
  <move id="132" source="D7" target="E7"/>
  <move id="133" source="E6" target="E5"/>
  <move id="134" source="E7" target="E6"/>
  <move id="135" source="D3" target="C3"/>
  <move id="136" source="G7" target="F7"/>
  <move id="137" source="F4" target="F3"/>
  <move id="138" source="F7" target="F6"/>
  <move id="139" source="D4" target="C4"/>
  <move id="140" source="F6" target="F7"/>
  <move id="141" source="C4" target="B4"/>
  <move id="142" source="E6" target="E7"/>
  <move id="143" source="B4" target="B5"/>
  <move id="144" source="E7" target="D7"/>
  <move id="145" source="B5" target="B6"/>
  <move id="146" source="D7" target="C7"/>
  <move id="147" source="B6" target="B7"/>
  <move id="148" source="C7" target="B7"/>
  <move id="149" source="F5" target="F6"/>
  <move id="150" source="F7" target="G7"/>
  <move id="151" source="F6" target="E6"/>
  <move id="152" source="G7" target="H7"/>
  <move id="153" source="F3" target="F2"/>
  <move id="154" source="H7" target="I7"/>
  <move id="155" source="G4" target="F4"/>
  <move id="156" source="I7" target="I8"/>
  <move id="157" source="F4" target="F3"/>
  <move id="158" source="I6" target="I7"/>
  <move id="159" source="H4" target="G4"/>
  <move id="160" source="I7" target="H7"/>
  <move id="161" source="G4" target="F4"/>
  <move id="162" source="D8" target="D7"/>
  <move id="163" source="E5" target="F5"/>
  <move id="164" source="B7" target="B8"/>
  <move id="165" source="F5" target="F6"/>
  <move id="166" source="B8" target="B9"/>
  <move id="167" source="E4" target="E5"/>
  <move id="168" source="D7" target="F7"/>
  <move id="169" source="F6" target="F7"/>
  <move id="170" source="E8" target="E6"/>
  <move id="171" source="F7" target="F6"/>
  <move id="172" source="H7" target="G7"/>
  <move id="173" source="F6" target="F5"/>
  <move id="174" source="G7" target="F7"/>
  <move id="175" source="F4" target="G4"/>
  <move id="176" source="F7" target="F6"/>
  <move id="177" source="F5" target="F6"/>
  <move id="178" source="B9" target="B8"/>
  <move id="179" source="I4" target="K4"/>
  <move id="180" source="I8" target="I7"/>
  <move id="181" source="G4" target="A4"/>
  <move id="182" source="B8" target="B7"/>
  <move id="183" source="C3" target="C4"/>
  <move id="184" source="B7" target="C7"/>
  <move id="185" source="F3" target="F4"/>
  <move id="186" source="C7" target="D7"/>
  <move id="187" source="F4" target="F5"/>
  <move id="188" source="F6" target="F7"/>
  <move id="189" source="E5" target="E4"/>
  <move id="190" source="D7" target="E7"/>
  <move id="191" source="E6" target="E5"/>
  <move id="192" source="E7" target="E6"/>
  <move id="193" source="C2" target="C3"/>
  <move id="194" source="E6" target="E5"/>
  <move id="195" source="F5" target="E5"/>
  <move id="196" source="F7" target="E7"/>
  <move id="197" source="C3" target="B3"/>
  <move id="198" source="C9" target="B9"/>
  <move id="199" source="B3" target="B4"/>
  <move id="200" source="B9" target="B8"/>
  <move id="201" source="B4" target="B5"/>
  <move id="202" source="E7" target="D7"/>
  <move id="203" source="B5" target="B6"/>
  <move id="204" source="D7" target="C7"/>
  <move id="205" source="E5" target="F5"/>
  <move id="206" source="C7" target="D7"/>
  <move id="207" source="F5" target="E5"/>
  <move id="208" source="D7" target="E7"/>
  <move id="209" source="G3" target="G4"/>
  <move id="210" source="E7" target="F7"/>
  <move id="211" source="E2" target="E3"/>
  <move id="212" source="F7" target="F6"/>
  <move id="213" source="E3" target="D3"/>
  <move id="214" source="B8" target="B9"/>
  <move id="215" source="E1" target="E2"/>
  <move id="216" source="I7" target="H7"/>
  <move id="217" source="E2" target="E3"/>
  <move id="218" source="H7" target="G7"/>
  <move id="219" source="E3" target="F3"/>
  <move id="220" source="G7" target="F7"/>
  <move id="221" source="E4" target="E3"/>
  <move id="222" source="F7" target="E7"/>
  <move id="223" source="E5" target="E4"/>
  <move id="224" source="E7" target="D7"/>
  <move id="225" source="F3" target="G3"/>
  <move id="226" source="D7" target="D8"/>
  <move id="227" source="G3" target="H3"/>
  <move id="228" source="F6" target="F7"/>
  <move id="229" source="H3" target="H4"/>
  <move id="230" source="F7" target="G7"/>
  <move id="231" source="G4" target="G3"/>
  <move id="232" source="G7" target="H7"/>
  <move id="233" source="K4" target="K5"/>
  <move id="234" source="H7" target="I7"/>
  <move id="235" source="H4" target="G4"/>
  <move id="236" source="I7" target="I6"/>
  <move id="237" source="G4" target="F4"/>
  <move id="238" source="I6" target="I7"/>
  <move id="239" source="B6" target="A6"/>
  <move id="240" source="B9" target="B8"/>
  <move id="241" source="A4" target="B4"/>
  <move id="242" source="B8" target="B7"/>
  <move id="243" source="B4" target="B3"/>
  <move id="244" source="I7" target="H7"/>
  <move id="245" source="C4" target="B4"/>
  <move id="246" source="H7" target="G7"/>
  <move id="247" source="B4" target="B5"/>
  <move id="248" source="G7" target="F7"/>
  <move id="249" source="B5" target="B6"/>
  <move id="250" source="B7" target="B8"/>
  <move id="251" source="B6" target="B7"/>
  <move id="252" source="B8" target="B9"/>
  <move id="253" source="B7" target="B8"/>
  <move id="254" source="F7" target="E7"/>
  <move id="255" source="B8" target="B7"/>
  <move id="256" source="E7" target="E6"/>
  <move id="257" source="A6" target="A5"/>
  <move id="258" source="E6" target="F6"/>
  <move id="259" source="B7" target="C7"/>
  <move id="260" source="F6" target="F7"/>
  <move id="261" source="C7" target="D7"/>
  <move id="262" source="D8" target="E8"/>
  <move id="263" source="B3" target="B7"/>
  <move id="264" source="E8" target="E7"/>
  <move id="265" source="B7" target="C7"/>
  <move id="266" source="E7" target="E6"/>
  <move id="267" source="C7" target="C8"/>
  <move id="268" source="E6" target="E7"/>
  <move id="269" source="D7" target="E7"/>
  <move id="270" source="F7" target="E7"/>
  <move id="271" source="F4" target="F5"/>
  <move id="272" source="B9" target="B8"/>
  <move id="273" source="F5" target="F6"/>
  <move id="274" source="B8" target="B7"/>
  <move id="275" source="F6" target="F7"/>
  <move id="276" source="B7" target="C7"/>
  <move id="277" source="F7" target="F8"/>
  <player id="1">Player 1</player>
  <player id="2">Player 2</player>
  <result type="3" winner="2"/>
 </game>
</stratego>