<?xml version="1.0" encoding="UTF-8"?>
<stratego>
 <game type="classic">
  
  <field content="DDEEDFDDBMHHDGIEFBFBCGGHBBGEIJBJIEDKHLFDAA__AA__AAAA__AA__AASPTOWPPXTRPSVNPRQQVNUPQPRNQPTSNQUNTSYNRU"/>
  <move id="1" source="F4" target="F5"/>
  <move id="2" source="E7" target="E6"/>
  <move id="3" source="F5" target="E5"/>
  <move id="4" source="I7" target="I6"/>
  <move id="5" source="E5" target="E6"/>
  <move id="6" source="I6" target="K6"/>
  <player id="1">Player 1</player>
  <player id="2">Player 2</player>
  <result type="3" winner="2"/>
 </game>
</stratego>