<?xml version="1.0" encoding="UTF-8"?>
<stratego>
 <game type="classic">
  
  <field content="EGBMBFBHDDEBHICBJIBDJGLFEDHKFIDEHEGDFGDDAA__AA__AAAA__AA__AAPPURPPSQPPRTNSPWTXSRPNTUVONVUTRSNQQNYNQQ"/>
  <move id="1" source="A4" target="A7"/>
  <move id="2" source="B7" target="A7"/>
  <move id="3" source="I4" target="I7"/>
  <move id="4" source="A7" target="A3"/>
  <move id="5" source="A3" target="A4"/>
  <move id="6" source="E7" target="E4"/>
  <move id="7" source="A4" target="A5"/>
  <move id="8" source="F7" target="F4"/>
  <move id="9" source="A5" target="A6"/>
  <move id="10" source="D7" target="E7"/>
  <move id="11" source="A6" target="A7"/>
  <move id="12" source="E7" target="E6"/>
  <move id="13" source="A7" target="A8"/>
  <move id="14" source="C7" target="D7"/>
  <move id="15" source="A8" target="B8"/>
  <move id="16" source="D7" target="E7"/>
  <move id="17" source="B8" target="C8"/>
  <move id="18" source="E6" target="F6"/>
  <move id="19" source="B4" target="B5"/>
  <move id="20" source="F6" target="F5"/>
  <move id="21" source="B5" target="B6"/>
  <move id="22" source="F5" target="F4"/>
  <move id="23" source="B6" target="B7"/>
  <move id="24" source="F4" target="F3"/>
  <move id="25" source="G3" target="F3"/>
  <move id="26" source="E7" target="E6"/>
  <move id="27" source="B7" target="B8"/>
  <move id="28" source="E6" target="E5"/>
  <move id="29" source="B8" target="B9"/>
  <move id="30" source="B:" target="B9"/>
  <move id="31" source="B3" target="B4"/>
  <move id="32" source="E5" target="F5"/>
  <move id="33" source="F3" target="G3"/>
  <move id="34" source="F5" target="F4"/>
  <move id="35" source="B4" target="B5"/>
  <move id="36" source="F4" target="F3"/>
  <move id="37" source="B5" target="B6"/>
  <move id="38" source="F3" target="G3"/>
  <move id="39" source="G2" target="G3"/>
  <move id="40" source="G7" target="F7"/>
  <move id="41" source="B6" target="B7"/>
  <move id="42" source="F7" target="E7"/>
  <move id="43" source="B7" target="B8"/>
  <move id="44" source="B9" target="B:"/>
  <move id="45" source="B8" target="B9"/>
  <move id="46" source="E7" target="E6"/>
  <move id="47" source="E4" target="F4"/>
  <move id="48" source="E6" target="F6"/>
  <move id="49" source="F4" target="F3"/>
  <move id="50" source="F6" target="F5"/>
  <move id="51" source="G4" target="F4"/>
  <move id="52" source="F5" target="F4"/>
  <move id="53" source="F3" target="F4"/>
  <move id="54" source="A9" target="A2"/>
  <move id="55" source="B9" target="C9"/>
  <move id="56" source="C9" target="B9"/>
  <move id="57" source="C3" target="B3"/>
  <move id="58" source="B9" target="B8"/>
  <move id="59" source="B3" target="B4"/>
  <move id="60" source="B8" target="B7"/>
  <move id="61" source="B4" target="B5"/>
  <move id="62" source="B7" target="C7"/>
  <move id="63" source="B5" target="B6"/>
  <move id="64" source="C7" target="D7"/>
  <move id="65" source="B6" target="B7"/>
  <move id="66" source="E8" target="E3"/>
  <move id="67" source="B7" target="B8"/>
  <move id="68" source="D7" target="E7"/>
  <move id="69" source="B8" target="B9"/>
  <move id="70" source="E7" target="E6"/>
  <move id="71" source="G3" target="G4"/>
  <move id="72" source="E6" target="E5"/>
  <move id="73" source="G4" target="F4"/>
  <move id="74" source="A:" target="A9"/>
  <move id="75" source="B9" target="C9"/>
  <move id="76" source="A9" target="A8"/>
  <move id="77" source="C9" target="D9"/>
  <move id="78" source="A8" target="A7"/>
  <move id="79" source="D9" target="D:"/>
  <move id="80" source="F8" target="F7"/>
  <move id="81" source="D:" target="E:"/>
  <move id="82" source="E9" target="E8"/>
  <move id="83" source="E:" target="D:"/>
  <move id="84" source="F9" target="E9"/>
  <move id="85" source="C4" target="B4"/>
  <move id="86" source="F7" target="E7"/>
  <move id="87" source="B4" target="B5"/>
  <move id="88" source="E7" target="D7"/>
  <move id="89" source="B5" target="B6"/>
  <move id="90" source="D7" target="C7"/>
  <move id="91" source="B6" target="A6"/>
  <move id="92" source="C7" target="B7"/>
  <move id="93" source="F4" target="E4"/>
  <move id="94" source="E5" target="F5"/>
  <move id="95" source="H3" target="G3"/>
  <move id="96" source="G8" target="F8"/>
  <move id="97" source="E4" target="E5"/>
  <move id="98" source="H8" target="G8"/>
  <move id="99" source="E5" target="E6"/>
  <move id="100" source="G8" target="G7"/>
  <move id="101" source="E6" target="E7"/>
  <move id="102" source="G7" target="F7"/>
  <move id="103" source="E7" target="E8"/>
  <move id="104" source="F8" target="E8"/>
  <move id="105" source="D4" target="C4"/>
  <move id="106" source="A7" target="A6"/>
  <move id="107" source="H2" target="H3"/>
  <move id="108" source="I8" target="I7"/>
  <move id="109" source="H4" target="I4"/>
  <move id="110" source="I9" target="I8"/>
  <move id="111" source="H3" target="H4"/>
  <move id="112" source="I8" target="H8"/>
  <move id="113" source="H4" target="G4"/>
  <move id="114" source="H8" target="G8"/>
  <move id="115" source="G4" target="F4"/>
  <move id="116" source="F7" target="F6"/>
  <move id="117" source="C4" target="B4"/>
  <move id="118" source="G8" target="F8"/>
  <move id="119" source="D3" target="D4"/>
  <move id="120" source="F8" target="F7"/>
  <move id="121" source="D4" target="E4"/>
  <move id="122" source="F7" target="E7"/>
  <move id="123" source="E4" target="E5"/>
  <move id="124" source="E7" target="D7"/>
  <move id="125" source="E5" target="E6"/>
  <move id="126" source="F6" target="E6"/>
  <move id="127" source="E3" target="E4"/>
  <move id="128" source="B7" target="A7"/>
  <move id="129" source="A6" target="B6"/>
  <move id="130" source="D7" target="C7"/>
  <move id="131" source="G3" target="F3"/>
  <move id="132" source="A7" target="A6"/>
  <move id="133" source="B6" target="B5"/>
  <move id="134" source="A6" target="A5"/>
  <move id="135" source="F3" target="E3"/>
  <move id="136" source="A5" target="B5"/>
  <move id="137" source="B4" target="B3"/>
  <move id="138" source="B5" target="B4"/>
  <move id="139" source="B3" target="C3"/>
  <move id="140" source="B4" target="C4"/>
  <move id="141" source="C3" target="B3"/>
  <move id="142" source="C4" target="D4"/>
  <move id="143" source="F4" target="F5"/>
  <move id="144" source="D4" target="E4"/>
  <move id="145" source="E3" target="E4"/>
  <move id="146" source="C7" target="B7"/>
  <move id="147" source="I4" target="H4"/>
  <move id="148" source="H9" target="H8"/>
  <move id="149" source="H4" target="H3"/>
  <move id="150" source="H8" target="G8"/>
  <move id="151" source="F5" target="F4"/>
  <move id="152" source="E6" target="E5"/>
  <move id="153" source="F4" target="G4"/>
  <move id="154" source="G8" target="H8"/>
  <move id="155" source="G4" target="H4"/>
  <move id="156" source="H8" target="I8"/>
  <move id="157" source="H4" target="I4"/>
  <move id="158" source="H7" target="G7"/>
  <move id="159" source="I4" target="I5"/>
  <move id="160" source="I7" target="H7"/>
  <move id="161" source="I5" target="I6"/>
  <move id="162" source="I8" target="I7"/>
  <player id="1">Player 1</player>
  <player id="2">Player 2</player>
  <result type="3" winner="2"/>
 </game>
</stratego>