<?xml version="1.0" encoding="UTF-8"?>
<stratego>
 <game type="classic">
  
  <field content="EGBFGBHMEGBHFBEBIIDDGBJFKCDJDLFHDDEHDDIEAA__AA__AAAA__AA__AASRURNSQVWXTNORTNNYPPNUQSTUVPPPQRSNTQQPPP"/>
  <move id="1" source="K4" target="K5"/>
  <move id="2" source="I7" target="I6"/>
  <move id="3" source="I4" target="I5"/>
  <move id="4" source="K7" target="K6"/>
  <move id="5" source="K5" target="K4"/>
  <move id="6" source="I6" target="I5"/>
  <move id="7" source="H4" target="I4"/>
  <move id="8" source="I5" target="I6"/>
  <move id="9" source="I4" target="I5"/>
  <move id="10" source="I6" target="I7"/>
  <move id="11" source="K4" target="I4"/>
  <move id="12" source="K6" target="I6"/>
  <move id="13" source="K3" target="K4"/>
  <move id="14" source="I6" target="I5"/>
  <move id="15" source="I4" target="H4"/>
  <move id="16" source="I5" target="I4"/>
  <move id="17" source="K4" target="K5"/>
  <move id="18" source="I4" target="H4"/>
  <move id="19" source="F4" target="F5"/>
  <move id="20" source="K8" target="K5"/>
  <move id="21" source="K5" target="K6"/>
  <move id="22" source="F7" target="F6"/>
  <move id="23" source="K6" target="I6"/>
  <move id="24" source="F6" target="F5"/>
  <move id="25" source="I6" target="I7"/>
  <move id="26" source="H4" target="H3"/>
  <move id="27" source="I7" target="I6"/>
  <move id="28" source="H3" target="G3"/>
  <move id="29" source="F3" target="G3"/>
  <move id="30" source="A7" target="A6"/>
  <move id="31" source="F5" target="F6"/>
  <move id="32" source="K9" target="K2"/>
  <move id="33" source="I6" target="I5"/>
  <move id="34" source="K:" target="K1"/>
  <move id="35" source="I5" target="I4"/>
  <move id="36" source="A6" target="A5"/>
  <move id="37" source="E4" target="E5"/>
  <move id="38" source="A5" target="A4"/>
  <move id="39" source="B4" target="A4"/>
  <move id="40" source="B7" target="B6"/>
  <move id="41" source="D4" target="F4"/>
  <move id="42" source="B6" target="B5"/>
  <move id="43" source="E3" target="E4"/>
  <move id="44" source="B5" target="A5"/>
  <move id="45" source="A4" target="B4"/>
  <move id="46" source="A5" target="B5"/>
  <move id="47" source="B4" target="A4"/>
  <move id="48" source="B5" target="B4"/>
  <move id="49" source="A4" target="A5"/>
  <move id="50" source="B4" target="B3"/>
  <move id="51" source="E4" target="D4"/>
  <move id="52" source="C7" target="B7"/>
  <move id="53" source="C4" target="B4"/>
  <move id="54" source="B7" target="B6"/>
  <move id="55" source="B4" target="B6"/>
  <move id="56" source="B6" target="B5"/>
  <move id="57" source="A5" target="A6"/>
  <move id="58" source="B5" target="A5"/>
  <move id="59" source="A6" target="A7"/>
  <move id="60" source="A5" target="A4"/>
  <move id="61" source="A7" target="A8"/>
  <move id="62" source="A4" target="A3"/>
  <move id="63" source="D4" target="C4"/>
  <move id="64" source="A3" target="A2"/>
  <move id="65" source="C4" target="D4"/>
  <move id="66" source="G7" target="F7"/>
  <move id="67" source="F6" target="E6"/>
  <move id="68" source="F7" target="F6"/>
  <move id="69" source="E6" target="E7"/>
  <move id="70" source="F6" target="F5"/>
  <move id="71" source="E5" target="E6"/>
  <move id="72" source="H7" target="G7"/>
  <move id="73" source="D4" target="E4"/>
  <move id="74" source="G7" target="F7"/>
  <move id="75" source="F4" target="F3"/>
  <move id="76" source="F7" target="F6"/>
  <move id="77" source="E6" target="E7"/>
  <move id="78" source="D7" target="E7"/>
  <move id="79" source="G4" target="H4"/>
  <move id="80" source="F5" target="E5"/>
  <move id="81" source="E4" target="E5"/>
  <move id="82" source="E7" target="D7"/>
  <move id="83" source="F3" target="F6"/>
  <move id="84" source="D7" target="C7"/>
  <move id="85" source="H4" target="H3"/>
  <move id="86" source="C7" target="B7"/>
  <move id="87" source="I4" target="H4"/>
  <move id="88" source="B7" target="B6"/>
  <move id="89" source="H4" target="G4"/>
  <move id="90" source="F6" target="F7"/>
  <move id="91" source="E5" target="E6"/>
  <move id="92" source="B6" target="B5"/>
  <move id="93" source="E6" target="E7"/>
  <move id="94" source="F7" target="G7"/>
  <move id="95" source="E7" target="F7"/>
  <move id="96" source="G7" target="H7"/>
  <move id="97" source="F7" target="G7"/>
  <move id="98" source="H7" target="I7"/>
  <move id="99" source="G7" target="H7"/>
  <move id="100" source="I7" target="I6"/>
  <move id="101" source="H7" target="I7"/>
  <move id="102" source="I6" target="I5"/>
  <move id="103" source="G4" target="H4"/>
  <move id="104" source="I5" target="K5"/>
  <move id="105" source="H4" target="I4"/>
  <move id="106" source="E8" target="E7"/>
  <move id="107" source="I7" target="K7"/>
  <move id="108" source="E7" target="E6"/>
  <move id="109" source="K7" target="K6"/>
  <move id="110" source="E6" target="E5"/>
  <move id="111" source="K6" target="K5"/>
  <move id="112" source="E5" target="E4"/>
  <move id="113" source="I4" target="H4"/>
  <move id="114" source="E4" target="E3"/>
  <move id="115" source="H4" target="G4"/>
  <move id="116" source="E3" target="E2"/>
  <move id="117" source="G4" target="F4"/>
  <move id="118" source="E2" target="E1"/>
  <move id="119" source="F4" target="E4"/>
  <move id="120" source="E1" target="D1"/>
  <move id="121" source="E4" target="E3"/>
  <move id="122" source="D1" target="C1"/>
  <move id="123" source="G3" target="G4"/>
  <move id="124" source="B5" target="B4"/>
  <move id="125" source="G4" target="F4"/>
  <move id="126" source="B4" target="C4"/>
  <move id="127" source="C3" target="C4"/>
  <move id="128" source="D8" target="D7"/>
  <move id="129" source="F4" target="F5"/>
  <move id="130" source="D7" target="C7"/>
  <move id="131" source="E3" target="E4"/>
  <move id="132" source="C7" target="B7"/>
  <move id="133" source="K5" target="K6"/>
  <move id="134" source="I8" target="I3"/>
  <move id="135" source="K6" target="K7"/>
  <move id="136" source="I9" target="I2"/>
  <move id="137" source="I1" target="I2"/>
  <move id="138" source="I:" target="I2"/>
  <move id="139" source="I2" target="I3"/>
  <move id="140" source="B7" target="B6"/>
  <move id="141" source="I3" target="I4"/>
  <move id="142" source="B6" target="A6"/>
  <move id="143" source="E4" target="D4"/>
  <move id="144" source="E9" target="E8"/>
  <move id="145" source="D3" target="E3"/>
  <move id="146" source="E8" target="E7"/>
  <move id="147" source="E3" target="E4"/>
  <move id="148" source="E7" target="D7"/>
  <move id="149" source="E4" target="E5"/>
  <move id="150" source="D7" target="C7"/>
  <move id="151" source="E5" target="E6"/>
  <move id="152" source="C7" target="B7"/>
  <move id="153" source="F5" target="F6"/>
  <move id="154" source="B7" target="B6"/>
  <move id="155" source="K7" target="I7"/>
  <move id="156" source="A6" target="A5"/>
  <move id="157" source="I7" target="H7"/>
  <move id="158" source="B6" target="B5"/>
  <move id="159" source="F6" target="F7"/>
  <move id="160" source="A5" target="A4"/>
  <move id="161" source="F7" target="G7"/>
  <move id="162" source="B5" target="A5"/>
  <move id="163" source="C4" target="C3"/>
  <move id="164" source="A4" target="A3"/>
  <move id="165" source="G7" target="G8"/>
  <move id="166" source="H:" target="I:"/>
  <move id="167" source="H7" target="I7"/>
  <move id="168" source="I:" target="K:"/>
  <move id="169" source="I7" target="I8"/>
  <move id="170" source="K:" target="K1"/>
  <move id="171" source="E6" target="E7"/>
  <move id="172" source="A5" target="A4"/>
  <move id="173" source="E7" target="F7"/>
  <move id="174" source="A4" target="A5"/>
  <move id="175" source="F7" target="G7"/>
  <move id="176" source="A5" target="B5"/>
  <move id="177" source="G7" target="H7"/>
  <move id="178" source="B5" target="B4"/>
  <move id="179" source="H7" target="H8"/>
  <player id="1">Player 1</player>
  <player id="2">Player 2</player>
  <result type="1" winner="1"/>
 </game>
</stratego>