<?xml version="1.0" encoding="UTF-8"?>
<stratego>
 <game type="classic">
  
  <field content="DFDHDIFEDDBEEECHDEGDBBKJHBJLIBDFGIGFBMGHAA__AA__AAAA__AA__AAPTPXUPWTPSSVPSPVQUNNQPNUQQONTRSNYNTPQRRR"/>
  <move id="1" source="F4" target="F5"/>
  <move id="2" source="F7" target="F6"/>
  <move id="3" source="E4" target="E5"/>
  <move id="4" source="E7" target="E6"/>
  <move id="5" source="E3" target="E4"/>
  <move id="6" source="F6" target="F7"/>
  <move id="7" source="E4" target="F4"/>
  <move id="8" source="E6" target="E5"/>
  <move id="9" source="D4" target="E4"/>
  <move id="10" source="E5" target="F5"/>
  <move id="11" source="D3" target="E3"/>
  <move id="12" source="E8" target="E4"/>
  <move id="13" source="E4" target="E5"/>
  <move id="14" source="F5" target="F6"/>
  <move id="15" source="E5" target="E6"/>
  <move id="16" source="F6" target="F5"/>
  <move id="17" source="E3" target="E4"/>
  <move id="18" source="D7" target="E7"/>
  <move id="19" source="E4" target="E5"/>
  <move id="20" source="E7" target="E6"/>
  <move id="21" source="E5" target="F5"/>
  <move id="22" source="E6" target="E5"/>
  <move id="23" source="F5" target="F6"/>
  <move id="24" source="F7" target="E7"/>
  <move id="25" source="E2" target="E3"/>
  <move id="26" source="G7" target="F7"/>
  <move id="27" source="F4" target="E4"/>
  <move id="28" source="F7" target="F6"/>
  <move id="29" source="I4" target="I5"/>
  <move id="30" source="E5" target="E4"/>
  <move id="31" source="E3" target="E4"/>
  <move id="32" source="F6" target="F5"/>
  <move id="33" source="I5" target="I6"/>
  <move id="34" source="F5" target="F4"/>
  <move id="35" source="E4" target="E5"/>
  <move id="36" source="F4" target="F3"/>
  <move id="37" source="I6" target="I7"/>
  <move id="38" source="H7" target="I7"/>
  <move id="39" source="K4" target="K5"/>
  <move id="40" source="E7" target="E6"/>
  <move id="41" source="E5" target="E4"/>
  <move id="42" source="E6" target="E4"/>
  <move id="43" source="K5" target="K6"/>
  <move id="44" source="E4" target="G4"/>
  <move id="45" source="I3" target="I4"/>
  <move id="46" source="H8" target="H7"/>
  <move id="47" source="I4" target="I5"/>
  <move id="48" source="B7" target="B6"/>
  <move id="49" source="I5" target="I6"/>
  <move id="50" source="F8" target="F7"/>
  <move id="51" source="C4" target="D4"/>
  <move id="52" source="F7" target="G7"/>
  <move id="53" source="D4" target="E4"/>
  <move id="54" source="H7" target="H8"/>
  <move id="55" source="E4" target="F4"/>
  <move id="56" source="G7" target="H7"/>
  <move id="57" source="E1" target="E7"/>
  <move id="58" source="G8" target="G7"/>
  <move id="59" source="F4" target="F5"/>
  <move id="60" source="D8" target="D7"/>
  <move id="61" source="E7" target="E4"/>
  <move id="62" source="E9" target="E8"/>
  <move id="63" source="F5" target="F4"/>
  <move id="64" source="E8" target="E7"/>
  <move id="65" source="C3" target="C4"/>
  <move id="66" source="E7" target="E6"/>
  <move id="67" source="C4" target="D4"/>
  <move id="68" source="E6" target="E7"/>
  <move id="69" source="F2" target="E2"/>
  <move id="70" source="B6" target="B5"/>
  <move id="71" source="E2" target="E3"/>
  <move id="72" source="A7" target="A6"/>
  <move id="73" source="E4" target="E5"/>
  <move id="74" source="A6" target="A5"/>
  <move id="75" source="D4" target="E4"/>
  <move id="76" source="B5" target="B4"/>
  <move id="77" source="F4" target="F5"/>
  <move id="78" source="B4" target="B3"/>
  <move id="79" source="F5" target="F6"/>
  <move id="80" source="G7" target="G8"/>
  <move id="81" source="E5" target="F5"/>
  <move id="82" source="H7" target="G7"/>
  <move id="83" source="E4" target="E5"/>
  <move id="84" source="H8" target="H7"/>
  <move id="85" source="E5" target="E6"/>
  <move id="86" source="C7" target="B7"/>
  <move id="87" source="E6" target="E7"/>
  <move id="88" source="A5" target="A4"/>
  <move id="89" source="E7" target="F7"/>
  <move id="90" source="I7" target="I6"/>
  <move id="91" source="K6" target="K7"/>
  <move id="92" source="H7" target="H8"/>
  <move id="93" source="K7" target="I7"/>
  <move id="94" source="G7" target="H7"/>
  <move id="95" source="I7" target="I8"/>
  <move id="96" source="H7" target="I7"/>
  <move id="97" source="I6" target="I5"/>
  <move id="98" source="I7" target="I6"/>
  <move id="99" source="I5" target="I4"/>
  <move id="100" source="I6" target="I5"/>
  <move id="101" source="H3" target="I3"/>
  <move id="102" source="A8" target="A7"/>
  <move id="103" source="F7" target="F8"/>
  <move id="104" source="A7" target="A6"/>
  <move id="105" source="F6" target="F7"/>
  <move id="106" source="H8" target="H7"/>
  <move id="107" source="F5" target="F6"/>
  <move id="108" source="H7" target="I7"/>
  <move id="109" source="F7" target="G7"/>
  <move id="110" source="I7" target="K7"/>
  <move id="111" source="G7" target="H7"/>
  <move id="112" source="K7" target="K6"/>
  <move id="113" source="H7" target="H8"/>
  <move id="114" source="K6" target="K5"/>
  <move id="115" source="H8" target="H9"/>
  <move id="116" source="K5" target="K4"/>
  <move id="117" source="F6" target="F7"/>
  <move id="118" source="A6" target="A5"/>
  <move id="119" source="F7" target="G7"/>
  <move id="120" source="A5" target="A4"/>
  <move id="121" source="D2" target="D3"/>
  <move id="122" source="A4" target="A3"/>
  <move id="123" source="E3" target="E4"/>
  <move id="124" source="A9" target="A8"/>
  <move id="125" source="F8" target="E8"/>
  <move id="126" source="A8" target="A7"/>
  <move id="127" source="E4" target="E5"/>
  <move id="128" source="A7" target="A6"/>
  <move id="129" source="E5" target="E6"/>
  <move id="130" source="A6" target="A5"/>
  <move id="131" source="E6" target="E7"/>
  <move id="132" source="B7" target="B6"/>
  <move id="133" source="D3" target="D4"/>
  <move id="134" source="B6" target="B5"/>
  <move id="135" source="D4" target="E4"/>
  <move id="136" source="A5" target="A4"/>
  <move id="137" source="E4" target="E5"/>
  <move id="138" source="B5" target="B4"/>
  <move id="139" source="E5" target="E6"/>
  <move id="140" source="B4" target="C4"/>
  <move id="141" source="E6" target="F6"/>
  <move id="142" source="C4" target="D4"/>
  <move id="143" source="F6" target="F7"/>
  <move id="144" source="A4" target="B4"/>
  <move id="145" source="G7" target="H7"/>
  <move id="146" source="B4" target="C4"/>
  <move id="147" source="F7" target="G7"/>
  <move id="148" source="C4" target="C3"/>
  <move id="149" source="H7" target="I7"/>
  <move id="150" source="D4" target="D1"/>
  <move id="151" source="E7" target="F7"/>
  <move id="152" source="C3" target="C2"/>
  <move id="153" source="F7" target="F8"/>
  <move id="154" source="B8" target="B7"/>
  <move id="155" source="F8" target="F9"/>
  <move id="156" source="B7" target="B6"/>
  <move id="157" source="G7" target="H7"/>
  <move id="158" source="B6" target="B5"/>
  <move id="159" source="F9" target="G9"/>
  <move id="160" source="B5" target="B4"/>
  <move id="161" source="E8" target="F8"/>
  <move id="162" source="B4" target="C4"/>
  <move id="163" source="H7" target="H8"/>
  <move id="164" source="C4" target="C3"/>
  <move id="165" source="H8" target="H9"/>
  <move id="166" source="H:" target="H9"/>
  <move id="167" source="G9" target="H9"/>
  <move id="168" source="I9" target="H9"/>
  <move id="169" source="I7" target="H7"/>
  <move id="170" source="C3" target="C2"/>
  <move id="171" source="H7" target="H8"/>
  <move id="172" source="C2" target="D2"/>
  <move id="173" source="D1" target="E1"/>
  <move id="174" source="D2" target="E2"/>
  <move id="175" source="E1" target="D1"/>
  <move id="176" source="E2" target="F2"/>
  <move id="177" source="H8" target="H9"/>
  <move id="178" source="F2" target="G2"/>
  <move id="179" source="G3" target="G2"/>
  <move id="180" source="B9" target="B4"/>
  <move id="181" source="H9" target="K9"/>
  <move id="182" source="B4" target="D4"/>
  <move id="183" source="F8" target="F9"/>
  <move id="184" source="D4" target="C4"/>
  <move id="185" source="F9" target="G9"/>
  <move id="186" source="K4" target="K3"/>
  <move id="187" source="G9" target="H9"/>
  <move id="188" source="I5" target="I4"/>
  <move id="189" source="I3" target="I4"/>
  <move id="190" source="C4" target="C2"/>
  <move id="191" source="H9" target="I9"/>
  <move id="192" source="C2" target="B2"/>
  <move id="193" source="I9" target="K9"/>
  <move id="194" source="D7" target="E7"/>
  <move id="195" source="F1" target="F2"/>
  <move id="196" source="E7" target="F7"/>
  <move id="197" source="F2" target="E2"/>
  <move id="198" source="F7" target="G7"/>
  <move id="199" source="E2" target="E3"/>
  <move id="200" source="G7" target="H7"/>
  <move id="201" source="E3" target="E4"/>
  <move id="202" source="H7" target="I7"/>
  <move id="203" source="E4" target="F4"/>
  <move id="204" source="C8" target="C7"/>
  <move id="205" source="F4" target="F5"/>
  <move id="206" source="C7" target="B7"/>
  <move id="207" source="K9" target="I9"/>
  <move id="208" source="B7" target="B6"/>
  <move id="209" source="I9" target="H9"/>
  <move id="210" source="B6" target="B5"/>
  <move id="211" source="H9" target="H8"/>
  <move id="212" source="B5" target="B4"/>
  <move id="213" source="H8" target="H7"/>
  <move id="214" source="B4" target="C4"/>
  <move id="215" source="H7" target="I7"/>
  <move id="216" source="D9" target="D8"/>
  <move id="217" source="I7" target="H7"/>
  <move id="218" source="D8" target="D7"/>
  <move id="219" source="H7" target="G7"/>
  <move id="220" source="D7" target="E7"/>
  <move id="221" source="G7" target="F7"/>
  <move id="222" source="E7" target="E6"/>
  <move id="223" source="F7" target="E7"/>
  <move id="224" source="E6" target="E5"/>
  <move id="225" source="F5" target="E5"/>
  <move id="226" source="C4" target="C2"/>
  <move id="227" source="E7" target="E6"/>
  <move id="228" source="C2" target="H2"/>
  <move id="229" source="I4" target="I5"/>
  <move id="230" source="F:" target="F8"/>
  <move id="231" source="E6" target="E7"/>
  <move id="232" source="F8" target="B8"/>
  <move id="233" source="B2" target="C2"/>
  <move id="234" source="B8" target="B4"/>
  <move id="235" source="C2" target="C3"/>
  <move id="236" source="B4" target="E4"/>
  <move id="237" source="C3" target="C4"/>
  <move id="238" source="E4" target="E2"/>
  <move id="239" source="C4" target="B4"/>
  <move id="240" source="E2" target="A2"/>
  <move id="241" source="B4" target="B5"/>
  <move id="242" source="G8" target="F8"/>
  <move id="243" source="B5" target="B6"/>
  <move id="244" source="A:" target="A9"/>
  <move id="245" source="B6" target="B7"/>
  <move id="246" source="A9" target="A8"/>
  <move id="247" source="E7" target="E8"/>
  <move id="248" source="F8" target="F7"/>
  <move id="249" source="E8" target="D8"/>
  <move id="250" source="F7" target="F6"/>
  <move id="251" source="B7" target="C7"/>
  <move id="252" source="A8" target="B8"/>
  <move id="253" source="C7" target="C8"/>
  <move id="254" source="B8" target="C8"/>
  <move id="255" source="D8" target="C8"/>
  <move id="256" source="F6" target="F5"/>
  <move id="257" source="H2" target="G2"/>
  <move id="258" source="F5" target="E5"/>
  <move id="259" source="C8" target="D8"/>
  <move id="260" source="E5" target="E4"/>
  <move id="261" source="D8" target="E8"/>
  <move id="262" source="E4" target="D4"/>
  <move id="263" source="G2" target="F2"/>
  <move id="264" source="D4" target="C4"/>
  <move id="265" source="F2" target="E2"/>
  <move id="266" source="C4" target="B4"/>
  <move id="267" source="E2" target="E3"/>
  <move id="268" source="B4" target="A4"/>
  <move id="269" source="E3" target="E4"/>
  <move id="270" source="A4" target="A3"/>
  <move id="271" source="E4" target="E5"/>
  <move id="272" source="A3" target="A2"/>
  <move id="273" source="E5" target="E6"/>
  <move id="274" source="A2" target="A1"/>
  <move id="275" source="E6" target="E7"/>
  <move id="276" source="A1" target="B1"/>
  <move id="277" source="E7" target="D7"/>
  <move id="278" source="E:" target="E9"/>
  <move id="279" source="D7" target="D8"/>
  <move id="280" source="E9" target="D9"/>
  <move id="281" source="D8" target="C8"/>
  <move id="282" source="G:" target="G9"/>
  <move id="283" source="E8" target="D8"/>
  <move id="284" source="G9" target="G8"/>
  <move id="285" source="D8" target="D9"/>
  <move id="286" source="G8" target="G7"/>
  <move id="287" source="C8" target="C9"/>
  <move id="288" source="G7" target="F7"/>
  <move id="289" source="C9" target="C:"/>
  <player id="1">Player 1</player>
  <player id="2">Player 2</player>
  <result type="1" winner="1"/>
 </game>
</stratego>