<?xml version="1.0" encoding="UTF-8"?>
<stratego>
 <game type="classic">
  
  <field content="DEIIEDBBBEHGEMKFJHBFGGLCGFBDDEJDDHDIBFHDAA__AA__AAAA__AA__AASPNRRTOVSPPTNQUWQXQUUNQPVSNRTPPRPTSNYNQP"/>
  <move id="1" source="B4" target="B5"/>
  <move id="2" source="I7" target="I6"/>
  <move id="3" source="B5" target="B6"/>
  <move id="4" source="I6" target="I5"/>
  <move id="5" source="B6" target="A6"/>
  <move id="6" source="H7" target="I7"/>
  <move id="7" source="B3" target="B4"/>
  <move id="8" source="I7" target="I6"/>
  <move id="9" source="B4" target="B5"/>
  <move id="10" source="I6" target="K6"/>
  <move id="11" source="B5" target="B6"/>
  <move id="12" source="I5" target="K5"/>
  <move id="13" source="B6" target="B7"/>
  <move id="14" source="B8" target="B7"/>
  <move id="15" source="A3" target="B3"/>
  <move id="16" source="K5" target="K4"/>
  <move id="17" source="I4" target="K4"/>
  <move id="18" source="K6" target="K5"/>
  <move id="19" source="K4" target="I4"/>
  <move id="20" source="K5" target="I5"/>
  <move id="21" source="B3" target="B4"/>
  <move id="22" source="K7" target="K3"/>
  <move id="23" source="B4" target="B5"/>
  <move id="24" source="K8" target="K7"/>
  <move id="25" source="B5" target="B6"/>
  <move id="26" source="K7" target="K6"/>
  <move id="27" source="A6" target="A7"/>
  <move id="28" source="K6" target="K5"/>
  <move id="29" source="B6" target="A6"/>
  <move id="30" source="K5" target="K4"/>
  <move id="31" source="B2" target="B3"/>
  <move id="32" source="K4" target="I4"/>
  <move id="33" source="B3" target="B4"/>
  <move id="34" source="I4" target="K4"/>
  <move id="35" source="B4" target="B5"/>
  <move id="36" source="I5" target="K5"/>
  <move id="37" source="B5" target="B6"/>
  <move id="38" source="B7" target="B8"/>
  <move id="39" source="B6" target="B7"/>
  <move id="40" source="K4" target="K3"/>
  <move id="41" source="B7" target="C7"/>
  <move id="42" source="K3" target="K4"/>
  <move id="43" source="A4" target="B4"/>
  <move id="44" source="I8" target="I7"/>
  <move id="45" source="B4" target="B5"/>
  <move id="46" source="I7" target="I6"/>
  <move id="47" source="B5" target="B6"/>
  <move id="48" source="I6" target="I5"/>
  <move id="49" source="B6" target="B7"/>
  <move id="50" source="I5" target="I4"/>
  <move id="51" source="A6" target="A7"/>
  <move id="52" source="I4" target="I3"/>
  <move id="53" source="C4" target="A4"/>
  <move id="54" source="I3" target="I2"/>
  <move id="55" source="K2" target="I2"/>
  <move id="56" source="K4" target="I4"/>
  <move id="57" source="A4" target="A8"/>
  <move id="58" source="K5" target="I5"/>
  <move id="59" source="A2" target="B2"/>
  <move id="60" source="I4" target="I3"/>
  <move id="61" source="A1" target="A9"/>
  <move id="62" source="I3" target="I2"/>
  <move id="63" source="C3" target="C4"/>
  <move id="64" source="K9" target="K1"/>
  <move id="65" source="C2" target="C3"/>
  <move id="66" source="I2" target="K2"/>
  <move id="67" source="C3" target="B3"/>
  <move id="68" source="K2" target="K1"/>
  <move id="69" source="B3" target="B4"/>
  <move id="70" source="K1" target="K2"/>
  <move id="71" source="B4" target="B5"/>
  <move id="72" source="I5" target="K5"/>
  <move id="73" source="B5" target="B6"/>
  <move id="74" source="K:" target="K9"/>
  <move id="75" source="B7" target="A7"/>
  <move id="76" source="K9" target="K8"/>
  <move id="77" source="B6" target="B7"/>
  <move id="78" source="K8" target="I8"/>
  <move id="79" source="C4" target="B4"/>
  <move id="80" source="I8" target="I2"/>
  <move id="81" source="B4" target="A4"/>
  <move id="82" source="I2" target="H2"/>
  <move id="83" source="H3" target="I3"/>
  <move id="84" source="K2" target="I2"/>
  <move id="85" source="H2" target="H3"/>
  <move id="86" source="I2" target="I3"/>
  <move id="87" source="H3" target="H2"/>
  <move id="88" source="I3" target="I2"/>
  <move id="89" source="H2" target="H3"/>
  <move id="90" source="I2" target="I3"/>
  <move id="91" source="G2" target="H2"/>
  <move id="92" source="I3" target="H3"/>
  <move id="93" source="H2" target="H3"/>
  <move id="94" source="H8" target="H7"/>
  <move id="95" source="A7" target="A8"/>
  <move id="96" source="K5" target="K4"/>
  <move id="97" source="A4" target="A5"/>
  <move id="98" source="G8" target="H8"/>
  <move id="99" source="A5" target="A6"/>
  <move id="100" source="H8" target="I8"/>
  <move id="101" source="H3" target="I3"/>
  <move id="102" source="I8" target="I7"/>
  <move id="103" source="H4" target="I4"/>
  <move id="104" source="K4" target="K5"/>
  <move id="105" source="A6" target="A7"/>
  <move id="106" source="K5" target="K4"/>
  <move id="107" source="B7" target="C7"/>
  <move id="108" source="D7" target="C7"/>
  <move id="109" source="A8" target="A9"/>
  <move id="110" source="I7" target="K7"/>
  <move id="111" source="A9" target="A8"/>
  <move id="112" source="B8" target="B7"/>
  <move id="113" source="A7" target="B7"/>
  <move id="114" source="C7" target="D7"/>
  <move id="115" source="B7" target="C7"/>
  <move id="116" source="F8" target="G8"/>
  <move id="117" source="C7" target="D7"/>
  <move id="118" source="E7" target="E6"/>
  <move id="119" source="E4" target="E6"/>
  <move id="120" source="E6" target="E5"/>
  <move id="121" source="E3" target="E4"/>
  <move id="122" source="E5" target="F5"/>
  <move id="123" source="E4" target="E5"/>
  <move id="124" source="F5" target="F4"/>
  <move id="125" source="E5" target="E6"/>
  <move id="126" source="F7" target="F6"/>
  <move id="127" source="E6" target="E7"/>
  <move id="128" source="G8" target="H8"/>
  <move id="129" source="D7" target="C7"/>
  <move id="130" source="E8" target="E7"/>
  <move id="131" source="C7" target="D7"/>
  <move id="132" source="E7" target="F7"/>
  <move id="133" source="D7" target="E7"/>
  <move id="134" source="F7" target="F8"/>
  <move id="135" source="F4" target="F5"/>
  <move id="136" source="F6" target="F7"/>
  <move id="137" source="F5" target="F6"/>
  <move id="138" source="H8" target="I8"/>
  <move id="139" source="F6" target="F7"/>
  <move id="140" source="F8" target="F7"/>
  <move id="141" source="F3" target="F4"/>
  <move id="142" source="I8" target="I7"/>
  <move id="143" source="I4" target="I5"/>
  <move id="144" source="K4" target="K5"/>
  <move id="145" source="I5" target="I4"/>
  <move id="146" source="I7" target="I6"/>
  <move id="147" source="F4" target="F5"/>
  <move id="148" source="I6" target="I5"/>
  <move id="149" source="F2" target="F3"/>
  <move id="150" source="I5" target="I4"/>
  <move id="151" source="I3" target="K3"/>
  <move id="152" source="K5" target="K6"/>
  <move id="153" source="F3" target="F4"/>
  <move id="154" source="H7" target="I7"/>
  <move id="155" source="K3" target="K2"/>
  <move id="156" source="I4" target="I3"/>
  <move id="157" source="F5" target="F6"/>
  <move id="158" source="G7" target="G8"/>
  <move id="159" source="F6" target="F7"/>
  <move id="160" source="G8" target="H8"/>
  <move id="161" source="F7" target="G7"/>
  <move id="162" source="H8" target="I8"/>
  <move id="163" source="G7" target="H7"/>
  <move id="164" source="I7" target="H7"/>
  <move id="165" source="E7" target="F7"/>
  <move id="166" source="H7" target="I7"/>
  <move id="167" source="F7" target="G7"/>
  <move id="168" source="I7" target="I6"/>
  <move id="169" source="G7" target="H7"/>
  <move id="170" source="I6" target="I5"/>
  <move id="171" source="H7" target="I7"/>
  <move id="172" source="I8" target="I7"/>
  <move id="173" source="E2" target="E3"/>
  <move id="174" source="I3" target="I2"/>
  <move id="175" source="K2" target="K3"/>
  <move id="176" source="I2" target="I3"/>
  <move id="177" source="K3" target="K4"/>
  <move id="178" source="I3" target="K3"/>
  <move id="179" source="K4" target="K5"/>
  <move id="180" source="I5" target="K5"/>
  <move id="181" source="E3" target="E4"/>
  <move id="182" source="E9" target="E8"/>
  <move id="183" source="E4" target="E5"/>
  <move id="184" source="D8" target="D7"/>
  <move id="185" source="E5" target="E6"/>
  <move id="186" source="D7" target="E7"/>
  <move id="187" source="E6" target="E7"/>
  <move id="188" source="E8" target="D8"/>
  <move id="189" source="E7" target="E8"/>
  <move id="190" source="D8" target="D7"/>
  <move id="191" source="E8" target="E9"/>
  <move id="192" source="I7" target="I8"/>
  <move id="193" source="E9" target="E:"/>
  <move id="194" source="D7" target="C7"/>
  <move id="195" source="E:" target="F:"/>
  <move id="196" source="D:" target="E:"/>
  <move id="197" source="A8" target="A9"/>
  <move id="198" source="E:" target="E9"/>
  <player id="1">Player 1</player>
  <player id="2">Player 2</player>
  <result type="3" winner="2"/>
 </game>
</stratego>