<?xml version="1.0" encoding="UTF-8"?>
<stratego>
 <game type="classic">
  
  <field content="EDBHEBMFBEEJGEJHBBIDDGLDDHCFBGGDIHDFKIFDAA__AA__AAAA__AA__AATPPQTPPVSPPSVNWUXRNTTQUNQOYUNQPNRSRQNRSP"/>
  <move id="1" source="E4" target="E5"/>
  <move id="2" source="I7" target="I6"/>
  <move id="3" source="F4" target="F5"/>
  <move id="4" source="F7" target="F6"/>
  <move id="5" source="F3" target="F4"/>
  <move id="6" source="E7" target="E6"/>
  <move id="7" source="D4" target="E4"/>
  <move id="8" source="A7" target="A6"/>
  <move id="9" source="G3" target="F3"/>
  <move id="10" source="A6" target="A5"/>
  <move id="11" source="D3" target="D4"/>
  <move id="12" source="K7" target="K6"/>
  <move id="13" source="F5" target="F6"/>
  <move id="14" source="E6" target="F6"/>
  <move id="15" source="E5" target="E6"/>
  <move id="16" source="F6" target="E6"/>
  <move id="17" source="E4" target="E5"/>
  <move id="18" source="E8" target="E7"/>
  <move id="19" source="D4" target="E4"/>
  <move id="20" source="G7" target="F7"/>
  <move id="21" source="C4" target="D4"/>
  <move id="22" source="E6" target="F6"/>
  <move id="23" source="E5" target="F5"/>
  <move id="24" source="F6" target="E6"/>
  <move id="25" source="F5" target="F6"/>
  <move id="26" source="E6" target="E5"/>
  <move id="27" source="F4" target="F5"/>
  <move id="28" source="E5" target="E4"/>
  <move id="29" source="D4" target="E4"/>
  <move id="30" source="E7" target="E8"/>
  <move id="31" source="F6" target="F7"/>
  <move id="32" source="F8" target="F7"/>
  <move id="33" source="G4" target="F4"/>
  <move id="34" source="D7" target="E7"/>
  <move id="35" source="F5" target="E5"/>
  <move id="36" source="F7" target="F8"/>
  <move id="37" source="E4" target="D4"/>
  <move id="38" source="E7" target="F7"/>
  <move id="39" source="E5" target="F5"/>
  <move id="40" source="C7" target="D7"/>
  <move id="41" source="E3" target="E4"/>
  <move id="42" source="D7" target="E7"/>
  <move id="43" source="E4" target="E5"/>
  <move id="44" source="E7" target="E6"/>
  <move id="45" source="C3" target="D3"/>
  <move id="46" source="F7" target="F6"/>
  <move id="47" source="D4" target="C4"/>
  <move id="48" source="H7" target="I7"/>
  <move id="49" source="D3" target="D4"/>
  <move id="50" source="G8" target="G7"/>
  <move id="51" source="B3" target="C3"/>
  <move id="52" source="F8" target="G8"/>
  <move id="53" source="C3" target="D3"/>
  <move id="54" source="E8" target="E7"/>
  <move id="55" source="D3" target="E3"/>
  <move id="56" source="F6" target="F7"/>
  <move id="57" source="E3" target="E4"/>
  <move id="58" source="F7" target="F8"/>
  <move id="59" source="F5" target="F6"/>
  <move id="60" source="E6" target="E5"/>
  <move id="61" source="F4" target="F5"/>
  <move id="62" source="F8" target="F7"/>
  <move id="63" source="F3" target="F4"/>
  <move id="64" source="B7" target="B6"/>
  <move id="65" source="E4" target="E5"/>
  <move id="66" source="A8" target="A7"/>
  <move id="67" source="B2" target="B3"/>
  <move id="68" source="B6" target="B5"/>
  <move id="69" source="C4" target="C3"/>
  <move id="70" source="E7" target="E8"/>
  <move id="71" source="C3" target="D3"/>
  <move id="72" source="B8" target="B7"/>
  <move id="73" source="D3" target="E3"/>
  <move id="74" source="B7" target="C7"/>
  <move id="75" source="E3" target="F3"/>
  <move id="76" source="C7" target="D7"/>
  <move id="77" source="F3" target="G3"/>
  <move id="78" source="D7" target="E7"/>
  <move id="79" source="G3" target="F3"/>
  <move id="80" source="E7" target="E6"/>
  <move id="81" source="E5" target="E6"/>
  <move id="82" source="F7" target="E7"/>
  <move id="83" source="F3" target="E3"/>
  <move id="84" source="G7" target="F7"/>
  <move id="85" source="E3" target="E4"/>
  <move id="86" source="E7" target="E6"/>
  <move id="87" source="F6" target="E6"/>
  <move id="88" source="F7" target="F6"/>
  <move id="89" source="E6" target="E5"/>
  <move id="90" source="F6" target="F5"/>
  <move id="91" source="F4" target="F5"/>
  <move id="92" source="E8" target="E7"/>
  <move id="93" source="E4" target="E3"/>
  <move id="94" source="E7" target="E6"/>
  <move id="95" source="D4" target="E4"/>
  <move id="96" source="A7" target="F7"/>
  <move id="97" source="E3" target="F3"/>
  <move id="98" source="I6" target="I5"/>
  <move id="99" source="F3" target="F4"/>
  <move id="100" source="I7" target="I6"/>
  <move id="101" source="E4" target="D4"/>
  <move id="102" source="E6" target="E5"/>
  <move id="103" source="D4" target="E4"/>
  <move id="104" source="E5" target="F5"/>
  <move id="105" source="F4" target="G4"/>
  <move id="106" source="F7" target="E7"/>
  <move id="107" source="E4" target="F4"/>
  <move id="108" source="F5" target="E5"/>
  <move id="109" source="B4" target="C4"/>
  <move id="110" source="E7" target="F7"/>
  <move id="111" source="F4" target="E4"/>
  <move id="112" source="E5" target="E6"/>
  <move id="113" source="B3" target="B4"/>
  <move id="114" source="E6" target="E7"/>
  <move id="115" source="B4" target="B5"/>
  <move id="116" source="A5" target="A4"/>
  <move id="117" source="B5" target="B4"/>
  <move id="118" source="A4" target="A5"/>
  <move id="119" source="B4" target="A4"/>
  <move id="120" source="A5" target="B5"/>
  <move id="121" source="E4" target="D4"/>
  <move id="122" source="F7" target="F6"/>
  <move id="123" source="C4" target="C3"/>
  <move id="124" source="E7" target="E6"/>
  <move id="125" source="C3" target="D3"/>
  <move id="126" source="F6" target="F5"/>
  <move id="127" source="D3" target="E3"/>
  <move id="128" source="E6" target="E5"/>
  <move id="129" source="E3" target="E4"/>
  <move id="130" source="I5" target="K5"/>
  <move id="131" source="E4" target="F4"/>
  <move id="132" source="F5" target="F6"/>
  <move id="133" source="F4" target="F6"/>
  <move id="134" source="E5" target="F5"/>
  <move id="135" source="D4" target="E4"/>
  <move id="136" source="K6" target="K7"/>
  <move id="137" source="E4" target="F4"/>
  <move id="138" source="F5" target="E5"/>
  <move id="139" source="G4" target="G3"/>
  <move id="140" source="I6" target="I5"/>
  <move id="141" source="E2" target="E3"/>
  <move id="142" source="K7" target="F7"/>
  <move id="143" source="F4" target="E4"/>
  <move id="144" source="E5" target="E6"/>
  <move id="145" source="G3" target="G4"/>
  <move id="146" source="E6" target="F6"/>
  <move id="147" source="E4" target="F4"/>
  <move id="148" source="F7" target="E7"/>
  <move id="149" source="F4" target="F5"/>
  <move id="150" source="F6" target="F7"/>
  <move id="151" source="F5" target="F6"/>
  <move id="152" source="F7" target="F8"/>
  <move id="153" source="F6" target="F7"/>
  <move id="154" source="F8" target="E8"/>
  <move id="155" source="F7" target="E7"/>
  <move id="156" source="E8" target="F8"/>
  <move id="157" source="E3" target="E4"/>
  <move id="158" source="K5" target="K4"/>
  <move id="159" source="K3" target="K4"/>
  <move id="160" source="H8" target="H7"/>
  <move id="161" source="E4" target="D4"/>
  <move id="162" source="C8" target="B8"/>
  <move id="163" source="D4" target="C4"/>
  <move id="164" source="B5" target="B6"/>
  <move id="165" source="A4" target="A5"/>
  <move id="166" source="B6" target="B7"/>
  <move id="167" source="A5" target="A6"/>
  <move id="168" source="B7" target="C7"/>
  <move id="169" source="A6" target="A7"/>
  <move id="170" source="H7" target="I7"/>
  <move id="171" source="A7" target="B7"/>
  <move id="172" source="B8" target="B7"/>
  <move id="173" source="C4" target="B4"/>
  <move id="174" source="C7" target="C8"/>
  <move id="175" source="B4" target="B5"/>
  <move id="176" source="I7" target="I6"/>
  <move id="177" source="B5" target="B6"/>
  <move id="178" source="I6" target="K6"/>
  <move id="179" source="B6" target="B7"/>
  <move id="180" source="K6" target="K5"/>
  <move id="181" source="B7" target="B8"/>
  <move id="182" source="C8" target="C7"/>
  <move id="183" source="G4" target="F4"/>
  <move id="184" source="K5" target="K4"/>
  <move id="185" source="F4" target="E4"/>
  <move id="186" source="K4" target="I4"/>
  <move id="187" source="E4" target="D4"/>
  <move id="188" source="K8" target="K7"/>
  <move id="189" source="D4" target="C4"/>
  <move id="190" source="K7" target="K6"/>
  <move id="191" source="C4" target="B4"/>
  <move id="192" source="K6" target="K5"/>
  <move id="193" source="B4" target="B5"/>
  <move id="194" source="K5" target="K4"/>
  <move id="195" source="B5" target="B6"/>
  <move id="196" source="K4" target="I4"/>
  <move id="197" source="B6" target="B7"/>
  <move id="198" source="C7" target="C8"/>
  <move id="199" source="B8" target="C8"/>
  <move id="200" source="I4" target="H4"/>
  <move id="201" source="B7" target="A7"/>
  <move id="202" source="I5" target="I4"/>
  <move id="203" source="H4" target="G4"/>
  <move id="204" source="I4" target="H4"/>
  <move id="205" source="G4" target="F4"/>
  <move id="206" source="H4" target="H3"/>
  <move id="207" source="F4" target="F5"/>
  <move id="208" source="H3" target="H4"/>
  <move id="209" source="F5" target="F6"/>
  <move id="210" source="G8" target="H8"/>
  <move id="211" source="B1" target="B9"/>
  <move id="212" source="H4" target="G4"/>
  <move id="213" source="A7" target="A8"/>
  <move id="214" source="G4" target="F4"/>
  <move id="215" source="C8" target="B8"/>
  <move id="216" source="F4" target="F5"/>
  <move id="217" source="F6" target="F7"/>
  <move id="218" source="F8" target="G8"/>
  <move id="219" source="B8" target="B9"/>
  <move id="220" source="F5" target="F6"/>
  <move id="221" source="A8" target="B8"/>
  <move id="222" source="E9" target="E8"/>
  <move id="223" source="E7" target="E8"/>
  <move id="224" source="F6" target="F7"/>
  <move id="225" source="E8" target="E7"/>
  <move id="226" source="F7" target="F6"/>
  <move id="227" source="A3" target="A9"/>
  <move id="228" source="F6" target="F5"/>
  <move id="229" source="B9" target="A9"/>
  <move id="230" source="F5" target="F4"/>
  <move id="231" source="A2" target="A3"/>
  <move id="232" source="F4" target="E4"/>
  <move id="233" source="A3" target="A4"/>
  <move id="234" source="E4" target="D4"/>
  <move id="235" source="A4" target="A5"/>
  <move id="236" source="D4" target="C4"/>
  <move id="237" source="A5" target="A6"/>
  <move id="238" source="C4" target="B4"/>
  <move id="239" source="A6" target="A7"/>
  <move id="240" source="B4" target="B5"/>
  <move id="241" source="E7" target="D7"/>
  <move id="242" source="B5" target="B6"/>
  <move id="243" source="D7" target="C7"/>
  <move id="244" source="B6" target="A6"/>
  <move id="245" source="C7" target="B7"/>
  <move id="246" source="G8" target="G7"/>
  <move id="247" source="A7" target="A8"/>
  <move id="248" source="G7" target="F7"/>
  <move id="249" source="B8" target="B9"/>
  <move id="250" source="H8" target="H7"/>
  <move id="251" source="A8" target="B8"/>
  <move id="252" source="H7" target="I7"/>
  <move id="253" source="B8" target="C8"/>
  <move id="254" source="I7" target="I6"/>
  <move id="255" source="C8" target="C9"/>
  <move id="256" source="C9" target="B9"/>
  <move id="257" source="D2" target="D3"/>
  <move id="258" source="I6" target="I5"/>
  <move id="259" source="D3" target="C3"/>
  <move id="260" source="I5" target="I4"/>
  <move id="261" source="C3" target="C4"/>
  <move id="262" source="I4" target="H4"/>
  <move id="263" source="C4" target="B4"/>
  <move id="264" source="E:" target="E9"/>
  <move id="265" source="A9" target="A8"/>
  <move id="266" source="E9" target="E8"/>
  <move id="267" source="A8" target="A7"/>
  <move id="268" source="A6" target="A5"/>
  <move id="269" source="A7" target="A6"/>
  <move id="270" source="A5" target="B5"/>
  <move id="271" source="B4" target="A4"/>
  <move id="272" source="E8" target="E7"/>
  <move id="273" source="B7" target="B6"/>
  <move id="274" source="B5" target="B4"/>
  <move id="275" source="B6" target="B5"/>
  <move id="276" source="B4" target="A4"/>
  <move id="277" source="A6" target="A5"/>
  <move id="278" source="A4" target="A3"/>
  <move id="279" source="B5" target="B4"/>
  <move id="280" source="E7" target="E6"/>
  <move id="281" source="B4" target="B3"/>
  <move id="282" source="A3" target="A2"/>
  <move id="283" source="A5" target="A4"/>
  <move id="284" source="E6" target="E5"/>
  <move id="285" source="A4" target="A3"/>
  <move id="286" source="E5" target="E4"/>
  <move id="287" source="A3" target="A2"/>
  <move id="288" source="E4" target="F4"/>
  <move id="289" source="B3" target="B4"/>
  <move id="290" source="F4" target="F3"/>
  <move id="291" source="B4" target="C4"/>
  <move id="292" source="F3" target="G3"/>
  <move id="293" source="C4" target="D4"/>
  <move id="294" source="G3" target="H3"/>
  <move id="295" source="D4" target="E4"/>
  <move id="296" source="H3" target="H2"/>
  <move id="297" source="E4" target="F4"/>
  <move id="298" source="H4" target="H3"/>
  <move id="299" source="F4" target="G4"/>
  <move id="300" source="H9" target="H8"/>
  <move id="301" source="G4" target="F4"/>
  <move id="302" source="F7" target="E7"/>
  <move id="303" source="F4" target="E4"/>
  <move id="304" source="H8" target="G8"/>
  <move id="305" source="E4" target="E5"/>
  <move id="306" source="G8" target="F8"/>
  <move id="307" source="E5" target="E6"/>
  <move id="308" source="E7" target="D7"/>
  <move id="309" source="E6" target="E5"/>
  <move id="310" source="D7" target="C7"/>
  <move id="311" source="E5" target="E4"/>
  <move id="312" source="H3" target="G3"/>
  <move id="313" source="E4" target="D4"/>
  <move id="314" source="H:" target="H9"/>
  <move id="315" source="D4" target="C4"/>
  <move id="316" source="H9" target="H8"/>
  <move id="317" source="C4" target="D4"/>
  <move id="318" source="H8" target="H7"/>
  <move id="319" source="D4" target="E4"/>
  <move id="320" source="H7" target="I7"/>
  <move id="321" source="E4" target="F4"/>
  <move id="322" source="I7" target="I6"/>
  <move id="323" source="F4" target="F3"/>
  <move id="324" source="G3" target="G4"/>
  <move id="325" source="F3" target="F4"/>
  <move id="326" source="G4" target="G3"/>
  <move id="327" source="F4" target="E4"/>
  <move id="328" source="I6" target="I5"/>
  <move id="329" source="E4" target="D4"/>
  <move id="330" source="I5" target="I4"/>
  <move id="331" source="D4" target="C4"/>
  <move id="332" source="G3" target="F3"/>
  <move id="333" source="C4" target="B4"/>
  <move id="334" source="I4" target="H4"/>
  <move id="335" source="B4" target="C4"/>
  <move id="336" source="C7" target="B7"/>
  <move id="337" source="C4" target="C3"/>
  <move id="338" source="F3" target="F4"/>
  <move id="339" source="C3" target="D3"/>
  <move id="340" source="B7" target="B6"/>
  <move id="341" source="D3" target="E3"/>
  <move id="342" source="B6" target="B5"/>
  <move id="343" source="E3" target="F3"/>
  <move id="344" source="F4" target="E4"/>
  <move id="345" source="F3" target="F4"/>
  <move id="346" source="E4" target="E3"/>
  <move id="347" source="F4" target="F3"/>
  <move id="348" source="E3" target="E4"/>
  <move id="349" source="K2" target="K3"/>
  <move id="350" source="H4" target="I4"/>
  <move id="351" source="F3" target="F4"/>
  <move id="352" source="E4" target="E3"/>
  <move id="353" source="K3" target="K7"/>
  <move id="354" source="B5" target="B4"/>
  <move id="355" source="K7" target="G7"/>
  <move id="356" source="F8" target="G8"/>
  <move id="357" source="G7" target="F7"/>
  <move id="358" source="F9" target="F8"/>
  <move id="359" source="F7" target="F6"/>
  <move id="360" source="I:" target="H:"/>
  <move id="361" source="F6" target="E6"/>
  <move id="362" source="H:" target="H9"/>
  <move id="363" source="E6" target="E:"/>
  <move id="364" source="F:" target="E:"/>
  <move id="365" source="F4" target="G4"/>
  <move id="366" source="E3" target="F3"/>
  <move id="367" source="G4" target="H4"/>
  <move id="368" source="I4" target="K4"/>
  <move id="369" source="H4" target="I4"/>
  <move id="370" source="K4" target="K5"/>
  <move id="371" source="I4" target="K4"/>
  <move id="372" source="K5" target="I5"/>
  <move id="373" source="K4" target="K5"/>
  <move id="374" source="I5" target="I4"/>
  <move id="375" source="K5" target="K4"/>
  <move id="376" source="I4" target="I5"/>
  <move id="377" source="K4" target="I4"/>
  <move id="378" source="I5" target="K5"/>
  <move id="379" source="I4" target="K4"/>
  <move id="380" source="K5" target="I5"/>
  <move id="381" source="K4" target="I4"/>
  <move id="382" source="I5" target="K5"/>
  <move id="383" source="I4" target="H4"/>
  <move id="384" source="H9" target="H8"/>
  <move id="385" source="H4" target="G4"/>
  <move id="386" source="H8" target="H7"/>
  <move id="387" source="G4" target="G3"/>
  <move id="388" source="F3" target="F4"/>
  <move id="389" source="G3" target="F3"/>
  <move id="390" source="F4" target="G4"/>
  <move id="391" source="F2" target="E2"/>
  <move id="392" source="B4" target="C4"/>
  <move id="393" source="E2" target="E3"/>
  <move id="394" source="C4" target="D4"/>
  <move id="395" source="F3" target="F4"/>
  <move id="396" source="G4" target="G3"/>
  <move id="397" source="E3" target="E4"/>
  <move id="398" source="G8" target="G7"/>
  <move id="399" source="E4" target="E5"/>
  <move id="400" source="G7" target="F7"/>
  <move id="401" source="E5" target="E6"/>
  <move id="402" source="H7" target="I7"/>
  <move id="403" source="E6" target="E7"/>
  <move id="404" source="F7" target="E7"/>
  <move id="405" source="I2" target="K2"/>
  <move id="406" source="I7" target="I6"/>
  <move id="407" source="F4" target="G4"/>
  <move id="408" source="G3" target="F3"/>
  <move id="409" source="G4" target="H4"/>
  <move id="410" source="I6" target="I7"/>
  <move id="411" source="K2" target="K3"/>
  <move id="412" source="I7" target="K7"/>
  <move id="413" source="K3" target="K4"/>
  <move id="414" source="K5" target="K6"/>
  <move id="415" source="K4" target="K5"/>
  <move id="416" source="K6" target="I6"/>
  <move id="417" source="K5" target="K6"/>
  <move id="418" source="I6" target="I7"/>
  <move id="419" source="K6" target="K7"/>
  <move id="420" source="I7" target="H7"/>
  <move id="421" source="H4" target="I4"/>
  <move id="422" source="E7" target="F7"/>
  <move id="423" source="K7" target="I7"/>
  <move id="424" source="H7" target="H8"/>
  <move id="425" source="I7" target="H7"/>
  <move id="426" source="H8" target="G8"/>
  <move id="427" source="H7" target="H8"/>
  <move id="428" source="G8" target="G7"/>
  <move id="429" source="I4" target="I5"/>
  <move id="430" source="F8" target="F9"/>
  <move id="431" source="I5" target="I6"/>
  <move id="432" source="F7" target="F8"/>
  <move id="433" source="I6" target="I7"/>
  <move id="434" source="F8" target="G8"/>
  <move id="435" source="H8" target="H9"/>
  <move id="436" source="G7" target="F7"/>
  <move id="437" source="I7" target="H7"/>
  <move id="438" source="F9" target="F8"/>
  <move id="439" source="H9" target="H:"/>
  <move id="440" source="F7" target="F6"/>
  <move id="441" source="H:" target="G:"/>
  <move id="442" source="F6" target="F5"/>
  <move id="443" source="H7" target="H8"/>
  <move id="444" source="G8" target="G7"/>
  <move id="445" source="H8" target="H9"/>
  <move id="446" source="F8" target="G8"/>
  <move id="447" source="H9" target="G9"/>
  <player id="1">Player 1</player>
  <player id="2">Player 2</player>
  <result type="1" winner="1"/>
 </game>
</stratego>