<?xml version="1.0" encoding="UTF-8"?>
<stratego>
 <game type="classic">
  
  <field content="DEEDDMFBHIDDDFGBBCBHJKEHJBHIGEIDLEBFGDFGAA__AA__AAAA__AA__AANRVSPNVRPRTTTOSUQSNPUXWQQPUTNPPPYNQNQPSR"/>
  <move id="1" source="B4" target="B5"/>
  <move id="2" source="E7" target="E6"/>
  <move id="3" source="C4" target="B4"/>
  <move id="4" source="I7" target="I6"/>
  <move id="5" source="B5" target="B6"/>
  <move id="6" source="H7" target="I7"/>
  <move id="7" source="A4" target="A5"/>
  <move id="8" source="H8" target="H7"/>
  <move id="9" source="A5" target="A6"/>
  <move id="10" source="G8" target="H8"/>
  <move id="11" source="B4" target="B5"/>
  <move id="12" source="I6" target="K6"/>
  <move id="13" source="B6" target="B7"/>
  <move id="14" source="D7" target="E7"/>
  <move id="15" source="A6" target="B6"/>
  <move id="16" source="E6" target="F6"/>
  <move id="17" source="B6" target="B7"/>
  <move id="18" source="C7" target="B7"/>
  <move id="19" source="B5" target="B6"/>
  <move id="20" source="B7" target="C7"/>
  <move id="21" source="A3" target="A4"/>
  <move id="22" source="C7" target="D7"/>
  <move id="23" source="A4" target="A5"/>
  <move id="24" source="C8" target="C7"/>
  <move id="25" source="A5" target="A6"/>
  <move id="26" source="I7" target="I6"/>
  <move id="27" source="B6" target="B7"/>
  <move id="28" source="C9" target="C8"/>
  <move id="29" source="A6" target="B6"/>
  <move id="30" source="E7" target="E6"/>
  <move id="31" source="A2" target="A7"/>
  <move id="32" source="H7" target="I7"/>
  <move id="33" source="C3" target="C4"/>
  <move id="34" source="E6" target="E5"/>
  <move id="35" source="C4" target="B4"/>
  <move id="36" source="E8" target="E7"/>
  <move id="37" source="B4" target="B5"/>
  <move id="38" source="E7" target="E6"/>
  <move id="39" source="B5" target="A5"/>
  <move id="40" source="F8" target="E8"/>
  <move id="41" source="A5" target="A6"/>
  <move id="42" source="I6" target="I5"/>
  <move id="43" source="A6" target="A7"/>
  <move id="44" source="I7" target="I6"/>
  <move id="45" source="A7" target="A6"/>
  <move id="46" source="I5" target="K5"/>
  <move id="47" source="A6" target="A5"/>
  <move id="48" source="I6" target="I5"/>
  <move id="49" source="A5" target="B5"/>
  <move id="50" source="K5" target="K4"/>
  <move id="51" source="A1" target="A8"/>
  <move id="52" source="K6" target="I6"/>
  <move id="53" source="B3" target="A3"/>
  <move id="54" source="I5" target="K5"/>
  <move id="55" source="A3" target="A4"/>
  <move id="56" source="I6" target="I5"/>
  <move id="57" source="A4" target="A5"/>
  <move id="58" source="K7" target="K6"/>
  <move id="59" source="A5" target="A6"/>
  <move id="60" source="K5" target="K4"/>
  <move id="61" source="I4" target="K4"/>
  <move id="62" source="K6" target="K5"/>
  <move id="63" source="A6" target="A7"/>
  <move id="64" source="G7" target="H7"/>
  <move id="65" source="A7" target="A8"/>
  <move id="66" source="H7" target="I7"/>
  <move id="67" source="A8" target="A7"/>
  <move id="68" source="I7" target="I6"/>
  <move id="69" source="A7" target="A6"/>
  <move id="70" source="E8" target="E7"/>
  <move id="71" source="B2" target="A2"/>
  <move id="72" source="E5" target="F5"/>
  <move id="73" source="A6" target="A5"/>
  <move id="74" source="E6" target="E5"/>
  <move id="75" source="A5" target="A4"/>
  <move id="76" source="E7" target="E6"/>
  <move id="77" source="A4" target="B4"/>
  <move id="78" source="F9" target="F8"/>
  <move id="79" source="A2" target="A9"/>
  <move id="80" source="F8" target="G8"/>
  <move id="81" source="B6" target="A6"/>
  <move id="82" source="G8" target="G7"/>
  <move id="83" source="A6" target="A7"/>
  <move id="84" source="B9" target="C9"/>
  <move id="85" source="A7" target="A8"/>
  <move id="86" source="A9" target="B9"/>
  <move id="87" source="A8" target="A9"/>
  <move id="88" source="I5" target="I4"/>
  <move id="89" source="A9" target="B9"/>
  <move id="90" source="C9" target="B9"/>
  <move id="91" source="B7" target="C7"/>
  <move id="92" source="D7" target="E7"/>
  <move id="93" source="C7" target="C8"/>
  <move id="94" source="D8" target="C8"/>
  <move id="95" source="B5" target="B6"/>
  <move id="96" source="C8" target="C7"/>
  <move id="97" source="C2" target="A2"/>
  <move id="98" source="I6" target="I5"/>
  <move id="99" source="A2" target="A:"/>
  <move id="100" source="B8" target="C8"/>
  <move id="101" source="B6" target="B7"/>
  <move id="102" source="B9" target="B8"/>
  <move id="103" source="B7" target="C7"/>
  <move id="104" source="B8" target="B7"/>
  <move id="105" source="C7" target="D7"/>
  <move id="106" source="B7" target="B6"/>
  <move id="107" source="D7" target="E7"/>
  <move id="108" source="B6" target="B5"/>
  <move id="109" source="B4" target="C4"/>
  <move id="110" source="B5" target="B4"/>
  <move id="111" source="C4" target="C3"/>
  <move id="112" source="B4" target="B3"/>
  <move id="113" source="D4" target="C4"/>
  <move id="114" source="B:" target="B4"/>
  <move id="115" source="H4" target="I4"/>
  <move id="116" source="I5" target="I6"/>
  <move id="117" source="F4" target="F5"/>
  <move id="118" source="B4" target="C4"/>
  <move id="119" source="G4" target="H4"/>
  <move id="120" source="E7" target="D7"/>
  <move id="121" source="G3" target="G4"/>
  <move id="122" source="D7" target="C7"/>
  <move id="123" source="G4" target="F4"/>
  <move id="124" source="C7" target="B7"/>
  <move id="125" source="F4" target="F5"/>
  <move id="126" source="E5" target="E4"/>
  <move id="127" source="F5" target="E5"/>
  <move id="128" source="B7" target="B6"/>
  <move id="129" source="H4" target="G4"/>
  <move id="130" source="B6" target="B5"/>
  <move id="131" source="G4" target="G3"/>
  <move id="132" source="B5" target="B4"/>
  <move id="133" source="C4" target="D4"/>
  <move id="134" source="D9" target="C9"/>
  <move id="135" source="H3" target="H4"/>
  <move id="136" source="C9" target="B9"/>
  <move id="137" source="H4" target="I4"/>
  <move id="138" source="K5" target="I5"/>
  <move id="139" source="I4" target="I5"/>
  <move id="140" source="I6" target="I5"/>
  <move id="141" source="C3" target="C4"/>
  <move id="142" source="I5" target="I4"/>
  <move id="143" source="B1" target="B2"/>
  <move id="144" source="B4" target="B5"/>
  <move id="145" source="B2" target="A2"/>
  <move id="146" source="B5" target="A5"/>
  <move id="147" source="A2" target="B2"/>
  <move id="148" source="A5" target="A4"/>
  <move id="149" source="B2" target="C2"/>
  <move id="150" source="A4" target="A3"/>
  <move id="151" source="C2" target="C3"/>
  <move id="152" source="A3" target="A2"/>
  <move id="153" source="D2" target="C2"/>
  <move id="154" source="A2" target="B2"/>
  <move id="155" source="C2" target="B2"/>
  <move id="156" source="B2" target="C2"/>
  <move id="157" source="D1" target="D2"/>
  <move id="158" source="C2" target="D2"/>
  <move id="159" source="G3" target="G4"/>
  <move id="160" source="D2" target="D3"/>
  <move id="161" source="E3" target="D3"/>
  <move id="162" source="I4" target="H4"/>
  <move id="163" source="C3" target="C2"/>
  <move id="164" source="H4" target="G4"/>
  <move id="165" source="I3" target="I4"/>
  <move id="166" source="G7" target="H7"/>
  <move id="167" source="E5" target="E6"/>
  <move id="168" source="F6" target="F3"/>
  <move id="169" source="C2" target="B2"/>
  <move id="170" source="B3" target="B4"/>
  <move id="171" source="B2" target="A2"/>
  <move id="172" source="G9" target="G8"/>
  <move id="173" source="A2" target="A3"/>
  <move id="174" source="G8" target="G7"/>
  <move id="175" source="K4" target="K5"/>
  <move id="176" source="H7" target="I7"/>
  <move id="177" source="I4" target="I5"/>
  <move id="178" source="I7" target="K7"/>
  <move id="179" source="I5" target="I6"/>
  <move id="180" source="G7" target="H7"/>
  <move id="181" source="E2" target="E3"/>
  <move id="182" source="H7" target="I7"/>
  <move id="183" source="I6" target="K6"/>
  <move id="184" source="H8" target="H7"/>
  <move id="185" source="K6" target="K7"/>
  <move id="186" source="I7" target="K7"/>
  <move id="187" source="K5" target="I5"/>
  <move id="188" source="K7" target="K6"/>
  <move id="189" source="K3" target="K4"/>
  <move id="190" source="G4" target="H4"/>
  <move id="191" source="D4" target="D3"/>
  <player id="1">Player 1</player>
  <player id="2">Player 2</player>
  <result type="3" winner="2"/>
 </game>
</stratego>