<?xml version="1.0" encoding="UTF-8"?>
<stratego>
 <game type="classic">
  
  <field content="DDGFBMBFBECKEDHBGEJDIGBJGEILHIFDEHDHDBDFAA__AA__AAAA__AA__AAPRTQSPUSPPSUWPVTXTVTNQONRSQNUNQPPNRYRNPQ"/>
  <move id="1" source="K4" target="K5"/>
  <move id="2" source="I7" target="I4"/>
  <move id="3" source="K5" target="K6"/>
  <move id="4" source="A7" target="A4"/>
  <move id="5" source="K3" target="K4"/>
  <move id="6" source="A8" target="A7"/>
  <move id="7" source="K4" target="K5"/>
  <move id="8" source="A7" target="A6"/>
  <move id="9" source="K6" target="K7"/>
  <move id="10" source="K8" target="K7"/>
  <move id="11" source="K5" target="K6"/>
  <move id="12" source="K7" target="K8"/>
  <move id="13" source="K6" target="K7"/>
  <move id="14" source="A6" target="A5"/>
  <move id="15" source="K7" target="K8"/>
  <move id="16" source="I8" target="K8"/>
  <move id="17" source="I3" target="I4"/>
  <move id="18" source="A5" target="A4"/>
  <move id="19" source="A3" target="A4"/>
  <move id="20" source="B7" target="B6"/>
  <move id="21" source="A4" target="A3"/>
  <move id="22" source="B6" target="B5"/>
  <move id="23" source="B4" target="A4"/>
  <move id="24" source="B8" target="A8"/>
  <move id="25" source="A4" target="A8"/>
  <move id="26" source="B5" target="B4"/>
  <move id="27" source="B3" target="B4"/>
  <move id="28" source="A8" target="A7"/>
  <move id="29" source="I4" target="I5"/>
  <move id="30" source="A7" target="A6"/>
  <move id="31" source="I5" target="I6"/>
  <move id="32" source="A6" target="A5"/>
  <move id="33" source="I6" target="I7"/>
  <move id="34" source="H7" target="I7"/>
  <move id="35" source="H3" target="I3"/>
  <move id="36" source="K8" target="K7"/>
  <move id="37" source="I7" target="I8"/>
  <move id="38" source="I9" target="I8"/>
  <move id="39" source="I3" target="I4"/>
  <move id="40" source="I8" target="I9"/>
  <move id="41" source="I4" target="I5"/>
  <move id="42" source="A5" target="A4"/>
  <move id="43" source="I5" target="I6"/>
  <move id="44" source="A4" target="B4"/>
  <move id="45" source="I6" target="I7"/>
  <move id="46" source="K7" target="K8"/>
  <move id="47" source="I7" target="I8"/>
  <move id="48" source="K8" target="K7"/>
  <move id="49" source="I8" target="I7"/>
  <move id="50" source="K7" target="K6"/>
  <move id="51" source="K2" target="K3"/>
  <move id="52" source="B4" target="A4"/>
  <move id="53" source="B2" target="B3"/>
  <move id="54" source="A4" target="A3"/>
  <move id="55" source="B3" target="A3"/>
  <move id="56" source="C7" target="B7"/>
  <move id="57" source="K3" target="K4"/>
  <move id="58" source="H8" target="H7"/>
  <move id="59" source="K4" target="K5"/>
  <move id="60" source="K6" target="K7"/>
  <move id="61" source="K5" target="K6"/>
  <move id="62" source="K7" target="K8"/>
  <move id="63" source="K6" target="K7"/>
  <move id="64" source="K8" target="I8"/>
  <move id="65" source="I7" target="I8"/>
  <move id="66" source="B7" target="B6"/>
  <move id="67" source="K7" target="K9"/>
  <move id="68" source="C8" target="C7"/>
  <move id="69" source="H2" target="H3"/>
  <move id="70" source="C7" target="B7"/>
  <move id="71" source="H3" target="I3"/>
  <move id="72" source="B6" target="B5"/>
  <move id="73" source="I3" target="I4"/>
  <move id="74" source="B7" target="B6"/>
  <move id="75" source="I4" target="I5"/>
  <move id="76" source="B5" target="B4"/>
  <move id="77" source="I5" target="I6"/>
  <move id="78" source="B6" target="B5"/>
  <move id="79" source="I6" target="I7"/>
  <move id="80" source="B4" target="C4"/>
  <move id="81" source="B1" target="B5"/>
  <move id="82" source="B5" target="B4"/>
  <move id="83" source="I7" target="H7"/>
  <move id="84" source="C4" target="D4"/>
  <move id="85" source="I8" target="I9"/>
  <move id="86" source="B4" target="C4"/>
  <move id="87" source="I9" target="I8"/>
  <move id="88" source="C4" target="C3"/>
  <move id="89" source="G3" target="H3"/>
  <move id="90" source="F7" target="F4"/>
  <move id="91" source="H3" target="I3"/>
  <move id="92" source="G7" target="F7"/>
  <move id="93" source="I3" target="I4"/>
  <move id="94" source="F7" target="F6"/>
  <move id="95" source="I4" target="I5"/>
  <move id="96" source="F6" target="F5"/>
  <move id="97" source="E4" target="E7"/>
  <move id="98" source="F5" target="F4"/>
  <move id="99" source="I5" target="I6"/>
  <move id="100" source="F4" target="F3"/>
  <move id="101" source="I6" target="I7"/>
  <move id="102" source="F3" target="F2"/>
  <move id="103" source="I7" target="H7"/>
  <move id="104" source="G8" target="G7"/>
  <move id="105" source="H7" target="G7"/>
  <move id="106" source="G7" target="F7"/>
  <move id="107" source="I8" target="I7"/>
  <move id="108" source="F7" target="F6"/>
  <move id="109" source="I7" target="I6"/>
  <move id="110" source="F6" target="F5"/>
  <move id="111" source="I6" target="I5"/>
  <move id="112" source="F5" target="E5"/>
  <move id="113" source="I5" target="I4"/>
  <move id="114" source="E5" target="E4"/>
  <move id="115" source="E3" target="F3"/>
  <move id="116" source="E4" target="E3"/>
  <move id="117" source="D3" target="D4"/>
  <move id="118" source="E3" target="E2"/>
  <move id="119" source="I4" target="I3"/>
  <move id="120" source="E2" target="D2"/>
  <move id="121" source="I3" target="H3"/>
  <move id="122" source="B9" target="B8"/>
  <move id="123" source="H3" target="G3"/>
  <move id="124" source="B8" target="A8"/>
  <move id="125" source="F3" target="F4"/>
  <move id="126" source="B:" target="B1"/>
  <move id="127" source="G3" target="F3"/>
  <move id="128" source="B1" target="C1"/>
  <move id="129" source="F3" target="E3"/>
  <move id="130" source="D2" target="C2"/>
  <move id="131" source="C1" target="B1"/>
  <move id="132" source="C2" target="B2"/>
  <move id="133" source="A2" target="B2"/>
  <move id="134" source="I:" target="I2"/>
  <move id="135" source="D4" target="E4"/>
  <player id="1">Player 1</player>
  <player id="2">Player 2</player>
  <result type="3" winner="1"/>
 </game>
</stratego>