<?xml version="1.0" encoding="UTF-8"?>
<stratego>
 <game type="classic">
  
  <field content="FDGEFHBMBHFEEGEJHBHJGBFBIEDGDDIDBCKDDDLIAA__AA__AAAA__AA__AAQRPPSRNNSRWUVOUXTNPPNPTPSTPVRUYNSQQQTNPQ"/>
  <move id="1" source="I4" target="I5"/>
  <move id="2" source="B7" target="B6"/>
  <move id="3" source="K4" target="K5"/>
  <move id="4" source="C7" target="B7"/>
  <move id="5" source="I3" target="I4"/>
  <move id="6" source="B6" target="B5"/>
  <move id="7" source="K5" target="K6"/>
  <move id="8" source="B7" target="B6"/>
  <move id="9" source="K6" target="I6"/>
  <move id="10" source="B6" target="A6"/>
  <move id="11" source="K3" target="K7"/>
  <move id="12" source="I7" target="I6"/>
  <move id="13" source="H3" target="I3"/>
  <move id="14" source="A6" target="A4"/>
  <move id="15" source="A4" target="A5"/>
  <move id="16" source="B5" target="B4"/>
  <move id="17" source="A5" target="B5"/>
  <move id="18" source="B4" target="C4"/>
  <move id="19" source="B5" target="B4"/>
  <move id="20" source="C8" target="C7"/>
  <move id="21" source="I3" target="K3"/>
  <move id="22" source="A7" target="B7"/>
  <move id="23" source="K3" target="K4"/>
  <move id="24" source="A8" target="A7"/>
  <move id="25" source="K4" target="K5"/>
  <move id="26" source="A7" target="A6"/>
  <move id="27" source="K5" target="K6"/>
  <move id="28" source="A6" target="A5"/>
  <move id="29" source="I6" target="I7"/>
  <move id="30" source="K7" target="K6"/>
  <move id="31" source="K6" target="K7"/>
  <move id="32" source="B7" target="A7"/>
  <move id="33" source="I5" target="I6"/>
  <move id="34" source="C7" target="B7"/>
  <move id="35" source="K7" target="K8"/>
  <move id="36" source="B7" target="B6"/>
  <move id="37" source="K8" target="K9"/>
  <move id="38" source="I8" target="K8"/>
  <move id="39" source="I7" target="K7"/>
  <move id="40" source="K8" target="I8"/>
  <move id="41" source="K7" target="I7"/>
  <move id="42" source="I8" target="K8"/>
  <move id="43" source="I7" target="K7"/>
  <move id="44" source="I9" target="I8"/>
  <move id="45" source="I6" target="I7"/>
  <move id="46" source="K8" target="K7"/>
  <move id="47" source="I7" target="I8"/>
  <move id="48" source="F7" target="F6"/>
  <move id="49" source="I4" target="I7"/>
  <move id="50" source="E7" target="E6"/>
  <move id="51" source="I7" target="H7"/>
  <move id="52" source="E8" target="E7"/>
  <move id="53" source="K7" target="I7"/>
  <move id="54" source="E7" target="F7"/>
  <move id="55" source="K2" target="K3"/>
  <move id="56" source="E9" target="E8"/>
  <move id="57" source="K3" target="K4"/>
  <move id="58" source="E8" target="E7"/>
  <move id="59" source="K4" target="K5"/>
  <move id="60" source="F9" target="E9"/>
  <move id="61" source="K5" target="K6"/>
  <move id="62" source="F8" target="F9"/>
  <move id="63" source="K6" target="K7"/>
  <move id="64" source="G8" target="F8"/>
  <move id="65" source="K7" target="K8"/>
  <move id="66" source="G9" target="G8"/>
  <move id="67" source="K8" target="K9"/>
  <move id="68" source="F8" target="E8"/>
  <move id="69" source="K9" target="K8"/>
  <move id="70" source="G8" target="F8"/>
  <move id="71" source="K8" target="K7"/>
  <move id="72" source="A5" target="A4"/>
  <move id="73" source="K7" target="K6"/>
  <move id="74" source="A4" target="B4"/>
  <move id="75" source="K6" target="I6"/>
  <move id="76" source="B6" target="A6"/>
  <move id="77" source="H4" target="K4"/>
  <move id="78" source="B4" target="A4"/>
  <move id="79" source="K4" target="K:"/>
  <move id="80" source="B8" target="A8"/>
  <move id="81" source="I7" target="K7"/>
  <move id="82" source="B9" target="B3"/>
  <move id="83" source="K7" target="K8"/>
  <move id="84" source="A7" target="B7"/>
  <move id="85" source="K8" target="K9"/>
  <move id="86" source="B7" target="B6"/>
  <move id="87" source="K9" target="K:"/>
  <move id="88" source="B6" target="B5"/>
  <move id="89" source="G4" target="K4"/>
  <move id="90" source="B5" target="B4"/>
  <move id="91" source="K4" target="K9"/>
  <move id="92" source="B4" target="C4"/>
  <move id="93" source="C3" target="C4"/>
  <move id="94" source="A4" target="B4"/>
  <move id="95" source="C4" target="C3"/>
  <move id="96" source="B4" target="C4"/>
  <move id="97" source="K9" target="I9"/>
  <move id="98" source="C4" target="C3"/>
  <move id="99" source="I9" target="I:"/>
  <move id="100" source="D7" target="B7"/>
  <move id="101" source="A3" target="A4"/>
  <move id="102" source="A6" target="A5"/>
  <move id="103" source="A4" target="B4"/>
  <move id="104" source="C3" target="C4"/>
  <move id="105" source="F4" target="F6"/>
  <move id="106" source="C4" target="B4"/>
  <move id="107" source="E4" target="E5"/>
  <move id="108" source="F8" target="G8"/>
  <move id="109" source="D4" target="E4"/>
  <move id="110" source="E7" target="D7"/>
  <move id="111" source="E4" target="F4"/>
  <move id="112" source="F9" target="F8"/>
  <move id="113" source="F4" target="F5"/>
  <move id="114" source="D7" target="C7"/>
  <move id="115" source="G3" target="K3"/>
  <move id="116" source="F7" target="E7"/>
  <move id="117" source="K3" target="K9"/>
  <move id="118" source="F8" target="F7"/>
  <move id="119" source="K9" target="H9"/>
  <move id="120" source="E7" target="D7"/>
  <move id="121" source="I8" target="I9"/>
  <move id="122" source="H9" target="G9"/>
  <move id="123" source="I9" target="H9"/>
  <move id="124" source="G9" target="F9"/>
  <move id="125" source="K1" target="K2"/>
  <move id="126" source="E8" target="E7"/>
  <move id="127" source="K2" target="K3"/>
  <move id="128" source="D8" target="E8"/>
  <move id="129" source="K3" target="K4"/>
  <move id="130" source="E8" target="F8"/>
  <move id="131" source="K4" target="K5"/>
  <move id="132" source="B4" target="C4"/>
  <move id="133" source="K5" target="K6"/>
  <move id="134" source="C4" target="D4"/>
  <move id="135" source="K6" target="K7"/>
  <move id="136" source="D4" target="E4"/>
  <move id="137" source="E5" target="E4"/>
  <move id="138" source="F6" target="F5"/>
  <move id="139" source="K7" target="K8"/>
  <move id="140" source="A5" target="B5"/>
  <move id="141" source="K8" target="K9"/>
  <move id="142" source="B7" target="A7"/>
  <move id="143" source="K9" target="I9"/>
  <move id="144" source="A7" target="A2"/>
  <move id="145" source="I9" target="I:"/>
  <move id="146" source="E9" target="E8"/>
  <move id="147" source="I:" target="H:"/>
  <move id="148" source="E8" target="D8"/>
  <player id="1">Player 1</player>
  <player id="2">Player 2</player>
  <result type="3" winner="2"/>
 </game>
</stratego>