<?xml version="1.0" encoding="UTF-8"?>
<stratego>
 <game type="classic">
  
  <field content="MBIEDDEFEBHGEBBDIBBFLFJCDDGFHDHGJEHDKGDIAA__AA__AAAA__AA__AAPPURPTQNRSNSPXUPWTPNNPVYTTUOQSRQRNQNQSVP"/>
  <move id="1" source="K4" target="K5"/>
  <move id="2" source="F7" target="F6"/>
  <move id="3" source="F4" target="F6"/>
  <move id="4" source="E7" target="F7"/>
  <move id="5" source="E4" target="E5"/>
  <move id="6" source="F7" target="E7"/>
  <move id="7" source="E5" target="E6"/>
  <move id="8" source="F6" target="F7"/>
  <move id="9" source="G4" target="F4"/>
  <move id="10" source="B7" target="B4"/>
  <move id="11" source="F4" target="F5"/>
  <move id="12" source="C7" target="B7"/>
  <move id="13" source="F5" target="F6"/>
  <move id="14" source="B7" target="B6"/>
  <move id="15" source="I4" target="I7"/>
  <move id="16" source="B6" target="B5"/>
  <move id="17" source="H4" target="I4"/>
  <move id="18" source="C8" target="C7"/>
  <move id="19" source="I4" target="I5"/>
  <move id="20" source="E7" target="E6"/>
  <move id="21" source="F6" target="F5"/>
  <move id="22" source="E8" target="E7"/>
  <move id="23" source="E6" target="F6"/>
  <move id="24" source="F7" target="F6"/>
  <move id="25" source="E3" target="E7"/>
  <move id="26" source="F8" target="F5"/>
  <move id="27" source="I5" target="I6"/>
  <move id="28" source="C7" target="B7"/>
  <move id="29" source="A4" target="A5"/>
  <move id="30" source="B5" target="A5"/>
  <move id="31" source="A3" target="A4"/>
  <move id="32" source="A5" target="B5"/>
  <move id="33" source="A4" target="A5"/>
  <move id="34" source="B5" target="B4"/>
  <move id="35" source="C4" target="B4"/>
  <move id="36" source="A7" target="A5"/>
  <move id="37" source="F5" target="E5"/>
  <move id="38" source="E7" target="E8"/>
  <move id="39" source="F3" target="F7"/>
  <move id="40" source="G7" target="F7"/>
  <move id="41" source="F2" target="F3"/>
  <move id="42" source="G8" target="G7"/>
  <move id="43" source="E5" target="F5"/>
  <move id="44" source="H8" target="G8"/>
  <move id="45" source="F3" target="E3"/>
  <move id="46" source="G8" target="F8"/>
  <move id="47" source="E3" target="E4"/>
  <move id="48" source="I8" target="H8"/>
  <move id="49" source="E4" target="E5"/>
  <move id="50" source="I7" target="I8"/>
  <move id="51" source="I6" target="I5"/>
  <move id="52" source="I8" target="I7"/>
  <move id="53" source="E5" target="E6"/>
  <move id="54" source="B7" target="C7"/>
  <move id="55" source="E6" target="E7"/>
  <move id="56" source="H8" target="I8"/>
  <move id="57" source="E7" target="D7"/>
  <move id="58" source="K7" target="K6"/>
  <move id="59" source="K5" target="K6"/>
  <move id="60" source="I8" target="H8"/>
  <move id="61" source="K6" target="K5"/>
  <move id="62" source="H8" target="G8"/>
  <move id="63" source="K5" target="K4"/>
  <move id="64" source="I7" target="K7"/>
  <move id="65" source="I5" target="K5"/>
  <move id="66" source="I9" target="I8"/>
  <move id="67" source="K4" target="I4"/>
  <move id="68" source="I8" target="H8"/>
  <move id="69" source="B4" target="A4"/>
  <move id="70" source="I:" target="I9"/>
  <move id="71" source="K5" target="K6"/>
  <move id="72" source="I9" target="I8"/>
  <move id="73" source="K6" target="K7"/>
  <move id="74" source="I8" target="I7"/>
  <move id="75" source="K7" target="K6"/>
  <move id="76" source="I7" target="I6"/>
  <move id="77" source="K6" target="K7"/>
  <move id="78" source="H8" target="I8"/>
  <move id="79" source="I4" target="H4"/>
  <move id="80" source="I6" target="I5"/>
  <move id="81" source="H4" target="G4"/>
  <move id="82" source="K9" target="I9"/>
  <move id="83" source="G4" target="F4"/>
  <move id="84" source="I8" target="H8"/>
  <move id="85" source="F4" target="F3"/>
  <move id="86" source="I9" target="I8"/>
  <move id="87" source="F5" target="F4"/>
  <move id="88" source="I5" target="I6"/>
  <move id="89" source="F4" target="G4"/>
  <move id="90" source="I6" target="K6"/>
  <move id="91" source="G4" target="H4"/>
  <move id="92" source="K6" target="K7"/>
  <move id="93" source="H4" target="I4"/>
  <move id="94" source="I8" target="I9"/>
  <move id="95" source="I4" target="I5"/>
  <move id="96" source="I9" target="I:"/>
  <move id="97" source="I5" target="I6"/>
  <move id="98" source="F7" target="F6"/>
  <move id="99" source="I6" target="I7"/>
  <move id="100" source="K7" target="K6"/>
  <move id="101" source="D4" target="E4"/>
  <move id="102" source="F6" target="E6"/>
  <move id="103" source="A5" target="B5"/>
  <move id="104" source="C7" target="C8"/>
  <move id="105" source="I7" target="H7"/>
  <move id="106" source="D7" target="C7"/>
  <move id="107" source="B5" target="B4"/>
  <move id="108" source="D8" target="D7"/>
  <move id="109" source="B4" target="C4"/>
  <move id="110" source="D7" target="E7"/>
  <move id="111" source="E4" target="E5"/>
  <move id="112" source="G7" target="F7"/>
  <move id="113" source="C4" target="D4"/>
  <move id="114" source="F7" target="F6"/>
  <move id="115" source="D4" target="E4"/>
  <move id="116" source="F6" target="F5"/>
  <move id="117" source="E4" target="F4"/>
  <move id="118" source="F5" target="E5"/>
  <move id="119" source="F4" target="G4"/>
  <move id="120" source="E5" target="E4"/>
  <move id="121" source="G4" target="H4"/>
  <move id="122" source="E4" target="F4"/>
  <move id="123" source="H4" target="I4"/>
  <move id="124" source="F4" target="F3"/>
  <move id="125" source="I4" target="I5"/>
  <move id="126" source="F3" target="F4"/>
  <move id="127" source="I5" target="I6"/>
  <move id="128" source="K6" target="K7"/>
  <move id="129" source="I6" target="I7"/>
  <move id="130" source="K7" target="K6"/>
  <move id="131" source="I7" target="I8"/>
  <move id="132" source="G8" target="G7"/>
  <move id="133" source="I8" target="H8"/>
  <player id="1">Player 1</player>
  <player id="2">Player 2</player>
  <result type="3" winner="2"/>
 </game>
</stratego>