<?xml version="1.0" encoding="UTF-8"?>
<stratego>
 <game type="classic">
  
  <field content="MBIEEDFGEBHFEBBDIBBFLDJCDDGFHDHGJEHDKGDIAA__AA__AAAA__AA__AAPRWRPPPPPPSVOVTNSRSTSQNXUTNQPRQNYNUUTNQQ"/>
  <move id="1" source="F4" target="F5"/>
  <move id="2" source="K7" target="K4"/>
  <move id="3" source="K4" target="K5"/>
  <move id="4" source="E7" target="E6"/>
  <move id="5" source="F5" target="E5"/>
  <move id="6" source="E6" target="F6"/>
  <move id="7" source="K5" target="K6"/>
  <move id="8" source="F6" target="F3"/>
  <move id="9" source="K6" target="K7"/>
  <move id="10" source="I7" target="I4"/>
  <move id="11" source="K7" target="K8"/>
  <move id="12" source="I8" target="I7"/>
  <move id="13" source="K8" target="K7"/>
  <move id="14" source="I7" target="I6"/>
  <move id="15" source="K7" target="K6"/>
  <move id="16" source="I6" target="I5"/>
  <move id="17" source="K6" target="K5"/>
  <move id="18" source="I5" target="I4"/>
  <move id="19" source="K5" target="K4"/>
  <move id="20" source="I4" target="H4"/>
  <move id="21" source="H3" target="H4"/>
  <move id="22" source="F7" target="F2"/>
  <move id="23" source="H4" target="I4"/>
  <move id="24" source="G7" target="F7"/>
  <move id="25" source="I4" target="I5"/>
  <move id="26" source="F7" target="F1"/>
  <move id="27" source="I5" target="I6"/>
  <move id="28" source="H7" target="G7"/>
  <move id="29" source="I6" target="I7"/>
  <move id="30" source="G7" target="F7"/>
  <move id="31" source="I7" target="I8"/>
  <move id="32" source="F7" target="F1"/>
  <move id="33" source="G1" target="F1"/>
  <move id="34" source="D7" target="E7"/>
  <move id="35" source="K4" target="I4"/>
  <move id="36" source="E7" target="F7"/>
  <move id="37" source="K3" target="K9"/>
  <move id="38" source="A7" target="A4"/>
  <move id="39" source="I3" target="K3"/>
  <move id="40" source="F7" target="F6"/>
  <move id="41" source="K3" target="K4"/>
  <move id="42" source="F6" target="F5"/>
  <move id="43" source="E5" target="F5"/>
  <move id="44" source="F5" target="E5"/>
  <move id="45" source="E4" target="E5"/>
  <move id="46" source="E8" target="E7"/>
  <move id="47" source="E5" target="E4"/>
  <move id="48" source="E7" target="E6"/>
  <move id="49" source="E4" target="F4"/>
  <move id="50" source="E6" target="E5"/>
  <move id="51" source="F4" target="F3"/>
  <move id="52" source="E5" target="F5"/>
  <move id="53" source="E3" target="E4"/>
  <move id="54" source="F5" target="F4"/>
  <move id="55" source="F3" target="F4"/>
  <move id="56" source="E9" target="E8"/>
  <move id="57" source="K4" target="K5"/>
  <move id="58" source="E8" target="E7"/>
  <move id="59" source="G3" target="F3"/>
  <move id="60" source="E7" target="E6"/>
  <move id="61" source="F3" target="F4"/>
  <move id="62" source="E6" target="E5"/>
  <move id="63" source="E4" target="E3"/>
  <move id="64" source="E5" target="E4"/>
  <move id="65" source="F4" target="E4"/>
  <move id="66" source="E4" target="E5"/>
  <move id="67" source="K5" target="K6"/>
  <move id="68" source="E5" target="E6"/>
  <move id="69" source="K6" target="K7"/>
  <move id="70" source="E6" target="E7"/>
  <move id="71" source="K7" target="K8"/>
  <move id="72" source="E7" target="E8"/>
  <move id="73" source="K8" target="K9"/>
  <move id="74" source="B7" target="B6"/>
  <move id="75" source="K9" target="K8"/>
  <move id="76" source="B6" target="B5"/>
  <move id="77" source="K8" target="K7"/>
  <move id="78" source="B5" target="B4"/>
  <move id="79" source="K7" target="K6"/>
  <move id="80" source="E8" target="E9"/>
  <move id="81" source="D4" target="E4"/>
  <move id="82" source="G8" target="G7"/>
  <move id="83" source="K6" target="K5"/>
  <move id="84" source="G7" target="F7"/>
  <move id="85" source="E4" target="E5"/>
  <move id="86" source="F7" target="F6"/>
  <move id="87" source="E3" target="E4"/>
  <move id="88" source="F6" target="F5"/>
  <move id="89" source="E5" target="E6"/>
  <move id="90" source="F5" target="F4"/>
  <move id="91" source="E6" target="E7"/>
  <move id="92" source="F4" target="G4"/>
  <move id="93" source="E7" target="D7"/>
  <move id="94" source="H8" target="H7"/>
  <move id="95" source="D7" target="D8"/>
  <move id="96" source="H7" target="G7"/>
  <move id="97" source="I8" target="H8"/>
  <move id="98" source="G7" target="F7"/>
  <move id="99" source="E4" target="E5"/>
  <move id="100" source="F7" target="F6"/>
  <move id="101" source="H8" target="H9"/>
  <move id="102" source="F6" target="F5"/>
  <move id="103" source="E5" target="F5"/>
  <move id="104" source="F5" target="F6"/>
  <move id="105" source="H9" target="H:"/>
  <move id="106" source="F6" target="F7"/>
  <move id="107" source="C4" target="D4"/>
  <move id="108" source="F7" target="E7"/>
  <move id="109" source="D4" target="E4"/>
  <move id="110" source="E7" target="E6"/>
  <move id="111" source="E4" target="E5"/>
  <move id="112" source="E6" target="E5"/>
  <move id="113" source="E5" target="E6"/>
  <move id="114" source="C7" target="D7"/>
  <move id="115" source="E6" target="E5"/>
  <move id="116" source="D7" target="E7"/>
  <move id="117" source="E5" target="E4"/>
  <move id="118" source="E7" target="E6"/>
  <move id="119" source="G4" target="G3"/>
  <move id="120" source="E6" target="E5"/>
  <move id="121" source="E4" target="E5"/>
  <move id="122" source="E5" target="E6"/>
  <move id="123" source="D3" target="E3"/>
  <move id="124" source="E6" target="E7"/>
  <move id="125" source="E3" target="E4"/>
  <move id="126" source="E7" target="D7"/>
  <move id="127" source="E4" target="E5"/>
  <move id="128" source="D7" target="C7"/>
  <move id="129" source="E5" target="E6"/>
  <move id="130" source="A8" target="A7"/>
  <move id="131" source="E6" target="E7"/>
  <move id="132" source="A7" target="B7"/>
  <move id="133" source="B4" target="C4"/>
  <move id="134" source="B7" target="B6"/>
  <move id="135" source="C4" target="D4"/>
  <move id="136" source="B6" target="B5"/>
  <move id="137" source="D4" target="D3"/>
  <move id="138" source="B5" target="B4"/>
  <move id="139" source="A4" target="B4"/>
  <move id="140" source="I9" target="I8"/>
  <move id="141" source="I4" target="I5"/>
  <move id="142" source="I8" target="I7"/>
  <move id="143" source="E7" target="E6"/>
  <move id="144" source="I7" target="H7"/>
  <move id="145" source="E6" target="E5"/>
  <move id="146" source="H7" target="G7"/>
  <move id="147" source="E5" target="E4"/>
  <move id="148" source="G7" target="F7"/>
  <move id="149" source="E4" target="D4"/>
  <move id="150" source="F7" target="F4"/>
  <move id="151" source="G3" target="F3"/>
  <move id="152" source="F4" target="D4"/>
  <move id="153" source="F3" target="F4"/>
  <move id="154" source="D4" target="D3"/>
  <move id="155" source="F4" target="F5"/>
  <move id="156" source="D8" target="D7"/>
  <move id="157" source="F5" target="F6"/>
  <move id="158" source="D9" target="D8"/>
  <move id="159" source="F6" target="F7"/>
  <move id="160" source="D8" target="E8"/>
  <move id="161" source="F7" target="G7"/>
  <move id="162" source="E8" target="E7"/>
  <move id="163" source="B4" target="A4"/>
  <move id="164" source="E7" target="F7"/>
  <move id="165" source="G7" target="H7"/>
  <move id="166" source="F7" target="G7"/>
  <move id="167" source="H7" target="H8"/>
  <move id="168" source="G7" target="G8"/>
  <move id="169" source="H8" target="I8"/>
  <move id="170" source="G8" target="H8"/>
  <move id="171" source="I8" target="I9"/>
  <move id="172" source="H8" target="H9"/>
  <move id="173" source="I9" target="I8"/>
  <move id="174" source="H9" target="H8"/>
  <move id="175" source="I8" target="I7"/>
  <move id="176" source="H8" target="H7"/>
  <move id="177" source="I7" target="I8"/>
  <move id="178" source="H7" target="I7"/>
  <move id="179" source="I8" target="H8"/>
  <move id="180" source="I7" target="I6"/>
  <move id="181" source="I5" target="I4"/>
  <move id="182" source="I6" target="I5"/>
  <move id="183" source="I4" target="I3"/>
  <move id="184" source="I5" target="K5"/>
  <move id="185" source="H8" target="G8"/>
  <move id="186" source="D7" target="D8"/>
  <move id="187" source="G8" target="G9"/>
  <move id="188" source="K5" target="K4"/>
  <player id="1">Player 1</player>
  <player id="2">Player 2</player>
  <result type="3" winner="2"/>
 </game>
</stratego>