<?xml version="1.0" encoding="UTF-8"?>
<stratego>
 <game type="classic">
  
  <field content="DHEDHBIMCHFIGGGEHIDBBDBEBDDEEFJFLGDFJDKBAA__AA__AAAA__AA__AAVUQWNRRQPTSTPNXUYPPNRPNQPTRQPVNNQTSPOUSS"/>
  <move id="1" source="I4" target="I5"/>
  <move id="2" source="F7" target="F6"/>
  <move id="3" source="I5" target="I6"/>
  <move id="4" source="F6" target="F5"/>
  <move id="5" source="I6" target="I7"/>
  <move id="6" source="K7" target="K6"/>
  <move id="7" source="I7" target="I6"/>
  <move id="8" source="K6" target="K5"/>
  <move id="9" source="I6" target="I5"/>
  <move id="10" source="F5" target="F4"/>
  <move id="11" source="I5" target="K5"/>
  <move id="12" source="I8" target="I3"/>
  <move id="13" source="H4" target="I4"/>
  <move id="14" source="F8" target="F7"/>
  <move id="15" source="I4" target="I9"/>
  <move id="16" source="F7" target="F6"/>
  <move id="17" source="F3" target="F6"/>
  <move id="18" source="E8" target="F8"/>
  <move id="19" source="E4" target="E7"/>
  <move id="20" source="B7" target="B6"/>
  <move id="21" source="A4" target="A5"/>
  <move id="22" source="B6" target="B5"/>
  <move id="23" source="A5" target="B5"/>
  <move id="24" source="B8" target="B7"/>
  <move id="25" source="B5" target="A5"/>
  <move id="26" source="B7" target="B6"/>
  <move id="27" source="B4" target="B5"/>
  <move id="28" source="B6" target="B5"/>
  <move id="29" source="A5" target="B5"/>
  <move id="30" source="F6" target="F5"/>
  <move id="31" source="B5" target="A5"/>
  <move id="32" source="C7" target="B7"/>
  <move id="33" source="B3" target="B7"/>
  <move id="34" source="B7" target="B6"/>
  <move id="35" source="G3" target="F3"/>
  <move id="36" source="D7" target="C7"/>
  <move id="37" source="F3" target="F4"/>
  <move id="38" source="F5" target="E5"/>
  <move id="39" source="F4" target="E4"/>
  <move id="40" source="E5" target="E6"/>
  <move id="41" source="E4" target="E5"/>
  <move id="42" source="E6" target="F6"/>
  <move id="43" source="E5" target="E6"/>
  <move id="44" source="F6" target="F7"/>
  <move id="45" source="E6" target="F6"/>
  <move id="46" source="H7" target="I7"/>
  <move id="47" source="I3" target="I4"/>
  <move id="48" source="F7" target="F6"/>
  <move id="49" source="I4" target="H4"/>
  <move id="50" source="I7" target="I6"/>
  <move id="51" source="I2" target="I6"/>
  <move id="52" source="F6" target="F5"/>
  <move id="53" source="D4" target="E4"/>
  <move id="54" source="C7" target="B7"/>
  <move id="55" source="E4" target="E5"/>
  <move id="56" source="F5" target="F4"/>
  <move id="57" source="G4" target="F4"/>
  <move id="58" source="B6" target="B5"/>
  <move id="59" source="A5" target="B5"/>
  <move id="60" source="B7" target="C7"/>
  <move id="61" source="B5" target="B4"/>
  <move id="62" source="B9" target="B6"/>
  <move id="63" source="B4" target="B5"/>
  <move id="64" source="C7" target="B7"/>
  <move id="65" source="E5" target="F5"/>
  <move id="66" source="A7" target="A6"/>
  <move id="67" source="B5" target="B4"/>
  <move id="68" source="A6" target="A5"/>
  <move id="69" source="B4" target="B3"/>
  <move id="70" source="B6" target="B5"/>
  <move id="71" source="D3" target="D4"/>
  <move id="72" source="A5" target="A4"/>
  <move id="73" source="D4" target="E4"/>
  <move id="74" source="B5" target="B4"/>
  <move id="75" source="C4" target="B4"/>
  <move id="76" source="A4" target="A3"/>
  <move id="77" source="B4" target="C4"/>
  <move id="78" source="F8" target="F7"/>
  <move id="79" source="E4" target="E5"/>
  <move id="80" source="F7" target="F6"/>
  <move id="81" source="C4" target="D4"/>
  <move id="82" source="F6" target="F5"/>
  <move id="83" source="F4" target="E4"/>
  <move id="84" source="F5" target="E5"/>
  <move id="85" source="E4" target="F4"/>
  <move id="86" source="I6" target="I5"/>
  <move id="87" source="K5" target="I5"/>
  <move id="88" source="F9" target="F8"/>
  <move id="89" source="D4" target="E4"/>
  <move id="90" source="E5" target="F5"/>
  <move id="91" source="F4" target="F3"/>
  <move id="92" source="B7" target="B6"/>
  <move id="93" source="B3" target="B4"/>
  <move id="94" source="B6" target="B5"/>
  <move id="95" source="B4" target="C4"/>
  <move id="96" source="B5" target="B4"/>
  <move id="97" source="C4" target="D4"/>
  <move id="98" source="B4" target="C4"/>
  <move id="99" source="D4" target="D3"/>
  <move id="100" source="F8" target="F7"/>
  <move id="101" source="F3" target="G3"/>
  <move id="102" source="C4" target="C3"/>
  <move id="103" source="D3" target="D4"/>
  <move id="104" source="K9" target="I9"/>
  <move id="105" source="I5" target="I6"/>
  <move id="106" source="I9" target="I8"/>
  <move id="107" source="I6" target="I7"/>
  <move id="108" source="I8" target="I7"/>
  <move id="109" source="I1" target="I2"/>
  <move id="110" source="C8" target="B8"/>
  <move id="111" source="D4" target="C4"/>
  <move id="112" source="B8" target="B2"/>
  <move id="113" source="C4" target="B4"/>
  <move id="114" source="H8" target="I8"/>
  <move id="115" source="I7" target="I8"/>
  <move id="116" source="G7" target="H7"/>
  <move id="117" source="I8" target="I7"/>
  <move id="118" source="H7" target="H8"/>
  <move id="119" source="I2" target="I3"/>
  <move id="120" source="H8" target="H7"/>
  <move id="121" source="I7" target="H7"/>
  <move id="122" source="F7" target="F6"/>
  <move id="123" source="H7" target="I7"/>
  <move id="124" source="E9" target="F9"/>
  <move id="125" source="I7" target="H7"/>
  <move id="126" source="F9" target="E9"/>
  <move id="127" source="H7" target="G7"/>
  <move id="128" source="E9" target="E8"/>
  <move id="129" source="G7" target="F7"/>
  <move id="130" source="E8" target="E9"/>
  <move id="131" source="H4" target="I4"/>
  <move id="132" source="A8" target="A7"/>
  <move id="133" source="I4" target="I5"/>
  <move id="134" source="A7" target="A6"/>
  <move id="135" source="I5" target="I6"/>
  <move id="136" source="A6" target="A5"/>
  <move id="137" source="I6" target="I7"/>
  <move id="138" source="F5" target="F4"/>
  <move id="139" source="E4" target="F4"/>
  <move id="140" source="A5" target="A4"/>
  <move id="141" source="B4" target="A4"/>
  <move id="142" source="A9" target="A8"/>
  <move id="143" source="A4" target="A5"/>
  <move id="144" source="F:" target="F8"/>
  <move id="145" source="F7" target="F6"/>
  <move id="146" source="F8" target="F6"/>
  <move id="147" source="G3" target="G4"/>
  <move id="148" source="E9" target="F9"/>
  <move id="149" source="F6" target="F7"/>
  <move id="150" source="F9" target="F7"/>
  <move id="151" source="I7" target="I8"/>
  <move id="152" source="G:" target="F:"/>
  <move id="153" source="I8" target="K8"/>
  <move id="154" source="H9" target="H8"/>
  <move id="155" source="K8" target="K7"/>
  <move id="156" source="K:" target="K9"/>
  <move id="157" source="I3" target="I2"/>
  <move id="158" source="F:" target="F9"/>
  <move id="159" source="G4" target="H4"/>
  <move id="160" source="A8" target="B8"/>
  <move id="161" source="F2" target="F3"/>
  <move id="162" source="B8" target="B7"/>
  <move id="163" source="F3" target="F4"/>
  <move id="164" source="B7" target="B6"/>
  <move id="165" source="F4" target="F5"/>
  <move id="166" source="B6" target="B5"/>
  <move id="167" source="A5" target="B5"/>
  <move id="168" source="H:" target="H9"/>
  <move id="169" source="H4" target="I4"/>
  <move id="170" source="H9" target="I9"/>
  <move id="171" source="I4" target="I5"/>
  <move id="172" source="I9" target="I8"/>
  <move id="173" source="I5" target="I6"/>
  <move id="174" source="I8" target="I7"/>
  <move id="175" source="I6" target="I7"/>
  <move id="176" source="K9" target="K8"/>
  <move id="177" source="K7" target="K6"/>
  <move id="178" source="I:" target="I9"/>
  <move id="179" source="F5" target="E5"/>
  <move id="180" source="I9" target="I8"/>
  <move id="181" source="E5" target="E6"/>
  <move id="182" source="K8" target="K7"/>
  <move id="183" source="I7" target="K7"/>
  <move id="184" source="H8" target="H7"/>
  <move id="185" source="E6" target="E7"/>
  <move id="186" source="E:" target="F:"/>
  <move id="187" source="E7" target="E8"/>
  <move id="188" source="F:" target="G:"/>
  <move id="189" source="E8" target="D8"/>
  <move id="190" source="D9" target="E9"/>
  <move id="191" source="D8" target="C8"/>
  <move id="192" source="D:" target="E:"/>
  <move id="193" source="C8" target="C9"/>
  <move id="194" source="C:" target="D:"/>
  <move id="195" source="B5" target="B6"/>
  <move id="196" source="F9" target="F8"/>
  <move id="197" source="F7" target="F8"/>
  <move id="198" source="I8" target="I7"/>
  <move id="199" source="K7" target="I7"/>
  <move id="200" source="H7" target="I7"/>
  <move id="201" source="B6" target="B7"/>
  <move id="202" source="D:" target="D9"/>
  <move id="203" source="C9" target="C8"/>
  <move id="204" source="D9" target="D8"/>
  <move id="205" source="C8" target="B8"/>
  <move id="206" source="E9" target="D9"/>
  <move id="207" source="B8" target="A8"/>
  <move id="208" source="D8" target="C8"/>
  <move id="209" source="A8" target="A9"/>
  <move id="210" source="D9" target="C9"/>
  <move id="211" source="A9" target="A:"/>
  <move id="212" source="C9" target="B9"/>
  <move id="213" source="A:" target="B:"/>
  <move id="214" source="B9" target="B:"/>
  <move id="215" source="F8" target="F9"/>
  <move id="216" source="E:" target="E9"/>
  <move id="217" source="F9" target="F:"/>
  <move id="218" source="E9" target="E8"/>
  <move id="219" source="F:" target="G:"/>
  <move id="220" source="E8" target="F8"/>
  <move id="221" source="G:" target="G9"/>
  <move id="222" source="F8" target="F9"/>
  <move id="223" source="G9" target="G8"/>
  <player id="1">Player 1</player>
  <player id="2">Player 2</player>
  <result type="1" winner="1"/>
 </game>
</stratego>