<?xml version="1.0" encoding="UTF-8"?>
<stratego>
 <game type="classic">
  
  <field content="BMEEDDBFEIFBJHIDEJDGFDELGIBDHGBHGKHDCBFDAA__AA__AAAA__AA__AAURPSWPNNQSRSQTSRVOTPTPPNYUNQXVNPNPPTRQUQ"/>
  <move id="1" source="B4" target="B5"/>
  <move id="2" source="F7" target="F6"/>
  <move id="3" source="B5" target="A5"/>
  <move id="4" source="E7" target="F7"/>
  <move id="5" source="C4" target="B4"/>
  <move id="6" source="D7" target="E7"/>
  <move id="7" source="B4" target="B5"/>
  <move id="8" source="E7" target="E6"/>
  <move id="9" source="B5" target="B6"/>
  <move id="10" source="D8" target="D7"/>
  <move id="11" source="F4" target="F5"/>
  <move id="12" source="D7" target="E7"/>
  <move id="13" source="F3" target="F4"/>
  <move id="14" source="E6" target="E5"/>
  <move id="15" source="E3" target="F3"/>
  <move id="16" source="E7" target="E6"/>
  <move id="17" source="D3" target="E3"/>
  <move id="18" source="E5" target="E4"/>
  <move id="19" source="A5" target="A6"/>
  <player id="1">Player 1</player>
  <player id="2">Player 2</player>
  <result type="3" winner="1"/>
 </game>
</stratego>