<?xml version="1.0" encoding="UTF-8"?>
<stratego>
 <game type="classic">
  
  <field content="DEBEDDEEIMGDBFJHICJBBFLFGEHKGHDDGIDBHFDBAA__AA__AAAA__AA__AAPTTPUSTRNSWPVQSXVNNUQPOUNQTPRPPPQYRNRNSQ"/>
  <move id="1" source="B4" target="B5"/>
  <move id="2" source="B7" target="B6"/>
  <move id="3" source="C4" target="B4"/>
  <move id="4" source="B6" target="B5"/>
  <move id="5" source="D4" target="C4"/>
  <move id="6" source="A7" target="A4"/>
  <move id="7" source="B4" target="A4"/>
  <move id="8" source="B5" target="A5"/>
  <move id="9" source="C4" target="B4"/>
  <move id="10" source="B8" target="B4"/>
  <move id="11" source="B4" target="B5"/>
  <move id="12" source="A5" target="A4"/>
  <move id="13" source="C3" target="C4"/>
  <move id="14" source="A4" target="A3"/>
  <move id="15" source="C4" target="C3"/>
  <move id="16" source="C7" target="B7"/>
  <move id="17" source="B5" target="B4"/>
  <move id="18" source="B7" target="B6"/>
  <move id="19" source="B4" target="C4"/>
  <move id="20" source="B6" target="B5"/>
  <move id="21" source="C4" target="D4"/>
  <move id="22" source="B5" target="B4"/>
  <move id="23" source="B3" target="B4"/>
  <move id="24" source="B4" target="B5"/>
  <move id="25" source="C3" target="C4"/>
  <move id="26" source="B5" target="B6"/>
  <move id="27" source="C4" target="B4"/>
  <move id="28" source="B6" target="B7"/>
  <move id="29" source="B4" target="B5"/>
  <move id="30" source="B7" target="C7"/>
  <move id="31" source="B5" target="B6"/>
  <move id="32" source="E7" target="E6"/>
  <move id="33" source="B6" target="B5"/>
  <move id="34" source="E6" target="E5"/>
  <move id="35" source="B5" target="B4"/>
  <move id="36" source="B9" target="B4"/>
  <move id="37" source="B4" target="C4"/>
  <move id="38" source="B:" target="B2"/>
  <move id="39" source="D3" target="C3"/>
  <move id="40" source="D7" target="E7"/>
  <move id="41" source="C3" target="B3"/>
  <move id="42" source="E5" target="F5"/>
  <move id="43" source="D4" target="D3"/>
  <move id="44" source="E7" target="E4"/>
  <move id="45" source="E3" target="E4"/>
  <move id="46" source="F7" target="E7"/>
  <move id="47" source="C4" target="D4"/>
  <move id="48" source="E7" target="E6"/>
  <move id="49" source="D3" target="C3"/>
  <move id="50" source="F5" target="F6"/>
  <move id="51" source="E2" target="E3"/>
  <move id="52" source="F6" target="F7"/>
  <move id="53" source="E3" target="D3"/>
  <move id="54" source="E6" target="E5"/>
  <move id="55" source="F2" target="E2"/>
  <move id="56" source="D8" target="D7"/>
  <move id="57" source="F3" target="F2"/>
  <move id="58" source="D7" target="E7"/>
  <move id="59" source="G3" target="F3"/>
  <move id="60" source="E7" target="E6"/>
  <move id="61" source="H3" target="G3"/>
  <move id="62" source="E6" target="F6"/>
  <move id="63" source="H2" target="H3"/>
  <move id="64" source="F6" target="F5"/>
  <move id="65" source="F3" target="E3"/>
  <move id="66" source="F5" target="F4"/>
  <move id="67" source="E4" target="F4"/>
  <move id="68" source="F7" target="F6"/>
  <move id="69" source="G3" target="F3"/>
  <move id="70" source="F6" target="F5"/>
  <move id="71" source="H3" target="G3"/>
  <move id="72" source="A8" target="A7"/>
  <move id="73" source="B3" target="B4"/>
  <move id="74" source="A7" target="A6"/>
  <move id="75" source="D4" target="E4"/>
  <move id="76" source="E5" target="E6"/>
  <move id="77" source="E4" target="E5"/>
  <move id="78" source="F5" target="F6"/>
  <move id="79" source="E5" target="E6"/>
  <move id="80" source="F6" target="F7"/>
  <move id="81" source="E6" target="E5"/>
  <move id="82" source="A6" target="A5"/>
  <move id="83" source="E5" target="E4"/>
  <move id="84" source="A5" target="A4"/>
  <move id="85" source="E4" target="D4"/>
  <move id="86" source="A4" target="B4"/>
  <move id="87" source="D4" target="C4"/>
  <move id="88" source="B4" target="B3"/>
  <move id="89" source="D3" target="D4"/>
  <move id="90" source="B3" target="B2"/>
  <move id="91" source="C4" target="B4"/>
  <move id="92" source="B2" target="C2"/>
  <move id="93" source="B4" target="C4"/>
  <move id="94" source="A9" target="A8"/>
  <move id="95" source="C3" target="D3"/>
  <move id="96" source="A8" target="A7"/>
  <move id="97" source="A2" target="B2"/>
  <move id="98" source="A7" target="A6"/>
  <move id="99" source="B2" target="B3"/>
  <move id="100" source="A6" target="A5"/>
  <move id="101" source="B3" target="B4"/>
  <move id="102" source="C8" target="B8"/>
  <move id="103" source="E3" target="E4"/>
  <move id="104" source="B8" target="B7"/>
  <move id="105" source="I4" target="I5"/>
  <move id="106" source="B7" target="B6"/>
  <move id="107" source="I3" target="I4"/>
  <move id="108" source="A5" target="A6"/>
  <move id="109" source="I2" target="I3"/>
  <move id="110" source="A6" target="A7"/>
  <move id="111" source="G2" target="H2"/>
  <move id="112" source="B6" target="B5"/>
  <move id="113" source="F2" target="G2"/>
  <move id="114" source="B5" target="A5"/>
  <move id="115" source="D3" target="E3"/>
  <move id="116" source="A5" target="A4"/>
  <move id="117" source="B4" target="A4"/>
  <move id="118" source="A4" target="A5"/>
  <move id="119" source="C4" target="B4"/>
  <move id="120" source="A5" target="A6"/>
  <move id="121" source="B4" target="B5"/>
  <move id="122" source="A7" target="A8"/>
  <move id="123" source="B5" target="B4"/>
  <move id="124" source="A6" target="A7"/>
  <move id="125" source="E2" target="F2"/>
  <move id="126" source="A7" target="B7"/>
  <move id="127" source="E3" target="E2"/>
  <move id="128" source="A8" target="A7"/>
  <move id="129" source="A1" target="A2"/>
  <move id="130" source="A7" target="A6"/>
  <move id="131" source="A2" target="B2"/>
  <move id="132" source="F7" target="F6"/>
  <move id="133" source="F3" target="E3"/>
  <move id="134" source="F8" target="F7"/>
  <move id="135" source="G3" target="F3"/>
  <move id="136" source="F7" target="E7"/>
  <move id="137" source="E4" target="E5"/>
  <move id="138" source="E7" target="E6"/>
  <move id="139" source="E3" target="E4"/>
  <move id="140" source="F6" target="F5"/>
  <move id="141" source="D4" target="D3"/>
  <move id="142" source="F5" target="E5"/>
  <move id="143" source="E4" target="E3"/>
  <move id="144" source="E5" target="F5"/>
  <move id="145" source="E3" target="E4"/>
  <move id="146" source="E6" target="E5"/>
  <move id="147" source="F3" target="E3"/>
  <move id="148" source="F5" target="F4"/>
  <move id="149" source="E4" target="F4"/>
  <move id="150" source="E5" target="E4"/>
  <move id="151" source="E3" target="F3"/>
  <move id="152" source="E4" target="E3"/>
  <move id="153" source="D3" target="E3"/>
  <move id="154" source="E3" target="F3"/>
  <move id="155" source="F4" target="F5"/>
  <move id="156" source="F3" target="F2"/>
  <move id="157" source="B4" target="C4"/>
  <move id="158" source="F2" target="F1"/>
  <move id="159" source="I5" target="I7"/>
  <move id="160" source="F1" target="F2"/>
  <move id="161" source="I4" target="I5"/>
  <move id="162" source="F2" target="F3"/>
  <move id="163" source="I5" target="K5"/>
  <move id="164" source="F3" target="G3"/>
  <move id="165" source="I3" target="I4"/>
  <move id="166" source="G3" target="H3"/>
  <move id="167" source="I4" target="I5"/>
  <move id="168" source="H3" target="I3"/>
  <move id="169" source="I5" target="I6"/>
  <move id="170" source="I3" target="I4"/>
  <move id="171" source="C4" target="D4"/>
  <move id="172" source="I4" target="I5"/>
  <move id="173" source="I6" target="K6"/>
  <move id="174" source="I5" target="K5"/>
  <move id="175" source="K6" target="I6"/>
  <move id="176" source="K5" target="I5"/>
  <move id="177" source="I6" target="K6"/>
  <move id="178" source="I5" target="K5"/>
  <move id="179" source="K6" target="K7"/>
  <move id="180" source="K5" target="K6"/>
  <move id="181" source="K7" target="K8"/>
  <move id="182" source="K6" target="K7"/>
  <move id="183" source="K8" target="K9"/>
  <move id="184" source="K7" target="K8"/>
  <move id="185" source="K9" target="K:"/>
  <move id="186" source="K8" target="K9"/>
  <move id="187" source="K:" target="I:"/>
  <move id="188" source="K9" target="K:"/>
  <move id="189" source="I:" target="H:"/>
  <move id="190" source="K:" target="K9"/>
  <move id="191" source="D4" target="E4"/>
  <move id="192" source="K9" target="K8"/>
  <move id="193" source="E4" target="F4"/>
  <move id="194" source="K8" target="K7"/>
  <move id="195" source="F4" target="F3"/>
  <move id="196" source="K7" target="K6"/>
  <move id="197" source="F3" target="G3"/>
  <move id="198" source="K6" target="K5"/>
  <move id="199" source="G3" target="H3"/>
  <move id="200" source="K5" target="I5"/>
  <move id="201" source="H3" target="I3"/>
  <move id="202" source="B7" target="B6"/>
  <move id="203" source="F5" target="F4"/>
  <move id="204" source="B6" target="B5"/>
  <move id="205" source="F4" target="F3"/>
  <move id="206" source="B5" target="B4"/>
  <move id="207" source="F3" target="E3"/>
  <move id="208" source="B4" target="C4"/>
  <move id="209" source="G2" target="G3"/>
  <move id="210" source="C4" target="C3"/>
  <move id="211" source="G3" target="F3"/>
  <move id="212" source="I5" target="I4"/>
  <move id="213" source="I3" target="I4"/>
  <move id="214" source="G8" target="F8"/>
  <move id="215" source="F3" target="F4"/>
  <move id="216" source="F8" target="F7"/>
  <move id="217" source="F4" target="F5"/>
  <move id="218" source="F7" target="F6"/>
  <move id="219" source="B2" target="B3"/>
  <move id="220" source="C3" target="B3"/>
  <move id="221" source="F5" target="F6"/>
  <move id="222" source="B3" target="B4"/>
  <move id="223" source="H4" target="H3"/>
  <move id="224" source="F6" target="F5"/>
  <move id="225" source="E3" target="F3"/>
  <move id="226" source="F5" target="E5"/>
  <move id="227" source="E2" target="F2"/>
  <move id="228" source="E5" target="E4"/>
  <move id="229" source="H3" target="G3"/>
  <move id="230" source="A6" target="A5"/>
  <move id="231" source="G4" target="H4"/>
  <move id="232" source="A5" target="A4"/>
  <move id="233" source="G3" target="G4"/>
  <move id="234" source="A4" target="A3"/>
  <move id="235" source="G4" target="F4"/>
  <move id="236" source="E4" target="E5"/>
  <move id="237" source="F4" target="F5"/>
  <move id="238" source="E5" target="F5"/>
  <move id="239" source="H2" target="I2"/>
  <move id="240" source="F5" target="E5"/>
  <move id="241" source="F2" target="G2"/>
  <move id="242" source="A3" target="A2"/>
  <move id="243" source="E1" target="F1"/>
  <move id="244" source="A2" target="A1"/>
  <move id="245" source="F1" target="F2"/>
  <move id="246" source="A1" target="B1"/>
  <move id="247" source="I2" target="I3"/>
  <move id="248" source="E5" target="E4"/>
  <move id="249" source="I3" target="I4"/>
  <move id="250" source="B4" target="B3"/>
  <move id="251" source="I4" target="I5"/>
  <move id="252" source="B3" target="B2"/>
  <move id="253" source="I5" target="I6"/>
  <move id="254" source="A:" target="A1"/>
  <move id="255" source="G2" target="H2"/>
  <move id="256" source="A1" target="C1"/>
  <move id="257" source="G1" target="G2"/>
  <move id="258" source="C:" target="B:"/>
  <move id="259" source="G2" target="G3"/>
  <move id="260" source="B:" target="A:"/>
  <move id="261" source="G3" target="G4"/>
  <move id="262" source="A:" target="A9"/>
  <move id="263" source="G4" target="F4"/>
  <move id="264" source="E4" target="E5"/>
  <move id="265" source="F4" target="G4"/>
  <move id="266" source="A9" target="A8"/>
  <move id="267" source="G4" target="G3"/>
  <move id="268" source="A8" target="A7"/>
  <move id="269" source="G3" target="H3"/>
  <move id="270" source="A7" target="A6"/>
  <move id="271" source="H3" target="I3"/>
  <move id="272" source="A6" target="A5"/>
  <move id="273" source="I3" target="I4"/>
  <move id="274" source="A5" target="A4"/>
  <move id="275" source="I4" target="I5"/>
  <move id="276" source="A4" target="A3"/>
  <move id="277" source="I5" target="K5"/>
  <move id="278" source="A3" target="A2"/>
  <move id="279" source="K5" target="K6"/>
  <move id="280" source="A2" target="A1"/>
  <move id="281" source="K6" target="K7"/>
  <move id="282" source="A1" target="B1"/>
  <move id="283" source="K7" target="I7"/>
  <move id="284" source="H7" target="I7"/>
  <move id="285" source="I6" target="I7"/>
  <move id="286" source="E5" target="E6"/>
  <move id="287" source="I7" target="H7"/>
  <move id="288" source="E6" target="E7"/>
  <move id="289" source="H7" target="H8"/>
  <player id="1">Player 1</player>
  <player id="2">Player 2</player>
  <result type="3" winner="2"/>
 </game>
</stratego>