<?xml version="1.0" encoding="UTF-8"?>
<stratego>
 <game type="classic">
  
  <field content="DDBGEBMJEIFDGIEFBGCDBHFDBHJLIKFDBDGDEHEHAA__AA__AAAA__AA__AARSUWPTXVTNTNNSUVPONRPQNYPPQPQNQSRSUPPTQR"/>
  <move id="1" source="K4" target="K5"/>
  <move id="2" source="F7" target="F6"/>
  <move id="3" source="K5" target="K6"/>
  <move id="4" source="F6" target="F5"/>
  <move id="5" source="K3" target="K4"/>
  <move id="6" source="G7" target="F7"/>
  <move id="7" source="K4" target="K5"/>
  <move id="8" source="F7" target="F6"/>
  <move id="9" source="K2" target="K3"/>
  <move id="10" source="F5" target="F4"/>
  <move id="11" source="F3" target="F4"/>
  <move id="12" source="F6" target="F5"/>
  <move id="13" source="K3" target="K4"/>
  <move id="14" source="F5" target="F4"/>
  <move id="15" source="K6" target="K7"/>
  <move id="16" source="F4" target="F3"/>
  <move id="17" source="K5" target="K6"/>
  <move id="18" source="F3" target="E3"/>
  <move id="19" source="K4" target="K5"/>
  <move id="20" source="E7" target="F7"/>
  <move id="21" source="K5" target="I5"/>
  <move id="22" source="F7" target="F2"/>
  <move id="23" source="I5" target="I7"/>
  <move id="24" source="D7" target="E7"/>
  <move id="25" source="K6" target="I6"/>
  <move id="26" source="E7" target="E6"/>
  <move id="27" source="I6" target="K6"/>
  <move id="28" source="E6" target="E5"/>
  <move id="29" source="I4" target="K4"/>
  <move id="30" source="E5" target="E4"/>
  <move id="31" source="I3" target="I4"/>
  <move id="32" source="E4" target="D4"/>
  <move id="33" source="I4" target="I5"/>
  <move id="34" source="D4" target="C4"/>
  <move id="35" source="I5" target="I6"/>
  <player id="1">Player 1</player>
  <player id="2">Player 2</player>
  <result type="3" winner="1"/>
 </game>
</stratego>