<?xml version="1.0" encoding="UTF-8"?>
<stratego>
 <game type="classic">
  
  <field content="EHJBMBFBEFGDEIKHBJGBEIDDGHHCBEDDGDDDLIFFAA__AA__AAAA__AA__AAPPSVSRUNTSVXWONRNTNRQPPPQNTUSNUPYPTQPQQR"/>
  <move id="1" source="I4" target="I5"/>
  <move id="2" source="A7" target="A4"/>
  <move id="3" source="H4" target="I4"/>
  <move id="4" source="B7" target="B4"/>
  <move id="5" source="C4" target="B4"/>
  <move id="6" source="C7" target="B7"/>
  <move id="7" source="C3" target="C4"/>
  <move id="8" source="B7" target="B6"/>
  <move id="9" source="E4" target="E5"/>
  <move id="10" source="B8" target="B7"/>
  <move id="11" source="F4" target="F5"/>
  <move id="12" source="C8" target="C7"/>
  <move id="13" source="D4" target="E4"/>
  <move id="14" source="A8" target="B8"/>
  <move id="15" source="D3" target="D4"/>
  <move id="16" source="B8" target="C8"/>
  <move id="17" source="F3" target="F4"/>
  <move id="18" source="B9" target="B8"/>
  <move id="19" source="F5" target="F6"/>
  <move id="20" source="B8" target="A8"/>
  <move id="21" source="F4" target="F5"/>
  <move id="22" source="A8" target="A3"/>
  <move id="23" source="E5" target="E6"/>
  <move id="24" source="B6" target="A6"/>
  <move id="25" source="E4" target="E5"/>
  <move id="26" source="B7" target="B6"/>
  <move id="27" source="E3" target="E4"/>
  <move id="28" source="B6" target="B5"/>
  <move id="29" source="B4" target="B5"/>
  <move id="30" source="B5" target="B4"/>
  <move id="31" source="G3" target="F3"/>
  <move id="32" source="B4" target="C4"/>
  <move id="33" source="D4" target="D3"/>
  <move id="34" source="C4" target="B4"/>
  <move id="35" source="H3" target="G3"/>
  <move id="36" source="B4" target="A4"/>
  <move id="37" source="F3" target="F4"/>
  <move id="38" source="B:" target="B3"/>
  <move id="39" source="B3" target="C3"/>
  <move id="40" source="A4" target="A3"/>
  <move id="41" source="C3" target="C4"/>
  <move id="42" source="C9" target="B9"/>
  <move id="43" source="G3" target="F3"/>
  <move id="44" source="B9" target="B2"/>
  <move id="45" source="D3" target="C3"/>
  <move id="46" source="D9" target="B9"/>
  <move id="47" source="C4" target="B4"/>
  <move id="48" source="C7" target="B7"/>
  <move id="49" source="E2" target="E3"/>
  <move id="50" source="B7" target="B6"/>
  <move id="51" source="E3" target="D3"/>
  <move id="52" source="B6" target="B5"/>
  <move id="53" source="B4" target="C4"/>
  <move id="54" source="B5" target="B4"/>
  <move id="55" source="D3" target="D4"/>
  <move id="56" source="B4" target="A4"/>
  <move id="57" source="D4" target="D3"/>
  <move id="58" source="B9" target="B3"/>
  <move id="59" source="F3" target="E3"/>
  <move id="60" source="B3" target="C3"/>
  <move id="61" source="C4" target="B4"/>
  <move id="62" source="A4" target="B4"/>
  <move id="63" source="E4" target="D4"/>
  <move id="64" source="B4" target="B5"/>
  <move id="65" source="E6" target="E7"/>
  <move id="66" source="B5" target="B6"/>
  <move id="67" source="F6" target="F7"/>
  <move id="68" source="A3" target="A4"/>
  <move id="69" source="F5" target="F6"/>
  <move id="70" source="B6" target="B7"/>
  <move id="71" source="F4" target="F3"/>
  <move id="72" source="D8" target="D9"/>
  <move id="73" source="G4" target="F4"/>
  <move id="74" source="C8" target="C9"/>
  <move id="75" source="F4" target="F5"/>
  <move id="76" source="B7" target="C7"/>
  <move id="77" source="E5" target="E4"/>
  <move id="78" source="D7" target="D8"/>
  <move id="79" source="F5" target="E5"/>
  <move id="80" source="D8" target="C8"/>
  <move id="81" source="E5" target="E6"/>
  <move id="82" source="D9" target="D8"/>
  <move id="83" source="E6" target="E5"/>
  <move id="84" source="C9" target="B9"/>
  <move id="85" source="E4" target="F4"/>
  <move id="86" source="C7" target="D7"/>
  <move id="87" source="F4" target="F5"/>
  <move id="88" source="B9" target="B8"/>
  <move id="89" source="F6" target="E6"/>
  <move id="90" source="B8" target="A8"/>
  <move id="91" source="C2" target="B2"/>
  <move id="92" source="D:" target="D9"/>
  <move id="93" source="D3" target="C3"/>
  <move id="94" source="D9" target="C9"/>
  <move id="95" source="B2" target="B3"/>
  <move id="96" source="C9" target="B9"/>
  <move id="97" source="F5" target="F4"/>
  <move id="98" source="B9" target="B3"/>
  <move id="99" source="F4" target="G4"/>
  <move id="100" source="A4" target="B4"/>
  <move id="101" source="D4" target="C4"/>
  <move id="102" source="B4" target="B5"/>
  <move id="103" source="E3" target="E2"/>
  <move id="104" source="A6" target="A5"/>
  <move id="105" source="F3" target="E3"/>
  <move id="106" source="A5" target="A4"/>
  <move id="107" source="D2" target="D3"/>
  <move id="108" source="A4" target="A3"/>
  <move id="109" source="A2" target="A3"/>
  <move id="110" source="E9" target="D9"/>
  <move id="111" source="E2" target="D2"/>
  <move id="112" source="D9" target="C9"/>
  <move id="113" source="F2" target="F3"/>
  <move id="114" source="C9" target="B9"/>
  <move id="115" source="F3" target="F4"/>
  <move id="116" source="B9" target="B8"/>
  <move id="117" source="F4" target="F5"/>
  <move id="118" source="E:" target="E9"/>
  <move id="119" source="F5" target="F6"/>
  <move id="120" source="F:" target="E:"/>
  <move id="121" source="F6" target="F7"/>
  <move id="122" source="E7" target="E6"/>
  <move id="123" source="F7" target="F6"/>
  <move id="124" source="D8" target="D9"/>
  <move id="125" source="F6" target="F5"/>
  <move id="126" source="D7" target="D8"/>
  <move id="127" source="F5" target="F4"/>
  <move id="128" source="G7" target="F7"/>
  <move id="129" source="E5" target="E4"/>
  <move id="130" source="F7" target="E7"/>
  <move id="131" source="E6" target="E5"/>
  <move id="132" source="E7" target="E6"/>
  <move id="133" source="H2" target="H3"/>
  <move id="134" source="B8" target="B7"/>
  <move id="135" source="H3" target="H4"/>
  <move id="136" source="B7" target="A7"/>
  <move id="137" source="G4" target="G3"/>
  <move id="138" source="A7" target="A6"/>
  <move id="139" source="F4" target="F3"/>
  <move id="140" source="A6" target="A5"/>
  <move id="141" source="H4" target="G4"/>
  <move id="142" source="A5" target="A4"/>
  <move id="143" source="G4" target="F4"/>
  <move id="144" source="E6" target="E7"/>
  <move id="145" source="F4" target="F5"/>
  <move id="146" source="E7" target="D7"/>
  <move id="147" source="F5" target="F6"/>
  <move id="148" source="D7" target="C7"/>
  <move id="149" source="G3" target="G4"/>
  <move id="150" source="D8" target="D7"/>
  <move id="151" source="F3" target="F2"/>
  <move id="152" source="D9" target="D8"/>
  <move id="153" source="G4" target="F4"/>
  <move id="154" source="A4" target="A3"/>
  <move id="155" source="B1" target="B2"/>
  <move id="156" source="A8" target="B8"/>
  <move id="157" source="D3" target="D4"/>
  <move id="158" source="A9" target="A8"/>
  <move id="159" source="E3" target="D3"/>
  <move id="160" source="A8" target="A7"/>
  <move id="161" source="D3" target="E3"/>
  <move id="162" source="A7" target="A6"/>
  <move id="163" source="E3" target="E2"/>
  <move id="164" source="A6" target="A5"/>
  <move id="165" source="E4" target="E3"/>
  <move id="166" source="A5" target="A4"/>
  <move id="167" source="F4" target="E4"/>
  <move id="168" source="A4" target="B4"/>
  <move id="169" source="B3" target="A3"/>
  <move id="170" source="B4" target="C4"/>
  <move id="171" source="E5" target="F5"/>
  <move id="172" source="B5" target="B4"/>
  <move id="173" source="F5" target="F4"/>
  <move id="174" source="E:" target="D:"/>
  <move id="175" source="E4" target="E8"/>
  <move id="176" source="D:" target="D9"/>
  <move id="177" source="E3" target="E4"/>
  <move id="178" source="D9" target="C9"/>
  <move id="179" source="E4" target="E5"/>
  <move id="180" source="C9" target="B9"/>
  <move id="181" source="E5" target="E6"/>
  <move id="182" source="B9" target="A9"/>
  <move id="183" source="E6" target="E7"/>
  <move id="184" source="D7" target="E7"/>
  <move id="185" source="E7" target="E6"/>
  <move id="186" source="B4" target="B5"/>
  <move id="187" source="F6" target="F7"/>
  <move id="188" source="B5" target="B6"/>
  <move id="189" source="F7" target="E7"/>
  <move id="190" source="C7" target="B7"/>
  <move id="191" source="E7" target="D7"/>
  <move id="192" source="D8" target="D9"/>
  <move id="193" source="D7" target="D8"/>
  <move id="194" source="C8" target="D8"/>
  <move id="195" source="D2" target="D3"/>
  <move id="196" source="B8" target="C8"/>
  <move id="197" source="D3" target="E3"/>
  <move id="198" source="B7" target="A7"/>
  <move id="199" source="B2" target="C2"/>
  <move id="200" source="B6" target="B7"/>
  <move id="201" source="E6" target="F6"/>
  <move id="202" source="B7" target="C7"/>
  <move id="203" source="E3" target="E4"/>
  <move id="204" source="C7" target="D7"/>
  <move id="205" source="C3" target="D3"/>
  <move id="206" source="D9" target="D8"/>
  <move id="207" source="C1" target="B1"/>
  <move id="208" source="G:" target="F:"/>
  <move id="209" source="B1" target="B2"/>
  <move id="210" source="F:" target="E:"/>
  <move id="211" source="B2" target="B3"/>
  <move id="212" source="E:" target="D:"/>
  <move id="213" source="B3" target="B4"/>
  <move id="214" source="D:" target="D9"/>
  <move id="215" source="B4" target="B5"/>
  <move id="216" source="D9" target="C9"/>
  <move id="217" source="B5" target="B6"/>
  <move id="218" source="D7" target="C7"/>
  <move id="219" source="B6" target="A6"/>
  <move id="220" source="C7" target="B7"/>
  <move id="221" source="F4" target="F3"/>
  <move id="222" source="C9" target="B9"/>
  <move id="223" source="I4" target="H4"/>
  <move id="224" source="A7" target="A8"/>
  <move id="225" source="F6" target="F5"/>
  <move id="226" source="B7" target="A7"/>
  <move id="227" source="A6" target="B6"/>
  <move id="228" source="B9" target="B6"/>
  <move id="229" source="E4" target="E3"/>
  <move id="230" source="C8" target="C7"/>
  <move id="231" source="D4" target="E4"/>
  <move id="232" source="A7" target="A6"/>
  <move id="233" source="B6" target="B7"/>
  <move id="234" source="C7" target="B7"/>
  <move id="235" source="E4" target="E5"/>
  <move id="236" source="A6" target="B6"/>
  <move id="237" source="E5" target="E6"/>
  <move id="238" source="B6" target="B7"/>
  <move id="239" source="E6" target="E7"/>
  <move id="240" source="B7" target="C7"/>
  <move id="241" source="E7" target="E6"/>
  <move id="242" source="C7" target="D7"/>
  <move id="243" source="E6" target="E5"/>
  <move id="244" source="H:" target="G:"/>
  <move id="245" source="E5" target="E4"/>
  <move id="246" source="G:" target="F:"/>
  <move id="247" source="E4" target="D4"/>
  <move id="248" source="F:" target="E:"/>
  <move id="249" source="F3" target="G3"/>
  <move id="250" source="E:" target="D:"/>
  <move id="251" source="H4" target="G4"/>
  <move id="252" source="D:" target="D9"/>
  <move id="253" source="C4" target="C3"/>
  <move id="254" source="D9" target="C9"/>
  <move id="255" source="D4" target="C4"/>
  <move id="256" source="C9" target="B9"/>
  <move id="257" source="D3" target="D4"/>
  <move id="258" source="B9" target="B8"/>
  <move id="259" source="C3" target="D3"/>
  <move id="260" source="B8" target="B7"/>
  <move id="261" source="C4" target="B4"/>
  <move id="262" source="D7" target="C7"/>
  <move id="263" source="G4" target="F4"/>
  <move id="264" source="I:" target="H:"/>
  <move id="265" source="F4" target="E4"/>
  <move id="266" source="H:" target="G:"/>
  <move id="267" source="E4" target="E5"/>
  <move id="268" source="G:" target="F:"/>
  <move id="269" source="E5" target="E6"/>
  <move id="270" source="F8" target="F7"/>
  <move id="271" source="F5" target="F4"/>
  <move id="272" source="F7" target="E7"/>
  <move id="273" source="E6" target="F6"/>
  <move id="274" source="E7" target="F7"/>
  <move id="275" source="F6" target="F7"/>
  <move id="276" source="F:" target="E:"/>
  <move id="277" source="F7" target="F6"/>
  <move id="278" source="E:" target="D:"/>
  <move id="279" source="K4" target="I4"/>
  <move id="280" source="D:" target="D9"/>
  <move id="281" source="I4" target="H4"/>
  <move id="282" source="D9" target="C9"/>
  <move id="283" source="H4" target="G4"/>
  <move id="284" source="C9" target="C8"/>
  <move id="285" source="F4" target="F3"/>
  <move id="286" source="C7" target="D7"/>
  <move id="287" source="G4" target="F4"/>
  <move id="288" source="D7" target="E7"/>
  <move id="289" source="E3" target="E4"/>
  <move id="290" source="E7" target="E6"/>
  <move id="291" source="F6" target="F5"/>
  <move id="292" source="E6" target="F6"/>
  <move id="293" source="F5" target="E5"/>
  <move id="294" source="F6" target="E6"/>
  <move id="295" source="E5" target="F5"/>
  <move id="296" source="E6" target="F6"/>
  <move id="297" source="F5" target="E5"/>
  <move id="298" source="A8" target="A7"/>
  <move id="299" source="B4" target="B5"/>
  <move id="300" source="A7" target="A6"/>
  <move id="301" source="D3" target="C3"/>
  <move id="302" source="F6" target="E6"/>
  <move id="303" source="E5" target="F5"/>
  <move id="304" source="E6" target="E7"/>
  <move id="305" source="E4" target="E3"/>
  <move id="306" source="E7" target="D7"/>
  <move id="307" source="F4" target="E4"/>
  <move id="308" source="D7" target="C7"/>
  <move id="309" source="E4" target="E5"/>
  <move id="310" source="B7" target="A7"/>
  <move id="311" source="E5" target="E6"/>
  <move id="312" source="C7" target="B7"/>
  <move id="313" source="E6" target="E7"/>
  <move id="314" source="B7" target="B6"/>
  <move id="315" source="B5" target="A5"/>
  <move id="316" source="A7" target="A8"/>
  <move id="317" source="E7" target="D7"/>
  <move id="318" source="D8" target="D7"/>
  <move id="319" source="D7" target="D8"/>
  <move id="320" source="C8" target="C7"/>
  <move id="321" source="D8" target="C8"/>
  <move id="322" source="E9" target="D9"/>
  <move id="323" source="C8" target="C7"/>
  <move id="324" source="D9" target="D8"/>
  <move id="325" source="C7" target="C8"/>
  <move id="326" source="D8" target="C8"/>
  <move id="327" source="F3" target="F4"/>
  <move id="328" source="A6" target="A7"/>
  <move id="329" source="F4" target="E4"/>
  <move id="330" source="A7" target="B7"/>
  <move id="331" source="E4" target="E5"/>
  <move id="332" source="A8" target="A7"/>
  <move id="333" source="E5" target="E6"/>
  <move id="334" source="B7" target="B8"/>
  <move id="335" source="E6" target="E7"/>
  <move id="336" source="A7" target="A6"/>
  <move id="337" source="E7" target="D7"/>
  <move id="338" source="A6" target="A5"/>
  <move id="339" source="D7" target="C7"/>
  <move id="340" source="C8" target="D8"/>
  <move id="341" source="C7" target="C8"/>
  <move id="342" source="B8" target="B7"/>
  <move id="343" source="C8" target="D8"/>
  <move id="344" source="B7" target="A7"/>
  <move id="345" source="D8" target="C8"/>
  <move id="346" source="A7" target="A6"/>
  <move id="347" source="I5" target="I4"/>
  <move id="348" source="A6" target="A5"/>
  <move id="349" source="I4" target="H4"/>
  <move id="350" source="A9" target="A8"/>
  <move id="351" source="D4" target="D3"/>
  <move id="352" source="A8" target="A7"/>
  <move id="353" source="C3" target="C4"/>
  <move id="354" source="B6" target="B5"/>
  <move id="355" source="D3" target="C3"/>
  <move id="356" source="B5" target="B4"/>
  <move id="357" source="C4" target="D4"/>
  <move id="358" source="A7" target="A6"/>
  <move id="359" source="C2" target="D2"/>
  <move id="360" source="A6" target="A5"/>
  <move id="361" source="F2" target="F3"/>
  <move id="362" source="A5" target="A4"/>
  <move id="363" source="C3" target="C2"/>
  <move id="364" source="B4" target="B3"/>
  <move id="365" source="F5" target="F4"/>
  <move id="366" source="A4" target="A3"/>
  <move id="367" source="F4" target="E4"/>
  <move id="368" source="A3" target="A2"/>
  <move id="369" source="H4" target="G4"/>
  <move id="370" source="A2" target="A1"/>
  <move id="371" source="C8" target="C9"/>
  <move id="372" source="A:" target="A9"/>
  <move id="373" source="C9" target="B9"/>
  <move id="374" source="A9" target="A8"/>
  <move id="375" source="G4" target="F4"/>
  <move id="376" source="A8" target="A7"/>
  <move id="377" source="F4" target="F5"/>
  <move id="378" source="A7" target="A6"/>
  <move id="379" source="F5" target="F6"/>
  <move id="380" source="A6" target="A5"/>
  <move id="381" source="F6" target="E6"/>
  <move id="382" source="A5" target="A4"/>
  <move id="383" source="E6" target="E7"/>
  <move id="384" source="A4" target="A3"/>
  <move id="385" source="E7" target="D7"/>
  <move id="386" source="A3" target="A2"/>
  <move id="387" source="D7" target="C7"/>
  <move id="388" source="A2" target="B2"/>
  <move id="389" source="C7" target="C8"/>
  <move id="390" source="B2" target="C2"/>
  <move id="391" source="E3" target="D3"/>
  <move id="392" source="B3" target="B2"/>
  <move id="393" source="C2" target="C3"/>
  <move id="394" source="B2" target="B1"/>
  <move id="395" source="C8" target="C9"/>
  <move id="396" source="B1" target="C1"/>
  <move id="397" source="C9" target="C:"/>
  <player id="1">Player 1</player>
  <player id="2">Player 2</player>
  <result type="1" winner="1"/>
 </game>
</stratego>