<?xml version="1.0" encoding="UTF-8"?>
<stratego>
 <game type="barrage">
  
  <field content="MDAAAAAAAABAAAAAAAAAAAAAAAAAAALCAAKEAADAAA__AA__AAAA__AA__AAWOAAAQAAAAAAAXAAAAAANAAAAPAAAAYPAAAAAAAA"/>
  <move id="1" source="I4" target="I5"/>
  <move id="2" source="A7" target="A6"/>
  <move id="3" source="I5" target="I6"/>
  <move id="4" source="B7" target="B6"/>
  <move id="5" source="I6" target="I7"/>
  <move id="6" source="F9" target="G9"/>
  <move id="7" source="I7" target="I8"/>
  <move id="8" source="G9" target="H9"/>
  <move id="9" source="I8" target="D8"/>
  <move id="10" source="D8" target="C8"/>
  <move id="11" source="E4" target="E5"/>
  <move id="12" source="F7" target="F8"/>
  <move id="13" source="E5" target="E6"/>
  <move id="14" source="B6" target="B7"/>
  <move id="15" source="E6" target="E7"/>
  <move id="16" source="B7" target="A7"/>
  <move id="17" source="E7" target="E8"/>
  <move id="18" source="F8" target="F7"/>
  <move id="19" source="E8" target="E9"/>
  <move id="20" source="C8" target="D8"/>
  <move id="21" source="E9" target="E:"/>
  <move id="22" source="D8" target="D9"/>
  <move id="23" source="B4" target="B5"/>
  <move id="24" source="H9" target="H8"/>
  <move id="25" source="B5" target="B6"/>
  <move id="26" source="H8" target="H7"/>
  <move id="27" source="B6" target="B7"/>
  <move id="28" source="H7" target="I7"/>
  <move id="29" source="B7" target="B8"/>
  <move id="30" source="D9" target="C9"/>
  <move id="31" source="E:" target="D:"/>
  <move id="32" source="I7" target="I8"/>
  <move id="33" source="B8" target="A8"/>
  <move id="34" source="A7" target="A8"/>
  <move id="35" source="A4" target="A5"/>
  <move id="36" source="A6" target="B6"/>
  <move id="37" source="A5" target="B5"/>
  <move id="38" source="B6" target="B7"/>
  <move id="39" source="B5" target="B6"/>
  <move id="40" source="B7" target="B8"/>
  <move id="41" source="B6" target="B7"/>
  <move id="42" source="B8" target="C8"/>
  <move id="43" source="B7" target="B8"/>
  <move id="44" source="C8" target="C7"/>
  <move id="45" source="F4" target="E4"/>
  <move id="46" source="F7" target="F6"/>
  <move id="47" source="E4" target="D4"/>
  <move id="48" source="I8" target="B8"/>
  <move id="49" source="B8" target="B9"/>
  <move id="50" source="C9" target="C:"/>
  <move id="51" source="D:" target="D9"/>
  <move id="52" source="C7" target="B7"/>
  <move id="53" source="B9" target="A9"/>
  <move id="54" source="B7" target="A7"/>
  <move id="55" source="D4" target="C4"/>
  <move id="56" source="A7" target="A6"/>
  <move id="57" source="B1" target="B:"/>
  <move id="58" source="F6" target="F5"/>
  <player id="1">Player 1</player>
  <player id="2">Player 2</player>
  <result type="3" winner="2"/>
 </game>
</stratego>