<?xml version="1.0" encoding="UTF-8"?>
<stratego>
 <game type="barrage">
  
  <field content="AAAMAABAAADAAAAAAAAAAAAAAAAAAAADAALCAAKEAA__AA__AAAA__AA__AAXPAANPAAAAAAAAAAAAAAQOAAAAAAAAYWAAAAAAAA"/>
  <move id="1" source="I4" target="H4"/>
  <move id="2" source="B7" target="B4"/>
  <move id="3" source="H4" target="G4"/>
  <move id="4" source="A7" target="A6"/>
  <move id="5" source="E4" target="D4"/>
  <move id="6" source="A6" target="A5"/>
  <move id="7" source="D4" target="C4"/>
  <move id="8" source="A5" target="A4"/>
  <move id="9" source="C4" target="B4"/>
  <move id="10" source="A4" target="B4"/>
  <move id="11" source="G4" target="G3"/>
  <move id="12" source="B9" target="B8"/>
  <move id="13" source="G3" target="F3"/>
  <move id="14" source="B8" target="C8"/>
  <move id="15" source="F3" target="E3"/>
  <move id="16" source="C8" target="C9"/>
  <move id="17" source="E3" target="E4"/>
  <move id="18" source="C9" target="C:"/>
  <move id="19" source="E4" target="E5"/>
  <move id="20" source="C:" target="D:"/>
  <move id="21" source="E5" target="E6"/>
  <move id="22" source="D:" target="D9"/>
  <move id="23" source="A2" target="A3"/>
  <move id="24" source="D9" target="D8"/>
  <move id="25" source="A3" target="A4"/>
  <move id="26" source="D8" target="D7"/>
  <move id="27" source="A4" target="A5"/>
  <move id="28" source="F7" target="F4"/>
  <move id="29" source="A5" target="A6"/>
  <move id="30" source="D7" target="C7"/>
  <move id="31" source="A6" target="A7"/>
  <move id="32" source="C7" target="B7"/>
  <move id="33" source="E6" target="E7"/>
  <move id="34" source="B7" target="B6"/>
  <move id="35" source="A7" target="A9"/>
  <player id="1">Player 1</player>
  <player id="2">Player 2</player>
  <result type="3" winner="2"/>
 </game>
</stratego>