<?xml version="1.0" encoding="UTF-8"?>
<stratego>
 <game type="barrage">
  
  <field content="MBDAAAAAAAEDAAAAAAAACAAAAAAAAAKALAAAAAAAAA__AA__AAAA__AA__AAAAAAPAAAAAWAAAPAAAAAOQAAAAAAAAYNXAAAAAAA"/>
  <move id="1" source="C4" target="B4"/>
  <move id="2" source="E8" target="D8"/>
  <move id="3" source="B4" target="B5"/>
  <move id="4" source="D8" target="C8"/>
  <move id="5" source="B5" target="B6"/>
  <move id="6" source="C8" target="C7"/>
  <move id="7" source="B6" target="A6"/>
  <move id="8" source="C7" target="B7"/>
  <move id="9" source="C1" target="D1"/>
  <move id="10" source="B7" target="C7"/>
  <move id="11" source="D1" target="E1"/>
  <move id="12" source="C7" target="D7"/>
  <move id="13" source="E1" target="E2"/>
  <move id="14" source="D7" target="D8"/>
  <move id="15" source="E2" target="E3"/>
  <move id="16" source="D8" target="E8"/>
  <move id="17" source="A6" target="A7"/>
  <move id="18" source="C:" target="C9"/>
  <move id="19" source="A7" target="B7"/>
  <move id="20" source="C9" target="C8"/>
  <move id="21" source="A4" target="A5"/>
  <move id="22" source="E7" target="D7"/>
  <move id="23" source="A5" target="A6"/>
  <move id="24" source="E8" target="D8"/>
  <move id="25" source="E3" target="F3"/>
  <move id="26" source="D7" target="C7"/>
  <move id="27" source="F3" target="F4"/>
  <move id="28" source="C7" target="D7"/>
  <move id="29" source="F4" target="F5"/>
  <move id="30" source="C8" target="C7"/>
  <move id="31" source="B7" target="B8"/>
  <move id="32" source="D8" target="C8"/>
  <move id="33" source="B8" target="B7"/>
  <move id="34" source="C7" target="B7"/>
  <move id="35" source="F5" target="F6"/>
  <move id="36" source="A8" target="A7"/>
  <move id="37" source="F6" target="F7"/>
  <move id="38" source="A7" target="A6"/>
  <move id="39" source="F7" target="D7"/>
  <move id="40" source="B9" target="B8"/>
  <move id="41" source="B2" target="C2"/>
  <move id="42" source="B8" target="B7"/>
  <move id="43" source="C2" target="C3"/>
  <move id="44" source="B7" target="B6"/>
  <move id="45" source="C3" target="D3"/>
  <move id="46" source="B6" target="B5"/>
  <move id="47" source="D3" target="D4"/>
  <move id="48" source="B5" target="B4"/>
  <move id="49" source="A3" target="A4"/>
  <move id="50" source="B4" target="B3"/>
  <move id="51" source="A4" target="A5"/>
  <move id="52" source="B3" target="B2"/>
  <move id="53" source="A2" target="B2"/>
  <move id="54" source="C8" target="B8"/>
  <move id="55" source="D4" target="C4"/>
  <move id="56" source="B8" target="A8"/>
  <move id="57" source="C4" target="B4"/>
  <move id="58" source="A8" target="A5"/>
  <move id="59" source="B4" target="B:"/>
  <player id="1">Player 1</player>
  <player id="2">Player 2</player>
  <result type="0" winner="2"/>
 </game>
</stratego>