<?xml version="1.0" encoding="UTF-8"?>
<stratego>
 <game type="barrage">
  
  <field content="AAALABMAAAAAAAAAAAADCAAAAAAAAAAEAADAAAKAAA__AA__AAAA__AA__AAXQAPWOAAAAAAAAAAAAAAYAAAAAAAAANPAAAAAAAA"/>
  <move id="1" source="I4" target="H4"/>
  <move id="2" source="B7" target="B6"/>
  <move id="3" source="H4" target="G4"/>
  <move id="4" source="B6" target="B5"/>
  <move id="5" source="A3" target="A4"/>
  <move id="6" source="B5" target="B4"/>
  <move id="7" source="G4" target="F4"/>
  <move id="8" source="D7" target="C7"/>
  <move id="9" source="F4" target="F5"/>
  <move id="10" source="C7" target="B7"/>
  <move id="11" source="F5" target="F6"/>
  <move id="12" source="B7" target="B6"/>
  <move id="13" source="F6" target="F7"/>
  <move id="14" source="B6" target="B1"/>
  <move id="15" source="F7" target="E7"/>
  <move id="16" source="B1" target="D1"/>
  <move id="17" source="E4" target="E:"/>
  <move id="18" source="B:" target="B9"/>
  <move id="19" source="K2" target="K9"/>
  <move id="20" source="A7" target="A6"/>
  <move id="21" source="K9" target="I9"/>
  <move id="22" source="B9" target="C9"/>
  <move id="23" source="E:" target="A:"/>
  <move id="24" source="C9" target="D9"/>
  <move id="25" source="I9" target="K9"/>
  <move id="26" source="D9" target="E9"/>
  <move id="27" source="K9" target="G9"/>
  <move id="28" source="E9" target="F9"/>
  <move id="29" source="G9" target="G8"/>
  <move id="30" source="A6" target="A7"/>
  <move id="31" source="A4" target="A5"/>
  <move id="32" source="F9" target="F2"/>
  <move id="33" source="G8" target="G9"/>
  <player id="1">Player 1</player>
  <player id="2">Player 2</player>
  <result type="3" winner="1"/>
 </game>
</stratego>