<?xml version="1.0" encoding="UTF-8"?>
<stratego>
 <game type="barrage">
  
  <field content="AAAAAAAADMAAAAAAAAABAAAAAAAAAAALAADKAACEAA__AA__AAAA__AA__AAAPAAAWAAOPAAAAAAAAAAAAAAAAAAQXAAAAAAAANY"/>
  <move id="1" source="E4" target="E5"/>
  <move id="2" source="B7" target="B6"/>
  <move id="3" source="E5" target="F5"/>
  <move id="4" source="B6" target="B5"/>
  <move id="5" source="B4" target="B5"/>
  <move id="6" source="K7" target="K6"/>
  <move id="7" source="F5" target="F6"/>
  <move id="8" source="K6" target="K5"/>
  <move id="9" source="F6" target="E6"/>
  <move id="10" source="I9" target="I8"/>
  <move id="11" source="E6" target="E7"/>
  <move id="12" source="F7" target="E7"/>
  <move id="13" source="B5" target="B6"/>
  <move id="14" source="I7" target="K7"/>
  <move id="15" source="B6" target="B7"/>
  <move id="16" source="E7" target="F7"/>
  <move id="17" source="B7" target="C7"/>
  <move id="18" source="F7" target="F6"/>
  <move id="19" source="C7" target="D7"/>
  <move id="20" source="F6" target="F5"/>
  <move id="21" source="D7" target="E7"/>
  <move id="22" source="F5" target="F4"/>
  <move id="23" source="K4" target="K5"/>
  <move id="24" source="K7" target="K6"/>
  <move id="25" source="K5" target="K4"/>
  <move id="26" source="K6" target="K5"/>
  <move id="27" source="E7" target="F7"/>
  <move id="28" source="I8" target="I7"/>
  <move id="29" source="F7" target="G7"/>
  <move id="30" source="I7" target="I6"/>
  <move id="31" source="G7" target="H7"/>
  <move id="32" source="I6" target="I5"/>
  <move id="33" source="I4" target="I5"/>
  <move id="34" source="K5" target="K6"/>
  <move id="35" source="H7" target="I7"/>
  <move id="36" source="K9" target="K8"/>
  <move id="37" source="I1" target="E1"/>
  <move id="38" source="K8" target="K9"/>
  <move id="39" source="E1" target="E9"/>
  <move id="40" source="K9" target="I9"/>
  <move id="41" source="E9" target="I9"/>
  <move id="42" source="I9" target="I8"/>
  <move id="43" source="I7" target="H7"/>
  <move id="44" source="I8" target="I7"/>
  <move id="45" source="H7" target="G7"/>
  <move id="46" source="K6" target="K7"/>
  <move id="47" source="G7" target="G8"/>
  <move id="48" source="I7" target="I6"/>
  <move id="49" source="G8" target="H8"/>
  <move id="50" source="K7" target="I7"/>
  <move id="51" source="H8" target="H9"/>
  <move id="52" source="I7" target="I8"/>
  <move id="53" source="H9" target="H:"/>
  <move id="54" source="I8" target="I9"/>
  <move id="55" source="H:" target="I:"/>
  <move id="56" source="I6" target="K6"/>
  <move id="57" source="K4" target="K5"/>
  <move id="58" source="I5" target="I4"/>
  <move id="59" source="K5" target="K6"/>
  <player id="1">Player 1</player>
  <player id="2">Player 2</player>
  <result type="0" winner="2"/>
 </game>
</stratego>