<?xml version="1.0" encoding="UTF-8"?>
<stratego>
 <game type="barrage">
  
  <field content="AAAEAABAAADAAAAAAAAAAAAAAAAAAAAMAAKDAALCAA__AA__AAAA__AA__AAAAAAOQAAWPAAAAAAAAAAAAAAAAAAXNAAAAAAAAPY"/>
  <move id="1" source="E4" target="E5"/>
  <move id="2" source="K7" target="K6"/>
  <move id="3" source="I4" target="I5"/>
  <move id="4" source="K6" target="K7"/>
  <move id="5" source="F4" target="F5"/>
  <move id="6" source="I7" target="H7"/>
  <move id="7" source="I5" target="I6"/>
  <move id="8" source="H7" target="G7"/>
  <move id="9" source="K4" target="K5"/>
  <move id="10" source="K7" target="K5"/>
  <move id="11" source="I6" target="I7"/>
  <move id="12" source="K5" target="K1"/>
  <move id="13" source="I7" target="I8"/>
  <move id="14" source="I9" target="I8"/>
  <move id="15" source="E5" target="E6"/>
  <move id="16" source="K1" target="I1"/>
  <move id="17" source="E6" target="F6"/>
  <move id="18" source="F7" target="F8"/>
  <move id="19" source="F6" target="F7"/>
  <move id="20" source="G7" target="F7"/>
  <move id="21" source="F5" target="F8"/>
  <move id="22" source="F8" target="F7"/>
  <move id="23" source="A2" target="A:"/>
  <move id="24" source="F7" target="F6"/>
  <move id="25" source="A:" target="I:"/>
  <move id="26" source="F6" target="F5"/>
  <player id="1">Player 1</player>
  <player id="2">Player 2</player>
  <result type="3" winner="2"/>
 </game>
</stratego>