<?xml version="1.0" encoding="UTF-8"?>
<stratego>
 <game type="barrage">
  
  <field content="AAADAACAADMAAAAAAAAAAAAAAAAAAAAKAALBAAEAAA__AA__AAAA__AA__AAOXANPQAAAAAAAAAAAAAAPAAAAAAAAAYWAAAAAAAA"/>
  <move id="1" source="I4" target="I5"/>
  <move id="2" source="B7" target="B6"/>
  <move id="3" source="I5" target="I6"/>
  <move id="4" source="B6" target="B5"/>
  <move id="5" source="I6" target="I7"/>
  <move id="6" source="B5" target="B4"/>
  <move id="7" source="I7" target="H7"/>
  <move id="8" source="B4" target="B3"/>
  <move id="9" source="H7" target="G7"/>
  <move id="10" source="B3" target="C3"/>
  <move id="11" source="G7" target="F7"/>
  <move id="12" source="C3" target="D3"/>
  <move id="13" source="K1" target="K2"/>
  <move id="14" source="D3" target="D2"/>
  <move id="15" source="D1" target="E1"/>
  <move id="16" source="A7" target="A6"/>
  <move id="17" source="K2" target="K9"/>
  <move id="18" source="A6" target="A5"/>
  <move id="19" source="K9" target="A9"/>
  <move id="20" source="A5" target="A4"/>
  <move id="21" source="E4" target="E5"/>
  <move id="22" source="A4" target="A3"/>
  <move id="23" source="E5" target="E6"/>
  <move id="24" source="E7" target="E8"/>
  <move id="25" source="E6" target="E7"/>
  <move id="26" source="E8" target="I8"/>
  <move id="27" source="E7" target="D7"/>
  <move id="28" source="I8" target="A8"/>
  <player id="1">Player 1</player>
  <player id="2">Player 2</player>
  <result type="3" winner="2"/>
 </game>
</stratego>