<?xml version="1.0" encoding="UTF-8"?>
<stratego>
 <game type="barrage">
  
  <field content="AAABAADAAAMAAAAAAAAAAAAAAAAAALAKAACEAADAAA__AA__AAAA__AA__AAAAAAPXAAWQAAAAAAAAAAAAAAAAAAONAAAAAAAAPY"/>
  <move id="1" source="B4" target="B5"/>
  <move id="2" source="E7" target="E4"/>
  <move id="3" source="F4" target="E4"/>
  <move id="4" source="F7" target="E7"/>
  <move id="5" source="B5" target="B6"/>
  <move id="6" source="E7" target="E6"/>
  <move id="7" source="E4" target="E3"/>
  <move id="8" source="E6" target="E5"/>
  <move id="9" source="E3" target="F3"/>
  <move id="10" source="E5" target="E4"/>
  <move id="11" source="B6" target="B7"/>
  <move id="12" source="E4" target="E3"/>
  <move id="13" source="F3" target="F4"/>
  <move id="14" source="E3" target="F3"/>
  <move id="15" source="F4" target="F5"/>
  <move id="16" source="I7" target="H7"/>
  <move id="17" source="F5" target="F6"/>
  <move id="18" source="H7" target="G7"/>
  <move id="19" source="F6" target="E6"/>
  <move id="20" source="G7" target="F7"/>
  <move id="21" source="K3" target="K4"/>
  <move id="22" source="F3" target="F4"/>
  <move id="23" source="K4" target="K5"/>
  <move id="24" source="F4" target="F5"/>
  <move id="25" source="K5" target="K6"/>
  <move id="26" source="F5" target="E5"/>
  <move id="27" source="K6" target="K7"/>
  <move id="28" source="E5" target="E6"/>
  <move id="29" source="K7" target="K8"/>
  <move id="30" source="F7" target="G7"/>
  <move id="31" source="I4" target="I9"/>
  <move id="32" source="I:" target="I9"/>
  <move id="33" source="K8" target="I8"/>
  <move id="34" source="E6" target="E5"/>
  <move id="35" source="G1" target="K1"/>
  <move id="36" source="E5" target="E4"/>
  <move id="37" source="K1" target="K9"/>
  <move id="38" source="E4" target="D4"/>
  <move id="39" source="I8" target="I9"/>
  <move id="40" source="D4" target="D3"/>
  <move id="41" source="I9" target="I:"/>
  <move id="42" source="D3" target="D2"/>
  <move id="43" source="B7" target="C7"/>
  <move id="44" source="D2" target="D1"/>
  <move id="45" source="I:" target="K:"/>
  <player id="1">Player 1</player>
  <player id="2">Player 2</player>
  <result type="1" winner="1"/>
 </game>
</stratego>