<?xml version="1.0" encoding="UTF-8"?>
<stratego>
 <game type="barrage">
  
  <field content="AAAEAABAAAAAAAAAAAAAAKAAAAAAAMDAAACLAADAAA__AA__AAAA__AA__AAAPAAQOAAXYAAAAAAAAAAAAAAAAAAAWAAAAAAAAPN"/>
  <move id="1" source="E4" target="E5"/>
  <move id="2" source="I7" target="I6"/>
  <move id="3" source="F4" target="F5"/>
  <move id="4" source="I6" target="I5"/>
  <move id="5" source="F5" target="F6"/>
  <move id="6" source="F7" target="F6"/>
  <move id="7" source="I4" target="I5"/>
  <move id="8" source="I5" target="K5"/>
  <move id="9" source="E5" target="F5"/>
  <move id="10" source="E7" target="E6"/>
  <move id="11" source="A4" target="A9"/>
  <move id="12" source="F6" target="F5"/>
  <move id="13" source="A9" target="K9"/>
  <move id="14" source="K5" target="K4"/>
  <move id="15" source="B3" target="B4"/>
  <move id="16" source="K4" target="K3"/>
  <player id="1">Player 1</player>
  <player id="2">Player 2</player>
  <result type="1" winner="2"/>
 </game>
</stratego>