<?xml version="1.0" encoding="UTF-8"?>
<stratego>
 <game type="barrage">
  
  <field content="AAABAEMAAAAAAAAAAAADAAAAAAAAAAKLAACAAADAAA__AA__AAAA__AA__AAQOAAWPAAAAAAAAAAAAAAXPAAAAAAAAYNAAAAAAAA"/>
  <move id="1" source="B4" target="B5"/>
  <move id="2" source="F7" target="F1"/>
  <move id="3" source="A4" target="A5"/>
  <move id="4" source="E7" target="E6"/>
  <move id="5" source="A5" target="A6"/>
  <move id="6" source="E6" target="F6"/>
  <move id="7" source="A6" target="A7"/>
  <move id="8" source="B7" target="C7"/>
  <move id="9" source="A7" target="A8"/>
  <move id="10" source="A9" target="A8"/>
  <move id="11" source="B5" target="B6"/>
  <move id="12" source="F6" target="F5"/>
  <move id="13" source="B6" target="A6"/>
  <move id="14" source="C7" target="B7"/>
  <move id="15" source="I4" target="I7"/>
  <move id="16" source="F5" target="E5"/>
  <move id="17" source="I7" target="B7"/>
  <move id="18" source="E5" target="E4"/>
  <move id="19" source="A6" target="A7"/>
  <move id="20" source="E4" target="F4"/>
  <move id="21" source="A7" target="A8"/>
  <move id="22" source="F4" target="F3"/>
  <move id="23" source="K2" target="K:"/>
  <move id="24" source="F3" target="F2"/>
  <move id="25" source="K:" target="B:"/>
  <move id="26" source="B9" target="B7"/>
  <player id="1">Player 1</player>
  <player id="2">Player 2</player>
  <result type="3" winner="2"/>
 </game>
</stratego>