<?xml version="1.0" encoding="UTF-8"?>
<stratego>
 <game type="barrage">
  
  <field content="AAAMADEAAAAAAAAAAAAAAAAAAAAAAACDAAKAAALBAA__AA__AAAA__AA__AAAYAAXPAANWAAAAAAAAAAAAAAAAAAAPAAAAAAAAQO"/>
  <move id="1" source="B4" target="B5"/>
  <move id="2" source="F7" target="F1"/>
  <move id="3" source="B5" target="B6"/>
  <move id="4" source="E7" target="E6"/>
  <move id="5" source="A4" target="B4"/>
  <move id="6" source="E6" target="E5"/>
  <move id="7" source="B4" target="C4"/>
  <move id="8" source="E5" target="E4"/>
  <move id="9" source="B6" target="A6"/>
  <move id="10" source="E4" target="E3"/>
  <move id="11" source="C4" target="D4"/>
  <move id="12" source="E3" target="E2"/>
  <move id="13" source="D4" target="D3"/>
  <move id="14" source="E2" target="F2"/>
  <move id="15" source="D3" target="E3"/>
  <move id="16" source="F2" target="F1"/>
  <move id="17" source="E3" target="E2"/>
  <move id="18" source="K9" target="E9"/>
  <move id="19" source="I4" target="I5"/>
  <move id="20" source="E9" target="E4"/>
  <move id="21" source="I5" target="I6"/>
  <move id="22" source="E4" target="D4"/>
  <move id="23" source="I6" target="I7"/>
  <move id="24" source="D4" target="D1"/>
  <player id="1">Player 1</player>
  <player id="2">Player 2</player>
  <result type="1" winner="2"/>
 </game>
</stratego>