<?xml version="1.0" encoding="UTF-8"?>
<stratego>
 <game type="classic">
  
  <field content="BEBMBEBEDBEGFBFHDEGDIDJLIKGCHIDHDFGHJDFDAA__AA__AAAA__AA__AASNUPSUWUSQNRPXTPOVPTQTVNPPQNSNRPPRNQRTYQ"/>
  <move id="1" source="E4" target="E5"/>
  <move id="2" source="K7" target="K6"/>
  <move id="3" source="E3" target="E4"/>
  <move id="4" source="I7" target="K7"/>
  <move id="5" source="E5" target="E6"/>
  <move id="6" source="E7" target="E6"/>
  <move id="7" source="E4" target="E5"/>
  <move id="8" source="E8" target="E7"/>
  <move id="9" source="D4" target="E4"/>
  <move id="10" source="E7" target="E6"/>
  <move id="11" source="E5" target="E6"/>
  <move id="12" source="I8" target="I7"/>
  <move id="13" source="E6" target="F6"/>
  <move id="14" source="F7" target="E7"/>
  <move id="15" source="E4" target="E5"/>
  <move id="16" source="I7" target="I6"/>
  <move id="17" source="C4" target="D4"/>
  <move id="18" source="I6" target="I5"/>
  <move id="19" source="D4" target="E4"/>
  <move id="20" source="K6" target="I6"/>
  <move id="21" source="E5" target="E6"/>
  <move id="22" source="I5" target="K5"/>
  <move id="23" source="E4" target="E5"/>
  <move id="24" source="I6" target="I5"/>
  <move id="25" source="E5" target="F5"/>
  <move id="26" source="E7" target="E6"/>
  <move id="27" source="F5" target="E5"/>
  <move id="28" source="E6" target="E7"/>
  <move id="29" source="E5" target="E6"/>
  <move id="30" source="K7" target="K6"/>
  <move id="31" source="E2" target="E3"/>
  <move id="32" source="I5" target="I4"/>
  <move id="33" source="K4" target="K5"/>
  <move id="34" source="K6" target="K5"/>
  <move id="35" source="E3" target="E4"/>
  <move id="36" source="E9" target="E8"/>
  <move id="37" source="E4" target="E5"/>
  <move id="38" source="E8" target="E9"/>
  <move id="39" source="E5" target="F5"/>
  <move id="40" source="K5" target="I5"/>
  <move id="41" source="I4" target="K4"/>
  <move id="42" source="I5" target="I6"/>
  <move id="43" source="E6" target="E5"/>
  <move id="44" source="I6" target="K6"/>
  <move id="45" source="E5" target="E4"/>
  <move id="46" source="E7" target="E6"/>
  <move id="47" source="D3" target="D4"/>
  <move id="48" source="D7" target="E7"/>
  <move id="49" source="F6" target="E6"/>
  <move id="50" source="E7" target="E6"/>
  <move id="51" source="E4" target="E6"/>
  <move id="52" source="E9" target="E8"/>
  <move id="53" source="F5" target="F6"/>
  <move id="54" source="F8" target="F7"/>
  <move id="55" source="F6" target="E6"/>
  <move id="56" source="E8" target="E7"/>
  <move id="57" source="E6" target="E5"/>
  <move id="58" source="E7" target="E6"/>
  <move id="59" source="E5" target="E4"/>
  <move id="60" source="E6" target="E4"/>
  <move id="61" source="E4" target="E3"/>
  <move id="62" source="F7" target="F6"/>
  <move id="63" source="F4" target="E4"/>
  <move id="64" source="C7" target="D7"/>
  <move id="65" source="G4" target="F4"/>
  <move id="66" source="D7" target="E7"/>
  <move id="67" source="G3" target="G4"/>
  <move id="68" source="E7" target="E6"/>
  <move id="69" source="H3" target="G3"/>
  <move id="70" source="E6" target="E5"/>
  <move id="71" source="E3" target="E2"/>
  <move id="72" source="K6" target="K5"/>
  <move id="73" source="F3" target="E3"/>
  <move id="74" source="E5" target="F5"/>
  <move id="75" source="G3" target="F3"/>
  <move id="76" source="F6" target="E6"/>
  <move id="77" source="G4" target="G3"/>
  <move id="78" source="E6" target="E5"/>
  <move id="79" source="B4" target="B5"/>
  <move id="80" source="A7" target="A6"/>
  <move id="81" source="C3" target="C4"/>
  <move id="82" source="A6" target="B6"/>
  <move id="83" source="C4" target="B4"/>
  <move id="84" source="B6" target="A6"/>
  <move id="85" source="B5" target="A5"/>
  <move id="86" source="A6" target="A5"/>
  <move id="87" source="B4" target="C4"/>
  <move id="88" source="E5" target="E6"/>
  <move id="89" source="B3" target="B7"/>
  <move id="90" source="F5" target="E5"/>
  <move id="91" source="A5" target="B5"/>
  <move id="92" source="E6" target="F6"/>
  <move id="93" source="A4" target="A5"/>
  <move id="94" source="F6" target="F5"/>
  <move id="95" source="A5" target="A6"/>
  <move id="96" source="C8" target="C7"/>
  <move id="97" source="B5" target="A5"/>
  <move id="98" source="C7" target="D7"/>
  <move id="99" source="A6" target="A7"/>
  <move id="100" source="D7" target="E7"/>
  <move id="101" source="A5" target="A6"/>
  <move id="102" source="E7" target="E8"/>
  <move id="103" source="A7" target="A8"/>
  <move id="104" source="G7" target="F7"/>
  <move id="105" source="C4" target="C3"/>
  <move id="106" source="K5" target="I5"/>
  <move id="107" source="I3" target="I4"/>
  <move id="108" source="I5" target="K5"/>
  <move id="109" source="G3" target="G4"/>
  <move id="110" source="K5" target="I5"/>
  <move id="111" source="C3" target="D3"/>
  <move id="112" source="K8" target="K7"/>
  <move id="113" source="A3" target="B3"/>
  <move id="114" source="K7" target="K6"/>
  <move id="115" source="B3" target="C3"/>
  <move id="116" source="K6" target="K5"/>
  <move id="117" source="C3" target="C4"/>
  <move id="118" source="K5" target="K6"/>
  <move id="119" source="G4" target="G3"/>
  <move id="120" source="I5" target="K5"/>
  <move id="121" source="H4" target="G4"/>
  <move id="122" source="K6" target="I6"/>
  <move id="123" source="G3" target="H3"/>
  <move id="124" source="I6" target="I5"/>
  <move id="125" source="H3" target="I3"/>
  <move id="126" source="K5" target="K4"/>
  <move id="127" source="I4" target="K4"/>
  <move id="128" source="I5" target="K5"/>
  <move id="129" source="K4" target="I4"/>
  <move id="130" source="K5" target="K4"/>
  <move id="131" source="I4" target="H4"/>
  <move id="132" source="K4" target="I4"/>
  <move id="133" source="D3" target="C3"/>
  <move id="134" source="H7" target="I7"/>
  <move id="135" source="H4" target="I4"/>
  <move id="136" source="F7" target="E7"/>
  <move id="137" source="I3" target="I4"/>
  <move id="138" source="E7" target="E6"/>
  <move id="139" source="I4" target="H4"/>
  <move id="140" source="E8" target="E7"/>
  <move id="141" source="H2" target="H3"/>
  <move id="142" source="I7" target="I6"/>
  <move id="143" source="H3" target="I3"/>
  <move id="144" source="I6" target="I5"/>
  <move id="145" source="K3" target="K4"/>
  <move id="146" source="I5" target="K5"/>
  <move id="147" source="K4" target="K5"/>
  <move id="148" source="E7" target="F7"/>
  <move id="149" source="I3" target="I4"/>
  <move id="150" source="F7" target="G7"/>
  <move id="151" source="G4" target="G3"/>
  <move id="152" source="G7" target="H7"/>
  <move id="153" source="H4" target="G4"/>
  <move id="154" source="H7" target="I7"/>
  <move id="155" source="I4" target="H4"/>
  <move id="156" source="I7" target="I6"/>
  <move id="157" source="I2" target="I3"/>
  <move id="158" source="I6" target="I7"/>
  <move id="159" source="I3" target="I4"/>
  <move id="160" source="I7" target="H7"/>
  <move id="161" source="I4" target="I5"/>
  <move id="162" source="H7" target="G7"/>
  <move id="163" source="I5" target="I6"/>
  <move id="164" source="I9" target="I8"/>
  <move id="165" source="H4" target="H3"/>
  <move id="166" source="I8" target="I7"/>
  <move id="167" source="G4" target="H4"/>
  <move id="168" source="I7" target="I6"/>
  <move id="169" source="E4" target="E5"/>
  <move id="170" source="E6" target="F6"/>
  <move id="171" source="D4" target="E4"/>
  <move id="172" source="E5" target="E6"/>
  <move id="173" source="G3" target="G4"/>
  <move id="174" source="F5" target="E5"/>
  <move id="175" source="E4" target="D4"/>
  <move id="176" source="E5" target="E4"/>
  <move id="177" source="D4" target="D3"/>
  <move id="178" source="G7" target="H7"/>
  <move id="179" source="C4" target="D4"/>
  <move id="180" source="H7" target="I7"/>
  <move id="181" source="H4" target="I4"/>
  <move id="182" source="I7" target="I6"/>
  <move id="183" source="I4" target="I5"/>
  <move id="184" source="E4" target="E5"/>
  <move id="185" source="H3" target="H4"/>
  <move id="186" source="I6" target="I7"/>
  <move id="187" source="F3" target="G3"/>
  <move id="188" source="I7" target="I8"/>
  <move id="189" source="F4" target="F3"/>
  <move id="190" source="E5" target="F5"/>
  <move id="191" source="G4" target="F4"/>
  <move id="192" source="F9" target="F8"/>
  <move id="193" source="G3" target="G4"/>
  <move id="194" source="I8" target="I7"/>
  <move id="195" source="D4" target="C4"/>
  <move id="196" source="E6" target="E5"/>
  <move id="197" source="D3" target="D4"/>
  <move id="198" source="E5" target="E6"/>
  <move id="199" source="C3" target="D3"/>
  <move id="200" source="F5" target="E5"/>
  <move id="201" source="F4" target="F6"/>
  <move id="202" source="E5" target="F5"/>
  <move id="203" source="D4" target="E4"/>
  <move id="204" source="E6" target="E5"/>
  <move id="205" source="F3" target="F4"/>
  <move id="206" source="C9" target="C8"/>
  <move id="207" source="F4" target="F3"/>
  <move id="208" source="F6" target="F7"/>
  <move id="209" source="H4" target="H3"/>
  <move id="210" source="F7" target="G7"/>
  <move id="211" source="H3" target="I3"/>
  <move id="212" source="G7" target="H7"/>
  <move id="213" source="I3" target="I4"/>
  <move id="214" source="I7" target="K7"/>
  <move id="215" source="I5" target="K5"/>
  <move id="216" source="F5" target="F4"/>
  <move id="217" source="G4" target="G3"/>
  <move id="218" source="F4" target="G4"/>
  <move id="219" source="G3" target="H3"/>
  <move id="220" source="H7" target="I7"/>
  <move id="221" source="G2" target="G4"/>
  <move id="222" source="E5" target="F5"/>
  <move id="223" source="H3" target="H2"/>
  <move id="224" source="F8" target="E8"/>
  <move id="225" source="E4" target="D4"/>
  <move id="226" source="F5" target="F6"/>
  <move id="227" source="E3" target="E4"/>
  <move id="228" source="F6" target="E6"/>
  <move id="229" source="E4" target="F4"/>
  <move id="230" source="F:" target="F9"/>
  <move id="231" source="F4" target="F5"/>
  <move id="232" source="F9" target="F8"/>
  <move id="233" source="H2" target="H3"/>
  <move id="234" source="F8" target="F7"/>
  <move id="235" source="F5" target="F4"/>
  <move id="236" source="F7" target="F6"/>
  <move id="237" source="H3" target="G3"/>
  <move id="238" source="F6" target="F5"/>
  <move id="239" source="G3" target="G4"/>
  <move id="240" source="F5" target="E5"/>
  <move id="241" source="D3" target="E3"/>
  <move id="242" source="E6" target="F6"/>
  <move id="243" source="G4" target="G3"/>
  <move id="244" source="F6" target="F5"/>
  <move id="245" source="C4" target="C3"/>
  <move id="246" source="F5" target="F6"/>
  <move id="247" source="F4" target="G4"/>
  <move id="248" source="F6" target="F5"/>
  <move id="249" source="F3" target="F4"/>
  <move id="250" source="E8" target="E7"/>
  <move id="251" source="G3" target="F3"/>
  <move id="252" source="E5" target="E4"/>
  <move id="253" source="I4" target="I5"/>
  <move id="254" source="E4" target="D4"/>
  <move id="255" source="F4" target="F5"/>
  <move id="256" source="E7" target="E6"/>
  <move id="257" source="D4" target="E4"/>
  <move id="258" source="E6" target="F6"/>
  <move id="259" source="F5" target="F4"/>
  <move id="260" source="F6" target="F5"/>
  <move id="261" source="G4" target="G3"/>
  <move id="262" source="I7" target="I6"/>
  <move id="263" source="I5" target="I4"/>
  <move id="264" source="K7" target="K6"/>
  <move id="265" source="G3" target="H3"/>
  <move id="266" source="I6" target="I5"/>
  <move id="267" source="K5" target="K6"/>
  <move id="268" source="H8" target="I8"/>
  <move id="269" source="H3" target="H4"/>
  <move id="270" source="I8" target="K8"/>
  <move id="271" source="I4" target="I3"/>
  <move id="272" source="K8" target="K7"/>
  <move id="273" source="H4" target="I4"/>
  <move id="274" source="I5" target="K5"/>
  <move id="275" source="K6" target="I6"/>
  <move id="276" source="K7" target="I7"/>
  <move id="277" source="I4" target="K4"/>
  <move id="278" source="K5" target="I5"/>
  <move id="279" source="I6" target="K6"/>
  <move id="280" source="D8" target="D7"/>
  <move id="281" source="I3" target="H3"/>
  <move id="282" source="D7" target="E7"/>
  <move id="283" source="H3" target="G3"/>
  <move id="284" source="E7" target="E6"/>
  <move id="285" source="F4" target="G4"/>
  <move id="286" source="E6" target="F6"/>
  <move id="287" source="G4" target="H4"/>
  <move id="288" source="F6" target="F7"/>
  <move id="289" source="G3" target="G4"/>
  <move id="290" source="F7" target="G7"/>
  <move id="291" source="G4" target="F4"/>
  <move id="292" source="G7" target="H7"/>
  <move id="293" source="F4" target="F5"/>
  <move id="294" source="G:" target="F:"/>
  <move id="295" source="E4" target="F4"/>
  <move id="296" source="F:" target="F9"/>
  <move id="297" source="F4" target="G4"/>
  <move id="298" source="I5" target="I4"/>
  <move id="299" source="K4" target="I4"/>
  <move id="300" source="F9" target="F8"/>
  <move id="301" source="G4" target="F4"/>
  <move id="302" source="F8" target="F7"/>
  <move id="303" source="F5" target="E5"/>
  <move id="304" source="F7" target="F6"/>
  <move id="305" source="H4" target="G4"/>
  <move id="306" source="F6" target="E6"/>
  <move id="307" source="E5" target="F5"/>
  <move id="308" source="I7" target="K7"/>
  <move id="309" source="K6" target="I6"/>
  <move id="310" source="K7" target="K8"/>
  <move id="311" source="I6" target="I7"/>
  <move id="312" source="H7" target="G7"/>
  <move id="313" source="I7" target="H7"/>
  <move id="314" source="G7" target="F7"/>
  <move id="315" source="H7" target="G7"/>
  <move id="316" source="F7" target="E7"/>
  <move id="317" source="G7" target="F7"/>
  <move id="318" source="E7" target="E8"/>
  <move id="319" source="F7" target="F8"/>
  <move id="320" source="E8" target="D8"/>
  <move id="321" source="F8" target="E8"/>
  <move id="322" source="D8" target="D7"/>
  <move id="323" source="E8" target="E7"/>
  <move id="324" source="D7" target="D8"/>
  <move id="325" source="E7" target="E8"/>
  <move id="326" source="D8" target="D7"/>
  <move id="327" source="E8" target="E7"/>
  <move id="328" source="D7" target="C7"/>
  <move id="329" source="E7" target="D7"/>
  <move id="330" source="E6" target="E5"/>
  <move id="331" source="F5" target="F6"/>
  <move id="332" source="C8" target="D8"/>
  <move id="333" source="D7" target="C7"/>
  <move id="334" source="D8" target="E8"/>
  <move id="335" source="F6" target="E6"/>
  <move id="336" source="E8" target="E7"/>
  <move id="337" source="E6" target="E5"/>
  <move id="338" source="E7" target="F7"/>
  <move id="339" source="F4" target="F5"/>
  <move id="340" source="E5" target="E4"/>
  <move id="341" source="E3" target="E4"/>
  <move id="342" source="F7" target="G7"/>
  <move id="343" source="G4" target="H4"/>
  <move id="344" source="C7" target="D7"/>
  <move id="345" source="F5" target="F6"/>
  <move id="346" source="D7" target="E7"/>
  <move id="347" source="H4" target="I4"/>
  <move id="348" source="G8" target="F8"/>
  <move id="349" source="I4" target="I5"/>
  <move id="350" source="F8" target="F7"/>
  <move id="351" source="F6" target="E6"/>
  <move id="352" source="E7" target="D7"/>
  <move id="353" source="E4" target="F4"/>
  <move id="354" source="F7" target="E7"/>
  <move id="355" source="E6" target="E7"/>
  <move id="356" source="D7" target="E7"/>
  <move id="357" source="I5" target="I6"/>
  <move id="358" source="G7" target="F7"/>
  <move id="359" source="I6" target="I7"/>
  <move id="360" source="F7" target="E7"/>
  <move id="361" source="I7" target="H7"/>
  <move id="362" source="E7" target="E6"/>
  <move id="363" source="H7" target="G7"/>
  <move id="364" source="K8" target="K7"/>
  <move id="365" source="G7" target="F7"/>
  <move id="366" source="K7" target="K6"/>
  <move id="367" source="F7" target="E7"/>
  <move id="368" source="E6" target="F6"/>
  <move id="369" source="F4" target="F5"/>
  <move id="370" source="K6" target="K5"/>
  <move id="371" source="F5" target="F6"/>
  <move id="372" source="K5" target="K4"/>
  <move id="373" source="E7" target="E6"/>
  <move id="374" source="K4" target="K3"/>
  <move id="375" source="E6" target="E5"/>
  <move id="376" source="K3" target="I3"/>
  <move id="377" source="E5" target="F5"/>
  <move id="378" source="I3" target="H3"/>
  <move id="379" source="F5" target="F4"/>
  <move id="380" source="H3" target="H2"/>
  <move id="381" source="F4" target="G4"/>
  <move id="382" source="H2" target="H1"/>
  <move id="383" source="G4" target="G3"/>
  <move id="384" source="H1" target="I1"/>
  <move id="385" source="G3" target="H3"/>
  <move id="386" source="I1" target="I2"/>
  <move id="387" source="K2" target="K3"/>
  <move id="388" source="I2" target="K2"/>
  <move id="389" source="K3" target="I3"/>
  <move id="390" source="K2" target="K1"/>
  <move id="391" source="H3" target="H4"/>
  <player id="1">Player 1</player>
  <player id="2">Player 2</player>
  <result type="3" winner="1"/>
 </game>
</stratego>