<?xml version="1.0" encoding="UTF-8"?>
<stratego>
 <game type="classic">
  
  <field content="EEEFBMBEGFBFHCKBHHEDGBIDLJIHBGDDDJGIDDDFAA__AA__AAAA__AA__AAPPPPRPTNRRTSUSPSWOUTPSQNNRQVXVQNPQUTNYNQ"/>
  <move id="1" source="F4" target="F5"/>
  <move id="2" source="E7" target="E6"/>
  <move id="3" source="F5" target="F6"/>
  <move id="4" source="E6" target="E5"/>
  <move id="5" source="E4" target="E5"/>
  <move id="6" source="D7" target="E7"/>
  <move id="7" source="E3" target="E4"/>
  <move id="8" source="E7" target="E6"/>
  <move id="9" source="F6" target="F5"/>
  <move id="10" source="E6" target="F6"/>
  <move id="11" source="F5" target="F4"/>
  <move id="12" source="F6" target="F4"/>
  <move id="13" source="E5" target="E6"/>
  <move id="14" source="D8" target="D7"/>
  <move id="15" source="E4" target="E5"/>
  <move id="16" source="D7" target="E7"/>
  <move id="17" source="F4" target="E4"/>
  <move id="18" source="E7" target="E6"/>
  <move id="19" source="E5" target="E6"/>
  <move id="20" source="C7" target="D7"/>
  <move id="21" source="G4" target="F4"/>
  <move id="22" source="C8" target="D8"/>
  <move id="23" source="E6" target="E7"/>
  <move id="24" source="D7" target="C7"/>
  <move id="25" source="F4" target="F5"/>
  <move id="26" source="B8" target="C8"/>
  <move id="27" source="E4" target="E5"/>
  <move id="28" source="F7" target="F6"/>
  <move id="29" source="F5" target="F4"/>
  <move id="30" source="F8" target="F7"/>
  <move id="31" source="E5" target="F5"/>
  <move id="32" source="F7" target="E7"/>
  <move id="33" source="F5" target="F6"/>
  <move id="34" source="E8" target="F8"/>
  <move id="35" source="F6" target="E6"/>
  <move id="36" source="I7" target="I6"/>
  <move id="37" source="F4" target="F8"/>
  <move id="38" source="I6" target="I5"/>
  <move id="39" source="H4" target="G4"/>
  <move id="40" source="I5" target="I4"/>
  <move id="41" source="K4" target="I4"/>
  <move id="42" source="K7" target="I7"/>
  <move id="43" source="D3" target="E3"/>
  <move id="44" source="I7" target="I6"/>
  <move id="45" source="E3" target="E4"/>
  <move id="46" source="I6" target="I5"/>
  <move id="47" source="G4" target="H4"/>
  <move id="48" source="I5" target="I4"/>
  <move id="49" source="E4" target="F4"/>
  <move id="50" source="I4" target="I3"/>
  <move id="51" source="F4" target="F5"/>
  <move id="52" source="I8" target="I7"/>
  <move id="53" source="F5" target="F6"/>
  <move id="54" source="K8" target="K7"/>
  <move id="55" source="F6" target="F7"/>
  <move id="56" source="H8" target="I8"/>
  <move id="57" source="E6" target="E5"/>
  <move id="58" source="I8" target="K8"/>
  <move id="59" source="F7" target="G7"/>
  <move id="60" source="F9" target="F8"/>
  <move id="61" source="E7" target="F7"/>
  <move id="62" source="G9" target="F9"/>
  <move id="63" source="F7" target="G7"/>
  <move id="64" source="G8" target="H8"/>
  <move id="65" source="G7" target="F7"/>
  <move id="66" source="F8" target="G8"/>
  <move id="67" source="D4" target="D3"/>
  <move id="68" source="I7" target="I6"/>
  <move id="69" source="C4" target="D4"/>
  <move id="70" source="I6" target="K6"/>
  <move id="71" source="D4" target="E4"/>
  <move id="72" source="H8" target="I8"/>
  <move id="73" source="E5" target="F5"/>
  <move id="74" source="I8" target="I7"/>
  <move id="75" source="E4" target="E5"/>
  <move id="76" source="I7" target="I6"/>
  <move id="77" source="E2" target="E3"/>
  <move id="78" source="I6" target="I5"/>
  <move id="79" source="E3" target="E4"/>
  <move id="80" source="I5" target="I4"/>
  <move id="81" source="E4" target="F4"/>
  <move id="82" source="I4" target="H4"/>
  <move id="83" source="F5" target="F6"/>
  <move id="84" source="H4" target="H3"/>
  <move id="85" source="E5" target="E6"/>
  <move id="86" source="H3" target="H4"/>
  <move id="87" source="E6" target="E7"/>
  <move id="88" source="I9" target="I8"/>
  <move id="89" source="F4" target="G4"/>
  <move id="90" source="I8" target="H8"/>
  <move id="91" source="G4" target="H4"/>
  <move id="92" source="K9" target="I9"/>
  <move id="93" source="E7" target="E8"/>
  <move id="94" source="I9" target="I8"/>
  <move id="95" source="E8" target="F8"/>
  <move id="96" source="G8" target="F8"/>
  <move id="97" source="F7" target="F8"/>
  <move id="98" source="I8" target="I7"/>
  <move id="99" source="F8" target="F7"/>
  <move id="100" source="H8" target="G8"/>
  <move id="101" source="D3" target="D4"/>
  <move id="102" source="K8" target="I8"/>
  <move id="103" source="D2" target="D3"/>
  <move id="104" source="I8" target="H8"/>
  <move id="105" source="D1" target="D2"/>
  <move id="106" source="G8" target="F8"/>
  <move id="107" source="F7" target="E7"/>
  <move id="108" source="F8" target="E8"/>
  <move id="109" source="E7" target="E8"/>
  <move id="110" source="H9" target="G9"/>
  <move id="111" source="D4" target="E4"/>
  <move id="112" source="G9" target="G8"/>
  <move id="113" source="E4" target="E5"/>
  <move id="114" source="G8" target="F8"/>
  <move id="115" source="E5" target="E6"/>
  <move id="116" source="I7" target="I6"/>
  <move id="117" source="F3" target="F4"/>
  <move id="118" source="I6" target="I5"/>
  <move id="119" source="F4" target="G4"/>
  <move id="120" source="I5" target="I4"/>
  <move id="121" source="E6" target="E5"/>
  <move id="122" source="I4" target="H4"/>
  <move id="123" source="F6" target="E6"/>
  <move id="124" source="H4" target="G4"/>
  <move id="125" source="E5" target="E4"/>
  <move id="126" source="F8" target="F7"/>
  <move id="127" source="E4" target="D4"/>
  <move id="128" source="F7" target="F6"/>
  <move id="129" source="E6" target="E7"/>
  <move id="130" source="F6" target="F5"/>
  <move id="131" source="B4" target="B7"/>
  <move id="132" source="F5" target="F4"/>
  <move id="133" source="D4" target="C4"/>
  <move id="134" source="C7" target="E7"/>
  <move id="135" source="C4" target="B4"/>
  <move id="136" source="D8" target="E8"/>
  <move id="137" source="B4" target="B5"/>
  <move id="138" source="E8" target="E7"/>
  <move id="139" source="B5" target="B6"/>
  <move id="140" source="A7" target="E7"/>
  <move id="141" source="B6" target="B7"/>
  <move id="142" source="F4" target="F3"/>
  <move id="143" source="G3" target="G4"/>
  <move id="144" source="E7" target="E3"/>
  <move id="145" source="D3" target="D4"/>
  <move id="146" source="E3" target="E4"/>
  <move id="147" source="D4" target="D3"/>
  <move id="148" source="E4" target="E3"/>
  <move id="149" source="D3" target="D4"/>
  <move id="150" source="F3" target="F4"/>
  <move id="151" source="G4" target="H4"/>
  <move id="152" source="F4" target="E4"/>
  <move id="153" source="B7" target="C7"/>
  <move id="154" source="E4" target="D4"/>
  <move id="155" source="A4" target="B4"/>
  <move id="156" source="E3" target="E4"/>
  <move id="157" source="B4" target="B9"/>
  <move id="158" source="D4" target="D3"/>
  <move id="159" source="C3" target="C4"/>
  <move id="160" source="D3" target="D2"/>
  <move id="161" source="C7" target="B7"/>
  <move id="162" source="D2" target="D3"/>
  <move id="163" source="B7" target="B8"/>
  <move id="164" source="D3" target="E3"/>
  <move id="165" source="B8" target="B9"/>
  <move id="166" source="E3" target="F3"/>
  <move id="167" source="B9" target="B8"/>
  <move id="168" source="F3" target="G3"/>
  <move id="169" source="B8" target="B7"/>
  <move id="170" source="G3" target="G4"/>
  <move id="171" source="H4" target="I4"/>
  <move id="172" source="F9" target="F8"/>
  <move id="173" source="B7" target="C7"/>
  <move id="174" source="F8" target="F7"/>
  <move id="175" source="C7" target="D7"/>
  <move id="176" source="F7" target="F6"/>
  <move id="177" source="D7" target="E7"/>
  <move id="178" source="F6" target="F5"/>
  <move id="179" source="E7" target="E6"/>
  <move id="180" source="F5" target="F4"/>
  <move id="181" source="E6" target="E5"/>
  <move id="182" source="F4" target="F3"/>
  <move id="183" source="E5" target="E4"/>
  <move id="184" source="F3" target="F2"/>
  <move id="185" source="G2" target="F2"/>
  <move id="186" source="G4" target="G3"/>
  <move id="187" source="E4" target="E3"/>
  <move id="188" source="G3" target="G2"/>
  <move id="189" source="E3" target="E2"/>
  <move id="190" source="F:" target="F9"/>
  <move id="191" source="F2" target="F3"/>
  <move id="192" source="F9" target="G9"/>
  <move id="193" source="F3" target="F4"/>
  <move id="194" source="E:" target="F:"/>
  <move id="195" source="C4" target="D4"/>
  <move id="196" source="F:" target="F9"/>
  <move id="197" source="D4" target="E4"/>
  <move id="198" source="F9" target="F8"/>
  <move id="199" source="E4" target="E5"/>
  <move id="200" source="K6" target="I6"/>
  <move id="201" source="I4" target="K4"/>
  <move id="202" source="I6" target="I5"/>
  <move id="203" source="E5" target="E6"/>
  <move id="204" source="I5" target="I4"/>
  <move id="205" source="K4" target="I4"/>
  <move id="206" source="H8" target="H9"/>
  <move id="207" source="E6" target="E7"/>
  <move id="208" source="K7" target="I7"/>
  <move id="209" source="E7" target="F7"/>
  <move id="210" source="F8" target="E8"/>
  <move id="211" source="F4" target="G4"/>
  <move id="212" source="I7" target="I6"/>
  <move id="213" source="G4" target="H4"/>
  <move id="214" source="I6" target="I5"/>
  <move id="215" source="H4" target="I4"/>
  <move id="216" source="I5" target="K5"/>
  <move id="217" source="I4" target="K4"/>
  <move id="218" source="K5" target="I5"/>
  <move id="219" source="K4" target="I4"/>
  <move id="220" source="I5" target="K5"/>
  <move id="221" source="I4" target="K4"/>
  <move id="222" source="D:" target="E:"/>
  <move id="223" source="K4" target="K5"/>
  <move id="224" source="E:" target="F:"/>
  <move id="225" source="H2" target="H3"/>
  <move id="226" source="G9" target="G8"/>
  <move id="227" source="H3" target="H4"/>
  <move id="228" source="F:" target="F9"/>
  <move id="229" source="H4" target="I4"/>
  <move id="230" source="F9" target="G9"/>
  <move id="231" source="I4" target="I5"/>
  <move id="232" source="C:" target="D:"/>
  <move id="233" source="I5" target="I6"/>
  <move id="234" source="G8" target="H8"/>
  <move id="235" source="I6" target="I7"/>
  <move id="236" source="D:" target="E:"/>
  <move id="237" source="I7" target="I8"/>
  <move id="238" source="H8" target="I8"/>
  <move id="239" source="C2" target="C3"/>
  <move id="240" source="E:" target="F:"/>
  <move id="241" source="C3" target="C4"/>
  <move id="242" source="E8" target="E7"/>
  <move id="243" source="F7" target="E7"/>
  <move id="244" source="F:" target="F1"/>
  <player id="1">Player 1</player>
  <player id="2">Player 2</player>
  <result type="1" winner="2"/>
 </game>
</stratego>