<?xml version="1.0" encoding="UTF-8"?>
<stratego>
 <game type="classic">
  
  <field content="HHMBIGDDDDEEBCJDDHDGKLEJFGDFBHIIEEBBFGBFAA__AA__AAAA__AA__AAPWVPPRXRPRSTOTSPTQVPRNUNNUQUNTQPNYQSNPQS"/>
  <move id="1" source="A4" target="A5"/>
  <move id="2" source="A7" target="A5"/>
  <move id="3" source="A5" target="A6"/>
  <move id="4" source="E7" target="E4"/>
  <move id="5" source="A6" target="A7"/>
  <move id="6" source="B7" target="A7"/>
  <move id="7" source="A3" target="A4"/>
  <move id="8" source="A7" target="A6"/>
  <move id="9" source="A4" target="A5"/>
  <move id="10" source="A6" target="A5"/>
  <move id="11" source="B4" target="A4"/>
  <move id="12" source="C7" target="B7"/>
  <move id="13" source="B3" target="B4"/>
  <move id="14" source="B7" target="A7"/>
  <move id="15" source="B4" target="B5"/>
  <move id="16" source="D7" target="C7"/>
  <move id="17" source="B5" target="B6"/>
  <move id="18" source="I7" target="I4"/>
  <move id="19" source="B6" target="A6"/>
  <move id="20" source="A7" target="B7"/>
  <move id="21" source="C4" target="B4"/>
  <move id="22" source="C7" target="E7"/>
  <move id="23" source="B4" target="B5"/>
  <move id="24" source="B7" target="C7"/>
  <move id="25" source="B5" target="B6"/>
  <move id="26" source="D8" target="D7"/>
  <move id="27" source="B6" target="B7"/>
  <move id="28" source="H7" target="I7"/>
  <move id="29" source="A6" target="A7"/>
  <move id="30" source="I7" target="I6"/>
  <move id="31" source="B7" target="B8"/>
  <move id="32" source="A8" target="A7"/>
  <move id="33" source="A7" target="B7"/>
  <move id="34" source="I6" target="K6"/>
  <move id="35" source="A4" target="A5"/>
  <move id="36" source="H8" target="H7"/>
  <move id="37" source="A5" target="A6"/>
  <move id="38" source="H7" target="I7"/>
  <move id="39" source="A6" target="A7"/>
  <move id="40" source="I7" target="I6"/>
  <move id="41" source="A7" target="A8"/>
  <move id="42" source="I6" target="I5"/>
  <move id="43" source="A8" target="B8"/>
  <move id="44" source="I5" target="I4"/>
  <move id="45" source="H4" target="I4"/>
  <move id="46" source="I8" target="I7"/>
  <move id="47" source="B8" target="C8"/>
  <move id="48" source="C7" target="C8"/>
  <move id="49" source="B7" target="B8"/>
  <move id="50" source="I7" target="I6"/>
  <move id="51" source="B8" target="C8"/>
  <move id="52" source="I6" target="I5"/>
  <move id="53" source="C8" target="B8"/>
  <move id="54" source="I5" target="I4"/>
  <move id="55" source="A2" target="A3"/>
  <move id="56" source="I4" target="I3"/>
  <move id="57" source="A3" target="A4"/>
  <move id="58" source="G7" target="H7"/>
  <move id="59" source="A4" target="A5"/>
  <move id="60" source="H7" target="I7"/>
  <move id="61" source="A5" target="A6"/>
  <move id="62" source="I7" target="I6"/>
  <move id="63" source="A6" target="A7"/>
  <move id="64" source="I6" target="I5"/>
  <move id="65" source="A7" target="A8"/>
  <move id="66" source="I5" target="I4"/>
  <move id="67" source="A8" target="A9"/>
  <move id="68" source="I4" target="H4"/>
  <move id="69" source="A1" target="A2"/>
  <move id="70" source="H4" target="H3"/>
  <move id="71" source="A2" target="A3"/>
  <move id="72" source="H3" target="H2"/>
  <move id="73" source="A3" target="A4"/>
  <move id="74" source="H2" target="I2"/>
  <move id="75" source="A4" target="A5"/>
  <move id="76" source="I2" target="K2"/>
  <move id="77" source="A5" target="A6"/>
  <move id="78" source="K2" target="K1"/>
  <move id="79" source="A6" target="A7"/>
  <move id="80" source="K1" target="I1"/>
  <move id="81" source="A7" target="A8"/>
  <move id="82" source="I1" target="H1"/>
  <move id="83" source="A8" target="A9"/>
  <move id="84" source="H1" target="G1"/>
  <move id="85" source="A9" target="A:"/>
  <move id="86" source="G1" target="G2"/>
  <move id="87" source="A:" target="B:"/>
  <move id="88" source="G2" target="F2"/>
  <move id="89" source="B:" target="C:"/>
  <move id="90" source="F2" target="E2"/>
  <move id="91" source="D2" target="E2"/>
  <move id="92" source="H9" target="H8"/>
  <move id="93" source="B2" target="B3"/>
  <move id="94" source="H8" target="I8"/>
  <move id="95" source="B3" target="B4"/>
  <move id="96" source="I8" target="I7"/>
  <move id="97" source="B4" target="B5"/>
  <move id="98" source="I7" target="I6"/>
  <move id="99" source="B5" target="B6"/>
  <move id="100" source="I6" target="I5"/>
  <move id="101" source="B6" target="B7"/>
  <move id="102" source="I5" target="I4"/>
  <move id="103" source="B7" target="A7"/>
  <move id="104" source="I4" target="H4"/>
  <move id="105" source="A7" target="A8"/>
  <move id="106" source="H4" target="H3"/>
  <move id="107" source="A8" target="A9"/>
  <move id="108" source="H3" target="H2"/>
  <move id="109" source="A9" target="A:"/>
  <move id="110" source="H2" target="H1"/>
  <move id="111" source="F1" target="F2"/>
  <move id="112" source="H1" target="G1"/>
  <move id="113" source="A:" target="B:"/>
  <move id="114" source="G1" target="F1"/>
  <move id="115" source="E1" target="F1"/>
  <move id="116" source="K8" target="I8"/>
  <move id="117" source="B:" target="C:"/>
  <move id="118" source="C9" target="C:"/>
  <move id="119" source="C3" target="B3"/>
  <move id="120" source="I8" target="I7"/>
  <move id="121" source="B3" target="B4"/>
  <move id="122" source="I7" target="I6"/>
  <move id="123" source="B4" target="B5"/>
  <move id="124" source="I6" target="I5"/>
  <move id="125" source="B5" target="B6"/>
  <move id="126" source="I5" target="I4"/>
  <move id="127" source="B6" target="B7"/>
  <move id="128" source="I4" target="H4"/>
  <move id="129" source="B7" target="C7"/>
  <move id="130" source="H4" target="H3"/>
  <move id="131" source="C7" target="C8"/>
  <move id="132" source="H3" target="H2"/>
  <move id="133" source="C8" target="C9"/>
  <move id="134" source="H2" target="H1"/>
  <move id="135" source="C9" target="D9"/>
  <move id="136" source="H1" target="D1"/>
  <move id="137" source="B8" target="C8"/>
  <move id="138" source="K6" target="I6"/>
  <move id="139" source="C8" target="C9"/>
  <move id="140" source="I6" target="I5"/>
  <move id="141" source="C9" target="C:"/>
  <move id="142" source="I5" target="I4"/>
  <move id="143" source="D9" target="D:"/>
  <player id="1">Player 1</player>
  <player id="2">Player 2</player>
  <result type="1" winner="1"/>
 </game>
</stratego>