<?xml version="1.0" encoding="UTF-8"?>
<stratego>
 <game type="classic">
  
  <field content="BEBMBBEHDIHFEBIGIDDHJGCKDHEJDDGFBFLDGFDEAA__AA__AAAA__AA__AATPVRPPVQTSXPQUTNSNPUNPOWPUQSRNYNRSQQTNPR"/>
  <move id="1" source="E4" target="E5"/>
  <move id="2" source="B7" target="B4"/>
  <move id="3" source="E5" target="E6"/>
  <move id="4" source="F7" target="F4"/>
  <move id="5" source="E6" target="E7"/>
  <move id="6" source="C7" target="B7"/>
  <move id="7" source="E7" target="D7"/>
  <move id="8" source="B7" target="B6"/>
  <move id="9" source="D7" target="D8"/>
  <move id="10" source="B6" target="A6"/>
  <move id="11" source="B4" target="B5"/>
  <move id="12" source="B8" target="B7"/>
  <move id="13" source="D8" target="D7"/>
  <move id="14" source="B7" target="B5"/>
  <move id="15" source="D7" target="C7"/>
  <move id="16" source="C8" target="D8"/>
  <move id="17" source="C7" target="B7"/>
  <move id="18" source="A6" target="A5"/>
  <move id="19" source="B7" target="A7"/>
  <move id="20" source="A8" target="B8"/>
  <move id="21" source="A7" target="A6"/>
  <move id="22" source="A5" target="B5"/>
  <move id="23" source="A6" target="B6"/>
  <move id="24" source="B5" target="B4"/>
  <move id="25" source="B6" target="B5"/>
  <move id="26" source="B4" target="B3"/>
  <move id="27" source="B5" target="B4"/>
  <move id="28" source="B3" target="C3"/>
  <move id="29" source="D3" target="C3"/>
  <move id="30" source="B8" target="C8"/>
  <move id="31" source="E3" target="E8"/>
  <move id="32" source="E8" target="E7"/>
  <move id="33" source="C3" target="D3"/>
  <move id="34" source="E7" target="F7"/>
  <move id="35" source="D3" target="E3"/>
  <move id="36" source="I7" target="I6"/>
  <move id="37" source="F3" target="F4"/>
  <move id="38" source="I6" target="I5"/>
  <move id="39" source="F4" target="F5"/>
  <move id="40" source="I5" target="K5"/>
  <move id="41" source="F5" target="F6"/>
  <move id="42" source="F7" target="E7"/>
  <move id="43" source="F6" target="E6"/>
  <move id="44" source="E7" target="D7"/>
  <move id="45" source="B4" target="B5"/>
  <move id="46" source="D8" target="E8"/>
  <move id="47" source="B5" target="B6"/>
  <move id="48" source="C8" target="D8"/>
  <move id="49" source="B6" target="B7"/>
  <move id="50" source="C9" target="C8"/>
  <move id="51" source="E6" target="E7"/>
  <move id="52" source="D7" target="C7"/>
  <move id="53" source="E7" target="D7"/>
  <move id="54" source="D8" target="D7"/>
  <move id="55" source="E3" target="D3"/>
  <move id="56" source="D7" target="D8"/>
  <move id="57" source="D3" target="C3"/>
  <move id="58" source="C7" target="D7"/>
  <move id="59" source="A4" target="A5"/>
  <move id="60" source="D7" target="E7"/>
  <move id="61" source="A5" target="A6"/>
  <move id="62" source="B9" target="B8"/>
  <move id="63" source="A6" target="A7"/>
  <move id="64" source="B8" target="A8"/>
  <move id="65" source="A7" target="A8"/>
  <move id="66" source="K5" target="K4"/>
  <move id="67" source="A8" target="B8"/>
  <move id="68" source="C8" target="C9"/>
  <move id="69" source="B7" target="C7"/>
  <move id="70" source="D8" target="C8"/>
  <move id="71" source="C7" target="C8"/>
  <move id="72" source="K4" target="I4"/>
  <move id="73" source="C3" target="D3"/>
  <move id="74" source="E7" target="D7"/>
  <move id="75" source="D3" target="E3"/>
  <move id="76" source="D7" target="C7"/>
  <move id="77" source="E3" target="E4"/>
  <move id="78" source="E8" target="D8"/>
  <move id="79" source="B8" target="A8"/>
  <move id="80" source="C7" target="B7"/>
  <move id="81" source="E4" target="E5"/>
  <move id="82" source="D8" target="C8"/>
  <move id="83" source="E5" target="E6"/>
  <move id="84" source="C8" target="B8"/>
  <move id="85" source="E6" target="E7"/>
  <move id="86" source="B7" target="B6"/>
  <move id="87" source="A8" target="A7"/>
  <move id="88" source="B6" target="B5"/>
  <move id="89" source="G3" target="F3"/>
  <move id="90" source="B8" target="B7"/>
  <move id="91" source="A7" target="A8"/>
  <move id="92" source="B7" target="B8"/>
  <move id="93" source="A8" target="A7"/>
  <move id="94" source="C9" target="B9"/>
  <move id="95" source="F3" target="F4"/>
  <move id="96" source="I4" target="K4"/>
  <move id="97" source="F4" target="F5"/>
  <move id="98" source="I8" target="I3"/>
  <move id="99" source="F5" target="F6"/>
  <move id="100" source="H7" target="I7"/>
  <move id="101" source="F6" target="F7"/>
  <move id="102" source="I7" target="I6"/>
  <move id="103" source="F7" target="G7"/>
  <move id="104" source="I6" target="K6"/>
  <move id="105" source="E7" target="F7"/>
  <move id="106" source="G7" target="H7"/>
  <move id="107" source="F7" target="G7"/>
  <move id="108" source="H7" target="I7"/>
  <move id="109" source="G7" target="H7"/>
  <move id="110" source="I7" target="I6"/>
  <move id="111" source="H7" target="I7"/>
  <move id="112" source="I6" target="I5"/>
  <move id="113" source="I7" target="I6"/>
  <move id="114" source="I5" target="I4"/>
  <move id="115" source="I6" target="K6"/>
  <move id="116" source="K4" target="K3"/>
  <move id="117" source="K6" target="K5"/>
  <move id="118" source="K3" target="K2"/>
  <move id="119" source="K5" target="I5"/>
  <move id="120" source="I4" target="K4"/>
  <move id="121" source="I5" target="I6"/>
  <move id="122" source="D9" target="D8"/>
  <move id="123" source="I6" target="I7"/>
  <move id="124" source="D8" target="E8"/>
  <move id="125" source="I7" target="H7"/>
  <move id="126" source="E8" target="E7"/>
  <move id="127" source="H7" target="G7"/>
  <move id="128" source="E7" target="E6"/>
  <move id="129" source="G7" target="F7"/>
  <move id="130" source="E6" target="E5"/>
  <move id="131" source="F7" target="E7"/>
  <move id="132" source="E5" target="E4"/>
  <move id="133" source="E7" target="D7"/>
  <move id="134" source="E4" target="F4"/>
  <move id="135" source="D7" target="D8"/>
  <move id="136" source="B8" target="A8"/>
  <move id="137" source="A7" target="B7"/>
  <move id="138" source="F4" target="F3"/>
  <move id="139" source="D8" target="C8"/>
  <move id="140" source="E9" target="E2"/>
  <move id="141" source="F2" target="F3"/>
  <move id="142" source="G8" target="G7"/>
  <move id="143" source="C8" target="C7"/>
  <move id="144" source="G7" target="F7"/>
  <move id="145" source="C7" target="D7"/>
  <move id="146" source="F7" target="F6"/>
  <move id="147" source="D7" target="E7"/>
  <move id="148" source="F3" target="E3"/>
  <move id="149" source="E2" target="F2"/>
  <move id="150" source="E3" target="F3"/>
  <move id="151" source="F2" target="E2"/>
  <move id="152" source="A8" target="B8"/>
  <move id="153" source="E7" target="E8"/>
  <move id="154" source="F6" target="F5"/>
  <move id="155" source="E8" target="D8"/>
  <move id="156" source="B8" target="A8"/>
  <move id="157" source="D8" target="D9"/>
  <move id="158" source="F3" target="F4"/>
  <move id="159" source="D9" target="C9"/>
  <move id="160" source="F5" target="E5"/>
  <move id="161" source="C9" target="B9"/>
  <move id="162" source="E5" target="E4"/>
  <move id="163" source="B9" target="B8"/>
  <move id="164" source="A8" target="A7"/>
  <move id="165" source="B7" target="B6"/>
  <move id="166" source="E4" target="D4"/>
  <move id="167" source="A3" target="A4"/>
  <move id="168" source="F4" target="E4"/>
  <move id="169" source="E2" target="F2"/>
  <move id="170" source="D4" target="C4"/>
  <move id="171" source="H3" target="I3"/>
  <move id="172" source="E4" target="E3"/>
  <move id="173" source="B6" target="B7"/>
  <move id="174" source="I9" target="I8"/>
  <move id="175" source="B7" target="C7"/>
  <move id="176" source="I8" target="I7"/>
  <move id="177" source="B8" target="B7"/>
  <move id="178" source="A7" target="A8"/>
  <move id="179" source="A4" target="B4"/>
  <move id="180" source="I7" target="H7"/>
  <move id="181" source="B4" target="B5"/>
  <move id="182" source="H7" target="G7"/>
  <move id="183" source="B5" target="A5"/>
  <move id="184" source="G7" target="F7"/>
  <move id="185" source="B7" target="B8"/>
  <move id="186" source="A8" target="A7"/>
  <move id="187" source="A5" target="A6"/>
  <move id="188" source="F7" target="F6"/>
  <move id="189" source="A6" target="A7"/>
  <move id="190" source="F6" target="F5"/>
  <move id="191" source="B8" target="C8"/>
  <move id="192" source="E3" target="E4"/>
  <move id="193" source="C8" target="D8"/>
  <move id="194" source="F5" target="F4"/>
  <move id="195" source="F2" target="F3"/>
  <move id="196" source="F4" target="G4"/>
  <move id="197" source="D8" target="D7"/>
  <move id="198" source="E4" target="F4"/>
  <move id="199" source="F3" target="E3"/>
  <move id="200" source="F4" target="G4"/>
  <move id="201" source="D7" target="E7"/>
  <move id="202" source="G4" target="F4"/>
  <move id="203" source="E7" target="F7"/>
  <move id="204" source="K4" target="I4"/>
  <move id="205" source="I3" target="I4"/>
  <move id="206" source="F4" target="E4"/>
  <move id="207" source="E3" target="F3"/>
  <move id="208" source="K8" target="I8"/>
  <move id="209" source="F3" target="G3"/>
  <move id="210" source="I8" target="I7"/>
  <move id="211" source="G3" target="H3"/>
  <move id="212" source="I7" target="I6"/>
  <move id="213" source="H3" target="I3"/>
  <move id="214" source="I6" target="I5"/>
  <move id="215" source="I3" target="I4"/>
  <move id="216" source="I5" target="I4"/>
  <move id="217" source="A7" target="A8"/>
  <move id="218" source="E4" target="E3"/>
  <move id="219" source="A8" target="B8"/>
  <move id="220" source="K7" target="I7"/>
  <move id="221" source="C7" target="D7"/>
  <move id="222" source="I7" target="I6"/>
  <move id="223" source="G2" target="G3"/>
  <move id="224" source="E3" target="F3"/>
  <move id="225" source="G3" target="H3"/>
  <move id="226" source="I6" target="K6"/>
  <move id="227" source="H3" target="I3"/>
  <move id="228" source="K6" target="K5"/>
  <move id="229" source="I3" target="K3"/>
  <move id="230" source="K5" target="I5"/>
  <move id="231" source="K3" target="K4"/>
  <move id="232" source="F3" target="E3"/>
  <move id="233" source="B8" target="C8"/>
  <move id="234" source="E3" target="E4"/>
  <move id="235" source="C8" target="C9"/>
  <move id="236" source="E4" target="E5"/>
  <move id="237" source="F7" target="F6"/>
  <move id="238" source="E5" target="E4"/>
  <move id="239" source="A2" target="A3"/>
  <move id="240" source="E4" target="E3"/>
  <move id="241" source="A3" target="A4"/>
  <move id="242" source="I5" target="I4"/>
  <move id="243" source="K4" target="I4"/>
  <move id="244" source="E:" target="E9"/>
  <move id="245" source="I4" target="I5"/>
  <move id="246" source="E9" target="E8"/>
  <move id="247" source="I5" target="I6"/>
  <move id="248" source="E8" target="D8"/>
  <move id="249" source="D7" target="E7"/>
  <move id="250" source="D8" target="D7"/>
  <move id="251" source="C9" target="C8"/>
  <move id="252" source="E3" target="D3"/>
  <move id="253" source="E7" target="E8"/>
  <move id="254" source="F9" target="E9"/>
  <move id="255" source="F6" target="E6"/>
  <move id="256" source="E9" target="D9"/>
  <move id="257" source="E6" target="E7"/>
  <move id="258" source="D7" target="C7"/>
  <move id="259" source="C8" target="C7"/>
  <move id="260" source="G9" target="G8"/>
  <move id="261" source="E7" target="F7"/>
  <move id="262" source="D9" target="D8"/>
  <move id="263" source="F7" target="G7"/>
  <move id="264" source="G8" target="G9"/>
  <move id="265" source="E8" target="E9"/>
  <move id="266" source="G9" target="F9"/>
  <move id="267" source="E9" target="E:"/>
  <move id="268" source="D:" target="E:"/>
  <move id="269" source="A4" target="A5"/>
  <move id="270" source="H9" target="I9"/>
  <move id="271" source="G7" target="F7"/>
  <move id="272" source="I9" target="I8"/>
  <move id="273" source="F7" target="E7"/>
  <move id="274" source="I8" target="K8"/>
  <move id="275" source="I6" target="K6"/>
  <move id="276" source="I:" target="I3"/>
  <move id="277" source="I2" target="I3"/>
  <move id="278" source="D8" target="D9"/>
  <move id="279" source="K6" target="K7"/>
  <move id="280" source="K8" target="I8"/>
  <move id="281" source="K7" target="I7"/>
  <move id="282" source="I8" target="I9"/>
  <move id="283" source="C7" target="C8"/>
  <move id="284" source="I9" target="H9"/>
  <move id="285" source="E7" target="E8"/>
  <move id="286" source="H9" target="G9"/>
  <move id="287" source="C8" target="C9"/>
  <move id="288" source="D9" target="D:"/>
  <move id="289" source="C9" target="D9"/>
  <move id="290" source="D:" target="E:"/>
  <move id="291" source="D9" target="E9"/>
  <move id="292" source="C:" target="C9"/>
  <move id="293" source="E9" target="F9"/>
  <move id="294" source="C9" target="C8"/>
  <move id="295" source="F9" target="G9"/>
  <move id="296" source="C8" target="B8"/>
  <move id="297" source="E8" target="E7"/>
  <move id="298" source="B8" target="A8"/>
  <move id="299" source="A5" target="B5"/>
  <move id="300" source="A8" target="A7"/>
  <move id="301" source="G9" target="G8"/>
  <move id="302" source="A7" target="A6"/>
  <move id="303" source="E7" target="E6"/>
  <move id="304" source="E:" target="D:"/>
  <move id="305" source="E6" target="E7"/>
  <move id="306" source="D:" target="D9"/>
  <move id="307" source="E7" target="D7"/>
  <move id="308" source="D9" target="D:"/>
  <move id="309" source="G8" target="G7"/>
  <move id="310" source="D3" target="C3"/>
  <move id="311" source="D7" target="C7"/>
  <move id="312" source="C3" target="B3"/>
  <move id="313" source="C7" target="B7"/>
  <move id="314" source="B3" target="B4"/>
  <move id="315" source="B7" target="B6"/>
  <move id="316" source="A6" target="A5"/>
  <move id="317" source="G7" target="F7"/>
  <move id="318" source="A5" target="A4"/>
  <move id="319" source="B5" target="A5"/>
  <move id="320" source="A4" target="A5"/>
  <move id="321" source="B6" target="B5"/>
  <move id="322" source="B4" target="B3"/>
  <move id="323" source="A5" target="A6"/>
  <move id="324" source="B3" target="C3"/>
  <move id="325" source="F7" target="E7"/>
  <move id="326" source="C3" target="D3"/>
  <move id="327" source="E7" target="E8"/>
  <move id="328" source="D:" target="D9"/>
  <move id="329" source="B5" target="B6"/>
  <move id="330" source="K:" target="I:"/>
  <move id="331" source="B6" target="B7"/>
  <move id="332" source="I:" target="I9"/>
  <move id="333" source="B7" target="B8"/>
  <move id="334" source="I9" target="H9"/>
  <move id="335" source="B8" target="B9"/>
  <move id="336" source="H9" target="G9"/>
  <move id="337" source="B9" target="C9"/>
  <move id="338" source="D9" target="D:"/>
  <move id="339" source="I7" target="H7"/>
  <move id="340" source="G9" target="G8"/>
  <move id="341" source="H7" target="G7"/>
  <move id="342" source="G8" target="G9"/>
  <move id="343" source="E8" target="D8"/>
  <move id="344" source="G9" target="H9"/>
  <move id="345" source="C9" target="C:"/>
  <move id="346" source="D:" target="E:"/>
  <move id="347" source="D8" target="E8"/>
  <move id="348" source="H9" target="I9"/>
  <move id="349" source="G7" target="H7"/>
  <move id="350" source="I9" target="I8"/>
  <move id="351" source="C:" target="D:"/>
  <move id="352" source="I8" target="K8"/>
  <move id="353" source="H7" target="I7"/>
  <move id="354" source="G:" target="G9"/>
  <move id="355" source="D:" target="E:"/>
  <move id="356" source="G9" target="G8"/>
  <move id="357" source="E8" target="E7"/>
  <move id="358" source="D3" target="E3"/>
  <move id="359" source="B2" target="A2"/>
  <move id="360" source="E3" target="F3"/>
  <move id="361" source="K1" target="K2"/>
  <move id="362" source="F3" target="F2"/>
  <move id="363" source="I7" target="K7"/>
  <move id="364" source="F2" target="F1"/>
  <move id="365" source="K7" target="K8"/>
  <player id="1">Player 1</player>
  <player id="2">Player 2</player>
  <result type="3" winner="1"/>
 </game>
</stratego>