<?xml version="1.0" encoding="UTF-8"?>
<stratego>
 <game type="classic">
  
  <field content="GBGFBMBGDIJEFEKBGEFLHDBCFIDJDEDHEDHDIBHDAA__AA__AAAA__AA__AATPSXRPSOTPNRVPTPVPWPNQUNRSUQUTRQNYNQSNQP"/>
  <move id="1" source="A4" target="A7"/>
  <move id="2" source="B7" target="B4"/>
  <move id="3" source="K4" target="K7"/>
  <move id="4" source="F7" target="F4"/>
  <move id="5" source="I4" target="K4"/>
  <move id="6" source="A7" target="A6"/>
  <move id="7" source="K4" target="K5"/>
  <move id="8" source="A6" target="A5"/>
  <move id="9" source="K3" target="K4"/>
  <move id="10" source="A5" target="B5"/>
  <move id="11" source="K5" target="K6"/>
  <move id="12" source="B5" target="B4"/>
  <move id="13" source="K4" target="K5"/>
  <move id="14" source="B8" target="B7"/>
  <move id="15" source="K6" target="K7"/>
  <move id="16" source="B7" target="B6"/>
  <move id="17" source="K5" target="K6"/>
  <move id="18" source="B6" target="B5"/>
  <move id="19" source="B3" target="B5"/>
  <move id="20" source="B5" target="B6"/>
  <move id="21" source="K7" target="K8"/>
  <move id="22" source="I8" target="K8"/>
  <move id="23" source="I3" target="I7"/>
  <move id="24" source="K8" target="I8"/>
  <move id="25" source="K2" target="K3"/>
  <move id="26" source="G7" target="F7"/>
  <move id="27" source="K3" target="K4"/>
  <move id="28" source="G8" target="G7"/>
  <move id="29" source="K4" target="K5"/>
  <move id="30" source="H8" target="G8"/>
  <move id="31" source="K5" target="I5"/>
  <move id="32" source="F7" target="F6"/>
  <move id="33" source="I5" target="I6"/>
  <move id="34" source="G7" target="F7"/>
  <move id="35" source="I6" target="I7"/>
  <move id="36" source="H7" target="I7"/>
  <move id="37" source="K6" target="K7"/>
  <move id="38" source="I7" target="K7"/>
  <move id="39" source="E4" target="E5"/>
  <move id="40" source="I8" target="I7"/>
  <move id="41" source="K7" target="K8"/>
  <move id="42" source="K9" target="K8"/>
  <move id="43" source="E3" target="E4"/>
  <move id="44" source="F7" target="G7"/>
  <move id="45" source="E4" target="F4"/>
  <move id="46" source="E7" target="F7"/>
  <move id="47" source="D4" target="E4"/>
  <move id="48" source="G7" target="H7"/>
  <move id="49" source="E5" target="F5"/>
  <move id="50" source="H7" target="H8"/>
  <move id="51" source="F5" target="F6"/>
  <move id="52" source="F7" target="E7"/>
  <move id="53" source="F6" target="E6"/>
  <move id="54" source="I7" target="H7"/>
  <move id="55" source="E6" target="E7"/>
  <move id="56" source="D7" target="E7"/>
  <move id="57" source="A3" target="A4"/>
  <move id="58" source="H7" target="I7"/>
  <move id="59" source="A4" target="A5"/>
  <move id="60" source="I7" target="I6"/>
  <move id="61" source="A5" target="A6"/>
  <move id="62" source="B6" target="A6"/>
  <move id="63" source="A2" target="A3"/>
  <move id="64" source="I6" target="I5"/>
  <move id="65" source="A3" target="A4"/>
  <move id="66" source="I5" target="I4"/>
  <move id="67" source="A4" target="A5"/>
  <move id="68" source="E7" target="E6"/>
  <move id="69" source="A5" target="B5"/>
  <move id="70" source="C7" target="D7"/>
  <move id="71" source="B5" target="B6"/>
  <move id="72" source="D7" target="E7"/>
  <move id="73" source="B6" target="B7"/>
  <move id="74" source="E7" target="F7"/>
  <move id="75" source="B7" target="C7"/>
  <move id="76" source="C8" target="B8"/>
  <move id="77" source="A6" target="A7"/>
  <move id="78" source="E6" target="E7"/>
  <move id="79" source="C7" target="C8"/>
  <move id="80" source="B8" target="B7"/>
  <move id="81" source="A7" target="A8"/>
  <move id="82" source="D8" target="C8"/>
  <move id="83" source="C8" target="D8"/>
  <move id="84" source="B7" target="C7"/>
  <move id="85" source="B2" target="A2"/>
  <move id="86" source="C7" target="C8"/>
  <move id="87" source="D8" target="D9"/>
  <move id="88" source="I4" target="I3"/>
  <move id="89" source="A2" target="A3"/>
  <move id="90" source="G8" target="G7"/>
  <move id="91" source="A3" target="A4"/>
  <move id="92" source="G7" target="I7"/>
  <move id="93" source="A4" target="A5"/>
  <move id="94" source="C8" target="C7"/>
  <move id="95" source="A5" target="A6"/>
  <move id="96" source="C7" target="B7"/>
  <move id="97" source="A6" target="A7"/>
  <move id="98" source="B7" target="A7"/>
  <move id="99" source="C4" target="B4"/>
  <move id="100" source="I7" target="I4"/>
  <move id="101" source="B4" target="B5"/>
  <move id="102" source="I4" target="H4"/>
  <move id="103" source="B5" target="B6"/>
  <move id="104" source="F7" target="G7"/>
  <move id="105" source="B6" target="B7"/>
  <move id="106" source="A7" target="B7"/>
  <move id="107" source="D3" target="D4"/>
  <move id="108" source="B7" target="A7"/>
  <move id="109" source="D4" target="C4"/>
  <move id="110" source="G7" target="H7"/>
  <move id="111" source="C4" target="B4"/>
  <move id="112" source="H7" target="I7"/>
  <move id="113" source="B4" target="B5"/>
  <move id="114" source="I7" target="K7"/>
  <move id="115" source="B5" target="B6"/>
  <move id="116" source="K7" target="K6"/>
  <move id="117" source="E2" target="E3"/>
  <move id="118" source="K6" target="K5"/>
  <move id="119" source="E3" target="D3"/>
  <move id="120" source="K5" target="K4"/>
  <move id="121" source="D3" target="D4"/>
  <move id="122" source="K4" target="K3"/>
  <move id="123" source="D4" target="C4"/>
  <move id="124" source="K3" target="K2"/>
  <move id="125" source="I2" target="K2"/>
  <move id="126" source="K2" target="K1"/>
  <move id="127" source="K1" target="K2"/>
  <move id="128" source="I3" target="I2"/>
  <move id="129" source="K2" target="K3"/>
  <move id="130" source="H8" target="H7"/>
  <move id="131" source="C4" target="B4"/>
  <move id="132" source="H7" target="I7"/>
  <move id="133" source="B4" target="A4"/>
  <move id="134" source="I7" target="K7"/>
  <move id="135" source="A4" target="A5"/>
  <move id="136" source="K7" target="K6"/>
  <move id="137" source="A5" target="A6"/>
  <move id="138" source="K6" target="K5"/>
  <move id="139" source="A6" target="A7"/>
  <move id="140" source="K5" target="K4"/>
  <move id="141" source="A7" target="B7"/>
  <move id="142" source="E7" target="D7"/>
  <move id="143" source="B7" target="B8"/>
  <move id="144" source="K4" target="K3"/>
  <move id="145" source="E4" target="E8"/>
  <move id="146" source="I2" target="I3"/>
  <move id="147" source="F4" target="E4"/>
  <move id="148" source="I3" target="I4"/>
  <move id="149" source="G4" target="F4"/>
  <move id="150" source="I4" target="I5"/>
  <move id="151" source="F4" target="F5"/>
  <move id="152" source="I5" target="I6"/>
  <move id="153" source="F5" target="F6"/>
  <move id="154" source="I6" target="I7"/>
  <move id="155" source="F6" target="F7"/>
  <move id="156" source="I7" target="H7"/>
  <move id="157" source="F7" target="F8"/>
  <move id="158" source="E8" target="E7"/>
  <move id="159" source="F8" target="E8"/>
  <move id="160" source="E7" target="E6"/>
  <move id="161" source="E8" target="E9"/>
  <move id="162" source="D7" target="D8"/>
  <move id="163" source="E9" target="E:"/>
  <move id="164" source="H7" target="G7"/>
  <move id="165" source="H3" target="I3"/>
  <move id="166" source="K3" target="I3"/>
  <move id="167" source="B6" target="B7"/>
  <move id="168" source="G7" target="F7"/>
  <move id="169" source="B8" target="B9"/>
  <move id="170" source="C9" target="C8"/>
  <move id="171" source="B9" target="B:"/>
  <move id="172" source="C8" target="B8"/>
  <move id="173" source="B7" target="C7"/>
  <move id="174" source="B8" target="B7"/>
  <move id="175" source="B:" target="A:"/>
  <move id="176" source="B7" target="C7"/>
  <move id="177" source="A:" target="A9"/>
  <move id="178" source="D8" target="C8"/>
  <player id="1">Player 1</player>
  <player id="2">Player 2</player>
  <result type="3" winner="2"/>
 </game>
</stratego>