<?xml version="1.0" encoding="UTF-8"?>
<stratego>
 <game type="classic">
  
  <field content="FBEGBEFMEGBGHBEIBGBEKDCJDDDDDLFIDHDHJHIFAA__AA__AAAA__AA__AAXPNRVSTSTNQQUNQSOTRYTNWNNRRPPQPPUSUPPVQP"/>
  <move id="1" source="B4" target="B5"/>
  <move id="2" source="F7" target="F6"/>
  <move id="3" source="B5" target="B6"/>
  <move id="4" source="B7" target="B6"/>
  <move id="5" source="E4" target="E5"/>
  <move id="6" source="B8" target="B7"/>
  <move id="7" source="B6" target="B5"/>
  <move id="8" source="A7" target="A6"/>
  <move id="9" source="F4" target="F5"/>
  <move id="10" source="F6" target="E6"/>
  <move id="11" source="E5" target="E4"/>
  <move id="12" source="F8" target="F7"/>
  <move id="13" source="F5" target="E5"/>
  <move id="14" source="F7" target="F6"/>
  <move id="15" source="E4" target="F4"/>
  <move id="16" source="B7" target="B6"/>
  <move id="17" source="B5" target="B6"/>
  <move id="18" source="A6" target="B6"/>
  <move id="19" source="E5" target="E6"/>
  <move id="20" source="F6" target="F5"/>
  <move id="21" source="D4" target="E4"/>
  <move id="22" source="B6" target="B5"/>
  <move id="23" source="E6" target="F6"/>
  <move id="24" source="F5" target="E5"/>
  <move id="25" source="E4" target="E5"/>
  <move id="26" source="E7" target="E6"/>
  <move id="27" source="F4" target="F5"/>
  <move id="28" source="B5" target="B4"/>
  <move id="29" source="E5" target="E4"/>
  <move id="30" source="B4" target="C4"/>
  <move id="31" source="C3" target="C4"/>
  <player id="1">Player 1</player>
  <player id="2">Player 2</player>
  <result type="3" winner="1"/>
 </game>
</stratego>