<?xml version="1.0" encoding="UTF-8"?>
<stratego>
 <game type="classic">
  
  <field content="EFGHBMBBDEDBDEEBBEIDIDHJIKCJHFGDDGFHLFGDAA__AA__AAAA__AA__AATUXUPRNTRSWQQQNSUPSTPYVNVQNOSRPPPPPNRNQT"/>
  <move id="1" source="B4" target="B7"/>
  <move id="2" source="B7" target="B6"/>
  <move id="3" source="A4" target="A5"/>
  <move id="4" source="B6" target="A6"/>
  <move id="5" source="A5" target="B5"/>
  <move id="6" source="A7" target="B7"/>
  <move id="7" source="A3" target="A4"/>
  <move id="8" source="B7" target="B6"/>
  <move id="9" source="A4" target="A5"/>
  <move id="10" source="A8" target="A7"/>
  <move id="11" source="A5" target="A6"/>
  <move id="12" source="B6" target="B5"/>
  <move id="13" source="C4" target="B4"/>
  <move id="14" source="B5" target="B6"/>
  <move id="15" source="B4" target="B5"/>
  <move id="16" source="A7" target="B7"/>
  <move id="17" source="A2" target="A7"/>
  <move id="18" source="A9" target="A7"/>
  <move id="19" source="K4" target="K7"/>
  <move id="20" source="F7" target="F6"/>
  <move id="21" source="I4" target="K4"/>
  <move id="22" source="F6" target="F5"/>
  <move id="23" source="K4" target="K5"/>
  <move id="24" source="E7" target="E4"/>
  <move id="25" source="K5" target="K6"/>
  <move id="26" source="F5" target="E5"/>
  <move id="27" source="B3" target="B4"/>
  <move id="28" source="F8" target="F7"/>
  <move id="29" source="B4" target="A4"/>
  <move id="30" source="F7" target="F6"/>
  <move id="31" source="A4" target="A7"/>
  <move id="32" source="A:" target="A7"/>
  <move id="33" source="C3" target="B3"/>
  <move id="34" source="F6" target="F5"/>
  <move id="35" source="B3" target="A3"/>
  <move id="36" source="B8" target="A8"/>
  <move id="37" source="A3" target="A4"/>
  <move id="38" source="A8" target="A7"/>
  <move id="39" source="A4" target="A5"/>
  <move id="40" source="A7" target="A6"/>
  <move id="41" source="A5" target="A6"/>
  <move id="42" source="B6" target="A6"/>
  <move id="43" source="B5" target="B7"/>
  <move id="44" source="B:" target="A:"/>
  <move id="45" source="E4" target="E5"/>
  <move id="46" source="F5" target="F4"/>
  <move id="47" source="D4" target="E4"/>
  <move id="48" source="D7" target="E7"/>
  <move id="49" source="K6" target="K7"/>
  <move id="50" source="E7" target="F7"/>
  <move id="51" source="I3" target="I4"/>
  <move id="52" source="F7" target="F6"/>
  <move id="53" source="I4" target="I5"/>
  <move id="54" source="F6" target="F5"/>
  <move id="55" source="H3" target="I3"/>
  <move id="56" source="A:" target="A9"/>
  <move id="57" source="I3" target="I4"/>
  <move id="58" source="A9" target="A8"/>
  <move id="59" source="I5" target="K5"/>
  <move id="60" source="A8" target="A7"/>
  <move id="61" source="I4" target="I5"/>
  <move id="62" source="A7" target="A6"/>
  <move id="63" source="K5" target="K6"/>
  <move id="64" source="A6" target="A5"/>
  <move id="65" source="I5" target="I6"/>
  <move id="66" source="A5" target="A4"/>
  <move id="67" source="K6" target="K7"/>
  <move id="68" source="A4" target="A3"/>
  <move id="69" source="K7" target="I7"/>
  <move id="70" source="H7" target="I7"/>
  <move id="71" source="I6" target="I5"/>
  <move id="72" source="A3" target="D3"/>
  <move id="73" source="I5" target="K5"/>
  <move id="74" source="C7" target="D7"/>
  <move id="75" source="E4" target="D4"/>
  <move id="76" source="D7" target="E7"/>
  <move id="77" source="E3" target="E4"/>
  <move id="78" source="E7" target="E6"/>
  <move id="79" source="E4" target="E5"/>
  <move id="80" source="E6" target="E5"/>
  <move id="81" source="F3" target="E3"/>
  <move id="82" source="E5" target="E4"/>
  <move id="83" source="G3" target="F3"/>
  <move id="84" source="E4" target="D4"/>
  <move id="85" source="D3" target="C3"/>
  <move id="86" source="B7" target="B6"/>
  <move id="87" source="F4" target="F5"/>
  <move id="88" source="B6" target="B5"/>
  <move id="89" source="G4" target="F4"/>
  <move id="90" source="F5" target="E5"/>
  <move id="91" source="F4" target="E4"/>
  <move id="92" source="D4" target="E4"/>
  <move id="93" source="E3" target="E4"/>
  <move id="94" source="E5" target="E6"/>
  <move id="95" source="E4" target="E5"/>
  <move id="96" source="E6" target="E7"/>
  <move id="97" source="E5" target="E6"/>
  <move id="98" source="E7" target="D7"/>
  <move id="99" source="E6" target="E7"/>
  <move id="100" source="D7" target="C7"/>
  <move id="101" source="E7" target="D7"/>
  <move id="102" source="C7" target="B7"/>
  <move id="103" source="D7" target="C7"/>
  <move id="104" source="B7" target="B6"/>
  <move id="105" source="C7" target="C8"/>
  <move id="106" source="B5" target="B4"/>
  <move id="107" source="C8" target="D8"/>
  <move id="108" source="B4" target="B3"/>
  <move id="109" source="C3" target="C4"/>
  <move id="110" source="B6" target="A6"/>
  <move id="111" source="D8" target="E8"/>
  <move id="112" source="C9" target="C8"/>
  <move id="113" source="C4" target="D4"/>
  <move id="114" source="C8" target="C7"/>
  <move id="115" source="D4" target="E4"/>
  <move id="116" source="C7" target="D7"/>
  <move id="117" source="E4" target="E5"/>
  <move id="118" source="B3" target="C3"/>
  <move id="119" source="E5" target="E6"/>
  <move id="120" source="C3" target="D3"/>
  <move id="121" source="E6" target="E7"/>
  <move id="122" source="D7" target="E7"/>
  <move id="123" source="F3" target="F4"/>
  <move id="124" source="D3" target="E3"/>
  <move id="125" source="F4" target="F5"/>
  <move id="126" source="E3" target="E4"/>
  <move id="127" source="F5" target="F6"/>
  <move id="128" source="E4" target="E5"/>
  <move id="129" source="F6" target="F7"/>
  <move id="130" source="E5" target="E6"/>
  <move id="131" source="F7" target="G7"/>
  <move id="132" source="F9" target="F8"/>
  <move id="133" source="C2" target="C3"/>
  <move id="134" source="F8" target="F7"/>
  <move id="135" source="C3" target="C4"/>
  <move id="136" source="F7" target="F6"/>
  <move id="137" source="C4" target="B4"/>
  <move id="138" source="E6" target="E7"/>
  <move id="139" source="B4" target="B5"/>
  <move id="140" source="E7" target="D7"/>
  <move id="141" source="B5" target="B6"/>
  <move id="142" source="A6" target="B6"/>
  <move id="143" source="K5" target="K6"/>
  <move id="144" source="F6" target="F5"/>
  <move id="145" source="K6" target="K7"/>
  <move id="146" source="F5" target="F4"/>
  <move id="147" source="K7" target="K8"/>
  <move id="148" source="E9" target="F9"/>
  <move id="149" source="K8" target="I8"/>
  <move id="150" source="F4" target="F3"/>
  <move id="151" source="K3" target="I3"/>
  <move id="152" source="G8" target="F8"/>
  <move id="153" source="K2" target="K9"/>
  <move id="154" source="F8" target="F7"/>
  <move id="155" source="I8" target="K8"/>
  <move id="156" source="F7" target="F6"/>
  <move id="157" source="K8" target="K9"/>
  <move id="158" source="H8" target="F8"/>
  <move id="159" source="K9" target="K8"/>
  <move id="160" source="F8" target="F7"/>
  <move id="161" source="K8" target="I8"/>
  <move id="162" source="F7" target="E7"/>
  <move id="163" source="I3" target="I4"/>
  <move id="164" source="F9" target="F8"/>
  <move id="165" source="I8" target="H8"/>
  <move id="166" source="F8" target="G8"/>
  <move id="167" source="H8" target="H9"/>
  <move id="168" source="G8" target="H8"/>
  <player id="1">Player 1</player>
  <player id="2">Player 2</player>
  <result type="3" winner="2"/>
 </game>
</stratego>