<?xml version="1.0" encoding="UTF-8"?>
<stratego>
 <game type="classic">
  
  <field content="FBEGBEFMEGBGHBEIBGBEKDCJDDDDDLFIDHDHJHIFAA__AA__AAAA__AA__AATPVWTUPSTPQPXQUPVQNPNPOSPQUTNRSQRYNNRSNR"/>
  <move id="1" source="E4" target="E5"/>
  <move id="2" source="A7" target="A6"/>
  <move id="3" source="F4" target="F5"/>
  <move id="4" source="A6" target="A5"/>
  <move id="5" source="E5" target="E6"/>
  <move id="6" source="B7" target="A7"/>
  <move id="7" source="F5" target="F6"/>
  <move id="8" source="B8" target="B4"/>
  <move id="9" source="A4" target="A5"/>
  <move id="10" source="C8" target="B8"/>
  <move id="11" source="E6" target="E7"/>
  <move id="12" source="B8" target="B7"/>
  <move id="13" source="F6" target="E6"/>
  <move id="14" source="B7" target="B6"/>
  <move id="15" source="B4" target="A4"/>
  <move id="16" source="B6" target="B5"/>
  <move id="17" source="A4" target="A5"/>
  <move id="18" source="B5" target="A5"/>
  <move id="19" source="D4" target="E4"/>
  <move id="20" source="C7" target="B7"/>
  <move id="21" source="E4" target="F4"/>
  <move id="22" source="C9" target="C8"/>
  <move id="23" source="E6" target="F6"/>
  <move id="24" source="C8" target="C7"/>
  <move id="25" source="C4" target="B4"/>
  <move id="26" source="D8" target="C8"/>
  <move id="27" source="B4" target="B7"/>
  <move id="28" source="C8" target="B8"/>
  <move id="29" source="E3" target="E4"/>
  <move id="30" source="A5" target="B5"/>
  <move id="31" source="E4" target="D4"/>
  <move id="32" source="A7" target="A3"/>
  <move id="33" source="D4" target="C4"/>
  <move id="34" source="C7" target="C8"/>
  <move id="35" source="C4" target="B4"/>
  <move id="36" source="B5" target="B6"/>
  <move id="37" source="B4" target="A4"/>
  <move id="38" source="D7" target="C7"/>
  <move id="39" source="A4" target="A5"/>
  <move id="40" source="F7" target="F6"/>
  <move id="41" source="F4" target="E4"/>
  <move id="42" source="E7" target="D7"/>
  <move id="43" source="E4" target="E3"/>
  <move id="44" source="D7" target="D8"/>
  <move id="45" source="F3" target="F4"/>
  <move id="46" source="C7" target="D7"/>
  <move id="47" source="F4" target="E4"/>
  <move id="48" source="D7" target="E7"/>
  <move id="49" source="E4" target="D4"/>
  <move id="50" source="F6" target="E6"/>
  <move id="51" source="G3" target="F3"/>
  <move id="52" source="F8" target="F3"/>
  <move id="53" source="H3" target="G3"/>
  <move id="54" source="A8" target="A7"/>
  <move id="55" source="A5" target="A4"/>
  <move id="56" source="A7" target="A6"/>
  <move id="57" source="A4" target="B4"/>
  <move id="58" source="A6" target="A5"/>
  <move id="59" source="B4" target="C4"/>
  <move id="60" source="A5" target="B5"/>
  <move id="61" source="A3" target="A4"/>
  <move id="62" source="G7" target="F7"/>
  <move id="63" source="G3" target="F3"/>
  <move id="64" source="F7" target="F3"/>
  <move id="65" source="I3" target="H3"/>
  <move id="66" source="C8" target="C9"/>
  <move id="67" source="H3" target="G3"/>
  <move id="68" source="E7" target="F7"/>
  <move id="69" source="G3" target="F3"/>
  <move id="70" source="E6" target="E5"/>
  <move id="71" source="F3" target="F4"/>
  <move id="72" source="F7" target="E7"/>
  <move id="73" source="F4" target="F9"/>
  <move id="74" source="E7" target="F7"/>
  <move id="75" source="K3" target="I3"/>
  <move id="76" source="E5" target="E6"/>
  <move id="77" source="I3" target="H3"/>
  <move id="78" source="E6" target="E7"/>
  <move id="79" source="H3" target="G3"/>
  <move id="80" source="E7" target="D7"/>
  <move id="81" source="G3" target="F3"/>
  <move id="82" source="B7" target="A7"/>
  <move id="83" source="F3" target="F4"/>
  <move id="84" source="D7" target="C7"/>
  <move id="85" source="F4" target="F5"/>
  <move id="86" source="C7" target="B7"/>
  <move id="87" source="F5" target="F6"/>
  <move id="88" source="F7" target="E7"/>
  <move id="89" source="F6" target="F7"/>
  <move id="90" source="E7" target="D7"/>
  <move id="91" source="F7" target="E7"/>
  <move id="92" source="D7" target="C7"/>
  <move id="93" source="D4" target="E4"/>
  <move id="94" source="H7" target="G7"/>
  <move id="95" source="E4" target="E5"/>
  <move id="96" source="G7" target="F7"/>
  <move id="97" source="E7" target="F7"/>
  <move id="98" source="C7" target="D7"/>
  <move id="99" source="E5" target="E6"/>
  <move id="100" source="D8" target="C8"/>
  <move id="101" source="F7" target="E7"/>
  <move id="102" source="D7" target="C7"/>
  <move id="103" source="E6" target="F6"/>
  <move id="104" source="I7" target="I6"/>
  <move id="105" source="F6" target="F7"/>
  <move id="106" source="I6" target="I5"/>
  <move id="107" source="F7" target="H7"/>
  <move id="108" source="I5" target="I4"/>
  <move id="109" source="H7" target="H8"/>
  <move id="110" source="G8" target="G7"/>
  <move id="111" source="C4" target="F4"/>
  <move id="112" source="G7" target="H7"/>
  <move id="113" source="I4" target="I3"/>
  <move id="114" source="B8" target="A8"/>
  <move id="115" source="A4" target="B4"/>
  <move id="116" source="C8" target="B8"/>
  <move id="117" source="B4" target="C4"/>
  <move id="118" source="H7" target="I7"/>
  <move id="119" source="C4" target="D4"/>
  <move id="120" source="I7" target="I6"/>
  <move id="121" source="D4" target="E4"/>
  <move id="122" source="I6" target="I5"/>
  <move id="123" source="I3" target="H3"/>
  <move id="124" source="I5" target="I4"/>
  <move id="125" source="H3" target="G3"/>
  <move id="126" source="I4" target="I3"/>
  <move id="127" source="G3" target="F3"/>
  <move id="128" source="I3" target="H3"/>
  <move id="129" source="E4" target="E5"/>
  <move id="130" source="H3" target="G3"/>
  <move id="131" source="G4" target="G3"/>
  <move id="132" source="C7" target="C8"/>
  <move id="133" source="E7" target="F7"/>
  <move id="134" source="A7" target="A6"/>
  <move id="135" source="E5" target="E6"/>
  <move id="136" source="B7" target="A7"/>
  <move id="137" source="E6" target="E7"/>
  <move id="138" source="B6" target="B7"/>
  <move id="139" source="B3" target="B5"/>
  <move id="140" source="B7" target="C7"/>
  <move id="141" source="E7" target="E6"/>
  <move id="142" source="C7" target="D7"/>
  <move id="143" source="E6" target="E5"/>
  <move id="144" source="D7" target="C7"/>
  <move id="145" source="E5" target="E4"/>
  <move id="146" source="C7" target="B7"/>
  <move id="147" source="E4" target="D4"/>
  <move id="148" source="B7" target="B6"/>
  <move id="149" source="D4" target="C4"/>
  <move id="150" source="A7" target="B7"/>
  <move id="151" source="C4" target="B4"/>
  <move id="152" source="B5" target="B4"/>
  <move id="153" source="B4" target="A4"/>
  <move id="154" source="B6" target="B5"/>
  <move id="155" source="B2" target="B3"/>
  <move id="156" source="B5" target="A5"/>
  <move id="157" source="A4" target="B4"/>
  <move id="158" source="A5" target="B5"/>
  <move id="159" source="D3" target="D4"/>
  <move id="160" source="C8" target="D8"/>
  <move id="161" source="D4" target="E4"/>
  <move id="162" source="C9" target="C8"/>
  <move id="163" source="E4" target="E5"/>
  <move id="164" source="C8" target="C7"/>
  <move id="165" source="E5" target="E6"/>
  <move id="166" source="D8" target="D7"/>
  <move id="167" source="E6" target="E7"/>
  <move id="168" source="H8" target="H7"/>
  <move id="169" source="E7" target="D7"/>
  <move id="170" source="H7" target="I7"/>
  <move id="171" source="F4" target="E4"/>
  <move id="172" source="I7" target="I6"/>
  <move id="173" source="E4" target="E5"/>
  <move id="174" source="I6" target="I5"/>
  <move id="175" source="F7" target="F6"/>
  <move id="176" source="I5" target="I4"/>
  <move id="177" source="F6" target="F5"/>
  <move id="178" source="I4" target="H4"/>
  <move id="179" source="E5" target="E8"/>
  <move id="180" source="C7" target="C8"/>
  <move id="181" source="F5" target="E5"/>
  <move id="182" source="C8" target="D8"/>
  <move id="183" source="E5" target="E6"/>
  <move id="184" source="G9" target="G8"/>
  <move id="185" source="E6" target="E7"/>
  <move id="186" source="G8" target="G7"/>
  <move id="187" source="F3" target="F4"/>
  <move id="188" source="G7" target="H7"/>
  <move id="189" source="F4" target="F5"/>
  <move id="190" source="H7" target="I7"/>
  <move id="191" source="F5" target="F6"/>
  <move id="192" source="I7" target="I6"/>
  <move id="193" source="F6" target="F7"/>
  <move id="194" source="I6" target="I5"/>
  <move id="195" source="C3" target="D3"/>
  <move id="196" source="I5" target="I4"/>
  <move id="197" source="D3" target="D4"/>
  <move id="198" source="I4" target="I3"/>
  <move id="199" source="D4" target="E4"/>
  <move id="200" source="I3" target="H3"/>
  <move id="201" source="E4" target="E5"/>
  <move id="202" source="K7" target="I7"/>
  <move id="203" source="E5" target="E6"/>
  <move id="204" source="I7" target="I2"/>
  <move id="205" source="F7" target="G7"/>
  <move id="206" source="H3" target="G3"/>
  <move id="207" source="B4" target="C4"/>
  <move id="208" source="A6" target="A5"/>
  <move id="209" source="C4" target="D4"/>
  <move id="210" source="A5" target="A4"/>
  <move id="211" source="B3" target="C3"/>
  <move id="212" source="B5" target="B4"/>
  <move id="213" source="D4" target="E4"/>
  <move id="214" source="A4" target="A3"/>
  <move id="215" source="E4" target="F4"/>
  <move id="216" source="G3" target="G2"/>
  <move id="217" source="C3" target="D3"/>
  <move id="218" source="B4" target="C4"/>
  <move id="219" source="F4" target="F5"/>
  <move id="220" source="A3" target="B3"/>
  <move id="221" source="F5" target="F6"/>
  <move id="222" source="B3" target="C3"/>
  <move id="223" source="F6" target="F7"/>
  <move id="224" source="A8" target="A7"/>
  <move id="225" source="F7" target="F8"/>
  <move id="226" source="A7" target="A6"/>
  <move id="227" source="F8" target="E8"/>
  <move id="228" source="D7" target="C7"/>
  <move id="229" source="E8" target="D8"/>
  <move id="230" source="C3" target="D3"/>
  <move id="231" source="E3" target="E4"/>
  <move id="232" source="A6" target="A5"/>
  <move id="233" source="D8" target="E8"/>
  <move id="234" source="B7" target="B6"/>
  <move id="235" source="E7" target="D7"/>
  <move id="236" source="C7" target="C8"/>
  <move id="237" source="D7" target="D8"/>
  <move id="238" source="C8" target="C7"/>
  <move id="239" source="D8" target="D7"/>
  <move id="240" source="C7" target="B7"/>
  <move id="241" source="D7" target="C7"/>
  <move id="242" source="B7" target="A7"/>
  <move id="243" source="C7" target="B7"/>
  <move id="244" source="A7" target="A6"/>
  <move id="245" source="B7" target="A7"/>
  <move id="246" source="A5" target="A4"/>
  <move id="247" source="A7" target="A6"/>
  <move id="248" source="B6" target="B7"/>
  <move id="249" source="E8" target="E7"/>
  <move id="250" source="A4" target="A3"/>
  <move id="251" source="E7" target="D7"/>
  <move id="252" source="A3" target="A2"/>
  <move id="253" source="D7" target="C7"/>
  <move id="254" source="A2" target="A1"/>
  <move id="255" source="C7" target="B7"/>
  <move id="256" source="D3" target="E3"/>
  <move id="257" source="E4" target="F4"/>
  <move id="258" source="C4" target="D4"/>
  <move id="259" source="F4" target="F5"/>
  <move id="260" source="E3" target="E4"/>
  <move id="261" source="F5" target="F6"/>
  <move id="262" source="E4" target="E5"/>
  <move id="263" source="E6" target="E7"/>
  <move id="264" source="E5" target="E6"/>
  <move id="265" source="E7" target="D7"/>
  <move id="266" source="E6" target="F6"/>
  <move id="267" source="G7" target="G8"/>
  <move id="268" source="F6" target="F7"/>
  <move id="269" source="D7" target="D8"/>
  <move id="270" source="D4" target="E4"/>
  <move id="271" source="B7" target="A7"/>
  <move id="272" source="F7" target="F8"/>
  <move id="273" source="G8" target="G7"/>
  <move id="274" source="E4" target="E5"/>
  <move id="275" source="A6" target="B6"/>
  <move id="276" source="E5" target="F5"/>
  <move id="277" source="D8" target="D7"/>
  <move id="278" source="F8" target="G8"/>
  <move id="279" source="G7" target="F7"/>
  <move id="280" source="F5" target="F6"/>
  <move id="281" source="F7" target="E7"/>
  <move id="282" source="F6" target="E6"/>
  <move id="283" source="B6" target="B7"/>
  <move id="284" source="E6" target="E7"/>
  <move id="285" source="D7" target="E7"/>
  <move id="286" source="E9" target="E7"/>
  <move id="287" source="B7" target="C7"/>
  <move id="288" source="G8" target="G7"/>
  <move id="289" source="C7" target="D7"/>
  <move id="290" source="G7" target="F7"/>
  <move id="291" source="D7" target="E7"/>
  <move id="292" source="F7" target="F6"/>
  <move id="293" source="E7" target="F7"/>
  <move id="294" source="F6" target="F5"/>
  <move id="295" source="F7" target="F6"/>
  <move id="296" source="F5" target="F4"/>
  <move id="297" source="F6" target="F5"/>
  <move id="298" source="F4" target="F3"/>
  <move id="299" source="F5" target="F4"/>
  <move id="300" source="F3" target="E3"/>
  <move id="301" source="F4" target="F3"/>
  <move id="302" source="E3" target="D3"/>
  <move id="303" source="F3" target="E3"/>
  <move id="304" source="D3" target="D2"/>
  <move id="305" source="E3" target="E4"/>
  <player id="1">Player 1</player>
  <player id="2">Player 2</player>
  <result type="3" winner="1"/>
 </game>
</stratego>