<?xml version="1.0" encoding="UTF-8"?>
<stratego>
 <game type="classic">
  
  <field content="EBEEEDFBHMFFFJHEBJDDBBBIGLHGIGDGDDDICKHDAA__AA__AAAA__AA__AARPNQPUOWPQSNRNSXVPTPPRNQVTUTUSQRNSNPTYPQ"/>
  <move id="1" source="I4" target="I5"/>
  <move id="2" source="E7" target="E4"/>
  <move id="3" source="K4" target="K5"/>
  <move id="4" source="F7" target="F6"/>
  <move id="5" source="K5" target="K6"/>
  <move id="6" source="E8" target="E7"/>
  <move id="7" source="I5" target="I6"/>
  <move id="8" source="B7" target="B4"/>
  <move id="9" source="K6" target="K7"/>
  <move id="10" source="I7" target="I6"/>
  <move id="11" source="A4" target="A5"/>
  <move id="12" source="A7" target="A6"/>
  <move id="13" source="A5" target="B5"/>
  <move id="14" source="A8" target="A7"/>
  <move id="15" source="I6" target="K6"/>
  <move id="16" source="K7" target="I7"/>
  <move id="17" source="D4" target="E4"/>
  <move id="18" source="E9" target="E8"/>
  <move id="19" source="E4" target="E5"/>
  <move id="20" source="F6" target="F7"/>
  <move id="21" source="E5" target="E4"/>
  <move id="22" source="A6" target="A5"/>
  <move id="23" source="B5" target="B8"/>
  <move id="24" source="A7" target="B7"/>
  <move id="25" source="K6" target="K7"/>
  <move id="26" source="I7" target="I6"/>
  <move id="27" source="K3" target="K4"/>
  <move id="28" source="B7" target="B6"/>
  <move id="29" source="K4" target="I4"/>
  <move id="30" source="B6" target="B5"/>
  <move id="31" source="I4" target="I5"/>
  <move id="32" source="I6" target="I7"/>
  <move id="33" source="K7" target="K6"/>
  <move id="34" source="B5" target="B4"/>
  <move id="35" source="I5" target="I4"/>
  <move id="36" source="A5" target="A4"/>
  <move id="37" source="K6" target="K5"/>
  <move id="38" source="A4" target="A3"/>
  <move id="39" source="K5" target="K4"/>
  <move id="40" source="A9" target="A8"/>
  <move id="41" source="K4" target="K3"/>
  <move id="42" source="A8" target="A7"/>
  <move id="43" source="C4" target="B4"/>
  <move id="44" source="A7" target="B7"/>
  <move id="45" source="D3" target="D4"/>
  <move id="46" source="F7" target="F6"/>
  <move id="47" source="D4" target="C4"/>
  <move id="48" source="A:" target="A9"/>
  <move id="49" source="B4" target="B5"/>
  <move id="50" source="A9" target="A8"/>
  <move id="51" source="C4" target="B4"/>
  <move id="52" source="A8" target="A7"/>
  <move id="53" source="B5" target="A5"/>
  <move id="54" source="A7" target="A8"/>
  <move id="55" source="A5" target="A6"/>
  <move id="56" source="B7" target="B4"/>
  <move id="57" source="A6" target="B6"/>
  <move id="58" source="A8" target="A7"/>
  <move id="59" source="B4" target="B5"/>
  <move id="60" source="A7" target="A6"/>
  <move id="61" source="E4" target="E5"/>
  <move id="62" source="A6" target="A5"/>
  <move id="63" source="B5" target="A5"/>
  <move id="64" source="E7" target="E6"/>
  <move id="65" source="E5" target="E4"/>
  <move id="66" source="E6" target="E7"/>
  <move id="67" source="B6" target="A6"/>
  <move id="68" source="F8" target="F7"/>
  <move id="69" source="A6" target="A7"/>
  <move id="70" source="E8" target="F8"/>
  <move id="71" source="A7" target="C7"/>
  <move id="72" source="E7" target="E8"/>
  <move id="73" source="E4" target="D4"/>
  <move id="74" source="I7" target="K7"/>
  <move id="75" source="D4" target="C4"/>
  <move id="76" source="I8" target="I7"/>
  <move id="77" source="C4" target="B4"/>
  <move id="78" source="D7" target="E7"/>
  <move id="79" source="B4" target="B5"/>
  <move id="80" source="E7" target="E6"/>
  <move id="81" source="B5" target="B6"/>
  <move id="82" source="E6" target="E5"/>
  <move id="83" source="B6" target="B7"/>
  <move id="84" source="F6" target="F5"/>
  <move id="85" source="B7" target="A7"/>
  <move id="86" source="E5" target="E4"/>
  <move id="87" source="A7" target="A8"/>
  <move id="88" source="E4" target="E3"/>
  <move id="89" source="A8" target="A9"/>
  <move id="90" source="F7" target="E7"/>
  <move id="91" source="A9" target="B9"/>
  <move id="92" source="E7" target="E6"/>
  <move id="93" source="D2" target="D3"/>
  <move id="94" source="E6" target="E5"/>
  <move id="95" source="D3" target="D4"/>
  <move id="96" source="E5" target="E4"/>
  <move id="97" source="D4" target="E4"/>
  <move id="98" source="E4" target="E5"/>
  <move id="99" source="I4" target="I5"/>
  <move id="100" source="F5" target="F6"/>
  <move id="101" source="I5" target="I6"/>
  <move id="102" source="F6" target="F7"/>
  <move id="103" source="I6" target="I7"/>
  <move id="104" source="I7" target="I8"/>
  <move id="105" source="H4" target="I4"/>
  <move id="106" source="H7" target="I7"/>
  <move id="107" source="I4" target="I5"/>
  <move id="108" source="G7" target="H7"/>
  <move id="109" source="I5" target="I6"/>
  <move id="110" source="E5" target="E6"/>
  <move id="111" source="I6" target="I7"/>
  <move id="112" source="H7" target="G7"/>
  <move id="113" source="G4" target="H4"/>
  <move id="114" source="H8" target="H7"/>
  <move id="115" source="I3" target="I4"/>
  <move id="116" source="H7" target="I7"/>
  <move id="117" source="I4" target="K4"/>
  <move id="118" source="G8" target="H8"/>
  <move id="119" source="I2" target="I7"/>
  <move id="120" source="H8" target="H7"/>
  <move id="121" source="H2" target="I2"/>
  <move id="122" source="H7" target="I7"/>
  <move id="123" source="I2" target="I3"/>
  <move id="124" source="G7" target="H7"/>
  <move id="125" source="I3" target="I4"/>
  <move id="126" source="I8" target="H8"/>
  <move id="127" source="I4" target="I5"/>
  <move id="128" source="H8" target="G8"/>
  <move id="129" source="I5" target="I6"/>
  <move id="130" source="G8" target="G7"/>
  <move id="131" source="I6" target="I7"/>
  <move id="132" source="F8" target="G8"/>
  <move id="133" source="H4" target="I4"/>
  <move id="134" source="G8" target="H8"/>
  <move id="135" source="I4" target="I5"/>
  <move id="136" source="H8" target="I8"/>
  <move id="137" source="I5" target="K5"/>
  <move id="138" source="I8" target="I7"/>
  <move id="139" source="K2" target="I2"/>
  <move id="140" source="H7" target="H8"/>
  <move id="141" source="I2" target="I7"/>
  <move id="142" source="G7" target="G8"/>
  <move id="143" source="K5" target="I5"/>
  <move id="144" source="F7" target="G7"/>
  <move id="145" source="I5" target="I6"/>
  <move id="146" source="H8" target="I8"/>
  <move id="147" source="F4" target="F5"/>
  <move id="148" source="G7" target="H7"/>
  <move id="149" source="G3" target="G4"/>
  <move id="150" source="G8" target="G7"/>
  <move id="151" source="G4" target="F4"/>
  <move id="152" source="F9" target="E9"/>
  <move id="153" source="F4" target="E4"/>
  <move id="154" source="G9" target="G8"/>
  <move id="155" source="E4" target="D4"/>
  <move id="156" source="G8" target="F8"/>
  <move id="157" source="D4" target="C4"/>
  <move id="158" source="F8" target="F7"/>
  <move id="159" source="C4" target="B4"/>
  <move id="160" source="F7" target="F6"/>
  <move id="161" source="F5" target="F4"/>
  <move id="162" source="E6" target="E5"/>
  <move id="163" source="F4" target="G4"/>
  <move id="164" source="F6" target="F5"/>
  <move id="165" source="G4" target="H4"/>
  <move id="166" source="F5" target="F6"/>
  <move id="167" source="H4" target="I4"/>
  <move id="168" source="F6" target="F7"/>
  <move id="169" source="I4" target="I5"/>
  <move id="170" source="F7" target="F8"/>
  <move id="171" source="I5" target="K5"/>
  <move id="172" source="F8" target="G8"/>
  <move id="173" source="K5" target="K6"/>
  <move id="174" source="G8" target="H8"/>
  <move id="175" source="B4" target="B5"/>
  <move id="176" source="F:" target="F3"/>
  <move id="177" source="B5" target="B6"/>
  <move id="178" source="K7" target="K6"/>
  <move id="179" source="I6" target="I7"/>
  <move id="180" source="I7" target="K7"/>
  <move id="181" source="K6" target="I6"/>
  <move id="182" source="H7" target="I7"/>
  <move id="183" source="A5" target="A6"/>
  <move id="184" source="E5" target="F5"/>
  <move id="185" source="F3" target="F4"/>
  <move id="186" source="F5" target="F4"/>
  <move id="187" source="A6" target="A7"/>
  <move id="188" source="I7" target="I6"/>
  <move id="189" source="A7" target="A8"/>
  <move id="190" source="H8" target="G8"/>
  <move id="191" source="A8" target="A9"/>
  <move id="192" source="K7" target="K6"/>
  <move id="193" source="B6" target="B7"/>
  <move id="194" source="K6" target="K5"/>
  <move id="195" source="D1" target="D2"/>
  <move id="196" source="K5" target="K4"/>
  <move id="197" source="D2" target="D3"/>
  <move id="198" source="G8" target="F8"/>
  <move id="199" source="D3" target="D4"/>
  <move id="200" source="F8" target="F7"/>
  <move id="201" source="D4" target="C4"/>
  <move id="202" source="I8" target="I7"/>
  <move id="203" source="C4" target="B4"/>
  <move id="204" source="I9" target="I8"/>
  <move id="205" source="B4" target="B5"/>
  <move id="206" source="I8" target="H8"/>
  <move id="207" source="B5" target="B6"/>
  <move id="208" source="E8" target="F8"/>
  <move id="209" source="B6" target="A6"/>
  <move id="210" source="F7" target="E7"/>
  <move id="211" source="A6" target="A7"/>
  <move id="212" source="E9" target="F9"/>
  <move id="213" source="A7" target="A8"/>
  <move id="214" source="F8" target="G8"/>
  <move id="215" source="A9" target="B9"/>
  <move id="216" source="G8" target="G9"/>
  <move id="217" source="A8" target="A9"/>
  <move id="218" source="H8" target="G8"/>
  <move id="219" source="B9" target="B:"/>
  <move id="220" source="G8" target="F8"/>
  <move id="221" source="B:" target="B9"/>
  <move id="222" source="F8" target="E8"/>
  <move id="223" source="B9" target="C9"/>
  <move id="224" source="F9" target="F8"/>
  <move id="225" source="A9" target="B9"/>
  <move id="226" source="F8" target="G8"/>
  <move id="227" source="B7" target="A7"/>
  <move id="228" source="E7" target="E6"/>
  <move id="229" source="A7" target="A8"/>
  <move id="230" source="D9" target="E9"/>
  <move id="231" source="A8" target="A9"/>
  <move id="232" source="E9" target="F9"/>
  <move id="233" source="A9" target="A:"/>
  <move id="234" source="F9" target="F8"/>
  <move id="235" source="A:" target="B:"/>
  <move id="236" source="E6" target="E5"/>
  <move id="237" source="B:" target="C:"/>
  <move id="238" source="E5" target="E4"/>
  <move id="239" source="B9" target="B8"/>
  <move id="240" source="C8" target="B8"/>
  <player id="1">Player 1</player>
  <player id="2">Player 2</player>
  <result type="3" winner="2"/>
 </game>
</stratego>