<?xml version="1.0" encoding="UTF-8"?>
<stratego>
 <game type="classic">
  
  <field content="FBEGBEFMEGBGHBEIBGBEKDCJDDDDDLFIDHDHJHIFAA__AA__AAAA__AA__AASWPQNNRNVXPPRPRRNQTTPPOUPNUQUTQPSQNSVSTY"/>
  <move id="1" source="E4" target="E5"/>
  <move id="2" source="I7" target="I6"/>
  <move id="3" source="F4" target="F5"/>
  <move id="4" source="I6" target="K6"/>
  <move id="5" source="E5" target="E6"/>
  <move id="6" source="K6" target="K5"/>
  <move id="7" source="F5" target="F6"/>
  <move id="8" source="B7" target="B6"/>
  <move id="9" source="E6" target="E7"/>
  <move id="10" source="B6" target="B5"/>
  <move id="11" source="B4" target="B5"/>
  <move id="12" source="B5" target="A5"/>
  <move id="13" source="C4" target="B4"/>
  <move id="14" source="A5" target="A6"/>
  <move id="15" source="B4" target="B5"/>
  <move id="16" source="B8" target="B5"/>
  <move id="17" source="K4" target="K5"/>
  <move id="18" source="K5" target="K6"/>
  <move id="19" source="I4" target="K4"/>
  <move id="20" source="K6" target="K5"/>
  <move id="21" source="I3" target="I4"/>
  <move id="22" source="K7" target="I7"/>
  <move id="23" source="I4" target="I5"/>
  <move id="24" source="K5" target="K4"/>
  <move id="25" source="K3" target="K4"/>
  <move id="26" source="I7" target="I6"/>
  <move id="27" source="K4" target="I4"/>
  <move id="28" source="I6" target="I5"/>
  <move id="29" source="E3" target="E7"/>
  <move id="30" source="A6" target="B6"/>
  <move id="31" source="F6" target="E6"/>
  <move id="32" source="B6" target="B5"/>
  <move id="33" source="F3" target="F7"/>
  <move id="34" source="B5" target="B4"/>
  <move id="35" source="I4" target="I5"/>
  <move id="36" source="B4" target="C4"/>
  <move id="37" source="H3" target="I3"/>
  <move id="38" source="B9" target="B3"/>
  <move id="39" source="I3" target="I8"/>
  <move id="40" source="B:" target="B2"/>
  <move id="41" source="G3" target="F3"/>
  <move id="42" source="C4" target="B4"/>
  <move id="43" source="G4" target="G3"/>
  <move id="44" source="B4" target="B3"/>
  <move id="45" source="A3" target="B3"/>
  <move id="46" source="I8" target="I7"/>
  <move id="47" source="G3" target="H3"/>
  <move id="48" source="I7" target="K7"/>
  <move id="49" source="H3" target="I3"/>
  <move id="50" source="K7" target="K6"/>
  <move id="51" source="F3" target="G3"/>
  <move id="52" source="K6" target="K5"/>
  <move id="53" source="H4" target="G4"/>
  <move id="54" source="C7" target="B7"/>
  <move id="55" source="G3" target="H3"/>
  <move id="56" source="B7" target="B4"/>
  <move id="57" source="H3" target="H4"/>
  <move id="58" source="B4" target="D4"/>
  <move id="59" source="H4" target="I4"/>
  <move id="60" source="C8" target="B8"/>
  <move id="61" source="I4" target="K4"/>
  <move id="62" source="K5" target="I5"/>
  <move id="63" source="K4" target="I4"/>
  <move id="64" source="I5" target="K5"/>
  <move id="65" source="I4" target="K4"/>
  <move id="66" source="K5" target="I5"/>
  <move id="67" source="I3" target="I4"/>
  <move id="68" source="C9" target="B9"/>
  <move id="69" source="I4" target="I5"/>
  <move id="70" source="D9" target="C9"/>
  <move id="71" source="I5" target="I6"/>
  <move id="72" source="C9" target="C8"/>
  <move id="73" source="K4" target="K5"/>
  <move id="74" source="C8" target="C7"/>
  <move id="75" source="C3" target="B3"/>
  <move id="76" source="C7" target="B7"/>
  <move id="77" source="D3" target="C3"/>
  <move id="78" source="B7" target="B6"/>
  <move id="79" source="C3" target="C4"/>
  <move id="80" source="B6" target="A6"/>
  <move id="81" source="C4" target="B4"/>
  <move id="82" source="B8" target="C8"/>
  <move id="83" source="K5" target="K6"/>
  <move id="84" source="A8" target="B8"/>
  <move id="85" source="B4" target="B5"/>
  <move id="86" source="B8" target="B5"/>
  <move id="87" source="K6" target="K7"/>
  <player id="1">Player 1</player>
  <player id="2">Player 2</player>
  <result type="3" winner="1"/>
 </game>
</stratego>