<?xml version="1.0" encoding="UTF-8"?>
<stratego>
 <game type="classic">
  
  <field content="EIGFBMBBHDDDEBHGFBGEJDDEDECKDJHFIBILDHFGAA__AA__AAAA__AA__AAPTRNUPTPPVQNPNRSOXSSTNTVRWYQPPQRNNPQUUQS"/>
  <move id="1" source="E4" target="E5"/>
  <move id="2" source="I7" target="I6"/>
  <move id="3" source="E5" target="E6"/>
  <move id="4" source="I6" target="I5"/>
  <move id="5" source="E6" target="F6"/>
  <move id="6" source="I8" target="I7"/>
  <move id="7" source="E3" target="E7"/>
  <move id="8" source="I7" target="I6"/>
  <move id="9" source="F4" target="F5"/>
  <move id="10" source="I6" target="K6"/>
  <move id="11" source="E2" target="E3"/>
  <move id="12" source="K6" target="K5"/>
  <move id="13" source="E3" target="E4"/>
  <move id="14" source="K5" target="K4"/>
  <move id="15" source="E4" target="F4"/>
  <move id="16" source="I5" target="K5"/>
  <move id="17" source="F6" target="E6"/>
  <move id="18" source="K8" target="I8"/>
  <move id="19" source="F5" target="E5"/>
  <move id="20" source="I8" target="I7"/>
  <move id="21" source="F4" target="F5"/>
  <move id="22" source="I7" target="I6"/>
  <move id="23" source="F5" target="F6"/>
  <move id="24" source="I6" target="I5"/>
  <move id="25" source="E6" target="E7"/>
  <move id="26" source="E8" target="E7"/>
  <move id="27" source="F6" target="F7"/>
  <move id="28" source="G7" target="F7"/>
  <move id="29" source="G4" target="F4"/>
  <move id="30" source="F8" target="F7"/>
  <move id="31" source="F4" target="F7"/>
  <move id="32" source="H7" target="G7"/>
  <move id="33" source="H4" target="G4"/>
  <move id="34" source="F9" target="F8"/>
  <move id="35" source="K3" target="K4"/>
  <move id="36" source="I5" target="I4"/>
  <move id="37" source="G4" target="H4"/>
  <move id="38" source="I4" target="K4"/>
  <move id="39" source="K4" target="K5"/>
  <move id="40" source="I9" target="I8"/>
  <move id="41" source="K5" target="K6"/>
  <move id="42" source="I8" target="I7"/>
  <move id="43" source="I3" target="I4"/>
  <move id="44" source="I7" target="I6"/>
  <move id="45" source="K6" target="K7"/>
  <move id="46" source="K9" target="K8"/>
  <move id="47" source="E5" target="E6"/>
  <move id="48" source="I6" target="I5"/>
  <move id="49" source="I2" target="I3"/>
  <move id="50" source="B7" target="B6"/>
  <move id="51" source="A4" target="A5"/>
  <move id="52" source="B6" target="B5"/>
  <move id="53" source="A5" target="B5"/>
  <move id="54" source="K:" target="K9"/>
  <move id="55" source="I3" target="K3"/>
  <move id="56" source="K9" target="I9"/>
  <move id="57" source="I4" target="I5"/>
  <move id="58" source="I9" target="I8"/>
  <move id="59" source="H4" target="I4"/>
  <move id="60" source="I8" target="I7"/>
  <move id="61" source="I4" target="I5"/>
  <move id="62" source="I7" target="I6"/>
  <move id="63" source="I5" target="I6"/>
  <move id="64" source="H9" target="I9"/>
  <move id="65" source="I6" target="I5"/>
  <move id="66" source="I9" target="I8"/>
  <move id="67" source="I5" target="I4"/>
  <move id="68" source="I8" target="I7"/>
  <move id="69" source="H3" target="H4"/>
  <move id="70" source="I7" target="I6"/>
  <move id="71" source="F3" target="F4"/>
  <move id="72" source="I6" target="I5"/>
  <move id="73" source="F4" target="F5"/>
  <move id="74" source="H:" target="H9"/>
  <move id="75" source="K3" target="I3"/>
  <move id="76" source="H9" target="I9"/>
  <move id="77" source="K2" target="K3"/>
  <move id="78" source="I9" target="I8"/>
  <move id="79" source="K3" target="K4"/>
  <move id="80" source="I8" target="I7"/>
  <move id="81" source="K4" target="K5"/>
  <move id="82" source="I7" target="I6"/>
  <move id="83" source="K5" target="K6"/>
  <move id="84" source="I6" target="K6"/>
  <move id="85" source="I3" target="K3"/>
  <move id="86" source="I5" target="K5"/>
  <move id="87" source="K3" target="I3"/>
  <move id="88" source="K5" target="K4"/>
  <move id="89" source="I4" target="K4"/>
  <move id="90" source="H8" target="I8"/>
  <move id="91" source="K4" target="I4"/>
  <move id="92" source="I8" target="I7"/>
  <move id="93" source="I3" target="K3"/>
  <move id="94" source="I7" target="I6"/>
  <move id="95" source="G3" target="H3"/>
  <move id="96" source="I6" target="I5"/>
  <move id="97" source="H3" target="I3"/>
  <move id="98" source="K6" target="K5"/>
  <move id="99" source="K1" target="K2"/>
  <move id="100" source="K5" target="K4"/>
  <move id="101" source="I4" target="I5"/>
  <move id="102" source="K4" target="I4"/>
  <move id="103" source="H4" target="I4"/>
  <move id="104" source="K8" target="I8"/>
  <move id="105" source="K3" target="K4"/>
  <move id="106" source="I5" target="K5"/>
  <move id="107" source="K4" target="K3"/>
  <move id="108" source="K5" target="K4"/>
  <move id="109" source="I4" target="I5"/>
  <move id="110" source="K4" target="K5"/>
  <move id="111" source="I5" target="I6"/>
  <move id="112" source="I8" target="K8"/>
  <move id="113" source="I6" target="I7"/>
  <move id="114" source="K5" target="K4"/>
  <move id="115" source="F5" target="F4"/>
  <move id="116" source="K8" target="K5"/>
  <move id="117" source="I7" target="I6"/>
  <move id="118" source="A7" target="A6"/>
  <move id="119" source="F4" target="G4"/>
  <move id="120" source="F7" target="F6"/>
  <move id="121" source="G4" target="H4"/>
  <move id="122" source="F6" target="E6"/>
  <move id="123" source="I6" target="K6"/>
  <move id="124" source="G7" target="H7"/>
  <move id="125" source="H4" target="I4"/>
  <move id="126" source="H7" target="I7"/>
  <move id="127" source="G2" target="G3"/>
  <move id="128" source="C7" target="B7"/>
  <move id="129" source="G3" target="G4"/>
  <move id="130" source="B7" target="B6"/>
  <move id="131" source="G4" target="H4"/>
  <move id="132" source="B6" target="B5"/>
  <move id="133" source="I4" target="I5"/>
  <move id="134" source="B5" target="B4"/>
  <move id="135" source="H4" target="I4"/>
  <move id="136" source="C8" target="C7"/>
  <move id="137" source="I5" target="I6"/>
  <move id="138" source="C7" target="B7"/>
  <move id="139" source="I6" target="I7"/>
  <move id="140" source="I:" target="I9"/>
  <move id="141" source="I4" target="I5"/>
  <move id="142" source="E7" target="F7"/>
  <move id="143" source="I5" target="K5"/>
  <move id="144" source="K4" target="K5"/>
  <move id="145" source="K6" target="I6"/>
  <move id="146" source="K5" target="I5"/>
  <move id="147" source="I6" target="K6"/>
  <move id="148" source="I5" target="I6"/>
  <move id="149" source="K6" target="K7"/>
  <move id="150" source="I6" target="I7"/>
  <move id="151" source="K7" target="K8"/>
  <move id="152" source="I7" target="I8"/>
  <move id="153" source="K8" target="K7"/>
  <move id="154" source="B7" target="B3"/>
  <move id="155" source="K3" target="K4"/>
  <move id="156" source="C9" target="C8"/>
  <move id="157" source="K4" target="I4"/>
  <move id="158" source="C8" target="C7"/>
  <move id="159" source="I3" target="K3"/>
  <move id="160" source="C7" target="B7"/>
  <move id="161" source="K3" target="K4"/>
  <move id="162" source="B7" target="B6"/>
  <move id="163" source="K4" target="K5"/>
  <move id="164" source="B6" target="B5"/>
  <move id="165" source="K5" target="I5"/>
  <move id="166" source="B5" target="B4"/>
  <move id="167" source="I5" target="I6"/>
  <move id="168" source="B4" target="B3"/>
  <move id="169" source="K7" target="I7"/>
  <move id="170" source="I8" target="K8"/>
  <move id="171" source="I7" target="H7"/>
  <move id="172" source="I9" target="I8"/>
  <move id="173" source="H7" target="G7"/>
  <move id="174" source="I8" target="I7"/>
  <move id="175" source="G7" target="F7"/>
  <move id="176" source="I7" target="I6"/>
  <move id="177" source="F7" target="F8"/>
  <move id="178" source="D9" target="C9"/>
  <move id="179" source="A3" target="B3"/>
  <move id="180" source="K8" target="K7"/>
  <move id="181" source="A2" target="A6"/>
  <move id="182" source="K7" target="K6"/>
  <move id="183" source="B3" target="B4"/>
  <move id="184" source="E9" target="E8"/>
  <move id="185" source="B4" target="B5"/>
  <move id="186" source="K6" target="K7"/>
  <move id="187" source="B5" target="B6"/>
  <move id="188" source="K7" target="I7"/>
  <move id="189" source="B6" target="B7"/>
  <move id="190" source="I7" target="H7"/>
  <move id="191" source="B7" target="C7"/>
  <move id="192" source="H7" target="G7"/>
  <move id="193" source="C7" target="C8"/>
  <move id="194" source="G7" target="F7"/>
  <move id="195" source="C8" target="C9"/>
  <move id="196" source="F7" target="G7"/>
  <move id="197" source="C4" target="B4"/>
  <move id="198" source="G7" target="H7"/>
  <move id="199" source="B4" target="B5"/>
  <move id="200" source="H7" target="I7"/>
  <move id="201" source="B5" target="B6"/>
  <move id="202" source="I7" target="K7"/>
  <move id="203" source="B6" target="B7"/>
  <move id="204" source="K7" target="K6"/>
  <move id="205" source="B7" target="C7"/>
  <move id="206" source="K6" target="K5"/>
  <move id="207" source="C7" target="C8"/>
  <move id="208" source="K5" target="K4"/>
  <move id="209" source="I4" target="I5"/>
  <move id="210" source="K4" target="K3"/>
  <move id="211" source="I5" target="I6"/>
  <move id="212" source="K3" target="K2"/>
  <move id="213" source="C8" target="C9"/>
  <move id="214" source="K2" target="I2"/>
  <move id="215" source="C9" target="D9"/>
  <player id="1">Player 1</player>
  <player id="2">Player 2</player>
  <result type="3" winner="1"/>
 </game>
</stratego>