<?xml version="1.0" encoding="UTF-8"?>
<stratego>
 <game type="classic">
  
  <field content="EDEDEDDEMBHGHEGIHDBFDBFJCHGBFBIDKLIDJFBGAA__AA__AAAA__AA__AANTWQPRPNSRVOUXPTVNRPNTQUPSUSNPYNSQPQPQTR"/>
  <move id="1" source="K4" target="K5"/>
  <move id="2" source="E7" target="E4"/>
  <move id="3" source="K5" target="K6"/>
  <move id="4" source="E8" target="E7"/>
  <move id="5" source="K6" target="I6"/>
  <move id="6" source="E7" target="E6"/>
  <move id="7" source="A4" target="A5"/>
  <move id="8" source="E6" target="F6"/>
  <move id="9" source="B4" target="B5"/>
  <move id="10" source="F6" target="F4"/>
  <move id="11" source="B5" target="B6"/>
  <move id="12" source="F7" target="E7"/>
  <move id="13" source="A5" target="A6"/>
  <move id="14" source="G7" target="F7"/>
  <move id="15" source="B6" target="B7"/>
  <move id="16" source="F7" target="F3"/>
  <move id="17" source="A6" target="B6"/>
  <move id="18" source="F8" target="F7"/>
  <move id="19" source="A3" target="A4"/>
  <move id="20" source="F7" target="F6"/>
  <move id="21" source="A4" target="A5"/>
  <move id="22" source="F6" target="F5"/>
  <move id="23" source="A5" target="A6"/>
  <move id="24" source="F5" target="F4"/>
  <move id="25" source="F3" target="F4"/>
  <move id="26" source="E9" target="E8"/>
  <move id="27" source="A6" target="A7"/>
  <move id="28" source="G8" target="F8"/>
  <move id="29" source="A2" target="A3"/>
  <move id="30" source="F8" target="F7"/>
  <move id="31" source="A3" target="A4"/>
  <move id="32" source="F7" target="F6"/>
  <move id="33" source="A4" target="A5"/>
  <move id="34" source="F6" target="F5"/>
  <move id="35" source="A5" target="A6"/>
  <move id="36" source="F5" target="F4"/>
  <move id="37" source="E4" target="F4"/>
  <move id="38" source="F4" target="F5"/>
  <move id="39" source="G4" target="F4"/>
  <move id="40" source="F5" target="F6"/>
  <move id="41" source="F4" target="F5"/>
  <move id="42" source="F6" target="F7"/>
  <move id="43" source="F5" target="F6"/>
  <move id="44" source="F7" target="F8"/>
  <move id="45" source="F6" target="F7"/>
  <move id="46" source="F8" target="G8"/>
  <move id="47" source="F7" target="G7"/>
  <move id="48" source="E7" target="E6"/>
  <move id="49" source="D4" target="E4"/>
  <move id="50" source="E8" target="E9"/>
  <move id="51" source="E4" target="F4"/>
  <move id="52" source="G8" target="F8"/>
  <move id="53" source="G7" target="F7"/>
  <move id="54" source="F8" target="E8"/>
  <move id="55" source="F7" target="F8"/>
  <move id="56" source="E8" target="E7"/>
  <move id="57" source="F8" target="F7"/>
  <move id="58" source="E7" target="E8"/>
  <move id="59" source="F7" target="F8"/>
  <move id="60" source="E8" target="E7"/>
  <move id="61" source="F4" target="F5"/>
  <move id="62" source="F9" target="F8"/>
  <move id="63" source="F5" target="F6"/>
  <move id="64" source="E6" target="F6"/>
  <move id="65" source="F6" target="F7"/>
  <move id="66" source="D8" target="E8"/>
  <move id="67" source="F8" target="G8"/>
  <move id="68" source="E8" target="F8"/>
  <move id="69" source="G8" target="G7"/>
  <move id="70" source="F8" target="F7"/>
  <move id="71" source="G7" target="G8"/>
  <move id="72" source="B7" target="B6"/>
  <move id="73" source="B6" target="B5"/>
  <move id="74" source="C7" target="B7"/>
  <move id="75" source="B5" target="B4"/>
  <move id="76" source="B7" target="B6"/>
  <move id="77" source="A6" target="A5"/>
  <move id="78" source="B6" target="B5"/>
  <move id="79" source="A5" target="A6"/>
  <move id="80" source="B5" target="B4"/>
  <move id="81" source="E3" target="E4"/>
  <move id="82" source="B4" target="B5"/>
  <move id="83" source="E4" target="E5"/>
  <move id="84" source="E7" target="F7"/>
  <move id="85" source="E5" target="F5"/>
  <move id="86" source="B8" target="B7"/>
  <move id="87" source="F5" target="F6"/>
  <move id="88" source="F7" target="F8"/>
  <move id="89" source="G8" target="G7"/>
  <move id="90" source="B7" target="B6"/>
  <move id="91" source="F6" target="E6"/>
  <move id="92" source="E9" target="E6"/>
  <move id="93" source="D3" target="D4"/>
  <move id="94" source="B6" target="A6"/>
  <move id="95" source="D4" target="E4"/>
  <move id="96" source="B5" target="B6"/>
  <move id="97" source="A6" target="A5"/>
  <move id="98" source="B6" target="B7"/>
  <move id="99" source="E4" target="E5"/>
  <move id="100" source="B7" target="C7"/>
  <move id="101" source="E5" target="E6"/>
  <move id="102" source="D7" target="D8"/>
  <move id="103" source="E6" target="E5"/>
  <move id="104" source="C7" target="D7"/>
  <move id="105" source="E5" target="E4"/>
  <move id="106" source="D7" target="E7"/>
  <move id="107" source="G7" target="G8"/>
  <move id="108" source="F8" target="G8"/>
  <move id="109" source="E4" target="E3"/>
  <move id="110" source="E7" target="E6"/>
  <move id="111" source="H4" target="G4"/>
  <move id="112" source="E6" target="E5"/>
  <move id="113" source="G4" target="F4"/>
  <move id="114" source="E5" target="E4"/>
  <move id="115" source="E3" target="D3"/>
  <move id="116" source="E4" target="F4"/>
  <move id="117" source="I6" target="I7"/>
  <move id="118" source="F4" target="F3"/>
  <move id="119" source="C4" target="B4"/>
  <move id="120" source="F3" target="E3"/>
  <move id="121" source="B4" target="B5"/>
  <move id="122" source="E3" target="D3"/>
  <move id="123" source="B5" target="B6"/>
  <move id="124" source="D8" target="D7"/>
  <move id="125" source="B6" target="B7"/>
  <move id="126" source="E:" target="E2"/>
  <move id="127" source="B7" target="C7"/>
  <move id="128" source="D3" target="E3"/>
  <move id="129" source="C7" target="C8"/>
  <move id="130" source="E3" target="E2"/>
  <move id="131" source="C8" target="B8"/>
  <move id="132" source="E2" target="E3"/>
  <move id="133" source="B8" target="A8"/>
  <move id="134" source="E3" target="D3"/>
  <move id="135" source="A8" target="B8"/>
  <move id="136" source="D3" target="D4"/>
  <move id="137" source="B8" target="B7"/>
  <move id="138" source="D4" target="C4"/>
  <move id="139" source="B7" target="C7"/>
  <move id="140" source="D7" target="E7"/>
  <move id="141" source="C7" target="D7"/>
  <move id="142" source="E7" target="E6"/>
  <move id="143" source="D7" target="E7"/>
  <move id="144" source="E6" target="E5"/>
  <move id="145" source="E7" target="E6"/>
  <move id="146" source="E5" target="E4"/>
  <move id="147" source="E6" target="E5"/>
  <move id="148" source="E4" target="E3"/>
  <move id="149" source="E5" target="E4"/>
  <move id="150" source="E3" target="E2"/>
  <move id="151" source="F2" target="E2"/>
  <move id="152" source="C4" target="B4"/>
  <move id="153" source="E4" target="D4"/>
  <move id="154" source="B4" target="A4"/>
  <move id="155" source="A5" target="B5"/>
  <move id="156" source="D9" target="D8"/>
  <move id="157" source="D4" target="E4"/>
  <move id="158" source="D8" target="C8"/>
  <move id="159" source="E4" target="E5"/>
  <move id="160" source="C8" target="B8"/>
  <move id="161" source="E5" target="E6"/>
  <move id="162" source="B8" target="B7"/>
  <move id="163" source="E6" target="E7"/>
  <move id="164" source="B7" target="B6"/>
  <move id="165" source="E2" target="E3"/>
  <move id="166" source="B6" target="B5"/>
  <move id="167" source="E3" target="E4"/>
  <move id="168" source="A4" target="A5"/>
  <move id="169" source="E4" target="E5"/>
  <move id="170" source="A5" target="A6"/>
  <move id="171" source="E5" target="E6"/>
  <move id="172" source="A6" target="B6"/>
  <move id="173" source="F1" target="F7"/>
  <move id="174" source="B6" target="B7"/>
  <move id="175" source="F7" target="H7"/>
  <move id="176" source="B7" target="C7"/>
  <move id="177" source="E7" target="E8"/>
  <move id="178" source="C7" target="C8"/>
  <move id="179" source="E8" target="F8"/>
  <move id="180" source="C8" target="D8"/>
  <move id="181" source="F8" target="G8"/>
  <move id="182" source="G9" target="F9"/>
  <move id="183" source="G8" target="H8"/>
  <move id="184" source="D8" target="E8"/>
  <move id="185" source="E6" target="E5"/>
  <move id="186" source="E8" target="E7"/>
  <move id="187" source="E5" target="E4"/>
  <move id="188" source="E7" target="E6"/>
  <move id="189" source="E4" target="D4"/>
  <move id="190" source="E6" target="E5"/>
  <move id="191" source="D4" target="C4"/>
  <move id="192" source="E5" target="E4"/>
  <move id="193" source="C4" target="B4"/>
  <move id="194" source="B5" target="B4"/>
  <move id="195" source="C3" target="C4"/>
  <move id="196" source="B9" target="B8"/>
  <move id="197" source="C4" target="B4"/>
  <move id="198" source="B8" target="B7"/>
  <move id="199" source="B4" target="B5"/>
  <move id="200" source="B7" target="B6"/>
  <move id="201" source="B5" target="A5"/>
  <move id="202" source="B6" target="A6"/>
  <move id="203" source="A5" target="B5"/>
  <move id="204" source="A6" target="B6"/>
  <move id="205" source="B5" target="A5"/>
  <move id="206" source="B6" target="A6"/>
  <move id="207" source="A5" target="A4"/>
  <move id="208" source="A6" target="A5"/>
  <move id="209" source="A4" target="A3"/>
  <move id="210" source="A5" target="A4"/>
  <move id="211" source="A3" target="A2"/>
  <move id="212" source="A4" target="A3"/>
  <move id="213" source="C2" target="C3"/>
  <move id="214" source="E4" target="D4"/>
  <move id="215" source="D2" target="E2"/>
  <move id="216" source="A3" target="A2"/>
  <move id="217" source="E2" target="F2"/>
  <move id="218" source="A2" target="A3"/>
  <move id="219" source="F2" target="F3"/>
  <move id="220" source="A3" target="A4"/>
  <move id="221" source="F3" target="F4"/>
  <move id="222" source="A4" target="B4"/>
  <move id="223" source="F4" target="F5"/>
  <move id="224" source="D4" target="D3"/>
  <move id="225" source="F5" target="F6"/>
  <move id="226" source="F9" target="F8"/>
  <move id="227" source="F6" target="F7"/>
  <move id="228" source="F8" target="F7"/>
  <move id="229" source="C3" target="C4"/>
  <move id="230" source="B4" target="C4"/>
  <move id="231" source="A1" target="A2"/>
  <move id="232" source="F7" target="E7"/>
  <move id="233" source="A2" target="A3"/>
  <move id="234" source="E7" target="D7"/>
  <move id="235" source="A3" target="A4"/>
  <move id="236" source="D7" target="C7"/>
  <move id="237" source="A4" target="A5"/>
  <move id="238" source="C7" target="B7"/>
  <move id="239" source="A5" target="A6"/>
  <move id="240" source="D3" target="D4"/>
  <move id="241" source="G2" target="F2"/>
  <move id="242" source="D4" target="C4"/>
  <move id="243" source="F2" target="F3"/>
  <move id="244" source="C4" target="B4"/>
  <move id="245" source="F3" target="F4"/>
  <move id="246" source="B4" target="A4"/>
  <move id="247" source="F4" target="F5"/>
  <move id="248" source="A4" target="A5"/>
  <move id="249" source="F5" target="F6"/>
  <move id="250" source="A5" target="A6"/>
  <move id="251" source="F6" target="F7"/>
  <move id="252" source="F:" target="F9"/>
  <move id="253" source="F7" target="G7"/>
  <move id="254" source="F9" target="F8"/>
  <move id="255" source="G7" target="G8"/>
  <move id="256" source="F8" target="G8"/>
  <move id="257" source="G8" target="G9"/>
  <move id="258" source="G:" target="E:"/>
  <move id="259" source="G9" target="H9"/>
  <move id="260" source="H:" target="G:"/>
  <move id="261" source="H9" target="I9"/>
  <move id="262" source="B7" target="C7"/>
  <move id="263" source="G3" target="G4"/>
  <move id="264" source="C7" target="D7"/>
  <move id="265" source="G4" target="F4"/>
  <move id="266" source="D7" target="E7"/>
  <move id="267" source="F4" target="F5"/>
  <move id="268" source="E7" target="E6"/>
  <move id="269" source="F5" target="F6"/>
  <move id="270" source="E6" target="F6"/>
  <move id="271" source="D1" target="D2"/>
  <move id="272" source="F6" target="F5"/>
  <move id="273" source="D2" target="D3"/>
  <move id="274" source="F5" target="F4"/>
  <move id="275" source="D3" target="C3"/>
  <move id="276" source="K7" target="I7"/>
  <move id="277" source="H2" target="G2"/>
  <move id="278" source="K8" target="K3"/>
  <move id="279" source="G2" target="F2"/>
  <move id="280" source="A6" target="B6"/>
  <move id="281" source="F2" target="E2"/>
  <move id="282" source="B6" target="B5"/>
  <move id="283" source="E2" target="E:"/>
  <move id="284" source="B5" target="B4"/>
  <move id="285" source="C3" target="D3"/>
  <move id="286" source="F4" target="F3"/>
  <move id="287" source="D3" target="D4"/>
  <move id="288" source="F3" target="E3"/>
  <move id="289" source="D4" target="F4"/>
  <move id="290" source="C9" target="C8"/>
  <move id="291" source="F4" target="F9"/>
  <move id="292" source="C8" target="C7"/>
  <move id="293" source="F9" target="I9"/>
  <move id="294" source="C7" target="D7"/>
  <move id="295" source="G1" target="F1"/>
  <move id="296" source="E3" target="F3"/>
  <move id="297" source="E1" target="D1"/>
  <move id="298" source="F3" target="F2"/>
  <move id="299" source="F1" target="G1"/>
  <move id="300" source="F2" target="G2"/>
  <move id="301" source="G1" target="F1"/>
  <move id="302" source="G2" target="F2"/>
  <move id="303" source="F1" target="E1"/>
  <move id="304" source="F2" target="E2"/>
  <move id="305" source="E1" target="F1"/>
  <move id="306" source="E2" target="E1"/>
  <move id="307" source="F1" target="F9"/>
  <move id="308" source="E1" target="D1"/>
  <move id="309" source="F9" target="H9"/>
  <move id="310" source="G:" target="G9"/>
  <move id="311" source="H9" target="H:"/>
  <move id="312" source="I:" target="H:"/>
  <move id="313" source="H1" target="H2"/>
  <move id="314" source="D7" target="E7"/>
  <move id="315" source="H2" target="G2"/>
  <move id="316" source="E7" target="E6"/>
  <move id="317" source="G2" target="G3"/>
  <move id="318" source="E6" target="E5"/>
  <move id="319" source="G3" target="G4"/>
  <move id="320" source="E5" target="E4"/>
  <move id="321" source="B2" target="A2"/>
  <move id="322" source="E4" target="D4"/>
  <move id="323" source="G4" target="F4"/>
  <move id="324" source="D4" target="C4"/>
  <move id="325" source="F4" target="F5"/>
  <move id="326" source="C4" target="C3"/>
  <move id="327" source="F5" target="F6"/>
  <move id="328" source="C3" target="B3"/>
  <move id="329" source="F6" target="F7"/>
  <move id="330" source="B3" target="C3"/>
  <move id="331" source="F7" target="F8"/>
  <move id="332" source="C3" target="C2"/>
  <move id="333" source="F8" target="E8"/>
  <move id="334" source="C2" target="C1"/>
  <move id="335" source="E8" target="D8"/>
  <move id="336" source="C:" target="C9"/>
  <move id="337" source="D8" target="C8"/>
  <move id="338" source="C9" target="C8"/>
  <move id="339" source="B1" target="B2"/>
  <move id="340" source="D1" target="C1"/>
  <move id="341" source="B2" target="E2"/>
  <move id="342" source="C1" target="B1"/>
  <move id="343" source="E2" target="E9"/>
  <move id="344" source="B4" target="B3"/>
  <move id="345" source="E9" target="A9"/>
  <move id="346" source="B1" target="A1"/>
  <player id="1">Player 1</player>
  <player id="2">Player 2</player>
  <result type="3" winner="2"/>
 </game>
</stratego>