<?xml version="1.0" encoding="UTF-8"?>
<stratego>
 <game type="classic">
  
  <field content="EEBMBGDFEBDDFBIEEBBDIHCJHKDIFHDGJLGDHFGDAA__AA__AAAA__AA__AANRRNPTWXUPRNNSPUOVPPRNSQTQVTQTNSPQSPUYPQ"/>
  <move id="1" source="K4" target="K7"/>
  <move id="2" source="B7" target="B6"/>
  <move id="3" source="B4" target="B5"/>
  <move id="4" source="B6" target="A6"/>
  <move id="5" source="B5" target="B6"/>
  <move id="6" source="F7" target="F6"/>
  <move id="7" source="B6" target="A6"/>
  <move id="8" source="C7" target="B7"/>
  <move id="9" source="A6" target="A5"/>
  <move id="10" source="B7" target="B6"/>
  <move id="11" source="A4" target="B4"/>
  <move id="12" source="B6" target="A6"/>
  <move id="13" source="A5" target="B5"/>
  <move id="14" source="A6" target="B6"/>
  <move id="15" source="B5" target="A5"/>
  <move id="16" source="B6" target="A6"/>
  <move id="17" source="A5" target="B5"/>
  <move id="18" source="E7" target="E6"/>
  <move id="19" source="F4" target="F6"/>
  <move id="20" source="A6" target="B6"/>
  <move id="21" source="B5" target="A5"/>
  <move id="22" source="F6" target="F5"/>
  <move id="23" source="B4" target="B6"/>
  <move id="24" source="E6" target="E5"/>
  <move id="25" source="A5" target="A6"/>
  <move id="26" source="B6" target="B7"/>
  <move id="27" source="A6" target="B6"/>
  <move id="28" source="B7" target="C7"/>
  <move id="29" source="B6" target="B7"/>
  <move id="30" source="E5" target="E4"/>
  <move id="31" source="B7" target="C7"/>
  <move id="32" source="F5" target="E5"/>
  <move id="33" source="E4" target="F4"/>
  <move id="34" source="K8" target="K3"/>
  <move id="35" source="C7" target="B7"/>
  <move id="36" source="K9" target="K8"/>
  <move id="37" source="B7" target="B6"/>
  <move id="38" source="K8" target="K7"/>
  <move id="39" source="I4" target="I5"/>
  <move id="40" source="K7" target="K6"/>
  <move id="41" source="I3" target="I4"/>
  <move id="42" source="K6" target="K5"/>
  <move id="43" source="I5" target="I6"/>
  <move id="44" source="K5" target="K4"/>
  <move id="45" source="K3" target="K4"/>
  <move id="46" source="I7" target="I6"/>
  <move id="47" source="I4" target="I5"/>
  <move id="48" source="I6" target="I7"/>
  <move id="49" source="I5" target="I6"/>
  <move id="50" source="E8" target="E7"/>
  <move id="51" source="K2" target="K8"/>
  <move id="52" source="E7" target="F7"/>
  <move id="53" source="K8" target="I8"/>
  <move id="54" source="I7" target="I8"/>
  <move id="55" source="I6" target="K6"/>
  <move id="56" source="I8" target="K8"/>
  <move id="57" source="K6" target="K7"/>
  <move id="58" source="K8" target="I8"/>
  <move id="59" source="H4" target="I4"/>
  <move id="60" source="I9" target="K9"/>
  <move id="61" source="H3" target="H4"/>
  <move id="62" source="K9" target="K8"/>
  <move id="63" source="G3" target="H3"/>
  <move id="64" source="K8" target="K7"/>
  <move id="65" source="K7" target="K6"/>
  <move id="66" source="E5" target="F5"/>
  <move id="67" source="F4" target="E4"/>
  <move id="68" source="F5" target="E5"/>
  <move id="69" source="E4" target="F4"/>
  <move id="70" source="D8" target="E8"/>
  <move id="71" source="F3" target="G3"/>
  <move id="72" source="E8" target="E7"/>
  <move id="73" source="F4" target="F3"/>
  <move id="74" source="E7" target="E6"/>
  <move id="75" source="G4" target="F4"/>
  <move id="76" source="F7" target="F4"/>
  <move id="77" source="F4" target="F5"/>
  <move id="78" source="E5" target="F5"/>
  <move id="79" source="F3" target="F4"/>
  <move id="80" source="E6" target="F6"/>
  <move id="81" source="I4" target="I3"/>
  <move id="82" source="F6" target="F5"/>
  <move id="83" source="H4" target="I4"/>
  <move id="84" source="F5" target="F4"/>
  <move id="85" source="I4" target="I5"/>
  <move id="86" source="E9" target="E8"/>
  <move id="87" source="I3" target="I4"/>
  <move id="88" source="E8" target="E7"/>
  <move id="89" source="I4" target="H4"/>
  <move id="90" source="E7" target="E6"/>
  <move id="91" source="H4" target="G4"/>
  <move id="92" source="E6" target="E5"/>
  <move id="93" source="G4" target="F4"/>
  <move id="94" source="E5" target="E4"/>
  <move id="95" source="E3" target="E4"/>
  <move id="96" source="I8" target="I7"/>
  <move id="97" source="F4" target="E4"/>
  <move id="98" source="H9" target="I9"/>
  <move id="99" source="K6" target="K5"/>
  <move id="100" source="I9" target="K9"/>
  <move id="101" source="K5" target="K4"/>
  <move id="102" source="K9" target="K8"/>
  <move id="103" source="K4" target="K3"/>
  <move id="104" source="K8" target="K7"/>
  <move id="105" source="K3" target="I3"/>
  <move id="106" source="K7" target="K6"/>
  <move id="107" source="I3" target="I4"/>
  <move id="108" source="K6" target="K5"/>
  <move id="109" source="I5" target="K5"/>
  <move id="110" source="I7" target="I6"/>
  <move id="111" source="I4" target="H4"/>
  <move id="112" source="I6" target="I7"/>
  <move id="113" source="H3" target="I3"/>
  <move id="114" source="I7" target="K7"/>
  <move id="115" source="I3" target="I4"/>
  <move id="116" source="H7" target="I7"/>
  <move id="117" source="I4" target="I5"/>
  <move id="118" source="I7" target="I6"/>
  <move id="119" source="I5" target="I6"/>
  <move id="120" source="I6" target="I5"/>
  <move id="121" source="K5" target="K4"/>
  <move id="122" source="I5" target="I4"/>
  <move id="123" source="K4" target="K3"/>
  <move id="124" source="K7" target="I7"/>
  <move id="125" source="G3" target="F3"/>
  <move id="126" source="H8" target="H9"/>
  <move id="127" source="F3" target="F4"/>
  <move id="128" source="I7" target="K7"/>
  <move id="129" source="F4" target="F5"/>
  <move id="130" source="G7" target="H7"/>
  <move id="131" source="F5" target="F6"/>
  <move id="132" source="H7" target="I7"/>
  <move id="133" source="F6" target="F7"/>
  <move id="134" source="I7" target="I6"/>
  <move id="135" source="F7" target="G7"/>
  <move id="136" source="I6" target="I5"/>
  <move id="137" source="G7" target="G8"/>
  <move id="138" source="I5" target="K5"/>
  <move id="139" source="H4" target="G4"/>
  <move id="140" source="K5" target="K4"/>
  <move id="141" source="K3" target="I3"/>
  <move id="142" source="I4" target="I3"/>
  <move id="143" source="G4" target="F4"/>
  <move id="144" source="I3" target="I4"/>
  <move id="145" source="F4" target="F5"/>
  <move id="146" source="I4" target="I5"/>
  <move id="147" source="G8" target="F8"/>
  <move id="148" source="I5" target="I6"/>
  <move id="149" source="F5" target="F6"/>
  <move id="150" source="I6" target="I7"/>
  <move id="151" source="F6" target="F7"/>
  <move id="152" source="I7" target="I8"/>
  <move id="153" source="F7" target="E7"/>
  <move id="154" source="I8" target="H8"/>
  <move id="155" source="E7" target="D7"/>
  <move id="156" source="H8" target="G8"/>
  <move id="157" source="F8" target="F7"/>
  <move id="158" source="G8" target="G7"/>
  <move id="159" source="F7" target="F6"/>
  <move id="160" source="G7" target="F7"/>
  <move id="161" source="F6" target="F5"/>
  <move id="162" source="F7" target="F6"/>
  <move id="163" source="F5" target="F4"/>
  <move id="164" source="F6" target="F5"/>
  <move id="165" source="F4" target="G4"/>
  <move id="166" source="H9" target="H8"/>
  <move id="167" source="G4" target="H4"/>
  <move id="168" source="H8" target="H7"/>
  <move id="169" source="H4" target="I4"/>
  <move id="170" source="K4" target="I4"/>
  <move id="171" source="D3" target="E3"/>
  <move id="172" source="F5" target="F4"/>
  <move id="173" source="E4" target="E5"/>
  <move id="174" source="I:" target="I2"/>
  <move id="175" source="D4" target="E4"/>
  <move id="176" source="F4" target="F5"/>
  <move id="177" source="E5" target="E6"/>
  <move id="178" source="F5" target="E5"/>
  <move id="179" source="E6" target="F6"/>
  <move id="180" source="H7" target="G7"/>
  <move id="181" source="F6" target="F7"/>
  <move id="182" source="G7" target="F7"/>
  <move id="183" source="G2" target="G3"/>
  <move id="184" source="F9" target="F8"/>
  <move id="185" source="G3" target="G4"/>
  <move id="186" source="F8" target="G8"/>
  <move id="187" source="C4" target="D4"/>
  <move id="188" source="G8" target="H8"/>
  <move id="189" source="E3" target="F3"/>
  <move id="190" source="F7" target="G7"/>
  <move id="191" source="F3" target="G3"/>
  <move id="192" source="G7" target="H7"/>
  <move id="193" source="G3" target="H3"/>
  <move id="194" source="H8" target="I8"/>
  <move id="195" source="H3" target="H4"/>
  <move id="196" source="I8" target="I7"/>
  <move id="197" source="C3" target="D3"/>
  <move id="198" source="I7" target="I6"/>
  <move id="199" source="D3" target="E3"/>
  <move id="200" source="I6" target="I5"/>
  <move id="201" source="E3" target="F3"/>
  <move id="202" source="I5" target="I4"/>
  <move id="203" source="F3" target="F4"/>
  <move id="204" source="I4" target="H4"/>
  <move id="205" source="F4" target="F3"/>
  <move id="206" source="F:" target="F3"/>
  <move id="207" source="F2" target="F3"/>
  <move id="208" source="E5" target="E4"/>
  <move id="209" source="D4" target="E4"/>
  <move id="210" source="H7" target="I7"/>
  <move id="211" source="A3" target="A4"/>
  <move id="212" source="I7" target="I6"/>
  <move id="213" source="A4" target="B4"/>
  <move id="214" source="I6" target="I5"/>
  <move id="215" source="B4" target="C4"/>
  <move id="216" source="I5" target="I4"/>
  <move id="217" source="C4" target="D4"/>
  <move id="218" source="I4" target="I3"/>
  <move id="219" source="F3" target="F4"/>
  <move id="220" source="G9" target="F9"/>
  <move id="221" source="F4" target="F5"/>
  <move id="222" source="F9" target="F8"/>
  <move id="223" source="E4" target="E5"/>
  <move id="224" source="F8" target="E8"/>
  <move id="225" source="E5" target="E6"/>
  <move id="226" source="E8" target="E7"/>
  <move id="227" source="F5" target="F6"/>
  <move id="228" source="E7" target="E6"/>
  <move id="229" source="F6" target="F7"/>
  <move id="230" source="K7" target="K6"/>
  <move id="231" source="F7" target="F8"/>
  <move id="232" source="K6" target="K5"/>
  <move id="233" source="F8" target="G8"/>
  <move id="234" source="G:" target="G9"/>
  <move id="235" source="G8" target="G7"/>
  <move id="236" source="G9" target="G8"/>
  <move id="237" source="G7" target="F7"/>
  <move id="238" source="K5" target="K4"/>
  <move id="239" source="F7" target="E7"/>
  <move id="240" source="K4" target="K3"/>
  <move id="241" source="E7" target="D7"/>
  <move id="242" source="K3" target="K2"/>
  <move id="243" source="D7" target="E7"/>
  <move id="244" source="K2" target="K1"/>
  <move id="245" source="B3" target="B4"/>
  <move id="246" source="G8" target="G7"/>
  <move id="247" source="A2" target="A3"/>
  <move id="248" source="D9" target="E9"/>
  <move id="249" source="A3" target="I3"/>
  <move id="250" source="E9" target="F9"/>
  <move id="251" source="D4" target="E4"/>
  <move id="252" source="G7" target="H7"/>
  <move id="253" source="E4" target="E5"/>
  <move id="254" source="H7" target="I7"/>
  <move id="255" source="E5" target="F5"/>
  <move id="256" source="I7" target="K7"/>
  <move id="257" source="F5" target="F6"/>
  <move id="258" source="K7" target="K6"/>
  <move id="259" source="F6" target="F7"/>
  <move id="260" source="F9" target="E9"/>
  <move id="261" source="F7" target="F8"/>
  <move id="262" source="K6" target="K5"/>
  <move id="263" source="E7" target="F7"/>
  <move id="264" source="K5" target="K4"/>
  <move id="265" source="F7" target="G7"/>
  <move id="266" source="K4" target="K3"/>
  <move id="267" source="G7" target="H7"/>
  <move id="268" source="I3" target="H3"/>
  <move id="269" source="H4" target="I4"/>
  <move id="270" source="H3" target="H2"/>
  <move id="271" source="H7" target="H8"/>
  <move id="272" source="C9" target="D9"/>
  <move id="273" source="F8" target="E8"/>
  <move id="274" source="E9" target="F9"/>
  <move id="275" source="E8" target="E9"/>
  <move id="276" source="F9" target="F8"/>
  <move id="277" source="E9" target="D9"/>
  <move id="278" source="F8" target="F7"/>
  <move id="279" source="G4" target="G3"/>
  <move id="280" source="F7" target="F6"/>
  <move id="281" source="I4" target="H4"/>
  <move id="282" source="K3" target="I3"/>
  <move id="283" source="H4" target="G4"/>
  <move id="284" source="I3" target="H3"/>
  <move id="285" source="G3" target="F3"/>
  <move id="286" source="F6" target="F5"/>
  <move id="287" source="E2" target="F2"/>
  <move id="288" source="F5" target="E5"/>
  <move id="289" source="G4" target="F4"/>
  <move id="290" source="H3" target="G3"/>
  <move id="291" source="F3" target="E3"/>
  <move id="292" source="G3" target="G2"/>
  <move id="293" source="F2" target="G2"/>
  <move id="294" source="K:" target="K9"/>
  <move id="295" source="H8" target="H9"/>
  <move id="296" source="K9" target="K8"/>
  <move id="297" source="H9" target="H:"/>
  <player id="1">Player 1</player>
  <player id="2">Player 2</player>
  <result type="1" winner="1"/>
 </game>
</stratego>