<?xml version="1.0" encoding="UTF-8"?>
<stratego>
 <game type="classic">
  
  <field content="MFDBFBEBEBIEDDGIEIDDLGJDHKJGBFHHEGDHCBFDAA__AA__AAAA__AA__AAQPNQTUQPPRPTNRRUNQNNPPOUQXPTRSSVWPNYSVTS"/>
  <move id="1" source="B4" target="B5"/>
  <move id="2" source="E7" target="E6"/>
  <move id="3" source="B5" target="B6"/>
  <move id="4" source="F7" target="F6"/>
  <move id="5" source="B6" target="B7"/>
  <move id="6" source="B8" target="B7"/>
  <move id="7" source="A4" target="A5"/>
  <move id="8" source="B9" target="B8"/>
  <move id="9" source="A5" target="A6"/>
  <move id="10" source="B:" target="B9"/>
  <move id="11" source="A6" target="A7"/>
  <move id="12" source="F6" target="F5"/>
  <move id="13" source="A7" target="A8"/>
  <move id="14" source="I7" target="I6"/>
  <move id="15" source="A8" target="A9"/>
  <move id="16" source="B9" target="A9"/>
  <move id="17" source="A3" target="A4"/>
  <move id="18" source="C:" target="B:"/>
  <move id="19" source="A4" target="A5"/>
  <move id="20" source="B:" target="B9"/>
  <move id="21" source="A5" target="A6"/>
  <move id="22" source="B8" target="A8"/>
  <move id="23" source="A6" target="A7"/>
  <move id="24" source="B9" target="B8"/>
  <move id="25" source="A7" target="A8"/>
  <move id="26" source="A9" target="B9"/>
  <move id="27" source="A8" target="A9"/>
  <move id="28" source="B8" target="B7"/>
  <move id="29" source="A9" target="B9"/>
  <move id="30" source="C9" target="B9"/>
  <move id="31" source="F4" target="F5"/>
  <move id="32" source="F5" target="F6"/>
  <move id="33" source="E4" target="E6"/>
  <move id="34" source="H7" target="I7"/>
  <move id="35" source="F3" target="F4"/>
  <move id="36" source="E6" target="E7"/>
  <move id="37" source="F4" target="F5"/>
  <move id="38" source="F6" target="F7"/>
  <move id="39" source="F5" target="F6"/>
  <move id="40" source="I6" target="I5"/>
  <move id="41" source="F6" target="E6"/>
  <move id="42" source="I7" target="I6"/>
  <move id="43" source="E6" target="E7"/>
  <move id="44" source="I5" target="K5"/>
  <move id="45" source="E7" target="D7"/>
  <move id="46" source="I6" target="I5"/>
  <move id="47" source="D7" target="C7"/>
  <move id="48" source="D8" target="D7"/>
  <move id="49" source="G3" target="F3"/>
  <move id="50" source="E8" target="E7"/>
  <move id="51" source="F3" target="F4"/>
  <move id="52" source="F8" target="E8"/>
  <move id="53" source="F4" target="F5"/>
  <move id="54" source="F9" target="F8"/>
  <move id="55" source="F5" target="F6"/>
  <move id="56" source="B9" target="B:"/>
  <move id="57" source="F6" target="F7"/>
  <player id="1">Player 1</player>
  <player id="2">Player 2</player>
  <result type="3" winner="2"/>
 </game>
</stratego>