<?xml version="1.0" encoding="UTF-8"?>
<stratego>
 <game type="classic">
  
  <field content="EEEFBMBEGFBFHCKBHHEDGBIDLJIHBGDDDJGIDDDFAA__AA__AAAA__AA__AAPPUQPPTNPPSTWSTUOVTRNRVPNQSXRSYNQNRPQNUQ"/>
  <move id="1" source="F4" target="F5"/>
  <move id="2" source="B7" target="B6"/>
  <move id="3" source="F5" target="F6"/>
  <move id="4" source="B8" target="B7"/>
  <move id="5" source="E4" target="E5"/>
  <move id="6" source="B6" target="B5"/>
  <move id="7" source="E5" target="E6"/>
  <move id="8" source="B7" target="B6"/>
  <move id="9" source="E3" target="E4"/>
  <move id="10" source="A7" target="A4"/>
  <move id="11" source="E4" target="E5"/>
  <move id="12" source="B5" target="B4"/>
  <move id="13" source="E6" target="E7"/>
  <move id="14" source="E8" target="E7"/>
  <move id="15" source="E5" target="E6"/>
  <move id="16" source="E7" target="E8"/>
  <move id="17" source="E6" target="E7"/>
  <move id="18" source="B6" target="B5"/>
  <move id="19" source="F6" target="F7"/>
  <move id="20" source="F8" target="F7"/>
  <move id="21" source="G4" target="F4"/>
  <move id="22" source="F9" target="F8"/>
  <move id="23" source="F4" target="F5"/>
  <move id="24" source="G9" target="F9"/>
  <move id="25" source="F5" target="F6"/>
  <move id="26" source="C7" target="B7"/>
  <move id="27" source="F6" target="F7"/>
  <move id="28" source="B7" target="B8"/>
  <move id="29" source="E7" target="E6"/>
  <move id="30" source="D7" target="C7"/>
  <move id="31" source="F7" target="E7"/>
  <move id="32" source="C7" target="B7"/>
  <move id="33" source="E7" target="D7"/>
  <move id="34" source="B7" target="A7"/>
  <move id="35" source="E6" target="E7"/>
  <move id="36" source="A7" target="A6"/>
  <move id="37" source="D7" target="D8"/>
  <move id="38" source="A6" target="A5"/>
  <move id="39" source="E7" target="E8"/>
  <move id="40" source="D8" target="D7"/>
  <move id="41" source="E8" target="E7"/>
  <move id="42" source="D7" target="D8"/>
  <move id="43" source="H4" target="G4"/>
  <move id="44" source="A5" target="A4"/>
  <move id="45" source="G4" target="F4"/>
  <move id="46" source="A4" target="B4"/>
  <move id="47" source="F4" target="F5"/>
  <move id="48" source="B4" target="B3"/>
  <move id="49" source="B2" target="B3"/>
  <move id="50" source="B5" target="B4"/>
  <move id="51" source="F5" target="F6"/>
  <move id="52" source="C8" target="C7"/>
  <move id="53" source="F6" target="F7"/>
  <move id="54" source="C7" target="B7"/>
  <move id="55" source="D3" target="E3"/>
  <move id="56" source="B4" target="B3"/>
  <move id="57" source="C3" target="B3"/>
  <move id="58" source="B7" target="B6"/>
  <move id="59" source="E3" target="E6"/>
  <move id="60" source="B6" target="B5"/>
  <move id="61" source="B3" target="C3"/>
  <move id="62" source="B5" target="B4"/>
  <move id="63" source="C3" target="D3"/>
  <move id="64" source="B4" target="B3"/>
  <move id="65" source="C4" target="C3"/>
  <move id="66" source="B3" target="C3"/>
  <move id="67" source="D3" target="E3"/>
  <move id="68" source="C3" target="D3"/>
  <move id="69" source="E3" target="E4"/>
  <move id="70" source="D3" target="E3"/>
  <move id="71" source="E2" target="E3"/>
  <move id="72" source="C9" target="C8"/>
  <move id="73" source="E6" target="E5"/>
  <move id="74" source="C8" target="C7"/>
  <move id="75" source="E5" target="F5"/>
  <move id="76" source="C7" target="B7"/>
  <move id="77" source="E4" target="F4"/>
  <move id="78" source="B7" target="B6"/>
  <move id="79" source="F4" target="E4"/>
  <move id="80" source="B6" target="B5"/>
  <move id="81" source="E4" target="E3"/>
  <move id="82" source="B5" target="A5"/>
  <move id="83" source="E3" target="E2"/>
  <move id="84" source="A5" target="A4"/>
  <move id="85" source="F7" target="F8"/>
  <move id="86" source="D9" target="C9"/>
  <move id="87" source="F5" target="F6"/>
  <move id="88" source="C9" target="C7"/>
  <move id="89" source="F6" target="E6"/>
  <move id="90" source="C7" target="B7"/>
  <move id="91" source="I4" target="I5"/>
  <move id="92" source="B7" target="B1"/>
  <move id="93" source="D4" target="C4"/>
  <move id="94" source="A4" target="B4"/>
  <move id="95" source="C4" target="B4"/>
  <move id="96" source="B8" target="B7"/>
  <move id="97" source="F3" target="E3"/>
  <move id="98" source="B7" target="B6"/>
  <move id="99" source="B1" target="B2"/>
  <move id="100" source="B6" target="B5"/>
  <move id="101" source="B2" target="B3"/>
  <move id="102" source="B5" target="B4"/>
  <move id="103" source="B3" target="C3"/>
  <move id="104" source="B4" target="C4"/>
  <move id="105" source="C3" target="D3"/>
  <move id="106" source="C4" target="D4"/>
  <move id="107" source="K4" target="I4"/>
  <move id="108" source="D4" target="D3"/>
  <move id="109" source="E3" target="D3"/>
  <move id="110" source="I7" target="I5"/>
  <move id="111" source="I4" target="H4"/>
  <move id="112" source="I8" target="I7"/>
  <move id="113" source="H4" target="G4"/>
  <move id="114" source="I7" target="I6"/>
  <move id="115" source="K3" target="K4"/>
  <move id="116" source="I6" target="I5"/>
  <move id="117" source="G4" target="F4"/>
  <move id="118" source="I5" target="K5"/>
  <move id="119" source="K4" target="I4"/>
  <move id="120" source="K5" target="K4"/>
  <move id="121" source="F4" target="F5"/>
  <move id="122" source="H8" target="I8"/>
  <move id="123" source="F5" target="F6"/>
  <move id="124" source="I8" target="I7"/>
  <move id="125" source="D3" target="E3"/>
  <move id="126" source="I7" target="I6"/>
  <move id="127" source="F6" target="F7"/>
  <move id="128" source="I6" target="I5"/>
  <move id="129" source="F7" target="F8"/>
  <move id="130" source="F9" target="F8"/>
  <move id="131" source="I4" target="H4"/>
  <move id="132" source="I5" target="I4"/>
  <move id="133" source="H4" target="G4"/>
  <player id="1">Player 1</player>
  <player id="2">Player 2</player>
  <result type="3" winner="1"/>
 </game>
</stratego>