<?xml version="1.0" encoding="UTF-8"?>
<stratego>
 <game type="classic">
  
  <field content="BFBDBEBFBMBDIEFHFEEGEDGKHCDDDJHGIGDIJLDHAA__AA__AAAA__AA__AARPTPPTONPSUPXSRWQRPVQVRNUQTUPQSQNYNTNNSP"/>
  <move id="1" source="E4" target="E5"/>
  <move id="2" source="B7" target="B6"/>
  <move id="3" source="E5" target="E6"/>
  <move id="4" source="B6" target="A6"/>
  <move id="5" source="F4" target="F5"/>
  <move id="6" source="E7" target="E6"/>
  <move id="7" source="F5" target="F6"/>
  <move id="8" source="D7" target="E7"/>
  <move id="9" source="D4" target="E4"/>
  <move id="10" source="I7" target="I6"/>
  <move id="11" source="E4" target="E5"/>
  <move id="12" source="I6" target="K6"/>
  <move id="13" source="E5" target="E6"/>
  <move id="14" source="C7" target="D7"/>
  <move id="15" source="D3" target="D4"/>
  <move id="16" source="K6" target="K4"/>
  <move id="17" source="K4" target="K5"/>
  <move id="18" source="A6" target="B6"/>
  <move id="19" source="D4" target="E4"/>
  <move id="20" source="A7" target="B7"/>
  <move id="21" source="E4" target="F4"/>
  <move id="22" source="A8" target="A7"/>
  <move id="23" source="F4" target="F5"/>
  <move id="24" source="B8" target="A8"/>
  <move id="25" source="F5" target="E5"/>
  <move id="26" source="A7" target="A6"/>
  <move id="27" source="E5" target="E4"/>
  <move id="28" source="I8" target="I7"/>
  <move id="29" source="E4" target="D4"/>
  <move id="30" source="I7" target="I6"/>
  <move id="31" source="I4" target="I6"/>
  <move id="32" source="A6" target="A5"/>
  <move id="33" source="K5" target="K4"/>
  <move id="34" source="B7" target="B8"/>
  <move id="35" source="D4" target="D3"/>
  <move id="36" source="K7" target="K6"/>
  <move id="37" source="E6" target="E5"/>
  <move id="38" source="K6" target="I6"/>
  <move id="39" source="K4" target="I4"/>
  <move id="40" source="I6" target="K6"/>
  <move id="41" source="I4" target="K4"/>
  <move id="42" source="K6" target="K7"/>
  <move id="43" source="E5" target="E4"/>
  <move id="44" source="A5" target="B5"/>
  <move id="45" source="E4" target="D4"/>
  <move id="46" source="B6" target="A6"/>
  <move id="47" source="F6" target="F5"/>
  <move id="48" source="A6" target="A4"/>
  <move id="49" source="A4" target="A5"/>
  <move id="50" source="B5" target="A5"/>
  <move id="51" source="F5" target="F4"/>
  <move id="52" source="A5" target="B5"/>
  <move id="53" source="B4" target="A4"/>
  <move id="54" source="B5" target="A5"/>
  <move id="55" source="A4" target="B4"/>
  <move id="56" source="A8" target="A7"/>
  <move id="57" source="F4" target="F5"/>
  <move id="58" source="I9" target="I8"/>
  <move id="59" source="F5" target="F6"/>
  <move id="60" source="I8" target="I7"/>
  <move id="61" source="K4" target="K5"/>
  <move id="62" source="I7" target="I6"/>
  <move id="63" source="G4" target="F4"/>
  <move id="64" source="K7" target="I7"/>
  <move id="65" source="F6" target="E6"/>
  <move id="66" source="I7" target="I8"/>
  <move id="67" source="K5" target="I5"/>
  <move id="68" source="I6" target="K6"/>
  <move id="69" source="I5" target="K5"/>
  <move id="70" source="K6" target="I6"/>
  <move id="71" source="F4" target="F5"/>
  <move id="72" source="I8" target="I9"/>
  <move id="73" source="F5" target="F6"/>
  <move id="74" source="H8" target="I8"/>
  <move id="75" source="I3" target="I4"/>
  <move id="76" source="I8" target="I7"/>
  <move id="77" source="I4" target="I5"/>
  <move id="78" source="I7" target="K7"/>
  <move id="79" source="K5" target="K4"/>
  <move id="80" source="I6" target="I7"/>
  <move id="81" source="I5" target="I6"/>
  <move id="82" source="I7" target="I8"/>
  <move id="83" source="I6" target="I7"/>
  <move id="84" source="K7" target="I7"/>
  <move id="85" source="K4" target="K5"/>
  <move id="86" source="I8" target="H8"/>
  <move id="87" source="K5" target="K6"/>
  <move id="88" source="H8" target="I8"/>
  <move id="89" source="D4" target="E4"/>
  <move id="90" source="I8" target="H8"/>
  <move id="91" source="E4" target="F4"/>
  <move id="92" source="A7" target="B7"/>
  <move id="93" source="F4" target="G4"/>
  <move id="94" source="B8" target="A8"/>
  <move id="95" source="H4" target="I4"/>
  <move id="96" source="B7" target="B8"/>
  <move id="97" source="I4" target="I3"/>
  <move id="98" source="B8" target="B7"/>
  <move id="99" source="G4" target="H4"/>
  <move id="100" source="B7" target="A7"/>
  <move id="101" source="H4" target="I4"/>
  <move id="102" source="A7" target="B7"/>
  <move id="103" source="I4" target="I5"/>
  <move id="104" source="A8" target="B8"/>
  <move id="105" source="I5" target="I6"/>
  <move id="106" source="B7" target="C7"/>
  <move id="107" source="K6" target="K7"/>
  <move id="108" source="K8" target="K7"/>
  <move id="109" source="I6" target="K6"/>
  <move id="110" source="K7" target="K8"/>
  <move id="111" source="K6" target="K7"/>
  <move id="112" source="K8" target="I8"/>
  <move id="113" source="K7" target="K8"/>
  <move id="114" source="I7" target="I6"/>
  <move id="115" source="E3" target="E4"/>
  <move id="116" source="I6" target="I5"/>
  <move id="117" source="K3" target="K4"/>
  <move id="118" source="I5" target="I6"/>
  <move id="119" source="E4" target="F4"/>
  <move id="120" source="I6" target="K6"/>
  <move id="121" source="F4" target="G4"/>
  <move id="122" source="K6" target="K7"/>
  <move id="123" source="K4" target="K3"/>
  <move id="124" source="K7" target="K8"/>
  <move id="125" source="K8" target="K7"/>
  <move id="126" source="I8" target="K8"/>
  <move id="127" source="K7" target="K6"/>
  <move id="128" source="H8" target="I8"/>
  <move id="129" source="K6" target="I6"/>
  <move id="130" source="K8" target="K7"/>
  <move id="131" source="G4" target="H4"/>
  <move id="132" source="I8" target="K8"/>
  <move id="133" source="H4" target="I4"/>
  <move id="134" source="G8" target="H8"/>
  <move id="135" source="I4" target="K4"/>
  <move id="136" source="K7" target="I7"/>
  <move id="137" source="I6" target="I5"/>
  <move id="138" source="K8" target="K4"/>
  <move id="139" source="I5" target="I4"/>
  <move id="140" source="H8" target="I8"/>
  <move id="141" source="I4" target="H4"/>
  <move id="142" source="I8" target="K8"/>
  <move id="143" source="H4" target="G4"/>
  <move id="144" source="I7" target="I6"/>
  <move id="145" source="K4" target="I4"/>
  <move id="146" source="I6" target="I5"/>
  <move id="147" source="I4" target="H4"/>
  <move id="148" source="I5" target="I6"/>
  <move id="149" source="G4" target="F4"/>
  <move id="150" source="I6" target="I7"/>
  <move id="151" source="H4" target="G4"/>
  <move id="152" source="I7" target="I8"/>
  <move id="153" source="H3" target="H4"/>
  <move id="154" source="I8" target="H8"/>
  <move id="155" source="H4" target="I4"/>
  <move id="156" source="K8" target="I8"/>
  <move id="157" source="I4" target="I5"/>
  <move id="158" source="C7" target="B7"/>
  <move id="159" source="I5" target="I6"/>
  <move id="160" source="B7" target="A7"/>
  <move id="161" source="F4" target="F5"/>
  <move id="162" source="A7" target="A8"/>
  <move id="163" source="I3" target="H3"/>
  <move id="164" source="A5" target="B5"/>
  <move id="165" source="B4" target="A4"/>
  <move id="166" source="B5" target="A5"/>
  <move id="167" source="A4" target="B4"/>
  <move id="168" source="A8" target="A7"/>
  <move id="169" source="G4" target="F4"/>
  <move id="170" source="A7" target="B7"/>
  <move id="171" source="F4" target="E4"/>
  <move id="172" source="B7" target="B6"/>
  <move id="173" source="E4" target="E3"/>
  <move id="174" source="B6" target="B5"/>
  <move id="175" source="F5" target="F4"/>
  <move id="176" source="B5" target="B6"/>
  <move id="177" source="F4" target="G4"/>
  <move id="178" source="B6" target="B7"/>
  <move id="179" source="G4" target="H4"/>
  <move id="180" source="B7" target="A7"/>
  <move id="181" source="H4" target="I4"/>
  <move id="182" source="A7" target="A8"/>
  <move id="183" source="I4" target="I3"/>
  <move id="184" source="B8" target="B7"/>
  <move id="185" source="H3" target="H4"/>
  <move id="186" source="B7" target="B6"/>
  <move id="187" source="G3" target="H3"/>
  <move id="188" source="B6" target="B7"/>
  <move id="189" source="H4" target="G4"/>
  <move id="190" source="B7" target="A7"/>
  <move id="191" source="G4" target="G3"/>
  <move id="192" source="A7" target="B7"/>
  <move id="193" source="D3" target="D4"/>
  <move id="194" source="A8" target="B8"/>
  <move id="195" source="E3" target="D3"/>
  <move id="196" source="B7" target="A7"/>
  <move id="197" source="D4" target="E4"/>
  <move id="198" source="B8" target="A8"/>
  <move id="199" source="E4" target="F4"/>
  <move id="200" source="A5" target="A6"/>
  <move id="201" source="F4" target="G4"/>
  <move id="202" source="A6" target="B6"/>
  <move id="203" source="B4" target="A4"/>
  <move id="204" source="B6" target="A6"/>
  <move id="205" source="A4" target="B4"/>
  <move id="206" source="A6" target="B6"/>
  <move id="207" source="B4" target="A4"/>
  <move id="208" source="B6" target="B7"/>
  <move id="209" source="H3" target="H4"/>
  <move id="210" source="B7" target="B8"/>
  <move id="211" source="H4" target="I4"/>
  <move id="212" source="D7" target="C7"/>
  <move id="213" source="G4" target="H4"/>
  <move id="214" source="C7" target="B7"/>
  <move id="215" source="H4" target="H3"/>
  <move id="216" source="B7" target="B6"/>
  <move id="217" source="I4" target="H4"/>
  <move id="218" source="B6" target="A6"/>
  <move id="219" source="A4" target="B4"/>
  <move id="220" source="B8" target="B7"/>
  <move id="221" source="H4" target="G4"/>
  <move id="222" source="B7" target="B6"/>
  <move id="223" source="B4" target="A4"/>
  <move id="224" source="A6" target="A5"/>
  <move id="225" source="G4" target="F4"/>
  <move id="226" source="B6" target="B7"/>
  <move id="227" source="F4" target="E4"/>
  <move id="228" source="B7" target="C7"/>
  <move id="229" source="E4" target="E3"/>
  <move id="230" source="A5" target="A4"/>
  <move id="231" source="B3" target="B4"/>
  <move id="232" source="A4" target="A3"/>
  <move id="233" source="C3" target="B3"/>
  <move id="234" source="A3" target="B3"/>
  <move id="235" source="B4" target="B9"/>
  <move id="236" source="B3" target="A3"/>
  <move id="237" source="C4" target="B4"/>
  <move id="238" source="A8" target="B8"/>
  <move id="239" source="B4" target="A4"/>
  <move id="240" source="A3" target="B3"/>
  <move id="241" source="D3" target="C3"/>
  <move id="242" source="B3" target="B2"/>
  <move id="243" source="C2" target="B2"/>
  <move id="244" source="B8" target="B7"/>
  <move id="245" source="B2" target="C2"/>
  <move id="246" source="B7" target="B6"/>
  <move id="247" source="C3" target="B3"/>
  <move id="248" source="B6" target="B5"/>
  <move id="249" source="B3" target="B4"/>
  <move id="250" source="B5" target="A5"/>
  <move id="251" source="A4" target="A3"/>
  <move id="252" source="A5" target="A3"/>
  <move id="253" source="A3" target="B3"/>
  <move id="254" source="A7" target="B7"/>
  <move id="255" source="B3" target="C3"/>
  <move id="256" source="B7" target="B6"/>
  <move id="257" source="C3" target="C4"/>
  <move id="258" source="C7" target="B7"/>
  <move id="259" source="B4" target="B3"/>
  <move id="260" source="B7" target="A7"/>
  <move id="261" source="B3" target="C3"/>
  <move id="262" source="A7" target="A6"/>
  <move id="263" source="C3" target="D3"/>
  <move id="264" source="B6" target="B5"/>
  <move id="265" source="C4" target="B4"/>
  <move id="266" source="A6" target="B6"/>
  <move id="267" source="E3" target="E4"/>
  <move id="268" source="E7" target="D7"/>
  <move id="269" source="B4" target="B5"/>
  <move id="270" source="B6" target="B5"/>
  <move id="271" source="E4" target="D4"/>
  <move id="272" source="D7" target="C7"/>
  <move id="273" source="D4" target="C4"/>
  <move id="274" source="C7" target="B7"/>
  <move id="275" source="C4" target="C3"/>
  <move id="276" source="B7" target="B6"/>
  <move id="277" source="F6" target="F5"/>
  <move id="278" source="C8" target="C7"/>
  <move id="279" source="F5" target="F4"/>
  <move id="280" source="D8" target="D7"/>
  <move id="281" source="E6" target="F6"/>
  <move id="282" source="B9" target="B8"/>
  <move id="283" source="F4" target="E4"/>
  <move id="284" source="B8" target="A8"/>
  <move id="285" source="E4" target="D4"/>
  <move id="286" source="A8" target="A7"/>
  <move id="287" source="D4" target="C4"/>
  <move id="288" source="A7" target="B7"/>
  <move id="289" source="C4" target="B4"/>
  <move id="290" source="C7" target="C8"/>
  <move id="291" source="B4" target="B5"/>
  <move id="292" source="C8" target="B8"/>
  <move id="293" source="B5" target="B6"/>
  <move id="294" source="B7" target="B6"/>
  <move id="295" source="G3" target="G4"/>
  <move id="296" source="D7" target="C7"/>
  <move id="297" source="G4" target="H4"/>
  <move id="298" source="C7" target="B7"/>
  <move id="299" source="H4" target="I4"/>
  <move id="300" source="E8" target="E7"/>
  <move id="301" source="I4" target="K4"/>
  <move id="302" source="F8" target="E8"/>
  <move id="303" source="H3" target="H4"/>
  <move id="304" source="E8" target="D8"/>
  <move id="305" source="H4" target="G4"/>
  <move id="306" source="D8" target="D7"/>
  <move id="307" source="G4" target="F4"/>
  <move id="308" source="B7" target="B6"/>
  <move id="309" source="D3" target="D4"/>
  <move id="310" source="B8" target="B7"/>
  <move id="311" source="D4" target="C4"/>
  <move id="312" source="B6" target="A6"/>
  <move id="313" source="C4" target="B4"/>
  <move id="314" source="B7" target="B6"/>
  <move id="315" source="C3" target="C4"/>
  <move id="316" source="A6" target="A7"/>
  <move id="317" source="I3" target="I4"/>
  <move id="318" source="A7" target="B7"/>
  <move id="319" source="I4" target="I5"/>
  <move id="320" source="B7" target="C7"/>
  <move id="321" source="K4" target="K5"/>
  <move id="322" source="B6" target="B7"/>
  <move id="323" source="K5" target="K6"/>
  <move id="324" source="B7" target="B6"/>
  <move id="325" source="K6" target="K7"/>
  <move id="326" source="C7" target="B7"/>
  <move id="327" source="K7" target="K8"/>
  <move id="328" source="B7" target="C7"/>
  <move id="329" source="I6" target="K6"/>
  <move id="330" source="C7" target="B7"/>
  <move id="331" source="I5" target="I6"/>
  <move id="332" source="B7" target="A7"/>
  <move id="333" source="I6" target="I7"/>
  <move id="334" source="A7" target="A6"/>
  <move id="335" source="K6" target="K5"/>
  <move id="336" source="A6" target="A5"/>
  <move id="337" source="K5" target="K4"/>
  <move id="338" source="B6" target="B5"/>
  <move id="339" source="K4" target="I4"/>
  <move id="340" source="A5" target="A6"/>
  <move id="341" source="I4" target="H4"/>
  <move id="342" source="A6" target="B6"/>
  <move id="343" source="F4" target="E4"/>
  <move id="344" source="B5" target="A5"/>
  <move id="345" source="E4" target="E3"/>
  <move id="346" source="B6" target="B5"/>
  <move id="347" source="H4" target="G4"/>
  <move id="348" source="B5" target="B6"/>
  <move id="349" source="G4" target="F4"/>
  <move id="350" source="A5" target="B5"/>
  <move id="351" source="F4" target="E4"/>
  <move id="352" source="B6" target="B7"/>
  <move id="353" source="E4" target="D4"/>
  <move id="354" source="B5" target="B6"/>
  <move id="355" source="D4" target="D3"/>
  <move id="356" source="B7" target="A7"/>
  <move id="357" source="D3" target="C3"/>
  <move id="358" source="B6" target="B7"/>
  <move id="359" source="C3" target="B3"/>
  <move id="360" source="A7" target="A6"/>
  <move id="361" source="B3" target="A3"/>
  <move id="362" source="A6" target="B6"/>
  <move id="363" source="A3" target="A4"/>
  <move id="364" source="B7" target="A7"/>
  <move id="365" source="A4" target="A5"/>
  <move id="366" source="B6" target="B7"/>
  <move id="367" source="A5" target="A6"/>
  <move id="368" source="A7" target="A6"/>
  <move id="369" source="B4" target="B3"/>
  <move id="370" source="A6" target="B6"/>
  <move id="371" source="C4" target="B4"/>
  <move id="372" source="B6" target="B5"/>
  <move id="373" source="B4" target="E4"/>
  <move id="374" source="B5" target="B4"/>
  <move id="375" source="B3" target="A3"/>
  <move id="376" source="B4" target="B3"/>
  <move id="377" source="A3" target="A4"/>
  <move id="378" source="B7" target="B8"/>
  <move id="379" source="E4" target="E7"/>
  <move id="380" source="A9" target="A8"/>
  <move id="381" source="E3" target="E4"/>
  <move id="382" source="A8" target="A7"/>
  <move id="383" source="E4" target="E5"/>
  <move id="384" source="A7" target="A6"/>
  <move id="385" source="E5" target="E6"/>
  <move id="386" source="A6" target="A5"/>
  <move id="387" source="E6" target="E7"/>
  <move id="388" source="D7" target="E7"/>
  <move id="389" source="F6" target="F7"/>
  <move id="390" source="A5" target="A4"/>
  <move id="391" source="A4" target="A5"/>
  <move id="392" source="H8" target="G8"/>
  <move id="393" source="F7" target="F6"/>
  <move id="394" source="G8" target="F8"/>
  <move id="395" source="F6" target="F5"/>
  <move id="396" source="F8" target="E8"/>
  <move id="397" source="I7" target="H7"/>
  <move id="398" source="E8" target="D8"/>
  <move id="399" source="A5" target="A6"/>
  <move id="400" source="D8" target="C8"/>
  <move id="401" source="A6" target="A7"/>
  <move id="402" source="B3" target="B4"/>
  <move id="403" source="K3" target="K4"/>
  <move id="404" source="B4" target="B5"/>
  <move id="405" source="K4" target="I4"/>
  <move id="406" source="B8" target="B9"/>
  <move id="407" source="A7" target="A8"/>
  <move id="408" source="B9" target="B8"/>
  <move id="409" source="A8" target="A9"/>
  <move id="410" source="B8" target="B7"/>
  <move id="411" source="A9" target="B9"/>
  <move id="412" source="B5" target="A5"/>
  <move id="413" source="B9" target="B:"/>
  <move id="414" source="A:" target="A9"/>
  <move id="415" source="B:" target="B9"/>
  <move id="416" source="A9" target="A8"/>
  <move id="417" source="B9" target="A9"/>
  <move id="418" source="A8" target="A7"/>
  <move id="419" source="A9" target="A8"/>
  <move id="420" source="A7" target="A6"/>
  <move id="421" source="A8" target="A7"/>
  <move id="422" source="B7" target="B8"/>
  <move id="423" source="A7" target="B7"/>
  <move id="424" source="B8" target="B9"/>
  <move id="425" source="I4" target="I5"/>
  <move id="426" source="A5" target="B5"/>
  <move id="427" source="B7" target="A7"/>
  <move id="428" source="A6" target="A5"/>
  <move id="429" source="A7" target="A8"/>
  <move id="430" source="B9" target="B:"/>
  <move id="431" source="A8" target="A9"/>
  <move id="432" source="C8" target="B8"/>
  <move id="433" source="A9" target="A:"/>
  <move id="434" source="B:" target="B9"/>
  <move id="435" source="A:" target="A9"/>
  <move id="436" source="B9" target="B:"/>
  <move id="437" source="I5" target="I6"/>
  <move id="438" source="B5" target="B6"/>
  <move id="439" source="I6" target="I7"/>
  <move id="440" source="B6" target="B7"/>
  <move id="441" source="I7" target="I8"/>
  <move id="442" source="B7" target="A7"/>
  <move id="443" source="A9" target="A:"/>
  <move id="444" source="B:" target="B9"/>
  <move id="445" source="A:" target="A9"/>
  <move id="446" source="B9" target="B:"/>
  <move id="447" source="E2" target="E3"/>
  <move id="448" source="A7" target="A8"/>
  <move id="449" source="A9" target="A:"/>
  <move id="450" source="B:" target="B9"/>
  <move id="451" source="A:" target="B:"/>
  <move id="452" source="B9" target="A9"/>
  <move id="453" source="B:" target="A:"/>
  <move id="454" source="A9" target="B9"/>
  <move id="455" source="E3" target="E4"/>
  <move id="456" source="B8" target="C8"/>
  <move id="457" source="A:" target="B:"/>
  <move id="458" source="B9" target="A9"/>
  <move id="459" source="B:" target="B9"/>
  <move id="460" source="A9" target="A:"/>
  <move id="461" source="E4" target="E5"/>
  <move id="462" source="A8" target="B8"/>
  <move id="463" source="B9" target="C9"/>
  <move id="464" source="C8" target="C9"/>
  <move id="465" source="E5" target="E6"/>
  <move id="466" source="C9" target="C8"/>
  <move id="467" source="E6" target="E7"/>
  <move id="468" source="C8" target="D8"/>
  <move id="469" source="E7" target="E8"/>
  <move id="470" source="D8" target="D7"/>
  <move id="471" source="K8" target="K7"/>
  <move id="472" source="B8" target="C8"/>
  <move id="473" source="I8" target="I7"/>
  <move id="474" source="F9" target="F8"/>
  <move id="475" source="E8" target="F8"/>
  <move id="476" source="D7" target="E7"/>
  <move id="477" source="F8" target="F9"/>
  <move id="478" source="E7" target="F7"/>
  <move id="479" source="F9" target="F:"/>
  <move id="480" source="C8" target="D8"/>
  <move id="481" source="F5" target="F4"/>
  <move id="482" source="A5" target="B5"/>
  <move id="483" source="F4" target="E4"/>
  <move id="484" source="D8" target="D7"/>
  <move id="485" source="E4" target="D4"/>
  <move id="486" source="B5" target="B6"/>
  <move id="487" source="D4" target="C4"/>
  <move id="488" source="B6" target="B7"/>
  <move id="489" source="H2" target="H3"/>
  <move id="490" source="B7" target="B8"/>
  <move id="491" source="H3" target="H4"/>
  <move id="492" source="E9" target="E8"/>
  <move id="493" source="H4" target="G4"/>
  <move id="494" source="E8" target="D8"/>
  <move id="495" source="G4" target="F4"/>
  <move id="496" source="D7" target="E7"/>
  <move id="497" source="F4" target="F5"/>
  <move id="498" source="E7" target="E8"/>
  <move id="499" source="F5" target="F6"/>
  <move id="500" source="E8" target="F8"/>
  <move id="501" source="I7" target="I6"/>
  <move id="502" source="F8" target="E8"/>
  <move id="503" source="I6" target="I5"/>
  <move id="504" source="E8" target="E7"/>
  <move id="505" source="K7" target="I7"/>
  <move id="506" source="F7" target="F8"/>
  <move id="507" source="I7" target="K7"/>
  <move id="508" source="F8" target="G8"/>
  <move id="509" source="I5" target="I4"/>
  <move id="510" source="G8" target="H8"/>
  <move id="511" source="I4" target="H4"/>
  <move id="512" source="H8" target="I8"/>
  <move id="513" source="K7" target="K6"/>
  <move id="514" source="I8" target="I7"/>
  <move id="515" source="H4" target="G4"/>
  <move id="516" source="I7" target="I6"/>
  <move id="517" source="K6" target="I6"/>
  <move id="518" source="D8" target="E8"/>
  <move id="519" source="G4" target="F4"/>
  <move id="520" source="E8" target="F8"/>
  <move id="521" source="F4" target="F5"/>
  <move id="522" source="F8" target="F7"/>
  <move id="523" source="I6" target="I5"/>
  <move id="524" source="H9" target="H8"/>
  <move id="525" source="C4" target="B4"/>
  <move id="526" source="H8" target="G8"/>
  <move id="527" source="B4" target="B5"/>
  <move id="528" source="B8" target="C8"/>
  <move id="529" source="B5" target="B6"/>
  <move id="530" source="G8" target="F8"/>
  <move id="531" source="B6" target="B7"/>
  <move id="532" source="F8" target="E8"/>
  <move id="533" source="B7" target="B8"/>
  <move id="534" source="C8" target="C7"/>
  <move id="535" source="B8" target="B9"/>
  <move id="536" source="E8" target="D8"/>
  <move id="537" source="B9" target="C9"/>
  <move id="538" source="A:" target="B:"/>
  <move id="539" source="C9" target="B9"/>
  <move id="540" source="B:" target="A:"/>
  <move id="541" source="B9" target="A9"/>
  <move id="542" source="D8" target="C8"/>
  <move id="543" source="A9" target="A:"/>
  <move id="544" source="C8" target="B8"/>
  <move id="545" source="A:" target="A9"/>
  <move id="546" source="B8" target="A8"/>
  <move id="547" source="A9" target="A8"/>
  <move id="548" source="E7" target="D7"/>
  <move id="549" source="F6" target="E6"/>
  <move id="550" source="F7" target="E7"/>
  <move id="551" source="E6" target="E5"/>
  <move id="552" source="E7" target="E6"/>
  <move id="553" source="E5" target="E4"/>
  <move id="554" source="D7" target="E7"/>
  <move id="555" source="F5" target="E5"/>
  <move id="556" source="E6" target="F6"/>
  <move id="557" source="E5" target="F5"/>
  <move id="558" source="E7" target="E6"/>
  <move id="559" source="C2" target="C3"/>
  <move id="560" source="F6" target="F7"/>
  <move id="561" source="C3" target="B3"/>
  <move id="562" source="E6" target="F6"/>
  <move id="563" source="F5" target="E5"/>
  <move id="564" source="C7" target="C8"/>
  <move id="565" source="B3" target="B4"/>
  <move id="566" source="F7" target="E7"/>
  <move id="567" source="B4" target="B5"/>
  <move id="568" source="E7" target="D7"/>
  <move id="569" source="B5" target="B6"/>
  <move id="570" source="D7" target="C7"/>
  <move id="571" source="B6" target="B7"/>
  <move id="572" source="C7" target="B7"/>
  <move id="573" source="E4" target="F4"/>
  <move id="574" source="F6" target="E6"/>
  <move id="575" source="E5" target="F5"/>
  <move id="576" source="F:" target="F9"/>
  <move id="577" source="F3" target="E3"/>
  <move id="578" source="F9" target="E9"/>
  <move id="579" source="E3" target="D3"/>
  <move id="580" source="E9" target="E8"/>
  <move id="581" source="D3" target="C3"/>
  <move id="582" source="E8" target="D8"/>
  <move id="583" source="C3" target="B3"/>
  <move id="584" source="D8" target="D7"/>
  <move id="585" source="B3" target="B4"/>
  <move id="586" source="D7" target="C7"/>
  <move id="587" source="B4" target="C4"/>
  <move id="588" source="C7" target="B7"/>
  <move id="589" source="C4" target="C3"/>
  <move id="590" source="B7" target="A7"/>
  <move id="591" source="C3" target="D3"/>
  <move id="592" source="A7" target="A6"/>
  <move id="593" source="D3" target="E3"/>
  <move id="594" source="A6" target="A5"/>
  <move id="595" source="E3" target="F3"/>
  <move id="596" source="A5" target="A4"/>
  <move id="597" source="F3" target="G3"/>
  <move id="598" source="A4" target="A3"/>
  <move id="599" source="F2" target="F3"/>
  <move id="600" source="A3" target="B3"/>
  <move id="601" source="F3" target="E3"/>
  <move id="602" source="B3" target="C3"/>
  <move id="603" source="E3" target="D3"/>
  <move id="604" source="C3" target="D3"/>
  <move id="605" source="G3" target="F3"/>
  <move id="606" source="I9" target="H9"/>
  <move id="607" source="F3" target="E3"/>
  <move id="608" source="H9" target="H8"/>
  <move id="609" source="E3" target="E4"/>
  <move id="610" source="H8" target="G8"/>
  <move id="611" source="E4" target="D4"/>
  <move id="612" source="G8" target="F8"/>
  <move id="613" source="D4" target="C4"/>
  <move id="614" source="F8" target="E8"/>
  <move id="615" source="F4" target="E4"/>
  <move id="616" source="C8" target="B8"/>
  <move id="617" source="F5" target="F4"/>
  <move id="618" source="B8" target="A8"/>
  <move id="619" source="F4" target="F3"/>
  <move id="620" source="E8" target="F8"/>
  <move id="621" source="F3" target="E3"/>
  <move id="622" source="F8" target="F7"/>
  <move id="623" source="I5" target="I4"/>
  <move id="624" source="F7" target="F6"/>
  <move id="625" source="I4" target="H4"/>
  <move id="626" source="F6" target="F5"/>
  <move id="627" source="H4" target="G4"/>
  <move id="628" source="F5" target="E5"/>
  <move id="629" source="E4" target="F4"/>
  <move id="630" source="E6" target="F6"/>
  <move id="631" source="E3" target="D3"/>
  <move id="632" source="E5" target="E4"/>
  <move id="633" source="F4" target="F3"/>
  <move id="634" source="F6" target="F5"/>
  <move id="635" source="D3" target="E3"/>
  <move id="636" source="E4" target="D4"/>
  <move id="637" source="C4" target="C3"/>
  <move id="638" source="F5" target="E5"/>
  <move id="639" source="F3" target="F4"/>
  <move id="640" source="D4" target="C4"/>
  <move id="641" source="C3" target="B3"/>
  <move id="642" source="C4" target="C3"/>
  <move id="643" source="B3" target="B4"/>
  <move id="644" source="C3" target="B3"/>
  <move id="645" source="B4" target="C4"/>
  <move id="646" source="B3" target="B4"/>
  <move id="647" source="C4" target="C3"/>
  <move id="648" source="K9" target="K8"/>
  <move id="649" source="E3" target="D3"/>
  <move id="650" source="K:" target="K9"/>
  <move id="651" source="D3" target="D4"/>
  <move id="652" source="B4" target="B3"/>
  <move id="653" source="C3" target="D3"/>
  <move id="654" source="K9" target="I9"/>
  <move id="655" source="D4" target="C4"/>
  <move id="656" source="I9" target="H9"/>
  <move id="657" source="D3" target="D4"/>
  <move id="658" source="H9" target="H8"/>
  <move id="659" source="C4" target="B4"/>
  <move id="660" source="B3" target="C3"/>
  <move id="661" source="B4" target="C4"/>
  <move id="662" source="C3" target="B3"/>
  <move id="663" source="C4" target="C3"/>
  <move id="664" source="B3" target="B4"/>
  <move id="665" source="C3" target="D3"/>
  <move id="666" source="H8" target="G8"/>
  <move id="667" source="D4" target="E4"/>
  <move id="668" source="E5" target="E6"/>
  <move id="669" source="E4" target="E3"/>
  <move id="670" source="E6" target="E5"/>
  <move id="671" source="E3" target="F3"/>
  <move id="672" source="G8" target="F8"/>
  <move id="673" source="F3" target="G3"/>
  <move id="674" source="F8" target="F4"/>
  <move id="675" source="D3" target="C3"/>
  <move id="676" source="E5" target="E4"/>
  <move id="677" source="F4" target="F5"/>
  <move id="678" source="B4" target="A4"/>
  <move id="679" source="F5" target="F6"/>
  <move id="680" source="G7" target="G8"/>
  <move id="681" source="F6" target="F7"/>
  <move id="682" source="G9" target="F9"/>
  <move id="683" source="F7" target="E7"/>
  <move id="684" source="F9" target="F8"/>
  <move id="685" source="C3" target="B3"/>
  <move id="686" source="A8" target="B8"/>
  <move id="687" source="B3" target="B4"/>
  <move id="688" source="A4" target="A3"/>
  <move id="689" source="B4" target="B5"/>
  <move id="690" source="B8" target="C8"/>
  <move id="691" source="B5" target="B6"/>
  <move id="692" source="C8" target="D8"/>
  <move id="693" source="B6" target="B7"/>
  <move id="694" source="E4" target="E5"/>
  <move id="695" source="B7" target="C7"/>
  <move id="696" source="E5" target="E6"/>
  <move id="697" source="C7" target="D7"/>
  <move id="698" source="D8" target="E8"/>
  <move id="699" source="D7" target="D8"/>
  <move id="700" source="E8" target="E7"/>
  <move id="701" source="D8" target="E8"/>
  <move id="702" source="F8" target="F7"/>
  <move id="703" source="E8" target="F8"/>
  <move id="704" source="F7" target="F6"/>
  <move id="705" source="F8" target="G8"/>
  <move id="706" source="E6" target="E5"/>
  <move id="707" source="G4" target="F4"/>
  <move id="708" source="E7" target="D7"/>
  <move id="709" source="G8" target="F8"/>
  <move id="710" source="F6" target="E6"/>
  <move id="711" source="F8" target="E8"/>
  <move id="712" source="D7" target="C7"/>
  <move id="713" source="E8" target="E7"/>
  <move id="714" source="A3" target="B3"/>
  <move id="715" source="E7" target="D7"/>
  <move id="716" source="C7" target="B7"/>
  <move id="717" source="D7" target="C7"/>
  <move id="718" source="B7" target="A7"/>
  <move id="719" source="C7" target="B7"/>
  <move id="720" source="A7" target="A8"/>
  <move id="721" source="B7" target="B8"/>
  <move id="722" source="A8" target="A9"/>
  <move id="723" source="B8" target="C8"/>
  <move id="724" source="E6" target="F6"/>
  <move id="725" source="C8" target="D8"/>
  <move id="726" source="K8" target="K9"/>
  <move id="727" source="D8" target="E8"/>
  <move id="728" source="B3" target="C3"/>
  <move id="729" source="E8" target="F8"/>
  <move id="730" source="F6" target="E6"/>
  <move id="731" source="F8" target="F9"/>
  <move id="732" source="C3" target="D3"/>
  <move id="733" source="F9" target="G9"/>
  <move id="734" source="K9" target="K8"/>
  <move id="735" source="G9" target="G8"/>
  <move id="736" source="K8" target="K7"/>
  <move id="737" source="G8" target="H8"/>
  <move id="738" source="E5" target="F5"/>
  <move id="739" source="F4" target="E4"/>
  <move id="740" source="E6" target="E7"/>
  <move id="741" source="G3" target="G4"/>
  <move id="742" source="F5" target="F6"/>
  <move id="743" source="H8" target="I8"/>
  <move id="744" source="F6" target="F7"/>
  <move id="745" source="I8" target="K8"/>
  <move id="746" source="K7" target="I7"/>
  <move id="747" source="K8" target="K7"/>
  <move id="748" source="I7" target="I8"/>
  <move id="749" source="K7" target="I7"/>
  <move id="750" source="I8" target="K8"/>
  <move id="751" source="I7" target="I6"/>
  <move id="752" source="F7" target="F6"/>
  <move id="753" source="G4" target="F4"/>
  <move id="754" source="F6" target="E6"/>
  <move id="755" source="F4" target="F5"/>
  <move id="756" source="D3" target="C3"/>
  <move id="757" source="E4" target="D4"/>
  <move id="758" source="C3" target="B3"/>
  <move id="759" source="D4" target="C4"/>
  <move id="760" source="E7" target="F7"/>
  <move id="761" source="I6" target="K6"/>
  <move id="762" source="K8" target="I8"/>
  <move id="763" source="F5" target="F4"/>
  <move id="764" source="E6" target="E5"/>
  <move id="765" source="K6" target="K7"/>
  <move id="766" source="F7" target="F6"/>
  <move id="767" source="K7" target="I7"/>
  <move id="768" source="I8" target="K8"/>
  <move id="769" source="I7" target="I6"/>
  <move id="770" source="F6" target="F5"/>
  <move id="771" source="F4" target="F3"/>
  <move id="772" source="F5" target="F4"/>
  <move id="773" source="F3" target="G3"/>
  <move id="774" source="F4" target="G4"/>
  <move id="775" source="G3" target="H3"/>
  <move id="776" source="G4" target="H4"/>
  <move id="777" source="H3" target="I3"/>
  <move id="778" source="H4" target="I4"/>
  <move id="779" source="I3" target="H3"/>
  <move id="780" source="E5" target="E4"/>
  <move id="781" source="I6" target="I5"/>
  <move id="782" source="I4" target="I3"/>
  <move id="783" source="H3" target="H4"/>
  <move id="784" source="E4" target="E5"/>
  <move id="785" source="H4" target="G4"/>
  <move id="786" source="I3" target="H3"/>
  <move id="787" source="I5" target="I4"/>
  <move id="788" source="E5" target="F5"/>
  <move id="789" source="K2" target="K3"/>
  <move id="790" source="F5" target="E5"/>
  <move id="791" source="K3" target="K4"/>
  <move id="792" source="H3" target="G3"/>
  <move id="793" source="G4" target="H4"/>
  <move id="794" source="E5" target="E4"/>
  <move id="795" source="I4" target="I3"/>
  <move id="796" source="G3" target="G4"/>
  <move id="797" source="H4" target="H3"/>
  <move id="798" source="E4" target="F4"/>
  <move id="799" source="K4" target="K5"/>
  <move id="800" source="F4" target="F3"/>
  <move id="801" source="I3" target="I4"/>
  <move id="802" source="G4" target="G3"/>
  <move id="803" source="H3" target="H4"/>
  <move id="804" source="G3" target="H3"/>
  <move id="805" source="H4" target="G4"/>
  <move id="806" source="B3" target="A3"/>
  <move id="807" source="C4" target="B4"/>
  <move id="808" source="A9" target="B9"/>
  <move id="809" source="K5" target="K6"/>
  <move id="810" source="K8" target="I8"/>
  <move id="811" source="K6" target="I6"/>
  <move id="812" source="I8" target="H8"/>
  <move id="813" source="I6" target="I7"/>
  <move id="814" source="I:" target="I9"/>
  <move id="815" source="I7" target="K7"/>
  <move id="816" source="I9" target="K9"/>
  <move id="817" source="K7" target="I7"/>
  <move id="818" source="K9" target="I9"/>
  <move id="819" source="I7" target="K7"/>
  <move id="820" source="I9" target="K9"/>
  <move id="821" source="I2" target="K2"/>
  <move id="822" source="K9" target="K8"/>
  <move id="823" source="K7" target="K8"/>
  <move id="824" source="B9" target="C9"/>
  <move id="825" source="K2" target="K3"/>
  <move id="826" source="C9" target="C8"/>
  <move id="827" source="K3" target="K4"/>
  <move id="828" source="C8" target="D8"/>
  <move id="829" source="K4" target="K5"/>
  <move id="830" source="D8" target="E8"/>
  <move id="831" source="K5" target="K6"/>
  <move id="832" source="E8" target="F8"/>
  <move id="833" source="K6" target="K7"/>
  <move id="834" source="F8" target="G8"/>
  <move id="835" source="K7" target="K8"/>
  <move id="836" source="G8" target="G9"/>
  <move id="837" source="K8" target="I8"/>
  <move id="838" source="H8" target="G8"/>
  <move id="839" source="I8" target="H8"/>
  <move id="840" source="G8" target="F8"/>
  <move id="841" source="D2" target="D3"/>
  <move id="842" source="F8" target="F7"/>
  <move id="843" source="D3" target="D4"/>
  <move id="844" source="F3" target="E3"/>
  <move id="845" source="D4" target="C4"/>
  <move id="846" source="E3" target="D3"/>
  <move id="847" source="B4" target="A4"/>
  <move id="848" source="A3" target="B3"/>
  <move id="849" source="C4" target="B4"/>
  <move id="850" source="F7" target="F6"/>
  <move id="851" source="B4" target="B5"/>
  <move id="852" source="F6" target="F5"/>
  <move id="853" source="B5" target="B6"/>
  <move id="854" source="F5" target="F4"/>
  <move id="855" source="B6" target="B7"/>
  <move id="856" source="F4" target="F3"/>
  <move id="857" source="B7" target="B8"/>
  <move id="858" source="F3" target="F2"/>
  <move id="859" source="B8" target="B9"/>
  <move id="860" source="F2" target="G2"/>
  <move id="861" source="B9" target="B:"/>
  <move id="862" source="H3" target="G3"/>
  <move id="863" source="B:" target="C:"/>
  <player id="1">Player 1</player>
  <player id="2">Player 2</player>
  <result type="3" winner="1"/>
 </game>
</stratego>