<?xml version="1.0" encoding="UTF-8"?>
<stratego>
 <game type="classic">
  
  <field content="GDIMFDGIHFFHEBCDDDEDDLHHDGGEKFJBIEBBBEBJAA__AA__AAAA__AA__AARUXQRSVSNSQSPWPUOTQNNRVPUPQPPRYNTPNPTNTQ"/>
  <move id="1" source="A4" target="A5"/>
  <move id="2" source="F7" target="F6"/>
  <move id="3" source="A5" target="A6"/>
  <move id="4" source="E7" target="E6"/>
  <move id="5" source="K4" target="K5"/>
  <move id="6" source="F8" target="F7"/>
  <move id="7" source="K5" target="I5"/>
  <move id="8" source="E6" target="E5"/>
  <move id="9" source="A6" target="B6"/>
  <move id="10" source="E5" target="E6"/>
  <move id="11" source="K3" target="K4"/>
  <move id="12" source="E8" target="E7"/>
  <move id="13" source="I3" target="K3"/>
  <move id="14" source="E6" target="E5"/>
  <move id="15" source="I5" target="I6"/>
  <move id="16" source="E5" target="F5"/>
  <move id="17" source="K4" target="K5"/>
  <move id="18" source="E7" target="E6"/>
  <move id="19" source="K5" target="I5"/>
  <move id="20" source="E6" target="E5"/>
  <move id="21" source="K3" target="K4"/>
  <move id="22" source="F6" target="E6"/>
  <move id="23" source="K4" target="K5"/>
  <move id="24" source="F5" target="F6"/>
  <move id="25" source="K5" target="K6"/>
  <move id="26" source="A7" target="A6"/>
  <move id="27" source="A3" target="A4"/>
  <move id="28" source="A6" target="A5"/>
  <move id="29" source="B3" target="A3"/>
  <move id="30" source="A5" target="B5"/>
  <move id="31" source="A4" target="A5"/>
  <move id="32" source="B5" target="A5"/>
  <move id="33" source="A3" target="A4"/>
  <move id="34" source="A5" target="A6"/>
  <move id="35" source="B6" target="A6"/>
  <move id="36" source="D7" target="E7"/>
  <move id="37" source="A4" target="A5"/>
  <move id="38" source="E7" target="E8"/>
  <move id="39" source="A5" target="B5"/>
  <move id="40" source="A8" target="A7"/>
  <move id="41" source="B5" target="B6"/>
  <move id="42" source="B8" target="A8"/>
  <move id="43" source="C3" target="B3"/>
  <move id="44" source="E5" target="E4"/>
  <move id="45" source="H3" target="I3"/>
  <move id="46" source="E6" target="E5"/>
  <move id="47" source="I3" target="K3"/>
  <move id="48" source="F6" target="F5"/>
  <move id="49" source="K3" target="K4"/>
  <move id="50" source="E5" target="E6"/>
  <move id="51" source="B3" target="A3"/>
  <move id="52" source="E6" target="F6"/>
  <move id="53" source="A3" target="A4"/>
  <move id="54" source="E8" target="E7"/>
  <move id="55" source="I5" target="K5"/>
  <move id="56" source="E7" target="E6"/>
  <move id="57" source="D3" target="C3"/>
  <move id="58" source="E6" target="E5"/>
  <move id="59" source="G3" target="H3"/>
  <move id="60" source="D8" target="D7"/>
  <move id="61" source="I6" target="I7"/>
  <move id="62" source="C8" target="D8"/>
  <move id="63" source="K6" target="I6"/>
  <move id="64" source="D8" target="E8"/>
  <move id="65" source="K5" target="K6"/>
  <move id="66" source="E8" target="E7"/>
  <move id="67" source="K4" target="K5"/>
  <move id="68" source="D7" target="D8"/>
  <move id="69" source="I6" target="I5"/>
  <move id="70" source="D8" target="C8"/>
  <move id="71" source="K6" target="I6"/>
  <move id="72" source="C8" target="B8"/>
  <move id="73" source="K5" target="K6"/>
  <move id="74" source="C7" target="C8"/>
  <move id="75" source="I5" target="K5"/>
  <move id="76" source="B7" target="C7"/>
  <move id="77" source="I6" target="I5"/>
  <move id="78" source="A7" target="B7"/>
  <move id="79" source="K6" target="I6"/>
  <move id="80" source="A8" target="A7"/>
  <move id="81" source="I6" target="I7"/>
  <move id="82" source="K7" target="I7"/>
  <move id="83" source="K5" target="K6"/>
  <move id="84" source="I7" target="K7"/>
  <move id="85" source="K6" target="K7"/>
  <move id="86" source="E7" target="E6"/>
  <move id="87" source="I5" target="I6"/>
  <move id="88" source="B8" target="A8"/>
  <move id="89" source="I6" target="I7"/>
  <move id="90" source="B7" target="B6"/>
  <move id="91" source="I7" target="I8"/>
  <move id="92" source="G8" target="F8"/>
  <move id="93" source="I8" target="K8"/>
  <move id="94" source="F8" target="E8"/>
  <move id="95" source="K7" target="I7"/>
  <move id="96" source="E8" target="D8"/>
  <move id="97" source="I2" target="I3"/>
  <move id="98" source="D8" target="D7"/>
  <move id="99" source="I3" target="K3"/>
  <move id="100" source="C8" target="D8"/>
  <move id="101" source="K3" target="K4"/>
  <move id="102" source="D8" target="E8"/>
  <move id="103" source="K4" target="K5"/>
  <move id="104" source="E8" target="F8"/>
  <move id="105" source="K5" target="K6"/>
  <move id="106" source="F7" target="E7"/>
  <move id="107" source="K6" target="K7"/>
  <move id="108" source="F5" target="F4"/>
  <move id="109" source="K7" target="K8"/>
  <move id="110" source="E5" target="F5"/>
  <move id="111" source="K8" target="K9"/>
  <move id="112" source="G7" target="F7"/>
  <move id="113" source="I7" target="I8"/>
  <move id="114" source="H8" target="G8"/>
  <move id="115" source="I8" target="K8"/>
  <move id="116" source="G8" target="G7"/>
  <move id="117" source="K8" target="K9"/>
  <move id="118" source="G9" target="G8"/>
  <move id="119" source="K9" target="K8"/>
  <move id="120" source="G8" target="H8"/>
  <move id="121" source="K8" target="K7"/>
  <move id="122" source="H8" target="I8"/>
  <move id="123" source="K7" target="K6"/>
  <move id="124" source="I8" target="I7"/>
  <move id="125" source="K6" target="K5"/>
  <move id="126" source="I7" target="I6"/>
  <move id="127" source="K5" target="K4"/>
  <move id="128" source="I6" target="K6"/>
  <move id="129" source="K4" target="K3"/>
  <move id="130" source="K6" target="K5"/>
  <move id="131" source="K3" target="I3"/>
  <move id="132" source="F5" target="F4"/>
  <move id="133" source="F3" target="F4"/>
  <move id="134" source="E6" target="E5"/>
  <move id="135" source="K2" target="K3"/>
  <move id="136" source="F6" target="F5"/>
  <move id="137" source="K3" target="K4"/>
  <move id="138" source="F5" target="F4"/>
  <move id="139" source="E3" target="F3"/>
  <move id="140" source="E7" target="E6"/>
  <move id="141" source="F3" target="F7"/>
  <move id="142" source="E5" target="F5"/>
  <move id="143" source="H3" target="G3"/>
  <move id="144" source="F5" target="F4"/>
  <move id="145" source="G3" target="F3"/>
  <move id="146" source="F4" target="G4"/>
  <move id="147" source="I3" target="H3"/>
  <move id="148" source="K5" target="I5"/>
  <move id="149" source="H3" target="G3"/>
  <move id="150" source="F7" target="E7"/>
  <move id="151" source="F3" target="F4"/>
  <move id="152" source="E6" target="E5"/>
  <move id="153" source="F4" target="F5"/>
  <move id="154" source="G7" target="F7"/>
  <move id="155" source="G3" target="F3"/>
  <move id="156" source="F7" target="F6"/>
  <move id="157" source="F3" target="F4"/>
  <move id="158" source="H7" target="I7"/>
  <move id="159" source="F5" target="E5"/>
  <move id="160" source="I7" target="K7"/>
  <move id="161" source="F4" target="F5"/>
  <move id="162" source="E5" target="E6"/>
  <move id="163" source="F5" target="F6"/>
  <move id="164" source="E6" target="E5"/>
  <move id="165" source="F6" target="F5"/>
  <move id="166" source="E5" target="E6"/>
  <move id="167" source="F5" target="E5"/>
  <move id="168" source="E6" target="F6"/>
  <move id="169" source="E5" target="E6"/>
  <move id="170" source="E7" target="E8"/>
  <move id="171" source="E6" target="F6"/>
  <move id="172" source="C7" target="C8"/>
  <move id="173" source="F6" target="F7"/>
  <move id="174" source="F8" target="F7"/>
  <move id="175" source="B6" target="B7"/>
  <move id="176" source="A7" target="A6"/>
  <move id="177" source="B7" target="C7"/>
  <move id="178" source="D7" target="C7"/>
  <move id="179" source="A6" target="B6"/>
  <move id="180" source="A8" target="A7"/>
  <move id="181" source="B6" target="B7"/>
  <move id="182" source="A7" target="B7"/>
  <move id="183" source="A4" target="A5"/>
  <move id="184" source="K7" target="K6"/>
  <move id="185" source="A5" target="A6"/>
  <move id="186" source="K6" target="K5"/>
  <move id="187" source="K4" target="K3"/>
  <move id="188" source="K5" target="K4"/>
  <move id="189" source="K3" target="I3"/>
  <move id="190" source="K4" target="K3"/>
  <move id="191" source="I3" target="H3"/>
  <move id="192" source="K3" target="I3"/>
  <move id="193" source="H3" target="G3"/>
  <move id="194" source="I3" target="H3"/>
  <move id="195" source="G3" target="F3"/>
  <move id="196" source="F7" target="F6"/>
  <move id="197" source="F3" target="F4"/>
  <move id="198" source="H3" target="G3"/>
  <move id="199" source="F4" target="F5"/>
  <move id="200" source="F6" target="F5"/>
  <move id="201" source="A6" target="A7"/>
  <move id="202" source="B7" target="A7"/>
  <move id="203" source="C3" target="B3"/>
  <move id="204" source="A7" target="A6"/>
  <move id="205" source="K1" target="K2"/>
  <move id="206" source="A6" target="A5"/>
  <move id="207" source="K2" target="K3"/>
  <move id="208" source="E8" target="F8"/>
  <move id="209" source="K3" target="K4"/>
  <move id="210" source="F8" target="G8"/>
  <move id="211" source="K4" target="K3"/>
  <move id="212" source="G8" target="H8"/>
  <move id="213" source="K3" target="K2"/>
  <move id="214" source="H8" target="H7"/>
  <move id="215" source="K2" target="K1"/>
  <move id="216" source="H7" target="I7"/>
  <move id="217" source="H2" target="K2"/>
  <move id="218" source="I7" target="I6"/>
  <move id="219" source="K2" target="K9"/>
  <move id="220" source="K:" target="K9"/>
  <move id="221" source="E2" target="E3"/>
  <move id="222" source="I6" target="K6"/>
  <move id="223" source="E3" target="F3"/>
  <move id="224" source="K6" target="K5"/>
  <move id="225" source="F3" target="F4"/>
  <move id="226" source="F5" target="F6"/>
  <move id="227" source="D4" target="D3"/>
  <move id="228" source="G3" target="F3"/>
  <move id="229" source="F4" target="F5"/>
  <move id="230" source="F6" target="F5"/>
  <move id="231" source="D3" target="E3"/>
  <move id="232" source="F3" target="G3"/>
  <move id="233" source="E3" target="F3"/>
  <move id="234" source="G3" target="H3"/>
  <move id="235" source="F3" target="G3"/>
  <move id="236" source="H3" target="H4"/>
  <move id="237" source="H1" target="H2"/>
  <move id="238" source="I5" target="I4"/>
  <move id="239" source="H2" target="H3"/>
  <move id="240" source="K5" target="K4"/>
  <move id="241" source="H3" target="H2"/>
  <move id="242" source="K4" target="K3"/>
  <move id="243" source="G3" target="H3"/>
  <move id="244" source="H4" target="G4"/>
  <move id="245" source="H3" target="H4"/>
  <move id="246" source="I4" target="I5"/>
  <move id="247" source="H4" target="I4"/>
  <move id="248" source="I5" target="K5"/>
  <move id="249" source="I4" target="I5"/>
  <move id="250" source="K5" target="K4"/>
  <move id="251" source="I5" target="I6"/>
  <move id="252" source="K4" target="I4"/>
  <move id="253" source="I6" target="I7"/>
  <move id="254" source="I4" target="H4"/>
  <move id="255" source="I7" target="I8"/>
  <move id="256" source="H4" target="G4"/>
  <move id="257" source="H2" target="H3"/>
  <move id="258" source="K3" target="I3"/>
  <move id="259" source="H3" target="H4"/>
  <move id="260" source="G4" target="F4"/>
  <move id="261" source="H4" target="G4"/>
  <move id="262" source="F4" target="E4"/>
  <move id="263" source="C4" target="D4"/>
  <move id="264" source="E4" target="E3"/>
  <move id="265" source="D4" target="D3"/>
  <move id="266" source="E3" target="F3"/>
  <move id="267" source="D3" target="E3"/>
  <move id="268" source="F3" target="F2"/>
  <move id="269" source="E3" target="E2"/>
  <move id="270" source="F2" target="G2"/>
  <move id="271" source="G1" target="G2"/>
  <move id="272" source="I9" target="I8"/>
  <move id="273" source="I8" target="I9"/>
  <move id="274" source="I:" target="I9"/>
  <move id="275" source="C2" target="C3"/>
  <move id="276" source="C7" target="B7"/>
  <move id="277" source="C3" target="C4"/>
  <move id="278" source="B7" target="B6"/>
  <move id="279" source="C4" target="D4"/>
  <move id="280" source="B6" target="B5"/>
  <move id="281" source="D4" target="E4"/>
  <move id="282" source="B5" target="B4"/>
  <move id="283" source="G4" target="F4"/>
  <move id="284" source="C8" target="C7"/>
  <move id="285" source="K1" target="K2"/>
  <move id="286" source="C9" target="C8"/>
  <move id="287" source="K2" target="K3"/>
  <move id="288" source="I3" target="K3"/>
  <move id="289" source="G2" target="G3"/>
  <move id="290" source="C8" target="D8"/>
  <move id="291" source="G3" target="G4"/>
  <move id="292" source="F5" target="F4"/>
  <move id="293" source="E4" target="E5"/>
  <move id="294" source="D8" target="D7"/>
  <move id="295" source="E5" target="E6"/>
  <move id="296" source="D7" target="E7"/>
  <move id="297" source="E6" target="F6"/>
  <move id="298" source="E9" target="E8"/>
  <move id="299" source="G4" target="H4"/>
  <move id="300" source="K3" target="K4"/>
  <move id="301" source="I1" target="I2"/>
  <move id="302" source="K4" target="I4"/>
  <move id="303" source="H4" target="H3"/>
  <move id="304" source="E7" target="F7"/>
  <move id="305" source="F6" target="E6"/>
  <move id="306" source="F4" target="G4"/>
  <move id="307" source="I2" target="K2"/>
  <move id="308" source="G4" target="G3"/>
  <move id="309" source="K2" target="K3"/>
  <move id="310" source="G3" target="H3"/>
  <move id="311" source="K3" target="K4"/>
  <move id="312" source="I4" target="K4"/>
  <move id="313" source="F1" target="F2"/>
  <move id="314" source="H3" target="G3"/>
  <move id="315" source="F2" target="F1"/>
  <move id="316" source="K9" target="K8"/>
  <move id="317" source="F1" target="G1"/>
  <move id="318" source="K8" target="K7"/>
  <move id="319" source="G1" target="H1"/>
  <move id="320" source="K7" target="K6"/>
  <move id="321" source="H1" target="H2"/>
  <move id="322" source="G3" target="H3"/>
  <move id="323" source="H2" target="G2"/>
  <move id="324" source="K6" target="K5"/>
  <move id="325" source="G2" target="F2"/>
  <move id="326" source="H3" target="G3"/>
  <move id="327" source="F2" target="G2"/>
  <move id="328" source="K5" target="I5"/>
  <move id="329" source="G2" target="H2"/>
  <move id="330" source="K4" target="K3"/>
  <move id="331" source="H2" target="I2"/>
  <move id="332" source="K3" target="I3"/>
  <move id="333" source="I2" target="K2"/>
  <move id="334" source="I5" target="I4"/>
  <move id="335" source="K2" target="K8"/>
  <move id="336" source="I4" target="H4"/>
  <move id="337" source="K8" target="K:"/>
  <move id="338" source="I9" target="I:"/>
  <move id="339" source="K:" target="K7"/>
  <move id="340" source="H4" target="G4"/>
  <move id="341" source="K7" target="H7"/>
  <move id="342" source="G4" target="F4"/>
  <move id="343" source="H7" target="I7"/>
  <move id="344" source="G3" target="F3"/>
  <move id="345" source="E2" target="F2"/>
  <move id="346" source="F4" target="E4"/>
  <move id="347" source="C1" target="C2"/>
  <move id="348" source="E4" target="D4"/>
  <move id="349" source="E1" target="F1"/>
  <move id="350" source="D4" target="D3"/>
  <move id="351" source="C2" target="C3"/>
  <move id="352" source="D3" target="D2"/>
  <move id="353" source="E6" target="E7"/>
  <move id="354" source="F3" target="F2"/>
  <move id="355" source="E7" target="D7"/>
  <move id="356" source="F2" target="F1"/>
  <move id="357" source="D7" target="D8"/>
  <move id="358" source="D2" target="D1"/>
  <player id="1">Player 1</player>
  <player id="2">Player 2</player>
  <result type="1" winner="2"/>
 </game>
</stratego>