<?xml version="1.0" encoding="UTF-8"?>
<stratego>
 <game type="classic">
  
  <field content="EBMBGFEDBEHEBIHBIEBDDICJDGFLJGGDKFHDDFHDAA__AA__AAAA__AA__AANPNVTTPQPPTPWOXVSPRRNUNUQQSPRURNYNTQSPSQ"/>
  <move id="1" source="K4" target="K7"/>
  <move id="2" source="B7" target="B4"/>
  <move id="3" source="F4" target="F7"/>
  <move id="4" source="B8" target="B7"/>
  <move id="5" source="E4" target="F4"/>
  <move id="6" source="A8" target="B8"/>
  <move id="7" source="A4" target="B4"/>
  <move id="8" source="B7" target="B6"/>
  <move id="9" source="F4" target="F5"/>
  <move id="10" source="B6" target="A6"/>
  <move id="11" source="F5" target="F6"/>
  <move id="12" source="B8" target="B7"/>
  <move id="13" source="F6" target="F7"/>
  <move id="14" source="G7" target="F7"/>
  <move id="15" source="K3" target="K4"/>
  <move id="16" source="F7" target="F3"/>
  <move id="17" source="K4" target="K5"/>
  <move id="18" source="G8" target="G7"/>
  <move id="19" source="K5" target="K6"/>
  <move id="20" source="G7" target="F7"/>
  <move id="21" source="K6" target="I6"/>
  <move id="22" source="F7" target="F6"/>
  <move id="23" source="I6" target="I7"/>
  <move id="24" source="F6" target="F5"/>
  <move id="25" source="I7" target="K7"/>
  <move id="26" source="H7" target="G7"/>
  <move id="27" source="K7" target="K8"/>
  <move id="28" source="K9" target="K8"/>
  <move id="29" source="A3" target="A6"/>
  <move id="30" source="F5" target="F4"/>
  <move id="31" source="G4" target="F4"/>
  <move id="32" source="F4" target="F3"/>
  <move id="33" source="I4" target="I5"/>
  <move id="34" source="K8" target="K7"/>
  <move id="35" source="H4" target="I4"/>
  <move id="36" source="K7" target="I7"/>
  <move id="37" source="I5" target="K5"/>
  <move id="38" source="I7" target="H7"/>
  <move id="39" source="I4" target="I5"/>
  <move id="40" source="G7" target="G8"/>
  <move id="41" source="I5" target="I6"/>
  <move id="42" source="H7" target="G7"/>
  <move id="43" source="K5" target="K4"/>
  <move id="44" source="G7" target="F7"/>
  <move id="45" source="G3" target="F3"/>
  <move id="46" source="H8" target="H7"/>
  <move id="47" source="K4" target="I4"/>
  <move id="48" source="H7" target="I7"/>
  <move id="49" source="I4" target="H4"/>
  <move id="50" source="I7" target="I6"/>
  <move id="51" source="I6" target="K6"/>
  <move id="52" source="F7" target="G7"/>
  <move id="53" source="H4" target="G4"/>
  <move id="54" source="G7" target="H7"/>
  <move id="55" source="G4" target="G3"/>
  <move id="56" source="I8" target="I7"/>
  <move id="57" source="B4" target="B5"/>
  <move id="58" source="I7" target="I6"/>
  <move id="59" source="B5" target="A5"/>
  <move id="60" source="I6" target="K6"/>
  <move id="61" source="A5" target="A6"/>
  <move id="62" source="H7" target="G7"/>
  <move id="63" source="A6" target="A5"/>
  <move id="64" source="G7" target="F7"/>
  <move id="65" source="A5" target="A4"/>
  <move id="66" source="F7" target="F6"/>
  <move id="67" source="D4" target="E4"/>
  <move id="68" source="F6" target="F5"/>
  <move id="69" source="E4" target="F4"/>
  <move id="70" source="F5" target="F4"/>
  <move id="71" source="D3" target="D4"/>
  <move id="72" source="F4" target="F5"/>
  <move id="73" source="D4" target="E4"/>
  <move id="74" source="F5" target="F6"/>
  <move id="75" source="E4" target="E5"/>
  <move id="76" source="F6" target="F7"/>
  <move id="77" source="E5" target="E6"/>
  <move id="78" source="F7" target="G7"/>
  <move id="79" source="E3" target="E4"/>
  <move id="80" source="E7" target="E6"/>
  <move id="81" source="E4" target="F4"/>
  <move id="82" source="E8" target="E7"/>
  <move id="83" source="E6" target="E5"/>
  <move id="84" source="E7" target="E6"/>
  <move id="85" source="E5" target="E4"/>
  <move id="86" source="E6" target="E5"/>
  <move id="87" source="E4" target="D4"/>
  <move id="88" source="E5" target="E4"/>
  <move id="89" source="F4" target="E4"/>
  <move id="90" source="E4" target="D4"/>
  <move id="91" source="C4" target="B4"/>
  <move id="92" source="D4" target="E4"/>
  <move id="93" source="B4" target="B5"/>
  <move id="94" source="G7" target="H7"/>
  <move id="95" source="B5" target="B6"/>
  <move id="96" source="C8" target="B8"/>
  <move id="97" source="B6" target="B7"/>
  <move id="98" source="F8" target="F7"/>
  <move id="99" source="B7" target="B8"/>
  <move id="100" source="F7" target="F6"/>
  <move id="101" source="I3" target="I4"/>
  <move id="102" source="F6" target="F5"/>
  <move id="103" source="I4" target="I5"/>
  <move id="104" source="E4" target="F4"/>
  <move id="105" source="I5" target="I6"/>
  <move id="106" source="F4" target="F3"/>
  <move id="107" source="I6" target="I7"/>
  <move id="108" source="H7" target="G7"/>
  <move id="109" source="I7" target="H7"/>
  <move id="110" source="G7" target="F7"/>
  <move id="111" source="H7" target="G7"/>
  <move id="112" source="F7" target="E7"/>
  <move id="113" source="G7" target="F7"/>
  <move id="114" source="E7" target="E6"/>
  <move id="115" source="F7" target="F6"/>
  <move id="116" source="E6" target="E5"/>
  <move id="117" source="F6" target="F5"/>
  <move id="118" source="E5" target="E6"/>
  <move id="119" source="D2" target="D3"/>
  <move id="120" source="E6" target="E7"/>
  <move id="121" source="H3" target="H4"/>
  <move id="122" source="E7" target="E8"/>
  <move id="123" source="G3" target="H3"/>
  <move id="124" source="G8" target="G7"/>
  <move id="125" source="H3" target="I3"/>
  <move id="126" source="G7" target="F7"/>
  <move id="127" source="D3" target="D4"/>
  <move id="128" source="F3" target="F4"/>
  <move id="129" source="D4" target="C4"/>
  <move id="130" source="F7" target="F6"/>
  <move id="131" source="C4" target="B4"/>
  <move id="132" source="F6" target="F5"/>
  <move id="133" source="B4" target="B5"/>
  <move id="134" source="F5" target="E5"/>
  <move id="135" source="B5" target="A5"/>
  <move id="136" source="E5" target="E4"/>
  <move id="137" source="A5" target="A6"/>
  <move id="138" source="E4" target="D4"/>
  <move id="139" source="A6" target="A7"/>
  <move id="140" source="D4" target="C4"/>
  <move id="141" source="C3" target="D3"/>
  <move id="142" source="F4" target="E4"/>
  <move id="143" source="H4" target="G4"/>
  <move id="144" source="C4" target="D4"/>
  <move id="145" source="D3" target="C3"/>
  <move id="146" source="E4" target="E3"/>
  <move id="147" source="G4" target="F4"/>
  <move id="148" source="D4" target="C4"/>
  <move id="149" source="C3" target="D3"/>
  <move id="150" source="E3" target="D3"/>
  <move id="151" source="F4" target="F5"/>
  <move id="152" source="H9" target="H7"/>
  <move id="153" source="F5" target="F6"/>
  <move id="154" source="H7" target="F7"/>
  <move id="155" source="F6" target="F7"/>
  <move id="156" source="C4" target="C3"/>
  <move id="157" source="F7" target="F8"/>
  <move id="158" source="E8" target="E7"/>
  <move id="159" source="B3" target="B4"/>
  <move id="160" source="C3" target="C2"/>
  <move id="161" source="B2" target="C2"/>
  <move id="162" source="D3" target="D4"/>
  <move id="163" source="B4" target="B5"/>
  <move id="164" source="D4" target="E4"/>
  <move id="165" source="B5" target="B6"/>
  <move id="166" source="E4" target="E5"/>
  <move id="167" source="B6" target="B7"/>
  <move id="168" source="E5" target="E6"/>
  <move id="169" source="B7" target="B8"/>
  <move id="170" source="E6" target="F6"/>
  <move id="171" source="B8" target="A8"/>
  <move id="172" source="F6" target="F7"/>
  <move id="173" source="F8" target="F9"/>
  <move id="174" source="D8" target="E8"/>
  <move id="175" source="A8" target="A9"/>
  <move id="176" source="G9" target="G8"/>
  <move id="177" source="F9" target="F:"/>
  <move id="178" source="E8" target="F8"/>
  <move id="179" source="F:" target="G:"/>
  <move id="180" source="F8" target="F9"/>
  <move id="181" source="G:" target="H:"/>
  <move id="182" source="F9" target="G9"/>
  <move id="183" source="H:" target="I:"/>
  <move id="184" source="G9" target="H9"/>
  <move id="185" source="I:" target="K:"/>
  <move id="186" source="F7" target="G7"/>
  <move id="187" source="K:" target="K9"/>
  <move id="188" source="G7" target="H7"/>
  <move id="189" source="K9" target="K8"/>
  <move id="190" source="H7" target="I7"/>
  <move id="191" source="A4" target="A5"/>
  <move id="192" source="H9" target="H8"/>
  <move id="193" source="A5" target="B5"/>
  <move id="194" source="I7" target="K7"/>
  <move id="195" source="B5" target="B6"/>
  <move id="196" source="K7" target="K8"/>
  <move id="197" source="B6" target="B7"/>
  <move id="198" source="E7" target="E6"/>
  <move id="199" source="B7" target="B8"/>
  <move id="200" source="E6" target="E5"/>
  <move id="201" source="B8" target="B9"/>
  <move id="202" source="D7" target="E7"/>
  <move id="203" source="A2" target="A3"/>
  <move id="204" source="E7" target="F7"/>
  <move id="205" source="A3" target="A4"/>
  <move id="206" source="F7" target="G7"/>
  <move id="207" source="G2" target="G3"/>
  <move id="208" source="G7" target="H7"/>
  <move id="209" source="G3" target="G4"/>
  <move id="210" source="H7" target="I7"/>
  <move id="211" source="G4" target="H4"/>
  <move id="212" source="I7" target="I6"/>
  <move id="213" source="H4" target="I4"/>
  <move id="214" source="I6" target="I5"/>
  <move id="215" source="I4" target="I5"/>
  <move id="216" source="I5" target="I4"/>
  <move id="217" source="A4" target="A5"/>
  <move id="218" source="H8" target="H7"/>
  <move id="219" source="A1" target="A2"/>
  <move id="220" source="E5" target="E4"/>
  <move id="221" source="A2" target="A3"/>
  <move id="222" source="E4" target="D4"/>
  <move id="223" source="A3" target="B3"/>
  <move id="224" source="D4" target="C4"/>
  <move id="225" source="A5" target="A6"/>
  <move id="226" source="B9" target="B8"/>
  <move id="227" source="A6" target="A5"/>
  <move id="228" source="B8" target="B7"/>
  <move id="229" source="E2" target="E3"/>
  <move id="230" source="B7" target="B6"/>
  <move id="231" source="E3" target="E4"/>
  <move id="232" source="B6" target="B5"/>
  <move id="233" source="A5" target="A6"/>
  <move id="234" source="C4" target="C3"/>
  <move id="235" source="B3" target="A3"/>
  <move id="236" source="C3" target="B3"/>
  <move id="237" source="A3" target="A2"/>
  <move id="238" source="B3" target="B2"/>
  <move id="239" source="A2" target="A3"/>
  <move id="240" source="B2" target="B3"/>
  <move id="241" source="A3" target="A4"/>
  <move id="242" source="B3" target="A3"/>
  <move id="243" source="E4" target="E5"/>
  <move id="244" source="A3" target="A4"/>
  <move id="245" source="E5" target="E6"/>
  <move id="246" source="B5" target="B6"/>
  <move id="247" source="A6" target="A5"/>
  <move id="248" source="A4" target="A5"/>
  <move id="249" source="E6" target="E7"/>
  <move id="250" source="D9" target="D8"/>
  <move id="251" source="E7" target="E8"/>
  <player id="1">Player 1</player>
  <player id="2">Player 2</player>
  <result type="3" winner="2"/>
 </game>
</stratego>