<?xml version="1.0" encoding="UTF-8"?>
<stratego>
 <game type="classic">
  
  <field content="DFBGGHEGBMHBIEBECHIBDFEJDHKEJFDDBIFDDLGDAA__AA__AAAA__AA__AATPNNSWXSPPSRURTRUPPTPVPTOSUVRPQNQNQNYQNQ"/>
  <move id="1" source="I4" target="I5"/>
  <move id="2" source="F7" target="F6"/>
  <move id="3" source="I5" target="I6"/>
  <move id="4" source="F6" target="F5"/>
  <move id="5" source="I6" target="I7"/>
  <move id="6" source="H7" target="I7"/>
  <move id="7" source="K4" target="I4"/>
  <move id="8" source="G7" target="H7"/>
  <move id="9" source="I4" target="I8"/>
  <move id="10" source="H7" target="I7"/>
  <move id="11" source="H4" target="I4"/>
  <move id="12" source="I7" target="I6"/>
  <move id="13" source="I4" target="I5"/>
  <move id="14" source="I6" target="I5"/>
  <move id="15" source="G4" target="H4"/>
  <move id="16" source="F5" target="F4"/>
  <move id="17" source="G3" target="G4"/>
  <move id="18" source="F4" target="G4"/>
  <move id="19" source="I3" target="I4"/>
  <move id="20" source="B7" target="B4"/>
  <move id="21" source="I4" target="I5"/>
  <move id="22" source="B8" target="B7"/>
  <move id="23" source="I5" target="I6"/>
  <move id="24" source="B7" target="B6"/>
  <move id="25" source="I6" target="I7"/>
  <move id="26" source="H8" target="I8"/>
  <move id="27" source="I7" target="K7"/>
  <move id="28" source="H9" target="H8"/>
  <move id="29" source="K7" target="I7"/>
  <move id="30" source="H8" target="H7"/>
  <move id="31" source="I7" target="I8"/>
  <move id="32" source="H7" target="G7"/>
  <move id="33" source="I8" target="H8"/>
  <move id="34" source="G7" target="F7"/>
  <move id="35" source="H8" target="H7"/>
  <move id="36" source="F7" target="F6"/>
  <move id="37" source="H7" target="G7"/>
  <move id="38" source="F6" target="F5"/>
  <move id="39" source="H4" target="I4"/>
  <move id="40" source="F5" target="F4"/>
  <move id="41" source="E4" target="E5"/>
  <move id="42" source="F4" target="E4"/>
  <move id="43" source="E5" target="E6"/>
  <move id="44" source="E4" target="D4"/>
  <move id="45" source="E6" target="F6"/>
  <move id="46" source="D4" target="E4"/>
  <move id="47" source="F6" target="F7"/>
  <move id="48" source="E4" target="F4"/>
  <move id="49" source="F7" target="F8"/>
  <move id="50" source="G8" target="H8"/>
  <move id="51" source="G7" target="H7"/>
  <move id="52" source="H8" target="I8"/>
  <move id="53" source="H7" target="I7"/>
  <move id="54" source="I8" target="H8"/>
  <move id="55" source="I7" target="H7"/>
  <move id="56" source="H8" target="I8"/>
  <move id="57" source="H7" target="G7"/>
  <move id="58" source="E7" target="E6"/>
  <move id="59" source="G7" target="F7"/>
  <move id="60" source="E6" target="E5"/>
  <move id="61" source="F7" target="E7"/>
  <move id="62" source="E5" target="E4"/>
  <move id="63" source="E7" target="D7"/>
  <move id="64" source="B6" target="B5"/>
  <move id="65" source="I4" target="I8"/>
  <move id="66" source="E4" target="E3"/>
  <move id="67" source="I2" target="I3"/>
  <move id="68" source="F4" target="F5"/>
  <move id="69" source="F3" target="E3"/>
  <move id="70" source="B5" target="B4"/>
  <move id="71" source="I3" target="I4"/>
  <move id="72" source="I8" target="I7"/>
  <move id="73" source="I4" target="I5"/>
  <move id="74" source="I7" target="I6"/>
  <move id="75" source="I5" target="I6"/>
  <move id="76" source="F5" target="F4"/>
  <move id="77" source="H3" target="H4"/>
  <move id="78" source="B4" target="B3"/>
  <move id="79" source="H4" target="I4"/>
  <move id="80" source="G9" target="G8"/>
  <move id="81" source="I4" target="I5"/>
  <move id="82" source="G8" target="H8"/>
  <move id="83" source="C3" target="B3"/>
  <move id="84" source="H8" target="I8"/>
  <move id="85" source="B3" target="B4"/>
  <move id="86" source="I8" target="I7"/>
  <move id="87" source="B4" target="B5"/>
  <move id="88" source="I7" target="I6"/>
  <move id="89" source="A4" target="B4"/>
  <move id="90" source="I6" target="I5"/>
  <move id="91" source="B5" target="A5"/>
  <move id="92" source="A7" target="A6"/>
  <move id="93" source="B4" target="B9"/>
  <move id="94" source="A6" target="A5"/>
  <move id="95" source="C2" target="C3"/>
  <move id="96" source="B9" target="B8"/>
  <move id="97" source="C3" target="B3"/>
  <move id="98" source="B8" target="B7"/>
  <move id="99" source="B3" target="B4"/>
  <move id="100" source="B7" target="B6"/>
  <move id="101" source="B4" target="A4"/>
  <move id="102" source="A5" target="A6"/>
  <move id="103" source="A4" target="A5"/>
  <move id="104" source="A6" target="A7"/>
  <move id="105" source="H2" target="I2"/>
  <move id="106" source="I5" target="I4"/>
  <move id="107" source="I2" target="I3"/>
  <move id="108" source="I4" target="I3"/>
  <move id="109" source="K3" target="K4"/>
  <move id="110" source="I3" target="I4"/>
  <move id="111" source="K4" target="K5"/>
  <move id="112" source="I4" target="I5"/>
  <move id="113" source="K5" target="K6"/>
  <move id="114" source="I5" target="I6"/>
  <move id="115" source="K6" target="K7"/>
  <move id="116" source="K8" target="K7"/>
  <move id="117" source="G2" target="H2"/>
  <move id="118" source="I6" target="I5"/>
  <move id="119" source="H2" target="I2"/>
  <move id="120" source="I5" target="I4"/>
  <move id="121" source="F2" target="G2"/>
  <move id="122" source="I4" target="I3"/>
  <move id="123" source="G2" target="G3"/>
  <move id="124" source="I3" target="I2"/>
  <move id="125" source="G3" target="H3"/>
  <move id="126" source="F4" target="G4"/>
  <move id="127" source="H3" target="H4"/>
  <move id="128" source="G4" target="H4"/>
  <move id="129" source="D3" target="D4"/>
  <move id="130" source="H4" target="G4"/>
  <move id="131" source="D4" target="E4"/>
  <move id="132" source="G4" target="F4"/>
  <move id="133" source="E4" target="E5"/>
  <move id="134" source="F4" target="F5"/>
  <move id="135" source="E5" target="E6"/>
  <move id="136" source="F5" target="F6"/>
  <move id="137" source="E6" target="E7"/>
  <move id="138" source="F6" target="F7"/>
  <move id="139" source="E7" target="E8"/>
  <move id="140" source="B6" target="A6"/>
  <move id="141" source="A5" target="B5"/>
  <move id="142" source="C8" target="B8"/>
  <move id="143" source="E8" target="D8"/>
  <move id="144" source="B8" target="B7"/>
  <move id="145" source="D8" target="C8"/>
  <move id="146" source="B7" target="B6"/>
  <move id="147" source="C8" target="B8"/>
  <move id="148" source="B6" target="B5"/>
  <move id="149" source="B8" target="A8"/>
  <move id="150" source="A7" target="B7"/>
  <move id="151" source="A8" target="B8"/>
  <move id="152" source="B7" target="B6"/>
  <move id="153" source="B8" target="C8"/>
  <move id="154" source="F7" target="F8"/>
  <move id="155" source="C8" target="C7"/>
  <move id="156" source="F8" target="F7"/>
  <player id="1">Player 1</player>
  <player id="2">Player 2</player>
  <result type="3" winner="2"/>
 </game>
</stratego>