<?xml version="1.0" encoding="UTF-8"?>
<stratego>
 <game type="classic">
  
  <field content="DFBGBMBEBFGBHCJEEHIBDFDEIHKEJFHDDIDGDLGDAA__AA__AAAA__AA__AAWQSPPSSQPVPNUQUXTNSPPRNVOTNRQTPTRNYNRUQP"/>
  <move id="1" source="I4" target="I5"/>
  <move id="2" source="A7" target="A6"/>
  <move id="3" source="I5" target="I6"/>
  <move id="4" source="A6" target="A5"/>
  <move id="5" source="I6" target="I7"/>
  <move id="6" source="K7" target="I7"/>
  <move id="7" source="K4" target="K8"/>
  <move id="8" source="F7" target="F6"/>
  <move id="9" source="H4" target="I4"/>
  <move id="10" source="I7" target="K7"/>
  <move id="11" source="I4" target="K4"/>
  <move id="12" source="F6" target="E6"/>
  <move id="13" source="K4" target="K5"/>
  <move id="14" source="H7" target="I7"/>
  <move id="15" source="K5" target="K6"/>
  <move id="16" source="K7" target="K8"/>
  <move id="17" source="K6" target="K7"/>
  <move id="18" source="I7" target="K7"/>
  <move id="19" source="G4" target="H4"/>
  <move id="20" source="G7" target="F7"/>
  <move id="21" source="H4" target="I4"/>
  <move id="22" source="F7" target="F6"/>
  <move id="23" source="I4" target="I8"/>
  <move id="24" source="F8" target="F7"/>
  <move id="25" source="F4" target="G4"/>
  <move id="26" source="A5" target="A4"/>
  <move id="27" source="K7" target="K8"/>
  <move id="28" source="A4" target="B4"/>
  <move id="29" source="K8" target="K7"/>
  <move id="30" source="B4" target="C4"/>
  <move id="31" source="K7" target="I7"/>
  <move id="32" source="C4" target="D4"/>
  <move id="33" source="E4" target="E6"/>
  <move id="34" source="E6" target="E5"/>
  <move id="35" source="G4" target="H4"/>
  <move id="36" source="E5" target="E4"/>
  <move id="37" source="G3" target="G4"/>
  <move id="38" source="E4" target="E3"/>
  <move id="39" source="D3" target="D4"/>
  <move id="40" source="F6" target="E6"/>
  <move id="41" source="C3" target="C4"/>
  <move id="42" source="D4" target="D3"/>
  <move id="43" source="E3" target="E4"/>
  <move id="44" source="F7" target="F6"/>
  <move id="45" source="E4" target="E5"/>
  <move id="46" source="D3" target="D4"/>
  <move id="47" source="C4" target="B4"/>
  <move id="48" source="D4" target="E4"/>
  <move id="49" source="E5" target="E6"/>
  <move id="50" source="F6" target="E6"/>
  <move id="51" source="G4" target="F4"/>
  <move id="52" source="E4" target="D4"/>
  <move id="53" source="F4" target="E4"/>
  <move id="54" source="D4" target="C4"/>
  <move id="55" source="B4" target="B7"/>
  <move id="56" source="C4" target="C3"/>
  <move id="57" source="E4" target="D4"/>
  <move id="58" source="E6" target="E5"/>
  <move id="59" source="D4" target="C4"/>
  <move id="60" source="C3" target="D3"/>
  <move id="61" source="C4" target="B4"/>
  <move id="62" source="E5" target="F5"/>
  <move id="63" source="B4" target="B5"/>
  <move id="64" source="E7" target="E2"/>
  <move id="65" source="B5" target="B6"/>
  <move id="66" source="D3" target="E3"/>
  <move id="67" source="B6" target="B7"/>
  <move id="68" source="E3" target="E2"/>
  <move id="69" source="A3" target="A8"/>
  <move id="70" source="D7" target="E7"/>
  <move id="71" source="B3" target="A3"/>
  <move id="72" source="E7" target="E3"/>
  <move id="73" source="A3" target="A4"/>
  <move id="74" source="E3" target="F3"/>
  <move id="75" source="I7" target="I8"/>
  <move id="76" source="G8" target="F8"/>
  <move id="77" source="A4" target="A5"/>
  <move id="78" source="E2" target="E3"/>
  <move id="79" source="K3" target="K4"/>
  <move id="80" source="E3" target="F3"/>
  <move id="81" source="K4" target="K5"/>
  <move id="82" source="F5" target="F6"/>
  <move id="83" source="K5" target="K6"/>
  <move id="84" source="F6" target="F7"/>
  <move id="85" source="K6" target="K7"/>
  <move id="86" source="F7" target="E7"/>
  <move id="87" source="K7" target="K8"/>
  <move id="88" source="E7" target="E6"/>
  <move id="89" source="K8" target="K9"/>
  <move id="90" source="I9" target="I8"/>
  <move id="91" source="I3" target="K3"/>
  <move id="92" source="E6" target="E7"/>
  <move id="93" source="K3" target="K4"/>
  <move id="94" source="E7" target="F7"/>
  <move id="95" source="K4" target="K5"/>
  <move id="96" source="F7" target="G7"/>
  <move id="97" source="K5" target="K6"/>
  <move id="98" source="G7" target="H7"/>
  <move id="99" source="K6" target="K7"/>
  <move id="100" source="H7" target="I7"/>
  <move id="101" source="K7" target="K8"/>
  <move id="102" source="I7" target="I8"/>
  <move id="103" source="K8" target="K9"/>
  <move id="104" source="F3" target="F4"/>
  <move id="105" source="H4" target="I4"/>
  <move id="106" source="F4" target="F5"/>
  <move id="107" source="I4" target="I5"/>
  <move id="108" source="F5" target="F6"/>
  <move id="109" source="I5" target="I6"/>
  <move id="110" source="F6" target="F7"/>
  <move id="111" source="I6" target="I7"/>
  <move id="112" source="F7" target="G7"/>
  <move id="113" source="I7" target="I8"/>
  <move id="114" source="G7" target="H7"/>
  <move id="115" source="I8" target="I9"/>
  <move id="116" source="H7" target="I7"/>
  <move id="117" source="I9" target="I:"/>
  <move id="118" source="I7" target="I8"/>
  <move id="119" source="I:" target="H:"/>
  <move id="120" source="E8" target="E7"/>
  <move id="121" source="A5" target="A6"/>
  <move id="122" source="E7" target="E6"/>
  <move id="123" source="A6" target="A7"/>
  <move id="124" source="E6" target="E5"/>
  <move id="125" source="A7" target="A8"/>
  <move id="126" source="E5" target="E4"/>
  <move id="127" source="A8" target="B8"/>
  <move id="128" source="I8" target="I7"/>
  <move id="129" source="A2" target="A3"/>
  <move id="130" source="I7" target="H7"/>
  <move id="131" source="A3" target="A4"/>
  <move id="132" source="H7" target="G7"/>
  <move id="133" source="K9" target="I9"/>
  <move id="134" source="H9" target="I9"/>
  <move id="135" source="A4" target="A5"/>
  <move id="136" source="G7" target="F7"/>
  <move id="137" source="A5" target="A6"/>
  <move id="138" source="F7" target="E7"/>
  <move id="139" source="A6" target="A7"/>
  <move id="140" source="D8" target="E8"/>
  <move id="141" source="A7" target="A8"/>
  <move id="142" source="C7" target="D7"/>
  <move id="143" source="A8" target="A9"/>
  <move id="144" source="D7" target="D8"/>
  <move id="145" source="A9" target="B9"/>
  <move id="146" source="E7" target="D7"/>
  <move id="147" source="B9" target="B:"/>
  <move id="148" source="D7" target="C7"/>
  <move id="149" source="B7" target="A7"/>
  <move id="150" source="C7" target="B7"/>
  <move id="151" source="A7" target="A8"/>
  <move id="152" source="B7" target="A7"/>
  <move id="153" source="A8" target="A9"/>
  <move id="154" source="A7" target="A8"/>
  <move id="155" source="A9" target="B9"/>
  <move id="156" source="A8" target="A9"/>
  <move id="157" source="B9" target="B:"/>
  <move id="158" source="D8" target="D7"/>
  <move id="159" source="H3" target="H4"/>
  <move id="160" source="D9" target="D8"/>
  <move id="161" source="H4" target="I4"/>
  <move id="162" source="D7" target="C7"/>
  <move id="163" source="I4" target="K4"/>
  <move id="164" source="D8" target="D7"/>
  <move id="165" source="K4" target="K5"/>
  <move id="166" source="D7" target="E7"/>
  <move id="167" source="I9" target="I8"/>
  <move id="168" source="E7" target="F7"/>
  <move id="169" source="I8" target="I7"/>
  <move id="170" source="F7" target="G7"/>
  <move id="171" source="I7" target="I6"/>
  <move id="172" source="E4" target="E3"/>
  <move id="173" source="I6" target="I5"/>
  <move id="174" source="H:" target="H9"/>
  <move id="175" source="K5" target="K6"/>
  <move id="176" source="H9" target="I9"/>
  <move id="177" source="K6" target="K7"/>
  <move id="178" source="I9" target="K9"/>
  <move id="179" source="K7" target="I7"/>
  <move id="180" source="K9" target="K8"/>
  <move id="181" source="I7" target="H7"/>
  <move id="182" source="G7" target="H7"/>
  <move id="183" source="I5" target="I4"/>
  <move id="184" source="H7" target="G7"/>
  <move id="185" source="I4" target="H4"/>
  <move id="186" source="E3" target="E4"/>
  <move id="187" source="H4" target="G4"/>
  <move id="188" source="E4" target="E5"/>
  <move id="189" source="G4" target="F4"/>
  <move id="190" source="G7" target="F7"/>
  <move id="191" source="F4" target="E4"/>
  <move id="192" source="E5" target="F5"/>
  <move id="193" source="E4" target="F4"/>
  <move id="194" source="F5" target="E5"/>
  <move id="195" source="F4" target="E4"/>
  <move id="196" source="E5" target="F5"/>
  <move id="197" source="E4" target="D4"/>
  <move id="198" source="F7" target="E7"/>
  <move id="199" source="D4" target="C4"/>
  <move id="200" source="C7" target="D7"/>
  <move id="201" source="C4" target="B4"/>
  <move id="202" source="D7" target="D8"/>
  <move id="203" source="B4" target="B5"/>
  <move id="204" source="E7" target="D7"/>
  <move id="205" source="B5" target="B4"/>
  <move id="206" source="K8" target="K7"/>
  <move id="207" source="B4" target="C4"/>
  <move id="208" source="K7" target="K6"/>
  <move id="209" source="C4" target="D4"/>
  <move id="210" source="K6" target="K5"/>
  <move id="211" source="D4" target="E4"/>
  <move id="212" source="D7" target="E7"/>
  <move id="213" source="E4" target="F4"/>
  <move id="214" source="F5" target="E5"/>
  <move id="215" source="F4" target="G4"/>
  <move id="216" source="C8" target="C7"/>
  <move id="217" source="G4" target="H4"/>
  <move id="218" source="C7" target="B7"/>
  <move id="219" source="H4" target="I4"/>
  <move id="220" source="B7" target="A7"/>
  <move id="221" source="I4" target="I5"/>
  <move id="222" source="K5" target="K4"/>
  <move id="223" source="I5" target="I6"/>
  <move id="224" source="E7" target="F7"/>
  <move id="225" source="I6" target="I7"/>
  <move id="226" source="F7" target="G7"/>
  <move id="227" source="I7" target="I6"/>
  <move id="228" source="A7" target="A6"/>
  <move id="229" source="I6" target="I5"/>
  <move id="230" source="A6" target="A5"/>
  <move id="231" source="I5" target="I4"/>
  <move id="232" source="K4" target="K5"/>
  <move id="233" source="I4" target="H4"/>
  <move id="234" source="G7" target="F7"/>
  <move id="235" source="H4" target="G4"/>
  <move id="236" source="F7" target="F6"/>
  <move id="237" source="G4" target="F4"/>
  <move id="238" source="F6" target="F5"/>
  <move id="239" source="F4" target="E4"/>
  <move id="240" source="E5" target="E6"/>
  <move id="241" source="E4" target="D4"/>
  <move id="242" source="F5" target="E5"/>
  <move id="243" source="D4" target="C4"/>
  <move id="244" source="E6" target="F6"/>
  <move id="245" source="C4" target="B4"/>
  <move id="246" source="E5" target="E6"/>
  <move id="247" source="B4" target="B5"/>
  <move id="248" source="A5" target="A4"/>
  <move id="249" source="B5" target="B6"/>
  <move id="250" source="E6" target="E7"/>
  <move id="251" source="B6" target="B7"/>
  <move id="252" source="E7" target="D7"/>
  <move id="253" source="B7" target="B6"/>
  <move id="254" source="F6" target="F5"/>
  <move id="255" source="B6" target="B5"/>
  <move id="256" source="D7" target="C7"/>
  <move id="257" source="B5" target="B4"/>
  <move id="258" source="A4" target="A5"/>
  <move id="259" source="B4" target="C4"/>
  <move id="260" source="C7" target="D7"/>
  <move id="261" source="C4" target="D4"/>
  <move id="262" source="D7" target="E7"/>
  <move id="263" source="D4" target="E4"/>
  <move id="264" source="E7" target="F7"/>
  <move id="265" source="E4" target="F4"/>
  <move id="266" source="F5" target="E5"/>
  <move id="267" source="F4" target="G4"/>
  <move id="268" source="K5" target="K6"/>
  <move id="269" source="G4" target="H4"/>
  <move id="270" source="K6" target="K5"/>
  <move id="271" source="H4" target="G4"/>
  <move id="272" source="E5" target="E6"/>
  <move id="273" source="G4" target="F4"/>
  <move id="274" source="E6" target="E5"/>
  <move id="275" source="F4" target="G4"/>
  <move id="276" source="A5" target="A6"/>
  <move id="277" source="G4" target="H4"/>
  <move id="278" source="A6" target="A5"/>
  <move id="279" source="H4" target="G4"/>
  <move id="280" source="A5" target="A4"/>
  <move id="281" source="G4" target="F4"/>
  <move id="282" source="A4" target="A5"/>
  <move id="283" source="F4" target="G4"/>
  <move id="284" source="F7" target="F6"/>
  <move id="285" source="G4" target="H4"/>
  <move id="286" source="F6" target="F7"/>
  <move id="287" source="H4" target="I4"/>
  <move id="288" source="F7" target="G7"/>
  <move id="289" source="I4" target="H4"/>
  <move id="290" source="G7" target="F7"/>
  <move id="291" source="H4" target="G4"/>
  <move id="292" source="F7" target="F6"/>
  <move id="293" source="G4" target="H4"/>
  <move id="294" source="F6" target="F5"/>
  <move id="295" source="H4" target="I4"/>
  <move id="296" source="F5" target="F6"/>
  <move id="297" source="I4" target="H4"/>
  <move id="298" source="F6" target="F7"/>
  <move id="299" source="H4" target="G4"/>
  <move id="300" source="F7" target="G7"/>
  <move id="301" source="G4" target="H4"/>
  <move id="302" source="G7" target="H7"/>
  <move id="303" source="H4" target="I4"/>
  <move id="304" source="H7" target="I7"/>
  <move id="305" source="I4" target="H4"/>
  <move id="306" source="I7" target="H7"/>
  <move id="307" source="H4" target="G4"/>
  <move id="308" source="H7" target="G7"/>
  <move id="309" source="G4" target="F4"/>
  <move id="310" source="G7" target="F7"/>
  <move id="311" source="F4" target="G4"/>
  <move id="312" source="F7" target="F6"/>
  <move id="313" source="G4" target="H4"/>
  <move id="314" source="F6" target="F7"/>
  <move id="315" source="H4" target="I4"/>
  <move id="316" source="F7" target="G7"/>
  <move id="317" source="I4" target="H4"/>
  <move id="318" source="G7" target="H7"/>
  <move id="319" source="H4" target="G4"/>
  <move id="320" source="H7" target="G7"/>
  <move id="321" source="G4" target="F4"/>
  <move id="322" source="G7" target="F7"/>
  <move id="323" source="F4" target="G4"/>
  <move id="324" source="F7" target="F6"/>
  <move id="325" source="G4" target="H4"/>
  <move id="326" source="F6" target="F7"/>
  <move id="327" source="H4" target="I4"/>
  <move id="328" source="F7" target="G7"/>
  <move id="329" source="I4" target="H4"/>
  <move id="330" source="G7" target="H7"/>
  <move id="331" source="H4" target="G4"/>
  <move id="332" source="H7" target="G7"/>
  <move id="333" source="G4" target="F4"/>
  <move id="334" source="G7" target="F7"/>
  <move id="335" source="F4" target="G4"/>
  <move id="336" source="F7" target="G7"/>
  <move id="337" source="G4" target="H4"/>
  <move id="338" source="G7" target="H7"/>
  <move id="339" source="H4" target="G4"/>
  <move id="340" source="H7" target="G7"/>
  <move id="341" source="G4" target="F4"/>
  <move id="342" source="G7" target="F7"/>
  <move id="343" source="F4" target="G4"/>
  <move id="344" source="F7" target="G7"/>
  <move id="345" source="G4" target="H4"/>
  <move id="346" source="G7" target="H7"/>
  <move id="347" source="H4" target="G4"/>
  <move id="348" source="H7" target="G7"/>
  <move id="349" source="G4" target="F4"/>
  <move id="350" source="G7" target="F7"/>
  <move id="351" source="F4" target="G4"/>
  <move id="352" source="F7" target="F6"/>
  <move id="353" source="G4" target="H4"/>
  <move id="354" source="F6" target="F7"/>
  <move id="355" source="H4" target="G4"/>
  <move id="356" source="F7" target="G7"/>
  <move id="357" source="G4" target="F4"/>
  <move id="358" source="G7" target="F7"/>
  <move id="359" source="F4" target="E4"/>
  <move id="360" source="E5" target="F5"/>
  <move id="361" source="E4" target="D4"/>
  <move id="362" source="F7" target="E7"/>
  <move id="363" source="D4" target="C4"/>
  <move id="364" source="K5" target="K4"/>
  <move id="365" source="C4" target="B4"/>
  <move id="366" source="K4" target="K3"/>
  <move id="367" source="B4" target="B5"/>
  <move id="368" source="A5" target="A4"/>
  <move id="369" source="B5" target="A5"/>
  <move id="370" source="A4" target="B4"/>
  <move id="371" source="A5" target="A4"/>
  <move id="372" source="B4" target="B5"/>
  <move id="373" source="A4" target="A3"/>
  <move id="374" source="K:" target="I:"/>
  <move id="375" source="A3" target="B3"/>
  <move id="376" source="B5" target="A5"/>
  <move id="377" source="B3" target="C3"/>
  <move id="378" source="I:" target="I2"/>
  <move id="379" source="I2" target="I3"/>
  <move id="380" source="K3" target="I3"/>
  <move id="381" source="C3" target="C4"/>
  <move id="382" source="E7" target="E6"/>
  <move id="383" source="C4" target="B4"/>
  <move id="384" source="E6" target="E7"/>
  <move id="385" source="B4" target="A4"/>
  <move id="386" source="A5" target="B5"/>
  <move id="387" source="A4" target="A5"/>
  <move id="388" source="B5" target="B4"/>
  <move id="389" source="A5" target="A6"/>
  <move id="390" source="B4" target="B3"/>
  <move id="391" source="A6" target="A7"/>
  <move id="392" source="E7" target="D7"/>
  <move id="393" source="A7" target="B7"/>
  <move id="394" source="D7" target="E7"/>
  <move id="395" source="B:" target="B9"/>
  <move id="396" source="A9" target="B9"/>
  <move id="397" source="A1" target="A:"/>
  <move id="398" source="E7" target="D7"/>
  <move id="399" source="B7" target="B6"/>
  <move id="400" source="B3" target="C3"/>
  <move id="401" source="B6" target="B5"/>
  <move id="402" source="F5" target="F4"/>
  <move id="403" source="B5" target="B4"/>
  <move id="404" source="F4" target="G4"/>
  <move id="405" source="B4" target="C4"/>
  <move id="406" source="C3" target="B3"/>
  <move id="407" source="C4" target="D4"/>
  <move id="408" source="G4" target="H4"/>
  <move id="409" source="D4" target="E4"/>
  <move id="410" source="H4" target="I4"/>
  <move id="411" source="E4" target="F4"/>
  <move id="412" source="I4" target="I5"/>
  <move id="413" source="F4" target="G4"/>
  <move id="414" source="I5" target="K5"/>
  <move id="415" source="G4" target="H4"/>
  <move id="416" source="B3" target="B4"/>
  <move id="417" source="H4" target="I4"/>
  <move id="418" source="B4" target="B5"/>
  <move id="419" source="I4" target="I5"/>
  <move id="420" source="K5" target="K4"/>
  <move id="421" source="I5" target="I6"/>
  <move id="422" source="D7" target="E7"/>
  <move id="423" source="I6" target="I7"/>
  <move id="424" source="B5" target="A5"/>
  <move id="425" source="I7" target="H7"/>
  <move id="426" source="E7" target="F7"/>
  <move id="427" source="H7" target="I7"/>
  <move id="428" source="F7" target="G7"/>
  <move id="429" source="I7" target="I6"/>
  <move id="430" source="G7" target="F7"/>
  <move id="431" source="I6" target="I5"/>
  <move id="432" source="F7" target="F6"/>
  <move id="433" source="I5" target="I4"/>
  <move id="434" source="K4" target="K5"/>
  <move id="435" source="I4" target="H4"/>
  <move id="436" source="F6" target="F5"/>
  <move id="437" source="H4" target="G4"/>
  <move id="438" source="G:" target="H:"/>
  <move id="439" source="G4" target="H4"/>
  <move id="440" source="F5" target="F6"/>
  <move id="441" source="H4" target="I4"/>
  <move id="442" source="F6" target="F7"/>
  <move id="443" source="I4" target="I5"/>
  <move id="444" source="K5" target="K4"/>
  <move id="445" source="I5" target="I6"/>
  <move id="446" source="K4" target="I4"/>
  <move id="447" source="I6" target="I7"/>
  <move id="448" source="I4" target="K4"/>
  <move id="449" source="I7" target="I6"/>
  <move id="450" source="F7" target="G7"/>
  <move id="451" source="I6" target="I5"/>
  <move id="452" source="G7" target="F7"/>
  <move id="453" source="I5" target="I4"/>
  <move id="454" source="K4" target="K5"/>
  <move id="455" source="I4" target="H4"/>
  <move id="456" source="F7" target="F6"/>
  <move id="457" source="H4" target="G4"/>
  <move id="458" source="F6" target="F5"/>
  <move id="459" source="G4" target="H4"/>
  <move id="460" source="F5" target="F6"/>
  <move id="461" source="H4" target="I4"/>
  <move id="462" source="F6" target="F7"/>
  <move id="463" source="I4" target="I5"/>
  <move id="464" source="K5" target="K4"/>
  <move id="465" source="I5" target="I6"/>
  <move id="466" source="F7" target="G7"/>
  <move id="467" source="I6" target="I7"/>
  <move id="468" source="K4" target="K3"/>
  <move id="469" source="I7" target="I6"/>
  <move id="470" source="K3" target="K4"/>
  <move id="471" source="I6" target="I5"/>
  <move id="472" source="G7" target="F7"/>
  <move id="473" source="I5" target="I4"/>
  <move id="474" source="K4" target="K5"/>
  <move id="475" source="I4" target="H4"/>
  <move id="476" source="F7" target="F6"/>
  <move id="477" source="H4" target="G4"/>
  <move id="478" source="F6" target="F5"/>
  <move id="479" source="G4" target="H4"/>
  <move id="480" source="F5" target="F6"/>
  <move id="481" source="H4" target="G4"/>
  <move id="482" source="F6" target="F5"/>
  <move id="483" source="D2" target="D3"/>
  <move id="484" source="A5" target="A4"/>
  <move id="485" source="D3" target="C3"/>
  <move id="486" source="A4" target="B4"/>
  <move id="487" source="C3" target="B3"/>
  <move id="488" source="B4" target="B3"/>
  <move id="489" source="G4" target="H4"/>
  <move id="490" source="B3" target="B4"/>
  <move id="491" source="H4" target="I4"/>
  <move id="492" source="F5" target="F6"/>
  <move id="493" source="I4" target="I5"/>
  <move id="494" source="K5" target="K4"/>
  <move id="495" source="I5" target="I6"/>
  <move id="496" source="B4" target="A4"/>
  <move id="497" source="I6" target="I5"/>
  <move id="498" source="A4" target="A5"/>
  <move id="499" source="I5" target="I4"/>
  <move id="500" source="K4" target="K5"/>
  <move id="501" source="I4" target="H4"/>
  <move id="502" source="F6" target="F5"/>
  <move id="503" source="H4" target="G4"/>
  <move id="504" source="H:" target="H9"/>
  <move id="505" source="G4" target="H4"/>
  <move id="506" source="H9" target="I9"/>
  <move id="507" source="H4" target="I4"/>
  <move id="508" source="I9" target="I8"/>
  <move id="509" source="I4" target="H4"/>
  <move id="510" source="I8" target="I7"/>
  <move id="511" source="H4" target="G4"/>
  <move id="512" source="I7" target="H7"/>
  <move id="513" source="G4" target="H4"/>
  <move id="514" source="H7" target="G7"/>
  <move id="515" source="H4" target="I4"/>
  <move id="516" source="F5" target="F6"/>
  <move id="517" source="I4" target="I5"/>
  <move id="518" source="K5" target="K4"/>
  <move id="519" source="I5" target="I6"/>
  <move id="520" source="F6" target="F7"/>
  <move id="521" source="I6" target="I5"/>
  <move id="522" source="F7" target="F6"/>
  <move id="523" source="I5" target="I4"/>
  <move id="524" source="K4" target="K5"/>
  <move id="525" source="I4" target="H4"/>
  <move id="526" source="G7" target="F7"/>
  <move id="527" source="H4" target="G4"/>
  <move id="528" source="F6" target="F5"/>
  <move id="529" source="G4" target="H4"/>
  <move id="530" source="F7" target="E7"/>
  <move id="531" source="H4" target="I4"/>
  <move id="532" source="F5" target="F6"/>
  <move id="533" source="I4" target="I5"/>
  <move id="534" source="K5" target="K4"/>
  <move id="535" source="I5" target="I6"/>
  <move id="536" source="E7" target="E6"/>
  <move id="537" source="I6" target="I7"/>
  <move id="538" source="E6" target="E5"/>
  <move id="539" source="I7" target="I6"/>
  <move id="540" source="K4" target="K5"/>
  <move id="541" source="I6" target="I5"/>
  <move id="542" source="K5" target="K6"/>
  <move id="543" source="I5" target="I4"/>
  <move id="544" source="F6" target="F5"/>
  <move id="545" source="I4" target="H4"/>
  <move id="546" source="E5" target="E4"/>
  <move id="547" source="H4" target="G4"/>
  <move id="548" source="E4" target="E3"/>
  <move id="549" source="G4" target="H4"/>
  <move id="550" source="A5" target="A4"/>
  <move id="551" source="H4" target="I4"/>
  <move id="552" source="E3" target="D3"/>
  <move id="553" source="I4" target="I5"/>
  <move id="554" source="F5" target="F6"/>
  <move id="555" source="I5" target="I6"/>
  <move id="556" source="K6" target="K5"/>
  <move id="557" source="I6" target="I7"/>
  <move id="558" source="F6" target="F7"/>
  <move id="559" source="I7" target="I6"/>
  <move id="560" source="A4" target="B4"/>
  <move id="561" source="I6" target="I5"/>
  <move id="562" source="K5" target="K6"/>
  <move id="563" source="I5" target="I4"/>
  <move id="564" source="F7" target="F6"/>
  <move id="565" source="I4" target="H4"/>
  <move id="566" source="F6" target="F5"/>
  <move id="567" source="H4" target="G4"/>
  <move id="568" source="B4" target="B3"/>
  <move id="569" source="G4" target="H4"/>
  <move id="570" source="D3" target="C3"/>
  <move id="571" source="H4" target="I4"/>
  <move id="572" source="C3" target="C2"/>
  <move id="573" source="C2" target="D2"/>
  <move id="574" source="B3" target="C3"/>
  <move id="575" source="I4" target="I5"/>
  <move id="576" source="F5" target="F6"/>
  <move id="577" source="I5" target="I4"/>
  <move id="578" source="F6" target="F5"/>
  <move id="579" source="I4" target="H4"/>
  <move id="580" source="F5" target="F4"/>
  <move id="581" source="H4" target="I4"/>
  <move id="582" source="F4" target="F5"/>
  <move id="583" source="I4" target="I5"/>
  <move id="584" source="F5" target="F6"/>
  <move id="585" source="I5" target="I4"/>
  <move id="586" source="F6" target="F5"/>
  <move id="587" source="I4" target="H4"/>
  <move id="588" source="F5" target="F4"/>
  <move id="589" source="H4" target="I4"/>
  <move id="590" source="F4" target="F5"/>
  <move id="591" source="I4" target="H4"/>
  <move id="592" source="K6" target="K5"/>
  <move id="593" source="H4" target="G4"/>
  <move id="594" source="F5" target="F4"/>
  <move id="595" source="G4" target="H4"/>
  <move id="596" source="F4" target="F5"/>
  <move id="597" source="H4" target="I4"/>
  <move id="598" source="F5" target="F6"/>
  <move id="599" source="I4" target="I5"/>
  <move id="600" source="K5" target="K4"/>
  <move id="601" source="I5" target="I4"/>
  <move id="602" source="K4" target="K5"/>
  <move id="603" source="I4" target="I3"/>
  <move id="604" source="F6" target="F5"/>
  <move id="605" source="I3" target="I4"/>
  <move id="606" source="F5" target="F6"/>
  <move id="607" source="I4" target="I5"/>
  <move id="608" source="K5" target="K4"/>
  <move id="609" source="I5" target="I4"/>
  <move id="610" source="K4" target="K3"/>
  <move id="611" source="I4" target="I3"/>
  <move id="612" source="K3" target="K4"/>
  <move id="613" source="I3" target="I4"/>
  <move id="614" source="K4" target="K5"/>
  <move id="615" source="I4" target="H4"/>
  <move id="616" source="F6" target="F5"/>
  <move id="617" source="H4" target="I4"/>
  <move id="618" source="F5" target="F6"/>
  <move id="619" source="I4" target="I5"/>
  <move id="620" source="K5" target="K4"/>
  <move id="621" source="I5" target="I4"/>
  <move id="622" source="K4" target="K3"/>
  <move id="623" source="I4" target="H4"/>
  <move id="624" source="K3" target="I3"/>
  <move id="625" source="H4" target="I4"/>
  <move id="626" source="I3" target="H3"/>
  <move id="627" source="I4" target="H4"/>
  <move id="628" source="H3" target="I3"/>
  <move id="629" source="H4" target="G4"/>
  <move id="630" source="F6" target="F5"/>
  <move id="631" source="G4" target="H4"/>
  <move id="632" source="F5" target="F4"/>
  <move id="633" source="H4" target="I4"/>
  <move id="634" source="I3" target="H3"/>
  <move id="635" source="I4" target="I5"/>
  <move id="636" source="F4" target="F5"/>
  <move id="637" source="I5" target="I6"/>
  <move id="638" source="F5" target="F6"/>
  <move id="639" source="I6" target="I7"/>
  <move id="640" source="H3" target="G3"/>
  <move id="641" source="I7" target="I8"/>
  <move id="642" source="G3" target="F3"/>
  <move id="643" source="I8" target="I7"/>
  <move id="644" source="F3" target="E3"/>
  <move id="645" source="I7" target="I6"/>
  <move id="646" source="C3" target="C2"/>
  <move id="647" source="I6" target="I5"/>
  <move id="648" source="C2" target="D2"/>
  <move id="649" source="I5" target="I6"/>
  <move id="650" source="E3" target="F3"/>
  <move id="651" source="I6" target="I7"/>
  <move id="652" source="F3" target="G3"/>
  <move id="653" source="I7" target="H7"/>
  <move id="654" source="F6" target="F7"/>
  <move id="655" source="H7" target="I7"/>
  <move id="656" source="G3" target="H3"/>
  <move id="657" source="I7" target="I6"/>
  <move id="658" source="D2" target="D3"/>
  <move id="659" source="I6" target="I5"/>
  <move id="660" source="D3" target="C3"/>
  <move id="661" source="I5" target="I4"/>
  <move id="662" source="F7" target="F6"/>
  <move id="663" source="I4" target="H4"/>
  <move id="664" source="H3" target="I3"/>
  <move id="665" source="H4" target="G4"/>
  <move id="666" source="F6" target="F5"/>
  <move id="667" source="G4" target="H4"/>
  <move id="668" source="C3" target="C4"/>
  <move id="669" source="H4" target="I4"/>
  <move id="670" source="I3" target="H3"/>
  <move id="671" source="I4" target="I5"/>
  <move id="672" source="C4" target="B4"/>
  <move id="673" source="I5" target="I6"/>
  <move id="674" source="F5" target="F6"/>
  <move id="675" source="I6" target="I7"/>
  <move id="676" source="F6" target="F7"/>
  <move id="677" source="I7" target="H7"/>
  <move id="678" source="H3" target="I3"/>
  <move id="679" source="H7" target="I7"/>
  <move id="680" source="I3" target="K3"/>
  <move id="681" source="I7" target="I6"/>
  <move id="682" source="F7" target="F6"/>
  <move id="683" source="I6" target="I5"/>
  <move id="684" source="K3" target="K4"/>
  <move id="685" source="I5" target="I4"/>
  <move id="686" source="K4" target="K5"/>
  <move id="687" source="I4" target="H4"/>
  <move id="688" source="F6" target="F5"/>
  <move id="689" source="H4" target="I4"/>
  <move id="690" source="C:" target="B:"/>
  <move id="691" source="I4" target="I5"/>
  <move id="692" source="K5" target="K4"/>
  <move id="693" source="I5" target="I6"/>
  <move id="694" source="F5" target="F6"/>
  <move id="695" source="I6" target="I7"/>
  <move id="696" source="B:" target="B9"/>
  <move id="697" source="I7" target="I6"/>
  <move id="698" source="B9" target="A9"/>
  <move id="699" source="I6" target="I5"/>
  <move id="700" source="A9" target="A8"/>
  <move id="701" source="I5" target="I6"/>
  <move id="702" source="A8" target="A7"/>
  <move id="703" source="I6" target="I7"/>
  <move id="704" source="A7" target="A6"/>
  <move id="705" source="I7" target="I6"/>
  <move id="706" source="A6" target="A5"/>
  <move id="707" source="I6" target="I5"/>
  <move id="708" source="F6" target="F5"/>
  <move id="709" source="I5" target="I6"/>
  <move id="710" source="B4" target="C4"/>
  <move id="711" source="I6" target="I7"/>
  <move id="712" source="F5" target="F6"/>
  <move id="713" source="I7" target="I6"/>
  <move id="714" source="A5" target="A4"/>
  <move id="715" source="I6" target="I5"/>
  <move id="716" source="C4" target="C3"/>
  <move id="717" source="I5" target="I4"/>
  <move id="718" source="K4" target="K5"/>
  <move id="719" source="I4" target="I5"/>
  <move id="720" source="K5" target="K4"/>
  <move id="721" source="I5" target="I6"/>
  <move id="722" source="A4" target="B4"/>
  <move id="723" source="I6" target="I5"/>
  <move id="724" source="C3" target="D3"/>
  <move id="725" source="I5" target="I6"/>
  <move id="726" source="K4" target="K5"/>
  <move id="727" source="I6" target="I7"/>
  <move id="728" source="D3" target="D2"/>
  <move id="729" source="I7" target="H7"/>
  <move id="730" source="F6" target="F7"/>
  <move id="731" source="H7" target="I7"/>
  <move id="732" source="B4" target="C4"/>
  <move id="733" source="I7" target="I6"/>
  <move id="734" source="F7" target="F6"/>
  <move id="735" source="I6" target="I5"/>
  <move id="736" source="K5" target="K6"/>
  <move id="737" source="I5" target="I4"/>
  <move id="738" source="F6" target="F5"/>
  <move id="739" source="I4" target="H4"/>
  <move id="740" source="C4" target="C3"/>
  <move id="741" source="H4" target="I4"/>
  <move id="742" source="D2" target="E2"/>
  <move id="743" source="I4" target="I5"/>
  <move id="744" source="F5" target="F6"/>
  <move id="745" source="I5" target="I4"/>
  <move id="746" source="K6" target="K5"/>
  <move id="747" source="I4" target="H4"/>
  <move id="748" source="F6" target="F5"/>
  <move id="749" source="H4" target="G4"/>
  <move id="750" source="C3" target="D3"/>
  <move id="751" source="G4" target="H4"/>
  <move id="752" source="D3" target="D2"/>
  <move id="753" source="H4" target="I4"/>
  <move id="754" source="D2" target="D1"/>
  <move id="755" source="I4" target="H4"/>
  <move id="756" source="E2" target="D2"/>
  <move id="757" source="H4" target="G4"/>
  <move id="758" source="D2" target="D1"/>
  <move id="759" source="G4" target="H4"/>
  <move id="760" source="D1" target="D2"/>
  <move id="761" source="H4" target="I4"/>
  <move id="762" source="D2" target="D3"/>
  <move id="763" source="I4" target="H4"/>
  <move id="764" source="D3" target="E3"/>
  <move id="765" source="H4" target="G4"/>
  <move id="766" source="F8" target="F7"/>
  <move id="767" source="G4" target="H4"/>
  <move id="768" source="F7" target="E7"/>
  <move id="769" source="H4" target="I4"/>
  <move id="770" source="E7" target="D7"/>
  <move id="771" source="I4" target="I5"/>
  <move id="772" source="K5" target="K4"/>
  <move id="773" source="I5" target="I4"/>
  <move id="774" source="K4" target="K5"/>
  <move id="775" source="I4" target="H4"/>
  <move id="776" source="D7" target="C7"/>
  <move id="777" source="H4" target="G4"/>
  <move id="778" source="C7" target="B7"/>
  <move id="779" source="G4" target="H4"/>
  <move id="780" source="B7" target="B6"/>
  <move id="781" source="H4" target="I4"/>
  <move id="782" source="B6" target="A6"/>
  <move id="783" source="I4" target="I5"/>
  <move id="784" source="K5" target="K4"/>
  <move id="785" source="I5" target="I4"/>
  <move id="786" source="K4" target="K5"/>
  <move id="787" source="I4" target="H4"/>
  <move id="788" source="A6" target="A5"/>
  <move id="789" source="H4" target="I4"/>
  <move id="790" source="E3" target="F3"/>
  <move id="791" source="I4" target="I5"/>
  <move id="792" source="K5" target="K4"/>
  <move id="793" source="I5" target="I6"/>
  <move id="794" source="F5" target="F6"/>
  <move id="795" source="I6" target="I7"/>
  <move id="796" source="F6" target="F7"/>
  <move id="797" source="I7" target="I6"/>
  <move id="798" source="E8" target="F8"/>
  <move id="799" source="I6" target="I5"/>
  <move id="800" source="F7" target="F6"/>
  <move id="801" source="I5" target="I6"/>
  <move id="802" source="E9" target="E8"/>
  <move id="803" source="I6" target="I7"/>
  <move id="804" source="E8" target="E7"/>
  <move id="805" source="I7" target="I6"/>
  <move id="806" source="E7" target="E6"/>
  <move id="807" source="I6" target="I7"/>
  <move id="808" source="E6" target="E5"/>
  <move id="809" source="I7" target="H7"/>
  <move id="810" source="F6" target="F7"/>
  <move id="811" source="H7" target="I7"/>
  <move id="812" source="E5" target="E4"/>
  <move id="813" source="I7" target="I6"/>
  <move id="814" source="K4" target="K5"/>
  <move id="815" source="I6" target="I5"/>
  <move id="816" source="K5" target="K6"/>
  <move id="817" source="I5" target="I4"/>
  <move id="818" source="F7" target="F6"/>
  <move id="819" source="I4" target="H4"/>
  <move id="820" source="F6" target="F5"/>
  <move id="821" source="H4" target="G4"/>
  <move id="822" source="F3" target="E3"/>
  <move id="823" source="G4" target="H4"/>
  <move id="824" source="E4" target="F4"/>
  <move id="825" source="H4" target="I4"/>
  <move id="826" source="F4" target="F3"/>
  <move id="827" source="I4" target="I5"/>
  <move id="828" source="F5" target="F6"/>
  <move id="829" source="I5" target="I6"/>
  <move id="830" source="K6" target="K5"/>
  <move id="831" source="I6" target="I7"/>
  <move id="832" source="F3" target="G3"/>
  <move id="833" source="I7" target="I6"/>
  <move id="834" source="E3" target="F3"/>
  <move id="835" source="I6" target="I7"/>
  <move id="836" source="G3" target="G2"/>
  <move id="837" source="I7" target="H7"/>
  <move id="838" source="F6" target="F7"/>
  <move id="839" source="H7" target="I7"/>
  <move id="840" source="F3" target="G3"/>
  <move id="841" source="I7" target="I6"/>
  <move id="842" source="G3" target="G2"/>
  <move id="843" source="I6" target="I5"/>
  <move id="844" source="K5" target="K6"/>
  <move id="845" source="I5" target="I4"/>
  <move id="846" source="G2" target="G3"/>
  <move id="847" source="I4" target="H4"/>
  <move id="848" source="F7" target="F6"/>
  <move id="849" source="H4" target="I4"/>
  <move id="850" source="F6" target="F5"/>
  <move id="851" source="I4" target="I5"/>
  <move id="852" source="F5" target="F6"/>
  <move id="853" source="I5" target="I6"/>
  <move id="854" source="K6" target="K5"/>
  <move id="855" source="I6" target="I7"/>
  <move id="856" source="F6" target="F7"/>
  <move id="857" source="I7" target="I6"/>
  <move id="858" source="D8" target="D7"/>
  <move id="859" source="I6" target="I5"/>
  <move id="860" source="K5" target="K6"/>
  <move id="861" source="I5" target="I4"/>
  <move id="862" source="F7" target="F6"/>
  <move id="863" source="I4" target="H4"/>
  <move id="864" source="F6" target="F5"/>
  <move id="865" source="H4" target="I4"/>
  <move id="866" source="D7" target="E7"/>
  <move id="867" source="I4" target="I5"/>
  <move id="868" source="F5" target="F6"/>
  <move id="869" source="I5" target="I6"/>
  <move id="870" source="K6" target="K5"/>
  <move id="871" source="I6" target="I5"/>
  <move id="872" source="K5" target="K6"/>
  <move id="873" source="I5" target="I4"/>
  <move id="874" source="F6" target="F5"/>
  <move id="875" source="I4" target="H4"/>
  <move id="876" source="E7" target="E6"/>
  <move id="877" source="H4" target="G4"/>
  <move id="878" source="G3" target="H3"/>
  <move id="879" source="G4" target="H4"/>
  <move id="880" source="H3" target="G3"/>
  <move id="881" source="H4" target="I4"/>
  <move id="882" source="F5" target="F6"/>
  <move id="883" source="I4" target="I5"/>
  <move id="884" source="E6" target="E5"/>
  <move id="885" source="I5" target="I6"/>
  <move id="886" source="K6" target="K5"/>
  <move id="887" source="I6" target="I7"/>
  <move id="888" source="F6" target="F7"/>
  <move id="889" source="I7" target="I6"/>
  <move id="890" source="E5" target="E4"/>
  <move id="891" source="I6" target="I5"/>
  <move id="892" source="K5" target="K6"/>
  <move id="893" source="I5" target="I4"/>
  <move id="894" source="F7" target="F6"/>
  <move id="895" source="I4" target="H4"/>
  <move id="896" source="F6" target="F5"/>
  <move id="897" source="H4" target="G4"/>
  <move id="898" source="G3" target="H3"/>
  <move id="899" source="G4" target="H4"/>
  <move id="900" source="H3" target="G3"/>
  <move id="901" source="H4" target="I4"/>
  <move id="902" source="E4" target="E3"/>
  <move id="903" source="I4" target="I5"/>
  <move id="904" source="F5" target="F6"/>
  <move id="905" source="I5" target="I6"/>
  <move id="906" source="K6" target="K5"/>
  <move id="907" source="I6" target="I5"/>
  <move id="908" source="K5" target="K6"/>
  <move id="909" source="I5" target="I4"/>
  <move id="910" source="F6" target="F5"/>
  <move id="911" source="I4" target="H4"/>
  <move id="912" source="E3" target="D3"/>
  <move id="913" source="H4" target="I4"/>
  <move id="914" source="D3" target="C3"/>
  <move id="915" source="I4" target="I5"/>
  <move id="916" source="F5" target="F6"/>
  <move id="917" source="I5" target="I6"/>
  <move id="918" source="K6" target="K5"/>
  <move id="919" source="I6" target="I7"/>
  <move id="920" source="C3" target="B3"/>
  <move id="921" source="I7" target="I6"/>
  <move id="922" source="B3" target="A3"/>
  <move id="923" source="I6" target="I5"/>
  <move id="924" source="K5" target="K6"/>
  <move id="925" source="I5" target="I4"/>
  <move id="926" source="F6" target="F5"/>
  <move id="927" source="I4" target="H4"/>
  <move id="928" source="G3" target="F3"/>
  <move id="929" source="H4" target="I4"/>
  <move id="930" source="F3" target="E3"/>
  <move id="931" source="I4" target="I5"/>
  <move id="932" source="F5" target="F6"/>
  <move id="933" source="I5" target="I6"/>
  <move id="934" source="K6" target="K5"/>
  <move id="935" source="I6" target="I7"/>
  <move id="936" source="A3" target="A2"/>
  <move id="937" source="I7" target="I6"/>
  <move id="938" source="A2" target="A1"/>
  <move id="939" source="I6" target="I5"/>
  <move id="940" source="K5" target="K6"/>
  <move id="941" source="I5" target="I4"/>
  <move id="942" source="E3" target="D3"/>
  <move id="943" source="I4" target="H4"/>
  <move id="944" source="D3" target="C3"/>
  <move id="945" source="H4" target="G4"/>
  <move id="946" source="F6" target="F5"/>
  <move id="947" source="G4" target="H4"/>
  <move id="948" source="C3" target="B3"/>
  <move id="949" source="H4" target="I4"/>
  <move id="950" source="F5" target="F6"/>
  <move id="951" source="I4" target="I5"/>
  <move id="952" source="A1" target="B1"/>
  <move id="953" source="I5" target="I6"/>
  <move id="954" source="K6" target="K5"/>
  <move id="955" source="I6" target="I7"/>
  <move id="956" source="F6" target="F7"/>
  <move id="957" source="I7" target="I6"/>
  <move id="958" source="F7" target="F6"/>
  <move id="959" source="I6" target="I5"/>
  <move id="960" source="K5" target="K6"/>
  <move id="961" source="I5" target="I4"/>
  <move id="962" source="F6" target="F5"/>
  <move id="963" source="I4" target="H4"/>
  <move id="964" source="B1" target="A1"/>
  <move id="965" source="H4" target="I4"/>
  <move id="966" source="A1" target="A2"/>
  <move id="967" source="I4" target="I5"/>
  <move id="968" source="F5" target="F6"/>
  <move id="969" source="I5" target="I6"/>
  <move id="970" source="K6" target="K5"/>
  <move id="971" source="I6" target="I7"/>
  <move id="972" source="A2" target="A3"/>
  <move id="973" source="I7" target="H7"/>
  <move id="974" source="F6" target="F7"/>
  <move id="975" source="H7" target="I7"/>
  <move id="976" source="B3" target="C3"/>
  <move id="977" source="I7" target="I6"/>
  <move id="978" source="A3" target="B3"/>
  <move id="979" source="I6" target="I5"/>
  <move id="980" source="K5" target="K6"/>
  <move id="981" source="I5" target="I4"/>
  <move id="982" source="F7" target="F6"/>
  <move id="983" source="I4" target="H4"/>
  <move id="984" source="F6" target="F5"/>
  <move id="985" source="H4" target="G4"/>
  <move id="986" source="C3" target="D3"/>
  <move id="987" source="G4" target="H4"/>
  <move id="988" source="B3" target="C3"/>
  <move id="989" source="H4" target="I4"/>
  <move id="990" source="D3" target="E3"/>
  <move id="991" source="I4" target="I5"/>
  <move id="992" source="F5" target="F6"/>
  <move id="993" source="I5" target="I6"/>
  <move id="994" source="K6" target="K5"/>
  <move id="995" source="I6" target="I7"/>
  <move id="996" source="C3" target="D3"/>
  <move id="997" source="I7" target="I6"/>
  <move id="998" source="E3" target="E2"/>
  <move id="999" source="I6" target="I5"/>
  <move id="1000" source="K5" target="K6"/>
  <move id="1001" source="I5" target="I4"/>
  <move id="1002" source="F6" target="F5"/>
  <move id="1003" source="I4" target="H4"/>
  <move id="1004" source="D3" target="E3"/>
  <move id="1005" source="H4" target="I4"/>
  <move id="1006" source="E3" target="F3"/>
  <move id="1007" source="I4" target="I5"/>
  <move id="1008" source="F5" target="F6"/>
  <move id="1009" source="I5" target="I6"/>
  <move id="1010" source="K6" target="K5"/>
  <move id="1011" source="I6" target="I7"/>
  <move id="1012" source="F3" target="G3"/>
  <move id="1013" source="I7" target="I6"/>
  <move id="1014" source="G3" target="G2"/>
  <move id="1015" source="I6" target="I5"/>
  <move id="1016" source="K5" target="K6"/>
  <move id="1017" source="I5" target="I4"/>
  <move id="1018" source="F6" target="F5"/>
  <move id="1019" source="I4" target="H4"/>
  <move id="1020" source="F5" target="F4"/>
  <move id="1021" source="H4" target="I4"/>
  <move id="1022" source="G2" target="G1"/>
  <move id="1023" source="I4" target="I5"/>
  <move id="1024" source="F4" target="F5"/>
  <move id="1025" source="I5" target="I6"/>
  <move id="1026" source="K6" target="K5"/>
  <move id="1027" source="I6" target="I5"/>
  <move id="1028" source="K5" target="K6"/>
  <move id="1029" source="I5" target="I4"/>
  <move id="1030" source="F5" target="F4"/>
  <move id="1031" source="I4" target="H4"/>
  <move id="1032" source="F9" target="E9"/>
  <move id="1033" source="H4" target="I4"/>
  <move id="1034" source="E9" target="E8"/>
  <move id="1035" source="I4" target="I5"/>
  <move id="1036" source="F4" target="F5"/>
  <move id="1037" source="I5" target="I6"/>
  <move id="1038" source="K6" target="K5"/>
  <move id="1039" source="I6" target="I7"/>
  <move id="1040" source="F5" target="F6"/>
  <move id="1041" source="I7" target="I6"/>
  <move id="1042" source="E8" target="E7"/>
  <move id="1043" source="I6" target="I5"/>
  <move id="1044" source="K5" target="K6"/>
  <move id="1045" source="I5" target="I4"/>
  <move id="1046" source="E7" target="E6"/>
  <move id="1047" source="I4" target="H4"/>
  <move id="1048" source="E6" target="E5"/>
  <move id="1049" source="H4" target="G4"/>
  <move id="1050" source="F6" target="F5"/>
  <move id="1051" source="G4" target="H4"/>
  <move id="1052" source="E5" target="E4"/>
  <move id="1053" source="H4" target="I4"/>
  <move id="1054" source="F5" target="F6"/>
  <move id="1055" source="I4" target="I5"/>
  <move id="1056" source="F6" target="F7"/>
  <move id="1057" source="I5" target="I6"/>
  <move id="1058" source="K6" target="K5"/>
  <move id="1059" source="I6" target="I7"/>
  <move id="1060" source="F7" target="F6"/>
  <move id="1061" source="I7" target="H7"/>
  <move id="1062" source="F6" target="F7"/>
  <move id="1063" source="H7" target="I7"/>
  <move id="1064" source="E4" target="E3"/>
  <move id="1065" source="I7" target="I6"/>
  <move id="1066" source="E2" target="E1"/>
  <move id="1067" source="H2" target="H3"/>
  <move id="1068" source="F7" target="F6"/>
  <move id="1069" source="H3" target="G3"/>
  <move id="1070" source="E3" target="D3"/>
  <move id="1071" source="G3" target="F3"/>
  <move id="1072" source="D3" target="D2"/>
  <move id="1073" source="F3" target="E3"/>
  <move id="1074" source="K5" target="K4"/>
  <move id="1075" source="E3" target="E4"/>
  <move id="1076" source="K4" target="I4"/>
  <move id="1077" source="E4" target="D4"/>
  <move id="1078" source="I4" target="H4"/>
  <move id="1079" source="D4" target="C4"/>
  <move id="1080" source="H4" target="G4"/>
  <move id="1081" source="C4" target="B4"/>
  <move id="1082" source="G4" target="F4"/>
  <move id="1083" source="B4" target="B5"/>
  <move id="1084" source="A5" target="A4"/>
  <move id="1085" source="B5" target="B6"/>
  <move id="1086" source="F6" target="E6"/>
  <move id="1087" source="B6" target="B7"/>
  <move id="1088" source="F8" target="E8"/>
  <move id="1089" source="B7" target="C7"/>
  <move id="1090" source="E8" target="D8"/>
  <move id="1091" source="C7" target="C8"/>
  <move id="1092" source="E6" target="E7"/>
  <move id="1093" source="C8" target="D8"/>
  <move id="1094" source="F4" target="E4"/>
  <move id="1095" source="I6" target="I7"/>
  <move id="1096" source="E4" target="D4"/>
  <move id="1097" source="I7" target="H7"/>
  <move id="1098" source="D4" target="E4"/>
  <move id="1099" source="H7" target="G7"/>
  <move id="1100" source="E7" target="E8"/>
  <move id="1101" source="D8" target="D9"/>
  <move id="1102" source="E4" target="E5"/>
  <move id="1103" source="G7" target="F7"/>
  <move id="1104" source="E8" target="E9"/>
  <move id="1105" source="D9" target="D8"/>
  <move id="1106" source="E5" target="E6"/>
  <move id="1107" source="F7" target="F8"/>
  <move id="1108" source="E6" target="E7"/>
  <move id="1109" source="F8" target="F7"/>
  <move id="1110" source="E7" target="D7"/>
  <move id="1111" source="D8" target="C8"/>
  <move id="1112" source="E9" target="E8"/>
  <move id="1113" source="F7" target="F6"/>
  <move id="1114" source="D7" target="C7"/>
  <move id="1115" source="F6" target="F7"/>
  <move id="1116" source="C7" target="C8"/>
  <move id="1117" source="F7" target="G7"/>
  <move id="1118" source="E8" target="E7"/>
  <move id="1119" source="G7" target="H7"/>
  <move id="1120" source="E7" target="F7"/>
  <move id="1121" source="H7" target="I7"/>
  <move id="1122" source="D2" target="D3"/>
  <move id="1123" source="I7" target="I6"/>
  <move id="1124" source="D3" target="E3"/>
  <move id="1125" source="I6" target="I5"/>
  <move id="1126" source="E3" target="E4"/>
  <move id="1127" source="I5" target="I4"/>
  <move id="1128" source="E4" target="E5"/>
  <move id="1129" source="I4" target="H4"/>
  <move id="1130" source="A4" target="A5"/>
  <move id="1131" source="H4" target="G4"/>
  <move id="1132" source="C8" target="D8"/>
  <move id="1133" source="G4" target="F4"/>
  <move id="1134" source="D8" target="E8"/>
  <move id="1135" source="F4" target="E4"/>
  <move id="1136" source="E5" target="F5"/>
  <move id="1137" source="E4" target="D4"/>
  <move id="1138" source="F7" target="E7"/>
  <move id="1139" source="D4" target="C4"/>
  <move id="1140" source="E8" target="F8"/>
  <move id="1141" source="C4" target="B4"/>
  <move id="1142" source="F8" target="G8"/>
  <move id="1143" source="B4" target="B5"/>
  <move id="1144" source="A5" target="A4"/>
  <move id="1145" source="B5" target="B6"/>
  <move id="1146" source="G8" target="G7"/>
  <move id="1147" source="B6" target="B7"/>
  <move id="1148" source="G7" target="H7"/>
  <move id="1149" source="B7" target="C7"/>
  <move id="1150" source="H7" target="I7"/>
  <move id="1151" source="C7" target="B7"/>
  <move id="1152" source="I7" target="K7"/>
  <move id="1153" source="B7" target="B6"/>
  <move id="1154" source="K7" target="K6"/>
  <move id="1155" source="B6" target="B5"/>
  <move id="1156" source="K6" target="K5"/>
  <move id="1157" source="B5" target="B4"/>
  <move id="1158" source="A4" target="A5"/>
  <move id="1159" source="B4" target="C4"/>
  <move id="1160" source="A5" target="A6"/>
  <move id="1161" source="C4" target="B4"/>
  <move id="1162" source="A6" target="A5"/>
  <move id="1163" source="B4" target="B5"/>
  <move id="1164" source="A5" target="A4"/>
  <move id="1165" source="B5" target="B6"/>
  <move id="1166" source="A4" target="A5"/>
  <move id="1167" source="B6" target="B5"/>
  <move id="1168" source="A5" target="A6"/>
  <move id="1169" source="B5" target="B4"/>
  <move id="1170" source="A6" target="A5"/>
  <move id="1171" source="B4" target="C4"/>
  <move id="1172" source="E7" target="E6"/>
  <move id="1173" source="C4" target="B4"/>
  <move id="1174" source="E6" target="E7"/>
  <move id="1175" source="B4" target="B5"/>
  <move id="1176" source="A5" target="A4"/>
  <move id="1177" source="B5" target="B6"/>
  <move id="1178" source="A4" target="A3"/>
  <move id="1179" source="B6" target="B7"/>
  <move id="1180" source="A3" target="A4"/>
  <move id="1181" source="B7" target="C7"/>
  <move id="1182" source="A4" target="A5"/>
  <move id="1183" source="C7" target="B7"/>
  <move id="1184" source="A5" target="A4"/>
  <move id="1185" source="B7" target="B6"/>
  <move id="1186" source="A4" target="A3"/>
  <move id="1187" source="B6" target="B5"/>
  <move id="1188" source="E7" target="E6"/>
  <move id="1189" source="B5" target="B4"/>
  <move id="1190" source="E6" target="E7"/>
  <move id="1191" source="B4" target="C4"/>
  <move id="1192" source="K5" target="K4"/>
  <move id="1193" source="C4" target="D4"/>
  <move id="1194" source="K4" target="K5"/>
  <move id="1195" source="D4" target="E4"/>
  <move id="1196" source="A3" target="A4"/>
  <move id="1197" source="E4" target="F4"/>
  <move id="1198" source="F5" target="E5"/>
  <move id="1199" source="F4" target="G4"/>
  <move id="1200" source="A4" target="A5"/>
  <move id="1201" source="G4" target="H4"/>
  <move id="1202" source="K5" target="K6"/>
  <move id="1203" source="H4" target="I4"/>
  <move id="1204" source="K6" target="K5"/>
  <move id="1205" source="I4" target="I5"/>
  <move id="1206" source="K5" target="K4"/>
  <move id="1207" source="I5" target="I6"/>
  <move id="1208" source="E5" target="E4"/>
  <move id="1209" source="I6" target="I7"/>
  <move id="1210" source="E4" target="E3"/>
  <move id="1211" source="I7" target="H7"/>
  <move id="1212" source="E3" target="E4"/>
  <move id="1213" source="H7" target="G7"/>
  <move id="1214" source="E4" target="E3"/>
  <move id="1215" source="G7" target="H7"/>
  <move id="1216" source="E3" target="F3"/>
  <move id="1217" source="H7" target="I7"/>
  <move id="1218" source="F3" target="F4"/>
  <move id="1219" source="I7" target="I6"/>
  <move id="1220" source="F4" target="E4"/>
  <move id="1221" source="I6" target="I5"/>
  <move id="1222" source="E4" target="E5"/>
  <move id="1223" source="I5" target="I4"/>
  <move id="1224" source="K4" target="K5"/>
  <move id="1225" source="I4" target="H4"/>
  <move id="1226" source="K5" target="K6"/>
  <move id="1227" source="H4" target="G4"/>
  <move id="1228" source="E7" target="E6"/>
  <move id="1229" source="G4" target="F4"/>
  <move id="1230" source="E6" target="E7"/>
  <move id="1231" source="F4" target="E4"/>
  <move id="1232" source="E5" target="F5"/>
  <move id="1233" source="E4" target="E5"/>
  <move id="1234" source="F5" target="F4"/>
  <move id="1235" source="H1" target="H2"/>
  <move id="1236" source="F4" target="F3"/>
  <move id="1237" source="H2" target="H3"/>
  <move id="1238" source="F3" target="G3"/>
  <move id="1239" source="H3" target="I3"/>
  <move id="1240" source="G3" target="H3"/>
  <move id="1241" source="E5" target="E6"/>
  <move id="1242" source="H3" target="I3"/>
  <move id="1243" source="E6" target="E7"/>
  <move id="1244" source="A5" target="A6"/>
  <move id="1245" source="F2" target="F3"/>
  <move id="1246" source="K6" target="I6"/>
  <move id="1247" source="F3" target="F4"/>
  <move id="1248" source="I6" target="I7"/>
  <move id="1249" source="F4" target="F5"/>
  <move id="1250" source="I7" target="H7"/>
  <move id="1251" source="F5" target="F6"/>
  <move id="1252" source="H7" target="G7"/>
  <player id="1">Player 1</player>
  <player id="2">Player 2</player>
  <result type="4" winner="3"/>
 </game>
</stratego>