<?xml version="1.0" encoding="UTF-8"?>
<stratego>
 <game type="classic">
  
  <field content="EFEBMBDEGEGBJHBHJCDDBFIDDIEKDHGDBHFGLIDFAA__AA__AAAA__AA__AAQNPVNPSQPSVUPRPNRNWTNQXSSROPQRPPUQNTTUYT"/>
  <move id="1" source="F4" target="F5"/>
  <move id="2" source="I7" target="I6"/>
  <move id="3" source="F5" target="F6"/>
  <move id="4" source="K7" target="K6"/>
  <move id="5" source="F6" target="F7"/>
  <move id="6" source="I6" target="I5"/>
  <move id="7" source="F7" target="G7"/>
  <move id="8" source="K6" target="K5"/>
  <move id="9" source="E4" target="F4"/>
  <move id="10" source="I8" target="I7"/>
  <move id="11" source="F4" target="F5"/>
  <move id="12" source="I7" target="I6"/>
  <move id="13" source="F5" target="F6"/>
  <move id="14" source="G8" target="G7"/>
  <move id="15" source="F6" target="F7"/>
  <move id="16" source="K8" target="I8"/>
  <move id="17" source="F7" target="F8"/>
  <move id="18" source="G7" target="F7"/>
  <move id="19" source="E3" target="E7"/>
  <move id="20" source="I6" target="I7"/>
  <move id="21" source="F3" target="F4"/>
  <move id="22" source="H7" target="G7"/>
  <move id="23" source="F4" target="F5"/>
  <move id="24" source="G7" target="G8"/>
  <move id="25" source="F5" target="F6"/>
  <move id="26" source="I7" target="H7"/>
  <move id="27" source="F6" target="F7"/>
  <move id="28" source="A7" target="A6"/>
  <move id="29" source="G3" target="F3"/>
  <move id="30" source="A6" target="B6"/>
  <move id="31" source="F3" target="E3"/>
  <move id="32" source="H7" target="G7"/>
  <move id="33" source="F7" target="F6"/>
  <move id="34" source="G7" target="H7"/>
  <move id="35" source="E3" target="E4"/>
  <move id="36" source="A8" target="A7"/>
  <move id="37" source="E4" target="E5"/>
  <move id="38" source="A7" target="A6"/>
  <move id="39" source="E5" target="E6"/>
  <move id="40" source="B6" target="B5"/>
  <move id="41" source="G4" target="F4"/>
  <move id="42" source="B5" target="A5"/>
  <move id="43" source="F4" target="F5"/>
  <move id="44" source="B8" target="A8"/>
  <move id="45" source="F6" target="F7"/>
  <move id="46" source="H7" target="G7"/>
  <move id="47" source="F5" target="F6"/>
  <move id="48" source="I8" target="K8"/>
  <move id="49" source="E6" target="E7"/>
  <move id="50" source="D7" target="E7"/>
  <move id="51" source="H3" target="G3"/>
  <move id="52" source="E7" target="D7"/>
  <move id="53" source="G3" target="F3"/>
  <move id="54" source="E8" target="E6"/>
  <move id="55" source="F3" target="E3"/>
  <move id="56" source="E6" target="F6"/>
  <move id="57" source="E3" target="E4"/>
  <move id="58" source="E9" target="E8"/>
  <move id="59" source="F6" target="E6"/>
  <move id="60" source="D9" target="E9"/>
  <move id="61" source="E4" target="F4"/>
  <move id="62" source="G7" target="F7"/>
  <move id="63" source="E6" target="E7"/>
  <move id="64" source="F7" target="G7"/>
  <move id="65" source="E7" target="D7"/>
  <move id="66" source="G7" target="F7"/>
  <move id="67" source="D7" target="E7"/>
  <move id="68" source="F7" target="F6"/>
  <move id="69" source="E7" target="E8"/>
  <move id="70" source="F6" target="F5"/>
  <move id="71" source="E8" target="E7"/>
  <move id="72" source="F5" target="F4"/>
  <move id="73" source="E7" target="E8"/>
  <move id="74" source="A5" target="B5"/>
  <move id="75" source="E8" target="D8"/>
  <move id="76" source="A6" target="A5"/>
  <move id="77" source="D8" target="E8"/>
  <move id="78" source="A5" target="A4"/>
  <move id="79" source="B4" target="B5"/>
  <move id="80" source="B5" target="B4"/>
  <move id="81" source="B3" target="B4"/>
  <move id="82" source="A4" target="B4"/>
  <move id="83" source="D3" target="E3"/>
  <move id="84" source="C8" target="B8"/>
  <move id="85" source="E3" target="E4"/>
  <move id="86" source="A8" target="A7"/>
  <move id="87" source="E4" target="F4"/>
  <move id="88" source="A7" target="A6"/>
  <move id="89" source="F4" target="F5"/>
  <move id="90" source="A6" target="B6"/>
  <move id="91" source="H2" target="H3"/>
  <move id="92" source="B8" target="A8"/>
  <move id="93" source="H3" target="G3"/>
  <move id="94" source="A8" target="A3"/>
  <move id="95" source="G3" target="F3"/>
  <move id="96" source="B4" target="C4"/>
  <player id="1">Player 1</player>
  <player id="2">Player 2</player>
  <result type="3" winner="1"/>
 </game>
</stratego>