<?xml version="1.0" encoding="UTF-8"?>
<stratego>
 <game type="classic">
  
  <field content="IMEDEJEGKBBDLHIDGBHDHDDJFGEBBDFHFEFBCIGDAA__AA__AAAA__AA__AANTVPSUPPSQRNUXPWPVUTQYNTNOSRSNRPQPPQTNQR"/>
  <move id="1" source="B4" target="B5"/>
  <move id="2" source="E7" target="E6"/>
  <move id="3" source="B5" target="B6"/>
  <move id="4" source="E8" target="E7"/>
  <move id="5" source="B6" target="B7"/>
  <move id="6" source="E6" target="F6"/>
  <move id="7" source="A4" target="B4"/>
  <move id="8" source="E7" target="E6"/>
  <move id="9" source="A3" target="A4"/>
  <move id="10" source="D7" target="E7"/>
  <move id="11" source="A4" target="A5"/>
  <move id="12" source="E6" target="E4"/>
  <move id="13" source="A5" target="A6"/>
  <move id="14" source="F6" target="E6"/>
  <move id="15" source="A6" target="A7"/>
  <move id="16" source="E6" target="E5"/>
  <move id="17" source="B4" target="B5"/>
  <move id="18" source="E7" target="E8"/>
  <move id="19" source="B5" target="B6"/>
  <move id="20" source="C7" target="D7"/>
  <move id="21" source="B6" target="B7"/>
  <move id="22" source="C8" target="C7"/>
  <move id="23" source="B7" target="B8"/>
  <move id="24" source="F7" target="F6"/>
  <move id="25" source="B3" target="B7"/>
  <move id="26" source="E8" target="E7"/>
  <move id="27" source="B7" target="C7"/>
  <move id="28" source="E7" target="F7"/>
  <move id="29" source="C4" target="B4"/>
  <move id="30" source="F6" target="E6"/>
  <move id="31" source="B4" target="B3"/>
  <move id="32" source="F7" target="F4"/>
  <move id="33" source="D4" target="C4"/>
  <move id="34" source="D7" target="E7"/>
  <move id="35" source="C4" target="B4"/>
  <move id="36" source="E7" target="E8"/>
  <move id="37" source="B4" target="B5"/>
  <move id="38" source="E6" target="F6"/>
  <move id="39" source="B5" target="B6"/>
  <move id="40" source="F6" target="F5"/>
  <move id="41" source="B6" target="B7"/>
  <move id="42" source="C7" target="C8"/>
  <move id="43" source="B7" target="C7"/>
  <move id="44" source="E8" target="E7"/>
  <move id="45" source="D3" target="D4"/>
  <move id="46" source="E7" target="E6"/>
  <move id="47" source="D4" target="C4"/>
  <move id="48" source="G7" target="C7"/>
  <move id="49" source="C7" target="B7"/>
  <move id="50" source="E6" target="E7"/>
  <move id="51" source="C4" target="B4"/>
  <move id="52" source="C8" target="C7"/>
  <move id="53" source="B7" target="B8"/>
  <move id="54" source="A8" target="B8"/>
  <move id="55" source="B4" target="B5"/>
  <move id="56" source="D8" target="C8"/>
  <move id="57" source="B5" target="B6"/>
  <move id="58" source="E5" target="E4"/>
  <move id="59" source="B6" target="B7"/>
  <move id="60" source="E7" target="E6"/>
  <move id="61" source="K4" target="K7"/>
  <move id="62" source="A9" target="A8"/>
  <move id="63" source="I4" target="K4"/>
  <move id="64" source="I7" target="I6"/>
  <move id="65" source="K4" target="K5"/>
  <move id="66" source="K7" target="I7"/>
  <move id="67" source="H4" target="I4"/>
  <move id="68" source="H7" target="G7"/>
  <move id="69" source="I4" target="I5"/>
  <move id="70" source="I7" target="H7"/>
  <move id="71" source="I5" target="I6"/>
  <move id="72" source="K8" target="K7"/>
  <move id="73" source="K5" target="K6"/>
  <move id="74" source="I8" target="I7"/>
  <move id="75" source="I6" target="I7"/>
  <move id="76" source="K7" target="K6"/>
  <move id="77" source="K3" target="K4"/>
  <move id="78" source="K6" target="K7"/>
  <move id="79" source="K4" target="K5"/>
  <move id="80" source="I9" target="I8"/>
  <move id="81" source="K5" target="K6"/>
  <move id="82" source="K7" target="K8"/>
  <move id="83" source="K6" target="K7"/>
  <move id="84" source="E6" target="E5"/>
  <move id="85" source="K2" target="K3"/>
  <move id="86" source="E4" target="E3"/>
  <move id="87" source="E2" target="E3"/>
  <move id="88" source="G7" target="F7"/>
  <move id="89" source="C3" target="D3"/>
  <move id="90" source="E5" target="E6"/>
  <move id="91" source="C2" target="C3"/>
  <move id="92" source="E6" target="F6"/>
  <move id="93" source="C3" target="C4"/>
  <move id="94" source="F7" target="E7"/>
  <move id="95" source="C4" target="D4"/>
  <move id="96" source="E7" target="E6"/>
  <move id="97" source="D4" target="E4"/>
  <move id="98" source="E6" target="E5"/>
  <move id="99" source="E4" target="E5"/>
  <move id="100" source="C7" target="B7"/>
  <move id="101" source="E5" target="F5"/>
  <move id="102" source="F6" target="E6"/>
  <move id="103" source="F5" target="E5"/>
  <move id="104" source="E6" target="E7"/>
  <move id="105" source="E5" target="E6"/>
  <move id="106" source="E7" target="D7"/>
  <move id="107" source="E6" target="E7"/>
  <move id="108" source="D7" target="C7"/>
  <move id="109" source="B7" target="B8"/>
  <move id="110" source="C8" target="B8"/>
  <move id="111" source="E7" target="D7"/>
  <move id="112" source="C7" target="B7"/>
  <move id="113" source="D7" target="C7"/>
  <move id="114" source="B7" target="B6"/>
  <move id="115" source="B3" target="B4"/>
  <move id="116" source="D9" target="D8"/>
  <move id="117" source="B4" target="B5"/>
  <move id="118" source="D8" target="C8"/>
  <move id="119" source="C7" target="C8"/>
  <move id="120" source="B8" target="C8"/>
  <move id="121" source="B5" target="B6"/>
  <move id="122" source="B6" target="B7"/>
  <move id="123" source="D3" target="D4"/>
  <move id="124" source="G8" target="G7"/>
  <move id="125" source="D4" target="E4"/>
  <move id="126" source="G7" target="F7"/>
  <move id="127" source="E4" target="E5"/>
  <move id="128" source="F7" target="E7"/>
  <move id="129" source="E5" target="F5"/>
  <move id="130" source="E7" target="F7"/>
  <move id="131" source="F5" target="E5"/>
  <move id="132" source="H7" target="G7"/>
  <move id="133" source="E5" target="E6"/>
  <move id="134" source="F7" target="E7"/>
  <move id="135" source="E6" target="F6"/>
  <move id="136" source="G7" target="F7"/>
  <move id="137" source="K3" target="K4"/>
  <move id="138" source="E7" target="E6"/>
  <move id="139" source="F6" target="F5"/>
  <move id="140" source="G9" target="G8"/>
  <move id="141" source="K4" target="I4"/>
  <move id="142" source="G8" target="G7"/>
  <move id="143" source="I2" target="K2"/>
  <move id="144" source="G7" target="H7"/>
  <move id="145" source="K2" target="K3"/>
  <move id="146" source="H7" target="I7"/>
  <move id="147" source="K3" target="K4"/>
  <move id="148" source="I7" target="K7"/>
  <move id="149" source="K4" target="K5"/>
  <move id="150" source="K7" target="I7"/>
  <move id="151" source="K5" target="I5"/>
  <move id="152" source="I7" target="H7"/>
  <move id="153" source="I5" target="I6"/>
  <move id="154" source="I8" target="I7"/>
  <move id="155" source="I6" target="I5"/>
  <move id="156" source="E6" target="E5"/>
  <move id="157" source="F5" target="F6"/>
  <move id="158" source="F7" target="F6"/>
  <move id="159" source="E3" target="D3"/>
  <move id="160" source="E5" target="E4"/>
  <move id="161" source="I1" target="I2"/>
  <move id="162" source="E4" target="D4"/>
  <move id="163" source="D3" target="E3"/>
  <move id="164" source="D4" target="E4"/>
  <move id="165" source="E3" target="D3"/>
  <move id="166" source="I7" target="I6"/>
  <move id="167" source="I5" target="K5"/>
  <move id="168" source="H7" target="I7"/>
  <move id="169" source="I2" target="K2"/>
  <move id="170" source="I7" target="K7"/>
  <move id="171" source="K2" target="K3"/>
  <move id="172" source="K7" target="K6"/>
  <move id="173" source="K3" target="K4"/>
  <move id="174" source="K8" target="K7"/>
  <move id="175" source="I4" target="I5"/>
  <move id="176" source="K7" target="I7"/>
  <move id="177" source="I5" target="I6"/>
  <move id="178" source="I7" target="H7"/>
  <move id="179" source="K5" target="I5"/>
  <move id="180" source="I6" target="I7"/>
  <move id="181" source="K4" target="K5"/>
  <move id="182" source="K6" target="I6"/>
  <move id="183" source="I5" target="I4"/>
  <move id="184" source="I7" target="I8"/>
  <move id="185" source="K5" target="I5"/>
  <move id="186" source="I6" target="K6"/>
  <move id="187" source="I5" target="I6"/>
  <move id="188" source="K6" target="K5"/>
  <move id="189" source="I6" target="I7"/>
  <move id="190" source="K5" target="K4"/>
  <move id="191" source="I4" target="I5"/>
  <move id="192" source="K4" target="K5"/>
  <move id="193" source="I5" target="I4"/>
  <move id="194" source="F6" target="F5"/>
  <move id="195" source="I7" target="H7"/>
  <move id="196" source="H8" target="G8"/>
  <move id="197" source="H7" target="H8"/>
  <move id="198" source="G8" target="G7"/>
  <move id="199" source="H8" target="I8"/>
  <move id="200" source="G7" target="F7"/>
  <move id="201" source="I8" target="H8"/>
  <move id="202" source="E4" target="D4"/>
  <move id="203" source="D3" target="C3"/>
  <move id="204" source="D4" target="C4"/>
  <move id="205" source="C3" target="D3"/>
  <move id="206" source="C4" target="D4"/>
  <move id="207" source="D3" target="E3"/>
  <move id="208" source="D4" target="E4"/>
  <move id="209" source="E3" target="D3"/>
  <move id="210" source="E4" target="E3"/>
  <move id="211" source="D3" target="D4"/>
  <move id="212" source="F7" target="E7"/>
  <move id="213" source="H8" target="G8"/>
  <move id="214" source="E7" target="E6"/>
  <move id="215" source="G8" target="G7"/>
  <move id="216" source="E6" target="E5"/>
  <move id="217" source="G7" target="F7"/>
  <move id="218" source="E5" target="E4"/>
  <move id="219" source="D4" target="C4"/>
  <move id="220" source="E3" target="F3"/>
  <move id="221" source="F7" target="F6"/>
  <move id="222" source="F5" target="F4"/>
  <move id="223" source="F6" target="F5"/>
  <move id="224" source="F4" target="G4"/>
  <move id="225" source="F5" target="F4"/>
  <move id="226" source="E4" target="D4"/>
  <move id="227" source="C4" target="C3"/>
  <move id="228" source="D4" target="D3"/>
  <move id="229" source="C3" target="C4"/>
  <move id="230" source="G4" target="G3"/>
  <move id="231" source="F4" target="E4"/>
  <move id="232" source="D:" target="D9"/>
  <move id="233" source="E4" target="E3"/>
  <move id="234" source="D3" target="D4"/>
  <move id="235" source="C4" target="C3"/>
  <move id="236" source="D9" target="D8"/>
  <move id="237" source="B2" target="B4"/>
  <move id="238" source="D4" target="C4"/>
  <move id="239" source="C3" target="D3"/>
  <move id="240" source="C4" target="C3"/>
  <move id="241" source="D3" target="D4"/>
  <move id="242" source="F8" target="F7"/>
  <move id="243" source="E3" target="D3"/>
  <move id="244" source="C3" target="C4"/>
  <move id="245" source="D4" target="E4"/>
  <move id="246" source="F7" target="F6"/>
  <move id="247" source="B4" target="C4"/>
  <move id="248" source="F6" target="F5"/>
  <move id="249" source="D3" target="D4"/>
  <move id="250" source="C4" target="C3"/>
  <move id="251" source="E4" target="E3"/>
  <move id="252" source="F5" target="F4"/>
  <move id="253" source="I4" target="I5"/>
  <move id="254" source="K5" target="K4"/>
  <move id="255" source="I5" target="I6"/>
  <move id="256" source="K4" target="I4"/>
  <move id="257" source="I6" target="I7"/>
  <move id="258" source="I4" target="I3"/>
  <move id="259" source="I7" target="I8"/>
  <move id="260" source="B7" target="C7"/>
  <move id="261" source="I8" target="H8"/>
  <move id="262" source="C7" target="D7"/>
  <move id="263" source="H8" target="I8"/>
  <move id="264" source="D7" target="E7"/>
  <move id="265" source="I8" target="I7"/>
  <move id="266" source="E7" target="F7"/>
  <move id="267" source="I7" target="I6"/>
  <move id="268" source="F7" target="G7"/>
  <move id="269" source="I6" target="I5"/>
  <move id="270" source="G7" target="H7"/>
  <move id="271" source="I5" target="K5"/>
  <move id="272" source="H7" target="I7"/>
  <move id="273" source="K5" target="K4"/>
  <move id="274" source="I7" target="I6"/>
  <move id="275" source="K4" target="K5"/>
  <move id="276" source="D8" target="E8"/>
  <move id="277" source="F3" target="F4"/>
  <move id="278" source="E8" target="E7"/>
  <move id="279" source="F2" target="F3"/>
  <move id="280" source="E7" target="F7"/>
  <move id="281" source="F3" target="G3"/>
  <move id="282" source="F7" target="G7"/>
  <move id="283" source="G3" target="G4"/>
  <move id="284" source="I6" target="K6"/>
  <move id="285" source="K5" target="I5"/>
  <move id="286" source="G7" target="F7"/>
  <move id="287" source="G4" target="H4"/>
  <move id="288" source="F7" target="E7"/>
  <move id="289" source="H4" target="I4"/>
  <move id="290" source="E7" target="E3"/>
  <move id="291" source="I4" target="K4"/>
  <move id="292" source="K6" target="I6"/>
  <move id="293" source="I5" target="K5"/>
  <move id="294" source="F4" target="G4"/>
  <move id="295" source="K4" target="K3"/>
  <move id="296" source="G4" target="H4"/>
  <move id="297" source="K3" target="K2"/>
  <move id="298" source="H4" target="I4"/>
  <move id="299" source="K2" target="I2"/>
  <move id="300" source="I6" target="K6"/>
  <move id="301" source="K5" target="K4"/>
  <move id="302" source="I4" target="K4"/>
  <move id="303" source="F1" target="F2"/>
  <move id="304" source="K4" target="K3"/>
  <move id="305" source="I2" target="I1"/>
  <move id="306" source="K3" target="K2"/>
  <move id="307" source="F2" target="F3"/>
  <move id="308" source="K2" target="I2"/>
  <move id="309" source="F3" target="F4"/>
  <move id="310" source="I2" target="I1"/>
  <move id="311" source="F4" target="F5"/>
  <move id="312" source="I1" target="I2"/>
  <move id="313" source="F5" target="F6"/>
  <move id="314" source="I2" target="K2"/>
  <move id="315" source="F6" target="F7"/>
  <move id="316" source="K2" target="K3"/>
  <move id="317" source="F7" target="F8"/>
  <move id="318" source="K3" target="K4"/>
  <move id="319" source="F8" target="G8"/>
  <move id="320" source="K4" target="K5"/>
  <move id="321" source="G8" target="H8"/>
  <move id="322" source="K5" target="I5"/>
  <move id="323" source="H8" target="G8"/>
  <move id="324" source="I5" target="I6"/>
  <move id="325" source="G8" target="F8"/>
  <move id="326" source="I6" target="I7"/>
  <move id="327" source="F8" target="E8"/>
  <move id="328" source="I7" target="I8"/>
  <move id="329" source="E8" target="D8"/>
  <move id="330" source="K6" target="K5"/>
  <move id="331" source="D8" target="C8"/>
  <move id="332" source="K5" target="I5"/>
  <move id="333" source="C8" target="B8"/>
  <move id="334" source="A8" target="A9"/>
  <move id="335" source="B8" target="A8"/>
  <move id="336" source="I8" target="H8"/>
  <move id="337" source="A8" target="A9"/>
  <move id="338" source="H8" target="G8"/>
  <move id="339" source="A9" target="A8"/>
  <move id="340" source="G8" target="F8"/>
  <move id="341" source="A8" target="B8"/>
  <move id="342" source="F8" target="E8"/>
  <move id="343" source="B8" target="B7"/>
  <move id="344" source="E8" target="D8"/>
  <move id="345" source="B7" target="C7"/>
  <move id="346" source="F9" target="F8"/>
  <move id="347" source="E3" target="F3"/>
  <move id="348" source="I5" target="I4"/>
  <move id="349" source="F3" target="F4"/>
  <move id="350" source="I4" target="H4"/>
  <move id="351" source="F4" target="F5"/>
  <move id="352" source="H4" target="G4"/>
  <move id="353" source="D4" target="E4"/>
  <move id="354" source="D8" target="D7"/>
  <move id="355" source="C7" target="C8"/>
  <move id="356" source="D7" target="E7"/>
  <move id="357" source="C8" target="D8"/>
  <move id="358" source="E7" target="E8"/>
  <move id="359" source="D8" target="D7"/>
  <move id="360" source="E8" target="E7"/>
  <move id="361" source="D7" target="D8"/>
  <move id="362" source="F8" target="G8"/>
  <move id="363" source="E4" target="F4"/>
  <move id="364" source="G4" target="H4"/>
  <move id="365" source="F4" target="G4"/>
  <move id="366" source="H4" target="I4"/>
  <move id="367" source="G4" target="H4"/>
  <move id="368" source="I4" target="I5"/>
  <move id="369" source="H4" target="I4"/>
  <move id="370" source="I5" target="I6"/>
  <move id="371" source="I4" target="I5"/>
  <move id="372" source="I6" target="I7"/>
  <move id="373" source="I5" target="I6"/>
  <move id="374" source="I7" target="H7"/>
  <move id="375" source="I6" target="I7"/>
  <move id="376" source="H7" target="G7"/>
  <move id="377" source="I7" target="H7"/>
  <move id="378" source="G7" target="F7"/>
  <move id="379" source="H7" target="G7"/>
  <move id="380" source="F7" target="F6"/>
  <move id="381" source="F5" target="F4"/>
  <move id="382" source="F6" target="F5"/>
  <move id="383" source="F4" target="G4"/>
  <move id="384" source="F5" target="F4"/>
  <move id="385" source="G4" target="H4"/>
  <move id="386" source="F4" target="G4"/>
  <move id="387" source="H4" target="I4"/>
  <move id="388" source="G4" target="H4"/>
  <move id="389" source="I4" target="I5"/>
  <move id="390" source="E7" target="E8"/>
  <move id="391" source="D8" target="D7"/>
  <move id="392" source="H4" target="I4"/>
  <move id="393" source="I5" target="I6"/>
  <move id="394" source="I4" target="I5"/>
  <move id="395" source="I6" target="I7"/>
  <move id="396" source="G8" target="H8"/>
  <move id="397" source="I7" target="I8"/>
  <move id="398" source="E8" target="E7"/>
  <move id="399" source="D7" target="D8"/>
  <move id="400" source="E7" target="E8"/>
  <move id="401" source="D8" target="D7"/>
  <move id="402" source="H8" target="H7"/>
  <move id="403" source="G7" target="H7"/>
  <move id="404" source="I5" target="I4"/>
  <move id="405" source="H7" target="G7"/>
  <move id="406" source="I4" target="I5"/>
  <move id="407" source="I8" target="H8"/>
  <move id="408" source="I5" target="I6"/>
  <move id="409" source="D7" target="C7"/>
  <move id="410" source="E8" target="F8"/>
  <move id="411" source="C7" target="B7"/>
  <move id="412" source="E:" target="D:"/>
  <move id="413" source="B7" target="C7"/>
  <move id="414" source="F8" target="E8"/>
  <move id="415" source="G7" target="F7"/>
  <move id="416" source="E8" target="D8"/>
  <move id="417" source="F7" target="F8"/>
  <move id="418" source="D8" target="D7"/>
  <move id="419" source="C7" target="C8"/>
  <move id="420" source="D7" target="D8"/>
  <move id="421" source="C8" target="C7"/>
  <move id="422" source="D8" target="C8"/>
  <move id="423" source="C7" target="D7"/>
  <move id="424" source="C8" target="C7"/>
  <move id="425" source="D7" target="D8"/>
  <move id="426" source="C7" target="D7"/>
  <move id="427" source="D8" target="C8"/>
  <move id="428" source="D7" target="C7"/>
  <move id="429" source="C8" target="D8"/>
  <move id="430" source="C7" target="D7"/>
  <move id="431" source="D8" target="C8"/>
  <move id="432" source="I6" target="I7"/>
  <move id="433" source="F8" target="E8"/>
  <move id="434" source="D7" target="C7"/>
  <move id="435" source="C8" target="D8"/>
  <move id="436" source="I7" target="I8"/>
  <move id="437" source="H8" target="H7"/>
  <move id="438" source="I8" target="H8"/>
  <move id="439" source="H7" target="I7"/>
  <move id="440" source="H8" target="I8"/>
  <move id="441" source="I7" target="H7"/>
  <move id="442" source="C3" target="D3"/>
  <move id="443" source="E8" target="F8"/>
  <move id="444" source="I8" target="I7"/>
  <move id="445" source="H7" target="H8"/>
  <move id="446" source="C7" target="C8"/>
  <move id="447" source="D8" target="D7"/>
  <move id="448" source="C8" target="C7"/>
  <move id="449" source="D7" target="D8"/>
  <move id="450" source="D3" target="D4"/>
  <move id="451" source="F8" target="F7"/>
  <move id="452" source="C7" target="C8"/>
  <move id="453" source="D8" target="D7"/>
  <move id="454" source="D:" target="D9"/>
  <move id="455" source="F7" target="F8"/>
  <move id="456" source="D4" target="E4"/>
  <move id="457" source="F8" target="E8"/>
  <move id="458" source="D9" target="D:"/>
  <move id="459" source="E8" target="F8"/>
  <move id="460" source="E4" target="E5"/>
  <move id="461" source="F8" target="F7"/>
  <move id="462" source="D:" target="D9"/>
  <move id="463" source="F7" target="F8"/>
  <move id="464" source="D9" target="D:"/>
  <move id="465" source="F8" target="F7"/>
  <move id="466" source="D:" target="D9"/>
  <move id="467" source="F7" target="F6"/>
  <move id="468" source="E5" target="E4"/>
  <move id="469" source="F6" target="F5"/>
  <move id="470" source="D9" target="D8"/>
  <move id="471" source="F5" target="F6"/>
  <move id="472" source="D8" target="E8"/>
  <move id="473" source="F6" target="F7"/>
  <move id="474" source="E4" target="D4"/>
  <move id="475" source="F7" target="F8"/>
  <move id="476" source="E8" target="E4"/>
  <move id="477" source="F8" target="F7"/>
  <move id="478" source="E4" target="E3"/>
  <move id="479" source="F7" target="F6"/>
  <move id="480" source="E3" target="F3"/>
  <move id="481" source="F6" target="F5"/>
  <move id="482" source="D4" target="C4"/>
  <move id="483" source="F5" target="F4"/>
  <move id="484" source="F3" target="E3"/>
  <move id="485" source="F4" target="E4"/>
  <move id="486" source="E3" target="F3"/>
  <move id="487" source="E4" target="D4"/>
  <move id="488" source="C4" target="B4"/>
  <move id="489" source="D4" target="C4"/>
  <move id="490" source="B4" target="B5"/>
  <move id="491" source="C4" target="B4"/>
  <move id="492" source="B5" target="B6"/>
  <move id="493" source="B4" target="B5"/>
  <move id="494" source="B6" target="B7"/>
  <move id="495" source="B5" target="B6"/>
  <move id="496" source="B7" target="C7"/>
  <move id="497" source="B6" target="B7"/>
  <move id="498" source="C7" target="D7"/>
  <move id="499" source="H8" target="G8"/>
  <move id="500" source="I7" target="H7"/>
  <move id="501" source="G8" target="G9"/>
  <move id="502" source="H7" target="H8"/>
  <move id="503" source="G9" target="G:"/>
  <move id="504" source="H8" target="G8"/>
  <move id="505" source="G:" target="H:"/>
  <move id="506" source="G8" target="G7"/>
  <move id="507" source="B7" target="C7"/>
  <move id="508" source="C8" target="B8"/>
  <move id="509" source="D2" target="D3"/>
  <move id="510" source="G7" target="F7"/>
  <move id="511" source="D3" target="D4"/>
  <move id="512" source="F7" target="F6"/>
  <move id="513" source="D4" target="E4"/>
  <move id="514" source="F6" target="F5"/>
  <move id="515" source="H1" target="I1"/>
  <move id="516" source="F3" target="D3"/>
  <move id="517" source="I1" target="I2"/>
  <move id="518" source="D3" target="D1"/>
  <move id="519" source="I2" target="K2"/>
  <move id="520" source="F5" target="E5"/>
  <move id="521" source="E4" target="F4"/>
  <move id="522" source="E5" target="F5"/>
  <move id="523" source="F4" target="E4"/>
  <move id="524" source="F5" target="E5"/>
  <move id="525" source="E4" target="F4"/>
  <move id="526" source="C:" target="D:"/>
  <move id="527" source="K2" target="K3"/>
  <move id="528" source="D:" target="D9"/>
  <move id="529" source="K3" target="K4"/>
  <move id="530" source="D9" target="D8"/>
  <move id="531" source="K4" target="K5"/>
  <move id="532" source="D8" target="E8"/>
  <move id="533" source="K5" target="K6"/>
  <move id="534" source="E8" target="F8"/>
  <move id="535" source="K6" target="K7"/>
  <move id="536" source="F8" target="G8"/>
  <move id="537" source="K7" target="K8"/>
  <move id="538" source="G8" target="G7"/>
  <move id="539" source="K8" target="I8"/>
  <move id="540" source="G7" target="H7"/>
  <move id="541" source="I8" target="H8"/>
  <move id="542" source="H7" target="I7"/>
  <move id="543" source="F4" target="G4"/>
  <move id="544" source="I7" target="K7"/>
  <move id="545" source="G4" target="H4"/>
  <move id="546" source="E5" target="F5"/>
  <move id="547" source="H4" target="I4"/>
  <move id="548" source="F5" target="F6"/>
  <move id="549" source="I4" target="K4"/>
  <move id="550" source="F6" target="F7"/>
  <move id="551" source="K4" target="K5"/>
  <move id="552" source="F7" target="G7"/>
  <move id="553" source="H8" target="I8"/>
  <move id="554" source="G7" target="H7"/>
  <move id="555" source="E1" target="E2"/>
  <move id="556" source="H7" target="I7"/>
  <move id="557" source="I8" target="K8"/>
  <move id="558" source="F:" target="F9"/>
  <move id="559" source="E2" target="E3"/>
  <move id="560" source="F9" target="F8"/>
  <move id="561" source="E3" target="E4"/>
  <move id="562" source="F8" target="G8"/>
  <move id="563" source="E4" target="E5"/>
  <move id="564" source="G8" target="G7"/>
  <move id="565" source="E5" target="E6"/>
  <move id="566" source="G7" target="F7"/>
  <move id="567" source="E6" target="E7"/>
  <move id="568" source="F7" target="F6"/>
  <move id="569" source="G2" target="G3"/>
  <move id="570" source="F6" target="F5"/>
  <move id="571" source="G3" target="F3"/>
  <move id="572" source="I7" target="H7"/>
  <move id="573" source="F3" target="F4"/>
  <move id="574" source="F5" target="F6"/>
  <move id="575" source="F4" target="F5"/>
  <move id="576" source="H7" target="G7"/>
  <move id="577" source="E7" target="E8"/>
  <move id="578" source="F6" target="F7"/>
  <move id="579" source="F5" target="E5"/>
  <move id="580" source="G7" target="G8"/>
  <move id="581" source="K8" target="K7"/>
  <move id="582" source="G8" target="F8"/>
  <move id="583" source="E8" target="E9"/>
  <move id="584" source="F8" target="E8"/>
  <move id="585" source="E9" target="D9"/>
  <player id="1">Player 1</player>
  <player id="2">Player 2</player>
  <result type="3" winner="1"/>
 </game>
</stratego>