<?xml version="1.0" encoding="UTF-8"?>
<stratego>
 <game type="classic">
  
  <field content="FBMBHEDDGBEIBIEEGDFIBFKCLJGDGFHDBJHHDEDDAA__AA__AAAA__AA__AAPTXQRPVPSPSNNVPTOWPRPUQUTRUNNTNQRSQNYSPQ"/>
  <move id="1" source="K4" target="K7"/>
  <move id="2" source="F7" target="F4"/>
  <move id="3" source="I4" target="I7"/>
  <move id="4" source="F8" target="F7"/>
  <move id="5" source="I3" target="I4"/>
  <move id="6" source="I7" target="K7"/>
  <move id="7" source="I4" target="K4"/>
  <move id="8" source="H7" target="I7"/>
  <move id="9" source="K4" target="K5"/>
  <move id="10" source="I7" target="I6"/>
  <move id="11" source="K5" target="K6"/>
  <move id="12" source="K7" target="I7"/>
  <move id="13" source="K6" target="I6"/>
  <move id="14" source="F7" target="F6"/>
  <move id="15" source="I6" target="I7"/>
  <move id="16" source="F6" target="F5"/>
  <move id="17" source="H3" target="I3"/>
  <move id="18" source="F5" target="F4"/>
  <move id="19" source="G4" target="F4"/>
  <move id="20" source="E8" target="F8"/>
  <move id="21" source="G3" target="G4"/>
  <move id="22" source="A7" target="A4"/>
  <move id="23" source="I3" target="I8"/>
  <move id="24" source="B7" target="A7"/>
  <move id="25" source="K3" target="K4"/>
  <move id="26" source="K8" target="K7"/>
  <move id="27" source="K4" target="K5"/>
  <move id="28" source="K7" target="I7"/>
  <move id="29" source="K5" target="I5"/>
  <move id="30" source="I7" target="I8"/>
  <move id="31" source="I5" target="I6"/>
  <move id="32" source="G7" target="H7"/>
  <move id="33" source="I6" target="I7"/>
  <move id="34" source="A7" target="A6"/>
  <move id="35" source="I7" target="H7"/>
  <move id="36" source="A6" target="A5"/>
  <move id="37" source="H4" target="I4"/>
  <move id="38" source="A5" target="A4"/>
  <move id="39" source="B4" target="A4"/>
  <move id="40" source="A8" target="A7"/>
  <move id="41" source="F4" target="F8"/>
  <move id="42" source="A7" target="A6"/>
  <move id="43" source="G4" target="F4"/>
  <move id="44" source="A6" target="A5"/>
  <move id="45" source="F4" target="F5"/>
  <move id="46" source="A5" target="A4"/>
  <move id="47" source="F5" target="F6"/>
  <move id="48" source="E7" target="F7"/>
  <move id="49" source="F6" target="F7"/>
  <move id="50" source="E9" target="E8"/>
  <move id="51" source="F7" target="F6"/>
  <move id="52" source="A4" target="A3"/>
  <move id="53" source="F6" target="F5"/>
  <move id="54" source="A9" target="A8"/>
  <move id="55" source="F5" target="F4"/>
  <move id="56" source="A8" target="A7"/>
  <move id="57" source="F4" target="G4"/>
  <move id="58" source="A7" target="A6"/>
  <move id="59" source="F3" target="G3"/>
  <move id="60" source="A6" target="A5"/>
  <move id="61" source="G4" target="H4"/>
  <move id="62" source="A5" target="A4"/>
  <move id="63" source="G3" target="H3"/>
  <move id="64" source="A4" target="C4"/>
  <move id="65" source="I4" target="K4"/>
  <move id="66" source="I8" target="I7"/>
  <move id="67" source="H3" target="I3"/>
  <move id="68" source="H8" target="I8"/>
  <move id="69" source="K4" target="K5"/>
  <move id="70" source="G8" target="G7"/>
  <move id="71" source="I3" target="I4"/>
  <move id="72" source="H7" target="H8"/>
  <move id="73" source="I4" target="I5"/>
  <move id="74" source="G7" target="H7"/>
  <move id="75" source="H2" target="H3"/>
  <move id="76" source="E8" target="E7"/>
  <move id="77" source="H3" target="G3"/>
  <move id="78" source="E7" target="F7"/>
  <move id="79" source="G3" target="F3"/>
  <move id="80" source="D7" target="E7"/>
  <move id="81" source="F3" target="F4"/>
  <move id="82" source="E7" target="E8"/>
  <move id="83" source="E4" target="E5"/>
  <move id="84" source="C7" target="D7"/>
  <move id="85" source="E5" target="E6"/>
  <move id="86" source="D7" target="E7"/>
  <move id="87" source="E6" target="F6"/>
  <move id="88" source="D8" target="D7"/>
  <move id="89" source="F4" target="E4"/>
  <move id="90" source="D7" target="C7"/>
  <move id="91" source="E4" target="E7"/>
  <move id="92" source="C7" target="B7"/>
  <move id="93" source="K5" target="K6"/>
  <move id="94" source="B7" target="B6"/>
  <move id="95" source="K6" target="I6"/>
  <move id="96" source="K9" target="K8"/>
  <move id="97" source="I5" target="K5"/>
  <move id="98" source="K8" target="K7"/>
  <move id="99" source="K5" target="K6"/>
  <move id="100" source="B6" target="B5"/>
  <move id="101" source="I6" target="I7"/>
  <move id="102" source="B5" target="B4"/>
  <move id="103" source="B3" target="B4"/>
  <move id="104" source="B4" target="B5"/>
  <move id="105" source="K6" target="K7"/>
  <move id="106" source="I7" target="I6"/>
  <move id="107" source="E3" target="E4"/>
  <move id="108" source="I6" target="I5"/>
  <move id="109" source="E4" target="E5"/>
  <move id="110" source="I5" target="I4"/>
  <move id="111" source="H4" target="I4"/>
  <move id="112" source="H7" target="I7"/>
  <move id="113" source="K7" target="K8"/>
  <move id="114" source="I8" target="K8"/>
  <move id="115" source="C3" target="B3"/>
  <move id="116" source="B5" target="A5"/>
  <move id="117" source="B3" target="B4"/>
  <move id="118" source="I7" target="H7"/>
  <move id="119" source="D3" target="C3"/>
  <move id="120" source="A5" target="A6"/>
  <move id="121" source="B4" target="B5"/>
  <move id="122" source="F7" target="F6"/>
  <move id="123" source="B5" target="B6"/>
  <move id="124" source="A6" target="A7"/>
  <move id="125" source="B6" target="B7"/>
  <move id="126" source="A7" target="A6"/>
  <move id="127" source="B7" target="B6"/>
  <move id="128" source="A6" target="A5"/>
  <move id="129" source="C3" target="B3"/>
  <move id="130" source="E7" target="D7"/>
  <move id="131" source="B3" target="B4"/>
  <move id="132" source="D7" target="C7"/>
  <move id="133" source="B6" target="A6"/>
  <move id="134" source="A5" target="A6"/>
  <move id="135" source="B4" target="B3"/>
  <move id="136" source="C7" target="B7"/>
  <move id="137" source="B3" target="C3"/>
  <move id="138" source="B7" target="B6"/>
  <move id="139" source="A6" target="A7"/>
  <move id="140" source="H7" target="G7"/>
  <move id="141" source="E5" target="E6"/>
  <move id="142" source="G7" target="G8"/>
  <move id="143" source="D4" target="E4"/>
  <move id="144" source="K8" target="K7"/>
  <move id="145" source="E4" target="F4"/>
  <move id="146" source="K7" target="I7"/>
  <move id="147" source="F4" target="F5"/>
  <move id="148" source="E8" target="F8"/>
  <move id="149" source="F5" target="F6"/>
  <move id="150" source="F8" target="F7"/>
  <move id="151" source="F6" target="F7"/>
  <move id="152" source="H8" target="H7"/>
  <move id="153" source="F7" target="F8"/>
  <move id="154" source="G8" target="H8"/>
  <move id="155" source="F8" target="G8"/>
  <move id="156" source="H8" target="I8"/>
  <move id="157" source="G8" target="F8"/>
  <move id="158" source="H7" target="G7"/>
  <move id="159" source="F8" target="E8"/>
  <move id="160" source="I7" target="H7"/>
  <move id="161" source="E8" target="D8"/>
  <move id="162" source="H7" target="H8"/>
  <move id="163" source="H1" target="H4"/>
  <move id="164" source="H8" target="H7"/>
  <move id="165" source="H4" target="F4"/>
  <move id="166" source="H7" target="H8"/>
  <move id="167" source="F4" target="F8"/>
  <move id="168" source="F9" target="F8"/>
  <move id="169" source="D8" target="E8"/>
  <move id="170" source="H8" target="G8"/>
  <move id="171" source="E8" target="F8"/>
  <move id="172" source="G8" target="F8"/>
  <move id="173" source="C3" target="D3"/>
  <move id="174" source="I8" target="H8"/>
  <move id="175" source="D3" target="E3"/>
  <move id="176" source="H8" target="G8"/>
  <move id="177" source="E3" target="F3"/>
  <move id="178" source="F8" target="E8"/>
  <move id="179" source="E6" target="F6"/>
  <move id="180" source="G8" target="F8"/>
  <move id="181" source="F3" target="F4"/>
  <move id="182" source="G7" target="F7"/>
  <move id="183" source="F6" target="F5"/>
  <move id="184" source="F7" target="F6"/>
  <move id="185" source="F5" target="E5"/>
  <move id="186" source="F6" target="E6"/>
  <move id="187" source="E5" target="E4"/>
  <move id="188" source="E6" target="E5"/>
  <move id="189" source="E4" target="E3"/>
  <move id="190" source="E8" target="E7"/>
  <move id="191" source="E3" target="F3"/>
  <move id="192" source="E7" target="D7"/>
  <move id="193" source="D2" target="D3"/>
  <move id="194" source="D7" target="C7"/>
  <move id="195" source="D3" target="D4"/>
  <move id="196" source="C7" target="B7"/>
  <move id="197" source="A7" target="A8"/>
  <move id="198" source="B7" target="A7"/>
  <move id="199" source="A8" target="A7"/>
  <move id="200" source="B6" target="B7"/>
  <move id="201" source="D4" target="E4"/>
  <move id="202" source="B7" target="C7"/>
  <move id="203" source="E4" target="E5"/>
  <move id="204" source="C7" target="D7"/>
  <move id="205" source="F3" target="G3"/>
  <move id="206" source="D7" target="E7"/>
  <move id="207" source="G3" target="H3"/>
  <move id="208" source="E7" target="F7"/>
  <move id="209" source="I4" target="K4"/>
  <move id="210" source="E5" target="E4"/>
  <move id="211" source="F4" target="F3"/>
  <move id="212" source="E4" target="E3"/>
  <move id="213" source="F3" target="F4"/>
  <move id="214" source="E3" target="E4"/>
  <move id="215" source="F4" target="G4"/>
  <move id="216" source="E4" target="F4"/>
  <move id="217" source="G4" target="H4"/>
  <move id="218" source="F4" target="G4"/>
  <move id="219" source="H4" target="I4"/>
  <move id="220" source="G4" target="H4"/>
  <move id="221" source="H3" target="H4"/>
  <move id="222" source="F7" target="G7"/>
  <move id="223" source="G2" target="H2"/>
  <move id="224" source="G9" target="G8"/>
  <move id="225" source="G1" target="G2"/>
  <move id="226" source="G7" target="H7"/>
  <move id="227" source="G2" target="G3"/>
  <move id="228" source="H7" target="G7"/>
  <move id="229" source="H2" target="H3"/>
  <move id="230" source="G7" target="F7"/>
  <move id="231" source="H3" target="I3"/>
  <move id="232" source="G8" target="G7"/>
  <move id="233" source="K4" target="K5"/>
  <move id="234" source="G7" target="G8"/>
  <move id="235" source="I4" target="I5"/>
  <move id="236" source="F7" target="G7"/>
  <move id="237" source="I3" target="I4"/>
  <move id="238" source="G7" target="H7"/>
  <move id="239" source="G3" target="F3"/>
  <move id="240" source="G8" target="H8"/>
  <move id="241" source="F3" target="F8"/>
  <move id="242" source="H8" target="I8"/>
  <move id="243" source="F8" target="I8"/>
  <move id="244" source="I8" target="I7"/>
  <move id="245" source="I4" target="I3"/>
  <move id="246" source="I7" target="I6"/>
  <move id="247" source="H4" target="I4"/>
  <move id="248" source="I6" target="K6"/>
  <move id="249" source="I4" target="K4"/>
  <move id="250" source="H7" target="I7"/>
  <move id="251" source="I5" target="I4"/>
  <move id="252" source="I7" target="I6"/>
  <move id="253" source="I3" target="H3"/>
  <move id="254" source="I6" target="I5"/>
  <move id="255" source="I4" target="I5"/>
  <move id="256" source="D9" target="D8"/>
  <move id="257" source="I5" target="I6"/>
  <move id="258" source="D8" target="E8"/>
  <move id="259" source="I6" target="I7"/>
  <move id="260" source="E8" target="E7"/>
  <move id="261" source="I7" target="I8"/>
  <move id="262" source="E7" target="E6"/>
  <move id="263" source="I8" target="I9"/>
  <move id="264" source="E6" target="E5"/>
  <move id="265" source="K5" target="I5"/>
  <move id="266" source="K6" target="I6"/>
  <move id="267" source="I5" target="I4"/>
  <move id="268" source="I6" target="I5"/>
  <move id="269" source="I4" target="I3"/>
  <move id="270" source="E5" target="E4"/>
  <move id="271" source="K4" target="I4"/>
  <move id="272" source="I5" target="K5"/>
  <move id="273" source="K2" target="K3"/>
  <move id="274" source="E4" target="E3"/>
  <move id="275" source="I4" target="I5"/>
  <move id="276" source="E3" target="F3"/>
  <move id="277" source="I5" target="K5"/>
  <move id="278" source="F3" target="G3"/>
  <move id="279" source="H3" target="H2"/>
  <move id="280" source="G3" target="G2"/>
  <move id="281" source="H2" target="H1"/>
  <move id="282" source="G2" target="G1"/>
  <move id="283" source="H1" target="H2"/>
  <move id="284" source="G1" target="F1"/>
  <move id="285" source="H2" target="H3"/>
  <move id="286" source="F1" target="E1"/>
  <move id="287" source="H3" target="H4"/>
  <move id="288" source="E1" target="D1"/>
  <move id="289" source="H4" target="G4"/>
  <move id="290" source="B9" target="A9"/>
  <move id="291" source="I3" target="I4"/>
  <move id="292" source="A9" target="A8"/>
  <move id="293" source="K3" target="I3"/>
  <move id="294" source="A8" target="A7"/>
  <move id="295" source="I3" target="H3"/>
  <move id="296" source="A7" target="A6"/>
  <move id="297" source="H3" target="G3"/>
  <move id="298" source="A6" target="A5"/>
  <move id="299" source="G3" target="F3"/>
  <move id="300" source="A5" target="A4"/>
  <move id="301" source="F3" target="E3"/>
  <player id="1">Player 1</player>
  <player id="2">Player 2</player>
  <result type="3" winner="1"/>
 </game>
</stratego>