<?xml version="1.0" encoding="UTF-8"?>
<stratego>
 <game type="classic">
  
  <field content="FBEBMBGBFDBIHEEJCHBGFJEKHIEDFDDGLDGDIDDHAA__AA__AAAA__AA__AANUPXUPPPSPRNONPQTSWSPRVTQNTVSQRNYNPURQQT"/>
  <move id="1" source="B4" target="B5"/>
  <move id="2" source="B7" target="B6"/>
  <move id="3" source="B5" target="B6"/>
  <move id="4" source="B6" target="A6"/>
  <move id="5" source="A4" target="B4"/>
  <move id="6" source="C7" target="B7"/>
  <move id="7" source="B4" target="B7"/>
  <move id="8" source="A6" target="B6"/>
  <move id="9" source="A3" target="A4"/>
  <move id="10" source="B6" target="B7"/>
  <move id="11" source="B3" target="B4"/>
  <move id="12" source="B7" target="C7"/>
  <move id="13" source="B4" target="B5"/>
  <move id="14" source="F7" target="F4"/>
  <move id="15" source="B5" target="B6"/>
  <move id="16" source="G7" target="F7"/>
  <move id="17" source="B6" target="B7"/>
  <move id="18" source="F7" target="F3"/>
  <move id="19" source="A4" target="A5"/>
  <move id="20" source="I7" target="I6"/>
  <move id="21" source="A5" target="A6"/>
  <move id="22" source="C7" target="B7"/>
  <move id="23" source="B7" target="B6"/>
  <move id="24" source="D7" target="C7"/>
  <move id="25" source="B6" target="B5"/>
  <move id="26" source="C7" target="B7"/>
  <move id="27" source="B5" target="B4"/>
  <move id="28" source="B7" target="B6"/>
  <move id="29" source="A6" target="B6"/>
  <move id="30" source="B6" target="B5"/>
  <move id="31" source="B4" target="B3"/>
  <move id="32" source="B5" target="B4"/>
  <move id="33" source="C4" target="B4"/>
  <move id="34" source="I8" target="I7"/>
  <move id="35" source="D4" target="C4"/>
  <move id="36" source="E7" target="E6"/>
  <move id="37" source="C4" target="B4"/>
  <move id="38" source="H7" target="B7"/>
  <move id="39" source="B4" target="B5"/>
  <move id="40" source="I7" target="H7"/>
  <move id="41" source="D3" target="D4"/>
  <move id="42" source="H7" target="G7"/>
  <move id="43" source="D4" target="C4"/>
  <move id="44" source="G7" target="F7"/>
  <move id="45" source="C4" target="B4"/>
  <move id="46" source="F7" target="F6"/>
  <move id="47" source="B5" target="B6"/>
  <move id="48" source="F6" target="F5"/>
  <move id="49" source="B4" target="B5"/>
  <move id="50" source="F5" target="F4"/>
  <move id="51" source="E4" target="E5"/>
  <move id="52" source="F4" target="F3"/>
  <move id="53" source="E5" target="E6"/>
  <move id="54" source="F3" target="F4"/>
  <move id="55" source="B6" target="A6"/>
  <move id="56" source="F4" target="F5"/>
  <move id="57" source="B5" target="B6"/>
  <move id="58" source="F5" target="F6"/>
  <move id="59" source="B6" target="B7"/>
  <move id="60" source="F6" target="F7"/>
  <move id="61" source="B7" target="C7"/>
  <move id="62" source="F7" target="E7"/>
  <move id="63" source="A6" target="B6"/>
  <move id="64" source="E7" target="D7"/>
  <move id="65" source="B6" target="B8"/>
  <move id="66" source="D7" target="C7"/>
  <move id="67" source="B3" target="B4"/>
  <move id="68" source="C8" target="C7"/>
  <move id="69" source="B4" target="B5"/>
  <move id="70" source="C9" target="C8"/>
  <move id="71" source="B5" target="B6"/>
  <move id="72" source="C7" target="D7"/>
  <move id="73" source="B6" target="B7"/>
  <move id="74" source="D7" target="E7"/>
  <move id="75" source="B7" target="C7"/>
  <move id="76" source="C8" target="C7"/>
  <move id="77" source="F2" target="F3"/>
  <move id="78" source="H8" target="I8"/>
  <move id="79" source="F3" target="F4"/>
  <move id="80" source="H9" target="H8"/>
  <move id="81" source="F4" target="E4"/>
  <move id="82" source="E6" target="F6"/>
  <move id="83" source="E4" target="E5"/>
  <move id="84" source="F6" target="F7"/>
  <move id="85" source="E5" target="E6"/>
  <move id="86" source="F7" target="G7"/>
  <move id="87" source="E6" target="E7"/>
  <move id="88" source="G7" target="H7"/>
  <move id="89" source="G4" target="F4"/>
  <move id="90" source="H7" target="I7"/>
  <move id="91" source="F4" target="E4"/>
  <move id="92" source="H8" target="H7"/>
  <move id="93" source="E7" target="E8"/>
  <move id="94" source="F8" target="F7"/>
  <move id="95" source="E8" target="F8"/>
  <move id="96" source="F7" target="F6"/>
  <move id="97" source="E4" target="D4"/>
  <move id="98" source="H7" target="G7"/>
  <move id="99" source="H4" target="E4"/>
  <move id="100" source="F6" target="E6"/>
  <move id="101" source="E4" target="F4"/>
  <move id="102" source="G7" target="F7"/>
  <move id="103" source="F8" target="G8"/>
  <move id="104" source="F7" target="F6"/>
  <move id="105" source="G8" target="G7"/>
  <move id="106" source="I6" target="K6"/>
  <move id="107" source="G7" target="H7"/>
  <move id="108" source="I7" target="I6"/>
  <move id="109" source="H7" target="I7"/>
  <move id="110" source="I6" target="I5"/>
  <move id="111" source="I7" target="I6"/>
  <move id="112" source="I5" target="I4"/>
  <move id="113" source="I6" target="K6"/>
  <move id="114" source="I4" target="I3"/>
  <move id="115" source="K6" target="K5"/>
  <move id="116" source="I3" target="H3"/>
  <move id="117" source="F4" target="I4"/>
  <move id="118" source="K7" target="I7"/>
  <move id="119" source="K5" target="I5"/>
  <move id="120" source="F6" target="F5"/>
  <move id="121" source="I5" target="I6"/>
  <move id="122" source="I7" target="B7"/>
  <move id="123" source="D4" target="C4"/>
  <move id="124" source="F5" target="F4"/>
  <move id="125" source="C4" target="B4"/>
  <move id="126" source="F4" target="G4"/>
  <move id="127" source="I6" target="I7"/>
  <move id="128" source="B7" target="F7"/>
  <move id="129" source="I4" target="I5"/>
  <move id="130" source="F7" target="F1"/>
  <move id="131" source="I5" target="K5"/>
  <move id="132" source="E6" target="E5"/>
  <move id="133" source="K5" target="K8"/>
  <move id="134" source="E5" target="E4"/>
  <move id="135" source="I7" target="K7"/>
  <move id="136" source="E4" target="F4"/>
  <move id="137" source="K7" target="K8"/>
  <move id="138" source="F4" target="F3"/>
  <move id="139" source="K8" target="K7"/>
  <move id="140" source="F3" target="F2"/>
  <move id="141" source="K7" target="I7"/>
  <move id="142" source="G4" target="F4"/>
  <move id="143" source="K4" target="I4"/>
  <move id="144" source="F2" target="F1"/>
  <move id="145" source="G1" target="F1"/>
  <move id="146" source="F4" target="F3"/>
  <move id="147" source="F1" target="G1"/>
  <move id="148" source="F3" target="F2"/>
  <move id="149" source="K3" target="K9"/>
  <move id="150" source="F2" target="F1"/>
  <move id="151" source="I7" target="K7"/>
  <move id="152" source="F1" target="G1"/>
  <move id="153" source="K7" target="K8"/>
  <move id="154" source="G1" target="F1"/>
  <move id="155" source="K8" target="K9"/>
  <move id="156" source="F1" target="E1"/>
  <player id="1">Player 1</player>
  <player id="2">Player 2</player>
  <result type="1" winner="2"/>
 </game>
</stratego>