<?xml version="1.0" encoding="UTF-8"?>
<stratego>
 <game type="classic">
  
  <field content="DFEHEEEGBMDDHIEHFBFBDHCIJGIJBFBDKGGDDLDBAA__AA__AAAA__AA__AATNRPSPQURUNNSPPUPNXORPPRSQVSWVPQNQTQTYTN"/>
  <move id="1" source="I4" target="I5"/>
  <move id="2" source="F7" target="F6"/>
  <move id="3" source="B4" target="B5"/>
  <move id="4" source="F8" target="F7"/>
  <move id="5" source="I5" target="K5"/>
  <move id="6" source="F6" target="F5"/>
  <move id="7" source="B5" target="A5"/>
  <move id="8" source="F7" target="F6"/>
  <move id="9" source="K5" target="K7"/>
  <move id="10" source="I7" target="I6"/>
  <move id="11" source="A5" target="A7"/>
  <move id="12" source="A7" target="A6"/>
  <move id="13" source="H4" target="I4"/>
  <move id="14" source="K7" target="K6"/>
  <move id="15" source="I4" target="I5"/>
  <move id="16" source="I6" target="I7"/>
  <move id="17" source="I5" target="I6"/>
  <move id="18" source="K6" target="I6"/>
  <move id="19" source="G4" target="I4"/>
  <move id="20" source="I7" target="K7"/>
  <move id="21" source="I6" target="K6"/>
  <move id="22" source="G7" target="F7"/>
  <move id="23" source="K6" target="K5"/>
  <move id="24" source="H7" target="I7"/>
  <move id="25" source="I4" target="I6"/>
  <move id="26" source="F5" target="E5"/>
  <move id="27" source="K5" target="I5"/>
  <move id="28" source="F6" target="E6"/>
  <move id="29" source="F4" target="H4"/>
  <move id="30" source="E5" target="F5"/>
  <move id="31" source="E4" target="F4"/>
  <move id="32" source="F5" target="E5"/>
  <move id="33" source="D4" target="E4"/>
  <move id="34" source="F7" target="F8"/>
  <move id="35" source="C4" target="D4"/>
  <move id="36" source="G8" target="G7"/>
  <move id="37" source="F4" target="G4"/>
  <move id="38" source="G7" target="H7"/>
  <move id="39" source="C3" target="C4"/>
  <move id="40" source="G9" target="G8"/>
  <move id="41" source="E4" target="F4"/>
  <move id="42" source="G8" target="G7"/>
  <move id="43" source="D4" target="E4"/>
  <move id="44" source="E6" target="F6"/>
  <move id="45" source="C4" target="D4"/>
  <move id="46" source="E7" target="E6"/>
  <move id="47" source="D3" target="C3"/>
  <move id="48" source="G7" target="F7"/>
  <move id="49" source="C3" target="C4"/>
  <move id="50" source="F7" target="E7"/>
  <move id="51" source="E3" target="D3"/>
  <move id="52" source="E5" target="E4"/>
  <move id="53" source="D3" target="C3"/>
  <move id="54" source="E6" target="E5"/>
  <move id="55" source="C4" target="B4"/>
  <move id="56" source="F6" target="E6"/>
  <move id="57" source="C3" target="D3"/>
  <move id="58" source="H7" target="G7"/>
  <move id="59" source="B4" target="B5"/>
  <move id="60" source="G7" target="G9"/>
  <move id="61" source="D3" target="C3"/>
  <move id="62" source="K7" target="K6"/>
  <move id="63" source="F4" target="F5"/>
  <move id="64" source="K6" target="I6"/>
  <move id="65" source="I5" target="I6"/>
  <move id="66" source="I7" target="K7"/>
  <move id="67" source="I6" target="I5"/>
  <move id="68" source="I8" target="I7"/>
  <move id="69" source="I5" target="K5"/>
  <move id="70" source="I7" target="H7"/>
  <move id="71" source="H4" target="I4"/>
  <move id="72" source="H7" target="G7"/>
  <move id="73" source="I4" target="I6"/>
  <move id="74" source="E6" target="F6"/>
  <move id="75" source="F5" target="E5"/>
  <move id="76" source="F6" target="F5"/>
  <move id="77" source="G4" target="F4"/>
  <move id="78" source="G7" target="F7"/>
  <move id="79" source="F4" target="F5"/>
  <move id="80" source="F7" target="F6"/>
  <move id="81" source="H3" target="H4"/>
  <move id="82" source="F6" target="E6"/>
  <move id="83" source="H4" target="G4"/>
  <move id="84" source="F5" target="F6"/>
  <move id="85" source="G4" target="F4"/>
  <move id="86" source="E6" target="E5"/>
  <move id="87" source="F4" target="G4"/>
  <move id="88" source="F6" target="E6"/>
  <move id="89" source="C3" target="C4"/>
  <move id="90" source="K7" target="I7"/>
  <move id="91" source="K5" target="I5"/>
  <move id="92" source="I9" target="I8"/>
  <move id="93" source="B5" target="A5"/>
  <move id="94" source="I7" target="K7"/>
  <move id="95" source="A5" target="A6"/>
  <move id="96" source="G9" target="G8"/>
  <move id="97" source="F3" target="F4"/>
  <move id="98" source="G8" target="G7"/>
  <move id="99" source="F4" target="F5"/>
  <move id="100" source="G7" target="I7"/>
  <move id="101" source="I6" target="K6"/>
  <move id="102" source="K7" target="K6"/>
  <move id="103" source="I5" target="I6"/>
  <move id="104" source="K6" target="K7"/>
  <move id="105" source="G4" target="H4"/>
  <move id="106" source="K9" target="I9"/>
  <move id="107" source="H4" target="I4"/>
  <move id="108" source="H9" target="G9"/>
  <move id="109" source="I4" target="I5"/>
  <move id="110" source="G9" target="G8"/>
  <move id="111" source="I6" target="K6"/>
  <move id="112" source="I7" target="I5"/>
  <move id="113" source="I5" target="I6"/>
  <move id="114" source="G8" target="G7"/>
  <move id="115" source="I6" target="I7"/>
  <move id="116" source="I8" target="I7"/>
  <move id="117" source="K6" target="I6"/>
  <move id="118" source="I7" target="I8"/>
  <move id="119" source="I6" target="I7"/>
  <move id="120" source="K7" target="K6"/>
  <move id="121" source="C4" target="C3"/>
  <move id="122" source="G7" target="F7"/>
  <move id="123" source="C3" target="D3"/>
  <move id="124" source="F7" target="F6"/>
  <move id="125" source="D3" target="E3"/>
  <move id="126" source="I9" target="K9"/>
  <move id="127" source="E3" target="F3"/>
  <move id="128" source="I8" target="I9"/>
  <move id="129" source="F3" target="F4"/>
  <move id="130" source="I9" target="H9"/>
  <move id="131" source="F4" target="G4"/>
  <move id="132" source="H9" target="G9"/>
  <move id="133" source="G4" target="H4"/>
  <move id="134" source="G9" target="G8"/>
  <move id="135" source="H4" target="I4"/>
  <move id="136" source="G8" target="G7"/>
  <move id="137" source="I4" target="I5"/>
  <move id="138" source="F6" target="F5"/>
  <move id="139" source="I5" target="K5"/>
  <move id="140" source="K6" target="K7"/>
  <move id="141" source="K5" target="K6"/>
  <move id="142" source="K9" target="I9"/>
  <move id="143" source="K6" target="K7"/>
  <move id="144" source="G7" target="F7"/>
  <move id="145" source="K7" target="K6"/>
  <move id="146" source="F7" target="F6"/>
  <move id="147" source="I7" target="I6"/>
  <move id="148" source="F6" target="F5"/>
  <move id="149" source="I6" target="I5"/>
  <move id="150" source="E5" target="E4"/>
  <move id="151" source="D4" target="E4"/>
  <move id="152" source="F5" target="F4"/>
  <move id="153" source="I5" target="I4"/>
  <move id="154" source="F4" target="F3"/>
  <move id="155" source="I4" target="H4"/>
  <move id="156" source="F3" target="E3"/>
  <move id="157" source="E4" target="E3"/>
  <move id="158" source="E7" target="F7"/>
  <move id="159" source="H4" target="G4"/>
  <move id="160" source="E6" target="F6"/>
  <move id="161" source="G4" target="F4"/>
  <move id="162" source="E3" target="D3"/>
  <move id="163" source="F4" target="E4"/>
  <move id="164" source="F7" target="G7"/>
  <move id="165" source="K6" target="I6"/>
  <move id="166" source="G7" target="H7"/>
  <move id="167" source="F2" target="F3"/>
  <move id="168" source="F6" target="F7"/>
  <move id="169" source="G3" target="H3"/>
  <move id="170" source="E8" target="E7"/>
  <move id="171" source="F3" target="F4"/>
  <move id="172" source="E7" target="E6"/>
  <move id="173" source="F4" target="F5"/>
  <move id="174" source="F7" target="G7"/>
  <move id="175" source="G2" target="G3"/>
  <move id="176" source="G7" target="G8"/>
  <move id="177" source="G3" target="F3"/>
  <move id="178" source="H7" target="G7"/>
  <move id="179" source="F5" target="E5"/>
  <move id="180" source="E6" target="F6"/>
  <move id="181" source="F3" target="F4"/>
  <move id="182" source="G7" target="F7"/>
  <move id="183" source="I6" target="I5"/>
  <move id="184" source="F7" target="E7"/>
  <move id="185" source="I5" target="I4"/>
  <move id="186" source="F6" target="F7"/>
  <move id="187" source="I4" target="H4"/>
  <move id="188" source="E7" target="E6"/>
  <move id="189" source="H4" target="G4"/>
  <move id="190" source="E6" target="F6"/>
  <move id="191" source="F4" target="F3"/>
  <move id="192" source="F7" target="K7"/>
  <move id="193" source="G4" target="F4"/>
  <move id="194" source="F6" target="E6"/>
  <move id="195" source="F4" target="F5"/>
  <move id="196" source="I9" target="I8"/>
  <move id="197" source="F5" target="F6"/>
  <move id="198" source="E6" target="E7"/>
  <move id="199" source="F6" target="F7"/>
  <move id="200" source="E7" target="E6"/>
  <move id="201" source="F7" target="F6"/>
  <move id="202" source="E6" target="E7"/>
  <move id="203" source="F3" target="F4"/>
  <move id="204" source="I8" target="I7"/>
  <move id="205" source="F4" target="F3"/>
  <move id="206" source="I7" target="I6"/>
  <move id="207" source="F6" target="F5"/>
  <move id="208" source="I6" target="I5"/>
  <move id="209" source="F5" target="F4"/>
  <move id="210" source="I5" target="I4"/>
  <move id="211" source="F4" target="G4"/>
  <move id="212" source="I4" target="I5"/>
  <move id="213" source="F3" target="F4"/>
  <move id="214" source="K7" target="I7"/>
  <move id="215" source="F4" target="F5"/>
  <move id="216" source="I5" target="K5"/>
  <move id="217" source="H3" target="G3"/>
  <move id="218" source="I7" target="I3"/>
  <move id="219" source="F5" target="F6"/>
  <move id="220" source="K5" target="I5"/>
  <move id="221" source="G3" target="F3"/>
  <move id="222" source="I5" target="I6"/>
  <move id="223" source="F6" target="F7"/>
  <move id="224" source="E7" target="F7"/>
  <move id="225" source="A6" target="A5"/>
  <move id="226" source="D3" target="D2"/>
  <move id="227" source="E4" target="E3"/>
  <move id="228" source="F7" target="F6"/>
  <move id="229" source="G4" target="F4"/>
  <move id="230" source="F6" target="E6"/>
  <move id="231" source="E5" target="F5"/>
  <move id="232" source="E6" target="F6"/>
  <move id="233" source="F4" target="E4"/>
  <move id="234" source="F6" target="F5"/>
  <move id="235" source="E4" target="D4"/>
  <move id="236" source="F5" target="F4"/>
  <move id="237" source="B3" target="B4"/>
  <move id="238" source="D2" target="C2"/>
  <move id="239" source="F3" target="G3"/>
  <move id="240" source="C2" target="C3"/>
  <move id="241" source="E3" target="D3"/>
  <move id="242" source="C3" target="C4"/>
  <move id="243" source="D4" target="E4"/>
  <move id="244" source="F4" target="E4"/>
  <move id="245" source="B4" target="B3"/>
  <move id="246" source="C4" target="B4"/>
  <move id="247" source="D3" target="C3"/>
  <move id="248" source="B4" target="B5"/>
  <move id="249" source="A5" target="A6"/>
  <move id="250" source="B5" target="B6"/>
  <move id="251" source="A6" target="A7"/>
  <move id="252" source="B6" target="A6"/>
  <move id="253" source="A7" target="B7"/>
  <move id="254" source="A6" target="A5"/>
  <move id="255" source="C3" target="C4"/>
  <move id="256" source="A5" target="A6"/>
  <move id="257" source="C4" target="B4"/>
  <move id="258" source="I6" target="I5"/>
  <move id="259" source="B4" target="B5"/>
  <move id="260" source="I5" target="I4"/>
  <move id="261" source="B5" target="A5"/>
  <move id="262" source="A6" target="B6"/>
  <move id="263" source="B2" target="D2"/>
  <move id="264" source="I4" target="H4"/>
  <move id="265" source="D2" target="D4"/>
  <move id="266" source="F8" target="F7"/>
  <move id="267" source="D4" target="E4"/>
  <move id="268" source="F7" target="G7"/>
  <move id="269" source="E4" target="E7"/>
  <move id="270" source="G7" target="H7"/>
  <move id="271" source="E7" target="D7"/>
  <move id="272" source="H7" target="I7"/>
  <move id="273" source="A2" target="D2"/>
  <move id="274" source="I7" target="I6"/>
  <move id="275" source="D2" target="D4"/>
  <move id="276" source="I6" target="I5"/>
  <move id="277" source="D4" target="E4"/>
  <move id="278" source="H4" target="H3"/>
  <move id="279" source="G3" target="G4"/>
  <move id="280" source="I5" target="I4"/>
  <move id="281" source="G4" target="F4"/>
  <move id="282" source="I4" target="I3"/>
  <move id="283" source="K3" target="I3"/>
  <move id="284" source="H3" target="I3"/>
  <move id="285" source="E4" target="E7"/>
  <move id="286" source="I3" target="H3"/>
  <move id="287" source="E7" target="C7"/>
  <move id="288" source="D8" target="D7"/>
  <move id="289" source="F4" target="F5"/>
  <move id="290" source="D7" target="I7"/>
  <move id="291" source="F5" target="F6"/>
  <move id="292" source="C7" target="D7"/>
  <move id="293" source="F6" target="E6"/>
  <move id="294" source="D7" target="D8"/>
  <move id="295" source="E6" target="E7"/>
  <move id="296" source="I7" target="I2"/>
  <move id="297" source="B3" target="C3"/>
  <move id="298" source="H3" target="I3"/>
  <move id="299" source="C3" target="C4"/>
  <move id="300" source="I3" target="I2"/>
  <move id="301" source="C4" target="D4"/>
  <move id="302" source="I2" target="I3"/>
  <move id="303" source="D4" target="E4"/>
  <move id="304" source="I3" target="H3"/>
  <move id="305" source="E4" target="E5"/>
  <move id="306" source="H3" target="G3"/>
  <move id="307" source="E5" target="E6"/>
  <move id="308" source="G3" target="F3"/>
  <move id="309" source="E7" target="E8"/>
  <move id="310" source="F3" target="F4"/>
  <move id="311" source="E8" target="D8"/>
  <move id="312" source="F4" target="F5"/>
  <move id="313" source="G1" target="G2"/>
  <move id="314" source="F5" target="E5"/>
  <move id="315" source="E6" target="F6"/>
  <move id="316" source="G8" target="G7"/>
  <move id="317" source="F6" target="F7"/>
  <move id="318" source="G7" target="F7"/>
  <move id="319" source="D8" target="E8"/>
  <move id="320" source="E5" target="E6"/>
  <move id="321" source="E8" target="F8"/>
  <move id="322" source="F7" target="F6"/>
  <move id="323" source="F8" target="F7"/>
  <move id="324" source="F6" target="F5"/>
  <move id="325" source="F7" target="G7"/>
  <move id="326" source="F5" target="F4"/>
  <move id="327" source="G7" target="H7"/>
  <move id="328" source="F4" target="G4"/>
  <move id="329" source="H7" target="I7"/>
  <move id="330" source="G4" target="G3"/>
  <move id="331" source="G2" target="F2"/>
  <move id="332" source="G3" target="F3"/>
  <move id="333" source="I7" target="I6"/>
  <move id="334" source="F3" target="F2"/>
  <move id="335" source="I6" target="I5"/>
  <move id="336" source="E6" target="F6"/>
  <move id="337" source="I5" target="I4"/>
  <move id="338" source="F6" target="F5"/>
  <move id="339" source="I4" target="H4"/>
  <move id="340" source="F5" target="F4"/>
  <move id="341" source="A5" target="B5"/>
  <move id="342" source="B6" target="A6"/>
  <move id="343" source="H4" target="H3"/>
  <move id="344" source="F4" target="F3"/>
  <move id="345" source="H3" target="H4"/>
  <move id="346" source="F3" target="F4"/>
  <move id="347" source="H4" target="I4"/>
  <move id="348" source="F4" target="G4"/>
  <move id="349" source="I4" target="I5"/>
  <move id="350" source="F9" target="F8"/>
  <move id="351" source="I5" target="I6"/>
  <move id="352" source="F8" target="F7"/>
  <move id="353" source="I6" target="I7"/>
  <move id="354" source="F7" target="F6"/>
  <move id="355" source="I7" target="H7"/>
  <move id="356" source="F6" target="F5"/>
  <move id="357" source="H7" target="G7"/>
  <move id="358" source="F5" target="F4"/>
  <move id="359" source="G7" target="F7"/>
  <move id="360" source="G:" target="G9"/>
  <move id="361" source="F7" target="F6"/>
  <move id="362" source="F4" target="F3"/>
  <move id="363" source="F6" target="F5"/>
  <move id="364" source="F3" target="E3"/>
  <move id="365" source="F5" target="E5"/>
  <move id="366" source="G4" target="F4"/>
  <move id="367" source="B5" target="B4"/>
  <move id="368" source="E3" target="E2"/>
  <move id="369" source="B4" target="C4"/>
  <move id="370" source="F4" target="F5"/>
  <move id="371" source="E5" target="E4"/>
  <move id="372" source="F2" target="E2"/>
  <move id="373" source="C4" target="C3"/>
  <move id="374" source="A6" target="A5"/>
  <move id="375" source="E4" target="E3"/>
  <move id="376" source="E2" target="F2"/>
  <move id="377" source="E3" target="F3"/>
  <move id="378" source="F2" target="G2"/>
  <move id="379" source="C3" target="D3"/>
  <move id="380" source="A5" target="B5"/>
  <move id="381" source="D3" target="D2"/>
  <move id="382" source="B5" target="B4"/>
  <move id="383" source="D2" target="E2"/>
  <move id="384" source="B4" target="B3"/>
  <move id="385" source="E2" target="F2"/>
  <move id="386" source="G2" target="G3"/>
  <move id="387" source="F3" target="G3"/>
  <move id="388" source="F5" target="F6"/>
  <move id="389" source="F2" target="F3"/>
  <move id="390" source="B3" target="B2"/>
  <move id="391" source="F3" target="F4"/>
  <move id="392" source="F6" target="F7"/>
  <move id="393" source="F4" target="F5"/>
  <move id="394" source="F7" target="G7"/>
  <move id="395" source="F5" target="F6"/>
  <move id="396" source="G9" target="G8"/>
  <move id="397" source="E1" target="E2"/>
  <move id="398" source="B2" target="C2"/>
  <move id="399" source="E2" target="E3"/>
  <move id="400" source="D9" target="D8"/>
  <move id="401" source="E3" target="E4"/>
  <move id="402" source="D8" target="D7"/>
  <move id="403" source="E4" target="E5"/>
  <move id="404" source="D7" target="E7"/>
  <move id="405" source="A3" target="E3"/>
  <move id="406" source="G8" target="F8"/>
  <move id="407" source="E3" target="F3"/>
  <move id="408" source="C9" target="D9"/>
  <move id="409" source="F6" target="E6"/>
  <move id="410" source="E7" target="F7"/>
  <move id="411" source="E6" target="E7"/>
  <move id="412" source="F7" target="F6"/>
  <move id="413" source="E7" target="E6"/>
  <move id="414" source="F6" target="F7"/>
  <move id="415" source="E5" target="E4"/>
  <move id="416" source="D9" target="D8"/>
  <move id="417" source="E4" target="D4"/>
  <move id="418" source="F8" target="E8"/>
  <move id="419" source="F3" target="E3"/>
  <move id="420" source="D8" target="D7"/>
  <move id="421" source="D4" target="C4"/>
  <move id="422" source="E8" target="F8"/>
  <move id="423" source="E6" target="F6"/>
  <move id="424" source="F7" target="E7"/>
  <move id="425" source="E3" target="F3"/>
  <move id="426" source="C2" target="C3"/>
  <move id="427" source="C4" target="B4"/>
  <move id="428" source="C3" target="B3"/>
  <move id="429" source="B4" target="B5"/>
  <move id="430" source="B3" target="B4"/>
  <move id="431" source="B5" target="B6"/>
  <move id="432" source="B4" target="B5"/>
  <move id="433" source="B6" target="B7"/>
  <move id="434" source="B5" target="B6"/>
  <move id="435" source="B7" target="A7"/>
  <move id="436" source="B6" target="A6"/>
  <move id="437" source="A7" target="A8"/>
  <move id="438" source="A9" target="A8"/>
  <move id="439" source="F6" target="F5"/>
  <move id="440" source="A6" target="A5"/>
  <move id="441" source="F5" target="E5"/>
  <move id="442" source="A5" target="B5"/>
  <move id="443" source="E5" target="E4"/>
  <move id="444" source="F8" target="E8"/>
  <move id="445" source="F3" target="I3"/>
  <move id="446" source="B5" target="B4"/>
  <move id="447" source="I3" target="I7"/>
  <move id="448" source="B4" target="B3"/>
  <move id="449" source="I7" target="G7"/>
  <move id="450" source="B3" target="B2"/>
  <move id="451" source="E4" target="E3"/>
  <move id="452" source="B2" target="C2"/>
  <move id="453" source="E3" target="D3"/>
  <move id="454" source="D7" target="C7"/>
  <move id="455" source="D3" target="D2"/>
  <move id="456" source="C2" target="C3"/>
  <move id="457" source="D1" target="E1"/>
  <move id="458" source="E8" target="F8"/>
  <move id="459" source="E1" target="E2"/>
  <move id="460" source="F8" target="F7"/>
  <move id="461" source="E2" target="E3"/>
  <move id="462" source="F7" target="F6"/>
  <move id="463" source="E3" target="E4"/>
  <move id="464" source="F6" target="F5"/>
  <move id="465" source="E4" target="D4"/>
  <move id="466" source="F5" target="E5"/>
  <move id="467" source="D2" target="D3"/>
  <move id="468" source="C3" target="C4"/>
  <move id="469" source="A1" target="A2"/>
  <move id="470" source="E5" target="E4"/>
  <move id="471" source="A2" target="F2"/>
  <move id="472" source="C4" target="B4"/>
  <move id="473" source="F2" target="F6"/>
  <move id="474" source="E4" target="F4"/>
  <move id="475" source="D3" target="E3"/>
  <move id="476" source="E9" target="F9"/>
  <move id="477" source="F6" target="E6"/>
  <move id="478" source="E7" target="E6"/>
  <move id="479" source="D4" target="E4"/>
  <move id="480" source="F4" target="F5"/>
  <move id="481" source="E4" target="D4"/>
  <move id="482" source="B4" target="C4"/>
  <move id="483" source="E3" target="E4"/>
  <move id="484" source="E6" target="E7"/>
  <move id="485" source="D4" target="D3"/>
  <move id="486" source="C7" target="B7"/>
  <move id="487" source="D3" target="E3"/>
  <move id="488" source="C4" target="C3"/>
  <move id="489" source="E3" target="F3"/>
  <move id="490" source="C3" target="C2"/>
  <move id="491" source="F3" target="F4"/>
  <move id="492" source="C2" target="B2"/>
  <move id="493" source="F4" target="F5"/>
  <move id="494" source="B7" target="B3"/>
  <move id="495" source="E4" target="E3"/>
  <move id="496" source="B3" target="A3"/>
  <move id="497" source="E3" target="D3"/>
  <move id="498" source="A3" target="A1"/>
  <move id="499" source="D3" target="D2"/>
  <move id="500" source="A1" target="B1"/>
  <move id="501" source="D2" target="C2"/>
  <move id="502" source="B2" target="B1"/>
  <move id="503" source="C1" target="D1"/>
  <move id="504" source="E:" target="E9"/>
  <move id="505" source="D1" target="D2"/>
  <move id="506" source="E7" target="D7"/>
  <move id="507" source="D2" target="D3"/>
  <move id="508" source="E9" target="E8"/>
  <move id="509" source="D3" target="C3"/>
  <move id="510" source="E8" target="E7"/>
  <move id="511" source="F1" target="E1"/>
  <move id="512" source="E7" target="E6"/>
  <move id="513" source="E1" target="D1"/>
  <move id="514" source="E6" target="E5"/>
  <move id="515" source="C3" target="C4"/>
  <move id="516" source="E5" target="E4"/>
  <move id="517" source="C4" target="B4"/>
  <move id="518" source="C8" target="C7"/>
  <move id="519" source="D1" target="D2"/>
  <move id="520" source="C7" target="B7"/>
  <move id="521" source="B4" target="B3"/>
  <move id="522" source="B7" target="B6"/>
  <move id="523" source="B3" target="C3"/>
  <move id="524" source="B6" target="B5"/>
  <move id="525" source="D2" target="D1"/>
  <move id="526" source="B5" target="B4"/>
  <move id="527" source="D1" target="C1"/>
  <move id="528" source="B1" target="C1"/>
  <move id="529" source="C2" target="C1"/>
  <move id="530" source="B4" target="B3"/>
  <move id="531" source="C1" target="C2"/>
  <move id="532" source="B3" target="C3"/>
  <move id="533" source="C2" target="C3"/>
  <move id="534" source="E4" target="E3"/>
  <move id="535" source="C3" target="C4"/>
  <move id="536" source="E3" target="F3"/>
  <move id="537" source="C4" target="D4"/>
  <move id="538" source="F3" target="G3"/>
  <move id="539" source="D4" target="E4"/>
  <move id="540" source="G3" target="G2"/>
  <move id="541" source="E4" target="F4"/>
  <move id="542" source="G2" target="G1"/>
  <move id="543" source="F4" target="F3"/>
  <move id="544" source="G1" target="H1"/>
  <move id="545" source="F3" target="F2"/>
  <move id="546" source="H1" target="G1"/>
  <move id="547" source="F2" target="G2"/>
  <move id="548" source="G1" target="G2"/>
  <move id="549" source="G2" target="G3"/>
  <move id="550" source="D:" target="D9"/>
  <move id="551" source="G3" target="G4"/>
  <move id="552" source="D9" target="D8"/>
  <move id="553" source="G4" target="H4"/>
  <move id="554" source="D8" target="C8"/>
  <move id="555" source="H4" target="I4"/>
  <move id="556" source="C8" target="C7"/>
  <move id="557" source="I4" target="I5"/>
  <move id="558" source="C7" target="B7"/>
  <move id="559" source="I5" target="I6"/>
  <move id="560" source="F9" target="G9"/>
  <move id="561" source="I6" target="I7"/>
  <move id="562" source="G9" target="G8"/>
  <move id="563" source="I7" target="H7"/>
  <move id="564" source="G7" target="F7"/>
  <move id="565" source="H7" target="I7"/>
  <move id="566" source="G8" target="G9"/>
  <move id="567" source="I7" target="I6"/>
  <move id="568" source="G9" target="G8"/>
  <move id="569" source="I6" target="I5"/>
  <move id="570" source="B7" target="B6"/>
  <move id="571" source="I5" target="I4"/>
  <move id="572" source="B6" target="B5"/>
  <move id="573" source="I4" target="H4"/>
  <move id="574" source="B5" target="B4"/>
  <move id="575" source="H4" target="G4"/>
  <move id="576" source="F:" target="F9"/>
  <move id="577" source="G4" target="F4"/>
  <move id="578" source="G8" target="G7"/>
  <move id="579" source="F4" target="E4"/>
  <move id="580" source="F7" target="F8"/>
  <move id="581" source="E4" target="D4"/>
  <move id="582" source="B4" target="B3"/>
  <move id="583" source="D4" target="C4"/>
  <move id="584" source="B3" target="B2"/>
  <move id="585" source="C4" target="C3"/>
  <move id="586" source="B2" target="B1"/>
  <move id="587" source="C3" target="C2"/>
  <move id="588" source="K8" target="K7"/>
  <move id="589" source="C2" target="C1"/>
  <move id="590" source="B1" target="B2"/>
  <move id="591" source="C1" target="C2"/>
  <move id="592" source="B2" target="B3"/>
  <move id="593" source="C2" target="C3"/>
  <move id="594" source="B3" target="B4"/>
  <move id="595" source="C3" target="C4"/>
  <move id="596" source="B4" target="A4"/>
  <move id="597" source="C4" target="B4"/>
  <move id="598" source="A4" target="A3"/>
  <move id="599" source="B4" target="B3"/>
  <move id="600" source="A3" target="A2"/>
  <move id="601" source="B3" target="B2"/>
  <move id="602" source="A2" target="A1"/>
  <move id="603" source="B2" target="B3"/>
  <move id="604" source="A1" target="B1"/>
  <move id="605" source="B3" target="B4"/>
  <move id="606" source="B1" target="C1"/>
  <move id="607" source="B4" target="C4"/>
  <move id="608" source="G7" target="F7"/>
  <move id="609" source="C4" target="B4"/>
  <move id="610" source="F7" target="E7"/>
  <move id="611" source="B4" target="B5"/>
  <move id="612" source="E7" target="E8"/>
  <move id="613" source="B5" target="B4"/>
  <move id="614" source="D7" target="C7"/>
  <move id="615" source="B4" target="C4"/>
  <move id="616" source="C7" target="B7"/>
  <move id="617" source="C4" target="B4"/>
  <move id="618" source="A8" target="A7"/>
  <move id="619" source="B4" target="B5"/>
  <move id="620" source="A7" target="A6"/>
  <move id="621" source="B5" target="B6"/>
  <move id="622" source="B7" target="B6"/>
  <move id="623" source="B6" target="A6"/>
  <move id="624" source="A:" target="A6"/>
  <move id="625" source="A6" target="B6"/>
  <move id="626" source="C1" target="D1"/>
  <move id="627" source="B6" target="B5"/>
  <move id="628" source="D1" target="E1"/>
  <move id="629" source="B5" target="B4"/>
  <move id="630" source="E1" target="F1"/>
  <move id="631" source="B4" target="C4"/>
  <move id="632" source="F1" target="G1"/>
  <move id="633" source="C4" target="D4"/>
  <move id="634" source="G1" target="H1"/>
  <move id="635" source="D4" target="E4"/>
  <move id="636" source="H1" target="H2"/>
  <move id="637" source="E4" target="F4"/>
  <move id="638" source="K7" target="K6"/>
  <move id="639" source="F4" target="G4"/>
  <move id="640" source="K6" target="K5"/>
  <move id="641" source="G4" target="G3"/>
  <move id="642" source="K5" target="I5"/>
  <move id="643" source="G3" target="G2"/>
  <move id="644" source="H2" target="I2"/>
  <move id="645" source="G2" target="H2"/>
  <move id="646" source="I2" target="K2"/>
  <move id="647" source="H2" target="I2"/>
  <move id="648" source="K2" target="K3"/>
  <move id="649" source="I2" target="K2"/>
  <move id="650" source="K3" target="K4"/>
  <move id="651" source="K2" target="K3"/>
  <move id="652" source="K4" target="I4"/>
  <move id="653" source="K3" target="K4"/>
  <move id="654" source="I4" target="H4"/>
  <move id="655" source="K4" target="I4"/>
  <move id="656" source="I5" target="I4"/>
  <player id="1">Player 1</player>
  <player id="2">Player 2</player>
  <result type="0" winner="2"/>
 </game>
</stratego>