<?xml version="1.0" encoding="UTF-8"?>
<stratego>
 <game type="classic">
  
  <field content="GEHDHDEGIMGDJHECGJHFFFBBBKIEDIBBFDDDBELDAA__AA__AAAA__AA__AANRNSPTXUPTRUSWVPPSNNQNQTPROVSRPQTPQUYNQP"/>
  <move id="1" source="I4" target="I5"/>
  <move id="2" source="E7" target="E6"/>
  <move id="3" source="I5" target="I6"/>
  <move id="4" source="E8" target="E7"/>
  <move id="5" source="K4" target="K7"/>
  <move id="6" source="F7" target="F6"/>
  <move id="7" source="K3" target="K4"/>
  <move id="8" source="F6" target="F5"/>
  <move id="9" source="K4" target="K5"/>
  <move id="10" source="E6" target="E5"/>
  <move id="11" source="K5" target="K6"/>
  <move id="12" source="E7" target="E6"/>
  <move id="13" source="K6" target="K7"/>
  <move id="14" source="I7" target="I6"/>
  <move id="15" source="K7" target="I7"/>
  <move id="16" source="H7" target="I7"/>
  <move id="17" source="I3" target="K3"/>
  <move id="18" source="H8" target="H7"/>
  <move id="19" source="K3" target="K8"/>
  <move id="20" source="G8" target="H8"/>
  <move id="21" source="H4" target="I4"/>
  <move id="22" source="G7" target="F7"/>
  <move id="23" source="I4" target="K4"/>
  <move id="24" source="F7" target="F6"/>
  <move id="25" source="K4" target="K5"/>
  <move id="26" source="F5" target="F4"/>
  <move id="27" source="E4" target="E5"/>
  <move id="28" source="E6" target="E5"/>
  <move id="29" source="K5" target="K6"/>
  <move id="30" source="E5" target="F5"/>
  <move id="31" source="K6" target="K7"/>
  <move id="32" source="H7" target="I7"/>
  <move id="33" source="I6" target="I7"/>
  <move id="34" source="F8" target="F7"/>
  <move id="35" source="K7" target="K8"/>
  <move id="36" source="K9" target="K8"/>
  <move id="37" source="I7" target="K7"/>
  <move id="38" source="I9" target="K9"/>
  <move id="39" source="K7" target="K8"/>
  <move id="40" source="H8" target="H7"/>
  <move id="41" source="K8" target="K9"/>
  <move id="42" source="H7" target="I7"/>
  <move id="43" source="K9" target="K8"/>
  <move id="44" source="E9" target="E3"/>
  <move id="45" source="H3" target="H4"/>
  <move id="46" source="E:" target="E9"/>
  <move id="47" source="H4" target="I4"/>
  <move id="48" source="E9" target="E8"/>
  <move id="49" source="I4" target="I5"/>
  <move id="50" source="E8" target="E7"/>
  <move id="51" source="I5" target="I6"/>
  <move id="52" source="E7" target="E6"/>
  <move id="53" source="I6" target="I7"/>
  <move id="54" source="H9" target="H8"/>
  <move id="55" source="I7" target="I8"/>
  <move id="56" source="I:" target="I9"/>
  <move id="57" source="I8" target="H8"/>
  <move id="58" source="E6" target="E5"/>
  <move id="59" source="K2" target="K3"/>
  <move id="60" source="E5" target="E4"/>
  <move id="61" source="K3" target="K4"/>
  <move id="62" source="E4" target="E3"/>
  <move id="63" source="E2" target="E3"/>
  <move id="64" source="F7" target="G7"/>
  <move id="65" source="K4" target="K5"/>
  <move id="66" source="G7" target="H7"/>
  <move id="67" source="K5" target="K6"/>
  <move id="68" source="H7" target="I7"/>
  <move id="69" source="K6" target="I6"/>
  <move id="70" source="D7" target="E7"/>
  <move id="71" source="I6" target="I7"/>
  <move id="72" source="F4" target="G4"/>
  <move id="73" source="I7" target="I8"/>
  <move id="74" source="I9" target="I:"/>
  <move id="75" source="I8" target="I9"/>
  <move id="76" source="E7" target="E6"/>
  <move id="77" source="K8" target="I8"/>
  <move id="78" source="H8" target="H9"/>
  <move id="79" source="I9" target="I:"/>
  <move id="80" source="E6" target="E5"/>
  <move id="81" source="I:" target="K:"/>
  <move id="82" source="F6" target="E6"/>
  <move id="83" source="K:" target="I:"/>
  <move id="84" source="E5" target="E4"/>
  <move id="85" source="I8" target="I9"/>
  <move id="86" source="H9" target="H8"/>
  <move id="87" source="I:" target="H:"/>
  <move id="88" source="E6" target="E5"/>
  <move id="89" source="D2" target="E2"/>
  <move id="90" source="F5" target="F4"/>
  <move id="91" source="H2" target="H3"/>
  <move id="92" source="D8" target="D7"/>
  <move id="93" source="H3" target="H4"/>
  <move id="94" source="D7" target="E7"/>
  <move id="95" source="G2" target="H2"/>
  <move id="96" source="E7" target="F7"/>
  <move id="97" source="H2" target="H3"/>
  <move id="98" source="F7" target="G7"/>
  <move id="99" source="H3" target="I3"/>
  <move id="100" source="G7" target="H7"/>
  <move id="101" source="I3" target="K3"/>
  <move id="102" source="H7" target="I7"/>
  <move id="103" source="K3" target="K4"/>
  <move id="104" source="I7" target="I6"/>
  <move id="105" source="K4" target="K5"/>
  <move id="106" source="E4" target="D4"/>
  <move id="107" source="K5" target="I5"/>
  <move id="108" source="F4" target="E4"/>
  <move id="109" source="I5" target="I6"/>
  <move id="110" source="I6" target="I5"/>
  <move id="111" source="H4" target="H3"/>
  <move id="112" source="I5" target="I4"/>
  <move id="113" source="C2" target="D2"/>
  <move id="114" source="E4" target="E3"/>
  <move id="115" source="I9" target="I8"/>
  <move id="116" source="H8" target="H9"/>
  <move id="117" source="E2" target="E3"/>
  <move id="118" source="E3" target="E4"/>
  <move id="119" source="I8" target="I7"/>
  <move id="120" source="D4" target="D3"/>
  <move id="121" source="I7" target="H7"/>
  <move id="122" source="G9" target="G8"/>
  <move id="123" source="D2" target="E2"/>
  <move id="124" source="F9" target="F8"/>
  <move id="125" source="E2" target="E3"/>
  <move id="126" source="F8" target="F7"/>
  <move id="127" source="F3" target="F4"/>
  <move id="128" source="E4" target="F4"/>
  <move id="129" source="C4" target="D4"/>
  <move id="130" source="F7" target="F6"/>
  <move id="131" source="D4" target="E4"/>
  <move id="132" source="F6" target="F5"/>
  <move id="133" source="F4" target="F3"/>
  <move id="134" source="I4" target="H4"/>
  <move id="135" source="H3" target="I3"/>
  <move id="136" source="H4" target="I4"/>
  <move id="137" source="I3" target="H3"/>
  <move id="138" source="I4" target="H4"/>
  <move id="139" source="H3" target="I3"/>
  <move id="140" source="H4" target="H3"/>
  <move id="141" source="I3" target="I4"/>
  <move id="142" source="H3" target="G3"/>
  <move id="143" source="F3" target="G3"/>
  <move id="144" source="F5" target="F4"/>
  <move id="145" source="E4" target="F4"/>
  <move id="146" source="D:" target="E:"/>
  <move id="147" source="I4" target="I5"/>
  <move id="148" source="E:" target="E9"/>
  <move id="149" source="I5" target="I6"/>
  <move id="150" source="E5" target="E6"/>
  <move id="151" source="I6" target="I7"/>
  <move id="152" source="E6" target="F6"/>
  <move id="153" source="I7" target="I8"/>
  <move id="154" source="F6" target="F7"/>
  <move id="155" source="I8" target="H8"/>
  <move id="156" source="G8" target="F8"/>
  <move id="157" source="H8" target="H9"/>
  <move id="158" source="E9" target="E3"/>
  <move id="159" source="G1" target="G2"/>
  <move id="160" source="F7" target="F6"/>
  <move id="161" source="F2" target="E2"/>
  <move id="162" source="F6" target="F5"/>
  <move id="163" source="F1" target="F5"/>
  <move id="164" source="F5" target="F4"/>
  <move id="165" source="E2" target="F2"/>
  <move id="166" source="F4" target="E4"/>
  <move id="167" source="E3" target="F3"/>
  <move id="168" source="E4" target="D4"/>
  <move id="169" source="H7" target="G7"/>
  <move id="170" source="D4" target="C4"/>
  <move id="171" source="G2" target="G3"/>
  <move id="172" source="C8" target="D8"/>
  <move id="173" source="G3" target="H3"/>
  <move id="174" source="D8" target="E8"/>
  <move id="175" source="H3" target="H4"/>
  <move id="176" source="E8" target="E7"/>
  <move id="177" source="F3" target="F4"/>
  <move id="178" source="E7" target="E6"/>
  <move id="179" source="F2" target="F3"/>
  <move id="180" source="C4" target="D4"/>
  <move id="181" source="H4" target="I4"/>
  <move id="182" source="E6" target="E5"/>
  <move id="183" source="E1" target="E2"/>
  <move id="184" source="E5" target="E4"/>
  <move id="185" source="I4" target="I5"/>
  <move id="186" source="E4" target="E3"/>
  <move id="187" source="F3" target="G3"/>
  <move id="188" source="D4" target="E4"/>
  <move id="189" source="F4" target="F3"/>
  <move id="190" source="E3" target="E2"/>
  <move id="191" source="I5" target="I6"/>
  <move id="192" source="E4" target="E3"/>
  <move id="193" source="F3" target="F4"/>
  <move id="194" source="E3" target="E2"/>
  <move id="195" source="F4" target="F5"/>
  <move id="196" source="E2" target="E3"/>
  <move id="197" source="F5" target="F6"/>
  <move id="198" source="E3" target="E4"/>
  <move id="199" source="F6" target="F7"/>
  <move id="200" source="F8" target="F9"/>
  <move id="201" source="G7" target="G8"/>
  <move id="202" source="B7" target="B6"/>
  <move id="203" source="F7" target="F8"/>
  <move id="204" source="E4" target="D4"/>
  <move id="205" source="F8" target="F9"/>
  <move id="206" source="D4" target="C4"/>
  <move id="207" source="I6" target="I7"/>
  <move id="208" source="B6" target="B5"/>
  <move id="209" source="I7" target="I8"/>
  <move id="210" source="B5" target="B4"/>
  <move id="211" source="I8" target="I9"/>
  <move id="212" source="C4" target="C3"/>
  <move id="213" source="I9" target="H9"/>
  <move id="214" source="B8" target="B7"/>
  <move id="215" source="H9" target="H:"/>
  <move id="216" source="B7" target="B6"/>
  <move id="217" source="H:" target="G:"/>
  <player id="1">Player 1</player>
  <player id="2">Player 2</player>
  <result type="1" winner="1"/>
 </game>
</stratego>