<?xml version="1.0" encoding="UTF-8"?>
<stratego>
 <game type="classic">
  
  <field content="BIMGFIDDFIJEGEBEFEBEFCBGDHBJGDBHLDHDDKDHAA__AA__AAAA__AA__AASNTVPRVPRPNUWPSTPUTPNSROXPUQNSYNTQQQQPRN"/>
  <move id="1" source="I4" target="I5"/>
  <move id="2" source="E7" target="E4"/>
  <move id="3" source="K4" target="K5"/>
  <move id="4" source="E8" target="E7"/>
  <move id="5" source="I5" target="I6"/>
  <move id="6" source="E7" target="E6"/>
  <move id="7" source="K5" target="K6"/>
  <move id="8" source="E6" target="E5"/>
  <move id="9" source="E4" target="E5"/>
  <move id="10" source="D8" target="E8"/>
  <move id="11" source="E5" target="E4"/>
  <move id="12" source="E8" target="E7"/>
  <move id="13" source="F4" target="F5"/>
  <move id="14" source="E7" target="E6"/>
  <move id="15" source="F5" target="E5"/>
  <move id="16" source="E6" target="F6"/>
  <move id="17" source="G4" target="F4"/>
  <move id="18" source="F6" target="F4"/>
  <move id="19" source="E5" target="E6"/>
  <move id="20" source="F8" target="E8"/>
  <move id="21" source="E6" target="F6"/>
  <move id="22" source="E8" target="E7"/>
  <move id="23" source="E4" target="E5"/>
  <move id="24" source="E7" target="E6"/>
  <move id="25" source="E5" target="E6"/>
  <move id="26" source="F7" target="F6"/>
  <move id="27" source="F3" target="F4"/>
  <move id="28" source="G8" target="F8"/>
  <move id="29" source="F4" target="F5"/>
  <move id="30" source="F6" target="F7"/>
  <move id="31" source="F5" target="F6"/>
  <move id="32" source="F8" target="E8"/>
  <move id="33" source="F6" target="E6"/>
  <move id="34" source="D7" target="E7"/>
  <move id="35" source="E6" target="F6"/>
  <move id="36" source="E7" target="D7"/>
  <move id="37" source="F6" target="E6"/>
  <move id="38" source="D7" target="E7"/>
  <move id="39" source="E6" target="E5"/>
  <move id="40" source="F7" target="F6"/>
  <move id="41" source="E5" target="E4"/>
  <move id="42" source="F6" target="F5"/>
  <move id="43" source="F2" target="F3"/>
  <move id="44" source="E7" target="E6"/>
  <move id="45" source="E4" target="F4"/>
  <move id="46" source="E6" target="E5"/>
  <move id="47" source="E3" target="E5"/>
  <move id="48" source="F5" target="F4"/>
  <move id="49" source="F3" target="E3"/>
  <move id="50" source="E5" target="F5"/>
  <move id="51" source="F4" target="E4"/>
  <move id="52" source="C7" target="D7"/>
  <move id="53" source="G2" target="F2"/>
  <move id="54" source="D7" target="E7"/>
  <move id="55" source="F2" target="F3"/>
  <move id="56" source="E7" target="E6"/>
  <move id="57" source="F3" target="F4"/>
  <move id="58" source="F5" target="F6"/>
  <move id="59" source="F4" target="F5"/>
  <move id="60" source="F6" target="F7"/>
  <move id="61" source="F5" target="E5"/>
  <move id="62" source="F7" target="E7"/>
  <move id="63" source="E5" target="E6"/>
  <move id="64" source="E6" target="E5"/>
  <move id="65" source="E4" target="F4"/>
  <move id="66" source="E5" target="F5"/>
  <move id="67" source="F4" target="G4"/>
  <move id="68" source="F5" target="F4"/>
  <move id="69" source="D4" target="E4"/>
  <move id="70" source="E7" target="D7"/>
  <move id="71" source="E4" target="E5"/>
  <move id="72" source="E8" target="E5"/>
  <move id="73" source="D3" target="D4"/>
  <move id="74" source="E9" target="E8"/>
  <move id="75" source="D4" target="E4"/>
  <move id="76" source="E8" target="E7"/>
  <move id="77" source="E4" target="E5"/>
  <move id="78" source="E7" target="E6"/>
  <move id="79" source="E5" target="E6"/>
  <move id="80" source="E6" target="E5"/>
  <move id="81" source="I6" target="I7"/>
  <move id="82" source="F4" target="E4"/>
  <move id="83" source="K6" target="I6"/>
  <move id="84" source="E4" target="E3"/>
  <move id="85" source="I6" target="I7"/>
  <move id="86" source="E5" target="E4"/>
  <move id="87" source="K3" target="K7"/>
  <move id="88" source="F9" target="F3"/>
  <move id="89" source="I7" target="K7"/>
  <move id="90" source="F3" target="G3"/>
  <move id="91" source="K2" target="K3"/>
  <move id="92" source="E4" target="F4"/>
  <move id="93" source="K3" target="K4"/>
  <move id="94" source="F4" target="G4"/>
  <move id="95" source="K4" target="K5"/>
  <move id="96" source="F:" target="F9"/>
  <move id="97" source="K5" target="K6"/>
  <move id="98" source="F9" target="F8"/>
  <move id="99" source="K6" target="I6"/>
  <move id="100" source="F8" target="F7"/>
  <move id="101" source="I6" target="I7"/>
  <move id="102" source="F7" target="F6"/>
  <move id="103" source="I7" target="H7"/>
  <move id="104" source="G7" target="H7"/>
  <move id="105" source="C4" target="D4"/>
  <move id="106" source="F6" target="F5"/>
  <move id="107" source="D4" target="E4"/>
  <move id="108" source="F5" target="F4"/>
  <move id="109" source="E4" target="E5"/>
  <move id="110" source="F4" target="F3"/>
  <move id="111" source="E5" target="E6"/>
  <move id="112" source="F3" target="G3"/>
  <move id="113" source="H4" target="I4"/>
  <move id="114" source="G3" target="H3"/>
  <move id="115" source="I4" target="I5"/>
  <move id="116" source="C8" target="D8"/>
  <move id="117" source="I5" target="I6"/>
  <move id="118" source="D8" target="E8"/>
  <move id="119" source="I6" target="I7"/>
  <move id="120" source="H7" target="G7"/>
  <move id="121" source="I7" target="H7"/>
  <move id="122" source="G7" target="F7"/>
  <move id="123" source="H7" target="G7"/>
  <move id="124" source="F7" target="F6"/>
  <move id="125" source="E6" target="F6"/>
  <move id="126" source="E3" target="F3"/>
  <move id="127" source="G7" target="G8"/>
  <move id="128" source="F3" target="G3"/>
  <move id="129" source="G8" target="F8"/>
  <move id="130" source="G3" target="G2"/>
  <move id="131" source="F8" target="E8"/>
  <move id="132" source="G2" target="H2"/>
  <move id="133" source="B4" target="B5"/>
  <move id="134" source="G4" target="G3"/>
  <move id="135" source="H3" target="H4"/>
  <move id="136" source="H2" target="I2"/>
  <move id="137" source="B5" target="B6"/>
  <move id="138" source="G3" target="G2"/>
  <move id="139" source="B6" target="B7"/>
  <move id="140" source="G2" target="G1"/>
  <move id="141" source="B3" target="B4"/>
  <move id="142" source="G1" target="H1"/>
  <move id="143" source="B4" target="C4"/>
  <move id="144" source="H1" target="I1"/>
  <move id="145" source="C4" target="D4"/>
  <move id="146" source="I1" target="H1"/>
  <move id="147" source="D4" target="E4"/>
  <move id="148" source="H1" target="G1"/>
  <move id="149" source="E4" target="E5"/>
  <move id="150" source="G1" target="F1"/>
  <move id="151" source="E5" target="E6"/>
  <move id="152" source="D7" target="E7"/>
  <move id="153" source="H4" target="I4"/>
  <move id="154" source="D9" target="D8"/>
  <move id="155" source="I4" target="I5"/>
  <move id="156" source="D8" target="E8"/>
  <move id="157" source="I5" target="I6"/>
  <move id="158" source="E8" target="F8"/>
  <move id="159" source="I6" target="I7"/>
  <move id="160" source="E7" target="F7"/>
  <move id="161" source="I7" target="H7"/>
  <move id="162" source="F7" target="G7"/>
  <move id="163" source="H7" target="G7"/>
  <move id="164" source="H8" target="H7"/>
  <move id="165" source="A3" target="B3"/>
  <move id="166" source="H7" target="I7"/>
  <move id="167" source="B3" target="B4"/>
  <move id="168" source="I7" target="K7"/>
  <move id="169" source="B4" target="B5"/>
  <move id="170" source="K7" target="I7"/>
  <move id="171" source="B5" target="B6"/>
  <move id="172" source="K8" target="K1"/>
  <move id="173" source="K1" target="K2"/>
  <move id="174" source="I7" target="I6"/>
  <move id="175" source="K2" target="K3"/>
  <move id="176" source="I6" target="I5"/>
  <move id="177" source="K3" target="K4"/>
  <move id="178" source="I5" target="I4"/>
  <move id="179" source="K4" target="K5"/>
  <move id="180" source="I4" target="H4"/>
  <move id="181" source="K5" target="K6"/>
  <move id="182" source="H4" target="H3"/>
  <move id="183" source="K6" target="K7"/>
  <move id="184" source="H3" target="H2"/>
  <move id="185" source="B6" target="A6"/>
  <move id="186" source="H2" target="G2"/>
  <move id="187" source="A6" target="A7"/>
  <move id="188" source="G2" target="F2"/>
  <move id="189" source="A2" target="A3"/>
  <move id="190" source="F2" target="E2"/>
  <move id="191" source="A3" target="B3"/>
  <move id="192" source="F1" target="E1"/>
  <move id="193" source="B3" target="B4"/>
  <move id="194" source="E1" target="D1"/>
  <move id="195" source="B4" target="B5"/>
  <move id="196" source="D1" target="C1"/>
  <player id="1">Player 1</player>
  <player id="2">Player 2</player>
  <result type="1" winner="2"/>
 </game>
</stratego>