<?xml version="1.0" encoding="UTF-8"?>
<stratego>
 <game type="classic">
  
  <field content="MBGEEEGBFDBIHCJIBHBGFJEKHDBEFDDGLDDFIDDHAA__AA__AAAA__AA__AARPTVRTONPPSPXNRWSUSRNPUPPTNVPTYNQQNQQQSU"/>
  <move id="1" source="B4" target="B5"/>
  <move id="2" source="E7" target="E6"/>
  <move id="3" source="B5" target="B6"/>
  <move id="4" source="E6" target="E5"/>
  <move id="5" source="B6" target="B7"/>
  <move id="6" source="C7" target="B7"/>
  <move id="7" source="A4" target="A5"/>
  <move id="8" source="E5" target="E4"/>
  <move id="9" source="E3" target="E4"/>
  <move id="10" source="F7" target="F6"/>
  <move id="11" source="E4" target="E3"/>
  <move id="12" source="E8" target="E7"/>
  <move id="13" source="D4" target="E4"/>
  <move id="14" source="E7" target="F7"/>
  <move id="15" source="C4" target="D4"/>
  <move id="16" source="E9" target="E4"/>
  <move id="17" source="B3" target="B4"/>
  <move id="18" source="D9" target="E9"/>
  <move id="19" source="B4" target="B5"/>
  <move id="20" source="F6" target="E6"/>
  <move id="21" source="B5" target="B6"/>
  <move id="22" source="B7" target="C7"/>
  <move id="23" source="B6" target="B7"/>
  <move id="24" source="E6" target="E5"/>
  <move id="25" source="F4" target="E4"/>
  <move id="26" source="E5" target="E4"/>
  <move id="27" source="D4" target="E4"/>
  <move id="28" source="F7" target="E7"/>
  <move id="29" source="E4" target="E5"/>
  <move id="30" source="F8" target="F7"/>
  <move id="31" source="E5" target="E6"/>
  <move id="32" source="C7" target="B7"/>
  <move id="33" source="B7" target="B6"/>
  <move id="34" source="D7" target="C7"/>
  <move id="35" source="B6" target="B5"/>
  <move id="36" source="C7" target="B7"/>
  <move id="37" source="B5" target="B4"/>
  <move id="38" source="B7" target="B6"/>
  <move id="39" source="B4" target="C4"/>
  <move id="40" source="B6" target="B5"/>
  <move id="41" source="C4" target="D4"/>
  <move id="42" source="B5" target="A5"/>
  <move id="43" source="D4" target="C4"/>
  <move id="44" source="C8" target="C7"/>
  <move id="45" source="C4" target="B4"/>
  <move id="46" source="C7" target="B7"/>
  <move id="47" source="B4" target="B5"/>
  <move id="48" source="A5" target="A4"/>
  <move id="49" source="B5" target="A5"/>
  <move id="50" source="A4" target="B4"/>
  <move id="51" source="E6" target="E5"/>
  <move id="52" source="B7" target="B6"/>
  <move id="53" source="E5" target="E4"/>
  <move id="54" source="B6" target="B5"/>
  <move id="55" source="A5" target="A4"/>
  <move id="56" source="F7" target="F6"/>
  <move id="57" source="A4" target="B4"/>
  <move id="58" source="F6" target="F5"/>
  <move id="59" source="E4" target="D4"/>
  <move id="60" source="F5" target="F4"/>
  <move id="61" source="G4" target="F4"/>
  <move id="62" source="I7" target="I4"/>
  <move id="63" source="D4" target="E4"/>
  <move id="64" source="F4" target="F5"/>
  <move id="65" source="E4" target="E5"/>
  <move id="66" source="F5" target="F6"/>
  <move id="67" source="H4" target="B4"/>
  <move id="68" source="B5" target="A5"/>
  <move id="69" source="B4" target="A4"/>
  <move id="70" source="B8" target="B2"/>
  <move id="71" source="A4" target="A5"/>
  <move id="72" source="A5" target="B5"/>
  <move id="73" source="D3" target="D4"/>
  <move id="74" source="A7" target="A6"/>
  <move id="75" source="D4" target="E4"/>
  <move id="76" source="A6" target="A5"/>
  <move id="77" source="E4" target="F4"/>
  <move id="78" source="A5" target="A4"/>
  <move id="79" source="F4" target="G4"/>
  <move id="80" source="A4" target="B4"/>
  <move id="81" source="G4" target="H4"/>
  <move id="82" source="B4" target="C4"/>
  <move id="83" source="H4" target="I4"/>
  <move id="84" source="C4" target="C3"/>
  <move id="85" source="C2" target="C3"/>
  <move id="86" source="B5" target="B4"/>
  <move id="87" source="C3" target="D3"/>
  <move id="88" source="K7" target="K4"/>
  <move id="89" source="I4" target="I5"/>
  <move id="90" source="C9" target="C8"/>
  <move id="91" source="I5" target="I6"/>
  <move id="92" source="C8" target="B8"/>
  <move id="93" source="B2" target="C2"/>
  <move id="94" source="B4" target="C4"/>
  <move id="95" source="C2" target="B2"/>
  <move id="96" source="C4" target="B4"/>
  <move id="97" source="B2" target="C2"/>
  <move id="98" source="B4" target="C4"/>
  <move id="99" source="I6" target="I7"/>
  <move id="100" source="B8" target="B7"/>
  <move id="101" source="K4" target="I4"/>
  <move id="102" source="B7" target="B6"/>
  <move id="103" source="K3" target="K8"/>
  <move id="104" source="B6" target="B5"/>
  <move id="105" source="I4" target="I5"/>
  <move id="106" source="B5" target="B4"/>
  <move id="107" source="I5" target="K5"/>
  <move id="108" source="C4" target="D4"/>
  <move id="109" source="K5" target="K6"/>
  <move id="110" source="B4" target="C4"/>
  <move id="111" source="K6" target="K7"/>
  <move id="112" source="C4" target="C3"/>
  <move id="113" source="C2" target="B2"/>
  <move id="114" source="C3" target="D3"/>
  <move id="115" source="K7" target="K8"/>
  <move id="116" source="K9" target="K8"/>
  <move id="117" source="I3" target="I4"/>
  <move id="118" source="D4" target="E4"/>
  <move id="119" source="E5" target="F5"/>
  <move id="120" source="F6" target="E6"/>
  <move id="121" source="I4" target="K4"/>
  <move id="122" source="D3" target="E3"/>
  <move id="123" source="E2" target="E3"/>
  <move id="124" source="E7" target="E8"/>
  <move id="125" source="E3" target="E2"/>
  <move id="126" source="E6" target="E7"/>
  <move id="127" source="F5" target="E5"/>
  <move id="128" source="E4" target="D4"/>
  <move id="129" source="E5" target="E4"/>
  <move id="130" source="E7" target="E6"/>
  <move id="131" source="E2" target="E3"/>
  <move id="132" source="G7" target="F7"/>
  <move id="133" source="K4" target="K5"/>
  <move id="134" source="F7" target="F6"/>
  <move id="135" source="K5" target="K6"/>
  <move id="136" source="F6" target="F5"/>
  <move id="137" source="K6" target="K7"/>
  <move id="138" source="E6" target="E7"/>
  <move id="139" source="E4" target="D4"/>
  <move id="140" source="E7" target="E6"/>
  <move id="141" source="E3" target="E4"/>
  <move id="142" source="F5" target="F6"/>
  <move id="143" source="E4" target="F4"/>
  <move id="144" source="E6" target="E5"/>
  <move id="145" source="K7" target="K8"/>
  <move id="146" source="E5" target="F5"/>
  <move id="147" source="F4" target="E4"/>
  <move id="148" source="F5" target="F4"/>
  <move id="149" source="E4" target="E5"/>
  <move id="150" source="F6" target="F5"/>
  <move id="151" source="K8" target="I8"/>
  <move id="152" source="I9" target="K9"/>
  <move id="153" source="I7" target="K7"/>
  <move id="154" source="B9" target="B4"/>
  <move id="155" source="K7" target="K8"/>
  <move id="156" source="I8" target="I7"/>
  <move id="157" source="K8" target="K9"/>
  <move id="158" source="I7" target="I6"/>
  <move id="159" source="K2" target="K3"/>
  <move id="160" source="I6" target="I5"/>
  <move id="161" source="K3" target="I3"/>
  <move id="162" source="I5" target="I4"/>
  <move id="163" source="I3" target="I4"/>
  <move id="164" source="H8" target="I8"/>
  <move id="165" source="K9" target="K8"/>
  <move id="166" source="I8" target="I7"/>
  <move id="167" source="K8" target="I8"/>
  <move id="168" source="I7" target="K7"/>
  <move id="169" source="I8" target="I7"/>
  <move id="170" source="K7" target="K6"/>
  <move id="171" source="I7" target="I8"/>
  <move id="172" source="F5" target="F6"/>
  <move id="173" source="I8" target="H8"/>
  <move id="174" source="H9" target="I9"/>
  <move id="175" source="H8" target="I8"/>
  <move id="176" source="I9" target="H9"/>
  <move id="177" source="I8" target="I7"/>
  <move id="178" source="F6" target="F7"/>
  <move id="179" source="E5" target="E6"/>
  <move id="180" source="F4" target="F5"/>
  <move id="181" source="B2" target="B3"/>
  <move id="182" source="K6" target="K5"/>
  <move id="183" source="B3" target="B4"/>
  <move id="184" source="K5" target="K4"/>
  <move id="185" source="I7" target="I6"/>
  <move id="186" source="F5" target="F6"/>
  <move id="187" source="E6" target="E7"/>
  <move id="188" source="F7" target="G7"/>
  <move id="189" source="I6" target="I5"/>
  <move id="190" source="F6" target="F7"/>
  <move id="191" source="E7" target="E6"/>
  <move id="192" source="E9" target="D9"/>
  <move id="193" source="I5" target="I4"/>
  <move id="194" source="K4" target="K5"/>
  <move id="195" source="B4" target="A4"/>
  <move id="196" source="D9" target="C9"/>
  <move id="197" source="I4" target="H4"/>
  <move id="198" source="C9" target="C8"/>
  <move id="199" source="H4" target="G4"/>
  <move id="200" source="C8" target="B8"/>
  <move id="201" source="G4" target="F4"/>
  <move id="202" source="B8" target="B7"/>
  <move id="203" source="F4" target="F5"/>
  <move id="204" source="B7" target="B6"/>
  <move id="205" source="F5" target="F6"/>
  <move id="206" source="B6" target="B5"/>
  <move id="207" source="F6" target="F7"/>
  <move id="208" source="G7" target="F7"/>
  <move id="209" source="E6" target="E7"/>
  <move id="210" source="F7" target="F6"/>
  <move id="211" source="E7" target="D7"/>
  <move id="212" source="G8" target="H8"/>
  <move id="213" source="D7" target="C7"/>
  <move id="214" source="H8" target="I8"/>
  <move id="215" source="C7" target="B7"/>
  <move id="216" source="H9" target="H8"/>
  <move id="217" source="B7" target="B6"/>
  <move id="218" source="B5" target="B4"/>
  <move id="219" source="A4" target="B4"/>
  <move id="220" source="H8" target="G8"/>
  <move id="221" source="B6" target="B7"/>
  <move id="222" source="G8" target="G7"/>
  <move id="223" source="B7" target="C7"/>
  <move id="224" source="G7" target="F7"/>
  <move id="225" source="C7" target="D7"/>
  <move id="226" source="K5" target="K4"/>
  <move id="227" source="D7" target="E7"/>
  <move id="228" source="K4" target="I4"/>
  <move id="229" source="E7" target="F7"/>
  <move id="230" source="I4" target="H4"/>
  <move id="231" source="B4" target="B5"/>
  <move id="232" source="H4" target="G4"/>
  <move id="233" source="B5" target="B6"/>
  <move id="234" source="G4" target="F4"/>
  <move id="235" source="B6" target="B7"/>
  <move id="236" source="F4" target="E4"/>
  <move id="237" source="B7" target="B8"/>
  <move id="238" source="E4" target="D4"/>
  <move id="239" source="B8" target="B9"/>
  <move id="240" source="D4" target="C4"/>
  <move id="241" source="B9" target="C9"/>
  <move id="242" source="C4" target="B4"/>
  <move id="243" source="C9" target="D9"/>
  <move id="244" source="K:" target="K9"/>
  <move id="245" source="D9" target="E9"/>
  <move id="246" source="K9" target="I9"/>
  <move id="247" source="F2" target="E2"/>
  <move id="248" source="I9" target="H9"/>
  <move id="249" source="E2" target="E3"/>
  <move id="250" source="H9" target="H8"/>
  <move id="251" source="E3" target="E4"/>
  <move id="252" source="H8" target="G8"/>
  <move id="253" source="E4" target="F4"/>
  <move id="254" source="G8" target="G7"/>
  <move id="255" source="F4" target="G4"/>
  <move id="256" source="F6" target="F5"/>
  <move id="257" source="G4" target="H4"/>
  <move id="258" source="I8" target="H8"/>
  <move id="259" source="H4" target="I4"/>
  <move id="260" source="H8" target="G8"/>
  <move id="261" source="I4" target="I5"/>
  <move id="262" source="G8" target="F8"/>
  <move id="263" source="I5" target="I6"/>
  <move id="264" source="F8" target="F7"/>
  <move id="265" source="I6" target="I7"/>
  <move id="266" source="G7" target="G8"/>
  <move id="267" source="I7" target="I8"/>
  <move id="268" source="G8" target="H8"/>
  <move id="269" source="I8" target="I7"/>
  <move id="270" source="F5" target="F4"/>
  <move id="271" source="I7" target="I6"/>
  <move id="272" source="F4" target="E4"/>
  <move id="273" source="I6" target="I5"/>
  <move id="274" source="E4" target="D4"/>
  <move id="275" source="I5" target="I4"/>
  <move id="276" source="D4" target="C4"/>
  <move id="277" source="I4" target="H4"/>
  <move id="278" source="F7" target="E7"/>
  <move id="279" source="H4" target="G4"/>
  <move id="280" source="H8" target="G8"/>
  <move id="281" source="G4" target="F4"/>
  <move id="282" source="G8" target="G7"/>
  <move id="283" source="F4" target="E4"/>
  <move id="284" source="G7" target="F7"/>
  <move id="285" source="E4" target="D4"/>
  <move id="286" source="C4" target="C3"/>
  <move id="287" source="D4" target="C4"/>
  <move id="288" source="C3" target="B3"/>
  <move id="289" source="C4" target="B4"/>
  <move id="290" source="F7" target="F6"/>
  <move id="291" source="D2" target="D3"/>
  <move id="292" source="F6" target="F5"/>
  <move id="293" source="D3" target="C3"/>
  <move id="294" source="F5" target="E5"/>
  <move id="295" source="C3" target="C4"/>
  <move id="296" source="B3" target="B4"/>
  <move id="297" source="C4" target="B4"/>
  <move id="298" source="E5" target="E4"/>
  <move id="299" source="K1" target="K2"/>
  <move id="300" source="F9" target="F8"/>
  <move id="301" source="E9" target="F9"/>
  <move id="302" source="F8" target="G8"/>
  <move id="303" source="F9" target="F8"/>
  <move id="304" source="G8" target="H8"/>
  <move id="305" source="F8" target="G8"/>
  <move id="306" source="H8" target="I8"/>
  <move id="307" source="G8" target="H8"/>
  <move id="308" source="I8" target="K8"/>
  <move id="309" source="K2" target="K3"/>
  <move id="310" source="K8" target="K7"/>
  <move id="311" source="H8" target="I8"/>
  <move id="312" source="K7" target="K6"/>
  <move id="313" source="K3" target="I3"/>
  <move id="314" source="K6" target="I6"/>
  <move id="315" source="I8" target="I7"/>
  <move id="316" source="I6" target="I5"/>
  <move id="317" source="I7" target="I6"/>
  <move id="318" source="I5" target="I4"/>
  <move id="319" source="I6" target="I5"/>
  <move id="320" source="I4" target="H4"/>
  <move id="321" source="I5" target="I4"/>
  <move id="322" source="H4" target="G4"/>
  <move id="323" source="I3" target="K3"/>
  <move id="324" source="G4" target="F4"/>
  <move id="325" source="I4" target="I5"/>
  <move id="326" source="F4" target="F5"/>
  <move id="327" source="I5" target="I6"/>
  <move id="328" source="E4" target="F4"/>
  <move id="329" source="I6" target="I7"/>
  <move id="330" source="F4" target="G4"/>
  <move id="331" source="I7" target="I8"/>
  <move id="332" source="G4" target="H4"/>
  <move id="333" source="I8" target="H8"/>
  <move id="334" source="H4" target="I4"/>
  <move id="335" source="F3" target="E3"/>
  <move id="336" source="F5" target="E5"/>
  <move id="337" source="E3" target="D3"/>
  <move id="338" source="E5" target="E4"/>
  <move id="339" source="D3" target="C3"/>
  <move id="340" source="E4" target="D4"/>
  <move id="341" source="C3" target="B3"/>
  <move id="342" source="D4" target="C4"/>
  <move id="343" source="F1" target="F2"/>
  <move id="344" source="I4" target="H4"/>
  <move id="345" source="K3" target="K4"/>
  <move id="346" source="H4" target="G4"/>
  <move id="347" source="K4" target="K5"/>
  <move id="348" source="G4" target="F4"/>
  <move id="349" source="F2" target="E2"/>
  <move id="350" source="F4" target="E4"/>
  <move id="351" source="E2" target="F2"/>
  <move id="352" source="E4" target="F4"/>
  <move id="353" source="F2" target="E2"/>
  <move id="354" source="F4" target="E4"/>
  <move id="355" source="E2" target="D2"/>
  <move id="356" source="E4" target="D4"/>
  <move id="357" source="D2" target="E2"/>
  <move id="358" source="D4" target="D3"/>
  <move id="359" source="E2" target="F2"/>
  <move id="360" source="D3" target="C3"/>
  <move id="361" source="B3" target="B7"/>
  <move id="362" source="C4" target="D4"/>
  <move id="363" source="H3" target="H4"/>
  <move id="364" source="D4" target="E4"/>
  <move id="365" source="H4" target="I4"/>
  <move id="366" source="E4" target="F4"/>
  <move id="367" source="F2" target="E2"/>
  <move id="368" source="F4" target="F3"/>
  <move id="369" source="I4" target="I5"/>
  <move id="370" source="C3" target="C2"/>
  <move id="371" source="I5" target="I6"/>
  <move id="372" source="C2" target="D2"/>
  <move id="373" source="I6" target="I7"/>
  <move id="374" source="D2" target="E2"/>
  <move id="375" source="I7" target="I8"/>
  <move id="376" source="E2" target="E3"/>
  <move id="377" source="K5" target="K:"/>
  <move id="378" source="E3" target="E4"/>
  <move id="379" source="K:" target="I:"/>
  <move id="380" source="E4" target="F4"/>
  <move id="381" source="I8" target="I9"/>
  <move id="382" source="F4" target="F5"/>
  <move id="383" source="I9" target="H9"/>
  <move id="384" source="I:" target="K:"/>
  <move id="385" source="H9" target="H:"/>
  <move id="386" source="F5" target="F6"/>
  <move id="387" source="H8" target="G8"/>
  <move id="388" source="F6" target="F7"/>
  <move id="389" source="G8" target="G9"/>
  <player id="1">Player 1</player>
  <player id="2">Player 2</player>
  <result type="3" winner="2"/>
 </game>
</stratego>