<?xml version="1.0" encoding="UTF-8"?>
<stratego>
 <game type="classic">
  
  <field content="EDEGBEHEIBEGBIDJIJDMFFHBHDDCDHBBFFDGKLGDAA__AA__AAAA__AA__AASPRQURTUSPPTPTWNXNQNNQVUPSOSVPRNTYNPQPQR"/>
  <move id="1" source="I4" target="I5"/>
  <move id="2" source="K7" target="K6"/>
  <move id="3" source="K4" target="K5"/>
  <move id="4" source="I7" target="I6"/>
  <move id="5" source="H4" target="I4"/>
  <move id="6" source="F7" target="F6"/>
  <move id="7" source="K3" target="K4"/>
  <move id="8" source="F6" target="F5"/>
  <move id="9" source="F4" target="F5"/>
  <move id="10" source="E7" target="E6"/>
  <move id="11" source="F5" target="F4"/>
  <move id="12" source="E6" target="E5"/>
  <move id="13" source="K5" target="K6"/>
  <move id="14" source="E5" target="E4"/>
  <move id="15" source="K4" target="K5"/>
  <move id="16" source="E4" target="F4"/>
  <move id="17" source="G4" target="F4"/>
  <move id="18" source="G7" target="F7"/>
  <move id="19" source="F4" target="G4"/>
  <move id="20" source="F7" target="F6"/>
  <move id="21" source="F3" target="F6"/>
  <move id="22" source="F6" target="E6"/>
  <move id="23" source="I5" target="I6"/>
  <move id="24" source="E6" target="E5"/>
  <move id="25" source="I4" target="I5"/>
  <move id="26" source="G8" target="G7"/>
  <move id="27" source="G4" target="F4"/>
  <move id="28" source="G7" target="F7"/>
  <move id="29" source="F4" target="E4"/>
  <move id="30" source="E5" target="F5"/>
  <move id="31" source="G3" target="G4"/>
  <move id="32" source="E8" target="E7"/>
  <move id="33" source="G4" target="F4"/>
  <move id="34" source="F5" target="F6"/>
  <move id="35" source="F4" target="F5"/>
  <move id="36" source="E7" target="E6"/>
  <move id="37" source="E4" target="F4"/>
  <move id="38" source="E6" target="E5"/>
  <move id="39" source="I5" target="I6"/>
  <move id="40" source="E5" target="E4"/>
  <move id="41" source="D4" target="E4"/>
  <move id="42" source="E4" target="E5"/>
  <move id="43" source="F4" target="E4"/>
  <move id="44" source="E5" target="F5"/>
  <move id="45" source="E4" target="E5"/>
  <move id="46" source="F5" target="F4"/>
  <move id="47" source="H3" target="G3"/>
  <move id="48" source="F7" target="E7"/>
  <move id="49" source="G3" target="F3"/>
  <move id="50" source="F4" target="E4"/>
  <move id="51" source="E5" target="F5"/>
  <move id="52" source="F6" target="F7"/>
  <move id="53" source="F5" target="F6"/>
  <move id="54" source="F7" target="G7"/>
  <move id="55" source="K5" target="K6"/>
  <move id="56" source="E4" target="E5"/>
  <move id="57" source="F3" target="F4"/>
  <move id="58" source="E5" target="E6"/>
  <move id="59" source="F6" target="F5"/>
  <move id="60" source="E6" target="F6"/>
  <move id="61" source="F5" target="E5"/>
  <move id="62" source="F6" target="E6"/>
  <move id="63" source="E5" target="F5"/>
  <move id="64" source="G7" target="F7"/>
  <move id="65" source="K6" target="K7"/>
  <move id="66" source="H7" target="G7"/>
  <move id="67" source="K7" target="I7"/>
  <move id="68" source="E6" target="E5"/>
  <move id="69" source="F5" target="F6"/>
  <move id="70" source="I8" target="I7"/>
  <move id="71" source="F4" target="E4"/>
  <move id="72" source="E5" target="F5"/>
  <move id="73" source="F6" target="E6"/>
  <move id="74" source="E7" target="E6"/>
  <move id="75" source="I3" target="K3"/>
  <move id="76" source="F7" target="E7"/>
  <move id="77" source="K3" target="K8"/>
  <move id="78" source="G7" target="H7"/>
  <move id="79" source="E4" target="F4"/>
  <move id="80" source="F5" target="F6"/>
  <move id="81" source="F4" target="G4"/>
  <move id="82" source="F6" target="F7"/>
  <move id="83" source="G4" target="H4"/>
  <move id="84" source="H7" target="I7"/>
  <move id="85" source="I6" target="I5"/>
  <move id="86" source="I7" target="I6"/>
  <move id="87" source="I5" target="I4"/>
  <move id="88" source="F7" target="G7"/>
  <move id="89" source="I4" target="I3"/>
  <move id="90" source="E7" target="F7"/>
  <move id="91" source="H4" target="I4"/>
  <move id="92" source="E6" target="F6"/>
  <move id="93" source="I4" target="I5"/>
  <move id="94" source="I6" target="I7"/>
  <move id="95" source="I5" target="I6"/>
  <move id="96" source="I7" target="H7"/>
  <move id="97" source="I6" target="I7"/>
  <move id="98" source="F7" target="E7"/>
  <move id="99" source="E3" target="F3"/>
  <move id="100" source="E7" target="E6"/>
  <move id="101" source="E2" target="E6"/>
  <move id="102" source="E6" target="E5"/>
  <move id="103" source="C4" target="D4"/>
  <move id="104" source="E5" target="F5"/>
  <move id="105" source="D4" target="E4"/>
  <move id="106" source="F6" target="E6"/>
  <move id="107" source="F3" target="F4"/>
  <move id="108" source="F5" target="F6"/>
  <move id="109" source="F4" target="F5"/>
  <move id="110" source="E9" target="E8"/>
  <move id="111" source="I3" target="H3"/>
  <move id="112" source="E8" target="E7"/>
  <move id="113" source="H3" target="G3"/>
  <move id="114" source="F6" target="F7"/>
  <move id="115" source="G3" target="F3"/>
  <move id="116" source="E7" target="E8"/>
  <move id="117" source="F3" target="F4"/>
  <move id="118" source="F7" target="E7"/>
  <move id="119" source="E4" target="E5"/>
  <move id="120" source="E6" target="F6"/>
  <move id="121" source="H2" target="H3"/>
  <move id="122" source="E7" target="F7"/>
  <move id="123" source="H3" target="G3"/>
  <move id="124" source="E8" target="E5"/>
  <move id="125" source="H1" target="H2"/>
  <move id="126" source="F7" target="E7"/>
  <move id="127" source="H2" target="H3"/>
  <move id="128" source="E7" target="E6"/>
  <move id="129" source="H3" target="H4"/>
  <move id="130" source="E6" target="E5"/>
  <move id="131" source="F5" target="E5"/>
  <move id="132" source="D7" target="E7"/>
  <move id="133" source="F2" target="E2"/>
  <move id="134" source="E7" target="E6"/>
  <move id="135" source="E2" target="E3"/>
  <move id="136" source="E6" target="E5"/>
  <move id="137" source="E3" target="E4"/>
  <move id="138" source="E5" target="F5"/>
  <move id="139" source="F4" target="G4"/>
  <move id="140" source="F5" target="F4"/>
  <move id="141" source="E4" target="F4"/>
  <move id="142" source="F6" target="F5"/>
  <move id="143" source="H4" target="I4"/>
  <move id="144" source="G7" target="F7"/>
  <move id="145" source="I4" target="K4"/>
  <move id="146" source="F7" target="E7"/>
  <move id="147" source="D2" target="E2"/>
  <move id="148" source="E7" target="F7"/>
  <move id="149" source="K4" target="K5"/>
  <move id="150" source="F7" target="F6"/>
  <move id="151" source="K5" target="K6"/>
  <move id="152" source="H7" target="I7"/>
  <move id="153" source="F4" target="F3"/>
  <move id="154" source="F6" target="E6"/>
  <move id="155" source="G4" target="F4"/>
  <move id="156" source="F5" target="E5"/>
  <move id="157" source="G3" target="H3"/>
  <move id="158" source="I7" target="K7"/>
  <move id="159" source="K6" target="I6"/>
  <move id="160" source="E6" target="E7"/>
  <move id="161" source="H3" target="I3"/>
  <move id="162" source="G9" target="G8"/>
  <move id="163" source="I3" target="K3"/>
  <move id="164" source="G8" target="G7"/>
  <move id="165" source="K3" target="K4"/>
  <move id="166" source="G7" target="F7"/>
  <move id="167" source="K4" target="K5"/>
  <move id="168" source="F7" target="F6"/>
  <move id="169" source="K5" target="K6"/>
  <move id="170" source="F6" target="F5"/>
  <move id="171" source="K6" target="K7"/>
  <move id="172" source="F5" target="F4"/>
  <move id="173" source="K7" target="I7"/>
  <move id="174" source="E7" target="F7"/>
  <move id="175" source="I6" target="K6"/>
  <move id="176" source="F7" target="G7"/>
  <move id="177" source="K6" target="K7"/>
  <move id="178" source="G7" target="H7"/>
  <move id="179" source="K7" target="K8"/>
  <move id="180" source="H7" target="I7"/>
  <move id="181" source="K8" target="K9"/>
  <move id="182" source="I7" target="I6"/>
  <move id="183" source="K9" target="K:"/>
  <move id="184" source="I6" target="I5"/>
  <move id="185" source="F3" target="F4"/>
  <move id="186" source="I5" target="I4"/>
  <move id="187" source="I2" target="I4"/>
  <move id="188" source="I9" target="I8"/>
  <player id="1">Player 1</player>
  <player id="2">Player 2</player>
  <result type="3" winner="2"/>
 </game>
</stratego>