<?xml version="1.0" encoding="UTF-8"?>
<stratego>
 <game type="classic">
  
  <field content="IMIIBFBFBFHLGJBGBGBEEHCEHKEEDHDFJGDDDDDDAA__AA__AAAA__AA__AAPTSWPTQTRPPVQOSPUNSRPPXPVNTNQUUQRQNYNRNS"/>
  <move id="1" source="A4" target="A7"/>
  <move id="2" source="A8" target="A3"/>
  <move id="3" source="B4" target="B5"/>
  <move id="4" source="B7" target="B6"/>
  <move id="5" source="B3" target="B4"/>
  <move id="6" source="B6" target="B5"/>
  <move id="7" source="B4" target="B3"/>
  <move id="8" source="B5" target="A5"/>
  <move id="9" source="B3" target="B4"/>
  <move id="10" source="A5" target="A4"/>
  <move id="11" source="A3" target="B3"/>
  <move id="12" source="A4" target="A3"/>
  <move id="13" source="A2" target="A3"/>
  <move id="14" source="C7" target="B7"/>
  <move id="15" source="B3" target="A3"/>
  <move id="16" source="B7" target="B6"/>
  <move id="17" source="A1" target="A2"/>
  <move id="18" source="B6" target="B5"/>
  <move id="19" source="B4" target="B3"/>
  <move id="20" source="B5" target="A5"/>
  <move id="21" source="E4" target="E5"/>
  <move id="22" source="A5" target="A4"/>
  <move id="23" source="A3" target="A4"/>
  <move id="24" source="A4" target="A3"/>
  <move id="25" source="A2" target="A3"/>
  <move id="26" source="B8" target="B7"/>
  <move id="27" source="E3" target="E4"/>
  <move id="28" source="B7" target="B6"/>
  <move id="29" source="D3" target="E3"/>
  <move id="30" source="B6" target="B5"/>
  <move id="31" source="B3" target="B4"/>
  <move id="32" source="B5" target="A5"/>
  <move id="33" source="C3" target="B3"/>
  <move id="34" source="A5" target="A4"/>
  <move id="35" source="B2" target="A2"/>
  <move id="36" source="B9" target="B4"/>
  <move id="37" source="E5" target="E7"/>
  <move id="38" source="A9" target="B9"/>
  <move id="39" source="F4" target="F5"/>
  <move id="40" source="A:" target="A9"/>
  <move id="41" source="E4" target="E5"/>
  <move id="42" source="A9" target="A8"/>
  <move id="43" source="E3" target="E4"/>
  <move id="44" source="A8" target="A7"/>
  <move id="45" source="F5" target="F6"/>
  <move id="46" source="A7" target="B7"/>
  <move id="47" source="E5" target="F5"/>
  <move id="48" source="C8" target="C7"/>
  <move id="49" source="E4" target="E5"/>
  <move id="50" source="E8" target="E7"/>
  <move id="51" source="G4" target="F4"/>
  <move id="52" source="B7" target="B6"/>
  <move id="53" source="F4" target="E4"/>
  <move id="54" source="B6" target="B5"/>
  <move id="55" source="F3" target="E3"/>
  <move id="56" source="B5" target="B4"/>
  <move id="57" source="C4" target="B4"/>
  <move id="58" source="A4" target="A3"/>
  <move id="59" source="A2" target="A3"/>
  <move id="60" source="E7" target="E8"/>
  <move id="61" source="F5" target="F4"/>
  <move id="62" source="D7" target="E7"/>
  <move id="63" source="F4" target="F3"/>
  <move id="64" source="E7" target="E6"/>
  <move id="65" source="F6" target="F7"/>
  <move id="66" source="E6" target="E5"/>
  <move id="67" source="E4" target="G4"/>
  <move id="68" source="E5" target="F5"/>
  <move id="69" source="E3" target="E4"/>
  <move id="70" source="D8" target="C8"/>
  <move id="71" source="B3" target="B2"/>
  <move id="72" source="C8" target="B8"/>
  <move id="73" source="D2" target="D3"/>
  <move id="74" source="C9" target="C8"/>
  <move id="75" source="D3" target="C3"/>
  <move id="76" source="C8" target="D8"/>
  <move id="77" source="C3" target="B3"/>
  <move id="78" source="D8" target="D7"/>
  <move id="79" source="A3" target="A4"/>
  <move id="80" source="D7" target="E7"/>
  <move id="81" source="B3" target="A3"/>
  <move id="82" source="E7" target="E6"/>
  <move id="83" source="B4" target="B3"/>
  <move id="84" source="E6" target="E5"/>
  <move id="85" source="E4" target="F4"/>
  <move id="86" source="E5" target="E4"/>
  <move id="87" source="F4" target="F5"/>
  <move id="88" source="E4" target="E3"/>
  <move id="89" source="F3" target="E3"/>
  <move id="90" source="F7" target="E7"/>
  <move id="91" source="G4" target="F4"/>
  <move id="92" source="F8" target="F4"/>
  <move id="93" source="G3" target="G4"/>
  <move id="94" source="E8" target="D8"/>
  <move id="95" source="G4" target="F4"/>
  <move id="96" source="E9" target="E8"/>
  <move id="97" source="B3" target="B4"/>
  <move id="98" source="E8" target="F8"/>
  <move id="99" source="A3" target="B3"/>
  <move id="100" source="F8" target="F7"/>
  <move id="101" source="B4" target="B5"/>
  <move id="102" source="F7" target="F6"/>
  <move id="103" source="B3" target="C3"/>
  <move id="104" source="F6" target="F5"/>
  <move id="105" source="F4" target="E4"/>
  <move id="106" source="E3" target="E4"/>
  <move id="107" source="D4" target="D3"/>
  <move id="108" source="E4" target="E3"/>
  <move id="109" source="D3" target="D2"/>
  <move id="110" source="E3" target="E4"/>
  <move id="111" source="B2" target="B3"/>
  <move id="112" source="F5" target="F4"/>
  <move id="113" source="C3" target="D3"/>
  <move id="114" source="F4" target="F3"/>
  <move id="115" source="F2" target="F3"/>
  <move id="116" source="F3" target="G3"/>
  <move id="117" source="A4" target="B4"/>
  <move id="118" source="G7" target="F7"/>
  <move id="119" source="B5" target="A5"/>
  <move id="120" source="F7" target="F6"/>
  <move id="121" source="A5" target="A4"/>
  <move id="122" source="F6" target="F5"/>
  <move id="123" source="B3" target="B2"/>
  <move id="124" source="F5" target="F4"/>
  <move id="125" source="C2" target="C3"/>
  <move id="126" source="F4" target="F3"/>
  <move id="127" source="B2" target="C2"/>
  <move id="128" source="F3" target="F2"/>
  <move id="129" source="A4" target="A3"/>
  <move id="130" source="F2" target="G2"/>
  <move id="131" source="H3" target="G3"/>
  <move id="132" source="G2" target="G1"/>
  <move id="133" source="H1" target="G1"/>
  <move id="134" source="G3" target="G2"/>
  <move id="135" source="H2" target="H3"/>
  <move id="136" source="G2" target="G1"/>
  <move id="137" source="B4" target="C4"/>
  <move id="138" source="G1" target="G2"/>
  <move id="139" source="C3" target="B3"/>
  <move id="140" source="E4" target="F4"/>
  <move id="141" source="C4" target="D4"/>
  <move id="142" source="F4" target="G4"/>
  <move id="143" source="D4" target="E4"/>
  <move id="144" source="G2" target="H2"/>
  <move id="145" source="E4" target="F4"/>
  <move id="146" source="G4" target="F4"/>
  <move id="147" source="H3" target="G3"/>
  <move id="148" source="H2" target="H3"/>
  <move id="149" source="G3" target="G4"/>
  <move id="150" source="H3" target="G3"/>
  <move id="151" source="G4" target="F4"/>
  <move id="152" source="G3" target="F3"/>
  <move id="153" source="F4" target="E4"/>
  <move id="154" source="F3" target="E3"/>
  <move id="155" source="E4" target="D4"/>
  <move id="156" source="E3" target="D3"/>
  <move id="157" source="C2" target="B2"/>
  <move id="158" source="B8" target="B7"/>
  <move id="159" source="C1" target="C2"/>
  <move id="160" source="B7" target="B6"/>
  <move id="161" source="C2" target="C3"/>
  <move id="162" source="B6" target="B5"/>
  <move id="163" source="B2" target="C2"/>
  <move id="164" source="B5" target="B4"/>
  <move id="165" source="B3" target="B2"/>
  <move id="166" source="B4" target="B3"/>
  <move id="167" source="A3" target="B3"/>
  <move id="168" source="G8" target="F8"/>
  <move id="169" source="B3" target="B4"/>
  <move id="170" source="F8" target="F7"/>
  <move id="171" source="B4" target="C4"/>
  <move id="172" source="F7" target="F6"/>
  <move id="173" source="D4" target="D3"/>
  <move id="174" source="F6" target="F5"/>
  <move id="175" source="C4" target="D4"/>
  <move id="176" source="F5" target="F4"/>
  <move id="177" source="D4" target="E4"/>
  <move id="178" source="F4" target="F3"/>
  <move id="179" source="E4" target="E3"/>
  <move id="180" source="F3" target="F4"/>
  <move id="181" source="H4" target="F4"/>
  <move id="182" source="K7" target="K4"/>
  <move id="183" source="I4" target="K4"/>
  <move id="184" source="K8" target="K7"/>
  <move id="185" source="C3" target="C4"/>
  <move id="186" source="K7" target="K6"/>
  <move id="187" source="D3" target="C3"/>
  <move id="188" source="K6" target="K5"/>
  <move id="189" source="I3" target="H3"/>
  <move id="190" source="K9" target="K8"/>
  <move id="191" source="H3" target="G3"/>
  <move id="192" source="K8" target="K7"/>
  <move id="193" source="G3" target="F3"/>
  <move id="194" source="K7" target="K6"/>
  <move id="195" source="F3" target="F2"/>
  <move id="196" source="K5" target="K4"/>
  <move id="197" source="E3" target="F3"/>
  <move id="198" source="F4" target="E4"/>
  <move id="199" source="K3" target="K4"/>
  <move id="200" source="E4" target="D4"/>
  <move id="201" source="F3" target="E3"/>
  <move id="202" source="D4" target="C4"/>
  <move id="203" source="C3" target="B3"/>
  <move id="204" source="K6" target="K5"/>
  <move id="205" source="K4" target="I4"/>
  <move id="206" source="K5" target="I5"/>
  <move id="207" source="I4" target="H4"/>
  <move id="208" source="I5" target="I4"/>
  <move id="209" source="H4" target="G4"/>
  <move id="210" source="I7" target="I6"/>
  <move id="211" source="G4" target="F4"/>
  <move id="212" source="I4" target="H4"/>
  <move id="213" source="E3" target="F3"/>
  <move id="214" source="H4" target="G4"/>
  <move id="215" source="F4" target="E4"/>
  <move id="216" source="E7" target="E6"/>
  <move id="217" source="F2" target="G2"/>
  <move id="218" source="E6" target="E5"/>
  <move id="219" source="E4" target="E3"/>
  <move id="220" source="E5" target="E4"/>
  <move id="221" source="G2" target="G4"/>
  <move id="222" source="E4" target="E3"/>
  <move id="223" source="C2" target="C1"/>
  <move id="224" source="I6" target="I5"/>
  <move id="225" source="D2" target="C2"/>
  <move id="226" source="I5" target="I4"/>
  <move id="227" source="D1" target="D2"/>
  <move id="228" source="I4" target="I3"/>
  <move id="229" source="D2" target="D3"/>
  <move id="230" source="I3" target="H3"/>
  <move id="231" source="D3" target="E3"/>
  <move id="232" source="H3" target="H2"/>
  <move id="233" source="B3" target="A3"/>
  <move id="234" source="H2" target="H1"/>
  <move id="235" source="E3" target="E4"/>
  <move id="236" source="H1" target="I1"/>
  <move id="237" source="E4" target="E5"/>
  <move id="238" source="D8" target="C8"/>
  <move id="239" source="E5" target="E6"/>
  <move id="240" source="C8" target="B8"/>
  <move id="241" source="E6" target="E7"/>
  <move id="242" source="B8" target="B7"/>
  <move id="243" source="E7" target="E8"/>
  <move id="244" source="B7" target="B6"/>
  <move id="245" source="B2" target="B3"/>
  <move id="246" source="B6" target="B5"/>
  <move id="247" source="B3" target="B4"/>
  <move id="248" source="B5" target="B4"/>
  <move id="249" source="C2" target="B2"/>
  <move id="250" source="I9" target="K9"/>
  <move id="251" source="K2" target="K3"/>
  <move id="252" source="I8" target="I7"/>
  <move id="253" source="K3" target="I3"/>
  <move id="254" source="I7" target="I6"/>
  <move id="255" source="I3" target="H3"/>
  <move id="256" source="I6" target="I5"/>
  <move id="257" source="H3" target="G3"/>
  <move id="258" source="I5" target="I4"/>
  <move id="259" source="G3" target="G2"/>
  <move id="260" source="I4" target="I3"/>
  <move id="261" source="C1" target="C2"/>
  <move id="262" source="I3" target="K3"/>
  <move id="263" source="C2" target="C3"/>
  <move id="264" source="K3" target="K2"/>
  <move id="265" source="C3" target="D3"/>
  <move id="266" source="K2" target="K1"/>
  <move id="267" source="D3" target="E3"/>
  <move id="268" source="H7" target="G7"/>
  <move id="269" source="E8" target="E7"/>
  <move id="270" source="G7" target="G8"/>
  <move id="271" source="E7" target="F7"/>
  <move id="272" source="K9" target="K8"/>
  <move id="273" source="E3" target="E4"/>
  <move id="274" source="C7" target="D7"/>
  <move id="275" source="E4" target="E5"/>
  <move id="276" source="K8" target="K7"/>
  <move id="277" source="E5" target="E6"/>
  <move id="278" source="K7" target="K6"/>
  <move id="279" source="E6" target="E7"/>
  <move id="280" source="D7" target="E7"/>
  <move id="281" source="F7" target="E7"/>
  <move id="282" source="G8" target="F8"/>
  <move id="283" source="B2" target="B3"/>
  <move id="284" source="K6" target="K5"/>
  <move id="285" source="B3" target="B4"/>
  <move id="286" source="K5" target="K4"/>
  <move id="287" source="G2" target="F2"/>
  <move id="288" source="K4" target="I4"/>
  <move id="289" source="F2" target="G2"/>
  <move id="290" source="I4" target="I3"/>
  <move id="291" source="B4" target="B5"/>
  <move id="292" source="I3" target="I2"/>
  <move id="293" source="G2" target="H2"/>
  <move id="294" source="I2" target="I1"/>
  <move id="295" source="H2" target="I2"/>
  <move id="296" source="I1" target="H1"/>
  <move id="297" source="I2" target="I3"/>
  <move id="298" source="K:" target="K9"/>
  <move id="299" source="I3" target="I4"/>
  <move id="300" source="K9" target="K8"/>
  <move id="301" source="I4" target="I5"/>
  <move id="302" source="K8" target="K7"/>
  <move id="303" source="I5" target="I6"/>
  <move id="304" source="H1" target="G1"/>
  <move id="305" source="E7" target="F7"/>
  <move id="306" source="F8" target="E8"/>
  <move id="307" source="F3" target="E3"/>
  <move id="308" source="G1" target="F1"/>
  <move id="309" source="F1" target="F2"/>
  <move id="310" source="K1" target="I1"/>
  <move id="311" source="F2" target="F3"/>
  <move id="312" source="I1" target="I2"/>
  <move id="313" source="E3" target="E4"/>
  <move id="314" source="I2" target="I3"/>
  <move id="315" source="F3" target="F4"/>
  <move id="316" source="I3" target="I4"/>
  <move id="317" source="F4" target="F5"/>
  <move id="318" source="I4" target="I5"/>
  <move id="319" source="F7" target="F8"/>
  <move id="320" source="E8" target="E7"/>
  <move id="321" source="F8" target="G8"/>
  <move id="322" source="I5" target="I6"/>
  <move id="323" source="G8" target="H8"/>
  <player id="1">Player 1</player>
  <player id="2">Player 2</player>
  <result type="3" winner="2"/>
 </game>
</stratego>