<?xml version="1.0" encoding="UTF-8"?>
<stratego>
 <game type="classic">
  
  <field content="FEHMGEDEHDBGIGBBGIEDEBJBHJBCKDFDHDFDLIDFAA__AA__AAAA__AA__AARPPUSTWVTUTNSQPPQOPRSRQVNQPUPXRNTNYNSNQP"/>
  <move id="1" source="K4" target="K5"/>
  <move id="2" source="K7" target="K6"/>
  <move id="3" source="K3" target="K4"/>
  <move id="4" source="K6" target="K5"/>
  <move id="5" source="K4" target="K3"/>
  <move id="6" source="K5" target="K4"/>
  <move id="7" source="I4" target="I5"/>
  <move id="8" source="K4" target="K3"/>
  <move id="9" source="I3" target="K3"/>
  <move id="10" source="K8" target="K7"/>
  <move id="11" source="I5" target="I7"/>
  <move id="12" source="K7" target="K6"/>
  <move id="13" source="K3" target="I3"/>
  <move id="14" source="K6" target="I6"/>
  <move id="15" source="K2" target="K3"/>
  <move id="16" source="I6" target="I5"/>
  <move id="17" source="K3" target="K4"/>
  <move id="18" source="I7" target="K7"/>
  <move id="19" source="K4" target="I4"/>
  <move id="20" source="I5" target="K5"/>
  <move id="21" source="K1" target="K5"/>
  <move id="22" source="I8" target="I7"/>
  <move id="23" source="I3" target="K3"/>
  <move id="24" source="K5" target="K6"/>
  <move id="25" source="K3" target="K4"/>
  <move id="26" source="I7" target="I6"/>
  <move id="27" source="K4" target="K5"/>
  <move id="28" source="K7" target="I7"/>
  <move id="29" source="I4" target="I6"/>
  <move id="30" source="K6" target="K7"/>
  <move id="31" source="K5" target="K6"/>
  <move id="32" source="K9" target="K8"/>
  <move id="33" source="H4" target="I4"/>
  <move id="34" source="B7" target="B4"/>
  <move id="35" source="C4" target="B4"/>
  <move id="36" source="F7" target="F6"/>
  <move id="37" source="I4" target="I5"/>
  <move id="38" source="F6" target="F5"/>
  <move id="39" source="I5" target="I6"/>
  <move id="40" source="H8" target="I8"/>
  <move id="41" source="K6" target="K7"/>
  <move id="42" source="K8" target="K7"/>
  <move id="43" source="E4" target="E5"/>
  <move id="44" source="F5" target="E5"/>
  <move id="45" source="F4" target="F8"/>
  <move id="46" source="E8" target="F8"/>
  <move id="47" source="F3" target="F4"/>
  <move id="48" source="F8" target="F4"/>
  <move id="49" source="F4" target="F5"/>
  <move id="50" source="E5" target="E6"/>
  <move id="51" source="F5" target="F6"/>
  <move id="52" source="E6" target="E5"/>
  <move id="53" source="G4" target="F4"/>
  <move id="54" source="G7" target="F7"/>
  <move id="55" source="F6" target="E6"/>
  <move id="56" source="E5" target="F5"/>
  <move id="57" source="F4" target="F5"/>
  <move id="58" source="E7" target="E8"/>
  <move id="59" source="F5" target="F6"/>
  <move id="60" source="F7" target="E7"/>
  <move id="61" source="E6" target="E5"/>
  <move id="62" source="K7" target="K6"/>
  <move id="63" source="I6" target="I7"/>
  <move id="64" source="H7" target="I7"/>
  <move id="65" source="D4" target="E4"/>
  <move id="66" source="I7" target="I6"/>
  <move id="67" source="E5" target="F5"/>
  <move id="68" source="I6" target="I5"/>
  <move id="69" source="E4" target="E7"/>
  <move id="70" source="G8" target="G7"/>
  <move id="71" source="F5" target="F4"/>
  <move id="72" source="I5" target="I4"/>
  <move id="73" source="F4" target="G4"/>
  <move id="74" source="I8" target="H8"/>
  <move id="75" source="B4" target="B5"/>
  <move id="76" source="I4" target="K4"/>
  <move id="77" source="B5" target="B6"/>
  <move id="78" source="I9" target="I2"/>
  <move id="79" source="B6" target="B7"/>
  <move id="80" source="K4" target="K3"/>
  <move id="81" source="B7" target="C7"/>
  <move id="82" source="D7" target="C7"/>
  <move id="83" source="C3" target="C4"/>
  <move id="84" source="C7" target="B7"/>
  <move id="85" source="C4" target="B4"/>
  <move id="86" source="B7" target="B6"/>
  <move id="87" source="B4" target="B5"/>
  <move id="88" source="K3" target="I3"/>
  <move id="89" source="B5" target="B6"/>
  <move id="90" source="E7" target="D7"/>
  <move id="91" source="G4" target="H4"/>
  <move id="92" source="I3" target="I2"/>
  <move id="93" source="H4" target="I4"/>
  <move id="94" source="K:" target="K9"/>
  <move id="95" source="A4" target="A5"/>
  <move id="96" source="D7" target="C7"/>
  <move id="97" source="A5" target="A6"/>
  <move id="98" source="C7" target="B7"/>
  <move id="99" source="B6" target="B5"/>
  <move id="100" source="B7" target="B6"/>
  <move id="101" source="B5" target="B4"/>
  <move id="102" source="B6" target="A6"/>
  <move id="103" source="B4" target="C4"/>
  <move id="104" source="A6" target="B6"/>
  <move id="105" source="C4" target="D4"/>
  <move id="106" source="B6" target="B7"/>
  <move id="107" source="D4" target="E4"/>
  <move id="108" source="B7" target="C7"/>
  <move id="109" source="F6" target="F7"/>
  <move id="110" source="G9" target="G8"/>
  <move id="111" source="E4" target="E5"/>
  <move id="112" source="I2" target="K2"/>
  <move id="113" source="E5" target="E6"/>
  <move id="114" source="K6" target="I6"/>
  <move id="115" source="E6" target="E7"/>
  <move id="116" source="I6" target="I7"/>
  <move id="117" source="E7" target="E8"/>
  <move id="118" source="H8" target="H7"/>
  <move id="119" source="E8" target="F8"/>
  <move id="120" source="G8" target="H8"/>
  <move id="121" source="F8" target="G8"/>
  <move id="122" source="I7" target="I8"/>
  <move id="123" source="G8" target="G7"/>
  <move id="124" source="H7" target="I7"/>
  <move id="125" source="G7" target="H7"/>
  <move id="126" source="K2" target="I2"/>
  <move id="127" source="E3" target="E4"/>
  <move id="128" source="I2" target="I3"/>
  <move id="129" source="I4" target="I3"/>
  <move id="130" source="K9" target="K3"/>
  <move id="131" source="F7" target="G7"/>
  <move id="132" source="K3" target="H3"/>
  <move id="133" source="H2" target="H3"/>
  <move id="134" source="C7" target="D7"/>
  <move id="135" source="G7" target="G8"/>
  <move id="136" source="I7" target="I6"/>
  <move id="137" source="G8" target="H8"/>
  <move id="138" source="I8" target="I7"/>
  <move id="139" source="H7" target="G7"/>
  <move id="140" source="D7" target="E7"/>
  <move id="141" source="G7" target="G8"/>
  <move id="142" source="E7" target="F7"/>
  <move id="143" source="E4" target="D4"/>
  <move id="144" source="I7" target="K7"/>
  <move id="145" source="D4" target="C4"/>
  <move id="146" source="K7" target="K6"/>
  <move id="147" source="C4" target="B4"/>
  <move id="148" source="K6" target="K5"/>
  <move id="149" source="B4" target="B5"/>
  <move id="150" source="K5" target="I5"/>
  <move id="151" source="H3" target="H4"/>
  <move id="152" source="D8" target="D7"/>
  <move id="153" source="B5" target="B6"/>
  <move id="154" source="I6" target="I7"/>
  <move id="155" source="B6" target="B7"/>
  <move id="156" source="H9" target="I9"/>
  <move id="157" source="B7" target="B8"/>
  <move id="158" source="I9" target="K9"/>
  <move id="159" source="A3" target="A4"/>
  <move id="160" source="K9" target="K8"/>
  <move id="161" source="A4" target="A5"/>
  <move id="162" source="D9" target="D8"/>
  <move id="163" source="A5" target="A6"/>
  <move id="164" source="D8" target="E8"/>
  <move id="165" source="A6" target="B6"/>
  <move id="166" source="E8" target="E7"/>
  <move id="167" source="B6" target="B7"/>
  <move id="168" source="A7" target="B7"/>
  <move id="169" source="H4" target="G4"/>
  <move id="170" source="E7" target="E6"/>
  <move id="171" source="G4" target="F4"/>
  <move id="172" source="E6" target="E5"/>
  <move id="173" source="C2" target="C3"/>
  <move id="174" source="I5" target="I4"/>
  <move id="175" source="C3" target="C4"/>
  <move id="176" source="K8" target="K7"/>
  <move id="177" source="C4" target="B4"/>
  <move id="178" source="K7" target="K6"/>
  <move id="179" source="B4" target="B5"/>
  <move id="180" source="I:" target="K:"/>
  <move id="181" source="B5" target="B6"/>
  <move id="182" source="K:" target="K9"/>
  <move id="183" source="B6" target="B7"/>
  <move id="184" source="K9" target="K8"/>
  <move id="185" source="B7" target="A7"/>
  <move id="186" source="K6" target="I6"/>
  <move id="187" source="A7" target="A8"/>
  <move id="188" source="I4" target="H4"/>
  <move id="189" source="A8" target="A9"/>
  <move id="190" source="H4" target="G4"/>
  <move id="191" source="F4" target="E4"/>
  <move id="192" source="E5" target="E4"/>
  <move id="193" source="A9" target="B9"/>
  <move id="194" source="E4" target="E5"/>
  <move id="195" source="B9" target="B:"/>
  <move id="196" source="G4" target="F4"/>
  <move id="197" source="G8" target="G9"/>
  <move id="198" source="I6" target="I5"/>
  <move id="199" source="G9" target="G:"/>
  <move id="200" source="I5" target="I4"/>
  <move id="201" source="C1" target="C2"/>
  <move id="202" source="I4" target="I3"/>
  <move id="203" source="C2" target="C3"/>
  <move id="204" source="F4" target="G4"/>
  <move id="205" source="C3" target="C4"/>
  <move id="206" source="G4" target="H4"/>
  <move id="207" source="C4" target="B4"/>
  <move id="208" source="H4" target="I4"/>
  <move id="209" source="B4" target="B5"/>
  <move id="210" source="I4" target="I5"/>
  <move id="211" source="B5" target="B6"/>
  <move id="212" source="E5" target="E6"/>
  <move id="213" source="H8" target="G8"/>
  <move id="214" source="I7" target="H7"/>
  <move id="215" source="G:" target="F:"/>
  <move id="216" source="F7" target="F6"/>
  <move id="217" source="G8" target="F8"/>
  <move id="218" source="H7" target="G7"/>
  <player id="1">Player 1</player>
  <player id="2">Player 2</player>
  <result type="3" winner="2"/>
 </game>
</stratego>