<?xml version="1.0" encoding="UTF-8"?>
<stratego>
 <game type="classic">
  
  <field content="BHBMFEBFBEGDJGDDLBFDBIEKHDDJEIHDDEIGCHFGAA__AA__AAAA__AA__AARPQPURPPPVWNSUPXTNQPPSNTVQNSURQSTNOYTNRQ"/>
  <move id="1" source="K4" target="K5"/>
  <move id="2" source="K7" target="K6"/>
  <move id="3" source="I4" target="I5"/>
  <move id="4" source="I7" target="I5"/>
  <move id="5" source="K5" target="K4"/>
  <move id="6" source="K6" target="K5"/>
  <move id="7" source="I5" target="I4"/>
  <move id="8" source="E7" target="E6"/>
  <move id="9" source="E4" target="E5"/>
  <move id="10" source="E6" target="E5"/>
  <move id="11" source="D4" target="E4"/>
  <move id="12" source="A7" target="A6"/>
  <move id="13" source="E4" target="E5"/>
  <move id="14" source="A6" target="A7"/>
  <move id="15" source="E5" target="E6"/>
  <move id="16" source="H7" target="I7"/>
  <move id="17" source="E6" target="E7"/>
  <move id="18" source="I7" target="K7"/>
  <move id="19" source="F4" target="F5"/>
  <move id="20" source="G7" target="H7"/>
  <move id="21" source="F5" target="F6"/>
  <move id="22" source="F7" target="G7"/>
  <move id="23" source="F6" target="F7"/>
  <move id="24" source="F8" target="F7"/>
  <move id="25" source="E7" target="E6"/>
  <move id="26" source="F7" target="F6"/>
  <move id="27" source="E6" target="E5"/>
  <move id="28" source="F6" target="F5"/>
  <move id="29" source="E5" target="E6"/>
  <move id="30" source="E8" target="E6"/>
  <move id="31" source="C4" target="D4"/>
  <move id="32" source="G7" target="F7"/>
  <move id="33" source="C3" target="C4"/>
  <move id="34" source="F7" target="E7"/>
  <move id="35" source="F3" target="F4"/>
  <move id="36" source="F5" target="E5"/>
  <move id="37" source="E6" target="F6"/>
  <move id="38" source="E7" target="F7"/>
  <move id="39" source="F6" target="F5"/>
  <move id="40" source="F7" target="F6"/>
  <move id="41" source="E3" target="E4"/>
  <move id="42" source="E5" target="E6"/>
  <move id="43" source="F5" target="E5"/>
  <move id="44" source="F6" target="F5"/>
  <move id="45" source="F4" target="F3"/>
  <move id="46" source="F5" target="E5"/>
  <move id="47" source="E4" target="F4"/>
  <move id="48" source="E6" target="F6"/>
  <move id="49" source="B4" target="B7"/>
  <move id="50" source="C7" target="B7"/>
  <move id="51" source="C4" target="B4"/>
  <move id="52" source="D7" target="E7"/>
  <move id="53" source="F3" target="E3"/>
  <move id="54" source="E7" target="F7"/>
  <move id="55" source="E3" target="E4"/>
  <move id="56" source="F6" target="E6"/>
  <move id="57" source="B4" target="B5"/>
  <move id="58" source="F7" target="F4"/>
  <move id="59" source="E4" target="E3"/>
  <move id="60" source="E6" target="F6"/>
  <move id="61" source="D4" target="E4"/>
  <move id="62" source="E5" target="E6"/>
  <move id="63" source="E4" target="E5"/>
  <move id="64" source="E6" target="E7"/>
  <move id="65" source="B5" target="B6"/>
  <move id="66" source="B7" target="C7"/>
  <move id="67" source="E5" target="E4"/>
  <move id="68" source="F6" target="F5"/>
  <move id="69" source="F4" target="F3"/>
  <move id="70" source="E7" target="F7"/>
  <move id="71" source="E4" target="D4"/>
  <move id="72" source="C7" target="D7"/>
  <move id="73" source="D4" target="E4"/>
  <move id="74" source="D7" target="E7"/>
  <move id="75" source="E4" target="E7"/>
  <move id="76" source="E7" target="E8"/>
  <move id="77" source="B6" target="B7"/>
  <move id="78" source="F5" target="F6"/>
  <move id="79" source="E3" target="E4"/>
  <move id="80" source="F6" target="E6"/>
  <move id="81" source="F3" target="F4"/>
  <move id="82" source="F7" target="F8"/>
  <move id="83" source="F4" target="F5"/>
  <move id="84" source="H7" target="F7"/>
  <move id="85" source="B7" target="C7"/>
  <move id="86" source="F7" target="C7"/>
  <move id="87" source="C7" target="C8"/>
  <move id="88" source="K7" target="F7"/>
  <move id="89" source="D3" target="D4"/>
  <move id="90" source="E6" target="F6"/>
  <move id="91" source="F5" target="E5"/>
  <move id="92" source="F7" target="E7"/>
  <move id="93" source="E4" target="F4"/>
  <move id="94" source="K8" target="K7"/>
  <move id="95" source="E5" target="E4"/>
  <move id="96" source="F6" target="E6"/>
  <move id="97" source="D4" target="C4"/>
  <move id="98" source="E7" target="F7"/>
  <move id="99" source="F2" target="F3"/>
  <move id="100" source="F7" target="F4"/>
  <move id="101" source="F3" target="E3"/>
  <move id="102" source="G8" target="G7"/>
  <move id="103" source="G3" target="F3"/>
  <move id="104" source="G7" target="F7"/>
  <move id="105" source="F3" target="F4"/>
  <move id="106" source="E6" target="E5"/>
  <move id="107" source="C4" target="B4"/>
  <move id="108" source="F7" target="E7"/>
  <move id="109" source="B4" target="B5"/>
  <move id="110" source="K7" target="F7"/>
  <move id="111" source="B5" target="B6"/>
  <move id="112" source="F7" target="F4"/>
  <move id="113" source="E4" target="F4"/>
  <move id="114" source="E5" target="F5"/>
  <move id="115" source="E3" target="E4"/>
  <move id="116" source="E7" target="E6"/>
  <move id="117" source="E2" target="E3"/>
  <move id="118" source="E6" target="E5"/>
  <move id="119" source="E4" target="D4"/>
  <move id="120" source="F5" target="F6"/>
  <move id="121" source="G2" target="G3"/>
  <move id="122" source="E5" target="F5"/>
  <move id="123" source="G3" target="F3"/>
  <move id="124" source="F5" target="F4"/>
  <move id="125" source="F3" target="F4"/>
  <move id="126" source="A7" target="A6"/>
  <move id="127" source="B6" target="B5"/>
  <move id="128" source="A6" target="B6"/>
  <move id="129" source="B5" target="B4"/>
  <move id="130" source="B6" target="B5"/>
  <move id="131" source="B4" target="C4"/>
  <move id="132" source="B5" target="B4"/>
  <move id="133" source="B3" target="B4"/>
  <move id="134" source="A8" target="A7"/>
  <move id="135" source="B4" target="B3"/>
  <move id="136" source="A7" target="B7"/>
  <move id="137" source="B3" target="C3"/>
  <move id="138" source="B7" target="B6"/>
  <move id="139" source="C3" target="D3"/>
  <move id="140" source="B6" target="B5"/>
  <move id="141" source="B2" target="B3"/>
  <move id="142" source="B5" target="B4"/>
  <move id="143" source="C4" target="C3"/>
  <move id="144" source="B4" target="C4"/>
  <move id="145" source="D4" target="E4"/>
  <move id="146" source="F6" target="F5"/>
  <move id="147" source="F4" target="F3"/>
  <move id="148" source="C4" target="C3"/>
  <move id="149" source="D3" target="D4"/>
  <move id="150" source="K5" target="K4"/>
  <move id="151" source="I4" target="I5"/>
  <move id="152" source="K4" target="K5"/>
  <move id="153" source="I5" target="I6"/>
  <move id="154" source="F5" target="F6"/>
  <move id="155" source="F3" target="F4"/>
  <move id="156" source="F6" target="F7"/>
  <move id="157" source="F4" target="F5"/>
  <move id="158" source="F7" target="F6"/>
  <move id="159" source="F5" target="F4"/>
  <move id="160" source="F6" target="F7"/>
  <move id="161" source="F4" target="F5"/>
  <move id="162" source="F7" target="G7"/>
  <move id="163" source="F5" target="F6"/>
  <move id="164" source="G7" target="H7"/>
  <move id="165" source="I3" target="I4"/>
  <move id="166" source="H7" target="I7"/>
  <move id="167" source="I4" target="K4"/>
  <move id="168" source="K5" target="I5"/>
  <move id="169" source="I6" target="K6"/>
  <move id="170" source="I7" target="K7"/>
  <move id="171" source="K4" target="I4"/>
  <move id="172" source="I5" target="K5"/>
  <move id="173" source="K6" target="I6"/>
  <move id="174" source="K5" target="K6"/>
  <move id="175" source="I6" target="I5"/>
  <move id="176" source="K7" target="I7"/>
  <move id="177" source="I4" target="K4"/>
  <move id="178" source="I7" target="I6"/>
  <move id="179" source="K4" target="K5"/>
  <move id="180" source="K6" target="K7"/>
  <move id="181" source="I5" target="I4"/>
  <move id="182" source="I6" target="K6"/>
  <move id="183" source="K5" target="I5"/>
  <move id="184" source="K7" target="I7"/>
  <move id="185" source="E4" target="F4"/>
  <move id="186" source="I7" target="H7"/>
  <move id="187" source="E3" target="E4"/>
  <move id="188" source="K9" target="K8"/>
  <move id="189" source="E4" target="E5"/>
  <move id="190" source="K8" target="K7"/>
  <move id="191" source="E5" target="E6"/>
  <move id="192" source="K7" target="I7"/>
  <move id="193" source="E6" target="E7"/>
  <move id="194" source="I7" target="I6"/>
  <move id="195" source="F6" target="F7"/>
  <move id="196" source="H7" target="I7"/>
  <move id="197" source="E7" target="E8"/>
  <move id="198" source="I6" target="I5"/>
  <move id="199" source="I4" target="K4"/>
  <move id="200" source="I5" target="K5"/>
  <move id="201" source="K4" target="I4"/>
  <move id="202" source="K6" target="I6"/>
  <move id="203" source="I4" target="K4"/>
  <move id="204" source="I6" target="I5"/>
  <move id="205" source="I2" target="I3"/>
  <move id="206" source="K5" target="K4"/>
  <move id="207" source="E1" target="E2"/>
  <move id="208" source="F8" target="F7"/>
  <move id="209" source="E2" target="E3"/>
  <move id="210" source="I5" target="K5"/>
  <move id="211" source="E3" target="E4"/>
  <move id="212" source="I7" target="I6"/>
  <move id="213" source="E4" target="E5"/>
  <move id="214" source="I6" target="I5"/>
  <move id="215" source="E5" target="E6"/>
  <move id="216" source="I5" target="I4"/>
  <move id="217" source="E6" target="E7"/>
  <move id="218" source="I4" target="I3"/>
  <move id="219" source="H3" target="I3"/>
  <move id="220" source="K5" target="I5"/>
  <move id="221" source="E7" target="E8"/>
  <move id="222" source="E9" target="E8"/>
  <move id="223" source="F4" target="F5"/>
  <move id="224" source="I5" target="I6"/>
  <move id="225" source="F5" target="F6"/>
  <move id="226" source="I6" target="I7"/>
  <move id="227" source="F6" target="E6"/>
  <move id="228" source="I7" target="H7"/>
  <move id="229" source="E6" target="E7"/>
  <move id="230" source="H7" target="G7"/>
  <move id="231" source="F7" target="F8"/>
  <move id="232" source="E8" target="E7"/>
  <move id="233" source="C2" target="C3"/>
  <move id="234" source="E7" target="E6"/>
  <move id="235" source="C3" target="C4"/>
  <move id="236" source="E6" target="E5"/>
  <move id="237" source="C4" target="B4"/>
  <move id="238" source="E5" target="E4"/>
  <move id="239" source="D4" target="D3"/>
  <move id="240" source="E4" target="E3"/>
  <move id="241" source="D3" target="D4"/>
  <move id="242" source="E3" target="E4"/>
  <move id="243" source="D4" target="D3"/>
  <move id="244" source="E4" target="D4"/>
  <move id="245" source="D3" target="E3"/>
  <move id="246" source="D4" target="C4"/>
  <move id="247" source="B4" target="B5"/>
  <move id="248" source="G7" target="F7"/>
  <move id="249" source="F8" target="G8"/>
  <move id="250" source="E:" target="E9"/>
  <move id="251" source="B5" target="B6"/>
  <move id="252" source="E9" target="E8"/>
  <move id="253" source="B6" target="B7"/>
  <move id="254" source="E8" target="F8"/>
  <move id="255" source="G8" target="H8"/>
  <move id="256" source="F7" target="E7"/>
  <move id="257" source="B7" target="B8"/>
  <player id="1">Player 1</player>
  <player id="2">Player 2</player>
  <result type="3" winner="2"/>
 </game>
</stratego>