<?xml version="1.0" encoding="UTF-8"?>
<stratego>
 <game type="ultimate lightning">
  
  <field content="MAEAADAAAEBAHBDDADAAJACAAAAAAAGFLAAIKHGFAA__AA__AAAA__AA__AAAAAAAAAAAAUPXRTSATQPAAQAAVAOWAANRPPYSNAA"/>
  <move id="1" source="F4" target="F5"/>
  <move id="2" source="F8" target="F7"/>
  <move id="3" source="I4" target="I5"/>
  <move id="4" source="E8" target="E7"/>
  <move id="5" source="G4" target="F4"/>
  <move id="6" source="B8" target="B7"/>
  <move id="7" source="I5" target="I6"/>
  <move id="8" source="B7" target="B6"/>
  <move id="9" source="K4" target="K5"/>
  <move id="10" source="I8" target="I7"/>
  <move id="11" source="I6" target="I7"/>
  <move id="12" source="H8" target="I7"/>
  <move id="13" source="H4" target="I4"/>
  <move id="14" source="I7" target="I8"/>
  <move id="15" source="I4" target="I5"/>
  <move id="16" source="K8" target="K7"/>
  <move id="17" source="I5" target="I6"/>
  <move id="18" source="I8" target="I6"/>
  <move id="19" source="H2" target="I2"/>
  <move id="20" source="K7" target="K5"/>
  <move id="21" source="K5" target="K4"/>
  <move id="22" source="I6" target="I5"/>
  <move id="23" source="K4" target="K3"/>
  <move id="24" source="I5" target="K4"/>
  <move id="25" source="K3" target="K2"/>
  <move id="26" source="A8" target="A7"/>
  <move id="27" source="F4" target="G4"/>
  <move id="28" source="F7" target="G7"/>
  <move id="29" source="G4" target="H4"/>
  <move id="30" source="K4" target="K5"/>
  <move id="31" source="H4" target="I4"/>
  <move id="32" source="K5" target="K7"/>
  <move id="33" source="I4" target="I5"/>
  <move id="34" source="K7" target="I8"/>
  <move id="35" source="I5" target="I6"/>
  <move id="36" source="G7" target="H7"/>
  <move id="37" source="I6" target="I7"/>
  <move id="38" source="H7" target="H8"/>
  <move id="39" source="I7" target="K7"/>
  <move id="40" source="E:" target="E9"/>
  <move id="41" source="F5" target="F4"/>
  <move id="42" source="E9" target="E8"/>
  <move id="43" source="F4" target="G4"/>
  <move id="44" source="E8" target="F8"/>
  <move id="45" source="F2" target="F8"/>
  <move id="46" source="E7" target="F8"/>
  <move id="47" source="G4" target="H4"/>
  <move id="48" source="B6" target="B7"/>
  <move id="49" source="H4" target="I4"/>
  <move id="50" source="B7" target="K7"/>
  <move id="51" source="K7" target="K8"/>
  <move id="52" source="I8" target="H7"/>
  <move id="53" source="I4" target="I5"/>
  <move id="54" source="H8" target="I8"/>
  <move id="55" source="K8" target="K9"/>
  <move id="56" source="I9" target="K9"/>
  <move id="57" source="I5" target="I6"/>
  <move id="58" source="H7" target="I6"/>
  <move id="59" source="I6" target="I5"/>
  <move id="60" source="K9" target="K8"/>
  <move id="61" source="I5" target="I4"/>
  <move id="62" source="I8" target="I7"/>
  <move id="63" source="I4" target="H4"/>
  <move id="64" source="I7" target="K7"/>
  <move id="65" source="K2" target="K3"/>
  <move id="66" source="K7" target="K6"/>
  <move id="67" source="K3" target="K4"/>
  <move id="68" source="K6" target="K5"/>
  <move id="69" source="K4" target="K5"/>
  <move id="70" source="F8" target="G8"/>
  <move id="71" source="H4" target="I4"/>
  <move id="72" source="K5" target="K6"/>
  <move id="73" source="I4" target="I5"/>
  <move id="74" source="K6" target="K7"/>
  <move id="75" source="I5" target="I6"/>
  <move id="76" source="K8" target="I8"/>
  <move id="77" source="I6" target="K6"/>
  <move id="78" source="I8" target="I7"/>
  <move id="79" source="E2" target="E3"/>
  <move id="80" source="K7" target="K8"/>
  <move id="81" source="E3" target="E4"/>
  <move id="82" source="I7" target="K7"/>
  <move id="83" source="K6" target="I6"/>
  <move id="84" source="D8" target="D7"/>
  <move id="85" source="E4" target="E5"/>
  <move id="86" source="D7" target="E7"/>
  <move id="87" source="A4" target="A5"/>
  <move id="88" source="F9" target="F8"/>
  <move id="89" source="A5" target="A6"/>
  <move id="90" source="F8" target="F7"/>
  <move id="91" source="A6" target="A7"/>
  <move id="92" source="F7" target="G7"/>
  <move id="93" source="A3" target="A4"/>
  <move id="94" source="A7" target="B7"/>
  <move id="95" source="A4" target="A5"/>
  <move id="96" source="G7" target="H7"/>
  <move id="97" source="A5" target="A6"/>
  <move id="98" source="K7" target="K6"/>
  <move id="99" source="I6" target="I5"/>
  <move id="100" source="K6" target="K5"/>
  <move id="101" source="I5" target="I4"/>
  <move id="102" source="K5" target="K4"/>
  <move id="103" source="I4" target="H4"/>
  <move id="104" source="K4" target="I4"/>
  <move id="105" source="H4" target="G4"/>
  <move id="106" source="I4" target="H4"/>
  <move id="107" source="G4" target="F4"/>
  <move id="108" source="H4" target="G4"/>
  <move id="109" source="F4" target="E4"/>
  <move id="110" source="G4" target="F4"/>
  <move id="111" source="C4" target="D4"/>
  <move id="112" source="F4" target="F5"/>
  <move id="113" source="E5" target="E7"/>
  <move id="114" source="H7" target="G7"/>
  <move id="115" source="D4" target="D3"/>
  <move id="116" source="E7" target="E8"/>
  <move id="117" source="E4" target="D4"/>
  <move id="118" source="F5" target="F4"/>
  <move id="119" source="D3" target="E3"/>
  <move id="120" source="G7" target="F7"/>
  <move id="121" source="B4" target="A4"/>
  <move id="122" source="F7" target="E7"/>
  <move id="123" source="D4" target="C4"/>
  <move id="124" source="E7" target="D7"/>
  <move id="125" source="C4" target="B4"/>
  <move id="126" source="D7" target="C7"/>
  <move id="127" source="A6" target="A7"/>
  <move id="128" source="B7" target="A7"/>
  <move id="129" source="A7" target="A8"/>
  <move id="130" source="C7" target="B7"/>
  <move id="131" source="A8" target="A9"/>
  <move id="132" source="B7" target="B6"/>
  <move id="133" source="B4" target="B5"/>
  <move id="134" source="B6" target="B5"/>
  <move id="135" source="E3" target="E4"/>
  <move id="136" source="F4" target="F3"/>
  <move id="137" source="E4" target="D4"/>
  <move id="138" source="B5" target="A5"/>
  <move id="139" source="A4" target="B4"/>
  <move id="140" source="A5" target="A4"/>
  <move id="141" source="B4" target="B5"/>
  <move id="142" source="K8" target="K7"/>
  <move id="143" source="B5" target="B6"/>
  <move id="144" source="A4" target="A3"/>
  <move id="145" source="A9" target="A:">   <rescue rescuefield="B3" rescuepiece="10"/>
  </move>
  <move id="146" source="A3" target="A2"/>
  <move id="147" source="D4" target="E4"/>
  <move id="148" source="C8" target="B8"/>
  <move id="149" source="B6" target="B7"/>
  <move id="150" source="B8" target="B9"/>
  <move id="151" source="B3" target="A3"/>
  <move id="152" source="B9" target="A9"/>
  <move id="153" source="B7" target="B8"/>
  <move id="154" source="A9" target="B9"/>
  <move id="155" source="B8" target="C8"/>
  <move id="156" source="C9" target="C8"/>
  <move id="157" source="E4" target="E5"/>
  <move id="158" source="E8" target="D8"/>
  <move id="159" source="C8" target="D8"/>
  <move id="160" source="C:" target="C9"/>
  <move id="161" source="E5" target="E6"/>
  <move id="162" source="G8" target="F8"/>
  <move id="163" source="D8" target="D7"/>
  <move id="164" source="C9" target="C8"/>
  <move id="165" source="E6" target="E7"/>
  <move id="166" source="F3" target="F2"/>
  <move id="167" source="E7" target="E8"/>
  <move id="168" source="F8" target="F7"/>
  <move id="169" source="D7" target="D8"/>
  <move id="170" source="C8" target="D8"/>
  <move id="171" source="E8" target="D8"/>
  <move id="172" source="F2" target="F1"/>
  <move id="173" source="D8" target="D9"/>
  <move id="174" source="F1" target="E1"/>
  <move id="175" source="A3" target="A2"/>
  <move id="176" source="E1" target="D1"/>
  <move id="177" source="A2" target="B2"/>
  <move id="178" source="D1" target="D2"/>
  <move id="179" source="C2" target="E2"/>
  <move id="180" source="F7" target="F5"/>
  <move id="181" source="E2" target="F2"/>
  <move id="182" source="F5" target="E4"/>
  <move id="183" source="I2" target="I8"/>
  <move id="184" source="K7" target="K6"/>
  <move id="185" source="I8" target="C8"/>
  <move id="186" source="K6" target="K5"/>
  <move id="187" source="C8" target="C:"/>
  <move id="188" source="D:" target="C:"/>
  <move id="189" source="D9" target="D:">   <rescue rescuefield="K4" rescuepiece="7"/>
  </move>
  <move id="190" source="C:" target="C7"/>
  <move id="191" source="F2" target="D2"/>
  <move id="192" source="E4" target="F3"/>
  <move id="193" source="K4" target="K5"/>
  <move id="194" source="F3" target="G2"/>
  <move id="195" source="K5" target="K7"/>
  <move id="196" source="G2" target="F1">   <rescue rescuefield="A9" rescuepiece="10"/>
  </move>
  <move id="197" source="A:" target="B:"/>
  <move id="198" source="B9" target="C9"/>
  <move id="199" source="C1" target="C2"/>
  <move id="200" source="A9" target="A8"/>
  <move id="201" source="B2" target="A2"/>
  <move id="202" source="F1" target="H1"/>
  <move id="203" source="K7" target="I8"/>
  <move id="204" source="H1" target="K1"/>
  <move id="205" source="I8" target="H9"/>
  <move id="206" source="C7" target="B7"/>
  <move id="207" source="C3" target="B3"/>
  <move id="208" source="K1" target="H1"/>
  <move id="209" source="B3" target="B4"/>
  <move id="210" source="A8" target="A7"/>
  <move id="211" source="B4" target="B5"/>
  <move id="212" source="A7" target="A6"/>
  <move id="213" source="D:" target="E:"/>
  <move id="214" source="C9" target="D9"/>
  <move id="215" source="H9" target="G:"/>
  <move id="216" source="A6" target="A5"/>
  <move id="217" source="G:" target="H:"/>
  <move id="218" source="A5" target="B5"/>
  <move id="219" source="E:" target="F:"/>
  <player id="1">Player 1</player>
  <player id="2">Player 2</player>
  <result type="1" winner="1"/>
 </game>
</stratego>