<?xml version="1.0" encoding="UTF-8"?>
<stratego>
 <game type="barrage">
  
  <field content="AAAAAAAAEBAAAAAAAAKCDAAAAAAAAAALMAAAAADAAA__AA__AAAA__AA__AANAAAAAAAAAWAAAAAAAAAOQAAAAAAAAYXPPAAAAAA"/>
  <move id="1" source="B4" target="B5"/>
  <move id="2" source="D:" target="D9"/>
  <move id="3" source="B5" target="B6"/>
  <move id="4" source="D9" target="D8"/>
  <move id="5" source="B6" target="B7"/>
  <move id="6" source="D8" target="C8"/>
  <move id="7" source="B7" target="B8"/>
  <move id="8" source="C8" target="C7"/>
  <move id="9" source="B8" target="B9"/>
  <move id="10" source="A9" target="B9"/>
  <move id="11" source="I2" target="H2"/>
  <move id="12" source="B9" target="A9"/>
  <move id="13" source="H2" target="G2"/>
  <move id="14" source="C7" target="D7"/>
  <move id="15" source="G2" target="F2"/>
  <move id="16" source="D7" target="E7"/>
  <move id="17" source="F2" target="F3"/>
  <move id="18" source="E7" target="F7"/>
  <move id="19" source="F3" target="F4"/>
  <move id="20" source="F7" target="F6"/>
  <move id="21" source="F4" target="E4"/>
  <move id="22" source="F6" target="E6"/>
  <move id="23" source="E4" target="F4"/>
  <move id="24" source="E6" target="F6"/>
  <move id="25" source="F4" target="E4"/>
  <move id="26" source="F6" target="E6"/>
  <move id="27" source="E4" target="F4"/>
  <move id="28" source="E6" target="F6"/>
  <move id="29" source="F4" target="E4"/>
  <move id="30" source="F6" target="E6"/>
  <move id="31" source="I4" target="I9"/>
  <move id="32" source="E6" target="E5"/>
  <move id="33" source="I9" target="A9"/>
  <move id="34" source="A8" target="A9"/>
  <move id="35" source="E4" target="F4"/>
  <move id="36" source="E5" target="F5"/>
  <move id="37" source="F4" target="E4"/>
  <move id="38" source="F5" target="E5"/>
  <move id="39" source="E4" target="F4"/>
  <move id="40" source="E5" target="F5"/>
  <move id="41" source="F4" target="G4"/>
  <move id="42" source="F5" target="F4"/>
  <move id="43" source="G4" target="H4"/>
  <move id="44" source="F4" target="G4"/>
  <move id="45" source="H4" target="I4"/>
  <move id="46" source="G4" target="H4"/>
  <move id="47" source="I4" target="I5"/>
  <move id="48" source="H4" target="I4"/>
  <move id="49" source="I5" target="I6"/>
  <move id="50" source="I4" target="I5"/>
  <move id="51" source="I6" target="I7"/>
  <move id="52" source="I5" target="I6"/>
  <move id="53" source="I7" target="H7"/>
  <move id="54" source="I6" target="I7"/>
  <move id="55" source="H7" target="G7"/>
  <move id="56" source="I7" target="H7"/>
  <move id="57" source="G7" target="F7"/>
  <move id="58" source="H7" target="G7"/>
  <move id="59" source="F7" target="F8"/>
  <move id="60" source="G7" target="F7"/>
  <move id="61" source="F8" target="E8"/>
  <move id="62" source="F7" target="E7"/>
  <move id="63" source="E8" target="D8"/>
  <move id="64" source="E7" target="D7"/>
  <move id="65" source="D8" target="C8"/>
  <move id="66" source="D7" target="C7"/>
  <move id="67" source="C8" target="B8"/>
  <move id="68" source="C7" target="B7"/>
  <move id="69" source="B8" target="B9"/>
  <move id="70" source="B:" target="B9"/>
  <move id="71" source="K2" target="K3"/>
  <move id="72" source="B7" target="C7"/>
  <move id="73" source="K3" target="K4"/>
  <move id="74" source="C7" target="D7"/>
  <move id="75" source="K4" target="K5"/>
  <move id="76" source="D7" target="E7"/>
  <move id="77" source="K5" target="K6"/>
  <move id="78" source="E7" target="F7"/>
  <move id="79" source="K6" target="K7"/>
  <move id="80" source="F7" target="G7"/>
  <move id="81" source="K7" target="K8"/>
  <move id="82" source="G7" target="H7"/>
  <move id="83" source="K8" target="I8"/>
  <move id="84" source="B9" target="B8"/>
  <move id="85" source="I8" target="I9"/>
  <move id="86" source="A9" target="B9"/>
  <move id="87" source="I9" target="H9"/>
  <move id="88" source="H7" target="G7"/>
  <move id="89" source="H9" target="G9"/>
  <move id="90" source="G7" target="F7"/>
  <move id="91" source="G9" target="F9"/>
  <move id="92" source="B9" target="C9"/>
  <move id="93" source="F9" target="E9"/>
  <move id="94" source="F7" target="E7"/>
  <move id="95" source="E9" target="E:"/>
  <move id="96" source="C9" target="D9"/>
  <move id="97" source="E:" target="F:"/>
  <move id="98" source="E7" target="E8"/>
  <move id="99" source="A3" target="A7"/>
  <move id="100" source="D9" target="E9"/>
  <move id="101" source="I1" target="H1"/>
  <move id="102" source="E8" target="F8"/>
  <move id="103" source="H1" target="G1"/>
  <move id="104" source="F8" target="F:"/>
  <move id="105" source="G1" target="F1"/>
  <move id="106" source="F:" target="K:"/>
  <move id="107" source="F1" target="E1"/>
  <move id="108" source="K:" target="K1"/>
  <move id="109" source="E1" target="D1"/>
  <move id="110" source="B8" target="B7"/>
  <move id="111" source="D1" target="C1"/>
  <move id="112" source="B7" target="B6"/>
  <move id="113" source="C1" target="B1"/>
  <move id="114" source="B6" target="B5"/>
  <player id="1">Player 1</player>
  <player id="2">Player 2</player>
  <result type="3" winner="2"/>
 </game>
</stratego>