<?xml version="1.0" encoding="UTF-8"?>
<stratego>
 <game type="barrage">
  
  <field content="DDAAAAAAAABCAAAAAAAAMEAAAAAAAALKAAAAAAAAAA__AA__AAAA__AA__AAAAPAAAAPAAAAAAXAAAAAAAAWAYAAAAAAOAQANAAA"/>
  <move id="1" source="A4" target="A5"/>
  <move id="2" source="D9" target="C9"/>
  <move id="3" source="A5" target="A6"/>
  <move id="4" source="C9" target="B9"/>
  <move id="5" source="A6" target="A7"/>
  <move id="6" source="B9" target="B8"/>
  <move id="7" source="A7" target="B7"/>
  <move id="8" source="B8" target="B7"/>
  <move id="9" source="B7" target="C7"/>
  <move id="10" source="E8" target="E7"/>
  <move id="11" source="B4" target="A4"/>
  <move id="12" source="E7" target="E6"/>
  <move id="13" source="B3" target="C3"/>
  <move id="14" source="E6" target="E5"/>
  <move id="15" source="B2" target="B3"/>
  <move id="16" source="E5" target="E4"/>
  <move id="17" source="C7" target="D7"/>
  <move id="18" source="E4" target="E3"/>
  <move id="19" source="D7" target="E7"/>
  <move id="20" source="E3" target="E2"/>
  <move id="21" source="B1" target="B2"/>
  <move id="22" source="E2" target="E1"/>
  <move id="23" source="B2" target="B1"/>
  <move id="24" source="E1" target="D1"/>
  <move id="25" source="B1" target="B2"/>
  <move id="26" source="D1" target="C1"/>
  <move id="27" source="A4" target="B4"/>
  <move id="28" source="C1" target="B1"/>
  <move id="29" source="B2" target="C2"/>
  <move id="30" source="B1" target="B2"/>
  <move id="31" source="C2" target="D2"/>
  <move id="32" source="B2" target="A2"/>
  <player id="1">Player 1</player>
  <player id="2">Player 2</player>
  <result type="3" winner="1"/>
 </game>
</stratego>