<?xml version="1.0" encoding="UTF-8"?>
<stratego>
 <game type="classic">
  
  <field content="DDDDDDEEEEBFGBJFBEGBFHBGHLMCBGDFHJHIIKDIAA__AA__AAAA__AA__AASRTXTNRVNSTNVNSWPQTPPUYUPORPURQNQNPQPSPQ"/>
  <move id="1" source="E4" target="E5"/>
  <move id="2" source="B7" target="B6"/>
  <move id="3" source="D4" target="E4"/>
  <move id="4" source="A7" target="A6"/>
  <move id="5" source="E5" target="E6"/>
  <move id="6" source="A6" target="A5"/>
  <move id="7" source="E4" target="E5"/>
  <move id="8" source="B6" target="B5"/>
  <move id="9" source="F4" target="F5"/>
  <move id="10" source="A8" target="A7"/>
  <move id="11" source="F5" target="F6"/>
  <move id="12" source="A7" target="A6"/>
  <move id="13" source="F3" target="F4"/>
  <move id="14" source="A5" target="A4"/>
  <move id="15" source="F4" target="F5"/>
  <move id="16" source="A6" target="A5"/>
  <move id="17" source="F6" target="F7"/>
  <move id="18" source="A4" target="B4"/>
  <move id="19" source="E6" target="E7"/>
  <move id="20" source="E8" target="E7"/>
  <move id="21" source="E5" target="E6"/>
  <move id="22" source="B4" target="C4"/>
  <move id="23" source="F5" target="F6"/>
  <move id="24" source="B5" target="B4"/>
  <move id="25" source="E6" target="E7"/>
  <move id="26" source="D7" target="E7"/>
  <move id="27" source="I4" target="I6"/>
  <move id="28" source="E7" target="E6"/>
  <move id="29" source="F6" target="F5"/>
  <move id="30" source="E6" target="E5"/>
  <move id="31" source="F5" target="F6"/>
  <move id="32" source="E9" target="E6"/>
  <move id="33" source="I6" target="I7"/>
  <move id="34" source="E6" target="F6"/>
  <move id="35" source="H4" target="I4"/>
  <move id="36" source="F9" target="E9"/>
  <move id="37" source="I4" target="I5"/>
  <move id="38" source="E9" target="E8"/>
  <move id="39" source="I5" target="K5"/>
  <move id="40" source="E8" target="E7"/>
  <move id="41" source="K5" target="K6"/>
  <move id="42" source="E5" target="F5"/>
  <move id="43" source="K6" target="K7"/>
  <move id="44" source="F5" target="F6"/>
  <move id="45" source="K7" target="K8"/>
  <move id="46" source="E7" target="E6"/>
  <move id="47" source="K8" target="I8"/>
  <move id="48" source="G9" target="F9"/>
  <move id="49" source="I8" target="H8"/>
  <move id="50" source="G8" target="G9"/>
  <move id="51" source="H8" target="H7"/>
  <move id="52" source="F8" target="G8"/>
  <move id="53" source="H7" target="H8"/>
  <move id="54" source="G8" target="H8"/>
  <move id="55" source="H3" target="H4"/>
  <move id="56" source="E6" target="E5"/>
  <move id="57" source="H4" target="I4"/>
  <move id="58" source="E5" target="E4"/>
  <move id="59" source="I4" target="I5"/>
  <move id="60" source="E4" target="E3"/>
  <move id="61" source="I5" target="I6"/>
  <move id="62" source="A5" target="A4"/>
  <move id="63" source="I6" target="K6"/>
  <move id="64" source="B4" target="B3"/>
  <move id="65" source="K6" target="K7"/>
  <move id="66" source="C7" target="D7"/>
  <move id="67" source="K7" target="K8"/>
  <move id="68" source="D7" target="E7"/>
  <move id="69" source="K8" target="I8"/>
  <move id="70" source="E7" target="E8"/>
  <move id="71" source="I8" target="H8"/>
  <move id="72" source="E8" target="F8"/>
  <move id="73" source="E3" target="E4"/>
  <move id="74" source="C8" target="C7"/>
  <move id="75" source="E4" target="E5"/>
  <move id="76" source="C7" target="D7"/>
  <move id="77" source="E5" target="E6"/>
  <move id="78" source="D7" target="E7"/>
  <move id="79" source="E6" target="F6"/>
  <move id="80" source="E7" target="E6"/>
  <move id="81" source="F6" target="F5"/>
  <move id="82" source="E6" target="E5"/>
  <move id="83" source="F5" target="F4"/>
  <move id="84" source="E5" target="E4"/>
  <move id="85" source="F4" target="F5"/>
  <move id="86" source="E4" target="D4"/>
  <move id="87" source="E2" target="E3"/>
  <move id="88" source="D4" target="C4"/>
  <move id="89" source="E3" target="E4"/>
  <move id="90" source="C4" target="D4"/>
  <move id="91" source="E4" target="E5"/>
  <move id="92" source="D4" target="E4"/>
  <move id="93" source="E5" target="E6"/>
  <move id="94" source="E4" target="E5"/>
  <move id="95" source="E6" target="E7"/>
  <move id="96" source="E5" target="F5"/>
  <move id="97" source="E7" target="D7"/>
  <move id="98" source="F5" target="F4"/>
  <move id="99" source="D7" target="D8"/>
  <move id="100" source="H9" target="H8"/>
  <move id="101" source="K4" target="K5"/>
  <move id="102" source="F4" target="E4"/>
  <move id="103" source="K5" target="K6"/>
  <move id="104" source="E4" target="D4"/>
  <move id="105" source="K6" target="K7"/>
  <move id="106" source="D4" target="C4"/>
  <move id="107" source="K7" target="K8"/>
  <move id="108" source="C4" target="B4"/>
  <move id="109" source="K8" target="K9"/>
  <move id="110" source="I9" target="K9"/>
  <move id="111" source="G4" target="H4"/>
  <move id="112" source="B4" target="B3"/>
  <move id="113" source="H4" target="I4"/>
  <move id="114" source="B3" target="B4"/>
  <move id="115" source="I4" target="K4"/>
  <move id="116" source="H8" target="I8"/>
  <move id="117" source="K4" target="K5"/>
  <move id="118" source="I8" target="K8"/>
  <move id="119" source="K5" target="K6"/>
  <move id="120" source="K8" target="K6"/>
  <move id="121" source="K6" target="K7"/>
  <move id="122" source="G9" target="H9"/>
  <move id="123" source="K7" target="K8"/>
  <move id="124" source="H9" target="I9"/>
  <move id="125" source="K8" target="K9"/>
  <move id="126" source="I9" target="I8"/>
  <move id="127" source="K9" target="K:"/>
  <move id="128" source="F9" target="E9"/>
  <move id="129" source="K:" target="I:"/>
  <move id="130" source="E9" target="E8"/>
  <move id="131" source="I:" target="H:"/>
  <move id="132" source="E8" target="E7"/>
  <move id="133" source="H:" target="G:"/>
  <move id="134" source="F:" target="F9"/>
  <move id="135" source="G:" target="F:"/>
  <move id="136" source="F9" target="E9"/>
  <move id="137" source="F:" target="E:"/>
  <move id="138" source="E9" target="E8"/>
  <move id="139" source="E:" target="D:"/>
  <move id="140" source="F8" target="G8"/>
  <player id="1">Player 1</player>
  <player id="2">Player 2</player>
  <result type="3" winner="2"/>
 </game>
</stratego>