<?xml version="1.0" encoding="UTF-8"?>
<stratego>
 <game type="classic">
  
  <field content="DFDHCJDEIMHBFIDEDDJBGDBEFBKEDEGHGFBIBLGHAA__AA__AAAA__AA__AARPTVPPUTPRNSOWPSVXPSRNUTPPSTUNNRNQQQQQNY"/>
  <move id="1" source="K4" target="K5"/>
  <move id="2" source="I7" target="I4"/>
  <move id="3" source="K5" target="K6"/>
  <move id="4" source="F7" target="F4"/>
  <move id="5" source="K3" target="K4"/>
  <move id="6" source="E7" target="E4"/>
  <move id="7" source="K4" target="K5"/>
  <move id="8" source="G7" target="F7"/>
  <move id="9" source="I4" target="K4"/>
  <move id="10" source="F7" target="F6"/>
  <move id="11" source="I3" target="I8"/>
  <move id="12" source="F6" target="F5"/>
  <move id="13" source="K6" target="I6"/>
  <move id="14" source="K7" target="I7"/>
  <move id="15" source="I6" target="I7"/>
  <move id="16" source="H7" target="I7"/>
  <move id="17" source="K5" target="K6"/>
  <move id="18" source="K8" target="K7"/>
  <move id="19" source="K6" target="I6"/>
  <move id="20" source="H8" target="H7"/>
  <move id="21" source="K4" target="K5"/>
  <move id="22" source="H9" target="H8"/>
  <move id="23" source="H3" target="I3"/>
  <move id="24" source="H8" target="I8"/>
  <move id="25" source="I6" target="I5"/>
  <move id="26" source="I8" target="I7"/>
  <move id="27" source="I5" target="I4"/>
  <move id="28" source="B7" target="B4"/>
  <move id="29" source="I3" target="K3"/>
  <move id="30" source="C7" target="B7"/>
  <move id="31" source="I4" target="K4"/>
  <move id="32" source="B7" target="B6"/>
  <move id="33" source="H4" target="I4"/>
  <move id="34" source="B6" target="B5"/>
  <move id="35" source="I4" target="I5"/>
  <move id="36" source="B5" target="B4"/>
  <move id="37" source="I5" target="I6"/>
  <move id="38" source="A7" target="A6"/>
  <move id="39" source="G3" target="H3"/>
  <move id="40" source="A6" target="A5"/>
  <move id="41" source="H3" target="H4"/>
  <move id="42" source="A5" target="B5"/>
  <move id="43" source="I6" target="K6"/>
  <move id="44" source="B5" target="B4"/>
  <move id="45" source="K6" target="K7"/>
  <move id="46" source="I7" target="I6"/>
  <move id="47" source="H4" target="I4"/>
  <move id="48" source="I6" target="I5"/>
  <move id="49" source="I4" target="I5"/>
  <move id="50" source="D7" target="E7"/>
  <move id="51" source="K5" target="K6"/>
  <move id="52" source="E7" target="E6"/>
  <move id="53" source="K6" target="I6"/>
  <move id="54" source="E6" target="E5"/>
  <move id="55" source="I6" target="I7"/>
  <move id="56" source="H7" target="I7"/>
  <move id="57" source="K7" target="I7"/>
  <move id="58" source="F5" target="F6"/>
  <move id="59" source="I5" target="I6"/>
  <move id="60" source="E5" target="F5"/>
  <move id="61" source="K4" target="K5"/>
  <move id="62" source="F5" target="F4"/>
  <move id="63" source="K5" target="K6"/>
  <move id="64" source="F4" target="F5"/>
  <move id="65" source="I6" target="I7"/>
  <move id="66" source="D8" target="D7"/>
  <move id="67" source="I7" target="H7"/>
  <move id="68" source="D7" target="E7"/>
  <move id="69" source="H7" target="G7"/>
  <move id="70" source="E7" target="F7"/>
  <move id="71" source="G7" target="H7"/>
  <move id="72" source="F7" target="G7"/>
  <move id="73" source="H7" target="H8"/>
  <move id="74" source="G7" target="H7"/>
  <move id="75" source="H8" target="H9"/>
  <move id="76" source="H7" target="I7"/>
  <move id="77" source="H9" target="G9"/>
  <move id="78" source="G8" target="G7"/>
  <move id="79" source="G9" target="G8"/>
  <move id="80" source="G7" target="F7"/>
  <move id="81" source="G8" target="G7"/>
  <move id="82" source="F7" target="E7"/>
  <move id="83" source="G7" target="F7"/>
  <move id="84" source="E7" target="D7"/>
  <move id="85" source="F7" target="F6"/>
  <move id="86" source="F5" target="F4"/>
  <move id="87" source="F6" target="F5"/>
  <move id="88" source="F4" target="F3"/>
  <move id="89" source="F5" target="F6"/>
  <move id="90" source="I7" target="I6"/>
  <move id="91" source="K6" target="K7"/>
  <move id="92" source="I6" target="I5"/>
  <move id="93" source="K7" target="K8"/>
  <move id="94" source="I5" target="I4"/>
  <move id="95" source="K8" target="K9"/>
  <move id="96" source="I9" target="K9"/>
  <move id="97" source="F6" target="F7"/>
  <move id="98" source="I4" target="I5"/>
  <move id="99" source="F7" target="G7"/>
  <move id="100" source="I5" target="I6"/>
  <move id="101" source="G7" target="F7"/>
  <move id="102" source="B4" target="C4"/>
  <move id="103" source="F7" target="E7"/>
  <move id="104" source="D7" target="C7"/>
  <move id="105" source="B3" target="B8"/>
  <move id="106" source="C7" target="B7"/>
  <move id="107" source="A4" target="A5"/>
  <move id="108" source="B7" target="B6"/>
  <move id="109" source="A5" target="A6"/>
  <move id="110" source="B6" target="B5"/>
  <move id="111" source="A6" target="A7"/>
  <move id="112" source="B5" target="B4"/>
  <move id="113" source="A7" target="A8"/>
  <move id="114" source="B4" target="B3"/>
  <move id="115" source="A3" target="A4"/>
  <move id="116" source="B3" target="C3"/>
  <move id="117" source="A4" target="A5"/>
  <player id="1">Player 1</player>
  <player id="2">Player 2</player>
  <result type="3" winner="1"/>
 </game>
</stratego>