<?xml version="1.0" encoding="UTF-8"?>
<stratego>
 <game type="classic">
  
  <field content="DDDMDDDEEDEEECDFFHHHIJGLBBBHIBFBGGBFIJGKAA__AA__AAAA__AA__AANTQTNPTPPTSVPXSRWQPPSQORUQVUQPURNNYRNNSP"/>
  <move id="1" source="F4" target="F5"/>
  <move id="2" source="I7" target="I4"/>
  <move id="3" source="F5" target="F6"/>
  <move id="4" source="K7" target="I7"/>
  <move id="5" source="F6" target="F7"/>
  <move id="6" source="G7" target="F7"/>
  <move id="7" source="G4" target="F4"/>
  <move id="8" source="F7" target="G7"/>
  <move id="9" source="A4" target="A5"/>
  <move id="10" source="K8" target="K4"/>
  <move id="11" source="I4" target="I5"/>
  <move id="12" source="I8" target="K8"/>
  <move id="13" source="I5" target="I6"/>
  <move id="14" source="K8" target="K7"/>
  <move id="15" source="I3" target="I4"/>
  <move id="16" source="I7" target="I6"/>
  <move id="17" source="I4" target="I5"/>
  <move id="18" source="I6" target="I7"/>
  <move id="19" source="H4" target="I4"/>
  <move id="20" source="I7" target="I8"/>
  <move id="21" source="F4" target="F5"/>
  <move id="22" source="K7" target="K6"/>
  <move id="23" source="I4" target="H4"/>
  <move id="24" source="I8" target="K8"/>
  <move id="25" source="K4" target="I4"/>
  <move id="26" source="H8" target="I8"/>
  <move id="27" source="I2" target="I3"/>
  <move id="28" source="K6" target="K3"/>
  <move id="29" source="A5" target="B5"/>
  <move id="30" source="I8" target="I7"/>
  <move id="31" source="A3" target="A4"/>
  <move id="32" source="I7" target="I6"/>
  <move id="33" source="I5" target="I6"/>
  <move id="34" source="G8" target="H8"/>
  <move id="35" source="A4" target="A5"/>
  <move id="36" source="H8" target="I8"/>
  <move id="37" source="A2" target="A3"/>
  <move id="38" source="I8" target="I7"/>
  <move id="39" source="I6" target="K6"/>
  <move id="40" source="I7" target="K7"/>
  <move id="41" source="K6" target="K5"/>
  <move id="42" source="K7" target="K6"/>
  <move id="43" source="I4" target="I5"/>
  <move id="44" source="K6" target="K5"/>
  <move id="45" source="I5" target="K5"/>
  <move id="46" source="K8" target="K7"/>
  <move id="47" source="A5" target="A6"/>
  <move id="48" source="H7" target="I7"/>
  <move id="49" source="B5" target="B6"/>
  <move id="50" source="I7" target="I3"/>
  <move id="51" source="B6" target="B7"/>
  <move id="52" source="G7" target="G8"/>
  <move id="53" source="A6" target="B6"/>
  <move id="54" source="K7" target="K6"/>
  <move id="55" source="B6" target="B7"/>
  <move id="56" source="B8" target="B7"/>
  <move id="57" source="A3" target="A4"/>
  <move id="58" source="B7" target="B8"/>
  <move id="59" source="A4" target="A5"/>
  <move id="60" source="C7" target="B7"/>
  <move id="61" source="A5" target="A6"/>
  <move id="62" source="C8" target="C7"/>
  <move id="63" source="A6" target="A7"/>
  <move id="64" source="A8" target="A7"/>
  <move id="65" source="B3" target="A3"/>
  <move id="66" source="A7" target="A8"/>
  <move id="67" source="A3" target="A4"/>
  <move id="68" source="D8" target="C8"/>
  <move id="69" source="A4" target="A5"/>
  <move id="70" source="K6" target="K5"/>
  <move id="71" source="I3" target="I4"/>
  <move id="72" source="K5" target="K4"/>
  <move id="73" source="I4" target="I3"/>
  <move id="74" source="K4" target="I4"/>
  <move id="75" source="H4" target="I4"/>
  <move id="76" source="I9" target="I8"/>
  <move id="77" source="H3" target="H4"/>
  <move id="78" source="I8" target="I7"/>
  <move id="79" source="A5" target="A6"/>
  <move id="80" source="I7" target="H7"/>
  <move id="81" source="A1" target="A2"/>
  <move id="82" source="G8" target="G7"/>
  <move id="83" source="A2" target="A3"/>
  <move id="84" source="C8" target="D8"/>
  <move id="85" source="A3" target="A4"/>
  <move id="86" source="G9" target="G8"/>
  <move id="87" source="A4" target="A5"/>
  <move id="88" source="G8" target="H8"/>
  <move id="89" source="A5" target="B5"/>
  <move id="90" source="H8" target="I8"/>
  <move id="91" source="A6" target="A7"/>
  <move id="92" source="B7" target="B6"/>
  <move id="93" source="B5" target="B6"/>
  <move id="94" source="B6" target="B5"/>
  <move id="95" source="A7" target="A8"/>
  <move id="96" source="B8" target="A8"/>
  <move id="97" source="C3" target="B3"/>
  <move id="98" source="B5" target="B4"/>
  <move id="99" source="B3" target="B4"/>
  <move id="100" source="C7" target="B7"/>
  <move id="101" source="D3" target="C3"/>
  <move id="102" source="D7" target="C7"/>
  <move id="103" source="C3" target="B3"/>
  <move id="104" source="C7" target="C8"/>
  <move id="105" source="B1" target="A1"/>
  <move id="106" source="B7" target="C7"/>
  <move id="107" source="A1" target="A2"/>
  <move id="108" source="I8" target="I7"/>
  <move id="109" source="C1" target="B1"/>
  <move id="110" source="I7" target="I6"/>
  <move id="111" source="B1" target="A1"/>
  <move id="112" source="I6" target="I5"/>
  <move id="113" source="I4" target="K4"/>
  <move id="114" source="I5" target="K5"/>
  <move id="115" source="K4" target="I4"/>
  <move id="116" source="K5" target="I5"/>
  <move id="117" source="I4" target="K4"/>
  <move id="118" source="I5" target="K5"/>
  <move id="119" source="K4" target="I4"/>
  <move id="120" source="K5" target="I5"/>
  <move id="121" source="I4" target="K4"/>
  <move id="122" source="I5" target="K5"/>
  <move id="123" source="K4" target="K5"/>
  <move id="124" source="H9" target="I9"/>
  <move id="125" source="A2" target="A9"/>
  <move id="126" source="I9" target="I8"/>
  <move id="127" source="B4" target="B5"/>
  <move id="128" source="I8" target="I7"/>
  <move id="129" source="F5" target="F6"/>
  <move id="130" source="I7" target="I6"/>
  <move id="131" source="I3" target="I4"/>
  <move id="132" source="I6" target="I5"/>
  <move id="133" source="H2" target="I2"/>
  <move id="134" source="I5" target="I4"/>
  <move id="135" source="H4" target="G4"/>
  <move id="136" source="I4" target="I3"/>
  <move id="137" source="B5" target="B6"/>
  <move id="138" source="K9" target="K4"/>
  <move id="139" source="F6" target="F7"/>
  <move id="140" source="G7" target="G8"/>
  <move id="141" source="F7" target="G7"/>
  <move id="142" source="G8" target="H8"/>
  <move id="143" source="B3" target="B4"/>
  <move id="144" source="K4" target="G4"/>
  <move id="145" source="B6" target="B7"/>
  <move id="146" source="I3" target="I2"/>
  <move id="147" source="B7" target="C7"/>
  <move id="148" source="C8" target="C7"/>
  <move id="149" source="B4" target="B5"/>
  <move id="150" source="A9" target="A8"/>
  <move id="151" source="B5" target="B6"/>
  <move id="152" source="C7" target="C8"/>
  <move id="153" source="B6" target="B7"/>
  <move id="154" source="I2" target="I3"/>
  <move id="155" source="B7" target="A7"/>
  <move id="156" source="A8" target="B8"/>
  <move id="157" source="A7" target="B7"/>
  <move id="158" source="B8" target="A8"/>
  <move id="159" source="B7" target="B8"/>
  <move id="160" source="A8" target="A7"/>
  <move id="161" source="B8" target="A8"/>
  <move id="162" source="A7" target="B7"/>
  <move id="163" source="A8" target="B8"/>
  <move id="164" source="B7" target="C7"/>
  <move id="165" source="A1" target="A:"/>
  <move id="166" source="C7" target="D7"/>
  <move id="167" source="D2" target="D3"/>
  <move id="168" source="I3" target="I4"/>
  <move id="169" source="G4" target="F4"/>
  <move id="170" source="I4" target="I5"/>
  <move id="171" source="F4" target="F5"/>
  <move id="172" source="I5" target="I6"/>
  <move id="173" source="F5" target="F6"/>
  <move id="174" source="I6" target="I7"/>
  <move id="175" source="C4" target="B4"/>
  <move id="176" source="H8" target="H9"/>
  <move id="177" source="F6" target="F7"/>
  <move id="178" source="F8" target="G8"/>
  <move id="179" source="G7" target="G8"/>
  <move id="180" source="H9" target="I9"/>
  <move id="181" source="G8" target="G7"/>
  <move id="182" source="I9" target="K9"/>
  <move id="183" source="B4" target="B5"/>
  <move id="184" source="I7" target="I8"/>
  <move id="185" source="B5" target="B6"/>
  <move id="186" source="I8" target="H8"/>
  <move id="187" source="F7" target="F8"/>
  <move id="188" source="H8" target="G8"/>
  <move id="189" source="G7" target="G8"/>
  <move id="190" source="K9" target="I9"/>
  <move id="191" source="B6" target="B7"/>
  <move id="192" source="I9" target="H9"/>
  <move id="193" source="B7" target="C7"/>
  <move id="194" source="H9" target="G9"/>
  <move id="195" source="C7" target="C8"/>
  <move id="196" source="G9" target="G8"/>
  <move id="197" source="F8" target="G8"/>
  <move id="198" source="E8" target="F8"/>
  <move id="199" source="C2" target="C3"/>
  <move id="200" source="A:" target="A9"/>
  <move id="201" source="C3" target="C4"/>
  <move id="202" source="B9" target="B8"/>
  <move id="203" source="C4" target="B4"/>
  <move id="204" source="F8" target="G8"/>
  <move id="205" source="B4" target="B5"/>
  <move id="206" source="E9" target="E8"/>
  <move id="207" source="B5" target="B6"/>
  <move id="208" source="E8" target="F8"/>
  <move id="209" source="B6" target="B7"/>
  <move id="210" source="F8" target="E8"/>
  <move id="211" source="B7" target="C7"/>
  <move id="212" source="G8" target="G7"/>
  <move id="213" source="C7" target="D7"/>
  <move id="214" source="G7" target="F7"/>
  <move id="215" source="D4" target="C4"/>
  <move id="216" source="F7" target="F6"/>
  <move id="217" source="G2" target="H2"/>
  <move id="218" source="F6" target="F5"/>
  <move id="219" source="H2" target="H3"/>
  <move id="220" source="I:" target="I9"/>
  <move id="221" source="H3" target="H4"/>
  <move id="222" source="F5" target="F4"/>
  <move id="223" source="H4" target="G4"/>
  <move id="224" source="F4" target="G4"/>
  <move id="225" source="K2" target="I2"/>
  <move id="226" source="G4" target="H4"/>
  <move id="227" source="I2" target="I3"/>
  <move id="228" source="E8" target="F8"/>
  <move id="229" source="I3" target="I4"/>
  <move id="230" source="H4" target="I4"/>
  <move id="231" source="F2" target="G2"/>
  <move id="232" source="I9" target="H9"/>
  <move id="233" source="G2" target="H2"/>
  <move id="234" source="F8" target="G8"/>
  <move id="235" source="H2" target="H3"/>
  <move id="236" source="G8" target="G9"/>
  <move id="237" source="H3" target="H4"/>
  <move id="238" source="H9" target="H8"/>
  <move id="239" source="H4" target="G4"/>
  <move id="240" source="H8" target="G8"/>
  <move id="241" source="G4" target="F4"/>
  <move id="242" source="G8" target="G7"/>
  <move id="243" source="I4" target="H4"/>
  <move id="244" source="G7" target="F7"/>
  <move id="245" source="H4" target="G4"/>
  <move id="246" source="F7" target="F6"/>
  <move id="247" source="E2" target="I2"/>
  <move id="248" source="F6" target="F5"/>
  <move id="249" source="F4" target="F5"/>
  <move id="250" source="F5" target="E5"/>
  <move id="251" source="G4" target="F4"/>
  <move id="252" source="G9" target="G8"/>
  <move id="253" source="F4" target="F5"/>
  <move id="254" source="E5" target="E6"/>
  <move id="255" source="I2" target="I:"/>
  <move id="256" source="D8" target="E8"/>
  <move id="257" source="I:" target="H:"/>
  <move id="258" source="E8" target="F8"/>
  <move id="259" source="F5" target="F6"/>
  <move id="260" source="E6" target="E5"/>
  <move id="261" source="F6" target="E6"/>
  <move id="262" source="E5" target="F5"/>
  <move id="263" source="E6" target="F6"/>
  <move id="264" source="F5" target="E5"/>
  <move id="265" source="C4" target="B4"/>
  <move id="266" source="F8" target="F7"/>
  <move id="267" source="B8" target="C8"/>
  <move id="268" source="C9" target="C8"/>
  <move id="269" source="B4" target="B5"/>
  <move id="270" source="A9" target="B9"/>
  <move id="271" source="B5" target="B6"/>
  <move id="272" source="F7" target="F6"/>
  <move id="273" source="E1" target="E2"/>
  <move id="274" source="F6" target="F7"/>
  <move id="275" source="E2" target="F2"/>
  <move id="276" source="F7" target="F8"/>
  <move id="277" source="D3" target="C3"/>
  <move id="278" source="F8" target="E8"/>
  <move id="279" source="B6" target="B7"/>
  <move id="280" source="D9" target="D8"/>
  <move id="281" source="B7" target="C7"/>
  <move id="282" source="D7" target="C7"/>
  <move id="283" source="F1" target="E1"/>
  <move id="284" source="E8" target="E9"/>
  <move id="285" source="E1" target="E2"/>
  <move id="286" source="C8" target="C9"/>
  <move id="287" source="E2" target="C2"/>
  <move id="288" source="B9" target="B8"/>
  <move id="289" source="C3" target="C4"/>
  <move id="290" source="C9" target="B9"/>
  <move id="291" source="C2" target="C3"/>
  <move id="292" source="B8" target="B7"/>
  <move id="293" source="C3" target="A3"/>
  <move id="294" source="B7" target="A7"/>
  <move id="295" source="A3" target="B3"/>
  <move id="296" source="A7" target="B7"/>
  <move id="297" source="B3" target="B5"/>
  <move id="298" source="B7" target="B6"/>
  <move id="299" source="B5" target="A5"/>
  <move id="300" source="B6" target="A6"/>
  <move id="301" source="A5" target="A3"/>
  <move id="302" source="A6" target="A5"/>
  <move id="303" source="B2" target="B3"/>
  <move id="304" source="A5" target="A4"/>
  <move id="305" source="A3" target="A4"/>
  <move id="306" source="K:" target="K9"/>
  <move id="307" source="F2" target="I2"/>
  <move id="308" source="A4" target="A3"/>
  <move id="309" source="I2" target="I9"/>
  <move id="310" source="K9" target="I9"/>
  <move id="311" source="G1" target="G2"/>
  <move id="312" source="D8" target="C8"/>
  <move id="313" source="G2" target="I2"/>
  <move id="314" source="A3" target="B3"/>
  <move id="315" source="H1" target="H2"/>
  <move id="316" source="B3" target="C3"/>
  <move id="317" source="H2" target="H3"/>
  <move id="318" source="C3" target="D3"/>
  <move id="319" source="H3" target="H4"/>
  <move id="320" source="E5" target="F5"/>
  <move id="321" source="H4" target="I4"/>
  <move id="322" source="G8" target="H8"/>
  <move id="323" source="I4" target="I5"/>
  <move id="324" source="H7" target="G7"/>
  <move id="325" source="I5" target="I6"/>
  <move id="326" source="H8" target="H7"/>
  <move id="327" source="I6" target="K6"/>
  <move id="328" source="D3" target="E3"/>
  <move id="329" source="C4" target="B4"/>
  <move id="330" source="C8" target="B8"/>
  <move id="331" source="I1" target="H1"/>
  <move id="332" source="B8" target="B7"/>
  <move id="333" source="K1" target="I1"/>
  <move id="334" source="B7" target="B6"/>
  <move id="335" source="I2" target="I:"/>
  <move id="336" source="B6" target="B5"/>
  <move id="337" source="I:" target="H:"/>
  <move id="338" source="B5" target="B4"/>
  <move id="339" source="I1" target="I9"/>
  <move id="340" source="B9" target="C9"/>
  <move id="341" source="I9" target="G9"/>
  <move id="342" source="C9" target="C8"/>
  <move id="343" source="G9" target="F9"/>
  <move id="344" source="H7" target="I7"/>
  <move id="345" source="H1" target="H2"/>
  <move id="346" source="F9" target="F8"/>
  <player id="1">Player 1</player>
  <player id="2">Player 2</player>
  <result type="3" winner="2"/>
 </game>
</stratego>