<?xml version="1.0" encoding="UTF-8"?>
<stratego>
 <game type="classic">
  
  <field content="DDEDDEEGBMDDHEIHFEJBDJIGBBFIKFDHLFBBGCHGAA__AA__AAAA__AA__AASPSPPSUSNPVTUPTNQVRNOWQPNPXNPRRQUQRQTYNT"/>
  <move id="1" source="K4" target="K5"/>
  <move id="2" source="A7" target="A6"/>
  <move id="3" source="I4" target="I5"/>
  <move id="4" source="B7" target="B4"/>
  <move id="5" source="K5" target="K6"/>
  <move id="6" source="A6" target="A5"/>
  <move id="7" source="I5" target="I6"/>
  <move id="8" source="A8" target="A7"/>
  <move id="9" source="I6" target="I7"/>
  <move id="10" source="A7" target="A6"/>
  <move id="11" source="K6" target="K7"/>
  <move id="12" source="A6" target="B6"/>
  <move id="13" source="K7" target="K8"/>
  <move id="14" source="B6" target="B5"/>
  <move id="15" source="B4" target="B5"/>
  <move id="16" source="B5" target="B6"/>
  <move id="17" source="A4" target="A5"/>
  <move id="18" source="B6" target="B7"/>
  <move id="19" source="B3" target="B4"/>
  <move id="20" source="B7" target="A7"/>
  <move id="21" source="B4" target="B5"/>
  <move id="22" source="A5" target="B5"/>
  <move id="23" source="C4" target="B4"/>
  <move id="24" source="C7" target="B7"/>
  <move id="25" source="B4" target="A4"/>
  <move id="26" source="B7" target="B6"/>
  <move id="27" source="A4" target="A5"/>
  <move id="28" source="B6" target="A6"/>
  <move id="29" source="A5" target="A6"/>
  <move id="30" source="A7" target="B7"/>
  <move id="31" source="A6" target="B6"/>
  <move id="32" source="B7" target="A7"/>
  <move id="33" source="B6" target="A6"/>
  <move id="34" source="A7" target="B7"/>
  <move id="35" source="A6" target="B6"/>
  <move id="36" source="B7" target="A7"/>
  <move id="37" source="B6" target="A6"/>
  <move id="38" source="A7" target="A8"/>
  <move id="39" source="A6" target="A7"/>
  <move id="40" source="D7" target="C7"/>
  <move id="41" source="A7" target="A8"/>
  <move id="42" source="A9" target="A8"/>
  <move id="43" source="B5" target="B6"/>
  <move id="44" source="A8" target="A9"/>
  <move id="45" source="B6" target="B7"/>
  <move id="46" source="B8" target="A8"/>
  <move id="47" source="B7" target="A7"/>
  <move id="48" source="A8" target="B8"/>
  <move id="49" source="A7" target="A8"/>
  <move id="50" source="B8" target="B7"/>
  <move id="51" source="A8" target="A9"/>
  <move id="52" source="B9" target="A9"/>
  <move id="53" source="H4" target="I4"/>
  <move id="54" source="A9" target="A8"/>
  <move id="55" source="I4" target="I5"/>
  <move id="56" source="B7" target="B8"/>
  <move id="57" source="I5" target="I6"/>
  <move id="58" source="B8" target="B9"/>
  <move id="59" source="I6" target="K6"/>
  <move id="60" source="C7" target="B7"/>
  <move id="61" source="K6" target="K7"/>
  <move id="62" source="A8" target="A7"/>
  <move id="63" source="K7" target="K6"/>
  <move id="64" source="A7" target="A6"/>
  <move id="65" source="K6" target="I6"/>
  <move id="66" source="A6" target="A5"/>
  <move id="67" source="I6" target="K6"/>
  <move id="68" source="A5" target="A4"/>
  <move id="69" source="K6" target="K5"/>
  <move id="70" source="B7" target="B6"/>
  <move id="71" source="K5" target="K6"/>
  <move id="72" source="B6" target="B5"/>
  <move id="73" source="K6" target="I6"/>
  <move id="74" source="B5" target="B4"/>
  <move id="75" source="I6" target="I5"/>
  <move id="76" source="B4" target="D4"/>
  <move id="77" source="I5" target="K5"/>
  <move id="78" source="B9" target="B8"/>
  <move id="79" source="B2" target="B8"/>
  <move id="80" source="B8" target="B7"/>
  <move id="81" source="K5" target="K6"/>
  <move id="82" source="B7" target="B6"/>
  <move id="83" source="K6" target="I6"/>
  <move id="84" source="B6" target="B5"/>
  <move id="85" source="I6" target="K6"/>
  <move id="86" source="B5" target="B4"/>
  <move id="87" source="K6" target="K7"/>
  <move id="88" source="B4" target="C4"/>
  <move id="89" source="C3" target="C4"/>
  <move id="90" source="A4" target="B4"/>
  <move id="91" source="C4" target="C3"/>
  <move id="92" source="B4" target="B3"/>
  <move id="93" source="A3" target="A4"/>
  <move id="94" source="B3" target="C3"/>
  <move id="95" source="A4" target="A5"/>
  <move id="96" source="C3" target="C4"/>
  <move id="97" source="A5" target="A6"/>
  <move id="98" source="C4" target="D4"/>
  <move id="99" source="A6" target="A7"/>
  <move id="100" source="E7" target="E4"/>
  <move id="101" source="A7" target="A8"/>
  <move id="102" source="D4" target="C4"/>
  <move id="103" source="A8" target="A9"/>
  <move id="104" source="C4" target="B4"/>
  <move id="105" source="A9" target="C9"/>
  <move id="106" source="D8" target="D7"/>
  <move id="107" source="A2" target="A:"/>
  <move id="108" source="D7" target="E7"/>
  <move id="109" source="K7" target="K6"/>
  <move id="110" source="E7" target="E6"/>
  <move id="111" source="K6" target="I6"/>
  <move id="112" source="E6" target="F6"/>
  <move id="113" source="I6" target="K6"/>
  <move id="114" source="F6" target="F4"/>
  <move id="115" source="K6" target="K7"/>
  <move id="116" source="B4" target="C4"/>
  <move id="117" source="K7" target="K6"/>
  <move id="118" source="A:" target="A9"/>
  <move id="119" source="K6" target="I6"/>
  <move id="120" source="A9" target="A8"/>
  <move id="121" source="H3" target="H4"/>
  <move id="122" source="A8" target="A7"/>
  <move id="123" source="H4" target="I4"/>
  <move id="124" source="A7" target="A6"/>
  <move id="125" source="I4" target="I5"/>
  <move id="126" source="A6" target="A5"/>
  <move id="127" source="H2" target="H3"/>
  <move id="128" source="A5" target="A4"/>
  <move id="129" source="H3" target="H4"/>
  <move id="130" source="A4" target="A3"/>
  <move id="131" source="H4" target="I4"/>
  <move id="132" source="A3" target="B3"/>
  <move id="133" source="I4" target="K4"/>
  <move id="134" source="C4" target="C3"/>
  <move id="135" source="K4" target="K5"/>
  <move id="136" source="B3" target="B2"/>
  <move id="137" source="C2" target="B2"/>
  <move id="138" source="C8" target="B8"/>
  <move id="139" source="K5" target="K6"/>
  <move id="140" source="B8" target="B7"/>
  <move id="141" source="K6" target="K7"/>
  <move id="142" source="B7" target="B6"/>
  <move id="143" source="I3" target="I4"/>
  <move id="144" source="B6" target="B5"/>
  <move id="145" source="I4" target="K4"/>
  <move id="146" source="B5" target="B4"/>
  <move id="147" source="K4" target="K5"/>
  <move id="148" source="B4" target="B3"/>
  <move id="149" source="K5" target="K6"/>
  <move id="150" source="B3" target="B2"/>
  <move id="151" source="K7" target="I7"/>
  <move id="152" source="I8" target="I7"/>
  <move id="153" source="K6" target="K7"/>
  <move id="154" source="I7" target="I6"/>
  <move id="155" source="K7" target="I7"/>
  <move id="156" source="I6" target="I5"/>
  <move id="157" source="I7" target="H7"/>
  <move id="158" source="H8" target="I8"/>
  <move id="159" source="H7" target="G7"/>
  <move id="160" source="I8" target="I7"/>
  <move id="161" source="G7" target="G8"/>
  <move id="162" source="I7" target="I6"/>
  <move id="163" source="G8" target="F8"/>
  <move id="164" source="I6" target="I5"/>
  <player id="1">Player 1</player>
  <player id="2">Player 2</player>
  <result type="3" winner="2"/>
 </game>
</stratego>