<?xml version="1.0" encoding="UTF-8"?>
<stratego>
 <game type="classic">
  
  <field content="EBMBEDHDGEDJBIDGJCBDGFHDFEDKEDBBFLIGHIHFAA__AA__AAAA__AA__AASNOUSPPVNSNRVWTXTTRNNRUQPPPUPTYNQQQQPPRS"/>
  <move id="1" source="K4" target="K5"/>
  <move id="2" source="F7" target="F6"/>
  <move id="3" source="K5" target="K6"/>
  <move id="4" source="E7" target="E6"/>
  <move id="5" source="I4" target="I5"/>
  <move id="6" source="E8" target="E7"/>
  <move id="7" source="I5" target="I6"/>
  <move id="8" source="E9" target="E8"/>
  <move id="9" source="K6" target="K7"/>
  <move id="10" source="E7" target="F7"/>
  <move id="11" source="I6" target="K6"/>
  <move id="12" source="E8" target="E7"/>
  <move id="13" source="H4" target="I4"/>
  <move id="14" source="F6" target="F4"/>
  <move id="15" source="I4" target="I5"/>
  <move id="16" source="F7" target="F6"/>
  <move id="17" source="K6" target="K7"/>
  <move id="18" source="F6" target="F5"/>
  <move id="19" source="I5" target="I6"/>
  <move id="20" source="E6" target="F6"/>
  <move id="21" source="K7" target="K8"/>
  <move id="22" source="E7" target="E4"/>
  <move id="23" source="K3" target="K6"/>
  <move id="24" source="D7" target="E7"/>
  <move id="25" source="K6" target="K7"/>
  <move id="26" source="E7" target="E6"/>
  <move id="27" source="K7" target="I7"/>
  <move id="28" source="E6" target="E5"/>
  <move id="29" source="I3" target="K3"/>
  <move id="30" source="E5" target="E4"/>
  <move id="31" source="F4" target="E4"/>
  <move id="32" source="F5" target="E5"/>
  <move id="33" source="G4" target="F4"/>
  <move id="34" source="E5" target="E4"/>
  <move id="35" source="F4" target="E4"/>
  <move id="36" source="F6" target="F7"/>
  <move id="37" source="I6" target="I5"/>
  <move id="38" source="F7" target="E7"/>
  <move id="39" source="I5" target="I4"/>
  <move id="40" source="G7" target="F7"/>
  <move id="41" source="I4" target="H4"/>
  <move id="42" source="F8" target="E8"/>
  <move id="43" source="H4" target="G4"/>
  <move id="44" source="G8" target="F8"/>
  <move id="45" source="G4" target="F4"/>
  <move id="46" source="D8" target="D7"/>
  <move id="47" source="F4" target="E4"/>
  <move id="48" source="G9" target="G8"/>
  <move id="49" source="G3" target="G4"/>
  <move id="50" source="G8" target="G7"/>
  <move id="51" source="G4" target="F4"/>
  <move id="52" source="C8" target="D8"/>
  <move id="53" source="F4" target="F7"/>
  <move id="54" source="G7" target="F7"/>
  <move id="55" source="F3" target="F4"/>
  <move id="56" source="F8" target="G8"/>
  <move id="57" source="F4" target="F5"/>
  <move id="58" source="G8" target="G7"/>
  <move id="59" source="F5" target="F4"/>
  <move id="60" source="E8" target="F8"/>
  <move id="61" source="F4" target="F5"/>
  <move id="62" source="D8" target="E8"/>
  <move id="63" source="F5" target="E5"/>
  <move id="64" source="G7" target="G8"/>
  <move id="65" source="E5" target="E6"/>
  <move id="66" source="G8" target="G7"/>
  <move id="67" source="E6" target="E5"/>
  <move id="68" source="F7" target="F6"/>
  <move id="69" source="E5" target="F5"/>
  <move id="70" source="F6" target="F7"/>
  <move id="71" source="F5" target="F4"/>
  <move id="72" source="F9" target="G9"/>
  <move id="73" source="G2" target="G3"/>
  <move id="74" source="G9" target="G8"/>
  <move id="75" source="G3" target="G4"/>
  <move id="76" source="F7" target="F6"/>
  <move id="77" source="F4" target="F3"/>
  <move id="78" source="F6" target="F5"/>
  <move id="79" source="E4" target="F4"/>
  <move id="80" source="F5" target="F6"/>
  <move id="81" source="F4" target="E4"/>
  <move id="82" source="F6" target="F7"/>
  <move id="83" source="F3" target="G3"/>
  <move id="84" source="E7" target="E6"/>
  <move id="85" source="F2" target="F3"/>
  <move id="86" source="E8" target="E7"/>
  <move id="87" source="F3" target="F4"/>
  <move id="88" source="E7" target="E8"/>
  <move id="89" source="F4" target="F5"/>
  <move id="90" source="E6" target="E7"/>
  <move id="91" source="G4" target="F4"/>
  <move id="92" source="E7" target="E6"/>
  <move id="93" source="F5" target="F6"/>
  <move id="94" source="E6" target="E7"/>
  <move id="95" source="F6" target="E6"/>
  <move id="96" source="C9" target="C8"/>
  <move id="97" source="E6" target="E7"/>
  <move id="98" source="E8" target="D8"/>
  <move id="99" source="F4" target="F5"/>
  <move id="100" source="F7" target="E7"/>
  <move id="101" source="H3" target="H4"/>
  <move id="102" source="G7" target="F7"/>
  <move id="103" source="H4" target="G4"/>
  <move id="104" source="D8" target="E8"/>
  <move id="105" source="G4" target="F4"/>
  <move id="106" source="G8" target="G7"/>
  <move id="107" source="F4" target="F3"/>
  <move id="108" source="C8" target="D8"/>
  <move id="109" source="H2" target="G2"/>
  <move id="110" source="F8" target="F9"/>
  <move id="111" source="G2" target="F2"/>
  <move id="112" source="F9" target="F8"/>
  <move id="113" source="F3" target="F4"/>
  <move id="114" source="E7" target="E6"/>
  <move id="115" source="F5" target="F6"/>
  <move id="116" source="E6" target="E7"/>
  <move id="117" source="G3" target="F3"/>
  <move id="118" source="G7" target="G8"/>
  <move id="119" source="F6" target="F7"/>
  <move id="120" source="F8" target="F7"/>
  <move id="121" source="F3" target="G3"/>
  <move id="122" source="F7" target="F8"/>
  <move id="123" source="F4" target="F3"/>
  <move id="124" source="F8" target="F9"/>
  <move id="125" source="F3" target="F4"/>
  <move id="126" source="G8" target="G9"/>
  <move id="127" source="F4" target="F5"/>
  <move id="128" source="E7" target="F7"/>
  <move id="129" source="F5" target="F6"/>
  <move id="130" source="F9" target="F8"/>
  <move id="131" source="F6" target="E6"/>
  <move id="132" source="E8" target="E9"/>
  <move id="133" source="E6" target="E7"/>
  <move id="134" source="H8" target="G8"/>
  <move id="135" source="E7" target="D7"/>
  <move id="136" source="D8" target="E8"/>
  <move id="137" source="G3" target="F3"/>
  <move id="138" source="E8" target="E7"/>
  <move id="139" source="E4" target="F4"/>
  <move id="140" source="E9" target="E8"/>
  <move id="141" source="F4" target="G4"/>
  <move id="142" source="E8" target="D8"/>
  <move id="143" source="D4" target="E4"/>
  <move id="144" source="C7" target="D7"/>
  <move id="145" source="E4" target="F4"/>
  <move id="146" source="D8" target="E8"/>
  <move id="147" source="F3" target="G3"/>
  <move id="148" source="G8" target="G7"/>
  <move id="149" source="F4" target="F3"/>
  <move id="150" source="F8" target="F9"/>
  <move id="151" source="G4" target="F4"/>
  <move id="152" source="F7" target="F8"/>
  <move id="153" source="C4" target="D4"/>
  <move id="154" source="G7" target="F7"/>
  <move id="155" source="G3" target="G4"/>
  <move id="156" source="F8" target="G8"/>
  <move id="157" source="F4" target="E4"/>
  <move id="158" source="F9" target="F8"/>
  <move id="159" source="F3" target="F4"/>
  <move id="160" source="H7" target="G7"/>
  <move id="161" source="K3" target="K4"/>
  <move id="162" source="G7" target="H7"/>
  <move id="163" source="F4" target="F5"/>
  <move id="164" source="G8" target="G7"/>
  <move id="165" source="F5" target="E5"/>
  <move id="166" source="H9" target="H8"/>
  <move id="167" source="E3" target="F3"/>
  <move id="168" source="G9" target="G8"/>
  <move id="169" source="E5" target="E6"/>
  <move id="170" source="D9" target="D8"/>
  <move id="171" source="E6" target="F6"/>
  <move id="172" source="D8" target="C8"/>
  <move id="173" source="E4" target="E5"/>
  <move id="174" source="C8" target="C7"/>
  <move id="175" source="F6" target="F5"/>
  <move id="176" source="G8" target="G9"/>
  <move id="177" source="E5" target="E6"/>
  <move id="178" source="G9" target="G8"/>
  <move id="179" source="F5" target="F4"/>
  <move id="180" source="C7" target="C8"/>
  <move id="181" source="G1" target="G2"/>
  <move id="182" source="C8" target="C7"/>
  <move id="183" source="G2" target="G3"/>
  <move id="184" source="C7" target="C8"/>
  <move id="185" source="G4" target="H4"/>
  <move id="186" source="C8" target="C7"/>
  <move id="187" source="G3" target="G4"/>
  <move id="188" source="G8" target="G9"/>
  <move id="189" source="F4" target="E4"/>
  <move id="190" source="G9" target="G8"/>
  <move id="191" source="G4" target="F4"/>
  <move id="192" source="C7" target="C8"/>
  <move id="193" source="F4" target="F5"/>
  <move id="194" source="C8" target="C7"/>
  <move id="195" source="E4" target="E3"/>
  <move id="196" source="C7" target="C8"/>
  <move id="197" source="F5" target="F4"/>
  <move id="198" source="C8" target="C7"/>
  <move id="199" source="F4" target="G4"/>
  <move id="200" source="G8" target="G9"/>
  <move id="201" source="D4" target="E4"/>
  <move id="202" source="G9" target="G8"/>
  <move id="203" source="D3" target="D4"/>
  <move id="204" source="C7" target="C8"/>
  <move id="205" source="E3" target="D3"/>
  <move id="206" source="C8" target="C7"/>
  <move id="207" source="E2" target="E3"/>
  <move id="208" source="G8" target="G9"/>
  <move id="209" source="E4" target="F4"/>
  <move id="210" source="G9" target="G8"/>
  <move id="211" source="E3" target="E4"/>
  <move id="212" source="C7" target="C8"/>
  <move id="213" source="E6" target="E5"/>
  <move id="214" source="C8" target="C7"/>
  <move id="215" source="E5" target="F5"/>
  <move id="216" source="C7" target="C8"/>
  <move id="217" source="E4" target="E5"/>
  <move id="218" source="C8" target="C7"/>
  <move id="219" source="E5" target="E6"/>
  <move id="220" source="G8" target="G9"/>
  <move id="221" source="F5" target="E5"/>
  <move id="222" source="G9" target="G8"/>
  <move id="223" source="E5" target="E4"/>
  <move id="224" source="C7" target="C8"/>
  <move id="225" source="E6" target="E7"/>
  <move id="226" source="C8" target="C7"/>
  <move id="227" source="D3" target="E3"/>
  <move id="228" source="H8" target="H9"/>
  <move id="229" source="C3" target="D3"/>
  <move id="230" source="H9" target="G9"/>
  <move id="231" source="D4" target="C4"/>
  <move id="232" source="G9" target="F9"/>
  <move id="233" source="E4" target="D4"/>
  <move id="234" source="E8" target="D8"/>
  <move id="235" source="E3" target="E4"/>
  <move id="236" source="D8" target="E8"/>
  <move id="237" source="D3" target="E3"/>
  <move id="238" source="F9" target="E9"/>
  <move id="239" source="C4" target="C3"/>
  <move id="240" source="E9" target="D9"/>
  <move id="241" source="D4" target="C4"/>
  <move id="242" source="D9" target="C9"/>
  <move id="243" source="E4" target="D4"/>
  <move id="244" source="C9" target="C8"/>
  <move id="245" source="E3" target="E4"/>
  <move id="246" source="E8" target="E9"/>
  <move id="247" source="E4" target="E5"/>
  <move id="248" source="F8" target="E8"/>
  <move id="249" source="D4" target="D3"/>
  <move id="250" source="C8" target="D8"/>
  <move id="251" source="E5" target="E6"/>
  <move id="252" source="G8" target="G9"/>
  <move id="253" source="E6" target="F6"/>
  <move id="254" source="E8" target="F8"/>
  <move id="255" source="D3" target="D4"/>
  <move id="256" source="D8" target="D9"/>
  <move id="257" source="C3" target="E3"/>
  <move id="258" source="E9" target="E8"/>
  <move id="259" source="E3" target="E2"/>
  <move id="260" source="G7" target="G8"/>
  <move id="261" source="B3" target="C3"/>
  <move id="262" source="G8" target="H8"/>
  <move id="263" source="B2" target="B3"/>
  <move id="264" source="G9" target="H9"/>
  <move id="265" source="F3" target="G3"/>
  <move id="266" source="F7" target="G7"/>
  <move id="267" source="G3" target="G2"/>
  <move id="268" source="F8" target="F7"/>
  <move id="269" source="F6" target="E6"/>
  <move id="270" source="H9" target="G9"/>
  <move id="271" source="C3" target="D3"/>
  <move id="272" source="E8" target="D8"/>
  <move id="273" source="D3" target="E3"/>
  <move id="274" source="E7" target="E8"/>
  <move id="275" source="E3" target="F3"/>
  <move id="276" source="E8" target="F8"/>
  <move id="277" source="F3" target="G3"/>
  <move id="278" source="D8" target="E8"/>
  <move id="279" source="G3" target="H3"/>
  <move id="280" source="F7" target="E7"/>
  <move id="281" source="E6" target="F6"/>
  <move id="282" source="E7" target="F7"/>
  <move id="283" source="F6" target="E6"/>
  <move id="284" source="E8" target="E7"/>
  <move id="285" source="H3" target="H2"/>
  <move id="286" source="F8" target="E8"/>
  <move id="287" source="B3" target="C3"/>
  <move id="288" source="G9" target="G8"/>
  <move id="289" source="C3" target="D3"/>
  <move id="290" source="G8" target="F8"/>
  <move id="291" source="D3" target="E3"/>
  <move id="292" source="E8" target="E9"/>
  <move id="293" source="E3" target="F3"/>
  <move id="294" source="E9" target="F9"/>
  <move id="295" source="F3" target="G3"/>
  <move id="296" source="F9" target="G9"/>
  <move id="297" source="G3" target="H3"/>
  <move id="298" source="G9" target="G8"/>
  <move id="299" source="H3" target="I3"/>
  <move id="300" source="F8" target="E8"/>
  <move id="301" source="I3" target="K3"/>
  <move id="302" source="D7" target="D8"/>
  <move id="303" source="K4" target="K5"/>
  <move id="304" source="E7" target="D7"/>
  <move id="305" source="K5" target="K6"/>
  <move id="306" source="E8" target="E6"/>
  <move id="307" source="E6" target="E5"/>
  <move id="308" source="D9" target="E9"/>
  <move id="309" source="E5" target="E4"/>
  <move id="310" source="E9" target="E8"/>
  <move id="311" source="K6" target="K7"/>
  <move id="312" source="D7" target="E7"/>
  <move id="313" source="K3" target="K4"/>
  <move id="314" source="D8" target="D7"/>
  <move id="315" source="K4" target="K5"/>
  <move id="316" source="H8" target="H9"/>
  <move id="317" source="K5" target="K6"/>
  <move id="318" source="G8" target="H8"/>
  <move id="319" source="K6" target="I6"/>
  <move id="320" source="H9" target="G9"/>
  <move id="321" source="G4" target="G3"/>
  <move id="322" source="G9" target="F9"/>
  <move id="323" source="G3" target="H3"/>
  <move id="324" source="G7" target="G8"/>
  <move id="325" source="H3" target="I3"/>
  <move id="326" source="F9" target="F8"/>
  <move id="327" source="I3" target="I4"/>
  <move id="328" source="F7" target="G7"/>
  <move id="329" source="I4" target="I5"/>
  <move id="330" source="F8" target="F4"/>
  <move id="331" source="I5" target="K5"/>
  <move id="332" source="E8" target="F8"/>
  <move id="333" source="K5" target="K6"/>
  <move id="334" source="F8" target="F7"/>
  <move id="335" source="D2" target="D3"/>
  <move id="336" source="F7" target="F6"/>
  <move id="337" source="D3" target="E3"/>
  <move id="338" source="F6" target="F5"/>
  <move id="339" source="E3" target="F3"/>
  <move id="340" source="F5" target="E5"/>
  <move id="341" source="K7" target="K8"/>
  <move id="342" source="I8" target="K8"/>
  <move id="343" source="K6" target="K7"/>
  <move id="344" source="H8" target="I8"/>
  <move id="345" source="K7" target="K6"/>
  <move id="346" source="E5" target="E6"/>
  <move id="347" source="K6" target="K5"/>
  <move id="348" source="E6" target="F6"/>
  <move id="349" source="I6" target="K6"/>
  <move id="350" source="H7" target="H8"/>
  <move id="351" source="K6" target="K7"/>
  <move id="352" source="G7" target="H7"/>
  <move id="353" source="K7" target="K8"/>
  <move id="354" source="F6" target="F7"/>
  <move id="355" source="K8" target="K9"/>
  <move id="356" source="H8" target="H9"/>
  <move id="357" source="K9" target="K:"/>
  <move id="358" source="I8" target="K8"/>
  <move id="359" source="K:" target="K9"/>
  <move id="360" source="K8" target="I8"/>
  <move id="361" source="K9" target="K8"/>
  <move id="362" source="I8" target="H8"/>
  <move id="363" source="F4" target="G4"/>
  <move id="364" source="G8" target="F8"/>
  <move id="365" source="K8" target="I8"/>
  <move id="366" source="H8" target="G8"/>
  <move id="367" source="H4" target="I4"/>
  <move id="368" source="H7" target="H8"/>
  <move id="369" source="I4" target="I5"/>
  <move id="370" source="H8" target="I8"/>
  <move id="371" source="I5" target="I6"/>
  <move id="372" source="H9" target="H8"/>
  <move id="373" source="K5" target="K4"/>
  <move id="374" source="H8" target="H7"/>
  <move id="375" source="K4" target="I4"/>
  <move id="376" source="F7" target="F6"/>
  <move id="377" source="I6" target="K6"/>
  <move id="378" source="F6" target="F5"/>
  <move id="379" source="K6" target="K7"/>
  <move id="380" source="F5" target="E5"/>
  <move id="381" source="G4" target="F4"/>
  <move id="382" source="I9" target="K9"/>
  <move id="383" source="F4" target="F5"/>
  <move id="384" source="E5" target="E4"/>
  <move id="385" source="D4" target="E4"/>
  <move id="386" source="K9" target="K7"/>
  <move id="387" source="E4" target="E5"/>
  <move id="388" source="E7" target="F7"/>
  <move id="389" source="E5" target="E6"/>
  <move id="390" source="F8" target="F9"/>
  <move id="391" source="E6" target="F6"/>
  <move id="392" source="F7" target="E7"/>
  <move id="393" source="F6" target="F7"/>
  <move id="394" source="G8" target="G9"/>
  <move id="395" source="F7" target="F8"/>
  <move id="396" source="I8" target="H8"/>
  <move id="397" source="F8" target="E8"/>
  <move id="398" source="H8" target="G8"/>
  <move id="399" source="F5" target="F6"/>
  <move id="400" source="G8" target="F8"/>
  <move id="401" source="E8" target="E9"/>
  <move id="402" source="G9" target="G8"/>
  <move id="403" source="F6" target="E6"/>
  <move id="404" source="E7" target="E6"/>
  <move id="405" source="E9" target="E:"/>
  <move id="406" source="F9" target="E9"/>
  <move id="407" source="E:" target="E9"/>
  <move id="408" source="D7" target="D8"/>
  <move id="409" source="E9" target="E:"/>
  <move id="410" source="F8" target="F9"/>
  <move id="411" source="K7" target="K8"/>
  <move id="412" source="D8" target="D9"/>
  <move id="413" source="K8" target="K9"/>
  <move id="414" source="G:" target="G9"/>
  <move id="415" source="K9" target="K:"/>
  <move id="416" source="F:" target="G:"/>
  <move id="417" source="K:" target="I:"/>
  <move id="418" source="F9" target="F:"/>
  <move id="419" source="I4" target="K4"/>
  <move id="420" source="F:" target="E:"/>
  <move id="421" source="C4" target="D4"/>
  <move id="422" source="H7" target="H8"/>
  <move id="423" source="F3" target="G3"/>
  <move id="424" source="H8" target="I8"/>
  <move id="425" source="F2" target="F3"/>
  <move id="426" source="I8" target="K8"/>
  <move id="427" source="F3" target="F4"/>
  <move id="428" source="K8" target="K7"/>
  <move id="429" source="F4" target="F5"/>
  <move id="430" source="K7" target="K6"/>
  <move id="431" source="F5" target="F6"/>
  <move id="432" source="E6" target="F6"/>
  <move id="433" source="K4" target="K5"/>
  <move id="434" source="K6" target="K5"/>
  <move id="435" source="G3" target="G4"/>
  <move id="436" source="F6" target="F5"/>
  <move id="437" source="G4" target="H4"/>
  <move id="438" source="K5" target="I5"/>
  <move id="439" source="H4" target="H3"/>
  <move id="440" source="I5" target="I4"/>
  <player id="1">Player 1</player>
  <player id="2">Player 2</player>
  <result type="3" winner="2"/>
 </game>
</stratego>