<?xml version="1.0" encoding="UTF-8"?>
<stratego>
 <game type="classic">
  
  <field content="EBMBFDFEGEHIBCBIBJBDDGJKGHELFGDFHEDDIHDDAA__AA__AAAA__AA__AAPRTPTPQTNPPNUSXUPPTRNQSNQWVUSPQNRYRNOVSQ"/>
  <move id="1" source="E4" target="E7"/>
  <move id="2" source="F7" target="F6"/>
  <move id="3" source="F4" target="F6"/>
  <move id="4" source="G7" target="F7"/>
  <move id="5" source="G4" target="F4"/>
  <move id="6" source="F7" target="F6"/>
  <move id="7" source="D4" target="E4"/>
  <move id="8" source="F8" target="F7"/>
  <move id="9" source="E4" target="E5"/>
  <move id="10" source="F6" target="E6"/>
  <move id="11" source="F4" target="E4"/>
  <move id="12" source="F7" target="F6"/>
  <move id="13" source="F3" target="F4"/>
  <move id="14" source="F6" target="F5"/>
  <move id="15" source="I4" target="I7"/>
  <move id="16" source="G8" target="G7"/>
  <move id="17" source="K4" target="K7"/>
  <move id="18" source="F5" target="F6"/>
  <move id="19" source="H4" target="I4"/>
  <move id="20" source="G7" target="G8"/>
  <move id="21" source="I4" target="I5"/>
  <move id="22" source="F6" target="F7"/>
  <move id="23" source="I5" target="I6"/>
  <move id="24" source="F7" target="F8"/>
  <move id="25" source="I3" target="I4"/>
  <move id="26" source="E6" target="F6"/>
  <move id="27" source="I4" target="I5"/>
  <move id="28" source="E7" target="E6"/>
  <move id="29" source="I5" target="K5"/>
  <move id="30" source="E6" target="E5"/>
  <move id="31" source="E4" target="E5"/>
  <move id="32" source="F6" target="E6"/>
  <move id="33" source="E5" target="E4"/>
  <move id="34" source="E6" target="E5"/>
  <move id="35" source="E4" target="D4"/>
  <move id="36" source="F8" target="F7"/>
  <move id="37" source="H3" target="H4"/>
  <move id="38" source="F7" target="F6"/>
  <move id="39" source="H4" target="G4"/>
  <move id="40" source="F6" target="F5"/>
  <move id="41" source="E3" target="E4"/>
  <move id="42" source="G8" target="G7"/>
  <move id="43" source="D3" target="E3"/>
  <move id="44" source="G7" target="F7"/>
  <move id="45" source="K5" target="K6"/>
  <move id="46" source="F7" target="F6"/>
  <move id="47" source="K6" target="K7"/>
  <move id="48" source="F6" target="E6"/>
  <move id="49" source="B4" target="B5"/>
  <move id="50" source="F5" target="F6"/>
  <move id="51" source="B5" target="B6"/>
  <move id="52" source="H8" target="G8"/>
  <move id="53" source="A4" target="A5"/>
  <move id="54" source="G8" target="G7"/>
  <move id="55" source="A5" target="A6"/>
  <move id="56" source="F6" target="F5"/>
  <move id="57" source="A6" target="A7"/>
  <move id="58" source="D7" target="E7"/>
  <move id="59" source="B6" target="A6"/>
  <move id="60" source="E7" target="F7"/>
  <move id="61" source="A6" target="A7"/>
  <move id="62" source="F7" target="F8"/>
  <move id="63" source="A3" target="A4"/>
  <move id="64" source="F8" target="G8"/>
  <move id="65" source="A4" target="B4"/>
  <move id="66" source="G8" target="H8"/>
  <move id="67" source="B4" target="B5"/>
  <move id="68" source="F5" target="F6"/>
  <move id="69" source="B5" target="B6"/>
  <move id="70" source="F6" target="F7"/>
  <move id="71" source="F4" target="F3"/>
  <move id="72" source="F7" target="F6"/>
  <move id="73" source="F3" target="F4"/>
  <move id="74" source="F6" target="F5"/>
  <move id="75" source="B6" target="B5"/>
  <move id="76" source="E6" target="F6"/>
  <move id="77" source="B5" target="B6"/>
  <move id="78" source="E5" target="E6"/>
  <move id="79" source="B6" target="B5"/>
  <move id="80" source="F5" target="E5"/>
  <move id="81" source="B5" target="B4"/>
  <move id="82" source="F6" target="F5"/>
  <move id="83" source="B4" target="A4"/>
  <move id="84" source="E6" target="F6"/>
  <move id="85" source="A4" target="A5"/>
  <move id="86" source="E8" target="E7"/>
  <move id="87" source="F4" target="F3"/>
  <move id="88" source="E7" target="E6"/>
  <move id="89" source="G4" target="F4"/>
  <move id="90" source="F6" target="F7"/>
  <move id="91" source="F4" target="F5"/>
  <move id="92" source="E5" target="E4"/>
  <move id="93" source="E3" target="E4"/>
  <move id="94" source="F7" target="F8"/>
  <move id="95" source="E4" target="E3"/>
  <move id="96" source="E6" target="E7"/>
  <move id="97" source="F5" target="E5"/>
  <move id="98" source="E7" target="E8"/>
  <move id="99" source="D4" target="D3"/>
  <move id="100" source="F8" target="F7"/>
  <move id="101" source="C4" target="B4"/>
  <move id="102" source="F7" target="E7"/>
  <move id="103" source="B4" target="B5"/>
  <move id="104" source="H8" target="G8"/>
  <move id="105" source="A5" target="A4"/>
  <move id="106" source="G8" target="F8"/>
  <move id="107" source="A4" target="B4"/>
  <move id="108" source="F8" target="F3"/>
  <move id="109" source="B4" target="C4"/>
  <move id="110" source="I8" target="H8"/>
  <move id="111" source="C4" target="D4"/>
  <move id="112" source="H8" target="G8"/>
  <move id="113" source="D4" target="E4"/>
  <move id="114" source="G8" target="F8"/>
  <move id="115" source="G3" target="G4"/>
  <move id="116" source="G9" target="G8"/>
  <move id="117" source="E5" target="F5"/>
  <move id="118" source="G8" target="H8"/>
  <move id="119" source="E4" target="E5"/>
  <move id="120" source="H8" target="I8"/>
  <move id="121" source="F5" target="F4"/>
  <move id="122" source="K8" target="K7"/>
  <move id="123" source="K3" target="I3"/>
  <move id="124" source="I8" target="K8"/>
  <move id="125" source="K2" target="K8"/>
  <move id="126" source="K8" target="K7"/>
  <move id="127" source="H2" target="H3"/>
  <move id="128" source="K7" target="K6"/>
  <move id="129" source="I6" target="I5"/>
  <move id="130" source="K6" target="K5"/>
  <move id="131" source="I5" target="I4"/>
  <move id="132" source="K5" target="K4"/>
  <move id="133" source="I4" target="I5"/>
  <move id="134" source="K4" target="K5"/>
  <move id="135" source="I5" target="I6"/>
  <move id="136" source="K5" target="I5"/>
  <move id="137" source="I6" target="K6"/>
  <move id="138" source="I5" target="I6"/>
  <move id="139" source="K6" target="K5"/>
  <move id="140" source="I6" target="I5"/>
  <move id="141" source="K5" target="K4"/>
  <move id="142" source="I5" target="I4"/>
  <move id="143" source="K4" target="K5"/>
  <move id="144" source="K9" target="K5"/>
  <move id="145" source="G4" target="G3"/>
  <move id="146" source="I4" target="K4"/>
  <move id="147" source="K5" target="I5"/>
  <move id="148" source="E7" target="F7"/>
  <move id="149" source="F4" target="G4"/>
  <move id="150" source="E8" target="E7"/>
  <move id="151" source="G4" target="H4"/>
  <move id="152" source="F8" target="E8"/>
  <move id="153" source="H4" target="I4"/>
  <move id="154" source="K4" target="K5"/>
  <move id="155" source="I5" target="I6"/>
  <move id="156" source="E7" target="E6"/>
  <move id="157" source="I4" target="K4"/>
  <move id="158" source="K5" target="K6"/>
  <move id="159" source="I6" target="I5"/>
  <move id="160" source="E6" target="E5"/>
  <move id="161" source="D3" target="D4"/>
  <move id="162" source="F7" target="F6"/>
  <move id="163" source="G3" target="G4"/>
  <move id="164" source="F6" target="E6"/>
  <move id="165" source="K4" target="K5"/>
  <move id="166" source="K6" target="K7"/>
  <move id="167" source="K5" target="K6"/>
  <move id="168" source="K7" target="K8"/>
  <move id="169" source="K6" target="K7"/>
  <move id="170" source="K8" target="I8"/>
  <move id="171" source="K7" target="K6"/>
  <move id="172" source="F9" target="F8"/>
  <move id="173" source="K6" target="K5"/>
  <move id="174" source="F8" target="F7"/>
  <move id="175" source="K5" target="K4"/>
  <move id="176" source="F7" target="F6"/>
  <move id="177" source="K4" target="I4"/>
  <move id="178" source="F6" target="F5"/>
  <move id="179" source="I4" target="H4"/>
  <move id="180" source="F5" target="F4"/>
  <move id="181" source="G4" target="F4"/>
  <move id="182" source="F4" target="F5"/>
  <move id="183" source="H4" target="G4"/>
  <move id="184" source="F5" target="F6"/>
  <move id="185" source="G4" target="F4"/>
  <move id="186" source="E6" target="E7"/>
  <move id="187" source="F4" target="F5"/>
  <move id="188" source="E5" target="F5"/>
  <move id="189" source="E3" target="E4"/>
  <move id="190" source="F6" target="F5"/>
  <move id="191" source="H3" target="H4"/>
  <move id="192" source="I8" target="K8"/>
  <move id="193" source="H4" target="I4"/>
  <move id="194" source="K8" target="K7"/>
  <move id="195" source="I4" target="K4"/>
  <move id="196" source="K7" target="K6"/>
  <move id="197" source="K4" target="K5"/>
  <move id="198" source="K6" target="I6"/>
  <move id="199" source="I5" target="I4"/>
  <move id="200" source="H9" target="G9"/>
  <move id="201" source="D4" target="D3"/>
  <move id="202" source="H:" target="H9"/>
  <move id="203" source="C3" target="C4"/>
  <move id="204" source="H9" target="H8"/>
  <move id="205" source="F3" target="G3"/>
  <move id="206" source="F5" target="F4"/>
  <move id="207" source="E4" target="F4"/>
  <move id="208" source="H8" target="I8"/>
  <move id="209" source="C4" target="D4"/>
  <move id="210" source="I8" target="K8"/>
  <move id="211" source="D4" target="E4"/>
  <move id="212" source="K8" target="K7"/>
  <move id="213" source="I4" target="H4"/>
  <move id="214" source="K7" target="K6"/>
  <move id="215" source="H4" target="H3"/>
  <move id="216" source="I6" target="I5"/>
  <move id="217" source="K5" target="I5"/>
  <move id="218" source="K6" target="K5"/>
  <move id="219" source="E4" target="F4"/>
  <move id="220" source="K5" target="K4"/>
  <move id="221" source="F4" target="G4"/>
  <move id="222" source="K4" target="I4"/>
  <move id="223" source="H3" target="H2"/>
  <move id="224" source="I4" target="H4"/>
  <move id="225" source="G4" target="H4"/>
  <move id="226" source="E7" target="E6"/>
  <move id="227" source="D3" target="D4"/>
  <move id="228" source="E6" target="E5"/>
  <move id="229" source="F2" target="F3"/>
  <move id="230" source="E5" target="F5"/>
  <move id="231" source="F3" target="F4"/>
  <move id="232" source="F5" target="E5"/>
  <move id="233" source="B3" target="C3"/>
  <move id="234" source="G9" target="G8"/>
  <move id="235" source="D4" target="E4"/>
  <move id="236" source="G8" target="F8"/>
  <move id="237" source="B2" target="B3"/>
  <move id="238" source="F8" target="F7"/>
  <move id="239" source="B3" target="B4"/>
  <move id="240" source="F7" target="F6"/>
  <move id="241" source="B4" target="C4"/>
  <move id="242" source="F6" target="F5"/>
  <move id="243" source="E4" target="E5"/>
  <move id="244" source="F5" target="F4"/>
  <move id="245" source="E5" target="E6"/>
  <move id="246" source="G7" target="F7"/>
  <move id="247" source="D2" target="D3"/>
  <move id="248" source="F7" target="F8"/>
  <move id="249" source="E6" target="E7"/>
  <move id="250" source="F8" target="K8"/>
  <move id="251" source="C4" target="D4"/>
  <move id="252" source="K8" target="K2"/>
  <move id="253" source="D4" target="E4"/>
  <move id="254" source="K2" target="I2"/>
  <move id="255" source="D3" target="D4"/>
  <move id="256" source="G:" target="G9"/>
  <move id="257" source="E7" target="F7"/>
  <move id="258" source="G9" target="H9"/>
  <move id="259" source="E4" target="F4"/>
  <move id="260" source="H9" target="H8"/>
  <move id="261" source="F4" target="G4"/>
  <move id="262" source="H8" target="I8"/>
  <move id="263" source="G4" target="H4"/>
  <move id="264" source="I8" target="K8"/>
  <move id="265" source="H4" target="I4"/>
  <move id="266" source="K8" target="K7"/>
  <move id="267" source="I4" target="I5"/>
  <move id="268" source="K7" target="K6"/>
  <move id="269" source="I5" target="K5"/>
  <move id="270" source="K6" target="I6"/>
  <move id="271" source="D4" target="E4"/>
  <move id="272" source="I6" target="I5"/>
  <move id="273" source="K5" target="I5"/>
  <move id="274" source="B7" target="A7"/>
  <move id="275" source="E4" target="E5"/>
  <move id="276" source="C7" target="B7"/>
  <move id="277" source="E5" target="E6"/>
  <move id="278" source="B7" target="B6"/>
  <move id="279" source="B5" target="A5"/>
  <move id="280" source="B6" target="A6"/>
  <move id="281" source="A5" target="B5"/>
  <move id="282" source="A6" target="B6"/>
  <move id="283" source="B5" target="B4"/>
  <move id="284" source="B6" target="B5"/>
  <move id="285" source="B4" target="C4"/>
  <move id="286" source="B5" target="B4"/>
  <move id="287" source="C4" target="D4"/>
  <move id="288" source="B4" target="C4"/>
  <move id="289" source="D4" target="E4"/>
  <move id="290" source="C4" target="D4"/>
  <move id="291" source="E4" target="F4"/>
  <move id="292" source="D4" target="E4"/>
  <move id="293" source="F4" target="G4"/>
  <move id="294" source="E4" target="F4"/>
  <move id="295" source="G4" target="H4"/>
  <move id="296" source="F4" target="G4"/>
  <move id="297" source="H4" target="I4"/>
  <move id="298" source="C8" target="C7"/>
  <move id="299" source="I4" target="K4"/>
  <move id="300" source="C7" target="B7"/>
  <move id="301" source="I5" target="I4"/>
  <move id="302" source="G4" target="F4"/>
  <move id="303" source="I4" target="H4"/>
  <move id="304" source="F4" target="E4"/>
  <move id="305" source="F7" target="F6"/>
  <move id="306" source="E4" target="E5"/>
  <move id="307" source="E6" target="E7"/>
  <move id="308" source="E5" target="E4"/>
  <move id="309" source="F6" target="E6"/>
  <move id="310" source="E4" target="D4"/>
  <move id="311" source="H4" target="G4"/>
  <move id="312" source="D4" target="C4"/>
  <move id="313" source="G4" target="F4"/>
  <move id="314" source="C4" target="B4"/>
  <move id="315" source="F4" target="E4"/>
  <move id="316" source="B4" target="A4"/>
  <move id="317" source="E4" target="D4"/>
  <move id="318" source="A4" target="A5"/>
  <move id="319" source="D4" target="C4"/>
  <move id="320" source="B7" target="C7"/>
  <move id="321" source="E7" target="E8"/>
  <move id="322" source="E8" target="F8"/>
  <move id="323" source="E6" target="E7"/>
  <move id="324" source="F8" target="G8"/>
  <move id="325" source="C4" target="B4"/>
  <move id="326" source="C7" target="D7"/>
  <move id="327" source="E7" target="D7"/>
  <move id="328" source="G8" target="F8"/>
  <move id="329" source="G3" target="G4"/>
  <move id="330" source="F8" target="F7"/>
  <move id="331" source="K4" target="K5"/>
  <move id="332" source="F7" target="F6"/>
  <move id="333" source="G4" target="F4"/>
  <move id="334" source="F6" target="F5"/>
  <move id="335" source="K5" target="K6"/>
  <move id="336" source="H7" target="G7"/>
  <move id="337" source="K6" target="K7"/>
  <move id="338" source="G7" target="F7"/>
  <move id="339" source="H2" target="H3"/>
  <move id="340" source="F5" target="F4"/>
  <move id="341" source="H3" target="G3"/>
  <move id="342" source="F7" target="F6"/>
  <move id="343" source="G3" target="G4"/>
  <move id="344" source="A8" target="A7"/>
  <move id="345" source="A2" target="A3"/>
  <move id="346" source="A7" target="B7"/>
  <move id="347" source="B4" target="B5"/>
  <move id="348" source="A5" target="A4"/>
  <move id="349" source="A3" target="A4"/>
  <move id="350" source="B7" target="C7"/>
  <move id="351" source="B5" target="B6"/>
  <move id="352" source="C7" target="D7"/>
  <move id="353" source="B6" target="B7"/>
  <move id="354" source="D7" target="E7"/>
  <move id="355" source="G4" target="F4"/>
  <move id="356" source="E7" target="E6"/>
  <move id="357" source="F4" target="F5"/>
  <move id="358" source="F6" target="F5"/>
  <move id="359" source="C3" target="D3"/>
  <move id="360" source="E6" target="E5"/>
  <move id="361" source="K7" target="K8"/>
  <move id="362" source="E5" target="E4"/>
  <move id="363" source="K8" target="I8"/>
  <move id="364" source="I9" target="I8"/>
  <move id="365" source="K1" target="K2"/>
  <move id="366" source="E4" target="H4"/>
  <move id="367" source="I3" target="H3"/>
  <move id="368" source="D8" target="E8"/>
  <move id="369" source="I8" target="H8"/>
  <move id="370" source="E8" target="E7"/>
  <move id="371" source="H8" target="G8"/>
  <move id="372" source="E7" target="E6"/>
  <move id="373" source="H3" target="H4"/>
  <move id="374" source="E6" target="E5"/>
  <move id="375" source="D3" target="D4"/>
  <move id="376" source="E5" target="F5"/>
  <move id="377" source="D4" target="E4"/>
  <move id="378" source="F5" target="F4"/>
  <move id="379" source="E4" target="F4"/>
  <player id="1">Player 1</player>
  <player id="2">Player 2</player>
  <result type="3" winner="1"/>
 </game>
</stratego>