<?xml version="1.0" encoding="UTF-8"?>
<stratego>
 <game type="classic">
  
  <field content="BGIBHEBIGBCDFBEFMFDEKDEDDDDEDLHGJBIHFJGHAA__AA__AAAA__AA__AAUNRSXYORPSPNVSQPVNQTPQWUTPNQPNQPSRTUPTRN"/>
  <move id="1" source="E4" target="E5"/>
  <move id="2" source="E7" target="E6"/>
  <move id="3" source="E5" target="E6"/>
  <move id="4" source="E6" target="E5"/>
  <move id="5" source="B4" target="B5"/>
  <move id="6" source="E5" target="F5"/>
  <move id="7" source="B5" target="A5"/>
  <move id="8" source="F5" target="F4"/>
  <move id="9" source="B3" target="B7"/>
  <move id="10" source="F4" target="F5"/>
  <move id="11" source="B2" target="B6"/>
  <move id="12" source="A7" target="A6"/>
  <move id="13" source="A5" target="A6"/>
  <move id="14" source="A6" target="B6"/>
  <move id="15" source="A4" target="B4"/>
  <move id="16" source="I7" target="I4"/>
  <move id="17" source="B4" target="B3"/>
  <move id="18" source="K7" target="K6"/>
  <move id="19" source="B3" target="B2"/>
  <move id="20" source="K6" target="K5"/>
  <move id="21" source="A3" target="A4"/>
  <move id="22" source="K5" target="K4"/>
  <move id="23" source="A4" target="A5"/>
  <move id="24" source="K8" target="K7"/>
  <move id="25" source="A5" target="A6"/>
  <move id="26" source="B6" target="B5"/>
  <move id="27" source="C4" target="B4"/>
  <move id="28" source="B5" target="B4"/>
  <move id="29" source="B4" target="C4"/>
  <move id="30" source="K7" target="K6"/>
  <move id="31" source="C3" target="B3"/>
  <move id="32" source="K6" target="I6"/>
  <move id="33" source="B3" target="B4"/>
  <move id="34" source="I6" target="I5"/>
  <move id="35" source="B4" target="B5"/>
  <move id="36" source="I5" target="I4"/>
  <move id="37" source="H4" target="I4"/>
  <move id="38" source="A8" target="A6"/>
  <move id="39" source="A6" target="A7"/>
  <move id="40" source="E8" target="E7"/>
  <move id="41" source="B5" target="B6"/>
  <move id="42" source="E9" target="E8"/>
  <move id="43" source="B6" target="B7"/>
  <move id="44" source="C7" target="B7"/>
  <move id="45" source="A7" target="B7"/>
  <move id="46" source="E7" target="E6"/>
  <move id="47" source="D3" target="A3"/>
  <move id="48" source="A9" target="A3"/>
  <move id="49" source="E3" target="A3"/>
  <move id="50" source="A:" target="A9"/>
  <move id="51" source="A3" target="A9"/>
  <move id="52" source="E8" target="E9"/>
  <move id="53" source="B7" target="A7"/>
  <move id="54" source="E6" target="E5"/>
  <move id="55" source="A7" target="A8"/>
  <move id="56" source="A9" target="A:"/>
  <move id="57" source="F3" target="B3"/>
  <move id="58" source="E5" target="E6"/>
  <move id="59" source="B3" target="B8"/>
  <move id="60" source="E6" target="F6"/>
  <move id="61" source="A8" target="A9"/>
  <move id="62" source="F5" target="E5"/>
  <move id="63" source="A9" target="A:"/>
  <move id="64" source="D7" target="E7"/>
  <move id="65" source="G3" target="A3"/>
  <move id="66" source="E7" target="E8"/>
  <move id="67" source="A3" target="A9"/>
  <move id="68" source="E5" target="E6"/>
  <move id="69" source="A9" target="B9"/>
  <move id="70" source="E6" target="E7"/>
  <move id="71" source="A:" target="A9"/>
  <move id="72" source="E7" target="D7"/>
  <move id="73" source="A9" target="B9"/>
  <move id="74" source="D7" target="C7"/>
  <move id="75" source="B9" target="C9"/>
  <move id="76" source="F6" target="F5"/>
  <move id="77" source="G4" target="F4"/>
  <move id="78" source="C7" target="D7"/>
  <move id="79" source="F4" target="F5"/>
  <move id="80" source="D7" target="E7"/>
  <move id="81" source="F5" target="E5"/>
  <move id="82" source="E7" target="E6"/>
  <move id="83" source="E5" target="E6"/>
  <move id="84" source="E6" target="F6"/>
  <move id="85" source="H3" target="H4"/>
  <move id="86" source="H7" target="I7"/>
  <move id="87" source="I3" target="E3"/>
  <move id="88" source="I7" target="I6"/>
  <move id="89" source="E3" target="E8"/>
  <move id="90" source="E8" target="E7"/>
  <move id="91" source="I4" target="I5"/>
  <move id="92" source="I6" target="I5"/>
  <move id="93" source="I5" target="I6"/>
  <move id="94" source="F8" target="E8"/>
  <move id="95" source="I6" target="I7"/>
  <move id="96" source="G8" target="F8"/>
  <move id="97" source="I7" target="K7"/>
  <move id="98" source="C8" target="C7"/>
  <move id="99" source="I2" target="I8"/>
  <move id="100" source="D9" target="C9"/>
  <move id="101" source="K7" target="K8"/>
  <move id="102" source="I8" target="I7"/>
  <move id="103" source="K4" target="K5"/>
  <move id="104" source="D8" target="D7"/>
  <move id="105" source="K5" target="I5"/>
  <move id="106" source="E7" target="E6"/>
  <move id="107" source="I5" target="I6"/>
  <move id="108" source="E6" target="E5"/>
  <move id="109" source="I6" target="I7"/>
  <move id="110" source="E8" target="E7"/>
  <move id="111" source="I7" target="K7"/>
  <move id="112" source="F8" target="G8"/>
  <move id="113" source="H4" target="I4"/>
  <move id="114" source="I9" target="I4"/>
  <move id="115" source="I4" target="I5"/>
  <move id="116" source="I:" target="I9"/>
  <move id="117" source="I5" target="I6"/>
  <move id="118" source="F9" target="F8"/>
  <move id="119" source="I6" target="I7"/>
  <move id="120" source="F:" target="F9"/>
  <move id="121" source="K3" target="I3"/>
  <move id="122" source="E5" target="E4"/>
  <move id="123" source="I3" target="H3"/>
  <move id="124" source="E4" target="D4"/>
  <move id="125" source="I7" target="I8"/>
  <move id="126" source="I9" target="I8"/>
  <move id="127" source="K8" target="I8"/>
  <move id="128" source="E7" target="E2"/>
  <move id="129" source="H3" target="H4"/>
  <move id="130" source="D7" target="E7"/>
  <move id="131" source="H4" target="G4"/>
  <move id="132" source="E7" target="E6"/>
  <move id="133" source="E2" target="E3"/>
  <move id="134" source="F6" target="F5"/>
  <move id="135" source="E3" target="E4"/>
  <move id="136" source="E6" target="E5"/>
  <move id="137" source="E4" target="F4"/>
  <move id="138" source="F5" target="F6"/>
  <move id="139" source="F4" target="F5"/>
  <move id="140" source="F6" target="F5"/>
  <move id="141" source="F2" target="F3"/>
  <move id="142" source="E5" target="E4"/>
  <move id="143" source="F3" target="F4"/>
  <move id="144" source="F5" target="F6"/>
  <move id="145" source="F4" target="E4"/>
  <move id="146" source="E4" target="E3"/>
  <move id="147" source="G4" target="F4"/>
  <move id="148" source="E3" target="D3"/>
  <move id="149" source="C4" target="C3"/>
  <move id="150" source="D3" target="D2"/>
  <move id="151" source="F4" target="F5"/>
  <move id="152" source="F6" target="F5"/>
  <move id="153" source="C3" target="D3"/>
  <move id="154" source="G7" target="H7"/>
  <move id="155" source="D3" target="E3"/>
  <move id="156" source="H7" target="I7"/>
  <move id="157" source="I8" target="I7"/>
  <move id="158" source="C7" target="D7"/>
  <move id="159" source="E3" target="E4"/>
  <move id="160" source="G8" target="G7"/>
  <move id="161" source="I7" target="H7"/>
  <move id="162" source="F8" target="E8"/>
  <move id="163" source="E4" target="E5"/>
  <move id="164" source="E8" target="E7"/>
  <move id="165" source="E5" target="E6"/>
  <move id="166" source="D7" target="D8"/>
  <move id="167" source="E6" target="E7"/>
  <move id="168" source="D8" target="E8"/>
  <move id="169" source="E7" target="F7"/>
  <player id="1">Player 1</player>
  <player id="2">Player 2</player>
  <result type="1" winner="1"/>
 </game>
</stratego>