<?xml version="1.0" encoding="UTF-8"?>
<stratego>
 <game type="classic">
  
  <field content="DDEHEBMBEJEJFBFFBKIHDHDIBBCDEDDFGGDGILHGAA__AA__AAAA__AA__AANXWQQQQQPPRNVVUTSRPPNRNUUTSSPPYNRNOTTSPP"/>
  <move id="1" source="I4" target="I5"/>
  <move id="2" source="B7" target="B6"/>
  <move id="3" source="K4" target="K5"/>
  <move id="4" source="C7" target="B7"/>
  <move id="5" source="K5" target="K6"/>
  <move id="6" source="B6" target="A6"/>
  <move id="7" source="K6" target="K7"/>
  <move id="8" source="A6" target="A5"/>
  <move id="9" source="K7" target="K8"/>
  <move id="10" source="B7" target="B6"/>
  <move id="11" source="K8" target="K9"/>
  <move id="12" source="B6" target="A6"/>
  <move id="13" source="K9" target="K:"/>
  <move id="14" source="D7" target="C7"/>
  <move id="15" source="K:" target="K9"/>
  <move id="16" source="C7" target="B7"/>
  <move id="17" source="K9" target="K8"/>
  <move id="18" source="B7" target="B6"/>
  <move id="19" source="K8" target="K7"/>
  <move id="20" source="A5" target="A4"/>
  <move id="21" source="K7" target="I7"/>
  <move id="22" source="I8" target="K8"/>
  <move id="23" source="I7" target="H7"/>
  <move id="24" source="A4" target="B4"/>
  <move id="25" source="H7" target="G7"/>
  <move id="26" source="B6" target="B5"/>
  <move id="27" source="G7" target="F7"/>
  <move id="28" source="B4" target="C4"/>
  <move id="29" source="F7" target="E7"/>
  <move id="30" source="C4" target="B4"/>
  <move id="31" source="I5" target="I6"/>
  <move id="32" source="B4" target="B3"/>
  <move id="33" source="I6" target="I7"/>
  <move id="34" source="B3" target="B2"/>
  <move id="35" source="I7" target="I8"/>
  <move id="36" source="B2" target="A2"/>
  <move id="37" source="D4" target="C4"/>
  <move id="38" source="A2" target="A3"/>
  <move id="39" source="C4" target="B4"/>
  <move id="40" source="B5" target="B6"/>
  <move id="41" source="B4" target="B5"/>
  <move id="42" source="B6" target="B7"/>
  <move id="43" source="E7" target="D7"/>
  <move id="44" source="A6" target="B6"/>
  <move id="45" source="D7" target="C7"/>
  <move id="46" source="B6" target="B5"/>
  <move id="47" source="C7" target="B7"/>
  <move id="48" source="A3" target="B3"/>
  <move id="49" source="I8" target="I9"/>
  <move id="50" source="B3" target="C3"/>
  <move id="51" source="I9" target="H9"/>
  <move id="52" source="C3" target="D3"/>
  <move id="53" source="H9" target="H:"/>
  <move id="54" source="D3" target="C3"/>
  <move id="55" source="H:" target="I:"/>
  <move id="56" source="C3" target="C2"/>
  <move id="57" source="I:" target="I9"/>
  <move id="58" source="C2" target="C1"/>
  <move id="59" source="I9" target="I8"/>
  <move id="60" source="K8" target="K5"/>
  <move id="61" source="K3" target="K5"/>
  <move id="62" source="C1" target="B1"/>
  <move id="63" source="I8" target="H8"/>
  <move id="64" source="B1" target="A1"/>
  <move id="65" source="H8" target="G8"/>
  <move id="66" source="A1" target="B1"/>
  <move id="67" source="I3" target="K3"/>
  <move id="68" source="B1" target="C1"/>
  <move id="69" source="I2" target="I3"/>
  <move id="70" source="C1" target="D1"/>
  <move id="71" source="I3" target="I4"/>
  <move id="72" source="D1" target="E1"/>
  <move id="73" source="I4" target="I5"/>
  <move id="74" source="E1" target="E2"/>
  <move id="75" source="I5" target="I6"/>
  <move id="76" source="E2" target="F2"/>
  <move id="77" source="I6" target="I7"/>
  <move id="78" source="F2" target="E2"/>
  <move id="79" source="I7" target="I8"/>
  <move id="80" source="E2" target="E1"/>
  <move id="81" source="I8" target="I9"/>
  <move id="82" source="E1" target="D1"/>
  <move id="83" source="I9" target="I:"/>
  <move id="84" source="D1" target="C1"/>
  <move id="85" source="I:" target="H:"/>
  <move id="86" source="C1" target="C2"/>
  <move id="87" source="H:" target="G:"/>
  <move id="88" source="C2" target="C3"/>
  <move id="89" source="G:" target="F:"/>
  <move id="90" source="C3" target="D3"/>
  <move id="91" source="F:" target="E:"/>
  <move id="92" source="D3" target="D4"/>
  <move id="93" source="G8" target="G9"/>
  <move id="94" source="D4" target="E4"/>
  <move id="95" source="E:" target="E9"/>
  <move id="96" source="F9" target="G9"/>
  <move id="97" source="H2" target="I2"/>
  <move id="98" source="E4" target="F4"/>
  <move id="99" source="I2" target="I3"/>
  <move id="100" source="F4" target="F5"/>
  <move id="101" source="I3" target="I4"/>
  <move id="102" source="F5" target="F6"/>
  <move id="103" source="I4" target="I5"/>
  <move id="104" source="F6" target="F7"/>
  <move id="105" source="I5" target="I6"/>
  <move id="106" source="F7" target="G7"/>
  <move id="107" source="I6" target="K6"/>
  <move id="108" source="G7" target="H7"/>
  <move id="109" source="K6" target="K7"/>
  <move id="110" source="H7" target="H8"/>
  <move id="111" source="K7" target="I7"/>
  <move id="112" source="H8" target="H7"/>
  <move id="113" source="I7" target="I8"/>
  <move id="114" source="H7" target="H8"/>
  <move id="115" source="I8" target="I7"/>
  <move id="116" source="H8" target="I8"/>
  <move id="117" source="I7" target="H7"/>
  <move id="118" source="I8" target="H8"/>
  <move id="119" source="H7" target="G7"/>
  <move id="120" source="H8" target="H7"/>
  <move id="121" source="G7" target="F7"/>
  <move id="122" source="H7" target="I7"/>
  <move id="123" source="F7" target="E7"/>
  <move id="124" source="I7" target="K7"/>
  <move id="125" source="H3" target="H2"/>
  <move id="126" source="K7" target="K6"/>
  <move id="127" source="G3" target="H3"/>
  <move id="128" source="K6" target="K5"/>
  <move id="129" source="H3" target="I3"/>
  <move id="130" source="K5" target="K6"/>
  <move id="131" source="E7" target="E8"/>
  <move id="132" source="K6" target="K7"/>
  <move id="133" source="E8" target="D8"/>
  <move id="134" source="K7" target="I7"/>
  <move id="135" source="D8" target="C8"/>
  <move id="136" source="I7" target="H7"/>
  <move id="137" source="B7" target="B8"/>
  <move id="138" source="H7" target="I7"/>
  <move id="139" source="C8" target="C7"/>
  <move id="140" source="I7" target="H7"/>
  <move id="141" source="C7" target="B7"/>
  <move id="142" source="H7" target="G7"/>
  <move id="143" source="B7" target="B6"/>
  <move id="144" source="B5" target="B4"/>
  <move id="145" source="B6" target="B5"/>
  <move id="146" source="B4" target="C4"/>
  <move id="147" source="G4" target="G3"/>
  <move id="148" source="G7" target="F7"/>
  <move id="149" source="H4" target="G4"/>
  <move id="150" source="F7" target="F6"/>
  <move id="151" source="G4" target="F4"/>
  <move id="152" source="F6" target="F5"/>
  <move id="153" source="F4" target="E4"/>
  <move id="154" source="C4" target="C3"/>
  <move id="155" source="B5" target="B4"/>
  <move id="156" source="F5" target="F4"/>
  <move id="157" source="E4" target="D4"/>
  <move id="158" source="F4" target="E4"/>
  <move id="159" source="D4" target="C4"/>
  <move id="160" source="C3" target="C2"/>
  <move id="161" source="C4" target="C3"/>
  <move id="162" source="C2" target="C1"/>
  <move id="163" source="C3" target="C2"/>
  <move id="164" source="C1" target="B1"/>
  <move id="165" source="C2" target="B2"/>
  <move id="166" source="B1" target="A1"/>
  <move id="167" source="B4" target="B5"/>
  <move id="168" source="E4" target="D4"/>
  <move id="169" source="B5" target="B6"/>
  <move id="170" source="D4" target="C4"/>
  <move id="171" source="B6" target="B7"/>
  <move id="172" source="C4" target="C3"/>
  <move id="173" source="B7" target="C7"/>
  <move id="174" source="C3" target="C2"/>
  <move id="175" source="B2" target="B1"/>
  <move id="176" source="A1" target="A2"/>
  <move id="177" source="C7" target="D7"/>
  <move id="178" source="C2" target="C1"/>
  <move id="179" source="B1" target="B2"/>
  <move id="180" source="A2" target="A1"/>
  <move id="181" source="D7" target="E7"/>
  <move id="182" source="C1" target="C2"/>
  <move id="183" source="B2" target="A2"/>
  <move id="184" source="A1" target="B1"/>
  <move id="185" source="E7" target="E8"/>
  <move id="186" source="C2" target="C3"/>
  <move id="187" source="A2" target="B2"/>
  <move id="188" source="B1" target="A1"/>
  <move id="189" source="E8" target="F8"/>
  <move id="190" source="C3" target="C4"/>
  <move id="191" source="F8" target="E8"/>
  <move id="192" source="C4" target="D4"/>
  <move id="193" source="E8" target="D8"/>
  <move id="194" source="D4" target="E4"/>
  <move id="195" source="D8" target="D9"/>
  <move id="196" source="E4" target="F4"/>
  <move id="197" source="I3" target="H3"/>
  <move id="198" source="F4" target="F5"/>
  <move id="199" source="D9" target="D8"/>
  <move id="200" source="F5" target="E5"/>
  <move id="201" source="D8" target="D7"/>
  <move id="202" source="E5" target="E4"/>
  <move id="203" source="D7" target="C7"/>
  <move id="204" source="E4" target="D4"/>
  <move id="205" source="C7" target="B7"/>
  <move id="206" source="D4" target="C4"/>
  <move id="207" source="B7" target="B6"/>
  <move id="208" source="C4" target="B4"/>
  <move id="209" source="B6" target="B7"/>
  <move id="210" source="B4" target="B5"/>
  <move id="211" source="B7" target="C7"/>
  <move id="212" source="B5" target="B6"/>
  <move id="213" source="C7" target="D7"/>
  <move id="214" source="B6" target="B7"/>
  <move id="215" source="D7" target="E7"/>
  <move id="216" source="B7" target="C7"/>
  <move id="217" source="E7" target="E6"/>
  <move id="218" source="C7" target="D7"/>
  <move id="219" source="E6" target="E5"/>
  <move id="220" source="D7" target="E7"/>
  <move id="221" source="E5" target="E4"/>
  <move id="222" source="E7" target="E6"/>
  <move id="223" source="E4" target="D4"/>
  <move id="224" source="E6" target="E5"/>
  <move id="225" source="D4" target="C4"/>
  <move id="226" source="E5" target="E4"/>
  <move id="227" source="C4" target="B4"/>
  <move id="228" source="E4" target="D4"/>
  <move id="229" source="B4" target="A4"/>
  <move id="230" source="D4" target="C4"/>
  <move id="231" source="A4" target="A3"/>
  <move id="232" source="C4" target="C3"/>
  <move id="233" source="A3" target="A2"/>
  <move id="234" source="C3" target="C2"/>
  <move id="235" source="B2" target="C2"/>
  <move id="236" source="A1" target="B1"/>
  <move id="237" source="K3" target="K4"/>
  <move id="238" source="B1" target="C1"/>
  <move id="239" source="A2" target="B2"/>
  <move id="240" source="C1" target="D1"/>
  <move id="241" source="K4" target="K5"/>
  <move id="242" source="D1" target="E1"/>
  <move id="243" source="K5" target="K6"/>
  <move id="244" source="E1" target="E2"/>
  <move id="245" source="K6" target="K7"/>
  <move id="246" source="E2" target="F2"/>
  <move id="247" source="K7" target="I7"/>
  <move id="248" source="F2" target="E2"/>
  <move id="249" source="B2" target="C2"/>
  <move id="250" source="E2" target="E1"/>
  <move id="251" source="C2" target="C1"/>
  <move id="252" source="E1" target="E2"/>
  <move id="253" source="I7" target="H7"/>
  <move id="254" source="E2" target="F2"/>
  <move id="255" source="H7" target="G7"/>
  <move id="256" source="F2" target="E2"/>
  <move id="257" source="G7" target="F7"/>
  <move id="258" source="E2" target="E1"/>
  <move id="259" source="F7" target="E7"/>
  <move id="260" source="E1" target="E2"/>
  <move id="261" source="E7" target="E8"/>
  <move id="262" source="E2" target="F2"/>
  <move id="263" source="E8" target="E9"/>
  <move id="264" source="F2" target="E2"/>
  <move id="265" source="G3" target="G4"/>
  <move id="266" source="E2" target="E1"/>
  <move id="267" source="G4" target="F4"/>
  <move id="268" source="E1" target="E2"/>
  <move id="269" source="F4" target="F5"/>
  <move id="270" source="E2" target="F2"/>
  <move id="271" source="F5" target="F6"/>
  <move id="272" source="F2" target="E2"/>
  <move id="273" source="F6" target="F7"/>
  <move id="274" source="E2" target="E1"/>
  <move id="275" source="F7" target="E7"/>
  <move id="276" source="E1" target="E2"/>
  <move id="277" source="E7" target="D7"/>
  <move id="278" source="E2" target="F2"/>
  <move id="279" source="D7" target="D8"/>
  <move id="280" source="F2" target="E2"/>
  <move id="281" source="D8" target="D9"/>
  <move id="282" source="E2" target="E1"/>
  <move id="283" source="D9" target="D8"/>
  <move id="284" source="E1" target="E2"/>
  <move id="285" source="D8" target="C8"/>
  <move id="286" source="E2" target="F2"/>
  <move id="287" source="E9" target="D9"/>
  <move id="288" source="F2" target="E2"/>
  <move id="289" source="I1" target="I2"/>
  <move id="290" source="E2" target="E1"/>
  <move id="291" source="I2" target="I3"/>
  <move id="292" source="E1" target="E2"/>
  <move id="293" source="I3" target="I4"/>
  <move id="294" source="E2" target="F2"/>
  <move id="295" source="I4" target="I5"/>
  <move id="296" source="F2" target="E2"/>
  <move id="297" source="I5" target="I6"/>
  <move id="298" source="E2" target="E1"/>
  <move id="299" source="I6" target="I7"/>
  <move id="300" source="E1" target="E2"/>
  <move id="301" source="I7" target="I8"/>
  <move id="302" source="E2" target="F2"/>
  <move id="303" source="I8" target="I9"/>
  <move id="304" source="F2" target="E2"/>
  <move id="305" source="I9" target="H9"/>
  <move id="306" source="E2" target="E1"/>
  <move id="307" source="H9" target="G9"/>
  <move id="308" source="E1" target="E2"/>
  <move id="309" source="G9" target="F9"/>
  <move id="310" source="E2" target="F2"/>
  <move id="311" source="F9" target="E9"/>
  <move id="312" source="F2" target="E2"/>
  <move id="313" source="D9" target="C9"/>
  <move id="314" source="B9" target="C9"/>
  <move id="315" source="C8" target="C9"/>
  <move id="316" source="E2" target="E1"/>
  <move id="317" source="C9" target="C:"/>
  <move id="318" source="E1" target="E2"/>
  <move id="319" source="C:" target="C9"/>
  <move id="320" source="E2" target="F2"/>
  <move id="321" source="C9" target="B9"/>
  <move id="322" source="F2" target="E2"/>
  <move id="323" source="E9" target="E:"/>
  <move id="324" source="E2" target="E1"/>
  <move id="325" source="E:" target="D:"/>
  <move id="326" source="E1" target="E2"/>
  <move id="327" source="D:" target="C:"/>
  <move id="328" source="E2" target="F2"/>
  <move id="329" source="H2" target="I2"/>
  <move id="330" source="F2" target="E2"/>
  <move id="331" source="C:" target="B:"/>
  <move id="332" source="E2" target="F2"/>
  <move id="333" source="B9" target="C9"/>
  <move id="334" source="F2" target="E2"/>
  <move id="335" source="B:" target="B9"/>
  <move id="336" source="E2" target="E1"/>
  <move id="337" source="B9" target="A9"/>
  <move id="338" source="A8" target="A9"/>
  <move id="339" source="C9" target="B9"/>
  <move id="340" source="A9" target="A8"/>
  <move id="341" source="I2" target="I:"/>
  <move id="342" source="E1" target="D1"/>
  <move id="343" source="B9" target="A9"/>
  <move id="344" source="D1" target="E1"/>
  <move id="345" source="A9" target="A8"/>
  <move id="346" source="E1" target="D1"/>
  <move id="347" source="I:" target="B:"/>
  <move id="348" source="D1" target="E1"/>
  <move id="349" source="C1" target="D1"/>
  <move id="350" source="E1" target="E2"/>
  <move id="351" source="D1" target="E1"/>
  <move id="352" source="E2" target="F2"/>
  <move id="353" source="E1" target="E2"/>
  <move id="354" source="F2" target="E2"/>
  <player id="1">Player 1</player>
  <player id="2">Player 2</player>
  <result type="0" winner="1"/>
 </game>
</stratego>