<?xml version="1.0" encoding="UTF-8"?>
<stratego>
 <game type="classic">
  
  <field content="MBFBEDDHDEBFBGHJFDHDFBJEIECHEIBGDLDGIKGDAA__AA__AAAA__AA__AARTXOSRPWRPTUVQVTSQUTNNPQPUQNNPRYNQPSPPNS"/>
  <move id="1" source="E4" target="E7"/>
  <move id="2" source="F7" target="F6"/>
  <move id="3" source="E3" target="E4"/>
  <move id="4" source="E7" target="E6"/>
  <move id="5" source="E4" target="E5"/>
  <move id="6" source="E8" target="E7"/>
  <move id="7" source="F4" target="F5"/>
  <move id="8" source="F8" target="F7"/>
  <move id="9" source="F5" target="F6"/>
  <move id="10" source="F7" target="F6"/>
  <move id="11" source="E5" target="F5"/>
  <move id="12" source="F6" target="F7"/>
  <move id="13" source="F3" target="E3"/>
  <move id="14" source="I7" target="I6"/>
  <move id="15" source="F2" target="F3"/>
  <move id="16" source="E6" target="E5"/>
  <move id="17" source="F5" target="F6"/>
  <move id="18" source="E7" target="E6"/>
  <move id="19" source="F6" target="F7"/>
  <move id="20" source="E5" target="E4"/>
  <move id="21" source="D4" target="E4"/>
  <move id="22" source="D7" target="E7"/>
  <move id="23" source="F7" target="E7"/>
  <move id="24" source="E6" target="E7"/>
  <move id="25" source="F3" target="F4"/>
  <move id="26" source="C7" target="D7"/>
  <move id="27" source="F4" target="F5"/>
  <move id="28" source="E7" target="F7"/>
  <move id="29" source="F5" target="F6"/>
  <move id="30" source="D7" target="E7"/>
  <move id="31" source="F6" target="F7"/>
  <move id="32" source="E7" target="E6"/>
  <move id="33" source="E4" target="E5"/>
  <move id="34" source="E6" target="E5"/>
  <move id="35" source="E2" target="F2"/>
  <move id="36" source="F9" target="F8"/>
  <move id="37" source="F2" target="F3"/>
  <move id="38" source="G7" target="F7"/>
  <move id="39" source="G4" target="F4"/>
  <move id="40" source="H7" target="G7"/>
  <move id="41" source="F4" target="E4"/>
  <move id="42" source="F7" target="F3"/>
  <move id="43" source="I4" target="I5"/>
  <move id="44" source="I8" target="I7"/>
  <move id="45" source="I5" target="I6"/>
  <move id="46" source="I7" target="I6"/>
  <move id="47" source="K4" target="I4"/>
  <move id="48" source="E9" target="E4"/>
  <move id="49" source="K3" target="K4"/>
  <move id="50" source="F8" target="F7"/>
  <move id="51" source="K4" target="K5"/>
  <move id="52" source="F7" target="F6"/>
  <move id="53" source="H4" target="G4"/>
  <move id="54" source="K7" target="K5"/>
  <move id="55" source="D3" target="D4"/>
  <move id="56" source="G7" target="F7"/>
  <move id="57" source="E3" target="E2"/>
  <move id="58" source="F6" target="F5"/>
  <move id="59" source="C3" target="D3"/>
  <move id="60" source="F7" target="F6"/>
  <move id="61" source="D3" target="E3"/>
  <move id="62" source="F6" target="E6"/>
  <move id="63" source="G4" target="F4"/>
  <move id="64" source="E6" target="E5"/>
  <move id="65" source="F4" target="F5"/>
  <move id="66" source="E5" target="E4"/>
  <move id="67" source="D4" target="D3"/>
  <move id="68" source="E4" target="E3"/>
  <move id="69" source="F5" target="E5"/>
  <move id="70" source="E3" target="D3"/>
  <move id="71" source="E5" target="E4"/>
  <move id="72" source="D3" target="D4"/>
  <move id="73" source="E4" target="D4"/>
  <move id="74" source="I6" target="K6"/>
  <move id="75" source="K5" target="K6"/>
  <move id="76" source="C8" target="C7"/>
  <player id="1">Player 1</player>
  <player id="2">Player 2</player>
  <result type="3" winner="2"/>
 </game>
</stratego>