<?xml version="1.0" encoding="UTF-8"?>
<stratego>
 <game type="classic">
  
  <field content="DEHMBEEFBDJLBCJIBFBGDHDEDHKBDHDGIEFGIDFGAA__AA__AAAA__AA__AASTWQSTXVNRTRVTPPPOSNNURSPPPRUNYNUNPPQQQQ"/>
  <move id="1" source="B4" target="B5"/>
  <move id="2" source="E7" target="E6"/>
  <move id="3" source="B5" target="B6"/>
  <move id="4" source="D7" target="E7"/>
  <move id="5" source="A4" target="A5"/>
  <move id="6" source="E6" target="E5"/>
  <move id="7" source="A5" target="A6"/>
  <move id="8" source="E7" target="E6"/>
  <move id="9" source="B3" target="B4"/>
  <move id="10" source="F7" target="F6"/>
  <move id="11" source="B4" target="B5"/>
  <move id="12" source="F6" target="F5"/>
  <move id="13" source="F4" target="F5"/>
  <move id="14" source="G7" target="F7"/>
  <move id="15" source="B5" target="A5"/>
  <move id="16" source="F7" target="F6"/>
  <move id="17" source="G4" target="F4"/>
  <move id="18" source="E5" target="E4"/>
  <move id="19" source="F4" target="E4"/>
  <move id="20" source="E6" target="E5"/>
  <move id="21" source="E4" target="F4"/>
  <move id="22" source="E5" target="E4"/>
  <move id="23" source="F4" target="F5"/>
  <move id="24" source="F6" target="F5"/>
  <move id="25" source="E3" target="E4"/>
  <move id="26" source="E4" target="F4"/>
  <move id="27" source="F3" target="F4"/>
  <move id="28" source="F5" target="F4"/>
  <move id="29" source="C3" target="B3"/>
  <move id="30" source="E8" target="E4"/>
  <move id="31" source="B3" target="B4"/>
  <move id="32" source="E4" target="D4"/>
  <move id="33" source="B4" target="A4"/>
  <move id="34" source="F4" target="E4"/>
  <move id="35" source="B6" target="B7"/>
  <move id="36" source="E4" target="D4"/>
  <move id="37" source="D3" target="E3"/>
  <move id="38" source="E9" target="E3"/>
  <move id="39" source="A6" target="A7"/>
  <move id="40" source="D4" target="E4"/>
  <move id="41" source="E3" target="D3"/>
  <move id="42" source="F8" target="F2"/>
  <move id="43" source="I4" target="I5"/>
  <move id="44" source="E4" target="F4"/>
  <move id="45" source="C4" target="B4"/>
  <move id="46" source="F4" target="F3"/>
  <move id="47" source="B4" target="B5"/>
  <move id="48" source="F3" target="F2"/>
  <move id="49" source="B5" target="B6"/>
  <move id="50" source="E:" target="E2"/>
  <move id="51" source="B6" target="B7"/>
  <move id="52" source="C7" target="B7"/>
  <move id="53" source="A4" target="E4"/>
  <move id="54" source="D8" target="E8"/>
  <move id="55" source="E4" target="E8"/>
  <move id="56" source="F2" target="E2"/>
  <move id="57" source="D2" target="E2"/>
  <move id="58" source="F9" target="F2"/>
  <move id="59" source="B2" target="B3"/>
  <move id="60" source="F2" target="E2"/>
  <move id="61" source="B3" target="B4"/>
  <move id="62" source="B7" target="C7"/>
  <move id="63" source="B4" target="C4"/>
  <move id="64" source="B8" target="B7"/>
  <move id="65" source="A3" target="B3"/>
  <move id="66" source="F:" target="F9"/>
  <move id="67" source="B3" target="B7"/>
  <move id="68" source="E2" target="E4"/>
  <move id="69" source="A5" target="A6"/>
  <move id="70" source="E4" target="C4"/>
  <move id="71" source="A6" target="A7"/>
  <move id="72" source="A8" target="A7"/>
  <move id="73" source="A2" target="A3"/>
  <move id="74" source="B7" target="B8"/>
  <move id="75" source="H4" target="F4"/>
  <move id="76" source="E8" target="F8"/>
  <move id="77" source="F4" target="E4"/>
  <move id="78" source="D9" target="E9"/>
  <move id="79" source="E4" target="E7"/>
  <move id="80" source="F8" target="F7"/>
  <move id="81" source="E7" target="E4"/>
  <move id="82" source="F7" target="F6"/>
  <move id="83" source="G3" target="F3"/>
  <move id="84" source="F6" target="E6"/>
  <move id="85" source="F3" target="F4"/>
  <move id="86" source="F9" target="F4"/>
  <move id="87" source="F4" target="F5"/>
  <move id="88" source="C7" target="D7"/>
  <move id="89" source="E4" target="E3"/>
  <move id="90" source="D7" target="E7"/>
  <move id="91" source="C4" target="D4"/>
  <move id="92" source="E7" target="F7"/>
  <move id="93" source="D4" target="E4"/>
  <move id="94" source="F7" target="F6"/>
  <move id="95" source="F5" target="F4"/>
  <move id="96" source="F6" target="F5"/>
  <move id="97" source="F4" target="F3"/>
  <move id="98" source="F5" target="F4"/>
  <move id="99" source="E4" target="F4"/>
  <player id="1">Player 1</player>
  <player id="2">Player 2</player>
  <result type="3" winner="1"/>
 </game>
</stratego>