<?xml version="1.0" encoding="UTF-8"?>
<stratego>
 <game type="classic">
  
  <field content="EDDFHBMBJGDEDDGJIGGEFHIDFKDELIBBEFBBCHHDAA__AA__AAAA__AA__AATQPXUTSRTTUPPWPUPNQSNPVOVPNRNRRNQSYPQNSQ"/>
  <move id="1" source="K4" target="K7"/>
  <move id="2" source="I7" target="I6"/>
  <move id="3" source="K3" target="K4"/>
  <move id="4" source="I6" target="I5"/>
  <move id="5" source="K4" target="K5"/>
  <move id="6" source="I5" target="I4"/>
  <move id="7" source="H4" target="I4"/>
  <move id="8" source="K7" target="I7"/>
  <move id="9" source="I4" target="I5"/>
  <move id="10" source="F7" target="F6"/>
  <move id="11" source="I5" target="I6"/>
  <move id="12" source="F6" target="F5"/>
  <move id="13" source="K5" target="K6"/>
  <move id="14" source="E7" target="F7"/>
  <move id="15" source="I6" target="I5"/>
  <move id="16" source="D7" target="E7"/>
  <move id="17" source="I5" target="I4"/>
  <move id="18" source="E7" target="E6"/>
  <move id="19" source="K2" target="K3"/>
  <move id="20" source="F5" target="F4"/>
  <move id="21" source="K1" target="K2"/>
  <move id="22" source="E6" target="F6"/>
  <move id="23" source="K3" target="K4"/>
  <move id="24" source="E8" target="E4"/>
  <move id="25" source="K4" target="K5"/>
  <move id="26" source="F7" target="E7"/>
  <move id="27" source="K5" target="I5"/>
  <move id="28" source="E7" target="E8"/>
  <move id="29" source="I5" target="I6"/>
  <move id="30" source="G7" target="F7"/>
  <move id="31" source="I6" target="I5"/>
  <move id="32" source="F7" target="E7"/>
  <move id="33" source="K6" target="I6"/>
  <move id="34" source="E7" target="D7"/>
  <move id="35" source="I5" target="K5"/>
  <move id="36" source="H7" target="G7"/>
  <move id="37" source="I4" target="K4"/>
  <move id="38" source="G7" target="F7"/>
  <move id="39" source="K5" target="K6"/>
  <move id="40" source="F7" target="E7"/>
  <move id="41" source="K6" target="K7"/>
  <move id="42" source="F6" target="F7"/>
  <move id="43" source="K7" target="K8"/>
  <move id="44" source="F7" target="G7"/>
  <move id="45" source="K4" target="K5"/>
  <move id="46" source="G7" target="H7"/>
  <move id="47" source="K5" target="K6"/>
  <move id="48" source="I7" target="K7"/>
  <move id="49" source="K6" target="K5"/>
  <move id="50" source="H7" target="I7"/>
  <move id="51" source="I6" target="K6"/>
  <move id="52" source="E7" target="E6"/>
  <move id="53" source="K5" target="K4"/>
  <move id="54" source="E8" target="E7"/>
  <move id="55" source="K4" target="I4"/>
  <move id="56" source="B7" target="B6"/>
  <move id="57" source="K2" target="K3"/>
  <move id="58" source="B6" target="A6"/>
  <move id="59" source="K3" target="K4"/>
  <move id="60" source="B8" target="B4"/>
  <move id="61" source="K4" target="K5"/>
  <move id="62" source="A6" target="A5"/>
  <move id="63" source="K5" target="I5"/>
  <move id="64" source="A5" target="A4"/>
  <move id="65" source="A3" target="A4"/>
  <move id="66" source="C8" target="B8"/>
  <move id="67" source="I5" target="K5"/>
  <move id="68" source="B8" target="B7"/>
  <move id="69" source="I4" target="H4"/>
  <move id="70" source="B7" target="B6"/>
  <move id="71" source="I3" target="I4"/>
  <move id="72" source="B6" target="A6"/>
  <move id="73" source="K5" target="I5"/>
  <move id="74" source="D8" target="C8"/>
  <move id="75" source="I5" target="I6"/>
  <move id="76" source="E6" target="E5"/>
  <move id="77" source="I4" target="I5"/>
  <move id="78" source="C8" target="D8"/>
  <move id="79" source="I6" target="I7"/>
  <move id="80" source="E7" target="E6"/>
  <move id="81" source="I5" target="I6"/>
  <move id="82" source="I7" target="I6"/>
  <move id="83" source="K6" target="K7"/>
  <move id="84" source="D8" target="E8"/>
  <move id="85" source="H3" target="I3"/>
  <move id="86" source="E8" target="E7"/>
  <move id="87" source="I3" target="I4"/>
  <move id="88" source="E7" target="F7"/>
  <move id="89" source="I4" target="I5"/>
  <move id="90" source="F7" target="G7"/>
  <move id="91" source="I5" target="I6"/>
  <move id="92" source="E9" target="E8"/>
  <move id="93" source="I6" target="I7"/>
  <move id="94" source="E8" target="E7"/>
  <move id="95" source="I7" target="I8"/>
  <move id="96" source="G7" target="H7"/>
  <move id="97" source="K7" target="K8"/>
  <move id="98" source="H7" target="I7"/>
  <move id="99" source="G3" target="I3"/>
  <move id="100" source="I7" target="K7"/>
  <move id="101" source="K8" target="I8"/>
  <move id="102" source="E7" target="F7"/>
  <move id="103" source="I3" target="K3"/>
  <move id="104" source="F7" target="G7"/>
  <move id="105" source="F3" target="G3"/>
  <move id="106" source="G7" target="H7"/>
  <move id="107" source="G3" target="H3"/>
  <move id="108" source="H7" target="I7"/>
  <move id="109" source="I8" target="I9"/>
  <move id="110" source="K7" target="K6"/>
  <move id="111" source="K3" target="K6"/>
  <move id="112" source="K6" target="K5"/>
  <move id="113" source="H3" target="I3"/>
  <move id="114" source="I7" target="I6"/>
  <move id="115" source="F2" target="F3"/>
  <move id="116" source="K5" target="K4"/>
  <move id="117" source="F3" target="G3"/>
  <move id="118" source="K4" target="I4"/>
  <move id="119" source="I3" target="I4"/>
  <move id="120" source="C9" target="C8"/>
  <move id="121" source="G3" target="H3"/>
  <move id="122" source="C8" target="B8"/>
  <move id="123" source="H3" target="I3"/>
  <move id="124" source="B8" target="B7"/>
  <move id="125" source="I3" target="I4"/>
  <move id="126" source="I6" target="K6"/>
  <move id="127" source="I1" target="K1"/>
  <move id="128" source="B7" target="B6"/>
  <move id="129" source="I4" target="I5"/>
  <move id="130" source="B6" target="B5"/>
  <move id="131" source="I5" target="I6"/>
  <move id="132" source="K6" target="K5"/>
  <move id="133" source="I6" target="I5"/>
  <move id="134" source="K5" target="K4"/>
  <move id="135" source="I5" target="I4"/>
  <move id="136" source="K4" target="K3"/>
  <move id="137" source="I4" target="I3"/>
  <move id="138" source="K3" target="K4"/>
  <move id="139" source="I3" target="I4"/>
  <move id="140" source="K4" target="K3"/>
  <move id="141" source="I2" target="I1"/>
  <move id="142" source="B5" target="A5"/>
  <move id="143" source="K1" target="K2"/>
  <move id="144" source="A5" target="A4"/>
  <move id="145" source="K2" target="K3"/>
  <move id="146" source="A4" target="A3"/>
  <move id="147" source="I4" target="I5"/>
  <move id="148" source="A3" target="B3"/>
  <move id="149" source="A2" target="A6"/>
  <move id="150" source="B3" target="C3"/>
  <move id="151" source="I5" target="I6"/>
  <move id="152" source="C3" target="D3"/>
  <move id="153" source="I6" target="I7"/>
  <move id="154" source="D3" target="D4"/>
  <move id="155" source="I7" target="H7"/>
  <move id="156" source="D4" target="C4"/>
  <move id="157" source="H7" target="G7"/>
  <move id="158" source="C4" target="C3"/>
  <move id="159" source="G7" target="F7"/>
  <move id="160" source="C3" target="D3"/>
  <move id="161" source="F7" target="E7"/>
  <move id="162" source="E6" target="F6"/>
  <move id="163" source="E7" target="E6"/>
  <move id="164" source="F6" target="F7"/>
  <move id="165" source="E6" target="E5"/>
  <move id="166" source="F7" target="G7"/>
  <move id="167" source="E5" target="E6"/>
  <move id="168" source="G7" target="H7"/>
  <move id="169" source="E6" target="E7"/>
  <move id="170" source="D3" target="E3"/>
  <move id="171" source="E7" target="E8"/>
  <move id="172" source="E3" target="E2"/>
  <move id="173" source="E8" target="E9"/>
  <move id="174" source="E2" target="D2"/>
  <move id="175" source="E9" target="F9"/>
  <move id="176" source="D2" target="E2"/>
  <move id="177" source="F9" target="G9"/>
  <move id="178" source="E2" target="F2"/>
  <move id="179" source="B2" target="B3"/>
  <move id="180" source="F2" target="G2"/>
  <move id="181" source="C2" target="A2"/>
  <move id="182" source="G2" target="G1"/>
  <player id="1">Player 1</player>
  <player id="2">Player 2</player>
  <result type="1" winner="2"/>
 </game>
</stratego>