<?xml version="1.0" encoding="UTF-8"?>
<stratego>
 <game type="classic">
  
  <field content="EDFBMBFDDEBIBEGFBCEBHJHLHJDKIGDDGIDGEHFDAA__AA__AAAA__AA__AARSQUSPQTRPTUXPNSWNUSNVPPRQOVRNYNTQPPQPTN"/>
  <move id="1" source="I4" target="I5"/>
  <move id="2" source="I7" target="I6"/>
  <move id="3" source="I5" target="I4"/>
  <move id="4" source="I6" target="I5"/>
  <move id="5" source="K4" target="K7"/>
  <move id="6" source="I5" target="I4"/>
  <move id="7" source="H4" target="I4"/>
  <move id="8" source="I8" target="I7"/>
  <move id="9" source="G4" target="H4"/>
  <move id="10" source="I7" target="I6"/>
  <move id="11" source="G3" target="G4"/>
  <move id="12" source="I6" target="I5"/>
  <move id="13" source="K3" target="K4"/>
  <move id="14" source="K8" target="K7"/>
  <move id="15" source="K4" target="K5"/>
  <move id="16" source="I5" target="K5"/>
  <move id="17" source="I3" target="K3"/>
  <move id="18" source="K5" target="I5"/>
  <move id="19" source="I4" target="I3"/>
  <move id="20" source="I5" target="I6"/>
  <move id="21" source="K3" target="K4"/>
  <move id="22" source="I6" target="I7"/>
  <move id="23" source="K4" target="K5"/>
  <move id="24" source="K7" target="K8"/>
  <move id="25" source="K5" target="K6"/>
  <move id="26" source="I7" target="I8"/>
  <move id="27" source="K6" target="K7"/>
  <move id="28" source="F7" target="F6"/>
  <move id="29" source="K7" target="K8"/>
  <move id="30" source="I8" target="K8"/>
  <move id="31" source="H4" target="I4"/>
  <move id="32" source="F6" target="F5"/>
  <move id="33" source="I4" target="I5"/>
  <move id="34" source="E7" target="E6"/>
  <move id="35" source="I5" target="I6"/>
  <move id="36" source="E6" target="E5"/>
  <move id="37" source="I6" target="I7"/>
  <move id="38" source="H7" target="I7"/>
  <move id="39" source="I3" target="I4"/>
  <move id="40" source="I7" target="I8"/>
  <move id="41" source="I4" target="I5"/>
  <move id="42" source="G7" target="H7"/>
  <move id="43" source="I5" target="I6"/>
  <move id="44" source="F8" target="F7"/>
  <move id="45" source="I6" target="I7"/>
  <move id="46" source="I8" target="I7"/>
  <move id="47" source="G4" target="H4"/>
  <move id="48" source="H7" target="I7"/>
  <move id="49" source="H4" target="I4"/>
  <move id="50" source="F7" target="G7"/>
  <move id="51" source="I4" target="I7"/>
  <move id="52" source="G7" target="H7"/>
  <move id="53" source="I2" target="I3"/>
  <move id="54" source="I7" target="I8"/>
  <move id="55" source="I3" target="I4"/>
  <move id="56" source="H7" target="I7"/>
  <move id="57" source="I4" target="I5"/>
  <move id="58" source="I7" target="I6"/>
  <move id="59" source="I5" target="I4"/>
  <move id="60" source="I6" target="I5"/>
  <move id="61" source="I4" target="H4"/>
  <move id="62" source="I5" target="I4"/>
  <move id="63" source="H4" target="G4"/>
  <move id="64" source="F5" target="F4"/>
  <move id="65" source="G4" target="G3"/>
  <move id="66" source="E5" target="F5"/>
  <move id="67" source="F4" target="G4"/>
  <move id="68" source="F5" target="F4"/>
  <move id="69" source="G4" target="H4"/>
  <move id="70" source="F4" target="G4"/>
  <move id="71" source="H4" target="I4"/>
  <move id="72" source="G4" target="H4"/>
  <move id="73" source="E4" target="H4"/>
  <move id="74" source="H4" target="H3"/>
  <move id="75" source="G3" target="G4"/>
  <move id="76" source="D7" target="E7"/>
  <move id="77" source="G4" target="H4"/>
  <move id="78" source="E7" target="F7"/>
  <move id="79" source="H4" target="I4"/>
  <move id="80" source="F7" target="G7"/>
  <move id="81" source="H3" target="G3"/>
  <move id="82" source="G7" target="H7"/>
  <move id="83" source="I4" target="H4"/>
  <move id="84" source="I8" target="K8"/>
  <move id="85" source="G3" target="G4"/>
  <move id="86" source="H7" target="I7"/>
  <move id="87" source="H4" target="H3"/>
  <move id="88" source="I7" target="I6"/>
  <move id="89" source="G4" target="H4"/>
  <move id="90" source="I6" target="I5"/>
  <move id="91" source="H3" target="G3"/>
  <move id="92" source="K8" target="K7"/>
  <move id="93" source="H4" target="H3"/>
  <move id="94" source="I5" target="I4"/>
  <move id="95" source="I1" target="I4"/>
  <move id="96" source="I4" target="I5"/>
  <move id="97" source="F3" target="F4"/>
  <move id="98" source="I5" target="I6"/>
  <move id="99" source="F4" target="F5"/>
  <move id="100" source="I6" target="I7"/>
  <move id="101" source="F5" target="F6"/>
  <move id="102" source="I7" target="H7"/>
  <move id="103" source="F2" target="F3"/>
  <move id="104" source="H7" target="G7"/>
  <move id="105" source="F3" target="F4"/>
  <move id="106" source="G7" target="F7"/>
  <move id="107" source="F6" target="F7"/>
  <move id="108" source="G8" target="F8"/>
  <move id="109" source="F7" target="F6"/>
  <move id="110" source="F8" target="F7"/>
  <move id="111" source="F6" target="F5"/>
  <move id="112" source="F7" target="F6"/>
  <move id="113" source="F5" target="E5"/>
  <move id="114" source="F6" target="E6"/>
  <move id="115" source="E5" target="E4"/>
  <move id="116" source="E6" target="E5"/>
  <move id="117" source="G3" target="G4"/>
  <move id="118" source="D8" target="D7"/>
  <move id="119" source="F4" target="F5"/>
  <move id="120" source="E5" target="E6"/>
  <move id="121" source="E4" target="F4"/>
  <move id="122" source="E6" target="E7"/>
  <move id="123" source="F4" target="F3"/>
  <move id="124" source="E7" target="F7"/>
  <move id="125" source="F5" target="F6"/>
  <move id="126" source="F7" target="G7"/>
  <move id="127" source="F6" target="F7"/>
  <move id="128" source="G7" target="G8"/>
  <move id="129" source="F7" target="G7"/>
  <move id="130" source="G8" target="F8"/>
  <move id="131" source="G7" target="H7"/>
  <move id="132" source="K7" target="K8"/>
  <move id="133" source="H7" target="I7"/>
  <move id="134" source="D7" target="E7"/>
  <move id="135" source="F3" target="G3"/>
  <move id="136" source="E7" target="F7"/>
  <move id="137" source="G4" target="F4"/>
  <move id="138" source="F7" target="G7"/>
  <move id="139" source="F4" target="E4"/>
  <move id="140" source="G7" target="H7"/>
  <move id="141" source="I7" target="K7"/>
  <move id="142" source="K8" target="I8"/>
  <move id="143" source="H1" target="I1"/>
  <move id="144" source="D9" target="D8"/>
  <move id="145" source="E4" target="F4"/>
  <move id="146" source="D8" target="D7"/>
  <move id="147" source="G3" target="F3"/>
  <move id="148" source="D7" target="E7"/>
  <move id="149" source="E3" target="E4"/>
  <move id="150" source="E7" target="F7"/>
  <move id="151" source="F3" target="E3"/>
  <move id="152" source="F7" target="F6"/>
  <move id="153" source="F4" target="F3"/>
  <move id="154" source="F6" target="F5"/>
  <move id="155" source="F3" target="G3"/>
  <move id="156" source="F8" target="F7"/>
  <move id="157" source="B4" target="B7"/>
  <move id="158" source="F7" target="F6"/>
  <move id="159" source="C4" target="B4"/>
  <move id="160" source="C7" target="D7"/>
  <move id="161" source="B4" target="B5"/>
  <move id="162" source="B7" target="C7"/>
  <move id="163" source="B5" target="B6"/>
  <move id="164" source="D7" target="D8"/>
  <move id="165" source="B6" target="B7"/>
  <move id="166" source="B8" target="B7"/>
  <move id="167" source="B3" target="B4"/>
  <move id="168" source="B7" target="B8"/>
  <move id="169" source="B4" target="B5"/>
  <move id="170" source="C7" target="D7"/>
  <move id="171" source="B5" target="B6"/>
  <move id="172" source="A7" target="B7"/>
  <move id="173" source="B6" target="B7"/>
  <move id="174" source="D7" target="E7"/>
  <move id="175" source="B7" target="B8"/>
  <move id="176" source="C8" target="B8"/>
  <move id="177" source="H3" target="H4"/>
  <move id="178" source="D8" target="D9"/>
  <move id="179" source="H4" target="G4"/>
  <move id="180" source="B8" target="B7"/>
  <move id="181" source="G4" target="F4"/>
  <move id="182" source="E7" target="D7"/>
  <move id="183" source="F4" target="F5"/>
  <move id="184" source="F6" target="F7"/>
  <move id="185" source="F5" target="F6"/>
  <move id="186" source="F7" target="E7"/>
  <move id="187" source="F6" target="F7"/>
  <move id="188" source="E7" target="E6"/>
  <move id="189" source="F7" target="G7"/>
  <move id="190" source="H7" target="I7"/>
  <move id="191" source="K7" target="K8"/>
  <move id="192" source="D7" target="D8"/>
  <move id="193" source="G7" target="H7"/>
  <move id="194" source="I7" target="I6"/>
  <move id="195" source="K8" target="I8"/>
  <move id="196" source="I9" target="I8"/>
  <move id="197" source="H7" target="H8"/>
  <move id="198" source="E6" target="E7"/>
  <move id="199" source="E3" target="F3"/>
  <move id="200" source="F9" target="F8"/>
  <move id="201" source="F3" target="F4"/>
  <move id="202" source="F8" target="G8"/>
  <move id="203" source="F4" target="F5"/>
  <move id="204" source="F:" target="F5"/>
  <move id="205" source="F5" target="F6"/>
  <move id="206" source="G8" target="G7"/>
  <move id="207" source="F6" target="E6"/>
  <move id="208" source="E7" target="E6"/>
  <move id="209" source="E4" target="E3"/>
  <move id="210" source="I6" target="I5"/>
  <move id="211" source="D4" target="E4"/>
  <move id="212" source="I5" target="I4"/>
  <move id="213" source="E4" target="F4"/>
  <move id="214" source="I4" target="F4"/>
  <move id="215" source="F4" target="G4"/>
  <move id="216" source="G7" target="H7"/>
  <move id="217" source="C3" target="C4"/>
  <move id="218" source="H7" target="I7"/>
  <move id="219" source="C4" target="D4"/>
  <move id="220" source="I7" target="K7"/>
  <move id="221" source="D4" target="E4"/>
  <move id="222" source="E6" target="F6"/>
  <move id="223" source="E4" target="F4"/>
  <move id="224" source="D8" target="D7"/>
  <move id="225" source="F4" target="F5"/>
  <move id="226" source="F6" target="F7"/>
  <move id="227" source="F5" target="F6"/>
  <move id="228" source="F7" target="G7"/>
  <move id="229" source="F6" target="F7"/>
  <move id="230" source="G7" target="H7"/>
  <move id="231" source="F7" target="G7"/>
  <move id="232" source="H7" target="I7"/>
  <move id="233" source="G7" target="G8"/>
  <move id="234" source="G9" target="G8"/>
  <move id="235" source="G8" target="G9"/>
  <move id="236" source="H9" target="G9"/>
  <move id="237" source="D3" target="D4"/>
  <move id="238" source="I7" target="I6"/>
  <move id="239" source="D4" target="E4"/>
  <move id="240" source="I6" target="I5"/>
  <move id="241" source="G4" target="F4"/>
  <move id="242" source="I5" target="I4"/>
  <move id="243" source="F4" target="F5"/>
  <move id="244" source="G9" target="F9"/>
  <move id="245" source="F5" target="E5"/>
  <move id="246" source="F9" target="F8"/>
  <move id="247" source="E4" target="F4"/>
  <move id="248" source="F8" target="F7"/>
  <move id="249" source="F4" target="F5"/>
  <move id="250" source="F7" target="E7"/>
  <move id="251" source="F5" target="F6"/>
  <move id="252" source="E9" target="F9"/>
  <move id="253" source="F6" target="E6"/>
  <move id="254" source="E7" target="F7"/>
  <move id="255" source="E3" target="F3"/>
  <move id="256" source="F9" target="F8"/>
  <move id="257" source="F3" target="F4"/>
  <move id="258" source="F7" target="G7"/>
  <move id="259" source="F4" target="F5"/>
  <move id="260" source="F8" target="F7"/>
  <move id="261" source="F5" target="F6"/>
  <move id="262" source="F7" target="F6"/>
  <move id="263" source="E6" target="E7"/>
  <move id="264" source="D7" target="E7"/>
  <move id="265" source="E7" target="E8"/>
  <move id="266" source="G7" target="F7"/>
  <player id="1">Player 1</player>
  <player id="2">Player 2</player>
  <result type="3" winner="2"/>
 </game>
</stratego>