<?xml version="1.0" encoding="UTF-8"?>
<stratego>
 <game type="classic">
  
  <field content="BEFBMBEEEDBDHCBDIFHHGHGLDEGJGDBDJIDDKIFFAA__AA__AAAA__AA__AAPUPOPNPXPPTNQTRTRUQTNVSSRPSUVRYNQPSNWQQN"/>
  <move id="1" source="F4" target="F5"/>
  <move id="2" source="E7" target="E6"/>
  <move id="3" source="B4" target="B5"/>
  <move id="4" source="E6" target="E5"/>
  <move id="5" source="F5" target="F6"/>
  <move id="6" source="E5" target="F5"/>
  <move id="7" source="F6" target="F7"/>
  <move id="8" source="F5" target="F4"/>
  <move id="9" source="G4" target="F4"/>
  <move id="10" source="D7" target="E7"/>
  <move id="11" source="F4" target="G4"/>
  <move id="12" source="B7" target="B6"/>
  <move id="13" source="F3" target="F4"/>
  <move id="14" source="E7" target="E6"/>
  <move id="15" source="E4" target="E6"/>
  <move id="16" source="B6" target="B5"/>
  <move id="17" source="F4" target="F5"/>
  <move id="18" source="C7" target="E7"/>
  <move id="19" source="F5" target="F6"/>
  <move id="20" source="I7" target="I5"/>
  <move id="21" source="F6" target="F7"/>
  <move id="22" source="F8" target="F7"/>
  <move id="23" source="E6" target="E7"/>
  <move id="24" source="F7" target="E7"/>
  <move id="25" source="I4" target="I5"/>
  <move id="26" source="F9" target="F7"/>
  <move id="27" source="F2" target="F6"/>
  <move id="28" source="F7" target="F6"/>
  <move id="29" source="E3" target="F3"/>
  <move id="30" source="A7" target="A6"/>
  <move id="31" source="D3" target="E3"/>
  <move id="32" source="A6" target="A4"/>
  <move id="33" source="F3" target="F8"/>
  <move id="34" source="K7" target="I7"/>
  <move id="35" source="F8" target="E8"/>
  <move id="36" source="I7" target="I5"/>
  <move id="37" source="I5" target="I6"/>
  <move id="38" source="K8" target="K7"/>
  <move id="39" source="I6" target="I7"/>
  <move id="40" source="K7" target="I7"/>
  <move id="41" source="C4" target="B4"/>
  <move id="42" source="B5" target="B4"/>
  <move id="43" source="K4" target="I4"/>
  <move id="44" source="I7" target="K7"/>
  <move id="45" source="G3" target="F3"/>
  <move id="46" source="D8" target="D7"/>
  <move id="47" source="F3" target="F4"/>
  <move id="48" source="D9" target="D8"/>
  <move id="49" source="F4" target="F5"/>
  <move id="50" source="D:" target="D9"/>
  <move id="51" source="F5" target="F6"/>
  <move id="52" source="D7" target="C7"/>
  <move id="53" source="E3" target="E4"/>
  <move id="54" source="G7" target="F7"/>
  <move id="55" source="E4" target="E5"/>
  <move id="56" source="F7" target="F6"/>
  <move id="57" source="G2" target="F2"/>
  <move id="58" source="E7" target="F7"/>
  <move id="59" source="F2" target="F3"/>
  <move id="60" source="D8" target="D7"/>
  <move id="61" source="F3" target="F4"/>
  <move id="62" source="E8" target="F8"/>
  <move id="63" source="F4" target="F5"/>
  <move id="64" source="D9" target="D8"/>
  <move id="65" source="F6" target="F7"/>
  <move id="66" source="D8" target="E8"/>
  <move id="67" source="F5" target="F6"/>
  <move id="68" source="H7" target="G7"/>
  <move id="69" source="F6" target="F7"/>
  <move id="70" source="E8" target="E7"/>
  <move id="71" source="F7" target="E7"/>
  <move id="72" source="D7" target="D8"/>
  <move id="73" source="E7" target="F7"/>
  <move id="74" source="G7" target="H7"/>
  <move id="75" source="I4" target="K4"/>
  <move id="76" source="G9" target="F9"/>
  <move id="77" source="H4" target="I4"/>
  <move id="78" source="G8" target="G9"/>
  <move id="79" source="I4" target="I5"/>
  <move id="80" source="H8" target="G8"/>
  <move id="81" source="I5" target="I6"/>
  <move id="82" source="G8" target="G7"/>
  <move id="83" source="E5" target="E6"/>
  <move id="84" source="G7" target="F7"/>
  <move id="85" source="I6" target="I7"/>
  <move id="86" source="I8" target="I7"/>
  <move id="87" source="I7" target="H7"/>
  <move id="88" source="C9" target="D9"/>
  <move id="89" source="E6" target="E7"/>
  <move id="90" source="I9" target="I8"/>
  <move id="91" source="D2" target="D3"/>
  <move id="92" source="H7" target="G7"/>
  <move id="93" source="D3" target="E3"/>
  <move id="94" source="I8" target="H8"/>
  <move id="95" source="E7" target="D7"/>
  <move id="96" source="D8" target="E8"/>
  <move id="97" source="E3" target="E4"/>
  <move id="98" source="C8" target="C9"/>
  <move id="99" source="D7" target="D8"/>
  <move id="100" source="E8" target="D8"/>
  <move id="101" source="E4" target="E5"/>
  <move id="102" source="G7" target="F7"/>
  <move id="103" source="E5" target="E6"/>
  <move id="104" source="F8" target="E8"/>
  <move id="105" source="D8" target="E8"/>
  <move id="106" source="F7" target="F8"/>
  <move id="107" source="E8" target="D8"/>
  <move id="108" source="F8" target="E8"/>
  <move id="109" source="D8" target="C8"/>
  <move id="110" source="E8" target="D8"/>
  <move id="111" source="C8" target="C9"/>
  <move id="112" source="D8" target="C8"/>
  <move id="113" source="C9" target="D9"/>
  <move id="114" source="C8" target="C9"/>
  <move id="115" source="D9" target="D8"/>
  <move id="116" source="C7" target="B7"/>
  <move id="117" source="E6" target="E7"/>
  <move id="118" source="E9" target="E8"/>
  <move id="119" source="D8" target="E8"/>
  <move id="120" source="B7" target="B6"/>
  <move id="121" source="G4" target="F4"/>
  <move id="122" source="B6" target="B5"/>
  <move id="123" source="F4" target="E4"/>
  <move id="124" source="B5" target="B4"/>
  <move id="125" source="E4" target="E5"/>
  <move id="126" source="F9" target="F8"/>
  <move id="127" source="E8" target="F8"/>
  <move id="128" source="G9" target="F9"/>
  <move id="129" source="F8" target="F9"/>
  <move id="130" source="E:" target="E9"/>
  <move id="131" source="F9" target="E9"/>
  <move id="132" source="C:" target="D:"/>
  <move id="133" source="H3" target="H4"/>
  <move id="134" source="D:" target="D9"/>
  <move id="135" source="E9" target="E8"/>
  <move id="136" source="D9" target="E9"/>
  <move id="137" source="E8" target="E9"/>
  <move id="138" source="K7" target="K6"/>
  <move id="139" source="H4" target="I4"/>
  <move id="140" source="K6" target="K5"/>
  <move id="141" source="I3" target="H3"/>
  <move id="142" source="K5" target="K4"/>
  <move id="143" source="I4" target="K4"/>
  <move id="144" source="H8" target="H7"/>
  <move id="145" source="K4" target="I4"/>
  <move id="146" source="H7" target="I7"/>
  <move id="147" source="K3" target="K6"/>
  <move id="148" source="I7" target="I6"/>
  <move id="149" source="K6" target="I6"/>
  <move id="150" source="I6" target="I5"/>
  <move id="151" source="I4" target="I5"/>
  <move id="152" source="G:" target="G9"/>
  <move id="153" source="K2" target="K3"/>
  <move id="154" source="G9" target="G8"/>
  <move id="155" source="E9" target="E8"/>
  <move id="156" source="G8" target="H8"/>
  <move id="157" source="E5" target="E4"/>
  <move id="158" source="H8" target="I8"/>
  <move id="159" source="E4" target="F4"/>
  <move id="160" source="I8" target="I7"/>
  <move id="161" source="F4" target="G4"/>
  <move id="162" source="I7" target="I6"/>
  <move id="163" source="G4" target="H4"/>
  <move id="164" source="I6" target="I5"/>
  <move id="165" source="K3" target="I3"/>
  <move id="166" source="I5" target="I4"/>
  <move id="167" source="H4" target="I4"/>
  <move id="168" source="H9" target="H8"/>
  <move id="169" source="K1" target="K8"/>
  <move id="170" source="H8" target="H7"/>
  <move id="171" source="K8" target="K9"/>
  <move id="172" source="H7" target="I7"/>
  <move id="173" source="G1" target="G2"/>
  <move id="174" source="I7" target="I6"/>
  <move id="175" source="G2" target="G3"/>
  <move id="176" source="I6" target="I5"/>
  <move id="177" source="G3" target="G4"/>
  <move id="178" source="I5" target="I4"/>
  <move id="179" source="G4" target="F4"/>
  <move id="180" source="I4" target="I3"/>
  <move id="181" source="F4" target="F5"/>
  <move id="182" source="I3" target="H3"/>
  <move id="183" source="F5" target="F6"/>
  <move id="184" source="H3" target="H2"/>
  <move id="185" source="F6" target="F7"/>
  <move id="186" source="H2" target="I2"/>
  <move id="187" source="F7" target="F8"/>
  <move id="188" source="I2" target="I1"/>
  <move id="189" source="F8" target="F9"/>
  <move id="190" source="I1" target="H1"/>
  <move id="191" source="F9" target="F:"/>
  <move id="192" source="H1" target="G1"/>
  <move id="193" source="F:" target="G:"/>
  <move id="194" source="G1" target="F1"/>
  <move id="195" source="G:" target="H:"/>
  <move id="196" source="I:" target="I9"/>
  <move id="197" source="C3" target="D3"/>
  <move id="198" source="I9" target="I8"/>
  <move id="199" source="D4" target="E4"/>
  <move id="200" source="I8" target="I7"/>
  <move id="201" source="E4" target="F4"/>
  <move id="202" source="I7" target="I6"/>
  <move id="203" source="B4" target="C4"/>
  <move id="204" source="I6" target="I5"/>
  <move id="205" source="B3" target="B4"/>
  <move id="206" source="I5" target="I4"/>
  <move id="207" source="B4" target="B5"/>
  <move id="208" source="I4" target="H4"/>
  <move id="209" source="B5" target="A5"/>
  <move id="210" source="H4" target="H3"/>
  <move id="211" source="F4" target="F3"/>
  <move id="212" source="H3" target="H2"/>
  <move id="213" source="B2" target="B7"/>
  <move id="214" source="H2" target="G2"/>
  <move id="215" source="F3" target="F2"/>
  <move id="216" source="G2" target="G1"/>
  <move id="217" source="B7" target="B8"/>
  <move id="218" source="G1" target="F1"/>
  <move id="219" source="F2" target="F1"/>
  <move id="220" source="K9" target="K8"/>
  <move id="221" source="C4" target="D4"/>
  <move id="222" source="K8" target="K7"/>
  <move id="223" source="D4" target="E4"/>
  <move id="224" source="K7" target="I7"/>
  <move id="225" source="B1" target="B2"/>
  <move id="226" source="I7" target="H7"/>
  <move id="227" source="B2" target="B3"/>
  <move id="228" source="H7" target="G7"/>
  <move id="229" source="E8" target="F8"/>
  <move id="230" source="G7" target="H7"/>
  <move id="231" source="B3" target="B4"/>
  <move id="232" source="H7" target="G7"/>
  <move id="233" source="B4" target="B5"/>
  <move id="234" source="G7" target="H7"/>
  <move id="235" source="B5" target="B6"/>
  <move id="236" source="H7" target="G7"/>
  <move id="237" source="B6" target="B7"/>
  <move id="238" source="G7" target="F7"/>
  <move id="239" source="F8" target="F7"/>
  <move id="240" source="A8" target="A7"/>
  <move id="241" source="B7" target="B8"/>
  <move id="242" source="B9" target="B8"/>
  <move id="243" source="E4" target="D4"/>
  <move id="244" source="B8" target="B7"/>
  <move id="245" source="D4" target="C4"/>
  <move id="246" source="A7" target="A8"/>
  <move id="247" source="C4" target="B4"/>
  <move id="248" source="B7" target="B6"/>
  <move id="249" source="B4" target="B5"/>
  <move id="250" source="B6" target="B5"/>
  <move id="251" source="A5" target="A6"/>
  <move id="252" source="A8" target="B8"/>
  <move id="253" source="A6" target="A7"/>
  <move id="254" source="B8" target="C8"/>
  <move id="255" source="F7" target="F8"/>
  <move id="256" source="C9" target="D9"/>
  <move id="257" source="A7" target="B7"/>
  <move id="258" source="C8" target="D8"/>
  <move id="259" source="F8" target="E8"/>
  <move id="260" source="D8" target="D7"/>
  <move id="261" source="E7" target="E6"/>
  <move id="262" source="D9" target="E9"/>
  <move id="263" source="E8" target="E7"/>
  <move id="264" source="E9" target="E8"/>
  <move id="265" source="E7" target="D7"/>
  <move id="266" source="E8" target="E7"/>
  <move id="267" source="E6" target="E7"/>
  <player id="1">Player 1</player>
  <player id="2">Player 2</player>
  <result type="0" winner="1"/>
 </game>
</stratego>