<?xml version="1.0" encoding="UTF-8"?>
<stratego>
 <game type="classic">
  
  <field content="BFGMHDDEDDGBIJEEIHEIGGBCKDDEDLBBHBHFDJFFAA__AA__AAAA__AA__AASRPUSRQUSPTPNWTPQPTPSNRNUVONXVPNRQQNYTQP"/>
  <move id="1" source="K4" target="K5"/>
  <move id="2" source="I7" target="I6"/>
  <move id="3" source="K3" target="K4"/>
  <move id="4" source="I6" target="I5"/>
  <move id="5" source="K5" target="K6"/>
  <move id="6" source="I8" target="I7"/>
  <move id="7" source="K6" target="K7"/>
  <move id="8" source="I7" target="K7"/>
  <move id="9" source="K4" target="K5"/>
  <move id="10" source="I5" target="I4"/>
  <move id="11" source="H4" target="I4"/>
  <move id="12" source="K7" target="I7"/>
  <move id="13" source="I4" target="H4"/>
  <move id="14" source="K8" target="K5"/>
  <move id="15" source="K5" target="K6"/>
  <move id="16" source="F7" target="F6"/>
  <move id="17" source="K6" target="K7"/>
  <move id="18" source="I7" target="I8"/>
  <move id="19" source="K7" target="K8"/>
  <move id="20" source="I8" target="I7"/>
  <move id="21" source="K8" target="I8"/>
  <move id="22" source="I7" target="K7"/>
  <move id="23" source="K2" target="K3"/>
  <move id="24" source="F8" target="F7"/>
  <move id="25" source="K3" target="K4"/>
  <move id="26" source="F6" target="F5"/>
  <move id="27" source="K4" target="K5"/>
  <move id="28" source="F7" target="F6"/>
  <move id="29" source="K5" target="K6"/>
  <move id="30" source="G8" target="F8"/>
  <move id="31" source="K6" target="K7"/>
  <move id="32" source="F8" target="F7"/>
  <move id="33" source="I3" target="I7"/>
  <move id="34" source="H8" target="G8"/>
  <move id="35" source="I7" target="H7"/>
  <move id="36" source="G8" target="F8"/>
  <move id="37" source="K7" target="I7"/>
  <move id="38" source="E7" target="E6"/>
  <move id="39" source="I7" target="H7"/>
  <move id="40" source="E8" target="E7"/>
  <move id="41" source="K1" target="K9"/>
  <move id="42" source="I9" target="I8"/>
  <move id="43" source="F4" target="F5"/>
  <move id="44" source="E6" target="E5"/>
  <move id="45" source="E4" target="F4"/>
  <move id="46" source="E5" target="F5"/>
  <move id="47" source="E3" target="E4"/>
  <move id="48" source="F6" target="E6"/>
  <move id="49" source="F3" target="E3"/>
  <move id="50" source="F8" target="I8"/>
  <move id="51" source="F4" target="F3"/>
  <move id="52" source="D8" target="E8"/>
  <move id="53" source="E4" target="F4"/>
  <move id="54" source="E8" target="F8"/>
  <move id="55" source="F4" target="F5"/>
  <move id="56" source="F8" target="G8"/>
  <move id="57" source="F5" target="F6"/>
  <move id="58" source="G8" target="H8"/>
  <move id="59" source="F6" target="F7"/>
  <move id="60" source="H8" target="H7"/>
  <move id="61" source="F7" target="E7"/>
  <move id="62" source="E6" target="E3"/>
  <move id="63" source="G4" target="F4"/>
  <move id="64" source="H7" target="I7"/>
  <move id="65" source="F4" target="F7"/>
  <move id="66" source="I7" target="I6"/>
  <move id="67" source="H4" target="G4"/>
  <move id="68" source="I6" target="I5"/>
  <move id="69" source="G4" target="F4"/>
  <move id="70" source="I5" target="I4"/>
  <move id="71" source="F4" target="F5"/>
  <move id="72" source="I4" target="H4"/>
  <move id="73" source="F5" target="F6"/>
  <move id="74" source="H4" target="G4"/>
  <move id="75" source="F7" target="G7"/>
  <move id="76" source="G4" target="G3"/>
  <move id="77" source="F6" target="F7"/>
  <move id="78" source="G3" target="G2"/>
  <move id="79" source="F7" target="G7"/>
  <move id="80" source="G2" target="H2"/>
  <move id="81" source="G1" target="G4"/>
  <move id="82" source="H2" target="G2"/>
  <move id="83" source="G4" target="F4"/>
  <move id="84" source="G2" target="G3"/>
  <move id="85" source="F4" target="F9"/>
  <move id="86" source="F9" target="F8"/>
  <move id="87" source="E7" target="F7"/>
  <move id="88" source="F8" target="G8"/>
  <move id="89" source="G7" target="G8"/>
  <move id="90" source="G3" target="G2"/>
  <move id="91" source="F3" target="F4"/>
  <move id="92" source="G2" target="G3"/>
  <move id="93" source="F4" target="F5"/>
  <move id="94" source="G3" target="G4"/>
  <move id="95" source="F5" target="E5"/>
  <move id="96" source="I8" target="I2"/>
  <move id="97" source="E5" target="E6"/>
  <move id="98" source="G4" target="H4"/>
  <move id="99" source="H3" target="G3"/>
  <move id="100" source="H4" target="H3"/>
  <move id="101" source="G3" target="F3"/>
  <move id="102" source="H3" target="I3"/>
  <move id="103" source="I2" target="K2"/>
  <move id="104" source="I3" target="K3"/>
  <move id="105" source="K2" target="I2"/>
  <move id="106" source="K3" target="I3"/>
  <move id="107" source="I2" target="K2"/>
  <move id="108" source="I3" target="H3"/>
  <move id="109" source="F3" target="F4"/>
  <move id="110" source="H3" target="G3"/>
  <move id="111" source="F4" target="F5"/>
  <move id="112" source="K9" target="I9"/>
  <move id="113" source="F5" target="F6"/>
  <move id="114" source="K:" target="K4"/>
  <move id="115" source="E6" target="E7"/>
  <move id="116" source="K4" target="D4"/>
  <move id="117" source="E7" target="D7"/>
  <move id="118" source="D7" target="D8"/>
  <move id="119" source="F7" target="E7"/>
  <move id="120" source="B7" target="B6"/>
  <move id="121" source="E7" target="D7"/>
  <move id="122" source="D8" target="E8"/>
  <move id="123" source="D7" target="D8"/>
  <move id="124" source="E8" target="E7"/>
  <move id="125" source="D8" target="C8"/>
  <move id="126" source="G3" target="F3"/>
  <move id="127" source="D3" target="E3"/>
  <move id="128" source="F3" target="E3"/>
  <move id="129" source="K2" target="K3"/>
  <move id="130" source="E3" target="E4"/>
  <move id="131" source="K3" target="K4"/>
  <move id="132" source="I9" target="I8"/>
  <move id="133" source="K4" target="K5"/>
  <move id="134" source="I8" target="H8"/>
  <player id="1">Player 1</player>
  <player id="2">Player 2</player>
  <result type="3" winner="2"/>
 </game>
</stratego>