<?xml version="1.0" encoding="UTF-8"?>
<stratego>
 <game type="classic">
  
  <field content="BFEMFBBEFEJCGFEKLBDBGDHDIDJEGBDIGHDHDIDHAA__AA__AAAA__AA__AARUXWSRTNSPPVQOUPPUTPTQSNQPVNQSPRNYNTQRNP"/>
  <move id="1" source="K4" target="K5"/>
  <move id="2" source="B7" target="B6"/>
  <move id="3" source="K5" target="K6"/>
  <move id="4" source="A7" target="A6"/>
  <move id="5" source="B4" target="B5"/>
  <move id="6" source="B6" target="B5"/>
  <move id="7" source="B3" target="B7"/>
  <move id="8" source="B8" target="B7"/>
  <move id="9" source="C4" target="B4"/>
  <move id="10" source="A6" target="B6"/>
  <move id="11" source="B4" target="B5"/>
  <move id="12" source="B7" target="B8"/>
  <move id="13" source="B5" target="B6"/>
  <move id="14" source="A8" target="A7"/>
  <move id="15" source="B6" target="B5"/>
  <move id="16" source="A9" target="A8"/>
  <move id="17" source="C3" target="C4"/>
  <move id="18" source="A7" target="A6"/>
  <move id="19" source="B5" target="B4"/>
  <move id="20" source="A8" target="A7"/>
  <move id="21" source="B4" target="B3"/>
  <move id="22" source="A7" target="B7"/>
  <move id="23" source="C4" target="B4"/>
  <move id="24" source="B7" target="B6"/>
  <move id="25" source="B4" target="B5"/>
  <move id="26" source="B6" target="B5"/>
  <move id="27" source="B3" target="B4"/>
  <move id="28" source="A6" target="B6"/>
  <move id="29" source="B4" target="B5"/>
  <move id="30" source="B6" target="B7"/>
  <move id="31" source="B5" target="B6"/>
  <move id="32" source="B7" target="A7"/>
  <move id="33" source="B6" target="A6"/>
  <move id="34" source="B8" target="A8"/>
  <move id="35" source="A4" target="B4"/>
  <move id="36" source="C8" target="B8"/>
  <move id="37" source="B4" target="B5"/>
  <move id="38" source="B8" target="B7"/>
  <move id="39" source="B5" target="B7"/>
  <move id="40" source="B7" target="B8"/>
  <move id="41" source="A6" target="B6"/>
  <move id="42" source="B8" target="C8"/>
  <move id="43" source="B6" target="B7"/>
  <move id="44" source="A8" target="B8"/>
  <move id="45" source="B7" target="C7"/>
  <move id="46" source="B8" target="B7"/>
  <move id="47" source="D3" target="C3"/>
  <move id="48" source="A7" target="A6"/>
  <move id="49" source="C3" target="C4"/>
  <move id="50" source="A6" target="A5"/>
  <move id="51" source="A3" target="A4"/>
  <move id="52" source="A5" target="A6"/>
  <move id="53" source="C4" target="B4"/>
  <move id="54" source="B7" target="A7"/>
  <move id="55" source="A4" target="A5"/>
  <move id="56" source="C7" target="B7"/>
  <move id="57" source="E4" target="E7"/>
  <move id="58" source="A6" target="B6"/>
  <move id="59" source="F4" target="F5"/>
  <move id="60" source="A7" target="A6"/>
  <move id="61" source="A5" target="A4"/>
  <move id="62" source="A6" target="A5"/>
  <move id="63" source="A4" target="A3"/>
  <move id="64" source="A5" target="A4"/>
  <move id="65" source="A3" target="B3"/>
  <move id="66" source="A4" target="B4"/>
  <move id="67" source="B3" target="C3"/>
  <move id="68" source="B4" target="A4"/>
  <move id="69" source="C3" target="B3"/>
  <move id="70" source="B6" target="B5"/>
  <move id="71" source="D4" target="C4"/>
  <move id="72" source="B7" target="B6"/>
  <move id="73" source="F5" target="F6"/>
  <move id="74" source="B5" target="B4"/>
  <move id="75" source="C4" target="C3"/>
  <move id="76" source="B6" target="B5"/>
  <move id="77" source="F6" target="F7"/>
  <move id="78" source="G7" target="F7"/>
  <move id="79" source="F3" target="F8"/>
  <move id="80" source="B4" target="C4"/>
  <move id="81" source="C3" target="C4"/>
  <move id="82" source="B5" target="B4"/>
  <move id="83" source="C4" target="D4"/>
  <move id="84" source="B4" target="B3"/>
  <move id="85" source="B2" target="B3"/>
  <move id="86" source="A4" target="B4"/>
  <move id="87" source="B3" target="A3"/>
  <move id="88" source="A:" target="A3"/>
  <move id="89" source="G4" target="F4"/>
  <move id="90" source="A3" target="B3"/>
  <move id="91" source="F4" target="F5"/>
  <move id="92" source="B3" target="B1"/>
  <move id="93" source="D4" target="E4"/>
  <move id="94" source="E7" target="E6"/>
  <move id="95" source="E4" target="E5"/>
  <move id="96" source="D7" target="E7"/>
  <move id="97" source="E5" target="E6"/>
  <move id="98" source="E7" target="D7"/>
  <move id="99" source="F5" target="F6"/>
  <move id="100" source="E8" target="E7"/>
  <move id="101" source="E6" target="E7"/>
  <move id="102" source="E7" target="E8"/>
  <move id="103" source="F6" target="F7"/>
  <move id="104" source="F9" target="F7"/>
  <move id="105" source="F2" target="F3"/>
  <move id="106" source="D7" target="C7"/>
  <move id="107" source="F3" target="F4"/>
  <move id="108" source="C7" target="B7"/>
  <move id="109" source="F4" target="E4"/>
  <move id="110" source="E8" target="E7"/>
  <move id="111" source="E4" target="E5"/>
  <move id="112" source="B7" target="B8"/>
  <move id="113" source="E5" target="E6"/>
  <move id="114" source="E7" target="D7"/>
  <move id="115" source="E6" target="E7"/>
  <move id="116" source="D7" target="C7"/>
  <move id="117" source="E7" target="D7"/>
  <move id="118" source="C7" target="B7"/>
  <move id="119" source="D7" target="C7"/>
  <move id="120" source="B7" target="A7"/>
  <move id="121" source="C7" target="B7"/>
  <move id="122" source="B8" target="B7"/>
  <move id="123" source="G3" target="G4"/>
  <move id="124" source="B4" target="B3"/>
  <move id="125" source="G4" target="F4"/>
  <move id="126" source="B3" target="B2"/>
  <move id="127" source="A2" target="B2"/>
  <move id="128" source="A7" target="A6"/>
  <move id="129" source="F4" target="E4"/>
  <move id="130" source="A6" target="A5"/>
  <move id="131" source="E4" target="D4"/>
  <move id="132" source="A5" target="A4"/>
  <move id="133" source="D4" target="C4"/>
  <move id="134" source="A4" target="A3"/>
  <move id="135" source="C4" target="B4"/>
  <move id="136" source="G8" target="F8"/>
  <move id="137" source="H4" target="G4"/>
  <move id="138" source="F8" target="F7"/>
  <move id="139" source="G4" target="F4"/>
  <move id="140" source="F7" target="F6"/>
  <move id="141" source="F4" target="F3"/>
  <move id="142" source="F6" target="F5"/>
  <move id="143" source="I4" target="F4"/>
  <move id="144" source="F5" target="E5"/>
  <move id="145" source="F4" target="E4"/>
  <move id="146" source="E5" target="F5"/>
  <move id="147" source="E3" target="D3"/>
  <move id="148" source="I7" target="I6"/>
  <move id="149" source="K6" target="I6"/>
  <move id="150" source="I8" target="I7"/>
  <move id="151" source="I6" target="K6"/>
  <move id="152" source="I7" target="I6"/>
  <move id="153" source="K6" target="K7"/>
  <move id="154" source="H8" target="I8"/>
  <move id="155" source="F3" target="F4"/>
  <move id="156" source="I6" target="K6"/>
  <move id="157" source="K7" target="I7"/>
  <move id="158" source="I8" target="I7"/>
  <move id="159" source="F4" target="F5"/>
  <move id="160" source="I7" target="I8"/>
  <move id="161" source="E4" target="E5"/>
  <move id="162" source="I8" target="H8"/>
  <move id="163" source="E5" target="E6"/>
  <move id="164" source="H8" target="G8"/>
  <move id="165" source="E6" target="E7"/>
  <move id="166" source="G8" target="F8"/>
  <move id="167" source="E7" target="H7"/>
  <move id="168" source="F8" target="F7"/>
  <move id="169" source="H3" target="H4"/>
  <move id="170" source="K6" target="K7"/>
  <move id="171" source="H4" target="G4"/>
  <move id="172" source="F7" target="F6"/>
  <move id="173" source="F5" target="F4"/>
  <move id="174" source="K7" target="I7"/>
  <move id="175" source="F4" target="F3"/>
  <move id="176" source="G9" target="F9"/>
  <move id="177" source="G4" target="F4"/>
  <move id="178" source="F6" target="E6"/>
  <move id="179" source="F4" target="E4"/>
  <move id="180" source="E6" target="F6"/>
  <move id="181" source="E4" target="E5"/>
  <move id="182" source="F6" target="F7"/>
  <move id="183" source="E5" target="E6"/>
  <move id="184" source="F7" target="G7"/>
  <move id="185" source="E6" target="E7"/>
  <move id="186" source="G7" target="G8"/>
  <move id="187" source="E7" target="F7"/>
  <move id="188" source="G8" target="H8"/>
  <move id="189" source="F7" target="G7"/>
  <move id="190" source="F9" target="G9"/>
  <move id="191" source="G7" target="G8"/>
  <move id="192" source="G9" target="G8"/>
  <move id="193" source="F3" target="F4"/>
  <move id="194" source="G8" target="F8"/>
  <move id="195" source="F4" target="G4"/>
  <move id="196" source="I7" target="K7"/>
  <move id="197" source="G4" target="H4"/>
  <move id="198" source="H8" target="I8"/>
  <move id="199" source="I3" target="I4"/>
  <move id="200" source="I8" target="H8"/>
  <move id="201" source="I4" target="I5"/>
  <move id="202" source="K8" target="I8"/>
  <move id="203" source="I5" target="I6"/>
  <move id="204" source="I8" target="I6"/>
  <move id="205" source="I6" target="K6"/>
  <move id="206" source="K7" target="K6"/>
  <move id="207" source="I2" target="I9"/>
  <move id="208" source="H8" target="G8"/>
  <move id="209" source="D3" target="E3"/>
  <move id="210" source="E9" target="E8"/>
  <move id="211" source="E3" target="F3"/>
  <move id="212" source="G8" target="G9"/>
  <move id="213" source="F3" target="G3"/>
  <move id="214" source="K6" target="K7"/>
  <move id="215" source="G3" target="H3"/>
  <move id="216" source="K7" target="K8"/>
  <move id="217" source="H3" target="I3"/>
  <move id="218" source="K8" target="I8"/>
  <move id="219" source="I3" target="I4"/>
  <move id="220" source="I8" target="H8"/>
  <move id="221" source="I4" target="I5"/>
  <move id="222" source="H8" target="G8"/>
  <move id="223" source="I5" target="I6"/>
  <move id="224" source="G8" target="G7"/>
  <move id="225" source="G2" target="G3"/>
  <move id="226" source="E8" target="E7"/>
  <move id="227" source="G3" target="F3"/>
  <move id="228" source="E7" target="F7"/>
  <move id="229" source="F3" target="F4"/>
  <move id="230" source="C8" target="B8"/>
  <move id="231" source="F4" target="F5"/>
  <move id="232" source="C9" target="C8"/>
  <move id="233" source="F5" target="F6"/>
  <move id="234" source="C8" target="C7"/>
  <move id="235" source="F6" target="F7"/>
  <move id="236" source="D8" target="E8"/>
  <move id="237" source="F7" target="G7"/>
  <move id="238" source="G9" target="F9"/>
  <move id="239" source="G7" target="F7"/>
  <move id="240" source="F8" target="G8"/>
  <move id="241" source="H4" target="G4"/>
  <move id="242" source="F9" target="E9"/>
  <move id="243" source="G4" target="F4"/>
  <move id="244" source="G8" target="H8"/>
  <move id="245" source="F4" target="E4"/>
  <move id="246" source="E8" target="D8"/>
  <move id="247" source="E4" target="E5"/>
  <move id="248" source="E9" target="E8"/>
  <move id="249" source="E5" target="E6"/>
  <move id="250" source="D8" target="C8"/>
  <move id="251" source="E6" target="E7"/>
  <move id="252" source="E8" target="D8"/>
  <move id="253" source="E7" target="D7"/>
  <move id="254" source="D8" target="D7"/>
  <move id="255" source="F7" target="F6"/>
  <move id="256" source="H8" target="G8"/>
  <move id="257" source="F6" target="F5"/>
  <move id="258" source="G8" target="F8"/>
  <move id="259" source="F5" target="F4"/>
  <move id="260" source="F8" target="E8"/>
  <move id="261" source="F4" target="E4"/>
  <move id="262" source="E8" target="E7"/>
  <move id="263" source="E4" target="E3"/>
  <move id="264" source="A3" target="A2"/>
  <move id="265" source="B4" target="B3"/>
  <move id="266" source="A2" target="A1"/>
  <move id="267" source="B3" target="B4"/>
  <move id="268" source="C8" target="D8"/>
  <move id="269" source="B4" target="B5"/>
  <move id="270" source="C7" target="C8"/>
  <move id="271" source="B5" target="B6"/>
  <move id="272" source="E7" target="D7"/>
  <move id="273" source="I6" target="I7"/>
  <move id="274" source="B8" target="A8"/>
  <move id="275" source="I7" target="I8"/>
  <move id="276" source="A8" target="A7"/>
  <move id="277" source="I8" target="I9"/>
  <move id="278" source="K9" target="K8"/>
  <move id="279" source="I9" target="I8"/>
  <move id="280" source="K8" target="K7"/>
  <move id="281" source="I8" target="H8"/>
  <move id="282" source="K7" target="K6"/>
  <move id="283" source="H8" target="G8"/>
  <move id="284" source="D7" target="E7"/>
  <move id="285" source="E3" target="E4"/>
  <move id="286" source="K6" target="K5"/>
  <move id="287" source="I1" target="I2"/>
  <move id="288" source="K5" target="K4"/>
  <move id="289" source="I2" target="I3"/>
  <move id="290" source="K4" target="I4"/>
  <move id="291" source="I3" target="I4"/>
  <move id="292" source="I4" target="I3"/>
  <move id="293" source="C2" target="C3"/>
  <move id="294" source="I3" target="I2"/>
  <move id="295" source="C3" target="C4"/>
  <move id="296" source="I2" target="I1"/>
  <move id="297" source="C4" target="D4"/>
  <move id="298" source="I1" target="K1"/>
  <move id="299" source="D4" target="D3"/>
  <move id="300" source="K1" target="I1"/>
  <move id="301" source="E4" target="E5"/>
  <move id="302" source="I1" target="H1"/>
  <move id="303" source="E5" target="E6"/>
  <move id="304" source="E7" target="E8"/>
  <move id="305" source="E6" target="E7"/>
  <move id="306" source="H1" target="I1"/>
  <move id="307" source="E7" target="E8"/>
  <move id="308" source="D8" target="E8"/>
  <move id="309" source="G8" target="F8"/>
  <move id="310" source="C8" target="C7"/>
  <move id="311" source="F8" target="E8"/>
  <move id="312" source="C7" target="D7"/>
  <move id="313" source="E8" target="E7"/>
  <move id="314" source="D7" target="D8"/>
  <move id="315" source="B1" target="B2"/>
  <move id="316" source="I1" target="I2"/>
  <move id="317" source="B2" target="B3"/>
  <move id="318" source="I2" target="I3"/>
  <move id="319" source="B3" target="B4"/>
  <move id="320" source="I3" target="H3"/>
  <move id="321" source="D3" target="E3"/>
  <move id="322" source="H3" target="G3"/>
  <move id="323" source="B4" target="C4"/>
  <move id="324" source="G3" target="G4"/>
  <move id="325" source="C4" target="D4"/>
  <move id="326" source="G4" target="F4"/>
  <move id="327" source="E3" target="E4"/>
  <move id="328" source="F:" target="F9"/>
  <move id="329" source="E4" target="F4"/>
  <move id="330" source="F9" target="G9"/>
  <move id="331" source="E7" target="E8"/>
  <move id="332" source="D8" target="D7"/>
  <move id="333" source="D4" target="E4"/>
  <move id="334" source="G9" target="G8"/>
  <move id="335" source="E4" target="F4"/>
  <move id="336" source="G8" target="G7"/>
  <move id="337" source="E8" target="E7"/>
  <move id="338" source="D7" target="D8"/>
  <move id="339" source="F4" target="F5"/>
  <move id="340" source="K:" target="K9"/>
  <move id="341" source="F5" target="F4"/>
  <move id="342" source="K9" target="K8"/>
  <move id="343" source="F4" target="G4"/>
  <move id="344" source="K8" target="K7"/>
  <move id="345" source="G4" target="H4"/>
  <move id="346" source="K7" target="K6"/>
  <move id="347" source="H4" target="I4"/>
  <move id="348" source="K6" target="K5"/>
  <move id="349" source="I4" target="I5"/>
  <move id="350" source="K5" target="K4"/>
  <move id="351" source="I5" target="I4"/>
  <move id="352" source="K4" target="K5"/>
  <move id="353" source="E2" target="E3"/>
  <move id="354" source="G7" target="G8"/>
  <move id="355" source="E3" target="E4"/>
  <move id="356" source="K5" target="K6"/>
  <move id="357" source="E4" target="F4"/>
  <move id="358" source="K6" target="K7"/>
  <move id="359" source="I4" target="I5"/>
  <move id="360" source="K7" target="K8"/>
  <move id="361" source="I5" target="I6"/>
  <move id="362" source="G8" target="H8"/>
  <move id="363" source="F4" target="F5"/>
  <move id="364" source="H8" target="I8"/>
  <move id="365" source="I6" target="K6"/>
  <move id="366" source="I8" target="H8"/>
  <move id="367" source="F5" target="F6"/>
  <move id="368" source="H8" target="G8"/>
  <move id="369" source="F6" target="F7"/>
  <move id="370" source="K8" target="I8"/>
  <move id="371" source="E7" target="E8"/>
  <move id="372" source="D8" target="D7"/>
  <move id="373" source="F7" target="F8"/>
  <move id="374" source="G8" target="G9"/>
  <move id="375" source="K6" target="K7"/>
  <move id="376" source="G9" target="F9"/>
  <move id="377" source="F8" target="F7"/>
  <move id="378" source="I8" target="H8"/>
  <move id="379" source="E8" target="E7"/>
  <move id="380" source="D7" target="D8"/>
  <move id="381" source="F7" target="F6"/>
  <move id="382" source="F9" target="G9"/>
  <move id="383" source="K7" target="K8"/>
  <move id="384" source="G9" target="G8"/>
  <move id="385" source="F6" target="F7"/>
  <move id="386" source="B9" target="C9"/>
  <move id="387" source="K8" target="I8"/>
  <move id="388" source="C9" target="B9"/>
  <move id="389" source="E7" target="E8"/>
  <move id="390" source="D8" target="D7"/>
  <move id="391" source="F7" target="F8"/>
  <move id="392" source="G8" target="G9"/>
  <move id="393" source="E8" target="E7"/>
  <move id="394" source="D7" target="D8"/>
  <move id="395" source="F8" target="E8"/>
  <move id="396" source="D8" target="E8"/>
  <move id="397" source="E7" target="E8"/>
  <move id="398" source="G9" target="G8"/>
  <move id="399" source="I8" target="H8"/>
  <move id="400" source="G8" target="H8"/>
  <move id="401" source="D2" target="D3"/>
  <move id="402" source="H8" target="I8"/>
  <move id="403" source="D3" target="E3"/>
  <move id="404" source="I8" target="I7"/>
  <move id="405" source="E3" target="E4"/>
  <move id="406" source="G:" target="G9"/>
  <move id="407" source="E8" target="D8"/>
  <move id="408" source="G9" target="F9"/>
  <move id="409" source="D8" target="C8"/>
  <move id="410" source="F9" target="F8"/>
  <move id="411" source="C8" target="B8"/>
  <move id="412" source="B9" target="C9"/>
  <move id="413" source="B8" target="A8"/>
  <move id="414" source="F8" target="F7"/>
  <move id="415" source="A8" target="A7"/>
  <move id="416" source="F7" target="E7"/>
  <move id="417" source="A7" target="B7"/>
  <move id="418" source="E7" target="E6"/>
  <move id="419" source="B7" target="B8"/>
  <move id="420" source="I7" target="I6"/>
  <move id="421" source="B8" target="C8"/>
  <move id="422" source="C9" target="B9"/>
  <move id="423" source="C8" target="D8"/>
  <move id="424" source="I6" target="I5"/>
  <move id="425" source="D8" target="E8"/>
  <move id="426" source="I5" target="I4"/>
  <move id="427" source="E8" target="E7"/>
  <move id="428" source="E6" target="E5"/>
  <move id="429" source="B6" target="B7"/>
  <move id="430" source="I4" target="H4"/>
  <move id="431" source="E7" target="E6"/>
  <move id="432" source="H4" target="G4"/>
  <move id="433" source="E6" target="E5"/>
  <move id="434" source="G4" target="G3"/>
  <move id="435" source="E4" target="F4"/>
  <move id="436" source="G3" target="F3"/>
  <move id="437" source="E5" target="E4"/>
  <move id="438" source="F3" target="F2"/>
  <move id="439" source="E4" target="E3"/>
  <move id="440" source="H:" target="G:"/>
  <move id="441" source="B7" target="B8"/>
  <move id="442" source="B9" target="A9"/>
  <move id="443" source="F4" target="F5"/>
  <move id="444" source="G:" target="F:"/>
  <move id="445" source="F5" target="F6"/>
  <move id="446" source="F:" target="F9"/>
  <move id="447" source="F6" target="F7"/>
  <move id="448" source="F9" target="F8"/>
  <move id="449" source="E1" target="E2"/>
  <move id="450" source="F8" target="F7"/>
  <move id="451" source="E2" target="D2"/>
  <move id="452" source="B:" target="B9"/>
  <move id="453" source="B8" target="B9"/>
  <move id="454" source="A9" target="A8"/>
  <move id="455" source="D2" target="C2"/>
  <move id="456" source="A8" target="A7"/>
  <move id="457" source="C2" target="B2"/>
  <move id="458" source="A7" target="A6"/>
  <move id="459" source="B2" target="B3"/>
  <move id="460" source="A6" target="A5"/>
  <move id="461" source="B9" target="B8"/>
  <move id="462" source="A5" target="A4"/>
  <move id="463" source="B8" target="B7"/>
  <move id="464" source="F2" target="F1"/>
  <move id="465" source="B7" target="B6"/>
  <move id="466" source="A4" target="A3"/>
  <move id="467" source="B3" target="A3"/>
  <player id="1">Player 1</player>
  <player id="2">Player 2</player>
  <result type="0" winner="1"/>
 </game>
</stratego>