<?xml version="1.0" encoding="UTF-8"?>
<stratego>
 <game type="classic">
  
  <field content="DBFEEHDDBMGDBHGJHJIBBFHEDICEDGFBEIFGKLDDAA__AA__AAAA__AA__AARPQNPRNTPPTUXQTNQPNSWPTUVOVSQNPPURNYSQSR"/>
  <move id="1" source="I4" target="I7"/>
  <move id="2" source="A7" target="A6"/>
  <move id="3" source="K4" target="K7"/>
  <move id="4" source="A6" target="A5"/>
  <move id="5" source="K3" target="K4"/>
  <move id="6" source="A8" target="A7"/>
  <move id="7" source="K4" target="K5"/>
  <move id="8" source="A7" target="A6"/>
  <move id="9" source="K5" target="K6"/>
  <move id="10" source="A9" target="A8"/>
  <move id="11" source="I3" target="I4"/>
  <move id="12" source="A8" target="A7"/>
  <move id="13" source="I4" target="I5"/>
  <move id="14" source="B7" target="B4"/>
  <move id="15" source="H3" target="I3"/>
  <move id="16" source="A5" target="A4"/>
  <move id="17" source="I3" target="K3"/>
  <move id="18" source="A6" target="A5"/>
  <move id="19" source="H2" target="H3"/>
  <move id="20" source="A5" target="A4"/>
  <move id="21" source="H3" target="I3"/>
  <move id="22" source="A7" target="A6"/>
  <move id="23" source="H4" target="I4"/>
  <move id="24" source="A6" target="A5"/>
  <move id="25" source="I4" target="K4"/>
  <move id="26" source="C7" target="B7"/>
  <move id="27" source="H1" target="H2"/>
  <move id="28" source="B7" target="B6"/>
  <move id="29" source="H2" target="H3"/>
  <move id="30" source="B6" target="B5"/>
  <move id="31" source="H3" target="H4"/>
  <move id="32" source="B5" target="B4"/>
  <move id="33" source="B3" target="B4"/>
  <move id="34" source="A4" target="B4"/>
  <move id="35" source="H4" target="I4"/>
  <move id="36" source="A5" target="A4"/>
  <move id="37" source="I5" target="K5"/>
  <move id="38" source="B4" target="C4"/>
  <move id="39" source="C3" target="C4"/>
  <move id="40" source="B8" target="B7"/>
  <move id="41" source="I4" target="I5"/>
  <move id="42" source="B7" target="B6"/>
  <move id="43" source="I3" target="I4"/>
  <move id="44" source="B6" target="B5"/>
  <move id="45" source="K6" target="I6"/>
  <move id="46" source="B5" target="B4"/>
  <move id="47" source="K5" target="K8"/>
  <move id="48" source="K8" target="K7"/>
  <move id="49" source="I5" target="K5"/>
  <move id="50" source="K7" target="I7"/>
  <move id="51" source="I4" target="I5"/>
  <move id="52" source="B4" target="B3"/>
  <move id="53" source="K5" target="K9"/>
  <move id="54" source="B9" target="B4"/>
  <move id="55" source="I6" target="I7"/>
  <move id="56" source="B4" target="D4"/>
  <move id="57" source="I5" target="I6"/>
  <move id="58" source="A4" target="B4"/>
  <move id="59" source="I6" target="I7"/>
  <move id="60" source="B4" target="C4"/>
  <move id="61" source="K4" target="K5"/>
  <move id="62" source="B3" target="B4"/>
  <move id="63" source="K5" target="K6"/>
  <move id="64" source="B4" target="A4"/>
  <move id="65" source="K6" target="I6"/>
  <move id="66" source="B:" target="B9"/>
  <move id="67" source="K3" target="K4"/>
  <move id="68" source="B9" target="B8"/>
  <move id="69" source="K4" target="K5"/>
  <move id="70" source="B8" target="B7"/>
  <move id="71" source="K5" target="K6"/>
  <move id="72" source="B7" target="B6"/>
  <move id="73" source="K6" target="K7"/>
  <move id="74" source="H7" target="I7"/>
  <move id="75" source="K7" target="K8"/>
  <move id="76" source="H8" target="H7"/>
  <move id="77" source="I7" target="K7"/>
  <move id="78" source="H7" target="I7"/>
  <move id="79" source="I6" target="I7"/>
  <move id="80" source="C4" target="D4"/>
  <move id="81" source="K8" target="I8"/>
  <move id="82" source="I9" target="I8"/>
  <move id="83" source="G1" target="H1"/>
  <move id="84" source="B6" target="B5"/>
  <move id="85" source="H1" target="H2"/>
  <move id="86" source="B5" target="B4"/>
  <move id="87" source="H2" target="H3"/>
  <move id="88" source="B4" target="C4"/>
  <move id="89" source="H3" target="I3"/>
  <move id="90" source="C4" target="C3"/>
  <move id="91" source="I7" target="I8"/>
  <move id="92" source="C3" target="D3"/>
  <move id="93" source="I3" target="I7"/>
  <move id="94" source="A4" target="B4"/>
  <move id="95" source="I7" target="G7"/>
  <move id="96" source="B4" target="C4"/>
  <move id="97" source="K7" target="I7"/>
  <move id="98" source="C4" target="C3"/>
  <move id="99" source="I7" target="H7"/>
  <move id="100" source="C3" target="D3"/>
  <move id="101" source="H7" target="H8"/>
  <move id="102" source="A:" target="B:"/>
  <move id="103" source="H8" target="G8"/>
  <move id="104" source="B:" target="B9"/>
  <move id="105" source="G8" target="G9"/>
  <move id="106" source="B9" target="B8"/>
  <move id="107" source="G2" target="H2"/>
  <move id="108" source="B8" target="B7"/>
  <move id="109" source="H2" target="H3"/>
  <move id="110" source="F9" target="G9"/>
  <move id="111" source="H3" target="H4"/>
  <move id="112" source="E9" target="F9"/>
  <move id="113" source="H4" target="I4"/>
  <move id="114" source="G9" target="G8"/>
  <move id="115" source="I4" target="I5"/>
  <move id="116" source="F9" target="G9"/>
  <move id="117" source="I5" target="I6"/>
  <move id="118" source="H9" target="H8"/>
  <move id="119" source="I6" target="I7"/>
  <move id="120" source="G9" target="H9"/>
  <move id="121" source="I7" target="H7"/>
  <move id="122" source="C9" target="B9"/>
  <move id="123" source="I2" target="I3"/>
  <move id="124" source="B9" target="B8"/>
  <move id="125" source="I3" target="I4"/>
  <move id="126" source="B7" target="B6"/>
  <move id="127" source="I4" target="I5"/>
  <move id="128" source="B8" target="B7"/>
  <move id="129" source="I5" target="I6"/>
  <move id="130" source="D9" target="C9"/>
  <move id="131" source="I6" target="I7"/>
  <move id="132" source="C9" target="B9"/>
  <move id="133" source="I8" target="K8"/>
  <move id="134" source="B9" target="B8"/>
  <move id="135" source="I7" target="I8"/>
  <move id="136" source="B7" target="A7"/>
  <move id="137" source="I8" target="H8"/>
  <move id="138" source="H9" target="H8"/>
  <move id="139" source="H7" target="I7"/>
  <move id="140" source="C8" target="C9"/>
  <move id="141" source="K8" target="I8"/>
  <move id="142" source="H8" target="H9"/>
  <move id="143" source="I7" target="H7"/>
  <move id="144" source="C9" target="D9"/>
  <move id="145" source="H7" target="H8"/>
  <move id="146" source="H9" target="H8"/>
  <move id="147" source="I8" target="H8"/>
  <move id="148" source="G8" target="H8"/>
  <move id="149" source="F1" target="G1"/>
  <move id="150" source="D9" target="E9"/>
  <move id="151" source="G1" target="G2"/>
  <move id="152" source="E9" target="F9"/>
  <move id="153" source="G2" target="H2"/>
  <move id="154" source="F9" target="G9"/>
  <move id="155" source="H2" target="H3"/>
  <move id="156" source="G9" target="G8"/>
  <move id="157" source="H3" target="H4"/>
  <move id="158" source="C:" target="C9"/>
  <move id="159" source="H4" target="I4"/>
  <move id="160" source="C9" target="D9"/>
  <move id="161" source="I4" target="I5"/>
  <move id="162" source="D9" target="E9"/>
  <move id="163" source="I5" target="I6"/>
  <move id="164" source="E9" target="F9"/>
  <move id="165" source="I6" target="I7"/>
  <move id="166" source="H8" target="I8"/>
  <move id="167" source="I7" target="I8"/>
  <move id="168" source="F9" target="G9"/>
  <move id="169" source="I8" target="I9"/>
  <move id="170" source="G9" target="H9"/>
  <move id="171" source="I9" target="I:"/>
  <move id="172" source="G8" target="H8"/>
  <move id="173" source="I:" target="K:"/>
  <move id="174" source="H9" target="I9"/>
  <move id="175" source="G4" target="H4"/>
  <move id="176" source="I9" target="I:"/>
  <move id="177" source="H4" target="I4"/>
  <move id="178" source="I:" target="K:"/>
  <move id="179" source="I4" target="I5"/>
  <move id="180" source="K:" target="I:"/>
  <move id="181" source="I5" target="I6"/>
  <move id="182" source="I:" target="I9"/>
  <move id="183" source="I6" target="I7"/>
  <move id="184" source="I9" target="I8"/>
  <move id="185" source="I7" target="I8"/>
  <move id="186" source="H8" target="I8"/>
  <move id="187" source="F4" target="F5"/>
  <move id="188" source="E7" target="E4"/>
  <move id="189" source="E4" target="E5"/>
  <move id="190" source="D4" target="E4"/>
  <move id="191" source="E5" target="E6"/>
  <move id="192" source="E4" target="E5"/>
  <move id="193" source="F5" target="F6"/>
  <move id="194" source="E5" target="E6"/>
  <move id="195" source="F6" target="F7"/>
  <move id="196" source="E6" target="E5"/>
  <move id="197" source="F7" target="F8"/>
  <move id="198" source="E5" target="E4"/>
  <move id="199" source="G3" target="G4"/>
  <move id="200" source="E4" target="F4"/>
  <move id="201" source="G4" target="H4"/>
  <move id="202" source="B8" target="B9"/>
  <move id="203" source="H4" target="I4"/>
  <move id="204" source="B9" target="C9"/>
  <move id="205" source="I4" target="I5"/>
  <move id="206" source="C9" target="D9"/>
  <move id="207" source="I5" target="I6"/>
  <move id="208" source="D9" target="E9"/>
  <move id="209" source="E3" target="E8"/>
  <move id="210" source="B6" target="B5"/>
  <move id="211" source="F3" target="E3"/>
  <move id="212" source="F4" target="E4"/>
  <move id="213" source="E3" target="D3"/>
  <move id="214" source="B5" target="B4"/>
  <move id="215" source="E1" target="F1"/>
  <move id="216" source="E4" target="E3"/>
  <move id="217" source="F1" target="G1"/>
  <move id="218" source="E3" target="F3"/>
  <move id="219" source="G1" target="F1"/>
  <move id="220" source="B4" target="I4"/>
  <move id="221" source="I6" target="K6"/>
  <move id="222" source="I4" target="I5"/>
  <move id="223" source="K6" target="K7"/>
  <move id="224" source="I5" target="K5"/>
  <move id="225" source="K7" target="K8"/>
  <move id="226" source="I8" target="K8"/>
  <move id="227" source="F1" target="G1"/>
  <move id="228" source="K8" target="I8"/>
  <move id="229" source="D2" target="D3"/>
  <move id="230" source="E8" target="E7"/>
  <move id="231" source="D3" target="D4"/>
  <move id="232" source="E9" target="E8"/>
  <move id="233" source="D4" target="C4"/>
  <move id="234" source="F3" target="F4"/>
  <move id="235" source="C4" target="B4"/>
  <move id="236" source="I8" target="H8"/>
  <move id="237" source="B4" target="B5"/>
  <move id="238" source="A7" target="A6"/>
  <move id="239" source="B5" target="B6"/>
  <move id="240" source="H8" target="H9"/>
  <move id="241" source="B6" target="B7"/>
  <move id="242" source="H9" target="G9"/>
  <move id="243" source="B7" target="B8"/>
  <move id="244" source="G9" target="F9"/>
  <move id="245" source="B8" target="B9"/>
  <move id="246" source="F9" target="E9"/>
  <move id="247" source="B9" target="B:"/>
  <move id="248" source="E9" target="D9"/>
  <move id="249" source="B:" target="C:"/>
  <move id="250" source="D9" target="C9"/>
  <move id="251" source="C:" target="D:"/>
  <move id="252" source="C9" target="D9"/>
  <move id="253" source="D:" target="E:"/>
  <move id="254" source="D9" target="E9"/>
  <move id="255" source="E2" target="E3"/>
  <move id="256" source="E9" target="D9"/>
  <move id="257" source="E3" target="D3"/>
  <move id="258" source="A6" target="A5"/>
  <move id="259" source="D3" target="D4"/>
  <move id="260" source="A5" target="A4"/>
  <move id="261" source="D4" target="C4"/>
  <move id="262" source="A4" target="B4"/>
  <move id="263" source="C4" target="C3"/>
  <move id="264" source="B4" target="B3"/>
  <move id="265" source="C3" target="D3"/>
  <move id="266" source="B3" target="C3"/>
  <move id="267" source="D3" target="E3"/>
  <move id="268" source="E8" target="E9"/>
  <move id="269" source="E3" target="E2"/>
  <move id="270" source="C3" target="D3"/>
  <move id="271" source="E2" target="E1"/>
  <move id="272" source="D3" target="D2"/>
  <move id="273" source="E1" target="F1"/>
  <move id="274" source="D2" target="E2"/>
  <move id="275" source="F2" target="E2"/>
  <move id="276" source="F4" target="F3"/>
  <move id="277" source="G1" target="G2"/>
  <move id="278" source="F3" target="F2"/>
  <move id="279" source="E2" target="E3"/>
  <move id="280" source="F2" target="G2"/>
  <move id="281" source="E3" target="E4"/>
  <move id="282" source="E9" target="F9"/>
  <move id="283" source="E4" target="E5"/>
  <move id="284" source="E7" target="E8"/>
  <move id="285" source="E5" target="E6"/>
  <move id="286" source="E8" target="E9"/>
  <move id="287" source="E6" target="E7"/>
  <move id="288" source="D8" target="C8"/>
  <move id="289" source="E7" target="E8"/>
  <move id="290" source="F9" target="G9"/>
  <move id="291" source="E8" target="E9"/>
  <move id="292" source="D9" target="E9"/>
  <player id="1">Player 1</player>
  <player id="2">Player 2</player>
  <result type="3" winner="2"/>
 </game>
</stratego>