<?xml version="1.0" encoding="UTF-8"?>
<stratego>
 <game type="classic">
  
  <field content="BEEHDEMBHEEIJBLHCJIDDBGIFBKGBDDDFHGDFFDGAA__AA__AAAA__AA__AASRVWSTUQTRUTXOVPPSPSNUNQQPQQTNRNYNPPPPNR"/>
  <move id="1" source="A4" target="A5"/>
  <move id="2" source="E7" target="E6"/>
  <move id="3" source="A5" target="B5"/>
  <move id="4" source="F7" target="F6"/>
  <move id="5" source="B5" target="B6"/>
  <move id="6" source="F8" target="F7"/>
  <move id="7" source="I4" target="I5"/>
  <move id="8" source="F7" target="E7"/>
  <move id="9" source="I5" target="I6"/>
  <move id="10" source="G8" target="F8"/>
  <move id="11" source="B6" target="B7"/>
  <move id="12" source="F8" target="F7"/>
  <move id="13" source="B4" target="A4"/>
  <move id="14" source="E6" target="E5"/>
  <move id="15" source="C4" target="B4"/>
  <move id="16" source="E7" target="E6"/>
  <move id="17" source="B4" target="B5"/>
  <move id="18" source="F6" target="F5"/>
  <move id="19" source="B5" target="B6"/>
  <move id="20" source="F7" target="F6"/>
  <move id="21" source="I6" target="I7"/>
  <move id="22" source="E5" target="E4"/>
  <move id="23" source="H4" target="I4"/>
  <move id="24" source="E6" target="E5"/>
  <move id="25" source="I4" target="I5"/>
  <move id="26" source="E5" target="E4"/>
  <move id="27" source="I5" target="K5"/>
  <move id="28" source="F6" target="E6"/>
  <move id="29" source="B6" target="B7"/>
  <move id="30" source="E6" target="E5"/>
  <move id="31" source="A4" target="B4"/>
  <move id="32" source="F5" target="F4"/>
  <move id="33" source="B4" target="B5"/>
  <move id="34" source="F4" target="F3"/>
  <move id="35" source="B5" target="B6"/>
  <move id="36" source="E5" target="F5"/>
  <move id="37" source="B6" target="B7"/>
  <move id="38" source="B8" target="B7"/>
  <move id="39" source="A3" target="A4"/>
  <move id="40" source="F5" target="F4"/>
  <move id="41" source="A4" target="A5"/>
  <move id="42" source="F4" target="G4"/>
  <move id="43" source="A5" target="B5"/>
  <move id="44" source="G7" target="F7"/>
  <move id="45" source="D4" target="E4"/>
  <move id="46" source="F7" target="F6"/>
  <move id="47" source="E4" target="D4"/>
  <move id="48" source="F6" target="F5"/>
  <move id="49" source="D4" target="C4"/>
  <move id="50" source="F5" target="F4"/>
  <move id="51" source="C4" target="B4"/>
  <move id="52" source="F9" target="F8"/>
  <move id="53" source="B4" target="A4"/>
  <move id="54" source="F8" target="F7"/>
  <move id="55" source="A4" target="A5"/>
  <move id="56" source="F7" target="E7"/>
  <move id="57" source="A5" target="A6"/>
  <move id="58" source="E7" target="E6"/>
  <move id="59" source="A6" target="B6"/>
  <move id="60" source="E6" target="E5"/>
  <move id="61" source="B5" target="B4"/>
  <move id="62" source="E5" target="E4"/>
  <move id="63" source="B4" target="C4"/>
  <move id="64" source="E4" target="E3"/>
  <move id="65" source="C4" target="D4"/>
  <move id="66" source="F4" target="G4"/>
  <move id="67" source="G3" target="G4"/>
  <move id="68" source="E8" target="E7"/>
  <move id="69" source="G4" target="G3"/>
  <move id="70" source="E7" target="E6"/>
  <move id="71" source="B6" target="B7"/>
  <move id="72" source="E6" target="F6"/>
  <move id="73" source="D4" target="E4"/>
  <move id="74" source="F6" target="F5"/>
  <move id="75" source="E4" target="E5"/>
  <move id="76" source="F5" target="F4"/>
  <move id="77" source="E5" target="F5"/>
  <move id="78" source="F4" target="E4"/>
  <move id="79" source="F5" target="E5"/>
  <move id="80" source="E4" target="E3"/>
  <move id="81" source="E2" target="E3"/>
  <move id="82" source="A8" target="B8"/>
  <move id="83" source="E5" target="E6"/>
  <move id="84" source="B8" target="B7"/>
  <move id="85" source="E3" target="E4"/>
  <move id="86" source="B7" target="B6"/>
  <move id="87" source="E4" target="D4"/>
  <move id="88" source="B6" target="B5"/>
  <move id="89" source="D4" target="C4"/>
  <move id="90" source="B5" target="A5"/>
  <move id="91" source="C4" target="B4"/>
  <move id="92" source="I7" target="I6"/>
  <move id="93" source="E6" target="F6"/>
  <move id="94" source="I6" target="I5"/>
  <move id="95" source="K5" target="K6"/>
  <move id="96" source="I5" target="I4"/>
  <move id="97" source="K6" target="I6"/>
  <move id="98" source="D7" target="E7"/>
  <move id="99" source="I6" target="I7"/>
  <move id="100" source="E7" target="E6"/>
  <move id="101" source="I7" target="H7"/>
  <move id="102" source="H8" target="H7"/>
  <move id="103" source="F6" target="F7"/>
  <move id="104" source="E6" target="E5"/>
  <move id="105" source="F7" target="C7"/>
  <move id="106" source="E5" target="E4"/>
  <move id="107" source="B4" target="C4"/>
  <move id="108" source="E4" target="E3"/>
  <move id="109" source="C4" target="D4"/>
  <move id="110" source="E3" target="E2"/>
  <move id="111" source="D4" target="E4"/>
  <move id="112" source="E2" target="F2"/>
  <move id="113" source="G3" target="G4"/>
  <move id="114" source="F2" target="F1"/>
  <move id="115" source="G4" target="H4"/>
  <move id="116" source="I4" target="I3"/>
  <move id="117" source="E4" target="E5"/>
  <move id="118" source="F1" target="G1"/>
  <player id="1">Player 1</player>
  <player id="2">Player 2</player>
  <result type="1" winner="2"/>
 </game>
</stratego>