<?xml version="1.0" encoding="UTF-8"?>
<stratego>
 <game type="classic">
  
  <field content="DBECBEHEBMGFKDJLDGEBIDGIHHIJBFFDEGDFDHDBAA__AA__AAAA__AA__AAPTRPRSPUSRSWPUTPUQPTQPNOVTNXQVPQRNSNNYNQ"/>
  <move id="1" source="B4" target="B5"/>
  <move id="2" source="I7" target="I6"/>
  <move id="3" source="F4" target="F5"/>
  <move id="4" source="I6" target="I5"/>
  <move id="5" source="F3" target="F4"/>
  <move id="6" source="I8" target="I7"/>
  <move id="7" source="F5" target="E5"/>
  <move id="8" source="I7" target="I6"/>
  <move id="9" source="F4" target="F5"/>
  <move id="10" source="I6" target="K6"/>
  <move id="11" source="F5" target="F6"/>
  <move id="12" source="K6" target="K5"/>
  <move id="13" source="E5" target="E6"/>
  <move id="14" source="H7" target="I7"/>
  <move id="15" source="E6" target="E7"/>
  <move id="16" source="F7" target="F6"/>
  <move id="17" source="F6" target="F5"/>
  <move id="18" source="I7" target="I6"/>
  <move id="19" source="G4" target="F4"/>
  <move id="20" source="K5" target="K4"/>
  <move id="21" source="F5" target="E5"/>
  <move id="22" source="I5" target="K5"/>
  <move id="23" source="F4" target="F5"/>
  <move id="24" source="I6" target="I5"/>
  <move id="25" source="F5" target="F6"/>
  <move id="26" source="E8" target="E7"/>
  <move id="27" source="E5" target="F5"/>
  <move id="28" source="E7" target="F7"/>
  <move id="29" source="F6" target="E6"/>
  <move id="30" source="F7" target="F6"/>
  <move id="31" source="E6" target="E7"/>
  <move id="32" source="D7" target="E7"/>
  <move id="33" source="F5" target="F6"/>
  <move id="34" source="F8" target="F2"/>
  <move id="35" source="F2" target="F3"/>
  <move id="36" source="H8" target="H7"/>
  <move id="37" source="F3" target="F4"/>
  <move id="38" source="H7" target="I7"/>
  <move id="39" source="F4" target="F5"/>
  <move id="40" source="I7" target="I6"/>
  <move id="41" source="F5" target="F6"/>
  <move id="42" source="I5" target="I4"/>
  <move id="43" source="E4" target="E7"/>
  <move id="44" source="I4" target="I5"/>
  <move id="45" source="E7" target="G7"/>
  <move id="46" source="I6" target="I7"/>
  <move id="47" source="F6" target="F7"/>
  <move id="48" source="I5" target="I6"/>
  <move id="49" source="F7" target="G7"/>
  <move id="50" source="H9" target="H8"/>
  <move id="51" source="G7" target="H7"/>
  <move id="52" source="H8" target="H7"/>
  <move id="53" source="B5" target="B7"/>
  <move id="54" source="I7" target="I8"/>
  <move id="55" source="C4" target="B4"/>
  <move id="56" source="C7" target="D7"/>
  <move id="57" source="D4" target="E4"/>
  <move id="58" source="D7" target="E7"/>
  <move id="59" source="E4" target="E5"/>
  <move id="60" source="E7" target="E6"/>
  <move id="61" source="B4" target="B5"/>
  <move id="62" source="B7" target="C7"/>
  <move id="63" source="B5" target="B6"/>
  <move id="64" source="A7" target="B7"/>
  <move id="65" source="B6" target="A6"/>
  <move id="66" source="B7" target="A7"/>
  <move id="67" source="A6" target="B6"/>
  <move id="68" source="A7" target="B7"/>
  <move id="69" source="B6" target="A6"/>
  <move id="70" source="E6" target="E5"/>
  <move id="71" source="C3" target="C4"/>
  <move id="72" source="E9" target="E8"/>
  <move id="73" source="C4" target="B4"/>
  <move id="74" source="E8" target="E7"/>
  <move id="75" source="B4" target="B5"/>
  <move id="76" source="E7" target="E6"/>
  <move id="77" source="E5" target="E4"/>
  <move id="78" source="E6" target="E5"/>
  <move id="79" source="E4" target="D4"/>
  <move id="80" source="E5" target="E4"/>
  <move id="81" source="B5" target="B6"/>
  <move id="82" source="B7" target="A7"/>
  <move id="83" source="A6" target="A5"/>
  <move id="84" source="A7" target="A5"/>
  <move id="85" source="C2" target="C3"/>
  <move id="86" source="B8" target="B7"/>
  <move id="87" source="C3" target="C4"/>
  <move id="88" source="B7" target="B6"/>
  <move id="89" source="D4" target="E4"/>
  <move id="90" source="E4" target="F4"/>
  <move id="91" source="C4" target="D4"/>
  <move id="92" source="F4" target="F5"/>
  <move id="93" source="D4" target="E4"/>
  <move id="94" source="D9" target="E9"/>
  <move id="95" source="E4" target="F4"/>
  <move id="96" source="F5" target="E5"/>
  <move id="97" source="F4" target="E4"/>
  <move id="98" source="E5" target="F5"/>
  <move id="99" source="E4" target="F4"/>
  <move id="100" source="F5" target="E5"/>
  <move id="101" source="F4" target="E4"/>
  <move id="102" source="E5" target="F5"/>
  <move id="103" source="E4" target="F4"/>
  <move id="104" source="F5" target="E5"/>
  <move id="105" source="F4" target="F5"/>
  <move id="106" source="E5" target="E6"/>
  <move id="107" source="F5" target="F6"/>
  <move id="108" source="E6" target="E5"/>
  <move id="109" source="F6" target="F7"/>
  <move id="110" source="E9" target="E8"/>
  <move id="111" source="F7" target="G7"/>
  <move id="112" source="I6" target="K6"/>
  <move id="113" source="G7" target="H7"/>
  <move id="114" source="K5" target="I5"/>
  <move id="115" source="H7" target="I7"/>
  <move id="116" source="I8" target="I7"/>
  <move id="117" source="I7" target="I6"/>
  <move id="118" source="K6" target="K5"/>
  <move id="119" source="I6" target="I5"/>
  <move id="120" source="K5" target="K6"/>
  <move id="121" source="I5" target="I6"/>
  <move id="122" source="K6" target="K5"/>
  <move id="123" source="I6" target="K6"/>
  <move id="124" source="K5" target="I5"/>
  <move id="125" source="K6" target="I6"/>
  <move id="126" source="I5" target="K5"/>
  <move id="127" source="I6" target="K6"/>
  <move id="128" source="K5" target="I5"/>
  <move id="129" source="E2" target="F2"/>
  <move id="130" source="E5" target="E4"/>
  <move id="131" source="F2" target="F3"/>
  <move id="132" source="B6" target="B5"/>
  <move id="133" source="A5" target="A6"/>
  <move id="134" source="B5" target="B4"/>
  <move id="135" source="F3" target="F4"/>
  <move id="136" source="E4" target="F4"/>
  <move id="137" source="H4" target="G4"/>
  <move id="138" source="B4" target="C4"/>
  <move id="139" source="G4" target="F4"/>
  <move id="140" source="C4" target="D4"/>
  <move id="141" source="F4" target="F5"/>
  <move id="142" source="D4" target="E4"/>
  <move id="143" source="F5" target="F6"/>
  <move id="144" source="E4" target="F4"/>
  <move id="145" source="H3" target="H4"/>
  <move id="146" source="F4" target="G4"/>
  <move id="147" source="H4" target="I4"/>
  <move id="148" source="G4" target="H4"/>
  <move id="149" source="I4" target="I5"/>
  <move id="150" source="G8" target="G7"/>
  <move id="151" source="F6" target="E6"/>
  <move id="152" source="G7" target="F7"/>
  <move id="153" source="K6" target="I6"/>
  <move id="154" source="H4" target="G4"/>
  <move id="155" source="I6" target="I7"/>
  <move id="156" source="G4" target="H4"/>
  <move id="157" source="I7" target="H7"/>
  <move id="158" source="H4" target="I4"/>
  <move id="159" source="I5" target="I6"/>
  <move id="160" source="F7" target="E7"/>
  <move id="161" source="E6" target="F6"/>
  <move id="162" source="I4" target="H4"/>
  <move id="163" source="H7" target="G7"/>
  <move id="164" source="H4" target="I4"/>
  <move id="165" source="F6" target="F5"/>
  <move id="166" source="I4" target="H4"/>
  <move id="167" source="G7" target="F7"/>
  <move id="168" source="E7" target="E6"/>
  <move id="169" source="F7" target="E7"/>
  <move id="170" source="E6" target="F6"/>
  <move id="171" source="E7" target="D7"/>
  <move id="172" source="C7" target="B7"/>
  <move id="173" source="D7" target="C7"/>
  <move id="174" source="B7" target="A7"/>
  <move id="175" source="A6" target="B6"/>
  <move id="176" source="F6" target="F5"/>
  <move id="177" source="B6" target="B7"/>
  <move id="178" source="E8" target="E7"/>
  <move id="179" source="C7" target="D7"/>
  <move id="180" source="E7" target="F7"/>
  <move id="181" source="D7" target="E7"/>
  <move id="182" source="F7" target="G7"/>
  <move id="183" source="B7" target="C7"/>
  <move id="184" source="H4" target="I4"/>
  <move id="185" source="E7" target="D7"/>
  <move id="186" source="I4" target="I5"/>
  <move id="187" source="I6" target="I7"/>
  <move id="188" source="G7" target="H7"/>
  <move id="189" source="C7" target="C8"/>
  <move id="190" source="I5" target="I6"/>
  <move id="191" source="I7" target="H7"/>
  <move id="192" source="I6" target="I7"/>
  <move id="193" source="H7" target="H8"/>
  <move id="194" source="I7" target="I8"/>
  <move id="195" source="H8" target="G8"/>
  <move id="196" source="I8" target="H8"/>
  <move id="197" source="G8" target="F8"/>
  <move id="198" source="H8" target="G8"/>
  <move id="199" source="F8" target="F7"/>
  <move id="200" source="G8" target="F8"/>
  <move id="201" source="F7" target="F6"/>
  <move id="202" source="F5" target="F4"/>
  <move id="203" source="C8" target="D8"/>
  <move id="204" source="F8" target="F7"/>
  <move id="205" source="F6" target="F5"/>
  <move id="206" source="F7" target="F6"/>
  <move id="207" source="F5" target="F4"/>
  <move id="208" source="F6" target="F5"/>
  <move id="209" source="F4" target="E4"/>
  <move id="210" source="F5" target="F4"/>
  <move id="211" source="E4" target="D4"/>
  <move id="212" source="D8" target="E8"/>
  <move id="213" source="D7" target="E7"/>
  <move id="214" source="E8" target="F8"/>
  <move id="215" source="E7" target="F7"/>
  <move id="216" source="F8" target="G8"/>
  <move id="217" source="F7" target="G7"/>
  <move id="218" source="G8" target="H8"/>
  <move id="219" source="D4" target="C4"/>
  <move id="220" source="F4" target="F3"/>
  <move id="221" source="G3" target="G4"/>
  <move id="222" source="F3" target="G3"/>
  <move id="223" source="G4" target="H4"/>
  <move id="224" source="G3" target="G2"/>
  <move id="225" source="H4" target="I4"/>
  <move id="226" source="G2" target="G1"/>
  <move id="227" source="I4" target="I5"/>
  <move id="228" source="G1" target="H1"/>
  <move id="229" source="I5" target="I6"/>
  <player id="1">Player 1</player>
  <player id="2">Player 2</player>
  <result type="3" winner="1"/>
 </game>
</stratego>