<?xml version="1.0" encoding="UTF-8"?>
<stratego>
 <game type="classic">
  
  <field content="DFBBDEEBMBFDBJCDEHBJFGEHDIKDHLHGGIDFEDGIAA__AA__AAAA__AA__AATUOURTPWTSSXVRSTVPPUQPQQPPQQRNPPNNNRNSNY"/>
  <move id="1" source="K4" target="K5"/>
  <move id="2" source="F7" target="F6"/>
  <move id="3" source="K5" target="K6"/>
  <move id="4" source="F6" target="F5"/>
  <move id="5" source="I4" target="I5"/>
  <move id="6" source="F5" target="F4"/>
  <move id="7" source="F3" target="F4"/>
  <move id="8" source="G7" target="F7"/>
  <move id="9" source="E4" target="E6"/>
  <move id="10" source="E7" target="E6"/>
  <move id="11" source="E3" target="F3"/>
  <move id="12" source="F7" target="E7"/>
  <move id="13" source="I5" target="I6"/>
  <move id="14" source="A7" target="A6"/>
  <move id="15" source="K6" target="K5"/>
  <move id="16" source="A6" target="A5"/>
  <move id="17" source="I6" target="K6"/>
  <move id="18" source="A5" target="A4"/>
  <move id="19" source="K6" target="K7"/>
  <move id="20" source="A8" target="A7"/>
  <move id="21" source="H4" target="K4"/>
  <move id="22" source="A7" target="A6"/>
  <move id="23" source="K5" target="I5"/>
  <move id="24" source="B8" target="A8"/>
  <move id="25" source="K4" target="K8"/>
  <move id="26" source="I7" target="I6"/>
  <move id="27" source="K3" target="K4"/>
  <move id="28" source="I6" target="I5"/>
  <move id="29" source="K4" target="I4"/>
  <move id="30" source="A8" target="A7"/>
  <move id="31" source="K2" target="K3"/>
  <move id="32" source="I8" target="I7"/>
  <move id="33" source="H3" target="H4"/>
  <move id="34" source="I7" target="K7"/>
  <move id="35" source="I4" target="K4"/>
  <move id="36" source="H8" target="I8"/>
  <move id="37" source="I3" target="H3"/>
  <move id="38" source="A6" target="A5"/>
  <move id="39" source="I5" target="I4"/>
  <move id="40" source="A7" target="A6"/>
  <move id="41" source="I4" target="I3"/>
  <move id="42" source="B7" target="B6"/>
  <move id="43" source="H4" target="I4"/>
  <move id="44" source="C7" target="B7"/>
  <move id="45" source="I4" target="I5"/>
  <move id="46" source="I8" target="I5"/>
  <move id="47" source="G4" target="H4"/>
  <move id="48" source="B6" target="B5"/>
  <move id="49" source="H4" target="I4"/>
  <move id="50" source="B7" target="B6"/>
  <move id="51" source="I4" target="I5"/>
  <move id="52" source="K7" target="K6"/>
  <move id="53" source="I5" target="I4"/>
  <move id="54" source="A5" target="A4"/>
  <move id="55" source="K4" target="K5"/>
  <move id="56" source="K8" target="K7"/>
  <move id="57" source="K5" target="K6"/>
  <move id="58" source="H7" target="G7"/>
  <move id="59" source="K6" target="K7"/>
  <move id="60" source="G7" target="F7"/>
  <move id="61" source="F4" target="G4"/>
  <move id="62" source="F7" target="F6"/>
  <move id="63" source="F3" target="F4"/>
  <move id="64" source="F6" target="F5"/>
  <move id="65" source="G3" target="F3"/>
  <move id="66" source="F5" target="F4"/>
  <move id="67" source="F3" target="F4"/>
  <move id="68" source="G8" target="G7"/>
  <move id="69" source="E2" target="E3"/>
  <move id="70" source="G7" target="F7"/>
  <move id="71" source="D2" target="E2"/>
  <move id="72" source="F7" target="F6"/>
  <move id="73" source="E3" target="E4"/>
  <move id="74" source="F6" target="F5"/>
  <move id="75" source="G4" target="G3"/>
  <move id="76" source="F5" target="F4"/>
  <move id="77" source="E2" target="E3"/>
  <move id="78" source="E6" target="E5"/>
  <move id="79" source="I4" target="I5"/>
  <move id="80" source="E5" target="E4"/>
  <move id="81" source="K7" target="K6"/>
  <move id="82" source="E4" target="D4"/>
  <move id="83" source="K6" target="K5"/>
  <move id="84" source="F4" target="G4"/>
  <move id="85" source="G3" target="F3"/>
  <move id="86" source="E7" target="E3"/>
  <move id="87" source="K5" target="K4"/>
  <move id="88" source="A4" target="A3"/>
  <move id="89" source="B3" target="A3"/>
  <move id="90" source="A6" target="A5"/>
  <move id="91" source="K4" target="I4"/>
  <move id="92" source="A5" target="A4"/>
  <move id="93" source="F2" target="D2"/>
  <move id="94" source="A4" target="A3"/>
  <move id="95" source="I4" target="H4"/>
  <move id="96" source="G4" target="F4"/>
  <move id="97" source="F3" target="F2"/>
  <move id="98" source="A3" target="B3"/>
  <move id="99" source="H4" target="G4"/>
  <move id="100" source="F4" target="F5"/>
  <move id="101" source="G4" target="F4"/>
  <move id="102" source="F5" target="F6"/>
  <move id="103" source="F4" target="F5"/>
  <move id="104" source="F6" target="F7"/>
  <move id="105" source="F5" target="F6"/>
  <move id="106" source="F7" target="G7"/>
  <move id="107" source="K3" target="K4"/>
  <move id="108" source="G7" target="H7"/>
  <move id="109" source="K4" target="K5"/>
  <move id="110" source="H7" target="I7"/>
  <move id="111" source="K5" target="K6"/>
  <move id="112" source="B9" target="B8"/>
  <move id="113" source="F6" target="F7"/>
  <move id="114" source="B8" target="A8"/>
  <move id="115" source="F7" target="G7"/>
  <move id="116" source="A8" target="A2"/>
  <move id="117" source="G7" target="H7"/>
  <move id="118" source="I7" target="I6"/>
  <move id="119" source="K6" target="I6"/>
  <move id="120" source="A9" target="A8"/>
  <move id="121" source="I5" target="I6"/>
  <move id="122" source="A8" target="A7"/>
  <move id="123" source="H7" target="G7"/>
  <move id="124" source="A7" target="A6"/>
  <move id="125" source="G7" target="F7"/>
  <move id="126" source="A6" target="A5"/>
  <move id="127" source="F7" target="F6"/>
  <move id="128" source="A5" target="A4"/>
  <move id="129" source="F6" target="E6"/>
  <move id="130" source="A4" target="B4"/>
  <move id="131" source="B4" target="B3"/>
  <move id="132" source="A:" target="A4"/>
  <move id="133" source="D4" target="E4"/>
  <move id="134" source="A4" target="C4"/>
  <move id="135" source="E4" target="F4"/>
  <move id="136" source="B3" target="B4"/>
  <move id="137" source="E6" target="E5"/>
  <move id="138" source="B4" target="C4"/>
  <move id="139" source="E5" target="E4"/>
  <move id="140" source="C4" target="B4"/>
  <move id="141" source="E4" target="D4"/>
  <move id="142" source="B4" target="B3"/>
  <move id="143" source="D4" target="C4"/>
  <move id="144" source="B5" target="A5"/>
  <move id="145" source="E3" target="E4"/>
  <move id="146" source="B6" target="B5"/>
  <move id="147" source="E4" target="E5"/>
  <move id="148" source="A5" target="A4"/>
  <move id="149" source="E5" target="E6"/>
  <move id="150" source="A4" target="A3"/>
  <move id="151" source="I6" target="I7"/>
  <move id="152" source="A3" target="A2"/>
  <move id="153" source="E6" target="F6"/>
  <move id="154" source="A2" target="A3"/>
  <move id="155" source="F6" target="F7"/>
  <move id="156" source="A3" target="A4"/>
  <move id="157" source="E1" target="E7"/>
  <move id="158" source="B:" target="A:"/>
  <move id="159" source="E7" target="D7"/>
  <move id="160" source="C9" target="B9"/>
  <move id="161" source="F7" target="E7"/>
  <move id="162" source="D7" target="C7"/>
  <move id="163" source="E7" target="D7"/>
  <move id="164" source="C7" target="B7"/>
  <move id="165" source="D7" target="C7"/>
  <move id="166" source="C8" target="C7"/>
  <move id="167" source="I3" target="K3"/>
  <move id="168" source="A4" target="B4"/>
  <move id="169" source="C4" target="D4"/>
  <move id="170" source="A:" target="A1"/>
  <move id="171" source="F4" target="F5"/>
  <move id="172" source="D8" target="C8"/>
  <move id="173" source="F5" target="F6"/>
  <move id="174" source="C8" target="B8"/>
  <move id="175" source="F6" target="F7"/>
  <move id="176" source="B8" target="A8"/>
  <move id="177" source="F7" target="E7"/>
  <move id="178" source="A8" target="A7"/>
  <move id="179" source="E7" target="D7"/>
  <move id="180" source="A7" target="A6"/>
  <move id="181" source="D7" target="C7"/>
  <move id="182" source="A6" target="A5"/>
  <move id="183" source="C7" target="C8"/>
  <move id="184" source="B9" target="A9"/>
  <move id="185" source="F2" target="F3"/>
  <move id="186" source="A5" target="A4"/>
  <move id="187" source="F3" target="F4"/>
  <move id="188" source="A4" target="A3"/>
  <move id="189" source="F4" target="F5"/>
  <move id="190" source="A3" target="A2"/>
  <move id="191" source="F5" target="F6"/>
  <move id="192" source="A2" target="B2"/>
  <move id="193" source="F6" target="F7"/>
  <move id="194" source="A9" target="A8"/>
  <move id="195" source="F7" target="E7"/>
  <move id="196" source="A8" target="A7"/>
  <move id="197" source="E7" target="D7"/>
  <move id="198" source="A7" target="A6"/>
  <move id="199" source="D7" target="C7"/>
  <move id="200" source="A6" target="A5"/>
  <move id="201" source="C8" target="B8"/>
  <move id="202" source="B7" target="C7"/>
  <move id="203" source="B8" target="B7"/>
  <move id="204" source="A5" target="A4"/>
  <move id="205" source="B7" target="B6"/>
  <move id="206" source="A4" target="A3"/>
  <move id="207" source="B6" target="B5"/>
  <move id="208" source="B2" target="B1"/>
  <move id="209" source="D4" target="C4"/>
  <move id="210" source="B4" target="A4"/>
  <move id="211" source="B5" target="A5"/>
  <move id="212" source="A3" target="A2"/>
  <move id="213" source="A5" target="A4"/>
  <move id="214" source="A2" target="A1"/>
  <move id="215" source="D2" target="F2"/>
  <move id="216" source="A1" target="B1"/>
  <move id="217" source="D3" target="D2"/>
  <move id="218" source="B1" target="C1"/>
  <move id="219" source="C4" target="B4"/>
  <move id="220" source="B3" target="B2"/>
  <move id="221" source="B4" target="B3"/>
  <move id="222" source="B2" target="C2"/>
  <move id="223" source="B3" target="B4"/>
  <move id="224" source="C1" target="D1"/>
  <move id="225" source="D2" target="D1"/>
  <player id="1">Player 1</player>
  <player id="2">Player 2</player>
  <result type="3" winner="1"/>
 </game>
</stratego>