<?xml version="1.0" encoding="UTF-8"?>
<stratego>
 <game type="classic">
  
  <field content="EFBEBMBEFEGHBGJBFGLBKDFHDIGJHCEIDDHDDDDIAA__AA__AAAA__AA__AARSNWPPXNSRPPUNPPNUPPRSNOTVVNSRTQQQTUYQQT"/>
  <move id="1" source="E4" target="E5"/>
  <move id="2" source="F7" target="F4"/>
  <move id="3" source="E5" target="E6"/>
  <move id="4" source="F8" target="F3"/>
  <move id="5" source="B4" target="B5"/>
  <move id="6" source="E7" target="F7"/>
  <move id="7" source="E6" target="F6"/>
  <move id="8" source="E8" target="E3"/>
  <move id="9" source="F6" target="F7"/>
  <move id="10" source="D7" target="E7"/>
  <move id="11" source="F7" target="G7"/>
  <move id="12" source="E7" target="D7"/>
  <move id="13" source="B5" target="B6"/>
  <move id="14" source="G7" target="F7"/>
  <move id="15" source="B6" target="A6"/>
  <move id="16" source="F7" target="F6"/>
  <move id="17" source="B3" target="B7"/>
  <move id="18" source="F6" target="F5"/>
  <move id="19" source="I4" target="I7"/>
  <move id="20" source="F9" target="F8"/>
  <move id="21" source="A6" target="A7"/>
  <move id="22" source="D7" target="E7"/>
  <move id="23" source="B2" target="B3"/>
  <move id="24" source="E7" target="E6"/>
  <move id="25" source="D3" target="E3"/>
  <move id="26" source="E6" target="E5"/>
  <move id="27" source="E3" target="E4"/>
  <move id="28" source="E5" target="E6"/>
  <move id="29" source="B3" target="B4"/>
  <move id="30" source="B7" target="B6"/>
  <move id="31" source="B4" target="B5"/>
  <move id="32" source="F5" target="E5"/>
  <move id="33" source="E4" target="F4"/>
  <move id="34" source="E5" target="E4"/>
  <move id="35" source="F4" target="F5"/>
  <move id="36" source="E9" target="E8"/>
  <move id="37" source="I3" target="I4"/>
  <move id="38" source="D9" target="E9"/>
  <move id="39" source="I4" target="I5"/>
  <move id="40" source="F8" target="F9"/>
  <move id="41" source="I5" target="I6"/>
  <move id="42" source="E8" target="E7"/>
  <move id="43" source="I6" target="K6"/>
  <move id="44" source="E7" target="D7"/>
  <move id="45" source="K6" target="K7"/>
  <move id="46" source="I7" target="I6"/>
  <move id="47" source="K7" target="K8"/>
  <move id="48" source="E9" target="E8"/>
  <move id="49" source="K8" target="I8"/>
  <move id="50" source="H8" target="I8"/>
  <move id="51" source="H3" target="I3"/>
  <move id="52" source="I8" target="H8"/>
  <move id="53" source="I3" target="I4"/>
  <move id="54" source="I6" target="K6"/>
  <move id="55" source="I4" target="I5"/>
  <move id="56" source="E8" target="E7"/>
  <move id="57" source="I5" target="I6"/>
  <move id="58" source="K6" target="K5"/>
  <move id="59" source="I6" target="I7"/>
  <move id="60" source="E7" target="F7"/>
  <move id="61" source="I7" target="I8"/>
  <move id="62" source="F7" target="F6"/>
  <move id="63" source="I8" target="H8"/>
  <move id="64" source="F6" target="F5"/>
  <move id="65" source="H8" target="I8"/>
  <move id="66" source="E6" target="F6"/>
  <move id="67" source="F5" target="F4"/>
  <move id="68" source="F6" target="F5"/>
  <move id="69" source="I8" target="I7"/>
  <move id="70" source="E4" target="E3"/>
  <move id="71" source="I7" target="I6"/>
  <move id="72" source="E3" target="D3"/>
  <move id="73" source="I6" target="I5"/>
  <move id="74" source="D3" target="C3"/>
  <move id="75" source="B5" target="B6"/>
  <move id="76" source="K5" target="K4"/>
  <move id="77" source="B6" target="B7"/>
  <move id="78" source="C3" target="B3"/>
  <move id="79" source="B7" target="B8"/>
  <move id="80" source="C8" target="B8"/>
  <move id="81" source="A7" target="A8"/>
  <move id="82" source="B8" target="A8"/>
  <move id="83" source="G3" target="H3"/>
  <move id="84" source="A9" target="A8"/>
  <move id="85" source="I5" target="K5"/>
  <move id="86" source="A8" target="A7"/>
  <move id="87" source="H3" target="I3"/>
  <move id="88" source="A7" target="A6"/>
  <move id="89" source="I3" target="I4"/>
  <move id="90" source="A6" target="A5"/>
  <move id="91" source="I4" target="I5"/>
  <move id="92" source="B3" target="B4"/>
  <move id="93" source="A4" target="A5"/>
  <move id="94" source="A5" target="A4"/>
  <move id="95" source="I5" target="I6"/>
  <move id="96" source="B4" target="B3"/>
  <move id="97" source="I6" target="K6"/>
  <move id="98" source="B3" target="C3"/>
  <move id="99" source="F3" target="G3"/>
  <move id="100" source="A4" target="B4"/>
  <move id="101" source="D4" target="E4"/>
  <move id="102" source="B4" target="C4"/>
  <move id="103" source="E4" target="E5"/>
  <move id="104" source="F5" target="F6"/>
  <move id="105" source="G3" target="H3"/>
  <move id="106" source="C4" target="D4"/>
  <move id="107" source="H3" target="I3"/>
  <move id="108" source="D4" target="D3"/>
  <move id="109" source="I3" target="I4"/>
  <move id="110" source="D3" target="D2"/>
  <move id="111" source="I4" target="I5"/>
  <move id="112" source="C3" target="D3"/>
  <move id="113" source="I5" target="I6"/>
  <move id="114" source="D3" target="D2"/>
  <move id="115" source="I6" target="I7"/>
  <move id="116" source="D2" target="D3"/>
  <move id="117" source="F4" target="F3"/>
  <move id="118" source="B9" target="B8"/>
  <move id="119" source="F3" target="G3"/>
  <move id="120" source="B8" target="B7"/>
  <move id="121" source="G3" target="H3"/>
  <move id="122" source="B7" target="B6"/>
  <move id="123" source="I7" target="K7"/>
  <move id="124" source="B6" target="B5"/>
  <move id="125" source="H4" target="I4"/>
  <move id="126" source="B5" target="B4"/>
  <move id="127" source="I4" target="I5"/>
  <move id="128" source="B4" target="B3"/>
  <move id="129" source="I5" target="I6"/>
  <move id="130" source="B3" target="B2"/>
  <move id="131" source="B1" target="B2"/>
  <move id="132" source="D3" target="C3"/>
  <move id="133" source="I6" target="I7"/>
  <move id="134" source="B2" target="A2"/>
  <move id="135" source="I7" target="H7"/>
  <move id="136" source="B:" target="B9"/>
  <move id="137" source="K6" target="I6"/>
  <move id="138" source="B9" target="B8"/>
  <move id="139" source="I6" target="I7"/>
  <move id="140" source="B8" target="B7"/>
  <move id="141" source="I7" target="I8"/>
  <move id="142" source="B7" target="B6"/>
  <move id="143" source="K7" target="K8"/>
  <move id="144" source="B6" target="A6"/>
  <move id="145" source="I8" target="I9"/>
  <move id="146" source="A6" target="A5"/>
  <move id="147" source="H3" target="H4"/>
  <move id="148" source="A5" target="A4"/>
  <move id="149" source="I2" target="I3"/>
  <move id="150" source="A4" target="A3"/>
  <move id="151" source="I3" target="I4"/>
  <move id="152" source="C3" target="B3"/>
  <move id="153" source="A3" target="A4"/>
  <move id="154" source="B3" target="B4"/>
  <move id="155" source="A4" target="A5"/>
  <move id="156" source="B4" target="B5"/>
  <move id="157" source="A5" target="A6"/>
  <move id="158" source="B5" target="B6"/>
  <move id="159" source="A6" target="A7"/>
  <move id="160" source="B6" target="B7"/>
  <move id="161" source="A7" target="A8"/>
  <move id="162" source="B7" target="B8"/>
  <move id="163" source="A8" target="A7"/>
  <move id="164" source="B8" target="B7"/>
  <move id="165" source="A7" target="A6"/>
  <move id="166" source="B7" target="A7"/>
  <move id="167" source="A6" target="B6"/>
  <move id="168" source="A7" target="A6"/>
  <move id="169" source="B6" target="B7"/>
  <move id="170" source="A6" target="A5"/>
  <move id="171" source="G4" target="F4"/>
  <move id="172" source="A5" target="B5"/>
  <move id="173" source="B7" target="A7"/>
  <move id="174" source="B5" target="B4"/>
  <move id="175" source="F4" target="E4"/>
  <move id="176" source="B4" target="C4"/>
  <move id="177" source="I4" target="I3"/>
  <move id="178" source="K9" target="K8"/>
  <move id="179" source="K8" target="K9"/>
  <move id="180" source="D:" target="D9"/>
  <move id="181" source="K9" target="K:"/>
  <move id="182" source="D9" target="E9"/>
  <move id="183" source="I3" target="H3"/>
  <move id="184" source="E9" target="E8"/>
  <move id="185" source="H3" target="G3"/>
  <move id="186" source="E8" target="E7"/>
  <move id="187" source="G3" target="G4"/>
  <move id="188" source="E7" target="E6"/>
  <move id="189" source="G4" target="F4"/>
  <move id="190" source="C4" target="C3"/>
  <move id="191" source="F4" target="F5"/>
  <move id="192" source="C3" target="D3"/>
  <move id="193" source="F5" target="F6"/>
  <move id="194" source="E6" target="E5"/>
  <move id="195" source="E4" target="F4"/>
  <move id="196" source="D3" target="E3"/>
  <move id="197" source="E2" target="D2"/>
  <move id="198" source="E5" target="E4"/>
  <move id="199" source="H4" target="G4"/>
  <move id="200" source="E3" target="D3"/>
  <move id="201" source="D2" target="E2"/>
  <move id="202" source="D3" target="E3"/>
  <move id="203" source="E2" target="D2"/>
  <move id="204" source="E4" target="D4"/>
  <move id="205" source="A1" target="A2"/>
  <move id="206" source="D4" target="E4"/>
  <move id="207" source="A2" target="A3"/>
  <move id="208" source="E3" target="D3"/>
  <move id="209" source="D2" target="E2"/>
  <move id="210" source="D3" target="C3"/>
  <move id="211" source="A3" target="A4"/>
  <move id="212" source="C3" target="C4"/>
  <move id="213" source="A4" target="A5"/>
  <move id="214" source="C4" target="B4"/>
  <move id="215" source="F4" target="F3"/>
  <move id="216" source="E4" target="D4"/>
  <move id="217" source="F3" target="E3"/>
  <move id="218" source="D4" target="D3"/>
  <move id="219" source="E3" target="E4"/>
  <move id="220" source="B4" target="A4"/>
  <move id="221" source="A5" target="B5"/>
  <move id="222" source="A4" target="A5"/>
  <move id="223" source="B5" target="B4"/>
  <move id="224" source="A5" target="A6"/>
  <move id="225" source="A7" target="A8"/>
  <move id="226" source="A6" target="A7"/>
  <move id="227" source="A8" target="B8"/>
  <move id="228" source="A7" target="B7"/>
  <move id="229" source="B8" target="C8"/>
  <move id="230" source="B7" target="B8"/>
  <move id="231" source="C8" target="D8"/>
  <move id="232" source="B8" target="B7"/>
  <move id="233" source="I1" target="I2"/>
  <move id="234" source="B7" target="B6"/>
  <move id="235" source="I2" target="I3"/>
  <move id="236" source="B6" target="B5"/>
  <move id="237" source="B4" target="C4"/>
  <move id="238" source="B5" target="B4"/>
  <move id="239" source="C4" target="C3"/>
  <move id="240" source="D3" target="D4"/>
  <move id="241" source="E4" target="E5"/>
  <move id="242" source="B4" target="B3"/>
  <move id="243" source="C3" target="C4"/>
  <move id="244" source="D4" target="D3"/>
  <move id="245" source="E5" target="E6"/>
  <move id="246" source="B3" target="B4"/>
  <move id="247" source="C4" target="C3"/>
  <move id="248" source="D3" target="D4"/>
  <move id="249" source="F6" target="F7"/>
  <move id="250" source="D4" target="E4"/>
  <move id="251" source="E6" target="E7"/>
  <move id="252" source="B4" target="C4"/>
  <move id="253" source="C3" target="D3"/>
  <move id="254" source="C4" target="D4"/>
  <move id="255" source="D3" target="E3"/>
  <move id="256" source="E4" target="E5"/>
  <move id="257" source="E3" target="F3"/>
  <move id="258" source="D4" target="E4"/>
  <move id="259" source="E2" target="D2"/>
  <move id="260" source="E4" target="E3"/>
  <move id="261" source="F3" target="F4"/>
  <move id="262" source="E3" target="F3"/>
  <move id="263" source="F4" target="E4"/>
  <move id="264" source="E5" target="F5"/>
  <move id="265" source="E7" target="D7"/>
  <move id="266" source="F3" target="E3"/>
  <move id="267" source="E4" target="F4"/>
  <move id="268" source="F5" target="E5"/>
  <move id="269" source="F7" target="E7"/>
  <move id="270" source="E3" target="E4"/>
  <move id="271" source="F4" target="F3"/>
  <move id="272" source="E4" target="D4"/>
  <move id="273" source="D2" target="E2"/>
  <move id="274" source="D4" target="D3"/>
  <move id="275" source="F3" target="F4"/>
  <move id="276" source="D3" target="D2"/>
  <move id="277" source="E2" target="E3"/>
  <move id="278" source="D2" target="E2"/>
  <move id="279" source="E3" target="D3"/>
  <move id="280" source="E2" target="E3"/>
  <move id="281" source="D3" target="D2"/>
  <move id="282" source="E5" target="E4"/>
  <move id="283" source="E7" target="D7"/>
  <move id="284" source="E4" target="D4"/>
  <move id="285" source="D7" target="E7"/>
  <move id="286" source="D4" target="C4"/>
  <move id="287" source="E7" target="E8"/>
  <move id="288" source="C4" target="C3"/>
  <move id="289" source="F4" target="F5"/>
  <move id="290" source="C3" target="B3"/>
  <move id="291" source="F5" target="F6"/>
  <move id="292" source="E3" target="D3"/>
  <move id="293" source="D2" target="E2"/>
  <move id="294" source="D3" target="C3"/>
  <move id="295" source="G4" target="F4"/>
  <move id="296" source="B3" target="B2"/>
  <move id="297" source="F4" target="E4"/>
  <move id="298" source="B2" target="B1"/>
  <move id="299" source="E4" target="D4"/>
  <move id="300" source="B1" target="C1"/>
  <move id="301" source="D1" target="C1"/>
  <move id="302" source="C:" target="B:"/>
  <move id="303" source="F6" target="F7"/>
  <move id="304" source="B:" target="B9"/>
  <move id="305" source="E8" target="F8"/>
  <move id="306" source="F9" target="E9"/>
  <move id="307" source="F7" target="G7"/>
  <move id="308" source="B9" target="A9"/>
  <move id="309" source="G7" target="G8"/>
  <move id="310" source="E9" target="D9"/>
  <move id="311" source="G8" target="H8"/>
  <move id="312" source="A9" target="A8"/>
  <move id="313" source="F8" target="G8"/>
  <move id="314" source="A8" target="A7"/>
  <move id="315" source="H8" target="I8"/>
  <move id="316" source="A7" target="A6"/>
  <move id="317" source="I8" target="I9"/>
  <move id="318" source="I:" target="I9"/>
  <move id="319" source="I3" target="I4"/>
  <move id="320" source="A6" target="A5"/>
  <move id="321" source="I4" target="I5"/>
  <move id="322" source="A5" target="A4"/>
  <move id="323" source="I5" target="I6"/>
  <move id="324" source="A4" target="B4"/>
  <move id="325" source="I6" target="I7"/>
  <move id="326" source="B4" target="C4"/>
  <move id="327" source="I7" target="I8"/>
  <move id="328" source="C4" target="D4"/>
  <move id="329" source="K:" target="K9"/>
  <move id="330" source="D9" target="E9"/>
  <move id="331" source="G8" target="F8"/>
  <move id="332" source="A:" target="A9"/>
  <move id="333" source="K5" target="K6"/>
  <move id="334" source="A9" target="A8"/>
  <move id="335" source="K6" target="K7"/>
  <move id="336" source="A8" target="A7"/>
  <move id="337" source="K7" target="K8"/>
  <move id="338" source="A7" target="A6"/>
  <move id="339" source="I8" target="H8"/>
  <move id="340" source="A6" target="A5"/>
  <move id="341" source="K8" target="I8"/>
  <move id="342" source="A5" target="A4"/>
  <move id="343" source="I8" target="I9"/>
  <move id="344" source="A4" target="A3"/>
  <move id="345" source="H8" target="H9"/>
  <move id="346" source="A3" target="A2"/>
  <move id="347" source="I9" target="I8"/>
  <move id="348" source="A2" target="B2"/>
  <move id="349" source="I8" target="H8"/>
  <move id="350" source="B2" target="B1"/>
  <move id="351" source="H8" target="G8"/>
  <move id="352" source="E9" target="D9"/>
  <move id="353" source="G8" target="G9"/>
  <move id="354" source="B1" target="C1"/>
  <move id="355" source="E2" target="D2"/>
  <move id="356" source="C3" target="D3"/>
  <move id="357" source="D2" target="D1"/>
  <move id="358" source="D3" target="D4"/>
  <move id="359" source="D1" target="C1"/>
  <move id="360" source="D4" target="D3"/>
  <move id="361" source="F8" target="F9"/>
  <move id="362" source="D9" target="D:"/>
  <move id="363" source="C1" target="B1"/>
  <move id="364" source="D3" target="C3"/>
  <move id="365" source="B1" target="A1"/>
  <move id="366" source="D:" target="C:"/>
  <move id="367" source="A1" target="A2"/>
  <move id="368" source="C3" target="B3"/>
  <move id="369" source="K1" target="I1"/>
  <move id="370" source="C:" target="B:"/>
  <move id="371" source="I1" target="I2"/>
  <move id="372" source="B:" target="B9"/>
  <move id="373" source="I2" target="I3"/>
  <move id="374" source="B9" target="B8"/>
  <move id="375" source="I3" target="H3"/>
  <move id="376" source="B8" target="B7"/>
  <move id="377" source="H3" target="H4"/>
  <move id="378" source="B7" target="B6"/>
  <move id="379" source="H4" target="G4"/>
  <move id="380" source="B6" target="B5"/>
  <move id="381" source="G4" target="F4"/>
  <move id="382" source="B5" target="B4"/>
  <move id="383" source="F4" target="F5"/>
  <move id="384" source="B4" target="C4"/>
  <move id="385" source="F5" target="F6"/>
  <move id="386" source="C4" target="D4"/>
  <move id="387" source="F6" target="F7"/>
  <move id="388" source="D4" target="E4"/>
  <move id="389" source="F7" target="F8"/>
  <move id="390" source="E4" target="F4"/>
  <move id="391" source="F8" target="G8"/>
  <move id="392" source="F4" target="F3"/>
  <move id="393" source="G8" target="G9"/>
  <move id="394" source="F3" target="G3"/>
  <move id="395" source="K4" target="K5"/>
  <move id="396" source="G3" target="H3"/>
  <move id="397" source="G9" target="G:"/>
  <player id="1">Player 1</player>
  <player id="2">Player 2</player>
  <result type="1" winner="1"/>
 </game>
</stratego>