<?xml version="1.0" encoding="UTF-8"?>
<stratego>
 <game type="classic">
  
  <field content="GEEBMBFEBELFIHBGHIJEDDCBFJDDDHIKDDHBFGDGAA__AA__AAAA__AA__AASSPOURUPNNPPSSWXRURRTTVNQPVTTNPQNYNQQQPP"/>
  <move id="1" source="A4" target="A5"/>
  <move id="2" source="E7" target="E6"/>
  <move id="3" source="A5" target="B5"/>
  <move id="4" source="E6" target="E5"/>
  <move id="5" source="A3" target="A4"/>
  <move id="6" source="E8" target="E7"/>
  <move id="7" source="A4" target="A5"/>
  <move id="8" source="E7" target="E6"/>
  <move id="9" source="B5" target="B6"/>
  <move id="10" source="F7" target="F6"/>
  <move id="11" source="B3" target="A3"/>
  <move id="12" source="F6" target="F5"/>
  <move id="13" source="A3" target="A4"/>
  <move id="14" source="F8" target="F7"/>
  <move id="15" source="A5" target="B5"/>
  <move id="16" source="F7" target="F6"/>
  <move id="17" source="A4" target="A5"/>
  <move id="18" source="F5" target="F4"/>
  <move id="19" source="A5" target="A6"/>
  <move id="20" source="F6" target="F7"/>
  <move id="21" source="A6" target="A7"/>
  <move id="22" source="F7" target="E7"/>
  <move id="23" source="B6" target="A6"/>
  <move id="24" source="E9" target="E8"/>
  <move id="25" source="B5" target="B6"/>
  <move id="26" source="E8" target="F8"/>
  <move id="27" source="A6" target="A7"/>
  <move id="28" source="F8" target="F7"/>
  <move id="29" source="B6" target="B7"/>
  <move id="30" source="F7" target="F6"/>
  <move id="31" source="A7" target="B7"/>
  <move id="32" source="F6" target="F5"/>
  <move id="33" source="B7" target="A7"/>
  <move id="34" source="F5" target="F4"/>
  <move id="35" source="G4" target="F4"/>
  <move id="36" source="E5" target="F5"/>
  <move id="37" source="F4" target="G4"/>
  <move id="38" source="F5" target="E5"/>
  <move id="39" source="B4" target="B3"/>
  <move id="40" source="E5" target="E4"/>
  <move id="41" source="C4" target="B4"/>
  <move id="42" source="E6" target="E5"/>
  <move id="43" source="C3" target="C4"/>
  <move id="44" source="E7" target="F7"/>
  <move id="45" source="F3" target="F4"/>
  <move id="46" source="F7" target="F6"/>
  <move id="47" source="E3" target="F3"/>
  <move id="48" source="F6" target="F5"/>
  <move id="49" source="F4" target="E4"/>
  <move id="50" source="E5" target="E4"/>
  <move id="51" source="B4" target="B8"/>
  <move id="52" source="D7" target="E7"/>
  <move id="53" source="B3" target="B4"/>
  <move id="54" source="E7" target="E6"/>
  <move id="55" source="B4" target="B5"/>
  <move id="56" source="E6" target="E5"/>
  <move id="57" source="B5" target="B6"/>
  <move id="58" source="C7" target="F7"/>
  <move id="59" source="B6" target="B7"/>
  <move id="60" source="F5" target="F6"/>
  <move id="61" source="C4" target="B4"/>
  <move id="62" source="F7" target="B7"/>
  <move id="63" source="B4" target="B5"/>
  <move id="64" source="F6" target="E6"/>
  <move id="65" source="B5" target="B6"/>
  <move id="66" source="E6" target="E7"/>
  <move id="67" source="B7" target="B8"/>
  <move id="68" source="E7" target="D7"/>
  <move id="69" source="A7" target="A6"/>
  <move id="70" source="D7" target="C7"/>
  <move id="71" source="A6" target="A5"/>
  <move id="72" source="G7" target="F7"/>
  <move id="73" source="A2" target="A3"/>
  <move id="74" source="F7" target="F6"/>
  <move id="75" source="D4" target="A4"/>
  <move id="76" source="F6" target="E6"/>
  <move id="77" source="A3" target="B3"/>
  <move id="78" source="F9" target="F3"/>
  <move id="79" source="B3" target="C3"/>
  <move id="80" source="E6" target="F6"/>
  <move id="81" source="C3" target="C4"/>
  <move id="82" source="F6" target="F5"/>
  <move id="83" source="C4" target="D4"/>
  <move id="84" source="F5" target="F4"/>
  <move id="85" source="D4" target="E4"/>
  <move id="86" source="E5" target="E4"/>
  <move id="87" source="F3" target="E3"/>
  <move id="88" source="F4" target="G4"/>
  <move id="89" source="E3" target="E4"/>
  <move id="90" source="G4" target="F4"/>
  <move id="91" source="E4" target="E5"/>
  <move id="92" source="F4" target="F5"/>
  <move id="93" source="E5" target="E6"/>
  <move id="94" source="F5" target="F6"/>
  <move id="95" source="E6" target="E7"/>
  <move id="96" source="F6" target="F7"/>
  <move id="97" source="E7" target="E8"/>
  <move id="98" source="D8" target="E8"/>
  <move id="99" source="G3" target="G4"/>
  <move id="100" source="C8" target="D8"/>
  <move id="101" source="G4" target="F4"/>
  <move id="102" source="E8" target="E9"/>
  <move id="103" source="F4" target="F5"/>
  <move id="104" source="G9" target="F9"/>
  <move id="105" source="F5" target="F6"/>
  <move id="106" source="F7" target="E7"/>
  <move id="107" source="F6" target="E6"/>
  <move id="108" source="E7" target="D7"/>
  <move id="109" source="E6" target="E7"/>
  <move id="110" source="F9" target="F8"/>
  <move id="111" source="A5" target="B5"/>
  <move id="112" source="A8" target="A6"/>
  <move id="113" source="A4" target="A6"/>
  <move id="114" source="E9" target="F9"/>
  <move id="115" source="B2" target="B3"/>
  <move id="116" source="D8" target="E8"/>
  <move id="117" source="E7" target="E6"/>
  <move id="118" source="E8" target="E9"/>
  <move id="119" source="B3" target="C3"/>
  <move id="120" source="F8" target="F7"/>
  <move id="121" source="B1" target="B2"/>
  <move id="122" source="F7" target="E7"/>
  <move id="123" source="E6" target="E5"/>
  <move id="124" source="E7" target="E6"/>
  <move id="125" source="E5" target="F5"/>
  <move id="126" source="E6" target="E5"/>
  <move id="127" source="F5" target="F6"/>
  <move id="128" source="E5" target="E4"/>
  <move id="129" source="B5" target="A5"/>
  <move id="130" source="E4" target="D4"/>
  <move id="131" source="A5" target="A6"/>
  <move id="132" source="D4" target="C4"/>
  <move id="133" source="A6" target="A7"/>
  <move id="134" source="C4" target="B4"/>
  <move id="135" source="A7" target="A8"/>
  <move id="136" source="B4" target="B5"/>
  <move id="137" source="B6" target="A6"/>
  <move id="138" source="B5" target="B6"/>
  <move id="139" source="A6" target="A5"/>
  <move id="140" source="B6" target="A6"/>
  <move id="141" source="A5" target="B5"/>
  <move id="142" source="C7" target="C8"/>
  <move id="143" source="B8" target="B7"/>
  <move id="144" source="C8" target="B8"/>
  <move id="145" source="B7" target="C7"/>
  <move id="146" source="B8" target="A8"/>
  <move id="147" source="C7" target="D7"/>
  <move id="148" source="A8" target="B8"/>
  <move id="149" source="D7" target="E7"/>
  <move id="150" source="B8" target="C8"/>
  <move id="151" source="E7" target="E8"/>
  <move id="152" source="B9" target="B8"/>
  <move id="153" source="E8" target="E9"/>
  <move id="154" source="H7" target="B7"/>
  <move id="155" source="E9" target="F9"/>
  <move id="156" source="B7" target="B5"/>
  <move id="157" source="F9" target="G9"/>
  <move id="158" source="C8" target="D8"/>
  <move id="159" source="G9" target="H9"/>
  <move id="160" source="H8" target="H7"/>
  <move id="161" source="H9" target="I9"/>
  <move id="162" source="H7" target="G7"/>
  <move id="163" source="I9" target="K9"/>
  <move id="164" source="D8" target="E8"/>
  <move id="165" source="F6" target="F:"/>
  <move id="166" source="A6" target="A5"/>
  <move id="167" source="C3" target="C4"/>
  <move id="168" source="A5" target="A4"/>
  <move id="169" source="C4" target="D4"/>
  <move id="170" source="E8" target="E7"/>
  <move id="171" source="D4" target="E4"/>
  <move id="172" source="E7" target="E6"/>
  <move id="173" source="E4" target="F4"/>
  <move id="174" source="A4" target="A3"/>
  <move id="175" source="I4" target="I7"/>
  <move id="176" source="C9" target="C8"/>
  <move id="177" source="I3" target="I4"/>
  <move id="178" source="G8" target="G9"/>
  <move id="179" source="I4" target="I5"/>
  <move id="180" source="C8" target="D8"/>
  <move id="181" source="I5" target="K5"/>
  <move id="182" source="D8" target="E8"/>
  <move id="183" source="I2" target="I3"/>
  <move id="184" source="E8" target="F8"/>
  <move id="185" source="I3" target="I4"/>
  <move id="186" source="F8" target="G8"/>
  <move id="187" source="I4" target="I5"/>
  <move id="188" source="G8" target="H8"/>
  <move id="189" source="I5" target="I6"/>
  <move id="190" source="H8" target="H7"/>
  <move id="191" source="K5" target="I5"/>
  <move id="192" source="H7" target="H8"/>
  <move id="193" source="I5" target="K5"/>
  <move id="194" source="G7" target="H7"/>
  <move id="195" source="K5" target="K7"/>
  <move id="196" source="I8" target="I9"/>
  <move id="197" source="K2" target="I2"/>
  <move id="198" source="H8" target="I8"/>
  <move id="199" source="I2" target="I3"/>
  <move id="200" source="H7" target="G7"/>
  <move id="201" source="I3" target="I4"/>
  <move id="202" source="E6" target="E5"/>
  <move id="203" source="I4" target="I5"/>
  <move id="204" source="E5" target="F5"/>
  <move id="205" source="F4" target="E4"/>
  <move id="206" source="A3" target="A4"/>
  <move id="207" source="I5" target="K5"/>
  <move id="208" source="A4" target="B4"/>
  <move id="209" source="K5" target="K6"/>
  <move id="210" source="F5" target="F4"/>
  <move id="211" source="E4" target="E5"/>
  <move id="212" source="F4" target="F5"/>
  <move id="213" source="E5" target="E6"/>
  <move id="214" source="F5" target="F6"/>
  <move id="215" source="E6" target="E7"/>
  <move id="216" source="F6" target="F7"/>
  <move id="217" source="E7" target="E8"/>
  <move id="218" source="F7" target="F8"/>
  <move id="219" source="E8" target="D8"/>
  <move id="220" source="F8" target="E8"/>
  <move id="221" source="D8" target="D9"/>
  <move id="222" source="B4" target="B3"/>
  <move id="223" source="B2" target="A2"/>
  <move id="224" source="B3" target="A3"/>
  <move id="225" source="A2" target="B2"/>
  <move id="226" source="E8" target="E7"/>
  <move id="227" source="H2" target="I2"/>
  <move id="228" source="B5" target="B2"/>
  <move id="229" source="I2" target="I3"/>
  <move id="230" source="B8" target="B7"/>
  <move id="231" source="I3" target="I4"/>
  <move id="232" source="B7" target="B6"/>
  <move id="233" source="I4" target="I5"/>
  <move id="234" source="B6" target="B5"/>
  <move id="235" source="I5" target="K5"/>
  <move id="236" source="B5" target="B4"/>
  <move id="237" source="K1" target="K2"/>
  <move id="238" source="B4" target="B3"/>
  <move id="239" source="B2" target="B1"/>
  <move id="240" source="B3" target="B2"/>
  <move id="241" source="C2" target="B2"/>
  <move id="242" source="E7" target="E6"/>
  <move id="243" source="K2" target="I2"/>
  <move id="244" source="E6" target="E5"/>
  <move id="245" source="I2" target="I3"/>
  <move id="246" source="E5" target="E4"/>
  <move id="247" source="I3" target="I4"/>
  <move id="248" source="E4" target="D4"/>
  <move id="249" source="F2" target="F3"/>
  <move id="250" source="D4" target="C4"/>
  <move id="251" source="F3" target="F4"/>
  <move id="252" source="C4" target="C3"/>
  <move id="253" source="F4" target="F5"/>
  <move id="254" source="G7" target="F7"/>
  <move id="255" source="I4" target="I5"/>
  <move id="256" source="A3" target="A2"/>
  <move id="257" source="K6" target="K7"/>
  <move id="258" source="K8" target="K7"/>
  <move id="259" source="I6" target="K6"/>
  <move id="260" source="A2" target="B2"/>
  <move id="261" source="K6" target="K7"/>
  <move id="262" source="B2" target="B1"/>
  <move id="263" source="K7" target="K8"/>
  <move id="264" source="C3" target="C4"/>
  <move id="265" source="K8" target="I8"/>
  <move id="266" source="C4" target="D4"/>
  <move id="267" source="K5" target="K6"/>
  <move id="268" source="D4" target="E4"/>
  <move id="269" source="K6" target="K7"/>
  <move id="270" source="E4" target="E5"/>
  <move id="271" source="K7" target="K8"/>
  <move id="272" source="E5" target="F5"/>
  <move id="273" source="I5" target="I6"/>
  <move id="274" source="F7" target="G7"/>
  <move id="275" source="I6" target="K6"/>
  <move id="276" source="F5" target="F6"/>
  <move id="277" source="K6" target="K7"/>
  <move id="278" source="F6" target="F7"/>
  <move id="279" source="K8" target="I8"/>
  <move id="280" source="F7" target="F8"/>
  <move id="281" source="K7" target="K8"/>
  <move id="282" source="G7" target="H7"/>
  <move id="283" source="I8" target="I9"/>
  <move id="284" source="H7" target="H8"/>
  <move id="285" source="K8" target="K9"/>
  <move id="286" source="H8" target="H9"/>
  <move id="287" source="I9" target="I:"/>
  <move id="288" source="F8" target="G8"/>
  <move id="289" source="K9" target="K:"/>
  <move id="290" source="G8" target="H8"/>
  <move id="291" source="I:" target="I9"/>
  <move id="292" source="H8" target="I8"/>
  <move id="293" source="I9" target="H9"/>
  <move id="294" source="I8" target="I9"/>
  <move id="295" source="C1" target="C2"/>
  <move id="296" source="B1" target="B2"/>
  <move id="297" source="C2" target="C3"/>
  <move id="298" source="B2" target="B3"/>
  <move id="299" source="C3" target="C4"/>
  <move id="300" source="B3" target="B4"/>
  <move id="301" source="C4" target="D4"/>
  <move id="302" source="G9" target="H9"/>
  <move id="303" source="D4" target="E4"/>
  <move id="304" source="I9" target="I8"/>
  <move id="305" source="E4" target="E5"/>
  <move id="306" source="I8" target="H8"/>
  <move id="307" source="E5" target="E6"/>
  <move id="308" source="H8" target="G8"/>
  <move id="309" source="E6" target="E7"/>
  <move id="310" source="G8" target="F8"/>
  <move id="311" source="E7" target="D7"/>
  <move id="312" source="F8" target="E8"/>
  <move id="313" source="D7" target="C7"/>
  <move id="314" source="E8" target="D8"/>
  <move id="315" source="C7" target="B7"/>
  <move id="316" source="D8" target="C8"/>
  <move id="317" source="K:" target="I:"/>
  <move id="318" source="B4" target="B5"/>
  <move id="319" source="K3" target="I3"/>
  <move id="320" source="B5" target="B6"/>
  <move id="321" source="B7" target="A7"/>
  <move id="322" source="A9" target="A8"/>
  <move id="323" source="I3" target="I4"/>
  <move id="324" source="A8" target="A7"/>
  <move id="325" source="I4" target="I5"/>
  <move id="326" source="C8" target="D8"/>
  <move id="327" source="I5" target="I6"/>
  <move id="328" source="D8" target="E8"/>
  <move id="329" source="I6" target="I7"/>
  <move id="330" source="H:" target="I:"/>
  <move id="331" source="K4" target="K5"/>
  <move id="332" source="B6" target="B7"/>
  <move id="333" source="K5" target="K6"/>
  <move id="334" source="B7" target="B8"/>
  <move id="335" source="K6" target="K7"/>
  <move id="336" source="B8" target="C8"/>
  <move id="337" source="K7" target="K8"/>
  <move id="338" source="E8" target="F8"/>
  <move id="339" source="K8" target="K9"/>
  <move id="340" source="F8" target="G8"/>
  <move id="341" source="K9" target="I9"/>
  <move id="342" source="G8" target="G9"/>
  <move id="343" source="I9" target="I:"/>
  <move id="344" source="H9" target="H8"/>
  <move id="345" source="I:" target="H:"/>
  <move id="346" source="H8" target="G8"/>
  <move id="347" source="H3" target="G3"/>
  <move id="348" source="G8" target="F8"/>
  <move id="349" source="G3" target="F3"/>
  <move id="350" source="C8" target="D8"/>
  <move id="351" source="F3" target="F4"/>
  <move id="352" source="D8" target="D7"/>
  <move id="353" source="H:" target="G:"/>
  <move id="354" source="G9" target="G:"/>
  <move id="355" source="D2" target="C2"/>
  <move id="356" source="A7" target="A8"/>
  <move id="357" source="C2" target="C3"/>
  <move id="358" source="A8" target="A9"/>
  <move id="359" source="C3" target="C4"/>
  <move id="360" source="A9" target="B9"/>
  <move id="361" source="C4" target="B4"/>
  <move id="362" source="G:" target="G9"/>
  <move id="363" source="B4" target="B5"/>
  <move id="364" source="D7" target="C7"/>
  <move id="365" source="B5" target="A5"/>
  <move id="366" source="C7" target="B7"/>
  <move id="367" source="F4" target="F5"/>
  <move id="368" source="G9" target="G8"/>
  <move id="369" source="F5" target="F6"/>
  <move id="370" source="F8" target="F9"/>
  <move id="371" source="F6" target="F7"/>
  <move id="372" source="G8" target="F8"/>
  <move id="373" source="F7" target="G7"/>
  <move id="374" source="F9" target="E9"/>
  <move id="375" source="H4" target="I4"/>
  <move id="376" source="B7" target="B6"/>
  <move id="377" source="I4" target="I5"/>
  <move id="378" source="B6" target="A6"/>
  <move id="379" source="A5" target="B5"/>
  <move id="380" source="F8" target="G8"/>
  <move id="381" source="G7" target="F7"/>
  <move id="382" source="G8" target="F8"/>
  <move id="383" source="F7" target="E7"/>
  <move id="384" source="F8" target="E8"/>
  <move id="385" source="E7" target="F7"/>
  <move id="386" source="B9" target="B8"/>
  <move id="387" source="I5" target="I6"/>
  <move id="388" source="B8" target="B7"/>
  <move id="389" source="I6" target="K6"/>
  <move id="390" source="B7" target="B6"/>
  <move id="391" source="K6" target="K7"/>
  <move id="392" source="B6" target="B5"/>
  <move id="393" source="K7" target="K8"/>
  <move id="394" source="E8" target="F8"/>
  <move id="395" source="F7" target="F6"/>
  <move id="396" source="A6" target="A7"/>
  <move id="397" source="K8" target="K9"/>
  <move id="398" source="A7" target="B7"/>
  <move id="399" source="K9" target="K:"/>
  <move id="400" source="E9" target="F9"/>
  <move id="401" source="K:" target="I:"/>
  <move id="402" source="F9" target="G9"/>
  <move id="403" source="I:" target="H:"/>
  <move id="404" source="B7" target="C7"/>
  <move id="405" source="H:" target="G:"/>
  <move id="406" source="G9" target="G:"/>
  <move id="407" source="G:" target="F:"/>
  <move id="408" source="C7" target="D7"/>
  <move id="409" source="F:" target="G:"/>
  <move id="410" source="F8" target="F7"/>
  <move id="411" source="F6" target="F5"/>
  <move id="412" source="F7" target="F6"/>
  <move id="413" source="F5" target="F4"/>
  <move id="414" source="F6" target="F5"/>
  <move id="415" source="F4" target="G4"/>
  <move id="416" source="F5" target="F4"/>
  <move id="417" source="G4" target="H4"/>
  <move id="418" source="D7" target="E7"/>
  <move id="419" source="H4" target="I4"/>
  <move id="420" source="E7" target="F7"/>
  <move id="421" source="A1" target="A2"/>
  <move id="422" source="F7" target="F8"/>
  <move id="423" source="A2" target="A3"/>
  <move id="424" source="F4" target="E4"/>
  <move id="425" source="A3" target="A4"/>
  <move id="426" source="F8" target="E8"/>
  <move id="427" source="A4" target="A5"/>
  <move id="428" source="E8" target="D8"/>
  <move id="429" source="A5" target="A6"/>
  <move id="430" source="D8" target="C8"/>
  <move id="431" source="A6" target="A7"/>
  <move id="432" source="C8" target="B8"/>
  <move id="433" source="I4" target="K4"/>
  <move id="434" source="E4" target="D4"/>
  <move id="435" source="H1" target="H2"/>
  <move id="436" source="D4" target="C4"/>
  <move id="437" source="H2" target="H3"/>
  <move id="438" source="C4" target="B4"/>
  <move id="439" source="H3" target="H4"/>
  <move id="440" source="B4" target="A4"/>
  <move id="441" source="H4" target="G4"/>
  <move id="442" source="A4" target="A5"/>
  <move id="443" source="G4" target="F4"/>
  <move id="444" source="A5" target="A6"/>
  <move id="445" source="F4" target="F5"/>
  <move id="446" source="A6" target="A7"/>
  <move id="447" source="F5" target="F6"/>
  <move id="448" source="B8" target="C8"/>
  <move id="449" source="F6" target="F7"/>
  <move id="450" source="C8" target="D8"/>
  <move id="451" source="F7" target="F8"/>
  <move id="452" source="D8" target="E8"/>
  <move id="453" source="F8" target="F9"/>
  <move id="454" source="E8" target="E9"/>
  <move id="455" source="F9" target="F:"/>
  <move id="456" source="A7" target="B7"/>
  <move id="457" source="F:" target="E:"/>
  <move id="458" source="E9" target="E:"/>
  <move id="459" source="G:" target="G9"/>
  <move id="460" source="B7" target="C7"/>
  <move id="461" source="G9" target="G8"/>
  <move id="462" source="C7" target="D7"/>
  <move id="463" source="G8" target="H8"/>
  <move id="464" source="D7" target="E7"/>
  <move id="465" source="H8" target="I8"/>
  <move id="466" source="E7" target="F7"/>
  <move id="467" source="I8" target="K8"/>
  <move id="468" source="F7" target="F6"/>
  <move id="469" source="K8" target="I8"/>
  <move id="470" source="F6" target="F5"/>
  <move id="471" source="I8" target="H8"/>
  <move id="472" source="F5" target="F6"/>
  <move id="473" source="H8" target="G8"/>
  <move id="474" source="E:" target="E9"/>
  <move id="475" source="K4" target="K:"/>
  <move id="476" source="E9" target="E:"/>
  <move id="477" source="G8" target="F8"/>
  <move id="478" source="F6" target="F7"/>
  <move id="479" source="F8" target="E8"/>
  <move id="480" source="F7" target="E7"/>
  <move id="481" source="E8" target="D8"/>
  <move id="482" source="A:" target="A9"/>
  <move id="483" source="D8" target="C8"/>
  <move id="484" source="A9" target="A8"/>
  <move id="485" source="C8" target="B8"/>
  <move id="486" source="A8" target="A7"/>
  <move id="487" source="B8" target="B7"/>
  <move id="488" source="A7" target="A6"/>
  <move id="489" source="B7" target="B6"/>
  <move id="490" source="A6" target="A5"/>
  <move id="491" source="B6" target="B5"/>
  <move id="492" source="A5" target="A4"/>
  <move id="493" source="B5" target="B4"/>
  <move id="494" source="A4" target="A3"/>
  <move id="495" source="B4" target="B3"/>
  <move id="496" source="A3" target="A2"/>
  <move id="497" source="B3" target="B2"/>
  <move id="498" source="A2" target="A1"/>
  <move id="499" source="G2" target="G3"/>
  <move id="500" source="E7" target="D7"/>
  <move id="501" source="G3" target="G4"/>
  <move id="502" source="D7" target="C7"/>
  <move id="503" source="G4" target="F4"/>
  <move id="504" source="C7" target="B7"/>
  <move id="505" source="F4" target="F5"/>
  <move id="506" source="A1" target="A8"/>
  <move id="507" source="F5" target="F6"/>
  <move id="508" source="A8" target="K8"/>
  <move id="509" source="K:" target="H:"/>
  <move id="510" source="K8" target="K:"/>
  <move id="511" source="H:" target="H8"/>
  <move id="512" source="B7" target="C7"/>
  <move id="513" source="F6" target="E6"/>
  <move id="514" source="E:" target="E9"/>
  <move id="515" source="E6" target="E5"/>
  <move id="516" source="E9" target="E8"/>
  <move id="517" source="E5" target="E4"/>
  <move id="518" source="E8" target="F8"/>
  <move id="519" source="E4" target="D4"/>
  <move id="520" source="C7" target="B7"/>
  <move id="521" source="D4" target="E4"/>
  <move id="522" source="F8" target="F7"/>
  <move id="523" source="E4" target="E5"/>
  <move id="524" source="F7" target="F6"/>
  <move id="525" source="H8" target="G8"/>
  <move id="526" source="B:" target="B9"/>
  <move id="527" source="G1" target="G2"/>
  <move id="528" source="B9" target="C9"/>
  <move id="529" source="G2" target="G3"/>
  <move id="530" source="C9" target="C8"/>
  <move id="531" source="G3" target="H3"/>
  <move id="532" source="C8" target="D8"/>
  <move id="533" source="H3" target="H4"/>
  <move id="534" source="D8" target="E8"/>
  <move id="535" source="H4" target="I4"/>
  <move id="536" source="E8" target="F8"/>
  <move id="537" source="I4" target="I5"/>
  <move id="538" source="F8" target="G8"/>
  <move id="539" source="I5" target="I6"/>
  <move id="540" source="F6" target="F7"/>
  <move id="541" source="I6" target="K6"/>
  <move id="542" source="F7" target="F8"/>
  <move id="543" source="K6" target="K7"/>
  <move id="544" source="K:" target="E:"/>
  <move id="545" source="K7" target="K8"/>
  <move id="546" source="F8" target="F9"/>
  <move id="547" source="K8" target="I8"/>
  <move id="548" source="G8" target="F8"/>
  <move id="549" source="I8" target="H8"/>
  <move id="550" source="F8" target="E8"/>
  <move id="551" source="H8" target="G8"/>
  <move id="552" source="E8" target="D8"/>
  <move id="553" source="E5" target="E6"/>
  <move id="554" source="D8" target="C8"/>
  <move id="555" source="E6" target="E7"/>
  <move id="556" source="C8" target="B8"/>
  <move id="557" source="E7" target="E8"/>
  <move id="558" source="F9" target="E9"/>
  <move id="559" source="E8" target="F8"/>
  <move id="560" source="B7" target="C7"/>
  <move id="561" source="G8" target="G9"/>
  <move id="562" source="C7" target="D7"/>
  <move id="563" source="G9" target="G:"/>
  <move id="564" source="D7" target="D8"/>
  <move id="565" source="G:" target="F:"/>
  <move id="566" source="D8" target="E8"/>
  <move id="567" source="F8" target="G8"/>
  <move id="568" source="E8" target="F8"/>
  <move id="569" source="G8" target="H8"/>
  <move id="570" source="F8" target="F9"/>
  <move id="571" source="F:" target="E:"/>
  <move id="572" source="E9" target="E:"/>
  <move id="573" source="H8" target="I8"/>
  <move id="574" source="E:" target="E9"/>
  <move id="575" source="I8" target="K8"/>
  <move id="576" source="E9" target="E8"/>
  <move id="577" source="K8" target="K7"/>
  <move id="578" source="E8" target="D8"/>
  <move id="579" source="K7" target="K6"/>
  <move id="580" source="D8" target="C8"/>
  <move id="581" source="K6" target="K5"/>
  <move id="582" source="B8" target="B9"/>
  <move id="583" source="K5" target="K6"/>
  <move id="584" source="F9" target="E9"/>
  <move id="585" source="K6" target="K7"/>
  <move id="586" source="E9" target="E:"/>
  <move id="587" source="K7" target="K8"/>
  <move id="588" source="C8" target="C7"/>
  <move id="589" source="K8" target="I8"/>
  <move id="590" source="C7" target="B7"/>
  <move id="591" source="I8" target="H8"/>
  <move id="592" source="E:" target="E9"/>
  <move id="593" source="H8" target="G8"/>
  <move id="594" source="B9" target="B8"/>
  <move id="595" source="B2" target="B3"/>
  <move id="596" source="B8" target="A8"/>
  <move id="597" source="G8" target="F8"/>
  <move id="598" source="A8" target="A7"/>
  <move id="599" source="B3" target="B4"/>
  <move id="600" source="B7" target="B6"/>
  <move id="601" source="B4" target="A4"/>
  <move id="602" source="B6" target="B5"/>
  <move id="603" source="F8" target="F7"/>
  <move id="604" source="E9" target="E8"/>
  <move id="605" source="F7" target="G7"/>
  <move id="606" source="E8" target="F8"/>
  <move id="607" source="G7" target="H7"/>
  <move id="608" source="F8" target="G8"/>
  <move id="609" source="A4" target="A3"/>
  <move id="610" source="A7" target="A6"/>
  <move id="611" source="A3" target="B3"/>
  <move id="612" source="B5" target="B4"/>
  <move id="613" source="B3" target="C3"/>
  <move id="614" source="A6" target="A5"/>
  <move id="615" source="C3" target="C2"/>
  <move id="616" source="B4" target="B3"/>
  <move id="617" source="C2" target="C1"/>
  <move id="618" source="B3" target="B2"/>
  <move id="619" source="H7" target="H8"/>
  <move id="620" source="G8" target="H8"/>
  <player id="1">Player 1</player>
  <player id="2">Player 2</player>
  <result type="3" winner="2"/>
 </game>
</stratego>