<?xml version="1.0" encoding="UTF-8"?>
<stratego>
 <game type="classic">
  
  <field content="FFDDGEDDDEFGEFBGHCDEBBKBHBBMLJHGIEDDIJIHAA__AA__AAAA__AA__AARTRURPSUSTNNOWNNXVNNSUVPQTSQTRQPPPQQYPPP"/>
  <move id="1" source="E4" target="E5"/>
  <move id="2" source="I7" target="I6"/>
  <move id="3" source="E5" target="F5"/>
  <move id="4" source="I6" target="I5"/>
  <move id="5" source="F5" target="F7"/>
  <move id="6" source="I5" target="I4"/>
  <move id="7" source="B4" target="B5"/>
  <player id="1">Player 1</player>
  <player id="2">Player 2</player>
  <result type="3" winner="1"/>
 </game>
</stratego>