<?xml version="1.0" encoding="UTF-8"?>
<stratego>
 <game type="classic">
  
  <field content="EBFEBMBBFHDFIEEGBIEDHBJDKDCLDJFDGHDGIGDHAA__AA__AAAA__AA__AARSXUPSRQNTTQVQPPPUSNNSNNNWUPPQRVQYROTPPT"/>
  <move id="1" source="F4" target="F5"/>
  <move id="2" source="B7" target="B6"/>
  <move id="3" source="K4" target="K5"/>
  <move id="4" source="A7" target="A6"/>
  <move id="5" source="I4" target="I5"/>
  <move id="6" source="B6" target="B5"/>
  <move id="7" source="K5" target="K6"/>
  <move id="8" source="F7" target="F6"/>
  <move id="9" source="F5" target="F6"/>
  <move id="10" source="A6" target="A5"/>
  <move id="11" source="E4" target="F4"/>
  <move id="12" source="B5" target="B4"/>
  <move id="13" source="A4" target="A5"/>
  <move id="14" source="A8" target="A7"/>
  <move id="15" source="D4" target="E4"/>
  <move id="16" source="A7" target="A6"/>
  <move id="17" source="K6" target="K7"/>
  <move id="18" source="B8" target="B7"/>
  <move id="19" source="I5" target="K5"/>
  <move id="20" source="B7" target="B6"/>
  <move id="21" source="I3" target="I4"/>
  <move id="22" source="B6" target="B5"/>
  <move id="23" source="K5" target="K8"/>
  <move id="24" source="B5" target="A5"/>
  <move id="25" source="I4" target="K4"/>
  <move id="26" source="A5" target="A4"/>
  <move id="27" source="H4" target="I4"/>
  <move id="28" source="A4" target="A3"/>
  <move id="29" source="A3" target="A4"/>
  <move id="30" source="B4" target="B3"/>
  <move id="31" source="A4" target="B4"/>
  <move id="32" source="A6" target="A5"/>
  <move id="33" source="I4" target="I5"/>
  <move id="34" source="C8" target="B8"/>
  <move id="35" source="C4" target="D4"/>
  <move id="36" source="B8" target="B7"/>
  <move id="37" source="I5" target="I6"/>
  <move id="38" source="B7" target="B6"/>
  <move id="39" source="K4" target="K5"/>
  <move id="40" source="B6" target="B5"/>
  <move id="41" source="B4" target="C4"/>
  <move id="42" source="B5" target="B4"/>
  <move id="43" source="K5" target="K6"/>
  <move id="44" source="A5" target="A4"/>
  <move id="45" source="K6" target="K7"/>
  <move id="46" source="A4" target="A3"/>
  <move id="47" source="I6" target="I7"/>
  <move id="48" source="E7" target="E4"/>
  <move id="49" source="I2" target="I3"/>
  <move id="50" source="D7" target="E7"/>
  <move id="51" source="I3" target="I4"/>
  <move id="52" source="E7" target="E6"/>
  <move id="53" source="I4" target="I5"/>
  <move id="54" source="C7" target="D7"/>
  <move id="55" source="I5" target="I6"/>
  <move id="56" source="D7" target="E7"/>
  <move id="57" source="K2" target="I2"/>
  <move id="58" source="E6" target="E5"/>
  <move id="59" source="K3" target="I3"/>
  <move id="60" source="E7" target="E6"/>
  <move id="61" source="K1" target="K2"/>
  <move id="62" source="F8" target="F4"/>
  <move id="63" source="F3" target="F4"/>
  <move id="64" source="G8" target="F8"/>
  <move id="65" source="K2" target="K3"/>
  <move id="66" source="E6" target="F6"/>
  <move id="67" source="K3" target="K4"/>
  <move id="68" source="F6" target="F5"/>
  <move id="69" source="K7" target="K6"/>
  <move id="70" source="E5" target="E4"/>
  <move id="71" source="E3" target="E4"/>
  <move id="72" source="F5" target="F4"/>
  <move id="73" source="E4" target="E5"/>
  <move id="74" source="F8" target="F7"/>
  <move id="75" source="E5" target="E6"/>
  <move id="76" source="F9" target="F8"/>
  <move id="77" source="K6" target="K5"/>
  <move id="78" source="A3" target="A2"/>
  <move id="79" source="K5" target="I5"/>
  <move id="80" source="A2" target="B2"/>
  <move id="81" source="K4" target="K5"/>
  <move id="82" source="B2" target="C2"/>
  <move id="83" source="K5" target="K6"/>
  <move id="84" source="B4" target="A4"/>
  <move id="85" source="K6" target="K7"/>
  <move id="86" source="A4" target="A3"/>
  <move id="87" source="D3" target="E3"/>
  <move id="88" source="A3" target="A2"/>
  <move id="89" source="D2" target="D3"/>
  <move id="90" source="A2" target="B2"/>
  <move id="91" source="C2" target="D2"/>
  <move id="92" source="B2" target="C2"/>
  <move id="93" source="C3" target="C2"/>
  <move id="94" source="F7" target="A7"/>
  <move id="95" source="F2" target="F3"/>
  <move id="96" source="F4" target="F5"/>
  <move id="97" source="F3" target="F2"/>
  <move id="98" source="F5" target="E5"/>
  <move id="99" source="E6" target="F6"/>
  <move id="100" source="A7" target="A1"/>
  <move id="101" source="G4" target="H4"/>
  <move id="102" source="D8" target="C8"/>
  <move id="103" source="H4" target="I4"/>
  <move id="104" source="E8" target="D8"/>
  <move id="105" source="F6" target="F7"/>
  <move id="106" source="F8" target="E8"/>
  <move id="107" source="F7" target="E7"/>
  <move id="108" source="E8" target="F8"/>
  <move id="109" source="E7" target="E8"/>
  <move id="110" source="F8" target="F7"/>
  <move id="111" source="E8" target="D8"/>
  <move id="112" source="E5" target="E6"/>
  <move id="113" source="H3" target="H4"/>
  <move id="114" source="E6" target="E7"/>
  <move id="115" source="E3" target="F3"/>
  <move id="116" source="E7" target="E8"/>
  <move id="117" source="D8" target="D7"/>
  <move id="118" source="E8" target="E7"/>
  <move id="119" source="D7" target="D8"/>
  <move id="120" source="C8" target="C7"/>
  <move id="121" source="F3" target="F7"/>
  <move id="122" source="C7" target="B7"/>
  <move id="123" source="G3" target="F3"/>
  <move id="124" source="B7" target="B6"/>
  <move id="125" source="F3" target="E3"/>
  <move id="126" source="B6" target="B5"/>
  <move id="127" source="D4" target="E4"/>
  <move id="128" source="B5" target="B4"/>
  <move id="129" source="C4" target="D4"/>
  <move id="130" source="B4" target="B3"/>
  <move id="131" source="D3" target="C3"/>
  <move id="132" source="B3" target="B2"/>
  <move id="133" source="C3" target="B3"/>
  <move id="134" source="B2" target="B1"/>
  <move id="135" source="C1" target="B1"/>
  <move id="136" source="E7" target="E6"/>
  <move id="137" source="H4" target="G4"/>
  <move id="138" source="E6" target="E5"/>
  <move id="139" source="G4" target="F4"/>
  <move id="140" source="F7" target="E7"/>
  <move id="141" source="D4" target="D3"/>
  <move id="142" source="G7" target="F7"/>
  <move id="143" source="E4" target="D4"/>
  <move id="144" source="F7" target="F6"/>
  <move id="145" source="E3" target="F3"/>
  <move id="146" source="F6" target="F5"/>
  <move id="147" source="D8" target="D7"/>
  <move id="148" source="E7" target="E8"/>
  <move id="149" source="D7" target="D8"/>
  <move id="150" source="E8" target="E7"/>
  <move id="151" source="D4" target="E4"/>
  <move id="152" source="E5" target="E4"/>
  <move id="153" source="F4" target="F5"/>
  <move id="154" source="H7" target="G7"/>
  <move id="155" source="F5" target="E5"/>
  <move id="156" source="E4" target="F4"/>
  <move id="157" source="F3" target="F4"/>
  <move id="158" source="B9" target="B8"/>
  <move id="159" source="I3" target="H3"/>
  <move id="160" source="B8" target="B7"/>
  <move id="161" source="D8" target="C8"/>
  <move id="162" source="B7" target="B6"/>
  <move id="163" source="H3" target="G3"/>
  <move id="164" source="B6" target="B5"/>
  <move id="165" source="D3" target="D4"/>
  <move id="166" source="B5" target="B4"/>
  <move id="167" source="G3" target="F3"/>
  <move id="168" source="B4" target="B3"/>
  <move id="169" source="D4" target="C4"/>
  <move id="170" source="B3" target="B2"/>
  <move id="171" source="C4" target="C3"/>
  <move id="172" source="B2" target="B1"/>
  <move id="173" source="A1" target="A2"/>
  <move id="174" source="B1" target="C1"/>
  <move id="175" source="A2" target="A3"/>
  <move id="176" source="C1" target="D1"/>
  <move id="177" source="D2" target="D1"/>
  <move id="178" source="E7" target="D7"/>
  <move id="179" source="F4" target="F5"/>
  <move id="180" source="D7" target="C7"/>
  <move id="181" source="C8" target="D8"/>
  <move id="182" source="C7" target="B7"/>
  <move id="183" source="D8" target="E8"/>
  <move id="184" source="B7" target="B6"/>
  <move id="185" source="E5" target="E4"/>
  <move id="186" source="B6" target="B5"/>
  <move id="187" source="E4" target="D4"/>
  <move id="188" source="B5" target="B4"/>
  <move id="189" source="D4" target="D3"/>
  <move id="190" source="B4" target="B3"/>
  <move id="191" source="A3" target="A4"/>
  <move id="192" source="B3" target="B2"/>
  <move id="193" source="C3" target="C4"/>
  <move id="194" source="B2" target="C2"/>
  <move id="195" source="F3" target="F4"/>
  <move id="196" source="C2" target="C1"/>
  <move id="197" source="D1" target="D2"/>
  <move id="198" source="C1" target="D1"/>
  <move id="199" source="D2" target="C2"/>
  <move id="200" source="D1" target="C1"/>
  <move id="201" source="D3" target="C3"/>
  <move id="202" source="C1" target="D1"/>
  <move id="203" source="C3" target="D3"/>
  <move id="204" source="D1" target="E1"/>
  <move id="205" source="F5" target="E5"/>
  <move id="206" source="G7" target="F7"/>
  <move id="207" source="F4" target="F5"/>
  <move id="208" source="B:" target="B9"/>
  <move id="209" source="F5" target="F6"/>
  <move id="210" source="B9" target="B8"/>
  <move id="211" source="F6" target="F7"/>
  <move id="212" source="B8" target="B7"/>
  <move id="213" source="D3" target="C3"/>
  <move id="214" source="B7" target="B6"/>
  <move id="215" source="C3" target="B3"/>
  <move id="216" source="B6" target="B5"/>
  <move id="217" source="A4" target="A3"/>
  <move id="218" source="B5" target="A5"/>
  <move id="219" source="B3" target="B4"/>
  <move id="220" source="A5" target="A4"/>
  <move id="221" source="B4" target="A4"/>
  <player id="1">Player 1</player>
  <player id="2">Player 2</player>
  <result type="3" winner="1"/>
 </game>
</stratego>