<?xml version="1.0" encoding="UTF-8"?>
<stratego>
 <game type="classic">
  
  <field content="DFEFBGMFBFGIHDEBHBEGJHDCIHBGJIBDELDDEKDDAA__AA__AAAA__AA__AAUSRPTSNVSRWTNSPVNQPTPPQNXORTPPQRNYNUQPUQ"/>
  <move id="1" source="F4" target="F7"/>
  <move id="2" source="I7" target="I6"/>
  <move id="3" source="E4" target="E7"/>
  <move id="4" source="I6" target="I5"/>
  <move id="5" source="B4" target="B7"/>
  <move id="6" source="H7" target="I7"/>
  <move id="7" source="F3" target="F4"/>
  <move id="8" source="I7" target="I6"/>
  <move id="9" source="D4" target="E4"/>
  <move id="10" source="K7" target="K6"/>
  <move id="11" source="F4" target="F5"/>
  <move id="12" source="K6" target="K5"/>
  <move id="13" source="E4" target="E5"/>
  <move id="14" source="K5" target="K4"/>
  <move id="15" source="K3" target="K4"/>
  <move id="16" source="I6" target="K6"/>
  <move id="17" source="I4" target="I5"/>
  <move id="18" source="I5" target="I6"/>
  <move id="19" source="H4" target="I4"/>
  <move id="20" source="I6" target="I5"/>
  <move id="21" source="I4" target="I5"/>
  <move id="22" source="I8" target="I7"/>
  <move id="23" source="F5" target="F6"/>
  <move id="24" source="I7" target="I6"/>
  <move id="25" source="I3" target="I4"/>
  <move id="26" source="K6" target="K7"/>
  <move id="27" source="E5" target="E6"/>
  <move id="28" source="H8" target="I8"/>
  <move id="29" source="F6" target="F7"/>
  <move id="30" source="F8" target="F7"/>
  <move id="31" source="E6" target="F6"/>
  <move id="32" source="F7" target="F8"/>
  <move id="33" source="F6" target="F7"/>
  <move id="34" source="E7" target="E6"/>
  <move id="35" source="F7" target="F8"/>
  <move id="36" source="F9" target="F8"/>
  <move id="37" source="D3" target="D4"/>
  <move id="38" source="B7" target="B6"/>
  <move id="39" source="K4" target="K5"/>
  <move id="40" source="B6" target="B5"/>
  <move id="41" source="K5" target="K6"/>
  <move id="42" source="K7" target="K6"/>
  <move id="43" source="B3" target="B4"/>
  <move id="44" source="K6" target="K7"/>
  <move id="45" source="I5" target="I6"/>
  <move id="46" source="A7" target="B7"/>
  <move id="47" source="E3" target="F3"/>
  <move id="48" source="A8" target="A7"/>
  <move id="49" source="D2" target="D3"/>
  <move id="50" source="A7" target="A6"/>
  <move id="51" source="D3" target="E3"/>
  <move id="52" source="D7" target="E7"/>
  <move id="53" source="F3" target="F4"/>
  <move id="54" source="E7" target="F7"/>
  <move id="55" source="E3" target="E6"/>
  <move id="56" source="B5" target="A5"/>
  <move id="57" source="F4" target="F5"/>
  <move id="58" source="A5" target="A4"/>
  <move id="59" source="F5" target="E5"/>
  <move id="60" source="E6" target="F6"/>
  <move id="61" source="G4" target="F4"/>
  <move id="62" source="E8" target="E5"/>
  <move id="63" source="C3" target="E3"/>
  <move id="64" source="B7" target="B6"/>
  <move id="65" source="E5" target="F5"/>
  <move id="66" source="F6" target="E6"/>
  <move id="67" source="F5" target="F6"/>
  <move id="68" source="E6" target="E7"/>
  <move id="69" source="F6" target="F7"/>
  <move id="70" source="E7" target="E8"/>
  <move id="71" source="F7" target="G7"/>
  <move id="72" source="B6" target="B5"/>
  <move id="73" source="F4" target="F5"/>
  <move id="74" source="A6" target="B6"/>
  <move id="75" source="F5" target="F6"/>
  <move id="76" source="B5" target="B4"/>
  <move id="77" source="B2" target="B3"/>
  <move id="78" source="B4" target="B5"/>
  <move id="79" source="F6" target="F7"/>
  <move id="80" source="B5" target="A5"/>
  <move id="81" source="F7" target="G7"/>
  <move id="82" source="B6" target="B5"/>
  <move id="83" source="G7" target="G8"/>
  <move id="84" source="G9" target="G8"/>
  <move id="85" source="I6" target="I7"/>
  <move id="86" source="K7" target="K6"/>
  <move id="87" source="I7" target="H7"/>
  <move id="88" source="B5" target="B4"/>
  <move id="89" source="H7" target="G7"/>
  <move id="90" source="B4" target="B3"/>
  <move id="91" source="G7" target="G8"/>
  <move id="92" source="F8" target="F7"/>
  <move id="93" source="G8" target="F8"/>
  <move id="94" source="F7" target="F6"/>
  <move id="95" source="E3" target="E7"/>
  <move id="96" source="E8" target="E7"/>
  <move id="97" source="F8" target="F7"/>
  <move id="98" source="E7" target="E8"/>
  <move id="99" source="F7" target="E7"/>
  <move id="100" source="E8" target="F8"/>
  <move id="101" source="E7" target="F7"/>
  <move id="102" source="F8" target="E8"/>
  <move id="103" source="E2" target="E3"/>
  <move id="104" source="I8" target="H8"/>
  <move id="105" source="D4" target="E4"/>
  <move id="106" source="B3" target="C3"/>
  <move id="107" source="E4" target="E5"/>
  <move id="108" source="C3" target="D3"/>
  <move id="109" source="E5" target="E6"/>
  <move id="110" source="D3" target="E3"/>
  <move id="111" source="C4" target="B4"/>
  <move id="112" source="I9" target="I4"/>
  <move id="113" source="B4" target="B5"/>
  <move id="114" source="A5" target="B5"/>
  <move id="115" source="A3" target="B3"/>
  <move id="116" source="F6" target="E6"/>
  <move id="117" source="B3" target="B4"/>
  <move id="118" source="B5" target="B4"/>
  <move id="119" source="B4" target="B5"/>
  <move id="120" source="C7" target="D7"/>
  <move id="121" source="B5" target="B6"/>
  <move id="122" source="D7" target="E7"/>
  <move id="123" source="F7" target="F8"/>
  <move id="124" source="E7" target="F7"/>
  <move id="125" source="F8" target="G8"/>
  <move id="126" source="H8" target="H7"/>
  <move id="127" source="G8" target="H8"/>
  <move id="128" source="H7" target="G7"/>
  <move id="129" source="H8" target="H7"/>
  <move id="130" source="G7" target="G8"/>
  <move id="131" source="I2" target="I3"/>
  <move id="132" source="K6" target="I6"/>
  <move id="133" source="I4" target="I5"/>
  <move id="134" source="I6" target="I5"/>
  <move id="135" source="I3" target="I4"/>
  <move id="136" source="F7" target="G7"/>
  <move id="137" source="H7" target="H8"/>
  <move id="138" source="G8" target="F8"/>
  <move id="139" source="I4" target="I5"/>
  <move id="140" source="F8" target="F7"/>
  <move id="141" source="I5" target="I6"/>
  <move id="142" source="F7" target="F6"/>
  <move id="143" source="I6" target="I7"/>
  <move id="144" source="F6" target="F5"/>
  <move id="145" source="I7" target="I8"/>
  <move id="146" source="F5" target="F4"/>
  <move id="147" source="I8" target="I9"/>
  <move id="148" source="H9" target="I9"/>
  <move id="149" source="H8" target="H9"/>
  <move id="150" source="I9" target="I8"/>
  <move id="151" source="H9" target="H:"/>
  <move id="152" source="F4" target="F3"/>
  <move id="153" source="B6" target="B7"/>
  <move id="154" source="F3" target="F2"/>
  <move id="155" source="C2" target="D2"/>
  <move id="156" source="F2" target="F1"/>
  <move id="157" source="C1" target="C2"/>
  <move id="158" source="E3" target="E2"/>
  <move id="159" source="C2" target="C3"/>
  <move id="160" source="E2" target="D2"/>
  <move id="161" source="C3" target="C4"/>
  <move id="162" source="D2" target="E2"/>
  <move id="163" source="C4" target="B4"/>
  <move id="164" source="G7" target="G8"/>
  <move id="165" source="B4" target="B5"/>
  <move id="166" source="E8" target="F8"/>
  <move id="167" source="B5" target="B6"/>
  <move id="168" source="F8" target="F7"/>
  <move id="169" source="B7" target="B8"/>
  <move id="170" source="F7" target="F6"/>
  <move id="171" source="B6" target="B7"/>
  <move id="172" source="F6" target="F5"/>
  <move id="173" source="B8" target="B9"/>
  <move id="174" source="F5" target="F4"/>
  <move id="175" source="B9" target="C9"/>
  <move id="176" source="F4" target="F3"/>
  <move id="177" source="C9" target="D9"/>
  <move id="178" source="F:" target="F9"/>
  <move id="179" source="B7" target="B8"/>
  <move id="180" source="F9" target="F8"/>
  <move id="181" source="B8" target="B9"/>
  <move id="182" source="B:" target="B9"/>
  <move id="183" source="H:" target="G:"/>
  <move id="184" source="G8" target="G9"/>
  <move id="185" source="G:" target="F:"/>
  <move id="186" source="F8" target="F7"/>
  <move id="187" source="F:" target="E:"/>
  <move id="188" source="F3" target="F2"/>
  <move id="189" source="A2" target="A3"/>
  <move id="190" source="F2" target="F1"/>
  <move id="191" source="A3" target="B3"/>
  <move id="192" source="F1" target="G1"/>
  <player id="1">Player 1</player>
  <player id="2">Player 2</player>
  <result type="1" winner="2"/>
 </game>
</stratego>