<?xml version="1.0" encoding="UTF-8"?>
<stratego>
 <game type="classic">
  
  <field content="BMHCIHHBHFEJIBGBEEFBJLDDDDDDBEEGDIGFKDGFAA__AA__AAAA__AA__AANTPPSTQRSNRXVQPQNUWRUPSPRNYNOVPPQTPUNTSQ"/>
  <move id="1" source="B4" target="B5"/>
  <move id="2" source="B7" target="B6"/>
  <move id="3" source="B3" target="B4"/>
  <move id="4" source="B8" target="B7"/>
  <move id="5" source="A4" target="A5"/>
  <move id="6" source="B6" target="A6"/>
  <move id="7" source="A3" target="A4"/>
  <move id="8" source="B7" target="B6"/>
  <move id="9" source="B5" target="B6"/>
  <move id="10" source="B6" target="B5"/>
  <move id="11" source="B4" target="B5"/>
  <move id="12" source="A6" target="A5"/>
  <move id="13" source="A4" target="A5"/>
  <move id="14" source="C7" target="B7"/>
  <move id="15" source="C4" target="B4"/>
  <move id="16" source="I7" target="I6"/>
  <move id="17" source="B4" target="B7"/>
  <move id="18" source="D7" target="C7"/>
  <move id="19" source="C3" target="B3"/>
  <move id="20" source="C7" target="B7"/>
  <move id="21" source="B3" target="B7"/>
  <move id="22" source="I6" target="I5"/>
  <move id="23" source="A5" target="A4"/>
  <move id="24" source="I8" target="I7"/>
  <move id="25" source="F4" target="F5"/>
  <move id="26" source="I7" target="I6"/>
  <move id="27" source="G4" target="F4"/>
  <move id="28" source="I5" target="I4"/>
  <move id="29" source="F5" target="F6"/>
  <move id="30" source="I6" target="I5"/>
  <move id="31" source="F4" target="F5"/>
  <move id="32" source="I5" target="I4"/>
  <move id="33" source="F6" target="F7"/>
  <move id="34" source="I9" target="I8"/>
  <move id="35" source="F5" target="F6"/>
  <move id="36" source="I8" target="I7"/>
  <move id="37" source="F6" target="F7"/>
  <move id="38" source="I7" target="I6"/>
  <move id="39" source="F7" target="F6"/>
  <move id="40" source="I6" target="I5"/>
  <move id="41" source="F6" target="F5"/>
  <move id="42" source="I5" target="K5"/>
  <move id="43" source="F5" target="F4"/>
  <move id="44" source="K5" target="K4"/>
  <move id="45" source="K4" target="K5"/>
  <move id="46" source="H8" target="I8"/>
  <move id="47" source="F4" target="G4"/>
  <move id="48" source="I8" target="I7"/>
  <move id="49" source="K5" target="K6"/>
  <move id="50" source="I7" target="I6"/>
  <move id="51" source="K6" target="K7"/>
  <move id="52" source="I4" target="H4"/>
  <move id="53" source="G4" target="H4"/>
  <move id="54" source="I6" target="K6"/>
  <move id="55" source="D4" target="C4"/>
  <move id="56" source="K9" target="I9"/>
  <move id="57" source="C4" target="C3"/>
  <move id="58" source="I9" target="I8"/>
  <move id="59" source="B2" target="B3"/>
  <move id="60" source="I8" target="I7"/>
  <move id="61" source="B3" target="B4"/>
  <move id="62" source="I7" target="I6"/>
  <move id="63" source="B4" target="C4"/>
  <move id="64" source="I6" target="I5"/>
  <move id="65" source="C4" target="D4"/>
  <move id="66" source="I5" target="I4"/>
  <move id="67" source="E4" target="E5"/>
  <move id="68" source="I4" target="H4"/>
  <move id="69" source="D4" target="E4"/>
  <move id="70" source="H4" target="H3"/>
  <move id="71" source="E4" target="F4"/>
  <move id="72" source="H3" target="I3"/>
  <move id="73" source="E5" target="F5"/>
  <move id="74" source="K6" target="K5"/>
  <move id="75" source="F5" target="F6"/>
  <move id="76" source="K5" target="K4"/>
  <move id="77" source="F4" target="G4"/>
  <move id="78" source="K4" target="K3"/>
  <move id="79" source="G4" target="H4"/>
  <move id="80" source="K3" target="K2"/>
  <move id="81" source="H4" target="G4"/>
  <move id="82" source="E7" target="D7"/>
  <move id="83" source="A4" target="B4"/>
  <move id="84" source="D7" target="C7"/>
  <move id="85" source="G4" target="F4"/>
  <move id="86" source="C7" target="B7"/>
  <move id="87" source="F4" target="F5"/>
  <move id="88" source="B7" target="B6"/>
  <move id="89" source="F6" target="F7"/>
  <move id="90" source="B6" target="A6"/>
  <move id="91" source="F5" target="F6"/>
  <move id="92" source="A6" target="A5"/>
  <move id="93" source="C3" target="B3"/>
  <move id="94" source="K:" target="K9"/>
  <move id="95" source="F7" target="F8"/>
  <move id="96" source="K9" target="I9"/>
  <move id="97" source="F6" target="F7"/>
  <move id="98" source="I9" target="I8"/>
  <move id="99" source="F8" target="F9"/>
  <move id="100" source="I8" target="I7"/>
  <move id="101" source="E3" target="E8"/>
  <move id="102" source="I7" target="I6"/>
  <move id="103" source="F3" target="E3"/>
  <move id="104" source="I6" target="I5"/>
  <move id="105" source="F7" target="F8"/>
  <move id="106" source="I5" target="I4"/>
  <move id="107" source="E3" target="E9"/>
  <move id="108" source="I4" target="I3"/>
  <move id="109" source="I2" target="I3"/>
  <move id="110" source="H7" target="I7"/>
  <move id="111" source="F8" target="E8"/>
  <move id="112" source="I7" target="I6"/>
  <move id="113" source="E8" target="E9"/>
  <move id="114" source="I6" target="I5"/>
  <move id="115" source="E9" target="E8"/>
  <move id="116" source="I5" target="I4"/>
  <move id="117" source="E8" target="E7"/>
  <move id="118" source="I4" target="I3"/>
  <move id="119" source="E7" target="E6"/>
  <move id="120" source="G7" target="H7"/>
  <move id="121" source="E6" target="E5"/>
  <move id="122" source="H7" target="I7"/>
  <move id="123" source="E5" target="E4"/>
  <move id="124" source="I7" target="I6"/>
  <move id="125" source="E4" target="F4"/>
  <move id="126" source="I6" target="I5"/>
  <move id="127" source="F4" target="G4"/>
  <move id="128" source="I5" target="I4"/>
  <move id="129" source="G4" target="H4"/>
  <move id="130" source="I4" target="I3"/>
  <move id="131" source="H4" target="H3"/>
  <move id="132" source="I3" target="I2"/>
  <move id="133" source="G3" target="E3"/>
  <move id="134" source="I2" target="I1"/>
  <move id="135" source="I1" target="I2"/>
  <move id="136" source="D8" target="D7"/>
  <move id="137" source="I2" target="I3"/>
  <move id="138" source="D7" target="E7"/>
  <move id="139" source="E3" target="E7"/>
  <move id="140" source="E7" target="E6"/>
  <move id="141" source="E2" target="E3"/>
  <move id="142" source="E6" target="E5"/>
  <move id="143" source="E3" target="E4"/>
  <move id="144" source="E5" target="F5"/>
  <move id="145" source="H3" target="G3"/>
  <move id="146" source="F5" target="F6"/>
  <move id="147" source="E4" target="E5"/>
  <move id="148" source="F6" target="F7"/>
  <move id="149" source="E5" target="E6"/>
  <move id="150" source="F7" target="G7"/>
  <move id="151" source="E6" target="E7"/>
  <move id="152" source="G7" target="H7"/>
  <move id="153" source="E7" target="F7"/>
  <move id="154" source="H7" target="I7"/>
  <move id="155" source="F7" target="G7"/>
  <move id="156" source="I7" target="I6"/>
  <move id="157" source="G7" target="H7"/>
  <move id="158" source="I6" target="K6"/>
  <move id="159" source="H7" target="I7"/>
  <move id="160" source="K6" target="K5"/>
  <move id="161" source="I7" target="I6"/>
  <move id="162" source="K5" target="K4"/>
  <move id="163" source="I6" target="I5"/>
  <move id="164" source="E:" target="E1"/>
  <move id="165" source="I5" target="K5"/>
  <move id="166" source="D9" target="D8"/>
  <move id="167" source="K5" target="K4"/>
  <move id="168" source="D8" target="E8"/>
  <move id="169" source="G3" target="F3"/>
  <move id="170" source="E8" target="E7"/>
  <move id="171" source="F3" target="F4"/>
  <move id="172" source="E7" target="F7"/>
  <move id="173" source="F4" target="F5"/>
  <move id="174" source="F7" target="G7"/>
  <move id="175" source="I3" target="H3"/>
  <move id="176" source="G7" target="H7"/>
  <move id="177" source="H3" target="G3"/>
  <move id="178" source="H7" target="I7"/>
  <move id="179" source="F5" target="F4"/>
  <move id="180" source="I7" target="I6"/>
  <move id="181" source="F4" target="G4"/>
  <move id="182" source="I6" target="I5"/>
  <move id="183" source="G4" target="H4"/>
  <move id="184" source="C8" target="D8"/>
  <move id="185" source="D3" target="E3"/>
  <move id="186" source="D8" target="E8"/>
  <move id="187" source="E3" target="E8"/>
  <move id="188" source="E8" target="E7"/>
  <move id="189" source="H4" target="G4"/>
  <move id="190" source="E7" target="E6"/>
  <move id="191" source="G4" target="F4"/>
  <move id="192" source="I5" target="I1"/>
  <move id="193" source="G3" target="F3"/>
  <move id="194" source="I1" target="H1"/>
  <move id="195" source="F4" target="F5"/>
  <move id="196" source="F:" target="E:"/>
  <move id="197" source="B4" target="B5"/>
  <move id="198" source="A5" target="A4"/>
  <move id="199" source="B3" target="A3"/>
  <move id="200" source="E:" target="E9"/>
  <move id="201" source="A3" target="A4"/>
  <move id="202" source="E9" target="E8"/>
  <move id="203" source="A4" target="B4"/>
  <move id="204" source="E8" target="E7"/>
  <move id="205" source="E1" target="E2"/>
  <move id="206" source="E7" target="F7"/>
  <move id="207" source="E2" target="E3"/>
  <move id="208" source="F7" target="G7"/>
  <move id="209" source="E3" target="E4"/>
  <move id="210" source="G7" target="H7"/>
  <move id="211" source="E4" target="F4"/>
  <move id="212" source="H7" target="I7"/>
  <move id="213" source="F4" target="G4"/>
  <move id="214" source="B9" target="B8"/>
  <move id="215" source="G4" target="H4"/>
  <move id="216" source="B8" target="B7"/>
  <move id="217" source="K4" target="I4"/>
  <move id="218" source="I7" target="I6"/>
  <move id="219" source="I4" target="I3"/>
  <move id="220" source="I6" target="I5"/>
  <move id="221" source="I3" target="H3"/>
  <move id="222" source="I:" target="K:"/>
  <move id="223" source="H3" target="G3"/>
  <move id="224" source="H:" target="I:"/>
  <move id="225" source="H4" target="I4"/>
  <move id="226" source="I:" target="I9"/>
  <move id="227" source="I4" target="I5"/>
  <move id="228" source="I9" target="I8"/>
  <move id="229" source="C2" target="C3"/>
  <move id="230" source="I8" target="I7"/>
  <move id="231" source="C3" target="D3"/>
  <move id="232" source="I7" target="I6"/>
  <move id="233" source="D3" target="E3"/>
  <move id="234" source="I6" target="I5"/>
  <move id="235" source="E3" target="E4"/>
  <move id="236" source="I5" target="I4"/>
  <move id="237" source="E4" target="F4"/>
  <move id="238" source="I4" target="I3"/>
  <move id="239" source="F4" target="G4"/>
  <move id="240" source="I3" target="I2"/>
  <move id="241" source="G4" target="H4"/>
  <move id="242" source="I2" target="H2"/>
  <move id="243" source="H4" target="H3"/>
  <move id="244" source="H2" target="I2"/>
  <move id="245" source="G3" target="G4"/>
  <move id="246" source="I2" target="I1"/>
  <move id="247" source="H3" target="H2"/>
  <move id="248" source="I1" target="K1"/>
  <move id="249" source="H2" target="I2"/>
  <move id="250" source="E6" target="F6"/>
  <move id="251" source="F5" target="F6"/>
  <move id="252" source="B7" target="C7"/>
  <move id="253" source="I2" target="I1"/>
  <move id="254" source="K1" target="K2"/>
  <move id="255" source="I1" target="I2"/>
  <move id="256" source="C7" target="D7"/>
  <move id="257" source="B4" target="C4"/>
  <move id="258" source="D7" target="E7"/>
  <move id="259" source="C4" target="D4"/>
  <move id="260" source="E7" target="F7"/>
  <move id="261" source="D4" target="E4"/>
  <move id="262" source="F7" target="E7"/>
  <move id="263" source="I2" target="I3"/>
  <move id="264" source="E7" target="G7"/>
  <move id="265" source="I3" target="I4"/>
  <move id="266" source="G7" target="F7"/>
  <move id="267" source="I4" target="I5"/>
  <move id="268" source="F7" target="I7"/>
  <move id="269" source="I5" target="I6"/>
  <move id="270" source="I7" target="I8"/>
  <move id="271" source="I6" target="I7"/>
  <move id="272" source="I8" target="H8"/>
  <move id="273" source="E4" target="E5"/>
  <move id="274" source="A9" target="B9"/>
  <move id="275" source="E5" target="E6"/>
  <move id="276" source="B9" target="B8"/>
  <move id="277" source="E6" target="E7"/>
  <move id="278" source="B8" target="B7"/>
  <move id="279" source="G4" target="F4"/>
  <move id="280" source="B7" target="C7"/>
  <move id="281" source="F4" target="F5"/>
  <move id="282" source="C7" target="D7"/>
  <move id="283" source="F5" target="F6"/>
  <move id="284" source="D7" target="E7"/>
  <move id="285" source="F6" target="F7"/>
  <move id="286" source="D:" target="D9"/>
  <move id="287" source="F7" target="G7"/>
  <move id="288" source="D9" target="D8"/>
  <move id="289" source="G7" target="H7"/>
  <move id="290" source="D8" target="D7"/>
  <move id="291" source="H7" target="H8"/>
  <move id="292" source="D7" target="E7"/>
  <move id="293" source="H8" target="H7"/>
  <move id="294" source="E7" target="E6"/>
  <move id="295" source="H7" target="G7"/>
  <move id="296" source="E6" target="E5"/>
  <move id="297" source="F3" target="E3"/>
  <move id="298" source="E5" target="E4"/>
  <move id="299" source="E3" target="E4"/>
  <move id="300" source="C9" target="C8"/>
  <move id="301" source="G7" target="F7"/>
  <move id="302" source="C8" target="D8"/>
  <move id="303" source="F7" target="E7"/>
  <move id="304" source="D8" target="E8"/>
  <move id="305" source="E7" target="E8"/>
  <move id="306" source="B:" target="B9"/>
  <move id="307" source="I7" target="H7"/>
  <move id="308" source="B9" target="C9"/>
  <move id="309" source="H7" target="G7"/>
  <move id="310" source="C9" target="C8"/>
  <move id="311" source="G7" target="F7"/>
  <move id="312" source="K8" target="I8"/>
  <move id="313" source="F7" target="E7"/>
  <move id="314" source="I8" target="I7"/>
  <move id="315" source="G2" target="G3"/>
  <move id="316" source="I7" target="I6"/>
  <move id="317" source="G1" target="G2"/>
  <move id="318" source="I6" target="I5"/>
  <move id="319" source="G2" target="H2"/>
  <move id="320" source="I5" target="I4"/>
  <move id="321" source="H2" target="H3"/>
  <move id="322" source="C8" target="D8"/>
  <move id="323" source="H3" target="H4"/>
  <move id="324" source="I4" target="I3"/>
  <move id="325" source="F1" target="G1"/>
  <move id="326" source="I3" target="I2"/>
  <move id="327" source="G1" target="G2"/>
  <move id="328" source="D8" target="F8"/>
  <move id="329" source="G3" target="F3"/>
  <move id="330" source="F8" target="F5"/>
  <move id="331" source="E7" target="E6"/>
  <move id="332" source="F5" target="F7"/>
  <move id="333" source="G2" target="H2"/>
  <move id="334" source="I2" target="I3"/>
  <move id="335" source="H4" target="I4"/>
  <move id="336" source="I3" target="K3"/>
  <move id="337" source="H2" target="H3"/>
  <move id="338" source="C:" target="D:"/>
  <move id="339" source="H3" target="I3"/>
  <move id="340" source="D:" target="E:"/>
  <move id="341" source="I3" target="K3"/>
  <move id="342" source="E:" target="D:"/>
  <move id="343" source="I4" target="H4"/>
  <move id="344" source="D:" target="C:"/>
  <move id="345" source="H4" target="G4"/>
  <move id="346" source="C:" target="C9"/>
  <move id="347" source="G4" target="F4"/>
  <move id="348" source="C9" target="D9"/>
  <move id="349" source="F4" target="F5"/>
  <move id="350" source="D9" target="C9"/>
  <move id="351" source="E6" target="E7"/>
  <move id="352" source="F7" target="I7"/>
  <move id="353" source="K3" target="I3"/>
  <move id="354" source="I7" target="I5"/>
  <move id="355" source="I3" target="I4"/>
  <move id="356" source="I5" target="K5"/>
  <move id="357" source="F3" target="G3"/>
  <move id="358" source="C9" target="C:"/>
  <move id="359" source="G3" target="H3"/>
  <move id="360" source="C:" target="B:"/>
  <move id="361" source="F5" target="F6"/>
  <move id="362" source="B:" target="B9"/>
  <move id="363" source="F6" target="F7"/>
  <move id="364" source="B9" target="B8"/>
  <move id="365" source="F7" target="G7"/>
  <move id="366" source="B8" target="C8"/>
  <move id="367" source="G7" target="H7"/>
  <move id="368" source="C8" target="C9"/>
  <move id="369" source="H7" target="I7"/>
  <move id="370" source="K5" target="K3"/>
  <move id="371" source="I7" target="I6"/>
  <move id="372" source="C9" target="D9"/>
  <move id="373" source="I6" target="I5"/>
  <move id="374" source="D9" target="D:"/>
  <move id="375" source="I5" target="K5"/>
  <move id="376" source="D:" target="C:"/>
  <move id="377" source="K5" target="K4"/>
  <player id="1">Player 1</player>
  <player id="2">Player 2</player>
  <result type="3" winner="1"/>
 </game>
</stratego>