<?xml version="1.0" encoding="UTF-8"?>
<stratego>
 <game type="classic">
  
  <field content="DDGEEEEEDDBDMBGIHGBDGHJCIHJHDBFBFKFDLIBFAA__AA__AAAA__AA__AATTQOPTPTRPXPSSWPPNSRVUQUVRPUSPYQQNQNNRNN"/>
  <move id="1" source="E4" target="E5"/>
  <move id="2" source="A7" target="A6"/>
  <move id="3" source="F4" target="F5"/>
  <move id="4" source="A6" target="A5"/>
  <move id="5" source="G4" target="F4"/>
  <move id="6" source="K7" target="K4"/>
  <move id="7" source="F5" target="F7"/>
  <move id="8" source="A5" target="A4"/>
  <move id="9" source="F4" target="F5"/>
  <move id="10" source="E7" target="E5"/>
  <move id="11" source="F5" target="F6"/>
  <move id="12" source="F7" target="E7"/>
  <move id="13" source="F6" target="E6"/>
  <move id="14" source="A4" target="A3"/>
  <move id="15" source="E6" target="E7"/>
  <move id="16" source="D7" target="E7"/>
  <move id="17" source="E5" target="E6"/>
  <move id="18" source="D8" target="D7"/>
  <move id="19" source="E6" target="E7"/>
  <move id="20" source="D7" target="E7"/>
  <move id="21" source="K4" target="K5"/>
  <move id="22" source="A3" target="A2"/>
  <move id="23" source="D4" target="E4"/>
  <move id="24" source="B7" target="B6"/>
  <move id="25" source="D3" target="D4"/>
  <move id="26" source="B6" target="B5"/>
  <move id="27" source="G3" target="G4"/>
  <move id="28" source="B8" target="B7"/>
  <move id="29" source="K5" target="K6"/>
  <move id="30" source="B7" target="A7"/>
  <move id="31" source="K6" target="K7"/>
  <move id="32" source="A7" target="A3"/>
  <move id="33" source="K7" target="I7"/>
  <move id="34" source="A3" target="B3"/>
  <move id="35" source="C3" target="D3"/>
  <move id="36" source="B5" target="B4"/>
  <move id="37" source="B3" target="C3"/>
  <move id="38" source="C8" target="B8"/>
  <move id="39" source="F3" target="G3"/>
  <move id="40" source="B8" target="B7"/>
  <move id="41" source="E3" target="F3"/>
  <move id="42" source="B7" target="B6"/>
  <move id="43" source="D3" target="E3"/>
  <move id="44" source="B6" target="B5"/>
  <move id="45" source="C3" target="D3"/>
  <move id="46" source="B5" target="A5"/>
  <move id="47" source="C4" target="C3"/>
  <move id="48" source="A5" target="A4"/>
  <move id="49" source="C3" target="B3"/>
  <move id="50" source="A4" target="A3"/>
  <move id="51" source="B3" target="A3"/>
  <move id="52" source="A3" target="B3"/>
  <move id="53" source="D3" target="C3"/>
  <move id="54" source="B3" target="B2"/>
  <move id="55" source="C3" target="B3"/>
  <move id="56" source="B2" target="B1"/>
  <move id="57" source="C1" target="B1"/>
  <move id="58" source="F8" target="F3"/>
  <move id="59" source="E3" target="D3"/>
  <move id="60" source="E7" target="E6"/>
  <move id="61" source="D3" target="C3"/>
  <move id="62" source="E6" target="E5"/>
  <move id="63" source="E4" target="E3"/>
  <move id="64" source="E5" target="E4"/>
  <move id="65" source="E3" target="E4"/>
  <move id="66" source="A8" target="B8"/>
  <move id="67" source="F3" target="F4"/>
  <move id="68" source="A9" target="A8"/>
  <move id="69" source="E4" target="E3"/>
  <move id="70" source="A8" target="A7"/>
  <move id="71" source="F4" target="E4"/>
  <move id="72" source="A7" target="A6"/>
  <move id="73" source="B3" target="B2"/>
  <move id="74" source="A6" target="A5"/>
  <move id="75" source="C3" target="D3"/>
  <move id="76" source="A5" target="A4"/>
  <move id="77" source="D4" target="C4"/>
  <move id="78" source="A4" target="A3"/>
  <move id="79" source="B2" target="B1"/>
  <move id="80" source="E8" target="E7"/>
  <move id="81" source="B1" target="C1"/>
  <move id="82" source="E7" target="E6"/>
  <move id="83" source="A1" target="B1"/>
  <move id="84" source="E6" target="E5"/>
  <move id="85" source="C4" target="D4"/>
  <move id="86" source="E5" target="E4"/>
  <move id="87" source="E3" target="E4"/>
  <move id="88" source="A3" target="B3"/>
  <move id="89" source="B1" target="B3"/>
  <move id="90" source="B3" target="B2"/>
  <move id="91" source="D3" target="C3"/>
  <move id="92" source="B2" target="B1"/>
  <move id="93" source="D4" target="E4"/>
  <move id="94" source="B1" target="C1"/>
  <move id="95" source="E4" target="D4"/>
  <move id="96" source="C1" target="B1"/>
  <move id="97" source="C3" target="B3"/>
  <move id="98" source="G8" target="F8"/>
  <move id="99" source="E2" target="E3"/>
  <move id="100" source="F8" target="F7"/>
  <move id="101" source="E3" target="E4"/>
  <move id="102" source="F7" target="F6"/>
  <move id="103" source="E4" target="E5"/>
  <move id="104" source="F6" target="F4"/>
  <move id="105" source="G4" target="F4"/>
  <move id="106" source="D9" target="D8"/>
  <move id="107" source="E5" target="E6"/>
  <move id="108" source="D8" target="E8"/>
  <move id="109" source="E6" target="E7"/>
  <move id="110" source="E8" target="E7"/>
  <move id="111" source="F4" target="E4"/>
  <move id="112" source="G7" target="F7"/>
  <move id="113" source="E4" target="E5"/>
  <move id="114" source="F7" target="F6"/>
  <move id="115" source="F2" target="F3"/>
  <move id="116" source="F6" target="E6"/>
  <move id="117" source="E5" target="E4"/>
  <move id="118" source="E6" target="E5"/>
  <move id="119" source="F3" target="E3"/>
  <move id="120" source="E7" target="E6"/>
  <move id="121" source="B3" target="B2"/>
  <move id="122" source="C7" target="B7"/>
  <move id="123" source="B2" target="B1"/>
  <move id="124" source="B7" target="B6"/>
  <move id="125" source="D1" target="C1"/>
  <move id="126" source="B9" target="A9"/>
  <move id="127" source="C1" target="B1"/>
  <move id="128" source="A9" target="A8"/>
  <move id="129" source="B1" target="B2"/>
  <move id="130" source="A8" target="A7"/>
  <move id="131" source="B2" target="B3"/>
  <move id="132" source="A7" target="A6"/>
  <move id="133" source="B3" target="A3"/>
  <move id="134" source="A6" target="A5"/>
  <move id="135" source="A3" target="A4"/>
  <move id="136" source="A5" target="A4"/>
  <move id="137" source="E3" target="D3"/>
  <move id="138" source="B6" target="B5"/>
  <move id="139" source="D3" target="C3"/>
  <move id="140" source="A4" target="A5"/>
  <move id="141" source="C3" target="B3"/>
  <move id="142" source="A5" target="A6"/>
  <move id="143" source="E1" target="D1"/>
  <move id="144" source="B5" target="A5"/>
  <move id="145" source="D1" target="C1"/>
  <move id="146" source="A5" target="A4"/>
  <move id="147" source="C1" target="B1"/>
  <move id="148" source="A4" target="A3"/>
  <move id="149" source="B3" target="C3"/>
  <move id="150" source="A3" target="B3"/>
  <move id="151" source="C3" target="D3"/>
  <move id="152" source="B3" target="C3"/>
  <move id="153" source="D3" target="E3"/>
  <move id="154" source="C3" target="C4"/>
  <move id="155" source="D4" target="D3"/>
  <move id="156" source="E9" target="E8"/>
  <move id="157" source="E3" target="E2"/>
  <move id="158" source="E8" target="E7"/>
  <move id="159" source="E4" target="D4"/>
  <move id="160" source="C4" target="C3"/>
  <player id="1">Player 1</player>
  <player id="2">Player 2</player>
  <result type="3" winner="2"/>
 </game>
</stratego>