<?xml version="1.0" encoding="UTF-8"?>
<stratego>
 <game type="classic">
  
  <field content="DEDDEBEFEDEDGJIIMIBFBHJBHHCBGBGDHLFDKGFDAA__AA__AAAA__AA__AARSPWTSOUSRNUNQNVYPXTNTNPTPQUPVRNRQPPSQPQ"/>
  <move id="1" source="F4" target="F7"/>
  <move id="2" source="F7" target="F6"/>
  <move id="3" source="F3" target="F4"/>
  <move id="4" source="B7" target="B6"/>
  <move id="5" source="B4" target="B6"/>
  <move id="6" source="C7" target="B7"/>
  <move id="7" source="C4" target="B4"/>
  <move id="8" source="B6" target="A6"/>
  <move id="9" source="D4" target="C4"/>
  <move id="10" source="D7" target="C7"/>
  <move id="11" source="E4" target="E5"/>
  <move id="12" source="I7" target="I6"/>
  <move id="13" source="E5" target="E6"/>
  <move id="14" source="F6" target="F7"/>
  <move id="15" source="E6" target="E7"/>
  <move id="16" source="A6" target="A5"/>
  <move id="17" source="K4" target="K7"/>
  <move id="18" source="B7" target="B6"/>
  <move id="19" source="A4" target="A5"/>
  <move id="20" source="A7" target="A6"/>
  <move id="21" source="I4" target="I5"/>
  <move id="22" source="I6" target="I7"/>
  <move id="23" source="I5" target="I6"/>
  <move id="24" source="A6" target="A5"/>
  <move id="25" source="I6" target="I7"/>
  <move id="26" source="I7" target="I6"/>
  <move id="27" source="H4" target="I4"/>
  <move id="28" source="I6" target="I7"/>
  <move id="29" source="I4" target="I5"/>
  <move id="30" source="A5" target="A4"/>
  <move id="31" source="B4" target="A4"/>
  <move id="32" source="B6" target="B3"/>
  <move id="33" source="I5" target="I6"/>
  <move id="34" source="B8" target="B7"/>
  <move id="35" source="A4" target="B4"/>
  <move id="36" source="B7" target="B6"/>
  <move id="37" source="C4" target="D4"/>
  <move id="38" source="B6" target="B5"/>
  <move id="39" source="D4" target="C4"/>
  <move id="40" source="D8" target="D7"/>
  <move id="41" source="B4" target="A4"/>
  <move id="42" source="C7" target="B7"/>
  <move id="43" source="C4" target="B4"/>
  <move id="44" source="B5" target="A5"/>
  <move id="45" source="B4" target="B5"/>
  <move id="46" source="A5" target="A4"/>
  <move id="47" source="C3" target="C4"/>
  <move id="48" source="E7" target="E6"/>
  <move id="49" source="C4" target="B4"/>
  <move id="50" source="A4" target="A5"/>
  <move id="51" source="B5" target="A5"/>
  <move id="52" source="D7" target="D8"/>
  <move id="53" source="A5" target="A6"/>
  <move id="54" source="E6" target="F6"/>
  <move id="55" source="A6" target="A7"/>
  <move id="56" source="B7" target="C7"/>
  <move id="57" source="A7" target="A8"/>
  <move id="58" source="C7" target="D7"/>
  <move id="59" source="I6" target="I7"/>
  <move id="60" source="K7" target="I7"/>
  <move id="61" source="F4" target="E4"/>
  <move id="62" source="D7" target="E7"/>
  <move id="63" source="G4" target="F4"/>
  <move id="64" source="E7" target="E6"/>
  <move id="65" source="F4" target="F5"/>
  <move id="66" source="I7" target="I6"/>
  <move id="67" source="F5" target="F6"/>
  <move id="68" source="E6" target="F6"/>
  <move id="69" source="E4" target="F4"/>
  <move id="70" source="H7" target="I7"/>
  <move id="71" source="B4" target="B5"/>
  <move id="72" source="I7" target="K7"/>
  <move id="73" source="B5" target="B6"/>
  <move id="74" source="I8" target="I7"/>
  <move id="75" source="B6" target="B7"/>
  <move id="76" source="F7" target="E7"/>
  <move id="77" source="B7" target="C7"/>
  <move id="78" source="F8" target="F7"/>
  <player id="1">Player 1</player>
  <player id="2">Player 2</player>
  <result type="3" winner="2"/>
 </game>
</stratego>