<?xml version="1.0" encoding="UTF-8"?>
<stratego>
 <game type="classic">
  
  <field content="BEEBEBMBGEGFIBFHGBDIDDGJDLICDFHDDEHDFJHKAA__AA__AAAA__AA__AATTQOPTPTRPXPSSWPPNSRVUQUVRPUSPYQQNQNNRNN"/>
  <move id="1" source="I4" target="I5"/>
  <move id="2" source="K7" target="K4"/>
  <move id="3" source="I5" target="I6"/>
  <move id="4" source="B7" target="B6"/>
  <move id="5" source="I6" target="I7"/>
  <move id="6" source="H7" target="I7"/>
  <move id="7" source="A4" target="A5"/>
  <move id="8" source="G7" target="H7"/>
  <move id="9" source="A5" target="B5"/>
  <move id="10" source="B6" target="B5"/>
  <move id="11" source="A3" target="A4"/>
  <move id="12" source="A7" target="A6"/>
  <move id="13" source="A4" target="A5"/>
  <move id="14" source="A6" target="A5"/>
  <move id="15" source="B4" target="B8"/>
  <move id="16" source="C8" target="B8"/>
  <move id="17" source="C4" target="B4"/>
  <move id="18" source="B8" target="B7"/>
  <move id="19" source="B4" target="A4"/>
  <move id="20" source="A5" target="A4"/>
  <move id="21" source="B3" target="B7"/>
  <move id="22" source="A4" target="A5"/>
  <move id="23" source="C3" target="B3"/>
  <move id="24" source="A5" target="A6"/>
  <move id="25" source="B3" target="B4"/>
  <move id="26" source="B9" target="B8"/>
  <move id="27" source="B4" target="B5"/>
  <move id="28" source="B8" target="C8"/>
  <move id="29" source="D4" target="C4"/>
  <move id="30" source="B7" target="B6"/>
  <move id="31" source="C4" target="B4"/>
  <move id="32" source="B6" target="B5"/>
  <move id="33" source="B4" target="A4"/>
  <move id="34" source="C8" target="B8"/>
  <move id="35" source="E4" target="D4"/>
  <move id="36" source="B8" target="B7"/>
  <move id="37" source="D4" target="C4"/>
  <move id="38" source="B7" target="B6"/>
  <move id="39" source="C4" target="B4"/>
  <move id="40" source="B6" target="B5"/>
  <move id="41" source="B4" target="B5"/>
  <move id="42" source="B5" target="B6"/>
  <move id="43" source="F4" target="F7"/>
  <move id="44" source="B6" target="B7"/>
  <move id="45" source="F3" target="F4"/>
  <move id="46" source="E7" target="E3"/>
  <move id="47" source="F4" target="F5"/>
  <move id="48" source="F7" target="E7"/>
  <move id="49" source="F5" target="F6"/>
  <move id="50" source="F8" target="F7"/>
  <move id="51" source="F6" target="F7"/>
  <move id="52" source="E7" target="E6"/>
  <move id="53" source="D3" target="E3"/>
  <move id="54" source="A6" target="A5"/>
  <move id="55" source="A4" target="B4"/>
  <move id="56" source="A5" target="B5"/>
  <move id="57" source="B4" target="B3"/>
  <move id="58" source="B5" target="B4"/>
  <move id="59" source="B3" target="C3"/>
  <move id="60" source="B7" target="A7"/>
  <move id="61" source="C3" target="D3"/>
  <move id="62" source="B4" target="C4"/>
  <move id="63" source="E3" target="E4"/>
  <move id="64" source="C7" target="B7"/>
  <move id="65" source="D3" target="E3"/>
  <move id="66" source="B7" target="B6"/>
  <move id="67" source="E3" target="F3"/>
  <move id="68" source="B6" target="B5"/>
  <move id="69" source="E4" target="E5"/>
  <move id="70" source="E6" target="E7"/>
  <move id="71" source="F7" target="E7"/>
  <move id="72" source="D7" target="E7"/>
  <move id="73" source="E5" target="E6"/>
  <move id="74" source="B5" target="B4"/>
  <move id="75" source="E6" target="E7"/>
  <move id="76" source="E8" target="E7"/>
  <move id="77" source="K4" target="K5"/>
  <move id="78" source="H7" target="I7"/>
  <move id="79" source="I3" target="I7"/>
  <move id="80" source="I8" target="I7"/>
  <move id="81" source="K5" target="K6"/>
  <move id="82" source="B4" target="A4"/>
  <move id="83" source="K6" target="K7"/>
  <move id="84" source="I7" target="I6"/>
  <move id="85" source="K7" target="K8"/>
  <move id="86" source="I6" target="K6"/>
  <move id="87" source="K8" target="K7"/>
  <move id="88" source="K6" target="K5"/>
  <move id="89" source="H4" target="I4"/>
  <move id="90" source="E7" target="F7"/>
  <move id="91" source="K7" target="K6"/>
  <move id="92" source="K5" target="K4"/>
  <move id="93" source="I4" target="K4"/>
  <move id="94" source="A4" target="A3"/>
  <move id="95" source="K6" target="K7"/>
  <move id="96" source="A3" target="A2"/>
  <move id="97" source="A2" target="A3"/>
  <move id="98" source="A7" target="A6"/>
  <move id="99" source="K7" target="K8"/>
  <move id="100" source="A6" target="A5"/>
  <move id="101" source="I2" target="I9"/>
  <move id="102" source="K9" target="K8"/>
  <move id="103" source="K8" target="K9"/>
  <move id="104" source="I9" target="I8"/>
  <move id="105" source="K9" target="K:"/>
  <move id="106" source="F7" target="G7"/>
  <player id="1">Player 1</player>
  <player id="2">Player 2</player>
  <result type="3" winner="2"/>
 </game>
</stratego>