<?xml version="1.0" encoding="UTF-8"?>
<stratego>
 <game type="classic">
  
  <field content="EBMBDDDBEDIIBIDDDGBDGGLEHKCBFGFHEJFHJEFHAA__AA__AAAA__AA__AASRNOUSWTRSRPPVXTVUPNNSPTRUYNTQQPPQNQPPQN"/>
  <move id="1" source="I4" target="I5"/>
  <move id="2" source="I7" target="I6"/>
  <move id="3" source="K4" target="K5"/>
  <move id="4" source="F7" target="F6"/>
  <move id="5" source="A4" target="A5"/>
  <move id="6" source="E7" target="E6"/>
  <move id="7" source="B4" target="B5"/>
  <move id="8" source="F6" target="F5"/>
  <move id="9" source="K5" target="K6"/>
  <move id="10" source="E6" target="E5"/>
  <move id="11" source="A5" target="A6"/>
  <move id="12" source="K7" target="K6"/>
  <move id="13" source="K6" target="I6"/>
  <move id="14" source="I8" target="I7"/>
  <move id="15" source="I6" target="K6"/>
  <move id="16" source="I7" target="K7"/>
  <move id="17" source="K6" target="K5"/>
  <move id="18" source="K7" target="K6"/>
  <move id="19" source="K5" target="K4"/>
  <move id="20" source="K6" target="K5"/>
  <move id="21" source="K4" target="I4"/>
  <move id="22" source="K5" target="I5"/>
  <move id="23" source="I5" target="I6"/>
  <move id="24" source="H7" target="I7"/>
  <move id="25" source="I4" target="I5"/>
  <move id="26" source="I7" target="I6"/>
  <move id="27" source="I5" target="I6"/>
  <move id="28" source="B7" target="B6"/>
  <move id="29" source="A6" target="A7"/>
  <move id="30" source="B6" target="A6"/>
  <move id="31" source="I3" target="I4"/>
  <move id="32" source="B8" target="B7"/>
  <move id="33" source="B5" target="B6"/>
  <move id="34" source="B7" target="B6"/>
  <move id="35" source="B6" target="A6"/>
  <move id="36" source="A7" target="B7"/>
  <move id="37" source="B3" target="B4"/>
  <move id="38" source="E5" target="E4"/>
  <move id="39" source="D4" target="E4"/>
  <move id="40" source="F5" target="F6"/>
  <move id="41" source="B4" target="B5"/>
  <move id="42" source="F6" target="F7"/>
  <move id="43" source="B5" target="B6"/>
  <move id="44" source="C8" target="B8"/>
  <move id="45" source="I4" target="I5"/>
  <move id="46" source="F7" target="E7"/>
  <move id="47" source="I5" target="I6"/>
  <move id="48" source="G7" target="F7"/>
  <move id="49" source="E4" target="D4"/>
  <move id="50" source="F7" target="F6"/>
  <move id="51" source="E3" target="E4"/>
  <move id="52" source="F6" target="F5"/>
  <move id="53" source="I6" target="I7"/>
  <move id="54" source="F5" target="F4"/>
  <move id="55" source="F3" target="F4"/>
  <move id="56" source="E7" target="E6"/>
  <move id="57" source="C4" target="B4"/>
  <move id="58" source="E6" target="E5"/>
  <move id="59" source="E2" target="E3"/>
  <move id="60" source="E5" target="E4"/>
  <move id="61" source="K3" target="I3"/>
  <move id="62" source="E8" target="E7"/>
  <move id="63" source="F2" target="F3"/>
  <move id="64" source="E7" target="E6"/>
  <move id="65" source="F3" target="F4"/>
  <move id="66" source="F8" target="F7"/>
  <move id="67" source="F4" target="F5"/>
  <move id="68" source="D7" target="E7"/>
  <move id="69" source="B4" target="B5"/>
  <move id="70" source="G8" target="G7"/>
  <move id="71" source="E4" target="F4"/>
  <move id="72" source="F7" target="F8"/>
  <move id="73" source="E3" target="E4"/>
  <move id="74" source="F8" target="E8"/>
  <move id="75" source="E4" target="E5"/>
  <move id="76" source="G7" target="F7"/>
  <move id="77" source="F5" target="F6"/>
  <move id="78" source="E6" target="E5"/>
  <move id="79" source="E1" target="E2"/>
  <move id="80" source="E5" target="E6"/>
  <move id="81" source="E2" target="E3"/>
  <move id="82" source="E6" target="F6"/>
  <move id="83" source="B5" target="A5"/>
  <move id="84" source="F6" target="E6"/>
  <move id="85" source="B6" target="B7"/>
  <move id="86" source="B8" target="B5"/>
  <move id="87" source="D4" target="C4"/>
  <move id="88" source="B5" target="A5"/>
  <move id="89" source="C4" target="B4"/>
  <move id="90" source="D8" target="D7"/>
  <move id="91" source="B4" target="B5"/>
  <move id="92" source="E6" target="E5"/>
  <move id="93" source="B5" target="B6"/>
  <move id="94" source="E5" target="E4"/>
  <move id="95" source="F4" target="F3"/>
  <move id="96" source="E4" target="E3"/>
  <move id="97" source="B6" target="B7"/>
  <move id="98" source="E3" target="F3"/>
  <move id="99" source="G3" target="F3"/>
  <move id="100" source="F7" target="F6"/>
  <move id="101" source="B7" target="B8"/>
  <move id="102" source="F6" target="F5"/>
  <move id="103" source="B8" target="C8"/>
  <move id="104" source="F5" target="F4"/>
  <move id="105" source="C8" target="D8"/>
  <move id="106" source="F4" target="F3"/>
  <move id="107" source="D8" target="D7"/>
  <move id="108" source="F3" target="F2"/>
  <move id="109" source="G4" target="F4"/>
  <move id="110" source="F2" target="G2"/>
  <move id="111" source="F4" target="F5"/>
  <move id="112" source="G2" target="H2"/>
  <move id="113" source="F5" target="F6"/>
  <move id="114" source="H2" target="H3"/>
  <move id="115" source="B2" target="B3"/>
  <move id="116" source="E7" target="E6"/>
  <move id="117" source="F6" target="E6"/>
  <move id="118" source="E8" target="E7"/>
  <player id="1">Player 1</player>
  <player id="2">Player 2</player>
  <result type="3" winner="1"/>
 </game>
</stratego>