<?xml version="1.0" encoding="UTF-8"?>
<stratego>
 <game type="classic">
  
  <field content="FFGMBEEDHDFFGBEEEHIIDDGDDDHIJCBBGDBBHJLKAA__AA__AAAA__AA__AARNTNRRTSPPPSUPWXQPVTTQQVOQNSQNPSRPUNYNUP"/>
  <move id="1" source="I4" target="I5"/>
  <move id="2" source="I7" target="I5"/>
  <move id="3" source="I5" target="I6"/>
  <move id="4" source="A7" target="A6"/>
  <move id="5" source="K4" target="K5"/>
  <move id="6" source="K7" target="K5"/>
  <move id="7" source="K3" target="K4"/>
  <move id="8" source="A6" target="A5"/>
  <move id="9" source="I6" target="I7"/>
  <move id="10" source="A8" target="A7"/>
  <move id="11" source="I7" target="I8"/>
  <move id="12" source="F7" target="F6"/>
  <move id="13" source="I8" target="I9"/>
  <move id="14" source="F8" target="F7"/>
  <move id="15" source="I9" target="I:"/>
  <move id="16" source="F6" target="F5"/>
  <move id="17" source="I3" target="K3"/>
  <move id="18" source="F7" target="F6"/>
  <move id="19" source="K5" target="K6"/>
  <move id="20" source="E8" target="F8"/>
  <move id="21" source="K4" target="K5"/>
  <move id="22" source="E9" target="E8"/>
  <move id="23" source="K3" target="K4"/>
  <move id="24" source="F5" target="F4"/>
  <move id="25" source="K2" target="K3"/>
  <move id="26" source="E7" target="E6"/>
  <move id="27" source="I2" target="K2"/>
  <move id="28" source="E6" target="E5"/>
  <move id="29" source="H2" target="I2"/>
  <move id="30" source="E5" target="E4"/>
  <move id="31" source="H1" target="H2"/>
  <move id="32" source="F8" target="F7"/>
  <move id="33" source="I1" target="H1"/>
  <move id="34" source="E8" target="E7"/>
  <move id="35" source="I2" target="I1"/>
  <move id="36" source="F7" target="F8"/>
  <move id="37" source="H2" target="I2"/>
  <move id="38" source="G7" target="F7"/>
  <move id="39" source="I2" target="I9"/>
  <move id="40" source="F6" target="F5"/>
  <move id="41" source="I9" target="K9"/>
  <move id="42" source="F7" target="F6"/>
  <move id="43" source="I:" target="K:"/>
  <move id="44" source="F6" target="E6"/>
  <move id="45" source="I1" target="I2"/>
  <move id="46" source="E6" target="E5"/>
  <move id="47" source="I2" target="H2"/>
  <move id="48" source="F5" target="F6"/>
  <move id="49" source="K1" target="I1"/>
  <move id="50" source="E7" target="E6"/>
  <move id="51" source="I1" target="I:"/>
  <move id="52" source="H7" target="G7"/>
  <move id="53" source="I:" target="H:"/>
  <move id="54" source="G7" target="F7"/>
  <move id="55" source="H3" target="I3"/>
  <move id="56" source="F7" target="E7"/>
  <move id="57" source="I3" target="I4"/>
  <move id="58" source="F6" target="F7"/>
  <move id="59" source="I4" target="I5"/>
  <move id="60" source="F7" target="G7"/>
  <move id="61" source="K:" target="I:"/>
  <move id="62" source="G7" target="H7"/>
  <move id="63" source="I:" target="I9"/>
  <move id="64" source="E6" target="F6"/>
  <move id="65" source="I9" target="H9"/>
  <move id="66" source="F6" target="F7"/>
  <move id="67" source="I5" target="I6"/>
  <move id="68" source="F7" target="G7"/>
  <move id="69" source="I6" target="I7"/>
  <move id="70" source="H7" target="I7"/>
  <move id="71" source="H9" target="I9"/>
  <move id="72" source="I7" target="K7"/>
  <move id="73" source="I9" target="I8"/>
  <move id="74" source="G7" target="H7"/>
  <move id="75" source="H2" target="I2"/>
  <move id="76" source="G8" target="G7"/>
  <move id="77" source="G2" target="H2"/>
  <move id="78" source="G7" target="F7"/>
  <move id="79" source="H2" target="H3"/>
  <move id="80" source="F7" target="F6"/>
  <move id="81" source="H3" target="I3"/>
  <move id="82" source="F6" target="F5"/>
  <move id="83" source="I3" target="I4"/>
  <move id="84" source="F5" target="F4"/>
  <move id="85" source="G4" target="F4"/>
  <move id="86" source="F8" target="F7"/>
  <move id="87" source="I4" target="I5"/>
  <move id="88" source="F7" target="F6"/>
  <move id="89" source="I5" target="I6"/>
  <move id="90" source="F6" target="F5"/>
  <move id="91" source="I6" target="I7"/>
  <move id="92" source="K7" target="I7"/>
  <move id="93" source="I8" target="I7"/>
  <move id="94" source="F5" target="F4"/>
  <move id="95" source="K6" target="I6"/>
  <move id="96" source="F4" target="G4"/>
  <move id="97" source="I6" target="I7"/>
  <move id="98" source="H8" target="F8"/>
  <move id="99" source="I7" target="H7"/>
  <move id="100" source="F8" target="F3"/>
  <move id="101" source="H7" target="G7"/>
  <move id="102" source="E5" target="F5"/>
  <move id="103" source="G7" target="F7"/>
  <move id="104" source="F5" target="F4"/>
  <move id="105" source="F7" target="E7"/>
  <move id="106" source="F4" target="F3"/>
  <move id="107" source="H4" target="I4"/>
  <move id="108" source="F3" target="G3"/>
  <move id="109" source="I4" target="I5"/>
  <move id="110" source="G4" target="H4"/>
  <move id="111" source="I5" target="I6"/>
  <move id="112" source="H4" target="I4"/>
  <move id="113" source="K3" target="I3"/>
  <move id="114" source="I4" target="K4"/>
  <move id="115" source="E7" target="D7"/>
  <move id="116" source="K4" target="K5"/>
  <move id="117" source="I6" target="I7"/>
  <move id="118" source="K8" target="I8"/>
  <move id="119" source="I7" target="H7"/>
  <move id="120" source="D9" target="E9"/>
  <move id="121" source="H7" target="G7"/>
  <move id="122" source="E9" target="E8"/>
  <move id="123" source="G7" target="F7"/>
  <move id="124" source="A5" target="A4"/>
  <move id="125" source="F7" target="E7"/>
  <move id="126" source="E8" target="E7"/>
  <move id="127" source="I3" target="H3"/>
  <move id="128" source="K5" target="K4"/>
  <move id="129" source="H3" target="G3"/>
  <move id="130" source="K4" target="I4"/>
  <move id="131" source="G3" target="F3"/>
  <move id="132" source="I4" target="H4"/>
  <move id="133" source="F3" target="F4"/>
  <move id="134" source="H4" target="G4"/>
  <move id="135" source="F4" target="F5"/>
  <move id="136" source="E:" target="E9"/>
  <move id="137" source="F5" target="F6"/>
  <move id="138" source="E9" target="E8"/>
  <move id="139" source="F6" target="F7"/>
  <move id="140" source="G4" target="F4"/>
  <move id="141" source="F7" target="F8"/>
  <move id="142" source="E8" target="F8"/>
  <move id="143" source="I2" target="I3"/>
  <move id="144" source="F4" target="G4"/>
  <move id="145" source="I3" target="I4"/>
  <move id="146" source="I8" target="H8"/>
  <move id="147" source="I4" target="I5"/>
  <move id="148" source="D8" target="D9"/>
  <move id="149" source="I5" target="I6"/>
  <move id="150" source="C8" target="D8"/>
  <move id="151" source="I6" target="I7"/>
  <move id="152" source="D8" target="E8"/>
  <move id="153" source="I7" target="H7"/>
  <move id="154" source="H8" target="G8"/>
  <move id="155" source="H7" target="H8"/>
  <move id="156" source="G8" target="H8"/>
  <move id="157" source="F2" target="F3"/>
  <move id="158" source="E8" target="E7"/>
  <move id="159" source="F3" target="F4"/>
  <move id="160" source="G4" target="F4"/>
  <move id="161" source="K2" target="K3"/>
  <move id="162" source="E7" target="F7"/>
  <move id="163" source="K3" target="K4"/>
  <move id="164" source="F7" target="G7"/>
  <move id="165" source="K4" target="K5"/>
  <move id="166" source="G7" target="H7"/>
  <move id="167" source="K5" target="K6"/>
  <move id="168" source="H7" target="I7"/>
  <move id="169" source="K6" target="K7"/>
  <move id="170" source="I7" target="K7"/>
  <move id="171" source="H1" target="H2"/>
  <move id="172" source="C7" target="C8"/>
  <move id="173" source="H2" target="H3"/>
  <move id="174" source="C8" target="D8"/>
  <move id="175" source="H3" target="H4"/>
  <move id="176" source="D8" target="E8"/>
  <move id="177" source="H4" target="I4"/>
  <move id="178" source="E8" target="F8"/>
  <move id="179" source="I4" target="I5"/>
  <move id="180" source="F8" target="G8"/>
  <move id="181" source="I5" target="I6"/>
  <move id="182" source="G8" target="H8"/>
  <move id="183" source="E3" target="F3"/>
  <move id="184" source="F4" target="F3"/>
  <move id="185" source="D3" target="F3"/>
  <move id="186" source="H8" target="I8"/>
  <player id="1">Player 1</player>
  <player id="2">Player 2</player>
  <result type="10" winner="3"/>
 </game>
</stratego>