<?xml version="1.0" encoding="UTF-8"?>
<stratego>
 <game type="classic">
  
  <field content="MBBEFFBEDEBEJIBBEDDFIGLGDHDCIKGFHDGDJHDHAA__AA__AAAA__AA__AARPNUQSUNPRPNSVWXVSNPNSUTTPOPRNRQTYTQPPQQ"/>
  <move id="1" source="E4" target="E5"/>
  <move id="2" source="F7" target="F6"/>
  <move id="3" source="B4" target="B5"/>
  <move id="4" source="F6" target="F5"/>
  <move id="5" source="B5" target="B6"/>
  <move id="6" source="F5" target="E5"/>
  <move id="7" source="F4" target="F5"/>
  <move id="8" source="F8" target="F7"/>
  <move id="9" source="F3" target="F4"/>
  <move id="10" source="F7" target="F6"/>
  <move id="11" source="C4" target="B4"/>
  <move id="12" source="F6" target="E6"/>
  <move id="13" source="B4" target="B5"/>
  <move id="14" source="E6" target="E5"/>
  <move id="15" source="K4" target="K5"/>
  <move id="16" source="E5" target="E4"/>
  <move id="17" source="F4" target="E4"/>
  <move id="18" source="E4" target="D4"/>
  <move id="19" source="B6" target="B7"/>
  <move id="20" source="D4" target="D3"/>
  <move id="21" source="K5" target="K6"/>
  <move id="22" source="D3" target="E3"/>
  <move id="23" source="K6" target="K7"/>
  <move id="24" source="E3" target="E4"/>
  <move id="25" source="F5" target="F6"/>
  <move id="26" source="E4" target="F4"/>
  <move id="27" source="F6" target="F7"/>
  <move id="28" source="G7" target="F7"/>
  <move id="29" source="K7" target="K8"/>
  <move id="30" source="F4" target="G4"/>
  <move id="31" source="K3" target="K4"/>
  <move id="32" source="G4" target="F4"/>
  <move id="33" source="K4" target="K5"/>
  <move id="34" source="F7" target="G7"/>
  <move id="35" source="K5" target="K6"/>
  <move id="36" source="F9" target="F8"/>
  <move id="37" source="K6" target="K7"/>
  <move id="38" source="F8" target="F7"/>
  <player id="1">Player 1</player>
  <player id="2">Player 2</player>
  <result type="3" winner="2"/>
 </game>
</stratego>