<?xml version="1.0" encoding="UTF-8"?>
<stratego>
 <game type="barrage">
  
  <field content="DAAAAAAABMAAAAAAAAALAAAEAAAACDAAAAAKAAAAAA__AA__AAAA__AA__AAAWAAXOAAAAAAANAAAAQAAAAAAAAAAAPAAAAYAAAP"/>
  <move id="1" source="F4" target="F5"/>
  <move id="2" source="B7" target="B6"/>
  <move id="3" source="D3" target="C3"/>
  <move id="4" source="B6" target="B5"/>
  <move id="5" source="C3" target="B3"/>
  <move id="6" source="B5" target="B4"/>
  <move id="7" source="B3" target="A3"/>
  <move id="8" source="B4" target="A4"/>
  <move id="9" source="A3" target="B3"/>
  <move id="10" source="A4" target="B4"/>
  <move id="11" source="B3" target="C3"/>
  <move id="12" source="B4" target="C4"/>
  <move id="13" source="C3" target="B3"/>
  <move id="14" source="C4" target="B4"/>
  <move id="15" source="B3" target="A3"/>
  <move id="16" source="I8" target="I7"/>
  <move id="17" source="I3" target="I4"/>
  <move id="18" source="I7" target="I6"/>
  <move id="19" source="A1" target="B1"/>
  <move id="20" source="I6" target="I5"/>
  <move id="21" source="I4" target="I5"/>
  <move id="22" source="I5" target="I4"/>
  <move id="23" source="F5" target="F4"/>
  <move id="24" source="I4" target="I3"/>
  <move id="25" source="K3" target="K4"/>
  <move id="26" source="K:" target="K4"/>
  <move id="27" source="F4" target="G4"/>
  <move id="28" source="I3" target="I4"/>
  <move id="29" source="G4" target="H4"/>
  <move id="30" source="I4" target="K4"/>
  <move id="31" source="H4" target="I4"/>
  <move id="32" source="K4" target="K3"/>
  <move id="33" source="K2" target="K3"/>
  <move id="34" source="E7" target="E8"/>
  <move id="35" source="K3" target="K2"/>
  <move id="36" source="E8" target="F8"/>
  <move id="37" source="I4" target="H4"/>
  <move id="38" source="F7" target="F6"/>
  <move id="39" source="H4" target="I4"/>
  <move id="40" source="F6" target="F5"/>
  <move id="41" source="I4" target="H4"/>
  <move id="42" source="F8" target="F7"/>
  <move id="43" source="H4" target="G4"/>
  <move id="44" source="F7" target="G7"/>
  <move id="45" source="A3" target="A4"/>
  <move id="46" source="B4" target="A4"/>
  <move id="47" source="K2" target="K3"/>
  <move id="48" source="G7" target="H7"/>
  <move id="49" source="K3" target="I3"/>
  <move id="50" source="H7" target="G7"/>
  <move id="51" source="I3" target="K3"/>
  <move id="52" source="A4" target="B4"/>
  <move id="53" source="K3" target="K2"/>
  <move id="54" source="B4" target="B3"/>
  <move id="55" source="B1" target="A1"/>
  <move id="56" source="A:" target="A1"/>
  <move id="57" source="G4" target="F4"/>
  <move id="58" source="F5" target="F6"/>
  <move id="59" source="F4" target="F5"/>
  <move id="60" source="G7" target="F7"/>
  <move id="61" source="F5" target="F4"/>
  <move id="62" source="B3" target="C3"/>
  <move id="63" source="K2" target="K3"/>
  <move id="64" source="F6" target="E6"/>
  <move id="65" source="K3" target="I3"/>
  <move id="66" source="C3" target="D3"/>
  <move id="67" source="I3" target="H3"/>
  <move id="68" source="D3" target="E3"/>
  <move id="69" source="H3" target="G3"/>
  <move id="70" source="F7" target="F6"/>
  <move id="71" source="F4" target="G4"/>
  <move id="72" source="F6" target="F7"/>
  <move id="73" source="G3" target="F3"/>
  <move id="74" source="E3" target="E2"/>
  <move id="75" source="F3" target="F2"/>
  <move id="76" source="E2" target="E1"/>
  <move id="77" source="G4" target="F4"/>
  <move id="78" source="E6" target="E7"/>
  <move id="79" source="F4" target="E4"/>
  <move id="80" source="E7" target="E8"/>
  <move id="81" source="E4" target="E5"/>
  <move id="82" source="F7" target="F6"/>
  <move id="83" source="E5" target="E4"/>
  <move id="84" source="F6" target="F5"/>
  <move id="85" source="E4" target="D4"/>
  <move id="86" source="F5" target="E5"/>
  <move id="87" source="D4" target="C4"/>
  <move id="88" source="E8" target="F8"/>
  <move id="89" source="C4" target="B4"/>
  <move id="90" source="E5" target="E6"/>
  <move id="91" source="B4" target="B5"/>
  <move id="92" source="E6" target="E7"/>
  <move id="93" source="B5" target="B6"/>
  <move id="94" source="E7" target="D7"/>
  <move id="95" source="B6" target="B5"/>
  <move id="96" source="F8" target="F7"/>
  <move id="97" source="B5" target="B4"/>
  <move id="98" source="D7" target="E7"/>
  <move id="99" source="B4" target="C4"/>
  <move id="100" source="E7" target="E6"/>
  <move id="101" source="F2" target="F3"/>
  <move id="102" source="E1" target="E2"/>
  <move id="103" source="C4" target="D4"/>
  <move id="104" source="E2" target="D2"/>
  <move id="105" source="D4" target="E4"/>
  <move id="106" source="D2" target="D3"/>
  <move id="107" source="E4" target="F4"/>
  <move id="108" source="E6" target="F6"/>
  <move id="109" source="F4" target="G4"/>
  <move id="110" source="D3" target="D4"/>
  <move id="111" source="G4" target="H4"/>
  <move id="112" source="F7" target="E7"/>
  <move id="113" source="H4" target="I4"/>
  <move id="114" source="D4" target="C4"/>
  <move id="115" source="I4" target="I5"/>
  <move id="116" source="C4" target="B4"/>
  <move id="117" source="I5" target="I6"/>
  <move id="118" source="F6" target="F7"/>
  <move id="119" source="I6" target="I5"/>
  <move id="120" source="B4" target="B5"/>
  <move id="121" source="I5" target="I4"/>
  <move id="122" source="F7" target="F6"/>
  <move id="123" source="I4" target="H4"/>
  <move id="124" source="F6" target="F5"/>
  <move id="125" source="F3" target="F4"/>
  <move id="126" source="F5" target="F6"/>
  <move id="127" source="F4" target="F5"/>
  <move id="128" source="F6" target="F7"/>
  <move id="129" source="F5" target="F6"/>
  <move id="130" source="F7" target="G7"/>
  <move id="131" source="H4" target="G4"/>
  <move id="132" source="B5" target="B4"/>
  <move id="133" source="G4" target="F4"/>
  <move id="134" source="B4" target="C4"/>
  <move id="135" source="F4" target="E4"/>
  <move id="136" source="G7" target="G8"/>
  <move id="137" source="E4" target="E5"/>
  <move id="138" source="G8" target="F8"/>
  <move id="139" source="E5" target="E6"/>
  <move id="140" source="F8" target="E8"/>
  <move id="141" source="F6" target="F5"/>
  <move id="142" source="C4" target="D4"/>
  <move id="143" source="F5" target="F4"/>
  <move id="144" source="E7" target="D7"/>
  <move id="145" source="F4" target="E4"/>
  <move id="146" source="E8" target="E7"/>
  <move id="147" source="E6" target="F6"/>
  <move id="148" source="E7" target="F7"/>
  <move id="149" source="F6" target="F5"/>
  <move id="150" source="F7" target="F6"/>
  <move id="151" source="F5" target="F4"/>
  <move id="152" source="F6" target="F5"/>
  <move id="153" source="F4" target="G4"/>
  <move id="154" source="D4" target="D3"/>
  <move id="155" source="G4" target="H4"/>
  <move id="156" source="F5" target="F6"/>
  <move id="157" source="E4" target="E3"/>
  <move id="158" source="D3" target="D4"/>
  <move id="159" source="H4" target="H3"/>
  <move id="160" source="D7" target="E7"/>
  <move id="161" source="H3" target="G3"/>
  <move id="162" source="E7" target="E6"/>
  <move id="163" source="G3" target="F3"/>
  <move id="164" source="F6" target="F5"/>
  <move id="165" source="F3" target="F2"/>
  <move id="166" source="E6" target="E5"/>
  <move id="167" source="F2" target="E2"/>
  <move id="168" source="D4" target="E4"/>
  <move id="169" source="E3" target="E4"/>
  <move id="170" source="E5" target="E4"/>
  <move id="171" source="E2" target="E3"/>
  <move id="172" source="E4" target="F4"/>
  <move id="173" source="E3" target="E4"/>
  <move id="174" source="F4" target="F3"/>
  <move id="175" source="E4" target="D4"/>
  <move id="176" source="F5" target="E5"/>
  <move id="177" source="D4" target="C4"/>
  <move id="178" source="E5" target="E6"/>
  <move id="179" source="C4" target="B4"/>
  <move id="180" source="E6" target="E7"/>
  <move id="181" source="B4" target="B5"/>
  <move id="182" source="E7" target="D7"/>
  <move id="183" source="B5" target="B6"/>
  <move id="184" source="F3" target="G3"/>
  <move id="185" source="B6" target="B7"/>
  <move id="186" source="G3" target="H3"/>
  <move id="187" source="B7" target="B8"/>
  <move id="188" source="D7" target="C7"/>
  <move id="189" source="B8" target="B9"/>
  <move id="190" source="C7" target="C8"/>
  <move id="191" source="B9" target="B:"/>
  <move id="192" source="C8" target="C9"/>
  <player id="1">Player 1</player>
  <player id="2">Player 2</player>
  <result type="3" winner="2"/>
 </game>
</stratego>