<?xml version="1.0" encoding="UTF-8"?>
<stratego>
 <game type="barrage">
  
  <field content="BMKAAAAAAAELCAAAAAAADDAAAAAAAAAAAAAAAAAAAA__AA__AAAA__AA__AAAAAAPAAAXAQPAAAAAAAAOWAAAAAAAAYNAAAAAAAA"/>
  <move id="1" source="B3" target="B4"/>
  <move id="2" source="I7" target="I6"/>
  <move id="3" source="A3" target="A4"/>
  <move id="4" source="I6" target="I5"/>
  <move id="5" source="A2" target="A3"/>
  <move id="6" source="I5" target="I4"/>
  <move id="7" source="A4" target="A5"/>
  <move id="8" source="I4" target="I3"/>
  <move id="9" source="A3" target="A4"/>
  <move id="10" source="I3" target="H3"/>
  <move id="11" source="A5" target="A6"/>
  <move id="12" source="H3" target="G3"/>
  <move id="13" source="A4" target="A5"/>
  <move id="14" source="G3" target="F3"/>
  <move id="15" source="B4" target="B5"/>
  <move id="16" source="F3" target="E3"/>
  <move id="17" source="B5" target="B6"/>
  <move id="18" source="E3" target="D3"/>
  <move id="19" source="A6" target="A7"/>
  <move id="20" source="D3" target="D4"/>
  <move id="21" source="A5" target="A6"/>
  <move id="22" source="D4" target="C4"/>
  <move id="23" source="B6" target="B7"/>
  <move id="24" source="C4" target="B4"/>
  <move id="25" source="A7" target="A8"/>
  <move id="26" source="B4" target="A4"/>
  <move id="27" source="A6" target="A7"/>
  <move id="28" source="A4" target="A3"/>
  <move id="29" source="B7" target="C7"/>
  <move id="30" source="A3" target="A2"/>
  <move id="31" source="C7" target="C8"/>
  <move id="32" source="B8" target="B2"/>
  <move id="33" source="B2" target="A2"/>
  <move id="34" source="E7" target="E6"/>
  <move id="35" source="A7" target="A8"/>
  <move id="36" source="E6" target="E5"/>
  <move id="37" source="C8" target="A8"/>
  <move id="38" source="E5" target="E4"/>
  <move id="39" source="A8" target="A9"/>
  <move id="40" source="B9" target="A9"/>
  <move id="41" source="C1" target="D1"/>
  <move id="42" source="E4" target="B4"/>
  <move id="43" source="D1" target="D2"/>
  <move id="44" source="A9" target="A8"/>
  <move id="45" source="D2" target="D3"/>
  <move id="46" source="A8" target="A7"/>
  <move id="47" source="D3" target="D4"/>
  <move id="48" source="A7" target="A6"/>
  <move id="49" source="D4" target="E4"/>
  <move id="50" source="A6" target="A5"/>
  <move id="51" source="E4" target="E5"/>
  <move id="52" source="A5" target="A6"/>
  <move id="53" source="E5" target="E6"/>
  <move id="54" source="A6" target="B6"/>
  <move id="55" source="E6" target="E7"/>
  <move id="56" source="B6" target="B7"/>
  <move id="57" source="E7" target="E8"/>
  <move id="58" source="B7" target="B8"/>
  <move id="59" source="E8" target="E9"/>
  <move id="60" source="B8" target="B9"/>
  <move id="61" source="E9" target="D9"/>
  <move id="62" source="B9" target="C9"/>
  <move id="63" source="D9" target="D8"/>
  <move id="64" source="B4" target="B8"/>
  <move id="65" source="D8" target="D7"/>
  <move id="66" source="C9" target="C8"/>
  <move id="67" source="D7" target="E7"/>
  <move id="68" source="C8" target="D8"/>
  <move id="69" source="E7" target="E6"/>
  <move id="70" source="D8" target="D7"/>
  <move id="71" source="E6" target="E5"/>
  <move id="72" source="D7" target="E7"/>
  <move id="73" source="E5" target="E4"/>
  <move id="74" source="E7" target="E6"/>
  <move id="75" source="E4" target="D4"/>
  <move id="76" source="E6" target="E7"/>
  <move id="77" source="D4" target="C4"/>
  <move id="78" source="E7" target="D7"/>
  <move id="79" source="C4" target="B4"/>
  <move id="80" source="D7" target="C7"/>
  <move id="81" source="B4" target="B5"/>
  <move id="82" source="C7" target="B7"/>
  <move id="83" source="B5" target="B4"/>
  <move id="84" source="B7" target="B6"/>
  <move id="85" source="B4" target="C4"/>
  <move id="86" source="B8" target="A8"/>
  <move id="87" source="C4" target="D4"/>
  <move id="88" source="B6" target="B5"/>
  <move id="89" source="D4" target="E4"/>
  <move id="90" source="B5" target="B4"/>
  <move id="91" source="E4" target="E5"/>
  <move id="92" source="B4" target="B3"/>
  <move id="93" source="E5" target="E6"/>
  <move id="94" source="B3" target="B2"/>
  <move id="95" source="E6" target="E7"/>
  <move id="96" source="B2" target="C2"/>
  <move id="97" source="E7" target="E8"/>
  <move id="98" source="C2" target="B2"/>
  <move id="99" source="E8" target="D8"/>
  <move id="100" source="B2" target="B1"/>
  <player id="1">Player 1</player>
  <player id="2">Player 2</player>
  <result type="1" winner="2"/>
 </game>
</stratego>