<?xml version="1.0" encoding="UTF-8"?>
<stratego>
 <game type="classic">
  
  <field content="EEIEEBFBFEDJMJBCDDBDFHFGBKBLIGDGIHGHDDHDAA__AA__AAAA__AA__AAPRWPRPPXPRUTPVTUVPTUSPTONSSNRSNQQNYNQQQN"/>
  <move id="1" source="F4" target="F5"/>
  <move id="2" source="I7" target="I6"/>
  <move id="3" source="I4" target="I5"/>
  <move id="4" source="I8" target="I7"/>
  <move id="5" source="I5" target="I6"/>
  <move id="6" source="I7" target="I8"/>
  <move id="7" source="I6" target="I5"/>
  <move id="8" source="F7" target="F6"/>
  <move id="9" source="K4" target="K5"/>
  <move id="10" source="K7" target="K6"/>
  <move id="11" source="F5" target="F6"/>
  <move id="12" source="K8" target="K7"/>
  <move id="13" source="F6" target="F5"/>
  <move id="14" source="F8" target="F7"/>
  <move id="15" source="F5" target="F4"/>
  <move id="16" source="F7" target="F6"/>
  <move id="17" source="I5" target="I4"/>
  <move id="18" source="F6" target="F5"/>
  <move id="19" source="I4" target="K4"/>
  <move id="20" source="I8" target="I7"/>
  <move id="21" source="H4" target="I4"/>
  <move id="22" source="E7" target="E6"/>
  <move id="23" source="I4" target="I5"/>
  <move id="24" source="E6" target="E5"/>
  <move id="25" source="K4" target="I4"/>
  <move id="26" source="K6" target="I6"/>
  <move id="27" source="A4" target="A5"/>
  <move id="28" source="I6" target="K6"/>
  <move id="29" source="A5" target="A4"/>
  <move id="30" source="G7" target="F7"/>
  <move id="31" source="I5" target="I7"/>
  <move id="32" source="F7" target="F8"/>
  <move id="33" source="K5" target="K6"/>
  <move id="34" source="I7" target="I8"/>
  <move id="35" source="I4" target="I5"/>
  <move id="36" source="K7" target="I7"/>
  <move id="37" source="K3" target="K4"/>
  <move id="38" source="I7" target="I6"/>
  <move id="39" source="I5" target="I4"/>
  <move id="40" source="K6" target="K7"/>
  <move id="41" source="K4" target="K5"/>
  <move id="42" source="K7" target="K8"/>
  <move id="43" source="K5" target="K6"/>
  <move id="44" source="I6" target="I5"/>
  <move id="45" source="I4" target="H4"/>
  <move id="46" source="K8" target="K7"/>
  <move id="47" source="K6" target="K7"/>
  <move id="48" source="I5" target="K5"/>
  <move id="49" source="K2" target="K5"/>
  <move id="50" source="K5" target="K6"/>
  <move id="51" source="K7" target="K8"/>
  <move id="52" source="I8" target="K8"/>
  <move id="53" source="H4" target="I4"/>
  <move id="54" source="H8" target="I8"/>
  <move id="55" source="I4" target="K4"/>
  <move id="56" source="I8" target="I7"/>
  <move id="57" source="K4" target="K3"/>
  <move id="58" source="I7" target="I6"/>
  <move id="59" source="K3" target="K2"/>
  <move id="60" source="I6" target="I5"/>
  <move id="61" source="G4" target="H4"/>
  <move id="62" source="K6" target="I6"/>
  <move id="63" source="H4" target="I4"/>
  <move id="64" source="I6" target="I7"/>
  <move id="65" source="I4" target="I5"/>
  <move id="66" source="I7" target="I8"/>
  <move id="67" source="H3" target="H4"/>
  <move id="68" source="I8" target="H8"/>
  <move id="69" source="H4" target="I4"/>
  <move id="70" source="I9" target="I8"/>
  <move id="71" source="I4" target="I5"/>
  <move id="72" source="I8" target="I7"/>
  <move id="73" source="I5" target="K5"/>
  <move id="74" source="I7" target="K7"/>
  <move id="75" source="K5" target="K6"/>
  <move id="76" source="K8" target="I8"/>
  <move id="77" source="K6" target="I6"/>
  <move id="78" source="K7" target="I7"/>
  <move id="79" source="I6" target="K6"/>
  <move id="80" source="I7" target="K7"/>
  <move id="81" source="K6" target="K5"/>
  <move id="82" source="K7" target="K6"/>
  <move id="83" source="K5" target="I5"/>
  <move id="84" source="K6" target="I6"/>
  <move id="85" source="I5" target="K5"/>
  <move id="86" source="I6" target="K6"/>
  <move id="87" source="K5" target="I5"/>
  <move id="88" source="K6" target="I6"/>
  <move id="89" source="I5" target="I4"/>
  <move id="90" source="I6" target="I5"/>
  <move id="91" source="I4" target="H4"/>
  <move id="92" source="I8" target="I9"/>
  <move id="93" source="H4" target="G4"/>
  <move id="94" source="H8" target="I8"/>
  <move id="95" source="H2" target="H3"/>
  <move id="96" source="I5" target="I6"/>
  <move id="97" source="H3" target="H4"/>
  <move id="98" source="I6" target="I7"/>
  <move id="99" source="H4" target="I4"/>
  <move id="100" source="E5" target="E6"/>
  <move id="101" source="I4" target="I7"/>
  <move id="102" source="E6" target="E7"/>
  <move id="103" source="I3" target="I4"/>
  <move id="104" source="F8" target="F7"/>
  <move id="105" source="I4" target="I5"/>
  <move id="106" source="F7" target="G7"/>
  <move id="107" source="I5" target="I6"/>
  <move id="108" source="G8" target="F8"/>
  <move id="109" source="G4" target="H4"/>
  <move id="110" source="G7" target="G8"/>
  <move id="111" source="H4" target="I4"/>
  <move id="112" source="G8" target="H8"/>
  <move id="113" source="I4" target="I5"/>
  <move id="114" source="E7" target="F7"/>
  <move id="115" source="I5" target="K5"/>
  <move id="116" source="I7" target="K7"/>
  <move id="117" source="I6" target="K6"/>
  <move id="118" source="K7" target="I7"/>
  <move id="119" source="K6" target="K7"/>
  <move id="120" source="H8" target="G8"/>
  <move id="121" source="K7" target="K8"/>
  <move id="122" source="H7" target="H8"/>
  <move id="123" source="K8" target="K7"/>
  <move id="124" source="H8" target="H7"/>
  <move id="125" source="K7" target="K8"/>
  <move id="126" source="H7" target="H8"/>
  <move id="127" source="K5" target="K6"/>
  <move id="128" source="I7" target="K7"/>
  <move id="129" source="K6" target="I6"/>
  <move id="130" source="G8" target="G7"/>
  <move id="131" source="I6" target="I7"/>
  <move id="132" source="G7" target="H7"/>
  <move id="133" source="K8" target="K7"/>
  <move id="134" source="I8" target="K8"/>
  <move id="135" source="K7" target="K6"/>
  <move id="136" source="H7" target="I7"/>
  <move id="137" source="I7" target="K7"/>
  <move id="138" source="K8" target="I8"/>
  <move id="139" source="G2" target="H2"/>
  <move id="140" source="F7" target="G7"/>
  <move id="141" source="H2" target="H3"/>
  <move id="142" source="F8" target="F7"/>
  <move id="143" source="H3" target="H4"/>
  <move id="144" source="F7" target="F6"/>
  <move id="145" source="H4" target="I4"/>
  <move id="146" source="H8" target="H7"/>
  <move id="147" source="I4" target="I5"/>
  <move id="148" source="I8" target="H8"/>
  <move id="149" source="I5" target="I6"/>
  <move id="150" source="H8" target="G8"/>
  <move id="151" source="I6" target="I7"/>
  <move id="152" source="H7" target="H8"/>
  <move id="153" source="K6" target="I6"/>
  <move id="154" source="G7" target="F7"/>
  <move id="155" source="I7" target="I8"/>
  <move id="156" source="H8" target="H7"/>
  <move id="157" source="I8" target="K8"/>
  <move id="158" source="H7" target="H8"/>
  <move id="159" source="I6" target="I5"/>
  <move id="160" source="F7" target="F8"/>
  <move id="161" source="K8" target="K9"/>
  <move id="162" source="D7" target="E7"/>
  <move id="163" source="K7" target="K8"/>
  <move id="164" source="H8" target="H7"/>
  <move id="165" source="K8" target="K9"/>
  <move id="166" source="H7" target="I7"/>
  <move id="167" source="K9" target="K8"/>
  <move id="168" source="I7" target="I6"/>
  <move id="169" source="I5" target="K5"/>
  <move id="170" source="I6" target="K6"/>
  <move id="171" source="K5" target="I5"/>
  <move id="172" source="K6" target="I6"/>
  <move id="173" source="I5" target="K5"/>
  <move id="174" source="I6" target="K6"/>
  <move id="175" source="K5" target="I5"/>
  <move id="176" source="K6" target="I6"/>
  <move id="177" source="I5" target="K5"/>
  <move id="178" source="I6" target="K6"/>
  <move id="179" source="K5" target="K4"/>
  <move id="180" source="K6" target="K5"/>
  <move id="181" source="K4" target="I4"/>
  <move id="182" source="K5" target="I5"/>
  <move id="183" source="I4" target="I3"/>
  <move id="184" source="I5" target="I4"/>
  <move id="185" source="I3" target="H3"/>
  <move id="186" source="I4" target="H4"/>
  <move id="187" source="H3" target="H2"/>
  <move id="188" source="H4" target="H3"/>
  <move id="189" source="H2" target="G2"/>
  <move id="190" source="H3" target="H4"/>
  <move id="191" source="K8" target="K7"/>
  <move id="192" source="H4" target="I4"/>
  <move id="193" source="K7" target="K6"/>
  <move id="194" source="I4" target="I5"/>
  <move id="195" source="F4" target="G4"/>
  <move id="196" source="E7" target="F7"/>
  <move id="197" source="G4" target="H4"/>
  <move id="198" source="F7" target="G7"/>
  <move id="199" source="H4" target="I4"/>
  <move id="200" source="G7" target="H7"/>
  <move id="201" source="I4" target="I5"/>
  <move id="202" source="C7" target="D7"/>
  <move id="203" source="F3" target="F4"/>
  <move id="204" source="F5" target="E5"/>
  <move id="205" source="F4" target="F5"/>
  <move id="206" source="F6" target="F7"/>
  <move id="207" source="F5" target="E5"/>
  <move id="208" source="H7" target="H8"/>
  <move id="209" source="E5" target="E6"/>
  <move id="210" source="F7" target="G7"/>
  <move id="211" source="E6" target="E7"/>
  <move id="212" source="D7" target="E7"/>
  <move id="213" source="K6" target="K5"/>
  <move id="214" source="I5" target="I6"/>
  <move id="215" source="K5" target="I5"/>
  <move id="216" source="I6" target="K6"/>
  <move id="217" source="E4" target="F4"/>
  <move id="218" source="G7" target="F7"/>
  <move id="219" source="F4" target="G4"/>
  <move id="220" source="F7" target="F6"/>
  <move id="221" source="B4" target="B5"/>
  <move id="222" source="F6" target="F5"/>
  <move id="223" source="B5" target="B6"/>
  <move id="224" source="F5" target="F4"/>
  <move id="225" source="G4" target="H4"/>
  <move id="226" source="F4" target="G4"/>
  <move id="227" source="H4" target="I4"/>
  <move id="228" source="G4" target="H4"/>
  <move id="229" source="C4" target="B4"/>
  <move id="230" source="K6" target="I6"/>
  <move id="231" source="I4" target="K4"/>
  <move id="232" source="I6" target="I5"/>
  <move id="233" source="K4" target="K5"/>
  <move id="234" source="H4" target="H3"/>
  <move id="235" source="D4" target="C4"/>
  <move id="236" source="H3" target="H2"/>
  <move id="237" source="D3" target="D4"/>
  <move id="238" source="H2" target="G2"/>
  <move id="239" source="D4" target="E4"/>
  <move id="240" source="G2" target="H2"/>
  <move id="241" source="E4" target="E5"/>
  <move id="242" source="D8" target="D7"/>
  <move id="243" source="D2" target="D3"/>
  <move id="244" source="D7" target="E7"/>
  <move id="245" source="D3" target="D4"/>
  <move id="246" source="H2" target="H3"/>
  <move id="247" source="D4" target="E4"/>
  <move id="248" source="H3" target="I3"/>
  <move id="249" source="E4" target="F4"/>
  <move id="250" source="I3" target="K3"/>
  <move id="251" source="F4" target="F5"/>
  <move id="252" source="K3" target="K2"/>
  <move id="253" source="F5" target="F6"/>
  <move id="254" source="H8" target="H7"/>
  <move id="255" source="F6" target="F7"/>
  <move id="256" source="E7" target="F7"/>
  <move id="257" source="B4" target="B5"/>
  <move id="258" source="K2" target="K3"/>
  <move id="259" source="B6" target="A6"/>
  <move id="260" source="K3" target="K4"/>
  <move id="261" source="K5" target="K6"/>
  <move id="262" source="K4" target="K5"/>
  <move id="263" source="K6" target="K7"/>
  <move id="264" source="K5" target="K6"/>
  <move id="265" source="K7" target="K8"/>
  <move id="266" source="K6" target="K7"/>
  <move id="267" source="K8" target="K9"/>
  <move id="268" source="I9" target="I8"/>
  <move id="269" source="K9" target="K:"/>
  <move id="270" source="H7" target="H8"/>
  <move id="271" source="A6" target="A7"/>
  <move id="272" source="B7" target="C7"/>
  <move id="273" source="B5" target="B6"/>
  <move id="274" source="C7" target="D7"/>
  <move id="275" source="B6" target="B7"/>
  <move id="276" source="C8" target="C7"/>
  <move id="277" source="B7" target="C7"/>
  <move id="278" source="D7" target="E7"/>
  <move id="279" source="A7" target="B7"/>
  <move id="280" source="E7" target="E6"/>
  <move id="281" source="E5" target="F5"/>
  <move id="282" source="K7" target="I7"/>
  <move id="283" source="A4" target="A8"/>
  <move id="284" source="A8" target="A7"/>
  <move id="285" source="B7" target="B6"/>
  <move id="286" source="A7" target="A6"/>
  <move id="287" source="B6" target="B7"/>
  <move id="288" source="A6" target="B6"/>
  <move id="289" source="B7" target="B8"/>
  <move id="290" source="B6" target="B7"/>
  <move id="291" source="C7" target="C8"/>
  <move id="292" source="B8" target="A8"/>
  <move id="293" source="B3" target="B4"/>
  <move id="294" source="B7" target="B8"/>
  <move id="295" source="C8" target="C9"/>
  <move id="296" source="I7" target="H7"/>
  <move id="297" source="B4" target="A4"/>
  <move id="298" source="H7" target="G7"/>
  <move id="299" source="B2" target="B3"/>
  <move id="300" source="G7" target="F7"/>
  <move id="301" source="B3" target="B4"/>
  <move id="302" source="F7" target="E7"/>
  <move id="303" source="B4" target="B5"/>
  <move id="304" source="E7" target="D7"/>
  <move id="305" source="B5" target="B6"/>
  <move id="306" source="D7" target="C7"/>
  <move id="307" source="B6" target="A6"/>
  <move id="308" source="C7" target="C8"/>
  <move id="309" source="A6" target="A7"/>
  <move id="310" source="C8" target="C9"/>
  <move id="311" source="A7" target="B7"/>
  <move id="312" source="B8" target="C8"/>
  <move id="313" source="B7" target="C7"/>
  <move id="314" source="C8" target="B8"/>
  <move id="315" source="B1" target="B2"/>
  <move id="316" source="D9" target="D8"/>
  <move id="317" source="B2" target="B3"/>
  <move id="318" source="D8" target="D7"/>
  <move id="319" source="B3" target="B4"/>
  <move id="320" source="D7" target="C7"/>
  <move id="321" source="C4" target="D4"/>
  <move id="322" source="C9" target="D9"/>
  <move id="323" source="B4" target="C4"/>
  <move id="324" source="D9" target="D8"/>
  <move id="325" source="C1" target="B1"/>
  <move id="326" source="D8" target="D7"/>
  <move id="327" source="C7" target="B7"/>
  <move id="328" source="B8" target="C8"/>
  <move id="329" source="B7" target="B8"/>
  <move id="330" source="C8" target="C7"/>
  <move id="331" source="B8" target="A8"/>
  <move id="332" source="C7" target="B7"/>
  <move id="333" source="B1" target="B2"/>
  <move id="334" source="B7" target="B6"/>
  <move id="335" source="B2" target="B3"/>
  <move id="336" source="B6" target="B5"/>
  <move id="337" source="B3" target="B4"/>
  <move id="338" source="B5" target="B4"/>
  <move id="339" source="A8" target="A9"/>
  <move id="340" source="D7" target="C7"/>
  <move id="341" source="A9" target="A8"/>
  <move id="342" source="C7" target="B7"/>
  <move id="343" source="A8" target="A9"/>
  <move id="344" source="B7" target="B8"/>
  <move id="345" source="A9" target="A:"/>
  <move id="346" source="G8" target="G7"/>
  <move id="347" source="D4" target="E4"/>
  <move id="348" source="G7" target="F7"/>
  <move id="349" source="E4" target="E5"/>
  <move id="350" source="F7" target="F6"/>
  <move id="351" source="F5" target="F4"/>
  <move id="352" source="E6" target="E7"/>
  <move id="353" source="F4" target="G4"/>
  <move id="354" source="B8" target="B7"/>
  <move id="355" source="G4" target="H4"/>
  <move id="356" source="B7" target="C7"/>
  <move id="357" source="H4" target="I4"/>
  <move id="358" source="C7" target="D7"/>
  <move id="359" source="I4" target="I5"/>
  <move id="360" source="F6" target="F7"/>
  <move id="361" source="E5" target="E6"/>
  <move id="362" source="F7" target="G7"/>
  <move id="363" source="I5" target="I6"/>
  <move id="364" source="G7" target="H7"/>
  <move id="365" source="I6" target="K6"/>
  <move id="366" source="H7" target="I7"/>
  <move id="367" source="F2" target="F3"/>
  <move id="368" source="I7" target="I6"/>
  <move id="369" source="K6" target="K7"/>
  <move id="370" source="E7" target="F7"/>
  <move id="371" source="E6" target="F6"/>
  <move id="372" source="D7" target="E7"/>
  <move id="373" source="K7" target="K8"/>
  <move id="374" source="I8" target="K8"/>
  <move id="375" source="C4" target="B4"/>
  <move id="376" source="E8" target="D8"/>
  <move id="377" source="B4" target="B5"/>
  <move id="378" source="D8" target="C8"/>
  <move id="379" source="B5" target="B6"/>
  <move id="380" source="C8" target="B8"/>
  <move id="381" source="A4" target="A5"/>
  <move id="382" source="B8" target="B7"/>
  <move id="383" source="B6" target="A6"/>
  <move id="384" source="B7" target="A7"/>
  <move id="385" source="A6" target="B6"/>
  <move id="386" source="A7" target="B7"/>
  <move id="387" source="B6" target="B5"/>
  <move id="388" source="B7" target="B6"/>
  <move id="389" source="B5" target="B4"/>
  <move id="390" source="F8" target="E8"/>
  <move id="391" source="A5" target="B5"/>
  <move id="392" source="E8" target="D8"/>
  <move id="393" source="B5" target="B6"/>
  <move id="394" source="D8" target="C8"/>
  <move id="395" source="B4" target="B5"/>
  <move id="396" source="C8" target="B8"/>
  <move id="397" source="B5" target="B6"/>
  <move id="398" source="B8" target="B7"/>
  <move id="399" source="B6" target="A6"/>
  <move id="400" source="B7" target="A7"/>
  <move id="401" source="A6" target="B6"/>
  <move id="402" source="A7" target="B7"/>
  <move id="403" source="B6" target="B5"/>
  <move id="404" source="B7" target="B6"/>
  <move id="405" source="B5" target="B4"/>
  <move id="406" source="I6" target="I5"/>
  <move id="407" source="B4" target="C4"/>
  <move id="408" source="I5" target="I4"/>
  <move id="409" source="C4" target="D4"/>
  <move id="410" source="I4" target="H4"/>
  <move id="411" source="D4" target="C4"/>
  <move id="412" source="H4" target="G4"/>
  <move id="413" source="F3" target="F2"/>
  <move id="414" source="G4" target="F4"/>
  <move id="415" source="K1" target="K2"/>
  <move id="416" source="F4" target="F5"/>
  <move id="417" source="F6" target="F7"/>
  <move id="418" source="E7" target="F7"/>
  <move id="419" source="K2" target="K3"/>
  <move id="420" source="F7" target="E7"/>
  <move id="421" source="K3" target="K4"/>
  <move id="422" source="E7" target="D7"/>
  <move id="423" source="K4" target="K5"/>
  <move id="424" source="D7" target="C7"/>
  <move id="425" source="K5" target="K6"/>
  <move id="426" source="F5" target="F4"/>
  <move id="427" source="K6" target="I6"/>
  <move id="428" source="K8" target="I8"/>
  <move id="429" source="I1" target="K1"/>
  <move id="430" source="I8" target="I7"/>
  <move id="431" source="I6" target="I5"/>
  <move id="432" source="I7" target="I6"/>
  <move id="433" source="I5" target="I4"/>
  <move id="434" source="F9" target="F8"/>
  <move id="435" source="K1" target="K2"/>
  <move id="436" source="F8" target="F7"/>
  <move id="437" source="K2" target="K3"/>
  <move id="438" source="F7" target="F6"/>
  <move id="439" source="K3" target="K4"/>
  <move id="440" source="F6" target="E6"/>
  <move id="441" source="K4" target="K5"/>
  <move id="442" source="E6" target="E5"/>
  <move id="443" source="F2" target="G2"/>
  <move id="444" source="E5" target="E4"/>
  <move id="445" source="G2" target="H2"/>
  <move id="446" source="F4" target="G4"/>
  <move id="447" source="H2" target="G2"/>
  <move id="448" source="G4" target="H4"/>
  <move id="449" source="I4" target="I3"/>
  <move id="450" source="H4" target="H3"/>
  <move id="451" source="I3" target="I4"/>
  <move id="452" source="H3" target="H4"/>
  <move id="453" source="I4" target="I3"/>
  <move id="454" source="H4" target="H3"/>
  <move id="455" source="I3" target="K3"/>
  <move id="456" source="H3" target="I3"/>
  <move id="457" source="K3" target="K4"/>
  <move id="458" source="I3" target="I4"/>
  <move id="459" source="K4" target="K3"/>
  <move id="460" source="I4" target="K4"/>
  <move id="461" source="K3" target="I3"/>
  <move id="462" source="K4" target="K5"/>
  <move id="463" source="I3" target="H3"/>
  <move id="464" source="K5" target="K4"/>
  <move id="465" source="H3" target="H4"/>
  <move id="466" source="K4" target="I4"/>
  <move id="467" source="H4" target="G4"/>
  <move id="468" source="I4" target="H4"/>
  <move id="469" source="G4" target="F4"/>
  <move id="470" source="E4" target="F4"/>
  <move id="471" source="C4" target="D4"/>
  <move id="472" source="F4" target="E4"/>
  <move id="473" source="D4" target="C4"/>
  <move id="474" source="E4" target="D4"/>
  <move id="475" source="C4" target="B4"/>
  <move id="476" source="D4" target="C4"/>
  <move id="477" source="B4" target="B5"/>
  <move id="478" source="B6" target="B5"/>
  <move id="479" source="A3" target="A4"/>
  <move id="480" source="C4" target="B4"/>
  <move id="481" source="A4" target="A5"/>
  <move id="482" source="B5" target="A5"/>
  <move id="483" source="C3" target="D3"/>
  <move id="484" source="C7" target="D7"/>
  <move id="485" source="D3" target="D4"/>
  <move id="486" source="D7" target="E7"/>
  <move id="487" source="D4" target="E4"/>
  <move id="488" source="E7" target="E6"/>
  <move id="489" source="A2" target="A7"/>
  <move id="490" source="E6" target="E5"/>
  <move id="491" source="E4" target="F4"/>
  <move id="492" source="E5" target="F5"/>
  <move id="493" source="F4" target="E4"/>
  <move id="494" source="F5" target="E5"/>
  <move id="495" source="E4" target="E5"/>
  <move id="496" source="E5" target="E4"/>
  <move id="497" source="A7" target="D7"/>
  <move id="498" source="I6" target="I5"/>
  <move id="499" source="A1" target="A2"/>
  <move id="500" source="I5" target="I4"/>
  <move id="501" source="A2" target="A3"/>
  <move id="502" source="I4" target="K4"/>
  <move id="503" source="D7" target="E7"/>
  <move id="504" source="H8" target="H7"/>
  <move id="505" source="E7" target="E6"/>
  <move id="506" source="H7" target="G7"/>
  <move id="507" source="E6" target="E7"/>
  <move id="508" source="G7" target="E7"/>
  <move id="509" source="A3" target="A2"/>
  <move id="510" source="B4" target="B3"/>
  <move id="511" source="A2" target="A1"/>
  <move id="512" source="B3" target="B2"/>
  <move id="513" source="A1" target="A2"/>
  <move id="514" source="B2" target="A2"/>
  <move id="515" source="D1" target="D2"/>
  <move id="516" source="G9" target="G8"/>
  <move id="517" source="D2" target="D3"/>
  <move id="518" source="G8" target="G7"/>
  <move id="519" source="D3" target="C3"/>
  <move id="520" source="A2" target="A3"/>
  <move id="521" source="C3" target="C4"/>
  <move id="522" source="A3" target="A4"/>
  <move id="523" source="C4" target="C3"/>
  <move id="524" source="A4" target="A3"/>
  <move id="525" source="C3" target="C4"/>
  <move id="526" source="A3" target="A4"/>
  <move id="527" source="G2" target="F2"/>
  <move id="528" source="A4" target="B4"/>
  <move id="529" source="C4" target="C3"/>
  <move id="530" source="B4" target="B3"/>
  <move id="531" source="C3" target="C4"/>
  <move id="532" source="E4" target="D4"/>
  <move id="533" source="F2" target="F3"/>
  <move id="534" source="D4" target="C4"/>
  <move id="535" source="F3" target="F4"/>
  <move id="536" source="H4" target="G4"/>
  <move id="537" source="F4" target="F5"/>
  <move id="538" source="G4" target="F4"/>
  <move id="539" source="F5" target="F6"/>
  <move id="540" source="F4" target="F5"/>
  <move id="541" source="F6" target="E6"/>
  <move id="542" source="G7" target="F7"/>
  <move id="543" source="G1" target="G2"/>
  <move id="544" source="F5" target="E5"/>
  <move id="545" source="E6" target="E7"/>
  <move id="546" source="F7" target="E7"/>
  <move id="547" source="G2" target="F2"/>
  <move id="548" source="G:" target="G9"/>
  <move id="549" source="F2" target="F3"/>
  <move id="550" source="G9" target="G8"/>
  <move id="551" source="F3" target="F4"/>
  <move id="552" source="G8" target="H8"/>
  <move id="553" source="F4" target="G4"/>
  <move id="554" source="H8" target="H7"/>
  <move id="555" source="G4" target="H4"/>
  <move id="556" source="H7" target="G7"/>
  <move id="557" source="H4" target="G4"/>
  <move id="558" source="G7" target="F7"/>
  <move id="559" source="G4" target="F4"/>
  <move id="560" source="F7" target="F6"/>
  <move id="561" source="E1" target="D1"/>
  <move id="562" source="E5" target="F5"/>
  <move id="563" source="F4" target="G4"/>
  <move id="564" source="F6" target="E6"/>
  <move id="565" source="G4" target="H4"/>
  <move id="566" source="E6" target="E5"/>
  <move id="567" source="H4" target="H3"/>
  <move id="568" source="E5" target="E4"/>
  <move id="569" source="D1" target="D2"/>
  <move id="570" source="E4" target="E3"/>
  <move id="571" source="H3" target="H2"/>
  <move id="572" source="E3" target="F3"/>
  <move id="573" source="H2" target="G2"/>
  <move id="574" source="F5" target="F4"/>
  <move id="575" source="G2" target="F2"/>
  <move id="576" source="F3" target="G3"/>
  <move id="577" source="F2" target="G2"/>
  <move id="578" source="G3" target="H3"/>
  <move id="579" source="G2" target="H2"/>
  <move id="580" source="H3" target="I3"/>
  <move id="581" source="D2" target="D1"/>
  <move id="582" source="F4" target="G4"/>
  <move id="583" source="D1" target="D2"/>
  <move id="584" source="G4" target="G3"/>
  <move id="585" source="D2" target="D3"/>
  <move id="586" source="G3" target="G2"/>
  <move id="587" source="H2" target="H3"/>
  <move id="588" source="I3" target="I2"/>
  <move id="589" source="D3" target="E3"/>
  <move id="590" source="I2" target="I1"/>
  <move id="591" source="E3" target="E4"/>
  <move id="592" source="I1" target="H1"/>
  <move id="593" source="E4" target="E5"/>
  <move id="594" source="H1" target="G1"/>
  <move id="595" source="E5" target="E6"/>
  <move id="596" source="G1" target="F1"/>
  <move id="597" source="H3" target="H4"/>
  <move id="598" source="F1" target="F2"/>
  <move id="599" source="H4" target="I4"/>
  <move id="600" source="F2" target="E2"/>
  <move id="601" source="I4" target="K4"/>
  <move id="602" source="B3" target="B2"/>
  <move id="603" source="E6" target="E7"/>
  <player id="1">Player 1</player>
  <player id="2">Player 2</player>
  <result type="0" winner="2"/>
 </game>
</stratego>