<?xml version="1.0" encoding="UTF-8"?>
<stratego>
 <game type="classic">
  
  <field content="MBIDEIEDEDBLEBBJHCIGHJGHGBEBKFDFDFDHDGDFAA__AA__AAAA__AA__AAPTRPRPSPTPSRVNXQNVSRUPNUNWQOPUQNTYTNSQPQ"/>
  <move id="1" source="F4" target="F5"/>
  <move id="2" source="F7" target="F5"/>
  <move id="3" source="A4" target="A7"/>
  <move id="4" source="B7" target="B6"/>
  <move id="5" source="K4" target="K5"/>
  <move id="6" source="I7" target="I6"/>
  <move id="7" source="G4" target="F4"/>
  <move id="8" source="C7" target="B7"/>
  <move id="9" source="K3" target="K4"/>
  <move id="10" source="B7" target="A7"/>
  <move id="11" source="K2" target="K3"/>
  <move id="12" source="D7" target="C7"/>
  <move id="13" source="K5" target="K6"/>
  <move id="14" source="G7" target="F7"/>
  <move id="15" source="K4" target="K5"/>
  <move id="16" source="I6" target="K6"/>
  <move id="17" source="I4" target="I8"/>
  <move id="18" source="K6" target="K5"/>
  <move id="19" source="F5" target="F6"/>
  <move id="20" source="K5" target="K6"/>
  <move id="21" source="F6" target="F7"/>
  <move id="22" source="E7" target="E6"/>
  <move id="23" source="F7" target="F8"/>
  <move id="24" source="E8" target="F8"/>
  <move id="25" source="I3" target="I4"/>
  <move id="26" source="F8" target="E8"/>
  <move id="27" source="K3" target="K4"/>
  <move id="28" source="H7" target="G7"/>
  <move id="29" source="I2" target="K2"/>
  <move id="30" source="G7" target="F7"/>
  <move id="31" source="K2" target="K3"/>
  <move id="32" source="F7" target="F8"/>
  <move id="33" source="I4" target="I5"/>
  <move id="34" source="E6" target="E5"/>
  <move id="35" source="K4" target="I4"/>
  <move id="36" source="B6" target="B5"/>
  <move id="37" source="K3" target="K4"/>
  <move id="38" source="B5" target="B4"/>
  <move id="39" source="B3" target="B4"/>
  <move id="40" source="C7" target="D7"/>
  <move id="41" source="K4" target="K5"/>
  <move id="42" source="E5" target="E4"/>
  <move id="43" source="I4" target="I3"/>
  <move id="44" source="K6" target="K5"/>
  <move id="45" source="I5" target="I4"/>
  <move id="46" source="E4" target="F4"/>
  <move id="47" source="I4" target="K4"/>
  <move id="48" source="K7" target="I7"/>
  <move id="49" source="K4" target="K3"/>
  <move id="50" source="F4" target="F3"/>
  <move id="51" source="I3" target="I4"/>
  <move id="52" source="D7" target="E7"/>
  <move id="53" source="I4" target="I5"/>
  <move id="54" source="I7" target="H7"/>
  <move id="55" source="I5" target="I6"/>
  <move id="56" source="H7" target="G7"/>
  <move id="57" source="I6" target="I7"/>
  <move id="58" source="G7" target="F7"/>
  <move id="59" source="I7" target="I8"/>
  <move id="60" source="E7" target="E3"/>
  <move id="61" source="H4" target="I4"/>
  <move id="62" source="A7" target="A6"/>
  <move id="63" source="I4" target="I5"/>
  <move id="64" source="A6" target="A5"/>
  <move id="65" source="B2" target="B3"/>
  <move id="66" source="A5" target="A4"/>
  <move id="67" source="B4" target="B5"/>
  <move id="68" source="A4" target="A3"/>
  <move id="69" source="I5" target="I6"/>
  <move id="70" source="F7" target="G7"/>
  <move id="71" source="I6" target="I7"/>
  <move id="72" source="G7" target="H7"/>
  <move id="73" source="I7" target="I8"/>
  <move id="74" source="H7" target="I7"/>
  <move id="75" source="I8" target="H8"/>
  <move id="76" source="I7" target="I8"/>
  <move id="77" source="K3" target="K4"/>
  <move id="78" source="E8" target="E7"/>
  <move id="79" source="D4" target="E4"/>
  <move id="80" source="E7" target="F7"/>
  <move id="81" source="E4" target="E5"/>
  <move id="82" source="F7" target="G7"/>
  <move id="83" source="E5" target="E6"/>
  <move id="84" source="G7" target="H7"/>
  <move id="85" source="E6" target="E7"/>
  <move id="86" source="H7" target="I7"/>
  <move id="87" source="K5" target="I5"/>
  <move id="88" source="I7" target="K7"/>
  <move id="89" source="I5" target="I4"/>
  <move id="90" source="I8" target="I7"/>
  <move id="91" source="I4" target="H4"/>
  <move id="92" source="I7" target="H7"/>
  <move id="93" source="C4" target="D4"/>
  <move id="94" source="H7" target="G7"/>
  <move id="95" source="H4" target="I4"/>
  <move id="96" source="K7" target="I7"/>
  <move id="97" source="I4" target="I3"/>
  <move id="98" source="I7" target="I8"/>
  <move id="99" source="D4" target="E4"/>
  <move id="100" source="G7" target="F7"/>
  <move id="101" source="E7" target="E8"/>
  <move id="102" source="F7" target="E7"/>
  <move id="103" source="E8" target="F8"/>
  <move id="104" source="E7" target="E8"/>
  <move id="105" source="F8" target="F9"/>
  <move id="106" source="F9" target="F8"/>
  <move id="107" source="E4" target="F4"/>
  <move id="108" source="G9" target="F9"/>
  <move id="109" source="F4" target="G4"/>
  <move id="110" source="F8" target="F7"/>
  <move id="111" source="G4" target="H4"/>
  <move id="112" source="F7" target="G7"/>
  <move id="113" source="H4" target="I4"/>
  <move id="114" source="F9" target="F8"/>
  <move id="115" source="I4" target="I5"/>
  <move id="116" source="F8" target="F7"/>
  <move id="117" source="I5" target="I6"/>
  <move id="118" source="F7" target="E7"/>
  <move id="119" source="C3" target="C4"/>
  <move id="120" source="G7" target="F7"/>
  <move id="121" source="C4" target="B4"/>
  <move id="122" source="F7" target="F8"/>
  <move id="123" source="B4" target="A4"/>
  <move id="124" source="F8" target="F9"/>
  <move id="125" source="A4" target="A5"/>
  <move id="126" source="F9" target="G9"/>
  <move id="127" source="A5" target="A6"/>
  <move id="128" source="E8" target="F8"/>
  <move id="129" source="G3" target="G4"/>
  <move id="130" source="F8" target="F9"/>
  <move id="131" source="G4" target="F4"/>
  <move id="132" source="E7" target="E6"/>
  <move id="133" source="F4" target="F5"/>
  <move id="134" source="K8" target="K7"/>
  <move id="135" source="K4" target="K5"/>
  <move id="136" source="E6" target="E5"/>
  <move id="137" source="F5" target="E5"/>
  <move id="138" source="K7" target="I7"/>
  <move id="139" source="I6" target="I5"/>
  <move id="140" source="I7" target="I6"/>
  <move id="141" source="I5" target="I4"/>
  <move id="142" source="I6" target="I5"/>
  <move id="143" source="K5" target="I5"/>
  <move id="144" source="C8" target="C7"/>
  <move id="145" source="K1" target="K2"/>
  <move id="146" source="C7" target="B7"/>
  <move id="147" source="K2" target="K3"/>
  <move id="148" source="B7" target="B6"/>
  <move id="149" source="A6" target="B6"/>
  <move id="150" source="B6" target="B5"/>
  <move id="151" source="K3" target="K4"/>
  <move id="152" source="F9" target="F8"/>
  <move id="153" source="K4" target="K5"/>
  <move id="154" source="F8" target="F7"/>
  <move id="155" source="K5" target="K6"/>
  <move id="156" source="F7" target="F6"/>
  <move id="157" source="K6" target="K7"/>
  <move id="158" source="F6" target="F5"/>
  <move id="159" source="B3" target="B4"/>
  <move id="160" source="F5" target="F4"/>
  <move id="161" source="B4" target="C4"/>
  <move id="162" source="F4" target="I4"/>
  <move id="163" source="C4" target="D4"/>
  <move id="164" source="I8" target="K8"/>
  <move id="165" source="K7" target="I7"/>
  <move id="166" source="K8" target="I8"/>
  <move id="167" source="I7" target="I6"/>
  <move id="168" source="I8" target="I7"/>
  <move id="169" source="I6" target="K6"/>
  <move id="170" source="I7" target="K7"/>
  <move id="171" source="K6" target="K5"/>
  <move id="172" source="I9" target="I5"/>
  <move id="173" source="I5" target="I6"/>
  <move id="174" source="K7" target="K6"/>
  <move id="175" source="I6" target="K6"/>
  <move id="176" source="K6" target="K5"/>
  <move id="177" source="D4" target="E4"/>
  <move id="178" source="K5" target="K6"/>
  <move id="179" source="E4" target="E5"/>
  <move id="180" source="K6" target="K7"/>
  <move id="181" source="E5" target="E6"/>
  <move id="182" source="K7" target="I7"/>
  <move id="183" source="E6" target="E7"/>
  <move id="184" source="I7" target="H7"/>
  <move id="185" source="E7" target="F7"/>
  <move id="186" source="H7" target="G7"/>
  <move id="187" source="F7" target="F8"/>
  <move id="188" source="G7" target="F7"/>
  <move id="189" source="F8" target="G8"/>
  <player id="1">Player 1</player>
  <player id="2">Player 2</player>
  <result type="3" winner="2"/>
 </game>
</stratego>