<?xml version="1.0" encoding="UTF-8"?>
<stratego>
 <game type="classic">
  
  <field content="DEEBBMBBEDDBIJEHBEIFDHGDIKCJHGGFDGFHLDFDAA__AA__AAAA__AA__AASRXRPPRPSNVPQPPPNWPRTUVNUNTOUNQQTTQSYQNS"/>
  <move id="1" source="E4" target="E5"/>
  <move id="2" source="A7" target="A6"/>
  <move id="3" source="D4" target="E4"/>
  <move id="4" source="B7" target="B6"/>
  <move id="5" source="E5" target="F5"/>
  <move id="6" source="B8" target="B7"/>
  <move id="7" source="I4" target="I5"/>
  <move id="8" source="B6" target="B5"/>
  <move id="9" source="K4" target="K5"/>
  <move id="10" source="A8" target="A7"/>
  <move id="11" source="I3" target="I4"/>
  <move id="12" source="A6" target="A5"/>
  <move id="13" source="K3" target="K4"/>
  <move id="14" source="A7" target="A6"/>
  <move id="15" source="K5" target="K6"/>
  <move id="16" source="B7" target="B6"/>
  <move id="17" source="K4" target="K5"/>
  <move id="18" source="A5" target="A4"/>
  <move id="19" source="A3" target="A6"/>
  <move id="20" source="B5" target="A5"/>
  <move id="21" source="I5" target="I6"/>
  <move id="22" source="B6" target="B5"/>
  <move id="23" source="I4" target="I5"/>
  <move id="24" source="A5" target="A4"/>
  <move id="25" source="B4" target="A4"/>
  <move id="26" source="B5" target="B3"/>
  <move id="27" source="B3" target="B4"/>
  <move id="28" source="C7" target="B7"/>
  <move id="29" source="C3" target="B3"/>
  <move id="30" source="B7" target="B6"/>
  <move id="31" source="C4" target="D4"/>
  <move id="32" source="B6" target="B5"/>
  <move id="33" source="D3" target="C3"/>
  <move id="34" source="B5" target="B4"/>
  <move id="35" source="F5" target="F6"/>
  <move id="36" source="B4" target="B3"/>
  <move id="37" source="F4" target="F5"/>
  <move id="38" source="B3" target="C3"/>
  <move id="39" source="F6" target="F7"/>
  <move id="40" source="G7" target="F7"/>
  <move id="41" source="F5" target="F6"/>
  <move id="42" source="D7" target="C7"/>
  <move id="43" source="F6" target="F7"/>
  <move id="44" source="C7" target="B7"/>
  <move id="45" source="F7" target="E7"/>
  <move id="46" source="B7" target="B6"/>
  <move id="47" source="E7" target="E8"/>
  <move id="48" source="E9" target="E8"/>
  <move id="49" source="G4" target="F4"/>
  <move id="50" source="D8" target="D7"/>
  <move id="51" source="F4" target="F5"/>
  <move id="52" source="D7" target="E7"/>
  <move id="53" source="F5" target="F6"/>
  <move id="54" source="E8" target="D8"/>
  <move id="55" source="F6" target="E6"/>
  <move id="56" source="F8" target="E8"/>
  <move id="57" source="E6" target="E7"/>
  <move id="58" source="A6" target="A5"/>
  <move id="59" source="E7" target="E8"/>
  <move id="60" source="D8" target="D7"/>
  <move id="61" source="E8" target="E7"/>
  <move id="62" source="D7" target="C7"/>
  <move id="63" source="E7" target="D7"/>
  <move id="64" source="B6" target="B5"/>
  <move id="65" source="D7" target="C7"/>
  <move id="66" source="B5" target="B4"/>
  <move id="67" source="C7" target="B7"/>
  <move id="68" source="A5" target="A4"/>
  <move id="69" source="B7" target="B6"/>
  <move id="70" source="B4" target="B3"/>
  <move id="71" source="B6" target="B5"/>
  <move id="72" source="C3" target="C4"/>
  <move id="73" source="B5" target="A5"/>
  <move id="74" source="A4" target="B4"/>
  <move id="75" source="A5" target="A4"/>
  <move id="76" source="B4" target="B5"/>
  <move id="77" source="A4" target="A3"/>
  <move id="78" source="B3" target="B2"/>
  <move id="79" source="A3" target="A4"/>
  <move id="80" source="I7" target="I6"/>
  <move id="81" source="I5" target="I6"/>
  <move id="82" source="H7" target="G7"/>
  <move id="83" source="K6" target="K7"/>
  <move id="84" source="H8" target="H7"/>
  <move id="85" source="I6" target="I5"/>
  <move id="86" source="H7" target="I7"/>
  <move id="87" source="I5" target="I4"/>
  <move id="88" source="I7" target="I6"/>
  <move id="89" source="I4" target="K4"/>
  <move id="90" source="I6" target="I5"/>
  <move id="91" source="A4" target="A5"/>
  <move id="92" source="B5" target="B4"/>
  <move id="93" source="A5" target="A6"/>
  <move id="94" source="B4" target="B3"/>
  <move id="95" source="A6" target="A7"/>
  <move id="96" source="I5" target="K5"/>
  <move id="97" source="K4" target="I4"/>
  <move id="98" source="K5" target="I5"/>
  <move id="99" source="I4" target="K4"/>
  <move id="100" source="I5" target="I4"/>
  <move id="101" source="K4" target="K5"/>
  <move id="102" source="I4" target="H4"/>
  <move id="103" source="A7" target="A8"/>
  <move id="104" source="H4" target="G4"/>
  <move id="105" source="A8" target="B8"/>
  <move id="106" source="G4" target="F4"/>
  <move id="107" source="F3" target="F4"/>
  <move id="108" source="B3" target="C3"/>
  <move id="109" source="A2" target="A9"/>
  <move id="110" source="C3" target="D3"/>
  <move id="111" source="E3" target="F3"/>
  <move id="112" source="D3" target="D4"/>
  <move id="113" source="B8" target="A8"/>
  <move id="114" source="D4" target="E4"/>
  <move id="115" source="A8" target="A9"/>
  <move id="116" source="E4" target="F4"/>
  <move id="117" source="F3" target="E3"/>
  <move id="118" source="G7" target="E7"/>
  <move id="119" source="H3" target="H4"/>
  <move id="120" source="E7" target="E3"/>
  <move id="121" source="G3" target="H3"/>
  <move id="122" source="F4" target="F3"/>
  <move id="123" source="E3" target="E4"/>
  <move id="124" source="C8" target="C7"/>
  <move id="125" source="H4" target="G4"/>
  <move id="126" source="C7" target="D7"/>
  <move id="127" source="G4" target="F4"/>
  <move id="128" source="F3" target="E3"/>
  <move id="129" source="E4" target="E5"/>
  <move id="130" source="C4" target="D4"/>
  <move id="131" source="A9" target="A8"/>
  <move id="132" source="D4" target="E4"/>
  <move id="133" source="F4" target="F3"/>
  <move id="134" source="E4" target="E5"/>
  <move id="135" source="F3" target="E3"/>
  <move id="136" source="D7" target="E7"/>
  <move id="137" source="A8" target="B8"/>
  <move id="138" source="E7" target="F7"/>
  <move id="139" source="A1" target="A:"/>
  <move id="140" source="F7" target="G7"/>
  <move id="141" source="B8" target="A8"/>
  <move id="142" source="C9" target="C8"/>
  <move id="143" source="A8" target="A9"/>
  <move id="144" source="C8" target="C7"/>
  <move id="145" source="A9" target="A:"/>
  <move id="146" source="C7" target="D7"/>
  <move id="147" source="D2" target="D3"/>
  <move id="148" source="D7" target="C7"/>
  <move id="149" source="D3" target="E3"/>
  <move id="150" source="C7" target="B7"/>
  <move id="151" source="E3" target="F3"/>
  <move id="152" source="B7" target="B6"/>
  <move id="153" source="F3" target="G3"/>
  <move id="154" source="B6" target="B5"/>
  <move id="155" source="G3" target="G4"/>
  <move id="156" source="B5" target="B4"/>
  <move id="157" source="G4" target="H4"/>
  <move id="158" source="B4" target="C4"/>
  <move id="159" source="H4" target="I4"/>
  <move id="160" source="C4" target="D4"/>
  <move id="161" source="I4" target="I5"/>
  <move id="162" source="D4" target="E4"/>
  <move id="163" source="I5" target="I6"/>
  <move id="164" source="G7" target="F7"/>
  <move id="165" source="I6" target="I7"/>
  <move id="166" source="F7" target="F6"/>
  <move id="167" source="I7" target="H7"/>
  <move id="168" source="F6" target="F5"/>
  <move id="169" source="K5" target="K6"/>
  <move id="170" source="F5" target="F4"/>
  <move id="171" source="H7" target="G7"/>
  <move id="172" source="F4" target="G4"/>
  <move id="173" source="K6" target="I6"/>
  <move id="174" source="G4" target="H4"/>
  <move id="175" source="I6" target="I7"/>
  <move id="176" source="H4" target="H3"/>
  <move id="177" source="I7" target="H7"/>
  <move id="178" source="H3" target="H2"/>
  <move id="179" source="H7" target="H8"/>
  <move id="180" source="I8" target="I2"/>
  <move id="181" source="H8" target="G8"/>
  <move id="182" source="E4" target="F4"/>
  <move id="183" source="I2" target="I3"/>
  <move id="184" source="F4" target="G4"/>
  <move id="185" source="I3" target="I4"/>
  <move id="186" source="G4" target="H4"/>
  <move id="187" source="I4" target="I5"/>
  <move id="188" source="E5" target="E6"/>
  <move id="189" source="I5" target="I6"/>
  <move id="190" source="E6" target="E7"/>
  <move id="191" source="G7" target="H7"/>
  <move id="192" source="E7" target="F7"/>
  <move id="193" source="H7" target="H8"/>
  <move id="194" source="F7" target="G7"/>
  <move id="195" source="H8" target="H9"/>
  <move id="196" source="G7" target="H7"/>
  <move id="197" source="H9" target="G9"/>
  <move id="198" source="H7" target="H8"/>
  <move id="199" source="G9" target="G:"/>
  <player id="1">Player 1</player>
  <player id="2">Player 2</player>
  <result type="1" winner="1"/>
 </game>
</stratego>