<?xml version="1.0" encoding="UTF-8"?>
<stratego>
 <game type="classic">
  
  <field content="EBJBMBJBEDDDFBLBEDDDFGKCIGDDGGHIEFHHFEIHAA__AA__AAAA__AA__AAPRTSPRTPPRSUQPTVOQTPRNXVNNQWNQPSQUNYNUSP"/>
  <move id="1" source="E4" target="E5"/>
  <move id="2" source="B7" target="B6"/>
  <move id="3" source="B4" target="B5"/>
  <move id="4" source="F7" target="F6"/>
  <move id="5" source="E5" target="E6"/>
  <move id="6" source="F6" target="F5"/>
  <move id="7" source="E6" target="E7"/>
  <move id="8" source="E8" target="E7"/>
  <move id="9" source="F4" target="F5"/>
  <move id="10" source="F8" target="F7"/>
  <move id="11" source="E3" target="E4"/>
  <move id="12" source="F7" target="F6"/>
  <move id="13" source="E4" target="E5"/>
  <move id="14" source="F6" target="E6"/>
  <move id="15" source="E2" target="E3"/>
  <move id="16" source="E6" target="E5"/>
  <move id="17" source="F5" target="F6"/>
  <move id="18" source="E5" target="E6"/>
  <move id="19" source="F6" target="F7"/>
  <move id="20" source="G7" target="F7"/>
  <move id="21" source="E3" target="E4"/>
  <move id="22" source="A7" target="A4"/>
  <move id="23" source="F3" target="E3"/>
  <move id="24" source="B6" target="A6"/>
  <move id="25" source="G3" target="F3"/>
  <move id="26" source="B8" target="B7"/>
  <move id="27" source="F3" target="F8"/>
  <move id="28" source="D8" target="F8"/>
  <move id="29" source="E4" target="E5"/>
  <move id="30" source="E6" target="F6"/>
  <move id="31" source="E5" target="F5"/>
  <move id="32" source="F6" target="F7"/>
  <move id="33" source="F5" target="F6"/>
  <move id="34" source="F7" target="F8"/>
  <move id="35" source="F6" target="F7"/>
  <move id="36" source="B7" target="B6"/>
  <move id="37" source="D4" target="E4"/>
  <move id="38" source="B6" target="B5"/>
  <move id="39" source="E4" target="F4"/>
  <move id="40" source="C7" target="B7"/>
  <move id="41" source="C4" target="D4"/>
  <move id="42" source="B7" target="B6"/>
  <move id="43" source="D4" target="E4"/>
  <move id="44" source="B6" target="B5"/>
  <move id="45" source="E4" target="E5"/>
  <move id="46" source="B5" target="B4"/>
  <move id="47" source="A4" target="B4"/>
  <move id="48" source="A6" target="A5"/>
  <move id="49" source="E5" target="E6"/>
  <move id="50" source="A5" target="A4"/>
  <move id="51" source="E6" target="F6"/>
  <move id="52" source="A4" target="A3"/>
  <move id="53" source="C3" target="C4"/>
  <move id="54" source="C8" target="C7"/>
  <move id="55" source="C4" target="D4"/>
  <move id="56" source="C9" target="C8"/>
  <move id="57" source="D4" target="E4"/>
  <move id="58" source="C8" target="B8"/>
  <move id="59" source="E4" target="E5"/>
  <move id="60" source="B8" target="B7"/>
  <move id="61" source="E5" target="E6"/>
  <move id="62" source="B7" target="B6"/>
  <move id="63" source="E6" target="E7"/>
  <move id="64" source="B6" target="B5"/>
  <move id="65" source="E7" target="D7"/>
  <move id="66" source="C7" target="B7"/>
  <move id="67" source="D7" target="D8"/>
  <move id="68" source="B5" target="B4"/>
  <move id="69" source="D8" target="D9"/>
  <move id="70" source="B4" target="B3"/>
  <move id="71" source="D9" target="D:"/>
  <move id="72" source="B3" target="B2"/>
  <move id="73" source="F7" target="F8"/>
  <move id="74" source="G8" target="F8"/>
  <move id="75" source="F6" target="F7"/>
  <move id="76" source="G9" target="G8"/>
  <move id="77" source="F7" target="E7"/>
  <move id="78" source="F8" target="E8"/>
  <move id="79" source="E7" target="E8"/>
  <move id="80" source="G8" target="F8"/>
  <move id="81" source="E8" target="E9"/>
  <move id="82" source="B2" target="C2"/>
  <move id="83" source="E9" target="E:"/>
  <move id="84" source="C2" target="C1"/>
  <move id="85" source="D:" target="C:"/>
  <move id="86" source="B7" target="A7"/>
  <move id="87" source="C:" target="B:"/>
  <move id="88" source="H7" target="B7"/>
  <move id="89" source="B:" target="A:"/>
  <move id="90" source="B7" target="B3"/>
  <move id="91" source="A:" target="A9"/>
  <move id="92" source="B3" target="D3"/>
  <move id="93" source="A9" target="A8"/>
  <move id="94" source="C1" target="C2"/>
  <move id="95" source="A8" target="A7"/>
  <move id="96" source="D3" target="D4"/>
  <move id="97" source="A7" target="B7"/>
  <move id="98" source="C2" target="C3"/>
  <move id="99" source="B7" target="C7"/>
  <move id="100" source="C3" target="D3"/>
  <move id="101" source="E3" target="E4"/>
  <move id="102" source="D3" target="E3"/>
  <move id="103" source="E4" target="D4"/>
  <move id="104" source="E3" target="E2"/>
  <move id="105" source="E:" target="F:"/>
  <player id="1">Player 1</player>
  <player id="2">Player 2</player>
  <result type="1" winner="1"/>
 </game>
</stratego>