<?xml version="1.0" encoding="UTF-8"?>
<stratego>
 <game type="classic">
  
  <field content="DEDEHBGBMDFBGIDEEDHEBBFJDICHJDDGBHFGKLIFAA__AA__AAAA__AA__AAQPUOSWNVQVTTTQRSQPQPURNUSNPPPNRXNYPRSNTP"/>
  <move id="1" source="I4" target="I5"/>
  <move id="2" source="K7" target="K6"/>
  <move id="3" source="I5" target="K5"/>
  <move id="4" source="K6" target="K5"/>
  <move id="5" source="H4" target="I4"/>
  <move id="6" source="K5" target="K4"/>
  <move id="7" source="I4" target="K4"/>
  <move id="8" source="F7" target="F6"/>
  <move id="9" source="K4" target="I4"/>
  <move id="10" source="F6" target="F5"/>
  <move id="11" source="K3" target="K8"/>
  <move id="12" source="E7" target="E6"/>
  <move id="13" source="I3" target="K3"/>
  <move id="14" source="E6" target="E5"/>
  <move id="15" source="H3" target="I3"/>
  <move id="16" source="E5" target="E4"/>
  <move id="17" source="D4" target="E4"/>
  <move id="18" source="F5" target="F4"/>
  <move id="19" source="G4" target="F4"/>
  <move id="20" source="B7" target="B4"/>
  <move id="21" source="I4" target="H4"/>
  <move id="22" source="C7" target="B7"/>
  <move id="23" source="I3" target="I4"/>
  <move id="24" source="B7" target="B6"/>
  <move id="25" source="I4" target="I5"/>
  <move id="26" source="B6" target="B5"/>
  <move id="27" source="E4" target="D4"/>
  <move id="28" source="B5" target="B4"/>
  <move id="29" source="I5" target="I6"/>
  <move id="30" source="B4" target="A4"/>
  <move id="31" source="E3" target="E4"/>
  <move id="32" source="A4" target="A3"/>
  <move id="33" source="E4" target="E5"/>
  <move id="34" source="A7" target="A6"/>
  <move id="35" source="D3" target="E3"/>
  <move id="36" source="A6" target="A5"/>
  <move id="37" source="E3" target="E4"/>
  <move id="38" source="D7" target="E7"/>
  <move id="39" source="F3" target="F4"/>
  <move id="40" source="E7" target="E6"/>
  <move id="41" source="G3" target="F3"/>
  <move id="42" source="F8" target="F7"/>
  <move id="43" source="H4" target="G4"/>
  <move id="44" source="F7" target="F6"/>
  <move id="45" source="H2" target="H3"/>
  <move id="46" source="A5" target="A4"/>
  <move id="47" source="H3" target="I3"/>
  <move id="48" source="A4" target="A3"/>
  <move id="49" source="A2" target="A3"/>
  <move id="50" source="A8" target="A7"/>
  <move id="51" source="A3" target="A4"/>
  <move id="52" source="A7" target="A6"/>
  <move id="53" source="A4" target="B4"/>
  <move id="54" source="A6" target="A5"/>
  <move id="55" source="E5" target="E6"/>
  <move id="56" source="F6" target="E6"/>
  <move id="57" source="F3" target="E3"/>
  <move id="58" source="A5" target="A4"/>
  <move id="59" source="E4" target="E5"/>
  <move id="60" source="E6" target="E7"/>
  <move id="61" source="E5" target="E6"/>
  <move id="62" source="A4" target="A3"/>
  <move id="63" source="F4" target="F5"/>
  <move id="64" source="E7" target="F7"/>
  <move id="65" source="F5" target="F6"/>
  <move id="66" source="E8" target="E7"/>
  <move id="67" source="E6" target="E5"/>
  <move id="68" source="F7" target="F8"/>
  <move id="69" source="E5" target="E4"/>
  <move id="70" source="A3" target="A2"/>
  <move id="71" source="I6" target="I7"/>
  <move id="72" source="H7" target="I7"/>
  <move id="73" source="K3" target="K4"/>
  <move id="74" source="A2" target="A1"/>
  <move id="75" source="K4" target="K5"/>
  <move id="76" source="A1" target="B1"/>
  <move id="77" source="C3" target="D3"/>
  <move id="78" source="B1" target="C1"/>
  <move id="79" source="C2" target="C3"/>
  <move id="80" source="C1" target="D1"/>
  <move id="81" source="D2" target="D1"/>
  <move id="82" source="F8" target="E8"/>
  <move id="83" source="D1" target="C1"/>
  <move id="84" source="E7" target="F7"/>
  <move id="85" source="F6" target="F5"/>
  <move id="86" source="F7" target="F6"/>
  <move id="87" source="F5" target="F4"/>
  <move id="88" source="F6" target="F5"/>
  <move id="89" source="F4" target="F3"/>
  <move id="90" source="F5" target="F4"/>
  <move id="91" source="G4" target="F4"/>
  <move id="92" source="B8" target="A8"/>
  <move id="93" source="F4" target="G4"/>
  <move id="94" source="B9" target="B8"/>
  <move id="95" source="C1" target="B1"/>
  <move id="96" source="B8" target="B7"/>
  <move id="97" source="D3" target="D2"/>
  <move id="98" source="B7" target="B6"/>
  <move id="99" source="D2" target="C2"/>
  <move id="100" source="B6" target="B5"/>
  <move id="101" source="B4" target="B5"/>
  <move id="102" source="B:" target="B9"/>
  <move id="103" source="K5" target="K6"/>
  <move id="104" source="B9" target="B8"/>
  <move id="105" source="K6" target="K7"/>
  <move id="106" source="B8" target="B7"/>
  <move id="107" source="K7" target="K6"/>
  <move id="108" source="B7" target="C7"/>
  <move id="109" source="G4" target="H4"/>
  <move id="110" source="C7" target="D7"/>
  <move id="111" source="G2" target="G3"/>
  <move id="112" source="D7" target="E7"/>
  <move id="113" source="G3" target="G4"/>
  <move id="114" source="E8" target="F8"/>
  <move id="115" source="G4" target="F4"/>
  <move id="116" source="F8" target="F7"/>
  <move id="117" source="H4" target="I4"/>
  <move id="118" source="F7" target="F6"/>
  <move id="119" source="I4" target="I5"/>
  <move id="120" source="F6" target="E6"/>
  <move id="121" source="I5" target="I6"/>
  <move id="122" source="E7" target="F7"/>
  <move id="123" source="I6" target="I7"/>
  <move id="124" source="F7" target="F6"/>
  <move id="125" source="I7" target="I6"/>
  <move id="126" source="F6" target="F5"/>
  <move id="127" source="I6" target="I5"/>
  <move id="128" source="F5" target="E5"/>
  <move id="129" source="I5" target="I4"/>
  <move id="130" source="E6" target="F6"/>
  <move id="131" source="I4" target="H4"/>
  <move id="132" source="F6" target="F5"/>
  <move id="133" source="H4" target="G4"/>
  <move id="134" source="F5" target="F4"/>
  <move id="135" source="G4" target="F4"/>
  <move id="136" source="E5" target="E6"/>
  <move id="137" source="F4" target="G4"/>
  <move id="138" source="E6" target="E7"/>
  <move id="139" source="K6" target="K7"/>
  <move id="140" source="E7" target="D7"/>
  <move id="141" source="I3" target="I8"/>
  <move id="142" source="D7" target="C7"/>
  <move id="143" source="E2" target="D2"/>
  <move id="144" source="C7" target="B7"/>
  <move id="145" source="B1" target="C1"/>
  <move id="146" source="B7" target="B6"/>
  <move id="147" source="C1" target="D1"/>
  <move id="148" source="B6" target="B5"/>
  <move id="149" source="C2" target="C1"/>
  <move id="150" source="B5" target="B4"/>
  <move id="151" source="C1" target="B1"/>
  <move id="152" source="B4" target="A4"/>
  <move id="153" source="B1" target="A1"/>
  <move id="154" source="A4" target="A3"/>
  <move id="155" source="D2" target="D3"/>
  <move id="156" source="A3" target="A2"/>
  <move id="157" source="F3" target="G3"/>
  <move id="158" source="A2" target="A1"/>
  <move id="159" source="E3" target="E2"/>
  <move id="160" source="A1" target="B1"/>
  <move id="161" source="E2" target="D2"/>
  <move id="162" source="B1" target="C1"/>
  <move id="163" source="G3" target="H3"/>
  <move id="164" source="C1" target="C2"/>
  <move id="165" source="D2" target="C2"/>
  <player id="1">Player 1</player>
  <player id="2">Player 2</player>
  <result type="3" winner="1"/>
 </game>
</stratego>