<?xml version="1.0" encoding="UTF-8"?>
<stratego>
 <game type="classic">
  
  <field content="IHBMBEIEHIEBECJDEDFDBFDKLDBJDFHDGDGFGBGHAA__AA__AAAA__AA__AATSRXTSWRTSPPVSPPOUPVQUQNUNPQQPTPNRNYNRNQ"/>
  <move id="1" source="K4" target="K5"/>
  <move id="2" source="I7" target="I6"/>
  <move id="3" source="E4" target="E5"/>
  <move id="4" source="E7" target="E6"/>
  <move id="5" source="A4" target="A5"/>
  <move id="6" source="A7" target="A6"/>
  <move id="7" source="B4" target="A4"/>
  <move id="8" source="E6" target="E5"/>
  <move id="9" source="I4" target="I5"/>
  <move id="10" source="H7" target="I7"/>
  <move id="11" source="C4" target="B4"/>
  <move id="12" source="A6" target="A5"/>
  <move id="13" source="B4" target="B5"/>
  <move id="14" source="A8" target="A4"/>
  <move id="15" source="B3" target="B4"/>
  <move id="16" source="F7" target="F6"/>
  <move id="17" source="E3" target="E4"/>
  <move id="18" source="I6" target="K6"/>
  <move id="19" source="K3" target="K4"/>
  <move id="20" source="I7" target="H7"/>
  <move id="21" source="I3" target="I4"/>
  <move id="22" source="K7" target="I7"/>
  <move id="23" source="B4" target="A4"/>
  <move id="24" source="B7" target="A7"/>
  <move id="25" source="E4" target="E5"/>
  <move id="26" source="K8" target="K7"/>
  <move id="27" source="E5" target="E4"/>
  <move id="28" source="K6" target="K5"/>
  <move id="29" source="I2" target="I3"/>
  <move id="30" source="F6" target="E6"/>
  <move id="31" source="A4" target="A5"/>
  <move id="32" source="C7" target="B7"/>
  <move id="33" source="C3" target="B3"/>
  <move id="34" source="D7" target="C7"/>
  <move id="35" source="F4" target="F5"/>
  <move id="36" source="F8" target="F5"/>
  <move id="37" source="I3" target="I2"/>
  <move id="38" source="I7" target="I6"/>
  <move id="39" source="I5" target="I6"/>
  <move id="40" source="I8" target="I4"/>
  <move id="41" source="H3" target="I3"/>
  <move id="42" source="H8" target="I8"/>
  <move id="43" source="F5" target="E5"/>
  <move id="44" source="G7" target="F7"/>
  <move id="45" source="H2" target="H3"/>
  <move id="46" source="F7" target="G7"/>
  <move id="47" source="G4" target="F4"/>
  <move id="48" source="E8" target="F8"/>
  <move id="49" source="K2" target="K3"/>
  <move id="50" source="F8" target="F4"/>
  <move id="51" source="A5" target="A4"/>
  <move id="52" source="A7" target="A6"/>
  <move id="53" source="B3" target="B4"/>
  <move id="54" source="A6" target="A5"/>
  <move id="55" source="B5" target="A5"/>
  <move id="56" source="B8" target="A8"/>
  <move id="57" source="F4" target="F5"/>
  <move id="58" source="E9" target="E8"/>
  <move id="59" source="K4" target="K5"/>
  <move id="60" source="H7" target="H8"/>
  <move id="61" source="A4" target="A5"/>
  <move id="62" source="G7" target="H7"/>
  <move id="63" source="I3" target="I4"/>
  <move id="64" source="G8" target="G7"/>
  <move id="65" source="I2" target="I3"/>
  <move id="66" source="C7" target="D7"/>
  <move id="67" source="E2" target="E3"/>
  <move id="68" source="K7" target="K8"/>
  <move id="69" source="K1" target="K2"/>
  <move id="70" source="H7" target="I7"/>
  <move id="71" source="K3" target="K4"/>
  <move id="72" source="E8" target="F8"/>
  <move id="73" source="F3" target="F4"/>
  <move id="74" source="I7" target="I6"/>
  <move id="75" source="F4" target="G4"/>
  <move id="76" source="I6" target="K6"/>
  <move id="77" source="I4" target="I5"/>
  <move id="78" source="K6" target="K5"/>
  <move id="79" source="I5" target="I6"/>
  <move id="80" source="K5" target="K4"/>
  <move id="81" source="K2" target="I2"/>
  <move id="82" source="K4" target="I4"/>
  <move id="83" source="I2" target="K2"/>
  <move id="84" source="I4" target="I3"/>
  <move id="85" source="B4" target="A4"/>
  <move id="86" source="I3" target="H3"/>
  <move id="87" source="K2" target="K3"/>
  <move id="88" source="K8" target="K7"/>
  <move id="89" source="K3" target="K4"/>
  <move id="90" source="H3" target="I3"/>
  <move id="91" source="K4" target="K5"/>
  <move id="92" source="I3" target="I4"/>
  <move id="93" source="I6" target="I7"/>
  <move id="94" source="K7" target="I7"/>
  <move id="95" source="K5" target="K6"/>
  <move id="96" source="D7" target="E7"/>
  <move id="97" source="K6" target="I6"/>
  <move id="98" source="E6" target="E5"/>
  <move id="99" source="E4" target="E5"/>
  <move id="100" source="K9" target="K3"/>
  <move id="101" source="I6" target="I7"/>
  <move id="102" source="K3" target="G3"/>
  <move id="103" source="E5" target="E4"/>
  <move id="104" source="I8" target="I7"/>
  <move id="105" source="E4" target="F4"/>
  <move id="106" source="H8" target="H7"/>
  <move id="107" source="I1" target="I2"/>
  <move id="108" source="I9" target="I8"/>
  <move id="109" source="F2" target="E2"/>
  <move id="110" source="I8" target="I7"/>
  <move id="111" source="F4" target="F3"/>
  <move id="112" source="I7" target="I6"/>
  <move id="113" source="F5" target="F4"/>
  <move id="114" source="I6" target="I5"/>
  <move id="115" source="I2" target="I1"/>
  <move id="116" source="I4" target="I3"/>
  <move id="117" source="E2" target="F2"/>
  <move id="118" source="I5" target="I4"/>
  <move id="119" source="I1" target="K1"/>
  <move id="120" source="I4" target="H4"/>
  <move id="121" source="K1" target="I1"/>
  <move id="122" source="H4" target="H3"/>
  <move id="123" source="D4" target="E4"/>
  <move id="124" source="H3" target="G3"/>
  <move id="125" source="F3" target="G3"/>
  <move id="126" source="I3" target="I4"/>
  <move id="127" source="G3" target="H3"/>
  <move id="128" source="I4" target="I5"/>
  <move id="129" source="H3" target="I3"/>
  <move id="130" source="I5" target="I6"/>
  <move id="131" source="G4" target="K4"/>
  <move id="132" source="I6" target="I7"/>
  <move id="133" source="G2" target="G3"/>
  <move id="134" source="A8" target="A5"/>
  <move id="135" source="I3" target="I4"/>
  <move id="136" source="H7" target="H8"/>
  <move id="137" source="I4" target="I5"/>
  <move id="138" source="H8" target="I8"/>
  <move id="139" source="K4" target="K5"/>
  <move id="140" source="B9" target="B8"/>
  <move id="141" source="I5" target="I6"/>
  <move id="142" source="I7" target="H7"/>
  <move id="143" source="K5" target="K8"/>
  <move id="144" source="E7" target="E6"/>
  <move id="145" source="K8" target="I8"/>
  <move id="146" source="B8" target="A8"/>
  <move id="147" source="I6" target="I7"/>
  <move id="148" source="H7" target="H8"/>
  <move id="149" source="I7" target="I8"/>
  <move id="150" source="G7" target="G8"/>
  <move id="151" source="I1" target="I2"/>
  <move id="152" source="F8" target="F7"/>
  <move id="153" source="I2" target="I3"/>
  <move id="154" source="F7" target="F6"/>
  <move id="155" source="D2" target="E2"/>
  <move id="156" source="F6" target="F5"/>
  <move id="157" source="F2" target="K2"/>
  <move id="158" source="F5" target="F4"/>
  <move id="159" source="K2" target="K7"/>
  <move id="160" source="H8" target="H7"/>
  <move id="161" source="E4" target="E5"/>
  <move id="162" source="E6" target="E5"/>
  <move id="163" source="E3" target="F3"/>
  <move id="164" source="F4" target="F5"/>
  <move id="165" source="E2" target="E3"/>
  <move id="166" source="B7" target="B8"/>
  <move id="167" source="F3" target="F4"/>
  <move id="168" source="F5" target="F6"/>
  <move id="169" source="F4" target="E4"/>
  <move id="170" source="E5" target="E6"/>
  <move id="171" source="G3" target="F3"/>
  <move id="172" source="A8" target="A7"/>
  <move id="173" source="I3" target="I4"/>
  <move id="174" source="A7" target="A6"/>
  <move id="175" source="I4" target="I5"/>
  <move id="176" source="A6" target="A5"/>
  <move id="177" source="A4" target="B4"/>
  <move id="178" source="C8" target="C7"/>
  <move id="179" source="I5" target="I6"/>
  <move id="180" source="E6" target="E7"/>
  <move id="181" source="I6" target="I7"/>
  <move id="182" source="E7" target="F7"/>
  <move id="183" source="K7" target="K6"/>
  <move id="184" source="C7" target="D7"/>
  <move id="185" source="I7" target="K7"/>
  <move id="186" source="F6" target="F5"/>
  <move id="187" source="K7" target="K8"/>
  <move id="188" source="G8" target="G7"/>
  <move id="189" source="I8" target="I7"/>
  <move id="190" source="F7" target="F8"/>
  <move id="191" source="K8" target="K9"/>
  <move id="192" source="F8" target="G8"/>
  <move id="193" source="E4" target="F4"/>
  <move id="194" source="F5" target="F4"/>
  <move id="195" source="B4" target="E4"/>
  <move id="196" source="D7" target="E7"/>
  <move id="197" source="F4" target="F5"/>
  <move id="198" source="G8" target="F8"/>
  <move id="199" source="E4" target="E5"/>
  <move id="200" source="F8" target="F7"/>
  <move id="201" source="E3" target="E4"/>
  <move id="202" source="F7" target="F6"/>
  <move id="203" source="E4" target="F4"/>
  <move id="204" source="D8" target="D7"/>
  <move id="205" source="K6" target="K8"/>
  <move id="206" source="H9" target="H8"/>
  <move id="207" source="K9" target="I9"/>
  <move id="208" source="B8" target="A8"/>
  <move id="209" source="I9" target="I8"/>
  <move id="210" source="B:" target="B4"/>
  <move id="211" source="D3" target="D4"/>
  <move id="212" source="A5" target="B5"/>
  <move id="213" source="I8" target="H8"/>
  <move id="214" source="H7" target="H8"/>
  <move id="215" source="C2" target="C3"/>
  <move id="216" source="K:" target="K9"/>
  <move id="217" source="K8" target="I8"/>
  <move id="218" source="K9" target="K8"/>
  <move id="219" source="D4" target="C4"/>
  <move id="220" source="K8" target="I8"/>
  <move id="221" source="I7" target="I8"/>
  <move id="222" source="G7" target="G8"/>
  <move id="223" source="C4" target="B4"/>
  <move id="224" source="G9" target="K9"/>
  <move id="225" source="F3" target="G3"/>
  <move id="226" source="K9" target="K4"/>
  <move id="227" source="G3" target="G4"/>
  <move id="228" source="K4" target="K3"/>
  <move id="229" source="E5" target="E3"/>
  <move id="230" source="K3" target="K2"/>
  <move id="231" source="B4" target="B5"/>
  <move id="232" source="K2" target="F2"/>
  <move id="233" source="F1" target="F2"/>
  <move id="234" source="E7" target="E6"/>
  <move id="235" source="B5" target="B6"/>
  <move id="236" source="F6" target="F7"/>
  <move id="237" source="B6" target="B7"/>
  <move id="238" source="F7" target="E7"/>
  <move id="239" source="E3" target="K3"/>
  <move id="240" source="E7" target="E8"/>
  <move id="241" source="K3" target="K7"/>
  <move id="242" source="H8" target="H7"/>
  <move id="243" source="B7" target="C7"/>
  <move id="244" source="D7" target="E7"/>
  <move id="245" source="G1" target="G2"/>
  <move id="246" source="E8" target="D8"/>
  <move id="247" source="F4" target="E4"/>
  <move id="248" source="D8" target="C8"/>
  <move id="249" source="C7" target="D7"/>
  <move id="250" source="C8" target="B8"/>
  <move id="251" source="D7" target="E7"/>
  <move id="252" source="E6" target="E5"/>
  <move id="253" source="F5" target="E5"/>
  <move id="254" source="B8" target="B7"/>
  <move id="255" source="E7" target="F7"/>
  <move id="256" source="C9" target="C8"/>
  <move id="257" source="F7" target="F8"/>
  <move id="258" source="H7" target="G7"/>
  <move id="259" source="I8" target="I7"/>
  <move id="260" source="B7" target="B6"/>
  <move id="261" source="I7" target="H7"/>
  <move id="262" source="C8" target="C7"/>
  <move id="263" source="K7" target="K8"/>
  <move id="264" source="B6" target="B5"/>
  <move id="265" source="K8" target="G8"/>
  <move id="266" source="G7" target="G8"/>
  <move id="267" source="E4" target="D4"/>
  <move id="268" source="A8" target="A7"/>
  <move id="269" source="F8" target="F7"/>
  <move id="270" source="B5" target="B4"/>
  <move id="271" source="F7" target="F6"/>
  <move id="272" source="G8" target="F8"/>
  <move id="273" source="F6" target="F5"/>
  <move id="274" source="F8" target="E8"/>
  <move id="275" source="H7" target="G7"/>
  <move id="276" source="B4" target="A4"/>
  <move id="277" source="G7" target="F7"/>
  <move id="278" source="C7" target="B7"/>
  <move id="279" source="F7" target="E7"/>
  <move id="280" source="B7" target="B6"/>
  <move id="281" source="E7" target="E8"/>
  <move id="282" source="A4" target="A3"/>
  <move id="283" source="F5" target="F4"/>
  <move id="284" source="B6" target="B5"/>
  <move id="285" source="F4" target="E4"/>
  <move id="286" source="B5" target="A5"/>
  <move id="287" source="E4" target="E3"/>
  <move id="288" source="A5" target="A4"/>
  <move id="289" source="E3" target="D3"/>
  <move id="290" source="A4" target="A3"/>
  <move id="291" source="D3" target="D2"/>
  <move id="292" source="H:" target="H9"/>
  <move id="293" source="E8" target="E7"/>
  <move id="294" source="H9" target="H8"/>
  <move id="295" source="E7" target="F7"/>
  <move id="296" source="H8" target="I8"/>
  <move id="297" source="G2" target="H2"/>
  <move id="298" source="I8" target="I7"/>
  <move id="299" source="F7" target="E7"/>
  <move id="300" source="I7" target="I6"/>
  <move id="301" source="E7" target="E6"/>
  <move id="302" source="I6" target="I5"/>
  <move id="303" source="E6" target="E5"/>
  <move id="304" source="I5" target="I4"/>
  <move id="305" source="E5" target="E4"/>
  <move id="306" source="I4" target="I3"/>
  <move id="307" source="E4" target="E3"/>
  <move id="308" source="I3" target="K3"/>
  <move id="309" source="C3" target="B3"/>
  <move id="310" source="A3" target="A2"/>
  <move id="311" source="A1" target="A2"/>
  <move id="312" source="K3" target="K2"/>
  <move id="313" source="A2" target="A3"/>
  <move id="314" source="K2" target="K1"/>
  <move id="315" source="A3" target="A4"/>
  <move id="316" source="K1" target="I1"/>
  <move id="317" source="H2" target="G2"/>
  <move id="318" source="I1" target="H1"/>
  <move id="319" source="A4" target="A5"/>
  <move id="320" source="H1" target="G1"/>
  <move id="321" source="G2" target="G1"/>
  <move id="322" source="A:" target="B:"/>
  <move id="323" source="A5" target="A6"/>
  <move id="324" source="B:" target="B9"/>
  <move id="325" source="A6" target="A7"/>
  <move id="326" source="B9" target="B8"/>
  <move id="327" source="A7" target="B7"/>
  <move id="328" source="B8" target="C8"/>
  <move id="329" source="B7" target="C7"/>
  <move id="330" source="C8" target="D8"/>
  <move id="331" source="C7" target="C8"/>
  <move id="332" source="A9" target="A8"/>
  <move id="333" source="C8" target="C7"/>
  <move id="334" source="A8" target="A7"/>
  <move id="335" source="C7" target="D7"/>
  <move id="336" source="A7" target="A6"/>
  <move id="337" source="D7" target="D8"/>
  <move id="338" source="A6" target="A5"/>
  <move id="339" source="D2" target="C2"/>
  <move id="340" source="A5" target="A4"/>
  <move id="341" source="E3" target="E2"/>
  <move id="342" source="A4" target="A3"/>
  <move id="343" source="E2" target="D2"/>
  <move id="344" source="A3" target="A2"/>
  <move id="345" source="G1" target="G2"/>
  <move id="346" source="A2" target="A1"/>
  <move id="347" source="F2" target="F3"/>
  <move id="348" source="A1" target="B1"/>
  <player id="1">Player 1</player>
  <player id="2">Player 2</player>
  <result type="0" winner="1"/>
 </game>
</stratego>