<?xml version="1.0" encoding="UTF-8"?>
<stratego>
 <game type="classic">
  
  <field content="EDGDEDEFDEBBJMBIHIBBDIHLGHCDDJGFDEBFKFGHAA__AA__AAAA__AA__AASPPPSPRPRPNTVWNRUQTNUNXOTVNSRSPYQUQNQTQP"/>
  <move id="1" source="B4" target="B5"/>
  <move id="2" source="E7" target="E6"/>
  <move id="3" source="K4" target="K5"/>
  <move id="4" source="E6" target="E5"/>
  <move id="5" source="A4" target="A5"/>
  <move id="6" source="F7" target="F4"/>
  <move id="7" source="A5" target="A6"/>
  <move id="8" source="D7" target="E7"/>
  <move id="9" source="A6" target="A7"/>
  <move id="10" source="E5" target="F5"/>
  <move id="11" source="K5" target="K6"/>
  <move id="12" source="E7" target="E4"/>
  <move id="13" source="B5" target="B6"/>
  <move id="14" source="I7" target="I6"/>
  <move id="15" source="K6" target="I6"/>
  <move id="16" source="K7" target="K3"/>
  <move id="17" source="B6" target="B7"/>
  <move id="18" source="C7" target="D7"/>
  <move id="19" source="B7" target="B8"/>
  <move id="20" source="D7" target="C7"/>
  <move id="21" source="I4" target="I5"/>
  <move id="22" source="C7" target="B7"/>
  <move id="23" source="I5" target="K5"/>
  <move id="24" source="B7" target="B3"/>
  <move id="25" source="K5" target="K6"/>
  <move id="26" source="I8" target="I7"/>
  <move id="27" source="I6" target="I5"/>
  <move id="28" source="I7" target="K7"/>
  <move id="29" source="K6" target="K5"/>
  <move id="30" source="K7" target="K6"/>
  <move id="31" source="F4" target="F5"/>
  <move id="32" source="K6" target="K5"/>
  <move id="33" source="I5" target="I6"/>
  <move id="34" source="K5" target="I5"/>
  <move id="35" source="I6" target="I7"/>
  <move id="36" source="I5" target="I6"/>
  <move id="37" source="I7" target="I8"/>
  <move id="38" source="I6" target="I7"/>
  <move id="39" source="I8" target="H8"/>
  <move id="40" source="G8" target="H8"/>
  <move id="41" source="K3" target="K4"/>
  <move id="42" source="I7" target="I6"/>
  <move id="43" source="K4" target="K5"/>
  <move id="44" source="G7" target="F7"/>
  <move id="45" source="K5" target="I5"/>
  <move id="46" source="I6" target="K6"/>
  <move id="47" source="I5" target="K5"/>
  <move id="48" source="K6" target="I6"/>
  <move id="49" source="F3" target="F4"/>
  <move id="50" source="F5" target="F6"/>
  <move id="51" source="F4" target="F5"/>
  <move id="52" source="F6" target="E6"/>
  <move id="53" source="C4" target="B4"/>
  <move id="54" source="H8" target="G8"/>
  <move id="55" source="B4" target="A4"/>
  <move id="56" source="G8" target="G7"/>
  <move id="57" source="A4" target="A8"/>
  <move id="58" source="F7" target="E7"/>
  <move id="59" source="F5" target="F4"/>
  <move id="60" source="G7" target="G8"/>
  <move id="61" source="B3" target="B4"/>
  <move id="62" source="H7" target="G7"/>
  <move id="63" source="H4" target="I4"/>
  <move id="64" source="G7" target="F7"/>
  <move id="65" source="I4" target="K4"/>
  <move id="66" source="F7" target="F4"/>
  <move id="67" source="K5" target="K6"/>
  <move id="68" source="E7" target="D7"/>
  <move id="69" source="K6" target="I6"/>
  <move id="70" source="D7" target="C7"/>
  <move id="71" source="F4" target="F5"/>
  <move id="72" source="C7" target="B7"/>
  <move id="73" source="F5" target="E5"/>
  <move id="74" source="E6" target="F6"/>
  <move id="75" source="E5" target="E6"/>
  <move id="76" source="F6" target="F5"/>
  <move id="77" source="E6" target="F6"/>
  <move id="78" source="F5" target="F4"/>
  <move id="79" source="G4" target="F4"/>
  <move id="80" source="C8" target="C7"/>
  <move id="81" source="F6" target="F7"/>
  <move id="82" source="D8" target="D7"/>
  <move id="83" source="F7" target="F8"/>
  <move id="84" source="G8" target="F8"/>
  <move id="85" source="I6" target="K6"/>
  <move id="86" source="D7" target="E7"/>
  <move id="87" source="I3" target="I9"/>
  <move id="88" source="E7" target="F7"/>
  <move id="89" source="K6" target="K7"/>
  <move id="90" source="F7" target="G7"/>
  <move id="91" source="K7" target="I7"/>
  <move id="92" source="G7" target="H7"/>
  <move id="93" source="I7" target="I8"/>
  <move id="94" source="C9" target="C8"/>
  <move id="95" source="I8" target="I9"/>
  <move id="96" source="C8" target="D8"/>
  <move id="97" source="I9" target="I8"/>
  <move id="98" source="D8" target="D7"/>
  <move id="99" source="K4" target="K5"/>
  <move id="100" source="D7" target="E7"/>
  <move id="101" source="K5" target="K6"/>
  <move id="102" source="E7" target="F7"/>
  <move id="103" source="K6" target="K7"/>
  <move id="104" source="F7" target="G7"/>
  <move id="105" source="K7" target="K8"/>
  <move id="106" source="H7" target="I7"/>
  <move id="107" source="I8" target="H8"/>
  <move id="108" source="G7" target="G8"/>
  <move id="109" source="H8" target="H9"/>
  <move id="110" source="I7" target="I8"/>
  <move id="111" source="H9" target="H:"/>
  <move id="112" source="I8" target="I9"/>
  <move id="113" source="H:" target="G:"/>
  <move id="114" source="I9" target="H9"/>
  <move id="115" source="G:" target="F:"/>
  <move id="116" source="H9" target="H8"/>
  <move id="117" source="H3" target="I3"/>
  <move id="118" source="H8" target="H7"/>
  <move id="119" source="I3" target="I4"/>
  <move id="120" source="G8" target="G7"/>
  <move id="121" source="I4" target="I5"/>
  <move id="122" source="G7" target="F7"/>
  <move id="123" source="I5" target="I6"/>
  <move id="124" source="F7" target="F6"/>
  <move id="125" source="F4" target="G4"/>
  <move id="126" source="H7" target="G7"/>
  <move id="127" source="I6" target="I7"/>
  <move id="128" source="F8" target="F7"/>
  <move id="129" source="I7" target="I:"/>
  <move id="130" source="F6" target="F5"/>
  <move id="131" source="B4" target="B5"/>
  <move id="132" source="F7" target="F8"/>
  <move id="133" source="B5" target="B6"/>
  <move id="134" source="G7" target="F7"/>
  <move id="135" source="B6" target="B7"/>
  <move id="136" source="C7" target="B7"/>
  <move id="137" source="H2" target="H3"/>
  <move id="138" source="I:" target="I9"/>
  <move id="139" source="H3" target="H4"/>
  <move id="140" source="F7" target="G7"/>
  <move id="141" source="H4" target="I4"/>
  <move id="142" source="G7" target="F7"/>
  <move id="143" source="I4" target="I5"/>
  <move id="144" source="F7" target="E7"/>
  <move id="145" source="I5" target="I6"/>
  <move id="146" source="F5" target="F6"/>
  <move id="147" source="I6" target="I7"/>
  <move id="148" source="F6" target="F7"/>
  <move id="149" source="I7" target="I8"/>
  <move id="150" source="I9" target="H9"/>
  <move id="151" source="I8" target="H8"/>
  <move id="152" source="H9" target="H:"/>
  <move id="153" source="H8" target="H9"/>
  <move id="154" source="H:" target="H9"/>
  <move id="155" source="H9" target="G9"/>
  <move id="156" source="E7" target="D7"/>
  <move id="157" source="G2" target="H2"/>
  <move id="158" source="B7" target="C7"/>
  <move id="159" source="H2" target="H3"/>
  <move id="160" source="C7" target="C8"/>
  <move id="161" source="H3" target="I3"/>
  <move id="162" source="D7" target="C7"/>
  <move id="163" source="I3" target="K3"/>
  <move id="164" source="C7" target="B7"/>
  <move id="165" source="G1" target="G2"/>
  <move id="166" source="K9" target="I9"/>
  <move id="167" source="G2" target="H2"/>
  <move id="168" source="I9" target="H9"/>
  <move id="169" source="H2" target="H3"/>
  <move id="170" source="F7" target="G7"/>
  <move id="171" source="H3" target="H4"/>
  <move id="172" source="G7" target="H7"/>
  <move id="173" source="F1" target="G1"/>
  <move id="174" source="B7" target="C7"/>
  <move id="175" source="G1" target="G2"/>
  <move id="176" source="C7" target="D7"/>
  <move id="177" source="G2" target="H2"/>
  <move id="178" source="D7" target="E7"/>
  <move id="179" source="H2" target="H3"/>
  <move id="180" source="H7" target="I7"/>
  <move id="181" source="H3" target="I3"/>
  <move id="182" source="E7" target="E6"/>
  <move id="183" source="I3" target="I7"/>
  <move id="184" source="I7" target="I6"/>
  <move id="185" source="H4" target="H3"/>
  <move id="186" source="I6" target="I5"/>
  <move id="187" source="H3" target="H2"/>
  <move id="188" source="I5" target="I4"/>
  <move id="189" source="A3" target="A4"/>
  <move id="190" source="H9" target="H8"/>
  <move id="191" source="A4" target="A5"/>
  <move id="192" source="H8" target="H7"/>
  <move id="193" source="A5" target="A6"/>
  <move id="194" source="H7" target="G7"/>
  <move id="195" source="A6" target="A7"/>
  <move id="196" source="G7" target="F7"/>
  <move id="197" source="A7" target="B7"/>
  <move id="198" source="F7" target="E7"/>
  <move id="199" source="B7" target="C7"/>
  <move id="200" source="C8" target="D8"/>
  <move id="201" source="C7" target="C8"/>
  <move id="202" source="B8" target="C8"/>
  <move id="203" source="G3" target="H3"/>
  <move id="204" source="C8" target="C7"/>
  <move id="205" source="G4" target="F4"/>
  <move id="206" source="C7" target="B7"/>
  <move id="207" source="F4" target="F5"/>
  <move id="208" source="E7" target="F7"/>
  <move id="209" source="F5" target="F6"/>
  <move id="210" source="E6" target="E7"/>
  <move id="211" source="F6" target="F7"/>
  <move id="212" source="E7" target="F7"/>
  <move id="213" source="C3" target="C4"/>
  <move id="214" source="I4" target="I5"/>
  <move id="215" source="C2" target="C3"/>
  <move id="216" source="I5" target="I6"/>
  <move id="217" source="C3" target="B3"/>
  <move id="218" source="I6" target="I7"/>
  <move id="219" source="B3" target="B4"/>
  <move id="220" source="I7" target="H7"/>
  <move id="221" source="B4" target="B5"/>
  <move id="222" source="H7" target="G7"/>
  <move id="223" source="B5" target="B6"/>
  <move id="224" source="B7" target="B8"/>
  <move id="225" source="B6" target="B7"/>
  <move id="226" source="B8" target="C8"/>
  <move id="227" source="B7" target="B8"/>
  <move id="228" source="G7" target="F7"/>
  <move id="229" source="B8" target="C8"/>
  <move id="230" source="D8" target="C8"/>
  <move id="231" source="K3" target="K4"/>
  <move id="232" source="F7" target="E7"/>
  <move id="233" source="H3" target="H4"/>
  <move id="234" source="E7" target="D7"/>
  <move id="235" source="H4" target="I4"/>
  <move id="236" source="D7" target="C7"/>
  <move id="237" source="H2" target="H3"/>
  <move id="238" source="F8" target="F7"/>
  <move id="239" source="K4" target="K5"/>
  <move id="240" source="D9" target="D8"/>
  <move id="241" source="K5" target="K6"/>
  <move id="242" source="E9" target="D9"/>
  <move id="243" source="K6" target="K7"/>
  <move id="244" source="D9" target="C9"/>
  <move id="245" source="I4" target="K4"/>
  <move id="246" source="D8" target="D9"/>
  <move id="247" source="H3" target="H4"/>
  <move id="248" source="C7" target="D7"/>
  <move id="249" source="H4" target="I4"/>
  <move id="250" source="D7" target="E7"/>
  <move id="251" source="C4" target="C3"/>
  <move id="252" source="E7" target="E6"/>
  <move id="253" source="I4" target="I5"/>
  <move id="254" source="F7" target="E7"/>
  <move id="255" source="D4" target="C4"/>
  <move id="256" source="E7" target="D7"/>
  <move id="257" source="C4" target="B4"/>
  <move id="258" source="E6" target="E7"/>
  <move id="259" source="I5" target="I6"/>
  <move id="260" source="C9" target="C8"/>
  <move id="261" source="I6" target="I7"/>
  <move id="262" source="C8" target="C7"/>
  <move id="263" source="I7" target="I8"/>
  <move id="264" source="E7" target="F7"/>
  <move id="265" source="I8" target="I9"/>
  <move id="266" source="F7" target="G7"/>
  <move id="267" source="I9" target="H9"/>
  <move id="268" source="G7" target="H7"/>
  <move id="269" source="K4" target="I4"/>
  <move id="270" source="H7" target="H8"/>
  <move id="271" source="H9" target="G9"/>
  <move id="272" source="H8" target="H7"/>
  <move id="273" source="G9" target="F9"/>
  <move id="274" source="H7" target="I7"/>
  <move id="275" source="K7" target="K6"/>
  <move id="276" source="I7" target="I6"/>
  <move id="277" source="K6" target="K7"/>
  <move id="278" source="K:" target="I:"/>
  <move id="279" source="I4" target="H4"/>
  <move id="280" source="I:" target="I9"/>
  <move id="281" source="H4" target="G4"/>
  <move id="282" source="F9" target="F8"/>
  <move id="283" source="G4" target="G3"/>
  <move id="284" source="D9" target="D8"/>
  <move id="285" source="B4" target="B5"/>
  <move id="286" source="F8" target="F7"/>
  <move id="287" source="B5" target="B6"/>
  <move id="288" source="C7" target="C8"/>
  <move id="289" source="B6" target="B7"/>
  <move id="290" source="F7" target="F6"/>
  <move id="291" source="B7" target="A7"/>
  <move id="292" source="C8" target="B8"/>
  <move id="293" source="D3" target="D4"/>
  <move id="294" source="B8" target="B7"/>
  <move id="295" source="A7" target="A8"/>
  <move id="296" source="A9" target="A8"/>
  <move id="297" source="D4" target="C4"/>
  <move id="298" source="D8" target="C8"/>
  <move id="299" source="C4" target="B4"/>
  <move id="300" source="C8" target="B8"/>
  <move id="301" source="B4" target="B5"/>
  <move id="302" source="D7" target="C7"/>
  <move id="303" source="E1" target="F1"/>
  <move id="304" source="B8" target="C8"/>
  <move id="305" source="F1" target="G1"/>
  <move id="306" source="C8" target="C9"/>
  <move id="307" source="G1" target="G2"/>
  <move id="308" source="B7" target="B8"/>
  <move id="309" source="G2" target="H2"/>
  <move id="310" source="B8" target="C8"/>
  <move id="311" source="H2" target="H3"/>
  <move id="312" source="C8" target="D8"/>
  <move id="313" source="H3" target="H4"/>
  <move id="314" source="C9" target="C8"/>
  <move id="315" source="C3" target="C4"/>
  <move id="316" source="C7" target="B7"/>
  <move id="317" source="E3" target="F3"/>
  <move id="318" source="C8" target="B8"/>
  <move id="319" source="F3" target="F4"/>
  <move id="320" source="D8" target="C8"/>
  <move id="321" source="F4" target="F5"/>
  <move id="322" source="F6" target="F7"/>
  <move id="323" source="F5" target="F6"/>
  <move id="324" source="F7" target="G7"/>
  <move id="325" source="F6" target="F7"/>
  <move id="326" source="G7" target="H7"/>
  <move id="327" source="F2" target="F3"/>
  <move id="328" source="I9" target="H9"/>
  <move id="329" source="F3" target="F4"/>
  <move id="330" source="H9" target="G9"/>
  <move id="331" source="F4" target="F5"/>
  <move id="332" source="G9" target="F9"/>
  <move id="333" source="F5" target="F6"/>
  <move id="334" source="F9" target="F7"/>
  <move id="335" source="C1" target="C2"/>
  <move id="336" source="C8" target="C7"/>
  <move id="337" source="C2" target="C3"/>
  <move id="338" source="A8" target="A7"/>
  <move id="339" source="C3" target="D3"/>
  <move id="340" source="H7" target="G7"/>
  <move id="341" source="F7" target="G7"/>
  <move id="342" source="C7" target="D7"/>
  <move id="343" source="D3" target="D4"/>
  <move id="344" source="D7" target="E7"/>
  <move id="345" source="G3" target="F3"/>
  <move id="346" source="E7" target="F7"/>
  <move id="347" source="F6" target="F5"/>
  <move id="348" source="F7" target="F6"/>
  <move id="349" source="F5" target="F4"/>
  <move id="350" source="B8" target="C8"/>
  <move id="351" source="D1" target="C1"/>
  <move id="352" source="C8" target="D8"/>
  <move id="353" source="C1" target="C2"/>
  <move id="354" source="D8" target="D9"/>
  <move id="355" source="C2" target="C3"/>
  <move id="356" source="D9" target="E9"/>
  <move id="357" source="C3" target="B3"/>
  <move id="358" source="E9" target="F9"/>
  <move id="359" source="B5" target="A5"/>
  <move id="360" source="F9" target="G9"/>
  <move id="361" source="B3" target="B7"/>
  <move id="362" source="G9" target="H9"/>
  <move id="363" source="A5" target="B5"/>
  <move id="364" source="H9" target="H8"/>
  <move id="365" source="D4" target="D3"/>
  <move id="366" source="H8" target="H7"/>
  <move id="367" source="D3" target="C3"/>
  <move id="368" source="H7" target="I7"/>
  <move id="369" source="C3" target="B3"/>
  <move id="370" source="I7" target="K7"/>
  <move id="371" source="B3" target="B4"/>
  <move id="372" source="G7" target="H7"/>
  <move id="373" source="B4" target="A4"/>
  <move id="374" source="H7" target="I7"/>
  <move id="375" source="A4" target="A5"/>
  <move id="376" source="B7" target="C7"/>
  <move id="377" source="A5" target="A6"/>
  <move id="378" source="A7" target="A8"/>
  <move id="379" source="A6" target="A7"/>
  <move id="380" source="A8" target="A9"/>
  <move id="381" source="B5" target="B6"/>
  <move id="382" source="C7" target="D7"/>
  <move id="383" source="B6" target="B7"/>
  <move id="384" source="I7" target="K7"/>
  <move id="385" source="A7" target="A8"/>
  <move id="386" source="I6" target="I7"/>
  <move id="387" source="A8" target="A9"/>
  <move id="388" source="I7" target="H7"/>
  <move id="389" source="B7" target="B8"/>
  <move id="390" source="F6" target="F5"/>
  <move id="391" source="B8" target="A8"/>
  <move id="392" source="H7" target="G7"/>
  <move id="393" source="A8" target="A9"/>
  <move id="394" source="G7" target="F7"/>
  <move id="395" source="H4" target="H3"/>
  <move id="396" source="D7" target="E7"/>
  <move id="397" source="H3" target="G3"/>
  <move id="398" source="F7" target="F8"/>
  <move id="399" source="F4" target="G4"/>
  <move id="400" source="K7" target="K6"/>
  <move id="401" source="F3" target="E3"/>
  <move id="402" source="F8" target="F9"/>
  <move id="403" source="C4" target="B4"/>
  <move id="404" source="F9" target="E9"/>
  <move id="405" source="G4" target="H4"/>
  <move id="406" source="K6" target="K5"/>
  <move id="407" source="A9" target="A8"/>
  <move id="408" source="E7" target="E6"/>
  <move id="409" source="A8" target="B8"/>
  <move id="410" source="E9" target="D9"/>
  <move id="411" source="B8" target="C8"/>
  <move id="412" source="D9" target="C9"/>
  <move id="413" source="C8" target="D8"/>
  <move id="414" source="F5" target="F4"/>
  <move id="415" source="D8" target="E8"/>
  <move id="416" source="C9" target="C8"/>
  <move id="417" source="B4" target="B5"/>
  <move id="418" source="C8" target="B8"/>
  <move id="419" source="B5" target="B6"/>
  <move id="420" source="F4" target="F5"/>
  <move id="421" source="B1" target="C1"/>
  <move id="422" source="F5" target="F6"/>
  <move id="423" source="C1" target="C2"/>
  <move id="424" source="F6" target="F7"/>
  <move id="425" source="C2" target="C3"/>
  <move id="426" source="F7" target="F8"/>
  <move id="427" source="C3" target="B3"/>
  <move id="428" source="F8" target="F9"/>
  <move id="429" source="B3" target="B4"/>
  <move id="430" source="F9" target="E9"/>
  <move id="431" source="B4" target="A4"/>
  <move id="432" source="E9" target="D9"/>
  <move id="433" source="A4" target="A:"/>
  <move id="434" source="B8" target="A8"/>
  <move id="435" source="B6" target="B7"/>
  <move id="436" source="E6" target="E7"/>
  <move id="437" source="B7" target="C7"/>
  <move id="438" source="D9" target="C9"/>
  <move id="439" source="C7" target="C8"/>
  <move id="440" source="D:" target="D9"/>
  <move id="441" source="C8" target="C9"/>
  <move id="442" source="D9" target="C9"/>
  <move id="443" source="H1" target="H2"/>
  <move id="444" source="E7" target="E6"/>
  <move id="445" source="H2" target="G2"/>
  <move id="446" source="C9" target="D9"/>
  <move id="447" source="G2" target="F2"/>
  <move id="448" source="E6" target="E5"/>
  <move id="449" source="F2" target="F3"/>
  <move id="450" source="E5" target="F5"/>
  <move id="451" source="F3" target="F4"/>
  <move id="452" source="F5" target="F4"/>
  <move id="453" source="E3" target="D3"/>
  <move id="454" source="K5" target="K4"/>
  <move id="455" source="D3" target="C3"/>
  <move id="456" source="D9" target="D8"/>
  <move id="457" source="C3" target="C4"/>
  <move id="458" source="D8" target="D7"/>
  <move id="459" source="C4" target="B4"/>
  <move id="460" source="D7" target="C7"/>
  <move id="461" source="G3" target="H3"/>
  <move id="462" source="A8" target="A7"/>
  <move id="463" source="H3" target="I3"/>
  <move id="464" source="C7" target="B7"/>
  <move id="465" source="I3" target="I4"/>
  <move id="466" source="K4" target="I4"/>
  <move id="467" source="H4" target="H3"/>
  <move id="468" source="A7" target="A6"/>
  <move id="469" source="H3" target="G3"/>
  <move id="470" source="E:" target="D:"/>
  <move id="471" source="G3" target="G2"/>
  <move id="472" source="C:" target="C9"/>
  <move id="473" source="G2" target="F2"/>
  <move id="474" source="C9" target="C8"/>
  <move id="475" source="F2" target="F1"/>
  <move id="476" source="D:" target="C:"/>
  <move id="477" source="F1" target="E1"/>
  <move id="478" source="C8" target="B8"/>
  <move id="479" source="E1" target="D1"/>
  <move id="480" source="B8" target="A8"/>
  <move id="481" source="D1" target="C1"/>
  <move id="482" source="B7" target="B6"/>
  <move id="483" source="C1" target="C2"/>
  <move id="484" source="A6" target="A5"/>
  <move id="485" source="C2" target="C3"/>
  <move id="486" source="B6" target="B5"/>
  <move id="487" source="B4" target="B5"/>
  <move id="488" source="B5" target="B4"/>
  <move id="489" source="C3" target="B3"/>
  <move id="490" source="A5" target="A4"/>
  <move id="491" source="B3" target="B4"/>
  <move id="492" source="F4" target="F3"/>
  <move id="493" source="A1" target="B1"/>
  <move id="494" source="A4" target="B4"/>
  <move id="495" source="B1" target="C1"/>
  <move id="496" source="F3" target="F2"/>
  <move id="497" source="C1" target="C2"/>
  <move id="498" source="F2" target="F3"/>
  <move id="499" source="C2" target="C3"/>
  <move id="500" source="I4" target="H4"/>
  <move id="501" source="C3" target="B3"/>
  <move id="502" source="F3" target="E3"/>
  <move id="503" source="B3" target="B4"/>
  <move id="504" source="E3" target="D3"/>
  <move id="505" source="I1" target="F1"/>
  <move id="506" source="D3" target="E3"/>
  <move id="507" source="F1" target="F:"/>
  <move id="508" source="E3" target="F3"/>
  <move id="509" source="K1" target="I1"/>
  <move id="510" source="F3" target="F2"/>
  <move id="511" source="I1" target="H1"/>
  <move id="512" source="F2" target="E2"/>
  <move id="513" source="H1" target="G1"/>
  <move id="514" source="H4" target="H3"/>
  <move id="515" source="G1" target="G2"/>
  <move id="516" source="H3" target="I3"/>
  <move id="517" source="G2" target="G3"/>
  <move id="518" source="I3" target="I2"/>
  <move id="519" source="G3" target="G4"/>
  <move id="520" source="B4" target="B3"/>
  <move id="521" source="G4" target="F4"/>
  <move id="522" source="B3" target="C3"/>
  <move id="523" source="F4" target="F5"/>
  <move id="524" source="C3" target="D3"/>
  <move id="525" source="F5" target="F6"/>
  <move id="526" source="D3" target="D2"/>
  <player id="1">Player 1</player>
  <player id="2">Player 2</player>
  <result type="1" winner="2"/>
 </game>
</stratego>