<?xml version="1.0" encoding="UTF-8"?>
<stratego>
 <game type="classic">
  
  <field content="GEDEFDEIBMDIGBICHELBHBJEGBKBJHFDFDHDFDGDAA__AA__AAAA__AA__AANNTUNPWPPPSSSSTVOXPPNTPPUQTUVNRRRRQQQQNY"/>
  <move id="1" source="B4" target="B7"/>
  <move id="2" source="I7" target="I6"/>
  <move id="3" source="C4" target="B4"/>
  <move id="4" source="K7" target="K6"/>
  <move id="5" source="B4" target="B5"/>
  <move id="6" source="I8" target="I7"/>
  <move id="7" source="B5" target="A5"/>
  <move id="8" source="I7" target="K7"/>
  <move id="9" source="E4" target="E5"/>
  <move id="10" source="I9" target="I8"/>
  <move id="11" source="E5" target="F5"/>
  <move id="12" source="I8" target="I7"/>
  <move id="13" source="D4" target="E4"/>
  <move id="14" source="K6" target="K5"/>
  <move id="15" source="E4" target="E7"/>
  <move id="16" source="I6" target="I5"/>
  <move id="17" source="F5" target="E5"/>
  <move id="18" source="I7" target="I6"/>
  <move id="19" source="F4" target="F7"/>
  <move id="20" source="H8" target="I8"/>
  <move id="21" source="G4" target="F4"/>
  <move id="22" source="I8" target="I7"/>
  <move id="23" source="F4" target="F5"/>
  <move id="24" source="I6" target="K6"/>
  <move id="25" source="F5" target="F6"/>
  <move id="26" source="I7" target="I6"/>
  <move id="27" source="F6" target="F7"/>
  <move id="28" source="I5" target="I4"/>
  <move id="29" source="A5" target="A6"/>
  <move id="30" source="I6" target="I5"/>
  <move id="31" source="H4" target="G4"/>
  <move id="32" source="K5" target="K4"/>
  <move id="33" source="G4" target="F4"/>
  <move id="34" source="K6" target="K5"/>
  <move id="35" source="A6" target="A7"/>
  <move id="36" source="K5" target="K4"/>
  <move id="37" source="F7" target="F8"/>
  <move id="38" source="K4" target="I4"/>
  <move id="39" source="F4" target="E4"/>
  <move id="40" source="I4" target="K4"/>
  <move id="41" source="E4" target="D4"/>
  <move id="42" source="K4" target="K5"/>
  <move id="43" source="D4" target="C4"/>
  <move id="44" source="K5" target="K6"/>
  <move id="45" source="C4" target="D4"/>
  <move id="46" source="K6" target="I6"/>
  <move id="47" source="D4" target="E4"/>
  <move id="48" source="I6" target="I7"/>
  <move id="49" source="E4" target="F4"/>
  <move id="50" source="I7" target="I8"/>
  <move id="51" source="F4" target="G4"/>
  <move id="52" source="I8" target="H8"/>
  <move id="53" source="G4" target="H4"/>
  <move id="54" source="H7" target="I7"/>
  <move id="55" source="H4" target="I4"/>
  <move id="56" source="H8" target="H7"/>
  <move id="57" source="I4" target="K4"/>
  <move id="58" source="I7" target="I8"/>
  <move id="59" source="K4" target="K7"/>
  <move id="60" source="K8" target="K7"/>
  <move id="61" source="E5" target="F5"/>
  <move id="62" source="K7" target="K6"/>
  <move id="63" source="F5" target="F4"/>
  <move id="64" source="K6" target="K5"/>
  <move id="65" source="F4" target="G4"/>
  <move id="66" source="K5" target="K4"/>
  <move id="67" source="G4" target="H4"/>
  <move id="68" source="K4" target="H4"/>
  <move id="69" source="H4" target="I4"/>
  <move id="70" source="H7" target="I7"/>
  <move id="71" source="I4" target="I5"/>
  <move id="72" source="I7" target="H7"/>
  <move id="73" source="G3" target="G4"/>
  <move id="74" source="I8" target="I7"/>
  <move id="75" source="G4" target="F4"/>
  <move id="76" source="I7" target="K7"/>
  <move id="77" source="F4" target="F5"/>
  <move id="78" source="K7" target="K6"/>
  <move id="79" source="F5" target="F6"/>
  <move id="80" source="K6" target="K5"/>
  <move id="81" source="F6" target="F7"/>
  <move id="82" source="K5" target="K4"/>
  <move id="83" source="E3" target="E4"/>
  <move id="84" source="K4" target="E4"/>
  <move id="85" source="G2" target="G3"/>
  <move id="86" source="H9" target="H8"/>
  <move id="87" source="G3" target="G4"/>
  <move id="88" source="H7" target="I7"/>
  <move id="89" source="F2" target="G2"/>
  <move id="90" source="I7" target="K7"/>
  <move id="91" source="E2" target="F2"/>
  <move id="92" source="K7" target="K6"/>
  <move id="93" source="E4" target="E3"/>
  <move id="94" source="K6" target="K5"/>
  <move id="95" source="G4" target="F4"/>
  <move id="96" source="K5" target="K4"/>
  <move id="97" source="F4" target="F5"/>
  <move id="98" source="K4" target="I4"/>
  <move id="99" source="F5" target="F4"/>
  <move id="100" source="I5" target="I6"/>
  <move id="101" source="F4" target="G4"/>
  <move id="102" source="I4" target="I5"/>
  <move id="103" source="G4" target="H4"/>
  <move id="104" source="I5" target="K5"/>
  <move id="105" source="H4" target="I4"/>
  <move id="106" source="K5" target="K6"/>
  <move id="107" source="I4" target="K4"/>
  <move id="108" source="I6" target="I5"/>
  <move id="109" source="F7" target="F8"/>
  <move id="110" source="I5" target="I4"/>
  <move id="111" source="K4" target="K5"/>
  <move id="112" source="K6" target="K5"/>
  <move id="113" source="F8" target="F7"/>
  <move id="114" source="I4" target="H4"/>
  <move id="115" source="F7" target="F6"/>
  <move id="116" source="H4" target="G4"/>
  <move id="117" source="I3" target="I4"/>
  <move id="118" source="H8" target="H7"/>
  <move id="119" source="I4" target="K4"/>
  <move id="120" source="K5" target="I5"/>
  <move id="121" source="I2" target="I3"/>
  <move id="122" source="I5" target="I6"/>
  <move id="123" source="I3" target="I4"/>
  <move id="124" source="I6" target="I7"/>
  <move id="125" source="I4" target="I5"/>
  <move id="126" source="G4" target="F4"/>
  <move id="127" source="K4" target="K5"/>
  <move id="128" source="F4" target="F5"/>
  <move id="129" source="F6" target="E6"/>
  <move id="130" source="G8" target="H8"/>
  <move id="131" source="I5" target="I6"/>
  <move id="132" source="I7" target="I8"/>
  <move id="133" source="G2" target="G3"/>
  <move id="134" source="F5" target="F4"/>
  <move id="135" source="K5" target="K6"/>
  <move id="136" source="F4" target="G4"/>
  <move id="137" source="G3" target="G4"/>
  <move id="138" source="G7" target="F7"/>
  <move id="139" source="E6" target="E5"/>
  <move id="140" source="H7" target="G7"/>
  <move id="141" source="K6" target="K5"/>
  <move id="142" source="G7" target="H7"/>
  <move id="143" source="K5" target="K4"/>
  <move id="144" source="F7" target="F6"/>
  <move id="145" source="G4" target="G3"/>
  <move id="146" source="E8" target="F8"/>
  <move id="147" source="K4" target="I4"/>
  <move id="148" source="F8" target="F7"/>
  <move id="149" source="I4" target="I3"/>
  <move id="150" source="F7" target="G7"/>
  <move id="151" source="I6" target="I5"/>
  <player id="1">Player 1</player>
  <player id="2">Player 2</player>
  <result type="3" winner="1"/>
 </game>
</stratego>