<?xml version="1.0" encoding="UTF-8"?>
<stratego>
 <game type="classic">
  
  <field content="GBFBEFMFBFKCIJEEEHLGHIEDGJHDIBDDGBDHBDDDAA__AA__AAAA__AA__AASSTPSRPRSRQUOPPTWPTPUXVNUTNPPRYNQNQQNVNQ"/>
  <move id="1" source="F4" target="F5"/>
  <move id="2" source="B7" target="B6"/>
  <move id="3" source="F5" target="F6"/>
  <move id="4" source="B6" target="B5"/>
  <move id="5" source="E4" target="E5"/>
  <move id="6" source="C7" target="B7"/>
  <move id="7" source="F6" target="F7"/>
  <move id="8" source="E7" target="E6"/>
  <move id="9" source="F7" target="F8"/>
  <move id="10" source="E6" target="E5"/>
  <move id="11" source="F3" target="F4"/>
  <move id="12" source="E5" target="E6"/>
  <move id="13" source="G3" target="F3"/>
  <move id="14" source="E6" target="E7"/>
  <move id="15" source="F4" target="E4"/>
  <move id="16" source="E7" target="F7"/>
  <move id="17" source="E4" target="F4"/>
  <move id="18" source="F7" target="F8"/>
  <move id="19" source="E3" target="E4"/>
  <move id="20" source="G7" target="F7"/>
  <move id="21" source="E4" target="E5"/>
  <move id="22" source="B7" target="C7"/>
  <move id="23" source="E5" target="E6"/>
  <move id="24" source="B5" target="A5"/>
  <move id="25" source="D3" target="E3"/>
  <move id="26" source="A5" target="A4"/>
  <move id="27" source="A3" target="A4"/>
  <move id="28" source="B8" target="B7"/>
  <move id="29" source="A4" target="A3"/>
  <move id="30" source="B7" target="B6"/>
  <move id="31" source="E3" target="E4"/>
  <move id="32" source="B9" target="B8"/>
  <move id="33" source="E4" target="E5"/>
  <move id="34" source="B8" target="B7"/>
  <move id="35" source="E5" target="F5"/>
  <move id="36" source="B6" target="A6"/>
  <move id="37" source="B4" target="B7"/>
  <move id="38" source="B7" target="B6"/>
  <move id="39" source="C3" target="D3"/>
  <move id="40" source="B6" target="B5"/>
  <move id="41" source="D3" target="E3"/>
  <move id="42" source="B5" target="B4"/>
  <move id="43" source="B3" target="C3"/>
  <move id="44" source="B4" target="B3"/>
  <move id="45" source="B2" target="B3"/>
  <move id="46" source="I7" target="I6"/>
  <move id="47" source="E6" target="F6"/>
  <player id="1">Player 1</player>
  <player id="2">Player 2</player>
  <result type="3" winner="1"/>
 </game>
</stratego>