<?xml version="1.0" encoding="UTF-8"?>
<stratego>
 <game type="classic">
  
  <field content="MBGGEFGGBFBDLECIEKDBHEIJHHJIEHDBFDDDDFBDAA__AA__AAAA__AA__AAPTXQPTSSTPPVUUWPONRPPPSNSVURNTQQNYNQRNRQ"/>
  <move id="1" source="F4" target="F7"/>
  <move id="2" source="F7" target="F6"/>
  <move id="3" source="E4" target="E7"/>
  <move id="4" source="F6" target="E6"/>
  <move id="5" source="E3" target="E4"/>
  <move id="6" source="I7" target="I6"/>
  <move id="7" source="K4" target="K7"/>
  <move id="8" source="I6" target="I5"/>
  <move id="9" source="A4" target="A7"/>
  <move id="10" source="H7" target="I7"/>
  <move id="11" source="F3" target="F4"/>
  <move id="12" source="I7" target="K7"/>
  <move id="13" source="D3" target="E3"/>
  <move id="14" source="K7" target="K6"/>
  <move id="15" source="F2" target="F3"/>
  <move id="16" source="I5" target="I4"/>
  <move id="17" source="K3" target="K4"/>
  <move id="18" source="K6" target="K5"/>
  <move id="19" source="I3" target="K3"/>
  <move id="20" source="K5" target="K4"/>
  <move id="21" source="H3" target="I3"/>
  <move id="22" source="G7" target="F7"/>
  <move id="23" source="E4" target="E5"/>
  <move id="24" source="F7" target="F6"/>
  <move id="25" source="E3" target="E4"/>
  <move id="26" source="F8" target="F7"/>
  <move id="27" source="F4" target="F5"/>
  <move id="28" source="F7" target="E7"/>
  <move id="29" source="F3" target="F4"/>
  <move id="30" source="F9" target="F8"/>
  <move id="31" source="A3" target="A4"/>
  <move id="32" source="F8" target="F7"/>
  <move id="33" source="K4" target="K5"/>
  <move id="34" source="F7" target="G7"/>
  <move id="35" source="K3" target="K4"/>
  <move id="36" source="G7" target="H7"/>
  <move id="37" source="I3" target="K3"/>
  <move id="38" source="H7" target="I7"/>
  <move id="39" source="H2" target="H3"/>
  <move id="40" source="I7" target="K7"/>
  <move id="41" source="I2" target="I3"/>
  <move id="42" source="K7" target="K6"/>
  <move id="43" source="K5" target="I5"/>
  <move id="44" source="K6" target="I6"/>
  <move id="45" source="I5" target="K5"/>
  <move id="46" source="I6" target="K6"/>
  <move id="47" source="F5" target="F6"/>
  <move id="48" source="E6" target="E5"/>
  <move id="49" source="F4" target="F5"/>
  <move id="50" source="K6" target="K5"/>
  <move id="51" source="E4" target="F4"/>
  <move id="52" source="K5" target="K4"/>
  <move id="53" source="D4" target="E4"/>
  <move id="54" source="G9" target="F9"/>
  <move id="55" source="E4" target="E7"/>
  <move id="56" source="F9" target="F8"/>
  <move id="57" source="F6" target="E6"/>
  <move id="58" source="F8" target="F7"/>
  <move id="59" source="A4" target="A5"/>
  <move id="60" source="F7" target="E7"/>
  <move id="61" source="B3" target="A3"/>
  <move id="62" source="E7" target="E6"/>
  <move id="63" source="F4" target="E4"/>
  <move id="64" source="G8" target="G9"/>
  <move id="65" source="E4" target="E5"/>
  <move id="66" source="E6" target="F6"/>
  <move id="67" source="E5" target="E6"/>
  <move id="68" source="F6" target="F5"/>
  <move id="69" source="G3" target="F3"/>
  <move id="70" source="D7" target="E7"/>
  <move id="71" source="E6" target="E5"/>
  <move id="72" source="E7" target="E6"/>
  <move id="73" source="E5" target="E4"/>
  <move id="74" source="E6" target="E5"/>
  <move id="75" source="E4" target="E3"/>
  <move id="76" source="E5" target="E4"/>
  <move id="77" source="G4" target="E4"/>
  <move id="78" source="E4" target="E3"/>
  <move id="79" source="E3" target="E4"/>
  <move id="80" source="K8" target="K7"/>
  <move id="81" source="F3" target="F4"/>
  <move id="82" source="K7" target="K8"/>
  <move id="83" source="F1" target="F2"/>
  <move id="84" source="K8" target="K7"/>
  <move id="85" source="B2" target="B3"/>
  <move id="86" source="K7" target="I7"/>
  <move id="87" source="A3" target="A4"/>
  <move id="88" source="I7" target="H7"/>
  <move id="89" source="B3" target="A3"/>
  <move id="90" source="H7" target="G7"/>
  <move id="91" source="C2" target="B2"/>
  <move id="92" source="G7" target="F7"/>
  <move id="93" source="C3" target="B3"/>
  <move id="94" source="E8" target="E7"/>
  <move id="95" source="E4" target="E3"/>
  <move id="96" source="F7" target="F6"/>
  <move id="97" source="F4" target="F3"/>
  <move id="98" source="E7" target="E6"/>
  <move id="99" source="A5" target="B5"/>
  <move id="100" source="F6" target="F5"/>
  <move id="101" source="A4" target="A5"/>
  <move id="102" source="E6" target="E5"/>
  <move id="103" source="A5" target="A6"/>
  <move id="104" source="F5" target="F4"/>
  <move id="105" source="A6" target="B6"/>
  <move id="106" source="E5" target="E4"/>
  <move id="107" source="A3" target="A4"/>
  <move id="108" source="I8" target="I7"/>
  <move id="109" source="A4" target="A5"/>
  <move id="110" source="I7" target="H7"/>
  <move id="111" source="C4" target="D4"/>
  <move id="112" source="E4" target="E3"/>
  <move id="113" source="B2" target="C2"/>
  <move id="114" source="F4" target="D4"/>
  <move id="115" source="C2" target="C3"/>
  <move id="116" source="E3" target="E4"/>
  <move id="117" source="C3" target="D3"/>
  <move id="118" source="H7" target="G7"/>
  <move id="119" source="A5" target="A6"/>
  <move id="120" source="G7" target="F7"/>
  <move id="121" source="B3" target="A3"/>
  <move id="122" source="F7" target="F6"/>
  <move id="123" source="A3" target="A4"/>
  <move id="124" source="F6" target="F5"/>
  <move id="125" source="H3" target="G3"/>
  <move id="126" source="F5" target="F4"/>
  <move id="127" source="D3" target="E3"/>
  <move id="128" source="E4" target="D4"/>
  <move id="129" source="E3" target="E4"/>
  <move id="130" source="D4" target="C4"/>
  <move id="131" source="H4" target="G4"/>
  <move id="132" source="F4" target="E4"/>
  <move id="133" source="A4" target="A5"/>
  <move id="134" source="C4" target="B4"/>
  <move id="135" source="A6" target="A7"/>
  <move id="136" source="B7" target="A7"/>
  <move id="137" source="A5" target="A6"/>
  <move id="138" source="A7" target="B7"/>
  <move id="139" source="A6" target="A7"/>
  <move id="140" source="K4" target="K3"/>
  <move id="141" source="G3" target="H3"/>
  <move id="142" source="B7" target="B6"/>
  <move id="143" source="B5" target="B6"/>
  <move id="144" source="B8" target="B7"/>
  <move id="145" source="A7" target="B7"/>
  <move id="146" source="B7" target="B6"/>
  <move id="147" source="E4" target="D4"/>
  <move id="148" source="B6" target="B7"/>
  <move id="149" source="D4" target="C4"/>
  <move id="150" source="C7" target="D7"/>
  <move id="151" source="C1" target="C2"/>
  <move id="152" source="D7" target="E7"/>
  <move id="153" source="C2" target="C3"/>
  <move id="154" source="E7" target="E8"/>
  <move id="155" source="C3" target="D3"/>
  <move id="156" source="B7" target="C7"/>
  <move id="157" source="D3" target="D4"/>
  <move id="158" source="C7" target="D7"/>
  <move id="159" source="D4" target="E4"/>
  <move id="160" source="D7" target="E7"/>
  <move id="161" source="C4" target="D4"/>
  <move id="162" source="E7" target="E6"/>
  <move id="163" source="E4" target="F4"/>
  <move id="164" source="E6" target="F6"/>
  <move id="165" source="D4" target="E4"/>
  <move id="166" source="F6" target="F5"/>
  <move id="167" source="I3" target="I2"/>
  <move id="168" source="K3" target="K4"/>
  <move id="169" source="H3" target="I3"/>
  <move id="170" source="K4" target="K5"/>
  <move id="171" source="I3" target="K3"/>
  <move id="172" source="K5" target="K6"/>
  <move id="173" source="K3" target="K4"/>
  <move id="174" source="K6" target="I6"/>
  <move id="175" source="K4" target="K5"/>
  <move id="176" source="E8" target="F8"/>
  <move id="177" source="K5" target="I5"/>
  <move id="178" source="I6" target="K6"/>
  <move id="179" source="I5" target="K5"/>
  <move id="180" source="K6" target="I6"/>
  <move id="181" source="K5" target="K6"/>
  <move id="182" source="I6" target="I5"/>
  <move id="183" source="K6" target="K5"/>
  <move id="184" source="I5" target="I6"/>
  <move id="185" source="K5" target="K6"/>
  <move id="186" source="I6" target="I5"/>
  <move id="187" source="K6" target="K5"/>
  <move id="188" source="I5" target="I6"/>
  <move id="189" source="K5" target="K6"/>
  <move id="190" source="I6" target="I5"/>
  <move id="191" source="F3" target="G3"/>
  <move id="192" source="A8" target="A7"/>
  <move id="193" source="F4" target="F3"/>
  <move id="194" source="A7" target="A6"/>
  <move id="195" source="F3" target="E3"/>
  <move id="196" source="A6" target="A5"/>
  <move id="197" source="G3" target="F3"/>
  <move id="198" source="A5" target="A4"/>
  <move id="199" source="E4" target="D4"/>
  <move id="200" source="F5" target="F4"/>
  <move id="201" source="F3" target="F4"/>
  <move id="202" source="D8" target="D7"/>
  <move id="203" source="D4" target="C4"/>
  <move id="204" source="D7" target="E7"/>
  <move id="205" source="C4" target="D4"/>
  <move id="206" source="E7" target="F7"/>
  <move id="207" source="K6" target="K5"/>
  <move id="208" source="I5" target="I6"/>
  <move id="209" source="K5" target="I5"/>
  <move id="210" source="I6" target="K6"/>
  <move id="211" source="I5" target="K5"/>
  <move id="212" source="K6" target="I6"/>
  <move id="213" source="K5" target="K6"/>
  <move id="214" source="I6" target="I5"/>
  <move id="215" source="K6" target="K5"/>
  <move id="216" source="I5" target="I6"/>
  <move id="217" source="K5" target="K6"/>
  <move id="218" source="I6" target="I5"/>
  <move id="219" source="K6" target="K5"/>
  <move id="220" source="I5" target="I6"/>
  <move id="221" source="K5" target="K6"/>
  <move id="222" source="I6" target="I5"/>
  <move id="223" source="G2" target="H2"/>
  <move id="224" source="F7" target="F6"/>
  <move id="225" source="I2" target="I3"/>
  <move id="226" source="F6" target="F5"/>
  <move id="227" source="I3" target="K3"/>
  <move id="228" source="F5" target="F4"/>
  <move id="229" source="G4" target="F4"/>
  <move id="230" source="F4" target="F3"/>
  <move id="231" source="E3" target="E4"/>
  <move id="232" source="F3" target="F2"/>
  <move id="233" source="E2" target="E3"/>
  <move id="234" source="F2" target="F3"/>
  <move id="235" source="E3" target="D3"/>
  <move id="236" source="F3" target="F4"/>
  <move id="237" source="E4" target="E3"/>
  <move id="238" source="F4" target="F5"/>
  <move id="239" source="D4" target="E4"/>
  <move id="240" source="F8" target="G8"/>
  <move id="241" source="E4" target="F4"/>
  <move id="242" source="F5" target="E5"/>
  <move id="243" source="F4" target="E4"/>
  <move id="244" source="E5" target="F5"/>
  <move id="245" source="K6" target="K5"/>
  <move id="246" source="I5" target="I6"/>
  <move id="247" source="K3" target="K4"/>
  <move id="248" source="G8" target="G7"/>
  <move id="249" source="H2" target="I2"/>
  <move id="250" source="G7" target="H7"/>
  <move id="251" source="I2" target="I3"/>
  <move id="252" source="H7" target="I7"/>
  <move id="253" source="I3" target="K3"/>
  <move id="254" source="I7" target="K7"/>
  <move id="255" source="K5" target="I5"/>
  <move id="256" source="I6" target="I7"/>
  <move id="257" source="E4" target="F4"/>
  <move id="258" source="F5" target="E5"/>
  <move id="259" source="E3" target="F3"/>
  <move id="260" source="K7" target="K6"/>
  <move id="261" source="F3" target="G3"/>
  <move id="262" source="I7" target="H7"/>
  <move id="263" source="D3" target="E3"/>
  <move id="264" source="H7" target="G7"/>
  <move id="265" source="E3" target="F3"/>
  <move id="266" source="G7" target="F7"/>
  <move id="267" source="G3" target="H3"/>
  <move id="268" source="F7" target="E7"/>
  <move id="269" source="F3" target="G3"/>
  <move id="270" source="E7" target="D7"/>
  <move id="271" source="G3" target="G2"/>
  <move id="272" source="D7" target="C7"/>
  <move id="273" source="G2" target="H2"/>
  <move id="274" source="C7" target="B7"/>
  <move id="275" source="H2" target="I2"/>
  <move id="276" source="B7" target="A7"/>
  <move id="277" source="I2" target="I3"/>
  <move id="278" source="A7" target="A6"/>
  <move id="279" source="K4" target="K6"/>
  <move id="280" source="A4" target="A3"/>
  <move id="281" source="D1" target="C1"/>
  <move id="282" source="A6" target="A5"/>
  <move id="283" source="C1" target="C2"/>
  <move id="284" source="A5" target="A4"/>
  <move id="285" source="C2" target="B2"/>
  <move id="286" source="A3" target="C3"/>
  <move id="287" source="D2" target="C2"/>
  <move id="288" source="C3" target="D3"/>
  <move id="289" source="F4" target="F5"/>
  <move id="290" source="E5" target="E4"/>
  <move id="291" source="F5" target="F4"/>
  <move id="292" source="E4" target="E5"/>
  <move id="293" source="K3" target="K4"/>
  <move id="294" source="A4" target="A3"/>
  <move id="295" source="B2" target="B3"/>
  <move id="296" source="A3" target="B3"/>
  <move id="297" source="C2" target="C1"/>
  <move id="298" source="B3" target="B2"/>
  <move id="299" source="C1" target="D1"/>
  <move id="300" source="B2" target="C2"/>
  <move id="301" source="E1" target="F1"/>
  <move id="302" source="C2" target="D2"/>
  <move id="303" source="D1" target="E1"/>
  <move id="304" source="D2" target="E2"/>
  <move id="305" source="E1" target="D1"/>
  <move id="306" source="D3" target="A3"/>
  <move id="307" source="F4" target="F3"/>
  <move id="308" source="E2" target="E1"/>
  <move id="309" source="D1" target="D2"/>
  <move id="310" source="E1" target="F1"/>
  <move id="311" source="F3" target="F2"/>
  <move id="312" source="F1" target="E1"/>
  <move id="313" source="F2" target="E2"/>
  <move id="314" source="E1" target="D1"/>
  <move id="315" source="D2" target="D3"/>
  <move id="316" source="E5" target="E4"/>
  <move id="317" source="I3" target="K3"/>
  <move id="318" source="E4" target="F4"/>
  <move id="319" source="H3" target="I3"/>
  <move id="320" source="F4" target="G4"/>
  <move id="321" source="E2" target="F2"/>
  <move id="322" source="G4" target="G3"/>
  <move id="323" source="F2" target="G2"/>
  <move id="324" source="G3" target="H3"/>
  <move id="325" source="G2" target="H2"/>
  <move id="326" source="H3" target="I3"/>
  <move id="327" source="H2" target="I2"/>
  <move id="328" source="I3" target="H3"/>
  <move id="329" source="I2" target="I3"/>
  <move id="330" source="H3" target="H2"/>
  <move id="331" source="I3" target="H3"/>
  <move id="332" source="H2" target="I2"/>
  <move id="333" source="H3" target="I3"/>
  <move id="334" source="I2" target="H2"/>
  <move id="335" source="I3" target="H3"/>
  <move id="336" source="H2" target="I2"/>
  <move id="337" source="H3" target="I3"/>
  <move id="338" source="I2" target="H2"/>
  <move id="339" source="I3" target="H3"/>
  <move id="340" source="H2" target="I2"/>
  <move id="341" source="D3" target="E3"/>
  <move id="342" source="C8" target="D8"/>
  <move id="343" source="E3" target="F3"/>
  <player id="1">Player 1</player>
  <player id="2">Player 2</player>
  <result type="4" winner="3"/>
 </game>
</stratego>