<?xml version="1.0" encoding="UTF-8"?>
<stratego>
 <game type="classic">
  
  <field content="BIHGBEIEGMCGBFBBFBEGJDDDDDDDJDHFKEIHELHFAA__AA__AAAA__AA__AANPTTPPPRTPRNSVXNUWQNNTVSPQSOPSYNRUQPUQRQ"/>
  <move id="1" source="E4" target="E5"/>
  <move id="2" source="K7" target="K4"/>
  <move id="3" source="E3" target="E4"/>
  <move id="4" source="E7" target="E5"/>
  <move id="5" source="E5" target="F5"/>
  <move id="6" source="F7" target="E7"/>
  <move id="7" source="E4" target="E5"/>
  <move id="8" source="E7" target="E6"/>
  <move id="9" source="F5" target="F6"/>
  <move id="10" source="E6" target="E5"/>
  <move id="11" source="F6" target="E6"/>
  <move id="12" source="I7" target="I6"/>
  <move id="13" source="E6" target="E5"/>
  <move id="14" source="I6" target="I5"/>
  <move id="15" source="E5" target="E4"/>
  <move id="16" source="E8" target="E7"/>
  <move id="17" source="E4" target="E3"/>
  <move id="18" source="E7" target="E6"/>
  <move id="19" source="F4" target="E4"/>
  <move id="20" source="E6" target="E5"/>
  <move id="21" source="F3" target="F4"/>
  <move id="22" source="E5" target="E4"/>
  <move id="23" source="E3" target="F3"/>
  <move id="24" source="E4" target="F4"/>
  <move id="25" source="B4" target="B5"/>
  <move id="26" source="I5" target="I4"/>
  <move id="27" source="K4" target="I4"/>
  <move id="28" source="G7" target="E7"/>
  <move id="29" source="B5" target="B6"/>
  <move id="30" source="E7" target="E4"/>
  <move id="31" source="B6" target="B7"/>
  <move id="32" source="E4" target="D4"/>
  <move id="33" source="B7" target="C7"/>
  <move id="34" source="D7" target="E7"/>
  <move id="35" source="C4" target="B4"/>
  <move id="36" source="E7" target="E6"/>
  <move id="37" source="B4" target="B5"/>
  <move id="38" source="E6" target="E5"/>
  <move id="39" source="B5" target="B6"/>
  <move id="40" source="E5" target="E4"/>
  <move id="41" source="B6" target="B7"/>
  <move id="42" source="C7" target="D7"/>
  <move id="43" source="B7" target="C7"/>
  <move id="44" source="E4" target="D4"/>
  <move id="45" source="C7" target="D7"/>
  <move id="46" source="D4" target="D3"/>
  <move id="47" source="B3" target="B8"/>
  <move id="48" source="D3" target="C3"/>
  <move id="49" source="I4" target="I5"/>
  <move id="50" source="C3" target="C2"/>
  <move id="51" source="I5" target="I6"/>
  <move id="52" source="F4" target="G4"/>
  <move id="53" source="H4" target="G4"/>
  <move id="54" source="H7" target="G7"/>
  <move id="55" source="D7" target="E7"/>
  <move id="56" source="H8" target="H7"/>
  <move id="57" source="I3" target="I4"/>
  <move id="58" source="H7" target="I7"/>
  <move id="59" source="E7" target="F7"/>
  <move id="60" source="I7" target="I6"/>
  <move id="61" source="I4" target="H4"/>
  <move id="62" source="G7" target="H7"/>
  <move id="63" source="F7" target="G7"/>
  <move id="64" source="H7" target="I7"/>
  <move id="65" source="G7" target="H7"/>
  <move id="66" source="I6" target="I5"/>
  <move id="67" source="H7" target="I7"/>
  <move id="68" source="I5" target="I4"/>
  <move id="69" source="H4" target="G4"/>
  <move id="70" source="I4" target="H4"/>
  <move id="71" source="G4" target="F4"/>
  <move id="72" source="H4" target="G4"/>
  <move id="73" source="F4" target="F5"/>
  <move id="74" source="G4" target="F4"/>
  <move id="75" source="F5" target="F6"/>
  <move id="76" source="F4" target="F3"/>
  <move id="77" source="F6" target="F7"/>
  <move id="78" source="F3" target="F2"/>
  <move id="79" source="I7" target="H7"/>
  <move id="80" source="D8" target="D7"/>
  <move id="81" source="F7" target="E7"/>
  <move id="82" source="D7" target="C7"/>
  <move id="83" source="E7" target="D7"/>
  <move id="84" source="C7" target="B7"/>
  <move id="85" source="D7" target="C7"/>
  <move id="86" source="B7" target="B6"/>
  <move id="87" source="A3" target="B3"/>
  <move id="88" source="B6" target="B5"/>
  <move id="89" source="B3" target="B4"/>
  <move id="90" source="B5" target="B4"/>
  <move id="91" source="H7" target="G7"/>
  <move id="92" source="C8" target="D8"/>
  <move id="93" source="G7" target="F7"/>
  <move id="94" source="C9" target="C8"/>
  <move id="95" source="C7" target="D7"/>
  <move id="96" source="C8" target="C7"/>
  <move id="97" source="D7" target="C7"/>
  <move id="98" source="D8" target="D7"/>
  <move id="99" source="F7" target="E7"/>
  <move id="100" source="D7" target="C7"/>
  <move id="101" source="B2" target="B3"/>
  <move id="102" source="G8" target="G7"/>
  <move id="103" source="B3" target="C3"/>
  <move id="104" source="G7" target="H7"/>
  <move id="105" source="B1" target="B2"/>
  <move id="106" source="H7" target="I7"/>
  <move id="107" source="B2" target="B3"/>
  <move id="108" source="I7" target="I6"/>
  <move id="109" source="B3" target="B4"/>
  <move id="110" source="I6" target="I5"/>
  <move id="111" source="B4" target="B5"/>
  <move id="112" source="I5" target="I4"/>
  <move id="113" source="B5" target="B6"/>
  <move id="114" source="I4" target="K4"/>
  <move id="115" source="E7" target="D7"/>
  <move id="116" source="C7" target="B7"/>
  <move id="117" source="G3" target="E3"/>
  <move id="118" source="K4" target="K3"/>
  <move id="119" source="E3" target="E9"/>
  <move id="120" source="K3" target="K2"/>
  <move id="121" source="H3" target="E3"/>
  <move id="122" source="I8" target="I7"/>
  <move id="123" source="D7" target="E7"/>
  <move id="124" source="I7" target="I6"/>
  <move id="125" source="E7" target="E8"/>
  <move id="126" source="I6" target="I5"/>
  <move id="127" source="E8" target="E9"/>
  <move id="128" source="I5" target="I4"/>
  <move id="129" source="E9" target="F9"/>
  <move id="130" source="I4" target="I3"/>
  <move id="131" source="I2" target="I3"/>
  <move id="132" source="K2" target="K1"/>
  <player id="1">Player 1</player>
  <player id="2">Player 2</player>
  <result type="1" winner="2"/>
 </game>
</stratego>