<?xml version="1.0" encoding="UTF-8"?>
<stratego>
 <game type="classic">
  
  <field content="DBKCDDELBMDDEGGGJGDJBBBBDIEEEDHHHHIFFFFIAA__AA__AAAA__AA__AAPTXQPTSSTPPVUUWPONRPPPSNSVURNTQQNYNQRNRQ"/>
  <move id="1" source="K4" target="K5"/>
  <move id="2" source="I7" target="I6"/>
  <move id="3" source="K5" target="I5"/>
  <move id="4" source="K7" target="K6"/>
  <move id="5" source="K3" target="K5"/>
  <move id="6" source="I6" target="I5"/>
  <move id="7" source="K5" target="K6"/>
  <move id="8" source="F7" target="F6"/>
  <move id="9" source="A4" target="A5"/>
  <move id="10" source="E7" target="E6"/>
  <move id="11" source="K2" target="K3"/>
  <move id="12" source="F6" target="F5"/>
  <move id="13" source="F4" target="F5"/>
  <move id="14" source="E6" target="E5"/>
  <move id="15" source="E4" target="E5"/>
  <move id="16" source="F5" target="F4"/>
  <move id="17" source="F3" target="F4"/>
  <move id="18" source="E8" target="E7"/>
  <move id="19" source="F4" target="F5"/>
  <move id="20" source="E7" target="E6"/>
  <move id="21" source="I5" target="I6"/>
  <move id="22" source="E6" target="E5"/>
  <move id="23" source="E3" target="E4"/>
  <move id="24" source="E5" target="F5"/>
  <move id="25" source="E4" target="E5"/>
  <move id="26" source="F5" target="F6"/>
  <move id="27" source="F2" target="F3"/>
  <move id="28" source="F8" target="E8"/>
  <move id="29" source="E2" target="E3"/>
  <move id="30" source="E8" target="E5"/>
  <move id="31" source="K3" target="K4"/>
  <move id="32" source="F6" target="F7"/>
  <move id="33" source="K4" target="K5"/>
  <move id="34" source="F7" target="F8"/>
  <move id="35" source="E3" target="E4"/>
  <move id="36" source="G7" target="F7"/>
  <move id="37" source="E4" target="E5"/>
  <move id="38" source="F7" target="E7"/>
  <move id="39" source="D4" target="E4"/>
  <move id="40" source="E7" target="E6"/>
  <move id="41" source="B4" target="B5"/>
  <move id="42" source="E6" target="E5"/>
  <move id="43" source="K5" target="K6"/>
  <move id="44" source="H7" target="G7"/>
  <move id="45" source="F3" target="F4"/>
  <move id="46" source="G7" target="F7"/>
  <move id="47" source="I4" target="I5"/>
  <move id="48" source="F7" target="F6"/>
  <move id="49" source="F4" target="F3"/>
  <move id="50" source="F8" target="F7"/>
  <move id="51" source="E4" target="F4"/>
  <move id="52" source="F7" target="G7"/>
  <move id="53" source="I5" target="I4"/>
  <move id="54" source="G7" target="H7"/>
  <move id="55" source="I6" target="I5"/>
  <move id="56" source="H7" target="I7"/>
  <move id="57" source="K6" target="I6"/>
  <move id="58" source="I7" target="K7"/>
  <move id="59" source="I5" target="K5"/>
  <move id="60" source="F6" target="F7"/>
  <move id="61" source="F4" target="E4"/>
  <move id="62" source="F7" target="G7"/>
  <move id="63" source="I6" target="I5"/>
  <move id="64" source="K7" target="K6"/>
  <move id="65" source="K5" target="K6"/>
  <move id="66" source="G7" target="F7"/>
  <move id="67" source="I2" target="K2"/>
  <move id="68" source="F7" target="F6"/>
  <move id="69" source="I3" target="K3"/>
  <move id="70" source="F6" target="F5"/>
  <move id="71" source="F3" target="E3"/>
  <move id="72" source="B7" target="B6"/>
  <move id="73" source="B5" target="B6"/>
  <move id="74" source="B8" target="B7"/>
  <move id="75" source="H3" target="I3"/>
  <move id="76" source="B7" target="B6"/>
  <move id="77" source="A5" target="A6"/>
  <move id="78" source="B6" target="A6"/>
  <move id="79" source="G2" target="F2"/>
  <move id="80" source="K6" target="K5"/>
  <move id="81" source="H2" target="G2"/>
  <move id="82" source="K5" target="I5"/>
  <move id="83" source="I4" target="K4"/>
  <move id="84" source="I5" target="K5"/>
  <move id="85" source="I3" target="H3"/>
  <move id="86" source="K5" target="K4"/>
  <move id="87" source="H1" target="H2"/>
  <move id="88" source="K4" target="I4"/>
  <move id="89" source="H2" target="I2"/>
  <move id="90" source="I4" target="I3"/>
  <move id="91" source="I2" target="I3"/>
  <move id="92" source="A6" target="A5"/>
  <move id="93" source="C4" target="D4"/>
  <move id="94" source="A7" target="B7"/>
  <move id="95" source="E4" target="E5"/>
  <move id="96" source="F5" target="E5"/>
  <move id="97" source="D4" target="E4"/>
  <move id="98" source="D8" target="E8"/>
  <move id="99" source="G4" target="F4"/>
  <move id="100" source="E8" target="E7"/>
  <move id="101" source="I3" target="I4"/>
  <move id="102" source="E7" target="E6"/>
  <move id="103" source="E5" target="F5"/>
  <move id="104" source="E6" target="F6"/>
  <move id="105" source="F5" target="E5"/>
  <move id="106" source="F6" target="E6"/>
  <move id="107" source="I4" target="I5"/>
  <move id="108" source="E6" target="E5"/>
  <move id="109" source="F4" target="G4"/>
  <move id="110" source="E5" target="E4"/>
  <move id="111" source="F2" target="F3"/>
  <move id="112" source="E4" target="E3"/>
  <move id="113" source="F3" target="E3"/>
  <move id="114" source="D7" target="D8"/>
  <move id="115" source="I5" target="I6"/>
  <move id="116" source="C7" target="D7"/>
  <move id="117" source="E3" target="E4"/>
  <move id="118" source="D7" target="E7"/>
  <move id="119" source="I6" target="I7"/>
  <move id="120" source="E7" target="E6"/>
  <move id="121" source="I7" target="I8"/>
  <move id="122" source="E6" target="E5"/>
  <move id="123" source="E4" target="F4"/>
  <move id="124" source="D8" target="D7"/>
  <move id="125" source="D2" target="E2"/>
  <move id="126" source="D7" target="E7"/>
  <move id="127" source="I8" target="I9"/>
  <move id="128" source="E7" target="F7"/>
  <move id="129" source="E2" target="F2"/>
  <move id="130" source="F7" target="F6"/>
  <move id="131" source="D1" target="D2"/>
  <move id="132" source="F6" target="F5"/>
  <move id="133" source="F4" target="E4"/>
  <move id="134" source="E5" target="E4"/>
  <move id="135" source="D2" target="E2"/>
  <move id="136" source="F5" target="F4"/>
  <player id="1">Player 1</player>
  <player id="2">Player 2</player>
  <result type="3" winner="2"/>
 </game>
</stratego>