<?xml version="1.0" encoding="UTF-8"?>
<stratego>
 <game type="classic">
  
  <field content="EFEDDEGEFDFBDBGECHBFBLHIKJGJHBGIMBDDHIDDAA__AA__AAAA__AA__AAPRQTPUQSPTUPNRXSTOTSNNRVRNSUWPQPQPNYNPVQ"/>
  <move id="1" source="I4" target="I5"/>
  <move id="2" source="K7" target="K6"/>
  <move id="3" source="F4" target="F5"/>
  <move id="4" source="K6" target="K5"/>
  <move id="5" source="I5" target="I4"/>
  <move id="6" source="I7" target="I6"/>
  <move id="7" source="G4" target="F4"/>
  <move id="8" source="I6" target="I5"/>
  <move id="9" source="E4" target="E5"/>
  <move id="10" source="I8" target="I7"/>
  <move id="11" source="F4" target="E4"/>
  <move id="12" source="I7" target="I6"/>
  <move id="13" source="G3" target="G4"/>
  <move id="14" source="K8" target="K7"/>
  <move id="15" source="E4" target="F4"/>
  <move id="16" source="K5" target="K4"/>
  <move id="17" source="I4" target="I5"/>
  <move id="18" source="K4" target="K3"/>
  <move id="19" source="F4" target="E4"/>
  <move id="20" source="K7" target="K6"/>
  <move id="21" source="G2" target="G3"/>
  <move id="22" source="K6" target="K5"/>
  <move id="23" source="G4" target="F4"/>
  <move id="24" source="K5" target="K4"/>
  <move id="25" source="A4" target="A5"/>
  <move id="26" source="K4" target="I4"/>
  <move id="27" source="E5" target="E6"/>
  <move id="28" source="I4" target="I3"/>
  <move id="29" source="H4" target="I4"/>
  <move id="30" source="I6" target="I5"/>
  <move id="31" source="I4" target="H4"/>
  <move id="32" source="I5" target="I4"/>
  <move id="33" source="H4" target="G4"/>
  <move id="34" source="I4" target="K4"/>
  <move id="35" source="F5" target="E5"/>
  <move id="36" source="H7" target="I7"/>
  <player id="1">Player 1</player>
  <player id="2">Player 2</player>
  <result type="10" winner="3"/>
 </game>
</stratego>