<?xml version="1.0" encoding="UTF-8"?>
<stratego>
 <game type="classic">
  
  <field content="FMBEEFDEEFBBGDDBDDBBHILIGHCJHDFGEJHDKIGDAA__AA__AAAA__AA__AANTNUTTNVNTVPSWPPXRSRQPSRPPORPSQQNQPUYUNQ"/>
  <move id="1" source="K4" target="K7"/>
  <move id="2" source="K7" target="K6"/>
  <move id="3" source="I4" target="I5"/>
  <move id="4" source="K6" target="I6"/>
  <move id="5" source="I5" target="K5"/>
  <move id="6" source="F7" target="F6"/>
  <move id="7" source="I3" target="I4"/>
  <move id="8" source="F6" target="F5"/>
  <move id="9" source="I4" target="K4"/>
  <move id="10" source="F8" target="F7"/>
  <move id="11" source="H4" target="I4"/>
  <move id="12" source="F7" target="F6"/>
  <move id="13" source="K5" target="I5"/>
  <move id="14" source="I6" target="K6"/>
  <move id="15" source="K4" target="K5"/>
  <move id="16" source="K6" target="I6"/>
  <move id="17" source="K5" target="K6"/>
  <move id="18" source="I6" target="I5"/>
  <move id="19" source="I4" target="I5"/>
  <move id="20" source="F6" target="E6"/>
  <move id="21" source="I5" target="I4"/>
  <move id="22" source="E6" target="E5"/>
  <move id="23" source="I4" target="H4"/>
  <move id="24" source="E5" target="E4"/>
  <move id="25" source="K6" target="I6"/>
  <move id="26" source="F5" target="F4"/>
  <move id="27" source="G4" target="F4"/>
  <move id="28" source="G8" target="F8"/>
  <move id="29" source="K3" target="K8"/>
  <move id="30" source="H8" target="G8"/>
  <move id="31" source="I6" target="K6"/>
  <move id="32" source="F8" target="F7"/>
  <move id="33" source="K6" target="K7"/>
  <move id="34" source="I8" target="H8"/>
  <move id="35" source="K7" target="K8"/>
  <move id="36" source="G8" target="F8"/>
  <move id="37" source="K8" target="K7"/>
  <move id="38" source="H8" target="G8"/>
  <move id="39" source="K7" target="K6"/>
  <move id="40" source="H7" target="H8"/>
  <move id="41" source="K6" target="K5"/>
  <move id="42" source="H8" target="I8"/>
  <move id="43" source="E4" target="E5"/>
  <move id="44" source="F7" target="F6"/>
  <move id="45" source="E5" target="F5"/>
  <move id="46" source="E7" target="E6"/>
  <move id="47" source="E3" target="E4"/>
  <move id="48" source="E6" target="E5"/>
  <move id="49" source="E4" target="E5"/>
  <move id="50" source="E5" target="E4"/>
  <move id="51" source="D4" target="E4"/>
  <move id="52" source="F6" target="F5"/>
  <move id="53" source="F4" target="G4"/>
  <move id="54" source="F5" target="E5"/>
  <move id="55" source="E4" target="F4"/>
  <move id="56" source="E8" target="E7"/>
  <move id="57" source="B4" target="B5"/>
  <move id="58" source="E7" target="E6"/>
  <move id="59" source="C4" target="B4"/>
  <move id="60" source="D8" target="E8"/>
  <move id="61" source="C3" target="C4"/>
  <move id="62" source="E8" target="E7"/>
  <move id="63" source="C4" target="D4"/>
  <move id="64" source="E5" target="F5"/>
  <move id="65" source="D4" target="E4"/>
  <move id="66" source="E6" target="E4"/>
  <move id="67" source="E4" target="E5"/>
  <move id="68" source="F5" target="F4"/>
  <move id="69" source="E5" target="E6"/>
  <move id="70" source="E7" target="E8"/>
  <move id="71" source="E6" target="E7"/>
  <move id="72" source="E8" target="D8"/>
  <move id="73" source="E2" target="E6"/>
  <move id="74" source="I8" target="K8"/>
  <move id="75" source="E6" target="F6"/>
  <move id="76" source="K8" target="K7"/>
  <move id="77" source="F6" target="F8"/>
  <move id="78" source="K7" target="K6"/>
  <move id="79" source="E7" target="E8"/>
  <move id="80" source="K6" target="K5"/>
  <move id="81" source="E8" target="F8"/>
  <move id="82" source="G8" target="H8"/>
  <move id="83" source="F8" target="F9"/>
  <move id="84" source="G9" target="F9"/>
  <player id="1">Player 1</player>
  <player id="2">Player 2</player>
  <result type="3" winner="2"/>
 </game>
</stratego>