<?xml version="1.0" encoding="UTF-8"?>
<stratego>
 <game type="classic">
  
  <field content="MBFHDDHGFDBGEGDCFHGFHEJBKLBJEDIEDIDBEIDBAA__AA__AAAA__AA__AAPPTUPPUQPPTXNPNWSNTNNVRQROSRSRYNVPQSQUQT"/>
  <move id="1" source="E4" target="E6"/>
  <move id="2" source="B7" target="B6"/>
  <move id="3" source="I4" target="I7"/>
  <move id="4" source="A7" target="A6"/>
  <move id="5" source="H4" target="I4"/>
  <move id="6" source="C7" target="B7"/>
  <move id="7" source="I4" target="I5"/>
  <move id="8" source="I8" target="I7"/>
  <move id="9" source="I5" target="I6"/>
  <move id="10" source="F7" target="F6"/>
  <move id="11" source="I6" target="I7"/>
  <move id="12" source="F8" target="F7"/>
  <move id="13" source="I7" target="K7"/>
  <move id="14" source="F6" target="E6"/>
  <move id="15" source="K7" target="K8"/>
  <move id="16" source="G8" target="F8"/>
  <move id="17" source="D4" target="E4"/>
  <move id="18" source="G7" target="G8"/>
  <move id="19" source="E4" target="E5"/>
  <move id="20" source="F7" target="G7"/>
  <move id="21" source="E5" target="F5"/>
  <move id="22" source="F8" target="F7"/>
  <move id="23" source="I3" target="I4"/>
  <move id="24" source="F9" target="F8"/>
  <move id="25" source="I4" target="I5"/>
  <move id="26" source="G9" target="F9"/>
  <move id="27" source="I5" target="K5"/>
  <move id="28" source="G8" target="G9"/>
  <move id="29" source="K5" target="K6"/>
  <move id="30" source="H7" target="I7"/>
  <move id="31" source="A4" target="A5"/>
  <move id="32" source="G7" target="H7"/>
  <move id="33" source="A5" target="A6"/>
  <move id="34" source="B6" target="B4"/>
  <move id="35" source="A6" target="B6"/>
  <move id="36" source="B7" target="C7"/>
  <move id="37" source="B6" target="B7"/>
  <move id="38" source="B8" target="B7"/>
  <move id="39" source="C4" target="E4"/>
  <move id="40" source="B7" target="A7"/>
  <move id="41" source="E4" target="E7"/>
  <move id="42" source="C7" target="B7"/>
  <move id="43" source="E3" target="E4"/>
  <move id="44" source="B7" target="B6"/>
  <move id="45" source="E4" target="D4"/>
  <move id="46" source="A7" target="B7"/>
  <move id="47" source="E2" target="E8"/>
  <move id="48" source="B6" target="B5"/>
  <move id="49" source="B4" target="A4"/>
  <move id="50" source="A8" target="A7"/>
  <move id="51" source="D2" target="E2"/>
  <move id="52" source="A7" target="A6"/>
  <move id="53" source="K6" target="K7"/>
  <move id="54" source="A6" target="A5"/>
  <move id="55" source="K7" target="K8"/>
  <move id="56" source="K9" target="K8"/>
  <move id="57" source="I2" target="I3"/>
  <move id="58" source="I7" target="I8"/>
  <move id="59" source="I3" target="I4"/>
  <move id="60" source="H7" target="I7"/>
  <move id="61" source="I4" target="I5"/>
  <move id="62" source="F8" target="G8"/>
  <move id="63" source="I5" target="K5"/>
  <move id="64" source="G8" target="G7"/>
  <move id="65" source="K5" target="K6"/>
  <move id="66" source="G7" target="H7"/>
  <move id="67" source="H3" target="I3"/>
  <move id="68" source="K8" target="K7"/>
  <move id="69" source="I3" target="I4"/>
  <move id="70" source="B7" target="B6"/>
  <move id="71" source="I4" target="I5"/>
  <move id="72" source="A5" target="A4"/>
  <move id="73" source="A3" target="A4"/>
  <move id="74" source="B5" target="A5"/>
  <move id="75" source="K6" target="K7"/>
  <move id="76" source="F7" target="F8"/>
  <move id="77" source="K7" target="I7"/>
  <move id="78" source="B6" target="B7"/>
  <move id="79" source="E2" target="D2"/>
  <move id="80" source="B7" target="C7"/>
  <move id="81" source="E1" target="E6"/>
  <move id="82" source="A5" target="A6"/>
  <move id="83" source="E6" target="F6"/>
  <move id="84" source="D7" target="E7"/>
  <move id="85" source="F6" target="F8"/>
  <move id="86" source="C7" target="D7"/>
  <move id="87" source="F5" target="F6"/>
  <move id="88" source="F8" target="F7"/>
  <move id="89" source="F6" target="F7"/>
  <move id="90" source="E7" target="F7"/>
  <move id="91" source="F2" target="E2"/>
  <move id="92" source="G9" target="G8"/>
  <move id="93" source="E2" target="E3"/>
  <move id="94" source="D7" target="E7"/>
  <move id="95" source="D4" target="E4"/>
  <move id="96" source="G8" target="G7"/>
  <move id="97" source="E4" target="E5"/>
  <move id="98" source="G7" target="F7"/>
  <move id="99" source="E3" target="E4"/>
  <move id="100" source="H7" target="G7"/>
  <move id="101" source="E4" target="D4"/>
  <move id="102" source="I7" target="H7"/>
  <move id="103" source="I5" target="K5"/>
  <move id="104" source="G7" target="G8"/>
  <move id="105" source="K5" target="K6"/>
  <move id="106" source="H7" target="G7"/>
  <move id="107" source="K6" target="K7"/>
  <move id="108" source="E7" target="D7"/>
  <move id="109" source="K7" target="K8"/>
  <move id="110" source="A6" target="B6"/>
  <move id="111" source="B3" target="B4"/>
  <move id="112" source="B6" target="B7"/>
  <move id="113" source="B4" target="B5"/>
  <move id="114" source="D7" target="C7"/>
  <move id="115" source="B5" target="B6"/>
  <move id="116" source="B7" target="A7"/>
  <move id="117" source="B6" target="B7"/>
  <move id="118" source="C7" target="B7"/>
  <move id="119" source="D4" target="C4"/>
  <move id="120" source="A7" target="A8"/>
  <move id="121" source="C4" target="B4"/>
  <move id="122" source="D8" target="D7"/>
  <move id="123" source="K3" target="I3"/>
  <move id="124" source="D7" target="C7"/>
  <move id="125" source="I3" target="I8"/>
  <move id="126" source="I8" target="I7"/>
  <move id="127" source="H2" target="I2"/>
  <move id="128" source="I7" target="H7"/>
  <move id="129" source="I2" target="I3"/>
  <move id="130" source="B7" target="B8"/>
  <move id="131" source="E5" target="E6"/>
  <move id="132" source="C7" target="B7"/>
  <move id="133" source="I3" target="I4"/>
  <move id="134" source="B7" target="B6"/>
  <move id="135" source="I4" target="I5"/>
  <move id="136" source="B8" target="B7"/>
  <move id="137" source="I5" target="I6"/>
  <move id="138" source="B7" target="C7"/>
  <move id="139" source="I6" target="I7"/>
  <move id="140" source="C7" target="D7"/>
  <move id="141" source="I7" target="I8"/>
  <move id="142" source="F7" target="E7"/>
  <move id="143" source="I8" target="I9"/>
  <move id="144" source="G7" target="F7"/>
  <move id="145" source="I9" target="H9"/>
  <move id="146" source="H:" target="H9"/>
  <move id="147" source="I1" target="I2"/>
  <move id="148" source="F7" target="G7"/>
  <move id="149" source="I2" target="I3"/>
  <move id="150" source="F9" target="F8"/>
  <move id="151" source="I3" target="I4"/>
  <move id="152" source="F8" target="F7"/>
  <move id="153" source="I4" target="I5"/>
  <move id="154" source="F7" target="F6"/>
  <move id="155" source="I5" target="I6"/>
  <move id="156" source="F6" target="E6"/>
  <move id="157" source="I6" target="I7"/>
  <move id="158" source="E7" target="F7"/>
  <move id="159" source="I7" target="I8"/>
  <move id="160" source="D7" target="E7"/>
  <move id="161" source="I8" target="I9"/>
  <move id="162" source="E7" target="E6"/>
  <move id="163" source="I9" target="I:"/>
  <move id="164" source="K:" target="I:"/>
  <move id="165" source="K8" target="K9"/>
  <move id="166" source="G8" target="F8"/>
  <move id="167" source="K9" target="K:"/>
  <move id="168" source="I:" target="I9"/>
  <move id="169" source="K:" target="I:"/>
  <move id="170" source="I9" target="I8"/>
  <move id="171" source="I:" target="I9"/>
  <move id="172" source="H9" target="G9"/>
  <move id="173" source="I9" target="I8"/>
  <move id="174" source="G7" target="G8"/>
  <move id="175" source="I8" target="I7"/>
  <move id="176" source="H7" target="G7"/>
  <move id="177" source="B4" target="C4"/>
  <move id="178" source="F7" target="F6"/>
  <move id="179" source="C4" target="D4"/>
  <move id="180" source="E6" target="E7"/>
  <move id="181" source="I7" target="I8"/>
  <move id="182" source="E7" target="F7"/>
  <move id="183" source="B2" target="B3"/>
  <move id="184" source="F6" target="E6"/>
  <move id="185" source="B3" target="B4"/>
  <move id="186" source="F8" target="F9"/>
  <move id="187" source="B4" target="B5"/>
  <move id="188" source="B6" target="B7"/>
  <move id="189" source="B5" target="B6"/>
  <move id="190" source="B7" target="C7"/>
  <move id="191" source="B6" target="B7"/>
  <move id="192" source="C7" target="D7"/>
  <move id="193" source="B7" target="C7"/>
  <move id="194" source="D7" target="E7"/>
  <move id="195" source="C7" target="D7"/>
  <move id="196" source="F9" target="F8"/>
  <move id="197" source="D7" target="E7"/>
  <move id="198" source="E6" target="E7"/>
  <move id="199" source="D4" target="E4"/>
  <move id="200" source="E7" target="D7"/>
  <move id="201" source="E4" target="E5"/>
  <move id="202" source="F7" target="F6"/>
  <move id="203" source="C3" target="C4"/>
  <move id="204" source="G9" target="F9"/>
  <move id="205" source="C4" target="B4"/>
  <move id="206" source="G8" target="G9"/>
  <move id="207" source="K1" target="I1"/>
  <move id="208" source="G7" target="F7"/>
  <move id="209" source="I1" target="I7"/>
  <move id="210" source="F7" target="E7"/>
  <move id="211" source="I7" target="K7"/>
  <move id="212" source="F6" target="F7"/>
  <move id="213" source="K7" target="K:"/>
  <move id="214" source="G9" target="H9"/>
  <move id="215" source="K:" target="G:"/>
  <move id="216" source="F8" target="G8"/>
  <move id="217" source="I8" target="I9"/>
  <move id="218" source="H9" target="I9"/>
  <move id="219" source="B4" target="B5"/>
  <move id="220" source="D7" target="D8"/>
  <move id="221" source="B5" target="B6"/>
  <move id="222" source="E7" target="D7"/>
  <move id="223" source="B6" target="B7"/>
  <move id="224" source="F7" target="E7"/>
  <move id="225" source="B7" target="B8"/>
  <move id="226" source="D7" target="C7"/>
  <move id="227" source="B8" target="B9"/>
  <move id="228" source="I9" target="I8"/>
  <move id="229" source="F1" target="E1"/>
  <move id="230" source="I8" target="I7"/>
  <move id="231" source="E1" target="E2"/>
  <move id="232" source="I7" target="H7"/>
  <move id="233" source="E2" target="E3"/>
  <move id="234" source="H7" target="G7"/>
  <move id="235" source="E3" target="E4"/>
  <move id="236" source="G7" target="F7"/>
  <move id="237" source="E4" target="D4"/>
  <move id="238" source="G8" target="F8"/>
  <move id="239" source="D4" target="C4"/>
  <move id="240" source="E7" target="D7"/>
  <move id="241" source="C4" target="B4"/>
  <move id="242" source="C7" target="B7"/>
  <move id="243" source="E5" target="E6"/>
  <move id="244" source="D7" target="C7"/>
  <move id="245" source="K2" target="I2"/>
  <move id="246" source="B7" target="B8"/>
  <move id="247" source="I2" target="I3"/>
  <move id="248" source="B8" target="B9"/>
  <move id="249" source="I3" target="I4"/>
  <move id="250" source="F9" target="G9"/>
  <move id="251" source="I4" target="I5"/>
  <move id="252" source="G9" target="G8"/>
  <move id="253" source="I5" target="K5"/>
  <move id="254" source="C7" target="B7"/>
  <move id="255" source="G4" target="H4"/>
  <move id="256" source="D8" target="D7"/>
  <move id="257" source="H4" target="I4"/>
  <move id="258" source="D7" target="C7"/>
  <move id="259" source="I4" target="I5"/>
  <move id="260" source="B7" target="B8"/>
  <move id="261" source="I5" target="I6"/>
  <move id="262" source="C7" target="B7"/>
  <move id="263" source="I6" target="I7"/>
  <move id="264" source="B7" target="B6"/>
  <move id="265" source="I7" target="I8"/>
  <move id="266" source="B8" target="B7"/>
  <move id="267" source="K5" target="K6"/>
  <move id="268" source="B7" target="A7"/>
  <move id="269" source="K6" target="K7"/>
  <move id="270" source="A7" target="A6"/>
  <move id="271" source="K7" target="I7"/>
  <move id="272" source="A6" target="A5"/>
  <move id="273" source="I7" target="H7"/>
  <move id="274" source="B6" target="B5"/>
  <move id="275" source="H7" target="G7"/>
  <move id="276" source="B5" target="B4"/>
  <move id="277" source="G7" target="G8"/>
  <move id="278" source="A5" target="B5"/>
  <move id="279" source="I8" target="I9"/>
  <move id="280" source="B5" target="B6"/>
  <move id="281" source="I9" target="H9"/>
  <move id="282" source="B6" target="B7"/>
  <move id="283" source="H9" target="G9"/>
  <move id="284" source="G8" target="G9"/>
  <move id="285" source="F3" target="E3"/>
  <move id="286" source="G9" target="G8"/>
  <move id="287" source="E3" target="E4"/>
  <move id="288" source="B4" target="B5"/>
  <move id="289" source="E4" target="D4"/>
  <move id="290" source="B7" target="A7"/>
  <move id="291" source="D4" target="C4"/>
  <move id="292" source="B5" target="B6"/>
  <move id="293" source="C4" target="B4"/>
  <move id="294" source="B6" target="B7"/>
  <move id="295" source="B4" target="B5"/>
  <move id="296" source="B7" target="C7"/>
  <move id="297" source="B5" target="B6"/>
  <move id="298" source="C7" target="D7"/>
  <move id="299" source="B6" target="B7"/>
  <move id="300" source="A7" target="B7"/>
  <player id="1">Player 1</player>
  <player id="2">Player 2</player>
  <result type="3" winner="2"/>
 </game>
</stratego>