<?xml version="1.0" encoding="UTF-8"?>
<stratego>
 <game type="classic">
  
  <field content="GBMFFEEGEFFCBIBBHEIBBJLDHKDEHGDDHIDDGJDDAA__AA__AAAA__AA__AATPRWRPXPTPSVPOTUPPVSNPUNSTRUSNQQNRQNYNQQ"/>
  <move id="1" source="B4" target="B7"/>
  <move id="2" source="E7" target="E6"/>
  <move id="3" source="A4" target="B4"/>
  <move id="4" source="C7" target="B7"/>
  <move id="5" source="B4" target="A4"/>
  <move id="6" source="C8" target="C7"/>
  <move id="7" source="A4" target="A7"/>
  <move id="8" source="B7" target="B6"/>
  <move id="9" source="C4" target="B4"/>
  <move id="10" source="B6" target="A6"/>
  <move id="11" source="D4" target="C4"/>
  <move id="12" source="C7" target="B7"/>
  <move id="13" source="D3" target="D4"/>
  <move id="14" source="B7" target="B6"/>
  <move id="15" source="F4" target="F7"/>
  <move id="16" source="E8" target="E7"/>
  <move id="17" source="E4" target="F4"/>
  <move id="18" source="E7" target="F7"/>
  <move id="19" source="D4" target="E4"/>
  <move id="20" source="F8" target="E8"/>
  <move id="21" source="I4" target="I7"/>
  <move id="22" source="E8" target="E7"/>
  <move id="23" source="H4" target="I4"/>
  <move id="24" source="A7" target="B7"/>
  <move id="25" source="I4" target="I5"/>
  <move id="26" source="B7" target="C7"/>
  <move id="27" source="I5" target="I6"/>
  <move id="28" source="C7" target="C8"/>
  <move id="29" source="I6" target="I7"/>
  <move id="30" source="B6" target="B7"/>
  <move id="31" source="I7" target="I6"/>
  <move id="32" source="A6" target="A7"/>
  <move id="33" source="I6" target="I5"/>
  <move id="34" source="H7" target="I7"/>
  <move id="35" source="I5" target="I4"/>
  <move id="36" source="I7" target="I6"/>
  <move id="37" source="I4" target="H4"/>
  <move id="38" source="I6" target="I5"/>
  <move id="39" source="K4" target="I4"/>
  <move id="40" source="I5" target="K5"/>
  <move id="41" source="I4" target="K4"/>
  <move id="42" source="K5" target="I5"/>
  <move id="43" source="I3" target="I4"/>
  <move id="44" source="I5" target="I6"/>
  <move id="45" source="I4" target="I5"/>
  <move id="46" source="I6" target="I7"/>
  <move id="47" source="I5" target="I6"/>
  <move id="48" source="K7" target="K4"/>
  <move id="49" source="I6" target="I7"/>
  <move id="50" source="I8" target="I7"/>
  <move id="51" source="H4" target="I4"/>
  <move id="52" source="H8" target="I8"/>
  <move id="53" source="I4" target="I3"/>
  <move id="54" source="I7" target="H7"/>
  <move id="55" source="G4" target="H4"/>
  <move id="56" source="I8" target="I7"/>
  <move id="57" source="H4" target="I4"/>
  <move id="58" source="I7" target="I6"/>
  <move id="59" source="I4" target="K4"/>
  <move id="60" source="H7" target="I7"/>
  <move id="61" source="I3" target="I4"/>
  <move id="62" source="I7" target="I8"/>
  <move id="63" source="K4" target="K5"/>
  <move id="64" source="I6" target="K6"/>
  <move id="65" source="I4" target="I5"/>
  <move id="66" source="I8" target="I7"/>
  <move id="67" source="K5" target="K4"/>
  <move id="68" source="K6" target="K4"/>
  <move id="69" source="K4" target="K5"/>
  <move id="70" source="I7" target="K7"/>
  <move id="71" source="K5" target="K4"/>
  <move id="72" source="G8" target="H8"/>
  <move id="73" source="K4" target="I4"/>
  <move id="74" source="H8" target="I8"/>
  <move id="75" source="I5" target="K5"/>
  <move id="76" source="K7" target="I7"/>
  <move id="77" source="K5" target="K6"/>
  <move id="78" source="I7" target="H7"/>
  <move id="79" source="I4" target="I5"/>
  <move id="80" source="I8" target="I7"/>
  <move id="81" source="C4" target="D4"/>
  <move id="82" source="H7" target="H8"/>
  <move id="83" source="E4" target="E5"/>
  <move id="84" source="G7" target="H7"/>
  <move id="85" source="D4" target="E4"/>
  <move id="86" source="H8" target="I8"/>
  <move id="87" source="F4" target="F5"/>
  <move id="88" source="H7" target="H8"/>
  <move id="89" source="F5" target="F6"/>
  <move id="90" source="I7" target="H7"/>
  <move id="91" source="E4" target="F4"/>
  <move id="92" source="H7" target="G7"/>
  <move id="93" source="F4" target="F5"/>
  <move id="94" source="D8" target="E8"/>
  <move id="95" source="I5" target="I6"/>
  <move id="96" source="H8" target="H7"/>
  <move id="97" source="G3" target="G4"/>
  <move id="98" source="I8" target="H8"/>
  <move id="99" source="G4" target="H4"/>
  <move id="100" source="H8" target="G8"/>
  <move id="101" source="H3" target="I3"/>
  <move id="102" source="G8" target="F8"/>
  <move id="103" source="I3" target="I4"/>
  <move id="104" source="G7" target="G8"/>
  <move id="105" source="I4" target="K4"/>
  <move id="106" source="G8" target="H8"/>
  <move id="107" source="K4" target="K5"/>
  <move id="108" source="H8" target="I8"/>
  <move id="109" source="K5" target="I5"/>
  <move id="110" source="H7" target="I7"/>
  <move id="111" source="H4" target="G4"/>
  <move id="112" source="I7" target="I6"/>
  <move id="113" source="K6" target="K7"/>
  <move id="114" source="I6" target="I5"/>
  <move id="115" source="G4" target="H4"/>
  <move id="116" source="I5" target="I6"/>
  <move id="117" source="E5" target="E4"/>
  <move id="118" source="E8" target="D8"/>
  <move id="119" source="E4" target="D4"/>
  <move id="120" source="E7" target="E8"/>
  <move id="121" source="F3" target="F4"/>
  <move id="122" source="D7" target="E7"/>
  <move id="123" source="F4" target="E4"/>
  <move id="124" source="F7" target="G7"/>
  <move id="125" source="E4" target="E5"/>
  <move id="126" source="G7" target="G8"/>
  <move id="127" source="E5" target="E6"/>
  <move id="128" source="E7" target="F7"/>
  <move id="129" source="E6" target="E7"/>
  <move id="130" source="F7" target="G7"/>
  <move id="131" source="E7" target="E8"/>
  <move id="132" source="F8" target="F7"/>
  <move id="133" source="E8" target="E7"/>
  <move id="134" source="F7" target="F6"/>
  <move id="135" source="F5" target="F4"/>
  <move id="136" source="G7" target="H7"/>
  <move id="137" source="F4" target="E4"/>
  <move id="138" source="H7" target="I7"/>
  <move id="139" source="E7" target="E6"/>
  <move id="140" source="F6" target="F7"/>
  <move id="141" source="E6" target="F6"/>
  <move id="142" source="F7" target="E7"/>
  <move id="143" source="F6" target="E6"/>
  <move id="144" source="E7" target="F7"/>
  <move id="145" source="B4" target="B5"/>
  <move id="146" source="I7" target="K7"/>
  <move id="147" source="C3" target="C4"/>
  <move id="148" source="I6" target="I7"/>
  <move id="149" source="E4" target="F4"/>
  <move id="150" source="I7" target="H7"/>
  <move id="151" source="D4" target="D3"/>
  <move id="152" source="H7" target="G7"/>
  <move id="153" source="F4" target="F5"/>
  <move id="154" source="G8" target="H8"/>
  <move id="155" source="E3" target="F3"/>
  <move id="156" source="F7" target="F8"/>
  <move id="157" source="C4" target="D4"/>
  <move id="158" source="G7" target="F7"/>
  <move id="159" source="F5" target="F4"/>
  <move id="160" source="I8" target="I7"/>
  <move id="161" source="D4" target="E4"/>
  <move id="162" source="I7" target="I6"/>
  <move id="163" source="F4" target="G4"/>
  <move id="164" source="K7" target="I7"/>
  <move id="165" source="G4" target="G3"/>
  <move id="166" source="I7" target="H7"/>
  <move id="167" source="E4" target="F4"/>
  <move id="168" source="H7" target="G7"/>
  <move id="169" source="F4" target="G4"/>
  <move id="170" source="F7" target="E7"/>
  <move id="171" source="E6" target="F6"/>
  <move id="172" source="G7" target="F7"/>
  <move id="173" source="F6" target="F5"/>
  <move id="174" source="F7" target="F6"/>
  <move id="175" source="F5" target="E5"/>
  <move id="176" source="E7" target="E6"/>
  <move id="177" source="E5" target="E4"/>
  <move id="178" source="D8" target="E8"/>
  <move id="179" source="G4" target="F4"/>
  <move id="180" source="E8" target="E7"/>
  <move id="181" source="F4" target="F5"/>
  <move id="182" source="F6" target="F7"/>
  <move id="183" source="B3" target="B4"/>
  <move id="184" source="F8" target="E8"/>
  <move id="185" source="B2" target="B3"/>
  <move id="186" source="G9" target="G8"/>
  <move id="187" source="B3" target="C3"/>
  <move id="188" source="G8" target="F8"/>
  <move id="189" source="C3" target="C4"/>
  <move id="190" source="F7" target="G7"/>
  <move id="191" source="C4" target="D4"/>
  <move id="192" source="F8" target="F7"/>
  <move id="193" source="D3" target="E3"/>
  <move id="194" source="F7" target="F6"/>
  <move id="195" source="F5" target="F4"/>
  <move id="196" source="F6" target="F5"/>
  <move id="197" source="F4" target="F5"/>
  <move id="198" source="E8" target="F8"/>
  <move id="199" source="G3" target="H3"/>
  <move id="200" source="G7" target="H7"/>
  <move id="201" source="F3" target="G3"/>
  <move id="202" source="H7" target="I7"/>
  <move id="203" source="H4" target="I4"/>
  <move id="204" source="I6" target="K6"/>
  <move id="205" source="I4" target="I7"/>
  <move id="206" source="I7" target="I6"/>
  <move id="207" source="F5" target="F4"/>
  <move id="208" source="I6" target="I5"/>
  <move id="209" source="F4" target="G4"/>
  <move id="210" source="E6" target="E5"/>
  <move id="211" source="G4" target="H4"/>
  <move id="212" source="I5" target="I6"/>
  <move id="213" source="H4" target="I4"/>
  <move id="214" source="I6" target="I7"/>
  <move id="215" source="I4" target="H4"/>
  <move id="216" source="F8" target="F7"/>
  <move id="217" source="H4" target="G4"/>
  <move id="218" source="B7" target="C7"/>
  <move id="219" source="B5" target="B6"/>
  <move id="220" source="B8" target="B7"/>
  <move id="221" source="B6" target="A6"/>
  <move id="222" source="C7" target="D7"/>
  <move id="223" source="B4" target="B3"/>
  <move id="224" source="D7" target="D8"/>
  <move id="225" source="E3" target="F3"/>
  <move id="226" source="E7" target="E8"/>
  <move id="227" source="E4" target="E3"/>
  <move id="228" source="E8" target="F8"/>
  <move id="229" source="E3" target="D3"/>
  <move id="230" source="E5" target="E6"/>
  <move id="231" source="D3" target="C3"/>
  <move id="232" source="E6" target="E7"/>
  <move id="233" source="C3" target="C4"/>
  <move id="234" source="E7" target="D7"/>
  <move id="235" source="G4" target="F4"/>
  <move id="236" source="F7" target="F6"/>
  <move id="237" source="F3" target="E3"/>
  <move id="238" source="D8" target="E8"/>
  <move id="239" source="F4" target="E4"/>
  <move id="240" source="E8" target="E7"/>
  <move id="241" source="G3" target="G4"/>
  <move id="242" source="E7" target="E6"/>
  <move id="243" source="G4" target="F4"/>
  <move id="244" source="I7" target="H7"/>
  <move id="245" source="F4" target="F5"/>
  <move id="246" source="H7" target="G7"/>
  <move id="247" source="F5" target="F6"/>
  <move id="248" source="F6" target="F7"/>
  <move id="249" source="E4" target="F4"/>
  <move id="250" source="F7" target="E7"/>
  <move id="251" source="E3" target="E6"/>
  <move id="252" source="E9" target="E8"/>
  <move id="253" source="F4" target="F5"/>
  <move id="254" source="F8" target="G8"/>
  <move id="255" source="F5" target="F6"/>
  <move id="256" source="E8" target="F8"/>
  <move id="257" source="F6" target="E6"/>
  <move id="258" source="E7" target="E8"/>
  <move id="259" source="E6" target="E7"/>
  <move id="260" source="D7" target="E7"/>
  <move id="261" source="D4" target="E4"/>
  <move id="262" source="A7" target="A6"/>
  <move id="263" source="C4" target="B4"/>
  <move id="264" source="B7" target="A7"/>
  <move id="265" source="A6" target="B6"/>
  <move id="266" source="G7" target="F7"/>
  <move id="267" source="B4" target="A4"/>
  <move id="268" source="F7" target="E7"/>
  <move id="269" source="A4" target="A5"/>
  <move id="270" source="E7" target="E6"/>
  <move id="271" source="A5" target="A6"/>
  <move id="272" source="A7" target="B7"/>
  <move id="273" source="B6" target="B5"/>
  <move id="274" source="E6" target="E5"/>
  <move id="275" source="B5" target="B4"/>
  <move id="276" source="E5" target="E4"/>
  <move id="277" source="B3" target="C3"/>
  <move id="278" source="E8" target="E7"/>
  <move id="279" source="C3" target="D3"/>
  <move id="280" source="E7" target="F7"/>
  <move id="281" source="H3" target="H4"/>
  <move id="282" source="F7" target="F6"/>
  <move id="283" source="H4" target="I4"/>
  <move id="284" source="F6" target="F7"/>
  <move id="285" source="I4" target="I5"/>
  <move id="286" source="F7" target="G7"/>
  <move id="287" source="I5" target="I6"/>
  <move id="288" source="G7" target="H7"/>
  <move id="289" source="I6" target="K6"/>
  <move id="290" source="H7" target="I7"/>
  <move id="291" source="H2" target="H3"/>
  <move id="292" source="E4" target="E3"/>
  <move id="293" source="D3" target="D4"/>
  <move id="294" source="G8" target="G7"/>
  <move id="295" source="H3" target="H4"/>
  <move id="296" source="G7" target="F7"/>
  <move id="297" source="I2" target="I3"/>
  <move id="298" source="F7" target="E7"/>
  <move id="299" source="I3" target="H3"/>
  <move id="300" source="E7" target="E6"/>
  <move id="301" source="H3" target="G3"/>
  <move id="302" source="E3" target="E4"/>
  <move id="303" source="D4" target="D3"/>
  <move id="304" source="E6" target="E5"/>
  <move id="305" source="G3" target="F3"/>
  <move id="306" source="E4" target="F4"/>
  <move id="307" source="F3" target="G3"/>
  <move id="308" source="E5" target="E4"/>
  <move id="309" source="D3" target="D4"/>
  <move id="310" source="E4" target="D4"/>
  <move id="311" source="H4" target="I4"/>
  <move id="312" source="F4" target="E4"/>
  <move id="313" source="D4" target="D3"/>
  <move id="314" source="E4" target="E3"/>
  <move id="315" source="D3" target="D4"/>
  <move id="316" source="E3" target="E4"/>
  <move id="317" source="D4" target="D3"/>
  <move id="318" source="E4" target="E3"/>
  <move id="319" source="D3" target="C3"/>
  <move id="320" source="E3" target="D3"/>
  <move id="321" source="C3" target="C4"/>
  <move id="322" source="D3" target="D4"/>
  <move id="323" source="A6" target="B6"/>
  <move id="324" source="B7" target="A7"/>
  <move id="325" source="C4" target="C3"/>
  <move id="326" source="D4" target="D3"/>
  <move id="327" source="C3" target="C4"/>
  <move id="328" source="D3" target="D4"/>
  <move id="329" source="B6" target="A6"/>
  <move id="330" source="A7" target="B7"/>
  <move id="331" source="C4" target="C3"/>
  <move id="332" source="D4" target="D3"/>
  <move id="333" source="C3" target="C4"/>
  <move id="334" source="D3" target="D4"/>
  <move id="335" source="C4" target="C3"/>
  <move id="336" source="D4" target="D3"/>
  <move id="337" source="A6" target="B6"/>
  <move id="338" source="B7" target="C7"/>
  <move id="339" source="C3" target="C4"/>
  <move id="340" source="D3" target="D4"/>
  <move id="341" source="B6" target="B7"/>
  <move id="342" source="C7" target="D7"/>
  <move id="343" source="B7" target="C7"/>
  <move id="344" source="D7" target="E7"/>
  <move id="345" source="C7" target="D7"/>
  <move id="346" source="E7" target="F7"/>
  <move id="347" source="D7" target="E7"/>
  <move id="348" source="F7" target="F6"/>
  <move id="349" source="E7" target="E6"/>
  <move id="350" source="F6" target="F5"/>
  <move id="351" source="E6" target="E5"/>
  <move id="352" source="F5" target="F6"/>
  <move id="353" source="C4" target="C3"/>
  <move id="354" source="D4" target="D3"/>
  <move id="355" source="E5" target="E6"/>
  <move id="356" source="F6" target="F5"/>
  <move id="357" source="E6" target="E5"/>
  <move id="358" source="F5" target="F4"/>
  <move id="359" source="E5" target="E4"/>
  <move id="360" source="F4" target="G4"/>
  <move id="361" source="C3" target="C4"/>
  <move id="362" source="D3" target="C3"/>
  <move id="363" source="C4" target="D4"/>
  <move id="364" source="C3" target="D3"/>
  <move id="365" source="D4" target="C4"/>
  <move id="366" source="D3" target="D4"/>
  <move id="367" source="E4" target="F4"/>
  <move id="368" source="G4" target="H4"/>
  <move id="369" source="F4" target="G4"/>
  <move id="370" source="H4" target="I4"/>
  <move id="371" source="G4" target="H4"/>
  <move id="372" source="I4" target="I3"/>
  <move id="373" source="C4" target="C3"/>
  <move id="374" source="D4" target="C4"/>
  <move id="375" source="C3" target="D3"/>
  <move id="376" source="C4" target="B4"/>
  <move id="377" source="D3" target="E3"/>
  <move id="378" source="I7" target="H7"/>
  <move id="379" source="E3" target="E4"/>
  <move id="380" source="H7" target="G7"/>
  <move id="381" source="K6" target="I6"/>
  <move id="382" source="G7" target="H7"/>
  <move id="383" source="E4" target="E5"/>
  <move id="384" source="B4" target="C4"/>
  <move id="385" source="E5" target="E6"/>
  <move id="386" source="C4" target="D4"/>
  <move id="387" source="E6" target="E7"/>
  <move id="388" source="D4" target="E4"/>
  <move id="389" source="E7" target="D7"/>
  <move id="390" source="E4" target="E5"/>
  <move id="391" source="D7" target="D8"/>
  <move id="392" source="C8" target="C7"/>
  <move id="393" source="D8" target="D7"/>
  <move id="394" source="C7" target="C8"/>
  <move id="395" source="D7" target="D8"/>
  <move id="396" source="C8" target="C7"/>
  <move id="397" source="D8" target="D7"/>
  <move id="398" source="C7" target="C8"/>
  <move id="399" source="D7" target="D8"/>
  <move id="400" source="C8" target="C7"/>
  <move id="401" source="D8" target="C8"/>
  <move id="402" source="C7" target="B7"/>
  <move id="403" source="C8" target="C7"/>
  <move id="404" source="B7" target="A7"/>
  <move id="405" source="C7" target="B7"/>
  <move id="406" source="A7" target="A6"/>
  <move id="407" source="B7" target="B6"/>
  <move id="408" source="A6" target="A5"/>
  <move id="409" source="B6" target="A6"/>
  <move id="410" source="A5" target="B5"/>
  <move id="411" source="A6" target="B6"/>
  <move id="412" source="B5" target="A5"/>
  <move id="413" source="B6" target="B5"/>
  <move id="414" source="A5" target="A6"/>
  <move id="415" source="B5" target="B6"/>
  <move id="416" source="A6" target="A5"/>
  <move id="417" source="B6" target="B5"/>
  <move id="418" source="A5" target="A6"/>
  <move id="419" source="B5" target="B6"/>
  <move id="420" source="A6" target="A5"/>
  <move id="421" source="G3" target="F3"/>
  <move id="422" source="H7" target="I7"/>
  <move id="423" source="I6" target="I5"/>
  <move id="424" source="I7" target="I6"/>
  <move id="425" source="I5" target="I4"/>
  <move id="426" source="I6" target="I5"/>
  <move id="427" source="F3" target="F4"/>
  <move id="428" source="I5" target="I6"/>
  <move id="429" source="I4" target="K4"/>
  <move id="430" source="I6" target="K6"/>
  <move id="431" source="K4" target="I4"/>
  <move id="432" source="K6" target="I6"/>
  <move id="433" source="D2" target="D3"/>
  <move id="434" source="I6" target="I7"/>
  <move id="435" source="D3" target="C3"/>
  <move id="436" source="I7" target="H7"/>
  <move id="437" source="I4" target="I5"/>
  <move id="438" source="H7" target="G7"/>
  <move id="439" source="I5" target="I6"/>
  <move id="440" source="G7" target="F7"/>
  <move id="441" source="C3" target="B3"/>
  <move id="442" source="E5" target="E4"/>
  <move id="443" source="F4" target="F3"/>
  <move id="444" source="E4" target="E3"/>
  <move id="445" source="F3" target="F4"/>
  <move id="446" source="E3" target="D3"/>
  <move id="447" source="B3" target="B4"/>
  <move id="448" source="D3" target="C3"/>
  <move id="449" source="B4" target="A4"/>
  <move id="450" source="A5" target="B5"/>
  <move id="451" source="B6" target="B5"/>
  <move id="452" source="C3" target="B3"/>
  <move id="453" source="B5" target="B6"/>
  <move id="454" source="B3" target="B4"/>
  <move id="455" source="B6" target="B7"/>
  <move id="456" source="B4" target="A4"/>
  <move id="457" source="B7" target="C7"/>
  <move id="458" source="A4" target="B4"/>
  <move id="459" source="C7" target="D7"/>
  <move id="460" source="B4" target="C4"/>
  <move id="461" source="D7" target="E7"/>
  <move id="462" source="F7" target="F6"/>
  <move id="463" source="E7" target="F7"/>
  <move id="464" source="F6" target="F5"/>
  <move id="465" source="F4" target="F3"/>
  <move id="466" source="F5" target="F4"/>
  <move id="467" source="F3" target="G3"/>
  <move id="468" source="C4" target="C3"/>
  <move id="469" source="F7" target="G7"/>
  <move id="470" source="C3" target="D3"/>
  <move id="471" source="I6" target="I7"/>
  <move id="472" source="D3" target="E3"/>
  <move id="473" source="I7" target="I8"/>
  <move id="474" source="E3" target="F3"/>
  <move id="475" source="I8" target="I9"/>
  <move id="476" source="F3" target="G3"/>
  <move id="477" source="I9" target="H9"/>
  <move id="478" source="F4" target="E4"/>
  <move id="479" source="G7" target="F7"/>
  <move id="480" source="G3" target="F3"/>
  <move id="481" source="F7" target="E7"/>
  <move id="482" source="F3" target="E3"/>
  <move id="483" source="E7" target="E8"/>
  <move id="484" source="E4" target="F4"/>
  <move id="485" source="E8" target="E9"/>
  <move id="486" source="E3" target="E4"/>
  <move id="487" source="E9" target="D9"/>
  <player id="1">Player 1</player>
  <player id="2">Player 2</player>
  <result type="3" winner="2"/>
 </game>
</stratego>