<?xml version="1.0" encoding="UTF-8"?>
<stratego>
 <game type="classic">
  
  <field content="BGBBBBBMLHDEIJEIFCDEHDFKFGIEFJEDDHDDGGDHAA__AA__AAAA__AA__AASTNNSUPSRTNRSWPPPPTQTUXVNQPQQNYPQORNPUVR"/>
  <move id="1" source="I4" target="I7"/>
  <move id="2" source="E7" target="E6"/>
  <move id="3" source="H4" target="I4"/>
  <move id="4" source="E6" target="F6"/>
  <move id="5" source="I4" target="I5"/>
  <move id="6" source="E8" target="E4"/>
  <move id="7" source="I5" target="I6"/>
  <move id="8" source="F7" target="E7"/>
  <move id="9" source="I3" target="I4"/>
  <move id="10" source="E7" target="E6"/>
  <move id="11" source="I4" target="H4"/>
  <move id="12" source="E6" target="E5"/>
  <move id="13" source="I2" target="I3"/>
  <move id="14" source="F6" target="F5"/>
  <move id="15" source="I3" target="I4"/>
  <move id="16" source="E5" target="E6"/>
  <move id="17" source="I4" target="I5"/>
  <move id="18" source="F5" target="E5"/>
  <move id="19" source="I5" target="K5"/>
  <move id="20" source="E5" target="E4"/>
  <move id="21" source="K5" target="K7"/>
  <move id="22" source="E4" target="D4"/>
  <move id="23" source="K4" target="K5"/>
  <move id="24" source="E6" target="F6"/>
  <move id="25" source="K5" target="K6"/>
  <move id="26" source="F8" target="E8"/>
  <move id="27" source="H4" target="I4"/>
  <move id="28" source="E8" target="E7"/>
  <move id="29" source="I4" target="I5"/>
  <move id="30" source="E7" target="E6"/>
  <move id="31" source="K3" target="I3"/>
  <move id="32" source="E6" target="E5"/>
  <move id="33" source="I3" target="I4"/>
  <move id="34" source="E5" target="E4"/>
  <move id="35" source="K6" target="K7"/>
  <move id="36" source="E4" target="E3"/>
  <move id="37" source="I5" target="K5"/>
  <move id="38" source="F6" target="E6"/>
  <move id="39" source="K5" target="K6"/>
  <move id="40" source="E6" target="E5"/>
  <move id="41" source="I4" target="I5"/>
  <move id="42" source="E5" target="E4"/>
  <move id="43" source="F4" target="F7"/>
  <move id="44" source="G8" target="F8"/>
  <move id="45" source="F7" target="G7"/>
  <move id="46" source="F8" target="F7"/>
  <move id="47" source="H3" target="H4"/>
  <move id="48" source="F7" target="F6"/>
  <move id="49" source="K6" target="K5"/>
  <move id="50" source="F6" target="F5"/>
  <move id="51" source="K5" target="K4"/>
  <move id="52" source="F5" target="F4"/>
  <move id="53" source="K4" target="I4"/>
  <move id="54" source="F4" target="G4"/>
  <move id="55" source="I5" target="K5"/>
  <move id="56" source="E4" target="F4"/>
  <move id="57" source="K5" target="K6"/>
  <move id="58" source="K8" target="K7"/>
  <move id="59" source="K6" target="K7"/>
  <move id="60" source="F4" target="G4"/>
  <move id="61" source="G3" target="G4"/>
  <move id="62" source="F9" target="F8"/>
  <move id="63" source="H4" target="H3"/>
  <move id="64" source="F8" target="F7"/>
  <move id="65" source="I1" target="I2"/>
  <move id="66" source="F7" target="F6"/>
  <move id="67" source="I2" target="I3"/>
  <move id="68" source="F6" target="F5"/>
  <move id="69" source="K7" target="K6"/>
  <move id="70" source="F5" target="F4"/>
  <move id="71" source="K6" target="K5"/>
  <move id="72" source="F4" target="G4"/>
  <move id="73" source="K5" target="K4"/>
  <move id="74" source="G4" target="H4"/>
  <move id="75" source="B4" target="B7"/>
  <move id="76" source="H4" target="H3"/>
  <move id="77" source="I4" target="H4"/>
  <move id="78" source="D8" target="E8"/>
  <move id="79" source="H4" target="H3"/>
  <move id="80" source="E8" target="E7"/>
  <move id="81" source="K4" target="K5"/>
  <move id="82" source="E7" target="E6"/>
  <move id="83" source="K2" target="I2"/>
  <move id="84" source="E6" target="E5"/>
  <move id="85" source="K1" target="K2"/>
  <move id="86" source="E5" target="E4"/>
  <move id="87" source="K2" target="K3"/>
  <move id="88" source="E4" target="F4"/>
  <move id="89" source="K3" target="K4"/>
  <move id="90" source="F4" target="G4"/>
  <move id="91" source="K4" target="I4"/>
  <move id="92" source="G4" target="H4"/>
  <move id="93" source="I2" target="I1"/>
  <move id="94" source="H4" target="I4"/>
  <move id="95" source="I3" target="I4"/>
  <move id="96" source="D9" target="D8"/>
  <move id="97" source="I4" target="H4"/>
  <move id="98" source="D8" target="E8"/>
  <move id="99" source="K5" target="K6"/>
  <move id="100" source="E8" target="E7"/>
  <move id="101" source="H4" target="G4"/>
  <move id="102" source="E7" target="E6"/>
  <move id="103" source="G4" target="F4"/>
  <move id="104" source="E6" target="E5"/>
  <move id="105" source="K6" target="K7"/>
  <move id="106" source="B7" target="B6"/>
  <move id="107" source="I6" target="I7"/>
  <move id="108" source="B6" target="B5"/>
  <move id="109" source="E3" target="E4"/>
  <move id="110" source="E5" target="E6"/>
  <move id="111" source="F4" target="F5"/>
  <move id="112" source="B5" target="A5"/>
  <move id="113" source="E4" target="E5"/>
  <move id="114" source="E6" target="E7"/>
  <move id="115" source="F5" target="F6"/>
  <move id="116" source="E7" target="E8"/>
  <move id="117" source="E5" target="E6"/>
  <move id="118" source="B8" target="B7"/>
  <move id="119" source="F6" target="F7"/>
  <move id="120" source="B7" target="B6"/>
  <move id="121" source="E6" target="E7"/>
  <move id="122" source="E8" target="D8"/>
  <move id="123" source="E7" target="D7"/>
  <move id="124" source="B6" target="B5"/>
  <move id="125" source="H3" target="H4"/>
  <move id="126" source="B5" target="B4"/>
  <move id="127" source="H4" target="G4"/>
  <move id="128" source="B4" target="C4"/>
  <move id="129" source="D4" target="C4"/>
  <move id="130" source="A5" target="A4"/>
  <move id="131" source="A3" target="A4"/>
  <move id="132" source="A7" target="B7"/>
  <move id="133" source="G4" target="F4"/>
  <move id="134" source="B7" target="B6"/>
  <move id="135" source="F4" target="E4"/>
  <move id="136" source="B6" target="B5"/>
  <move id="137" source="C4" target="D4"/>
  <move id="138" source="B5" target="B4"/>
  <move id="139" source="E4" target="E5"/>
  <move id="140" source="B4" target="B3"/>
  <move id="141" source="E5" target="E6"/>
  <move id="142" source="B3" target="B2"/>
  <move id="143" source="C2" target="B2"/>
  <move id="144" source="C8" target="B8"/>
  <move id="145" source="B2" target="C2"/>
  <move id="146" source="B8" target="B7"/>
  <move id="147" source="E6" target="E7"/>
  <move id="148" source="B7" target="B6"/>
  <move id="149" source="E7" target="E8"/>
  <move id="150" source="B6" target="B5"/>
  <move id="151" source="E8" target="D8"/>
  <move id="152" source="B5" target="B4"/>
  <move id="153" source="F7" target="E7"/>
  <move id="154" source="C9" target="D9"/>
  <move id="155" source="I7" target="I6"/>
  <move id="156" source="B9" target="C9"/>
  <move id="157" source="K7" target="K6"/>
  <move id="158" source="D8" target="C8"/>
  <move id="159" source="A2" target="A3"/>
  <move id="160" source="C8" target="B8"/>
  <move id="161" source="C3" target="B3"/>
  <move id="162" source="B4" target="C4"/>
  <move id="163" source="C2" target="B2"/>
  <move id="164" source="C4" target="C3"/>
  <move id="165" source="D3" target="E3"/>
  <move id="166" source="C3" target="D3"/>
  <move id="167" source="E3" target="E4"/>
  <move id="168" source="D3" target="D2"/>
  <move id="169" source="B3" target="B4"/>
  <move id="170" source="B8" target="B7"/>
  <move id="171" source="B2" target="C2"/>
  <move id="172" source="B7" target="B6"/>
  <move id="173" source="A3" target="A2"/>
  <move id="174" source="B6" target="B5"/>
  <move id="175" source="B4" target="C4"/>
  <move id="176" source="B5" target="A5"/>
  <move id="177" source="A2" target="B2"/>
  <move id="178" source="A5" target="A4"/>
  <move id="179" source="C2" target="C3"/>
  <move id="180" source="B:" target="B3"/>
  <move id="181" source="C3" target="D3"/>
  <move id="182" source="B3" target="D3"/>
  <move id="183" source="C4" target="C3"/>
  <move id="184" source="A4" target="B4"/>
  <move id="185" source="D3" target="E3"/>
  <move id="186" source="B4" target="C4"/>
  <move id="187" source="C3" target="B3"/>
  <move id="188" source="C4" target="D4"/>
  <move id="189" source="E4" target="D4"/>
  <move id="190" source="C9" target="B9"/>
  <move id="191" source="B3" target="C3"/>
  <move id="192" source="B9" target="B8"/>
  <move id="193" source="B2" target="B8"/>
  <move id="194" source="A9" target="B9"/>
  <move id="195" source="C3" target="B3"/>
  <move id="196" source="B8" target="C8"/>
  <move id="197" source="B3" target="B4"/>
  <move id="198" source="B9" target="B8"/>
  <move id="199" source="B4" target="B5"/>
  <move id="200" source="B8" target="B7"/>
  <move id="201" source="B5" target="B6"/>
  <move id="202" source="B7" target="B6"/>
  <move id="203" source="D2" target="C2"/>
  <move id="204" source="B6" target="A6"/>
  <move id="205" source="C2" target="B2"/>
  <move id="206" source="A6" target="A7"/>
  <move id="207" source="B2" target="B3"/>
  <move id="208" source="A7" target="B7"/>
  <move id="209" source="B3" target="B4"/>
  <move id="210" source="C8" target="B8"/>
  <move id="211" source="B4" target="B5"/>
  <move id="212" source="B8" target="B9"/>
  <move id="213" source="B5" target="B6"/>
  <move id="214" source="B7" target="B8"/>
  <move id="215" source="B6" target="A6"/>
  <move id="216" source="B8" target="B7"/>
  <move id="217" source="D4" target="E4"/>
  <move id="218" source="G9" target="G8"/>
  <move id="219" source="A6" target="A7"/>
  <move id="220" source="B7" target="B8"/>
  <move id="221" source="E4" target="F4"/>
  <move id="222" source="B8" target="C8"/>
  <move id="223" source="E3" target="E4"/>
  <move id="224" source="B9" target="B8"/>
  <move id="225" source="E4" target="E5"/>
  <move id="226" source="B8" target="B7"/>
  <move id="227" source="A7" target="A6"/>
  <move id="228" source="B7" target="A7"/>
  <move id="229" source="A6" target="A7"/>
  <move id="230" source="C8" target="B8"/>
  <move id="231" source="A7" target="A6"/>
  <move id="232" source="G8" target="F8"/>
  <move id="233" source="F4" target="G4"/>
  <move id="234" source="F8" target="E8"/>
  <move id="235" source="E7" target="E8"/>
  <move id="236" source="B8" target="C8"/>
  <move id="237" source="E8" target="E7"/>
  <move id="238" source="C8" target="B8"/>
  <move id="239" source="E5" target="F5"/>
  <move id="240" source="B8" target="B9"/>
  <move id="241" source="F5" target="F6"/>
  <move id="242" source="B9" target="C9"/>
  <move id="243" source="I6" target="I5"/>
  <move id="244" source="C9" target="C8"/>
  <move id="245" source="I5" target="I4"/>
  <move id="246" source="C8" target="B8"/>
  <move id="247" source="G4" target="G3"/>
  <move id="248" source="B8" target="B7"/>
  <move id="249" source="I4" target="H4"/>
  <move id="250" source="B7" target="B8"/>
  <move id="251" source="H4" target="G4"/>
  <move id="252" source="B8" target="C8"/>
  <move id="253" source="F6" target="F5"/>
  <move id="254" source="C8" target="D8"/>
  <move id="255" source="G4" target="F4"/>
  <move id="256" source="D8" target="C8"/>
  <move id="257" source="F5" target="F6"/>
  <move id="258" source="C8" target="B8"/>
  <move id="259" source="F6" target="E6"/>
  <move id="260" source="B8" target="B7"/>
  <move id="261" source="E6" target="E5"/>
  <move id="262" source="B7" target="B8"/>
  <move id="263" source="F4" target="F5"/>
  <move id="264" source="B8" target="C8"/>
  <move id="265" source="A6" target="A5"/>
  <move id="266" source="C8" target="D8"/>
  <move id="267" source="E5" target="E4"/>
  <move id="268" source="D8" target="C8"/>
  <move id="269" source="E4" target="D4"/>
  <move id="270" source="C8" target="C9"/>
  <move id="271" source="D4" target="C4"/>
  <move id="272" source="C9" target="B9"/>
  <move id="273" source="F5" target="F6"/>
  <move id="274" source="B9" target="B8"/>
  <move id="275" source="F6" target="F7"/>
  <move id="276" source="B8" target="C8"/>
  <move id="277" source="C4" target="B4"/>
  <move id="278" source="C8" target="D8"/>
  <move id="279" source="A5" target="A4"/>
  <move id="280" source="D8" target="C8"/>
  <move id="281" source="A4" target="A3"/>
  <move id="282" source="C8" target="B8"/>
  <move id="283" source="A3" target="A2"/>
  <move id="284" source="B8" target="C8"/>
  <move id="285" source="B4" target="B5"/>
  <move id="286" source="C8" target="B8"/>
  <move id="287" source="B5" target="A5"/>
  <move id="288" source="B8" target="B7"/>
  <move id="289" source="A5" target="A6"/>
  <move id="290" source="B7" target="B8"/>
  <move id="291" source="F7" target="F8"/>
  <move id="292" source="B8" target="B7"/>
  <move id="293" source="F8" target="E8"/>
  <move id="294" source="B7" target="B8"/>
  <move id="295" source="A6" target="A7"/>
  <move id="296" source="B8" target="C8"/>
  <move id="297" source="K6" target="K5"/>
  <move id="298" source="C:" target="C9"/>
  <move id="299" source="E8" target="F8"/>
  <move id="300" source="C9" target="B9"/>
  <move id="301" source="F8" target="G8"/>
  <move id="302" source="B9" target="B8"/>
  <move id="303" source="G8" target="H8"/>
  <move id="304" source="H7" target="H8"/>
  <move id="305" source="K5" target="I5"/>
  <move id="306" source="B8" target="B7"/>
  <move id="307" source="A7" target="A6"/>
  <move id="308" source="H9" target="H8"/>
  <move id="309" source="E2" target="E3"/>
  <move id="310" source="H8" target="H7"/>
  <move id="311" source="E7" target="F7"/>
  <move id="312" source="H7" target="I7"/>
  <move id="313" source="I5" target="I4"/>
  <move id="314" source="I7" target="I6"/>
  <move id="315" source="I4" target="I3"/>
  <move id="316" source="I6" target="I5"/>
  <move id="317" source="I3" target="I2"/>
  <move id="318" source="I5" target="I4"/>
  <move id="319" source="G3" target="H3"/>
  <move id="320" source="I4" target="H4"/>
  <move id="321" source="G2" target="G3"/>
  <move id="322" source="H4" target="G4"/>
  <move id="323" source="E3" target="E4"/>
  <move id="324" source="G4" target="G3"/>
  <move id="325" source="E4" target="E5"/>
  <move id="326" source="B7" target="B8"/>
  <move id="327" source="E5" target="E6"/>
  <move id="328" source="C8" target="C9"/>
  <move id="329" source="A6" target="A7"/>
  <move id="330" source="B8" target="C8"/>
  <move id="331" source="E6" target="E7"/>
  <move id="332" source="C8" target="D8"/>
  <move id="333" source="E7" target="D7"/>
  <move id="334" source="D8" target="D7"/>
  <move id="335" source="F7" target="E7"/>
  <move id="336" source="C9" target="C8"/>
  <move id="337" source="F3" target="F4"/>
  <move id="338" source="C8" target="D8"/>
  <move id="339" source="F4" target="E4"/>
  <move id="340" source="I8" target="H8"/>
  <move id="341" source="G3" target="G4"/>
  <move id="342" source="I9" target="I8"/>
  <move id="343" source="E4" target="D4"/>
  <move id="344" source="I8" target="I7"/>
  <move id="345" source="D4" target="C4"/>
  <move id="346" source="I7" target="I6"/>
  <move id="347" source="C4" target="B4"/>
  <move id="348" source="I6" target="I5"/>
  <move id="349" source="B4" target="B5"/>
  <move id="350" source="D8" target="C8"/>
  <move id="351" source="B5" target="B6"/>
  <move id="352" source="C8" target="B8"/>
  <move id="353" source="B6" target="B7"/>
  <move id="354" source="B8" target="B7"/>
  <move id="355" source="A7" target="B7"/>
  <move id="356" source="I5" target="I4"/>
  <move id="357" source="B7" target="B6"/>
  <move id="358" source="I4" target="I3"/>
  <move id="359" source="G4" target="G3"/>
  <move id="360" source="I3" target="I2"/>
  <move id="361" source="G3" target="G4"/>
  <move id="362" source="I:" target="I9"/>
  <move id="363" source="G4" target="F4"/>
  <move id="364" source="I9" target="I8"/>
  <move id="365" source="F4" target="F5"/>
  <move id="366" source="I8" target="I7"/>
  <move id="367" source="E7" target="F7"/>
  <move id="368" source="I7" target="I6"/>
  <move id="369" source="F5" target="F6"/>
  <move id="370" source="I6" target="I5"/>
  <move id="371" source="F6" target="E6"/>
  <move id="372" source="I5" target="I4"/>
  <move id="373" source="I2" target="I3"/>
  <move id="374" source="I4" target="H4"/>
  <move id="375" source="H3" target="H4"/>
  <move id="376" source="D9" target="C9"/>
  <move id="377" source="E6" target="E7"/>
  <move id="378" source="D:" target="D9"/>
  <move id="379" source="E7" target="D7"/>
  <move id="380" source="D9" target="D8"/>
  <move id="381" source="D7" target="C7"/>
  <move id="382" source="D8" target="C8"/>
  <move id="383" source="B6" target="B7"/>
  <move id="384" source="C9" target="D9"/>
  <move id="385" source="B7" target="B8"/>
  <move id="386" source="C8" target="C9"/>
  <move id="387" source="B8" target="C8"/>
  <move id="388" source="C9" target="B9"/>
  <move id="389" source="C8" target="C9"/>
  <move id="390" source="D9" target="C9"/>
  <move id="391" source="F7" target="E7"/>
  <move id="392" source="B9" target="B8"/>
  <move id="393" source="E7" target="D7"/>
  <move id="394" source="B8" target="B7"/>
  <move id="395" source="H4" target="G4"/>
  <move id="396" source="C9" target="B9"/>
  <move id="397" source="D7" target="D8"/>
  <move id="398" source="B9" target="B:"/>
  <move id="399" source="D8" target="C8"/>
  <move id="400" source="B:" target="C:"/>
  <move id="401" source="A2" target="A3"/>
  <move id="402" source="C:" target="D:"/>
  <move id="403" source="A3" target="A4"/>
  <move id="404" source="D:" target="D9"/>
  <move id="405" source="A4" target="B4"/>
  <move id="406" source="B7" target="B8"/>
  <move id="407" source="C8" target="B8"/>
  <move id="408" source="D9" target="D8"/>
  <move id="409" source="B8" target="C8"/>
  <move id="410" source="D8" target="E8"/>
  <move id="411" source="C8" target="D8"/>
  <move id="412" source="E8" target="E7"/>
  <move id="413" source="D8" target="E8"/>
  <move id="414" source="E7" target="E6"/>
  <move id="415" source="E8" target="E7"/>
  <move id="416" source="E6" target="E5"/>
  <move id="417" source="G4" target="H4"/>
  <move id="418" source="E5" target="E4"/>
  <move id="419" source="I3" target="I4"/>
  <move id="420" source="E4" target="E3"/>
  <move id="421" source="H4" target="H3"/>
  <move id="422" source="E3" target="E2"/>
  <move id="423" source="F2" target="G2"/>
  <move id="424" source="E2" target="E1"/>
  <move id="425" source="G2" target="F2"/>
  <player id="1">Player 1</player>
  <player id="2">Player 2</player>
  <result type="3" winner="1"/>
 </game>
</stratego>