<?xml version="1.0" encoding="UTF-8"?>
<stratego>
 <game type="classic">
  
  <field content="EBBFMGBEDFJEFBIECGGBHGHEKHDDDIDDBILDJHDFAA__AA__AAAA__AA__AAPSWTUSPVRPPRURPSXPTSVQOUQPQTQRTNNQYPNNNN"/>
  <move id="1" source="F4" target="F7"/>
  <move id="2" source="E7" target="E6"/>
  <move id="3" source="F3" target="F4"/>
  <move id="4" source="E6" target="F6"/>
  <move id="5" source="F4" target="F5"/>
  <move id="6" source="F6" target="F5"/>
  <move id="7" source="E4" target="E5"/>
  <move id="8" source="F5" target="E5"/>
  <move id="9" source="E5" target="E6"/>
  <move id="10" source="A7" target="A4"/>
  <move id="11" source="D4" target="E4"/>
  <move id="12" source="B7" target="B6"/>
  <move id="13" source="E4" target="F4"/>
  <move id="14" source="B6" target="B5"/>
  <move id="15" source="F4" target="F5"/>
  <move id="16" source="B5" target="B4"/>
  <move id="17" source="F5" target="F6"/>
  <move id="18" source="A8" target="A3"/>
  <move id="19" source="A3" target="A4"/>
  <move id="20" source="B4" target="B3"/>
  <move id="21" source="B2" target="B3"/>
  <move id="22" source="A9" target="A8"/>
  <move id="23" source="B3" target="B4"/>
  <move id="24" source="A8" target="A7"/>
  <move id="25" source="B4" target="B5"/>
  <move id="26" source="A7" target="A6"/>
  <move id="27" source="B5" target="B6"/>
  <move id="28" source="A6" target="A5"/>
  <move id="29" source="A4" target="A3"/>
  <move id="30" source="A5" target="A4"/>
  <move id="31" source="B6" target="B7"/>
  <move id="32" source="A4" target="A3"/>
  <move id="33" source="B7" target="C7"/>
  <move id="34" source="B8" target="B7"/>
  <move id="35" source="D3" target="D4"/>
  <move id="36" source="B7" target="B6"/>
  <move id="37" source="E3" target="F3"/>
  <move id="38" source="A3" target="A4"/>
  <move id="39" source="E6" target="E5"/>
  <move id="40" source="B6" target="B5"/>
  <move id="41" source="E5" target="F5"/>
  <move id="42" source="B5" target="B4"/>
  <move id="43" source="F6" target="F7"/>
  <move id="44" source="B4" target="C4"/>
  <move id="45" source="F5" target="F6"/>
  <move id="46" source="A4" target="B4"/>
  <move id="47" source="D4" target="E4"/>
  <move id="48" source="B4" target="B3"/>
  <move id="49" source="E4" target="E5"/>
  <move id="50" source="B3" target="C3"/>
  <move id="51" source="E5" target="E6"/>
  <move id="52" source="C3" target="C2"/>
  <move id="53" source="E6" target="E7"/>
  <move id="54" source="B9" target="B8"/>
  <move id="55" source="E7" target="D7"/>
  <move id="56" source="B8" target="B7"/>
  <move id="57" source="F7" target="E7"/>
  <move id="58" source="B7" target="B6"/>
  <move id="59" source="F6" target="E6"/>
  <move id="60" source="B6" target="B5"/>
  <move id="61" source="E6" target="E5"/>
  <move id="62" source="B5" target="B4"/>
  <move id="63" source="E5" target="E4"/>
  <move id="64" source="B4" target="A4"/>
  <move id="65" source="E4" target="E3"/>
  <move id="66" source="C2" target="B2"/>
  <move id="67" source="E3" target="D3"/>
  <move id="68" source="A4" target="A3"/>
  <move id="69" source="D3" target="C3"/>
  <move id="70" source="A3" target="A2"/>
  <move id="71" source="A2" target="A3"/>
  <move id="72" source="B2" target="B1"/>
  <move id="73" source="C3" target="B3"/>
  <move id="74" source="G7" target="F7"/>
  <move id="75" source="B3" target="B4"/>
  <move id="76" source="F7" target="F6"/>
  <move id="77" source="B4" target="B5"/>
  <move id="78" source="F6" target="F5"/>
  <move id="79" source="B5" target="B6"/>
  <move id="80" source="C8" target="B8"/>
  <move id="81" source="B6" target="B7"/>
  <move id="82" source="C7" target="C8"/>
  <move id="83" source="B7" target="B8"/>
  <move id="84" source="H7" target="G7"/>
  <move id="85" source="E7" target="D7"/>
  <move id="86" source="G7" target="F7"/>
  <move id="87" source="A3" target="A4"/>
  <move id="88" source="F7" target="E7"/>
  <move id="89" source="D7" target="D8"/>
  <move id="90" source="C8" target="D8"/>
  <move id="91" source="A4" target="A5"/>
  <move id="92" source="E7" target="D7"/>
  <move id="93" source="A5" target="A6"/>
  <move id="94" source="D7" target="C7"/>
  <move id="95" source="A6" target="A7"/>
  <move id="96" source="D8" target="C8"/>
  <move id="97" source="A7" target="A8"/>
  <move id="98" source="F5" target="E5"/>
  <move id="99" source="A8" target="A9"/>
  <move id="100" source="E5" target="E4"/>
  <move id="101" source="A9" target="B9"/>
  <move id="102" source="E4" target="E2"/>
  <move id="103" source="F3" target="F4"/>
  <move id="104" source="C7" target="D7"/>
  <move id="105" source="G3" target="A3"/>
  <move id="106" source="D7" target="E7"/>
  <move id="107" source="A3" target="A:"/>
  <move id="108" source="E7" target="E6"/>
  <move id="109" source="H3" target="E3"/>
  <move id="110" source="E6" target="E5"/>
  <move id="111" source="E3" target="E5"/>
  <move id="112" source="E5" target="E4"/>
  <move id="113" source="F4" target="E4"/>
  <move id="114" source="F8" target="F7"/>
  <move id="115" source="B9" target="A9"/>
  <move id="116" source="F7" target="E7"/>
  <move id="117" source="A9" target="A:"/>
  <move id="118" source="E7" target="E6"/>
  <move id="119" source="A:" target="A9"/>
  <move id="120" source="E6" target="E5"/>
  <move id="121" source="E4" target="E5"/>
  <move id="122" source="G8" target="F8"/>
  <move id="123" source="I3" target="F3"/>
  <move id="124" source="E8" target="E7"/>
  <move id="125" source="F3" target="F8"/>
  <move id="126" source="F8" target="F7"/>
  <move id="127" source="E5" target="E6"/>
  <move id="128" source="E7" target="B7"/>
  <move id="129" source="B8" target="B7"/>
  <move id="130" source="F7" target="E7"/>
  <move id="131" source="E6" target="F6"/>
  <move id="132" source="E7" target="E6"/>
  <move id="133" source="F6" target="F7"/>
  <move id="134" source="E6" target="E5"/>
  <move id="135" source="G2" target="G3"/>
  <move id="136" source="E5" target="E4"/>
  <move id="137" source="G3" target="F3"/>
  <move id="138" source="E4" target="D4"/>
  <move id="139" source="E2" target="E3"/>
  <move id="140" source="D4" target="D3"/>
  <move id="141" source="A1" target="A2"/>
  <move id="142" source="D3" target="D2"/>
  <move id="143" source="A2" target="A3"/>
  <move id="144" source="F9" target="F7"/>
  <move id="145" source="A3" target="A4"/>
  <move id="146" source="F:" target="F7"/>
  <move id="147" source="A4" target="A5"/>
  <move id="148" source="K7" target="K4"/>
  <move id="149" source="B7" target="B8"/>
  <move id="150" source="H8" target="D8"/>
  <move id="151" source="B8" target="C8"/>
  <move id="152" source="C9" target="C8"/>
  <move id="153" source="A9" target="B9"/>
  <move id="154" source="D8" target="D7"/>
  <move id="155" source="B9" target="B:"/>
  <move id="156" source="D7" target="B7"/>
  <move id="157" source="A5" target="B5"/>
  <move id="158" source="B7" target="A7"/>
  <move id="159" source="B5" target="A5"/>
  <move id="160" source="A7" target="B7"/>
  <move id="161" source="A5" target="B5"/>
  <move id="162" source="B7" target="B9"/>
  <move id="163" source="B5" target="B6"/>
  <move id="164" source="B9" target="A9"/>
  <move id="165" source="B6" target="A6"/>
  <move id="166" source="A9" target="B9"/>
  <move id="167" source="A6" target="B6"/>
  <move id="168" source="C8" target="C7"/>
  <move id="169" source="B6" target="B7"/>
  <move id="170" source="C7" target="D7"/>
  <move id="171" source="B7" target="B8"/>
  <move id="172" source="B9" target="A9"/>
  <move id="173" source="B8" target="A8"/>
  <move id="174" source="A9" target="B9"/>
  <move id="175" source="A8" target="B8"/>
  <move id="176" source="B9" target="C9"/>
  <move id="177" source="B8" target="B9"/>
  <move id="178" source="C9" target="C8"/>
  <move id="179" source="B9" target="B:"/>
  <move id="180" source="C8" target="B8"/>
  <move id="181" source="B:" target="C:"/>
  <move id="182" source="B8" target="B1"/>
  <move id="183" source="C:" target="D:"/>
  <move id="184" source="D7" target="C7"/>
  <move id="185" source="I4" target="I7"/>
  <move id="186" source="C7" target="B7"/>
  <move id="187" source="E3" target="E4"/>
  <move id="188" source="B7" target="B6"/>
  <move id="189" source="E4" target="E5"/>
  <move id="190" source="B6" target="B5"/>
  <move id="191" source="E5" target="E6"/>
  <move id="192" source="B5" target="B4"/>
  <move id="193" source="E6" target="E7"/>
  <move id="194" source="B4" target="B3"/>
  <move id="195" source="E7" target="E8"/>
  <move id="196" source="B3" target="C3"/>
  <move id="197" source="E8" target="D8"/>
  <move id="198" source="C3" target="C2"/>
  <move id="199" source="K4" target="K5"/>
  <player id="1">Player 1</player>
  <player id="2">Player 2</player>
  <result type="3" winner="1"/>
 </game>
</stratego>