<?xml version="1.0" encoding="UTF-8"?>
<stratego>
 <game type="classic">
  
  <field content="MBEDDEEDEFBIJBIJCFBBHFLGHDKBGEGDIHFDHGDDAA__AA__AAAA__AA__AAPTUSPPRNPPQWXVPRNRPNQUONUPVNQRTTNYQQTSSS"/>
  <move id="1" source="E4" target="E5"/>
  <move id="2" source="B7" target="B6"/>
  <move id="3" source="F4" target="F7"/>
  <move id="4" source="B6" target="B5"/>
  <move id="5" source="E5" target="E6"/>
  <move id="6" source="A7" target="A6"/>
  <move id="7" source="B4" target="B5"/>
  <move id="8" source="A6" target="A4"/>
  <move id="9" source="F3" target="F4"/>
  <move id="10" source="A8" target="A7"/>
  <move id="11" source="D4" target="E4"/>
  <move id="12" source="A7" target="A6"/>
  <move id="13" source="A4" target="B4"/>
  <move id="14" source="B5" target="B4"/>
  <move id="15" source="C4" target="B4"/>
  <move id="16" source="A6" target="A5"/>
  <move id="17" source="B4" target="C4"/>
  <move id="18" source="A5" target="A4"/>
  <move id="19" source="C4" target="D4"/>
  <move id="20" source="A4" target="B4"/>
  <move id="21" source="F4" target="F5"/>
  <move id="22" source="B4" target="C4"/>
  <move id="23" source="C3" target="C4"/>
  <move id="24" source="E7" target="E6"/>
  <move id="25" source="F5" target="F6"/>
  <move id="26" source="D7" target="E7"/>
  <move id="27" source="E6" target="E5"/>
  <move id="28" source="C7" target="B7"/>
  <move id="29" source="B3" target="B4"/>
  <move id="30" source="B7" target="A7"/>
  <move id="31" source="B4" target="B5"/>
  <move id="32" source="C8" target="C7"/>
  <move id="33" source="D3" target="C3"/>
  <move id="34" source="B8" target="C8"/>
  <move id="35" source="C3" target="B3"/>
  <move id="36" source="C7" target="B7"/>
  <move id="37" source="B3" target="B4"/>
  <move id="38" source="A7" target="A8"/>
  <move id="39" source="B4" target="A4"/>
  <move id="40" source="A8" target="B8"/>
  <move id="41" source="E5" target="F5"/>
  <move id="42" source="C8" target="C7"/>
  <move id="43" source="F6" target="F7"/>
  <move id="44" source="C7" target="D7"/>
  <move id="45" source="F5" target="F6"/>
  <move id="46" source="E7" target="E6"/>
  <move id="47" source="F7" target="D7"/>
  <move id="48" source="E6" target="F6"/>
  <move id="49" source="E4" target="E5"/>
  <move id="50" source="D7" target="E7"/>
  <move id="51" source="D4" target="D3"/>
  <move id="52" source="E7" target="E6"/>
  <move id="53" source="E5" target="F5"/>
  <move id="54" source="F6" target="F5"/>
  <move id="55" source="B5" target="B6"/>
  <move id="56" source="B7" target="C7"/>
  <move id="57" source="C4" target="D4"/>
  <move id="58" source="E6" target="E5"/>
  <move id="59" source="F5" target="F4"/>
  <move id="60" source="E5" target="F5"/>
  <move id="61" source="D4" target="E4"/>
  <move id="62" source="C7" target="B7"/>
  <move id="63" source="F4" target="F3"/>
  <move id="64" source="B7" target="B6"/>
  <move id="65" source="I4" target="I7"/>
  <move id="66" source="B6" target="B5"/>
  <move id="67" source="H4" target="I4"/>
  <move id="68" source="B5" target="A5"/>
  <move id="69" source="A4" target="B4"/>
  <move id="70" source="E8" target="E7"/>
  <move id="71" source="G4" target="H4"/>
  <move id="72" source="E7" target="E6"/>
  <move id="73" source="G3" target="G4"/>
  <move id="74" source="E6" target="E5"/>
  <move id="75" source="E4" target="E5"/>
  <move id="76" source="F5" target="F4"/>
  <move id="77" source="G4" target="F4"/>
  <move id="78" source="A5" target="B5"/>
  <move id="79" source="B4" target="C4"/>
  <move id="80" source="B5" target="B4"/>
  <move id="81" source="C4" target="C3"/>
  <move id="82" source="A9" target="A8"/>
  <move id="83" source="E5" target="E4"/>
  <move id="84" source="A8" target="A7"/>
  <move id="85" source="E4" target="D4"/>
  <move id="86" source="A7" target="A6"/>
  <move id="87" source="E3" target="E4"/>
  <move id="88" source="A6" target="A5"/>
  <move id="89" source="D3" target="E3"/>
  <move id="90" source="A5" target="A4"/>
  <move id="91" source="C3" target="D3"/>
  <move id="92" source="A4" target="A3"/>
  <move id="93" source="D4" target="C4"/>
  <move id="94" source="D8" target="D7"/>
  <move id="95" source="C4" target="B4"/>
  <move id="96" source="D7" target="E7"/>
  <move id="97" source="F3" target="G3"/>
  <move id="98" source="E7" target="E6"/>
  <move id="99" source="F2" target="F3"/>
  <move id="100" source="E6" target="E5"/>
  <move id="101" source="E4" target="D4"/>
  <move id="102" source="F8" target="E8"/>
  <move id="103" source="F3" target="F4"/>
  <move id="104" source="F9" target="F4"/>
  <move id="105" source="C2" target="C3"/>
  <move id="106" source="G9" target="F9"/>
  <move id="107" source="C3" target="C4"/>
  <move id="108" source="F9" target="F8"/>
  <move id="109" source="D3" target="C3"/>
  <move id="110" source="F8" target="F7"/>
  <move id="111" source="C3" target="B3"/>
  <move id="112" source="F7" target="E7"/>
  <move id="113" source="D4" target="D3"/>
  <move id="114" source="E7" target="D7"/>
  <move id="115" source="C4" target="B4"/>
  <move id="116" source="D7" target="C7"/>
  <move id="117" source="B4" target="B5"/>
  <move id="118" source="C7" target="B7"/>
  <move id="119" source="B5" target="B6"/>
  <move id="120" source="B8" target="A8"/>
  <move id="121" source="D3" target="C3"/>
  <move id="122" source="B7" target="B6"/>
  <move id="123" source="G2" target="F2"/>
  <move id="124" source="A8" target="A7"/>
  <move id="125" source="F4" target="E4"/>
  <move id="126" source="A7" target="A6"/>
  <move id="127" source="E4" target="E5"/>
  <move id="128" source="A6" target="A5"/>
  <move id="129" source="B3" target="B4"/>
  <move id="130" source="B9" target="B8"/>
  <move id="131" source="C3" target="D3"/>
  <move id="132" source="B8" target="B7"/>
  <move id="133" source="A3" target="B3"/>
  <move id="134" source="B7" target="B6"/>
  <move id="135" source="B3" target="C3"/>
  <move id="136" source="B6" target="B5"/>
  <move id="137" source="B4" target="A4"/>
  <move id="138" source="B5" target="B4"/>
  <move id="139" source="A4" target="A5"/>
  <move id="140" source="B4" target="C4"/>
  <move id="141" source="C3" target="C2"/>
  <move id="142" source="A5" target="A4"/>
  <move id="143" source="B2" target="B3"/>
  <move id="144" source="A4" target="A3"/>
  <move id="145" source="E3" target="E4"/>
  <move id="146" source="A3" target="B3"/>
  <move id="147" source="D3" target="E3"/>
  <move id="148" source="C4" target="C3"/>
  <move id="149" source="C2" target="B2"/>
  <move id="150" source="E8" target="D8"/>
  <move id="151" source="E4" target="D4"/>
  <move id="152" source="E9" target="E8"/>
  <move id="153" source="E3" target="F3"/>
  <move id="154" source="E8" target="E7"/>
  <move id="155" source="E2" target="E3"/>
  <move id="156" source="E7" target="D7"/>
  <move id="157" source="D4" target="C4"/>
  <move id="158" source="C3" target="B3"/>
  <move id="159" source="B2" target="C2"/>
  <move id="160" source="D7" target="E7"/>
  <move id="161" source="E3" target="D3"/>
  <move id="162" source="E7" target="E6"/>
  <move id="163" source="D3" target="D4"/>
  <move id="164" source="E6" target="E5"/>
  <move id="165" source="D4" target="E4"/>
  <move id="166" source="E5" target="F5"/>
  <move id="167" source="K4" target="K5"/>
  <move id="168" source="B3" target="C3"/>
  <move id="169" source="C4" target="C3"/>
  <move id="170" source="F5" target="F4"/>
  <move id="171" source="E4" target="F4"/>
  <move id="172" source="C9" target="C8"/>
  <move id="173" source="C2" target="C3"/>
  <move id="174" source="C8" target="C7"/>
  <move id="175" source="F3" target="F4"/>
  <move id="176" source="C7" target="B7"/>
  <move id="177" source="F4" target="F5"/>
  <move id="178" source="B7" target="B6"/>
  <move id="179" source="C3" target="C4"/>
  <move id="180" source="B6" target="B5"/>
  <move id="181" source="G3" target="F3"/>
  <move id="182" source="A:" target="A9"/>
  <move id="183" source="F3" target="E3"/>
  <move id="184" source="A9" target="A8"/>
  <move id="185" source="E3" target="D3"/>
  <move id="186" source="A8" target="A7"/>
  <move id="187" source="D3" target="C3"/>
  <move id="188" source="A7" target="A6"/>
  <move id="189" source="C3" target="B3"/>
  <move id="190" source="A6" target="A5"/>
  <move id="191" source="B3" target="A3"/>
  <move id="192" source="B:" target="B9"/>
  <move id="193" source="H4" target="G4"/>
  <move id="194" source="B9" target="B8"/>
  <move id="195" source="F5" target="E5"/>
  <move id="196" source="B8" target="B7"/>
  <move id="197" source="G4" target="F4"/>
  <move id="198" source="B7" target="B6"/>
  <move id="199" source="F4" target="E4"/>
  <move id="200" source="G:" target="G9"/>
  <move id="201" source="E4" target="D4"/>
  <move id="202" source="G9" target="F9"/>
  <move id="203" source="E5" target="E6"/>
  <move id="204" source="F9" target="F8"/>
  <move id="205" source="E6" target="E7"/>
  <move id="206" source="F8" target="F7"/>
  <move id="207" source="E7" target="D7"/>
  <move id="208" source="D8" target="E8"/>
  <move id="209" source="D7" target="D8"/>
  <move id="210" source="E8" target="D8"/>
  <move id="211" source="D8" target="C8"/>
  <move id="212" source="B6" target="B7"/>
  <move id="213" source="D4" target="D3"/>
  <move id="214" source="A5" target="A4"/>
  <move id="215" source="C4" target="B4"/>
  <move id="216" source="A4" target="A3"/>
  <move id="217" source="B4" target="B5"/>
  <move id="218" source="I8" target="I4"/>
  <move id="219" source="B5" target="B6"/>
  <move id="220" source="F7" target="F6"/>
  <move id="221" source="D3" target="E3"/>
  <move id="222" source="F6" target="F5"/>
  <move id="223" source="E3" target="F3"/>
  <move id="224" source="B7" target="B6"/>
  <move id="225" source="C8" target="C7"/>
  <move id="226" source="F5" target="F4"/>
  <move id="227" source="F3" target="F4"/>
  <move id="228" source="I9" target="I8"/>
  <move id="229" source="E1" target="E:"/>
  <move id="230" source="I8" target="I7"/>
  <move id="231" source="I4" target="H4"/>
  <move id="232" source="I7" target="I6"/>
  <move id="233" source="H4" target="G4"/>
  <move id="234" source="I6" target="K6"/>
  <move id="235" source="K5" target="I5"/>
  <move id="236" source="H:" target="G:"/>
  <move id="237" source="I5" target="I:"/>
  <move id="238" source="G:" target="G9"/>
  <move id="239" source="C7" target="D7"/>
  <move id="240" source="G9" target="F9"/>
  <move id="241" source="D7" target="D8"/>
  <move id="242" source="F9" target="F8"/>
  <move id="243" source="D8" target="E8"/>
  <move id="244" source="F8" target="F7"/>
  <move id="245" source="E8" target="E9"/>
  <move id="246" source="I:" target="I9"/>
  <move id="247" source="E9" target="E:"/>
  <move id="248" source="I9" target="I8"/>
  <move id="249" source="E:" target="E9"/>
  <move id="250" source="I8" target="I7"/>
  <move id="251" source="E9" target="E8"/>
  <move id="252" source="I7" target="I6"/>
  <move id="253" source="E8" target="E7"/>
  <move id="254" source="F7" target="F6"/>
  <move id="255" source="E7" target="E6"/>
  <move id="256" source="F6" target="F5"/>
  <move id="257" source="F1" target="E1"/>
  <move id="258" source="I6" target="I5"/>
  <move id="259" source="E1" target="E2"/>
  <move id="260" source="I5" target="I4"/>
  <move id="261" source="E2" target="E3"/>
  <move id="262" source="K6" target="K5"/>
  <move id="263" source="E3" target="E4"/>
  <move id="264" source="K5" target="I5"/>
  <move id="265" source="E4" target="D4"/>
  <move id="266" source="K7" target="K3"/>
  <move id="267" source="E6" target="E5"/>
  <move id="268" source="F5" target="F6"/>
  <move id="269" source="D4" target="C4"/>
  <move id="270" source="I4" target="K4"/>
  <move id="271" source="I3" target="I4"/>
  <move id="272" source="K4" target="I4"/>
  <move id="273" source="G4" target="H4"/>
  <move id="274" source="K:" target="I:"/>
  <move id="275" source="C4" target="B4"/>
  <move id="276" source="I:" target="H:"/>
  <move id="277" source="B4" target="B5"/>
  <move id="278" source="H:" target="G:"/>
  <move id="279" source="B5" target="B6"/>
  <move id="280" source="G:" target="G9"/>
  <move id="281" source="B6" target="B7"/>
  <move id="282" source="G9" target="F9"/>
  <move id="283" source="B7" target="B8"/>
  <move id="284" source="F9" target="E9"/>
  <move id="285" source="B8" target="B9"/>
  <move id="286" source="E9" target="E8"/>
  <move id="287" source="B9" target="B:"/>
  <move id="288" source="E8" target="D8"/>
  <move id="289" source="B:" target="C:"/>
  <move id="290" source="I5" target="K5"/>
  <move id="291" source="C:" target="D:"/>
  <player id="1">Player 1</player>
  <player id="2">Player 2</player>
  <result type="1" winner="1"/>
 </game>
</stratego>