<?xml version="1.0" encoding="UTF-8"?>
<stratego>
 <game type="classic">
  
  <field content="FGFBBFMFBBEEICIBEGEEJDLIDBKDGDHDDHDGHHJDAA__AA__AAAA__AA__AATRUNRTTWUVRXNRNPPSQQSSUPSVQNPOPTPPPQNYNQ"/>
  <move id="1" source="I4" target="I5"/>
  <move id="2" source="A7" target="A6"/>
  <move id="3" source="I3" target="I4"/>
  <move id="4" source="A6" target="B6"/>
  <move id="5" source="I5" target="I6"/>
  <move id="6" source="B6" target="B5"/>
  <move id="7" source="I4" target="I5"/>
  <move id="8" source="K7" target="K6"/>
  <move id="9" source="H3" target="I3"/>
  <move id="10" source="K6" target="I6"/>
  <move id="11" source="I3" target="H3"/>
  <move id="12" source="K8" target="K7"/>
  <move id="13" source="K3" target="I3"/>
  <move id="14" source="K7" target="K6"/>
  <move id="15" source="I3" target="I4"/>
  <move id="16" source="K9" target="K8"/>
  <move id="17" source="E4" target="E5"/>
  <move id="18" source="K8" target="K7"/>
  <move id="19" source="E3" target="E4"/>
  <move id="20" source="I9" target="K9"/>
  <move id="21" source="E5" target="F5"/>
  <move id="22" source="I8" target="K8"/>
  <move id="23" source="E4" target="E5"/>
  <move id="24" source="H8" target="I8"/>
  <move id="25" source="F5" target="F6"/>
  <move id="26" source="A8" target="A7"/>
  <move id="27" source="E5" target="E6"/>
  <move id="28" source="A7" target="A6"/>
  <move id="29" source="D3" target="E3"/>
  <move id="30" source="A6" target="A5"/>
  <move id="31" source="E3" target="E4"/>
  <move id="32" source="B8" target="A8"/>
  <move id="33" source="E4" target="E5"/>
  <move id="34" source="A8" target="A7"/>
  <move id="35" source="E5" target="F5"/>
  <move id="36" source="A7" target="A6"/>
  <move id="37" source="F4" target="E4"/>
  <move id="38" source="A5" target="A4"/>
  <move id="39" source="E4" target="E3"/>
  <move id="40" source="A6" target="A5"/>
  <move id="41" source="G4" target="F4"/>
  <move id="42" source="B9" target="B8"/>
  <move id="43" source="F4" target="E4"/>
  <move id="44" source="B8" target="A8"/>
  <move id="45" source="E4" target="E5"/>
  <move id="46" source="A8" target="A7"/>
  <move id="47" source="E6" target="E7"/>
  <move id="48" source="A7" target="A6"/>
  <move id="49" source="F6" target="E6"/>
  <move id="50" source="A6" target="B6"/>
  <move id="51" source="F5" target="F6"/>
  <move id="52" source="C9" target="B9"/>
  <move id="53" source="E5" target="F5"/>
  <move id="54" source="B9" target="B8"/>
  <move id="55" source="E3" target="E4"/>
  <move id="56" source="B8" target="A8"/>
  <move id="57" source="E4" target="E5"/>
  <move id="58" source="A8" target="A7"/>
  <move id="59" source="F5" target="F4"/>
  <move id="60" source="A7" target="A6"/>
  <move id="61" source="F6" target="F5"/>
  <move id="62" source="B7" target="B8"/>
  <move id="63" source="E6" target="F6"/>
  <move id="64" source="B6" target="B7"/>
  <move id="65" source="E5" target="E6"/>
  <move id="66" source="B5" target="B6"/>
  <move id="67" source="F5" target="E5"/>
  <move id="68" source="A5" target="B5"/>
  <move id="69" source="E6" target="E7"/>
  <move id="70" source="A6" target="A5"/>
  <move id="71" source="E7" target="D7"/>
  <move id="72" source="A5" target="A4"/>
  <move id="73" source="B4" target="B5"/>
  <move id="74" source="B5" target="B4"/>
  <move id="75" source="F6" target="F7"/>
  <move id="76" source="K6" target="I6"/>
  <move id="77" source="F4" target="E4"/>
  <move id="78" source="I6" target="I5"/>
  <move id="79" source="E4" target="E3"/>
  <move id="80" source="I7" target="I6"/>
  <move id="81" source="G3" target="G4"/>
  <move id="82" source="I6" target="K6"/>
  <move id="83" source="G4" target="F4"/>
  <move id="84" source="H7" target="I7"/>
  <move id="85" source="H3" target="G3"/>
  <move id="86" source="I7" target="I6"/>
  <move id="87" source="G3" target="G4"/>
  <move id="88" source="K6" target="K5"/>
  <move id="89" source="E5" target="E4"/>
  <move id="90" source="K5" target="I5"/>
  <move id="91" source="F4" target="F5"/>
  <move id="92" source="I5" target="K5"/>
  <move id="93" source="F5" target="F6"/>
  <move id="94" source="K5" target="K4"/>
  <move id="95" source="F6" target="F7"/>
  <move id="96" source="G7" target="H7"/>
  <move id="97" source="G4" target="F4"/>
  <move id="98" source="H7" target="H8"/>
  <move id="99" source="F7" target="G7"/>
  <move id="100" source="I6" target="I7"/>
  <move id="101" source="F4" target="F8"/>
  <move id="102" source="I7" target="H7"/>
  <move id="103" source="G7" target="F7"/>
  <move id="104" source="H7" target="G7"/>
  <move id="105" source="F7" target="E7"/>
  <move id="106" source="G7" target="F7"/>
  <move id="107" source="E7" target="E6"/>
  <move id="108" source="G8" target="G7"/>
  <move id="109" source="E4" target="F4"/>
  <move id="110" source="F7" target="E7"/>
  <move id="111" source="E6" target="F6"/>
  <move id="112" source="A4" target="A5"/>
  <move id="113" source="F4" target="G4"/>
  <move id="114" source="A5" target="B5"/>
  <move id="115" source="G4" target="G3"/>
  <move id="116" source="K4" target="K5"/>
  <move id="117" source="E3" target="E4"/>
  <move id="118" source="I8" target="I7"/>
  <move id="119" source="G3" target="H3"/>
  <move id="120" source="I7" target="H7"/>
  <move id="121" source="E4" target="F4"/>
  <move id="122" source="K8" target="I8"/>
  <move id="123" source="F4" target="G4"/>
  <move id="124" source="I8" target="I7"/>
  <move id="125" source="G4" target="F4"/>
  <move id="126" source="I7" target="I6"/>
  <move id="127" source="F4" target="E4"/>
  <move id="128" source="E7" target="F7"/>
  <move id="129" source="F6" target="E6"/>
  <move id="130" source="H8" target="I8"/>
  <move id="131" source="D4" target="D3"/>
  <move id="132" source="I8" target="I9"/>
  <move id="133" source="D3" target="E3"/>
  <move id="134" source="F9" target="F8"/>
  <move id="135" source="E4" target="D4"/>
  <move id="136" source="F8" target="G8"/>
  <move id="137" source="E3" target="E4"/>
  <move id="138" source="G8" target="H8"/>
  <move id="139" source="E4" target="F4"/>
  <move id="140" source="H8" target="I8"/>
  <move id="141" source="F4" target="F5"/>
  <move id="142" source="I8" target="I7"/>
  <move id="143" source="H3" target="G3"/>
  <move id="144" source="F7" target="E7"/>
  <move id="145" source="E6" target="F6"/>
  <move id="146" source="I6" target="K6"/>
  <move id="147" source="G3" target="G4"/>
  <move id="148" source="I7" target="I6"/>
  <move id="149" source="G4" target="F4"/>
  <move id="150" source="I6" target="I5"/>
  <move id="151" source="F4" target="E4"/>
  <move id="152" source="I5" target="I4"/>
  <move id="153" source="E4" target="E3"/>
  <move id="154" source="K6" target="I6"/>
  <move id="155" source="F5" target="E5"/>
  <move id="156" source="K5" target="K4"/>
  <move id="157" source="F6" target="F5"/>
  <move id="158" source="K4" target="K5"/>
  <move id="159" source="F5" target="F4"/>
  <move id="160" source="I6" target="I5"/>
  <move id="161" source="F4" target="G4"/>
  <move id="162" source="K5" target="K6"/>
  <move id="163" source="G4" target="G3"/>
  <move id="164" source="I4" target="K4"/>
  <move id="165" source="G3" target="H3"/>
  <move id="166" source="K6" target="I6"/>
  <move id="167" source="H3" target="I3"/>
  <move id="168" source="K7" target="K6"/>
  <move id="169" source="I3" target="I4"/>
  <move id="170" source="K4" target="K5"/>
  <move id="171" source="I4" target="K4"/>
  <move id="172" source="I6" target="I7"/>
  <move id="173" source="K4" target="K5"/>
  <move id="174" source="K6" target="K7"/>
  <move id="175" source="K5" target="I5"/>
  <move id="176" source="I7" target="I8"/>
  <move id="177" source="I5" target="K5"/>
  <move id="178" source="I8" target="H8"/>
  <move id="179" source="K5" target="K6"/>
  <move id="180" source="K7" target="I7"/>
  <move id="181" source="K6" target="I6"/>
  <move id="182" source="I7" target="K7"/>
  <move id="183" source="I6" target="K6"/>
  <move id="184" source="K7" target="I7"/>
  <move id="185" source="K6" target="I6"/>
  <move id="186" source="I7" target="K7"/>
  <move id="187" source="I6" target="K6"/>
  <move id="188" source="K7" target="I7"/>
  <move id="189" source="K6" target="I6"/>
  <move id="190" source="I7" target="I8"/>
  <move id="191" source="I6" target="I7"/>
  <move id="192" source="I8" target="K8"/>
  <move id="193" source="I7" target="K7"/>
  <move id="194" source="G7" target="F7"/>
  <move id="195" source="K7" target="K8"/>
  <move id="196" source="F7" target="F5"/>
  <move id="197" source="E5" target="E4"/>
  <move id="198" source="A9" target="B9"/>
  <move id="199" source="K8" target="K9"/>
  <move id="200" source="I9" target="I8"/>
  <move id="201" source="K9" target="K8"/>
  <move id="202" source="I8" target="I7"/>
  <move id="203" source="K8" target="I8"/>
  <move id="204" source="I7" target="I6"/>
  <move id="205" source="I8" target="H8"/>
  <move id="206" source="I6" target="I5"/>
  <move id="207" source="H8" target="I8"/>
  <move id="208" source="I5" target="I4"/>
  <move id="209" source="I8" target="I7"/>
  <move id="210" source="A:" target="A3"/>
  <move id="211" source="B3" target="B4"/>
  <move id="212" source="B4" target="A4"/>
  <move id="213" source="A3" target="B3"/>
  <move id="214" source="E7" target="F7"/>
  <move id="215" source="I7" target="K7"/>
  <move id="216" source="F7" target="G7"/>
  <move id="217" source="K7" target="I7"/>
  <move id="218" source="H7" target="H8"/>
  <move id="219" source="I7" target="I8"/>
  <move id="220" source="H8" target="G8"/>
  <move id="221" source="I8" target="H8"/>
  <move id="222" source="G8" target="F8"/>
  <move id="223" source="D4" target="D3"/>
  <move id="224" source="A4" target="B4"/>
  <move id="225" source="B3" target="A3"/>
  <move id="226" source="B4" target="A4"/>
  <move id="227" source="A3" target="B3"/>
  <move id="228" source="G7" target="G8"/>
  <move id="229" source="H8" target="H7"/>
  <move id="230" source="F5" target="F4"/>
  <move id="231" source="E4" target="E5"/>
  <move id="232" source="F4" target="F5"/>
  <move id="233" source="E5" target="E4"/>
  <move id="234" source="F8" target="F7"/>
  <move id="235" source="E4" target="D4"/>
  <move id="236" source="F5" target="F4"/>
  <move id="237" source="E3" target="E4"/>
  <move id="238" source="F4" target="G4"/>
  <move id="239" source="E4" target="F4"/>
  <move id="240" source="G4" target="G3"/>
  <move id="241" source="F4" target="G4"/>
  <move id="242" source="G3" target="I3"/>
  <move id="243" source="G4" target="G3"/>
  <move id="244" source="I3" target="I2"/>
  <move id="245" source="D3" target="E3"/>
  <move id="246" source="F7" target="F6"/>
  <move id="247" source="D4" target="E4"/>
  <move id="248" source="G8" target="G7"/>
  <move id="249" source="H7" target="I7"/>
  <move id="250" source="I4" target="I3"/>
  <move id="251" source="I7" target="I6"/>
  <move id="252" source="F6" target="F5"/>
  <move id="253" source="I6" target="I5"/>
  <move id="254" source="F5" target="E5"/>
  <move id="255" source="E4" target="D4"/>
  <move id="256" source="G7" target="F7"/>
  <move id="257" source="I5" target="I4"/>
  <move id="258" source="I3" target="I2"/>
  <move id="259" source="G3" target="H3"/>
  <move id="260" source="F7" target="F6"/>
  <move id="261" source="I4" target="I3"/>
  <move id="262" source="I2" target="I1"/>
  <move id="263" source="I3" target="I2"/>
  <move id="264" source="E5" target="E4"/>
  <move id="265" source="E3" target="E4"/>
  <move id="266" source="F6" target="F5"/>
  <move id="267" source="E4" target="E3"/>
  <move id="268" source="F5" target="F4"/>
  <move id="269" source="D4" target="E4"/>
  <move id="270" source="F4" target="G4"/>
  <move id="271" source="H3" target="I3"/>
  <move id="272" source="G4" target="G3"/>
  <move id="273" source="I3" target="K3"/>
  <move id="274" source="G3" target="H3"/>
  <move id="275" source="K3" target="K4"/>
  <move id="276" source="H3" target="I3"/>
  <move id="277" source="I2" target="I3"/>
  <move id="278" source="B5" target="B4"/>
  <move id="279" source="E4" target="F4"/>
  <move id="280" source="B4" target="C4"/>
  <move id="281" source="C3" target="C4"/>
  <move id="282" source="B6" target="A6"/>
  <move id="283" source="E3" target="D3"/>
  <move id="284" source="A6" target="A7"/>
  <move id="285" source="E2" target="E3"/>
  <move id="286" source="A7" target="A8"/>
  <move id="287" source="E3" target="E4"/>
  <move id="288" source="A8" target="A9"/>
  <move id="289" source="E4" target="E5"/>
  <move id="290" source="A9" target="A:"/>
  <move id="291" source="E5" target="E6"/>
  <move id="292" source="B8" target="A8"/>
  <move id="293" source="K4" target="K5"/>
  <move id="294" source="A8" target="A7"/>
  <move id="295" source="K5" target="K6"/>
  <move id="296" source="A7" target="A6"/>
  <move id="297" source="K6" target="K7"/>
  <move id="298" source="A6" target="A5"/>
  <move id="299" source="H4" target="H3"/>
  <move id="300" source="A5" target="B5"/>
  <move id="301" source="D3" target="E3"/>
  <move id="302" source="B7" target="A7"/>
  <move id="303" source="B3" target="C3"/>
  <move id="304" source="C7" target="B7"/>
  <move id="305" source="C4" target="B4"/>
  <move id="306" source="A4" target="B4"/>
  <move id="307" source="C3" target="C4"/>
  <move id="308" source="B7" target="B6"/>
  <move id="309" source="C4" target="B4"/>
  <move id="310" source="B5" target="A5"/>
  <move id="311" source="B4" target="A4"/>
  <move id="312" source="B6" target="B5"/>
  <move id="313" source="C2" target="C3"/>
  <move id="314" source="A7" target="B7"/>
  <move id="315" source="C3" target="C4"/>
  <move id="316" source="B7" target="C7"/>
  <move id="317" source="A4" target="A5"/>
  <move id="318" source="B5" target="B4"/>
  <move id="319" source="C4" target="B4"/>
  <move id="320" source="A:" target="A9"/>
  <move id="321" source="A5" target="A6"/>
  <move id="322" source="A9" target="A8"/>
  <move id="323" source="A6" target="A7"/>
  <move id="324" source="A8" target="A9"/>
  <move id="325" source="E6" target="E7"/>
  <move id="326" source="E9" target="F9"/>
  <move id="327" source="F4" target="F5"/>
  <move id="328" source="F9" target="F8"/>
  <move id="329" source="F5" target="F6"/>
  <move id="330" source="F8" target="G8"/>
  <move id="331" source="F6" target="F7"/>
  <move id="332" source="G8" target="H8"/>
  <move id="333" source="H3" target="I3"/>
  <move id="334" source="H8" target="I8"/>
  <move id="335" source="I3" target="I4"/>
  <move id="336" source="D9" target="E9"/>
  <move id="337" source="I4" target="I5"/>
  <move id="338" source="E9" target="F9"/>
  <move id="339" source="I5" target="I6"/>
  <move id="340" source="I8" target="K8"/>
  <move id="341" source="K7" target="K8"/>
  <move id="342" source="G9" target="G8"/>
  <move id="343" source="K8" target="K7"/>
  <move id="344" source="G8" target="H8"/>
  <move id="345" source="E3" target="E4"/>
  <move id="346" source="H8" target="H7"/>
  <move id="347" source="E4" target="F4"/>
  <move id="348" source="F9" target="F8"/>
  <move id="349" source="F7" target="F8"/>
  <move id="350" source="B9" target="B8"/>
  <move id="351" source="F4" target="F5"/>
  <move id="352" source="A9" target="B9"/>
  <move id="353" source="F5" target="F6"/>
  <move id="354" source="B9" target="C9"/>
  <move id="355" source="E7" target="F7"/>
  <move id="356" source="C9" target="D9"/>
  <move id="357" source="F7" target="G7"/>
  <move id="358" source="D9" target="E9"/>
  <move id="359" source="G7" target="H7"/>
  <move id="360" source="E9" target="F9"/>
  <move id="361" source="H7" target="G7"/>
  <move id="362" source="F9" target="F8"/>
  <move id="363" source="G7" target="F7"/>
  <move id="364" source="B8" target="B9"/>
  <move id="365" source="F7" target="E7"/>
  <move id="366" source="B9" target="C9"/>
  <move id="367" source="F6" target="F7"/>
  <move id="368" source="C9" target="D9"/>
  <move id="369" source="F7" target="F8"/>
  <player id="1">Player 1</player>
  <player id="2">Player 2</player>
  <result type="3" winner="1"/>
 </game>
</stratego>