<?xml version="1.0" encoding="UTF-8"?>
<stratego>
 <game type="classic">
  
  <field content="EEBFMFBDEEDIHBFBGDIDJDEBLBCHDJHGDIFGKDGHAA__AA__AAAA__AA__AAUQPTTSPUTVVPPRXPQNSNTRWOPQNRNPYQUPNSSNRQ"/>
  <move id="1" source="I4" target="I5"/>
  <move id="2" source="I7" target="I6"/>
  <move id="3" source="K4" target="K5"/>
  <move id="4" source="K7" target="K6"/>
  <move id="5" source="I5" target="I6"/>
  <move id="6" source="K6" target="K5"/>
  <move id="7" source="A4" target="A5"/>
  <move id="8" source="F7" target="F6"/>
  <move id="9" source="B4" target="B5"/>
  <move id="10" source="F6" target="F5"/>
  <move id="11" source="K3" target="K4"/>
  <move id="12" source="K5" target="K6"/>
  <move id="13" source="K4" target="K5"/>
  <move id="14" source="K6" target="K7"/>
  <move id="15" source="K5" target="K6"/>
  <move id="16" source="I6" target="I5"/>
  <move id="17" source="K6" target="K5"/>
  <move id="18" source="I5" target="I4"/>
  <move id="19" source="K5" target="K4"/>
  <move id="20" source="I4" target="H4"/>
  <move id="21" source="G4" target="H4"/>
  <move id="22" source="G7" target="F7"/>
  <move id="23" source="F4" target="F5"/>
  <move id="24" source="F7" target="F6"/>
  <move id="25" source="H4" target="G4"/>
  <move id="26" source="F6" target="E6"/>
  <move id="27" source="B5" target="B6"/>
  <move id="28" source="F8" target="F7"/>
  <move id="29" source="B6" target="B7"/>
  <move id="30" source="A7" target="B7"/>
  <move id="31" source="E4" target="E5"/>
  <move id="32" source="E6" target="F6"/>
  <move id="33" source="E5" target="E6"/>
  <move id="34" source="F6" target="F3"/>
  <move id="35" source="E6" target="E7"/>
  <move id="36" source="F7" target="F6"/>
  <move id="37" source="G4" target="F4"/>
  <move id="38" source="E8" target="F8"/>
  <move id="39" source="A5" target="A6"/>
  <move id="40" source="F6" target="E6"/>
  <move id="41" source="A6" target="A5"/>
  <move id="42" source="E7" target="E8"/>
  <move id="43" source="C4" target="B4"/>
  <move id="44" source="K7" target="K6"/>
  <move id="45" source="F4" target="G4"/>
  <move id="46" source="K6" target="K5"/>
  <move id="47" source="G4" target="H4"/>
  <move id="48" source="K5" target="K4"/>
  <move id="49" source="H4" target="G4"/>
  <move id="50" source="H7" target="I7"/>
  <move id="51" source="A5" target="B5"/>
  <move id="52" source="I7" target="K7"/>
  <move id="53" source="B4" target="A4"/>
  <move id="54" source="I8" target="I7"/>
  <move id="55" source="A4" target="A8"/>
  <move id="56" source="I7" target="I6"/>
  <move id="57" source="D4" target="E4"/>
  <move id="58" source="I6" target="I5"/>
  <move id="59" source="A3" target="A4"/>
  <move id="60" source="D7" target="E7"/>
  <move id="61" source="A4" target="A5"/>
  <move id="62" source="E7" target="F7"/>
  <move id="63" source="A5" target="A6"/>
  <move id="64" source="A8" target="A7"/>
  <move id="65" source="A6" target="B6"/>
  <move id="66" source="F7" target="G7"/>
  <move id="67" source="B6" target="B7"/>
  <move id="68" source="A7" target="B7"/>
  <move id="69" source="B5" target="B6"/>
  <move id="70" source="G7" target="H7"/>
  <move id="71" source="B6" target="B7"/>
  <move id="72" source="C7" target="G7"/>
  <move id="73" source="B7" target="B8"/>
  <move id="74" source="C8" target="C7"/>
  <move id="75" source="B8" target="B9"/>
  <move id="76" source="C9" target="B9"/>
  <move id="77" source="I3" target="I5"/>
  <move id="78" source="I5" target="I4"/>
  <move id="79" source="G4" target="H4"/>
  <move id="80" source="I4" target="I3"/>
  <move id="81" source="H3" target="I3"/>
  <move id="82" source="G7" target="F7"/>
  <move id="83" source="H4" target="G4"/>
  <move id="84" source="H7" target="I7"/>
  <move id="85" source="I3" target="H3"/>
  <move id="86" source="I7" target="I8"/>
  <move id="87" source="E4" target="D4"/>
  <move id="88" source="E6" target="E3"/>
  <move id="89" source="D4" target="C4"/>
  <move id="90" source="F7" target="G7"/>
  <move id="91" source="C4" target="B4"/>
  <move id="92" source="F8" target="F7"/>
  <move id="93" source="B4" target="B5"/>
  <move id="94" source="F7" target="F6"/>
  <move id="95" source="B5" target="B6"/>
  <move id="96" source="B9" target="B8"/>
  <move id="97" source="B3" target="B4"/>
  <move id="98" source="F6" target="E6"/>
  <move id="99" source="B4" target="C4"/>
  <move id="100" source="B8" target="B7"/>
  <move id="101" source="B6" target="B5"/>
  <move id="102" source="B7" target="B6"/>
  <move id="103" source="B5" target="B4"/>
  <move id="104" source="B6" target="B5"/>
  <move id="105" source="B4" target="A4"/>
  <move id="106" source="B5" target="A5"/>
  <move id="107" source="A4" target="B4"/>
  <move id="108" source="E6" target="E5"/>
  <move id="109" source="C4" target="E4"/>
  <move id="110" source="E5" target="E4"/>
  <move id="111" source="B4" target="C4"/>
  <move id="112" source="A5" target="B5"/>
  <move id="113" source="G4" target="H4"/>
  <move id="114" source="B5" target="B4"/>
  <move id="115" source="H4" target="I4"/>
  <move id="116" source="G7" target="F7"/>
  <move id="117" source="I4" target="I5"/>
  <move id="118" source="F7" target="F4"/>
  <move id="119" source="H3" target="H4"/>
  <move id="120" source="K7" target="I7"/>
  <move id="121" source="I5" target="I6"/>
  <move id="122" source="I7" target="H7"/>
  <move id="123" source="I6" target="I7"/>
  <move id="124" source="H7" target="G7"/>
  <move id="125" source="I7" target="H7"/>
  <move id="126" source="G7" target="F7"/>
  <move id="127" source="H7" target="I7"/>
  <move id="128" source="F7" target="F6"/>
  <move id="129" source="I7" target="H7"/>
  <move id="130" source="B4" target="C4"/>
  <move id="131" source="H7" target="G7"/>
  <move id="132" source="F4" target="G4"/>
  <move id="133" source="H4" target="G4"/>
  <move id="134" source="F6" target="F5"/>
  <move id="135" source="G7" target="F7"/>
  <move id="136" source="F5" target="F4"/>
  <move id="137" source="G4" target="F4"/>
  <move id="138" source="I8" target="I7"/>
  <move id="139" source="F7" target="G7"/>
  <move id="140" source="I7" target="I6"/>
  <move id="141" source="G7" target="H7"/>
  <move id="142" source="I6" target="I5"/>
  <move id="143" source="H7" target="I7"/>
  <move id="144" source="I5" target="I4"/>
  <move id="145" source="I7" target="I6"/>
  <move id="146" source="I4" target="H4"/>
  <move id="147" source="H2" target="H4"/>
  <move id="148" source="H4" target="H3"/>
  <move id="149" source="G3" target="G4"/>
  <move id="150" source="F4" target="G4"/>
  <move id="151" source="I6" target="I5"/>
  <move id="152" source="G4" target="F4"/>
  <move id="153" source="I5" target="I4"/>
  <move id="154" source="F4" target="F5"/>
  <move id="155" source="I4" target="H4"/>
  <move id="156" source="H3" target="G3"/>
  <move id="157" source="H4" target="H3"/>
  <move id="158" source="G3" target="G4"/>
  <move id="159" source="H3" target="G3"/>
  <move id="160" source="G4" target="H4"/>
  <move id="161" source="I2" target="I3"/>
  <move id="162" source="E4" target="F4"/>
  <move id="163" source="G3" target="H3"/>
  <move id="164" source="H4" target="I4"/>
  <move id="165" source="I3" target="I4"/>
  <move id="166" source="C7" target="B7"/>
  <move id="167" source="I4" target="I5"/>
  <move id="168" source="B7" target="B2"/>
  <move id="169" source="B2" target="B3"/>
  <move id="170" source="C4" target="B4"/>
  <move id="171" source="B3" target="A3"/>
  <move id="172" source="F4" target="E4"/>
  <move id="173" source="I5" target="I6"/>
  <move id="174" source="F5" target="F6"/>
  <move id="175" source="I6" target="I7"/>
  <move id="176" source="F6" target="F7"/>
  <move id="177" source="I7" target="I8"/>
  <move id="178" source="F7" target="G7"/>
  <move id="179" source="I8" target="I9"/>
  <move id="180" source="B4" target="A4"/>
  <move id="181" source="A3" target="B3"/>
  <move id="182" source="E4" target="D4"/>
  <move id="183" source="H3" target="H4"/>
  <move id="184" source="D4" target="C4"/>
  <move id="185" source="H4" target="G4"/>
  <move id="186" source="C4" target="B4"/>
  <move id="187" source="G4" target="F4"/>
  <move id="188" source="G7" target="F7"/>
  <move id="189" source="F4" target="F5"/>
  <move id="190" source="F7" target="E7"/>
  <move id="191" source="F5" target="F6"/>
  <move id="192" source="E7" target="D7"/>
  <move id="193" source="F6" target="E6"/>
  <move id="194" source="D7" target="C7"/>
  <move id="195" source="E6" target="E7"/>
  <move id="196" source="B4" target="B3"/>
  <move id="197" source="C3" target="C4"/>
  <move id="198" source="B3" target="B4"/>
  <move id="199" source="C4" target="D4"/>
  <move id="200" source="B4" target="C4"/>
  <move id="201" source="D4" target="E4"/>
  <move id="202" source="C4" target="D4"/>
  <move id="203" source="E4" target="E5"/>
  <move id="204" source="D4" target="E4"/>
  <move id="205" source="E5" target="E6"/>
  <move id="206" source="E4" target="E5"/>
  <move id="207" source="E6" target="F6"/>
  <move id="208" source="E5" target="E6"/>
  <move id="209" source="E7" target="D7"/>
  <move id="210" source="C7" target="B7"/>
  <move id="211" source="F6" target="F7"/>
  <move id="212" source="E6" target="E7"/>
  <move id="213" source="D7" target="C7"/>
  <move id="214" source="B7" target="B6"/>
  <move id="215" source="F7" target="F8"/>
  <move id="216" source="A4" target="A5"/>
  <move id="217" source="F8" target="F9"/>
  <move id="218" source="A5" target="A6"/>
  <move id="219" source="C7" target="C8"/>
  <move id="220" source="E7" target="D7"/>
  <move id="221" source="C8" target="C9"/>
  <move id="222" source="A6" target="A7"/>
  <move id="223" source="C9" target="D9"/>
  <move id="224" source="A7" target="A8"/>
  <move id="225" source="D9" target="D:"/>
  <move id="226" source="A8" target="B8"/>
  <move id="227" source="D:" target="E:"/>
  <move id="228" source="E8" target="E7"/>
  <move id="229" source="K2" target="K3"/>
  <move id="230" source="E7" target="F7"/>
  <move id="231" source="K3" target="K4"/>
  <move id="232" source="F7" target="G7"/>
  <move id="233" source="K4" target="I4"/>
  <move id="234" source="G7" target="H7"/>
  <move id="235" source="I4" target="F4"/>
  <move id="236" source="H7" target="I7"/>
  <move id="237" source="F4" target="F:"/>
  <move id="238" source="I7" target="I6"/>
  <move id="239" source="E3" target="E4"/>
  <move id="240" source="D7" target="E7"/>
  <move id="241" source="E4" target="E5"/>
  <move id="242" source="B6" target="B5"/>
  <move id="243" source="E5" target="E6"/>
  <move id="244" source="B5" target="B4"/>
  <move id="245" source="E6" target="E7"/>
  <move id="246" source="B8" target="B7"/>
  <move id="247" source="G2" target="G3"/>
  <move id="248" source="I6" target="I5"/>
  <move id="249" source="G3" target="G4"/>
  <move id="250" source="B7" target="C7"/>
  <move id="251" source="G4" target="F4"/>
  <move id="252" source="C7" target="D7"/>
  <move id="253" source="F4" target="F5"/>
  <move id="254" source="D7" target="E7"/>
  <move id="255" source="F5" target="F6"/>
  <move id="256" source="I5" target="I4"/>
  <move id="257" source="A2" target="A7"/>
  <move id="258" source="I4" target="I3"/>
  <move id="259" source="A7" target="A8"/>
  <move id="260" source="I3" target="H3"/>
  <move id="261" source="A8" target="B8"/>
  <move id="262" source="H3" target="G3"/>
  <move id="263" source="B8" target="B9"/>
  <move id="264" source="G3" target="G2"/>
  <move id="265" source="B9" target="E9"/>
  <move id="266" source="B:" target="B9"/>
  <move id="267" source="H1" target="H4"/>
  <move id="268" source="B9" target="B8"/>
  <move id="269" source="K1" target="K2"/>
  <move id="270" source="B8" target="B7"/>
  <move id="271" source="K2" target="K3"/>
  <move id="272" source="B7" target="B6"/>
  <move id="273" source="K3" target="K4"/>
  <move id="274" source="B6" target="B5"/>
  <move id="275" source="K4" target="K5"/>
  <move id="276" source="B4" target="B3"/>
  <move id="277" source="K5" target="K6"/>
  <move id="278" source="B5" target="B4"/>
  <move id="279" source="K6" target="K7"/>
  <move id="280" source="B4" target="C4"/>
  <move id="281" source="K7" target="K8"/>
  <move id="282" source="C4" target="D4"/>
  <move id="283" source="K8" target="K9"/>
  <move id="284" source="K:" target="K9"/>
  <move id="285" source="I1" target="I2"/>
  <move id="286" source="E7" target="F7"/>
  <move id="287" source="H4" target="K4"/>
  <move id="288" source="G2" target="H2"/>
  <move id="289" source="I2" target="I3"/>
  <move id="290" source="H2" target="H3"/>
  <move id="291" source="I3" target="I4"/>
  <move id="292" source="H3" target="I3"/>
  <move id="293" source="I4" target="I5"/>
  <move id="294" source="I3" target="I4"/>
  <move id="295" source="K4" target="K:"/>
  <move id="296" source="I4" target="I5"/>
  <move id="297" source="K:" target="I:"/>
  <move id="298" source="B3" target="C3"/>
  <move id="299" source="F6" target="F5"/>
  <move id="300" source="D4" target="D3"/>
  <move id="301" source="F5" target="F4"/>
  <move id="302" source="D3" target="E3"/>
  <move id="303" source="F4" target="E4"/>
  <move id="304" source="E3" target="E2"/>
  <move id="305" source="E4" target="D4"/>
  <move id="306" source="I5" target="I4"/>
  <move id="307" source="A1" target="A2"/>
  <move id="308" source="F7" target="E7"/>
  <move id="309" source="A2" target="A3"/>
  <move id="310" source="E7" target="D7"/>
  <move id="311" source="A3" target="A4"/>
  <move id="312" source="D7" target="C7"/>
  <move id="313" source="A4" target="A5"/>
  <move id="314" source="I4" target="H4"/>
  <move id="315" source="D4" target="E4"/>
  <move id="316" source="H4" target="G4"/>
  <move id="317" source="E4" target="E5"/>
  <move id="318" source="G4" target="F4"/>
  <move id="319" source="E5" target="E6"/>
  <move id="320" source="C7" target="B7"/>
  <move id="321" source="E6" target="E7"/>
  <move id="322" source="F4" target="E4"/>
  <move id="323" source="E7" target="E8"/>
  <move id="324" source="D8" target="C8"/>
  <move id="325" source="E8" target="E9"/>
  <move id="326" source="E4" target="E5"/>
  <move id="327" source="E9" target="F9"/>
  <move id="328" source="C3" target="D3"/>
  <move id="329" source="F9" target="G9"/>
  <move id="330" source="D3" target="E3"/>
  <move id="331" source="A5" target="B5"/>
  <move id="332" source="B7" target="B6"/>
  <move id="333" source="B5" target="B4"/>
  <move id="334" source="B6" target="B5"/>
  <move id="335" source="B4" target="C4"/>
  <move id="336" source="B5" target="B4"/>
  <move id="337" source="C4" target="D4"/>
  <move id="338" source="G8" target="G7"/>
  <move id="339" source="D4" target="E4"/>
  <move id="340" source="E3" target="E4"/>
  <move id="341" source="C2" target="C3"/>
  <move id="342" source="E4" target="E3"/>
  <move id="343" source="C3" target="B3"/>
  <move id="344" source="E3" target="E2"/>
  <move id="345" source="B3" target="B4"/>
  <move id="346" source="G7" target="F7"/>
  <move id="347" source="B1" target="B2"/>
  <move id="348" source="F7" target="F6"/>
  <move id="349" source="B2" target="B3"/>
  <move id="350" source="F6" target="F5"/>
  <move id="351" source="B3" target="B4"/>
  <player id="1">Player 1</player>
  <player id="2">Player 2</player>
  <result type="0" winner="2"/>
 </game>
</stratego>