<?xml version="1.0" encoding="UTF-8"?>
<stratego>
 <game type="classic">
  
  <field content="EBFBFDBEFBDGEFBIEMBEGIDGDHCDIGHDLJHDJKHDAA__AA__AAAA__AA__AANSTPNSWXRSRNRNOPVVPPPPTPUQUUPTNRNQTQQQSY"/>
  <move id="1" source="I4" target="I5"/>
  <move id="2" source="I7" target="I6"/>
  <move id="3" source="H4" target="I4"/>
  <move id="4" source="F7" target="F6"/>
  <move id="5" source="I5" target="I6"/>
  <move id="6" source="F6" target="F5"/>
  <move id="7" source="I4" target="I5"/>
  <move id="8" source="F5" target="E5"/>
  <move id="9" source="K4" target="K5"/>
  <move id="10" source="F8" target="F4"/>
  <move id="11" source="K5" target="K6"/>
  <move id="12" source="E5" target="F5"/>
  <move id="13" source="H3" target="H4"/>
  <move id="14" source="F5" target="F4"/>
  <move id="15" source="H4" target="I4"/>
  <move id="16" source="F4" target="F3"/>
  <move id="17" source="I4" target="K4"/>
  <move id="18" source="F9" target="F8"/>
  <move id="19" source="G3" target="H3"/>
  <move id="20" source="F8" target="F7"/>
  <move id="21" source="K4" target="K5"/>
  <move id="22" source="F7" target="F6"/>
  <move id="23" source="I6" target="I7"/>
  <move id="24" source="F6" target="E6"/>
  <move id="25" source="I5" target="I6"/>
  <move id="26" source="K7" target="K6"/>
  <move id="27" source="I6" target="K6"/>
  <move id="28" source="E6" target="E5"/>
  <move id="29" source="K6" target="K7"/>
  <move id="30" source="H7" target="I7"/>
  <move id="31" source="K7" target="K6"/>
  <move id="32" source="K8" target="K7"/>
  <move id="33" source="K5" target="I5"/>
  <move id="34" source="I7" target="H7"/>
  <move id="35" source="K6" target="K7"/>
  <move id="36" source="I8" target="I5"/>
  <move id="37" source="K7" target="K6"/>
  <move id="38" source="H8" target="I8"/>
  <move id="39" source="K6" target="K5"/>
  <move id="40" source="H7" target="H8"/>
  <move id="41" source="K5" target="I5"/>
  <move id="42" source="G7" target="H7"/>
  <move id="43" source="I5" target="I6"/>
  <move id="44" source="H7" target="I7"/>
  <move id="45" source="I6" target="I7"/>
  <move id="46" source="G8" target="G7"/>
  <move id="47" source="G4" target="F4"/>
  <move id="48" source="I8" target="K8"/>
  <move id="49" source="F4" target="F5"/>
  <move id="50" source="E5" target="E4"/>
  <move id="51" source="F5" target="F6"/>
  <move id="52" source="G7" target="H7"/>
  <move id="53" source="F6" target="F7"/>
  <move id="54" source="F:" target="F9"/>
  <move id="55" source="E4" target="F4"/>
  <move id="56" source="F9" target="F8"/>
  <move id="57" source="E3" target="E7"/>
  <move id="58" source="F8" target="F7"/>
  <move id="59" source="F4" target="E4"/>
  <move id="60" source="H8" target="G8"/>
  <move id="61" source="G2" target="G3"/>
  <move id="62" source="G8" target="F8"/>
  <move id="63" source="F7" target="F6"/>
  <move id="64" source="F8" target="F7"/>
  <move id="65" source="F6" target="F5"/>
  <move id="66" source="F7" target="F6"/>
  <move id="67" source="F5" target="F4"/>
  <move id="68" source="F6" target="F5"/>
  <move id="69" source="F4" target="G4"/>
  <move id="70" source="H7" target="G7"/>
  <move id="71" source="G4" target="H4"/>
  <move id="72" source="G7" target="F7"/>
  <move id="73" source="H4" target="I4"/>
  <move id="74" source="F7" target="F6"/>
  <move id="75" source="I4" target="I5"/>
  <move id="76" source="F6" target="E6"/>
  <move id="77" source="E4" target="E3"/>
  <move id="78" source="E6" target="E5"/>
  <move id="79" source="I5" target="I6"/>
  <move id="80" source="F5" target="F6"/>
  <move id="81" source="D4" target="E4"/>
  <move id="82" source="E5" target="F5"/>
  <move id="83" source="E4" target="F4"/>
  <move id="84" source="F5" target="E5"/>
  <move id="85" source="C4" target="D4"/>
  <move id="86" source="E5" target="E6"/>
  <move id="87" source="D4" target="E4"/>
  <move id="88" source="F6" target="F5"/>
  <move id="89" source="F4" target="G4"/>
  <move id="90" source="E6" target="F6"/>
  <move id="91" source="E4" target="F4"/>
  <move id="92" source="F6" target="F7"/>
  <move id="93" source="F4" target="F5"/>
  <move id="94" source="K8" target="K7"/>
  <move id="95" source="G4" target="F4"/>
  <move id="96" source="F7" target="F6"/>
  <move id="97" source="F4" target="F5"/>
  <move id="98" source="G9" target="G8"/>
  <move id="99" source="I6" target="K6"/>
  <move id="100" source="G8" target="G7"/>
  <move id="101" source="K6" target="K7"/>
  <move id="102" source="F6" target="F5"/>
  <move id="103" source="I3" target="I4"/>
  <move id="104" source="G7" target="H7"/>
  <move id="105" source="G3" target="G2"/>
  <move id="106" source="H7" target="I7"/>
  <move id="107" source="F3" target="G3"/>
  <move id="108" source="H9" target="H8"/>
  <move id="109" source="F2" target="F3"/>
  <move id="110" source="E9" target="F9"/>
  <move id="111" source="F3" target="F4"/>
  <move id="112" source="F9" target="F8"/>
  <move id="113" source="F4" target="F5"/>
  <move id="114" source="F8" target="F7"/>
  <move id="115" source="B4" target="B7"/>
  <move id="116" source="E:" target="F:"/>
  <move id="117" source="B3" target="B4"/>
  <move id="118" source="D:" target="E:"/>
  <move id="119" source="B4" target="B5"/>
  <move id="120" source="D9" target="D:"/>
  <move id="121" source="B5" target="B6"/>
  <move id="122" source="F7" target="F6"/>
  <move id="123" source="B6" target="B7"/>
  <move id="124" source="I7" target="I6"/>
  <move id="125" source="B7" target="B6"/>
  <move id="126" source="I6" target="I5"/>
  <move id="127" source="B6" target="A6"/>
  <move id="128" source="H8" target="H7"/>
  <move id="129" source="C3" target="B3"/>
  <move id="130" source="H7" target="G7"/>
  <move id="131" source="B3" target="B8"/>
  <move id="132" source="G7" target="F7"/>
  <move id="133" source="A3" target="B3"/>
  <move id="134" source="F6" target="F5"/>
  <move id="135" source="A4" target="B4"/>
  <move id="136" source="F7" target="F6"/>
  <move id="137" source="A6" target="B6"/>
  <move id="138" source="F6" target="F5"/>
  <move id="139" source="A2" target="A7"/>
  <move id="140" source="F5" target="F4"/>
  <move id="141" source="B4" target="A4"/>
  <move id="142" source="F4" target="E4"/>
  <move id="143" source="B6" target="B5"/>
  <move id="144" source="E4" target="D4"/>
  <move id="145" source="B5" target="B4"/>
  <move id="146" source="D4" target="C4"/>
  <move id="147" source="I4" target="I5"/>
  <move id="148" source="C4" target="B4"/>
  <move id="149" source="G3" target="G4"/>
  <move id="150" source="C7" target="B7"/>
  <move id="151" source="G4" target="H4"/>
  <move id="152" source="B7" target="B6"/>
  <move id="153" source="A4" target="B4"/>
  <move id="154" source="B6" target="B5"/>
  <move id="155" source="B4" target="B5"/>
  <move id="156" source="C8" target="C7"/>
  <move id="157" source="E3" target="E4"/>
  <move id="158" source="C9" target="D9"/>
  <move id="159" source="E4" target="E5"/>
  <move id="160" source="F:" target="F9"/>
  <move id="161" source="H4" target="I4"/>
  <move id="162" source="F9" target="F8"/>
  <move id="163" source="I4" target="I5"/>
  <move id="164" source="F8" target="F7"/>
  <move id="165" source="I5" target="I6"/>
  <move id="166" source="D9" target="E9"/>
  <move id="167" source="F1" target="F4"/>
  <move id="168" source="E9" target="F9"/>
  <move id="169" source="F4" target="K4"/>
  <move id="170" source="F9" target="G9"/>
  <move id="171" source="K4" target="K9"/>
  <move id="172" source="G9" target="G8"/>
  <move id="173" source="I6" target="I7"/>
  <move id="174" source="G8" target="H8"/>
  <move id="175" source="E5" target="E6"/>
  <move id="176" source="C7" target="B7"/>
  <move id="177" source="E6" target="E5"/>
  <move id="178" source="F7" target="G7"/>
  <move id="179" source="E5" target="E4"/>
  <move id="180" source="G7" target="H7"/>
  <move id="181" source="E4" target="D4"/>
  <move id="182" source="H7" target="I7"/>
  <move id="183" source="D4" target="C4"/>
  <move id="184" source="I9" target="I2"/>
  <move id="185" source="C4" target="B4"/>
  <move id="186" source="H:" target="H9"/>
  <move id="187" source="B4" target="B5"/>
  <move id="188" source="H9" target="I9"/>
  <move id="189" source="B5" target="B6"/>
  <move id="190" source="I9" target="I8"/>
  <move id="191" source="B6" target="B7"/>
  <move id="192" source="I8" target="I7"/>
  <move id="193" source="B7" target="C7"/>
  <move id="194" source="I7" target="I6"/>
  <move id="195" source="C7" target="C8"/>
  <move id="196" source="I6" target="I5"/>
  <move id="197" source="C8" target="C9"/>
  <move id="198" source="I5" target="I4"/>
  <move id="199" source="C9" target="D9"/>
  <move id="200" source="H8" target="H9"/>
  <move id="201" source="D9" target="E9"/>
  <move id="202" source="H9" target="G9"/>
  <move id="203" source="E9" target="F9"/>
  <move id="204" source="G9" target="F9"/>
  <move id="205" source="H3" target="I3"/>
  <move id="206" source="I4" target="K4"/>
  <move id="207" source="I3" target="H3"/>
  <move id="208" source="K4" target="K3"/>
  <move id="209" source="K3" target="K4"/>
  <move id="210" source="K9" target="K8"/>
  <move id="211" source="K4" target="I4"/>
  <move id="212" source="K8" target="K7"/>
  <move id="213" source="I4" target="H4"/>
  <move id="214" source="G:" target="G9"/>
  <move id="215" source="H4" target="G4"/>
  <move id="216" source="G9" target="G8"/>
  <move id="217" source="H3" target="I3"/>
  <move id="218" source="G8" target="G7"/>
  <move id="219" source="I3" target="I4"/>
  <move id="220" source="G7" target="H7"/>
  <move id="221" source="I4" target="I5"/>
  <move id="222" source="H7" target="I7"/>
  <move id="223" source="I5" target="K5"/>
  <move id="224" source="K7" target="K6"/>
  <move id="225" source="K5" target="K6"/>
  <move id="226" source="I7" target="I6"/>
  <move id="227" source="G4" target="F4"/>
  <move id="228" source="I6" target="I5"/>
  <move id="229" source="F4" target="F5"/>
  <move id="230" source="I5" target="I4"/>
  <move id="231" source="F5" target="F6"/>
  <move id="232" source="K6" target="K5"/>
  <move id="233" source="F6" target="F7"/>
  <move id="234" source="K5" target="K4"/>
  <move id="235" source="F7" target="F8"/>
  <move id="236" source="I4" target="I3"/>
  <move id="237" source="C2" target="C3"/>
  <move id="238" source="K4" target="K3"/>
  <move id="239" source="C3" target="C4"/>
  <move id="240" source="I3" target="I2"/>
  <move id="241" source="I1" target="I2"/>
  <move id="242" source="K3" target="I3"/>
  <move id="243" source="I2" target="I1"/>
  <move id="244" source="I3" target="I2"/>
  <move id="245" source="C4" target="B4"/>
  <move id="246" source="I2" target="I1"/>
  <move id="247" source="B4" target="B5"/>
  <move id="248" source="I1" target="I2"/>
  <move id="249" source="B5" target="B6"/>
  <move id="250" source="I2" target="I3"/>
  <move id="251" source="B6" target="B7"/>
  <move id="252" source="I3" target="I4"/>
  <move id="253" source="B7" target="B8"/>
  <move id="254" source="A8" target="B8"/>
  <move id="255" source="F8" target="F9"/>
  <move id="256" source="I4" target="I5"/>
  <move id="257" source="F9" target="E9"/>
  <move id="258" source="B8" target="B7"/>
  <move id="259" source="E9" target="D9"/>
  <move id="260" source="B7" target="B6"/>
  <move id="261" source="D9" target="C9"/>
  <move id="262" source="B6" target="B5"/>
  <move id="263" source="B3" target="B4"/>
  <move id="264" source="B5" target="A5"/>
  <move id="265" source="B4" target="A4"/>
  <move id="266" source="I5" target="I6"/>
  <move id="267" source="C9" target="C8"/>
  <move id="268" source="E:" target="E9"/>
  <move id="269" source="A4" target="A5"/>
  <move id="270" source="E9" target="F9"/>
  <move id="271" source="C8" target="C9"/>
  <move id="272" source="F9" target="F8"/>
  <move id="273" source="C9" target="D9"/>
  <move id="274" source="F8" target="F7"/>
  <move id="275" source="D9" target="E9"/>
  <move id="276" source="F7" target="F6"/>
  <move id="277" source="E9" target="F9"/>
  <move id="278" source="F6" target="F5"/>
  <move id="279" source="F9" target="F8"/>
  <move id="280" source="F5" target="F4"/>
  <move id="281" source="F8" target="F7"/>
  <move id="282" source="F4" target="F3"/>
  <move id="283" source="F7" target="F6"/>
  <move id="284" source="F3" target="F2"/>
  <move id="285" source="F6" target="F5"/>
  <move id="286" source="F2" target="G2"/>
  <move id="287" source="A5" target="B5"/>
  <move id="288" source="D:" target="E:"/>
  <move id="289" source="A1" target="A2"/>
  <move id="290" source="E:" target="F:"/>
  <move id="291" source="A2" target="A3"/>
  <move id="292" source="F:" target="F9"/>
  <move id="293" source="A3" target="A4"/>
  <move id="294" source="F9" target="F8"/>
  <move id="295" source="A4" target="A5"/>
  <move id="296" source="F8" target="F7"/>
  <move id="297" source="A5" target="A6"/>
  <move id="298" source="F7" target="K7"/>
  <move id="299" source="A6" target="A7"/>
  <move id="300" source="K7" target="K2"/>
  <move id="301" source="A7" target="A8"/>
  <move id="302" source="I6" target="I5"/>
  <move id="303" source="B5" target="B6"/>
  <move id="304" source="I5" target="I4"/>
  <move id="305" source="B6" target="B7"/>
  <move id="306" source="I4" target="I3"/>
  <move id="307" source="A8" target="A9"/>
  <move id="308" source="I3" target="I2"/>
  <move id="309" source="K2" target="K3"/>
  <move id="310" source="I2" target="H2"/>
  <player id="1">Player 1</player>
  <player id="2">Player 2</player>
  <result type="1" winner="2"/>
 </game>
</stratego>