<?xml version="1.0" encoding="UTF-8"?>
<stratego>
 <game type="classic">
  
  <field content="BFEDEBBFBMEBJEILDJFBDGDKGDHEHFHDIGDHCGDIAA__AA__AAAA__AA__AAOSWPNTTPQXPUPUUVPQVNPRTRQQNYSTPRRNQNNSPS"/>
  <move id="1" source="B4" target="B7"/>
  <move id="2" source="B7" target="B6"/>
  <move id="3" source="B3" target="B4"/>
  <move id="4" source="B6" target="A6"/>
  <move id="5" source="B4" target="B5"/>
  <move id="6" source="C7" target="B7"/>
  <move id="7" source="B5" target="A5"/>
  <move id="8" source="B7" target="B6"/>
  <move id="9" source="C3" target="B3"/>
  <move id="10" source="A7" target="B7"/>
  <move id="11" source="B3" target="B6"/>
  <move id="12" source="A6" target="A5"/>
  <move id="13" source="A3" target="B3"/>
  <move id="14" source="A8" target="A7"/>
  <move id="15" source="B3" target="B4"/>
  <move id="16" source="A7" target="A6"/>
  <move id="17" source="B4" target="B5"/>
  <move id="18" source="D7" target="C7"/>
  <move id="19" source="A4" target="A5"/>
  <move id="20" source="B8" target="A8"/>
  <move id="21" source="F4" target="F5"/>
  <move id="22" source="C7" target="D7"/>
  <move id="23" source="F5" target="F6"/>
  <move id="24" source="C8" target="B8"/>
  <move id="25" source="F6" target="F7"/>
  <move id="26" source="D7" target="C7"/>
  <move id="27" source="F3" target="F8"/>
  <move id="28" source="C7" target="D7"/>
  <move id="29" source="G3" target="F3"/>
  <move id="30" source="K7" target="K6"/>
  <move id="31" source="F3" target="F4"/>
  <move id="32" source="I7" target="I6"/>
  <move id="33" source="F4" target="F5"/>
  <move id="34" source="A6" target="A5"/>
  <move id="35" source="F5" target="F6"/>
  <move id="36" source="A8" target="A7"/>
  <move id="37" source="E4" target="E5"/>
  <move id="38" source="A7" target="A6"/>
  <move id="39" source="A5" target="A4"/>
  <move id="40" source="A6" target="A5"/>
  <move id="41" source="A4" target="A5"/>
  <move id="42" source="A5" target="A6"/>
  <move id="43" source="B5" target="A5"/>
  <move id="44" source="A6" target="A7"/>
  <move id="45" source="A5" target="A6"/>
  <move id="46" source="I6" target="I7"/>
  <move id="47" source="A6" target="A5"/>
  <move id="48" source="I7" target="I6"/>
  <move id="49" source="E5" target="E6"/>
  <move id="50" source="I6" target="I5"/>
  <move id="51" source="F6" target="F5"/>
  <move id="52" source="I5" target="I4"/>
  <move id="53" source="H4" target="I4"/>
  <move id="54" source="K6" target="I6"/>
  <move id="55" source="E6" target="F6"/>
  <move id="56" source="I6" target="I5"/>
  <move id="57" source="I4" target="I5"/>
  <move id="58" source="I5" target="I6"/>
  <move id="59" source="F6" target="F7"/>
  <move id="60" source="H7" target="I7"/>
  <move id="61" source="F7" target="G7"/>
  <move id="62" source="I7" target="K7"/>
  <move id="63" source="F5" target="E5"/>
  <move id="64" source="K7" target="K6"/>
  <move id="65" source="E3" target="E4"/>
  <move id="66" source="K6" target="K4"/>
  <move id="67" source="G4" target="G3"/>
  <move id="68" source="I6" target="I5"/>
  <move id="69" source="D3" target="E3"/>
  <move id="70" source="I5" target="K5"/>
  <move id="71" source="K4" target="I4"/>
  <move id="72" source="K5" target="I5"/>
  <move id="73" source="I4" target="H4"/>
  <move id="74" source="I5" target="I6"/>
  <move id="75" source="G3" target="G4"/>
  <move id="76" source="A7" target="A8"/>
  <move id="77" source="E3" target="F3"/>
  <move id="78" source="B7" target="A7"/>
  <move id="79" source="F3" target="F4"/>
  <move id="80" source="A7" target="B7"/>
  <move id="81" source="F4" target="F5"/>
  <move id="82" source="A8" target="A7"/>
  <move id="83" source="F5" target="F6"/>
  <move id="84" source="G7" target="H7"/>
  <move id="85" source="F6" target="F7"/>
  <move id="86" source="H7" target="I7"/>
  <move id="87" source="F7" target="F8"/>
  <move id="88" source="I7" target="K7"/>
  <move id="89" source="F8" target="F7"/>
  <move id="90" source="I6" target="I7"/>
  <move id="91" source="F7" target="F6"/>
  <move id="92" source="I7" target="H7"/>
  <move id="93" source="F6" target="F5"/>
  <move id="94" source="H7" target="G7"/>
  <move id="95" source="F5" target="F4"/>
  <move id="96" source="G7" target="F7"/>
  <move id="97" source="F4" target="F3"/>
  <move id="98" source="G8" target="F8"/>
  <move id="99" source="F3" target="E3"/>
  <move id="100" source="F7" target="F6"/>
  <move id="101" source="E3" target="D3"/>
  <move id="102" source="F6" target="F7"/>
  <move id="103" source="E4" target="E3"/>
  <move id="104" source="F7" target="G7"/>
  <move id="105" source="D4" target="E4"/>
  <move id="106" source="G7" target="F7"/>
  <move id="107" source="E4" target="F4"/>
  <move id="108" source="F7" target="F6"/>
  <move id="109" source="E5" target="E4"/>
  <move id="110" source="F6" target="F7"/>
  <move id="111" source="E4" target="D4"/>
  <move id="112" source="F7" target="G7"/>
  <move id="113" source="F4" target="F5"/>
  <move id="114" source="F8" target="F5"/>
  <move id="115" source="E3" target="E4"/>
  <move id="116" source="G7" target="F7"/>
  <move id="117" source="E4" target="E5"/>
  <move id="118" source="F7" target="F6"/>
  <move id="119" source="F5" target="F4"/>
  <move id="120" source="F6" target="E6"/>
  <move id="121" source="E5" target="F5"/>
  <move id="122" source="E6" target="F6"/>
  <move id="123" source="F5" target="E5"/>
  <move id="124" source="F6" target="F5"/>
  <move id="125" source="E5" target="E4"/>
  <move id="126" source="F5" target="F4"/>
  <move id="127" source="G4" target="F4"/>
  <move id="128" source="A7" target="A8"/>
  <move id="129" source="D3" target="C3"/>
  <move id="130" source="B7" target="A7"/>
  <move id="131" source="A5" target="A7"/>
  <move id="132" source="A8" target="A7"/>
  <move id="133" source="C3" target="B3"/>
  <move id="134" source="B6" target="B7"/>
  <move id="135" source="B3" target="B4"/>
  <move id="136" source="B7" target="C7"/>
  <move id="137" source="B4" target="B5"/>
  <move id="138" source="B8" target="B7"/>
  <move id="139" source="B5" target="B6"/>
  <move id="140" source="D8" target="C8"/>
  <move id="141" source="B6" target="B7"/>
  <move id="142" source="C7" target="B7"/>
  <move id="143" source="F4" target="F3"/>
  <move id="144" source="A7" target="B7"/>
  <move id="145" source="F3" target="E3"/>
  <move id="146" source="B7" target="B8"/>
  <move id="147" source="E3" target="D3"/>
  <player id="1">Player 1</player>
  <player id="2">Player 2</player>
  <result type="3" winner="1"/>
 </game>
</stratego>