<?xml version="1.0" encoding="UTF-8"?>
<stratego>
 <game type="classic">
  
  <field content="BEICBDDGKBEBHFDBMDDBGDEGFJLDIGHHFEFDJIHEAA__AA__AAAA__AA__AAPTSWPTQTRPPVQOSPUNSRPPXPVNTNQUUQRQNYNRNS"/>
  <move id="1" source="B4" target="B5"/>
  <move id="2" source="A7" target="A4"/>
  <move id="3" source="B5" target="A5"/>
  <move id="4" source="B7" target="A7"/>
  <move id="5" source="A5" target="B5"/>
  <move id="6" source="A7" target="B7"/>
  <move id="7" source="B5" target="A5"/>
  <move id="8" source="B7" target="A7"/>
  <move id="9" source="A5" target="A6"/>
  <move id="10" source="A7" target="A6"/>
  <move id="11" source="I4" target="I5"/>
  <move id="12" source="B8" target="B7"/>
  <move id="13" source="B3" target="B4"/>
  <move id="14" source="B7" target="B6"/>
  <move id="15" source="I5" target="I6"/>
  <move id="16" source="B6" target="B5"/>
  <move id="17" source="F4" target="F5"/>
  <move id="18" source="B5" target="A5"/>
  <move id="19" source="E4" target="F4"/>
  <move id="20" source="B9" target="B4"/>
  <move id="21" source="C4" target="B4"/>
  <move id="22" source="A9" target="B9"/>
  <move id="23" source="E3" target="E4"/>
  <move id="24" source="A5" target="A4"/>
  <move id="25" source="D4" target="C4"/>
  <move id="26" source="A4" target="A5"/>
  <move id="27" source="B4" target="B3"/>
  <move id="28" source="A5" target="A6"/>
  <move id="29" source="C4" target="B4"/>
  <move id="30" source="B9" target="B4"/>
  <move id="31" source="I6" target="I7"/>
  <move id="32" source="H7" target="I7"/>
  <move id="33" source="K4" target="K5"/>
  <move id="34" source="C7" target="B7"/>
  <move id="35" source="K3" target="K4"/>
  <move id="36" source="B7" target="B6"/>
  <move id="37" source="D3" target="D4"/>
  <move id="38" source="A6" target="A5"/>
  <move id="39" source="D4" target="C4"/>
  <move id="40" source="A5" target="A4"/>
  <move id="41" source="K5" target="I5"/>
  <move id="42" source="B6" target="B5"/>
  <move id="43" source="K4" target="K5"/>
  <move id="44" source="B5" target="B4"/>
  <move id="45" source="C4" target="B4"/>
  <move id="46" source="A4" target="B4"/>
  <move id="47" source="F3" target="E3"/>
  <move id="48" source="A8" target="A3"/>
  <move id="49" source="E3" target="D3"/>
  <move id="50" source="B4" target="A4"/>
  <move id="51" source="D3" target="D4"/>
  <move id="52" source="A4" target="A3"/>
  <move id="53" source="D4" target="C4"/>
  <move id="54" source="A3" target="A4"/>
  <move id="55" source="C4" target="B4"/>
  <move id="56" source="A4" target="A5"/>
  <move id="57" source="B4" target="B5"/>
  <move id="58" source="A5" target="A6"/>
  <move id="59" source="B5" target="B6"/>
  <move id="60" source="A6" target="A7"/>
  <move id="61" source="B6" target="B7"/>
  <move id="62" source="A7" target="A8"/>
  <move id="63" source="B7" target="A7"/>
  <move id="64" source="A8" target="B8"/>
  <move id="65" source="A7" target="A8"/>
  <move id="66" source="B8" target="B9"/>
  <move id="67" source="A8" target="A9"/>
  <move id="68" source="B9" target="B8"/>
  <move id="69" source="K5" target="K6"/>
  <move id="70" source="B8" target="B7"/>
  <move id="71" source="A9" target="A8"/>
  <move id="72" source="C8" target="B8"/>
  <move id="73" source="A8" target="A7"/>
  <move id="74" source="B7" target="C7"/>
  <move id="75" source="A7" target="A6"/>
  <move id="76" source="B8" target="B7"/>
  <move id="77" source="A6" target="A5"/>
  <move id="78" source="C9" target="C8"/>
  <move id="79" source="A5" target="B5"/>
  <move id="80" source="C8" target="B8"/>
  <move id="81" source="B5" target="B4"/>
  <move id="82" source="D9" target="C9"/>
  <move id="83" source="B4" target="C4"/>
  <move id="84" source="C9" target="B9"/>
  <move id="85" source="C4" target="D4"/>
  <move id="86" source="B9" target="A9"/>
  <move id="87" source="D4" target="D3"/>
  <move id="88" source="A9" target="A8"/>
  <move id="89" source="D3" target="E3"/>
  <move id="90" source="A8" target="A7"/>
  <move id="91" source="E4" target="E5"/>
  <move id="92" source="B7" target="B6"/>
  <move id="93" source="F4" target="E4"/>
  <move id="94" source="C7" target="B7"/>
  <move id="95" source="E4" target="D4"/>
  <move id="96" source="B6" target="A6"/>
  <move id="97" source="I5" target="I6"/>
  <move id="98" source="B7" target="B6"/>
  <move id="99" source="I3" target="I4"/>
  <move id="100" source="B6" target="B5"/>
  <move id="101" source="I4" target="I5"/>
  <move id="102" source="B5" target="B4"/>
  <move id="103" source="E5" target="E4"/>
  <move id="104" source="A7" target="B7"/>
  <move id="105" source="K6" target="K7"/>
  <move id="106" source="B8" target="C8"/>
  <move id="107" source="K7" target="I7"/>
  <move id="108" source="I8" target="I7"/>
  <move id="109" source="I6" target="I7"/>
  <move id="110" source="C8" target="C7"/>
  <move id="111" source="I7" target="K7"/>
  <move id="112" source="B7" target="B6"/>
  <move id="113" source="I5" target="I6"/>
  <move id="114" source="B6" target="B5"/>
  <move id="115" source="I6" target="I7"/>
  <move id="116" source="B4" target="A4"/>
  <move id="117" source="K7" target="K8"/>
  <move id="118" source="B5" target="B4"/>
  <move id="119" source="I7" target="K7"/>
  <move id="120" source="K8" target="I8"/>
  <move id="121" source="K7" target="I7"/>
  <move id="122" source="I8" target="K8"/>
  <move id="123" source="I7" target="K7"/>
  <move id="124" source="K8" target="I8"/>
  <move id="125" source="E4" target="E5"/>
  <move id="126" source="B4" target="C4"/>
  <move id="127" source="E5" target="E4"/>
  <move id="128" source="C4" target="C3"/>
  <move id="129" source="E4" target="E5"/>
  <move id="130" source="A4" target="B4"/>
  <move id="131" source="G4" target="F4"/>
  <move id="132" source="B4" target="B3"/>
  <move id="133" source="C3" target="D3"/>
  <move id="134" source="B3" target="C3"/>
  <move id="135" source="F5" target="F7"/>
  <move id="136" source="E7" target="E5"/>
  <move id="137" source="F4" target="F5"/>
  <move id="138" source="F7" target="E7"/>
  <move id="139" source="E5" target="E4"/>
  <move id="140" source="F8" target="F5"/>
  <move id="141" source="F5" target="F4"/>
  <move id="142" source="E8" target="F8"/>
  <move id="143" source="F4" target="G4"/>
  <move id="144" source="F8" target="F7"/>
  <move id="145" source="E4" target="F4"/>
  <move id="146" source="F7" target="F6"/>
  <move id="147" source="D4" target="E4"/>
  <move id="148" source="F6" target="F5"/>
  <move id="149" source="K7" target="I7"/>
  <move id="150" source="I8" target="K8"/>
  <move id="151" source="I7" target="K7"/>
  <move id="152" source="K8" target="I8"/>
  <move id="153" source="H4" target="I4"/>
  <move id="154" source="F5" target="E5"/>
  <move id="155" source="E4" target="D4"/>
  <move id="156" source="E5" target="E4"/>
  <move id="157" source="E3" target="F3"/>
  <move id="158" source="E4" target="D4"/>
  <move id="159" source="F3" target="E3"/>
  <move id="160" source="D4" target="D3"/>
  <move id="161" source="E3" target="D3"/>
  <move id="162" source="C3" target="D3"/>
  <move id="163" source="E2" target="E3"/>
  <move id="164" source="A:" target="A9"/>
  <move id="165" source="E3" target="E4"/>
  <move id="166" source="A9" target="A8"/>
  <move id="167" source="H3" target="H4"/>
  <move id="168" source="A8" target="B8"/>
  <move id="169" source="G3" target="H3"/>
  <move id="170" source="B8" target="B7"/>
  <move id="171" source="H3" target="I3"/>
  <move id="172" source="B7" target="B6"/>
  <move id="173" source="H2" target="H3"/>
  <move id="174" source="B6" target="B5"/>
  <move id="175" source="H3" target="G3"/>
  <move id="176" source="B5" target="B4"/>
  <move id="177" source="E4" target="B4"/>
  <move id="178" source="B4" target="B5"/>
  <move id="179" source="G3" target="F3"/>
  <move id="180" source="B5" target="B6"/>
  <move id="181" source="F3" target="E3"/>
  <move id="182" source="B6" target="B7"/>
  <move id="183" source="E3" target="D3"/>
  <move id="184" source="B7" target="B8"/>
  <move id="185" source="D3" target="D4"/>
  <move id="186" source="B8" target="C8"/>
  <move id="187" source="I2" target="H2"/>
  <move id="188" source="C:" target="C9"/>
  <move id="189" source="H2" target="H3"/>
  <move id="190" source="C9" target="B9"/>
  <move id="191" source="H3" target="G3"/>
  <move id="192" source="B9" target="B8"/>
  <move id="193" source="G3" target="F3"/>
  <move id="194" source="B8" target="B7"/>
  <move id="195" source="F3" target="E3"/>
  <move id="196" source="B7" target="B6"/>
  <move id="197" source="I4" target="I5"/>
  <move id="198" source="B6" target="B5"/>
  <move id="199" source="I5" target="I6"/>
  <move id="200" source="B5" target="B4"/>
  <move id="201" source="I6" target="I7"/>
  <move id="202" source="B4" target="C4"/>
  <move id="203" source="E3" target="D3"/>
  <move id="204" source="C4" target="D4"/>
  <move id="205" source="D3" target="E3"/>
  <move id="206" source="D4" target="E4"/>
  <move id="207" source="F4" target="E4"/>
  <move id="208" source="E7" target="E6"/>
  <move id="209" source="I3" target="I4"/>
  <move id="210" source="E6" target="E5"/>
  <move id="211" source="E3" target="E5"/>
  <move id="212" source="E5" target="E4"/>
  <move id="213" source="I4" target="I5"/>
  <move id="214" source="E4" target="E5"/>
  <move id="215" source="I5" target="I6"/>
  <move id="216" source="E5" target="E6"/>
  <move id="217" source="I7" target="I8"/>
  <move id="218" source="C8" target="C9"/>
  <move id="219" source="A2" target="A3"/>
  <move id="220" source="C9" target="B9"/>
  <move id="221" source="A3" target="B3"/>
  <move id="222" source="B9" target="B8"/>
  <move id="223" source="B3" target="C3"/>
  <move id="224" source="B8" target="B7"/>
  <move id="225" source="C3" target="D3"/>
  <move id="226" source="D8" target="E8"/>
  <move id="227" source="D3" target="E3"/>
  <move id="228" source="D7" target="D8"/>
  <move id="229" source="E3" target="F3"/>
  <move id="230" source="C7" target="D7"/>
  <move id="231" source="F3" target="G3"/>
  <move id="232" source="D7" target="E7"/>
  <move id="233" source="G3" target="H3"/>
  <move id="234" source="G7" target="F7"/>
  <move id="235" source="D2" target="D3"/>
  <move id="236" source="F7" target="F8"/>
  <move id="237" source="D3" target="E3"/>
  <move id="238" source="E7" target="F7"/>
  <move id="239" source="H3" target="I3"/>
  <move id="240" source="F7" target="G7"/>
  <move id="241" source="I3" target="I4"/>
  <move id="242" source="G7" target="H7"/>
  <move id="243" source="I4" target="I5"/>
  <move id="244" source="H7" target="I7"/>
  <move id="245" source="I6" target="I7"/>
  <move id="246" source="D8" target="D7"/>
  <move id="247" source="I5" target="I6"/>
  <move id="248" source="D7" target="E7"/>
  <move id="249" source="I6" target="I7"/>
  <move id="250" source="E7" target="F7"/>
  <move id="251" source="I8" target="I9"/>
  <move id="252" source="F7" target="F6"/>
  <move id="253" source="K7" target="K8"/>
  <move id="254" source="F6" target="F5"/>
  <move id="255" source="I7" target="I8"/>
  <move id="256" source="F5" target="F4"/>
  <move id="257" source="G4" target="G3"/>
  <move id="258" source="F4" target="F3"/>
  <move id="259" source="G3" target="G4"/>
  <move id="260" source="F3" target="F4"/>
  <move id="261" source="G4" target="G3"/>
  <move id="262" source="F4" target="F3"/>
  <move id="263" source="G3" target="H3"/>
  <move id="264" source="F3" target="E3"/>
  <move id="265" source="I9" target="I:"/>
  <move id="266" source="E3" target="F3"/>
  <move id="267" source="I8" target="I9"/>
  <move id="268" source="K9" target="K8"/>
  <move id="269" source="I9" target="I:"/>
  <move id="270" source="K:" target="I:"/>
  <move id="271" source="H3" target="I3"/>
  <move id="272" source="F3" target="F4"/>
  <move id="273" source="I3" target="I4"/>
  <move id="274" source="F4" target="F5"/>
  <move id="275" source="I4" target="I5"/>
  <move id="276" source="F5" target="F6"/>
  <move id="277" source="I5" target="I6"/>
  <move id="278" source="F6" target="F7"/>
  <move id="279" source="I6" target="I7"/>
  <move id="280" source="F7" target="G7"/>
  <move id="281" source="I7" target="I8"/>
  <move id="282" source="G7" target="H7"/>
  <move id="283" source="I8" target="I9"/>
  <move id="284" source="H7" target="I7"/>
  <move id="285" source="I9" target="I:"/>
  <move id="286" source="I7" target="I8"/>
  <move id="287" source="I:" target="H:"/>
  <move id="288" source="I8" target="I9"/>
  <move id="289" source="I1" target="I2"/>
  <move id="290" source="I9" target="I:"/>
  <move id="291" source="H:" target="G:"/>
  <move id="292" source="I:" target="I9"/>
  <move id="293" source="I2" target="I3"/>
  <move id="294" source="I9" target="I8"/>
  <move id="295" source="I3" target="H3"/>
  <move id="296" source="I8" target="I7"/>
  <move id="297" source="H3" target="G3"/>
  <move id="298" source="I7" target="H7"/>
  <move id="299" source="G3" target="G4"/>
  <move id="300" source="H7" target="G7"/>
  <move id="301" source="G4" target="F4"/>
  <move id="302" source="G7" target="F7"/>
  <move id="303" source="F4" target="E4"/>
  <move id="304" source="E6" target="F6"/>
  <move id="305" source="E4" target="F4"/>
  <move id="306" source="F6" target="E6"/>
  <move id="307" source="F4" target="E4"/>
  <move id="308" source="E6" target="F6"/>
  <move id="309" source="E4" target="F4"/>
  <move id="310" source="F6" target="E6"/>
  <move id="311" source="F4" target="E4"/>
  <move id="312" source="E6" target="E7"/>
  <move id="313" source="E4" target="D4"/>
  <move id="314" source="E7" target="D7"/>
  <move id="315" source="D4" target="C4"/>
  <move id="316" source="D7" target="D8"/>
  <move id="317" source="C4" target="B4"/>
  <move id="318" source="F7" target="E7"/>
  <move id="319" source="B4" target="B5"/>
  <move id="320" source="E7" target="D7"/>
  <move id="321" source="B5" target="B6"/>
  <move id="322" source="A6" target="A5"/>
  <move id="323" source="B6" target="A6"/>
  <move id="324" source="A5" target="B5"/>
  <move id="325" source="A6" target="A5"/>
  <move id="326" source="B5" target="B4"/>
  <move id="327" source="A5" target="B5"/>
  <move id="328" source="B4" target="C4"/>
  <move id="329" source="B5" target="B4"/>
  <move id="330" source="C4" target="D4"/>
  <move id="331" source="B4" target="C4"/>
  <move id="332" source="D4" target="D3"/>
  <move id="333" source="C4" target="D4"/>
  <move id="334" source="D3" target="C3"/>
  <move id="335" source="D4" target="D3"/>
  <move id="336" source="C3" target="C2"/>
  <move id="337" source="D3" target="D4"/>
  <move id="338" source="E8" target="E7"/>
  <move id="339" source="D4" target="C4"/>
  <move id="340" source="E7" target="E6"/>
  <move id="341" source="C4" target="B4"/>
  <move id="342" source="E6" target="E5"/>
  <move id="343" source="B4" target="B5"/>
  <move id="344" source="E5" target="E4"/>
  <move id="345" source="B5" target="B6"/>
  <move id="346" source="B7" target="B6"/>
  <move id="347" source="B6" target="B7"/>
  <move id="348" source="D7" target="C7"/>
  <move id="349" source="B7" target="C7"/>
  <move id="350" source="G8" target="G7"/>
  <move id="351" source="H4" target="I4"/>
  <move id="352" source="G7" target="H7"/>
  <move id="353" source="I4" target="K4"/>
  <move id="354" source="H7" target="I7"/>
  <move id="355" source="K4" target="K:"/>
  <move id="356" source="I7" target="I6"/>
  <move id="357" source="K:" target="G:"/>
  <move id="358" source="I6" target="I5"/>
  <move id="359" source="C2" target="C3"/>
  <move id="360" source="E9" target="E8"/>
  <move id="361" source="C3" target="C4"/>
  <move id="362" source="E8" target="E7"/>
  <move id="363" source="C4" target="B4"/>
  <move id="364" source="E7" target="D7"/>
  <move id="365" source="B4" target="B5"/>
  <move id="366" source="D7" target="C7"/>
  <move id="367" source="B5" target="A5"/>
  <move id="368" source="E4" target="D4"/>
  <move id="369" source="A5" target="A6"/>
  <move id="370" source="C7" target="B7"/>
  <move id="371" source="A6" target="A5"/>
  <move id="372" source="D4" target="C4"/>
  <move id="373" source="A5" target="A4"/>
  <move id="374" source="C4" target="B4"/>
  <move id="375" source="A4" target="A3"/>
  <move id="376" source="B7" target="B6"/>
  <move id="377" source="D1" target="D2"/>
  <move id="378" source="B6" target="B7"/>
  <move id="379" source="D2" target="D3"/>
  <move id="380" source="I5" target="I6"/>
  <move id="381" source="D3" target="E3"/>
  <move id="382" source="I6" target="I7"/>
  <move id="383" source="E3" target="E4"/>
  <move id="384" source="B7" target="C7"/>
  <move id="385" source="E4" target="E5"/>
  <move id="386" source="C7" target="D7"/>
  <move id="387" source="E5" target="F5"/>
  <move id="388" source="D7" target="E7"/>
  <move id="389" source="F5" target="F4"/>
  <move id="390" source="I7" target="I6"/>
  <move id="391" source="F4" target="G4"/>
  <move id="392" source="I6" target="I5"/>
  <move id="393" source="G4" target="H4"/>
  <move id="394" source="I5" target="I4"/>
  <move id="395" source="H4" target="H3"/>
  <move id="396" source="I4" target="I3"/>
  <move id="397" source="H3" target="H2"/>
  <move id="398" source="D8" target="E8"/>
  <move id="399" source="C1" target="C2"/>
  <move id="400" source="E7" target="E6"/>
  <move id="401" source="C2" target="C3"/>
  <move id="402" source="E6" target="E5"/>
  <move id="403" source="C3" target="D3"/>
  <move id="404" source="E5" target="E4"/>
  <move id="405" source="H2" target="I2"/>
  <move id="406" source="I3" target="I2"/>
  <move id="407" source="D3" target="E3"/>
  <move id="408" source="E4" target="E3"/>
  <player id="1">Player 1</player>
  <player id="2">Player 2</player>
  <result type="3" winner="2"/>
 </game>
</stratego>