<?xml version="1.0" encoding="UTF-8"?>
<stratego>
 <game type="classic">
  
  <field content="DEBHHHEMBEDFGBIIIBHGDFEGBBJCJGDLDDDDFKFEAA__AA__AAAA__AA__AAPVRUSUNRPPVXTNUWNSNSSYRTTOTQRNQNQPQPPPPQ"/>
  <move id="1" source="B4" target="B5"/>
  <move id="2" source="A7" target="A6"/>
  <move id="3" source="A4" target="A5"/>
  <move id="4" source="A6" target="A5"/>
  <move id="5" source="B5" target="B6"/>
  <move id="6" source="B7" target="B6"/>
  <move id="7" source="A3" target="A4"/>
  <move id="8" source="A8" target="A7"/>
  <move id="9" source="A4" target="A5"/>
  <move id="10" source="F7" target="F6"/>
  <move id="11" source="A5" target="A6"/>
  <move id="12" source="F6" target="F5"/>
  <move id="13" source="B6" target="B5"/>
  <move id="14" source="F8" target="F7"/>
  <move id="15" source="A6" target="B6"/>
  <move id="16" source="F7" target="F6"/>
  <move id="17" source="B6" target="B7"/>
  <move id="18" source="A7" target="B7"/>
  <move id="19" source="B5" target="B6"/>
  <move id="20" source="B7" target="A7"/>
  <move id="21" source="B6" target="A6"/>
  <move id="22" source="A9" target="A8"/>
  <move id="23" source="A6" target="A7"/>
  <move id="24" source="F5" target="F4"/>
  <move id="25" source="A7" target="A6"/>
  <move id="26" source="F6" target="F5"/>
  <move id="27" source="A6" target="A5"/>
  <move id="28" source="F5" target="E5"/>
  <move id="29" source="A5" target="A4"/>
  <move id="30" source="F4" target="E4"/>
  <move id="31" source="C4" target="B4"/>
  <move id="32" source="E4" target="E3"/>
  <move id="33" source="B4" target="B8"/>
  <move id="34" source="E7" target="F7"/>
  <move id="35" source="A4" target="B4"/>
  <move id="36" source="F7" target="F6"/>
  <move id="37" source="D4" target="C4"/>
  <move id="38" source="E5" target="E4"/>
  <move id="39" source="C4" target="E4"/>
  <move id="40" source="E4" target="D4"/>
  <move id="41" source="B4" target="C4"/>
  <move id="42" source="D4" target="D3"/>
  <move id="43" source="C4" target="D4"/>
  <move id="44" source="D3" target="D2"/>
  <move id="45" source="D4" target="E4"/>
  <move id="46" source="I7" target="I4"/>
  <move id="47" source="K4" target="K5"/>
  <move id="48" source="B8" target="B7"/>
  <move id="49" source="E4" target="D4"/>
  <move id="50" source="H7" target="I7"/>
  <move id="51" source="K5" target="I5"/>
  <move id="52" source="I7" target="I6"/>
  <move id="53" source="I5" target="K5"/>
  <move id="54" source="I6" target="I5"/>
  <move id="55" source="K5" target="K6"/>
  <move id="56" source="I5" target="I4"/>
  <move id="57" source="H4" target="I4"/>
  <move id="58" source="H8" target="H7"/>
  <move id="59" source="I4" target="I5"/>
  <move id="60" source="H7" target="I7"/>
  <move id="61" source="I5" target="I6"/>
  <move id="62" source="I7" target="I6"/>
  <move id="63" source="I6" target="I7"/>
  <move id="64" source="F6" target="F5"/>
  <move id="65" source="D4" target="E4"/>
  <move id="66" source="B7" target="B6"/>
  <move id="67" source="G4" target="H4"/>
  <move id="68" source="B6" target="B5"/>
  <move id="69" source="E4" target="D4"/>
  <move id="70" source="B5" target="B4"/>
  <move id="71" source="D4" target="C4"/>
  <move id="72" source="B4" target="B3"/>
  <move id="73" source="G3" target="G4"/>
  <move id="74" source="B3" target="B2"/>
  <move id="75" source="C4" target="B4"/>
  <move id="76" source="B2" target="B1"/>
  <move id="77" source="B4" target="B3"/>
  <move id="78" source="B1" target="C1"/>
  <move id="79" source="G4" target="F4"/>
  <player id="1">Player 1</player>
  <player id="2">Player 2</player>
  <result type="3" winner="1"/>
 </game>
</stratego>