<?xml version="1.0" encoding="UTF-8"?>
<stratego>
 <game type="classic">
  
  <field content="EEHEEGBDMDDEDDDFJBIBHHICLHFKFIBJGGFBGDBDAA__AA__AAAA__AA__AAPNQPTUPQVPWTPSXNSRNTQPOUSVNTRQRSPQUNYNRP"/>
  <move id="1" source="K4" target="K5"/>
  <move id="2" source="K7" target="K5"/>
  <move id="3" source="B4" target="B5"/>
  <move id="4" source="I7" target="I6"/>
  <move id="5" source="K3" target="K4"/>
  <move id="6" source="F7" target="F6"/>
  <move id="7" source="B3" target="B4"/>
  <move id="8" source="E7" target="E6"/>
  <move id="9" source="C3" target="B3"/>
  <move id="10" source="E6" target="E5"/>
  <move id="11" source="D3" target="C3"/>
  <move id="12" source="E5" target="E4"/>
  <move id="13" source="E3" target="D3"/>
  <move id="14" source="E4" target="F4"/>
  <move id="15" source="F3" target="E3"/>
  <move id="16" source="D7" target="E7"/>
  <move id="17" source="B5" target="A5"/>
  <move id="18" source="E7" target="E3"/>
  <move id="19" source="B4" target="B5"/>
  <move id="20" source="A7" target="A5"/>
  <move id="21" source="B5" target="B6"/>
  <move id="22" source="A8" target="A7"/>
  <move id="23" source="A5" target="A6"/>
  <move id="24" source="A7" target="A6"/>
  <move id="25" source="K4" target="K5"/>
  <move id="26" source="A6" target="B6"/>
  <move id="27" source="K5" target="K6"/>
  <move id="28" source="I6" target="K6"/>
  <move id="29" source="E3" target="F3"/>
  <move id="30" source="B8" target="A8"/>
  <move id="31" source="E2" target="E8"/>
  <move id="32" source="A8" target="A7"/>
  <move id="33" source="D2" target="E2"/>
  <move id="34" source="A7" target="A6"/>
  <move id="35" source="D3" target="D2"/>
  <move id="36" source="A6" target="A5"/>
  <move id="37" source="C3" target="D3"/>
  <move id="38" source="A5" target="B5"/>
  <move id="39" source="B3" target="C3"/>
  <move id="40" source="B5" target="B4"/>
  <move id="41" source="D3" target="E3"/>
  <move id="42" source="B4" target="C4"/>
  <move id="43" source="C3" target="C4"/>
  <move id="44" source="K8" target="K7"/>
  <move id="45" source="E3" target="D3"/>
  <move id="46" source="B9" target="B8"/>
  <move id="47" source="A3" target="B3"/>
  <move id="48" source="B8" target="A8"/>
  <move id="49" source="C4" target="B4"/>
  <move id="50" source="A8" target="A5"/>
  <move id="51" source="B4" target="B5"/>
  <move id="52" source="A5" target="B5"/>
  <move id="53" source="B5" target="B6"/>
  <move id="54" source="B6" target="B5"/>
  <move id="55" source="D3" target="E3"/>
  <move id="56" source="B5" target="B4"/>
  <move id="57" source="E3" target="E4"/>
  <move id="58" source="B4" target="C4"/>
  <move id="59" source="E4" target="E5"/>
  <move id="60" source="C4" target="D4"/>
  <move id="61" source="E5" target="E6"/>
  <move id="62" source="F6" target="F5"/>
  <move id="63" source="E6" target="F6"/>
  <move id="64" source="F5" target="E5"/>
  <move id="65" source="F6" target="F7"/>
  <move id="66" source="D8" target="D7"/>
  <move id="67" source="F7" target="E7"/>
  <move id="68" source="E8" target="E7"/>
  <move id="69" source="B3" target="B4"/>
  <move id="70" source="D4" target="C4"/>
  <move id="71" source="B4" target="C4"/>
  <move id="72" source="K6" target="K5"/>
  <move id="73" source="D2" target="D3"/>
  <move id="74" source="G7" target="F7"/>
  <move id="75" source="D3" target="C3"/>
  <move id="76" source="C4" target="D4"/>
  <move id="77" source="F3" target="E3"/>
  <move id="78" source="F7" target="F4"/>
  <move id="79" source="C3" target="C4"/>
  <move id="80" source="D4" target="C4"/>
  <move id="81" source="C4" target="B4"/>
  <move id="82" source="E5" target="E4"/>
  <move id="83" source="E3" target="D3"/>
  <move id="84" source="E4" target="E3"/>
  <move id="85" source="D3" target="C3"/>
  <move id="86" source="E3" target="F3"/>
  <move id="87" source="C3" target="B3"/>
  <move id="88" source="F3" target="G3"/>
  <move id="89" source="H3" target="G3"/>
  <move id="90" source="E7" target="E6"/>
  <move id="91" source="E2" target="E6"/>
  <move id="92" source="E6" target="E5"/>
  <move id="93" source="B4" target="B5"/>
  <move id="94" source="E5" target="E4"/>
  <move id="95" source="B5" target="B6"/>
  <move id="96" source="C9" target="B9"/>
  <move id="97" source="B6" target="A6"/>
  <move id="98" source="B9" target="B8"/>
  <move id="99" source="A6" target="A5"/>
  <move id="100" source="E4" target="E3"/>
  <move id="101" source="A5" target="B5"/>
  <move id="102" source="E3" target="F3"/>
  <move id="103" source="B5" target="B4"/>
  <move id="104" source="F3" target="G3"/>
  <move id="105" source="F2" target="E2"/>
  <move id="106" source="G3" target="F3"/>
  <move id="107" source="B4" target="C4"/>
  <move id="108" source="F3" target="E3"/>
  <move id="109" source="E2" target="D2"/>
  <move id="110" source="E3" target="D3"/>
  <move id="111" source="C4" target="C3"/>
  <move id="112" source="D3" target="C3"/>
  <move id="113" source="D2" target="D3"/>
  <move id="114" source="D7" target="E7"/>
  <move id="115" source="D3" target="D4"/>
  <move id="116" source="E7" target="E6"/>
  <move id="117" source="D4" target="C4"/>
  <move id="118" source="E6" target="E5"/>
  <move id="119" source="C4" target="B4"/>
  <move id="120" source="E5" target="E4"/>
  <move id="121" source="B4" target="B5"/>
  <move id="122" source="E4" target="F4"/>
  <move id="123" source="B5" target="A5"/>
  <move id="124" source="B8" target="A8"/>
  <move id="125" source="A5" target="A6"/>
  <move id="126" source="A8" target="A7"/>
  <move id="127" source="A6" target="A7"/>
  <move id="128" source="B:" target="B9"/>
  <move id="129" source="A7" target="A8"/>
  <move id="130" source="D9" target="D8"/>
  <move id="131" source="A8" target="A9"/>
  <move id="132" source="B9" target="A9"/>
  <move id="133" source="B3" target="B4"/>
  <move id="134" source="D8" target="D7"/>
  <move id="135" source="B4" target="C4"/>
  <move id="136" source="D7" target="E7"/>
  <move id="137" source="B2" target="B3"/>
  <move id="138" source="E7" target="E6"/>
  <move id="139" source="B3" target="B4"/>
  <move id="140" source="E6" target="E5"/>
  <move id="141" source="B4" target="B5"/>
  <move id="142" source="E5" target="E4"/>
  <move id="143" source="B5" target="B6"/>
  <move id="144" source="E4" target="D4"/>
  <move id="145" source="B6" target="B7"/>
  <move id="146" source="D4" target="C4"/>
  <move id="147" source="B7" target="C7"/>
  <move id="148" source="C4" target="C3"/>
  <move id="149" source="A2" target="A3"/>
  <move id="150" source="C3" target="B3"/>
  <move id="151" source="C2" target="D2"/>
  <move id="152" source="B3" target="A3"/>
  <move id="153" source="B1" target="B2"/>
  <move id="154" source="A3" target="A2"/>
  <move id="155" source="B2" target="B3"/>
  <move id="156" source="A2" target="A1"/>
  <move id="157" source="D2" target="D4"/>
  <move id="158" source="A1" target="B1"/>
  <move id="159" source="D4" target="E4"/>
  <move id="160" source="B1" target="C1"/>
  <move id="161" source="E4" target="E9"/>
  <move id="162" source="C1" target="D1"/>
  <move id="163" source="E1" target="E2"/>
  <move id="164" source="D1" target="E1"/>
  <move id="165" source="E2" target="E3"/>
  <move id="166" source="E1" target="F1"/>
  <move id="167" source="E3" target="E4"/>
  <move id="168" source="E9" target="D9"/>
  <move id="169" source="E4" target="E5"/>
  <move id="170" source="E:" target="E9"/>
  <move id="171" source="E5" target="E6"/>
  <move id="172" source="E9" target="E8"/>
  <move id="173" source="E6" target="F6"/>
  <move id="174" source="E8" target="E7"/>
  <move id="175" source="F6" target="F5"/>
  <move id="176" source="F1" target="F2"/>
  <move id="177" source="F5" target="F6"/>
  <move id="178" source="F2" target="F3"/>
  <move id="179" source="B3" target="B4"/>
  <move id="180" source="F3" target="G3"/>
  <move id="181" source="B4" target="B5"/>
  <move id="182" source="G3" target="G4"/>
  <move id="183" source="B5" target="B6"/>
  <move id="184" source="G4" target="H4"/>
  <move id="185" source="B6" target="B7"/>
  <move id="186" source="H4" target="H3"/>
  <move id="187" source="B7" target="B8"/>
  <move id="188" source="H3" target="I3"/>
  <move id="189" source="B8" target="C8"/>
  <move id="190" source="D9" target="D8"/>
  <move id="191" source="C8" target="C9"/>
  <move id="192" source="A:" target="B:"/>
  <move id="193" source="C9" target="C:"/>
  <move id="194" source="B:" target="C:"/>
  <move id="195" source="G2" target="G3"/>
  <move id="196" source="I3" target="H3"/>
  <move id="197" source="G3" target="H3"/>
  <move id="198" source="E7" target="E6"/>
  <move id="199" source="H3" target="I3"/>
  <move id="200" source="E6" target="F6"/>
  <move id="201" source="I3" target="K3"/>
  <move id="202" source="F6" target="F5"/>
  <move id="203" source="K3" target="K4"/>
  <move id="204" source="H7" target="I7"/>
  <move id="205" source="K4" target="K5"/>
  <move id="206" source="K7" target="K6"/>
  <move id="207" source="I2" target="I3"/>
  <move id="208" source="K6" target="K5"/>
  <move id="209" source="I3" target="K3"/>
  <move id="210" source="F5" target="E5"/>
  <move id="211" source="K3" target="K4"/>
  <move id="212" source="E5" target="E4"/>
  <move id="213" source="K4" target="K5"/>
  <move id="214" source="E4" target="E3"/>
  <move id="215" source="K5" target="K4"/>
  <move id="216" source="E3" target="F3"/>
  <move id="217" source="K4" target="K5"/>
  <move id="218" source="F3" target="G3"/>
  <move id="219" source="K5" target="K6"/>
  <move id="220" source="G3" target="H3"/>
  <move id="221" source="K6" target="K7"/>
  <move id="222" source="I7" target="I6"/>
  <move id="223" source="K7" target="K8"/>
  <move id="224" source="I6" target="I5"/>
  <move id="225" source="K8" target="K9"/>
  <move id="226" source="I5" target="I4"/>
  <move id="227" source="K9" target="I9"/>
  <move id="228" source="H3" target="I3"/>
  <move id="229" source="I9" target="H9"/>
  <move id="230" source="I3" target="K3"/>
  <move id="231" source="H9" target="G9"/>
  <player id="1">Player 1</player>
  <player id="2">Player 2</player>
  <result type="0" winner="2"/>
 </game>
</stratego>