<?xml version="1.0" encoding="UTF-8"?>
<stratego>
 <game type="classic">
  
  <field content="MBEGEEFEBFBHDGGFHIIBEKILBBHCHDGDJDDDDJDFAA__AA__AAAA__AA__AASUNVSTOSTUNNQTWPQRXQRRQPQUNSPTPPVPPNYNRP"/>
  <move id="1" source="B4" target="B7"/>
  <move id="2" source="A7" target="A6"/>
  <move id="3" source="I4" target="I7"/>
  <move id="4" source="A6" target="A5"/>
  <move id="5" source="C4" target="B4"/>
  <move id="6" source="A5" target="A6"/>
  <move id="7" source="A4" target="A5"/>
  <move id="8" source="A6" target="A7"/>
  <move id="9" source="B4" target="B5"/>
  <move id="10" source="I7" target="I6"/>
  <move id="11" source="E4" target="E5"/>
  <move id="12" source="K7" target="K6"/>
  <move id="13" source="F4" target="F5"/>
  <move id="14" source="K8" target="K7"/>
  <move id="15" source="H4" target="I4"/>
  <move id="16" source="H7" target="I7"/>
  <move id="17" source="K4" target="K5"/>
  <move id="18" source="K6" target="K5"/>
  <move id="19" source="I4" target="I5"/>
  <move id="20" source="K5" target="I5"/>
  <move id="21" source="I5" target="I6"/>
  <move id="22" source="I7" target="H7"/>
  <move id="23" source="K3" target="K7"/>
  <move id="24" source="I8" target="I7"/>
  <move id="25" source="I6" target="K6"/>
  <move id="26" source="K7" target="K8"/>
  <move id="27" source="H3" target="H4"/>
  <move id="28" source="E7" target="E6"/>
  <move id="29" source="H4" target="I4"/>
  <move id="30" source="E6" target="E5"/>
  <move id="31" source="I4" target="I5"/>
  <move id="32" source="E5" target="F5"/>
  <move id="33" source="I3" target="I4"/>
  <move id="34" source="I9" target="I8"/>
  <move id="35" source="A5" target="A6"/>
  <move id="36" source="K9" target="I9"/>
  <move id="37" source="A3" target="A4"/>
  <move id="38" source="K8" target="K9"/>
  <move id="39" source="A6" target="B6"/>
  <move id="40" source="I7" target="K7"/>
  <move id="41" source="K6" target="I6"/>
  <move id="42" source="K7" target="I7"/>
  <move id="43" source="B5" target="A5"/>
  <move id="44" source="I8" target="K8"/>
  <move id="45" source="I4" target="K4"/>
  <move id="46" source="A7" target="A6"/>
  <move id="47" source="A5" target="A6"/>
  <move id="48" source="F5" target="F4"/>
  <move id="49" source="A6" target="A7"/>
  <move id="50" source="B7" target="B6"/>
  <move id="51" source="A7" target="A6"/>
  <move id="52" source="B6" target="B5"/>
  <move id="53" source="K4" target="K5"/>
  <move id="54" source="B5" target="B4"/>
  <move id="55" source="A6" target="B6"/>
  <move id="56" source="B4" target="A4"/>
  <move id="57" source="B6" target="B5"/>
  <move id="58" source="A4" target="A3"/>
  <move id="59" source="B3" target="A3"/>
  <move id="60" source="F4" target="G4"/>
  <move id="61" source="G3" target="G4"/>
  <move id="62" source="D7" target="E7"/>
  <move id="63" source="K5" target="K6"/>
  <move id="64" source="E7" target="D7"/>
  <move id="65" source="I5" target="K5"/>
  <move id="66" source="K8" target="K6"/>
  <move id="67" source="I6" target="I5"/>
  <move id="68" source="E8" target="E7"/>
  <move id="69" source="K6" target="I6"/>
  <move id="70" source="I7" target="I6"/>
  <move id="71" source="I5" target="I4"/>
  <move id="72" source="E7" target="E6"/>
  <move id="73" source="I4" target="H4"/>
  <move id="74" source="E6" target="E5"/>
  <move id="75" source="G4" target="G3"/>
  <move id="76" source="E5" target="F5"/>
  <move id="77" source="I2" target="I3"/>
  <move id="78" source="F5" target="F4"/>
  <move id="79" source="I3" target="I4"/>
  <move id="80" source="F4" target="G4"/>
  <move id="81" source="D4" target="C4"/>
  <move id="82" source="G4" target="H4"/>
  <move id="83" source="I4" target="I5"/>
  <move id="84" source="I6" target="I7"/>
  <move id="85" source="K5" target="K6"/>
  <move id="86" source="H4" target="I4"/>
  <move id="87" source="I5" target="I6"/>
  <move id="88" source="I7" target="I8"/>
  <move id="89" source="K6" target="K7"/>
  <move id="90" source="I4" target="I5"/>
  <move id="91" source="I6" target="I7"/>
  <move id="92" source="H7" target="I7"/>
  <move id="93" source="D3" target="D4"/>
  <move id="94" source="I8" target="I7"/>
  <move id="95" source="K7" target="I7"/>
  <move id="96" source="I5" target="I4"/>
  <move id="97" source="D4" target="E4"/>
  <move id="98" source="I4" target="I3"/>
  <move id="99" source="E4" target="F4"/>
  <move id="100" source="I3" target="I2"/>
  <move id="101" source="F4" target="G4"/>
  <move id="102" source="I2" target="H2"/>
  <move id="103" source="G3" target="H3"/>
  <move id="104" source="H2" target="G2"/>
  <move id="105" source="G4" target="G3"/>
  <move id="106" source="G2" target="F2"/>
  <move id="107" source="G3" target="G2"/>
  <move id="108" source="F2" target="E2"/>
  <move id="109" source="G2" target="F2"/>
  <move id="110" source="E2" target="D2"/>
  <move id="111" source="F2" target="E2"/>
  <move id="112" source="D2" target="D3"/>
  <move id="113" source="A3" target="B3"/>
  <move id="114" source="D3" target="D4"/>
  <move id="115" source="E2" target="F2"/>
  <move id="116" source="D4" target="E4"/>
  <move id="117" source="F2" target="G2"/>
  <move id="118" source="E4" target="E5"/>
  <move id="119" source="G2" target="G3"/>
  <move id="120" source="E5" target="E6"/>
  <move id="121" source="G3" target="G4"/>
  <move id="122" source="F7" target="E7"/>
  <move id="123" source="C4" target="D4"/>
  <move id="124" source="E7" target="E8"/>
  <move id="125" source="G4" target="F4"/>
  <move id="126" source="G7" target="F7"/>
  <move id="127" source="D4" target="E4"/>
  <move id="128" source="F7" target="E7"/>
  <move id="129" source="I7" target="H7"/>
  <move id="130" source="E7" target="F7"/>
  <move id="131" source="H7" target="I7"/>
  <move id="132" source="E6" target="F6"/>
  <move id="133" source="I7" target="K7"/>
  <move id="134" source="D7" target="E7"/>
  <move id="135" source="K7" target="K8"/>
  <move id="136" source="G8" target="G7"/>
  <move id="137" source="E4" target="E5"/>
  <move id="138" source="G7" target="H7"/>
  <move id="139" source="K8" target="K9"/>
  <move id="140" source="H7" target="I7"/>
  <move id="141" source="H3" target="I3"/>
  <move id="142" source="I9" target="I8"/>
  <move id="143" source="F4" target="G4"/>
  <move id="144" source="I8" target="K8"/>
  <move id="145" source="G4" target="H4"/>
  <move id="146" source="H8" target="H7"/>
  <move id="147" source="H4" target="I4"/>
  <move id="148" source="I7" target="I8"/>
  <move id="149" source="I4" target="I5"/>
  <move id="150" source="H7" target="I7"/>
  <move id="151" source="I3" target="I4"/>
  <move id="152" source="I7" target="I6"/>
  <move id="153" source="I4" target="K4"/>
  <move id="154" source="I6" target="I5"/>
  <move id="155" source="K4" target="K5"/>
  <move id="156" source="E7" target="D7"/>
  <move id="157" source="I5" target="I6"/>
  <move id="158" source="E8" target="E7"/>
  <move id="159" source="K5" target="K6"/>
  <move id="160" source="E9" target="E8"/>
  <move id="161" source="K6" target="K7"/>
  <move id="162" source="K8" target="K7"/>
  <move id="163" source="C2" target="I2"/>
  <move id="164" source="F6" target="E6"/>
  <move id="165" source="E5" target="E4"/>
  <move id="166" source="E6" target="E5"/>
  <move id="167" source="E4" target="D4"/>
  <move id="168" source="E7" target="E6"/>
  <move id="169" source="D4" target="C4"/>
  <move id="170" source="E8" target="E7"/>
  <move id="171" source="I2" target="I3"/>
  <move id="172" source="F8" target="G8"/>
  <move id="173" source="I3" target="I4"/>
  <move id="174" source="E5" target="E4"/>
  <move id="175" source="C4" target="B4"/>
  <move id="176" source="E6" target="E5"/>
  <move id="177" source="C3" target="D3"/>
  <move id="178" source="E7" target="E6"/>
  <move id="179" source="D3" target="D2"/>
  <move id="180" source="E4" target="D4"/>
  <move id="181" source="B4" target="A4"/>
  <move id="182" source="E5" target="E4"/>
  <move id="183" source="I4" target="E4"/>
  <move id="184" source="E6" target="E5"/>
  <move id="185" source="G1" target="G2"/>
  <move id="186" source="D4" target="C4"/>
  <move id="187" source="G2" target="G3"/>
  <move id="188" source="E4" target="D4"/>
  <move id="189" source="G3" target="G4"/>
  <move id="190" source="E5" target="E4"/>
  <move id="191" source="G4" target="F4"/>
  <move id="192" source="E4" target="E3"/>
  <move id="193" source="F4" target="F5"/>
  <move id="194" source="E3" target="D3"/>
  <move id="195" source="D2" target="D3"/>
  <move id="196" source="C4" target="C3"/>
  <move id="197" source="B3" target="C3"/>
  <move id="198" source="F7" target="G7"/>
  <move id="199" source="F5" target="F6"/>
  <move id="200" source="G7" target="H7"/>
  <move id="201" source="D3" target="D4"/>
  <move id="202" source="D7" target="E7"/>
  <move id="203" source="D4" target="E4"/>
  <move id="204" source="E7" target="E6"/>
  <move id="205" source="E4" target="E5"/>
  <move id="206" source="E6" target="F6"/>
  <move id="207" source="I6" target="I5"/>
  <move id="208" source="F6" target="E6"/>
  <move id="209" source="E5" target="E4"/>
  <move id="210" source="E6" target="E5"/>
  <move id="211" source="E4" target="D4"/>
  <move id="212" source="E5" target="E4"/>
  <move id="213" source="D4" target="C4"/>
  <move id="214" source="E4" target="D4"/>
  <move id="215" source="C4" target="B4"/>
  <move id="216" source="D4" target="C4"/>
  <move id="217" source="B4" target="B3"/>
  <move id="218" source="H7" target="I7"/>
  <move id="219" source="B5" target="B4"/>
  <move id="220" source="I8" target="H8"/>
  <move id="221" source="B4" target="C4"/>
  <move id="222" source="H8" target="H7"/>
  <move id="223" source="A4" target="E4"/>
  <move id="224" source="D8" target="D7"/>
  <move id="225" source="E4" target="F4"/>
  <move id="226" source="F9" target="F8"/>
  <move id="227" source="F4" target="F6"/>
  <move id="228" source="H7" target="G7"/>
  <move id="229" source="H1" target="H2"/>
  <move id="230" source="F8" target="F7"/>
  <move id="231" source="H2" target="I2"/>
  <move id="232" source="F7" target="F6"/>
  <move id="233" source="I2" target="I3"/>
  <move id="234" source="G8" target="K8"/>
  <move id="235" source="I3" target="I4"/>
  <move id="236" source="F6" target="E6"/>
  <move id="237" source="I4" target="K4"/>
  <move id="238" source="G7" target="F7"/>
  <move id="239" source="K4" target="K5"/>
  <move id="240" source="F7" target="F6"/>
  <move id="241" source="K5" target="K6"/>
  <move id="242" source="E6" target="E5"/>
  <move id="243" source="K6" target="I6"/>
  <move id="244" source="I7" target="K7"/>
  <move id="245" source="I5" target="K5"/>
  <move id="246" source="F6" target="F5"/>
  <move id="247" source="I6" target="I7"/>
  <move id="248" source="E5" target="E4"/>
  <move id="249" source="I7" target="K7"/>
  <move id="250" source="E4" target="E3"/>
  <move id="251" source="K7" target="I7"/>
  <move id="252" source="F5" target="E5"/>
  <move id="253" source="K5" target="K6"/>
  <move id="254" source="E5" target="E4"/>
  <move id="255" source="K6" target="K7"/>
  <move id="256" source="E3" target="D3"/>
  <move id="257" source="K7" target="K8"/>
  <move id="258" source="E4" target="E3"/>
  <move id="259" source="K8" target="I8"/>
  <move id="260" source="D3" target="D2"/>
  <move id="261" source="I7" target="K7"/>
  <move id="262" source="E3" target="D3"/>
  <move id="263" source="K7" target="K8"/>
  <move id="264" source="D2" target="C2"/>
  <move id="265" source="K8" target="K9"/>
  <move id="266" source="D3" target="D2"/>
  <move id="267" source="D1" target="D2"/>
  <move id="268" source="C2" target="D2"/>
  <move id="269" source="I8" target="I7"/>
  <move id="270" source="D2" target="C2"/>
  <move id="271" source="I7" target="I6"/>
  <move id="272" source="C2" target="B2"/>
  <move id="273" source="I6" target="I5"/>
  <move id="274" source="B2" target="B3"/>
  <move id="275" source="I5" target="I4"/>
  <move id="276" source="C8" target="D8"/>
  <move id="277" source="I4" target="H4"/>
  <move id="278" source="D8" target="E8"/>
  <move id="279" source="H4" target="G4"/>
  <move id="280" source="C9" target="C8"/>
  <move id="281" source="G4" target="F4"/>
  <move id="282" source="E8" target="F8"/>
  <move id="283" source="F1" target="G1"/>
  <move id="284" source="C8" target="D8"/>
  <move id="285" source="G1" target="G2"/>
  <move id="286" source="D8" target="E8"/>
  <move id="287" source="G2" target="G3"/>
  <move id="288" source="F8" target="F7"/>
  <move id="289" source="F4" target="E4"/>
  <move id="290" source="D7" target="E7"/>
  <move id="291" source="G3" target="G4"/>
  <move id="292" source="E7" target="E6"/>
  <move id="293" source="G4" target="F4"/>
  <move id="294" source="E8" target="E7"/>
  <move id="295" source="E1" target="E2"/>
  <move id="296" source="F7" target="G7"/>
  <move id="297" source="E2" target="F2"/>
  <move id="298" source="G7" target="H7"/>
  <move id="299" source="F2" target="G2"/>
  <player id="1">Player 1</player>
  <player id="2">Player 2</player>
  <result type="3" winner="1"/>
 </game>
</stratego>