<?xml version="1.0" encoding="UTF-8"?>
<stratego>
 <game type="classic">
  
  <field content="MFFBFEDDEDBJBFBDDDEBHEIEHJCIHIBGHLGGKDDGAA__AA__AAAA__AA__AARPPPRTWXUSNSNUNPVOQPRPTYTSUVSPNQNRNQQTQP"/>
  <move id="1" source="B4" target="B5"/>
  <move id="2" source="I7" target="I6"/>
  <move id="3" source="C4" target="B4"/>
  <move id="4" source="K7" target="K6"/>
  <move id="5" source="B5" target="B6"/>
  <move id="6" source="H7" target="I7"/>
  <move id="7" source="B6" target="A6"/>
  <move id="8" source="K6" target="K5"/>
  <move id="9" source="B4" target="B5"/>
  <move id="10" source="I6" target="I5"/>
  <move id="11" source="B5" target="B6"/>
  <move id="12" source="I7" target="I6"/>
  <move id="13" source="F4" target="F5"/>
  <move id="14" source="K5" target="K4"/>
  <move id="15" source="I4" target="K4"/>
  <move id="16" source="K8" target="K4"/>
  <move id="17" source="H4" target="I4"/>
  <move id="18" source="I5" target="I4"/>
  <move id="19" source="G4" target="H4"/>
  <move id="20" source="I6" target="I5"/>
  <move id="21" source="H4" target="I4"/>
  <move id="22" source="I5" target="I6"/>
  <move id="23" source="F5" target="F6"/>
  <move id="24" source="I8" target="K8"/>
  <move id="25" source="G3" target="G4"/>
  <move id="26" source="K8" target="K7"/>
  <move id="27" source="G4" target="H4"/>
  <move id="28" source="K7" target="K6"/>
  <move id="29" source="K3" target="K4"/>
  <move id="30" source="K6" target="K5"/>
  <move id="31" source="I3" target="K3"/>
  <move id="32" source="I6" target="I5"/>
  <move id="33" source="F3" target="F4"/>
  <move id="34" source="K5" target="K4"/>
  <move id="35" source="E4" target="E5"/>
  <move id="36" source="G7" target="H7"/>
  <move id="37" source="E5" target="E6"/>
  <move id="38" source="H7" target="I7"/>
  <move id="39" source="K3" target="I3"/>
  <move id="40" source="I7" target="K7"/>
  <move id="41" source="K4" target="K3"/>
  <move id="42" source="K7" target="K6"/>
  <move id="43" source="I4" target="K4"/>
  <move id="44" source="I5" target="I4"/>
  <move id="45" source="K4" target="I4"/>
  <move id="46" source="I4" target="I5"/>
  <move id="47" source="F4" target="F5"/>
  <move id="48" source="F7" target="F6"/>
  <move id="49" source="F5" target="F6"/>
  <move id="50" source="E7" target="E6"/>
  <move id="51" source="E6" target="E7"/>
  <move id="52" source="K6" target="I6"/>
  <move id="53" source="E7" target="E8"/>
  <move id="54" source="I6" target="I7"/>
  <move id="55" source="F2" target="F3"/>
  <move id="56" source="I7" target="H7"/>
  <move id="57" source="F6" target="F5"/>
  <move id="58" source="H7" target="G7"/>
  <move id="59" source="F5" target="F4"/>
  <move id="60" source="K9" target="K8"/>
  <move id="61" source="D4" target="E4"/>
  <move id="62" source="K8" target="K7"/>
  <move id="63" source="E4" target="E5"/>
  <move id="64" source="K7" target="K6"/>
  <move id="65" source="E5" target="E6"/>
  <move id="66" source="K6" target="K5"/>
  <move id="67" source="E6" target="E7"/>
  <move id="68" source="D7" target="E7"/>
  <move id="69" source="E7" target="D7"/>
  <move id="70" source="K5" target="K4"/>
  <move id="71" source="D7" target="D8"/>
  <move id="72" source="K4" target="H4"/>
  <move id="73" source="D8" target="D9"/>
  <player id="1">Player 1</player>
  <player id="2">Player 2</player>
  <result type="1" winner="1"/>
 </game>
</stratego>