<?xml version="1.0" encoding="UTF-8"?>
<stratego>
 <game type="ultimate lightning">
  
  <field content="MEAAAAAAFBEAAAAAAAAFAAADJHBAAAGIKCDDDLGHAA__AA__AAAA__AA__AAARXARSAUSAAVTANNATWAPAAAAAAAAPPQAYAAQAOP"/>
  <move id="1" source="F4" target="F5"/>
  <move id="2" source="I7" target="I6"/>
  <move id="3" source="F3" target="F4"/>
  <move id="4" source="I8" target="I7"/>
  <move id="5" source="E4" target="E5"/>
  <move id="6" source="I6" target="I5"/>
  <move id="7" source="E3" target="E4"/>
  <move id="8" source="I7" target="K7"/>
  <move id="9" source="I4" target="I5"/>
  <move id="10" source="H7" target="I7"/>
  <move id="11" source="A4" target="A5"/>
  <move id="12" source="I7" target="I6"/>
  <move id="13" source="B4" target="B5"/>
  <move id="14" source="I6" target="I5"/>
  <move id="15" source="H4" target="I4"/>
  <move id="16" source="I5" target="K5"/>
  <move id="17" source="A5" target="A6"/>
  <move id="18" source="H8" target="I8"/>
  <move id="19" source="K4" target="K3"/>
  <move id="20" source="K7" target="K6"/>
  <move id="21" source="K3" target="I3"/>
  <move id="22" source="K6" target="I6"/>
  <move id="23" source="A6" target="A7"/>
  <move id="24" source="K5" target="I5"/>
  <move id="25" source="A7" target="B7"/>
  <move id="26" source="B8" target="B7"/>
  <move id="27" source="C4" target="B4"/>
  <move id="28" source="I8" target="I7"/>
  <move id="29" source="E5" target="E6"/>
  <move id="30" source="I7" target="K7"/>
  <move id="31" source="E4" target="E5"/>
  <move id="32" source="K7" target="K6"/>
  <move id="33" source="F5" target="F6"/>
  <move id="34" source="K6" target="K5"/>
  <move id="35" source="F4" target="F5"/>
  <move id="36" source="I5" target="I4"/>
  <move id="37" source="F6" target="F7"/>
  <move id="38" source="I:" target="I9"/>
  <move id="39" source="E6" target="E7"/>
  <move id="40" source="I9" target="I8"/>
  <move id="41" source="E5" target="E6"/>
  <move id="42" source="C8" target="D8"/>
  <move id="43" source="F5" target="F7"/>
  <move id="44" source="I8" target="I7"/>
  <move id="45" source="F7" target="E7"/>
  <move id="46" source="D8" target="E7"/>
  <move id="47" source="E6" target="E7"/>
  <move id="48" source="C7" target="D7"/>
  <move id="49" source="E7" target="F7"/>
  <move id="50" source="I7" target="K7"/>
  <move id="51" source="F7" target="G7"/>
  <move id="52" source="I6" target="I7"/>
  <move id="53" source="B4" target="A4"/>
  <move id="54" source="K7" target="K6"/>
  <move id="55" source="D3" target="E3"/>
  <move id="56" source="I7" target="H7"/>
  <move id="57" source="G7" target="H7"/>
  <move id="58" source="D7" target="C7"/>
  <move id="59" source="A4" target="A5"/>
  <move id="60" source="B7" target="B8"/>
  <move id="61" source="A5" target="A6"/>
  <move id="62" source="C7" target="B7"/>
  <move id="63" source="B5" target="B6"/>
  <move id="64" source="B8" target="A8"/>
  <move id="65" source="E3" target="E8"/>
  <move id="66" source="G:" target="F:"/>
  <move id="67" source="E8" target="F8"/>
  <move id="68" source="A8" target="A7"/>
  <move id="69" source="B6" target="B7"/>
  <move id="70" source="A7" target="A6"/>
  <move id="71" source="A6" target="A5"/>
  <move id="72" source="B7" target="B6"/>
  <move id="73" source="D4" target="C4"/>
  <move id="74" source="B6" target="A6"/>
  <move id="75" source="A5" target="A4"/>
  <move id="76" source="A9" target="B9"/>
  <move id="77" source="F8" target="I8"/>
  <move id="78" source="H7" target="I7"/>
  <move id="79" source="I8" target="I:"/>
  <move id="80" source="K:" target="I:"/>
  <move id="81" source="I4" target="I5"/>
  <move id="82" source="A6" target="A5"/>
  <move id="83" source="A4" target="B4"/>
  <move id="84" source="A5" target="B5"/>
  <move id="85" source="G4" target="F4"/>
  <move id="86" source="A:" target="A2"/>
  <move id="87" source="F4" target="F:"/>
  <move id="88" source="K9" target="E9"/>
  <move id="89" source="I3" target="H3"/>
  <move id="90" source="E9" target="E4"/>
  <move id="91" source="I5" target="K5"/>
  <move id="92" source="K6" target="K5"/>
  <move id="93" source="H3" target="I4"/>
  <move id="94" source="E4" target="C4"/>
  <move id="95" source="B4" target="C4"/>
  <move id="96" source="B5" target="B4"/>
  <move id="97" source="C4" target="D4"/>
  <move id="98" source="B4" target="B3"/>
  <move id="99" source="I4" target="K5"/>
  <move id="100" source="B3" target="C3"/>
  <move id="101" source="K5" target="K6"/>
  <move id="102" source="I7" target="K7"/>
  <move id="103" source="K6" target="I6"/>
  <move id="104" source="K7" target="I7"/>
  <move id="105" source="I6" target="K6"/>
  <move id="106" source="I7" target="K7"/>
  <move id="107" source="K6" target="I6"/>
  <move id="108" source="K7" target="I7"/>
  <move id="109" source="I6" target="K6"/>
  <move id="110" source="I7" target="K7"/>
  <move id="111" source="K6" target="I6"/>
  <move id="112" source="C3" target="C2"/>
  <move id="113" source="I6" target="H7"/>
  <move id="114" source="C2" target="C1">   <rescue rescuefield="H:" rescuepiece="7"/>
  </move>
  <move id="115" source="H7" target="I8"/>
  <move id="116" source="K7" target="I7"/>
  <move id="117" source="I8" target="K9"/>
  <move id="118" source="I7" target="I8"/>
  <move id="119" source="J9" target="J:">   <rescue rescuefield="B2" rescuepiece="11"/>
  </move>
  <move id="120" source="I8" target="I9"/>
  <move id="121" source="D4" target="C4"/>
  <move id="122" source="H:" target="H8"/>
  <move id="123" source="C4" target="B4"/>
  <move id="124" source="H8" target="F8"/>
  <move id="125" source="B4" target="B5"/>
  <move id="126" source="F8" target="D8"/>
  <move id="127" source="B5" target="B6"/>
  <move id="128" source="D8" target="B8"/>
  <move id="129" source="B6" target="B7"/>
  <move id="130" source="B8" target="A8"/>
  <move id="131" source="B7" target="B8"/>
  <move id="132" source="A8" target="A6"/>
  <move id="133" source="B8" target="B9"/>
  <move id="134" source="A6" target="A4"/>
  <move id="135" source="B9" target="B:">   <rescue rescuefield="A3" rescuepiece="9"/>
  </move>
  <move id="136" source="A4" target="C4"/>
  <move id="137" source="B:" target="C:"/>
  <move id="138" source="C1" target="B1"/>
  <move id="139" source="B2" target="B1"/>
  <move id="140" source="C4" target="C2"/>
  <move id="141" source="C:" target="D:"/>
  <player id="1">Player 1</player>
  <player id="2">Player 2</player>
  <result type="1" winner="1"/>
 </game>
</stratego>