<?xml version="1.0" encoding="UTF-8"?>
<stratego>
 <game type="ultimate lightning">
  
  <field content="BEAAAAAAFMBDAAAAAADFDHAAAAAAJDGICKAGLHAEAA__AA__AAAA__AA__AAAAXAAAAWAAAATASSATAAQNYQVOUNRPRAPAAAAPAP"/>
  <move id="1" source="K4" target="K5"/>
  <move id="2" source="H7" target="I7"/>
  <move id="3" source="A4" target="A5"/>
  <move id="4" source="C7" target="B7"/>
  <move id="5" source="A5" target="A6"/>
  <move id="6" source="C8" target="B8"/>
  <move id="7" source="F4" target="F5"/>
  <move id="8" source="H8" target="I8"/>
  <move id="9" source="F5" target="F6"/>
  <move id="10" source="G9" target="G8"/>
  <move id="11" source="F6" target="F7"/>
  <move id="12" source="F8" target="F7"/>
  <move id="13" source="K5" target="K6"/>
  <move id="14" source="F9" target="G9"/>
  <move id="15" source="K6" target="K7"/>
  <move id="16" source="I7" target="K7"/>
  <move id="17" source="H4" target="H3"/>
  <move id="18" source="G8" target="G7"/>
  <move id="19" source="G4" target="H4"/>
  <move id="20" source="G9" target="G8"/>
  <move id="21" source="A6" target="A7"/>
  <move id="22" source="B7" target="A7"/>
  <move id="23" source="D4" target="E4"/>
  <move id="24" source="A7" target="B7"/>
  <move id="25" source="H3" target="G3"/>
  <move id="26" source="B7" target="C7"/>
  <move id="27" source="G3" target="F3"/>
  <move id="28" source="C7" target="D7"/>
  <move id="29" source="C4" target="D4"/>
  <move id="30" source="E8" target="E7"/>
  <move id="31" source="F3" target="F4"/>
  <move id="32" source="E7" target="E6"/>
  <move id="33" source="B4" target="B5"/>
  <move id="34" source="D7" target="C7"/>
  <move id="35" source="E4" target="E5"/>
  <move id="36" source="E6" target="E5"/>
  <move id="37" source="E5" target="E6"/>
  <move id="38" source="C7" target="D7"/>
  <move id="39" source="B5" target="B6"/>
  <move id="40" source="B8" target="B6"/>
  <move id="41" source="B6" target="B5"/>
  <move id="42" source="G7" target="H7"/>
  <move id="43" source="E6" target="E5"/>
  <move id="44" source="E9" target="E8"/>
  <move id="45" source="E5" target="E4"/>
  <move id="46" source="H7" target="I7"/>
  <move id="47" source="K3" target="K4"/>
  <move id="48" source="I7" target="I6"/>
  <move id="49" source="I3" target="K3"/>
  <move id="50" source="G8" target="G7"/>
  <move id="51" source="I2" target="I6"/>
  <move id="52" source="E8" target="D8"/>
  <move id="53" source="K3" target="I3"/>
  <move id="54" source="K7" target="I7"/>
  <move id="55" source="I3" target="I4"/>
  <move id="56" source="K9" target="K4"/>
  <move id="57" source="I4" target="K4"/>
  <move id="58" source="I7" target="K7"/>
  <move id="59" source="H4" target="I4"/>
  <move id="60" source="G7" target="H7"/>
  <move id="61" source="I4" target="I3"/>
  <move id="62" source="H:" target="G:"/>
  <move id="63" source="A3" target="A4"/>
  <move id="64" source="G:" target="F:"/>
  <move id="65" source="B3" target="A3"/>
  <move id="66" source="F:" target="E:"/>
  <move id="67" source="A4" target="A5"/>
  <move id="68" source="E:" target="E4"/>
  <move id="69" source="A3" target="A4"/>
  <move id="70" source="D8" target="C8"/>
  <move id="71" source="A5" target="A6"/>
  <move id="72" source="C8" target="B8"/>
  <move id="73" source="A4" target="A5"/>
  <move id="74" source="D7" target="C7"/>
  <move id="75" source="A6" target="A7"/>
  <move id="76" source="K:" target="F:"/>
  <move id="77" source="A5" target="A6"/>
  <move id="78" source="B8" target="B7"/>
  <move id="79" source="A7" target="B7"/>
  <move id="80" source="F7" target="E7"/>
  <move id="81" source="A6" target="A8"/>
  <move id="82" source="F:" target="F4"/>
  <move id="83" source="A8" target="A9"/>
  <move id="84" source="B7" target="A7"/>
  <move id="85" source="A9" target="B9"/>
  <move id="86" source="I8" target="G8"/>
  <move id="87" source="E4" target="E5"/>
  <move id="88" source="C7" target="D7"/>
  <move id="89" source="B2" target="B3"/>
  <move id="90" source="K7" target="K6"/>
  <move id="91" source="B3" target="A3"/>
  <move id="92" source="K6" target="K5"/>
  <move id="93" source="B5" target="B6"/>
  <move id="94" source="A7" target="B7"/>
  <move id="95" source="A3" target="A:"/>
  <move id="96" source="B7" target="B6"/>
  <move id="97" source="K4" target="I4"/>
  <move id="98" source="B6" target="B5"/>
  <move id="99" source="D4" target="E4"/>
  <move id="100" source="B5" target="B4"/>
  <move id="101" source="F4" target="F5"/>
  <move id="102" source="B4" target="A4"/>
  <move id="103" source="F5" target="F6"/>
  <move id="104" source="C:" target="B:"/>
  <move id="105" source="I4" target="H4"/>
  <move id="106" source="B:" target="B1"/>
  <move id="107" source="I3" target="I4"/>
  <move id="108" source="I6" target="I7"/>
  <move id="109" source="I4" target="K4"/>
  <move id="110" source="K5" target="I5"/>
  <move id="111" source="F6" target="F5"/>
  <move id="112" source="A4" target="A3"/>
  <move id="113" source="F5" target="F4"/>
  <move id="114" source="A3" target="A2"/>
  <move id="115" source="F4" target="F3"/>
  <move id="116" source="A:" target="A9"/>
  <move id="117" source="F3" target="E3"/>
  <move id="118" source="A9" target="A8"/>
  <move id="119" source="E3" target="D3"/>
  <move id="120" source="G8" target="E8"/>
  <move id="121" source="D3" target="C3"/>
  <move id="122" source="E8" target="C8"/>
  <move id="123" source="C3" target="B3"/>
  <move id="124" source="C8" target="B7"/>
  <move id="125" source="B3" target="B4"/>
  <move id="126" source="A8" target="A7"/>
  <move id="127" source="E4" target="F4"/>
  <move id="128" source="E7" target="F7"/>
  <move id="129" source="F4" target="G4"/>
  <move id="130" source="D7" target="E7"/>
  <move id="131" source="E5" target="F5"/>
  <move id="132" source="E7" target="E6"/>
  <move id="133" source="F5" target="F4"/>
  <move id="134" source="E6" target="E5"/>
  <move id="135" source="F4" target="F3"/>
  <move id="136" source="E5" target="E4"/>
  <move id="137" source="F3" target="G3"/>
  <move id="138" source="E4" target="D4"/>
  <move id="139" source="G3" target="H3"/>
  <move id="140" source="D4" target="C4"/>
  <move id="141" source="B4" target="B3"/>
  <move id="142" source="B7" target="A6"/>
  <move id="143" source="H3" target="I3"/>
  <move id="144" source="I7" target="K7"/>
  <move id="145" source="K4" target="K5"/>
  <move id="146" source="I5" target="I6"/>
  <move id="147" source="I3" target="I4"/>
  <move id="148" source="H7" target="I7"/>
  <move id="149" source="I4" target="I5"/>
  <move id="150" source="I6" target="I5"/>
  <move id="151" source="K5" target="I5"/>
  <move id="152" source="A6" target="A5"/>
  <move id="153" source="H4" target="I4"/>
  <move id="154" source="C4" target="C3"/>
  <move id="155" source="B3" target="B2"/>
  <move id="156" source="A5" target="A4"/>
  <move id="157" source="I4" target="K4"/>
  <move id="158" source="C3" target="C2"/>
  <move id="159" source="K4" target="K5"/>
  <move id="160" source="C2" target="C1">   <rescue rescuefield="K8" rescuepiece="9"/>
  </move>
  <move id="161" source="K5" target="K6"/>
  <move id="162" source="C1" target="B1"/>
  <move id="163" source="B2" target="C2"/>
  <move id="164" source="A4" target="B4"/>
  <move id="165" source="C2" target="E2"/>
  <move id="166" source="B4" target="D4"/>
  <move id="167" source="E2" target="G2"/>
  <move id="168" source="A7" target="A6"/>
  <move id="169" source="G2" target="F3"/>
  <move id="170" source="D4" target="E5"/>
  <move id="171" source="K6" target="I6"/>
  <move id="172" source="I7" target="I8"/>
  <move id="173" source="I5" target="K5"/>
  <move id="174" source="A6" target="A5"/>
  <move id="175" source="K5" target="K6"/>
  <move id="176" source="I8" target="H8"/>
  <move id="177" source="K6" target="K7"/>
  <move id="178" source="K8" target="I8"/>
  <move id="179" source="I6" target="I7"/>
  <move id="180" source="I8" target="I7"/>
  <move id="181" source="K7" target="I7"/>
  <move id="182" source="A5" target="A4"/>
  <move id="183" source="F3" target="H3"/>
  <move id="184" source="A4" target="A3"/>
  <move id="185" source="H3" target="K3"/>
  <move id="186" source="A3" target="A2"/>
  <move id="187" source="K3" target="K5"/>
  <move id="188" source="A2" target="A1"/>
  <move id="189" source="K5" target="K7"/>
  <move id="190" source="E5" target="E3"/>
  <move id="191" source="K7" target="K8"/>
  <move id="192" source="H8" target="G8"/>
  <move id="193" source="K8" target="H8"/>
  <move id="194" source="E3" target="E1">   <rescue rescuefield="G9" rescuepiece="10"/>
  </move>
  <move id="195" source="I7" target="I8"/>
  <move id="196" source="E1" target="G1"/>
  <move id="197" source="H8" target="H9"/>
  <move id="198" source="G1" target="I1"/>
  <move id="199" source="I8" target="I9"/>
  <move id="200" source="I1" target="K1"/>
  <player id="1">Player 1</player>
  <player id="2">Player 2</player>
  <result type="1" winner="2"/>
 </game>
</stratego>