<?xml version="1.0" encoding="UTF-8"?>
<stratego>
 <game type="barrage">
  
  <field content="MBAAAAAAAALAAAAAAAAAAAAAAAAAAACEAADDAAAKAA__AA__AAAA__AA__AAXWAAOAAAAAQPAAAAAAAAPAAAAAAAAAYNAAAAAAAA"/>
  <move id="1" source="A4" target="A5"/>
  <move id="2" source="E7" target="E6"/>
  <move id="3" source="F4" target="F5"/>
  <move id="4" source="B8" target="C8"/>
  <move id="5" source="K4" target="K5"/>
  <move id="6" source="C8" target="D8"/>
  <move id="7" source="K5" target="K6"/>
  <move id="8" source="D8" target="E8"/>
  <move id="9" source="K6" target="K7"/>
  <move id="10" source="E8" target="F8"/>
  <move id="11" source="K7" target="K8"/>
  <move id="12" source="F8" target="G8"/>
  <move id="13" source="K8" target="K9"/>
  <move id="14" source="G8" target="G9"/>
  <move id="15" source="K9" target="K:"/>
  <move id="16" source="G9" target="G:"/>
  <move id="17" source="B4" target="B5"/>
  <move id="18" source="G:" target="H:"/>
  <move id="19" source="E4" target="E3"/>
  <move id="20" source="A8" target="B8"/>
  <move id="21" source="E3" target="F3"/>
  <move id="22" source="B8" target="C8"/>
  <move id="23" source="F3" target="G3"/>
  <move id="24" source="C8" target="D8"/>
  <move id="25" source="G3" target="H3"/>
  <move id="26" source="D8" target="E8"/>
  <move id="27" source="H3" target="I3"/>
  <move id="28" source="E8" target="E7"/>
  <move id="29" source="I3" target="I4"/>
  <move id="30" source="E7" target="F7"/>
  <move id="31" source="I4" target="I5"/>
  <move id="32" source="F7" target="E7"/>
  <move id="33" source="I5" target="I6"/>
  <move id="34" source="E7" target="D7"/>
  <move id="35" source="I6" target="I7"/>
  <move id="36" source="A7" target="A6"/>
  <move id="37" source="A5" target="A6"/>
  <move id="38" source="B7" target="B6"/>
  <move id="39" source="B5" target="B4"/>
  <move id="40" source="B6" target="B5"/>
  <move id="41" source="B4" target="B3"/>
  <move id="42" source="B5" target="B4"/>
  <move id="43" source="B3" target="B2"/>
  <move id="44" source="B4" target="B3"/>
  <move id="45" source="A6" target="A7"/>
  <move id="46" source="D7" target="C7"/>
  <move id="47" source="A7" target="A8"/>
  <move id="48" source="C7" target="B7"/>
  <move id="49" source="K:" target="I:"/>
  <move id="50" source="B7" target="B6"/>
  <move id="51" source="I:" target="H:"/>
  <move id="52" source="B6" target="B5"/>
  <move id="53" source="A8" target="A9"/>
  <move id="54" source="B5" target="A5"/>
  <move id="55" source="I7" target="A7"/>
  <move id="56" source="A5" target="A4"/>
  <move id="57" source="A7" target="A9"/>
  <move id="58" source="A4" target="A3"/>
  <move id="59" source="A2" target="A3"/>
  <move id="60" source="B3" target="B2"/>
  <move id="61" source="F5" target="F9"/>
  <move id="62" source="B2" target="B1"/>
  <move id="63" source="F9" target="A9"/>
  <player id="1">Player 1</player>
  <player id="2">Player 2</player>
  <result type="3" winner="1"/>
 </game>
</stratego>