<?xml version="1.0" encoding="UTF-8"?>
<stratego>
 <game type="barrage">
  
  <field content="MDAAAAAAAADAAAAAAAAAAAAAAAAAAALBAEKCAAAAAA__AA__AAAA__AA__AAPXAAPAAAAQAAAAAAAAWAAAAAAAAAAAAAAYAONAAA"/>
  <move id="1" source="F4" target="F5"/>
  <move id="2" source="I8" target="H8"/>
  <move id="3" source="F5" target="F6"/>
  <move id="4" source="H8" target="G8"/>
  <move id="5" source="E4" target="F4"/>
  <move id="6" source="G8" target="F8"/>
  <move id="7" source="F4" target="G4"/>
  <move id="8" source="A7" target="A6"/>
  <move id="9" source="G4" target="H4"/>
  <move id="10" source="B7" target="B6"/>
  <move id="11" source="H4" target="I4"/>
  <move id="12" source="A6" target="A5"/>
  <move id="13" source="A4" target="A5"/>
  <move id="14" source="F8" target="F7"/>
  <move id="15" source="F6" target="F7"/>
  <move id="16" source="F7" target="F6"/>
  <move id="17" source="I4" target="I5"/>
  <move id="18" source="F6" target="F5"/>
  <move id="19" source="A5" target="A4"/>
  <move id="20" source="F5" target="F4"/>
  <move id="21" source="A4" target="A3"/>
  <move id="22" source="F4" target="E4"/>
  <move id="23" source="D4" target="C4"/>
  <move id="24" source="E4" target="D4"/>
  <move id="25" source="C4" target="C3"/>
  <move id="26" source="D4" target="C4"/>
  <move id="27" source="A3" target="B3"/>
  <move id="28" source="C4" target="B4"/>
  <move id="29" source="I5" target="I6"/>
  <move id="30" source="E7" target="F7"/>
  <move id="31" source="I6" target="I7"/>
  <move id="32" source="K7" target="I7"/>
  <move id="33" source="I7" target="I8"/>
  <move id="34" source="F7" target="F1"/>
  <move id="35" source="B1" target="F1"/>
  <move id="36" source="F:" target="F9"/>
  <move id="37" source="I8" target="H8"/>
  <move id="38" source="F9" target="G9"/>
  <move id="39" source="C3" target="D3"/>
  <move id="40" source="G9" target="H9"/>
  <move id="41" source="H8" target="G8"/>
  <move id="42" source="H9" target="G9"/>
  <move id="43" source="G8" target="H8"/>
  <move id="44" source="G9" target="F9"/>
  <move id="45" source="H8" target="H9"/>
  <player id="1">Player 1</player>
  <player id="2">Player 2</player>
  <result type="3" winner="1"/>
 </game>
</stratego>