<?xml version="1.0" encoding="UTF-8"?>
<stratego>
 <game type="classic">
  
  <field content="EMBEFBEDEDHGHFBFBFDHLJCBDDHBDEIGDJGIDKIGAA__AA__AAAA__AA__AASPNTPSPPRSRPTURPTQUTVQRWOSNVQXPNNUPNYNQQ"/>
  <move id="1" source="I4" target="I5"/>
  <move id="2" source="I7" target="I6"/>
  <move id="3" source="I5" target="I6"/>
  <move id="4" source="E7" target="E4"/>
  <move id="5" source="F4" target="F5"/>
  <move id="6" source="F7" target="F6"/>
  <move id="7" source="G4" target="F4"/>
  <move id="8" source="D7" target="E7"/>
  <move id="9" source="F5" target="E5"/>
  <move id="10" source="F6" target="F5"/>
  <move id="11" source="E5" target="F5"/>
  <move id="12" source="E7" target="E6"/>
  <move id="13" source="F4" target="G4"/>
  <move id="14" source="D8" target="D7"/>
  <move id="15" source="E4" target="E5"/>
  <move id="16" source="D7" target="E7"/>
  <move id="17" source="F5" target="F4"/>
  <move id="18" source="E6" target="E5"/>
  <move id="19" source="E3" target="E4"/>
  <move id="20" source="E7" target="F7"/>
  <move id="21" source="A4" target="A5"/>
  <move id="22" source="F7" target="F6"/>
  <move id="23" source="F3" target="E3"/>
  <move id="24" source="F6" target="F5"/>
  <move id="25" source="F4" target="F3"/>
  <move id="26" source="E5" target="E4"/>
  <move id="27" source="D4" target="E4"/>
  <move id="28" source="G7" target="F7"/>
  <move id="29" source="B4" target="B5"/>
  <move id="30" source="F7" target="E7"/>
  <move id="31" source="B5" target="B6"/>
  <move id="32" source="B7" target="B6"/>
  <move id="33" source="C4" target="B4"/>
  <move id="34" source="E7" target="E6"/>
  <move id="35" source="E4" target="D4"/>
  <move id="36" source="E6" target="E3"/>
  <move id="37" source="G4" target="F4"/>
  <move id="38" source="F5" target="F4"/>
  <move id="39" source="F3" target="F4"/>
  <move id="40" source="C8" target="D8"/>
  <move id="41" source="B6" target="A6"/>
  <move id="42" source="B8" target="B4"/>
  <move id="43" source="A6" target="A7"/>
  <move id="44" source="D8" target="D7"/>
  <move id="45" source="H4" target="I4"/>
  <move id="46" source="D7" target="E7"/>
  <move id="47" source="I4" target="I5"/>
  <move id="48" source="E7" target="E6"/>
  <move id="49" source="A3" target="A4"/>
  <move id="50" source="E6" target="E5"/>
  <move id="51" source="A4" target="B4"/>
  <move id="52" source="E5" target="E4"/>
  <move id="53" source="D4" target="C4"/>
  <move id="54" source="A8" target="A7"/>
  <move id="55" source="I3" target="I4"/>
  <move id="56" source="A7" target="A6"/>
  <move id="57" source="A5" target="B5"/>
  <move id="58" source="A6" target="B6"/>
  <move id="59" source="I4" target="E4"/>
  <move id="60" source="B6" target="B5"/>
  <move id="61" source="K4" target="I4"/>
  <move id="62" source="F8" target="F7"/>
  <move id="63" source="I4" target="H4"/>
  <move id="64" source="F7" target="F6"/>
  <move id="65" source="H4" target="G4"/>
  <move id="66" source="F6" target="F5"/>
  <move id="67" source="G4" target="F4"/>
  <move id="68" source="E4" target="F4"/>
  <move id="69" source="G3" target="G4"/>
  <move id="70" source="F4" target="G4"/>
  <move id="71" source="I2" target="I3"/>
  <move id="72" source="F5" target="F4"/>
  <move id="73" source="I3" target="I4"/>
  <move id="74" source="F4" target="F3"/>
  <move id="75" source="I4" target="H4"/>
  <move id="76" source="F3" target="D3"/>
  <move id="77" source="H4" target="G4"/>
  <move id="78" source="G8" target="F8"/>
  <move id="79" source="G4" target="F4"/>
  <move id="80" source="F8" target="F7"/>
  <move id="81" source="I6" target="K6"/>
  <move id="82" source="K7" target="I7"/>
  <move id="83" source="I5" target="I6"/>
  <move id="84" source="F7" target="F6"/>
  <move id="85" source="K6" target="K7"/>
  <move id="86" source="I7" target="I6"/>
  <move id="87" source="K7" target="K8"/>
  <move id="88" source="H7" target="I7"/>
  <move id="89" source="I6" target="I5"/>
  <move id="90" source="I7" target="K7"/>
  <move id="91" source="K8" target="I8"/>
  <move id="92" source="K7" target="K6"/>
  <move id="93" source="I5" target="I4"/>
  <move id="94" source="B9" target="B8"/>
  <move id="95" source="I4" target="H4"/>
  <move id="96" source="B8" target="B7"/>
  <move id="97" source="H4" target="G4"/>
  <move id="98" source="B7" target="B6"/>
  <move id="99" source="F4" target="F5"/>
  <move id="100" source="F6" target="F5"/>
  <move id="101" source="G4" target="F4"/>
  <move id="102" source="F5" target="F6"/>
  <move id="103" source="F4" target="F5"/>
  <move id="104" source="F6" target="F7"/>
  <move id="105" source="F5" target="F6"/>
  <move id="106" source="F7" target="G7"/>
  <move id="107" source="F6" target="F7"/>
  <move id="108" source="G7" target="H7"/>
  <move id="109" source="F7" target="E7"/>
  <move id="110" source="E8" target="F8"/>
  <move id="111" source="E7" target="D7"/>
  <move id="112" source="F8" target="E8"/>
  <move id="113" source="D7" target="C7"/>
  <move id="114" source="E8" target="E7"/>
  <move id="115" source="B5" target="B6"/>
  <move id="116" source="A9" target="A8"/>
  <move id="117" source="B6" target="B5"/>
  <move id="118" source="E7" target="E6"/>
  <move id="119" source="A2" target="A3"/>
  <move id="120" source="E6" target="E5"/>
  <move id="121" source="A3" target="A4"/>
  <move id="122" source="A8" target="A7"/>
  <move id="123" source="A4" target="A5"/>
  <move id="124" source="A7" target="B7"/>
  <move id="125" source="A5" target="A6"/>
  <move id="126" source="A:" target="A6"/>
  <move id="127" source="A6" target="A5"/>
  <move id="128" source="B7" target="A7"/>
  <move id="129" source="A5" target="A4"/>
  <move id="130" source="A7" target="A6"/>
  <move id="131" source="A4" target="A3"/>
  <move id="132" source="A6" target="A5"/>
  <move id="133" source="B5" target="B6"/>
  <move id="134" source="H8" target="G8"/>
  <move id="135" source="B6" target="B7"/>
  <move id="136" source="C9" target="C8"/>
  <move id="137" source="B4" target="A4"/>
  <move id="138" source="A5" target="B5"/>
  <move id="139" source="C4" target="B4"/>
  <move id="140" source="B5" target="B6"/>
  <move id="141" source="B7" target="B8"/>
  <move id="142" source="C8" target="D8"/>
  <move id="143" source="B4" target="B5"/>
  <move id="144" source="B6" target="B7"/>
  <move id="145" source="B8" target="A8"/>
  <move id="146" source="B7" target="A7"/>
  <move id="147" source="A8" target="A9"/>
  <move id="148" source="A7" target="A8"/>
  <move id="149" source="A9" target="A:"/>
  <move id="150" source="A8" target="A9"/>
  <move id="151" source="A:" target="B:"/>
  <move id="152" source="A9" target="B9"/>
  <move id="153" source="B5" target="B6"/>
  <move id="154" source="D8" target="C8"/>
  <move id="155" source="B6" target="B7"/>
  <move id="156" source="B9" target="C9"/>
  <move id="157" source="B7" target="B8"/>
  <move id="158" source="C8" target="D8"/>
  <move id="159" source="B8" target="C8"/>
  <move id="160" source="C9" target="B9"/>
  <move id="161" source="A4" target="A5"/>
  <move id="162" source="D8" target="E8"/>
  <move id="163" source="A5" target="A6"/>
  <move id="164" source="E8" target="E7"/>
  <move id="165" source="A6" target="A7"/>
  <move id="166" source="G8" target="F8"/>
  <move id="167" source="A7" target="A8"/>
  <move id="168" source="E5" target="E4"/>
  <move id="169" source="A8" target="A9"/>
  <move id="170" source="B9" target="B8"/>
  <move id="171" source="C8" target="B8"/>
  <move id="172" source="E7" target="D7"/>
  <move id="173" source="A9" target="B9"/>
  <move id="174" source="D9" target="D8"/>
  <move id="175" source="B9" target="C9"/>
  <move id="176" source="D8" target="E8"/>
  <move id="177" source="A3" target="A4"/>
  <move id="178" source="D7" target="D8"/>
  <move id="179" source="A4" target="A5"/>
  <move id="180" source="E4" target="D4"/>
  <move id="181" source="B3" target="B4"/>
  <move id="182" source="D4" target="C4"/>
  <move id="183" source="C3" target="C4"/>
  <move id="184" source="C4" target="B4"/>
  <move id="185" source="A5" target="A6"/>
  <move id="186" source="E8" target="E7"/>
  <move id="187" source="A6" target="A7"/>
  <move id="188" source="K9" target="K8"/>
  <move id="189" source="A7" target="A8"/>
  <move id="190" source="E7" target="E6"/>
  <move id="191" source="A8" target="B8"/>
  <move id="192" source="E6" target="E5"/>
  <move id="193" source="B8" target="B9"/>
  <move id="194" source="E5" target="E4"/>
  <move id="195" source="C9" target="C8"/>
  <move id="196" source="E4" target="D4"/>
  <move id="197" source="B9" target="C9"/>
  <move id="198" source="D4" target="C4"/>
  <move id="199" source="B4" target="B5"/>
  <move id="200" source="C4" target="B4"/>
  <move id="201" source="B5" target="B6"/>
  <move id="202" source="B4" target="B5"/>
  <move id="203" source="B6" target="B7"/>
  <move id="204" source="B5" target="B6"/>
  <move id="205" source="B7" target="B8"/>
  <move id="206" source="B6" target="B7"/>
  <move id="207" source="B8" target="B9"/>
  <move id="208" source="B7" target="A7"/>
  <move id="209" source="C8" target="D8"/>
  <move id="210" source="A7" target="A8"/>
  <move id="211" source="C9" target="C:"/>
  <move id="212" source="A8" target="B8"/>
  <move id="213" source="B9" target="C9"/>
  <move id="214" source="B8" target="B9"/>
  <move id="215" source="C9" target="D9"/>
  <move id="216" source="B9" target="C9"/>
  <move id="217" source="D9" target="D:"/>
  <move id="218" source="F8" target="E8"/>
  <move id="219" source="D8" target="E8"/>
  <move id="220" source="E9" target="E8"/>
  <move id="221" source="D:" target="E:"/>
  <move id="222" source="C9" target="D9"/>
  <move id="223" source="K3" target="K4"/>
  <move id="224" source="K8" target="I8"/>
  <move id="225" source="K4" target="I4"/>
  <move id="226" source="H7" target="I7"/>
  <move id="227" source="I4" target="H4"/>
  <move id="228" source="I8" target="H8"/>
  <move id="229" source="H4" target="G4"/>
  <move id="230" source="H8" target="G8"/>
  <move id="231" source="G4" target="F4"/>
  <move id="232" source="F9" target="F8"/>
  <move id="233" source="F4" target="F5"/>
  <move id="234" source="F8" target="F7"/>
  <move id="235" source="E:" target="E9"/>
  <move id="236" source="D9" target="E9"/>
  <move id="237" source="F5" target="E5"/>
  <move id="238" source="E8" target="E7"/>
  <move id="239" source="E5" target="E4"/>
  <move id="240" source="I7" target="I6"/>
  <player id="1">Player 1</player>
  <player id="2">Player 2</player>
  <result type="3" winner="2"/>
 </game>
</stratego>