<?xml version="1.0" encoding="UTF-8"?>
<stratego>
 <game type="classic">
  
  <field content="DDIEIMGGEBGIDBEBEHEBDDDJHBCJHFDHLDFFKGFBAA__AA__AAAA__AA__AAPSUXPTVPSPRTVPSUOWTPNRQTPQQUPSYNRNNNRNQQ"/>
  <move id="1" source="F4" target="F5"/>
  <move id="2" source="K7" target="K4"/>
  <move id="3" source="G4" target="F4"/>
  <move id="4" source="I7" target="I6"/>
  <move id="5" source="F5" target="F6"/>
  <move id="6" source="I6" target="I5"/>
  <move id="7" source="F4" target="F5"/>
  <move id="8" source="I5" target="I4"/>
  <move id="9" source="I3" target="I4"/>
  <move id="10" source="I8" target="I7"/>
  <move id="11" source="F6" target="F7"/>
  <move id="12" source="I7" target="I6"/>
  <move id="13" source="F5" target="F6"/>
  <move id="14" source="I6" target="I5"/>
  <move id="15" source="E4" target="F4"/>
  <move id="16" source="I5" target="I4"/>
  <move id="17" source="E3" target="E4"/>
  <move id="18" source="I9" target="I4"/>
  <move id="19" source="E4" target="E5"/>
  <move id="20" source="I4" target="H4"/>
  <move id="21" source="E5" target="F5"/>
  <move id="22" source="E7" target="E5"/>
  <move id="23" source="F6" target="E6"/>
  <move id="24" source="E5" target="F5"/>
  <move id="25" source="E6" target="E7"/>
  <move id="26" source="F7" target="E7"/>
  <move id="27" source="E7" target="E6"/>
  <move id="28" source="D7" target="E7"/>
  <move id="29" source="E6" target="E5"/>
  <move id="30" source="E7" target="E6"/>
  <move id="31" source="E5" target="E4"/>
  <move id="32" source="E6" target="E5"/>
  <move id="33" source="E4" target="E5"/>
  <move id="34" source="E5" target="F5"/>
  <move id="35" source="F4" target="G4"/>
  <move id="36" source="E8" target="E7"/>
  <move id="37" source="D4" target="E4"/>
  <move id="38" source="E7" target="E6"/>
  <move id="39" source="E4" target="F4"/>
  <move id="40" source="F5" target="F6"/>
  <move id="41" source="D3" target="D4"/>
  <move id="42" source="E6" target="E5"/>
  <move id="43" source="D4" target="E4"/>
  <move id="44" source="E5" target="F5"/>
  <move id="45" source="E4" target="E5"/>
  <move id="46" source="F5" target="F4"/>
  <move id="47" source="C4" target="D4"/>
  <move id="48" source="E9" target="E5"/>
  <move id="49" source="E5" target="E4"/>
  <move id="50" source="F6" target="F5"/>
  <move id="51" source="E4" target="E3"/>
  <move id="52" source="F4" target="G4"/>
  <move id="53" source="H4" target="G4"/>
  <move id="54" source="D8" target="E8"/>
  <move id="55" source="B4" target="B5"/>
  <move id="56" source="B7" target="B6"/>
  <move id="57" source="B5" target="B6"/>
  <move id="58" source="A7" target="A4"/>
  <move id="59" source="B6" target="B5"/>
  <move id="60" source="C7" target="B7"/>
  <move id="61" source="B5" target="B4"/>
  <move id="62" source="B7" target="B6"/>
  <move id="63" source="B4" target="C4"/>
  <move id="64" source="B6" target="B5"/>
  <move id="65" source="A3" target="A4"/>
  <move id="66" source="B5" target="B4"/>
  <move id="67" source="A4" target="A5"/>
  <move id="68" source="B4" target="C4"/>
  <move id="69" source="D4" target="C4"/>
  <move id="70" source="F5" target="E5"/>
  <move id="71" source="E3" target="D3"/>
  <move id="72" source="E5" target="E4"/>
  <move id="73" source="A5" target="A6"/>
  <move id="74" source="E4" target="D4"/>
  <move id="75" source="C4" target="D4"/>
  <move id="76" source="B8" target="B7"/>
  <move id="77" source="G3" target="G4"/>
  <move id="78" source="B7" target="A7"/>
  <move id="79" source="A6" target="B6"/>
  <move id="80" source="A7" target="A6"/>
  <move id="81" source="B6" target="B7"/>
  <move id="82" source="A6" target="A7"/>
  <move id="83" source="B7" target="C7"/>
  <move id="84" source="C8" target="C7"/>
  <move id="85" source="G4" target="F4"/>
  <move id="86" source="C7" target="D7"/>
  <move id="87" source="F4" target="F5"/>
  <move id="88" source="D7" target="E7"/>
  <move id="89" source="F5" target="F6"/>
  <move id="90" source="E7" target="E6"/>
  <move id="91" source="F6" target="F7"/>
  <move id="92" source="G7" target="F7"/>
  <move id="93" source="D3" target="D4"/>
  <move id="94" source="E6" target="E7"/>
  <move id="95" source="D4" target="C4"/>
  <move id="96" source="E7" target="D7"/>
  <move id="97" source="C4" target="B4"/>
  <move id="98" source="D7" target="C7"/>
  <move id="99" source="B4" target="B5"/>
  <move id="100" source="C7" target="B7"/>
  <move id="101" source="B5" target="A5"/>
  <move id="102" source="B7" target="B6"/>
  <move id="103" source="H3" target="H4"/>
  <move id="104" source="H7" target="I7"/>
  <move id="105" source="H4" target="G4"/>
  <move id="106" source="F7" target="F6"/>
  <move id="107" source="G4" target="F4"/>
  <move id="108" source="F6" target="F5"/>
  <move id="109" source="F4" target="F5"/>
  <move id="110" source="F8" target="F7"/>
  <move id="111" source="C3" target="C4"/>
  <move id="112" source="F7" target="F6"/>
  <move id="113" source="C4" target="D4"/>
  <move id="114" source="F6" target="E6"/>
  <move id="115" source="D4" target="E4"/>
  <move id="116" source="E6" target="E5"/>
  <move id="117" source="E4" target="F4"/>
  <move id="118" source="I7" target="I6"/>
  <move id="119" source="B3" target="C3"/>
  <move id="120" source="I6" target="I5"/>
  <move id="121" source="C3" target="C4"/>
  <move id="122" source="I5" target="I4"/>
  <move id="123" source="C4" target="C3"/>
  <move id="124" source="I4" target="H4"/>
  <move id="125" source="F4" target="F5"/>
  <move id="126" source="E5" target="F5"/>
  <move id="127" source="C3" target="D3"/>
  <move id="128" source="F5" target="F4"/>
  <move id="129" source="D3" target="E3"/>
  <move id="130" source="F4" target="E4"/>
  <move id="131" source="E3" target="D3"/>
  <move id="132" source="E4" target="D4"/>
  <move id="133" source="D3" target="C3"/>
  <move id="134" source="D4" target="C4"/>
  <move id="135" source="C3" target="B3"/>
  <move id="136" source="C4" target="C3"/>
  <move id="137" source="B3" target="A3"/>
  <move id="138" source="C3" target="B3"/>
  <move id="139" source="A3" target="A4"/>
  <move id="140" source="B3" target="B4"/>
  <move id="141" source="A4" target="A3"/>
  <move id="142" source="B4" target="B3"/>
  <move id="143" source="A3" target="A4"/>
  <move id="144" source="B3" target="B4"/>
  <move id="145" source="C2" target="C4"/>
  <move id="146" source="B6" target="A6"/>
  <move id="147" source="A5" target="B5"/>
  <move id="148" source="B4" target="A4"/>
  <move id="149" source="C4" target="E4"/>
  <move id="150" source="E8" target="E4"/>
  <move id="151" source="B5" target="B4"/>
  <move id="152" source="A4" target="A5"/>
  <move id="153" source="E2" target="E3"/>
  <move id="154" source="H4" target="G4"/>
  <move id="155" source="E3" target="E4"/>
  <move id="156" source="G4" target="E4"/>
  <move id="157" source="E4" target="E5"/>
  <move id="158" source="F9" target="F8"/>
  <move id="159" source="E5" target="E4"/>
  <move id="160" source="F8" target="F7"/>
  <move id="161" source="E4" target="E3"/>
  <move id="162" source="F7" target="F6"/>
  <move id="163" source="E3" target="D3"/>
  <move id="164" source="F6" target="F5"/>
  <move id="165" source="K3" target="I3"/>
  <move id="166" source="F5" target="F4"/>
  <move id="167" source="I3" target="I4"/>
  <move id="168" source="F4" target="E4"/>
  <move id="169" source="D3" target="C3"/>
  <move id="170" source="E4" target="D4"/>
  <move id="171" source="C3" target="C4"/>
  <move id="172" source="D4" target="D3"/>
  <move id="173" source="B4" target="B3"/>
  <move id="174" source="D3" target="D2"/>
  <move id="175" source="D1" target="D2"/>
  <move id="176" source="A6" target="B6"/>
  <move id="177" source="B3" target="C3"/>
  <move id="178" source="B6" target="B5"/>
  <move id="179" source="C3" target="D3"/>
  <move id="180" source="B5" target="B4"/>
  <move id="181" source="D3" target="D4"/>
  <move id="182" source="B4" target="C4"/>
  <move id="183" source="D4" target="C4"/>
  <move id="184" source="A5" target="A4"/>
  <move id="185" source="I4" target="I5"/>
  <move id="186" source="A4" target="A3"/>
  <move id="187" source="I5" target="I6"/>
  <move id="188" source="H9" target="I9"/>
  <move id="189" source="I6" target="I7"/>
  <move id="190" source="H8" target="H7"/>
  <move id="191" source="I7" target="I8"/>
  <move id="192" source="I9" target="I8"/>
  <move id="193" source="I2" target="I3"/>
  <move id="194" source="A3" target="B3"/>
  <move id="195" source="B2" target="B3"/>
  <move id="196" source="I8" target="I7"/>
  <move id="197" source="I3" target="I4"/>
  <move id="198" source="I7" target="I6"/>
  <move id="199" source="I4" target="H4"/>
  <move id="200" source="I6" target="I5"/>
  <move id="201" source="H4" target="G4"/>
  <move id="202" source="I5" target="I4"/>
  <move id="203" source="G4" target="F4"/>
  <move id="204" source="I4" target="H4"/>
  <move id="205" source="F4" target="F5"/>
  <move id="206" source="G8" target="F8"/>
  <move id="207" source="F5" target="E5"/>
  <move id="208" source="F8" target="F7"/>
  <move id="209" source="C1" target="C2"/>
  <move id="210" source="F7" target="F6"/>
  <move id="211" source="E5" target="E4"/>
  <move id="212" source="F6" target="F5"/>
  <move id="213" source="E4" target="D4"/>
  <move id="214" source="F5" target="F4"/>
  <move id="215" source="D4" target="C4"/>
  <move id="216" source="F4" target="G4"/>
  <move id="217" source="C4" target="B4"/>
  <move id="218" source="H4" target="H3"/>
  <move id="219" source="C2" target="C3"/>
  <move id="220" source="G4" target="G3"/>
  <move id="221" source="C3" target="C4"/>
  <move id="222" source="G3" target="G2"/>
  <move id="223" source="C4" target="D4"/>
  <move id="224" source="H3" target="G3"/>
  <move id="225" source="D4" target="E4"/>
  <move id="226" source="G3" target="G2"/>
  <move id="227" source="E4" target="E5"/>
  <move id="228" source="H7" target="G7"/>
  <move id="229" source="E5" target="E6"/>
  <move id="230" source="G7" target="F7"/>
  <move id="231" source="B4" target="B5"/>
  <move id="232" source="G2" target="G3"/>
  <move id="233" source="B5" target="B6"/>
  <move id="234" source="G3" target="G4"/>
  <move id="235" source="B6" target="B7"/>
  <move id="236" source="A7" target="B7"/>
  <move id="237" source="E1" target="E2"/>
  <move id="238" source="G4" target="F4"/>
  <move id="239" source="E2" target="D2"/>
  <move id="240" source="F4" target="E4"/>
  <move id="241" source="D2" target="C2"/>
  <move id="242" source="E4" target="E5"/>
  <move id="243" source="E6" target="E7"/>
  <move id="244" source="F7" target="E7"/>
  <player id="1">Player 1</player>
  <player id="2">Player 2</player>
  <result type="3" winner="2"/>
 </game>
</stratego>