<?xml version="1.0" encoding="UTF-8"?>
<stratego>
 <game type="classic">
  
  <field content="DDBFFEEBHFDDEGBBFIDHEDHBDEBCIMJGDKHGJLGIAA__AA__AAAA__AA__AAPPWQSPTVPTNTOUNNNPPXSRVSSRQPPTRQYNRNUQQU"/>
  <move id="1" source="I4" target="I5"/>
  <move id="2" source="K7" target="K6"/>
  <move id="3" source="H4" target="I4"/>
  <move id="4" source="K8" target="K7"/>
  <move id="5" source="I5" target="I6"/>
  <move id="6" source="K6" target="K5"/>
  <move id="7" source="I4" target="I5"/>
  <move id="8" source="K7" target="K6"/>
  <move id="9" source="E4" target="E5"/>
  <move id="10" source="K5" target="I5"/>
  <move id="11" source="I6" target="I7"/>
  <move id="12" source="H7" target="I7"/>
  <move id="13" source="I5" target="K5"/>
  <move id="14" source="E7" target="E6"/>
  <move id="15" source="D4" target="E4"/>
  <move id="16" source="D7" target="E7"/>
  <move id="17" source="E5" target="F5"/>
  <move id="18" source="C7" target="D7"/>
  <move id="19" source="E4" target="E5"/>
  <move id="20" source="E6" target="F6"/>
  <move id="21" source="E5" target="E6"/>
  <move id="22" source="F6" target="F5"/>
  <move id="23" source="F4" target="E4"/>
  <move id="24" source="E7" target="E6"/>
  <move id="25" source="G4" target="H4"/>
  <move id="26" source="B7" target="B4"/>
  <move id="27" source="H4" target="I4"/>
  <move id="28" source="B8" target="B7"/>
  <move id="29" source="I4" target="I5"/>
  <move id="30" source="B7" target="B6"/>
  <move id="31" source="K5" target="K6"/>
  <move id="32" source="B6" target="B5"/>
  <move id="33" source="I5" target="I6"/>
  <move id="34" source="I7" target="I6"/>
  <move id="35" source="H3" target="H4"/>
  <move id="36" source="A7" target="A4"/>
  <move id="37" source="B4" target="B5"/>
  <move id="38" source="C8" target="B8"/>
  <move id="39" source="C4" target="D4"/>
  <move id="40" source="B8" target="B7"/>
  <move id="41" source="C3" target="C4"/>
  <move id="42" source="B7" target="A7"/>
  <move id="43" source="A4" target="A5"/>
  <move id="44" source="B5" target="B4"/>
  <move id="45" source="C4" target="B4"/>
  <move id="46" source="D7" target="C7"/>
  <move id="47" source="A5" target="A6"/>
  <move id="48" source="C7" target="B7"/>
  <move id="49" source="E4" target="F4"/>
  <move id="50" source="I8" target="I3"/>
  <move id="51" source="H4" target="I4"/>
  <move id="52" source="H8" target="I8"/>
  <move id="53" source="I4" target="I5"/>
  <move id="54" source="I8" target="I7"/>
  <move id="55" source="I5" target="I6"/>
  <move id="56" source="G7" target="H7"/>
  <move id="57" source="E6" target="F6"/>
  <move id="58" source="I7" target="K7"/>
  <move id="59" source="I6" target="K6"/>
  <move id="60" source="H7" target="I7"/>
  <move id="61" source="I3" target="I4"/>
  <move id="62" source="K7" target="K6"/>
  <move id="63" source="D4" target="E4"/>
  <move id="64" source="K6" target="K4"/>
  <move id="65" source="I4" target="I5"/>
  <move id="66" source="B7" target="B6"/>
  <move id="67" source="A6" target="A7"/>
  <move id="68" source="B6" target="B5"/>
  <move id="69" source="E4" target="E8"/>
  <move id="70" source="B5" target="B4"/>
  <move id="71" source="F6" target="E6"/>
  <move id="72" source="B4" target="C4"/>
  <move id="73" source="B3" target="B9"/>
  <move id="74" source="C4" target="D4"/>
  <move id="75" source="E6" target="E5"/>
  <move id="76" source="D4" target="C4"/>
  <move id="77" source="A7" target="B7"/>
  <move id="78" source="C4" target="B4"/>
  <move id="79" source="B7" target="B8"/>
  <move id="80" source="B4" target="B5"/>
  <move id="81" source="B8" target="B9"/>
  <move id="82" source="C9" target="B9"/>
  <move id="83" source="I5" target="I6"/>
  <move id="84" source="I7" target="H7"/>
  <move id="85" source="I6" target="I7"/>
  <move id="86" source="H7" target="H8"/>
  <move id="87" source="I7" target="I8"/>
  <move id="88" source="B5" target="A5"/>
  <move id="89" source="B2" target="B7"/>
  <move id="90" source="F7" target="B7"/>
  <move id="91" source="H2" target="H3"/>
  <move id="92" source="A5" target="A6"/>
  <move id="93" source="I8" target="H8"/>
  <move id="94" source="I9" target="I2"/>
  <move id="95" source="I1" target="I2"/>
  <move id="96" source="A6" target="A7"/>
  <move id="97" source="I2" target="I3"/>
  <move id="98" source="A7" target="B7"/>
  <move id="99" source="I3" target="I4"/>
  <move id="100" source="B7" target="C7"/>
  <move id="101" source="I4" target="I5"/>
  <move id="102" source="C7" target="D7"/>
  <move id="103" source="E5" target="E6"/>
  <move id="104" source="D8" target="C8"/>
  <move id="105" source="I5" target="I6"/>
  <move id="106" source="C8" target="B8"/>
  <move id="107" source="I6" target="I7"/>
  <move id="108" source="B8" target="B7"/>
  <move id="109" source="I7" target="I8"/>
  <move id="110" source="B7" target="B6"/>
  <move id="111" source="F4" target="G4"/>
  <move id="112" source="B6" target="B5"/>
  <move id="113" source="G4" target="H4"/>
  <move id="114" source="B5" target="B4"/>
  <move id="115" source="H4" target="I4"/>
  <move id="116" source="B4" target="C4"/>
  <move id="117" source="H3" target="H4"/>
  <move id="118" source="C4" target="D4"/>
  <move id="119" source="H4" target="G4"/>
  <move id="120" source="D4" target="E4"/>
  <move id="121" source="A3" target="A4"/>
  <move id="122" source="E4" target="F4"/>
  <move id="123" source="G4" target="F4"/>
  <move id="124" source="D9" target="C9"/>
  <move id="125" source="A4" target="A5"/>
  <move id="126" source="C9" target="B9"/>
  <move id="127" source="A5" target="A6"/>
  <move id="128" source="B9" target="B8"/>
  <move id="129" source="A6" target="A7"/>
  <move id="130" source="B8" target="B7"/>
  <move id="131" source="A7" target="A8"/>
  <move id="132" source="A9" target="A8"/>
  <move id="133" source="E6" target="E7"/>
  <move id="134" source="D7" target="E7"/>
  <move id="135" source="H8" target="H7"/>
  <move id="136" source="B7" target="B6"/>
  <move id="137" source="H7" target="G7"/>
  <move id="138" source="B6" target="B5"/>
  <move id="139" source="I4" target="I5"/>
  <move id="140" source="B5" target="B4"/>
  <move id="141" source="I5" target="K5"/>
  <move id="142" source="K9" target="I9"/>
  <move id="143" source="I8" target="I9"/>
  <move id="144" source="K:" target="K9"/>
  <move id="145" source="G7" target="H7"/>
  <move id="146" source="K9" target="K8"/>
  <move id="147" source="H7" target="I7"/>
  <move id="148" source="B4" target="B3"/>
  <move id="149" source="K4" target="I4"/>
  <move id="150" source="B3" target="C3"/>
  <move id="151" source="I4" target="H4"/>
  <move id="152" source="C3" target="C2"/>
  <move id="153" source="H4" target="G4"/>
  <move id="154" source="C2" target="D2"/>
  <move id="155" source="G4" target="F4"/>
  <move id="156" source="A8" target="A7"/>
  <move id="157" source="B1" target="B2"/>
  <move id="158" source="A7" target="A6"/>
  <move id="159" source="B2" target="B3"/>
  <move id="160" source="A6" target="A5"/>
  <move id="161" source="B3" target="B4"/>
  <move id="162" source="A5" target="A6"/>
  <move id="163" source="B4" target="B5"/>
  <move id="164" source="H9" target="H8"/>
  <move id="165" source="B5" target="B4"/>
  <move id="166" source="H8" target="H7"/>
  <move id="167" source="F4" target="G4"/>
  <move id="168" source="H7" target="G7"/>
  <move id="169" source="E3" target="E7"/>
  <move id="170" source="G7" target="E7"/>
  <move id="171" source="A2" target="B2"/>
  <move id="172" source="H:" target="H9"/>
  <move id="173" source="B4" target="B5"/>
  <move id="174" source="H9" target="H8"/>
  <move id="175" source="B5" target="B6"/>
  <move id="176" source="H8" target="H7"/>
  <move id="177" source="B6" target="B7"/>
  <move id="178" source="H7" target="G7"/>
  <move id="179" source="B7" target="G7"/>
  <move id="180" source="G7" target="F7"/>
  <move id="181" source="B2" target="B3"/>
  <move id="182" source="A6" target="A5"/>
  <move id="183" source="B3" target="B4"/>
  <move id="184" source="F7" target="E7"/>
  <move id="185" source="B4" target="C4"/>
  <move id="186" source="A5" target="A4"/>
  <move id="187" source="C4" target="D4"/>
  <move id="188" source="A4" target="A3"/>
  <move id="189" source="D4" target="C4"/>
  <move id="190" source="A3" target="A2"/>
  <move id="191" source="C4" target="B4"/>
  <move id="192" source="E7" target="D7"/>
  <move id="193" source="B4" target="A4"/>
  <move id="194" source="G:" target="H:"/>
  <move id="195" source="A4" target="A:"/>
  <move id="196" source="H:" target="H9"/>
  <move id="197" source="F3" target="F4"/>
  <move id="198" source="H9" target="H8"/>
  <move id="199" source="F4" target="E4"/>
  <move id="200" source="H8" target="H7"/>
  <move id="201" source="E4" target="D4"/>
  <move id="202" source="H7" target="G7"/>
  <move id="203" source="G4" target="F4"/>
  <move id="204" source="G7" target="F7"/>
  <move id="205" source="F4" target="F3"/>
  <move id="206" source="F7" target="F6"/>
  <move id="207" source="F5" target="F4"/>
  <move id="208" source="F6" target="F5"/>
  <move id="209" source="F4" target="G4"/>
  <move id="210" source="F5" target="F4"/>
  <move id="211" source="F3" target="F4"/>
  <move id="212" source="D7" target="C7"/>
  <move id="213" source="D4" target="C4"/>
  <move id="214" source="C7" target="B7"/>
  <move id="215" source="C4" target="B4"/>
  <move id="216" source="B7" target="C7"/>
  <move id="217" source="B4" target="B5"/>
  <move id="218" source="C7" target="D7"/>
  <move id="219" source="B5" target="B6"/>
  <move id="220" source="D7" target="E7"/>
  <move id="221" source="B6" target="B7"/>
  <move id="222" source="A:" target="A9"/>
  <move id="223" source="B7" target="C7"/>
  <move id="224" source="E7" target="E6"/>
  <move id="225" source="C7" target="D7"/>
  <move id="226" source="E6" target="E5"/>
  <move id="227" source="G4" target="F4"/>
  <move id="228" source="A9" target="A8"/>
  <move id="229" source="D7" target="E7"/>
  <move id="230" source="A8" target="A7"/>
  <move id="231" source="E7" target="E6"/>
  <move id="232" source="E5" target="E4"/>
  <move id="233" source="F4" target="E4"/>
  <move id="234" source="A2" target="B2"/>
  <move id="235" source="E6" target="E7"/>
  <move id="236" source="B2" target="C2"/>
  <move id="237" source="K5" target="K6"/>
  <move id="238" source="A7" target="A6"/>
  <move id="239" source="K6" target="K7"/>
  <move id="240" source="A6" target="A5"/>
  <move id="241" source="K7" target="K8"/>
  <move id="242" source="A5" target="A4"/>
  <move id="243" source="K2" target="I2"/>
  <move id="244" source="A4" target="A3"/>
  <move id="245" source="I2" target="I3"/>
  <move id="246" source="A3" target="A2"/>
  <move id="247" source="I3" target="I4"/>
  <move id="248" source="A2" target="A1"/>
  <move id="249" source="E4" target="D4"/>
  <move id="250" source="C2" target="D2"/>
  <move id="251" source="D4" target="C4"/>
  <move id="252" source="A1" target="B1"/>
  <move id="253" source="C4" target="C3"/>
  <move id="254" source="B1" target="C1"/>
  <move id="255" source="C3" target="C2"/>
  <move id="256" source="D2" target="D1"/>
  <move id="257" source="E7" target="E8"/>
  <move id="258" source="E9" target="E8"/>
  <move id="259" source="C2" target="C3"/>
  <move id="260" source="E8" target="E7"/>
  <move id="261" source="C3" target="C4"/>
  <move id="262" source="E7" target="D7"/>
  <move id="263" source="G2" target="H2"/>
  <move id="264" source="D7" target="E7"/>
  <move id="265" source="C4" target="D4"/>
  <move id="266" source="E7" target="F7"/>
  <move id="267" source="D4" target="E4"/>
  <move id="268" source="F7" target="E7"/>
  <move id="269" source="E4" target="E5"/>
  <move id="270" source="E7" target="D7"/>
  <move id="271" source="H2" target="H3"/>
  <move id="272" source="D7" target="C7"/>
  <move id="273" source="H3" target="H4"/>
  <move id="274" source="C7" target="D7"/>
  <move id="275" source="I4" target="I3"/>
  <move id="276" source="B:" target="B9"/>
  <move id="277" source="H4" target="I4"/>
  <move id="278" source="B9" target="B8"/>
  <move id="279" source="I3" target="H3"/>
  <move id="280" source="B8" target="B7"/>
  <move id="281" source="H3" target="H4"/>
  <move id="282" source="B7" target="B6"/>
  <move id="283" source="H4" target="G4"/>
  <move id="284" source="B6" target="B5"/>
  <move id="285" source="E5" target="E4"/>
  <move id="286" source="B5" target="B4"/>
  <move id="287" source="G4" target="F4"/>
  <move id="288" source="B4" target="B3"/>
  <move id="289" source="E4" target="D4"/>
  <move id="290" source="B3" target="B2"/>
  <move id="291" source="D4" target="C4"/>
  <move id="292" source="D1" target="D2"/>
  <move id="293" source="C4" target="C3"/>
  <move id="294" source="D2" target="E2"/>
  <move id="295" source="F4" target="F5"/>
  <move id="296" source="B2" target="B1"/>
  <move id="297" source="F5" target="F6"/>
  <move id="298" source="D7" target="E7"/>
  <move id="299" source="G1" target="G2"/>
  <move id="300" source="B1" target="C1"/>
  <move id="301" source="C3" target="C2"/>
  <move id="302" source="C1" target="D1"/>
  <move id="303" source="C2" target="D2"/>
  <move id="304" source="D1" target="E1"/>
  <move id="305" source="D2" target="C2"/>
  <move id="306" source="E7" target="E6"/>
  <move id="307" source="F6" target="E6"/>
  <move id="308" source="K8" target="K7"/>
  <move id="309" source="I7" target="K7"/>
  <move id="310" source="I:" target="I9"/>
  <move id="311" source="E6" target="E7"/>
  <move id="312" source="I9" target="I8"/>
  <move id="313" source="E7" target="F7"/>
  <move id="314" source="I8" target="I7"/>
  <move id="315" source="F7" target="G7"/>
  <move id="316" source="I7" target="I6"/>
  <move id="317" source="G7" target="H7"/>
  <move id="318" source="I6" target="I5"/>
  <move id="319" source="G2" target="H2"/>
  <move id="320" source="I5" target="I4"/>
  <move id="321" source="H2" target="H3"/>
  <player id="1">Player 1</player>
  <player id="2">Player 2</player>
  <result type="3" winner="1"/>
 </game>
</stratego>