<?xml version="1.0" encoding="UTF-8"?>
<stratego>
 <game type="classic">
  
  <field content="FFKMLHHHHIEEEEEGDCIIBBJDDDDJBBGFBDDFDBGGAA__AA__AAAA__AA__AANPVTPNVPNUTWNPPUSPXQONYNSSQUPRSTRQRQTRQP"/>
  <move id="1" source="I4" target="I5"/>
  <move id="2" source="E7" target="E6"/>
  <move id="3" source="I5" target="I6"/>
  <move id="4" source="D7" target="E7"/>
  <move id="5" source="I6" target="I7"/>
  <move id="6" source="K7" target="K6"/>
  <move id="7" source="K4" target="K5"/>
  <move id="8" source="K6" target="K5"/>
  <move id="9" source="F4" target="F5"/>
  <move id="10" source="B7" target="B6"/>
  <move id="11" source="A4" target="A5"/>
  <move id="12" source="C7" target="B7"/>
  <move id="13" source="B4" target="B5"/>
  <move id="14" source="E7" target="D7"/>
  <move id="15" source="B5" target="B6"/>
  <move id="16" source="B7" target="B6"/>
  <move id="17" source="F5" target="F6"/>
  <move id="18" source="D7" target="E7"/>
  <move id="19" source="F6" target="E6"/>
  <move id="20" source="E7" target="E6"/>
  <move id="21" source="A5" target="A6"/>
  <move id="22" source="E6" target="F6"/>
  <move id="23" source="E4" target="E7"/>
  <move id="24" source="F6" target="F5"/>
  <move id="25" source="E7" target="C7"/>
  <move id="26" source="F5" target="F4"/>
  <move id="27" source="C7" target="C8"/>
  <move id="28" source="E8" target="E7"/>
  <move id="29" source="E3" target="E5"/>
  <move id="30" source="B6" target="A6"/>
  <move id="31" source="D3" target="E3"/>
  <move id="32" source="F8" target="E8"/>
  <move id="33" source="E5" target="E6"/>
  <move id="34" source="E7" target="D7"/>
  <move id="35" source="E3" target="E5"/>
  <move id="36" source="E8" target="E7"/>
  <move id="37" source="C3" target="D3"/>
  <move id="38" source="E7" target="E6"/>
  <move id="39" source="F3" target="F4"/>
  <move id="40" source="E6" target="E5"/>
  <move id="41" source="G4" target="F4"/>
  <move id="42" source="F4" target="G4"/>
  <move id="43" source="D3" target="E3"/>
  <move id="44" source="B8" target="B7"/>
  <move id="45" source="E3" target="E4"/>
  <move id="46" source="E5" target="F5"/>
  <move id="47" source="E4" target="F4"/>
  <move id="48" source="F5" target="F6"/>
  <move id="49" source="F4" target="F5"/>
  <move id="50" source="F6" target="E6"/>
  <move id="51" source="F5" target="E5"/>
  <move id="52" source="E6" target="F6"/>
  <move id="53" source="E5" target="F5"/>
  <move id="54" source="F6" target="E6"/>
  <move id="55" source="F5" target="E5"/>
  <move id="56" source="D7" target="E7"/>
  <move id="57" source="E5" target="E4"/>
  <move id="58" source="B7" target="C7"/>
  <move id="59" source="E4" target="F4"/>
  <move id="60" source="C7" target="D7"/>
  <move id="61" source="F4" target="G4"/>
  <move id="62" source="E7" target="E8"/>
  <move id="63" source="G3" target="F3"/>
  <move id="64" source="D7" target="E7"/>
  <move id="65" source="F3" target="C3"/>
  <move id="66" source="E6" target="E5"/>
  <move id="67" source="D4" target="D3"/>
  <move id="68" source="E7" target="E6"/>
  <move id="69" source="F2" target="F3"/>
  <move id="70" source="E6" target="F6"/>
  <move id="71" source="G4" target="F4"/>
  <move id="72" source="F6" target="F5"/>
  <move id="73" source="F4" target="E4"/>
  <move id="74" source="E5" target="E6"/>
  <move id="75" source="F3" target="F4"/>
  <move id="76" source="F5" target="E5"/>
  <move id="77" source="E4" target="E5"/>
  <move id="78" source="E6" target="F6"/>
  <move id="79" source="E2" target="F2"/>
  <move id="80" source="F6" target="F5"/>
  <move id="81" source="E1" target="E2"/>
  <move id="82" source="F5" target="F4"/>
  <move id="83" source="E2" target="E3"/>
  <move id="84" source="D8" target="D7"/>
  <move id="85" source="E3" target="E4"/>
  <move id="86" source="F4" target="E4"/>
  <move id="87" source="E4" target="E5"/>
  <move id="88" source="A8" target="B8"/>
  <move id="89" source="E5" target="E4"/>
  <move id="90" source="B8" target="B7"/>
  <move id="91" source="E4" target="E3"/>
  <move id="92" source="B7" target="B6"/>
  <move id="93" source="E3" target="E2"/>
  <move id="94" source="A9" target="A8"/>
  <move id="95" source="E2" target="E1"/>
  <move id="96" source="A8" target="B8"/>
  <move id="97" source="D3" target="E3"/>
  <move id="98" source="B8" target="B7"/>
  <move id="99" source="E3" target="E8"/>
  <move id="100" source="E9" target="E8"/>
  <move id="101" source="C3" target="E3"/>
  <move id="102" source="D7" target="D8"/>
  <move id="103" source="E3" target="E8"/>
  <move id="104" source="B7" target="C7"/>
  <move id="105" source="H3" target="G3"/>
  <move id="106" source="K8" target="K7"/>
  <move id="107" source="G3" target="F3"/>
  <move id="108" source="K7" target="K6"/>
  <move id="109" source="H2" target="H3"/>
  <move id="110" source="K6" target="I6"/>
  <move id="111" source="H3" target="G3"/>
  <move id="112" source="I6" target="I5"/>
  <move id="113" source="E1" target="E2"/>
  <move id="114" source="I5" target="I4"/>
  <move id="115" source="E2" target="E3"/>
  <move id="116" source="I4" target="I3"/>
  <move id="117" source="I2" target="I3"/>
  <move id="118" source="K5" target="I5"/>
  <move id="119" source="E3" target="E4"/>
  <move id="120" source="C7" target="D7"/>
  <move id="121" source="E4" target="E5"/>
  <move id="122" source="D7" target="E7"/>
  <move id="123" source="F3" target="E3"/>
  <move id="124" source="I5" target="I4"/>
  <move id="125" source="E3" target="E4"/>
  <move id="126" source="I4" target="I3"/>
  <move id="127" source="G3" target="F3"/>
  <move id="128" source="K9" target="K8"/>
  <move id="129" source="F3" target="E3"/>
  <move id="130" source="K8" target="K7"/>
  <move id="131" source="E5" target="E6"/>
  <move id="132" source="E7" target="E6"/>
  <move id="133" source="E4" target="E5"/>
  <move id="134" source="E6" target="F6"/>
  <move id="135" source="E3" target="E4"/>
  <move id="136" source="E8" target="E7"/>
  <move id="137" source="E4" target="F4"/>
  <move id="138" source="E7" target="E6"/>
  <move id="139" source="F4" target="F5"/>
  <move id="140" source="E6" target="E5"/>
  <move id="141" source="E5" target="E6"/>
  <move id="142" source="K7" target="K6"/>
  <move id="143" source="E6" target="F6"/>
  <move id="144" source="I9" target="K9"/>
  <move id="145" source="F5" target="F4"/>
  <move id="146" source="K9" target="K7"/>
  <move id="147" source="F4" target="F3"/>
  <move id="148" source="H9" target="I9"/>
  <move id="149" source="D2" target="E2"/>
  <move id="150" source="I9" target="K9"/>
  <move id="151" source="C2" target="D2"/>
  <move id="152" source="K9" target="K8"/>
  <move id="153" source="C1" target="C2"/>
  <move id="154" source="G9" target="H9"/>
  <move id="155" source="F6" target="E6"/>
  <move id="156" source="H9" target="I9"/>
  <move id="157" source="E6" target="E7"/>
  <move id="158" source="I9" target="K9"/>
  <move id="159" source="E7" target="E8"/>
  <move id="160" source="I8" target="I9"/>
  <move id="161" source="E8" target="E9"/>
  <move id="162" source="F9" target="E9"/>
  <move id="163" source="E9" target="E:"/>
  <move id="164" source="I9" target="H9"/>
  <move id="165" source="E:" target="F:"/>
  <move id="166" source="D8" target="E8"/>
  <move id="167" source="F:" target="G:"/>
  <move id="168" source="E8" target="E2"/>
  <move id="169" source="G:" target="H:"/>
  <move id="170" source="H9" target="H:"/>
  <move id="171" source="F3" target="E3"/>
  <move id="172" source="G8" target="F8"/>
  <move id="173" source="C2" target="C3"/>
  <move id="174" source="F8" target="E8"/>
  <move id="175" source="C3" target="D3"/>
  <move id="176" source="A:" target="A9"/>
  <move id="177" source="E3" target="E4"/>
  <move id="178" source="K6" target="K5"/>
  <move id="179" source="E4" target="E5"/>
  <move id="180" source="K5" target="K4"/>
  <move id="181" source="D3" target="E3"/>
  <move id="182" source="K4" target="I4"/>
  <move id="183" source="E3" target="E4"/>
  <move id="184" source="I4" target="I3"/>
  <move id="185" source="E4" target="E3"/>
  <move id="186" source="I3" target="I2"/>
  <move id="187" source="E5" target="E6"/>
  <move id="188" source="I2" target="I1"/>
  <move id="189" source="E6" target="F6"/>
  <move id="190" source="K7" target="K4"/>
  <move id="191" source="G2" target="G4"/>
  <move id="192" source="K8" target="K7"/>
  <move id="193" source="G4" target="E4"/>
  <move id="194" source="K7" target="K6"/>
  <move id="195" source="F6" target="F5"/>
  <move id="196" source="K6" target="I6"/>
  <move id="197" source="F5" target="E5"/>
  <move id="198" source="I6" target="I5"/>
  <move id="199" source="E4" target="F4"/>
  <move id="200" source="I5" target="I4"/>
  <move id="201" source="F4" target="F6"/>
  <move id="202" source="H:" target="G:"/>
  <move id="203" source="F6" target="E6"/>
  <move id="204" source="I4" target="I3"/>
  <move id="205" source="E5" target="F5"/>
  <move id="206" source="I3" target="I2"/>
  <move id="207" source="F5" target="F6"/>
  <move id="208" source="I2" target="K2"/>
  <move id="209" source="E6" target="E7"/>
  <move id="210" source="G:" target="F:"/>
  <move id="211" source="F6" target="E6"/>
  <move id="212" source="F:" target="E:"/>
  <move id="213" source="E3" target="F3"/>
  <move id="214" source="K9" target="K8"/>
  <move id="215" source="F3" target="G3"/>
  <move id="216" source="K8" target="K7"/>
  <move id="217" source="G3" target="H3"/>
  <move id="218" source="E:" target="E9"/>
  <move id="219" source="H3" target="I3"/>
  <move id="220" source="E8" target="F8"/>
  <move id="221" source="I3" target="I4"/>
  <move id="222" source="E9" target="E8"/>
  <move id="223" source="I4" target="K4"/>
  <move id="224" source="E8" target="E7"/>
  <move id="225" source="E6" target="E7"/>
  <move id="226" source="F8" target="E8"/>
  <move id="227" source="E7" target="E6"/>
  <move id="228" source="E8" target="E7"/>
  <move id="229" source="E6" target="E5"/>
  <move id="230" source="E7" target="E6"/>
  <move id="231" source="E5" target="E4"/>
  <move id="232" source="E6" target="E5"/>
  <move id="233" source="E4" target="E3"/>
  <move id="234" source="E5" target="E4"/>
  <move id="235" source="E3" target="F3"/>
  <move id="236" source="E4" target="D4"/>
  <move id="237" source="F3" target="G3"/>
  <move id="238" source="D4" target="D3"/>
  <move id="239" source="G3" target="F3"/>
  <move id="240" source="D3" target="C3"/>
  <move id="241" source="K4" target="I4"/>
  <move id="242" source="C3" target="C2"/>
  <move id="243" source="I4" target="I3"/>
  <move id="244" source="C2" target="B2"/>
  <move id="245" source="I3" target="H3"/>
  <move id="246" source="B2" target="A2"/>
  <move id="247" source="H3" target="G3"/>
  <move id="248" source="A2" target="A1"/>
  <move id="249" source="G3" target="G4"/>
  <move id="250" source="A1" target="B1"/>
  <move id="251" source="G4" target="F4"/>
  <move id="252" source="B1" target="C1"/>
  <move id="253" source="F4" target="E4"/>
  <move id="254" source="C1" target="D1"/>
  <player id="1">Player 1</player>
  <player id="2">Player 2</player>
  <result type="1" winner="2"/>
 </game>
</stratego>