<?xml version="1.0" encoding="UTF-8"?>
<stratego>
 <game type="classic">
  
  <field content="BBEBMBGBFDFIGFEICBDJHJEHFKEDEDDGLDDGIHDHAA__AA__AAAA__AA__AAPRNOTPSQTTRNSVWTPVSXPPUQUSPPQUNQNQNRNPRY"/>
  <move id="1" source="K4" target="K5"/>
  <move id="2" source="I7" target="I6"/>
  <move id="3" source="K5" target="K6"/>
  <move id="4" source="I6" target="I5"/>
  <move id="5" source="K6" target="K7"/>
  <move id="6" source="I5" target="K5"/>
  <move id="7" source="F4" target="F5"/>
  <move id="8" source="I8" target="I7"/>
  <move id="9" source="I4" target="I7"/>
  <move id="10" source="I7" target="I8"/>
  <move id="11" source="I3" target="I4"/>
  <move id="12" source="K5" target="K6"/>
  <move id="13" source="I4" target="I5"/>
  <move id="14" source="A7" target="A4"/>
  <move id="15" source="I5" target="I6"/>
  <move id="16" source="K6" target="K5"/>
  <move id="17" source="I6" target="I7"/>
  <move id="18" source="K5" target="K6"/>
  <move id="19" source="I7" target="H7"/>
  <move id="20" source="K6" target="K7"/>
  <move id="21" source="H3" target="I3"/>
  <move id="22" source="G7" target="H7"/>
  <move id="23" source="I3" target="I4"/>
  <move id="24" source="H7" target="I7"/>
  <move id="25" source="F5" target="F6"/>
  <move id="26" source="H8" target="H7"/>
  <move id="27" source="F3" target="F4"/>
  <move id="28" source="G8" target="G7"/>
  <move id="29" source="F4" target="F5"/>
  <move id="30" source="F7" target="F6"/>
  <move id="31" source="F6" target="F7"/>
  <move id="32" source="E7" target="F7"/>
  <move id="33" source="F5" target="F6"/>
  <move id="34" source="F7" target="E7"/>
  <move id="35" source="F6" target="E6"/>
  <move id="36" source="G7" target="F7"/>
  <move id="37" source="E4" target="F4"/>
  <move id="38" source="F7" target="F6"/>
  <move id="39" source="F4" target="F5"/>
  <move id="40" source="F6" target="E6"/>
  <move id="41" source="F5" target="F8"/>
  <move id="42" source="H7" target="G7"/>
  <move id="43" source="D4" target="E4"/>
  <move id="44" source="F8" target="G8"/>
  <move id="45" source="E4" target="F4"/>
  <move id="46" source="E7" target="F7"/>
  <move id="47" source="E6" target="F6"/>
  <move id="48" source="F7" target="F8"/>
  <move id="49" source="F4" target="F5"/>
  <move id="50" source="E8" target="E7"/>
  <move id="51" source="F5" target="E5"/>
  <move id="52" source="I7" target="I6"/>
  <move id="53" source="E5" target="E7"/>
  <move id="54" source="E7" target="F7"/>
  <move id="55" source="F6" target="E6"/>
  <move id="56" source="F7" target="E7"/>
  <move id="57" source="E6" target="F6"/>
  <move id="58" source="I6" target="I5"/>
  <move id="59" source="B4" target="A4"/>
  <move id="60" source="I5" target="I4"/>
  <move id="61" source="H4" target="I4"/>
  <move id="62" source="G7" target="H7"/>
  <move id="63" source="I4" target="I3"/>
  <move id="64" source="H7" target="I7"/>
  <move id="65" source="I3" target="H3"/>
  <move id="66" source="I7" target="I6"/>
  <move id="67" source="K3" target="K4"/>
  <move id="68" source="I6" target="I5"/>
  <move id="69" source="K4" target="I4"/>
  <move id="70" source="I5" target="I4"/>
  <move id="71" source="B3" target="B4"/>
  <move id="72" source="K7" target="K6"/>
  <move id="73" source="B4" target="B5"/>
  <move id="74" source="K8" target="K7"/>
  <move id="75" source="B5" target="B6"/>
  <move id="76" source="K6" target="K5"/>
  <move id="77" source="A4" target="A5"/>
  <move id="78" source="K7" target="I7"/>
  <move id="79" source="A5" target="A6"/>
  <move id="80" source="I7" target="H7"/>
  <move id="81" source="A6" target="A7"/>
  <move id="82" source="H7" target="G7"/>
  <move id="83" source="A7" target="A8"/>
  <move id="84" source="G7" target="F7"/>
  <move id="85" source="F6" target="E6"/>
  <move id="86" source="F7" target="G7"/>
  <move id="87" source="A8" target="B8"/>
  <move id="88" source="D8" target="E8"/>
  <move id="89" source="C3" target="B3"/>
  <move id="90" source="E7" target="E6"/>
  <move id="91" source="B3" target="B4"/>
  <move id="92" source="G7" target="H7"/>
  <move id="93" source="B4" target="A4"/>
  <move id="94" source="H7" target="H8"/>
  <move id="95" source="A4" target="A5"/>
  <move id="96" source="K5" target="K6"/>
  <move id="97" source="A5" target="A6"/>
  <move id="98" source="K6" target="K7"/>
  <move id="99" source="A6" target="A7"/>
  <move id="100" source="B7" target="A7"/>
  <move id="101" source="B6" target="A6"/>
  <move id="102" source="A7" target="B7"/>
  <move id="103" source="A6" target="B6"/>
  <move id="104" source="G8" target="G7"/>
  <move id="105" source="A3" target="A4"/>
  <move id="106" source="G7" target="H7"/>
  <move id="107" source="A4" target="A5"/>
  <move id="108" source="G9" target="G8"/>
  <move id="109" source="A5" target="A6"/>
  <move id="110" source="A9" target="A6"/>
  <move id="111" source="A6" target="A7"/>
  <move id="112" source="B7" target="B6"/>
  <move id="113" source="A7" target="A8"/>
  <move id="114" source="G8" target="G7"/>
  <move id="115" source="A8" target="A9"/>
  <move id="116" source="G7" target="F7"/>
  <move id="117" source="A9" target="B9"/>
  <move id="118" source="C9" target="B9"/>
  <move id="119" source="B6" target="B7"/>
  <move id="120" source="B9" target="C9"/>
  <move id="121" source="B7" target="A7"/>
  <move id="122" source="F7" target="F4"/>
  <move id="123" source="A7" target="A8"/>
  <move id="124" source="F4" target="G4"/>
  <move id="125" source="A8" target="A9"/>
  <move id="126" source="H8" target="G8"/>
  <move id="127" source="A9" target="B9"/>
  <move id="128" source="G8" target="G7"/>
  <move id="129" source="B9" target="C9"/>
  <move id="130" source="G7" target="F7"/>
  <move id="131" source="C4" target="C3"/>
  <move id="132" source="F7" target="F6"/>
  <move id="133" source="G4" target="F4"/>
  <move id="134" source="F6" target="F5"/>
  <move id="135" source="F4" target="E4"/>
  <move id="136" source="F5" target="E5"/>
  <move id="137" source="E4" target="D4"/>
  <move id="138" source="E5" target="E4"/>
  <move id="139" source="D4" target="C4"/>
  <move id="140" source="E4" target="D4"/>
  <move id="141" source="C4" target="B4"/>
  <move id="142" source="D4" target="C4"/>
  <move id="143" source="C3" target="C4"/>
  <move id="144" source="E8" target="E7"/>
  <move id="145" source="B4" target="B5"/>
  <move id="146" source="E7" target="E6"/>
  <move id="147" source="B5" target="A5"/>
  <move id="148" source="E6" target="E5"/>
  <move id="149" source="I2" target="I3"/>
  <move id="150" source="I4" target="H4"/>
  <move id="151" source="K2" target="K3"/>
  <move id="152" source="H4" target="H3"/>
  <move id="153" source="I3" target="I8"/>
  <move id="154" source="K7" target="I7"/>
  <move id="155" source="K3" target="K4"/>
  <move id="156" source="I7" target="I6"/>
  <move id="157" source="K4" target="K5"/>
  <move id="158" source="H3" target="H4"/>
  <move id="159" source="K5" target="K6"/>
  <move id="160" source="I6" target="I5"/>
  <move id="161" source="K6" target="K7"/>
  <move id="162" source="I5" target="I4"/>
  <move id="163" source="K7" target="I7"/>
  <move id="164" source="H7" target="G7"/>
  <move id="165" source="I7" target="I8"/>
  <move id="166" source="I4" target="I3"/>
  <move id="167" source="K1" target="K9"/>
  <move id="168" source="I9" target="I8"/>
  <move id="169" source="I8" target="H8"/>
  <move id="170" source="I3" target="H3"/>
  <move id="171" source="H8" target="G8"/>
  <move id="172" source="G7" target="H7"/>
  <move id="173" source="G8" target="F8"/>
  <move id="174" source="H3" target="G3"/>
  <move id="175" source="E3" target="E4"/>
  <move id="176" source="E5" target="E4"/>
  <move id="177" source="F8" target="F7"/>
  <move id="178" source="H4" target="H3"/>
  <move id="179" source="F7" target="F6"/>
  <move id="180" source="G3" target="G2"/>
  <move id="181" source="F6" target="F5"/>
  <move id="182" source="G2" target="G1"/>
  <move id="183" source="F5" target="F4"/>
  <move id="184" source="H3" target="G3"/>
  <move id="185" source="F4" target="E4"/>
  <move id="186" source="D7" target="E7"/>
  <move id="187" source="A5" target="B5"/>
  <move id="188" source="E7" target="F7"/>
  <move id="189" source="B5" target="B4"/>
  <move id="190" source="F7" target="F6"/>
  <move id="191" source="B4" target="C4"/>
  <move id="192" source="F6" target="F5"/>
  <move id="193" source="A2" target="A3"/>
  <move id="194" source="F5" target="F4"/>
  <move id="195" source="A3" target="A4"/>
  <move id="196" source="F4" target="F3"/>
  <move id="197" source="A4" target="A5"/>
  <move id="198" source="F3" target="F2"/>
  <move id="199" source="A5" target="A6"/>
  <move id="200" source="H9" target="I9"/>
  <move id="201" source="A6" target="A7"/>
  <move id="202" source="I9" target="I3"/>
  <move id="203" source="A7" target="A8"/>
  <move id="204" source="I3" target="H3"/>
  <move id="205" source="A8" target="A9"/>
  <move id="206" source="H3" target="H2"/>
  <move id="207" source="A9" target="B9"/>
  <move id="208" source="G1" target="H1"/>
  <move id="209" source="B9" target="B:"/>
  <move id="210" source="H7" target="I7"/>
  <move id="211" source="C9" target="B9"/>
  <move id="212" source="I7" target="I6"/>
  <move id="213" source="B9" target="A9"/>
  <move id="214" source="I6" target="I5"/>
  <move id="215" source="B:" target="B9"/>
  <move id="216" source="I5" target="I4"/>
  <move id="217" source="B9" target="C9"/>
  <move id="218" source="C8" target="C9"/>
  <move id="219" source="A9" target="B9"/>
  <move id="220" source="C9" target="C8"/>
  <move id="221" source="B9" target="C9"/>
  <move id="222" source="C8" target="D8"/>
  <move id="223" source="C9" target="C8"/>
  <move id="224" source="D8" target="E8"/>
  <move id="225" source="C8" target="D8"/>
  <move id="226" source="E8" target="F8"/>
  <move id="227" source="D8" target="E8"/>
  <move id="228" source="F8" target="F7"/>
  <move id="229" source="E8" target="F8"/>
  <move id="230" source="F7" target="E7"/>
  <move id="231" source="C4" target="D4"/>
  <move id="232" source="G3" target="G4"/>
  <move id="233" source="F8" target="F7"/>
  <move id="234" source="E7" target="E8"/>
  <move id="235" source="F7" target="F6"/>
  <move id="236" source="G4" target="F4"/>
  <move id="237" source="F2" target="G2"/>
  <move id="238" source="I4" target="I3"/>
  <move id="239" source="F6" target="F7"/>
  <move id="240" source="I3" target="I2"/>
  <move id="241" source="D4" target="C4"/>
  <move id="242" source="I2" target="I1"/>
  <move id="243" source="C4" target="B4"/>
  <move id="244" source="I1" target="I2"/>
  <move id="245" source="B4" target="B5"/>
  <move id="246" source="I2" target="I3"/>
  <move id="247" source="B5" target="B6"/>
  <move id="248" source="I3" target="K3"/>
  <move id="249" source="B6" target="B7"/>
  <move id="250" source="K3" target="K4"/>
  <move id="251" source="B7" target="A7"/>
  <move id="252" source="F4" target="G4"/>
  <move id="253" source="A7" target="A8"/>
  <move id="254" source="G4" target="G3"/>
  <move id="255" source="G2" target="F2"/>
  <move id="256" source="G3" target="F3"/>
  <move id="257" source="A8" target="A9"/>
  <move id="258" source="F3" target="F2"/>
  <move id="259" source="A9" target="B9"/>
  <move id="260" source="F2" target="F3"/>
  <move id="261" source="B9" target="C9"/>
  <move id="262" source="F3" target="F4"/>
  <move id="263" source="C9" target="C8"/>
  <move id="264" source="F4" target="F5"/>
  <move id="265" source="C8" target="D8"/>
  <move id="266" source="F5" target="F6"/>
  <move id="267" source="D8" target="E8"/>
  <move id="268" source="F6" target="F7"/>
  <move id="269" source="E8" target="E7"/>
  <move id="270" source="K4" target="K5"/>
  <move id="271" source="E7" target="F7"/>
  <move id="272" source="K9" target="K8"/>
  <move id="273" source="F7" target="G7"/>
  <move id="274" source="K8" target="I8"/>
  <move id="275" source="G7" target="H7"/>
  <move id="276" source="K5" target="K6"/>
  <move id="277" source="H7" target="G7"/>
  <move id="278" source="I8" target="H8"/>
  <move id="279" source="G7" target="F7"/>
  <move id="280" source="H8" target="H7"/>
  <move id="281" source="F7" target="E7"/>
  <move id="282" source="K6" target="K7"/>
  <move id="283" source="B2" target="B3"/>
  <move id="284" source="K7" target="I7"/>
  <move id="285" source="B3" target="B4"/>
  <move id="286" source="I7" target="I8"/>
  <move id="287" source="B4" target="B5"/>
  <move id="288" source="I8" target="H8"/>
  <move id="289" source="B5" target="B6"/>
  <move id="290" source="H8" target="G8"/>
  <move id="291" source="B6" target="B7"/>
  <move id="292" source="H7" target="G7"/>
  <move id="293" source="B7" target="C7"/>
  <move id="294" source="G7" target="F7"/>
  <move id="295" source="E7" target="E8"/>
  <move id="296" source="E9" target="E8"/>
  <player id="1">Player 1</player>
  <player id="2">Player 2</player>
  <result type="3" winner="2"/>
 </game>
</stratego>