<?xml version="1.0" encoding="UTF-8"?>
<stratego>
 <game type="classic">
  
  <field content="DEBFEBMBEEDBFCKJBIHLHDBDDFDDEIFGIGHGDJHGAA__AA__AAAA__AA__AARSOQSPTPVPWVNUXNRQNNPRPNPQUTPQRPTQUYNSST"/>
  <move id="1" source="K4" target="K5"/>
  <move id="2" source="I7" target="I6"/>
  <move id="3" source="K5" target="K6"/>
  <move id="4" source="I6" target="K6"/>
  <move id="5" source="I4" target="I5"/>
  <move id="6" source="F7" target="F4"/>
  <move id="7" source="I3" target="I4"/>
  <move id="8" source="K6" target="I6"/>
  <move id="9" source="I5" target="K5"/>
  <move id="10" source="I6" target="K6"/>
  <move id="11" source="K5" target="I5"/>
  <move id="12" source="G7" target="F7"/>
  <move id="13" source="I4" target="K4"/>
  <move id="14" source="K6" target="I6"/>
  <move id="15" source="I5" target="I4"/>
  <move id="16" source="K7" target="K4"/>
  <move id="17" source="I4" target="I3"/>
  <move id="18" source="F7" target="F6"/>
  <move id="19" source="K4" target="K5"/>
  <move id="20" source="F6" target="F5"/>
  <move id="21" source="H4" target="I4"/>
  <move id="22" source="I6" target="K6"/>
  <move id="23" source="K5" target="I5"/>
  <move id="24" source="H7" target="F7"/>
  <move id="25" source="H3" target="H4"/>
  <move id="26" source="G8" target="G7"/>
  <move id="27" source="I3" target="H3"/>
  <move id="28" source="G7" target="H7"/>
  <move id="29" source="I4" target="I3"/>
  <move id="30" source="E7" target="E6"/>
  <move id="31" source="H4" target="I4"/>
  <move id="32" source="E8" target="E7"/>
  <move id="33" source="I4" target="K4"/>
  <move id="34" source="K6" target="I6"/>
  <move id="35" source="I5" target="I4"/>
  <move id="36" source="H7" target="G7"/>
  <move id="37" source="K4" target="K5"/>
  <move id="38" source="G7" target="G8"/>
  <move id="39" source="I4" target="H4"/>
  <move id="40" source="F7" target="F6"/>
  <move id="41" source="I3" target="I4"/>
  <move id="42" source="E6" target="E5"/>
  <move id="43" source="I4" target="I5"/>
  <move id="44" source="I6" target="I7"/>
  <move id="45" source="K5" target="K6"/>
  <move id="46" source="I7" target="H7"/>
  <move id="47" source="K6" target="I6"/>
  <move id="48" source="H7" target="G7"/>
  <move id="49" source="I6" target="I7"/>
  <move id="50" source="G7" target="F7"/>
  <move id="51" source="H4" target="I4"/>
  <move id="52" source="F6" target="E6"/>
  <move id="53" source="I4" target="K4"/>
  <move id="54" source="F7" target="F6"/>
  <move id="55" source="I5" target="I4"/>
  <move id="56" source="E7" target="F7"/>
  <move id="57" source="I4" target="H4"/>
  <move id="58" source="F7" target="G7"/>
  <move id="59" source="H3" target="I3"/>
  <move id="60" source="G7" target="H7"/>
  <move id="61" source="I7" target="I6"/>
  <move id="62" source="H7" target="I7"/>
  <move id="63" source="I6" target="I5"/>
  <move id="64" source="I7" target="I6"/>
  <move id="65" source="I5" target="I4"/>
  <move id="66" source="I6" target="I5"/>
  <move id="67" source="A4" target="A5"/>
  <move id="68" source="I5" target="I4"/>
  <move id="69" source="H4" target="H3"/>
  <move id="70" source="I4" target="K4"/>
  <move id="71" source="E4" target="E5"/>
  <move id="72" source="F5" target="E5"/>
  <move id="73" source="E3" target="E4"/>
  <move id="74" source="E6" target="E4"/>
  <move id="75" source="D4" target="E4"/>
  <move id="76" source="E9" target="E4"/>
  <move id="77" source="E4" target="E5"/>
  <move id="78" source="K4" target="K5"/>
  <move id="79" source="D3" target="D4"/>
  <move id="80" source="F6" target="F5"/>
  <move id="81" source="E5" target="E6"/>
  <move id="82" source="K5" target="I5"/>
  <move id="83" source="E6" target="E7"/>
  <move id="84" source="F5" target="F6"/>
  <move id="85" source="D4" target="E4"/>
  <move id="86" source="I5" target="I6"/>
  <move id="87" source="E4" target="E5"/>
  <move id="88" source="F6" target="F7"/>
  <move id="89" source="E7" target="E8"/>
  <move id="90" source="F7" target="E7"/>
  <move id="91" source="E8" target="F8"/>
  <move id="92" source="E7" target="F7"/>
  <move id="93" source="E5" target="F5"/>
  <move id="94" source="F7" target="G7"/>
  <move id="95" source="F5" target="F6"/>
  <move id="96" source="G7" target="H7"/>
  <move id="97" source="F6" target="F7"/>
  <move id="98" source="H7" target="I7"/>
  <move id="99" source="F7" target="G7"/>
  <move id="100" source="I7" target="K7"/>
  <move id="101" source="F4" target="E4"/>
  <move id="102" source="G8" target="G7"/>
  <move id="103" source="E4" target="E5"/>
  <move id="104" source="G7" target="G8"/>
  <move id="105" source="E5" target="E6"/>
  <move id="106" source="I6" target="I7"/>
  <move id="107" source="E6" target="E7"/>
  <move id="108" source="I7" target="H7"/>
  <move id="109" source="H3" target="H4"/>
  <move id="110" source="H7" target="G7"/>
  <move id="111" source="H4" target="I4"/>
  <move id="112" source="G7" target="H7"/>
  <move id="113" source="I4" target="K4"/>
  <move id="114" source="K7" target="I7"/>
  <move id="115" source="F3" target="F4"/>
  <move id="116" source="G8" target="G7"/>
  <move id="117" source="F4" target="E4"/>
  <move id="118" source="G7" target="F7"/>
  <move id="119" source="E7" target="F7"/>
  <move id="120" source="H7" target="G7"/>
  <move id="121" source="F7" target="F6"/>
  <move id="122" source="G7" target="F7"/>
  <move id="123" source="F6" target="F5"/>
  <move id="124" source="F7" target="F6"/>
  <move id="125" source="F5" target="F4"/>
  <move id="126" source="F6" target="F5"/>
  <move id="127" source="F4" target="F3"/>
  <move id="128" source="I7" target="H7"/>
  <move id="129" source="A5" target="A6"/>
  <move id="130" source="H7" target="G7"/>
  <move id="131" source="K4" target="K5"/>
  <move id="132" source="G7" target="F7"/>
  <move id="133" source="K5" target="K6"/>
  <move id="134" source="F7" target="E7"/>
  <move id="135" source="A6" target="A5"/>
  <move id="136" source="F5" target="F6"/>
  <move id="137" source="E4" target="E5"/>
  <move id="138" source="F6" target="F5"/>
  <move id="139" source="E5" target="E4"/>
  <move id="140" source="F5" target="E5"/>
  <move id="141" source="E4" target="F4"/>
  <move id="142" source="E5" target="E4"/>
  <move id="143" source="F4" target="F5"/>
  <move id="144" source="E7" target="F7"/>
  <move id="145" source="F5" target="F6"/>
  <move id="146" source="F7" target="F6"/>
  <move id="147" source="A5" target="A6"/>
  <move id="148" source="E4" target="E5"/>
  <move id="149" source="G4" target="F4"/>
  <move id="150" source="F6" target="F7"/>
  <move id="151" source="I3" target="H3"/>
  <move id="152" source="F7" target="E7"/>
  <move id="153" source="K3" target="I3"/>
  <move id="154" source="E7" target="E8"/>
  <move id="155" source="D2" target="D3"/>
  <move id="156" source="E8" target="E9"/>
  <move id="157" source="D3" target="D4"/>
  <move id="158" source="E5" target="E6"/>
  <move id="159" source="F4" target="F5"/>
  <move id="160" source="D7" target="E7"/>
  <move id="161" source="E2" target="E3"/>
  <move id="162" source="E7" target="F7"/>
  <move id="163" source="E3" target="E4"/>
  <move id="164" source="F7" target="F6"/>
  <move id="165" source="E4" target="F4"/>
  <move id="166" source="F6" target="F7"/>
  <move id="167" source="D4" target="E4"/>
  <move id="168" source="E6" target="F6"/>
  <move id="169" source="F5" target="E5"/>
  <move id="170" source="F7" target="E7"/>
  <move id="171" source="K6" target="K7"/>
  <move id="172" source="E7" target="E6"/>
  <move id="173" source="K2" target="K3"/>
  <move id="174" source="F6" target="F7"/>
  <move id="175" source="K3" target="K4"/>
  <move id="176" source="F7" target="G7"/>
  <move id="177" source="K7" target="K6"/>
  <move id="178" source="G7" target="H7"/>
  <move id="179" source="F4" target="F5"/>
  <move id="180" source="H7" target="G7"/>
  <move id="181" source="K4" target="I4"/>
  <move id="182" source="G7" target="F7"/>
  <move id="183" source="I4" target="H4"/>
  <move id="184" source="E6" target="F6"/>
  <move id="185" source="F3" target="E3"/>
  <move id="186" source="C7" target="D7"/>
  <move id="187" source="E3" target="E2"/>
  <move id="188" source="D7" target="E7"/>
  <move id="189" source="H4" target="G4"/>
  <move id="190" source="E7" target="E8"/>
  <move id="191" source="G4" target="F4"/>
  <move id="192" source="B7" target="C7"/>
  <move id="193" source="A6" target="B6"/>
  <move id="194" source="C7" target="D7"/>
  <move id="195" source="B6" target="B7"/>
  <move id="196" source="B8" target="B7"/>
  <move id="197" source="B4" target="A4"/>
  <move id="198" source="B7" target="C7"/>
  <move id="199" source="A4" target="A5"/>
  <move id="200" source="D7" target="E7"/>
  <move id="201" source="A5" target="A6"/>
  <move id="202" source="A8" target="B8"/>
  <move id="203" source="A6" target="B6"/>
  <move id="204" source="B8" target="B7"/>
  <move id="205" source="C4" target="B4"/>
  <move id="206" source="B7" target="B6"/>
  <move id="207" source="B4" target="B5"/>
  <move id="208" source="B6" target="B7"/>
  <move id="209" source="B5" target="B6"/>
  <move id="210" source="B9" target="B8"/>
  <move id="211" source="K6" target="K7"/>
  <move id="212" source="E7" target="E6"/>
  <move id="213" source="K7" target="I7"/>
  <move id="214" source="F7" target="G7"/>
  <move id="215" source="E5" target="E6"/>
  <move id="216" source="G7" target="G8"/>
  <move id="217" source="F5" target="F6"/>
  <move id="218" source="E6" target="E7"/>
  <move id="219" source="F6" target="E6"/>
  <move id="220" source="B7" target="B6"/>
  <move id="221" source="E6" target="E7"/>
  <move id="222" source="B8" target="A8"/>
  <move id="223" source="E7" target="E8"/>
  <move id="224" source="G8" target="G7"/>
  <move id="225" source="E4" target="E5"/>
  <move id="226" source="G7" target="F7"/>
  <move id="227" source="E5" target="E6"/>
  <move id="228" source="B6" target="B5"/>
  <move id="229" source="E8" target="E9"/>
  <move id="230" source="B5" target="B4"/>
  <move id="231" source="E9" target="E8"/>
  <move id="232" source="B4" target="B3"/>
  <move id="233" source="E8" target="E7"/>
  <move id="234" source="B3" target="C3"/>
  <move id="235" source="E7" target="D7"/>
  <move id="236" source="C7" target="B7"/>
  <move id="237" source="D7" target="C7"/>
  <move id="238" source="B7" target="B6"/>
  <move id="239" source="C7" target="B7"/>
  <move id="240" source="B6" target="B5"/>
  <move id="241" source="B7" target="B6"/>
  <move id="242" source="B5" target="B4"/>
  <move id="243" source="B6" target="B5"/>
  <move id="244" source="B4" target="C4"/>
  <move id="245" source="F4" target="E4"/>
  <move id="246" source="C4" target="C3"/>
  <player id="1">Player 1</player>
  <player id="2">Player 2</player>
  <result type="3" winner="1"/>
 </game>
</stratego>