<?xml version="1.0" encoding="UTF-8"?>
<stratego>
 <game type="classic">
  
  <field content="BHBHMIHGGBDFDIBKHFFDEJLECJIEDEDBDFBGEDGDAA__AA__AAAA__AA__AAVWRNUUNRXVUORNNNNRQQQQQTTTTYPPPPPSSSSPPP"/>
  <move id="1" source="F4" target="F5"/>
  <move id="2" source="I7" target="I6"/>
  <move id="3" source="F5" target="E5"/>
  <move id="4" source="F7" target="F6"/>
  <move id="5" source="E5" target="F5"/>
  <move id="6" source="E7" target="E6"/>
  <move id="7" source="F5" target="F6"/>
  <move id="8" source="E6" target="E5"/>
  <move id="9" source="F3" target="F4"/>
  <move id="10" source="E5" target="F5"/>
  <move id="11" source="F4" target="F5"/>
  <move id="12" source="F6" target="F5"/>
  <move id="13" source="F5" target="E5"/>
  <move id="14" source="I6" target="I5"/>
  <move id="15" source="I4" target="I5"/>
  <move id="16" source="I5" target="I6"/>
  <move id="17" source="H4" target="I4"/>
  <move id="18" source="I6" target="I7"/>
  <move id="19" source="I4" target="I5"/>
  <move id="20" source="K7" target="K6"/>
  <move id="21" source="I5" target="I6"/>
  <move id="22" source="K6" target="I6"/>
  <move id="23" source="K4" target="I4"/>
  <move id="24" source="I6" target="K6"/>
  <move id="25" source="I4" target="I5"/>
  <move id="26" source="K8" target="K7"/>
  <move id="27" source="I5" target="I6"/>
  <move id="28" source="K6" target="I6"/>
  <move id="29" source="G4" target="H4"/>
  <move id="30" source="K7" target="K6"/>
  <move id="31" source="H4" target="I4"/>
  <move id="32" source="K6" target="K5"/>
  <move id="33" source="I4" target="I5"/>
  <move id="34" source="K5" target="I5"/>
  <move id="35" source="E5" target="E6"/>
  <move id="36" source="K9" target="K6"/>
  <move id="37" source="E6" target="E7"/>
  <move id="38" source="I6" target="I5"/>
  <move id="39" source="E7" target="D7"/>
  <move id="40" source="K6" target="I6"/>
  <move id="41" source="I3" target="I4"/>
  <move id="42" source="I5" target="I4"/>
  <move id="43" source="F2" target="F3"/>
  <move id="44" source="I4" target="H4"/>
  <move id="45" source="F3" target="F4"/>
  <move id="46" source="H4" target="I4"/>
  <move id="47" source="F4" target="G4"/>
  <move id="48" source="I4" target="K4"/>
  <move id="49" source="G4" target="H4"/>
  <move id="50" source="K4" target="K5"/>
  <move id="51" source="H4" target="I4"/>
  <move id="52" source="K5" target="K6"/>
  <move id="53" source="I4" target="I5"/>
  <move id="54" source="K6" target="K7"/>
  <move id="55" source="I5" target="I6"/>
  <move id="56" source="I7" target="I6"/>
  <move id="57" source="E3" target="F3"/>
  <move id="58" source="I6" target="I7"/>
  <move id="59" source="F3" target="F4"/>
  <move id="60" source="K7" target="K6"/>
  <move id="61" source="F4" target="G4"/>
  <move id="62" source="K6" target="I6"/>
  <move id="63" source="G4" target="H4"/>
  <move id="64" source="I6" target="I5"/>
  <move id="65" source="H4" target="I4"/>
  <move id="66" source="I5" target="I4"/>
  <move id="67" source="G3" target="G4"/>
  <move id="68" source="I4" target="I5"/>
  <move id="69" source="G4" target="H4"/>
  <move id="70" source="I7" target="I6"/>
  <move id="71" source="H4" target="I4"/>
  <move id="72" source="I5" target="I4"/>
  <move id="73" source="A4" target="A5"/>
  <move id="74" source="B7" target="B6"/>
  <move id="75" source="A5" target="A4"/>
  <move id="76" source="K:" target="K4"/>
  <move id="77" source="A4" target="A5"/>
  <move id="78" source="I:" target="K:"/>
  <move id="79" source="A5" target="A6"/>
  <move id="80" source="K:" target="K5"/>
  <move id="81" source="A3" target="A4"/>
  <move id="82" source="A7" target="A6"/>
  <move id="83" source="B3" target="A3"/>
  <move id="84" source="A6" target="A7"/>
  <move id="85" source="A4" target="A5"/>
  <move id="86" source="H:" target="K:"/>
  <move id="87" source="H3" target="H4"/>
  <move id="88" source="K:" target="K6"/>
  <move id="89" source="G2" target="G3"/>
  <move id="90" source="G:" target="H:"/>
  <move id="91" source="G3" target="G4"/>
  <move id="92" source="H:" target="I:"/>
  <move id="93" source="G4" target="F4"/>
  <move id="94" source="I:" target="K:"/>
  <move id="95" source="I2" target="I3"/>
  <move id="96" source="K:" target="K9"/>
  <move id="97" source="I3" target="I4"/>
  <move id="98" source="K9" target="K8"/>
  <move id="99" source="A5" target="B5"/>
  <move id="100" source="F:" target="G:"/>
  <move id="101" source="A3" target="A4"/>
  <move id="102" source="G:" target="H:"/>
  <move id="103" source="A4" target="A5"/>
  <move id="104" source="K8" target="K7"/>
  <move id="105" source="A5" target="A6"/>
  <move id="106" source="B6" target="A6"/>
  <move id="107" source="C3" target="B3"/>
  <move id="108" source="C7" target="B7"/>
  <move id="109" source="B3" target="A3"/>
  <move id="110" source="B7" target="B6"/>
  <move id="111" source="A3" target="A4"/>
  <move id="112" source="B8" target="B7"/>
  <move id="113" source="A4" target="A5"/>
  <move id="114" source="C8" target="B8"/>
  <move id="115" source="B5" target="B6"/>
  <move id="116" source="C9" target="C8"/>
  <move id="117" source="A5" target="B5"/>
  <move id="118" source="C8" target="C7"/>
  <move id="119" source="B5" target="B6"/>
  <move id="120" source="B7" target="B6"/>
  <move id="121" source="C4" target="C3"/>
  <move id="122" source="B6" target="B5"/>
  <move id="123" source="C3" target="B3"/>
  <move id="124" source="B5" target="B4"/>
  <move id="125" source="B3" target="A3"/>
  <move id="126" source="C7" target="B7"/>
  <move id="127" source="A3" target="A4"/>
  <move id="128" source="A6" target="A5"/>
  <move id="129" source="A4" target="A3"/>
  <move id="130" source="B7" target="B6"/>
  <move id="131" source="D4" target="C4"/>
  <move id="132" source="A5" target="A4"/>
  <move id="133" source="D3" target="C3"/>
  <move id="134" source="A4" target="A3"/>
  <move id="135" source="F4" target="F5"/>
  <move id="136" source="A7" target="A6"/>
  <move id="137" source="F5" target="F6"/>
  <move id="138" source="A6" target="A5"/>
  <move id="139" source="F6" target="F7"/>
  <move id="140" source="A3" target="B3"/>
  <move id="141" source="F7" target="F8"/>
  <move id="142" source="B3" target="C3"/>
  <move id="143" source="H4" target="G4"/>
  <move id="144" source="C3" target="C4"/>
  <move id="145" source="G4" target="F4"/>
  <move id="146" source="C4" target="C3"/>
  <move id="147" source="F4" target="F5"/>
  <move id="148" source="B6" target="B5"/>
  <move id="149" source="F5" target="F6"/>
  <move id="150" source="B5" target="B4"/>
  <move id="151" source="F6" target="F7"/>
  <move id="152" source="B4" target="B5"/>
  <move id="153" source="F7" target="F8"/>
  <move id="154" source="F9" target="F8"/>
  <move id="155" source="G1" target="G2"/>
  <move id="156" source="B5" target="B6"/>
  <move id="157" source="G2" target="F2"/>
  <move id="158" source="C:" target="C9"/>
  <move id="159" source="F2" target="G2"/>
  <move id="160" source="B6" target="B7"/>
  <move id="161" source="A2" target="A5"/>
  <move id="162" source="C3" target="D3"/>
  <move id="163" source="G2" target="G3"/>
  <move id="164" source="D3" target="E3"/>
  <move id="165" source="G3" target="G4"/>
  <move id="166" source="E3" target="F3"/>
  <move id="167" source="H2" target="G2"/>
  <move id="168" source="F3" target="F4"/>
  <move id="169" source="G2" target="G3"/>
  <move id="170" source="I4" target="H4"/>
  <move id="171" source="K3" target="I3"/>
  <move id="172" source="F4" target="G4"/>
  <move id="173" source="G3" target="F3"/>
  <move id="174" source="G4" target="F4"/>
  <move id="175" source="F3" target="E3"/>
  <move id="176" source="A5" target="A4"/>
  <move id="177" source="B2" target="B3"/>
  <move id="178" source="H4" target="G4"/>
  <move id="179" source="C2" target="C3"/>
  <move id="180" source="G4" target="G3"/>
  <move id="181" source="C3" target="C4"/>
  <move id="182" source="G3" target="F3"/>
  <move id="183" source="E3" target="D3"/>
  <move id="184" source="A4" target="B4"/>
  <move id="185" source="D3" target="C3"/>
  <move id="186" source="F3" target="E3"/>
  <move id="187" source="B3" target="A3"/>
  <move id="188" source="E3" target="D3"/>
  <move id="189" source="B1" target="B2"/>
  <move id="190" source="D3" target="C3"/>
  <move id="191" source="B2" target="B3"/>
  <move id="192" source="C3" target="B3"/>
  <move id="193" source="I3" target="H3"/>
  <move id="194" source="B3" target="A3"/>
  <move id="195" source="H3" target="H4"/>
  <move id="196" source="A3" target="B3"/>
  <move id="197" source="H4" target="H3"/>
  <move id="198" source="B7" target="B6"/>
  <move id="199" source="K2" target="I2"/>
  <move id="200" source="C9" target="C7"/>
  <move id="201" source="I2" target="I3"/>
  <move id="202" source="C7" target="A7"/>
  <move id="203" source="I3" target="I4"/>
  <move id="204" source="A7" target="A1"/>
  <move id="205" source="I4" target="H4"/>
  <move id="206" source="B:" target="C:"/>
  <move id="207" source="I1" target="I2"/>
  <move id="208" source="B3" target="B2"/>
  <move id="209" source="I2" target="I3"/>
  <move id="210" source="B2" target="B1"/>
  <move id="211" source="I3" target="I4"/>
  <move id="212" source="B6" target="A6"/>
  <move id="213" source="I4" target="I5"/>
  <move id="214" source="A6" target="A5"/>
  <move id="215" source="H1" target="I1"/>
  <move id="216" source="A5" target="A4"/>
  <move id="217" source="I1" target="I2"/>
  <move id="218" source="A4" target="A3"/>
  <move id="219" source="I2" target="I3"/>
  <move id="220" source="A3" target="A2"/>
  <move id="221" source="I3" target="I4"/>
  <move id="222" source="A2" target="A1"/>
  <move id="223" source="I5" target="K5"/>
  <move id="224" source="I6" target="I5"/>
  <move id="225" source="K5" target="K6"/>
  <move id="226" source="I5" target="I6"/>
  <move id="227" source="K6" target="K7"/>
  <move id="228" source="A1" target="A2"/>
  <move id="229" source="I4" target="K4"/>
  <move id="230" source="A2" target="A3"/>
  <move id="231" source="H4" target="I4"/>
  <move id="232" source="A3" target="A4"/>
  <move id="233" source="K4" target="K5"/>
  <move id="234" source="A4" target="A5"/>
  <move id="235" source="I4" target="I5"/>
  <move id="236" source="A5" target="A6"/>
  <move id="237" source="H3" target="I3"/>
  <move id="238" source="A6" target="A7"/>
  <move id="239" source="I3" target="I4"/>
  <move id="240" source="F4" target="E4"/>
  <move id="241" source="I5" target="I6"/>
  <move id="242" source="B1" target="B2"/>
  <move id="243" source="C4" target="C3"/>
  <move id="244" source="B2" target="C2"/>
  <move id="245" source="C3" target="D3"/>
  <move id="246" source="C2" target="C3"/>
  <move id="247" source="D3" target="E3"/>
  <move id="248" source="C3" target="D3"/>
  <move id="249" source="E3" target="F3"/>
  <move id="250" source="D3" target="E3"/>
  <move id="251" source="F3" target="F4"/>
  <move id="252" source="E3" target="F3"/>
  <move id="253" source="F4" target="F5"/>
  <move id="254" source="F8" target="F7"/>
  <move id="255" source="F5" target="E5"/>
  <move id="256" source="F7" target="E7"/>
  <move id="257" source="E5" target="F5"/>
  <move id="258" source="F3" target="F4"/>
  <move id="259" source="F5" target="F:"/>
  <move id="260" source="E:" target="F:"/>
  <move id="261" source="D2" target="D3"/>
  <move id="262" source="F:" target="E:"/>
  <move id="263" source="D3" target="D4"/>
  <move id="264" source="C:" target="C7"/>
  <move id="265" source="D4" target="D3"/>
  <move id="266" source="C7" target="B7"/>
  <move id="267" source="D3" target="D2"/>
  <move id="268" source="B7" target="B5"/>
  <move id="269" source="D2" target="C2"/>
  <move id="270" source="B5" target="A5"/>
  <move id="271" source="C2" target="B2"/>
  <move id="272" source="D:" target="C:"/>
  <move id="273" source="B2" target="A2"/>
  <move id="274" source="E:" target="D:"/>
  <move id="275" source="A2" target="A3"/>
  <move id="276" source="C:" target="C9"/>
  <move id="277" source="A3" target="A4"/>
  <move id="278" source="D:" target="C:"/>
  <move id="279" source="A4" target="A5"/>
  <move id="280" source="B4" target="B5"/>
  <move id="281" source="A5" target="A6"/>
  <move id="282" source="B5" target="B6"/>
  <move id="283" source="A6" target="A7"/>
  <move id="284" source="B6" target="B7"/>
  <move id="285" source="A7" target="A8"/>
  <move id="286" source="C:" target="B:"/>
  <move id="287" source="I4" target="I3"/>
  <move id="288" source="B8" target="A8"/>
  <move id="289" source="I3" target="I2"/>
  <move id="290" source="C9" target="C8"/>
  <move id="291" source="I2" target="H2"/>
  <move id="292" source="C8" target="B8"/>
  <move id="293" source="H2" target="G2"/>
  <move id="294" source="B7" target="A7"/>
  <move id="295" source="G2" target="F2"/>
  <move id="296" source="B9" target="C9"/>
  <move id="297" source="F1" target="G1"/>
  <move id="298" source="C9" target="C8"/>
  <move id="299" source="G1" target="G2"/>
  <move id="300" source="C8" target="C7"/>
  <move id="301" source="K5" target="K4"/>
  <move id="302" source="C7" target="B7"/>
  <move id="303" source="K4" target="I4"/>
  <move id="304" source="D9" target="C9"/>
  <move id="305" source="I4" target="H4"/>
  <move id="306" source="C9" target="B9"/>
  <move id="307" source="G2" target="G3"/>
  <move id="308" source="B7" target="B6"/>
  <move id="309" source="D1" target="D2"/>
  <move id="310" source="B6" target="B5"/>
  <move id="311" source="D2" target="D3"/>
  <move id="312" source="B5" target="B4"/>
  <move id="313" source="D3" target="D4"/>
  <move id="314" source="B4" target="B3"/>
  <move id="315" source="D4" target="C4"/>
  <move id="316" source="B3" target="B2"/>
  <move id="317" source="C4" target="B4"/>
  <move id="318" source="A7" target="A6"/>
  <move id="319" source="B4" target="B5"/>
  <move id="320" source="B2" target="C2"/>
  <move id="321" source="B5" target="B6"/>
  <move id="322" source="A6" target="B6"/>
  <move id="323" source="F2" target="F3"/>
  <move id="324" source="C2" target="C3"/>
  <move id="325" source="F3" target="E3"/>
  <move id="326" source="C3" target="C4"/>
  <move id="327" source="E3" target="D3"/>
  <move id="328" source="B6" target="B5"/>
  <move id="329" source="D3" target="D2"/>
  <move id="330" source="C4" target="D4"/>
  <move id="331" source="D2" target="C2"/>
  <move id="332" source="B5" target="B4"/>
  <move id="333" source="C2" target="B2"/>
  <move id="334" source="B4" target="B3"/>
  <move id="335" source="B2" target="A2"/>
  <move id="336" source="D4" target="E4"/>
  <move id="337" source="A2" target="A3"/>
  <move id="338" source="B3" target="A3"/>
  <move id="339" source="G3" target="G2"/>
  <move id="340" source="A3" target="A2"/>
  <move id="341" source="G2" target="F2"/>
  <move id="342" source="A2" target="A1"/>
  <move id="343" source="F2" target="F3"/>
  <move id="344" source="A1" target="B1"/>
  <move id="345" source="F3" target="E3"/>
  <move id="346" source="B1" target="C1"/>
  <move id="347" source="E3" target="E4"/>
  <move id="348" source="F4" target="E4"/>
  <move id="349" source="H4" target="H3"/>
  <move id="350" source="I6" target="I5"/>
  <move id="351" source="H3" target="G3"/>
  <move id="352" source="I8" target="I7"/>
  <move id="353" source="G3" target="G2"/>
  <move id="354" source="I7" target="I6"/>
  <move id="355" source="G2" target="F2"/>
  <move id="356" source="I6" target="K6"/>
  <move id="357" source="F2" target="F3"/>
  <move id="358" source="K6" target="K5"/>
  <move id="359" source="F3" target="G3"/>
  <move id="360" source="K5" target="K4"/>
  <move id="361" source="G3" target="G2"/>
  <move id="362" source="K4" target="K3"/>
  <move id="363" source="G2" target="H2"/>
  <move id="364" source="K3" target="K2"/>
  <move id="365" source="H2" target="H1"/>
  <move id="366" source="K2" target="K1"/>
  <move id="367" source="H1" target="I1"/>
  <move id="368" source="K1" target="K2"/>
  <move id="369" source="I1" target="I2"/>
  <move id="370" source="K2" target="K1"/>
  <move id="371" source="I2" target="K2"/>
  <move id="372" source="K1" target="I1"/>
  <move id="373" source="K2" target="I2"/>
  <move id="374" source="I1" target="H1"/>
  <move id="375" source="I2" target="H2"/>
  <move id="376" source="H1" target="G1"/>
  <move id="377" source="H2" target="G2"/>
  <move id="378" source="G1" target="F1"/>
  <move id="379" source="G2" target="G3"/>
  <move id="380" source="F1" target="F2"/>
  <move id="381" source="G3" target="G4"/>
  <move id="382" source="F2" target="F3"/>
  <move id="383" source="G4" target="H4"/>
  <move id="384" source="F3" target="E3"/>
  <move id="385" source="H4" target="H3"/>
  <move id="386" source="E3" target="D3"/>
  <move id="387" source="H3" target="G3"/>
  <move id="388" source="D3" target="C3"/>
  <move id="389" source="G3" target="F3"/>
  <move id="390" source="C3" target="C2"/>
  <move id="391" source="F3" target="F2"/>
  <move id="392" source="C2" target="C1"/>
  <move id="393" source="F2" target="G2"/>
  <move id="394" source="C1" target="D1"/>
  <move id="395" source="G2" target="F2"/>
  <move id="396" source="E4" target="E3"/>
  <move id="397" source="F2" target="F1"/>
  <move id="398" source="I5" target="I4"/>
  <move id="399" source="F1" target="G1"/>
  <move id="400" source="I4" target="I3"/>
  <move id="401" source="G1" target="H1"/>
  <move id="402" source="I3" target="H3"/>
  <move id="403" source="H1" target="I1"/>
  <move id="404" source="H3" target="H2"/>
  <move id="405" source="I1" target="K1"/>
  <move id="406" source="H2" target="I2"/>
  <move id="407" source="K1" target="K2"/>
  <move id="408" source="I2" target="K2"/>
  <player id="1">Player 1</player>
  <player id="2">Player 2</player>
  <result type="0" winner="2"/>
 </game>
</stratego>