<?xml version="1.0" encoding="UTF-8"?>
<stratego>
 <game type="classic">
  
  <field content="EDBHEIMEGEBFGEFDHJHDDBBCGDDHBFGDJKIDLIFBAA__AA__AAAA__AA__AAPSPTPUQUSPPUPNRWOVXTPPVSRRNRSQTNQNQNYNQT"/>
  <move id="1" source="F4" target="F5"/>
  <move id="2" source="F7" target="F6"/>
  <move id="3" source="F5" target="E5"/>
  <move id="4" source="F6" target="F5"/>
  <move id="5" source="E5" target="E7"/>
  <move id="6" source="F8" target="F7"/>
  <move id="7" source="F3" target="F4"/>
  <move id="8" source="F7" target="F6"/>
  <move id="9" source="E3" target="F3"/>
  <move id="10" source="F5" target="F4"/>
  <move id="11" source="G4" target="F4"/>
  <move id="12" source="B7" target="B6"/>
  <move id="13" source="E4" target="E3"/>
  <move id="14" source="B6" target="B5"/>
  <move id="15" source="G3" target="G4"/>
  <move id="16" source="B5" target="B4"/>
  <move id="17" source="F3" target="G3"/>
  <move id="18" source="B4" target="A4"/>
  <move id="19" source="E3" target="F3"/>
  <move id="20" source="C7" target="B7"/>
  <move id="21" source="E2" target="E3"/>
  <move id="22" source="B7" target="B3"/>
  <move id="23" source="E3" target="E4"/>
  <move id="24" source="A7" target="A3"/>
  <move id="25" source="E4" target="E5"/>
  <move id="26" source="A8" target="A2"/>
  <move id="27" source="D2" target="E2"/>
  <move id="28" source="A9" target="A4"/>
  <move id="29" source="E5" target="E6"/>
  <move id="30" source="F6" target="F7"/>
  <move id="31" source="D4" target="E4"/>
  <move id="32" source="A4" target="C4"/>
  <move id="33" source="E4" target="E3"/>
  <move id="34" source="D7" target="E7"/>
  <move id="35" source="F4" target="E4"/>
  <move id="36" source="E7" target="E6"/>
  <move id="37" source="G4" target="F4"/>
  <move id="38" source="F7" target="E7"/>
  <move id="39" source="F4" target="F7"/>
  <move id="40" source="G7" target="F7"/>
  <move id="41" source="E4" target="E5"/>
  <move id="42" source="E6" target="F6"/>
  <move id="43" source="E5" target="F5"/>
  <move id="44" source="E7" target="E6"/>
  <move id="45" source="F5" target="F6"/>
  <move id="46" source="E6" target="E5"/>
  <move id="47" source="F3" target="F4"/>
  <move id="48" source="E5" target="E4"/>
  <move id="49" source="F4" target="F5"/>
  <move id="50" source="E4" target="D4"/>
  <move id="51" source="D3" target="D4"/>
  <move id="52" source="D4" target="C4"/>
  <move id="53" source="F6" target="F7"/>
  <move id="54" source="C4" target="D4"/>
  <move id="55" source="F7" target="F6"/>
  <move id="56" source="D4" target="E4"/>
  <move id="57" source="E3" target="E4"/>
  <move id="58" source="C8" target="C7"/>
  <move id="59" source="E2" target="E3"/>
  <move id="60" source="C7" target="B7"/>
  <move id="61" source="E3" target="E4"/>
  <move id="62" source="B7" target="B6"/>
  <move id="63" source="E4" target="E5"/>
  <move id="64" source="G8" target="G7"/>
  <move id="65" source="E5" target="E6"/>
  <move id="66" source="H8" target="G8"/>
  <move id="67" source="E6" target="E7"/>
  <move id="68" source="E8" target="E7"/>
  <move id="69" source="F5" target="E5"/>
  <move id="70" source="G8" target="F8"/>
  <move id="71" source="E5" target="E6"/>
  <move id="72" source="F8" target="E8"/>
  <move id="73" source="F6" target="F5"/>
  <move id="74" source="B6" target="B5"/>
  <move id="75" source="F5" target="F4"/>
  <move id="76" source="B5" target="B4"/>
  <move id="77" source="F4" target="E4"/>
  <move id="78" source="B4" target="C4"/>
  <move id="79" source="G3" target="F3"/>
  <move id="80" source="C4" target="C3"/>
  <move id="81" source="F3" target="F4"/>
  <move id="82" source="I8" target="H8"/>
  <move id="83" source="F4" target="F5"/>
  <move id="84" source="H8" target="G8"/>
  <move id="85" source="F5" target="F6"/>
  <move id="86" source="G8" target="F8"/>
  <move id="87" source="E4" target="F4"/>
  <move id="88" source="C9" target="C8"/>
  <move id="89" source="E1" target="E2"/>
  <move id="90" source="C8" target="C7"/>
  <move id="91" source="E2" target="E3"/>
  <move id="92" source="C7" target="B7"/>
  <move id="93" source="E3" target="D3"/>
  <move id="94" source="B7" target="B6"/>
  <move id="95" source="D3" target="D4"/>
  <move id="96" source="B6" target="B5"/>
  <move id="97" source="D4" target="C4"/>
  <move id="98" source="B5" target="B4"/>
  <move id="99" source="F2" target="E2"/>
  <move id="100" source="B4" target="C4"/>
  <move id="101" source="F4" target="E4"/>
  <move id="102" source="C4" target="B4"/>
  <move id="103" source="E2" target="E3"/>
  <move id="104" source="B4" target="A4"/>
  <move id="105" source="E3" target="F3"/>
  <move id="106" source="E7" target="F7"/>
  <move id="107" source="E6" target="E5"/>
  <move id="108" source="I7" target="I6"/>
  <move id="109" source="E5" target="F5"/>
  <move id="110" source="I6" target="K6"/>
  <move id="111" source="F5" target="F4"/>
  <move id="112" source="K7" target="I7"/>
  <move id="113" source="F3" target="E3"/>
  <move id="114" source="I7" target="I4"/>
  <move id="115" source="F4" target="F3"/>
  <move id="116" source="K6" target="I6"/>
  <move id="117" source="F3" target="F2"/>
  <move id="118" source="I6" target="I5"/>
  <move id="119" source="E4" target="F4"/>
  <move id="120" source="A4" target="B4"/>
  <move id="121" source="E3" target="E8"/>
  <move id="122" source="B4" target="C4"/>
  <move id="123" source="F4" target="E4"/>
  <move id="124" source="C4" target="B4"/>
  <move id="125" source="F2" target="E2"/>
  <move id="126" source="F7" target="F6"/>
  <move id="127" source="E2" target="E3"/>
  <move id="128" source="I5" target="I4"/>
  <move id="129" source="H4" target="I4"/>
  <move id="130" source="H7" target="I7"/>
  <move id="131" source="I4" target="H4"/>
  <move id="132" source="I7" target="I6"/>
  <move id="133" source="H4" target="G4"/>
  <move id="134" source="I6" target="I5"/>
  <move id="135" source="G4" target="F4"/>
  <move id="136" source="E8" target="E7"/>
  <move id="137" source="F4" target="F3"/>
  <move id="138" source="E7" target="F7"/>
  <move id="139" source="F6" target="E6"/>
  <move id="140" source="F8" target="E8"/>
  <move id="141" source="F3" target="F2"/>
  <move id="142" source="E8" target="E7"/>
  <move id="143" source="E6" target="E5"/>
  <move id="144" source="E7" target="E6"/>
  <move id="145" source="E3" target="D3"/>
  <move id="146" source="E6" target="E5"/>
  <move id="147" source="E4" target="E5"/>
  <move id="148" source="B4" target="C4"/>
  <move id="149" source="D3" target="E3"/>
  <move id="150" source="F7" target="F6"/>
  <move id="151" source="E3" target="E4"/>
  <move id="152" source="F6" target="F5"/>
  <move id="153" source="H3" target="H4"/>
  <move id="154" source="I5" target="K5"/>
  <move id="155" source="H4" target="I4"/>
  <move id="156" source="K5" target="K6"/>
  <move id="157" source="I4" target="I5"/>
  <move id="158" source="C4" target="D4"/>
  <move id="159" source="E4" target="E3"/>
  <move id="160" source="F5" target="F4"/>
  <move id="161" source="H2" target="H3"/>
  <move id="162" source="F4" target="F3"/>
  <move id="163" source="H3" target="H4"/>
  <move id="164" source="F3" target="F2"/>
  <move id="165" source="I5" target="I6"/>
  <move id="166" source="K6" target="I6"/>
  <move id="167" source="H4" target="I4"/>
  <move id="168" source="I6" target="K6"/>
  <move id="169" source="I4" target="I5"/>
  <move id="170" source="D4" target="D3"/>
  <move id="171" source="E3" target="E4"/>
  <move id="172" source="D3" target="E3"/>
  <move id="173" source="E4" target="E5"/>
  <move id="174" source="F2" target="G2"/>
  <move id="175" source="E5" target="E6"/>
  <move id="176" source="E3" target="E4"/>
  <move id="177" source="E6" target="E7"/>
  <move id="178" source="E4" target="E5"/>
  <move id="179" source="E7" target="E8"/>
  <move id="180" source="E5" target="E6"/>
  <move id="181" source="E8" target="E9"/>
  <move id="182" source="D9" target="C9"/>
  <move id="183" source="E9" target="D9"/>
  <move id="184" source="C9" target="C8"/>
  <move id="185" source="D9" target="D:"/>
  <move id="186" source="E6" target="E7"/>
  <move id="187" source="I5" target="I6"/>
  <move id="188" source="K6" target="K5"/>
  <move id="189" source="I6" target="I7"/>
  <move id="190" source="E7" target="E8"/>
  <move id="191" source="I7" target="I8"/>
  <move id="192" source="K8" target="K7"/>
  <move id="193" source="I8" target="H8"/>
  <move id="194" source="H9" target="H8"/>
  <move id="195" source="H8" target="H9"/>
  <move id="196" source="E8" target="F8"/>
  <player id="1">Player 1</player>
  <player id="2">Player 2</player>
  <result type="3" winner="2"/>
 </game>
</stratego>