<?xml version="1.0" encoding="UTF-8"?>
<stratego>
 <game type="classic">
  
  <field content="DFDDBFDHEMHDHEFBEEHGEDCGBFBJLKIGDDIBBJGIAA__AA__AAAA__AA__AANSPQRPVQPRTTWQTXNPNTUSPOPQUNNPRNUSRYSPQV"/>
  <move id="1" source="A4" target="A5"/>
  <move id="2" source="F7" target="F6"/>
  <move id="3" source="E4" target="E5"/>
  <move id="4" source="E7" target="F7"/>
  <move id="5" source="E5" target="E6"/>
  <move id="6" source="F6" target="E6"/>
  <move id="7" source="D4" target="E4"/>
  <move id="8" source="E8" target="E7"/>
  <move id="9" source="E6" target="F6"/>
  <move id="10" source="E7" target="E6"/>
  <move id="11" source="F6" target="E6"/>
  <move id="12" source="B7" target="B6"/>
  <move id="13" source="E4" target="E5"/>
  <move id="14" source="F8" target="E8"/>
  <move id="15" source="E6" target="F6"/>
  <move id="16" source="E8" target="F8"/>
  <move id="17" source="E5" target="E6"/>
  <move id="18" source="D8" target="E8"/>
  <move id="19" source="C4" target="D4"/>
  <move id="20" source="E8" target="E7"/>
  <move id="21" source="D4" target="E4"/>
  <move id="22" source="E7" target="E6"/>
  <move id="23" source="F6" target="E6"/>
  <move id="24" source="E9" target="E8"/>
  <move id="25" source="E6" target="F6"/>
  <move id="26" source="E8" target="E7"/>
  <move id="27" source="E4" target="E5"/>
  <move id="28" source="E7" target="E8"/>
  <move id="29" source="E5" target="E6"/>
  <move id="30" source="E8" target="D8"/>
  <move id="31" source="K4" target="K5"/>
  <move id="32" source="B6" target="B5"/>
  <move id="33" source="A5" target="B5"/>
  <move id="34" source="B8" target="B7"/>
  <move id="35" source="B5" target="A5"/>
  <move id="36" source="B7" target="B6"/>
  <move id="37" source="K5" target="K6"/>
  <move id="38" source="B6" target="A6"/>
  <move id="39" source="A5" target="A6"/>
  <move id="40" source="I7" target="I4"/>
  <move id="41" source="B4" target="B5"/>
  <move id="42" source="C7" target="B7"/>
  <move id="43" source="B5" target="B6"/>
  <move id="44" source="B7" target="C7"/>
  <move id="45" source="B6" target="B7"/>
  <move id="46" source="C7" target="B7"/>
  <move id="47" source="B7" target="A7"/>
  <move id="48" source="K7" target="I7"/>
  <move id="49" source="B3" target="B4"/>
  <move id="50" source="K8" target="K7"/>
  <move id="51" source="K6" target="I6"/>
  <move id="52" source="K7" target="K6"/>
  <move id="53" source="I6" target="K6"/>
  <move id="54" source="F7" target="E7"/>
  <move id="55" source="I4" target="I5"/>
  <move id="56" source="G7" target="F7"/>
  <move id="57" source="F6" target="F5"/>
  <move id="58" source="F7" target="F6"/>
  <move id="59" source="F5" target="E5"/>
  <move id="60" source="F6" target="F5"/>
  <move id="61" source="E5" target="E4"/>
  <move id="62" source="F5" target="E5"/>
  <move id="63" source="E4" target="D4"/>
  <move id="64" source="E5" target="E4"/>
  <move id="65" source="D4" target="C4"/>
  <move id="66" source="E4" target="D4"/>
  <move id="67" source="I5" target="I6"/>
  <move id="68" source="K9" target="K8"/>
  <move id="69" source="I6" target="I7"/>
  <move id="70" source="K8" target="K7"/>
  <move id="71" source="K6" target="I6"/>
  <move id="72" source="K7" target="K6"/>
  <move id="73" source="I6" target="I5"/>
  <move id="74" source="K6" target="K5"/>
  <move id="75" source="I5" target="I4"/>
  <move id="76" source="K5" target="K4"/>
  <move id="77" source="I7" target="H7"/>
  <move id="78" source="K4" target="K5"/>
  <move id="79" source="H7" target="H8"/>
  <move id="80" source="K5" target="K6"/>
  <move id="81" source="H8" target="H9"/>
  <move id="82" source="B9" target="B8"/>
  <move id="83" source="B4" target="B5"/>
  <move id="84" source="B8" target="B7"/>
  <move id="85" source="B5" target="B6"/>
  <move id="86" source="B7" target="B6"/>
  <move id="87" source="A6" target="B6"/>
  <move id="88" source="C9" target="B9"/>
  <move id="89" source="A3" target="A4"/>
  <move id="90" source="B9" target="B8"/>
  <move id="91" source="A4" target="A5"/>
  <move id="92" source="B8" target="B7"/>
  <move id="93" source="A5" target="A6"/>
  <move id="94" source="C8" target="C7"/>
  <move id="95" source="B6" target="B5"/>
  <move id="96" source="B7" target="B6"/>
  <move id="97" source="B5" target="B4"/>
  <move id="98" source="B6" target="B5"/>
  <move id="99" source="B4" target="B3"/>
  <move id="100" source="B5" target="B4"/>
  <move id="101" source="A6" target="A7"/>
  <move id="102" source="A8" target="A7"/>
  <move id="103" source="E6" target="E5"/>
  <move id="104" source="B4" target="B5"/>
  <move id="105" source="E5" target="E4"/>
  <move id="106" source="D4" target="C4"/>
  <move id="107" source="E4" target="D4"/>
  <move id="108" source="C4" target="B4"/>
  <move id="109" source="B3" target="A3"/>
  <move id="110" source="B4" target="A4"/>
  <move id="111" source="A3" target="B3"/>
  <move id="112" source="B5" target="B4"/>
  <move id="113" source="D4" target="C4"/>
  <move id="114" source="E7" target="E6"/>
  <move id="115" source="B3" target="B4"/>
  <move id="116" source="A4" target="B4"/>
  <move id="117" source="C4" target="D4"/>
  <move id="118" source="E6" target="E5"/>
  <move id="119" source="A2" target="A3"/>
  <move id="120" source="B4" target="B5"/>
  <move id="121" source="A3" target="A4"/>
  <move id="122" source="A7" target="A6"/>
  <move id="123" source="A4" target="A5"/>
  <move id="124" source="B5" target="B6"/>
  <move id="125" source="A5" target="A6"/>
  <move id="126" source="E:" target="E9"/>
  <move id="127" source="B2" target="B3"/>
  <move id="128" source="E9" target="E8"/>
  <move id="129" source="B3" target="B4"/>
  <move id="130" source="E8" target="E7"/>
  <move id="131" source="B4" target="B5"/>
  <move id="132" source="B6" target="A6"/>
  <move id="133" source="I4" target="I5"/>
  <move id="134" source="D8" target="C8"/>
  <move id="135" source="I3" target="I4"/>
  <move id="136" source="C8" target="B8"/>
  <move id="137" source="I4" target="K4"/>
  <move id="138" source="B8" target="B5"/>
  <move id="139" source="C2" target="B2"/>
  <move id="140" source="E5" target="E4"/>
  <move id="141" source="B2" target="B3"/>
  <move id="142" source="E4" target="E3"/>
  <move id="143" source="B3" target="B4"/>
  <move id="144" source="E7" target="E6"/>
  <move id="145" source="B4" target="B5"/>
  <move id="146" source="F8" target="F7"/>
  <move id="147" source="B5" target="A5"/>
  <move id="148" source="A6" target="A7"/>
  <move id="149" source="A5" target="A6"/>
  <move id="150" source="A7" target="B7"/>
  <move id="151" source="A6" target="B6"/>
  <move id="152" source="B7" target="B8"/>
  <move id="153" source="A1" target="A7"/>
  <move id="154" source="C7" target="B7"/>
  <move id="155" source="B6" target="B5"/>
  <move id="156" source="B7" target="B6"/>
  <move id="157" source="B5" target="B4"/>
  <move id="158" source="B6" target="B5"/>
  <move id="159" source="B4" target="B3"/>
  <move id="160" source="B5" target="B4"/>
  <move id="161" source="D4" target="C4"/>
  <move id="162" source="B4" target="B3"/>
  <move id="163" source="A7" target="D7"/>
  <move id="164" source="B3" target="B4"/>
  <move id="165" source="C4" target="D4"/>
  <move id="166" source="F7" target="F6"/>
  <move id="167" source="D4" target="E4"/>
  <move id="168" source="F6" target="F5"/>
  <move id="169" source="D3" target="D4"/>
  <move id="170" source="F5" target="E5"/>
  <move id="171" source="D4" target="C4"/>
  <move id="172" source="B4" target="B5"/>
  <move id="173" source="C4" target="B4"/>
  <move id="174" source="B5" target="B6"/>
  <move id="175" source="B4" target="B5"/>
  <move id="176" source="B6" target="A6"/>
  <move id="177" source="B5" target="B6"/>
  <move id="178" source="A6" target="A5"/>
  <move id="179" source="B6" target="B7"/>
  <move id="180" source="B8" target="C8"/>
  <move id="181" source="B7" target="C7"/>
  <move id="182" source="C8" target="D8"/>
  <move id="183" source="C7" target="C8"/>
  <move id="184" source="D8" target="E8"/>
  <move id="185" source="C8" target="D8"/>
  <move id="186" source="E8" target="F8"/>
  <move id="187" source="D8" target="D7"/>
  <move id="188" source="F8" target="E8"/>
  <move id="189" source="K4" target="K5"/>
  <move id="190" source="F9" target="F8"/>
  <move id="191" source="K5" target="K6"/>
  <move id="192" source="F8" target="F7"/>
  <move id="193" source="K6" target="K7"/>
  <move id="194" source="F7" target="F6"/>
  <move id="195" source="K7" target="I7"/>
  <move id="196" source="F6" target="F5"/>
  <move id="197" source="I2" target="I3"/>
  <move id="198" source="E5" target="E4"/>
  <move id="199" source="I3" target="I4"/>
  <move id="200" source="F5" target="E5"/>
  <move id="201" source="I4" target="K4"/>
  <move id="202" source="E4" target="D4"/>
  <move id="203" source="K4" target="K5"/>
  <move id="204" source="E5" target="E4"/>
  <move id="205" source="D2" target="D3"/>
  <move id="206" source="D4" target="D3"/>
  <move id="207" source="C3" target="D3"/>
  <move id="208" source="E4" target="E3"/>
  <move id="209" source="F3" target="E3"/>
  <move id="210" source="E6" target="E5"/>
  <move id="211" source="E3" target="E4"/>
  <move id="212" source="E5" target="E4"/>
  <move id="213" source="K5" target="K6"/>
  <move id="214" source="D:" target="E:"/>
  <move id="215" source="K6" target="K7"/>
  <move id="216" source="E:" target="E9"/>
  <move id="217" source="K7" target="K8"/>
  <move id="218" source="E9" target="F9"/>
  <move id="219" source="K8" target="I8"/>
  <move id="220" source="F9" target="F8"/>
  <move id="221" source="I7" target="H7"/>
  <move id="222" source="F8" target="F7"/>
  <move id="223" source="K3" target="K4"/>
  <move id="224" source="C:" target="C9"/>
  <move id="225" source="K4" target="K5"/>
  <move id="226" source="C9" target="C8"/>
  <move id="227" source="K5" target="K6"/>
  <move id="228" source="C8" target="C7"/>
  <move id="229" source="K6" target="I6"/>
  <move id="230" source="C7" target="D7"/>
  <move id="231" source="H7" target="I7"/>
  <move id="232" source="F7" target="G7"/>
  <move id="233" source="I7" target="K7"/>
  <move id="234" source="G7" target="F7"/>
  <move id="235" source="I6" target="I7"/>
  <move id="236" source="F7" target="F8"/>
  <move id="237" source="I7" target="H7"/>
  <move id="238" source="D7" target="E7"/>
  <move id="239" source="H7" target="G7"/>
  <move id="240" source="E7" target="F7"/>
  <move id="241" source="G7" target="F7"/>
  <move id="242" source="F8" target="F9"/>
  <move id="243" source="F7" target="F8"/>
  <move id="244" source="F9" target="E9"/>
  <move id="245" source="F8" target="E8"/>
  <move id="246" source="E9" target="E:"/>
  <move id="247" source="D3" target="C3"/>
  <move id="248" source="A5" target="B5"/>
  <move id="249" source="D1" target="D4"/>
  <move id="250" source="B5" target="B4"/>
  <move id="251" source="D4" target="E4"/>
  <move id="252" source="B4" target="C4"/>
  <move id="253" source="E4" target="E7"/>
  <move id="254" source="C4" target="D4"/>
  <move id="255" source="E8" target="E9"/>
  <move id="256" source="E:" target="D:"/>
  <move id="257" source="E7" target="F7"/>
  <move id="258" source="D:" target="C:"/>
  <move id="259" source="F7" target="F9"/>
  <move id="260" source="G9" target="F9"/>
  <move id="261" source="E9" target="F9"/>
  <move id="262" source="C:" target="C9"/>
  <move id="263" source="F9" target="E9"/>
  <move id="264" source="C9" target="C8"/>
  <move id="265" source="E9" target="E8"/>
  <move id="266" source="C8" target="C7"/>
  <move id="267" source="E8" target="E7"/>
  <move id="268" source="C7" target="C8"/>
  <move id="269" source="I5" target="I6"/>
  <move id="270" source="C8" target="B8"/>
  <move id="271" source="I6" target="I7"/>
  <move id="272" source="B8" target="B7"/>
  <move id="273" source="I7" target="H7"/>
  <move id="274" source="B7" target="B6"/>
  <move id="275" source="H7" target="G7"/>
  <move id="276" source="B6" target="B5"/>
  <move id="277" source="G7" target="F7"/>
  <move id="278" source="B5" target="B4"/>
  <move id="279" source="E7" target="E6"/>
  <move id="280" source="D4" target="D3"/>
  <move id="281" source="E6" target="E5"/>
  <move id="282" source="D3" target="E3"/>
  <move id="283" source="E5" target="E4"/>
  <move id="284" source="E3" target="F3"/>
  <move id="285" source="E4" target="E3"/>
  <move id="286" source="F3" target="G3"/>
  <move id="287" source="F7" target="F8"/>
  <move id="288" source="A9" target="A8"/>
  <move id="289" source="F8" target="F9"/>
  <move id="290" source="A8" target="A7"/>
  <move id="291" source="F9" target="G9"/>
  <move id="292" source="G:" target="G9"/>
  <move id="293" source="G9" target="G:"/>
  <move id="294" source="B4" target="B3"/>
  <move id="295" source="G:" target="H:"/>
  <move id="296" source="B3" target="B2"/>
  <move id="297" source="C1" target="D1"/>
  <move id="298" source="B2" target="C2"/>
  <move id="299" source="D1" target="D4"/>
  <move id="300" source="C2" target="D2"/>
  <move id="301" source="D4" target="E4"/>
  <move id="302" source="D2" target="E2"/>
  <move id="303" source="E4" target="E:"/>
  <move id="304" source="E2" target="E1"/>
  <move id="305" source="E:" target="F:"/>
  <player id="1">Player 1</player>
  <player id="2">Player 2</player>
  <result type="1" winner="1"/>
 </game>
</stratego>