<?xml version="1.0" encoding="UTF-8"?>
<stratego>
 <game type="classic">
  
  <field content="DIEBMBEEHDFDBFBFBECJJDDEIHDBILGFDHGDGKHGAA__AA__AAAA__AA__AANTWRUSXPTPUSOVSUNPVRNRPRPQSQNTYNPQQNPTPQ"/>
  <move id="1" source="I4" target="I5"/>
  <move id="2" source="B7" target="B6"/>
  <move id="3" source="I5" target="I6"/>
  <move id="4" source="I7" target="I6"/>
  <move id="5" source="I3" target="I4"/>
  <move id="6" source="K7" target="I7"/>
  <move id="7" source="I4" target="I5"/>
  <move id="8" source="K8" target="K7"/>
  <move id="9" source="I5" target="I6"/>
  <move id="10" source="K9" target="K8"/>
  <move id="11" source="K4" target="K5"/>
  <move id="12" source="B8" target="B7"/>
  <move id="13" source="K5" target="K6"/>
  <move id="14" source="B6" target="B5"/>
  <move id="15" source="H4" target="I4"/>
  <move id="16" source="B7" target="B6"/>
  <move id="17" source="I4" target="I5"/>
  <move id="18" source="F7" target="F6"/>
  <move id="19" source="K3" target="K4"/>
  <move id="20" source="E7" target="E6"/>
  <move id="21" source="K4" target="K5"/>
  <move id="22" source="F6" target="F5"/>
  <move id="23" source="K6" target="K7"/>
  <move id="24" source="K8" target="K7"/>
  <move id="25" source="I6" target="K6"/>
  <move id="26" source="K7" target="K8"/>
  <move id="27" source="K6" target="K7"/>
  <move id="28" source="I7" target="I5"/>
  <move id="29" source="K7" target="K8"/>
  <move id="30" source="I8" target="K8"/>
  <move id="31" source="I5" target="I6"/>
  <move id="32" source="H7" target="I7"/>
  <move id="33" source="I6" target="I5"/>
  <move id="34" source="I7" target="I6"/>
  <move id="35" source="I5" target="I4"/>
  <move id="36" source="I6" target="I5"/>
  <move id="37" source="I4" target="I3"/>
  <move id="38" source="I5" target="I3"/>
  <move id="39" source="K5" target="K6"/>
  <move id="40" source="H8" target="I8"/>
  <move id="41" source="K6" target="K7"/>
  <move id="42" source="K8" target="K7"/>
  <move id="43" source="K7" target="I7"/>
  <move id="44" source="I8" target="K8"/>
  <move id="45" source="G4" target="H4"/>
  <move id="46" source="F5" target="E5"/>
  <move id="47" source="H4" target="I4"/>
  <move id="48" source="G7" target="F7"/>
  <move id="49" source="I4" target="K4"/>
  <move id="50" source="F7" target="F6"/>
  <move id="51" source="I3" target="I4"/>
  <move id="52" source="F6" target="F5"/>
  <move id="53" source="I4" target="H4"/>
  <move id="54" source="E5" target="E4"/>
  <move id="55" source="H4" target="G4"/>
  <move id="56" source="E6" target="E5"/>
  <move id="57" source="F4" target="F5"/>
  <move id="58" source="F5" target="F4"/>
  <move id="59" source="G4" target="H4"/>
  <move id="60" source="E5" target="E4"/>
  <move id="61" source="I7" target="K7"/>
  <move id="62" source="K8" target="I8"/>
  <move id="63" source="H4" target="I4"/>
  <move id="64" source="E4" target="D4"/>
  <move id="65" source="I4" target="I5"/>
  <move id="66" source="F4" target="E4"/>
  <move id="67" source="I5" target="I6"/>
  <move id="68" source="D4" target="D3"/>
  <move id="69" source="E3" target="D3"/>
  <move id="70" source="E4" target="D4"/>
  <move id="71" source="I6" target="I7"/>
  <move id="72" source="B5" target="B4"/>
  <move id="73" source="I7" target="I8"/>
  <move id="74" source="B4" target="C4"/>
  <move id="75" source="I8" target="H8"/>
  <move id="76" source="C4" target="C3"/>
  <move id="77" source="B3" target="B6"/>
  <move id="78" source="D4" target="D3"/>
  <move id="79" source="H8" target="G8"/>
  <move id="80" source="C3" target="C2"/>
  <move id="81" source="K4" target="I4"/>
  <move id="82" source="B6" target="B5"/>
  <move id="83" source="I4" target="I5"/>
  <move id="84" source="B5" target="B4"/>
  <move id="85" source="A4" target="B4"/>
  <move id="86" source="C7" target="B7"/>
  <move id="87" source="I5" target="I6"/>
  <move id="88" source="B7" target="B6"/>
  <move id="89" source="I6" target="I7"/>
  <move id="90" source="B6" target="B5"/>
  <move id="91" source="I7" target="I8"/>
  <move id="92" source="B5" target="B4"/>
  <move id="93" source="K7" target="K8"/>
  <move id="94" source="B4" target="B3"/>
  <move id="95" source="I8" target="I9"/>
  <move id="96" source="B3" target="A3"/>
  <move id="97" source="K8" target="I8"/>
  <move id="98" source="B9" target="B8"/>
  <move id="99" source="I8" target="H8"/>
  <move id="100" source="B8" target="B7"/>
  <move id="101" source="H8" target="H9"/>
  <move id="102" source="E8" target="E7"/>
  <move id="103" source="H9" target="G9"/>
  <move id="104" source="F8" target="F7"/>
  <move id="105" source="G9" target="F9"/>
  <move id="106" source="F7" target="F6"/>
  <move id="107" source="F9" target="F8"/>
  <move id="108" source="F6" target="F5"/>
  <move id="109" source="F8" target="F7"/>
  <move id="110" source="E7" target="E8"/>
  <move id="111" source="F7" target="F8"/>
  <move id="112" source="E8" target="E7"/>
  <move id="113" source="F8" target="F9"/>
  <move id="114" source="F5" target="E5"/>
  <move id="115" source="F9" target="F:"/>
  <move id="116" source="E5" target="E4"/>
  <player id="1">Player 1</player>
  <player id="2">Player 2</player>
  <result type="3" winner="2"/>
 </game>
</stratego>