<?xml version="1.0" encoding="UTF-8"?>
<stratego>
 <game type="classic">
  
  <field content="DEEEGMFBEFFBHHHBHGFBBGJIIICJBGDDDLDDKEDDAA__AA__AAAA__AA__AAURPNXVNQPWPQRNVTNTSPPPRNUTQTPQQPRNYUOSSS"/>
  <move id="1" source="K4" target="K7"/>
  <move id="2" source="K7" target="K6"/>
  <move id="3" source="I4" target="I5"/>
  <move id="4" source="I7" target="I6"/>
  <move id="5" source="F4" target="F7"/>
  <move id="6" source="I6" target="I5"/>
  <move id="7" source="H4" target="I4"/>
  <move id="8" source="K8" target="K7"/>
  <move id="9" source="I4" target="I5"/>
  <move id="10" source="K7" target="I7"/>
  <move id="11" source="I5" target="K5"/>
  <move id="12" source="K6" target="I6"/>
  <move id="13" source="K5" target="K6"/>
  <move id="14" source="I6" target="K6"/>
  <move id="15" source="E4" target="E7"/>
  <move id="16" source="E7" target="E6"/>
  <move id="17" source="D4" target="E4"/>
  <move id="18" source="E6" target="E5"/>
  <move id="19" source="E4" target="E5"/>
  <move id="20" source="K6" target="K5"/>
  <move id="21" source="C4" target="D4"/>
  <move id="22" source="K5" target="I5"/>
  <move id="23" source="D4" target="E4"/>
  <move id="24" source="I5" target="I4"/>
  <move id="25" source="E4" target="E5"/>
  <move id="26" source="I4" target="H4"/>
  <move id="27" source="E5" target="E6"/>
  <move id="28" source="H4" target="G4"/>
  <move id="29" source="C3" target="C4"/>
  <move id="30" source="F7" target="F6"/>
  <move id="31" source="E6" target="E7"/>
  <move id="32" source="E8" target="E7"/>
  <move id="33" source="C4" target="D4"/>
  <move id="34" source="F6" target="F5"/>
  <move id="35" source="H3" target="H4"/>
  <move id="36" source="F5" target="F4"/>
  <move id="37" source="D4" target="E4"/>
  <move id="38" source="F4" target="F3"/>
  <move id="39" source="H4" target="I4"/>
  <move id="40" source="I7" target="I4"/>
  <move id="41" source="I4" target="I5"/>
  <move id="42" source="F3" target="F4"/>
  <move id="43" source="E4" target="E5"/>
  <move id="44" source="E7" target="E6"/>
  <move id="45" source="I5" target="I6"/>
  <move id="46" source="E6" target="E5"/>
  <move id="47" source="K3" target="K4"/>
  <move id="48" source="F4" target="G4"/>
  <move id="49" source="K4" target="K5"/>
  <move id="50" source="G4" target="H4"/>
  <move id="51" source="I6" target="I7"/>
  <move id="52" source="H4" target="I4"/>
  <move id="53" source="I7" target="H7"/>
  <move id="54" source="I4" target="K4"/>
  <move id="55" source="K5" target="K6"/>
  <move id="56" source="K4" target="K5"/>
  <move id="57" source="K6" target="K7"/>
  <move id="58" source="K5" target="K6"/>
  <move id="59" source="K7" target="K8"/>
  <move id="60" source="K6" target="K7"/>
  <move id="61" source="K8" target="I8"/>
  <move id="62" source="K7" target="I7"/>
  <move id="63" source="H7" target="H8"/>
  <move id="64" source="I7" target="I8"/>
  <move id="65" source="H8" target="H9"/>
  <move id="66" source="I8" target="H8"/>
  <move id="67" source="H9" target="G9"/>
  <move id="68" source="H8" target="H9"/>
  <move id="69" source="G9" target="F9"/>
  <move id="70" source="E9" target="E8"/>
  <move id="71" source="E3" target="E4"/>
  <move id="72" source="E8" target="E7"/>
  <move id="73" source="E4" target="E5"/>
  <move id="74" source="E7" target="E6"/>
  <move id="75" source="E5" target="E6"/>
  <move id="76" source="H9" target="G9"/>
  <move id="77" source="F9" target="F:"/>
  <move id="78" source="G9" target="F9"/>
  <move id="79" source="F:" target="F9"/>
  <move id="80" source="A7" target="A6"/>
  <move id="81" source="D3" target="D4"/>
  <move id="82" source="A6" target="A5"/>
  <move id="83" source="G3" target="G4"/>
  <move id="84" source="A5" target="B5"/>
  <move id="85" source="D4" target="C4"/>
  <move id="86" source="B5" target="B4"/>
  <move id="87" source="C4" target="B4"/>
  <move id="88" source="A8" target="A4"/>
  <move id="89" source="E2" target="E3"/>
  <move id="90" source="A9" target="A3"/>
  <move id="91" source="E3" target="E4"/>
  <move id="92" source="B8" target="A8"/>
  <move id="93" source="G4" target="H4"/>
  <move id="94" source="A8" target="A7"/>
  <move id="95" source="E4" target="D4"/>
  <move id="96" source="A7" target="A6"/>
  <move id="97" source="D4" target="C4"/>
  <move id="98" source="A6" target="A5"/>
  <move id="99" source="C4" target="B4"/>
  <move id="100" source="F8" target="F7"/>
  <move id="101" source="D2" target="D3"/>
  <move id="102" source="F7" target="F6"/>
  <move id="103" source="D3" target="E3"/>
  <move id="104" source="F6" target="F5"/>
  <move id="105" source="E3" target="E4"/>
  <move id="106" source="F5" target="F4"/>
  <move id="107" source="G2" target="G3"/>
  <move id="108" source="F4" target="E4"/>
  <move id="109" source="H4" target="I4"/>
  <move id="110" source="G:" target="G9"/>
  <move id="111" source="I4" target="I5"/>
  <move id="112" source="G9" target="F9"/>
  <move id="113" source="I5" target="I6"/>
  <move id="114" source="F9" target="F8"/>
  <move id="115" source="I6" target="I7"/>
  <move id="116" source="F8" target="F7"/>
  <move id="117" source="I7" target="H7"/>
  <move id="118" source="F7" target="F6"/>
  <move id="119" source="G3" target="G4"/>
  <move id="120" source="F6" target="F5"/>
  <move id="121" source="G4" target="F4"/>
  <move id="122" source="F5" target="E5"/>
  <move id="123" source="H7" target="H8"/>
  <move id="124" source="I9" target="I3"/>
  <move id="125" source="H8" target="H9"/>
  <move id="126" source="K9" target="K8"/>
  <move id="127" source="H2" target="H3"/>
  <move id="128" source="K8" target="K7"/>
  <move id="129" source="H3" target="H4"/>
  <move id="130" source="K7" target="K6"/>
  <move id="131" source="H4" target="I4"/>
  <move id="132" source="K6" target="K5"/>
  <move id="133" source="I4" target="I5"/>
  <move id="134" source="K5" target="K4"/>
  <move id="135" source="I5" target="I4"/>
  <move id="136" source="K4" target="K3"/>
  <move id="137" source="I4" target="K4"/>
  <move id="138" source="K3" target="I3"/>
  <move id="139" source="I2" target="I3"/>
  <move id="140" source="E5" target="E4"/>
  <player id="1">Player 1</player>
  <player id="2">Player 2</player>
  <result type="3" winner="1"/>
 </game>
</stratego>