<?xml version="1.0" encoding="UTF-8"?>
<stratego>
 <game type="classic">
  
  <field content="EBMBEEDHBDFDBEIHBIDDGIECKDFBGJDGLJHGFDFHAA__AA__AAAA__AA__AASTXVSRTWSSUPRPOUQPUTNQNPQPVQNPRNYNPPQTNR"/>
  <move id="1" source="K4" target="K5"/>
  <move id="2" source="E7" target="E6"/>
  <move id="3" source="I4" target="I5"/>
  <move id="4" source="F7" target="F6"/>
  <move id="5" source="I5" target="I6"/>
  <move id="6" source="D7" target="E7"/>
  <move id="7" source="I6" target="I7"/>
  <move id="8" source="E6" target="E5"/>
  <move id="9" source="K5" target="I5"/>
  <move id="10" source="F6" target="F5"/>
  <move id="11" source="I5" target="I6"/>
  <move id="12" source="E7" target="E6"/>
  <move id="13" source="H4" target="I4"/>
  <move id="14" source="E8" target="E7"/>
  <move id="15" source="I4" target="I5"/>
  <move id="16" source="E5" target="E4"/>
  <move id="17" source="I3" target="I4"/>
  <move id="18" source="E6" target="E5"/>
  <move id="19" source="I4" target="K4"/>
  <move id="20" source="E7" target="E6"/>
  <move id="21" source="K4" target="K5"/>
  <move id="22" source="F8" target="F7"/>
  <move id="23" source="K5" target="K6"/>
  <move id="24" source="F7" target="F6"/>
  <move id="25" source="K6" target="K7"/>
  <move id="26" source="F5" target="F4"/>
  <move id="27" source="I5" target="K5"/>
  <move id="28" source="F6" target="F5"/>
  <move id="29" source="K5" target="K8"/>
  <move id="30" source="F9" target="F8"/>
  <move id="31" source="K3" target="K4"/>
  <move id="32" source="F8" target="F7"/>
  <move id="33" source="K4" target="K5"/>
  <move id="34" source="F5" target="F4"/>
  <move id="35" source="G4" target="H4"/>
  <move id="36" source="F4" target="F5"/>
  <move id="37" source="K5" target="K6"/>
  <move id="38" source="F5" target="F6"/>
  <move id="39" source="G3" target="G4"/>
  <move id="40" source="D8" target="E8"/>
  <move id="41" source="G4" target="F4"/>
  <move id="42" source="F:" target="F9"/>
  <move id="43" source="F4" target="F5"/>
  <move id="44" source="E8" target="E7"/>
  <move id="45" source="K6" target="K7"/>
  <move id="46" source="E5" target="F5"/>
  <move id="47" source="I6" target="I7"/>
  <move id="48" source="I8" target="I7"/>
  <move id="49" source="K7" target="I7"/>
  <move id="50" source="H7" target="I7"/>
  <move id="51" source="H4" target="I4"/>
  <move id="52" source="F5" target="E5"/>
  <move id="53" source="E4" target="F4"/>
  <move id="54" source="H8" target="I8"/>
  <move id="55" source="F4" target="G4"/>
  <move id="56" source="I7" target="H7"/>
  <move id="57" source="I4" target="I5"/>
  <move id="58" source="G8" target="H8"/>
  <move id="59" source="I5" target="I6"/>
  <move id="60" source="I8" target="I6"/>
  <move id="61" source="E3" target="E4"/>
  <move id="62" source="K8" target="K7"/>
  <move id="63" source="B4" target="B5"/>
  <move id="64" source="K7" target="I7"/>
  <move id="65" source="I6" target="K6"/>
  <move id="66" source="K9" target="K8"/>
  <move id="67" source="K6" target="K5"/>
  <move id="68" source="K8" target="K7"/>
  <move id="69" source="K5" target="K4"/>
  <move id="70" source="I7" target="I6"/>
  <move id="71" source="B5" target="B6"/>
  <move id="72" source="K7" target="K6"/>
  <move id="73" source="B6" target="B7"/>
  <move id="74" source="K6" target="K5"/>
  <move id="75" source="K4" target="I4"/>
  <move id="76" source="I6" target="I5"/>
  <move id="77" source="I4" target="H4"/>
  <move id="78" source="I5" target="I4"/>
  <move id="79" source="D3" target="E3"/>
  <move id="80" source="K5" target="K4"/>
  <move id="81" source="C3" target="D3"/>
  <move id="82" source="K4" target="K3"/>
  <move id="83" source="C4" target="C3"/>
  <move id="84" source="K3" target="K2"/>
  <move id="85" source="D4" target="C4"/>
  <move id="86" source="I4" target="H4"/>
  <move id="87" source="G4" target="F4"/>
  <move id="88" source="H4" target="G4"/>
  <move id="89" source="C4" target="B4"/>
  <move id="90" source="G4" target="F4"/>
  <move id="91" source="B4" target="B5"/>
  <move id="92" source="H8" target="I8"/>
  <move id="93" source="B5" target="B6"/>
  <move id="94" source="K:" target="K9"/>
  <move id="95" source="B6" target="B7"/>
  <move id="96" source="C7" target="B7"/>
  <move id="97" source="E4" target="E5"/>
  <move id="98" source="F7" target="F8"/>
  <move id="99" source="E5" target="F5"/>
  <move id="100" source="F6" target="F7"/>
  <move id="101" source="F5" target="F6"/>
  <move id="102" source="E6" target="E5"/>
  <move id="103" source="F6" target="F7"/>
  <move id="104" source="E7" target="E6"/>
  <move id="105" source="F7" target="E7"/>
  <move id="106" source="E5" target="E4"/>
  <move id="107" source="E7" target="E6"/>
  <move id="108" source="E4" target="D4"/>
  <move id="109" source="D3" target="D4"/>
  <move id="110" source="A7" target="A6"/>
  <move id="111" source="E6" target="E7"/>
  <move id="112" source="I8" target="I7"/>
  <move id="113" source="F3" target="F8"/>
  <move id="114" source="B7" target="C7"/>
  <move id="115" source="E7" target="F7"/>
  <move id="116" source="I7" target="I8"/>
  <move id="117" source="I2" target="I3"/>
  <move id="118" source="K9" target="K8"/>
  <move id="119" source="I3" target="I4"/>
  <move id="120" source="K8" target="K7"/>
  <move id="121" source="I4" target="I5"/>
  <move id="122" source="K7" target="K6"/>
  <move id="123" source="I5" target="I8"/>
  <move id="124" source="K6" target="I6"/>
  <move id="125" source="A4" target="B4"/>
  <move id="126" source="I6" target="I5"/>
  <move id="127" source="B4" target="B8"/>
  <move id="128" source="I5" target="I4"/>
  <move id="129" source="D4" target="E4"/>
  <move id="130" source="I8" target="I7"/>
  <move id="131" source="K1" target="K2"/>
  <move id="132" source="I4" target="H4"/>
  <move id="133" source="K2" target="K4"/>
  <move id="134" source="H4" target="H3"/>
  <move id="135" source="K4" target="K5"/>
  <move id="136" source="H7" target="H8"/>
  <move id="137" source="K5" target="K6"/>
  <move id="138" source="H8" target="I8"/>
  <move id="139" source="F7" target="F8"/>
  <move id="140" source="I8" target="K8"/>
  <move id="141" source="F8" target="G8"/>
  <move id="142" source="K8" target="K7"/>
  <move id="143" source="K6" target="K5"/>
  <move id="144" source="K7" target="K6"/>
  <move id="145" source="K5" target="I5"/>
  <move id="146" source="K6" target="I6"/>
  <move id="147" source="I5" target="I4"/>
  <move id="148" source="I6" target="I5"/>
  <move id="149" source="I4" target="F4"/>
  <move id="150" source="I5" target="I4"/>
  <move id="151" source="F4" target="F9"/>
  <move id="152" source="I4" target="H4"/>
  <move id="153" source="G8" target="H8"/>
  <move id="154" source="I7" target="I6"/>
  <move id="155" source="E3" target="F3"/>
  <move id="156" source="I6" target="I5"/>
  <move id="157" source="F3" target="G3"/>
  <move id="158" source="I5" target="I4"/>
  <move id="159" source="G3" target="G4"/>
  <move id="160" source="I4" target="I3"/>
  <move id="161" source="G4" target="G3"/>
  <move id="162" source="I3" target="I2"/>
  <move id="163" source="C3" target="D3"/>
  <move id="164" source="I2" target="I1"/>
  <move id="165" source="H1" target="I1"/>
  <move id="166" source="H4" target="I4"/>
  <move id="167" source="I1" target="K1"/>
  <move id="168" source="I4" target="I3"/>
  <move id="169" source="E4" target="E5"/>
  <move id="170" source="I3" target="I2"/>
  <move id="171" source="E5" target="E6"/>
  <move id="172" source="I2" target="I1"/>
  <move id="173" source="K1" target="K2"/>
  <move id="174" source="I1" target="H1"/>
  <move id="175" source="E6" target="E7"/>
  <move id="176" source="D9" target="D8"/>
  <move id="177" source="E7" target="F7"/>
  <move id="178" source="G7" target="F7"/>
  <move id="179" source="H8" target="G8"/>
  <move id="180" source="C7" target="D7"/>
  <move id="181" source="G8" target="F8"/>
  <move id="182" source="D7" target="E7"/>
  <move id="183" source="K2" target="K3"/>
  <move id="184" source="F7" target="F6"/>
  <move id="185" source="E2" target="E3"/>
  <move id="186" source="E7" target="E6"/>
  <move id="187" source="E3" target="E4"/>
  <move id="188" source="F6" target="F5"/>
  <move id="189" source="E4" target="F4"/>
  <move id="190" source="F5" target="F4"/>
  <move id="191" source="K3" target="K4"/>
  <move id="192" source="E6" target="E5"/>
  <move id="193" source="K4" target="K5"/>
  <move id="194" source="E5" target="E4"/>
  <move id="195" source="F4" target="G4"/>
  <move id="196" source="E4" target="F4"/>
  <move id="197" source="G4" target="H4"/>
  <move id="198" source="H1" target="I1"/>
  <move id="199" source="D3" target="E3"/>
  <move id="200" source="D8" target="D7"/>
  <move id="201" source="E3" target="E4"/>
  <move id="202" source="I1" target="K1"/>
  <move id="203" source="E4" target="F4"/>
  <move id="204" source="D7" target="I7"/>
  <move id="205" source="K5" target="I5"/>
  <move id="206" source="H9" target="H8"/>
  <move id="207" source="F8" target="G8"/>
  <move id="208" source="H8" target="H7"/>
  <move id="209" source="G8" target="G7"/>
  <move id="210" source="I7" target="K7"/>
  <move id="211" source="G7" target="H7"/>
  <move id="212" source="K7" target="K2"/>
  <move id="213" source="I5" target="K5"/>
  <move id="214" source="K1" target="I1"/>
  <move id="215" source="K5" target="K6"/>
  <move id="216" source="I1" target="I2"/>
  <move id="217" source="K6" target="K7"/>
  <move id="218" source="K2" target="K1"/>
  <move id="219" source="K7" target="K8"/>
  <move id="220" source="K1" target="G1"/>
  <move id="221" source="K8" target="I8"/>
  <move id="222" source="I2" target="I3"/>
  <move id="223" source="H4" target="G4"/>
  <move id="224" source="I3" target="I4"/>
  <move id="225" source="G4" target="F4"/>
  <move id="226" source="I4" target="I5"/>
  <move id="227" source="F4" target="F5"/>
  <move id="228" source="I5" target="I6"/>
  <move id="229" source="F5" target="F6"/>
  <move id="230" source="I6" target="I7"/>
  <move id="231" source="H7" target="I7"/>
  <move id="232" source="G9" target="G8"/>
  <move id="233" source="F6" target="E6"/>
  <move id="234" source="G8" target="F8"/>
  <move id="235" source="G3" target="G4"/>
  <move id="236" source="F8" target="F7"/>
  <move id="237" source="G4" target="F4"/>
  <move id="238" source="F7" target="E7"/>
  <move id="239" source="E6" target="F6"/>
  <move id="240" source="E7" target="E6"/>
  <move id="241" source="F6" target="F7"/>
  <move id="242" source="E6" target="F6"/>
  <move id="243" source="F7" target="E7"/>
  <move id="244" source="F6" target="F7"/>
  <move id="245" source="E7" target="E6"/>
  <move id="246" source="F7" target="F6"/>
  <move id="247" source="E6" target="E7"/>
  <move id="248" source="F6" target="F5"/>
  <move id="249" source="F4" target="F5"/>
  <move id="250" source="F5" target="F4"/>
  <move id="251" source="B3" target="B4"/>
  <move id="252" source="F4" target="E4"/>
  <move id="253" source="B4" target="B5"/>
  <move id="254" source="E4" target="D4"/>
  <move id="255" source="B5" target="A5"/>
  <move id="256" source="D4" target="C4"/>
  <move id="257" source="A5" target="A6"/>
  <move id="258" source="C4" target="B4"/>
  <move id="259" source="I8" target="H8"/>
  <move id="260" source="B4" target="B5"/>
  <move id="261" source="E7" target="E6"/>
  <move id="262" source="B5" target="B6"/>
  <move id="263" source="A6" target="A5"/>
  <move id="264" source="B6" target="A6"/>
  <move id="265" source="A5" target="B5"/>
  <move id="266" source="A6" target="A5"/>
  <move id="267" source="B5" target="B6"/>
  <move id="268" source="A5" target="B5"/>
  <move id="269" source="B6" target="A6"/>
  <move id="270" source="B5" target="A5"/>
  <move id="271" source="A6" target="B6"/>
  <move id="272" source="A5" target="B5"/>
  <move id="273" source="B6" target="A6"/>
  <move id="274" source="B5" target="B4"/>
  <move id="275" source="H8" target="H9"/>
  <move id="276" source="B4" target="B5"/>
  <move id="277" source="H9" target="G9"/>
  <move id="278" source="B5" target="B6"/>
  <move id="279" source="A6" target="A5"/>
  <move id="280" source="B6" target="B7"/>
  <move id="281" source="G9" target="G:"/>
  <move id="282" source="B7" target="C7"/>
  <move id="283" source="A5" target="A6"/>
  <move id="284" source="H:" target="G:"/>
  <move id="285" source="E6" target="F6"/>
  <move id="286" source="E:" target="F:"/>
  <move id="287" source="F1" target="G1"/>
  <move id="288" source="F:" target="H:"/>
  <move id="289" source="G1" target="H1"/>
  <move id="290" source="H:" target="H8"/>
  <move id="291" source="H1" target="I1"/>
  <move id="292" source="C7" target="D7"/>
  <move id="293" source="I1" target="I2"/>
  <move id="294" source="D7" target="E7"/>
  <move id="295" source="I2" target="I3"/>
  <move id="296" source="E7" target="F7"/>
  <move id="297" source="F6" target="E6"/>
  <move id="298" source="F7" target="E7"/>
  <move id="299" source="E6" target="F6"/>
  <move id="300" source="E7" target="E6"/>
  <move id="301" source="F6" target="F7"/>
  <move id="302" source="E6" target="E5"/>
  <move id="303" source="I3" target="I4"/>
  <move id="304" source="H8" target="I8"/>
  <move id="305" source="I4" target="I5"/>
  <move id="306" source="I8" target="K8"/>
  <move id="307" source="I5" target="K5"/>
  <move id="308" source="K8" target="I8"/>
  <move id="309" source="K5" target="I5"/>
  <move id="310" source="E5" target="F5"/>
  <move id="311" source="F7" target="E7"/>
  <move id="312" source="F5" target="F4"/>
  <move id="313" source="I5" target="I6"/>
  <move id="314" source="F4" target="F3"/>
  <move id="315" source="I6" target="I7"/>
  <move id="316" source="F3" target="F2"/>
  <move id="317" source="I7" target="I8"/>
  <move id="318" source="F2" target="F1"/>
  <move id="319" source="I8" target="I9"/>
  <move id="320" source="F1" target="E1"/>
  <move id="321" source="I9" target="I:"/>
  <move id="322" source="E1" target="E2"/>
  <move id="323" source="I:" target="H:"/>
  <move id="324" source="E2" target="D2"/>
  <move id="325" source="H:" target="G:"/>
  <move id="326" source="D2" target="D3"/>
  <move id="327" source="G:" target="F:"/>
  <move id="328" source="D3" target="C3"/>
  <move id="329" source="E7" target="E8"/>
  <move id="330" source="C3" target="C2"/>
  <player id="1">Player 1</player>
  <player id="2">Player 2</player>
  <result type="3" winner="1"/>
 </game>
</stratego>