<?xml version="1.0" encoding="UTF-8"?>
<stratego>
 <game type="classic">
  
  <field content="DFDDBFDEEMHDHEFBEHHGEDCGBFBJLKIGDDIBBJGIAA__AA__AAAA__AA__AAPSPQPSPPSRRUTPSUPTUTNXVNNQTVOWRQNYNPQNRQ"/>
  <move id="1" source="E4" target="E5"/>
  <move id="2" source="K7" target="K6"/>
  <move id="3" source="E5" target="E6"/>
  <move id="4" source="K8" target="K7"/>
  <move id="5" source="A4" target="A5"/>
  <move id="6" source="K6" target="K5"/>
  <move id="7" source="A5" target="A6"/>
  <move id="8" source="K7" target="K6"/>
  <move id="9" source="D4" target="E4"/>
  <move id="10" source="K5" target="K4"/>
  <move id="11" source="E4" target="E5"/>
  <move id="12" source="K6" target="I6"/>
  <move id="13" source="B4" target="B5"/>
  <move id="14" source="K9" target="K8"/>
  <move id="15" source="I4" target="I5"/>
  <move id="16" source="I6" target="I5"/>
  <move id="17" source="K4" target="K5"/>
  <move id="18" source="I5" target="I6"/>
  <move id="19" source="I3" target="I4"/>
  <move id="20" source="K8" target="K7"/>
  <move id="21" source="I4" target="I5"/>
  <move id="22" source="K7" target="K6"/>
  <move id="23" source="K5" target="K4"/>
  <move id="24" source="K6" target="K5"/>
  <move id="25" source="I5" target="K5"/>
  <move id="26" source="A7" target="A6"/>
  <move id="27" source="K5" target="K6"/>
  <move id="28" source="I6" target="I5"/>
  <move id="29" source="K4" target="I4"/>
  <move id="30" source="I5" target="I6"/>
  <move id="31" source="I4" target="I5"/>
  <move id="32" source="E7" target="E6"/>
  <move id="33" source="I5" target="I6"/>
  <move id="34" source="A8" target="A7"/>
  <move id="35" source="A6" target="B6"/>
  <move id="36" source="A7" target="A6"/>
  <move id="37" source="B6" target="B7"/>
  <move id="38" source="A6" target="A5"/>
  <move id="39" source="I2" target="I3"/>
  <move id="40" source="A5" target="B5"/>
  <move id="41" source="I3" target="I4"/>
  <move id="42" source="B8" target="A8"/>
  <move id="43" source="I4" target="I5"/>
  <move id="44" source="C8" target="B8"/>
  <move id="45" source="B7" target="A7"/>
  <move id="46" source="B8" target="C8"/>
  <move id="47" source="A7" target="A8"/>
  <move id="48" source="C8" target="B8"/>
  <move id="49" source="B5" target="A5"/>
  <move id="50" source="B8" target="A8"/>
  <move id="51" source="B3" target="B6"/>
  <move id="52" source="A8" target="A7"/>
  <move id="53" source="B6" target="A6"/>
  <move id="54" source="A7" target="A6"/>
  <move id="55" source="A5" target="B5"/>
  <move id="56" source="A6" target="B6"/>
  <move id="57" source="B5" target="B4"/>
  <move id="58" source="B6" target="B5"/>
  <move id="59" source="B4" target="B3"/>
  <move id="60" source="B5" target="B4"/>
  <move id="61" source="E5" target="F5"/>
  <move id="62" source="B9" target="B8"/>
  <move id="63" source="C4" target="D4"/>
  <move id="64" source="B8" target="A8"/>
  <move id="65" source="D4" target="E4"/>
  <move id="66" source="A8" target="A7"/>
  <move id="67" source="D3" target="D4"/>
  <move id="68" source="A7" target="A6"/>
  <move id="69" source="D4" target="C4"/>
  <move id="70" source="B4" target="B3"/>
  <move id="71" source="C4" target="B4"/>
  <move id="72" source="B3" target="B4"/>
  <move id="73" source="A3" target="B3"/>
  <move id="74" source="B4" target="A4"/>
  <move id="75" source="B3" target="B4"/>
  <move id="76" source="A4" target="A3"/>
  <move id="77" source="A2" target="A3"/>
  <move id="78" source="A6" target="A5"/>
  <move id="79" source="I6" target="I7"/>
  <move id="80" source="C7" target="B7"/>
  <move id="81" source="K6" target="K7"/>
  <move id="82" source="B7" target="B4"/>
  <move id="83" source="I7" target="I8"/>
  <move id="84" source="D8" target="C8"/>
  <move id="85" source="I5" target="I6"/>
  <move id="86" source="C8" target="C7"/>
  <move id="87" source="I6" target="I7"/>
  <move id="88" source="E8" target="D8"/>
  <move id="89" source="I7" target="H7"/>
  <move id="90" source="D8" target="C8"/>
  <move id="91" source="K7" target="I7"/>
  <move id="92" source="C8" target="B8"/>
  <move id="93" source="H7" target="H8"/>
  <move id="94" source="B8" target="B7"/>
  <move id="95" source="I1" target="I2"/>
  <move id="96" source="B7" target="B6"/>
  <move id="97" source="I2" target="I3"/>
  <move id="98" source="B6" target="B5"/>
  <move id="99" source="B4" target="C4"/>
  <move id="100" source="B5" target="B4"/>
  <move id="101" source="E4" target="D4"/>
  <move id="102" source="A5" target="A4"/>
  <move id="103" source="I3" target="I4"/>
  <move id="104" source="A4" target="A3"/>
  <move id="105" source="B2" target="B3"/>
  <move id="106" source="A3" target="B3"/>
  <move id="107" source="C3" target="B3"/>
  <move id="108" source="B4" target="C4"/>
  <move id="109" source="I4" target="I5"/>
  <move id="110" source="C7" target="B7"/>
  <move id="111" source="I5" target="I6"/>
  <move id="112" source="B7" target="B3"/>
  <move id="113" source="I7" target="K7"/>
  <move id="114" source="C4" target="D4"/>
  <move id="115" source="I6" target="I7"/>
  <move id="116" source="D4" target="C4"/>
  <move id="117" source="K7" target="K8"/>
  <move id="118" source="B3" target="C3"/>
  <move id="119" source="C2" target="C3"/>
  <move id="120" source="C4" target="B4"/>
  <move id="121" source="I7" target="I8"/>
  <move id="122" source="D7" target="C7"/>
  <move id="123" source="I8" target="I9"/>
  <move id="124" source="I:" target="I9"/>
  <move id="125" source="F5" target="F6"/>
  <move id="126" source="C7" target="B7"/>
  <move id="127" source="E6" target="E7"/>
  <move id="128" source="B7" target="A7"/>
  <move id="129" source="F6" target="F7"/>
  <move id="130" source="A7" target="A6"/>
  <move id="131" source="C3" target="B3"/>
  <move id="132" source="B4" target="B5"/>
  <move id="133" source="A1" target="A6"/>
  <move id="134" source="B5" target="B6"/>
  <move id="135" source="E7" target="D7"/>
  <move id="136" source="C9" target="C8"/>
  <move id="137" source="D7" target="C7"/>
  <move id="138" source="C8" target="C7"/>
  <move id="139" source="B3" target="B4"/>
  <move id="140" source="B6" target="B7"/>
  <move id="141" source="B4" target="B5"/>
  <move id="142" source="B7" target="B8"/>
  <move id="143" source="B5" target="B6"/>
  <move id="144" source="A6" target="A5"/>
  <move id="145" source="B1" target="B2"/>
  <move id="146" source="C7" target="B7"/>
  <move id="147" source="B6" target="A6"/>
  <move id="148" source="A5" target="B5"/>
  <move id="149" source="B2" target="B3"/>
  <move id="150" source="B5" target="B4"/>
  <move id="151" source="B3" target="B4"/>
  <move id="152" source="B7" target="A7"/>
  <move id="153" source="A6" target="B6"/>
  <move id="154" source="F8" target="E8"/>
  <move id="155" source="H2" target="I2"/>
  <move id="156" source="E8" target="D8"/>
  <move id="157" source="I2" target="I3"/>
  <move id="158" source="D8" target="C8"/>
  <move id="159" source="I3" target="I4"/>
  <move id="160" source="C8" target="C7"/>
  <move id="161" source="I4" target="I5"/>
  <move id="162" source="G7" target="H7"/>
  <move id="163" source="I5" target="I6"/>
  <move id="164" source="A7" target="A6"/>
  <move id="165" source="I6" target="I7"/>
  <move id="166" source="A6" target="B6"/>
  <move id="167" source="I7" target="H7"/>
  <move id="168" source="B6" target="B5"/>
  <move id="169" source="H7" target="H8"/>
  <move id="170" source="H9" target="H8"/>
  <move id="171" source="K8" target="I8"/>
  <move id="172" source="H8" target="H7"/>
  <move id="173" source="I8" target="H8"/>
  <move id="174" source="H7" target="I7"/>
  <move id="175" source="K3" target="K4"/>
  <move id="176" source="B5" target="B4"/>
  <move id="177" source="K4" target="K5"/>
  <move id="178" source="B4" target="C4"/>
  <move id="179" source="K5" target="K6"/>
  <move id="180" source="C4" target="C3"/>
  <move id="181" source="H8" target="I8"/>
  <move id="182" source="I7" target="K7"/>
  <move id="183" source="K6" target="K7"/>
  <move id="184" source="C3" target="D3"/>
  <move id="185" source="I8" target="I9"/>
  <move id="186" source="D3" target="E3"/>
  <move id="187" source="I9" target="H9"/>
  <move id="188" source="C7" target="B7"/>
  <move id="189" source="H9" target="H8"/>
  <move id="190" source="B7" target="B6"/>
  <move id="191" source="H8" target="H7"/>
  <move id="192" source="B6" target="B5"/>
  <move id="193" source="H7" target="G7"/>
  <move id="194" source="F7" target="E7"/>
  <move id="195" source="G7" target="F7"/>
  <move id="196" source="E7" target="E6"/>
  <move id="197" source="F7" target="E7"/>
  <move id="198" source="E6" target="F6"/>
  <move id="199" source="E7" target="E6"/>
  <move id="200" source="F6" target="F7"/>
  <move id="201" source="K7" target="I7"/>
  <move id="202" source="B5" target="B4"/>
  <move id="203" source="I7" target="H7"/>
  <move id="204" source="F7" target="F8"/>
  <move id="205" source="E6" target="E7"/>
  <move id="206" source="B4" target="B3"/>
  <move id="207" source="H7" target="G7"/>
  <move id="208" source="B3" target="C3"/>
  <move id="209" source="E7" target="E8"/>
  <move id="210" source="C3" target="C2"/>
  <move id="211" source="D2" target="D3"/>
  <move id="212" source="C2" target="D2"/>
  <move id="213" source="D3" target="D4"/>
  <move id="214" source="D2" target="D1"/>
  <move id="215" source="D4" target="E4"/>
  <move id="216" source="B8" target="B7"/>
  <move id="217" source="E8" target="F8"/>
  <move id="218" source="B7" target="B6"/>
  <move id="219" source="H1" target="I1"/>
  <move id="220" source="B6" target="B5"/>
  <move id="221" source="I1" target="I2"/>
  <move id="222" source="B5" target="B4"/>
  <move id="223" source="G1" target="I1"/>
  <move id="224" source="B4" target="B3"/>
  <move id="225" source="H3" target="H2"/>
  <move id="226" source="B3" target="B2"/>
  <move id="227" source="H2" target="H1"/>
  <move id="228" source="D1" target="E1"/>
  <move id="229" source="I2" target="I3"/>
  <move id="230" source="B2" target="C2"/>
  <move id="231" source="I3" target="I4"/>
  <move id="232" source="C2" target="C1"/>
  <move id="233" source="I4" target="I5"/>
  <move id="234" source="C1" target="D1"/>
  <move id="235" source="I5" target="I6"/>
  <move id="236" source="D1" target="D2"/>
  <move id="237" source="I6" target="I7"/>
  <move id="238" source="D2" target="E2"/>
  <move id="239" source="I7" target="I8"/>
  <move id="240" source="E2" target="F2"/>
  <move id="241" source="I8" target="I9"/>
  <move id="242" source="B:" target="B9"/>
  <move id="243" source="I9" target="H9"/>
  <move id="244" source="B9" target="B8"/>
  <move id="245" source="H9" target="G9"/>
  <move id="246" source="B8" target="B7"/>
  <move id="247" source="G7" target="H7"/>
  <move id="248" source="G9" target="H9"/>
  <move id="249" source="H7" target="H8"/>
  <move id="250" source="H9" target="I9"/>
  <move id="251" source="H8" target="I8"/>
  <move id="252" source="I9" target="K9"/>
  <move id="253" source="H4" target="I4"/>
  <move id="254" source="B7" target="B6"/>
  <move id="255" source="I4" target="I5"/>
  <move id="256" source="B6" target="B5"/>
  <move id="257" source="I5" target="I6"/>
  <move id="258" source="B5" target="B4"/>
  <move id="259" source="I6" target="I7"/>
  <move id="260" source="B4" target="B3"/>
  <move id="261" source="I7" target="K7"/>
  <move id="262" source="B3" target="B2"/>
  <move id="263" source="K7" target="K8"/>
  <move id="264" source="B2" target="C2"/>
  <move id="265" source="K8" target="K9"/>
  <move id="266" source="C2" target="D2"/>
  <move id="267" source="E4" target="E5"/>
  <move id="268" source="D2" target="D1"/>
  <move id="269" source="E5" target="E6"/>
  <move id="270" source="D1" target="E1"/>
  <move id="271" source="F1" target="E1"/>
  <player id="1">Player 1</player>
  <player id="2">Player 2</player>
  <result type="3" winner="1"/>
 </game>
</stratego>