<?xml version="1.0" encoding="UTF-8"?>
<stratego>
 <game type="classic">
  
  <field content="EBEMBDBGFFDBHEDDCBDBGIJGDJGIHFDEKHDHELFIAA__AA__AAAA__AA__AAPUSNUPTPPVTNQNRSOPSSPNRVRWYQPTQNTNPQRUQX"/>
  <move id="1" source="I4" target="I5"/>
  <move id="2" source="I7" target="I6"/>
  <move id="3" source="I5" target="I6"/>
  <move id="4" source="A7" target="A6"/>
  <move id="5" source="A4" target="A6"/>
  <move id="6" source="B7" target="B6"/>
  <move id="7" source="K4" target="K5"/>
  <move id="8" source="B6" target="B5"/>
  <move id="9" source="K5" target="K6"/>
  <move id="10" source="I8" target="I7"/>
  <move id="11" source="I6" target="I5"/>
  <move id="12" source="I7" target="I6"/>
  <move id="13" source="K6" target="I6"/>
  <move id="14" source="K8" target="I8"/>
  <move id="15" source="I6" target="K6"/>
  <move id="16" source="K7" target="K6"/>
  <move id="17" source="K3" target="K4"/>
  <move id="18" source="I8" target="I7"/>
  <move id="19" source="K4" target="K5"/>
  <move id="20" source="K6" target="K7"/>
  <move id="21" source="K5" target="K6"/>
  <move id="22" source="K7" target="K8"/>
  <move id="23" source="K6" target="K7"/>
  <move id="24" source="K8" target="I8"/>
  <move id="25" source="K7" target="K8"/>
  <move id="26" source="I7" target="I6"/>
  <move id="27" source="I5" target="K5"/>
  <move id="28" source="I6" target="K6"/>
  <move id="29" source="K5" target="K4"/>
  <move id="30" source="K6" target="K5"/>
  <move id="31" source="K4" target="I4"/>
  <move id="32" source="K5" target="I5"/>
  <move id="33" source="E4" target="E5"/>
  <move id="34" source="I5" target="I4"/>
  <move id="35" source="I3" target="I4"/>
  <move id="36" source="H7" target="K7"/>
  <move id="37" source="I4" target="I3"/>
  <move id="38" source="K7" target="K8"/>
  <move id="39" source="K8" target="K9"/>
  <move id="40" source="G7" target="H7"/>
  <move id="41" source="I3" target="K3"/>
  <move id="42" source="H7" target="I7"/>
  <move id="43" source="H4" target="I4"/>
  <move id="44" source="I7" target="I6"/>
  <move id="45" source="I4" target="I5"/>
  <move id="46" source="I6" target="I5"/>
  <move id="47" source="I5" target="I6"/>
  <move id="48" source="H8" target="H7"/>
  <move id="49" source="I6" target="I7"/>
  <move id="50" source="I8" target="H8"/>
  <move id="51" source="I7" target="H7"/>
  <move id="52" source="H8" target="I8"/>
  <move id="53" source="H7" target="I7"/>
  <move id="54" source="I8" target="H8"/>
  <move id="55" source="I7" target="K7"/>
  <move id="56" source="I9" target="I8"/>
  <move id="57" source="K7" target="K8"/>
  <move id="58" source="H9" target="I9"/>
  <move id="59" source="K8" target="K9"/>
  <move id="60" source="E7" target="E6"/>
  <move id="61" source="K9" target="I9"/>
  <move id="62" source="I8" target="I2"/>
  <move id="63" source="I9" target="I8"/>
  <move id="64" source="H8" target="H9"/>
  <move id="65" source="I1" target="I2"/>
  <move id="66" source="E6" target="E5"/>
  <move id="67" source="I2" target="I3"/>
  <move id="68" source="F7" target="G7"/>
  <move id="69" source="I3" target="I4"/>
  <move id="70" source="G7" target="H7"/>
  <move id="71" source="I4" target="I5"/>
  <move id="72" source="F8" target="F7"/>
  <move id="73" source="I5" target="I6"/>
  <move id="74" source="F7" target="G7"/>
  <move id="75" source="I6" target="I7"/>
  <move id="76" source="E8" target="E7"/>
  <move id="77" source="I7" target="H7"/>
  <move id="78" source="G7" target="H7"/>
  <move id="79" source="I8" target="H8"/>
  <player id="1">Player 1</player>
  <player id="2">Player 2</player>
  <result type="3" winner="2"/>
 </game>
</stratego>