<?xml version="1.0" encoding="UTF-8"?>
<stratego>
 <game type="classic">
  
  <field content="DEBMBGBFBEEKGBGLBEDIIGCEHIDJDDFDHJFDHDFHAA__AA__AAAA__AA__AAPTSPSPTSURVPXPUPPSPTNRQNQUOVTWQNNYNRQRQN"/>
  <move id="1" source="K4" target="K5"/>
  <move id="2" source="F7" target="F6"/>
  <move id="3" source="K5" target="K6"/>
  <move id="4" source="F6" target="E6"/>
  <move id="5" source="I4" target="I5"/>
  <move id="6" source="E6" target="F6"/>
  <move id="7" source="I5" target="I6"/>
  <move id="8" source="F6" target="F7"/>
  <move id="9" source="H4" target="I4"/>
  <move id="10" source="F7" target="F6"/>
  <move id="11" source="H3" target="H4"/>
  <move id="12" source="F6" target="E6"/>
  <move id="13" source="I4" target="I5"/>
  <move id="14" source="E6" target="E5"/>
  <move id="15" source="H4" target="I4"/>
  <move id="16" source="E5" target="E6"/>
  <move id="17" source="I5" target="K5"/>
  <move id="18" source="E6" target="F6"/>
  <move id="19" source="I4" target="I5"/>
  <move id="20" source="F6" target="F7"/>
  <move id="21" source="I6" target="I7"/>
  <move id="22" source="K7" target="K6"/>
  <move id="23" source="K5" target="K4"/>
  <move id="24" source="I7" target="K7"/>
  <move id="25" source="K6" target="I6"/>
  <move id="26" source="K7" target="I7"/>
  <move id="27" source="I6" target="K6"/>
  <move id="28" source="F7" target="F6"/>
  <move id="29" source="K4" target="I4"/>
  <move id="30" source="I7" target="I6"/>
  <move id="31" source="K6" target="K7"/>
  <move id="32" source="I6" target="I5"/>
  <move id="33" source="I4" target="K4"/>
  <move id="34" source="F6" target="E6"/>
  <move id="35" source="I5" target="I4"/>
  <move id="36" source="E6" target="E5"/>
  <move id="37" source="K7" target="K8"/>
  <move id="38" source="I8" target="K8"/>
  <move id="39" source="I4" target="H4"/>
  <move id="40" source="H7" target="I7"/>
  <move id="41" source="H4" target="H3"/>
  <move id="42" source="I7" target="I6"/>
  <move id="43" source="I3" target="I4"/>
  <move id="44" source="I6" target="K6"/>
  <move id="45" source="I4" target="H4"/>
  <move id="46" source="K6" target="I6"/>
  <move id="47" source="E4" target="E5"/>
  <move id="48" source="E7" target="E6"/>
  <move id="49" source="E5" target="E4"/>
  <move id="50" source="E6" target="E5"/>
  <move id="51" source="B4" target="B5"/>
  <move id="52" source="I6" target="I5"/>
  <move id="53" source="C4" target="B4"/>
  <move id="54" source="I5" target="K5"/>
  <move id="55" source="K4" target="I4"/>
  <move id="56" source="K5" target="I5"/>
  <move id="57" source="I4" target="K4"/>
  <move id="58" source="G7" target="H7"/>
  <move id="59" source="A4" target="A5"/>
  <move id="60" source="H7" target="I7"/>
  <move id="61" source="A5" target="A6"/>
  <move id="62" source="I7" target="K7"/>
  <move id="63" source="A6" target="A7"/>
  <move id="64" source="B7" target="A7"/>
  <move id="65" source="B5" target="B8"/>
  <move id="66" source="C7" target="B7"/>
  <move id="67" source="B4" target="B5"/>
  <move id="68" source="D7" target="C7"/>
  <move id="69" source="B3" target="B4"/>
  <move id="70" source="B7" target="B8"/>
  <move id="71" source="B5" target="B6"/>
  <move id="72" source="C7" target="B7"/>
  <move id="73" source="B6" target="B7"/>
  <move id="74" source="A7" target="B7"/>
  <move id="75" source="B4" target="B5"/>
  <move id="76" source="B8" target="B7"/>
  <move id="77" source="B5" target="B6"/>
  <move id="78" source="A8" target="B8"/>
  <move id="79" source="A3" target="B3"/>
  <move id="80" source="B7" target="A7"/>
  <move id="81" source="B6" target="A6"/>
  <move id="82" source="A7" target="B7"/>
  <move id="83" source="A6" target="B6"/>
  <move id="84" source="I5" target="I4"/>
  <move id="85" source="K4" target="K5"/>
  <move id="86" source="K7" target="K6"/>
  <move id="87" source="F4" target="F8"/>
  <move id="88" source="K6" target="K5"/>
  <move id="89" source="F3" target="F4"/>
  <move id="90" source="K5" target="K6"/>
  <move id="91" source="F4" target="F5"/>
  <move id="92" source="E5" target="E6"/>
  <move id="93" source="G3" target="F3"/>
  <move id="94" source="K6" target="K7"/>
  <move id="95" source="H4" target="I4"/>
  <move id="96" source="I4" target="I5"/>
  <move id="97" source="G4" target="H4"/>
  <move id="98" source="I5" target="I6"/>
  <move id="99" source="H4" target="I4"/>
  <move id="100" source="I6" target="I7"/>
  <move id="101" source="I4" target="I5"/>
  <move id="102" source="I7" target="H7"/>
  <move id="103" source="I5" target="I6"/>
  <move id="104" source="H7" target="G7"/>
  <move id="105" source="I6" target="I7"/>
  <move id="106" source="K7" target="K6"/>
  <move id="107" source="K3" target="I3"/>
  <move id="108" source="G7" target="F7"/>
  <move id="109" source="H3" target="H4"/>
  <move id="110" source="G8" target="G7"/>
  <move id="111" source="H4" target="I4"/>
  <move id="112" source="G7" target="H7"/>
  <move id="113" source="I7" target="I6"/>
  <move id="114" source="K6" target="K7"/>
  <move id="115" source="I4" target="H4"/>
  <move id="116" source="K8" target="I8"/>
  <move id="117" source="I3" target="I4"/>
  <move id="118" source="I8" target="I6"/>
  <move id="119" source="F5" target="F6"/>
  <move id="120" source="E8" target="E7"/>
  <move id="121" source="E4" target="F4"/>
  <move id="122" source="E6" target="E5"/>
  <move id="123" source="E3" target="E4"/>
  <move id="124" source="E5" target="E6"/>
  <move id="125" source="E4" target="E5"/>
  <move id="126" source="F7" target="F8"/>
  <move id="127" source="E5" target="E6"/>
  <move id="128" source="H7" target="F7"/>
  <move id="129" source="E6" target="E5"/>
  <move id="130" source="F7" target="F6"/>
  <move id="131" source="E5" target="E4"/>
  <move id="132" source="E7" target="E6"/>
  <move id="133" source="F6" target="F7"/>
  <move id="134" source="D8" target="E8"/>
  <move id="135" source="F7" target="F8"/>
  <move id="136" source="E6" target="E7"/>
  <move id="137" source="F8" target="E8"/>
  <move id="138" source="E7" target="F7"/>
  <move id="139" source="E8" target="E7"/>
  <move id="140" source="F7" target="F8"/>
  <move id="141" source="E7" target="E6"/>
  <move id="142" source="B7" target="C7"/>
  <move id="143" source="E6" target="E5"/>
  <move id="144" source="B8" target="B7"/>
  <move id="145" source="B6" target="B5"/>
  <move id="146" source="B7" target="B6"/>
  <move id="147" source="B5" target="B4"/>
  <move id="148" source="B6" target="B5"/>
  <move id="149" source="B4" target="C4"/>
  <move id="150" source="B5" target="B4"/>
  <move id="151" source="E4" target="E3"/>
  <move id="152" source="C8" target="D8"/>
  <move id="153" source="F4" target="G4"/>
  <move id="154" source="D8" target="E8"/>
  <move id="155" source="E5" target="F5"/>
  <move id="156" source="E8" target="D8"/>
  <move id="157" source="F3" target="F4"/>
  <move id="158" source="H8" target="G8"/>
  <move id="159" source="F4" target="E4"/>
  <move id="160" source="H9" target="H8"/>
  <move id="161" source="E4" target="E5"/>
  <move id="162" source="H8" target="H7"/>
  <move id="163" source="I4" target="I5"/>
  <move id="164" source="H7" target="G7"/>
  <move id="165" source="I6" target="I7"/>
  <move id="166" source="K7" target="K8"/>
  <move id="167" source="I5" target="I6"/>
  <move id="168" source="G7" target="F7"/>
  <move id="169" source="F5" target="F4"/>
  <move id="170" source="F7" target="F6"/>
  <move id="171" source="F4" target="F3"/>
  <move id="172" source="F6" target="F5"/>
  <move id="173" source="G4" target="F4"/>
  <move id="174" source="F5" target="E5"/>
  <move id="175" source="H4" target="I4"/>
  <move id="176" source="E5" target="E6"/>
  <move id="177" source="I4" target="I5"/>
  <move id="178" source="D8" target="D7"/>
  <move id="179" source="I5" target="K5"/>
  <move id="180" source="D7" target="E7"/>
  <move id="181" source="K5" target="K6"/>
  <move id="182" source="E7" target="F7"/>
  <move id="183" source="I7" target="I8"/>
  <move id="184" source="K8" target="K7"/>
  <move id="185" source="K6" target="K7"/>
  <move id="186" source="F7" target="G7"/>
  <move id="187" source="K7" target="K6"/>
  <move id="188" source="G7" target="H7"/>
  <move id="189" source="K6" target="K5"/>
  <move id="190" source="H7" target="I7"/>
  <move id="191" source="I8" target="H8"/>
  <move id="192" source="I7" target="I6"/>
  <move id="193" source="F4" target="F5"/>
  <move id="194" source="I6" target="I5"/>
  <move id="195" source="K5" target="K4"/>
  <move id="196" source="I5" target="I4"/>
  <move id="197" source="K4" target="K3"/>
  <move id="198" source="I4" target="I3"/>
  <move id="199" source="K3" target="K4"/>
  <move id="200" source="K9" target="K8"/>
  <move id="201" source="H8" target="G8"/>
  <move id="202" source="F8" target="G8"/>
  <move id="203" source="A2" target="A3"/>
  <move id="204" source="K8" target="K7"/>
  <move id="205" source="A3" target="A4"/>
  <move id="206" source="K7" target="K6"/>
  <move id="207" source="A4" target="A5"/>
  <move id="208" source="K6" target="K5"/>
  <move id="209" source="A5" target="A6"/>
  <move id="210" source="K5" target="K4"/>
  <move id="211" source="A6" target="A7"/>
  <move id="212" source="I3" target="I4"/>
  <move id="213" source="A1" target="A4"/>
  <move id="214" source="I4" target="H4"/>
  <move id="215" source="E3" target="E4"/>
  <move id="216" source="H4" target="G4"/>
  <move id="217" source="D3" target="E3"/>
  <move id="218" source="E6" target="E7"/>
  <move id="219" source="F5" target="F6"/>
  <move id="220" source="E7" target="E8"/>
  <move id="221" source="F6" target="F7"/>
  <move id="222" source="G8" target="H8"/>
  <move id="223" source="A4" target="B4"/>
  <move id="224" source="G4" target="F4"/>
  <move id="225" source="F3" target="G3"/>
  <move id="226" source="F4" target="F5"/>
  <move id="227" source="B3" target="A3"/>
  <move id="228" source="F5" target="F6"/>
  <move id="229" source="F7" target="F8"/>
  <move id="230" source="E8" target="E7"/>
  <move id="231" source="A3" target="A2"/>
  <move id="232" source="F6" target="F7"/>
  <move id="233" source="F8" target="E8"/>
  <move id="234" source="E7" target="E6"/>
  <move id="235" source="E3" target="F3"/>
  <move id="236" source="B4" target="A4"/>
  <move id="237" source="C3" target="D3"/>
  <move id="238" source="K4" target="K5"/>
  <move id="239" source="F3" target="F4"/>
  <move id="240" source="K5" target="K6"/>
  <move id="241" source="C4" target="C3"/>
  <move id="242" source="F7" target="E7"/>
  <move id="243" source="E8" target="F8"/>
  <move id="244" source="K6" target="K7"/>
  <move id="245" source="D4" target="C4"/>
  <move id="246" source="A4" target="A5"/>
  <move id="247" source="C4" target="B4"/>
  <move id="248" source="H8" target="I8"/>
  <move id="249" source="B4" target="B5"/>
  <move id="250" source="A5" target="A6"/>
  <move id="251" source="A7" target="A8"/>
  <move id="252" source="A6" target="A7"/>
  <move id="253" source="A8" target="B8"/>
  <move id="254" source="K7" target="I7"/>
  <move id="255" source="B8" target="B9"/>
  <move id="256" source="I7" target="H7"/>
  <move id="257" source="F8" target="G8"/>
  <move id="258" source="H7" target="H8"/>
  <move id="259" source="G8" target="G9"/>
  <move id="260" source="F9" target="G9"/>
  <move id="261" source="B5" target="B6"/>
  <move id="262" source="E7" target="F7"/>
  <move id="263" source="C3" target="C4"/>
  <move id="264" source="A7" target="A8"/>
  <move id="265" source="B6" target="B7"/>
  <move id="266" source="F7" target="E7"/>
  <move id="267" source="B7" target="C7"/>
  <move id="268" source="E7" target="D7"/>
  <move id="269" source="C7" target="B7"/>
  <move id="270" source="D7" target="C7"/>
  <move id="271" source="B7" target="B8"/>
  <move id="272" source="A8" target="A7"/>
  <move id="273" source="C4" target="B4"/>
  <move id="274" source="C7" target="B7"/>
  <move id="275" source="B8" target="C8"/>
  <move id="276" source="H8" target="G8"/>
  <move id="277" source="F4" target="F5"/>
  <move id="278" source="G8" target="F8"/>
  <move id="279" source="C8" target="D8"/>
  <move id="280" source="B7" target="C7"/>
  <move id="281" source="D8" target="D9"/>
  <move id="282" source="F8" target="G8"/>
  <move id="283" source="A2" target="A3"/>
  <move id="284" source="E6" target="E7"/>
  <move id="285" source="A3" target="B3"/>
  <move id="286" source="A7" target="A8"/>
  <move id="287" source="B4" target="B5"/>
  <move id="288" source="E7" target="E8"/>
  <move id="289" source="B5" target="B6"/>
  <move id="290" source="E8" target="D8"/>
  <move id="291" source="D3" target="E3"/>
  <move id="292" source="I8" target="I7"/>
  <move id="293" source="G3" target="G4"/>
  <move id="294" source="I7" target="I6"/>
  <move id="295" source="G4" target="H4"/>
  <move id="296" source="I6" target="K6"/>
  <move id="297" source="H4" target="I4"/>
  <move id="298" source="K6" target="K5"/>
  <move id="299" source="I4" target="I5"/>
  <move id="300" source="K5" target="K4"/>
  <move id="301" source="I5" target="I4"/>
  <move id="302" source="K4" target="K3"/>
  <move id="303" source="K2" target="K3"/>
  <move id="304" source="G9" target="H9"/>
  <move id="305" source="B3" target="C3"/>
  <move id="306" source="H9" target="H8"/>
  <move id="307" source="C3" target="D3"/>
  <move id="308" source="H8" target="H7"/>
  <move id="309" source="D3" target="D4"/>
  <move id="310" source="H7" target="G7"/>
  <move id="311" source="F5" target="F4"/>
  <move id="312" source="G7" target="F7"/>
  <move id="313" source="F4" target="G4"/>
  <move id="314" source="F7" target="E7"/>
  <move id="315" source="E4" target="F4"/>
  <move id="316" source="D8" target="E8"/>
  <move id="317" source="D4" target="E4"/>
  <move id="318" source="E7" target="D7"/>
  <move id="319" source="F4" target="F3"/>
  <move id="320" source="D7" target="D8"/>
  <move id="321" source="E3" target="D3"/>
  <move id="322" source="D8" target="C8"/>
  <move id="323" source="B6" target="B5"/>
  <move id="324" source="C8" target="B8"/>
  <move id="325" source="B5" target="B4"/>
  <move id="326" source="B8" target="B7"/>
  <move id="327" source="B4" target="B3"/>
  <move id="328" source="B7" target="B6"/>
  <move id="329" source="E4" target="D4"/>
  <move id="330" source="B6" target="B5"/>
  <move id="331" source="D4" target="C4"/>
  <move id="332" source="B5" target="A5"/>
  <move id="333" source="B3" target="C3"/>
  <move id="334" source="A5" target="A4"/>
  <move id="335" source="C4" target="B4"/>
  <move id="336" source="A4" target="A3"/>
  <move id="337" source="C3" target="C4"/>
  <move id="338" source="C7" target="B7"/>
  <move id="339" source="C4" target="D4"/>
  <move id="340" source="E8" target="D8"/>
  <move id="341" source="D4" target="E4"/>
  <move id="342" source="B7" target="C7"/>
  <move id="343" source="F3" target="G3"/>
  <move id="344" source="C7" target="D7"/>
  <move id="345" source="G3" target="H3"/>
  <move id="346" source="B9" target="B8"/>
  <move id="347" source="I4" target="I3"/>
  <move id="348" source="D7" target="E7"/>
  <move id="349" source="H3" target="H4"/>
  <move id="350" source="E7" target="D7"/>
  <move id="351" source="H4" target="I4"/>
  <move id="352" source="D8" target="E8"/>
  <move id="353" source="I4" target="I5"/>
  <move id="354" source="G8" target="H8"/>
  <move id="355" source="I5" target="I6"/>
  <move id="356" source="H8" target="I8"/>
  <move id="357" source="I6" target="I5"/>
  <move id="358" source="B8" target="C8"/>
  <move id="359" source="I5" target="I4"/>
  <move id="360" source="D7" target="D8"/>
  <move id="361" source="I4" target="H4"/>
  <move id="362" source="C8" target="C7"/>
  <move id="363" source="I3" target="H3"/>
  <move id="364" source="C7" target="D7"/>
  <move id="365" source="H3" target="G3"/>
  <move id="366" source="D8" target="C8"/>
  <move id="367" source="G3" target="F3"/>
  <move id="368" source="D7" target="D8"/>
  <move id="369" source="D3" target="D4"/>
  <move id="370" source="C8" target="C7"/>
  <move id="371" source="F3" target="E3"/>
  <move id="372" source="C7" target="D7"/>
  <move id="373" source="E3" target="D3"/>
  <move id="374" source="D7" target="C7"/>
  <move id="375" source="D3" target="C3"/>
  <move id="376" source="C7" target="B7"/>
  <move id="377" source="B4" target="A4"/>
  <move id="378" source="A3" target="A2"/>
  <move id="379" source="B2" target="A2"/>
  <move id="380" source="B7" target="B6"/>
  <move id="381" source="D4" target="C4"/>
  <move id="382" source="B6" target="B5"/>
  <move id="383" source="A4" target="B4"/>
  <move id="384" source="B5" target="A5"/>
  <move id="385" source="A2" target="B2"/>
  <move id="386" source="A5" target="A4"/>
  <move id="387" source="C3" target="D3"/>
  <move id="388" source="A4" target="A3"/>
  <move id="389" source="C4" target="C3"/>
  <move id="390" source="A8" target="B8"/>
  <move id="391" source="B4" target="C4"/>
  <move id="392" source="B8" target="B7"/>
  <move id="393" source="B2" target="B3"/>
  <move id="394" source="A3" target="A4"/>
  <move id="395" source="C4" target="D4"/>
  <move id="396" source="A4" target="B4"/>
  <move id="397" source="E4" target="E5"/>
  <move id="398" source="E8" target="E7"/>
  <move id="399" source="G4" target="F4"/>
  <move id="400" source="E7" target="E6"/>
  <move id="401" source="F4" target="F5"/>
  <move id="402" source="I8" target="I7"/>
  <move id="403" source="F2" target="F3"/>
  <move id="404" source="I7" target="I6"/>
  <move id="405" source="H4" target="H3"/>
  <move id="406" source="I6" target="I5"/>
  <move id="407" source="F3" target="F4"/>
  <move id="408" source="I5" target="I4"/>
  <move id="409" source="D3" target="E3"/>
  <move id="410" source="B7" target="B8"/>
  <move id="411" source="E3" target="F3"/>
  <move id="412" source="D8" target="C8"/>
  <move id="413" source="F4" target="E4"/>
  <move id="414" source="C8" target="C7"/>
  <move id="415" source="F5" target="F4"/>
  <move id="416" source="E6" target="E5"/>
  <move id="417" source="E4" target="E5"/>
  <move id="418" source="I4" target="H4"/>
  <move id="419" source="H3" target="I3"/>
  <move id="420" source="H4" target="G4"/>
  <move id="421" source="E5" target="E4"/>
  <move id="422" source="B8" target="C8"/>
  <move id="423" source="I3" target="I4"/>
  <move id="424" source="C8" target="D8"/>
  <move id="425" source="I4" target="I5"/>
  <move id="426" source="D8" target="E8"/>
  <move id="427" source="I5" target="I6"/>
  <move id="428" source="E8" target="F8"/>
  <move id="429" source="I6" target="I7"/>
  <move id="430" source="F8" target="G8"/>
  <move id="431" source="I7" target="I8"/>
  <move id="432" source="G8" target="H8"/>
  <move id="433" source="I8" target="I9"/>
  <move id="434" source="H8" target="G8"/>
  <move id="435" source="F4" target="F5"/>
  <move id="436" source="G8" target="F8"/>
  <move id="437" source="E4" target="F4"/>
  <move id="438" source="G4" target="G3"/>
  <move id="439" source="F3" target="E3"/>
  <move id="440" source="F8" target="F7"/>
  <move id="441" source="I2" target="I3"/>
  <move id="442" source="G3" target="H3"/>
  <move id="443" source="I3" target="K3"/>
  <move id="444" source="H3" target="I3"/>
  <move id="445" source="K3" target="K4"/>
  <move id="446" source="I3" target="I4"/>
  <move id="447" source="K4" target="K5"/>
  <move id="448" source="F7" target="F6"/>
  <move id="449" source="E3" target="F3"/>
  <move id="450" source="I4" target="I5"/>
  <move id="451" source="K5" target="K4"/>
  <move id="452" source="I5" target="I4"/>
  <move id="453" source="K4" target="K5"/>
  <move id="454" source="I4" target="I5"/>
  <move id="455" source="K5" target="K6"/>
  <move id="456" source="I5" target="I6"/>
  <move id="457" source="K6" target="K7"/>
  <move id="458" source="I6" target="I7"/>
  <move id="459" source="K7" target="K8"/>
  <move id="460" source="I7" target="I8"/>
  <move id="461" source="K8" target="K7"/>
  <move id="462" source="I8" target="I7"/>
  <move id="463" source="K7" target="K6"/>
  <move id="464" source="I7" target="K7"/>
  <move id="465" source="K6" target="I6"/>
  <move id="466" source="K7" target="I7"/>
  <move id="467" source="I6" target="K6"/>
  <move id="468" source="C7" target="C8"/>
  <move id="469" source="F5" target="E5"/>
  <move id="470" source="F6" target="E6"/>
  <move id="471" source="E5" target="E4"/>
  <move id="472" source="E6" target="E5"/>
  <move id="473" source="E4" target="E3"/>
  <move id="474" source="C8" target="D8"/>
  <move id="475" source="F3" target="G3"/>
  <move id="476" source="D8" target="C8"/>
  <move id="477" source="G3" target="H3"/>
  <move id="478" source="C8" target="C7"/>
  <move id="479" source="E3" target="F3"/>
  <move id="480" source="C7" target="C8"/>
  <move id="481" source="F3" target="F2"/>
  <move id="482" source="C8" target="D8"/>
  <move id="483" source="F4" target="E4"/>
  <move id="484" source="E5" target="F5"/>
  <move id="485" source="C2" target="B2"/>
  <move id="486" source="D8" target="C8"/>
  <move id="487" source="B2" target="A2"/>
  <move id="488" source="F5" target="F6"/>
  <move id="489" source="E4" target="E5"/>
  <move id="490" source="F6" target="F7"/>
  <move id="491" source="E5" target="E6"/>
  <move id="492" source="I7" target="I6"/>
  <move id="493" source="K6" target="K7"/>
  <move id="494" source="F7" target="G7"/>
  <move id="495" source="A2" target="A3"/>
  <move id="496" source="G7" target="H7"/>
  <move id="497" source="K7" target="K8"/>
  <move id="498" source="H7" target="H8"/>
  <move id="499" source="K8" target="K9"/>
  <move id="500" source="H8" target="H9"/>
  <move id="501" source="K9" target="K8"/>
  <move id="502" source="H9" target="H8"/>
  <move id="503" source="K8" target="K7"/>
  <move id="504" source="H8" target="I8"/>
  <move id="505" source="K7" target="F7"/>
  <move id="506" source="I6" target="I5"/>
  <move id="507" source="E6" target="F6"/>
  <move id="508" source="I5" target="I4"/>
  <move id="509" source="F6" target="F5"/>
  <move id="510" source="I4" target="I3"/>
  <move id="511" source="H3" target="H4"/>
  <move id="512" source="I3" target="H3"/>
  <move id="513" source="H4" target="G4"/>
  <move id="514" source="H3" target="G3"/>
  <move id="515" source="F5" target="F4"/>
  <move id="516" source="I8" target="H8"/>
  <move id="517" source="D4" target="E4"/>
  <move id="518" source="H8" target="G8"/>
  <move id="519" source="E4" target="E5"/>
  <move id="520" source="G8" target="F8"/>
  <move id="521" source="F7" target="K7"/>
  <move id="522" source="F8" target="E8"/>
  <move id="523" source="E5" target="F5"/>
  <move id="524" source="E8" target="F8"/>
  <move id="525" source="F5" target="E5"/>
  <move id="526" source="F8" target="E8"/>
  <move id="527" source="E5" target="F5"/>
  <move id="528" source="E8" target="E7"/>
  <move id="529" source="F5" target="F6"/>
  <move id="530" source="C8" target="B8"/>
  <move id="531" source="G4" target="H4"/>
  <move id="532" source="G3" target="H3"/>
  <move id="533" source="H4" target="I4"/>
  <move id="534" source="E7" target="F7"/>
  <move id="535" source="F6" target="E6"/>
  <move id="536" source="F7" target="E7"/>
  <move id="537" source="E6" target="F6"/>
  <move id="538" source="E7" target="F7"/>
  <move id="539" source="F6" target="E6"/>
  <move id="540" source="H3" target="I3"/>
  <move id="541" source="I4" target="K4"/>
  <move id="542" source="I3" target="K3"/>
  <move id="543" source="K4" target="I4"/>
  <move id="544" source="K3" target="I3"/>
  <move id="545" source="I4" target="H4"/>
  <move id="546" source="F7" target="E7"/>
  <move id="547" source="E6" target="F6"/>
  <move id="548" source="B8" target="C8"/>
  <move id="549" source="B3" target="B2"/>
  <move id="550" source="I3" target="I4"/>
  <move id="551" source="H4" target="H3"/>
  <move id="552" source="I4" target="I5"/>
  <move id="553" source="B2" target="C2"/>
  <move id="554" source="I5" target="I6"/>
  <move id="555" source="F4" target="E4"/>
  <move id="556" source="E7" target="F7"/>
  <move id="557" source="F6" target="E6"/>
  <move id="558" source="F7" target="E7"/>
  <move id="559" source="E6" target="F6"/>
  <move id="560" source="I6" target="I7"/>
  <move id="561" source="K7" target="K6"/>
  <move id="562" source="I7" target="K7"/>
  <move id="563" source="K6" target="I6"/>
  <move id="564" source="C8" target="B8"/>
  <move id="565" source="E4" target="E5"/>
  <move id="566" source="K7" target="I7"/>
  <move id="567" source="I6" target="K6"/>
  <move id="568" source="I7" target="I6"/>
  <move id="569" source="K6" target="K8"/>
  <move id="570" source="I6" target="I5"/>
  <move id="571" source="C3" target="D3"/>
  <move id="572" source="B4" target="B3"/>
  <move id="573" source="A3" target="A4"/>
  <move id="574" source="I5" target="I4"/>
  <move id="575" source="C2" target="C3"/>
  <move id="576" source="B3" target="B4"/>
  <move id="577" source="A4" target="A3"/>
  <move id="578" source="B4" target="C4"/>
  <move id="579" source="C3" target="C2"/>
  <move id="580" source="I4" target="I3"/>
  <move id="581" source="H3" target="H4"/>
  <move id="582" source="I3" target="H3"/>
  <move id="583" source="H4" target="I4"/>
  <move id="584" source="H3" target="G3"/>
  <move id="585" source="E5" target="E4"/>
  <move id="586" source="G3" target="G4"/>
  <move id="587" source="I4" target="I5"/>
  <move id="588" source="E7" target="F7"/>
  <move id="589" source="F6" target="E6"/>
  <move id="590" source="G4" target="H4"/>
  <move id="591" source="I5" target="I6"/>
  <move id="592" source="H4" target="I4"/>
  <move id="593" source="I6" target="I7"/>
  <move id="594" source="I4" target="I5"/>
  <move id="595" source="I7" target="I8"/>
  <move id="596" source="I5" target="I6"/>
  <move id="597" source="I8" target="I9"/>
  <move id="598" source="I6" target="I7"/>
  <move id="599" source="I9" target="H9"/>
  <move id="600" source="I7" target="I8"/>
  <move id="601" source="K8" target="K3"/>
  <move id="602" source="I8" target="I9"/>
  <move id="603" source="H9" target="H:"/>
  <move id="604" source="F7" target="F8"/>
  <move id="605" source="H:" target="G:"/>
  <move id="606" source="F8" target="F9"/>
  <move id="607" source="E4" target="F4"/>
  <move id="608" source="I9" target="H9"/>
  <move id="609" source="F4" target="F5"/>
  <move id="610" source="H9" target="H:"/>
  <move id="611" source="G:" target="F:"/>
  <move id="612" source="F9" target="F:"/>
  <move id="613" source="F5" target="F6"/>
  <move id="614" source="F:" target="F9"/>
  <move id="615" source="F6" target="F7"/>
  <move id="616" source="F9" target="G9"/>
  <move id="617" source="F7" target="F8"/>
  <move id="618" source="G9" target="H9"/>
  <move id="619" source="F8" target="G8"/>
  <move id="620" source="H9" target="I9"/>
  <move id="621" source="E6" target="E7"/>
  <move id="622" source="I9" target="I8"/>
  <move id="623" source="E7" target="E8"/>
  <move id="624" source="I8" target="I7"/>
  <move id="625" source="A3" target="A4"/>
  <move id="626" source="I7" target="I6"/>
  <move id="627" source="A4" target="A5"/>
  <move id="628" source="H:" target="H9"/>
  <move id="629" source="A5" target="A6"/>
  <move id="630" source="I6" target="I5"/>
  <move id="631" source="A6" target="A7"/>
  <move id="632" source="I5" target="I4"/>
  <move id="633" source="E8" target="D8"/>
  <move id="634" source="I4" target="I3"/>
  <move id="635" source="K3" target="K7"/>
  <move id="636" source="I3" target="H3"/>
  <move id="637" source="F2" target="F3"/>
  <move id="638" source="H9" target="H:"/>
  <move id="639" source="F3" target="F4"/>
  <move id="640" source="H:" target="G:"/>
  <move id="641" source="F4" target="F5"/>
  <move id="642" source="G:" target="F:"/>
  <move id="643" source="G8" target="F8"/>
  <move id="644" source="H3" target="H4"/>
  <move id="645" source="F5" target="F6"/>
  <move id="646" source="H4" target="G4"/>
  <move id="647" source="F6" target="F7"/>
  <move id="648" source="G4" target="F4"/>
  <move id="649" source="D8" target="C8"/>
  <move id="650" source="B8" target="B7"/>
  <move id="651" source="A7" target="B7"/>
  <move id="652" source="C4" target="B4"/>
  <move id="653" source="B7" target="A7"/>
  <move id="654" source="B4" target="B5"/>
  <move id="655" source="F7" target="E7"/>
  <move id="656" source="B5" target="B6"/>
  <move id="657" source="E7" target="E8"/>
  <move id="658" source="B6" target="B7"/>
  <move id="659" source="A7" target="A6"/>
  <move id="660" source="B7" target="B8"/>
  <move id="661" source="C8" target="C7"/>
  <move id="662" source="B8" target="C8"/>
  <move id="663" source="C7" target="B7"/>
  <move id="664" source="C8" target="D8"/>
  <move id="665" source="E8" target="E9"/>
  <move id="666" source="D8" target="D7"/>
  <move id="667" source="B7" target="B8"/>
  <move id="668" source="D7" target="D8"/>
  <move id="669" source="B8" target="B7"/>
  <move id="670" source="D8" target="D7"/>
  <move id="671" source="B7" target="B8"/>
  <move id="672" source="F:" target="G:"/>
  <move id="673" source="C2" target="C3"/>
  <move id="674" source="D7" target="E7"/>
  <move id="675" source="C3" target="C4"/>
  <move id="676" source="G:" target="H:"/>
  <move id="677" source="C4" target="D4"/>
  <move id="678" source="E7" target="F7"/>
  <move id="679" source="F8" target="E8"/>
  <move id="680" source="F4" target="G4"/>
  <move id="681" source="D4" target="E4"/>
  <move id="682" source="G4" target="H4"/>
  <move id="683" source="E4" target="F4"/>
  <move id="684" source="H4" target="I4"/>
  <move id="685" source="D3" target="E3"/>
  <move id="686" source="H:" target="H9"/>
  <move id="687" source="E3" target="E4"/>
  <move id="688" source="F7" target="F8"/>
  <move id="689" source="E8" target="E7"/>
  <move id="690" source="H9" target="G9"/>
  <move id="691" source="E4" target="E5"/>
  <move id="692" source="G9" target="F9"/>
  <move id="693" source="E5" target="F5"/>
  <move id="694" source="F9" target="E9"/>
  <move id="695" source="F5" target="F6"/>
  <move id="696" source="I4" target="I5"/>
  <move id="697" source="K7" target="K3"/>
  <move id="698" source="I5" target="I6"/>
  <move id="699" source="K3" target="B3"/>
  <move id="700" source="E9" target="F9"/>
  <move id="701" source="B3" target="B7"/>
  <move id="702" source="I6" target="K6"/>
  <move id="703" source="B7" target="C7"/>
  <move id="704" source="F8" target="E8"/>
  <move id="705" source="E7" target="F7"/>
  <move id="706" source="E8" target="D8"/>
  <move id="707" source="C7" target="C9"/>
  <move id="708" source="D8" target="C8"/>
  <move id="709" source="B8" target="B9"/>
  <move id="710" source="C8" target="C7"/>
  <move id="711" source="F7" target="F8"/>
  <move id="712" source="F9" target="G9"/>
  <move id="713" source="B9" target="C9"/>
  <move id="714" source="C7" target="C8"/>
  <move id="715" source="F6" target="F7"/>
  <move id="716" source="C8" target="C9"/>
  <move id="717" source="F7" target="E7"/>
  <move id="718" source="G9" target="H9"/>
  <move id="719" source="F8" target="G8"/>
  <move id="720" source="C9" target="C8"/>
  <move id="721" source="E7" target="D7"/>
  <move id="722" source="I:" target="H:"/>
  <move id="723" source="H2" target="H3"/>
  <move id="724" source="H:" target="G:"/>
  <move id="725" source="E2" target="E3"/>
  <move id="726" source="G:" target="F:"/>
  <move id="727" source="E3" target="E4"/>
  <move id="728" source="F:" target="F9"/>
  <move id="729" source="G8" target="F8"/>
  <move id="730" source="F9" target="E9"/>
  <move id="731" source="E4" target="E5"/>
  <move id="732" source="H9" target="H8"/>
  <move id="733" source="E5" target="E6"/>
  <move id="734" source="H8" target="H7"/>
  <move id="735" source="E6" target="E7"/>
  <move id="736" source="H7" target="G7"/>
  <move id="737" source="E7" target="E8"/>
  <move id="738" source="E9" target="E8"/>
  <move id="739" source="F8" target="F7"/>
  <move id="740" source="G7" target="G8"/>
  <move id="741" source="E8" target="E7"/>
  <move id="742" source="K6" target="K7"/>
  <move id="743" source="E7" target="E6"/>
  <move id="744" source="K7" target="K8"/>
  <move id="745" source="E6" target="F6"/>
  <move id="746" source="K8" target="K9"/>
  <move id="747" source="H3" target="G3"/>
  <move id="748" source="K9" target="I9"/>
  <move id="749" source="G3" target="F3"/>
  <move id="750" source="I9" target="H9"/>
  <move id="751" source="F3" target="E3"/>
  <move id="752" source="H9" target="G9"/>
  <move id="753" source="E3" target="E4"/>
  <move id="754" source="G8" target="H8"/>
  <move id="755" source="F7" target="F8"/>
  <move id="756" source="H8" target="H7"/>
  <move id="757" source="E4" target="E5"/>
  <move id="758" source="H7" target="G7"/>
  <move id="759" source="E5" target="E6"/>
  <move id="760" source="G9" target="F9"/>
  <move id="761" source="F8" target="F9"/>
  <move id="762" source="G7" target="F7"/>
  <move id="763" source="F9" target="F8"/>
  <move id="764" source="F7" target="E7"/>
  <move id="765" source="E6" target="E5"/>
  <move id="766" source="E7" target="D7"/>
  <move id="767" source="F8" target="E8"/>
  <move id="768" source="C8" target="D8"/>
  <move id="769" source="E8" target="D8"/>
  <move id="770" source="D7" target="E7"/>
  <move id="771" source="E5" target="E4"/>
  <move id="772" source="E7" target="D7"/>
  <move id="773" source="E4" target="E3"/>
  <move id="774" source="D7" target="C7"/>
  <move id="775" source="F4" target="E4"/>
  <move id="776" source="C7" target="B7"/>
  <move id="777" source="B1" target="B2"/>
  <move id="778" source="B7" target="B6"/>
  <move id="779" source="A6" target="A7"/>
  <move id="780" source="B6" target="B7"/>
  <move id="781" source="A7" target="A6"/>
  <move id="782" source="B7" target="C7"/>
  <move id="783" source="E4" target="E5"/>
  <move id="784" source="C7" target="D7"/>
  <move id="785" source="K1" target="K2"/>
  <move id="786" source="D7" target="C7"/>
  <move id="787" source="K2" target="K3"/>
  <move id="788" source="C7" target="B7"/>
  <move id="789" source="K3" target="K4"/>
  <move id="790" source="B7" target="B6"/>
  <move id="791" source="A6" target="A7"/>
  <player id="1">Player 1</player>
  <player id="2">Player 2</player>
  <result type="3" winner="1"/>
 </game>
</stratego>