<?xml version="1.0" encoding="UTF-8"?>
<stratego>
 <game type="classic">
  
  <field content="EDBBMBHGFEDIEBBEEDBDFHJCKIJHDIDGFLHFGDDGAA__AA__AAAA__AA__AAPTXQSPRWPTPVOURTVNRPSNUNTPQPUSQRNYNQPSQN"/>
  <move id="1" source="I4" target="I7"/>
  <move id="2" source="A7" target="A4"/>
  <move id="3" source="I3" target="I8"/>
  <move id="4" source="A8" target="A3"/>
  <move id="5" source="K4" target="K5"/>
  <move id="6" source="E7" target="E6"/>
  <move id="7" source="K5" target="K6"/>
  <move id="8" source="K7" target="K6"/>
  <move id="9" source="H4" target="I4"/>
  <move id="10" source="K6" target="K7"/>
  <move id="11" source="I4" target="I5"/>
  <move id="12" source="K7" target="I7"/>
  <move id="13" source="I5" target="I6"/>
  <move id="14" source="K8" target="K7"/>
  <move id="15" source="K3" target="K4"/>
  <move id="16" source="K7" target="K4"/>
  <move id="17" source="K4" target="K5"/>
  <move id="18" source="I7" target="K7"/>
  <move id="19" source="K5" target="K6"/>
  <move id="20" source="H7" target="I7"/>
  <move id="21" source="I6" target="I7"/>
  <move id="22" source="K7" target="K8"/>
  <move id="23" source="E4" target="E5"/>
  <move id="24" source="E6" target="E7"/>
  <move id="25" source="G4" target="H4"/>
  <move id="26" source="B7" target="B6"/>
  <move id="27" source="K6" target="K5"/>
  <move id="28" source="B6" target="B5"/>
  <move id="29" source="K5" target="K4"/>
  <move id="30" source="B5" target="A5"/>
  <move id="31" source="E5" target="E6"/>
  <move id="32" source="A5" target="A4"/>
  <move id="33" source="D4" target="E4"/>
  <move id="34" source="A4" target="A3"/>
  <move id="35" source="E4" target="E5"/>
  <move id="36" source="A3" target="A4"/>
  <move id="37" source="E6" target="E7"/>
  <move id="38" source="F7" target="F6"/>
  <move id="39" source="E7" target="D7"/>
  <move id="40" source="D8" target="D7"/>
  <move id="41" source="E5" target="E6"/>
  <move id="42" source="F6" target="E6"/>
  <move id="43" source="E6" target="E7"/>
  <move id="44" source="D7" target="D8"/>
  <move id="45" source="E7" target="E8"/>
  <move id="46" source="D8" target="D7"/>
  <move id="47" source="E8" target="E7"/>
  <move id="48" source="D7" target="D8"/>
  <move id="49" source="E7" target="E8"/>
  <move id="50" source="C7" target="D7"/>
  <move id="51" source="E8" target="D8"/>
  <move id="52" source="C8" target="D8"/>
  <move id="53" source="F4" target="F5"/>
  <move id="54" source="D7" target="E7"/>
  <move id="55" source="F5" target="F6"/>
  <move id="56" source="G7" target="F7"/>
  <move id="57" source="F6" target="F7"/>
  <move id="58" source="A4" target="B4"/>
  <move id="59" source="C4" target="D4"/>
  <move id="60" source="B4" target="B5"/>
  <move id="61" source="D4" target="E4"/>
  <move id="62" source="B5" target="B6"/>
  <move id="63" source="E4" target="E5"/>
  <move id="64" source="B6" target="B7"/>
  <move id="65" source="E5" target="E6"/>
  <move id="66" source="E7" target="E6"/>
  <move id="67" source="C3" target="C4"/>
  <move id="68" source="E6" target="E7"/>
  <move id="69" source="H4" target="I4"/>
  <move id="70" source="I7" target="I6"/>
  <move id="71" source="I4" target="H4"/>
  <move id="72" source="I6" target="I5"/>
  <move id="73" source="H4" target="G4"/>
  <move id="74" source="E7" target="E6"/>
  <move id="75" source="C4" target="B4"/>
  <move id="76" source="B7" target="C7"/>
  <move id="77" source="B4" target="B5"/>
  <move id="78" source="B8" target="C8"/>
  <move id="79" source="B5" target="B6"/>
  <move id="80" source="C7" target="D7"/>
  <move id="81" source="B6" target="B7"/>
  <move id="82" source="D7" target="E7"/>
  <move id="83" source="B7" target="C7"/>
  <move id="84" source="C8" target="B8"/>
  <move id="85" source="C7" target="C8"/>
  <move id="86" source="B8" target="B7"/>
  <move id="87" source="C8" target="D8"/>
  <move id="88" source="B7" target="B8"/>
  <move id="89" source="D8" target="D9"/>
  <move id="90" source="G8" target="G7"/>
  <move id="91" source="G4" target="F4"/>
  <move id="92" source="I5" target="I4"/>
  <move id="93" source="K4" target="K3"/>
  <move id="94" source="I4" target="I3"/>
  <move id="95" source="K3" target="K4"/>
  <move id="96" source="I3" target="I4"/>
  <move id="97" source="K4" target="K5"/>
  <move id="98" source="G7" target="H7"/>
  <move id="99" source="F4" target="F5"/>
  <move id="100" source="H7" target="I7"/>
  <move id="101" source="E3" target="E4"/>
  <move id="102" source="F8" target="G8"/>
  <move id="103" source="E4" target="D4"/>
  <move id="104" source="F9" target="F5"/>
  <move id="105" source="D4" target="C4"/>
  <move id="106" source="E7" target="F7"/>
  <move id="107" source="C4" target="B4"/>
  <move id="108" source="E6" target="E7"/>
  <move id="109" source="B4" target="B5"/>
  <move id="110" source="E7" target="D7"/>
  <move id="111" source="B5" target="B6"/>
  <move id="112" source="D7" target="C7"/>
  <move id="113" source="D3" target="E3"/>
  <move id="114" source="I4" target="K4"/>
  <move id="115" source="K5" target="I5"/>
  <move id="116" source="I7" target="I6"/>
  <move id="117" source="E3" target="E4"/>
  <move id="118" source="I6" target="I5"/>
  <move id="119" source="E4" target="E5"/>
  <move id="120" source="C7" target="D7"/>
  <move id="121" source="B6" target="B7"/>
  <move id="122" source="B8" target="B7"/>
  <move id="123" source="B7" target="B8"/>
  <move id="124" source="D7" target="C7"/>
  <player id="1">Player 1</player>
  <player id="2">Player 2</player>
  <result type="3" winner="2"/>
 </game>
</stratego>