<?xml version="1.0" encoding="UTF-8"?>
<stratego>
 <game type="classic">
  
  <field content="IEBMBFFHGEJIEBFBEDDEDLDHBGBDDJIHCGFDKDHGAA__AA__AAAA__AA__AANTSTSUONSTRUWPNTVXUPQNQVPSNQPQPRNRYQRPPP"/>
  <move id="1" source="B4" target="B5"/>
  <move id="2" source="B7" target="B6"/>
  <move id="3" source="B5" target="B6"/>
  <move id="4" source="C7" target="B7"/>
  <move id="5" source="A4" target="B4"/>
  <move id="6" source="B7" target="B6"/>
  <move id="7" source="B4" target="B5"/>
  <move id="8" source="D7" target="C7"/>
  <move id="9" source="B5" target="B6"/>
  <move id="10" source="B8" target="B7"/>
  <move id="11" source="B3" target="B4"/>
  <move id="12" source="C8" target="B8"/>
  <move id="13" source="B4" target="B5"/>
  <move id="14" source="C7" target="C8"/>
  <move id="15" source="A3" target="A7"/>
  <move id="16" source="B7" target="C7"/>
  <move id="17" source="C3" target="B3"/>
  <move id="18" source="E7" target="E6"/>
  <move id="19" source="B3" target="B4"/>
  <move id="20" source="F7" target="F6"/>
  <move id="21" source="C2" target="C3"/>
  <move id="22" source="C7" target="D7"/>
  <move id="23" source="C3" target="B3"/>
  <move id="24" source="D7" target="E7"/>
  <move id="25" source="B3" target="A3"/>
  <move id="26" source="E6" target="E5"/>
  <move id="27" source="A3" target="A4"/>
  <move id="28" source="F6" target="F5"/>
  <move id="29" source="A4" target="A5"/>
  <move id="30" source="E7" target="E6"/>
  <move id="31" source="A5" target="A6"/>
  <move id="32" source="B8" target="B7"/>
  <move id="33" source="A6" target="A7"/>
  <move id="34" source="B7" target="B6"/>
  <move id="35" source="B5" target="B6"/>
  <move id="36" source="A8" target="A7"/>
  <move id="37" source="B4" target="A4"/>
  <move id="38" source="F5" target="F4"/>
  <move id="39" source="E4" target="E5"/>
  <move id="40" source="F4" target="G4"/>
  <move id="41" source="G4" target="F4"/>
  <move id="42" source="I7" target="I6"/>
  <move id="43" source="D4" target="E4"/>
  <move id="44" source="I6" target="I5"/>
  <move id="45" source="E4" target="E5"/>
  <move id="46" source="I8" target="I7"/>
  <move id="47" source="F4" target="E4"/>
  <move id="48" source="E6" target="F6"/>
  <move id="49" source="H4" target="F4"/>
  <move id="50" source="G7" target="F7"/>
  <move id="51" source="D3" target="C3"/>
  <move id="52" source="F7" target="E7"/>
  <move id="53" source="C3" target="B3"/>
  <move id="54" source="E7" target="D7"/>
  <move id="55" source="B3" target="B4"/>
  <move id="56" source="C8" target="B8"/>
  <move id="57" source="B4" target="B5"/>
  <move id="58" source="D7" target="C7"/>
  <move id="59" source="B5" target="A5"/>
  <move id="60" source="C7" target="B7"/>
  <move id="61" source="B6" target="B5"/>
  <move id="62" source="G8" target="G7"/>
  <move id="63" source="A5" target="A6"/>
  <move id="64" source="H8" target="G8"/>
  <move id="65" source="A6" target="A7"/>
  <move id="66" source="B7" target="C7"/>
  <move id="67" source="B5" target="B6"/>
  <move id="68" source="G7" target="F7"/>
  <move id="69" source="A7" target="B7"/>
  <move id="70" source="B8" target="B7"/>
  <move id="71" source="A4" target="A7"/>
  <move id="72" source="C7" target="C8"/>
  <move id="73" source="A7" target="A8"/>
  <move id="74" source="A9" target="A8"/>
  <move id="75" source="B2" target="B3"/>
  <move id="76" source="D8" target="D7"/>
  <move id="77" source="B3" target="A3"/>
  <move id="78" source="D7" target="C7"/>
  <move id="79" source="A3" target="A4"/>
  <move id="80" source="F7" target="E7"/>
  <move id="81" source="A4" target="A5"/>
  <move id="82" source="A8" target="B8"/>
  <move id="83" source="A5" target="A6"/>
  <move id="84" source="E7" target="D7"/>
  <move id="85" source="A6" target="A7"/>
  <move id="86" source="C7" target="A7"/>
  <move id="87" source="A7" target="A8"/>
  <move id="88" source="D7" target="C7"/>
  <move id="89" source="A8" target="B8"/>
  <move id="90" source="C8" target="D8"/>
  <move id="91" source="B8" target="B7"/>
  <move id="92" source="C7" target="D7"/>
  <move id="93" source="B7" target="C7"/>
  <move id="94" source="D7" target="C7"/>
  <move id="95" source="B6" target="B7"/>
  <move id="96" source="C7" target="C8"/>
  <move id="97" source="B7" target="C7"/>
  <move id="98" source="C8" target="B8"/>
  <move id="99" source="C7" target="B7"/>
  <move id="100" source="B8" target="C8"/>
  <move id="101" source="B7" target="C7"/>
  <move id="102" source="G8" target="G7"/>
  <move id="103" source="E4" target="D4"/>
  <move id="104" source="G7" target="F7"/>
  <move id="105" source="D4" target="D3"/>
  <move id="106" source="F7" target="E7"/>
  <move id="107" source="D3" target="C3"/>
  <move id="108" source="C8" target="B8"/>
  <move id="109" source="C3" target="B3"/>
  <move id="110" source="E7" target="E6"/>
  <move id="111" source="B3" target="B4"/>
  <move id="112" source="E6" target="E5"/>
  <move id="113" source="F4" target="E4"/>
  <move id="114" source="E5" target="E4"/>
  <move id="115" source="B4" target="B5"/>
  <move id="116" source="F6" target="F5"/>
  <move id="117" source="B5" target="B6"/>
  <move id="118" source="F5" target="F4"/>
  <move id="119" source="B6" target="B7"/>
  <move id="120" source="B8" target="C8"/>
  <move id="121" source="B7" target="B8"/>
  <move id="122" source="D8" target="D7"/>
  <move id="123" source="C7" target="D7"/>
  <move id="124" source="F4" target="F3"/>
  <move id="125" source="B8" target="C8"/>
  <move id="126" source="F3" target="G3"/>
  <move id="127" source="I4" target="I5"/>
  <move id="128" source="I7" target="I6"/>
  <move id="129" source="I5" target="I6"/>
  <move id="130" source="I6" target="K6"/>
  <move id="131" source="D7" target="E7"/>
  <move id="132" source="E4" target="E3"/>
  <move id="133" source="E7" target="E6"/>
  <player id="1">Player 1</player>
  <player id="2">Player 2</player>
  <result type="3" winner="1"/>
 </game>
</stratego>