<?xml version="1.0" encoding="UTF-8"?>
<stratego>
 <game type="classic">
  
  <field content="DFDDBFDEEMHDHEFBEHHGEDCGBFBJLKIGDDIBBJGIAA__AA__AAAA__AA__AAUSVXRSWVPTQTQNUQOQTUPPSYQPNNPPPNRTPNRNSR"/>
  <move id="1" source="E4" target="E5"/>
  <move id="2" source="K7" target="K6"/>
  <move id="3" source="E5" target="E6"/>
  <move id="4" source="F7" target="F6"/>
  <move id="5" source="A4" target="A5"/>
  <move id="6" source="F6" target="F5"/>
  <move id="7" source="D4" target="E4"/>
  <move id="8" source="F5" target="E5"/>
  <move id="9" source="E6" target="E5"/>
  <move id="10" source="F8" target="F7"/>
  <move id="11" source="E5" target="E6"/>
  <move id="12" source="F7" target="F6"/>
  <move id="13" source="E4" target="E5"/>
  <move id="14" source="I7" target="I6"/>
  <move id="15" source="A5" target="A6"/>
  <move id="16" source="I6" target="I5"/>
  <move id="17" source="B4" target="B5"/>
  <move id="18" source="G7" target="F7"/>
  <move id="19" source="B5" target="A5"/>
  <move id="20" source="I5" target="I4"/>
  <move id="21" source="K4" target="K5"/>
  <move id="22" source="K6" target="K5"/>
  <move id="23" source="B3" target="B7"/>
  <move id="24" source="F6" target="F5"/>
  <move id="25" source="C4" target="B4"/>
  <move id="26" source="F7" target="F6"/>
  <move id="27" source="E6" target="E7"/>
  <move id="28" source="F6" target="E6"/>
  <move id="29" source="E7" target="D7"/>
  <move id="30" source="E6" target="E5"/>
  <move id="31" source="K5" target="K6"/>
  <move id="32" source="E5" target="E4"/>
  <move id="33" source="K6" target="K7"/>
  <move id="34" source="E4" target="E3"/>
  <move id="35" source="B4" target="C4"/>
  <move id="36" source="F5" target="F4"/>
  <move id="37" source="F3" target="F4"/>
  <move id="38" source="E8" target="E7"/>
  <move id="39" source="I4" target="I5"/>
  <move id="40" source="E7" target="E6"/>
  <move id="41" source="I5" target="I6"/>
  <move id="42" source="E6" target="E5"/>
  <move id="43" source="I6" target="I7"/>
  <move id="44" source="E5" target="E4"/>
  <move id="45" source="I7" target="H7"/>
  <move id="46" source="H7" target="I7"/>
  <move id="47" source="K7" target="K8"/>
  <move id="48" source="E4" target="F4"/>
  <move id="49" source="K3" target="K4"/>
  <move id="50" source="E9" target="E8"/>
  <move id="51" source="K4" target="K5"/>
  <move id="52" source="E8" target="E7"/>
  <move id="53" source="K5" target="K6"/>
  <move id="54" source="E7" target="E6"/>
  <move id="55" source="K6" target="K7"/>
  <move id="56" source="E6" target="E5"/>
  <move id="57" source="K7" target="I7"/>
  <move id="58" source="E5" target="E4"/>
  <move id="59" source="I7" target="H7"/>
  <move id="60" source="E4" target="E3"/>
  <move id="61" source="E2" target="E3"/>
  <move id="62" source="F4" target="F3"/>
  <move id="63" source="E3" target="E4"/>
  <move id="64" source="D7" target="E7"/>
  <move id="65" source="I3" target="I4"/>
  <move id="66" source="E7" target="E6"/>
  <move id="67" source="I4" target="I5"/>
  <move id="68" source="E6" target="E5"/>
  <move id="69" source="C4" target="B4"/>
  <move id="70" source="F3" target="E3"/>
  <move id="71" source="E4" target="F4"/>
  <move id="72" source="E3" target="F3"/>
  <move id="73" source="A6" target="A7"/>
  <move id="74" source="F3" target="F4"/>
  <move id="75" source="H4" target="I4"/>
  <move id="76" source="E5" target="E4"/>
  <move id="77" source="I4" target="K4"/>
  <move id="78" source="E4" target="E3"/>
  <move id="79" source="K4" target="K5"/>
  <move id="80" source="F4" target="F3"/>
  <move id="81" source="K5" target="K6"/>
  <move id="82" source="F3" target="G3"/>
  <move id="83" source="H7" target="G7"/>
  <move id="84" source="F9" target="F2"/>
  <move id="85" source="I5" target="I6"/>
  <move id="86" source="C7" target="D7"/>
  <move id="87" source="G7" target="F7"/>
  <move id="88" source="E:" target="E4"/>
  <move id="89" source="F7" target="E7"/>
  <move id="90" source="D7" target="C7"/>
  <move id="91" source="E7" target="D7"/>
  <move id="92" source="H8" target="H7"/>
  <move id="93" source="I6" target="I7"/>
  <move id="94" source="H7" target="G7"/>
  <move id="95" source="I7" target="H7"/>
  <move id="96" source="G7" target="F7"/>
  <move id="97" source="H7" target="G7"/>
  <move id="98" source="F7" target="F6"/>
  <move id="99" source="G7" target="F7"/>
  <move id="100" source="F6" target="F5"/>
  <move id="101" source="F7" target="F6"/>
  <move id="102" source="F5" target="F4"/>
  <move id="103" source="F6" target="F5"/>
  <move id="104" source="F4" target="F3"/>
  <move id="105" source="F5" target="F4"/>
  <move id="106" source="F3" target="F2"/>
  <move id="107" source="F4" target="F3"/>
  <move id="108" source="F2" target="G2"/>
  <move id="109" source="F3" target="E3"/>
  <move id="110" source="E4" target="F4"/>
  <move id="111" source="H2" target="G2"/>
  <move id="112" source="F4" target="F1"/>
  <move id="113" source="D7" target="C7"/>
  <move id="114" source="B7" target="B6"/>
  <move id="115" source="I2" target="I3"/>
  <move id="116" source="B8" target="B7"/>
  <move id="117" source="C7" target="B7"/>
  <move id="118" source="A8" target="A7"/>
  <move id="119" source="B7" target="B6"/>
  <move id="120" source="C8" target="C7"/>
  <move id="121" source="B6" target="B7"/>
  <move id="122" source="C7" target="D7"/>
  <move id="123" source="B7" target="A7"/>
  <move id="124" source="D7" target="E7"/>
  <move id="125" source="G2" target="H2"/>
  <move id="126" source="E7" target="E6"/>
  <move id="127" source="H2" target="I2"/>
  <move id="128" source="E6" target="E5"/>
  <move id="129" source="H3" target="H2"/>
  <move id="130" source="E5" target="E4"/>
  <move id="131" source="H2" target="G2"/>
  <move id="132" source="E4" target="E3"/>
  <move id="133" source="G2" target="F2"/>
  <move id="134" source="B9" target="B8"/>
  <move id="135" source="F2" target="E2"/>
  <move id="136" source="E3" target="F3"/>
  <move id="137" source="K6" target="K7"/>
  <move id="138" source="B8" target="C8"/>
  <move id="139" source="A7" target="B7"/>
  <move id="140" source="A9" target="A8"/>
  <move id="141" source="A5" target="A6"/>
  <move id="142" source="A8" target="B8"/>
  <move id="143" source="B7" target="C7"/>
  <move id="144" source="I8" target="K8"/>
  <move id="145" source="C7" target="C8"/>
  <move id="146" source="B8" target="B7"/>
  <move id="147" source="C8" target="C7"/>
  <move id="148" source="B7" target="B8"/>
  <move id="149" source="A6" target="A7"/>
  <move id="150" source="B8" target="B6"/>
  <move id="151" source="A7" target="A8"/>
  <move id="152" source="I9" target="I8"/>
  <move id="153" source="A8" target="A9"/>
  <move id="154" source="I8" target="H8"/>
  <move id="155" source="A9" target="A:"/>
  <move id="156" source="H8" target="H7"/>
  <move id="157" source="A:" target="B:"/>
  <move id="158" source="H7" target="E7"/>
  <move id="159" source="C7" target="D7"/>
  <move id="160" source="E7" target="E2"/>
  <move id="161" source="K7" target="K8"/>
  <move id="162" source="F3" target="G3"/>
  <move id="163" source="D7" target="E7"/>
  <move id="164" source="G3" target="G4"/>
  <move id="165" source="E7" target="F7"/>
  <move id="166" source="G4" target="G3"/>
  <move id="167" source="F7" target="G7"/>
  <move id="168" source="G3" target="G2"/>
  <move id="169" source="K8" target="K9"/>
  <move id="170" source="G2" target="G1"/>
  <move id="171" source="K9" target="K:"/>
  <move id="172" source="G1" target="F1"/>
  <move id="173" source="G7" target="F7"/>
  <move id="174" source="I:" target="I9"/>
  <move id="175" source="F7" target="F8"/>
  <move id="176" source="I9" target="I8"/>
  <move id="177" source="F8" target="F9"/>
  <move id="178" source="I8" target="I7"/>
  <move id="179" source="F9" target="E9"/>
  <move id="180" source="I7" target="I6"/>
  <move id="181" source="E9" target="D9"/>
  <player id="1">Player 1</player>
  <player id="2">Player 2</player>
  <result type="1" winner="1"/>
 </game>
</stratego>