<?xml version="1.0" encoding="UTF-8"?>
<stratego>
 <game type="classic">
  
  <field content="FDDEDDGEDDBFBHIEIGEHFBBMLDCIDEBBFJHGJKGHAA__AA__AAAA__AA__AAPSRURPXSPQQQRRSTOTVQWUPQPTSNVPTNPYUNNNPN"/>
  <move id="1" source="E4" target="E5"/>
  <move id="2" source="I7" target="I4"/>
  <move id="3" source="K4" target="K5"/>
  <move id="4" source="H7" target="I7"/>
  <move id="5" source="E5" target="E6"/>
  <move id="6" source="I7" target="I6"/>
  <move id="7" source="K5" target="K6"/>
  <move id="8" source="I6" target="K6"/>
  <move id="9" source="K3" target="K4"/>
  <move id="10" source="I8" target="I7"/>
  <move id="11" source="K4" target="K5"/>
  <move id="12" source="I7" target="I6"/>
  <move id="13" source="K6" target="I6"/>
  <move id="14" source="I6" target="I5"/>
  <move id="15" source="K5" target="K6"/>
  <move id="16" source="I5" target="I4"/>
  <move id="17" source="H4" target="I4"/>
  <move id="18" source="H8" target="I8"/>
  <move id="19" source="F4" target="F5"/>
  <move id="20" source="I8" target="I7"/>
  <move id="21" source="G4" target="F4"/>
  <move id="22" source="I7" target="I6"/>
  <move id="23" source="K6" target="K7"/>
  <move id="24" source="I6" target="I5"/>
  <move id="25" source="I4" target="H4"/>
  <move id="26" source="I5" target="I4"/>
  <move id="27" source="H4" target="G4"/>
  <move id="28" source="I4" target="H4"/>
  <move id="29" source="F5" target="F6"/>
  <move id="30" source="E7" target="E6"/>
  <move id="31" source="I3" target="I4"/>
  <move id="32" source="D7" target="E7"/>
  <move id="33" source="E6" target="E5"/>
  <move id="34" source="E7" target="E6"/>
  <move id="35" source="F4" target="F5"/>
  <move id="36" source="F7" target="F6"/>
  <move id="37" source="E3" target="E4"/>
  <move id="38" source="F8" target="F7"/>
  <move id="39" source="I4" target="H4"/>
  <move id="40" source="H4" target="H3"/>
  <move id="41" source="K2" target="K3"/>
  <move id="42" source="F7" target="F6"/>
  <move id="43" source="E5" target="E6"/>
  <move id="44" source="F6" target="F5"/>
  <move id="45" source="F5" target="F6"/>
  <move id="46" source="E6" target="E7"/>
  <move id="47" source="F6" target="F7"/>
  <move id="48" source="G7" target="F7"/>
  <move id="49" source="G4" target="H4"/>
  <move id="50" source="F7" target="G7"/>
  <move id="51" source="E4" target="E5"/>
  <move id="52" source="E7" target="F7"/>
  <move id="53" source="E5" target="E6"/>
  <move id="54" source="E8" target="E7"/>
  <move id="55" source="E6" target="E7"/>
  <move id="56" source="F7" target="F8"/>
  <move id="57" source="H4" target="I4"/>
  <move id="58" source="K8" target="I8"/>
  <move id="59" source="I4" target="I5"/>
  <move id="60" source="K9" target="K8"/>
  <move id="61" source="I5" target="I6"/>
  <move id="62" source="K8" target="K7"/>
  <move id="63" source="E7" target="F7"/>
  <move id="64" source="G7" target="H7"/>
  <move id="65" source="F7" target="F8"/>
  <move id="66" source="G8" target="F8"/>
  <move id="67" source="F3" target="F8"/>
  <move id="68" source="F9" target="F8"/>
  <move id="69" source="I6" target="K6"/>
  <move id="70" source="H7" target="I7"/>
  <move id="71" source="G3" target="G4"/>
  <move id="72" source="K7" target="K6"/>
  <move id="73" source="G4" target="H4"/>
  <move id="74" source="I7" target="I6"/>
  <move id="75" source="K6" target="K7"/>
  <move id="76" source="I6" target="I7"/>
  <move id="77" source="K7" target="K8"/>
  <move id="78" source="I8" target="H8"/>
  <move id="79" source="H4" target="I4"/>
  <move id="80" source="E9" target="E2"/>
  <move id="81" source="I4" target="I5"/>
  <move id="82" source="F8" target="F7"/>
  <move id="83" source="E2" target="E3"/>
  <move id="84" source="H8" target="H7"/>
  <move id="85" source="E3" target="F3"/>
  <move id="86" source="F7" target="F6"/>
  <move id="87" source="F3" target="F4"/>
  <move id="88" source="F6" target="F5"/>
  <move id="89" source="F4" target="F5"/>
  <move id="90" source="A7" target="A4"/>
  <move id="91" source="F5" target="F6"/>
  <move id="92" source="A8" target="A7"/>
  <move id="93" source="F6" target="F7"/>
  <move id="94" source="A7" target="A6"/>
  <move id="95" source="F7" target="F8"/>
  <move id="96" source="D8" target="E8"/>
  <move id="97" source="F8" target="E8"/>
  <move id="98" source="A6" target="A5"/>
  <move id="99" source="E1" target="E7"/>
  <move id="100" source="A5" target="A4"/>
  <move id="101" source="A3" target="A4"/>
  <move id="102" source="A9" target="A8"/>
  <move id="103" source="E7" target="C7"/>
  <move id="104" source="A8" target="A7"/>
  <move id="105" source="E8" target="E7"/>
  <move id="106" source="A7" target="A6"/>
  <move id="107" source="E7" target="D7"/>
  <move id="108" source="B7" target="A7"/>
  <move id="109" source="F2" target="F3"/>
  <move id="110" source="I9" target="I8"/>
  <move id="111" source="D7" target="C7"/>
  <move id="112" source="I8" target="H8"/>
  <move id="113" source="C7" target="D7"/>
  <move id="114" source="H8" target="G8"/>
  <move id="115" source="D7" target="D8"/>
  <move id="116" source="G8" target="F8"/>
  <move id="117" source="D8" target="D9"/>
  <move id="118" source="F8" target="F7"/>
  <move id="119" source="F3" target="E3"/>
  <move id="120" source="F7" target="F6"/>
  <move id="121" source="F1" target="F6"/>
  <move id="122" source="F6" target="F5"/>
  <move id="123" source="D4" target="E4"/>
  <move id="124" source="C8" target="C7"/>
  <move id="125" source="E4" target="F4"/>
  <move id="126" source="F5" target="F6"/>
  <move id="127" source="F4" target="F5"/>
  <move id="128" source="F6" target="F7"/>
  <move id="129" source="F5" target="F6"/>
  <move id="130" source="F7" target="F8"/>
  <move id="131" source="F6" target="F7"/>
  <move id="132" source="F8" target="E8"/>
  <move id="133" source="F7" target="E7"/>
  <move id="134" source="E8" target="E9"/>
  <move id="135" source="D9" target="D8"/>
  <move id="136" source="C7" target="D7"/>
  <move id="137" source="E7" target="E8"/>
  <move id="138" source="E9" target="D9"/>
  <move id="139" source="D8" target="C8"/>
  <move id="140" source="A6" target="B6"/>
  <move id="141" source="E3" target="E4"/>
  <move id="142" source="B6" target="B7"/>
  <move id="143" source="E4" target="E5"/>
  <move id="144" source="B8" target="A8"/>
  <move id="145" source="E5" target="F5"/>
  <move id="146" source="B7" target="B8"/>
  <move id="147" source="F5" target="F6"/>
  <move id="148" source="B8" target="C8"/>
  <move id="149" source="F6" target="F7"/>
  <move id="150" source="C8" target="D8"/>
  <move id="151" source="E8" target="E9"/>
  <move id="152" source="D9" target="E9"/>
  <move id="153" source="F7" target="G7"/>
  <move id="154" source="D8" target="E8"/>
  <move id="155" source="G7" target="G8"/>
  <move id="156" source="E8" target="E7"/>
  <move id="157" source="G8" target="G9"/>
  <move id="158" source="E7" target="E6"/>
  <move id="159" source="A4" target="A5"/>
  <move id="160" source="B9" target="B8"/>
  <move id="161" source="A5" target="A6"/>
  <move id="162" source="A7" target="B7"/>
  <move id="163" source="A6" target="A7"/>
  <move id="164" source="B7" target="C7"/>
  <move id="165" source="A7" target="A8"/>
  <move id="166" source="B8" target="A8"/>
  <move id="167" source="K3" target="K4"/>
  <move id="168" source="E6" target="E5"/>
  <move id="169" source="K4" target="K5"/>
  <move id="170" source="C9" target="D9"/>
  <move id="171" source="K5" target="K6"/>
  <move id="172" source="D9" target="E9"/>
  <move id="173" source="K6" target="K7"/>
  <move id="174" source="I7" target="I8"/>
  <move id="175" source="K8" target="K9"/>
  <move id="176" source="E9" target="E8"/>
  <move id="177" source="I5" target="I6"/>
  <move id="178" source="E8" target="E7"/>
  <move id="179" source="K7" target="I7"/>
  <move id="180" source="I8" target="H8"/>
  <move id="181" source="K9" target="I9"/>
  <move id="182" source="H7" target="I7"/>
  <move id="183" source="I7" target="K7"/>
  <move id="184" source="H8" target="I8"/>
  <move id="185" source="I9" target="K9"/>
  <move id="186" source="E5" target="E4"/>
  <move id="187" source="K7" target="I7"/>
  <move id="188" source="G9" target="G8"/>
  <move id="189" source="I7" target="H7"/>
  <move id="190" source="E4" target="F4"/>
  <move id="191" source="H7" target="G7"/>
  <move id="192" source="G8" target="G7"/>
  <move id="193" source="I6" target="K6"/>
  <move id="194" source="F4" target="G4"/>
  <move id="195" source="G7" target="G8"/>
  <move id="196" source="I8" target="H8"/>
  <move id="197" source="G8" target="G9"/>
  <move id="198" source="H8" target="G8"/>
  <move id="199" source="G9" target="F9"/>
  <move id="200" source="G8" target="F8"/>
  <move id="201" source="F9" target="F:"/>
  <move id="202" source="F8" target="G8"/>
  <move id="203" source="K9" target="K8"/>
  <move id="204" source="G8" target="H8"/>
  <move id="205" source="K8" target="K7"/>
  <move id="206" source="H8" target="I8"/>
  <move id="207" source="K6" target="I6"/>
  <move id="208" source="G4" target="H4"/>
  <move id="209" source="K7" target="I7"/>
  <move id="210" source="I8" target="H8"/>
  <move id="211" source="K1" target="K:"/>
  <move id="212" source="H4" target="I4"/>
  <move id="213" source="I6" target="K6"/>
  <move id="214" source="H8" target="H7"/>
  <move id="215" source="K6" target="K7"/>
  <move id="216" source="I4" target="K4"/>
  <move id="217" source="I7" target="I8"/>
  <move id="218" source="H7" target="H8"/>
  <move id="219" source="K7" target="I7"/>
  <move id="220" source="E7" target="I7"/>
  <move id="221" source="I8" target="I7"/>
  <move id="222" source="H8" target="H7"/>
  <move id="223" source="I7" target="I6"/>
  <move id="224" source="K4" target="I4"/>
  <move id="225" source="I6" target="I5"/>
  <move id="226" source="I4" target="H4"/>
  <move id="227" source="I5" target="I4"/>
  <move id="228" source="H4" target="G4"/>
  <move id="229" source="I4" target="H4"/>
  <move id="230" source="G4" target="F4"/>
  <move id="231" source="H4" target="G4"/>
  <move id="232" source="F4" target="F5"/>
  <move id="233" source="G4" target="F4"/>
  <move id="234" source="F5" target="F6"/>
  <move id="235" source="F4" target="F5"/>
  <move id="236" source="F6" target="F7"/>
  <move id="237" source="F5" target="F6"/>
  <move id="238" source="F7" target="F8"/>
  <move id="239" source="F6" target="F7"/>
  <move id="240" source="F8" target="G8"/>
  <move id="241" source="F7" target="E7"/>
  <move id="242" source="H7" target="G7"/>
  <move id="243" source="E7" target="D7"/>
  <move id="244" source="G7" target="F7"/>
  <move id="245" source="D7" target="C7"/>
  <move id="246" source="F7" target="E7"/>
  <move id="247" source="C7" target="C8"/>
  <move id="248" source="E7" target="D7"/>
  <move id="249" source="C8" target="C9"/>
  <move id="250" source="D7" target="D8"/>
  <move id="251" source="I2" target="I3"/>
  <move id="252" source="E:" target="E9"/>
  <move id="253" source="I3" target="I4"/>
  <move id="254" source="E9" target="E8"/>
  <move id="255" source="I4" target="I5"/>
  <move id="256" source="E8" target="E7"/>
  <move id="257" source="I5" target="I6"/>
  <move id="258" source="G8" target="H8"/>
  <move id="259" source="I6" target="I7"/>
  <move id="260" source="E7" target="E6"/>
  <move id="261" source="G2" target="G3"/>
  <move id="262" source="E6" target="E5"/>
  <move id="263" source="G3" target="G4"/>
  <move id="264" source="E5" target="F5"/>
  <move id="265" source="G4" target="F4"/>
  <move id="266" source="F5" target="F6"/>
  <move id="267" source="F4" target="F5"/>
  <move id="268" source="F6" target="F5"/>
  <move id="269" source="I1" target="I2"/>
  <move id="270" source="A8" target="B8"/>
  <move id="271" source="I2" target="I3"/>
  <move id="272" source="B8" target="B7"/>
  <move id="273" source="I3" target="K3"/>
  <move id="274" source="B7" target="C7"/>
  <move id="275" source="K3" target="K4"/>
  <move id="276" source="C7" target="D7"/>
  <move id="277" source="K4" target="K5"/>
  <move id="278" source="D7" target="E7"/>
  <move id="279" source="K5" target="K6"/>
  <move id="280" source="E7" target="F7"/>
  <move id="281" source="I7" target="I6"/>
  <move id="282" source="H8" target="H7"/>
  <move id="283" source="I6" target="I5"/>
  <move id="284" source="H7" target="I7"/>
  <move id="285" source="I5" target="I4"/>
  <move id="286" source="I7" target="I6"/>
  <move id="287" source="K6" target="K7"/>
  <move id="288" source="I6" target="I7"/>
  <move id="289" source="K7" target="K8"/>
  <move id="290" source="I7" target="H7"/>
  <move id="291" source="D1" target="E1"/>
  <move id="292" source="I:" target="I4"/>
  <move id="293" source="K8" target="I8"/>
  <move id="294" source="H7" target="H8"/>
  <move id="295" source="I8" target="I:"/>
  <move id="296" source="H8" target="I8"/>
  <move id="297" source="I:" target="H:"/>
  <move id="298" source="I8" target="I7"/>
  <move id="299" source="E1" target="E2"/>
  <move id="300" source="I7" target="H7"/>
  <move id="301" source="E2" target="E3"/>
  <move id="302" source="H7" target="I7"/>
  <move id="303" source="E3" target="E4"/>
  <move id="304" source="A:" target="A9"/>
  <move id="305" source="H3" target="G3"/>
  <move id="306" source="A9" target="A8"/>
  <move id="307" source="G3" target="G4"/>
  <move id="308" source="A8" target="A7"/>
  <move id="309" source="G4" target="F4"/>
  <move id="310" source="A7" target="A6"/>
  <move id="311" source="F4" target="F5"/>
  <move id="312" source="A6" target="A5"/>
  <move id="313" source="F5" target="F6"/>
  <move id="314" source="F7" target="F8"/>
  <move id="315" source="F6" target="F7"/>
  <move id="316" source="F8" target="F9"/>
  <move id="317" source="F7" target="F8"/>
  <move id="318" source="F9" target="E9"/>
  <move id="319" source="E4" target="E5"/>
  <move id="320" source="I7" target="H7"/>
  <move id="321" source="I4" target="I5"/>
  <move id="322" source="H7" target="G7"/>
  <move id="323" source="I5" target="I6"/>
  <move id="324" source="G7" target="H7"/>
  <move id="325" source="F8" target="F9"/>
  <move id="326" source="E9" target="F9"/>
  <move id="327" source="E5" target="E6"/>
  <move id="328" source="H7" target="G7"/>
  <move id="329" source="I6" target="I7"/>
  <move id="330" source="G7" target="G8"/>
  <move id="331" source="I7" target="I8"/>
  <move id="332" source="G8" target="H8"/>
  <move id="333" source="I8" target="I9"/>
  <move id="334" source="H8" target="G8"/>
  <move id="335" source="E6" target="E7"/>
  <move id="336" source="D8" target="D9"/>
  <move id="337" source="C9" target="C:"/>
  <move id="338" source="D9" target="D8"/>
  <move id="339" source="I9" target="H9"/>
  <move id="340" source="G8" target="G9"/>
  <move id="341" source="H9" target="H:"/>
  <move id="342" source="D8" target="E8"/>
  <move id="343" source="E7" target="D7"/>
  <move id="344" source="E8" target="D8"/>
  <move id="345" source="D7" target="C7"/>
  <move id="346" source="A5" target="A6"/>
  <move id="347" source="C1" target="F1"/>
  <move id="348" source="A6" target="A7"/>
  <move id="349" source="F1" target="F:"/>
  <move id="350" source="A7" target="B7"/>
  <move id="351" source="H:" target="G:"/>
  <move id="352" source="G9" target="G:"/>
  <move id="353" source="H1" target="I1"/>
  <move id="354" source="B7" target="C7"/>
  <move id="355" source="C:" target="C9"/>
  <move id="356" source="C7" target="D7"/>
  <move id="357" source="D2" target="E2"/>
  <move id="358" source="D7" target="E7"/>
  <move id="359" source="E2" target="E3"/>
  <move id="360" source="D8" target="D9"/>
  <move id="361" source="C9" target="C8"/>
  <move id="362" source="G:" target="G9"/>
  <move id="363" source="I1" target="I2"/>
  <move id="364" source="G9" target="G8"/>
  <move id="365" source="I2" target="I3"/>
  <move id="366" source="G8" target="G7"/>
  <move id="367" source="I3" target="I4"/>
  <move id="368" source="G7" target="H7"/>
  <move id="369" source="E3" target="E4"/>
  <move id="370" source="H7" target="G7"/>
  <move id="371" source="I4" target="I5"/>
  <move id="372" source="G7" target="H7"/>
  <move id="373" source="E4" target="E5"/>
  <move id="374" source="E7" target="E8"/>
  <move id="375" source="E5" target="E6"/>
  <move id="376" source="E8" target="E7"/>
  <move id="377" source="E6" target="E7"/>
  <move id="378" source="D9" target="E9"/>
  <move id="379" source="B1" target="C1"/>
  <move id="380" source="H7" target="G7"/>
  <move id="381" source="C1" target="D1"/>
  <move id="382" source="G7" target="F7"/>
  <move id="383" source="D1" target="E1"/>
  <move id="384" source="F7" target="F6"/>
  <move id="385" source="I5" target="I6"/>
  <move id="386" source="F6" target="F5"/>
  <move id="387" source="I6" target="I7"/>
  <move id="388" source="F5" target="F4"/>
  <move id="389" source="I7" target="I8"/>
  <move id="390" source="F4" target="E4"/>
  <move id="391" source="I8" target="I9"/>
  <move id="392" source="E4" target="E3"/>
  <move id="393" source="I9" target="I:"/>
  <move id="394" source="E3" target="D3"/>
  <player id="1">Player 1</player>
  <player id="2">Player 2</player>
  <result type="1" winner="2"/>
 </game>
</stratego>