<?xml version="1.0" encoding="UTF-8"?>
<stratego>
 <game type="classic">
  
  <field content="EBEFBGBMBHDEICDFHBELFDJKIBEJDIGDHDGDHGDFAA__AA__AAAA__AA__AAQPTPRSUSPSNSVPTXRTUPPRNNNQVPPWUQNRYNQOTQ"/>
  <move id="1" source="B4" target="B5"/>
  <move id="2" source="B7" target="B6"/>
  <move id="3" source="B5" target="B6"/>
  <move id="4" source="B8" target="B7"/>
  <move id="5" source="C4" target="B4"/>
  <move id="6" source="B7" target="B6"/>
  <move id="7" source="B4" target="B5"/>
  <move id="8" source="B6" target="B7"/>
  <move id="9" source="B5" target="B6"/>
  <move id="10" source="E7" target="E6"/>
  <move id="11" source="F4" target="F5"/>
  <move id="12" source="D7" target="E7"/>
  <move id="13" source="G4" target="F4"/>
  <move id="14" source="E6" target="E5"/>
  <move id="15" source="F5" target="F6"/>
  <move id="16" source="E7" target="E6"/>
  <move id="17" source="B6" target="A6"/>
  <move id="18" source="I7" target="I6"/>
  <move id="19" source="C3" target="C4"/>
  <move id="20" source="I6" target="I5"/>
  <move id="21" source="C4" target="B4"/>
  <move id="22" source="I8" target="I7"/>
  <move id="23" source="B4" target="B5"/>
  <move id="24" source="I7" target="I6"/>
  <move id="25" source="B5" target="A5"/>
  <move id="26" source="B7" target="B6"/>
  <move id="27" source="A6" target="B6"/>
  <move id="28" source="C7" target="B7"/>
  <move id="29" source="B6" target="A6"/>
  <move id="30" source="B9" target="B8"/>
  <move id="31" source="A5" target="B5"/>
  <move id="32" source="D8" target="D7"/>
  <move id="33" source="B5" target="B6"/>
  <move id="34" source="D7" target="C7"/>
  <move id="35" source="K4" target="K5"/>
  <move id="36" source="I9" target="I8"/>
  <move id="37" source="K3" target="K4"/>
  <move id="38" source="I8" target="I7"/>
  <move id="39" source="I3" target="K3"/>
  <move id="40" source="I5" target="I4"/>
  <move id="41" source="K5" target="K6"/>
  <move id="42" source="I6" target="K6"/>
  <move id="43" source="K3" target="I3"/>
  <move id="44" source="I7" target="I6"/>
  <move id="45" source="I3" target="I4"/>
  <move id="46" source="I6" target="I5"/>
  <move id="47" source="I4" target="I3"/>
  <move id="48" source="K6" target="K5"/>
  <move id="49" source="K4" target="I4"/>
  <move id="50" source="I5" target="I6"/>
  <move id="51" source="I3" target="K3"/>
  <move id="52" source="I6" target="I7"/>
  <move id="53" source="I4" target="I3"/>
  <move id="54" source="K5" target="K4"/>
  <move id="55" source="F6" target="F7"/>
  <move id="56" source="E6" target="F6"/>
  <move id="57" source="F4" target="F5"/>
  <move id="58" source="F6" target="E6"/>
  <move id="59" source="F5" target="F6"/>
  <move id="60" source="E6" target="E7"/>
  <move id="61" source="E4" target="E5"/>
  <move id="62" source="E7" target="E6"/>
  <move id="63" source="F6" target="F7"/>
  <move id="64" source="G7" target="F7"/>
  <move id="65" source="E5" target="E4"/>
  <move id="66" source="E6" target="E5"/>
  <move id="67" source="E4" target="F4"/>
  <move id="68" source="E5" target="F5"/>
  <move id="69" source="H4" target="G4"/>
  <move id="70" source="I7" target="I6"/>
  <move id="71" source="D4" target="E4"/>
  <move id="72" source="I6" target="I5"/>
  <move id="73" source="E4" target="E8"/>
  <move id="74" source="F5" target="E5"/>
  <move id="75" source="G4" target="H4"/>
  <move id="76" source="K4" target="K3"/>
  <move id="77" source="I3" target="K3"/>
  <move id="78" source="I5" target="K5"/>
  <move id="79" source="H4" target="I4"/>
  <move id="80" source="K7" target="I7"/>
  <move id="81" source="H3" target="I3"/>
  <move id="82" source="I7" target="I6"/>
  <move id="83" source="I3" target="K3"/>
  <move id="84" source="I6" target="I5"/>
  <move id="85" source="K3" target="K4"/>
  <move id="86" source="I5" target="I6"/>
  <move id="87" source="K4" target="K5"/>
  <move id="88" source="E8" target="E7"/>
  <move id="89" source="K5" target="K4"/>
  <move id="90" source="E7" target="E6"/>
  <move id="91" source="I4" target="I3"/>
  <move id="92" source="I6" target="I5"/>
  <move id="93" source="I3" target="K3"/>
  <move id="94" source="E6" target="F6"/>
  <move id="95" source="F4" target="G4"/>
  <move id="96" source="E5" target="E4"/>
  <move id="97" source="E3" target="E4"/>
  <move id="98" source="F7" target="E7"/>
  <move id="99" source="E4" target="E5"/>
  <move id="100" source="F6" target="F7"/>
  <move id="101" source="E5" target="E6"/>
  <move id="102" source="C7" target="D7"/>
  <move id="103" source="E6" target="E7"/>
  <move id="104" source="D7" target="E7"/>
  <move id="105" source="A4" target="B4"/>
  <move id="106" source="E7" target="E6"/>
  <move id="107" source="B4" target="C4"/>
  <move id="108" source="E6" target="E5"/>
  <move id="109" source="C4" target="D4"/>
  <move id="110" source="E5" target="F5"/>
  <move id="111" source="D4" target="E4"/>
  <move id="112" source="F7" target="E7"/>
  <move id="113" source="A6" target="A5"/>
  <move id="114" source="B7" target="B6"/>
  <move id="115" source="B6" target="B5"/>
  <move id="116" source="B8" target="B7"/>
  <move id="117" source="B5" target="B4"/>
  <move id="118" source="B7" target="B6"/>
  <move id="119" source="B4" target="C4"/>
  <move id="120" source="B6" target="B5"/>
  <move id="121" source="A5" target="A6"/>
  <move id="122" source="B5" target="B4"/>
  <move id="123" source="C4" target="C3"/>
  <move id="124" source="A7" target="B7"/>
  <move id="125" source="A6" target="B6"/>
  <move id="126" source="B7" target="C7"/>
  <move id="127" source="B6" target="B7"/>
  <move id="128" source="C7" target="D7"/>
  <move id="129" source="B3" target="B4"/>
  <move id="130" source="B4" target="A4"/>
  <move id="131" source="B7" target="B6"/>
  <move id="132" source="A4" target="A3"/>
  <move id="133" source="B6" target="B5"/>
  <move id="134" source="D7" target="D8"/>
  <move id="135" source="B5" target="B4"/>
  <move id="136" source="E7" target="E6"/>
  <move id="137" source="B4" target="C4"/>
  <move id="138" source="E6" target="E5"/>
  <move id="139" source="D3" target="E3"/>
  <move id="140" source="F5" target="F6"/>
  <move id="141" source="C3" target="B3"/>
  <move id="142" source="E5" target="F5"/>
  <move id="143" source="C4" target="C3"/>
  <move id="144" source="F6" target="E6"/>
  <move id="145" source="B3" target="B4"/>
  <move id="146" source="E6" target="E5"/>
  <move id="147" source="E4" target="D4"/>
  <move id="148" source="F5" target="F4"/>
  <move id="149" source="B4" target="C4"/>
  <move id="150" source="F4" target="G4"/>
  <move id="151" source="G3" target="H3"/>
  <move id="152" source="G4" target="F4"/>
  <move id="153" source="D4" target="D3"/>
  <move id="154" source="F4" target="F5"/>
  <move id="155" source="C4" target="D4"/>
  <move id="156" source="F5" target="F6"/>
  <move id="157" source="D4" target="E4"/>
  <move id="158" source="E5" target="F5"/>
  <move id="159" source="E4" target="F4"/>
  <move id="160" source="F5" target="E5"/>
  <move id="161" source="F4" target="F5"/>
  <move id="162" source="F6" target="F7"/>
  <move id="163" source="F5" target="E5"/>
  <move id="164" source="D8" target="D7"/>
  <move id="165" source="E5" target="E4"/>
  <move id="166" source="D7" target="E7"/>
  <move id="167" source="E4" target="D4"/>
  <move id="168" source="E7" target="E6"/>
  <move id="169" source="D4" target="C4"/>
  <move id="170" source="E6" target="E5"/>
  <move id="171" source="D3" target="D4"/>
  <move id="172" source="E5" target="F5"/>
  <move id="173" source="D4" target="E4"/>
  <move id="174" source="F7" target="E7"/>
  <move id="175" source="C4" target="B4"/>
  <move id="176" source="E7" target="E6"/>
  <move id="177" source="B4" target="A4"/>
  <move id="178" source="E6" target="E5"/>
  <move id="179" source="E4" target="F4"/>
  <move id="180" source="F5" target="F6"/>
  <move id="181" source="B2" target="B3"/>
  <move id="182" source="E5" target="F5"/>
  <move id="183" source="F4" target="E4"/>
  <move id="184" source="F6" target="E6"/>
  <move id="185" source="B3" target="B4"/>
  <move id="186" source="G8" target="G7"/>
  <move id="187" source="B4" target="B5"/>
  <move id="188" source="G7" target="F7"/>
  <move id="189" source="B5" target="B6"/>
  <move id="190" source="F7" target="E7"/>
  <move id="191" source="B6" target="B7"/>
  <move id="192" source="E7" target="D7"/>
  <move id="193" source="B7" target="B8"/>
  <move id="194" source="D7" target="C7"/>
  <move id="195" source="B8" target="C8"/>
  <move id="196" source="C8" target="D8"/>
  <move id="197" source="A4" target="B4"/>
  <move id="198" source="C7" target="B7"/>
  <move id="199" source="B4" target="C4"/>
  <move id="200" source="F5" target="F6"/>
  <move id="201" source="C4" target="D4"/>
  <move id="202" source="E6" target="E5"/>
  <move id="203" source="E4" target="E5"/>
  <move id="204" source="F6" target="F5"/>
  <move id="205" source="E5" target="E4"/>
  <move id="206" source="F5" target="F4"/>
  <move id="207" source="E3" target="D3"/>
  <move id="208" source="H7" target="G7"/>
  <move id="209" source="E4" target="E3"/>
  <move id="210" source="F4" target="F3"/>
  <move id="211" source="D4" target="E4"/>
  <move id="212" source="G7" target="F7"/>
  <move id="213" source="E4" target="F4"/>
  <move id="214" source="F7" target="F6"/>
  <move id="215" source="H3" target="G3"/>
  <move id="216" source="F6" target="E6"/>
  <move id="217" source="F4" target="G4"/>
  <move id="218" source="E6" target="E5"/>
  <move id="219" source="G4" target="H4"/>
  <move id="220" source="E5" target="E4"/>
  <move id="221" source="C3" target="C4"/>
  <move id="222" source="E4" target="E3"/>
  <move id="223" source="G3" target="G4"/>
  <move id="224" source="H9" target="I9"/>
  <move id="225" source="G4" target="F4"/>
  <move id="226" source="I9" target="I8"/>
  <move id="227" source="H4" target="G4"/>
  <move id="228" source="I8" target="I7"/>
  <move id="229" source="F4" target="F5"/>
  <move id="230" source="I7" target="H7"/>
  <move id="231" source="F5" target="E5"/>
  <move id="232" source="H7" target="G7"/>
  <move id="233" source="G4" target="H4"/>
  <move id="234" source="G7" target="F7"/>
  <move id="235" source="H4" target="H3"/>
  <move id="236" source="F7" target="F6"/>
  <move id="237" source="C4" target="C3"/>
  <move id="238" source="B7" target="C7"/>
  <move id="239" source="A2" target="A3"/>
  <move id="240" source="A9" target="B9"/>
  <move id="241" source="A3" target="A4"/>
  <move id="242" source="B9" target="B8"/>
  <move id="243" source="A4" target="A5"/>
  <move id="244" source="B8" target="B7"/>
  <move id="245" source="A5" target="A6"/>
  <move id="246" source="C7" target="D7"/>
  <move id="247" source="K4" target="K5"/>
  <move id="248" source="I5" target="I6"/>
  <move id="249" source="K5" target="I5"/>
  <move id="250" source="I6" target="I7"/>
  <move id="251" source="I5" target="I6"/>
  <move id="252" source="I7" target="I8"/>
  <move id="253" source="I6" target="I5"/>
  <move id="254" source="D7" target="E7"/>
  <move id="255" source="E5" target="E4"/>
  <move id="256" source="K8" target="K3"/>
  <move id="257" source="I5" target="K5"/>
  <move id="258" source="I8" target="I7"/>
  <move id="259" source="K3" target="I3"/>
  <move id="260" source="I7" target="I6"/>
  <move id="261" source="H3" target="H4"/>
  <move id="262" source="F6" target="F5"/>
  <move id="263" source="H4" target="I4"/>
  <move id="264" source="E7" target="E6"/>
  <move id="265" source="C3" target="C4"/>
  <move id="266" source="E6" target="E5"/>
  <move id="267" source="D3" target="E3"/>
  <move id="268" source="F5" target="F4"/>
  <move id="269" source="E4" target="F4"/>
  <move id="270" source="F8" target="F7"/>
  <move id="271" source="K5" target="K6"/>
  <move id="272" source="I6" target="I7"/>
  <move id="273" source="K6" target="K7"/>
  <move id="274" source="I7" target="I8"/>
  <move id="275" source="K7" target="K6"/>
  <move id="276" source="I8" target="I7"/>
  <move id="277" source="I4" target="H4"/>
  <move id="278" source="F7" target="F6"/>
  <move id="279" source="H4" target="H3"/>
  <move id="280" source="F6" target="F5"/>
  <move id="281" source="F4" target="E4"/>
  <move id="282" source="F5" target="F4"/>
  <move id="283" source="E4" target="E5"/>
  <move id="284" source="F4" target="G4"/>
  <move id="285" source="C4" target="D4"/>
  <move id="286" source="G4" target="H4"/>
  <move id="287" source="H3" target="G3"/>
  <move id="288" source="H4" target="I4"/>
  <move id="289" source="I3" target="K3"/>
  <move id="290" source="I4" target="K4"/>
  <move id="291" source="K6" target="I6"/>
  <move id="292" source="I7" target="H7"/>
  <move id="293" source="G3" target="G4"/>
  <move id="294" source="H7" target="G7"/>
  <move id="295" source="G4" target="F4"/>
  <move id="296" source="G7" target="G8"/>
  <move id="297" source="F4" target="F5"/>
  <move id="298" source="E5" target="E4"/>
  <move id="299" source="D4" target="E4"/>
  <move id="300" source="D8" target="E8"/>
  <move id="301" source="F5" target="F6"/>
  <move id="302" source="E8" target="E7"/>
  <move id="303" source="F6" target="F7"/>
  <move id="304" source="E7" target="E6"/>
  <move id="305" source="F7" target="F6"/>
  <move id="306" source="E6" target="E5"/>
  <move id="307" source="E4" target="D4"/>
  <move id="308" source="K4" target="I4"/>
  <move id="309" source="I6" target="K6"/>
  <move id="310" source="I4" target="I5"/>
  <move id="311" source="F6" target="F7"/>
  <move id="312" source="K9" target="K8"/>
  <move id="313" source="E3" target="E4"/>
  <move id="314" source="E5" target="E6"/>
  <move id="315" source="E4" target="E5"/>
  <move id="316" source="E6" target="E7"/>
  <move id="317" source="F7" target="F8"/>
  <move id="318" source="G8" target="G7"/>
  <move id="319" source="E5" target="E6"/>
  <move id="320" source="E7" target="E8"/>
  <move id="321" source="F8" target="G8"/>
  <move id="322" source="G7" target="F7"/>
  <move id="323" source="G8" target="G7"/>
  <move id="324" source="F7" target="E7"/>
  <move id="325" source="E6" target="E7"/>
  <move id="326" source="E8" target="F8"/>
  <move id="327" source="G7" target="F7"/>
  <move id="328" source="F8" target="F7"/>
  <move id="329" source="D4" target="D3"/>
  <move id="330" source="K8" target="K7"/>
  <move id="331" source="E7" target="F7"/>
  <move id="332" source="K7" target="K6"/>
  <move id="333" source="F7" target="E7"/>
  <move id="334" source="K6" target="K7"/>
  <move id="335" source="E7" target="D7"/>
  <move id="336" source="I5" target="I6"/>
  <move id="337" source="D7" target="C7"/>
  <move id="338" source="B7" target="B6"/>
  <move id="339" source="A6" target="A4"/>
  <move id="340" source="I6" target="I7"/>
  <move id="341" source="A4" target="E4"/>
  <move id="342" source="I7" target="H7"/>
  <move id="343" source="C7" target="B7"/>
  <move id="344" source="B6" target="B5"/>
  <move id="345" source="B7" target="B6"/>
  <move id="346" source="B5" target="B4"/>
  <move id="347" source="B6" target="B5"/>
  <move id="348" source="B4" target="E4"/>
  <move id="349" source="K3" target="I3"/>
  <move id="350" source="K7" target="I7"/>
  <move id="351" source="I3" target="H3"/>
  <move id="352" source="H7" target="G7"/>
  <move id="353" source="D3" target="D4"/>
  <move id="354" source="G7" target="G8"/>
  <move id="355" source="D4" target="E4"/>
  <move id="356" source="I7" target="H7"/>
  <move id="357" source="B5" target="B4"/>
  <move id="358" source="H7" target="G7"/>
  <move id="359" source="H3" target="I3"/>
  <move id="360" source="G7" target="F7"/>
  <move id="361" source="I3" target="K3"/>
  <move id="362" source="F7" target="F6"/>
  <move id="363" source="E4" target="E3"/>
  <move id="364" source="F6" target="F5"/>
  <move id="365" source="E3" target="D3"/>
  <move id="366" source="F5" target="F4"/>
  <move id="367" source="K3" target="K4"/>
  <move id="368" source="F4" target="E4"/>
  <move id="369" source="K4" target="K5"/>
  <move id="370" source="G8" target="G7"/>
  <move id="371" source="K5" target="K6"/>
  <move id="372" source="G7" target="H7"/>
  <move id="373" source="K6" target="K5"/>
  <move id="374" source="E4" target="D4"/>
  <move id="375" source="D3" target="E3"/>
  <move id="376" source="H7" target="G7"/>
  <move id="377" source="B4" target="A4"/>
  <move id="378" source="G7" target="F7"/>
  <move id="379" source="I2" target="I3"/>
  <move id="380" source="F7" target="F6"/>
  <move id="381" source="I3" target="I4"/>
  <move id="382" source="F6" target="F5"/>
  <move id="383" source="I4" target="I5"/>
  <move id="384" source="F5" target="F4"/>
  <move id="385" source="I5" target="I6"/>
  <move id="386" source="F4" target="F5"/>
  <move id="387" source="I6" target="I7"/>
  <move id="388" source="F5" target="F6"/>
  <move id="389" source="I7" target="I8"/>
  <move id="390" source="F6" target="F7"/>
  <move id="391" source="I8" target="H8"/>
  <move id="392" source="H8" target="I8"/>
  <move id="393" source="K5" target="K4"/>
  <move id="394" source="I8" target="I7"/>
  <move id="395" source="K4" target="K3"/>
  <move id="396" source="I7" target="I6"/>
  <move id="397" source="K3" target="I3"/>
  <move id="398" source="I6" target="I5"/>
  <move id="399" source="K2" target="K3"/>
  <move id="400" source="I5" target="I4"/>
  <move id="401" source="I3" target="I2"/>
  <move id="402" source="A:" target="A9"/>
  <move id="403" source="K3" target="I3"/>
  <move id="404" source="I4" target="K4"/>
  <move id="405" source="K1" target="K2"/>
  <move id="406" source="A9" target="B9"/>
  <move id="407" source="K2" target="K3"/>
  <move id="408" source="K4" target="K5"/>
  <move id="409" source="K3" target="K4"/>
  <move id="410" source="K5" target="I5"/>
  <move id="411" source="K4" target="K5"/>
  <move id="412" source="I5" target="I6"/>
  <move id="413" source="K5" target="K6"/>
  <move id="414" source="I6" target="I7"/>
  <move id="415" source="K6" target="K7"/>
  <move id="416" source="I7" target="H7"/>
  <move id="417" source="K7" target="K8"/>
  <move id="418" source="H7" target="H8"/>
  <move id="419" source="K8" target="K9"/>
  <move id="420" source="H8" target="H9"/>
  <move id="421" source="I3" target="I4"/>
  <move id="422" source="F7" target="G7"/>
  <move id="423" source="K9" target="K:"/>
  <move id="424" source="G7" target="G8"/>
  <move id="425" source="K:" target="K9"/>
  <move id="426" source="H9" target="H8"/>
  <move id="427" source="K9" target="K8"/>
  <move id="428" source="H8" target="H7"/>
  <move id="429" source="K8" target="K7"/>
  <move id="430" source="H7" target="G7"/>
  <move id="431" source="I4" target="H4"/>
  <move id="432" source="G7" target="F7"/>
  <move id="433" source="H4" target="G4"/>
  <move id="434" source="D4" target="E4"/>
  <move id="435" source="E3" target="D3"/>
  <move id="436" source="F7" target="F6"/>
  <move id="437" source="A4" target="B4"/>
  <move id="438" source="F6" target="F5"/>
  <move id="439" source="B4" target="B5"/>
  <move id="440" source="F5" target="F4"/>
  <move id="441" source="G4" target="F4"/>
  <move id="442" source="E4" target="D4"/>
  <move id="443" source="D3" target="E3"/>
  <move id="444" source="G8" target="F8"/>
  <move id="445" source="F4" target="F5"/>
  <move id="446" source="F8" target="F7"/>
  <move id="447" source="F5" target="E5"/>
  <move id="448" source="F7" target="F6"/>
  <move id="449" source="B5" target="B6"/>
  <move id="450" source="B9" target="B8"/>
  <move id="451" source="B6" target="B7"/>
  <move id="452" source="B8" target="C8"/>
  <move id="453" source="B7" target="C7"/>
  <move id="454" source="C8" target="D8"/>
  <move id="455" source="C7" target="D7"/>
  <move id="456" source="D8" target="C8"/>
  <move id="457" source="E3" target="E4"/>
  <move id="458" source="F6" target="F7"/>
  <move id="459" source="E4" target="F4"/>
  <move id="460" source="D4" target="D3"/>
  <move id="461" source="F4" target="G4"/>
  <move id="462" source="H:" target="H9"/>
  <move id="463" source="G4" target="G3"/>
  <move id="464" source="H9" target="H8"/>
  <move id="465" source="E5" target="E4"/>
  <move id="466" source="H8" target="G8"/>
  <move id="467" source="I2" target="K2"/>
  <move id="468" source="G8" target="F8"/>
  <move id="469" source="K7" target="K8"/>
  <move id="470" source="G9" target="H9"/>
  <move id="471" source="K8" target="I8"/>
  <move id="472" source="C8" target="B8"/>
  <move id="473" source="D7" target="C7"/>
  <move id="474" source="F8" target="E8"/>
  <move id="475" source="C7" target="C8"/>
  <move id="476" source="B8" target="B7"/>
  <move id="477" source="E4" target="D4"/>
  <move id="478" source="D3" target="E3"/>
  <move id="479" source="D4" target="C4"/>
  <move id="480" source="F7" target="E7"/>
  <move id="481" source="C4" target="B4"/>
  <move id="482" source="E7" target="D7"/>
  <move id="483" source="B4" target="B5"/>
  <move id="484" source="E8" target="D8"/>
  <move id="485" source="C8" target="B8"/>
  <move id="486" source="B7" target="C7"/>
  <move id="487" source="B8" target="B7"/>
  <move id="488" source="C7" target="C8"/>
  <move id="489" source="B5" target="B6"/>
  <move id="490" source="E3" target="E4"/>
  <move id="491" source="B7" target="B8"/>
  <move id="492" source="D7" target="C7"/>
  <move id="493" source="B6" target="B7"/>
  <move id="494" source="D8" target="D7"/>
  <move id="495" source="B7" target="C7"/>
  <move id="496" source="C8" target="D8"/>
  <move id="497" source="B8" target="C8"/>
  <move id="498" source="D8" target="E8"/>
  <move id="499" source="C8" target="D8"/>
  <move id="500" source="E8" target="F8"/>
  <move id="501" source="D8" target="D7"/>
  <move id="502" source="H9" target="I9"/>
  <move id="503" source="I8" target="K8"/>
  <move id="504" source="I9" target="K9"/>
  <move id="505" source="K8" target="I8"/>
  <move id="506" source="F8" target="G8"/>
  <move id="507" source="D7" target="E7"/>
  <move id="508" source="G8" target="H8"/>
  <move id="509" source="E7" target="E8"/>
  <move id="510" source="H8" target="I8"/>
  <move id="511" source="D2" target="D3"/>
  <move id="512" source="I8" target="I7"/>
  <move id="513" source="D3" target="C3"/>
  <move id="514" source="I7" target="I6"/>
  <move id="515" source="C3" target="B3"/>
  <move id="516" source="I6" target="I5"/>
  <move id="517" source="B3" target="B4"/>
  <move id="518" source="I5" target="I4"/>
  <move id="519" source="B4" target="B5"/>
  <move id="520" source="B:" target="B9"/>
  <move id="521" source="E8" target="D8"/>
  <move id="522" source="B9" target="B8"/>
  <move id="523" source="D8" target="C8"/>
  <move id="524" source="B8" target="B7"/>
  <move id="525" source="C8" target="B8"/>
  <move id="526" source="B7" target="B6"/>
  <move id="527" source="B8" target="B7"/>
  <move id="528" source="B6" target="A6"/>
  <move id="529" source="B7" target="A7"/>
  <move id="530" source="A6" target="B6"/>
  <move id="531" source="A7" target="B7"/>
  <move id="532" source="B6" target="B5"/>
  <move id="533" source="A1" target="A2"/>
  <move id="534" source="K9" target="K8"/>
  <move id="535" source="A2" target="A3"/>
  <move id="536" source="K8" target="K7"/>
  <move id="537" source="A3" target="A4"/>
  <move id="538" source="K7" target="K6"/>
  <move id="539" source="A4" target="A5"/>
  <move id="540" source="B5" target="A5"/>
  <move id="541" source="C2" target="B2"/>
  <move id="542" source="I4" target="H4"/>
  <move id="543" source="B2" target="B3"/>
  <move id="544" source="H4" target="G4"/>
  <move id="545" source="G3" target="H3"/>
  <move id="546" source="K6" target="K5"/>
  <move id="547" source="B3" target="B4"/>
  <move id="548" source="K5" target="K4"/>
  <move id="549" source="B4" target="B5"/>
  <move id="550" source="E4" target="E5"/>
  <move id="551" source="B7" target="A7"/>
  <move id="552" source="E5" target="E6"/>
  <move id="553" source="B5" target="B6"/>
  <move id="554" source="E6" target="E7"/>
  <move id="555" source="A7" target="A6"/>
  <move id="556" source="K4" target="K3"/>
  <move id="557" source="K2" target="K1"/>
  <move id="558" source="K3" target="K2"/>
  <move id="559" source="H3" target="I3"/>
  <move id="560" source="G4" target="H4"/>
  <move id="561" source="A6" target="A5"/>
  <move id="562" source="K2" target="K1"/>
  <move id="563" source="A5" target="B5"/>
  <move id="564" source="K1" target="K2"/>
  <move id="565" source="B5" target="B4"/>
  <move id="566" source="K2" target="I2"/>
  <move id="567" source="I3" target="K3"/>
  <move id="568" source="H4" target="I4"/>
  <move id="569" source="B4" target="C4"/>
  <move id="570" source="I2" target="K2"/>
  <move id="571" source="K3" target="I3"/>
  <move id="572" source="I4" target="I3"/>
  <move id="573" source="C4" target="D4"/>
  <move id="574" source="I3" target="I4"/>
  <move id="575" source="D4" target="E4"/>
  <move id="576" source="I4" target="I5"/>
  <move id="577" source="E4" target="F4"/>
  <move id="578" source="I5" target="I6"/>
  <move id="579" source="F4" target="G4"/>
  <move id="580" source="I6" target="I7"/>
  <move id="581" source="G4" target="H4"/>
  <move id="582" source="K2" target="K3"/>
  <move id="583" source="B6" target="B7"/>
  <move id="584" source="E7" target="D7"/>
  <move id="585" source="B7" target="B8"/>
  <move id="586" source="I7" target="H7"/>
  <move id="587" source="B8" target="B9"/>
  <move id="588" source="H7" target="G7"/>
  <move id="589" source="B9" target="B:"/>
  <move id="590" source="G7" target="F7"/>
  <move id="591" source="B:" target="A:"/>
  <move id="592" source="F7" target="E7"/>
  <move id="593" source="H4" target="G4"/>
  <move id="594" source="E7" target="E8"/>
  <move id="595" source="G4" target="H4"/>
  <move id="596" source="E8" target="D8"/>
  <move id="597" source="H4" target="I4"/>
  <move id="598" source="D8" target="C8"/>
  <move id="599" source="I4" target="H4"/>
  <move id="600" source="C8" target="B8"/>
  <move id="601" source="H4" target="G4"/>
  <move id="602" source="B8" target="B9"/>
  <move id="603" source="G4" target="F4"/>
  <move id="604" source="B9" target="B:"/>
  <move id="605" source="A:" target="A9"/>
  <move id="606" source="D7" target="C7"/>
  <move id="607" source="F4" target="F5"/>
  <move id="608" source="C7" target="B7"/>
  <move id="609" source="F5" target="F6"/>
  <move id="610" source="B7" target="B8"/>
  <move id="611" source="F6" target="F7"/>
  <move id="612" source="B:" target="A:"/>
  <move id="613" source="F7" target="F8"/>
  <move id="614" source="A:" target="A9"/>
  <move id="615" source="E2" target="E9"/>
  <move id="616" source="B8" target="C8"/>
  <move id="617" source="F8" target="G8"/>
  <move id="618" source="C8" target="D8"/>
  <move id="619" source="F2" target="E2"/>
  <move id="620" source="K3" target="I3"/>
  <move id="621" source="E2" target="E3"/>
  <move id="622" source="D8" target="E8"/>
  <move id="623" source="E3" target="D3"/>
  <move id="624" source="E8" target="E7"/>
  <move id="625" source="D3" target="C3"/>
  <move id="626" source="I3" target="H3"/>
  <move id="627" source="C3" target="C4"/>
  <move id="628" source="H3" target="H4"/>
  <move id="629" source="C4" target="B4"/>
  <move id="630" source="H4" target="G4"/>
  <move id="631" source="B4" target="B5"/>
  <move id="632" source="E7" target="D7"/>
  <move id="633" source="B5" target="A5"/>
  <move id="634" source="D7" target="C7"/>
  <move id="635" source="D1" target="D2"/>
  <move id="636" source="G4" target="F4"/>
  <move id="637" source="D2" target="D3"/>
  <move id="638" source="F4" target="E4"/>
  <move id="639" source="G2" target="G3"/>
  <move id="640" source="E4" target="E3"/>
  <move id="641" source="D3" target="D4"/>
  <move id="642" source="C7" target="D7"/>
  <move id="643" source="A5" target="A6"/>
  <move id="644" source="E3" target="D3"/>
  <move id="645" source="D4" target="E4"/>
  <move id="646" source="D3" target="D4"/>
  <move id="647" source="E4" target="E3"/>
  <move id="648" source="D4" target="E4"/>
  <move id="649" source="E3" target="D3"/>
  <move id="650" source="E4" target="F4"/>
  <move id="651" source="G3" target="H3"/>
  <move id="652" source="F4" target="G4"/>
  <move id="653" source="H3" target="I3"/>
  <move id="654" source="G4" target="F4"/>
  <move id="655" source="I3" target="I4"/>
  <move id="656" source="F4" target="E4"/>
  <move id="657" source="I4" target="I5"/>
  <move id="658" source="E4" target="E3"/>
  <move id="659" source="D3" target="D2"/>
  <move id="660" source="D7" target="E7"/>
  <move id="661" source="I5" target="I6"/>
  <move id="662" source="E7" target="F7"/>
  <move id="663" source="I6" target="K6"/>
  <move id="664" source="E3" target="E2"/>
  <move id="665" source="D2" target="D3"/>
  <move id="666" source="F7" target="E7"/>
  <move id="667" source="K6" target="K7"/>
  <move id="668" source="E7" target="E6"/>
  <move id="669" source="A6" target="B6"/>
  <move id="670" source="E2" target="D2"/>
  <move id="671" source="D3" target="C3"/>
  <move id="672" source="E6" target="E7"/>
  <move id="673" source="B6" target="B7"/>
  <move id="674" source="E7" target="D7"/>
  <move id="675" source="K7" target="I7"/>
  <move id="676" source="D7" target="C7"/>
  <move id="677" source="B7" target="B8"/>
  <move id="678" source="C7" target="C8"/>
  <move id="679" source="B8" target="B9"/>
  <move id="680" source="C8" target="B8"/>
  <move id="681" source="B9" target="B:"/>
  <move id="682" source="B8" target="B9"/>
  <move id="683" source="B:" target="C:"/>
  <move id="684" source="B9" target="B8"/>
  <move id="685" source="I7" target="I8"/>
  <move id="686" source="B8" target="C8"/>
  <move id="687" source="I8" target="H8"/>
  <move id="688" source="C8" target="D8"/>
  <move id="689" source="H8" target="H9"/>
  <move id="690" source="D8" target="E8"/>
  <move id="691" source="H9" target="H:"/>
  <move id="692" source="I:" target="H:"/>
  <move id="693" source="C3" target="B3"/>
  <move id="694" source="D2" target="D3"/>
  <move id="695" source="G8" target="G9"/>
  <move id="696" source="E8" target="F8"/>
  <move id="697" source="B3" target="B4"/>
  <move id="698" source="D3" target="C3"/>
  <move id="699" source="B4" target="B5"/>
  <move id="700" source="F8" target="E8"/>
  <move id="701" source="F1" target="F2"/>
  <move id="702" source="C3" target="B3"/>
  <move id="703" source="B5" target="B6"/>
  <move id="704" source="B3" target="B4"/>
  <move id="705" source="B6" target="B7"/>
  <move id="706" source="B4" target="B5"/>
  <move id="707" source="B7" target="B8"/>
  <move id="708" source="B5" target="B6"/>
  <move id="709" source="B8" target="B9"/>
  <move id="710" source="B6" target="B7"/>
  <move id="711" source="B9" target="A9"/>
  <move id="712" source="B7" target="B8"/>
  <move id="713" source="A9" target="A:"/>
  <move id="714" source="B8" target="B9"/>
  <move id="715" source="F2" target="G2"/>
  <move id="716" source="B9" target="B:"/>
  <move id="717" source="A:" target="A9"/>
  <move id="718" source="B:" target="A:"/>
  <move id="719" source="A9" target="B9"/>
  <move id="720" source="E8" target="D8"/>
  <move id="721" source="B9" target="B8"/>
  <move id="722" source="A:" target="A9"/>
  <move id="723" source="B8" target="B7"/>
  <move id="724" source="A9" target="B9"/>
  <move id="725" source="B7" target="A7"/>
  <move id="726" source="B9" target="B8"/>
  <move id="727" source="G2" target="G3"/>
  <move id="728" source="B8" target="B7"/>
  <move id="729" source="A7" target="A6"/>
  <move id="730" source="B7" target="B6"/>
  <move id="731" source="A6" target="A5"/>
  <move id="732" source="D8" target="E8"/>
  <move id="733" source="G9" target="F9"/>
  <move id="734" source="E8" target="F8"/>
  <move id="735" source="F9" target="G9"/>
  <move id="736" source="G:" target="H:"/>
  <move id="737" source="G9" target="H9"/>
  <move id="738" source="H:" target="I:"/>
  <move id="739" source="G3" target="H3"/>
  <move id="740" source="F8" target="G8"/>
  <move id="741" source="H3" target="H4"/>
  <move id="742" source="G8" target="H8"/>
  <move id="743" source="H9" target="I9"/>
  <move id="744" source="I:" target="H:"/>
  <move id="745" source="H4" target="G4"/>
  <move id="746" source="H:" target="G:"/>
  <move id="747" source="C1" target="D1"/>
  <move id="748" source="B6" target="B7"/>
  <move id="749" source="D1" target="D2"/>
  <move id="750" source="B7" target="C7"/>
  <move id="751" source="D2" target="D3"/>
  <move id="752" source="C7" target="D7"/>
  <move id="753" source="A5" target="A6"/>
  <move id="754" source="G:" target="G9"/>
  <move id="755" source="D3" target="E3"/>
  <move id="756" source="D7" target="E7"/>
  <move id="757" source="I9" target="H9"/>
  <move id="758" source="G9" target="G8"/>
  <move id="759" source="H9" target="G9"/>
  <move id="760" source="G8" target="G7"/>
  <move id="761" source="G9" target="G8"/>
  <move id="762" source="H8" target="G8"/>
  <move id="763" source="G4" target="F4"/>
  <move id="764" source="E7" target="F7"/>
  <move id="765" source="F4" target="G4"/>
  <move id="766" source="G7" target="G8"/>
  <move id="767" source="A6" target="A7"/>
  <move id="768" source="G8" target="H8"/>
  <move id="769" source="A7" target="B7"/>
  <move id="770" source="H8" target="I8"/>
  <move id="771" source="G4" target="H4"/>
  <move id="772" source="F7" target="G7"/>
  <move id="773" source="H4" target="I4"/>
  <move id="774" source="G7" target="H7"/>
  <move id="775" source="I4" target="K4"/>
  <move id="776" source="I8" target="H8"/>
  <move id="777" source="B7" target="C7"/>
  <move id="778" source="H7" target="G7"/>
  <move id="779" source="C7" target="C8"/>
  <move id="780" source="G7" target="F7"/>
  <move id="781" source="C8" target="D8"/>
  <move id="782" source="F7" target="E7"/>
  <move id="783" source="E3" target="E4"/>
  <move id="784" source="H8" target="H7"/>
  <move id="785" source="K4" target="I4"/>
  <move id="786" source="H7" target="G7"/>
  <move id="787" source="I4" target="H4"/>
  <move id="788" source="G7" target="F7"/>
  <move id="789" source="H4" target="G4"/>
  <move id="790" source="E7" target="E8"/>
  <move id="791" source="D8" target="D7"/>
  <move id="792" source="F7" target="F8"/>
  <move id="793" source="E4" target="E3"/>
  <move id="794" source="E8" target="E7"/>
  <move id="795" source="D7" target="D8"/>
  <move id="796" source="F8" target="F7"/>
  <move id="797" source="G4" target="F4"/>
  <move id="798" source="F7" target="G7"/>
  <move id="799" source="E3" target="E2"/>
  <move id="800" source="G7" target="H7"/>
  <move id="801" source="E2" target="F2"/>
  <move id="802" source="H7" target="I7"/>
  <move id="803" source="F4" target="G4"/>
  <move id="804" source="I7" target="K7"/>
  <move id="805" source="G4" target="H4"/>
  <move id="806" source="E7" target="E8"/>
  <move id="807" source="D8" target="D7"/>
  <move id="808" source="K7" target="I7"/>
  <move id="809" source="F2" target="G2"/>
  <move id="810" source="I7" target="H7"/>
  <move id="811" source="G2" target="G3"/>
  <move id="812" source="H7" target="G7"/>
  <move id="813" source="G3" target="G4"/>
  <move id="814" source="G7" target="F7"/>
  <move id="815" source="G4" target="F4"/>
  <move id="816" source="F7" target="F6"/>
  <move id="817" source="F4" target="F5"/>
  <move id="818" source="F6" target="F7"/>
  <move id="819" source="H4" target="I4"/>
  <move id="820" source="F7" target="F8"/>
  <move id="821" source="I4" target="I5"/>
  <move id="822" source="F8" target="G8"/>
  <move id="823" source="I5" target="I6"/>
  <move id="824" source="E8" target="F8"/>
  <move id="825" source="F5" target="E5"/>
  <move id="826" source="F8" target="F7"/>
  <move id="827" source="D7" target="D8"/>
  <move id="828" source="F7" target="E7"/>
  <move id="829" source="E5" target="F5"/>
  <move id="830" source="E7" target="E8"/>
  <move id="831" source="D8" target="D7"/>
  <move id="832" source="E8" target="F8"/>
  <move id="833" source="I6" target="I7"/>
  <move id="834" source="F8" target="F7"/>
  <move id="835" source="D7" target="D8"/>
  <move id="836" source="F7" target="F6"/>
  <move id="837" source="F5" target="F4"/>
  <move id="838" source="F6" target="F5"/>
  <move id="839" source="F4" target="G4"/>
  <move id="840" source="F5" target="F4"/>
  <move id="841" source="G4" target="G3"/>
  <move id="842" source="G8" target="G7"/>
  <move id="843" source="D8" target="E8"/>
  <move id="844" source="G7" target="F7"/>
  <move id="845" source="E8" target="E7"/>
  <move id="846" source="F7" target="F6"/>
  <move id="847" source="E7" target="E6"/>
  <move id="848" source="F6" target="F5"/>
  <move id="849" source="E6" target="E5"/>
  <move id="850" source="F5" target="F6"/>
  <move id="851" source="I7" target="H7"/>
  <move id="852" source="F4" target="E4"/>
  <move id="853" source="E5" target="E6"/>
  <move id="854" source="F6" target="F5"/>
  <move id="855" source="H7" target="G7"/>
  <move id="856" source="F5" target="F4"/>
  <move id="857" source="E6" target="F6"/>
  <move id="858" source="E4" target="E5"/>
  <move id="859" source="G7" target="G8"/>
  <move id="860" source="E5" target="E6"/>
  <move id="861" source="F6" target="F5"/>
  <move id="862" source="F4" target="E4"/>
  <move id="863" source="F5" target="F4"/>
  <move id="864" source="E4" target="E3"/>
  <move id="865" source="F4" target="E4"/>
  <move id="866" source="E3" target="E2"/>
  <move id="867" source="G3" target="G2"/>
  <move id="868" source="E6" target="E5"/>
  <move id="869" source="E4" target="E3"/>
  <move id="870" source="E2" target="D2"/>
  <move id="871" source="E3" target="D3"/>
  <move id="872" source="D2" target="C2"/>
  <move id="873" source="D3" target="D2"/>
  <move id="874" source="C2" target="C3"/>
  <move id="875" source="D2" target="D3"/>
  <move id="876" source="C3" target="C2"/>
  <move id="877" source="D3" target="C3"/>
  <move id="878" source="C2" target="D2"/>
  <move id="879" source="C3" target="D3"/>
  <move id="880" source="D2" target="E2"/>
  <move id="881" source="G2" target="F2"/>
  <move id="882" source="E5" target="E4"/>
  <move id="883" source="F2" target="E2"/>
  <move id="884" source="E4" target="D4"/>
  <move id="885" source="D3" target="D2"/>
  <move id="886" source="D4" target="D3"/>
  <move id="887" source="D2" target="E2"/>
  <player id="1">Player 1</player>
  <player id="2">Player 2</player>
  <result type="4" winner="3"/>
 </game>
</stratego>