<?xml version="1.0" encoding="UTF-8"?>
<stratego>
 <game type="classic">
  
  <field content="DBEBMBEEHEEJFGBKHDDIGHDDHJCBLDDFFBDFIIGGAA__AA__AAAA__AA__AAUPVPPTOVSPPTPPUWQXQURPTSQSNRTQNRNNSNYNQR"/>
  <move id="1" source="F4" target="F5"/>
  <move id="2" source="A7" target="A6"/>
  <move id="3" source="I4" target="I5"/>
  <move id="4" source="A6" target="A5"/>
  <move id="5" source="I5" target="I6"/>
  <move id="6" source="E7" target="E6"/>
  <move id="7" source="K4" target="K5"/>
  <move id="8" source="E6" target="E5"/>
  <move id="9" source="F5" target="F4"/>
  <move id="10" source="E8" target="E7"/>
  <move id="11" source="K5" target="K6"/>
  <move id="12" source="E7" target="E6"/>
  <move id="13" source="A4" target="A5"/>
  <move id="14" source="E6" target="F6"/>
  <move id="15" source="K6" target="K7"/>
  <move id="16" source="K8" target="K7"/>
  <move id="17" source="K3" target="K4"/>
  <move id="18" source="K7" target="K8"/>
  <move id="19" source="I6" target="I7"/>
  <move id="20" source="I8" target="I7"/>
  <move id="21" source="H4" target="I4"/>
  <move id="22" source="I7" target="I6"/>
  <move id="23" source="I4" target="I5"/>
  <move id="24" source="I6" target="I7"/>
  <move id="25" source="I5" target="I6"/>
  <move id="26" source="K8" target="I8"/>
  <move id="27" source="K4" target="K9"/>
  <move id="28" source="F6" target="F5"/>
  <move id="29" source="I6" target="K6"/>
  <move id="30" source="E5" target="E6"/>
  <move id="31" source="K6" target="K7"/>
  <move id="32" source="K9" target="K8"/>
  <move id="33" source="I3" target="I4"/>
  <move id="34" source="E6" target="E7"/>
  <move id="35" source="I4" target="I5"/>
  <move id="36" source="E7" target="E8"/>
  <move id="37" source="I5" target="I6"/>
  <move id="38" source="I7" target="I6"/>
  <move id="39" source="I6" target="I7"/>
  <move id="40" source="F7" target="E7"/>
  <move id="41" source="I7" target="I8"/>
  <move id="42" source="K8" target="K7"/>
  <move id="43" source="I2" target="I7"/>
  <move id="44" source="F8" target="F7"/>
  <move id="45" source="I7" target="H7"/>
  <move id="46" source="F7" target="F6"/>
  <move id="47" source="I8" target="I7"/>
  <move id="48" source="F5" target="E5"/>
  <move id="49" source="K7" target="K6"/>
  <move id="50" source="F6" target="F5"/>
  <move id="51" source="H2" target="I2"/>
  <move id="52" source="F5" target="F4"/>
  <move id="53" source="G4" target="H4"/>
  <move id="54" source="F4" target="G4"/>
  <move id="55" source="H4" target="I4"/>
  <move id="56" source="G4" target="H4"/>
  <move id="57" source="I4" target="I5"/>
  <move id="58" source="H4" target="I4"/>
  <move id="59" source="I5" target="I6"/>
  <move id="60" source="I4" target="I3"/>
  <move id="61" source="I2" target="H2"/>
  <move id="62" source="I3" target="I2"/>
  <move id="63" source="K6" target="K7"/>
  <move id="64" source="I2" target="H2"/>
  <move id="65" source="I6" target="K6"/>
  <move id="66" source="H2" target="I2"/>
  <move id="67" source="I7" target="I6"/>
  <move id="68" source="I2" target="I3"/>
  <move id="69" source="I6" target="I5"/>
  <move id="70" source="I3" target="H3"/>
  <move id="71" source="I5" target="I6"/>
  <move id="72" source="H8" target="I8"/>
  <move id="73" source="I6" target="I7"/>
  <move id="74" source="I8" target="K8"/>
  <move id="75" source="K6" target="K5"/>
  <move id="76" source="K8" target="K7"/>
  <move id="77" source="I7" target="H7"/>
  <move id="78" source="G7" target="H7"/>
  <move id="79" source="K5" target="I5"/>
  <move id="80" source="E5" target="E4"/>
  <move id="81" source="G3" target="G4"/>
  <move id="82" source="K7" target="I7"/>
  <move id="83" source="I5" target="K5"/>
  <move id="84" source="I7" target="I6"/>
  <move id="85" source="G4" target="F4"/>
  <move id="86" source="E4" target="F4"/>
  <move id="87" source="F3" target="F4"/>
  <move id="88" source="H7" target="I7"/>
  <move id="89" source="F4" target="F5"/>
  <move id="90" source="I7" target="K7"/>
  <move id="91" source="F5" target="F6"/>
  <move id="92" source="K7" target="K6"/>
  <move id="93" source="F6" target="F7"/>
  <move id="94" source="E7" target="E6"/>
  <move id="95" source="E3" target="E4"/>
  <move id="96" source="K6" target="K5"/>
  <move id="97" source="E4" target="E5"/>
  <move id="98" source="I6" target="I7"/>
  <move id="99" source="E5" target="E6"/>
  <move id="100" source="I7" target="H7"/>
  <move id="101" source="F7" target="E7"/>
  <move id="102" source="H7" target="G7"/>
  <move id="103" source="E7" target="E6"/>
  <move id="104" source="G7" target="F7"/>
  <move id="105" source="K5" target="K6"/>
  <move id="106" source="F7" target="E7"/>
  <move id="107" source="E6" target="F6"/>
  <move id="108" source="E7" target="E6"/>
  <move id="109" source="F6" target="F7"/>
  <move id="110" source="E6" target="E5"/>
  <move id="111" source="K6" target="K7"/>
  <move id="112" source="E5" target="E4"/>
  <move id="113" source="K7" target="K8"/>
  <move id="114" source="E4" target="E3"/>
  <move id="115" source="K8" target="I8"/>
  <move id="116" source="E8" target="E4"/>
  <move id="117" source="G2" target="G3"/>
  <move id="118" source="E4" target="D4"/>
  <move id="119" source="G3" target="G4"/>
  <move id="120" source="E3" target="D3"/>
  <move id="121" source="A3" target="A4"/>
  <move id="122" source="A5" target="A4"/>
  <move id="123" source="A2" target="A3"/>
  <move id="124" source="A4" target="B4"/>
  <move id="125" source="A3" target="A4"/>
  <move id="126" source="B4" target="B3"/>
  <move id="127" source="B2" target="B3"/>
  <move id="128" source="D3" target="C3"/>
  <move id="129" source="B3" target="B4"/>
  <move id="130" source="C3" target="B3"/>
  <move id="131" source="B4" target="B5"/>
  <move id="132" source="B3" target="B4"/>
  <move id="133" source="B5" target="B6"/>
  <move id="134" source="B4" target="A4"/>
  <move id="135" source="B6" target="B7"/>
  <move id="136" source="C7" target="B7"/>
  <move id="137" source="H1" target="H2"/>
  <move id="138" source="A4" target="B4"/>
  <move id="139" source="H2" target="I2"/>
  <move id="140" source="B4" target="C4"/>
  <move id="141" source="I2" target="I3"/>
  <move id="142" source="C4" target="C3"/>
  <move id="143" source="C2" target="B2"/>
  <move id="144" source="C3" target="B3"/>
  <move id="145" source="B2" target="A2"/>
  <move id="146" source="B3" target="A3"/>
  <move id="147" source="A2" target="B2"/>
  <move id="148" source="A3" target="B3"/>
  <move id="149" source="B2" target="C2"/>
  <move id="150" source="D7" target="A7"/>
  <move id="151" source="I3" target="I4"/>
  <move id="152" source="A7" target="A1"/>
  <move id="153" source="I4" target="I5"/>
  <move id="154" source="D8" target="D7"/>
  <move id="155" source="F7" target="E7"/>
  <move id="156" source="D7" target="A7"/>
  <move id="157" source="E7" target="D7"/>
  <move id="158" source="A7" target="A1"/>
  <move id="159" source="D7" target="C7"/>
  <move id="160" source="A1" target="B1"/>
  <move id="161" source="C7" target="B7"/>
  <move id="162" source="B3" target="B4"/>
  <move id="163" source="B7" target="A7"/>
  <move id="164" source="B4" target="C4"/>
  <move id="165" source="C2" target="B2"/>
  <move id="166" source="C4" target="B4"/>
  <move id="167" source="D2" target="D3"/>
  <move id="168" source="B4" target="B3"/>
  <move id="169" source="D3" target="E3"/>
  <move id="170" source="B3" target="B2"/>
  <move id="171" source="E3" target="E4"/>
  <move id="172" source="B2" target="B3"/>
  <move id="173" source="A7" target="A6"/>
  <move id="174" source="B3" target="B4"/>
  <move id="175" source="E4" target="E5"/>
  <move id="176" source="B4" target="B5"/>
  <move id="177" source="E5" target="E6"/>
  <move id="178" source="B5" target="B6"/>
  <move id="179" source="A6" target="A5"/>
  <move id="180" source="B6" target="B7"/>
  <move id="181" source="E6" target="E7"/>
  <move id="182" source="B7" target="C7"/>
  <move id="183" source="E7" target="E8"/>
  <move id="184" source="C7" target="D7"/>
  <move id="185" source="I5" target="K5"/>
  <move id="186" source="D7" target="E7"/>
  <move id="187" source="E8" target="D8"/>
  <move id="188" source="A8" target="A7"/>
  <move id="189" source="A5" target="A6"/>
  <move id="190" source="A7" target="B7"/>
  <move id="191" source="K5" target="K6"/>
  <move id="192" source="B7" target="B4"/>
  <move id="193" source="K6" target="K7"/>
  <move id="194" source="E7" target="F7"/>
  <move id="195" source="K7" target="K6"/>
  <move id="196" source="F7" target="G7"/>
  <move id="197" source="F2" target="F3"/>
  <move id="198" source="G7" target="F7"/>
  <move id="199" source="F3" target="E3"/>
  <move id="200" source="F7" target="E7"/>
  <move id="201" source="E3" target="F3"/>
  <move id="202" source="E7" target="D7"/>
  <move id="203" source="D8" target="E8"/>
  <move id="204" source="D7" target="C7"/>
  <move id="205" source="F3" target="F4"/>
  <move id="206" source="C7" target="B7"/>
  <move id="207" source="F4" target="F5"/>
  <move id="208" source="B7" target="B6"/>
  <move id="209" source="A6" target="A5"/>
  <move id="210" source="B6" target="B5"/>
  <move id="211" source="A5" target="A6"/>
  <move id="212" source="B4" target="B3"/>
  <move id="213" source="F5" target="F6"/>
  <move id="214" source="B5" target="B4"/>
  <move id="215" source="C1" target="C2"/>
  <move id="216" source="B3" target="A3"/>
  <move id="217" source="F6" target="F7"/>
  <move id="218" source="B4" target="B3"/>
  <move id="219" source="F7" target="F8"/>
  <move id="220" source="A3" target="A1"/>
  <move id="221" source="E8" target="E9"/>
  <move id="222" source="D9" target="E9"/>
  <move id="223" source="G4" target="F4"/>
  <move id="224" source="A1" target="B1"/>
  <move id="225" source="F4" target="F5"/>
  <move id="226" source="B3" target="C3"/>
  <move id="227" source="C2" target="B2"/>
  <move id="228" source="C3" target="D3"/>
  <move id="229" source="F8" target="E8"/>
  <move id="230" source="D3" target="E3"/>
  <move id="231" source="K6" target="K7"/>
  <move id="232" source="E3" target="F3"/>
  <move id="233" source="F5" target="E5"/>
  <move id="234" source="F3" target="G3"/>
  <move id="235" source="G1" target="H1"/>
  <move id="236" source="G3" target="G4"/>
  <move id="237" source="K7" target="I7"/>
  <move id="238" source="G4" target="F4"/>
  <move id="239" source="I7" target="H7"/>
  <move id="240" source="F4" target="F5"/>
  <move id="241" source="E5" target="E4"/>
  <move id="242" source="F5" target="F6"/>
  <move id="243" source="H7" target="H8"/>
  <move id="244" source="F6" target="F7"/>
  <move id="245" source="H8" target="H9"/>
  <move id="246" source="F7" target="G7"/>
  <move id="247" source="H1" target="H2"/>
  <move id="248" source="G7" target="H7"/>
  <move id="249" source="H2" target="G2"/>
  <move id="250" source="H7" target="I7"/>
  <move id="251" source="I8" target="H8"/>
  <move id="252" source="I7" target="H7"/>
  <move id="253" source="H8" target="I8"/>
  <move id="254" source="H7" target="G7"/>
  <move id="255" source="B2" target="B3"/>
  <move id="256" source="G7" target="H7"/>
  <move id="257" source="B3" target="B4"/>
  <move id="258" source="H7" target="I7"/>
  <move id="259" source="I8" target="H8"/>
  <move id="260" source="I7" target="I8"/>
  <move id="261" source="H8" target="H7"/>
  <move id="262" source="I8" target="H8"/>
  <move id="263" source="H7" target="I7"/>
  <move id="264" source="H8" target="H7"/>
  <move id="265" source="I7" target="I8"/>
  <move id="266" source="H7" target="G7"/>
  <move id="267" source="B4" target="B5"/>
  <move id="268" source="G7" target="F7"/>
  <move id="269" source="A6" target="A5"/>
  <move id="270" source="F7" target="G7"/>
  <move id="271" source="B5" target="B6"/>
  <move id="272" source="G7" target="H7"/>
  <move id="273" source="B6" target="A6"/>
  <move id="274" source="H7" target="G7"/>
  <move id="275" source="A6" target="A7"/>
  <move id="276" source="G7" target="F7"/>
  <move id="277" source="A7" target="A8"/>
  <move id="278" source="F7" target="G7"/>
  <move id="279" source="A5" target="A6"/>
  <move id="280" source="G7" target="H7"/>
  <move id="281" source="A8" target="A9"/>
  <move id="282" source="H7" target="G7"/>
  <move id="283" source="A6" target="A7"/>
  <move id="284" source="G7" target="F7"/>
  <move id="285" source="E8" target="D8"/>
  <move id="286" source="F7" target="G7"/>
  <move id="287" source="A7" target="A8"/>
  <move id="288" source="G7" target="H7"/>
  <move id="289" source="A8" target="A9"/>
  <move id="290" source="C8" target="C7"/>
  <move id="291" source="A9" target="A8"/>
  <move id="292" source="C7" target="F7"/>
  <move id="293" source="A8" target="A7"/>
  <move id="294" source="F7" target="F3"/>
  <move id="295" source="G2" target="G3"/>
  <move id="296" source="F3" target="F2"/>
  <move id="297" source="G3" target="F3"/>
  <move id="298" source="F2" target="G2"/>
  <move id="299" source="E4" target="E5"/>
  <move id="300" source="H7" target="I7"/>
  <move id="301" source="I8" target="H8"/>
  <move id="302" source="I7" target="I6"/>
  <move id="303" source="H8" target="H9"/>
  <move id="304" source="I6" target="I5"/>
  <move id="305" source="H9" target="H8"/>
  <move id="306" source="I5" target="I4"/>
  <move id="307" source="H8" target="G8"/>
  <move id="308" source="G2" target="I2"/>
  <move id="309" source="I1" target="H1"/>
  <move id="310" source="I2" target="I1"/>
  <move id="311" source="K2" target="K3"/>
  <move id="312" source="I1" target="K1"/>
  <move id="313" source="H1" target="G1"/>
  <move id="314" source="I9" target="I8"/>
  <move id="315" source="G1" target="G2"/>
  <move id="316" source="I8" target="I7"/>
  <move id="317" source="F3" target="F4"/>
  <move id="318" source="I7" target="K7"/>
  <move id="319" source="F4" target="F5"/>
  <move id="320" source="K7" target="K6"/>
  <move id="321" source="F5" target="F6"/>
  <move id="322" source="K6" target="K5"/>
  <move id="323" source="G8" target="F8"/>
  <move id="324" source="K5" target="K4"/>
  <move id="325" source="F6" target="F7"/>
  <move id="326" source="I4" target="I5"/>
  <move id="327" source="K3" target="K4"/>
  <move id="328" source="I5" target="K5"/>
  <move id="329" source="K4" target="I4"/>
  <move id="330" source="K5" target="K4"/>
  <move id="331" source="I4" target="I5"/>
  <move id="332" source="K4" target="K3"/>
  <move id="333" source="K1" target="I1"/>
  <move id="334" source="K3" target="I3"/>
  <move id="335" source="I1" target="H1"/>
  <move id="336" source="I3" target="I2"/>
  <move id="337" source="G2" target="F2"/>
  <move id="338" source="I2" target="H2"/>
  <move id="339" source="H1" target="I1"/>
  <move id="340" source="H2" target="G2"/>
  <move id="341" source="F2" target="F3"/>
  <move id="342" source="G2" target="G3"/>
  <move id="343" source="F3" target="F4"/>
  <move id="344" source="G3" target="G4"/>
  <move id="345" source="F4" target="F3"/>
  <move id="346" source="G4" target="F4"/>
  <move id="347" source="F7" target="G7"/>
  <move id="348" source="F4" target="F3"/>
  <move id="349" source="G7" target="G8"/>
  <move id="350" source="F3" target="F4"/>
  <move id="351" source="G8" target="G9"/>
  <move id="352" source="F9" target="G9"/>
  <move id="353" source="F8" target="G8"/>
  <move id="354" source="G9" target="F9"/>
  <move id="355" source="G8" target="F8"/>
  <move id="356" source="F9" target="G9"/>
  <move id="357" source="F8" target="G8"/>
  <move id="358" source="G9" target="H9"/>
  <move id="359" source="G8" target="G9"/>
  <move id="360" source="H9" target="H8"/>
  <move id="361" source="I5" target="I6"/>
  <move id="362" source="F4" target="F5"/>
  <move id="363" source="E5" target="E4"/>
  <move id="364" source="F5" target="F6"/>
  <move id="365" source="A7" target="A6"/>
  <move id="366" source="F6" target="F7"/>
  <move id="367" source="D8" target="C8"/>
  <move id="368" source="F7" target="F8"/>
  <move id="369" source="I6" target="K6"/>
  <move id="370" source="F8" target="F9"/>
  <move id="371" source="G9" target="G8"/>
  <move id="372" source="H8" target="I8"/>
  <move id="373" source="G8" target="H8"/>
  <move id="374" source="I8" target="I9"/>
  <move id="375" source="H8" target="H9"/>
  <move id="376" source="I9" target="I8"/>
  <move id="377" source="H9" target="H8"/>
  <move id="378" source="I8" target="I7"/>
  <move id="379" source="K6" target="I6"/>
  <move id="380" source="I7" target="K7"/>
  <move id="381" source="H8" target="I8"/>
  <move id="382" source="F9" target="F8"/>
  <move id="383" source="C8" target="D8"/>
  <move id="384" source="F8" target="G8"/>
  <move id="385" source="I8" target="K8"/>
  <move id="386" source="G8" target="H8"/>
  <move id="387" source="K8" target="K7"/>
  <move id="388" source="H8" target="I8"/>
  <move id="389" source="I6" target="I5"/>
  <move id="390" source="I8" target="I7"/>
  <move id="391" source="K7" target="K8"/>
  <move id="392" source="I7" target="I8"/>
  <move id="393" source="K8" target="K9"/>
  <move id="394" source="I8" target="I9"/>
  <move id="395" source="K9" target="K8"/>
  <move id="396" source="I9" target="H9"/>
  <move id="397" source="D8" target="C8"/>
  <move id="398" source="H9" target="G9"/>
  <move id="399" source="C8" target="C7"/>
  <move id="400" source="G9" target="F9"/>
  <move id="401" source="K8" target="I8"/>
  <move id="402" source="F9" target="F8"/>
  <move id="403" source="I8" target="I9"/>
  <move id="404" source="F8" target="F9"/>
  <move id="405" source="I9" target="I8"/>
  <move id="406" source="F9" target="G9"/>
  <move id="407" source="I8" target="H8"/>
  <move id="408" source="G9" target="H9"/>
  <move id="409" source="H8" target="G8"/>
  <move id="410" source="H9" target="G9"/>
  <move id="411" source="G8" target="H8"/>
  <move id="412" source="G9" target="F9"/>
  <move id="413" source="H8" target="G8"/>
  <move id="414" source="F9" target="G9"/>
  <move id="415" source="G8" target="F8"/>
  <move id="416" source="G9" target="H9"/>
  <move id="417" source="F8" target="G8"/>
  <move id="418" source="H9" target="G9"/>
  <move id="419" source="G8" target="H8"/>
  <move id="420" source="G9" target="F9"/>
  <move id="421" source="I1" target="I2"/>
  <move id="422" source="F9" target="G9"/>
  <move id="423" source="I2" target="H2"/>
  <move id="424" source="G9" target="H9"/>
  <move id="425" source="H8" target="G8"/>
  <move id="426" source="H9" target="G9"/>
  <move id="427" source="G8" target="H8"/>
  <move id="428" source="G9" target="F9"/>
  <move id="429" source="I5" target="K5"/>
  <move id="430" source="F9" target="G9"/>
  <move id="431" source="H2" target="G2"/>
  <move id="432" source="G9" target="H9"/>
  <move id="433" source="H8" target="G8"/>
  <move id="434" source="H9" target="G9"/>
  <move id="435" source="G8" target="H8"/>
  <move id="436" source="G9" target="F9"/>
  <move id="437" source="H8" target="G8"/>
  <move id="438" source="F9" target="G9"/>
  <move id="439" source="G8" target="F8"/>
  <move id="440" source="G9" target="H9"/>
  <move id="441" source="G2" target="G3"/>
  <move id="442" source="H9" target="G9"/>
  <move id="443" source="G3" target="F3"/>
  <move id="444" source="G9" target="F9"/>
  <move id="445" source="F8" target="G8"/>
  <move id="446" source="F9" target="G9"/>
  <move id="447" source="G8" target="F8"/>
  <move id="448" source="G9" target="H9"/>
  <move id="449" source="F3" target="E3"/>
  <move id="450" source="H9" target="G9"/>
  <move id="451" source="E3" target="D3"/>
  <move id="452" source="G9" target="F9"/>
  <move id="453" source="F8" target="G8"/>
  <move id="454" source="F9" target="G9"/>
  <move id="455" source="G8" target="F8"/>
  <move id="456" source="G9" target="H9"/>
  <move id="457" source="F8" target="E8"/>
  <move id="458" source="H9" target="G9"/>
  <move id="459" source="E8" target="E9"/>
  <move id="460" source="G9" target="F9"/>
  <move id="461" source="E9" target="E:"/>
  <move id="462" source="F9" target="E9"/>
  <move id="463" source="E:" target="D:"/>
  <move id="464" source="E9" target="F9"/>
  <move id="465" source="D3" target="C3"/>
  <move id="466" source="F9" target="F8"/>
  <move id="467" source="C3" target="B3"/>
  <move id="468" source="F8" target="G8"/>
  <move id="469" source="K5" target="K6"/>
  <move id="470" source="G8" target="H8"/>
  <move id="471" source="B3" target="B4"/>
  <move id="472" source="H8" target="H9"/>
  <move id="473" source="B4" target="B5"/>
  <move id="474" source="H9" target="I9"/>
  <move id="475" source="B5" target="B6"/>
  <move id="476" source="I9" target="H9"/>
  <move id="477" source="B6" target="B7"/>
  <move id="478" source="B8" target="B7"/>
  <move id="479" source="C7" target="B7"/>
  <move id="480" source="H9" target="G9"/>
  <move id="481" source="B7" target="B8"/>
  <move id="482" source="G9" target="F9"/>
  <move id="483" source="B8" target="C8"/>
  <move id="484" source="F9" target="G9"/>
  <move id="485" source="A6" target="A7"/>
  <move id="486" source="G9" target="H9"/>
  <move id="487" source="K6" target="K7"/>
  <move id="488" source="H9" target="G9"/>
  <move id="489" source="K7" target="K8"/>
  <move id="490" source="G9" target="H9"/>
  <move id="491" source="C8" target="D8"/>
  <move id="492" source="H9" target="H8"/>
  <move id="493" source="K8" target="K9"/>
  <move id="494" source="H8" target="G8"/>
  <move id="495" source="K9" target="I9"/>
  <move id="496" source="G8" target="G9"/>
  <move id="497" source="I9" target="I8"/>
  <move id="498" source="G9" target="H9"/>
  <move id="499" source="D8" target="E8"/>
  <move id="500" source="H9" target="G9"/>
  <move id="501" source="E4" target="F4"/>
  <move id="502" source="G9" target="F9"/>
  <move id="503" source="E8" target="E7"/>
  <move id="504" source="F9" target="G9"/>
  <move id="505" source="F4" target="F5"/>
  <move id="506" source="G9" target="H9"/>
  <move id="507" source="E7" target="E6"/>
  <move id="508" source="H9" target="G9"/>
  <move id="509" source="F5" target="F6"/>
  <move id="510" source="G9" target="F9"/>
  <move id="511" source="F6" target="F7"/>
  <move id="512" source="F9" target="G9"/>
  <move id="513" source="F7" target="F8"/>
  <move id="514" source="G9" target="H9"/>
  <move id="515" source="F8" target="G8"/>
  <move id="516" source="H9" target="G9"/>
  <move id="517" source="G8" target="H8"/>
  <move id="518" source="G9" target="F9"/>
  <move id="519" source="H8" target="G8"/>
  <move id="520" source="F9" target="G9"/>
  <move id="521" source="G8" target="F8"/>
  <move id="522" source="G9" target="H9"/>
  <move id="523" source="F8" target="F9"/>
  <move id="524" source="H9" target="G9"/>
  <move id="525" source="F9" target="F8"/>
  <move id="526" source="G9" target="F9"/>
  <move id="527" source="F8" target="G8"/>
  <move id="528" source="F9" target="G9"/>
  <move id="529" source="G8" target="F8"/>
  <move id="530" source="G9" target="H9"/>
  <move id="531" source="F8" target="F9"/>
  <move id="532" source="H9" target="G9"/>
  <move id="533" source="F9" target="E9"/>
  <move id="534" source="G9" target="F9"/>
  <move id="535" source="E9" target="E8"/>
  <move id="536" source="F9" target="G9"/>
  <move id="537" source="I8" target="H8"/>
  <move id="538" source="G9" target="H9"/>
  <move id="539" source="H8" target="G8"/>
  <move id="540" source="H9" target="G9"/>
  <move id="541" source="G8" target="H8"/>
  <move id="542" source="G9" target="F9"/>
  <move id="543" source="E6" target="F6"/>
  <move id="544" source="F9" target="G9"/>
  <move id="545" source="F6" target="F7"/>
  <move id="546" source="G9" target="H9"/>
  <move id="547" source="H8" target="G8"/>
  <move id="548" source="H9" target="G9"/>
  <move id="549" source="G8" target="H8"/>
  <move id="550" source="G9" target="F9"/>
  <move id="551" source="H8" target="H9"/>
  <move id="552" source="F9" target="G9"/>
  <move id="553" source="H9" target="H8"/>
  <move id="554" source="G9" target="F9"/>
  <move id="555" source="H8" target="G8"/>
  <move id="556" source="B9" target="B8"/>
  <move id="557" source="E8" target="D8"/>
  <move id="558" source="F9" target="G9"/>
  <move id="559" source="G8" target="F8"/>
  <move id="560" source="G9" target="H9"/>
  <move id="561" source="D8" target="C8"/>
  <move id="562" source="B8" target="B3"/>
  <move id="563" source="F8" target="G8"/>
  <move id="564" source="B3" target="G3"/>
  <move id="565" source="F7" target="F6"/>
  <move id="566" source="G3" target="G1"/>
  <move id="567" source="F6" target="F5"/>
  <move id="568" source="G1" target="K1"/>
  <move id="569" source="A7" target="A8"/>
  <move id="570" source="K1" target="K2"/>
  <move id="571" source="C8" target="B8"/>
  <move id="572" source="K2" target="K1"/>
  <move id="573" source="B8" target="B9"/>
  <move id="574" source="K1" target="K2"/>
  <move id="575" source="B9" target="B:"/>
  <move id="576" source="K2" target="K3"/>
  <move id="577" source="B:" target="C:"/>
  <move id="578" source="K3" target="K2"/>
  <move id="579" source="F5" target="F4"/>
  <move id="580" source="K2" target="K3"/>
  <move id="581" source="F4" target="G4"/>
  <move id="582" source="K3" target="I3"/>
  <move id="583" source="G4" target="H4"/>
  <move id="584" source="I3" target="I1"/>
  <move id="585" source="H4" target="I4"/>
  <move id="586" source="I1" target="G1"/>
  <move id="587" source="I4" target="H4"/>
  <move id="588" source="G1" target="G3"/>
  <move id="589" source="H4" target="G4"/>
  <move id="590" source="G3" target="A3"/>
  <move id="591" source="G4" target="H4"/>
  <move id="592" source="K:" target="K9"/>
  <move id="593" source="H4" target="I4"/>
  <move id="594" source="K9" target="K8"/>
  <move id="595" source="A8" target="A7"/>
  <move id="596" source="C9" target="B9"/>
  <move id="597" source="A7" target="A6"/>
  <move id="598" source="B9" target="B8"/>
  <move id="599" source="G8" target="F8"/>
  <move id="600" source="H9" target="G9"/>
  <move id="601" source="F8" target="E8"/>
  <move id="602" source="B8" target="B9"/>
  <move id="603" source="A6" target="A7"/>
  <move id="604" source="K8" target="K7"/>
  <move id="605" source="A7" target="A8"/>
  <move id="606" source="G9" target="F9"/>
  <move id="607" source="I4" target="I5"/>
  <move id="608" source="K7" target="K6"/>
  <move id="609" source="A8" target="B8"/>
  <move id="610" source="B9" target="A9"/>
  <move id="611" source="B8" target="B7"/>
  <move id="612" source="A9" target="A8"/>
  <move id="613" source="B7" target="A7"/>
  <move id="614" source="A8" target="B8"/>
  <move id="615" source="E8" target="E7"/>
  <move id="616" source="I:" target="I9"/>
  <move id="617" source="A7" target="B7"/>
  <move id="618" source="B8" target="A8"/>
  <move id="619" source="E7" target="F7"/>
  <move id="620" source="I9" target="H9"/>
  <move id="621" source="F7" target="G7"/>
  <move id="622" source="H9" target="H8"/>
  <move id="623" source="G7" target="G8"/>
  <move id="624" source="H8" target="H7"/>
  <move id="625" source="B7" target="B6"/>
  <move id="626" source="A8" target="A7"/>
  <move id="627" source="B6" target="B5"/>
  <move id="628" source="A7" target="A6"/>
  <move id="629" source="B5" target="B4"/>
  <move id="630" source="A3" target="A2"/>
  <move id="631" source="B4" target="B3"/>
  <move id="632" source="A6" target="A5"/>
  <move id="633" source="B3" target="C3"/>
  <move id="634" source="A5" target="A4"/>
  <move id="635" source="C3" target="B3"/>
  <move id="636" source="A2" target="A1"/>
  <move id="637" source="B3" target="B2"/>
  <move id="638" source="A4" target="A3"/>
  <move id="639" source="B2" target="A2"/>
  <move id="640" source="A3" target="B3"/>
  <move id="641" source="A2" target="A1"/>
  <move id="642" source="B3" target="C3"/>
  <move id="643" source="A1" target="A2"/>
  <move id="644" source="C3" target="C2"/>
  <move id="645" source="A2" target="B2"/>
  <move id="646" source="C2" target="C3"/>
  <move id="647" source="B2" target="B3"/>
  <move id="648" source="C3" target="C4"/>
  <move id="649" source="B3" target="C3"/>
  <move id="650" source="C4" target="B4"/>
  <move id="651" source="C3" target="D3"/>
  <move id="652" source="B4" target="B5"/>
  <move id="653" source="D3" target="E3"/>
  <move id="654" source="B5" target="A5"/>
  <move id="655" source="E3" target="F3"/>
  <move id="656" source="A5" target="A6"/>
  <move id="657" source="F3" target="G3"/>
  <move id="658" source="A6" target="A5"/>
  <move id="659" source="G3" target="G4"/>
  <move id="660" source="A5" target="A6"/>
  <move id="661" source="G4" target="H4"/>
  <move id="662" source="K6" target="K7"/>
  <move id="663" source="I5" target="I6"/>
  <move id="664" source="F9" target="G9"/>
  <move id="665" source="G8" target="F8"/>
  <move id="666" source="H7" target="G7"/>
  <move id="667" source="I6" target="I7"/>
  <move id="668" source="K7" target="K6"/>
  <move id="669" source="I7" target="K7"/>
  <move id="670" source="K6" target="K5"/>
  <move id="671" source="H4" target="I4"/>
  <move id="672" source="G9" target="F9"/>
  <move id="673" source="F8" target="F7"/>
  <move id="674" source="G7" target="G8"/>
  <move id="675" source="F7" target="E7"/>
  <move id="676" source="F9" target="F8"/>
  <move id="677" source="K7" target="K6"/>
  <move id="678" source="G8" target="G7"/>
  <move id="679" source="K6" target="K5"/>
  <move id="680" source="G7" target="F7"/>
  <move id="681" source="I4" target="H4"/>
  <move id="682" source="F7" target="G7"/>
  <move id="683" source="H4" target="G4"/>
  <move id="684" source="G7" target="G8"/>
  <move id="685" source="K5" target="K6"/>
  <move id="686" source="G8" target="G9"/>
  <move id="687" source="K6" target="K7"/>
  <move id="688" source="G9" target="F9"/>
  <move id="689" source="K7" target="I7"/>
  <move id="690" source="F8" target="G8"/>
  <move id="691" source="G4" target="F4"/>
  <move id="692" source="A6" target="A5"/>
  <move id="693" source="F4" target="E4"/>
  <move id="694" source="A5" target="A4"/>
  <move id="695" source="E4" target="E3"/>
  <move id="696" source="A4" target="A5"/>
  <move id="697" source="E3" target="D3"/>
  <move id="698" source="A5" target="A6"/>
  <move id="699" source="D3" target="C3"/>
  <move id="700" source="A6" target="A5"/>
  <move id="701" source="C3" target="B3"/>
  <move id="702" source="A5" target="A4"/>
  <move id="703" source="E7" target="E8"/>
  <move id="704" source="F9" target="F8"/>
  <move id="705" source="E8" target="E7"/>
  <move id="706" source="F8" target="F9"/>
  <move id="707" source="I7" target="H7"/>
  <move id="708" source="F9" target="G9"/>
  <move id="709" source="E7" target="E8"/>
  <move id="710" source="G9" target="H9"/>
  <move id="711" source="E8" target="E9"/>
  <move id="712" source="H9" target="I9"/>
  <move id="713" source="E9" target="F9"/>
  <move id="714" source="I9" target="K9"/>
  <move id="715" source="H7" target="I7"/>
  <move id="716" source="G8" target="G9"/>
  <move id="717" source="F9" target="F8"/>
  <move id="718" source="A4" target="A5"/>
  <move id="719" source="B3" target="B4"/>
  <move id="720" source="A5" target="A6"/>
  <move id="721" source="B4" target="B5"/>
  <move id="722" source="A6" target="A7"/>
  <move id="723" source="B5" target="B6"/>
  <move id="724" source="K9" target="I9"/>
  <move id="725" source="I7" target="I8"/>
  <move id="726" source="I9" target="K9"/>
  <move id="727" source="I8" target="K8"/>
  <move id="728" source="K9" target="I9"/>
  <move id="729" source="K8" target="I8"/>
  <move id="730" source="I9" target="H9"/>
  <move id="731" source="B6" target="A6"/>
  <move id="732" source="A7" target="B7"/>
  <move id="733" source="F8" target="F7"/>
  <move id="734" source="G9" target="G8"/>
  <move id="735" source="F7" target="E7"/>
  <move id="736" source="H9" target="G9"/>
  <move id="737" source="I8" target="I7"/>
  <move id="738" source="G9" target="F9"/>
  <move id="739" source="I7" target="I6"/>
  <move id="740" source="G8" target="G7"/>
  <move id="741" source="E7" target="E8"/>
  <move id="742" source="G7" target="G8"/>
  <move id="743" source="I6" target="I5"/>
  <move id="744" source="F9" target="F8"/>
  <move id="745" source="I5" target="I4"/>
  <move id="746" source="F8" target="F7"/>
  <move id="747" source="E8" target="E7"/>
  <move id="748" source="F7" target="F6"/>
  <move id="749" source="I4" target="H4"/>
  <move id="750" source="F6" target="F5"/>
  <move id="751" source="H4" target="G4"/>
  <move id="752" source="F5" target="F4"/>
  <move id="753" source="G4" target="F4"/>
  <move id="754" source="G8" target="F8"/>
  <move id="755" source="A6" target="B6"/>
  <move id="756" source="F8" target="F7"/>
  <move id="757" source="B6" target="B7"/>
  <move id="758" source="F7" target="E7"/>
  <move id="759" source="F4" target="F5"/>
  <player id="1">Player 1</player>
  <player id="2">Player 2</player>
  <result type="4" winner="3"/>
 </game>
</stratego>