<?xml version="1.0" encoding="UTF-8"?>
<stratego>
 <game type="classic">
  
  <field content="MBEBBFGBFDBIGEEICBDDHJEFHKEHFJDGLDDGIDDHAA__AA__AAAA__AA__AATPRQPTXURPSPUWOUQPPTPVSQQVSNTPSNNYRNNRQN"/>
  <move id="1" source="K4" target="K5"/>
  <move id="2" source="F7" target="F6"/>
  <move id="3" source="K5" target="K6"/>
  <move id="4" source="F6" target="F5"/>
  <move id="5" source="B4" target="B5"/>
  <move id="6" source="E7" target="E6"/>
  <move id="7" source="B5" target="B6"/>
  <move id="8" source="E6" target="E5"/>
  <move id="9" source="A4" target="A7"/>
  <move id="10" source="B7" target="B6"/>
  <move id="11" source="I4" target="I7"/>
  <move id="12" source="A7" target="B7"/>
  <move id="13" source="B6" target="A6"/>
  <move id="14" source="D7" target="E7"/>
  <move id="15" source="K6" target="I6"/>
  <move id="16" source="E7" target="F7"/>
  <move id="17" source="I6" target="I7"/>
  <move id="18" source="H7" target="I7"/>
  <move id="19" source="H4" target="I4"/>
  <move id="20" source="I7" target="H7"/>
  <move id="21" source="I4" target="I8"/>
  <move id="22" source="H8" target="I8"/>
  <move id="23" source="G4" target="H4"/>
  <move id="24" source="I8" target="I7"/>
  <move id="25" source="H4" target="I4"/>
  <move id="26" source="G8" target="H8"/>
  <move id="27" source="I4" target="I5"/>
  <move id="28" source="H8" target="I8"/>
  <move id="29" source="I5" target="I6"/>
  <move id="30" source="F7" target="E7"/>
  <move id="31" source="I3" target="I4"/>
  <move id="32" source="E7" target="E6"/>
  <move id="33" source="I4" target="K4"/>
  <move id="34" source="B7" target="B6"/>
  <move id="35" source="A6" target="A5"/>
  <move id="36" source="B6" target="B7"/>
  <move id="37" source="K4" target="K5"/>
  <move id="38" source="E8" target="E7"/>
  <move id="39" source="K5" target="K6"/>
  <move id="40" source="E7" target="D7"/>
  <move id="41" source="K6" target="K7"/>
  <move id="42" source="I7" target="I6"/>
  <move id="43" source="K7" target="K8"/>
  <move id="44" source="H7" target="I7"/>
  <move id="45" source="I6" target="K6"/>
  <move id="46" source="I7" target="K7"/>
  <move id="47" source="I2" target="I8"/>
  <move id="48" source="K7" target="K6"/>
  <move id="49" source="K3" target="K4"/>
  <move id="50" source="K8" target="K7"/>
  <move id="51" source="K4" target="K5"/>
  <move id="52" source="K7" target="I7"/>
  <move id="53" source="K5" target="K6"/>
  <move id="54" source="I7" target="H7"/>
  <move id="55" source="K6" target="K7"/>
  <move id="56" source="I8" target="I7"/>
  <move id="57" source="K7" target="K8"/>
  <move id="58" source="K9" target="K8"/>
  <move id="59" source="K8" target="K7"/>
  <move id="60" source="I7" target="I8"/>
  <move id="61" source="K7" target="I7"/>
  <move id="62" source="H7" target="H8"/>
  <move id="63" source="K2" target="K:"/>
  <move id="64" source="H8" target="G8"/>
  <move id="65" source="K1" target="K9"/>
  <move id="66" source="G7" target="H7"/>
  <move id="67" source="I7" target="K7"/>
  <move id="68" source="H7" target="I7"/>
  <move id="69" source="K7" target="K6"/>
  <move id="70" source="I7" target="K7"/>
  <move id="71" source="K6" target="I6"/>
  <move id="72" source="I9" target="K9"/>
  <move id="73" source="F4" target="G4"/>
  <move id="74" source="K7" target="I7"/>
  <move id="75" source="I6" target="K6"/>
  <move id="76" source="I7" target="K7"/>
  <move id="77" source="K6" target="I6"/>
  <move id="78" source="K7" target="I7"/>
  <move id="79" source="I6" target="K6"/>
  <move id="80" source="I8" target="K8"/>
  <move id="81" source="G4" target="H4"/>
  <move id="82" source="I7" target="H7"/>
  <move id="83" source="H4" target="I4"/>
  <move id="84" source="K8" target="I8"/>
  <move id="85" source="I4" target="I5"/>
  <move id="86" source="I8" target="I7"/>
  <move id="87" source="I5" target="I6"/>
  <move id="88" source="K9" target="I9"/>
  <move id="89" source="I6" target="I7"/>
  <move id="90" source="H7" target="H8"/>
  <move id="91" source="I7" target="I6"/>
  <move id="92" source="I9" target="I8"/>
  <move id="93" source="I6" target="I5"/>
  <move id="94" source="H8" target="H7"/>
  <move id="95" source="I5" target="I4"/>
  <move id="96" source="H7" target="G7"/>
  <move id="97" source="I4" target="I3"/>
  <move id="98" source="G7" target="F7"/>
  <move id="99" source="I3" target="I2"/>
  <move id="100" source="F7" target="E7"/>
  <move id="101" source="E4" target="F4"/>
  <move id="102" source="E7" target="E8"/>
  <move id="103" source="F4" target="G4"/>
  <move id="104" source="F5" target="F6"/>
  <move id="105" source="G4" target="H4"/>
  <move id="106" source="G8" target="H8"/>
  <move id="107" source="H4" target="I4"/>
  <move id="108" source="F8" target="G8"/>
  <move id="109" source="I4" target="I3"/>
  <move id="110" source="F9" target="F8"/>
  <move id="111" source="F3" target="F4"/>
  <move id="112" source="F8" target="F7"/>
  <move id="113" source="F4" target="F5"/>
  <move id="114" source="E5" target="F5"/>
  <move id="115" source="D4" target="E4"/>
  <move id="116" source="G8" target="F8"/>
  <move id="117" source="E4" target="E6"/>
  <move id="118" source="F8" target="F9"/>
  <move id="119" source="D3" target="D4"/>
  <move id="120" source="E6" target="E7"/>
  <move id="121" source="D4" target="E4"/>
  <move id="122" source="F6" target="E6"/>
  <move id="123" source="E4" target="E5"/>
  <move id="124" source="F7" target="F6"/>
  <move id="125" source="F5" target="F4"/>
  <move id="126" source="E6" target="E5"/>
  <move id="127" source="C4" target="D4"/>
  <move id="128" source="E7" target="F7"/>
  <move id="129" source="D4" target="E4"/>
  <move id="130" source="F7" target="G7"/>
  <move id="131" source="E4" target="E5"/>
  <move id="132" source="F6" target="F7"/>
  <move id="133" source="E5" target="E6"/>
  <move id="134" source="F7" target="F8"/>
  <move id="135" source="E6" target="F6"/>
  <move id="136" source="F8" target="G8"/>
  <move id="137" source="F6" target="F7"/>
  <move id="138" source="I8" target="I9"/>
  <move id="139" source="F7" target="G7"/>
  <move id="140" source="G8" target="F8"/>
  <move id="141" source="G7" target="F7"/>
  <move id="142" source="F8" target="G8"/>
  <move id="143" source="I3" target="I4"/>
  <move id="144" source="D7" target="E7"/>
  <move id="145" source="F7" target="F6"/>
  <move id="146" source="E8" target="F8"/>
  <move id="147" source="F4" target="E4"/>
  <move id="148" source="E7" target="D7"/>
  <move id="149" source="I4" target="I5"/>
  <move id="150" source="G8" target="G7"/>
  <move id="151" source="I5" target="I6"/>
  <move id="152" source="G7" target="H7"/>
  <move id="153" source="I6" target="I7"/>
  <move id="154" source="H7" target="I7"/>
  <move id="155" source="K6" target="I6"/>
  <move id="156" source="H8" target="G8"/>
  <move id="157" source="I6" target="I7"/>
  <move id="158" source="G8" target="G7"/>
  <move id="159" source="E4" target="F4"/>
  <move id="160" source="F8" target="G8"/>
  <move id="161" source="F4" target="G4"/>
  <move id="162" source="E9" target="E8"/>
  <move id="163" source="G4" target="H4"/>
  <move id="164" source="E8" target="E7"/>
  <move id="165" source="H4" target="I4"/>
  <move id="166" source="G8" target="H8"/>
  <move id="167" source="I4" target="I5"/>
  <move id="168" source="H8" target="H7"/>
  <move id="169" source="I5" target="I6"/>
  <move id="170" source="H7" target="I7"/>
  <move id="171" source="I6" target="I5"/>
  <move id="172" source="I7" target="I6"/>
  <move id="173" source="I5" target="I4"/>
  <move id="174" source="I6" target="I5"/>
  <move id="175" source="I4" target="H4"/>
  <move id="176" source="I5" target="I4"/>
  <move id="177" source="H4" target="G4"/>
  <move id="178" source="I4" target="I5"/>
  <move id="179" source="G4" target="F4"/>
  <move id="180" source="I5" target="I6"/>
  <move id="181" source="F4" target="E4"/>
  <move id="182" source="I6" target="I7"/>
  <move id="183" source="E4" target="D4"/>
  <move id="184" source="I7" target="H7"/>
  <move id="185" source="D4" target="C4"/>
  <move id="186" source="H7" target="H8"/>
  <move id="187" source="C4" target="B4"/>
  <move id="188" source="H8" target="G8"/>
  <move id="189" source="B4" target="B5"/>
  <move id="190" source="G8" target="F8"/>
  <move id="191" source="B5" target="B6"/>
  <move id="192" source="B7" target="A7"/>
  <move id="193" source="B6" target="A6"/>
  <move id="194" source="A7" target="B7"/>
  <move id="195" source="A6" target="B6"/>
  <move id="196" source="E7" target="F7"/>
  <move id="197" source="F6" target="E6"/>
  <move id="198" source="D8" target="E8"/>
  <move id="199" source="A5" target="A4"/>
  <move id="200" source="F7" target="E7"/>
  <move id="201" source="E6" target="E5"/>
  <move id="202" source="D9" target="E9"/>
  <move id="203" source="E5" target="E4"/>
  <move id="204" source="E9" target="D9"/>
  <move id="205" source="E4" target="D4"/>
  <move id="206" source="E8" target="E9"/>
  <move id="207" source="D4" target="C4"/>
  <move id="208" source="E7" target="F7"/>
  <move id="209" source="C4" target="B4"/>
  <move id="210" source="E9" target="E8"/>
  <move id="211" source="B4" target="B5"/>
  <move id="212" source="E8" target="E7"/>
  <move id="213" source="B5" target="A5"/>
  <move id="214" source="E7" target="E6"/>
  <move id="215" source="A5" target="A6"/>
  <move id="216" source="E6" target="E5"/>
  <move id="217" source="A6" target="A7"/>
  <move id="218" source="E5" target="E4"/>
  <move id="219" source="A7" target="B7"/>
  <move id="220" source="F7" target="F6"/>
  <move id="221" source="A4" target="A5"/>
  <move id="222" source="F6" target="F5"/>
  <move id="223" source="A5" target="A6"/>
  <move id="224" source="F5" target="F4"/>
  <move id="225" source="A6" target="A7"/>
  <move id="226" source="F4" target="F3"/>
  <move id="227" source="E3" target="F3"/>
  <move id="228" source="F8" target="E8"/>
  <move id="229" source="A7" target="A8"/>
  <move id="230" source="F9" target="F8"/>
  <move id="231" source="C3" target="C4"/>
  <move id="232" source="F8" target="F7"/>
  <move id="233" source="C4" target="B4"/>
  <move id="234" source="F7" target="F6"/>
  <move id="235" source="B4" target="A4"/>
  <move id="236" source="F6" target="F5"/>
  <move id="237" source="A4" target="A5"/>
  <move id="238" source="F5" target="F4"/>
  <move id="239" source="A5" target="A6"/>
  <move id="240" source="E4" target="E3"/>
  <move id="241" source="A6" target="A7"/>
  <move id="242" source="D9" target="E9"/>
  <move id="243" source="A7" target="A8"/>
  <move id="244" source="E9" target="F9"/>
  <move id="245" source="A8" target="A9"/>
  <move id="246" source="C9" target="D9"/>
  <move id="247" source="A9" target="A:"/>
  <move id="248" source="D9" target="E9"/>
  <move id="249" source="A3" target="A4"/>
  <move id="250" source="E3" target="F3"/>
  <move id="251" source="A4" target="A5"/>
  <move id="252" source="G9" target="G8"/>
  <move id="253" source="A5" target="A6"/>
  <move id="254" source="G8" target="F8"/>
  <move id="255" source="A6" target="A7"/>
  <move id="256" source="F8" target="F7"/>
  <move id="257" source="A7" target="A8"/>
  <move id="258" source="F7" target="E7"/>
  <move id="259" source="A8" target="A9"/>
  <move id="260" source="E7" target="E6"/>
  <move id="261" source="A9" target="A:"/>
  <move id="262" source="B9" target="A9"/>
  <move id="263" source="B7" target="A7"/>
  <move id="264" source="A9" target="B9"/>
  <move id="265" source="B6" target="A6"/>
  <move id="266" source="E6" target="E5"/>
  <move id="267" source="C2" target="C3"/>
  <move id="268" source="E5" target="E4"/>
  <move id="269" source="C3" target="C4"/>
  <move id="270" source="E4" target="E3"/>
  <move id="271" source="C4" target="B4"/>
  <move id="272" source="E3" target="E2"/>
  <move id="273" source="B4" target="B5"/>
  <move id="274" source="E2" target="F2"/>
  <move id="275" source="B5" target="B6"/>
  <move id="276" source="F3" target="F2"/>
  <move id="277" source="B6" target="B7"/>
  <move id="278" source="F9" target="F8"/>
  <move id="279" source="B7" target="B8"/>
  <move id="280" source="B9" target="B8"/>
  <move id="281" source="A7" target="B7"/>
  <move id="282" source="B8" target="B9"/>
  <move id="283" source="A6" target="A5"/>
  <move id="284" source="F4" target="F5"/>
  <move id="285" source="A5" target="A4"/>
  <move id="286" source="F5" target="F6"/>
  <move id="287" source="A4" target="B4"/>
  <move id="288" source="F6" target="F7"/>
  <move id="289" source="B4" target="C4"/>
  <move id="290" source="F8" target="F9"/>
  <move id="291" source="C4" target="D4"/>
  <move id="292" source="D7" target="E7"/>
  <move id="293" source="D4" target="E4"/>
  <move id="294" source="E7" target="E6"/>
  <move id="295" source="E4" target="E3"/>
  <move id="296" source="E6" target="E5"/>
  <move id="297" source="E3" target="F3"/>
  <move id="298" source="F2" target="E2"/>
  <move id="299" source="F3" target="F4"/>
  <move id="300" source="G7" target="G8"/>
  <move id="301" source="F4" target="G4"/>
  <move id="302" source="E5" target="E6"/>
  <move id="303" source="G4" target="H4"/>
  <move id="304" source="G8" target="G9"/>
  <move id="305" source="H4" target="I4"/>
  <move id="306" source="E6" target="E7"/>
  <move id="307" source="I4" target="I5"/>
  <move id="308" source="F7" target="F6"/>
  <move id="309" source="I5" target="I6"/>
  <move id="310" source="E7" target="F7"/>
  <move id="311" source="I6" target="I7"/>
  <move id="312" source="F7" target="G7"/>
  <move id="313" source="I7" target="I6"/>
  <move id="314" source="F6" target="F7"/>
  <move id="315" source="I6" target="I5"/>
  <move id="316" source="F7" target="F8"/>
  <move id="317" source="I5" target="I4"/>
  <move id="318" source="G7" target="F7"/>
  <move id="319" source="I4" target="H4"/>
  <move id="320" source="F7" target="F6"/>
  <move id="321" source="H4" target="G4"/>
  <move id="322" source="F8" target="F7"/>
  <move id="323" source="G4" target="F4"/>
  <move id="324" source="F6" target="E6"/>
  <move id="325" source="F4" target="G4"/>
  <move id="326" source="E6" target="E7"/>
  <move id="327" source="G4" target="H4"/>
  <move id="328" source="E7" target="D7"/>
  <move id="329" source="B7" target="A7"/>
  <move id="330" source="D7" target="D8"/>
  <move id="331" source="A:" target="A9"/>
  <move id="332" source="B9" target="A9"/>
  <move id="333" source="A7" target="A8"/>
  <move id="334" source="A9" target="B9"/>
  <move id="335" source="A8" target="A9"/>
  <move id="336" source="B9" target="B8"/>
  <move id="337" source="A9" target="A8"/>
  <move id="338" source="B8" target="B9"/>
  <move id="339" source="A8" target="A7"/>
  <move id="340" source="E2" target="E3"/>
  <move id="341" source="A7" target="B7"/>
  <move id="342" source="B9" target="A9"/>
  <move id="343" source="H4" target="I4"/>
  <move id="344" source="E8" target="F8"/>
  <move id="345" source="I4" target="I5"/>
  <move id="346" source="F8" target="G8"/>
  <move id="347" source="I5" target="I6"/>
  <move id="348" source="G8" target="H8"/>
  <move id="349" source="I6" target="I7"/>
  <move id="350" source="E3" target="E4"/>
  <move id="351" source="I7" target="I6"/>
  <move id="352" source="E4" target="F4"/>
  <move id="353" source="I6" target="I5"/>
  <move id="354" source="F4" target="G4"/>
  <move id="355" source="I5" target="I6"/>
  <move id="356" source="G4" target="H4"/>
  <move id="357" source="I6" target="K6"/>
  <move id="358" source="H4" target="I4"/>
  <move id="359" source="K6" target="K7"/>
  <move id="360" source="H8" target="I8"/>
  <move id="361" source="B3" target="B4"/>
  <move id="362" source="I4" target="I5"/>
  <move id="363" source="B4" target="C4"/>
  <move id="364" source="I5" target="I6"/>
  <move id="365" source="C4" target="D4"/>
  <move id="366" source="I6" target="K6"/>
  <move id="367" source="D4" target="E4"/>
  <move id="368" source="K6" target="K7"/>
  <move id="369" source="E4" target="E5"/>
  <move id="370" source="I8" target="H8"/>
  <move id="371" source="E5" target="E6"/>
  <move id="372" source="H8" target="G8"/>
  <move id="373" source="E6" target="E7"/>
  <move id="374" source="G8" target="F8"/>
  <move id="375" source="E7" target="D7"/>
  <move id="376" source="D8" target="E8"/>
  <move id="377" source="D7" target="D8"/>
  <move id="378" source="E8" target="E7"/>
  <move id="379" source="D8" target="C8"/>
  <move id="380" source="F8" target="E8"/>
  <move id="381" source="C8" target="B8"/>
  <move id="382" source="F7" target="F6"/>
  <move id="383" source="B8" target="B9"/>
  <move id="384" source="E8" target="D8"/>
  <move id="385" source="B9" target="A9"/>
  <move id="386" source="E7" target="E6"/>
  <move id="387" source="B7" target="B6"/>
  <move id="388" source="D8" target="E8"/>
  <move id="389" source="B6" target="B5"/>
  <move id="390" source="E8" target="E7"/>
  <move id="391" source="B5" target="B4"/>
  <move id="392" source="E6" target="E5"/>
  <move id="393" source="B4" target="C4"/>
  <move id="394" source="E5" target="E4"/>
  <move id="395" source="B2" target="B3"/>
  <move id="396" source="E7" target="D7"/>
  <move id="397" source="B3" target="B4"/>
  <move id="398" source="F6" target="F5"/>
  <move id="399" source="B4" target="B5"/>
  <move id="400" source="D7" target="D8"/>
  <move id="401" source="B5" target="B6"/>
  <move id="402" source="D8" target="C8"/>
  <move id="403" source="B6" target="B7"/>
  <move id="404" source="F5" target="F4"/>
  <move id="405" source="B7" target="B6"/>
  <move id="406" source="F4" target="F3"/>
  <move id="407" source="B6" target="B5"/>
  <move id="408" source="F3" target="E3"/>
  <move id="409" source="B5" target="B4"/>
  <move id="410" source="E3" target="D3"/>
  <move id="411" source="B4" target="B3"/>
  <move id="412" source="D3" target="E3"/>
  <move id="413" source="B3" target="C3"/>
  <move id="414" source="C8" target="D8"/>
  <move id="415" source="C3" target="B3"/>
  <move id="416" source="D8" target="C8"/>
  <move id="417" source="B3" target="B4"/>
  <move id="418" source="C8" target="B8"/>
  <move id="419" source="B4" target="B5"/>
  <move id="420" source="B8" target="B7"/>
  <move id="421" source="B5" target="B4"/>
  <move id="422" source="B7" target="B6"/>
  <move id="423" source="B4" target="B3"/>
  <move id="424" source="B6" target="B7"/>
  <move id="425" source="G3" target="G4"/>
  <move id="426" source="E3" target="F3"/>
  <move id="427" source="G4" target="H4"/>
  <move id="428" source="F3" target="F4"/>
  <move id="429" source="H4" target="I4"/>
  <move id="430" source="I9" target="I8"/>
  <move id="431" source="I4" target="K4"/>
  <move id="432" source="F4" target="G4"/>
  <move id="433" source="B3" target="C3"/>
  <move id="434" source="G4" target="F4"/>
  <move id="435" source="C3" target="D3"/>
  <move id="436" source="E4" target="E5"/>
  <move id="437" source="D3" target="E3"/>
  <move id="438" source="B7" target="B8"/>
  <move id="439" source="K4" target="K3"/>
  <move id="440" source="B8" target="C8"/>
  <move id="441" source="H3" target="H4"/>
  <move id="442" source="I8" target="H8"/>
  <move id="443" source="H4" target="I4"/>
  <move id="444" source="H8" target="G8"/>
  <move id="445" source="I4" target="I5"/>
  <move id="446" source="C8" target="D8"/>
  <move id="447" source="I5" target="I6"/>
  <move id="448" source="D8" target="E8"/>
  <move id="449" source="K3" target="K4"/>
  <move id="450" source="E8" target="F8"/>
  <move id="451" source="K4" target="K5"/>
  <move id="452" source="G8" target="G7"/>
  <move id="453" source="K5" target="K6"/>
  <move id="454" source="G7" target="F7"/>
  <move id="455" source="K6" target="K7"/>
  <move id="456" source="F4" target="G4"/>
  <move id="457" source="K7" target="K8"/>
  <move id="458" source="G4" target="H4"/>
  <move id="459" source="I6" target="K6"/>
  <move id="460" source="H4" target="I4"/>
  <move id="461" source="K8" target="K9"/>
  <move id="462" source="I4" target="K4"/>
  <move id="463" source="K9" target="K:"/>
  <move id="464" source="K4" target="K5"/>
  <move id="465" source="K6" target="I6"/>
  <move id="466" source="K5" target="I5"/>
  <move id="467" source="I6" target="I7"/>
  <move id="468" source="I5" target="I6"/>
  <move id="469" source="I7" target="I8"/>
  <move id="470" source="I6" target="I7"/>
  <move id="471" source="I8" target="H8"/>
  <move id="472" source="I7" target="H7"/>
  <move id="473" source="H8" target="I8"/>
  <move id="474" source="H7" target="I7"/>
  <move id="475" source="I8" target="I9"/>
  <move id="476" source="I7" target="I8"/>
  <move id="477" source="I9" target="I:"/>
  <move id="478" source="I8" target="I9"/>
  <move id="479" source="I:" target="H:"/>
  <move id="480" source="I9" target="I:"/>
  <move id="481" source="K:" target="K9"/>
  <move id="482" source="I:" target="H:"/>
  <move id="483" source="K9" target="I9"/>
  <move id="484" source="F7" target="G7"/>
  <move id="485" source="E3" target="E4"/>
  <move id="486" source="E5" target="E6"/>
  <move id="487" source="E4" target="E5"/>
  <move id="488" source="E6" target="F6"/>
  <move id="489" source="E5" target="F5"/>
  <move id="490" source="F6" target="E6"/>
  <move id="491" source="F5" target="E5"/>
  <move id="492" source="E6" target="E7"/>
  <move id="493" source="E5" target="E6"/>
  <move id="494" source="E7" target="F7"/>
  <move id="495" source="E6" target="F6"/>
  <move id="496" source="G7" target="H7"/>
  <move id="497" source="F6" target="F7"/>
  <move id="498" source="F8" target="F7"/>
  <move id="499" source="I9" target="H9"/>
  <move id="500" source="H:" target="H9"/>
  <move id="501" source="C4" target="B4"/>
  <move id="502" source="F7" target="E7"/>
  <move id="503" source="B4" target="B5"/>
  <move id="504" source="E7" target="D7"/>
  <move id="505" source="B5" target="B6"/>
  <move id="506" source="C7" target="C8"/>
  <move id="507" source="B6" target="B7"/>
  <move id="508" source="D7" target="C7"/>
  <move id="509" source="B7" target="B6"/>
  <move id="510" source="C8" target="D8"/>
  <move id="511" source="B6" target="B5"/>
  <move id="512" source="D8" target="C8"/>
  <move id="513" source="B5" target="B4"/>
  <move id="514" source="H7" target="G7"/>
  <move id="515" source="B4" target="C4"/>
  <move id="516" source="G7" target="F7"/>
  <move id="517" source="C4" target="D4"/>
  <move id="518" source="F7" target="E7"/>
  <move id="519" source="D4" target="E4"/>
  <move id="520" source="E7" target="D7"/>
  <move id="521" source="E4" target="F4"/>
  <move id="522" source="D7" target="D8"/>
  <move id="523" source="F4" target="F5"/>
  <move id="524" source="C7" target="D7"/>
  <move id="525" source="F5" target="F6"/>
  <move id="526" source="D7" target="E7"/>
  <move id="527" source="F6" target="F5"/>
  <move id="528" source="C8" target="B8"/>
  <move id="529" source="F5" target="F4"/>
  <move id="530" source="E7" target="E6"/>
  <move id="531" source="F4" target="G4"/>
  <move id="532" source="E6" target="F6"/>
  <move id="533" source="G4" target="H4"/>
  <move id="534" source="B8" target="A8"/>
  <move id="535" source="H4" target="I4"/>
  <move id="536" source="D8" target="C8"/>
  <move id="537" source="I4" target="I5"/>
  <move id="538" source="C8" target="B8"/>
  <move id="539" source="I5" target="I6"/>
  <move id="540" source="B8" target="B7"/>
  <move id="541" source="I6" target="I7"/>
  <move id="542" source="F6" target="F7"/>
  <move id="543" source="I7" target="H7"/>
  <move id="544" source="H9" target="I9"/>
  <move id="545" source="H7" target="I7"/>
  <move id="546" source="I9" target="H9"/>
  <move id="547" source="I7" target="I6"/>
  <move id="548" source="H9" target="H8"/>
  <move id="549" source="I6" target="I5"/>
  <move id="550" source="A8" target="A7"/>
  <move id="551" source="I5" target="I4"/>
  <move id="552" source="A7" target="A6"/>
  <move id="553" source="I4" target="H4"/>
  <move id="554" source="F7" target="F6"/>
  <move id="555" source="H4" target="G4"/>
  <move id="556" source="F6" target="F5"/>
  <move id="557" source="G4" target="H4"/>
  <move id="558" source="H8" target="G8"/>
  <move id="559" source="H4" target="I4"/>
  <move id="560" source="G8" target="F8"/>
  <move id="561" source="I4" target="I5"/>
  <move id="562" source="F8" target="E8"/>
  <move id="563" source="I5" target="I6"/>
  <move id="564" source="A6" target="A5"/>
  <move id="565" source="I6" target="I7"/>
  <move id="566" source="A5" target="A4"/>
  <move id="567" source="I7" target="H7"/>
  <move id="568" source="A4" target="B4"/>
  <move id="569" source="H7" target="G7"/>
  <move id="570" source="F5" target="F6"/>
  <move id="571" source="G7" target="H7"/>
  <move id="572" source="B4" target="B3"/>
  <move id="573" source="H7" target="I7"/>
  <move id="574" source="B7" target="B6"/>
  <move id="575" source="I7" target="I6"/>
  <move id="576" source="B6" target="B5"/>
  <move id="577" source="I6" target="I5"/>
  <move id="578" source="B5" target="B4"/>
  <move id="579" source="I5" target="I4"/>
  <move id="580" source="B3" target="A3"/>
  <move id="581" source="I4" target="H4"/>
  <move id="582" source="B4" target="B3"/>
  <move id="583" source="H4" target="G4"/>
  <move id="584" source="F6" target="F5"/>
  <move id="585" source="G4" target="H4"/>
  <move id="586" source="A3" target="A2"/>
  <move id="587" source="H4" target="I4"/>
  <move id="588" source="E8" target="D8"/>
  <move id="589" source="I4" target="I5"/>
  <move id="590" source="E9" target="E8"/>
  <move id="591" source="I5" target="I6"/>
  <move id="592" source="E8" target="E7"/>
  <move id="593" source="I6" target="I7"/>
  <move id="594" source="F5" target="F6"/>
  <move id="595" source="I7" target="H7"/>
  <move id="596" source="E7" target="E6"/>
  <move id="597" source="H7" target="G7"/>
  <move id="598" source="E6" target="E5"/>
  <move id="599" source="G7" target="H7"/>
  <move id="600" source="E5" target="E4"/>
  <move id="601" source="H7" target="I7"/>
  <move id="602" source="E4" target="E3"/>
  <move id="603" source="I7" target="I6"/>
  <move id="604" source="E3" target="D3"/>
  <move id="605" source="I6" target="I5"/>
  <move id="606" source="D3" target="D2"/>
  <move id="607" source="I5" target="I4"/>
  <move id="608" source="D2" target="E2"/>
  <move id="609" source="I4" target="H4"/>
  <move id="610" source="E2" target="E1"/>
  <move id="611" source="H4" target="G4"/>
  <move id="612" source="F6" target="F5"/>
  <move id="613" source="G4" target="H4"/>
  <move id="614" source="E:" target="E9"/>
  <move id="615" source="H4" target="I4"/>
  <move id="616" source="E9" target="E8"/>
  <move id="617" source="I4" target="I5"/>
  <move id="618" source="E8" target="E7"/>
  <move id="619" source="I5" target="I6"/>
  <move id="620" source="E7" target="E6"/>
  <move id="621" source="I6" target="I7"/>
  <move id="622" source="E6" target="E5"/>
  <move id="623" source="I7" target="H7"/>
  <move id="624" source="E5" target="E4"/>
  <move id="625" source="H7" target="G7"/>
  <move id="626" source="F5" target="F6"/>
  <move id="627" source="G7" target="H7"/>
  <move id="628" source="E4" target="D4"/>
  <move id="629" source="H7" target="I7"/>
  <move id="630" source="D4" target="D3"/>
  <move id="631" source="I7" target="I6"/>
  <move id="632" source="D3" target="D2"/>
  <move id="633" source="I6" target="I5"/>
  <move id="634" source="G9" target="G8"/>
  <move id="635" source="I5" target="I4"/>
  <move id="636" source="G8" target="H8"/>
  <move id="637" source="I4" target="H4"/>
  <move id="638" source="H8" target="I8"/>
  <move id="639" source="H4" target="G4"/>
  <move id="640" source="I8" target="K8"/>
  <move id="641" source="G4" target="F4"/>
  <move id="642" source="K8" target="K7"/>
  <move id="643" source="F4" target="E4"/>
  <move id="644" source="D2" target="D1"/>
  <move id="645" source="E4" target="D4"/>
  <move id="646" source="F6" target="E6"/>
  <move id="647" source="D4" target="C4"/>
  <move id="648" source="E6" target="E7"/>
  <move id="649" source="C4" target="B4"/>
  <move id="650" source="B3" target="C3"/>
  <move id="651" source="B4" target="B5"/>
  <move id="652" source="E7" target="D7"/>
  <move id="653" source="B5" target="B6"/>
  <move id="654" source="D7" target="C7"/>
  <move id="655" source="B6" target="B5"/>
  <move id="656" source="D8" target="E8"/>
  <move id="657" source="B5" target="B4"/>
  <move id="658" source="E8" target="E7"/>
  <move id="659" source="B4" target="C4"/>
  <move id="660" source="C3" target="B3"/>
  <move id="661" source="C4" target="D4"/>
  <move id="662" source="F9" target="E9"/>
  <move id="663" source="D4" target="E4"/>
  <move id="664" source="C7" target="D7"/>
  <move id="665" source="E4" target="F4"/>
  <move id="666" source="E7" target="E6"/>
  <move id="667" source="F4" target="G4"/>
  <move id="668" source="E9" target="D9"/>
  <move id="669" source="G4" target="H4"/>
  <move id="670" source="D9" target="C9"/>
  <move id="671" source="H4" target="I4"/>
  <move id="672" source="C9" target="B9"/>
  <move id="673" source="I4" target="I5"/>
  <move id="674" source="B9" target="B8"/>
  <move id="675" source="I5" target="I6"/>
  <move id="676" source="B8" target="B7"/>
  <move id="677" source="I6" target="I7"/>
  <move id="678" source="K7" target="K6"/>
  <move id="679" source="I7" target="H7"/>
  <move id="680" source="D7" target="E7"/>
  <move id="681" source="H7" target="G7"/>
  <move id="682" source="E7" target="F7"/>
  <move id="683" source="G7" target="H7"/>
  <move id="684" source="B7" target="B6"/>
  <move id="685" source="H7" target="I7"/>
  <move id="686" source="B6" target="B5"/>
  <move id="687" source="I7" target="I6"/>
  <move id="688" source="K6" target="K7"/>
  <move id="689" source="I6" target="I5"/>
  <move id="690" source="B5" target="B4"/>
  <move id="691" source="I5" target="I4"/>
  <move id="692" source="B4" target="A4"/>
  <move id="693" source="I4" target="H4"/>
  <move id="694" source="F7" target="F6"/>
  <move id="695" source="H4" target="G4"/>
  <move id="696" source="F6" target="F5"/>
  <move id="697" source="G4" target="H4"/>
  <move id="698" source="A4" target="A3"/>
  <move id="699" source="H4" target="I4"/>
  <move id="700" source="A3" target="A2"/>
  <move id="701" source="I4" target="I5"/>
  <move id="702" source="A2" target="A1"/>
  <player id="1">Player 1</player>
  <player id="2">Player 2</player>
  <result type="1" winner="2"/>
 </game>
</stratego>