<?xml version="1.0" encoding="UTF-8"?>
<stratego>
 <game type="classic">
  
  <field content="DFDDBFDHEMHDHEFBEEHGEDCGBFBJLKIGDDIBBJGIAA__AA__AAAA__AA__AATQPPRPPQSPWNUTVRNVNRPSNTRNQTXUPQPQNSSUYO"/>
  <move id="1" source="E4" target="E5"/>
  <move id="2" source="A7" target="A6"/>
  <move id="3" source="E5" target="E6"/>
  <move id="4" source="A6" target="A5"/>
  <move id="5" source="K4" target="K5"/>
  <move id="6" source="A8" target="A7"/>
  <move id="7" source="K5" target="K6"/>
  <move id="8" source="A7" target="A6"/>
  <move id="9" source="I4" target="I5"/>
  <move id="10" source="A5" target="A4"/>
  <move id="11" source="B4" target="B5"/>
  <move id="12" source="A6" target="A5"/>
  <move id="13" source="C4" target="B4"/>
  <move id="14" source="A5" target="A4"/>
  <move id="15" source="B5" target="B6"/>
  <move id="16" source="A4" target="B4"/>
  <move id="17" source="D4" target="C4"/>
  <move id="18" source="B4" target="B5"/>
  <move id="19" source="B6" target="B7"/>
  <move id="20" source="B5" target="B6"/>
  <move id="21" source="B7" target="B8"/>
  <move id="22" source="B6" target="A6"/>
  <move id="23" source="C4" target="B4"/>
  <move id="24" source="C7" target="B7"/>
  <move id="25" source="B4" target="B5"/>
  <move id="26" source="B7" target="B5"/>
  <move id="27" source="D3" target="D4"/>
  <move id="28" source="D7" target="C7"/>
  <move id="29" source="D4" target="C4"/>
  <move id="30" source="C7" target="B7"/>
  <move id="31" source="B3" target="B7"/>
  <move id="32" source="A9" target="A8"/>
  <move id="33" source="C4" target="B4"/>
  <move id="34" source="A8" target="A7"/>
  <move id="35" source="B4" target="B5"/>
  <move id="36" source="A7" target="B7"/>
  <move id="37" source="B5" target="A5"/>
  <move id="38" source="A6" target="B6"/>
  <move id="39" source="A5" target="A6"/>
  <move id="40" source="B6" target="B5"/>
  <move id="41" source="A6" target="B6"/>
  <move id="42" source="B5" target="A5"/>
  <move id="43" source="B6" target="B7"/>
  <move id="44" source="A5" target="A6"/>
  <move id="45" source="B7" target="C7"/>
  <move id="46" source="C8" target="C7"/>
  <move id="47" source="E6" target="E7"/>
  <move id="48" source="E8" target="E7"/>
  <move id="49" source="A3" target="A4"/>
  <move id="50" source="A6" target="B6"/>
  <move id="51" source="A4" target="A5"/>
  <move id="52" source="C7" target="C8"/>
  <move id="53" source="A5" target="B5"/>
  <move id="54" source="B6" target="B7"/>
  <move id="55" source="B5" target="B6"/>
  <move id="56" source="B7" target="C7"/>
  <move id="57" source="B6" target="B7"/>
  <move id="58" source="C7" target="D7"/>
  <move id="59" source="A2" target="A3"/>
  <move id="60" source="A:" target="A7"/>
  <move id="61" source="A3" target="A4"/>
  <move id="62" source="A7" target="B7"/>
  <move id="63" source="A4" target="A5"/>
  <move id="64" source="E7" target="E8"/>
  <move id="65" source="A5" target="A6"/>
  <move id="66" source="D7" target="E7"/>
  <move id="67" source="A6" target="A7"/>
  <move id="68" source="E7" target="E6"/>
  <move id="69" source="A7" target="A8"/>
  <move id="70" source="E6" target="F6"/>
  <move id="71" source="A8" target="A9"/>
  <move id="72" source="B9" target="A9"/>
  <move id="73" source="A9" target="B9"/>
  <move id="74" source="C8" target="C7"/>
  <move id="75" source="B7" target="B8"/>
  <move id="76" source="C7" target="B7"/>
  <move id="77" source="B8" target="C8"/>
  <move id="78" source="B7" target="B8"/>
  <move id="79" source="B9" target="B:"/>
  <move id="80" source="D8" target="C8"/>
  <move id="81" source="B:" target="C:"/>
  <move id="82" source="C8" target="D8"/>
  <move id="83" source="C:" target="C9"/>
  <move id="84" source="B8" target="C8"/>
  <move id="85" source="D2" target="D3"/>
  <move id="86" source="K7" target="K6"/>
  <move id="87" source="I3" target="I4"/>
  <move id="88" source="K8" target="K7"/>
  <move id="89" source="I5" target="I6"/>
  <move id="90" source="K9" target="K8"/>
  <move id="91" source="I4" target="I5"/>
  <move id="92" source="I9" target="K9"/>
  <move id="93" source="D3" target="D4"/>
  <move id="94" source="I7" target="I6"/>
  <move id="95" source="I5" target="I6"/>
  <move id="96" source="K7" target="I7"/>
  <move id="97" source="I6" target="I7"/>
  <move id="98" source="K9" target="I9"/>
  <move id="99" source="I7" target="I8"/>
  <move id="100" source="K8" target="K7"/>
  <move id="101" source="K6" target="K7"/>
  <move id="102" source="F6" target="E6"/>
  <move id="103" source="D4" target="C4"/>
  <move id="104" source="E6" target="E7"/>
  <move id="105" source="K3" target="K4"/>
  <move id="106" source="I9" target="K9"/>
  <move id="107" source="K4" target="I4"/>
  <move id="108" source="K9" target="K8"/>
  <move id="109" source="I4" target="I5"/>
  <move id="110" source="K8" target="K7"/>
  <move id="111" source="I5" target="I6"/>
  <move id="112" source="K7" target="I7"/>
  <move id="113" source="I6" target="I7"/>
  <player id="1">Player 1</player>
  <player id="2">Player 2</player>
  <result type="3" winner="2"/>
 </game>
</stratego>