<?xml version="1.0" encoding="UTF-8"?>
<stratego>
 <game type="classic">
  
  <field content="MDBDDLDDDBGGHHBEDEEEIBIIJEFBKCFJHHFBFDGGAA__AA__AAAA__AA__AASPVSPRUNUNNWPPVNPPXUTONQRPQTRQYTQNQSTPSR"/>
  <move id="1" source="I4" target="I5"/>
  <move id="2" source="F7" target="F6"/>
  <move id="3" source="I3" target="I4"/>
  <move id="4" source="F6" target="F5"/>
  <move id="5" source="I5" target="K5"/>
  <move id="6" source="F5" target="F4"/>
  <move id="7" source="I4" target="I5"/>
  <move id="8" source="E7" target="F7"/>
  <move id="9" source="I5" target="I6"/>
  <move id="10" source="E8" target="E7"/>
  <move id="11" source="B4" target="B5"/>
  <move id="12" source="E7" target="E6"/>
  <move id="13" source="I6" target="I7"/>
  <move id="14" source="I8" target="I7"/>
  <move id="15" source="K3" target="I3"/>
  <move id="16" source="E6" target="E5"/>
  <move id="17" source="K4" target="I4"/>
  <move id="18" source="E5" target="E4"/>
  <move id="19" source="I4" target="K4"/>
  <move id="20" source="E4" target="E3"/>
  <move id="21" source="I3" target="I4"/>
  <move id="22" source="F7" target="E7"/>
  <move id="23" source="I4" target="I5"/>
  <move id="24" source="E7" target="F7"/>
  <move id="25" source="K5" target="K6"/>
  <move id="26" source="D7" target="E7"/>
  <move id="27" source="I5" target="I6"/>
  <move id="28" source="I7" target="I6"/>
  <move id="29" source="D3" target="E3"/>
  <move id="30" source="E7" target="E6"/>
  <move id="31" source="E3" target="E4"/>
  <move id="32" source="I6" target="K6"/>
  <move id="33" source="K4" target="I4"/>
  <move id="34" source="E6" target="E5"/>
  <move id="35" source="I4" target="K4"/>
  <move id="36" source="E5" target="E4"/>
  <move id="37" source="H4" target="I4"/>
  <move id="38" source="C7" target="D7"/>
  <move id="39" source="G4" target="H4"/>
  <move id="40" source="D7" target="E7"/>
  <move id="41" source="I4" target="I3"/>
  <move id="42" source="E7" target="E6"/>
  <move id="43" source="K4" target="I4"/>
  <move id="44" source="E6" target="E5"/>
  <move id="45" source="E4" target="E3"/>
  <move id="46" source="E5" target="E4"/>
  <move id="47" source="E3" target="D3"/>
  <move id="48" source="E4" target="E3"/>
  <move id="49" source="D3" target="E3"/>
  <move id="50" source="A7" target="A6"/>
  <move id="51" source="B5" target="A5"/>
  <move id="52" source="A6" target="A5"/>
  <move id="53" source="A4" target="B4"/>
  <move id="54" source="B7" target="E7"/>
  <move id="55" source="B4" target="B5"/>
  <move id="56" source="B8" target="B7"/>
  <move id="57" source="G3" target="G4"/>
  <move id="58" source="B7" target="B6"/>
  <move id="59" source="B5" target="B4"/>
  <move id="60" source="I9" target="I8"/>
  <move id="61" source="I4" target="K4"/>
  <move id="62" source="I8" target="I7"/>
  <move id="63" source="K4" target="I4"/>
  <move id="64" source="I7" target="I6"/>
  <move id="65" source="I4" target="I5"/>
  <move id="66" source="I6" target="I7"/>
  <move id="67" source="I3" target="K3"/>
  <move id="68" source="K6" target="I6"/>
  <move id="69" source="I5" target="K5"/>
  <move id="70" source="E7" target="E5"/>
  <move id="71" source="G2" target="G3"/>
  <move id="72" source="E9" target="E8"/>
  <move id="73" source="I2" target="I3"/>
  <move id="74" source="E8" target="E7"/>
  <move id="75" source="A3" target="A4"/>
  <move id="76" source="E7" target="E6"/>
  <move id="77" source="A2" target="A3"/>
  <move id="78" source="E6" target="F6"/>
  <move id="79" source="B2" target="A2"/>
  <move id="80" source="F6" target="F5"/>
  <move id="81" source="C2" target="B2"/>
  <move id="82" source="E:" target="E9"/>
  <move id="83" source="D2" target="C2"/>
  <move id="84" source="E9" target="E8"/>
  <move id="85" source="D1" target="D2"/>
  <move id="86" source="E3" target="D3"/>
  <move id="87" source="G1" target="G2"/>
  <move id="88" source="D3" target="D2"/>
  <move id="89" source="E1" target="D1"/>
  <move id="90" source="D2" target="D1"/>
  <move id="91" source="D4" target="E4"/>
  <move id="92" source="E5" target="E7"/>
  <move id="93" source="E4" target="E5"/>
  <move id="94" source="F5" target="E5"/>
  <move id="95" source="K3" target="K4"/>
  <move id="96" source="E7" target="A7"/>
  <move id="97" source="E5" target="E6"/>
  <move id="98" source="B6" target="B7"/>
  <move id="99" source="E6" target="E7"/>
  <move id="100" source="B7" target="C7"/>
  <move id="101" source="E7" target="F7"/>
  <move id="102" source="C7" target="D7"/>
  <move id="103" source="F7" target="F6"/>
  <move id="104" source="G7" target="F7"/>
  <move id="105" source="F6" target="E6"/>
  <move id="106" source="F7" target="E7"/>
  <move id="107" source="E6" target="F6"/>
  <move id="108" source="E7" target="F7"/>
  <move id="109" source="F6" target="E6"/>
  <move id="110" source="D7" target="E7"/>
  <move id="111" source="E6" target="E7"/>
  <move id="112" source="E7" target="E6"/>
  <move id="113" source="F1" target="E1"/>
  <move id="114" source="D1" target="E1"/>
  <move id="115" source="A5" target="A6"/>
  <move id="116" source="A7" target="E7"/>
  <move id="117" source="A6" target="B6"/>
  <move id="118" source="E6" target="E5"/>
  <move id="119" source="B6" target="B7"/>
  <move id="120" source="E7" target="E6"/>
  <move id="121" source="B7" target="B8"/>
  <move id="122" source="E6" target="F6"/>
  <move id="123" source="B8" target="B9"/>
  <move id="124" source="E5" target="E6"/>
  <move id="125" source="B9" target="B:"/>
  <move id="126" source="E6" target="E7"/>
  <move id="127" source="B:" target="C:"/>
  <move id="128" source="E7" target="D7"/>
  <move id="129" source="C:" target="D:"/>
  <move id="130" source="A9" target="B9"/>
  <move id="131" source="C3" target="D3"/>
  <move id="132" source="B9" target="B8"/>
  <move id="133" source="D3" target="D4"/>
  <move id="134" source="B8" target="B7"/>
  <move id="135" source="D4" target="E4"/>
  <move id="136" source="B7" target="B6"/>
  <move id="137" source="E4" target="E5"/>
  <move id="138" source="D7" target="E7"/>
  <move id="139" source="E1" target="D1"/>
  <move id="140" source="E7" target="E6"/>
  <move id="141" source="D1" target="D2"/>
  <move id="142" source="E6" target="E5"/>
  <move id="143" source="D2" target="D3"/>
  <move id="144" source="E8" target="E7"/>
  <move id="145" source="D3" target="D4"/>
  <move id="146" source="B6" target="B5"/>
  <move id="147" source="D4" target="E4"/>
  <move id="148" source="B5" target="B4"/>
  <move id="149" source="E4" target="E5"/>
  <move id="150" source="B4" target="B3"/>
  <move id="151" source="E5" target="F5"/>
  <move id="152" source="E7" target="D7"/>
  <move id="153" source="F5" target="F6"/>
  <move id="154" source="D7" target="C7"/>
  <move id="155" source="F6" target="F7"/>
  <move id="156" source="C7" target="B7"/>
  <move id="157" source="F7" target="G7"/>
  <move id="158" source="B7" target="B6"/>
  <move id="159" source="G7" target="G8"/>
  <move id="160" source="B6" target="B5"/>
  <move id="161" source="G8" target="H8"/>
  <move id="162" source="B5" target="B4"/>
  <move id="163" source="H8" target="G8"/>
  <move id="164" source="B4" target="B3"/>
  <move id="165" source="B2" target="B3"/>
  <move id="166" source="I6" target="I5"/>
  <move id="167" source="G8" target="G7"/>
  <move id="168" source="I5" target="K5"/>
  <move id="169" source="G7" target="F7"/>
  <move id="170" source="K5" target="I5"/>
  <move id="171" source="F7" target="E7"/>
  <move id="172" source="I5" target="I4"/>
  <move id="173" source="E7" target="E6"/>
  <move id="174" source="I4" target="H4"/>
  <move id="175" source="E6" target="E5"/>
  <move id="176" source="H4" target="G4"/>
  <move id="177" source="E5" target="E4"/>
  <move id="178" source="I7" target="I6"/>
  <move id="179" source="E4" target="D4"/>
  <move id="180" source="I6" target="K6"/>
  <move id="181" source="C4" target="C3"/>
  <move id="182" source="G4" target="H4"/>
  <move id="183" source="D4" target="C4"/>
  <move id="184" source="H4" target="I4"/>
  <move id="185" source="C4" target="B4"/>
  <move id="186" source="I4" target="I5"/>
  <move id="187" source="B4" target="B5"/>
  <move id="188" source="I5" target="I6"/>
  <move id="189" source="B5" target="B6"/>
  <move id="190" source="I6" target="I7"/>
  <move id="191" source="B6" target="B7"/>
  <move id="192" source="I7" target="I8"/>
  <move id="193" source="B7" target="B8"/>
  <move id="194" source="I8" target="H8"/>
  <move id="195" source="B8" target="B9"/>
  <move id="196" source="H8" target="G8"/>
  <move id="197" source="B9" target="A9"/>
  <move id="198" source="G8" target="G7"/>
  <move id="199" source="A4" target="A5"/>
  <move id="200" source="G7" target="F7"/>
  <move id="201" source="A5" target="B5"/>
  <move id="202" source="F7" target="E7"/>
  <move id="203" source="B5" target="B6"/>
  <move id="204" source="E7" target="D7"/>
  <move id="205" source="A9" target="A:"/>
  <player id="1">Player 1</player>
  <player id="2">Player 2</player>
  <result type="1" winner="1"/>
 </game>
</stratego>