<?xml version="1.0" encoding="UTF-8"?>
<stratego>
 <game type="classic">
  
  <field content="DBFEFMEDDDEDBHEGHEFBDGBKIICIBFHJDDHGLGJBAA__AA__AAAA__AA__AASRUXSRTNPSPPWQUPPURTPVOTNPVNPNQTQNYNQSRQ"/>
  <move id="1" source="B4" target="B5"/>
  <move id="2" source="A7" target="A6"/>
  <move id="3" source="B5" target="A5"/>
  <move id="4" source="A6" target="B6"/>
  <move id="5" source="C4" target="B4"/>
  <move id="6" source="E7" target="E6"/>
  <move id="7" source="B4" target="B5"/>
  <move id="8" source="E6" target="E5"/>
  <move id="9" source="E4" target="E5"/>
  <move id="10" source="E8" target="E7"/>
  <move id="11" source="D4" target="E4"/>
  <move id="12" source="E7" target="E6"/>
  <move id="13" source="I4" target="I5"/>
  <move id="14" source="A8" target="A5"/>
  <move id="15" source="B5" target="B6"/>
  <move id="16" source="B8" target="A8"/>
  <move id="17" source="A5" target="A6"/>
  <move id="18" source="B6" target="B5"/>
  <move id="19" source="A4" target="B4"/>
  <move id="20" source="B5" target="B4"/>
  <move id="21" source="A3" target="A4"/>
  <move id="22" source="A8" target="A7"/>
  <move id="23" source="A4" target="A5"/>
  <move id="24" source="B7" target="B8"/>
  <move id="25" source="A6" target="B6"/>
  <move id="26" source="A7" target="A5"/>
  <move id="27" source="B6" target="B7"/>
  <move id="28" source="B8" target="A8"/>
  <move id="29" source="B4" target="B5"/>
  <move id="30" source="D8" target="E8"/>
  <move id="31" source="B5" target="B6"/>
  <move id="32" source="D7" target="D8"/>
  <move id="33" source="B6" target="A6"/>
  <move id="34" source="C7" target="D7"/>
  <move id="35" source="A6" target="A7"/>
  <move id="36" source="A8" target="B8"/>
  <move id="37" source="A7" target="A8"/>
  <move id="38" source="C8" target="C7"/>
  <move id="39" source="B7" target="B8"/>
  <move id="40" source="D8" target="C8"/>
  <move id="41" source="B8" target="B7"/>
  <move id="42" source="C7" target="B7"/>
  <move id="43" source="A8" target="B8"/>
  <move id="44" source="C8" target="B8"/>
  <move id="45" source="E5" target="E6"/>
  <move id="46" source="D7" target="D8"/>
  <move id="47" source="E4" target="E5"/>
  <move id="48" source="E6" target="E7"/>
  <move id="49" source="E5" target="E6"/>
  <move id="50" source="E7" target="D7"/>
  <move id="51" source="E6" target="E7"/>
  <move id="52" source="D7" target="C7"/>
  <move id="53" source="E7" target="D7"/>
  <move id="54" source="C7" target="C8"/>
  <move id="55" source="D7" target="D8"/>
  <move id="56" source="B7" target="A7"/>
  <move id="57" source="D3" target="D4"/>
  <move id="58" source="B8" target="B7"/>
  <move id="59" source="D4" target="C4"/>
  <move id="60" source="A9" target="A8"/>
  <move id="61" source="F4" target="F5"/>
  <move id="62" source="A8" target="B8"/>
  <move id="63" source="F5" target="F6"/>
  <move id="64" source="B7" target="C7"/>
  <move id="65" source="F6" target="F7"/>
  <move id="66" source="G7" target="F7"/>
  <move id="67" source="G4" target="F4"/>
  <move id="68" source="F7" target="E7"/>
  <move id="69" source="F4" target="F5"/>
  <move id="70" source="F8" target="F5"/>
  <move id="71" source="F5" target="F6"/>
  <move id="72" source="C7" target="D7"/>
  <move id="73" source="F6" target="F7"/>
  <move id="74" source="E7" target="E6"/>
  <move id="75" source="E3" target="E4"/>
  <move id="76" source="D7" target="E7"/>
  <move id="77" source="F7" target="F6"/>
  <move id="78" source="E6" target="E5"/>
  <move id="79" source="E4" target="E5"/>
  <move id="80" source="A7" target="A6"/>
  <move id="81" source="F6" target="E6"/>
  <move id="82" source="E7" target="F7"/>
  <move id="83" source="I5" target="I6"/>
  <move id="84" source="A6" target="A5"/>
  <move id="85" source="H4" target="I4"/>
  <move id="86" source="A5" target="A4"/>
  <move id="87" source="I4" target="I5"/>
  <move id="88" source="A4" target="B4"/>
  <move id="89" source="I5" target="K5"/>
  <move id="90" source="B4" target="C4"/>
  <move id="91" source="K5" target="K6"/>
  <move id="92" source="B8" target="B3"/>
  <move id="93" source="K6" target="K7"/>
  <move id="94" source="B9" target="B8"/>
  <move id="95" source="B3" target="B4"/>
  <move id="96" source="B8" target="B7"/>
  <move id="97" source="B4" target="C4"/>
  <move id="98" source="B7" target="B6"/>
  <move id="99" source="C4" target="D4"/>
  <move id="100" source="B6" target="B5"/>
  <move id="101" source="D4" target="E4"/>
  <move id="102" source="B5" target="B4"/>
  <move id="103" source="E4" target="F4"/>
  <move id="104" source="B4" target="C4"/>
  <move id="105" source="F4" target="G4"/>
  <move id="106" source="C4" target="D4"/>
  <move id="107" source="G4" target="H4"/>
  <move id="108" source="D4" target="E4"/>
  <move id="109" source="H4" target="I4"/>
  <move id="110" source="F7" target="F6"/>
  <move id="111" source="I4" target="I5"/>
  <move id="112" source="F6" target="F5"/>
  <move id="113" source="I5" target="K5"/>
  <move id="114" source="F5" target="E5"/>
  <move id="115" source="E6" target="E7"/>
  <move id="116" source="C8" target="B8"/>
  <move id="117" source="E7" target="E8"/>
  <move id="118" source="D8" target="D7"/>
  <move id="119" source="E8" target="E9"/>
  <move id="120" source="F9" target="F3"/>
  <move id="121" source="I6" target="I7"/>
  <move id="122" source="E5" target="F5"/>
  <move id="123" source="I7" target="H7"/>
  <move id="124" source="E4" target="E3"/>
  <move id="125" source="H3" target="H4"/>
  <move id="126" source="E3" target="F3"/>
  <move id="127" source="H4" target="I4"/>
  <move id="128" source="G8" target="E8"/>
  <player id="1">Player 1</player>
  <player id="2">Player 2</player>
  <result type="3" winner="2"/>
 </game>
</stratego>