<?xml version="1.0" encoding="UTF-8"?>
<stratego>
 <game type="classic">
  
  <field content="FBBBBFMFBBEDEEEHGCEHHGIHJGIFIGDJDLDDDKDDAA__AA__AAAA__AA__AAPPRNPXNQPWNNPRNNOTSTRRPUQQPVPQTSUYUSSTQV"/>
  <move id="1" source="K4" target="K7"/>
  <move id="2" source="K7" target="K6"/>
  <move id="3" source="I4" target="I7"/>
  <move id="4" source="K6" target="K5"/>
  <move id="5" source="H4" target="I4"/>
  <move id="6" source="K5" target="I5"/>
  <move id="7" source="I4" target="I5"/>
  <move id="8" source="F7" target="F6"/>
  <move id="9" source="G4" target="H4"/>
  <move id="10" source="F6" target="F5"/>
  <move id="11" source="H4" target="I4"/>
  <move id="12" source="F5" target="F4"/>
  <move id="13" source="E4" target="E5"/>
  <move id="14" source="E7" target="E5"/>
  <move id="15" source="D4" target="E4"/>
  <move id="16" source="F4" target="E4"/>
  <move id="17" source="I4" target="I5"/>
  <move id="18" source="K8" target="K7"/>
  <move id="19" source="I5" target="I6"/>
  <move id="20" source="K7" target="K6"/>
  <move id="21" source="E3" target="E4"/>
  <move id="22" source="K6" target="I6"/>
  <move id="23" source="E4" target="F4"/>
  <move id="24" source="I6" target="K6"/>
  <move id="25" source="F4" target="G4"/>
  <move id="26" source="K9" target="K8"/>
  <move id="27" source="G4" target="H4"/>
  <move id="28" source="K:" target="K9"/>
  <move id="29" source="H4" target="I4"/>
  <move id="30" source="K8" target="K7"/>
  <move id="31" source="I4" target="I5"/>
  <move id="32" source="K9" target="K8"/>
  <move id="33" source="I3" target="I4"/>
  <move id="34" source="K7" target="I7"/>
  <move id="35" source="I5" target="I6"/>
  <move id="36" source="K6" target="K5"/>
  <move id="37" source="I4" target="K4"/>
  <move id="38" source="K5" target="K6"/>
  <move id="39" source="K4" target="K5"/>
  <move id="40" source="K6" target="I6"/>
  <move id="41" source="I6" target="I7"/>
  <move id="42" source="K8" target="K7"/>
  <move id="43" source="I7" target="K7"/>
  <move id="44" source="I9" target="K9"/>
  <move id="45" source="C4" target="D4"/>
  <move id="46" source="K9" target="K5"/>
  <move id="47" source="D4" target="E4"/>
  <move id="48" source="H9" target="I9"/>
  <move id="49" source="E4" target="F4"/>
  <move id="50" source="I9" target="K9"/>
  <move id="51" source="F4" target="F5"/>
  <move id="52" source="K9" target="K8"/>
  <move id="53" source="B4" target="C4"/>
  <move id="54" source="K8" target="K7"/>
  <move id="55" source="C4" target="D4"/>
  <move id="56" source="K7" target="K6"/>
  <move id="57" source="K5" target="K4"/>
  <move id="58" source="K6" target="K5"/>
  <move id="59" source="K4" target="I4"/>
  <move id="60" source="K5" target="I5"/>
  <move id="61" source="I4" target="H4"/>
  <move id="62" source="I5" target="I4"/>
  <move id="63" source="H4" target="G4"/>
  <move id="64" source="I4" target="H4"/>
  <move id="65" source="G4" target="F4"/>
  <move id="66" source="H4" target="G4"/>
  <move id="67" source="F4" target="E4"/>
  <move id="68" source="G4" target="F4"/>
  <move id="69" source="E4" target="E5"/>
  <move id="70" source="F4" target="E4"/>
  <move id="71" source="E5" target="E6"/>
  <move id="72" source="E4" target="E5"/>
  <move id="73" source="E6" target="F6"/>
  <move id="74" source="E5" target="E6"/>
  <move id="75" source="F6" target="F7"/>
  <move id="76" source="E6" target="E7"/>
  <move id="77" source="F7" target="G7"/>
  <move id="78" source="E7" target="F7"/>
  <move id="79" source="G3" target="G4"/>
  <move id="80" source="F7" target="F6"/>
  <move id="81" source="G4" target="H4"/>
  <move id="82" source="F6" target="F5"/>
  <move id="83" source="H4" target="I4"/>
  <move id="84" source="F5" target="F4"/>
  <move id="85" source="I4" target="I5"/>
  <move id="86" source="F4" target="E4"/>
  <move id="87" source="I5" target="I6"/>
  <move id="88" source="E4" target="D4"/>
  <move id="89" source="I6" target="I7"/>
  <move id="90" source="H8" target="H9"/>
  <move id="91" source="E2" target="E3"/>
  <move id="92" source="B7" target="B3"/>
  <move id="93" source="E3" target="E4"/>
  <move id="94" source="C7" target="B7"/>
  <move id="95" source="E4" target="E5"/>
  <move id="96" source="B7" target="B6"/>
  <move id="97" source="C3" target="C4"/>
  <move id="98" source="B6" target="A6"/>
  <move id="99" source="E5" target="E6"/>
  <move id="100" source="C8" target="C7"/>
  <move id="101" source="C4" target="B4"/>
  <move id="102" source="C7" target="B7"/>
  <move id="103" source="B4" target="B5"/>
  <move id="104" source="B7" target="B5"/>
  <move id="105" source="B3" target="B4"/>
  <move id="106" source="C9" target="C8"/>
  <move id="107" source="B4" target="C4"/>
  <move id="108" source="D9" target="C9"/>
  <move id="109" source="B5" target="A5"/>
  <move id="110" source="A6" target="B6"/>
  <move id="111" source="C4" target="D4"/>
  <move id="112" source="D8" target="D9"/>
  <move id="113" source="D4" target="E4"/>
  <move id="114" source="C8" target="D8"/>
  <move id="115" source="A5" target="B5"/>
  <move id="116" source="B6" target="A6"/>
  <move id="117" source="B5" target="B6"/>
  <move id="118" source="A6" target="A5"/>
  <move id="119" source="B6" target="B7"/>
  <move id="120" source="C9" target="C8"/>
  <move id="121" source="B7" target="B8"/>
  <move id="122" source="C8" target="C7"/>
  <move id="123" source="E6" target="F6"/>
  <move id="124" source="C7" target="B7"/>
  <move id="125" source="F6" target="F7"/>
  <move id="126" source="B7" target="B6"/>
  <move id="127" source="E4" target="E5"/>
  <move id="128" source="B6" target="B5"/>
  <move id="129" source="E5" target="E6"/>
  <move id="130" source="B5" target="B4"/>
  <move id="131" source="E6" target="E7"/>
  <move id="132" source="B4" target="C4"/>
  <move id="133" source="F7" target="G7"/>
  <move id="134" source="H7" target="G7"/>
  <move id="135" source="I7" target="H7"/>
  <move id="136" source="C4" target="D4"/>
  <move id="137" source="H7" target="G7"/>
  <move id="138" source="D4" target="E4"/>
  <move id="139" source="G7" target="G8"/>
  <move id="140" source="E4" target="E5"/>
  <move id="141" source="G8" target="G9"/>
  <move id="142" source="H9" target="H8"/>
  <move id="143" source="E7" target="F7"/>
  <move id="144" source="H8" target="H7"/>
  <move id="145" source="G9" target="G:"/>
  <move id="146" source="E5" target="E6"/>
  <move id="147" source="G:" target="H:"/>
  <move id="148" source="E6" target="F6"/>
  <move id="149" source="H:" target="I:"/>
  <move id="150" source="F6" target="F7"/>
  <move id="151" source="I:" target="H:"/>
  <move id="152" source="F7" target="G7"/>
  <move id="153" source="H:" target="G:"/>
  <move id="154" source="G7" target="G8"/>
  <move id="155" source="G:" target="F:"/>
  <move id="156" source="E:" target="F:"/>
  <move id="157" source="A4" target="B4"/>
  <move id="158" source="C:" target="C9"/>
  <move id="159" source="B4" target="C4"/>
  <move id="160" source="C9" target="C8"/>
  <move id="161" source="A3" target="A4"/>
  <move id="162" source="A5" target="A6"/>
  <move id="163" source="A4" target="A5"/>
  <move id="164" source="A6" target="B6"/>
  <move id="165" source="A5" target="A6"/>
  <move id="166" source="B6" target="B7"/>
  <move id="167" source="A6" target="B6"/>
  <move id="168" source="B7" target="C7"/>
  <move id="169" source="B6" target="B7"/>
  <move id="170" source="A7" target="A2"/>
  <move id="171" source="C4" target="B4"/>
  <move id="172" source="G8" target="G7"/>
  <move id="173" source="B4" target="A4"/>
  <move id="174" source="G7" target="F7"/>
  <move id="175" source="A4" target="A8"/>
  <move id="176" source="F7" target="F6"/>
  <move id="177" source="I2" target="I3"/>
  <move id="178" source="H7" target="I7"/>
  <move id="179" source="I3" target="I4"/>
  <move id="180" source="I7" target="I6"/>
  <move id="181" source="I4" target="H4"/>
  <move id="182" source="F6" target="F5"/>
  <move id="183" source="H4" target="I4"/>
  <move id="184" source="F5" target="F4"/>
  <move id="185" source="I4" target="I5"/>
  <move id="186" source="F4" target="E4"/>
  <move id="187" source="I5" target="I6"/>
  <move id="188" source="E4" target="D4"/>
  <move id="189" source="K2" target="I2"/>
  <move id="190" source="D4" target="C4"/>
  <move id="191" source="I2" target="I3"/>
  <move id="192" source="C4" target="B4"/>
  <move id="193" source="I3" target="I4"/>
  <move id="194" source="B4" target="B5"/>
  <move id="195" source="I4" target="I5"/>
  <move id="196" source="B5" target="B6"/>
  <move id="197" source="B7" target="B8"/>
  <move id="198" source="B6" target="B5"/>
  <move id="199" source="I5" target="I6"/>
  <move id="200" source="B5" target="B4"/>
  <move id="201" source="K3" target="K4"/>
  <move id="202" source="B4" target="C4"/>
  <move id="203" source="K4" target="K5"/>
  <move id="204" source="C4" target="D4"/>
  <move id="205" source="K5" target="K6"/>
  <move id="206" source="D4" target="E4"/>
  <move id="207" source="K6" target="I6"/>
  <move id="208" source="I8" target="H8"/>
  <move id="209" source="I6" target="I7"/>
  <move id="210" source="E4" target="E5"/>
  <move id="211" source="I7" target="H7"/>
  <move id="212" source="H8" target="I8"/>
  <move id="213" source="H7" target="G7"/>
  <move id="214" source="E5" target="E6"/>
  <move id="215" source="G7" target="G8"/>
  <move id="216" source="C8" target="C9"/>
  <move id="217" source="G8" target="G9"/>
  <move id="218" source="F9" target="F:"/>
  <move id="219" source="G9" target="F9"/>
  <move id="220" source="F:" target="G:"/>
  <move id="221" source="F9" target="F:"/>
  <move id="222" source="G:" target="G9"/>
  <move id="223" source="A2" target="A3"/>
  <move id="224" source="G9" target="H9"/>
  <move id="225" source="A3" target="A4"/>
  <move id="226" source="H9" target="H8"/>
  <move id="227" source="A4" target="A5"/>
  <move id="228" source="C7" target="B7"/>
  <move id="229" source="D3" target="D4"/>
  <move id="230" source="E6" target="F6"/>
  <move id="231" source="D4" target="C4"/>
  <move id="232" source="F6" target="F7"/>
  <move id="233" source="C4" target="B4"/>
  <move id="234" source="D8" target="C8"/>
  <move id="235" source="B4" target="B5"/>
  <move id="236" source="D9" target="D8"/>
  <move id="237" source="B5" target="B6"/>
  <move id="238" source="B7" target="A7"/>
  <move id="239" source="B6" target="B7"/>
  <move id="240" source="A7" target="A6"/>
  <move id="241" source="A5" target="B5"/>
  <move id="242" source="E9" target="F9"/>
  <move id="243" source="F:" target="E:"/>
  <move id="244" source="C9" target="D9"/>
  <move id="245" source="B7" target="C7"/>
  <move id="246" source="F9" target="E9"/>
  <move id="247" source="C7" target="C8"/>
  <move id="248" source="E9" target="E:"/>
  <move id="249" source="E:" target="D:"/>
  <player id="1">Player 1</player>
  <player id="2">Player 2</player>
  <result type="1" winner="1"/>
 </game>
</stratego>