<?xml version="1.0" encoding="UTF-8"?>
<stratego>
 <game type="classic">
  
  <field content="DEEBMBFEBBFIGEBGCDDJHBELGIKDHDFDHJHGDIDFAA__AA__AAAA__AA__AAPSURPSXTRSTWOPTPQSPVQNVUPQNRPUNRTPQNYNNQ"/>
  <move id="1" source="K4" target="K5"/>
  <move id="2" source="I7" target="I6"/>
  <move id="3" source="K5" target="K6"/>
  <move id="4" source="H7" target="I7"/>
  <move id="5" source="I4" target="K4"/>
  <move id="6" source="I6" target="I5"/>
  <move id="7" source="I3" target="I4"/>
  <move id="8" source="I5" target="K5"/>
  <move id="9" source="K6" target="K5"/>
  <move id="10" source="I7" target="I6"/>
  <move id="11" source="K4" target="K5"/>
  <move id="12" source="I6" target="I7"/>
  <move id="13" source="K5" target="I5"/>
  <move id="14" source="I7" target="H7"/>
  <move id="15" source="I5" target="I8"/>
  <move id="16" source="H8" target="I8"/>
  <move id="17" source="I4" target="K4"/>
  <move id="18" source="I8" target="I7"/>
  <move id="19" source="H4" target="I4"/>
  <move id="20" source="G8" target="H8"/>
  <move id="21" source="H3" target="H4"/>
  <move id="22" source="H8" target="I8"/>
  <move id="23" source="I4" target="I5"/>
  <move id="24" source="H7" target="H8"/>
  <move id="25" source="H4" target="I4"/>
  <move id="26" source="H8" target="H7"/>
  <move id="27" source="I5" target="I6"/>
  <move id="28" source="E7" target="E6"/>
  <move id="29" source="I4" target="I5"/>
  <move id="30" source="E6" target="E5"/>
  <move id="31" source="I5" target="K5"/>
  <move id="32" source="E5" target="E4"/>
  <move id="33" source="K5" target="K7"/>
  <move id="34" source="D7" target="E7"/>
  <move id="35" source="K4" target="K5"/>
  <move id="36" source="E7" target="E6"/>
  <move id="37" source="K5" target="K6"/>
  <move id="38" source="E6" target="F6"/>
  <move id="39" source="K3" target="K4"/>
  <move id="40" source="F6" target="F5"/>
  <move id="41" source="K4" target="K5"/>
  <move id="42" source="D8" target="D7"/>
  <move id="43" source="K6" target="K7"/>
  <move id="44" source="I7" target="I6"/>
  <move id="45" source="K5" target="K6"/>
  <move id="46" source="H7" target="I7"/>
  <move id="47" source="I6" target="I5"/>
  <move id="48" source="I7" target="I6"/>
  <move id="49" source="I5" target="I4"/>
  <move id="50" source="I6" target="K6"/>
  <move id="51" source="K7" target="K6"/>
  <move id="52" source="I8" target="I7"/>
  <move id="53" source="I4" target="I3"/>
  <move id="54" source="I7" target="K7"/>
  <move id="55" source="G4" target="H4"/>
  <move id="56" source="F8" target="G8"/>
  <move id="57" source="H4" target="I4"/>
  <move id="58" source="G8" target="H8"/>
  <move id="59" source="F4" target="G4"/>
  <move id="60" source="H8" target="I8"/>
  <move id="61" source="G4" target="H4"/>
  <move id="62" source="I8" target="I7"/>
  <move id="63" source="I3" target="H3"/>
  <move id="64" source="I7" target="I6"/>
  <move id="65" source="I4" target="I3"/>
  <move id="66" source="E8" target="F8"/>
  <move id="67" source="I3" target="K3"/>
  <move id="68" source="F8" target="G8"/>
  <move id="69" source="F3" target="F4"/>
  <move id="70" source="F5" target="F6"/>
  <move id="71" source="F4" target="F5"/>
  <move id="72" source="D7" target="E7"/>
  <move id="73" source="F5" target="F6"/>
  <move id="74" source="F7" target="F8"/>
  <move id="75" source="F6" target="F5"/>
  <move id="76" source="E7" target="F7"/>
  <move id="77" source="F5" target="F4"/>
  <move id="78" source="D9" target="D8"/>
  <move id="79" source="F4" target="F3"/>
  <move id="80" source="D8" target="E8"/>
  <move id="81" source="E4" target="F4"/>
  <move id="82" source="F7" target="E7"/>
  <move id="83" source="E3" target="E4"/>
  <move id="84" source="E7" target="E6"/>
  <move id="85" source="F3" target="E3"/>
  <move id="86" source="E8" target="E7"/>
  <move id="87" source="G3" target="G4"/>
  <move id="88" source="F8" target="F7"/>
  <move id="89" source="B4" target="B5"/>
  <move id="90" source="F7" target="F6"/>
  <move id="91" source="C4" target="B4"/>
  <move id="92" source="E6" target="E5"/>
  <move id="93" source="B5" target="A5"/>
  <move id="94" source="E7" target="E6"/>
  <move id="95" source="B4" target="B5"/>
  <move id="96" source="E5" target="E4"/>
  <move id="97" source="B5" target="B6"/>
  <move id="98" source="E6" target="E5"/>
  <move id="99" source="H3" target="I3"/>
  <move id="100" source="G8" target="H8"/>
  <move id="101" source="A5" target="B5"/>
  <move id="102" source="H8" target="H7"/>
  <move id="103" source="A4" target="A5"/>
  <move id="104" source="H7" target="I7"/>
  <move id="105" source="A5" target="A6"/>
  <move id="106" source="I6" target="K6"/>
  <move id="107" source="A6" target="A7"/>
  <move id="108" source="A8" target="A7"/>
  <move id="109" source="B5" target="A5"/>
  <move id="110" source="A7" target="A6"/>
  <move id="111" source="A5" target="B5"/>
  <move id="112" source="A6" target="A5"/>
  <move id="113" source="B5" target="B4"/>
  <move id="114" source="A5" target="B5"/>
  <move id="115" source="B6" target="B5"/>
  <move id="116" source="B7" target="B6"/>
  <move id="117" source="A3" target="A4"/>
  <move id="118" source="C7" target="B7"/>
  <move id="119" source="B4" target="C4"/>
  <move id="120" source="B7" target="A7"/>
  <move id="121" source="A4" target="A5"/>
  <move id="122" source="A7" target="A6"/>
  <move id="123" source="A5" target="B5"/>
  <move id="124" source="B6" target="B7"/>
  <move id="125" source="C4" target="B4"/>
  <move id="126" source="K6" target="K5"/>
  <move id="127" source="I3" target="I4"/>
  <move id="128" source="I7" target="I6"/>
  <move id="129" source="I2" target="I3"/>
  <move id="130" source="K7" target="I7"/>
  <move id="131" source="B4" target="A4"/>
  <move id="132" source="K5" target="K6"/>
  <move id="133" source="A4" target="A6"/>
  <move id="134" source="I7" target="I8"/>
  <move id="135" source="C3" target="C4"/>
  <move id="136" source="A6" target="A5"/>
  <move id="137" source="B5" target="B6"/>
  <move id="138" source="A5" target="B5"/>
  <move id="139" source="B6" target="B7"/>
  <move id="140" source="B8" target="A8"/>
  <move id="141" source="B7" target="A7"/>
  <move id="142" source="B5" target="B6"/>
  <move id="143" source="A7" target="A8"/>
  <move id="144" source="B6" target="B7"/>
  <move id="145" source="C4" target="B4"/>
  <move id="146" source="B7" target="C7"/>
  <move id="147" source="B4" target="B5"/>
  <move id="148" source="A8" target="B8"/>
  <move id="149" source="B5" target="A5"/>
  <move id="150" source="B8" target="A8"/>
  <move id="151" source="A5" target="B5"/>
  <move id="152" source="C7" target="D7"/>
  <move id="153" source="B5" target="B6"/>
  <move id="154" source="A8" target="B8"/>
  <move id="155" source="B6" target="A6"/>
  <move id="156" source="B8" target="B7"/>
  <move id="157" source="F4" target="F3"/>
  <move id="158" source="F6" target="F5"/>
  <move id="159" source="G4" target="G3"/>
  <move id="160" source="C8" target="C7"/>
  <move id="161" source="E4" target="F4"/>
  <move id="162" source="F5" target="F6"/>
  <move id="163" source="F4" target="G4"/>
  <move id="164" source="G7" target="F7"/>
  <move id="165" source="I4" target="K4"/>
  <move id="166" source="E9" target="E8"/>
  <move id="167" source="I3" target="I4"/>
  <move id="168" source="I6" target="I7"/>
  <move id="169" source="I4" target="I5"/>
  <move id="170" source="I7" target="H7"/>
  <move id="171" source="K3" target="I3"/>
  <move id="172" source="E8" target="A8"/>
  <move id="173" source="I3" target="I4"/>
  <move id="174" source="A8" target="A6"/>
  <move id="175" source="I4" target="I3"/>
  <move id="176" source="I8" target="H8"/>
  <move id="177" source="I5" target="I4"/>
  <move id="178" source="H8" target="G8"/>
  <move id="179" source="K4" target="K5"/>
  <move id="180" source="K6" target="K7"/>
  <move id="181" source="K5" target="K6"/>
  <move id="182" source="H7" target="I7"/>
  <move id="183" source="I4" target="I5"/>
  <move id="184" source="G8" target="G7"/>
  <move id="185" source="I5" target="I6"/>
  <move id="186" source="G7" target="H7"/>
  <move id="187" source="D4" target="E4"/>
  <move id="188" source="E5" target="E6"/>
  <move id="189" source="E4" target="E5"/>
  <move id="190" source="E6" target="E7"/>
  <move id="191" source="E5" target="E6"/>
  <move id="192" source="E7" target="E8"/>
  <move id="193" source="F3" target="F4"/>
  <move id="194" source="F7" target="E7"/>
  <move id="195" source="E6" target="F6"/>
  <move id="196" source="E7" target="E6"/>
  <move id="197" source="F6" target="F7"/>
  <move id="198" source="E6" target="F6"/>
  <move id="199" source="F7" target="E7"/>
  <move id="200" source="B7" target="B8"/>
  <move id="201" source="E7" target="D7"/>
  <move id="202" source="B8" target="C8"/>
  <move id="203" source="A6" target="A7"/>
  <move id="204" source="F6" target="F7"/>
  <move id="205" source="A7" target="B7"/>
  <move id="206" source="F7" target="E7"/>
  <move id="207" source="D7" target="C7"/>
  <move id="208" source="C8" target="C7"/>
  <move id="209" source="B7" target="B8"/>
  <move id="210" source="C7" target="C8"/>
  <move id="211" source="B8" target="B9"/>
  <move id="212" source="B:" target="B9"/>
  <move id="213" source="E3" target="E4"/>
  <move id="214" source="B9" target="B8"/>
  <move id="215" source="E4" target="D4"/>
  <move id="216" source="B8" target="B7"/>
  <move id="217" source="F4" target="F3"/>
  <move id="218" source="E7" target="D7"/>
  <move id="219" source="G4" target="F4"/>
  <move id="220" source="E8" target="E9"/>
  <move id="221" source="F4" target="F5"/>
  <move id="222" source="D7" target="E7"/>
  <move id="223" source="F5" target="F6"/>
  <move id="224" source="C8" target="D8"/>
  <move id="225" source="D4" target="C4"/>
  <move id="226" source="D8" target="E8"/>
  <move id="227" source="K2" target="K3"/>
  <move id="228" source="E7" target="D7"/>
  <move id="229" source="F6" target="F7"/>
  <move id="230" source="F9" target="F8"/>
  <move id="231" source="H4" target="H3"/>
  <move id="232" source="F8" target="G8"/>
  <move id="233" source="F7" target="G7"/>
  <move id="234" source="E8" target="F8"/>
  <move id="235" source="I3" target="I4"/>
  <move id="236" source="D7" target="E7"/>
  <move id="237" source="I4" target="H4"/>
  <move id="238" source="G8" target="G7"/>
  <move id="239" source="G7" target="H7"/>
  <move id="240" source="I7" target="H7"/>
  <move id="241" source="I6" target="I5"/>
  <move id="242" source="H7" target="G7"/>
  <move id="243" source="H4" target="G4"/>
  <move id="244" source="F8" target="F7"/>
  <move id="245" source="G4" target="F4"/>
  <move id="246" source="G7" target="G8"/>
  <move id="247" source="K6" target="K5"/>
  <move id="248" source="G8" target="F8"/>
  <move id="249" source="K5" target="K4"/>
  <move id="250" source="F8" target="E8"/>
  <move id="251" source="F4" target="E4"/>
  <move id="252" source="E7" target="D7"/>
  <move id="253" source="K4" target="I4"/>
  <move id="254" source="E8" target="E7"/>
  <move id="255" source="I4" target="H4"/>
  <move id="256" source="F7" target="F8"/>
  <move id="257" source="H4" target="G4"/>
  <move id="258" source="E7" target="F7"/>
  <move id="259" source="K3" target="K4"/>
  <move id="260" source="F7" target="G7"/>
  <move id="261" source="K4" target="K5"/>
  <move id="262" source="G7" target="H7"/>
  <move id="263" source="K5" target="K6"/>
  <move id="264" source="H7" target="I7"/>
  <move id="265" source="I5" target="I4"/>
  <move id="266" source="F8" target="F7"/>
  <move id="267" source="H3" target="I3"/>
  <move id="268" source="F7" target="E7"/>
  <move id="269" source="C4" target="B4"/>
  <move id="270" source="B7" target="B8"/>
  <move id="271" source="I4" target="H4"/>
  <move id="272" source="D7" target="D8"/>
  <move id="273" source="E4" target="F4"/>
  <move id="274" source="E7" target="D7"/>
  <move id="275" source="F4" target="F8"/>
  <move id="276" source="D8" target="D9"/>
  <move id="277" source="G4" target="F4"/>
  <move id="278" source="D7" target="D8"/>
  <move id="279" source="I3" target="K3"/>
  <move id="280" source="D8" target="E8"/>
  <move id="281" source="F8" target="K8"/>
  <move id="282" source="K8" target="I8"/>
  <move id="283" source="K6" target="I6"/>
  <move id="284" source="I7" target="H7"/>
  <move id="285" source="I6" target="I7"/>
  <move id="286" source="I8" target="H8"/>
  <move id="287" source="I7" target="H7"/>
  <move id="288" source="H8" target="G8"/>
  <move id="289" source="H7" target="I7"/>
  <move id="290" source="K7" target="K6"/>
  <move id="291" source="I7" target="I6"/>
  <move id="292" source="K6" target="K5"/>
  <move id="293" source="K3" target="K4"/>
  <move id="294" source="K5" target="K8"/>
  <move id="295" source="I6" target="I7"/>
  <move id="296" source="E8" target="E7"/>
  <move id="297" source="I7" target="I6"/>
  <move id="298" source="E7" target="F7"/>
  <move id="299" source="I6" target="I5"/>
  <move id="300" source="F7" target="G7"/>
  <move id="301" source="I5" target="I4"/>
  <move id="302" source="G7" target="H7"/>
  <move id="303" source="I4" target="I3"/>
  <move id="304" source="H7" target="I7"/>
  <move id="305" source="G3" target="H3"/>
  <move id="306" source="I7" target="I6"/>
  <move id="307" source="I3" target="I2"/>
  <move id="308" source="I6" target="I5"/>
  <move id="309" source="H3" target="I3"/>
  <move id="310" source="I5" target="I6"/>
  <move id="311" source="H4" target="G4"/>
  <move id="312" source="I6" target="I7"/>
  <move id="313" source="I3" target="H3"/>
  <move id="314" source="I7" target="I6"/>
  <move id="315" source="F3" target="E3"/>
  <move id="316" source="I6" target="I5"/>
  <move id="317" source="E3" target="E4"/>
  <move id="318" source="I5" target="I6"/>
  <move id="319" source="F4" target="F3"/>
  <move id="320" source="I6" target="I7"/>
  <move id="321" source="G4" target="F4"/>
  <move id="322" source="G8" target="F8"/>
  <move id="323" source="F4" target="F5"/>
  <move id="324" source="F8" target="F7"/>
  <move id="325" source="H3" target="H4"/>
  <move id="326" source="D9" target="D8"/>
  <move id="327" source="I2" target="I3"/>
  <move id="328" source="D8" target="D7"/>
  <move id="329" source="I3" target="H3"/>
  <move id="330" source="F7" target="F8"/>
  <move id="331" source="E4" target="D4"/>
  <move id="332" source="F8" target="E8"/>
  <move id="333" source="D4" target="C4"/>
  <move id="334" source="I7" target="I8"/>
  <move id="335" source="C4" target="C3"/>
  <move id="336" source="I8" target="H8"/>
  <move id="337" source="K4" target="K5"/>
  <move id="338" source="H8" target="H7"/>
  <move id="339" source="H3" target="I3"/>
  <move id="340" source="K8" target="I8"/>
  <move id="341" source="I3" target="I4"/>
  <move id="342" source="H7" target="I7"/>
  <move id="343" source="I4" target="I3"/>
  <move id="344" source="I7" target="I6"/>
  <move id="345" source="I3" target="H3"/>
  <move id="346" source="I8" target="H8"/>
  <move id="347" source="F3" target="F4"/>
  <move id="348" source="I6" target="I7"/>
  <move id="349" source="H3" target="G3"/>
  <move id="350" source="H8" target="H7"/>
  <move id="351" source="F4" target="F3"/>
  <move id="352" source="I7" target="I8"/>
  <move id="353" source="H4" target="I4"/>
  <move id="354" source="H7" target="I7"/>
  <move id="355" source="I4" target="I5"/>
  <move id="356" source="I8" target="H8"/>
  <move id="357" source="I5" target="I6"/>
  <move id="358" source="I7" target="H7"/>
  <move id="359" source="I6" target="I7"/>
  <move id="360" source="H7" target="G7"/>
  <move id="361" source="I7" target="H7"/>
  <move id="362" source="H8" target="G8"/>
  <move id="363" source="H7" target="G7"/>
  <move id="364" source="G8" target="H8"/>
  <move id="365" source="G7" target="H7"/>
  <move id="366" source="H8" target="I8"/>
  <move id="367" source="H7" target="I7"/>
  <move id="368" source="I8" target="K8"/>
  <move id="369" source="F5" target="F6"/>
  <move id="370" source="D7" target="E7"/>
  <move id="371" source="G3" target="G4"/>
  <move id="372" source="E7" target="F7"/>
  <move id="373" source="F6" target="E6"/>
  <move id="374" source="K8" target="K7"/>
  <move id="375" source="I7" target="K7"/>
  <move id="376" source="E8" target="F8"/>
  <move id="377" source="K5" target="K4"/>
  <move id="378" source="F8" target="G8"/>
  <move id="379" source="K4" target="K3"/>
  <move id="380" source="F7" target="E7"/>
  <move id="381" source="E6" target="F6"/>
  <move id="382" source="E9" target="E8"/>
  <move id="383" source="G4" target="H4"/>
  <move id="384" source="E8" target="F8"/>
  <move id="385" source="H4" target="I4"/>
  <move id="386" source="F8" target="F7"/>
  <move id="387" source="F6" target="F5"/>
  <move id="388" source="E7" target="E6"/>
  <move id="389" source="I4" target="I5"/>
  <move id="390" source="E6" target="E5"/>
  <move id="391" source="F5" target="F4"/>
  <move id="392" source="E5" target="E4"/>
  <move id="393" source="I5" target="I6"/>
  <move id="394" source="F7" target="F6"/>
  <move id="395" source="I6" target="I7"/>
  <move id="396" source="F6" target="F5"/>
  <move id="397" source="F4" target="G4"/>
  <move id="398" source="F5" target="F4"/>
  <move id="399" source="F3" target="G3"/>
  <move id="400" source="F4" target="G4"/>
  <move id="401" source="G3" target="G4"/>
  <move id="402" source="E4" target="F4"/>
  <move id="403" source="I7" target="H7"/>
  <move id="404" source="F4" target="F5"/>
  <move id="405" source="H7" target="H8"/>
  <move id="406" source="G8" target="G7"/>
  <move id="407" source="H2" target="I2"/>
  <move id="408" source="F5" target="F6"/>
  <move id="409" source="I2" target="I9"/>
  <move id="410" source="F6" target="F7"/>
  <move id="411" source="H8" target="H7"/>
  <move id="412" source="G7" target="G8"/>
  <move id="413" source="B4" target="B5"/>
  <move id="414" source="B8" target="C8"/>
  <move id="415" source="C3" target="C4"/>
  <move id="416" source="G8" target="F8"/>
  <move id="417" source="H7" target="H8"/>
  <move id="418" source="F7" target="G7"/>
  <move id="419" source="C4" target="D4"/>
  <move id="420" source="F8" target="E8"/>
  <move id="421" source="D4" target="E4"/>
  <move id="422" source="E8" target="F8"/>
  <move id="423" source="E4" target="E3"/>
  <move id="424" source="K9" target="K8"/>
  <move id="425" source="B5" target="B4"/>
  <move id="426" source="K8" target="K7"/>
  <move id="427" source="K3" target="I3"/>
  <move id="428" source="K7" target="K6"/>
  <move id="429" source="I3" target="H3"/>
  <move id="430" source="K6" target="K5"/>
  <move id="431" source="E3" target="E4"/>
  <move id="432" source="K5" target="K4"/>
  <move id="433" source="D3" target="E3"/>
  <move id="434" source="F8" target="E8"/>
  <move id="435" source="E3" target="F3"/>
  <move id="436" source="K4" target="I4"/>
  <move id="437" source="B4" target="C4"/>
  <move id="438" source="I4" target="H4"/>
  <move id="439" source="H3" target="I3"/>
  <move id="440" source="H4" target="I4"/>
  <move id="441" source="I3" target="K3"/>
  <move id="442" source="C8" target="B8"/>
  <move id="443" source="C4" target="C3"/>
  <move id="444" source="B8" target="C8"/>
  <move id="445" source="E4" target="E5"/>
  <move id="446" source="E8" target="E7"/>
  <move id="447" source="E5" target="E4"/>
  <move id="448" source="C8" target="D8"/>
  <move id="449" source="A2" target="A3"/>
  <move id="450" source="E7" target="E8"/>
  <move id="451" source="A3" target="A4"/>
  <move id="452" source="E8" target="F8"/>
  <move id="453" source="A4" target="B4"/>
  <move id="454" source="F8" target="G8"/>
  <move id="455" source="H8" target="G8"/>
  <move id="456" source="I4" target="I3"/>
  <move id="457" source="K3" target="K4"/>
  <move id="458" source="G7" target="H7"/>
  <move id="459" source="B4" target="C4"/>
  <move id="460" source="H7" target="I7"/>
  <move id="461" source="C4" target="D4"/>
  <move id="462" source="I7" target="I6"/>
  <move id="463" source="E4" target="E3"/>
  <move id="464" source="I6" target="I5"/>
  <move id="465" source="D4" target="E4"/>
  <move id="466" source="I3" target="K3"/>
  <move id="467" source="E4" target="E5"/>
  <move id="468" source="K3" target="K4"/>
  <move id="469" source="E5" target="E6"/>
  <move id="470" source="I5" target="I6"/>
  <move id="471" source="E6" target="E7"/>
  <move id="472" source="I6" target="I7"/>
  <move id="473" source="E7" target="E8"/>
  <move id="474" source="D8" target="D7"/>
  <move id="475" source="C3" target="C4"/>
  <move id="476" source="I7" target="I8"/>
  <move id="477" source="C4" target="D4"/>
  <move id="478" source="I8" target="H8"/>
  <move id="479" source="D4" target="E4"/>
  <move id="480" source="H8" target="G8"/>
  <move id="481" source="E4" target="F4"/>
  <move id="482" source="K4" target="K5"/>
  <move id="483" source="F4" target="F5"/>
  <move id="484" source="D7" target="C7"/>
  <move id="485" source="E8" target="D8"/>
  <move id="486" source="C7" target="B7"/>
  <move id="487" source="D8" target="C8"/>
  <move id="488" source="C9" target="C8"/>
  <move id="489" source="E3" target="E4"/>
  <move id="490" source="K5" target="K6"/>
  <move id="491" source="F5" target="F4"/>
  <move id="492" source="K6" target="K7"/>
  <move id="493" source="F4" target="G4"/>
  <move id="494" source="K7" target="I7"/>
  <move id="495" source="F3" target="F4"/>
  <move id="496" source="G8" target="F8"/>
  <move id="497" source="G4" target="H4"/>
  <move id="498" source="I7" target="H7"/>
  <move id="499" source="H4" target="I4"/>
  <move id="500" source="H7" target="G7"/>
  <move id="501" source="I4" target="I5"/>
  <move id="502" source="F8" target="F7"/>
  <move id="503" source="F4" target="F3"/>
  <move id="504" source="G7" target="G8"/>
  <move id="505" source="I5" target="I6"/>
  <move id="506" source="F7" target="G7"/>
  <move id="507" source="I6" target="K6"/>
  <move id="508" source="G7" target="H7"/>
  <move id="509" source="E4" target="E5"/>
  <move id="510" source="C8" target="D8"/>
  <move id="511" source="E5" target="E6"/>
  <move id="512" source="D8" target="D7"/>
  <move id="513" source="F3" target="E3"/>
  <move id="514" source="H7" target="G7"/>
  <move id="515" source="K6" target="K7"/>
  <move id="516" source="G7" target="H7"/>
  <move id="517" source="E3" target="F3"/>
  <move id="518" source="G8" target="F8"/>
  <move id="519" source="F3" target="F4"/>
  <move id="520" source="H7" target="G7"/>
  <move id="521" source="K7" target="K8"/>
  <move id="522" source="G7" target="G8"/>
  <move id="523" source="F4" target="F5"/>
  <move id="524" source="F8" target="F9"/>
  <move id="525" source="F5" target="F6"/>
  <move id="526" source="G8" target="F8"/>
  <move id="527" source="K8" target="I8"/>
  <move id="528" source="D:" target="D9"/>
  <move id="529" source="F6" target="F5"/>
  <move id="530" source="D9" target="E9"/>
  <move id="531" source="F5" target="F4"/>
  <move id="532" source="E9" target="E8"/>
  <move id="533" source="I8" target="K8"/>
  <move id="534" source="E8" target="E7"/>
  <move id="535" source="K8" target="K7"/>
  <move id="536" source="E7" target="F7"/>
  <move id="537" source="F4" target="E4"/>
  <move id="538" source="F7" target="G7"/>
  <move id="539" source="K7" target="I7"/>
  <move id="540" source="F8" target="F7"/>
  <move id="541" source="E4" target="E3"/>
  <move id="542" source="G7" target="G8"/>
  <move id="543" source="B2" target="A2"/>
  <move id="544" source="B7" target="B8"/>
  <move id="545" source="A2" target="A3"/>
  <move id="546" source="D7" target="D8"/>
  <move id="547" source="A3" target="A4"/>
  <move id="548" source="B8" target="B9"/>
  <move id="549" source="A4" target="A5"/>
  <move id="550" source="B9" target="C9"/>
  <move id="551" source="I7" target="I8"/>
  <move id="552" source="G8" target="G7"/>
  <move id="553" source="I8" target="H8"/>
  <move id="554" source="F7" target="F8"/>
  <move id="555" source="A5" target="A6"/>
  <move id="556" source="D8" target="C8"/>
  <move id="557" source="A6" target="A7"/>
  <move id="558" source="C8" target="B8"/>
  <move id="559" source="H8" target="H7"/>
  <move id="560" source="G7" target="G8"/>
  <move id="561" source="E6" target="E7"/>
  <move id="562" source="C9" target="D9"/>
  <move id="563" source="A1" target="A2"/>
  <move id="564" source="G8" target="K8"/>
  <move id="565" source="A2" target="A3"/>
  <move id="566" source="K8" target="K3"/>
  <move id="567" source="E3" target="E4"/>
  <move id="568" source="K3" target="K4"/>
  <move id="569" source="E4" target="E3"/>
  <move id="570" source="K4" target="F4"/>
  <move id="571" source="A3" target="A4"/>
  <move id="572" source="F4" target="E4"/>
  <move id="573" source="E3" target="F3"/>
  <move id="574" source="B8" target="C8"/>
  <move id="575" source="A4" target="E4"/>
  <move id="576" source="D9" target="D8"/>
  <move id="577" source="F3" target="F4"/>
  <move id="578" source="D8" target="E8"/>
  <move id="579" source="E7" target="E6"/>
  <move id="580" source="F8" target="F7"/>
  <move id="581" source="H7" target="H8"/>
  <move id="582" source="F7" target="G7"/>
  <move id="583" source="H8" target="I8"/>
  <move id="584" source="G7" target="H7"/>
  <move id="585" source="I8" target="K8"/>
  <move id="586" source="H7" target="I7"/>
  <move id="587" source="F4" target="F5"/>
  <move id="588" source="F9" target="F8"/>
  <move id="589" source="F5" target="F6"/>
  <move id="590" source="F8" target="F7"/>
  <move id="591" source="F6" target="F7"/>
  <move id="592" source="C8" target="B8"/>
  <move id="593" source="F7" target="E7"/>
  <move id="594" source="E8" target="F8"/>
  <move id="595" source="E6" target="F6"/>
  <move id="596" source="I7" target="H7"/>
  <move id="597" source="K8" target="I8"/>
  <move id="598" source="H7" target="G7"/>
  <move id="599" source="E7" target="E6"/>
  <move id="600" source="B8" target="C8"/>
  <move id="601" source="E6" target="E7"/>
  <move id="602" source="C8" target="B8"/>
  <move id="603" source="F6" target="F5"/>
  <move id="604" source="B8" target="B7"/>
  <move id="605" source="A7" target="A6"/>
  <move id="606" source="B7" target="B6"/>
  <move id="607" source="A6" target="A5"/>
  <move id="608" source="B6" target="B5"/>
  <move id="609" source="A5" target="A4"/>
  <move id="610" source="B5" target="B4"/>
  <move id="611" source="A4" target="A5"/>
  <move id="612" source="B4" target="B3"/>
  <move id="613" source="E7" target="F7"/>
  <move id="614" source="G7" target="H7"/>
  <move id="615" source="F7" target="F8"/>
  <move id="616" source="C:" target="C9"/>
  <move id="617" source="A5" target="B5"/>
  <move id="618" source="C9" target="C8"/>
  <move id="619" source="B5" target="B6"/>
  <move id="620" source="C8" target="C9"/>
  <move id="621" source="B6" target="B7"/>
  <move id="622" source="H7" target="I7"/>
  <move id="623" source="I8" target="H8"/>
  <move id="624" source="K:" target="K9"/>
  <move id="625" source="F8" target="F7"/>
  <move id="626" source="K9" target="K8"/>
  <move id="627" source="F7" target="F6"/>
  <move id="628" source="K8" target="K7"/>
  <move id="629" source="F5" target="E5"/>
  <move id="630" source="K7" target="K6"/>
  <move id="631" source="F6" target="F5"/>
  <move id="632" source="K6" target="K5"/>
  <move id="633" source="F5" target="F4"/>
  <move id="634" source="K5" target="K4"/>
  <move id="635" source="F4" target="G4"/>
  <move id="636" source="K4" target="K3"/>
  <move id="637" source="G4" target="H4"/>
  <move id="638" source="K3" target="K2"/>
  <move id="639" source="H4" target="H3"/>
  <move id="640" source="K2" target="I2"/>
  <move id="641" source="H3" target="H2"/>
  <move id="642" source="I2" target="I3"/>
  <move id="643" source="E5" target="F5"/>
  <move id="644" source="C9" target="D9"/>
  <move id="645" source="F5" target="F4"/>
  <move id="646" source="D9" target="E9"/>
  <move id="647" source="H8" target="G8"/>
  <move id="648" source="E9" target="F9"/>
  <move id="649" source="G8" target="F8"/>
  <move id="650" source="F9" target="E9"/>
  <move id="651" source="F8" target="E8"/>
  <move id="652" source="E9" target="D9"/>
  <move id="653" source="B7" target="B8"/>
  <move id="654" source="I7" target="H7"/>
  <move id="655" source="E8" target="E9"/>
  <move id="656" source="D9" target="D8"/>
  <move id="657" source="B8" target="C8"/>
  <move id="658" source="D8" target="D7"/>
  <move id="659" source="E9" target="E8"/>
  <move id="660" source="H7" target="G7"/>
  <move id="661" source="C8" target="C7"/>
  <move id="662" source="G7" target="F7"/>
  <move id="663" source="C7" target="D7"/>
  <move id="664" source="F7" target="E7"/>
  <move id="665" source="E8" target="F8"/>
  <move id="666" source="E7" target="D7"/>
  <move id="667" source="H2" target="I2"/>
  <move id="668" source="I3" target="K3"/>
  <move id="669" source="I2" target="K2"/>
  <move id="670" source="K3" target="I3"/>
  <move id="671" source="K2" target="I2"/>
  <move id="672" source="I3" target="H3"/>
  <move id="673" source="F4" target="G4"/>
  <move id="674" source="D7" target="E7"/>
  <move id="675" source="I2" target="H2"/>
  <move id="676" source="H3" target="H4"/>
  <move id="677" source="G4" target="H4"/>
  <move id="678" source="E7" target="F7"/>
  <move id="679" source="F8" target="E8"/>
  <move id="680" source="F7" target="E7"/>
  <move id="681" source="E8" target="F8"/>
  <move id="682" source="E7" target="D7"/>
  <move id="683" source="G2" target="G3"/>
  <move id="684" source="D7" target="C7"/>
  <move id="685" source="G3" target="F3"/>
  <move id="686" source="C7" target="D7"/>
  <move id="687" source="F3" target="E3"/>
  <move id="688" source="D7" target="E7"/>
  <move id="689" source="E3" target="E4"/>
  <move id="690" source="E7" target="E6"/>
  <move id="691" source="H2" target="H3"/>
  <move id="692" source="E6" target="F6"/>
  <move id="693" source="E4" target="E5"/>
  <move id="694" source="F6" target="F7"/>
  <move id="695" source="F8" target="E8"/>
  <move id="696" source="F7" target="E7"/>
  <move id="697" source="E8" target="D8"/>
  <move id="698" source="E7" target="D7"/>
  <move id="699" source="D8" target="E8"/>
  <move id="700" source="D7" target="C7"/>
  <move id="701" source="H3" target="G3"/>
  <move id="702" source="C7" target="D7"/>
  <move id="703" source="G3" target="F3"/>
  <move id="704" source="D7" target="E7"/>
  <move id="705" source="E8" target="D8"/>
  <move id="706" source="E7" target="F7"/>
  <move id="707" source="E5" target="E6"/>
  <move id="708" source="F7" target="G7"/>
  <move id="709" source="E6" target="F6"/>
  <move id="710" source="G7" target="H7"/>
  <move id="711" source="F3" target="G3"/>
  <move id="712" source="H7" target="G7"/>
  <move id="713" source="D8" target="E8"/>
  <move id="714" source="G7" target="G8"/>
  <move id="715" source="F6" target="F7"/>
  <move id="716" source="G8" target="H8"/>
  <move id="717" source="E8" target="F8"/>
  <move id="718" source="H8" target="I8"/>
  <move id="719" source="F7" target="G7"/>
  <move id="720" source="I8" target="K8"/>
  <move id="721" source="F8" target="G8"/>
  <move id="722" source="K8" target="I8"/>
  <move id="723" source="G7" target="H7"/>
  <move id="724" source="I8" target="K8"/>
  <move id="725" source="H7" target="I7"/>
  <move id="726" source="K8" target="K9"/>
  <move id="727" source="G8" target="H8"/>
  <move id="728" source="K9" target="K8"/>
  <move id="729" source="G3" target="H3"/>
  <move id="730" source="H9" target="I9"/>
  <move id="731" source="H3" target="I3"/>
  <move id="732" source="I9" target="K9"/>
  <move id="733" source="H8" target="I8"/>
  <move id="734" source="K9" target="K:"/>
  <move id="735" source="I8" target="I9"/>
  <move id="736" source="K8" target="K9"/>
  <move id="737" source="I7" target="I8"/>
  <move id="738" source="E:" target="E9"/>
  <move id="739" source="I9" target="H9"/>
  <move id="740" source="E9" target="E8"/>
  <move id="741" source="H4" target="G4"/>
  <move id="742" source="E8" target="E7"/>
  <move id="743" source="I3" target="I4"/>
  <move id="744" source="E7" target="F7"/>
  <move id="745" source="I4" target="I5"/>
  <move id="746" source="F7" target="G7"/>
  <move id="747" source="I5" target="I6"/>
  <move id="748" source="G7" target="H7"/>
  <move id="749" source="I6" target="I7"/>
  <move id="750" source="H7" target="G7"/>
  <move id="751" source="G4" target="F4"/>
  <move id="752" source="G7" target="F7"/>
  <move id="753" source="F4" target="F5"/>
  <move id="754" source="F7" target="E7"/>
  <move id="755" source="F5" target="E5"/>
  <move id="756" source="E7" target="D7"/>
  <move id="757" source="E5" target="E6"/>
  <move id="758" source="D7" target="C7"/>
  <move id="759" source="E6" target="E7"/>
  <player id="1">Player 1</player>
  <player id="2">Player 2</player>
  <result type="3" winner="1"/>
 </game>
</stratego>