<?xml version="1.0" encoding="UTF-8"?>
<stratego>
 <game type="classic">
  
  <field content="EGBFBFMEDDDFDHEBICDEIBBJLGEJDKGBFHGIDHDHAA__AA__AAAA__AA__AAPSUWPTVQSRPTVOTSUXUTNNPPNPPSNNRQQPRQQNYR"/>
  <move id="1" source="I4" target="I7"/>
  <move id="2" source="A7" target="A4"/>
  <move id="3" source="H4" target="I4"/>
  <move id="4" source="B7" target="B6"/>
  <move id="5" source="I4" target="I5"/>
  <move id="6" source="A8" target="A4"/>
  <move id="7" source="I5" target="I6"/>
  <move id="8" source="B6" target="A6"/>
  <move id="9" source="I6" target="I7"/>
  <move id="10" source="I8" target="I7"/>
  <move id="11" source="I3" target="I4"/>
  <move id="12" source="C7" target="B7"/>
  <move id="13" source="I4" target="I5"/>
  <move id="14" source="B7" target="B6"/>
  <move id="15" source="I5" target="I6"/>
  <move id="16" source="I7" target="I8"/>
  <move id="17" source="K4" target="K5"/>
  <move id="18" source="B6" target="B5"/>
  <move id="19" source="K5" target="K6"/>
  <move id="20" source="B5" target="B4"/>
  <move id="21" source="K6" target="K7"/>
  <move id="22" source="H7" target="I7"/>
  <move id="23" source="K7" target="K6"/>
  <move id="24" source="I7" target="I6"/>
  <move id="25" source="K6" target="I6"/>
  <move id="26" source="I8" target="I7"/>
  <move id="27" source="I6" target="I5"/>
  <move id="28" source="I7" target="I6"/>
  <move id="29" source="I5" target="I4"/>
  <move id="30" source="I6" target="I5"/>
  <move id="31" source="I4" target="H4"/>
  <move id="32" source="I5" target="I4"/>
  <move id="33" source="I2" target="I3"/>
  <move id="34" source="I4" target="H4"/>
  <move id="35" source="H3" target="H4"/>
  <move id="36" source="H8" target="H7"/>
  <move id="37" source="I3" target="I4"/>
  <move id="38" source="H7" target="I7"/>
  <move id="39" source="I4" target="I5"/>
  <move id="40" source="I7" target="I6"/>
  <move id="41" source="F4" target="F5"/>
  <move id="42" source="G7" target="H7"/>
  <move id="43" source="F5" target="F6"/>
  <move id="44" source="H7" target="I7"/>
  <move id="45" source="H4" target="I4"/>
  <move id="46" source="I6" target="I5"/>
  <move id="47" source="I4" target="I3"/>
  <move id="48" source="I5" target="I4"/>
  <move id="49" source="I3" target="H3"/>
  <move id="50" source="I4" target="H4"/>
  <move id="51" source="H3" target="I3"/>
  <move id="52" source="H4" target="I4"/>
  <move id="53" source="I3" target="H3"/>
  <move id="54" source="I4" target="H4"/>
  <move id="55" source="F6" target="F5"/>
  <move id="56" source="H4" target="H3"/>
  <move id="57" source="H2" target="H3"/>
  <move id="58" source="E7" target="E4"/>
  <move id="59" source="H3" target="H2"/>
  <move id="60" source="D7" target="E7"/>
  <move id="61" source="G4" target="H4"/>
  <move id="62" source="E7" target="E6"/>
  <move id="63" source="F5" target="F4"/>
  <move id="64" source="E6" target="E5"/>
  <move id="65" source="F4" target="G4"/>
  <move id="66" source="E5" target="F5"/>
  <move id="67" source="H4" target="H3"/>
  <move id="68" source="F5" target="F4"/>
  <move id="69" source="G4" target="H4"/>
  <move id="70" source="F4" target="G4"/>
  <move id="71" source="H4" target="I4"/>
  <move id="72" source="G4" target="H4"/>
  <move id="73" source="I4" target="I5"/>
  <move id="74" source="H4" target="H3"/>
  <move id="75" source="F3" target="F4"/>
  <move id="76" source="H3" target="H2"/>
  <move id="77" source="K3" target="K4"/>
  <move id="78" source="H2" target="H3"/>
  <move id="79" source="F4" target="F5"/>
  <move id="80" source="H3" target="H4"/>
  <move id="81" source="I5" target="I6"/>
  <move id="82" source="H4" target="I4"/>
  <move id="83" source="K4" target="K3"/>
  <move id="84" source="I4" target="I3"/>
  <move id="85" source="K3" target="I3"/>
  <move id="86" source="I7" target="I6"/>
  <move id="87" source="E4" target="E5"/>
  <move id="88" source="A6" target="A5"/>
  <move id="89" source="D4" target="E4"/>
  <move id="90" source="A5" target="A4"/>
  <move id="91" source="E4" target="F4"/>
  <move id="92" source="B8" target="B7"/>
  <move id="93" source="F4" target="G4"/>
  <move id="94" source="B7" target="B6"/>
  <move id="95" source="G4" target="H4"/>
  <move id="96" source="B6" target="B5"/>
  <move id="97" source="E5" target="E4"/>
  <move id="98" source="C8" target="C7"/>
  <move id="99" source="H4" target="I4"/>
  <move id="100" source="C9" target="C8"/>
  <move id="101" source="A3" target="A4"/>
  <move id="102" source="B5" target="A5"/>
  <move id="103" source="A4" target="A5"/>
  <move id="104" source="C8" target="B8"/>
  <move id="105" source="A5" target="A6"/>
  <move id="106" source="B8" target="A8"/>
  <move id="107" source="A6" target="B6"/>
  <move id="108" source="C7" target="B7"/>
  <move id="109" source="B6" target="B7"/>
  <move id="110" source="A8" target="A2"/>
  <move id="111" source="D3" target="D4"/>
  <move id="112" source="B7" target="C7"/>
  <move id="113" source="E4" target="E5"/>
  <move id="114" source="C7" target="D7"/>
  <move id="115" source="D4" target="E4"/>
  <move id="116" source="D7" target="E7"/>
  <move id="117" source="F5" target="F4"/>
  <move id="118" source="F7" target="F6"/>
  <move id="119" source="F4" target="G4"/>
  <move id="120" source="F6" target="F5"/>
  <move id="121" source="G4" target="H4"/>
  <move id="122" source="F5" target="E5"/>
  <move id="123" source="E4" target="E5"/>
  <move id="124" source="E7" target="E6"/>
  <move id="125" source="E5" target="E4"/>
  <move id="126" source="E8" target="E7"/>
  <move id="127" source="I4" target="I5"/>
  <move id="128" source="E7" target="D7"/>
  <move id="129" source="I5" target="I4"/>
  <move id="130" source="D7" target="C7"/>
  <move id="131" source="I4" target="I3"/>
  <move id="132" source="C7" target="B7"/>
  <move id="133" source="I3" target="I2"/>
  <move id="134" source="B7" target="B6"/>
  <move id="135" source="I2" target="H2"/>
  <move id="136" source="B6" target="B5"/>
  <move id="137" source="H4" target="H3"/>
  <move id="138" source="B5" target="A5"/>
  <move id="139" source="E4" target="F4"/>
  <move id="140" source="A5" target="A4"/>
  <move id="141" source="F4" target="G4"/>
  <move id="142" source="A4" target="A3"/>
  <move id="143" source="G4" target="H4"/>
  <move id="144" source="A3" target="B3"/>
  <move id="145" source="H4" target="I4"/>
  <move id="146" source="D9" target="C9"/>
  <move id="147" source="I4" target="I5"/>
  <move id="148" source="C9" target="C8"/>
  <move id="149" source="I5" target="I6"/>
  <move id="150" source="C8" target="B8"/>
  <move id="151" source="G3" target="G4"/>
  <move id="152" source="B8" target="B7"/>
  <move id="153" source="G4" target="H4"/>
  <move id="154" source="B7" target="B6"/>
  <move id="155" source="H4" target="I4"/>
  <move id="156" source="B6" target="B5"/>
  <move id="157" source="I4" target="K4"/>
  <move id="158" source="B5" target="A5"/>
  <move id="159" source="G2" target="G3"/>
  <move id="160" source="A5" target="A4"/>
  <move id="161" source="G3" target="G4"/>
  <move id="162" source="A4" target="A3"/>
  <move id="163" source="G4" target="H4"/>
  <move id="164" source="A3" target="A2"/>
  <move id="165" source="H4" target="I4"/>
  <move id="166" source="A2" target="B2"/>
  <move id="167" source="I4" target="I5"/>
  <move id="168" source="F8" target="F7"/>
  <move id="169" source="I5" target="I6"/>
  <move id="170" source="F7" target="E7"/>
  <move id="171" source="D2" target="D3"/>
  <move id="172" source="E7" target="D7"/>
  <move id="173" source="D3" target="D4"/>
  <move id="174" source="D7" target="C7"/>
  <move id="175" source="D4" target="E4"/>
  <move id="176" source="C7" target="B7"/>
  <move id="177" source="E4" target="F4"/>
  <move id="178" source="B7" target="A7"/>
  <move id="179" source="F4" target="G4"/>
  <move id="180" source="A7" target="A6"/>
  <move id="181" source="C2" target="D2"/>
  <move id="182" source="A6" target="A5"/>
  <move id="183" source="D2" target="D3"/>
  <move id="184" source="A5" target="A4"/>
  <move id="185" source="D3" target="D4"/>
  <move id="186" source="A4" target="A3"/>
  <move id="187" source="D4" target="E4"/>
  <move id="188" source="A3" target="A2"/>
  <move id="189" source="E4" target="E5"/>
  <move id="190" source="E6" target="E7"/>
  <move id="191" source="E5" target="E6"/>
  <move id="192" source="E7" target="D7"/>
  <move id="193" source="I6" target="I7"/>
  <move id="194" source="A2" target="B2"/>
  <move id="195" source="B1" target="B2"/>
  <move id="196" source="C:" target="C9"/>
  <move id="197" source="K4" target="K5"/>
  <move id="198" source="C9" target="C8"/>
  <move id="199" source="K5" target="K6"/>
  <move id="200" source="C8" target="B8"/>
  <move id="201" source="G4" target="F4"/>
  <move id="202" source="B8" target="B7"/>
  <move id="203" source="F4" target="E4"/>
  <move id="204" source="B7" target="B6"/>
  <move id="205" source="E4" target="D4"/>
  <move id="206" source="B6" target="B5"/>
  <move id="207" source="D4" target="D3"/>
  <move id="208" source="B5" target="A5"/>
  <move id="209" source="D3" target="D2"/>
  <move id="210" source="F9" target="F8"/>
  <move id="211" source="D2" target="C2"/>
  <move id="212" source="F8" target="F7"/>
  <move id="213" source="I7" target="H7"/>
  <move id="214" source="F7" target="E7"/>
  <move id="215" source="E6" target="F6"/>
  <move id="216" source="G9" target="F9"/>
  <move id="217" source="H7" target="G7"/>
  <move id="218" source="F9" target="F6"/>
  <move id="219" source="G7" target="F7"/>
  <move id="220" source="E7" target="F7"/>
  <move id="221" source="F7" target="F8"/>
  <move id="222" source="G8" target="F8"/>
  <move id="223" source="K6" target="I6"/>
  <move id="224" source="K8" target="K7"/>
  <move id="225" source="H2" target="I2"/>
  <move id="226" source="D7" target="E7"/>
  <move id="227" source="I2" target="I3"/>
  <move id="228" source="E7" target="F7"/>
  <move id="229" source="I6" target="K6"/>
  <move id="230" source="K7" target="K6"/>
  <move id="231" source="I3" target="K3"/>
  <move id="232" source="K6" target="K5"/>
  <move id="233" source="K3" target="K4"/>
  <move id="234" source="K5" target="K4"/>
  <move id="235" source="H3" target="I3"/>
  <move id="236" source="F7" target="F6"/>
  <move id="237" source="I3" target="I4"/>
  <move id="238" source="F6" target="F5"/>
  <move id="239" source="I4" target="H4"/>
  <move id="240" source="F5" target="F4"/>
  <move id="241" source="H4" target="I4"/>
  <move id="242" source="F4" target="G4"/>
  <move id="243" source="I4" target="I5"/>
  <move id="244" source="G4" target="H4"/>
  <move id="245" source="I5" target="I6"/>
  <move id="246" source="H4" target="I4"/>
  <move id="247" source="I6" target="I7"/>
  <move id="248" source="I4" target="I5"/>
  <move id="249" source="I7" target="H7"/>
  <move id="250" source="I5" target="I6"/>
  <move id="251" source="H7" target="H8"/>
  <move id="252" source="I6" target="I7"/>
  <move id="253" source="H8" target="G8"/>
  <move id="254" source="I7" target="H7"/>
  <move id="255" source="G8" target="F8"/>
  <move id="256" source="H7" target="G7"/>
  <move id="257" source="F8" target="E8"/>
  <move id="258" source="G7" target="F7"/>
  <move id="259" source="C2" target="D2"/>
  <move id="260" source="G:" target="G9"/>
  <move id="261" source="D2" target="D3"/>
  <move id="262" source="G9" target="G8"/>
  <move id="263" source="D3" target="D4"/>
  <move id="264" source="G8" target="G7"/>
  <move id="265" source="D4" target="E4"/>
  <move id="266" source="G7" target="H7"/>
  <move id="267" source="E4" target="F4"/>
  <move id="268" source="F7" target="G7"/>
  <move id="269" source="F4" target="G4"/>
  <move id="270" source="H7" target="H8"/>
  <move id="271" source="G4" target="H4"/>
  <move id="272" source="G7" target="H7"/>
  <move id="273" source="E8" target="F8"/>
  <move id="274" source="H7" target="I7"/>
  <move id="275" source="H4" target="H3"/>
  <move id="276" source="I7" target="I6"/>
  <move id="277" source="E3" target="F3"/>
  <move id="278" source="H8" target="H7"/>
  <move id="279" source="F3" target="G3"/>
  <move id="280" source="I6" target="I5"/>
  <move id="281" source="G3" target="G2"/>
  <move id="282" source="I5" target="I4"/>
  <move id="283" source="H3" target="G3"/>
  <move id="284" source="H7" target="I7"/>
  <move id="285" source="G2" target="H2"/>
  <move id="286" source="I7" target="I6"/>
  <move id="287" source="H2" target="H3"/>
  <move id="288" source="I6" target="I5"/>
  <move id="289" source="H3" target="I3"/>
  <move id="290" source="I4" target="H4"/>
  <move id="291" source="G3" target="F3"/>
  <move id="292" source="I5" target="I4"/>
  <move id="293" source="I3" target="H3"/>
  <move id="294" source="I4" target="K4"/>
  <move id="295" source="K2" target="K3"/>
  <player id="1">Player 1</player>
  <player id="2">Player 2</player>
  <result type="3" winner="1"/>
 </game>
</stratego>