<?xml version="1.0" encoding="UTF-8"?>
<stratego>
 <game type="classic">
  
  <field content="EMEFBFBDFBHEHBHGDFBDLJCEDDBIDEIGDJGIDKGHAA__AA__AAAA__AA__AARSPTPRNUPPVUQUTSWPSNSPXNQRONRPQQNYNVTQPT"/>
  <move id="1" source="K4" target="K5"/>
  <move id="2" source="K7" target="K5"/>
  <move id="3" source="K5" target="K6"/>
  <move id="4" source="I7" target="I4"/>
  <move id="5" source="I4" target="K4"/>
  <move id="6" source="H7" target="I7"/>
  <move id="7" source="I3" target="I4"/>
  <move id="8" source="I7" target="I6"/>
  <move id="9" source="K6" target="I6"/>
  <move id="10" source="I6" target="K6"/>
  <move id="11" source="I4" target="I5"/>
  <move id="12" source="K6" target="K5"/>
  <move id="13" source="K4" target="I4"/>
  <move id="14" source="K5" target="I5"/>
  <move id="15" source="I4" target="I3"/>
  <move id="16" source="I5" target="I4"/>
  <move id="17" source="H4" target="I4"/>
  <move id="18" source="F7" target="F6"/>
  <move id="19" source="I4" target="H4"/>
  <move id="20" source="E7" target="E4"/>
  <move id="21" source="E4" target="E5"/>
  <move id="22" source="D7" target="E7"/>
  <move id="23" source="E3" target="E4"/>
  <move id="24" source="E7" target="E6"/>
  <move id="25" source="E5" target="F5"/>
  <move id="26" source="F6" target="F7"/>
  <move id="27" source="I3" target="I4"/>
  <move id="28" source="H8" target="H7"/>
  <move id="29" source="I4" target="I5"/>
  <move id="30" source="H7" target="I7"/>
  <move id="31" source="I5" target="I6"/>
  <move id="32" source="I7" target="I6"/>
  <move id="33" source="I6" target="I7"/>
  <move id="34" source="E6" target="F6"/>
  <move id="35" source="I7" target="I8"/>
  <move id="36" source="F6" target="F5"/>
  <move id="37" source="F4" target="F5"/>
  <move id="38" source="D8" target="D7"/>
  <move id="39" source="E4" target="E5"/>
  <move id="40" source="D7" target="E7"/>
  <move id="41" source="F5" target="F4"/>
  <move id="42" source="E7" target="E6"/>
  <move id="43" source="F3" target="E3"/>
  <move id="44" source="E6" target="E5"/>
  <move id="45" source="F4" target="F5"/>
  <move id="46" source="E5" target="E6"/>
  <move id="47" source="F5" target="F6"/>
  <move id="48" source="E6" target="E7"/>
  <move id="49" source="F6" target="E6"/>
  <move id="50" source="E7" target="D7"/>
  <move id="51" source="K3" target="K4"/>
  <move id="52" source="B7" target="B6"/>
  <move id="53" source="G4" target="F4"/>
  <move id="54" source="C8" target="D8"/>
  <move id="55" source="F4" target="F5"/>
  <move id="56" source="C7" target="C8"/>
  <move id="57" source="F5" target="E5"/>
  <move id="58" source="D7" target="C7"/>
  <move id="59" source="E6" target="F6"/>
  <move id="60" source="F7" target="E7"/>
  <move id="61" source="E5" target="E6"/>
  <move id="62" source="C7" target="D7"/>
  <move id="63" source="K4" target="K5"/>
  <move id="64" source="B6" target="B5"/>
  <move id="65" source="K5" target="K6"/>
  <move id="66" source="I9" target="I8"/>
  <move id="67" source="K6" target="K7"/>
  <move id="68" source="I8" target="I7"/>
  <move id="69" source="K7" target="K8"/>
  <move id="70" source="K9" target="I9"/>
  <move id="71" source="K8" target="K9"/>
  <move id="72" source="K:" target="K9"/>
  <move id="73" source="B4" target="B5"/>
  <move id="74" source="A7" target="A6"/>
  <move id="75" source="C4" target="B4"/>
  <move id="76" source="A8" target="A7"/>
  <move id="77" source="A4" target="A5"/>
  <move id="78" source="A6" target="A5"/>
  <move id="79" source="B4" target="B5"/>
  <move id="80" source="A7" target="A6"/>
  <move id="81" source="A5" target="A4"/>
  <move id="82" source="A6" target="A5"/>
  <move id="83" source="B5" target="B6"/>
  <move id="84" source="A5" target="A4"/>
  <move id="85" source="A3" target="A4"/>
  <move id="86" source="B8" target="B7"/>
  <move id="87" source="B6" target="B5"/>
  <move id="88" source="F8" target="F7"/>
  <move id="89" source="F6" target="F5"/>
  <move id="90" source="F7" target="F6"/>
  <move id="91" source="F5" target="F6"/>
  <move id="92" source="G8" target="F8"/>
  <move id="93" source="H4" target="G4"/>
  <move id="94" source="F8" target="F7"/>
  <move id="95" source="F6" target="F5"/>
  <move id="96" source="F7" target="F6"/>
  <move id="97" source="F5" target="F4"/>
  <move id="98" source="F6" target="F5"/>
  <move id="99" source="F4" target="F3"/>
  <move id="100" source="F5" target="F4"/>
  <move id="101" source="G4" target="F4"/>
  <move id="102" source="E7" target="F7"/>
  <move id="103" source="E6" target="F6"/>
  <move id="104" source="F7" target="F8"/>
  <move id="105" source="F6" target="F7"/>
  <move id="106" source="D7" target="E7"/>
  <move id="107" source="E3" target="E7"/>
  <move id="108" source="E7" target="F7"/>
  <move id="109" source="F3" target="F4"/>
  <move id="110" source="F8" target="G8"/>
  <move id="111" source="B5" target="B6"/>
  <move id="112" source="B7" target="B6"/>
  <move id="113" source="A4" target="A5"/>
  <move id="114" source="C8" target="B8"/>
  <move id="115" source="A5" target="B5"/>
  <move id="116" source="B6" target="B7"/>
  <move id="117" source="B5" target="B6"/>
  <move id="118" source="B7" target="C7"/>
  <move id="119" source="B6" target="B7"/>
  <move id="120" source="D8" target="C8"/>
  <move id="121" source="D4" target="C4"/>
  <move id="122" source="G8" target="H8"/>
  <move id="123" source="C4" target="B4"/>
  <move id="124" source="H8" target="H7"/>
  <move id="125" source="B4" target="B5"/>
  <move id="126" source="E8" target="D8"/>
  <move id="127" source="B5" target="B6"/>
  <move id="128" source="C7" target="D7"/>
  <move id="129" source="B7" target="A7"/>
  <move id="130" source="D7" target="E7"/>
  <move id="131" source="B6" target="B7"/>
  <move id="132" source="E7" target="E8"/>
  <move id="133" source="B7" target="B8"/>
  <move id="134" source="E8" target="F8"/>
  <move id="135" source="F4" target="F5"/>
  <move id="136" source="F7" target="F6"/>
  <move id="137" source="F5" target="F6"/>
  <move id="138" source="F8" target="F7"/>
  <move id="139" source="B8" target="B7"/>
  <move id="140" source="D8" target="D7"/>
  <move id="141" source="B7" target="B6"/>
  <move id="142" source="D7" target="E7"/>
  <move id="143" source="B6" target="B5"/>
  <move id="144" source="E7" target="E6"/>
  <move id="145" source="A7" target="B7"/>
  <move id="146" source="E6" target="E5"/>
  <move id="147" source="B5" target="B4"/>
  <move id="148" source="E5" target="E4"/>
  <move id="149" source="B4" target="C4"/>
  <move id="150" source="F9" target="F8"/>
  <move id="151" source="A2" target="A3"/>
  <move id="152" source="F8" target="E8"/>
  <move id="153" source="A3" target="A4"/>
  <move id="154" source="E8" target="D8"/>
  <move id="155" source="A4" target="A5"/>
  <move id="156" source="D8" target="D7"/>
  <move id="157" source="A5" target="A6"/>
  <move id="158" source="D7" target="C7"/>
  <move id="159" source="B7" target="B6"/>
  <move id="160" source="A9" target="A8"/>
  <move id="161" source="A6" target="A7"/>
  <move id="162" source="A8" target="B8"/>
  <move id="163" source="A7" target="A8"/>
  <move id="164" source="C8" target="D8"/>
  <move id="165" source="A8" target="B8"/>
  <move id="166" source="D8" target="E8"/>
  <move id="167" source="B6" target="B7"/>
  <move id="168" source="C7" target="D7"/>
  <move id="169" source="B7" target="C7"/>
  <move id="170" source="E8" target="E7"/>
  <move id="171" source="B8" target="C8"/>
  <move id="172" source="F7" target="F8"/>
  <move id="173" source="C8" target="C9"/>
  <move id="174" source="C9" target="C8"/>
  <move id="175" source="C4" target="D4"/>
  <move id="176" source="E4" target="E3"/>
  <move id="177" source="D4" target="E4"/>
  <move id="178" source="E3" target="D3"/>
  <move id="179" source="E4" target="D4"/>
  <move id="180" source="D3" target="D2"/>
  <move id="181" source="D4" target="E4"/>
  <move id="182" source="C8" target="B8"/>
  <move id="183" source="E4" target="E5"/>
  <move id="184" source="F8" target="F7"/>
  <move id="185" source="E5" target="E6"/>
  <move id="186" source="E7" target="E8"/>
  <move id="187" source="C7" target="D7"/>
  <move id="188" source="B8" target="B7"/>
  <move id="189" source="D7" target="C7"/>
  <move id="190" source="B7" target="B6"/>
  <move id="191" source="C7" target="B7"/>
  <move id="192" source="B6" target="B5"/>
  <move id="193" source="C3" target="C4"/>
  <move id="194" source="B5" target="B4"/>
  <move id="195" source="C4" target="B4"/>
  <player id="1">Player 1</player>
  <player id="2">Player 2</player>
  <result type="3" winner="1"/>
 </game>
</stratego>