<?xml version="1.0" encoding="UTF-8"?>
<stratego>
 <game type="classic">
  
  <field content="DFDDBFDHEMHDHEFBEEHGEDCGBFBJLKIGDDIBBJGIAA__AA__AAAA__AA__AAVPRWUQNNQNPQYRNSTPSUTPTQUPRPVNQTPRPSONSX"/>
  <move id="1" source="E4" target="E5"/>
  <move id="2" source="E7" target="E6"/>
  <move id="3" source="A4" target="A5"/>
  <move id="4" source="E6" target="E5"/>
  <move id="5" source="D4" target="E4"/>
  <move id="6" source="F7" target="E7"/>
  <move id="7" source="E4" target="E5"/>
  <move id="8" source="F8" target="F7"/>
  <move id="9" source="A5" target="A6"/>
  <move id="10" source="A7" target="A6"/>
  <move id="11" source="K4" target="K5"/>
  <move id="12" source="B7" target="B6"/>
  <move id="13" source="K5" target="K6"/>
  <move id="14" source="B6" target="B5"/>
  <move id="15" source="I4" target="I5"/>
  <move id="16" source="C7" target="B7"/>
  <move id="17" source="I5" target="I6"/>
  <move id="18" source="B7" target="B6"/>
  <move id="19" source="I3" target="I4"/>
  <move id="20" source="B5" target="A5"/>
  <move id="21" source="I4" target="I5"/>
  <move id="22" source="B6" target="B5"/>
  <move id="23" source="B4" target="A4"/>
  <move id="24" source="A6" target="B6"/>
  <move id="25" source="C4" target="B4"/>
  <move id="26" source="A8" target="A7"/>
  <move id="27" source="A4" target="A5"/>
  <move id="28" source="B5" target="B4"/>
  <move id="29" source="D3" target="D4"/>
  <move id="30" source="B4" target="B3"/>
  <move id="31" source="D4" target="C4"/>
  <move id="32" source="B3" target="C3"/>
  <move id="33" source="C2" target="C3"/>
  <move id="34" source="B8" target="A8"/>
  <move id="35" source="C4" target="B4"/>
  <move id="36" source="B6" target="B7"/>
  <move id="37" source="B4" target="B5"/>
  <move id="38" source="D7" target="C7"/>
  <move id="39" source="B5" target="B6"/>
  <move id="40" source="B7" target="B8"/>
  <move id="41" source="A5" target="A6"/>
  <move id="42" source="D8" target="D7"/>
  <move id="43" source="A6" target="A7"/>
  <move id="44" source="E7" target="E6"/>
  <move id="45" source="B6" target="A6"/>
  <move id="46" source="B8" target="B7"/>
  <move id="47" source="A7" target="A8"/>
  <move id="48" source="A9" target="A8"/>
  <move id="49" source="A6" target="A7"/>
  <move id="50" source="B7" target="B8"/>
  <move id="51" source="A7" target="B7"/>
  <move id="52" source="C7" target="B7"/>
  <move id="53" source="I6" target="I7"/>
  <move id="54" source="D7" target="C7"/>
  <move id="55" source="I5" target="I6"/>
  <move id="56" source="B9" target="A9"/>
  <move id="57" source="I7" target="K7"/>
  <move id="58" source="D9" target="D8"/>
  <move id="59" source="I2" target="I3"/>
  <move id="60" source="D8" target="D7"/>
  <move id="61" source="I3" target="I4"/>
  <move id="62" source="B8" target="B9"/>
  <move id="63" source="I6" target="I5"/>
  <move id="64" source="B7" target="B8"/>
  <move id="65" source="I5" target="K5"/>
  <move id="66" source="C7" target="B7"/>
  <move id="67" source="I4" target="I5"/>
  <move id="68" source="D7" target="C7"/>
  <move id="69" source="E5" target="E4"/>
  <move id="70" source="E9" target="D9"/>
  <move id="71" source="E4" target="D4"/>
  <move id="72" source="D9" target="D8"/>
  <move id="73" source="D4" target="C4"/>
  <move id="74" source="D8" target="D7"/>
  <move id="75" source="C4" target="B4"/>
  <move id="76" source="E6" target="E7"/>
  <move id="77" source="B4" target="B5"/>
  <move id="78" source="F7" target="F6"/>
  <move id="79" source="B5" target="B6"/>
  <move id="80" source="F6" target="E6"/>
  <move id="81" source="I5" target="I6"/>
  <move id="82" source="F9" target="F8"/>
  <move id="83" source="I6" target="I7"/>
  <move id="84" source="F8" target="F7"/>
  <move id="85" source="I1" target="I2"/>
  <move id="86" source="G9" target="F9"/>
  <move id="87" source="I2" target="I3"/>
  <move id="88" source="F9" target="F8"/>
  <move id="89" source="I3" target="I4"/>
  <move id="90" source="G:" target="G9"/>
  <move id="91" source="I4" target="I5"/>
  <move id="92" source="G9" target="F9"/>
  <move id="93" source="I5" target="I6"/>
  <move id="94" source="F9" target="E9"/>
  <move id="95" source="I7" target="H7"/>
  <move id="96" source="E9" target="D9"/>
  <move id="97" source="I6" target="I7"/>
  <move id="98" source="D9" target="D8"/>
  <move id="99" source="I7" target="H7"/>
  <move id="100" source="B7" target="B6"/>
  <move id="101" source="H7" target="I7"/>
  <move id="102" source="I8" target="I7"/>
  <move id="103" source="K6" target="I6"/>
  <move id="104" source="I9" target="I8"/>
  <move id="105" source="I6" target="I7"/>
  <move id="106" source="I8" target="I7"/>
  <move id="107" source="K5" target="K6"/>
  <move id="108" source="H8" target="H7"/>
  <move id="109" source="K6" target="I6"/>
  <move id="110" source="I7" target="I8"/>
  <move id="111" source="I6" target="I7"/>
  <move id="112" source="I8" target="I9"/>
  <move id="113" source="I7" target="I8"/>
  <move id="114" source="A8" target="A7"/>
  <move id="115" source="I8" target="H8"/>
  <move id="116" source="A9" target="A8"/>
  <move id="117" source="K3" target="K4"/>
  <move id="118" source="H9" target="H8"/>
  <move id="119" source="H8" target="H7"/>
  <move id="120" source="I9" target="H9"/>
  <move id="121" source="H7" target="H8"/>
  <move id="122" source="H9" target="G9"/>
  <move id="123" source="H8" target="H9"/>
  <move id="124" source="G9" target="F9"/>
  <move id="125" source="H9" target="G9"/>
  <move id="126" source="F9" target="E9"/>
  <move id="127" source="G9" target="F9"/>
  <move id="128" source="E9" target="D9"/>
  <move id="129" source="F9" target="F:"/>
  <move id="130" source="I:" target="I9"/>
  <move id="131" source="F:" target="E:"/>
  <move id="132" source="I9" target="I8"/>
  <move id="133" source="E:" target="D:"/>
  <move id="134" source="I8" target="I7"/>
  <move id="135" source="D:" target="D9"/>
  <move id="136" source="D8" target="D9"/>
  <move id="137" source="K4" target="K5"/>
  <move id="138" source="K:" target="I:"/>
  <move id="139" source="K5" target="K6"/>
  <move id="140" source="I:" target="I9"/>
  <move id="141" source="K6" target="I6"/>
  <move id="142" source="I9" target="I8"/>
  <move id="143" source="C3" target="C4"/>
  <move id="144" source="B8" target="B7"/>
  <move id="145" source="C4" target="D4"/>
  <move id="146" source="B9" target="B8"/>
  <move id="147" source="D4" target="E4"/>
  <move id="148" source="F7" target="F6"/>
  <move id="149" source="E4" target="E5"/>
  <move id="150" source="D7" target="D8"/>
  <move id="151" source="H2" target="I2"/>
  <move id="152" source="F8" target="F7"/>
  <move id="153" source="I2" target="I3"/>
  <move id="154" source="D9" target="D:"/>
  <move id="155" source="I3" target="I4"/>
  <move id="156" source="D:" target="E:"/>
  <move id="157" source="I4" target="I5"/>
  <move id="158" source="E:" target="F:"/>
  <move id="159" source="I5" target="K5"/>
  <move id="160" source="F:" target="G:"/>
  <move id="161" source="K5" target="K6"/>
  <move id="162" source="G:" target="G9"/>
  <move id="163" source="K6" target="K7"/>
  <move id="164" source="K8" target="K7"/>
  <move id="165" source="I6" target="K6"/>
  <move id="166" source="K7" target="K8"/>
  <move id="167" source="K6" target="K7"/>
  <move id="168" source="G9" target="F9"/>
  <move id="169" source="H4" target="I4"/>
  <move id="170" source="B8" target="B9"/>
  <move id="171" source="I4" target="I5"/>
  <move id="172" source="B9" target="A9"/>
  <move id="173" source="I5" target="I6"/>
  <move id="174" source="A8" target="B8"/>
  <move id="175" source="I6" target="I7"/>
  <move id="176" source="I8" target="I7"/>
  <move id="177" source="K7" target="K8"/>
  <move id="178" source="D8" target="D9"/>
  <move id="179" source="K8" target="K9"/>
  <player id="1">Player 1</player>
  <player id="2">Player 2</player>
  <result type="3" winner="2"/>
 </game>
</stratego>