<?xml version="1.0" encoding="UTF-8"?>
<stratego>
 <game type="barrage">
  
  <field content="AAAAAAAADBAAAAAAAAKMAAAAAAAAAAAAAACEAALDAA__AA__AAAA__AA__AAAAAAAAOPWXAAAAAAAAAAAAAAAAAAPYAAAAAAAAQN"/>
  <move id="1" source="F4" target="F5"/>
  <move id="2" source="K7" target="K6"/>
  <move id="3" source="F5" target="F6"/>
  <move id="4" source="I7" target="I6"/>
  <move id="5" source="F6" target="F7"/>
  <move id="6" source="K6" target="K5"/>
  <move id="7" source="F7" target="F8"/>
  <move id="8" source="I6" target="I5"/>
  <move id="9" source="F8" target="F9"/>
  <move id="10" source="I9" target="H9"/>
  <move id="11" source="F9" target="G9"/>
  <move id="12" source="K5" target="K4"/>
  <move id="13" source="I4" target="I5"/>
  <move id="14" source="H7" target="I7"/>
  <move id="15" source="G9" target="H9"/>
  <move id="16" source="G7" target="H7"/>
  <move id="17" source="I2" target="I3"/>
  <move id="18" source="H7" target="G7"/>
  <move id="19" source="H9" target="H:"/>
  <move id="20" source="G7" target="F7"/>
  <move id="21" source="H:" target="I:"/>
  <move id="22" source="F7" target="F6"/>
  <move id="23" source="I5" target="K5"/>
  <move id="24" source="I7" target="I3"/>
  <move id="25" source="K5" target="K4"/>
  <move id="26" source="F6" target="F5"/>
  <move id="27" source="I3" target="I4"/>
  <move id="28" source="F5" target="F4"/>
  <move id="29" source="E4" target="F4"/>
  <player id="1">Player 1</player>
  <player id="2">Player 2</player>
  <result type="0" winner="1"/>
 </game>
</stratego>