<?xml version="1.0" encoding="UTF-8"?>
<stratego>
 <game type="barrage">
  
  <field content="AAAAAAAADMAAAAAAAACEAAAAAAAAAAAAAADLAAKBAA__AA__AAAA__AA__AAAXAWPAAAAANOAAAAAAAAPAAAAAAAAAYQAAAAAAAA"/>
  <move id="1" source="E4" target="D4"/>
  <move id="2" source="B7" target="B6"/>
  <move id="3" source="D4" target="C4"/>
  <move id="4" source="B6" target="B5"/>
  <move id="5" source="F4" target="E4"/>
  <move id="6" source="B5" target="B4"/>
  <move id="7" source="E4" target="D4"/>
  <move id="8" source="B4" target="B3"/>
  <move id="9" source="D4" target="D3"/>
  <move id="10" source="B3" target="B2"/>
  <move id="11" source="D3" target="D2"/>
  <move id="12" source="B2" target="B1"/>
  <move id="13" source="D2" target="C2"/>
  <move id="14" source="B1" target="C1"/>
  <move id="15" source="C2" target="C1"/>
  <move id="16" source="E7" target="E6"/>
  <move id="17" source="I2" target="I3"/>
  <move id="18" source="E6" target="E5"/>
  <move id="19" source="C4" target="D4"/>
  <move id="20" source="D7" target="E7"/>
  <move id="21" source="I3" target="H3"/>
  <move id="22" source="E7" target="F7"/>
  <move id="23" source="H3" target="H4"/>
  <move id="24" source="F7" target="G7"/>
  <move id="25" source="H4" target="G4"/>
  <move id="26" source="G7" target="H7"/>
  <move id="27" source="G4" target="F4"/>
  <move id="28" source="H7" target="I7"/>
  <move id="29" source="F4" target="E4"/>
  <move id="30" source="E5" target="F5"/>
  <move id="31" source="D4" target="C4"/>
  <move id="32" source="I7" target="I6"/>
  <move id="33" source="C4" target="B4"/>
  <move id="34" source="I6" target="I5"/>
  <move id="35" source="B4" target="B5"/>
  <move id="36" source="I5" target="I4"/>
  <move id="37" source="B5" target="B6"/>
  <move id="38" source="B8" target="C8"/>
  <move id="39" source="B6" target="B7"/>
  <move id="40" source="C8" target="D8"/>
  <move id="41" source="B7" target="C7"/>
  <move id="42" source="D8" target="E8"/>
  <move id="43" source="C7" target="D7"/>
  <move id="44" source="E8" target="F8"/>
  <move id="45" source="D7" target="E7"/>
  <move id="46" source="F8" target="G8"/>
  <move id="47" source="E7" target="F7"/>
  <move id="48" source="G8" target="H8"/>
  <move id="49" source="F7" target="F5"/>
  <move id="50" source="H8" target="I8"/>
  <move id="51" source="E4" target="E5"/>
  <move id="52" source="I8" target="I7"/>
  <move id="53" source="E5" target="E6"/>
  <move id="54" source="I7" target="I6"/>
  <move id="55" source="E6" target="E7"/>
  <move id="56" source="I6" target="I5"/>
  <move id="57" source="E7" target="E8"/>
  <move id="58" source="I5" target="I4"/>
  <move id="59" source="E8" target="E9"/>
  <move id="60" source="I4" target="I3"/>
  <move id="61" source="E9" target="E:"/>
  <move id="62" source="A9" target="B9"/>
  <move id="63" source="E:" target="D:"/>
  <move id="64" source="B9" target="C9"/>
  <move id="65" source="D:" target="C:"/>
  <move id="66" source="C9" target="D9"/>
  <move id="67" source="C:" target="C9"/>
  <move id="68" source="D9" target="E9"/>
  <move id="69" source="C9" target="B9"/>
  <move id="70" source="B:" target="B9"/>
  <move id="71" source="I1" target="I2"/>
  <move id="72" source="I3" target="H3"/>
  <move id="73" source="I2" target="H2"/>
  <move id="74" source="H3" target="G3"/>
  <move id="75" source="H2" target="G2"/>
  <move id="76" source="G3" target="F3"/>
  <move id="77" source="G2" target="F2"/>
  <move id="78" source="F3" target="E3"/>
  <move id="79" source="F2" target="E2"/>
  <move id="80" source="E3" target="D3"/>
  <player id="1">Player 1</player>
  <player id="2">Player 2</player>
  <result type="3" winner="2"/>
 </game>
</stratego>