<?xml version="1.0" encoding="UTF-8"?>
<stratego>
 <game type="barrage">
  
  <field content="AAAMAALAAAAAAAAAAAAEDAAAAAAAAAAKAABCAAADAA__AA__AAAA__AA__AAPNAAWOAAPAAAAAAAAAAAXAAAAAAAAAYQAAAAAAAA"/>
  <move id="1" source="K4" target="H4"/>
  <move id="2" source="I7" target="I6"/>
  <move id="3" source="K2" target="I2"/>
  <move id="4" source="I6" target="I5"/>
  <move id="5" source="I2" target="I3"/>
  <move id="6" source="I5" target="I4"/>
  <move id="7" source="H4" target="G4"/>
  <move id="8" source="I4" target="G4"/>
  <move id="9" source="I3" target="H3"/>
  <move id="10" source="A7" target="A6"/>
  <move id="11" source="A3" target="A4"/>
  <move id="12" source="A6" target="B6"/>
  <move id="13" source="A4" target="A5"/>
  <move id="14" source="B6" target="B4"/>
  <move id="15" source="H3" target="G3"/>
  <move id="16" source="E7" target="D7"/>
  <move id="17" source="B4" target="B5"/>
  <move id="18" source="D7" target="C7"/>
  <move id="19" source="B5" target="B6"/>
  <move id="20" source="C7" target="C8"/>
  <move id="21" source="B6" target="B7"/>
  <move id="22" source="C8" target="B8"/>
  <move id="23" source="F4" target="F3"/>
  <move id="24" source="B8" target="A8"/>
  <move id="25" source="A5" target="B5"/>
  <move id="26" source="A8" target="A7"/>
  <move id="27" source="F3" target="E3"/>
  <move id="28" source="A7" target="A6"/>
  <move id="29" source="E3" target="D3"/>
  <move id="30" source="A6" target="B6"/>
  <move id="31" source="B5" target="A5"/>
  <move id="32" source="B6" target="B5"/>
  <move id="33" source="A5" target="A6"/>
  <move id="34" source="A9" target="A8"/>
  <move id="35" source="D3" target="C3"/>
  <move id="36" source="B5" target="A5"/>
  <move id="37" source="A6" target="B6"/>
  <move id="38" source="A8" target="A7"/>
  <move id="39" source="B6" target="B2"/>
  <move id="40" source="A5" target="A4"/>
  <move id="41" source="C3" target="B3"/>
  <move id="42" source="A7" target="A8"/>
  <move id="43" source="B2" target="K2"/>
  <move id="44" source="A8" target="A9"/>
  <move id="45" source="G3" target="F3"/>
  <move id="46" source="A9" target="B9"/>
  <move id="47" source="F3" target="F4"/>
  <move id="48" source="B9" target="C9"/>
  <move id="49" source="F4" target="F5"/>
  <move id="50" source="C9" target="D9"/>
  <move id="51" source="F5" target="F6"/>
  <move id="52" source="F7" target="E7"/>
  <move id="53" source="F6" target="E6"/>
  <move id="54" source="E7" target="D7"/>
  <move id="55" source="E6" target="E7"/>
  <move id="56" source="D7" target="C7"/>
  <move id="57" source="E7" target="D7"/>
  <move id="58" source="C7" target="C8"/>
  <move id="59" source="D7" target="C7"/>
  <move id="60" source="C8" target="D8"/>
  <move id="61" source="C7" target="B7"/>
  <move id="62" source="D9" target="C9"/>
  <move id="63" source="B7" target="B8"/>
  <move id="64" source="A4" target="A5"/>
  <move id="65" source="B3" target="B4"/>
  <move id="66" source="A5" target="A6"/>
  <move id="67" source="B4" target="B5"/>
  <move id="68" source="A6" target="A7"/>
  <move id="69" source="B5" target="B6"/>
  <move id="70" source="A7" target="A8"/>
  <move id="71" source="B6" target="B7"/>
  <move id="72" source="D8" target="D7"/>
  <move id="73" source="K2" target="K7"/>
  <move id="74" source="D7" target="D8"/>
  <move id="75" source="K7" target="E7"/>
  <move id="76" source="D8" target="C8"/>
  <move id="77" source="E7" target="D7"/>
  <move id="78" source="A8" target="B8"/>
  <move id="79" source="B7" target="A7"/>
  <move id="80" source="C9" target="B9"/>
  <move id="81" source="D7" target="D9"/>
  <move id="82" source="C8" target="C7"/>
  <move id="83" source="G1" target="G2"/>
  <move id="84" source="B8" target="C8"/>
  <move id="85" source="A7" target="A8"/>
  <move id="86" source="C8" target="C9"/>
  <move id="87" source="D9" target="D8"/>
  <move id="88" source="C7" target="B7"/>
  <move id="89" source="G2" target="F2"/>
  <move id="90" source="B9" target="A9"/>
  <move id="91" source="D8" target="C8"/>
  <move id="92" source="C9" target="C8"/>
  <move id="93" source="A8" target="A9"/>
  <move id="94" source="B7" target="B6"/>
  <move id="95" source="A9" target="A:"/>
  <player id="1">Player 1</player>
  <player id="2">Player 2</player>
  <result type="1" winner="1"/>
 </game>
</stratego>