<?xml version="1.0" encoding="UTF-8"?>
<stratego>
 <game type="barrage">
  
  <field content="AAAMBAEAAAAAAAAAAAAAAAAAAAAAAACKAAALAADDAA__AA__AAAA__AA__AAXQAAWOAAPAAAAAAAAAAAYAAAAAAAAANPAAAAAAAA"/>
  <move id="1" source="I4" target="I5"/>
  <move id="2" source="B7" target="B6"/>
  <move id="3" source="I5" target="I6"/>
  <move id="4" source="A7" target="A6"/>
  <move id="5" source="F4" target="F5"/>
  <move id="6" source="E7" target="E6"/>
  <move id="7" source="K4" target="K5"/>
  <move id="8" source="F7" target="F6"/>
  <move id="9" source="F5" target="E5"/>
  <move id="10" source="E6" target="E5"/>
  <move id="11" source="K5" target="K6"/>
  <move id="12" source="A6" target="A5"/>
  <move id="13" source="A4" target="A5"/>
  <move id="14" source="B6" target="B5"/>
  <move id="15" source="B4" target="B5"/>
  <move id="16" source="B:" target="D:"/>
  <move id="17" source="K6" target="K:"/>
  <move id="18" source="D:" target="D9"/>
  <move id="19" source="K:" target="A:"/>
  <move id="20" source="D9" target="E9"/>
  <move id="21" source="B5" target="B6"/>
  <move id="22" source="F6" target="F5"/>
  <move id="23" source="E5" target="E4"/>
  <move id="24" source="F5" target="F4"/>
  <move id="25" source="I6" target="I4"/>
  <move id="26" source="I7" target="I4"/>
  <move id="27" source="B6" target="B7"/>
  <move id="28" source="F4" target="E4"/>
  <move id="29" source="B7" target="B8"/>
  <move id="30" source="E4" target="D4"/>
  <move id="31" source="B8" target="B9"/>
  <player id="1">Player 1</player>
  <player id="2">Player 2</player>
  <result type="3" winner="1"/>
 </game>
</stratego>