<?xml version="1.0" encoding="UTF-8"?>
<stratego>
 <game type="barrage">
  
  <field content="AAAEMAKAAABAAAAAAAAAAAAAAAAAAAACAAALAADDAA__AA__AAAA__AA__AAWOAAPPAAXAAAAAAAAAAAQAAAAAAAAAYNAAAAAAAA"/>
  <move id="1" source="I4" target="I5"/>
  <move id="2" source="E7" target="E6"/>
  <move id="3" source="I5" target="I6"/>
  <move id="4" source="I7" target="I6"/>
  <move id="5" source="B4" target="B3"/>
  <move id="6" source="E6" target="E5"/>
  <move id="7" source="B3" target="C3"/>
  <move id="8" source="I6" target="I5"/>
  <move id="9" source="C3" target="D3"/>
  <move id="10" source="I5" target="I4"/>
  <move id="11" source="K4" target="K5"/>
  <move id="12" source="I4" target="H4"/>
  <move id="13" source="D3" target="E3"/>
  <move id="14" source="H4" target="G4"/>
  <move id="15" source="E3" target="F3"/>
  <move id="16" source="E5" target="E3"/>
  <move id="17" source="F4" target="F5"/>
  <move id="18" source="E3" target="F3"/>
  <move id="19" source="F5" target="F6"/>
  <move id="20" source="F7" target="I7"/>
  <move id="21" source="K5" target="I5"/>
  <move id="22" source="I7" target="K7"/>
  <move id="23" source="F6" target="F7"/>
  <move id="24" source="K7" target="K1"/>
  <move id="25" source="I5" target="I1"/>
  <move id="26" source="G4" target="G3"/>
  <move id="27" source="I1" target="K1"/>
  <move id="28" source="G3" target="G2"/>
  <move id="29" source="G1" target="G2"/>
  <move id="30" source="G2" target="F2"/>
  <move id="31" source="F7" target="E7"/>
  <move id="32" source="F2" target="E2"/>
  <move id="33" source="E7" target="D7"/>
  <move id="34" source="F3" target="D3"/>
  <move id="35" source="D7" target="C7"/>
  <player id="1">Player 1</player>
  <player id="2">Player 2</player>
  <result type="3" winner="2"/>
 </game>
</stratego>