<?xml version="1.0" encoding="UTF-8"?>
<stratego>
 <game type="barrage">
  
  <field content="AAAAAAAABMAAAAAAAAAEAAAAAAAAAAALAADDAACKAA__AA__AAAA__AA__AAAWAAOXAAPAYAAAAAAAAAAAAAAAAAAPAAANAAQAAA"/>
  <move id="1" source="K4" target="K5"/>
  <move id="2" source="I7" target="I4"/>
  <move id="3" source="K5" target="K6"/>
  <move id="4" source="F7" target="G7"/>
  <move id="5" source="K6" target="K7"/>
  <move id="6" source="G7" target="H7"/>
  <move id="7" source="K7" target="K8"/>
  <move id="8" source="K9" target="F9"/>
  <move id="9" source="K8" target="K9"/>
  <move id="10" source="H7" target="H8"/>
  <move id="11" source="K9" target="K:"/>
  <move id="12" source="H8" target="H9"/>
  <move id="13" source="F4" target="I4"/>
  <move id="14" source="E7" target="E6"/>
  <move id="15" source="E4" target="F4"/>
  <move id="16" source="E6" target="F6"/>
  <move id="17" source="F4" target="G4"/>
  <move id="18" source="B7" target="B6"/>
  <move id="19" source="G4" target="H4"/>
  <move id="20" source="B6" target="B5"/>
  <move id="21" source="H4" target="I4"/>
  <move id="22" source="F6" target="F7"/>
  <move id="23" source="I4" target="I5"/>
  <move id="24" source="F7" target="G7"/>
  <move id="25" source="K:" target="K9"/>
  <move id="26" source="H9" target="I9"/>
  <move id="27" source="K9" target="K8"/>
  <move id="28" source="I9" target="I8"/>
  <move id="29" source="K8" target="I8"/>
  <move id="30" source="I8" target="I7"/>
  <move id="31" source="I5" target="I4"/>
  <move id="32" source="I7" target="I6"/>
  <move id="33" source="I4" target="I3"/>
  <move id="34" source="I6" target="I5"/>
  <move id="35" source="B4" target="B5"/>
  <move id="36" source="I5" target="I4"/>
  <move id="37" source="I3" target="A3"/>
  <move id="38" source="I4" target="I3"/>
  <move id="39" source="A3" target="A8"/>
  <player id="1">Player 1</player>
  <player id="2">Player 2</player>
  <result type="1" winner="1"/>
 </game>
</stratego>