<?xml version="1.0" encoding="UTF-8"?>
<stratego>
 <game type="barrage">
  
  <field content="BCAAAAAAAAMAAAAAAAAAAAAAAAAAAALKAADEDAAAAA__AA__AAAA__AA__AAAQAAAPAAOXAAAAAAAAAAPAAAAAAAAAAAAYNAWAAA"/>
  <move id="1" source="E4" target="E:"/>
  <move id="2" source="I7" target="H7"/>
  <move id="3" source="F4" target="F5"/>
  <move id="4" source="H7" target="G7"/>
  <move id="5" source="F5" target="F6"/>
  <move id="6" source="K7" target="I7"/>
  <move id="7" source="A4" target="A5"/>
  <move id="8" source="I7" target="I8"/>
  <move id="9" source="A5" target="A6"/>
  <move id="10" source="I8" target="H8"/>
  <move id="11" source="A6" target="A7"/>
  <move id="12" source="B7" target="B6"/>
  <move id="13" source="A7" target="A8"/>
  <move id="14" source="A9" target="A8"/>
  <move id="15" source="A8" target="A9"/>
  <move id="16" source="B6" target="B5"/>
  <move id="17" source="A9" target="A:"/>
  <move id="18" source="B5" target="B4"/>
  <move id="19" source="A:" target="B:"/>
  <move id="20" source="F7" target="F6"/>
  <move id="21" source="F6" target="E6"/>
  <move id="22" source="G7" target="F7"/>
  <move id="23" source="B:" target="C:"/>
  <move id="24" source="F7" target="E7"/>
  <player id="1">Player 1</player>
  <player id="2">Player 2</player>
  <result type="3" winner="1"/>
 </game>
</stratego>