<?xml version="1.0" encoding="UTF-8"?>
<stratego>
 <game type="barrage">
  
  <field content="AAAAAAAAAAAAAAAAAAAAMLAAAAAACEBDAAAAAADKAA__AA__AAAA__AA__AAAAAAAAAAAAPPAWAAAAAAQOAXAAAAAAYNAAAAAAAA"/>
  <move id="1" source="B4" target="B5"/>
  <move id="2" source="D9" target="C9"/>
  <move id="3" source="B5" target="B6"/>
  <move id="4" source="C9" target="C8"/>
  <move id="5" source="B6" target="B7"/>
  <move id="6" source="A8" target="A6"/>
  <move id="7" source="B7" target="A7"/>
  <move id="8" source="A6" target="B6"/>
  <move id="9" source="A7" target="A8"/>
  <move id="10" source="B6" target="B3"/>
  <move id="11" source="A8" target="A9"/>
  <move id="12" source="B8" target="A8"/>
  <move id="13" source="B3" target="B4"/>
  <move id="14" source="C8" target="C7"/>
  <move id="15" source="B4" target="B5"/>
  <move id="16" source="B9" target="B8"/>
  <move id="17" source="K4" target="K5"/>
  <move id="18" source="D8" target="E8"/>
  <move id="19" source="K5" target="K6"/>
  <move id="20" source="E8" target="F8"/>
  <move id="21" source="K6" target="K7"/>
  <move id="22" source="F8" target="G8"/>
  <move id="23" source="K7" target="K8"/>
  <move id="24" source="G8" target="H8"/>
  <move id="25" source="K8" target="K9"/>
  <move id="26" source="H8" target="I8"/>
  <move id="27" source="K9" target="K:"/>
  <move id="28" source="I8" target="I9"/>
  <move id="29" source="I4" target="I5"/>
  <move id="30" source="C7" target="D7"/>
  <move id="31" source="I5" target="I6"/>
  <move id="32" source="D7" target="E7"/>
  <move id="33" source="I6" target="I7"/>
  <move id="34" source="E7" target="F7"/>
  <move id="35" source="I7" target="H7"/>
  <move id="36" source="F7" target="G7"/>
  <move id="37" source="H7" target="H8"/>
  <move id="38" source="A9" target="B9"/>
  <move id="39" source="I3" target="I4"/>
  <move id="40" source="I9" target="H9"/>
  <move id="41" source="H8" target="I8"/>
  <move id="42" source="G7" target="H7"/>
  <move id="43" source="I8" target="G8"/>
  <move id="44" source="B8" target="B7"/>
  <move id="45" source="G8" target="F8"/>
  <move id="46" source="A8" target="F8"/>
  <move id="47" source="I4" target="I5"/>
  <move id="48" source="H9" target="I9"/>
  <move id="49" source="I5" target="I6"/>
  <move id="50" source="H7" target="H8"/>
  <move id="51" source="I6" target="I7"/>
  <move id="52" source="I9" target="H9"/>
  <move id="53" source="B5" target="A5"/>
  <move id="54" source="H9" target="G9"/>
  <move id="55" source="A5" target="A6"/>
  <move id="56" source="G9" target="G8"/>
  <move id="57" source="K3" target="I3"/>
  <move id="58" source="H8" target="H9"/>
  <move id="59" source="I3" target="H3"/>
  <move id="60" source="G8" target="H8"/>
  <move id="61" source="H3" target="G3"/>
  <move id="62" source="H9" target="I9"/>
  <move id="63" source="G3" target="F3"/>
  <move id="64" source="I9" target="H9"/>
  <move id="65" source="F3" target="E3"/>
  <move id="66" source="H8" target="H7"/>
  <move id="67" source="E3" target="D3"/>
  <move id="68" source="H7" target="I7"/>
  <move id="69" source="D3" target="C3"/>
  <move id="70" source="H9" target="G9"/>
  <move id="71" source="C3" target="B3"/>
  <move id="72" source="G9" target="F9"/>
  <move id="73" source="B3" target="B4"/>
  <move id="74" source="F9" target="E9"/>
  <move id="75" source="B4" target="B5"/>
  <move id="76" source="E9" target="D9"/>
  <move id="77" source="B5" target="B6"/>
  <move id="78" source="B9" target="B8"/>
  <move id="79" source="A6" target="A5"/>
  <move id="80" source="D9" target="C9"/>
  <move id="81" source="B6" target="A6"/>
  <move id="82" source="B7" target="C7"/>
  <move id="83" source="A6" target="A7"/>
  <move id="84" source="C9" target="B9"/>
  <move id="85" source="A7" target="B7"/>
  <move id="86" source="C7" target="C8"/>
  <move id="87" source="B7" target="B8"/>
  <move id="88" source="C8" target="B8"/>
  <move id="89" source="K:" target="I:"/>
  <move id="90" source="B9" target="C9"/>
  <move id="91" source="I:" target="H:"/>
  <move id="92" source="I7" target="H7"/>
  <move id="93" source="H:" target="G:"/>
  <move id="94" source="H7" target="G7"/>
  <move id="95" source="G:" target="F:"/>
  <move id="96" source="G7" target="F7"/>
  <move id="97" source="F:" target="E:"/>
  <move id="98" source="F7" target="E7"/>
  <move id="99" source="E:" target="D:"/>
  <move id="100" source="E7" target="D7"/>
  <move id="101" source="D:" target="E:"/>
  <move id="102" source="D7" target="D8"/>
  <move id="103" source="E:" target="E9"/>
  <move id="104" source="C9" target="D9"/>
  <move id="105" source="E9" target="E8"/>
  <move id="106" source="D8" target="E8"/>
  <move id="107" source="A5" target="B5"/>
  <move id="108" source="D9" target="D8"/>
  <move id="109" source="B5" target="B4"/>
  <move id="110" source="D8" target="D7"/>
  <move id="111" source="B4" target="C4"/>
  <move id="112" source="D7" target="C7"/>
  <move id="113" source="C4" target="B4"/>
  <move id="114" source="B8" target="B7"/>
  <move id="115" source="B4" target="B5"/>
  <move id="116" source="B7" target="A7"/>
  <move id="117" source="B5" target="A5"/>
  <move id="118" source="C7" target="B7"/>
  <move id="119" source="A5" target="B5"/>
  <move id="120" source="A7" target="A6"/>
  <move id="121" source="B5" target="B4"/>
  <move id="122" source="B7" target="B6"/>
  <move id="123" source="B4" target="B3"/>
  <move id="124" source="B6" target="B5"/>
  <move id="125" source="B3" target="C3"/>
  <move id="126" source="A6" target="A5"/>
  <move id="127" source="C3" target="C4"/>
  <move id="128" source="B5" target="B6"/>
  <move id="129" source="C4" target="B4"/>
  <move id="130" source="B6" target="A6"/>
  <move id="131" source="B4" target="C4"/>
  <move id="132" source="A5" target="B5"/>
  <move id="133" source="C4" target="C3"/>
  <move id="134" source="B5" target="B4"/>
  <move id="135" source="C3" target="D3"/>
  <move id="136" source="B4" target="B3"/>
  <move id="137" source="D3" target="D4"/>
  <move id="138" source="A6" target="A5"/>
  <move id="139" source="D4" target="C4"/>
  <move id="140" source="A5" target="A4"/>
  <move id="141" source="C4" target="D4"/>
  <move id="142" source="B3" target="A3"/>
  <player id="1">Player 1</player>
  <player id="2">Player 2</player>
  <result type="1" winner="2"/>
 </game>
</stratego>