<?xml version="1.0" encoding="UTF-8"?>
<stratego>
 <game type="classic">
  
  <field content="DEBFHBMBEHGBFBEEBIDJDHDELJDDFGDGIFIHCKGDAA__AA__AAAA__AA__AANSWPPSPTQPRVOUSUXVTPNUTYNPTSQNRQNQQPRNPR"/>
  <move id="1" source="E4" target="E5"/>
  <move id="2" source="K7" target="K6"/>
  <move id="3" source="E5" target="E6"/>
  <move id="4" source="K6" target="K5"/>
  <move id="5" source="E3" target="E4"/>
  <move id="6" source="K8" target="K7"/>
  <move id="7" source="E4" target="E5"/>
  <move id="8" source="K7" target="K6"/>
  <move id="9" source="E5" target="F5"/>
  <move id="10" source="K5" target="I5"/>
  <move id="11" source="F5" target="F6"/>
  <move id="12" source="K6" target="K5"/>
  <move id="13" source="F4" target="E4"/>
  <move id="14" source="K5" target="K4"/>
  <move id="15" source="E4" target="E5"/>
  <move id="16" source="E7" target="E6"/>
  <move id="17" source="F6" target="F5"/>
  <move id="18" source="F7" target="E7"/>
  <move id="19" source="E6" target="F6"/>
  <move id="20" source="G7" target="F7"/>
  <move id="21" source="E5" target="E6"/>
  <move id="22" source="F7" target="F6"/>
  <move id="23" source="F5" target="E5"/>
  <move id="24" source="G8" target="G7"/>
  <move id="25" source="F6" target="F5"/>
  <move id="26" source="G7" target="F7"/>
  <move id="27" source="F5" target="F4"/>
  <move id="28" source="F7" target="F6"/>
  <move id="29" source="E6" target="E7"/>
  <move id="30" source="F6" target="F5"/>
  <move id="31" source="E5" target="F5"/>
  <move id="32" source="D7" target="E7"/>
  <move id="33" source="I4" target="I5"/>
  <move id="34" source="C7" target="D7"/>
  <move id="35" source="I5" target="I6"/>
  <move id="36" source="F8" target="F7"/>
  <move id="37" source="E7" target="D7"/>
  <move id="38" source="D7" target="E7"/>
  <move id="39" source="I6" target="I7"/>
  <move id="40" source="E7" target="E6"/>
  <move id="41" source="I7" target="I8"/>
  <move id="42" source="E6" target="E5"/>
  <move id="43" source="H4" target="I4"/>
  <move id="44" source="E5" target="E4"/>
  <move id="45" source="F4" target="F5"/>
  <move id="46" source="H8" target="G8"/>
  <move id="47" source="I4" target="I5"/>
  <move id="48" source="G8" target="G7"/>
  <move id="49" source="I5" target="I6"/>
  <move id="50" source="F7" target="F8"/>
  <move id="51" source="I6" target="I7"/>
  <move id="52" source="G7" target="F7"/>
  <move id="53" source="F5" target="F6"/>
  <move id="54" source="F7" target="F6"/>
  <move id="55" source="H3" target="H4"/>
  <move id="56" source="F6" target="E6"/>
  <move id="57" source="I7" target="I8"/>
  <move id="58" source="E6" target="E5"/>
  <move id="59" source="H4" target="K4"/>
  <move id="60" source="E4" target="F4"/>
  <move id="61" source="F3" target="E3"/>
  <move id="62" source="E5" target="E4"/>
  <move id="63" source="K4" target="K9"/>
  <move id="64" source="E4" target="E3"/>
  <move id="65" source="I3" target="I4"/>
  <move id="66" source="F4" target="F5"/>
  <move id="67" source="I4" target="I5"/>
  <move id="68" source="F5" target="F6"/>
  <move id="69" source="I5" target="I6"/>
  <move id="70" source="F6" target="F7"/>
  <move id="71" source="I8" target="I7"/>
  <move id="72" source="F7" target="G7"/>
  <move id="73" source="I6" target="K6"/>
  <move id="74" source="B7" target="B6"/>
  <move id="75" source="K6" target="K7"/>
  <move id="76" source="B8" target="B7"/>
  <move id="77" source="K7" target="K8"/>
  <move id="78" source="B7" target="C7"/>
  <move id="79" source="K8" target="I8"/>
  <move id="80" source="C7" target="D7"/>
  <move id="81" source="I8" target="I9"/>
  <move id="82" source="D7" target="E7"/>
  <move id="83" source="I9" target="I:"/>
  <move id="84" source="K:" target="I:"/>
  <move id="85" source="G4" target="H4"/>
  <move id="86" source="E7" target="E6"/>
  <move id="87" source="H4" target="I4"/>
  <move id="88" source="E6" target="F6"/>
  <move id="89" source="I4" target="K4"/>
  <move id="90" source="C8" target="C7"/>
  <move id="91" source="K4" target="K5"/>
  <move id="92" source="C7" target="D7"/>
  <move id="93" source="K5" target="K6"/>
  <move id="94" source="D7" target="E7"/>
  <move id="95" source="K6" target="K7"/>
  <move id="96" source="E7" target="E6"/>
  <move id="97" source="K7" target="K8"/>
  <move id="98" source="G7" target="G8"/>
  <move id="99" source="I7" target="I6"/>
  <move id="100" source="G8" target="G7"/>
  <move id="101" source="K8" target="I8"/>
  <move id="102" source="E6" target="E5"/>
  <move id="103" source="I8" target="I9"/>
  <move id="104" source="E5" target="E4"/>
  <move id="105" source="I9" target="I:"/>
  <move id="106" source="E4" target="D4"/>
  <move id="107" source="D4" target="E4"/>
  <move id="108" source="F6" target="F5"/>
  <move id="109" source="K3" target="K4"/>
  <move id="110" source="G7" target="F7"/>
  <move id="111" source="K4" target="K5"/>
  <move id="112" source="F7" target="F6"/>
  <move id="113" source="K5" target="K6"/>
  <move id="114" source="F5" target="F4"/>
  <move id="115" source="I6" target="I7"/>
  <move id="116" source="F4" target="E4"/>
  <move id="117" source="I7" target="I8"/>
  <move id="118" source="F6" target="F7"/>
  <move id="119" source="I:" target="H:"/>
  <move id="120" source="F7" target="G7"/>
  <move id="121" source="I8" target="I7"/>
  <move id="122" source="B6" target="B7"/>
  <move id="123" source="K6" target="K7"/>
  <move id="124" source="B7" target="B8"/>
  <move id="125" source="K7" target="K8"/>
  <move id="126" source="F8" target="F7"/>
  <move id="127" source="K8" target="I8"/>
  <move id="128" source="F7" target="E7"/>
  <move id="129" source="I8" target="I9"/>
  <move id="130" source="E7" target="D7"/>
  <move id="131" source="I9" target="H9"/>
  <move id="132" source="D7" target="C7"/>
  <move id="133" source="G3" target="H3"/>
  <move id="134" source="C7" target="C8"/>
  <move id="135" source="H3" target="I3"/>
  <move id="136" source="E4" target="E3"/>
  <move id="137" source="I3" target="K3"/>
  <move id="138" source="F9" target="F2"/>
  <move id="139" source="K3" target="K4"/>
  <move id="140" source="E3" target="F3"/>
  <move id="141" source="K4" target="K5"/>
  <move id="142" source="F3" target="F2"/>
  <move id="143" source="K5" target="K6"/>
  <move id="144" source="F2" target="F3"/>
  <move id="145" source="K6" target="K7"/>
  <move id="146" source="F:" target="F9"/>
  <move id="147" source="K7" target="K8"/>
  <move id="148" source="F9" target="F8"/>
  <move id="149" source="K8" target="I8"/>
  <move id="150" source="F8" target="F7"/>
  <move id="151" source="I8" target="I9"/>
  <move id="152" source="F7" target="E7"/>
  <move id="153" source="I9" target="H9"/>
  <move id="154" source="F3" target="E3"/>
  <move id="155" source="B4" target="B5"/>
  <move id="156" source="E7" target="E4"/>
  <move id="157" source="D3" target="D4"/>
  <move id="158" source="E4" target="D4"/>
  <move id="159" source="B5" target="B6"/>
  <move id="160" source="E3" target="D3"/>
  <move id="161" source="D4" target="E4"/>
  <move id="162" source="D3" target="D4"/>
  <move id="163" source="E4" target="E3"/>
  <move id="164" source="D4" target="C4"/>
  <move id="165" source="E3" target="F3"/>
  <move id="166" source="B8" target="B7"/>
  <move id="167" source="F3" target="G3"/>
  <move id="168" source="B7" target="B6"/>
  <move id="169" source="G3" target="H3"/>
  <move id="170" source="E8" target="F8"/>
  <move id="171" source="H3" target="I3"/>
  <move id="172" source="F8" target="F9"/>
  <move id="173" source="I3" target="K3"/>
  <move id="174" source="F9" target="F:"/>
  <move id="175" source="K3" target="K4"/>
  <move id="176" source="G9" target="H9"/>
  <move id="177" source="I7" target="I8"/>
  <move id="178" source="G7" target="G8"/>
  <move id="179" source="I8" target="I7"/>
  <move id="180" source="H9" target="G9"/>
  <move id="181" source="K4" target="K5"/>
  <move id="182" source="G9" target="F9"/>
  <move id="183" source="K5" target="K6"/>
  <move id="184" source="A8" target="B8"/>
  <move id="185" source="I7" target="I6"/>
  <move id="186" source="G8" target="G7"/>
  <move id="187" source="K6" target="K7"/>
  <move id="188" source="B8" target="B7"/>
  <move id="189" source="K7" target="K8"/>
  <move id="190" source="B7" target="B6"/>
  <move id="191" source="K8" target="I8"/>
  <move id="192" source="B6" target="B5"/>
  <move id="193" source="I8" target="I9"/>
  <move id="194" source="B5" target="B4"/>
  <move id="195" source="I9" target="H9"/>
  <move id="196" source="B4" target="B3"/>
  <move id="197" source="C3" target="K3"/>
  <move id="198" source="C4" target="B4"/>
  <move id="199" source="B3" target="C3"/>
  <move id="200" source="B4" target="C4"/>
  <move id="201" source="C3" target="D3"/>
  <move id="202" source="F9" target="G9"/>
  <move id="203" source="H9" target="H:"/>
  <move id="204" source="G:" target="H:"/>
  <move id="205" source="K3" target="I3"/>
  <move id="206" source="G9" target="G:"/>
  <move id="207" source="K2" target="K3"/>
  <move id="208" source="H:" target="H9"/>
  <move id="209" source="K3" target="K4"/>
  <move id="210" source="H9" target="G9"/>
  <move id="211" source="K4" target="K5"/>
  <move id="212" source="G9" target="F9"/>
  <move id="213" source="K5" target="K6"/>
  <move id="214" source="F9" target="F8"/>
  <move id="215" source="K6" target="K7"/>
  <move id="216" source="F8" target="G8"/>
  <move id="217" source="K7" target="K8"/>
  <move id="218" source="G8" target="H8"/>
  <move id="219" source="I6" target="I7"/>
  <move id="220" source="G7" target="G8"/>
  <move id="221" source="I7" target="I8"/>
  <move id="222" source="H8" target="H9"/>
  <move id="223" source="I8" target="I9"/>
  <move id="224" source="G8" target="G9"/>
  <move id="225" source="I9" target="I:"/>
  <move id="226" source="F:" target="F9"/>
  <move id="227" source="I:" target="H:"/>
  <move id="228" source="G:" target="F:"/>
  <move id="229" source="H:" target="H9"/>
  <move id="230" source="G9" target="H9"/>
  <move id="231" source="K8" target="I8"/>
  <move id="232" source="F9" target="G9"/>
  <move id="233" source="I8" target="H8"/>
  <move id="234" source="G9" target="G8"/>
  <move id="235" source="H8" target="H9"/>
  <move id="236" source="F:" target="F9"/>
  <move id="237" source="H9" target="G9"/>
  <move id="238" source="G8" target="G9"/>
  <move id="239" source="G9" target="F9"/>
  <move id="240" source="C8" target="C7"/>
  <move id="241" source="F9" target="F8"/>
  <move id="242" source="C7" target="B7"/>
  <move id="243" source="F8" target="E8"/>
  <move id="244" source="C4" target="D4"/>
  <move id="245" source="D3" target="E3"/>
  <move id="246" source="D4" target="E4"/>
  <move id="247" source="E3" target="F3"/>
  <move id="248" source="B7" target="B6"/>
  <move id="249" source="E8" target="E7"/>
  <move id="250" source="B6" target="B5"/>
  <move id="251" source="E7" target="D7"/>
  <move id="252" source="B5" target="B4"/>
  <move id="253" source="D7" target="C7"/>
  <move id="254" source="B4" target="B3"/>
  <move id="255" source="C7" target="B7"/>
  <move id="256" source="E4" target="D4"/>
  <move id="257" source="B7" target="B8"/>
  <move id="258" source="D4" target="C4"/>
  <move id="259" source="B8" target="C8"/>
  <move id="260" source="B3" target="C3"/>
  <move id="261" source="I3" target="I8"/>
  <move id="262" source="H7" target="H8"/>
  <move id="263" source="I8" target="I7"/>
  <move id="264" source="D8" target="D7"/>
  <move id="265" source="C8" target="D8"/>
  <move id="266" source="D7" target="E7"/>
  <move id="267" source="D8" target="E8"/>
  <move id="268" source="E7" target="E6"/>
  <move id="269" source="F3" target="F4"/>
  <move id="270" source="E6" target="F6"/>
  <move id="271" source="F4" target="F5"/>
  <move id="272" source="F6" target="F5"/>
  <move id="273" source="I7" target="D7"/>
  <move id="274" source="C3" target="C2"/>
  <move id="275" source="D7" target="D9"/>
  <player id="1">Player 1</player>
  <player id="2">Player 2</player>
  <result type="1" winner="1"/>
 </game>
</stratego>