<?xml version="1.0" encoding="UTF-8"?>
<stratego>
 <game type="classic">
  
  <field content="BHIBBBMBEGEFEFEIBJGEJDDDKFGLDIGDHCHDDHDFAA__AA__AAAA__AA__AANPTVSPWTPRRUOPPTSQPUNSXQSUVTPQRYNRQNQNPN"/>
  <move id="1" source="B4" target="B5"/>
  <move id="2" source="B7" target="B6"/>
  <move id="3" source="B5" target="A5"/>
  <move id="4" source="B6" target="A6"/>
  <move id="5" source="K4" target="K5"/>
  <move id="6" source="B8" target="B7"/>
  <move id="7" source="K5" target="I5"/>
  <move id="8" source="B7" target="B6"/>
  <move id="9" source="B3" target="B4"/>
  <move id="10" source="B6" target="B7"/>
  <move id="11" source="I4" target="K4"/>
  <move id="12" source="A6" target="B6"/>
  <move id="13" source="B4" target="B3"/>
  <move id="14" source="I7" target="I5"/>
  <move id="15" source="K4" target="K7"/>
  <move id="16" source="K7" target="K6"/>
  <move id="17" source="I5" target="I6"/>
  <move id="18" source="K6" target="I6"/>
  <move id="19" source="I3" target="I4"/>
  <move id="20" source="I8" target="I7"/>
  <move id="21" source="I4" target="K4"/>
  <move id="22" source="I7" target="K7"/>
  <move id="23" source="I2" target="I3"/>
  <move id="24" source="K7" target="K6"/>
  <move id="25" source="K4" target="I4"/>
  <move id="26" source="H8" target="I8"/>
  <move id="27" source="K3" target="K4"/>
  <move id="28" source="I8" target="I7"/>
  <move id="29" source="K4" target="K5"/>
  <move id="30" source="I7" target="I6"/>
  <move id="31" source="I4" target="I5"/>
  <move id="32" source="K8" target="K7"/>
  <move id="33" source="I3" target="I2"/>
  <move id="34" source="B6" target="A6"/>
  <move id="35" source="A5" target="B5"/>
  <move id="36" source="A6" target="A4"/>
  <move id="37" source="B5" target="A5"/>
  <move id="38" source="B7" target="B6"/>
  <move id="39" source="A5" target="A7"/>
  <move id="40" source="B6" target="B5"/>
  <move id="41" source="F4" target="F5"/>
  <move id="42" source="B5" target="A5"/>
  <move id="43" source="A4" target="B4"/>
  <move id="44" source="A5" target="B5"/>
  <move id="45" source="B4" target="A4"/>
  <move id="46" source="B5" target="B6"/>
  <move id="47" source="F5" target="E5"/>
  <move id="48" source="B6" target="B7"/>
  <move id="49" source="G4" target="F4"/>
  <move id="50" source="I6" target="I7"/>
  <move id="51" source="K5" target="K6"/>
  <move id="52" source="K7" target="K8"/>
  <move id="53" source="K6" target="K7"/>
  <move id="54" source="K8" target="I8"/>
  <move id="55" source="K7" target="I7"/>
  <move id="56" source="I8" target="K8"/>
  <move id="57" source="I7" target="K7"/>
  <move id="58" source="K8" target="I8"/>
  <move id="59" source="K7" target="K6"/>
  <move id="60" source="G8" target="H8"/>
  <move id="61" source="K6" target="K5"/>
  <move id="62" source="I8" target="K8"/>
  <move id="63" source="K5" target="K6"/>
  <move id="64" source="K8" target="I8"/>
  <move id="65" source="K6" target="I6"/>
  <move id="66" source="H8" target="G8"/>
  <move id="67" source="I6" target="I7"/>
  <move id="68" source="I8" target="H8"/>
  <move id="69" source="I7" target="I8"/>
  <move id="70" source="F7" target="F6"/>
  <move id="71" source="I5" target="I7"/>
  <move id="72" source="F8" target="F7"/>
  <move id="73" source="I7" target="K7"/>
  <move id="74" source="F6" target="E6"/>
  <move id="75" source="K7" target="K9"/>
  <move id="76" source="H8" target="I8"/>
  <move id="77" source="H4" target="I4"/>
  <move id="78" source="G8" target="H8"/>
  <move id="79" source="I4" target="K4"/>
  <move id="80" source="H8" target="I8"/>
  <move id="81" source="F4" target="G4"/>
  <move id="82" source="I8" target="I7"/>
  <move id="83" source="E5" target="F5"/>
  <move id="84" source="G9" target="G8"/>
  <move id="85" source="F5" target="F4"/>
  <move id="86" source="G8" target="H8"/>
  <move id="87" source="G4" target="H4"/>
  <move id="88" source="I7" target="K7"/>
  <move id="89" source="H4" target="I4"/>
  <move id="90" source="H8" target="I8"/>
  <move id="91" source="H3" target="H4"/>
  <move id="92" source="I8" target="I7"/>
  <move id="93" source="H2" target="H3"/>
  <move id="94" source="I7" target="I6"/>
  <move id="95" source="H3" target="I3"/>
  <move id="96" source="K7" target="K6"/>
  <move id="97" source="K4" target="K3"/>
  <move id="98" source="I6" target="I5"/>
  <move id="99" source="I4" target="K4"/>
  <move id="100" source="K6" target="K5"/>
  <move id="101" source="I3" target="I4"/>
  <move id="102" source="E8" target="F8"/>
  <move id="103" source="H4" target="H3"/>
  <move id="104" source="F8" target="G8"/>
  <move id="105" source="G3" target="G4"/>
  <move id="106" source="G8" target="H8"/>
  <move id="107" source="I4" target="I5"/>
  <move id="108" source="H8" target="I8"/>
  <move id="109" source="K4" target="I4"/>
  <move id="110" source="K5" target="I5"/>
  <move id="111" source="K3" target="K4"/>
  <move id="112" source="I8" target="K8"/>
  <move id="113" source="I4" target="I3"/>
  <move id="114" source="I5" target="I4"/>
  <move id="115" source="K4" target="I4"/>
  <move id="116" source="K8" target="K7"/>
  <move id="117" source="I4" target="H4"/>
  <move id="118" source="K7" target="K6"/>
  <move id="119" source="I3" target="I4"/>
  <move id="120" source="K6" target="K5"/>
  <move id="121" source="I2" target="I3"/>
  <move id="122" source="H7" target="I7"/>
  <move id="123" source="H3" target="H2"/>
  <move id="124" source="I7" target="I6"/>
  <move id="125" source="H4" target="H3"/>
  <move id="126" source="I6" target="I5"/>
  <move id="127" source="H3" target="G3"/>
  <move id="128" source="K5" target="K4"/>
  <move id="129" source="G4" target="H4"/>
  <move id="130" source="I5" target="I4"/>
  <move id="131" source="G3" target="H3"/>
  <move id="132" source="I4" target="I3"/>
  <move id="133" source="H3" target="I3"/>
  <move id="134" source="K4" target="K5"/>
  <move id="135" source="H4" target="H3"/>
  <move id="136" source="K5" target="K6"/>
  <move id="137" source="F4" target="G4"/>
  <move id="138" source="K6" target="K7"/>
  <move id="139" source="G4" target="H4"/>
  <move id="140" source="H9" target="H8"/>
  <move id="141" source="H4" target="I4"/>
  <move id="142" source="H8" target="H7"/>
  <move id="143" source="F3" target="F4"/>
  <move id="144" source="H7" target="I7"/>
  <move id="145" source="F2" target="F3"/>
  <move id="146" source="I7" target="I6"/>
  <move id="147" source="F3" target="G3"/>
  <move id="148" source="I6" target="I5"/>
  <move id="149" source="I4" target="I3"/>
  <move id="150" source="I5" target="I4"/>
  <move id="151" source="I3" target="I2"/>
  <move id="152" source="K7" target="K6"/>
  <move id="153" source="G3" target="G4"/>
  <move id="154" source="K6" target="K5"/>
  <move id="155" source="G4" target="H4"/>
  <move id="156" source="I4" target="I5"/>
  <move id="157" source="H4" target="I4"/>
  <move id="158" source="I5" target="I6"/>
  <move id="159" source="I4" target="I5"/>
  <move id="160" source="I6" target="I7"/>
  <move id="161" source="I5" target="K5"/>
  <move id="162" source="I7" target="I6"/>
  <move id="163" source="K5" target="K4"/>
  <move id="164" source="I6" target="I5"/>
  <move id="165" source="H3" target="G3"/>
  <move id="166" source="E9" target="E8"/>
  <move id="167" source="I2" target="I3"/>
  <move id="168" source="E8" target="F8"/>
  <move id="169" source="K4" target="I4"/>
  <move id="170" source="I5" target="K5"/>
  <move id="171" source="I4" target="H4"/>
  <move id="172" source="I9" target="I3"/>
  <move id="173" source="H4" target="H3"/>
  <move id="174" source="K5" target="I5"/>
  <move id="175" source="G3" target="G4"/>
  <move id="176" source="I5" target="I4"/>
  <move id="177" source="H3" target="G3"/>
  <move id="178" source="F8" target="G8"/>
  <move id="179" source="G3" target="F3"/>
  <move id="180" source="I4" target="H4"/>
  <move id="181" source="G4" target="G3"/>
  <move id="182" source="H4" target="H3"/>
  <move id="183" source="F3" target="F2"/>
  <move id="184" source="H3" target="G3"/>
  <move id="185" source="H2" target="I2"/>
  <move id="186" source="G3" target="H3"/>
  <move id="187" source="I2" target="I3"/>
  <move id="188" source="H3" target="H4"/>
  <move id="189" source="I3" target="I4"/>
  <move id="190" source="H4" target="I4"/>
  <move id="191" source="I4" target="I5"/>
  <move id="192" source="G8" target="G9"/>
  <move id="193" source="B3" target="B4"/>
  <move id="194" source="E6" target="F6"/>
  <move id="195" source="B4" target="B5"/>
  <move id="196" source="F6" target="F4"/>
  <move id="197" source="F4" target="G4"/>
  <move id="198" source="E7" target="E6"/>
  <move id="199" source="G4" target="H4"/>
  <move id="200" source="F7" target="F8"/>
  <move id="201" source="H4" target="I4"/>
  <move id="202" source="G7" target="F7"/>
  <move id="203" source="I4" target="K4"/>
  <move id="204" source="F7" target="F6"/>
  <move id="205" source="K4" target="K5"/>
  <move id="206" source="F6" target="F5"/>
  <move id="207" source="K5" target="K6"/>
  <move id="208" source="F5" target="F4"/>
  <move id="209" source="K6" target="K7"/>
  <move id="210" source="F4" target="F3"/>
  <move id="211" source="E3" target="F3"/>
  <move id="212" source="K9" target="I9"/>
  <move id="213" source="F2" target="F3"/>
  <move id="214" source="E6" target="F6"/>
  <move id="215" source="F3" target="G3"/>
  <move id="216" source="D7" target="E7"/>
  <move id="217" source="I5" target="I4"/>
  <move id="218" source="E7" target="F7"/>
  <move id="219" source="I4" target="H4"/>
  <move id="220" source="F7" target="G7"/>
  <move id="221" source="H4" target="G4"/>
  <move id="222" source="F6" target="E6"/>
  <move id="223" source="G3" target="H3"/>
  <move id="224" source="E6" target="E7"/>
  <move id="225" source="G4" target="F4"/>
  <move id="226" source="G7" target="H7"/>
  <move id="227" source="K7" target="K6"/>
  <move id="228" source="H7" target="I7"/>
  <move id="229" source="K6" target="K5"/>
  <move id="230" source="I7" target="I6"/>
  <move id="231" source="K5" target="K4"/>
  <move id="232" source="I6" target="I5"/>
  <move id="233" source="K4" target="K3"/>
  <move id="234" source="I5" target="I4"/>
  <move id="235" source="H3" target="G3"/>
  <move id="236" source="I4" target="I3"/>
  <move id="237" source="K3" target="K4"/>
  <move id="238" source="I3" target="I4"/>
  <move id="239" source="K4" target="K3"/>
  <move id="240" source="E7" target="F7"/>
  <move id="241" source="D3" target="E3"/>
  <move id="242" source="F7" target="G7"/>
  <move id="243" source="E3" target="F3"/>
  <move id="244" source="G7" target="H7"/>
  <move id="245" source="F4" target="G4"/>
  <move id="246" source="H7" target="H8"/>
  <move id="247" source="G4" target="H4"/>
  <move id="248" source="I4" target="K4"/>
  <move id="249" source="K3" target="I3"/>
  <move id="250" source="D8" target="D7"/>
  <move id="251" source="F3" target="F4"/>
  <move id="252" source="D7" target="E7"/>
  <move id="253" source="C3" target="F3"/>
  <move id="254" source="E7" target="F7"/>
  <move id="255" source="F3" target="F2"/>
  <move id="256" source="F7" target="F4"/>
  <move id="257" source="A3" target="B3"/>
  <move id="258" source="F8" target="E8"/>
  <move id="259" source="B3" target="C3"/>
  <move id="260" source="E8" target="E7"/>
  <move id="261" source="C3" target="D3"/>
  <move id="262" source="E7" target="E6"/>
  <move id="263" source="D3" target="E3"/>
  <move id="264" source="E6" target="E5"/>
  <move id="265" source="E3" target="F3"/>
  <move id="266" source="E5" target="F5"/>
  <move id="267" source="H4" target="G4"/>
  <move id="268" source="K4" target="I4"/>
  <move id="269" source="I3" target="K3"/>
  <move id="270" source="H8" target="G8"/>
  <move id="271" source="F3" target="F4"/>
  <move id="272" source="F5" target="E5"/>
  <move id="273" source="G4" target="H4"/>
  <move id="274" source="I4" target="K4"/>
  <move id="275" source="K3" target="I3"/>
  <move id="276" source="E5" target="F5"/>
  <move id="277" source="H4" target="I4"/>
  <move id="278" source="K4" target="K5"/>
  <move id="279" source="I4" target="K4"/>
  <move id="280" source="K5" target="I5"/>
  <move id="281" source="K4" target="I4"/>
  <move id="282" source="I5" target="K5"/>
  <move id="283" source="I3" target="I2"/>
  <move id="284" source="F5" target="F4"/>
  <move id="285" source="F4" target="F3"/>
  <move id="286" source="C7" target="D7"/>
  <move id="287" source="F3" target="E3"/>
  <move id="288" source="D7" target="E7"/>
  <move id="289" source="F2" target="F4"/>
  <move id="290" source="E7" target="E6"/>
  <move id="291" source="E3" target="F3"/>
  <move id="292" source="E6" target="E5"/>
  <move id="293" source="I4" target="I5"/>
  <move id="294" source="K5" target="K6"/>
  <move id="295" source="I5" target="I6"/>
  <move id="296" source="K6" target="K7"/>
  <move id="297" source="I6" target="I7"/>
  <move id="298" source="K7" target="K6"/>
  <move id="299" source="F4" target="K4"/>
  <move id="300" source="E5" target="F5"/>
  <move id="301" source="G3" target="H3"/>
  <move id="302" source="F5" target="F4"/>
  <move id="303" source="F3" target="F4"/>
  <move id="304" source="B7" target="B6"/>
  <move id="305" source="B5" target="B4"/>
  <move id="306" source="B6" target="B5"/>
  <move id="307" source="K4" target="K6"/>
  <move id="308" source="B5" target="B4"/>
  <move id="309" source="F4" target="G4"/>
  <move id="310" source="B4" target="A4"/>
  <move id="311" source="G4" target="H4"/>
  <move id="312" source="A4" target="A3"/>
  <move id="313" source="H4" target="I4"/>
  <move id="314" source="A3" target="B3"/>
  <move id="315" source="H3" target="G3"/>
  <move id="316" source="B3" target="B2"/>
  <move id="317" source="G3" target="F3"/>
  <move id="318" source="B2" target="B3"/>
  <move id="319" source="F3" target="E3"/>
  <move id="320" source="B3" target="B4"/>
  <move id="321" source="E3" target="D3"/>
  <move id="322" source="B4" target="B5"/>
  <move id="323" source="D3" target="C3"/>
  <move id="324" source="B5" target="B6"/>
  <move id="325" source="I4" target="I5"/>
  <move id="326" source="K6" target="K5"/>
  <move id="327" source="I5" target="K5"/>
  <move id="328" source="I9" target="H9"/>
  <move id="329" source="I7" target="I6"/>
  <move id="330" source="H9" target="H8"/>
  <move id="331" source="I6" target="I5"/>
  <move id="332" source="B6" target="B5"/>
  <move id="333" source="I5" target="I4"/>
  <move id="334" source="B5" target="B6"/>
  <move id="335" source="I4" target="I3"/>
  <move id="336" source="B6" target="B7"/>
  <move id="337" source="I3" target="H3"/>
  <move id="338" source="B7" target="B8"/>
  <move id="339" source="H3" target="G3"/>
  <move id="340" source="D9" target="D8"/>
  <move id="341" source="G3" target="F3"/>
  <move id="342" source="D8" target="D7"/>
  <move id="343" source="F3" target="F4"/>
  <move id="344" source="D7" target="E7"/>
  <move id="345" source="F4" target="F5"/>
  <move id="346" source="F9" target="E9"/>
  <move id="347" source="F5" target="F6"/>
  <move id="348" source="E9" target="D9"/>
  <move id="349" source="C3" target="B3"/>
  <move id="350" source="C8" target="C7"/>
  <move id="351" source="B3" target="A3"/>
  <move id="352" source="G8" target="F8"/>
  <move id="353" source="A3" target="A4"/>
  <move id="354" source="F8" target="F7"/>
  <move id="355" source="F6" target="F5"/>
  <move id="356" source="E7" target="E6"/>
  <move id="357" source="F5" target="F4"/>
  <move id="358" source="F7" target="F6"/>
  <move id="359" source="F4" target="F3"/>
  <move id="360" source="C7" target="B7"/>
  <move id="361" source="A4" target="A5"/>
  <move id="362" source="B7" target="B6"/>
  <move id="363" source="A5" target="A6"/>
  <move id="364" source="B6" target="B7"/>
  <move id="365" source="A6" target="B6"/>
  <move id="366" source="B7" target="C7"/>
  <move id="367" source="B6" target="B7"/>
  <move id="368" source="B8" target="B7"/>
  <move id="369" source="F3" target="F4"/>
  <move id="370" source="C9" target="C8"/>
  <move id="371" source="C2" target="B2"/>
  <move id="372" source="C8" target="D8"/>
  <move id="373" source="B2" target="B3"/>
  <move id="374" source="D8" target="C8"/>
  <move id="375" source="B3" target="B4"/>
  <move id="376" source="C8" target="B8"/>
  <move id="377" source="C1" target="C2"/>
  <move id="378" source="B8" target="B7"/>
  <move id="379" source="C2" target="C3"/>
  <move id="380" source="B7" target="B6"/>
  <move id="381" source="C3" target="B3"/>
  <move id="382" source="B6" target="B5"/>
  <move id="383" source="C4" target="C3"/>
  <move id="384" source="D9" target="D8"/>
  <move id="385" source="C3" target="D3"/>
  <move id="386" source="D8" target="C8"/>
  <move id="387" source="D3" target="E3"/>
  <move id="388" source="C8" target="B8"/>
  <move id="389" source="E3" target="F3"/>
  <move id="390" source="B8" target="B7"/>
  <move id="391" source="F3" target="G3"/>
  <move id="392" source="B7" target="B6"/>
  <move id="393" source="G3" target="H3"/>
  <move id="394" source="B5" target="A5"/>
  <move id="395" source="H3" target="I3"/>
  <move id="396" source="B6" target="B5"/>
  <move id="397" source="I3" target="K3"/>
  <move id="398" source="A5" target="A4"/>
  <move id="399" source="B4" target="B5"/>
  <move id="400" source="B5" target="B6"/>
  <move id="401" source="B3" target="B4"/>
  <move id="402" source="A4" target="B4"/>
  <move id="403" source="E4" target="E5"/>
  <move id="404" source="E6" target="E7"/>
  <move id="405" source="E5" target="E6"/>
  <move id="406" source="E7" target="E8"/>
  <move id="407" source="E6" target="F6"/>
  <move id="408" source="B6" target="B7"/>
  <move id="409" source="F6" target="F7"/>
  <move id="410" source="E8" target="D8"/>
  <move id="411" source="F7" target="F8"/>
  <move id="412" source="D8" target="C8"/>
  <move id="413" source="F8" target="G8"/>
  <move id="414" source="H8" target="I8"/>
  <move id="415" source="G8" target="H8"/>
  <move id="416" source="I8" target="K8"/>
  <move id="417" source="H8" target="I8"/>
  <move id="418" source="K8" target="K9"/>
  <move id="419" source="I8" target="I9"/>
  <move id="420" source="K9" target="K8"/>
  <move id="421" source="K3" target="K4"/>
  <move id="422" source="C8" target="C9"/>
  <move id="423" source="K4" target="K5"/>
  <move id="424" source="B7" target="B8"/>
  <move id="425" source="K5" target="K6"/>
  <move id="426" source="B8" target="C8"/>
  <move id="427" source="F4" target="F5"/>
  <move id="428" source="C8" target="D8"/>
  <move id="429" source="F5" target="F6"/>
  <move id="430" source="C7" target="D7"/>
  <move id="431" source="F6" target="F7"/>
  <move id="432" source="D8" target="E8"/>
  <move id="433" source="F7" target="F8"/>
  <move id="434" source="E8" target="E9"/>
  <move id="435" source="K6" target="K7"/>
  <move id="436" source="D7" target="E7"/>
  <move id="437" source="K7" target="K8"/>
  <move id="438" source="B4" target="B5"/>
  <move id="439" source="K8" target="K7"/>
  <move id="440" source="B5" target="B6"/>
  <move id="441" source="K7" target="I7"/>
  <move id="442" source="B6" target="B7"/>
  <move id="443" source="I7" target="H7"/>
  <move id="444" source="B7" target="C7"/>
  <move id="445" source="H7" target="G7"/>
  <move id="446" source="C7" target="D7"/>
  <move id="447" source="G7" target="F7"/>
  <move id="448" source="E7" target="E6"/>
  <move id="449" source="F8" target="E8"/>
  <move id="450" source="E9" target="F9"/>
  <move id="451" source="F7" target="F6"/>
  <move id="452" source="E6" target="E5"/>
  <move id="453" source="F6" target="F5"/>
  <move id="454" source="E5" target="E6"/>
  <move id="455" source="F5" target="E5"/>
  <move id="456" source="E6" target="F6"/>
  <move id="457" source="I9" target="I8"/>
  <move id="458" source="F6" target="F7"/>
  <move id="459" source="E5" target="E6"/>
  <move id="460" source="F9" target="F8"/>
  <move id="461" source="E8" target="F8"/>
  <move id="462" source="F7" target="F8"/>
  <move id="463" source="E6" target="F6"/>
  <move id="464" source="D7" target="E7"/>
  <move id="465" source="I8" target="I9"/>
  <move id="466" source="F8" target="E8"/>
  <move id="467" source="K2" target="K3"/>
  <move id="468" source="E8" target="D8"/>
  <move id="469" source="K3" target="K4"/>
  <move id="470" source="E7" target="F7"/>
  <move id="471" source="F6" target="E6"/>
  <move id="472" source="D8" target="D7"/>
  <move id="473" source="K4" target="K5"/>
  <move id="474" source="D7" target="C7"/>
  <move id="475" source="K5" target="K6"/>
  <move id="476" source="C7" target="B7"/>
  <move id="477" source="K6" target="K7"/>
  <move id="478" source="F7" target="G7"/>
  <move id="479" source="K7" target="K6"/>
  <move id="480" source="G7" target="F7"/>
  <move id="481" source="K6" target="K7"/>
  <move id="482" source="F7" target="F8"/>
  <move id="483" source="E6" target="E7"/>
  <move id="484" source="B7" target="B6"/>
  <move id="485" source="A2" target="A3"/>
  <move id="486" source="F8" target="G8"/>
  <move id="487" source="E7" target="E8"/>
  <move id="488" source="B6" target="B7"/>
  <move id="489" source="E8" target="E9"/>
  <move id="490" source="B7" target="C7"/>
  <move id="491" source="K1" target="K2"/>
  <move id="492" source="C7" target="D7"/>
  <move id="493" source="K2" target="K3"/>
  <move id="494" source="D7" target="E7"/>
  <move id="495" source="K3" target="I3"/>
  <move id="496" source="E7" target="E6"/>
  <move id="497" source="I3" target="H3"/>
  <move id="498" source="E6" target="E5"/>
  <move id="499" source="D4" target="D3"/>
  <move id="500" source="E5" target="E4"/>
  <move id="501" source="H3" target="G3"/>
  <move id="502" source="E4" target="D4"/>
  <move id="503" source="D3" target="C3"/>
  <move id="504" source="D4" target="C4"/>
  <move id="505" source="C3" target="D3"/>
  <move id="506" source="C4" target="D4"/>
  <move id="507" source="D3" target="E3"/>
  <move id="508" source="D4" target="E4"/>
  <move id="509" source="E3" target="D3"/>
  <move id="510" source="E4" target="E3"/>
  <move id="511" source="E2" target="E3"/>
  <move id="512" source="G8" target="H8"/>
  <move id="513" source="K7" target="K6"/>
  <move id="514" source="H8" target="I8"/>
  <move id="515" source="I9" target="H9"/>
  <move id="516" source="I8" target="I7"/>
  <move id="517" source="G3" target="G4"/>
  <move id="518" source="I7" target="H7"/>
  <move id="519" source="H9" target="I9"/>
  <move id="520" source="H7" target="G7"/>
  <move id="521" source="I9" target="K9"/>
  <move id="522" source="G7" target="G8"/>
  <move id="523" source="G4" target="F4"/>
  <move id="524" source="G8" target="F8"/>
  <move id="525" source="F4" target="E4"/>
  <move id="526" source="F8" target="E8"/>
  <move id="527" source="E9" target="F9"/>
  <move id="528" source="E8" target="E7"/>
  <move id="529" source="K6" target="K7"/>
  <move id="530" source="E7" target="F7"/>
  <move id="531" source="F9" target="E9"/>
  <move id="532" source="F7" target="F8"/>
  <move id="533" source="K7" target="K6"/>
  <move id="534" source="F8" target="G8"/>
  <move id="535" source="E4" target="D4"/>
  <move id="536" source="G8" target="H8"/>
  <move id="537" source="D4" target="C4"/>
  <move id="538" source="H8" target="I8"/>
  <move id="539" source="K6" target="K5"/>
  <move id="540" source="I8" target="K8"/>
  <move id="541" source="K9" target="I9"/>
  <move id="542" source="K8" target="I8"/>
  <move id="543" source="I9" target="K9"/>
  <move id="544" source="I8" target="H8"/>
  <move id="545" source="C4" target="B4"/>
  <move id="546" source="H8" target="G8"/>
  <move id="547" source="B4" target="B5"/>
  <move id="548" source="G8" target="F8"/>
  <move id="549" source="B5" target="B6"/>
  <move id="550" source="F8" target="G8"/>
  <move id="551" source="B6" target="A6"/>
  <move id="552" source="G8" target="H8"/>
  <move id="553" source="E3" target="E4"/>
  <move id="554" source="H8" target="G8"/>
  <move id="555" source="A3" target="B3"/>
  <move id="556" source="G8" target="F8"/>
  <move id="557" source="B3" target="B4"/>
  <move id="558" source="F8" target="E8"/>
  <move id="559" source="E9" target="F9"/>
  <move id="560" source="E8" target="E7"/>
  <move id="561" source="E4" target="E3"/>
  <move id="562" source="E7" target="F7"/>
  <move id="563" source="F9" target="E9"/>
  <move id="564" source="F7" target="F8"/>
  <move id="565" source="B4" target="B5"/>
  <move id="566" source="F8" target="G8"/>
  <move id="567" source="B5" target="B6"/>
  <move id="568" source="G8" target="F8"/>
  <move id="569" source="B6" target="B7"/>
  <move id="570" source="F8" target="E8"/>
  <move id="571" source="E9" target="F9"/>
  <move id="572" source="E8" target="D8"/>
  <move id="573" source="B7" target="C7"/>
  <move id="574" source="D8" target="C8"/>
  <move id="575" source="C7" target="D7"/>
  <move id="576" source="C8" target="C7"/>
  <move id="577" source="D7" target="D8"/>
  <move id="578" source="C7" target="D7"/>
  <move id="579" source="D8" target="C8"/>
  <move id="580" source="D7" target="E7"/>
  <move id="581" source="C8" target="C9"/>
  <move id="582" source="E7" target="E8"/>
  <move id="583" source="K5" target="K6"/>
  <move id="584" source="E8" target="F8"/>
  <move id="585" source="F9" target="E9"/>
  <move id="586" source="F8" target="G8"/>
  <move id="587" source="B1" target="B2"/>
  <move id="588" source="G8" target="H8"/>
  <move id="589" source="B2" target="B3"/>
  <move id="590" source="H8" target="I8"/>
  <move id="591" source="K6" target="K5"/>
  <move id="592" source="I8" target="H8"/>
  <move id="593" source="B3" target="B4"/>
  <move id="594" source="H8" target="G8"/>
  <move id="595" source="B4" target="C4"/>
  <move id="596" source="G8" target="F8"/>
  <move id="597" source="C4" target="D4"/>
  <move id="598" source="F8" target="E8"/>
  <move id="599" source="E9" target="F9"/>
  <move id="600" source="E8" target="D8"/>
  <move id="601" source="K5" target="K6"/>
  <move id="602" source="D8" target="E8"/>
  <move id="603" source="D4" target="E4"/>
  <move id="604" source="E8" target="F8"/>
  <move id="605" source="F9" target="E9"/>
  <move id="606" source="F8" target="G8"/>
  <move id="607" source="E4" target="E5"/>
  <move id="608" source="G8" target="H8"/>
  <move id="609" source="E5" target="E6"/>
  <move id="610" source="H8" target="G8"/>
  <move id="611" source="K6" target="K7"/>
  <move id="612" source="G8" target="F8"/>
  <move id="613" source="K7" target="I7"/>
  <move id="614" source="F8" target="E8"/>
  <move id="615" source="E9" target="F9"/>
  <move id="616" source="E8" target="E7"/>
  <move id="617" source="E6" target="E5"/>
  <move id="618" source="E7" target="F7"/>
  <move id="619" source="F9" target="E9"/>
  <move id="620" source="F7" target="G7"/>
  <move id="621" source="I7" target="I6"/>
  <move id="622" source="G7" target="H7"/>
  <move id="623" source="E3" target="F3"/>
  <move id="624" source="H7" target="G7"/>
  <move id="625" source="F3" target="F4"/>
  <move id="626" source="G7" target="F7"/>
  <move id="627" source="I6" target="I7"/>
  <move id="628" source="F7" target="F8"/>
  <move id="629" source="F4" target="F5"/>
  <move id="630" source="F8" target="F7"/>
  <move id="631" source="E5" target="E4"/>
  <move id="632" source="F7" target="G7"/>
  <move id="633" source="I7" target="I6"/>
  <move id="634" source="G7" target="H7"/>
  <move id="635" source="I6" target="I5"/>
  <move id="636" source="H7" target="I7"/>
  <move id="637" source="F5" target="E5"/>
  <move id="638" source="I7" target="H7"/>
  <move id="639" source="I5" target="I6"/>
  <move id="640" source="H7" target="G7"/>
  <move id="641" source="I6" target="I7"/>
  <move id="642" source="G7" target="G8"/>
  <move id="643" source="I7" target="H7"/>
  <move id="644" source="G8" target="F8"/>
  <move id="645" source="H7" target="H8"/>
  <move id="646" source="F8" target="G8"/>
  <move id="647" source="H8" target="H9"/>
  <move id="648" source="G9" target="H9"/>
  <move id="649" source="E9" target="F9"/>
  <move id="650" source="H9" target="H8"/>
  <move id="651" source="K9" target="K8"/>
  <move id="652" source="H8" target="H7"/>
  <move id="653" source="K8" target="K7"/>
  <move id="654" source="H7" target="G7"/>
  <move id="655" source="K7" target="I7"/>
  <move id="656" source="G7" target="F7"/>
  <move id="657" source="E5" target="F5"/>
  <move id="658" source="F7" target="F6"/>
  <move id="659" source="F5" target="F4"/>
  <move id="660" source="F6" target="F5"/>
  <move id="661" source="F4" target="F3"/>
  <move id="662" source="F5" target="F4"/>
  <move id="663" source="E4" target="F4"/>
  <move id="664" source="G8" target="F8"/>
  <move id="665" source="F9" target="E9"/>
  <move id="666" source="F8" target="F7"/>
  <move id="667" source="F4" target="E4"/>
  <move id="668" source="F7" target="F6"/>
  <move id="669" source="F3" target="G3"/>
  <move id="670" source="F6" target="E6"/>
  <move id="671" source="E4" target="F4"/>
  <move id="672" source="E6" target="E7"/>
  <move id="673" source="E9" target="D9"/>
  <move id="674" source="E7" target="E8"/>
  <move id="675" source="D9" target="C9"/>
  <move id="676" source="E8" target="D8"/>
  <move id="677" source="I7" target="I8"/>
  <move id="678" source="D8" target="C8"/>
  <move id="679" source="C9" target="D9"/>
  <move id="680" source="B9" target="B8"/>
  <move id="681" source="I8" target="I9"/>
  <move id="682" source="B8" target="B7"/>
  <move id="683" source="F4" target="E4"/>
  <move id="684" source="B7" target="B6"/>
  <move id="685" source="A6" target="A5"/>
  <move id="686" source="B6" target="B5"/>
  <move id="687" source="A5" target="A4"/>
  <move id="688" source="B5" target="B4"/>
  <move id="689" source="A4" target="A5"/>
  <move id="690" source="C8" target="B8"/>
  <move id="691" source="G3" target="G4"/>
  <move id="692" source="B8" target="B7"/>
  <move id="693" source="G4" target="F4"/>
  <move id="694" source="B7" target="B6"/>
  <move id="695" source="F4" target="F5"/>
  <move id="696" source="B4" target="A4"/>
  <move id="697" source="F5" target="F6"/>
  <move id="698" source="A4" target="A5"/>
  <move id="699" source="F6" target="F7"/>
  <move id="700" source="B6" target="B7"/>
  <move id="701" source="F7" target="E7"/>
  <move id="702" source="B7" target="C7"/>
  <move id="703" source="D9" target="C9"/>
  <move id="704" source="C7" target="C8"/>
  <move id="705" source="C9" target="B9"/>
  <move id="706" source="C8" target="C9"/>
  <move id="707" source="B9" target="B8"/>
  <move id="708" source="C9" target="C8"/>
  <move id="709" source="B8" target="B9"/>
  <move id="710" source="C8" target="D8"/>
  <move id="711" source="D2" target="C2"/>
  <move id="712" source="D8" target="E8"/>
  <move id="713" source="E7" target="F7"/>
  <move id="714" source="E8" target="E7"/>
  <move id="715" source="F7" target="F8"/>
  <move id="716" source="E7" target="E6"/>
  <move id="717" source="E4" target="E3"/>
  <move id="718" source="E6" target="E7"/>
  <move id="719" source="F8" target="G8"/>
  <move id="720" source="E7" target="E8"/>
  <move id="721" source="G8" target="H8"/>
  <move id="722" source="E8" target="F8"/>
  <move id="723" source="H8" target="H9"/>
  <move id="724" source="F8" target="G8"/>
  <move id="725" source="H9" target="H:"/>
  <move id="726" source="G:" target="H:"/>
  <move id="727" source="I9" target="H9"/>
  <move id="728" source="G8" target="F8"/>
  <move id="729" source="H9" target="G9"/>
  <move id="730" source="F8" target="E8"/>
  <move id="731" source="G9" target="F9"/>
  <move id="732" source="E8" target="D8"/>
  <move id="733" source="F9" target="E9"/>
  <move id="734" source="D8" target="D9"/>
  <move id="735" source="E9" target="E8"/>
  <move id="736" source="D9" target="C9"/>
  <move id="737" source="B9" target="B8"/>
  <move id="738" source="C9" target="C8"/>
  <move id="739" source="B8" target="B7"/>
  <move id="740" source="C8" target="C7"/>
  <move id="741" source="B7" target="B6"/>
  <move id="742" source="C7" target="B7"/>
  <move id="743" source="B6" target="A6"/>
  <move id="744" source="B7" target="B6"/>
  <move id="745" source="A6" target="A5"/>
  <move id="746" source="B6" target="B5"/>
  <move id="747" source="A5" target="A4"/>
  <move id="748" source="B5" target="B4"/>
  <move id="749" source="A4" target="A5"/>
  <move id="750" source="B4" target="B5"/>
  <move id="751" source="A5" target="A6"/>
  <move id="752" source="B5" target="A5"/>
  <move id="753" source="A6" target="B6"/>
  <move id="754" source="A5" target="A6"/>
  <move id="755" source="B6" target="B5"/>
  <move id="756" source="A6" target="B6"/>
  <move id="757" source="B5" target="A5"/>
  <move id="758" source="B6" target="B7"/>
  <move id="759" source="E8" target="E9"/>
  <move id="760" source="B7" target="B8"/>
  <move id="761" source="C2" target="C3"/>
  <move id="762" source="B8" target="C8"/>
  <move id="763" source="C3" target="C4"/>
  <move id="764" source="C8" target="D8"/>
  <move id="765" source="C4" target="D4"/>
  <move id="766" source="D8" target="E8"/>
  <move id="767" source="E9" target="D9"/>
  <move id="768" source="E8" target="E7"/>
  <move id="769" source="E3" target="E4"/>
  <move id="770" source="E7" target="E6"/>
  <move id="771" source="D3" target="D2"/>
  <move id="772" source="E6" target="E5"/>
  <move id="773" source="E4" target="E3"/>
  <move id="774" source="I:" target="I9"/>
  <move id="775" source="E3" target="F3"/>
  <move id="776" source="I9" target="I8"/>
  <move id="777" source="F3" target="G3"/>
  <move id="778" source="I8" target="I7"/>
  <move id="779" source="G3" target="H3"/>
  <move id="780" source="I7" target="H7"/>
  <move id="781" source="D9" target="E9"/>
  <move id="782" source="H7" target="G7"/>
  <move id="783" source="E9" target="F9"/>
  <move id="784" source="G7" target="F7"/>
  <move id="785" source="H3" target="G3"/>
  <move id="786" source="F7" target="F6"/>
  <move id="787" source="G3" target="F3"/>
  <move id="788" source="F6" target="F5"/>
  <move id="789" source="F3" target="F4"/>
  <move id="790" source="F5" target="F6"/>
  <move id="791" source="F9" target="F8"/>
  <move id="792" source="E5" target="F5"/>
  <move id="793" source="F4" target="E4"/>
  <move id="794" source="F6" target="E6"/>
  <move id="795" source="F8" target="F7"/>
  <move id="796" source="F5" target="F6"/>
  <move id="797" source="F7" target="E7"/>
  <move id="798" source="E6" target="E5"/>
  <move id="799" source="D2" target="E2"/>
  <move id="800" source="E5" target="F5"/>
  <move id="801" source="E4" target="F4"/>
  <move id="802" source="F5" target="E5"/>
  <move id="803" source="F4" target="E4"/>
  <move id="804" source="F6" target="F5"/>
  <move id="805" source="E7" target="E6"/>
  <move id="806" source="D:" target="D9"/>
  <move id="807" source="A5" target="B5"/>
  <move id="808" source="D9" target="E9"/>
  <move id="809" source="B5" target="B6"/>
  <move id="810" source="E9" target="E8"/>
  <move id="811" source="B6" target="B7"/>
  <move id="812" source="E8" target="F8"/>
  <move id="813" source="B7" target="B8"/>
  <move id="814" source="F8" target="F7"/>
  <move id="815" source="B8" target="B9"/>
  <move id="816" source="F7" target="G7"/>
  <move id="817" source="I2" target="I3"/>
  <move id="818" source="G7" target="H7"/>
  <move id="819" source="I3" target="I4"/>
  <move id="820" source="H7" target="I7"/>
  <move id="821" source="I1" target="I2"/>
  <move id="822" source="I7" target="I6"/>
  <move id="823" source="I2" target="I3"/>
  <move id="824" source="I6" target="I5"/>
  <move id="825" source="I3" target="H3"/>
  <move id="826" source="I5" target="I4"/>
  <move id="827" source="D4" target="C4"/>
  <move id="828" source="F5" target="F4"/>
  <move id="829" source="E4" target="E3"/>
  <move id="830" source="E5" target="E4"/>
  <move id="831" source="E6" target="E5"/>
  <move id="832" source="E4" target="C4"/>
  <move id="833" source="E5" target="E6"/>
  <move id="834" source="F4" target="E4"/>
  <move id="835" source="E3" target="F3"/>
  <move id="836" source="E4" target="D4"/>
  <move id="837" source="C4" target="B4"/>
  <move id="838" source="D4" target="C4"/>
  <move id="839" source="B4" target="A4"/>
  <move id="840" source="C4" target="B4"/>
  <move id="841" source="A4" target="A3"/>
  <move id="842" source="B4" target="B5"/>
  <move id="843" source="B9" target="C9"/>
  <move id="844" source="B5" target="B6"/>
  <move id="845" source="E6" target="F6"/>
  <move id="846" source="B6" target="B7"/>
  <move id="847" source="E2" target="E3"/>
  <move id="848" source="B7" target="C7"/>
  <move id="849" source="C9" target="B9"/>
  <move id="850" source="C7" target="B7"/>
  <move id="851" source="B9" target="C9"/>
  <move id="852" source="B7" target="B8"/>
  <move id="853" source="E3" target="E4"/>
  <move id="854" source="B8" target="C8"/>
  <move id="855" source="C9" target="B9"/>
  <move id="856" source="A8" target="B8"/>
  <move id="857" source="F3" target="E3"/>
  <move id="858" source="B8" target="B7"/>
  <move id="859" source="E3" target="D3"/>
  <move id="860" source="C8" target="D8"/>
  <move id="861" source="B9" target="B8"/>
  <move id="862" source="B7" target="C7"/>
  <move id="863" source="D3" target="D4"/>
  <move id="864" source="D8" target="E8"/>
  <move id="865" source="E4" target="E3"/>
  <move id="866" source="E8" target="F8"/>
  <move id="867" source="F6" target="E6"/>
  <move id="868" source="F8" target="F7"/>
  <move id="869" source="H3" target="I3"/>
  <move id="870" source="C7" target="D7"/>
  <move id="871" source="I3" target="K3"/>
  <move id="872" source="D7" target="D8"/>
  <move id="873" source="K3" target="K4"/>
  <move id="874" source="D8" target="E8"/>
  <move id="875" source="D4" target="E4"/>
  <move id="876" source="F7" target="F6"/>
  <move id="877" source="E6" target="E7"/>
  <move id="878" source="E8" target="F8"/>
  <move id="879" source="E4" target="F4"/>
  <move id="880" source="F8" target="G8"/>
  <move id="881" source="F4" target="G4"/>
  <move id="882" source="G8" target="H8"/>
  <move id="883" source="G4" target="H4"/>
  <move id="884" source="H8" target="I8"/>
  <move id="885" source="H4" target="I4"/>
  <move id="886" source="F6" target="F7"/>
  <move id="887" source="E7" target="E6"/>
  <move id="888" source="I8" target="K8"/>
  <move id="889" source="I4" target="I5"/>
  <move id="890" source="F7" target="G7"/>
  <move id="891" source="I5" target="I6"/>
  <move id="892" source="G7" target="H7"/>
  <move id="893" source="I6" target="K6"/>
  <move id="894" source="K8" target="I8"/>
  <move id="895" source="K4" target="K3"/>
  <move id="896" source="H7" target="G7"/>
  <move id="897" source="K3" target="I3"/>
  <move id="898" source="G7" target="F7"/>
  <move id="899" source="I3" target="H3"/>
  <move id="900" source="I8" target="H8"/>
  <move id="901" source="H3" target="G3"/>
  <move id="902" source="H8" target="G8"/>
  <move id="903" source="G3" target="F3"/>
  <move id="904" source="G8" target="F8"/>
  <move id="905" source="F3" target="F4"/>
  <move id="906" source="F8" target="E8"/>
  <move id="907" source="F4" target="E4"/>
  <move id="908" source="F7" target="E7"/>
  <move id="909" source="E6" target="F6"/>
  <move id="910" source="E8" target="F8"/>
  <move id="911" source="E4" target="D4"/>
  <move id="912" source="F8" target="E8"/>
  <move id="913" source="D4" target="C4"/>
  <move id="914" source="E8" target="E9"/>
  <move id="915" source="C4" target="B4"/>
  <move id="916" source="E7" target="D7"/>
  <move id="917" source="B4" target="A4"/>
  <move id="918" source="E9" target="F9"/>
  <move id="919" source="F6" target="F7"/>
  <move id="920" source="D7" target="E7"/>
  <move id="921" source="F7" target="F8"/>
  <move id="922" source="F9" target="E9"/>
  <move id="923" source="B8" target="C8"/>
  <move id="924" source="E7" target="E8"/>
  <move id="925" source="F8" target="F9"/>
  <move id="926" source="E9" target="D9"/>
  <move id="927" source="A4" target="A5"/>
  <move id="928" source="D9" target="D8"/>
  <move id="929" source="C8" target="D8"/>
  <move id="930" source="E8" target="D8"/>
  <move id="931" source="F9" target="E9"/>
  <move id="932" source="D8" target="E8"/>
  <move id="933" source="E9" target="F9"/>
  <move id="934" source="E8" target="D8"/>
  <move id="935" source="E3" target="E4"/>
  <move id="936" source="D8" target="D9"/>
  <move id="937" source="F9" target="F8"/>
  <move id="938" source="D9" target="D8"/>
  <move id="939" source="F8" target="F7"/>
  <move id="940" source="E:" target="E9"/>
  <move id="941" source="E4" target="D4"/>
  <move id="942" source="E9" target="D9"/>
  <move id="943" source="A3" target="B3"/>
  <move id="944" source="D9" target="C9"/>
  <move id="945" source="B3" target="B4"/>
  <move id="946" source="C9" target="C8"/>
  <move id="947" source="B4" target="B5"/>
  <move id="948" source="D8" target="D7"/>
  <move id="949" source="A5" target="A4"/>
  <move id="950" source="D7" target="C7"/>
  <move id="951" source="B5" target="A5"/>
  <move id="952" source="C7" target="B7"/>
  <move id="953" source="A4" target="A3"/>
  <move id="954" source="B7" target="B6"/>
  <move id="955" source="A3" target="B3"/>
  <move id="956" source="B6" target="B5"/>
  <move id="957" source="A5" target="A6"/>
  <move id="958" source="B5" target="B6"/>
  <move id="959" source="A6" target="A5"/>
  <move id="960" source="B6" target="B5"/>
  <move id="961" source="A5" target="A6"/>
  <move id="962" source="C8" target="D8"/>
  <move id="963" source="B3" target="C3"/>
  <move id="964" source="B5" target="B6"/>
  <move id="965" source="A6" target="A5"/>
  <move id="966" source="B6" target="B7"/>
  <move id="967" source="C3" target="D3"/>
  <move id="968" source="B7" target="C7"/>
  <move id="969" source="D3" target="E3"/>
  <move id="970" source="C7" target="D7"/>
  <move id="971" source="F7" target="F6"/>
  <move id="972" source="D7" target="E7"/>
  <move id="973" source="K6" target="K7"/>
  <move id="974" source="E7" target="E6"/>
  <move id="975" source="F6" target="F7"/>
  <move id="976" source="D8" target="D9"/>
  <move id="977" source="K7" target="K8"/>
  <move id="978" source="E6" target="E7"/>
  <move id="979" source="F7" target="F6"/>
  <move id="980" source="E7" target="E8"/>
  <move id="981" source="F6" target="F7"/>
  <move id="982" source="E8" target="E7"/>
  <move id="983" source="F7" target="F6"/>
  <move id="984" source="E7" target="F7"/>
  <move id="985" source="F6" target="E6"/>
  <move id="986" source="D9" target="D8"/>
  <move id="987" source="A5" target="B5"/>
  <move id="988" source="F7" target="E7"/>
  <move id="989" source="E6" target="F6"/>
  <move id="990" source="E7" target="D7"/>
  <move id="991" source="F6" target="F7"/>
  <move id="992" source="D7" target="E7"/>
  <move id="993" source="F7" target="F6"/>
  <move id="994" source="D8" target="C8"/>
  <move id="995" source="B5" target="B6"/>
  <move id="996" source="C8" target="D8"/>
  <move id="997" source="B6" target="B7"/>
  <move id="998" source="D8" target="E8"/>
  <move id="999" source="B7" target="B8"/>
  <move id="1000" source="E8" target="F8"/>
  <move id="1001" source="B8" target="B9"/>
  <move id="1002" source="F8" target="E8"/>
  <move id="1003" source="B9" target="C9"/>
  <move id="1004" source="E7" target="F7"/>
  <move id="1005" source="F6" target="E6"/>
  <move id="1006" source="E8" target="F8"/>
  <move id="1007" source="D4" target="C4"/>
  <move id="1008" source="F7" target="E7"/>
  <move id="1009" source="E6" target="F6"/>
  <move id="1010" source="F8" target="E8"/>
  <move id="1011" source="C4" target="B4"/>
  <move id="1012" source="E8" target="D8"/>
  <move id="1013" source="C9" target="C8"/>
  <move id="1014" source="D8" target="D7"/>
  <move id="1015" source="C8" target="C7"/>
  <move id="1016" source="D7" target="D8"/>
  <move id="1017" source="C7" target="C8"/>
  <move id="1018" source="D8" target="D9"/>
  <move id="1019" source="B4" target="B5"/>
  <move id="1020" source="E7" target="D7"/>
  <move id="1021" source="B5" target="B6"/>
  <move id="1022" source="D7" target="C7"/>
  <move id="1023" source="C8" target="C9"/>
  <move id="1024" source="D9" target="D8"/>
  <move id="1025" source="F6" target="F7"/>
  <move id="1026" source="C7" target="C8"/>
  <move id="1027" source="C9" target="D9"/>
  <move id="1028" source="D8" target="D7"/>
  <move id="1029" source="B6" target="B5"/>
  <move id="1030" source="D7" target="C7"/>
  <move id="1031" source="B5" target="B4"/>
  <move id="1032" source="C7" target="B7"/>
  <move id="1033" source="B4" target="C4"/>
  <move id="1034" source="C8" target="D8"/>
  <move id="1035" source="D9" target="C9"/>
  <move id="1036" source="B7" target="B6"/>
  <move id="1037" source="C4" target="D4"/>
  <move id="1038" source="B6" target="B5"/>
  <move id="1039" source="D4" target="E4"/>
  <move id="1040" source="B5" target="B4"/>
  <move id="1041" source="E3" target="F3"/>
  <move id="1042" source="B4" target="C4"/>
  <move id="1043" source="E4" target="E5"/>
  <move id="1044" source="C4" target="D4"/>
  <move id="1045" source="E5" target="E6"/>
  <move id="1046" source="D8" target="D7"/>
  <move id="1047" source="E6" target="F6"/>
  <move id="1048" source="D4" target="E4"/>
  <move id="1049" source="K8" target="K7"/>
  <move id="1050" source="E4" target="E3"/>
  <move id="1051" source="F3" target="F4"/>
  <move id="1052" source="E3" target="F3"/>
  <move id="1053" source="F4" target="E4"/>
  <move id="1054" source="F3" target="G3"/>
  <move id="1055" source="F6" target="E6"/>
  <move id="1056" source="G3" target="G2"/>
  <player id="1">Player 1</player>
  <player id="2">Player 2</player>
  <result type="3" winner="2"/>
 </game>
</stratego>