<?xml version="1.0" encoding="UTF-8"?>
<stratego>
 <game type="classic">
  
  <field content="DEBEDDEEIMFDBFJIHHJBBGLEGFCKGHDDGIDBHFDBAA__AA__AAAA__AA__AAPTOTPSTRPSRUPWPUXVUNQSPRVSNTQRNPQNQNYNQP"/>
  <move id="1" source="I4" target="I5"/>
  <move id="2" source="F7" target="F6"/>
  <move id="3" source="I3" target="I4"/>
  <move id="4" source="F8" target="F7"/>
  <move id="5" source="I2" target="I3"/>
  <move id="6" source="F6" target="F5"/>
  <move id="7" source="I5" target="K5"/>
  <move id="8" source="F7" target="F6"/>
  <move id="9" source="E4" target="E5"/>
  <move id="10" source="F5" target="E5"/>
  <move id="11" source="E3" target="E4"/>
  <move id="12" source="E5" target="F5"/>
  <move id="13" source="E2" target="E3"/>
  <move id="14" source="F6" target="E6"/>
  <move id="15" source="F2" target="E2"/>
  <move id="16" source="E6" target="E5"/>
  <move id="17" source="F3" target="F2"/>
  <move id="18" source="F5" target="F6"/>
  <move id="19" source="G3" target="F3"/>
  <move id="20" source="F6" target="F7"/>
  <move id="21" source="I4" target="I5"/>
  <move id="22" source="F7" target="F8"/>
  <move id="23" source="H4" target="I4"/>
  <move id="24" source="B7" target="B6"/>
  <move id="25" source="H3" target="H4"/>
  <move id="26" source="B6" target="B5"/>
  <move id="27" source="I5" target="I6"/>
  <move id="28" source="B8" target="B7"/>
  <move id="29" source="K5" target="I5"/>
  <move id="30" source="B7" target="B6"/>
  <move id="31" source="I6" target="K6"/>
  <move id="32" source="A7" target="A6"/>
  <move id="33" source="I5" target="I7"/>
  <move id="34" source="A6" target="A5"/>
  <move id="35" source="I4" target="I5"/>
  <move id="36" source="G7" target="F7"/>
  <move id="37" source="I3" target="I4"/>
  <move id="38" source="H7" target="G7"/>
  <move id="39" source="I5" target="I6"/>
  <move id="40" source="I8" target="I7"/>
  <move id="41" source="F3" target="G3"/>
  <move id="42" source="I7" target="I6"/>
  <move id="43" source="K6" target="K5"/>
  <move id="44" source="G7" target="H7"/>
  <move id="45" source="G3" target="H3"/>
  <move id="46" source="H7" target="I7"/>
  <move id="47" source="K5" target="I5"/>
  <move id="48" source="I6" target="I5"/>
  <move id="49" source="I4" target="I5"/>
  <move id="50" source="I7" target="I6"/>
  <move id="51" source="I5" target="I4"/>
  <move id="52" source="I6" target="I5"/>
  <move id="53" source="I4" target="I3"/>
  <move id="54" source="I5" target="I4"/>
  <move id="55" source="E3" target="F3"/>
  <move id="56" source="I9" target="I8"/>
  <move id="57" source="F3" target="E3"/>
  <move id="58" source="I8" target="I7"/>
  <move id="59" source="E4" target="E5"/>
  <move id="60" source="F7" target="G7"/>
  <move id="61" source="E3" target="F3"/>
  <move id="62" source="G7" target="H7"/>
  <move id="63" source="D3" target="E3"/>
  <move id="64" source="I7" target="I6"/>
  <move id="65" source="E3" target="E4"/>
  <move id="66" source="E5" target="F5"/>
  <move id="67" source="E4" target="E5"/>
  <move id="68" source="F5" target="F6"/>
  <move id="69" source="E5" target="F5"/>
  <move id="70" source="F6" target="F7"/>
  <move id="71" source="F5" target="F6"/>
  <move id="72" source="F7" target="G7"/>
  <move id="73" source="F6" target="F7"/>
  <move id="74" source="I6" target="I5"/>
  <move id="75" source="C3" target="D3"/>
  <move id="76" source="H7" target="I7"/>
  <move id="77" source="D3" target="C3"/>
  <move id="78" source="I7" target="I8"/>
  <move id="79" source="D2" target="D3"/>
  <move id="80" source="G7" target="H7"/>
  <move id="81" source="F7" target="G7"/>
  <move id="82" source="E7" target="E6"/>
  <move id="83" source="D3" target="E3"/>
  <move id="84" source="E6" target="E5"/>
  <move id="85" source="E3" target="E4"/>
  <move id="86" source="E8" target="E7"/>
  <move id="87" source="G7" target="G8"/>
  <move id="88" source="I5" target="K5"/>
  <move id="89" source="H4" target="I4"/>
  <move id="90" source="H7" target="G7"/>
  <move id="91" source="I4" target="I5"/>
  <move id="92" source="K5" target="K4"/>
  <move id="93" source="K3" target="K4"/>
  <move id="94" source="G7" target="F7"/>
  <move id="95" source="F3" target="E3"/>
  <move id="96" source="G8" target="G7"/>
  <move id="97" source="H3" target="H4"/>
  <move id="98" source="E7" target="E8"/>
  <move id="99" source="H4" target="H3"/>
  <move id="100" source="F7" target="E7"/>
  <move id="101" source="H3" target="G3"/>
  <move id="102" source="G7" target="H7"/>
  <move id="103" source="G3" target="H3"/>
  <move id="104" source="H8" target="G8"/>
  <move id="105" source="I5" target="I4"/>
  <move id="106" source="C8" target="B8"/>
  <move id="107" source="H2" target="I2"/>
  <move id="108" source="B8" target="B7"/>
  <move id="109" source="G2" target="H2"/>
  <move id="110" source="B6" target="A6"/>
  <move id="111" source="F2" target="G2"/>
  <move id="112" source="B7" target="B6"/>
  <move id="113" source="H3" target="H4"/>
  <move id="114" source="A5" target="A4"/>
  <move id="115" source="B4" target="A4"/>
  <move id="116" source="B5" target="A5"/>
  <move id="117" source="C4" target="B4"/>
  <move id="118" source="B6" target="B5"/>
  <move id="119" source="D4" target="C4"/>
  <move id="120" source="A5" target="A4"/>
  <move id="121" source="B4" target="B5"/>
  <move id="122" source="A6" target="B6"/>
  <move id="123" source="B5" target="B6"/>
  <move id="124" source="A4" target="A5"/>
  <move id="125" source="C4" target="B4"/>
  <move id="126" source="B6" target="B7"/>
  <move id="127" source="B4" target="B5"/>
  <move id="128" source="A5" target="A4"/>
  <move id="129" source="B5" target="A5"/>
  <move id="130" source="A4" target="B4"/>
  <move id="131" source="A5" target="A4"/>
  <move id="132" source="B4" target="B3"/>
  <move id="133" source="C3" target="B3"/>
  <move id="134" source="F8" target="F7"/>
  <move id="135" source="B3" target="C3"/>
  <move id="136" source="F7" target="F6"/>
  <move id="137" source="C3" target="D3"/>
  <move id="138" source="F6" target="F5"/>
  <move id="139" source="A4" target="B4"/>
  <move id="140" source="E7" target="F7"/>
  <move id="141" source="B4" target="C4"/>
  <move id="142" source="F7" target="F8"/>
  <move id="143" source="E3" target="F3"/>
  <move id="144" source="E5" target="E6"/>
  <move id="145" source="D3" target="E3"/>
  <move id="146" source="D8" target="C8"/>
  <move id="147" source="B2" target="B3"/>
  <move id="148" source="D7" target="D8"/>
  <move id="149" source="C4" target="C3"/>
  <move id="150" source="B7" target="B6"/>
  <move id="151" source="E4" target="D4"/>
  <move id="152" source="B6" target="B5"/>
  <move id="153" source="D4" target="C4"/>
  <move id="154" source="C7" target="D7"/>
  <move id="155" source="C3" target="D3"/>
  <move id="156" source="C8" target="C7"/>
  <move id="157" source="D3" target="D2"/>
  <move id="158" source="C7" target="B7"/>
  <move id="159" source="C4" target="B4"/>
  <move id="160" source="B5" target="B6"/>
  <move id="161" source="B4" target="C4"/>
  <move id="162" source="D8" target="C8"/>
  <move id="163" source="C4" target="C3"/>
  <move id="164" source="C8" target="C7"/>
  <move id="165" source="E2" target="F2"/>
  <move id="166" source="B6" target="B5"/>
  <move id="167" source="E3" target="D3"/>
  <move id="168" source="B7" target="B6"/>
  <move id="169" source="E1" target="E2"/>
  <move id="170" source="C7" target="B7"/>
  <move id="171" source="E2" target="E3"/>
  <move id="172" source="G8" target="G7"/>
  <move id="173" source="E3" target="E4"/>
  <move id="174" source="G7" target="F7"/>
  <move id="175" source="G2" target="G3"/>
  <move id="176" source="F7" target="F6"/>
  <move id="177" source="G3" target="G2"/>
  <move id="178" source="B7" target="A7"/>
  <move id="179" source="C3" target="C4"/>
  <move id="180" source="A7" target="A6"/>
  <move id="181" source="C4" target="B4"/>
  <move id="182" source="A6" target="A5"/>
  <move id="183" source="B4" target="A4"/>
  <move id="184" source="A5" target="A6"/>
  <move id="185" source="A4" target="A5"/>
  <move id="186" source="A6" target="A7"/>
  <move id="187" source="A5" target="A4"/>
  <move id="188" source="D7" target="E7"/>
  <move id="189" source="A4" target="B4"/>
  <move id="190" source="B5" target="A5"/>
  <move id="191" source="B4" target="C4"/>
  <move id="192" source="A5" target="B5"/>
  <move id="193" source="D3" target="E3"/>
  <move id="194" source="A7" target="A6"/>
  <move id="195" source="C4" target="B4"/>
  <move id="196" source="E7" target="F7"/>
  <move id="197" source="F1" target="E1"/>
  <move id="198" source="A6" target="A7"/>
  <move id="199" source="G2" target="G3"/>
  <move id="200" source="B5" target="A5"/>
  <move id="201" source="B4" target="A4"/>
  <move id="202" source="A5" target="B5"/>
  <move id="203" source="A4" target="B4"/>
  <move id="204" source="A8" target="B8"/>
  <move id="205" source="G3" target="H3"/>
  <move id="206" source="B8" target="B7"/>
  <move id="207" source="H2" target="G2"/>
  <move id="208" source="A7" target="A6"/>
  <move id="209" source="E3" target="D3"/>
  <move id="210" source="B7" target="A7"/>
  <move id="211" source="D3" target="C3"/>
  <move id="212" source="A6" target="A5"/>
  <move id="213" source="C3" target="C4"/>
  <move id="214" source="A7" target="A6"/>
  <move id="215" source="B3" target="C3"/>
  <move id="216" source="A6" target="A7"/>
  <move id="217" source="F3" target="E3"/>
  <move id="218" source="A7" target="A8"/>
  <move id="219" source="I2" target="H2"/>
  <move id="220" source="A8" target="B8"/>
  <move id="221" source="I3" target="I2"/>
  <move id="222" source="A5" target="A6"/>
  <move id="223" source="H3" target="I3"/>
  <move id="224" source="A6" target="A7"/>
  <move id="225" source="B4" target="A4"/>
  <move id="226" source="B6" target="A6"/>
  <move id="227" source="A4" target="B4"/>
  <move id="228" source="A6" target="B6"/>
  <move id="229" source="C3" target="B3"/>
  <move id="230" source="A7" target="A8"/>
  <move id="231" source="H4" target="H3"/>
  <move id="232" source="E8" target="E7"/>
  <move id="233" source="I4" target="H4"/>
  <move id="234" source="E7" target="D7"/>
  <move id="235" source="I3" target="I4"/>
  <move id="236" source="E6" target="E7"/>
  <move id="237" source="I4" target="I5"/>
  <move id="238" source="F6" target="E6"/>
  <move id="239" source="I2" target="I3"/>
  <move id="240" source="I8" target="I7"/>
  <move id="241" source="H4" target="I4"/>
  <move id="242" source="I7" target="I6"/>
  <move id="243" source="I3" target="K3"/>
  <move id="244" source="E6" target="E5"/>
  <move id="245" source="C4" target="D4"/>
  <move id="246" source="F7" target="F6"/>
  <move id="247" source="E3" target="F3"/>
  <move id="248" source="F6" target="E6"/>
  <move id="249" source="E1" target="E2"/>
  <move id="250" source="F5" target="F6"/>
  <move id="251" source="E2" target="E3"/>
  <move id="252" source="D7" target="C7"/>
  <move id="253" source="B4" target="C4"/>
  <move id="254" source="H7" target="G7"/>
  <move id="255" source="B3" target="B4"/>
  <move id="256" source="A8" target="A7"/>
  <move id="257" source="B4" target="A4"/>
  <move id="258" source="C7" target="C8"/>
  <move id="259" source="C4" target="B4"/>
  <move id="260" source="B5" target="A5"/>
  <move id="261" source="B4" target="B5"/>
  <move id="262" source="B6" target="B5"/>
  <move id="263" source="A4" target="B4"/>
  <move id="264" source="B5" target="B4"/>
  <move id="265" source="D4" target="D3"/>
  <move id="266" source="B4" target="C4"/>
  <move id="267" source="E4" target="D4"/>
  <move id="268" source="C4" target="B4"/>
  <move id="269" source="D4" target="C4"/>
  <move id="270" source="B4" target="B3"/>
  <move id="271" source="C4" target="B4"/>
  <move id="272" source="B3" target="B4"/>
  <move id="273" source="E3" target="E4"/>
  <move id="274" source="B8" target="A8"/>
  <move id="275" source="F3" target="E3"/>
  <move id="276" source="C8" target="B8"/>
  <move id="277" source="E4" target="D4"/>
  <move id="278" source="A5" target="A6"/>
  <move id="279" source="D4" target="C4"/>
  <move id="280" source="B4" target="B5"/>
  <move id="281" source="C4" target="B4"/>
  <move id="282" source="B5" target="B6"/>
  <move id="283" source="B4" target="C4"/>
  <move id="284" source="A7" target="B7"/>
  <move id="285" source="A2" target="B2"/>
  <move id="286" source="B7" target="C7"/>
  <move id="287" source="B2" target="B3"/>
  <move id="288" source="C7" target="C8"/>
  <move id="289" source="B3" target="B4"/>
  <move id="290" source="C8" target="D8"/>
  <move id="291" source="C4" target="D4"/>
  <move id="292" source="A6" target="A7"/>
  <move id="293" source="B4" target="C4"/>
  <move id="294" source="A7" target="B7"/>
  <move id="295" source="C4" target="C3"/>
  <move id="296" source="B7" target="C7"/>
  <move id="297" source="E3" target="F3"/>
  <move id="298" source="B8" target="B7"/>
  <move id="299" source="D4" target="C4"/>
  <move id="300" source="B7" target="A7"/>
  <move id="301" source="C3" target="B3"/>
  <move id="302" source="A7" target="A6"/>
  <move id="303" source="B3" target="B4"/>
  <move id="304" source="A6" target="A5"/>
  <move id="305" source="D3" target="C3"/>
  <move id="306" source="C7" target="C8"/>
  <move id="307" source="B4" target="B3"/>
  <move id="308" source="A5" target="A4"/>
  <move id="309" source="B3" target="B4"/>
  <move id="310" source="A4" target="A5"/>
  <move id="311" source="B4" target="A4"/>
  <move id="312" source="A5" target="B5"/>
  <move id="313" source="A4" target="B4"/>
  <move id="314" source="B5" target="A5"/>
  <move id="315" source="B1" target="B2"/>
  <move id="316" source="E7" target="D7"/>
  <move id="317" source="F3" target="E3"/>
  <move id="318" source="G7" target="G8"/>
  <move id="319" source="H3" target="G3"/>
  <move id="320" source="D7" target="E7"/>
  <move id="321" source="G3" target="F3"/>
  <move id="322" source="F6" target="F7"/>
  <move id="323" source="F3" target="G3"/>
  <move id="324" source="F7" target="G7"/>
  <move id="325" source="E3" target="E4"/>
  <move id="326" source="G7" target="H7"/>
  <move id="327" source="G3" target="H3"/>
  <move id="328" source="H7" target="I7"/>
  <move id="329" source="H3" target="H4"/>
  <move id="330" source="E7" target="F7"/>
  <move id="331" source="H4" target="H3"/>
  <move id="332" source="F7" target="G7"/>
  <move id="333" source="B2" target="B3"/>
  <move id="334" source="G7" target="H7"/>
  <move id="335" source="C3" target="D3"/>
  <move id="336" source="H7" target="H8"/>
  <move id="337" source="D3" target="C3"/>
  <move id="338" source="I7" target="I8"/>
  <move id="339" source="H3" target="I3"/>
  <move id="340" source="E9" target="E8"/>
  <move id="341" source="C3" target="D3"/>
  <move id="342" source="E8" target="E7"/>
  <move id="343" source="D3" target="E3"/>
  <move id="344" source="E7" target="D7"/>
  <move id="345" source="D2" target="E2"/>
  <move id="346" source="D7" target="C7"/>
  <move id="347" source="D1" target="D2"/>
  <move id="348" source="C7" target="B7"/>
  <move id="349" source="E3" target="D3"/>
  <move id="350" source="B7" target="A7"/>
  <move id="351" source="D3" target="C3"/>
  <move id="352" source="A7" target="A6"/>
  <move id="353" source="B3" target="B2"/>
  <move id="354" source="B6" target="B7"/>
  <move id="355" source="C4" target="D4"/>
  <move id="356" source="A6" target="B6"/>
  <move id="357" source="C3" target="C4"/>
  <move id="358" source="B7" target="C7"/>
  <move id="359" source="B4" target="B3"/>
  <move id="360" source="C7" target="D7"/>
  <move id="361" source="C4" target="C3"/>
  <move id="362" source="A5" target="B5"/>
  <move id="363" source="C3" target="D3"/>
  <move id="364" source="B6" target="A6"/>
  <move id="365" source="D4" target="C4"/>
  <move id="366" source="D7" target="E7"/>
  <move id="367" source="C4" target="B4"/>
  <move id="368" source="B5" target="B6"/>
  <move id="369" source="B4" target="C4"/>
  <move id="370" source="A6" target="A5"/>
  <move id="371" source="D3" target="E3"/>
  <move id="372" source="A5" target="A4"/>
  <move id="373" source="E4" target="D4"/>
  <move id="374" source="B6" target="B5"/>
  <move id="375" source="D4" target="D3"/>
  <move id="376" source="E6" target="F6"/>
  <move id="377" source="D3" target="C3"/>
  <move id="378" source="E5" target="E6"/>
  <move id="379" source="C4" target="D4"/>
  <move id="380" source="F6" target="F5"/>
  <move id="381" source="D4" target="E4"/>
  <move id="382" source="E6" target="E5"/>
  <move id="383" source="I4" target="H4"/>
  <move id="384" source="I6" target="I5"/>
  <move id="385" source="K4" target="I4"/>
  <move id="386" source="I5" target="I6"/>
  <move id="387" source="C3" target="C4"/>
  <move id="388" source="I6" target="I7"/>
  <move id="389" source="B3" target="B4"/>
  <move id="390" source="A4" target="A5"/>
  <move id="391" source="B2" target="B3"/>
  <move id="392" source="B5" target="B6"/>
  <move id="393" source="E2" target="E1"/>
  <move id="394" source="E7" target="E8"/>
  <move id="395" source="C4" target="D4"/>
  <move id="396" source="D8" target="D7"/>
  <move id="397" source="B4" target="C4"/>
  <move id="398" source="D7" target="E7"/>
  <move id="399" source="B3" target="C3"/>
  <move id="400" source="E7" target="F7"/>
  <move id="401" source="I4" target="I5"/>
  <move id="402" source="F7" target="G7"/>
  <move id="403" source="H4" target="I4"/>
  <move id="404" source="G7" target="H7"/>
  <move id="405" source="I5" target="K5"/>
  <move id="406" source="I7" target="I6"/>
  <move id="407" source="I4" target="I5"/>
  <move id="408" source="H7" target="I7"/>
  <move id="409" source="I3" target="I4"/>
  <move id="410" source="I6" target="K6"/>
  <move id="411" source="K5" target="K4"/>
  <move id="412" source="E8" target="E7"/>
  <move id="413" source="C4" target="B4"/>
  <move id="414" source="G8" target="G7"/>
  <move id="415" source="D4" target="C4"/>
  <move id="416" source="G7" target="F7"/>
  <move id="417" source="C4" target="D4"/>
  <move id="418" source="E7" target="E8"/>
  <move id="419" source="C3" target="B3"/>
  <move id="420" source="F7" target="E7"/>
  <move id="421" source="D4" target="C4"/>
  <move id="422" source="E7" target="D7"/>
  <move id="423" source="C4" target="D4"/>
  <move id="424" source="E8" target="E7"/>
  <move id="425" source="B4" target="C4"/>
  <move id="426" source="E7" target="E6"/>
  <move id="427" source="B3" target="C3"/>
  <move id="428" source="H8" target="H7"/>
  <move id="429" source="D4" target="D3"/>
  <move id="430" source="I8" target="H8"/>
  <move id="431" source="C4" target="D4"/>
  <move id="432" source="I7" target="I8"/>
  <move id="433" source="E4" target="E5"/>
  <move id="434" source="F5" target="F6"/>
  <move id="435" source="D4" target="E4"/>
  <move id="436" source="F6" target="F5"/>
  <move id="437" source="E4" target="D4"/>
  <move id="438" source="B6" target="B5"/>
  <move id="439" source="E3" target="E4"/>
  <move id="440" source="A5" target="A4"/>
  <move id="441" source="D4" target="C4"/>
  <move id="442" source="B5" target="B4"/>
  <move id="443" source="C4" target="B4"/>
  <move id="444" source="A4" target="B4"/>
  <move id="445" source="C3" target="B3"/>
  <move id="446" source="B4" target="B5"/>
  <move id="447" source="B3" target="B4"/>
  <move id="448" source="B5" target="B6"/>
  <move id="449" source="B4" target="B5"/>
  <move id="450" source="B6" target="B7"/>
  <move id="451" source="D3" target="E3"/>
  <move id="452" source="C8" target="D8"/>
  <move id="453" source="E4" target="D4"/>
  <move id="454" source="D8" target="E8"/>
  <move id="455" source="E3" target="E4"/>
  <move id="456" source="D7" target="C7"/>
  <move id="457" source="B5" target="B4"/>
  <move id="458" source="B7" target="B8"/>
  <move id="459" source="B4" target="C4"/>
  <move id="460" source="B8" target="C8"/>
  <move id="461" source="E4" target="E5"/>
  <move id="462" source="E6" target="E5"/>
  <move id="463" source="D2" target="D3"/>
  <move id="464" source="C8" target="B8"/>
  <move id="465" source="D3" target="E3"/>
  <move id="466" source="B8" target="B7"/>
  <move id="467" source="E3" target="E4"/>
  <move id="468" source="E5" target="E6"/>
  <move id="469" source="E4" target="E5"/>
  <move id="470" source="E6" target="E5"/>
  <move id="471" source="C4" target="C3"/>
  <move id="472" source="E5" target="E6"/>
  <move id="473" source="C3" target="D3"/>
  <move id="474" source="B7" target="B8"/>
  <move id="475" source="D3" target="E3"/>
  <move id="476" source="B8" target="C8"/>
  <move id="477" source="E3" target="E4"/>
  <move id="478" source="E6" target="E5"/>
  <move id="479" source="I4" target="I3"/>
  <move id="480" source="H7" target="I7"/>
  <move id="481" source="I5" target="I4"/>
  <move id="482" source="I7" target="I6"/>
  <move id="483" source="I4" target="H4"/>
  <move id="484" source="I6" target="I5"/>
  <move id="485" source="K4" target="I4"/>
  <move id="486" source="K6" target="K5"/>
  <move id="487" source="K3" target="K4"/>
  <move id="488" source="I8" target="I7"/>
  <move id="489" source="E4" target="E3"/>
  <move id="490" source="I7" target="I6"/>
  <move id="491" source="H4" target="H3"/>
  <move id="492" source="I6" target="K6"/>
  <move id="493" source="H3" target="H4"/>
  <move id="494" source="K5" target="K4"/>
  <move id="495" source="K4" target="K3"/>
  <move id="496" source="I5" target="K5"/>
  <move id="497" source="I4" target="K4"/>
  <move id="498" source="K5" target="I5"/>
  <move id="499" source="H4" target="I4"/>
  <move id="500" source="K6" target="K5"/>
  <move id="501" source="E3" target="F3"/>
  <move id="502" source="F5" target="F6"/>
  <move id="503" source="F3" target="G3"/>
  <move id="504" source="F6" target="F7"/>
  <move id="505" source="D4" target="E4"/>
  <move id="506" source="E5" target="E6"/>
  <move id="507" source="E4" target="E5"/>
  <move id="508" source="E6" target="E7"/>
  <move id="509" source="E5" target="E6"/>
  <move id="510" source="E7" target="D7"/>
  <move id="511" source="E6" target="E5"/>
  <move id="512" source="D7" target="D8"/>
  <move id="513" source="K4" target="K5"/>
  <move id="514" source="I5" target="I6"/>
  <move id="515" source="G3" target="H3"/>
  <move id="516" source="I6" target="I7"/>
  <move id="517" source="H3" target="H4"/>
  <move id="518" source="C7" target="D7"/>
  <move id="519" source="I3" target="I2"/>
  <move id="520" source="D7" target="E7"/>
  <move id="521" source="I4" target="I3"/>
  <move id="522" source="F7" target="F6"/>
  <move id="523" source="H4" target="I4"/>
  <move id="524" source="E7" target="E6"/>
  <move id="525" source="I4" target="I5"/>
  <move id="526" source="I7" target="H7"/>
  <move id="527" source="I3" target="H3"/>
  <move id="528" source="H7" target="G7"/>
  <move id="529" source="H3" target="G3"/>
  <move id="530" source="G7" target="F7"/>
  <move id="531" source="G3" target="F3"/>
  <move id="532" source="D8" target="D7"/>
  <move id="533" source="F3" target="E3"/>
  <move id="534" source="F7" target="E7"/>
  <move id="535" source="A1" target="A2"/>
  <move id="536" source="D7" target="C7"/>
  <move id="537" source="A2" target="B2"/>
  <move id="538" source="C8" target="B8"/>
  <move id="539" source="B2" target="B3"/>
  <move id="540" source="B8" target="B7"/>
  <move id="541" source="B3" target="C3"/>
  <move id="542" source="B7" target="B6"/>
  <move id="543" source="I2" target="I3"/>
  <move id="544" source="B6" target="B5"/>
  <move id="545" source="I3" target="H3"/>
  <move id="546" source="B5" target="B4"/>
  <move id="547" source="E3" target="D3"/>
  <move id="548" source="C7" target="B7"/>
  <move id="549" source="H3" target="G3"/>
  <move id="550" source="B7" target="B6"/>
  <move id="551" source="G3" target="F3"/>
  <move id="552" source="B6" target="B5"/>
  <move id="553" source="F3" target="E3"/>
  <move id="554" source="F8" target="G8"/>
  <move id="555" source="K3" target="K4"/>
  <move id="556" source="G8" target="G7"/>
  <move id="557" source="K4" target="K5"/>
  <move id="558" source="G7" target="H7"/>
  <move id="559" source="I5" target="I6"/>
  <move id="560" source="H7" target="I7"/>
  <move id="561" source="K5" target="K6"/>
  <move id="562" source="E7" target="F7"/>
  <move id="563" source="I6" target="I7"/>
  <move id="564" source="I7" target="H7"/>
  <move id="565" source="K6" target="I6"/>
  <move id="566" source="H7" target="G7"/>
  <move id="567" source="I6" target="I7"/>
  <move id="568" source="G7" target="G8"/>
  <move id="569" source="I7" target="H7"/>
  <move id="570" source="G8" target="F8"/>
  <move id="571" source="H7" target="G7"/>
  <move id="572" source="E8" target="D8"/>
  <move id="573" source="G7" target="F7"/>
  <move id="574" source="F8" target="E8"/>
  <move id="575" source="F7" target="F8"/>
  <move id="576" source="E6" target="E7"/>
  <move id="577" source="E3" target="E4"/>
  <move id="578" source="B4" target="B3"/>
  <move id="579" source="E4" target="D4"/>
  <move id="580" source="B5" target="B4"/>
  <move id="581" source="C3" target="C4"/>
  <move id="582" source="B4" target="C4"/>
  <move id="583" source="D4" target="E4"/>
  <move id="584" source="C4" target="D4"/>
  <move id="585" source="D3" target="D4"/>
  <move id="586" source="B3" target="C3"/>
  <move id="587" source="E4" target="E3"/>
  <move id="588" source="C3" target="D3"/>
  <move id="589" source="E5" target="E4"/>
  <move id="590" source="D3" target="D2"/>
  <move id="591" source="E3" target="F3"/>
  <move id="592" source="D2" target="E2"/>
  <move id="593" source="E4" target="E3"/>
  <move id="594" source="E2" target="F2"/>
  <player id="1">Player 1</player>
  <player id="2">Player 2</player>
  <result type="3" winner="2"/>
 </game>
</stratego>