<?xml version="1.0" encoding="UTF-8"?>
<stratego>
 <game type="classic">
  
  <field content="MBBEGDDGBBBGEBHEEHDEIDDJDJGCKDFHLDHFIIFFAA__AA__AAAA__AA__AAPNRNWPUXSPNRNOSQSUQSRNRQVTPTVUPPNPPQTYTQ"/>
  <move id="1" source="I4" target="I5"/>
  <move id="2" source="E7" target="E6"/>
  <move id="3" source="H4" target="I4"/>
  <move id="4" source="E6" target="E5"/>
  <move id="5" source="K4" target="K5"/>
  <move id="6" source="E5" target="E4"/>
  <move id="7" source="I5" target="I6"/>
  <move id="8" source="E4" target="E5"/>
  <move id="9" source="I4" target="I5"/>
  <move id="10" source="F7" target="F4"/>
  <move id="11" source="K5" target="K6"/>
  <move id="12" source="K7" target="K6"/>
  <move id="13" source="K6" target="K7"/>
  <move id="14" source="I7" target="K7"/>
  <move id="15" source="I6" target="I7"/>
  <move id="16" source="H7" target="I7"/>
  <move id="17" source="I5" target="K5"/>
  <move id="18" source="I7" target="I6"/>
  <move id="19" source="B4" target="B5"/>
  <move id="20" source="I6" target="K6"/>
  <move id="21" source="K5" target="I5"/>
  <move id="22" source="E5" target="E6"/>
  <move id="23" source="B5" target="B6"/>
  <move id="24" source="E6" target="E7"/>
  <move id="25" source="A4" target="A5"/>
  <move id="26" source="G7" target="F7"/>
  <move id="27" source="A5" target="A6"/>
  <move id="28" source="F7" target="F6"/>
  <move id="29" source="A6" target="A7"/>
  <move id="30" source="E7" target="F7"/>
  <move id="31" source="A7" target="B7"/>
  <move id="32" source="F7" target="G7"/>
  <move id="33" source="F4" target="E4"/>
  <move id="34" source="G7" target="H7"/>
  <move id="35" source="I5" target="I4"/>
  <move id="36" source="K6" target="K5"/>
  <move id="37" source="F3" target="F4"/>
  <move id="38" source="H7" target="I7"/>
  <move id="39" source="F4" target="F5"/>
  <move id="40" source="F6" target="F7"/>
  <move id="41" source="F5" target="F6"/>
  <move id="42" source="F7" target="G7"/>
  <move id="43" source="F6" target="F7"/>
  <move id="44" source="G7" target="H7"/>
  <move id="45" source="E4" target="F4"/>
  <move id="46" source="I7" target="I6"/>
  <move id="47" source="E3" target="E8"/>
  <move id="48" source="I6" target="I5"/>
  <move id="49" source="I4" target="H4"/>
  <move id="50" source="I5" target="I4"/>
  <move id="51" source="I3" target="I4"/>
  <move id="52" source="H7" target="I7"/>
  <move id="53" source="F7" target="E7"/>
  <move id="54" source="I7" target="I6"/>
  <move id="55" source="I2" target="I6"/>
  <move id="56" source="I6" target="I5"/>
  <move id="57" source="E7" target="E8"/>
  <move id="58" source="E9" target="E8"/>
  <move id="59" source="D4" target="E4"/>
  <move id="60" source="I5" target="I4"/>
  <move id="61" source="H4" target="I4"/>
  <move id="62" source="K5" target="I5"/>
  <move id="63" source="E4" target="E5"/>
  <move id="64" source="I5" target="I6"/>
  <move id="65" source="E5" target="E6"/>
  <move id="66" source="E:" target="E6"/>
  <move id="67" source="D3" target="E3"/>
  <move id="68" source="D:" target="E:"/>
  <move id="69" source="E3" target="E4"/>
  <move id="70" source="E:" target="E9"/>
  <move id="71" source="E4" target="E5"/>
  <move id="72" source="E9" target="E8"/>
  <move id="73" source="E5" target="E6"/>
  <move id="74" source="E8" target="E6"/>
  <move id="75" source="E6" target="E7"/>
  <move id="76" source="I6" target="I7"/>
  <move id="77" source="E7" target="F7"/>
  <move id="78" source="I7" target="H7"/>
  <move id="79" source="F7" target="F8"/>
  <move id="80" source="H7" target="G7"/>
  <move id="81" source="F8" target="E8"/>
  <move id="82" source="G7" target="F7"/>
  <move id="83" source="B6" target="A6"/>
  <move id="84" source="I8" target="I7"/>
  <move id="85" source="B3" target="B7"/>
  <move id="86" source="I7" target="I6"/>
  <move id="87" source="C3" target="D3"/>
  <move id="88" source="I6" target="I5"/>
  <move id="89" source="K3" target="K4"/>
  <move id="90" source="I9" target="I8"/>
  <move id="91" source="K4" target="I4"/>
  <move id="92" source="I5" target="K5"/>
  <move id="93" source="C2" target="C3"/>
  <move id="94" source="I8" target="I7"/>
  <move id="95" source="C3" target="B3"/>
  <move id="96" source="I7" target="I6"/>
  <move id="97" source="B3" target="B4"/>
  <move id="98" source="I6" target="I5"/>
  <move id="99" source="B4" target="B5"/>
  <move id="100" source="I5" target="I4"/>
  <move id="101" source="A6" target="A7"/>
  <move id="102" source="K5" target="K4"/>
  <move id="103" source="B5" target="B6"/>
  <move id="104" source="K4" target="K3"/>
  <move id="105" source="K2" target="K3"/>
  <move id="106" source="I4" target="I5"/>
  <move id="107" source="B6" target="B7"/>
  <move id="108" source="C7" target="B7"/>
  <move id="109" source="A7" target="B7"/>
  <move id="110" source="I5" target="I6"/>
  <move id="111" source="B7" target="A7"/>
  <move id="112" source="I6" target="I7"/>
  <move id="113" source="D3" target="B3"/>
  <move id="114" source="I7" target="H7"/>
  <move id="115" source="B3" target="B8"/>
  <move id="116" source="H7" target="G7"/>
  <move id="117" source="A7" target="B7"/>
  <move id="118" source="F7" target="F6"/>
  <move id="119" source="B7" target="B8"/>
  <move id="120" source="G7" target="F7"/>
  <move id="121" source="E8" target="D8"/>
  <move id="122" source="F7" target="F8"/>
  <move id="123" source="D8" target="E8"/>
  <move id="124" source="F6" target="E6"/>
  <move id="125" source="E8" target="F8"/>
  <move id="126" source="E6" target="E7"/>
  <move id="127" source="F2" target="F3"/>
  <move id="128" source="E7" target="F7"/>
  <move id="129" source="F3" target="E3"/>
  <move id="130" source="F7" target="F6"/>
  <move id="131" source="F4" target="F3"/>
  <move id="132" source="F6" target="F5"/>
  <move id="133" source="E3" target="D3"/>
  <move id="134" source="F5" target="E5"/>
  <move id="135" source="D3" target="C3"/>
  <move id="136" source="E5" target="E4"/>
  <move id="137" source="C3" target="B3"/>
  <move id="138" source="E4" target="D4"/>
  <move id="139" source="B3" target="B4"/>
  <move id="140" source="D4" target="D3"/>
  <move id="141" source="B8" target="B7"/>
  <move id="142" source="D3" target="C3"/>
  <move id="143" source="B7" target="A7"/>
  <move id="144" source="C3" target="B3"/>
  <move id="145" source="B4" target="B5"/>
  <move id="146" source="B3" target="B4"/>
  <move id="147" source="B5" target="B6"/>
  <move id="148" source="B4" target="B5"/>
  <move id="149" source="B6" target="B7"/>
  <move id="150" source="B5" target="B6"/>
  <move id="151" source="B7" target="C7"/>
  <move id="152" source="D9" target="D8"/>
  <move id="153" source="G4" target="F4"/>
  <move id="154" source="H8" target="H7"/>
  <move id="155" source="F4" target="F5"/>
  <move id="156" source="H7" target="G7"/>
  <move id="157" source="F5" target="F6"/>
  <move id="158" source="G7" target="F7"/>
  <move id="159" source="F6" target="F7"/>
  <move id="160" source="F9" target="F8"/>
  <move id="161" source="C4" target="D4"/>
  <move id="162" source="F8" target="F7"/>
  <move id="163" source="D4" target="E4"/>
  <move id="164" source="F7" target="E7"/>
  <move id="165" source="E4" target="E5"/>
  <move id="166" source="B6" target="B7"/>
  <move id="167" source="A7" target="A6"/>
  <move id="168" source="B7" target="C7"/>
  <move id="169" source="E5" target="E6"/>
  <move id="170" source="E7" target="F7"/>
  <move id="171" source="E6" target="E7"/>
  <move id="172" source="F7" target="G7"/>
  <move id="173" source="E7" target="E8"/>
  <move id="174" source="D8" target="D9"/>
  <move id="175" source="E8" target="E9"/>
  <move id="176" source="D9" target="D:"/>
  <move id="177" source="A3" target="B3"/>
  <move id="178" source="C7" target="B7"/>
  <move id="179" source="B3" target="C3"/>
  <move id="180" source="B7" target="B6"/>
  <move id="181" source="A6" target="A7"/>
  <move id="182" source="G9" target="E9"/>
  <move id="183" source="C3" target="C4"/>
  <move id="184" source="K9" target="I9"/>
  <move id="185" source="C4" target="D4"/>
  <move id="186" source="I9" target="I8"/>
  <move id="187" source="D4" target="E4"/>
  <move id="188" source="I8" target="H8"/>
  <move id="189" source="E4" target="E5"/>
  <move id="190" source="G7" target="H7"/>
  <move id="191" source="E5" target="E6"/>
  <move id="192" source="H7" target="I7"/>
  <move id="193" source="E6" target="E7"/>
  <move id="194" source="G8" target="G7"/>
  <move id="195" source="E7" target="E8"/>
  <move id="196" source="H8" target="G8"/>
  <move id="197" source="E9" target="F9"/>
  <move id="198" source="G7" target="H7"/>
  <move id="199" source="F9" target="F8"/>
  <move id="200" source="G8" target="G9"/>
  <move id="201" source="E8" target="D8"/>
  <move id="202" source="D:" target="E:"/>
  <move id="203" source="D8" target="D9"/>
  <move id="204" source="I7" target="I6"/>
  <move id="205" source="D9" target="D:"/>
  <move id="206" source="E:" target="E9"/>
  <move id="207" source="D:" target="D9"/>
  <move id="208" source="E9" target="E:"/>
  <move id="209" source="F8" target="F9"/>
  <move id="210" source="G9" target="G8"/>
  <move id="211" source="D9" target="D:"/>
  <move id="212" source="G8" target="G7"/>
  <move id="213" source="D:" target="E:"/>
  <move id="214" source="I6" target="I5"/>
  <move id="215" source="F9" target="F8"/>
  <move id="216" source="H7" target="I7"/>
  <move id="217" source="F8" target="F7"/>
  <move id="218" source="G7" target="G8"/>
  <move id="219" source="E:" target="E9"/>
  <move id="220" source="I5" target="I4"/>
  <move id="221" source="E9" target="F9"/>
  <move id="222" source="I7" target="I6"/>
  <move id="223" source="F9" target="G9"/>
  <move id="224" source="G8" target="G9"/>
  <move id="225" source="F7" target="G7"/>
  <move id="226" source="I6" target="K6"/>
  <move id="227" source="F3" target="F4"/>
  <move id="228" source="I4" target="H4"/>
  <move id="229" source="F4" target="F5"/>
  <move id="230" source="H4" target="G4"/>
  <move id="231" source="F5" target="F6"/>
  <move id="232" source="G4" target="F4"/>
  <move id="233" source="F6" target="F7"/>
  <move id="234" source="F4" target="E4"/>
  <move id="235" source="F7" target="F8"/>
  <move id="236" source="E4" target="D4"/>
  <move id="237" source="F8" target="F9"/>
  <move id="238" source="D4" target="C4"/>
  <move id="239" source="G7" target="G8"/>
  <move id="240" source="C4" target="B4"/>
  <move id="241" source="G8" target="F8"/>
  <move id="242" source="B4" target="A4"/>
  <move id="243" source="F8" target="E8"/>
  <move id="244" source="A4" target="A5"/>
  <move id="245" source="E8" target="D8"/>
  <move id="246" source="A5" target="A6"/>
  <move id="247" source="F9" target="E9"/>
  <move id="248" source="A6" target="A7"/>
  <move id="249" source="E9" target="D9"/>
  <move id="250" source="B6" target="B5"/>
  <move id="251" source="D9" target="C9"/>
  <move id="252" source="B5" target="B4"/>
  <move id="253" source="F1" target="F9"/>
  <move id="254" source="F:" target="F9"/>
  <move id="255" source="D8" target="E8"/>
  <move id="256" source="B4" target="C4"/>
  <move id="257" source="E8" target="F8"/>
  <move id="258" source="F9" target="E9"/>
  <move id="259" source="G2" target="F2"/>
  <move id="260" source="C4" target="D4"/>
  <move id="261" source="F2" target="F3"/>
  <move id="262" source="D4" target="E4"/>
  <move id="263" source="H2" target="I2"/>
  <move id="264" source="K6" target="K5"/>
  <move id="265" source="I2" target="I3"/>
  <move id="266" source="K5" target="K4"/>
  <move id="267" source="I3" target="I4"/>
  <move id="268" source="K4" target="K3"/>
  <move id="269" source="I4" target="I5"/>
  <move id="270" source="H9" target="H8"/>
  <move id="271" source="F8" target="G8"/>
  <move id="272" source="H8" target="H7"/>
  <move id="273" source="G8" target="G7"/>
  <move id="274" source="H7" target="I7"/>
  <move id="275" source="G7" target="H7"/>
  <move id="276" source="I7" target="I6"/>
  <move id="277" source="I5" target="I4"/>
  <move id="278" source="I6" target="I5"/>
  <move id="279" source="I4" target="I3"/>
  <move id="280" source="K3" target="K4"/>
  <move id="281" source="H7" target="I7"/>
  <move id="282" source="I5" target="I4"/>
  <move id="283" source="I3" target="K3"/>
  <move id="284" source="K4" target="K5"/>
  <move id="285" source="I7" target="I6"/>
  <move id="286" source="I4" target="K4"/>
  <move id="287" source="I6" target="K6"/>
  <move id="288" source="K5" target="I5"/>
  <move id="289" source="K6" target="K5"/>
  <move id="290" source="K4" target="K3"/>
  <move id="291" source="K5" target="I5"/>
  <move id="292" source="G:" target="G9"/>
  <move id="293" source="I5" target="I6"/>
  <move id="294" source="G9" target="F9"/>
  <move id="295" source="I6" target="I7"/>
  <move id="296" source="F9" target="F8"/>
  <move id="297" source="I7" target="H7"/>
  <move id="298" source="F8" target="F7"/>
  <move id="299" source="H7" target="G7"/>
  <move id="300" source="F7" target="F6"/>
  <move id="301" source="G7" target="F7"/>
  <move id="302" source="F6" target="F5"/>
  <move id="303" source="F7" target="F6"/>
  <move id="304" source="F5" target="F4"/>
  <move id="305" source="F3" target="F2"/>
  <move id="306" source="F4" target="G4"/>
  <move id="307" source="F2" target="F3"/>
  <move id="308" source="G4" target="H4"/>
  <move id="309" source="F6" target="F7"/>
  <move id="310" source="H4" target="I4"/>
  <move id="311" source="F7" target="E7"/>
  <move id="312" source="I4" target="I3"/>
  <move id="313" source="E7" target="E8"/>
  <move id="314" source="E9" target="F9"/>
  <move id="315" source="E8" target="F8"/>
  <move id="316" source="F9" target="G9"/>
  <move id="317" source="F8" target="F7"/>
  <move id="318" source="I3" target="I2"/>
  <move id="319" source="F7" target="F6"/>
  <move id="320" source="I2" target="H2"/>
  <move id="321" source="F6" target="F7"/>
  <move id="322" source="H2" target="G2"/>
  <move id="323" source="F7" target="F8"/>
  <move id="324" source="G2" target="F2"/>
  <move id="325" source="E2" target="F2"/>
  <move id="326" source="K7" target="K6"/>
  <move id="327" source="F8" target="G8"/>
  <move id="328" source="G9" target="F9"/>
  <move id="329" source="G1" target="G2"/>
  <move id="330" source="K6" target="K5"/>
  <move id="331" source="G2" target="H2"/>
  <move id="332" source="K5" target="K4"/>
  <move id="333" source="H2" target="I2"/>
  <move id="334" source="K4" target="I4"/>
  <move id="335" source="I2" target="H2"/>
  <move id="336" source="I4" target="I3"/>
  <move id="337" source="H2" target="E2"/>
  <move id="338" source="I3" target="I2"/>
  <move id="339" source="E2" target="E3"/>
  <move id="340" source="I2" target="H2"/>
  <move id="341" source="E3" target="B3"/>
  <move id="342" source="H2" target="G2"/>
  <move id="343" source="G8" target="F8"/>
  <move id="344" source="F9" target="G9"/>
  <move id="345" source="F8" target="E8"/>
  <move id="346" source="G2" target="F2"/>
  <move id="347" source="E8" target="D8"/>
  <move id="348" source="F2" target="F3"/>
  <move id="349" source="G3" target="F3"/>
  <move id="350" source="I:" target="I9"/>
  <move id="351" source="B3" target="B9"/>
  <move id="352" source="I9" target="I8"/>
  <move id="353" source="D8" target="D9"/>
  <move id="354" source="G9" target="G8"/>
  <move id="355" source="D9" target="D8"/>
  <move id="356" source="G8" target="G9"/>
  <move id="357" source="D8" target="E8"/>
  <move id="358" source="I8" target="I7"/>
  <move id="359" source="E8" target="F8"/>
  <move id="360" source="I7" target="I6"/>
  <move id="361" source="F8" target="F7"/>
  <move id="362" source="I6" target="I5"/>
  <move id="363" source="F7" target="F6"/>
  <move id="364" source="I5" target="I4"/>
  <move id="365" source="F6" target="F7"/>
  <move id="366" source="I4" target="H4"/>
  <move id="367" source="F7" target="F6"/>
  <move id="368" source="H4" target="G4"/>
  <move id="369" source="F6" target="F5"/>
  <move id="370" source="E4" target="F4"/>
  <move id="371" source="F5" target="E5"/>
  <move id="372" source="G4" target="G3"/>
  <move id="373" source="E5" target="E6"/>
  <move id="374" source="G3" target="F3"/>
  <move id="375" source="E6" target="E7"/>
  <move id="376" source="F3" target="E3"/>
  <move id="377" source="E7" target="E8"/>
  <move id="378" source="E3" target="D3"/>
  <move id="379" source="E8" target="D8"/>
  <move id="380" source="D3" target="C3"/>
  <move id="381" source="D8" target="D9"/>
  <move id="382" source="C3" target="C2"/>
  <move id="383" source="D9" target="E9"/>
  <move id="384" source="K8" target="K7"/>
  <move id="385" source="E9" target="F9"/>
  <move id="386" source="G9" target="G8"/>
  <move id="387" source="F9" target="F8"/>
  <move id="388" source="G8" target="G7"/>
  <move id="389" source="F8" target="F7"/>
  <move id="390" source="G7" target="G8"/>
  <move id="391" source="F7" target="G7"/>
  <move id="392" source="G8" target="F8"/>
  <move id="393" source="G7" target="F7"/>
  <move id="394" source="F8" target="G8"/>
  <move id="395" source="F7" target="E7"/>
  <move id="396" source="K7" target="K6"/>
  <move id="397" source="E7" target="F7"/>
  <move id="398" source="K6" target="K5"/>
  <move id="399" source="F7" target="E7"/>
  <move id="400" source="K5" target="K4"/>
  <move id="401" source="E7" target="E6"/>
  <move id="402" source="F4" target="F5"/>
  <move id="403" source="E6" target="E7"/>
  <move id="404" source="F5" target="F6"/>
  <move id="405" source="E7" target="E8"/>
  <move id="406" source="F6" target="F7"/>
  <move id="407" source="E8" target="E9"/>
  <move id="408" source="F7" target="F8"/>
  <move id="409" source="E9" target="D9"/>
  <move id="410" source="F8" target="E8"/>
  <move id="411" source="H3" target="H4"/>
  <move id="412" source="K4" target="I4"/>
  <move id="413" source="H4" target="I4"/>
  <move id="414" source="C2" target="C3"/>
  <move id="415" source="H1" target="H2"/>
  <move id="416" source="E8" target="F8"/>
  <move id="417" source="D9" target="E9"/>
  <move id="418" source="F8" target="F7"/>
  <move id="419" source="H2" target="H3"/>
  <move id="420" source="F7" target="G7"/>
  <move id="421" source="H3" target="H4"/>
  <move id="422" source="I4" target="I3"/>
  <move id="423" source="E9" target="E8"/>
  <move id="424" source="C3" target="D3"/>
  <move id="425" source="E8" target="E7"/>
  <move id="426" source="D3" target="E3"/>
  <move id="427" source="E7" target="E6"/>
  <move id="428" source="E3" target="F3"/>
  <move id="429" source="E6" target="E5"/>
  <move id="430" source="F3" target="F4"/>
  <move id="431" source="E5" target="F5"/>
  <move id="432" source="F4" target="G4"/>
  <move id="433" source="H4" target="H3"/>
  <move id="434" source="I3" target="I4"/>
  <move id="435" source="F5" target="F4"/>
  <move id="436" source="G4" target="G3"/>
  <move id="437" source="H3" target="I3"/>
  <move id="438" source="I4" target="I5"/>
  <move id="439" source="F4" target="G4"/>
  <move id="440" source="G3" target="H3"/>
  <move id="441" source="I3" target="I2"/>
  <move id="442" source="I5" target="I6"/>
  <move id="443" source="G4" target="H4"/>
  <move id="444" source="H3" target="G3"/>
  <move id="445" source="I2" target="K2"/>
  <move id="446" source="G7" target="H7"/>
  <move id="447" source="K2" target="K3"/>
  <move id="448" source="H7" target="I7"/>
  <move id="449" source="K3" target="K4"/>
  <move id="450" source="I6" target="K6"/>
  <move id="451" source="K4" target="K5"/>
  <move id="452" source="K6" target="K7"/>
  <move id="453" source="K5" target="K6"/>
  <move id="454" source="K7" target="K8"/>
  <move id="455" source="K6" target="K5"/>
  <move id="456" source="I7" target="I6"/>
  <move id="457" source="H4" target="H3"/>
  <move id="458" source="G3" target="G4"/>
  <move id="459" source="H3" target="H4"/>
  <move id="460" source="G4" target="G3"/>
  <move id="461" source="K5" target="K4"/>
  <move id="462" source="I6" target="I5"/>
  <move id="463" source="K4" target="K3"/>
  <move id="464" source="I5" target="I4"/>
  <move id="465" source="H4" target="I4"/>
  <move id="466" source="G3" target="F3"/>
  <move id="467" source="B2" target="B3"/>
  <move id="468" source="F3" target="E3"/>
  <move id="469" source="B3" target="B4"/>
  <move id="470" source="G8" target="F8"/>
  <move id="471" source="B4" target="C4"/>
  <move id="472" source="E3" target="D3"/>
  <move id="473" source="K3" target="K4"/>
  <move id="474" source="K8" target="K7"/>
  <move id="475" source="K4" target="I4"/>
  <move id="476" source="K7" target="I7"/>
  <move id="477" source="I4" target="H4"/>
  <move id="478" source="I7" target="H7"/>
  <move id="479" source="H4" target="G4"/>
  <move id="480" source="H7" target="G7"/>
  <move id="481" source="G4" target="H4"/>
  <move id="482" source="G7" target="H7"/>
  <move id="483" source="H4" target="G4"/>
  <move id="484" source="H7" target="G7"/>
  <move id="485" source="G4" target="F4"/>
  <move id="486" source="G7" target="F7"/>
  <move id="487" source="F4" target="G4"/>
  <move id="488" source="F7" target="G7"/>
  <move id="489" source="G4" target="H4"/>
  <move id="490" source="F8" target="E8"/>
  <move id="491" source="H4" target="I4"/>
  <move id="492" source="G7" target="H7"/>
  <move id="493" source="I4" target="H4"/>
  <move id="494" source="E8" target="E7"/>
  <move id="495" source="H4" target="G4"/>
  <move id="496" source="E7" target="E6"/>
  <move id="497" source="G4" target="F4"/>
  <move id="498" source="E6" target="E5"/>
  <move id="499" source="F4" target="F5"/>
  <move id="500" source="E5" target="E4"/>
  <move id="501" source="F5" target="F4"/>
  <move id="502" source="E4" target="E3"/>
  <move id="503" source="F4" target="G4"/>
  <move id="504" source="E3" target="E2"/>
  <move id="505" source="E1" target="E2"/>
  <move id="506" source="D3" target="E3"/>
  <move id="507" source="E2" target="F2"/>
  <move id="508" source="E3" target="E2"/>
  <move id="509" source="F2" target="G2"/>
  <move id="510" source="E2" target="E1"/>
  <move id="511" source="G4" target="F4"/>
  <move id="512" source="E1" target="D1"/>
  <move id="513" source="F4" target="F5"/>
  <move id="514" source="D1" target="E1"/>
  <move id="515" source="F5" target="F6"/>
  <move id="516" source="H7" target="G7"/>
  <move id="517" source="F6" target="F7"/>
  <move id="518" source="G7" target="F7"/>
  <move id="519" source="C4" target="D4"/>
  <move id="520" source="E1" target="E2"/>
  <move id="521" source="D4" target="E4"/>
  <move id="522" source="E2" target="E3"/>
  <move id="523" source="E4" target="E5"/>
  <move id="524" source="E3" target="E4"/>
  <move id="525" source="E5" target="E6"/>
  <move id="526" source="E4" target="E5"/>
  <move id="527" source="E6" target="F6"/>
  <move id="528" source="E5" target="F5"/>
  <move id="529" source="F6" target="F7"/>
  <move id="530" source="F5" target="F6"/>
  <move id="531" source="F7" target="F8"/>
  <move id="532" source="F6" target="F7"/>
  <move id="533" source="F8" target="G8"/>
  <move id="534" source="F7" target="G7"/>
  <move id="535" source="G8" target="H8"/>
  <move id="536" source="G7" target="H7"/>
  <move id="537" source="H8" target="H9"/>
  <move id="538" source="H7" target="H8"/>
  <move id="539" source="H9" target="G9"/>
  <move id="540" source="H8" target="G8"/>
  <move id="541" source="G9" target="F9"/>
  <move id="542" source="G8" target="F8"/>
  <move id="543" source="F9" target="G9"/>
  <move id="544" source="F8" target="G8"/>
  <move id="545" source="G9" target="H9"/>
  <move id="546" source="G8" target="G9"/>
  <move id="547" source="H9" target="H8"/>
  <move id="548" source="G9" target="H9"/>
  <move id="549" source="H8" target="G8"/>
  <move id="550" source="K:" target="K9"/>
  <move id="551" source="G2" target="G3"/>
  <move id="552" source="K9" target="K8"/>
  <move id="553" source="G3" target="G4"/>
  <move id="554" source="K8" target="K7"/>
  <move id="555" source="G4" target="H4"/>
  <move id="556" source="K7" target="K6"/>
  <move id="557" source="H4" target="I4"/>
  <move id="558" source="K6" target="K5"/>
  <move id="559" source="I4" target="I5"/>
  <move id="560" source="K5" target="K4"/>
  <move id="561" source="I5" target="I4"/>
  <move id="562" source="K4" target="K3"/>
  <move id="563" source="I4" target="I3"/>
  <move id="564" source="K3" target="K4"/>
  <move id="565" source="I3" target="I4"/>
  <move id="566" source="K4" target="K5"/>
  <player id="1">Player 1</player>
  <player id="2">Player 2</player>
  <result type="4" winner="3"/>
 </game>
</stratego>