<?xml version="1.0" encoding="UTF-8"?>
<stratego>
 <game type="classic">
  
  <field content="DEBFDBFMEFHBFBEIEGHDDEBJDBCIDLGIKDHGDJGHAA__AA__AAAA__AA__AASPPXSTUTRSUPWOVPVNTPPQTPSNURNQQRQPNYNQRN"/>
  <move id="1" source="B4" target="B5"/>
  <move id="2" source="A7" target="A6"/>
  <move id="3" source="K4" target="K5"/>
  <move id="4" source="A6" target="A5"/>
  <move id="5" source="E4" target="E5"/>
  <move id="6" source="A5" target="A4"/>
  <move id="7" source="B5" target="B6"/>
  <move id="8" source="A8" target="A7"/>
  <move id="9" source="A3" target="A4"/>
  <move id="10" source="A7" target="A6"/>
  <move id="11" source="B6" target="A6"/>
  <move id="12" source="B7" target="B3"/>
  <move id="13" source="A4" target="B4"/>
  <move id="14" source="C7" target="B7"/>
  <move id="15" source="A2" target="A3"/>
  <move id="16" source="B7" target="A7"/>
  <move id="17" source="A3" target="A4"/>
  <move id="18" source="A7" target="B7"/>
  <move id="19" source="A4" target="A5"/>
  <move id="20" source="A9" target="A5"/>
  <move id="21" source="A5" target="A6"/>
  <move id="22" source="B8" target="A8"/>
  <move id="23" source="E5" target="E6"/>
  <move id="24" source="C8" target="B8"/>
  <move id="25" source="K5" target="K6"/>
  <move id="26" source="B7" target="C7"/>
  <move id="27" source="A6" target="A7"/>
  <move id="28" source="A8" target="A9"/>
  <move id="29" source="B4" target="B5"/>
  <move id="30" source="C7" target="C8"/>
  <move id="31" source="B5" target="B6"/>
  <move id="32" source="B8" target="A8"/>
  <move id="33" source="A7" target="A6"/>
  <move id="34" source="B9" target="B8"/>
  <move id="35" source="C4" target="B4"/>
  <move id="36" source="C9" target="B9"/>
  <move id="37" source="B4" target="B5"/>
  <move id="38" source="C8" target="C9"/>
  <move id="39" source="B6" target="B7"/>
  <move id="40" source="B8" target="B7"/>
  <move id="41" source="B5" target="B6"/>
  <move id="42" source="B7" target="C7"/>
  <move id="43" source="B6" target="B7"/>
  <move id="44" source="C9" target="C8"/>
  <move id="45" source="B7" target="B8"/>
  <move id="46" source="A8" target="A7"/>
  <move id="47" source="A6" target="B6"/>
  <move id="48" source="C8" target="B8"/>
  <move id="49" source="B8" target="B9"/>
  <move id="50" source="A7" target="A6"/>
  <move id="51" source="B6" target="B7"/>
  <move id="52" source="C7" target="C8"/>
  <move id="53" source="B7" target="B8"/>
  <move id="54" source="D7" target="C7"/>
  <move id="55" source="B8" target="C8"/>
  <move id="56" source="C7" target="C8"/>
  <move id="57" source="E6" target="E7"/>
  <move id="58" source="E8" target="E7"/>
  <move id="59" source="D4" target="E4"/>
  <move id="60" source="E7" target="D7"/>
  <move id="61" source="E4" target="E5"/>
  <move id="62" source="F8" target="E8"/>
  <move id="63" source="E5" target="E6"/>
  <move id="64" source="E8" target="E7"/>
  <move id="65" source="E6" target="F6"/>
  <move id="66" source="A6" target="A5"/>
  <move id="67" source="D3" target="D4"/>
  <move id="68" source="A5" target="A4"/>
  <move id="69" source="D4" target="E4"/>
  <move id="70" source="A9" target="A8"/>
  <move id="71" source="E4" target="E5"/>
  <move id="72" source="A8" target="A7"/>
  <move id="73" source="E5" target="E6"/>
  <move id="74" source="D8" target="E8"/>
  <move id="75" source="E6" target="E7"/>
  <move id="76" source="D7" target="E7"/>
  <move id="77" source="E3" target="E8"/>
  <move id="78" source="E9" target="E8"/>
  <move id="79" source="F6" target="F7"/>
  <move id="80" source="A4" target="B4"/>
  <move id="81" source="F4" target="E4"/>
  <move id="82" source="E8" target="E7"/>
  <move id="83" source="E4" target="D4"/>
  <move id="84" source="E7" target="E8"/>
  <move id="85" source="D4" target="C4"/>
  <move id="86" source="B4" target="B5"/>
  <move id="87" source="C4" target="B4"/>
  <move id="88" source="B5" target="B6"/>
  <move id="89" source="B4" target="B5"/>
  <move id="90" source="B6" target="B7"/>
  <move id="91" source="B5" target="B6"/>
  <move id="92" source="B7" target="C7"/>
  <move id="93" source="B6" target="B7"/>
  <move id="94" source="C7" target="D7"/>
  <move id="95" source="B7" target="A7"/>
  <move id="96" source="D7" target="C7"/>
  <move id="97" source="A7" target="A8"/>
  <move id="98" source="C8" target="B8"/>
  <move id="99" source="B9" target="C9"/>
  <move id="100" source="B8" target="A8"/>
  <move id="101" source="C9" target="C8"/>
  <move id="102" source="C7" target="C8"/>
  <move id="103" source="K3" target="K4"/>
  <move id="104" source="A8" target="B8"/>
  <move id="105" source="K4" target="K5"/>
  <move id="106" source="B8" target="C8"/>
  <move id="107" source="K6" target="K7"/>
  <move id="108" source="B:" target="B9"/>
  <move id="109" source="K5" target="K6"/>
  <move id="110" source="B9" target="B8"/>
  <move id="111" source="K7" target="K8"/>
  <move id="112" source="B8" target="B7"/>
  <move id="113" source="I4" target="I5"/>
  <move id="114" source="B7" target="B6"/>
  <move id="115" source="I5" target="I6"/>
  <move id="116" source="B6" target="B5"/>
  <move id="117" source="I6" target="I7"/>
  <move id="118" source="I8" target="I7"/>
  <move id="119" source="K8" target="I8"/>
  <move id="120" source="I7" target="I8"/>
  <move id="121" source="K6" target="K7"/>
  <move id="122" source="B5" target="B4"/>
  <move id="123" source="K7" target="K8"/>
  <move id="124" source="B4" target="B3"/>
  <move id="125" source="I3" target="I9"/>
  <move id="126" source="E8" target="E7"/>
  <move id="127" source="K8" target="I8"/>
  <move id="128" source="C8" target="D8"/>
  <move id="129" source="K2" target="K7"/>
  <move id="130" source="F7" target="F8"/>
  <move id="131" source="K7" target="H7"/>
  <move id="132" source="G7" target="F7"/>
  <move id="133" source="I8" target="I7"/>
  <move id="134" source="F7" target="F6"/>
  <move id="135" source="I7" target="H7"/>
  <move id="136" source="F6" target="F5"/>
  <move id="137" source="H4" target="I4"/>
  <move id="138" source="E7" target="D7"/>
  <move id="139" source="I4" target="I5"/>
  <move id="140" source="D8" target="E8"/>
  <move id="141" source="I5" target="I6"/>
  <move id="142" source="E8" target="E7"/>
  <move id="143" source="I6" target="I7"/>
  <move id="144" source="E7" target="F7"/>
  <move id="145" source="I7" target="I8"/>
  <move id="146" source="F7" target="G7"/>
  <move id="147" source="G4" target="K4"/>
  <move id="148" source="G7" target="H7"/>
  <move id="149" source="K4" target="K9"/>
  <move id="150" source="G8" target="G7"/>
  <move id="151" source="I8" target="K8"/>
  <move id="152" source="F5" target="F4"/>
  <move id="153" source="K1" target="K2"/>
  <move id="154" source="D9" target="E9"/>
  <move id="155" source="K2" target="K3"/>
  <move id="156" source="E9" target="E2"/>
  <move id="157" source="K3" target="K4"/>
  <move id="158" source="B3" target="B4"/>
  <move id="159" source="K4" target="K5"/>
  <move id="160" source="B4" target="C4"/>
  <move id="161" source="K5" target="K6"/>
  <move id="162" source="C4" target="D4"/>
  <move id="163" source="K6" target="K7"/>
  <move id="164" source="D4" target="E4"/>
  <move id="165" source="K8" target="I8"/>
  <move id="166" source="E4" target="E3"/>
  <move id="167" source="I8" target="I7"/>
  <move id="168" source="E3" target="E2"/>
  <move id="169" source="G3" target="G4"/>
  <move id="170" source="F4" target="E4"/>
  <move id="171" source="G4" target="F4"/>
  <move id="172" source="E4" target="E5"/>
  <move id="173" source="F4" target="E4"/>
  <move id="174" source="E5" target="F5"/>
  <move id="175" source="F2" target="E2"/>
  <move id="176" source="G7" target="F7"/>
  <move id="177" source="E2" target="E3"/>
  <move id="178" source="F7" target="E7"/>
  <move id="179" source="E4" target="F4"/>
  <move id="180" source="F5" target="E5"/>
  <move id="181" source="E3" target="E4"/>
  <move id="182" source="E7" target="E6"/>
  <move id="183" source="F4" target="F5"/>
  <move id="184" source="E5" target="E4"/>
  <move id="185" source="K7" target="K8"/>
  <move id="186" source="D7" target="C7"/>
  <move id="187" source="K8" target="K9"/>
  <move id="188" source="C7" target="B7"/>
  <move id="189" source="K9" target="K:"/>
  <move id="190" source="B7" target="B6"/>
  <move id="191" source="I1" target="K1"/>
  <move id="192" source="B6" target="B5"/>
  <move id="193" source="K1" target="K2"/>
  <move id="194" source="B5" target="B4"/>
  <move id="195" source="K2" target="K3"/>
  <move id="196" source="B4" target="C4"/>
  <move id="197" source="K3" target="K4"/>
  <move id="198" source="C4" target="D4"/>
  <move id="199" source="K4" target="K5"/>
  <move id="200" source="D4" target="D3"/>
  <move id="201" source="K5" target="K6"/>
  <move id="202" source="E6" target="E5"/>
  <move id="203" source="F5" target="F6"/>
  <move id="204" source="E5" target="E4"/>
  <move id="205" source="I7" target="H7"/>
  <move id="206" source="E4" target="F4"/>
  <move id="207" source="F6" target="F7"/>
  <move id="208" source="D:" target="D9"/>
  <move id="209" source="F7" target="G7"/>
  <move id="210" source="D9" target="E9"/>
  <move id="211" source="G7" target="G8"/>
  <move id="212" source="F8" target="E8"/>
  <move id="213" source="H7" target="G7"/>
  <move id="214" source="E8" target="D8"/>
  <move id="215" source="G7" target="F7"/>
  <move id="216" source="D8" target="C8"/>
  <move id="217" source="G8" target="F8"/>
  <move id="218" source="E9" target="E3"/>
  <move id="219" source="F8" target="F9"/>
  <move id="220" source="G9" target="G8"/>
  <move id="221" source="F7" target="F8"/>
  <move id="222" source="G8" target="G7"/>
  <move id="223" source="K6" target="K7"/>
  <move id="224" source="E3" target="E2"/>
  <move id="225" source="K7" target="I7"/>
  <move id="226" source="E2" target="F2"/>
  <move id="227" source="F8" target="G8"/>
  <move id="228" source="G7" target="F7"/>
  <move id="229" source="G2" target="F2"/>
  <move id="230" source="D3" target="E3"/>
  <move id="231" source="F2" target="G2"/>
  <move id="232" source="E3" target="E2"/>
  <move id="233" source="G2" target="G3"/>
  <move id="234" source="E2" target="F2"/>
  <move id="235" source="E1" target="E:"/>
  <move id="236" source="F4" target="G4"/>
  <move id="237" source="G8" target="G9"/>
  <move id="238" source="G4" target="G3"/>
  <move id="239" source="G9" target="H9"/>
  <move id="240" source="F2" target="G2"/>
  <move id="241" source="H2" target="G2"/>
  <move id="242" source="C8" target="C7"/>
  <move id="243" source="I7" target="I8"/>
  <move id="244" source="C7" target="D7"/>
  <move id="245" source="H9" target="G9"/>
  <move id="246" source="D7" target="C7"/>
  <move id="247" source="G9" target="G8"/>
  <move id="248" source="C7" target="B7"/>
  <move id="249" source="G8" target="F8"/>
  <move id="250" source="F7" target="G7"/>
  <move id="251" source="F8" target="G8"/>
  <move id="252" source="G7" target="F7"/>
  <move id="253" source="G8" target="G9"/>
  <move id="254" source="B7" target="B6"/>
  <move id="255" source="G9" target="H9"/>
  <move id="256" source="B6" target="B5"/>
  <move id="257" source="H9" target="H:"/>
  <move id="258" source="F7" target="G7"/>
  <move id="259" source="H:" target="I:"/>
  <move id="260" source="G3" target="G2"/>
  <move id="261" source="H3" target="H4"/>
  <move id="262" source="G2" target="G1"/>
  <move id="263" source="H4" target="G4"/>
  <move id="264" source="G1" target="H1"/>
  <player id="1">Player 1</player>
  <player id="2">Player 2</player>
  <result type="1" winner="2"/>
 </game>
</stratego>