<?xml version="1.0" encoding="UTF-8"?>
<stratego>
 <game type="classic">
  
  <field content="DEDEHEBDEBBIEGDBGMGFBGCJIDIHDBDHKLFFDJHFAA__AA__AAAA__AA__AAPPUSRUOWTPQSQSNXPVVTPNRNRQTTUPNRQNSNYQPP"/>
  <move id="1" source="B4" target="B5"/>
  <move id="2" source="A7" target="A4"/>
  <move id="3" source="B5" target="B6"/>
  <move id="4" source="E7" target="E6"/>
  <move id="5" source="C4" target="B4"/>
  <move id="6" source="E6" target="E5"/>
  <move id="7" source="B4" target="A4"/>
  <move id="8" source="E5" target="E4"/>
  <move id="9" source="A4" target="A5"/>
  <move id="10" source="D7" target="E7"/>
  <move id="11" source="A5" target="A6"/>
  <move id="12" source="E7" target="E6"/>
  <move id="13" source="A6" target="A7"/>
  <move id="14" source="F7" target="F6"/>
  <move id="15" source="B6" target="B7"/>
  <move id="16" source="A8" target="A7"/>
  <move id="17" source="B7" target="B8"/>
  <move id="18" source="F8" target="F7"/>
  <move id="19" source="A7" target="A6"/>
  <move id="20" source="E6" target="E7"/>
  <move id="21" source="B8" target="B7"/>
  <move id="22" source="C7" target="B7"/>
  <move id="23" source="A6" target="A7"/>
  <move id="24" source="B7" target="C7"/>
  <move id="25" source="A7" target="B7"/>
  <move id="26" source="C7" target="D7"/>
  <move id="27" source="F4" target="E4"/>
  <move id="28" source="E7" target="E6"/>
  <move id="29" source="F3" target="F6"/>
  <move id="30" source="F7" target="E7"/>
  <move id="31" source="E4" target="E5"/>
  <move id="32" source="K7" target="K4"/>
  <move id="33" source="E5" target="E6"/>
  <move id="34" source="G8" target="F8"/>
  <move id="35" source="G4" target="F4"/>
  <move id="36" source="G7" target="F7"/>
  <move id="37" source="E3" target="E4"/>
  <move id="38" source="C8" target="B8"/>
  <move id="39" source="B7" target="B8"/>
  <move id="40" source="F7" target="G7"/>
  <move id="41" source="B8" target="B7"/>
  <move id="42" source="F6" target="F7"/>
  <move id="43" source="E4" target="E5"/>
  <move id="44" source="F8" target="G8"/>
  <move id="45" source="D4" target="E4"/>
  <move id="46" source="F7" target="F6"/>
  <move id="47" source="F4" target="F5"/>
  <move id="48" source="F6" target="F7"/>
  <move id="49" source="E5" target="E6"/>
  <move id="50" source="E7" target="E6"/>
  <move id="51" source="E4" target="E5"/>
  <move id="52" source="E6" target="F6"/>
  <move id="53" source="B7" target="C7"/>
  <move id="54" source="D7" target="E7"/>
  <move id="55" source="C7" target="D7"/>
  <move id="56" source="E7" target="E6"/>
  <move id="57" source="E5" target="E6"/>
  <move id="58" source="F6" target="F5"/>
  <move id="59" source="D7" target="E7"/>
  <move id="60" source="F5" target="F6"/>
  <move id="61" source="E6" target="F6"/>
  <move id="62" source="F7" target="F6"/>
  <move id="63" source="E7" target="F7"/>
  <move id="64" source="F6" target="E6"/>
  <move id="65" source="F7" target="G7"/>
  <move id="66" source="H7" target="G7"/>
  <move id="67" source="H4" target="G4"/>
  <move id="68" source="H8" target="H7"/>
  <move id="69" source="G4" target="F4"/>
  <move id="70" source="H7" target="G7"/>
  <move id="71" source="F4" target="E4"/>
  <move id="72" source="E6" target="E7"/>
  <move id="73" source="E4" target="E5"/>
  <move id="74" source="E7" target="F7"/>
  <move id="75" source="E5" target="E6"/>
  <move id="76" source="F7" target="F8"/>
  <move id="77" source="E6" target="E7"/>
  <move id="78" source="I7" target="H7"/>
  <move id="79" source="C3" target="C4"/>
  <move id="80" source="I8" target="I7"/>
  <move id="81" source="C4" target="B4"/>
  <move id="82" source="I7" target="I6"/>
  <move id="83" source="B4" target="B5"/>
  <move id="84" source="I6" target="I5"/>
  <move id="85" source="I4" target="H4"/>
  <move id="86" source="I5" target="I4"/>
  <move id="87" source="H4" target="G4"/>
  <move id="88" source="I4" target="K4"/>
  <move id="89" source="G4" target="F4"/>
  <move id="90" source="K4" target="K3"/>
  <move id="91" source="F4" target="F5"/>
  <player id="1">Player 1</player>
  <player id="2">Player 2</player>
  <result type="3" winner="1"/>
 </game>
</stratego>