<?xml version="1.0" encoding="UTF-8"?>
<stratego>
 <game type="classic">
  
  <field content="MIHEEDEBEDBJICHEHBDFHGKJBBLIGDBDFGFDFGDDAA__AA__AAAA__AA__AAPRWPUQXVPRSUOSPPTRTPNPTUQNVQNPSTQNNQYRNS"/>
  <move id="1" source="B4" target="B5"/>
  <move id="2" source="E7" target="E6"/>
  <move id="3" source="B3" target="B4"/>
  <move id="4" source="E6" target="E5"/>
  <move id="5" source="B2" target="B3"/>
  <move id="6" source="D7" target="E7"/>
  <move id="7" source="F4" target="F5"/>
  <move id="8" source="E7" target="E6"/>
  <move id="9" source="G4" target="F4"/>
  <move id="10" source="E6" target="F6"/>
  <move id="11" source="H4" target="G4"/>
  <move id="12" source="I7" target="I6"/>
  <move id="13" source="B5" target="A5"/>
  <move id="14" source="F7" target="E7"/>
  <move id="15" source="B4" target="B5"/>
  <move id="16" source="E7" target="D7"/>
  <move id="17" source="B3" target="B4"/>
  <move id="18" source="E8" target="E7"/>
  <move id="19" source="B5" target="B6"/>
  <move id="20" source="E7" target="F7"/>
  <move id="21" source="B4" target="B5"/>
  <move id="22" source="D8" target="E8"/>
  <move id="23" source="H3" target="H4"/>
  <move id="24" source="E8" target="E7"/>
  <move id="25" source="I4" target="I6"/>
  <move id="26" source="E7" target="E6"/>
  <move id="27" source="I3" target="I4"/>
  <move id="28" source="F6" target="F5"/>
  <move id="29" source="I4" target="I5"/>
  <move id="30" source="F7" target="F4"/>
  <move id="31" source="H4" target="I4"/>
  <move id="32" source="E6" target="F6"/>
  <move id="33" source="G4" target="H4"/>
  <move id="34" source="F6" target="F5"/>
  <move id="35" source="G3" target="G4"/>
  <move id="36" source="H7" target="I7"/>
  <move id="37" source="E4" target="E5"/>
  <move id="38" source="F5" target="F4"/>
  <move id="39" source="G4" target="G3"/>
  <move id="40" source="F4" target="F3"/>
  <move id="41" source="H4" target="G4"/>
  <move id="42" source="F8" target="F7"/>
  <move id="43" source="G4" target="F4"/>
  <move id="44" source="F7" target="F6"/>
  <move id="45" source="G3" target="G4"/>
  <move id="46" source="E5" target="E6"/>
  <move id="47" source="D4" target="E4"/>
  <move id="48" source="E6" target="E7"/>
  <move id="49" source="D3" target="D4"/>
  <move id="50" source="F6" target="E6"/>
  <move id="51" source="D2" target="D3"/>
  <move id="52" source="G8" target="F8"/>
  <move id="53" source="C2" target="D2"/>
  <move id="54" source="D7" target="D8"/>
  <move id="55" source="F4" target="F5"/>
  <move id="56" source="D8" target="E8"/>
  <move id="57" source="E4" target="E5"/>
  <move id="58" source="F8" target="F7"/>
  <move id="59" source="D4" target="E4"/>
  <move id="60" source="E6" target="F6"/>
  <move id="61" source="G4" target="F4"/>
  <move id="62" source="E7" target="E6"/>
  <move id="63" source="D3" target="D4"/>
  <move id="64" source="I7" target="I6"/>
  <move id="65" source="D4" target="D3"/>
  <move id="66" source="I6" target="I5"/>
  <move id="67" source="I4" target="H4"/>
  <move id="68" source="I5" target="I4"/>
  <move id="69" source="H4" target="G4"/>
  <move id="70" source="K7" target="I7"/>
  <move id="71" source="G4" target="G3"/>
  <move id="72" source="K8" target="K4"/>
  <move id="73" source="C4" target="B4"/>
  <move id="74" source="K9" target="K3"/>
  <move id="75" source="D2" target="C2"/>
  <move id="76" source="I7" target="K7"/>
  <move id="77" source="E2" target="D2"/>
  <move id="78" source="K7" target="K8"/>
  <move id="79" source="F2" target="E2"/>
  <move id="80" source="H8" target="H7"/>
  <move id="81" source="G2" target="F2"/>
  <move id="82" source="H7" target="I7"/>
  <move id="83" source="G3" target="G2"/>
  <move id="84" source="I7" target="I6"/>
  <move id="85" source="F4" target="G4"/>
  <move id="86" source="I6" target="I5"/>
  <move id="87" source="F5" target="F4"/>
  <move id="88" source="F6" target="F5"/>
  <move id="89" source="E5" target="F5"/>
  <move id="90" source="F7" target="F6"/>
  <move id="91" source="F5" target="E5"/>
  <move id="92" source="F6" target="F5"/>
  <move id="93" source="B4" target="B3"/>
  <move id="94" source="F5" target="E5"/>
  <move id="95" source="E4" target="E5"/>
  <move id="96" source="E6" target="F6"/>
  <move id="97" source="E5" target="E4"/>
  <move id="98" source="F6" target="F5"/>
  <move id="99" source="E4" target="E5"/>
  <move id="100" source="F5" target="F6"/>
  <move id="101" source="B3" target="B2"/>
  <move id="102" source="E8" target="E7"/>
  <move id="103" source="E5" target="E4"/>
  <move id="104" source="E7" target="E6"/>
  <move id="105" source="E4" target="D4"/>
  <move id="106" source="E6" target="E5"/>
  <move id="107" source="F4" target="E4"/>
  <move id="108" source="E5" target="F5"/>
  <move id="109" source="G4" target="H4"/>
  <move id="110" source="F5" target="F4"/>
  <move id="111" source="H4" target="G4"/>
  <move id="112" source="F4" target="F3"/>
  <move id="113" source="F2" target="F3"/>
  <move id="114" source="I4" target="K4"/>
  <move id="115" source="F3" target="F2"/>
  <move id="116" source="I5" target="I4"/>
  <move id="117" source="I2" target="I4"/>
  <move id="118" source="I4" target="I3"/>
  <move id="119" source="G4" target="G3"/>
  <move id="120" source="I3" target="I2"/>
  <move id="121" source="K2" target="I2"/>
  <move id="122" source="K4" target="K5"/>
  <move id="123" source="E4" target="F4"/>
  <move id="124" source="K5" target="I5"/>
  <move id="125" source="F4" target="F3"/>
  <move id="126" source="I5" target="I6"/>
  <move id="127" source="I1" target="I2"/>
  <move id="128" source="I6" target="I7"/>
  <move id="129" source="I2" target="I3"/>
  <move id="130" source="I7" target="H7"/>
  <move id="131" source="I3" target="H3"/>
  <move id="132" source="H7" target="H8"/>
  <move id="133" source="G3" target="G4"/>
  <move id="134" source="H8" target="G8"/>
  <move id="135" source="H3" target="G3"/>
  <move id="136" source="G8" target="F8"/>
  <move id="137" source="G4" target="F4"/>
  <move id="138" source="F8" target="E8"/>
  <move id="139" source="F4" target="F5"/>
  <move id="140" source="F6" target="F7"/>
  <move id="141" source="F5" target="F6"/>
  <move id="142" source="E8" target="F8"/>
  <move id="143" source="F6" target="F7"/>
  <move id="144" source="F8" target="E8"/>
  <move id="145" source="F7" target="F6"/>
  <move id="146" source="B7" target="B6"/>
  <move id="147" source="C3" target="C4"/>
  <move id="148" source="C7" target="B7"/>
  <move id="149" source="D3" target="C3"/>
  <move id="150" source="B7" target="B6"/>
  <move id="151" source="B5" target="B4"/>
  <move id="152" source="B6" target="B5"/>
  <move id="153" source="B4" target="B3"/>
  <move id="154" source="B5" target="A5"/>
  <move id="155" source="F6" target="F5"/>
  <move id="156" source="A5" target="B5"/>
  <move id="157" source="F5" target="F4"/>
  <move id="158" source="B5" target="B4"/>
  <move id="159" source="C4" target="B4"/>
  <move id="160" source="A7" target="A4"/>
  <move id="161" source="C3" target="C4"/>
  <move id="162" source="E8" target="E7"/>
  <move id="163" source="B3" target="C3"/>
  <move id="164" source="E7" target="D7"/>
  <move id="165" source="B2" target="B3"/>
  <move id="166" source="D7" target="C7"/>
  <move id="167" source="B3" target="B4"/>
  <move id="168" source="G9" target="G8"/>
  <move id="169" source="C3" target="B3"/>
  <move id="170" source="G8" target="F8"/>
  <move id="171" source="G3" target="G4"/>
  <move id="172" source="F8" target="F7"/>
  <move id="173" source="F4" target="E4"/>
  <move id="174" source="F7" target="E7"/>
  <move id="175" source="G4" target="F4"/>
  <move id="176" source="E7" target="E6"/>
  <move id="177" source="F4" target="F5"/>
  <move id="178" source="C7" target="B7"/>
  <move id="179" source="F5" target="E5"/>
  <move id="180" source="B7" target="B6"/>
  <move id="181" source="D4" target="D3"/>
  <move id="182" source="B6" target="B5"/>
  <move id="183" source="D3" target="C3"/>
  <move id="184" source="E9" target="E8"/>
  <move id="185" source="K1" target="I1"/>
  <move id="186" source="E8" target="E7"/>
  <move id="187" source="I1" target="I2"/>
  <move id="188" source="E7" target="D7"/>
  <move id="189" source="I2" target="I3"/>
  <move id="190" source="D7" target="C7"/>
  <move id="191" source="I3" target="H3"/>
  <move id="192" source="C7" target="B7"/>
  <move id="193" source="B4" target="B5"/>
  <move id="194" source="B7" target="A7"/>
  <move id="195" source="B3" target="B4"/>
  <move id="196" source="A7" target="A6"/>
  <move id="197" source="C3" target="B3"/>
  <move id="198" source="A6" target="A5"/>
  <move id="199" source="B4" target="B5"/>
  <move id="200" source="A5" target="A4"/>
  <move id="201" source="B3" target="B4"/>
  <move id="202" source="A4" target="A3"/>
  <move id="203" source="E5" target="F5"/>
  <move id="204" source="G7" target="F7"/>
  <move id="205" source="E4" target="E5"/>
  <move id="206" source="E6" target="E7"/>
  <move id="207" source="F5" target="F6"/>
  <move id="208" source="E7" target="D7"/>
  <move id="209" source="E5" target="E4"/>
  <move id="210" source="D7" target="C7"/>
  <move id="211" source="B4" target="B5"/>
  <move id="212" source="C7" target="B7"/>
  <move id="213" source="A3" target="A4"/>
  <move id="214" source="B7" target="B6"/>
  <move id="215" source="B5" target="B4"/>
  <move id="216" source="B6" target="B5"/>
  <move id="217" source="F6" target="E6"/>
  <move id="218" source="B5" target="A5"/>
  <move id="219" source="A4" target="A3"/>
  <move id="220" source="B8" target="B7"/>
  <move id="221" source="C2" target="B2"/>
  <move id="222" source="B7" target="C7"/>
  <move id="223" source="B2" target="B3"/>
  <move id="224" source="B9" target="B8"/>
  <move id="225" source="E6" target="E7"/>
  <move id="226" source="F7" target="G7"/>
  <move id="227" source="E7" target="F7"/>
  <move id="228" source="G7" target="H7"/>
  <move id="229" source="F7" target="F8"/>
  <move id="230" source="H7" target="H8"/>
  <move id="231" source="F8" target="F9"/>
  <move id="232" source="F:" target="F9"/>
  <move id="233" source="F3" target="F4"/>
  <move id="234" source="C7" target="B7"/>
  <move id="235" source="F4" target="F5"/>
  <move id="236" source="B7" target="A7"/>
  <move id="237" source="E4" target="D4"/>
  <move id="238" source="D9" target="E9"/>
  <move id="239" source="F5" target="F6"/>
  <move id="240" source="A7" target="A6"/>
  <move id="241" source="A3" target="A4"/>
  <move id="242" source="A5" target="A4"/>
  <move id="243" source="B4" target="A4"/>
  <move id="244" source="A6" target="A5"/>
  <move id="245" source="B3" target="B4"/>
  <move id="246" source="A5" target="A4"/>
  <move id="247" source="B1" target="B2"/>
  <move id="248" source="A4" target="B4"/>
  <move id="249" source="B2" target="B3"/>
  <move id="250" source="E9" target="E8"/>
  <move id="251" source="B3" target="B4"/>
  <move id="252" source="E8" target="E7"/>
  <move id="253" source="H3" target="G3"/>
  <move id="254" source="H8" target="H7"/>
  <move id="255" source="G3" target="G4"/>
  <move id="256" source="E7" target="E6"/>
  <move id="257" source="F6" target="F7"/>
  <move id="258" source="H9" target="G9"/>
  <move id="259" source="G4" target="H4"/>
  <move id="260" source="G9" target="F9"/>
  <move id="261" source="F7" target="E7"/>
  <move id="262" source="E6" target="E7"/>
  <move id="263" source="H4" target="G4"/>
  <move id="264" source="E7" target="D7"/>
  <move id="265" source="G4" target="F4"/>
  <move id="266" source="D7" target="C7"/>
  <move id="267" source="D2" target="C2"/>
  <move id="268" source="H7" target="G7"/>
  <move id="269" source="C2" target="C3"/>
  <move id="270" source="C7" target="B7"/>
  <move id="271" source="C3" target="B3"/>
  <move id="272" source="B7" target="B6"/>
  <move id="273" source="B3" target="A3"/>
  <move id="274" source="B6" target="B5"/>
  <move id="275" source="G2" target="G3"/>
  <move id="276" source="K8" target="K7"/>
  <move id="277" source="G3" target="F3"/>
  <move id="278" source="K7" target="K6"/>
  <move id="279" source="F4" target="H4"/>
  <move id="280" source="K6" target="K5"/>
  <move id="281" source="F3" target="F4"/>
  <move id="282" source="K5" target="K4"/>
  <move id="283" source="H4" target="K4"/>
  <move id="284" source="K4" target="I4"/>
  <move id="285" source="F4" target="E4"/>
  <move id="286" source="I4" target="I3"/>
  <move id="287" source="D4" target="D3"/>
  <move id="288" source="B5" target="B4"/>
  <move id="289" source="D3" target="C3"/>
  <move id="290" source="B8" target="B4"/>
  <move id="291" source="C3" target="B3"/>
  <move id="292" source="B4" target="C4"/>
  <move id="293" source="E4" target="D4"/>
  <move id="294" source="C4" target="C1"/>
  <move id="295" source="E2" target="D2"/>
  <move id="296" source="G7" target="F7"/>
  <move id="297" source="F2" target="E2"/>
  <move id="298" source="F7" target="E7"/>
  <move id="299" source="C1" target="B1"/>
  <move id="300" source="F9" target="F8"/>
  <move id="301" source="D2" target="C2"/>
  <move id="302" source="F8" target="F7"/>
  <move id="303" source="F1" target="F7"/>
  <move id="304" source="F7" target="G7"/>
  <move id="305" source="C2" target="C3"/>
  <move id="306" source="G7" target="H7"/>
  <move id="307" source="C3" target="C4"/>
  <move id="308" source="H7" target="I7"/>
  <move id="309" source="D4" target="D3"/>
  <move id="310" source="I7" target="I6"/>
  <move id="311" source="C4" target="B4"/>
  <move id="312" source="I3" target="I2"/>
  <move id="313" source="B4" target="B5"/>
  <move id="314" source="I2" target="I1"/>
  <move id="315" source="E2" target="F2"/>
  <move id="316" source="I1" target="H1"/>
  <move id="317" source="B5" target="B6"/>
  <move id="318" source="C8" target="D8"/>
  <move id="319" source="B6" target="B7"/>
  <move id="320" source="D8" target="E8"/>
  <move id="321" source="B7" target="C7"/>
  <move id="322" source="E8" target="F8"/>
  <move id="323" source="C7" target="C8"/>
  <move id="324" source="C9" target="C8"/>
  <move id="325" source="D1" target="D2"/>
  <move id="326" source="F8" target="G8"/>
  <move id="327" source="B3" target="B4"/>
  <move id="328" source="E7" target="D7"/>
  <move id="329" source="B4" target="B5"/>
  <move id="330" source="C8" target="D8"/>
  <move id="331" source="B5" target="B6"/>
  <move id="332" source="D8" target="E8"/>
  <move id="333" source="B6" target="B7"/>
  <move id="334" source="E8" target="F8"/>
  <move id="335" source="B7" target="C7"/>
  <move id="336" source="F8" target="F7"/>
  <move id="337" source="C7" target="D7"/>
  <move id="338" source="G8" target="F8"/>
  <move id="339" source="D2" target="C2"/>
  <move id="340" source="F8" target="E8"/>
  <move id="341" source="D3" target="D4"/>
  <move id="342" source="E8" target="E7"/>
  <move id="343" source="C2" target="C3"/>
  <move id="344" source="E7" target="E6"/>
  <move id="345" source="C3" target="D3"/>
  <move id="346" source="E6" target="E5"/>
  <move id="347" source="D4" target="E4"/>
  <move id="348" source="F7" target="F6"/>
  <move id="349" source="D3" target="D4"/>
  <move id="350" source="F6" target="F5"/>
  <move id="351" source="E4" target="F4"/>
  <move id="352" source="F5" target="F6"/>
  <move id="353" source="D4" target="E4"/>
  <move id="354" source="F6" target="E6"/>
  <move id="355" source="E4" target="D4"/>
  <move id="356" source="I6" target="I5"/>
  <move id="357" source="F4" target="E4"/>
  <move id="358" source="I5" target="I4"/>
  <move id="359" source="E4" target="F4"/>
  <move id="360" source="I4" target="I3"/>
  <move id="361" source="D4" target="E4"/>
  <move id="362" source="I3" target="I2"/>
  <move id="363" source="E4" target="E5"/>
  <move id="364" source="E6" target="E5"/>
  <move id="365" source="F2" target="F3"/>
  <move id="366" source="I2" target="H2"/>
  <move id="367" source="F4" target="E4"/>
  <move id="368" source="E5" target="F5"/>
  <move id="369" source="F3" target="G3"/>
  <move id="370" source="H2" target="H1"/>
  <move id="371" source="G1" target="G2"/>
  <move id="372" source="B:" target="B9"/>
  <move id="373" source="G2" target="F2"/>
  <move id="374" source="B9" target="B8"/>
  <move id="375" source="F2" target="F3"/>
  <move id="376" source="B8" target="B7"/>
  <move id="377" source="E1" target="D1"/>
  <move id="378" source="B7" target="B6"/>
  <move id="379" source="F3" target="F4"/>
  <move id="380" source="B6" target="B5"/>
  <move id="381" source="F4" target="G4"/>
  <move id="382" source="B5" target="B4"/>
  <move id="383" source="G3" target="F3"/>
  <move id="384" source="B4" target="B3"/>
  <move id="385" source="F3" target="F2"/>
  <move id="386" source="B3" target="B2"/>
  <move id="387" source="F2" target="E2"/>
  <move id="388" source="B2" target="A2"/>
  <move id="389" source="G4" target="G3"/>
  <move id="390" source="H1" target="H2"/>
  <move id="391" source="G3" target="F3"/>
  <move id="392" source="A8" target="A7"/>
  <move id="393" source="E2" target="D2"/>
  <move id="394" source="A7" target="A6"/>
  <move id="395" source="D2" target="D3"/>
  <move id="396" source="A6" target="A5"/>
  <move id="397" source="D3" target="C3"/>
  <move id="398" source="A5" target="A4"/>
  <move id="399" source="C3" target="C4"/>
  <move id="400" source="A4" target="A3"/>
  <move id="401" source="D1" target="C1"/>
  <move id="402" source="I8" target="H8"/>
  <move id="403" source="B1" target="B2"/>
  <move id="404" source="H8" target="G8"/>
  <move id="405" source="C1" target="B1"/>
  <move id="406" source="G8" target="F8"/>
  <move id="407" source="B2" target="C2"/>
  <move id="408" source="F8" target="E8"/>
  <move id="409" source="C2" target="D2"/>
  <move id="410" source="E8" target="D8"/>
  <move id="411" source="D2" target="E2"/>
  <move id="412" source="D8" target="C8"/>
  <move id="413" source="E2" target="F2"/>
  <move id="414" source="C8" target="B8"/>
  <move id="415" source="F2" target="G2"/>
  <move id="416" source="H2" target="H3"/>
  <move id="417" source="G2" target="G3"/>
  <move id="418" source="H3" target="I3"/>
  <move id="419" source="G3" target="H3"/>
  <move id="420" source="I3" target="I4"/>
  <move id="421" source="A3" target="A4"/>
  <move id="422" source="B8" target="B7"/>
  <move id="423" source="C4" target="B4"/>
  <move id="424" source="B7" target="B6"/>
  <move id="425" source="H3" target="I3"/>
  <move id="426" source="I4" target="H4"/>
  <move id="427" source="I3" target="H3"/>
  <move id="428" source="H4" target="I4"/>
  <move id="429" source="B4" target="B5"/>
  <move id="430" source="B6" target="B5"/>
  <move id="431" source="E4" target="F4"/>
  <move id="432" source="F5" target="E5"/>
  <move id="433" source="F3" target="G3"/>
  <move id="434" source="I4" target="I5"/>
  <move id="435" source="H3" target="H4"/>
  <move id="436" source="I5" target="I6"/>
  <move id="437" source="H4" target="I4"/>
  <move id="438" source="I6" target="I7"/>
  <move id="439" source="I4" target="I5"/>
  <move id="440" source="I7" target="H7"/>
  <move id="441" source="I5" target="I6"/>
  <move id="442" source="H7" target="H8"/>
  <move id="443" source="G3" target="G4"/>
  <move id="444" source="H8" target="G8"/>
  <move id="445" source="I6" target="I7"/>
  <move id="446" source="G8" target="F8"/>
  <move id="447" source="G4" target="H4"/>
  <move id="448" source="F8" target="E8"/>
  <move id="449" source="H4" target="I4"/>
  <move id="450" source="E8" target="D8"/>
  <move id="451" source="I4" target="I5"/>
  <move id="452" source="D8" target="C8"/>
  <move id="453" source="I5" target="I6"/>
  <move id="454" source="C8" target="B8"/>
  <move id="455" source="I7" target="I8"/>
  <move id="456" source="E5" target="E6"/>
  <move id="457" source="I6" target="I7"/>
  <move id="458" source="E6" target="E7"/>
  <move id="459" source="I8" target="H8"/>
  <move id="460" source="E7" target="D7"/>
  <move id="461" source="F4" target="E4"/>
  <move id="462" source="D7" target="C7"/>
  <move id="463" source="E4" target="D4"/>
  <move id="464" source="C7" target="B7"/>
  <move id="465" source="D4" target="C4"/>
  <move id="466" source="B7" target="B6"/>
  <move id="467" source="C4" target="B4"/>
  <move id="468" source="B6" target="A6"/>
  <move id="469" source="B4" target="B5"/>
  <move id="470" source="B8" target="C8"/>
  <move id="471" source="A4" target="B4"/>
  <move id="472" source="C8" target="D8"/>
  <move id="473" source="B4" target="C4"/>
  <move id="474" source="D8" target="E8"/>
  <move id="475" source="I7" target="I8"/>
  <move id="476" source="E8" target="F8"/>
  <move id="477" source="I8" target="I9"/>
  <move id="478" source="K:" target="K9"/>
  <move id="479" source="I9" target="I:"/>
  <move id="480" source="K9" target="K8"/>
  <move id="481" source="I:" target="H:"/>
  <move id="482" source="K8" target="K7"/>
  <move id="483" source="H8" target="G8"/>
  <move id="484" source="F8" target="F7"/>
  <move id="485" source="C4" target="C3"/>
  <move id="486" source="F7" target="F6"/>
  <move id="487" source="C3" target="D3"/>
  <move id="488" source="F6" target="F5"/>
  <move id="489" source="G8" target="F8"/>
  <move id="490" source="F5" target="F4"/>
  <move id="491" source="F8" target="F7"/>
  <move id="492" source="F4" target="E4"/>
  <move id="493" source="F7" target="F6"/>
  <move id="494" source="E4" target="E3"/>
  <move id="495" source="D3" target="E3"/>
  <move id="496" source="K7" target="I7"/>
  <move id="497" source="F6" target="F5"/>
  <move id="498" source="I7" target="I8"/>
  <move id="499" source="F5" target="F4"/>
  <move id="500" source="I8" target="H8"/>
  <move id="501" source="F4" target="G4"/>
  <move id="502" source="H8" target="G8"/>
  <move id="503" source="G4" target="H4"/>
  <move id="504" source="G8" target="F8"/>
  <move id="505" source="H4" target="I4"/>
  <move id="506" source="F8" target="E8"/>
  <move id="507" source="I4" target="I5"/>
  <move id="508" source="E8" target="D8"/>
  <move id="509" source="I5" target="I6"/>
  <move id="510" source="D8" target="C8"/>
  <move id="511" source="I6" target="I7"/>
  <move id="512" source="H:" target="I:"/>
  <move id="513" source="I7" target="I8"/>
  <move id="514" source="I:" target="K:"/>
  <move id="515" source="I8" target="H8"/>
  <move id="516" source="K:" target="K9"/>
  <move id="517" source="H8" target="G8"/>
  <move id="518" source="K9" target="K8"/>
  <move id="519" source="G8" target="F8"/>
  <move id="520" source="K8" target="K7"/>
  <move id="521" source="F8" target="E8"/>
  <move id="522" source="C8" target="C7"/>
  <move id="523" source="E8" target="D8"/>
  <move id="524" source="K7" target="K6"/>
  <move id="525" source="D8" target="D7"/>
  <move id="526" source="C7" target="C8"/>
  <move id="527" source="B5" target="B6"/>
  <move id="528" source="A6" target="A5"/>
  <move id="529" source="B6" target="B5"/>
  <move id="530" source="A5" target="A4"/>
  <move id="531" source="B5" target="B4"/>
  <move id="532" source="A4" target="A3"/>
  <move id="533" source="D7" target="C7"/>
  <move id="534" source="C8" target="D8"/>
  <move id="535" source="C7" target="C8"/>
  <move id="536" source="D8" target="E8"/>
  <move id="537" source="C8" target="D8"/>
  <move id="538" source="E8" target="F8"/>
  <move id="539" source="D8" target="E8"/>
  <move id="540" source="F8" target="F9"/>
  <move id="541" source="E8" target="F8"/>
  <move id="542" source="F9" target="E9"/>
  <move id="543" source="F8" target="F9"/>
  <move id="544" source="E9" target="E8"/>
  <move id="545" source="F9" target="E9"/>
  <move id="546" source="E8" target="E7"/>
  <move id="547" source="E9" target="E8"/>
  <move id="548" source="E7" target="F7"/>
  <move id="549" source="E8" target="F8"/>
  <move id="550" source="F7" target="E7"/>
  <move id="551" source="F8" target="E8"/>
  <move id="552" source="E7" target="F7"/>
  <move id="553" source="E3" target="E4"/>
  <move id="554" source="K6" target="K5"/>
  <move id="555" source="E4" target="F4"/>
  <move id="556" source="K5" target="K4"/>
  <move id="557" source="F4" target="F3"/>
  <move id="558" source="K4" target="I4"/>
  <move id="559" source="E8" target="E7"/>
  <move id="560" source="F7" target="F8"/>
  <move id="561" source="E7" target="F7"/>
  <move id="562" source="F8" target="E8"/>
  <move id="563" source="F7" target="G7"/>
  <move id="564" source="E8" target="E7"/>
  <move id="565" source="F3" target="E3"/>
  <move id="566" source="E7" target="E6"/>
  <move id="567" source="G7" target="F7"/>
  <move id="568" source="I4" target="H4"/>
  <move id="569" source="E3" target="E4"/>
  <move id="570" source="H4" target="H3"/>
  <move id="571" source="E4" target="E3"/>
  <move id="572" source="H3" target="G3"/>
  <move id="573" source="F7" target="E7"/>
  <move id="574" source="E6" target="F6"/>
  <move id="575" source="E7" target="F7"/>
  <move id="576" source="F6" target="E6"/>
  <move id="577" source="F7" target="F6"/>
  <move id="578" source="E6" target="E7"/>
  <move id="579" source="F6" target="F5"/>
  <move id="580" source="G3" target="G2"/>
  <move id="581" source="F5" target="F4"/>
  <move id="582" source="G2" target="G1"/>
  <move id="583" source="E3" target="E2"/>
  <move id="584" source="E7" target="E6"/>
  <move id="585" source="F4" target="F3"/>
  <move id="586" source="E6" target="E5"/>
  <move id="587" source="F3" target="G3"/>
  <move id="588" source="E5" target="E4"/>
  <move id="589" source="G3" target="G2"/>
  <move id="590" source="G1" target="H1"/>
  <move id="591" source="E2" target="D2"/>
  <move id="592" source="E4" target="E3"/>
  <move id="593" source="G2" target="G1"/>
  <move id="594" source="H1" target="H2"/>
  <move id="595" source="G1" target="H1"/>
  <move id="596" source="H2" target="I2"/>
  <move id="597" source="H1" target="I1"/>
  <move id="598" source="I2" target="H2"/>
  <move id="599" source="I1" target="H1"/>
  <move id="600" source="H2" target="I2"/>
  <move id="601" source="H1" target="G1"/>
  <move id="602" source="E3" target="F3"/>
  <move id="603" source="G1" target="G2"/>
  <move id="604" source="I2" target="I1"/>
  <move id="605" source="D2" target="E2"/>
  <move id="606" source="F3" target="F4"/>
  <move id="607" source="E2" target="E3"/>
  <move id="608" source="I1" target="H1"/>
  <move id="609" source="E3" target="E4"/>
  <move id="610" source="F4" target="F5"/>
  <move id="611" source="G2" target="F2"/>
  <move id="612" source="H1" target="G1"/>
  <move id="613" source="F2" target="F1"/>
  <move id="614" source="G1" target="G2"/>
  <move id="615" source="E4" target="E5"/>
  <move id="616" source="F5" target="F4"/>
  <move id="617" source="E5" target="E4"/>
  <move id="618" source="F4" target="F5"/>
  <move id="619" source="E4" target="E5"/>
  <move id="620" source="F5" target="F4"/>
  <move id="621" source="F1" target="E1"/>
  <move id="622" source="G2" target="F2"/>
  <move id="623" source="E5" target="F5"/>
  <move id="624" source="F4" target="E4"/>
  <move id="625" source="E1" target="D1"/>
  <move id="626" source="F2" target="E2"/>
  <move id="627" source="F5" target="F4"/>
  <move id="628" source="E4" target="D4"/>
  <move id="629" source="F4" target="F3"/>
  <move id="630" source="D4" target="D3"/>
  <move id="631" source="F3" target="E3"/>
  <move id="632" source="D3" target="C3"/>
  <move id="633" source="E3" target="E2"/>
  <move id="634" source="C3" target="D3"/>
  <move id="635" source="E2" target="E3"/>
  <move id="636" source="D3" target="D4"/>
  <move id="637" source="D1" target="D2"/>
  <move id="638" source="C:" target="C9"/>
  <move id="639" source="E3" target="E4"/>
  <move id="640" source="D4" target="C4"/>
  <move id="641" source="D2" target="D3"/>
  <move id="642" source="C9" target="D9"/>
  <move id="643" source="D3" target="C3"/>
  <move id="644" source="D9" target="D8"/>
  <move id="645" source="C3" target="C4"/>
  <move id="646" source="D8" target="E8"/>
  <move id="647" source="C4" target="D4"/>
  <move id="648" source="E8" target="F8"/>
  <move id="649" source="E4" target="F4"/>
  <move id="650" source="F8" target="G8"/>
  <move id="651" source="F4" target="G4"/>
  <move id="652" source="G8" target="G7"/>
  <move id="653" source="G4" target="H4"/>
  <move id="654" source="G7" target="H7"/>
  <move id="655" source="H4" target="I4"/>
  <move id="656" source="A:" target="B:"/>
  <move id="657" source="D4" target="E4"/>
  <move id="658" source="B:" target="B9"/>
  <move id="659" source="E4" target="D4"/>
  <move id="660" source="B9" target="B8"/>
  <move id="661" source="D4" target="C4"/>
  <move id="662" source="B8" target="B7"/>
  <move id="663" source="I4" target="H4"/>
  <move id="664" source="B7" target="C7"/>
  <move id="665" source="H4" target="G4"/>
  <move id="666" source="C7" target="D7"/>
  <move id="667" source="G4" target="F4"/>
  <move id="668" source="H7" target="I7"/>
  <move id="669" source="C4" target="D4"/>
  <move id="670" source="D7" target="D8"/>
  <move id="671" source="D4" target="E4"/>
  <move id="672" source="I7" target="I6"/>
  <move id="673" source="F4" target="G4"/>
  <move id="674" source="D8" target="D7"/>
  <move id="675" source="G4" target="H4"/>
  <move id="676" source="D7" target="E7"/>
  <move id="677" source="H4" target="I4"/>
  <move id="678" source="E7" target="D7"/>
  <move id="679" source="I4" target="I5"/>
  <move id="680" source="I6" target="I7"/>
  <move id="681" source="I5" target="I6"/>
  <move id="682" source="I7" target="I8"/>
  <move id="683" source="I6" target="I7"/>
  <move id="684" source="I8" target="H8"/>
  <move id="685" source="I7" target="H7"/>
  <move id="686" source="H8" target="G8"/>
  <move id="687" source="H7" target="H8"/>
  <move id="688" source="G8" target="G7"/>
  <move id="689" source="H8" target="H7"/>
  <move id="690" source="G7" target="G8"/>
  <move id="691" source="H7" target="H8"/>
  <move id="692" source="G8" target="G9"/>
  <move id="693" source="H8" target="G8"/>
  <move id="694" source="G9" target="H9"/>
  <move id="695" source="G8" target="F8"/>
  <move id="696" source="H9" target="H8"/>
  <move id="697" source="F8" target="E8"/>
  <move id="698" source="H8" target="H7"/>
  <move id="699" source="E8" target="D8"/>
  <move id="700" source="D7" target="E7"/>
  <move id="701" source="E4" target="E5"/>
  <move id="702" source="E7" target="F7"/>
  <move id="703" source="D8" target="E8"/>
  <move id="704" source="H7" target="I7"/>
  <move id="705" source="E8" target="F8"/>
  <move id="706" source="F7" target="E7"/>
  <move id="707" source="E5" target="E6"/>
  <move id="708" source="E7" target="D7"/>
  <move id="709" source="F8" target="E8"/>
  <move id="710" source="I7" target="I6"/>
  <move id="711" source="E8" target="D8"/>
  <move id="712" source="D7" target="C7"/>
  <move id="713" source="D8" target="C8"/>
  <move id="714" source="C7" target="B7"/>
  <move id="715" source="C8" target="B8"/>
  <move id="716" source="B7" target="C7"/>
  <move id="717" source="E6" target="E7"/>
  <move id="718" source="I6" target="I5"/>
  <move id="719" source="E7" target="D7"/>
  <move id="720" source="I5" target="I4"/>
  <move id="721" source="D7" target="C7"/>
  <move id="722" source="I4" target="H4"/>
  <move id="723" source="B8" target="B7"/>
  <move id="724" source="H4" target="G4"/>
  <move id="725" source="B7" target="B6"/>
  <move id="726" source="G4" target="F4"/>
  <move id="727" source="B6" target="B5"/>
  <move id="728" source="F4" target="E4"/>
  <move id="729" source="B4" target="B3"/>
  <move id="730" source="A3" target="A4"/>
  <move id="731" source="C7" target="D7"/>
  <move id="732" source="E4" target="E3"/>
  <move id="733" source="B5" target="B4"/>
  <move id="734" source="E3" target="D3"/>
  <move id="735" source="B3" target="B2"/>
  <move id="736" source="D3" target="D4"/>
  <move id="737" source="D7" target="E7"/>
  <player id="1">Player 1</player>
  <player id="2">Player 2</player>
  <result type="3" winner="1"/>
 </game>
</stratego>