<?xml version="1.0" encoding="UTF-8"?>
<stratego>
 <game type="classic">
  
  <field content="BEBMBGEFGEDHEBEIJBBDFJLFDHCKHDGDDIHDFIDGAA__AA__AAAA__AA__AAPRNOTPSQTTRNSVWTPVSXPPUQUSPPQUNQNQNRNPRY"/>
  <move id="1" source="F4" target="F7"/>
  <move id="2" source="I7" target="I6"/>
  <move id="3" source="E4" target="E5"/>
  <move id="4" source="I6" target="I5"/>
  <move id="5" source="E5" target="E6"/>
  <move id="6" source="I8" target="I7"/>
  <move id="7" source="E6" target="E7"/>
  <move id="8" source="G7" target="F7"/>
  <move id="9" source="I4" target="I5"/>
  <move id="10" source="I7" target="I6"/>
  <move id="11" source="H4" target="I4"/>
  <move id="12" source="I5" target="K5"/>
  <move id="13" source="I4" target="H4"/>
  <move id="14" source="F7" target="E7"/>
  <move id="15" source="B4" target="B7"/>
  <move id="16" source="K5" target="K4"/>
  <move id="17" source="A4" target="A5"/>
  <move id="18" source="K4" target="K5"/>
  <move id="19" source="K3" target="K4"/>
  <move id="20" source="K5" target="K4"/>
  <move id="21" source="H4" target="I4"/>
  <move id="22" source="I6" target="I5"/>
  <move id="23" source="I4" target="K4"/>
  <move id="24" source="I5" target="K5"/>
  <move id="25" source="K4" target="I4"/>
  <move id="26" source="K5" target="I5"/>
  <move id="27" source="I4" target="H4"/>
  <move id="28" source="I5" target="I4"/>
  <move id="29" source="B3" target="B4"/>
  <move id="30" source="H7" target="I7"/>
  <move id="31" source="B4" target="B5"/>
  <move id="32" source="I7" target="I8"/>
  <move id="33" source="B5" target="B6"/>
  <move id="34" source="G8" target="G7"/>
  <move id="35" source="A5" target="A6"/>
  <move id="36" source="G7" target="I7"/>
  <move id="37" source="A6" target="A7"/>
  <move id="38" source="B7" target="B6"/>
  <move id="39" source="B6" target="B7"/>
  <move id="40" source="I7" target="I6"/>
  <move id="41" source="A7" target="A8"/>
  <move id="42" source="I6" target="K6"/>
  <move id="43" source="K2" target="K6"/>
  <move id="44" source="G9" target="G7"/>
  <move id="45" source="A8" target="A9"/>
  <move id="46" source="G7" target="I7"/>
  <move id="47" source="A9" target="A:"/>
  <move id="48" source="I7" target="I6"/>
  <move id="49" source="B7" target="A7"/>
  <move id="50" source="I6" target="K6"/>
  <move id="51" source="C4" target="B4"/>
  <move id="52" source="K6" target="K3"/>
  <move id="53" source="B4" target="B7"/>
  <move id="54" source="K3" target="I3"/>
  <move id="55" source="B7" target="C7"/>
  <move id="56" source="K7" target="K6"/>
  <move id="57" source="A3" target="B3"/>
  <move id="58" source="K6" target="K5"/>
  <move id="59" source="A7" target="B7"/>
  <move id="60" source="K5" target="K4"/>
  <move id="61" source="A2" target="A9"/>
  <move id="62" source="K4" target="K3"/>
  <move id="63" source="A9" target="B9"/>
  <move id="64" source="K3" target="I3"/>
  <move id="65" source="D4" target="E4"/>
  <move id="66" source="I4" target="I3"/>
  <move id="67" source="E4" target="E5"/>
  <move id="68" source="K8" target="K7"/>
  <move id="69" source="G4" target="F4"/>
  <move id="70" source="K7" target="K6"/>
  <move id="71" source="F4" target="F5"/>
  <move id="72" source="K6" target="K5"/>
  <move id="73" source="H4" target="G4"/>
  <move id="74" source="I3" target="H3"/>
  <move id="75" source="F5" target="F6"/>
  <move id="76" source="K5" target="K4"/>
  <move id="77" source="E5" target="E6"/>
  <move id="78" source="K4" target="I4"/>
  <move id="79" source="F6" target="F7"/>
  <move id="80" source="I4" target="H4"/>
  <move id="81" source="H3" target="H4"/>
  <move id="82" source="I8" target="I7"/>
  <move id="83" source="G4" target="F4"/>
  <move id="84" source="I7" target="I6"/>
  <move id="85" source="F4" target="E4"/>
  <move id="86" source="I6" target="I5"/>
  <move id="87" source="F7" target="F8"/>
  <move id="88" source="I5" target="I4"/>
  <move id="89" source="F3" target="F4"/>
  <move id="90" source="I4" target="I3"/>
  <move id="91" source="F4" target="F5"/>
  <move id="92" source="I3" target="H3"/>
  <move id="93" source="F5" target="F6"/>
  <move id="94" source="H3" target="G3"/>
  <move id="95" source="G2" target="G3"/>
  <move id="96" source="H4" target="G4"/>
  <move id="97" source="G3" target="H3"/>
  <move id="98" source="G4" target="F4"/>
  <move id="99" source="E4" target="D4"/>
  <move id="100" source="F4" target="F5"/>
  <move id="101" source="F6" target="F7"/>
  <move id="102" source="F5" target="F6"/>
  <move id="103" source="E6" target="E7"/>
  <move id="104" source="E8" target="E7"/>
  <move id="105" source="F7" target="G7"/>
  <move id="106" source="F6" target="F7"/>
  <move id="107" source="G7" target="H7"/>
  <move id="108" source="H8" target="G8"/>
  <move id="109" source="H7" target="H8"/>
  <move id="110" source="G8" target="G7"/>
  <move id="111" source="H8" target="G8"/>
  <move id="112" source="G7" target="H7"/>
  <move id="113" source="G8" target="G9"/>
  <move id="114" source="F7" target="G7"/>
  <move id="115" source="G9" target="G:"/>
  <move id="116" source="H7" target="H8"/>
  <move id="117" source="B7" target="A7"/>
  <move id="118" source="G7" target="H7"/>
  <move id="119" source="A7" target="A8"/>
  <move id="120" source="H7" target="I7"/>
  <move id="121" source="A8" target="A9"/>
  <move id="122" source="I7" target="I6"/>
  <move id="123" source="A9" target="B9"/>
  <move id="124" source="I6" target="I5"/>
  <move id="125" source="B9" target="B:"/>
  <move id="126" source="I5" target="I4"/>
  <move id="127" source="B:" target="C:"/>
  <move id="128" source="E7" target="F7"/>
  <move id="129" source="B2" target="A2"/>
  <move id="130" source="D8" target="E8"/>
  <move id="131" source="A2" target="A3"/>
  <move id="132" source="F7" target="F6"/>
  <move id="133" source="A3" target="A4"/>
  <move id="134" source="F6" target="F5"/>
  <move id="135" source="A4" target="A5"/>
  <move id="136" source="F5" target="F4"/>
  <move id="137" source="A5" target="A6"/>
  <move id="138" source="F4" target="G4"/>
  <move id="139" source="A6" target="A7"/>
  <move id="140" source="I4" target="I3"/>
  <move id="141" source="A7" target="A8"/>
  <move id="142" source="I3" target="H3"/>
  <move id="143" source="A8" target="A9"/>
  <move id="144" source="H8" target="H7"/>
  <move id="145" source="A9" target="B9"/>
  <move id="146" source="H9" target="H8"/>
  <move id="147" source="B9" target="C9"/>
  <move id="148" source="H8" target="I8"/>
  <move id="149" source="B3" target="A3"/>
  <move id="150" source="I8" target="I2"/>
  <move id="151" source="C3" target="C4"/>
  <move id="152" source="I9" target="I8"/>
  <move id="153" source="D3" target="C3"/>
  <move id="154" source="I8" target="I7"/>
  <move id="155" source="C3" target="B3"/>
  <move id="156" source="I7" target="I6"/>
  <move id="157" source="B3" target="B4"/>
  <move id="158" source="I6" target="I5"/>
  <move id="159" source="B4" target="B5"/>
  <move id="160" source="D9" target="D8"/>
  <move id="161" source="B5" target="A5"/>
  <move id="162" source="C9" target="D9"/>
  <move id="163" source="A5" target="A6"/>
  <move id="164" source="C8" target="C9"/>
  <move id="165" source="A6" target="A7"/>
  <move id="166" source="D8" target="C8"/>
  <move id="167" source="A7" target="A8"/>
  <move id="168" source="D7" target="D8"/>
  <move id="169" source="A8" target="A9"/>
  <move id="170" source="I5" target="I4"/>
  <move id="171" source="A9" target="B9"/>
  <move id="172" source="I4" target="I3"/>
  <move id="173" source="B9" target="C9"/>
  <move id="174" source="I3" target="I2"/>
  <move id="175" source="E3" target="E8"/>
  <move id="176" source="I2" target="I1"/>
  <move id="177" source="D4" target="E4"/>
  <move id="178" source="G4" target="G3"/>
  <move id="179" source="E4" target="E5"/>
  <move id="180" source="E8" target="E7"/>
  <move id="181" source="E5" target="E4"/>
  <move id="182" source="H3" target="I3"/>
  <move id="183" source="E4" target="D4"/>
  <move id="184" source="I3" target="I2"/>
  <move id="185" source="D4" target="D3"/>
  <move id="186" source="I2" target="I1"/>
  <move id="187" source="D3" target="C3"/>
  <move id="188" source="I1" target="I2"/>
  <move id="189" source="C3" target="B3"/>
  <move id="190" source="I2" target="I3"/>
  <move id="191" source="B3" target="B4"/>
  <move id="192" source="I3" target="I4"/>
  <move id="193" source="B4" target="B5"/>
  <move id="194" source="G3" target="F3"/>
  <move id="195" source="B5" target="A5"/>
  <move id="196" source="F8" target="F7"/>
  <move id="197" source="A5" target="A6"/>
  <move id="198" source="F7" target="F6"/>
  <move id="199" source="A6" target="A7"/>
  <move id="200" source="F6" target="E6"/>
  <move id="201" source="A7" target="A8"/>
  <move id="202" source="E6" target="E5"/>
  <move id="203" source="A8" target="A9"/>
  <move id="204" source="E5" target="E4"/>
  <move id="205" source="A9" target="B9"/>
  <move id="206" source="E4" target="E3"/>
  <move id="207" source="B9" target="C9"/>
  <move id="208" source="D9" target="C9"/>
  <move id="209" source="A3" target="A4"/>
  <move id="210" source="E3" target="E2"/>
  <move id="211" source="F2" target="E2"/>
  <move id="212" source="I4" target="H4"/>
  <move id="213" source="A4" target="A5"/>
  <move id="214" source="H4" target="G4"/>
  <move id="215" source="A5" target="A6"/>
  <move id="216" source="G4" target="F4"/>
  <move id="217" source="A6" target="A7"/>
  <move id="218" source="F4" target="E4"/>
  <move id="219" source="A7" target="A8"/>
  <move id="220" source="E4" target="E3"/>
  <move id="221" source="A8" target="A9"/>
  <move id="222" source="E9" target="D9"/>
  <move id="223" source="A9" target="B9"/>
  <move id="224" source="D9" target="C9"/>
  <move id="225" source="C4" target="B4"/>
  <move id="226" source="D8" target="D9"/>
  <move id="227" source="B4" target="B5"/>
  <move id="228" source="E3" target="E2"/>
  <move id="229" source="B5" target="B6"/>
  <move id="230" source="E2" target="E3"/>
  <move id="231" source="B6" target="A6"/>
  <move id="232" source="E3" target="E4"/>
  <move id="233" source="A6" target="A7"/>
  <move id="234" source="E4" target="D4"/>
  <move id="235" source="A7" target="A8"/>
  <move id="236" source="D4" target="C4"/>
  <move id="237" source="A8" target="A9"/>
  <move id="238" source="C4" target="B4"/>
  <move id="239" source="B9" target="C9"/>
  <move id="240" source="B4" target="A4"/>
  <move id="241" source="A9" target="B9"/>
  <move id="242" source="A4" target="A5"/>
  <move id="243" source="K1" target="K2"/>
  <move id="244" source="H:" target="H8"/>
  <move id="245" source="K2" target="K3"/>
  <move id="246" source="H8" target="I8"/>
  <move id="247" source="K3" target="K4"/>
  <move id="248" source="I8" target="I5"/>
  <move id="249" source="K4" target="K5"/>
  <move id="250" source="I5" target="K5"/>
  <move id="251" source="K5" target="K6"/>
  <move id="252" source="H7" target="I7"/>
  <move id="253" source="K6" target="K7"/>
  <move id="254" source="I7" target="K7"/>
  <move id="255" source="B9" target="C9"/>
  <move id="256" source="D9" target="C9"/>
  <player id="1">Player 1</player>
  <player id="2">Player 2</player>
  <result type="3" winner="2"/>
 </game>
</stratego>