<?xml version="1.0" encoding="UTF-8"?>
<stratego>
 <game type="classic">
  
  <field content="EEBMBEDFBEILIBJDCBDHDGEDHDKFBDFHJGGHDIGFAA__AA__AAAA__AA__AASSXPSPWSPRVRQOVRPQNNPPUTNQUPNRUQTNYNTTQP"/>
  <move id="1" source="F4" target="F5"/>
  <move id="2" source="B7" target="B6"/>
  <move id="3" source="F5" target="F6"/>
  <move id="4" source="B6" target="B5"/>
  <move id="5" source="F3" target="F4"/>
  <move id="6" source="B5" target="A5"/>
  <move id="7" source="F4" target="F5"/>
  <move id="8" source="A5" target="A4"/>
  <move id="9" source="B4" target="A4"/>
  <move id="10" source="A7" target="B7"/>
  <move id="11" source="B3" target="B4"/>
  <move id="12" source="B7" target="B6"/>
  <move id="13" source="B4" target="B5"/>
  <move id="14" source="B6" target="B5"/>
  <move id="15" source="A4" target="B4"/>
  <move id="16" source="C7" target="B7"/>
  <move id="17" source="B4" target="B3"/>
  <move id="18" source="B7" target="B6"/>
  <move id="19" source="A3" target="A4"/>
  <move id="20" source="B6" target="B5"/>
  <move id="21" source="E4" target="E5"/>
  <move id="22" source="B8" target="B7"/>
  <move id="23" source="E5" target="E6"/>
  <move id="24" source="B7" target="A7"/>
  <move id="25" source="I4" target="I5"/>
  <move id="26" source="F7" target="F6"/>
  <move id="27" source="F5" target="E5"/>
  <move id="28" source="B5" target="B4"/>
  <move id="29" source="A4" target="A3"/>
  <move id="30" source="A7" target="A6"/>
  <move id="31" source="D4" target="E4"/>
  <move id="32" source="A6" target="A5"/>
  <move id="33" source="E4" target="F4"/>
  <move id="34" source="A5" target="A4"/>
  <move id="35" source="F4" target="F3"/>
  <move id="36" source="B4" target="B3"/>
  <move id="37" source="A3" target="A4"/>
  <move id="38" source="A4" target="A3"/>
  <move id="39" source="C4" target="D4"/>
  <move id="40" source="A3" target="A2"/>
  <move id="41" source="B2" target="B3"/>
  <move id="42" source="G7" target="F7"/>
  <move id="43" source="D4" target="C4"/>
  <move id="44" source="F7" target="F6"/>
  <move id="45" source="E6" target="E7"/>
  <move id="46" source="F6" target="E6"/>
  <move id="47" source="E5" target="F5"/>
  <move id="48" source="E6" target="E5"/>
  <move id="49" source="F5" target="F8"/>
  <move id="50" source="E5" target="E4"/>
  <move id="51" source="C4" target="B4"/>
  <move id="52" source="B9" target="B4"/>
  <move id="53" source="B4" target="B5"/>
  <move id="54" source="F8" target="F7"/>
  <move id="55" source="I5" target="I6"/>
  <move id="56" source="F7" target="F6"/>
  <move id="57" source="I6" target="I7"/>
  <move id="58" source="K7" target="K6"/>
  <move id="59" source="K4" target="K5"/>
  <move id="60" source="K6" target="K5"/>
  <move id="61" source="K3" target="K8"/>
  <move id="62" source="F6" target="F5"/>
  <move id="63" source="H4" target="I4"/>
  <move id="64" source="F5" target="F4"/>
  <move id="65" source="I4" target="K4"/>
  <move id="66" source="F4" target="F3"/>
  <move id="67" source="I7" target="I8"/>
  <move id="68" source="E4" target="F4"/>
  <move id="69" source="B5" target="B6"/>
  <move id="70" source="D7" target="E7"/>
  <move id="71" source="B6" target="B7"/>
  <move id="72" source="E7" target="E3"/>
  <move id="73" source="B7" target="C7"/>
  <move id="74" source="C8" target="B8"/>
  <move id="75" source="C3" target="B3"/>
  <move id="76" source="F4" target="E4"/>
  <move id="77" source="B3" target="A3"/>
  <move id="78" source="E4" target="E3"/>
  <move id="79" source="F3" target="F4"/>
  <move id="80" source="E3" target="E4"/>
  <move id="81" source="F4" target="F5"/>
  <move id="82" source="E4" target="D4"/>
  <move id="83" source="F5" target="F6"/>
  <move id="84" source="E8" target="E7"/>
  <move id="85" source="C7" target="B7"/>
  <move id="86" source="B8" target="C8"/>
  <move id="87" source="A3" target="A4"/>
  <move id="88" source="E7" target="F7"/>
  <move id="89" source="F6" target="E6"/>
  <move id="90" source="D4" target="E4"/>
  <move id="91" source="B7" target="C7"/>
  <move id="92" source="C8" target="B8"/>
  <move id="93" source="C7" target="D7"/>
  <move id="94" source="D8" target="E8"/>
  <move id="95" source="D7" target="E7"/>
  <move id="96" source="F7" target="E7"/>
  <move id="97" source="E6" target="E7"/>
  <move id="98" source="D9" target="D8"/>
  <move id="99" source="E7" target="F7"/>
  <move id="100" source="B8" target="B7"/>
  <move id="101" source="F7" target="G7"/>
  <move id="102" source="H7" target="G7"/>
  <move id="103" source="K4" target="K5"/>
  <move id="104" source="E4" target="E5"/>
  <move id="105" source="K5" target="K6"/>
  <move id="106" source="E5" target="E6"/>
  <move id="107" source="A4" target="A5"/>
  <move id="108" source="B7" target="B6"/>
  <move id="109" source="G4" target="F4"/>
  <move id="110" source="A8" target="B8"/>
  <move id="111" source="F4" target="F5"/>
  <move id="112" source="A9" target="A5"/>
  <move id="113" source="D3" target="C3"/>
  <move id="114" source="G8" target="F8"/>
  <move id="115" source="C3" target="B3"/>
  <move id="116" source="F8" target="F5"/>
  <move id="117" source="B3" target="B4"/>
  <move id="118" source="E6" target="E5"/>
  <move id="119" source="B4" target="B5"/>
  <move id="120" source="E5" target="E6"/>
  <move id="121" source="B5" target="B4"/>
  <move id="122" source="H8" target="H7"/>
  <move id="123" source="B4" target="B3"/>
  <move id="124" source="H7" target="I7"/>
  <move id="125" source="B3" target="C3"/>
  <move id="126" source="E6" target="E5"/>
  <move id="127" source="C3" target="D3"/>
  <move id="128" source="E5" target="E4"/>
  <move id="129" source="A2" target="A3"/>
  <move id="130" source="E4" target="D4"/>
  <move id="131" source="D3" target="E3"/>
  <move id="132" source="E8" target="E7"/>
  <move id="133" source="H3" target="H4"/>
  <move id="134" source="E7" target="E6"/>
  <move id="135" source="H4" target="G4"/>
  <move id="136" source="D4" target="E4"/>
  <move id="137" source="E3" target="D3"/>
  <move id="138" source="E6" target="E5"/>
  <move id="139" source="A3" target="A4"/>
  <move id="140" source="E5" target="F5"/>
  <move id="141" source="A5" target="A6"/>
  <move id="142" source="B6" target="A6"/>
  <move id="143" source="A4" target="A5"/>
  <move id="144" source="F5" target="F4"/>
  <move id="145" source="G4" target="H4"/>
  <move id="146" source="F4" target="F3"/>
  <move id="147" source="H4" target="I4"/>
  <move id="148" source="F3" target="E3"/>
  <move id="149" source="K6" target="K7"/>
  <move id="150" source="E3" target="E2"/>
  <move id="151" source="G3" target="F3"/>
  <move id="152" source="E4" target="E3"/>
  <move id="153" source="F3" target="E3"/>
  <move id="154" source="I7" target="I6"/>
  <move id="155" source="E2" target="E3"/>
  <move id="156" source="G9" target="G8"/>
  <move id="157" source="E3" target="E4"/>
  <move id="158" source="G8" target="G7"/>
  <move id="159" source="E4" target="F4"/>
  <move id="160" source="G7" target="H7"/>
  <move id="161" source="F4" target="G4"/>
  <move id="162" source="I6" target="I5"/>
  <move id="163" source="I4" target="H4"/>
  <move id="164" source="H7" target="I7"/>
  <move id="165" source="K7" target="K6"/>
  <move id="166" source="I7" target="I6"/>
  <move id="167" source="K6" target="K5"/>
  <move id="168" source="I5" target="I4"/>
  <move id="169" source="H4" target="H3"/>
  <move id="170" source="I4" target="I3"/>
  <move id="171" source="H3" target="I3"/>
  <move id="172" source="I6" target="I5"/>
  <move id="173" source="K5" target="K6"/>
  <move id="174" source="C9" target="C8"/>
  <move id="175" source="G4" target="F4"/>
  <move id="176" source="C8" target="C7"/>
  <move id="177" source="F4" target="F5"/>
  <move id="178" source="C7" target="B7"/>
  <move id="179" source="F5" target="F6"/>
  <move id="180" source="B7" target="B6"/>
  <move id="181" source="F6" target="F7"/>
  <move id="182" source="D8" target="E8"/>
  <move id="183" source="D3" target="E3"/>
  <move id="184" source="B6" target="B5"/>
  <move id="185" source="A5" target="A6"/>
  <move id="186" source="B5" target="A5"/>
  <move id="187" source="A6" target="B6"/>
  <move id="188" source="A5" target="B5"/>
  <move id="189" source="B6" target="B7"/>
  <move id="190" source="B8" target="B7"/>
  <move id="191" source="E3" target="E4"/>
  <move id="192" source="B7" target="C7"/>
  <move id="193" source="E4" target="E5"/>
  <move id="194" source="C7" target="D7"/>
  <move id="195" source="E5" target="F5"/>
  <move id="196" source="D7" target="E7"/>
  <move id="197" source="F7" target="F8"/>
  <move id="198" source="E8" target="D8"/>
  <move id="199" source="F5" target="F4"/>
  <move id="200" source="D8" target="D7"/>
  <move id="201" source="I3" target="H3"/>
  <move id="202" source="B5" target="B4"/>
  <move id="203" source="F4" target="F3"/>
  <move id="204" source="B4" target="B3"/>
  <move id="205" source="F3" target="E3"/>
  <move id="206" source="B3" target="C3"/>
  <move id="207" source="C2" target="C3"/>
  <move id="208" source="A:" target="A9"/>
  <move id="209" source="E3" target="D3"/>
  <move id="210" source="A9" target="B9"/>
  <move id="211" source="D3" target="C3"/>
  <move id="212" source="B9" target="B8"/>
  <move id="213" source="C3" target="C4"/>
  <move id="214" source="B8" target="B7"/>
  <move id="215" source="C4" target="C3"/>
  <move id="216" source="B7" target="B6"/>
  <move id="217" source="A1" target="A2"/>
  <move id="218" source="B6" target="B5"/>
  <move id="219" source="A2" target="A3"/>
  <move id="220" source="B5" target="B4"/>
  <move id="221" source="C3" target="D3"/>
  <move id="222" source="D7" target="C7"/>
  <move id="223" source="D3" target="E3"/>
  <move id="224" source="C7" target="B7"/>
  <move id="225" source="E3" target="F3"/>
  <move id="226" source="B7" target="A7"/>
  <move id="227" source="K6" target="I6"/>
  <move id="228" source="I5" target="I6"/>
  <move id="229" source="K2" target="K3"/>
  <move id="230" source="C:" target="C9"/>
  <move id="231" source="K3" target="K4"/>
  <move id="232" source="A7" target="A6"/>
  <move id="233" source="K4" target="K5"/>
  <move id="234" source="A6" target="A5"/>
  <move id="235" source="K5" target="K6"/>
  <move id="236" source="B4" target="B3"/>
  <move id="237" source="A3" target="B3"/>
  <move id="238" source="B3" target="C3"/>
  <move id="239" source="K6" target="K7"/>
  <move id="240" source="C3" target="D3"/>
  <move id="241" source="F8" target="G8"/>
  <move id="242" source="E7" target="F7"/>
  <move id="243" source="G8" target="H8"/>
  <move id="244" source="F7" target="G7"/>
  <move id="245" source="F3" target="F9"/>
  <move id="246" source="H9" target="G9"/>
  <move id="247" source="H8" target="H9"/>
  <move id="248" source="G9" target="G8"/>
  <move id="249" source="H9" target="G9"/>
  <move id="250" source="G8" target="H8"/>
  <move id="251" source="G9" target="F9"/>
  <move id="252" source="G7" target="G8"/>
  <move id="253" source="K7" target="I7"/>
  <move id="254" source="D3" target="E3"/>
  <move id="255" source="I7" target="H7"/>
  <move id="256" source="H:" target="H9"/>
  <move id="257" source="H3" target="I3"/>
  <move id="258" source="H8" target="H7"/>
  <move id="259" source="I3" target="K3"/>
  <move id="260" source="H9" target="H8"/>
  <move id="261" source="K3" target="K4"/>
  <move id="262" source="H8" target="H7"/>
  <move id="263" source="K4" target="K5"/>
  <move id="264" source="G:" target="H:"/>
  <move id="265" source="K5" target="K6"/>
  <move id="266" source="H:" target="H9"/>
  <move id="267" source="K6" target="K7"/>
  <move id="268" source="H9" target="H8"/>
  <move id="269" source="K7" target="I7"/>
  <move id="270" source="C9" target="C8"/>
  <move id="271" source="I7" target="H7"/>
  <move id="272" source="H8" target="H7"/>
  <move id="273" source="F9" target="F:"/>
  <player id="1">Player 1</player>
  <player id="2">Player 2</player>
  <result type="3" winner="2"/>
 </game>
</stratego>