<?xml version="1.0" encoding="UTF-8"?>
<stratego>
 <game type="classic">
  
  <field content="BBEBMBGBFDFIHEEIEBDHFJEGHKCJFDDGLDDGIDDHAA__AA__AAAA__AA__AASPTTRPUWPSPSXPTSQOTPRVPNQVPNQRQUNRNNYUQN"/>
  <move id="1" source="E4" target="E7"/>
  <move id="2" source="B7" target="B6"/>
  <move id="3" source="F4" target="E4"/>
  <move id="4" source="B6" target="B5"/>
  <move id="5" source="E4" target="E5"/>
  <move id="6" source="C7" target="B7"/>
  <move id="7" source="E5" target="E6"/>
  <move id="8" source="B7" target="B6"/>
  <move id="9" source="D4" target="E4"/>
  <move id="10" source="C8" target="C7"/>
  <move id="11" source="E4" target="F4"/>
  <move id="12" source="B5" target="A5"/>
  <move id="13" source="E3" target="E4"/>
  <move id="14" source="B6" target="B5"/>
  <move id="15" source="E4" target="E5"/>
  <move id="16" source="A5" target="A4"/>
  <move id="17" source="E5" target="F5"/>
  <move id="18" source="C7" target="B7"/>
  <move id="19" source="F5" target="F6"/>
  <move id="20" source="B7" target="B6"/>
  <move id="21" source="C4" target="D4"/>
  <move id="22" source="B5" target="A5"/>
  <move id="23" source="D4" target="E4"/>
  <move id="24" source="A5" target="A4"/>
  <move id="25" source="E4" target="E3"/>
  <move id="26" source="B6" target="B5"/>
  <move id="27" source="F4" target="E4"/>
  <move id="28" source="A4" target="B4"/>
  <move id="29" source="B3" target="B4"/>
  <move id="30" source="B5" target="B4"/>
  <move id="31" source="E4" target="D4"/>
  <move id="32" source="A7" target="B7"/>
  <move id="33" source="F3" target="F4"/>
  <move id="34" source="A8" target="A3"/>
  <move id="35" source="E3" target="E4"/>
  <move id="36" source="B7" target="A7"/>
  <move id="37" source="E4" target="E5"/>
  <move id="38" source="A7" target="A6"/>
  <move id="39" source="F6" target="F7"/>
  <move id="40" source="G7" target="F7"/>
  <move id="41" source="F4" target="F5"/>
  <move id="42" source="E7" target="E6"/>
  <move id="43" source="E6" target="E7"/>
  <move id="44" source="F7" target="E7"/>
  <move id="45" source="E5" target="E6"/>
  <move id="46" source="A6" target="A5"/>
  <move id="47" source="E6" target="E7"/>
  <move id="48" source="A5" target="A4"/>
  <move id="49" source="F5" target="F6"/>
  <move id="50" source="A4" target="A3"/>
  <move id="51" source="F6" target="F7"/>
  <move id="52" source="I7" target="I4"/>
  <move id="53" source="D4" target="E4"/>
  <move id="54" source="A3" target="B3"/>
  <move id="55" source="E4" target="F4"/>
  <move id="56" source="B3" target="C3"/>
  <move id="57" source="C2" target="C3"/>
  <move id="58" source="B4" target="C4"/>
  <move id="59" source="C3" target="B3"/>
  <move id="60" source="K7" target="K6"/>
  <move id="61" source="F7" target="G7"/>
  <move id="62" source="K6" target="K5"/>
  <move id="63" source="F4" target="F8"/>
  <move id="64" source="H7" target="G7"/>
  <move id="65" source="E7" target="F7"/>
  <move id="66" source="B8" target="A8"/>
  <move id="67" source="F7" target="F8"/>
  <move id="68" source="G8" target="G7"/>
  <move id="69" source="F8" target="F7"/>
  <move id="70" source="H8" target="G8"/>
  <move id="71" source="H4" target="I4"/>
  <move id="72" source="F9" target="F8"/>
  <move id="73" source="I4" target="I8"/>
  <move id="74" source="I8" target="H8"/>
  <move id="75" source="H3" target="H4"/>
  <move id="76" source="K8" target="I8"/>
  <move id="77" source="H4" target="I4"/>
  <move id="78" source="I8" target="I4"/>
  <move id="79" source="I4" target="I5"/>
  <move id="80" source="K5" target="K4"/>
  <move id="81" source="I5" target="I6"/>
  <move id="82" source="B9" target="B8"/>
  <move id="83" source="I6" target="I7"/>
  <move id="84" source="B8" target="B7"/>
  <move id="85" source="I7" target="I8"/>
  <move id="86" source="H8" target="H7"/>
  <move id="87" source="I8" target="H8"/>
  <move id="88" source="H7" target="I7"/>
  <move id="89" source="H8" target="G8"/>
  <move id="90" source="F8" target="G8"/>
  <move id="91" source="F7" target="G7"/>
  <move id="92" source="I7" target="K7"/>
  <move id="93" source="K4" target="I4"/>
  <move id="94" source="B7" target="B6"/>
  <move id="95" source="K3" target="K7"/>
  <move id="96" source="B6" target="B5"/>
  <move id="97" source="I4" target="H4"/>
  <move id="98" source="B:" target="B9"/>
  <move id="99" source="H4" target="H3"/>
  <move id="100" source="B9" target="B8"/>
  <move id="101" source="G4" target="H4"/>
  <move id="102" source="B8" target="B7"/>
  <move id="103" source="H4" target="I4"/>
  <move id="104" source="K7" target="K6"/>
  <move id="105" source="I4" target="K4"/>
  <move id="106" source="K6" target="I6"/>
  <move id="107" source="K4" target="K5"/>
  <move id="108" source="B7" target="A7"/>
  <move id="109" source="G7" target="H7"/>
  <move id="110" source="A7" target="A6"/>
  <move id="111" source="H7" target="I7"/>
  <move id="112" source="I6" target="I5"/>
  <move id="113" source="K5" target="I5"/>
  <move id="114" source="A6" target="A5"/>
  <move id="115" source="I7" target="H7"/>
  <move id="116" source="A5" target="A4"/>
  <move id="117" source="H7" target="G7"/>
  <move id="118" source="A4" target="A3"/>
  <move id="119" source="G7" target="F7"/>
  <move id="120" source="A3" target="B3"/>
  <move id="121" source="B2" target="B3"/>
  <move id="122" source="C9" target="B9"/>
  <move id="123" source="I3" target="I4"/>
  <move id="124" source="B9" target="B7"/>
  <move id="125" source="I4" target="K4"/>
  <move id="126" source="B7" target="A7"/>
  <move id="127" source="K4" target="K5"/>
  <move id="128" source="A7" target="A3"/>
  <move id="129" source="K5" target="K6"/>
  <move id="130" source="A3" target="D3"/>
  <move id="131" source="I5" target="I6"/>
  <move id="132" source="C4" target="D4"/>
  <move id="133" source="D3" target="C3"/>
  <move id="134" source="B5" target="B4"/>
  <move id="135" source="K6" target="K7"/>
  <move id="136" source="D7" target="C7"/>
  <move id="137" source="I6" target="I7"/>
  <move id="138" source="C7" target="B7"/>
  <move id="139" source="I7" target="I8"/>
  <move id="140" source="B7" target="A7"/>
  <move id="141" source="I8" target="H8"/>
  <move id="142" source="D4" target="E4"/>
  <move id="143" source="I2" target="I9"/>
  <move id="144" source="A7" target="A6"/>
  <move id="145" source="K7" target="I7"/>
  <move id="146" source="A6" target="A5"/>
  <move id="147" source="I7" target="I8"/>
  <move id="148" source="E4" target="D4"/>
  <move id="149" source="I8" target="I9"/>
  <move id="150" source="K9" target="I9"/>
  <move id="151" source="K2" target="I2"/>
  <move id="152" source="A5" target="A4"/>
  <move id="153" source="H8" target="I8"/>
  <move id="154" source="A4" target="A3"/>
  <move id="155" source="F7" target="F6"/>
  <move id="156" source="A3" target="B3"/>
  <move id="157" source="C3" target="C2"/>
  <move id="158" source="B3" target="B2"/>
  <move id="159" source="I8" target="I9"/>
  <move id="160" source="B2" target="C2"/>
  <move id="161" source="K1" target="K:"/>
  <move id="162" source="B4" target="C4"/>
  <move id="163" source="F6" target="F5"/>
  <move id="164" source="D8" target="B8"/>
  <move id="165" source="F5" target="E5"/>
  <move id="166" source="B8" target="B1"/>
  <move id="167" source="E2" target="E3"/>
  <move id="168" source="C2" target="C3"/>
  <move id="169" source="E3" target="F3"/>
  <move id="170" source="D4" target="E4"/>
  <move id="171" source="E5" target="E4"/>
  <move id="172" source="C4" target="D4"/>
  <move id="173" source="F3" target="F4"/>
  <move id="174" source="D4" target="E4"/>
  <move id="175" source="F4" target="F5"/>
  <move id="176" source="G9" target="F9"/>
  <move id="177" source="F5" target="F6"/>
  <move id="178" source="F9" target="F6"/>
  <move id="179" source="F6" target="F7"/>
  <move id="180" source="E4" target="F4"/>
  <move id="181" source="F7" target="G7"/>
  <move id="182" source="E8" target="F8"/>
  <move id="183" source="G3" target="G4"/>
  <move id="184" source="F4" target="G4"/>
  <move id="185" source="G7" target="H7"/>
  <move id="186" source="F8" target="G8"/>
  <move id="187" source="H7" target="I7"/>
  <move id="188" source="G4" target="H4"/>
  <move id="189" source="H3" target="G3"/>
  <move id="190" source="H4" target="I4"/>
  <move id="191" source="I9" target="I8"/>
  <move id="192" source="G8" target="G7"/>
  <move id="193" source="I8" target="H8"/>
  <move id="194" source="I4" target="H4"/>
  <move id="195" source="I7" target="I8"/>
  <move id="196" source="H4" target="G4"/>
  <move id="197" source="G3" target="H3"/>
  <move id="198" source="C3" target="D3"/>
  <move id="199" source="I8" target="I9"/>
  <move id="200" source="G4" target="H4"/>
  <move id="201" source="H3" target="G3"/>
  <move id="202" source="D3" target="E3"/>
  <move id="203" source="G3" target="F3"/>
  <move id="204" source="E3" target="E4"/>
  <move id="205" source="I9" target="H9"/>
  <move id="206" source="H:" target="H9"/>
  <move id="207" source="H8" target="H9"/>
  <move id="208" source="H4" target="G4"/>
  <move id="209" source="F3" target="E3"/>
  <move id="210" source="E4" target="F4"/>
  <move id="211" source="E3" target="E4"/>
  <move id="212" source="F4" target="F3"/>
  <move id="213" source="E4" target="E5"/>
  <move id="214" source="G4" target="F4"/>
  <move id="215" source="E5" target="E6"/>
  <move id="216" source="F4" target="F5"/>
  <move id="217" source="F2" target="F3"/>
  <move id="218" source="F5" target="F4"/>
  <move id="219" source="F3" target="E3"/>
  <move id="220" source="G7" target="F7"/>
  <move id="221" source="E3" target="D3"/>
  <move id="222" source="F4" target="E4"/>
  <move id="223" source="D3" target="C3"/>
  <move id="224" source="E4" target="E5"/>
  <move id="225" source="E6" target="E7"/>
  <move id="226" source="F7" target="E7"/>
  <move id="227" source="I2" target="I3"/>
  <move id="228" source="E5" target="E4"/>
  <move id="229" source="C3" target="C4"/>
  <move id="230" source="E9" target="E8"/>
  <move id="231" source="I3" target="I4"/>
  <move id="232" source="E8" target="E7"/>
  <move id="233" source="I4" target="I5"/>
  <move id="234" source="E7" target="E6"/>
  <move id="235" source="I5" target="I6"/>
  <move id="236" source="E6" target="E5"/>
  <move id="237" source="I6" target="I7"/>
  <move id="238" source="E5" target="F5"/>
  <move id="239" source="I7" target="I8"/>
  <move id="240" source="F5" target="F4"/>
  <move id="241" source="I8" target="H8"/>
  <move id="242" source="F4" target="F3"/>
  <move id="243" source="H8" target="G8"/>
  <move id="244" source="E4" target="D4"/>
  <move id="245" source="C4" target="B4"/>
  <move id="246" source="D4" target="D3"/>
  <move id="247" source="B4" target="B5"/>
  <move id="248" source="F3" target="E3"/>
  <move id="249" source="B5" target="B6"/>
  <move id="250" source="E3" target="E2"/>
  <move id="251" source="B6" target="B7"/>
  <move id="252" source="E2" target="E1"/>
  <player id="1">Player 1</player>
  <player id="2">Player 2</player>
  <result type="1" winner="2"/>
 </game>
</stratego>