<?xml version="1.0" encoding="UTF-8"?>
<stratego>
 <game type="classic">
  
  <field content="IEBGDEBGIHDBFDEBMBELHFJCKHBEDDFGDIGFJDDHAA__AA__AAAA__AA__AAPRPTRSTPRPTSROVTPQUPQNWQNNVXNQPSUNYNUQSP"/>
  <move id="1" source="I4" target="I7"/>
  <move id="2" source="A7" target="A4"/>
  <move id="3" source="K4" target="K5"/>
  <move id="4" source="K7" target="K5"/>
  <move id="5" source="E4" target="E5"/>
  <move id="6" source="K8" target="K7"/>
  <move id="7" source="K5" target="I5"/>
  <move id="8" source="K7" target="K3"/>
  <move id="9" source="I3" target="K3"/>
  <move id="10" source="A8" target="A7"/>
  <move id="11" source="I5" target="I4"/>
  <move id="12" source="A7" target="A6"/>
  <move id="13" source="I4" target="I3"/>
  <move id="14" source="A6" target="A5"/>
  <player id="1">Player 1</player>
  <player id="2">Player 2</player>
  <result type="3" winner="2"/>
 </game>
</stratego>