<?xml version="1.0" encoding="UTF-8"?>
<stratego>
 <game type="classic">
  
  <field content="DBBBCEBMBEFJGFHEFBFLGDDDDDIDEJHIEGKHDGIHAA__AA__AAAA__AA__AATPXVRPTRPUVPSOWSPNNNPUTSQUPQNQQPSYNQRTRN"/>
  <move id="1" source="E4" target="E5"/>
  <move id="2" source="K7" target="K6"/>
  <move id="3" source="I4" target="I5"/>
  <move id="4" source="K6" target="K5"/>
  <move id="5" source="I5" target="K5"/>
  <move id="6" source="I7" target="K7"/>
  <move id="7" source="B4" target="B5"/>
  <move id="8" source="H7" target="I7"/>
  <move id="9" source="K4" target="K5"/>
  <move id="10" source="I7" target="I6"/>
  <move id="11" source="K5" target="K6"/>
  <move id="12" source="I6" target="K6"/>
  <move id="13" source="K6" target="K7"/>
  <move id="14" source="G7" target="H7"/>
  <move id="15" source="B5" target="B6"/>
  <move id="16" source="H7" target="I7"/>
  <move id="17" source="K7" target="K8"/>
  <move id="18" source="G8" target="G7"/>
  <move id="19" source="E5" target="E6"/>
  <move id="20" source="I7" target="K7"/>
  <move id="21" source="H4" target="I4"/>
  <move id="22" source="K7" target="I7"/>
  <move id="23" source="I4" target="I5"/>
  <move id="24" source="G7" target="H7"/>
  <move id="25" source="I5" target="I6"/>
  <move id="26" source="I7" target="I6"/>
  <move id="27" source="G4" target="H4"/>
  <move id="28" source="H7" target="I7"/>
  <move id="29" source="F4" target="F5"/>
  <move id="30" source="I7" target="K7"/>
  <move id="31" source="F5" target="F6"/>
  <move id="32" source="I6" target="I7"/>
  <move id="33" source="A4" target="A5"/>
  <move id="34" source="B7" target="B6"/>
  <move id="35" source="A5" target="A6"/>
  <move id="36" source="B8" target="B7"/>
  <move id="37" source="B6" target="B7"/>
  <move id="38" source="A7" target="A6"/>
  <move id="39" source="B7" target="C7"/>
  <move id="40" source="C8" target="B8"/>
  <move id="41" source="F6" target="F7"/>
  <move id="42" source="E7" target="E6"/>
  <move id="43" source="E6" target="E7"/>
  <move id="44" source="E8" target="E7"/>
  <move id="45" source="F7" target="F8"/>
  <move id="46" source="F9" target="F8"/>
  <move id="47" source="E3" target="E9"/>
  <move id="48" source="E9" target="E8"/>
  <move id="49" source="H4" target="G4"/>
  <move id="50" source="E8" target="E7"/>
  <move id="51" source="G4" target="F4"/>
  <move id="52" source="F8" target="G8"/>
  <move id="53" source="F4" target="F5"/>
  <move id="54" source="G9" target="F9"/>
  <move id="55" source="F5" target="F6"/>
  <move id="56" source="I7" target="I6"/>
  <move id="57" source="D4" target="E4"/>
  <move id="58" source="E7" target="E8"/>
  <move id="59" source="E4" target="E5"/>
  <move id="60" source="D7" target="E7"/>
  <move id="61" source="E5" target="E6"/>
  <move id="62" source="D8" target="D7"/>
  <move id="63" source="F6" target="F7"/>
  <move id="64" source="F9" target="F7"/>
  <move id="65" source="K3" target="K4"/>
  <move id="66" source="I6" target="I5"/>
  <move id="67" source="G3" target="G4"/>
  <move id="68" source="K7" target="K4"/>
  <move id="69" source="G4" target="H4"/>
  <move id="70" source="E8" target="F8"/>
  <move id="71" source="K4" target="K5"/>
  <move id="72" source="I5" target="I4"/>
  <move id="73" source="H4" target="I4"/>
  <move id="74" source="F8" target="F7"/>
  <move id="75" source="K5" target="K6"/>
  <move id="76" source="B8" target="B7"/>
  <move id="77" source="K6" target="K7"/>
  <move id="78" source="C7" target="C8"/>
  <move id="79" source="K7" target="I7"/>
  <move id="80" source="G8" target="F8"/>
  <move id="81" source="I7" target="H7"/>
  <move id="82" source="F8" target="F9"/>
  <move id="83" source="H7" target="G7"/>
  <move id="84" source="C8" target="D8"/>
  <move id="85" source="G7" target="F7"/>
  <move id="86" source="D8" target="E8"/>
  <move id="87" source="I4" target="H4"/>
  <move id="88" source="E8" target="F8"/>
  <move id="89" source="F7" target="E7"/>
  <move id="90" source="F8" target="F7"/>
  <move id="91" source="A3" target="A4"/>
  <move id="92" source="A8" target="B8"/>
  <move id="93" source="A4" target="A5"/>
  <move id="94" source="A9" target="A5"/>
  <move id="95" source="A5" target="A6"/>
  <move id="96" source="B8" target="C8"/>
  <move id="97" source="A6" target="A7"/>
  <move id="98" source="B7" target="B6"/>
  <move id="99" source="A7" target="B7"/>
  <move id="100" source="B6" target="A6"/>
  <move id="101" source="A2" target="A3"/>
  <move id="102" source="C8" target="C7"/>
  <move id="103" source="B7" target="A7"/>
  <move id="104" source="A6" target="A5"/>
  <move id="105" source="A3" target="A4"/>
  <move id="106" source="C7" target="B7"/>
  <move id="107" source="A7" target="A6"/>
  <move id="108" source="A5" target="B5"/>
  <move id="109" source="A4" target="B4"/>
  <move id="110" source="B5" target="B6"/>
  <move id="111" source="B4" target="B5"/>
  <move id="112" source="B9" target="A9"/>
  <move id="113" source="A6" target="B6"/>
  <move id="114" source="B7" target="C7"/>
  <move id="115" source="B5" target="B6"/>
  <move id="116" source="B:" target="B6"/>
  <move id="117" source="B6" target="A6"/>
  <move id="118" source="A9" target="A8"/>
  <move id="119" source="A6" target="A5"/>
  <move id="120" source="A8" target="A7"/>
  <move id="121" source="A5" target="A4"/>
  <move id="122" source="A7" target="A6"/>
  <move id="123" source="A4" target="A3"/>
  <move id="124" source="A6" target="A5"/>
  <move id="125" source="A3" target="A2"/>
  <move id="126" source="A5" target="A4"/>
  <move id="127" source="D3" target="D4"/>
  <move id="128" source="H9" target="G9"/>
  <move id="129" source="B3" target="B8"/>
  <move id="130" source="C9" target="C8"/>
  <move id="131" source="B8" target="A8"/>
  <move id="132" source="A4" target="A3"/>
  <move id="133" source="A8" target="A7"/>
  <move id="134" source="G9" target="G8"/>
  <move id="135" source="C3" target="B3"/>
  <move id="136" source="A3" target="A2"/>
  <move id="137" source="B2" target="A2"/>
  <move id="138" source="F9" target="E9"/>
  <move id="139" source="A2" target="A3"/>
  <move id="140" source="E9" target="E8"/>
  <move id="141" source="A3" target="A4"/>
  <move id="142" source="E8" target="E7"/>
  <move id="143" source="A4" target="A5"/>
  <move id="144" source="C8" target="B8"/>
  <move id="145" source="A5" target="B5"/>
  <move id="146" source="B8" target="A8"/>
  <move id="147" source="A7" target="A3"/>
  <move id="148" source="A8" target="B8"/>
  <move id="149" source="B5" target="B6"/>
  <move id="150" source="C7" target="B7"/>
  <move id="151" source="B6" target="B7"/>
  <move id="152" source="B8" target="B7"/>
  <move id="153" source="A3" target="A8"/>
  <move id="154" source="E7" target="E8"/>
  <move id="155" source="B3" target="B4"/>
  <move id="156" source="E8" target="D8"/>
  <move id="157" source="B4" target="B5"/>
  <move id="158" source="D8" target="C8"/>
  <move id="159" source="B5" target="B6"/>
  <move id="160" source="B7" target="C7"/>
  <move id="161" source="A8" target="A9"/>
  <move id="162" source="A:" target="A9"/>
  <move id="163" source="H4" target="I4"/>
  <move id="164" source="G8" target="F8"/>
  <move id="165" source="I4" target="I5"/>
  <move id="166" source="F8" target="E8"/>
  <move id="167" source="I5" target="I6"/>
  <move id="168" source="E8" target="E7"/>
  <move id="169" source="I6" target="I7"/>
  <move id="170" source="C8" target="D8"/>
  <move id="171" source="I7" target="H7"/>
  <move id="172" source="D8" target="E8"/>
  <move id="173" source="B6" target="B7"/>
  <move id="174" source="F7" target="G7"/>
  <move id="175" source="H7" target="I7"/>
  <move id="176" source="G7" target="F7"/>
  <move id="177" source="C2" target="C3"/>
  <move id="178" source="C7" target="B7"/>
  <move id="179" source="C3" target="B3"/>
  <move id="180" source="B7" target="B8"/>
  <move id="181" source="B3" target="A3"/>
  <move id="182" source="E8" target="D8"/>
  <move id="183" source="E2" target="E3"/>
  <move id="184" source="D8" target="C8"/>
  <move id="185" source="E3" target="D3"/>
  <move id="186" source="C8" target="C7"/>
  <move id="187" source="D3" target="C3"/>
  <move id="188" source="B8" target="C8"/>
  <move id="189" source="A3" target="A4"/>
  <move id="190" source="A9" target="A8"/>
  <move id="191" source="A4" target="A5"/>
  <move id="192" source="A8" target="A7"/>
  <move id="193" source="A5" target="A6"/>
  <move id="194" source="A7" target="B7"/>
  <move id="195" source="A6" target="A7"/>
  <move id="196" source="C8" target="D8"/>
  <move id="197" source="A7" target="A6"/>
  <move id="198" source="D8" target="E8"/>
  <move id="199" source="C3" target="B3"/>
  <move id="200" source="B7" target="B8"/>
  <move id="201" source="A6" target="A7"/>
  <move id="202" source="B8" target="B7"/>
  <move id="203" source="A7" target="A8"/>
  <move id="204" source="B7" target="B8"/>
  <move id="205" source="A8" target="A7"/>
  <move id="206" source="E8" target="F8"/>
  <move id="207" source="I7" target="H7"/>
  <move id="208" source="F8" target="F9"/>
  <move id="209" source="B3" target="B4"/>
  <move id="210" source="F9" target="E9"/>
  <move id="211" source="B4" target="B5"/>
  <move id="212" source="B8" target="B9"/>
  <move id="213" source="A7" target="A8"/>
  <move id="214" source="E9" target="E8"/>
  <move id="215" source="A8" target="B8"/>
  <move id="216" source="B9" target="A9"/>
  <move id="217" source="B8" target="B9"/>
  <move id="218" source="A9" target="A8"/>
  <move id="219" source="B5" target="B6"/>
  <move id="220" source="E8" target="D8"/>
  <move id="221" source="B9" target="C9"/>
  <move id="222" source="H:" target="H9"/>
  <move id="223" source="F3" target="F4"/>
  <move id="224" source="H9" target="G9"/>
  <move id="225" source="F4" target="F5"/>
  <move id="226" source="D8" target="E8"/>
  <move id="227" source="F5" target="F6"/>
  <move id="228" source="F7" target="G7"/>
  <move id="229" source="H7" target="I7"/>
  <move id="230" source="G9" target="F9"/>
  <move id="231" source="C9" target="B9"/>
  <move id="232" source="F9" target="F8"/>
  <move id="233" source="B9" target="A9"/>
  <move id="234" source="A8" target="B8"/>
  <move id="235" source="A9" target="A8"/>
  <move id="236" source="B8" target="B9"/>
  <move id="237" source="D4" target="D3"/>
  <move id="238" source="F8" target="F7"/>
  <move id="239" source="F6" target="F5"/>
  <move id="240" source="F7" target="F6"/>
  <move id="241" source="F5" target="F4"/>
  <move id="242" source="F6" target="E6"/>
  <move id="243" source="D3" target="E3"/>
  <move id="244" source="E6" target="E5"/>
  <move id="245" source="F4" target="G4"/>
  <move id="246" source="E8" target="D8"/>
  <move id="247" source="I7" target="I6"/>
  <move id="248" source="G7" target="F7"/>
  <move id="249" source="I6" target="I7"/>
  <move id="250" source="F7" target="F6"/>
  <move id="251" source="I7" target="H7"/>
  <move id="252" source="F6" target="F7"/>
  <move id="253" source="B6" target="B5"/>
  <move id="254" source="D8" target="C8"/>
  <move id="255" source="B5" target="B4"/>
  <move id="256" source="C8" target="B8"/>
  <move id="257" source="A8" target="A7"/>
  <move id="258" source="B8" target="A8"/>
  <move id="259" source="A7" target="A6"/>
  <move id="260" source="A8" target="A7"/>
  <move id="261" source="A6" target="A5"/>
  <move id="262" source="A7" target="A6"/>
  <move id="263" source="A5" target="A4"/>
  <move id="264" source="A6" target="A5"/>
  <move id="265" source="A4" target="A3"/>
  <move id="266" source="A5" target="A4"/>
  <move id="267" source="A3" target="B3"/>
  <move id="268" source="A4" target="B4"/>
  <move id="269" source="B3" target="B4"/>
  <move id="270" source="E7" target="E8"/>
  <move id="271" source="B4" target="B5"/>
  <move id="272" source="G:" target="G9"/>
  <move id="273" source="G4" target="H4"/>
  <move id="274" source="G9" target="F9"/>
  <move id="275" source="H4" target="I4"/>
  <move id="276" source="D9" target="C9"/>
  <move id="277" source="I4" target="I5"/>
  <move id="278" source="C9" target="C8"/>
  <move id="279" source="I5" target="I6"/>
  <move id="280" source="C8" target="B8"/>
  <move id="281" source="K2" target="K3"/>
  <move id="282" source="B8" target="B7"/>
  <move id="283" source="K3" target="K4"/>
  <move id="284" source="C7" target="C8"/>
  <move id="285" source="K4" target="K5"/>
  <move id="286" source="D7" target="C7"/>
  <move id="287" source="H3" target="G3"/>
  <move id="288" source="C8" target="D8"/>
  <move id="289" source="G3" target="G4"/>
  <move id="290" source="B7" target="B6"/>
  <move id="291" source="B5" target="B4"/>
  <move id="292" source="B6" target="B5"/>
  <move id="293" source="B4" target="B5"/>
  <move id="294" source="C7" target="C8"/>
  <move id="295" source="E3" target="D3"/>
  <move id="296" source="E5" target="E6"/>
  <move id="297" source="D3" target="C3"/>
  <move id="298" source="D8" target="D7"/>
  <move id="299" source="C3" target="B3"/>
  <move id="300" source="D7" target="C7"/>
  <move id="301" source="C4" target="B4"/>
  <move id="302" source="C7" target="B7"/>
  <move id="303" source="B4" target="B5"/>
  <move id="304" source="B9" target="B8"/>
  <move id="305" source="B5" target="B6"/>
  <move id="306" source="C8" target="C7"/>
  <move id="307" source="B3" target="A3"/>
  <move id="308" source="B8" target="A8"/>
  <move id="309" source="A3" target="A4"/>
  <move id="310" source="E6" target="E5"/>
  <move id="311" source="A4" target="A5"/>
  <move id="312" source="E5" target="E4"/>
  <move id="313" source="A5" target="A6"/>
  <move id="314" source="A8" target="A7"/>
  <move id="315" source="A6" target="A5"/>
  <move id="316" source="E4" target="F4"/>
  <move id="317" source="G4" target="G3"/>
  <move id="318" source="F4" target="F3"/>
  <move id="319" source="G3" target="G4"/>
  <move id="320" source="F3" target="F4"/>
  <move id="321" source="G4" target="G3"/>
  <move id="322" source="F4" target="F3"/>
  <move id="323" source="G3" target="H3"/>
  <move id="324" source="F3" target="G3"/>
  <move id="325" source="H3" target="H4"/>
  <move id="326" source="G3" target="G4"/>
  <move id="327" source="H4" target="I4"/>
  <move id="328" source="G4" target="H4"/>
  <move id="329" source="I4" target="K4"/>
  <move id="330" source="H4" target="I4"/>
  <move id="331" source="K4" target="K3"/>
  <move id="332" source="I4" target="K4"/>
  <move id="333" source="K5" target="I5"/>
  <move id="334" source="K4" target="K3"/>
  <move id="335" source="B6" target="A6"/>
  <move id="336" source="K3" target="K4"/>
  <move id="337" source="A5" target="B5"/>
  <move id="338" source="K4" target="K5"/>
  <move id="339" source="B5" target="B6"/>
  <move id="340" source="K5" target="I5"/>
  <move id="341" source="B6" target="B4"/>
  <move id="342" source="A7" target="A8"/>
  <move id="343" source="B4" target="E4"/>
  <move id="344" source="B7" target="A7"/>
  <move id="345" source="A6" target="B6"/>
  <move id="346" source="F9" target="E9"/>
  <move id="347" source="I5" target="I4"/>
  <move id="348" source="E9" target="D9"/>
  <move id="349" source="I4" target="H4"/>
  <move id="350" source="D9" target="C9"/>
  <move id="351" source="H4" target="G4"/>
  <move id="352" source="C9" target="B9"/>
  <move id="353" source="G4" target="F4"/>
  <move id="354" source="C7" target="C8"/>
  <move id="355" source="E4" target="E3"/>
  <move id="356" source="A7" target="B7"/>
  <move id="357" source="B6" target="B5"/>
  <move id="358" source="B7" target="C7"/>
  <move id="359" source="F4" target="E4"/>
  <move id="360" source="B9" target="B8"/>
  <move id="361" source="B5" target="A5"/>
  <move id="362" source="B8" target="B7"/>
  <move id="363" source="E4" target="E5"/>
  <move id="364" source="B7" target="B6"/>
  <move id="365" source="E5" target="E6"/>
  <move id="366" source="C8" target="D8"/>
  <move id="367" source="I6" target="I5"/>
  <move id="368" source="E8" target="E9"/>
  <move id="369" source="I5" target="I4"/>
  <move id="370" source="D8" target="E8"/>
  <move id="371" source="I4" target="H4"/>
  <move id="372" source="F7" target="F6"/>
  <move id="373" source="E6" target="E5"/>
  <move id="374" source="C7" target="D7"/>
  <move id="375" source="H7" target="G7"/>
  <move id="376" source="D7" target="E7"/>
  <move id="377" source="G7" target="G8"/>
  <move id="378" source="E7" target="F7"/>
  <move id="379" source="E5" target="E4"/>
  <move id="380" source="F7" target="F8"/>
  <move id="381" source="G8" target="G9"/>
  <move id="382" source="E8" target="D8"/>
  <move id="383" source="E4" target="D4"/>
  <move id="384" source="F6" target="F7"/>
  <move id="385" source="D4" target="C4"/>
  <move id="386" source="F7" target="G7"/>
  <move id="387" source="C4" target="B4"/>
  <move id="388" source="B6" target="A6"/>
  <move id="389" source="B4" target="B5"/>
  <move id="390" source="G7" target="G8"/>
  <move id="391" source="G9" target="F9"/>
  <move id="392" source="F8" target="F9"/>
  <move id="393" source="E3" target="E7"/>
  <move id="394" source="G8" target="F8"/>
  <move id="395" source="E7" target="D7"/>
  <move id="396" source="F8" target="E8"/>
  <move id="397" source="D7" target="D8"/>
  <move id="398" source="E8" target="D8"/>
  <move id="399" source="A5" target="A4"/>
  <move id="400" source="I:" target="H:"/>
  <move id="401" source="A4" target="A3"/>
  <move id="402" source="H:" target="G:"/>
  <move id="403" source="B5" target="B4"/>
  <move id="404" source="G:" target="G9"/>
  <move id="405" source="H4" target="G4"/>
  <move id="406" source="G9" target="G8"/>
  <move id="407" source="G4" target="F4"/>
  <move id="408" source="G8" target="G7"/>
  <move id="409" source="B4" target="C4"/>
  <move id="410" source="A6" target="A5"/>
  <move id="411" source="C4" target="D4"/>
  <move id="412" source="A5" target="A4"/>
  <move id="413" source="A3" target="B3"/>
  <move id="414" source="A4" target="B4"/>
  <move id="415" source="B3" target="C3"/>
  <move id="416" source="B4" target="B3"/>
  <move id="417" source="C3" target="C4"/>
  <move id="418" source="G7" target="F7"/>
  <move id="419" source="D4" target="E4"/>
  <move id="420" source="F7" target="F6"/>
  <move id="421" source="E4" target="E5"/>
  <move id="422" source="A8" target="A7"/>
  <move id="423" source="F4" target="E4"/>
  <move id="424" source="A7" target="A6"/>
  <move id="425" source="A1" target="A2"/>
  <move id="426" source="A6" target="A5"/>
  <move id="427" source="E4" target="E3"/>
  <move id="428" source="D8" target="D7"/>
  <move id="429" source="E5" target="E4"/>
  <move id="430" source="D7" target="C7"/>
  <move id="431" source="E4" target="D4"/>
  <move id="432" source="C7" target="B7"/>
  <move id="433" source="D4" target="D3"/>
  <move id="434" source="B3" target="B4"/>
  <move id="435" source="D3" target="D4"/>
  <move id="436" source="F6" target="F5"/>
  <move id="437" source="C4" target="C3"/>
  <move id="438" source="B4" target="B3"/>
  <move id="439" source="C3" target="C4"/>
  <move id="440" source="B3" target="B4"/>
  <move id="441" source="C4" target="C3"/>
  <move id="442" source="B4" target="B3"/>
  <move id="443" source="C3" target="D3"/>
  <move id="444" source="B3" target="C3"/>
  <move id="445" source="E3" target="E4"/>
  <move id="446" source="A5" target="B5"/>
  <move id="447" source="D3" target="E3"/>
  <move id="448" source="F5" target="F4"/>
  <move id="449" source="E4" target="E5"/>
  <move id="450" source="B7" target="C7"/>
  <move id="451" source="A2" target="A3"/>
  <move id="452" source="C7" target="D7"/>
  <move id="453" source="A3" target="A4"/>
  <move id="454" source="B5" target="B6"/>
  <move id="455" source="A4" target="A5"/>
  <move id="456" source="B6" target="B7"/>
  <move id="457" source="A5" target="A6"/>
  <move id="458" source="D7" target="E7"/>
  <move id="459" source="I2" target="K2"/>
  <move id="460" source="B7" target="C7"/>
  <move id="461" source="A6" target="B6"/>
  <move id="462" source="C7" target="D7"/>
  <move id="463" source="B6" target="B7"/>
  <move id="464" source="D7" target="D8"/>
  <move id="465" source="B7" target="B8"/>
  <move id="466" source="D8" target="E8"/>
  <move id="467" source="B8" target="C8"/>
  <move id="468" source="E8" target="F8"/>
  <move id="469" source="K2" target="K3"/>
  <move id="470" source="F8" target="G8"/>
  <move id="471" source="K3" target="K4"/>
  <move id="472" source="F4" target="F5"/>
  <move id="473" source="E5" target="E4"/>
  <move id="474" source="E7" target="E6"/>
  <move id="475" source="E3" target="F3"/>
  <move id="476" source="F5" target="F4"/>
  <move id="477" source="F3" target="G3"/>
  <move id="478" source="F4" target="G4"/>
  <move id="479" source="G3" target="H3"/>
  <move id="480" source="G4" target="H4"/>
  <move id="481" source="H3" target="G3"/>
  <move id="482" source="H4" target="H3"/>
  <move id="483" source="G3" target="G4"/>
  <move id="484" source="H3" target="I3"/>
  <move id="485" source="G4" target="F4"/>
  <move id="486" source="I3" target="H3"/>
  <move id="487" source="K4" target="K5"/>
  <move id="488" source="H3" target="G3"/>
  <move id="489" source="G2" target="G3"/>
  <move id="490" source="C3" target="B3"/>
  <move id="491" source="D4" target="C4"/>
  <move id="492" source="B3" target="A3"/>
  <move id="493" source="C4" target="B4"/>
  <move id="494" source="E6" target="E7"/>
  <move id="495" source="E4" target="E5"/>
  <move id="496" source="E7" target="D7"/>
  <move id="497" source="F4" target="G4"/>
  <move id="498" source="C:" target="C9"/>
  <move id="499" source="C8" target="B8"/>
  <move id="500" source="D7" target="C7"/>
  <move id="501" source="K5" target="K6"/>
  <move id="502" source="C9" target="B9"/>
  <move id="503" source="B8" target="A8"/>
  <move id="504" source="C7" target="B7"/>
  <move id="505" source="A8" target="A3"/>
  <move id="506" source="B9" target="C9"/>
  <move id="507" source="K6" target="I6"/>
  <move id="508" source="B7" target="C7"/>
  <move id="509" source="E5" target="E6"/>
  <move id="510" source="C7" target="D7"/>
  <move id="511" source="I6" target="I7"/>
  <move id="512" source="C9" target="C8"/>
  <move id="513" source="B4" target="C4"/>
  <move id="514" source="C8" target="D8"/>
  <move id="515" source="C4" target="D4"/>
  <move id="516" source="D8" target="E8"/>
  <move id="517" source="D4" target="E4"/>
  <move id="518" source="E8" target="E7"/>
  <move id="519" source="E4" target="E5"/>
  <move id="520" source="E7" target="F7"/>
  <move id="521" source="I7" target="K7"/>
  <move id="522" source="F7" target="G7"/>
  <move id="523" source="K7" target="K6"/>
  <move id="524" source="A3" target="B3"/>
  <move id="525" source="E5" target="F5"/>
  <move id="526" source="B3" target="C3"/>
  <move id="527" source="F5" target="F6"/>
  <move id="528" source="G8" target="G9"/>
  <move id="529" source="F6" target="F7"/>
  <move id="530" source="G7" target="H7"/>
  <move id="531" source="F7" target="G7"/>
  <move id="532" source="H7" target="I7"/>
  <move id="533" source="G7" target="G8"/>
  <move id="534" source="G9" target="G:"/>
  <move id="535" source="G8" target="G9"/>
  <move id="536" source="G:" target="H:"/>
  <move id="537" source="G9" target="H9"/>
  <move id="538" source="I7" target="K7"/>
  <move id="539" source="K6" target="I6"/>
  <move id="540" source="K7" target="I7"/>
  <move id="541" source="I6" target="K6"/>
  <move id="542" source="H:" target="I:"/>
  <move id="543" source="H9" target="H:"/>
  <move id="544" source="C3" target="D3"/>
  <move id="545" source="D2" target="D3"/>
  <move id="546" source="I7" target="H7"/>
  <move id="547" source="H:" target="I:"/>
  <move id="548" source="H7" target="G7"/>
  <move id="549" source="I:" target="H:"/>
  <move id="550" source="G7" target="F7"/>
  <move id="551" source="H:" target="G:"/>
  <move id="552" source="F7" target="F6"/>
  <move id="553" source="E6" target="E5"/>
  <move id="554" source="F6" target="F5"/>
  <move id="555" source="E5" target="E9"/>
  <move id="556" source="F5" target="F4"/>
  <move id="557" source="G4" target="G3"/>
  <move id="558" source="F4" target="F3"/>
  <move id="559" source="G3" target="H3"/>
  <move id="560" source="F3" target="G3"/>
  <move id="561" source="H3" target="I3"/>
  <move id="562" source="G3" target="H3"/>
  <move id="563" source="I3" target="K3"/>
  <move id="564" source="H3" target="I3"/>
  <move id="565" source="K3" target="K4"/>
  <move id="566" source="D7" target="E7"/>
  <move id="567" source="G:" target="G9"/>
  <move id="568" source="E9" target="D9"/>
  <move id="569" source="G9" target="G8"/>
  <move id="570" source="E7" target="F7"/>
  <move id="571" source="G8" target="G7"/>
  <move id="572" source="F7" target="E7"/>
  <move id="573" source="G7" target="F7"/>
  <move id="574" source="E7" target="E6"/>
  <move id="575" source="K6" target="K7"/>
  <move id="576" source="E6" target="E5"/>
  <move id="577" source="F7" target="F6"/>
  <move id="578" source="E5" target="E4"/>
  <move id="579" source="F6" target="F5"/>
  <move id="580" source="E4" target="D4"/>
  <move id="581" source="K7" target="I7"/>
  <move id="582" source="D4" target="D3"/>
  <move id="583" source="I7" target="H7"/>
  <move id="584" source="D3" target="E3"/>
  <move id="585" source="F5" target="F4"/>
  <move id="586" source="D9" target="C9"/>
  <move id="587" source="K4" target="K5"/>
  <move id="588" source="I3" target="I4"/>
  <move id="589" source="H7" target="G7"/>
  <move id="590" source="C9" target="B9"/>
  <move id="591" source="G7" target="F7"/>
  <move id="592" source="B9" target="A9"/>
  <move id="593" source="F7" target="E7"/>
  <move id="594" source="A9" target="A8"/>
  <move id="595" source="E7" target="D7"/>
  <move id="596" source="A8" target="A7"/>
  <move id="597" source="F2" target="E2"/>
  <move id="598" source="E3" target="E2"/>
  <move id="599" source="E1" target="E2"/>
  <player id="1">Player 1</player>
  <player id="2">Player 2</player>
  <result type="3" winner="1"/>
 </game>
</stratego>