<?xml version="1.0" encoding="UTF-8"?>
<stratego>
 <game type="classic">
  
  <field content="EBBMHEBBGBJHFIDDGCJEGDEDLGFIDKBDEHFDIFHDAA__AA__AAAA__AA__AAPPUQPPTNPPSTWSTUOVTRNRVPNQSXRSYNQNRPQNUQ"/>
  <move id="1" source="B4" target="B5"/>
  <move id="2" source="B7" target="B6"/>
  <move id="3" source="B5" target="A5"/>
  <move id="4" source="B8" target="B7"/>
  <move id="5" source="A5" target="A7"/>
  <move id="6" source="C8" target="B8"/>
  <move id="7" source="B3" target="B6"/>
  <move id="8" source="B7" target="B6"/>
  <move id="9" source="B2" target="B3"/>
  <move id="10" source="B8" target="B7"/>
  <move id="11" source="B3" target="B4"/>
  <move id="12" source="I7" target="I6"/>
  <move id="13" source="B4" target="B5"/>
  <move id="14" source="I8" target="I7"/>
  <move id="15" source="C4" target="B4"/>
  <move id="16" source="H8" target="I8"/>
  <move id="17" source="F4" target="F7"/>
  <move id="18" source="I6" target="I5"/>
  <move id="19" source="G4" target="F4"/>
  <move id="20" source="I7" target="I6"/>
  <move id="21" source="F4" target="F5"/>
  <move id="22" source="I8" target="I7"/>
  <move id="23" source="F5" target="F6"/>
  <move id="24" source="I5" target="I4"/>
  <move id="25" source="K4" target="K7"/>
  <move id="26" source="I6" target="I5"/>
  <move id="27" source="I4" target="K4"/>
  <move id="28" source="I5" target="K5"/>
  <move id="29" source="H4" target="I4"/>
  <move id="30" source="E7" target="F7"/>
  <move id="31" source="H3" target="H4"/>
  <move id="32" source="F7" target="F6"/>
  <move id="33" source="F6" target="F5"/>
  <move id="34" source="D7" target="E7"/>
  <move id="35" source="G3" target="G4"/>
  <move id="36" source="E7" target="F7"/>
  <move id="37" source="F5" target="F4"/>
  <move id="38" source="F7" target="F6"/>
  <move id="39" source="F3" target="G3"/>
  <move id="40" source="F6" target="F5"/>
  <move id="41" source="F4" target="F3"/>
  <move id="42" source="F5" target="F4"/>
  <move id="43" source="I4" target="I5"/>
  <move id="44" source="K5" target="K4"/>
  <move id="45" source="I5" target="K5"/>
  <move id="46" source="F4" target="G4"/>
  <move id="47" source="G4" target="F4"/>
  <move id="48" source="B6" target="B5"/>
  <move id="49" source="D4" target="C4"/>
  <move id="50" source="B7" target="B6"/>
  <move id="51" source="B4" target="B3"/>
  <move id="52" source="B6" target="B5"/>
  <move id="53" source="C4" target="B4"/>
  <move id="54" source="B5" target="B4"/>
  <move id="55" source="F4" target="F5"/>
  <move id="56" source="B4" target="B3"/>
  <move id="57" source="C3" target="C4"/>
  <move id="58" source="B3" target="A3"/>
  <move id="59" source="D3" target="C3"/>
  <move id="60" source="A3" target="A4"/>
  <move id="61" source="C4" target="B4"/>
  <move id="62" source="I7" target="I6"/>
  <move id="63" source="I3" target="I6"/>
  <move id="64" source="I6" target="K6"/>
  <move id="65" source="K5" target="I5"/>
  <move id="66" source="K6" target="K5"/>
  <move id="67" source="I5" target="I6"/>
  <move id="68" source="H9" target="H8"/>
  <move id="69" source="F5" target="F6"/>
  <move id="70" source="H8" target="I8"/>
  <move id="71" source="F6" target="F7"/>
  <move id="72" source="I8" target="I7"/>
  <move id="73" source="F7" target="G7"/>
  <move id="74" source="I7" target="I6"/>
  <move id="75" source="G3" target="G4"/>
  <move id="76" source="G8" target="H8"/>
  <move id="77" source="A2" target="A3"/>
  <move id="78" source="H8" target="H9"/>
  <move id="79" source="A3" target="B3"/>
  <move id="80" source="F8" target="G8"/>
  <move id="81" source="B4" target="B5"/>
  <move id="82" source="G8" target="H8"/>
  <move id="83" source="B3" target="B4"/>
  <move id="84" source="H8" target="I8"/>
  <move id="85" source="G4" target="F4"/>
  <move id="86" source="F9" target="F8"/>
  <move id="87" source="F4" target="F5"/>
  <move id="88" source="F8" target="F7"/>
  <move id="89" source="I2" target="I3"/>
  <move id="90" source="F7" target="F6"/>
  <move id="91" source="I3" target="H3"/>
  <move id="92" source="F:" target="F9"/>
  <move id="93" source="H3" target="G3"/>
  <move id="94" source="F9" target="F8"/>
  <move id="95" source="G3" target="G4"/>
  <move id="96" source="F8" target="F7"/>
  <move id="97" source="G4" target="F4"/>
  <move id="98" source="F7" target="E7"/>
  <move id="99" source="E4" target="E5"/>
  <move id="100" source="E7" target="E6"/>
  <move id="101" source="F3" target="G3"/>
  <move id="102" source="K5" target="K6"/>
  <move id="103" source="G3" target="G4"/>
  <move id="104" source="K6" target="K7"/>
  <move id="105" source="E5" target="E6"/>
  <move id="106" source="F6" target="F5"/>
  <move id="107" source="E6" target="E7"/>
  <move id="108" source="E8" target="E7"/>
  <move id="109" source="F5" target="E5"/>
  <move id="110" source="E7" target="E6"/>
  <move id="111" source="E5" target="E4"/>
  <move id="112" source="K7" target="I7"/>
  <move id="113" source="E4" target="D4"/>
  <move id="114" source="K8" target="K7"/>
  <move id="115" source="F4" target="E4"/>
  <move id="116" source="E6" target="F6"/>
  <move id="117" source="E4" target="E5"/>
  <move id="118" source="K7" target="K6"/>
  <move id="119" source="E5" target="E6"/>
  <move id="120" source="F6" target="F7"/>
  <move id="121" source="E6" target="E7"/>
  <move id="122" source="F7" target="F8"/>
  <move id="123" source="E7" target="F7"/>
  <move id="124" source="F8" target="G8"/>
  <move id="125" source="F7" target="G7"/>
  <move id="126" source="G8" target="H8"/>
  <move id="127" source="G7" target="G8"/>
  <move id="128" source="I6" target="I5"/>
  <move id="129" source="G8" target="H8"/>
  <move id="130" source="I8" target="K8"/>
  <move id="131" source="H8" target="G8"/>
  <move id="132" source="I5" target="I4"/>
  <move id="133" source="H2" target="H3"/>
  <move id="134" source="I4" target="H4"/>
  <move id="135" source="H3" target="H4"/>
  <move id="136" source="I7" target="I6"/>
  <move id="137" source="K3" target="I3"/>
  <move id="138" source="I6" target="I5"/>
  <move id="139" source="G8" target="G7"/>
  <move id="140" source="I5" target="I4"/>
  <move id="141" source="I3" target="I4"/>
  <move id="142" source="C9" target="C8"/>
  <move id="143" source="I4" target="I5"/>
  <move id="144" source="C8" target="B8"/>
  <move id="145" source="I5" target="I6"/>
  <move id="146" source="K6" target="K5"/>
  <move id="147" source="H4" target="H3"/>
  <move id="148" source="B8" target="B7"/>
  <move id="149" source="G4" target="H4"/>
  <move id="150" source="B7" target="B6"/>
  <move id="151" source="H4" target="I4"/>
  <move id="152" source="B6" target="B5"/>
  <move id="153" source="I4" target="K4"/>
  <move id="154" source="B5" target="B4"/>
  <move id="155" source="K4" target="K5"/>
  <move id="156" source="C7" target="B7"/>
  <move id="157" source="D2" target="D3"/>
  <move id="158" source="B7" target="B6"/>
  <move id="159" source="C3" target="B3"/>
  <move id="160" source="B6" target="B5"/>
  <move id="161" source="D3" target="C3"/>
  <move id="162" source="B5" target="B4"/>
  <move id="163" source="B3" target="B2"/>
  <move id="164" source="D9" target="C9"/>
  <move id="165" source="G7" target="F7"/>
  <move id="166" source="C9" target="C8"/>
  <move id="167" source="F7" target="E7"/>
  <move id="168" source="C8" target="B8"/>
  <move id="169" source="E7" target="D7"/>
  <move id="170" source="G:" target="F:"/>
  <move id="171" source="D7" target="C7"/>
  <move id="172" source="F:" target="F9"/>
  <move id="173" source="C7" target="B7"/>
  <move id="174" source="B8" target="C8"/>
  <move id="175" source="B7" target="B6"/>
  <move id="176" source="F9" target="F8"/>
  <move id="177" source="B6" target="B5"/>
  <move id="178" source="B4" target="B3"/>
  <move id="179" source="C3" target="B3"/>
  <move id="180" source="F8" target="F7"/>
  <move id="181" source="E3" target="E4"/>
  <move id="182" source="F7" target="F6"/>
  <move id="183" source="E4" target="E5"/>
  <move id="184" source="F6" target="F5"/>
  <move id="185" source="E5" target="F5"/>
  <move id="186" source="C8" target="C7"/>
  <move id="187" source="F5" target="F6"/>
  <move id="188" source="C7" target="D7"/>
  <move id="189" source="E2" target="E7"/>
  <move id="190" source="D7" target="C7"/>
  <move id="191" source="E7" target="C7"/>
  <move id="192" source="C:" target="C9"/>
  <move id="193" source="B5" target="B6"/>
  <move id="194" source="C9" target="C8"/>
  <move id="195" source="B6" target="B7"/>
  <move id="196" source="E:" target="F:"/>
  <move id="197" source="I6" target="I7"/>
  <move id="198" source="F:" target="F9"/>
  <move id="199" source="F6" target="E6"/>
  <move id="200" source="F9" target="F8"/>
  <move id="201" source="F2" target="F8"/>
  <move id="202" source="F8" target="F7"/>
  <move id="203" source="G2" target="G3"/>
  <player id="1">Player 1</player>
  <player id="2">Player 2</player>
  <result type="3" winner="1"/>
 </game>
</stratego>