<?xml version="1.0" encoding="UTF-8"?>
<stratego>
 <game type="classic">
  
  <field content="DDEMBGBEFBDIHHEFBFBDHJJDLBGEGEDHKCIFGIDDAA__AA__AAAA__AA__AARPUQTSWQPTTPPVXPONSPNTNUSVURQSRQRNPYNPQN"/>
  <move id="1" source="K4" target="K7"/>
  <move id="2" source="K7" target="K6"/>
  <move id="3" source="I4" target="I7"/>
  <move id="4" source="K6" target="K5"/>
  <move id="5" source="H4" target="I4"/>
  <move id="6" source="A7" target="A6"/>
  <move id="7" source="F4" target="F5"/>
  <move id="8" source="A6" target="A5"/>
  <move id="9" source="E4" target="E5"/>
  <move id="10" source="A8" target="A7"/>
  <move id="11" source="K3" target="K4"/>
  <move id="12" source="K5" target="K6"/>
  <move id="13" source="K4" target="K3"/>
  <move id="14" source="K6" target="K5"/>
  <move id="15" source="F5" target="F6"/>
  <move id="16" source="A7" target="A6"/>
  <move id="17" source="F6" target="F7"/>
  <move id="18" source="A5" target="A4"/>
  <move id="19" source="A3" target="A4"/>
  <move id="20" source="A6" target="A5"/>
  <move id="21" source="A4" target="A3"/>
  <move id="22" source="A5" target="A4"/>
  <move id="23" source="G4" target="F4"/>
  <move id="24" source="E7" target="E6"/>
  <move id="25" source="E5" target="E6"/>
  <move id="26" source="D7" target="E7"/>
  <move id="27" source="E6" target="E5"/>
  <move id="28" source="E7" target="E6"/>
  <move id="29" source="E5" target="E4"/>
  <move id="30" source="E6" target="E5"/>
  <move id="31" source="K3" target="K4"/>
  <move id="32" source="K5" target="K6"/>
  <move id="33" source="K4" target="K5"/>
  <move id="34" source="K6" target="K5"/>
  <move id="35" source="K2" target="K3"/>
  <move id="36" source="C7" target="D7"/>
  <move id="37" source="H3" target="H4"/>
  <move id="38" source="D7" target="E7"/>
  <move id="39" source="H4" target="G4"/>
  <move id="40" source="E7" target="E6"/>
  <move id="41" source="I4" target="I5"/>
  <move id="42" source="K5" target="K6"/>
  <move id="43" source="I5" target="I4"/>
  <move id="44" source="E5" target="F5"/>
  <move id="45" source="G3" target="H3"/>
  <move id="46" source="E6" target="E5"/>
  <move id="47" source="G4" target="G3"/>
  <move id="48" source="C8" target="C7"/>
  <move id="49" source="F4" target="G4"/>
  <move id="50" source="C7" target="D7"/>
  <move id="51" source="G4" target="H4"/>
  <move id="52" source="D7" target="E7"/>
  <move id="53" source="G3" target="G4"/>
  <move id="54" source="E7" target="E6"/>
  <move id="55" source="G4" target="F4"/>
  <move id="56" source="F5" target="F6"/>
  <move id="57" source="F4" target="F5"/>
  <move id="58" source="E5" target="E4"/>
  <move id="59" source="F5" target="E5"/>
  <move id="60" source="E6" target="E7"/>
  <move id="61" source="E5" target="E4"/>
  <move id="62" source="F6" target="F5"/>
  <move id="63" source="H4" target="G4"/>
  <move id="64" source="E7" target="D7"/>
  <move id="65" source="I4" target="H4"/>
  <move id="66" source="D7" target="C7"/>
  <move id="67" source="G4" target="G3"/>
  <move id="68" source="C7" target="C8"/>
  <move id="69" source="H4" target="G4"/>
  <move id="70" source="B7" target="A7"/>
  <move id="71" source="G4" target="F4"/>
  <move id="72" source="F5" target="E5"/>
  <move id="73" source="E4" target="E5"/>
  <move id="74" source="A7" target="A8"/>
  <move id="75" source="F4" target="E4"/>
  <move id="76" source="F7" target="E7"/>
  <move id="77" source="G3" target="G4"/>
  <move id="78" source="F8" target="F3"/>
  <move id="79" source="G4" target="F4"/>
  <move id="80" source="D8" target="D7"/>
  <move id="81" source="E4" target="E5"/>
  <move id="82" source="A8" target="A7"/>
  <move id="83" source="F4" target="F5"/>
  <move id="84" source="A7" target="A6"/>
  <move id="85" source="E3" target="E4"/>
  <move id="86" source="A6" target="A5"/>
  <move id="87" source="E4" target="F4"/>
  <move id="88" source="K6" target="I6"/>
  <move id="89" source="D3" target="E3"/>
  <move id="90" source="I6" target="I7"/>
  <move id="91" source="E3" target="E4"/>
  <move id="92" source="E7" target="E6"/>
  <move id="93" source="E4" target="E3"/>
  <move id="94" source="E6" target="E5"/>
  <move id="95" source="E5" target="E4"/>
  <move id="96" source="D7" target="D8"/>
  <move id="97" source="D4" target="D3"/>
  <move id="98" source="C8" target="C7"/>
  <move id="99" source="D3" target="D4"/>
  <move id="100" source="C7" target="D7"/>
  <move id="101" source="F5" target="E5"/>
  <move id="102" source="D7" target="E7"/>
  <move id="103" source="F4" target="F5"/>
  <move id="104" source="E7" target="F7"/>
  <move id="105" source="E4" target="F4"/>
  <move id="106" source="F7" target="F6"/>
  <move id="107" source="C3" target="D3"/>
  <move id="108" source="K8" target="K3"/>
  <move id="109" source="E5" target="E4"/>
  <move id="110" source="I7" target="K7"/>
  <move id="111" source="F5" target="F6"/>
  <move id="112" source="H7" target="I7"/>
  <move id="113" source="B3" target="C3"/>
  <move id="114" source="A4" target="A3"/>
  <move id="115" source="A2" target="A5"/>
  <move id="116" source="I7" target="I6"/>
  <move id="117" source="H3" target="G3"/>
  <move id="118" source="I6" target="I5"/>
  <move id="119" source="F4" target="F5"/>
  <move id="120" source="I5" target="I4"/>
  <move id="121" source="I3" target="H3"/>
  <move id="122" source="I4" target="K4"/>
  <move id="123" source="E4" target="E5"/>
  <move id="124" source="K4" target="K3"/>
  <move id="125" source="E3" target="E4"/>
  <move id="126" source="I8" target="I7"/>
  <move id="127" source="E5" target="E6"/>
  <move id="128" source="D8" target="D7"/>
  <move id="129" source="B4" target="B3"/>
  <move id="130" source="I7" target="I6"/>
  <move id="131" source="C4" target="B4"/>
  <move id="132" source="B8" target="B4"/>
  <move id="133" source="F5" target="E5"/>
  <move id="134" source="I6" target="I5"/>
  <move id="135" source="F6" target="F5"/>
  <move id="136" source="I5" target="I4"/>
  <move id="137" source="E4" target="I4"/>
  <move id="138" source="E8" target="E7"/>
  <move id="139" source="F5" target="F6"/>
  <move id="140" source="E7" target="E6"/>
  <move id="141" source="F6" target="E6"/>
  <move id="142" source="D7" target="E7"/>
  <move id="143" source="E5" target="F5"/>
  <move id="144" source="E7" target="E6"/>
  <move id="145" source="F5" target="F4"/>
  <move id="146" source="E6" target="E5"/>
  <move id="147" source="D4" target="E4"/>
  <move id="148" source="E5" target="F5"/>
  <move id="149" source="F4" target="G4"/>
  <move id="150" source="F5" target="F4"/>
  <move id="151" source="G4" target="H4"/>
  <move id="152" source="I4" target="I5"/>
  <move id="153" source="E4" target="F4"/>
  <move id="154" source="F4" target="G4"/>
  <move id="155" source="H4" target="I4"/>
  <move id="156" source="I5" target="I6"/>
  <move id="157" source="B4" target="B5"/>
  <move id="158" source="G4" target="G3"/>
  <move id="159" source="B5" target="B6"/>
  <move id="160" source="G3" target="H3"/>
  <move id="161" source="B6" target="B7"/>
  <move id="162" source="H3" target="G3"/>
  <move id="163" source="B7" target="B8"/>
  <move id="164" source="G3" target="G4"/>
  <move id="165" source="B8" target="C8"/>
  <move id="166" source="G4" target="F4"/>
  <move id="167" source="C8" target="C9"/>
  <player id="1">Player 1</player>
  <player id="2">Player 2</player>
  <result type="3" winner="2"/>
 </game>
</stratego>