<?xml version="1.0" encoding="UTF-8"?>
<stratego>
 <game type="classic">
  
  <field content="EDGEDBMBFEGIEFHIBIBHDBBJHDCEJDHDKFDGFLGDAA__AA__AAAA__AA__AAPSPVTPXUSPPTWOUSPVTRSPUQQPTQRNQQNRNNNRNY"/>
  <move id="1" source="E4" target="E7"/>
  <move id="2" source="A7" target="A4"/>
  <move id="3" source="E3" target="E4"/>
  <move id="4" source="B7" target="B6"/>
  <move id="5" source="B4" target="B5"/>
  <move id="6" source="B6" target="B5"/>
  <move id="7" source="A4" target="A5"/>
  <move id="8" source="B5" target="B6"/>
  <move id="9" source="A5" target="A6"/>
  <move id="10" source="B6" target="B7"/>
  <move id="11" source="A6" target="A7"/>
  <move id="12" source="B7" target="B6"/>
  <move id="13" source="C4" target="B4"/>
  <move id="14" source="B8" target="B7"/>
  <move id="15" source="A7" target="A6"/>
  <move id="16" source="E7" target="E6"/>
  <move id="17" source="B4" target="B5"/>
  <move id="18" source="E6" target="E5"/>
  <move id="19" source="B5" target="B6"/>
  <move id="20" source="B7" target="A7"/>
  <move id="21" source="A6" target="A5"/>
  <move id="22" source="C8" target="B8"/>
  <move id="23" source="B6" target="A6"/>
  <move id="24" source="B8" target="B7"/>
  <move id="25" source="A5" target="A4"/>
  <move id="26" source="A8" target="B8"/>
  <move id="27" source="A4" target="B4"/>
  <move id="28" source="A7" target="A8"/>
  <move id="29" source="B4" target="C4"/>
  <move id="30" source="B7" target="B6"/>
  <move id="31" source="A6" target="A7"/>
  <move id="32" source="B6" target="B5"/>
  <move id="33" source="A7" target="B7"/>
  <move id="34" source="B5" target="B4"/>
  <move id="35" source="A3" target="A8"/>
  <move id="36" source="B8" target="B7"/>
  <move id="37" source="E4" target="E5"/>
  <move id="38" source="B4" target="C4"/>
  <move id="39" source="K4" target="K7"/>
  <move id="40" source="C4" target="B4"/>
  <move id="41" source="K3" target="K8"/>
  <move id="42" source="E8" target="E7"/>
  <move id="43" source="I4" target="K4"/>
  <move id="44" source="E7" target="E6"/>
  <move id="45" source="D3" target="E3"/>
  <move id="46" source="E6" target="E5"/>
  <move id="47" source="E3" target="E4"/>
  <move id="48" source="E5" target="E4"/>
  <move id="49" source="F3" target="E3"/>
  <move id="50" source="F7" target="F4"/>
  <move id="51" source="F4" target="F3"/>
  <move id="52" source="G7" target="F7"/>
  <move id="53" source="G4" target="F4"/>
  <move id="54" source="F7" target="E7"/>
  <move id="55" source="F4" target="F5"/>
  <move id="56" source="E7" target="E6"/>
  <move id="57" source="E4" target="F4"/>
  <move id="58" source="B4" target="C4"/>
  <move id="59" source="F4" target="G4"/>
  <move id="60" source="C4" target="C3"/>
  <move id="61" source="E3" target="E6"/>
  <move id="62" source="E6" target="E5"/>
  <move id="63" source="H4" target="I4"/>
  <move id="64" source="E5" target="E4"/>
  <move id="65" source="F5" target="F6"/>
  <move id="66" source="E4" target="D4"/>
  <move id="67" source="F6" target="F7"/>
  <move id="68" source="D4" target="C4"/>
  <move id="69" source="B7" target="A7"/>
  <move id="70" source="C4" target="B4"/>
  <move id="71" source="A7" target="A8"/>
  <player id="1">Player 1</player>
  <player id="2">Player 2</player>
  <result type="3" winner="1"/>
 </game>
</stratego>