<?xml version="1.0" encoding="UTF-8"?>
<stratego>
 <game type="classic">
  
  <field content="DDEEMEEDDDBFHJGHEHFBFBDLDICDBFBIGJGHKGIBAA__AA__AAAA__AA__AANVXPWPUSPNRPRONRSVSRNTSTQTUQNPYNUPPQQTQP"/>
  <move id="1" source="B4" target="B5"/>
  <move id="2" source="B7" target="B6"/>
  <move id="3" source="I4" target="I5"/>
  <move id="4" source="B6" target="B5"/>
  <move id="5" source="I5" target="I6"/>
  <move id="6" source="B5" target="B6"/>
  <move id="7" source="F4" target="F5"/>
  <move id="8" source="B6" target="A6"/>
  <move id="9" source="F5" target="F6"/>
  <move id="10" source="B8" target="B3"/>
  <move id="11" source="C4" target="B4"/>
  <move id="12" source="A6" target="B6"/>
  <move id="13" source="B4" target="B5"/>
  <move id="14" source="B6" target="B7"/>
  <move id="15" source="B5" target="B6"/>
  <move id="16" source="B7" target="B8"/>
  <move id="17" source="B6" target="B7"/>
  <move id="18" source="C7" target="B7"/>
  <move id="19" source="H4" target="I4"/>
  <move id="20" source="B7" target="B6"/>
  <move id="21" source="I4" target="I5"/>
  <move id="22" source="B6" target="B5"/>
  <move id="23" source="I6" target="K6"/>
  <move id="24" source="D7" target="B7"/>
  <move id="25" source="I5" target="I6"/>
  <move id="26" source="B7" target="B6"/>
  <move id="27" source="E4" target="E5"/>
  <move id="28" source="B6" target="A6"/>
  <move id="29" source="E5" target="E6"/>
  <move id="30" source="A6" target="A4"/>
  <move id="31" source="G4" target="F4"/>
  <move id="32" source="E7" target="E6"/>
  <move id="33" source="F6" target="F7"/>
  <move id="34" source="G7" target="F7"/>
  <move id="35" source="F4" target="F5"/>
  <move id="36" source="F7" target="E7"/>
  <move id="37" source="F5" target="F6"/>
  <move id="38" source="E6" target="F6"/>
  <move id="39" source="D4" target="E4"/>
  <move id="40" source="E7" target="D7"/>
  <move id="41" source="E4" target="E5"/>
  <move id="42" source="D7" target="C7"/>
  <move id="43" source="E5" target="E6"/>
  <move id="44" source="C7" target="B7"/>
  <move id="45" source="E6" target="E7"/>
  <move id="46" source="B7" target="B6"/>
  <move id="47" source="E7" target="D7"/>
  <move id="48" source="B6" target="A6"/>
  <move id="49" source="D7" target="C7"/>
  <move id="50" source="B5" target="B6"/>
  <move id="51" source="C7" target="C8"/>
  <move id="52" source="B8" target="C8"/>
  <move id="53" source="I6" target="I7"/>
  <move id="54" source="H7" target="G7"/>
  <move id="55" source="I7" target="K7"/>
  <move id="56" source="B6" target="B7"/>
  <move id="57" source="D3" target="D4"/>
  <move id="58" source="B7" target="C7"/>
  <move id="59" source="D4" target="C4"/>
  <move id="60" source="A6" target="B6"/>
  <move id="61" source="D2" target="D3"/>
  <move id="62" source="B6" target="B7"/>
  <move id="63" source="D3" target="D4"/>
  <move id="64" source="B7" target="B8"/>
  <move id="65" source="D4" target="E4"/>
  <move id="66" source="H8" target="H7"/>
  <move id="67" source="E4" target="E5"/>
  <move id="68" source="H7" target="I7"/>
  <move id="69" source="E5" target="E6"/>
  <move id="70" source="I7" target="I6"/>
  <move id="71" source="E6" target="E7"/>
  <move id="72" source="I6" target="K6"/>
  <move id="73" source="E3" target="E4"/>
  <move id="74" source="K6" target="I6"/>
  <move id="75" source="C4" target="B4"/>
  <move id="76" source="I6" target="I7"/>
  <move id="77" source="B4" target="B5"/>
  <move id="78" source="B8" target="C8"/>
  <move id="79" source="B5" target="B6"/>
  <move id="80" source="A8" target="B8"/>
  <move id="81" source="B6" target="B7"/>
  <move id="82" source="B8" target="B7"/>
  <move id="83" source="F3" target="F4"/>
  <move id="84" source="G7" target="H7"/>
  <move id="85" source="B7" target="C7"/>
  <move id="86" source="C8" target="B8"/>
  <move id="87" source="F4" target="F5"/>
  <move id="88" source="H7" target="H8"/>
  <move id="89" source="F5" target="F6"/>
  <move id="90" source="I7" target="H7"/>
  <move id="91" source="E7" target="D7"/>
  <move id="92" source="D8" target="D7"/>
  <move id="93" source="D7" target="D8"/>
  <move id="94" source="B8" target="B7"/>
  <move id="95" source="D8" target="C8"/>
  <move id="96" source="H7" target="G7"/>
  <move id="97" source="C8" target="C9"/>
  <move id="98" source="B7" target="B6"/>
  <move id="99" source="C9" target="B9"/>
  <move id="100" source="B6" target="A6"/>
  <move id="101" source="F6" target="E6"/>
  <move id="102" source="G7" target="F7"/>
  <move id="103" source="E4" target="F4"/>
  <move id="104" source="F7" target="E7"/>
  <move id="105" source="E6" target="F6"/>
  <move id="106" source="G8" target="G7"/>
  <move id="107" source="B9" target="B8"/>
  <move id="108" source="G7" target="H7"/>
  <move id="109" source="F4" target="E4"/>
  <move id="110" source="G9" target="G8"/>
  <move id="111" source="E4" target="D4"/>
  <move id="112" source="G8" target="G7"/>
  <move id="113" source="D4" target="C4"/>
  <move id="114" source="A6" target="A5"/>
  <move id="115" source="C4" target="B4"/>
  <move id="116" source="G7" target="F7"/>
  <move id="117" source="B4" target="B7"/>
  <move id="118" source="E7" target="D7"/>
  <move id="119" source="B7" target="A7"/>
  <move id="120" source="D7" target="C7"/>
  <move id="121" source="F6" target="F7"/>
  <move id="122" source="A5" target="B5"/>
  <move id="123" source="B8" target="A8"/>
  <move id="124" source="C7" target="B7"/>
  <move id="125" source="A8" target="A9"/>
  <player id="1">Player 1</player>
  <player id="2">Player 2</player>
  <result type="3" winner="2"/>
 </game>
</stratego>