<?xml version="1.0" encoding="UTF-8"?>
<stratego>
 <game type="classic">
  
  <field content="FDDEDDEGDDBFBHIEIEHGFBBMLDCIDEBBFJGHJKGHAA__AA__AAAA__AA__AANUSTPUTNUTXRPVSQPPPSPRNROWTRNPQNYNQVQSQP"/>
  <move id="1" source="K4" target="K5"/>
  <move id="2" source="I7" target="I6"/>
  <move id="3" source="F4" target="F5"/>
  <move id="4" source="F7" target="F6"/>
  <move id="5" source="E4" target="E5"/>
  <move id="6" source="B7" target="B6"/>
  <move id="7" source="I4" target="I5"/>
  <move id="8" source="B6" target="A6"/>
  <move id="9" source="K5" target="K6"/>
  <move id="10" source="I6" target="I5"/>
  <move id="11" source="K6" target="K7"/>
  <move id="12" source="I5" target="K5"/>
  <move id="13" source="E3" target="E4"/>
  <move id="14" source="A6" target="A5"/>
  <move id="15" source="F5" target="F4"/>
  <move id="16" source="C7" target="B7"/>
  <move id="17" source="E5" target="E6"/>
  <move id="18" source="F8" target="F7"/>
  <move id="19" source="E4" target="E5"/>
  <move id="20" source="B7" target="B6"/>
  <move id="21" source="E6" target="E7"/>
  <move id="22" source="D7" target="E7"/>
  <move id="23" source="E5" target="E6"/>
  <move id="24" source="F6" target="E6"/>
  <move id="25" source="E6" target="E7"/>
  <move id="26" source="F7" target="F6"/>
  <move id="27" source="F4" target="F5"/>
  <move id="28" source="F6" target="F5"/>
  <move id="29" source="I3" target="I4"/>
  <move id="30" source="B6" target="B5"/>
  <move id="31" source="I4" target="K4"/>
  <move id="32" source="K5" target="I5"/>
  <move id="33" source="K4" target="K5"/>
  <move id="34" source="I5" target="K5"/>
  <move id="35" source="H4" target="I4"/>
  <move id="36" source="B5" target="B4"/>
  <move id="37" source="I4" target="K4"/>
  <move id="38" source="K5" target="I5"/>
  <move id="39" source="K4" target="K5"/>
  <move id="40" source="I5" target="I4"/>
  <move id="41" source="G4" target="H4"/>
  <move id="42" source="I4" target="I3"/>
  <move id="43" source="K3" target="K4"/>
  <move id="44" source="I3" target="K3"/>
  <move id="45" source="K4" target="I4"/>
  <move id="46" source="K3" target="K2"/>
  <move id="47" source="I4" target="I5"/>
  <move id="48" source="K2" target="K1"/>
  <move id="49" source="I5" target="I6"/>
  <move id="50" source="K8" target="K7"/>
  <move id="51" source="K5" target="K6"/>
  <move id="52" source="K7" target="I7"/>
  <move id="53" source="I6" target="I5"/>
  <move id="54" source="K9" target="K6"/>
  <move id="55" source="I2" target="I3"/>
  <move id="56" source="K1" target="K2"/>
  <move id="57" source="I3" target="I4"/>
  <move id="58" source="K2" target="K3"/>
  <move id="59" source="I5" target="K5"/>
  <move id="60" source="K3" target="K4"/>
  <move id="61" source="I4" target="I5"/>
  <move id="62" source="B8" target="B7"/>
  <move id="63" source="I5" target="I6"/>
  <move id="64" source="I7" target="I6"/>
  <move id="65" source="K5" target="I5"/>
  <move id="66" source="K4" target="K3"/>
  <move id="67" source="H4" target="I4"/>
  <move id="68" source="I8" target="K8"/>
  <move id="69" source="I4" target="I3"/>
  <move id="70" source="K3" target="K2"/>
  <move id="71" source="I6" target="I7"/>
  <move id="72" source="B7" target="B6"/>
  <move id="73" source="I7" target="H7"/>
  <move id="74" source="B6" target="A6"/>
  <move id="75" source="I3" target="I2"/>
  <move id="76" source="K2" target="K1"/>
  <move id="77" source="K6" target="K5"/>
  <move id="78" source="K8" target="K7"/>
  <move id="79" source="K5" target="K4"/>
  <move id="80" source="K7" target="K6"/>
  <move id="81" source="K4" target="K3"/>
  <move id="82" source="H8" target="I8"/>
  <move id="83" source="K3" target="K2"/>
  <move id="84" source="K1" target="I1"/>
  <move id="85" source="I2" target="I1"/>
  <move id="86" source="I8" target="I7"/>
  <move id="87" source="K2" target="K3"/>
  <move id="88" source="I7" target="I6"/>
  <move id="89" source="I5" target="K5"/>
  <move id="90" source="K6" target="K7"/>
  <move id="91" source="K3" target="K4"/>
  <move id="92" source="K7" target="I7"/>
  <move id="93" source="F5" target="E5"/>
  <move id="94" source="I6" target="I3"/>
  <move id="95" source="K5" target="K6"/>
  <move id="96" source="I3" target="H3"/>
  <move id="97" source="F3" target="F7"/>
  <move id="98" source="A5" target="B5"/>
  <move id="99" source="F7" target="G7"/>
  <move id="100" source="A6" target="A5"/>
  <move id="101" source="K6" target="I6"/>
  <move id="102" source="I7" target="K7"/>
  <move id="103" source="I6" target="I7"/>
  <move id="104" source="K7" target="K6"/>
  <move id="105" source="K4" target="I4"/>
  <move id="106" source="K6" target="K5"/>
  <move id="107" source="I4" target="H4"/>
  <move id="108" source="A5" target="A4"/>
  <move id="109" source="H4" target="G4"/>
  <move id="110" source="K5" target="I5"/>
  <move id="111" source="G4" target="F4"/>
  <move id="112" source="I5" target="I4"/>
  <move id="113" source="F4" target="F5"/>
  <move id="114" source="G8" target="F8"/>
  <move id="115" source="F5" target="F6"/>
  <move id="116" source="G7" target="G8"/>
  <move id="117" source="E7" target="F7"/>
  <move id="118" source="G8" target="H8"/>
  <move id="119" source="F6" target="E6"/>
  <move id="120" source="H8" target="I8"/>
  <move id="121" source="I7" target="H7"/>
  <move id="122" source="I8" target="H8"/>
  <move id="123" source="H7" target="G7"/>
  <move id="124" source="H8" target="G8"/>
  <move id="125" source="F7" target="E7"/>
  <move id="126" source="G8" target="G7"/>
  <move id="127" source="E5" target="F5"/>
  <move id="128" source="G7" target="H7"/>
  <move id="129" source="F5" target="F6"/>
  <move id="130" source="H7" target="I7"/>
  <move id="131" source="F6" target="F7"/>
  <move id="132" source="I7" target="K7"/>
  <move id="133" source="F7" target="F8"/>
  <move id="134" source="F9" target="F8"/>
  <move id="135" source="E7" target="F7"/>
  <move id="136" source="F8" target="G8"/>
  <move id="137" source="F2" target="F3"/>
  <move id="138" source="G8" target="H8"/>
  <move id="139" source="F7" target="G7"/>
  <move id="140" source="I4" target="G4"/>
  <move id="141" source="F3" target="F4"/>
  <move id="142" source="G4" target="G3"/>
  <move id="143" source="F4" target="F5"/>
  <move id="144" source="G3" target="D3"/>
  <player id="1">Player 1</player>
  <player id="2">Player 2</player>
  <result type="1" winner="2"/>
 </game>
</stratego>