<?xml version="1.0" encoding="UTF-8"?>
<stratego>
 <game type="classic">
  
  <field content="DEHEEDDIBMDBEIHEHGHBFGJGDBIFDFBDGDFKCLJBAA__AA__AAAA__AA__AAQPWVSRNQSNQPPRUNUSNPTNTNQYPPRVOSTTQRPUXP"/>
  <move id="1" source="F4" target="F5"/>
  <move id="2" source="B7" target="B6"/>
  <move id="3" source="F5" target="F6"/>
  <move id="4" source="B8" target="B7"/>
  <move id="5" source="I4" target="I5"/>
  <move id="6" source="B6" target="B5"/>
  <move id="7" source="I5" target="I6"/>
  <move id="8" source="B7" target="B6"/>
  <move id="9" source="I3" target="I5"/>
  <move id="10" source="F7" target="F6"/>
  <move id="11" source="I5" target="K5"/>
  <move id="12" source="I7" target="I6"/>
  <move id="13" source="I6" target="I5"/>
  <move id="14" source="H7" target="I7"/>
  <move id="15" source="I5" target="I4"/>
  <move id="16" source="I7" target="I6"/>
  <move id="17" source="I4" target="I3"/>
  <move id="18" source="I6" target="I5"/>
  <move id="19" source="K5" target="K6"/>
  <move id="20" source="I5" target="I4"/>
  <move id="21" source="H4" target="I4"/>
  <move id="22" source="C7" target="B7"/>
  <move id="23" source="E4" target="E5"/>
  <move id="24" source="B5" target="B4"/>
  <move id="25" source="F6" target="F5"/>
  <move id="26" source="B6" target="B5"/>
  <move id="27" source="F5" target="F4"/>
  <move id="28" source="B5" target="B4"/>
  <move id="29" source="E5" target="E6"/>
  <move id="30" source="B7" target="B6"/>
  <move id="31" source="K6" target="K7"/>
  <move id="32" source="B6" target="B5"/>
  <move id="33" source="E6" target="E7"/>
  <move id="34" source="B4" target="C4"/>
  <move id="35" source="D4" target="E4"/>
  <move id="36" source="B5" target="B4"/>
  <move id="37" source="C4" target="D4"/>
  <move id="38" source="B4" target="C4"/>
  <move id="39" source="C3" target="C4"/>
  <move id="40" source="C4" target="D4"/>
  <move id="41" source="E4" target="E5"/>
  <move id="42" source="D4" target="E4"/>
  <move id="43" source="F4" target="E4"/>
  <move id="44" source="C8" target="B8"/>
  <move id="45" source="I4" target="I5"/>
  <move id="46" source="D7" target="C7"/>
  <move id="47" source="I5" target="I6"/>
  <move id="48" source="C7" target="B7"/>
  <move id="49" source="I6" target="I7"/>
  <move id="50" source="B7" target="B6"/>
  <move id="51" source="I7" target="I8"/>
  <move id="52" source="B6" target="B5"/>
  <player id="1">Player 1</player>
  <player id="2">Player 2</player>
  <result type="3" winner="2"/>
 </game>
</stratego>