<?xml version="1.0" encoding="UTF-8"?>
<stratego>
 <game type="classic">
  
  <field content="EDFBFBMBEGHDDEBFBFBEDHDHDICJDJGEDIGHKLGIAA__AA__AAAA__AA__AAQTPPSTVTRQRNTUWOUXPVNRNSPPNUPPRNYNSQQSQP"/>
  <move id="1" source="K4" target="K5"/>
  <move id="2" source="I7" target="I6"/>
  <move id="3" source="K5" target="K6"/>
  <move id="4" source="I6" target="I5"/>
  <move id="5" source="I4" target="I5"/>
  <move id="6" source="H7" target="I7"/>
  <move id="7" source="I5" target="I6"/>
  <move id="8" source="I7" target="I6"/>
  <move id="9" source="K6" target="I6"/>
  <move id="10" source="H8" target="H7"/>
  <move id="11" source="H4" target="I4"/>
  <move id="12" source="H7" target="I7"/>
  <move id="13" source="I6" target="I5"/>
  <move id="14" source="I7" target="I6"/>
  <move id="15" source="K3" target="K4"/>
  <move id="16" source="K7" target="I7"/>
  <move id="17" source="K4" target="K5"/>
  <move id="18" source="I6" target="I5"/>
  <move id="19" source="K5" target="K6"/>
  <move id="20" source="I5" target="I4"/>
  <move id="21" source="K6" target="K7"/>
  <move id="22" source="I7" target="I6"/>
  <move id="23" source="G4" target="H4"/>
  <move id="24" source="I8" target="I7"/>
  <move id="25" source="H4" target="I4"/>
  <move id="26" source="I7" target="K7"/>
  <move id="27" source="I4" target="I5"/>
  <move id="28" source="F7" target="F6"/>
  <move id="29" source="I5" target="I6"/>
  <move id="30" source="F6" target="F5"/>
  <move id="31" source="I6" target="I7"/>
  <move id="32" source="K8" target="K7"/>
  <move id="33" source="I7" target="I8"/>
  <move id="34" source="G7" target="F7"/>
  <move id="35" source="I3" target="K3"/>
  <move id="36" source="F7" target="F6"/>
  <move id="37" source="K3" target="K9"/>
  <move id="38" source="F6" target="E6"/>
  <move id="39" source="I8" target="H8"/>
  <move id="40" source="E6" target="E5"/>
  <move id="41" source="H3" target="H4"/>
  <move id="42" source="E7" target="E6"/>
  <move id="43" source="H4" target="I4"/>
  <move id="44" source="E8" target="E7"/>
  <move id="45" source="I4" target="I5"/>
  <move id="46" source="E7" target="F7"/>
  <move id="47" source="I5" target="I6"/>
  <move id="48" source="F7" target="G7"/>
  <move id="49" source="I6" target="I7"/>
  <move id="50" source="F8" target="F7"/>
  <move id="51" source="I7" target="I8"/>
  <move id="52" source="F7" target="F6"/>
  <move id="53" source="G3" target="G4"/>
  <move id="54" source="G8" target="F8"/>
  <move id="55" source="G4" target="H4"/>
  <move id="56" source="G7" target="G8"/>
  <move id="57" source="H8" target="H7"/>
  <move id="58" source="E5" target="E4"/>
  <move id="59" source="H7" target="G7"/>
  <move id="60" source="G8" target="G7"/>
  <move id="61" source="I8" target="H8"/>
  <move id="62" source="F8" target="F7"/>
  <move id="63" source="H8" target="H7"/>
  <move id="64" source="F7" target="F8"/>
  <move id="65" source="H7" target="G7"/>
  <move id="66" source="D7" target="G7"/>
  <move id="67" source="G7" target="F7"/>
  <move id="68" source="F8" target="G8"/>
  <move id="69" source="F7" target="F6"/>
  <move id="70" source="F5" target="F4"/>
  <move id="71" source="F6" target="E6"/>
  <move id="72" source="E4" target="D4"/>
  <move id="73" source="E6" target="E7"/>
  <move id="74" source="G8" target="H8"/>
  <move id="75" source="E7" target="E8"/>
  <move id="76" source="D8" target="D7"/>
  <move id="77" source="E8" target="E9"/>
  <move id="78" source="D4" target="E4"/>
  <move id="79" source="E9" target="F9"/>
  <move id="80" source="E4" target="E5"/>
  <move id="81" source="F9" target="G9"/>
  <player id="1">Player 1</player>
  <player id="2">Player 2</player>
  <result type="3" winner="2"/>
 </game>
</stratego>