<?xml version="1.0" encoding="UTF-8"?>
<stratego>
 <game type="classic">
  
  <field content="EEMHEBGBFBGIHHGJEBFDDHDJLEBFBDDDKCIDIGDFAA__AA__AAAA__AA__AAPSTNRUTQSTVPPSPPOWTPPQNUVXPUQNQYRNNRSNQR"/>
  <move id="1" source="F4" target="F7"/>
  <move id="2" source="F7" target="F6"/>
  <move id="3" source="F3" target="F4"/>
  <move id="4" source="F6" target="F5"/>
  <move id="5" source="F4" target="F3"/>
  <move id="6" source="E7" target="E6"/>
  <move id="7" source="B4" target="B7"/>
  <move id="8" source="E6" target="E5"/>
  <move id="9" source="A4" target="A7"/>
  <move id="10" source="E5" target="E6"/>
  <move id="11" source="K4" target="K5"/>
  <move id="12" source="E6" target="E7"/>
  <move id="13" source="K5" target="K6"/>
  <move id="14" source="B7" target="A7"/>
  <move id="15" source="F3" target="F4"/>
  <move id="16" source="B8" target="B3"/>
  <move id="17" source="F2" target="F3"/>
  <move id="18" source="C7" target="B7"/>
  <move id="19" source="K6" target="K7"/>
  <move id="20" source="B7" target="B6"/>
  <move id="21" source="B3" target="B4"/>
  <move id="22" source="B6" target="B5"/>
  <move id="23" source="I4" target="I7"/>
  <move id="24" source="C8" target="C7"/>
  <move id="25" source="H4" target="I4"/>
  <move id="26" source="C7" target="B7"/>
  <move id="27" source="I4" target="I5"/>
  <move id="28" source="B7" target="B6"/>
  <move id="29" source="A3" target="A4"/>
  <move id="30" source="B6" target="A6"/>
  <move id="31" source="G4" target="H4"/>
  <move id="32" source="B5" target="A5"/>
  <move id="33" source="C3" target="B3"/>
  <move id="34" source="A5" target="A4"/>
  <move id="35" source="F4" target="G4"/>
  <move id="36" source="F8" target="F7"/>
  <move id="37" source="I5" target="I6"/>
  <move id="38" source="F7" target="F6"/>
  <move id="39" source="I6" target="I7"/>
  <move id="40" source="A4" target="B4"/>
  <move id="41" source="B3" target="B4"/>
  <move id="42" source="A6" target="A5"/>
  <move id="43" source="B2" target="B3"/>
  <move id="44" source="A7" target="B7"/>
  <move id="45" source="A2" target="A3"/>
  <move id="46" source="B7" target="B6"/>
  <move id="47" source="K3" target="K4"/>
  <move id="48" source="B6" target="B5"/>
  <move id="49" source="K4" target="I4"/>
  <move id="50" source="A5" target="A6"/>
  <move id="51" source="I4" target="I5"/>
  <move id="52" source="A6" target="B6"/>
  <move id="53" source="K2" target="K3"/>
  <move id="54" source="B5" target="B4"/>
  <move id="55" source="B3" target="B4"/>
  <move id="56" source="B6" target="B5"/>
  <move id="57" source="B4" target="B3"/>
  <move id="58" source="B5" target="B4"/>
  <move id="59" source="C4" target="B4"/>
  <move id="60" source="D8" target="C8"/>
  <move id="61" source="D4" target="C4"/>
  <move id="62" source="C8" target="C7"/>
  <move id="63" source="E4" target="D4"/>
  <move id="64" source="F6" target="E6"/>
  <move id="65" source="E3" target="E4"/>
  <move id="66" source="F5" target="F6"/>
  <move id="67" source="E4" target="E5"/>
  <move id="68" source="F6" target="F7"/>
  <move id="69" source="E5" target="E6"/>
  <move id="70" source="F7" target="F8"/>
  <move id="71" source="E6" target="E7"/>
  <move id="72" source="C7" target="B7"/>
  <move id="73" source="E7" target="D7"/>
  <player id="1">Player 1</player>
  <player id="2">Player 2</player>
  <result type="3" winner="2"/>
 </game>
</stratego>