<?xml version="1.0" encoding="UTF-8"?>
<stratego>
 <game type="classic">
  
  <field content="DFBBBBBMBEDEDFEFEGEFDJCHIDHJDHHGDLGIDKIGAA__AA__AAAA__AA__AARTNRPUXWTSUPNVTPQOUPQRNPQSNVPPSPTSRNYNQQ"/>
  <move id="1" source="I4" target="I5"/>
  <move id="2" source="I7" target="I6"/>
  <move id="3" source="F4" target="F5"/>
  <move id="4" source="I6" target="I5"/>
  <move id="5" source="I5" target="I6"/>
  <move id="6" source="H7" target="I7"/>
  <move id="7" source="I6" target="K6"/>
  <move id="8" source="H8" target="H7"/>
  <move id="9" source="I3" target="I4"/>
  <move id="10" source="I8" target="H8"/>
  <move id="11" source="I4" target="I5"/>
  <move id="12" source="K8" target="I8"/>
  <move id="13" source="K6" target="K7"/>
  <move id="14" source="I7" target="K7"/>
  <move id="15" source="I5" target="I6"/>
  <move id="16" source="I8" target="I6"/>
  <move id="17" source="H4" target="I4"/>
  <move id="18" source="I9" target="I4"/>
  <move id="19" source="I4" target="I5"/>
  <move id="20" source="K7" target="I7"/>
  <move id="21" source="I5" target="I6"/>
  <move id="22" source="H8" target="I8"/>
  <move id="23" source="I6" target="I7"/>
  <move id="24" source="H7" target="H8"/>
  <move id="25" source="H3" target="H4"/>
  <move id="26" source="H9" target="I9"/>
  <move id="27" source="H4" target="I4"/>
  <move id="28" source="I8" target="I7"/>
  <move id="29" source="I4" target="I5"/>
  <move id="30" source="I9" target="I8"/>
  <move id="31" source="I5" target="I6"/>
  <move id="32" source="I7" target="H7"/>
  <move id="33" source="I6" target="I7"/>
  <move id="34" source="K9" target="K8"/>
  <move id="35" source="I7" target="I8"/>
  <move id="36" source="K8" target="I8"/>
  <move id="37" source="G4" target="H4"/>
  <move id="38" source="H7" target="I7"/>
  <move id="39" source="H4" target="I4"/>
  <move id="40" source="G7" target="H7"/>
  <move id="41" source="E4" target="F4"/>
  <move id="42" source="I8" target="I9"/>
  <move id="43" source="F4" target="G4"/>
  <move id="44" source="F7" target="F6"/>
  <move id="45" source="G4" target="H4"/>
  <move id="46" source="F6" target="F5"/>
  <move id="47" source="I4" target="I3"/>
  <move id="48" source="E7" target="F7"/>
  <move id="49" source="H4" target="I4"/>
  <move id="50" source="F7" target="F6"/>
  <move id="51" source="I4" target="I5"/>
  <move id="52" source="D7" target="E7"/>
  <move id="53" source="I5" target="I6"/>
  <move id="54" source="E7" target="F7"/>
  <move id="55" source="I6" target="I7"/>
  <move id="56" source="I7" target="I8"/>
  <move id="57" source="E3" target="E4"/>
  <move id="58" source="F7" target="G7"/>
  <move id="59" source="E4" target="F4"/>
  <move id="60" source="F6" target="E6"/>
  <move id="61" source="F4" target="G4"/>
  <move id="62" source="I8" target="K8"/>
  <move id="63" source="G4" target="H4"/>
  <move id="64" source="I9" target="I8"/>
  <move id="65" source="H4" target="I4"/>
  <move id="66" source="I8" target="I4"/>
  <move id="67" source="I4" target="I5"/>
  <move id="68" source="K8" target="I8"/>
  <move id="69" source="I5" target="I6"/>
  <move id="70" source="G7" target="F7"/>
  <move id="71" source="I6" target="I7"/>
  <move id="72" source="H7" target="I7"/>
  <move id="73" source="F3" target="F4"/>
  <move id="74" source="I7" target="H7"/>
  <move id="75" source="F4" target="G4"/>
  <move id="76" source="E6" target="E5"/>
  <move id="77" source="G4" target="H4"/>
  <move id="78" source="E5" target="F5"/>
  <move id="79" source="G3" target="G4"/>
  <move id="80" source="F7" target="F6"/>
  <move id="81" source="G4" target="F4"/>
  <move id="82" source="F5" target="E5"/>
  <move id="83" source="F4" target="F5"/>
  <move id="84" source="E5" target="E4"/>
  <move id="85" source="F5" target="F6"/>
  <move id="86" source="E4" target="H4"/>
  <move id="87" source="D3" target="E3"/>
  <move id="88" source="H7" target="G7"/>
  <move id="89" source="F6" target="F5"/>
  <move id="90" source="G7" target="F7"/>
  <move id="91" source="E3" target="F3"/>
  <move id="92" source="F7" target="F6"/>
  <move id="93" source="F5" target="F4"/>
  <move id="94" source="D8" target="D7"/>
  <move id="95" source="F4" target="G4"/>
  <move id="96" source="D7" target="E7"/>
  <move id="97" source="F3" target="G3"/>
  <move id="98" source="F8" target="F7"/>
  <move id="99" source="G3" target="H3"/>
  <move id="100" source="F7" target="G7"/>
  <move id="101" source="H3" target="H4"/>
  <move id="102" source="G7" target="H7"/>
  <move id="103" source="B4" target="B5"/>
  <move id="104" source="E7" target="F7"/>
  <move id="105" source="B5" target="B6"/>
  <move id="106" source="H7" target="I7"/>
  <move id="107" source="C4" target="B4"/>
  <move id="108" source="F7" target="G7"/>
  <move id="109" source="B6" target="B7"/>
  <move id="110" source="F6" target="F5"/>
  <move id="111" source="B4" target="B5"/>
  <move id="112" source="F5" target="F4"/>
  <move id="113" source="G4" target="G3"/>
  <move id="114" source="G7" target="H7"/>
  <move id="115" source="I3" target="H3"/>
  <move id="116" source="I7" target="I4"/>
  <move id="117" source="K4" target="I4"/>
  <move id="118" source="H7" target="I7"/>
  <move id="119" source="I4" target="I3"/>
  <move id="120" source="I7" target="I6"/>
  <move id="121" source="B5" target="A5"/>
  <move id="122" source="B7" target="B6"/>
  <move id="123" source="A5" target="A7"/>
  <move id="124" source="B6" target="A6"/>
  <move id="125" source="A4" target="A5"/>
  <move id="126" source="A6" target="A5"/>
  <move id="127" source="B3" target="B4"/>
  <move id="128" source="B8" target="B4"/>
  <move id="129" source="B4" target="B5"/>
  <move id="130" source="I6" target="I7"/>
  <move id="131" source="B5" target="B6"/>
  <move id="132" source="I7" target="H7"/>
  <move id="133" source="A3" target="A7"/>
  <move id="134" source="H7" target="G7"/>
  <move id="135" source="B6" target="B7"/>
  <move id="136" source="A7" target="A6"/>
  <move id="137" source="B2" target="B3"/>
  <move id="138" source="A6" target="A5"/>
  <move id="139" source="B3" target="B4"/>
  <move id="140" source="D9" target="D8"/>
  <move id="141" source="B4" target="B5"/>
  <move id="142" source="A5" target="A4"/>
  <move id="143" source="B7" target="A7"/>
  <move id="144" source="A8" target="B8"/>
  <move id="145" source="C2" target="B2"/>
  <move id="146" source="A4" target="A3"/>
  <move id="147" source="B5" target="B6"/>
  <move id="148" source="A3" target="A4"/>
  <move id="149" source="B6" target="B7"/>
  <move id="150" source="A4" target="B4"/>
  <move id="151" source="B2" target="B3"/>
  <move id="152" source="B4" target="C4"/>
  <move id="153" source="D4" target="C4"/>
  <move id="154" source="G7" target="H7"/>
  <move id="155" source="B7" target="C7"/>
  <move id="156" source="H7" target="I7"/>
  <move id="157" source="A7" target="B7"/>
  <move id="158" source="B8" target="A8"/>
  <move id="159" source="C7" target="C8"/>
  <move id="160" source="I7" target="I6"/>
  <move id="161" source="C8" target="C9"/>
  <move id="162" source="B9" target="C9"/>
  <move id="163" source="B7" target="B8"/>
  <move id="164" source="A8" target="A7"/>
  <move id="165" source="C4" target="B4"/>
  <move id="166" source="I6" target="I5"/>
  <move id="167" source="B4" target="B5"/>
  <move id="168" source="I5" target="I4"/>
  <move id="169" source="B5" target="B6"/>
  <move id="170" source="I4" target="H4"/>
  <move id="171" source="K3" target="K4"/>
  <move id="172" source="H4" target="G4"/>
  <move id="173" source="K4" target="K5"/>
  <move id="174" source="G4" target="G3"/>
  <move id="175" source="B6" target="A6"/>
  <move id="176" source="F4" target="F5"/>
  <move id="177" source="A6" target="A7"/>
  <move id="178" source="F5" target="F6"/>
  <move id="179" source="B8" target="C8"/>
  <move id="180" source="D8" target="D7"/>
  <move id="181" source="C8" target="C9"/>
  <move id="182" source="F6" target="F7"/>
  <move id="183" source="A7" target="B7"/>
  <move id="184" source="D7" target="E7"/>
  <move id="185" source="B7" target="C7"/>
  <move id="186" source="G3" target="F3"/>
  <move id="187" source="B3" target="B:"/>
  <move id="188" source="E7" target="E2"/>
  <move id="189" source="A2" target="B2"/>
  <move id="190" source="F3" target="E3"/>
  <move id="191" source="B2" target="B8"/>
  <move id="192" source="E3" target="E2"/>
  <move id="193" source="C7" target="D7"/>
  <move id="194" source="F7" target="E7"/>
  <move id="195" source="B8" target="D8"/>
  <move id="196" source="E8" target="F8"/>
  <move id="197" source="D8" target="D:"/>
  <move id="198" source="E7" target="E8"/>
  <move id="199" source="C9" target="D9"/>
  <move id="200" source="E8" target="D8"/>
  <move id="201" source="D7" target="D8"/>
  <move id="202" source="I8" target="I7"/>
  <move id="203" source="D9" target="D:"/>
  <move id="204" source="E2" target="E3"/>
  <move id="205" source="D:" target="D9"/>
  <move id="206" source="F8" target="F7"/>
  <move id="207" source="D9" target="D8"/>
  <move id="208" source="F7" target="F6"/>
  <move id="209" source="D8" target="E8"/>
  <move id="210" source="I7" target="K7"/>
  <move id="211" source="E8" target="E7"/>
  <move id="212" source="K7" target="K6"/>
  <move id="213" source="K5" target="K6"/>
  <move id="214" source="F6" target="F5"/>
  <move id="215" source="E7" target="E8"/>
  <move id="216" source="F5" target="F4"/>
  <move id="217" source="A1" target="A7"/>
  <move id="218" source="F4" target="E4"/>
  <move id="219" source="A7" target="F7"/>
  <move id="220" source="E4" target="D4"/>
  <move id="221" source="F7" target="F9"/>
  <move id="222" source="D4" target="C4"/>
  <move id="223" source="E8" target="F8"/>
  <move id="224" source="C4" target="B4"/>
  <move id="225" source="F8" target="F9"/>
  <move id="226" source="G8" target="G7"/>
  <move id="227" source="F9" target="F8"/>
  <move id="228" source="E3" target="E4"/>
  <move id="229" source="F8" target="G8"/>
  <move id="230" source="G7" target="F7"/>
  <move id="231" source="G8" target="G7"/>
  <move id="232" source="F7" target="F6"/>
  <move id="233" source="H3" target="H4"/>
  <move id="234" source="F6" target="F5"/>
  <move id="235" source="H4" target="I4"/>
  <move id="236" source="F5" target="F4"/>
  <move id="237" source="G7" target="H7"/>
  <move id="238" source="F4" target="F3"/>
  <move id="239" source="I4" target="I:"/>
  <move id="240" source="I:" target="I9"/>
  <move id="241" source="H7" target="I7"/>
  <move id="242" source="H8" target="G8"/>
  <move id="243" source="I7" target="I8"/>
  <move id="244" source="I9" target="H9"/>
  <move id="245" source="I8" target="H8"/>
  <move id="246" source="H9" target="I9"/>
  <move id="247" source="H8" target="G8"/>
  <move id="248" source="K6" target="K5"/>
  <move id="249" source="G8" target="H8"/>
  <move id="250" source="A9" target="A8"/>
  <move id="251" source="H8" target="I8"/>
  <move id="252" source="I9" target="H9"/>
  <move id="253" source="I8" target="I9"/>
  <move id="254" source="H9" target="H8"/>
  <move id="255" source="I9" target="I:"/>
  <move id="256" source="K:" target="K9"/>
  <move id="257" source="I:" target="I9"/>
  <move id="258" source="K9" target="K:"/>
  <move id="259" source="I9" target="I:"/>
  <move id="260" source="K:" target="K9"/>
  <move id="261" source="I:" target="K:"/>
  <move id="262" source="K9" target="I9"/>
  <move id="263" source="K:" target="K9"/>
  <move id="264" source="I9" target="I:"/>
  <move id="265" source="K9" target="I9"/>
  <move id="266" source="I:" target="K:"/>
  <move id="267" source="I9" target="H9"/>
  <move id="268" source="H8" target="I8"/>
  <move id="269" source="H9" target="H8"/>
  <move id="270" source="I8" target="I9"/>
  <move id="271" source="H8" target="G8"/>
  <move id="272" source="E4" target="E5"/>
  <move id="273" source="G8" target="F8"/>
  <move id="274" source="E5" target="E6"/>
  <move id="275" source="F8" target="E8"/>
  <move id="276" source="E9" target="F9"/>
  <move id="277" source="E8" target="E9"/>
  <move id="278" source="F9" target="F8"/>
  <move id="279" source="E9" target="E:"/>
  <move id="280" source="C:" target="C9"/>
  <move id="281" source="E:" target="D:"/>
  <move id="282" source="A8" target="A7"/>
  <move id="283" source="D:" target="D9"/>
  <move id="284" source="C9" target="C:"/>
  <move id="285" source="D9" target="C9"/>
  <move id="286" source="C:" target="D:"/>
  <move id="287" source="C9" target="C:"/>
  <move id="288" source="D:" target="D9"/>
  <move id="289" source="C:" target="B:"/>
  <move id="290" source="A7" target="A6"/>
  <move id="291" source="B:" target="A:"/>
  <move id="292" source="A6" target="A5"/>
  <move id="293" source="A:" target="A9"/>
  <move id="294" source="A5" target="A4"/>
  <move id="295" source="A9" target="A8"/>
  <move id="296" source="A4" target="A3"/>
  <move id="297" source="A8" target="A7"/>
  <move id="298" source="A3" target="B3"/>
  <move id="299" source="A7" target="A6"/>
  <move id="300" source="B3" target="C3"/>
  <move id="301" source="A6" target="A5"/>
  <move id="302" source="C3" target="D3"/>
  <move id="303" source="A5" target="B5"/>
  <move id="304" source="B4" target="A4"/>
  <move id="305" source="B5" target="B4"/>
  <move id="306" source="A4" target="A5"/>
  <move id="307" source="D2" target="D3"/>
  <move id="308" source="E6" target="E5"/>
  <move id="309" source="B4" target="C4"/>
  <move id="310" source="E5" target="E4"/>
  <move id="311" source="D3" target="D2"/>
  <move id="312" source="E4" target="D4"/>
  <move id="313" source="C4" target="B4"/>
  <move id="314" source="D4" target="D3"/>
  <move id="315" source="D2" target="C2"/>
  <move id="316" source="D3" target="C3"/>
  <move id="317" source="C2" target="D2"/>
  <move id="318" source="C3" target="D3"/>
  <move id="319" source="B4" target="A4"/>
  <move id="320" source="A5" target="B5"/>
  <move id="321" source="A4" target="A5"/>
  <move id="322" source="B5" target="B4"/>
  <move id="323" source="A5" target="A6"/>
  <move id="324" source="B4" target="B3"/>
  <move id="325" source="A6" target="A7"/>
  <move id="326" source="D9" target="C9"/>
  <move id="327" source="A7" target="B7"/>
  <move id="328" source="B3" target="B2"/>
  <move id="329" source="B7" target="C7"/>
  <move id="330" source="C9" target="B9"/>
  <move id="331" source="C7" target="D7"/>
  <move id="332" source="B2" target="C2"/>
  <move id="333" source="D7" target="E7"/>
  <move id="334" source="C2" target="D2"/>
  <move id="335" source="E7" target="F7"/>
  <move id="336" source="F8" target="E8"/>
  <move id="337" source="F7" target="G7"/>
  <move id="338" source="I9" target="I8"/>
  <move id="339" source="G7" target="H7"/>
  <move id="340" source="D2" target="E2"/>
  <move id="341" source="H7" target="H8"/>
  <move id="342" source="I8" target="I7"/>
  <move id="343" source="H8" target="I8"/>
  <move id="344" source="I7" target="H7"/>
  <move id="345" source="I8" target="I7"/>
  <move id="346" source="H7" target="H8"/>
  <move id="347" source="I7" target="I6"/>
  <move id="348" source="F3" target="F2"/>
  <move id="349" source="F2" target="F3"/>
  <move id="350" source="D3" target="E3"/>
  <move id="351" source="F3" target="F4"/>
  <move id="352" source="E3" target="E4"/>
  <move id="353" source="F4" target="F5"/>
  <move id="354" source="E4" target="F4"/>
  <move id="355" source="F5" target="F6"/>
  <move id="356" source="E8" target="E7"/>
  <move id="357" source="F6" target="F7"/>
  <move id="358" source="E7" target="E6"/>
  <move id="359" source="F7" target="G7"/>
  <move id="360" source="E6" target="E5"/>
  <move id="361" source="G7" target="G8"/>
  <move id="362" source="H8" target="H7"/>
  <move id="363" source="I6" target="I7"/>
  <move id="364" source="E5" target="E4"/>
  <move id="365" source="I7" target="H7"/>
  <move id="366" source="F4" target="F5"/>
  <move id="367" source="G8" target="H8"/>
  <move id="368" source="F5" target="F6"/>
  <move id="369" source="H8" target="I8"/>
  <move id="370" source="F6" target="F7"/>
  <move id="371" source="I8" target="I9"/>
  <move id="372" source="F7" target="G7"/>
  <move id="373" source="H7" target="I7"/>
  <move id="374" source="G7" target="H7"/>
  <move id="375" source="I7" target="I6"/>
  <move id="376" source="H7" target="I7"/>
  <move id="377" source="I6" target="I5"/>
  <move id="378" source="K5" target="K6"/>
  <move id="379" source="I9" target="K9"/>
  <move id="380" source="K:" target="I:"/>
  <move id="381" source="I5" target="I4"/>
  <move id="382" source="K6" target="K7"/>
  <move id="383" source="I4" target="H4"/>
  <move id="384" source="E4" target="E5"/>
  <move id="385" source="H4" target="G4"/>
  <move id="386" source="K7" target="K8"/>
  <move id="387" source="K9" target="I9"/>
  <move id="388" source="I:" target="K:"/>
  <move id="389" source="G4" target="F4"/>
  <move id="390" source="I7" target="I8"/>
  <move id="391" source="I9" target="I:"/>
  <move id="392" source="K:" target="K9"/>
  <move id="393" source="F4" target="E4"/>
  <move id="394" source="E5" target="F5"/>
  <move id="395" source="E4" target="E5"/>
  <move id="396" source="F5" target="F4"/>
  <move id="397" source="I3" target="H3"/>
  <move id="398" source="E2" target="E3"/>
  <move id="399" source="E5" target="E4"/>
  <move id="400" source="E3" target="F3"/>
  <move id="401" source="E4" target="F4"/>
  <move id="402" source="F3" target="G3"/>
  <move id="403" source="H3" target="H4"/>
  <move id="404" source="K8" target="K7"/>
  <move id="405" source="H4" target="I4"/>
  <move id="406" source="I8" target="I9"/>
  <move id="407" source="I:" target="K:"/>
  <move id="408" source="K9" target="K8"/>
  <move id="409" source="F4" target="G4"/>
  <move id="410" source="G3" target="F3"/>
  <move id="411" source="G4" target="F4"/>
  <move id="412" source="F3" target="G3"/>
  <move id="413" source="I4" target="H4"/>
  <move id="414" source="K8" target="I8"/>
  <move id="415" source="F4" target="F3"/>
  <move id="416" source="G3" target="G4"/>
  <move id="417" source="F3" target="F4"/>
  <move id="418" source="G4" target="G3"/>
  <move id="419" source="F4" target="F5"/>
  <move id="420" source="K7" target="K8"/>
  <move id="421" source="H4" target="G4"/>
  <move id="422" source="G3" target="G4"/>
  <move id="423" source="F5" target="F6"/>
  <move id="424" source="K8" target="K9"/>
  <move id="425" source="F6" target="F7"/>
  <move id="426" source="K9" target="K:"/>
  <move id="427" source="F7" target="G7"/>
  <move id="428" source="I9" target="H9"/>
  <move id="429" source="G7" target="H7"/>
  <move id="430" source="H9" target="H8"/>
  <move id="431" source="H7" target="I7"/>
  <move id="432" source="I8" target="I9"/>
  <move id="433" source="I7" target="I6"/>
  <move id="434" source="G4" target="G3"/>
  <move id="435" source="I6" target="I5"/>
  <move id="436" source="H8" target="H7"/>
  <move id="437" source="I5" target="I4"/>
  <move id="438" source="B9" target="B8"/>
  <move id="439" source="I4" target="H4"/>
  <move id="440" source="B8" target="B7"/>
  <move id="441" source="H4" target="G4"/>
  <move id="442" source="G3" target="H3"/>
  <move id="443" source="G4" target="F4"/>
  <move id="444" source="K:" target="K9"/>
  <move id="445" source="F4" target="E4"/>
  <move id="446" source="H7" target="G7"/>
  <move id="447" source="E4" target="D4"/>
  <move id="448" source="G7" target="F7"/>
  <move id="449" source="D4" target="C4"/>
  <move id="450" source="F7" target="E7"/>
  <move id="451" source="C4" target="B4"/>
  <move id="452" source="B7" target="B8"/>
  <move id="453" source="B4" target="C4"/>
  <move id="454" source="E7" target="E6"/>
  <move id="455" source="C4" target="D4"/>
  <move id="456" source="K9" target="K8"/>
  <move id="457" source="D4" target="E4"/>
  <move id="458" source="I9" target="H9"/>
  <move id="459" source="E4" target="F4"/>
  <move id="460" source="E6" target="F6"/>
  <move id="461" source="F4" target="G4"/>
  <move id="462" source="B8" target="B7"/>
  <move id="463" source="G4" target="H4"/>
  <move id="464" source="H3" target="G3"/>
  <move id="465" source="H4" target="I4"/>
  <move id="466" source="H9" target="H8"/>
  <move id="467" source="I4" target="I5"/>
  <move id="468" source="H8" target="G8"/>
  <move id="469" source="I5" target="I6"/>
  <move id="470" source="G8" target="F8"/>
  <move id="471" source="I6" target="I7"/>
  <move id="472" source="F8" target="E8"/>
  <move id="473" source="I7" target="I6"/>
  <move id="474" source="E8" target="E7"/>
  <move id="475" source="I6" target="I7"/>
  <move id="476" source="E7" target="E6"/>
  <move id="477" source="I7" target="H7"/>
  <move id="478" source="E6" target="E5"/>
  <move id="479" source="H7" target="G7"/>
  <move id="480" source="B7" target="A7"/>
  <move id="481" source="G7" target="H7"/>
  <move id="482" source="E5" target="E4"/>
  <move id="483" source="H7" target="I7"/>
  <move id="484" source="E4" target="E3"/>
  <move id="485" source="I7" target="I6"/>
  <move id="486" source="E3" target="F3"/>
  <move id="487" source="I6" target="I5"/>
  <move id="488" source="F6" target="F5"/>
  <move id="489" source="I5" target="I6"/>
  <move id="490" source="F3" target="F2"/>
  <move id="491" source="I6" target="I7"/>
  <move id="492" source="F2" target="G2"/>
  <move id="493" source="I7" target="H7"/>
  <move id="494" source="F5" target="F6"/>
  <move id="495" source="H7" target="I7"/>
  <move id="496" source="F6" target="F7"/>
  <move id="497" source="I7" target="I6"/>
  <move id="498" source="F7" target="F6"/>
  <move id="499" source="I6" target="I5"/>
  <move id="500" source="F6" target="F5"/>
  <move id="501" source="I5" target="I4"/>
  <move id="502" source="F5" target="F4"/>
  <player id="1">Player 1</player>
  <player id="2">Player 2</player>
  <result type="4" winner="3"/>
 </game>
</stratego>