<?xml version="1.0" encoding="UTF-8"?>
<stratego>
 <game type="classic">
  
  <field content="FDDEDDGEDGBFBHIEIEHEFBBMLDCIDDBBFJHGJKGHAA__AA__AAAA__AA__AARSSTTPPPSPNQQUNPNRVXSWVOTURQPUNTQQYRNPNP"/>
  <move id="1" source="K4" target="K5"/>
  <move id="2" source="K7" target="K5"/>
  <move id="3" source="K5" target="K6"/>
  <move id="4" source="F7" target="F6"/>
  <move id="5" source="E4" target="E5"/>
  <move id="6" source="F6" target="E6"/>
  <move id="7" source="E5" target="E6"/>
  <move id="8" source="E7" target="F7"/>
  <move id="9" source="E3" target="E4"/>
  <move id="10" source="F7" target="F6"/>
  <move id="11" source="E6" target="F6"/>
  <move id="12" source="F8" target="F7"/>
  <move id="13" source="E4" target="E5"/>
  <move id="14" source="F7" target="E7"/>
  <move id="15" source="E5" target="F5"/>
  <move id="16" source="G7" target="F7"/>
  <move id="17" source="F5" target="F6"/>
  <move id="18" source="F7" target="F8"/>
  <move id="19" source="F4" target="F5"/>
  <move id="20" source="H7" target="G7"/>
  <move id="21" source="F5" target="E5"/>
  <move id="22" source="E7" target="E5"/>
  <move id="23" source="E5" target="E6"/>
  <move id="24" source="D7" target="E7"/>
  <move id="25" source="I4" target="I5"/>
  <move id="26" source="G7" target="F7"/>
  <move id="27" source="I5" target="I6"/>
  <move id="28" source="F7" target="F6"/>
  <move id="29" source="F6" target="F7"/>
  <move id="30" source="E7" target="E6"/>
  <move id="31" source="D4" target="E4"/>
  <move id="32" source="B7" target="B6"/>
  <move id="33" source="E4" target="E5"/>
  <move id="34" source="B6" target="B5"/>
  <move id="35" source="E5" target="E6"/>
  <move id="36" source="B5" target="B4"/>
  <move id="37" source="E6" target="F6"/>
  <move id="38" source="B8" target="B7"/>
  <move id="39" source="F3" target="E3"/>
  <move id="40" source="B7" target="B6"/>
  <move id="41" source="E3" target="E8"/>
  <move id="42" source="B6" target="B5"/>
  <move id="43" source="F7" target="F8"/>
  <move id="44" source="A7" target="A6"/>
  <move id="45" source="F8" target="F7"/>
  <move id="46" source="A6" target="A5"/>
  <move id="47" source="F7" target="E7"/>
  <move id="48" source="C7" target="B7"/>
  <move id="49" source="F6" target="E6"/>
  <move id="50" source="A5" target="A4"/>
  <move id="51" source="I6" target="I7"/>
  <move id="52" source="B7" target="A7"/>
  <move id="53" source="K6" target="K7"/>
  <move id="54" source="B9" target="B8"/>
  <move id="55" source="I3" target="I8"/>
  <move id="56" source="B8" target="B7"/>
  <move id="57" source="H4" target="I4"/>
  <move id="58" source="B7" target="B6"/>
  <move id="59" source="I4" target="I5"/>
  <move id="60" source="B5" target="A5"/>
  <move id="61" source="I5" target="I6"/>
  <move id="62" source="B6" target="B5"/>
  <move id="63" source="I6" target="I7"/>
  <move id="64" source="A5" target="A4"/>
  <move id="65" source="A3" target="A4"/>
  <move id="66" source="B5" target="A5"/>
  <move id="67" source="F2" target="F3"/>
  <move id="68" source="A5" target="A4"/>
  <move id="69" source="F3" target="F4"/>
  <move id="70" source="A4" target="A3"/>
  <move id="71" source="F4" target="F5"/>
  <move id="72" source="A3" target="B3"/>
  <move id="73" source="F5" target="F6"/>
  <move id="74" source="I8" target="I7"/>
  <move id="75" source="K7" target="K8"/>
  <move id="76" source="K8" target="K7"/>
  <move id="77" source="I7" target="I8"/>
  <move id="78" source="K7" target="I7"/>
  <move id="79" source="I8" target="H8"/>
  <move id="80" source="I7" target="H7"/>
  <move id="81" source="H8" target="I8"/>
  <move id="82" source="H7" target="I7"/>
  <move id="83" source="I8" target="K8"/>
  <move id="84" source="I7" target="I6"/>
  <move id="85" source="G4" target="H4"/>
  <move id="86" source="I6" target="I5"/>
  <move id="87" source="F6" target="F7"/>
  <move id="88" source="I5" target="K5"/>
  <move id="89" source="H4" target="I4"/>
  <move id="90" source="I9" target="I4"/>
  <move id="91" source="H3" target="I3"/>
  <move id="92" source="K5" target="K4"/>
  <move id="93" source="I4" target="I5"/>
  <move id="94" source="K4" target="I4"/>
  <move id="95" source="I5" target="I6"/>
  <move id="96" source="I4" target="I3"/>
  <move id="97" source="H2" target="H3"/>
  <move id="98" source="I3" target="I4"/>
  <move id="99" source="F7" target="F8"/>
  <move id="100" source="I4" target="I5"/>
  <move id="101" source="I6" target="I7"/>
  <move id="102" source="I5" target="I6"/>
  <move id="103" source="I7" target="H7"/>
  <move id="104" source="I6" target="I7"/>
  <move id="105" source="H7" target="G7"/>
  <move id="106" source="I7" target="H7"/>
  <move id="107" source="G7" target="F7"/>
  <move id="108" source="H7" target="G7"/>
  <move id="109" source="F7" target="F6"/>
  <move id="110" source="C8" target="B8"/>
  <move id="111" source="E7" target="F7"/>
  <move id="112" source="G7" target="H7"/>
  <move id="113" source="E6" target="E7"/>
  <move id="114" source="B8" target="B7"/>
  <move id="115" source="F8" target="E8"/>
  <move id="116" source="B7" target="B6"/>
  <move id="117" source="E8" target="E9"/>
  <move id="118" source="B6" target="B5"/>
  <move id="119" source="E7" target="D7"/>
  <move id="120" source="D8" target="C8"/>
  <move id="121" source="D7" target="C7"/>
  <move id="122" source="C8" target="B8"/>
  <move id="123" source="F6" target="E6"/>
  <move id="124" source="B5" target="B4"/>
  <move id="125" source="C4" target="B4"/>
  <move id="126" source="C9" target="C8"/>
  <move id="127" source="E6" target="E7"/>
  <move id="128" source="C8" target="C7"/>
  <move id="129" source="E7" target="E8"/>
  <move id="130" source="B8" target="B7"/>
  <move id="131" source="F7" target="E7"/>
  <move id="132" source="B7" target="B6"/>
  <move id="133" source="E7" target="E6"/>
  <move id="134" source="H7" target="G7"/>
  <move id="135" source="E8" target="E9"/>
  <move id="136" source="G7" target="F7"/>
  <move id="137" source="E9" target="E8"/>
  <move id="138" source="B6" target="B5"/>
  <move id="139" source="E6" target="E5"/>
  <move id="140" source="B5" target="A5"/>
  <move id="141" source="E8" target="D8"/>
  <move id="142" source="A5" target="A4"/>
  <move id="143" source="B4" target="B5"/>
  <move id="144" source="F7" target="E7"/>
  <move id="145" source="B5" target="B6"/>
  <move id="146" source="E7" target="D7"/>
  <move id="147" source="D8" target="E8"/>
  <move id="148" source="A4" target="B4"/>
  <move id="149" source="E5" target="E4"/>
  <move id="150" source="B4" target="B5"/>
  <move id="151" source="B6" target="B7"/>
  <move id="152" source="B5" target="B6"/>
  <move id="153" source="B7" target="B8"/>
  <move id="154" source="D7" target="D8"/>
  <move id="155" source="E8" target="E7"/>
  <move id="156" source="B6" target="B7"/>
  <move id="157" source="B8" target="B9"/>
  <move id="158" source="B:" target="B9"/>
  <move id="159" source="K8" target="I8"/>
  <move id="160" source="B7" target="B6"/>
  <move id="161" source="I8" target="H8"/>
  <move id="162" source="B6" target="B5"/>
  <move id="163" source="H8" target="H7"/>
  <move id="164" source="B5" target="B4"/>
  <move id="165" source="E7" target="E6"/>
  <move id="166" source="B4" target="A4"/>
  <move id="167" source="E6" target="E5"/>
  <move id="168" source="A4" target="A3"/>
  <move id="169" source="E4" target="F4"/>
  <move id="170" source="A3" target="A2"/>
  <move id="171" source="E5" target="E4"/>
  <player id="1">Player 1</player>
  <player id="2">Player 2</player>
  <result type="3" winner="1"/>
 </game>
</stratego>