<?xml version="1.0" encoding="UTF-8"?>
<stratego>
 <game type="classic">
  
  <field content="FDDDBFEHDMDHEGFBGEJHEDCDBFBJEKIGDGIBBLHIAA__AA__AAAA__AA__AAUTVWTSUPPRRPOQPPQSNTXPUPQNVQRSPQNSNYNTNR"/>
  <move id="1" source="A4" target="A5"/>
  <move id="2" source="A7" target="A6"/>
  <move id="3" source="E4" target="E5"/>
  <move id="4" source="A6" target="A5"/>
  <move id="5" source="E5" target="E6"/>
  <move id="6" source="B7" target="B6"/>
  <move id="7" source="B4" target="B5"/>
  <move id="8" source="B6" target="B5"/>
  <move id="9" source="K4" target="K5"/>
  <move id="10" source="A8" target="A7"/>
  <move id="11" source="K5" target="K6"/>
  <move id="12" source="A7" target="A6"/>
  <move id="13" source="C4" target="B4"/>
  <move id="14" source="B5" target="B6"/>
  <move id="15" source="B4" target="B5"/>
  <move id="16" source="B6" target="B7"/>
  <move id="17" source="B5" target="B6"/>
  <move id="18" source="A6" target="A5"/>
  <move id="19" source="B3" target="B4"/>
  <move id="20" source="B8" target="A8"/>
  <move id="21" source="B2" target="B3"/>
  <move id="22" source="A8" target="A7"/>
  <move id="23" source="B4" target="C4"/>
  <move id="24" source="A5" target="A4"/>
  <move id="25" source="B3" target="B4"/>
  <move id="26" source="A4" target="A3"/>
  <move id="27" source="B4" target="B5"/>
  <move id="28" source="A3" target="A2"/>
  <move id="29" source="B5" target="A5"/>
  <move id="30" source="A2" target="A1"/>
  <move id="31" source="A5" target="A6"/>
  <move id="32" source="E7" target="E6"/>
  <move id="33" source="A6" target="A7"/>
  <move id="34" source="E8" target="E7"/>
  <move id="35" source="E6" target="E5"/>
  <move id="36" source="E7" target="E6"/>
  <move id="37" source="D4" target="E4"/>
  <move id="38" source="A9" target="A8"/>
  <move id="39" source="I4" target="I5"/>
  <move id="40" source="B7" target="A7"/>
  <move id="41" source="B6" target="B7"/>
  <move id="42" source="B9" target="B7"/>
  <move id="43" source="B1" target="B8"/>
  <move id="44" source="A8" target="B8"/>
  <move id="45" source="K3" target="K4"/>
  <move id="46" source="B8" target="B7"/>
  <move id="47" source="K4" target="K5"/>
  <move id="48" source="B7" target="B6"/>
  <move id="49" source="I5" target="I6"/>
  <move id="50" source="B6" target="B5"/>
  <move id="51" source="K6" target="K7"/>
  <move id="52" source="B5" target="B4"/>
  <move id="53" source="K5" target="K6"/>
  <move id="54" source="A:" target="A3"/>
  <move id="55" source="E5" target="E6"/>
  <move id="56" source="A3" target="C3"/>
  <move id="57" source="C4" target="C3"/>
  <move id="58" source="C7" target="B7"/>
  <move id="59" source="K7" target="I7"/>
  <move id="60" source="B7" target="A7"/>
  <move id="61" source="K6" target="K7"/>
  <move id="62" source="A7" target="A6"/>
  <move id="63" source="I7" target="H7"/>
  <move id="64" source="G7" target="H7"/>
  <move id="65" source="I6" target="I7"/>
  <move id="66" source="A6" target="A5"/>
  <move id="67" source="I7" target="I8"/>
  <move id="68" source="C9" target="B9"/>
  <move id="69" source="K7" target="I7"/>
  <move id="70" source="A5" target="A4"/>
  <move id="71" source="I7" target="H7"/>
  <move id="72" source="A4" target="A3"/>
  <move id="73" source="I3" target="I4"/>
  <move id="74" source="A3" target="B3"/>
  <move id="75" source="E6" target="F6"/>
  <move id="76" source="D7" target="E7"/>
  <move id="77" source="H7" target="G7"/>
  <move id="78" source="B:" target="A:"/>
  <move id="79" source="I4" target="I5"/>
  <move id="80" source="A:" target="A9"/>
  <move id="81" source="I5" target="I6"/>
  <move id="82" source="F7" target="G7"/>
  <move id="83" source="F6" target="F7"/>
  <move id="84" source="E7" target="F7"/>
  <move id="85" source="G7" target="F7"/>
  <move id="86" source="A9" target="A8"/>
  <move id="87" source="I6" target="I7"/>
  <move id="88" source="A8" target="A7"/>
  <move id="89" source="I7" target="H7"/>
  <move id="90" source="A7" target="A6"/>
  <move id="91" source="H7" target="G7"/>
  <move id="92" source="A6" target="A5"/>
  <move id="93" source="G7" target="F7"/>
  <move id="94" source="A5" target="A4"/>
  <move id="95" source="F7" target="E7"/>
  <move id="96" source="B4" target="B5"/>
  <move id="97" source="E7" target="D7"/>
  <move id="98" source="B5" target="B6"/>
  <move id="99" source="D7" target="C7"/>
  <move id="100" source="C8" target="B8"/>
  <move id="101" source="C7" target="C8"/>
  <move id="102" source="B8" target="B7"/>
  <move id="103" source="E4" target="E5"/>
  <move id="104" source="B7" target="A7"/>
  <move id="105" source="E5" target="E6"/>
  <move id="106" source="B6" target="B7"/>
  <move id="107" source="E6" target="E7"/>
  <move id="108" source="D8" target="C8"/>
  <move id="109" source="E7" target="E8"/>
  <move id="110" source="B9" target="A9"/>
  <move id="111" source="E8" target="D8"/>
  <move id="112" source="D9" target="D8"/>
  <move id="113" source="D8" target="C8"/>
  <move id="114" source="D:" target="D9"/>
  <move id="115" source="C8" target="C9"/>
  <move id="116" source="D9" target="D8"/>
  <move id="117" source="C9" target="C:"/>
  <move id="118" source="A4" target="B4"/>
  <move id="119" source="D3" target="D4"/>
  <move id="120" source="B4" target="C4"/>
  <move id="121" source="D4" target="E4"/>
  <move id="122" source="C4" target="C3"/>
  <move id="123" source="H4" target="I4"/>
  <move id="124" source="C3" target="C2"/>
  <move id="125" source="I4" target="I5"/>
  <move id="126" source="A7" target="A8"/>
  <move id="127" source="I5" target="I6"/>
  <move id="128" source="A8" target="B8"/>
  <move id="129" source="I6" target="I7"/>
  <move id="130" source="B8" target="C8"/>
  <move id="131" source="K2" target="K3"/>
  <move id="132" source="B7" target="C7"/>
  <move id="133" source="K3" target="K4"/>
  <move id="134" source="C7" target="D7"/>
  <move id="135" source="E4" target="D4"/>
  <move id="136" source="F8" target="E8"/>
  <move id="137" source="K4" target="K5"/>
  <move id="138" source="E8" target="E3"/>
  <move id="139" source="K5" target="K6"/>
  <move id="140" source="D8" target="D9"/>
  <move id="141" source="K6" target="K7"/>
  <move id="142" source="D7" target="E7"/>
  <move id="143" source="K7" target="K8"/>
  <move id="144" source="D9" target="C9"/>
  <move id="145" source="I2" target="I3"/>
  <move id="146" source="C9" target="B9"/>
  <move id="147" source="I3" target="I4"/>
  <move id="148" source="B9" target="B8"/>
  <move id="149" source="I4" target="I5"/>
  <move id="150" source="B8" target="B7"/>
  <move id="151" source="I5" target="I6"/>
  <move id="152" source="E7" target="F7"/>
  <move id="153" source="I1" target="I5"/>
  <move id="154" source="F7" target="G7"/>
  <move id="155" source="I5" target="K5"/>
  <move id="156" source="G7" target="H7"/>
  <move id="157" source="K5" target="K9"/>
  <move id="158" source="H7" target="I7"/>
  <move id="159" source="I6" target="I7"/>
  <move id="160" source="G8" target="F8"/>
  <move id="161" source="I7" target="K7"/>
  <move id="162" source="G9" target="G8"/>
  <move id="163" source="K7" target="K8"/>
  <move id="164" source="G8" target="G7"/>
  <move id="165" source="K8" target="K9"/>
  <move id="166" source="G7" target="H7"/>
  <move id="167" source="K9" target="K8"/>
  <move id="168" source="H7" target="I7"/>
  <move id="169" source="K8" target="K7"/>
  <move id="170" source="I7" target="K7"/>
  <move id="171" source="D4" target="E4"/>
  <move id="172" source="B3" target="C3"/>
  <move id="173" source="E4" target="E5"/>
  <move id="174" source="C8" target="C7"/>
  <move id="175" source="H3" target="H4"/>
  <move id="176" source="C7" target="D7"/>
  <move id="177" source="H4" target="I4"/>
  <move id="178" source="D7" target="E7"/>
  <move id="179" source="I4" target="I5"/>
  <move id="180" source="E7" target="E6"/>
  <move id="181" source="E5" target="E4"/>
  <move id="182" source="E6" target="E5"/>
  <move id="183" source="E4" target="D4"/>
  <move id="184" source="E5" target="E4"/>
  <move id="185" source="D4" target="C4"/>
  <move id="186" source="C3" target="C4"/>
  <move id="187" source="I5" target="I6"/>
  <move id="188" source="C4" target="D4"/>
  <move id="189" source="I6" target="I7"/>
  <move id="190" source="F8" target="E8"/>
  <move id="191" source="I7" target="H7"/>
  <move id="192" source="E8" target="D8"/>
  <move id="193" source="H7" target="G7"/>
  <move id="194" source="D8" target="C8"/>
  <move id="195" source="G7" target="F7"/>
  <move id="196" source="H8" target="G8"/>
  <move id="197" source="F7" target="E7"/>
  <move id="198" source="G8" target="F8"/>
  <move id="199" source="H2" target="H3"/>
  <move id="200" source="B7" target="C7"/>
  <move id="201" source="H3" target="H4"/>
  <move id="202" source="C7" target="D7"/>
  <move id="203" source="E7" target="E8"/>
  <move id="204" source="F8" target="E8"/>
  <move id="205" source="E8" target="D8"/>
  <move id="206" source="D7" target="E7"/>
  <move id="207" source="D8" target="C8"/>
  <move id="208" source="E7" target="F7"/>
  <move id="209" source="C8" target="D8"/>
  <move id="210" source="F7" target="F6"/>
  <move id="211" source="D8" target="E8"/>
  <move id="212" source="E4" target="F4"/>
  <move id="213" source="E8" target="E7"/>
  <move id="214" source="D4" target="C4"/>
  <move id="215" source="C1" target="B1"/>
  <move id="216" source="C4" target="C3"/>
  <move id="217" source="H4" target="I4"/>
  <move id="218" source="A9" target="A8"/>
  <move id="219" source="I4" target="I5"/>
  <move id="220" source="A8" target="A7"/>
  <move id="221" source="I5" target="I6"/>
  <move id="222" source="A7" target="A6"/>
  <move id="223" source="I6" target="I7"/>
  <move id="224" source="A6" target="A5"/>
  <move id="225" source="I7" target="H7"/>
  <move id="226" source="H9" target="H8"/>
  <move id="227" source="H7" target="G7"/>
  <move id="228" source="H8" target="G8"/>
  <move id="229" source="G7" target="F7"/>
  <move id="230" source="G8" target="F8"/>
  <move id="231" source="H1" target="H2"/>
  <move id="232" source="F6" target="F5"/>
  <move id="233" source="F7" target="G7"/>
  <move id="234" source="A5" target="A4"/>
  <move id="235" source="E7" target="E8"/>
  <move id="236" source="F8" target="G8"/>
  <move id="237" source="G7" target="F7"/>
  <move id="238" source="F5" target="F6"/>
  <move id="239" source="F7" target="E7"/>
  <move id="240" source="A4" target="A3"/>
  <move id="241" source="E7" target="D7"/>
  <move id="242" source="A3" target="A2"/>
  <move id="243" source="B1" target="B9"/>
  <move id="244" source="C3" target="C4"/>
  <move id="245" source="B9" target="E9"/>
  <move id="246" source="E9" target="D9"/>
  <move id="247" source="E8" target="D8"/>
  <move id="248" source="D9" target="C9"/>
  <move id="249" source="D8" target="C8"/>
  <move id="250" source="C9" target="D9"/>
  <move id="251" source="C8" target="D8"/>
  <move id="252" source="D9" target="E9"/>
  <move id="253" source="D7" target="C7"/>
  <move id="254" source="C4" target="D4"/>
  <move id="255" source="C7" target="C8"/>
  <move id="256" source="D4" target="E4"/>
  <move id="257" source="C8" target="C9"/>
  <move id="258" source="E4" target="E5"/>
  <move id="259" source="C9" target="C:"/>
  <move id="260" source="E5" target="E6"/>
  <move id="261" source="D8" target="D9"/>
  <move id="262" source="E6" target="E7"/>
  <move id="263" source="D9" target="E9"/>
  <move id="264" source="E7" target="E8"/>
  <move id="265" source="C:" target="D:"/>
  <move id="266" source="E8" target="E9"/>
  <move id="267" source="D:" target="E:"/>
  <move id="268" source="F6" target="F5"/>
  <move id="269" source="E:" target="F:"/>
  <player id="1">Player 1</player>
  <player id="2">Player 2</player>
  <result type="1" winner="1"/>
 </game>
</stratego>