<?xml version="1.0" encoding="UTF-8"?>
<stratego>
 <game type="ultimate lightning">
  
  <field content="ABMEADAFDDHIBAAAAJDAAAAAAAGAAFAHALEGAKACAA__AA__AAAA__AA__AASAAAAARAAAUAPVAAPAASXARYAAOWATPTNQAAQNAP"/>
  <move id="1" source="I2" target="I3"/>
  <move id="2" source="K8" target="I8"/>
  <move id="3" source="G3" target="G4"/>
  <move id="4" source="G7" target="H7"/>
  <move id="5" source="B4" target="A4"/>
  <move id="6" source="H7" target="I7"/>
  <move id="7" source="I3" target="B3"/>
  <move id="8" source="I7" target="K7"/>
  <move id="9" source="K4" target="I4"/>
  <move id="10" source="I8" target="H8"/>
  <move id="11" source="B3" target="B:"/>
  <move id="12" source="B:" target="B8"/>
  <move id="13" source="A4" target="B4"/>
  <move id="14" source="B8" target="C7"/>
  <move id="15" source="F4" target="F5"/>
  <move id="16" source="C7" target="E7"/>
  <move id="17" source="F5" target="F4"/>
  <move id="18" source="H8" target="H7"/>
  <move id="19" source="A2" target="A3"/>
  <move id="20" source="H7" target="G7"/>
  <move id="21" source="E4" target="E5"/>
  <move id="22" source="E7" target="E5"/>
  <move id="23" source="D4" target="E4"/>
  <move id="24" source="E5" target="E7"/>
  <move id="25" source="B4" target="B5"/>
  <move id="26" source="E7" target="E8"/>
  <move id="27" source="B5" target="B6"/>
  <move id="28" source="G8" target="F8"/>
  <move id="29" source="B2" target="B3"/>
  <move id="30" source="E8" target="E7"/>
  <move id="31" source="A3" target="A4"/>
  <move id="32" source="F8" target="E8"/>
  <move id="33" source="I4" target="I3"/>
  <move id="34" source="E7" target="F8"/>
  <move id="35" source="A4" target="A5"/>
  <move id="36" source="E8" target="E7"/>
  <move id="37" source="A5" target="A6"/>
  <move id="38" source="A7" target="A6"/>
  <move id="39" source="F1" target="F2"/>
  <move id="40" source="E7" target="C7"/>
  <move id="41" source="B6" target="B4"/>
  <move id="42" source="A8" target="A7"/>
  <move id="43" source="A6" target="A7"/>
  <move id="44" source="A7" target="A6"/>
  <move id="45" source="B4" target="C4"/>
  <move id="46" source="C7" target="B7"/>
  <move id="47" source="F4" target="F5"/>
  <move id="48" source="B7" target="B3"/>
  <move id="49" source="B3" target="B4"/>
  <move id="50" source="D8" target="E8"/>
  <move id="51" source="B4" target="B5"/>
  <move id="52" source="E8" target="E7"/>
  <move id="53" source="B5" target="B6"/>
  <move id="54" source="A6" target="B6"/>
  <move id="55" source="E4" target="D4"/>
  <move id="56" source="B6" target="B5"/>
  <move id="57" source="C4" target="C3"/>
  <move id="58" source="B5" target="B4"/>
  <move id="59" source="D4" target="C4"/>
  <move id="60" source="B4" target="B3"/>
  <move id="61" source="I3" target="H3"/>
  <move id="62" source="B3" target="C3"/>
  <move id="63" source="C4" target="C3"/>
  <move id="64" source="C8" target="B8"/>
  <move id="65" source="H3" target="G3"/>
  <move id="66" source="B8" target="B7"/>
  <move id="67" source="G3" target="F3"/>
  <move id="68" source="B7" target="B6"/>
  <move id="69" source="F3" target="E3"/>
  <move id="70" source="B6" target="B5"/>
  <move id="71" source="E3" target="D3"/>
  <move id="72" source="B5" target="B4"/>
  <move id="73" source="D3" target="D4"/>
  <move id="74" source="A9" target="A8"/>
  <move id="75" source="D4" target="C4"/>
  <move id="76" source="B4" target="A4"/>
  <move id="77" source="C3" target="B3"/>
  <move id="78" source="A4" target="C4"/>
  <move id="79" source="I1" target="I:"/>
  <move id="80" source="K:" target="I:"/>
  <move id="81" source="K1" target="I1"/>
  <move id="82" source="I:" target="K:"/>
  <move id="83" source="K3" target="K4"/>
  <move id="84" source="H9" target="H8"/>
  <move id="85" source="H4" target="I4"/>
  <move id="86" source="H8" target="H7"/>
  <move id="87" source="K4" target="K5"/>
  <move id="88" source="H7" target="I7"/>
  <move id="89" source="I4" target="K4"/>
  <move id="90" source="I7" target="I6"/>
  <move id="91" source="I1" target="I6"/>
  <move id="92" source="E7" target="E6"/>
  <move id="93" source="G4" target="F4"/>
  <move id="94" source="E6" target="E5"/>
  <move id="95" source="F5" target="F6"/>
  <move id="96" source="F8" target="F6"/>
  <move id="97" source="K4" target="I4"/>
  <move id="98" source="I6" target="K6"/>
  <move id="99" source="I4" target="I5"/>
  <move id="100" source="K7" target="I7"/>
  <move id="101" source="K5" target="K4"/>
  <move id="102" source="C4" target="D4"/>
  <move id="103" source="F2" target="F3"/>
  <move id="104" source="D4" target="D1"/>
  <move id="105" source="F3" target="C3"/>
  <move id="106" source="F6" target="E7"/>
  <move id="107" source="C3" target="C4"/>
  <move id="108" source="E7" target="C7"/>
  <move id="109" source="C4" target="B4"/>
  <move id="110" source="C7" target="B7"/>
  <move id="111" source="H2" target="H3"/>
  <move id="112" source="A8" target="A7"/>
  <move id="113" source="H3" target="G3"/>
  <move id="114" source="A7" target="A6"/>
  <move id="115" source="G3" target="F3"/>
  <move id="116" source="A6" target="A5"/>
  <move id="117" source="F4" target="G4"/>
  <move id="118" source="E5" target="E4"/>
  <move id="119" source="F3" target="F4"/>
  <move id="120" source="E4" target="E3"/>
  <move id="121" source="B3" target="C3"/>
  <move id="122" source="E3" target="E2"/>
  <move id="123" source="C3" target="D3"/>
  <move id="124" source="A5" target="A4"/>
  <move id="125" source="D3" target="D2"/>
  <move id="126" source="E2" target="E1"/>
  <move id="127" source="F4" target="F5"/>
  <move id="128" source="A4" target="B4"/>
  <move id="129" source="F5" target="F6"/>
  <move id="130" source="B4" target="B3"/>
  <move id="131" source="F6" target="F7"/>
  <move id="132" source="A:" target="A1"/>
  <move id="133" source="F7" target="G7"/>
  <move id="134" source="A1" target="B1"/>
  <move id="135" source="G7" target="G8"/>
  <move id="136" source="B1" target="C1"/>
  <player id="1">Player 1</player>
  <player id="2">Player 2</player>
  <result type="1" winner="2"/>
 </game>
</stratego>